name,total_ft,total_miles,longest_connected_sum_miles,components,graph_diameter_miles,source_features,split_class_ft
SOUTH SALINA STREET,24589.845441575828,4.657167697268149,4.657167697268148,1,4.65716769726815,94,0.0
ERIE BOULEVARD EAST,31297.709629361867,5.927596520712474,5.927596520712477,1,4.20605717286813,77,24861.234682344566
EAST GENESEE STREET,22106.530731786985,4.186842941626323,4.104615739108761,3,3.902616936902491,74,2098.219475853137
BURNET AVENUE,17154.99257478636,3.2490516240125684,3.249051624012569,1,3.249051624012568,44,0.0
MEADOWBROOK DRIVE,19581.868419544837,3.7086872006713705,3.4772877645869316,3,3.1960337597931705,53,16319.938298540263
JAMES STREET,16766.241120311097,3.1754244546043746,3.1754244546043755,1,3.17533433851777,64,0.0
MIDLAND AVENUE,14750.534638950272,2.793661863437552,2.793661863437551,1,2.793661863437552,46,0.0
ERIE BOULEVARD WEST,13877.294445198346,2.6282754631057474,2.6282754631057474,1,2.628275463105748,25,0.0
VALLEY DRIVE,13357.18406325103,2.5297697089490585,2.5297697089490594,1,2.529769708949059,39,0.0
GRANT BOULEVARD,14049.404827993254,2.660872126513874,2.660872126513873,1,2.5295410412489603,57,421.62720823187703
EAST FAYETTE STREET,12981.301727622302,2.458579872655739,2.4585798726557395,1,2.4585798726557395,36,0.0
LODI STREET,12444.743605194692,2.356959016135358,2.3569590161353577,1,2.3569590161353586,37,0.0
WEST GENESEE STREET,12177.66220116608,2.3063754168875152,2.3063754168875152,1,2.3063754168875152,36,0.0
SOUTH AVENUE,11839.773760226588,2.2423813939823085,2.2423813939823085,1,2.242381393982309,45,0.0
COMSTOCK AVENUE,11432.617129697144,2.1652683957759744,2.165268395775975,1,2.165268395775975,23,0.0
SOUTH STATE STREET,11371.567275750698,2.153705923437632,2.1537059234376326,1,2.1537059234376326,37,0.0
BELLEVUE AVENUE,11059.168543955635,2.0945394969612945,2.0945394969612945,1,2.094539496961295,41,0.0
EUCLID AVENUE,11253.24816836888,2.1312970015850152,2.1312970015850152,1,2.0727808550216067,33,0.0
WEST ONONDAGA STREET,10886.490744183451,2.061835368216563,2.0618353682165624,1,2.0618353682165615,32,0.0
SOUTH GEDDES STREET,10637.502181229731,2.014678443414722,2.014678443414722,1,2.014678443414722,34,0.0
GLENWOOD AVENUE,10363.880854621599,1.9628562224662118,1.9628562224662118,1,1.9628562224662123,27,0.0
EAST COLVIN STREET,10422.478727782376,1.9739543045042378,1.9739543045042376,1,1.8215869256346404,34,0.0
BUTTERNUT STREET,9637.019115755242,1.8251930143475839,1.8251930143475836,1,1.7986733588982537,43,140.0237807724612
NORTH SALINA STREET,9248.001014078454,1.751515343575465,1.7054088327430437,1,1.7054088327430437,30,486.0569288552346
COURT STREET,9083.144476270258,1.7202925144451244,1.7202925144451244,1,1.6706353791950563,37,0.0
TEALL AVENUE,8942.876507822602,1.6937266113300384,1.6937266113300382,1,1.640391547896312,40,0.0
SALT SPRINGS ROAD,8472.033208775092,1.6045517440861918,1.6045517440861918,1,1.6045517440861925,31,0.0
PARK STREET,12909.351855701012,2.4449530029736763,1.5645173374343833,2,1.5645173374343833,41,31.228266037813025
WESTCOTT STREET,8206.191310053608,1.554202899631365,1.5542028996313648,1,1.5542028996313648,20,0.0
WEST FAYETTE STREET,10676.83945898845,2.0221286854144793,1.496660552100696,2,1.4779497281238767,30,0.0
OAK STREET,7578.662268157189,1.435352702302498,1.435352702302498,1,1.435352702302498,22,0.0
JAMESVILLE AVENUE,7473.89375438029,1.4155101807538428,1.415510180753843,1,1.4155101807538428,20,0.0
WESTMORELAND AVENUE,11073.991302160586,2.0973468375304143,1.4089834318426888,2,1.4089834318426888,22,0.0
HIAWATHA BOULEVARD WEST,9075.982019035313,1.718935988453658,1.7189359884536581,1,1.407923473989373,42,3283.63876144244
WILLIS AVENUE,8224.059337119872,1.5575869956666424,1.5575869956666428,1,1.378313525951841,22,1891.2009028988925
LEMOYNE AVENUE,7365.370250684534,1.3949564868720707,1.2521162821655003,2,1.2521162821655003,21,0.0
CARBON STREET,6604.288156584559,1.2508121508682877,1.2508121508682877,1,1.2508121508682877,18,0.0
VAN RENSSELAER STREET,6586.693081836831,1.2474797503478847,1.2474797503478847,1,1.2474797503478847,19,0.0
EAST WATER STREET,6564.209145155519,1.2432214290067272,1.2432214290067272,1,1.243221429006727,19,0.0
MILTON AVENUE,6934.95493210314,1.313438434110443,1.2380590415570845,2,1.2380590415570845,17,0.0
NORTHCLIFFE ROAD,6865.019536003677,1.3001930939400903,1.3001930939400905,1,1.2268339039759881,24,0.0
WEST SENECA TURNPIKE,6445.372437383686,1.2207144767772133,1.2207144767772133,1,1.2207144767772133,17,0.0
NORTH STATE STREET,6659.143046488398,1.2612013345621966,1.2612013345621964,1,1.2019618474820128,34,620.8784694205127
WADSWORTH STREET,6316.701123117718,1.196344909681386,1.1963449096813858,1,1.196344909681386,23,0.0
SEDGWICK DRIVE,6946.128401414757,1.3155546214800677,1.315554621480068,1,1.1857090401283203,27,6076.881112311541
HARRISON STREET,6710.205948952,1.2708723388166665,1.2708723388166665,1,1.1834313994362535,22,919.2811762513378
CALEB AVENUE,7076.02460236549,1.3401561746904338,1.164301033748243,2,1.164301033748243,24,0.0
EAST ADAMS STREET,6092.570440518209,1.1538959167648122,1.1538959167648122,1,1.1538959167648122,24,0.0
FIRST NORTH STREET,6744.067326565978,1.2772854785162837,1.2772854785162837,1,1.1526872040855025,19,1310.8318762858823
AVERY AVENUE,5904.526710203395,1.1182815739021583,1.118281573902158,1,1.1182815739021583,16,0.0
STOLP AVENUE,6045.237864384096,1.144931413709109,1.1449314137091087,1,1.0723224952342385,16,768.8256813557374
SOUTH MIDLER AVENUE,5624.334888189403,1.0652149409449627,1.0652149409449627,1,1.0652149409449625,20,0.0
WOLF STREET,5442.727375303985,1.0308195786560579,1.0308195786560579,1,1.0308195786560579,13,0.0
FELLOWS AVENUE,5408.650586011883,1.0243656412901294,1.0243656412901294,1,1.0243656412901294,10,0.0
EAST SENECA TURNPIKE,5406.468251500166,1.02395232035988,1.02395232035988,1,1.023860550791491,16,0.0
TURTLE STREET,5398.334767773631,1.022411887835915,1.022411887835915,1,1.022411887835915,14,0.0
CRAWFORD AVENUE,5358.520613973959,1.014871328404159,1.014871328404159,1,1.014871328404159,11,0.0
ALMOND STREET,6794.4288540626885,1.286823646602782,1.2868236466027823,1,1.0090886168444235,29,4278.101290689677
KIRKPATRICK STREET,5558.275599407462,1.052703712008989,1.0040212072837333,2,1.0040212072837333,14,0.0
SUNNYCREST ROAD,5207.343963231028,0.9862393869755735,0.9862393869755735,1,0.9862393869755738,22,0.0
GRAND AVENUE,5409.16343961285,1.024462772653949,1.024462772653949,1,0.9854897419134131,14,601.3834486538323
SOLAR STREET,5199.52346578724,0.9847582321566742,0.9847582321566742,1,0.9847582321566741,10,0.0
SEYMOUR STREET,5168.819265368967,0.9789430426835165,0.9789430426835165,1,0.9789430426835165,11,0.0
NORTH TOWNSEND STREET,5160.579944086289,0.9773825651678578,0.9773825651678577,1,0.9773825651678577,19,0.0
EAST BRIGHTON AVENUE,7222.316931564939,1.3678630552206323,0.9750138307763132,3,0.9750138307763132,21,357.6893986825448
WEST BRIGHTON AVENUE,5137.69894996339,0.9730490435536724,0.9730490435536724,1,0.9730490435536724,13,0.0
HIAWATHA BOULEVARD EAST,5597.516938251812,1.0601357837598127,1.0601357837598127,1,0.9675226834437342,16,977.7143535092665
THOMPSON ROAD,5104.063330557496,0.9666786610904348,0.966678661090435,1,0.9663461988333188,24,5046.567641472672
FOREST HILL DRIVE,5087.838619017737,0.9636057990563895,0.9636057990563894,1,0.9534472623827265,17,5034.201545380796
LAFAYETTE ROAD,5027.975792588887,0.9522681425357741,0.9522681425357741,1,0.9522681425357741,9,0.0
HARBORSIDE DRIVE,4982.015480100233,0.9435635378977714,0.9435635378977714,1,0.9435635378977716,19,0.0
NORTH GEDDES STREET,4967.233974987504,0.9407640104142999,0.9407640104142999,1,0.9407640104143001,17,0.0
GENANT DRIVE,4943.0764861378475,0.9361887284351983,0.9361887284351983,1,0.9361887284351983,11,0.0
WEST NEWELL STREET,4941.67356410127,0.9359230235040286,0.9359230235040286,1,0.9359230235040286,16,0.0
PARK AVENUE,8028.102581368817,1.520473973744094,0.9294771822476263,3,0.9294771822476263,17,4636.016081476276
SOUTH CLINTON STREET,4978.872407303387,0.942968258958975,0.9267813218538551,2,0.9267813218538551,16,0.0
GIFFORD STREET,4828.626969974156,0.9145126837072265,0.9145126837072264,1,0.9145126837072264,15,0.0
SOUTH BEECH STREET,4742.158475841669,0.8981360749700131,0.8981360749700131,1,0.8981360749700131,16,0.0
IRVING AVENUE,4601.596843803999,0.8715145537507574,0.8715145537507571,1,0.8715145537507573,13,0.0
BUCKINGHAM AVENUE,4741.269925180038,0.8979677888598557,0.8979677888598557,1,0.8579641754140436,10,0.0
DEWITT STREET,4485.867935787003,0.8495961999596597,0.8495961999596595,1,0.8495961999596597,11,0.0
ONONDAGA AVENUE,4637.490644177236,0.8783126220032644,0.8783126220032644,1,0.8465186214608065,16,0.0
OSTROM AVENUE,4408.025569518033,0.8348533275602337,0.8348533275602334,1,0.8348533275602337,10,0.0
MADISON STREET,6084.083650055271,1.1522885700862255,0.8330635179156166,3,0.8330635179156166,11,0.0
WEST STREET ARTERIAL NORTHBOUND,4370.22633794198,0.8276943821859811,0.8276943821859811,1,0.8276943821859811,17,4370.22633794198
HIGHLAND STREET,5299.953119696902,1.0037789999425952,0.8276798430899706,2,0.8276798430899709,16,0.0
SPRING STREET,6430.52558049917,1.217902572064237,0.8269264264299998,2,0.8269264264299998,14,0.0
KIRK PARK DRIVE,4361.282874587324,0.8260005444294174,0.8260005444294175,1,0.8260005444294175,7,0.0
BROAD STREET,4341.611577966769,0.8222749200694638,0.8222749200694638,1,0.8222749200694638,17,0.0
CANAL STREET,7690.267449232348,1.4564900472030962,0.8203554832218963,2,0.8203554832218967,8,0.0
WEST BEAR STREET,4321.460499133504,0.8184584278661939,0.8184584278661939,1,0.8184584278661939,13,0.0
HICKOK AVENUE,4306.6004390693315,0.8156440225510098,0.8156440225510098,1,0.8156440225510098,6,0.0
SPENCER STREET,7249.884895939334,1.3730842605945708,0.832207298078007,2,0.8133746023104557,19,210.339356405713
WEST BELDEN AVENUE,4268.664167819398,0.8084591226930679,0.8084591226930679,1,0.8084591226930679,7,0.0
BRADFORD PARKWAY,5049.937704313781,0.9564275955139737,0.9564275955139737,1,0.8070810167830873,12,1560.258187301219
STAFFORD AVENUE,4239.080077411769,0.8028560752673805,0.8028560752673805,1,0.8028560752673805,5,0.0
SOUTH TOWNSEND STREET,7448.307057497418,1.410664215435117,1.4106642154351168,1,0.8007419140964346,24,6437.292653251918
BROOKFORD ROAD,4597.36538366281,0.8707131408452291,0.8707131408452291,1,0.7952196178532535,9,736.7707902318555
NORTH CLINTON STREET,5420.969600550649,1.0266987879830776,0.7912872824498801,2,0.7912872824498802,15,0.0
WINKWORTH PARKWAY,4814.008002604934,0.9117439398872981,0.9117439398872981,1,0.7883216599186776,9,1283.3156713833353
SCOTT AVENUE,4148.078188100352,0.7856208689584,0.7856208689584001,1,0.7856208689584001,9,0.0
ALLEN STREET,4126.298269991452,0.781495884468078,0.781495884468078,1,0.781495884468078,8,0.0
POND STREET,4114.117765835129,0.7791889708021077,0.7791889708021077,1,0.7791889708021079,19,0.0
WOODBINE AVENUE,4101.180980187973,0.7767388220052979,0.7767388220052979,1,0.7767388220052979,5,0.0
EAST WILLOW STREET,4041.523829346338,0.7654401191943823,0.7654401191943823,1,0.7654401191943824,15,0.0
HILLSDALE AVENUE,4032.087912167445,0.7636530136680767,0.7636530136680767,1,0.7636530136680767,5,0.0
DANFORTH STREET,4014.575407896276,0.7603362514955069,0.760336251495507,1,0.760336251495507,11,0.0
STINARD AVENUE,4358.447382032938,0.82546351932442,0.7585066336599279,2,0.7585066336599279,9,0.0
TALLMAN STREET,3980.8335421411816,0.753945746617648,0.753945746617648,1,0.753945746617648,19,0.0
ROBINEAU ROAD,3974.534357454173,0.7527527192148055,0.7527527192148055,1,0.7527527192148055,7,0.0
VELASKO ROAD,3962.9126899772527,0.7505516458290252,0.7505516458290252,1,0.7505516458290252,15,0.0
SOUTH COLLINGWOOD AVENUE,3950.830169824123,0.7482632897394172,0.7482632897394172,1,0.7482632897394172,5,0.0
NICHOLS AVENUE,3928.558610220377,0.7440451913296169,0.7440451913296169,1,0.7440451913296169,8,0.0
GLENCOVE ROAD,5371.869076520492,1.0173994463106992,0.7670134115937887,2,0.7439901478823059,18,0.0
SALISBURY ROAD,3895.1105717149053,0.7377103355520653,0.7377103355520652,1,0.7377103355520656,14,0.0
SHONNARD STREET,4171.374857363575,0.7900331169249195,0.7357294833694249,2,0.735729483369425,6,0.0
WEST COLVIN STREET,6610.431663115501,1.2519756937718751,0.734911460786598,3,0.7349114607865977,24,0.0
BEAR STREET,3878.9831166831136,0.7346558933111957,0.7346558933111957,1,0.7346558933111957,12,0.0
BALLANTYNE ROAD,3875.7165407455227,0.734037223626046,0.7340372236260461,1,0.7340372236260461,17,0.0
SOUTH EDWARDS AVENUE,3873.8388305030107,0.7336815966861763,0.7336815966861763,1,0.7336815966861763,5,0.0
UNIVERSITY AVENUE,3864.773688687506,0.731964713766573,0.731964713766573,1,0.731964713766573,12,0.0
WALNUT AVENUE,3852.3461976355034,0.7296110222794514,0.7296110222794514,1,0.7296110222794514,12,0.0
DARLINGTON ROAD,3819.1666682902073,0.723327020509509,0.7233270205095091,1,0.7233270205095091,10,0.0
ONONDAGA CREEK BOULEVARD,3796.358868165408,0.7190073613949636,0.7190073613949636,1,0.7190073613949636,10,0.0
RUGBY ROAD,4751.0754067126,0.8998248876349622,0.7183432997155428,4,0.7183432997155429,15,0.0
DEMONG DRIVE,4301.8547665181595,0.8147452209314696,0.8147452209314695,1,0.7080755645795815,13,1018.2011649417964
ROBERTS AVENUE,3713.8919487224125,0.7033886266519721,0.7033886266519721,1,0.7033886266519721,7,0.0
SOUTH CROUSE AVENUE,3711.1960285469,0.7028780357096401,0.7028780357096401,1,0.7028780357096401,10,0.0
EMERSON AVENUE,7020.6944847875175,1.3296769857552118,0.7675717688999725,5,0.7003147005109206,15,0.0
CATHERINE STREET,3654.0956610315347,0.6920635721650634,0.6920635721650634,1,0.6920635721650634,14,0.0
HAWLEY AVENUE,7318.329758550497,1.386047302755776,0.6843917598363205,3,0.6843917598363205,18,0.0
DURSTON AVENUE,3603.3830637067754,0.6824589135808287,0.6824589135808287,1,0.6824589135808287,7,0.0
THURBER STREET,3578.0370240728266,0.6776585272865202,0.6776585272865202,1,0.6776585272865202,9,0.0
SOUTH WILBUR AVENUE,3576.2153014325295,0.6773135040591912,0.6773135040591912,1,0.6773135040591913,12,0.0
EAST WASHINGTON STREET,6246.419944502167,1.1830340803981378,0.6762321786420723,3,0.6762321786420726,20,0.0
HANCOCK DRIVE,3706.185665011323,0.7019291032218415,0.7019291032218415,1,0.6741590254851277,9,0.0
CORTLAND AVENUE,3558.459334479351,0.6739506315301801,0.6739506315301803,1,0.6739506315301803,12,0.0
MOUNTAINVIEW AVENUE,4033.8203477944326,0.7639811264762183,0.6722834282633929,2,0.672283428263393,10,0.0
MOSLEY DRIVE,3542.2141799277915,0.6708738977135968,0.6708738977135971,1,0.6708738977135968,6,0.0
SKYTOP ROAD,4193.379149088694,0.7942005964183133,0.7942005964183135,1,0.6635656142207295,13,1367.6734531134161
HILLSBORO PARKWAY,6031.079858152172,1.142249973134881,1.142249973134881,1,0.6635614891441243,14,5029.31009585853
COLERIDGE AVENUE,3480.8252011462914,0.6592471971867977,0.6592471971867975,1,0.6592471971867977,5,0.0
WEST KENNEDY STREET,3478.388538369155,0.6587857080244612,0.6587857080244612,1,0.6587857080244612,8,0.0
PLYMOUTH DRIVE,3461.115681836413,0.6555143336811389,0.6555143336811389,1,0.6555143336811389,10,0.0
CUMBERLAND AVENUE,5608.1706821876205,1.06215353829311,0.6532641214884131,3,0.6532641214884131,9,0.0
WHITTIER AVENUE,3661.2137546697145,0.6934116959601733,0.6934116959601733,1,0.6498555919288479,11,0.0
WEST OSTRANDER AVENUE,3422.939693357687,0.6482840328328953,0.6482840328328953,1,0.6482840328328953,5,0.0
SOUTH WARREN STREET,3418.2056510172515,0.6473874339047825,0.6473874339047827,1,0.6473874339047827,11,0.0
TOMPKINS STREET,3406.0511992398815,0.6450854544014927,0.6450854544014927,1,0.6450854544014927,11,0.0
KIMBER ROAD,3404.0895167562735,0.6447139236280821,0.6447139236280821,1,0.6447139236280821,8,0.0
OTISCO STREET,3397.4619630942057,0.6434587051314784,0.6434587051314783,1,0.6434587051314783,12,0.0
ULSTER STREET,3383.0747999729833,0.6407338636312468,0.6407338636312468,1,0.6407338636312468,10,0.0
SECOND NORTH STREET,3355.1151499510006,0.6354384753695077,0.6354384753695077,1,0.6354384753695077,7,0.0
HELEN STREET,3339.9017698804487,0.6325571533864486,0.6325571533864485,1,0.6325571533864486,7,0.0
SCHUYLER STREET,3291.3701367807066,0.6233655562084671,0.6233655562084671,1,0.6233655562084671,7,0.0
MARCELLUS STREET,3265.837869102164,0.6185298994511674,0.6185298994511674,1,0.6185298994511674,9,0.0
RICH STREET,3254.2342015362865,0.6163322351394482,0.6163322351394482,1,0.6163322351394482,9,0.0
BRYANT AVENUE,3240.8784632107872,0.6138027392444673,0.6138027392444672,1,0.6138027392444672,5,0.0
DELAWARE STREET,3235.1933986598788,0.6127260224734619,0.6127260224734619,1,0.6127260224734619,10,0.0
HAMILTON STREET,3232.628086134332,0.612240167828472,0.6122401678284721,1,0.6122401678284721,6,0.0
EAST DIVISION STREET,3530.1237682063556,0.6685840470087795,0.6086911028247266,2,0.6086911028247266,11,0.0
SOUTH AVERY AVENUE,3207.5291374078893,0.6074865790545245,0.6074865790545245,1,0.6074865790545245,8,0.0
WILKINSON STREET,3173.7890911708982,0.6010964187823671,0.6010964187823671,1,0.6010964187823672,6,0.0
ACKERMAN AVENUE,3157.5263129297564,0.5980163471457872,0.5980163471457872,1,0.5980163471457872,5,0.0
KIRK AVENUE,3138.249603045576,0.5943654551222681,0.5943654551222681,1,0.5943654551222681,5,0.0
WEST LAFAYETTE AVENUE,4604.085144518925,0.8719858228255538,0.5900647950224924,2,0.5900647950224924,6,0.0
MARTIN LUTHER KING WEST,3108.6962722360254,0.5887682333780351,0.5887682333780351,1,0.5887682333780351,7,0.0
RICHMOND AVENUE,3059.0749839870414,0.5793702621187579,0.5793702621187579,1,0.5793702621187578,9,0.0
SCOTTHOLM BOULEVARD,3936.479128849336,0.7455452895547986,0.7455452895547984,1,0.5788683881159083,11,3698.486173291173
MYRTLE STREET,3754.593419289946,0.7110972385018837,0.5781333410817269,2,0.5781333410817269,9,0.0
DORWIN AVENUE,3050.5602454706045,0.5777576222482205,0.5777576222482205,1,0.5777576222482205,6,0.0
FAYETTE BOULEVARD,3767.5565412820465,0.7135523752428119,0.7135523752428117,1,0.5777523341598505,10,1468.5920660788058
OAKWOOD AVENUE,3434.763891174122,0.6505234642375232,0.5770376800691909,2,0.5770376800691909,12,0.0
LANCASTER AVENUE,6013.846958797169,1.1389861664388576,0.5757098034011949,2,0.575709803401195,14,0.0
TYSON PLACE,3015.563260863329,0.5711294054665396,0.5711294054665396,1,0.5711294054665396,10,0.0
WENDELL TERRACE,2996.1500238483136,0.5674526560318776,0.5674526560318776,1,0.5674526560318778,6,0.0
LAMBRETH LANE,3355.589147844633,0.6355282476978471,0.6355282476978471,1,0.566621310593985,7,0.0
ELM STREET,2987.194037014984,0.5657564464043531,0.5657564464043531,1,0.5657564464043531,3,0.0
DESTINY USA DRIVE,2901.87300138365,0.5495971593529639,0.5495971593529639,1,0.5495971593529638,16,0.0
NORTH MCBRIDE STREET,5171.63432566886,0.9794761980433447,0.5490274844632353,3,0.5490274844632353,17,0.0
LOCKWOOD ROAD,2882.23604916528,0.5458780396146363,0.5458780396146363,1,0.5458780396146363,4,0.0
WEST KIRKPATRICK STREET,2978.1416928586314,0.5640419872838317,0.5442415198825901,2,0.5442415198825902,9,0.0
MELROSE AVENUE,2931.459834696242,0.5552007262682277,0.5552007262682278,1,0.5432626491171254,12,1823.7505297609391
MERRIMAN AVENUE,2850.0019594545734,0.539773098381548,0.539773098381548,1,0.5397730983815481,5,0.0
NORTH LOWELL AVENUE,2845.88321322079,0.5389930328069678,0.5389930328069678,1,0.5389930328069678,7,0.0
BEATTIE STREET,2810.5274480017883,0.5322968651518538,0.5322968651518538,1,0.5322968651518538,8,0.0
WOLCOTT AVENUE,2788.9429278705825,0.528208887854277,0.528208887854277,1,0.528208887854277,7,0.0
ROWLAND STREET,2780.3316191111358,0.5265779581649879,0.5265779581649879,1,0.5265779581649879,8,0.0
LEXINGTON AVENUE,2777.722882413213,0.5260838792449267,0.5260838792449267,1,0.5260838792449267,7,0.0
BURT STREET,2770.5611948507117,0.524727499024756,0.524727499024756,1,0.524727499024756,12,0.0
GREEN STREET,2756.956252107775,0.5221508053234423,0.5221508053234423,1,0.5221508053234423,8,0.0
GENESEE PARK DRIVE,3310.1835180166354,0.6269286965940598,0.6269286965940598,1,0.5184801511844341,8,0.0
CANNON STREET,4014.2308004575293,0.7602709849351381,0.5162984309069216,2,0.5162984309069216,12,0.0
REED AVENUE,2705.152950892928,0.5123395740327515,0.5123395740327515,1,0.5123395740327515,3,0.0
NORTH MIDLER AVENUE,2669.688247139667,0.5056227740794824,0.5056227740794825,1,0.5056227740794825,3,0.0
JOHN STREET,3014.233381893208,0.5708775344494712,0.50553623967095,2,0.50553623967095,7,0.0
NORTH EDWARDS AVENUE,2666.6916997926314,0.5050552461728469,0.5050552461728469,1,0.5050552461728469,3,0.0
NORTH COLLINGWOOD AVENUE,2665.0454823075975,0.5047434625582571,0.5047434625582571,1,0.5047434625582571,3,0.0
ASHDALE AVENUE,2661.281250741794,0.5040305399132186,0.5040305399132186,1,0.5040305399132186,3,0.0
STANDISH DRIVE,2657.7896236705965,0.50336924690731,0.50336924690731,1,0.50336924690731,4,0.0
LILLIAN AVENUE,2655.100845455291,0.5028600086089566,0.5028600086089566,1,0.5028600086089566,4,0.0
SHOTWELL PARK,4649.388029097598,0.8805659146018178,0.8805659146018178,1,0.5027292337552557,13,3953.209697647387
SEELEY ROAD,2650.0463101837204,0.5019027102620682,0.5019027102620682,1,0.5019027102620682,12,0.0
BRUCE STREET,2642.32227337957,0.5004398245037065,0.5004398245037065,1,0.5004398245037065,5,0.0
NORWOOD AVENUE,2616.278378457606,0.49550726864727385,0.49550726864727385,1,0.49550726864727385,3,0.0
DEWITT ROAD,2608.500981308598,0.49403427676299205,0.49403427676299205,1,0.49403427676299205,6,0.0
SOUTH MCBRIDE STREET,3794.7015569147043,0.718693476688391,0.49138328938500053,2,0.49138328938500053,18,0.0
CLOVER RIDGE DRIVE,2582.593373675412,0.4891275328930704,0.4891275328930704,1,0.4891275328930704,4,0.0
CADILLAC STREET,3105.6938854215005,0.5881995995116478,0.4890516936543469,2,0.48905169365434703,13,0.0
LONGMEADOW DRIVE,2571.5215235386136,0.4870305915792829,0.4870305915792829,1,0.4870305915792829,4,0.0
SEVENTH NORTH STREET,2563.4763409197512,0.4855068827499529,0.48550688274995296,1,0.4855068827499529,7,0.0
BURNS AVENUE,2549.4025303610706,0.4828413883259604,0.4828413883259604,1,0.4828413883259604,4,0.0
TRACY STREET,2546.807726078852,0.4823499481209947,0.4823499481209947,1,0.4823499481209947,6,0.0
CROSSETT STREET,2542.303044424977,0.48149678871685175,0.48149678871685175,1,0.48149678871685175,7,0.0
DOUGLAS STREET,2539.9419215349058,0.4810496063513079,0.4810496063513079,1,0.4810496063513079,5,0.0
CHARMOUTH DRIVE,2538.5636396761574,0.48078856812048437,0.48078856812048437,1,0.4807885681204845,6,0.0
RIDGEWOOD DRIVE,2529.65343154026,0.4791010287008069,0.4791010287008069,1,0.47910102870080695,7,0.0
EAST TAYLOR STREET,2525.420956585312,0.47829942359570304,0.478299423595703,1,0.47829942359570304,12,0.0
NORTH FRANKLIN STREET,2519.5994217500543,0.4771968601799345,0.4771968601799345,1,0.47719686017993457,14,0.0
AINSLEY DRIVE,2513.6484400123304,0.4760697803053656,0.4760697803053656,1,0.47606978030536573,6,0.0
SMALL ROAD,3452.935681035966,0.6539650911052967,0.4757183611553463,2,0.4757183611553463,5,0.0
OSWEGO STREET,2511.673117909904,0.47569566627081517,0.47569566627081517,1,0.47569566627081517,8,0.0
TULLY STREET,2816.015686439577,0.53333630424992,0.4736592943772036,2,0.47365929437720355,9,0.0
CAYUGA STREET,2638.9026452450403,0.49979216766004547,0.49979216766004547,1,0.4732217818219179,7,0.0
CLARENDON STREET,2498.1913172045674,0.4731422949251075,0.4731422949251075,1,0.4731422949251075,8,0.0
WAVERLY AVENUE,2489.2366902789404,0.47144634285585996,0.47144634285585996,1,0.47144634285585996,6,0.0
BRATTLE ROAD,4480.263717709534,0.8485347950207451,0.47074737227003793,2,0.47074737227003793,6,0.0
BOSTON STREET,2481.9245463675397,0.47006146711506436,0.47006146711506425,1,0.47006146711506425,4,0.0
SUNRISE DRIVE,2472.7607313646913,0.4683258960917976,0.4683258960917976,1,0.46832589609179764,5,0.0
ALANSON ROAD,2538.8625895427376,0.48084518741339727,0.48084518741339727,1,0.46724159866863224,4,0.0
COUGHLIN AVENUE,2457.0701502596626,0.4653541951249361,0.46535419512493614,1,0.46535419512493614,9,0.0
SCOVILLE AVENUE,2418.348657212708,0.4580205790175584,0.4580205790175584,1,0.45802057901755844,6,0.0
KENWICK DRIVE,2412.4895143909316,0.45691089287707043,0.45691089287707043,1,0.45691089287707043,4,0.0
HILLSIDE STREET,2396.1796382989023,0.4538219011929739,0.4538219011929739,1,0.4538219011929739,9,0.0
LIBERTY STREET,3055.1080732396035,0.5786189532650764,0.453574880491141,2,0.45357488049114103,9,0.0
ONONDAGA CREEK BOULEVARD EAST,2392.897808235181,0.4532003424687843,0.4532003424687843,1,0.4532003424687843,4,0.0
WEST PLEASANT AVENUE,2392.037243787865,0.4530373567780048,0.45303735677800483,1,0.45303735677800483,3,0.0
SOUTH WEST STREET,3363.974577568259,0.6371163972667157,0.4520202324179103,2,0.45202023241791034,15,1122.196274694534
HUNT AVENUE,2373.434617695552,0.4495141321393091,0.4495141321393091,1,0.4495141321393091,7,0.0
WILLUMAE DRIVE,3296.5391684232277,0.6243445394740962,0.6243445394740962,1,0.44837384458970975,9,1878.0050387565386
SCOTTHOLM TERRACE,2344.799030192891,0.4440907254153203,0.4440907254153203,1,0.4440907254153204,4,0.0
EDGEMONT DRIVE,2344.2933393257313,0.4439949506298733,0.4439949506298733,1,0.4439949506298733,3,0.0
HIGHLAND AVENUE,2342.1219109267477,0.443583695251278,0.443583695251278,1,0.443583695251278,3,0.0
ROOSEVELT AVENUE,2332.9679922552787,0.4418499985331967,0.4418499985331967,1,0.4418499985331967,4,0.0
FITCH STREET,3528.507734305115,0.6682779799820293,0.43742000957875016,3,0.43742000957875016,6,0.0
PULASKI STREET,2281.803192178199,0.43215969548829525,0.43215969548829525,1,0.43215969548829525,4,0.0
HICKORY STREET,2513.303250592712,0.476004403521347,0.43182424462534924,2,0.43182424462534924,6,0.0
VANN STREET,2277.997404217552,0.4314389023139303,0.4314389023139303,1,0.4314389023139303,4,0.0
FABIUS STREET,2262.9741319964533,0.42859358560538885,0.42859358560538885,1,0.42859358560538896,14,0.0
WEST STREET ARTERIAL SOUTHBOUND,3407.3060120669425,0.6453231083460119,0.4281745033586448,2,0.42817450335864493,10,3407.3060120669425
ACADEMY PLACE,2256.0163732743804,0.427275828271663,0.42727582827166305,1,0.42727582827166305,7,0.0
ACADEMY GREEN,2249.5815120600064,0.42605710455681944,0.42605710455681944,1,0.42605710455681944,2,0.0
HOPPER ROAD,2246.6602090893252,0.4255038274790388,0.4255038274790388,1,0.4255038274790388,3,0.0
ASH STREET,2236.870249732715,0.42364966850998387,0.4236496685099837,1,0.42364966850998387,8,0.0
ONEIDA STREET,2233.995103644647,0.42310513326603155,0.4231051332660315,1,0.42310513326603155,6,0.0
HOOD AVENUE,2229.3920660932395,0.42223334585099237,0.42223334585099237,1,0.42223334585099237,3,0.0
KELLOGG STREET,2221.875769363769,0.42080980480374414,0.42080980480374414,1,0.42080980480374414,4,0.0
KENSINGTON ROAD,2219.1022918818926,0.4202845249776312,0.420284524977631,1,0.420284524977631,8,0.0
WALRATH ROAD,2217.640341449349,0.4200076404260131,0.4200076404260131,1,0.42000764042601313,4,2217.640341449349
FARMER STREET,2213.910051453121,0.41930114610854563,0.41930114610854563,1,0.41930114610854563,6,0.0
GOODRICH AVENUE,2197.89956464074,0.41626885693953414,0.41626885693953414,1,0.41626885693953414,3,0.0
ERIE STREET,2191.3538161758233,0.41502913185148166,0.41502913185148166,1,0.41502913185148166,4,0.0
HERKIMER STREET,2171.3909125582727,0.41124827889361226,0.41124827889361226,1,0.41124827889361226,6,0.0
FURMAN STREET,2168.013829675615,0.41060867986280586,0.41060867986280586,1,0.41060867986280586,2,0.0
SHUART AVENUE,2163.3301844181924,0.40972162583677885,0.4097216258367788,1,0.40972162583677885,6,0.0
FOBES AVENUE,2160.062965346772,0.40910283434597955,0.4091028343459795,1,0.4091028343459795,5,0.0
BARRINGTON ROAD,2153.819411628331,0.4079203431114264,0.4079203431114264,1,0.4079203431114264,4,0.0
HOEFLER STREET,2152.0408694894627,0.40758349800936794,0.40758349800936794,1,0.407583498009368,7,0.0
MOUNT OLYMPUS DRIVE,2486.1407150336354,0.4708599839078855,0.4058671700840875,1,0.40586717008408757,4,0.0
MARSHALL STREET,2142.4516609572092,0.4057673600297745,0.4057673600297745,1,0.4057673600297745,5,0.0
LOMBARD AVENUE,2403.194664232902,0.4551505045895648,0.4551505045895648,1,0.40527764488797885,9,0.0
HIXSON AVENUE,2661.054242238641,0.5039875458785306,0.405164176967456,2,0.405164176967456,7,0.0
LAKEVIEW AVENUE,2131.0905676195543,0.40361563780673376,0.40361563780673376,1,0.40361563780673376,4,0.0
NOTTINGHAM ROAD,2751.05089321133,0.5210323661385095,0.4033053216231026,3,0.40330532162310273,8,0.0
HOLLAND STREET,2126.387061098874,0.402724822177817,0.402724822177817,1,0.4027248221778171,4,0.0
CARLTON ROAD,2123.8706179518226,0.40224822309693614,0.40224822309693614,1,0.40224822309693614,3,0.0
LINCOLN AVENUE,2117.7206810736147,0.4010834623245483,0.4010834623245483,1,0.4010834623245483,3,0.0
ARTHUR STREET,2110.478081423427,0.39971175784534596,0.39971175784534596,1,0.39971175784534596,6,0.0
KENSINGTON PLACE,2108.9240178087516,0.39941742761529386,0.39941742761529386,1,0.39941742761529386,4,0.0
NBT BANK PARKWAY,2108.77366137553,0.3993889510180928,0.39938895101809285,1,0.39938895101809285,7,0.0
RIDER AVENUE,2090.437840922955,0.39591625775055966,0.39591625775055966,1,0.39591625775055966,2,0.0
HUDSON STREET,2637.8775324970807,0.4995980175183865,0.3954650354755398,2,0.3954650354755398,5,0.0
LOOMIS AVENUE,2085.3087123692426,0.3949448318881142,0.3949448318881142,1,0.3949448318881142,9,0.0
PLEASANTVIEW AVENUE,2411.2034226484557,0.45666731489554085,0.39465464589000776,2,0.39465464589000776,5,0.0
MILDRED AVENUE,2078.4940330347936,0.3936541729232564,0.3936541729232564,1,0.3936541729232564,3,0.0
HAZELWOOD AVENUE,2882.23837049773,0.5458784792609337,0.393330546352861,2,0.393330546352861,8,0.0
EVANS STREET,2696.175837605372,0.5106393631828356,0.3907982541912386,2,0.39079825419123865,7,0.0
CROLY STREET,2058.692920269111,0.3899039621721801,0.3899039621721801,1,0.38990396217218015,3,0.0
SOUTH ALVORD STREET,2057.988827599883,0.3897706112878566,0.3897706112878566,1,0.3897706112878566,7,0.0
EAST LAUREL STREET,2635.7661396576254,0.49919813251091394,0.38928931182930765,2,0.38928931182930765,7,0.0
PALMER AVENUE,2054.1282351850655,0.38903943848201994,0.38903943848201994,1,0.38903943848202005,3,0.0
EAST GENESEE PARKWAY,2454.6917010824077,0.4649037312656076,0.38505082847249616,2,0.38505082847249616,4,0.0
RESTORATION WAY,3018.793302173375,0.5717411557146543,0.38382859050262025,3,0.38382859050262025,6,0.0
OAKLEY DRIVE EAST,2025.3089153995722,0.38358123397719174,0.38358123397719174,1,0.38358123397719174,2,0.0
NORTH ALVORD STREET,2010.892331363595,0.38085082033401424,0.38085082033401424,1,0.3808508203340143,3,0.0
COOLIDGE AVENUE,2010.4951703201934,0.3807756004394306,0.3807756004394306,1,0.3807756004394306,3,0.0
MAPLEWOOD AVENUE,2009.6524656995819,0.3806159972915875,0.3806159972915875,1,0.3806159972915875,3,0.0
PUTNAM STREET,2007.1720568122325,0.38014622288110467,0.38014622288110467,1,0.38014622288110467,4,0.0
SLOCUM DRIVE,4801.075312792343,0.9092945668167316,0.9092945668167316,1,0.3790453009598905,15,0.0
MATHER STREET,2001.1993823500995,0.3790150345360037,0.3790150345360037,1,0.3790150345360037,2,0.0
FENWAY DRIVE,1992.8743262028472,0.3774383193565998,0.3774383193565998,1,0.3774383193565998,2,0.0
SOUTH ORCHARD ROAD,1987.7702345835974,0.37647163533780253,0.3758716611405686,2,0.3758716611405686,4,0.0
CHINOOK DRIVE,1984.4534902193184,0.3758434640566891,0.3758434640566891,1,0.3758434640566891,3,0.0
BERKELEY DRIVE,3263.7934077290242,0.6181426908577697,0.6181426908577697,1,0.37512213162739966,9,2565.0244309538034
WAINWRIGHT AVENUE,1977.7766167657485,0.37457890469048266,0.37457890469048266,1,0.3745789046904828,3,0.0
IVY RIDGE ROAD,1967.8209792709195,0.372693367286159,0.372693367286159,1,0.372693367286159,1,0.0
REMINGTON AVENUE,2681.561103175399,0.5078714210559467,0.45376406182907614,1,0.37250641474737883,7,0.0
MARYLAND AVENUE,1946.9354655802674,0.36873777757202036,0.36873777757202036,1,0.36873777757202036,4,0.0
HURLBURT ROAD,1946.5371932656667,0.3686623472094066,0.3686623472094066,1,0.3686623472094066,4,0.0
AUDUBON PARKWAY,3705.0347901537516,0.7017111344988166,0.7017111344988165,1,0.3674628370711341,18,3478.2006754597687
CONSERVATION PLACE,1939.714955965375,0.36737025681162405,0.36737025681162405,1,0.36737025681162405,6,0.0
NORTH AVENUE,1930.9075936765728,0.3657021957720782,0.3657021957720782,1,0.3657021957720782,5,0.0
MONTICELLO DRIVE NORTH,1925.2068184036768,0.36462250348554487,0.36462250348554487,1,0.36462250348554487,3,0.0
HARTSON STREET,1925.0183578757642,0.36458681020374323,0.36458681020374323,1,0.36458681020374323,4,0.0
PARRISH LANE,1907.3653482403809,0.3612434371667388,0.3612434371667388,1,0.3612434371667388,4,0.0
GERTRUDE STREET,1899.03918854861,0.3596665129826913,0.3596665129826913,1,0.3596665129826913,3,0.0
ROSS PARK,2661.36822009782,0.5040470113821629,0.3576725485211847,1,0.3576725485211847,5,0.0
MONTGOMERY STREET,5222.965298170113,0.9891979731382791,0.35664272682048276,4,0.3566427268204828,15,0.0
BEECHER STREET,1874.0757611223985,0.3549385911216664,0.3549385911216664,1,0.3549385911216664,5,0.0
TWIN HILLS DRIVE,1872.7574679068723,0.35468891437630157,0.35468891437630157,1,0.35468891437630157,5,0.0
SENECA DRIVE,1871.119907577237,0.3543787703744767,0.3543787703744767,1,0.3543787703744767,3,0.0
COLDBROOK DRIVE,2187.265919474755,0.4142549089914308,0.3542476395905011,2,0.3542476395905011,7,0.0
CLAIRMONTE AVENUE,1864.9996645212523,0.35321963343205537,0.35321963343205537,1,0.35321963343205537,4,0.0
HUBBELL AVENUE,1853.5653912092198,0.35105405136538254,0.35105405136538254,1,0.35105405136538254,4,0.0
ESSEX STREET,1851.394476573388,0.35064289329041437,0.35064289329041437,1,0.35047351413772,7,0.0
WYOMING STREET,1846.3745156933635,0.3496921431237431,0.3496921431237431,1,0.3496921431237431,6,0.0
HOUSTON AVENUE,1843.4160923071302,0.34913183566422923,0.34913183566422923,1,0.34913183566422923,3,0.0
SPRINGFIELD ROAD,1839.9767593080187,0.34848044683863993,0.34848044683863993,1,0.3484001960849843,8,0.0
NORTH BEECH STREET,1835.0107846466267,0.3475399213345884,0.3475399213345884,1,0.3475399213345884,5,0.0
WELLESLEY ROAD,1833.0783685439437,0.347173933436353,0.347173933436353,1,0.34717393343635305,3,0.0
STATE FAIR BOULEVARD,4553.676894737391,0.8624388058214757,0.3469811216222776,3,0.3469811216222776,8,0.0
WHEATON ROAD,1829.56219096072,0.3465079907122576,0.3465079907122576,1,0.3465079907122576,7,0.0
ATLANTIC AVENUE,1820.6045511808102,0.3448114680266686,0.3448114680266686,1,0.3448114680266686,5,0.0
MILES AVENUE,1818.6121590395032,0.34443412103020893,0.34443412103020893,1,0.34443412103020893,5,0.0
PEAT STREET,1818.5432092717178,0.34442106236206776,0.34442106236206776,1,0.34442106236206776,11,0.0
JASPER STREET,1816.174971248237,0.3439725324333782,0.3439725324333782,1,0.3439725324333782,3,0.0
CHAFFEE AVENUE,1815.2691400648548,0.34380097349713157,0.34380097349713157,1,0.34380097349713157,1,0.0
MERRILL STREET,1813.2290718046354,0.3434145969326961,0.3434145969326961,1,0.3434145969326961,2,0.0
MCLENNAN AVENUE,1812.1525831392044,0.3432107165036372,0.3432107165036372,1,0.3432107165036372,3,0.0
SUMMIT AVENUE,3354.0322662720773,0.635233383763651,0.3791499709282364,2,0.34286504360344333,11,0.0
WEST BORDEN AVENUE,1807.563499929247,0.3423415719562968,0.3423415719562968,1,0.3423415719562968,3,0.0
LYDELL STREET,1800.109961468386,0.3409299169447701,0.3409299169447701,1,0.3409299169447701,6,0.0
GRANT AVENUE,1796.6032030331032,0.340265758150209,0.340265758150209,1,0.340265758150209,5,0.0
MERTENS AVENUE,3021.6006789739763,0.5722728558662834,0.3398582941881208,2,0.3398582941881208,9,0.0
BARNES AVENUE,3494.546681876241,0.6618459624765608,0.3394631115573912,2,0.3394631115573912,8,0.0
WEBSTER AVENUE,1787.2162897501987,0.3384879336648104,0.3384879336648104,1,0.3384879336648104,2,0.0
SUNSET AVENUE,1779.7183668451773,0.33706787250855635,0.33706787250855635,1,0.33706787250855635,6,0.0
STRATFORD STREET,1776.268963228765,0.3364145763690843,0.3364145763690843,1,0.3364145763690843,5,0.0
MERRITT AVENUE,1773.780799810988,0.3359433332975356,0.3359433332975356,1,0.3359433332975356,2,0.0
BAKER AVENUE,1768.9941030671678,0.33503676194453935,0.33503676194453935,1,0.33503676194453935,3,0.0
CLEVELAND AVENUE,1759.7795852185302,0.3332915881095701,0.3332915881095701,1,0.3332915881095701,3,0.0
ELMHURST AVENUE,1757.788585236527,0.3329145047796453,0.33291450477964524,1,0.3329145047796453,8,0.0
WEST CORNING AVENUE,1749.4981468728588,0.3313443459986475,0.3313443459986475,1,0.3313443459986475,2,0.0
DAKIN STREET,1748.4994033848157,0.33115519003500293,0.33115519003500293,1,0.33115519003500293,6,0.0
WEST WASHINGTON STREET,1738.7081907918266,0.3293007937105732,0.3293007937105732,1,0.3293007937105733,5,0.0
RIGI AVENUE,1737.1520804285321,0.32900607583873714,0.32900607583873714,1,0.32900607583873714,2,0.0
MILBURN DRIVE,1736.157971697036,0.32881779766989316,0.32881779766989316,1,0.32881779766989316,2,0.0
CRAIG STREET,1735.001567342306,0.3285987816936186,0.3285987816936186,1,0.32859878169361867,5,0.0
HOMECROFT ROAD,1733.7595584428911,0.328363552735396,0.328363552735396,1,0.328363552735396,2,0.0
MAPLEHURST AVENUE,1731.4073806985946,0.327918064526249,0.327918064526249,1,0.327918064526249,2,0.0
PAUL AVENUE,1727.2362402366466,0.32712807580239517,0.32712807580239517,1,0.32712807580239517,2,0.0
GARFIELD AVENUE,2119.4330107040396,0.40140776717879534,0.32699454005207684,2,0.32699454005207684,8,0.0
LATTER DRIVE,1713.6062287949317,0.32454663424146435,0.32454663424146435,1,0.3245466342414644,6,0.0
GRACE STREET,1713.4869432164694,0.32452404227584647,0.32452404227584647,1,0.32452404227584647,2,0.0
GREENWOOD PLACE,1692.7494392104395,0.32059648469894686,0.32059648469894686,1,0.32059648469894686,5,0.0
CHEMUNG STREET,1691.041179193571,0.32027295060484295,0.32027295060484295,1,0.32027295060484295,5,0.0
LYNCH AVENUE,1690.4243485142038,0.3201561266125386,0.3201561266125386,1,0.3201561266125386,6,0.0
MARTIN LUTHER KING EAST,1688.9444381741505,0.31987584056328605,0.31987584056328605,1,0.31987584056328605,7,0.0
TENNYSON AVENUE,2879.397101186191,0.5453403600731422,0.318888908814767,2,0.318888908814767,5,0.0
SHERWOOD AVENUE,1682.938940231631,0.3187384356499301,0.3187384356499301,1,0.3187384356499301,3,0.0
MANLEY FIELD HOUSE,2070.506413625479,0.3921413662169468,0.35285004796195873,2,0.31817076644743375,6,0.0
ARNOLD AVENUE,1673.2430387046568,0.3169020906637608,0.31690209066376074,1,0.3169020906637608,3,0.0
PLUM STREET,2800.988488643827,0.5304902440613309,0.31647276038277167,2,0.3164727603827718,11,0.0
MASSENA STREET,1669.9986855234679,0.31628762983399017,0.31628762983399017,1,0.31628762983399017,6,0.0
WARNER AVENUE,2115.3531613809464,0.40063506844336105,0.3144510939509514,2,0.3144510939509514,4,0.0
FOURTH NORTH STREET,1653.9394648957518,0.3132461107757106,0.3132461107757106,1,0.3132461107757106,4,0.0
WEST MATSON AVENUE,3114.025714985934,0.5897775975352149,0.31304520229093025,2,0.31304520229093025,2,0.0
GIFFORD PARKWAY,1758.7256204921846,0.33309197357806525,0.33309197357806525,1,0.31179423726811634,7,1588.2143029550798
HARWOOD AVENUE,1625.8562297601354,0.3079273162424499,0.3079273162424499,1,0.3079273162424499,2,0.0
MILNOR AVENUE,1624.8650821643173,0.30773959889475705,0.30773959889475705,1,0.30773959889475705,2,0.0
DELRAY AVENUE,1623.5067878446694,0.30748234618270254,0.30748234618270254,1,0.30748234618270254,2,0.0
CLIFTON PLACE,1623.2539166316333,0.3074344539075063,0.3074344539075063,1,0.3074344539075063,3,0.0
RICHFIELD AVENUE,1621.1591674313374,0.30703772110441996,0.30703772110441996,1,0.30703772110441996,2,0.0
DEFOREST ROAD,1620.3598998199468,0.3068863446628687,0.3068863446628687,1,0.30688634466286874,4,0.0
HILLVIEW AVENUE,1727.67016025509,0.3272102576240701,0.3272102576240701,1,0.30682305522108777,6,243.66733556640477
MARY STREET,1618.111160881176,0.3064604471365864,0.3064604471365864,1,0.3064604471365864,6,0.0
AUSTIN AVENUE,1616.4582493368198,0.30614739570773103,0.30614739570773103,1,0.30614739570773103,1,0.0
VINCENT STREET,2166.5410876603873,0.4103297514508309,0.3056685593607276,2,0.3056685593607276,10,0.0
HALL AVENUE,1591.277387485349,0.30137829308434644,0.30137829308434644,1,0.30137829308434644,1,0.0
HIER AVENUE,1590.2834514421227,0.3011900476216141,0.3011900476216141,1,0.3011900476216141,3,0.0
ROCK CUT ROAD,1589.629395347168,0.30106617336120606,0.30106617336120606,1,0.30106617336120606,3,0.0
WEST TAYLOR STREET,1588.738007596917,0.3008973499236585,0.3008973499236586,1,0.3008973499236586,7,0.0
MAGNOLIA STREET,1587.7033201351103,0.30070138638922544,0.30070138638922544,1,0.30070138638922544,2,0.0
BURNET PARK DRIVE,1581.845968518011,0.29959203949204755,0.29959203949204755,1,0.29959203949204755,5,0.0
DALE STREET,1575.2288195896363,0.2983387915889463,0.2983387915889463,1,0.2983387915889463,2,0.0
STERLING AVENUE,1572.5617765917782,0.2978336698090489,0.2978336698090489,1,0.2978336698090489,5,0.0
LILAC STREET,1571.6830067682504,0.29766723613035045,0.29766723613035045,1,0.29766723613035045,2,0.0
BROADVIEW DRIVE,1565.2309665975633,0.2964452588252961,0.2964452588252961,1,0.2964452588252961,5,0.0
WINTON STREET,2571.661060767658,0.4870570190847837,0.29602735195196217,2,0.29602735195196217,6,0.0
HARFORD ROAD,1562.0972447322624,0.2958517508962618,0.2958517508962618,1,0.29585175089626187,3,0.0
TEX SIMONE DRIVE,1555.972668314651,0.29469179324141115,0.29469179324141115,1,0.29469179324141115,2,0.0
BOYDEN STREET,2753.9696322623863,0.521585157625452,0.2932943753093462,2,0.2932943753093462,8,0.0
DUDLEY STREET,1544.5995920680275,0.29253780152803555,0.29253780152803555,1,0.29253780152803555,5,0.0
DAVIS STREET,1544.538444834146,0.29252622061252764,0.29252622061252764,1,0.29252622061252764,3,0.0
MITCHELL AVENUE,1540.4328203777204,0.29174864022305314,0.29174864022305314,1,0.29174864022305314,4,0.0
BELLE AVENUE,1536.2842261648568,0.290962921622132,0.290962921622132,1,0.290962921622132,1,0.0
WEST BEARD AVENUE,2176.1938960053108,0.4121579348494907,0.2905118758322682,2,0.2905118758322682,5,0.0
WESTMINSTER AVENUE,1768.087384978727,0.3348650350338498,0.2894319812465936,1,0.2894319812465936,4,0.0
BASSETT STREET,1527.8891297196935,0.28937294123479046,0.28937294123479046,1,0.28937294123479046,4,0.0
HUTCHINSON AVENUE,1525.193981817458,0.2888624965563368,0.2888624965563368,1,0.2888624965563368,5,0.0
ROBINSON STREET,2558.8350271921167,0.484627846059113,0.2888446001011055,2,0.2888446001011055,10,0.0
NORTH GLENCOVE ROAD,1635.818614536388,0.3098141315409826,0.3098141315409826,1,0.28857262912398784,5,0.0
GRIFFITHS STREET,1521.1393819023099,0.2880945799057405,0.2880945799057405,1,0.2880945799057405,5,0.0
COLUMBUS AVENUE,2754.3422929805533,0.5216557373069229,0.2871595855314524,2,0.2871595855314524,9,0.0
SABINE STREET,1499.0143341029468,0.2839042299437399,0.2839042299437399,1,0.2839042299437399,4,0.0
HOPE AVENUE,1498.16314985891,0.28374302080661173,0.28374302080661173,1,0.28374302080661173,3,0.0
BASIN STREET,1496.0448602839608,0.28334182959923504,0.28334182959923504,1,0.28334182959923504,2,0.0
HARDING STREET,1493.3241178143767,0.2828265374648441,0.2828265374648441,1,0.2828265374648441,2,0.0
GRAVES STREET,1491.883793799829,0.2825537488257252,0.28255374882572515,1,0.28255374882572515,4,0.0
CROUSE DR,1491.4116843583886,0.28246433415878575,0.28246433415878575,1,0.28246433415878575,1,0.0
WINTHROP ROAD,1488.551576474196,0.2819226470595068,0.2819226470595068,1,0.2819226470595068,2,0.0
ROXBURY ROAD,1488.053323335372,0.28182828093472956,0.28182828093472956,1,0.28182828093472956,6,0.0
SMITH STREET,1487.2020889030787,0.28166706229224975,0.28166706229224975,1,0.2816670622922498,8,0.0
BROOKLEA PLACE,1481.7478772455495,0.28063406766014193,0.28063406766014193,1,0.28063406766014193,2,0.0
JENSEN AVENUE,3408.36524049915,0.6455237197915057,0.6455237197915057,1,0.2793552535802543,4,0.0
MOORE AVENUE,1468.0181730744782,0.27803374490046934,0.2780337449004694,1,0.2780337449004694,5,0.0
HIGHRIDGE DRIVE,1462.3299123498623,0.2769564227935345,0.2769564227935345,1,0.2769564227935345,3,0.0
SEWARD STREET,1448.5405333762337,0.27434479798792305,0.27434479798792305,1,0.27434479798792305,5,0.0
CULBERT STREET,1448.1642581835815,0.27427353374689045,0.27427353374689045,1,0.27427353374689045,1,0.0
CAMBRIDGE STREET,1444.637072967075,0.2736055062437642,0.2736055062437642,1,0.2736055062437642,2,0.0
DOROTHY STREET,1442.3003775552465,0.2731629502945543,0.2731629502945543,1,0.2731629502945543,2,0.0
HAZELHURST AVENUE,1442.24639576884,0.27315272647137123,0.27315272647137123,1,0.27315272647137123,4,0.0
PARKWAY DRIVE,1441.1614213755865,0.2729472388968914,0.2729472388968914,1,0.2729472388968914,4,0.0
LIVINGSTON AVENUE,1439.7482194836775,0.27267958702342376,0.27267958702342376,1,0.27267958702342376,2,0.0
MONTICELLO DRIVE SOUTH,1439.4715198039473,0.2726271817810506,0.2726271817810506,1,0.2726271817810506,3,0.0
HOVEY STREET,1439.22683862555,0.2725808406487784,0.2725808406487784,1,0.2725808406487784,3,0.0
SUMNER AVENUE,1438.141555568551,0.2723752946152559,0.2723752946152559,1,0.2723752946152559,2,0.0
HATCH STREET,1436.416148316017,0.2720485129386396,0.2720485129386396,1,0.2720485129386396,3,0.0
LEAVENWORTH AVENUE,1951.7659930247755,0.3696526501940863,0.27105166891963794,2,0.27105166891963794,7,0.0
WOODRUFF AVENUE,2273.891851745759,0.430661335557909,0.27091875174752794,2,0.270918751747528,4,0.0
WEST WATER STREET,1741.936751850892,0.3299122636081235,0.2700028594788201,2,0.2700028594788201,6,0.0
LORRAINE AVENUE,1421.0066792015589,0.2691300528790831,0.2691300528790831,1,0.2691300528790831,2,0.0
BALL AVENUE,1417.7835027751569,0.2685196027983252,0.2685196027983252,1,0.2685196027983252,5,0.0
CHAPPLE WAY,1416.085756013458,0.26819805985103373,0.26819805985103373,1,0.26819805985103373,1,0.0
TIOGA STREET,1416.0638564835847,0.26819391221280015,0.26819391221280015,1,0.26819391221280015,4,0.0
WEST COURT STREET,1406.9263139620982,0.2664633170382762,0.2664633170382762,1,0.2664633170382762,5,0.0
STRONG AVENUE,1406.8170887106317,0.2664426304376196,0.2664426304376196,1,0.2664426304376196,3,0.0
HARVARD PLACE,1517.2580879939294,0.28735948636248665,0.2873594863624867,1,0.26601066657531663,6,0.0
LANDON AVENUE,1402.241575046176,0.2655760558799576,0.26557605587995753,1,0.2655760558799576,4,0.0
EAST GLEN AVENUE,2776.6190541311685,0.5258748208581758,0.26534603149432445,3,0.2653460314943245,16,284.7638304833928
CONIFER DRIVE,1400.4689658050088,0.26524033443276684,0.26524033443276684,1,0.26524033443276684,2,0.0
SIMON DRIVE,1395.2391347974815,0.26424983613588665,0.26424983613588665,1,0.26424983613588665,1,0.0
CLYDE AVENUE,1394.6761318022538,0.2641432067807299,0.26414320678072983,1,0.26414320678072983,3,0.0
NORTHWAY STREET,1391.8797518306171,0.2636135893618593,0.2636135893618593,1,0.2636135893618593,4,0.0
MAPLE STREET,1391.2089841006807,0.26348655001906834,0.26348655001906834,1,0.26348655001906834,4,0.0
SYRACUSE STREET,1388.4087812770028,0.26295620857519,0.26295620857519,1,0.26295620857519,1,0.0
ARMSTRONG PLACE,1388.2677348446575,0.2629294952357306,0.2629294952357306,1,0.2629294952357306,1,0.0
FORMAN AVENUE,1386.4567705383322,0.2625865095716538,0.2625865095716538,1,0.2625865095716538,8,0.0
ARLINGTON AVENUE,1385.4061924739174,0.2623875364533934,0.2623875364533934,1,0.2623875364533934,3,0.0
HEADSON DRIVE,1487.8849108825605,0.2817963846368486,0.2817963846368486,1,0.2620164436076319,7,519.0011049280437
BRAMPTON ROAD,1383.4269592397586,0.2620126816741967,0.2620126816741967,1,0.2620126816741967,2,0.0
EAST KENNEDY STREET,1382.6338121305348,0.2618624644186619,0.2618624644186619,1,0.2618624644186619,4,0.0
WEST CALTHROP AVENUE,2446.468568433565,0.4633463197790843,0.261838627360623,2,0.261838627360623,3,0.0
MARTIN STREET,2320.2053510565033,0.43943283163948926,0.26150274731880213,2,0.26150274731880213,3,0.0
SEARLWYN ROAD,1379.1768323355532,0.2612077333968851,0.2612077333968851,1,0.2612077333968851,2,0.0
STRATHMORE DRIVE,2580.328088315369,0.4886985015748805,0.2609191420185549,2,0.2609191420185549,8,1202.6750184573996
STEDMAN STREET,1539.4669266761607,0.29156570580987895,0.29156570580987895,1,0.26036854886366334,5,0.0
FARM ACRE ROAD,1374.0428638663102,0.2602353908837709,0.2602353908837709,1,0.2602353908837709,2,0.0
MONTANA STREET,1371.7213242030214,0.25979570534148133,0.25979570534148133,1,0.2597957053414814,5,0.0
HARDING PLACE,1367.5749732390302,0.2590104115983012,0.2590104115983012,1,0.2590104115983012,2,0.0
DORCHESTER AVENUE,1362.3007940409977,0.2580115140229162,0.2580115140229162,1,0.2580115140229162,3,0.0
ROE AVENUE,1358.8200961411828,0.2573522909358301,0.2573522909358301,1,0.2573522909358301,2,0.0
HASTINGS PLACE,1355.1595590119803,0.2566590073886326,0.2566590073886326,1,0.2566590073886326,3,0.0
PECK AVENUE,1351.8970927518021,0.25604111605147767,0.25604111605147767,1,0.25604111605147767,2,0.0
WALTON STREET,1351.6762133219797,0.25599928282613255,0.25599928282613255,1,0.2559992828261326,4,0.0
RIEGEL STREET,1345.595456992876,0.25484762443046893,0.25484762443046893,1,0.25484762443046893,2,0.0
SEDGWICK STREET,1336.650555166264,0.2531535142360349,0.2531535142360349,1,0.2531535142360349,3,0.0
EDNA ROAD,1335.849536857981,0.2530018062231025,0.2530018062231025,1,0.2530018062231025,2,0.0
FERNDALE DRIVE,1333.731140219545,0.2526005947385502,0.2526005947385502,1,0.2526005947385502,2,0.0
WALNUT PLACE,1331.977797650471,0.2522685222822862,0.2522685222822862,1,0.2522685222822862,3,0.0
WEST DIVISION STREET,1686.2686380247546,0.3193690602319611,0.2518114489907513,2,0.25181144899075136,4,0.0
BRADLEY STREET,1328.0215348556933,0.25151923008630556,0.25151923008630556,1,0.25151923008630556,5,0.0
PINE STREET,1327.9452186462597,0.25150477625876133,0.2515047762587613,1,0.2515047762587614,6,0.0
WALL STREET,1323.9183010032568,0.25074210246273804,0.25074210246273804,1,0.25074210246273804,3,0.0
WINDING RIDGE ROAD,1323.6220524170803,0.2506859947759622,0.2506859947759622,1,0.2506859947759622,5,0.0
MANOR DRIVE,1323.3072730018096,0.25062637746246397,0.25062637746246397,1,0.25062637746246397,3,0.0
FOREST AVENUE,1321.6582361849307,0.25031405988350963,0.25031405988350963,1,0.25031405988350963,2,0.0
LIME STREET,1319.7127159603808,0.24994559014401152,0.24994559014401152,1,0.24994559014401152,4,0.0
GILBERT AVENUE,1319.6286584030247,0.249929670152088,0.249929670152088,1,0.24992967015208806,4,0.0
SALISBURY PARK DRIVE,1318.267676618014,0.24967190845038148,0.24967190845038148,1,0.24967190845038148,5,0.0
STADIUM PLACE,1316.8215487040331,0.2493980205878851,0.2493980205878851,1,0.24939802058788513,3,0.0
NELSON STREET,1316.5557807873004,0.24934768575517055,0.24934768575517055,1,0.24934768575517055,1,0.0
WHITWELL DRIVE,1313.2252468564186,0.24871690281371564,0.24871690281371564,1,0.24871690281371564,3,0.0
EAST WARRINGTON ROAD,1311.7881115475543,0.24844471809612773,0.24844471809612773,1,0.24844471809612773,2,0.0
SUNHILL TERRACE,1310.3453173077187,0.24817146161131037,0.24817146161131037,1,0.24817146161131037,1,0.0
BERGER AVENUE,1306.2737083105912,0.24740032354367258,0.24740032354367258,1,0.24740032354367258,2,0.0
FILLMORE AVENUE,1306.2033175632364,0.24738699196273417,0.24738699196273417,1,0.24738699196273417,5,0.0
ENGLEWOOD AVENUE,1305.4460084224804,0.24724356220122737,0.24724356220122737,1,0.24724356220122737,4,0.0
MARLBOROUGH ROAD,1794.159952413798,0.33980302129049206,0.247035508989016,2,0.247035508989016,3,0.0
VAN BUREN STREET,1941.4879382452132,0.3677060489100783,0.24602648633666083,2,0.24602648633666083,7,0.0
HATHERLY ROAD,1296.4977459525185,0.2455488155213103,0.2455488155213103,1,0.2455488155213103,3,0.0
THAYER STREET,1292.2730504665246,0.24474868380047815,0.24474868380047815,1,0.2447486838004782,5,0.0
MAINS AVENUE,1282.7556299106725,0.24294614202853648,0.24294614202853648,1,0.24294614202853654,11,0.0
FARMERS MARKET WAY,1279.1730971308311,0.24226763203235438,0.24226763203235435,1,0.24226763203235438,4,0.0
GORDON AVENUE,1275.8819620853922,0.24164431100102124,0.24164431100102124,1,0.24164431100102124,3,0.0
GRUMBACH AVENUE,1275.031517862775,0.24148324201946494,0.24148324201946494,1,0.24148324201946494,3,0.0
CRESTVIEW DRIVE,1274.5315319766403,0.24138854772284857,0.24138854772284857,1,0.24138854772284857,3,0.0
MELBOURNE AVENUE,1271.786666403517,0.24086868681884793,0.24086868681884793,1,0.24086868681884793,2,0.0
EAST JEFFERSON STREET,1267.9604542138854,0.24014402541929647,0.24014402541929647,1,0.24014402541929647,5,0.0
EAST CHELTENHAM ROAD,1267.6289513397758,0.24008124078404844,0.24008124078404844,1,0.24008124078404844,2,0.0
EAST AVENUE,1262.402994982932,0.23909147632252498,0.23909147632252498,1,0.23909147632252498,2,0.0
NORTH CROUSE AVENUE,1259.655325911574,0.23857108445294964,0.23857108445294964,1,0.23857108445294964,8,0.0
SOUTH FRANKLIN STREET,1257.261312698337,0.2381176728595335,0.2381176728595335,1,0.23811767285953353,6,0.0
CRADDOCK STREET,1720.614376859342,0.325873935011239,0.23758037509631982,2,0.23758037509631982,6,0.0
DAKOTA STREET,1251.6875023405828,0.23706202695844372,0.23706202695844372,1,0.23706202695844372,6,0.0
HARRINGTON ROAD,1246.7296989648883,0.23612304904638035,0.23612304904638035,1,0.23612304904638037,3,0.0
DUKE DRIVE,1239.3812093198048,0.23473128964390244,0.23473128964390244,1,0.23473128964390244,1,0.0
FINEVIEW PLACE,1231.232151031689,0.23318790739236533,0.23318790739236533,1,0.23318790739236533,6,0.0
ELK STREET,1228.904505748201,0.23274706548261384,0.23274706548261384,1,0.23274706548261384,3,0.0
RENWICK AVENUE,1987.4926762174402,0.3764190674654243,0.23160544839201128,2,0.23160544839201125,8,0.0
CATAWBA STREET,1222.4477516975778,0.2315241953972685,0.2315241953972685,1,0.2315241953972685,7,0.0
LEWIS STREET,1220.9750515206827,0.2312452749092202,0.23124527490922017,1,0.23124527490922017,4,0.0
RIDGEWAY AVENUE,1216.7209722369944,0.23043957807518833,0.23043957807518833,1,0.23043957807518833,1,0.0
NIVEN STREET,1215.531864333302,0.23021436824494357,0.23021436824494357,1,0.23021436824494357,2,0.0
WEST JEFFERSON STREET,2356.5586536813803,0.4463179268335948,0.3696288010327576,2,0.22904851530096054,9,0.0
RIVERDALE DRIVE,1207.9468716727615,0.22877781660468968,0.22877781660468968,1,0.22877781660468968,2,0.0
CENTENNIAL DRIVE,1207.845276915374,0.22875857517336629,0.22875857517336629,1,0.22875857517336629,2,0.0
PHARIS STREET,1207.1740300896827,0.22863144509274294,0.22863144509274294,1,0.22863144509274294,2,0.0
ASHWORTH PLACE,1206.30984953328,0.22846777453281816,0.22846777453281816,1,0.22846777453281816,2,0.0
HAMPTON ROAD,1203.042022107689,0.22784886782342595,0.22784886782342595,1,0.22784886782342595,2,0.0
TAFT AVENUE,1201.642790090288,0.22758386175952422,0.22758386175952422,1,0.22758386175952422,5,0.0
POLK STREET,1197.2738720100813,0.2267564151534245,0.2267564151534245,1,0.22667808302628342,3,0.0
PEARL STREET,1196.6608574844968,0.22664031391751835,0.22664031391751835,1,0.22664031391751835,5,0.0
WEYMOUTH ROAD,1191.6577385601825,0.22569275351518608,0.22569275351518608,1,0.22569275351518608,2,0.0
CEDAR STREET,1189.7491436387504,0.2253312772043088,0.2253312772043088,1,0.2253312772043088,2,0.0
NEWBURY HOLLOW LANE,1189.6654844561058,0.22531543266214127,0.22531543266214127,1,0.22531543266214127,1,0.0
LINCOLN PARK DRIVE,1187.8289580693777,0.2249676056949579,0.2249676056949579,1,0.2249676056949579,3,0.0
MARIPOSA STREET,1183.62483202695,0.22417136970207382,0.22417136970207382,1,0.22417136970207382,2,0.0
WESTWOOD ROAD,1256.513569811621,0.23797605488856458,0.23797605488856458,1,0.2234906563526257,5,0.0
MARGUERITE AVENUE,1177.641488028752,0.22303816061150608,0.22303816061150608,1,0.22303816061150608,2,0.0
SOUTH GLENCOVE ROAD,1173.9146825451323,0.2223323262396084,0.2223323262396084,1,0.22233232623960844,5,0.0
VINE STREET,2804.703702622343,0.5311938830724134,0.2217074195444086,3,0.2217074195444086,7,0.0
WOODSIDE DRIVE,1167.0640749720149,0.22103486268409372,0.22103486268409372,1,0.22103486268409372,1,0.0
CLARENCE AVENUE,1166.1359200793631,0.22085907577260666,0.22085907577260666,1,0.22085907577260666,4,0.0
HOWARD STREET,1164.2599315150605,0.22050377490815543,0.22050377490815543,1,0.22050377490815543,3,0.0
PRIMROSE AVENUE,1160.5054928924535,0.2197927069872071,0.2197927069872071,1,0.2197927069872071,2,0.0
ANDERSON AVENUE,1158.8258353680603,0.21947459003182962,0.21947459003182962,1,0.21947459003182962,1,0.0
KENMORE AVENUE,1157.231215026698,0.2191725786035413,0.2191725786035413,1,0.2191725786035413,1,0.0
MILFORD DRIVE WEST,1225.0314615890195,0.23201353439185973,0.23201353439185973,1,0.21900203692439094,4,0.0
EDGEHILL ROAD,1154.945408040149,0.2187396606136646,0.2187396606136646,1,0.2187396606136646,1,0.0
KRAMER DRIVE,1153.7189800579915,0.21850738258674082,0.21850738258674082,1,0.21850738258674082,3,0.0
WOOD AVENUE,1150.259132138618,0.21785210835958674,0.21785210835958674,1,0.21785210835958674,1,0.0
HERRIMAN STREET,1145.444634141191,0.2169402716176498,0.2169402716176498,1,0.2169402716176498,3,0.0
SMITH LANE,1142.0803476808355,0.2163030961516734,0.2163030961516734,1,0.2163030961516734,4,0.0
ELLIS STREET,1141.5161710268776,0.21619624451266622,0.21619624451266622,1,0.21619624451266622,2,0.0
COLLEGE PLACE,1139.6708597316556,0.215846753737056,0.215846753737056,1,0.215846753737056,2,0.0
MILFORD DRIVE EAST,1197.0434464410578,0.22671277394717004,0.22671277394717004,1,0.215610685704924,5,0.0
EAST FLORENCE AVENUE,1138.0328188293822,0.21553651871768603,0.21553651871768603,1,0.21553651871768603,2,0.0
VILLAGE DRIVE,2342.360997451007,0.44362897678996344,0.44362897678996344,1,0.2154797034180976,7,453.5346317289442
KIMBER AVENUE,1137.3105753787524,0.21539973018536981,0.21539973018536981,1,0.21539973018536981,2,0.0
MALVERNE DRIVE,2048.5115368428314,0.38797566985659687,0.21518108713530815,2,0.21518108713530815,3,0.0
ROBERT DRIVE,1135.7731227156562,0.21510854596887427,0.21510854596887427,1,0.21510854596887427,2,0.0
HARRIETTE AVENUE,1134.8167035226716,0.21492740597020293,0.21492740597020293,1,0.21492740597020293,2,0.0
CHAMPLIN DRIVE,1387.9370440961002,0.2628668644121402,0.2628668644121402,1,0.2145984151999932,4,0.0
WIMAN AVENUE,1128.9790293315266,0.21382178585824368,0.21382178585824368,1,0.21382178585824368,1,0.0
EDGEWOOD AVENUE,1123.0506953446263,0.21269899533042166,0.21269899533042166,1,0.21269899533042166,3,0.0
TEJAH AVENUE,1120.7638722933675,0.21226588490404688,0.21226588490404688,1,0.21226588490404688,1,0.0
PARKSIDE AVENUE,1117.7455470585326,0.21169423239744933,0.21169423239744933,1,0.21169423239744933,1,0.0
HAYDEN AVENUE,1115.2599071820339,0.21122346726932462,0.21122346726932462,1,0.21122346726932462,3,0.0
BERTRAM PLACE,1279.3067384434169,0.24229294288701078,0.24229294288701078,1,0.21084070384421286,3,0.0
MOONEY AVENUE,1112.4415382851582,0.21068968528127996,0.21068968528127996,1,0.21068968528127996,2,0.0
ROSEMONT DRIVE,1110.9700602897972,0.21041099626700704,0.21041099626700704,1,0.21041099626700704,3,0.0
PACIFIC AVENUE,1110.4430690720349,0.21031118732424905,0.21031118732424905,1,0.21031118732424908,5,0.0
DAWES AVENUE,1106.8926328516748,0.2096387562219081,0.2096387562219081,1,0.2096387562219081,2,0.0
ELMWOOD AVENUE,1102.7076449548408,0.20884614487781075,0.20884614487781075,1,0.20884614487781075,2,0.0
TEMPLE STREET,1445.3180554359917,0.27373448019621055,0.2077454638883284,2,0.2077454638883284,6,0.0
SENECA STREET,1095.9501988829315,0.20756632554600976,0.20756632554600976,1,0.20756632554600976,3,0.0
HERALD PLACE,1093.9040487193313,0.20717879710593395,0.20717879710593395,1,0.20717879710593395,4,0.0
ORLANDO AVENUE,1093.2545452965044,0.2070557850940349,0.2070557850940349,1,0.2070557850940349,2,0.0
SACKETT STREET,1090.76706714833,0.20658467180839582,0.20658467180839582,1,0.20658467180839582,3,0.0
CHURCHILL AVENUE,1089.4047473799224,0.20632665670074288,0.20632665670074288,1,0.20632665670074288,5,0.0
LOMA AVENUE,2044.2595919711775,0.3871703772672685,0.20591360571299333,2,0.20591360571299333,3,0.0
WEST GLEN AVENUE,1084.7956227800344,0.20545371643561258,0.20545371643561258,1,0.20545371643561258,2,0.0
THURLOW DRIVE,1083.2682570536824,0.20516444262380348,0.20516444262380348,1,0.20516444262380348,1,0.0
APPLE STREET,1083.2068353964967,0.20515280973418495,0.20515280973418495,1,0.20515280973418495,2,0.0
SHERBOURNE ROAD,1080.032174494076,0.2045515481996356,0.2045515481996356,1,0.2045515481996356,4,0.0
WARHAM STREET,1079.1629548746728,0.2043869232717183,0.20438692327171837,1,0.20438692327171837,3,0.0
BARRETT STREET,1073.948269016671,0.20339929337436952,0.20339929337436952,1,0.20339929337436952,3,0.0
LISTMAN AVENUE,1072.9448261423188,0.20320924737543916,0.20320924737543916,1,0.20320924737543916,6,0.0
DOLL PARKWAY,2110.1983309269526,0.39965877479677137,0.20315619703980342,2,0.20315619703980342,4,2110.1983309269526
FORD AVENUE,1063.8853640339846,0.20149344015795162,0.20149344015795162,1,0.20149344015795162,1,0.0
LOCKESLEY ROAD,1063.8472324132608,0.2014862182600873,0.2014862182600873,1,0.2014862182600873,2,0.0
CARLTON DRIVE,2216.4290804048096,0.41977823492515337,0.27274226747818814,2,0.20124323356719684,8,764.0819178692188
SLOCUM AVENUE,1059.7587851285286,0.20071189112282742,0.20071189112282742,1,0.20071189112282742,4,0.0
FISCOE AVENUE,1057.6200907148427,0.2003068353626596,0.2003068353626596,1,0.2003068353626596,1,0.0
EAST CHAFFEE AVENUE,1057.5463263503973,0.2002928648390904,0.2002928648390904,1,0.2002928648390904,4,0.0
ONONDAGA LAKE PARKWAY,1141.216173215277,0.2161394267453176,0.20029099936619765,2,0.20029099936619765,3,1141.216173215277
FAIRFIELD AVENUE,1055.8717184670804,0.19997570425512887,0.19997570425512887,1,0.19997570425512887,2,0.0
COMSTOCK ART,1055.51026249023,0.19990724668375567,0.19990724668375567,1,0.19990724668375567,2,0.0
BENEDICT AVENUE,1054.5674817247946,0.199728689720605,0.199728689720605,1,0.199728689720605,2,0.0
ALTON STREET,1053.5612905021683,0.19953812320116823,0.19953812320116823,1,0.19953812320116823,3,0.0
SWANSEA DRIVE,1051.4963026354608,0.19914702701429182,0.19914702701429182,1,0.19914702701429182,3,0.0
BALL CIRCLE,1049.1573816393163,0.19870404955290083,0.19870404955290083,1,0.19870404955290083,1,0.0
MCKINLEY AVENUE,1047.9985838952628,0.1984845802831937,0.1984845802831937,1,0.1984845802831937,2,0.0
NORTH WILBUR AVENUE,1045.8202428185175,0.19807201568532526,0.19807201568532526,1,0.19807201568532526,2,0.0
WILSON STREET,1041.0830415393627,0.19717481847336418,0.19717481847336418,1,0.19717481847336418,3,0.0
HIGHPOINT STREET,1038.5481116839517,0.19669471812196054,0.19669471812196054,1,0.19669471812196054,1,0.0
COLBY AVENUE,1034.5747623412342,0.19594218983735498,0.19594218983735498,1,0.19594218983735498,1,0.0
CLAIRE ROAD,1033.073134120832,0.19565779055318788,0.19565779055318788,1,0.19565779055318788,2,0.0
OVERLOOK DRIVE,1153.7816072716078,0.21851924380144086,0.195214585107637,1,0.195214585107637,5,0.0
COLUMBIA AVENUE,1029.809817624911,0.19503973818653614,0.19503973818653614,1,0.19503973818653614,2,0.0
WAYNE STREET,1027.4257812030746,0.19458821613694596,0.19458821613694596,1,0.19458821613694596,2,0.0
CLARKE STREET,1026.7828619219638,0.19446645112158406,0.19446645112158406,1,0.19446645112158406,3,0.0
SHIRLEY DRIVE,1026.7025658354446,0.1944512435294403,0.19445124352944032,1,0.19445124352944032,3,0.0
WEST FLORENCE AVENUE,1026.279950548016,0.19437120275530603,0.19437120275530603,1,0.19437120275530603,1,0.0
HOLDEN STREET,1021.9901258860034,0.1935587359632582,0.19355873596325818,1,0.19355873596325818,4,0.0
SUNSTRUCK DRIVE,1021.9222500398197,0.1935458806893598,0.1935458806893598,1,0.1935458806893598,2,0.0
ELDORADO STREET,1020.6502547446286,0.19330497248951298,0.19330497248951298,1,0.19330497248951298,2,0.0
ELSNER STREET,1019.0828875478312,0.1930081226416347,0.1930081226416347,1,0.1930081226416347,4,0.0
LENNOX AVENUE,1180.9943990897723,0.2236731816457902,0.19179617608790384,2,0.19179617608790384,5,0.0
MARKLAND AVENUE,1010.3676375811775,0.19135750711764726,0.19135750711764726,1,0.19135750711764726,2,0.0
SOUTH CARBON STREET,1008.8070052455907,0.19106193281166492,0.19106193281166492,1,0.19106193281166492,3,0.0
STEUBEN STREET,1008.4130510029736,0.1909873202657147,0.1909873202657147,1,0.1909873202657147,1,0.0
DUANE STREET,1007.2308008018964,0.1907634092427834,0.1907634092427834,1,0.1907634092427834,3,0.0
LAWRENCE STREET,1006.860596290904,0.19069329475206515,0.19069329475206515,1,0.19069329475206515,1,0.0
ROCKLAND AVENUE,1002.4851956594094,0.18986462039003968,0.18986462039003968,1,0.18986462039003968,2,0.0
ENGLERT AVENUE,1001.610963590924,0.1896990461346447,0.1896990461346447,1,0.1896990461346447,2,0.0
EMPIRE AVENUE,1001.1974939433866,0.18962073748927777,0.18962073748927777,1,0.18962073748927777,2,0.0
KUHL AVENUE,1000.657311813733,0.18951843026775247,0.18951843026775247,1,0.18951843026775247,1,0.0
BALDWIN AVENUE,990.2866729210821,0.1875542941138413,0.1875542941138413,1,0.1875542941138413,1,0.0
KINNE STREET,989.6614182692817,0.18743587467221245,0.18743587467221245,1,0.18743587467221245,3,0.0
RUTH AVENUE,988.1341590087084,0.18714662102437657,0.18714662102437657,1,0.18714662102437657,1,0.0
HENRY STREET,981.9479869974615,0.18597499753739802,0.18597499753739802,1,0.18597499753739802,2,0.0
GREENLAND DRIVE,979.411064283667,0.1854945197506945,0.1854945197506945,1,0.1854945197506945,1,0.0
ARDEN DRIVE,973.3893519415706,0.18435404392832777,0.18435404392832777,1,0.18435404392832777,3,0.0
EAST RAYNOR AVENUE,2062.908289234448,0.3907023275065243,0.18396133683554938,3,0.18396133683554938,7,0.0
HERBERT STREET,971.2446175956306,0.18394784424159671,0.18394784424159671,1,0.18394784424159671,3,0.0
CIRCLE ROAD,970.5812374841994,0.18382220406897717,0.18382220406897717,1,0.18382220406897717,2,0.0
COMSTOCK PLACE,969.7048137116254,0.1836562147181109,0.1836562147181109,1,0.1836562147181109,2,0.0
SAINT LOUIS AVENUE,966.4392695516837,0.18303774044539464,0.18303774044539464,1,0.18303774044539464,3,0.0
NIAGARA STREET,1690.466154644595,0.32016404444026425,0.18251646428735188,2,0.18251646428735188,5,0.0
CROYDEN ROAD,962.589511283663,0.18230861956129982,0.18230861956129982,1,0.18230861956129982,2,0.0
PROSPECT AVENUE,1812.5954165300884,0.34329458646403194,0.18174195930742465,2,0.18174195930742465,5,0.0
CAMP AVENUE,959.0026202599654,0.18162928414014498,0.18162928414014498,1,0.18162928414014498,4,0.0
KINGSLEY PLACE,958.8806844536367,0.18160619023743121,0.18160619023743121,1,0.18160619023743121,1,0.0
LYNN CIRCLE,953.6972439735373,0.18062447802529116,0.18062447802529116,1,0.18062447802529116,1,0.0
KING STREET,947.635744144995,0.17947646669412784,0.17947646669412784,1,0.17947646669412784,3,0.0
VALLEY VIEW DRIVE,947.2622272238121,0.17940572485299472,0.17940572485299472,1,0.17940572485299472,3,0.0
MAY AVENUE,946.4311426612054,0.17924832247371317,0.17924832247371317,1,0.17924832247371317,2,0.0
RICHARD ROAD,944.6666126054581,0.17891413117527616,0.17891413117527616,1,0.17891413117527616,1,0.0
KNAUL STREET,944.0402055749155,0.17879549348009763,0.17879549348009763,1,0.17879549348009763,3,0.0
AMHERST AVENUE,940.7796799227182,0.178177969682333,0.178177969682333,1,0.178177969682333,2,0.0
PATTISON STREET,938.8519666245652,0.1778128724667737,0.1778128724667737,1,0.1778128724667737,3,0.0
CURTIS STREET,936.7549234118056,0.17741570519162986,0.17741570519162986,1,0.17741570519162986,3,0.0
FERNWOOD AVENUE,936.5873911916801,0.17738397560448488,0.17738397560448488,1,0.17738397560448488,1,0.0
BURDICK AVENUE,1659.1799150988263,0.3142386202838686,0.17733275042065752,2,0.17733275042065752,4,0.0
NORMANOR DRIVE,935.791525901737,0.17723324354199566,0.17723324354199566,1,0.17723324354199566,1,0.0
SIXTH NORTH STREET,1785.7235964861975,0.33820522660723434,0.176800324378645,2,0.176800324378645,5,0.0
LEON STREET,930.1608529657562,0.1761668282132114,0.1761668282132114,1,0.1761668282132114,1,0.0
HERBST AVENUE,929.7843462191064,0.176095520117255,0.176095520117255,1,0.176095520117255,2,0.0
EAST BISSELL STREET,929.2637687458147,0.17599692589882854,0.17599692589882854,1,0.17599692589882854,1,0.0
SMITH ROAD,928.8810006628116,0.17592443194371432,0.17592443194371432,1,0.17592443194371432,2,0.0
SPAULDING AVENUE,926.6249833019232,0.17549715592839454,0.17549715592839454,1,0.17549715592839454,5,0.0
EAST CATHROP AVENUE,962.7149767456675,0.18233238195940674,0.18233238195940674,1,0.17545712169217403,9,926.4136025346788
FAGE AVENUE,925.7361691107089,0.17532881990733123,0.17532881990733123,1,0.17532881990733123,1,0.0
FAIRVIEW AVENUE,924.5000755196766,0.17509471127266601,0.17509471127266601,1,0.17509471127266601,1,0.0
BANK ALLEY,923.0626658299078,0.1748224745889977,0.1748224745889977,1,0.1748224745889977,2,0.0
MONROE STREET,1514.7309317112079,0.28688085827863785,0.17469313096908962,2,0.17469313096908962,7,0.0
SHIRLEY ROAD,921.9563852738287,0.17461295175640695,0.17461295175640695,1,0.17461295175640695,1,0.0
XAVIER CIRCLE,1478.124237005888,0.27994777216020605,0.17418239038523556,1,0.17418239038523556,3,0.0
ELLIOTT STREET,2207.753497667841,0.41813513213406084,0.17377908807481648,3,0.17377908807481648,5,0.0
CRIPPEN AVENUE,914.5912927326675,0.17321804786603553,0.17321804786603553,1,0.17321804786603553,2,0.0
FERRIS AVENUE,913.5540849719127,0.17302160700225622,0.17302160700225622,1,0.17302160700225622,2,0.0
CHERRY STREET,1558.835027423082,0.295233906708917,0.17253165354186212,2,0.17253165354186212,5,0.0
ARCH STREET,909.4136381251325,0.17223743146309328,0.17223743146309328,1,0.17223743146309328,2,0.0
BEVERLY ROAD,908.4154644898474,0.17204838342610748,0.17204838342610748,1,0.17204838342610748,1,0.0
CHATHAM ROAD,906.5736858008829,0.17169956170471268,0.17169956170471268,1,0.17169956170471268,1,0.0
DORSET ROAD,906.000030454872,0.17159091485887729,0.17159091485887729,1,0.17159091485887729,2,0.0
CRESCENT AVENUE,904.6967819103749,0.17134408748302554,0.17134408748302554,1,0.17134408748302554,4,0.0
WEST LYNHURST AVENUE,904.3713326571859,0.17128244936689127,0.17128244936689127,1,0.17128244936689127,1,0.0
CANDEE AVENUE,903.7899621352959,0.17117234131350303,0.17117234131350303,1,0.17117234131350303,3,0.0
GERE AVENUE,901.3491041002012,0.1707100575947351,0.1707100575947351,1,0.1707100575947351,4,0.0
MAYWOOD DRIVE,900.2900576472929,0.1705094806150176,0.1705094806150176,1,0.1705094806150176,1,0.0
WINDHAM DRIVE,1071.0497098006128,0.20285032382587367,0.20285032382587365,1,0.17013396117340446,4,0.0
BRIGGS STREET,1673.205698104921,0.3168950185804775,0.17008898265584999,2,0.17008898265584999,3,0.0
MERRELL ROAD,897.9782872509891,0.17007164531268734,0.17007164531268734,1,0.17007164531268734,2,0.0
HADDON ROAD,1274.1897612488997,0.2413238184183522,0.2413238184183522,1,0.16950622106194244,7,0.0
BERKSHIRE AVENUE,1665.7733358140315,0.31548737420720296,0.1692723520858429,2,0.1692723520858429,5,0.0
ONTARIO STREET,890.7392270083122,0.16870061117581672,0.16870061117581672,1,0.16870061117581672,4,0.0
COOK AVENUE,889.2691091072114,0.1684221797551537,0.1684221797551537,1,0.1684221797551537,2,0.0
BERWYN AVENUE,889.0406701467125,0.16837891480051373,0.16837891480051373,1,0.16837891480051373,1,0.0
HAROLD STREET,888.1183048355101,0.1682042244006648,0.1682042244006648,1,0.1682042244006648,2,0.0
GIRARD AVENUE,883.0428776544655,0.16724296925273968,0.16724296925273968,1,0.16724296925273968,2,0.0
KENWOOD AVENUE,1700.3511076022094,0.3220361946216306,0.16702818568968347,2,0.16702818568968347,4,0.0
ARCHER ROAD,881.3449753472679,0.16692139684607346,0.16692139684607346,1,0.16692139684607346,1,0.0
BENNINGTON DRIVE,878.3238680204744,0.16634921742812014,0.16634921742812014,1,0.16634921742812014,2,0.0
CULVER DRIVE,873.0276513803763,0.16534614609476825,0.16534614609476825,1,0.16534614609476825,3,0.0
FORDHAM ROAD,870.2944626779664,0.16482849671931182,0.16482849671931182,1,0.16482849671931182,3,0.0
GREENWAY AVENUE,870.2618968117278,0.1648223289416151,0.1648223289416151,1,0.1648223289416151,4,0.0
WEST ADAMS STREET,867.134160949295,0.16422995472524526,0.16422995472524526,1,0.16422995472524526,6,0.0
GRAY AVENUE,865.7135504665985,0.16396089970958305,0.16396089970958305,1,0.16396089970958305,3,0.0
WENTE TERRACE,865.2544449062237,0.163873947898906,0.163873947898906,1,0.16387394789890605,3,0.0
HAMPSHIRE ROAD,862.9570120149855,0.1634388280331412,0.1634388280331412,1,0.1634388280331412,2,0.0
CHENEY STREET,861.6566548991941,0.16319254827636254,0.16319254827636254,1,0.16319254827636256,3,0.0
EDISON STREET,1578.415146258311,0.2989422625489226,0.16286920786989528,2,0.16286920786989528,2,0.0
NORTH WEST STREET,859.9346284884709,0.16286640691069526,0.16286640691069526,1,0.16286640691069526,2,0.0
SOUTH LOWELL AVENUE,1189.0077802432827,0.22519086747031872,0.1626216787257262,3,0.1626216787257262,5,330.36531657144843
MENLO DRIVE,855.787693858104,0.16208100262464092,0.16208100262464092,1,0.16208100262464092,3,0.0
DIDAMA STREET,855.0082706999438,0.16193338460226206,0.16193338460226206,1,0.16193338460226206,1,0.0
RANDOLPH STREET,854.0781726219208,0.16175722966324257,0.16175722966324257,1,0.16175722966324257,2,0.0
ONONDAGA TERRACE,852.0332467416097,0.16136993309500183,0.16136993309500183,1,0.16136993309500183,1,0.0
ALDEN STREET,849.4069601299088,0.16087253032763427,0.16087253032763427,1,0.16087253032763427,1,0.0
LYNCH STREET,847.4526725361824,0.1605024001015497,0.1605024001015497,1,0.1605024001015497,2,0.0
MAYAR STREET,843.3478513006557,0.1597249718372454,0.1597249718372454,1,0.1597249718372454,1,0.0
UNIVERSITY PLACE,1222.0791917486667,0.23145439237664142,0.15936146285450165,2,0.15936146285450165,3,0.0
DICKERSON STREET,839.2148783667791,0.15894221181189,0.15894221181189,1,0.15894221181189,6,0.0
SHOECRAFT ROAD,837.5647585777443,0.1586296891245728,0.1586296891245728,1,0.1586296891245728,2,0.0
RUSKIN AVENUE,833.7520495649896,0.15790758514488443,0.15790758514488443,1,0.15790758514488443,1,0.0
MAPLE TERRACE,832.4207626151624,0.15765544746499288,0.15765544746499288,1,0.15765544746499288,1,0.0
MALTBIE STREET,832.3504931384192,0.15764213885197334,0.15764213885197334,1,0.15764213885197334,2,0.0
TERRACE ROAD,828.9711207656732,0.1570021062056199,0.1570021062056199,1,0.1570021062056199,3,0.0
DELONG AVENUE,825.6224226214251,0.15636788307223962,0.15636788307223962,1,0.15636788307223962,1,0.0
BISHOP AVENUE,1469.0637625071104,0.27823177320210424,0.15604270491956188,2,0.15604270491956188,3,0.0
UNION AVENUE,821.2775524841923,0.155544991000794,0.155544991000794,1,0.155544991000794,3,0.0
NEW STREET,818.459768857083,0.155011319859296,0.155011319859296,1,0.155011319859296,3,0.0
RANDALL AVENUE,818.1254665082936,0.15494800502051015,0.15494800502051015,1,0.15494800502051015,1,0.0
LAFORTE AVENUE,817.0247031504377,0.15473952711182534,0.15473952711182534,1,0.15473952711182534,2,0.0
LAMSON STREET,1580.947326635821,0.2994218421658752,0.1543786890036871,2,0.1543786890036871,3,0.0
EUREKA STREET,814.5689843199438,0.1542744288484742,0.1542744288484742,1,0.1542744288484742,2,0.0
ALBERT ROAD,1613.774200436406,0.30563905311295575,0.1542057642977605,2,0.1542057642977605,3,0.0
JACKSON STREET,813.106115769402,0.15399737041087158,0.15399737041087158,1,0.15399737041087158,6,0.0
ISABELLA STREET,807.6601681615557,0.15296594093968857,0.15296594093968857,1,0.15296594093968857,2,0.0
CONKLIN AVENUE,806.8461729245028,0.15281177517509523,0.15281177517509523,1,0.15281177517509523,2,0.0
HOBART AVENUE,806.4955354478569,0.15274536656209411,0.15274536656209411,1,0.15274536656209411,1,0.0
BROOKLEA DRIVE,804.2847060885609,0.15232664888040928,0.15232664888040928,1,0.15232664888040928,3,0.0
JUNEWAY ROAD,803.1289475353749,0.15210775521503314,0.15210775521503314,1,0.15210775521503314,2,0.0
SWEETING STREET,802.796805769325,0.1520448495775237,0.1520448495775237,1,0.1520448495775237,2,0.0
MUNSON DRIVE,800.9482785692726,0.1516947497290289,0.1516947497290289,1,0.1516947497290289,1,0.0
ANDOVER ROAD,798.7934890704353,0.15128664565727942,0.15128664565727942,1,0.15128664565727942,3,0.0
WOLCOTT TERRACE,798.1109224861906,0.15115737168299065,0.15115737168299065,1,0.15115737168299065,1,0.0
CRATON STREET,798.0268411002229,0.1511414471780725,0.1511414471780725,1,0.1511414471780725,2,0.0
GORLAND AVENUE,795.7276852541354,0.1507060009951014,0.1507060009951014,1,0.1507060009951014,2,0.0
WEST CHELTENHAM ROAD,794.5879778726185,0.15049014732435956,0.15049014732435956,1,0.15049014732435956,1,0.0
WOODLAWN TERRACE,793.8417204627866,0.1503488106937096,0.1503488106937096,1,0.1503488106937096,2,0.0
CORTLAND PLACE,793.6061870190864,0.1503042020869482,0.1503042020869482,1,0.1503042020869482,1,0.0
ELIZABETH STREET,791.1430140467835,0.14983769205431505,0.14983769205431505,1,0.14983769205431505,3,0.0
CHESTER STREET,790.9062358117941,0.14979284769162768,0.14979284769162768,1,0.14979284769162768,1,0.0
ANNETTA STREET,789.4434338297319,0.14951580186169164,0.14951580186169164,1,0.14951580186169164,1,0.0
SEELEY AVENUE,788.7575055624028,0.14938589120500054,0.14938589120500054,1,0.14938589120500054,1,0.0
OAK LEAF DRIVE,784.3901299928907,0.14855873674107778,0.14855873674107778,1,0.14855873674107778,2,0.0
CEDAR RIDGE APARTMENTS,947.0221095054472,0.1793602480123953,0.1793602480123953,1,0.1485024913728598,2,0.0
HUNTLEY STREET,1517.9011890117788,0.2874812857976854,0.14812461891611672,2,0.14812461891611672,3,0.0
EDTIM ROAD,774.2298908646736,0.1466344490274003,0.1466344490274003,1,0.1466344490274003,1,0.0
SCHILLER AVENUE,773.9057780234568,0.1465730640195941,0.1465730640195941,1,0.1465730640195941,1,0.0
CADWELL STREET,770.9902845357736,0.1460208872226844,0.1460208872226844,1,0.1460208872226844,4,0.0
REDFIELD PLACE,770.242057044125,0.1458791774704782,0.1458791774704782,1,0.1458791774704782,1,0.0
ONONDAGA PARK DRIVE EAST,770.0817974264498,0.14584882527016096,0.14584882527016096,1,0.14584882527016096,2,0.0
HUNTINGTON ROAD,769.9017712019328,0.14581472939430545,0.14581472939430545,1,0.14581472939430545,2,0.0
JANET DRIVE,768.5090769704385,0.14555096154743155,0.14555096154743155,1,0.14555096154743155,2,0.0
CRESLINE DRIVE,767.9517929711403,0.14544541533544325,0.14544541533544325,1,0.14544541533544325,1,0.0
RAMSEY AVENUE,766.8522251159259,0.14523716384771324,0.14523716384771324,1,0.14523716384771324,2,0.0
SPRINGBROOK AVENUE,764.7756886690186,0.14484388042973836,0.14484388042973836,1,0.14484388042973836,3,0.0
WHITE STREET,764.2928583719342,0.1447524352977148,0.1447524352977148,1,0.1447524352977148,1,0.0
GAME ROAD,763.899080548734,0.14467785616453296,0.14467785616453296,1,0.14467785616453296,1,0.0
NEUTRAL COURT,763.2314289459156,0.1445514069973325,0.1445514069973325,1,0.1445514069973325,1,0.0
INTREPID LANE,763.2300169545568,0.14455113957472668,0.14455113957472668,1,0.14455113957472668,2,0.0
WEST WARRINGTON ROAD,758.0040714996168,0.14356137717795772,0.14356137717795772,1,0.14356137717795772,2,0.0
WASHINGTON SQUARE,1523.792271624624,0.28859702114102725,0.2885970211410273,1,0.14328389604352965,6,0.0
LUDDINGTON STREET,1437.929720793659,0.27233517439273847,0.14312320565220016,2,0.14312320565220016,3,0.0
MCALLISTER AVENUE,755.1796177267488,0.14302644275127818,0.14302644275127818,1,0.14302644275127818,2,0.0
MARVIN ROAD,745.4627413319066,0.14118612525225505,0.14118612525225505,1,0.14118612525225505,1,0.0
FEIGEL AVENUE,744.9096520723941,0.14108137349855948,0.14108137349855948,1,0.14108137349855948,1,0.0
CONCORD PLACE,1309.9661111174416,0.24809964225709122,0.24809964225709125,1,0.14020753587350274,8,1138.819807566485
SAND STREET,1027.618121214277,0.19462464416937064,0.13997346986253723,2,0.13997346986253723,3,0.0
HENSBERRY ROAD,737.1816735802684,0.13961774120838416,0.13961774120838416,1,0.13961774120838416,1,0.0
WOODLAND AVENUE,884.539732361324,0.167526464462372,0.13912301534954308,2,0.13912301534954308,3,0.0
JACLYN DRIVE,734.3864650338882,0.1390883456503576,0.1390883456503576,1,0.1390883456503576,1,0.0
OAKLAND STREET,733.3327161510861,0.13888877199831176,0.13888877199831176,1,0.13888877199831176,1,0.0
BRADFORD LANE,732.8141336273194,0.13879055561123474,0.13879055561123474,1,0.13879055561123474,2,0.0
ATKINSON AVENUE,732.4641044622309,0.13872426220875586,0.13872426220875586,1,0.13872426220875586,1,0.0
CUMBERLAND PLACE,732.3520176959267,0.13870303365453157,0.13870303365453157,1,0.13870303365453157,3,0.0
FAIRDALE AVENUE,731.9480979910727,0.13862653371043046,0.13862653371043046,1,0.13862653371043046,2,0.0
SPAID AVENUE,730.9584368460792,0.138439097887515,0.138439097887515,1,0.138439097887515,3,0.0
AMY STREET,730.4303544100264,0.13833908227462624,0.13833908227462624,1,0.13833908227462624,1,0.0
VICTORIA PLACE,728.7244295959844,0.13801599045378493,0.13801599045378493,1,0.13801599045378493,1,0.0
MARIS DRIVE,728.6495871077285,0.1380018157401001,0.1380018157401001,1,0.1380018157401001,2,0.0
MARGINAL STREET,728.6322203467266,0.13799852658081943,0.13799852658081943,1,0.13799852658081943,2,0.0
SAINT MARKS AVENUE,723.1601629939452,0.13696215208218657,0.13696215208218657,1,0.13696215208218657,3,0.0
CONGRESS AVENUE,721.5698891322972,0.1366609638508139,0.1366609638508139,1,0.1366609638508139,3,0.0
LEWISTON DRIVE,720.8003657168094,0.13651522077969877,0.13651522077969877,1,0.13651522077969877,2,0.0
FENTON STREET,717.5136205677215,0.13589273116812908,0.13589273116812908,1,0.13589273116812908,3,0.0
SHERMAN STREET,715.7899934889666,0.13556628664563763,0.13556628664563763,1,0.13556628664563763,3,0.0
WEST MARCELLUS STREET,1180.7262686695044,0.22362239936922432,0.13540318783235533,2,0.13540318783235533,4,0.0
HODES WAY,713.6241594871764,0.13515609081196522,0.13515609081196522,1,0.13515609081196522,2,0.0
TECUMSEH STREET,712.8354861344255,0.13500672085879273,0.13500672085879273,1,0.13500672085879273,3,0.0
AVON ROAD,712.1795404105394,0.13488248871411732,0.13488248871411732,1,0.13488248871411732,1,0.0
LYNWOOD AVENUE,709.9914608752176,0.13446807971121547,0.13446807971121547,1,0.13446807971121547,1,0.0
OSTRAM AVENUE,707.888593067199,0.1340698092930301,0.1340698092930301,1,0.1340698092930301,1,0.0
STANDART STREET,706.5306917963026,0.133812631022027,0.133812631022027,1,0.133812631022027,2,0.0
PETERS STREET,706.0793760768344,0.1337271545600065,0.1337271545600065,1,0.1337271545600065,1,0.0
JOSEPHINE STREET,703.8407633293085,0.1333031748729751,0.1333031748729751,1,0.1333031748729751,1,0.0
JULIAN PLACE,703.5801328709819,0.1332538130437466,0.1332538130437466,1,0.1332538130437466,3,0.0
HILTON ROAD,702.517077623374,0.1330524768226087,0.1330524768226087,1,0.1330524768226087,2,0.0
SUNNYSIDE ROAD,702.4356864790319,0.13303706183315,0.13303706183315,1,0.13303706183315,2,0.0
BYRNE PLACE,696.0490066430143,0.13182746337935877,0.13182746337935877,1,0.13182746337935877,2,0.0
WORDEN AVENUE,695.7629186205907,0.13177328004177855,0.13177328004177855,1,0.13177328004177855,1,0.0
ARNTS PLACE,695.2747172541724,0.13168081766177508,0.13168081766177508,1,0.13168081766177508,1,0.0
MURRAY AVENUE,694.7859719390983,0.13158825226119286,0.13158825226119286,1,0.13158825226119286,1,0.0
DELHI STREET,693.6153493326578,0.1313665434342155,0.1313665434342155,1,0.1313665434342155,2,0.0
ABERDEEN TERRACE,1256.576061793365,0.2379878904911676,0.13060245353314826,2,0.13060245353314826,2,0.0
SUNNYSIDE PARK ROAD,689.3758468118904,0.13056360735073683,0.13056360735073683,1,0.13056360735073683,1,0.0
WEST WILLOW STREET,689.2090904630821,0.13053202470891706,0.13053202470891706,1,0.13053202470891706,2,0.0
SLAYTON AVENUE,688.7259810574377,0.1304405267154238,0.1304405267154238,1,0.1304405267154238,1,0.0
EAST ONONDAGA STREET,1784.8763397567386,0.33804476131756417,0.1297260107710413,3,0.1297260107710413,3,0.0
EASTWOOD ROAD,684.1132908351265,0.12956691114301638,0.12956691114301638,1,0.12956691114301638,2,0.0
SAFETY LANE,682.1863346240273,0.12920195731515668,0.12920195731515668,1,0.12920195731515668,1,0.0
RILL AVENUE,681.6875232292554,0.12910748546008624,0.12910748546008624,1,0.12910748546008624,3,0.0
ERICKSON STREET,1352.595304521302,0.2561733531290345,0.12893285190126647,2,0.12893285190126647,3,0.0
BLAINE STREET,677.9280427893899,0.12839546264950566,0.12839546264950566,1,0.12839546264950566,1,0.0
UPLAND ROAD,675.2976149023516,0.1278972755496878,0.1278972755496878,1,0.1278972755496878,1,0.0
KIDD AVENUE,673.6594198936162,0.1275870113434879,0.1275870113434879,1,0.1275870113434879,1,0.0
DUNDEE DRIVE,673.4752320793211,0.12755212728775023,0.12755212728775023,1,0.12755212728775023,1,0.0
KAPPESSER STREET,669.629959553979,0.1268238559761324,0.1268238559761324,1,0.1268238559761324,1,0.0
BUNGALOW TERRACE,669.1111851081046,0.12672560324017132,0.12672560324017132,1,0.12672560324017132,1,0.0
KLINE STREET,665.2666296195051,0.12599746773096687,0.12599746773096687,1,0.12599746773096687,2,0.0
MCDONALD ROAD,663.8499006716639,0.1257291478544818,0.1257291478544818,1,0.1257291478544818,3,0.0
ARGYLE TERRACE,662.7694722832089,0.12552452126575928,0.12552452126575928,1,0.12552452126575928,2,0.0
SEDGWICK ROAD,659.5888114014139,0.12492212337147991,0.12492212337147991,1,0.12492212337147991,2,0.0
HAWTHORNE STREET,659.055510403395,0.12482111939458239,0.12482111939458239,1,0.12482111939458239,2,0.0
ALEXANDER AVENUE,658.2821061890995,0.12467464132369309,0.12467464132369309,1,0.12467464132369309,1,0.0
ACADEMY STREET,658.0524942285579,0.12463115420995416,0.12463115420995416,1,0.12463115420995416,2,0.0
JEROME STREET,657.9816680748787,0.12461774016569671,0.12461774016569671,1,0.12461774016569671,2,0.0
GEORGE STREET,653.7867135802661,0.12382324120838373,0.12382324120838373,1,0.12382324120838373,2,0.0
HURON STREET,653.6002292545497,0.1237879222073011,0.1237879222073011,1,0.1237879222073011,1,0.0
LINDEN STREET,650.6494437675592,0.12322906131961349,0.12322906131961349,1,0.12322906131961349,2,0.0
DRISCOLL AVENUE,651.346941274751,0.12336116312021798,0.12336116312021801,1,0.12319044198660772,4,0.0
DIANA AVENUE,649.5898744207823,0.12302838530696635,0.12302838530696635,1,0.12302838530696635,1,0.0
WEST BISSELL STREET,647.2838694320848,0.12259164193789485,0.12259164193789485,1,0.12259164193789485,1,0.0
BELLEVUE TERRACE,641.7879890924254,0.12155075550992905,0.12155075550992905,1,0.12155075550992905,1,0.0
CORNELL AVENUE,638.3749864581572,0.1209043534958631,0.1209043534958631,1,0.1209043534958631,1,0.0
KEEN PLACE,636.8350432116556,0.12061269757796507,0.12061269757796507,1,0.12061269757796507,1,0.0
WEBSTERS LANDING,631.8401713335143,0.1196666991161959,0.11966669911619587,1,0.1196666991161959,4,0.0
BARKER AVENUE,631.3883758092101,0.11958113178204736,0.11958113178204736,1,0.11958113178204736,3,0.0
CALVIN ROAD,630.0105157608236,0.11932017343954994,0.11932017343954994,1,0.11932017343954994,2,0.0
EVALEEN AVENUE,629.7748686304215,0.11927554330121619,0.11927554330121619,1,0.11927554330121619,1,0.0
ENFIELD PLACE,629.558679595357,0.11923459840821156,0.11923459840821156,1,0.11923459840821156,2,0.0
SCHNEIDER STREET,629.4057272135293,0.11920563015407752,0.11920563015407752,1,0.11920563015407752,1,0.0
CORAL AVENUE,628.9565323920788,0.11912055537728765,0.11912055537728765,1,0.11912055537728765,2,0.0
DEPALMA AVENUE,628.585379107135,0.11905026119453314,0.11905026119453314,1,0.11905026119453314,1,0.0
EAST BORDEN AVENUE,1168.2811147466812,0.22126536264141689,0.11841715797708981,2,0.11841715797708981,3,0.0
MAURICE AVENUE,624.855618855578,0.11834386720749582,0.11834386720749582,1,0.11834386720749582,1,0.0
SOMERSET ROAD,624.2186439901715,0.11822322802844157,0.11822322802844157,1,0.11822322802844157,1,0.0
WINDSOR PLACE,622.0956924144875,0.11782115386638022,0.11782115386638022,1,0.11782115386638022,1,0.0
MEDORA PLACE,620.6301119587409,0.1175435818103676,0.1175435818103676,1,0.1175435818103676,3,0.0
EAST MATSON AVENUE,619.4775436789536,0.11732529236343818,0.11732529236343818,1,0.11732529236343818,1,0.0
MINERVA STREET,615.1769130529831,0.11651077898730741,0.11651077898730741,1,0.11651077898730741,1,0.0
HOLMES STREET,615.049298999586,0.11648660965901249,0.11648660965901249,1,0.11648660965901249,2,0.0
SHARON DRIVE,613.0290620185453,0.1161039890186639,0.1161039890186639,1,0.1161039890186639,1,0.0
FOXBORO ROAD,610.9797851634711,0.11571586840217256,0.11571586840217256,1,0.11571586840217256,2,0.0
CITY CROSSROADS DRIVE,609.1479254444326,0.11536892527356679,0.11536892527356679,1,0.11536892527356679,1,0.0
HARBOR STREET,608.4032049618373,0.1152278797276207,0.1152278797276207,1,0.1152278797276207,1,0.0
VIEAU DRIVE,607.5198869539067,0.11506058465036113,0.11506058465036113,1,0.11506058465036113,2,0.0
SCHOOL STREET,602.7703373368333,0.11416104873803662,0.11416104873803662,1,0.11416104873803662,3,0.0
OLIVE STREET,599.617363979311,0.11356389469305134,0.11356389469305134,1,0.11356389469305134,1,0.0
MILTON AVENUE SPUR,597.7916048922572,0.11321810698716991,0.11321810698716991,1,0.11321810698716991,1,0.0
WELLINGTON PLACE,596.1848683428473,0.11291380082250894,0.11291380082250894,1,0.11291380082250894,1,0.0
SCHULER STREET,594.6932973991815,0.11263130632560255,0.11263130632560255,1,0.11263130632560255,1,0.0
RICHARDSON AVENUE,593.78291468408,0.11245888535683332,0.11245888535683332,1,0.11245888535683332,1,0.0
DEVINE STREET,592.6836036775193,0.11225068251468169,0.11225068251468169,1,0.11225068251468169,4,0.0
SIDNEY STREET,591.7283897471982,0.11206977078545421,0.11206977078545421,1,0.11206977078545421,2,0.0
HASBROUCK STREET,591.4184893317471,0.11201107752495211,0.11201107752495211,1,0.11201107752495211,1,0.0
AVONDALE PLACE,590.6856646711065,0.11187228497558835,0.11187228497558835,1,0.11187228497558835,1,0.0
ARNETT AVENUE,589.9464909975345,0.11173228996165427,0.11173228996165427,1,0.11173228996165427,4,0.0
HERTFORD STREET,589.5445661172605,0.11165616782523874,0.11165616782523874,1,0.11165616782523874,2,0.0
STRAND PLACE,585.5094687868066,0.11089194484598609,0.11089194484598609,1,0.11089194484598609,1,0.0
GUILFORD ROAD,1026.9279518198873,0.19449393026891806,0.11042975836830322,2,0.11042975836830322,2,0.0
FOUNTAIN STREET,582.9225730931154,0.1104020024797567,0.1104020024797567,1,0.1104020024797567,1,0.0
MORTON STREET,582.4463077818475,0.11031180071625898,0.11031180071625898,1,0.11031180071625898,2,0.0
GIMINSKI DRIVE,582.2722944074407,0.11027884363777285,0.11027884363777285,1,0.11027884363777285,1,0.0
RIVOLI AVENUE,582.1703233225206,0.11025953093229557,0.11025953093229557,1,0.11025953093229557,3,0.0
VALE STREET,580.3497950518002,0.1099147339113258,0.1099147339113258,1,0.1099147339113258,1,0.0
WILLIAMS STREET,579.826962706943,0.10981571263389074,0.10981571263389074,1,0.10981571263389074,2,0.0
RONEY LANE,846.5873383831113,0.16033851105740746,0.1603385110574074,1,0.10981082751163002,8,0.0
MICHAELS AVENUE,579.8005873648401,0.109810717303947,0.109810717303947,1,0.109810717303947,1,0.0
OAKDALE DRIVE,579.5273291772004,0.10975896385931826,0.10975896385931826,1,0.10975896385931826,1,0.0
HAYES TERRACE,578.4335030065491,0.10955179981184643,0.10955179981184643,1,0.10955179981184643,2,0.0
MAXWELL AVENUE,577.6470494928487,0.10940285028273651,0.10940285028273651,1,0.10940285028273651,1,0.0
BRADFORD STREET,576.6240938540785,0.10920910868448457,0.10920910868448457,1,0.10920910868448457,1,0.0
STEVENS AVENUE,576.5224713054397,0.10918986198966663,0.10918986198966663,1,0.10918986198966663,2,0.0
ETHEL STREET,575.0867034322649,0.10891793625611079,0.10891793625611079,1,0.10891793625611079,2,0.0
SARAH LOGUEN STREET,574.8552968547377,0.10887410925279123,0.10887410925279123,1,0.10887410925279123,1,0.0
BURLINGAME ROAD,992.7237352935689,0.18801585895711534,0.10886860589227465,1,0.10886860589227465,3,0.0
CRAFTON AVENUE,573.0379924478577,0.10852992281209427,0.10852992281209427,1,0.10852992281209427,2,0.0
UNION PLACE,959.6357836664936,0.18174920145198742,0.10778872691449425,2,0.10778872691449425,4,0.0
ELIZABETH BLACKWELL STREET,568.8392847231818,0.10773471301575414,0.10773471301575414,1,0.10773471301575414,1,0.0
RONEY ROAD,568.2728784957143,0.1076274391090368,0.1076274391090368,1,0.1076274391090368,1,0.0
DEARBORN PLACE,567.6166738198693,0.10750315792042979,0.10750315792042979,1,0.10750315792042979,1,0.0
CHARLOTTE STREET,565.9107045306498,0.10718005767625943,0.10718005767625943,1,0.10718005767625943,1,0.0
JEAN AVENUE,563.706266542821,0.10676255048159489,0.10676255048159489,1,0.10676255048159489,1,0.0
HUGHES PLACE,562.291273219703,0.10649455932191346,0.10649455932191346,1,0.10649455932191346,1,0.0
GRANT TERRACE,561.2465287986522,0.1062966910603508,0.1062966910603508,1,0.1062966910603508,4,0.0
MARK AVENUE,560.5245151244437,0.10615994604629617,0.10615994604629617,1,0.10615994604629617,2,0.0
NORTH WARREN STREET,559.8862430676214,0.10603906118704952,0.10603906118704952,1,0.10603906118704952,2,0.0
MCCHESNEY PARK DRIVE,559.1508656530457,0.10589978516156168,0.10589978516156168,1,0.10589978516156168,1,0.0
HAFFENDEN ROAD,557.8579151703007,0.1056549081761933,0.1056549081761933,1,0.1056549081761933,2,0.0
HARRISON PLACE,557.5523288746604,0.1055970319838372,0.1055970319838372,1,0.1055970319838372,1,0.0
BEARD PLACE,552.4779896464235,0.10463598288758019,0.10463598288758019,1,0.10463598288758019,1,0.0
SCHOECK AVENUE,550.2368157338693,0.10421151813141466,0.10421151813141466,1,0.10421151813141466,1,0.0
WINDEMERE ROAD,550.0577007267351,0.10417759483460892,0.10417759483460892,1,0.10417759483460892,2,0.0
MCCLURE AVENUE,549.21421206016,0.10401784319321213,0.10401784319321213,1,0.10401784319321213,1,0.0
SATURN DRIVE,549.1977145143708,0.10401471865802478,0.10401471865802478,1,0.10401471865802478,1,0.0
BUTLER STREET,548.7425787908736,0.10392851871039271,0.10392851871039271,1,0.10392851871039271,1,0.0
TRINITY PLACE,538.1863146863675,0.10192922626635749,0.10192922626635749,1,0.10192922626635749,1,0.0
ARBOR LANE,534.2314554184126,0.10118019988985086,0.10118019988985086,1,0.10118019988985086,1,0.0
WELDON AVENUE,533.8375602620796,0.10110559853448478,0.10110559853448478,1,0.10110559853448478,2,0.0
BRACE STREET,533.0532321454594,0.10095705154270064,0.10095705154270064,1,0.10095705154270064,1,0.0
HILLSBORO PLACE,692.4630740839142,0.1311483094855898,0.1311483094855898,1,0.10064381426799415,4,0.0
MARLETT STREET,531.0173255880192,0.10057146317954907,0.10057146317954907,1,0.10057146317954907,2,0.0
EAST BEARD AVENUE,529.256158945077,0.10023790889111306,0.10023790889111306,1,0.10023790889111306,2,0.0
DILLAYE AVENUE,528.3104514847521,0.1000587976296879,0.1000587976296879,1,0.1000587976296879,2,0.0
GLAHN AVENUE,526.8876219371559,0.09978932233658255,0.09978932233658255,1,0.09978932233658255,1,0.0
NORTH LORRAINE AVENUE,524.8773586884837,0.09940859066069768,0.09940859066069768,1,0.09940859066069768,1,0.0
HUGHES PLACE NORTH,524.7857189713873,0.09939123465367185,0.09939123465367185,1,0.09939123465367185,2,0.0
GRIFFIN STREET,521.7859441016649,0.09882309547380017,0.09882309547380017,1,0.09882309547380017,1,0.0
MINEOLA DRIVE,521.7103545929876,0.09880877927897494,0.09880877927897494,1,0.09880877927897494,1,0.0
MARQUETTE STREET,986.5053395707578,0.1868381324944617,0.09868173375413637,2,0.09868173375413637,2,0.0
HIAWATHA PLACE,738.8435231739504,0.13993248544961182,0.13993248544961182,1,0.09866274235039459,3,0.0
KIRKWOOD PLACE,520.5106078957277,0.09858155452570601,0.09858155452570601,1,0.09858155452570601,1,0.0
TOWNSEND PLACE,518.1200731903316,0.0981288017405931,0.0981288017405931,1,0.0981288017405931,1,0.0
GEBHARDT AVENUE,517.1753285819384,0.09794987283748834,0.09794987283748834,1,0.09794987283748834,1,0.0
LOCK ALLEY,516.7296490879025,0.09786546384240577,0.09786546384240577,1,0.09786546384240577,1,0.0
PIERCE STREET,514.4065749474019,0.09742548767943217,0.09742548767943217,1,0.09742548767943217,1,0.0
CONAN STREET,514.2130219653814,0.09738882991768585,0.09738882991768585,1,0.09738882991768585,2,0.0
NURSERY LANE,626.7189046666814,0.11869676224747754,0.09723555978128152,1,0.09723555978128152,4,0.0
DYER COURT,513.3187989237695,0.09721946949313816,0.09721946949313816,1,0.09721946949313817,3,0.0
CLOVER STREET,512.2198532421518,0.09701133584131663,0.09701133584131663,1,0.09701133584131663,1,0.0
ARSENAL DRIVE,510.99944718952906,0.0967801983313502,0.0967801983313502,1,0.0967801983313502,1,0.0
LEA LANE,508.1867959755015,0.09624749923778438,0.09624749923778438,1,0.09624749923778438,1,0.0
PHILLIPS ROAD,507.73695516436266,0.09616230211446262,0.09616230211446262,1,0.09616230211446262,1,0.0
SHELDON AVENUE,506.35339379099537,0.09590026397556731,0.09590026397556731,1,0.09590026397556731,1,0.0
OXFORD STREET,663.9918996026693,0.12575604159141465,0.09588504761169758,2,0.09588504761169758,2,0.0
GANNETT AVENUE,505.048472176947,0.09565311973048239,0.09565311973048239,1,0.09565311973048239,1,0.0
SAINT ANNE DRIVE,503.8715108753972,0.09543021039306765,0.09543021039306765,1,0.09543021039306765,2,0.0
TEMPLE PLACE,503.8364042400791,0.09542356140910589,0.09542356140910589,1,0.09542356140910589,1,0.0
HERZ STREET,503.61686373441324,0.09538198176788129,0.09538198176788129,1,0.09538198176788129,1,0.0
CORDOVA STREET,503.4863732707815,0.09535726766492074,0.09535726766492074,1,0.09535726766492074,1,0.0
BOISE DRIVE,500.9769123584866,0.09488199097698609,0.09488199097698609,1,0.09488199097698609,2,0.0
CODY AVENUE,500.2697878919132,0.09474806588861993,0.09474806588861993,1,0.09474806588861993,1,0.0
OLD LIVERPOOL ROAD,850.678597610918,0.16111337075964358,0.09465360217520187,2,0.09465360217520187,3,850.678597610918
AMES AVENUE,498.45604213561325,0.09440455343477523,0.09440455343477523,1,0.09440455343477523,2,0.0
COURT TERRACE,498.4305222108383,0.09439972011568908,0.09439972011568908,1,0.09439972011568908,1,0.0
SALT STREET,497.9681653679006,0.09431215253179936,0.09431215253179936,1,0.09431215253179936,1,0.0
AVOCA STREET,496.9440647547479,0.09411819408233861,0.09411819408233861,1,0.09411819408233861,1,0.0
GRANGER STREET,836.2359236900116,0.158378015850381,0.09296166093029812,2,0.09296166093029812,4,0.0
HILLCREST ROAD,490.0176564616979,0.09280637432986703,0.09280637432986703,1,0.09280637432986703,1,0.0
MCCORMICK AVENUE,489.3036696438901,0.09267114955376707,0.09267114955376707,1,0.09267114955376707,3,0.0
ROSE AVENUE,488.531870901006,0.09252497554943297,0.09252497554943297,1,0.09252497554943297,1,0.0
MANILLA STREET,487.9930218779964,0.09242292081022659,0.09242292081022659,1,0.09242292081022659,1,0.0
GILBERT STREET,487.46917129035955,0.09232370668378022,0.09232370668378022,1,0.09232370668378022,1,0.0
MCCARTHY AVENUE,485.2476212692371,0.09190295857371915,0.09190295857371915,1,0.09190295857371915,2,0.0
POND LANE,483.7551352784734,0.09162029077243815,0.09162029077243815,1,0.09162029077243815,1,0.0
EXCHANGE STREET,483.2715180380251,0.0915286965981108,0.0915286965981108,1,0.0915286965981108,1,0.0
CARLISLE STREET,480.1860673143895,0.09094433093075559,0.09094433093075559,1,0.09094433093075559,1,0.0
PASTIME DRIVE,479.2079329552376,0.09075907821121924,0.09075907821121924,1,0.09075907821121924,1,0.0
PENNSYLVANIA AVENUE,478.72840341944624,0.09066825822337997,0.09066825822337997,1,0.09066825822337997,1,0.0
ROCKWOOD PLACE,477.8671660692871,0.09050514508888015,0.09050514508888015,1,0.09050514508888015,3,0.0
KILLIAN DRIVE,477.4813348718051,0.09043207099844794,0.09043207099844794,1,0.09043207099844794,2,0.0
CUMMINGS AVENUE,476.96840719994543,0.09033492560605028,0.09033492560605028,1,0.09033492560605028,1,0.0
RUSSELL PLACE,474.5984275568088,0.08988606582515318,0.08988606582515318,1,0.08988606582515318,1,0.0
MALCOLM STREET,473.30110574093726,0.08964036093578358,0.08964036093578358,1,0.08964036093578358,1,0.0
DELL STREET,473.03849612366963,0.08959062426584652,0.08959062426584652,1,0.08959062426584652,2,0.0
FLETCHER AVENUE,792.2227188713969,0.15004218160443122,0.0895051727175049,2,0.0895051727175049,2,0.0
FORDLAND AVENUE,471.4708026921061,0.0892937126310807,0.0892937126310807,1,0.0892937126310807,2,0.0
HUNTER AVENUE,471.3027742857498,0.08926188906927081,0.08926188906927081,1,0.08926188906927081,2,0.0
JUDSON STREET,470.8028899030311,0.08916721399678619,0.08916721399678619,1,0.08916721399678619,1,0.0
OBERST STREET,470.35977134293734,0.08908329002707147,0.08908329002707147,1,0.08908329002707147,1,0.0
COWIE AVENUE,470.020376738508,0.08901901074592955,0.08901901074592955,1,0.08901901074592955,2,0.0
RAYMOND AVENUE,461.45747264936387,0.08739724860783406,0.08739724860783406,1,0.08739724860783406,1,0.0
MORGAN AVENUE,459.57979872355315,0.0870416285461275,0.0870416285461275,1,0.0870416285461275,1,0.0
SHERIDAN DRIVE,458.2913573091054,0.08679760555096694,0.08679760555096694,1,0.08679760555096694,1,0.0
CLAYTON AVENUE,451.54070186582356,0.08551907232307264,0.08551907232307264,1,0.08551907232307264,1,0.0
BECKER STREET,450.1841429045053,0.08526214827736842,0.08526214827736842,1,0.08526214827736842,1,0.0
WALLACE STREET,533.4747953565048,0.1010368930599441,0.1010368930599441,1,0.08525247571028483,4,0.0
HIGH STREET,449.97391703602165,0.0852223327719738,0.0852223327719738,1,0.0852223327719738,1,0.0
FISH AVENUE,449.2574308701994,0.08508663463450747,0.08508663463450747,1,0.08508663463450747,1,0.0
DEWEY AVENUE,448.3883743802185,0.08492204060231412,0.08492204060231412,1,0.08492204060231412,1,0.0
BERNIE BLAKE DRIVE,447.2458405744724,0.08470565162395312,0.08470565162395312,1,0.08470565162395312,1,0.0
NORTH CHELTENHAM ROAD,440.6139077418888,0.0834496037389941,0.0834496037389941,1,0.0834496037389941,1,0.0
PINE GROVE STREET,437.94174332114454,0.08294351199264101,0.08294351199264101,1,0.08294351199264101,1,0.0
BEACON ROAD,814.6820401429477,0.15429584093616433,0.08224896890563131,2,0.08224896890563131,4,0.0
MATTY AVENUE,430.58192879037193,0.08154960772544924,0.08154960772544924,1,0.08154960772544924,2,0.0
CHINOOK DRIVE SOUTH,429.61407819809966,0.08136630268903403,0.08136630268903403,1,0.08136630268903403,1,0.0
CREHANGE STREET,427.93748958549315,0.08104876696694946,0.08104876696694946,1,0.08104876696694946,1,0.0
OTTO STREET,427.489091239252,0.08096384303773711,0.08096384303773711,1,0.08096384303773711,1,0.0
WAITE AVENUE,427.1798599899848,0.08090527651325469,0.08090527651325469,1,0.08090527651325469,1,0.0
BALLARD AVENUE,426.5531183640122,0.08078657544772959,0.08078657544772959,1,0.08078657544772959,1,0.0
PERSHING AVENUE,425.5794289393774,0.08060216457185178,0.08060216457185178,1,0.08060216457185178,2,0.0
BLOSSOM ROAD,418.67112158107574,0.0792937730267189,0.0792937730267189,1,0.0792937730267189,1,0.0
DABLON COURT,416.6819688659563,0.07891703955794628,0.07891703955794628,1,0.07891703955794628,1,0.0
MERZ AVENUE,416.42898480904256,0.07886912591080351,0.07886912591080351,1,0.07886912591080351,1,0.0
STONERIDGE DRIVE,414.8479555638763,0.07856968855376446,0.07856968855376446,1,0.07856968855376446,1,0.0
HENDERSON STREET,412.60677649571227,0.07814522282115763,0.07814522282115763,1,0.07814522282115763,1,0.0
HILLTOP ROAD,412.58459041091595,0.07814102091115832,0.07814102091115832,1,0.07814102091115832,1,0.0
ELOISE TERRACE,411.73038508254626,0.07797923959896709,0.07797923959896709,1,0.07797923959896709,1,0.0
EAST OSTRANDER AVENUE,410.34549398998644,0.07771694961931562,0.07771694961931562,1,0.07771694961931562,1,0.0
CLIFFSIDE DRIVE,503.98613179145065,0.09545191889989596,0.07761203723136102,1,0.07761203723136102,3,0.0
WEISER COURT,405.18554402610255,0.07673968636858003,0.07673968636858003,1,0.07673968636858003,1,0.0
ARDMORE PLACE,404.65232754645143,0.07663869839894914,0.07663869839894914,1,0.07663869839894914,2,0.0
LOEHR AVENUE,401.0951799931017,0.0759649962108147,0.0759649962108147,1,0.0759649962108147,1,0.0
STEVENS PLACE,399.7666383693891,0.07571337847905098,0.07571337847905098,1,0.07571337847905098,1,0.0
TYLER COURT,397.8791104291415,0.07535589212673134,0.07535589212673134,1,0.07535589212673134,1,0.0
MACDOUGALL PLACE,397.1656653713213,0.07522076995668965,0.07522076995668965,1,0.07522076995668965,1,0.0
IVES AVENUE,395.65877328650816,0.07493537372850534,0.07493537372850534,1,0.07493537372850534,3,0.0
KANDACE STREET,395.62545350436807,0.07492906316370608,0.07492906316370608,1,0.07492906316370608,1,0.0
BELLSHIRE LANE,394.79699897275293,0.07477215889635472,0.07477215889635472,1,0.07477215889635472,1,0.0
SHERIDAN PLACE,391.01124773238104,0.0740551605553752,0.0740551605553752,1,0.0740551605553752,1,0.0
INVERNESS PLACE,389.6969449123771,0.07380623956673808,0.07380623956673808,1,0.07380623956673808,1,0.0
GROVE STREET,388.9490880244168,0.0736646000046244,0.0736646000046244,1,0.0736646000046244,1,0.0
GRANDVIEW AVENUE,388.2475377432433,0.07353173063319002,0.07353173063319002,1,0.07353173063319002,1,0.0
EUCLID TERRACE,537.8659953805399,0.10186855973116285,0.07338919097811698,1,0.07338919097811698,3,0.0
NORMAN AVENUE,387.0302952161514,0.07330119227578624,0.07330119227578624,1,0.07330119227578624,1,0.0
BRISTOL PLACE,381.12053811940154,0.0721819200983715,0.0721819200983715,1,0.0721819200983715,1,0.0
AMIDON DRIVE,380.11093319737927,0.0719907070449582,0.0719907070449582,1,0.0719907070449582,1,0.0
WILMORE PLACE,375.5052421697989,0.07111841707761343,0.07111841707761343,1,0.07111841707761343,2,0.0
NORTON AVENUE,374.29559028159326,0.07088931634121085,0.07088931634121085,1,0.07088931634121085,2,0.0
HARTLEY STREET,374.20066524533104,0.07087133811464602,0.07087133811464602,1,0.07087133811464602,1,0.0
WALTER DRIVE,373.8693018722478,0.07080857990004692,0.07080857990004692,1,0.07080857990004692,1,0.0
ACORN PATH,373.7679898821417,0.0707893920231329,0.0707893920231329,1,0.0707893920231329,1,0.0
GARY AVENUE,370.27449720914444,0.07012774568355008,0.07012774568355008,1,0.07012774568355008,1,0.0
JAMES HEATH ROAD,367.8196980747177,0.06966282160506017,0.06966282160506017,1,0.06966282160506017,1,0.0
STEWART COURT,366.37682584481075,0.06938955034939598,0.06938955034939598,1,0.06938955034939598,1,0.0
ROSEWOOD STREET,366.07252535684097,0.06933191768121988,0.06933191768121988,1,0.06933191768121988,2,0.0
CHAVEZ TERRACE,361.8748103883647,0.06853689590688726,0.06853689590688726,1,0.06853689590688726,1,0.0
MARJORIE STREET,360.9961590173219,0.06837048466237157,0.06837048466237157,1,0.06837048466237157,1,0.0
BRONSON STREET,357.99853029649836,0.06780275195009439,0.06780275195009439,1,0.06780275195009439,1,0.0
STACY PLACE,357.4949571071928,0.06770737823999864,0.06770737823999864,1,0.06770737823999864,1,0.0
CHATHAM PLACE,355.53870338516884,0.06733687564113047,0.06733687564113047,1,0.06733687564113047,1,0.0
EDGEWOOD DRIVE,354.359621479568,0.0671135646741606,0.0671135646741606,1,0.0671135646741606,2,0.0
LATIMER TERRACE,353.4250104732121,0.06693655501386593,0.06693655501386593,1,0.06693655501386593,1,0.0
DOUGALL AVENUE,353.0942532244013,0.06687391159553056,0.06687391159553056,1,0.06687391159553056,1,0.0
KINCAID AVENUE,351.66810619576137,0.06660380799162148,0.06660380799162148,1,0.06660380799162148,1,0.0
BEAUMONT PLACE,350.7666077388312,0.06643306964750592,0.06643306964750592,1,0.06643306964750592,2,0.0
VILLAGE DRIVE EXTENSION,348.6749935003087,0.06603693058717967,0.06603693058717967,1,0.06603693058717967,1,0.0
BROWN STREET,346.5965693573749,0.06564328965101797,0.06564328965101797,1,0.06564328965101797,1,0.0
WEST SCOTT AVENUE,345.86273760793176,0.0655043063651386,0.0655043063651386,1,0.0655043063651386,1,0.0
EASTMAN AVENUE,344.9919122892224,0.06533937732750424,0.06533937732750424,1,0.06533937732750424,1,0.0
COYKENDALL AVENUE,344.21358799183315,0.06519196742269567,0.06519196742269567,1,0.06519196742269567,1,0.0
EAST BRIGHTON AVENUE AVENUE NORTHBOUND,343.08153163253763,0.06497756280919273,0.06497756280919273,1,0.06497756280919273,1,343.08153163253763
ROCKWOOD ROAD,341.9130024515637,0.06475625046431131,0.06475625046431131,1,0.06475625046431131,1,0.0
GRASSMAN AVENUE,340.5993647734792,0.06450745544952258,0.06450745544952258,1,0.06450745544952258,1,0.0
GALE AVENUE,339.3211796975703,0.06426537494272165,0.06426537494272165,1,0.06426537494272165,1,0.0
THIRD AVENUE,338.3681027942431,0.06408486795345514,0.06408486795345514,1,0.06408486795345514,1,0.0
LARNED STREET,338.35179561318415,0.06408177947219397,0.06408177947219397,1,0.06408177947219397,1,0.0
OAK PLACE,337.62935610090193,0.063944953806989,0.063944953806989,1,0.063944953806989,1,0.0
MARKET STREET,336.9585304061458,0.06381790348601246,0.06381790348601246,1,0.06381790348601246,2,0.0
BURTEN STREET,334.6468608806156,0.06338008728799538,0.06338008728799538,1,0.06338008728799538,1,0.0
DAISY STREET,333.8922831266968,0.06323717483460166,0.06323717483460166,1,0.06323717483460166,1,0.0
ROCKFORD DRIVE,333.1074768529088,0.06308853728274788,0.06308853728274788,1,0.06308853728274788,1,0.0
ANGELOU TERRACE,329.2815735181619,0.06236393437843976,0.06236393437843976,1,0.06236393437843976,1,0.0
EASTVIEW AVENUE,324.410789650134,0.0614414374337375,0.0614414374337375,1,0.0614414374337375,1,0.0
FLORAL PARKWAY,323.3675964886662,0.0612438629713383,0.0612438629713383,1,0.0612438629713383,1,0.0
CROTON TERRACE,321.27773936012403,0.06084805669699319,0.06084805669699319,1,0.06084805669699319,1,0.0
DARLINGTON ROAD EAST,320.5587956053686,0.060711893107077385,0.060711893107077385,1,0.060711893107077385,1,0.0
EAST LAFAYETTE AVENUE,318.1712285285468,0.06025970237283084,0.06025970237283084,1,0.06025970237283084,1,0.0
SAILE STREET,317.19782737666833,0.06007534609406598,0.06007534609406598,1,0.06007534609406598,1,0.0
OSWEGO BOULEVARD,316.74135678166306,0.05998889332986043,0.05998889332986043,1,0.05998889332986043,1,0.0
COMMONWEALTH AVENUE,315.84374204350183,0.059818890538542016,0.059818890538542016,1,0.059818890538542016,1,0.0
COSSITT STREET,315.01470471574,0.05966187589313257,0.05966187589313257,1,0.05966187589313257,1,0.0
LACY PLACE,308.9456827818997,0.05851243992081434,0.05851243992081434,1,0.05851243992081434,1,0.0
DUPLI PARK DRIVE,304.6783245327206,0.057704228131197084,0.057704228131197084,1,0.057704228131197084,1,0.0
LANCASTER PLACE,304.268914025029,0.0576266882623161,0.0576266882623161,1,0.0576266882623161,1,0.0
MILFORD COURT,304.0993458757618,0.05759457308253064,0.05759457308253064,1,0.05759457308253064,1,0.0
WILKIE PLACE,300.70730656651597,0.05695214139517348,0.05695214139517348,1,0.05695214139517348,1,0.0
BENDER STREET,298.7758209340166,0.056586329722351635,0.056586329722351635,1,0.056586329722351635,1,0.0
RANN AVENUE,296.6001844104033,0.05617427735045517,0.05617427735045517,1,0.05617427735045517,1,0.0
WILLISTON AVENUE,294.6525931685294,0.05580541537282754,0.05580541537282754,1,0.05580541537282754,2,0.0
SAINT MARYS TERRACE,291.74575468455384,0.0552548777811655,0.0552548777811655,1,0.0552548777811655,1,0.0
ELLEN STREET,287.61693633126237,0.05447290460819363,0.05447290460819363,1,0.05447290460819363,1,0.0
ARGONNE DRIVE,287.29696090910625,0.05441230320248225,0.05441230320248225,1,0.05441230320248225,1,0.0
HIGHLAND PLACE,285.8088831167311,0.05413047028725968,0.05413047028725968,1,0.05413047028725968,1,0.0
MARCIA STREET,284.56701070512145,0.05389526717900028,0.05389526717900028,1,0.05389526717900028,1,0.0
GENANT TO NORTH CLINTON CONNECTOR,283.28165022967494,0.05365182769501419,0.05365182769501419,1,0.05365182769501419,1,0.0
SNELL TERRACE,280.1193972773351,0.053052916151010446,0.053052916151010446,1,0.053052916151010446,1,0.0
WEST END DRIVE,280.0617611295658,0.05304200021393292,0.05304200021393292,1,0.05304200021393292,1,0.0
WILSON PLACE,279.865291249763,0.05300479000942481,0.05300479000942481,1,0.05300479000942481,1,0.0
ORISKANY DRIVE,279.5424090230298,0.05294363807254353,0.05294363807254353,1,0.05294363807254353,1,0.0
KANE ROAD,279.37205341311784,0.05291137375248445,0.05291137375248445,1,0.05291137375248445,1,0.0
BELLAIRE PLACE,272.9945655960526,0.051703516211373604,0.051703516211373604,1,0.051703516211373604,1,0.0
PHELPS PLACE,271.6101973431252,0.05144132525437977,0.05144132525437977,1,0.05144132525437977,1,0.0
LONGMEADOW CIRCLE,270.89587495824895,0.05130603692391079,0.05130603692391079,1,0.05130603692391079,1,0.0
CRIPPEN PLACE,269.7432641060675,0.05108773941402794,0.05108773941402794,1,0.05108773941402794,1,0.0
PENTA DRIVE,269.1047214506064,0.05096680330503909,0.05096680330503909,1,0.05096680330503909,2,0.0
ORWOOD PLACE,268.2480074150356,0.05080454685890826,0.05080454685890826,1,0.05080454685890826,1,0.0
ORANGE ALLEY,264.3163926265406,0.050059922845935724,0.050059922845935724,1,0.050059922845935724,1,0.0
STONE COURT,264.0133708714384,0.050002532362014844,0.050002532362014844,1,0.050002532362014844,1,0.0
SENECA PLACE,261.79817259027345,0.04958298723300634,0.04958298723300634,1,0.04958298723300634,1,0.0
SALT SHED DRIVE,260.10109569018425,0.049261571153443984,0.049261571153443984,1,0.049261571153443984,1,0.0
IRON PIER DRIVE,258.9706496272725,0.049047471520316764,0.049047471520316764,1,0.049047471520316764,1,0.0
PARKVIEW AVENUE,258.0040215552982,0.048864398021836786,0.048864398021836786,1,0.048864398021836786,1,0.0
GARFIELD PLACE,255.84508306730476,0.048455508156686505,0.048455508156686505,1,0.048455508156686505,1,0.0
EAST CORNING AVENUE,252.31702516213326,0.047787315371616144,0.047787315371616144,1,0.047787315371616144,1,0.0
MORTON AVENUE,252.15027491782658,0.04775573388595201,0.04775573388595201,1,0.04775573388595201,1,0.0
THURGOOD TERRACE,249.23796265933055,0.04720415959457018,0.04720415959457018,1,0.04720415959457018,1,0.0
CRYSLER STREET,247.64308684065324,0.046902099780426754,0.046902099780426754,1,0.046902099780426754,1,0.0
EDMUND AVENUE,246.77255018866515,0.04673722541451991,0.04673722541451991,1,0.04673722541451991,1,0.0
SHELBOURNE PLACE,246.4545912375243,0.046677005916197785,0.046677005916197785,1,0.046677005916197785,1,0.0
COFFEY DRIVE,242.42640164687137,0.04591409122099837,0.04591409122099837,1,0.04591409122099837,1,0.0
JASPER PLACE,242.07524732199866,0.0458475847200755,0.0458475847200755,1,0.0458475847200755,1,0.0
CHENNAULT DRIVE,241.10723261074216,0.04566424860051935,0.04566424860051935,1,0.04566424860051935,1,0.0
TITUS ALLEY,235.76395822415867,0.044652264815181565,0.044652264815181565,1,0.044652264815181565,1,0.0
LINWILL TERRACE,235.30182477489114,0.04456473954069908,0.04456473954069908,1,0.04456473954069908,1,0.0
CADWELL PLACE,235.1241409069534,0.04453108729298359,0.04453108729298359,1,0.04453108729298359,1,0.0
CENTRAL AVENUE,230.61403718894255,0.04367690098275427,0.04367690098275427,1,0.04367690098275427,1,0.0
CHANNING PLACE,227.99401815599475,0.04318068525681719,0.04318068525681719,1,0.04318068525681719,1,0.0
DANFORTH TERRACE,227.35231901288915,0.04305915132819871,0.04305915132819871,1,0.04305915132819871,1,0.0
ACADIA AVENUE,226.11954291435734,0.04282567100650707,0.04282567100650707,1,0.04282567100650707,1,0.0
MULBERRY TERRACE,224.5827413391735,0.0425346101021162,0.0425346101021162,1,0.0425346101021162,1,0.0
ARGYLE AVENUE,223.70305675257597,0.04236800317283636,0.04236800317283636,1,0.04236800317283636,1,0.0
EAST BELDEN AVENUE,223.62905371286953,0.04235398744561923,0.04235398744561923,1,0.04235398744561923,1,0.0
BRONX AVENUE,222.22423764297812,0.042087923796018584,0.042087923796018584,1,0.042087923796018584,2,0.0
PAVILLION TERRACE,220.1982430371021,0.04170421269642085,0.04170421269642085,1,0.04170421269642085,1,0.0
HIGHRIDGE PLACE,210.62859027761957,0.03989177846167037,0.03989177846167037,1,0.03989177846167037,1,0.0
SYCAMORE TERRACE,210.3539472375028,0.03983976273437553,0.03983976273437553,1,0.039743651995780394,2,0.0
GAGE COURT,207.95310881510912,0.03938505848771006,0.03938505848771006,1,0.03938505848771006,1,0.0
FRISBIE COURT,206.60891687178093,0.03913047668026154,0.03913047668026154,1,0.03913047668026154,1,0.0
WILL AVENUE,204.15932640583551,0.038666539092014306,0.038666539092014306,1,0.038666539092014306,1,0.0
GLASS TERRACE,204.04419461541372,0.038644733828676836,0.038644733828676836,1,0.038644733828676836,1,0.0
WARNER COURT,203.37400599546018,0.03851780416580686,0.03851780416580686,1,0.03851780416580686,1,0.0
LIGHT COURT,203.18076783974087,0.03848120603025395,0.03848120603025395,1,0.03848120603025395,1,0.0
EAST GIFFORD PARKWAY,202.6900228854318,0.03838826191011966,0.03838826191011966,1,0.03838826191011966,2,0.0
JERICHO DRIVE,201.45718254295917,0.038154769421015,0.038154769421015,1,0.038154769421015,1,0.0
ROBINCROFT ROAD,200.46579285363893,0.0379670062222801,0.0379670062222801,1,0.0379670062222801,1,0.0
BELMONT STREET,191.4869297623661,0.036266463970145095,0.036266463970145095,1,0.036266463970145095,1,0.0
RADISSON COURT,191.45934953398108,0.03626124044204187,0.03626124044204187,1,0.03626124044204187,1,0.0
BOYDEN PLACE,190.46459167740448,0.03607283933284176,0.03607283933284176,1,0.03607283933284176,1,0.0
MOREY AVENUE,189.67688251263806,0.03592365199102993,0.03592365199102993,1,0.03592365199102993,1,0.0
STRATHMORE ROAD,187.77873490976788,0.035564154338971185,0.035564154338971185,1,0.035564154338971185,1,0.0
EAST NEWELL STREET,186.64104146070542,0.03534868209483057,0.03534868209483057,1,0.03534868209483057,1,0.0
DODGE DRIVE,183.75762717888884,0.034802580905092584,0.034802580905092584,1,0.034802580905092584,1,0.0
DAYBREAK LANE,181.70427537644676,0.034413688518266435,0.034413688518266435,1,0.034413688518266435,1,0.0
PALMER LANE,180.23134144224798,0.03413472375800151,0.03413472375800151,1,0.03413472375800151,1,0.0
SIDMAN AVENUE,179.94404698723915,0.034080311929401357,0.034080311929401357,1,0.034080311929401357,1,0.0
ROCK CUT ROUNDABAOUT,412.76072647712164,0.07817438001460637,0.07817438001460637,1,0.03405229122213358,4,0.0
RADCLIFFE ROAD,179.0678129842412,0.03391435851974265,0.03391435851974265,1,0.03391435851974265,1,0.0
GREEN STREET PLACE,179.05287088587545,0.03391152857687035,0.03391152857687035,1,0.03391152857687035,1,0.0
ALBERT TERRACE,178.12944114158068,0.033736636579844825,0.033736636579844825,1,0.033736636579844825,1,0.0
ONONDAGA BOULEVARD,177.34912248957656,0.0335888489563592,0.0335888489563592,1,0.03353246092027251,2,0.0
MICHAELS CIRCLE,176.26304447010443,0.0333831523617622,0.0333831523617622,1,0.0333831523617622,1,0.0
TRAFFIC CIRCLE,381.23448548513403,0.07220350103885115,0.07220350103885115,1,0.03332407718528971,3,0.0
CRESTVIEW TERRACE,167.89112581346964,0.03179756170709652,0.03179756170709652,1,0.031666061442579975,2,0.0
REINMAN ROAD,254.67155116943243,0.048233248327544026,0.03123953077071219,2,0.03123953077071219,3,0.0
TRUTH TERRACE,164.00797037833215,0.031062115601956847,0.031062115601956847,1,0.031062115601956847,1,0.0
EAST PLEASANT AVENUE,163.34761379409053,0.030937048067062604,0.030937048067062604,1,0.030937048067062604,1,0.0
BUNKER HILL WAY,191.55911846913196,0.03628013607369924,0.0308684323947472,2,0.0308684323947472,3,0.0
SHERBROOKE ROAD,162.8808270080416,0.030848641478795756,0.030848641478795756,1,0.030848641478795756,1,0.0
DECKER STREET,161.8715009162528,0.030657481234138792,0.030657481234138792,1,0.030657481234138792,1,0.0
IDA AVENUE,160.62718433438263,0.030421815214845195,0.030421815214845195,1,0.030421815214845195,2,0.0
BROOKSIDE DRIVE,157.50685003866084,0.02983084281035243,0.02983084281035243,1,0.02983084281035243,2,0.0
PRINCETON AVENUE,154.20620466944777,0.029205720581334808,0.029205720581334808,1,0.029205720581334808,1,0.0
LORETTO ROUNDABOUT,336.47530902436836,0.06372638428491825,0.06372638428491825,1,0.0287313790523469,5,0.0
LANDMARK PLACE,147.77000724795195,0.0279867437969606,0.0279867437969606,1,0.0279867437969606,1,0.0
MORNINGSIDE TERRACE,142.7012433072248,0.02702675062636833,0.02702675062636833,1,0.02702675062636833,1,0.0
SMILEY DRIVE,139.85725786678228,0.026488117020223915,0.026488117020223915,1,0.026488117020223915,1,0.0
GREEN STREET COURT,133.2580826267116,0.025238273224755983,0.025238273224755983,1,0.025238273224755983,1,0.0
EAST DALE STREET,128.8400318606865,0.02440152118573608,0.02440152118573608,1,0.02440152118573608,1,0.0
GRANVILLE STREET,127.57236014943216,0.024161431846483363,0.024161431846483363,1,0.024161431846483363,1,0.0
GRAPE TERRACE,125.73537639269848,0.023813518256192896,0.023813518256192896,1,0.023813518256192896,1,0.0
J STANLEY COYNE CIRCLE,124.85078372342711,0.02364598176580059,0.02364598176580059,1,0.02364598176580059,1,0.0
FOREST EDGE DRIVE,194.06997895781234,0.036755677832919005,0.023578678378284226,2,0.023578678378284226,2,0.0
PARK ROAD,115.6092422861329,0.02189568982691911,0.02189568982691911,1,0.02189568982691911,1,0.0
GALE STREET,115.14265685297507,0.02180732137366952,0.02180732137366952,1,0.02180732137366952,1,0.0
GREEN STREET ANNEX,114.1285951256115,0.02161526422833551,0.02161526422833551,1,0.02161526422833551,1,0.0
SIZER STREET,111.67992482649325,0.02115150091410857,0.02115150091410857,1,0.02115150091410857,1,0.0
GAIS DRIVE,110.13889141990768,0.020859638526497665,0.020859638526497665,1,0.020859638526497665,1,0.0
SCHOENECK COURT,109.3338293627988,0.020707164652045227,0.020707164652045227,1,0.020707164652045227,1,0.0
WILL COURT,98.44862929925341,0.01864557373091921,0.01864557373091921,1,0.01864557373091921,1,0.0
BENHAM AVENUE,95.5598502308541,0.018098456483116306,0.018098456483116306,1,0.018098456483116306,2,0.0
COSTELLO COURT,94.50532334959179,0.017898735482877234,0.017898735482877234,1,0.017898735482877234,1,0.0
CORCORAN COURT,91.70688895163948,0.01736872896811354,0.01736872896811354,1,0.01736872896811354,1,0.0
WEST LAUREL STREET,80.93980061305632,0.015329507691866726,0.015329507691866726,1,0.015329507691866726,1,0.0
PAGE AVENUE,75.06430469741078,0.014216724374509618,0.014216724374509618,1,0.014216724374509618,1,0.0
FAY ROAD,72.78702546443182,0.013785421489475725,0.013785421489475725,1,0.013785421489475725,3,0.0
MEADE COURT,71.29839533393361,0.013503483964760154,0.013503483964760154,1,0.013503483964760154,1,0.0
MONTROSE AVENUE,65.90956105716802,0.012482871412342427,0.012482871412342427,1,0.01248287141234243,3,0.0
SPRING LANE,64.37446400867464,0.012192133334976258,0.012192133334976258,1,0.012192133334976258,1,0.0
DIPPOLD AVENUE,53.62443401797075,0.010156142806433854,0.010156142806433854,1,0.010156142806433854,1,0.0
WEST HIGH TERRACE,51.621798036856404,0.009776855688798563,0.009776855688798563,1,0.009776855688798563,2,0.0
WESTMONT ROAD,36.94910215281733,0.0069979360137911615,0.0069979360137911615,1,0.0069979360137911615,2,0.0
LAKEVIEW ROAD,36.76083719286252,0.006962279771375477,0.006962279771375477,1,0.006962279771375477,2,0.0
YALE AVENUE,33.50544668114094,0.006345728538094874,0.006345728538094874,1,0.006316922248430749,2,0.0
ARDMORE ROAD,32.13306000558033,0.0060858068192386995,0.0060858068192386995,1,0.0060858068192386995,2,0.0
LEPAGE PLACE,0.5516560339598986,0.00010448030946210201,0.00010448030946210201,1,0.0,1,0.0
