name,source_id,inside_ft,original_ft,clipped
CANAL STREET,477433624,3358.7904978207334,3358.7904978207334,False
ERIE BOULEVARD WEST,477432942,3025.879452886003,3025.879452886003,False
VALLEY DRIVE,515167916,2514.0525575781317,2514.0525575781317,False
ERIE BOULEVARD WEST,477435840,2293.6689951439976,2293.6689951439976,False
IVY RIDGE ROAD,477444074,1967.8209792709195,1967.8209792709195,False
JENSEN AVENUE,800097683,1933.3695015954067,1933.3695015954067,False
HANCOCK DRIVE,477442836,1827.2879305181582,1827.2879305181582,False
ROBINEAU ROAD,800050420,1824.3242490674213,1824.3242490674213,False
CHAFFEE AVENUE,477446214,1815.2691400648548,1815.2691400648548,False
MEADOWBROOK DRIVE,477442058,1776.9089756935202,1776.9089756935202,False
GRAND AVENUE,477439437,1752.9296097242432,1752.9296097242432,False
SOLAR STREET,477431141,1747.3919315930268,1747.3919315930268,False
KIRK PARK DRIVE,477442621,1663.2267160936174,1663.2267160936174,False
WEST SENECA TURNPIKE,477445582,1653.7613520666473,1654.2017140244748,True
WEST MATSON AVENUE,477444173,1652.8786680961118,1652.8786680961118,False
SCOTTHOLM TERRACE,477438767,1647.748254517935,1647.748254517935,False
AUSTIN AVENUE,477441951,1616.4582493368198,1616.4582493368198,False
HALL AVENUE,477444306,1591.277387485349,1591.277387485349,False
EAST BRIGHTON AVENUE,477444075,1579.391828282001,1579.391828282001,False
BRATTLE ROAD,477431008,1578.3408190395583,1578.3408190395583,False
HOPPER ROAD,477446087,1567.157052685853,1567.157052685853,False
ACADEMY GREEN,477446135,1555.4326634620704,1555.4326634620704,False
BELLE AVENUE,477444417,1536.2842261648568,1536.2842261648568,False
SOUTH GEDDES STREET,477442938,1516.9048302180747,1516.9048302180747,False
RESTORATION WAY,600009024,1511.9527224355243,1511.9527224355243,False
BROOKFORD ROAD,477439924,1505.391238990897,1505.391238990897,False
CROUSE DR,477439218,1491.4116843583886,1491.4116843583886,False
WEST KENNEDY STREET,477441676,1481.3222719739629,1481.3222719739629,False
ALANSON ROAD,477442655,1479.363046842542,1479.363046842542,False
LAFAYETTE ROAD,477447095,1479.0433404710757,1479.0433404710757,False
SOUTH AVERY AVENUE,477438886,1473.4613700594255,1473.4613700594255,False
ROBERTS AVENUE,477442530,1463.4403415357428,1463.4403415357428,False
WEST MATSON AVENUE,477444230,1461.1470468898224,1461.1470468898224,False
VAN RENSSELAER STREET,477431505,1457.8331933146787,1457.8331933146787,False
FURMAN STREET,477441098,1453.404952407546,1453.404952407546,False
CULBERT STREET,477429530,1448.1642581835815,1448.1642581835815,False
BARNES AVENUE,477445541,1436.9655889395938,1436.9655889395938,False
PULASKI STREET,477431952,1434.2827233266141,1434.2827233266141,False
SHONNARD STREET,477437980,1433.4035522223892,1433.4035522223892,False
CONSERVATION PLACE,477436800,1431.0103666956632,1431.0103666956632,False
CHAPPLE WAY,600035941,1416.085756013458,1416.085756013458,False
SIMON DRIVE,600051413,1395.2391347974815,1395.2391347974815,False
SYRACUSE STREET,477435927,1388.4087812770028,1388.4087812770028,False
ARMSTRONG PLACE,477444086,1388.2677348446575,1388.2677348446575,False
FELLOWS AVENUE,477437758,1360.8271077944735,1360.8271077944735,False
GLENWOOD AVENUE,477442872,1351.7376403371175,1351.7376403371175,False
SPENCER STREET,477432438,1337.176696784537,1337.176696784537,False
COLERIDGE AVENUE,477437643,1332.8416294777412,1332.8416294777412,False
COLERIDGE AVENUE,477437200,1319.6990499761762,1319.6990499761762,False
NELSON STREET,477436849,1316.5557807873004,1316.5557807873004,False
ERIE BOULEVARD EAST,477433342,1312.8363672618436,1312.8363672618436,False
SUNHILL TERRACE,477441877,1310.3453173077187,1310.3453173077187,False
ERIE BOULEVARD WEST,506021506,1299.091679372923,1299.091679372923,False
DORWIN AVENUE,477447324,1271.748433363471,1271.748433363471,False
LOCKWOOD ROAD,477438875,1268.6199858533796,1268.6199858533796,False
ERIE BOULEVARD EAST,800074809,1267.2005877267732,1267.2005877267732,False
MIDLAND AVENUE,477444919,1266.512480521046,1266.512480521046,False
EMERSON AVENUE,477432841,1262.5371478666443,1262.5371478666443,False
FARM ACRE ROAD,477443360,1261.913516873251,1261.913516873251,False
FITCH STREET,477439519,1260.539987668603,1260.539987668603,False
SCOTT AVENUE,477439603,1245.0964559910792,1245.0964559910792,False
ERIE BOULEVARD WEST,477435837,1240.6665642745145,1240.6665642745145,False
DUKE DRIVE,477432796,1239.3812093198048,1239.3812093198048,False
SEYMOUR STREET,477437686,1230.5525171980005,1230.5525171980005,False
ONONDAGA CREEK BOULEVARD EAST,477444490,1226.0339091526923,1226.0339091526923,False
GLENWOOD AVENUE,477443281,1224.3030676940414,1224.3030676940414,False
EMERSON AVENUE,477432267,1223.9545543373595,1223.9545543373595,False
STINARD AVENUE,477442824,1219.9673296565488,1219.9673296565488,False
REMINGTON AVENUE,477443849,1219.9619083894002,1219.9619083894002,False
ONONDAGA CREEK BOULEVARD,477444559,1219.4735670741252,1219.4735670741252,False
RIDGEWAY AVENUE,477435476,1216.7209722369944,1216.7209722369944,False
SMALL ROAD,477443032,1213.1198272063928,1213.1198272063928,False
CROLY STREET,477436743,1212.508387476739,1212.508387476739,False
EAST GENESEE STREET,477437619,1208.8282236060772,1208.8282236060772,False
MILBURN DRIVE,477445503,1205.7194889208452,1205.7194889208452,False
WILKINSON STREET,477434878,1201.710065355986,1201.710065355986,False
PARK AVENUE,477434394,1200.894408112949,1200.894408112949,False
ELM STREET,477434316,1195.607784547395,1195.607784547395,False
EAST DIVISION STREET,477431422,1194.3207851143216,1194.3207851143216,False
NEWBURY HOLLOW LANE,513531415,1189.6654844561058,1189.6654844561058,False
BRUCE STREET,477436717,1189.2291550708871,1189.2291550708871,False
STATE FAIR BOULEVARD,510970450,1186.7305043918227,1186.7305043918227,False
MADISON STREET,477436640,1184.240669582907,1184.240669582907,False
MERRITT AVENUE,477446108,1183.1031095699966,1183.1031095699966,False
DURSTON AVENUE,477431147,1182.6134563253745,1182.6134563253745,False
EAST GENESEE PARKWAY,477437895,1167.6294935347173,1167.6294935347173,False
WOODSIDE DRIVE,477439950,1167.0640749720149,1167.0640749720149,False
BRATTLE ROAD,477429913,1164.4931436399045,1164.4931436399045,False
RICHFIELD AVENUE,477447026,1161.5343135509363,1161.5343135509363,False
CLIFTON PLACE,477430694,1159.3815237967647,1159.3815237967647,False
ANDERSON AVENUE,477444939,1158.8258353680603,1158.8258353680603,False
KENMORE AVENUE,477444061,1157.231215026698,1157.231215026698,False
EDGEHILL ROAD,477437327,1154.945408040149,1154.945408040149,False
WOOD AVENUE,477442269,1150.259132138618,1150.259132138618,False
FENWAY DRIVE,477436693,1143.9512400676745,1143.9512400676745,False
WEST ONONDAGA STREET,477439235,1141.2985014199326,1141.2985014199326,False
MOUNT OLYMPUS DRIVE,600008914,1137.6841378698023,1137.6841378698023,False
ERIE BOULEVARD EAST,477434419,1135.255665835407,1135.255665835407,False
NORTH GEDDES STREET,477432396,1134.2033898617033,1134.2033898617033,False
WIMAN AVENUE,477444065,1128.9790293315266,1128.9790293315266,False
EDGEMONT DRIVE,477438789,1126.6027113012515,1126.6027113012515,False
LINCOLN AVENUE,477439501,1123.2485407365261,1123.2485407365261,False
COMSTOCK AVENUE,477439503,1122.6974871305688,1122.6974871305688,False
TEJAH AVENUE,477444071,1120.7638722933675,1120.7638722933675,False
MAPLEWOOD AVENUE,477447083,1118.2774051612996,1118.2774051612996,False
PARKSIDE AVENUE,477442324,1117.7455470585326,1117.7455470585326,False
REED AVENUE,477441945,1116.3668143243742,1116.3668143243742,False
CONIFER DRIVE,800048251,1113.0797044706976,1113.0797044706976,False
BERGER AVENUE,477444070,1102.5660149450953,1102.5660149450953,False
GENESEE PARK DRIVE,477436652,1099.2286651973768,1099.2286651973768,False
ROCK CUT ROAD,477445195,1094.2518357122883,1094.2518357122883,False
BURNET AVENUE,477431488,1094.2176567251745,1094.2176567251745,False
WEBSTER AVENUE,477442813,1090.7203220245965,1090.7203220245965,False
EDGEMONT DRIVE,477438560,1088.1400739305418,1088.1400739305418,False
THURLOW DRIVE,477446511,1083.2682570536824,1083.2682570536824,False
LORRAINE AVENUE,477442972,1082.8038686423959,1082.8038686423959,False
WEST LAFAYETTE AVENUE,477443411,1082.0182238444181,1082.0182238444181,False
RIDER AVENUE,477441910,1080.019832507429,1080.019832507429,False
MATHER STREET,477434128,1079.8284254077778,1079.8284254077778,False
WEST OSTRANDER AVENUE,477444060,1076.6676100538712,1076.6676100538712,False
HOOD AVENUE,600010258,1074.4867363964574,1074.4867363964574,False
FERNDALE DRIVE,477445699,1074.0862260912686,1074.0862260912686,False
MERRILL STREET,477427268,1071.3288313592493,1071.3288313592493,False
DALE STREET,477428385,1069.0338683806149,1069.0338683806149,False
BRADFORD PARKWAY,477440359,1066.6610789362492,1066.6610789362492,False
TEALL AVENUE,477430607,1065.8186513743974,1065.8186513743974,False
SPENCER STREET,477432113,1064.1215934296529,1064.1215934296529,False
WEST CALTHROP AVENUE,477443750,1063.9606159694758,1063.9606159694758,False
FORD AVENUE,477444188,1063.8853640339846,1063.8853640339846,False
SEARLWYN ROAD,477446820,1058.1040044415236,1058.1040044415236,False
FISCOE AVENUE,477446668,1057.6200907148427,1057.6200907148427,False
LAFAYETTE ROAD,800031554,1056.6949860617729,1056.6949860617729,False
BALL CIRCLE,477444445,1049.1573816393163,1049.1573816393163,False
FITCH STREET,477439883,1049.0376629071977,1049.0376629071977,False
OAKLEY DRIVE EAST,477447170,1046.774724237788,1046.774724237788,False
JASPER STREET,477431323,1044.5138059123797,1044.5138059123797,False
NORTH COLLINGWOOD AVENUE,477429453,1043.5710280518952,1043.5710280518952,False
DEWITT ROAD,477439288,1042.7704307546069,1042.7704307546069,False
ERIE BOULEVARD EAST,477433566,1042.6652017141216,1042.6652017141216,False
NORTH EDWARDS AVENUE,477429448,1042.2894729424402,1042.2894729424402,False
NORTH MIDLER AVENUE,477429436,1042.2480441199536,1042.2480441199536,False
RIEGEL STREET,477433478,1040.3305442833914,1040.3305442833914,False
HIGHPOINT STREET,800097650,1038.5481116839517,1038.5481116839517,False
ASHDALE AVENUE,477429461,1038.4905717447973,1038.4905717447973,False
LILLIAN AVENUE,477429481,1038.1443881758098,1038.1443881758098,False
WENDELL TERRACE,477430650,1036.7451591960116,1036.7451591960116,False
NORWOOD AVENUE,477429470,1036.632491530554,1036.632491530554,False
PARK AVENUE,477434301,1036.2702752435464,1036.2702752435464,False
RIGI AVENUE,477429410,1035.7594986978104,1035.7594986978104,False
COLBY AVENUE,477429398,1034.5747623412342,1034.5747623412342,False
WEST NEWELL STREET,477443630,1030.5458760691076,1030.5458760691076,False
SKYTOP ROAD,477443672,1030.2624862127375,1030.2624862127375,False
JAMES STREET,477432012,1029.5995115981475,1029.5995115981475,False
WEST CORNING AVENUE,477443422,1029.1357816568018,1029.1357816568018,False
SCOTT AVENUE,477438557,1027.3612399280214,1027.3612399280214,False
STANDISH DRIVE,477439894,1026.4868495291053,1026.4868495291053,False
WEST FLORENCE AVENUE,477445076,1026.279950548016,1026.279950548016,False
DELAWARE STREET,477439157,1025.9163964967122,1025.9163964967122,False
EAST GENESEE STREET,477437186,1024.3992581787045,1024.3992581787045,False
WEST PLEASANT AVENUE,477443650,1020.9547072968692,1020.9547072968692,False
COMSTOCK AVENUE,600035952,1019.2949214337322,1019.2949214337322,False
LAKEVIEW AVENUE,477435462,1017.0437792090734,1017.0437792090734,False
BRAMPTON ROAD,477446717,1014.6393070939091,1014.6393070939091,False
JAMES STREET,477432608,1011.4101581484232,1011.4101581484232,False
PARK STREET,477430441,1010.7619043408703,1010.7619043408703,False
RIDER AVENUE,477441233,1010.4180084155258,1010.4180084155258,False
NORTH ALVORD STREET,477430676,1009.7955226782575,1009.7955226782575,False
REED AVENUE,477441238,1008.6853910610413,1008.6853910610413,False
STEUBEN STREET,477430556,1008.4130510029736,1008.4130510029736,False
EAST COLVIN STREET,800048326,1007.3078004858719,1007.3078004858719,False
LAWRENCE STREET,477429821,1006.860596290904,1006.860596290904,False
RUGBY ROAD,477430369,1005.6942933981385,1005.6942933981385,False
HIGHLAND AVENUE,477431634,1004.7662882006822,1004.7662882006822,False
BROOKLEA PLACE,477446444,1004.0686055668789,1004.0686055668789,False
HARRIETTE AVENUE,477442957,1003.9578321245788,1003.9578321245788,False
LANCASTER AVENUE,477442896,1002.7881739424973,1002.7881739424973,False
KUHL AVENUE,477428225,1000.657311813733,1000.657311813733,False
HASTINGS PLACE,477430705,1000.5246592308307,1000.5246592308307,False
GENANT DRIVE,800048380,1000.0849270342521,1000.0849270342521,False
HICKOK AVENUE,477432125,999.6614153065319,999.6614153065319,False
MONTGOMERY STREET,477439509,997.0158336203151,997.0158336203151,False
WEST OSTRANDER AVENUE,477444010,992.6821011729689,992.6821011729689,False
NORTH BEECH STREET,477434049,991.536930817894,991.536930817894,False
PAUL AVENUE,477430092,991.2496648767216,991.2496648767216,False
STAFFORD AVENUE,477432111,990.294382736048,990.294382736048,False
BALDWIN AVENUE,477444037,990.2866729210821,990.2866729210821,False
BUCKINGHAM AVENUE,477442299,988.6310015410161,988.6310015410161,False
SOUTH SALINA STREET,477436842,988.2400675812374,988.2400675812374,False
RUTH AVENUE,477442967,988.1341590087084,988.1341590087084,False
DAWES AVENUE,477444805,987.6971751734048,987.6971751734048,False
WOODBINE AVENUE,477432075,983.9170860766832,983.9170860766832,False
CLAIRE ROAD,477437525,983.5933468808681,983.5933468808681,False
GIFFORD STREET,477437359,983.5480631251755,983.5480631251755,False
HARDING PLACE,477446617,981.7211441251982,981.7211441251982,False
BENEDICT AVENUE,511163749,980.4789317875264,980.4789317875264,False
GREENLAND DRIVE,477429186,979.411064283667,979.411064283667,False
PECK AVENUE,477430218,979.3826837862018,979.3826837862018,False
OAKLEY DRIVE EAST,800047570,978.5341911617844,978.5341911617844,False
SOUTH CLINTON STREET,477436871,976.293158328382,976.293158328382,False
CARLTON ROAD,477443264,975.7300288736982,975.7300288736982,False
WEST FAYETTE STREET,477436496,969.4538255002335,969.4538255002335,False
WEST LAFAYETTE AVENUE,477443319,963.4352469959201,963.4352469959201,False
SEYMOUR STREET,477437617,963.0182495797138,963.0182495797138,False
GIFFORD STREET,477437298,962.0360156793522,962.0360156793522,False
KIMBER ROAD,507664815,959.3186859666148,959.3186859666148,False
KINGSLEY PLACE,477432957,958.8806844536367,958.8806844536367,False
CLEVELAND AVENUE,477429736,957.1849104827502,957.1849104827502,False
LOMA AVENUE,477428117,957.0357538065729,957.0357538065729,False
SOUTH STATE STREET,477440947,955.4623364974937,955.4623364974937,False
MAPLEHURST AVENUE,477428003,954.8403594344778,954.8403594344778,False
LYNN CIRCLE,477446733,953.6972439735373,953.6972439735373,False
LOCKESLEY ROAD,477439598,952.7792581448031,952.7792581448031,False
WEST NEWELL STREET,477443522,952.4364601043163,952.4364601043163,False
FELLOWS AVENUE,477438624,951.9129438691722,951.9129438691722,False
FARMER STREET,477430754,951.5125022033237,951.5125022033237,False
OAKWOOD AVENUE,477440848,946.8093625682116,946.8093625682116,False
RICHARD ROAD,800049572,944.6666126054581,947.8322690747236,True
HUDSON STREET,477440311,943.7835864614581,943.7835864614581,False
ERIE BOULEVARD EAST,477434314,943.4775436664768,943.4775436664768,False
CRAWFORD AVENUE,477440666,941.3705689728401,941.3705689728401,False
SMALL ROAD,800034405,941.1427341357371,941.1427341357371,False
HARWOOD AVENUE,477435829,940.7191130660062,940.7191130660062,False
MOUNTAINVIEW AVENUE,477435081,939.915987506005,939.915987506005,False
DELRAY AVENUE,477435315,939.8103781610204,939.8103781610204,False
MARTIN STREET,477427988,939.4708452132282,939.4708452132282,False
FAYETTE BOULEVARD,477435559,938.5768478000492,938.5768478000492,False
MILNOR AVENUE,477436098,937.9896312934984,937.9896312934984,False
WILLUMAE DRIVE,477428086,937.4358411354032,937.4358411354032,False
NORTH CLINTON STREET,477432468,936.6987492894332,936.6987492894332,False
FERNWOOD AVENUE,477442802,936.5873911916801,936.5873911916801,False
NORMANOR DRIVE,477446357,935.791525901737,935.791525901737,False
CANAL STREET,800048139,933.9299561846161,933.9299561846161,False
CIRCLE ROAD,477441068,932.9372159884243,932.9372159884243,False
HOMECROFT ROAD,477430312,932.4326707254012,932.4326707254012,False
EAST WARRINGTON ROAD,477446517,931.7754973718803,931.7754973718803,False
LEON STREET,477440747,930.1608529657562,930.1608529657562,False
STATE FAIR BOULEVARD,477431014,929.3674521754731,932.8085045915986,True
EAST BISSELL STREET,477442511,929.2637687458147,929.2637687458147,False
ELM STREET,477433168,928.8311969327815,928.8311969327815,False
WEST BORDEN AVENUE,477442017,928.3586436382061,928.3586436382061,False
CLYDE AVENUE,477443112,928.0475649338335,928.0475649338335,False
MILDRED AVENUE,477429615,927.6491214626649,927.6491214626649,False
WEST KIRKPATRICK STREET,507665328,927.4876739191137,927.4876739191137,False
NORTH EDWARDS AVENUE,477428899,927.0089613772831,930.1911356516532,True
NORTH MIDLER AVENUE,477428885,926.8145988646827,929.9794435990987,True
FAGE AVENUE,477442635,925.7361691107089,925.7361691107089,False
FAIRVIEW AVENUE,477433985,924.5000755196766,924.5000755196766,False
MOSLEY DRIVE,477430285,924.3999162420193,924.3999162420193,False
TWIN HILLS DRIVE,477442656,923.3781405579861,923.3781405579861,False
MANOR DRIVE,477437897,922.6405342538765,922.6405342538765,False
SHIRLEY ROAD,477439600,921.9563852738287,921.9563852738287,False
MATHER STREET,477433158,921.3709569423218,921.3709569423218,False
KIMBER ROAD,477438503,919.0630082671328,919.0630082671328,False
NORTH COLLINGWOOD AVENUE,477428908,918.7949524170316,921.9789596594195,True
ASHDALE AVENUE,477428924,918.7819661455088,922.0421473324471,True
EAST LAUREL STREET,477432057,913.6883460082647,913.6883460082647,False
NORWOOD AVENUE,477428934,912.5635521488439,915.7407440658693,True
MALVERNE DRIVE,477427984,912.3553967684045,912.3553967684045,False
HILLSDALE AVENUE,477430373,912.1176756155206,912.1176756155206,False
WEST BEAR STREET,477431756,911.1277129361622,911.1277129361622,False
WEST KIRKPATRICK STREET,477432432,910.2997149234109,910.2997149234109,False
POLK STREET,477433740,909.303820672738,909.303820672738,False
WEST STREET ARTERIAL NORTHBOUND,477436772,909.2412431215892,909.2412431215892,False
SOUTH MIDLER AVENUE,477430321,908.8992676991504,908.8992676991504,False
LILLIAN AVENUE,477428954,908.860936494124,912.0446294697159,True
BEVERLY ROAD,477441715,908.4154644898474,908.4154644898474,False
NICHOLS AVENUE,477430311,907.668136648019,907.668136648019,False
STAFFORD AVENUE,477430406,907.360029884975,907.360029884975,False
HILLSDALE AVENUE,477432007,907.2237572153695,907.2237572153695,False
WOODBINE AVENUE,477430385,906.9152144643219,906.9152144643219,False
SENECA DRIVE,477445643,906.7254882221008,906.7254882221008,False
SOUTH COLLINGWOOD AVENUE,477430356,906.5837889119367,906.5837889119367,False
CHATHAM ROAD,477430381,906.5736858008829,906.5736858008829,False
DEFOREST ROAD,477437890,906.1694719647104,906.1694719647104,False
NORTH CLINTON STREET,800041906,905.99049267216,905.99049267216,False
MCLENNAN AVENUE,477441826,905.919870249699,905.919870249699,False
HARTSON STREET,477439395,905.7840274784477,905.7840274784477,False
HICKOK AVENUE,477430427,905.2264128997389,905.2264128997389,False
WARNER AVENUE,477442902,905.048990927262,905.048990927262,False
DOUGLAS STREET,477431645,904.8331300694554,904.8331300694554,False
WEST LYNHURST AVENUE,477443863,904.3713326571859,904.3713326571859,False
SOUTH EDWARDS AVENUE,477430342,903.6703627207364,903.6703627207364,False
MAYWOOD DRIVE,477445834,900.2900576472929,900.2900576472929,False
BRIGGS STREET,477428314,898.0698284228879,898.0698284228879,False
BURNET AVENUE,477434279,897.6880873672371,897.6880873672371,False
LEMOYNE AVENUE,477427869,896.6378490355966,896.6378490355966,False
GRACE STREET,477438801,896.3931949823503,896.3931949823503,False
HANCOCK DRIVE,477441928,896.0373438977526,896.0373438977526,False
BUCKINGHAM AVENUE,477441723,895.9577505996648,895.9577505996648,False
MERRELL ROAD,477441435,895.4100648941933,895.4100648941933,False
KENSINGTON PLACE,477441702,895.357748098697,895.357748098697,False
WESTCOTT STREET,477441689,894.6953291356232,894.6953291356232,False
BERKSHIRE AVENUE,477428482,893.7580190132505,893.7580190132505,False
PARK AVENUE,477434247,892.8564611527596,892.8564611527596,False
VALLEY DRIVE,477446559,891.6825384298434,891.6825384298434,False
RICH STREET,477440324,890.6374513620163,890.6374513620163,False
WEST STREET ARTERIAL SOUTHBOUND,477434349,889.8436581261042,889.8436581261042,False
MIDLAND AVENUE,477440173,889.6271039576781,889.6271039576781,False
BERWYN AVENUE,477442642,889.0406701467125,889.0406701467125,False
GENANT DRIVE,477431277,888.852617227239,888.852617227239,False
BROOKFORD ROAD,477438683,887.7869389957887,887.7869389957887,False
HURLBURT ROAD,477439165,887.3418548486499,887.3418548486499,False
KIRK AVENUE,477441605,886.901054006348,886.901054006348,False
HIER AVENUE,477430841,886.8129377827846,886.8129377827846,False
HIGHLAND STREET,477430865,885.5559944312895,885.5559944312895,False
DORWIN AVENUE,477447309,885.2131767085262,885.2131767085262,False
EAST CHELTENHAM ROAD,477446430,884.4358536463567,884.4358536463567,False
KENWOOD AVENUE,477428120,881.9088204415287,881.9088204415287,False
ARCHER ROAD,477441734,881.3449753472679,881.3449753472679,False
WEST STREET ARTERIAL SOUTHBOUND,477436551,880.9248467294306,880.9248467294306,False
JAMES STREET,477433279,878.604766325444,878.604766325444,False
ERIE BOULEVARD EAST,509997124,877.7528723444751,877.7528723444751,False
KELLOGG STREET,477439027,877.1052206246668,877.1052206246668,False
KIRKPATRICK STREET,477429233,875.9280034055215,875.9280034055215,False
HOOD AVENUE,477428983,875.8164901100218,875.8164901100218,False
LAMSON STREET,477429366,874.6912777659375,1000.3342976838904,True
BERTRAM PLACE,477443598,874.5518057065136,874.5518057065136,False
GLENWOOD AVENUE,477441735,873.611050310252,873.611050310252,False
MONTICELLO DRIVE NORTH,477445752,872.9570801271443,872.9570801271443,False
MONTICELLO DRIVE SOUTH,482659668,872.6672891416019,872.6672891416019,False
MADISON STREET,477436669,872.4164621368185,872.4164621368185,False
LAFAYETTE ROAD,477446168,871.8980805666578,871.8980805666578,False
ROBERT DRIVE,477442348,868.4748181771527,868.4748181771527,False
DORSET ROAD,477440397,868.0172770214591,868.0172770214591,False
BRATTLE ROAD,477431382,867.9749190905735,867.9749190905735,False
SCOVILLE AVENUE,477429670,867.2765676405076,867.2765676405076,False
SKYTOP ROAD,477443910,867.2255268220866,867.2255268220866,False
FOREST AVENUE,477443034,866.6780114633402,866.6780114633402,False
FOBES AVENUE,477428725,866.2990195900154,872.3370961701149,True
EAST GENESEE STREET,477437914,865.5632225962123,865.5632225962123,False
WADSWORTH STREET,477427889,863.831310070209,863.831310070209,False
ELM STREET,477432408,862.7550555348075,862.7550555348075,False
HATHERLY ROAD,477438682,862.0850891003341,862.0850891003341,False
ERIE BOULEVARD WEST,477435615,861.6274321279645,861.6274321279645,False
STANDISH DRIVE,477439139,860.541585319469,860.541585319469,False
EDISON STREET,477433110,859.9494175530472,859.9494175530472,False
TRACY STREET,477435507,859.9362145192353,859.9362145192353,False
WEST BELDEN AVENUE,477433307,858.2170342209088,858.2170342209088,False
MAGNOLIA STREET,477436825,857.8738063046964,857.8738063046964,False
WEST GENESEE STREET,477433723,857.1899867657276,857.1899867657276,False
EAST FAYETTE STREET,477435720,857.1814139589839,857.1814139589839,False
WINKWORTH PARKWAY,477441973,856.7472713020618,856.7472713020618,False
CATHERINE STREET,477432767,856.4611135250232,856.4611135250232,False
BRUCE STREET,477435781,855.7848577558185,855.7848577558185,False
DIDAMA STREET,477436342,855.0082706999438,855.0082706999438,False
CLAIRMONTE AVENUE,477441693,854.7827580692302,854.7827580692302,False
HIAWATHA BOULEVARD WEST,477431937,852.7441751819242,852.7441751819242,False
NIVEN STREET,477436030,852.6890328642553,852.6890328642553,False
ONONDAGA TERRACE,477441308,852.0332467416097,852.0332467416097,False
KENWICK DRIVE,477429112,850.0824997275137,850.0824997275137,False
LANCASTER AVENUE,477440053,849.4773389900042,849.4773389900042,False
ALDEN STREET,477443401,849.4069601299088,849.4069601299088,False
FENWAY DRIVE,477435755,848.9230861351725,848.9230861351725,False
LONGMEADOW DRIVE,477446937,847.9291552143894,847.9291552143894,False
PALMER AVENUE,477440339,846.1485816477118,846.1485816477118,False
COOK AVENUE,477430722,845.824885030129,845.824885030129,False
DARLINGTON ROAD,477429125,845.6013570878467,845.6013570878467,False
GENESEE PARK DRIVE,477435736,845.5851387813797,845.5851387813797,False
WINKWORTH PARKWAY,477442467,845.3986842222157,845.3986842222157,False
COMSTOCK AVENUE,477440147,845.3921696677836,845.3921696677836,False
OSTROM AVENUE,477440120,844.1839465080069,844.1839465080069,False
WOODRUFF AVENUE,477429151,843.4408425188116,843.4408425188116,False
MAYAR STREET,477429137,843.3478513006557,843.3478513006557,False
LIVINGSTON AVENUE,477440093,843.1884761340699,843.1884761340699,False
ACKERMAN AVENUE,477440062,842.9934950816084,842.9934950816084,False
WEST LAFAYETTE AVENUE,477443469,842.8641743152903,842.8641743152903,False
STATE FAIR BOULEVARD,800032561,842.5730613013194,842.5730613013194,False
SUMNER AVENUE,477440081,842.3980953347952,842.3980953347952,False
GOODRICH AVENUE,477443327,842.2249505074036,842.2249505074036,False
HOPE AVENUE,477442929,840.2056859395116,840.2056859395116,False
EUCLID AVENUE,477439185,837.8200749768932,837.8200749768932,False
GENANT DRIVE,477430686,837.1196332174429,837.1196332174429,False
TEX SIMONE DRIVE,600064039,835.9425869073532,835.9425869073532,False
STRONG AVENUE,477439291,834.7755967890923,834.7755967890923,False
KENWICK DRIVE,477428310,834.4895089222924,834.4895089222924,False
RUSKIN AVENUE,477440808,833.7520495649896,833.7520495649896,False
SOUTH EDWARDS AVENUE,477430845,832.8862643326295,832.8862643326295,False
MAPLE TERRACE,477436615,832.4207626151624,832.4207626151624,False
ERIE BOULEVARD EAST,477435285,831.4684404409728,831.4684404409728,False
SOUTH COLLINGWOOD AVENUE,477430874,831.3336823983412,831.3336823983412,False
EVANS STREET,477433328,830.6975375433922,830.6975375433922,False
CENTENNIAL DRIVE,477442019,830.1434473145393,830.1434473145393,False
NICHOLS AVENUE,477430816,829.5805048578336,829.5805048578336,False
WOODBINE AVENUE,477430895,829.0854598422569,829.0854598422569,False
CUMBERLAND AVENUE,477442582,829.0051026891625,829.0051026891625,False
SOUTH AVENUE,477444378,828.8695183425106,828.8695183425106,False
HIAWATHA BOULEVARD WEST,477431312,828.6572605292853,828.6572605292853,False
ERIE BOULEVARD EAST,477433759,828.6437112630136,828.6437112630136,False
WEYMOUTH ROAD,477446332,828.2276937260642,828.2276937260642,False
SOUTH MIDLER AVENUE,477430829,828.1552672296605,828.1552672296605,False
BASIN STREET,477431456,827.9701151262622,827.9701151262622,False
WEST BRIGHTON AVENUE,477443180,827.4494703439943,827.4494703439943,False
SOUTH MIDLER AVENUE,477431378,827.3479395538237,827.3479395538237,False
SIXTH NORTH STREET,477427390,827.1248514194997,827.1248514194997,False
HICKOK AVENUE,477430949,826.1587833316152,826.1587833316152,False
STAFFORD AVENUE,477431452,826.019401219175,826.019401219175,False
ERIE BOULEVARD EAST,477435191,825.6667571083051,825.6667571083051,False
DELONG AVENUE,477429580,825.6224226214251,825.6224226214251,False
HICKOK AVENUE,477431464,825.4541008207774,825.4541008207774,False
BURNS AVENUE,477430660,825.3442913518172,825.3442913518172,False
LOCKWOOD ROAD,477438922,825.0184493188365,825.0184493188365,False
STAFFORD AVENUE,477430929,824.9724102746371,824.9724102746371,False
SOUTH COLLINGWOOD AVENUE,477431906,824.5756892516112,824.5756892516112,False
HILLSDALE AVENUE,477431419,824.2294816227367,824.2294816227367,False
BOSTON STREET,477430647,824.1942145769192,824.1942145769192,False
BISHOP AVENUE,477443059,823.9054819752866,823.9054819752866,False
VINE STREET,477433873,823.514170461896,823.514170461896,False
HILLSDALE AVENUE,477430886,823.2190690110853,823.2190690110853,False
SOUTH EDWARDS AVENUE,477431389,823.0805207429362,823.0805207429362,False
HAMPSHIRE ROAD,477430484,822.956481006675,822.956481006675,False
WOODBINE AVENUE,477431430,821.8374898368404,821.8374898368404,False
CLOVER RIDGE DRIVE,477430671,821.6808644836316,821.6808644836316,False
DOROTHY STREET,477431723,821.3335729320656,821.3335729320656,False
BEATTIE STREET,477434991,821.33009354799,821.33009354799,False
SEYMOUR STREET,800048973,821.0247732682126,821.0247732682126,False
KIRK AVENUE,506986304,820.5969593441282,820.5969593441282,False
SOUTH COLLINGWOOD AVENUE,477431410,820.3895334742596,820.3895334742596,False
MOORE AVENUE,477442645,820.2552282770495,820.2552282770495,False
HARDING STREET,477427770,819.4584112408903,819.4584112408903,False
MANLEY FIELD HOUSE,600035936,819.2305607735765,819.2305607735765,False
MOUNT OLYMPUS DRIVE,600024555,818.6558321917562,818.6558321917562,False
CANAL STREET,477434830,818.588318976075,818.588318976075,False
MARYLAND AVENUE,477440374,818.273459846108,818.273459846108,False
RANDALL AVENUE,477443050,818.1254665082936,818.1254665082936,False
WEST PLEASANT AVENUE,477443702,817.119770502753,817.119770502753,False
GRACE STREET,477439293,817.093748234119,817.093748234119,False
CHINOOK DRIVE,477443528,816.3205428312554,816.3205428312554,False
WEST ONONDAGA STREET,477439744,816.234015496019,816.234015496019,False
LILAC STREET,477430852,815.9980439058988,815.9980439058988,False
ROWLAND STREET,477439621,814.8949932557788,814.8949932557788,False
MEADOWBROOK DRIVE,477440502,814.8793906998551,814.8793906998551,False
RIDGEWOOD DRIVE,477431259,814.5144012408491,814.5144012408491,False
GERTRUDE STREET,477433271,814.2892633861167,814.2892633861167,False
HUNT AVENUE,477443047,813.2215798268832,813.2215798268832,False
CUMBERLAND AVENUE,477439896,812.4391697694006,812.4391697694006,False
PARKWAY DRIVE,477442438,811.9391316690056,811.9391316690056,False
SOUTH BEECH STREET,477437133,811.1571952080121,811.1571952080121,False
WESTMORELAND AVENUE,477439906,810.0004898628848,810.0004898628848,False
SOUTH ORCHARD ROAD,477437215,809.465929969284,809.465929969284,False
APPLE STREET,477434747,808.6052817107641,808.6052817107641,False
COMSTOCK ART,600035931,807.7004669904003,807.7004669904003,False
STINARD AVENUE,477442209,807.5246747407072,807.5246747407072,False
HOBART AVENUE,477444228,806.4955354478569,806.4955354478569,False
WEST GENESEE STREET,477433796,806.3303589645836,806.3303589645836,False
HAZELWOOD AVENUE,477434706,805.4530857546238,805.4530857546238,False
MOSLEY DRIVE,477430771,805.2587086833208,805.2587086833208,False
MEADOWBROOK DRIVE,477440500,804.5031566145808,804.5031566145808,False
WEST CALTHROP AVENUE,477443816,803.588856521411,803.588856521411,False
ROBINEAU ROAD,477443559,803.2680208343294,803.2680208343294,False
COOLIDGE AVENUE,477440350,803.1475601899208,803.1475601899208,False
LAMBRETH LANE,477443777,802.8455619398538,802.8455619398538,False
WEST BELDEN AVENUE,477433355,802.0052344093422,802.0052344093422,False
ROSS PARK,800048792,801.5910598096981,801.5910598096981,False
WEST GENESEE STREET,477433772,801.3553813724835,801.3553813724835,False
HOMECROFT ROAD,477430788,801.3268877174901,801.3268877174901,False
MUNSON DRIVE,477446157,800.9482785692726,800.9482785692726,False
WESTMORELAND AVENUE,477439248,800.2011164273198,800.2011164273198,False
NORTH AVENUE,800048576,800.175782012886,800.175782012886,False
GREEN STREET,477432870,800.1065353472004,800.1065353472004,False
ALBERT ROAD,477437356,799.5677649442307,799.5677649442307,False
BRADFORD PARKWAY,477439417,798.6748878150471,798.6748878150471,False
WOLCOTT TERRACE,477442104,798.1109224861906,798.1109224861906,False
WEST CHELTENHAM ROAD,477446436,794.5879778726185,794.5879778726185,False
DOLL PARKWAY,504325298,794.3177602401939,794.3177602401939,False
CORTLAND PLACE,477445642,793.6061870190864,793.6061870190864,False
ERIE BOULEVARD EAST,477433274,793.4830527015292,793.4830527015292,False
ERIE BOULEVARD EAST,477433496,792.8272155604612,792.8272155604612,False
WEST COLVIN STREET,477442707,792.6831581190327,792.6831581190327,False
MIDLAND AVENUE,477445715,792.5934704969831,792.5934704969831,False
STOLP AVENUE,477441274,791.878763955252,791.878763955252,False
ELLIS STREET,477436704,791.7999284268196,791.7999284268196,False
FAIRFIELD AVENUE,477443643,791.3090582767098,791.3090582767098,False
CHESTER STREET,477440878,790.9062358117941,790.9062358117941,False
WEST OSTRANDER AVENUE,477444032,790.2500211305454,790.2500211305454,False
SOUTH AVENUE,477439227,789.8231850659558,789.8231850659558,False
WESTMORELAND AVENUE,800052794,789.5799522322525,789.5799522322525,False
BURNET AVENUE,477434249,789.5508082936955,789.5508082936955,False
ANNETTA STREET,477442875,789.4434338297319,789.4434338297319,False
SOUTH GEDDES STREET,477442208,789.3965934421562,789.3965934421562,False
SEELEY AVENUE,477445759,788.7575055624028,788.7575055624028,False
ACKERMAN AVENUE,477440661,786.6581770711775,786.6581770711775,False
SOUTH CLINTON STREET,477438171,785.9650586028888,785.9650586028888,False
FELLOWS AVENUE,477440531,785.3122847773433,785.3122847773433,False
LINCOLN PARK DRIVE,477432444,784.3192130055791,784.3192130055791,False
WEST ONONDAGA STREET,477440089,784.216916484926,784.216916484926,False
CEDAR RIDGE APARTMENTS,477434325,784.0931544486998,784.0931544486998,False
WESTMORELAND AVENUE,477440514,784.0306824279048,784.0306824279048,False
CUMBERLAND AVENUE,477440504,783.9220771316503,783.9220771316503,False
WESTMORELAND AVENUE,477441905,783.5428591904162,783.5428591904162,False
ALLEN STREET,477437796,782.8626185289704,782.8626185289704,False
GOODRICH AVENUE,477443612,782.0633239992973,782.0633239992973,False
NOTTINGHAM ROAD,477441875,781.6631532791558,781.6631532791558,False
WEST BEAR STREET,477430780,781.5187093069148,781.5187093069148,False
WELLESLEY ROAD,477443532,780.3975524968973,780.3975524968973,False
HAWLEY AVENUE,477433861,779.4893843373602,779.4893843373602,False
SUNRISE DRIVE,477446287,779.0396022905103,779.0396022905103,False
CUMBERLAND AVENUE,477441891,778.1074527452748,778.1074527452748,False
ROE AVENUE,477443595,777.4343604334318,777.4343604334318,False
MAPLEHURST AVENUE,477427681,776.5670212641168,776.5670212641168,False
ARNOLD AVENUE,477443604,776.0600943962269,776.0600943962269,False
CHARMOUTH DRIVE,477442982,775.5099426905517,775.5099426905517,False
HOUSTON AVENUE,477438958,775.4042683240682,775.4042683240682,False
EDTIM ROAD,477429658,774.2298908646736,774.2298908646736,False
MARTIN STREET,477427618,774.0423131746736,774.0423131746736,False
SCHILLER AVENUE,477429315,773.9057780234568,773.9057780234568,False
ROSS PARK,800048788,772.8571639059654,772.8571639059654,False
EUCLID AVENUE,477439367,771.4363573137747,771.4363573137747,False
JAMES STREET,477434139,770.7947617921825,770.7947617921825,False
REDFIELD PLACE,477439127,770.242057044125,770.242057044125,False
WINTHROP ROAD,477430481,768.8870054829779,768.8870054829779,False
ROSS PARK,477428793,768.1150619688755,768.1150619688755,False
HIGHLAND STREET,477430310,768.069991780713,768.069991780713,False
CRESLINE DRIVE,477431316,767.9517929711403,767.9517929711403,False
STANDISH DRIVE,477440458,767.4300872911656,767.4300872911656,False
ERIE BOULEVARD WEST,477435429,766.905792612751,766.905792612751,False
LEMOYNE AVENUE,477427267,766.8360351102099,766.8360351102099,False
HILLVIEW AVENUE,477443116,765.5705467327339,765.5705467327339,False
ALLEN STREET,477439287,765.2396578061586,765.2396578061586,False
WEST LAFAYETTE AVENUE,477443354,764.8085129623101,764.8085129623101,False
SPENCER STREET,477432582,764.4816212033284,764.4816212033284,False
WHITE STREET,477439339,764.2928583719342,764.2928583719342,False
WEST SENECA TURNPIKE,477445888,764.1388329374155,764.1388329374155,False
SCOTTHOLM BOULEVARD,477437602,763.9527648929811,763.9527648929811,False
GAME ROAD,477444441,763.899080548734,763.899080548734,False
COLUMBUS AVENUE,477437704,763.2817315659114,763.2817315659114,False
NEUTRAL COURT,477430732,763.2314289459156,763.2314289459156,False
DOLL PARKWAY,504325300,762.0831276232749,762.0831276232749,False
FARMERS MARKET WAY,800030863,762.0597189090787,762.0597189090787,False
WEST SENECA TURNPIKE,477445720,761.205691154587,761.205691154587,False
ELMWOOD AVENUE,477443508,760.2601643796658,760.2601643796658,False
GLENWOOD AVENUE,477443277,760.1442993039165,760.1442993039165,False
FELLOWS AVENUE,477439269,759.1642231804656,759.1642231804656,False
BUCKINGHAM AVENUE,477442889,759.1372758686854,759.1372758686854,False
SCOTTHOLM BOULEVARD,477437591,758.2050031402268,758.2050031402268,False
WEST GLEN AVENUE,477445298,758.1081956444696,758.1081956444696,False
JAMESVILLE AVENUE,800032722,758.0400868546175,758.0400868546175,False
WEST GENESEE STREET,477433746,756.6831404880734,756.6831404880734,False
ELLIOTT STREET,477439897,756.1400237212138,756.1400237212138,False
BRYANT AVENUE,800048135,755.9332211212227,755.9332211212227,False
WEST BELDEN AVENUE,477433315,755.8126176820352,755.8126176820352,False
LILAC STREET,477431114,755.6849628623517,755.6849628623517,False
EAST SENECA TURNPIKE,477445758,754.9703931791433,754.9703931791433,False
VALLEY DRIVE,477445859,754.5693221076579,754.5693221076579,False
CORTLAND AVENUE,477441203,754.4210222708081,754.4210222708081,False
RIVERDALE DRIVE,477446017,754.0032195272851,754.0032195272851,False
HIGHRIDGE DRIVE,477442242,753.7536840054427,753.7536840054427,False
EAST GENESEE STREET,477437494,753.4361674070541,753.4361674070541,False
COLUMBUS AVENUE,477437050,752.9208800401572,752.9208800401572,False
VALLEY DRIVE,477447402,752.4568226727938,752.4568226727938,False
WESTCOTT STREET,477437660,750.4653875998779,750.4653875998779,False
SHONNARD STREET,477437865,750.3090450977938,750.3090450977938,False
DEWITT ROAD,477438809,749.8823496857536,749.8823496857536,False
WEST BRIGHTON AVENUE,477443357,749.7625197502343,749.7625197502343,False
WEST NEWELL STREET,477443743,749.1092812557735,749.1092812557735,False
LEXINGTON AVENUE,477436155,748.9879070599195,748.9879070599195,False
BRYANT AVENUE,477436776,748.7629151439286,748.7629151439286,False
EDNA ROAD,477447325,746.2239255972993,746.2239255972993,False
SOUTH EDWARDS AVENUE,477431830,746.1812793904577,746.1812793904577,False
SPRING STREET,477430605,746.0324090102131,746.0324090102131,False
MARVIN ROAD,477444383,745.4627413319066,745.4627413319066,False
FEIGEL AVENUE,477429194,744.9096520723941,744.9096520723941,False
BARRINGTON ROAD,477437139,744.8689490731717,744.8689490731717,False
GERTRUDE STREET,477433812,743.7172209936656,743.7172209936656,False
WESTMINSTER AVENUE,477440375,742.6683681264741,742.6683681264741,False
DAVIS STREET,477438619,742.4842721291764,742.4842721291764,False
GIFFORD STREET,800048389,742.2306241843432,742.2306241843432,False
MERRILL STREET,477427517,741.9002404453863,741.9002404453863,False
NORTHCLIFFE ROAD,477430125,741.0370290745061,741.0370290745061,False
BARRINGTON ROAD,477437746,740.981262348904,740.981262348904,False
EAST GENESEE STREET,477438604,739.7904867088172,739.7904867088172,False
CAMBRIDGE STREET,800048132,739.7776345316726,739.7776345316726,False
BURNET AVENUE,477432670,739.4140107852677,739.4140107852677,False
HENSBERRY ROAD,477441479,737.1816735802684,737.1816735802684,False
MANLEY FIELD HOUSE,600035943,736.4545224798321,736.4545224798321,False
CLOVER RIDGE DRIVE,477431198,736.3483789664149,736.3483789664149,False
NORTH GEDDES STREET,477435836,736.1008759877122,736.1008759877122,False
MILTON AVENUE,477432291,736.0423724915504,736.0423724915504,False
PAUL AVENUE,477429778,735.986575359925,735.986575359925,False
WEST COURT STREET,507665325,735.9440457311307,735.9440457311307,False
JOHN STREET,477431506,735.9175585515682,735.9175585515682,False
HUNTLEY STREET,477428136,735.8032011346826,735.8032011346826,False
SHONNARD STREET,800048966,735.4054118017674,735.4054118017674,False
SHERWOOD AVENUE,477433750,735.211487989706,735.211487989706,False
JACLYN DRIVE,477447270,734.3864650338882,734.3864650338882,False
SPRING STREET,477429956,734.0825648752793,734.0825648752793,False
RAMSEY AVENUE,477438316,733.8656233891645,733.8656233891645,False
OAKLAND STREET,477440180,733.3327161510861,733.3327161510861,False
CARBON STREET,477430184,733.1801742781579,733.1801742781579,False
ATKINSON AVENUE,477441654,732.4641044622309,732.4641044622309,False
ALMOND STREET,506022038,732.165811603076,732.165811603076,False
RESTORATION WAY,800034075,731.7905862170115,731.7905862170115,False
LONGMEADOW DRIVE,477447064,731.7600948565974,731.7600948565974,False
MIDLAND AVENUE,477439485,731.263825922613,731.263825922613,False
HAMPTON ROAD,477430719,731.1159244703758,731.1159244703758,False
BURNET AVENUE,477433531,730.7940862015911,730.7940862015911,False
SUMMIT AVENUE,477441585,730.5163228912281,730.5163228912281,False
AMY STREET,477438213,730.4303544100264,730.4303544100264,False
MAPLEWOOD AVENUE,477447073,730.0449776233721,730.0449776233721,False
MAGNOLIA STREET,477437330,729.8295138304142,729.8295138304142,False
BRADFORD LANE,477440452,729.3042174181709,729.3042174181709,False
HAWLEY AVENUE,477433891,729.006136028404,729.006136028404,False
GRANT BOULEVARD,477428976,728.9579902516749,728.9579902516749,False
ONONDAGA AVENUE,477440287,728.81343548892,728.81343548892,False
VICTORIA PLACE,477438095,728.7244295959844,728.7244295959844,False
EAST WILLOW STREET,477433028,728.5946632047054,728.5946632047054,False
SEDGWICK STREET,477432338,727.3880433065568,727.3880433065568,False
PUTNAM STREET,477439752,726.1403991688358,726.1403991688358,False
BURNET AVENUE,477433284,725.9772504318471,725.9772504318471,False
BURNET AVENUE,477434270,724.7726798731204,724.7726798731204,False
INTREPID LANE,477445671,724.686445631846,724.686445631846,False
JENSEN AVENUE,800097682,723.6818156505257,723.6818156505257,False
WESTMORELAND AVENUE,477436676,722.9083717382238,722.9083717382238,False
HURLBURT ROAD,477438389,722.8667376729273,722.8667376729273,False
BURDICK AVENUE,477428476,722.8629928777546,722.8629928777546,False
SCOTT AVENUE,477440489,722.5370910936764,722.5370910936764,False
STRATHMORE DRIVE,477443024,722.5013146385163,722.5013146385163,False
HOVEY STREET,477440764,721.7185632995935,721.7185632995935,False
ERIE BOULEVARD EAST,477434833,721.1893426821057,721.1893426821057,False
WEST CORNING AVENUE,477443453,720.3623652160567,720.3623652160567,False
EAST COLVIN STREET,477442888,720.330259391287,720.330259391287,False
BRYANT AVENUE,800048124,720.3000386022492,720.3000386022492,False
TEX SIMONE DRIVE,477428571,720.0300814072979,720.0300814072979,False
WINTHROP ROAD,477430506,719.6645709912182,719.6645709912182,False
BOSTON STREET,477431489,719.2452475919738,719.2452475919738,False
EDISON STREET,477433138,718.4657287052639,718.4657287052639,False
THURBER STREET,477443345,717.4293631585782,717.4293631585782,False
HARFORD ROAD,477427078,717.370836680478,717.370836680478,False
JAMESVILLE AVENUE,477444618,717.3554815459612,717.3554815459612,False
FURMAN STREET,477441218,714.6088772680688,714.6088772680688,False
SOUTH GEDDES STREET,477443263,714.5826077877651,714.5826077877651,False
ALTON STREET,477442710,713.6756145639418,713.6756145639418,False
BELLEVUE AVENUE,477441427,713.4057485358966,713.4057485358966,False
KELLOGG STREET,477439427,712.6355185452968,712.6355185452968,False
WILLIS AVENUE,477431579,712.6120673994972,712.6120673994972,False
AVON ROAD,477430992,712.1795404105394,712.1795404105394,False
ONONDAGA CREEK BOULEVARD,477444115,711.665512300451,711.665512300451,False
CROLY STREET,477435802,710.3691807740148,710.3691807740148,False
CARBON STREET,477430781,710.1280037458339,710.1280037458339,False
LYNWOOD AVENUE,477429770,709.9914608752176,709.9914608752176,False
MILFORD DRIVE WEST,477430126,709.8010883992921,709.8010883992921,False
DORCHESTER AVENUE,477429716,709.5409449954261,709.5409449954261,False
OSTRAM AVENUE,477440029,707.888593067199,707.888593067199,False
WEST ONONDAGA STREET,509997496,707.1156661122044,707.1156661122044,False
PETERS STREET,477431541,706.0793760768344,706.0793760768344,False
ACKERMAN AVENUE,477441184,705.5106901251802,705.5106901251802,False
CAMBRIDGE STREET,477437832,704.8594384354025,704.8594384354025,False
SUNRISE DRIVE,477446493,704.8342217314046,704.8342217314046,False
PLYMOUTH DRIVE,477430138,704.7917366773959,704.7917366773959,False
ASHDALE AVENUE,477429825,704.0087128514879,704.0087128514879,False
JOSEPHINE STREET,477431684,703.8407633293085,703.8407633293085,False
BUCKINGHAM AVENUE,477441160,703.3264967110364,703.3264967110364,False
LANCASTER AVENUE,477441172,703.1968985671307,703.1968985671307,False
NORTH COLLINGWOOD AVENUE,477429813,702.6795018386703,702.6795018386703,False
CANAL STREET,477434827,702.3527773512023,702.3527773512023,False
ROOSEVELT AVENUE,477440239,701.9824302677497,701.9824302677497,False
WESTCOTT STREET,477440264,701.8298073986848,701.8298073986848,False
BRADFORD PARKWAY,477438955,701.6266273228352,701.6266273228352,False
RIGI AVENUE,477429794,701.3925817307219,701.3925817307219,False
LAFAYETTE ROAD,477446324,700.977409572892,700.977409572892,False
MILES AVENUE,477440223,700.7078441412227,700.7078441412227,False
NORTH MIDLER AVENUE,477429799,700.6256041550309,700.6256041550309,False
CARLTON ROAD,477442764,699.8308839231,699.8308839231,False
CRAWFORD AVENUE,477438471,699.7946181446949,699.7946181446949,False
WESTMORELAND AVENUE,477437737,699.7496918810524,699.7496918810524,False
VALLEY DRIVE,477446748,699.5153923158355,699.5153923158355,False
EAST BRIGHTON AVENUE,477443514,699.4822928071931,699.4822928071931,False
LYDELL STREET,477440193,699.3437400020354,699.3437400020354,False
COLLEGE PLACE,800056549,698.4098128338769,698.4098128338769,False
ORLANDO AVENUE,477445782,698.3811386375297,698.3811386375297,False
NORTH EDWARDS AVENUE,477429807,697.3932654729085,697.3932654729085,False
COLERIDGE AVENUE,477436593,697.1366791806246,697.1366791806246,False
WEBSTER AVENUE,477443123,696.4959677256024,696.4959677256024,False
VANN STREET,477432817,696.0837057688059,696.0837057688059,False
WORDEN AVENUE,477429169,695.7629186205907,695.7629186205907,False
HAWLEY AVENUE,477433096,695.500519743958,695.500519743958,False
ARNTS PLACE,477428547,695.2747172541724,695.2747172541724,False
MURRAY AVENUE,477428432,694.7859719390983,694.7859719390983,False
ACADEMY GREEN,477446021,694.1488485979365,694.1488485979365,False
VANN STREET,477432844,692.9983300336614,692.9983300336614,False
WADSWORTH STREET,477429156,692.9611305196969,692.9611305196969,False
DORWIN AVENUE,477447316,692.6622782756266,692.6622782756266,False
SWANSEA DRIVE,511163850,690.7875310243182,690.7875310243182,False
KENSINGTON PLACE,477442135,690.4369776376362,690.4369776376362,False
STAFFORD AVENUE,477432671,690.4338532969333,690.4338532969333,False
EAST WILLOW STREET,477432672,690.1133532989122,690.1133532989122,False
SOUTH AVENUE,477441526,690.0603830730529,690.0603830730529,False
ABERDEEN TERRACE,477431276,689.5809546550228,689.5809546550228,False
SUNNYSIDE PARK ROAD,477437347,689.3758468118904,689.3758468118904,False
SOLAR STREET,477431884,688.8400858219208,688.8400858219208,False
WHITTIER AVENUE,477436948,688.8328524695587,688.8328524695587,False
SLAYTON AVENUE,477444806,688.7259810574377,688.7259810574377,False
SOUTH AVENUE,477444569,687.8686490631268,687.8686490631268,False
VAN RENSSELAER STREET,477432659,686.9816798076741,686.9816798076741,False
MILNOR AVENUE,477436019,686.875450870819,686.875450870819,False
EAST AVENUE,477437536,686.1290348091053,686.1290348091053,False
ROCKLAND AVENUE,477442518,685.6163260430875,685.6163260430875,False
HARWOOD AVENUE,477435752,685.1371166941291,685.1371166941291,False
SALISBURY ROAD,477437561,685.1074031005938,685.1074031005938,False
MARTIN LUTHER KING WEST,477440924,685.0081214429491,685.0081214429491,False
WEST NEWELL STREET,477443568,685.0062405532473,685.0062405532473,False
MOUNTAINVIEW AVENUE,477435010,684.9601380788192,684.9601380788192,False
EAST ONONDAGA STREET,477436543,684.953336871098,684.953336871098,False
FAYETTE BOULEVARD,477435519,684.0775689731781,684.0775689731781,False
DELRAY AVENUE,477435290,683.6964096836491,683.6964096836491,False
LUDDINGTON STREET,477431298,682.2391949500422,682.2391949500422,False
PLYMOUTH DRIVE,477431309,682.2371311205196,682.2371311205196,False
SAFETY LANE,509997003,682.1863346240273,682.1863346240273,False
WEST ONONDAGA STREET,477440126,681.6381390564393,681.6381390564393,False
MELBOURNE AVENUE,477436063,681.635716021428,681.635716021428,False
ERICKSON STREET,477431284,680.7654580386869,680.7654580386869,False
HILLSBORO PARKWAY,477438161,680.7316091983687,680.7316091983687,False
WOLCOTT AVENUE,477441035,680.6651580874691,680.6651580874691,False
MARTIN LUTHER KING WEST,477440700,680.3923848151879,680.3923848151879,False
PARK STREET,477431164,680.2479632752384,680.2479632752384,False
OAK STREET,477432013,678.5102904323957,678.5102904323957,False
BLAINE STREET,477440446,677.9280427893899,677.9280427893899,False
WEST FAYETTE STREET,477434289,676.8334880081902,676.8334880081902,False
CARLTON DRIVE,504325279,675.9972544156145,675.9972544156145,False
WENDELL TERRACE,477429632,675.8435668564049,675.8435668564049,False
ONONDAGA AVENUE,477442005,675.7990679908825,675.7990679908825,False
EAST SENECA TURNPIKE,477445833,675.4498450770767,675.4498450770767,False
MILDRED AVENUE,477429982,675.346379788011,675.346379788011,False
UPLAND ROAD,477441048,675.2976149023516,675.2976149023516,False
HIGHLAND AVENUE,477432129,674.7018299605633,674.7018299605633,False
WAINWRIGHT AVENUE,477428580,674.5632227074494,674.5632227074494,False
SUNRISE DRIVE,477446762,674.5181923772504,674.5181923772504,False
COMSTOCK AVENUE,477440560,674.3359426806071,674.3359426806071,False
BURNS AVENUE,477431520,674.1656326495548,674.1656326495548,False
DOUGLAS STREET,477431857,673.962466797778,673.962466797778,False
HARDING STREET,477428012,673.8657065734864,673.8657065734864,False
SOLAR STREET,600009000,673.6977758090111,673.6977758090111,False
KIDD AVENUE,600008905,673.6594198936162,673.6594198936162,False
DUNDEE DRIVE,477442048,673.4752320793211,673.4752320793211,False
ERIE BOULEVARD EAST,477435238,672.0235649623713,672.0235649623713,False
MERRIMAN AVENUE,477438279,672.0220738380234,672.0220738380234,False
KIMBER AVENUE,477445594,671.8105262875661,671.8105262875661,False
HILLSBORO PARKWAY,477438220,671.6814895734173,671.6814895734173,False
HAMILTON STREET,477435268,671.5348096023158,671.5348096023158,False
PLEASANTVIEW AVENUE,477428587,670.6698979279661,670.6698979279661,False
HARRINGTON ROAD,477438398,670.422840476031,670.422840476031,False
SCHUYLER STREET,477435542,670.0121900966964,670.0121900966964,False
WEST SENECA TURNPIKE,477445786,669.891301169828,669.891301169828,False
KAPPESSER STREET,477429804,669.629959553979,669.629959553979,False
BUNGALOW TERRACE,477441055,669.1111851081046,669.1111851081046,False
MERRIMAN AVENUE,477438266,668.5023029833114,668.5023029833114,False
BASIN STREET,507665389,668.0747451576987,668.0747451576987,False
CHINOOK DRIVE,800048142,667.2525131061342,667.2525131061342,False
NORWOOD AVENUE,477429666,667.0823347782081,667.0823347782081,False
SALT SPRINGS ROAD,477436289,666.979994742436,666.979994742436,False
BURNET AVENUE,477434321,666.0303330370273,666.0303330370273,False
SOUTH MIDLER AVENUE,477431773,665.7789938268568,665.7789938268568,False
HIAWATHA BOULEVARD WEST,508421477,665.2947696782231,665.2947696782231,False
DAVIS STREET,510577017,665.1180665559594,665.1180665559594,False
BURT STREET,477438817,664.6691625671144,664.6691625671144,False
THOMPSON ROAD,477431300,664.3032950803491,664.3032950803491,False
LAMBRETH LANE,477443909,664.21518245162,664.21518245162,False
SOUTH ORCHARD ROAD,477437786,663.4324328708251,663.4324328708251,False
WESTMORELAND AVENUE,477442819,663.1777708540577,663.1777708540577,False
HIGHLAND AVENUE,477431842,662.6537927655025,662.6537927655025,False
TOMPKINS STREET,477436358,662.1206470730133,662.1206470730133,False
WHITTIER AVENUE,477437336,662.0537636993761,662.0537636993761,False
SPENCER STREET,477431882,660.6463986422815,660.6463986422815,False
PARK AVENUE,477434309,660.1010428728396,660.1010428728396,False
PLEASANTVIEW AVENUE,477428204,659.8556634828743,659.8556634828743,False
LINCOLN AVENUE,477439999,659.384799714907,659.384799714907,False
WALL STREET,477435729,658.670484165219,658.670484165219,False
WEST DIVISION STREET,477432179,658.4310007362035,658.4310007362035,False
ALEXANDER AVENUE,600008946,658.2821061890995,658.2821061890995,False
NORTH GLENCOVE ROAD,477430692,658.2735264912494,658.2735264912494,False
PARK STREET,477454194,657.9465790250048,657.9465790250048,False
SOUTH SALINA STREET,800034271,657.5719107190033,657.5719107190033,False
BURNS AVENUE,477431143,657.0639627993538,657.0639627993538,False
MARKLAND AVENUE,477441224,656.9217710779247,656.9217710779247,False
GORLAND AVENUE,477436760,656.9163989360693,656.9163989360693,False
DEWITT STREET,477429674,655.7144300209261,655.7144300209261,False
SPRINGFIELD ROAD,477435921,654.8594554589122,654.8594554589122,False
WAINWRIGHT AVENUE,477428190,654.7794662660658,654.7794662660658,False
IRVING AVENUE,477439079,653.7778662203688,653.7778662203688,False
HOEFLER STREET,477439315,653.7629501453494,653.7629501453494,False
HURON STREET,477440765,653.6002292545497,653.6002292545497,False
MOONEY AVENUE,477431192,653.4056934364398,653.4056934364398,False
ELDORADO STREET,477430987,653.1807274399149,653.1807274399149,False
MARLBOROUGH ROAD,477429578,652.4799013318319,652.4799013318319,False
CRAWFORD AVENUE,477439394,652.1666731327593,652.1666731327593,False
ERIE BOULEVARD EAST,477433119,652.014749885113,652.014749885113,False
PLUM STREET,477433027,651.9785584462303,651.9785584462303,False
MARLBOROUGH ROAD,477429249,651.8675861301726,651.8675861301726,False
WINKWORTH PARKWAY,477442367,651.669638234317,651.669638234317,False
PLEASANTVIEW AVENUE,477428957,650.348740955494,650.348740955494,False
NORTH CLINTON STREET,477431658,649.9811979687784,649.9811979687784,False
DIANA AVENUE,477444096,649.5898744207823,649.5898744207823,False
HENRY STREET,477439634,649.2060871699712,649.2060871699712,False
SHUART AVENUE,477431364,649.1455524247083,649.1455524247083,False
MARIPOSA STREET,477431362,648.6233773839389,648.6233773839389,False
WAINWRIGHT AVENUE,477428938,648.4339277922334,648.4339277922334,False
WEST ONONDAGA STREET,800041905,648.2314210112888,648.2314210112888,False
HAZELHURST AVENUE,477429589,648.1069848834114,648.1069848834114,False
CHERRY STREET,477437132,647.8678967220503,647.8678967220503,False
WEST BISSELL STREET,477442287,647.2838694320848,647.2838694320848,False
TURTLE STREET,477428085,646.8062902783597,646.8062902783597,False
HELEN STREET,477429694,646.7461300291309,646.7461300291309,False
GREEN STREET,477433841,646.4470084476219,646.4470084476219,False
ONONDAGA LAKE PARKWAY,477428174,646.0266247747322,648.793097794098,True
WEST LAFAYETTE AVENUE,477443449,645.678852484874,645.678852484874,False
WINKWORTH PARKWAY,477442334,644.8085116371268,644.8085116371268,False
IRVING AVENUE,477439602,644.3997639902011,644.3997639902011,False
HILLSBORO PARKWAY,477438229,644.3474400923659,644.3474400923659,False
WEST BRIGHTON AVENUE,477443340,644.2974949304347,644.2974949304347,False
STADIUM PLACE,477439617,644.0726845486665,644.0726845486665,False
MARGUERITE AVENUE,477443189,642.443965311946,642.443965311946,False
KIRK PARK DRIVE,477443558,642.0977351061381,642.0977351061381,False
WESTCOTT STREET,477439312,641.9145528817885,641.9145528817885,False
BELLEVUE TERRACE,477440465,641.7879890924254,641.7879890924254,False
OAK STREET,477429706,641.7408663648577,641.7408663648577,False
WEST FAYETTE STREET,477433729,641.7317744918882,641.7317744918882,False
ERIE STREET,477433994,641.3102290708456,641.3102290708456,False
MEADOWBROOK DRIVE,477438593,641.2480586884603,641.2480586884603,False
HOLLAND STREET,477438684,640.7464499572862,640.7464499572862,False
WHITWELL DRIVE,477430790,640.5347923735197,640.5347923735197,False
TENNYSON AVENUE,800049038,640.4385383928151,640.4385383928151,False
ERIE BOULEVARD EAST,477433192,639.5871394821282,639.5871394821282,False
SEYMOUR STREET,477437554,639.3510438968561,639.3510438968561,False
MEADOWBROOK DRIVE,504325290,639.2432312337684,639.2432312337684,False
SOUTH TOWNSEND STREET,509998034,639.2214350570031,639.2214350570031,False
CORNELL AVENUE,477444429,638.3749864581572,638.3749864581572,False
SOUTH TOWNSEND STREET,509998023,637.7601584975071,637.7601584975071,False
ALLEN STREET,800048119,637.3672472818859,637.3672472818859,False
KEEN PLACE,477443844,636.8350432116556,636.8350432116556,False
WOODRUFF AVENUE,477429722,636.7129471856201,636.7129471856201,False
MALTBIE STREET,477432901,636.4415652778252,636.4415652778252,False
SHONNARD STREET,477437933,636.0939787560465,636.0939787560465,False
SALISBURY ROAD,477437723,635.1798123294019,635.1798123294019,False
SOUTH ALVORD STREET,477431426,633.2642641912576,633.2642641912576,False
EVANS STREET,477432990,632.7610554756324,632.7610554756324,False
EAST BRIGHTON AVENUE,477444462,632.6881518122178,632.6881518122178,False
EMPIRE AVENUE,477444855,632.486931898617,632.486931898617,False
WINTON STREET,477433660,632.2990006690295,632.2990006690295,False
WINKWORTH PARKWAY,477442337,631.6460331490182,631.6460331490182,False
CLOVER RIDGE DRIVE,477431568,630.7886395821045,630.7886395821045,False
WENTE TERRACE,477444514,630.6468016774088,630.6468016774088,False
HOUSTON AVENUE,477438297,630.2605817912473,630.2605817912473,False
EVALEEN AVENUE,477444820,629.7748686304215,629.7748686304215,False
PARRISH LANE,477447259,629.5464423113664,629.5464423113664,False
SCHNEIDER STREET,477431461,629.4057272135293,629.4057272135293,False
DEPALMA AVENUE,477439385,628.585379107135,628.585379107135,False
HOLDEN STREET,477439338,627.4415637730419,627.4415637730419,False
JAMESVILLE AVENUE,477443813,626.8502575116149,626.8502575116149,False
GIRARD AVENUE,477444837,626.8425189567968,626.8425189567968,False
ONONDAGA AVENUE,477441222,626.6261066592307,626.6261066592307,False
MONTICELLO DRIVE NORTH,477445939,626.2357878796796,626.2357878796796,False
REMINGTON AVENUE,477443856,624.9392721729959,624.9392721729959,False
MAURICE AVENUE,477444319,624.855618855578,624.855618855578,False
ERIE BOULEVARD EAST,477433881,624.5509098219875,624.5509098219875,False
KENWICK DRIVE,477428668,624.5076381369237,624.5076381369237,False
SOMERSET ROAD,477441352,624.2186439901715,625.2597517853317,True
WEST ONONDAGA STREET,477440181,624.1431609053609,624.1431609053609,False
OVERLOOK DRIVE,800052915,624.1107674078888,624.1107674078888,False
COOLIDGE AVENUE,477441215,623.3538303010777,623.3538303010777,False
SLOCUM DRIVE,477443506,623.1056535584615,623.1056535584615,False
PALMER AVENUE,477441202,622.5507240889503,622.5507240889503,False
SOUTH AVENUE,477443621,622.2063772950445,622.2063772950445,False
WINDSOR PLACE,477441088,622.0956924144875,622.0956924144875,False
NOTTINGHAM ROAD,477442661,620.9953338511748,1008.3168396579289,True
DOROTHY STREET,477431447,620.9668046231809,620.9668046231809,False
CRAWFORD AVENUE,477441419,619.9721819254955,619.9721819254955,False
PARK AVENUE,477434364,619.8461462954717,619.8461462954717,False
OAK STREET,477433924,619.7121345960709,619.7121345960709,False
EAST MATSON AVENUE,477444123,619.4775436789536,619.4775436789536,False
PHARIS STREET,477433076,619.454741702747,619.454741702747,False
ROOSEVELT AVENUE,477440714,619.4305934961282,619.4305934961282,False
ACKERMAN AVENUE,477439388,619.2434692893233,619.2434692893233,False
RICHMOND AVENUE,477435220,619.0022607867397,619.0022607867397,False
CRESTVIEW DRIVE,477446013,618.3101553662643,618.3101553662643,False
BEECHER STREET,477431479,617.3441439715629,617.3441439715629,False
WESTCOTT STREET,477440729,617.1262239602829,617.1262239602829,False
SEDGWICK ROAD,477429836,616.7590836301707,616.7590836301707,False
EAST GENESEE STREET,800053487,615.8560349344631,615.8560349344631,False
WHITTIER AVENUE,800049087,615.6599114413407,615.6599114413407,False
RICH STREET,477441195,615.5798121018055,615.5798121018055,False
HIAWATHA BOULEVARD WEST,508421474,615.5111196640839,615.5111196640839,False
MINERVA STREET,477445668,615.1769130529831,615.1769130529831,False
EAST WASHINGTON STREET,477435472,614.9377111272657,614.9377111272657,False
EAST COLVIN STREET,600035961,614.6618177603023,614.6618177603023,False
EAST WATER STREET,477435200,613.9268934466141,613.9268934466141,False
EAST FAYETTE STREET,477435725,613.6420514854218,613.6420514854218,False
SHARON DRIVE,477442241,613.0290620185453,613.0290620185453,False
ERIE BOULEVARD WEST,477435848,612.8457985589272,612.8457985589272,False
ERIE BOULEVARD EAST,477433977,612.5916163708144,612.5916163708144,False
ASHWORTH PLACE,477435966,611.8003271182961,611.8003271182961,False
BASSETT STREET,477437068,611.6983873293743,611.6983873293743,False
HOLLAND STREET,477439570,611.5944054715618,611.5944054715618,False
BEECHER STREET,477431690,611.5290285829682,611.5290285829682,False
HARRISON STREET,477436937,611.2192013287788,611.2192013287788,False
BELLEVUE AVENUE,477440427,610.9468315007674,610.9468315007674,False
WEST BELDEN AVENUE,477433433,610.7820867254936,610.7820867254936,False
WEST FAYETTE STREET,477436501,610.6088110333324,610.6088110333324,False
GREENWOOD PLACE,477438059,610.5660761122373,610.5660761122373,False
ENGLERT AVENUE,477427904,610.1445771231557,610.1445771231557,False
AVERY AVENUE,477433207,610.032983781927,610.032983781927,False
EMERSON AVENUE,477433338,609.8260819028603,609.8260819028603,False
LIBERTY STREET,477434308,609.2116792923186,609.2116792923186,False
CITY CROSSROADS DRIVE,477433915,609.1479254444326,609.1479254444326,False
HARBOR STREET,477433213,608.4032049618373,608.4032049618373,False
WILLIS AVENUE,477433900,608.344176198242,608.344176198242,False
RICHMOND AVENUE,477435254,608.2084379630597,608.2084379630597,False
TENNYSON AVENUE,800049033,608.1336742552418,608.1336742552418,False
WILLIS AVENUE,477741260,607.6532486951716,607.6532486951716,False
MEADOWBROOK DRIVE,477439891,607.5001360919308,607.5001360919308,False
LAMSON STREET,477429756,607.1403439877085,607.1403439877085,False
MARTIN STREET,477427382,606.6921926686015,606.6921926686015,False
WEST ONONDAGA STREET,477440151,606.1147849594089,606.1147849594089,False
BAKER AVENUE,477441989,605.740748220537,605.740748220537,False
STATE FAIR BOULEVARD,510970451,605.5186160044686,605.5186160044686,False
WESTMORELAND AVENUE,477443079,604.9092090529844,604.9092090529844,False
ALLEN STREET,477436584,604.8384497878505,604.8384497878505,False
WALRATH ROAD,477444474,604.5050048452052,604.5050048452052,False
SLOCUM DRIVE,477443231,604.4876740084451,604.4876740084451,False
HAROLD STREET,477428653,604.3878980291134,604.3878980291134,False
FOBES AVENUE,477429245,603.2983446258239,603.2983446258239,False
EAST FLORENCE AVENUE,477445090,603.1654054904463,603.1654054904463,False
CRIPPEN AVENUE,477445567,603.0687600373184,603.0687600373184,False
VILLAGE DRIVE,477429464,602.3346438035243,602.3346438035243,False
TEALL AVENUE,477434953,602.0131519926882,602.0131519926882,False
OAK STREET,477432445,601.7246527115665,601.7246527115665,False
WEST GENESEE STREET,477435118,601.6992248124577,601.6992248124577,False
WILLIS AVENUE,477432955,601.5189145334389,601.5189145334389,False
BUCKINGHAM AVENUE,477440506,601.4867238129425,601.4867238129425,False
EAST COLVIN STREET,477442202,601.1762788435922,601.1762788435922,False
HAMILTON STREET,477435503,600.9142265970455,600.9142265970455,False
EVANS STREET,477433182,600.8372756852349,600.8372756852349,False
BELLEVUE AVENUE,477441528,600.6005731147615,600.6005731147615,False
WEST GENESEE STREET,477435340,600.5727028067806,600.5727028067806,False
SOUTH SALINA STREET,477436196,600.4858294233043,600.4858294233043,False
SCHUYLER STREET,477435785,600.4197294316125,600.4197294316125,False
CAYUGA STREET,477435425,600.2935570904632,600.2935570904632,False
JAMES STREET,477431515,600.1517510609458,600.1517510609458,False
OLIVE STREET,477432785,599.617363979311,599.617363979311,False
SOUTH SALINA STREET,477437367,599.578997930312,599.578997930312,False
ERIE STREET,477434276,599.395240100888,599.395240100888,False
ERIE STREET,477434666,599.2662225048741,599.2662225048741,False
HERKIMER STREET,477741268,599.1930003120059,599.1930003120059,False
ESSEX STREET,477433206,598.9920087144466,598.9920087144466,False
SCHUYLER STREET,477436037,598.8502461308484,598.8502461308484,False
PRIMROSE AVENUE,477443920,598.6956613069266,598.6956613069266,False
KIRK PARK DRIVE,477443302,598.6871522876073,598.6871522876073,False
MILTON AVENUE,477433674,598.5890930768257,598.5890930768257,False
ULSTER STREET,477436218,598.3883181000577,598.3883181000577,False
TOMPKINS STREET,477436513,598.3831523358334,598.3831523358334,False
MIDLAND AVENUE,477445319,598.2702340537423,598.2702340537423,False
WALRATH ROAD,509998057,598.2000176601841,598.2000176601841,False
VALLEY VIEW DRIVE,477444653,598.063976146615,598.063976146615,False
BANK ALLEY,477436204,598.0058352471335,598.0058352471335,False
HAMILTON STREET,477435703,597.9978002150519,597.9978002150519,False
BARRETT STREET,477438976,597.9479885923176,597.9479885923176,False
EAST FAYETTE STREET,477435702,597.9427726344383,597.9427726344383,False
MILTON AVENUE SPUR,800056628,597.7916048922572,597.7916048922572,False
EAST WASHINGTON STREET,477435453,597.2115730390539,597.2115730390539,False
COMSTOCK AVENUE,477443331,597.017461051779,597.017461051779,False
LIVINGSTON AVENUE,477439442,596.5597433496076,596.5597433496076,False
WELLINGTON PLACE,477435997,596.1848683428473,596.1848683428473,False
EAST WASHINGTON STREET,477435421,596.0549829846326,596.0549829846326,False
SCHUYLER STREET,477436304,596.0516582937537,596.0516582937537,False
EAST FAYETTE STREET,477435693,596.0416280699119,596.0416280699119,False
MARSHALL STREET,477437829,595.9735388979268,595.9735388979268,False
EAST GENESEE STREET,477436281,595.8154752910309,595.8154752910309,False
SUMNER AVENUE,477439415,595.7434602337557,595.7434602337557,False
HAMILTON STREET,477435954,595.6158672219659,595.6158672219659,False
EAST GENESEE STREET,477436268,595.5993082900486,595.5993082900486,False
CEDAR STREET,800032777,595.465434721768,595.465434721768,False
WAVERLY AVENUE,477438141,594.9783722290734,594.9783722290734,False
SCHULER STREET,477431796,594.6932973991815,594.6932973991815,False
EAST WATER STREET,477435146,594.6272075696033,594.6272075696033,False
ASHWORTH PLACE,477435961,594.5095224149838,594.5095224149838,False
CEDAR STREET,477436444,594.2837089169823,594.2837089169823,False
ERIE BOULEVARD EAST,477435015,594.2090907776616,594.2090907776616,False
HILLSBORO PARKWAY,477438178,594.1895199987804,594.1895199987804,False
HERBST AVENUE,477432049,594.0358816627622,594.0358816627622,False
CANAL STREET,477434788,593.9924589101167,593.9924589101167,False
CAYUGA STREET,477435625,593.8007498828052,593.8007498828052,False
RICHARDSON AVENUE,477443637,593.78291468408,593.78291468408,False
LAMBRETH LANE,477443193,593.7772198502179,593.7772198502179,False
DEFOREST ROAD,477437391,593.7352242894688,593.7352242894688,False
EAST WATER STREET,477435174,593.3141998030964,593.3141998030964,False
SOUTH WARREN STREET,477436209,592.9010263256031,592.9010263256031,False
MADISON STREET,477436657,592.8559794341984,592.8559794341984,False
EAST WATER STREET,477435190,592.8106863340647,592.8106863340647,False
ENFIELD PLACE,477438475,592.7320627002573,592.7320627002573,False
MADISON STREET,477436663,592.7229117685513,592.7229117685513,False
EAST FAYETTE STREET,477435711,592.5812749128845,592.5812749128845,False
EAST WASHINGTON STREET,477435512,592.5347150628002,592.5347150628002,False
SALT SPRINGS ROAD,477437047,592.2168270436732,592.2168270436732,False
LODI STREET,477434157,592.1362596124292,592.1362596124292,False
ERIE BOULEVARD EAST,477435025,592.0139810949743,592.0139810949743,False
EAST FAYETTE STREET,477435696,591.7506407809149,591.7506407809149,False
HASBROUCK STREET,477431602,591.4184893317471,591.4184893317471,False
ALMOND STREET,477436548,591.2877910200568,591.2877910200568,False
CANAL STREET,477434809,591.0141041035898,591.0141041035898,False
EAST WASHINGTON STREET,477435457,590.9533519534182,590.9533519534182,False
RICH STREET,477440777,590.9405589559217,590.9405589559217,False
AVONDALE PLACE,477438600,590.6856646711065,590.6856646711065,False
OSTROM AVENUE,477439476,590.6788686214544,590.6788686214544,False
MERRITT AVENUE,477446112,590.6776902409913,590.6776902409913,False
SOUTH SALINA STREET,800048271,590.653739467576,590.653739467576,False
SMALL ROAD,477443361,590.6108184016657,590.6108184016657,False
HUDSON STREET,477440759,590.580191980039,590.580191980039,False
BAKER AVENUE,477441258,590.4470060550203,590.4470060550203,False
MELBOURNE AVENUE,477435475,590.1509503820888,590.1509503820888,False
EAST ADAMS STREET,477437457,589.7224226112326,589.7224226112326,False
EDNA ROAD,800047572,589.6256112606817,589.6256112606817,False
MONTGOMERY STREET,477436211,589.3538462902354,589.3538462902354,False
HARRISON STREET,477436985,589.1368647756505,589.1368647756505,False
SOUTH AVENUE,477440738,589.0818444987075,589.0818444987075,False
VILLAGE DRIVE,477429463,588.6186394752408,588.6186394752408,False
NICHOLS AVENUE,477431711,588.458366891225,588.458366891225,False
SOUTH CROUSE AVENUE,477436275,587.8635663310699,587.8635663310699,False
PHARIS STREET,477433541,587.7192883869355,587.7192883869355,False
AUDUBON PARKWAY,477435451,587.3802871717268,587.3802871717268,False
SOUTH TOWNSEND STREET,509998026,587.2029307663578,587.2029307663578,False
SOUTH TOWNSEND STREET,509998025,587.1819521313486,587.1819521313486,False
PARRISH LANE,800047571,587.0197712876251,587.0197712876251,False
ALANSON ROAD,477442228,586.8881940428175,586.8881940428175,False
JAMESVILLE AVENUE,477442934,586.6720563051163,586.6720563051163,False
CAMP AVENUE,477444878,586.1033135963153,586.1033135963153,False
WEST FAYETTE STREET,477436046,586.0281695156356,586.0281695156356,False
STRAND PLACE,477430554,585.5094687868066,585.5094687868066,False
PALMER AVENUE,477440792,585.4289294484033,585.4289294484033,False
WEST BEARD AVENUE,477442023,585.1883102544028,585.1883102544028,False
LODI STREET,477430982,585.0517648599857,585.0517648599857,False
AINSLEY DRIVE,477444425,584.7506782102319,584.7506782102319,False
WESTMORELAND AVENUE,477442480,584.4564189141443,584.4564189141443,False
HICKORY STREET,477432766,584.0979822469801,584.0979822469801,False
COOLIDGE AVENUE,477440797,583.993779829195,583.993779829195,False
WESTMORELAND AVENUE,477435796,583.7445044595922,583.7445044595922,False
ERIE BOULEVARD WEST,800030710,583.4924495306715,583.4924495306715,False
WEST KENNEDY STREET,477441185,583.1643086305254,583.1643086305254,False
GUILFORD ROAD,477439267,583.069124184641,583.069124184641,False
CHEMUNG STREET,477432968,583.0315147430073,583.4958760260639,True
FOUNTAIN STREET,477433613,582.9225730931154,582.9225730931154,False
MCLENNAN AVENUE,477441633,582.8998430784472,582.8998430784472,False
DEWITT STREET,477430195,582.6092263270943,582.6092263270943,False
WESTMORELAND AVENUE,800049082,582.317563214765,582.317563214765,False
GIMINSKI DRIVE,477432590,582.2722944074407,582.2722944074407,False
WESTCOTT STREET,477436579,582.1814746299721,582.1814746299721,False
COMSTOCK AVENUE,477441095,581.6162668789929,581.6162668789929,False
WEST BORDEN AVENUE,477441838,581.4733122826486,581.4733122826486,False
ROE AVENUE,477443756,581.385735707751,581.385735707751,False
GENANT DRIVE,477431835,581.1106635260122,581.1106635260122,False
CANNON STREET,477444011,581.1042229960128,581.1042229960128,False
DICKERSON STREET,477436931,580.9168451711672,580.9168451711672,False
SEDGWICK DRIVE,504326418,580.4381580586537,580.4381580586537,False
KIRK AVENUE,477441436,580.4358566967276,580.4358566967276,False
SLOCUM DRIVE,477443537,580.4016972054966,580.4016972054966,False
VALE STREET,477443896,580.3497950518002,580.3497950518002,False
EAST ONONDAGA STREET,477436860,580.3080553518714,580.3080553518714,False
WALNUT AVENUE,477436662,580.2064533133342,580.2064533133342,False
REED AVENUE,477442258,580.1007455075124,580.1007455075124,False
ARNOLD AVENUE,477443822,580.0951174191379,580.0951174191379,False
MICHAELS AVENUE,800038682,579.8005873648401,579.8005873648401,False
JANET DRIVE,477440342,579.6195259343701,579.6195259343701,False
OAKDALE DRIVE,477445100,579.5273291772004,579.5273291772004,False
THOMPSON ROAD,477432760,579.1294449356384,579.1294449356384,False
WEST CALTHROP AVENUE,477443826,578.9190959426785,578.9190959426785,False
BOYDEN STREET,477431926,578.4955348756686,578.4955348756686,False
HELEN STREET,477430206,578.1294504274549,578.1294504274549,False
KIRKPATRICK STREET,477428598,578.1064374849141,578.1064374849141,False
WEST BEAR STREET,477431337,577.6892864279288,577.6892864279288,False
MAXWELL AVENUE,477445203,577.6470494928487,577.6470494928487,False
LEWIS STREET,477433402,577.5896373493723,577.5896373493723,False
BOSTON STREET,477431049,577.5644559602566,577.5644559602566,False
SOUTH AVENUE,477443922,577.541817748581,577.541817748581,False
LYNCH STREET,477434954,577.3956596097069,577.3956596097069,False
BRADFORD STREET,477445331,576.6240938540785,576.6240938540785,False
WEST BELDEN AVENUE,800049089,576.2763033668949,576.2763033668949,False
EAST AVENUE,477436917,576.2739601738265,576.2739601738265,False
SOUTH STATE STREET,800052940,576.2256175164586,576.2256175164586,False
GREEN STREET,477433527,576.1490659226406,576.1490659226406,False
WHITTIER AVENUE,477436486,575.1106608410755,575.1106608410755,False
JUNEWAY ROAD,477442063,575.0768119382583,575.0768119382583,False
EAST SENECA TURNPIKE,477445938,575.0017682164486,575.0017682164486,False
SARAH LOGUEN STREET,506021526,574.8552968547377,574.8552968547377,False
GOODRICH AVENUE,477443828,573.6112901340395,573.6112901340395,False
SOUTH SALINA STREET,477439482,573.3516024212337,573.3516024212337,False
LOMBARD AVENUE,477435691,573.2389241381644,573.2389241381644,False
BAKER AVENUE,477441614,572.8063487916105,572.8063487916105,False
SEDGWICK DRIVE,504326414,572.6712039367238,572.6712039367238,False
ERIE BOULEVARD EAST,477435106,571.4482782864175,571.4482782864175,False
FOXBORO ROAD,477435397,570.5123695273288,570.5123695273288,False
LAKEVIEW AVENUE,477435153,570.4955624298245,570.4955624298245,False
ACADEMY PLACE,477446297,570.4495199133462,570.4495199133462,False
MALVERNE DRIVE,477427651,570.2571416500656,570.2571416500656,False
AUDUBON PARKWAY,477435449,570.1482374477289,570.1482374477289,False
SOUTH MIDLER AVENUE,477432192,570.0395746803298,570.0395746803298,False
CLARENDON STREET,477438872,569.9347151557023,569.9347151557023,False
DEWITT ROAD,477439284,569.2888966653994,569.2888966653994,False
WEST BEAR STREET,800039718,569.2369861200854,569.2369861200854,False
ELIZABETH BLACKWELL STREET,477437435,568.8392847231818,568.8392847231818,False
TEMPLE STREET,477438379,568.8137828470931,568.8137828470931,False
RONEY ROAD,477445705,568.2728784957143,568.2728784957143,False
SOUTH EDWARDS AVENUE,477432275,568.020403316251,568.020403316251,False
SOUTH COLLINGWOOD AVENUE,477432374,567.9474757879747,567.9474757879747,False
WAYNE STREET,477433568,567.8871006748246,567.8871006748246,False
DEARBORN PLACE,477441345,567.6166738198693,567.6166738198693,False
ATLANTIC AVENUE,477444524,567.2800265922691,567.2800265922691,False
ABERDEEN TERRACE,477431642,566.9951071383421,566.9951071383421,False
LODI STREET,477431809,566.6754740024509,566.6754740024509,False
CHARLOTTE STREET,477433998,565.9107045306498,565.9107045306498,False
MALVERNE DRIVE,477427465,565.8989984243614,565.8989984243614,False
LOMA AVENUE,477427558,565.7889164612104,565.7889164612104,False
EAST FAYETTE STREET,477435757,565.5354884011033,565.5354884011033,False
HILLSDALE AVENUE,477432472,565.2979287027335,565.2979287027335,False
DEMONG DRIVE,477436638,564.9462425086468,564.9462425086468,False
UNIVERSITY AVENUE,477436656,564.470544993976,564.470544993976,False
GLENWOOD AVENUE,477442344,563.8872201081859,563.8872201081859,False
JEAN AVENUE,477444095,563.706266542821,563.706266542821,False
SOUTH STATE STREET,477437382,563.7010304625487,563.7010304625487,False
ERIE BOULEVARD EAST,477433595,563.4400206524339,563.4400206524339,False
EAST GENESEE STREET,477436224,563.4167916564901,563.4167916564901,False
GIFFORD STREET,509997023,563.3600634380452,563.3600634380452,False
SALT SPRINGS ROAD,477436410,563.2222514125551,563.2222514125551,False
EAST WATER STREET,477435212,563.1689448269448,563.1689448269448,False
SOLAR STREET,800030813,562.8486514357129,562.8486514357129,False
ERIE BOULEVARD EAST,477433333,562.7574141123202,562.7574141123202,False
CUMBERLAND AVENUE,477437187,562.5748738277485,562.5748738277485,False
EAST GENESEE STREET,477436239,562.429365524507,562.429365524507,False
EAST FAYETTE STREET,477435750,562.3526533200052,562.3526533200052,False
HUGHES PLACE,477442504,562.291273219703,562.291273219703,False
PRIMROSE AVENUE,477443929,561.8098315855269,561.8098315855269,False
NORTH CLINTON STREET,477431133,561.6246773542953,561.6246773542953,False
HIXSON AVENUE,477431846,561.4863644029778,561.4863644029778,False
EAST FAYETTE STREET,477435734,561.3070187058279,561.3070187058279,False
IRVING AVENUE,477437433,561.2164858052369,561.2164858052369,False
SOUTH WILBUR AVENUE,477438215,560.5854594564335,560.5854594564335,False
SOUTH WARREN STREET,477437365,560.0979557892764,560.0979557892764,False
WEST BEARD AVENUE,477442136,560.0512420998251,560.0512420998251,False
OAK STREET,477430203,559.9806587244132,559.9806587244132,False
EAST FAYETTE STREET,477435740,559.9151103534972,559.9151103534972,False
SUNSTRUCK DRIVE,477431856,559.6538749626249,559.6538749626249,False
LUDDINGTON STREET,477431751,559.5185779172243,559.5185779172243,False
WOODBINE AVENUE,477432540,559.4257299678707,559.4257299678707,False
MCCHESNEY PARK DRIVE,477428975,559.1508656530457,559.1508656530457,False
WALNUT AVENUE,477437465,559.0840003028134,559.0840003028134,False
THURBER STREET,477443400,558.95565498691,558.95565498691,False
JAMES STREET,477432851,558.6248364453753,558.6248364453753,False
ERICKSON STREET,477431682,558.5948816578591,558.5948816578591,False
XAVIER CIRCLE,800032796,558.4412157718442,558.4412157718442,False
WALNUT PLACE,477437463,558.2632924965538,558.2632924965538,False
MELROSE AVENUE,477430791,558.0658670318086,558.0658670318086,False
PLYMOUTH DRIVE,477431805,557.9361216879046,557.9361216879046,False
LEXINGTON AVENUE,477436170,557.7842724339907,557.7842724339907,False
UNIVERSITY AVENUE,477437456,557.580997488509,557.580997488509,False
HARRISON PLACE,477437368,557.5523288746604,557.5523288746604,False
COMSTOCK AVENUE,477437467,557.3573886387185,557.3573886387185,False
OSTROM AVENUE,477437470,557.156449642107,557.156449642107,False
NICHOLS AVENUE,477431369,556.9017815729659,556.9017815729659,False
NORTH SALINA STREET,477430410,556.5325103304189,556.5325103304189,False
STOLP AVENUE,477441188,556.3876870181956,556.3876870181956,False
TENNYSON AVENUE,477436499,556.2893013966077,556.2893013966077,False
WAVERLY AVENUE,477438156,556.2747977835594,556.2747977835594,False
ARCH STREET,477431875,556.1239953984841,556.1239953984841,False
LOMBARD AVENUE,477435596,555.9211023018173,555.9211023018173,False
VELASKO ROAD,477442159,555.8449787642371,555.8449787642371,False
SOUTH CROUSE AVENUE,477437437,555.759861178047,555.759861178047,False
TENNYSON AVENUE,477436978,555.2251242514061,555.2251242514061,False
HUTCHINSON AVENUE,477443753,555.01359655666,555.01359655666,False
MONTGOMERY STREET,477437377,554.997031805434,554.997031805434,False
MOSLEY DRIVE,477431942,554.7430100595648,554.7430100595648,False
THURBER STREET,477443513,554.4441620026909,554.4441620026909,False
WEST FAYETTE STREET,477436298,554.0906090953641,554.0906090953641,False
BRYANT AVENUE,477436319,554.015251823789,554.015251823789,False
WEST PLEASANT AVENUE,477443728,553.9627659882431,553.9627659882431,False
PUTNAM STREET,477440031,553.733234887827,553.733234887827,False
HUDSON STREET,477441156,553.6916088693531,553.6916088693531,False
HATCH STREET,477443021,553.5758842117168,553.5758842117168,False
MERRIMAN AVENUE,477438197,552.9702321226338,552.9702321226338,False
BOYDEN STREET,477431486,552.4837219080229,552.4837219080229,False
BEARD PLACE,477442182,552.4779896464235,552.4779896464235,False
AMHERST AVENUE,477442648,552.4527958441441,552.4527958441441,False
ALMOND STREET,506021523,552.4435164792927,552.4435164792927,False
ROXBURY ROAD,477430287,551.6445054328203,551.6445054328203,False
WESTCOTT STREET,477437036,551.2848333419087,551.2848333419087,False
WESTMINSTER AVENUE,477440744,550.4416047369823,550.4416047369823,False
FIRST NORTH STREET,477453927,550.3733327528488,550.3733327528488,False
SCHOECK AVENUE,477429519,550.2368157338693,550.2368157338693,False
MCKINLEY AVENUE,477442516,550.1962653644382,550.1962653644382,False
MCALLISTER AVENUE,477442831,550.1698106392643,550.1698106392643,False
BUTTERNUT STREET,477432028,550.0651287412123,550.0651287412123,False
MOSLEY DRIVE,477431336,549.9303676240011,549.9303676240011,False
WILLIS AVENUE,477431879,549.2487123108973,549.2487123108973,False
MCCLURE AVENUE,477442961,549.21421206016,549.21421206016,False
SATURN DRIVE,477446336,549.1977145143708,549.1977145143708,False
CAYUGA STREET,477434869,548.9165777799054,548.9165777799054,False
BUTLER STREET,477443442,548.7425787908736,548.7425787908736,False
GORDON AVENUE,477441441,548.1686928034509,548.1686928034509,False
XAVIER CIRCLE,800032797,548.0941096832814,548.0941096832814,False
LANCASTER AVENUE,477440634,547.8575522749427,547.8575522749427,False
SOUTH CROUSE AVENUE,477436642,547.3146539125701,547.3146539125701,False
FERRIS AVENUE,477437300,547.0277939198361,547.0277939198361,False
ONEIDA STREET,477439440,546.7546919966808,546.7546919966808,False
WEST KENNEDY STREET,477441688,545.5746360101074,545.5746360101074,False
ERIE BOULEVARD EAST,477435004,545.2492970244027,545.2492970244027,False
SEWARD STREET,477431918,544.9357225824282,544.9357225824282,False
FOURTH NORTH STREET,477427803,544.8744686387117,544.8744686387117,False
ELK STREET,477442362,544.7582661366727,544.7582661366727,False
EAST COLVIN STREET,477442909,544.2205276792165,544.2205276792165,False
NORTH GLENCOVE ROAD,600035919,544.1258490848605,544.1258490848605,False
HARFORD ROAD,477427397,543.8880226694321,543.8880226694321,False
MARIS DRIVE,477446007,543.8872318374878,543.8872318374878,False
EAST BORDEN AVENUE,477441680,543.0385206276469,543.0385206276469,False
SPAULDING AVENUE,477447183,542.0008675385222,542.0008675385222,False
WEST GENESEE STREET,477434039,541.4884944764193,541.4884944764193,False
VANN STREET,477432762,540.7907891196787,540.7907891196787,False
FOREST HILL DRIVE,477431444,540.069583611061,540.069583611061,False
SABINE STREET,477438975,539.3766028135963,539.3766028135963,False
FOREST HILL DRIVE,477431441,539.2444261289792,539.2444261289792,False
RENWICK AVENUE,477439960,538.7053588812388,538.7053588812388,False
WELLESLEY ROAD,477443005,538.3423556605205,538.3423556605205,False
TRINITY PLACE,477438294,538.1863146863675,538.1863146863675,False
PARK STREET,508421554,537.8841967822865,537.8841967822865,False
ROBINEAU ROAD,477443013,537.798745244202,537.798745244202,False
SOUTH BEECH STREET,477436605,537.5249931416075,537.5249931416075,False
PEAT STREET,477434089,537.0168290949316,537.0168290949316,False
BASSETT STREET,477437557,536.7969006774634,536.7969006774634,False
CONKLIN AVENUE,477430999,536.7571660107885,536.7571660107885,False
SALT SPRINGS ROAD,477435969,536.4960648392546,536.4960648392546,False
VELASKO ROAD,477440672,535.81999905159,535.81999905159,False
MARGUERITE AVENUE,477443184,535.197522716806,535.197522716806,False
MARIPOSA STREET,477431342,535.001454643011,535.001454643011,False
LONGMEADOW DRIVE,477447184,534.9184308309178,534.9184308309178,False
EAST FLORENCE AVENUE,477445061,534.8674133389359,534.8674133389359,False
WESTCOTT STREET,477441128,534.8238737504414,534.8238737504414,False
MADISON STREET,477436598,534.7521252561688,534.7521252561688,False
ARBOR LANE,477438947,534.2314554184126,537.9393357637848,True
COMSTOCK AVENUE,477443812,534.2215663624847,534.2215663624847,False
ELLIOTT STREET,477439932,534.0598889115967,534.0598889115967,False
ROBINEAU ROAD,477443242,533.6506889849643,533.6506889849643,False
ROOSEVELT AVENUE,477441111,533.0567016557637,533.0567016557637,False
BRACE STREET,477428597,533.0532321454594,533.0532321454594,False
NORTH GEDDES STREET,477434250,533.0169210147299,533.0169210147299,False
GRUMBACH AVENUE,477430586,532.9167422258499,532.9167422258499,False
SENECA DRIVE,477445915,532.7191302996941,532.7191302996941,False
EAST BRIGHTON AVENUE,477443135,532.4939826499646,532.4939826499646,False
CADILLAC STREET,477428178,531.6829786822893,531.6829786822893,False
EAST GENESEE STREET,477439393,531.6820626572768,531.6820626572768,False
PARK STREET,477428025,531.3681442950243,534.0873682429249,True
VALLEY DRIVE,477446303,531.0088580291489,531.0088580291489,False
NORTH SALINA STREET,477430612,530.8600578303784,530.8600578303784,False
SAINT LOUIS AVENUE,477444790,530.713089133851,530.713089133851,False
COLUMBIA AVENUE,477442998,530.5758771521404,530.5758771521404,False
MILBURN DRIVE,477445785,530.4384827761908,530.4384827761908,False
HARRINGTON ROAD,477438924,530.0808107780986,530.0808107780986,False
WOLF STREET,477427532,529.5380873045115,532.5500484779963,True
BEATTIE STREET,477435477,528.9762245262243,528.9762245262243,False
SOUTH MIDLER AVENUE,477433552,527.9734345024918,527.9734345024918,False
CROSSETT STREET,477441714,527.5624066055195,527.5624066055195,False
ERIE BOULEVARD EAST,477435000,527.3622872908464,527.3622872908464,False
EAST KENNEDY STREET,477441092,527.2067755598811,527.2067755598811,False
GLAHN AVENUE,477442569,526.8876219371559,526.8876219371559,False
ONONDAGA AVENUE,477440768,526.7274866617383,526.7274866617383,False
LEAVENWORTH AVENUE,477434337,526.4414915045215,526.4414915045215,False
EAST FAYETTE STREET,477435782,526.3791448262094,526.3791448262094,False
ARLINGTON AVENUE,477442985,525.9139197238417,525.9139197238417,False
WESTWOOD ROAD,477442333,525.7194145332144,525.7194145332144,False
ERIE BOULEVARD EAST,477434952,525.3018336712199,525.3018336712199,False
WEST WASHINGTON STREET,477435345,524.8855237084456,524.8855237084456,False
NORTH LORRAINE AVENUE,477442280,524.8773586884837,524.8773586884837,False
COMSTOCK AVENUE,600035949,524.5779984644263,524.5779984644263,False
GRAND AVENUE,477438587,524.4468348606783,524.4468348606783,False
BRADFORD PARKWAY,504325243,524.35806310621,524.35806310621,False
WALTON STREET,477435896,524.3254276087488,524.3254276087488,False
ERIE BOULEVARD EAST,477434927,524.1378436773068,524.1378436773068,False
SALT SPRINGS ROAD,477436466,524.1062587492501,524.1062587492501,False
BROOKFORD ROAD,477437978,523.582126630235,523.582126630235,False
VAN RENSSELAER STREET,477434300,523.5400762213241,523.5400762213241,False
NORTH STATE STREET,477431789,523.4790642562174,523.4790642562174,False
WEST FAYETTE STREET,477435619,523.2503248338767,523.2503248338767,False
NORTH WILBUR AVENUE,477435670,523.119827113601,523.119827113601,False
NORTH WILBUR AVENUE,477435329,522.7004157049164,522.7004157049164,False
HIXSON AVENUE,477430777,521.7873878504734,521.7873878504734,False
GRIFFIN STREET,477443992,521.7859441016649,521.7859441016649,False
MINEOLA DRIVE,477439606,521.7103545929876,521.7103545929876,False
GRAVES STREET,477431490,521.6732478847765,521.6732478847765,False
LOMA AVENUE,477427730,521.4349217033943,521.4349217033943,False
CROYDEN ROAD,477441329,521.2978421499307,521.2978421499307,False
WESTMORELAND AVENUE,477441414,521.1946717552377,521.1946717552377,False
HUBBELL AVENUE,477440824,521.0432923383783,521.0432923383783,False
MARQUETTE STREET,477432864,521.03955422184,521.03955422184,False
ERIE BOULEVARD WEST,477434879,520.7711277303092,520.7711277303092,False
KIRKWOOD PLACE,477442550,520.5106078957277,520.5106078957277,False
EAST COLVIN STREET,477442539,520.3946120151938,520.3946120151938,False
BENNINGTON DRIVE,477444358,520.3703366553668,520.3703366553668,False
EAST ONONDAGA STREET,477436216,519.614947533769,519.614947533769,False
MERRIMAN AVENUE,477438243,519.3601017253233,519.3601017253233,False
TENNYSON AVENUE,477436103,519.3104628901201,519.3104628901201,False
WESTCOTT STREET,477442011,519.1270599488314,519.1270599488314,False
SALISBURY ROAD,477437608,518.9045398179272,518.9045398179272,False
EMERSON AVENUE,477431782,518.8373187615774,518.8373187615774,False
THOMPSON ROAD,477430443,518.642554059461,518.642554059461,False
MEADOWBROOK DRIVE,477439464,518.3492624408185,518.3492624408185,False
MARSHALL STREET,477437845,518.2740493783989,518.2740493783989,False
NORTH MCBRIDE STREET,477432029,518.2026370587367,518.2026370587367,False
LODI STREET,477432058,518.176532533882,518.176532533882,False
TOWNSEND PLACE,477432105,518.1200731903316,518.1200731903316,False
SHUART AVENUE,477431516,518.0322534177727,518.0322534177727,False
EAST WATER STREET,477435160,517.7281210878409,517.7281210878409,False
NORTH TOWNSEND STREET,477432170,517.5975909328728,517.5975909328728,False
NORTH SALINA STREET,477431673,517.1836038204075,517.1836038204075,False
GEBHARDT AVENUE,477431628,517.1753285819384,517.1753285819384,False
CUMBERLAND AVENUE,477441391,516.8967508517673,516.8967508517673,False
LOCK ALLEY,477431739,516.7296490879025,516.7296490879025,False
MARTIN LUTHER KING WEST,477440549,516.1118258934929,516.1118258934929,False
NORTH TOWNSEND STREET,477431548,516.1080014390368,516.1080014390368,False
CATHERINE STREET,477432161,516.0952395003935,516.0952395003935,False
EAST BRIGHTON AVENUE,477445620,516.058857008508,516.058857008508,False
WADSWORTH STREET,477429734,514.9502917062899,514.9502917062899,False
NORTH SALINA STREET,477431151,514.9014180692867,514.9014180692867,False
NORTH MCBRIDE STREET,477432402,514.8869136982183,514.8869136982183,False
SEELEY ROAD,477434200,514.7629149708292,514.7629149708292,False
WHEATON ROAD,477429958,514.7012155290081,514.7012155290081,False
PIERCE STREET,477444545,514.4065749474019,514.4065749474019,False
WELLESLEY ROAD,477443220,514.3384603865261,514.3384603865261,False
NORTH TOWNSEND STREET,477432552,514.25721866748,514.25721866748,False
CHAMPLIN DRIVE,477431664,514.2503375034988,514.2503375034988,False
PROSPECT AVENUE,477432697,514.1284137569588,514.1284137569588,False
NORTH SALINA STREET,477432463,514.0353650465491,514.0353650465491,False
SABINE STREET,510577044,513.8089979108912,513.8089979108912,False
NORTH SALINA STREET,477431417,513.596817406767,513.596817406767,False
STRONG AVENUE,513530284,513.5944078608554,513.5944078608554,False
NORTH SALINA STREET,477431981,513.439898137463,513.439898137463,False
HOPPER ROAD,477446212,513.3195739854278,513.3195739854278,False
COMSTOCK AVENUE,477441206,513.2105909136893,513.2105909136893,False
BERKELEY DRIVE,477440716,512.700104490121,512.700104490121,False
HAWLEY AVENUE,509997554,512.6612658459205,512.6612658459205,False
AINSLEY DRIVE,477444440,512.5884435744255,512.5884435744255,False
ONEIDA STREET,477438725,512.4605815975749,512.4605815975749,False
SEDGWICK DRIVE,477430674,512.4580988700874,512.4580988700874,False
CLOVER STREET,477440014,512.2198532421518,512.2198532421518,False
WEST WATER STREET,512620138,511.96935526655017,511.96935526655017,False
SOUTH ORCHARD ROAD,477436550,511.70400798209323,515.567436634964,True
SHERWOOD AVENUE,477432746,511.6956999065383,511.6956999065383,False
LANCASTER AVENUE,477442371,511.5919696173983,511.5919696173983,False
MILTON AVENUE,477432715,511.57456528902964,511.57456528902964,False
JAMESVILLE AVENUE,477442108,511.48968764230017,511.48968764230017,False
ARSENAL DRIVE,477446022,510.99944718952906,510.99944718952906,False
NBT BANK PARKWAY,800030858,510.9512269271815,510.9512269271815,False
MERTENS AVENUE,477429319,510.2433266753469,510.2433266753469,False
NORTH STATE STREET,477432116,510.13559698090745,510.13559698090745,False
DEMONG DRIVE,506986290,510.07538026383554,510.07538026383554,False
SEDGWICK DRIVE,477430651,509.7321031129007,509.7321031129007,False
BEAR STREET,477428756,509.4379410656047,509.4379410656047,False
JAMESVILLE AVENUE,477444406,509.27184875248855,509.27184875248855,False
STRATHMORE DRIVE,477443211,508.4617071350438,508.4617071350438,False
NORTH TOWNSEND STREET,477431822,508.23501392712495,508.23501392712495,False
LEA LANE,477429212,508.1867959755015,508.1867959755015,False
DEMONG DRIVE,506986294,508.1257846779609,508.1257846779609,False
WINTON STREET,477432720,508.11709726923306,508.11709726923306,False
TEALL AVENUE,477432549,507.78332617131514,507.78332617131514,False
PHILLIPS ROAD,477436294,507.73695516436266,507.73695516436266,False
WALRATH ROAD,477444484,507.5644424267687,507.5644424267687,False
WALRATH ROAD,477444459,507.3708765171912,507.3708765171912,False
MARCELLUS STREET,477436779,506.84588690612736,506.84588690612736,False
TURTLE STREET,477428862,506.8410841193813,506.8410841193813,False
WINKWORTH PARKWAY,477442251,506.7602078064519,506.7602078064519,False
NORTH STATE STREET,477433249,506.69535396749706,506.69535396749706,False
KIRK AVENUE,506986301,506.65207705885035,506.65207705885035,False
HATCH STREET,477443234,506.6107905322804,506.6107905322804,False
SHELDON AVENUE,477444703,506.35339379099537,506.35339379099537,False
OXFORD STREET,477440149,506.2730513897632,506.2730513897632,False
DALE STREET,477428594,506.19495120902144,506.19495120902144,False
LODI STREET,477433820,506.17527735266117,506.17527735266117,False
GRANT BOULEVARD,477428774,505.80280455203365,505.80280455203365,False
BEAR STREET,477429215,505.7100609617255,505.7100609617255,False
TURTLE STREET,477429293,505.7094390998277,505.7094390998277,False
NORTH MCBRIDE STREET,477431713,505.698669864474,505.698669864474,False
BELLEVUE AVENUE,477440890,505.5547422755866,505.5547422755866,False
LEMOYNE AVENUE,477428613,505.50790570832686,505.50790570832686,False
GANNETT AVENUE,477427807,505.048472176947,505.048472176947,False
JAMESVILLE AVENUE,800048432,504.7617246893213,504.7617246893213,False
HIAWATHA BOULEVARD EAST,477428847,504.621664615968,504.621664615968,False
VINE STREET,477432071,504.6002589725616,504.6002589725616,False
MEADOWBROOK DRIVE,477442359,504.2484146397277,504.2484146397277,False
NOTTINGHAM ROAD,477441374,503.93072207596606,503.93072207596606,False
TEMPLE PLACE,477442525,503.8364042400791,503.8364042400791,False
ONONDAGA CREEK BOULEVARD,477444256,503.7331706715305,503.7331706715305,False
WOLF STREET,477427733,503.6568070817213,503.6568070817213,False
MADISON STREET,477436649,503.6291765775336,503.6291765775336,False
HERZ STREET,477428446,503.61686373441324,503.61686373441324,False
CORDOVA STREET,477445173,503.4863732707815,503.4863732707815,False
COURT STREET,477429438,503.34572664443374,503.34572664443374,False
CORTLAND AVENUE,477440701,503.29686553962745,503.29686553962745,False
SHUART AVENUE,477431736,503.19459907654976,503.19459907654976,False
BERKELEY DRIVE,477441065,503.04522262597516,503.04522262597516,False
EAST FAYETTE STREET,477435646,502.8058555778476,502.8058555778476,False
EAST GENESEE STREET,477436252,502.71242014996017,502.71242014996017,False
HARBORSIDE DRIVE,600024755,502.3641740703849,502.3641740703849,False
SOUTH SALINA STREET,477445280,502.36325747501144,502.36325747501144,False
WEST GENESEE STREET,477434770,502.2936445188208,502.2936445188208,False
HOLLAND STREET,477439009,502.0875762024977,502.0875762024977,False
KIRKPATRICK STREET,477430629,501.86700564558504,501.86700564558504,False
AVERY AVENUE,477436413,501.80996843318724,501.80996843318724,False
HIAWATHA BOULEVARD EAST,477428342,501.67828961839854,501.67828961839854,False
ONONDAGA PARK DRIVE EAST,477441625,501.4072237532204,501.4072237532204,False
NORTH ALVORD STREET,477430254,501.35602950368644,501.35602950368644,False
OAKWOOD AVENUE,477440167,501.34802806173707,501.34802806173707,False
WOLF STREET,477428736,501.1600595187893,501.1600595187893,False
WILLIS AVENUE,477436219,501.1029277411345,501.1029277411345,False
CHINOOK DRIVE,477443509,500.88043428192873,500.88043428192873,False
NORTH LOWELL AVENUE,477435913,500.75340671343565,500.75340671343565,False
SPRING STREET,477429661,500.54015508321396,500.54015508321396,False
WOLF STREET,477428455,500.51088977567025,500.51088977567025,False
ROWLAND STREET,477439709,500.31795597931693,500.31795597931693,False
SOUTH SALINA STREET,477440429,500.3171230750203,500.3171230750203,False
CODY AVENUE,477436623,500.2697878919132,500.2697878919132,False
CARBON STREET,477429784,500.21431985169585,500.21431985169585,False
SOUTH BEECH STREET,477436225,499.7579989508134,499.7579989508134,False
NORTH ALVORD STREET,477430415,499.7407791816515,499.7407791816515,False
MILTON AVENUE,477435933,499.6673064889896,499.6673064889896,False
FIRST NORTH STREET,477429307,499.4836210879263,499.4836210879263,False
MILTON AVENUE,477436359,499.47605603891077,499.47605603891077,False
COLUMBIA AVENUE,477443201,499.2339404727705,499.2339404727705,False
DANFORTH STREET,477429549,499.16952495321806,499.16952495321806,False
HIAWATHA BOULEVARD EAST,477428093,499.09612168683196,499.09612168683196,False
NORTH LOWELL AVENUE,477435516,498.862274692463,498.862274692463,False
LEMOYNE AVENUE,477429082,498.85568382235266,498.85568382235266,False
NOTTINGHAM ROAD,477440964,498.8400978835253,498.8400978835253,False
EMERSON AVENUE,477436082,498.4433412923975,498.4433412923975,False
COURT TERRACE,477428926,498.4305222108383,498.4305222108383,False
HILLSBORO PARKWAY,477438355,498.2911023617193,498.2911023617193,False
OTISCO STREET,477437119,498.2717322986623,498.2717322986623,False
FIRST NORTH STREET,477429457,498.22527042962884,498.22527042962884,False
SECOND NORTH STREET,477429103,498.2184136465657,498.2184136465657,False
WILLIS AVENUE,477436514,498.2024719136862,498.2024719136862,False
CAYUGA STREET,477435208,498.1267014458708,498.1267014458708,False
PARK STREET,477430142,498.0862642306983,498.0862642306983,False
SALT STREET,477454133,497.9681653679006,497.9681653679006,False
BRUCE STREET,477435050,497.84875318126086,497.84875318126086,False
EMERSON AVENUE,477435654,497.8202700505012,497.8202700505012,False
MCKINLEY AVENUE,477442490,497.80231853082455,497.80231853082455,False
EAST GENESEE STREET,477438948,497.74643048228694,497.74643048228694,False
AVERY AVENUE,477436709,497.62911641696843,497.62911641696843,False
MYRTLE STREET,477436588,497.6048441398329,497.6048441398329,False
MOUNTAINVIEW AVENUE,477434819,497.54586211096586,497.54586211096586,False
KIRKPATRICK STREET,477429456,497.392906185723,497.392906185723,False
MAY AVENUE,477442911,497.36377438531554,497.36377438531554,False
PARK STREET,477430012,497.25459351963855,497.25459351963855,False
SPRING STREET,477429550,497.2210498512624,497.2210498512624,False
AVOCA STREET,477436794,496.9440647547479,496.9440647547479,False
ALBERT ROAD,477436612,496.65205283194786,496.65205283194786,False
EAST GENESEE PARKWAY,477437393,496.5732555855877,496.5732555855877,False
NORTH MCBRIDE STREET,477432744,496.5348669110777,496.5348669110777,False
KING STREET,477438758,496.02738469331473,496.02738469331473,False
SECOND NORTH STREET,477429234,495.9251138275787,495.9251138275787,False
TEALL AVENUE,477433532,495.8177921157494,495.8177921157494,False
CARBON STREET,477429905,495.80094170751056,495.80094170751056,False
SAND STREET,477433745,495.74401354895485,495.74401354895485,False
ONONDAGA CREEK BOULEVARD EAST,477444013,495.6692487718119,495.6692487718119,False
RUGBY ROAD,477430101,495.64177740961776,495.64177740961776,False
LEMOYNE AVENUE,477428854,495.6050146530465,495.6050146530465,False
BERKELEY DRIVE,477440696,495.50717238374136,495.50717238374136,False
SOUTH STATE STREET,477441268,495.2728970149311,495.2728970149311,False
SOUTH WARREN STREET,477436541,494.9324508865633,494.9324508865633,False
COURT STREET,477429219,494.761641090248,494.761641090248,False
OAKWOOD AVENUE,477441008,494.7275024226653,494.7275024226653,False
SIXTH NORTH STREET,477427533,494.6867591082989,494.6867591082989,False
LANCASTER AVENUE,800048511,494.33097920028337,494.33097920028337,False
TURTLE STREET,477429092,494.0516457560109,494.0516457560109,False
ROCK CUT ROAD,477445216,493.43845998573374,493.43845998573374,False
HILLSBORO PARKWAY,477438139,493.25852183988604,493.25852183988604,False
PARK AVENUE,477434324,492.74408596390697,492.74408596390697,False
PARK AVENUE,477434408,492.7065000937213,492.7065000937213,False
HIAWATHA BOULEVARD EAST,477428600,492.5113198074321,492.5113198074321,False
ARLINGTON AVENUE,477443190,492.44778085435576,492.44778085435576,False
NORTH MCBRIDE STREET,477432704,492.3947711005758,492.3947711005758,False
ELMHURST AVENUE,477443037,492.2082302266008,492.2082302266008,False
SWEETING STREET,477429496,492.1133598169767,492.1133598169767,False
DANFORTH STREET,477429306,492.0076952526666,492.0076952526666,False
SCOTT AVENUE,477437601,491.59152474893426,491.59152474893426,False
THOMPSON ROAD,477430946,491.4112277765307,491.4112277765307,False
COMSTOCK PLACE,477436451,491.3816758598475,491.3816758598475,False
WEST BEAR STREET,477432473,491.3415588815903,491.3415588815903,False
EAST BRIGHTON AVENUE,477445745,491.06732415166715,491.06732415166715,False
STEDMAN STREET,800041913,491.0253685652594,491.0253685652594,False
MONTGOMERY STREET,477438551,490.88494361381794,490.88494361381794,False
SMITH ROAD,477445593,490.7997754042192,490.7997754042192,False
NORTH TOWNSEND STREET,477432897,490.7453890541178,490.7453890541178,False
WEST BRIGHTON AVENUE,477443122,490.53078230688465,490.53078230688465,False
MEADOWBROOK DRIVE,477437510,490.52178272724314,490.52178272724314,False
WEST WASHINGTON STREET,477435358,490.47862759759715,490.47862759759715,False
BROADVIEW DRIVE,477442468,490.44450419999595,490.44450419999595,False
TALLMAN STREET,477439533,490.2976685783732,490.2976685783732,False
WILKINSON STREET,477434897,490.2802255166438,490.2802255166438,False
BEAR STREET,477428981,490.2792710966908,490.2792710966908,False
HILLCREST ROAD,477440380,490.0176564616979,490.0176564616979,False
WENDELL TERRACE,477429931,489.95311685423366,489.95311685423366,False
MARLBOROUGH ROAD,477429863,489.8124649517938,489.8124649517938,False
JOHN STREET,477431145,489.74495842883056,489.74495842883056,False
WOLF STREET,477428966,489.44855440102737,489.44855440102737,False
HIAWATHA BOULEVARD EAST,508421423,488.99716966889554,488.99716966889554,False
ROSE AVENUE,506986284,488.531870901006,488.531870901006,False
VAN BUREN STREET,477439150,488.345432618204,488.345432618204,False
WEST WATER STREET,800066375,488.3449957422121,488.3449957422121,False
VAN RENSSELAER STREET,477433756,488.14750335494176,488.14750335494176,False
MYRTLE STREET,477436908,488.11636447434495,488.11636447434495,False
MANILLA STREET,477433923,487.9930218779964,487.9930218779964,False
CLEVELAND AVENUE,477429270,487.9171123045476,487.9171123045476,False
EAST ADAMS STREET,477437468,487.72391836716037,487.72391836716037,False
GILBERT STREET,477427555,487.46917129035955,487.46917129035955,False
WEST COURT STREET,477431132,487.31917078396856,487.31917078396856,False
MARTIN LUTHER KING EAST,477440278,487.0898399167264,487.0898399167264,False
HUBBELL AVENUE,477441165,486.29855869171524,486.29855869171524,False
WOLF STREET,477429388,486.0993969815354,486.0993969815354,False
NORTH CLINTON STREET,477431933,485.98237465889207,485.98237465889207,False
CLAIRMONTE AVENUE,477441158,485.918252465176,485.918252465176,False
MIDLAND AVENUE,477442470,485.9019549119114,485.9019549119114,False
SOUTH CARBON STREET,477430884,485.8096636026122,485.8096636026122,False
PLUM STREET,477434306,485.71055620959027,485.71055620959027,False
DEWITT STREET,477431637,485.57948019997895,485.57948019997895,False
MARYLAND AVENUE,800048531,485.5186399222562,485.5186399222562,False
PARK STREET,477429079,484.8707158042052,484.8707158042052,False
NORTH WEST STREET,477434198,484.4367879474953,484.4367879474953,False
HARBORSIDE DRIVE,600035916,484.42118360704484,484.42118360704484,False
WEST FAYETTE STREET,477435301,484.20749291283084,484.20749291283084,False
MOUNTAINVIEW AVENUE,477435170,484.1638465637174,484.1638465637174,False
SPRING STREET,477430331,484.13261816140596,484.13261816140596,False
EAST GENESEE STREET,509997450,484.03333962749696,484.03333962749696,False
POND LANE,477430077,483.7551352784734,483.7551352784734,False
WEST COLVIN STREET,477442407,483.6912225863433,483.6912225863433,False
WEST WARRINGTON ROAD,477446504,483.4392418219301,483.4392418219301,False
EXCHANGE STREET,477429527,483.2715180380251,483.2715180380251,False
DANFORTH STREET,477429783,483.2090682335142,483.2090682335142,False
EAST FAYETTE STREET,509997458,483.19431647016904,483.19431647016904,False
OAK STREET,477431635,482.8386984807593,482.8386984807593,False
LIBERTY STREET,477432571,482.3646669521236,482.3646669521236,False
LEXINGTON AVENUE,477436138,482.0627463846233,482.0627463846233,False
MEADOWBROOK DRIVE,504325289,482.0517431174349,482.0517431174349,False
EAST WATER STREET,509997480,481.9591607799551,481.9591607799551,False
HILLSBORO PARKWAY,477438357,481.95829964053803,481.95829964053803,False
SPRING STREET,477429439,481.4206415273351,481.4206415273351,False
LODI STREET,477430613,481.32937716117175,481.32937716117175,False
KIRKPATRICK STREET,477429904,481.21244764873825,481.21244764873825,False
SOUTH STATE STREET,477440071,481.12780426030196,481.12780426030196,False
NORTH SALINA STREET,477429743,481.06274711847715,481.06274711847715,False
AVERY AVENUE,477434168,480.93150814813026,480.93150814813026,False
WOLF STREET,477429183,480.8487545582653,480.8487545582653,False
EAST WASHINGTON STREET,509997472,480.75891419616875,480.75891419616875,False
CUMBERLAND AVENUE,477442172,480.63854198083965,480.63854198083965,False
FIRST NORTH STREET,477428855,480.6377863093185,480.6377863093185,False
LODI STREET,477430085,480.5538139627953,480.5538139627953,False
CARLISLE STREET,477429991,480.1860673143895,480.1860673143895,False
LEMOYNE AVENUE,477429275,480.04659124975547,480.04659124975547,False
ELK STREET,477442322,479.91456579896175,479.91456579896175,False
PARK STREET,477429877,479.90259443832105,479.90259443832105,False
ERIE BOULEVARD EAST,477434932,479.80564375946125,479.80564375946125,False
BERKELEY DRIVE,477441067,479.72344691936087,479.72344691936087,False
ERIE BOULEVARD EAST,477433664,479.6740827231454,479.6740827231454,False
EUCLID AVENUE,477439262,479.5832366129859,479.5832366129859,False
SECOND NORTH STREET,477428757,479.4815856760927,479.4815856760927,False
SPRING STREET,477429083,479.4404437789088,479.4404437789088,False
COURT STREET,477429620,479.40203968532256,479.40203968532256,False
ROBERTS AVENUE,477441180,479.2784027238689,479.2784027238689,False
PASTIME DRIVE,477429999,479.2079329552376,479.2079329552376,False
DANFORTH STREET,477430011,479.0435501432552,479.0435501432552,False
HIAWATHA BOULEVARD EAST,477429061,478.84337636224564,478.84337636224564,False
PENNSYLVANIA AVENUE,477428238,478.72840341944624,478.72840341944624,False
FIRST NORTH STREET,477429220,478.7213729970372,478.7213729970372,False
BEAR STREET,477429612,478.5066591699278,478.5066591699278,False
ROOSEVELT AVENUE,477439702,478.49826683563657,478.49826683563657,False
WESTCOTT STREET,477439727,478.4866659349696,478.4866659349696,False
WEST STREET ARTERIAL NORTHBOUND,477437214,478.47039362729157,478.47039362729157,False
BEAR STREET,477429857,478.34260565298894,478.34260565298894,False
BEAR STREET,477430084,478.33062808679875,478.33062808679875,False
COMSTOCK PLACE,477436450,478.3231378517781,478.3231378517781,False
LOOMIS AVENUE,477444643,478.2959602906895,478.2959602906895,False
SPRING STREET,477429216,478.181778259679,478.181778259679,False
WEST SENECA TURNPIKE,477445750,478.0415869097044,478.0415869097044,False
EAST SENECA TURNPIKE,477446034,478.03838552772834,478.03838552772834,False
HIAWATHA BOULEVARD WEST,477432730,477.99979776732073,477.99979776732073,False
SUMMIT AVENUE,477441131,477.96190595863885,477.96190595863885,False
BUTTERNUT STREET,477430604,477.82914255174364,477.82914255174364,False
FOURTH NORTH STREET,477428109,477.75857906821983,477.75857906821983,False
SECOND NORTH STREET,477428989,477.7414325703341,477.7414325703341,False
FIRST NORTH STREET,477428982,477.7333511625601,477.7333511625601,False
BROOKLEA PLACE,477446571,477.6792716786705,477.6792716786705,False
CARBON STREET,477429621,477.66011519407897,477.66011519407897,False
FABIUS STREET,477437107,477.5834444715543,477.5834444715543,False
GRANT BOULEVARD,477428353,477.29981449623705,477.29981449623705,False
WESTMORELAND AVENUE,477442190,477.2778522643485,477.2778522643485,False
EAST RAYNOR AVENUE,477439697,477.26667621528435,477.26667621528435,False
SECOND NORTH STREET,477428614,477.265818784144,477.265818784144,False
LAMBRETH LANE,477443371,477.21106191857973,477.21106191857973,False
MAPLE STREET,477436207,477.0097294527214,477.0097294527214,False
TURTLE STREET,477429760,476.97640402321025,476.97640402321025,False
JAMESVILLE AVENUE,477444236,476.96922319845555,476.96922319845555,False
CUMMINGS AVENUE,477430255,476.96840719994543,476.96840719994543,False
WOLF STREET,477429597,476.8157312108736,476.8157312108736,False
LEMOYNE AVENUE,477429969,476.7679319231972,476.7679319231972,False
GILBERT AVENUE,477430128,476.64991512183946,476.64991512183946,False
COURT STREET,477429876,476.6093218108948,476.6093218108948,False
TURTLE STREET,477430232,476.32794789560336,476.32794789560336,False
MEADOWBROOK DRIVE,477442298,476.3008584660081,476.3008584660081,False
EUCLID AVENUE,477439893,476.14469535233496,476.14469535233496,False
ERIE BOULEVARD EAST,477434678,476.11415111142065,476.11415111142065,False
HILLSBORO PARKWAY,477438779,476.0680962414562,476.0680962414562,False
HAZELHURST AVENUE,477429254,475.9668619924897,475.9668619924897,False
EUCLID AVENUE,477438891,475.9424993561081,475.9424993561081,False
NORTHWAY STREET,477434043,475.88649594010826,475.88649594010826,False
HAZELWOOD AVENUE,800048394,475.70442935556974,475.70442935556974,False
MILDRED AVENUE,800048527,475.49853178411774,475.49853178411774,False
LEAVENWORTH AVENUE,477433771,475.35551829839346,475.35551829839346,False
NORTH SALINA STREET,477429858,475.32139126496133,475.32139126496133,False
LODI STREET,477429970,475.1580246043389,475.1580246043389,False
MITCHELL AVENUE,477444277,474.9321462432848,474.9321462432848,False
HIAWATHA BOULEVARD EAST,477429228,474.8538609017594,474.8538609017594,False
DEMONG DRIVE,800048259,474.8519889003977,474.8519889003977,False
RUSSELL PLACE,477443941,474.5984275568088,474.5984275568088,False
WOLF STREET,477429828,474.59387763934546,474.59387763934546,False
OAK LEAF DRIVE,800098401,474.4367462912178,474.4367462912178,False
DANFORTH STREET,477430253,474.3207008508218,474.3207008508218,False
VELASKO ROAD,477441275,474.29692126932326,474.29692126932326,False
WEST BEARD AVENUE,477442293,474.27137687967536,474.27137687967536,False
KIRKPATRICK STREET,477430141,474.0910197089521,474.0910197089521,False
TURTLE STREET,477429534,474.08936340307645,474.08936340307645,False
SOUTH WILBUR AVENUE,477437038,473.3513725343925,473.3513725343925,False
MALCOLM STREET,477440388,473.30110574093726,473.30110574093726,False
EDGEWOOD AVENUE,477443926,473.26811557025616,473.26811557025616,False
WEST BRIGHTON AVENUE,477443301,473.1575375816231,473.1575375816231,False
BEAR STREET,477429405,473.0195488497958,473.0195488497958,False
HUBBELL AVENUE,477441695,472.8628847453101,472.8628847453101,False
HERRIMAN STREET,477439396,472.7901981009345,472.7901981009345,False
GRAND AVENUE,477438392,472.646437170846,472.646437170846,False
BURNET AVENUE,477432066,472.59690362494143,472.59690362494143,False
FLETCHER AVENUE,477443935,472.58731194842585,472.58731194842585,False
SOUTH SALINA STREET,477437870,472.55785550856217,472.55785550856217,False
ERIE BOULEVARD EAST,477435436,472.3414287735887,472.3414287735887,False
WEST GENESEE STREET,477434710,472.1334585987049,472.1334585987049,False
HAMPTON ROAD,477430286,471.92609763731303,471.92609763731303,False
SOUTH MCBRIDE STREET,477438224,471.7999935237207,471.7999935237207,False
HADDON ROAD,477438876,471.3966611358425,471.3966611358425,False
EAST ADAMS STREET,509998040,471.180911259464,471.180911259464,False
NORTH CLINTON STREET,477431326,471.0553611373734,471.0553611373734,False
SOUTH SALINA STREET,477440749,470.88703451264934,470.88703451264934,False
WEST JEFFERSON STREET,477436181,470.808337903553,470.808337903553,False
JUDSON STREET,477438058,470.8028899030311,470.8028899030311,False
OBERST STREET,477431070,470.35977134293734,470.35977134293734,False
SOUTH STATE STREET,477438540,469.4190588099737,469.4190588099737,False
MEDORA PLACE,477443972,469.21303719768696,469.21303719768696,False
SLOCUM AVENUE,477438548,468.8063281239654,468.8063281239654,False
WESTWOOD ROAD,477442567,468.779768018231,468.779768018231,False
WOLCOTT AVENUE,477442345,468.3702699195804,468.3702699195804,False
WEST FAYETTE STREET,477436164,468.3616493457141,468.3616493457141,False
WOODRUFF AVENUE,477429376,468.02554695463834,468.02554695463834,False
OAK STREET,477429363,467.99907910046926,467.99907910046926,False
OTISCO STREET,477436687,467.90853582386023,467.90853582386023,False
RICHMOND AVENUE,477435184,467.82536666510526,467.82536666510526,False
ALMOND STREET,477436881,467.7151022417839,467.7151022417839,False
HELEN STREET,477430492,467.6063838798021,467.6063838798021,False
GENANT DRIVE,477431558,467.3664950332117,467.3664950332117,False
LODI STREET,477430233,467.2442422742848,467.2442422742848,False
HELEN STREET,477430765,467.0129642381689,467.0129642381689,False
NORTH AVENUE,477429873,466.442455632105,466.442455632105,False
CARBON STREET,477429535,466.3963625665383,466.3963625665383,False
GLENWOOD AVENUE,477442350,466.25582395033547,466.25582395033547,False
BURT STREET,477438911,466.23807238482993,466.23807238482993,False
OTISCO STREET,477436865,466.1927563915561,466.1927563915561,False
PARK STREET,477429761,466.16918743055896,466.16918743055896,False
ERIE BOULEVARD EAST,800074810,466.0865892840005,466.0865892840005,False
SECOND NORTH STREET,477428863,465.95257087122144,465.95257087122144,False
HIAWATHA BOULEVARD WEST,477431395,465.8718977536934,465.8718977536934,False
JOHN STREET,477430831,465.8570489647849,465.8570489647849,False
HAWLEY AVENUE,477433843,465.80642602133014,465.80642602133014,False
HILLSBORO PARKWAY,477438105,465.79839576892476,465.79839576892476,False
WEST MARCELLUS STREET,477436922,465.79743691466814,465.79743691466814,False
SOUTH AVENUE,477442901,465.67856784076287,465.67856784076287,False
EAST GENESEE STREET,800034350,465.6535123231624,465.6535123231624,False
SHOTWELL PARK,477431370,465.6450307175541,465.6450307175541,False
MARCELLUS STREET,477436435,465.64150146409264,465.64150146409264,False
HICKORY STREET,477433008,465.5751197279333,465.5751197279333,False
TULLY STREET,477436961,465.5419512480776,465.5419512480776,False
BURT STREET,477438888,465.50484306833647,465.50484306833647,False
KIMBER AVENUE,477445605,465.5000490911864,465.5000490911864,False
MARQUETTE STREET,477432926,465.46578534891773,465.46578534891773,False
HELEN STREET,477429346,465.44375700765573,465.44375700765573,False
TULLY STREET,477437167,465.32959688192017,465.32959688192017,False
DURSTON AVENUE,477429267,465.24510480497025,465.24510480497025,False
OAK STREET,477430509,465.142389237774,465.142389237774,False
EAST DIVISION STREET,477430725,465.136515213671,465.136515213671,False
DEWITT STREET,477430755,465.11994791668945,465.11994791668945,False
HARBORSIDE DRIVE,600055685,465.0914400071522,465.0914400071522,False
PUTNAM STREET,477439389,465.07753834542945,465.07753834542945,False
SCOTTHOLM TERRACE,477439065,464.95439960820903,464.95439960820903,False
EAST WILLOW STREET,477433250,464.8115162225231,464.8115162225231,False
WENDELL TERRACE,477429292,464.5781822254437,464.5781822254437,False
WEST FAYETTE STREET,477436306,464.5553314771006,464.5553314771006,False
BRATTLE ROAD,477429281,464.1632123361059,464.1632123361059,False
WEST STREET ARTERIAL SOUTHBOUND,477437219,463.8180543247228,463.8180543247228,False
JAMES STREET,477430516,463.78211721279564,463.78211721279564,False
WOODLAWN TERRACE,477429300,463.7698477848139,463.7698477848139,False
KENSINGTON PLACE,477441144,463.2793817601618,463.2793817601618,False
DORCHESTER AVENUE,477429957,462.960139789981,462.960139789981,False
MARCELLUS STREET,477436360,462.95711074697914,462.95711074697914,False
RICH STREET,477441424,462.93829926527576,462.93829926527576,False
EAST TAYLOR STREET,477438492,462.8803741257581,462.8803741257581,False
FIRST NORTH STREET,477429093,462.8341995753631,462.8341995753631,False
COMSTOCK AVENUE,800048138,462.8088707913927,462.8088707913927,False
ROBERTS AVENUE,477441700,462.73045956695074,462.73045956695074,False
EUCLID AVENUE,477439416,462.445934884778,462.445934884778,False
SUNSTRUCK DRIVE,477432217,462.2683750771948,462.2683750771948,False
SPRING STREET,477429294,462.19926996094233,462.19926996094233,False
TULLY STREET,477436675,462.134637874762,462.134637874762,False
BURNET AVENUE,477434232,462.0556319256935,462.0556319256935,False
MARCELLUS STREET,477436526,462.04676595203046,462.04676595203046,False
BRYANT AVENUE,477437273,461.8670365195975,461.8670365195975,False
DEWITT STREET,477430483,461.83330132506615,461.83330132506615,False
DEWITT STREET,477429334,461.82294485791124,461.82294485791124,False
OAK STREET,477430779,461.80509690534257,461.80509690534257,False
TULLY STREET,477437082,461.76905346380113,461.76905346380113,False
HARRISON STREET,506022021,461.68815992858026,461.68815992858026,False
POND STREET,477430440,461.5992767975778,461.5992767975778,False
KELLOGG STREET,477438409,461.55099263606735,461.55099263606735,False
WEST FAYETTE STREET,477436023,461.5404772257113,461.5404772257113,False
RAYMOND AVENUE,477443663,461.45747264936387,461.45747264936387,False
HICKORY STREET,477433226,461.4083723836684,461.4083723836684,False
COURT STREET,477430379,461.0548014402318,461.0548014402318,False
EAST WASHINGTON STREET,509997463,460.96428484533465,460.96428484533465,False
HIAWATHA BOULEVARD WEST,477430910,460.9616555758134,460.9616555758134,False
VINCENT STREET,477442956,460.62521999960484,460.62521999960484,False
SECOND NORTH STREET,477428456,460.5302145750638,460.5302145750638,False
VELASKO ROAD,600063427,460.44661453971867,460.44661453971867,False
HAYDEN AVENUE,477433908,459.9719220208705,459.9719220208705,False
EAST WILLOW STREET,477433466,459.9602387823977,459.9602387823977,False
EMERSON AVENUE,477434125,459.64132651106354,459.64132651106354,False
RICHFIELD AVENUE,477447006,459.6248538804012,459.6248538804012,False
MORGAN AVENUE,477432734,459.57979872355315,459.57979872355315,False
WAYNE STREET,477433265,459.53868052824987,459.53868052824987,False
NORTH TOWNSEND STREET,477431293,459.48888703091126,459.48888703091126,False
SOUTH WARREN STREET,477437869,459.4787985653436,459.4787985653436,False
LOOMIS AVENUE,477444815,459.44330776669614,459.44330776669614,False
CLAIRMONTE AVENUE,477440809,459.3629146047845,459.3629146047845,False
FIRST NORTH STREET,477428737,459.23945352613885,459.23945352613885,False
JAMES STREET,477433518,459.2151924862754,459.2151924862754,False
FOURTH NORTH STREET,477427975,459.0860884112784,459.0860884112784,False
MOONEY AVENUE,477431178,459.0358448487184,459.0358448487184,False
SPRING STREET,477428967,458.85306974021046,458.85306974021046,False
EAST FAYETTE STREET,509997461,458.6843876187411,458.6843876187411,False
AVERY AVENUE,477433753,458.6436898101572,458.6436898101572,False
MYRTLE STREET,477434020,458.4877088248317,458.4877088248317,False
SHIRLEY DRIVE,477444841,458.4853871450307,458.4853871450307,False
SHOTWELL PARK,477431236,458.4843974508067,458.4843974508067,False
GRANT BOULEVARD,477428223,458.40136188942637,458.40136188942637,False
SHERIDAN DRIVE,477439236,458.2913573091054,458.2913573091054,False
SUNSET AVENUE,477430397,458.2646623234266,458.2646623234266,False
NORTH SALINA STREET,477429989,458.1413707181377,458.1413707181377,False
JAMES STREET,477433738,457.90501877245646,457.90501877245646,False
GRANT BOULEVARD,477429029,457.9014176493118,457.9014176493118,False
CRAWFORD AVENUE,477438874,457.75116764669775,457.75116764669775,False
VALLEY DRIVE,477445749,457.6972626045955,457.6972626045955,False
OTISCO STREET,477436758,457.6052824337606,457.6052824337606,False
HARRISON STREET,506022018,457.59301632275753,457.59301632275753,False
CARBON STREET,477429184,457.49920543838107,457.49920543838107,False
BURNET AVENUE,509997502,457.4872820609639,457.4872820609639,False
EAST GENESEE STREET,477437537,457.48324281912204,457.48324281912204,False
WEST BRIGHTON AVENUE,477443202,457.1877496583083,457.1877496583083,False
PROSPECT AVENUE,477433390,457.0107042340254,457.0107042340254,False
LONGMEADOW DRIVE,800048513,456.9138426367089,456.9138426367089,False
SKYTOP ROAD,477444092,456.8835532305479,456.8835532305479,False
HIXSON AVENUE,477432201,456.8057418322782,456.8057418322782,False
DYER COURT,477438183,456.7880636688717,456.7880636688717,False
GRIFFITHS STREET,477429629,456.4155379377854,456.4155379377854,False
HARBORSIDE DRIVE,600024759,455.6851800536379,455.6851800536379,False
HODES WAY,800034349,455.64452337343084,455.64452337343084,False
TEALL AVENUE,477435368,455.34447820513844,455.34447820513844,False
SPENCER STREET,477432597,455.3338572933796,455.3338572933796,False
ROCKWOOD PLACE,477442711,455.3113573834491,455.3113573834491,False
FILLMORE AVENUE,477444650,455.2641398163639,455.2641398163639,False
ERIE BOULEVARD WEST,800036109,455.2259008835563,455.2259008835563,False
WARNER AVENUE,477442928,455.0513853199228,455.0513853199228,False
FOREST AVENUE,477443095,454.98022472159045,454.98022472159045,False
BROOKFORD ROAD,477439166,454.65918652570923,454.65918652570923,False
MYRTLE STREET,800048566,454.40439274927405,454.40439274927405,False
SEVENTH NORTH STREET,477427605,454.0102513580204,454.0102513580204,False
WEST COLVIN STREET,477442541,453.9692858035407,453.9692858035407,False
RIVERDALE DRIVE,477445857,453.9436521454764,453.9436521454764,False
LEMOYNE AVENUE,477427521,453.93542049121146,453.93542049121146,False
WEST GENESEE STREET,477434383,453.872990925279,453.872990925279,False
EAST COLVIN STREET,600035960,453.8513648536666,453.8513648536666,False
LAMBRETH LANE,477443476,453.71149377596964,453.71149377596964,False
WEST GENESEE STREET,477433929,453.6418439959204,453.6418439959204,False
WOLCOTT AVENUE,477442102,452.64848522719694,452.64848522719694,False
HIAWATHA BOULEVARD WEST,600058796,452.29745756346205,452.29745756346205,False
EAST LAUREL STREET,477432360,452.0942812051792,452.0942812051792,False
WILKINSON STREET,477434839,451.6227224985633,451.6227224985633,False
PULASKI STREET,477432397,451.56301408732156,451.56301408732156,False
CLAYTON AVENUE,477443952,451.54070186582356,451.54070186582356,False
MIDLAND AVENUE,477441370,451.4766303842174,451.4766303842174,False
RIDGEWOOD DRIVE,477429948,451.27167295245573,451.27167295245573,False
CLARKE STREET,477438665,451.12122687950125,451.12122687950125,False
BUTTERNUT STREET,477431165,451.0764253920936,451.0764253920936,False
EAST GENESEE STREET,477436580,450.935910136077,450.935910136077,False
WARHAM STREET,477429231,450.8631025175198,450.8631025175198,False
SOUTH GEDDES STREET,477441731,450.3961837849449,450.3961837849449,False
GIFFORD STREET,477437210,450.34189262400736,450.34189262400736,False
STINARD AVENUE,477441711,450.3396572051235,450.3396572051235,False
BECKER STREET,477429348,450.1841429045053,450.1841429045053,False
HIGH STREET,477429544,449.97391703602165,449.97391703602165,False
GLENWOOD AVENUE,477442160,449.6930743627659,449.6930743627659,False
GRANT BOULEVARD,800053203,449.47649188105777,449.47649188105777,False
EAST COLVIN STREET,477442155,449.2974630230476,449.2974630230476,False
FISH AVENUE,477445122,449.2574308701994,449.2574308701994,False
MIDLAND AVENUE,477440774,449.1256917322483,449.1256917322483,False
AVERY AVENUE,477432243,449.0839383044594,449.0839383044594,False
MAY AVENUE,477741335,449.0673682758899,449.0673682758899,False
NORTH FRANKLIN STREET,477433238,449.0241914863234,449.0241914863234,False
NORTH GEDDES STREET,477433722,448.82908107038656,448.82908107038656,False
VALLEY DRIVE,477446185,448.48711708305046,448.48711708305046,False
DEWEY AVENUE,477434040,448.3883743802185,448.3883743802185,False
CARLTON ROAD,477442949,448.3097051550246,448.3097051550246,False
SOUTH SALINA STREET,477441050,448.104126606202,448.104126606202,False
BELLEVUE AVENUE,477440671,448.0095646000135,448.0095646000135,False
WEST BELDEN AVENUE,477433310,447.6266995048008,447.6266995048008,False
SLOCUM DRIVE,477443055,447.56959471022645,447.56959471022645,False
EUCLID AVENUE,477439899,447.44985142053434,447.44985142053434,False
KIRK PARK DRIVE,477443038,447.3519097059716,447.3519097059716,False
BERNIE BLAKE DRIVE,477445188,447.2458405744724,447.2458405744724,False
SLOCUM DRIVE,477443247,447.0817735919378,447.0817735919378,False
PLUM STREET,477433795,447.06594856808607,447.06594856808607,False
CHERRY STREET,477436171,446.38337347120193,446.38337347120193,False
TERRACE ROAD,477440695,446.0818348575803,446.0818348575803,False
EAST GENESEE STREET,477436115,446.030576170307,446.030576170307,False
PROSPECT AVENUE,477432336,445.4691313862434,445.4691313862434,False
LODI STREET,477431207,444.9349900804723,444.9349900804723,False
SEVENTH NORTH STREET,477428240,444.9292816505551,444.9292816505551,False
WALTON STREET,477435885,444.92245226771036,444.92245226771036,False
LAKEVIEW AVENUE,477434743,444.89144845997475,444.89144845997475,False
HIAWATHA BOULEVARD WEST,477432300,444.4954734837626,444.4954734837626,False
WEST GENESEE STREET,477433757,444.4024466546542,444.4024466546542,False
FELLOWS AVENUE,477440860,444.36094741802873,444.36094741802873,False
SHERBOURNE ROAD,477440667,444.1095458649624,444.1095458649624,False
GUILFORD ROAD,477439863,443.85882763524637,443.85882763524637,False
PARK AVENUE,477434375,443.6873930330001,443.6873930330001,False
MILES AVENUE,477440997,443.092580806929,443.092580806929,False
KIRK PARK DRIVE,477442854,442.89123925034573,442.89123925034573,False
SMITH STREET,477433697,442.7744441674222,442.7744441674222,False
ULSTER STREET,477435515,442.42864433319414,442.42864433319414,False
CROYDEN ROAD,477440979,441.29166913373234,441.29166913373234,False
KIRKPATRICK STREET,477430919,441.27362513319844,441.27362513319844,False
COLLEGE PLACE,477439508,441.26104689777884,441.26104689777884,False
DURSTON AVENUE,800039452,441.00809678735186,441.00809678735186,False
NORTH LOWELL AVENUE,477433866,440.8031293206932,440.8031293206932,False
HARBORSIDE DRIVE,600035915,440.65880364150604,440.65880364150604,False
NORTH CHELTENHAM ROAD,477446390,440.6139077418888,440.6139077418888,False
SPENCER STREET,477432654,440.59973118844516,440.59973118844516,False
WEST GENESEE STREET,477433779,440.5742424054079,440.5742424054079,False
LODI STREET,477432518,440.4316084212985,440.4316084212985,False
GARFIELD AVENUE,477441568,440.3885429612122,440.3885429612122,False
LYDELL STREET,477439430,440.3211304824722,440.3211304824722,False
SPENCER STREET,477432694,439.8286275713017,439.8286275713017,False
CRAWFORD AVENUE,477439967,439.8088703493947,439.8088703493947,False
HARBORSIDE DRIVE,800037540,439.6775414484615,439.6775414484615,False
EAST SENECA TURNPIKE,800031588,439.65782367065975,439.65782367065975,False
STOLP AVENUE,477441147,439.57271082008043,439.57271082008043,False
CONAN STREET,477444517,439.42594800607816,439.42594800607816,False
WEST STREET ARTERIAL NORTHBOUND,477434950,439.2605581270468,439.2605581270468,False
RESTORATION WAY,800046986,439.1260795260243,439.1260795260243,False
NBT BANK PARKWAY,477428457,439.030500458687,439.030500458687,False
FITCH STREET,477439005,439.0282939608916,439.0282939608916,False
MONTGOMERY STREET,477436944,438.8107998741251,438.8107998741251,False
FORDLAND AVENUE,477428273,438.37806806148296,438.37806806148296,False
WEST GENESEE STREET,477434290,438.19307790401,438.19307790401,False
SMITH ROAD,477445719,438.0812252585925,438.0812252585925,False
RIDGEWOOD DRIVE,477430685,437.9754071684706,437.9754071684706,False
PINE GROVE STREET,477443946,437.94174332114454,437.94174332114454,False
HARRISON STREET,477436997,437.7764464722038,437.7764464722038,False
HOUSTON AVENUE,477439264,437.7512421918145,437.7512421918145,False
CRADDOCK STREET,477443343,437.6720993812246,437.6720993812246,False
COURT STREET,477427325,437.5507301686081,504.93221640305796,True
TURTLE STREET,477428615,437.2334600367076,437.2334600367076,False
MERRIMAN AVENUE,477438230,437.1472487852813,437.1472487852813,False
ULSTER STREET,477435932,437.045905464967,437.045905464967,False
SEVENTH NORTH STREET,477427399,436.81856458261484,439.3755998688099,True
CORTLAND AVENUE,477441547,436.72880225347427,436.72880225347427,False
SHERWOOD AVENUE,477433112,436.0317523353865,436.0317523353865,False
HIAWATHA BOULEVARD EAST,477427686,435.98273070153175,435.98273070153175,False
EAST ADAMS STREET,477437473,435.9279672666252,435.9279672666252,False
MARSHALL STREET,477437856,435.36470615927675,435.36470615927675,False
ATLANTIC AVENUE,477444472,435.34208861540884,435.34208861540884,False
ROBERTS AVENUE,477440772,435.2016904272238,435.2016904272238,False
LIBERTY STREET,477433706,435.0111746981968,435.0111746981968,False
DOUGLAS STREET,477432281,434.9890278566973,434.9890278566973,False
UNIVERSITY PLACE,477438517,434.8771450111766,434.8771450111766,False
KNAUL STREET,477430326,434.2673408320571,434.2673408320571,False
MADISON STREET,477436668,434.0126005374233,434.0126005374233,False
DELHI STREET,477433201,433.79425487790735,433.79425487790735,False
HARRISON STREET,477437001,433.73584138490935,433.73584138490935,False
SOUTH TOWNSEND STREET,509997455,433.0135778910096,433.0135778910096,False
STRATFORD STREET,477440146,432.8189961282918,432.8189961282918,False
STOLP AVENUE,477441199,432.15876483198275,432.15876483198275,False
ERIE BOULEVARD EAST,477435480,431.9703642750022,431.9703642750022,False
CHAMPLIN DRIVE,477431943,431.6817493822834,431.6817493822834,False
SENECA DRIVE,477445473,431.6752890554419,431.6752890554419,False
WAVERLY AVENUE,477438160,431.67336101590547,431.67336101590547,False
RANDOLPH STREET,477445652,431.2981027998888,431.2981027998888,False
HOWARD STREET,477433813,431.29396308276074,431.29396308276074,False
FOBES AVENUE,477429487,431.08436970530306,431.08436970530306,False
HAZELWOOD AVENUE,477434389,431.04986510235307,431.04986510235307,False
NORTHWAY STREET,800048585,430.9949828773627,430.9949828773627,False
GRANT BOULEVARD,477429042,430.89810237708804,430.89810237708804,False
COLUMBUS AVENUE,477436162,430.85720351146074,430.85720351146074,False
SOLAR STREET,477432180,430.8523516040847,430.8523516040847,False
HAWLEY AVENUE,477433897,430.7196072122293,430.7196072122293,False
WILSON STREET,477431605,430.2515460112688,430.2515460112688,False
PARK STREET,477430632,430.03194380669527,430.03194380669527,False
CRAIG STREET,477429230,429.8455222940434,429.8455222940434,False
CHINOOK DRIVE SOUTH,477443671,429.61407819809966,429.61407819809966,False
GRANT AVENUE,477440756,429.49432538778154,429.49432538778154,False
ONEIDA STREET,509996999,429.2644460894065,429.2644460894065,False
CUMBERLAND PLACE,477440965,429.12558967453884,429.12558967453884,False
EAST ADAMS STREET,507666606,429.0295087666061,429.0295087666061,False
SOUTH SALINA STREET,477445496,428.9343166261394,428.9343166261394,False
LOCKWOOD ROAD,477438810,428.7104045266732,428.7104045266732,False
WALNUT AVENUE,477436994,428.48653982416175,428.48653982416175,False
SHOTWELL PARK,504325227,428.45249557776225,428.45249557776225,False
LAFORTE AVENUE,477440972,428.35068326035025,428.35068326035025,False
FITCH STREET,477439041,428.2381078957415,428.2381078957415,False
COURT STREET,477428475,428.1567381816085,428.1567381816085,False
CREHANGE STREET,477442853,427.93748958549315,427.93748958549315,False
MARSHALL STREET,477437834,427.9176482359873,427.9176482359873,False
VAN RENSSELAER STREET,800032498,427.89413730116195,427.89413730116195,False
BARNES AVENUE,477444935,427.7363618443152,427.7363618443152,False
MOSLEY DRIVE,477431597,427.72699794103767,427.72699794103767,False
WAVERLY AVENUE,477438144,427.6328476264569,427.6328476264569,False
CRATON STREET,477432745,427.62762194386175,427.62762194386175,False
MARCELLUS STREET,477436249,427.53226859095116,427.53226859095116,False
OTTO STREET,477445479,427.489091239252,427.489091239252,False
EAST ADAMS STREET,477437464,427.36496808033274,427.36496808033274,False
EAST GENESEE STREET,477438219,427.36315248319323,427.36315248319323,False
SOUTH CLINTON STREET,477437527,427.3140269571868,427.3140269571868,False
WAITE AVENUE,477433763,427.1798599899848,427.1798599899848,False
HARRISON STREET,477436990,427.1169279737966,427.1169279737966,False
SOUTH WARREN STREET,477436919,426.79996338760566,426.79996338760566,False
ROSEMONT DRIVE,477446611,426.61764582842386,426.61764582842386,False
BALLARD AVENUE,477441204,426.5531183640122,426.5531183640122,False
VAN RENSSELAER STREET,800032499,426.5378655384123,426.5378655384123,False
MILTON AVENUE,477432032,426.50866478438905,426.50866478438905,False
NORTH TOWNSEND STREET,477433227,426.33889151940787,426.33889151940787,False
ERIE BOULEVARD EAST,477433134,426.2681245092263,426.2681245092263,False
PLUM STREET,477434956,426.2376725340873,426.2376725340873,False
MONTICELLO DRIVE NORTH,477445466,426.0139503968528,426.0139503968528,False
SOUTH STATE STREET,477436930,425.66108681939266,425.66108681939266,False
VELASKO ROAD,477440961,425.52273849646167,425.52273849646167,False
GIFFORD STREET,477437249,425.48339693807105,425.48339693807105,False
KIMBER ROAD,477438923,425.35354302149125,425.35354302149125,False
FELLOWS AVENUE,477439614,425.1864426101359,425.1864426101359,False
BROADVIEW DRIVE,477442243,425.09598003568715,428.27442672330716,True
SHOTWELL PARK,504325229,424.89691961856846,424.89691961856846,False
WEST ONONDAGA STREET,477440230,424.5115604066987,424.5115604066987,False
MEADOWBROOK DRIVE,477438108,424.4494930633592,424.4494930633592,False
BURNET AVENUE,477434315,424.26265460084863,424.26265460084863,False
EAST GENESEE STREET,477436206,423.88261813921036,423.88261813921036,False
DURSTON AVENUE,477430382,423.82936883145516,423.82936883145516,False
SOUTH CROUSE AVENUE,477436973,423.40003964212764,423.40003964212764,False
GRAVES STREET,477431843,423.1653356391227,423.1653356391227,False
UNIVERSITY AVENUE,477436984,423.05902823969575,423.05902823969575,False
WEST FAYETTE STREET,477435914,422.96524626359155,422.96524626359155,False
RANDOLPH STREET,477445486,422.78006982203203,422.78006982203203,False
LODI STREET,477433436,422.7641167307779,422.7641167307779,False
EAST COLVIN STREET,477442109,422.73127618729285,422.73127618729285,False
OSTROM AVENUE,477437000,422.67518865635884,422.67518865635884,False
WINTON STREET,477433093,422.60832036809785,422.60832036809785,False
CUMBERLAND AVENUE,477442993,422.4603877423404,422.4603877423404,False
MYRTLE STREET,477435341,422.25565756782197,422.25565756782197,False
CUMBERLAND AVENUE,477442809,422.1263254494359,422.1263254494359,False
HERKIMER STREET,477434167,421.6345714060338,421.6345714060338,False
EAST GENESEE PARKWAY,477437553,421.6233267476275,421.6233267476275,False
COMSTOCK AVENUE,477436996,421.6118610998302,421.6118610998302,False
RUGBY ROAD,477430072,421.552615573588,421.552615573588,False
WADSWORTH STREET,477428023,421.4617125497584,421.4617125497584,False
DEMONG DRIVE,477437138,421.35587976637964,421.35587976637964,False
EAST SENECA TURNPIKE,800031538,421.25519775136917,421.25519775136917,False
FIRST NORTH STREET,477429700,421.1731711176292,421.1731711176292,False
WEST STREET ARTERIAL NORTHBOUND,477434023,421.16053492892024,421.16053492892024,False
GRANT BOULEVARD,477429802,420.9779145449682,420.9779145449682,False
GRAND AVENUE,477438672,420.9680654891155,420.9680654891155,False
BARRINGTON ROAD,477436736,420.8894196868989,420.8894196868989,False
CRAWFORD AVENUE,800048220,420.6587904906338,420.6587904906338,False
MEADOWBROOK DRIVE,477438164,420.64238842654123,420.64238842654123,False
IRVING AVENUE,477436969,420.6163809823015,420.6163809823015,False
JAMES STREET,477430899,420.52982973751176,420.52982973751176,False
LEXINGTON AVENUE,477436161,420.4400866805882,420.4400866805882,False
SOUTH STATE STREET,513531405,420.36872378146467,420.36872378146467,False
DEVINE STREET,477435192,420.3273271625055,420.3273271625055,False
WESTCOTT STREET,477436156,419.54355391708776,419.54355391708776,False
SHOECRAFT ROAD,800032503,419.41771033524526,419.41771033524526,False
GIFFORD PARKWAY,477437544,419.391831168978,419.391831168978,False
CRAWFORD AVENUE,477440934,419.2229951320922,419.2229951320922,False
MONTGOMERY STREET,477436596,419.07783163039204,419.07783163039204,False
TRACY STREET,477435171,418.7636999697523,418.7636999697523,False
PLYMOUTH DRIVE,477430716,418.7007101160472,418.7007101160472,False
SEYMOUR STREET,477437495,418.6907002414556,418.6907002414556,False
BLOSSOM ROAD,477437207,418.67112158107574,418.67112158107574,False
SHOECRAFT ROAD,800032501,418.14704824249907,418.14704824249907,False
BURLINGAME ROAD,477431082,417.89749618235874,417.89749618235874,False
BYRNE PLACE,477446226,417.7600906250724,417.7600906250724,False
NORTH LOWELL AVENUE,477434219,417.6473373628781,417.6473373628781,False
EUCLID AVENUE,477439599,417.4489212873208,417.4489212873208,False
SHERBOURNE ROAD,477440668,417.43441402396985,417.43441402396985,False
HIGHLAND STREET,477432130,417.3116679935207,417.3116679935207,False
HARVARD PLACE,477437880,417.18075484430665,417.18075484430665,False
EAST TAYLOR STREET,477438550,417.07693770373777,417.07693770373777,False
NORTH WARREN STREET,477434716,417.06558313808273,417.06558313808273,False
DELAWARE STREET,477439725,417.04501172479473,417.04501172479473,False
DURSTON AVENUE,477429899,416.7564734079302,416.7564734079302,False
DABLON COURT,513530324,416.6819688659563,416.6819688659563,False
MERZ AVENUE,477431097,416.42898480904256,416.42898480904256,False
MENLO DRIVE,477444450,416.4008384360793,416.4008384360793,False
THURBER STREET,477443448,416.3255372986478,416.3255372986478,False
BUTTERNUT STREET,477429882,416.12939806273994,416.12939806273994,False
LIBERTY STREET,477432827,415.9348991595443,415.9348991595443,False
WEST COLVIN STREET,477442469,415.81107536244303,415.81107536244303,False
SHOTWELL PARK,477431234,415.44047309238766,415.44047309238766,False
TOMPKINS STREET,477436081,415.1699433788582,415.1699433788582,False
HUNTLEY STREET,477428011,414.99307475591576,414.99307475591576,False
SOUTH CLINTON STREET,477438663,414.9506796103861,414.9506796103861,False
STONERIDGE DRIVE,477438603,414.8479555638763,417.39240412880855,True
ULSTER STREET,477435653,414.62500449938057,414.62500449938057,False
RUGBY ROAD,477430049,414.5956037247618,414.5956037247618,False
HEADSON DRIVE,507665678,414.5630162937795,414.5630162937795,False
SOUTH GEDDES STREET,477436780,414.5552533474619,414.5552533474619,False
HAYDEN AVENUE,477434260,414.5266525723002,414.5266525723002,False
BROOKFORD ROAD,477438925,414.441211631753,414.441211631753,False
STEDMAN STREET,477427622,413.838036676052,413.838036676052,False
SUNSET AVENUE,477430519,413.7697839709257,413.7697839709257,False
RUGBY ROAD,477430034,413.5974936335493,413.5974936335493,False
NBT BANK PARKWAY,800030860,413.34941797640425,413.34941797640425,False
MILTON AVENUE,477433174,412.9085692868045,412.9085692868045,False
RENWICK AVENUE,477438152,412.80398070835,412.80398070835,False
HENDERSON STREET,477433304,412.60677649571227,412.60677649571227,False
HILLTOP ROAD,477441975,412.58459041091595,412.58459041091595,False
SAINT ANNE DRIVE,477431825,412.48199364317435,412.48199364317435,False
SAINT LOUIS AVENUE,800039453,412.33764086539344,412.33764086539344,False
WYOMING STREET,477437227,412.20302648960194,412.20302648960194,False
TEMPLE STREET,477438680,411.93010664552435,411.93010664552435,False
HERRIMAN STREET,477439042,411.76833241688684,411.76833241688684,False
MEADOWBROOK DRIVE,477437977,411.7559955610356,411.7559955610356,False
ELOISE TERRACE,477442144,411.73038508254626,411.73038508254626,False
ONONDAGA LAKE PARKWAY,477428330,411.50985187879144,411.50985187879144,False
ONONDAGA AVENUE,477441587,411.4785038733749,411.4785038733749,False
EUREKA STREET,477433434,411.37232697343075,411.37232697343075,False
CHEMUNG STREET,477432522,411.22303429303423,411.22303429303423,False
POND STREET,477429431,411.04623797060253,411.04623797060253,False
WEST FAYETTE STREET,800032551,411.04429197771276,411.04429197771276,False
MITCHELL AVENUE,477444430,410.6384945516272,410.6384945516272,False
ROXBURY ROAD,477430333,410.43477428261497,410.43477428261497,False
HAYES TERRACE,477447308,410.3559153101779,410.3559153101779,False
EAST OSTRANDER AVENUE,477443996,410.34549398998644,410.34549398998644,False
SOUTH GEDDES STREET,477440152,410.0869206733895,410.0869206733895,False
ISABELLA STREET,477431150,409.96556596441246,409.96556596441246,False
COMSTOCK AVENUE,477438510,409.9009943843017,409.9009943843017,False
EUCLID AVENUE,477439529,409.73157497669723,409.73157497669723,False
THOMPSON ROAD,477431615,409.62537653929985,409.62537653929985,False
NORTH MCBRIDE STREET,477433828,409.1129694872572,409.1129694872572,False
CANNON STREET,477442532,409.053653448103,409.053653448103,False
MEADOWBROOK DRIVE,477442134,408.9806531585202,408.9806531585202,False
ROBERTS AVENUE,477441886,408.926706306164,408.926706306164,False
SEWARD STREET,477432193,408.72324824124524,408.72324824124524,False
ACADEMY PLACE,477446557,408.5465724739236,408.5465724739236,False
BURNET PARK DRIVE,477436777,408.4675358158194,408.4675358158194,False
WILLIAMS STREET,477433456,408.4008882668027,408.4008882668027,False
SPENCER STREET,477432591,408.2710663213376,408.2710663213376,False
THOMPSON ROAD,800049031,408.2066963409976,408.2066963409976,False
CLIFTON PLACE,477431012,408.022125712709,408.022125712709,False
AVERY AVENUE,477434667,407.9361587137808,407.9361587137808,False
OSTROM AVENUE,477438516,407.8983771297427,407.8983771297427,False
WEST JEFFERSON STREET,477436317,407.43311427090737,407.43311427090737,False
LODI STREET,509995729,407.2692380120597,407.2692380120597,False
EAST TAYLOR STREET,477438456,407.12514005043704,407.12514005043704,False
COMSTOCK AVENUE,477442856,406.9412147838503,406.9412147838503,False
STATE FAIR BOULEVARD,477434114,406.77919882038674,406.77919882038674,False
HARBORSIDE DRIVE,800037546,406.60868593738013,406.60868593738013,False
UNIVERSITY PLACE,477438511,406.55137886059225,406.55137886059225,False
MEADOWBROOK DRIVE,477438013,406.3674974002829,406.3674974002829,False
WADSWORTH STREET,477427193,406.07339807467366,406.07339807467366,False
SOUTH CROUSE AVENUE,477438132,406.04932451273794,406.04932451273794,False
MYRTLE STREET,477436305,406.0479529153837,406.0479529153837,False
WOODLAND AVENUE,477441257,405.94624806100506,405.94624806100506,False
IRVING AVENUE,477438462,405.9110727065755,405.9110727065755,False
VAN RENSSELAER STREET,477432144,405.8805621904968,405.8805621904968,False
VALLEY DRIVE,477445599,405.85387386225926,405.85387386225926,False
PEARL STREET,477434008,405.7673004846163,405.7673004846163,False
WEISER COURT,477437788,405.18554402610255,405.18554402610255,False
LINDEN STREET,477438127,405.18049397844237,405.18049397844237,False
HAWLEY AVENUE,477433167,404.677383772209,404.677383772209,False
LILLIAN AVENUE,477429667,404.3868184492549,404.3868184492549,False
WILKINSON STREET,477434957,404.2819595726182,404.2819595726182,False
WEST ONONDAGA STREET,800040141,404.0271562467349,404.0271562467349,False
ESSEX STREET,477432954,403.9322672890519,403.9322672890519,False
BROADVIEW DRIVE,477442619,403.9172296324352,403.9172296324352,False
SCHUYLER STREET,477435302,403.8358808925602,403.8358808925602,False
BRADLEY STREET,477440454,403.82973628823,403.82973628823,False
SCOTTHOLM BOULEVARD,477437720,403.78353431896426,403.78353431896426,False
MEADOWBROOK DRIVE,477442165,403.4271790251185,403.4271790251185,False
MADISON STREET,477436665,403.24068378731886,403.24068378731886,False
TYSON PLACE,477429383,403.22531393859407,403.22531393859407,False
EUREKA STREET,477433780,403.196657346513,403.196657346513,False
EAST WILLOW STREET,477433888,403.1713474229579,403.1713474229579,False
OAK STREET,477432822,403.0911187184515,403.0911187184515,False
LANCASTER AVENUE,477441552,402.9924097106451,402.9924097106451,False
AINSLEY DRIVE,800031740,402.9667896168801,402.9667896168801,False
EAST FAYETTE STREET,477435642,402.6712877977256,402.6712877977256,False
MILES AVENUE,477440541,402.4203676154987,402.4203676154987,False
WILLIS AVENUE,477434771,402.376848582005,402.376848582005,False
WALL STREET,477435195,402.22923171266007,402.22923171266007,False
WINDHAM DRIVE,477439585,402.149432830644,402.149432830644,False
GRANT BOULEVARD,477428836,402.0281938268266,402.0281938268266,False
DARLINGTON ROAD,477427997,401.8517657879194,401.8517657879194,False
MILTON AVENUE,477435269,401.8026724086607,401.8026724086607,False
COURT STREET,477428988,401.77031946037533,401.77031946037533,False
WASHINGTON SQUARE,477429617,401.65004834871945,401.65004834871945,False
HUNTINGTON ROAD,477441529,401.6483910307551,401.6483910307551,False
JASPER STREET,477431285,401.49821444576014,401.49821444576014,False
CROSSETT STREET,477441716,401.3902151350375,401.3902151350375,False
MYRTLE STREET,477435955,401.3798020280294,401.3798020280294,False
LODI STREET,477429830,401.2029438749434,401.2029438749434,False
LOEHR AVENUE,477439954,401.0951799931017,401.0951799931017,False
WILLIS AVENUE,477435209,400.9146994445442,400.9146994445442,False
NORTH SALINA STREET,477434724,400.8105909311906,400.8105909311906,False
ALANSON ROAD,477442823,400.7844000850186,400.7844000850186,False
CADILLAC STREET,477427207,400.76100231644625,400.76100231644625,False
MILTON AVENUE,477434384,400.7330647682784,400.7330647682784,False
AVERY AVENUE,477435119,400.6880119317824,400.6880119317824,False
GRAY AVENUE,477429715,400.62613263622717,400.62613263622717,False
PARK STREET,477454196,400.57331804017383,400.57331804017383,False
WILLIS AVENUE,477435786,400.55611829883156,400.55611829883156,False
CHARMOUTH DRIVE,477443113,400.4949220476319,400.4949220476319,False
SOUTH MCBRIDE STREET,477437782,400.0736045265354,400.0736045265354,False
HAMILTON STREET,477434947,399.89514177228835,399.89514177228835,False
FORDHAM ROAD,477429323,399.8645973533843,399.8645973533843,False
STEVENS PLACE,477443468,399.7666383693891,399.7666383693891,False
DANFORTH STREET,477429102,399.6461962815528,399.6461962815528,False
DARLINGTON ROAD,477428687,399.5628300316417,399.5628300316417,False
EAST JEFFERSON STREET,477436212,399.5251014617857,399.5251014617857,False
ENGLEWOOD AVENUE,477445540,399.436611879137,399.436611879137,False
HUGHES PLACE NORTH,477442201,399.3830150885863,399.3830150885863,False
AVERY AVENUE,477436038,399.2819414904068,399.2819414904068,False
COLDBROOK DRIVE,477446697,399.08710231401466,399.08710231401466,False
HOWARD STREET,477434248,399.05499642830904,399.05499642830904,False
BRIGGS STREET,477428175,399.010550050323,399.010550050323,False
NORTH LOWELL AVENUE,477435143,399.0019617797822,399.0019617797822,False
AVERY AVENUE,477435426,398.7519679887061,398.7519679887061,False
SCOTTHOLM BOULEVARD,477437689,398.6610688454987,398.6610688454987,False
AVERY AVENUE,477435704,398.6190158118053,398.6190158118053,False
EAST WATER STREET,477435152,398.5090577460897,398.5090577460897,False
MILTON AVENUE,477434870,398.48679485649166,398.48679485649166,False
SPRINGFIELD ROAD,477435439,398.4306940694649,398.4306940694649,False
BRADFORD PARKWAY,477439689,398.35885983222136,398.35885983222136,False
EMERSON AVENUE,477435303,398.3012418447242,398.3012418447242,False
MILTON AVENUE,477435543,398.1806438493384,398.1806438493384,False
WHITWELL DRIVE,477431073,398.1005792761118,398.1005792761118,False
HILLSIDE STREET,477428384,398.0451176015334,398.0451176015334,False
CRAIG STREET,477429543,398.0418129877126,398.0418129877126,False
MILTON AVENUE,477434940,398.0031926817348,398.0031926817348,False
ONONDAGA CREEK BOULEVARD EAST,477444151,397.95980302658666,397.95980302658666,False
VALLEY DRIVE,477443744,397.90563400703087,397.90563400703087,False
TYLER COURT,477437790,397.8791104291415,397.8791104291415,False
ERIE BOULEVARD EAST,477433394,397.8068340746818,397.8068340746818,False
NORTH CLINTON STREET,477434709,397.73115783942,397.73115783942,False
JAMES STREET,477430368,397.7251568042569,397.7251568042569,False
ISABELLA STREET,477431256,397.6946021971432,397.6946021971432,False
NORTH MCBRIDE STREET,477433009,397.29597681897343,397.29597681897343,False
MIDLAND AVENUE,477441606,397.28044942038633,397.28044942038633,False
LANDON AVENUE,477441437,397.2553487911262,397.2553487911262,False
SOUTH SALINA STREET,477443240,397.2356905847181,397.2356905847181,False
MACDOUGALL PLACE,477446010,397.1656653713213,397.1656653713213,False
HIAWATHA BOULEVARD EAST,477427866,397.12664079757957,397.12664079757957,False
MILTON AVENUE,477433995,397.0345467919087,397.0345467919087,False
WEST FAYETTE STREET,477434890,396.8951927012488,396.8951927012488,False
EAST WATER STREET,477435102,396.8498282452499,396.8498282452499,False
EAST LAUREL STREET,477432853,396.726712920652,396.726712920652,False
KRAMER DRIVE,477445858,396.6804476159124,396.6804476159124,False
ROSEMONT DRIVE,477446622,396.58288886553737,396.58288886553737,False
UNIVERSITY AVENUE,477438140,396.53687741136656,396.53687741136656,False
NORTH STATE STREET,477433565,396.30723581180666,396.30723581180666,False
WILLIS AVENUE,477435504,396.1736798030017,396.1736798030017,False
OAK STREET,477431054,395.92761158711,395.92761158711,False
JAMESVILLE AVENUE,477443947,395.9200197183673,395.9200197183673,False
OSTROM AVENUE,477438159,395.86065298813435,395.86065298813435,False
KANDACE STREET,477440544,395.62545350436807,395.62545350436807,False
GRAND AVENUE,477438125,395.6058463438018,395.6058463438018,False
STOLP AVENUE,477441157,395.58243232691376,395.58243232691376,False
HOEFLER STREET,477440512,395.4002029612972,395.4002029612972,False
COMSTOCK AVENUE,477438155,395.38597088962064,395.38597088962064,False
TEALL AVENUE,477429993,395.3707948593104,395.3707948593104,False
WILLIS AVENUE,477741261,395.3637227597265,395.3637227597265,False
DAKIN STREET,800048230,395.2194238734483,395.2194238734483,False
BERKELEY DRIVE,477441106,395.1380929344046,395.1380929344046,False
CADILLAC STREET,477427516,395.0469763046214,395.0469763046214,False
NORTH LOWELL AVENUE,477434697,394.93967455586835,394.93967455586835,False
ORLANDO AVENUE,477445764,394.8734066589746,394.8734066589746,False
LATTER DRIVE,477446690,394.87075928685795,394.87075928685795,False
BELLSHIRE LANE,477427845,394.79699897275293,394.79699897275293,False
ARTHUR STREET,477440494,394.76249083775747,394.76249083775747,False
DUDLEY STREET,477440433,394.72778616582605,394.72778616582605,False
GIFFORD PARKWAY,477437524,394.6634316749132,394.6634316749132,False
ERIE BOULEVARD WEST,477433165,394.2196990486077,394.2196990486077,False
MARY STREET,477431321,394.1650322977879,394.1650322977879,False
WEST MARCELLUS STREET,800032564,394.08049676996006,394.08049676996006,False
WALNUT PLACE,477438143,393.987504417444,393.987504417444,False
HELEN STREET,477431034,393.8110422517726,393.8110422517726,False
CLOVER RIDGE DRIVE,477430188,393.77549064326064,396.952614750691,True
ERIE BOULEVARD EAST,477433221,393.6392823710099,393.6392823710099,False
LIME STREET,477433741,393.49882342316056,393.49882342316056,False
TWIN HILLS DRIVE,477442747,393.2619774396634,393.2619774396634,False
WEST FAYETTE STREET,477435614,393.00576239934645,393.00576239934645,False
GARFIELD AVENUE,477442305,392.9018392290733,392.9018392290733,False
BURNS AVENUE,477430176,392.8286435603448,396.0057174571818,True
SCOTT AVENUE,477439912,392.6782858145689,392.6782858145689,False
SOUTH SALINA STREET,477438964,392.44175417326534,392.44175417326534,False
BUTTERNUT STREET,477430159,392.0640931045601,392.0640931045601,False
GERE AVENUE,477432486,392.06399051816635,392.06399051816635,False
NORTH STATE STREET,477430811,391.8692925573787,391.8692925573787,False
SEELEY ROAD,477436411,391.81008257653286,391.81008257653286,False
BERKSHIRE AVENUE,477428445,391.78330279007554,391.78330279007554,False
WALNUT AVENUE,477438145,391.76205914589065,391.76205914589065,False
MELROSE AVENUE,477430768,391.6507893345339,391.6507893345339,False
MENLO DRIVE,477444630,391.56264592446104,391.56264592446104,False
MEADOWBROOK DRIVE,477438915,391.5368910593818,391.5368910593818,False
ENGLERT AVENUE,477427683,391.4663864677682,391.4663864677682,False
WEST KENNEDY STREET,477441369,391.2603766710186,391.2603766710186,False
EAST WASHINGTON STREET,477435382,391.2580118167478,391.2580118167478,False
HICKORY STREET,477433618,391.19560276753396,391.19560276753396,False
SHERIDAN PLACE,477432067,391.01124773238104,391.01124773238104,False
MILFORD DRIVE EAST,477429928,390.9604970770898,392.5941243456654,True
VILLAGE DRIVE,477429211,390.8767437398074,390.8767437398074,False
MIDLAND AVENUE,477443355,390.8566494123881,390.8566494123881,False
NORTH MCBRIDE STREET,477434221,390.738099676304,390.738099676304,False
LOMBARD AVENUE,477435689,390.71069553127427,390.71069553127427,False
CATHERINE STREET,477434231,390.6818933976479,390.6818933976479,False
WHITTIER AVENUE,800049079,390.65800858346716,390.65800858346716,False
NORTH STATE STREET,477431454,390.3721031740888,390.3721031740888,False
BUTTERNUT STREET,477429368,390.0656781343485,390.0656781343485,False
INVERNESS PLACE,477441040,389.6969449123771,389.6969449123771,False
HIER AVENUE,477431130,389.6583692117963,389.6583692117963,False
WARNER AVENUE,477442812,389.6440003990594,389.6440003990594,False
ALLEN STREET,477436139,389.43623375579404,389.43623375579404,False
SACKETT STREET,477434246,389.33473673227013,389.33473673227013,False
GROVE STREET,477444601,388.9490880244168,388.9490880244168,False
LAFORTE AVENUE,477440984,388.67401989008744,388.67401989008744,False
WEST BEARD AVENUE,477442212,388.6631520401479,388.6631520401479,False
GORDON AVENUE,477441422,388.5768919466615,388.5768919466615,False
TRACY STREET,477435040,388.49632823214534,388.49632823214534,False
NORTH CROUSE AVENUE,477434269,388.49624054273784,388.49624054273784,False
BALLANTYNE ROAD,509998053,388.4896506643315,388.4896506643315,False
HIGHLAND STREET,477431137,388.4111431500494,388.4111431500494,False
FIRST NORTH STREET,477430160,388.3814160987053,388.3814160987053,False
AMHERST AVENUE,477442625,388.32688407857404,388.32688407857404,False
GIFFORD PARKWAY,504325135,388.26580769079845,388.26580769079845,False
GRANDVIEW AVENUE,477440837,388.2475377432433,388.2475377432433,False
SOUTH WILBUR AVENUE,477436706,388.22530261054465,388.22530261054465,False
SOUTH MCBRIDE STREET,477436027,388.1313486202969,388.1313486202969,False
GRUMBACH AVENUE,477431108,388.1127655522516,388.1127655522516,False
JENSEN AVENUE,800097684,387.9726005074954,387.9726005074954,False
SOUTH SALINA STREET,477446215,387.8742525477794,387.8742525477794,False
OSTROM AVENUE,477437855,387.7079571144805,387.7079571144805,False
BRADFORD PARKWAY,477438109,387.6891140313931,387.6891140313931,False
DOUGLAS STREET,477432091,387.66380736156214,387.66380736156214,False
MONROE STREET,507666607,387.53633720173923,387.53633720173923,False
STRATHMORE DRIVE,504325021,387.2383924648565,387.2383924648565,False
COURT STREET,477428333,387.1368661618853,387.1368661618853,False
BELLEVUE AVENUE,477440451,387.07011665414325,387.07011665414325,False
EAST WATER STREET,477435085,387.0654075394726,387.0654075394726,False
NORMAN AVENUE,477446660,387.0302952161514,387.0302952161514,False
CARLTON DRIVE,504325288,386.56701881918474,386.56701881918474,False
ASH STREET,477432115,386.37100145993276,386.37100145993276,False
COMSTOCK AVENUE,477437844,386.32861539785796,386.32861539785796,False
NORTH FRANKLIN STREET,477434865,386.2245340896315,386.2245340896315,False
CANNON STREET,477443320,386.0520848831202,386.0520848831202,False
TAFT AVENUE,477428873,385.9936726821414,385.9936726821414,False
CALEB AVENUE,477430998,385.98046491282923,385.98046491282923,False
GIFFORD PARKWAY,504325136,385.89323242039023,385.89323242039023,False
HARDING PLACE,477446603,385.8538291138322,385.8538291138322,False
HATHERLY ROAD,477438954,385.8346558428448,385.8346558428448,False
GLENWOOD AVENUE,477442049,385.7757957576325,385.7757957576325,False
GLENWOOD AVENUE,477443241,385.52548787592974,385.52548787592974,False
STOLP AVENUE,477441289,385.45059180842054,385.45059180842054,False
SOUTH SALINA STREET,477447171,385.196855171473,385.196855171473,False
EAST COLVIN STREET,477442050,385.1850540757285,385.1850540757285,False
WOLF STREET,477427974,385.16191587152025,385.16191587152025,False
NORTH STATE STREET,477454135,385.00972137388436,385.00972137388436,False
BUTTERNUT STREET,477433208,384.863538564014,384.863538564014,False
BURNET AVENUE,477433659,384.60719274632356,384.60719274632356,False
STOLP AVENUE,477441212,384.55269189782666,384.55269189782666,False
SMITH LANE,800032740,384.2959782369456,384.2959782369456,False
CHARMOUTH DRIVE,477443012,384.2154617701252,384.2154617701252,False
ERIE BOULEVARD EAST,477434891,384.02140077195565,384.02140077195565,False
DARLINGTON ROAD,477427811,383.8392010289631,383.8392010289631,False
STOLP AVENUE,800052910,383.37508954731686,383.37508954731686,False
WEST BRIGHTON AVENUE,477443233,383.3014497496965,383.3014497496965,False
WEST BRIGHTON AVENUE,477443145,383.25345628380614,383.25345628380614,False
LYNCH AVENUE,477443961,383.20883896437266,383.20883896437266,False
EAST CHELTENHAM ROAD,477446416,383.1930976934191,383.1930976934191,False
STOLP AVENUE,477441179,383.13362371222473,383.13362371222473,False
MYRTLE STREET,477435626,382.7350270368309,382.7350270368309,False
SALT SPRINGS ROAD,477436339,382.72115117637196,382.72115117637196,False
ASH STREET,477431980,382.6278255245123,382.6278255245123,False
CROSSETT STREET,477441699,382.62101577085787,382.62101577085787,False
FILLMORE AVENUE,477444636,382.5329431388259,382.5329431388259,False
SOUTH SALINA STREET,477445897,382.4188160078184,382.4188160078184,False
HICKOK AVENUE,477432752,382.39418075299284,382.39418075299284,False
EAST GENESEE STREET,477437568,382.32923477100934,382.32923477100934,False
MONTICELLO DRIVE SOUTH,477446128,381.94995905631674,381.94995905631674,False
WEST WILLOW STREET,477434148,381.90838657198105,381.90838657198105,False
NORTH STATE STREET,477431257,381.4787524009958,381.4787524009958,False
GRANT BOULEVARD,477429126,381.35912810427266,381.35912810427266,False
GLENWOOD AVENUE,477442252,381.2247767990183,381.2247767990183,False
UNIVERSITY AVENUE,477437827,381.1879283739576,381.1879283739576,False
GRANT AVENUE,477440769,381.1724892766424,381.1724892766424,False
KRAMER DRIVE,477445887,381.15986628082214,381.15986628082214,False
WEST BEAR STREET,477432159,381.13316813544736,381.13316813544736,False
BRISTOL PLACE,477437651,381.12053811940154,381.12053811940154,False
OAK STREET,477433223,381.0007153549003,381.0007153549003,False
JAMESVILLE AVENUE,800032731,380.71478198895096,380.71478198895096,False
BEATTIE STREET,477436577,380.71473119453816,380.71473119453816,False
UNIVERSITY PLACE,511163754,380.65066787689807,380.65066787689807,False
ERIE BOULEVARD EAST,477435035,380.6419565696718,380.6419565696718,False
AINSLEY DRIVE,477444461,380.4793636050277,380.4793636050277,False
HIGHRIDGE DRIVE,477441970,380.4396538375991,380.4396538375991,False
NORTH TOWNSEND STREET,509997555,380.228091764708,380.228091764708,False
AMIDON DRIVE,477446277,380.11093319737927,380.11093319737927,False
EAST WARRINGTON ROAD,477446502,380.0126141756742,380.0126141756742,False
SOUTH SALINA STREET,800048983,380.0103277927759,380.0103277927759,False
SUNNYSIDE ROAD,477438766,380.0071770038519,380.0071770038519,False
MEADOWBROOK DRIVE,477440995,379.9773869460338,379.9773869460338,False
HAWLEY AVENUE,477433612,379.8511867995912,379.8511867995912,False
JAMES STREET,477434729,379.78703771089897,379.78703771089897,False
WALNUT PLACE,477437833,379.72700073647326,379.72700073647326,False
FIRST NORTH STREET,477429994,379.70440710836914,379.70440710836914,False
BELLEVUE AVENUE,477440505,379.5237515330901,379.5237515330901,False
SOUTH WEST STREET,477438092,379.4826995998756,379.4826995998756,False
WALNUT AVENUE,477437838,379.35111587308717,379.35111587308717,False
PATTISON STREET,477432084,379.2720049884759,379.2720049884759,False
BELLEVUE AVENUE,477440464,379.17707648600083,379.17707648600083,False
DEWITT STREET,477431002,379.1697102599203,379.1697102599203,False
MEADOWBROOK DRIVE,477438873,378.8630283364529,378.8630283364529,False
ERIE BOULEVARD EAST,477434887,378.7145109251703,378.7145109251703,False
ROBINSON STREET,477432200,378.6263097342997,378.6263097342997,False
SOUTH CROUSE AVENUE,477437830,378.43658049816815,378.43658049816815,False
ALMOND STREET,477438821,378.3901210441634,378.3901210441634,False
NBT BANK PARKWAY,477428690,377.9323410239831,377.9323410239831,False
ERIE BOULEVARD EAST,477434985,377.9162510119672,377.9162510119672,False
HICKORY STREET,477433389,377.754934495728,377.754934495728,False
CENTENNIAL DRIVE,477442032,377.7018296008346,377.7018296008346,False
MEADOWBROOK DRIVE,504325292,377.58533236376616,377.58533236376616,False
EAST KENNEDY STREET,477440847,377.56201629226024,377.56201629226024,False
SOUTH TOWNSEND STREET,509997653,377.5103937784066,377.5103937784066,False
SALISBURY ROAD,477437785,377.19433661247115,377.19433661247115,False
LEWISTON DRIVE,477442583,377.10730195745253,377.10730195745253,False
BUTTERNUT STREET,477432335,376.7213760213501,376.7213760213501,False
EAST FAYETTE STREET,477435767,376.6107054989417,376.6107054989417,False
SHOTWELL PARK,477430971,376.58095434490605,376.58095434490605,False
STANDART STREET,477439914,376.42348531662606,376.42348531662606,False
EAST GLEN AVENUE,477445312,376.35789404333826,376.35789404333826,False
HARTSON STREET,477439429,376.3034840952362,376.3034840952362,False
HATCH STREET,477442789,376.22947357201986,376.22947357201986,False
BRIGGS STREET,477428195,376.12531963171045,376.12531963171045,False
SEYMOUR STREET,477437454,376.11771105313375,376.11771105313375,False
ACADEMY PLACE,477446656,376.08070143902177,376.08070143902177,False
VINE STREET,477431448,376.02419850962025,376.02419850962025,False
KRAMER DRIVE,477445847,375.8786661612571,375.8786661612571,False
LINCOLN PARK DRIVE,477432407,375.8538040309213,375.8538040309213,False
CORAL AVENUE,477444699,375.6625852817651,375.6625852817651,False
NORTH WEST STREET,477434855,375.49784054097574,375.49784054097574,False
COMSTOCK AVENUE,600035950,375.381898624338,375.381898624338,False
NORTH SALINA STREET,477433388,375.37673155543405,375.37673155543405,False
TALLMAN STREET,477439624,375.28064556296977,375.28064556296977,False
HARRISON STREET,477436920,375.26549454885577,375.26549454885577,False
EAST LAUREL STREET,477432551,375.24780270339727,375.24780270339727,False
HARRISON STREET,477436970,374.94664814462186,374.94664814462186,False
WEST ONONDAGA STREET,477439882,374.76002436184984,374.76002436184984,False
CALEB AVENUE,477431663,374.72915600130875,374.72915600130875,False
WILLUMAE DRIVE,477428179,374.7102832488023,374.7102832488023,False
MEADOWBROOK DRIVE,477438315,374.68707666684514,374.68707666684514,False
MIDLAND AVENUE,477445841,374.682334345275,374.682334345275,False
WEST ONONDAGA STREET,477438547,374.5477095735084,374.5477095735084,False
EAST BRIGHTON AVENUE,477444685,374.3301301423293,374.3301301423293,False
HARTLEY STREET,477429881,374.20066524533104,374.20066524533104,False
EAST ADAMS STREET,477437441,374.13970346763176,374.13970346763176,False
ALMOND STREET,509998059,373.8972552814396,373.8972552814396,False
WALTER DRIVE,477429747,373.8693018722478,377.04581968915096,True
KENSINGTON ROAD,477440633,373.842258217765,373.842258217765,False
ACORN PATH,477441094,373.7679898821417,373.7679898821417,False
SCOTTHOLM BOULEVARD,477437240,373.3770889035057,373.3770889035057,False
FAIRDALE AVENUE,477441823,373.37564746092346,373.37564746092346,False
HUBBELL AVENUE,477441411,373.36065543381596,373.36065543381596,False
BROAD STREET,477441159,373.2562360794487,373.2562360794487,False
DARLINGTON ROAD,477427463,373.1118970269349,373.1118970269349,False
STINARD AVENUE,477441442,372.8335398986377,372.8335398986377,False
DEMONG DRIVE,477437198,372.70526352176296,372.70526352176296,False
PECK AVENUE,800048716,372.5144089656003,372.5144089656003,False
ARTHUR STREET,477440182,372.46063269783,372.46063269783,False
WILLUMAE DRIVE,477428202,372.40246254971066,372.40246254971066,False
TYSON PLACE,477429397,372.13748438137503,372.13748438137503,False
SEDGWICK DRIVE,477430052,372.10551250887323,372.10551250887323,False
HOLLAND STREET,477439202,371.95862946752817,371.95862946752817,False
MITCHELL AVENUE,477444570,371.7605359349663,371.7605359349663,False
XAVIER CIRCLE,800032795,371.5889115507623,371.5889115507623,False
WILSON STREET,477431243,371.38244530821623,371.38244530821623,False
SOUTH GEDDES STREET,477441454,371.1197420694616,371.1197420694616,False
BEECHER STREET,477432014,371.1121169697604,371.1121169697604,False
SEDGWICK STREET,477431724,371.0667328084087,371.0667328084087,False
BELLEVUE AVENUE,477441170,370.9120969274888,370.9120969274888,False
SOUTH GLENCOVE ROAD,477430861,370.6307574446477,370.6307574446477,False
BROAD STREET,477441143,370.5845217832295,370.5845217832295,False
ROBERTS AVENUE,477441423,370.5669500495364,370.5669500495364,False
SHOTWELL PARK,477430697,370.5388986481805,370.5388986481805,False
EAST CHAFFEE AVENUE,477446191,370.5037717832167,370.5037717832167,False
CRATON STREET,477432719,370.3992191563611,370.3992191563611,False
GARY AVENUE,477447323,370.27449720914444,370.27449720914444,False
DURSTON AVENUE,477430102,370.2367331439507,370.2367331439507,False
JASPER STREET,477431271,370.16295089009697,370.16295089009697,False
SOUTH GEDDES STREET,477436387,370.05970452844457,370.05970452844457,False
SALT SPRINGS ROAD,477436738,370.0287082634454,370.0287082634454,False
MARTIN LUTHER KING EAST,477440166,369.97904208770984,369.97904208770984,False
BUTTERNUT STREET,477430870,369.8375498376248,369.8375498376248,False
EAST WATER STREET,509997475,369.6509509639294,369.6509509639294,False
SACKETT STREET,477434746,369.64855118155594,369.64855118155594,False
SOUTH ALVORD STREET,477431719,369.6155796849454,369.6155796849454,False
ROBINSON STREET,477432292,369.59703514315055,369.59703514315055,False
SOUTH AVENUE,477443064,369.500321605311,369.500321605311,False
SEVENTH NORTH STREET,477428044,369.0112666500859,369.0112666500859,False
BROOKFORD ROAD,504324946,369.0110304863492,369.0110304863492,False
COURT STREET,477428596,368.9971299834305,368.9971299834305,False
SALT SPRINGS ROAD,477436547,368.88584217655045,368.88584217655045,False
LODI STREET,477432852,368.8722142624842,368.8722142624842,False
EAST GENESEE PARKWAY,477437508,368.86562521447513,368.86562521447513,False
BRAMPTON ROAD,477446696,368.7876521458495,368.7876521458495,False
EMPIRE AVENUE,477444632,368.7105620447697,368.7105620447697,False
TIOGA STREET,477436361,368.69307352614027,368.69307352614027,False
BURNET AVENUE,477432751,368.6868483475944,368.6868483475944,False
JAMES STREET,477431265,368.42584450792066,368.42584450792066,False
COLUMBUS AVENUE,477436454,368.2628887961877,368.2628887961877,False
HUNTINGTON ROAD,477441273,368.25338017117775,368.25338017117775,False
BRADLEY STREET,477439708,368.183661496506,368.183661496506,False
SENECA STREET,477436527,368.1623485615164,368.1623485615164,False
NORTH SALINA STREET,477430109,368.1183192402751,368.1183192402751,False
HOVEY STREET,477440987,368.05478465470975,368.05478465470975,False
OSWEGO STREET,477436436,368.0174619843421,368.0174619843421,False
MARGINAL STREET,477441155,367.8393675119982,367.8393675119982,False
WEST SENECA TURNPIKE,477445898,367.8323614872914,367.8323614872914,False
BRADFORD PARKWAY,504325053,367.8289808983178,367.8289808983178,False
JAMES HEATH ROAD,477431047,367.8196980747177,367.8196980747177,False
SOUTH WILBUR AVENUE,477437453,367.80637856862296,367.80637856862296,False
BROOKFORD ROAD,504324944,367.7597597455063,367.7597597455063,False
HICKOK AVENUE,800048410,367.70554595767453,367.70554595767453,False
WEST ONONDAGA STREET,477437142,367.57703025796235,367.57703025796235,False
SHOTWELL PARK,477430505,367.55335559462793,367.55335559462793,False
ELDORADO STREET,477430966,367.4695273047136,367.4695273047136,False
NORTHCLIFFE ROAD,477430426,367.4535911308789,367.4535911308789,False
MCCARTHY AVENUE,509997654,367.4461150274903,367.4461150274903,False
SHOTWELL PARK,477430498,367.2192011143031,367.2192011143031,False
HUNTLEY STREET,477428022,367.1049131211804,367.1049131211804,False
ARLINGTON AVENUE,477442726,367.04449189571983,367.04449189571983,False
EAST GENESEE STREET,477436578,366.9000958865394,366.9000958865394,False
EMERSON AVENUE,477433214,366.8272814059639,366.8272814059639,False
WEST GENESEE STREET,477434220,366.75099193491826,366.75099193491826,False
HAMILTON STREET,477434696,366.670240725665,366.670240725665,False
BUTTERNUT STREET,477431808,366.62914843757176,366.62914843757176,False
FERRIS AVENUE,477436801,366.5262910520768,366.5262910520768,False
STEWART COURT,513530326,366.37682584481075,366.37682584481075,False
CANNON STREET,477442977,366.31319610449526,366.31319610449526,False
SOUTH STATE STREET,477438912,366.1315796651373,366.1315796651373,False
BRATTLE ROAD,477430112,366.0612361477239,366.0612361477239,False
PARRISH LANE,477447264,366.02699905420184,366.02699905420184,False
MEADOWBROOK DRIVE,477437836,365.9719082129711,365.9719082129711,False
GLENCOVE ROAD,477430948,365.9341363801541,365.9341363801541,False
WINDEMERE ROAD,477446763,365.86567764866993,365.86567764866993,False
WARNER AVENUE,477442828,365.60878473470177,365.60878473470177,False
WASHINGTON SQUARE,477429587,365.60325216606793,365.60325216606793,False
SOUTH WEST STREET,477436523,365.60286128866227,365.60286128866227,False
HAWLEY AVENUE,477433092,365.5213229907996,365.5213229907996,False
TIOGA STREET,477436805,365.46261641990054,365.46261641990054,False
MEADOWBROOK DRIVE,477437904,365.33700233077315,365.33700233077315,False
MONTGOMERY STREET,477440007,365.1375324790882,365.1375324790882,False
SOUTH SALINA STREET,509998054,365.004629409555,365.004629409555,False
COMSTOCK AVENUE,477436664,364.94160504794905,364.94160504794905,False
SOUTH AVENUE,477443324,364.7374556953959,364.7374556953959,False
WYOMING STREET,481561671,364.5625725462559,364.5625725462559,False
CALEB AVENUE,477432124,364.4761698133579,364.4761698133579,False
ONONDAGA AVENUE,477442247,364.4492000119582,364.4492000119582,False
LODI STREET,477430380,364.389709745121,364.389709745121,False
SUNNYCREST ROAD,477431463,364.3558977377047,364.3558977377047,False
OSWEGO STREET,477436962,364.3492270460719,364.3492270460719,False
BURDICK AVENUE,477428106,364.3200846004226,364.3200846004226,False
EAST WILLOW STREET,477433675,364.23850379655823,364.23850379655823,False
SENECA STREET,477437083,364.1350211510823,364.1350211510823,False
HAFFENDEN ROAD,477441806,364.0564944051159,364.0564944051159,False
ELMHURST AVENUE,477443063,363.9625738197003,363.9625738197003,False
BARNES AVENUE,477444654,363.93376555847743,363.93376555847743,False
BUTTERNUT STREET,477428970,363.77576872104504,363.77576872104504,False
SENECA STREET,477436759,363.65282917033267,363.65282917033267,False
ONTARIO STREET,477436866,363.4635176754558,363.4635176754558,False
WEYMOUTH ROAD,477446322,363.4300448341184,363.4300448341184,False
NIAGARA STREET,477436250,363.42904951735636,363.42904951735636,False
EUCLID AVENUE,477439328,363.36489026913523,363.36489026913523,False
NIAGARA STREET,477436478,363.35017369002094,363.35017369002094,False
WYOMING STREET,477436383,363.3486591137002,363.3486591137002,False
JENSEN AVENUE,800097685,363.3413227457217,363.3413227457217,False
BURNET AVENUE,477434223,363.32543678626837,363.32543678626837,False
WARHAM STREET,477429369,363.20714742557243,363.20714742557243,False
OLD LIVERPOOL ROAD,477428295,363.0275892609666,363.0275892609666,False
NIVEN STREET,477435970,362.8428314690468,362.8428314690468,False
WEST TAYLOR STREET,477438757,362.82012222217196,362.82012222217196,False
EUCLID AVENUE,800048349,362.80982760723543,362.80982760723543,False
WEST WATER STREET,477435061,362.63272424154036,362.63272424154036,False
SKYTOP ROAD,477453873,362.626102911865,362.626102911865,False
GRANT BOULEVARD,477428433,362.60418788180516,362.60418788180516,False
OSWEGO STREET,477436688,362.594533677893,362.594533677893,False
HERALD PLACE,477433827,362.54357707915193,362.54357707915193,False
WEST WASHINGTON STREET,477435350,362.14809306543697,362.14809306543697,False
SALT SPRINGS ROAD,800029783,362.14560848068487,362.14560848068487,False
UNION AVENUE,477433058,362.0179881059186,362.0179881059186,False
EAST DIVISION STREET,477431547,361.94925557128215,361.94925557128215,False
HOEFLER STREET,477439947,361.94599422889485,361.94599422889485,False
CHAVEZ TERRACE,477438002,361.8748103883647,361.8748103883647,False
TIOGA STREET,477436559,361.7880984895704,361.7880984895704,False
UNION AVENUE,477432896,361.7081265152388,361.7081265152388,False
EAST COLVIN STREET,477442281,361.34886028428366,361.34886028428366,False
FAYETTE BOULEVARD,477435440,361.33181551987235,361.33181551987235,False
WEST GENESEE STREET,477434725,361.3053945100816,361.3053945100816,False
SMALL ROAD,477443101,361.1052074976806,361.1052074976806,False
WEST FAYETTE STREET,477435622,361.03674890217707,361.03674890217707,False
MARJORIE STREET,477446615,360.9961590173219,360.9961590173219,False
EAST FAYETTE STREET,477435686,360.962874242135,360.962874242135,False
BOSTON STREET,477430170,360.92062823838995,360.92062823838995,False
STRATHMORE DRIVE,504325018,360.8583771590593,360.8583771590593,False
HILTON ROAD,477446920,360.84813547732125,360.84813547732125,False
MARGINAL STREET,477441242,360.7928528347284,360.7928528347284,False
WYOMING STREET,477436106,360.6630399243159,360.6630399243159,False
KENWOOD AVENUE,477427632,360.05079316284355,360.05079316284355,False
LOCKWOOD ROAD,477438788,359.8872094663905,359.8872094663905,False
WEST SENECA TURNPIKE,477445842,359.8045672930801,359.8045672930801,False
VALLEY DRIVE,477443973,359.80183815673365,359.80183815673365,False
CANAL STREET,477434822,359.4662088729484,359.4662088729484,False
WEST TAYLOR STREET,477438662,359.4582939652803,359.4582939652803,False
KENSINGTON ROAD,477440805,359.2319107591117,359.2319107591117,False
EAST GENESEE STREET,477437301,359.17459135002883,359.17459135002883,False
PARK AVENUE,477434356,359.1197970035245,359.1197970035245,False
HERALD PLACE,477433833,359.0788088481097,359.0788088481097,False
WEST GENESEE STREET,477433857,359.0211946482873,359.0211946482873,False
WEST JEFFERSON STREET,477436197,358.9871941701412,358.9871941701412,False
FINEVIEW PLACE,477439510,358.9757852649532,358.9757852649532,False
SEDGWICK DRIVE,477430035,358.9183546387121,358.9183546387121,False
BARKER AVENUE,477434937,358.6996948718252,358.6996948718252,False
FAIRDALE AVENUE,477441830,358.5724505301493,358.5724505301493,False
SOUTH SALINA STREET,477443978,358.42207761373504,358.42207761373504,False
SEDGWICK DRIVE,477429520,358.2609820382066,358.2609820382066,False
SOUTH WEST STREET,477436766,358.24225541588174,358.24225541588174,False
DARLINGTON ROAD,477427579,358.1493052944953,358.1493052944953,False
SOUTH GEDDES STREET,477436158,358.1059954531103,358.1059954531103,False
MIDLAND AVENUE,477442636,358.0859279230393,358.0859279230393,False
WINDING RIDGE ROAD,477443797,358.0504776141985,358.0504776141985,False
BRONSON STREET,477446612,357.99853029649836,357.99853029649836,False
BENNINGTON DRIVE,477444348,357.9535313651076,357.9535313651076,False
VAN RENSSELAER STREET,477434877,357.95328693833164,357.95328693833164,False
MIDLAND AVENUE,477443181,357.86834284901005,357.86834284901005,False
MOUNTAINVIEW AVENUE,477434823,357.84497096271315,357.84497096271315,False
SOUTH STATE STREET,477436594,357.73971666211503,357.73971666211503,False
SEVENTH NORTH STREET,477427921,357.7375967274806,357.7375967274806,False
EAST BRIGHTON AVENUE,477444872,357.6893986825448,357.6893986825448,False
STACY PLACE,477446449,357.4949571071928,357.4949571071928,False
BURNET AVENUE,477433749,357.49431375845165,357.49431375845165,False
BURT STREET,477438932,357.44106122020037,357.44106122020037,False
LODI STREET,477432673,357.24578356570316,357.24578356570316,False
WESTMORELAND AVENUE,477441057,357.1459833113385,357.1459833113385,False
SOUTH BEECH STREET,477437313,357.0603458102598,357.0603458102598,False
HILLSBORO PARKWAY,477437863,357.03448768720415,357.03448768720415,False
MATTY AVENUE,477434896,356.94643359386447,356.94643359386447,False
WEST DIVISION STREET,477432043,356.7041873535875,356.7041873535875,False
SOUTH STATE STREET,477442491,356.5937854491724,356.5937854491724,False
DEMONG DRIVE,800048260,356.5885694886165,356.5885694886165,False
SOUTH AVENUE,477440988,356.56732352733275,356.56732352733275,False
EAST GENESEE STREET,477437638,356.4507447910309,356.4507447910309,False
GLENCOVE ROAD,477430787,356.2630455546239,356.2630455546239,False
ARTHUR STREET,477440757,355.7984125817341,355.7984125817341,False
SUNNYCREST ROAD,477431368,355.79585962340195,355.79585962340195,False
SPENCER STREET,477432572,355.6960987680258,355.6960987680258,False
GLENWOOD AVENUE,477441878,355.60078955009175,355.60078955009175,False
KILLIAN DRIVE,477439234,355.5849267214162,355.5849267214162,False
CHATHAM PLACE,477427296,355.53870338516884,355.53870338516884,False
VALLEY DRIVE,477444354,355.3290062927888,355.3290062927888,False
SUNNYCREST ROAD,477431351,355.24377828903965,355.24377828903965,False
LOOMIS AVENUE,477445186,355.09536747987795,355.09536747987795,False
CHURCHILL AVENUE,477444460,354.7811720103666,354.7811720103666,False
DANFORTH STREET,477428925,354.74664662228054,354.74664662228054,False
NORTHCLIFFE ROAD,477430314,354.28960956714604,354.28960956714604,False
SOUTH ALVORD STREET,477431500,354.2777286392289,354.2777286392289,False
CANNON STREET,477443146,354.2655291693664,354.2655291693664,False
NORTHCLIFFE ROAD,477430313,354.17035899229006,354.17035899229006,False
EAST ADAMS STREET,477437383,354.1556421850414,354.1556421850414,False
GRUMBACH AVENUE,477430833,354.00201008467343,354.00201008467343,False
EAST TAYLOR STREET,477438554,353.93857979903123,353.93857979903123,False
NEW STREET,477438107,353.9228521475729,353.9228521475729,False
JAMES STREET,477429790,353.8824861785307,353.8824861785307,False
SOUTH STATE STREET,477442004,353.62273579774615,353.62273579774615,False
STINARD AVENUE,477440721,353.5323563085185,353.5323563085185,False
MARKLAND AVENUE,477440794,353.44586650325266,353.44586650325266,False
LATIMER TERRACE,477438523,353.4250104732121,353.4250104732121,False
ARCH STREET,477431514,353.28964272664825,353.28964272664825,False
HARRISON STREET,477436943,353.1125343551777,353.1125343551777,False
DOUGALL AVENUE,477442271,353.0942532244013,353.0942532244013,False
CHURCHILL AVENUE,477444637,353.0549043043164,353.0549043043164,False
EAST SENECA TURNPIKE,477445916,352.8910117043762,352.8910117043762,False
CLARENCE AVENUE,477445495,352.6668738750695,352.6668738750695,False
BURLINGAME ROAD,477431090,352.5165716538121,352.5165716538121,False
SKYTOP ROAD,477453875,352.2848901514399,352.2848901514399,False
BURNET PARK DRIVE,477436949,352.1131037729843,352.1131037729843,False
GLENCOVE ROAD,477430928,352.1120677790525,352.1120677790525,False
EAST GLEN AVENUE,477445324,352.07405894456855,352.07405894456855,False
RENWICK AVENUE,477438408,351.8119279992706,351.8119279992706,False
BARNES AVENUE,477444791,351.77472107804743,351.77472107804743,False
KINCAID AVENUE,477432544,351.66810619576137,351.66810619576137,False
OSWEGO STREET,477438198,351.62117826542897,351.62117826542897,False
NORTHCLIFFE ROAD,477430405,351.5459529435135,351.5459529435135,False
JAMESVILLE AVENUE,477444068,351.54033956166285,351.54033956166285,False
GLENCOVE ROAD,477430815,351.47507675456274,351.47507675456274,False
WEST DIVISION STREET,800049085,351.40019904701916,351.40019904701916,False
ERIE STREET,477434868,351.38212449921537,351.38212449921537,False
FENTON STREET,800034100,351.3443363128437,351.3443363128437,False
BALLANTYNE ROAD,477444694,351.24567536658776,351.24567536658776,False
HERKIMER STREET,477433540,351.1879200835544,351.1879200835544,False
HOPE AVENUE,477443096,351.181086349127,351.181086349127,False
OLD LIVERPOOL ROAD,477428033,350.907578125852,353.6793353918629,True
CLARENCE AVENUE,477445485,350.6133044078834,350.6133044078834,False
DUANE STREET,477440770,350.5826798395608,350.5826798395608,False
LAFAYETTE ROAD,800031583,350.48955334061105,350.48955334061105,False
EUCLID AVENUE,477439656,350.27562170719165,350.27562170719165,False
CATHERINE STREET,477433280,350.09008015035664,350.09008015035664,False
CRADDOCK STREET,477443276,350.0773442422731,350.0773442422731,False
TERRACE ROAD,477440665,349.9129581695265,349.9129581695265,False
MADISON STREET,477436595,349.78460286647066,349.78460286647066,False
ELLIS STREET,477436124,349.7162426000579,349.7162426000579,False
HIGHLAND STREET,477432609,349.5288271958942,349.5288271958942,False
HOVEY STREET,477440877,349.4534906712467,349.4534906712467,False
EASTWOOD ROAD,477429831,349.4290284547341,349.4290284547341,False
HARRISON STREET,506021525,349.4030438469119,349.4030438469119,False
ERIE BOULEVARD EAST,477433383,349.36383049771047,349.36383049771047,False
WINTON STREET,477431795,349.35074022676434,349.35074022676434,False
PULASKI STREET,477432123,349.27918420323317,349.27918420323317,False
GEORGE STREET,477429614,349.2778248839856,349.2778248839856,False
CALEB AVENUE,477432006,349.1313411126255,349.1313411126255,False
NORTH MCBRIDE STREET,477433519,349.08762418704316,349.08762418704316,False
PARK STREET,477429389,349.0645890540529,349.0645890540529,False
DELAWARE STREET,477439428,349.0255534632545,349.0255534632545,False
SOUTH GEDDES STREET,477437687,348.95297680244676,348.95297680244676,False
CATHERINE STREET,477433569,348.87620968692465,348.87620968692465,False
SOUTH AVENUE,477440292,348.8451405909773,348.8451405909773,False
WEST COLVIN STREET,477442340,348.8140153315991,348.8140153315991,False
CLARENDON STREET,477438965,348.7606957406396,348.7606957406396,False
ROBINSON STREET,477432366,348.7120022208299,348.7120022208299,False
SEYMOUR STREET,477437709,348.6772458862259,348.6772458862259,False
VILLAGE DRIVE EXTENSION,477429429,348.6749935003087,348.6749935003087,False
SHOTWELL PARK,477430977,348.67114075343903,348.67114075343903,False
TEMPLE STREET,513530914,348.4220061056181,348.4220061056181,False
WEST ADAMS STREET,477437526,348.38747889430914,348.38747889430914,False
NORTH STATE STREET,477434140,348.3311060281642,348.3311060281642,False
FAYETTE BOULEVARD,477435447,348.3095470035124,348.3095470035124,False
EAST GENESEE STREET,477436258,348.273852958539,348.273852958539,False
SOUTH GEDDES STREET,477438280,348.23829322343454,348.23829322343454,False
LODI STREET,477434562,348.21902314811814,348.21902314811814,False
SOUTH STATE STREET,477439724,348.15922045033284,348.15922045033284,False
CURTIS STREET,477430177,348.1495831763185,348.1495831763185,False
VANN STREET,477432615,348.12457929540574,348.12457929540574,False
LODI STREET,477433233,348.02174171955414,348.02174171955414,False
MIDLAND AVENUE,477441099,347.93442791355847,347.93442791355847,False
CRAIG STREET,511383770,347.8772404135589,347.8772404135589,False
MCCORMICK AVENUE,477437058,347.62970852108543,347.62970852108543,False
JAMESVILLE AVENUE,800048453,347.6265161018553,347.6265161018553,False
HAWLEY AVENUE,477433111,347.5582450568281,347.5582450568281,False
WEST COLVIN STREET,477442650,347.35420773953877,347.35420773953877,False
LODI STREET,477433055,347.3349092931826,347.3349092931826,False
ARDEN DRIVE,477442947,347.2412180340878,347.2412180340878,False
KIMBER ROAD,477439195,347.2074603742077,347.2074603742077,False
EAST ADAMS STREET,477437436,347.20539617544904,347.20539617544904,False
SOUTH WILBUR AVENUE,477436490,347.16470804303214,347.16470804303214,False
WEST STREET ARTERIAL SOUTHBOUND,504325349,347.11981828936456,347.11981828936456,False
NORTH FRANKLIN STREET,477434143,346.9984848599133,346.9984848599133,False
SOUTH STATE STREET,477442941,346.9640062219648,346.9640062219648,False
SMALL ROAD,477442937,346.9570937944895,346.9570937944895,False
NORTH TOWNSEND STREET,477433739,346.9169483312611,346.9169483312611,False
TEALL AVENUE,477429546,346.89763316444856,346.89763316444856,False
SHOTWELL PARK,477430703,346.751154245779,346.751154245779,False
BROWN STREET,509997546,346.5965693573749,346.5965693573749,False
BELLEVUE AVENUE,477440493,346.5309895882294,346.5309895882294,False
WINDHAM DRIVE,477439547,346.4379726108546,346.4379726108546,False
BALLANTYNE ROAD,477444539,346.4282045912155,346.4282045912155,False
SOUTH SALINA STREET,477442118,346.3439022606527,346.3439022606527,False
WEST COLVIN STREET,477442654,346.3352707712085,346.3352707712085,False
JOHN STREET,477430420,346.26957834723476,346.26957834723476,False
BURNET PARK DRIVE,477437201,346.22959784542496,346.22959784542496,False
FAYETTE BOULEVARD,477435463,346.2143092578218,346.2143092578218,False
BURNET AVENUE,477431750,346.13829178925073,346.13829178925073,False
CALEB AVENUE,477431467,346.113760324999,346.113760324999,False
OTISCO STREET,477437012,345.9245259329379,345.9245259329379,False
WEST SCOTT AVENUE,477437961,345.86273760793176,345.86273760793176,False
SOUTH SALINA STREET,477441299,345.67186172027743,345.67186172027743,False
AINSLEY DRIVE,477444435,345.55757022929333,345.55757022929333,False
STINARD AVENUE,477443269,345.47330573452126,345.47330573452126,False
DILLAYE AVENUE,477433068,345.3823812509959,345.3823812509959,False
JOHN STREET,477430032,345.0020364305923,345.0020364305923,False
EASTMAN AVENUE,477442910,344.9919122892224,344.9919122892224,False
SOUTH FRANKLIN STREET,477435338,344.8429876532532,344.8429876532532,False
NORTH CLINTON STREET,477434147,344.79226149395623,344.79226149395623,False
NORTH GEDDES STREET,477434838,344.49663283533215,344.49663283533215,False
LANDON AVENUE,477441634,344.4885892960425,344.4885892960425,False
ASH STREET,477431712,344.4133969976197,344.4133969976197,False
GRANT AVENUE,477440733,344.32090798691854,344.32090798691854,False
COYKENDALL AVENUE,477432869,344.21358799183315,344.21358799183315,False
MCDONALD ROAD,477443342,344.17358714403053,344.17358714403053,False
OAKWOOD AVENUE,477438889,343.82941677843735,343.82941677843735,False
HARRISON STREET,477436945,343.754848978596,343.754848978596,False
LEWISTON DRIVE,477442662,343.6930637593569,343.6930637593569,False
KIRK AVENUE,477441678,343.66365593952156,343.66365593952156,False
NORTH SALINA STREET,477434163,343.65938112974004,343.65938112974004,False
VALLEY DRIVE,477444857,343.65901879156314,343.65901879156314,False
BURNET AVENUE,509997504,343.63450897593685,343.63450897593685,False
EAST ADAMS STREET,477437378,343.4498923138438,343.4498923138438,False
MONTGOMERY STREET,477438933,343.3727540092968,343.3727540092968,False
SOUTH BEECH STREET,477435509,343.2275135086667,343.2275135086667,False
MOUNT OLYMPUS DRIVE,600008918,343.1620569896535,343.1620569896535,False
EAST BRIGHTON AVENUE AVENUE NORTHBOUND,477444818,343.08153163253763,343.08153163253763,False
JAMES STREET,477429746,343.05874072163346,343.05874072163346,False
LAFAYETTE ROAD,477445836,342.935123743706,342.935123743706,False
CRAWFORD AVENUE,477439655,342.87680211532125,342.87680211532125,False
MIDLAND AVENUE,477441827,342.76478438665384,342.76478438665384,False
BURNET AVENUE,800048128,342.6434433247923,342.6434433247923,False
DAKOTA STREET,477440540,342.61346035933235,342.61346035933235,False
SOUTH GEDDES STREET,477438617,342.57385825629774,342.57385825629774,False
NORTH SALINA STREET,477429598,342.46078100186844,342.46078100186844,False
ELMWOOD AVENUE,477443430,342.447480575175,342.447480575175,False
JAMESVILLE AVENUE,477443443,342.4123052905522,342.4123052905522,False
HEADSON DRIVE,507665679,342.2321366131992,342.2321366131992,False
KIMBER ROAD,800048437,342.17380722240915,342.17380722240915,False
CALEB AVENUE,477431197,342.10294888615664,342.10294888615664,False
SOUTH BEECH STREET,477438222,341.9705289378658,341.9705289378658,False
ROCKWOOD ROAD,477442618,341.9130024515637,341.9130024515637,False
STRATFORD STREET,477440080,341.7745646362418,341.7745646362418,False
BURNET AVENUE,477431804,341.74176986664384,341.74176986664384,False
HILTON ROAD,477446936,341.6689421460527,341.6689421460527,False
ARGYLE TERRACE,477441896,341.4621016080222,341.4621016080222,False
SOUTH SALINA STREET,477441509,341.45965221359495,341.45965221359495,False
RICHMOND AVENUE,477435162,341.4043144618791,341.4043144618791,False
EAST COLVIN STREET,477442895,341.3164979178367,341.3164979178367,False
JAMES STREET,477430606,341.3096344147371,341.3096344147371,False
POND STREET,477429699,341.2257152329549,341.2257152329549,False
GERTRUDE STREET,477433435,341.0327041688277,341.0327041688277,False
BURNET AVENUE,477432373,340.9240691142505,340.9240691142505,False
MOUNTAINVIEW AVENUE,477434930,340.91618892441085,340.91618892441085,False
ANDOVER ROAD,477441722,340.8288333244423,340.8288333244423,False
ACADEMY STREET,477446028,340.7218661614988,340.7218661614988,False
SALISBURY ROAD,477437759,340.6147801775303,340.6147801775303,False
GRASSMAN AVENUE,477430325,340.5993647734792,340.5993647734792,False
GARFIELD AVENUE,477441236,340.5810335909611,340.5810335909611,False
MONTANA STREET,477439895,340.57809767182204,340.57809767182204,False
HERBERT STREET,477430095,340.4382165796764,340.4382165796764,False
MEADOWBROOK DRIVE,477437928,340.3523647978855,340.3523647978855,False
MONTANA STREET,477439968,340.33352470392015,340.33352470392015,False
FINEVIEW PLACE,477439915,340.27479905775414,340.27479905775414,False
ERIE BOULEVARD EAST,477433621,340.20298869324586,340.20298869324586,False
CROSSETT STREET,477441694,340.0926413817511,340.0926413817511,False
ENGLEWOOD AVENUE,477445433,340.06206300566316,340.06206300566316,False
NORTH CROUSE AVENUE,477433890,340.0256722560848,340.0256722560848,False
CALEB AVENUE,477431142,340.0223650908162,340.0223650908162,False
SOUTH SALINA STREET,477439764,340.0188730768241,340.0188730768241,False
HAWTHORNE STREET,477437049,339.9007042799312,339.9007042799312,False
FAYETTE BOULEVARD,477435498,339.8893666103053,339.8893666103053,False
NORTHCLIFFE ROAD,477430198,339.85658523521187,339.85658523521187,False
KIRK PARK DRIVE,477443419,339.5085489750985,339.5085489750985,False
MEADOWBROOK DRIVE,477437952,339.4197286569961,339.4197286569961,False
CLARENDON STREET,477438895,339.4062157422209,339.4062157422209,False
MASSENA STREET,477438802,339.36801137096165,339.36801137096165,False
GALE AVENUE,477432895,339.3211796975703,339.3211796975703,False
CLARENDON STREET,477438980,339.16992839696906,339.16992839696906,False
VALLEY DRIVE,477443845,339.1663361476811,339.1663361476811,False
SUMMIT AVENUE,477440795,339.1409159889865,339.1409159889865,False
GORDON AVENUE,477441453,339.13637733528,339.13637733528,False
SOUTH STATE STREET,477442807,339.03539448363927,339.03539448363927,False
SOUTH SALINA STREET,477443848,339.0185888903816,339.0185888903816,False
CATHERINE STREET,477433842,338.9608267498154,338.9608267498154,False
WILMORE PLACE,477427462,338.8918716041355,338.8918716041355,False
SCOTTHOLM BOULEVARD,504325253,338.8829245536821,338.8829245536821,False
EAST GENESEE STREET,477437414,338.67162371967606,338.67162371967606,False
EUCLID AVENUE,477439441,338.6348967789553,338.6348967789553,False
CROSSETT STREET,477441730,338.58028165873105,338.58028165873105,False
MEADOWBROOK DRIVE,477439878,338.5279426923538,338.5279426923538,False
CRESCENT AVENUE,477441545,338.46378121980615,338.46378121980615,False
ONONDAGA CREEK BOULEVARD,477443565,338.4592287754115,338.4592287754115,False
CALEB AVENUE,477431829,338.4388640126993,338.4388640126993,False
MEADOWBROOK DRIVE,477440895,338.43284708861484,338.43284708861484,False
THIRD AVENUE,477429633,338.3681027942431,338.3681027942431,False
LARNED STREET,477438062,338.35179561318415,338.35179561318415,False
STRATFORD STREET,477440119,338.29274600713524,338.29274600713524,False
WEST TAYLOR STREET,477438724,338.28870986876944,338.28870986876944,False
TEALL AVENUE,477431781,338.279861458366,338.279861458366,False
WILLIS AVENUE,504325335,338.21974389591026,338.21974389591026,False
LORRAINE AVENUE,477442443,338.202810559163,338.202810559163,False
FINEVIEW PLACE,477440174,338.1991901282693,338.1991901282693,False
CALEB AVENUE,477431420,338.1929527349338,338.1929527349338,False
STOLP AVENUE,477441164,338.1489476516129,338.1489476516129,False
CALEB AVENUE,477432074,337.9706308956123,337.9706308956123,False
LIBERTY STREET,477435461,337.9255644290885,337.9255644290885,False
EUCLID AVENUE,477439414,337.84183336505146,337.84183336505146,False
DUDLEY STREET,477440090,337.76872478665615,337.76872478665615,False
BEATTIE STREET,477436343,337.7409579110026,337.7409579110026,False
HANCOCK DRIVE,477442965,337.6959968493268,337.6959968493268,False
OAK PLACE,477432821,337.62935610090193,337.62935610090193,False
MEADOWBROOK DRIVE,477440859,337.59101754381965,337.59101754381965,False
ANDOVER ROAD,477441742,337.5856379414387,337.5856379414387,False
BARNES AVENUE,477444516,337.54959513446596,337.54959513446596,False
NORTH SALINA STREET,477432936,337.46756191843457,337.46756191843457,False
SOUTH SALINA STREET,477442517,337.43788650328577,337.43788650328577,False
SOUTH SALINA STREET,477442962,337.4069092278783,337.4069092278783,False
BROAD STREET,477440951,337.2967560421233,337.2967560421233,False
NORTHCLIFFE ROAD,477430284,337.21313108226667,337.21313108226667,False
CLARENDON STREET,477439001,337.1477208156736,337.1477208156736,False
STRATFORD STREET,477440092,337.11587707071214,337.11587707071214,False
STADIUM PLACE,477440137,337.04932545353296,337.04932545353296,False
WILLIS AVENUE,504325334,336.9837341095687,336.9837341095687,False
SOUTH SALINA STREET,477447254,336.86141415698086,336.86141415698086,False
SABINE STREET,477439156,336.70498213015634,336.70498213015634,False
EUCLID AVENUE,477439475,336.6032292700009,336.6032292700009,False
BURNET AVENUE,477433984,336.5588995320051,336.5588995320051,False
NORTHCLIFFE ROAD,477430384,336.55359688609155,336.55359688609155,False
DELAWARE STREET,477438393,336.51954815829407,336.51954815829407,False
EAST SENECA TURNPIKE,477445731,336.51408444327313,336.51408444327313,False
MEADOWBROOK DRIVE,477442388,336.5075109013112,336.5075109013112,False
BURNET AVENUE,477432274,336.5040438672917,336.5040438672917,False
SOUTH AVENUE,477439534,336.4625798285383,336.4625798285383,False
ETHEL STREET,477441620,336.4536290321445,336.4536290321445,False
FAYETTE BOULEVARD,477435474,336.4206918197076,336.4206918197076,False
NICHOLS AVENUE,477432121,336.4160582469223,336.4160582469223,False
MEADOWBROOK DRIVE,477442370,336.39566490214617,336.39566490214617,False
LATTER DRIVE,477446592,336.36844705318686,336.36844705318686,False
TRACY STREET,477435265,336.34730383536635,336.34730383536635,False
SOUTH MCBRIDE STREET,506986280,336.336295538793,336.336295538793,False
COUGHLIN AVENUE,477428879,336.27239898809034,336.27239898809034,False
GRANT BOULEVARD,477429060,336.2476125607105,336.2476125607105,False
MERTENS AVENUE,477429280,336.1909265895673,336.1909265895673,False
DESTINY USA DRIVE,600024761,336.1311549900263,336.1311549900263,False
DELAWARE STREET,477439571,336.09004428578373,336.09004428578373,False
BRADFORD PARKWAY,477438329,335.99815346922384,335.99815346922384,False
HERBST AVENUE,477432070,335.7484645563442,335.7484645563442,False
LODI STREET,477430734,335.7096779669574,335.7096779669574,False
STADIUM PLACE,477439881,335.6995387018337,335.6995387018337,False
WINDING RIDGE ROAD,477443958,335.6937841128992,335.6937841128992,False
VINE STREET,477431701,335.6462405930826,335.6462405930826,False
CLIFFSIDE DRIVE,477442920,335.63300287170904,335.63300287170904,False
EUCLID AVENUE,477439928,335.6191837940913,335.6191837940913,False
CARLTON DRIVE,504325286,335.6082767237108,335.6082767237108,False
LENNOX AVENUE,477439701,335.5163745227808,335.5163745227808,False
TWIN HILLS DRIVE,477442210,335.5157384119911,335.5157384119911,False
SLOCUM DRIVE,477443457,335.5145097453153,335.5145097453153,False
STOLP AVENUE,477441192,335.4589966809044,335.4589966809044,False
VALLEY DRIVE,477446096,335.455824199865,335.455824199865,False
GLENCOVE ROAD,477430684,335.3575945166984,335.3575945166984,False
RICH STREET,477439625,335.3431403340658,335.3431403340658,False
TYSON PLACE,477429409,335.32084191697425,335.32084191697425,False
CALEB AVENUE,477431905,335.1752101183831,335.1752101183831,False
LINCOLN AVENUE,477440266,335.0873406221819,335.0873406221819,False
THURBER STREET,477443330,335.0569078890006,335.0569078890006,False
TYSON PLACE,477429435,335.025648820543,335.025648820543,False
HAWLEY AVENUE,477433222,334.92617004039295,334.92617004039295,False
HOEFLER STREET,477440200,334.8198852201271,334.8198852201271,False
EASTWOOD ROAD,477429657,334.6842623803922,334.6842623803922,False
BURTEN STREET,477443300,334.6468608806156,334.6468608806156,False
BURNET AVENUE,477431681,334.64568046459294,334.64568046459294,False
NORTH AVENUE,477429602,334.5666056203145,334.5666056203145,False
HILLSBORO PLACE,477438037,334.4726379541382,334.4726379541382,False
CALEB AVENUE,477431048,334.4283786776477,334.4283786776477,False
BISHOP AVENUE,477443341,334.36757506874926,334.36757506874926,False
KLINE STREET,477429912,334.2899889559811,334.2899889559811,False
ARTHUR STREET,477439898,334.26163575313484,334.26163575313484,False
PATTISON STREET,477431927,334.21550620544855,334.21550620544855,False
BURNET AVENUE,477431567,334.19697407938776,334.19697407938776,False
ROWLAND STREET,477439860,334.1194287583244,334.1194287583244,False
DELL STREET,477437703,334.0811841204078,334.0811841204078,False
GLENWOOD AVENUE,477443196,333.94740692712224,333.94740692712224,False
HOWARD STREET,477433528,333.91097200399076,333.91097200399076,False
DAISY STREET,477439778,333.8922831266968,333.8922831266968,False
STOLP AVENUE,477441245,333.8844142461767,333.8844142461767,False
WEST STREET ARTERIAL SOUTHBOUND,477437504,333.8597136517965,333.8597136517965,False
ALMOND STREET,477435683,333.85897939606383,333.85897939606383,False
MOUNTAINVIEW AVENUE,477434875,333.81584406528407,333.81584406528407,False
SOUTH FRANKLIN STREET,477435613,333.7705069569267,333.7705069569267,False
MARTIN LUTHER KING WEST,477441116,333.6917039550593,333.6917039550593,False
PARK STREET,477431071,333.64683356445755,333.64683356445755,False
BROAD STREET,477441183,333.6173217859604,333.6173217859604,False
FORMAN AVENUE,477435692,333.4656825192018,333.4656825192018,False
VAN BUREN STREET,477439098,333.3837639143757,333.3837639143757,False
NORTH TOWNSEND STREET,477433467,333.3222654075743,333.3222654075743,False
SOUTH SALINA STREET,477446821,333.3024273410583,333.3024273410583,False
ROCKFORD DRIVE,477438397,333.1074768529088,333.1074768529088,False
EAST GENESEE STREET,477436236,333.1035571717502,333.1035571717502,False
NORTH STATE STREET,477433889,332.9160230238028,332.9160230238028,False
SOUTH SALINA STREET,477438459,332.8370640319479,332.8370640319479,False
HENRY STREET,477439901,332.74189982749033,332.74189982749033,False
GLENCOVE ROAD,477430873,332.72392704160103,332.72392704160103,False
KINNE STREET,477431845,332.60612655945647,332.60612655945647,False
HARBORSIDE DRIVE,600024757,332.5881692028974,332.5881692028974,False
LEMOYNE AVENUE,477427381,332.5246212456516,332.5246212456516,False
WINTON STREET,477432050,332.424599646058,332.424599646058,False
SOUTH AVERY AVENUE,477437274,332.3663887753238,332.3663887753238,False
COUGHLIN AVENUE,477428886,332.36396125212264,332.36396125212264,False
MIDLAND AVENUE,477442018,332.33915033863184,332.33915033863184,False
DUANE STREET,477440985,332.24735112668486,332.24735112668486,False
CRESTVIEW DRIVE,477446109,332.1852540408397,332.1852540408397,False
TALLMAN STREET,477439575,332.1771404807684,332.1771404807684,False
UNION PLACE,477430576,332.1426955869341,332.1426955869341,False
CANAL STREET,800041721,332.1331270130652,332.1331270130652,False
VAN RENSSELAER STREET,477435253,332.09852627038316,332.09852627038316,False
MIDLAND AVENUE,477442213,332.0745155562909,332.0745155562909,False
SCOTTHOLM BOULEVARD,504325251,332.053350171133,332.053350171133,False
SOUTH CLINTON STREET,477435618,331.9626505407361,331.9626505407361,False
EAST GENESEE STREET,477436677,331.90070352944724,331.90070352944724,False
SOUTH WARREN STREET,477435633,331.8861291923019,331.8861291923019,False
BRADFORD PARKWAY,477438342,331.8719729759326,331.8719729759326,False
CONGRESS AVENUE,477438410,331.8217321284206,331.8217321284206,False
WEST BRIGHTON AVENUE,477443325,331.78499719526695,331.78499719526695,False
SACKETT STREET,477435161,331.7837792345038,331.7837792345038,False
WESTMORELAND AVENUE,477440767,331.7391144971728,331.7391144971728,False
CANDEE AVENUE,477436300,331.68897395421516,331.68897395421516,False
GLENCOVE ROAD,477430844,331.68765283198496,331.68765283198496,False
ENGLEWOOD AVENUE,477445489,331.67509959095713,331.67509959095713,False
SOUTH MCBRIDE STREET,477435664,331.66101165238865,331.66101165238865,False
WEST STREET ARTERIAL NORTHBOUND,477435599,331.6046076855596,331.6046076855596,False
SOUTH SALINA STREET,477441916,331.5439157622605,331.5439157622605,False
GENANT DRIVE,477432846,331.50600292358826,331.50600292358826,False
CONGRESS AVENUE,477438685,331.472262269676,331.472262269676,False
ONEIDA STREET,477438257,331.4010864758192,331.4010864758192,False
MASSENA STREET,477439203,331.3970359571994,331.3970359571994,False
EAST RAYNOR AVENUE,477439616,331.37346118156904,331.37346118156904,False
NORTHCLIFFE ROAD,477430341,331.35970490748497,331.35970490748497,False
SOUTH GEDDES STREET,477441193,331.31553802091645,331.31553802091645,False
CALEB AVENUE,477431354,331.27806167519327,331.27806167519327,False
JEROME STREET,477440263,331.25989473457975,331.25989473457975,False
SOUTH GEDDES STREET,477438934,331.2538097646121,331.2538097646121,False
GLENCOVE ROAD,477430908,331.2035614989861,331.2035614989861,False
RUGBY ROAD,477430115,331.1797801058724,331.1797801058724,False
SOUTH WEST STREET,477437496,331.11718651558664,331.11718651558664,False
WEST STREET ARTERIAL NORTHBOUND,477437498,331.09969210256963,331.09969210256963,False
BURNET PARK DRIVE,477436500,331.09759501370075,331.09759501370075,False
CATHERINE STREET,477433029,331.09453606607894,331.09453606607894,False
VAN BUREN STREET,477439106,331.03465024602076,331.03465024602076,False
KLINE STREET,477429930,330.9766406635241,330.9766406635241,False
NORTHCLIFFE ROAD,477430355,330.94789759054197,330.94789759054197,False
EAST RAYNOR AVENUE,477439633,330.8379360377361,330.8379360377361,False
GLENCOVE ROAD,477430894,330.79155876321744,330.79155876321744,False
MARTIN LUTHER KING WEST,477441190,330.7886321593827,330.7886321593827,False
NIAGARA STREET,477437555,330.73544775291197,330.73544775291197,False
ALMOND STREET,477438362,330.69411294438015,330.69411294438015,False
LANDON AVENUE,477442024,330.68786670606517,330.68786670606517,False
SUNNYCREST ROAD,477431418,330.60610165774057,330.60610165774057,False
BOYDEN STREET,477431508,330.51977001570793,330.51977001570793,False
PINE STREET,477435724,330.51758978373533,330.51758978373533,False
BELLEVUE AVENUE,477440565,330.4979062349213,330.4979062349213,False
GREENWOOD PLACE,477438295,330.3970714225515,330.3970714225515,False
VINE STREET,477432330,330.36867562883305,330.36867562883305,False
HERKIMER STREET,477434318,330.3524344391625,330.3524344391625,False
SUNNYCREST ROAD,477431388,330.33055876456723,330.33055876456723,False
STANDART STREET,477439900,330.1072064796765,330.1072064796765,False
KINNE STREET,477431855,330.10390635165385,330.10390635165385,False
WOODLAWN TERRACE,477429507,330.07187267797264,330.07187267797264,False
SOUTH STATE STREET,477442323,330.0510545278797,330.0510545278797,False
RUGBY ROAD,477430111,330.02852422167405,330.02852422167405,False
JAMES STREET,477429833,329.90106611523606,329.90106611523606,False
SOUTH AVERY AVENUE,477439047,329.8972920729582,329.8972920729582,False
BEATTIE STREET,477436031,329.85504650936895,329.85504650936895,False
HIGHLAND STREET,477432370,329.82084191411803,329.82084191411803,False
LANDON AVENUE,477441840,329.80977025294214,329.80977025294214,False
NORTHCLIFFE ROAD,477430392,329.8047459530733,329.8047459530733,False
GLENCOVE ROAD,477430659,329.77421818918657,329.77421818918657,False
BARRETT STREET,477438567,329.7673642897207,329.7673642897207,False
PEAT STREET,477433255,329.76367162309566,329.76367162309566,False
TALLMAN STREET,477439500,329.6982361346643,329.6982361346643,False
KIMBER ROAD,800039168,329.695706711451,329.695706711451,False
NORTHCLIFFE ROAD,477430175,329.6897434650287,329.6897434650287,False
COLDBROOK DRIVE,477446604,329.67351588834885,329.67351588834885,False
EAST JEFFERSON STREET,477436223,329.6212250338909,329.6212250338909,False
SCOTTHOLM BOULEVARD,477437189,329.5704384651816,329.5704384651816,False
PROSPECT AVENUE,477433676,329.56759382414424,329.56759382414424,False
BURNET AVENUE,477432539,329.54842163924235,329.54842163924235,False
SOUTH CROUSE AVENUE,477435697,329.5319473775293,329.5319473775293,False
SOUTH AVENUE,477440015,329.49730127439926,329.49730127439926,False
SHONNARD STREET,477437892,329.4396843125669,329.4396843125669,False
SOUTH SALINA STREET,477435621,329.4280722151112,329.4280722151112,False
NORTH MCBRIDE STREET,477433251,329.39060757317844,329.39060757317844,False
EAST GENESEE STREET,477436585,329.3845179903893,329.3845179903893,False
CHARMOUTH DRIVE,477442997,329.3660509702201,329.3660509702201,False
DUDLEY STREET,477439751,329.3347354128282,329.3347354128282,False
SUNNYCREST ROAD,477431429,329.281886330559,329.281886330559,False
ANGELOU TERRACE,477437679,329.2815735181619,329.2815735181619,False
OSWEGO STREET,477437618,329.242823293184,329.242823293184,False
DUDLEY STREET,477439518,329.17660366760765,329.17660366760765,False
MARCELLUS STREET,477436650,329.1719726931027,329.1719726931027,False
GLENCOVE ROAD,477430646,329.1490185204038,329.1490185204038,False
MIDLAND AVENUE,477443035,329.1166277822884,329.1166277822884,False
MASSENA STREET,477439028,329.0927002556459,329.0927002556459,False
SUNNYCREST ROAD,477431409,329.0566981986119,329.0566981986119,False
SOUTH CLINTON STREET,477436184,329.0314933576005,329.0314933576005,False
KENSINGTON ROAD,477440713,329.00729974003565,329.00729974003565,False
SOUTH MCBRIDE STREET,477438457,328.99285201909106,328.99285201909106,False
OSWEGO STREET,477437934,328.9805026269443,328.9805026269443,False
KENSINGTON ROAD,477440660,328.95343500192536,328.95343500192536,False
EDGEWOOD AVENUE,477443644,328.92823167670167,328.92823167670167,False
LENNOX AVENUE,477439726,328.86770182706397,328.86770182706397,False
NORTHCLIFFE ROAD,477430187,328.850405282794,328.850405282794,False
BELLEVUE AVENUE,477440365,328.7934145237782,328.7934145237782,False
MASSENA STREET,510577034,328.7687615471724,328.7687615471724,False
GRANGER STREET,477437455,328.73452065708693,328.73452065708693,False
GRANT BOULEVARD,477429074,328.6871497085938,328.6871497085938,False
WOODLAND AVENUE,477441267,328.6232729845824,328.6232729845824,False
SOUTH TOWNSEND STREET,509997566,328.59387024500035,328.59387024500035,False
BALLANTYNE ROAD,477444536,328.5231960456708,328.5231960456708,False
MEADOWBROOK DRIVE,477441032,328.48389889193714,328.48389889193714,False
SOUTH MCBRIDE STREET,477439130,328.4584821399059,328.4584821399059,False
JAMESVILLE AVENUE,477443346,328.4435381720925,328.4435381720925,False
MAPLE STREET,477436646,328.3829507594923,328.3829507594923,False
WEST JEFFERSON STREET,477436175,328.38218731083225,328.38218731083225,False
EUCLID AVENUE,477439387,328.3531135496357,328.3531135496357,False
SUNSET AVENUE,477430812,328.35270035747465,328.35270035747465,False
SOUTH TOWNSEND STREET,509997571,328.24329641227865,328.24329641227865,False
HARRISON STREET,477436974,328.22351267037425,328.22351267037425,False
GLENCOVE ROAD,477430885,328.2076903806319,328.2076903806319,False
MERTENS AVENUE,477429291,328.1828272387132,328.1828272387132,False
HIAWATHA BOULEVARD WEST,600058795,328.14434136353253,328.14434136353253,False
HIGHRIDGE DRIVE,477441957,328.13657450682047,328.13657450682047,False
BROAD STREET,477441127,328.08590296609714,328.08590296609714,False
MARY STREET,477431113,328.0780661114266,328.0780661114266,False
SOUTH GEDDES STREET,477440956,327.82490757084145,327.82490757084145,False
GLENCOVE ROAD,477430670,327.75743207899893,327.75743207899893,False
WEST COLVIN STREET,477442742,327.731454719746,327.731454719746,False
KENSINGTON ROAD,477440728,327.6739894067717,327.6739894067717,False
IRVING AVENUE,477435996,327.62411944684305,327.62411944684305,False
UNIVERSITY AVENUE,477435701,327.6066254478652,327.6066254478652,False
WALNUT AVENUE,477435710,327.5945761858063,327.5945761858063,False
BURNET AVENUE,477431519,327.52377051346144,327.52377051346144,False
PLEASANTVIEW AVENUE,477429100,327.4268923492147,327.4268923492147,False
EAST ADAMS STREET,477437438,327.4025710430286,327.4025710430286,False
CHARMOUTH DRIVE,477442984,327.3422376087821,327.3422376087821,False
SEDGWICK DRIVE,477429671,327.3236874990198,327.3236874990198,False
NIAGARA STREET,477437866,327.30826643716506,327.30826643716506,False
LANCASTER AVENUE,477439368,327.2679964706161,327.2679964706161,False
NORTH GEDDES STREET,477435219,327.0051940556136,327.0051940556136,False
ONONDAGA CREEK BOULEVARD,477443823,326.98910964162025,326.98910964162025,False
KINNE STREET,477431866,326.95138535817154,326.95138535817154,False
WINTON STREET,477432297,326.86130258847487,326.86130258847487,False
NORTHCLIFFE ROAD,477430372,326.833438246005,326.833438246005,False
FARMER STREET,477430789,326.82393749613084,326.82393749613084,False
SOUTH AVENUE,477444045,326.8222583347174,326.8222583347174,False
ARTHUR STREET,477441200,326.7587561060242,326.7587561060242,False
JEROME STREET,477440238,326.72177334029885,326.72177334029885,False
HAWLEY AVENUE,477433132,326.72076610933465,326.72076610933465,False
WEST GLEN AVENUE,477445318,326.6874271355648,326.6874271355648,False
PARK STREET,477431072,326.67882396921,326.67882396921,False
PARK STREET,477430528,326.633258755319,326.633258755319,False
MONTGOMERY STREET,477435641,326.56058706983214,326.56058706983214,False
SCOVILLE AVENUE,477429689,326.49755036935073,326.49755036935073,False
FAYETTE BOULEVARD,477435497,326.4780437848526,326.4780437848526,False
CRADDOCK STREET,477442868,326.4391963908846,326.4391963908846,False
ARTHUR STREET,477440973,326.43615344694604,326.43615344694604,False
SOUTH STATE STREET,477439424,326.41194935435027,326.41194935435027,False
BELLEVUE AVENUE,477440310,326.3864663725792,326.3864663725792,False
HIGHLAND STREET,477431691,326.3433157733413,326.3433157733413,False
STRATFORD STREET,477440061,326.26677938638403,326.26677938638403,False
LYNCH AVENUE,477443934,326.2605477060707,326.2605477060707,False
ONEIDA STREET,477439014,326.2454574062824,326.2454574062824,False
LYNCH AVENUE,477443951,325.948403083415,325.948403083415,False
VALLEY VIEW DRIVE,800039456,325.9244800114376,325.9244800114376,False
WEST COLVIN STREET,477442681,325.90565973732566,325.90565973732566,False
MARYLAND AVENUE,477439329,325.8922751750864,325.8922751750864,False
GLENWOOD AVENUE,477443219,325.80108009293497,325.80108009293497,False
EAST GENESEE STREET,477437354,325.7772004356291,325.7772004356291,False
WOODRUFF AVENUE,477429895,325.71251508668905,325.71251508668905,False
MIDLAND AVENUE,477443817,325.6371696172752,325.6371696172752,False
MOORE AVENUE,477442245,325.62460267135,325.62460267135,False
WEST COLVIN STREET,477442725,325.5981422541088,325.5981422541088,False
STOLP AVENUE,477441223,325.56411725090766,325.56411725090766,False
VALLEY DRIVE,477443599,325.51624130944424,325.51624130944424,False
NORTHCLIFFE ROAD,477430320,325.4305285647234,325.4305285647234,False
MIDLAND AVENUE,477444174,325.3615258821626,325.3615258821626,False
GLENWOOD AVENUE,477443200,325.2876346862051,325.2876346862051,False
STERLING AVENUE,477440758,325.1424218681938,325.1424218681938,False
SOUTH STATE STREET,477435648,325.1269800138963,325.1269800138963,False
BANK ALLEY,477435627,325.0568305827742,325.0568305827742,False
WOLCOTT AVENUE,477441246,324.84075593334677,324.84075593334677,False
PARRISH LANE,477447245,324.7721355871875,324.7721355871875,False
ROBINSON STREET,477432231,324.5047834655317,324.5047834655317,False
HAWLEY AVENUE,477433188,324.49635061020615,324.49635061020615,False
EASTVIEW AVENUE,477441591,324.410789650134,324.410789650134,False
DUANE STREET,477441213,324.4007698356507,324.4007698356507,False
GRANT AVENUE,477440793,324.2390069278315,324.2390069278315,False
WALTON STREET,477435893,324.0684148529805,324.0684148529805,False
CRESTVIEW DRIVE,477445848,324.0361225695364,324.0361225695364,False
BURNET AVENUE,477433067,323.8797295321222,323.8797295321222,False
GLENCOVE ROAD,477430770,323.85906166599875,323.85906166599875,False
CALVIN ROAD,477442835,323.85593066887304,323.85593066887304,False
OAK STREET,477431272,323.64274141389944,323.64274141389944,False
PARK STREET,477431033,323.6211313947063,323.6211313947063,False
ELSNER STREET,477429894,323.37426595415184,323.37426595415184,False
FLORAL PARKWAY,477445714,323.3675964886662,323.3675964886662,False
MCLENNAN AVENUE,477441895,323.33286981105823,323.33286981105823,False
BELLEVUE AVENUE,477440291,323.1475085284718,323.1475085284718,False
KENWOOD AVENUE,477427741,323.14038392046183,323.14038392046183,False
SHUART AVENUE,477431839,323.1090135843807,323.1090135843807,False
ELLIOTT STREET,477439859,322.98225894123647,322.98225894123647,False
THURBER STREET,477443326,322.93815400898836,322.93815400898836,False
WINKWORTH PARKWAY,477442529,322.9366797336798,322.9366797336798,False
HUTCHINSON AVENUE,477443786,322.7441180376677,322.7441180376677,False
MERTENS AVENUE,477429375,322.6526603153099,322.6526603153099,False
RICHMOND AVENUE,477435196,322.5717895685552,322.5717895685552,False
ELMHURST AVENUE,477443049,322.45950568557157,322.45950568557157,False
SUNNYSIDE ROAD,477438957,322.42850947518,322.42850947518,False
BOYDEN STREET,477431494,322.37183870530737,322.37183870530737,False
LIBERTY STREET,477435705,322.30713981729053,322.30713981729053,False
HERBERT STREET,477430275,322.2284139065872,322.2284139065872,False
WEST COLVIN STREET,477442278,322.15182575951565,322.15182575951565,False
MEADOWBROOK DRIVE,477440802,322.0465541773172,322.0465541773172,False
HARTSON STREET,477439478,321.9469902225432,321.9469902225432,False
CARLTON DRIVE,477437232,321.8484708617146,321.8484708617146,False
ROWLAND STREET,477439661,321.846453292746,321.846453292746,False
GRAND AVENUE,477438841,321.7607244838933,321.7607244838933,False
CHARMOUTH DRIVE,477443004,321.6350245888468,321.6350245888468,False
SOUTH TOWNSEND STREET,509997031,321.61894745046453,321.61894745046453,False
ERIE BOULEVARD EAST,477434835,321.5171850274147,321.5171850274147,False
MERTENS AVENUE,477429299,321.49792149384524,321.49792149384524,False
ARGYLE TERRACE,477442085,321.30737067518675,321.30737067518675,False
STINARD AVENUE,477442946,321.28646394925926,321.28646394925926,False
CROTON TERRACE,477439955,321.27773936012403,321.27773936012403,False
GRANT BOULEVARD,477429359,321.1992762553296,321.1992762553296,False
ARDEN DRIVE,477442964,321.16013706420426,321.16013706420426,False
HELEN STREET,477429875,321.1520420464631,321.1520420464631,False
WEST ONONDAGA STREET,477440192,321.1013873199606,321.1013873199606,False
SEARLWYN ROAD,477446807,321.0728278940298,321.0728278940298,False
OAK STREET,477429886,321.0585183636222,321.0585183636222,False
SCOVILLE AVENUE,477429721,321.00731756224167,321.00731756224167,False
HARTSON STREET,477439446,320.98385607953725,320.98385607953725,False
HUNT AVENUE,477443174,320.96732778421017,320.96732778421017,False
SALT SPRINGS ROAD,477436651,320.92844509580135,320.92844509580135,False
EDGEWOOD AVENUE,477443754,320.8543480976685,320.8543480976685,False
HOLMES STREET,477443611,320.8371547495954,320.8371547495954,False
HUTCHINSON AVENUE,477443776,320.79538004678676,320.79538004678676,False
PARK STREET,477431096,320.7676804849616,320.7676804849616,False
WEST JEFFERSON STREET,477436316,320.76028038755857,320.76028038755857,False
HAZELWOOD AVENUE,477434417,320.6826962876436,320.6826962876436,False
LODI STREET,477431322,320.6106886959425,320.6106886959425,False
DARLINGTON ROAD EAST,477427810,320.5587956053686,323.0211107031845,True
BEATTIE STREET,477435721,320.5346815295183,320.5346815295183,False
ERIE BOULEVARD EAST,477435210,320.51012461970265,320.51012461970265,False
EAST FAYETTE STREET,477435698,320.43243283481524,320.43243283481524,False
GRANT BOULEVARD,477429087,320.19347692615423,320.19347692615423,False
SOUTH TOWNSEND STREET,509997029,320.17967587754407,320.17967587754407,False
TIOGA STREET,477437086,320.1200680479736,320.1200680479736,False
GENESEE PARK DRIVE,477437185,319.98729597853566,319.98729597853566,False
WEST DIVISION STREET,477432428,319.7332508879445,319.7332508879445,False
EAST GENESEE STREET,477436276,319.72524352957817,319.72524352957817,False
HIGHLAND STREET,477431324,319.65533875607633,319.65533875607633,False
ROWLAND STREET,477439643,319.653250468196,319.653250468196,False
FLETCHER AVENUE,477443762,319.635406922971,319.635406922971,False
HILLSIDE STREET,477427578,319.6012854046044,321.05659588836,True
SOUTH STATE STREET,513530293,319.49382252291747,319.49382252291747,False
WILLIS AVENUE,477432102,319.49280837470155,319.49280837470155,False
SOUTH STATE STREET,477442626,319.4543035297787,319.4543035297787,False
MANOR DRIVE,477438218,319.39733002992136,319.39733002992136,False
SUNNYCREST ROAD,477431308,319.3964413809314,319.3964413809314,False
ALLEN STREET,477438314,319.37631898217757,319.37631898217757,False
VIEAU DRIVE,477441058,319.2275866157246,319.2275866157246,False
CALEB AVENUE,477431596,319.181489515129,319.181489515129,False
HAWTHORNE STREET,477437067,319.1548061234638,319.1548061234638,False
JOHN STREET,477430227,319.08716655801845,319.08716655801845,False
MADISON STREET,477436643,319.0860673472383,319.0860673472383,False
LEAVENWORTH AVENUE,477435266,319.0742597964666,319.0742597964666,False
THAYER STREET,477443827,318.90378727579946,318.90378727579946,False
LODI STREET,477432194,318.89974439330075,318.89974439330075,False
COURT STREET,477430536,318.8842281897076,318.8842281897076,False
MONTANA STREET,477439919,318.76939325754375,318.76939325754375,False
EUCLID AVENUE,477439268,318.7362613159151,318.7362613159151,False
DEWITT STREET,477429865,318.6517272911317,318.6517272911317,False
MONTGOMERY STREET,477435373,318.59698960217975,318.59698960217975,False
VALLEY DRIVE,800091492,318.44933316042557,318.44933316042557,False
WEST COLVIN STREET,477442663,318.43915474810245,318.43915474810245,False
SOUTH SALINA STREET,477443374,318.377403287773,318.377403287773,False
SOUTH SALINA STREET,477444124,318.3328597120478,318.3328597120478,False
EAST LAFAYETTE AVENUE,513531417,318.1712285285468,318.1712285285468,False
FELLOWS AVENUE,477439920,318.1434445089717,318.1434445089717,False
MIDLAND AVENUE,477443454,318.0916455682401,318.0916455682401,False
MILFORD DRIVE EAST,477430100,318.04326272336067,318.04326272336067,False
SALT SPRINGS ROAD,482660130,317.9692008861172,317.9692008861172,False
HUNT AVENUE,477442647,317.8532535109252,317.8532535109252,False
GLENCOVE ROAD,477430828,317.84951582837846,317.84951582837846,False
MCDONALD ROAD,477443392,317.79277008828404,317.79277008828404,False
LYNCH AVENUE,477443940,317.7235108510036,317.7235108510036,False
MARKET STREET,477435376,317.6710068025814,317.6710068025814,False
ROWLAND STREET,477439683,317.6581962591533,317.6581962591533,False
JAMES STREET,477429798,317.58771335542,317.58771335542,False
ALBERT ROAD,477436293,317.5543826602277,317.5543826602277,False
SOUTH SALINA STREET,477446276,317.42564245020594,317.42564245020594,False
WEST OSTRANDER AVENUE,477444064,317.41002817268327,317.41002817268327,False
EAST GENESEE STREET,477436455,317.3833079545357,317.3833079545357,False
GRANT AVENUE,482659672,317.3764734539292,317.3764734539292,False
ACADEMY STREET,477446011,317.3306280670591,317.3306280670591,False
STERLING AVENUE,477440776,317.29706646839145,317.29706646839145,False
MARYLAND AVENUE,477439081,317.2510906368166,317.2510906368166,False
BELLEVUE AVENUE,477440323,317.2485558698685,317.2485558698685,False
MOUNTAINVIEW AVENUE,477434848,317.2302569315523,317.2302569315523,False
BURNET AVENUE,477431955,317.2048942965975,317.2048942965975,False
SAILE STREET,477429403,317.19782737666833,317.19782737666833,False
ARNOLD AVENUE,477443927,317.08782688929205,317.08782688929205,False
BURT STREET,477438963,316.9756503638512,316.9756503638512,False
SOUTH STATE STREET,477435381,316.9605277064801,316.9605277064801,False
SOUTH SALINA STREET,477442649,316.9590032951922,316.9590032951922,False
MELROSE AVENUE,504325544,316.8728446579601,316.8728446579601,False
ROCKLAND AVENUE,477442510,316.868869616322,316.868869616322,False
BROAD STREET,477441110,316.8646836974016,316.8646836974016,False
COLDBROOK DRIVE,477447074,316.83838243690866,316.83838243690866,False
OSWEGO BOULEVARD,477434873,316.74135678166306,316.74135678166306,False
MIDLAND AVENUE,477443703,316.7245576594894,316.7245576594894,False
POND STREET,477429107,316.5482089717592,316.5482089717592,False
CANNON STREET,477443423,316.49890624238003,316.49890624238003,False
OAKWOOD AVENUE,477453877,316.46846058020043,316.46846058020043,False
WEST WATER STREET,512620141,316.32165380272204,316.32165380272204,False
LATTER DRIVE,477446409,316.3135026991022,316.3135026991022,False
WEST COLVIN STREET,477442657,316.30592001480574,316.30592001480574,False
HARVARD PLACE,477437831,316.2707026699708,316.2707026699708,False
WESTCOTT STREET,477438096,316.23257786552904,316.23257786552904,False
ALMOND STREET,477437407,316.1853528099176,316.1853528099176,False
CARLTON DRIVE,477437507,316.1410844736492,316.1410844736492,False
CORTLAND AVENUE,477441344,316.1302516488513,316.1302516488513,False
COLDBROOK DRIVE,477446417,316.08920315912195,316.08920315912195,False
EAST FAYETTE STREET,477435754,316.0790077355528,316.0790077355528,False
HAWLEY AVENUE,477433819,316.05448569093664,316.05448569093664,False
BROOKLEA DRIVE,477446558,316.00810594209173,316.00810594209173,False
MELROSE AVENUE,504325547,315.9770013622066,315.9770013622066,False
WALNUT AVENUE,477435456,315.93012062949055,315.93012062949055,False
CALEB AVENUE,477431772,315.85829761276443,315.85829761276443,False
COMMONWEALTH AVENUE,477429370,315.84374204350183,315.84374204350183,False
WEST ONONDAGA STREET,477440199,315.8304156676259,315.8304156676259,False
JULIAN PLACE,477443039,315.80942976298536,315.80942976298536,False
DAKOTA STREET,477440530,315.37316251028693,315.37316251028693,False
EAST KENNEDY STREET,477440946,315.35008186326763,315.35008186326763,False
CANDEE AVENUE,477435971,315.33923331311445,315.33923331311445,False
ALLEN STREET,477438065,315.2273967343868,315.2273967343868,False
WILKINSON STREET,477434924,315.20119464224763,315.20119464224763,False
BURNET AVENUE,477431641,315.0748804572786,315.0748804572786,False
SMITH STREET,477434738,315.06178227360397,315.06178227360397,False
CURTIS STREET,477430360,315.0431232696817,315.0431232696817,False
COSSITT STREET,477446302,315.01470471574,315.01470471574,False
CLEVELAND AVENUE,477429878,314.67756243123245,314.67756243123245,False
UNIVERSITY AVENUE,477435452,314.64268768381845,314.64268768381845,False
GRANT BOULEVARD,477428869,314.6350607787823,314.6350607787823,False
EAST CHAFFEE AVENUE,477446184,314.62759456680556,314.62759456680556,False
SOUTH CROUSE AVENUE,477435441,314.4898860160994,314.4898860160994,False
THAYER STREET,477443821,314.48090637148385,314.48090637148385,False
MIDLAND AVENUE,477438500,314.3956909724721,314.3956909724721,False
SALT SPRINGS ROAD,477436692,314.39122905804356,314.39122905804356,False
BELLEVUE AVENUE,477441004,314.38630911477924,314.38630911477924,False
GRAND AVENUE,477438903,314.3815740903365,314.3815740903365,False
ESSEX STREET,477433425,314.1508702599099,314.1508702599099,False
DAKIN STREET,477435019,314.08274770263614,314.08274770263614,False
SOUTH SALINA STREET,477435349,314.05792924000247,314.05792924000247,False
EUCLID AVENUE,477439247,313.9564954813674,313.9564954813674,False
LODI STREET,477431507,313.92479199375464,313.92479199375464,False
SOUTH SALINA STREET,477446431,313.92291539882956,313.92291539882956,False
BURNET AVENUE,477431874,313.8602926809328,313.8602926809328,False
SOUTH WEST STREET,477437059,313.8126021654965,313.8126021654965,False
HIER AVENUE,477430292,313.8121444475417,313.8121444475417,False
SOUTH ALVORD STREET,477431620,313.77090687929075,313.77090687929075,False
FORMAN AVENUE,477435420,313.7454024585057,313.7454024585057,False
PARK AVENUE,477434354,313.7406707865454,313.7406707865454,False
TALLMAN STREET,477439682,313.7184683629145,313.7184683629145,False
PEARL STREET,477433282,313.54513340354936,313.54513340354936,False
EAST BORDEN AVENUE,477441639,313.47151064571773,313.47151064571773,False
NORTH AVENUE,477429037,313.39682937174337,313.39682937174337,False
SMITH STREET,477433988,313.27198843204695,313.27198843204695,False
VELASKO ROAD,477441480,313.12132074395174,313.12132074395174,False
PINE STREET,477435471,313.060857988916,313.060857988916,False
WAVERLY AVENUE,477438133,312.97994008273537,312.97994008273537,False
HARBORSIDE DRIVE,600058801,312.9550028760726,312.9550028760726,False
REMINGTON AVENUE,477443948,312.9348822885217,312.9348822885217,False
SOUTH GEDDES STREET,477440477,312.86479387822277,312.86479387822277,False
MIDLAND AVENUE,477442803,312.8081736635021,312.8081736635021,False
SOUTH AVENUE,477439779,312.8076186775997,312.8076186775997,False
EAST FAYETTE STREET,477435735,312.7206502290579,312.7206502290579,False
LISTMAN AVENUE,477428686,312.68543267765386,312.68543267765386,False
HUNT AVENUE,477443329,312.6540003528745,312.6540003528745,False
PARK AVENUE,477434437,312.64900259341135,312.64900259341135,False
SOUTH WILBUR AVENUE,477436096,312.4022794549846,312.4022794549846,False
EAST COLVIN STREET,477442410,312.38112448772955,312.38112448772955,False
JOHN STREET,477430561,312.3550346121791,312.3550346121791,False
PARK AVENUE,800048668,312.1103016113685,312.1103016113685,False
ALLEN STREET,477438642,311.95034711422795,311.95034711422795,False
MONTANA STREET,477439905,311.9317685309639,311.9317685309639,False
COLDBROOK DRIVE,477446503,311.8982132782236,311.8982132782236,False
FOREST HILL DRIVE,477430046,311.87116070801295,311.87116070801295,False
WEST GENESEE STREET,477434371,311.8316156343483,311.8316156343483,False
EAST BORDEN AVENUE,477441613,311.7710834733165,311.7710834733165,False
WADSWORTH STREET,477428436,311.7532787785576,311.7532787785576,False
EAST DIVISION STREET,477430493,311.75142588637556,311.75142588637556,False
EMERSON AVENUE,477434948,311.74674948806825,311.74674948806825,False
GARFIELD AVENUE,477441968,311.70918394963036,311.70918394963036,False
DAKIN STREET,477435032,311.5730361880556,311.5730361880556,False
CRIPPEN AVENUE,477445562,311.52253269534924,311.52253269534924,False
ALMOND STREET,477435414,311.3031886098135,311.3031886098135,False
JAMES STREET,477430718,311.2546392598875,311.2546392598875,False
BEAUMONT PLACE,477436756,311.2232922828621,311.2232922828621,False
HIAWATHA BOULEVARD WEST,508421444,311.1842068321715,311.1842068321715,False
LATTER DRIVE,477446497,311.0943665126385,311.0943665126385,False
STERLING AVENUE,477440812,311.07272586934204,311.07272586934204,False
SOUTH BEECH STREET,477437729,311.06910380008145,311.06910380008145,False
SCOVILLE AVENUE,477429735,311.0292437388497,311.0292437388497,False
COLDBROOK DRIVE,477446808,310.9186510120715,310.9186510120715,False
HUNT AVENUE,477443435,310.89930550866853,310.89930550866853,False
LEMOYNE AVENUE,477427991,310.87123270493265,310.87123270493265,False
BISHOP AVENUE,477443450,310.79070546307423,310.79070546307423,False
EAST GENESEE STREET,477436026,310.7841650517547,310.7841650517547,False
WILKINSON STREET,477434938,310.6929235848393,310.6929235848393,False
SMITH STREET,477434313,310.6880274301059,310.6880274301059,False
AUDUBON PARKWAY,477434849,310.6865043255397,310.6865043255397,False
SWEETING STREET,477429477,310.6834459523484,310.6834459523484,False
SUNNYCREST ROAD,477431377,310.6583165833917,310.6583165833917,False
LANCASTER AVENUE,477439128,310.6166220393884,310.6166220393884,False
MERTENS AVENUE,477429390,310.5473095903568,310.5473095903568,False
AUDUBON PARKWAY,477434853,310.5219768849953,310.5219768849953,False
EAST GENESEE STREET,477436624,310.48510480995134,310.48510480995134,False
SOUTH SALINA STREET,477444468,310.4476243279348,310.4476243279348,False
BROAD STREET,477440980,310.40505402820315,310.40505402820315,False
PARK AVENUE,477434338,310.3942620376758,310.3942620376758,False
STERLING AVENUE,477440791,310.3189469934509,310.3189469934509,False
STEDMAN STREET,477427870,310.30427861305736,310.30427861305736,False
ELMHURST AVENUE,477443058,310.2931079081827,310.2931079081827,False
SOUTH CLINTON STREET,477435344,310.26312287371474,310.26312287371474,False
NORTH STATE STREET,477430579,310.25640957172163,310.25640957172163,False
LIME STREET,477434044,310.11368535804826,310.11368535804826,False
BURNET AVENUE,477432191,309.9924760770688,309.9924760770688,False
OAK LEAF DRIVE,800098397,309.95338370167286,309.95338370167286,False
MARTIN LUTHER KING EAST,800034171,309.89098225783295,309.89098225783295,False
WADSWORTH STREET,477427483,309.8570764715405,309.8570764715405,False
SOUTH GEDDES STREET,477437360,309.8083772529674,309.8083772529674,False
CHEMUNG STREET,477432737,309.6253121082329,309.6253121082329,False
SKYTOP ROAD,477443030,309.48993568263836,309.48993568263836,False
SOUTH TOWNSEND STREET,509997477,309.4581356271007,309.4581356271007,False
EAST GENESEE STREET,800048330,309.4362681408362,309.4362681408362,False
BELLEVUE AVENUE,477440349,309.3546791113097,309.3546791113097,False
FOREST HILL DRIVE,477430048,309.3538558843978,309.3538558843978,False
CHENEY STREET,477441201,309.11192437316606,309.11192437316606,False
SUNNYCREST ROAD,477431335,309.10969651549976,309.10969651549976,False
EAST RAYNOR AVENUE,477439645,309.10446127239544,309.10446127239544,False
SALT SPRINGS ROAD,477435993,309.0652562377816,309.0652562377816,False
SOUTH SALINA STREET,477446918,309.06521432119604,309.06521432119604,False
EUCLID AVENUE,477439283,308.96525385479714,308.96525385479714,False
SOUTH BEECH STREET,477437970,308.9586115688812,308.9586115688812,False
LACY PLACE,477429483,308.9456827818997,308.9456827818997,False
SOUTH AVENUE,477444646,308.9175981409239,352.6459426704668,True
SOUTH BEECH STREET,477436428,308.8988103125658,308.8988103125658,False
CRAFTON AVENUE,477446749,308.8383876509056,308.8383876509056,False
EUCLID AVENUE,477439911,308.81292886014734,308.81292886014734,False
STERLING AVENUE,477440796,308.7306153924001,308.7306153924001,False
COUGHLIN AVENUE,477428933,308.7100396860529,308.7100396860529,False
CALEB AVENUE,477431513,308.6505991977264,308.6505991977264,False
HERBERT STREET,477429939,308.5779871093671,308.5779871093671,False
LIME STREET,477434390,308.5254318181591,308.5254318181591,False
BELLEVUE AVENUE,477440338,308.45189100599237,308.45189100599237,False
CRAWFORD AVENUE,800048221,308.4465524216317,308.4465524216317,False
LEMOYNE AVENUE,477427011,308.4184164093871,308.4184164093871,False
SEDGWICK DRIVE,477429843,308.1588503914153,308.1588503914153,False
SCHUYLER STREET,477435142,307.80544178559774,307.80544178559774,False
BROOKLEA DRIVE,477446572,307.7968734725507,307.7968734725507,False
WEST WASHINGTON STREET,477435378,307.7833476901739,307.7833476901739,False
EAST COLVIN STREET,477442181,307.6079373155539,307.6079373155539,False
LIME STREET,477434824,307.5747753610128,307.5747753610128,False
HARVARD PLACE,477437795,307.36493534609997,307.36493534609997,False
EAST FAYETTE STREET,800037810,307.32076828854133,307.32076828854133,False
WEST WILLOW STREET,477434149,307.3007038911011,307.3007038911011,False
TAFT AVENUE,477429040,307.2104637442951,307.2104637442951,False
WEST COLVIN STREET,477442752,307.19908113109653,307.19908113109653,False
IRVING AVENUE,477436443,307.16897137085124,307.16897137085124,False
BOYDEN STREET,477431593,307.0199366123359,307.0199366123359,False
MORTON STREET,477433648,306.92505174128803,306.92505174128803,False
DEMONG DRIVE,477436272,306.8860036942554,306.8860036942554,False
JAMES STREET,477429768,306.78313601213705,306.78313601213705,False
HOPE AVENUE,477443203,306.77637757027134,306.77637757027134,False
WHEATON ROAD,800039447,306.63927512496286,306.63927512496286,False
EAST GENESEE STREET,477436705,306.31843153894636,306.31843153894636,False
CRAIG STREET,477429347,306.2337904923431,306.2337904923431,False
UNIVERSITY AVENUE,477436269,306.1928659879723,306.1928659879723,False
NORTH SALINA STREET,477430825,306.1662599341688,306.1662599341688,False
CALVIN ROAD,477442871,306.1545850919506,306.1545850919506,False
CHENEY STREET,477441214,306.11030299872755,306.11030299872755,False
ACADEMY PLACE,477446745,305.8912527324186,305.8912527324186,False
HILLSIDE STREET,477427983,305.8811521532346,305.8811521532346,False
GREENWOOD PLACE,477438601,305.79090704306174,305.79090704306174,False
SOUTH SALINA STREET,477438074,305.7199743840224,305.7199743840224,False
SOUTH WEST STREET,477435492,305.7187265633525,305.7187265633525,False
NIAGARA STREET,477437250,305.6432172471408,305.6432172471408,False
FARMER STREET,477430798,305.498343611548,305.498343611548,False
WILLUMAE DRIVE,477428274,305.48570170249513,305.48570170249513,False
WILLUMAE DRIVE,477428292,305.3868189883096,305.3868189883096,False
HERTFORD STREET,477441566,305.3356335726482,305.3356335726482,False
JAMES STREET,800031006,305.2994853435521,305.2994853435521,False
WEST LAFAYETTE AVENUE,477443418,305.2801339161118,305.2801339161118,False
RIEGEL STREET,477433254,305.2649127094845,305.2649127094845,False
SOUTH SALINA STREET,477444880,305.2434909888859,305.2434909888859,False
HAZELWOOD AVENUE,477434461,305.22667893117966,305.22667893117966,False
THAYER STREET,477443832,305.08879219180903,305.08879219180903,False
BOYDEN STREET,477431700,305.0470943260902,305.0470943260902,False
ARDEN DRIVE,477442948,304.9879968432785,304.9879968432785,False
MARTIN LUTHER KING WEST,477440989,304.9603977007478,304.9603977007478,False
DUPLI PARK DRIVE,600009003,304.6783245327206,304.6783245327206,False
GEORGE STREET,477429777,304.5088886962805,304.5088886962805,False
CLARKE STREET,477438641,304.3039666162869,304.3039666162869,False
LANCASTER PLACE,477441805,304.268914025029,304.268914025029,False
WEST GENESEE STREET,508421631,304.2043021266272,304.2043021266272,False
MILFORD COURT,477429971,304.0993458757618,304.0993458757618,False
MEADOWBROOK DRIVE,477439639,304.087000841676,304.087000841676,False
WADSWORTH STREET,477429285,304.0357129016461,304.0357129016461,False
HASTINGS PLACE,477430974,303.88307422941097,303.88307422941097,False
SOUTH SALINA STREET,477445661,303.8276415091256,303.8276415091256,False
MIDLAND AVENUE,477443921,303.7810261760521,303.7810261760521,False
TURTLE STREET,477428254,303.7324227849187,303.7324227849187,False
LILLIAN AVENUE,477429845,303.7087023361023,303.7087023361023,False
DURSTON AVENUE,800039445,303.6938304057428,303.6938304057428,False
EAST SENECA TURNPIKE,477445835,303.55288286744354,303.55288286744354,False
HIGHLAND STREET,477429316,303.48768630619884,303.48768630619884,False
SPENCER STREET,477431657,303.4566033097602,303.4566033097602,False
THOMPSON ROAD,477430079,303.36885293423103,306.58566005730836,True
BUTTERNUT STREET,477428483,303.24346900541616,303.24346900541616,False
ONONDAGA AVENUE,477442380,303.1339775382469,303.1339775382469,False
FIRST NORTH STREET,477429531,302.9895450166125,302.9895450166125,False
NORTH BEECH STREET,477434445,302.93086546266767,302.93086546266767,False
GLENWOOD AVENUE,477441952,302.6196231223596,302.6196231223596,False
ULSTER STREET,477436325,302.5021374592559,302.5021374592559,False
IRVING AVENUE,600063814,302.50027647957626,302.50027647957626,False
TURTLE STREET,477430396,302.4061485314144,302.4061485314144,False
MAINS AVENUE,477445056,302.07677917370535,302.07677917370535,False
CANNON STREET,477442829,302.0074737283975,302.0074737283975,False
SLOCUM AVENUE,477438259,301.78481911365935,301.78481911365935,False
GRANT BOULEVARD,477429185,301.75521408390694,301.75521408390694,False
SEDGWICK DRIVE,477429837,301.6268573922068,301.6268573922068,False
WADSWORTH STREET,477427577,301.5430200307652,301.5430200307652,False
GRANT BOULEVARD,477429052,301.53478808146804,301.53478808146804,False
BROAD STREET,477441168,301.4711480439378,301.4711480439378,False
SHIRLEY DRIVE,477444662,301.3219702990172,301.3219702990172,False
EUCLID AVENUE,477439286,301.25242007795595,301.25242007795595,False
ULSTER STREET,477436493,300.976477204671,300.976477204671,False
HARFORD ROAD,477427175,300.8383853823526,300.8383853823526,False
ELLIOTT STREET,477439870,300.80241842299307,300.80241842299307,False
CALEB AVENUE,477432134,300.79998530533993,300.79998530533993,False
WILKIE PLACE,477429606,300.70730656651597,300.70730656651597,False
CADILLAC STREET,477427920,300.42837247353685,300.42837247353685,False
PARKWAY DRIVE,477442453,300.354586718749,300.354586718749,False
TRACY STREET,800032556,300.11727029149284,300.11727029149284,False
EAST BRIGHTON AVENUE,513531414,299.9027507833855,299.9027507833855,False
MAPLE STREET,477435739,299.28892323230997,299.28892323230997,False
TECUMSEH STREET,477441890,299.2229176061481,299.2229176061481,False
SOUTH BEECH STREET,477435733,299.20422655425006,299.20422655425006,False
TOMPKINS STREET,477436622,299.06860682772236,299.06860682772236,False
BROAD STREET,477441042,299.0613848997343,299.0613848997343,False
SOUTH AVENUE,477442031,298.95960022831116,298.95960022831116,False
CADILLAC STREET,477427782,298.84280356228066,298.84280356228066,False
LOMBARD AVENUE,506021456,298.8132572886169,298.8132572886169,False
BENDER STREET,477428319,298.7758209340166,298.7758209340166,False
CARBON STREET,477430276,298.7628145885977,298.7628145885977,False
DRISCOLL AVENUE,477434019,298.67193325172104,298.67193325172104,False
SPRINGFIELD ROAD,477434737,298.5206953718973,298.5206953718973,False
SOUTH SALINA STREET,477443464,298.3611040638259,298.3611040638259,False
WILLIS AVENUE,477432302,298.3488039662882,298.3488039662882,False
HIGHLAND STREET,477431491,298.34665601936894,298.34665601936894,False
MERTENS AVENUE,477429266,298.3367913158051,298.3367913158051,False
SOUTH GEDDES STREET,477439819,298.17310623619267,298.17310623619267,False
MERTENS AVENUE,477429362,298.1398112903631,298.1398112903631,False
HIAWATHA BOULEVARD WEST,477433117,298.1349562206306,298.1349562206306,False
MIDLAND AVENUE,477444033,298.0025803883014,298.0025803883014,False
OSTROM AVENUE,477436667,297.9221680357732,297.9221680357732,False
TULLY STREET,477436531,297.89886040211735,297.89886040211735,False
ELSNER STREET,477429874,297.8760941302947,297.8760941302947,False
CANNON STREET,477442665,297.8016206446196,297.8016206446196,False
WEST BORDEN AVENUE,477442088,297.73154400839235,297.73154400839235,False
SIDNEY STREET,477430491,297.6457727888872,297.6457727888872,False
PARK STREET,477431053,297.63209913309953,297.63209913309953,False
CANNON STREET,477443651,297.59943264775336,297.59943264775336,False
TOMPKINS STREET,477436793,297.59063795819,297.59063795819,False
MEADOWBROOK DRIVE,477440766,297.49872529725803,297.49872529725803,False
DAKIN STREET,477435047,297.4620820633065,297.4620820633065,False
WOLCOTT AVENUE,477441464,297.38289967674575,297.38289967674575,False
WADSWORTH STREET,477427297,297.37797562645665,297.37797562645665,False
MADISON STREET,477436614,297.34237076064227,297.34237076064227,False
ULSTER STREET,477436412,297.3082705076275,297.3082705076275,False
TALLMAN STREET,477439443,297.2621329242585,297.2621329242585,False
COMSTOCK AVENUE,477443432,297.25734235252924,297.25734235252924,False
BURNET AVENUE,477434127,297.06627780539316,297.06627780539316,False
SCOVILLE AVENUE,477429693,296.8256493356023,296.8256493356023,False
MIDLAND AVENUE,800040328,296.72691614237885,296.72691614237885,False
HIAWATHA BOULEVARD EAST,508421553,296.64055810320764,296.64055810320764,False
RANN AVENUE,477433906,296.6001844104033,296.6001844104033,False
CORTLAND AVENUE,800030648,296.57608041221783,296.57608041221783,False
DESTINY USA DRIVE,800037509,296.45458048837867,296.45458048837867,False
FARMER STREET,477430778,296.42454239252885,296.42454239252885,False
MEADOWBROOK DRIVE,477439272,296.3717718450889,296.3717718450889,False
EAST RAYNOR AVENUE,477439743,296.31874007556655,296.31874007556655,False
GILBERT AVENUE,477429940,296.30815383311915,296.30815383311915,False
FARMER STREET,477430764,296.1697328329428,296.1697328329428,False
RUGBY ROAD,477430222,296.10392968094385,296.10392968094385,False
CLYDE AVENUE,477443230,295.99046973597535,295.99046973597535,False
MERTENS AVENUE,477429345,295.80910446466874,295.80910446466874,False
SPAID AVENUE,477441390,295.7643449204697,295.7643449204697,False
SCOVILLE AVENUE,477429705,295.7123285661564,295.7123285661564,False
RUGBY ROAD,477430205,295.459641455732,295.459641455732,False
COUGHLIN AVENUE,477428898,295.4078636341199,295.4078636341199,False
ULSTER STREET,477436587,295.2966502159091,295.2966502159091,False
STEVENS AVENUE,477445303,295.22060769531254,295.22060769531254,False
SUNNYCREST ROAD,477431315,295.21128040585444,295.21128040585444,False
SPRING STREET,477430096,294.97315318988024,294.97315318988024,False
ERIE BOULEVARD EAST,477435281,294.958843272936,294.958843272936,False
STATE FAIR BOULEVARD,800032566,294.7534430942014,294.7534430942014,False
FOREST HILL DRIVE,477430393,294.71941570849987,294.71941570849987,False
PLUM STREET,477432774,294.526648574458,294.526648574458,False
FIRST NORTH STREET,477429789,294.45390037074435,294.45390037074435,False
FOREST HILL DRIVE,477430395,294.3879323736339,294.3879323736339,False
SEELEY ROAD,477434707,294.3140975795262,294.3140975795262,False
FENTON STREET,477438762,294.2922045861684,294.2922045861684,False
TALLMAN STREET,477439483,294.2459947342723,294.2459947342723,False
PEAT STREET,600008897,294.2438111509279,294.2438111509279,False
HOLMES STREET,477443603,294.21214424999056,294.21214424999056,False
GRIFFITHS STREET,477429805,294.14325975926687,294.14325975926687,False
SIDNEY STREET,477430508,294.082616958311,294.082616958311,False
CANNON STREET,477443530,294.0632509680641,294.0632509680641,False
HUDSON STREET,477441546,293.9849836119881,293.9849836119881,False
MIDLAND AVENUE,477444535,293.8401928471448,293.8401928471448,False
SHERMAN STREET,477442171,293.7735982863312,294.63299262941496,True
ELLIOTT STREET,477439847,293.76890767080147,293.76890767080147,False
EAST GLEN AVENUE,511163835,293.6531101823085,293.6531101823085,False
ERIE BOULEVARD EAST,477435347,293.62760493700097,293.62760493700097,False
BELLEVUE AVENUE,477440525,293.5673288127964,293.5673288127964,False
BURNET AVENUE,477433872,293.418165787718,293.418165787718,False
CULVER DRIVE,477430626,293.41259476042666,293.41259476042666,False
FOREST HILL DRIVE,477430551,293.32363215277354,293.32363215277354,False
DESTINY USA DRIVE,600024760,293.24474586520165,293.24474586520165,False
ELSNER STREET,477429885,293.239206619136,293.239206619136,False
OSTROM AVENUE,477439002,293.2000723053072,293.2000723053072,False
MARY STREET,477430553,293.10400910853565,293.10400910853565,False
JAMES STREET,477429779,293.05193950215624,293.05193950215624,False
BALL AVENUE,477435291,292.83133727183,292.83133727183,False
TOMPKINS STREET,477436909,292.8176271767705,292.8176271767705,False
POND STREET,477431010,292.7118638268996,292.7118638268996,False
ELIZABETH STREET,477441967,292.54956576278516,292.54956576278516,False
TYSON PLACE,477429447,292.5278119098334,292.5278119098334,False
SPRINGBROOK AVENUE,477445165,292.1523391497821,292.1523391497821,False
MIDLAND AVENUE,477443569,292.0640328306098,292.0640328306098,False
SALISBURY PARK DRIVE,477435244,292.0141797748449,292.0141797748449,False
NORTH STATE STREET,477432854,292.0006597149771,292.0006597149771,False
CULVER DRIVE,477430482,291.9564844931749,291.9564844931749,False
EAST COLVIN STREET,477442818,291.9149206535781,291.9149206535781,False
SOUTH GLENCOVE ROAD,477430830,291.79215398750995,291.79215398750995,False
SAINT MARYS TERRACE,477427682,291.74575468455384,291.74575468455384,False
SOUTH AVERY AVENUE,477439435,291.7341553258162,291.7341553258162,False
RILL AVENUE,477444355,291.63231877076834,291.63231877076834,False
CRADDOCK STREET,477442981,291.5385815593782,291.5385815593782,False
JAMES STREET,477429755,291.4978928044091,291.4978928044091,False
SALISBURY PARK DRIVE,477435499,291.2809973466093,291.2809973466093,False
LAMBRETH LANE,800076699,291.1336967194636,291.1336967194636,False
SOUTH WILBUR AVENUE,477436307,291.10757436647015,291.10757436647015,False
GRANT BOULEVARD,477428765,291.0754718570689,291.0754718570689,False
SOUTH MCBRIDE STREET,506986285,291.06544880929664,291.06544880929664,False
HERKIMER STREET,477433673,291.0438359330596,291.0438359330596,False
DARLINGTON ROAD,477427688,291.03612061648715,291.03612061648715,False
GRANT BOULEVARD,477428616,290.93099499652874,290.93099499652874,False
WEST KIRKPATRICK STREET,506021510,290.76015208230257,290.76015208230257,False
SLOCUM DRIVE,477443352,290.75989927350963,290.75989927350963,False
SOUTH LOWELL AVENUE,477436104,290.6304417093615,290.6304417093615,False
VAN RENSSELAER STREET,477432941,290.54388842614685,290.54388842614685,False
BURDICK AVENUE,477428269,290.4772490001019,290.4772490001019,False
SALISBURY PARK DRIVE,477435709,290.4449286235845,290.4449286235845,False
BALLANTYNE ROAD,477444544,290.2069482778401,290.2069482778401,False
EAST GLEN AVENUE,477444701,290.00607431991216,290.00607431991216,False
CHEMUNG STREET,477432617,290.00383508433606,290.00383508433606,False
FOREST HILL DRIVE,477430550,290.00210902296493,290.00210902296493,False
BALL AVENUE,477435753,289.9890842034559,289.9890842034559,False
LEWIS STREET,477433173,289.89359862141134,289.89359862141134,False
SEELEY ROAD,477435082,289.89056382662,289.89056382662,False
EAST GENESEE STREET,477436744,289.80871481490254,289.80871481490254,False
SOUTH SALINA STREET,477441681,289.62690051298733,289.62690051298733,False
OAKWOOD AVENUE,477439365,289.5786087837736,289.5786087837736,False
HURLBURT ROAD,477437735,289.4711629549247,289.4711629549247,False
BERKELEY DRIVE,477440407,289.45232680796727,289.45232680796727,False
BALL AVENUE,477435520,289.42366628212244,289.42366628212244,False
WOLCOTT AVENUE,477441636,289.26628725739914,289.26628725739914,False
SPRINGBROOK AVENUE,477445283,289.15386973490877,289.15386973490877,False
VALLEY DRIVE,477445227,289.1361388279644,289.1361388279644,False
THURBER STREET,477443314,289.1072200489928,289.1072200489928,False
SHERMAN STREET,477442189,288.9550385627359,288.9550385627359,False
FOREST HILL DRIVE,477431118,288.8776448912019,288.8776448912019,False
CROSSETT STREET,477441706,288.7467628141399,288.7467628141399,False
HAWLEY AVENUE,477433157,288.72460373976566,288.72460373976566,False
SAND STREET,477432903,288.5582003400804,288.5582003400804,False
CANNON STREET,477443751,288.3993957889161,288.3993957889161,False
SOUTH LOWELL AVENUE,477436487,288.34174811121375,288.34174811121375,False
VIEAU DRIVE,477441047,288.2923003381822,288.2923003381822,False
THURBER STREET,477443467,288.1938106285424,288.1938106285424,False
ALMOND STREET,477437241,288.07093643353653,288.07093643353653,False
FOREST HILL DRIVE,477431120,288.0036894907446,288.0036894907446,False
BALL AVENUE,477436020,287.9931916142888,287.9931916142888,False
TECUMSEH STREET,477441904,287.95109703515885,287.95109703515885,False
ROSEMONT DRIVE,477446614,287.76952559583594,287.76952559583594,False
TYSON PLACE,477429469,287.76125881047795,287.76125881047795,False
EAST COLVIN STREET,477442808,287.6789409262294,287.6789409262294,False
CULVER DRIVE,477430836,287.65857212677463,287.65857212677463,False
ELLEN STREET,477427631,287.61693633126237,287.61693633126237,False
MILTON AVENUE,477432103,287.5788014133569,287.5788014133569,False
POLK STREET,800039888,287.5564577060385,287.5564577060385,False
BELLEVUE AVENUE,477440476,287.478181594097,287.478181594097,False
SPAID AVENUE,477441413,287.4358002975888,287.4358002975888,False
CONIFER DRIVE,800048252,287.3892613343111,287.3892613343111,False
FOREST HILL DRIVE,477430912,287.34948984436915,287.34948984436915,False
AINSLEY DRIVE,477444444,287.3055947764723,287.3055947764723,False
WEST KENNEDY STREET,800032594,287.29817214875203,287.29817214875203,False
ARGONNE DRIVE,477441944,287.29696090910625,287.29696090910625,False
WEST BRIGHTON AVENUE,477443328,287.2249184206299,287.2249184206299,False
EAST GENESEE STREET,477436368,287.2119254467489,287.2119254467489,False
GRAND AVENUE,477439452,287.202909829258,297.4412315068041,True
SCHOOL STREET,508421635,287.17031461827565,287.17031461827565,False
JAMES STREET,477429806,287.13067778025646,287.13067778025646,False
WEST FAYETTE STREET,477435775,287.12629265749075,287.12629265749075,False
SALT SPRINGS ROAD,477436716,287.01383909887824,287.01383909887824,False
CORTLAND AVENUE,477440861,287.01106083487133,287.01106083487133,False
MIDLAND AVENUE,477438880,286.9725278921456,286.9725278921456,False
PERSHING AVENUE,477428817,286.93981247022265,286.93981247022265,False
SHONNARD STREET,477437506,286.72318517301085,286.72318517301085,False
TALLMAN STREET,477439739,286.7142283888484,286.7142283888484,False
EAST GENESEE STREET,477437964,286.5973381270927,286.5973381270927,False
MAPLE STREET,800032785,286.5273806561572,286.5273806561572,False
SUMMIT AVENUE,477443195,286.51881167021924,286.51881167021924,False
EUCLID AVENUE,477439311,286.51454064927566,286.51454064927566,False
CADILLAC STREET,477427384,286.42030074772873,286.42030074772873,False
CRADDOCK STREET,477443115,286.36925831603276,286.36925831603276,False
COURT STREET,477427576,286.35423911148627,286.35423911148627,False
GRANT BOULEVARD,477429554,286.3500794744881,286.3500794744881,False
SALISBURY PARK DRIVE,477435977,286.27003343946217,286.27003343946217,False
SALT SPRINGS ROAD,477436129,286.17797557946096,286.17797557946096,False
ERIE BOULEVARD EAST,477435491,286.1133262612533,286.1133262612533,False
SOLAR STREET,800030814,286.10639798887564,286.10639798887564,False
ALMOND STREET,477436631,286.0580979311729,286.0580979311729,False
SOUTH SALINA STREET,477447082,285.8722808840546,285.8722808840546,False
HIGHLAND PLACE,477431917,285.8088831167311,285.8088831167311,False
OAKWOOD AVENUE,477439698,285.7470896268708,285.7470896268708,False
GILBERT AVENUE,477430228,285.677993662964,285.677993662964,False
FOREST HILL DRIVE,477430909,285.4365805824373,285.4365805824373,False
WEST SENECA TURNPIKE,477445645,285.30849817861605,285.30849817861605,False
SOUTH SALINA STREET,477446605,285.146847435217,285.146847435217,False
EAST BRIGHTON AVENUE,800041393,285.075084691096,285.075084691096,False
WEST BEAR STREET,477431504,285.03880081302987,285.03880081302987,False
TEALL AVENUE,477431363,285.0177100854242,285.0177100854242,False
CARBON STREET,477430494,284.8126799038044,284.8126799038044,False
SUNSET AVENUE,477430614,284.749960320447,284.749960320447,False
RIDGEWOOD DRIVE,477430454,284.70671172029796,284.70671172029796,False
NORTHWAY STREET,477433987,284.6829761439912,284.6829761439912,False
BERKELEY DRIVE,477440398,284.5961577266376,284.5961577266376,False
MARCIA STREET,477427740,284.56701070512145,284.56701070512145,False
SOUTH CLINTON STREET,477437128,284.5649799069795,284.5649799069795,False
BELLEVUE AVENUE,477440563,284.48802855172477,284.48802855172477,False
HERTFORD STREET,477441576,284.2089325446123,284.2089325446123,False
WELDON AVENUE,477427557,284.005849300099,284.005849300099,False
HAROLD STREET,477428670,283.73040680639673,283.73040680639673,False
WEST ONONDAGA STREET,477438157,283.405622792129,283.405622792129,False
EAST WASHINGTON STREET,477435432,283.2987963101757,283.2987963101757,False
GENANT TO NORTH CLINTON CONNECTOR,477430853,283.28165022967494,283.28165022967494,False
MITCHELL AVENUE,477444087,283.10164364784197,283.10164364784197,False
VAN RENSSELAER STREET,477435508,283.0117665096515,283.0117665096515,False
MILFORD DRIVE EAST,477430288,282.79366202621276,282.79366202621276,False
EAST FAYETTE STREET,477435801,282.42002076604234,282.42002076604234,False
WHEATON ROAD,477429195,282.33870611916103,282.33870611916103,False
MEADOWBROOK DRIVE,477438556,282.24411693907416,282.24411693907416,False
SOUTH SALINA STREET,477443087,282.1431540930029,282.1431540930029,False
HIXSON AVENUE,477431179,282.01605410794156,282.01605410794156,False
GRAVES STREET,477431646,281.9340939131096,281.9340939131096,False
WILLUMAE DRIVE,477427808,281.8338285678119,281.8338285678119,False
EAST FAYETTE STREET,477435674,281.72691779268274,281.72691779268274,False
COLUMBUS AVENUE,477435690,281.7119343530464,281.7119343530464,False
VILLAGE DRIVE,477429494,281.6740193851733,281.6740193851733,False
BURDICK AVENUE,477428182,281.5195886205472,281.5195886205472,False
STEVENS AVENUE,477445174,281.3018636101272,281.3018636101272,False
FIRST NORTH STREET,477429581,281.1883094289544,281.1883094289544,False
MARLETT STREET,477444856,281.0239273955875,281.0239273955875,False
SEVENTH NORTH STREET,477427785,280.99280031594805,280.99280031594805,False
TEALL AVENUE,477431509,280.9013881415531,280.9013881415531,False
WALNUT AVENUE,477436259,280.6634084407616,280.6634084407616,False
MELROSE AVENUE,477430758,280.6236571344933,280.6236571344933,False
TEALL AVENUE,477430988,280.6039057403014,280.6039057403014,False
CARBON STREET,477430562,280.5320772048752,280.5320772048752,False
PLYMOUTH DRIVE,477431468,280.498585724889,280.498585724889,False
GRAND AVENUE,477438736,280.4855565050302,280.4855565050302,False
EAST GENESEE STREET,477436180,280.48036008473537,280.48036008473537,False
HIXSON AVENUE,477431487,280.47085976683115,280.47085976683115,False
RENWICK AVENUE,477439556,280.4516080669379,280.4516080669379,False
MELROSE AVENUE,477430720,280.31237627240716,280.31237627240716,False
MARK AVENUE,477442408,280.27687529299493,280.27687529299493,False
EAST WASHINGTON STREET,477435473,280.2766900894863,280.2766900894863,False
CARBON STREET,477429992,280.2752690839656,280.2752690839656,False
MARK AVENUE,477442270,280.24763983144885,280.24763983144885,False
MOSLEY DRIVE,477430968,280.15517937784807,280.15517937784807,False
SNELL TERRACE,477446142,280.1193972773351,280.1193972773351,False
HIXSON AVENUE,477431343,280.0779932429898,280.0779932429898,False
WEST END DRIVE,477432240,280.0617611295658,280.0617611295658,False
PARK STREET,477430832,279.98165930488403,279.98165930488403,False
WILSON PLACE,477437916,279.865291249763,279.865291249763,False
GRANT BOULEVARD,477429168,279.8545930849589,279.8545930849589,False
SOUTH LOWELL AVENUE,477436320,279.670273851259,279.670273851259,False
ORISKANY DRIVE,477442652,279.5424090230298,279.5424090230298,False
NURSERY LANE,477442933,279.5302836814113,279.5302836814113,False
SALT SPRINGS ROAD,477436742,279.51890044060366,279.51890044060366,False
SALT SPRINGS ROAD,477436492,279.4406757408045,279.4406757408045,False
HIAWATHA PLACE,800041915,279.4204782485409,279.4204782485409,False
KANE ROAD,477431578,279.37205341311784,279.37205341311784,False
BROAD STREET,477441083,279.3427600937496,279.3427600937496,False
LEXINGTON AVENUE,477436126,279.3364927664211,279.3364927664211,False
VALLEY DRIVE,477445007,279.1034095482016,279.1034095482016,False
HOOD AVENUE,477428304,279.0888395867604,279.0888395867604,False
COURT STREET,477427835,279.02488085097156,279.02488085097156,False
OAK STREET,477434156,279.0018477873011,279.0018477873011,False
IVES AVENUE,477435267,278.9625765408315,278.9625765408315,False
PARK STREET,477430726,278.891200107898,278.891200107898,False
SOUTH AVENUE,800048967,278.84904403752614,278.84904403752614,False
WENDELL TERRACE,477430071,278.7962181229576,278.7962181229576,False
ATLANTIC AVENUE,477444505,278.7699261288483,278.7699261288483,False
JAMES STREET,477430217,278.6079833462487,278.6079833462487,False
VELASKO ROAD,477439667,278.56698288235464,278.56698288235464,False
DRISCOLL AVENUE,477433907,278.5614175055689,278.5614175055689,False
HIXSON AVENUE,477430967,278.40984103514893,278.40984103514893,False
TEALL AVENUE,477430792,278.38922889356434,278.38922889356434,False
DESTINY USA DRIVE,600055692,278.3851328847731,278.3851328847731,False
CLARENCE AVENUE,477445472,278.3547113591936,278.3547113591936,False
DOLL PARKWAY,506986295,278.3469601299681,278.3469601299681,False
BYRNE PLACE,482659662,278.28891601794186,278.28891601794186,False
MARCELLUS STREET,477436105,277.9321634373813,277.9321634373813,False
EUCLID AVENUE,477439412,277.8497643906572,277.8497643906572,False
EAST FAYETTE STREET,477435780,277.8034035341087,277.8034035341087,False
EAST WILLOW STREET,477434174,277.67331143490395,277.67331143490395,False
WEST STREET ARTERIAL NORTHBOUND,477435880,277.5328764088998,277.5328764088998,False
LEMOYNE AVENUE,477429742,277.428348927496,277.428348927496,False
SOUTH GEDDES STREET,477439200,277.3391023746214,277.3391023746214,False
AMES AVENUE,477445666,277.3028133240677,277.3028133240677,False
VAN RENSSELAER STREET,477433309,277.02630426012433,277.02630426012433,False
OTISCO STREET,477436382,276.9345817642684,276.9345817642684,False
JAMES STREET,477429981,276.6392638484557,276.6392638484557,False
HILLSIDE STREET,477427888,276.5835454281101,276.5835454281101,False
DEWITT STREET,477431188,276.4026622248445,276.4026622248445,False
GRANT BOULEVARD,477429070,276.39381940145853,276.39381940145853,False
HILLSIDE STREET,477428116,276.3702908780283,276.3702908780283,False
LANCASTER AVENUE,477441743,276.3507222849961,276.3507222849961,False
SPRING STREET,477430421,276.2407679539996,276.2407679539996,False
EAST COLVIN STREET,477442096,276.2395378889589,276.2395378889589,False
BROAD STREET,477441024,276.20215301489236,276.20215301489236,False
WEST MARCELLUS STREET,477437037,276.04873781671967,276.04873781671967,False
MEADOWBROOK DRIVE,477439064,276.0265676015294,276.0265676015294,False
WOLCOTT AVENUE,477441811,275.76907176884447,275.76907176884447,False
COURT STREET,477427423,275.7563635149945,275.7563635149945,False
MORTON STREET,477433500,275.5212560405594,275.5212560405594,False
DOLL PARKWAY,506986291,275.45048293351596,275.45048293351596,False
TAFT AVENUE,477428759,275.36774749028126,275.36774749028126,False
HARRISON STREET,477741240,275.3041374645494,275.3041374645494,False
EUCLID TERRACE,477439303,275.28039263523215,275.28039263523215,False
SOUTH GEDDES STREET,477439572,275.21864942100314,275.21864942100314,False
SALT SPRINGS ROAD,477436012,275.1001801638551,275.1001801638551,False
LEMOYNE AVENUE,477429415,275.0920831820372,275.0920831820372,False
PLYMOUTH DRIVE,477430495,274.88070929568244,274.88070929568244,False
IRVING AVENUE,477436639,274.8062972647249,274.8062972647249,False
PARK STREET,477429468,274.6286658678669,274.6286658678669,False
APPLE STREET,477434764,274.6015536857324,274.6015536857324,False
WHITWELL DRIVE,477430418,274.589875206787,274.589875206787,False
WEST WARRINGTON ROAD,477446508,274.5648296776866,274.5648296776866,False
NORTH GEDDES STREET,477432863,274.3982518622553,274.3982518622553,False
SPRING STREET,477429762,274.2325584735676,274.2325584735676,False
HUTCHINSON AVENUE,477443761,274.13186111724525,274.13186111724525,False
ATLANTIC AVENUE,477444476,274.10188148066294,274.10188148066294,False
SOUTH TOWNSEND STREET,509997036,274.0503765829468,274.0503765829468,False
KING STREET,477439015,273.6921722898828,273.6921722898828,False
HIAWATHA BOULEVARD WEST,508421413,273.6159619718708,273.6159619718708,False
HIAWATHA BOULEVARD EAST,477427426,273.61184223491085,273.61184223491085,False
CURTIS STREET,477430004,273.56221696580536,273.56221696580536,False
TEALL AVENUE,477432232,273.39831727871234,273.39831727871234,False
GARFIELD AVENUE,477441778,273.31996175155916,273.31996175155916,False
SOUTH TOWNSEND STREET,509997040,273.3190370950944,273.3190370950944,False
FIRST NORTH STREET,511383769,273.24858018298704,273.24858018298704,False
ONONDAGA CREEK BOULEVARD EAST,477444231,273.23484728409016,273.23484728409016,False
SOUTH SALINA STREET,477442795,273.1006129676425,273.1006129676425,False
STINARD AVENUE,477443114,273.0931920464092,273.0931920464092,False
BELLAIRE PLACE,477442575,272.9945655960526,272.9945655960526,False
SUMMIT AVENUE,477442876,272.98907684742227,272.98907684742227,False
EUCLID AVENUE,477439913,272.90323690210244,272.90323690210244,False
ALMOND STREET,506022036,272.64425536328287,272.64425536328287,False
SOUTH AVENUE,477442637,272.60619549734946,272.60619549734946,False
MELROSE AVENUE,477430704,272.3961299894645,272.3961299894645,False
EAST BRIGHTON AVENUE,800032735,272.3556924004269,272.3556924004269,False
TYSON PLACE,477429480,272.07505257527964,272.07505257527964,False
SALISBURY ROAD,477437684,271.99691161530006,271.99691161530006,False
MELROSE AVENUE,477430744,271.89687247517253,271.89687247517253,False
WADSWORTH STREET,477428640,271.8774884365945,271.8774884365945,False
ACADEMY PLACE,477446450,271.71085428407935,271.71085428407935,False
HILLSIDE STREET,477427680,271.68320314092165,271.68320314092165,False
PHELPS PLACE,477446143,271.6101973431252,271.6101973431252,False
CRESCENT AVENUE,477441557,271.470412579123,271.470412579123,False
WEST JEFFERSON STREET,477436140,271.4555707603356,271.4555707603356,False
TEALL AVENUE,477429686,271.3653521383024,271.3653521383024,False
CLARKE STREET,477438692,271.35766842617574,271.35766842617574,False
COURT STREET,477427499,271.2465052784351,271.2465052784351,False
SALT SPRINGS ROAD,477436062,271.22773102467215,271.22773102467215,False
DARLINGTON ROAD,477428320,271.20230202753515,271.20230202753515,False
COUGHLIN AVENUE,477428907,271.15185489998316,271.15185489998316,False
SUNNYCREST ROAD,477431297,271.13939843552896,271.13939843552896,False
MARY STREET,800040699,271.1224866395879,271.1224866395879,False
VALLEY DRIVE,477444602,271.09087652098935,271.09087652098935,False
MEADOWBROOK DRIVE,800039147,270.9867356752393,270.9867356752393,False
BEAR STREET,477430241,270.98573236603,270.98573236603,False
LONGMEADOW CIRCLE,477447068,270.89587495824895,270.89587495824895,False
TYSON PLACE,477429460,270.4966474278835,270.4966474278835,False
NICHOLS AVENUE,477430993,270.407428824038,270.407428824038,False
SOUTH ALVORD STREET,477431219,270.1889710412727,270.1889710412727,False
GENESEE PARK DRIVE,477436799,270.12656462174857,270.12656462174857,False
CONKLIN AVENUE,477430637,270.0890069137142,270.0890069137142,False
LYNCH STREET,477434698,270.0570129264755,270.0570129264755,False
BRADLEY STREET,477440127,270.041760876997,270.041760876997,False
KIRKPATRICK STREET,800071659,269.92128802902664,269.92128802902664,False
CRIPPEN PLACE,477445563,269.7432641060675,269.7432641060675,False
SOUTH CLINTON STREET,477439448,269.74271617798354,269.74271617798354,False
HILLSIDE STREET,477427769,269.6723977371577,269.6723977371577,False
THOMPSON ROAD,800049045,269.5483505285462,269.5483505285462,False
PARK STREET,477429613,269.3810211528247,269.3810211528247,False
COUGHLIN AVENUE,477428953,269.3105715074843,269.3105715074843,False
WILLIS AVENUE,504325333,269.16434036445645,269.16434036445645,False
VALLEY DRIVE,477445123,269.08472050543156,269.08472050543156,False
BELLEVUE AVENUE,477440537,268.97346999633993,268.97346999633993,False
WALNUT AVENUE,477435960,268.9130072675775,268.9130072675775,False
TYSON PLACE,477429452,268.83262535736014,268.83262535736014,False
EAST SENECA TURNPIKE,800034273,268.74631614122234,268.74631614122234,False
WILLUMAE DRIVE,477428334,268.68378481568095,268.68378481568095,False
ONONDAGA PARK DRIVE EAST,477441801,268.6745736732294,268.6745736732294,False
JAMES STREET,477429812,268.6124412594909,268.6124412594909,False
BUTTERNUT STREET,477432462,268.43893662500136,268.43893662500136,False
EAST WASHINGTON STREET,481561660,268.38327358132926,268.38327358132926,False
EAST WATER STREET,481561654,268.2971346307038,268.2971346307038,False
ORWOOD PLACE,477427687,268.2480074150356,269.4633892246235,True
CLARENDON STREET,477438795,268.2256341776794,268.2256341776794,False
PINE STREET,477435965,268.2099525024593,268.2099525024593,False
EAST CHAFFEE AVENUE,477446201,268.18721131008016,268.18721131008016,False
SOUTH FRANKLIN STREET,477435890,268.18519384516543,268.18519384516543,False
STOLP AVENUE,477441237,268.0955996566892,268.0955996566892,False
KNAUL STREET,477430309,268.0890351299411,268.0890351299411,False
UNIVERSITY AVENUE,477435942,267.84827050030435,267.84827050030435,False
NORTH FRANKLIN STREET,600009015,267.7099547855883,267.7099547855883,False
PARK STREET,477431107,267.6930086138108,267.6930086138108,False
WEST KIRKPATRICK STREET,513531396,267.5916604626705,267.5916604626705,False
ESSEX STREET,477433294,267.56498393069046,267.56498393069046,False
EAST GENESEE STREET,481561655,267.4798153060482,267.4798153060482,False
PARK STREET,477428902,267.42159894587076,267.42159894587076,False
VELASKO ROAD,477441831,267.41980343706985,267.41980343706985,False
POND STREET,477429545,267.4053405306329,267.4053405306329,False
SOUTH STATE STREET,477442156,267.32764337347965,267.32764337347965,False
ROBERT DRIVE,477441986,267.2983045385035,267.2983045385035,False
RUGBY ROAD,477430010,267.0712882024571,267.0712882024571,False
HILLVIEW AVENUE,477443120,267.00494845039316,267.00494845039316,False
SHIRLEY DRIVE,477444562,266.8952083913969,266.8952083913969,False
EAST BEARD AVENUE,477441915,266.4852479429908,266.4852479429908,False
DANFORTH STREET,477430409,266.43186419869465,266.43186419869465,False
SOUTH CLINTON STREET,477435895,266.3638968790848,266.3638968790848,False
HAZELWOOD AVENUE,477434312,266.29724620363845,266.29724620363845,False
LYDELL STREET,477438994,266.1232323697845,266.1232323697845,False
WEST ONONDAGA STREET,477437427,266.11506735884853,266.11506735884853,False
DARLINGTON ROAD,477428163,266.078709544276,266.078709544276,False
GREENWAY AVENUE,477433285,266.0369897214561,266.0369897214561,False
EAST GENESEE STREET,477436253,266.00343741714096,266.00343741714096,False
EAST COLVIN STREET,477442110,265.87225535882203,265.87225535882203,False
PARK STREET,477431129,265.77651549359007,265.77651549359007,False
LEWIS STREET,477433075,265.57109330550014,265.57109330550014,False
PARK STREET,477431136,265.53165681157236,265.53165681157236,False
FORDHAM ROAD,477429329,265.4705592498447,265.4705592498447,False
SOUTH SALINA STREET,477442363,265.46592886697283,265.46592886697283,False
HAWLEY AVENUE,477433124,265.4092833397646,265.4092833397646,False
SOUTH TOWNSEND STREET,509997561,265.3937236801586,265.3937236801586,False
DAKIN STREET,477435078,265.3608059307329,265.3608059307329,False
GRIFFITHS STREET,477429737,265.33641279911154,265.33641279911154,False
BARNES AVENUE,477445644,265.2158639136219,265.2158639136219,False
SCHOOL STREET,477433865,265.1433977652798,265.1433977652798,False
GRAVES STREET,477431495,265.11111636282016,265.11111636282016,False
ATLANTIC AVENUE,477444452,265.1106283636209,265.1106283636209,False
WARHAM STREET,477429271,265.0927049315806,265.0927049315806,False
HIGHLAND STREET,477429604,264.95714562214516,264.95714562214516,False
COUGHLIN AVENUE,477428923,264.95422226669206,264.95422226669206,False
CORTLAND AVENUE,477440356,264.9227129837013,264.9227129837013,False
SEYMOUR STREET,477437712,264.77539169946954,264.77539169946954,False
FAIRFIELD AVENUE,477443655,264.56266019037054,264.56266019037054,False
RIVOLI AVENUE,477427846,264.40400664621626,264.40400664621626,False
ARDMORE PLACE,477427482,264.3201524801599,264.3201524801599,False
ORANGE ALLEY,477435911,264.3163926265406,264.3163926265406,False
MEADOWBROOK DRIVE,477440649,264.2752354700573,264.2752354700573,False
JAMES STREET,477431015,264.26652175730015,264.26652175730015,False
CRAFTON AVENUE,477446746,264.1996047969521,264.1996047969521,False
EAST GENESEE STREET,477436244,264.1981873216141,264.1981873216141,False
WEST KIRKPATRICK STREET,513531395,264.0870582757575,264.0870582757575,False
STONE COURT,477436525,264.0133708714384,264.0133708714384,False
SWANSEA DRIVE,477429014,263.91283510398466,283.21707806643957,True
SUMMIT AVENUE,477442708,263.7604282847871,263.7604282847871,False
SOUTH CARBON STREET,477430840,263.6623470479179,263.6623470479179,False
EAST TAYLOR STREET,477438522,263.650307369757,263.650307369757,False
CROSSETT STREET,477441710,263.3097210589403,263.3097210589403,False
CALEB AVENUE,477432110,263.23898905607007,263.23898905607007,False
SOLAR STREET,800030812,263.1339069490076,263.1339069490076,False
LYDELL STREET,477439644,263.10319228445366,263.10319228445366,False
BUTTERNUT STREET,477431425,263.0793925982767,263.0793925982767,False
JAMES STREET,477431636,263.06655627347055,263.06655627347055,False
WALL STREET,800049154,263.01858512537774,263.01858512537774,False
SPRING STREET,477430178,262.97510063327275,262.97510063327275,False
HILLSBORO PARKWAY,477438177,262.8242730595417,262.8242730595417,False
EAST BEARD AVENUE,477441867,262.77091100208617,262.77091100208617,False
POND STREET,477430851,262.75976435369523,262.75976435369523,False
SUMMIT AVENUE,477440528,262.70828538732724,262.70828538732724,False
NORTH FRANKLIN STREET,477433815,262.68657996098887,262.68657996098887,False
EAST FAYETTE STREET,477435805,262.51108975150515,262.51108975150515,False
GRAY AVENUE,477429727,262.4706454011899,262.4706454011899,False
ASH STREET,477431356,262.3366358370418,262.3366358370418,False
LISTMAN AVENUE,477428695,262.27349948588324,262.27349948588324,False
SEDGWICK DRIVE,477430907,262.2723109283147,262.2723109283147,False
PUTNAM STREET,477439834,262.22088441014006,262.22088441014006,False
COURT STREET,477428662,262.1896741203615,262.1896741203615,False
LODI STREET,477430515,262.03454145433835,262.03454145433835,False
SAINT MARKS AVENUE,477433831,261.9948111734242,261.9948111734242,False
SENECA PLACE,477445601,261.79817259027345,261.79817259027345,False
BUTTERNUT STREET,477431683,261.65729124200226,261.65729124200226,False
BUTTERNUT STREET,477430324,261.6436738962131,261.6436738962131,False
TURTLE STREET,477428396,261.59754292940215,261.59754292940215,False
GRANT BOULEVARD,477429155,261.56437357829014,261.56437357829014,False
SKYTOP ROAD,477443369,261.33068978020185,261.33068978020185,False
SMITH LANE,477442955,261.2774151848126,261.2774151848126,False
CADWELL STREET,477439223,261.0989235553363,261.0989235553363,False
GILBERT AVENUE,477430005,260.9925957851021,260.9925957851021,False
HERRIMAN STREET,477439622,260.88610362336976,260.88610362336976,False
THOMPSON ROAD,477432138,260.79455340894896,260.79455340894896,False
PARK STREET,800038597,260.7410138176642,260.7410138176642,False
CARBON STREET,477430361,260.7300538084985,260.7300538084985,False
SLOCUM AVENUE,477438055,260.2036901324216,260.2036901324216,False
SALT SHED DRIVE,800032502,260.10109569018425,260.10109569018425,False
MILFORD DRIVE WEST,477430306,259.94868472230155,259.94868472230155,False
DELHI STREET,477432811,259.8210944547505,259.8210944547505,False
GREENWAY AVENUE,477433060,259.74827001666455,259.74827001666455,False
EAST SENECA TURNPIKE,477445940,259.72701360711596,259.72701360711596,False
FERNDALE DRIVE,477445305,259.6449141282764,259.6449141282764,False
HOLDEN STREET,477439669,259.6224872678643,259.6224872678643,False
MIDLAND AVENUE,477444307,259.585829578071,259.585829578071,False
GRANT BOULEVARD,477429264,259.57852498787094,259.57852498787094,False
NORTH SALINA STREET,477432651,259.44619589137415,259.44619589137415,False
HOEFLER STREET,477439662,259.39138447620064,259.39138447620064,False
SOUTH CARBON STREET,477430864,259.3349945950606,259.3349945950606,False
IRON PIER DRIVE,800032497,258.9706496272725,258.9706496272725,False
BOISE DRIVE,477442492,258.91589072284796,258.91589072284796,False
ASH STREET,477431478,258.38472719218566,258.38472719218566,False
WEST NEWELL STREET,477443699,258.38301185374587,258.38301185374587,False
NORTH GEDDES STREET,800032500,258.14620304401944,258.14620304401944,False
GRIFFITHS STREET,477429946,258.1349945915736,258.1349945915736,False
LISTMAN AVENUE,477428713,258.11038974408797,258.11038974408797,False
PARKVIEW AVENUE,477442006,258.0040215552982,258.0040215552982,False
HODES WAY,800034357,257.97963611374547,257.97963611374547,False
SALT SPRINGS ROAD,800048968,257.9634658296135,257.9634658296135,False
GENANT DRIVE,477431400,257.9430420171589,257.9430420171589,False
WILLIS AVENUE,477432523,257.92579248810284,257.92579248810284,False
SOUTH SALINA STREET,477443567,257.91152401659065,257.91152401659065,False
MARTIN LUTHER KING WEST,477440773,257.74320626920536,257.74320626920536,False
BALL AVENUE,477436290,257.54622340345986,257.54622340345986,False
EAST RAYNOR AVENUE,477439763,257.52383772260913,257.52383772260913,False
KIRKPATRICK STREET,477431138,257.04362494935083,257.04362494935083,False
JAMES STREET,477431146,256.83936134691004,256.83936134691004,False
CANDEE AVENUE,477436464,256.7617548679664,256.7617548679664,False
NEW STREET,477438227,256.71993884699094,256.71993884699094,False
SOUTH STATE STREET,477440279,256.7046716278276,256.7046716278276,False
SUMMIT AVENUE,477442973,256.2889493227512,256.2889493227512,False
GIRARD AVENUE,477444610,256.2003586976689,256.2003586976689,False
CADWELL STREET,477439024,256.0300696371817,256.0300696371817,False
PINE STREET,477436240,255.85002140279087,255.85002140279087,False
GARFIELD PLACE,477441777,255.84508306730476,255.84508306730476,False
HUDSON STREET,477441377,255.8371615742426,255.8371615742426,False
SKYTOP ROAD,477443367,255.80399686689543,255.80399686689543,False
LOOMIS AVENUE,800032669,255.73510293888066,255.73510293888066,False
BUTTERNUT STREET,477431540,255.58148698363647,255.58148698363647,False
FOREST HILL DRIVE,477430208,255.2161229443402,255.2161229443402,False
CORTLAND AVENUE,477440130,254.96031263004178,254.96031263004178,False
CHAMPLIN DRIVE,477431767,254.8574118401361,254.8574118401361,False
LIBERTY STREET,477433290,254.7557417495749,254.7557417495749,False
WEST TAYLOR STREET,477438824,254.7456234372289,254.7456234372289,False
ALMOND STREET,477436430,254.50773877779838,254.50773877779838,False
HILLVIEW AVENUE,477741333,254.47074493618976,254.47074493618976,False
SOUTH SALINA STREET,477447296,254.33332942580773,254.33332942580773,False
EAST COLVIN STREET,477442592,254.2752920421383,254.2752920421383,False
EAST WILLOW STREET,477434007,254.25263307319534,254.25263307319534,False
HILLSIDE STREET,477428224,254.0758705805491,254.0758705805491,False
DEMONG DRIVE,477436957,254.03667567570588,254.03667567570588,False
PARK STREET,800038596,253.85652437990052,253.85652437990052,False
SOUTH AVENUE,477442178,253.72959684436256,253.72959684436256,False
PACIFIC AVENUE,477444819,253.3357576148858,253.3357576148858,False
WESTMORELAND AVENUE,477436127,253.29924995747058,253.29924995747058,False
CORAL AVENUE,477444799,253.29394711031364,253.29394711031364,False
CRAIG STREET,477429628,253.00320115464822,253.00320115464822,False
STOLP AVENUE,477441232,252.89758261453647,252.89758261453647,False
EAST FAYETTE STREET,477435797,252.74588708422178,252.74588708422178,False
FOREST HILL DRIVE,477430204,252.66192820843563,252.66192820843563,False
KIRKPATRICK STREET,477429660,252.64598362238212,252.64598362238212,False
GENESEE PARK DRIVE,477436802,252.6150904885638,252.6150904885638,False
FOREST HILL DRIVE,477430690,252.39060752759886,252.39060752759886,False
WEST COLVIN STREET,477442687,252.38051270790342,252.38051270790342,False
CUMBERLAND PLACE,477440650,252.37673512170431,252.37673512170431,False
LODI STREET,477431423,252.31819673822397,252.31819673822397,False
EAST CORNING AVENUE,477443373,252.31702516213326,252.31702516213326,False
GRANT BOULEVARD,477429099,252.29211330401424,252.29211330401424,False
DEMONG DRIVE,477437021,252.23017686651374,252.23017686651374,False
EAST GENESEE STREET,509997448,252.2271766103571,252.2271766103571,False
RUGBY ROAD,477430194,252.16887888838025,252.16887888838025,False
MORTON AVENUE,477441641,252.15027491782658,252.15027491782658,False
PACIFIC AVENUE,477444854,252.1236143762537,252.1236143762537,False
JAMESVILLE AVENUE,800048430,251.99547377097693,251.99547377097693,False
NORTHCLIFFE ROAD,477430099,251.95557973008215,251.95557973008215,False
WOLF STREET,477428222,251.64550501263037,251.64550501263037,False
POND STREET,477429820,251.62075487560455,251.62075487560455,False
HUNTER AVENUE,477432850,251.55271250702927,251.55271250702927,False
WILLUMAE DRIVE,477428351,251.3359874515398,251.3359874515398,False
SOUTH TOWNSEND STREET,509997564,251.29472264473333,251.29472264473333,False
FOREST HILL DRIVE,477430688,251.29336630134483,251.29336630134483,False
FABIUS STREET,477436765,251.1958540259094,251.1958540259094,False
COURT STREET,477427650,250.98076117394783,250.98076117394783,False
SOUTH AVENUE,800034581,250.83252410564432,250.83252410564432,False
ALMOND STREET,477435700,250.7356182530209,250.7356182530209,False
CATAWBA STREET,477431292,250.58275239301184,250.58275239301184,False
BALLANTYNE ROAD,477444631,250.5284729237117,250.5284729237117,False
BELLEVUE AVENUE,477440511,250.47239402174816,250.47239402174816,False
ELIZABETH STREET,477441988,250.43695024421,250.43695024421,False
VINCENT STREET,477443054,250.2624120442546,250.2624120442546,False
SOUTH STATE STREET,477441803,250.15516078419367,250.15516078419367,False
MARLETT STREET,477444840,249.99339819243164,249.99339819243164,False
ONONDAGA CREEK BOULEVARD,477443639,249.91889252453876,249.91889252453876,False
WELDON AVENUE,477427464,249.8317109619806,249.8317109619806,False
JAMES STREET,477430091,249.70946692283982,249.70946692283982,False
BALLANTYNE ROAD,477444609,249.47200865582093,249.47200865582093,False
SOUTH GEDDES STREET,477437120,249.37862251367613,249.37862251367613,False
COWIE AVENUE,477429039,249.27989356208622,249.27989356208622,False
COURT STREET,477429998,249.25626150034554,249.25626150034554,False
THURGOOD TERRACE,477439723,249.23796265933055,249.23796265933055,False
WEBSTERS LANDING,477433515,249.16343630130962,249.16343630130962,False
BALLANTYNE ROAD,477444661,249.10051909559857,249.10051909559857,False
RICHMOND AVENUE,800032526,248.99890523509222,248.99890523509222,False
MEADOWBROOK DRIVE,477439083,248.8892020800958,248.8892020800958,False
SMITH LANE,477442954,248.8534548576453,248.8534548576453,False
KIRKPATRICK STREET,477430414,248.72500273038597,248.72500273038597,False
EAST COLVIN STREET,477442349,248.50662755296588,248.50662755296588,False
BALLANTYNE ROAD,477444642,248.46190208605915,248.46190208605915,False
SIXTH NORTH STREET,477427586,248.36372327053235,248.36372327053235,False
VINCENT STREET,477442986,248.2271825302276,248.2271825302276,False
ELIZABETH STREET,477442003,248.15649803978823,248.15649803978823,False
FILLMORE AVENUE,477444629,248.12531920109979,248.12531920109979,False
WEST FAYETTE STREET,477435809,247.99757703010417,247.99757703010417,False
GREENWOOD PLACE,477438831,247.9321758077869,247.9321758077869,False
WOLF STREET,477428095,247.83840540921955,247.83840540921955,False
COMSTOCK ART,600063979,247.8097954998297,247.8097954998297,False
LEMOYNE AVENUE,477428237,247.76508109491292,247.76508109491292,False
COMSTOCK AVENUE,800032794,247.70341718567886,247.70341718567886,False
SMITH LANE,477442890,247.65349940143204,247.65349940143204,False
CRYSLER STREET,477435765,247.64308684065324,247.64308684065324,False
ROBINSON STREET,477432350,247.58241987116315,247.58241987116315,False
SOUTH AVERY AVENUE,477437484,247.3691865986782,247.3691865986782,False
BALLANTYNE ROAD,477444589,247.35224459886183,247.35224459886183,False
SOUTH SALINA STREET,477446498,247.18947246581908,247.18947246581908,False
GRIFFITHS STREET,477429870,247.10917681457224,247.10917681457224,False
BARRINGTON ROAD,477437898,247.07978051935658,247.07978051935658,False
JULIAN PLACE,477442797,246.84704221589683,246.84704221589683,False
EAST GENESEE STREET,509997447,246.81080593681006,246.81080593681006,False
EDMUND AVENUE,477443653,246.77255018866515,246.77255018866515,False
SHELBOURNE PLACE,477442581,246.4545912375243,246.4545912375243,False
CHENEY STREET,477441221,246.4344275273006,246.4344275273006,False
WEST OSTRANDER AVENUE,477444069,245.92993282761802,245.92993282761802,False
PACIFIC AVENUE,477444836,245.82083692818435,245.82083692818435,False
CADILLAC STREET,477427275,245.77389112278146,245.77389112278146,False
PACIFIC AVENUE,477444874,245.74097414401436,245.74097414401436,False
TURTLE STREET,477429869,245.53272144432853,245.53272144432853,False
LINDEN STREET,477437877,245.46894978911683,245.46894978911683,False
ASH STREET,477431621,245.41084666329667,245.41084666329667,False
DESTINY USA DRIVE,800037508,245.35097069568937,245.35097069568937,False
LEMOYNE AVENUE,477428352,245.33887636157033,245.33887636157033,False
BALLANTYNE ROAD,477444547,245.17447549212463,245.17447549212463,False
SUNNYCREST ROAD,477431282,245.0196050272581,245.0196050272581,False
NORTH GEDDES STREET,477432596,245.01748846715424,245.01748846715424,False
SUMMIT AVENUE,477443091,244.82366823748137,244.82366823748137,False
COURT STREET,477430108,244.7652087722708,244.7652087722708,False
KENSINGTON ROAD,477440814,244.7290419309558,244.7290419309558,False
JAMES STREET,477429824,244.7239264981858,244.7239264981858,False
CARBON STREET,477429276,244.56777007553487,244.56777007553487,False
VINCENT STREET,477442966,244.39484140849626,244.39484140849626,False
LODI STREET,477431622,244.33902826690286,244.33902826690286,False
TOMPKINS STREET,477435764,244.06504286271365,244.06504286271365,False
HAZELWOOD AVENUE,800088611,244.029953739557,244.029953739557,False
BUCKINGHAM AVENUE,477442506,243.95218080171927,243.95218080171927,False
AVERY AVENUE,477433386,243.91358688440866,243.91358688440866,False
NORTH BEECH STREET,477434829,243.7347950655922,243.7347950655922,False
NORTHCLIFFE ROAD,477430180,243.68229910939368,243.68229910939368,False
HARRISON STREET,477741242,243.65731983461836,243.65731983461836,False
SEDGWICK DRIVE,477430892,243.62101759083524,243.62101759083524,False
MYRTLE STREET,477433649,243.56166955359632,243.56166955359632,False
BEACON ROAD,477428872,243.5065053331842,243.5065053331842,False
NORTH SALINA STREET,508421416,243.44237719518307,243.44237719518307,False
SAND STREET,477433292,243.31590732524168,243.31590732524168,False
TRACY STREET,477435838,243.14690923085985,243.14690923085985,False
SAINT MARKS AVENUE,477433671,243.1349386788191,243.1349386788191,False
UNION PLACE,477430963,243.1068030668639,243.1068030668639,False
SLOCUM DRIVE,477443141,243.0971079849077,243.0971079849077,False
GRANT BOULEVARD,477429108,243.08464126701224,243.08464126701224,False
GARFIELD AVENUE,477442128,243.06561223713567,243.06561223713567,False
BURT STREET,477438838,242.9753743369104,242.9753743369104,False
NORTH SALINA STREET,508421671,242.61455166005157,242.61455166005157,False
BROADVIEW DRIVE,477442767,242.57640023461786,242.57640023461786,False
COFFEY DRIVE,477435924,242.42640164687137,242.42640164687137,False
CARBON STREET,477429406,242.4104653809676,242.4104653809676,False
SOUTH AVENUE,477443707,242.4086293809205,242.4086293809205,False
KIRKPATRICK STREET,477429559,242.38275593539703,242.38275593539703,False
COURT STREET,477427729,242.37235889860523,242.37235889860523,False
FELLOWS AVENUE,477441076,242.37033396322244,242.37033396322244,False
RILL AVENUE,477444360,242.25730542660528,242.25730542660528,False
JASPER PLACE,477431334,242.07524732199866,242.07524732199866,False
BOISE DRIVE,477442493,242.0610216356386,242.0610216356386,False
TEALL AVENUE,477433066,241.77733815365556,241.77733815365556,False
FABIUS STREET,477436735,241.74577837579062,241.74577837579062,False
KNAUL STREET,477430291,241.68382961291732,241.68382961291732,False
HIAWATHA PLACE,477427796,241.51880136154247,241.51880136154247,False
ERIE BOULEVARD EAST,477435494,241.4865105882698,241.4865105882698,False
SPRINGFIELD ROAD,800029833,241.46079904373894,241.46079904373894,False
CHENNAULT DRIVE,477439640,241.10723261074216,241.10723261074216,False
HAYDEN AVENUE,477433501,240.76133258886318,240.76133258886318,False
SLOCUM DRIVE,477443056,240.338825996861,240.338825996861,False
SALISBURY ROAD,477437585,240.13248416981133,240.13248416981133,False
WESTMINSTER AVENUE,800052795,239.88652399671318,239.88652399671318,False
SUNRISE DRIVE,477446570,239.6188711796997,239.6188711796997,False
WILSON STREET,477431365,239.44905021987776,239.44905021987776,False
VALLEY DRIVE,477445353,239.23960791608624,239.23960791608624,False
SEDGWICK DRIVE,477431032,239.17410954583082,239.17410954583082,False
SOLAR STREET,477454205,239.03077436432494,239.03077436432494,False
SOUTH SALINA STREET,477444224,238.98234888690632,238.98234888690632,False
AVERY AVENUE,477432738,238.8221072247214,238.8221072247214,False
SOUTH TOWNSEND STREET,509997572,238.79850502349458,238.79850502349458,False
OVERLOOK DRIVE,477441475,238.72479218860855,238.72479218860855,False
BERTRAM PLACE,477443572,238.6871105909302,238.6871105909302,False
CADILLAC STREET,477427617,238.6676276026573,238.6676276026573,False
ETHEL STREET,477441635,238.63307440012053,238.63307440012053,False
COMSTOCK AVENUE,477442943,238.41450512922788,238.41450512922788,False
SOUTH MCBRIDE STREET,477438726,238.2134714134494,238.2134714134494,False
SEDGWICK STREET,477431840,238.1957790512987,238.1957790512987,False
WINDING RIDGE ROAD,477443957,237.66320003954004,237.66320003954004,False
GRANGER STREET,477436932,237.45551781991298,237.45551781991298,False
NORTH MCBRIDE STREET,477431450,237.44612017047024,237.44612017047024,False
CAMP AVENUE,477444926,237.4236614468029,237.4236614468029,False
PARK AVENUE,477434332,237.25016622241682,237.25016622241682,False
BUTTERNUT STREET,477429537,237.197211536933,237.197211536933,False
UNION PLACE,477430733,236.98178252159553,236.98178252159553,False
GRANT BOULEVARD,477454213,236.70882004775157,236.70882004775157,False
VAN BUREN STREET,477438992,236.47668741960072,236.47668741960072,False
ERIE BOULEVARD WEST,477435232,236.43779529822774,236.43779529822774,False
COMSTOCK AVENUE,477436397,236.3697387229181,236.3697387229181,False
HILLSBORO PARKWAY,477438225,236.22944432498883,236.22944432498883,False
DAKOTA STREET,477440503,236.17895117067118,236.17895117067118,False
EAST COLVIN STREET,477442226,236.15756543129515,236.15756543129515,False
EAST ADAMS STREET,477437396,236.08023123224785,236.08023123224785,False
BALLANTYNE ROAD,477444526,235.98493629964904,235.98493629964904,False
VINE STREET,477431555,235.90167888999795,235.90167888999795,False
TITUS ALLEY,477431017,235.76395822415867,235.76395822415867,False
LANCASTER AVENUE,477440241,235.68278849677677,235.68278849677677,False
HADDON ROAD,477438353,235.64350281904373,235.64350281904373,False
SEDGWICK DRIVE,477431009,235.5721629495453,235.5721629495453,False
LINWILL TERRACE,477429208,235.30182477489114,235.30182477489114,False
CADWELL PLACE,477439233,235.1241409069534,235.1241409069534,False
JACKSON STREET,477438223,235.10129983372968,235.10129983372968,False
WESTMINSTER AVENUE,477439869,235.09088811855744,235.09088811855744,False
WEST STREET ARTERIAL SOUTHBOUND,477436151,235.03894473833049,235.03894473833049,False
HIGHLAND STREET,477431858,235.0058939326744,235.0058939326744,False
CARBON STREET,477429339,234.9618369804203,234.9618369804203,False
SLOCUM DRIVE,477443136,234.89135450798847,234.89135450798847,False
EAST GLEN AVENUE,477445291,234.85959078554754,234.85959078554754,False
LODI STREET,477430444,234.7845475430124,234.7845475430124,False
CARBON STREET,477429238,234.74796176112653,234.74796176112653,False
EMERSON AVENUE,477433375,234.5165531848322,234.5165531848322,False
GENANT DRIVE,506021495,234.33246490314278,234.33246490314278,False
EMERSON AVENUE,477432324,234.28661570298829,234.28661570298829,False
ENGLEWOOD AVENUE,477445379,234.2722339467231,234.2722339467231,False
SOUTH WILBUR AVENUE,800097681,234.16318115683774,234.16318115683774,False
EAST SENECA TURNPIKE,477446046,234.13966798933754,234.13966798933754,False
BUTTERNUT STREET,477429622,234.02048749088613,234.02048749088613,False
MONROE STREET,477437787,233.901780904411,233.901780904411,False
MONROE STREET,477437791,233.8701416783962,233.8701416783962,False
EAST COLVIN STREET,477442070,233.68432692901288,233.68432692901288,False
EAST COLVIN STREET,477442100,233.66972000998956,233.66972000998956,False
TURTLE STREET,477429988,233.58000513459373,233.58000513459373,False
BERKELEY DRIVE,477441161,233.5496986840541,233.5496986840541,False
HICKORY STREET,477433681,233.27123897086815,233.27123897086815,False
WHEATON ROAD,800039446,232.94764116848552,232.94764116848552,False
DESTINY USA DRIVE,600055693,232.9279079683313,232.9279079683313,False
NICHOLS AVENUE,477431859,232.64325779582308,232.64325779582308,False
EUCLID AVENUE,477439502,232.52506249330503,232.52506249330503,False
EAST ADAMS STREET,477437384,232.2853824710816,232.2853824710816,False
GLENWOOD AVENUE,800038089,232.27986472072112,232.27986472072112,False
FABIUS STREET,477436912,232.20117236524788,232.20117236524788,False
KIRKPATRICK STREET,477430263,232.1221442266938,232.1221442266938,False
JAMES STREET,477429900,232.1089794327113,232.1089794327113,False
DELAWARE STREET,477439251,231.95313001449475,231.95313001449475,False
HANCOCK DRIVE,477443076,231.50509192442786,231.50509192442786,False
ROBINEAU ROAD,477441861,231.37889839781997,231.37889839781997,False
EAST FAYETTE STREET,800037824,231.3258174343145,231.3258174343145,False
VINCENT STREET,477442971,231.24702272349336,231.24702272349336,False
WEST ONONDAGA STREET,800040121,231.22147327394757,231.22147327394757,False
SUNNYCREST ROAD,477431451,231.13094259334684,231.13094259334684,False
CENTRAL AVENUE,477437144,230.61403718894255,230.61403718894255,False
SHOTWELL PARK,504325230,230.53330073265624,230.53330073265624,False
ROSS PARK,800048790,230.32186919613557,230.32186919613557,False
JACKSON STREET,477438232,230.26824414940324,230.26824414940324,False
DELAWARE STREET,477438533,230.19531663043094,230.19531663043094,False
WESTMORELAND AVENUE,477435110,230.1860172661987,230.1860172661987,False
WHITTIER AVENUE,477437432,229.97622928539815,229.97622928539815,False
NORTH BEECH STREET,477435105,229.9414795335218,229.9414795335218,False
ERIE BOULEVARD WEST,477431997,229.60896209102657,229.60896209102657,False
ERIE BOULEVARD EAST,477435037,229.01573769092036,229.01573769092036,False
EAST TAYLOR STREET,477438539,228.90953097010308,228.90953097010308,False
GLENWOOD AVENUE,477443353,228.7534472543954,228.7534472543954,False
DARLINGTON ROAD,477428430,228.73317984410866,228.73317984410866,False
VILLAGE DRIVE,800047545,228.40185154054103,228.40185154054103,False
MIDLAND AVENUE,477438681,228.35764407420425,228.35764407420425,False
BUTTERNUT STREET,477431279,228.10790695582503,228.10790695582503,False
ERIE BOULEVARD EAST,477434943,228.09981438322149,228.09981438322149,False
JUNEWAY ROAD,477441974,228.05213559711666,228.05213559711666,False
TULLY STREET,477436753,228.00997554745527,228.00997554745527,False
CHANNING PLACE,477446225,227.99401815599475,227.99401815599475,False
ROBINSON STREET,477432296,227.952101862753,227.952101862753,False
KIRK PARK DRIVE,477443474,227.5195731685454,227.5195731685454,False
DANFORTH TERRACE,477439403,227.35231901288915,227.35231901288915,False
WEST ADAMS STREET,477437577,227.2641445964368,227.2641445964368,False
ACADEMY PLACE,477446358,227.0869046385262,227.0869046385262,False
AUDUBON PARKWAY,477435988,226.83411469398217,226.83411469398217,False
EAST LAUREL STREET,477432160,226.78116774034655,226.78116774034655,False
JAMES STREET,477429854,226.5736582513358,226.5736582513358,False
VINCENT STREET,477442942,226.49081079600916,226.49081079600916,False
SALISBURY ROAD,477437743,226.4628744524822,226.4628744524822,False
BURNET AVENUE,477434048,226.43343737702745,226.43343737702745,False
SOUTH WILBUR AVENUE,477435866,226.27709465116993,226.27709465116993,False
WEST ONONDAGA STREET,477440030,226.21167093359844,226.21167093359844,False
EVANS STREET,800050913,226.149616474475,226.149616474475,False
TOMPKINS STREET,477436695,226.13265898452013,226.13265898452013,False
SOUTH TOWNSEND STREET,509997567,226.13114327228237,226.13114327228237,False
FABIUS STREET,477437061,226.12810207016602,226.12810207016602,False
ACADIA AVENUE,477428203,226.11954291435734,226.11954291435734,False
AVERY AVENUE,477432569,226.07182769316591,226.07182769316591,False
BELLEVUE AVENUE,477440387,225.95948569694437,225.95948569694437,False
PEAT STREET,477433735,225.9517538691084,225.9517538691084,False
IRVING AVENUE,477436235,225.57197683647888,225.57197683647888,False
PATTISON STREET,800048719,225.3644554306408,225.3644554306408,False
COURT STREET,477428191,225.16047865073128,225.16047865073128,False
BURNET AVENUE,477432970,225.14754693903836,225.14754693903836,False
VILLAGE DRIVE,477429553,225.13278018840322,225.13278018840322,False
ARNETT AVENUE,477429601,225.01445802016778,225.01445802016778,False
RIVOLI AVENUE,477427833,224.99753949237143,224.99753949237143,False
WINDING RIDGE ROAD,477443859,224.9821208974642,224.9821208974642,False
MULBERRY TERRACE,477439605,224.5827413391735,224.5827413391735,False
SOUTH SALINA STREET,477442227,224.49027294703177,224.49027294703177,False
VALLEY DRIVE,477445439,224.2252435027369,224.2252435027369,False
WEST SENECA TURNPIKE,477445667,224.21930524427796,224.21930524427796,False
BUTTERNUT STREET,477454217,223.87510844431026,223.87510844431026,False
MEADOWBROOK DRIVE,477437487,223.76627038270178,223.76627038270178,False
ULSTER STREET,477435800,223.71112721655075,223.71112721655075,False
ARGYLE AVENUE,477428586,223.70305675257597,223.70305675257597,False
EAST BELDEN AVENUE,477433345,223.62905371286953,223.62905371286953,False
EUCLID AVENUE,800048350,223.48300919859298,223.48300919859298,False
MEADOWBROOK DRIVE,477440702,223.3888442808558,223.3888442808558,False
PEARL STREET,477433535,223.04103287549478,223.04103287549478,False
EAST GENESEE STREET,477438989,222.85760732066038,222.85760732066038,False
TULLY STREET,477436616,222.6983430334052,222.6983430334052,False
SOUTH GLENCOVE ROAD,477430814,222.57423852567402,222.57423852567402,False
CALEB AVENUE,477431240,222.51177387129667,222.51177387129667,False
SOUTH WILBUR AVENUE,477437732,222.42640585953936,222.42640585953936,False
HAWLEY AVENUE,477433143,222.4107541960315,222.4107541960315,False
BURLINGAME ROAD,477431187,222.30966745739806,222.30966745739806,False
WEST NEWELL STREET,477443684,221.59432963087826,221.59432963087826,False
MILTON AVENUE,477431903,221.48631939205103,221.88343404522755,True
BEECHER STREET,477431794,221.27743534883933,221.27743534883933,False
THOMPSON ROAD,477433073,221.27480269851142,221.27480269851142,False
AMES AVENUE,477445576,221.15322881154552,221.15322881154552,False
CONCORD PLACE,513530331,220.83575755918343,220.83575755918343,False
SOUTH MCBRIDE STREET,477435400,220.8223817857109,220.8223817857109,False
ERIE BOULEVARD EAST,481561066,220.75985520459514,220.75985520459514,False
COWIE AVENUE,477429036,220.7404831764218,220.7404831764218,False
LODI STREET,477434821,220.47459847254967,220.47459847254967,False
PAVILLION TERRACE,477439423,220.1982430371021,220.1982430371021,False
SEVENTH NORTH STREET,477427696,219.97657963504662,219.97657963504662,False
BROAD STREET,477441075,219.96262934567034,219.96262934567034,False
CONCORD PLACE,513530334,219.92985922675848,219.92985922675848,False
COMSTOCK AVENUE,477442632,219.84930206486905,219.84930206486905,False
WADSWORTH STREET,477427387,219.7846841031898,219.7846841031898,False
CONCORD PLACE,513530329,219.7759298953861,219.7759298953861,False
HUNTER AVENUE,477432642,219.75006177872055,219.75006177872055,False
HADDON ROAD,477438354,219.7126318198362,219.7126318198362,False
LYNCH AVENUE,477443925,219.22685747363846,219.22685747363846,False
FORMAN AVENUE,477435910,219.0875705154094,219.0875705154094,False
HIAWATHA BOULEVARD WEST,477430653,219.05707841710523,219.05707841710523,False
ERIE BOULEVARD EAST,477435367,218.985085040451,218.985085040451,False
NORTH CLINTON STREET,477433826,218.8835135789561,218.8835135789561,False
EUCLID AVENUE,477439301,218.8484887643869,218.8484887643869,False
EAST ADAMS STREET,509998031,218.61760295439126,218.61760295439126,False
CHERRY STREET,477435595,218.54733023774324,218.54733023774324,False
WEBSTERS LANDING,508421627,218.2928172740023,218.2928172740023,False
SAINT MARKS AVENUE,508421634,218.0304131417018,218.0304131417018,False
WEST BELDEN AVENUE,477433479,217.94419190992275,217.94419190992275,False
HIAWATHA PLACE,800041914,217.90424356386697,217.90424356386697,False
SPENCER STREET,506022031,217.64979443925515,217.64979443925515,False
WESTCOTT STREET,477438693,217.6436522754087,217.6436522754087,False
SOUTH STATE STREET,477437999,217.61216182918216,217.61216182918216,False
MEADOWBROOK DRIVE,800039146,217.5506680969044,217.5506680969044,False
ONONDAGA AVENUE,477442138,217.38466490550834,217.38466490550834,False
ERIE BOULEVARD EAST,800052293,217.35652510290836,217.35652510290836,False
HARBORSIDE DRIVE,477428795,217.07737921108318,217.07737921108318,False
HEADSON DRIVE,800052324,216.8337319325148,220.13249377296677,True
CONCORD PLACE,513530328,216.83226324829164,216.83226324829164,False
NORTH STATE STREET,477454136,216.78444698332788,216.78444698332788,False
EAST BRIGHTON AVENUE,800100343,216.73293197136462,216.73293197136462,False
SEWARD STREET,477431460,216.5750678563828,216.5750678563828,False
VINCENT STREET,477443053,216.40887846990057,216.40887846990057,False
WEST COLVIN STREET,477442620,216.24769778595177,216.24769778595177,False
WESTMORELAND AVENUE,800037808,216.16134670036794,216.16134670036794,False
MARTIN LUTHER KING EAST,800034167,216.11358433338543,216.11358433338543,False
SOUTH SALINA STREET,477444359,215.99933831246176,215.99933831246176,False
FARMERS MARKET WAY,477429078,215.86369337064818,215.86369337064818,False
MIDLAND AVENUE,477444418,215.71330473696696,215.71330473696696,False
SALT SPRINGS ROAD,477436576,215.18832365460193,215.18832365460193,False
ONTARIO STREET,477437084,215.04190246153783,215.04190246153783,False
STRATHMORE DRIVE,477442735,214.5169723249925,214.5169723249925,False
STINARD AVENUE,477443025,214.39686249321218,214.39686249321218,False
SUNSET AVENUE,477430678,214.38516567939666,214.38516567939666,False
GERE AVENUE,477432331,214.32570367835459,214.32570367835459,False
LATTER DRIVE,477446800,214.0402854190943,214.0402854190943,False
CALEB AVENUE,477431294,213.84002658610595,213.84002658610595,False
IRVING AVENUE,600063811,213.61190313124573,213.61190313124573,False
CORTLAND AVENUE,800030649,213.4825422619028,213.4825422619028,False
SOUTH GEDDES STREET,477439350,213.40573919744403,213.40573919744403,False
VELASKO ROAD,477441610,213.34466090821067,213.34466090821067,False
LANCASTER AVENUE,800040265,213.31245222876117,213.31245222876117,False
GLENWOOD AVENUE,477443268,212.9134678189532,212.9134678189532,False
WESTCOTT STREET,477435766,212.74592144090127,212.74592144090127,False
NORTHCLIFFE ROAD,477430088,212.72471771516518,212.72471771516518,False
MASSENA STREET,477438244,212.60928913544464,212.60928913544464,False
WEST FAYETTE STREET,477433113,212.57247596244736,212.57247596244736,False
HIAWATHA BOULEVARD WEST,800037599,212.4844951247916,212.4844951247916,False
WEST ONONDAGA STREET,509997008,212.1200834180546,212.1200834180546,False
ALTON STREET,477442603,212.10715741689097,212.10715741689097,False
WEST FAYETTE STREET,477433262,211.97090156928354,211.97090156928354,False
SOUTH SALINA STREET,477446333,211.93592372645605,211.93592372645605,False
PLYMOUTH DRIVE,477430334,211.74677034775002,211.74677034775002,False
POND STREET,477430183,211.31223402508826,211.31223402508826,False
BUCKINGHAM AVENUE,477440618,211.21907899388847,211.21907899388847,False
ONTARIO STREET,477437323,210.99736770071024,210.99736770071024,False
MILES AVENUE,477440685,210.9512658864464,210.9512658864464,False
WEST FAYETTE STREET,477435607,210.9489205567558,210.9489205567558,False
BASSETT STREET,477436602,210.94313258543434,210.94313258543434,False
MEADOWBROOK DRIVE,477439410,210.8037960738096,210.8037960738096,False
OSTROM AVENUE,800048670,210.741888516668,210.741888516668,False
STRATHMORE DRIVE,477442709,210.6717065995983,210.6717065995983,False
HIGHRIDGE PLACE,477441958,210.62859027761957,210.62859027761957,False
GIFFORD STREET,477437322,210.5128683879217,210.5128683879217,False
WHITTIER AVENUE,477437422,210.3681411751322,210.3681411751322,False
BRADLEY STREET,477439868,210.0665186550889,210.0665186550889,False
GREEN STREET,477432985,210.01927197701013,210.01927197701013,False
SYCAMORE TERRACE,477437954,209.84648253772048,209.84648253772048,False
BURNET AVENUE,477431601,209.81313375261328,209.81313375261328,False
SOUTH AVERY AVENUE,477439143,209.76716106497025,209.76716106497025,False
JAMES STREET,477434715,209.70391905156512,209.70391905156512,False
DANFORTH STREET,477430514,209.60800784350977,209.60800784350977,False
OTISCO STREET,481561675,209.33399181175807,209.33399181175807,False
WADSWORTH STREET,800040450,208.8519463746902,208.8519463746902,False
TALLMAN STREET,477439457,208.74701398393464,208.74701398393464,False
EAST COLVIN STREET,477442129,208.64236684834387,208.64236684834387,False
AUDUBON PARKWAY,477434121,208.60025065631288,208.60025065631288,False
ROSEWOOD STREET,477432015,208.58522817893422,208.58522817893422,False
HANCOCK DRIVE,800041435,208.56058334749514,208.56058334749514,False
AUDUBON PARKWAY,477435591,208.42253512309787,208.42253512309787,False
HIAWATHA BOULEVARD WEST,477432059,208.0358168480181,208.0358168480181,False
GAGE COURT,477438416,207.95310881510912,207.95310881510912,False
SOUTH GEDDES STREET,477440607,207.94969632635573,207.94969632635573,False
NEW STREET,477438126,207.81697786251905,207.81697786251905,False
ERIE BOULEVARD EAST,477434431,207.80262086884716,207.80262086884716,False
NBT BANK PARKWAY,477428297,207.7865935716839,207.7865935716839,False
CARBON STREET,477430871,207.75790370662136,207.75790370662136,False
THAYER STREET,477443834,207.7498729323583,207.7498729323583,False
FOBES AVENUE,477429574,207.5196456521775,207.5196456521775,False
WENTE TERRACE,800039476,207.50572432819303,207.50572432819303,False
MANLEY FIELD HOUSE,600035933,207.4581603863372,207.4581603863372,False
MONROE STREET,477437818,207.41857185747872,207.41857185747872,False
SEELEY ROAD,477435316,207.37882971509168,207.37882971509168,False
NORTH GEDDES STREET,477433302,207.17066534271584,207.17066534271584,False
GENESEE PARK DRIVE,477436798,207.16620462460781,207.16620462460781,False
SOUTH SALINA STREET,477444786,207.1405206616025,207.1405206616025,False
CADWELL STREET,477438763,207.0974430408767,207.0974430408767,False
SOUTH MIDLER AVENUE,477433102,206.79381457783367,206.79381457783367,False
OSWEGO STREET,477437299,206.73897030714198,206.73897030714198,False
FARMERS MARKET WAY,800030864,206.69088336684376,206.69088336684376,False
FRISBIE COURT,477437984,206.60891687178093,206.60891687178093,False
NICHOLS AVENUE,477432287,206.48307538355064,206.48307538355064,False
SEDGWICK DRIVE,504326411,206.33544868897832,206.33544868897832,False
SLOCUM DRIVE,477443351,205.8669414543857,205.8669414543857,False
GRAND AVENUE,477438123,205.77760231003052,205.77760231003052,False
JAMES STREET,477429732,205.7106028997354,205.7106028997354,False
KIRKPATRICK STREET,477428835,205.56335470159425,205.56335470159425,False
RIDGEWOOD DRIVE,477430179,205.4760517580795,205.4760517580795,False
TRAFFIC CIRCLE,600035935,205.28335794680441,205.28335794680441,False
WEST FAYETTE STREET,477435688,205.25301016335303,205.25301016335303,False
MCALLISTER AVENUE,477442806,205.00980708748457,205.00980708748457,False
ERIE BOULEVARD EAST,477741171,204.96831366796283,204.96831366796283,False
FORDHAM ROAD,800079181,204.95930607473736,204.95930607473736,False
SOUTH STATE STREET,477436013,204.83446251472,204.83446251472,False
SOUTH STATE STREET,800048949,204.82355513624262,204.82355513624262,False
SALT SPRINGS ROAD,477436438,204.26349186512172,204.26349186512172,False
OTISCO STREET,477436558,204.23239745653242,204.23239745653242,False
ELK STREET,477442304,204.2316738125665,204.2316738125665,False
WILL AVENUE,477440785,204.15932640583551,204.15932640583551,False
PEAT STREET,477433553,204.134686638061,204.134686638061,False
GLASS TERRACE,477441567,204.04419461541372,204.04419461541372,False
SOUTH TOWNSEND STREET,509997457,203.9593337469952,203.9593337469952,False
BARKER AVENUE,477435172,203.77618616549637,203.77618616549637,False
BERGER AVENUE,477444150,203.707693365496,203.707693365496,False
SOUTH STATE STREET,477437632,203.68935588471604,203.68935588471604,False
SOUTH SALINA STREET,477446655,203.4733665830661,203.4733665830661,False
GLENWOOD AVENUE,477443295,203.4156489283585,203.4156489283585,False
WARNER COURT,477432341,203.37400599546018,203.37400599546018,False
GRANT BOULEVARD,800048393,203.35431663210124,203.35431663210124,False
EAST GLEN AVENUE,477445282,203.19460636432905,203.19460636432905,False
LIGHT COURT,477437959,203.18076783974087,203.18076783974087,False
BELLEVUE AVENUE,477440262,203.15841279570094,203.15841279570094,False
ACKERMAN AVENUE,477438896,203.12048136246707,203.12048136246707,False
COLDBROOK DRIVE,477446323,202.76085138606516,202.76085138606516,False
CHURCHILL AVENUE,477444700,202.7604691195828,202.7604691195828,False
GENESEE PARK DRIVE,477436876,202.64753367477155,202.64753367477155,False
GRAY AVENUE,800079180,202.61677242918134,202.61677242918134,False
EAST WASHINGTON STREET,477435354,202.38174661183754,202.38174661183754,False
BELLEVUE AVENUE,477440441,202.36061903643235,202.36061903643235,False
SOUTH CLINTON STREET,800067162,202.345085335553,202.345085335553,False
WEST GENESEE STREET,477434142,202.1374625408386,202.1374625408386,False
FABIUS STREET,477437085,202.0744337505061,202.0744337505061,False
EUCLID AVENUE,477439491,202.05512197968855,202.05512197968855,False
MARCELLUS STREET,800032569,201.9648166356639,201.9648166356639,False
WEST GENESEE STREET,477434083,201.74819426891335,201.74819426891335,False
LEAVENWORTH AVENUE,477435430,201.5389213326211,201.5389213326211,False
VAN BUREN STREET,477439124,201.48831856048173,201.48831856048173,False
JERICHO DRIVE,477442772,201.45718254295917,201.45718254295917,False
GRANT BOULEVARD,477429430,201.4391931107668,201.4391931107668,False
DEWITT STREET,477431278,200.88023601160336,200.88023601160336,False
ROBINCROFT ROAD,477432388,200.46579285363893,200.46579285363893,False
EAST SENECA TURNPIKE,477445928,200.45914368158736,200.45914368158736,False
NORTHWAY STREET,477434060,200.31529686915488,200.31529686915488,False
EAST CATHROP AVENUE,509994531,200.26327147710325,200.26327147710325,False
SOUTH AVENUE,477441677,200.22477857473265,200.22477857473265,False
EAST FAYETTE STREET,477435628,200.19290071871802,200.19290071871802,False
OSWEGO STREET,477437108,200.1284207088972,200.1284207088972,False
CATAWBA STREET,477431416,199.97772793772498,199.97772793772498,False
LEMOYNE AVENUE,477428108,199.9015439422906,199.9015439422906,False
BELLEVUE AVENUE,477440269,199.70790772603021,199.70790772603021,False
POND STREET,477430555,199.70571781253065,199.70571781253065,False
EVANS STREET,477433365,199.59746760305623,199.59746760305623,False
STATE FAIR BOULEVARD,477433764,199.53314555052233,199.53314555052233,False
CLARENDON STREET,477438830,199.4646481948471,199.4646481948471,False
SEDGWICK DRIVE,477431314,199.2948097315239,199.2948097315239,False
WILLUMAE DRIVE,477427871,199.26445996347408,199.26445996347408,False
HERALD PLACE,509997851,199.1084731294276,199.1084731294276,False
GERE AVENUE,800047553,199.08080616302453,199.08080616302453,False
WEST GENESEE STREET,477434320,199.0160113123641,199.0160113123641,False
TALLMAN STREET,800030634,198.98292284293333,198.98292284293333,False
CATAWBA STREET,477431501,198.9332958933528,198.9332958933528,False
THOMPSON ROAD,477431959,198.76637133404276,198.76637133404276,False
GRAND AVENUE,477438748,198.7433803371895,198.7433803371895,False
AUDUBON PARKWAY,477434136,198.7418565987665,198.7418565987665,False
ROBINSON STREET,477432319,198.72748270713254,198.72748270713254,False
VINE STREET,477434093,198.64847956635103,198.64847956635103,False
EAST FAYETTE STREET,477435808,198.45492949433265,198.45492949433265,False
SOUTH STATE STREET,477435901,198.4099998076464,198.4099998076464,False
EAST DIVISION STREET,477431738,198.38380551879735,198.38380551879735,False
SPAULDING AVENUE,800038791,198.28211486604164,198.28211486604164,False
FITCH STREET,477439023,198.27048062732885,198.27048062732885,False
DEWITT STREET,477431383,198.08426935183635,198.08426935183635,False
BERKSHIRE AVENUE,477428473,198.07151798014777,198.07151798014777,False
GREENWOOD PLACE,477437652,198.06320882480202,198.06320882480202,False
WASHINGTON SQUARE,477429416,198.05764564558743,198.05764564558743,False
SOUTH TOWNSEND STREET,509997655,197.93239947391572,197.93239947391572,False
ERIE BOULEVARD EAST,477434919,197.7395726431743,197.7395726431743,False
HARVARD PLACE,477437757,197.42574427184084,197.42574427184084,False
EAST CATHROP AVENUE,509994538,197.31617394260823,197.31617394260823,False
PLUM STREET,477435233,197.07945252937418,197.07945252937418,False
BELLEVUE AVENUE,477440543,196.97809512036721,196.97809512036721,False
HILLVIEW AVENUE,504325490,196.9565845693683,196.9565845693683,False
HILLSBORO PLACE,477438038,196.92670138087087,196.92670138087087,False
CATAWBA STREET,477431462,196.80398917819815,196.80398917819815,False
ESSEX STREET,477432784,196.72718945868294,196.72718945868294,False
RIDGEWOOD DRIVE,477430064,196.6714769745424,196.6714769745424,False
VAN BUREN STREET,477439126,196.63642771709007,196.63642771709007,False
SEDGWICK DRIVE,477431333,196.59308620670447,196.59308620670447,False
EUCLID AVENUE,477439011,196.58619825548865,196.58619825548865,False
WEST STREET ARTERIAL NORTHBOUND,477435371,196.45856918577203,196.45856918577203,False
EAST DIVISION STREET,477431672,196.26222754888946,196.26222754888946,False
LUDDINGTON STREET,477431421,196.1719479263925,196.1719479263925,False
NORTH MCBRIDE STREET,477434482,196.04451084767678,196.04451084767678,False
SOUTH AVERY AVENUE,477436979,195.9505941075269,195.9505941075269,False
MALTBIE STREET,477432602,195.9089278605939,195.9089278605939,False
ERIE BOULEVARD WEST,477431878,195.8733062479863,195.8733062479863,False
GENANT DRIVE,477430775,195.8058061844019,195.8058061844019,False
AUDUBON PARKWAY,800088615,195.6560491023302,195.6560491023302,False
TULLY STREET,477436804,195.43751626221356,195.43751626221356,False
NORTHCLIFFE ROAD,477430196,195.39263815130428,195.39263815130428,False
HIAWATHA BOULEVARD EAST,800036180,195.2938002534449,195.2938002534449,False
WINKWORTH PARKWAY,477442521,195.28300030826557,195.77465971147643,True
BEACON ROAD,477428948,195.11434750608862,195.11434750608862,False
NORTH CROUSE AVENUE,477434520,194.9542155474322,194.9542155474322,False
POND STREET,477429955,194.80853481064196,194.80853481064196,False
GREEN STREET,477433078,194.75117741590464,194.75117741590464,False
TOMPKINS STREET,477435872,194.68856473902284,194.68856473902284,False
ERIE BOULEVARD EAST,477435320,194.68473790728413,194.68473790728413,False
GRANT BOULEVARD,477429148,194.640458126616,194.640458126616,False
HEADSON DRIVE,800052327,194.2991831941711,194.2991831941711,False
VELASKO ROAD,600063423,194.2514739071215,194.2514739071215,False
VALLEY DRIVE,477444695,194.1650567220678,194.1650567220678,False
NORTH LOWELL AVENUE,477433487,193.87542879566925,193.87542879566925,False
CARBON STREET,477430424,193.85020130794993,193.85020130794993,False
HARRISON STREET,477436928,193.80867447417344,193.80867447417344,False
HAFFENDEN ROAD,477441908,193.80142076518476,193.80142076518476,False
EAST JEFFERSON STREET,477436205,193.74905529545632,193.74905529545632,False
SOUTH WEST STREET,477435608,193.38063905392517,193.38063905392517,False
LODI STREET,477433567,192.8436796856867,192.8436796856867,False
EAST ADAMS STREET,477437369,192.71136337309233,192.71136337309233,False
GRANT BOULEVARD,477428664,192.57582124680005,192.57582124680005,False
JAMES STREET,477429867,192.49492735140396,192.49492735140396,False
BUTTERNUT STREET,477428789,192.45815560672995,192.45815560672995,False
WASHINGTON SQUARE,477429484,192.3686149331966,192.3686149331966,False
SOUTH SALINA STREET,509994539,192.3588325006568,192.3588325006568,False
GRANT BOULEVARD,477428673,192.27431193938241,192.27431193938241,False
SOUTH AVENUE,477443376,192.1153212547305,192.1153212547305,False
HIAWATHA BOULEVARD EAST,508421551,192.07662573716337,192.07662573716337,False
VAN RENSSELAER STREET,477435616,192.0282770816322,192.0282770816322,False
SLOCUM DRIVE,477442926,191.8270670064379,191.8270670064379,False
SUMMIT AVENUE,477440529,191.58441627490734,191.58441627490734,False
WEST STREET ARTERIAL NORTHBOUND,477437677,191.53284021062942,191.53284021062942,False
BELMONT STREET,477437096,191.4869297623661,191.4869297623661,False
RADISSON COURT,477438363,191.45934953398108,191.45934953398108,False
MILTON AVENUE,800056621,191.37802170526186,191.37802170526186,False
COURT STREET,477428688,191.3071390769013,191.3071390769013,False
COUGHLIN AVENUE,477428962,191.2146778694006,191.2146778694006,False
HARBORSIDE DRIVE,600058802,191.11113882277573,191.11113882277573,False
VALLEY DRIVE,477444473,190.916926384124,190.916926384124,False
TEALL AVENUE,477429243,190.86430439614617,190.86430439614617,False
BEACON ROAD,477428868,190.7680504885491,190.7680504885491,False
SOUTH WARREN STREET,481561652,190.55629117828292,190.55629117828292,False
TEALL AVENUE,477432020,190.48427705633918,190.48427705633918,False
BOYDEN PLACE,477431594,190.46459167740448,190.46459167740448,False
SIXTH NORTH STREET,477427623,190.45523034041454,190.45523034041454,False
BUTTERNUT STREET,477454132,190.42802274189836,190.42802274189836,False
EAST COLVIN STREET,477442866,190.38611635849003,190.38611635849003,False
LEAVENWORTH AVENUE,477433146,190.2286599056213,190.2286599056213,False
JAMES STREET,477429880,190.05337500781832,190.05337500781832,False
GLENWOOD AVENUE,800038093,189.99265894288382,189.99265894288382,False
DORCHESTER AVENUE,477430050,189.79970925559053,189.79970925559053,False
MOREY AVENUE,477444698,189.67688251263806,189.67688251263806,False
BURNET AVENUE,477432894,189.57724280621036,189.57724280621036,False
NORTON AVENUE,477429253,189.1887283276299,189.1887283276299,False
COURT STREET,477428058,189.14210296136704,189.14210296136704,False
MONROE STREET,477437824,189.06528102292936,189.06528102292936,False
JANET DRIVE,477440484,188.88955103606835,205.65091287309804,True
PARK STREET,508421556,188.84415023469003,188.84415023469003,False
BROAD STREET,477441056,188.83752148427703,188.83752148427703,False
SEELEY ROAD,477435560,188.38512655999102,188.38512655999102,False
GLENWOOD AVENUE,477443287,188.32561908321577,188.32561908321577,False
SOUTH STATE STREET,477436222,187.81447347174,187.81447347174,False
STRATHMORE ROAD,477443262,187.77873490976788,187.77873490976788,False
SUNNYCREST ROAD,477431466,187.74697701101167,187.74697701101167,False
COUGHLIN AVENUE,477428870,187.6845601557171,187.6845601557171,False
PARKWAY DRIVE,477442478,187.619218606184,187.619218606184,False
CHAMPLIN DRIVE,477431766,187.1475453701819,187.1475453701819,False
SOUTH SALINA STREET,477445041,187.00068059295162,187.00068059295162,False
SOUTH WEST STREET,477435936,186.93696469421607,186.93696469421607,False
LEMOYNE AVENUE,477427604,186.93238564814703,186.93238564814703,False
DESTINY USA DRIVE,477454199,186.9107908442405,186.9107908442405,False
SUNNYCREST ROAD,800034491,186.8925849771094,186.8925849771094,False
GLENWOOD AVENUE,800040796,186.831922607733,186.831922607733,False
TEALL AVENUE,477429127,186.7510125147763,186.7510125147763,False
EAST NEWELL STREET,477443465,186.64104146070542,186.64104146070542,False
MOUNT OLYMPUS DRIVE,600016006,186.63868798242385,186.63868798242385,False
MILFORD DRIVE WEST,800042641,186.5809818391905,186.5809818391905,False
ERIE BOULEVARD EAST,477434981,186.51879300711175,186.51879300711175,False
DANFORTH STREET,477430677,186.48723012237215,186.48723012237215,False
SCOTTHOLM TERRACE,477437349,186.47938564634129,186.47938564634129,False
ONONDAGA AVENUE,477441339,186.44206707951918,186.44206707951918,False
BUCKINGHAM AVENUE,477440624,186.3394706076485,186.3394706076485,False
FABIUS STREET,477436991,186.15726781098488,186.15726781098488,False
EAST DIVISION STREET,477430243,185.9735550431121,185.9735550431121,False
EAST DIVISION STREET,477431627,185.815805588166,185.815805588166,False
GREENWAY AVENUE,477433445,185.7607811555589,185.7607811555589,False
EDGEWOOD DRIVE,477447041,185.7371087709305,185.7371087709305,False
CRESCENT AVENUE,477441556,185.3109353160537,185.3109353160537,False
BEACON ROAD,477428929,185.29313681512588,185.29313681512588,False
WEST SENECA TURNPIKE,477445803,185.235816466393,185.235816466393,False
EAST DIVISION STREET,477431788,185.22044599805227,185.22044599805227,False
GRANT TERRACE,800034320,185.2163290701401,185.2163290701401,False
NORTON AVENUE,477429248,185.10686195396337,185.10686195396337,False
WEST NEWELL STREET,477443660,184.97824196208464,184.97824196208464,False
MONTICELLO DRIVE SOUTH,477446020,184.85427160602865,184.85427160602865,False
SOUTH WEST STREET,477437676,184.8042778415888,184.8042778415888,False
MARIS DRIVE,477446009,184.7623552702408,184.7623552702408,False
SOUTH SALINA STREET,477445706,184.59814823964516,184.59814823964516,False
CLARENCE AVENUE,477445478,184.50103043721674,184.50103043721674,False
EAST GLEN AVENUE,477445296,184.1962968485467,184.1962968485467,False
WINDEMERE ROAD,477446774,184.1920230780652,184.1920230780652,False
WASHINGTON SQUARE,477429467,184.09619365388164,184.09619365388164,False
SCOTT AVENUE,477437733,183.90420838889554,183.90420838889554,False
ROBINSON STREET,800034330,183.8508399923121,183.8508399923121,False
BALLANTYNE ROAD,477444531,183.83004681902742,183.83004681902742,False
DODGE DRIVE,477442531,183.75762717888884,183.75762717888884,False
LEAVENWORTH AVENUE,477433354,183.69983319955972,183.69983319955972,False
EAST LAUREL STREET,477432935,183.59186027822926,183.59186027822926,False
SPRINGBROOK AVENUE,477445038,183.46947978432772,183.46947978432772,False
SOUTH AVENUE,477441797,183.46568826818697,183.46568826818697,False
BUTTERNUT STREET,477432169,183.4643565106523,183.4643565106523,False
GRANT BOULEVARD,477429485,183.28912928017257,183.28912928017257,False
CALEB AVENUE,477431710,183.10774292682038,183.10774292682038,False
SEWARD STREET,477431619,183.0468213664922,183.0468213664922,False
DILLAYE AVENUE,477432763,182.92807023375624,182.92807023375624,False
GIFFORD STREET,477437226,182.66259769313223,182.66259769313223,False
WEST GENESEE STREET,477433972,182.53874563434323,182.53874563434323,False
GRANT BOULEVARD,477429227,182.43115533434846,182.43115533434846,False
AUDUBON PARKWAY,477435587,182.38583026716765,182.38583026716765,False
TEALL AVENUE,477429173,182.35913190453675,182.35913190453675,False
TEALL AVENUE,477432845,182.0251604359066,182.0251604359066,False
WASHINGTON SQUARE,477429555,182.01651687717083,182.01651687717083,False
DESTINY USA DRIVE,477430093,181.96747598541126,181.96747598541126,False
NORTH TOWNSEND STREET,509997547,181.8341973648093,181.8341973648093,False
DAYBREAK LANE,477442855,181.70427537644676,181.70427537644676,False
ARNETT AVENUE,477429577,181.66346651446872,181.66346651446872,False
EAST TAYLOR STREET,477438420,181.43741837223848,181.43741837223848,False
WEST FAYETTE STREET,477436349,181.2863374754779,181.2863374754779,False
LENNOX AVENUE,513530285,181.03392758984498,181.03392758984498,False
WEST ONONDAGA STREET,477439951,181.03370118379334,181.03370118379334,False
VALLEY DRIVE,477443470,180.54181511102217,180.54181511102217,False
BROOKLEA DRIVE,477446593,180.47972667391846,180.47972667391846,False
MIDLAND AVENUE,477440333,180.34762318956857,180.34762318956857,False
ASH STREET,477431821,180.3348182016513,180.3348182016513,False
PALMER LANE,477444372,180.23134144224798,180.23134144224798,False
ERIE BOULEVARD EAST,800048345,180.21699231106402,180.21699231106402,False
EAST JEFFERSON STREET,477436210,180.12516348371156,180.12516348371156,False
WESTCOTT STREET,477438262,180.01976414859715,180.01976414859715,False
WHITTIER AVENUE,477437462,179.9941796388878,179.9941796388878,False
SIDMAN AVENUE,477432298,179.94404698723915,179.94404698723915,False
CATAWBA STREET,477431352,179.617122473643,179.617122473643,False
EAST BRIGHTON AVENUE,477444951,179.53987943477196,179.53987943477196,False
BOYDEN STREET,477431604,179.5350584328314,179.5350584328314,False
WHEATON ROAD,477429259,179.46854126071582,179.46854126071582,False
WYOMING STREET,477436833,179.36939524450023,179.36939524450023,False
RICH STREET,477439340,179.12548143809312,179.12548143809312,False
EAST GLEN AVENUE,511163835,179.07715754931235,179.07715754931235,False
RADCLIFFE ROAD,477437046,179.0678129842412,180.13025462264116,True
GREEN STREET PLACE,477433120,179.05287088587545,179.05287088587545,False
NOTTINGHAM ROAD,477442038,178.88889901935883,277.026859993701,True
WEST GENESEE STREET,477434080,178.88602524987292,178.88602524987292,False
SOUTH MIDLER AVENUE,477432356,178.59061972465724,178.59061972465724,False
BOYDEN STREET,477431611,178.4966773864217,178.4966773864217,False
LEMOYNE AVENUE,800040445,178.4647436702938,178.4647436702938,False
BARNES AVENUE,477444346,178.4289305249358,178.4289305249358,False
BUTTERNUT STREET,477428593,178.3389634712399,178.3389634712399,False
EAST ADAMS STREET,477437366,178.30079185765004,178.30079185765004,False
TYSON PLACE,477429486,178.1605757250079,178.1605757250079,False
LOOMIS AVENUE,477444875,178.13901997976993,178.13901997976993,False
ALBERT TERRACE,477440070,178.12944114158068,178.12944114158068,False
SOUTH MIDLER AVENUE,477432788,178.10443371439345,178.10443371439345,False
JAMES STREET,477429872,178.06383384539896,178.06383384539896,False
HERKIMER STREET,477741262,177.97915038445674,177.97915038445674,False
COURT STREET,477427903,177.9505984296425,177.9505984296425,False
KING STREET,800047546,177.9161871617974,177.9161871617974,False
BUTTERNUT STREET,477432104,177.83890186872728,177.83890186872728,False
COURT STREET,477427987,177.52571087259162,177.52571087259162,False
RICHMOND AVENUE,800032528,177.33080802649178,177.33080802649178,False
DAKOTA STREET,477440513,177.24058773741012,177.24058773741012,False
DEMONG DRIVE,477436808,177.14643442238565,177.14643442238565,False
BURNET AVENUE,477432471,177.13872949969544,177.13872949969544,False
SPENCER STREET,477432063,177.06460371589873,177.06460371589873,False
ONONDAGA BOULEVARD,477440300,177.05139365903887,177.05139365903887,False
ASH STREET,477431771,176.99099785647425,176.99099785647425,False
JAMES STREET,477429888,176.9084619668875,176.9084619668875,False
SOUTH GEDDES STREET,477438005,176.85204758006034,176.85204758006034,False
WEST NEWELL STREET,477443649,176.83514114150069,176.83514114150069,False
POND STREET,477429239,176.80741708460144,176.80741708460144,False
EAST FAYETTE STREET,477435634,176.77898406447036,176.77898406447036,False
EAST WASHINGTON STREET,477435361,176.5029422830403,176.5029422830403,False
MICHAELS CIRCLE,477442244,176.26304447010443,176.26304447010443,False
WEST COLVIN STREET,477442568,176.1044140337446,176.1044140337446,False
HIAWATHA BOULEVARD EAST,800036177,176.05150549068426,178.03517925952514,True
WEST TAYLOR STREET,477438879,175.86442039752848,175.86442039752848,False
POND STREET,477430675,175.81324317588204,175.81324317588204,False
GRANT BOULEVARD,477428635,175.54728522732796,175.54728522732796,False
RONEY LANE,477443078,175.35836425514054,175.35836425514054,False
SEDGWICK DRIVE,504326408,175.1314845474735,175.1314845474735,False
SEDGWICK DRIVE,477431161,175.09222992430634,175.09222992430634,False
NORTHCLIFFE ROAD,477430137,174.61180529529491,174.61180529529491,False
WHEATON ROAD,477429728,174.4823596701028,174.4823596701028,False
TAFT AVENUE,477429121,174.35570614190124,174.35570614190124,False
GLENCOVE ROAD,477430797,174.3380683578005,174.3380683578005,False
SALISBURY ROAD,800048969,174.09677533732435,174.09677533732435,False
WEST GENESEE STREET,477434111,173.79539853919155,173.79539853919155,False
HIAWATHA BOULEVARD WEST,800036186,173.64582640922688,173.64582640922688,False
ROXBURY ROAD,800042649,173.52538190813027,173.52538190813027,False
ERIE BOULEVARD WEST,477435165,173.38150824769681,173.38150824769681,False
JAMES STREET,477429861,173.24740101759076,173.24740101759076,False
HERALD PLACE,509997852,173.17318966264216,173.17318966264216,False
LODI STREET,477432282,173.0250145210399,173.0250145210399,False
HAZELHURST AVENUE,477429023,172.93790492256932,172.93790492256932,False
WINDHAM DRIVE,477439597,172.7423948050374,172.7423948050374,False
EAST WATER STREET,477435141,172.63245429873194,172.63245429873194,False
ALMOND STREET,477436076,172.273192574317,172.273192574317,False
FOURTH NORTH STREET,477427867,172.22032877754174,172.22032877754174,False
ONONDAGA CREEK BOULEVARD,477443710,172.09164420666406,172.09164420666406,False
WEST STREET ARTERIAL NORTHBOUND,477436173,171.94703792982304,171.94703792982304,False
TEALL AVENUE,477431134,171.8431128302667,171.8431128302667,False
PEARL STREET,477433682,171.62876516282685,171.62876516282685,False
SOUTH WEST STREET,477437211,171.56067128500354,171.56067128500354,False
NORTH FRANKLIN STREET,477434370,171.55022321392292,171.55022321392292,False
SOUTH SALINA STREET,477446709,171.49085488931883,171.49085488931883,False
FIRST NORTH STREET,477430033,171.4633326405404,171.4633326405404,False
WILLIAMS STREET,477433332,171.42607444014035,171.42607444014035,False
GRANT BOULEVARD,477428548,171.27154451398684,171.27154451398684,False
SOUTH FRANKLIN STREET,477436033,171.2617289831871,171.2617289831871,False
MARY STREET,477430631,171.2447081563663,171.2447081563663,False
VALLEY DRIVE,800049155,171.22934577305,171.22934577305,False
CLYDE AVENUE,477443310,170.63809713244478,170.63809713244478,False
KELLOGG STREET,477438158,170.5840375577381,170.5840375577381,False
RESTORATION WAY,800059262,170.53009803355684,173.63958034460643,True
PARK STREET,800030836,170.37370778071883,170.37370778071883,False
SEDGWICK DRIVE,477431144,170.22286979851341,170.22286979851341,False
CALEB AVENUE,477431680,170.0158034811187,170.0158034811187,False
SOUTH AVENUE,477443748,169.9637567606549,169.9637567606549,False
DANFORTH STREET,477430578,169.90492339439152,169.90492339439152,False
WESTCOTT STREET,477437881,169.82457044252197,169.82457044252197,False
BROAD STREET,600035974,169.79906439407821,169.79906439407821,False
AUDUBON PARKWAY,800088614,169.78067088244978,169.78067088244978,False
GRANT BOULEVARD,477429188,169.30169305026462,169.30169305026462,False
SOUTH TOWNSEND STREET,509997467,169.14821236600181,169.14821236600181,False
BELLEVUE AVENUE,477440453,168.86168837355532,168.86168837355532,False
EDGEWOOD DRIVE,800054583,168.6225127086375,168.6225127086375,False
BASSETT STREET,800032784,168.4507091274214,168.4507091274214,False
CONSERVATION PLACE,800066152,168.34687490594732,168.34687490594732,False
LENNOX AVENUE,513530282,168.3105893456399,168.3105893456399,False
NORTH STATE STREET,477430920,168.26748668405114,168.26748668405114,False
SEELEY ROAD,477435830,168.2080436314955,168.2080436314955,False
EUCLID AVENUE,477439290,168.18557915006963,168.18557915006963,False
HAYES TERRACE,477447341,168.07758769637124,168.07758769637124,False
SOUTH GEDDES STREET,477437896,168.0772689996004,168.0772689996004,False
WEST BEARD AVENUE,477442331,168.01981473125943,168.01981473125943,False
ONONDAGA AVENUE,477440370,167.87232286417813,167.87232286417813,False
TEALL AVENUE,477429244,167.8674108022184,167.8674108022184,False
WALLACE STREET,509997856,167.79552271120826,167.79552271120826,False
SOLAR STREET,800037282,167.67907303897135,167.67907303897135,False
RICHMOND AVENUE,800032518,167.66023782072347,167.66023782072347,False
HARRISON STREET,477436995,167.56892754974004,167.56892754974004,False
HIAWATHA BOULEVARD EAST,800036183,167.49480557005543,167.49480557005543,False
SOUTH LOWELL AVENUE,800051049,167.3540186873007,167.3540186873007,False
SOUTH BEECH STREET,477437558,167.2890530110255,167.2890530110255,False
LENNOX AVENUE,513530286,167.26580580444252,167.26580580444252,False
WINDING RIDGE ROAD,477443915,167.23246975297846,167.23246975297846,False
CRESTVIEW TERRACE,800049098,167.19680441682226,167.19680441682226,False
VALLEY DRIVE,477444170,166.9765187567954,166.9765187567954,False
SOUTH BEECH STREET,477438263,166.88971600128843,166.88971600128843,False
COURT STREET,477427954,166.74553539577906,166.74553539577906,False
NORTH CLINTON STREET,477432045,166.66399825443534,166.66399825443534,False
LOMBARD AVENUE,477435575,166.46203762735027,166.46203762735027,False
WADSWORTH STREET,477429391,166.41300698374937,166.41300698374937,False
HARVARD PLACE,477437925,166.29418238545372,166.29418238545372,False
WYOMING STREET,477436752,166.2278223749894,166.2278223749894,False
JACKSON STREET,477438234,166.20307823317447,166.20307823317447,False
HOPPER ROAD,477446250,166.18358241804444,166.18358241804444,False
BERTRAM PLACE,477443640,166.06782214597305,166.06782214597305,False
SEDGWICK DRIVE,477431214,165.89162692545375,165.89162692545375,False
ERIE BOULEVARD EAST,477433098,165.7823827056039,165.7823827056039,False
SALISBURY ROAD,800048974,165.77038549951862,165.77038549951862,False
BURNET AVENUE,477432400,165.74727742986926,165.74727742986926,False
GRANT BOULEVARD,800091064,165.74478407217234,165.74478407217234,False
WAVERLY AVENUE,477438146,165.69737154120986,165.69737154120986,False
CORTLAND AVENUE,800030650,165.69701179878018,165.69701179878018,False
OTISCO STREET,477436519,165.68360690995334,165.68360690995334,False
WALLACE STREET,509997853,165.61685098679888,165.61685098679888,False
RONEY LANE,477442996,165.49956726394757,165.49956726394757,False
JAMES STREET,477431313,165.40851166464412,165.40851166464412,False
REINMAN ROAD,800048764,164.94472246936036,167.7133523365267,True
EAST JEFFERSON STREET,477436217,164.93990893904095,164.93990893904095,False
MARSHALL STREET,477437839,164.92171828561925,164.92171828561925,False
NORTH SALINA STREET,477433683,164.84386608734025,164.84386608734025,False
DAKIN STREET,800048231,164.8013076266363,164.8013076266363,False
STEDMAN STREET,800041916,164.7209886760183,164.7209886760183,False
GRANT BOULEVARD,477429889,164.59371128821476,164.59371128821476,False
HIAWATHA BOULEVARD WEST,508421475,164.54497114427656,164.54497114427656,False
PARK AVENUE,477434263,164.5065750331507,164.5065750331507,False
EAST ADAMS STREET,477437466,164.40718053650468,164.40718053650468,False
JAMESVILLE AVENUE,800032738,164.37225148067625,164.37225148067625,False
TALLMAN STREET,477439756,164.36778833584813,164.36778833584813,False
BUTTERNUT STREET,477454141,164.12853534890107,164.12853534890107,False
GRANT BOULEVARD,477429124,164.09131318442226,164.09131318442226,False
NORTH CROUSE AVENUE,477435003,164.01025871658666,164.01025871658666,False
TRUTH TERRACE,477439699,164.00797037833215,164.00797037833215,False
EAST GENESEE STREET,477436283,163.85659669756234,163.85659669756234,False
WEST GENESEE STREET,477434150,163.80151471848856,163.80151471848856,False
LODI STREET,477435034,163.6348291468603,163.6348291468603,False
EAST PLEASANT AVENUE,477443566,163.34761379409053,163.34761379409053,False
BUTTERNUT STREET,477428315,163.27003834988778,163.27003834988778,False
SOUTH LOWELL AVENUE,477436575,163.0112978841477,163.0112978841477,False
DEWITT ROAD,477438168,162.99049400591684,162.99049400591684,False
CEDAR RIDGE APARTMENTS,477434160,162.92895505674758,162.92895505674758,False
SHERBROOKE ROAD,477436737,162.8808270080416,164.8450749543006,True
SHERBOURNE ROAD,477440659,162.8526237961817,162.8526237961817,False
SEDGWICK DRIVE,477431231,162.57116358642503,162.57116358642503,False
EAST KENNEDY STREET,477440888,162.5149384151258,162.5149384151258,False
SOUTH TOWNSEND STREET,509997471,162.50641982611205,162.50641982611205,False
FIRST NORTH STREET,511383775,162.29504635556685,162.29504635556685,False
GRANGER STREET,477437183,162.10304905488715,162.10304905488715,False
MIDLAND AVENUE,477442884,161.92067222064887,161.92067222064887,False
DECKER STREET,477434333,161.8715009162528,161.8715009162528,False
NORTH FRANKLIN STREET,800050918,161.7464137514733,161.7464137514733,False
MAPLEWOOD AVENUE,477447040,161.33008291491012,161.33008291491012,False
UNIVERSITY AVENUE,477435014,161.08073209418833,161.08073209418833,False
NORTH GLENCOVE ROAD,600035917,160.74034854005328,160.74034854005328,False
CATHERINE STREET,477434435,160.72008366342058,160.72008366342058,False
WEST COLVIN STREET,477442593,160.5365135639143,160.5365135639143,False
NORTH GLENCOVE ROAD,477430691,160.52375765849243,160.52375765849243,False
BUNKER HILL WAY,477442335,160.4580732531749,160.4580732531749,False
MARY STREET,477430731,160.39685856747178,160.39685856747178,False
LODI STREET,477434286,160.0992820235045,160.0992820235045,False
EAST BRIGHTON AVENUE,513531413,159.91130737626773,159.91130737626773,False
ONONDAGA CREEK BOULEVARD,477443904,159.73018917881586,159.73018917881586,False
BELLEVUE AVENUE,477440381,159.58078601025343,159.58078601025343,False
STEDMAN STREET,477427472,159.57825414577366,159.57825414577366,False
WILLISTON AVENUE,477429538,159.33748746257416,159.33748746257416,False
SALT SPRINGS ROAD,477436463,159.00977858654034,159.00977858654034,False
WINKWORTH PARKWAY,477442528,158.75797621179788,158.75797621179788,False
GREENWAY AVENUE,477432818,158.71585591804796,158.71585591804796,False
CHERRY STREET,477435749,158.52806729465087,158.52806729465087,False
WEST GENESEE STREET,477434171,158.46323086945358,158.46323086945358,False
SALISBURY PARK DRIVE,477436130,158.25753743351336,158.25753743351336,False
TALLMAN STREET,477439484,157.94475143608503,157.94475143608503,False
WALNUT AVENUE,477435024,157.8005667940621,157.8005667940621,False
OXFORD STREET,477440172,157.71884821290612,157.71884821290612,False
SOUTH AVENUE,477442390,157.49136188146886,157.49136188146886,False
ROSEWOOD STREET,477432092,157.48729717790678,157.48729717790678,False
IDA AVENUE,477447352,157.44520570255034,157.44520570255034,False
SOUTH STATE STREET,477438106,157.40494234302588,157.40494234302588,False
FORMAN AVENUE,477435145,157.10468948003412,157.10468948003412,False
OTISCO STREET,481561673,156.93523586901523,156.93523586901523,False
HARRISON STREET,800032456,156.8633153542385,156.8633153542385,False
CAYUGA STREET,477434514,156.8350138301155,156.8350138301155,False
WADSWORTH STREET,477428196,156.58502371865404,156.58502371865404,False
SOUTH AVENUE,477443162,156.57551169834008,156.57551169834008,False
SOUTH MIDLER AVENUE,477432645,156.3406540889274,156.3406540889274,False
SOUTH CROUSE AVENUE,477435159,156.3311038584397,156.3311038584397,False
SOUTH SALINA STREET,477447335,155.72192903942636,155.72192903942636,False
ROCK CUT ROUNDABAOUT,800100346,155.52450554352995,155.52450554352995,False
MILTON AVENUE,477432347,155.5042467795583,155.5042467795583,False
WEST ONONDAGA STREET,800049629,155.44020052812687,155.44020052812687,False
SOUTH SALINA STREET,477445744,155.4175611270477,155.4175611270477,False
MONTGOMERY STREET,477435084,155.33237909607115,155.33237909607115,False
ERIE BOULEVARD WEST,506021505,155.06395486594258,155.06395486594258,False
JAMES STREET,477434379,154.85847635804254,154.85847635804254,False
LOMBARD AVENUE,506021459,154.71994812130546,154.71994812130546,False
BROOKSIDE DRIVE,477447365,154.3446397022819,154.3446397022819,False
PRINCETON AVENUE,477444276,154.20620466944777,154.20620466944777,False
VAN BUREN STREET,477439129,154.1226577694403,154.1226577694403,False
GREEN STREET,800031024,153.72109222563333,153.72109222563333,False
DUDLEY STREET,477439848,153.59174203510952,153.59174203510952,False
FITCH STREET,477439074,153.39320124535223,153.39320124535223,False
KENSINGTON ROAD,477440743,153.31404998697312,153.31404998697312,False
EAST GENESEE STREET,477438007,153.26858514397523,153.26858514397523,False
UNIVERSITY AVENUE,477435173,153.07678833098072,153.07678833098072,False
EAST BRIGHTON AVENUE,477443213,152.781925596897,152.781925596897,False
SOUTH TOWNSEND STREET,509997479,152.51637959238727,152.51637959238727,False
HUNT AVENUE,477442507,152.4500846734222,152.4500846734222,False
ERIE BOULEVARD EAST,477435288,152.41284085196128,152.41284085196128,False
WALNUT AVENUE,477435189,152.32920107439668,152.32920107439668,False
SOUTH WEST STREET,477435773,151.9582108248596,151.9582108248596,False
TALLMAN STREET,477439449,151.37807994417233,151.37807994417233,False
EAST GENESEE STREET,477436083,151.071317286541,151.071317286541,False
SOUTH AVENUE,477442519,151.03263204473026,151.03263204473026,False
PARK STREET,477429282,151.02629761522147,151.02629761522147,False
GRANT BOULEVARD,477429116,150.989512858118,150.989512858118,False
PINE STREET,477435199,150.8530311436169,150.8530311436169,False
MAINS AVENUE,477445434,150.7735110085522,150.7735110085522,False
HIAWATHA BOULEVARD WEST,477432460,150.66733612776528,150.66733612776528,False
HADDON ROAD,477438443,150.54168249499259,150.54168249499259,False
LEXINGTON AVENUE,800037812,150.43518155868665,150.43518155868665,False
EUCLID TERRACE,477439112,150.3710670160821,150.3710670160821,False
SOUTH GEDDES STREET,477440734,150.26719226948407,150.26719226948407,False
WEST FAYETTE STREET,477434454,150.26041825088515,150.26041825088515,False
WOODLAND AVENUE,477441280,149.97021131573663,149.97021131573663,False
HIGHLAND STREET,477429497,149.90875175910722,149.90875175910722,False
NORTH STATE STREET,477434326,149.86788743761122,149.86788743761122,False
SOUTH TOWNSEND STREET,509997452,149.84650737237143,149.84650737237143,False
GREEN STREET,477433144,149.78842713849633,149.78842713849633,False
WINDHAM DRIVE,477439586,149.71990955407685,149.71990955407685,False
DESTINY USA DRIVE,800037533,149.56958368453718,149.56958368453718,False
WADSWORTH STREET,477428289,149.25704590942732,149.25704590942732,False
EAST GENESEE STREET,477439137,149.0582494989625,149.0582494989625,False
WADSWORTH STREET,477428810,148.93303982606204,148.93303982606204,False
SUNNYCREST ROAD,477431440,148.28516278895964,148.28516278895964,False
SLOCUM DRIVE,800034400,148.10253527342337,148.10253527342337,False
CATAWBA STREET,477431510,147.83326956562883,147.83326956562883,False
RILL AVENUE,477444365,147.79789903188166,147.79789903188166,False
LANDMARK PLACE,509997469,147.77000724795195,147.77000724795195,False
SPAID AVENUE,477441421,147.75829162802077,147.75829162802077,False
SOUTH STATE STREET,477435101,147.58609273109954,147.58609273109954,False
ERIE BOULEVARD EAST,481561063,147.46355774806162,147.46355774806162,False
UNION PLACE,477430887,147.4045024911001,147.4045024911001,False
RONEY LANE,477442995,147.31695088398203,147.31695088398203,False
SOUTH SALINA STREET,477438228,147.31305417176569,147.31305417176569,False
EAST WASHINGTON STREET,477435405,147.25225315076813,147.25225315076813,False
EAST BRIGHTON AVENUE,477445423,146.8352844524869,146.8352844524869,False
WEST STREET ARTERIAL NORTHBOUND,477435235,146.8016532938979,146.8016532938979,False
ROBINSON STREET,477432216,146.75360546613612,146.75360546613612,False
STRATHMORE DRIVE,477443288,146.69004808440945,146.69004808440945,False
NORTH FRANKLIN STREET,800032523,146.65192505788985,146.65192505788985,False
MILFORD DRIVE EAST,800042652,146.62699869533546,146.62699869533546,False
MONTGOMERY STREET,477436327,146.59101702530447,146.59101702530447,False
WEST GENESEE STREET,506021508,146.32564044444214,146.32564044444214,False
BARRETT STREET,477438267,146.23291613463257,146.23291613463257,False
SEELEY ROAD,477435945,146.194184227332,146.194184227332,False
LISTMAN AVENUE,800039830,146.0708682528063,146.0708682528063,False
THAYER STREET,477443837,146.0496916950741,146.0496916950741,False
EMERSON AVENUE,477434365,145.7851796830778,145.7851796830778,False
NORTH SALINA STREET,477433069,145.39985447348778,145.39985447348778,False
HUNT AVENUE,477443483,145.3890660385681,145.3890660385681,False
POND STREET,477430019,145.28192335928975,145.28192335928975,False
HAZELHURST AVENUE,477428949,145.2346439703696,145.2346439703696,False
GRANT BOULEVARD,477429174,145.0252265209941,145.0252265209941,False
SOUTH GLENCOVE ROAD,477430835,144.98357757213938,144.98357757213938,False
SOUTH WEST STREET,504325344,144.88852429284177,144.88852429284177,False
LOOMIS AVENUE,477445068,144.62103914093274,144.62103914093274,False
BUTTERNUT STREET,477454214,144.35708028148701,144.35708028148701,False
REMINGTON AVENUE,800051964,144.283126705077,144.283126705077,False
TEALL AVENUE,477429776,144.0650080169004,144.0650080169004,False
GRANT BOULEVARD,477429111,144.0472687050535,144.0472687050535,False
BURNET PARK DRIVE,477436542,143.93813607008144,143.93813607008144,False
SOUTH GLENCOVE ROAD,477430839,143.9339550151615,143.9339550151615,False
ARNETT AVENUE,477429588,143.92865899671858,143.92865899671858,False
CALEB AVENUE,477432082,143.75084858286795,143.75084858286795,False
BURT STREET,477438850,143.33389357032948,143.33389357032948,False
MAINS AVENUE,800050422,142.9175670753108,142.9175670753108,False
ERIE BOULEVARD EAST,477741173,142.87637253141077,142.87637253141077,False
MARTIN LUTHER KING EAST,477440059,142.82591274549065,142.82591274549065,False
NORTH WARREN STREET,477434886,142.82065992953875,142.82065992953875,False
MORNINGSIDE TERRACE,477441574,142.7012433072248,142.7012433072248,False
HARBORSIDE DRIVE,800037555,142.5549792986088,142.5549792986088,False
PENTA DRIVE,477442781,142.38136537774741,142.38136537774741,False
JAMES STREET,477430017,142.33471247567488,142.33471247567488,False
NORTH CLINTON STREET,477434874,142.12638478964755,142.12638478964755,False
SEELEY ROAD,477436099,141.9762776470511,141.9762776470511,False
NORTH STATE STREET,477432221,141.7857126326685,141.7857126326685,False
BURNET AVENUE,477432087,141.70466221281492,141.70466221281492,False
SOUTH GEDDES STREET,477436899,141.52240017290788,141.52240017290788,False
REMINGTON AVENUE,477443971,141.40373001279966,141.40373001279966,False
WEST SENECA TURNPIKE,477445815,141.3446432198335,141.3446432198335,False
PARKWAY DRIVE,477442404,141.24848438164787,141.24848438164787,False
JULIAN PLACE,800049449,140.92366089209966,140.92366089209966,False
LATTER DRIVE,477446732,140.91886782405214,140.91886782405214,False
NORTHCLIFFE ROAD,477430129,140.7040074139776,140.7040074139776,False
AUDUBON PARKWAY,477435789,140.52863128744357,140.52863128744357,False
EAST WILLOW STREET,477434103,140.52433317071737,140.52433317071737,False
TEALL AVENUE,477429304,140.41931263967263,140.41931263967263,False
GRANT TERRACE,800034321,140.34342199524642,140.34342199524642,False
ARDMORE PLACE,477427396,140.33217506629157,140.33217506629157,False
CAYUGA STREET,477434557,140.29163722531396,140.29163722531396,False
SOUTH SALINA STREET,477445547,140.12460754547354,140.12460754547354,False
BUTTERNUT STREET,477454219,140.0237807724612,140.0237807724612,False
SOLAR STREET,600008998,139.94251718230416,139.94251718230416,False
BUTTERNUT STREET,700000805,139.8735682493511,139.8735682493511,False
SMILEY DRIVE,477445190,139.85725786678228,139.85725786678228,False
HARBORSIDE DRIVE,477428959,139.38181795340088,139.38181795340088,False
EAST WASHINGTON STREET,477435415,139.26843475961388,139.26843475961388,False
RIDGEWOOD DRIVE,477430265,139.03770972556543,139.03770972556543,False
WHEATON ROAD,477429330,138.9844520882841,138.9844520882841,False
DELL STREET,477437728,138.95731200326182,138.95731200326182,False
JACKSON STREET,513530487,138.86021699722764,138.86021699722764,False
GORLAND AVENUE,477436859,138.81128631806612,138.81128631806612,False
ERIE BOULEVARD WEST,477435094,138.69306575896286,138.69306575896286,False
LEXINGTON AVENUE,477436192,138.67619552898316,138.67619552898316,False
PERSHING AVENUE,477428821,138.63961646915473,138.63961646915473,False
IRVING AVENUE,600063812,138.62459184678718,138.62459184678718,False
DOUGLAS STREET,477431916,138.49348944941286,138.49348944941286,False
MONROE STREET,477437812,138.35954143464576,138.35954143464576,False
BELLEVUE AVENUE,477440551,138.12836233410187,138.12836233410187,False
WEST COLVIN STREET,477442646,137.86035570111565,137.86035570111565,False
ONONDAGA AVENUE,477442288,137.79780173443226,137.79780173443226,False
DESTINY USA DRIVE,477428951,137.7804940228781,137.7804940228781,False
ALMOND STREET,477435140,137.74080586068575,137.74080586068575,False
SOUTH WARREN STREET,477435079,137.38677744252368,137.38677744252368,False
EMERSON AVENUE,477434556,137.34011736425245,137.34011736425245,False
SOUTH WEST STREET,477436507,137.15574876162972,137.15574876162972,False
COURT STREET,477428764,137.1083312221905,137.1083312221905,False
DAVIS STREET,510577043,136.9361061490102,136.9361061490102,False
OLD LIVERPOOL ROAD,477428313,136.7434302240993,136.7434302240993,False
WEST SENECA TURNPIKE,477445793,136.4715271837019,136.4715271837019,False
WILLIS AVENUE,477431111,136.17120988919137,136.17120988919137,False
HILLVIEW AVENUE,504325496,136.02290687865832,136.02290687865832,False
CROLY STREET,800040697,135.81535201835715,135.81535201835715,False
ROXBURY ROAD,800042647,135.53582835455728,135.53582835455728,False
BELLEVUE AVENUE,477440369,135.53227773840635,135.53227773840635,False
WEST NEWELL STREET,477443636,135.39861554169042,135.39861554169042,False
HIGHLAND STREET,477429399,135.34149062226308,135.34149062226308,False
WILLISTON AVENUE,477429508,135.3151057059552,135.3151057059552,False
KENWOOD AVENUE,477427798,135.251110077375,135.251110077375,False
BUTTERNUT STREET,477428671,135.22871894983342,135.22871894983342,False
BELLEVUE AVENUE,477440432,135.1294766731024,135.1294766731024,False
EAST TAYLOR STREET,477438415,134.9959361542599,134.9959361542599,False
TWIN HILLS DRIVE,477442229,134.52355606508706,134.52355606508706,False
BUTTERNUT STREET,477454134,134.47948185494243,134.47948185494243,False
GRANT BOULEVARD,477429132,133.8406011803207,133.8406011803207,False
ELMHURST AVENUE,477443046,133.72874528810087,133.72874528810087,False
SCOTTHOLM BOULEVARD,477436835,133.66234076839993,133.66234076839993,False
TEALL AVENUE,477431867,133.51185781017833,133.51185781017833,False
HARBORSIDE DRIVE,477428848,133.48942578177355,133.48942578177355,False
NORTH SALINA STREET,477434876,133.36520571050457,133.36520571050457,False
GREEN STREET COURT,477432981,133.2580826267116,133.2580826267116,False
SHERMAN STREET,477442198,133.0613566398994,133.0613566398994,False
BALLANTYNE ROAD,477444571,132.9437309827153,132.9437309827153,False
BARNES AVENUE,477444384,132.94185488278367,132.94185488278367,False
WESTCOTT STREET,477438367,132.85771274472444,132.85771274472444,False
SOUTH CLINTON STREET,477435058,132.68788041552875,132.68788041552875,False
ERIE BOULEVARD WEST,477432739,132.6749372933458,132.6749372933458,False
DAKOTA STREET,477440507,132.56295373969652,132.56295373969652,False
ROBINSON STREET,477432329,132.52844672880795,132.52844672880795,False
WEST NEWELL STREET,477443529,132.22638537856886,132.22638537856886,False
COURT STREET,477428239,132.08870407237478,132.08870407237478,False
EAST CATHROP AVENUE,509994546,132.05337795443648,132.05337795443648,False
CONCORD PLACE,513530332,132.00230089787232,132.00230089787232,False
DESTINY USA DRIVE,477429815,131.91876299155714,131.91876299155714,False
SOUTH AVENUE,477443414,131.85001777400188,131.85001777400188,False
NORTH TOWNSEND STREET,509997556,131.78459209646127,131.78459209646127,False
BURNET AVENUE,477434287,131.75819463900254,131.75819463900254,False
MARCELLUS STREET,800032553,131.7453826758346,131.7453826758346,False
GRAND AVENUE,477438770,131.51929201792476,131.51929201792476,False
EAST CATHROP AVENUE,509994527,131.25057089464403,131.25057089464403,False
SOUTH SALINA STREET,477435057,131.18585945253614,131.18585945253614,False
NORTH SALINA STREET,477433773,131.17956516742854,131.17956516742854,False
HARRIETTE AVENUE,477442473,130.8588713980928,130.8588713980928,False
SOUTH MIDLER AVENUE,477432908,130.84975407288238,130.84975407288238,False
SALISBURY ROAD,477437642,130.802292812476,130.802292812476,False
SOUTH SALINA STREET,800034248,130.72570803199991,130.72570803199991,False
NORTH FRANKLIN STREET,477433468,130.6737776879609,130.6737776879609,False
VELASKO ROAD,800050531,130.63590886455552,130.63590886455552,False
ERIE BOULEVARD EAST,477434973,130.43693226775585,130.43693226775585,False
RENWICK AVENUE,800036337,130.36229772495344,130.36229772495344,False
GRANT BOULEVARD,477428689,130.34284387475228,130.34284387475228,False
EAST DIVISION STREET,477430127,130.2611902486874,130.2611902486874,False
GRANT BOULEVARD,477429832,130.201112130562,130.201112130562,False
LAFAYETTE ROAD,800031540,130.00068442767565,130.00068442767565,False
MIDLAND AVENUE,477440862,129.79059709619415,129.79059709619415,False
EDGEMONT DRIVE,477438442,129.55055409393785,129.55055409393785,False
EVANS STREET,477433082,129.49906619661814,129.49906619661814,False
CONCORD PLACE,513530333,129.44369673899314,129.44369673899314,False
MEDORA PLACE,800047586,129.0208741511949,129.0208741511949,False
EAST DALE STREET,477428882,128.8400318606865,129.23678689087626,True
GRANT BOULEVARD,477429136,128.79872661007548,128.79872661007548,False
HAWLEY AVENUE,800084755,128.79586701543528,128.79586701543528,False
MASSENA STREET,510577032,128.76288725704413,128.76288725704413,False
LOMBARD AVENUE,477435479,128.75214315249514,128.75214315249514,False
LEMOYNE AVENUE,477427554,128.6297172017778,128.6297172017778,False
AUDUBON PARKWAY,800005960,128.49411588110124,128.49411588110124,False
DELAWARE STREET,477438618,128.30880300605054,128.30880300605054,False
FILLMORE AVENUE,800034255,128.3033653143043,128.3033653143043,False
FABIUS STREET,800051081,128.1620548064241,128.1620548064241,False
CHURCHILL AVENUE,477444349,128.1028477623403,128.1028477623403,False
TALLMAN STREET,477439462,127.97172507948723,127.97172507948723,False
HOEFLER STREET,477439447,127.9271065105509,127.9271065105509,False
EAST WASHINGTON STREET,477435377,127.88180102896423,127.88180102896423,False
ALTON STREET,477442608,127.77851852133543,127.77851852133543,False
GRANVILLE STREET,477428515,127.57236014943216,127.98784445973646,True
TEALL AVENUE,477433701,127.54918652038329,127.54918652038329,False
WADSWORTH STREET,477428714,127.46561204739842,127.46561204739842,False
PARK STREET,800038602,127.36466362762351,127.36466362762351,False
SOUTH AVERY AVENUE,477436787,126.9829894031906,126.9829894031906,False
PENTA DRIVE,477442780,126.72335607285895,126.72335607285895,False
WEST KIRKPATRICK STREET,800032563,126.47299494954567,126.47299494954567,False
WEST STREET ARTERIAL NORTHBOUND,477435095,126.42552282598874,126.42552282598874,False
IRVING AVENUE,600063813,125.76713772280706,125.76713772280706,False
GRAPE TERRACE,477439458,125.73537639269848,125.73537639269848,False
TECUMSEH STREET,477441914,125.66147149311865,125.66147149311865,False
GRANT BOULEVARD,477429199,125.62987182423151,125.62987182423151,False
NBT BANK PARKWAY,800030859,125.57802195235261,125.57802195235261,False
HUGHES PLACE NORTH,477441963,125.40270388280102,125.40270388280102,False
SOUTH WARREN STREET,481561653,125.38864783281842,125.38864783281842,False
WESTCOTT STREET,477438774,125.14522014900386,125.14522014900386,False
GRANT TERRACE,800034317,125.1123866309013,125.1123866309013,False
FORMAN AVENUE,477436246,125.00166941707533,125.00166941707533,False
BELLEVUE AVENUE,477440265,124.98247955239765,124.98247955239765,False
J STANLEY COYNE CIRCLE,477439574,124.85078372342711,124.85078372342711,False
EAST COLVIN STREET,600035963,124.71870427844487,124.71870427844487,False
SEELEY ROAD,477435663,124.58276318402116,124.58276318402116,False
MONROE STREET,477437792,124.5792776116076,124.5792776116076,False
NURSERY LANE,477442837,124.516405620859,124.516405620859,False
FOREST EDGE DRIVE,477442577,124.49542183734071,124.49542183734071,False
EAST GENESEE STREET,477437973,124.44133616681728,124.44133616681728,False
WEST ONONDAGA STREET,800040707,124.25755288785409,124.25755288785409,False
MANLEY FIELD HOUSE,600035945,124.25656358904145,124.25656358904145,False
WEST GENESEE STREET,477434291,124.25303187187298,124.25303187187298,False
SOUTH STATE STREET,800038705,124.1554780869285,124.1554780869285,False
HIAWATHA BOULEVARD WEST,477432795,123.88013462350699,123.88013462350699,False
SOUTH SALINA STREET,800034262,123.73899890822122,123.73899890822122,False
WADSWORTH STREET,477427031,123.39007596307432,123.39007596307432,False
BURNET AVENUE,477432120,123.29438515704699,123.29438515704699,False
OVERLOOK DRIVE,800034567,123.04859790328419,123.04859790328419,False
LODI STREET,477431011,123.03874228738796,123.03874228738796,False
SOUTH SALINA STREET,477445783,122.99246895034433,122.99246895034433,False
JAMES STREET,477429844,122.96401626953518,122.96401626953518,False
EAST WATER STREET,477435090,122.91034745476868,122.91034745476868,False
FORMAN AVENUE,477436114,122.85545288398774,122.85545288398774,False
PLYMOUTH DRIVE,477430862,122.76737597160094,122.76737597160094,False
NORTH STATE STREET,477431502,122.7570834847506,122.7570834847506,False
CADILLAC STREET,477427077,122.73994061010247,125.1481825739521,True
RONEY LANE,800032733,122.60194978050355,122.60194978050355,False
CONSERVATION PLACE,800066216,122.6003180105741,122.6003180105741,False
SPENCER STREET,477432474,122.28803920427862,122.28803920427862,False
WEST JEFFERSON STREET,477436185,122.19557196046438,122.19557196046438,False
REMINGTON AVENUE,477443861,121.93268930376435,121.93268930376435,False
KILLIAN DRIVE,477439266,121.89640815038887,121.89640815038887,False
GLENCOVE ROAD,477430757,121.56283239662844,121.56283239662844,False
MCCORMICK AVENUE,477437045,121.41798810714185,121.41798810714185,False
NORTH STATE STREET,477431021,121.11323384439918,121.11323384439918,False
CANNON STREET,477443807,121.0720338363013,121.0720338363013,False
OVERLOOK DRIVE,477441522,121.02963173202743,121.02963173202743,False
SPAULDING AVENUE,477447187,120.90477548814671,120.90477548814671,False
EAST GENESEE STREET,481561664,120.87948950119119,120.87948950119119,False
SUNNYCREST ROAD,800034487,120.85903358612731,120.85903358612731,False
EMERSON AVENUE,477433446,120.83070539120615,120.83070539120615,False
HARBORSIDE DRIVE,800036189,120.69882061376856,120.69882061376856,False
EAST GLEN AVENUE,800100172,120.6959675636219,120.6959675636219,False
BERKSHIRE AVENUE,800039829,120.42168163345562,120.42168163345562,False
ANDOVER ROAD,513530288,120.37901780455438,120.37901780455438,False
NORTH STATE STREET,477434783,120.37376081960721,120.37376081960721,False
EAST WATER STREET,477741184,120.123927948585,120.123927948585,False
NORTH STATE STREET,477434357,120.11753678225045,120.11753678225045,False
EAST WASHINGTON STREET,481561661,120.10370009067951,120.10370009067951,False
EAST GIFFORD PARKWAY,477437975,119.95559892268739,119.95559892268739,False
HILLSBORO PLACE,477438101,119.81646937916257,119.81646937916257,False
WEST GENESEE STREET,508421632,119.78799375892832,119.78799375892832,False
SPENCER STREET,477432414,119.73927392169826,119.73927392169826,False
JAMES STREET,477434235,119.55659232585917,119.55659232585917,False
NORTH SALINA STREET,477430013,119.48751631424093,119.48751631424093,False
EAST ADAMS STREET,477437403,119.47574393655131,119.47574393655131,False
TALLMAN STREET,477439474,119.2437521222962,119.2437521222962,False
DAWES AVENUE,477444807,119.1954576782701,119.1954576782701,False
WESTWOOD ROAD,477442604,119.05453604364341,119.05453604364341,False
EAST GENESEE STREET,477437320,118.99285317720116,118.99285317720116,False
HADDON ROAD,477438433,118.99197557258638,118.99197557258638,False
COURT STREET,477428119,118.92736630198344,118.92736630198344,False
RENWICK AVENUE,477439211,118.7773679951747,118.7773679951747,False
EAST BRIGHTON AVENUE,513531404,118.73633645881307,118.73633645881307,False
VALLEY DRIVE,477444754,118.47209526688367,118.47209526688367,False
SOUTH WEST STREET,477435228,118.1153838065175,118.1153838065175,False
LYNCH AVENUE,477443966,118.05619043570343,118.4871591961039,True
WEST STREET ARTERIAL SOUTHBOUND,513530734,117.87466544719179,117.87466544719179,False
WADSWORTH STREET,477429462,117.83640445728453,117.83640445728453,False
MCCARTHY AVENUE,800032457,117.80150624174685,117.80150624174685,False
SOUTH AVENUE,477443117,117.36101950869177,117.36101950869177,False
CALEB AVENUE,477431258,117.02874197368776,117.02874197368776,False
ERIE BOULEVARD EAST,477434995,116.80503030075648,116.80503030075648,False
ERIE BOULEVARD WEST,477434400,116.72536353357772,116.72536353357772,False
WALLACE STREET,800046552,116.72069805229673,116.72069805229673,False
PLYMOUTH DRIVE,477430796,116.63497825058111,116.63497825058111,False
WESTMORELAND AVENUE,477437924,116.52454001280385,116.52454001280385,False
REMINGTON AVENUE,800052987,116.10549430284028,116.10549430284028,False
GRANT BOULEVARD,477428479,115.62938857937849,115.62938857937849,False
PARK ROAD,477430585,115.6092422861329,115.6092422861329,False
MARTIN LUTHER KING EAST,477440034,115.60913629978914,115.60913629978914,False
ROWLAND STREET,800051005,115.60088661158598,115.60088661158598,False
SOUTH MCBRIDE STREET,477438851,115.46407911884957,115.46407911884957,False
WOLF STREET,477427795,115.4093905388755,115.4093905388755,False
GALE STREET,477432616,115.14265685297507,115.14265685297507,False
EAST DIVISION STREET,477431449,115.04875647500053,115.04875647500053,False
MOORE AVENUE,800032706,114.61856095507419,114.61856095507419,False
WADSWORTH STREET,477428105,114.5865191516603,114.5865191516603,False
SCHUYLER STREET,477434990,114.39499014963725,114.39499014963725,False
WEST STREET ARTERIAL NORTHBOUND,477435979,114.15622119148141,114.15622119148141,False
GREEN STREET ANNEX,477433145,114.1285951256115,114.1285951256115,False
GLENWOOD AVENUE,800040789,114.11753428740845,114.11753428740845,False
GRANT BOULEVARD,800071661,113.76524036330026,113.76524036330026,False
WEST GENESEE STREET,477435433,113.50340270368314,114.10327409936227,True
SOUTH SALINA STREET,509994532,113.46030674626562,113.46030674626562,False
HEADSON DRIVE,800052310,113.42647958056263,113.42647958056263,False
PACIFIC AVENUE,477444798,113.42188600869684,113.42188600869684,False
NURSERY LANE,800053055,113.31514902151503,113.31514902151503,False
ERICKSON STREET,477431355,113.23496482475608,113.23496482475608,False
GENESEE PARK DRIVE,477436875,112.82702464965138,112.82702464965138,False
HOLDEN STREET,477439479,112.80827775664481,112.80827775664481,False
HARVARD PLACE,477437748,112.72176847625761,112.72176847625761,False
VINCENT STREET,477442936,112.70987613234522,112.70987613234522,False
ROXBURY ROAD,477430300,112.44398558161588,112.44398558161588,False
DESTINY USA DRIVE,600055690,112.2872651200424,112.2872651200424,False
EUCLID TERRACE,477439103,112.21453572922557,112.21453572922557,False
PARK AVENUE,508421629,112.20908144273204,112.20908144273204,False
WEST SENECA TURNPIKE,800039760,112.16977174020289,112.16977174020289,False
NORTH GLENCOVE ROAD,600035918,112.15513276173238,112.15513276173238,False
FARM ACRE ROAD,477443379,112.12934699305933,112.12934699305933,False
LODI STREET,477430256,112.06685553064717,112.06685553064717,False
MAINS AVENUE,477445101,111.85338748514873,111.85338748514873,False
POND STREET,477430076,111.68822661044317,111.68822661044317,False
SIZER STREET,506986281,111.67992482649325,111.67992482649325,False
BRONX AVENUE,477428956,111.65173171487733,111.65173171487733,False
NORTH GEDDES STREET,477432966,111.61696067447036,111.61696067447036,False
LOCKESLEY ROAD,477439688,111.0679742684579,111.0679742684579,False
BEAR STREET,477430329,110.98740427836506,110.98740427836506,False
POND STREET,800034840,110.95224087456599,110.95224087456599,False
SPENCER STREET,506022030,110.90272275304285,110.90272275304285,False
WEST FAYETTE STREET,477435606,110.64655561144913,110.64655561144913,False
GRANT TERRACE,800034324,110.57439110236439,110.57439110236439,False
BRONX AVENUE,477428952,110.57250592810078,110.57250592810078,False
EAST WATER STREET,481561656,110.56531770560444,110.56531770560444,False
GAIS DRIVE,477436785,110.13889141990768,110.13889141990768,False
SOUTH WILBUR AVENUE,800084862,109.90934301993882,109.90934301993882,False
TEALL AVENUE,477434052,109.7296378792344,109.7296378792344,False
ALMOND STREET,477436168,109.67552749256949,109.67552749256949,False
ALMOND STREET,506022043,109.63615801856514,109.63615801856514,False
NORTHCLIFFE ROAD,477430169,109.62867934960337,109.62867934960337,False
WEST FAYETTE STREET,477435602,109.57785880468502,109.57785880468502,False
CRESCENT AVENUE,477441513,109.45165279539204,109.45165279539204,False
WEST STREET ARTERIAL NORTHBOUND,477433877,109.44204480421736,109.44204480421736,False
NURSERY LANE,800053056,109.35706634289619,109.35706634289619,False
SCHOENECK COURT,477436589,109.3338293627988,109.3338293627988,False
SABINE STREET,510577042,109.12375124830311,109.12375124830311,False
AVERY AVENUE,477432332,109.05981451827148,109.05981451827148,False
GRANT BOULEVARD,477454215,108.98361141100007,108.98361141100007,False
SPRINGFIELD ROAD,800029849,108.7947632289892,108.7947632289892,False
EAST GENESEE STREET,477436232,108.65790817585429,108.65790817585429,False
WESTMORELAND AVENUE,800037816,108.26595847658528,108.26595847658528,False
DELAWARE STREET,477439294,108.25419325474306,108.25419325474306,False
MEADOWBROOK DRIVE,477441090,108.25334723769086,108.25334723769086,False
MOORE AVENUE,477442768,108.09525588008638,108.09525588008638,False
TEALL AVENUE,477433974,108.08025442471225,108.08025442471225,False
MAINS AVENUE,800046288,107.95603059951927,107.95603059951927,False
GRANGER STREET,477437044,107.94283615812465,107.94283615812465,False
WEST ONONDAGA STREET,800040710,107.85078509191779,107.85078509191779,False
SLOCUM DRIVE,477443318,107.80622565619198,107.80622565619198,False
CADILLAC STREET,477427676,107.75567067406013,107.75567067406013,False
THOMPSON ROAD,477431274,107.69698361411658,107.69698361411658,False
PARK STREET,477428656,107.65706173118059,107.65706173118059,False
SOUTH GEDDES STREET,477440282,107.648742715587,107.648742715587,False
HILLVIEW AVENUE,504325498,107.64442868774648,107.64442868774648,False
FIRST NORTH STREET,511383773,107.5055562416774,107.5055562416774,False
JAMESVILLE AVENUE,477442987,107.05356003652555,107.05356003652555,False
SOUTH SALINA STREET,477444388,106.98582095360386,106.98582095360386,False
PARK STREET,477428568,106.62929859459851,106.62929859459851,False
LIBERTY STREET,477433089,106.45717223296343,106.45717223296343,False
WEST NEWELL STREET,477443704,106.42048210474984,106.42048210474984,False
SEELEY ROAD,477435416,106.22092533548326,106.22092533548326,False
CAMP AVENUE,477444934,106.1084736025596,106.1084736025596,False
RICHMOND AVENUE,800034082,106.07286345939431,106.07286345939431,False
MEADOWBROOK DRIVE,800052288,105.97659862976619,105.97659862976619,False
MAINS AVENUE,477445179,105.82152965035219,105.82152965035219,False
SKYTOP ROAD,477453855,105.3992815530145,105.3992815530145,False
DESTINY USA DRIVE,477429752,105.32978391861923,105.32978391861923,False
HIAWATHA BOULEVARD WEST,508421427,105.30438403806112,105.30438403806112,False
LYDELL STREET,477439075,105.16300975577875,105.16300975577875,False
EAST GLEN AVENUE,477444732,104.91582013420118,104.91582013420118,False
ELSNER STREET,477429897,104.5933208442486,104.5933208442486,False
WEST KIRKPATRICK STREET,477431325,104.5464678785551,104.5464678785551,False
OAKWOOD AVENUE,800034377,104.49880157961489,104.49880157961489,False
ROXBURY ROAD,477430305,104.46884777563314,104.46884777563314,False
HEADSON DRIVE,507665682,104.43808863426412,104.43808863426412,False
EAST CHAFFEE AVENUE,477446208,104.22774869029475,104.22774869029475,False
ERIE BOULEVARD WEST,477435842,104.20239029856513,104.20239029856513,False
HARBORSIDE DRIVE,477428878,104.05789489288463,104.05789489288463,False
MAINS AVENUE,477445374,104.01284003599437,104.01284003599437,False
TEALL AVENUE,477431193,103.96023816584987,103.96023816584987,False
EAST GENESEE STREET,477436775,103.8932882829894,103.8932882829894,False
EAST COLVIN STREET,477442127,103.75363811280026,103.75363811280026,False
CATHERINE STREET,477434941,103.47411568620204,103.47411568620204,False
VALLEY DRIVE,477444205,103.44929277693467,103.44929277693467,False
KENWICK DRIVE,477427847,103.40986760420218,106.61242621128648,True
ERIE BOULEVARD WEST,513530737,103.4082396454747,103.4082396454747,False
SOUTH SALINA STREET,800034275,103.24967920882258,103.24967920882258,False
ONONDAGA CREEK BOULEVARD,800047588,103.21672843213068,103.21672843213068,False
PLEASANTVIEW AVENUE,477427834,102.90222793290643,106.07761216371414,True
TOMPKINS STREET,477435912,102.85586380968216,102.85586380968216,False
ROCK CUT ROUNDABAOUT,477445217,102.75882442509723,102.75882442509723,False
BUCKINGHAM AVENUE,477442360,102.66161953136074,102.66161953136074,False
GRANT BOULEVARD,477429190,102.56525041858617,102.56525041858617,False
DESTINY USA DRIVE,477454211,102.53984665488716,102.53984665488716,False
KENSINGTON ROAD,477440623,102.35030683835377,102.35030683835377,False
BROAD STREET,477441063,102.29674347473173,102.29674347473173,False
HIAWATHA BOULEVARD WEST,508421469,102.27308246485208,102.27308246485208,False
MANLEY FIELD HOUSE,600035946,102.23885164784714,102.23885164784714,False
HEADSON DRIVE,800052314,102.09227463406907,102.09227463406907,False
MIDLAND AVENUE,477444352,101.86278411843782,101.86278411843782,False
THOMPSON ROAD,800052834,101.6518677218345,101.6518677218345,False
FORMAN AVENUE,477435982,101.3379930025958,101.3379930025958,False
ONTARIO STREET,477437168,101.23643917060846,101.23643917060846,False
LOMBARD AVENUE,477435348,101.10608352531004,101.10608352531004,False
HIAWATHA BOULEVARD WEST,508421439,100.65349895669108,100.65349895669108,False
CAYUGA STREET,477434939,100.63840799056632,100.63840799056632,False
BELLEVUE AVENUE,477440372,100.50165344197191,100.50165344197191,False
OAK STREET,477432524,100.35180199712381,100.35180199712381,False
PLUM STREET,477433181,100.27305307166449,100.27305307166449,False
SLOCUM DRIVE,477443477,100.22445281875427,100.22445281875427,False
WEST SENECA TURNPIKE,800039761,100.20822744735098,100.20822744735098,False
EAST COLVIN STREET,600035962,100.14709935388399,100.14709935388399,False
SOUTH FRANKLIN STREET,800066358,99.75135999533074,99.75135999533074,False
MIDLAND AVENUE,477440250,99.60838259177318,99.60838259177318,False
DEVINE STREET,477435289,99.53114304785362,99.53114304785362,False
BUTTERNUT STREET,477429945,99.5045477000981,99.5045477000981,False
LOOMIS AVENUE,800032676,99.48586153068787,99.48586153068787,False
SPENCER STREET,506022029,99.43663365267012,99.43663365267012,False
MOORE AVENUE,800032723,99.42452529091821,99.42452529091821,False
WESTCOTT STREET,477438430,99.35658682680797,99.35658682680797,False
MIDLAND AVENUE,800051059,99.27824323644279,99.27824323644279,False
NORTH MCBRIDE STREET,477434690,99.11914391763399,99.11914391763399,False
LAMSON STREET,477429434,99.11570488217502,99.11570488217502,False
JAMES STREET,477429826,98.94430637847296,98.94430637847296,False
TEALL AVENUE,477433785,98.94068772097661,98.94068772097661,False
VAN RENSSELAER STREET,477433036,98.80684624161657,98.80684624161657,False
WEST FAYETTE STREET,477435865,98.7931505976077,98.7931505976077,False
LAKEVIEW AVENUE,477434176,98.65977752068154,98.65977752068154,False
GLENWOOD AVENUE,477443415,98.49542585854002,98.49542585854002,False
WILL COURT,477436913,98.44862929925341,98.44862929925341,False
TRAFFIC CIRCLE,600035932,97.70285534551677,97.70285534551677,False
SHUART AVENUE,477431554,97.69878253923804,97.69878253923804,False
UNION AVENUE,477432743,97.55143786303483,97.55143786303483,False
WEST BEAR STREET,477430461,97.39646466823534,97.39646466823534,False
CHEMUNG STREET,477432364,97.15748296496038,97.15748296496038,False
WEST NEWELL STREET,800047585,96.91825155264951,96.91825155264951,False
GENANT DRIVE,477430447,96.88467924459114,96.88467924459114,False
SWANSEA DRIVE,477429091,96.79593650715788,96.79593650715788,False
TEALL AVENUE,477434129,96.69436574678237,96.69436574678237,False
ERIE BOULEVARD EAST,477434942,96.48672159587815,96.48672159587815,False
OAK STREET,477431329,96.34452931391569,96.34452931391569,False
ACADEMY PLACE,477446779,96.25056779306489,96.25056779306489,False
HILLSBORO PARKWAY,477437521,96.24112675925903,96.24112675925903,False
PARK STREET,477428558,96.12972670708088,96.12972670708088,False
CLARENDON STREET,800053041,96.0817589808351,96.0817589808351,False
GERE AVENUE,477432299,95.87860374065582,95.87860374065582,False
FABIUS STREET,800051126,95.65553828869574,95.65553828869574,False
THURBER STREET,477443412,95.58621405047568,95.58621405047568,False
ONONDAGA AVENUE,477440366,95.51886186395497,95.51886186395497,False
VALLEY DRIVE,477444633,95.38652670519085,95.38652670519085,False
LORETTO ROUNDABOUT,800100173,95.35024871932636,95.35024871932636,False
SEWARD STREET,477431496,95.25967332968538,95.25967332968538,False
EAST COLVIN STREET,477442107,95.20789964088156,95.20789964088156,False
MELROSE AVENUE,477430776,94.95960121114051,94.95960121114051,False
EAST WATER STREET,477435134,94.87995743288865,94.87995743288865,False
FARMERS MARKET WAY,800030865,94.55880148426056,94.55880148426056,False
JAMES STREET,800038744,94.52466384400566,94.52466384400566,False
COSTELLO COURT,477437003,94.50532334959179,94.50532334959179,False
VAN RENSSELAER STREET,800046572,94.45710492078057,94.45710492078057,False
CLIFFSIDE DRIVE,477442801,94.1945752098645,94.1945752098645,False
GLENWOOD AVENUE,477443293,94.14240278192698,94.14240278192698,False
SOUTH BEECH STREET,477437376,94.1119102771702,94.1119102771702,False
NORTH MCBRIDE STREET,477434816,94.06785855528737,94.06785855528737,False
WEST GENESEE STREET,477434442,93.94723121726763,93.94723121726763,False
ERIE BOULEVARD EAST,477434923,93.79617512689201,93.79617512689201,False
ROBERTS AVENUE,477440838,93.74739811292591,93.74739811292591,False
COURT STREET,477430572,93.64429577180302,93.64429577180302,False
WEST FAYETTE STREET,800051050,93.56647330733486,93.56647330733486,False
SOUTH SALINA STREET,477444265,93.54883719861257,93.54883719861257,False
COURT STREET,477428806,93.31946500949326,93.31946500949326,False
VALLEY DRIVE,477445624,93.0936919477812,93.0936919477812,False
SOUTH BEECH STREET,477436647,92.94145742825549,92.94145742825549,False
SOUTH MCBRIDE STREET,477435130,92.90359120849082,92.90359120849082,False
RIVOLI AVENUE,477427826,92.76877718393298,92.76877718393298,False
LAFAYETTE ROAD,477446359,92.64645208317475,92.64645208317475,False
CONSERVATION PLACE,800066191,92.49091270134531,92.49091270134531,False
SOUTH AVENUE,800034579,92.48462907192608,92.48462907192608,False
BENHAM AVENUE,477437658,92.39033361827309,92.39033361827309,False
SOUTH BEECH STREET,477435211,92.19446287114754,92.19446287114754,False
RICH STREET,477441243,92.15286048316617,92.15286048316617,False
OTISCO STREET,477436489,91.99812395349304,91.99812395349304,False
FILLMORE AVENUE,800034244,91.97755009264252,91.97755009264252,False
CADILLAC STREET,477427543,91.83874041232761,91.83874041232761,False
DORWIN AVENUE,477447320,91.72948243239013,91.72948243239013,False
CORCORAN COURT,481561674,91.70688895163948,91.70688895163948,False
WEBSTERS LANDING,700000806,91.6694052503727,91.6694052503727,False
WEST ADAMS STREET,477437541,91.64577630171483,91.64577630171483,False
SUNNYCREST ROAD,477431295,91.63431046455368,91.63431046455368,False
OAK STREET,477434278,91.48754727031961,91.48754727031961,False
BUTTERNUT STREET,477454218,91.48503969457423,91.48503969457423,False
SAINT ANNE DRIVE,800034448,91.38951723222293,91.38951723222293,False
WEST SENECA TURNPIKE,477445727,91.1866984621562,91.1866984621562,False
LIBERTY STREET,477432995,91.14003490850264,91.14003490850264,False
HIAWATHA BOULEVARD WEST,477430595,90.93093700655004,90.93093700655004,False
PLYMOUTH DRIVE,477430197,90.92156264404191,90.92156264404191,False
DESTINY USA DRIVE,477454209,90.83707579874256,90.83707579874256,False
BELLEVUE AVENUE,477441434,90.68927638296627,90.68927638296627,False
SOUTH MCBRIDE STREET,477435226,90.46688596834198,90.46688596834198,False
SPENCER STREET,477431557,90.45878014722663,90.45878014722663,False
VINCENT STREET,600008873,90.23503983446545,90.23503983446545,False
RESTORATION WAY,800046958,89.85766006897143,89.85766006897143,False
CONCORD PLACE,477438317,89.83947427518214,89.83947427518214,False
NOTTINGHAM ROAD,477440603,89.83297200796184,89.83297200796184,False
HIAWATHA BOULEVARD WEST,508421447,89.81499965496808,89.81499965496808,False
MEADOWBROOK DRIVE,477440539,89.6281434260769,89.6281434260769,False
BUTTERNUT STREET,477432842,89.58471904632187,89.58471904632187,False
COLERIDGE AVENUE,477437394,89.2386337091826,89.2386337091826,False
WILLIS AVENUE,800030515,89.0484660465701,89.0484660465701,False
CATHERINE STREET,477434800,88.9014225427524,88.9014225427524,False
EAST WATER STREET,477435132,88.48335857546063,88.48335857546063,False
ROSS PARK,800048791,88.48306521714578,88.48306521714578,False
RONEY LANE,477443082,88.4353767713749,88.4353767713749,False
STATE FAIR BOULEVARD,800032549,88.42147339919622,88.42147339919622,False
BUTTERNUT STREET,477432786,88.39610338859099,88.39610338859099,False
OAK STREET,477433320,88.32834808958684,88.32834808958684,False
JAMES STREET,477429748,88.32641280198897,88.32641280198897,False
ERIE BOULEVARD WEST,477431800,88.29847658158866,88.29847658158866,False
LANCASTER AVENUE,477441796,87.98788436811971,87.98788436811971,False
LEWIS STREET,477432956,87.92072224439876,87.92072224439876,False
ONEIDA STREET,509996998,87.86884007888256,87.86884007888256,False
SOUTH GEDDES STREET,477436265,87.83804487401699,87.83804487401699,False
WEST ADAMS STREET,800037280,87.65068309433374,87.65068309433374,False
EAST LAUREL STREET,477432401,87.63596880155623,87.63596880155623,False
GLENWOOD AVENUE,477443311,87.61808794805557,87.61808794805557,False
CHERRY STREET,477436282,87.50835969743574,87.50835969743574,False
WEST ONONDAGA STREET,509997012,87.04792551140173,87.04792551140173,False
WEST GENESEE STREET,477433878,86.9272971435544,86.9272971435544,False
TEALL AVENUE,477429353,86.79232639966762,86.79232639966762,False
REINMAN ROAD,800048753,86.6732201607291,86.6732201607291,False
CATHERINE STREET,508421190,86.61411044152703,86.61411044152703,False
RONEY LANE,477443110,86.47305695607083,86.47305695607083,False
TWIN HILLS DRIVE,477442749,86.07805543214488,86.07805543214488,False
VINCENT STREET,477443057,85.93980372159028,85.93980372159028,False
EAST GLEN AVENUE,800100184,85.64102827629586,85.64102827629586,False
SOUTH CLINTON STREET,800067173,85.46702791503316,85.46702791503316,False
PARK STREET,477428698,85.29967826012006,85.29967826012006,False
IVES AVENUE,477434997,85.18975433095305,85.18975433095305,False
THOMPSON ROAD,477431671,84.94594765073131,84.94594765073131,False
EAST WILLOW STREET,477434172,84.87690425018837,84.87690425018837,False
ELMHURST AVENUE,800050953,84.67886915244473,84.67886915244473,False
GRANT BOULEVARD,477429202,84.44847457805933,84.44847457805933,False
SOUTH CLINTON STREET,800037252,84.44262045164858,84.44262045164858,False
WEST SENECA TURNPIKE,477445602,84.33289290855267,84.33289290855267,False
NORTH STATE STREET,477430964,84.22665905088051,84.22665905088051,False
SEDGWICK DRIVE,477430706,83.89513685904048,83.89513685904048,False
RENWICK AVENUE,477439608,83.86962484209292,83.86962484209292,False
ONONDAGA LAKE PARKWAY,800042162,83.67969656175339,83.67969656175339,False
WALLACE STREET,509997854,83.34172360620093,83.34172360620093,False
AVERY AVENUE,477432412,83.2510730515175,83.2510730515175,False
NORTH GEDDES STREET,477433105,83.060368487283,83.060368487283,False
THOMPSON ROAD,477430153,83.05272523271321,83.05272523271321,False
SALT SPRINGS ROAD,800029795,82.96289001292932,82.96289001292932,False
NORTH GEDDES STREET,477434341,82.76494499265016,82.76494499265016,False
EAST GIFFORD PARKWAY,506986299,82.73442396274442,82.73442396274442,False
WEST KENNEDY STREET,800032596,82.68388627011191,82.68388627011191,False
PEARL STREET,477433346,82.67862555800967,82.67862555800967,False
SOUTH STATE STREET,477437680,82.36537217565204,82.36537217565204,False
WEST ONONDAGA STREET,477439746,82.26764702288587,82.26764702288587,False
NORTH STATE STREET,477434224,82.23805284486555,82.23805284486555,False
SOUTH SALINA STREET,477439020,81.55960643144779,81.55960643144779,False
CONCORD PLACE,513530327,81.30682927577455,81.30682927577455,False
MANOR DRIVE,477437955,81.2694087180117,81.2694087180117,False
WEST FAYETTE STREET,800030719,81.15154524100562,81.15154524100562,False
EAST WASHINGTON STREET,481561073,81.01150636388822,81.01150636388822,False
WEST LAUREL STREET,477432982,80.93980061305632,80.93980061305632,False
MANLEY FIELD HOUSE,600035942,80.86775474884479,80.86775474884479,False
EAST CATHROP AVENUE,509994542,80.75143129419654,80.75143129419654,False
COLUMBUS AVENUE,477435756,80.60011765583316,80.60011765583316,False
TEALL AVENUE,477431580,80.27949615320168,80.27949615320168,False
SUNSET AVENUE,477430537,80.19609419350694,80.19609419350694,False
EAST CATHROP AVENUE,509994544,80.00570914524779,80.00570914524779,False
DORWIN AVENUE,477447322,80.0003228218058,80.0003228218058,False
SOUTH MIDLER AVENUE,477432536,79.70178755998023,79.70178755998023,False
EAST GLEN AVENUE,800100152,79.57351082131859,79.57351082131859,False
MAINS AVENUE,477445332,79.49557490485306,79.49557490485306,False
NORTH CROUSE AVENUE,477434765,79.25016199118544,79.25016199118544,False
OAKWOOD AVENUE,477439444,79.23507390918928,79.23507390918928,False
EAST FAYETTE STREET,477435684,79.12233697196066,79.12233697196066,False
FABIUS STREET,477436832,79.10346831717742,79.10346831717742,False
EAST GENESEE STREET,477436482,79.08227171267163,79.08227171267163,False
EAST FAYETTE STREET,800037804,79.0373285186173,79.0373285186173,False
PARK STREET,477428730,78.53175307346227,78.53175307346227,False
NORTH MCBRIDE STREET,477434922,78.3269439646379,78.3269439646379,False
TRAFFIC CIRCLE,600035934,78.24827219281289,78.24827219281289,False
KIMBER ROAD,507664814,78.11139577084295,78.11139577084295,False
ALMOND STREET,508421387,77.84665919175364,77.84665919175364,False
WEST GENESEE STREET,800037284,77.68614064661634,77.68614064661634,False
CARLTON DRIVE,477437637,77.66140374718287,77.66140374718287,False
COURT STREET,477430619,77.62198444490075,77.62198444490075,False
TEALL AVENUE,477433554,77.4557485078089,77.4557485078089,False
ROCK CUT ROUNDABAOUT,800100347,77.44012328072638,77.44012328072638,False
DICKERSON STREET,800032430,77.30244986363881,77.30244986363881,False
WEST COURT STREET,477430717,77.2605636901708,77.2605636901708,False
ROCK CUT ROUNDABAOUT,800100348,77.03727322776807,77.03727322776807,False
THOMPSON ROAD,477432198,76.941952908705,76.941952908705,False
SOUTH SALINA STREET,477445325,76.87784725859183,76.87784725859183,False
SOUTH SALINA STREET,477438584,76.75850643522897,76.75850643522897,False
EAST WATER STREET,477741187,76.70618876591445,76.70618876591445,False
EVANS STREET,800030675,76.63381862696347,76.63381862696347,False
WESTWOOD ROAD,477442609,76.4829042697575,76.4829042697575,False
ALMOND STREET,477436302,76.34290707376707,76.34290707376707,False
SEELEY ROAD,477435156,76.32250092974613,76.32250092974613,False
NOTTINGHAM ROAD,477441025,76.29625390401412,76.29625390401412,False
BELLEVUE AVENUE,477441447,76.24775812688796,76.24775812688796,False
HIGHLAND STREET,477429627,76.10847387214342,76.10847387214342,False
SOUTH MIDLER AVENUE,477432426,76.05305650722049,76.05305650722049,False
WEST ONONDAGA STREET,800040237,76.01494792350029,76.01494792350029,False
BRADLEY STREET,477439931,75.89985753887126,75.89985753887126,False
RESTORATION WAY,800034076,75.53615589228629,75.53615589228629,False
BALLANTYNE ROAD,800052212,75.24798682344618,75.24798682344618,False
HIAWATHA BOULEVARD WEST,508421440,75.18524932461126,75.18524932461126,False
SOUTH WARREN STREET,477436600,75.11579790173971,75.11579790173971,False
PAGE AVENUE,482659670,75.06430469741078,75.06430469741078,False
THOMPSON ROAD,477432255,75.01901995689563,75.01901995689563,False
MAINS AVENUE,477445204,74.88833441752446,74.88833441752446,False
CONAN STREET,477444548,74.78707395930317,74.78707395930317,False
SUNRISE DRIVE,477446301,74.74984378582643,74.74984378582643,False
NORTH CLINTON STREET,477433637,74.55577199214679,74.55577199214679,False
AUDUBON PARKWAY,477435718,74.29445022204152,74.29445022204152,False
EAST SENECA TURNPIKE,477445751,74.25216312349701,74.25216312349701,False
SOUTH GEDDES STREET,477438997,74.21270999433034,74.21270999433034,False
JAMES STREET,477434546,74.21251279326516,74.21251279326516,False
CLIFFSIDE DRIVE,800032728,74.15855370987711,74.15855370987711,False
SOUTH MIDLER AVENUE,477433141,74.0954986593702,74.0954986593702,False
BENEDICT AVENUE,477442101,74.08854993726806,74.08854993726806,False
WEST COURT STREET,477430774,73.97987145193734,73.97987145193734,False
BROAD STREET,477441171,73.71426719924762,73.71426719924762,False
MATTY AVENUE,477434407,73.63549519650746,73.63549519650746,False
BELLEVUE AVENUE,477440485,73.61456070328553,73.61456070328553,False
VAN RENSSELAER STREET,477434393,73.2748432904611,73.2748432904611,False
DRISCOLL AVENUE,477434046,73.21218293199878,73.21218293199878,False
TOMPKINS STREET,477436708,73.15845409355505,73.15845409355505,False
VAN RENSSELAER STREET,477431598,73.09130759910327,73.09130759910327,False
BUTTERNUT STREET,477432807,72.92702957872721,72.92702957872721,False
DEFOREST ROAD,477437566,72.8935215486181,72.8935215486181,False
WEBSTERS LANDING,508421626,72.71451250782964,72.71451250782964,False
LAMBRETH LANE,800076700,72.6949311889279,72.6949311889279,False
WEST ONONDAGA STREET,800037306,72.45929415267457,72.45929415267457,False
HILLSBORO PARKWAY,477437395,72.42605160572155,72.42605160572155,False
RICH STREET,477441283,72.4213567396193,72.4213567396193,False
ERIE BOULEVARD EAST,477434996,72.32114433260958,72.32114433260958,False
PARK STREET,477428584,72.19885445956007,72.19885445956007,False
SHUART AVENUE,800033907,72.14998337554256,72.14998337554256,False
NORTH TOWNSEND STREET,509997536,72.07926672391388,72.07926672391388,False
BELLEVUE AVENUE,477440515,71.98432896966254,71.98432896966254,False
LODI STREET,477434625,71.98111263574592,71.98111263574592,False
DELAWARE STREET,800034406,71.88540162531966,71.88540162531966,False
FENTON STREET,800034098,71.87707966870944,71.87707966870944,False
ALANSON ROAD,477441903,71.82694857235914,71.82694857235914,False
SOUTH SALINA STREET,477446518,71.79320271537848,71.79320271537848,False
NORTH SALINA STREET,477432026,71.52844553653878,71.52844553653878,False
LEMOYNE AVENUE,477426942,71.40371105417194,73.98457309487341,True
MEADE COURT,477437062,71.29839533393361,71.29839533393361,False
MEADOWBROOK DRIVE,477437398,71.1306809867705,71.1306809867705,False
EAST WASHINGTON STREET,481561076,71.08278138030519,71.08278138030519,False
POND STREET,800040125,70.94098602722205,70.94098602722205,False
ULSTER STREET,477435328,70.79226497136904,70.79226497136904,False
RENWICK AVENUE,800036341,70.71050999942172,70.71050999942172,False
EAST FAYETTE STREET,800037819,70.43588593783348,70.43588593783348,False
NORTH TOWNSEND STREET,509997549,70.41589529680968,70.41589529680968,False
HIAWATHA BOULEVARD WEST,508421466,70.27318184433186,70.27318184433186,False
BERKELEY DRIVE,477440185,70.08118515676205,70.08118515676205,False
NORTH STATE STREET,477434559,69.87852603257008,69.87852603257008,False
SKYTOP ROAD,477443260,69.83186009183702,69.83186009183702,False
NORTH STATE STREET,477434926,69.79383390233568,69.79383390233568,False
SPRINGFIELD ROAD,477435496,69.72204563129809,69.72204563129809,False
TEALL AVENUE,800052840,69.61903299020588,69.61903299020588,False
FOREST EDGE DRIVE,477442677,69.57455712047164,70.02703924851325,True
SOUTH SALINA STREET,477445073,69.36995706477539,69.36995706477539,False
RUGBY ROAD,477430113,69.19536196264215,69.19536196264215,False
ESSEX STREET,477433510,69.13283499437925,69.13283499437925,False
BARKER AVENUE,477434436,68.91249477188848,68.91249477188848,False
MILFORD DRIVE WEST,800042655,68.70070662823537,68.70070662823537,False
BRUCE STREET,477434420,68.59074941629368,68.59074941629368,False
LORETTO ROUNDABOUT,800100176,68.43139428183356,68.43139428183356,False
WEST ADAMS STREET,477437548,68.40089595817463,68.40089595817463,False
BELLEVUE AVENUE,477440478,67.93235704481592,67.93235704481592,False
SPRINGFIELD ROAD,800029834,67.76458252441664,67.76458252441664,False
WEST NEWELL STREET,477443652,67.76348403950567,67.76348403950567,False
MIDLAND AVENUE,477440418,67.68804734233326,67.68804734233326,False
EAST COLVIN STREET,477442054,67.65306913041246,67.65306913041246,False
THOMPSON ROAD,477432305,67.57405314807117,67.57405314807117,False
JAMESVILLE AVENUE,477443830,67.57024574240688,67.57024574240688,False
ALMOND STREET,477435951,67.50219823667487,67.50219823667487,False
NORTH GEDDES STREET,477432639,67.4715831050951,67.4715831050951,False
EAST GLEN AVENUE,800100175,67.32325217559739,67.32325217559739,False
SOUTH ALVORD STREET,800038595,67.24415451158043,67.24415451158043,False
PEAT STREET,477433301,67.17989806985489,67.17989806985489,False
AUDUBON PARKWAY,800005938,67.12174424552073,67.12174424552073,False
PARK AVENUE,508421630,67.01641186979668,67.01641186979668,False
NORTH SALINA STREET,477433516,66.92812901735435,66.92812901735435,False
NORTH BEECH STREET,477434506,66.86671376695108,66.86671376695108,False
HIAWATHA BOULEVARD WEST,508421437,66.81434676582185,66.81434676582185,False
PLUM STREET,800032519,66.78762619129074,66.78762619129074,False
GARFIELD AVENUE,477441281,66.68493336665364,66.68493336665364,False
EAST BRIGHTON AVENUE,477443173,66.65019517424119,66.65019517424119,False
ERIE BOULEVARD EAST,477434977,66.63731158586955,66.63731158586955,False
WEST TAYLOR STREET,800047555,66.57280793193418,66.57280793193418,False
WESTWOOD ROAD,477442368,66.47694694677459,66.47694694677459,False
PROSPECT AVENUE,477433059,66.41957332871651,66.41957332871651,False
MAINS AVENUE,477445294,66.40278113510757,66.40278113510757,False
SALISBURY ROAD,477437725,66.39309132569983,66.39309132569983,False
MEADOWBROOK DRIVE,477441084,66.05798917981151,66.05798917981151,False
HIAWATHA BOULEVARD WEST,508421430,66.00510045234198,66.00510045234198,False
SEDGWICK DRIVE,504326409,65.99356279296929,65.99356279296929,False
THOMPSON ROAD,477432891,65.90465491097133,65.90465491097133,False
JAMES STREET,477429769,65.87441650031107,65.87441650031107,False
TEMPLE STREET,800053095,65.84144599133998,65.84144599133998,False
SKYTOP ROAD,477443275,65.79591331117703,65.79591331117703,False
PLUM STREET,477435041,65.69391389863459,65.69391389863459,False
WEST BEAR STREET,800039715,65.59573845495207,65.59573845495207,False
ERIE BOULEVARD EAST,477434970,65.48774279145321,65.48774279145321,False
CONSERVATION PLACE,800066237,65.4775496805108,65.4775496805108,False
FINEVIEW PLACE,477439646,65.43055376979018,65.43055376979018,False
WILLIS AVENUE,477430990,65.4138728237689,69.33101067587174,True
SOUTH SALINA STREET,477442832,65.27912878292808,65.27912878292808,False
CLAIRMONTE AVENUE,477440466,64.93573938206173,64.93573938206173,False
FINEVIEW PLACE,477439557,64.92781033928854,64.92781033928854,False
WEST NEWELL STREET,477443687,64.92568559735412,64.92568559735412,False
SPRING LANE,477429983,64.37446400867464,64.37446400867464,False
NORTH FRANKLIN STREET,477433583,64.21639194212014,64.21639194212014,False
MEADOWBROOK DRIVE,477440602,64.07476955010678,64.07476955010678,False
MIDLAND AVENUE,477442237,63.91721535236685,63.91721535236685,False
ALMOND STREET,507665689,63.85794257348077,63.85794257348077,False
ERIE BOULEVARD WEST,513530739,63.85695823560887,63.85695823560887,False
WEST NEWELL STREET,477443662,63.710182151188846,63.710182151188846,False
NORTH TOWNSEND STREET,509997528,63.571756155688554,63.571756155688554,False
LORETTO ROUNDABOUT,800100182,63.482654101059104,63.482654101059104,False
VAN RENSSELAER STREET,477433094,63.47110058628767,63.47110058628767,False
SEDGWICK DRIVE,504326417,63.440865304365836,63.440865304365836,False
FINEVIEW PLACE,477439595,63.424012471633546,63.424012471633546,False
NORTH STATE STREET,477433619,63.3565002316633,63.3565002316633,False
EAST GENESEE STREET,477437450,63.08223740342416,63.08223740342416,False
HARRISON STREET,477436888,63.056024211827015,63.056024211827015,False
MELROSE AVENUE,477430698,63.033047357820486,63.033047357820486,False
WHITTIER AVENUE,477437483,62.8818782629661,62.8818782629661,False
BUTTERNUT STREET,477429404,62.77633431208275,62.77633431208275,False
JAMES STREET,477430105,62.30835153602875,62.30835153602875,False
FELLOWS AVENUE,477439670,62.29530234621511,62.29530234621511,False
HIAWATHA BOULEVARD WEST,508421465,62.25292749361628,62.25292749361628,False
TEALL AVENUE,477432277,62.04372729876055,62.04372729876055,False
SOUTH SALINA STREET,477443597,61.81178162897966,61.81178162897966,False
BERKSHIRE AVENUE,800039828,61.73881439710214,61.73881439710214,False
MILES AVENUE,477441033,61.440100589406406,61.440100589406406,False
GRAND AVENUE,477438694,61.394929578571265,61.394929578571265,False
EAST COLVIN STREET,477442045,61.2932854641882,61.2932854641882,False
GIFFORD STREET,800034971,61.09633024364891,61.09633024364891,False
LOOMIS AVENUE,800032668,60.90890110626962,60.90890110626962,False
WESTCOTT STREET,477442027,60.88654166064293,60.88654166064293,False
SCOTTHOLM BOULEVARD,477437236,60.88644332951044,60.88644332951044,False
BROAD STREET,477441089,60.81342963398464,60.81342963398464,False
CARLTON DRIVE,477437578,60.69894903742962,60.69894903742962,False
ONONDAGA AVENUE,477440813,60.60200764802339,60.60200764802339,False
VELASKO ROAD,477441655,60.57750456912636,60.57750456912636,False
EAST RAYNOR AVENUE,477439748,60.48317672928799,60.48317672928799,False
RUGBY ROAD,504326416,60.30116009223528,60.30116009223528,False
MONTANA STREET,477439892,60.10854003877181,60.10854003877181,False
SOUTH AVENUE,477441117,60.022498192433666,60.022498192433666,False
HIAWATHA BOULEVARD WEST,800037602,59.98724220566915,59.98724220566915,False
JAMES STREET,477434465,59.95792083387086,59.95792083387086,False
KENSINGTON PLACE,477442166,59.84991031225641,59.84991031225641,False
CONSERVATION PLACE,800066140,59.78893397133385,59.78893397133385,False
WEST ONONDAGA STREET,509997011,59.76590833633393,59.76590833633393,False
POND STREET,477429855,59.61548502389772,59.61548502389772,False
BUTTERNUT STREET,477433291,59.0864417937917,59.0864417937917,False
FELLOWS AVENUE,477440896,59.07755554385473,59.07755554385473,False
WEST COLVIN STREET,800050952,58.95108279203835,58.95108279203835,False
MIDLAND AVENUE,477444196,58.79722689806227,58.79722689806227,False
TAFT AVENUE,477428509,58.715200031668864,61.88863069988609,True
WEST JEFFERSON STREET,800037217,58.70142232446059,58.70142232446059,False
WEST KENNEDY STREET,800032593,58.63549215095642,58.63549215095642,False
MILFORD DRIVE EAST,800042643,58.61902591905903,58.61902591905903,False
WEST KIRKPATRICK STREET,506021511,58.474452194409736,58.474452194409736,False
HANCOCK DRIVE,477441948,58.472708024313455,58.472708024313455,False
STRONG AVENUE,513530287,58.44708406068399,58.44708406068399,False
EAST GENESEE STREET,508421392,58.443470372159794,58.443470372159794,False
SPENCER STREET,477431534,58.44273523729459,58.44273523729459,False
WALTON STREET,800047626,58.35991859254023,58.35991859254023,False
GIFFORD PARKWAY,477437935,58.28470531070969,58.28470531070969,False
CONGRESS AVENUE,477438242,58.27589473420068,58.27589473420068,False
LISTMAN AVENUE,477428704,58.170093707671526,58.170093707671526,False
SPAULDING AVENUE,800038793,58.09389057912274,58.09389057912274,False
GIFFORD PARKWAY,506986297,58.059269820574336,58.059269820574336,False
EAST FAYETTE STREET,477435678,58.00257846342618,58.00257846342618,False
WEST BRIGHTON AVENUE,800050951,57.986513405372044,57.986513405372044,False
THOMPSON ROAD,477432346,57.89356313866726,57.89356313866726,False
HIAWATHA BOULEVARD WEST,800037604,57.73408835898856,57.73408835898856,False
BEATTIE STREET,477433978,57.58607891443765,57.58607891443765,False
HIAWATHA BOULEVARD WEST,477433164,57.481519089999864,57.481519089999864,False
ONONDAGA AVENUE,477441615,57.455413802614046,57.455413802614046,False
HIAWATHA BOULEVARD WEST,477432357,57.45102300871172,57.45102300871172,False
EAST GLEN AVENUE,508421378,57.35814802144487,57.35814802144487,False
TALLMAN STREET,800051061,57.31862778141253,57.31862778141253,False
PARK STREET,800034933,57.02371173853513,57.02371173853513,False
JAMES STREET,477429793,56.995863053283934,56.995863053283934,False
HIAWATHA BOULEVARD WEST,508421453,56.988046812016385,56.988046812016385,False
SOUTH GEDDES STREET,477443297,56.921928858383865,56.921928858383865,False
NORTH TOWNSEND STREET,509997426,56.70399827091108,56.70399827091108,False
CRAWFORD AVENUE,477438916,56.451393642398344,56.451393642398344,False
OTISCO STREET,477436477,56.44119244840762,56.44119244840762,False
LORETTO ROUNDABOUT,800100183,56.35143267706529,56.35143267706529,False
ROWLAND STREET,477439626,56.24045448603437,56.24045448603437,False
NORTH STATE STREET,477434467,55.96347903953612,55.96347903953612,False
MIDLAND AVENUE,477442903,55.90886884743646,55.90886884743646,False
WEST BEAR STREET,477430416,55.89480416095529,55.89480416095529,False
CLIFTON PLACE,477430739,55.85026712215959,55.85026712215959,False
NORTH STATE STREET,477434413,55.709351526991995,55.709351526991995,False
SHERBOURNE ROAD,477440568,55.63559080896189,55.63559080896189,False
LEAVENWORTH AVENUE,477433194,55.427308987592134,55.427308987592134,False
HANCOCK DRIVE,477441929,55.15659446460889,55.15659446460889,False
ALMOND STREET,506021524,55.06256038339874,55.06256038339874,False
SOUTH SALINA STREET,477446618,54.92650258566706,54.92650258566706,False
ALMOND STREET,507665688,54.861241405977,54.861241405977,False
SOUTH AVENUE,477441835,54.67590029596471,54.67590029596471,False
ONONDAGA AVENUE,477442391,54.60092102394996,54.60092102394996,False
WEST ONONDAGA STREET,477437191,54.58776253107967,54.58776253107967,False
FIRST NORTH STREET,477430055,54.41567416337113,54.41567416337113,False
SOUTH MIDLER AVENUE,477433721,54.307254568749904,54.307254568749904,False
SEDGWICK DRIVE,504326413,54.228191468654,54.228191468654,False
RUGBY ROAD,504326410,54.18917409724233,54.18917409724233,False
GIFFORD PARKWAY,477437963,54.16734240582083,54.16734240582083,False
SOUTH MIDLER AVENUE,477432481,53.721633334391214,53.721633334391214,False
SOUTH MCBRIDE STREET,506986283,53.65391600433766,53.65391600433766,False
FOREST HILL DRIVE,477429856,53.63707363694053,53.63707363694053,False
DIPPOLD AVENUE,477426943,53.62443401797075,57.104747111862146,True
WEST ONONDAGA STREET,800030979,53.58534395943078,53.58534395943078,False
LOOMIS AVENUE,800032673,53.58415213543837,53.58415213543837,False
WESTMORELAND AVENUE,477440803,53.57793766346384,53.57793766346384,False
NORTH SALINA STREET,477433836,53.565623487080046,53.565623487080046,False
NORTH STATE STREET,477434643,53.53641729931903,53.53641729931903,False
DICKERSON STREET,800032434,53.449264593510605,53.449264593510605,False
WEST WASHINGTON STREET,477435384,53.41259873017299,53.41259873017299,False
ERIE BOULEVARD WEST,477435107,53.23683758608574,53.23683758608574,False
DEMONG DRIVE,477437205,53.14040527413219,53.14040527413219,False
SKYTOP ROAD,477443380,53.115301787170154,53.115301787170154,False
SOUTH GEDDES STREET,477439850,52.91748202606804,52.91748202606804,False
LORETTO ROUNDABOUT,800100174,52.85957924508405,52.85957924508405,False
BEECHER STREET,477431718,52.813036249267874,52.813036249267874,False
OAK STREET,477432878,52.57360724367293,52.57360724367293,False
HUTCHINSON AVENUE,477443763,52.50902605909833,52.50902605909833,False
EAST CATHROP AVENUE,509994550,52.49142989530099,52.49142989530099,False
EAST CATHROP AVENUE,509994530,52.28163793114159,52.28163793114159,False
POND STREET,800052349,52.27459447123978,52.27459447123978,False
WEST COLVIN STREET,477442737,52.26587072184295,52.26587072184295,False
EAST GLEN AVENUE,800100247,52.226039210180964,52.226039210180964,False
SOUTH SALINA STREET,477441093,52.186404398752,52.186404398752,False
HIGHLAND STREET,477431731,52.09990056799938,52.09990056799938,False
GENANT DRIVE,477431898,52.07015482680594,52.07015482680594,False
DICKERSON STREET,477436877,52.020515465468186,52.020515465468186,False
WEST GENESEE STREET,477433863,51.906151143935155,51.906151143935155,False
FOBES AVENUE,477428963,51.86158577345201,51.86158577345201,False
NORTH GEDDES STREET,477433019,51.786116103178095,51.786116103178095,False
VALLEY DRIVE,800034592,51.5669739326591,51.5669739326591,False
EAST WILLOW STREET,477434151,51.503662705657675,51.503662705657675,False
CADILLAC STREET,477427797,51.41117660658116,51.41117660658116,False
WEST STREET ARTERIAL SOUTHBOUND,477433944,51.35344417168247,51.35344417168247,False
ERIE BOULEVARD EAST,477434983,51.31701946120293,51.31701946120293,False
EAST BRIGHTON AVENUE,477445155,50.979451823404304,50.979451823404304,False
NORTH STATE STREET,800036393,50.97937231026576,50.97937231026576,False
CUMBERLAND PLACE,477440703,50.849692899683575,50.849692899683575,False
GARFIELD AVENUE,477441594,50.781903617813796,50.781903617813796,False
HASTINGS PLACE,477430745,50.75182555173838,50.75182555173838,False
CHURCHILL AVENUE,477444485,50.70535418331599,50.70535418331599,False
ALMOND STREET,477741193,50.50206575755881,50.50206575755881,False
SCHOOL STREET,477433905,50.45662495327783,50.45662495327783,False
LANCASTER AVENUE,477442389,50.393170605608326,50.393170605608326,False
EAST GLEN AVENUE,477445302,50.34459930370318,50.34459930370318,False
WENDELL TERRACE,477430673,50.23378059326277,50.23378059326277,False
WEST FAYETTE STREET,800037290,50.07874607661579,50.07874607661579,False
EAST COLVIN STREET,477442076,50.04959130337564,50.04959130337564,False
SCOTT AVENUE,477438594,49.986804370963185,49.986804370963185,False
HANCOCK DRIVE,477441937,49.82994789161505,49.82994789161505,False
DEMONG DRIVE,506986289,49.76596145756564,49.76596145756564,False
WEST STREET ARTERIAL NORTHBOUND,800036938,49.76384986152488,49.76384986152488,False
EAST COLVIN STREET,477442061,49.7093776045246,49.7093776045246,False
SOUTH ALVORD STREET,477431732,49.62722265230732,49.62722265230732,False
CLAIRE ROAD,477437545,49.479787239963855,49.479787239963855,False
SALT SPRINGS ROAD,800029913,49.42136949652326,49.42136949652326,False
EAST GENESEE STREET,800040259,49.31550842852027,49.31550842852027,False
NORTH TOWNSEND STREET,509997416,49.24579618458406,49.24579618458406,False
PLUM STREET,477434374,49.188631081262265,49.188631081262265,False
EUCLID AVENUE,477439465,48.97598305236118,48.97598305236118,False
DEWITT ROAD,800052322,48.79982097492955,48.79982097492955,False
SALT SPRINGS ROAD,800029900,48.71532714341955,48.71532714341955,False
CATAWBA STREET,477431522,48.69959425601799,48.69959425601799,False
GIFFORD STREET,800008530,48.62968254594028,48.62968254594028,False
SHOTWELL PARK,800052398,48.620707206626825,48.620707206626825,False
EAST ADAMS STREET,477437416,48.61930524230973,48.61930524230973,False
NORTH CROUSE AVENUE,508421207,48.587136949079365,48.587136949079365,False
HATHERLY ROAD,477437953,48.578001009339474,48.578001009339474,False
BUCKINGHAM AVENUE,477442382,48.55832671207545,48.55832671207545,False
WEST KENNEDY STREET,800032592,48.44939451372035,48.44939451372035,False
EAST GENESEE STREET,477437348,48.43960169029838,48.43960169029838,False
GIFFORD STREET,509997020,48.42172280905146,48.42172280905146,False
EAST GENESEE STREET,508421385,48.106949788376866,48.106949788376866,False
BRADFORD PARKWAY,477438200,48.02160244191878,48.02160244191878,False
BRADFORD PARKWAY,477438165,48.02098410152138,48.02098410152138,False
MENLO DRIVE,477444465,47.82420949756371,47.82420949756371,False
DAKOTA STREET,800052286,47.71838682318557,47.71838682318557,False
DEFOREST ROAD,477437479,47.561682017149614,47.561682017149614,False
MARTIN LUTHER KING EAST,477440005,47.435940533215785,47.435940533215785,False
COURT STREET,477427671,47.389057550379,47.389057550379,False
SALT SPRINGS ROAD,477436034,47.27860729355086,47.27860729355086,False
WEST HIGH TERRACE,477437761,47.16647675641564,47.16647675641564,False
GIFFORD STREET,477437218,47.122766628823506,47.122766628823506,False
TEALL AVENUE,477433853,47.1082346910496,47.1082346910496,False
EAST BRIGHTON AVENUE,477445147,46.998624821524345,46.998624821524345,False
OVERLOOK DRIVE,477441290,46.86781803979864,46.86781803979864,False
HURLBURT ROAD,477437778,46.85743778916492,46.85743778916492,False
CADWELL STREET,800048351,46.763848302378904,46.763848302378904,False
PULASKI STREET,800066610,46.678270561029954,46.678270561029954,False
NORTH MCBRIDE STREET,477434539,46.65212375231358,46.65212375231358,False
GIFFORD STREET,509997025,46.595336327100995,46.595336327100995,False
SEYMOUR STREET,477437503,46.360464286896075,46.360464286896075,False
CATHERINE STREET,477434681,46.30107408355544,46.30107408355544,False
MIDLAND AVENUE,477440447,46.2469226239259,46.2469226239259,False
HARRINGTON ROAD,477437905,46.22604771075869,46.22604771075869,False
JAMES STREET,477434496,46.14941434265265,46.14941434265265,False
PEAT STREET,477433350,45.99149222855009,45.99149222855009,False
FABIUS STREET,477436788,45.90098258554281,45.90098258554281,False
EAST GENESEE STREET,800066374,45.8003244854931,45.8003244854931,False
SCOTTHOLM TERRACE,477439084,45.61699042040626,45.61699042040626,False
VALLEY DRIVE,477444873,45.39181400091807,45.39181400091807,False
SOUTH CLINTON STREET,477438237,45.211973627905365,45.211973627905365,False
EAST GLEN AVENUE,477444719,45.12189958694202,45.12189958694202,False
SEDGWICK DRIVE,477430713,45.104516119024034,45.104516119024034,False
WEST COLVIN STREET,477442643,45.09211416656703,45.09211416656703,False
AUDUBON PARKWAY,477435949,44.835587450190104,44.835587450190104,False
SOUTH MCBRIDE STREET,477435030,44.83095706611047,44.83095706611047,False
WEST STREET ARTERIAL SOUTHBOUND,800037032,44.81155234999216,44.81155234999216,False
WEST MARCELLUS STREET,477436848,44.79959716815647,44.79959716815647,False
GRANT BOULEVARD,477429150,44.71112399667214,44.71112399667214,False
SOUTH SALINA STREET,477443997,44.50507866395114,44.50507866395114,False
SUNNYCREST ROAD,477431283,44.43338061931233,44.43338061931233,False
NORTH FRANKLIN STREET,800080350,44.382415344248216,44.382415344248216,False
FAYETTE BOULEVARD,477435448,44.331863875361776,44.331863875361776,False
RUGBY ROAD,477430043,44.29588426576508,44.29588426576508,False
SALT SPRINGS ROAD,482660131,44.287491165660185,44.287491165660185,False
OAKWOOD AVENUE,477438555,44.17552363035754,44.17552363035754,False
EAST FAYETTE STREET,477435676,44.094656691386845,44.094656691386845,False
WADSWORTH STREET,477427208,44.060112365710204,44.060112365710204,False
JAMES STREET,477434405,44.00888907043385,44.00888907043385,False
BROOKFORD ROAD,477438014,43.887849004445975,43.887849004445975,False
WADSWORTH STREET,477428474,43.81525705062934,43.81525705062934,False
WEST ADAMS STREET,477437571,43.78518210432586,43.78518210432586,False
COOK AVENUE,477430759,43.44422407708247,43.44422407708247,False
SCOTTHOLM BOULEVARD,477437239,43.444171460252605,43.444171460252605,False
MELROSE AVENUE,504325546,42.98713711979937,42.98713711979937,False
JAMES STREET,477431332,42.929486757607016,42.929486757607016,False
SEDGWICK ROAD,477429842,42.829727771243135,42.829727771243135,False
SOUTH WILBUR AVENUE,477435685,42.7962017105632,42.7962017105632,False
SOUTH SALINA STREET,477441709,42.78659466511493,42.78659466511493,False
JAMESVILLE AVENUE,477443002,42.774634521306325,42.774634521306325,False
MELROSE AVENUE,504325545,42.68451074943536,42.68451074943536,False
WEST STREET ARTERIAL SOUTHBOUND,477433862,42.66131423832726,42.66131423832726,False
AUDUBON PARKWAY,800005937,42.62543184136756,42.62543184136756,False
EAST BRIGHTON AVENUE,513531408,42.61550104383292,42.61550104383292,False
NORTH SALINA STREET,477433411,42.51467364752703,42.51467364752703,False
HIAWATHA BOULEVARD WEST,800047000,42.21421582469806,42.21421582469806,False
EUCLID AVENUE,477439302,42.09208142004231,42.09208142004231,False
WEST COLVIN STREET,477442549,42.030620151375004,42.030620151375004,False
SALISBURY ROAD,477437825,41.97662039112173,406.52494199588887,True
WEST BEAR STREET,800036487,41.96717965850146,41.96717965850146,False
FAYETTE BOULEVARD,477435450,41.926486637384976,41.926486637384976,False
COLERIDGE AVENUE,800051055,41.909208802566695,41.909208802566695,False
CARLTON DRIVE,504325285,41.90662232632321,41.90662232632321,False
HANCOCK DRIVE,477441950,41.63946809362499,41.63946809362499,False
OAK STREET,477433256,41.60880373428522,41.60880373428522,False
GLENWOOD AVENUE,477443385,41.58000351149884,41.58000351149884,False
COURT STREET,477427743,41.336463621807134,41.336463621807134,False
GRAND AVENUE,800051001,41.300676871932936,41.300676871932936,False
HILLSBORO PLACE,477438148,41.247265369742465,41.247265369742465,False
WEST STREET ARTERIAL NORTHBOUND,800037089,41.206145174937404,41.206145174937404,False
SOUTH AVENUE,477442664,41.17836924656175,41.17836924656175,False
DYER COURT,477438188,40.90325982395801,40.90325982395801,False
VALLEY DRIVE,477446193,40.867505564054674,40.867505564054674,False
BRADFORD PARKWAY,504325054,40.827379382911296,40.827379382911296,False
MOUNTAINVIEW AVENUE,800048562,40.72010751296498,40.72010751296498,False
DEVINE STREET,506021457,40.65716035027802,40.65716035027802,False
HADDON ROAD,477438226,40.49230664942117,40.49230664942117,False
FOXBORO ROAD,477435443,40.46741563614225,40.46741563614225,False
HAMPSHIRE ROAD,477430502,40.00053100831043,40.00053100831043,False
WEST BEAR STREET,800066360,39.84918067643707,39.84918067643707,False
FABIUS STREET,477437002,39.78945013148929,39.78945013148929,False
BEAUMONT PLACE,477436763,39.543315455969136,39.543315455969136,False
DICKERSON STREET,477436889,39.5158963779513,39.5158963779513,False
SOUTH FRANKLIN STREET,477435051,39.44953526447372,39.44953526447372,False
EAST WILLOW STREET,477434117,39.447122717755086,39.447122717755086,False
SMITH STREET,477453879,39.37862564696542,39.37862564696542,False
ARNETT AVENUE,477429582,39.33990746617943,39.33990746617943,False
BRATTLE ROAD,477431031,39.23038745566869,39.23038745566869,False
WILLIS AVENUE,800030519,39.22297748113677,39.22297748113677,False
STOLP AVENUE,477441227,39.095850365054964,39.095850365054964,False
SOUTH AVENUE,477441548,38.9990710400388,38.9990710400388,False
MEADOWBROOK DRIVE,477438134,38.88191885774841,38.88191885774841,False
MEADOWBROOK DRIVE,477438199,38.88166447575897,38.88166447575897,False
SOUTH AVENUE,477441046,38.598553407475414,38.598553407475414,False
INTREPID LANE,800031668,38.54357132271084,38.54357132271084,False
SOUTH SALINA STREET,477447265,38.14068985495446,38.14068985495446,False
FABIUS STREET,477436771,38.10916493930617,38.10916493930617,False
DORSET ROAD,477440406,37.982753433412846,37.982753433412846,False
AUDUBON PARKWAY,800029908,37.976516071988605,37.976516071988605,False
COURT STREET,477430642,37.90827585783549,37.90827585783549,False
ALMOND STREET,477741247,37.730791643333184,37.730791643333184,False
CIRCLE ROAD,477441100,37.6440214957752,37.6440214957752,False
NORTH FRANKLIN STREET,477433513,37.555928096670705,37.555928096670705,False
FARMER STREET,477430712,37.480992916646805,37.480992916646805,False
HADDON ROAD,477438221,37.41100075717708,37.41100075717708,False
EAST GENESEE STREET,508421394,37.31776314634072,37.31776314634072,False
WEST COLVIN STREET,477442633,36.97300741264113,36.97300741264113,False
ENFIELD PLACE,477438138,36.82661689509971,36.82661689509971,False
MOUNTAINVIEW AVENUE,477434852,36.707145137999795,36.707145137999795,False
PEAT STREET,477434733,36.639326558765326,36.639326558765326,False
WILMORE PLACE,800049091,36.613370565663466,37.982846966305424,True
MAINS AVENUE,800041305,36.5572944246047,36.5572944246047,False
SOUTH SALINA STREET,800049634,36.434061109504746,36.434061109504746,False
EAST CATHROP AVENUE,509994543,36.301374210988655,36.301374210988655,False
EAST GENESEE STREET,477436091,36.29821847534032,36.29821847534032,False
NORTH CLINTON STREET,800042024,36.13213184335704,36.13213184335704,False
GIFFORD STREET,477437213,36.117915642146684,36.117915642146684,False
JAMES STREET,477430231,36.01775751717603,36.01775751717603,False
DICKERSON STREET,477436897,36.00990689504306,36.00990689504306,False
MIDLAND AVENUE,800040326,35.994396639009864,35.994396639009864,False
HARRISON STREET,477436939,35.797400115528944,35.797400115528944,False
LISTMAN AVENUE,800039831,35.634542274215754,35.634542274215754,False
HARBORSIDE DRIVE,477428710,35.60046517161283,35.60046517161283,False
FAY ROAD,800049096,35.45938778838576,38.77228832786438,True
NORTH GEDDES STREET,800051096,35.446485678496394,35.446485678496394,False
NORTH STATE STREET,800036403,35.25065283958222,35.25065283958222,False
SEYMOUR STREET,477437497,35.250598109983436,35.250598109983436,False
NORTH FRANKLIN STREET,477433341,35.03239545774453,35.03239545774453,False
VALLEY DRIVE,477444483,34.83001303551256,34.83001303551256,False
SOUTH STATE STREET,477441640,34.77408850512365,34.77408850512365,False
DEWITT ROAD,800053108,34.768989221991774,34.768989221991774,False
HIAWATHA BOULEVARD WEST,508421459,34.730687069796616,34.730687069796616,False
BEAR STREET,800051912,34.48595721875455,34.48595721875455,False
CADILLAC STREET,477428201,34.324404306087445,34.324404306087445,False
NBT BANK PARKWAY,477428696,34.145559465237696,34.145559465237696,False
WEST STREET ARTERIAL NORTHBOUND,800037119,34.122547461831005,34.122547461831005,False
VAN RENSSELAER STREET,800066604,34.11481198362205,34.11481198362205,False
SOUTH SALINA STREET,800066542,33.967763848839496,33.967763848839496,False
CORTLAND AVENUE,800067175,33.88002436575995,33.88002436575995,False
HAZELWOOD AVENUE,477434429,33.794415123164654,33.794415123164654,False
BEATTIE STREET,800065997,33.78963386870786,33.78963386870786,False
WESTMONT ROAD,477437814,33.78361823091727,33.78361823091727,False
COLUMBUS AVENUE,477435481,33.76040961275416,33.76040961275416,False
FAY ROAD,477437745,33.63312734141551,33.63312734141551,False
LAKEVIEW ROAD,477437773,33.59264455039129,33.59264455039129,False
LOMBARD AVENUE,800066447,33.470472546568075,33.470472546568075,False
TURTLE STREET,477428268,33.45029233679674,33.45029233679674,False
YALE AVENUE,800049430,33.35334947171435,33.35334947171435,False
MIDLAND AVENUE,800052180,33.33623885709663,33.33623885709663,False
FORDLAND AVENUE,477428291,33.09273463062313,33.09273463062313,False
SOUTH SALINA STREET,509994537,33.06786954120225,33.06786954120225,False
RONEY LANE,477443104,32.996161281651894,32.996161281651894,False
RAMSEY AVENUE,477437719,32.98660172676129,32.98660172676129,False
TERRACE ROAD,477440715,32.97632773856629,32.97632773856629,False
NORTHCLIFFE ROAD,477430394,32.92174402107814,32.92174402107814,False
MONTROSE AVENUE,800049097,32.91931969853436,36.09435190166385,True
BURT STREET,800034761,32.81199252706643,32.81199252706643,False
SUNNYCREST ROAD,477431443,32.64196552150304,32.64196552150304,False
NORTH STATE STREET,477434362,32.638212639970696,32.638212639970696,False
HIAWATHA BOULEVARD WEST,508421434,32.56088626951174,32.56088626951174,False
WEST COURT STREET,477430667,32.42266230489086,32.42266230489086,False
SOUTH CLINTON STREET,800066614,32.26603632277605,32.26603632277605,False
EAST GENESEE STREET,477437976,32.18794565329531,32.18794565329531,False
DEVINE STREET,800066350,32.16797311688217,32.16797311688217,False
HIAWATHA BOULEVARD WEST,800036176,32.04262189669639,32.04262189669639,False
THOMPSON ROAD,509997119,31.921956621450175,31.921956621450175,False
TEMPLE STREET,800040282,31.850321005126595,31.850321005126595,False
GLENCOVE ROAD,477430911,31.82261798158305,31.82261798158305,False
EAST ADAMS STREET,507666605,31.81329698843097,31.81329698843097,False
SCOTT AVENUE,477437620,31.740082324977642,31.740082324977642,False
HIAWATHA BOULEVARD WEST,508421432,31.526274263937545,31.526274263937545,False
IVES AVENUE,800066497,31.506442414723637,31.506442414723637,False
WEST WATER STREET,477435059,31.49655358072598,31.49655358072598,False
EAST WILLOW STREET,477434037,31.48490636240943,31.48490636240943,False
ERIE BOULEVARD WEST,477435006,31.437757344030185,31.437757344030185,False
ERIE BOULEVARD EAST,800066593,31.397715307509298,31.397715307509298,False
CORTLAND AVENUE,477440157,31.352647479314914,31.352647479314914,False
EAST SENECA TURNPIKE,800031581,31.32801119879176,31.32801119879176,False
PARK STREET,477454197,31.228266037813025,31.228266037813025,False
ERIE BOULEVARD EAST,800066576,31.184849688182833,31.184849688182833,False
WEST WATER STREET,800030713,31.17146921714121,31.17146921714121,False
PEAT STREET,477434767,31.11053577864168,31.11053577864168,False
SOUTH SALINA STREET,509994533,31.106753853542422,31.106753853542422,False
WEST TAYLOR STREET,800040234,30.988029774003863,30.988029774003863,False
BRUCE STREET,800065989,30.8687579553104,30.8687579553104,False
BROOKFORD ROAD,477439939,30.846041652124995,30.846041652124995,False
SOUTH AVENUE,800047557,30.664300202240366,30.664300202240366,False
SOUTH MCBRIDE STREET,800037263,30.44562485882362,30.44562485882362,False
NORTH STATE STREET,477434385,30.29982082259856,30.29982082259856,False
ERIE BOULEVARD EAST,800036365,30.227813428861356,30.227813428861356,False
WEST SENECA TURNPIKE,800050903,30.21936351404758,30.21936351404758,False
MONTROSE AVENUE,477437702,29.81657171039623,29.81657171039623,False
VELASKO ROAD,600063424,29.79022293240436,29.79022293240436,False
ELMHURST AVENUE,477443043,29.78733586446017,29.78733586446017,False
EAST GENESEE STREET,477436059,29.63124546029986,29.63124546029986,False
TALLMAN STREET,800071038,29.574167227192877,29.574167227192877,False
SOUTH MIDLER AVENUE,477433176,29.5272444999528,29.5272444999528,False
HARBORSIDE DRIVE,477428815,29.515381330385424,29.515381330385424,False
WEST GENESEE STREET,800030722,29.39423555872909,29.39423555872909,False
STRATHMORE DRIVE,800050899,29.389569908893215,29.389569908893215,False
CAMP AVENUE,800037981,29.367171614287734,29.367171614287734,False
WEST BRIGHTON AVENUE,477443321,29.211018463055467,29.211018463055467,False
DORWIN AVENUE,800049312,29.206551868784306,29.206551868784306,False
TALLMAN STREET,800051060,29.067660698740333,29.067660698740333,False
COURT STREET,477428361,29.027654673164083,29.027654673164083,False
SLOCUM AVENUE,800030980,28.963947758482355,28.963947758482355,False
ARDMORE ROAD,477437739,28.95678924333302,28.95678924333302,False
HIAWATHA BOULEVARD WEST,508421456,28.899241051807312,28.899241051807312,False
PEAT STREET,477434834,28.898894732851044,28.898894732851044,False
ALMOND STREET,477434994,28.813390664169543,28.813390664169543,False
SOUTH MIDLER AVENUE,800066481,28.791756149817523,28.791756149817523,False
CRADDOCK STREET,477443431,28.517896969548907,28.517896969548907,False
HARBORSIDE DRIVE,477428808,28.477996179402062,28.477996179402062,False
WEST KIRKPATRICK STREET,800030682,28.421518172865458,28.421518172865458,False
LEMOYNE AVENUE,800051976,28.4070572481686,28.4070572481686,False
EAST GENESEE STREET,477741202,28.122139701953245,28.122139701953245,False
RONEY LANE,800054387,27.90591119043994,27.90591119043994,False
VALLEY DRIVE,477443977,27.793525469581176,27.793525469581176,False
SUMMIT AVENUE,477442718,27.739485408327955,27.739485408327955,False
LINCOLN PARK DRIVE,477432390,27.65594103287739,27.65594103287739,False
EAST GENESEE STREET,508421384,27.655903074338,27.655903074338,False
HIAWATHA BOULEVARD WEST,800036192,27.629732901167976,27.629732901167976,False
COURT STREET,477428350,27.325516319147216,27.325516319147216,False
BEAR STREET,477430352,27.184450109814286,27.184450109814286,False
WENTE TERRACE,800039459,27.101918900621968,27.101918900621968,False
JACKSON STREET,477438195,27.045967299588284,27.045967299588284,False
JAMES STREET,477429757,27.04151806144898,27.04151806144898,False
EAST ADAMS STREET,509998037,27.010930186472127,27.010930186472127,False
GRANT BOULEVARD,477429189,27.010928863499196,27.010928863499196,False
NORTH GEDDES STREET,477433139,26.70281240470872,26.70281240470872,False
SOUTH GEDDES STREET,477438028,26.576732204621404,26.576732204621404,False
BALLANTYNE ROAD,477444552,26.57072069461719,26.57072069461719,False
EAST WILLOW STREET,477434130,26.518448846666978,26.518448846666978,False
EAST GENESEE STREET,477437421,26.410251783541693,26.410251783541693,False
EAST GENESEE STREET,508421667,26.359096678706372,26.359096678706372,False
JAMES STREET,477434251,26.290853308079203,26.290853308079203,False
MONTGOMERY STREET,800036247,26.256278190715605,26.256278190715605,False
SMITH STREET,800066449,26.217606163715118,26.217606163715118,False
BALLANTYNE ROAD,477444557,26.155821328245523,26.155821328245523,False
JAMES STREET,800047551,26.075830715694263,26.075830715694263,False
BUNKER HILL WAY,477442457,26.070911795278924,26.070911795278924,False
LYDELL STREET,800051003,26.055656573861413,26.055656573861413,False
SOUTH AVENUE,800050947,26.035516726434736,26.035516726434736,False
GREEN STREET,477433232,25.973673633267268,25.973673633267268,False
EAST TAYLOR STREET,477438426,25.834925380390874,25.834925380390874,False
SOUTH SALINA STREET,477438495,25.82463901372102,25.82463901372102,False
ERIE BOULEVARD EAST,477434917,25.819170399972705,25.819170399972705,False
SOUTH AVENUE,477443072,25.679168308154665,25.679168308154665,False
SOUTH MIDLER AVENUE,477454008,25.60802308099364,25.60802308099364,False
MONTGOMERY STREET,477438572,25.54378817800351,25.54378817800351,False
MONTGOMERY STREET,800066547,25.43368568530318,25.43368568530318,False
VILLAGE DRIVE,800047550,25.32231931831672,25.32231931831672,False
JAMES STREET,477434271,25.266047761600717,25.266047761600717,False
SOUTH GEDDES STREET,800051004,25.16232939082739,25.16232939082739,False
SIXTH NORTH STREET,800036181,25.09303234745206,25.09303234745206,False
GRANT BOULEVARD,800047552,25.067511222983295,25.067511222983295,False
SEYMOUR STREET,800040245,25.000570149019953,25.000570149019953,False
EAST ADAMS STREET,506022033,24.820269770211535,24.820269770211535,False
OAK STREET,477430223,24.7912107293499,24.7912107293499,False
COLUMBUS AVENUE,800066540,24.692932125366486,24.692932125366486,False
THOMPSON ROAD,800066448,24.63367929920912,24.63367929920912,False
NORTH SALINA STREET,477433447,24.55020443638413,24.55020443638413,False
SMITH STREET,477453881,24.366858439591102,24.366858439591102,False
EAST WILLOW STREET,477434024,24.352884056789534,24.352884056789534,False
BURT STREET,800052224,24.34402874894173,24.34402874894173,False
EAST WASHINGTON STREET,477435413,24.302473826656946,24.302473826656946,False
SPENCER STREET,477432459,24.290018355917862,24.290018355917862,False
HILLSIDE STREET,477428131,24.266775374762872,24.266775374762872,False
NORTH STATE STREET,477434570,24.165602294118003,24.165602294118003,False
SOUTH STATE STREET,477438564,24.103011657810427,24.103011657810427,False
WHITTIER AVENUE,800051057,24.061388977834653,24.061388977834653,False
WEST BEAR STREET,477430363,23.670908893264446,23.670908893264446,False
SOUTH WARREN STREET,800066620,23.661812515193468,23.661812515193468,False
SOUTH MIDLER AVENUE,477433160,23.654880157919653,23.654880157919653,False
CATHERINE STREET,508421189,23.44883368262505,23.44883368262505,False
SAINT LOUIS AVENUE,800039454,23.388539552439276,23.388539552439276,False
TEALL AVENUE,477435406,23.385015860583145,23.385015860583145,False
VALLEY VIEW DRIVE,800039466,23.273771065759412,23.273771065759412,False
ROBINEAU ROAD,800050423,23.137598501563232,23.137598501563232,False
NORTH TOWNSEND STREET,509997429,22.948912507833835,22.948912507833835,False
SOUTH SALINA STREET,800048270,22.808069826542102,22.808069826542102,False
ONONDAGA AVENUE,477442020,22.788805030703855,22.788805030703855,False
NORTH CROUSE AVENUE,508421203,22.697015718415738,22.697015718415738,False
HIAWATHA BOULEVARD EAST,800036193,22.636626701701577,22.636626701701577,False
WEST BRIGHTON AVENUE,477443305,22.551041874083825,22.551041874083825,False
MEDORA PLACE,800047587,22.396200609858962,22.396200609858962,False
HOLDEN STREET,800051002,22.11779708845219,22.11779708845219,False
SOUTH AVENUE,800051062,21.82110001135035,21.82110001135035,False
LODI STREET,800053240,21.771228621120365,21.771228621120365,False
WEST ONONDAGA STREET,477440296,21.757867997950292,21.757867997950292,False
BEAR STREET,800036478,21.712857826617075,21.712857826617075,False
NORTH CROUSE AVENUE,800039036,21.634624190052044,21.634624190052044,False
WHITTIER AVENUE,800051052,21.616740294678102,21.616740294678102,False
BURT STREET,477438820,21.395933377425905,21.395933377425905,False
VALLEY DRIVE,800034593,21.302058420472996,21.302058420472996,False
SOUTH WEST STREET,800036741,21.197825458821217,21.197825458821217,False
NORTH STATE STREET,800036405,21.188098123590358,21.188098123590358,False
EAST GENESEE STREET,477741204,21.159957474751362,21.159957474751362,False
TEALL AVENUE,477433097,21.143239739791994,21.143239739791994,False
TEALL AVENUE,477429072,21.125797543725312,24.344685552707404,True
JAMES STREET,800047558,21.07467883620936,21.07467883620936,False
ROBINEAU ROAD,477442748,20.976156423872354,20.976156423872354,False
BURNET AVENUE,477431371,20.8601986030276,21.954789864362457,True
SALT SPRINGS ROAD,800029910,20.714850455922814,20.714850455922814,False
ELMHURST AVENUE,477443040,20.670217291465885,20.670217291465885,False
EAST FAYETTE STREET,800037806,20.537506655954676,20.537506655954676,False
SALISBURY ROAD,477437749,20.47826407324609,20.47826407324609,False
GIFFORD STREET,800040247,20.467693707395796,20.467693707395796,False
MCCORMICK AVENUE,800040236,20.255973015662825,20.255973015662825,False
DESTINY USA DRIVE,477429759,20.23742947033317,20.23742947033317,False
VELASKO ROAD,477439790,20.107263961332965,20.107263961332965,False
ROCKWOOD PLACE,477442741,19.376772953032326,19.376772953032326,False
MARKET STREET,800066624,19.287523603564413,19.287523603564413,False
FABIUS STREET,800040251,19.167420057659072,19.167420057659072,False
BUTTERNUT STREET,477430880,18.964505475733436,18.964505475733436,False
EAST GENESEE STREET,508421664,18.940531128085183,18.940531128085183,False
HOEFLER STREET,800050999,18.793345947042578,18.793345947042578,False
NORTH TOWNSEND STREET,800036395,18.757231410782396,18.757231410782396,False
VALLEY DRIVE,800049156,18.713929813722483,18.713929813722483,False
SUNNYCREST ROAD,800052844,18.5140867190146,18.5140867190146,False
TEMPLE STREET,800040284,18.46039284128979,18.46039284128979,False
NORTHCLIFFE ROAD,477430152,18.361746296221614,23.088956902537532,True
ERIE BOULEVARD EAST,509997409,18.326672350368575,18.326672350368575,False
SALT SPRINGS ROAD,800029894,18.266406761126166,18.266406761126166,False
COLUMBUS AVENUE,477435419,18.254195319835812,18.254195319835812,False
BURT STREET,477438822,17.913718160176487,17.913718160176487,False
WEST JEFFERSON STREET,800036944,17.834974593127303,17.834974593127303,False
EAST TAYLOR STREET,477438434,17.646153659881556,17.646153659881556,False
SOUTH MCBRIDE STREET,477434982,17.625243718574584,17.625243718574584,False
PEAT STREET,800066458,17.612309526930055,17.612309526930055,False
BUTTERNUT STREET,800047528,17.361745478402717,17.361745478402717,False
EAST TAYLOR STREET,477438431,17.35905775268407,17.35905775268407,False
TULLY STREET,800040238,17.195751725825115,17.195751725825115,False
BUTTERNUT STREET,800037406,17.14083293400162,17.14083293400162,False
BURT STREET,800036340,16.957464525528952,16.957464525528952,False
TALLMAN STREET,800040240,16.84253752200938,16.84253752200938,False
SOUTH STATE STREET,800066572,16.823174273336665,16.823174273336665,False
NORTH MCBRIDE STREET,800046408,16.63448808500122,16.63448808500122,False
PLUM STREET,477433107,16.446427539148925,16.446427539148925,False
NORTH AVENUE,800048578,16.325921039523895,16.325921039523895,False
SALT SPRINGS ROAD,800029905,16.325066299844714,16.325066299844714,False
OAKWOOD AVENUE,800034376,16.178622391838662,16.178622391838662,False
SOUTH AVENUE,800040253,15.996851650690726,15.996851650690726,False
HARRISON STREET,477436885,15.801332729458947,15.801332729458947,False
SOUTH AVENUE,800051053,15.709438501844913,15.709438501844913,False
EAST ADAMS STREET,477437408,15.680535801734797,15.680535801734797,False
DYER COURT,477438191,15.62747543093979,15.62747543093979,False
JACKSON STREET,477438193,15.627309256278584,15.627309256278584,False
EAST ADAMS STREET,477437410,15.444904631115074,15.444904631115074,False
SMITH STREET,477453882,15.442756349628185,15.442756349628185,False
WEST NEWELL STREET,477443709,15.42189516490864,15.42189516490864,False
HARRISON STREET,477436882,15.37627648664968,15.37627648664968,False
SOUTH AVENUE,800080348,15.154745108884736,15.154745108884736,False
NORTH FRANKLIN STREET,477433605,15.146206015578722,15.146206015578722,False
RICH STREET,477441252,15.095240856322873,15.095240856322873,False
EAST TAYLOR STREET,477438428,14.566595247032918,14.566595247032918,False
NORTH CLINTON STREET,477433575,14.466761404377273,14.466761404377273,False
NORTH CLINTON STREET,800042031,14.284766273420827,14.284766273420827,False
FORMAN AVENUE,800066557,13.858310261522357,13.858310261522357,False
SOUTH MCBRIDE STREET,800066586,13.756368941986038,13.756368941986038,False
SOUTH TOWNSEND STREET,800066555,13.425923086902714,13.425923086902714,False
EAST GENESEE STREET,477436108,13.033431363773174,13.033431363773174,False
ALMOND STREET,800065746,12.625534997638155,12.625534997638155,False
CATHERINE STREET,477434613,12.37612185521212,12.37612185521212,False
OAKWOOD AVENUE,477453878,12.167400841225877,12.167400841225877,False
SOUTH CROUSE AVENUE,800066609,12.019065220110903,12.019065220110903,False
UNIVERSITY AVENUE,800066616,11.490342134871105,11.490342134871105,False
ONONDAGA CREEK BOULEVARD,800047584,11.080825360119766,11.080825360119766,False
WALNUT AVENUE,800066603,10.225148784121643,10.225148784121643,False
SOUTH BEECH STREET,800066570,9.902548459777632,9.902548459777632,False
PINE STREET,800066545,9.45376582474151,9.45376582474151,False
SPAULDING AVENUE,800049637,7.343334830089758,7.343334830089758,False
BUNKER HILL WAY,477442475,5.030133420678168,724.4890106738491,True
WEST HIGH TERRACE,477437948,4.455321280440765,191.18840279007867,True
FAY ROAD,477438024,3.69451033463055,339.9458440448446,True
BRADFORD LANE,800037974,3.509916209148508,65.77364610904034,True
STANDISH DRIVE,477440548,3.3311015308565954,171.56200440663937,True
SKYTOP ROAD,477445098,3.3296106870835374,2764.1354499011327,True
LAFAYETTE ROAD,477447702,3.2901623213220366,2893.925170819901,True
BROADVIEW DRIVE,477442858,3.196852494827071,219.80644325061397,True
SOUTH SALINA STREET,477447414,3.1941795277327842,329.30123480241986,True
SCOTT AVENUE,477440687,3.1824954392352045,312.1096170037074,True
IDA AVENUE,477447391,3.1819786318323,181.4868496783699,True
ROCKWOOD PLACE,477442892,3.179035732805736,312.7666132438908,True
ARDMORE ROAD,477438104,3.1762707622473116,417.50293987333475,True
MONTROSE AVENUE,477438084,3.17366964823743,421.22461146729313,True
BENHAM AVENUE,477438407,3.169516612581015,843.0043993202021,True
LAKEVIEW ROAD,477437949,3.168192642471228,137.76024377794434,True
SOUTH ORCHARD ROAD,477438388,3.167863761394792,682.0327424389053,True
VELASKO ROAD,477442283,3.1662956497943022,184.17962993880795,True
KIMBER ROAD,477440593,3.1659094221237156,414.11273747878107,True
WESTMONT ROAD,477438209,3.1654839219000652,442.1588083019728,True
BROOKSIDE DRIVE,477447397,3.1622103363789016,181.3204781591603,True
REINMAN ROAD,477443501,3.0536085393429917,437.79616122190856,True
BELLEVUE AVENUE,477441590,2.8413932743698473,381.5870151952072,True
MERRELL ROAD,477441394,2.5682223567958027,1086.6214203130428,True
JAMESVILLE AVENUE,477445048,2.0597214950415723,1662.8573978540655,True
ROCK CUT ROAD,477445224,1.939099649145839,1630.9441723012503,True
MCDONALD ROAD,477443455,1.8835434393494364,353.5573860936389,True
EAST COLVIN STREET,477442796,1.1075185734362771,199.39614212735663,True
THOMPSON ROAD,477433268,0.9400531641640465,192.88410766931327,True
DRISCOLL AVENUE,507665426,0.901407585462285,549.0610648404551,True
ESSEX STREET,477433524,0.8943219262268464,344.4422376778797,True
THOMPSON ROAD,477433071,0.8153475534092838,271.29384626968715,True
CRESTVIEW TERRACE,477435738,0.6943213966473704,108.16836400727861,True
NOTTINGHAM ROAD,477442793,0.6034611901729895,315.9452837907181,True
EAST GENESEE STREET,477439472,0.5926488372720368,244.37848354700577,True
ERIE BOULEVARD EAST,800048346,0.5670959681739175,1201.8591168074538,True
LEPAGE PLACE,477429433,0.5516560339598986,195.4630748295058,True
SYCAMORE TERRACE,477437884,0.5074646997823453,194.50845332828294,True
EAST SENECA TURNPIKE,477446177,0.4845433210946722,1651.5942257951829,True
JAMES STREET,477429723,0.4758129372752393,101.02331031369718,True
SPRINGFIELD ROAD,477434717,0.4237239793013351,284.94424055581396,True
POLK STREET,477433696,0.41359363130485605,86.5673667871698,True
ONONDAGA BOULEVARD,600063431,0.29772883053770915,755.401968207975,True
ERIE BOULEVARD EAST,477433571,0.27921361848166165,1179.4571147170054,True
YALE AVENUE,477439094,0.1520972094265789,257.41220611029,True
