{"type": "FeatureCollection", "features": [{"type": "Feature", "properties": {"id": 0, "chain_order": 1, "margin_m": 25, "names": ["CRAWFORD AVENUE", "BROAD STREET"], "changes": 1, "run_lengths_m": [25.0, 25.0], "min_run_m": 25.0, "start_m": 1419.3095620883719, "end_m": 1469.3095620883719, "length_m": 49.9999999999153, "chord_m": 48.485325499486606, "ratio": 1.0312398542203194, "max_offset_m": 5.985313889360848}, "geometry": {"type": "LineString", "coordinates": [[-76.11063057248823, 43.03123144929212], [-76.110658361115, 43.03119759420431], [-76.1107579133131, 43.0310269844787], [-76.1107579133131, 43.0310269844787], [-76.1108851003843, 43.03094855954309], [-76.11100042853147, 43.03088943954516]]}}, {"type": "Feature", "properties": {"id": 1, "chain_order": 1, "margin_m": 25, "names": ["CRAWFORD AVENUE", "BROAD STREET", "BERKELEY DRIVE"], "changes": 2, "run_lengths_m": [25.0, 1125.9036972548352, 25.0], "min_run_m": 25.0, "start_m": 1419.3095620883719, "end_m": 2595.213259343207, "length_m": 1175.9036972548258, "chord_m": 1147.9090407769431, "ratio": 1.0243875215574005, "max_offset_m": 47.28905430193847}, "geometry": {"type": "LineString", "coordinates": [[-76.11063057248823, 43.03123144929212], [-76.110658361115, 43.03119759420431], [-76.1107579133131, 43.0310269844787], [-76.1107579133131, 43.0310269844787], [-76.1108851003843, 43.03094855954309], [-76.1110372255861, 43.03087057643678], [-76.1111982890249, 43.03080363688551], [-76.1114242225054, 43.03075362720129], [-76.1116832247681, 43.0307336418339], [-76.1116832247681, 43.0307336418339], [-76.1128002438913, 43.030687575980686], [-76.1128002438913, 43.030687575980686], [-76.1135053342528, 43.0306555934454], [-76.1135053342528, 43.0306555934454], [-76.1138872413177, 43.03063764894079], [-76.1138872413177, 43.03063764894079], [-76.1147083023857, 43.030597596041794], [-76.1147083023857, 43.030597596041794], [-76.1157512661935, 43.030549611327395], [-76.1157512661935, 43.030549611327395], [-76.1158783221106, 43.03054360026649], [-76.1159782686692, 43.03053857288099], [-76.1159782686692, 43.03053857288099], [-76.1171612798298, 43.03048362686659], [-76.1171612798298, 43.03048362686659], [-76.1180182294917, 43.030439597786994], [-76.11838628543332, 43.03042960800799], [-76.11838628543332, 43.03042960800799], [-76.1197693397295, 43.0303596223798], [-76.1197693397295, 43.0303596223798], [-76.1211623150198, 43.0302886221287], [-76.1211623150198, 43.0302886221287], [-76.1222873246574, 43.03023058891839], [-76.1222873246574, 43.03023058891839], [-76.1225622288973, 43.0302146549918], [-76.1225622288973, 43.0302146549918], [-76.1238073127457, 43.0301516468276], [-76.1238073127457, 43.0301516468276], [-76.1243023096201, 43.03012958554949], [-76.1244402863562, 43.030143628306384], [-76.1244402863562, 43.030143628306384], [-76.1245312847961, 43.03017965418519], [-76.1246422626663, 43.0302746457278], [-76.12466145885762, 43.03029424685154]]}}, {"type": "Feature", "properties": {"id": 2, "chain_order": 1, "margin_m": 25, "names": ["CRAWFORD AVENUE", "BROAD STREET", "BERKELEY DRIVE", "OSTROM AVENUE"], "changes": 3, "run_lengths_m": [25.0, 1125.9036972548352, 603.7005518017659, 25.0], "min_run_m": 25.0, "start_m": 1419.3095620883719, "end_m": 3198.913811144973, "length_m": 1779.6042490567802, "chord_m": 1454.236200076767, "ratio": 1.223738103179413, "max_offset_m": 378.74349934124274}, "geometry": {"type": "LineString", "coordinates": [[-76.11063057248823, 43.03123144929212], [-76.110658361115, 43.03119759420431], [-76.1107579133131, 43.0310269844787], [-76.1107579133131, 43.0310269844787], [-76.1108851003843, 43.03094855954309], [-76.1110372255861, 43.03087057643678], [-76.1111982890249, 43.03080363688551], [-76.1114242225054, 43.03075362720129], [-76.1116832247681, 43.0307336418339], [-76.1116832247681, 43.0307336418339], [-76.1128002438913, 43.030687575980686], [-76.1128002438913, 43.030687575980686], [-76.1135053342528, 43.0306555934454], [-76.1135053342528, 43.0306555934454], [-76.1138872413177, 43.03063764894079], [-76.1138872413177, 43.03063764894079], [-76.1147083023857, 43.030597596041794], [-76.1147083023857, 43.030597596041794], [-76.1157512661935, 43.030549611327395], [-76.1157512661935, 43.030549611327395], [-76.1158783221106, 43.03054360026649], [-76.1159782686692, 43.03053857288099], [-76.1159782686692, 43.03053857288099], [-76.1171612798298, 43.03048362686659], [-76.1171612798298, 43.03048362686659], [-76.1180182294917, 43.030439597786994], [-76.11838628543332, 43.03042960800799], [-76.11838628543332, 43.03042960800799], [-76.1197693397295, 43.0303596223798], [-76.1197693397295, 43.0303596223798], [-76.1211623150198, 43.0302886221287], [-76.1211623150198, 43.0302886221287], [-76.1222873246574, 43.03023058891839], [-76.1222873246574, 43.03023058891839], [-76.1225622288973, 43.0302146549918], [-76.1225622288973, 43.0302146549918], [-76.1238073127457, 43.0301516468276], [-76.1238073127457, 43.0301516468276], [-76.1243023096201, 43.03012958554949], [-76.1244402863562, 43.030143628306384], [-76.1244402863562, 43.030143628306384], [-76.1245312847961, 43.03017965418519], [-76.1246422626663, 43.0302746457278], [-76.12473231877351, 43.03036660137769], [-76.1248663168712, 43.0304786566056], [-76.1250002907144, 43.030535601496396], [-76.1250873042278, 43.03054158957501], [-76.1250873042278, 43.03054158957501], [-76.125209246036, 43.030544623341996], [-76.1256042631142, 43.03052560976299], [-76.126210244147, 43.0305046097818], [-76.1263392556965, 43.0305116242229], [-76.1264252765715, 43.0305505799001], [-76.1264543397659, 43.0305826209327], [-76.1264673024554, 43.0306336413538], [-76.1264673024554, 43.0306336413538], [-76.126521308272, 43.0307006467563], [-76.1266193081813, 43.03157559046839], [-76.1266902831736, 43.031932657142896], [-76.1266902831736, 43.031932657142896], [-76.1267323351086, 43.0320506580444], [-76.1267812708337, 43.0321356328942], [-76.1270202667168, 43.032437645669795], [-76.1275012983818, 43.032838578439886], [-76.1277322714109, 43.03309762564019], [-76.1277322714109, 43.03309762564019], [-76.1278462343828, 43.033274619279595], [-76.12795628609, 43.033539630100194], [-76.1279922591255, 43.033794655141406], [-76.1279572679486, 43.03385461217341], [-76.1279572679486, 43.03385461217341], [-76.1279723237128, 43.0340466291136], [-76.1279723237128, 43.0340466291136], [-76.12799214573704, 43.03427126149345]]}}, {"type": "Feature", "properties": {"id": 3, "chain_order": 1, "margin_m": 25, "names": ["CRAWFORD AVENUE", "BROAD STREET", "BERKELEY DRIVE", "OSTROM AVENUE", "COMSTOCK PLACE"], "changes": 4, "run_lengths_m": [25.0, 1125.9036972548352, 603.7005518017659, 1343.5661935890967, 25.0], "min_run_m": 25.0, "start_m": 1419.3095620883719, "end_m": 4542.48000473407, "length_m": 3123.170442645715, "chord_m": 2255.3475640469164, "ratio": 1.384784541608127, "max_offset_m": 1004.9750918671111}, "geometry": {"type": "LineString", "coordinates": [[-76.11063057248823, 43.03123144929212], [-76.110658361115, 43.03119759420431], [-76.1107579133131, 43.0310269844787], [-76.1107579133131, 43.0310269844787], [-76.1108851003843, 43.03094855954309], [-76.1110372255861, 43.03087057643678], [-76.1111982890249, 43.03080363688551], [-76.1114242225054, 43.03075362720129], [-76.1116832247681, 43.0307336418339], [-76.1116832247681, 43.0307336418339], [-76.1128002438913, 43.030687575980686], [-76.1128002438913, 43.030687575980686], [-76.1135053342528, 43.0306555934454], [-76.1135053342528, 43.0306555934454], [-76.1138872413177, 43.03063764894079], [-76.1138872413177, 43.03063764894079], [-76.1147083023857, 43.030597596041794], [-76.1147083023857, 43.030597596041794], [-76.1157512661935, 43.030549611327395], [-76.1157512661935, 43.030549611327395], [-76.1158783221106, 43.03054360026649], [-76.1159782686692, 43.03053857288099], [-76.1159782686692, 43.03053857288099], [-76.1171612798298, 43.03048362686659], [-76.1171612798298, 43.03048362686659], [-76.1180182294917, 43.030439597786994], [-76.11838628543332, 43.03042960800799], [-76.11838628543332, 43.03042960800799], [-76.1197693397295, 43.0303596223798], [-76.1197693397295, 43.0303596223798], [-76.1211623150198, 43.0302886221287], [-76.1211623150198, 43.0302886221287], [-76.1222873246574, 43.03023058891839], [-76.1222873246574, 43.03023058891839], [-76.1225622288973, 43.0302146549918], [-76.1225622288973, 43.0302146549918], [-76.1238073127457, 43.0301516468276], [-76.1238073127457, 43.0301516468276], [-76.1243023096201, 43.03012958554949], [-76.1244402863562, 43.030143628306384], [-76.1244402863562, 43.030143628306384], [-76.1245312847961, 43.03017965418519], [-76.1246422626663, 43.0302746457278], [-76.12473231877351, 43.03036660137769], [-76.1248663168712, 43.0304786566056], [-76.1250002907144, 43.030535601496396], [-76.1250873042278, 43.03054158957501], [-76.1250873042278, 43.03054158957501], [-76.125209246036, 43.030544623341996], [-76.1256042631142, 43.03052560976299], [-76.126210244147, 43.0305046097818], [-76.1263392556965, 43.0305116242229], [-76.1264252765715, 43.0305505799001], [-76.1264543397659, 43.0305826209327], [-76.1264673024554, 43.0306336413538], [-76.1264673024554, 43.0306336413538], [-76.126521308272, 43.0307006467563], [-76.1266193081813, 43.03157559046839], [-76.1266902831736, 43.031932657142896], [-76.1266902831736, 43.031932657142896], [-76.1267323351086, 43.0320506580444], [-76.1267812708337, 43.0321356328942], [-76.1270202667168, 43.032437645669795], [-76.1275012983818, 43.032838578439886], [-76.1277322714109, 43.03309762564019], [-76.1277322714109, 43.03309762564019], [-76.1278462343828, 43.033274619279595], [-76.12795628609, 43.033539630100194], [-76.1279922591255, 43.033794655141406], [-76.1279572679486, 43.03385461217341], [-76.1279572679486, 43.03385461217341], [-76.1279723237128, 43.0340466291136], [-76.1279723237128, 43.0340466291136], [-76.1281763454868, 43.036358610204495], [-76.1281763454868, 43.036358610204495], [-76.1283332757771, 43.03797560552108], [-76.1283332757771, 43.03797560552108], [-76.1283993145269, 43.0387455950365], [-76.1284024622236, 43.03877867508258], [-76.1284024622236, 43.03877867508258], [-76.1284572675408, 43.03935564631221], [-76.1284572675408, 43.03935564631221], [-76.1285592559699, 43.0404725993645], [-76.1285592559699, 43.0404725993645], [-76.1286573304394, 43.04155663344519], [-76.1286573304394, 43.04155663344519], [-76.1287482516242, 43.0426185850189], [-76.1287482516242, 43.0426185850189], [-76.12890033730021, 43.044143596045295], [-76.12890033730021, 43.044143596045295], [-76.1290142499664, 43.045300591920494], [-76.1290142499664, 43.045300591920494], [-76.1290832396819, 43.0461166554205], [-76.1290832396819, 43.0461166554205], [-76.129090303135, 43.04622059259838], [-76.1291132775484, 43.046261608221], [-76.1291412510863, 43.046280602481694], [-76.1291712323589, 43.046288591321705], [-76.1292057657691, 43.04628934425584]]}}, {"type": "Feature", "properties": {"id": 4, "chain_order": 1, "margin_m": 25, "names": ["BROAD STREET", "BERKELEY DRIVE"], "changes": 1, "run_lengths_m": [25.0, 25.0], "min_run_m": 25.0, "start_m": 2545.213259343207, "end_m": 2595.213259343207, "length_m": 49.99999999997333, "chord_m": 46.30533083353462, "ratio": 1.079789283435224, "max_offset_m": 8.69848540022468}, "geometry": {"type": "LineString", "coordinates": [[-76.12413508074802, 43.030137038933894], [-76.1243023096201, 43.03012958554949], [-76.1244402863562, 43.030143628306384], [-76.1244402863562, 43.030143628306384], [-76.1245312847961, 43.03017965418519], [-76.1246422626663, 43.0302746457278], [-76.12466145885762, 43.03029424685154]]}}, {"type": "Feature", "properties": {"id": 5, "chain_order": 1, "margin_m": 25, "names": ["BROAD STREET", "BERKELEY DRIVE", "OSTROM AVENUE"], "changes": 2, "run_lengths_m": [25.0, 603.7005518017659, 25.0], "min_run_m": 25.0, "start_m": 2545.213259343207, "end_m": 3198.913811144973, "length_m": 653.7005518019275, "chord_m": 556.3912786734885, "ratio": 1.174893598908375, "max_offset_m": 128.04623555832845}, "geometry": {"type": "LineString", "coordinates": [[-76.12413508074802, 43.030137038933894], [-76.1243023096201, 43.03012958554949], [-76.1244402863562, 43.030143628306384], [-76.1244402863562, 43.030143628306384], [-76.1245312847961, 43.03017965418519], [-76.1246422626663, 43.0302746457278], [-76.12473231877351, 43.03036660137769], [-76.1248663168712, 43.0304786566056], [-76.1250002907144, 43.030535601496396], [-76.1250873042278, 43.03054158957501], [-76.1250873042278, 43.03054158957501], [-76.125209246036, 43.030544623341996], [-76.1256042631142, 43.03052560976299], [-76.126210244147, 43.0305046097818], [-76.1263392556965, 43.0305116242229], [-76.1264252765715, 43.0305505799001], [-76.1264543397659, 43.0305826209327], [-76.1264673024554, 43.0306336413538], [-76.1264673024554, 43.0306336413538], [-76.126521308272, 43.0307006467563], [-76.1266193081813, 43.03157559046839], [-76.1266902831736, 43.031932657142896], [-76.1266902831736, 43.031932657142896], [-76.1267323351086, 43.0320506580444], [-76.1267812708337, 43.0321356328942], [-76.1270202667168, 43.032437645669795], [-76.1275012983818, 43.032838578439886], [-76.1277322714109, 43.03309762564019], [-76.1277322714109, 43.03309762564019], [-76.1278462343828, 43.033274619279595], [-76.12795628609, 43.033539630100194], [-76.1279922591255, 43.033794655141406], [-76.1279572679486, 43.03385461217341], [-76.1279572679486, 43.03385461217341], [-76.1279723237128, 43.0340466291136], [-76.1279723237128, 43.0340466291136], [-76.12799214573704, 43.03427126149345]]}}, {"type": "Feature", "properties": {"id": 6, "chain_order": 1, "margin_m": 25, "names": ["BROAD STREET", "BERKELEY DRIVE", "OSTROM AVENUE", "COMSTOCK PLACE"], "changes": 3, "run_lengths_m": [25.0, 603.7005518017659, 1343.5661935890967, 25.0], "min_run_m": 25.0, "start_m": 2545.213259343207, "end_m": 4542.48000473407, "length_m": 1997.2667453908637, "chord_m": 1840.832125234743, "ratio": 1.084980383605687, "max_offset_m": 218.59468161948487}, "geometry": {"type": "LineString", "coordinates": [[-76.12413508074802, 43.030137038933894], [-76.1243023096201, 43.03012958554949], [-76.1244402863562, 43.030143628306384], [-76.1244402863562, 43.030143628306384], [-76.1245312847961, 43.03017965418519], [-76.1246422626663, 43.0302746457278], [-76.12473231877351, 43.03036660137769], [-76.1248663168712, 43.0304786566056], [-76.1250002907144, 43.030535601496396], [-76.1250873042278, 43.03054158957501], [-76.1250873042278, 43.03054158957501], [-76.125209246036, 43.030544623341996], [-76.1256042631142, 43.03052560976299], [-76.126210244147, 43.0305046097818], [-76.1263392556965, 43.0305116242229], [-76.1264252765715, 43.0305505799001], [-76.1264543397659, 43.0305826209327], [-76.1264673024554, 43.0306336413538], [-76.1264673024554, 43.0306336413538], [-76.126521308272, 43.0307006467563], [-76.1266193081813, 43.03157559046839], [-76.1266902831736, 43.031932657142896], [-76.1266902831736, 43.031932657142896], [-76.1267323351086, 43.0320506580444], [-76.1267812708337, 43.0321356328942], [-76.1270202667168, 43.032437645669795], [-76.1275012983818, 43.032838578439886], [-76.1277322714109, 43.03309762564019], [-76.1277322714109, 43.03309762564019], [-76.1278462343828, 43.033274619279595], [-76.12795628609, 43.033539630100194], [-76.1279922591255, 43.033794655141406], [-76.1279572679486, 43.03385461217341], [-76.1279572679486, 43.03385461217341], [-76.1279723237128, 43.0340466291136], [-76.1279723237128, 43.0340466291136], [-76.1281763454868, 43.036358610204495], [-76.1281763454868, 43.036358610204495], [-76.1283332757771, 43.03797560552108], [-76.1283332757771, 43.03797560552108], [-76.1283993145269, 43.0387455950365], [-76.1284024622236, 43.03877867508258], [-76.1284024622236, 43.03877867508258], [-76.1284572675408, 43.03935564631221], [-76.1284572675408, 43.03935564631221], [-76.1285592559699, 43.0404725993645], [-76.1285592559699, 43.0404725993645], [-76.1286573304394, 43.04155663344519], [-76.1286573304394, 43.04155663344519], [-76.1287482516242, 43.0426185850189], [-76.1287482516242, 43.0426185850189], [-76.12890033730021, 43.044143596045295], [-76.12890033730021, 43.044143596045295], [-76.1290142499664, 43.045300591920494], [-76.1290142499664, 43.045300591920494], [-76.1290832396819, 43.0461166554205], [-76.1290832396819, 43.0461166554205], [-76.129090303135, 43.04622059259838], [-76.1291132775484, 43.046261608221], [-76.1291412510863, 43.046280602481694], [-76.1291712323589, 43.046288591321705], [-76.1292057657691, 43.04628934425584]]}}, {"type": "Feature", "properties": {"id": 7, "chain_order": 1, "margin_m": 25, "names": ["BERKELEY DRIVE", "OSTROM AVENUE"], "changes": 1, "run_lengths_m": [25.0, 25.0], "min_run_m": 25.0, "start_m": 3148.913811144973, "end_m": 3198.913811144973, "length_m": 50.00000000054722, "chord_m": 49.6388380909177, "ratio": 1.0072757929782323, "max_offset_m": 1.5267056543003352}, "geometry": {"type": "LineString", "coordinates": [[-76.127974848243, 43.03382448853029], [-76.1279572679486, 43.03385461217341], [-76.1279572679486, 43.03385461217341], [-76.1279723237128, 43.0340466291136], [-76.1279723237128, 43.0340466291136], [-76.12799214573704, 43.03427126149345]]}}, {"type": "Feature", "properties": {"id": 8, "chain_order": 1, "margin_m": 25, "names": ["BERKELEY DRIVE", "OSTROM AVENUE", "COMSTOCK PLACE"], "changes": 2, "run_lengths_m": [25.0, 1343.5661935890967, 25.0], "min_run_m": 25.0, "start_m": 3148.913811144973, "end_m": 4542.48000473407, "length_m": 1393.5661935894832, "chord_m": 1387.9816701359614, "ratio": 1.0040234850168985, "max_offset_m": 8.828802882046967}, "geometry": {"type": "LineString", "coordinates": [[-76.127974848243, 43.03382448853029], [-76.1279572679486, 43.03385461217341], [-76.1279572679486, 43.03385461217341], [-76.1279723237128, 43.0340466291136], [-76.1279723237128, 43.0340466291136], [-76.1281763454868, 43.036358610204495], [-76.1281763454868, 43.036358610204495], [-76.1283332757771, 43.03797560552108], [-76.1283332757771, 43.03797560552108], [-76.1283993145269, 43.0387455950365], [-76.1284024622236, 43.03877867508258], [-76.1284024622236, 43.03877867508258], [-76.1284572675408, 43.03935564631221], [-76.1284572675408, 43.03935564631221], [-76.1285592559699, 43.0404725993645], [-76.1285592559699, 43.0404725993645], [-76.1286573304394, 43.04155663344519], [-76.1286573304394, 43.04155663344519], [-76.1287482516242, 43.0426185850189], [-76.1287482516242, 43.0426185850189], [-76.12890033730021, 43.044143596045295], [-76.12890033730021, 43.044143596045295], [-76.1290142499664, 43.045300591920494], [-76.1290142499664, 43.045300591920494], [-76.1290832396819, 43.0461166554205], [-76.1290832396819, 43.0461166554205], [-76.129090303135, 43.04622059259838], [-76.1291132775484, 43.046261608221], [-76.1291412510863, 43.046280602481694], [-76.1291712323589, 43.046288591321705], [-76.1292057657691, 43.04628934425584]]}}, {"type": "Feature", "properties": {"id": 9, "chain_order": 1, "margin_m": 25, "names": ["OSTROM AVENUE", "COMSTOCK PLACE"], "changes": 1, "run_lengths_m": [25.0, 25.0], "min_run_m": 25.0, "start_m": 4492.48000473407, "end_m": 4542.48000473407, "length_m": 50.00000000028136, "chord_m": 45.61177737633217, "ratio": 1.0962081040548581, "max_offset_m": 7.169981112443858}, "geometry": {"type": "LineString", "coordinates": [[-76.12906424590767, 43.045891984871886], [-76.1290832396819, 43.0461166554205], [-76.1290832396819, 43.0461166554205], [-76.129090303135, 43.04622059259838], [-76.1291132775484, 43.046261608221], [-76.1291412510863, 43.046280602481694], [-76.1291712323589, 43.046288591321705], [-76.1292057657691, 43.04628934425584]]}}, {"type": "Feature", "properties": {"id": 10, "chain_order": 1, "margin_m": 50, "names": ["CRAWFORD AVENUE", "BROAD STREET"], "changes": 1, "run_lengths_m": [50.0, 50.0], "min_run_m": 50.0, "start_m": 1394.3095620883719, "end_m": 1494.3095620883719, "length_m": 100.00000000006723, "chord_m": 96.16500774470225, "ratio": 1.0398792902460536, "max_offset_m": 12.773096757365739}, "geometry": {"type": "LineString", "coordinates": [[-76.11047228620833, 43.031424289797854], [-76.110658361115, 43.03119759420431], [-76.1107579133131, 43.0310269844787], [-76.1107579133131, 43.0310269844787], [-76.1108851003843, 43.03094855954309], [-76.1110372255861, 43.03087057643678], [-76.1111982890249, 43.03080363688551], [-76.11127184883878, 43.0307873547036]]}}, {"type": "Feature", "properties": {"id": 11, "chain_order": 1, "margin_m": 50, "names": ["CRAWFORD AVENUE", "BROAD STREET", "BERKELEY DRIVE"], "changes": 2, "run_lengths_m": [50.0, 1125.9036972548352, 50.0], "min_run_m": 50.0, "start_m": 1394.3095620883719, "end_m": 2620.213259343207, "length_m": 1225.9036972547306, "chord_m": 1176.6029081792383, "ratio": 1.0419009580316132, "max_offset_m": 67.50128747460592}, "geometry": {"type": "LineString", "coordinates": [[-76.11047228620833, 43.031424289797854], [-76.110658361115, 43.03119759420431], [-76.1107579133131, 43.0310269844787], [-76.1107579133131, 43.0310269844787], [-76.1108851003843, 43.03094855954309], [-76.1110372255861, 43.03087057643678], [-76.1111982890249, 43.03080363688551], [-76.1114242225054, 43.03075362720129], [-76.1116832247681, 43.0307336418339], [-76.1116832247681, 43.0307336418339], [-76.1128002438913, 43.030687575980686], [-76.1128002438913, 43.030687575980686], [-76.1135053342528, 43.0306555934454], [-76.1135053342528, 43.0306555934454], [-76.1138872413177, 43.03063764894079], [-76.1138872413177, 43.03063764894079], [-76.1147083023857, 43.030597596041794], [-76.1147083023857, 43.030597596041794], [-76.1157512661935, 43.030549611327395], [-76.1157512661935, 43.030549611327395], [-76.1158783221106, 43.03054360026649], [-76.1159782686692, 43.03053857288099], [-76.1159782686692, 43.03053857288099], [-76.1171612798298, 43.03048362686659], [-76.1171612798298, 43.03048362686659], [-76.1180182294917, 43.030439597786994], [-76.11838628543332, 43.03042960800799], [-76.11838628543332, 43.03042960800799], [-76.1197693397295, 43.0303596223798], [-76.1197693397295, 43.0303596223798], [-76.1211623150198, 43.0302886221287], [-76.1211623150198, 43.0302886221287], [-76.1222873246574, 43.03023058891839], [-76.1222873246574, 43.03023058891839], [-76.1225622288973, 43.0302146549918], [-76.1225622288973, 43.0302146549918], [-76.1238073127457, 43.0301516468276], [-76.1238073127457, 43.0301516468276], [-76.1243023096201, 43.03012958554949], [-76.1244402863562, 43.030143628306384], [-76.1244402863562, 43.030143628306384], [-76.1245312847961, 43.03017965418519], [-76.1246422626663, 43.0302746457278], [-76.12473231877351, 43.03036660137769], [-76.12485458192693, 43.03046884334101]]}}, {"type": "Feature", "properties": {"id": 12, "chain_order": 1, "margin_m": 50, "names": ["CRAWFORD AVENUE", "BROAD STREET", "BERKELEY DRIVE", "OSTROM AVENUE"], "changes": 3, "run_lengths_m": [50.0, 1125.9036972548352, 603.7005518017659, 50.0], "min_run_m": 50.0, "start_m": 1394.3095620883719, "end_m": 3223.913811144973, "length_m": 1829.6042490570578, "chord_m": 1469.1658086331026, "ratio": 1.2453354402246153, "max_offset_m": 402.61791556158664}, "geometry": {"type": "LineString", "coordinates": [[-76.11047228620833, 43.031424289797854], [-76.110658361115, 43.03119759420431], [-76.1107579133131, 43.0310269844787], [-76.1107579133131, 43.0310269844787], [-76.1108851003843, 43.03094855954309], [-76.1110372255861, 43.03087057643678], [-76.1111982890249, 43.03080363688551], [-76.1114242225054, 43.03075362720129], [-76.1116832247681, 43.0307336418339], [-76.1116832247681, 43.0307336418339], [-76.1128002438913, 43.030687575980686], [-76.1128002438913, 43.030687575980686], [-76.1135053342528, 43.0306555934454], [-76.1135053342528, 43.0306555934454], [-76.1138872413177, 43.03063764894079], [-76.1138872413177, 43.03063764894079], [-76.1147083023857, 43.030597596041794], [-76.1147083023857, 43.030597596041794], [-76.1157512661935, 43.030549611327395], [-76.1157512661935, 43.030549611327395], [-76.1158783221106, 43.03054360026649], [-76.1159782686692, 43.03053857288099], [-76.1159782686692, 43.03053857288099], [-76.1171612798298, 43.03048362686659], [-76.1171612798298, 43.03048362686659], [-76.1180182294917, 43.030439597786994], [-76.11838628543332, 43.03042960800799], [-76.11838628543332, 43.03042960800799], [-76.1197693397295, 43.0303596223798], [-76.1197693397295, 43.0303596223798], [-76.1211623150198, 43.0302886221287], [-76.1211623150198, 43.0302886221287], [-76.1222873246574, 43.03023058891839], [-76.1222873246574, 43.03023058891839], [-76.1225622288973, 43.0302146549918], [-76.1225622288973, 43.0302146549918], [-76.1238073127457, 43.0301516468276], [-76.1238073127457, 43.0301516468276], [-76.1243023096201, 43.03012958554949], [-76.1244402863562, 43.030143628306384], [-76.1244402863562, 43.030143628306384], [-76.1245312847961, 43.03017965418519], [-76.1246422626663, 43.0302746457278], [-76.12473231877351, 43.03036660137769], [-76.1248663168712, 43.0304786566056], [-76.1250002907144, 43.030535601496396], [-76.1250873042278, 43.03054158957501], [-76.1250873042278, 43.03054158957501], [-76.125209246036, 43.030544623341996], [-76.1256042631142, 43.03052560976299], [-76.126210244147, 43.0305046097818], [-76.1263392556965, 43.0305116242229], [-76.1264252765715, 43.0305505799001], [-76.1264543397659, 43.0305826209327], [-76.1264673024554, 43.0306336413538], [-76.1264673024554, 43.0306336413538], [-76.126521308272, 43.0307006467563], [-76.1266193081813, 43.03157559046839], [-76.1266902831736, 43.031932657142896], [-76.1266902831736, 43.031932657142896], [-76.1267323351086, 43.0320506580444], [-76.1267812708337, 43.0321356328942], [-76.1270202667168, 43.032437645669795], [-76.1275012983818, 43.032838578439886], [-76.1277322714109, 43.03309762564019], [-76.1277322714109, 43.03309762564019], [-76.1278462343828, 43.033274619279595], [-76.12795628609, 43.033539630100194], [-76.1279922591255, 43.033794655141406], [-76.1279572679486, 43.03385461217341], [-76.1279572679486, 43.03385461217341], [-76.1279723237128, 43.0340466291136], [-76.1279723237128, 43.0340466291136], [-76.12801196792311, 43.03449589385954]]}}, {"type": "Feature", "properties": {"id": 13, "chain_order": 1, "margin_m": 50, "names": ["CRAWFORD AVENUE", "BROAD STREET", "BERKELEY DRIVE", "OSTROM AVENUE", "COMSTOCK PLACE"], "changes": 4, "run_lengths_m": [50.0, 1125.9036972548352, 603.7005518017659, 1343.5661935890967, 50.0], "min_run_m": 50.0, "start_m": 1394.3095620883719, "end_m": 4567.48000473407, "length_m": 3173.1704426458896, "chord_m": 2265.8250456831574, "ratio": 1.4004481275778127, "max_offset_m": 1013.9128669511563}, "geometry": {"type": "LineString", "coordinates": [[-76.11047228620833, 43.031424289797854], [-76.110658361115, 43.03119759420431], [-76.1107579133131, 43.0310269844787], [-76.1107579133131, 43.0310269844787], [-76.1108851003843, 43.03094855954309], [-76.1110372255861, 43.03087057643678], [-76.1111982890249, 43.03080363688551], [-76.1114242225054, 43.03075362720129], [-76.1116832247681, 43.0307336418339], [-76.1116832247681, 43.0307336418339], [-76.1128002438913, 43.030687575980686], [-76.1128002438913, 43.030687575980686], [-76.1135053342528, 43.0306555934454], [-76.1135053342528, 43.0306555934454], [-76.1138872413177, 43.03063764894079], [-76.1138872413177, 43.03063764894079], [-76.1147083023857, 43.030597596041794], [-76.1147083023857, 43.030597596041794], [-76.1157512661935, 43.030549611327395], [-76.1157512661935, 43.030549611327395], [-76.1158783221106, 43.03054360026649], [-76.1159782686692, 43.03053857288099], [-76.1159782686692, 43.03053857288099], [-76.1171612798298, 43.03048362686659], [-76.1171612798298, 43.03048362686659], [-76.1180182294917, 43.030439597786994], [-76.11838628543332, 43.03042960800799], [-76.11838628543332, 43.03042960800799], [-76.1197693397295, 43.0303596223798], [-76.1197693397295, 43.0303596223798], [-76.1211623150198, 43.0302886221287], [-76.1211623150198, 43.0302886221287], [-76.1222873246574, 43.03023058891839], [-76.1222873246574, 43.03023058891839], [-76.1225622288973, 43.0302146549918], [-76.1225622288973, 43.0302146549918], [-76.1238073127457, 43.0301516468276], [-76.1238073127457, 43.0301516468276], [-76.1243023096201, 43.03012958554949], [-76.1244402863562, 43.030143628306384], [-76.1244402863562, 43.030143628306384], [-76.1245312847961, 43.03017965418519], [-76.1246422626663, 43.0302746457278], [-76.12473231877351, 43.03036660137769], [-76.1248663168712, 43.0304786566056], [-76.1250002907144, 43.030535601496396], [-76.1250873042278, 43.03054158957501], [-76.1250873042278, 43.03054158957501], [-76.125209246036, 43.030544623341996], [-76.1256042631142, 43.03052560976299], [-76.126210244147, 43.0305046097818], [-76.1263392556965, 43.0305116242229], [-76.1264252765715, 43.0305505799001], [-76.1264543397659, 43.0305826209327], [-76.1264673024554, 43.0306336413538], [-76.1264673024554, 43.0306336413538], [-76.126521308272, 43.0307006467563], [-76.1266193081813, 43.03157559046839], [-76.1266902831736, 43.031932657142896], [-76.1266902831736, 43.031932657142896], [-76.1267323351086, 43.0320506580444], [-76.1267812708337, 43.0321356328942], [-76.1270202667168, 43.032437645669795], [-76.1275012983818, 43.032838578439886], [-76.1277322714109, 43.03309762564019], [-76.1277322714109, 43.03309762564019], [-76.1278462343828, 43.033274619279595], [-76.12795628609, 43.033539630100194], [-76.1279922591255, 43.033794655141406], [-76.1279572679486, 43.03385461217341], [-76.1279572679486, 43.03385461217341], [-76.1279723237128, 43.0340466291136], [-76.1279723237128, 43.0340466291136], [-76.1281763454868, 43.036358610204495], [-76.1281763454868, 43.036358610204495], [-76.1283332757771, 43.03797560552108], [-76.1283332757771, 43.03797560552108], [-76.1283993145269, 43.0387455950365], [-76.1284024622236, 43.03877867508258], [-76.1284024622236, 43.03877867508258], [-76.1284572675408, 43.03935564631221], [-76.1284572675408, 43.03935564631221], [-76.1285592559699, 43.0404725993645], [-76.1285592559699, 43.0404725993645], [-76.1286573304394, 43.04155663344519], [-76.1286573304394, 43.04155663344519], [-76.1287482516242, 43.0426185850189], [-76.1287482516242, 43.0426185850189], [-76.12890033730021, 43.044143596045295], [-76.12890033730021, 43.044143596045295], [-76.1290142499664, 43.045300591920494], [-76.1290142499664, 43.045300591920494], [-76.1290832396819, 43.0461166554205], [-76.1290832396819, 43.0461166554205], [-76.129090303135, 43.04622059259838], [-76.1291132775484, 43.046261608221], [-76.1291412510863, 43.046280602481694], [-76.1291712323589, 43.046288591321705], [-76.12951254587765, 43.04629603254345]]}}, {"type": "Feature", "properties": {"id": 14, "chain_order": 1, "margin_m": 50, "names": ["BROAD STREET", "BERKELEY DRIVE"], "changes": 1, "run_lengths_m": [50.0, 50.0], "min_run_m": 50.0, "start_m": 2520.213259343207, "end_m": 2620.213259343207, "length_m": 99.99999999969714, "chord_m": 90.73890439137031, "ratio": 1.1020631191267458, "max_offset_m": 20.12307881120367}, "geometry": {"type": "LineString", "coordinates": [[-76.12382880995737, 43.030150688773446], [-76.1243023096201, 43.03012958554949], [-76.1244402863562, 43.030143628306384], [-76.1244402863562, 43.030143628306384], [-76.1245312847961, 43.03017965418519], [-76.1246422626663, 43.0302746457278], [-76.12473231877351, 43.03036660137769], [-76.12485458192693, 43.03046884334101]]}}, {"type": "Feature", "properties": {"id": 15, "chain_order": 1, "margin_m": 50, "names": ["BROAD STREET", "BERKELEY DRIVE", "OSTROM AVENUE"], "changes": 2, "run_lengths_m": [50.0, 603.7005518017659, 50.0], "min_run_m": 50.0, "start_m": 2520.213259343207, "end_m": 3223.913811144973, "length_m": 703.7005518020245, "chord_m": 590.7971208683532, "ratio": 1.1911035564420591, "max_offset_m": 147.18251392805365}, "geometry": {"type": "LineString", "coordinates": [[-76.12382880995737, 43.030150688773446], [-76.1243023096201, 43.03012958554949], [-76.1244402863562, 43.030143628306384], [-76.1244402863562, 43.030143628306384], [-76.1245312847961, 43.03017965418519], [-76.1246422626663, 43.0302746457278], [-76.12473231877351, 43.03036660137769], [-76.1248663168712, 43.0304786566056], [-76.1250002907144, 43.030535601496396], [-76.1250873042278, 43.03054158957501], [-76.1250873042278, 43.03054158957501], [-76.125209246036, 43.030544623341996], [-76.1256042631142, 43.03052560976299], [-76.126210244147, 43.0305046097818], [-76.1263392556965, 43.0305116242229], [-76.1264252765715, 43.0305505799001], [-76.1264543397659, 43.0305826209327], [-76.1264673024554, 43.0306336413538], [-76.1264673024554, 43.0306336413538], [-76.126521308272, 43.0307006467563], [-76.1266193081813, 43.03157559046839], [-76.1266902831736, 43.031932657142896], [-76.1266902831736, 43.031932657142896], [-76.1267323351086, 43.0320506580444], [-76.1267812708337, 43.0321356328942], [-76.1270202667168, 43.032437645669795], [-76.1275012983818, 43.032838578439886], [-76.1277322714109, 43.03309762564019], [-76.1277322714109, 43.03309762564019], [-76.1278462343828, 43.033274619279595], [-76.12795628609, 43.033539630100194], [-76.1279922591255, 43.033794655141406], [-76.1279572679486, 43.03385461217341], [-76.1279572679486, 43.03385461217341], [-76.1279723237128, 43.0340466291136], [-76.1279723237128, 43.0340466291136], [-76.12801196792311, 43.03449589385954]]}}, {"type": "Feature", "properties": {"id": 16, "chain_order": 1, "margin_m": 50, "names": ["BROAD STREET", "BERKELEY DRIVE", "OSTROM AVENUE", "COMSTOCK PLACE"], "changes": 3, "run_lengths_m": [50.0, 603.7005518017659, 1343.5661935890967, 50.0], "min_run_m": 50.0, "start_m": 2520.213259343207, "end_m": 4567.48000473407, "length_m": 2047.2667453908577, "chord_m": 1851.9302667498148, "ratio": 1.1054772321335098, "max_offset_m": 231.50439013243303}, "geometry": {"type": "LineString", "coordinates": [[-76.12382880995737, 43.030150688773446], [-76.1243023096201, 43.03012958554949], [-76.1244402863562, 43.030143628306384], [-76.1244402863562, 43.030143628306384], [-76.1245312847961, 43.03017965418519], [-76.1246422626663, 43.0302746457278], [-76.12473231877351, 43.03036660137769], [-76.1248663168712, 43.0304786566056], [-76.1250002907144, 43.030535601496396], [-76.1250873042278, 43.03054158957501], [-76.1250873042278, 43.03054158957501], [-76.125209246036, 43.030544623341996], [-76.1256042631142, 43.03052560976299], [-76.126210244147, 43.0305046097818], [-76.1263392556965, 43.0305116242229], [-76.1264252765715, 43.0305505799001], [-76.1264543397659, 43.0305826209327], [-76.1264673024554, 43.0306336413538], [-76.1264673024554, 43.0306336413538], [-76.126521308272, 43.0307006467563], [-76.1266193081813, 43.03157559046839], [-76.1266902831736, 43.031932657142896], [-76.1266902831736, 43.031932657142896], [-76.1267323351086, 43.0320506580444], [-76.1267812708337, 43.0321356328942], [-76.1270202667168, 43.032437645669795], [-76.1275012983818, 43.032838578439886], [-76.1277322714109, 43.03309762564019], [-76.1277322714109, 43.03309762564019], [-76.1278462343828, 43.033274619279595], [-76.12795628609, 43.033539630100194], [-76.1279922591255, 43.033794655141406], [-76.1279572679486, 43.03385461217341], [-76.1279572679486, 43.03385461217341], [-76.1279723237128, 43.0340466291136], [-76.1279723237128, 43.0340466291136], [-76.1281763454868, 43.036358610204495], [-76.1281763454868, 43.036358610204495], [-76.1283332757771, 43.03797560552108], [-76.1283332757771, 43.03797560552108], [-76.1283993145269, 43.0387455950365], [-76.1284024622236, 43.03877867508258], [-76.1284024622236, 43.03877867508258], [-76.1284572675408, 43.03935564631221], [-76.1284572675408, 43.03935564631221], [-76.1285592559699, 43.0404725993645], [-76.1285592559699, 43.0404725993645], [-76.1286573304394, 43.04155663344519], [-76.1286573304394, 43.04155663344519], [-76.1287482516242, 43.0426185850189], [-76.1287482516242, 43.0426185850189], [-76.12890033730021, 43.044143596045295], [-76.12890033730021, 43.044143596045295], [-76.1290142499664, 43.045300591920494], [-76.1290142499664, 43.045300591920494], [-76.1290832396819, 43.0461166554205], [-76.1290832396819, 43.0461166554205], [-76.129090303135, 43.04622059259838], [-76.1291132775484, 43.046261608221], [-76.1291412510863, 43.046280602481694], [-76.1291712323589, 43.046288591321705], [-76.12951254587765, 43.04629603254345]]}}, {"type": "Feature", "properties": {"id": 17, "chain_order": 1, "margin_m": 50, "names": ["BERKELEY DRIVE", "OSTROM AVENUE"], "changes": 1, "run_lengths_m": [50.0, 50.0], "min_run_m": 50.0, "start_m": 3123.913811144973, "end_m": 3223.913811144973, "length_m": 100.00000000050895, "chord_m": 99.23518710578016, "ratio": 1.0077070736402556, "max_offset_m": 1.7202720209657334}, "geometry": {"type": "LineString", "coordinates": [[-76.12796522880801, 43.03360302827345], [-76.1279922591255, 43.033794655141406], [-76.1279572679486, 43.03385461217341], [-76.1279572679486, 43.03385461217341], [-76.1279723237128, 43.0340466291136], [-76.1279723237128, 43.0340466291136], [-76.12801196792311, 43.03449589385954]]}}, {"type": "Feature", "properties": {"id": 18, "chain_order": 1, "margin_m": 50, "names": ["BERKELEY DRIVE", "OSTROM AVENUE", "COMSTOCK PLACE"], "changes": 2, "run_lengths_m": [50.0, 1343.5661935890967, 50.0], "min_run_m": 50.0, "start_m": 3123.913811144973, "end_m": 4567.48000473407, "length_m": 1443.566193589342, "chord_m": 1415.3173709017728, "ratio": 1.019959355596385, "max_offset_m": 33.51109162496323}, "geometry": {"type": "LineString", "coordinates": [[-76.12796522880801, 43.03360302827345], [-76.1279922591255, 43.033794655141406], [-76.1279572679486, 43.03385461217341], [-76.1279572679486, 43.03385461217341], [-76.1279723237128, 43.0340466291136], [-76.1279723237128, 43.0340466291136], [-76.1281763454868, 43.036358610204495], [-76.1281763454868, 43.036358610204495], [-76.1283332757771, 43.03797560552108], [-76.1283332757771, 43.03797560552108], [-76.1283993145269, 43.0387455950365], [-76.1284024622236, 43.03877867508258], [-76.1284024622236, 43.03877867508258], [-76.1284572675408, 43.03935564631221], [-76.1284572675408, 43.03935564631221], [-76.1285592559699, 43.0404725993645], [-76.1285592559699, 43.0404725993645], [-76.1286573304394, 43.04155663344519], [-76.1286573304394, 43.04155663344519], [-76.1287482516242, 43.0426185850189], [-76.1287482516242, 43.0426185850189], [-76.12890033730021, 43.044143596045295], [-76.12890033730021, 43.044143596045295], [-76.1290142499664, 43.045300591920494], [-76.1290142499664, 43.045300591920494], [-76.1290832396819, 43.0461166554205], [-76.1290832396819, 43.0461166554205], [-76.129090303135, 43.04622059259838], [-76.1291132775484, 43.046261608221], [-76.1291412510863, 43.046280602481694], [-76.1291712323589, 43.046288591321705], [-76.12951254587765, 43.04629603254345]]}}, {"type": "Feature", "properties": {"id": 19, "chain_order": 1, "margin_m": 50, "names": ["OSTROM AVENUE", "COMSTOCK PLACE"], "changes": 1, "run_lengths_m": [50.0, 50.0], "min_run_m": 50.0, "start_m": 4467.48000473407, "end_m": 4567.48000473407, "length_m": 99.99999999968706, "chord_m": 79.5268400212009, "ratio": 1.2574371114585752, "max_offset_m": 26.72554470194421}, "geometry": {"type": "LineString", "coordinates": [[-76.12904525228932, 43.04566731430988], [-76.1290832396819, 43.0461166554205], [-76.1290832396819, 43.0461166554205], [-76.129090303135, 43.04622059259838], [-76.1291132775484, 43.046261608221], [-76.1291412510863, 43.046280602481694], [-76.1291712323589, 43.046288591321705], [-76.12951254587765, 43.04629603254345]]}}, {"type": "Feature", "properties": {"id": 20, "chain_order": 1, "margin_m": 100, "names": ["CRAWFORD AVENUE", "BROAD STREET"], "changes": 1, "run_lengths_m": [100.0, 100.0], "min_run_m": 100.0, "start_m": 1344.3095620883719, "end_m": 1544.3095620883719, "length_m": 200.00000000002908, "chord_m": 182.91057069516341, "ratio": 1.09343051765634, "max_offset_m": 36.49944175610448}, "geometry": {"type": "LineString", "coordinates": [[-76.11021465319727, 43.031832540505334], [-76.1102733216246, 43.031725623956014], [-76.1104523262163, 43.03144860699761], [-76.110658361115, 43.03119759420431], [-76.1107579133131, 43.0310269844787], [-76.1107579133131, 43.0310269844787], [-76.1108851003843, 43.03094855954309], [-76.1110372255861, 43.03087057643678], [-76.1111982890249, 43.03080363688551], [-76.1114242225054, 43.03075362720129], [-76.1116832247681, 43.0307336418339], [-76.1116832247681, 43.0307336418339], [-76.11187700787453, 43.0307256510073]]}}, {"type": "Feature", "properties": {"id": 21, "chain_order": 1, "margin_m": 100, "names": ["CRAWFORD AVENUE", "BROAD STREET", "BERKELEY DRIVE"], "changes": 2, "run_lengths_m": [100.0, 1125.9036972548352, 100.0], "min_run_m": 100.0, "start_m": 1344.3095620883719, "end_m": 2670.213259343207, "length_m": 1325.9036972548843, "chord_m": 1248.8844186959495, "ratio": 1.061670461578307, "max_offset_m": 107.64678023834797}, "geometry": {"type": "LineString", "coordinates": [[-76.11021465319727, 43.031832540505334], [-76.1102733216246, 43.031725623956014], [-76.1104523262163, 43.03144860699761], [-76.110658361115, 43.03119759420431], [-76.1107579133131, 43.0310269844787], [-76.1107579133131, 43.0310269844787], [-76.1108851003843, 43.03094855954309], [-76.1110372255861, 43.03087057643678], [-76.1111982890249, 43.03080363688551], [-76.1114242225054, 43.03075362720129], [-76.1116832247681, 43.0307336418339], [-76.1116832247681, 43.0307336418339], [-76.1128002438913, 43.030687575980686], [-76.1128002438913, 43.030687575980686], [-76.1135053342528, 43.0306555934454], [-76.1135053342528, 43.0306555934454], [-76.1138872413177, 43.03063764894079], [-76.1138872413177, 43.03063764894079], [-76.1147083023857, 43.030597596041794], [-76.1147083023857, 43.030597596041794], [-76.1157512661935, 43.030549611327395], [-76.1157512661935, 43.030549611327395], [-76.1158783221106, 43.03054360026649], [-76.1159782686692, 43.03053857288099], [-76.1159782686692, 43.03053857288099], [-76.1171612798298, 43.03048362686659], [-76.1171612798298, 43.03048362686659], [-76.1180182294917, 43.030439597786994], [-76.11838628543332, 43.03042960800799], [-76.11838628543332, 43.03042960800799], [-76.1197693397295, 43.0303596223798], [-76.1197693397295, 43.0303596223798], [-76.1211623150198, 43.0302886221287], [-76.1211623150198, 43.0302886221287], [-76.1222873246574, 43.03023058891839], [-76.1222873246574, 43.03023058891839], [-76.1225622288973, 43.0302146549918], [-76.1225622288973, 43.0302146549918], [-76.1238073127457, 43.0301516468276], [-76.1238073127457, 43.0301516468276], [-76.1243023096201, 43.03012958554949], [-76.1244402863562, 43.030143628306384], [-76.1244402863562, 43.030143628306384], [-76.1245312847961, 43.03017965418519], [-76.1246422626663, 43.0302746457278], [-76.12473231877351, 43.03036660137769], [-76.1248663168712, 43.0304786566056], [-76.1250002907144, 43.030535601496396], [-76.1250873042278, 43.03054158957501], [-76.1250873042278, 43.03054158957501], [-76.125209246036, 43.030544623341996], [-76.12544038624391, 43.030533497907264]]}}, {"type": "Feature", "properties": {"id": 22, "chain_order": 1, "margin_m": 100, "names": ["CRAWFORD AVENUE", "BROAD STREET", "BERKELEY DRIVE", "OSTROM AVENUE"], "changes": 3, "run_lengths_m": [100.0, 1125.9036972548352, 603.7005518017659, 100.0], "min_run_m": 100.0, "start_m": 1344.3095620883719, "end_m": 3273.913811144973, "length_m": 1929.6042490563236, "chord_m": 1493.772267909278, "ratio": 1.291766014478932, "max_offset_m": 450.72856812897174}, "geometry": {"type": "LineString", "coordinates": [[-76.11021465319727, 43.031832540505334], [-76.1102733216246, 43.031725623956014], [-76.1104523262163, 43.03144860699761], [-76.110658361115, 43.03119759420431], [-76.1107579133131, 43.0310269844787], [-76.1107579133131, 43.0310269844787], [-76.1108851003843, 43.03094855954309], [-76.1110372255861, 43.03087057643678], [-76.1111982890249, 43.03080363688551], [-76.1114242225054, 43.03075362720129], [-76.1116832247681, 43.0307336418339], [-76.1116832247681, 43.0307336418339], [-76.1128002438913, 43.030687575980686], [-76.1128002438913, 43.030687575980686], [-76.1135053342528, 43.0306555934454], [-76.1135053342528, 43.0306555934454], [-76.1138872413177, 43.03063764894079], [-76.1138872413177, 43.03063764894079], [-76.1147083023857, 43.030597596041794], [-76.1147083023857, 43.030597596041794], [-76.1157512661935, 43.030549611327395], [-76.1157512661935, 43.030549611327395], [-76.1158783221106, 43.03054360026649], [-76.1159782686692, 43.03053857288099], [-76.1159782686692, 43.03053857288099], [-76.1171612798298, 43.03048362686659], [-76.1171612798298, 43.03048362686659], [-76.1180182294917, 43.030439597786994], [-76.11838628543332, 43.03042960800799], [-76.11838628543332, 43.03042960800799], [-76.1197693397295, 43.0303596223798], [-76.1197693397295, 43.0303596223798], [-76.1211623150198, 43.0302886221287], [-76.1211623150198, 43.0302886221287], [-76.1222873246574, 43.03023058891839], [-76.1222873246574, 43.03023058891839], [-76.1225622288973, 43.0302146549918], [-76.1225622288973, 43.0302146549918], [-76.1238073127457, 43.0301516468276], [-76.1238073127457, 43.0301516468276], [-76.1243023096201, 43.03012958554949], [-76.1244402863562, 43.030143628306384], [-76.1244402863562, 43.030143628306384], [-76.1245312847961, 43.03017965418519], [-76.1246422626663, 43.0302746457278], [-76.12473231877351, 43.03036660137769], [-76.1248663168712, 43.0304786566056], [-76.1250002907144, 43.030535601496396], [-76.1250873042278, 43.03054158957501], [-76.1250873042278, 43.03054158957501], [-76.125209246036, 43.030544623341996], [-76.1256042631142, 43.03052560976299], [-76.126210244147, 43.0305046097818], [-76.1263392556965, 43.0305116242229], [-76.1264252765715, 43.0305505799001], [-76.1264543397659, 43.0305826209327], [-76.1264673024554, 43.0306336413538], [-76.1264673024554, 43.0306336413538], [-76.126521308272, 43.0307006467563], [-76.1266193081813, 43.03157559046839], [-76.1266902831736, 43.031932657142896], [-76.1266902831736, 43.031932657142896], [-76.1267323351086, 43.0320506580444], [-76.1267812708337, 43.0321356328942], [-76.1270202667168, 43.032437645669795], [-76.1275012983818, 43.032838578439886], [-76.1277322714109, 43.03309762564019], [-76.1277322714109, 43.03309762564019], [-76.1278462343828, 43.033274619279595], [-76.12795628609, 43.033539630100194], [-76.1279922591255, 43.033794655141406], [-76.1279572679486, 43.03385461217341], [-76.1279572679486, 43.03385461217341], [-76.1279723237128, 43.0340466291136], [-76.1279723237128, 43.0340466291136], [-76.12805161278072, 43.03494515855046]]}}, {"type": "Feature", "properties": {"id": 23, "chain_order": 1, "margin_m": 100, "names": ["CRAWFORD AVENUE", "BROAD STREET", "BERKELEY DRIVE", "OSTROM AVENUE", "COMSTOCK PLACE"], "changes": 4, "run_lengths_m": [100.0, 1125.9036972548352, 603.7005518017659, 1343.5661935890967, 100.0], "min_run_m": 100.0, "start_m": 1344.3095620883719, "end_m": 4617.48000473407, "length_m": 3273.1704426457186, "chord_m": 2283.4305799395847, "ratio": 1.4334442533095622, "max_offset_m": 1030.744224395594}, "geometry": {"type": "LineString", "coordinates": [[-76.11021465319727, 43.031832540505334], [-76.1102733216246, 43.031725623956014], [-76.1104523262163, 43.03144860699761], [-76.110658361115, 43.03119759420431], [-76.1107579133131, 43.0310269844787], [-76.1107579133131, 43.0310269844787], [-76.1108851003843, 43.03094855954309], [-76.1110372255861, 43.03087057643678], [-76.1111982890249, 43.03080363688551], [-76.1114242225054, 43.03075362720129], [-76.1116832247681, 43.0307336418339], [-76.1116832247681, 43.0307336418339], [-76.1128002438913, 43.030687575980686], [-76.1128002438913, 43.030687575980686], [-76.1135053342528, 43.0306555934454], [-76.1135053342528, 43.0306555934454], [-76.1138872413177, 43.03063764894079], [-76.1138872413177, 43.03063764894079], [-76.1147083023857, 43.030597596041794], [-76.1147083023857, 43.030597596041794], [-76.1157512661935, 43.030549611327395], [-76.1157512661935, 43.030549611327395], [-76.1158783221106, 43.03054360026649], [-76.1159782686692, 43.03053857288099], [-76.1159782686692, 43.03053857288099], [-76.1171612798298, 43.03048362686659], [-76.1171612798298, 43.03048362686659], [-76.1180182294917, 43.030439597786994], [-76.11838628543332, 43.03042960800799], [-76.11838628543332, 43.03042960800799], [-76.1197693397295, 43.0303596223798], [-76.1197693397295, 43.0303596223798], [-76.1211623150198, 43.0302886221287], [-76.1211623150198, 43.0302886221287], [-76.1222873246574, 43.03023058891839], [-76.1222873246574, 43.03023058891839], [-76.1225622288973, 43.0302146549918], [-76.1225622288973, 43.0302146549918], [-76.1238073127457, 43.0301516468276], [-76.1238073127457, 43.0301516468276], [-76.1243023096201, 43.03012958554949], [-76.1244402863562, 43.030143628306384], [-76.1244402863562, 43.030143628306384], [-76.1245312847961, 43.03017965418519], [-76.1246422626663, 43.0302746457278], [-76.12473231877351, 43.03036660137769], [-76.1248663168712, 43.0304786566056], [-76.1250002907144, 43.030535601496396], [-76.1250873042278, 43.03054158957501], [-76.1250873042278, 43.03054158957501], [-76.125209246036, 43.030544623341996], [-76.1256042631142, 43.03052560976299], [-76.126210244147, 43.0305046097818], [-76.1263392556965, 43.0305116242229], [-76.1264252765715, 43.0305505799001], [-76.1264543397659, 43.0305826209327], [-76.1264673024554, 43.0306336413538], [-76.1264673024554, 43.0306336413538], [-76.126521308272, 43.0307006467563], [-76.1266193081813, 43.03157559046839], [-76.1266902831736, 43.031932657142896], [-76.1266902831736, 43.031932657142896], [-76.1267323351086, 43.0320506580444], [-76.1267812708337, 43.0321356328942], [-76.1270202667168, 43.032437645669795], [-76.1275012983818, 43.032838578439886], [-76.1277322714109, 43.03309762564019], [-76.1277322714109, 43.03309762564019], [-76.1278462343828, 43.033274619279595], [-76.12795628609, 43.033539630100194], [-76.1279922591255, 43.033794655141406], [-76.1279572679486, 43.03385461217341], [-76.1279572679486, 43.03385461217341], [-76.1279723237128, 43.0340466291136], [-76.1279723237128, 43.0340466291136], [-76.1281763454868, 43.036358610204495], [-76.1281763454868, 43.036358610204495], [-76.1283332757771, 43.03797560552108], [-76.1283332757771, 43.03797560552108], [-76.1283993145269, 43.0387455950365], [-76.1284024622236, 43.03877867508258], [-76.1284024622236, 43.03877867508258], [-76.1284572675408, 43.03935564631221], [-76.1284572675408, 43.03935564631221], [-76.1285592559699, 43.0404725993645], [-76.1285592559699, 43.0404725993645], [-76.1286573304394, 43.04155663344519], [-76.1286573304394, 43.04155663344519], [-76.1287482516242, 43.0426185850189], [-76.1287482516242, 43.0426185850189], [-76.12890033730021, 43.044143596045295], [-76.12890033730021, 43.044143596045295], [-76.1290142499664, 43.045300591920494], [-76.1290142499664, 43.045300591920494], [-76.1290832396819, 43.0461166554205], [-76.1290832396819, 43.0461166554205], [-76.129090303135, 43.04622059259838], [-76.1291132775484, 43.046261608221], [-76.1291412510863, 43.046280602481694], [-76.1291712323589, 43.046288591321705], [-76.1298593068323, 43.04630359148369], [-76.13012622368304, 43.04630328263932]]}}, {"type": "Feature", "properties": {"id": 24, "chain_order": 1, "margin_m": 100, "names": ["BROAD STREET", "BERKELEY DRIVE"], "changes": 1, "run_lengths_m": [100.0, 100.0], "min_run_m": 100.0, "start_m": 2470.213259343207, "end_m": 2670.213259343207, "length_m": 200.00000000000938, "chord_m": 185.3564020262577, "ratio": 1.0790023857480642, "max_offset_m": 25.14233373611829}, "geometry": {"type": "LineString", "coordinates": [[-76.12321658236964, 43.030181542771935], [-76.1238073127457, 43.0301516468276], [-76.1238073127457, 43.0301516468276], [-76.1243023096201, 43.03012958554949], [-76.1244402863562, 43.030143628306384], [-76.1244402863562, 43.030143628306384], [-76.1245312847961, 43.03017965418519], [-76.1246422626663, 43.0302746457278], [-76.12473231877351, 43.03036660137769], [-76.1248663168712, 43.0304786566056], [-76.1250002907144, 43.030535601496396], [-76.1250873042278, 43.03054158957501], [-76.1250873042278, 43.03054158957501], [-76.125209246036, 43.030544623341996], [-76.12544038624391, 43.030533497907264]]}}, {"type": "Feature", "properties": {"id": 25, "chain_order": 1, "margin_m": 100, "names": ["BROAD STREET", "BERKELEY DRIVE", "OSTROM AVENUE"], "changes": 2, "run_lengths_m": [100.0, 603.7005518017659, 100.0], "min_run_m": 100.0, "start_m": 2470.213259343207, "end_m": 3273.913811144973, "length_m": 803.7005518014489, "chord_m": 659.6000863517744, "ratio": 1.2184664138640267, "max_offset_m": 185.21404056648097}, "geometry": {"type": "LineString", "coordinates": [[-76.12321658236964, 43.030181542771935], [-76.1238073127457, 43.0301516468276], [-76.1238073127457, 43.0301516468276], [-76.1243023096201, 43.03012958554949], [-76.1244402863562, 43.030143628306384], [-76.1244402863562, 43.030143628306384], [-76.1245312847961, 43.03017965418519], [-76.1246422626663, 43.0302746457278], [-76.12473231877351, 43.03036660137769], [-76.1248663168712, 43.0304786566056], [-76.1250002907144, 43.030535601496396], [-76.1250873042278, 43.03054158957501], [-76.1250873042278, 43.03054158957501], [-76.125209246036, 43.030544623341996], [-76.1256042631142, 43.03052560976299], [-76.126210244147, 43.0305046097818], [-76.1263392556965, 43.0305116242229], [-76.1264252765715, 43.0305505799001], [-76.1264543397659, 43.0305826209327], [-76.1264673024554, 43.0306336413538], [-76.1264673024554, 43.0306336413538], [-76.126521308272, 43.0307006467563], [-76.1266193081813, 43.03157559046839], [-76.1266902831736, 43.031932657142896], [-76.1266902831736, 43.031932657142896], [-76.1267323351086, 43.0320506580444], [-76.1267812708337, 43.0321356328942], [-76.1270202667168, 43.032437645669795], [-76.1275012983818, 43.032838578439886], [-76.1277322714109, 43.03309762564019], [-76.1277322714109, 43.03309762564019], [-76.1278462343828, 43.033274619279595], [-76.12795628609, 43.033539630100194], [-76.1279922591255, 43.033794655141406], [-76.1279572679486, 43.03385461217341], [-76.1279572679486, 43.03385461217341], [-76.1279723237128, 43.0340466291136], [-76.1279723237128, 43.0340466291136], [-76.12805161278072, 43.03494515855046]]}}, {"type": "Feature", "properties": {"id": 26, "chain_order": 1, "margin_m": 100, "names": ["BROAD STREET", "BERKELEY DRIVE", "OSTROM AVENUE", "COMSTOCK PLACE"], "changes": 3, "run_lengths_m": [100.0, 603.7005518017659, 1343.5661935890967, 100.0], "min_run_m": 100.0, "start_m": 2470.213259343207, "end_m": 4617.48000473407, "length_m": 2147.266745390845, "chord_m": 1876.8887374441185, "ratio": 1.1440564922963508, "max_offset_m": 256.8176085336547}, "geometry": {"type": "LineString", "coordinates": [[-76.12321658236964, 43.030181542771935], [-76.1238073127457, 43.0301516468276], [-76.1238073127457, 43.0301516468276], [-76.1243023096201, 43.03012958554949], [-76.1244402863562, 43.030143628306384], [-76.1244402863562, 43.030143628306384], [-76.1245312847961, 43.03017965418519], [-76.1246422626663, 43.0302746457278], [-76.12473231877351, 43.03036660137769], [-76.1248663168712, 43.0304786566056], [-76.1250002907144, 43.030535601496396], [-76.1250873042278, 43.03054158957501], [-76.1250873042278, 43.03054158957501], [-76.125209246036, 43.030544623341996], [-76.1256042631142, 43.03052560976299], [-76.126210244147, 43.0305046097818], [-76.1263392556965, 43.0305116242229], [-76.1264252765715, 43.0305505799001], [-76.1264543397659, 43.0305826209327], [-76.1264673024554, 43.0306336413538], [-76.1264673024554, 43.0306336413538], [-76.126521308272, 43.0307006467563], [-76.1266193081813, 43.03157559046839], [-76.1266902831736, 43.031932657142896], [-76.1266902831736, 43.031932657142896], [-76.1267323351086, 43.0320506580444], [-76.1267812708337, 43.0321356328942], [-76.1270202667168, 43.032437645669795], [-76.1275012983818, 43.032838578439886], [-76.1277322714109, 43.03309762564019], [-76.1277322714109, 43.03309762564019], [-76.1278462343828, 43.033274619279595], [-76.12795628609, 43.033539630100194], [-76.1279922591255, 43.033794655141406], [-76.1279572679486, 43.03385461217341], [-76.1279572679486, 43.03385461217341], [-76.1279723237128, 43.0340466291136], [-76.1279723237128, 43.0340466291136], [-76.1281763454868, 43.036358610204495], [-76.1281763454868, 43.036358610204495], [-76.1283332757771, 43.03797560552108], [-76.1283332757771, 43.03797560552108], [-76.1283993145269, 43.0387455950365], [-76.1284024622236, 43.03877867508258], [-76.1284024622236, 43.03877867508258], [-76.1284572675408, 43.03935564631221], [-76.1284572675408, 43.03935564631221], [-76.1285592559699, 43.0404725993645], [-76.1285592559699, 43.0404725993645], [-76.1286573304394, 43.04155663344519], [-76.1286573304394, 43.04155663344519], [-76.1287482516242, 43.0426185850189], [-76.1287482516242, 43.0426185850189], [-76.12890033730021, 43.044143596045295], [-76.12890033730021, 43.044143596045295], [-76.1290142499664, 43.045300591920494], [-76.1290142499664, 43.045300591920494], [-76.1290832396819, 43.0461166554205], [-76.1290832396819, 43.0461166554205], [-76.129090303135, 43.04622059259838], [-76.1291132775484, 43.046261608221], [-76.1291412510863, 43.046280602481694], [-76.1291712323589, 43.046288591321705], [-76.1298593068323, 43.04630359148369], [-76.13012622368304, 43.04630328263932]]}}, {"type": "Feature", "properties": {"id": 27, "chain_order": 1, "margin_m": 100, "names": ["BERKELEY DRIVE", "OSTROM AVENUE"], "changes": 1, "run_lengths_m": [100.0, 100.0], "min_run_m": 100.0, "start_m": 3073.913811144973, "end_m": 3273.913811144973, "length_m": 199.99999999972863, "chord_m": 197.73945167471229, "ratio": 1.0114319540479713, "max_offset_m": 9.588239048637131}, "geometry": {"type": "LineString", "coordinates": [[-76.12778252210167, 43.03317566913748], [-76.1278462343828, 43.033274619279595], [-76.12795628609, 43.033539630100194], [-76.1279922591255, 43.033794655141406], [-76.1279572679486, 43.03385461217341], [-76.1279572679486, 43.03385461217341], [-76.1279723237128, 43.0340466291136], [-76.1279723237128, 43.0340466291136], [-76.12805161278072, 43.03494515855046]]}}, {"type": "Feature", "properties": {"id": 28, "chain_order": 1, "margin_m": 100, "names": ["BERKELEY DRIVE", "OSTROM AVENUE", "COMSTOCK PLACE"], "changes": 2, "run_lengths_m": [100.0, 1343.5661935890967, 100.0], "min_run_m": 100.0, "start_m": 3073.913811144973, "end_m": 4617.48000473407, "length_m": 1543.5661935891246, "chord_m": 1470.4094174836112, "ratio": 1.049752657481418, "max_offset_m": 82.47456945169465}, "geometry": {"type": "LineString", "coordinates": [[-76.12778252210167, 43.03317566913748], [-76.1278462343828, 43.033274619279595], [-76.12795628609, 43.033539630100194], [-76.1279922591255, 43.033794655141406], [-76.1279572679486, 43.03385461217341], [-76.1279572679486, 43.03385461217341], [-76.1279723237128, 43.0340466291136], [-76.1279723237128, 43.0340466291136], [-76.1281763454868, 43.036358610204495], [-76.1281763454868, 43.036358610204495], [-76.1283332757771, 43.03797560552108], [-76.1283332757771, 43.03797560552108], [-76.1283993145269, 43.0387455950365], [-76.1284024622236, 43.03877867508258], [-76.1284024622236, 43.03877867508258], [-76.1284572675408, 43.03935564631221], [-76.1284572675408, 43.03935564631221], [-76.1285592559699, 43.0404725993645], [-76.1285592559699, 43.0404725993645], [-76.1286573304394, 43.04155663344519], [-76.1286573304394, 43.04155663344519], [-76.1287482516242, 43.0426185850189], [-76.1287482516242, 43.0426185850189], [-76.12890033730021, 43.044143596045295], [-76.12890033730021, 43.044143596045295], [-76.1290142499664, 43.045300591920494], [-76.1290142499664, 43.045300591920494], [-76.1290832396819, 43.0461166554205], [-76.1290832396819, 43.0461166554205], [-76.129090303135, 43.04622059259838], [-76.1291132775484, 43.046261608221], [-76.1291412510863, 43.046280602481694], [-76.1291712323589, 43.046288591321705], [-76.1298593068323, 43.04630359148369], [-76.13012622368304, 43.04630328263932]]}}, {"type": "Feature", "properties": {"id": 29, "chain_order": 1, "margin_m": 100, "names": ["OSTROM AVENUE", "COMSTOCK PLACE"], "changes": 1, "run_lengths_m": [100.0, 100.0], "min_run_m": 100.0, "start_m": 4417.48000473407, "end_m": 4617.48000473407, "length_m": 200.00000000036246, "chord_m": 151.16839747839643, "ratio": 1.323027850638852, "max_offset_m": 62.99314672885235}, "geometry": {"type": "LineString", "coordinates": [[-76.129006121077, 43.04521802947428], [-76.1290142499664, 43.045300591920494], [-76.1290142499664, 43.045300591920494], [-76.1290832396819, 43.0461166554205], [-76.1290832396819, 43.0461166554205], [-76.129090303135, 43.04622059259838], [-76.1291132775484, 43.046261608221], [-76.1291412510863, 43.046280602481694], [-76.1291712323589, 43.046288591321705], [-76.1298593068323, 43.04630359148369], [-76.13012622368304, 43.04630328263932]]}}, {"type": "Feature", "properties": {"id": 30, "chain_order": 2, "margin_m": 25, "names": ["STATE FAIR BOULEVARD", "SPENCER STREET"], "changes": 1, "run_lengths_m": [25.0, 25.0], "min_run_m": 25.0, "start_m": 521.2775318967897, "end_m": 571.2775318967897, "length_m": 50.000000000027335, "chord_m": 49.66409540568203, "ratio": 1.0067635299022655, "max_offset_m": 2.878836220083684}, "geometry": {"type": "LineString", "coordinates": [[-76.18093618689012, 43.05910370700312], [-76.1806453664855, 43.05903164400059], [-76.1806453664855, 43.05903164400059], [-76.1803573603173, 43.05901066230799], [-76.1803398158027, 43.05901028434796]]}}, {"type": "Feature", "properties": {"id": 31, "chain_order": 2, "margin_m": 25, "names": ["STATE FAIR BOULEVARD", "SPENCER STREET", "WEST KIRKPATRICK STREET"], "changes": 2, "run_lengths_m": [25.0, 870.457094364257, 25.0], "min_run_m": 25.0, "start_m": 521.2775318967897, "end_m": 1441.7346262610467, "length_m": 920.4570943641252, "chord_m": 904.4951895576377, "ratio": 1.0176473075708605, "max_offset_m": 63.41459638951037}, "geometry": {"type": "LineString", "coordinates": [[-76.18093618689012, 43.05910370700312], [-76.1806453664855, 43.05903164400059], [-76.1806453664855, 43.05903164400059], [-76.1803573603173, 43.05901066230799], [-76.1799842540472, 43.059002623929295], [-76.1799842540472, 43.059002623929295], [-76.1798693559291, 43.05899858603349], [-76.17951834552, 43.0589515969044], [-76.1793052687278, 43.058899583990296], [-76.1786753413046, 43.0587226452367], [-76.1752723388537, 43.05778863418719], [-76.1752723388537, 43.05778863418719], [-76.1749002925956, 43.05770060533579], [-76.1748352455859, 43.0576896564452], [-76.1748352455859, 43.0576896564452], [-76.1747903630594, 43.05767363841371], [-76.1745222994903, 43.0575776069321], [-76.1737313140181, 43.057350606124494], [-76.1736033157682, 43.05732265317639], [-76.1736033157682, 43.05732265317639], [-76.1734812589756, 43.05730364395661], [-76.1733372500524, 43.0572926037593], [-76.1720793095156, 43.05726758543079], [-76.1720793095156, 43.05726758543079], [-76.1704122708086, 43.057239623912004], [-76.17037730208952, 43.057247636266794], [-76.17037730208952, 43.057247636266794], [-76.1703322839173, 43.057256650903184], [-76.1701753518305, 43.057308593009985], [-76.1701753518305, 43.057308593009985], [-76.17009501718812, 43.05733515665819]]}}, {"type": "Feature", "properties": {"id": 32, "chain_order": 2, "margin_m": 25, "names": ["STATE FAIR BOULEVARD", "SPENCER STREET", "WEST KIRKPATRICK STREET", "WEST COURT STREET"], "changes": 3, "run_lengths_m": [25.0, 870.457094364257, 875.8718245739274, 25.0], "min_run_m": 25.0, "start_m": 521.2775318967897, "end_m": 2317.606450834974, "length_m": 1796.3289189377904, "chord_m": 1637.0850205929544, "ratio": 1.0972728333236825, "max_offset_m": 336.1001985488604}, "geometry": {"type": "LineString", "coordinates": [[-76.18093618689012, 43.05910370700312], [-76.1806453664855, 43.05903164400059], [-76.1806453664855, 43.05903164400059], [-76.1803573603173, 43.05901066230799], [-76.1799842540472, 43.059002623929295], [-76.1799842540472, 43.059002623929295], [-76.1798693559291, 43.05899858603349], [-76.17951834552, 43.0589515969044], [-76.1793052687278, 43.058899583990296], [-76.1786753413046, 43.0587226452367], [-76.1752723388537, 43.05778863418719], [-76.1752723388537, 43.05778863418719], [-76.1749002925956, 43.05770060533579], [-76.1748352455859, 43.0576896564452], [-76.1748352455859, 43.0576896564452], [-76.1747903630594, 43.05767363841371], [-76.1745222994903, 43.0575776069321], [-76.1737313140181, 43.057350606124494], [-76.1736033157682, 43.05732265317639], [-76.1736033157682, 43.05732265317639], [-76.1734812589756, 43.05730364395661], [-76.1733372500524, 43.0572926037593], [-76.1720793095156, 43.05726758543079], [-76.1720793095156, 43.05726758543079], [-76.1704122708086, 43.057239623912004], [-76.17037730208952, 43.057247636266794], [-76.17037730208952, 43.057247636266794], [-76.1703322839173, 43.057256650903184], [-76.1701753518305, 43.057308593009985], [-76.1701753518305, 43.057308593009985], [-76.1691833494488, 43.0576366053967], [-76.1691833494488, 43.0576366053967], [-76.1688253528418, 43.057757596507905], [-76.1687183607964, 43.0577946182936], [-76.1685792791326, 43.057842594172996], [-76.1660913581223, 43.0586856167914], [-76.1660913581223, 43.0586856167914], [-76.1658153426664, 43.058778658142806], [-76.1651871265337, 43.05900126396178], [-76.1651871265337, 43.05900126396178], [-76.1647323445397, 43.059167621498794], [-76.1643179472075, 43.05934547982918], [-76.1643179472075, 43.05934547982918], [-76.1643012466281, 43.0593526465285], [-76.1642282710877, 43.05938740950431], [-76.1642282710877, 43.05938740950431], [-76.1638315256508, 43.05957672048499], [-76.1638315256508, 43.05957672048499], [-76.1636503282715, 43.0596675945363], [-76.1631003015011, 43.0599345975696], [-76.1625912594673, 43.0601806509648], [-76.1619323218502, 43.060478282463905], [-76.1617586361833, 43.0605724900333], [-76.1616366476626, 43.060650926987016], [-76.1614944533363, 43.06076101434601], [-76.1613937198536, 43.0608640078387], [-76.1612768939509, 43.0610091003713], [-76.1611782517462, 43.0611540081312], [-76.1611782517462, 43.0611540081312], [-76.1611233916318, 43.061277499484795], [-76.16107184549492, 43.06136489914315]]}}, {"type": "Feature", "properties": {"id": 33, "chain_order": 2, "margin_m": 25, "names": ["STATE FAIR BOULEVARD", "SPENCER STREET", "WEST KIRKPATRICK STREET", "WEST COURT STREET", "COURT STREET"], "changes": 4, "run_lengths_m": [25.0, 870.457094364257, 875.8718245739274, 428.83114049564756, 25.0], "min_run_m": 25.0, "start_m": 521.2775318967897, "end_m": 2746.4375913306217, "length_m": 2225.1600594341157, "chord_m": 1796.462446333354, "ratio": 1.2386343304730636, "max_offset_m": 509.81704227284956}, "geometry": {"type": "LineString", "coordinates": [[-76.18093618689012, 43.05910370700312], [-76.1806453664855, 43.05903164400059], [-76.1806453664855, 43.05903164400059], [-76.1803573603173, 43.05901066230799], [-76.1799842540472, 43.059002623929295], [-76.1799842540472, 43.059002623929295], [-76.1798693559291, 43.05899858603349], [-76.17951834552, 43.0589515969044], [-76.1793052687278, 43.058899583990296], [-76.1786753413046, 43.0587226452367], [-76.1752723388537, 43.05778863418719], [-76.1752723388537, 43.05778863418719], [-76.1749002925956, 43.05770060533579], [-76.1748352455859, 43.0576896564452], [-76.1748352455859, 43.0576896564452], [-76.1747903630594, 43.05767363841371], [-76.1745222994903, 43.0575776069321], [-76.1737313140181, 43.057350606124494], [-76.1736033157682, 43.05732265317639], [-76.1736033157682, 43.05732265317639], [-76.1734812589756, 43.05730364395661], [-76.1733372500524, 43.0572926037593], [-76.1720793095156, 43.05726758543079], [-76.1720793095156, 43.05726758543079], [-76.1704122708086, 43.057239623912004], [-76.17037730208952, 43.057247636266794], [-76.17037730208952, 43.057247636266794], [-76.1703322839173, 43.057256650903184], [-76.1701753518305, 43.057308593009985], [-76.1701753518305, 43.057308593009985], [-76.1691833494488, 43.0576366053967], [-76.1691833494488, 43.0576366053967], [-76.1688253528418, 43.057757596507905], [-76.1687183607964, 43.0577946182936], [-76.1685792791326, 43.057842594172996], [-76.1660913581223, 43.0586856167914], [-76.1660913581223, 43.0586856167914], [-76.1658153426664, 43.058778658142806], [-76.1651871265337, 43.05900126396178], [-76.1651871265337, 43.05900126396178], [-76.1647323445397, 43.059167621498794], [-76.1643179472075, 43.05934547982918], [-76.1643179472075, 43.05934547982918], [-76.1643012466281, 43.0593526465285], [-76.1642282710877, 43.05938740950431], [-76.1642282710877, 43.05938740950431], [-76.1638315256508, 43.05957672048499], [-76.1638315256508, 43.05957672048499], [-76.1636503282715, 43.0596675945363], [-76.1631003015011, 43.0599345975696], [-76.1625912594673, 43.0601806509648], [-76.1619323218502, 43.060478282463905], [-76.1617586361833, 43.0605724900333], [-76.1616366476626, 43.060650926987016], [-76.1614944533363, 43.06076101434601], [-76.1613937198536, 43.0608640078387], [-76.1612768939509, 43.0610091003713], [-76.1611782517462, 43.0611540081312], [-76.1611782517462, 43.0611540081312], [-76.1611233916318, 43.061277499484795], [-76.1609571494053, 43.06155937248649], [-76.1607515412065, 43.0619250029644], [-76.1605033878974, 43.0623778173733], [-76.1603523478605, 43.0626390494312], [-76.1602691144579, 43.06279118395499], [-76.1602317696949, 43.062878531464], [-76.1602087889933, 43.06295262264669], [-76.1602042453146, 43.0630366391436], [-76.1602042453146, 43.0630366391436], [-76.1602053367676, 43.0631465771742], [-76.1602363546961, 43.0633196066563], [-76.1602803092629, 43.06342965050139], [-76.1603592424303, 43.0636036341093], [-76.160413294061, 43.06377363870939], [-76.1604443012096, 43.063965577761905], [-76.1604513574762, 43.0643526252944], [-76.1604513574762, 43.0643526252944], [-76.1604473267355, 43.06455563555299], [-76.1604473267355, 43.06455563555299], [-76.1604433436055, 43.0647676507959], [-76.1604433436055, 43.0647676507959], [-76.1604423204244, 43.0648566290005], [-76.1604423204244, 43.0648566290005], [-76.1604403522156, 43.0649606551782], [-76.1604403522156, 43.0649606551782], [-76.16043802937713, 43.06508170698021]]}}, {"type": "Feature", "properties": {"id": 34, "chain_order": 2, "margin_m": 25, "names": ["SPENCER STREET", "WEST KIRKPATRICK STREET"], "changes": 1, "run_lengths_m": [25.0, 25.0], "min_run_m": 25.0, "start_m": 1391.7346262610467, "end_m": 1441.7346262610467, "length_m": 49.999999999828965, "chord_m": 48.903870487927065, "ratio": 1.0224139623503319, "max_offset_m": 5.041474177907846}, "geometry": {"type": "LineString", "coordinates": [[-76.17068253190148, 43.05724415869845], [-76.1704122708086, 43.057239623912004], [-76.17037730208952, 43.057247636266794], [-76.17037730208952, 43.057247636266794], [-76.1703322839173, 43.057256650903184], [-76.1701753518305, 43.057308593009985], [-76.1701753518305, 43.057308593009985], [-76.17009501718812, 43.05733515665819]]}}, {"type": "Feature", "properties": {"id": 35, "chain_order": 2, "margin_m": 25, "names": ["SPENCER STREET", "WEST KIRKPATRICK STREET", "WEST COURT STREET"], "changes": 2, "run_lengths_m": [25.0, 875.8718245739274, 25.0], "min_run_m": 25.0, "start_m": 1391.7346262610467, "end_m": 2317.606450834974, "length_m": 925.8718245734939, "chord_m": 906.6665635439517, "ratio": 1.0211822756035838, "max_offset_m": 60.20374106923204}, "geometry": {"type": "LineString", "coordinates": [[-76.17068253190148, 43.05724415869845], [-76.1704122708086, 43.057239623912004], [-76.17037730208952, 43.057247636266794], [-76.17037730208952, 43.057247636266794], [-76.1703322839173, 43.057256650903184], [-76.1701753518305, 43.057308593009985], [-76.1701753518305, 43.057308593009985], [-76.1691833494488, 43.0576366053967], [-76.1691833494488, 43.0576366053967], [-76.1688253528418, 43.057757596507905], [-76.1687183607964, 43.0577946182936], [-76.1685792791326, 43.057842594172996], [-76.1660913581223, 43.0586856167914], [-76.1660913581223, 43.0586856167914], [-76.1658153426664, 43.058778658142806], [-76.1651871265337, 43.05900126396178], [-76.1651871265337, 43.05900126396178], [-76.1647323445397, 43.059167621498794], [-76.1643179472075, 43.05934547982918], [-76.1643179472075, 43.05934547982918], [-76.1643012466281, 43.0593526465285], [-76.1642282710877, 43.05938740950431], [-76.1642282710877, 43.05938740950431], [-76.1638315256508, 43.05957672048499], [-76.1638315256508, 43.05957672048499], [-76.1636503282715, 43.0596675945363], [-76.1631003015011, 43.0599345975696], [-76.1625912594673, 43.0601806509648], [-76.1619323218502, 43.060478282463905], [-76.1617586361833, 43.0605724900333], [-76.1616366476626, 43.060650926987016], [-76.1614944533363, 43.06076101434601], [-76.1613937198536, 43.0608640078387], [-76.1612768939509, 43.0610091003713], [-76.1611782517462, 43.0611540081312], [-76.1611782517462, 43.0611540081312], [-76.1611233916318, 43.061277499484795], [-76.16107184549492, 43.06136489914315]]}}, {"type": "Feature", "properties": {"id": 36, "chain_order": 2, "margin_m": 25, "names": ["SPENCER STREET", "WEST KIRKPATRICK STREET", "WEST COURT STREET", "COURT STREET"], "changes": 3, "run_lengths_m": [25.0, 875.8718245739274, 428.83114049564756, 25.0], "min_run_m": 25.0, "start_m": 1391.7346262610467, "end_m": 2746.4375913306217, "length_m": 1354.7029650698187, "chord_m": 1205.6964698391564, "ratio": 1.1235854122145188, "max_offset_m": 270.0537567892288}, "geometry": {"type": "LineString", "coordinates": [[-76.17068253190148, 43.05724415869845], [-76.1704122708086, 43.057239623912004], [-76.17037730208952, 43.057247636266794], [-76.17037730208952, 43.057247636266794], [-76.1703322839173, 43.057256650903184], [-76.1701753518305, 43.057308593009985], [-76.1701753518305, 43.057308593009985], [-76.1691833494488, 43.0576366053967], [-76.1691833494488, 43.0576366053967], [-76.1688253528418, 43.057757596507905], [-76.1687183607964, 43.0577946182936], [-76.1685792791326, 43.057842594172996], [-76.1660913581223, 43.0586856167914], [-76.1660913581223, 43.0586856167914], [-76.1658153426664, 43.058778658142806], [-76.1651871265337, 43.05900126396178], [-76.1651871265337, 43.05900126396178], [-76.1647323445397, 43.059167621498794], [-76.1643179472075, 43.05934547982918], [-76.1643179472075, 43.05934547982918], [-76.1643012466281, 43.0593526465285], [-76.1642282710877, 43.05938740950431], [-76.1642282710877, 43.05938740950431], [-76.1638315256508, 43.05957672048499], [-76.1638315256508, 43.05957672048499], [-76.1636503282715, 43.0596675945363], [-76.1631003015011, 43.0599345975696], [-76.1625912594673, 43.0601806509648], [-76.1619323218502, 43.060478282463905], [-76.1617586361833, 43.0605724900333], [-76.1616366476626, 43.060650926987016], [-76.1614944533363, 43.06076101434601], [-76.1613937198536, 43.0608640078387], [-76.1612768939509, 43.0610091003713], [-76.1611782517462, 43.0611540081312], [-76.1611782517462, 43.0611540081312], [-76.1611233916318, 43.061277499484795], [-76.1609571494053, 43.06155937248649], [-76.1607515412065, 43.0619250029644], [-76.1605033878974, 43.0623778173733], [-76.1603523478605, 43.0626390494312], [-76.1602691144579, 43.06279118395499], [-76.1602317696949, 43.062878531464], [-76.1602087889933, 43.06295262264669], [-76.1602042453146, 43.0630366391436], [-76.1602042453146, 43.0630366391436], [-76.1602053367676, 43.0631465771742], [-76.1602363546961, 43.0633196066563], [-76.1602803092629, 43.06342965050139], [-76.1603592424303, 43.0636036341093], [-76.160413294061, 43.06377363870939], [-76.1604443012096, 43.063965577761905], [-76.1604513574762, 43.0643526252944], [-76.1604513574762, 43.0643526252944], [-76.1604473267355, 43.06455563555299], [-76.1604473267355, 43.06455563555299], [-76.1604433436055, 43.0647676507959], [-76.1604433436055, 43.0647676507959], [-76.1604423204244, 43.0648566290005], [-76.1604423204244, 43.0648566290005], [-76.1604403522156, 43.0649606551782], [-76.1604403522156, 43.0649606551782], [-76.16043802937713, 43.06508170698021]]}}, {"type": "Feature", "properties": {"id": 37, "chain_order": 2, "margin_m": 25, "names": ["WEST KIRKPATRICK STREET", "WEST COURT STREET"], "changes": 1, "run_lengths_m": [25.0, 25.0], "min_run_m": 25.0, "start_m": 2267.606450834974, "end_m": 2317.606450834974, "length_m": 49.9999999992565, "chord_m": 49.858133179576804, "ratio": 1.002845409778355, "max_offset_m": 1.6020061054122328}, "geometry": {"type": "LineString", "coordinates": [[-76.16132067506032, 43.060954726289715], [-76.1612768939509, 43.0610091003713], [-76.1611782517462, 43.0611540081312], [-76.1611782517462, 43.0611540081312], [-76.1611233916318, 43.061277499484795], [-76.16107184549492, 43.06136489914315]]}}, {"type": "Feature", "properties": {"id": 38, "chain_order": 2, "margin_m": 25, "names": ["WEST KIRKPATRICK STREET", "WEST COURT STREET", "COURT STREET"], "changes": 2, "run_lengths_m": [25.0, 428.83114049564756, 25.0], "min_run_m": 25.0, "start_m": 2267.606450834974, "end_m": 2746.4375913306217, "length_m": 478.83114049558105, "chord_m": 463.95123512063515, "ratio": 1.0320721322599278, "max_offset_m": 55.077106084404384}, "geometry": {"type": "LineString", "coordinates": [[-76.16132067506032, 43.060954726289715], [-76.1612768939509, 43.0610091003713], [-76.1611782517462, 43.0611540081312], [-76.1611782517462, 43.0611540081312], [-76.1611233916318, 43.061277499484795], [-76.1609571494053, 43.06155937248649], [-76.1607515412065, 43.0619250029644], [-76.1605033878974, 43.0623778173733], [-76.1603523478605, 43.0626390494312], [-76.1602691144579, 43.06279118395499], [-76.1602317696949, 43.062878531464], [-76.1602087889933, 43.06295262264669], [-76.1602042453146, 43.0630366391436], [-76.1602042453146, 43.0630366391436], [-76.1602053367676, 43.0631465771742], [-76.1602363546961, 43.0633196066563], [-76.1602803092629, 43.06342965050139], [-76.1603592424303, 43.0636036341093], [-76.160413294061, 43.06377363870939], [-76.1604443012096, 43.063965577761905], [-76.1604513574762, 43.0643526252944], [-76.1604513574762, 43.0643526252944], [-76.1604473267355, 43.06455563555299], [-76.1604473267355, 43.06455563555299], [-76.1604433436055, 43.0647676507959], [-76.1604433436055, 43.0647676507959], [-76.1604423204244, 43.0648566290005], [-76.1604423204244, 43.0648566290005], [-76.1604403522156, 43.0649606551782], [-76.1604403522156, 43.0649606551782], [-76.16043802937713, 43.06508170698021]]}}, {"type": "Feature", "properties": {"id": 39, "chain_order": 2, "margin_m": 25, "names": ["WEST COURT STREET", "COURT STREET"], "changes": 1, "run_lengths_m": [25.0, 25.0], "min_run_m": 25.0, "start_m": 2696.4375913306217, "end_m": 2746.4375913306217, "length_m": 50.00000000002241, "chord_m": 49.999881075814905, "ratio": 1.0000023784898073, "max_offset_m": 0.028944072464685687}, "geometry": {"type": "LineString", "coordinates": [[-76.16044590062437, 43.06463154509735], [-76.1604433436055, 43.0647676507959], [-76.1604433436055, 43.0647676507959], [-76.1604423204244, 43.0648566290005], [-76.1604423204244, 43.0648566290005], [-76.1604403522156, 43.0649606551782], [-76.1604403522156, 43.0649606551782], [-76.16043802937713, 43.06508170698021]]}}, {"type": "Feature", "properties": {"id": 40, "chain_order": 2, "margin_m": 50, "names": ["STATE FAIR BOULEVARD", "SPENCER STREET"], "changes": 1, "run_lengths_m": [50.0, 50.0], "min_run_m": 50.0, "start_m": 496.2775318967897, "end_m": 596.2775318967897, "length_m": 100.00000000007626, "chord_m": 99.10224365953385, "ratio": 1.0090588901662676, "max_offset_m": 6.570798381495854}, "geometry": {"type": "LineString", "coordinates": [[-76.18122700796161, 43.0591757692575], [-76.1806453664855, 43.05903164400059], [-76.1806453664855, 43.05903164400059], [-76.1803573603173, 43.05901066230799], [-76.1800329721201, 43.05900367360381]]}}, {"type": "Feature", "properties": {"id": 41, "chain_order": 2, "margin_m": 50, "names": ["STATE FAIR BOULEVARD", "SPENCER STREET", "WEST KIRKPATRICK STREET"], "changes": 2, "run_lengths_m": [50.0, 870.457094364257, 50.0], "min_run_m": 50.0, "start_m": 496.2775318967897, "end_m": 1466.7346262610467, "length_m": 970.4570943642232, "chord_m": 949.4456126891048, "ratio": 1.0221302635920426, "max_offset_m": 74.55148769471602}, "geometry": {"type": "LineString", "coordinates": [[-76.18122700796161, 43.0591757692575], [-76.1806453664855, 43.05903164400059], [-76.1806453664855, 43.05903164400059], [-76.1803573603173, 43.05901066230799], [-76.1799842540472, 43.059002623929295], [-76.1799842540472, 43.059002623929295], [-76.1798693559291, 43.05899858603349], [-76.17951834552, 43.0589515969044], [-76.1793052687278, 43.058899583990296], [-76.1786753413046, 43.0587226452367], [-76.1752723388537, 43.05778863418719], [-76.1752723388537, 43.05778863418719], [-76.1749002925956, 43.05770060533579], [-76.1748352455859, 43.0576896564452], [-76.1748352455859, 43.0576896564452], [-76.1747903630594, 43.05767363841371], [-76.1745222994903, 43.0575776069321], [-76.1737313140181, 43.057350606124494], [-76.1736033157682, 43.05732265317639], [-76.1736033157682, 43.05732265317639], [-76.1734812589756, 43.05730364395661], [-76.1733372500524, 43.0572926037593], [-76.1720793095156, 43.05726758543079], [-76.1720793095156, 43.05726758543079], [-76.1704122708086, 43.057239623912004], [-76.17037730208952, 43.057247636266794], [-76.17037730208952, 43.057247636266794], [-76.1703322839173, 43.057256650903184], [-76.1701753518305, 43.057308593009985], [-76.1701753518305, 43.057308593009985], [-76.16981518248728, 43.057427686864266]]}}, {"type": "Feature", "properties": {"id": 42, "chain_order": 2, "margin_m": 50, "names": ["STATE FAIR BOULEVARD", "SPENCER STREET", "WEST KIRKPATRICK STREET", "WEST COURT STREET"], "changes": 3, "run_lengths_m": [50.0, 870.457094364257, 875.8718245739274, 50.0], "min_run_m": 50.0, "start_m": 496.2775318967897, "end_m": 2342.606450834974, "length_m": 1846.3289189380148, "chord_m": 1672.5894636987732, "ratio": 1.1038745364657705, "max_offset_m": 352.45623525490004}, "geometry": {"type": "LineString", "coordinates": [[-76.18122700796161, 43.0591757692575], [-76.1806453664855, 43.05903164400059], [-76.1806453664855, 43.05903164400059], [-76.1803573603173, 43.05901066230799], [-76.1799842540472, 43.059002623929295], [-76.1799842540472, 43.059002623929295], [-76.1798693559291, 43.05899858603349], [-76.17951834552, 43.0589515969044], [-76.1793052687278, 43.058899583990296], [-76.1786753413046, 43.0587226452367], [-76.1752723388537, 43.05778863418719], [-76.1752723388537, 43.05778863418719], [-76.1749002925956, 43.05770060533579], [-76.1748352455859, 43.0576896564452], [-76.1748352455859, 43.0576896564452], [-76.1747903630594, 43.05767363841371], [-76.1745222994903, 43.0575776069321], [-76.1737313140181, 43.057350606124494], [-76.1736033157682, 43.05732265317639], [-76.1736033157682, 43.05732265317639], [-76.1734812589756, 43.05730364395661], [-76.1733372500524, 43.0572926037593], [-76.1720793095156, 43.05726758543079], [-76.1720793095156, 43.05726758543079], [-76.1704122708086, 43.057239623912004], [-76.17037730208952, 43.057247636266794], [-76.17037730208952, 43.057247636266794], [-76.1703322839173, 43.057256650903184], [-76.1701753518305, 43.057308593009985], [-76.1701753518305, 43.057308593009985], [-76.1691833494488, 43.0576366053967], [-76.1691833494488, 43.0576366053967], [-76.1688253528418, 43.057757596507905], [-76.1687183607964, 43.0577946182936], [-76.1685792791326, 43.057842594172996], [-76.1660913581223, 43.0586856167914], [-76.1660913581223, 43.0586856167914], [-76.1658153426664, 43.058778658142806], [-76.1651871265337, 43.05900126396178], [-76.1651871265337, 43.05900126396178], [-76.1647323445397, 43.059167621498794], [-76.1643179472075, 43.05934547982918], [-76.1643179472075, 43.05934547982918], [-76.1643012466281, 43.0593526465285], [-76.1642282710877, 43.05938740950431], [-76.1642282710877, 43.05938740950431], [-76.1638315256508, 43.05957672048499], [-76.1638315256508, 43.05957672048499], [-76.1636503282715, 43.0596675945363], [-76.1631003015011, 43.0599345975696], [-76.1625912594673, 43.0601806509648], [-76.1619323218502, 43.060478282463905], [-76.1617586361833, 43.0605724900333], [-76.1616366476626, 43.060650926987016], [-76.1614944533363, 43.06076101434601], [-76.1613937198536, 43.0608640078387], [-76.1612768939509, 43.0610091003713], [-76.1611782517462, 43.0611540081312], [-76.1611782517462, 43.0611540081312], [-76.1611233916318, 43.061277499484795], [-76.1609571494053, 43.06155937248649], [-76.16095027625961, 43.06157159499015]]}}, {"type": "Feature", "properties": {"id": 43, "chain_order": 2, "margin_m": 50, "names": ["STATE FAIR BOULEVARD", "SPENCER STREET", "WEST KIRKPATRICK STREET", "WEST COURT STREET", "COURT STREET"], "changes": 4, "run_lengths_m": [50.0, 870.457094364257, 875.8718245739274, 428.83114049564756, 50.0], "min_run_m": 50.0, "start_m": 496.2775318967897, "end_m": 2771.4375913306217, "length_m": 2275.16005943347, "chord_m": 1825.363338964875, "ratio": 1.2464148977176595, "max_offset_m": 528.7785608517178}, "geometry": {"type": "LineString", "coordinates": [[-76.18122700796161, 43.0591757692575], [-76.1806453664855, 43.05903164400059], [-76.1806453664855, 43.05903164400059], [-76.1803573603173, 43.05901066230799], [-76.1799842540472, 43.059002623929295], [-76.1799842540472, 43.059002623929295], [-76.1798693559291, 43.05899858603349], [-76.17951834552, 43.0589515969044], [-76.1793052687278, 43.058899583990296], [-76.1786753413046, 43.0587226452367], [-76.1752723388537, 43.05778863418719], [-76.1752723388537, 43.05778863418719], [-76.1749002925956, 43.05770060533579], [-76.1748352455859, 43.0576896564452], [-76.1748352455859, 43.0576896564452], [-76.1747903630594, 43.05767363841371], [-76.1745222994903, 43.0575776069321], [-76.1737313140181, 43.057350606124494], [-76.1736033157682, 43.05732265317639], [-76.1736033157682, 43.05732265317639], [-76.1734812589756, 43.05730364395661], [-76.1733372500524, 43.0572926037593], [-76.1720793095156, 43.05726758543079], [-76.1720793095156, 43.05726758543079], [-76.1704122708086, 43.057239623912004], [-76.17037730208952, 43.057247636266794], [-76.17037730208952, 43.057247636266794], [-76.1703322839173, 43.057256650903184], [-76.1701753518305, 43.057308593009985], [-76.1701753518305, 43.057308593009985], [-76.1691833494488, 43.0576366053967], [-76.1691833494488, 43.0576366053967], [-76.1688253528418, 43.057757596507905], [-76.1687183607964, 43.0577946182936], [-76.1685792791326, 43.057842594172996], [-76.1660913581223, 43.0586856167914], [-76.1660913581223, 43.0586856167914], [-76.1658153426664, 43.058778658142806], [-76.1651871265337, 43.05900126396178], [-76.1651871265337, 43.05900126396178], [-76.1647323445397, 43.059167621498794], [-76.1643179472075, 43.05934547982918], [-76.1643179472075, 43.05934547982918], [-76.1643012466281, 43.0593526465285], [-76.1642282710877, 43.05938740950431], [-76.1642282710877, 43.05938740950431], [-76.1638315256508, 43.05957672048499], [-76.1638315256508, 43.05957672048499], [-76.1636503282715, 43.0596675945363], [-76.1631003015011, 43.0599345975696], [-76.1625912594673, 43.0601806509648], [-76.1619323218502, 43.060478282463905], [-76.1617586361833, 43.0605724900333], [-76.1616366476626, 43.060650926987016], [-76.1614944533363, 43.06076101434601], [-76.1613937198536, 43.0608640078387], [-76.1612768939509, 43.0610091003713], [-76.1611782517462, 43.0611540081312], [-76.1611782517462, 43.0611540081312], [-76.1611233916318, 43.061277499484795], [-76.1609571494053, 43.06155937248649], [-76.1607515412065, 43.0619250029644], [-76.1605033878974, 43.0623778173733], [-76.1603523478605, 43.0626390494312], [-76.1602691144579, 43.06279118395499], [-76.1602317696949, 43.062878531464], [-76.1602087889933, 43.06295262264669], [-76.1602042453146, 43.0630366391436], [-76.1602042453146, 43.0630366391436], [-76.1602053367676, 43.0631465771742], [-76.1602363546961, 43.0633196066563], [-76.1602803092629, 43.06342965050139], [-76.1603592424303, 43.0636036341093], [-76.160413294061, 43.06377363870939], [-76.1604443012096, 43.063965577761905], [-76.1604513574762, 43.0643526252944], [-76.1604513574762, 43.0643526252944], [-76.1604473267355, 43.06455563555299], [-76.1604473267355, 43.06455563555299], [-76.1604433436055, 43.0647676507959], [-76.1604433436055, 43.0647676507959], [-76.1604423204244, 43.0648566290005], [-76.1604423204244, 43.0648566290005], [-76.1604403522156, 43.0649606551782], [-76.1604403522156, 43.0649606551782], [-76.1604362648811, 43.06517366132918], [-76.1604362648811, 43.06517366132918], [-76.16042999816567, 43.06530671852963]]}}, {"type": "Feature", "properties": {"id": 44, "chain_order": 2, "margin_m": 50, "names": ["SPENCER STREET", "WEST KIRKPATRICK STREET"], "changes": 1, "run_lengths_m": [50.0, 50.0], "min_run_m": 50.0, "start_m": 1366.7346262610467, "end_m": 1466.7346262610467, "length_m": 99.99999999990817, "chord_m": 97.66225735312426, "ratio": 1.023937012210676, "max_offset_m": 10.588195412254802}, "geometry": {"type": "LineString", "coordinates": [[-76.17098941945669, 43.05724930727544], [-76.1704122708086, 43.057239623912004], [-76.17037730208952, 43.057247636266794], [-76.17037730208952, 43.057247636266794], [-76.1703322839173, 43.057256650903184], [-76.1701753518305, 43.057308593009985], [-76.1701753518305, 43.057308593009985], [-76.16981518248728, 43.057427686864266]]}}, {"type": "Feature", "properties": {"id": 45, "chain_order": 2, "margin_m": 50, "names": ["SPENCER STREET", "WEST KIRKPATRICK STREET", "WEST COURT STREET"], "changes": 2, "run_lengths_m": [50.0, 875.8718245739274, 50.0], "min_run_m": 50.0, "start_m": 1366.7346262610467, "end_m": 2342.606450834974, "length_m": 975.8718245736998, "chord_m": 948.0873603610431, "ratio": 1.0293058059566114, "max_offset_m": 74.35678034568801}, "geometry": {"type": "LineString", "coordinates": [[-76.17098941945669, 43.05724930727544], [-76.1704122708086, 43.057239623912004], [-76.17037730208952, 43.057247636266794], [-76.17037730208952, 43.057247636266794], [-76.1703322839173, 43.057256650903184], [-76.1701753518305, 43.057308593009985], [-76.1701753518305, 43.057308593009985], [-76.1691833494488, 43.0576366053967], [-76.1691833494488, 43.0576366053967], [-76.1688253528418, 43.057757596507905], [-76.1687183607964, 43.0577946182936], [-76.1685792791326, 43.057842594172996], [-76.1660913581223, 43.0586856167914], [-76.1660913581223, 43.0586856167914], [-76.1658153426664, 43.058778658142806], [-76.1651871265337, 43.05900126396178], [-76.1651871265337, 43.05900126396178], [-76.1647323445397, 43.059167621498794], [-76.1643179472075, 43.05934547982918], [-76.1643179472075, 43.05934547982918], [-76.1643012466281, 43.0593526465285], [-76.1642282710877, 43.05938740950431], [-76.1642282710877, 43.05938740950431], [-76.1638315256508, 43.05957672048499], [-76.1638315256508, 43.05957672048499], [-76.1636503282715, 43.0596675945363], [-76.1631003015011, 43.0599345975696], [-76.1625912594673, 43.0601806509648], [-76.1619323218502, 43.060478282463905], [-76.1617586361833, 43.0605724900333], [-76.1616366476626, 43.060650926987016], [-76.1614944533363, 43.06076101434601], [-76.1613937198536, 43.0608640078387], [-76.1612768939509, 43.0610091003713], [-76.1611782517462, 43.0611540081312], [-76.1611782517462, 43.0611540081312], [-76.1611233916318, 43.061277499484795], [-76.1609571494053, 43.06155937248649], [-76.16095027625961, 43.06157159499015]]}}, {"type": "Feature", "properties": {"id": 46, "chain_order": 2, "margin_m": 50, "names": ["SPENCER STREET", "WEST KIRKPATRICK STREET", "WEST COURT STREET", "COURT STREET"], "changes": 3, "run_lengths_m": [50.0, 875.8718245739274, 428.83114049564756, 50.0], "min_run_m": 50.0, "start_m": 1366.7346262610467, "end_m": 2771.4375913306217, "length_m": 1404.7029650691543, "chord_m": 1241.070849823756, "ratio": 1.131847521250407, "max_offset_m": 287.45030790058894}, "geometry": {"type": "LineString", "coordinates": [[-76.17098941945669, 43.05724930727544], [-76.1704122708086, 43.057239623912004], [-76.17037730208952, 43.057247636266794], [-76.17037730208952, 43.057247636266794], [-76.1703322839173, 43.057256650903184], [-76.1701753518305, 43.057308593009985], [-76.1701753518305, 43.057308593009985], [-76.1691833494488, 43.0576366053967], [-76.1691833494488, 43.0576366053967], [-76.1688253528418, 43.057757596507905], [-76.1687183607964, 43.0577946182936], [-76.1685792791326, 43.057842594172996], [-76.1660913581223, 43.0586856167914], [-76.1660913581223, 43.0586856167914], [-76.1658153426664, 43.058778658142806], [-76.1651871265337, 43.05900126396178], [-76.1651871265337, 43.05900126396178], [-76.1647323445397, 43.059167621498794], [-76.1643179472075, 43.05934547982918], [-76.1643179472075, 43.05934547982918], [-76.1643012466281, 43.0593526465285], [-76.1642282710877, 43.05938740950431], [-76.1642282710877, 43.05938740950431], [-76.1638315256508, 43.05957672048499], [-76.1638315256508, 43.05957672048499], [-76.1636503282715, 43.0596675945363], [-76.1631003015011, 43.0599345975696], [-76.1625912594673, 43.0601806509648], [-76.1619323218502, 43.060478282463905], [-76.1617586361833, 43.0605724900333], [-76.1616366476626, 43.060650926987016], [-76.1614944533363, 43.06076101434601], [-76.1613937198536, 43.0608640078387], [-76.1612768939509, 43.0610091003713], [-76.1611782517462, 43.0611540081312], [-76.1611782517462, 43.0611540081312], [-76.1611233916318, 43.061277499484795], [-76.1609571494053, 43.06155937248649], [-76.1607515412065, 43.0619250029644], [-76.1605033878974, 43.0623778173733], [-76.1603523478605, 43.0626390494312], [-76.1602691144579, 43.06279118395499], [-76.1602317696949, 43.062878531464], [-76.1602087889933, 43.06295262264669], [-76.1602042453146, 43.0630366391436], [-76.1602042453146, 43.0630366391436], [-76.1602053367676, 43.0631465771742], [-76.1602363546961, 43.0633196066563], [-76.1602803092629, 43.06342965050139], [-76.1603592424303, 43.0636036341093], [-76.160413294061, 43.06377363870939], [-76.1604443012096, 43.063965577761905], [-76.1604513574762, 43.0643526252944], [-76.1604513574762, 43.0643526252944], [-76.1604473267355, 43.06455563555299], [-76.1604473267355, 43.06455563555299], [-76.1604433436055, 43.0647676507959], [-76.1604433436055, 43.0647676507959], [-76.1604423204244, 43.0648566290005], [-76.1604423204244, 43.0648566290005], [-76.1604403522156, 43.0649606551782], [-76.1604403522156, 43.0649606551782], [-76.1604362648811, 43.06517366132918], [-76.1604362648811, 43.06517366132918], [-76.16042999816567, 43.06530671852963]]}}, {"type": "Feature", "properties": {"id": 47, "chain_order": 2, "margin_m": 50, "names": ["WEST KIRKPATRICK STREET", "WEST COURT STREET"], "changes": 1, "run_lengths_m": [50.0, 50.0], "min_run_m": 50.0, "start_m": 2242.606450834974, "end_m": 2342.606450834974, "length_m": 99.99999999965704, "chord_m": 99.57501033484364, "ratio": 1.0042680353573077, "max_offset_m": 3.7626650632154934}, "geometry": {"type": "LineString", "coordinates": [[-76.1614888965274, 43.0607666958361], [-76.1613937198536, 43.0608640078387], [-76.1612768939509, 43.0610091003713], [-76.1611782517462, 43.0611540081312], [-76.1611782517462, 43.0611540081312], [-76.1611233916318, 43.061277499484795], [-76.1609571494053, 43.06155937248649], [-76.16095027625961, 43.06157159499015]]}}, {"type": "Feature", "properties": {"id": 48, "chain_order": 2, "margin_m": 50, "names": ["WEST KIRKPATRICK STREET", "WEST COURT STREET", "COURT STREET"], "changes": 2, "run_lengths_m": [50.0, 428.83114049564756, 50.0], "min_run_m": 50.0, "start_m": 2242.606450834974, "end_m": 2771.4375913306217, "length_m": 528.8311404951116, "chord_m": 511.5430650639308, "ratio": 1.0337959335428, "max_offset_m": 61.830047198907394}, "geometry": {"type": "LineString", "coordinates": [[-76.1614888965274, 43.0607666958361], [-76.1613937198536, 43.0608640078387], [-76.1612768939509, 43.0610091003713], [-76.1611782517462, 43.0611540081312], [-76.1611782517462, 43.0611540081312], [-76.1611233916318, 43.061277499484795], [-76.1609571494053, 43.06155937248649], [-76.1607515412065, 43.0619250029644], [-76.1605033878974, 43.0623778173733], [-76.1603523478605, 43.0626390494312], [-76.1602691144579, 43.06279118395499], [-76.1602317696949, 43.062878531464], [-76.1602087889933, 43.06295262264669], [-76.1602042453146, 43.0630366391436], [-76.1602042453146, 43.0630366391436], [-76.1602053367676, 43.0631465771742], [-76.1602363546961, 43.0633196066563], [-76.1602803092629, 43.06342965050139], [-76.1603592424303, 43.0636036341093], [-76.160413294061, 43.06377363870939], [-76.1604443012096, 43.063965577761905], [-76.1604513574762, 43.0643526252944], [-76.1604513574762, 43.0643526252944], [-76.1604473267355, 43.06455563555299], [-76.1604473267355, 43.06455563555299], [-76.1604433436055, 43.0647676507959], [-76.1604433436055, 43.0647676507959], [-76.1604423204244, 43.0648566290005], [-76.1604423204244, 43.0648566290005], [-76.1604403522156, 43.0649606551782], [-76.1604403522156, 43.0649606551782], [-76.1604362648811, 43.06517366132918], [-76.1604362648811, 43.06517366132918], [-76.16042999816567, 43.06530671852963]]}}, {"type": "Feature", "properties": {"id": 49, "chain_order": 2, "margin_m": 50, "names": ["WEST COURT STREET", "COURT STREET"], "changes": 1, "run_lengths_m": [50.0, 50.0], "min_run_m": 50.0, "start_m": 2671.4375913306217, "end_m": 2771.4375913306217, "length_m": 99.99999999950339, "chord_m": 99.99704939045742, "ratio": 1.000029506961095, "max_offset_m": 0.2660633658047704}, "geometry": {"type": "LineString", "coordinates": [[-76.16045028843554, 43.064406468118186], [-76.1604473267355, 43.06455563555299], [-76.1604473267355, 43.06455563555299], [-76.1604433436055, 43.0647676507959], [-76.1604433436055, 43.0647676507959], [-76.1604423204244, 43.0648566290005], [-76.1604423204244, 43.0648566290005], [-76.1604403522156, 43.0649606551782], [-76.1604403522156, 43.0649606551782], [-76.1604362648811, 43.06517366132918], [-76.1604362648811, 43.06517366132918], [-76.16042999816567, 43.06530671852963]]}}, {"type": "Feature", "properties": {"id": 50, "chain_order": 2, "margin_m": 100, "names": ["STATE FAIR BOULEVARD", "SPENCER STREET"], "changes": 1, "run_lengths_m": [100.0, 100.0], "min_run_m": 100.0, "start_m": 446.2775318967897, "end_m": 646.2775318967897, "length_m": 200.0000000001553, "chord_m": 198.5170305299197, "ratio": 1.0074702380258105, "max_offset_m": 10.57672758395757}, "geometry": {"type": "LineString", "coordinates": [[-76.18180865210512, 43.05931989152171], [-76.1806453664855, 43.05903164400059], [-76.1806453664855, 43.05903164400059], [-76.1803573603173, 43.05901066230799], [-76.1799842540472, 43.059002623929295], [-76.1799842540472, 43.059002623929295], [-76.1798693559291, 43.05899858603349], [-76.17951834552, 43.0589515969044], [-76.17942975423927, 43.058929971470626]]}}, {"type": "Feature", "properties": {"id": 51, "chain_order": 2, "margin_m": 100, "names": ["STATE FAIR BOULEVARD", "SPENCER STREET", "WEST KIRKPATRICK STREET"], "changes": 2, "run_lengths_m": [100.0, 870.457094364257, 100.0], "min_run_m": 100.0, "start_m": 446.2775318967897, "end_m": 1516.7346262610467, "length_m": 1070.4570943644205, "chord_m": 1039.7631463989605, "ratio": 1.0295201345342573, "max_offset_m": 96.52574284537059}, "geometry": {"type": "LineString", "coordinates": [[-76.18180865210512, 43.05931989152171], [-76.1806453664855, 43.05903164400059], [-76.1806453664855, 43.05903164400059], [-76.1803573603173, 43.05901066230799], [-76.1799842540472, 43.059002623929295], [-76.1799842540472, 43.059002623929295], [-76.1798693559291, 43.05899858603349], [-76.17951834552, 43.0589515969044], [-76.1793052687278, 43.058899583990296], [-76.1786753413046, 43.0587226452367], [-76.1752723388537, 43.05778863418719], [-76.1752723388537, 43.05778863418719], [-76.1749002925956, 43.05770060533579], [-76.1748352455859, 43.0576896564452], [-76.1748352455859, 43.0576896564452], [-76.1747903630594, 43.05767363841371], [-76.1745222994903, 43.0575776069321], [-76.1737313140181, 43.057350606124494], [-76.1736033157682, 43.05732265317639], [-76.1736033157682, 43.05732265317639], [-76.1734812589756, 43.05730364395661], [-76.1733372500524, 43.0572926037593], [-76.1720793095156, 43.05726758543079], [-76.1720793095156, 43.05726758543079], [-76.1704122708086, 43.057239623912004], [-76.17037730208952, 43.057247636266794], [-76.17037730208952, 43.057247636266794], [-76.1703322839173, 43.057256650903184], [-76.1701753518305, 43.057308593009985], [-76.1701753518305, 43.057308593009985], [-76.16925551052476, 43.05761274524845]]}}, {"type": "Feature", "properties": {"id": 52, "chain_order": 2, "margin_m": 100, "names": ["STATE FAIR BOULEVARD", "SPENCER STREET", "WEST KIRKPATRICK STREET", "WEST COURT STREET"], "changes": 3, "run_lengths_m": [100.0, 870.457094364257, 875.8718245739274, 100.0], "min_run_m": 100.0, "start_m": 446.2775318967897, "end_m": 2392.606450834974, "length_m": 1946.3289189385123, "chord_m": 1743.0200652477722, "ratio": 1.1166417172953425, "max_offset_m": 385.5150540579213}, "geometry": {"type": "LineString", "coordinates": [[-76.18180865210512, 43.05931989152171], [-76.1806453664855, 43.05903164400059], [-76.1806453664855, 43.05903164400059], [-76.1803573603173, 43.05901066230799], [-76.1799842540472, 43.059002623929295], [-76.1799842540472, 43.059002623929295], [-76.1798693559291, 43.05899858603349], [-76.17951834552, 43.0589515969044], [-76.1793052687278, 43.058899583990296], [-76.1786753413046, 43.0587226452367], [-76.1752723388537, 43.05778863418719], [-76.1752723388537, 43.05778863418719], [-76.1749002925956, 43.05770060533579], [-76.1748352455859, 43.0576896564452], [-76.1748352455859, 43.0576896564452], [-76.1747903630594, 43.05767363841371], [-76.1745222994903, 43.0575776069321], [-76.1737313140181, 43.057350606124494], [-76.1736033157682, 43.05732265317639], [-76.1736033157682, 43.05732265317639], [-76.1734812589756, 43.05730364395661], [-76.1733372500524, 43.0572926037593], [-76.1720793095156, 43.05726758543079], [-76.1720793095156, 43.05726758543079], [-76.1704122708086, 43.057239623912004], [-76.17037730208952, 43.057247636266794], [-76.17037730208952, 43.057247636266794], [-76.1703322839173, 43.057256650903184], [-76.1701753518305, 43.057308593009985], [-76.1701753518305, 43.057308593009985], [-76.1691833494488, 43.0576366053967], [-76.1691833494488, 43.0576366053967], [-76.1688253528418, 43.057757596507905], [-76.1687183607964, 43.0577946182936], [-76.1685792791326, 43.057842594172996], [-76.1660913581223, 43.0586856167914], [-76.1660913581223, 43.0586856167914], [-76.1658153426664, 43.058778658142806], [-76.1651871265337, 43.05900126396178], [-76.1651871265337, 43.05900126396178], [-76.1647323445397, 43.059167621498794], [-76.1643179472075, 43.05934547982918], [-76.1643179472075, 43.05934547982918], [-76.1643012466281, 43.0593526465285], [-76.1642282710877, 43.05938740950431], [-76.1642282710877, 43.05938740950431], [-76.1638315256508, 43.05957672048499], [-76.1638315256508, 43.05957672048499], [-76.1636503282715, 43.0596675945363], [-76.1631003015011, 43.0599345975696], [-76.1625912594673, 43.0601806509648], [-76.1619323218502, 43.060478282463905], [-76.1617586361833, 43.0605724900333], [-76.1616366476626, 43.060650926987016], [-76.1614944533363, 43.06076101434601], [-76.1613937198536, 43.0608640078387], [-76.1612768939509, 43.0610091003713], [-76.1611782517462, 43.0611540081312], [-76.1611782517462, 43.0611540081312], [-76.1611233916318, 43.061277499484795], [-76.1609571494053, 43.06155937248649], [-76.1607515412065, 43.0619250029644], [-76.1607169996918, 43.06198803255272]]}}, {"type": "Feature", "properties": {"id": 53, "chain_order": 2, "margin_m": 100, "names": ["STATE FAIR BOULEVARD", "SPENCER STREET", "WEST KIRKPATRICK STREET", "WEST COURT STREET", "COURT STREET"], "changes": 4, "run_lengths_m": [100.0, 870.457094364257, 875.8718245739274, 428.83114049564756, 100.0], "min_run_m": 100.0, "start_m": 446.2775318967897, "end_m": 2821.4375913306217, "length_m": 2375.160059433718, "chord_m": 1896.6917955096885, "ratio": 1.2522646352226419, "max_offset_m": 562.8609730497061}, "geometry": {"type": "LineString", "coordinates": [[-76.18180865210512, 43.05931989152171], [-76.1806453664855, 43.05903164400059], [-76.1806453664855, 43.05903164400059], [-76.1803573603173, 43.05901066230799], [-76.1799842540472, 43.059002623929295], [-76.1799842540472, 43.059002623929295], [-76.1798693559291, 43.05899858603349], [-76.17951834552, 43.0589515969044], [-76.1793052687278, 43.058899583990296], [-76.1786753413046, 43.0587226452367], [-76.1752723388537, 43.05778863418719], [-76.1752723388537, 43.05778863418719], [-76.1749002925956, 43.05770060533579], [-76.1748352455859, 43.0576896564452], [-76.1748352455859, 43.0576896564452], [-76.1747903630594, 43.05767363841371], [-76.1745222994903, 43.0575776069321], [-76.1737313140181, 43.057350606124494], [-76.1736033157682, 43.05732265317639], [-76.1736033157682, 43.05732265317639], [-76.1734812589756, 43.05730364395661], [-76.1733372500524, 43.0572926037593], [-76.1720793095156, 43.05726758543079], [-76.1720793095156, 43.05726758543079], [-76.1704122708086, 43.057239623912004], [-76.17037730208952, 43.057247636266794], [-76.17037730208952, 43.057247636266794], [-76.1703322839173, 43.057256650903184], [-76.1701753518305, 43.057308593009985], [-76.1701753518305, 43.057308593009985], [-76.1691833494488, 43.0576366053967], [-76.1691833494488, 43.0576366053967], [-76.1688253528418, 43.057757596507905], [-76.1687183607964, 43.0577946182936], [-76.1685792791326, 43.057842594172996], [-76.1660913581223, 43.0586856167914], [-76.1660913581223, 43.0586856167914], [-76.1658153426664, 43.058778658142806], [-76.1651871265337, 43.05900126396178], [-76.1651871265337, 43.05900126396178], [-76.1647323445397, 43.059167621498794], [-76.1643179472075, 43.05934547982918], [-76.1643179472075, 43.05934547982918], [-76.1643012466281, 43.0593526465285], [-76.1642282710877, 43.05938740950431], [-76.1642282710877, 43.05938740950431], [-76.1638315256508, 43.05957672048499], [-76.1638315256508, 43.05957672048499], [-76.1636503282715, 43.0596675945363], [-76.1631003015011, 43.0599345975696], [-76.1625912594673, 43.0601806509648], [-76.1619323218502, 43.060478282463905], [-76.1617586361833, 43.0605724900333], [-76.1616366476626, 43.060650926987016], [-76.1614944533363, 43.06076101434601], [-76.1613937198536, 43.0608640078387], [-76.1612768939509, 43.0610091003713], [-76.1611782517462, 43.0611540081312], [-76.1611782517462, 43.0611540081312], [-76.1611233916318, 43.061277499484795], [-76.1609571494053, 43.06155937248649], [-76.1607515412065, 43.0619250029644], [-76.1605033878974, 43.0623778173733], [-76.1603523478605, 43.0626390494312], [-76.1602691144579, 43.06279118395499], [-76.1602317696949, 43.062878531464], [-76.1602087889933, 43.06295262264669], [-76.1602042453146, 43.0630366391436], [-76.1602042453146, 43.0630366391436], [-76.1602053367676, 43.0631465771742], [-76.1602363546961, 43.0633196066563], [-76.1602803092629, 43.06342965050139], [-76.1603592424303, 43.0636036341093], [-76.160413294061, 43.06377363870939], [-76.1604443012096, 43.063965577761905], [-76.1604513574762, 43.0643526252944], [-76.1604513574762, 43.0643526252944], [-76.1604473267355, 43.06455563555299], [-76.1604473267355, 43.06455563555299], [-76.1604433436055, 43.0647676507959], [-76.1604433436055, 43.0647676507959], [-76.1604423204244, 43.0648566290005], [-76.1604423204244, 43.0648566290005], [-76.1604403522156, 43.0649606551782], [-76.1604403522156, 43.0649606551782], [-76.1604362648811, 43.06517366132918], [-76.1604362648811, 43.06517366132918], [-76.1604273203558, 43.0653635746348], [-76.1604123553215, 43.0654296423415], [-76.1604123553215, 43.0654296423415], [-76.1603673075049, 43.06551564530059], [-76.16021625022249, 43.065722012943034]]}}, {"type": "Feature", "properties": {"id": 54, "chain_order": 2, "margin_m": 100, "names": ["SPENCER STREET", "WEST KIRKPATRICK STREET"], "changes": 1, "run_lengths_m": [100.0, 100.0], "min_run_m": 100.0, "start_m": 1316.7346262610467, "end_m": 1516.7346262610467, "length_m": 200.00000000000279, "chord_m": 195.18014032414186, "ratio": 1.0246944164906144, "max_offset_m": 21.664161407862196}, "geometry": {"type": "LineString", "coordinates": [[-76.17160319466721, 43.05725960195823], [-76.1704122708086, 43.057239623912004], [-76.17037730208952, 43.057247636266794], [-76.17037730208952, 43.057247636266794], [-76.1703322839173, 43.057256650903184], [-76.1701753518305, 43.057308593009985], [-76.1701753518305, 43.057308593009985], [-76.16925551052476, 43.05761274524845]]}}, {"type": "Feature", "properties": {"id": 55, "chain_order": 2, "margin_m": 100, "names": ["SPENCER STREET", "WEST KIRKPATRICK STREET", "WEST COURT STREET"], "changes": 2, "run_lengths_m": [100.0, 875.8718245739274, 100.0], "min_run_m": 100.0, "start_m": 1316.7346262610467, "end_m": 2392.606450834974, "length_m": 1075.8718245740943, "chord_m": 1030.418082190861, "ratio": 1.0441119417145612, "max_offset_m": 103.08294626997524}, "geometry": {"type": "LineString", "coordinates": [[-76.17160319466721, 43.05725960195823], [-76.1704122708086, 43.057239623912004], [-76.17037730208952, 43.057247636266794], [-76.17037730208952, 43.057247636266794], [-76.1703322839173, 43.057256650903184], [-76.1701753518305, 43.057308593009985], [-76.1701753518305, 43.057308593009985], [-76.1691833494488, 43.0576366053967], [-76.1691833494488, 43.0576366053967], [-76.1688253528418, 43.057757596507905], [-76.1687183607964, 43.0577946182936], [-76.1685792791326, 43.057842594172996], [-76.1660913581223, 43.0586856167914], [-76.1660913581223, 43.0586856167914], [-76.1658153426664, 43.058778658142806], [-76.1651871265337, 43.05900126396178], [-76.1651871265337, 43.05900126396178], [-76.1647323445397, 43.059167621498794], [-76.1643179472075, 43.05934547982918], [-76.1643179472075, 43.05934547982918], [-76.1643012466281, 43.0593526465285], [-76.1642282710877, 43.05938740950431], [-76.1642282710877, 43.05938740950431], [-76.1638315256508, 43.05957672048499], [-76.1638315256508, 43.05957672048499], [-76.1636503282715, 43.0596675945363], [-76.1631003015011, 43.0599345975696], [-76.1625912594673, 43.0601806509648], [-76.1619323218502, 43.060478282463905], [-76.1617586361833, 43.0605724900333], [-76.1616366476626, 43.060650926987016], [-76.1614944533363, 43.06076101434601], [-76.1613937198536, 43.0608640078387], [-76.1612768939509, 43.0610091003713], [-76.1611782517462, 43.0611540081312], [-76.1611782517462, 43.0611540081312], [-76.1611233916318, 43.061277499484795], [-76.1609571494053, 43.06155937248649], [-76.1607515412065, 43.0619250029644], [-76.1607169996918, 43.06198803255272]]}}, {"type": "Feature", "properties": {"id": 56, "chain_order": 2, "margin_m": 100, "names": ["SPENCER STREET", "WEST KIRKPATRICK STREET", "WEST COURT STREET", "COURT STREET"], "changes": 3, "run_lengths_m": [100.0, 875.8718245739274, 428.83114049564756, 100.0], "min_run_m": 100.0, "start_m": 1316.7346262610467, "end_m": 2821.4375913306217, "length_m": 1504.7029650692998, "chord_m": 1320.3102719222334, "ratio": 1.139658606820206, "max_offset_m": 313.2519600393119}, "geometry": {"type": "LineString", "coordinates": [[-76.17160319466721, 43.05725960195823], [-76.1704122708086, 43.057239623912004], [-76.17037730208952, 43.057247636266794], [-76.17037730208952, 43.057247636266794], [-76.1703322839173, 43.057256650903184], [-76.1701753518305, 43.057308593009985], [-76.1701753518305, 43.057308593009985], [-76.1691833494488, 43.0576366053967], [-76.1691833494488, 43.0576366053967], [-76.1688253528418, 43.057757596507905], [-76.1687183607964, 43.0577946182936], [-76.1685792791326, 43.057842594172996], [-76.1660913581223, 43.0586856167914], [-76.1660913581223, 43.0586856167914], [-76.1658153426664, 43.058778658142806], [-76.1651871265337, 43.05900126396178], [-76.1651871265337, 43.05900126396178], [-76.1647323445397, 43.059167621498794], [-76.1643179472075, 43.05934547982918], [-76.1643179472075, 43.05934547982918], [-76.1643012466281, 43.0593526465285], [-76.1642282710877, 43.05938740950431], [-76.1642282710877, 43.05938740950431], [-76.1638315256508, 43.05957672048499], [-76.1638315256508, 43.05957672048499], [-76.1636503282715, 43.0596675945363], [-76.1631003015011, 43.0599345975696], [-76.1625912594673, 43.0601806509648], [-76.1619323218502, 43.060478282463905], [-76.1617586361833, 43.0605724900333], [-76.1616366476626, 43.060650926987016], [-76.1614944533363, 43.06076101434601], [-76.1613937198536, 43.0608640078387], [-76.1612768939509, 43.0610091003713], [-76.1611782517462, 43.0611540081312], [-76.1611782517462, 43.0611540081312], [-76.1611233916318, 43.061277499484795], [-76.1609571494053, 43.06155937248649], [-76.1607515412065, 43.0619250029644], [-76.1605033878974, 43.0623778173733], [-76.1603523478605, 43.0626390494312], [-76.1602691144579, 43.06279118395499], [-76.1602317696949, 43.062878531464], [-76.1602087889933, 43.06295262264669], [-76.1602042453146, 43.0630366391436], [-76.1602042453146, 43.0630366391436], [-76.1602053367676, 43.0631465771742], [-76.1602363546961, 43.0633196066563], [-76.1602803092629, 43.06342965050139], [-76.1603592424303, 43.0636036341093], [-76.160413294061, 43.06377363870939], [-76.1604443012096, 43.063965577761905], [-76.1604513574762, 43.0643526252944], [-76.1604513574762, 43.0643526252944], [-76.1604473267355, 43.06455563555299], [-76.1604473267355, 43.06455563555299], [-76.1604433436055, 43.0647676507959], [-76.1604433436055, 43.0647676507959], [-76.1604423204244, 43.0648566290005], [-76.1604423204244, 43.0648566290005], [-76.1604403522156, 43.0649606551782], [-76.1604403522156, 43.0649606551782], [-76.1604362648811, 43.06517366132918], [-76.1604362648811, 43.06517366132918], [-76.1604273203558, 43.0653635746348], [-76.1604123553215, 43.0654296423415], [-76.1604123553215, 43.0654296423415], [-76.1603673075049, 43.06551564530059], [-76.16021625022249, 43.065722012943034]]}}, {"type": "Feature", "properties": {"id": 57, "chain_order": 2, "margin_m": 100, "names": ["WEST KIRKPATRICK STREET", "WEST COURT STREET"], "changes": 1, "run_lengths_m": [100.0, 100.0], "min_run_m": 100.0, "start_m": 2192.606450834974, "end_m": 2392.606450834974, "length_m": 200.00000000028777, "chord_m": 196.10213178966566, "ratio": 1.0198767253320982, "max_offset_m": 16.505861394235325}, "geometry": {"type": "LineString", "coordinates": [[-76.1619488105045, 43.06047083488554], [-76.1619323218502, 43.060478282463905], [-76.1617586361833, 43.0605724900333], [-76.1616366476626, 43.060650926987016], [-76.1614944533363, 43.06076101434601], [-76.1613937198536, 43.0608640078387], [-76.1612768939509, 43.0610091003713], [-76.1611782517462, 43.0611540081312], [-76.1611782517462, 43.0611540081312], [-76.1611233916318, 43.061277499484795], [-76.1609571494053, 43.06155937248649], [-76.1607515412065, 43.0619250029644], [-76.1607169996918, 43.06198803255272]]}}, {"type": "Feature", "properties": {"id": 58, "chain_order": 2, "margin_m": 100, "names": ["WEST KIRKPATRICK STREET", "WEST COURT STREET", "COURT STREET"], "changes": 2, "run_lengths_m": [100.0, 428.83114049564756, 100.0], "min_run_m": 100.0, "start_m": 2192.606450834974, "end_m": 2821.4375913306217, "length_m": 628.8311404954933, "chord_m": 600.0284855464886, "ratio": 1.0480021459694069, "max_offset_m": 73.03152502901338}, "geometry": {"type": "LineString", "coordinates": [[-76.1619488105045, 43.06047083488554], [-76.1619323218502, 43.060478282463905], [-76.1617586361833, 43.0605724900333], [-76.1616366476626, 43.060650926987016], [-76.1614944533363, 43.06076101434601], [-76.1613937198536, 43.0608640078387], [-76.1612768939509, 43.0610091003713], [-76.1611782517462, 43.0611540081312], [-76.1611782517462, 43.0611540081312], [-76.1611233916318, 43.061277499484795], [-76.1609571494053, 43.06155937248649], [-76.1607515412065, 43.0619250029644], [-76.1605033878974, 43.0623778173733], [-76.1603523478605, 43.0626390494312], [-76.1602691144579, 43.06279118395499], [-76.1602317696949, 43.062878531464], [-76.1602087889933, 43.06295262264669], [-76.1602042453146, 43.0630366391436], [-76.1602042453146, 43.0630366391436], [-76.1602053367676, 43.0631465771742], [-76.1602363546961, 43.0633196066563], [-76.1602803092629, 43.06342965050139], [-76.1603592424303, 43.0636036341093], [-76.160413294061, 43.06377363870939], [-76.1604443012096, 43.063965577761905], [-76.1604513574762, 43.0643526252944], [-76.1604513574762, 43.0643526252944], [-76.1604473267355, 43.06455563555299], [-76.1604473267355, 43.06455563555299], [-76.1604433436055, 43.0647676507959], [-76.1604433436055, 43.0647676507959], [-76.1604423204244, 43.0648566290005], [-76.1604423204244, 43.0648566290005], [-76.1604403522156, 43.0649606551782], [-76.1604403522156, 43.0649606551782], [-76.1604362648811, 43.06517366132918], [-76.1604362648811, 43.06517366132918], [-76.1604273203558, 43.0653635746348], [-76.1604123553215, 43.0654296423415], [-76.1604123553215, 43.0654296423415], [-76.1603673075049, 43.06551564530059], [-76.16021625022249, 43.065722012943034]]}}, {"type": "Feature", "properties": {"id": 59, "chain_order": 2, "margin_m": 100, "names": ["WEST COURT STREET", "COURT STREET"], "changes": 1, "run_lengths_m": [100.0, 100.0], "min_run_m": 100.0, "start_m": 2621.4375913306217, "end_m": 2821.4375913306217, "length_m": 199.99999999965632, "chord_m": 196.96109689169566, "ratio": 1.015428950975185, "max_offset_m": 13.383092224088632}, "geometry": {"type": "LineString", "coordinates": [[-76.16044281416457, 43.063956372752436], [-76.1604443012096, 43.063965577761905], [-76.1604513574762, 43.0643526252944], [-76.1604513574762, 43.0643526252944], [-76.1604473267355, 43.06455563555299], [-76.1604473267355, 43.06455563555299], [-76.1604433436055, 43.0647676507959], [-76.1604433436055, 43.0647676507959], [-76.1604423204244, 43.0648566290005], [-76.1604423204244, 43.0648566290005], [-76.1604403522156, 43.0649606551782], [-76.1604403522156, 43.0649606551782], [-76.1604362648811, 43.06517366132918], [-76.1604362648811, 43.06517366132918], [-76.1604273203558, 43.0653635746348], [-76.1604123553215, 43.0654296423415], [-76.1604123553215, 43.0654296423415], [-76.1603673075049, 43.06551564530059], [-76.16021625022249, 43.065722012943034]]}}, {"type": "Feature", "properties": {"id": 60, "chain_order": 3, "margin_m": 25, "names": ["TOMPKINS STREET", "SOUTH WILBUR AVENUE", "WEST FAYETTE STREET"], "changes": 2, "run_lengths_m": [25.0, 13.044282281379765, 25.0], "min_run_m": 13.044282281379765, "start_m": 1013.1644055283159, "end_m": 1076.2086878096957, "length_m": 63.04428228107855, "chord_m": 57.8248717948767, "ratio": 1.090262378872482, "max_offset_m": 11.14872150227239}, "geometry": {"type": "LineString", "coordinates": [[-76.18046451387093, 43.04849201794205], [-76.1803503301019, 43.048535634312195], [-76.1802443495596, 43.04856662414169], [-76.180180277222, 43.0485676449473], [-76.180180277222, 43.0485676449473], [-76.1800492732091, 43.048548644830106], [-76.18002732916341, 43.04853761487299], [-76.18002732916341, 43.04853761487299], [-76.1799583295664, 43.0485186062125], [-76.17975985595527, 43.048428787770746]]}}, {"type": "Feature", "properties": {"id": 61, "chain_order": 3, "margin_m": 25, "names": ["TOMPKINS STREET", "SOUTH WILBUR AVENUE", "WEST FAYETTE STREET", "EAST FAYETTE STREET"], "changes": 3, "run_lengths_m": [25.0, 13.044282281379765, 2378.5295272577923, 25.0], "min_run_m": 13.044282281379765, "start_m": 1013.1644055283159, "end_m": 3454.738215067488, "length_m": 2441.5738095390693, "chord_m": 2325.843929978593, "ratio": 1.04975823100974, "max_offset_m": 299.09483236522397}, "geometry": {"type": "LineString", "coordinates": [[-76.18046451387093, 43.04849201794205], [-76.1803503301019, 43.048535634312195], [-76.1802443495596, 43.04856662414169], [-76.180180277222, 43.0485676449473], [-76.180180277222, 43.0485676449473], [-76.1800492732091, 43.048548644830106], [-76.18002732916341, 43.04853761487299], [-76.18002732916341, 43.04853761487299], [-76.1799583295664, 43.0485186062125], [-76.1792312978541, 43.0481895879206], [-76.1792312978541, 43.0481895879206], [-76.1779413260893, 43.04770661527579], [-76.1773553442496, 43.0474715853056], [-76.1772873193248, 43.0474456307708], [-76.1772873193248, 43.0474456307708], [-76.1756023107188, 43.046816583129896], [-76.1754323099411, 43.0467676322772], [-76.1754323099411, 43.0467676322772], [-76.1747779645118, 43.0466364327703], [-76.1747779645118, 43.0466364327703], [-76.1746342682023, 43.0466076155962], [-76.1744402716268, 43.04656863466148], [-76.1744402716268, 43.04656863466148], [-76.17162624779532, 43.04602260946059], [-76.1709372911764, 43.04587765872141], [-76.1709372911764, 43.04587765872141], [-76.1708323517815, 43.0458665757644], [-76.1707002742819, 43.04587459091811], [-76.1705163406343, 43.04591258229929], [-76.1701653535814, 43.04600459986119], [-76.1694680201724, 43.04617657218349], [-76.1694680201724, 43.04617657218349], [-76.1673023302444, 43.0467106486168], [-76.1673023302444, 43.0467106486168], [-76.1669172467366, 43.046798592145095], [-76.1656522966457, 43.04711161745879], [-76.1656522966457, 43.04711161745879], [-76.1639903415049, 43.047519617184], [-76.1639903415049, 43.047519617184], [-76.1623462808045, 43.0479076002846], [-76.1623462808045, 43.0479076002846], [-76.1619463454501, 43.0479965780109], [-76.1608412550556, 43.0482665945108], [-76.1608412550556, 43.0482665945108], [-76.1598214040017, 43.048514557122786], [-76.1598214040017, 43.048514557122786], [-76.159643778324, 43.04855835594349], [-76.159643778324, 43.04855835594349], [-76.1590222815896, 43.0487115941291], [-76.1589132593518, 43.048731608434096], [-76.1589132593518, 43.048731608434096], [-76.158846286354, 43.0487416523462], [-76.1581252706593, 43.0487395864514], [-76.1581252706593, 43.0487395864514], [-76.1577152454276, 43.0487366218563], [-76.1577152454276, 43.0487366218563], [-76.1573012065233, 43.04873507391219], [-76.1573012065233, 43.04873507391219], [-76.15699757955052, 43.0487312106164], [-76.15699757955052, 43.0487312106164], [-76.1562512861619, 43.0487155841239], [-76.155527270094, 43.04871065078869], [-76.155527270094, 43.04871065078869], [-76.1535693021008, 43.0486996090444], [-76.1535693021008, 43.0486996090444], [-76.15228327394, 43.0486925756754], [-76.1522183221517, 43.04869259930819], [-76.1522183221517, 43.04869259930819], [-76.1521683506691, 43.0486926518254], [-76.15191141362362, 43.048690439932436]]}}, {"type": "Feature", "properties": {"id": 62, "chain_order": 3, "margin_m": 25, "names": ["WEST FAYETTE STREET", "EAST FAYETTE STREET"], "changes": 1, "run_lengths_m": [25.0, 25.0], "min_run_m": 25.0, "start_m": 3404.738215067488, "end_m": 3454.738215067488, "length_m": 49.99999999996395, "chord_m": 49.999481608822514, "ratio": 1.0000103679303216, "max_offset_m": 0.0847509481170967}, "geometry": {"type": "LineString", "coordinates": [[-76.15252524167326, 43.04869390011637], [-76.15228327394, 43.0486925756754], [-76.1522183221517, 43.04869259930819], [-76.1522183221517, 43.04869259930819], [-76.1521683506691, 43.0486926518254], [-76.15191141362362, 43.048690439932436]]}}, {"type": "Feature", "properties": {"id": 63, "chain_order": 3, "margin_m": 50, "names": ["TOMPKINS STREET", "SOUTH WILBUR AVENUE", "WEST FAYETTE STREET"], "changes": 2, "run_lengths_m": [50.0, 13.044282281379765, 50.0], "min_run_m": 13.044282281379765, "start_m": 988.1644055283159, "end_m": 1101.2086878096957, "length_m": 113.0442822814218, "chord_m": 101.21166181318245, "ratio": 1.1169096550363942, "max_offset_m": 23.72760533895126}, "geometry": {"type": "LineString", "coordinates": [[-76.18073672794829, 43.04838803582091], [-76.1803503301019, 43.048535634312195], [-76.1802443495596, 43.04856662414169], [-76.180180277222, 43.0485676449473], [-76.180180277222, 43.0485676449473], [-76.1800492732091, 43.048548644830106], [-76.18002732916341, 43.04853761487299], [-76.18002732916341, 43.04853761487299], [-76.1799583295664, 43.0485186062125], [-76.17949865677129, 43.04831058218741]]}}, {"type": "Feature", "properties": {"id": 64, "chain_order": 3, "margin_m": 50, "names": ["TOMPKINS STREET", "SOUTH WILBUR AVENUE", "WEST FAYETTE STREET", "EAST FAYETTE STREET"], "changes": 3, "run_lengths_m": [50.0, 13.044282281379765, 2378.5295272577923, 50.0], "min_run_m": 13.044282281379765, "start_m": 988.1644055283159, "end_m": 3479.738215067488, "length_m": 2491.5738095390384, "chord_m": 2373.146182842816, "ratio": 1.0499032160565671, "max_offset_m": 291.41965093486937}, "geometry": {"type": "LineString", "coordinates": [[-76.18073672794829, 43.04838803582091], [-76.1803503301019, 43.048535634312195], [-76.1802443495596, 43.04856662414169], [-76.180180277222, 43.0485676449473], [-76.180180277222, 43.0485676449473], [-76.1800492732091, 43.048548644830106], [-76.18002732916341, 43.04853761487299], [-76.18002732916341, 43.04853761487299], [-76.1799583295664, 43.0485186062125], [-76.1792312978541, 43.0481895879206], [-76.1792312978541, 43.0481895879206], [-76.1779413260893, 43.04770661527579], [-76.1773553442496, 43.0474715853056], [-76.1772873193248, 43.0474456307708], [-76.1772873193248, 43.0474456307708], [-76.1756023107188, 43.046816583129896], [-76.1754323099411, 43.0467676322772], [-76.1754323099411, 43.0467676322772], [-76.1747779645118, 43.0466364327703], [-76.1747779645118, 43.0466364327703], [-76.1746342682023, 43.0466076155962], [-76.1744402716268, 43.04656863466148], [-76.1744402716268, 43.04656863466148], [-76.17162624779532, 43.04602260946059], [-76.1709372911764, 43.04587765872141], [-76.1709372911764, 43.04587765872141], [-76.1708323517815, 43.0458665757644], [-76.1707002742819, 43.04587459091811], [-76.1705163406343, 43.04591258229929], [-76.1701653535814, 43.04600459986119], [-76.1694680201724, 43.04617657218349], [-76.1694680201724, 43.04617657218349], [-76.1673023302444, 43.0467106486168], [-76.1673023302444, 43.0467106486168], [-76.1669172467366, 43.046798592145095], [-76.1656522966457, 43.04711161745879], [-76.1656522966457, 43.04711161745879], [-76.1639903415049, 43.047519617184], [-76.1639903415049, 43.047519617184], [-76.1623462808045, 43.0479076002846], [-76.1623462808045, 43.0479076002846], [-76.1619463454501, 43.0479965780109], [-76.1608412550556, 43.0482665945108], [-76.1608412550556, 43.0482665945108], [-76.1598214040017, 43.048514557122786], [-76.1598214040017, 43.048514557122786], [-76.159643778324, 43.04855835594349], [-76.159643778324, 43.04855835594349], [-76.1590222815896, 43.0487115941291], [-76.1589132593518, 43.048731608434096], [-76.1589132593518, 43.048731608434096], [-76.158846286354, 43.0487416523462], [-76.1581252706593, 43.0487395864514], [-76.1581252706593, 43.0487395864514], [-76.1577152454276, 43.0487366218563], [-76.1577152454276, 43.0487366218563], [-76.1573012065233, 43.04873507391219], [-76.1573012065233, 43.04873507391219], [-76.15699757955052, 43.0487312106164], [-76.15699757955052, 43.0487312106164], [-76.1562512861619, 43.0487155841239], [-76.155527270094, 43.04871065078869], [-76.155527270094, 43.04871065078869], [-76.1535693021008, 43.0486996090444], [-76.1535693021008, 43.0486996090444], [-76.15228327394, 43.0486925756754], [-76.1522183221517, 43.04869259930819], [-76.1522183221517, 43.04869259930819], [-76.1521683506691, 43.0486926518254], [-76.15160450849383, 43.04868779712287]]}}, {"type": "Feature", "properties": {"id": 65, "chain_order": 3, "margin_m": 50, "names": ["WEST FAYETTE STREET", "EAST FAYETTE STREET"], "changes": 1, "run_lengths_m": [50.0, 50.0], "min_run_m": 50.0, "start_m": 3379.738215067488, "end_m": 3479.738215067488, "length_m": 100.00000000001876, "chord_m": 99.9993218471054, "ratio": 1.000006781575123, "max_offset_m": 0.14202105762263723}, "geometry": {"type": "LineString", "coordinates": [[-76.15283215939188, 43.048695579332964], [-76.15228327394, 43.0486925756754], [-76.1522183221517, 43.04869259930819], [-76.1522183221517, 43.04869259930819], [-76.1521683506691, 43.0486926518254], [-76.15160450849383, 43.04868779712287]]}}, {"type": "Feature", "properties": {"id": 66, "chain_order": 3, "margin_m": 100, "names": ["TOMPKINS STREET", "SOUTH WILBUR AVENUE", "WEST FAYETTE STREET"], "changes": 2, "run_lengths_m": [100.0, 13.044282281379765, 100.0], "min_run_m": 13.044282281379765, "start_m": 938.1644055283159, "end_m": 1151.2086878096957, "length_m": 213.04428228114952, "chord_m": 188.97191907803696, "ratio": 1.1273859276053166, "max_offset_m": 47.75288849342088}, "geometry": {"type": "LineString", "coordinates": [[-76.1812810954957, 43.04817998829065], [-76.1810023102671, 43.04828658598459], [-76.1810023102671, 43.04828658598459], [-76.1803503301019, 43.048535634312195], [-76.1802443495596, 43.04856662414169], [-76.180180277222, 43.0485676449473], [-76.180180277222, 43.0485676449473], [-76.1800492732091, 43.048548644830106], [-76.18002732916341, 43.04853761487299], [-76.18002732916341, 43.04853761487299], [-76.1799583295664, 43.0485186062125], [-76.1792312978541, 43.0481895879206], [-76.1792312978541, 43.0481895879206], [-76.17896438278471, 43.04808965525641]]}}, {"type": "Feature", "properties": {"id": 67, "chain_order": 3, "margin_m": 100, "names": ["TOMPKINS STREET", "SOUTH WILBUR AVENUE", "WEST FAYETTE STREET", "EAST FAYETTE STREET"], "changes": 3, "run_lengths_m": [100.0, 13.044282281379765, 2378.5295272577923, 100.0], "min_run_m": 13.044282281379765, "start_m": 938.1644055283159, "end_m": 3529.738215067488, "length_m": 2591.5738095389756, "chord_m": 2467.867080462406, "ratio": 1.0501269821441883, "max_offset_m": 276.0565944803374}, "geometry": {"type": "LineString", "coordinates": [[-76.1812810954957, 43.04817998829065], [-76.1810023102671, 43.04828658598459], [-76.1810023102671, 43.04828658598459], [-76.1803503301019, 43.048535634312195], [-76.1802443495596, 43.04856662414169], [-76.180180277222, 43.0485676449473], [-76.180180277222, 43.0485676449473], [-76.1800492732091, 43.048548644830106], [-76.18002732916341, 43.04853761487299], [-76.18002732916341, 43.04853761487299], [-76.1799583295664, 43.0485186062125], [-76.1792312978541, 43.0481895879206], [-76.1792312978541, 43.0481895879206], [-76.1779413260893, 43.04770661527579], [-76.1773553442496, 43.0474715853056], [-76.1772873193248, 43.0474456307708], [-76.1772873193248, 43.0474456307708], [-76.1756023107188, 43.046816583129896], [-76.1754323099411, 43.0467676322772], [-76.1754323099411, 43.0467676322772], [-76.1747779645118, 43.0466364327703], [-76.1747779645118, 43.0466364327703], [-76.1746342682023, 43.0466076155962], [-76.1744402716268, 43.04656863466148], [-76.1744402716268, 43.04656863466148], [-76.17162624779532, 43.04602260946059], [-76.1709372911764, 43.04587765872141], [-76.1709372911764, 43.04587765872141], [-76.1708323517815, 43.0458665757644], [-76.1707002742819, 43.04587459091811], [-76.1705163406343, 43.04591258229929], [-76.1701653535814, 43.04600459986119], [-76.1694680201724, 43.04617657218349], [-76.1694680201724, 43.04617657218349], [-76.1673023302444, 43.0467106486168], [-76.1673023302444, 43.0467106486168], [-76.1669172467366, 43.046798592145095], [-76.1656522966457, 43.04711161745879], [-76.1656522966457, 43.04711161745879], [-76.1639903415049, 43.047519617184], [-76.1639903415049, 43.047519617184], [-76.1623462808045, 43.0479076002846], [-76.1623462808045, 43.0479076002846], [-76.1619463454501, 43.0479965780109], [-76.1608412550556, 43.0482665945108], [-76.1608412550556, 43.0482665945108], [-76.1598214040017, 43.048514557122786], [-76.1598214040017, 43.048514557122786], [-76.159643778324, 43.04855835594349], [-76.159643778324, 43.04855835594349], [-76.1590222815896, 43.0487115941291], [-76.1589132593518, 43.048731608434096], [-76.1589132593518, 43.048731608434096], [-76.158846286354, 43.0487416523462], [-76.1581252706593, 43.0487395864514], [-76.1581252706593, 43.0487395864514], [-76.1577152454276, 43.0487366218563], [-76.1577152454276, 43.0487366218563], [-76.1573012065233, 43.04873507391219], [-76.1573012065233, 43.04873507391219], [-76.15699757955052, 43.0487312106164], [-76.15699757955052, 43.0487312106164], [-76.1562512861619, 43.0487155841239], [-76.155527270094, 43.04871065078869], [-76.155527270094, 43.04871065078869], [-76.1535693021008, 43.0486996090444], [-76.1535693021008, 43.0486996090444], [-76.15228327394, 43.0486925756754], [-76.1522183221517, 43.04869259930819], [-76.1522183221517, 43.04869259930819], [-76.1521683506691, 43.0486926518254], [-76.1514692394942, 43.048686632038205], [-76.1514692394942, 43.048686632038205], [-76.15099079721733, 43.04867839016416]]}}, {"type": "Feature", "properties": {"id": 68, "chain_order": 3, "margin_m": 100, "names": ["WEST FAYETTE STREET", "EAST FAYETTE STREET"], "changes": 1, "run_lengths_m": [100.0, 100.0], "min_run_m": 100.0, "start_m": 3329.738215067488, "end_m": 3529.738215067488, "length_m": 200.0000000000138, "chord_m": 199.9957136845533, "ratio": 1.000021432036625, "max_offset_m": 0.4887820245993773}, "geometry": {"type": "LineString", "coordinates": [[-76.15344599482617, 43.048698935295796], [-76.15228327394, 43.0486925756754], [-76.1522183221517, 43.04869259930819], [-76.1522183221517, 43.04869259930819], [-76.1521683506691, 43.0486926518254], [-76.1514692394942, 43.048686632038205], [-76.1514692394942, 43.048686632038205], [-76.15099079721733, 43.04867839016416]]}}, {"type": "Feature", "properties": {"id": 69, "chain_order": 4, "margin_m": 25, "names": ["MCCHESNEY PARK DRIVE", "POND STREET"], "changes": 1, "run_lengths_m": [25.0, 25.0], "min_run_m": 25.0, "start_m": 145.42918385104832, "end_m": 195.42918385104832, "length_m": 49.99999999935676, "chord_m": 49.78585727946368, "ratio": 1.0043012761373382, "max_offset_m": 2.051457508280989}, "geometry": {"type": "LineString", "coordinates": [[-76.14593084152867, 43.0734904185508], [-76.1459732657376, 43.0733775996607], [-76.1460292568309, 43.07327762537881], [-76.1460292568309, 43.07327762537881], [-76.14617412543201, 43.07307915438569]]}}, {"type": "Feature", "properties": {"id": 70, "chain_order": 4, "margin_m": 25, "names": ["MCCHESNEY PARK DRIVE", "POND STREET", "NORTH TOWNSEND STREET"], "changes": 2, "run_lengths_m": [25.0, 1253.9830950265475, 25.0], "min_run_m": 25.0, "start_m": 145.42918385104832, "end_m": 1449.4122788775958, "length_m": 1303.9830950264736, "chord_m": 1303.3397343286933, "ratio": 1.0004936247095326, "max_offset_m": 5.190849935988121}, "geometry": {"type": "LineString", "coordinates": [[-76.14593084152867, 43.0734904185508], [-76.1459732657376, 43.0733775996607], [-76.1460292568309, 43.07327762537881], [-76.1460292568309, 43.07327762537881], [-76.1465883511958, 43.07251165421749], [-76.1465883511958, 43.07251165421749], [-76.1469010475596, 43.07208398667079], [-76.1469010475596, 43.07208398667079], [-76.147097271957, 43.0718156112456], [-76.147097271957, 43.0718156112456], [-76.1475243436195, 43.07122961580469], [-76.1478372789353, 43.0708266614083], [-76.1478372789353, 43.0708266614083], [-76.1483342538999, 43.070189623746906], [-76.1483342538999, 43.070189623746906], [-76.1486773339816, 43.0697506152663], [-76.1489533458443, 43.0693706308454], [-76.1489533458443, 43.0693706308454], [-76.1493972707998, 43.068761586171384], [-76.1493972707998, 43.068761586171384], [-76.1495032773932, 43.0686176144897], [-76.1495032773932, 43.0686176144897], [-76.1498483220905, 43.0681466153509], [-76.1498483220905, 43.0681466153509], [-76.1501063155451, 43.06779562444029], [-76.1501063155451, 43.06779562444029], [-76.1503042880641, 43.06752564995439], [-76.1503042880641, 43.06752564995439], [-76.1506782944461, 43.06701464545599], [-76.1506782944461, 43.06701464545599], [-76.1515182839154, 43.06590760252949], [-76.1515182839154, 43.06590760252949], [-76.1518322738533, 43.06549165938309], [-76.1518803453991, 43.065428105319306], [-76.1518803453991, 43.065428105319306], [-76.1519752533072, 43.06530264821341], [-76.1519752533072, 43.06530264821341], [-76.1521006024253, 43.0651310143492], [-76.1521006024253, 43.0651310143492], [-76.1524112398506, 43.06470564811661], [-76.1524112398506, 43.06470564811661], [-76.1528873541377, 43.06407465437291], [-76.1528873541377, 43.06407465437291], [-76.1534073502281, 43.0633675742749], [-76.1534073502281, 43.0633675742749], [-76.15353532871511, 43.06318465630339], [-76.1535382877656, 43.0631656259301], [-76.15353820627915, 43.063165267398254]]}}, {"type": "Feature", "properties": {"id": 71, "chain_order": 4, "margin_m": 25, "names": ["MCCHESNEY PARK DRIVE", "POND STREET", "NORTH TOWNSEND STREET", "SOUTH TOWNSEND STREET"], "changes": 3, "run_lengths_m": [25.0, 1253.9830950265475, 1572.9447669575006, 25.0], "min_run_m": 25.0, "start_m": 145.42918385104832, "end_m": 3022.3570458350964, "length_m": 2876.927861983881, "chord_m": 2542.7319951529744, "ratio": 1.13143180935622, "max_offset_m": 632.4302918597504}, "geometry": {"type": "LineString", "coordinates": [[-76.14593084152867, 43.0734904185508], [-76.1459732657376, 43.0733775996607], [-76.1460292568309, 43.07327762537881], [-76.1460292568309, 43.07327762537881], [-76.1465883511958, 43.07251165421749], [-76.1465883511958, 43.07251165421749], [-76.1469010475596, 43.07208398667079], [-76.1469010475596, 43.07208398667079], [-76.147097271957, 43.0718156112456], [-76.147097271957, 43.0718156112456], [-76.1475243436195, 43.07122961580469], [-76.1478372789353, 43.0708266614083], [-76.1478372789353, 43.0708266614083], [-76.1483342538999, 43.070189623746906], [-76.1483342538999, 43.070189623746906], [-76.1486773339816, 43.0697506152663], [-76.1489533458443, 43.0693706308454], [-76.1489533458443, 43.0693706308454], [-76.1493972707998, 43.068761586171384], [-76.1493972707998, 43.068761586171384], [-76.1495032773932, 43.0686176144897], [-76.1495032773932, 43.0686176144897], [-76.1498483220905, 43.0681466153509], [-76.1498483220905, 43.0681466153509], [-76.1501063155451, 43.06779562444029], [-76.1501063155451, 43.06779562444029], [-76.1503042880641, 43.06752564995439], [-76.1503042880641, 43.06752564995439], [-76.1506782944461, 43.06701464545599], [-76.1506782944461, 43.06701464545599], [-76.1515182839154, 43.06590760252949], [-76.1515182839154, 43.06590760252949], [-76.1518322738533, 43.06549165938309], [-76.1518803453991, 43.065428105319306], [-76.1518803453991, 43.065428105319306], [-76.1519752533072, 43.06530264821341], [-76.1519752533072, 43.06530264821341], [-76.1521006024253, 43.0651310143492], [-76.1521006024253, 43.0651310143492], [-76.1524112398506, 43.06470564811661], [-76.1524112398506, 43.06470564811661], [-76.1528873541377, 43.06407465437291], [-76.1528873541377, 43.06407465437291], [-76.1534073502281, 43.0633675742749], [-76.1534073502281, 43.0633675742749], [-76.15353532871511, 43.06318465630339], [-76.1535382877656, 43.0631656259301], [-76.1535262404593, 43.0631126189981], [-76.1528563263278, 43.06226165670649], [-76.1528563263278, 43.06226165670649], [-76.1518772722625, 43.0610406411249], [-76.1518772722625, 43.0610406411249], [-76.1509262555157, 43.059832661858195], [-76.1509262555157, 43.059832661858195], [-76.1499573039041, 43.05860261300159], [-76.1499573039041, 43.05860261300159], [-76.1489872473648, 43.057383642663495], [-76.1489872473648, 43.057383642663495], [-76.1480752615187, 43.0562145976839], [-76.1480752615187, 43.0562145976839], [-76.14727429935681, 43.05520264875948], [-76.14727429935681, 43.05520264875948], [-76.1466453573854, 43.054412651175795], [-76.1466453573854, 43.054412651175795], [-76.1459743392243, 43.0535975881431], [-76.1459743392243, 43.0535975881431], [-76.1459042903951, 43.0535285918969], [-76.1458302647241, 43.05346359707438], [-76.1456923014628, 43.053301629926594], [-76.1456923014628, 43.053301629926594], [-76.14556124085611, 43.0531476076305], [-76.1455213260131, 43.053041659764], [-76.1455312721599, 43.052289652625895], [-76.1455312721599, 43.052289652625895], [-76.1455678704229, 43.0517913432217], [-76.1455678704229, 43.0517913432217], [-76.1455876746816, 43.051598638071894], [-76.1455876746816, 43.051598638071894], [-76.1455863011576, 43.05140082392919], [-76.1455863011576, 43.05140082392919], [-76.1455858951191, 43.0513493468273], [-76.1455858951191, 43.0513493468273], [-76.1455643166876, 43.0511755975859], [-76.1455643166876, 43.0511755975859], [-76.1455663369987, 43.0511126332627], [-76.1455663369987, 43.0511126332627], [-76.1455724599157, 43.05103521997041], [-76.1455750713182, 43.0509571665504], [-76.1455750713182, 43.0509571665504], [-76.1455805204987, 43.05088313701971], [-76.1455819757695, 43.05082213187719], [-76.1455819757695, 43.05082213187719], [-76.14557782591693, 43.05059705130156]]}}, {"type": "Feature", "properties": {"id": 72, "chain_order": 4, "margin_m": 25, "names": ["POND STREET", "NORTH TOWNSEND STREET"], "changes": 1, "run_lengths_m": [25.0, 25.0], "min_run_m": 25.0, "start_m": 1399.4122788775958, "end_m": 1449.4122788775958, "length_m": 50.000000000124395, "chord_m": 49.85072874846364, "ratio": 1.0029943644838966, "max_offset_m": 0.7637863817277685}, "geometry": {"type": "LineString", "coordinates": [[-76.1532616429507, 43.06356570591984], [-76.1534073502281, 43.0633675742749], [-76.1534073502281, 43.0633675742749], [-76.15353532871511, 43.06318465630339], [-76.1535382877656, 43.0631656259301], [-76.15353820627915, 43.063165267398254]]}}, {"type": "Feature", "properties": {"id": 73, "chain_order": 4, "margin_m": 25, "names": ["POND STREET", "NORTH TOWNSEND STREET", "SOUTH TOWNSEND STREET"], "changes": 2, "run_lengths_m": [25.0, 1572.9447669575006, 25.0], "min_run_m": 25.0, "start_m": 1399.4122788775958, "end_m": 3022.3570458350964, "length_m": 1622.9447669575313, "chord_m": 1570.387284024089, "ratio": 1.0334678480067443, "max_offset_m": 114.10593387520645}, "geometry": {"type": "LineString", "coordinates": [[-76.1532616429507, 43.06356570591984], [-76.1534073502281, 43.0633675742749], [-76.1534073502281, 43.0633675742749], [-76.15353532871511, 43.06318465630339], [-76.1535382877656, 43.0631656259301], [-76.1535262404593, 43.0631126189981], [-76.1528563263278, 43.06226165670649], [-76.1528563263278, 43.06226165670649], [-76.1518772722625, 43.0610406411249], [-76.1518772722625, 43.0610406411249], [-76.1509262555157, 43.059832661858195], [-76.1509262555157, 43.059832661858195], [-76.1499573039041, 43.05860261300159], [-76.1499573039041, 43.05860261300159], [-76.1489872473648, 43.057383642663495], [-76.1489872473648, 43.057383642663495], [-76.1480752615187, 43.0562145976839], [-76.1480752615187, 43.0562145976839], [-76.14727429935681, 43.05520264875948], [-76.14727429935681, 43.05520264875948], [-76.1466453573854, 43.054412651175795], [-76.1466453573854, 43.054412651175795], [-76.1459743392243, 43.0535975881431], [-76.1459743392243, 43.0535975881431], [-76.1459042903951, 43.0535285918969], [-76.1458302647241, 43.05346359707438], [-76.1456923014628, 43.053301629926594], [-76.1456923014628, 43.053301629926594], [-76.14556124085611, 43.0531476076305], [-76.1455213260131, 43.053041659764], [-76.1455312721599, 43.052289652625895], [-76.1455312721599, 43.052289652625895], [-76.1455678704229, 43.0517913432217], [-76.1455678704229, 43.0517913432217], [-76.1455876746816, 43.051598638071894], [-76.1455876746816, 43.051598638071894], [-76.1455863011576, 43.05140082392919], [-76.1455863011576, 43.05140082392919], [-76.1455858951191, 43.0513493468273], [-76.1455858951191, 43.0513493468273], [-76.1455643166876, 43.0511755975859], [-76.1455643166876, 43.0511755975859], [-76.1455663369987, 43.0511126332627], [-76.1455663369987, 43.0511126332627], [-76.1455724599157, 43.05103521997041], [-76.1455750713182, 43.0509571665504], [-76.1455750713182, 43.0509571665504], [-76.1455805204987, 43.05088313701971], [-76.1455819757695, 43.05082213187719], [-76.1455819757695, 43.05082213187719], [-76.14557782591693, 43.05059705130156]]}}, {"type": "Feature", "properties": {"id": 74, "chain_order": 4, "margin_m": 25, "names": ["NORTH TOWNSEND STREET", "SOUTH TOWNSEND STREET"], "changes": 1, "run_lengths_m": [25.0, 25.0], "min_run_m": 25.0, "start_m": 2972.3570458350964, "end_m": 3022.3570458350964, "length_m": 50.0000000005292, "chord_m": 49.98252248024024, "ratio": 1.0003496726339864, "max_offset_m": 0.5947612154212166}, "geometry": {"type": "LineString", "coordinates": [[-76.1455715224555, 43.0510470724825], [-76.1455724599157, 43.05103521997041], [-76.1455750713182, 43.0509571665504], [-76.1455750713182, 43.0509571665504], [-76.1455805204987, 43.05088313701971], [-76.1455819757695, 43.05082213187719], [-76.1455819757695, 43.05082213187719], [-76.14557782591693, 43.05059705130156]]}}, {"type": "Feature", "properties": {"id": 75, "chain_order": 4, "margin_m": 50, "names": ["MCCHESNEY PARK DRIVE", "POND STREET"], "changes": 1, "run_lengths_m": [50.0, 50.0], "min_run_m": 50.0, "start_m": 120.42918385104832, "end_m": 220.42918385104832, "length_m": 100.00000000010834, "chord_m": 99.4667052327064, "ratio": 1.005361540488893, "max_offset_m": 4.824925462012103}, "geometry": {"type": "LineString", "coordinates": [[-76.1458492388107, 43.07370742384785], [-76.1459732657376, 43.0733775996607], [-76.1460292568309, 43.07327762537881], [-76.1460292568309, 43.07327762537881], [-76.14631899310776, 43.072880683213135]]}}, {"type": "Feature", "properties": {"id": 76, "chain_order": 4, "margin_m": 50, "names": ["MCCHESNEY PARK DRIVE", "POND STREET", "NORTH TOWNSEND STREET"], "changes": 2, "run_lengths_m": [50.0, 1253.9830950265475, 50.0], "min_run_m": 50.0, "start_m": 120.42918385104832, "end_m": 1474.4122788775958, "length_m": 1353.9830950260289, "chord_m": 1342.6277839775694, "ratio": 1.0084575272342564, "max_offset_m": 20.423268493360926}, "geometry": {"type": "LineString", "coordinates": [[-76.1458492388107, 43.07370742384785], [-76.1459732657376, 43.0733775996607], [-76.1460292568309, 43.07327762537881], [-76.1460292568309, 43.07327762537881], [-76.1465883511958, 43.07251165421749], [-76.1465883511958, 43.07251165421749], [-76.1469010475596, 43.07208398667079], [-76.1469010475596, 43.07208398667079], [-76.147097271957, 43.0718156112456], [-76.147097271957, 43.0718156112456], [-76.1475243436195, 43.07122961580469], [-76.1478372789353, 43.0708266614083], [-76.1478372789353, 43.0708266614083], [-76.1483342538999, 43.070189623746906], [-76.1483342538999, 43.070189623746906], [-76.1486773339816, 43.0697506152663], [-76.1489533458443, 43.0693706308454], [-76.1489533458443, 43.0693706308454], [-76.1493972707998, 43.068761586171384], [-76.1493972707998, 43.068761586171384], [-76.1495032773932, 43.0686176144897], [-76.1495032773932, 43.0686176144897], [-76.1498483220905, 43.0681466153509], [-76.1498483220905, 43.0681466153509], [-76.1501063155451, 43.06779562444029], [-76.1501063155451, 43.06779562444029], [-76.1503042880641, 43.06752564995439], [-76.1503042880641, 43.06752564995439], [-76.1506782944461, 43.06701464545599], [-76.1506782944461, 43.06701464545599], [-76.1515182839154, 43.06590760252949], [-76.1515182839154, 43.06590760252949], [-76.1518322738533, 43.06549165938309], [-76.1518803453991, 43.065428105319306], [-76.1518803453991, 43.065428105319306], [-76.1519752533072, 43.06530264821341], [-76.1519752533072, 43.06530264821341], [-76.1521006024253, 43.0651310143492], [-76.1521006024253, 43.0651310143492], [-76.1524112398506, 43.06470564811661], [-76.1524112398506, 43.06470564811661], [-76.1528873541377, 43.06407465437291], [-76.1528873541377, 43.06407465437291], [-76.1534073502281, 43.0633675742749], [-76.1534073502281, 43.0633675742749], [-76.15353532871511, 43.06318465630339], [-76.1535382877656, 43.0631656259301], [-76.1535262404593, 43.0631126189981], [-76.1534091552444, 43.062963892848785]]}}, {"type": "Feature", "properties": {"id": 77, "chain_order": 4, "margin_m": 50, "names": ["MCCHESNEY PARK DRIVE", "POND STREET", "NORTH TOWNSEND STREET", "SOUTH TOWNSEND STREET"], "changes": 3, "run_lengths_m": [50.0, 1253.9830950265475, 1572.9447669575006, 50.0], "min_run_m": 50.0, "start_m": 120.42918385104832, "end_m": 3047.3570458350964, "length_m": 2926.927861984049, "chord_m": 2591.763198567004, "ratio": 1.1293191691287068, "max_offset_m": 636.2013487436434}, "geometry": {"type": "LineString", "coordinates": [[-76.1458492388107, 43.07370742384785], [-76.1459732657376, 43.0733775996607], [-76.1460292568309, 43.07327762537881], [-76.1460292568309, 43.07327762537881], [-76.1465883511958, 43.07251165421749], [-76.1465883511958, 43.07251165421749], [-76.1469010475596, 43.07208398667079], [-76.1469010475596, 43.07208398667079], [-76.147097271957, 43.0718156112456], [-76.147097271957, 43.0718156112456], [-76.1475243436195, 43.07122961580469], [-76.1478372789353, 43.0708266614083], [-76.1478372789353, 43.0708266614083], [-76.1483342538999, 43.070189623746906], [-76.1483342538999, 43.070189623746906], [-76.1486773339816, 43.0697506152663], [-76.1489533458443, 43.0693706308454], [-76.1489533458443, 43.0693706308454], [-76.1493972707998, 43.068761586171384], [-76.1493972707998, 43.068761586171384], [-76.1495032773932, 43.0686176144897], [-76.1495032773932, 43.0686176144897], [-76.1498483220905, 43.0681466153509], [-76.1498483220905, 43.0681466153509], [-76.1501063155451, 43.06779562444029], [-76.1501063155451, 43.06779562444029], [-76.1503042880641, 43.06752564995439], [-76.1503042880641, 43.06752564995439], [-76.1506782944461, 43.06701464545599], [-76.1506782944461, 43.06701464545599], [-76.1515182839154, 43.06590760252949], [-76.1515182839154, 43.06590760252949], [-76.1518322738533, 43.06549165938309], [-76.1518803453991, 43.065428105319306], [-76.1518803453991, 43.065428105319306], [-76.1519752533072, 43.06530264821341], [-76.1519752533072, 43.06530264821341], [-76.1521006024253, 43.0651310143492], [-76.1521006024253, 43.0651310143492], [-76.1524112398506, 43.06470564811661], [-76.1524112398506, 43.06470564811661], [-76.1528873541377, 43.06407465437291], [-76.1528873541377, 43.06407465437291], [-76.1534073502281, 43.0633675742749], [-76.1534073502281, 43.0633675742749], [-76.15353532871511, 43.06318465630339], [-76.1535382877656, 43.0631656259301], [-76.1535262404593, 43.0631126189981], [-76.1528563263278, 43.06226165670649], [-76.1528563263278, 43.06226165670649], [-76.1518772722625, 43.0610406411249], [-76.1518772722625, 43.0610406411249], [-76.1509262555157, 43.059832661858195], [-76.1509262555157, 43.059832661858195], [-76.1499573039041, 43.05860261300159], [-76.1499573039041, 43.05860261300159], [-76.1489872473648, 43.057383642663495], [-76.1489872473648, 43.057383642663495], [-76.1480752615187, 43.0562145976839], [-76.1480752615187, 43.0562145976839], [-76.14727429935681, 43.05520264875948], [-76.14727429935681, 43.05520264875948], [-76.1466453573854, 43.054412651175795], [-76.1466453573854, 43.054412651175795], [-76.1459743392243, 43.0535975881431], [-76.1459743392243, 43.0535975881431], [-76.1459042903951, 43.0535285918969], [-76.1458302647241, 43.05346359707438], [-76.1456923014628, 43.053301629926594], [-76.1456923014628, 43.053301629926594], [-76.14556124085611, 43.0531476076305], [-76.1455213260131, 43.053041659764], [-76.1455312721599, 43.052289652625895], [-76.1455312721599, 43.052289652625895], [-76.1455678704229, 43.0517913432217], [-76.1455678704229, 43.0517913432217], [-76.1455876746816, 43.051598638071894], [-76.1455876746816, 43.051598638071894], [-76.1455863011576, 43.05140082392919], [-76.1455863011576, 43.05140082392919], [-76.1455858951191, 43.0513493468273], [-76.1455858951191, 43.0513493468273], [-76.1455643166876, 43.0511755975859], [-76.1455643166876, 43.0511755975859], [-76.1455663369987, 43.0511126332627], [-76.1455663369987, 43.0511126332627], [-76.1455724599157, 43.05103521997041], [-76.1455750713182, 43.0509571665504], [-76.1455750713182, 43.0509571665504], [-76.1455805204987, 43.05088313701971], [-76.1455819757695, 43.05082213187719], [-76.1455819757695, 43.05082213187719], [-76.1455742592412, 43.0504035991086], [-76.1455742592412, 43.0504035991086], [-76.14557538900173, 43.05037197867895]]}}, {"type": "Feature", "properties": {"id": 78, "chain_order": 4, "margin_m": 50, "names": ["POND STREET", "NORTH TOWNSEND STREET"], "changes": 1, "run_lengths_m": [50.0, 50.0], "min_run_m": 50.0, "start_m": 1374.4122788775958, "end_m": 1474.4122788775958, "length_m": 99.99999999927012, "chord_m": 91.99594341214632, "ratio": 1.087004451394832, "max_offset_m": 16.28643711842661}, "geometry": {"type": "LineString", "coordinates": [[-76.15311593474438, 43.06376383738334], [-76.1534073502281, 43.0633675742749], [-76.1534073502281, 43.0633675742749], [-76.15353532871511, 43.06318465630339], [-76.1535382877656, 43.0631656259301], [-76.1535262404593, 43.0631126189981], [-76.1534091552444, 43.062963892848785]]}}, {"type": "Feature", "properties": {"id": 79, "chain_order": 4, "margin_m": 50, "names": ["POND STREET", "NORTH TOWNSEND STREET", "SOUTH TOWNSEND STREET"], "changes": 2, "run_lengths_m": [50.0, 1572.9447669575006, 50.0], "min_run_m": 50.0, "start_m": 1374.4122788775958, "end_m": 3047.3570458350964, "length_m": 1672.9447669572899, "chord_m": 1609.1154413506792, "ratio": 1.039667337697681, "max_offset_m": 118.7003103829191}, "geometry": {"type": "LineString", "coordinates": [[-76.15311593474438, 43.06376383738334], [-76.1534073502281, 43.0633675742749], [-76.1534073502281, 43.0633675742749], [-76.15353532871511, 43.06318465630339], [-76.1535382877656, 43.0631656259301], [-76.1535262404593, 43.0631126189981], [-76.1528563263278, 43.06226165670649], [-76.1528563263278, 43.06226165670649], [-76.1518772722625, 43.0610406411249], [-76.1518772722625, 43.0610406411249], [-76.1509262555157, 43.059832661858195], [-76.1509262555157, 43.059832661858195], [-76.1499573039041, 43.05860261300159], [-76.1499573039041, 43.05860261300159], [-76.1489872473648, 43.057383642663495], [-76.1489872473648, 43.057383642663495], [-76.1480752615187, 43.0562145976839], [-76.1480752615187, 43.0562145976839], [-76.14727429935681, 43.05520264875948], [-76.14727429935681, 43.05520264875948], [-76.1466453573854, 43.054412651175795], [-76.1466453573854, 43.054412651175795], [-76.1459743392243, 43.0535975881431], [-76.1459743392243, 43.0535975881431], [-76.1459042903951, 43.0535285918969], [-76.1458302647241, 43.05346359707438], [-76.1456923014628, 43.053301629926594], [-76.1456923014628, 43.053301629926594], [-76.14556124085611, 43.0531476076305], [-76.1455213260131, 43.053041659764], [-76.1455312721599, 43.052289652625895], [-76.1455312721599, 43.052289652625895], [-76.1455678704229, 43.0517913432217], [-76.1455678704229, 43.0517913432217], [-76.1455876746816, 43.051598638071894], [-76.1455876746816, 43.051598638071894], [-76.1455863011576, 43.05140082392919], [-76.1455863011576, 43.05140082392919], [-76.1455858951191, 43.0513493468273], [-76.1455858951191, 43.0513493468273], [-76.1455643166876, 43.0511755975859], [-76.1455643166876, 43.0511755975859], [-76.1455663369987, 43.0511126332627], [-76.1455663369987, 43.0511126332627], [-76.1455724599157, 43.05103521997041], [-76.1455750713182, 43.0509571665504], [-76.1455750713182, 43.0509571665504], [-76.1455805204987, 43.05088313701971], [-76.1455819757695, 43.05082213187719], [-76.1455819757695, 43.05082213187719], [-76.1455742592412, 43.0504035991086], [-76.1455742592412, 43.0504035991086], [-76.14557538900173, 43.05037197867895]]}}, {"type": "Feature", "properties": {"id": 80, "chain_order": 4, "margin_m": 50, "names": ["NORTH TOWNSEND STREET", "SOUTH TOWNSEND STREET"], "changes": 1, "run_lengths_m": [50.0, 50.0], "min_run_m": 50.0, "start_m": 2947.3570458350964, "end_m": 3047.3570458350964, "length_m": 99.99999999996433, "chord_m": 99.91841079847839, "ratio": 1.0008165582382058, "max_offset_m": 0.9641457826124215}, "geometry": {"type": "LineString", "coordinates": [[-76.14557624550685, 43.05127164841171], [-76.1455643166876, 43.0511755975859], [-76.1455643166876, 43.0511755975859], [-76.1455663369987, 43.0511126332627], [-76.1455663369987, 43.0511126332627], [-76.1455724599157, 43.05103521997041], [-76.1455750713182, 43.0509571665504], [-76.1455750713182, 43.0509571665504], [-76.1455805204987, 43.05088313701971], [-76.1455819757695, 43.05082213187719], [-76.1455819757695, 43.05082213187719], [-76.1455742592412, 43.0504035991086], [-76.1455742592412, 43.0504035991086], [-76.14557538900173, 43.05037197867895]]}}, {"type": "Feature", "properties": {"id": 81, "chain_order": 4, "margin_m": 100, "names": ["MCCHESNEY PARK DRIVE", "POND STREET"], "changes": 1, "run_lengths_m": [100.0, 100.0], "min_run_m": 100.0, "start_m": 70.42918385104832, "end_m": 270.4291838510483, "length_m": 199.99999999943955, "chord_m": 198.35471217896026, "ratio": 1.0082946747390347, "max_offset_m": 5.938613154607646}, "geometry": {"type": "LineString", "coordinates": [[-76.14554522835253, 43.074090566123964], [-76.145705283017, 43.0739596551123], [-76.1457573421843, 43.07389258802699], [-76.1458322419161, 43.0737526233256], [-76.1459732657376, 43.0733775996607], [-76.1460292568309, 43.07327762537881], [-76.1460292568309, 43.07327762537881], [-76.1465883511958, 43.07251165421749], [-76.1465883511958, 43.07251165421749], [-76.146608753167, 43.07248375112083]]}}, {"type": "Feature", "properties": {"id": 82, "chain_order": 4, "margin_m": 100, "names": ["MCCHESNEY PARK DRIVE", "POND STREET", "NORTH TOWNSEND STREET"], "changes": 2, "run_lengths_m": [100.0, 1253.9830950265475, 100.0], "min_run_m": 100.0, "start_m": 70.42918385104832, "end_m": 1524.4122788775958, "length_m": 1453.9830950260666, "chord_m": 1419.3699248274131, "ratio": 1.0243862925324856, "max_offset_m": 61.18478430992791}, "geometry": {"type": "LineString", "coordinates": [[-76.14554522835253, 43.074090566123964], [-76.145705283017, 43.0739596551123], [-76.1457573421843, 43.07389258802699], [-76.1458322419161, 43.0737526233256], [-76.1459732657376, 43.0733775996607], [-76.1460292568309, 43.07327762537881], [-76.1460292568309, 43.07327762537881], [-76.1465883511958, 43.07251165421749], [-76.1465883511958, 43.07251165421749], [-76.1469010475596, 43.07208398667079], [-76.1469010475596, 43.07208398667079], [-76.147097271957, 43.0718156112456], [-76.147097271957, 43.0718156112456], [-76.1475243436195, 43.07122961580469], [-76.1478372789353, 43.0708266614083], [-76.1478372789353, 43.0708266614083], [-76.1483342538999, 43.070189623746906], [-76.1483342538999, 43.070189623746906], [-76.1486773339816, 43.0697506152663], [-76.1489533458443, 43.0693706308454], [-76.1489533458443, 43.0693706308454], [-76.1493972707998, 43.068761586171384], [-76.1493972707998, 43.068761586171384], [-76.1495032773932, 43.0686176144897], [-76.1495032773932, 43.0686176144897], [-76.1498483220905, 43.0681466153509], [-76.1498483220905, 43.0681466153509], [-76.1501063155451, 43.06779562444029], [-76.1501063155451, 43.06779562444029], [-76.1503042880641, 43.06752564995439], [-76.1503042880641, 43.06752564995439], [-76.1506782944461, 43.06701464545599], [-76.1506782944461, 43.06701464545599], [-76.1515182839154, 43.06590760252949], [-76.1515182839154, 43.06590760252949], [-76.1518322738533, 43.06549165938309], [-76.1518803453991, 43.065428105319306], [-76.1518803453991, 43.065428105319306], [-76.1519752533072, 43.06530264821341], [-76.1519752533072, 43.06530264821341], [-76.1521006024253, 43.0651310143492], [-76.1521006024253, 43.0651310143492], [-76.1524112398506, 43.06470564811661], [-76.1524112398506, 43.06470564811661], [-76.1528873541377, 43.06407465437291], [-76.1528873541377, 43.06407465437291], [-76.1534073502281, 43.0633675742749], [-76.1534073502281, 43.0633675742749], [-76.15353532871511, 43.06318465630339], [-76.1535382877656, 43.0631656259301], [-76.1535262404593, 43.0631126189981], [-76.15310220456983, 43.062573988217146]]}}, {"type": "Feature", "properties": {"id": 83, "chain_order": 4, "margin_m": 100, "names": ["MCCHESNEY PARK DRIVE", "POND STREET", "NORTH TOWNSEND STREET", "SOUTH TOWNSEND STREET"], "changes": 3, "run_lengths_m": [100.0, 1253.9830950265475, 1572.9447669575006, 100.0], "min_run_m": 100.0, "start_m": 70.42918385104832, "end_m": 3097.3570458350964, "length_m": 3026.927861984069, "chord_m": 2684.2149581274953, "ratio": 1.1276771455351884, "max_offset_m": 649.4278189776454}, "geometry": {"type": "LineString", "coordinates": [[-76.14554522835253, 43.074090566123964], [-76.145705283017, 43.0739596551123], [-76.1457573421843, 43.07389258802699], [-76.1458322419161, 43.0737526233256], [-76.1459732657376, 43.0733775996607], [-76.1460292568309, 43.07327762537881], [-76.1460292568309, 43.07327762537881], [-76.1465883511958, 43.07251165421749], [-76.1465883511958, 43.07251165421749], [-76.1469010475596, 43.07208398667079], [-76.1469010475596, 43.07208398667079], [-76.147097271957, 43.0718156112456], [-76.147097271957, 43.0718156112456], [-76.1475243436195, 43.07122961580469], [-76.1478372789353, 43.0708266614083], [-76.1478372789353, 43.0708266614083], [-76.1483342538999, 43.070189623746906], [-76.1483342538999, 43.070189623746906], [-76.1486773339816, 43.0697506152663], [-76.1489533458443, 43.0693706308454], [-76.1489533458443, 43.0693706308454], [-76.1493972707998, 43.068761586171384], [-76.1493972707998, 43.068761586171384], [-76.1495032773932, 43.0686176144897], [-76.1495032773932, 43.0686176144897], [-76.1498483220905, 43.0681466153509], [-76.1498483220905, 43.0681466153509], [-76.1501063155451, 43.06779562444029], [-76.1501063155451, 43.06779562444029], [-76.1503042880641, 43.06752564995439], [-76.1503042880641, 43.06752564995439], [-76.1506782944461, 43.06701464545599], [-76.1506782944461, 43.06701464545599], [-76.1515182839154, 43.06590760252949], [-76.1515182839154, 43.06590760252949], [-76.1518322738533, 43.06549165938309], [-76.1518803453991, 43.065428105319306], [-76.1518803453991, 43.065428105319306], [-76.1519752533072, 43.06530264821341], [-76.1519752533072, 43.06530264821341], [-76.1521006024253, 43.0651310143492], [-76.1521006024253, 43.0651310143492], [-76.1524112398506, 43.06470564811661], [-76.1524112398506, 43.06470564811661], [-76.1528873541377, 43.06407465437291], [-76.1528873541377, 43.06407465437291], [-76.1534073502281, 43.0633675742749], [-76.1534073502281, 43.0633675742749], [-76.15353532871511, 43.06318465630339], [-76.1535382877656, 43.0631656259301], [-76.1535262404593, 43.0631126189981], [-76.1528563263278, 43.06226165670649], [-76.1528563263278, 43.06226165670649], [-76.1518772722625, 43.0610406411249], [-76.1518772722625, 43.0610406411249], [-76.1509262555157, 43.059832661858195], [-76.1509262555157, 43.059832661858195], [-76.1499573039041, 43.05860261300159], [-76.1499573039041, 43.05860261300159], [-76.1489872473648, 43.057383642663495], [-76.1489872473648, 43.057383642663495], [-76.1480752615187, 43.0562145976839], [-76.1480752615187, 43.0562145976839], [-76.14727429935681, 43.05520264875948], [-76.14727429935681, 43.05520264875948], [-76.1466453573854, 43.054412651175795], [-76.1466453573854, 43.054412651175795], [-76.1459743392243, 43.0535975881431], [-76.1459743392243, 43.0535975881431], [-76.1459042903951, 43.0535285918969], [-76.1458302647241, 43.05346359707438], [-76.1456923014628, 43.053301629926594], [-76.1456923014628, 43.053301629926594], [-76.14556124085611, 43.0531476076305], [-76.1455213260131, 43.053041659764], [-76.1455312721599, 43.052289652625895], [-76.1455312721599, 43.052289652625895], [-76.1455678704229, 43.0517913432217], [-76.1455678704229, 43.0517913432217], [-76.1455876746816, 43.051598638071894], [-76.1455876746816, 43.051598638071894], [-76.1455863011576, 43.05140082392919], [-76.1455863011576, 43.05140082392919], [-76.1455858951191, 43.0513493468273], [-76.1455858951191, 43.0513493468273], [-76.1455643166876, 43.0511755975859], [-76.1455643166876, 43.0511755975859], [-76.1455663369987, 43.0511126332627], [-76.1455663369987, 43.0511126332627], [-76.1455724599157, 43.05103521997041], [-76.1455750713182, 43.0509571665504], [-76.1455750713182, 43.0509571665504], [-76.1455805204987, 43.05088313701971], [-76.1455819757695, 43.05082213187719], [-76.1455819757695, 43.05082213187719], [-76.1455742592412, 43.0504035991086], [-76.1455742592412, 43.0504035991086], [-76.1455755752731, 43.05036676519989], [-76.1455755752731, 43.05036676519989], [-76.14558535217701, 43.04992183589635]]}}, {"type": "Feature", "properties": {"id": 84, "chain_order": 4, "margin_m": 100, "names": ["POND STREET", "NORTH TOWNSEND STREET"], "changes": 1, "run_lengths_m": [100.0, 100.0], "min_run_m": 100.0, "start_m": 1324.4122788775958, "end_m": 1524.4122788775958, "length_m": 199.99999999974023, "chord_m": 177.55924916103532, "ratio": 1.126384578357574, "max_offset_m": 43.65745582176774}, "geometry": {"type": "LineString", "coordinates": [[-76.15282326127166, 43.064159597437516], [-76.1528873541377, 43.06407465437291], [-76.1528873541377, 43.06407465437291], [-76.1534073502281, 43.0633675742749], [-76.1534073502281, 43.0633675742749], [-76.15353532871511, 43.06318465630339], [-76.1535382877656, 43.0631656259301], [-76.1535262404593, 43.0631126189981], [-76.15310220456983, 43.062573988217146]]}}, {"type": "Feature", "properties": {"id": 85, "chain_order": 4, "margin_m": 100, "names": ["POND STREET", "NORTH TOWNSEND STREET", "SOUTH TOWNSEND STREET"], "changes": 2, "run_lengths_m": [100.0, 1572.9447669575006, 100.0], "min_run_m": 100.0, "start_m": 1324.4122788775958, "end_m": 3097.3570458350964, "length_m": 1772.9447669577423, "chord_m": 1687.5640275407716, "ratio": 1.0505940740757511, "max_offset_m": 126.9650207127896}, "geometry": {"type": "LineString", "coordinates": [[-76.15282326127166, 43.064159597437516], [-76.1528873541377, 43.06407465437291], [-76.1528873541377, 43.06407465437291], [-76.1534073502281, 43.0633675742749], [-76.1534073502281, 43.0633675742749], [-76.15353532871511, 43.06318465630339], [-76.1535382877656, 43.0631656259301], [-76.1535262404593, 43.0631126189981], [-76.1528563263278, 43.06226165670649], [-76.1528563263278, 43.06226165670649], [-76.1518772722625, 43.0610406411249], [-76.1518772722625, 43.0610406411249], [-76.1509262555157, 43.059832661858195], [-76.1509262555157, 43.059832661858195], [-76.1499573039041, 43.05860261300159], [-76.1499573039041, 43.05860261300159], [-76.1489872473648, 43.057383642663495], [-76.1489872473648, 43.057383642663495], [-76.1480752615187, 43.0562145976839], [-76.1480752615187, 43.0562145976839], [-76.14727429935681, 43.05520264875948], [-76.14727429935681, 43.05520264875948], [-76.1466453573854, 43.054412651175795], [-76.1466453573854, 43.054412651175795], [-76.1459743392243, 43.0535975881431], [-76.1459743392243, 43.0535975881431], [-76.1459042903951, 43.0535285918969], [-76.1458302647241, 43.05346359707438], [-76.1456923014628, 43.053301629926594], [-76.1456923014628, 43.053301629926594], [-76.14556124085611, 43.0531476076305], [-76.1455213260131, 43.053041659764], [-76.1455312721599, 43.052289652625895], [-76.1455312721599, 43.052289652625895], [-76.1455678704229, 43.0517913432217], [-76.1455678704229, 43.0517913432217], [-76.1455876746816, 43.051598638071894], [-76.1455876746816, 43.051598638071894], [-76.1455863011576, 43.05140082392919], [-76.1455863011576, 43.05140082392919], [-76.1455858951191, 43.0513493468273], [-76.1455858951191, 43.0513493468273], [-76.1455643166876, 43.0511755975859], [-76.1455643166876, 43.0511755975859], [-76.1455663369987, 43.0511126332627], [-76.1455663369987, 43.0511126332627], [-76.1455724599157, 43.05103521997041], [-76.1455750713182, 43.0509571665504], [-76.1455750713182, 43.0509571665504], [-76.1455805204987, 43.05088313701971], [-76.1455819757695, 43.05082213187719], [-76.1455819757695, 43.05082213187719], [-76.1455742592412, 43.0504035991086], [-76.1455742592412, 43.0504035991086], [-76.1455755752731, 43.05036676519989], [-76.1455755752731, 43.05036676519989], [-76.14558535217701, 43.04992183589635]]}}, {"type": "Feature", "properties": {"id": 86, "chain_order": 4, "margin_m": 100, "names": ["NORTH TOWNSEND STREET", "SOUTH TOWNSEND STREET"], "changes": 1, "run_lengths_m": [100.0, 100.0], "min_run_m": 100.0, "start_m": 2897.3570458350964, "end_m": 3097.3570458350964, "length_m": 200.00000000056835, "chord_m": 199.83882534045517, "ratio": 1.000806523256122, "max_offset_m": 1.1304095079023635}, "geometry": {"type": "LineString", "coordinates": [[-76.14557508128998, 43.051721178074665], [-76.1455876746816, 43.051598638071894], [-76.1455876746816, 43.051598638071894], [-76.1455863011576, 43.05140082392919], [-76.1455863011576, 43.05140082392919], [-76.1455858951191, 43.0513493468273], [-76.1455858951191, 43.0513493468273], [-76.1455643166876, 43.0511755975859], [-76.1455643166876, 43.0511755975859], [-76.1455663369987, 43.0511126332627], [-76.1455663369987, 43.0511126332627], [-76.1455724599157, 43.05103521997041], [-76.1455750713182, 43.0509571665504], [-76.1455750713182, 43.0509571665504], [-76.1455805204987, 43.05088313701971], [-76.1455819757695, 43.05082213187719], [-76.1455819757695, 43.05082213187719], [-76.1455742592412, 43.0504035991086], [-76.1455742592412, 43.0504035991086], [-76.1455755752731, 43.05036676519989], [-76.1455755752731, 43.05036676519989], [-76.14558535217701, 43.04992183589635]]}}, {"type": "Feature", "properties": {"id": 87, "chain_order": 5, "margin_m": 25, "names": ["SOUTH WILBUR AVENUE", "DELAWARE STREET"], "changes": 1, "run_lengths_m": [25.0, 25.0], "min_run_m": 25.0, "start_m": 1051.9861415952555, "end_m": 1101.9861415952555, "length_m": 49.9999999998486, "chord_m": 47.83661686454056, "ratio": 1.045224417550976, "max_offset_m": 6.712252222471701}, "geometry": {"type": "LineString", "coordinates": [[-76.17462065187505, 43.04060915850407], [-76.1746342637107, 43.04056560400559], [-76.1746393535651, 43.04042057274741], [-76.1746323026885, 43.040385616497986], [-76.1746323026885, 43.040385616497986], [-76.1746283222535, 43.04036359500919], [-76.1745592696559, 43.0402575961718], [-76.17448924282479, 43.04018936074091]]}}, {"type": "Feature", "properties": {"id": 88, "chain_order": 5, "margin_m": 25, "names": ["SOUTH WILBUR AVENUE", "DELAWARE STREET", "WEST ONONDAGA STREET"], "changes": 2, "run_lengths_m": [25.0, 986.0869479115308, 25.0], "min_run_m": 25.0, "start_m": 1051.9861415952555, "end_m": 2088.0730895067863, "length_m": 1036.086947911385, "chord_m": 1014.3945300163491, "ratio": 1.0213845966762916, "max_offset_m": 53.815587197389}, "geometry": {"type": "LineString", "coordinates": [[-76.17462065187505, 43.04060915850407], [-76.1746342637107, 43.04056560400559], [-76.1746393535651, 43.04042057274741], [-76.1746323026885, 43.040385616497986], [-76.1746323026885, 43.040385616497986], [-76.1746283222535, 43.04036359500919], [-76.1745592696559, 43.0402575961718], [-76.1743273533956, 43.040031611950695], [-76.1739392542434, 43.0397076358331], [-76.1738623593534, 43.03966664209109], [-76.1738623593534, 43.03966664209109], [-76.1736173214017, 43.03955065112899], [-76.1731473030822, 43.03931458930469], [-76.1731473030822, 43.03931458930469], [-76.1727503204902, 43.0391165884754], [-76.1727503204902, 43.0391165884754], [-76.1725243627552, 43.039009584902885], [-76.1725243627552, 43.039009584902885], [-76.1719592811189, 43.0387126285595], [-76.1693793420808, 43.0373955806641], [-76.1693793420808, 43.0373955806641], [-76.168815253083, 43.0371105756275], [-76.168655291877, 43.0370455732567], [-76.168655291877, 43.0370455732567], [-76.168300261507, 43.0369025986583], [-76.168300261507, 43.0369025986583], [-76.1671403253712, 43.03646265912099], [-76.1671403253712, 43.03646265912099], [-76.1660272579369, 43.0360335759509], [-76.1660272579369, 43.0360335759509], [-76.1651452488718, 43.035689658004095], [-76.1646383556081, 43.035512649005184], [-76.1646383556081, 43.035512649005184], [-76.16434216624288, 43.03545380489914]]}}, {"type": "Feature", "properties": {"id": 89, "chain_order": 5, "margin_m": 25, "names": ["SOUTH WILBUR AVENUE", "DELAWARE STREET", "WEST ONONDAGA STREET", "TALLMAN STREET"], "changes": 3, "run_lengths_m": [25.0, 986.0869479115308, 25.075178812575814, 25.0], "min_run_m": 25.0, "start_m": 1051.9861415952555, "end_m": 2113.148268319362, "length_m": 1061.162126724041, "chord_m": 1036.2137412306522, "ratio": 1.0240764858645466, "max_offset_m": 60.848340329733254}, "geometry": {"type": "LineString", "coordinates": [[-76.17462065187505, 43.04060915850407], [-76.1746342637107, 43.04056560400559], [-76.1746393535651, 43.04042057274741], [-76.1746323026885, 43.040385616497986], [-76.1746323026885, 43.040385616497986], [-76.1746283222535, 43.04036359500919], [-76.1745592696559, 43.0402575961718], [-76.1743273533956, 43.040031611950695], [-76.1739392542434, 43.0397076358331], [-76.1738623593534, 43.03966664209109], [-76.1738623593534, 43.03966664209109], [-76.1736173214017, 43.03955065112899], [-76.1731473030822, 43.03931458930469], [-76.1731473030822, 43.03931458930469], [-76.1727503204902, 43.0391165884754], [-76.1727503204902, 43.0391165884754], [-76.1725243627552, 43.039009584902885], [-76.1725243627552, 43.039009584902885], [-76.1719592811189, 43.0387126285595], [-76.1693793420808, 43.0373955806641], [-76.1693793420808, 43.0373955806641], [-76.168815253083, 43.0371105756275], [-76.168655291877, 43.0370455732567], [-76.168655291877, 43.0370455732567], [-76.168300261507, 43.0369025986583], [-76.168300261507, 43.0369025986583], [-76.1671403253712, 43.03646265912099], [-76.1671403253712, 43.03646265912099], [-76.1660272579369, 43.0360335759509], [-76.1660272579369, 43.0360335759509], [-76.1651452488718, 43.035689658004095], [-76.1646383556081, 43.035512649005184], [-76.1646383556081, 43.035512649005184], [-76.1643412755571, 43.03545362794478], [-76.1643412755571, 43.03545362794478], [-76.1642962618766, 43.035442649475094], [-76.1641393037385, 43.0354256065787], [-76.16403894248415, 43.035432132699825]]}}, {"type": "Feature", "properties": {"id": 90, "chain_order": 5, "margin_m": 25, "names": ["DELAWARE STREET", "WEST ONONDAGA STREET"], "changes": 1, "run_lengths_m": [25.0, 25.0], "min_run_m": 25.0, "start_m": 2038.0730895067863, "end_m": 2088.0730895067863, "length_m": 50.00000000009189, "chord_m": 49.798051232407516, "ratio": 1.0040553548318965, "max_offset_m": 2.2446655354252956}, "geometry": {"type": "LineString", "coordinates": [[-76.16491542360183, 43.03560940257904], [-76.1646383556081, 43.035512649005184], [-76.1646383556081, 43.035512649005184], [-76.16434216624288, 43.03545380489914]]}}, {"type": "Feature", "properties": {"id": 91, "chain_order": 5, "margin_m": 25, "names": ["DELAWARE STREET", "WEST ONONDAGA STREET", "TALLMAN STREET"], "changes": 2, "run_lengths_m": [25.0, 25.075178812575814, 25.0], "min_run_m": 25.0, "start_m": 2038.0730895067863, "end_m": 2113.148268319362, "length_m": 75.07517881274788, "chord_m": 74.07164579393937, "ratio": 1.0135481398860806, "max_offset_m": 4.446179403931277}, "geometry": {"type": "LineString", "coordinates": [[-76.16491542360183, 43.03560940257904], [-76.1646383556081, 43.035512649005184], [-76.1646383556081, 43.035512649005184], [-76.1643412755571, 43.03545362794478], [-76.1643412755571, 43.03545362794478], [-76.1642962618766, 43.035442649475094], [-76.1641393037385, 43.0354256065787], [-76.16403894248415, 43.035432132699825]]}}, {"type": "Feature", "properties": {"id": 92, "chain_order": 5, "margin_m": 25, "names": ["WEST ONONDAGA STREET", "TALLMAN STREET"], "changes": 1, "run_lengths_m": [25.0, 25.0], "min_run_m": 25.0, "start_m": 2063.148268319362, "end_m": 2113.148268319362, "length_m": 49.99999999995808, "chord_m": 49.57152159431302, "ratio": 1.00864364037787, "max_offset_m": 2.62450259041451}, "geometry": {"type": "LineString", "coordinates": [[-76.16463746492069, 43.03551247205315], [-76.1643412755571, 43.03545362794478], [-76.1643412755571, 43.03545362794478], [-76.1642962618766, 43.035442649475094], [-76.1641393037385, 43.0354256065787], [-76.16403894248415, 43.035432132699825]]}}, {"type": "Feature", "properties": {"id": 93, "chain_order": 5, "margin_m": 50, "names": ["SOUTH WILBUR AVENUE", "DELAWARE STREET"], "changes": 1, "run_lengths_m": [50.0, 50.0], "min_run_m": 50.0, "start_m": 1026.9861415952555, "end_m": 1126.9861415952555, "length_m": 100.00000000028982, "chord_m": 90.04793538474458, "ratio": 1.110519631272204, "max_offset_m": 19.60235769134882}, "geometry": {"type": "LineString", "coordinates": [[-76.1744877641317, 43.04081015899976], [-76.1745343234404, 43.04076464735639], [-76.1746142465513, 43.040629653930395], [-76.1746342637107, 43.04056560400559], [-76.1746393535651, 43.04042057274741], [-76.1746323026885, 43.040385616497986], [-76.1746323026885, 43.040385616497986], [-76.1746283222535, 43.04036359500919], [-76.1745592696559, 43.0402575961718], [-76.1743273533956, 43.040031611950695], [-76.17430246904016, 43.04001083921536]]}}, {"type": "Feature", "properties": {"id": 94, "chain_order": 5, "margin_m": 50, "names": ["SOUTH WILBUR AVENUE", "DELAWARE STREET", "WEST ONONDAGA STREET", "TALLMAN STREET"], "changes": 3, "run_lengths_m": [50.0, 986.0869479115308, 25.075178812575814, 50.0], "min_run_m": 25.075178812575814, "start_m": 1026.9861415952555, "end_m": 2138.148268319362, "length_m": 1111.1621267243065, "chord_m": 1057.6302595561885, "ratio": 1.0506149163986491, "max_offset_m": 81.18371646369087}, "geometry": {"type": "LineString", "coordinates": [[-76.1744877641317, 43.04081015899976], [-76.1745343234404, 43.04076464735639], [-76.1746142465513, 43.040629653930395], [-76.1746342637107, 43.04056560400559], [-76.1746393535651, 43.04042057274741], [-76.1746323026885, 43.040385616497986], [-76.1746323026885, 43.040385616497986], [-76.1746283222535, 43.04036359500919], [-76.1745592696559, 43.0402575961718], [-76.1743273533956, 43.040031611950695], [-76.1739392542434, 43.0397076358331], [-76.1738623593534, 43.03966664209109], [-76.1738623593534, 43.03966664209109], [-76.1736173214017, 43.03955065112899], [-76.1731473030822, 43.03931458930469], [-76.1731473030822, 43.03931458930469], [-76.1727503204902, 43.0391165884754], [-76.1727503204902, 43.0391165884754], [-76.1725243627552, 43.039009584902885], [-76.1725243627552, 43.039009584902885], [-76.1719592811189, 43.0387126285595], [-76.1693793420808, 43.0373955806641], [-76.1693793420808, 43.0373955806641], [-76.168815253083, 43.0371105756275], [-76.168655291877, 43.0370455732567], [-76.168655291877, 43.0370455732567], [-76.168300261507, 43.0369025986583], [-76.168300261507, 43.0369025986583], [-76.1671403253712, 43.03646265912099], [-76.1671403253712, 43.03646265912099], [-76.1660272579369, 43.0360335759509], [-76.1660272579369, 43.0360335759509], [-76.1651452488718, 43.035689658004095], [-76.1646383556081, 43.035512649005184], [-76.1646383556081, 43.035512649005184], [-76.1643412755571, 43.03545362794478], [-76.1643412755571, 43.03545362794478], [-76.1642962618766, 43.035442649475094], [-76.1641393037385, 43.0354256065787], [-76.163924254246, 43.0354395903424], [-76.16373749335966, 43.03547137618659]]}}, {"type": "Feature", "properties": {"id": 95, "chain_order": 5, "margin_m": 50, "names": ["DELAWARE STREET", "WEST ONONDAGA STREET", "TALLMAN STREET"], "changes": 2, "run_lengths_m": [50.0, 25.075178812575814, 50.0], "min_run_m": 25.075178812575814, "start_m": 2013.0730895067863, "end_m": 2138.148268319362, "length_m": 125.07517881282716, "chord_m": 121.3266373596418, "ratio": 1.030896277476757, "max_offset_m": 12.961984557982811}, "geometry": {"type": "LineString", "coordinates": [[-76.16519145054637, 43.03570767348794], [-76.1651452488718, 43.035689658004095], [-76.1646383556081, 43.035512649005184], [-76.1646383556081, 43.035512649005184], [-76.1643412755571, 43.03545362794478], [-76.1643412755571, 43.03545362794478], [-76.1642962618766, 43.035442649475094], [-76.1641393037385, 43.0354256065787], [-76.163924254246, 43.0354395903424], [-76.16373749335966, 43.03547137618659]]}}, {"type": "Feature", "properties": {"id": 96, "chain_order": 5, "margin_m": 100, "names": ["SOUTH WILBUR AVENUE", "DELAWARE STREET"], "changes": 1, "run_lengths_m": [100.0, 100.0], "min_run_m": 100.0, "start_m": 976.9861415952555, "end_m": 1176.9861415952555, "length_m": 199.99999999962023, "chord_m": 169.18303700810046, "ratio": 1.182151612457721, "max_offset_m": 49.821585384044596}, "geometry": {"type": "LineString", "coordinates": [[-76.17416218514254, 43.041190234043604], [-76.1742023357558, 43.041123657779494], [-76.174356316877, 43.04093864800161], [-76.1745343234404, 43.04076464735639], [-76.1746142465513, 43.040629653930395], [-76.1746342637107, 43.04056560400559], [-76.1746393535651, 43.04042057274741], [-76.1746323026885, 43.040385616497986], [-76.1746323026885, 43.040385616497986], [-76.1746283222535, 43.04036359500919], [-76.1745592696559, 43.0402575961718], [-76.1743273533956, 43.040031611950695], [-76.1739392542434, 43.0397076358331], [-76.17388789004724, 43.03968025287321]]}}, {"type": "Feature", "properties": {"id": 97, "chain_order": 5, "margin_m": 100, "names": ["SOUTH WILBUR AVENUE", "DELAWARE STREET", "WEST ONONDAGA STREET", "TALLMAN STREET"], "changes": 3, "run_lengths_m": [100.0, 986.0869479115308, 25.075178812575814, 100.0], "min_run_m": 25.075178812575814, "start_m": 976.9861415952555, "end_m": 2188.148268319362, "length_m": 1211.162126723858, "chord_m": 1094.203203196578, "ratio": 1.1068895824702387, "max_offset_m": 124.96050084733521}, "geometry": {"type": "LineString", "coordinates": [[-76.17416218514254, 43.041190234043604], [-76.1742023357558, 43.041123657779494], [-76.174356316877, 43.04093864800161], [-76.1745343234404, 43.04076464735639], [-76.1746142465513, 43.040629653930395], [-76.1746342637107, 43.04056560400559], [-76.1746393535651, 43.04042057274741], [-76.1746323026885, 43.040385616497986], [-76.1746323026885, 43.040385616497986], [-76.1746283222535, 43.04036359500919], [-76.1745592696559, 43.0402575961718], [-76.1743273533956, 43.040031611950695], [-76.1739392542434, 43.0397076358331], [-76.1738623593534, 43.03966664209109], [-76.1738623593534, 43.03966664209109], [-76.1736173214017, 43.03955065112899], [-76.1731473030822, 43.03931458930469], [-76.1731473030822, 43.03931458930469], [-76.1727503204902, 43.0391165884754], [-76.1727503204902, 43.0391165884754], [-76.1725243627552, 43.039009584902885], [-76.1725243627552, 43.039009584902885], [-76.1719592811189, 43.0387126285595], [-76.1693793420808, 43.0373955806641], [-76.1693793420808, 43.0373955806641], [-76.168815253083, 43.0371105756275], [-76.168655291877, 43.0370455732567], [-76.168655291877, 43.0370455732567], [-76.168300261507, 43.0369025986583], [-76.168300261507, 43.0369025986583], [-76.1671403253712, 43.03646265912099], [-76.1671403253712, 43.03646265912099], [-76.1660272579369, 43.0360335759509], [-76.1660272579369, 43.0360335759509], [-76.1651452488718, 43.035689658004095], [-76.1646383556081, 43.035512649005184], [-76.1646383556081, 43.035512649005184], [-76.1643412755571, 43.03545362794478], [-76.1643412755571, 43.03545362794478], [-76.1642962618766, 43.035442649475094], [-76.1641393037385, 43.0354256065787], [-76.163924254246, 43.0354395903424], [-76.1637363060274, 43.035471578264], [-76.1637363060274, 43.035471578264], [-76.1631367724641, 43.03556354313647]]}}, {"type": "Feature", "properties": {"id": 98, "chain_order": 5, "margin_m": 100, "names": ["DELAWARE STREET", "WEST ONONDAGA STREET", "TALLMAN STREET"], "changes": 2, "run_lengths_m": [100.0, 25.075178812575814, 100.0], "min_run_m": 25.075178812575814, "start_m": 1963.0730895067863, "end_m": 2188.148268319362, "length_m": 225.07517881241952, "chord_m": 215.19676553376107, "ratio": 1.0459040973694778, "max_offset_m": 30.52798786787076}, "geometry": {"type": "LineString", "coordinates": [[-76.16573337000956, 43.035918982706114], [-76.1651452488718, 43.035689658004095], [-76.1646383556081, 43.035512649005184], [-76.1646383556081, 43.035512649005184], [-76.1643412755571, 43.03545362794478], [-76.1643412755571, 43.03545362794478], [-76.1642962618766, 43.035442649475094], [-76.1641393037385, 43.0354256065787], [-76.163924254246, 43.0354395903424], [-76.1637363060274, 43.035471578264], [-76.1637363060274, 43.035471578264], [-76.1631367724641, 43.03556354313647]]}}, {"type": "Feature", "properties": {"id": 99, "chain_order": 6, "margin_m": 25, "names": ["RENWICK AVENUE", "MARTIN LUTHER KING EAST"], "changes": 1, "run_lengths_m": [25.0, 25.0], "min_run_m": 25.0, "start_m": 347.73283873699296, "end_m": 397.73283873699296, "length_m": 49.99999999988586, "chord_m": 49.99984901139444, "ratio": 1.0000030197789473, "max_offset_m": 0.019420290478204805}, "geometry": {"type": "LineString", "coordinates": [[-76.14255882642503, 43.03458925494723], [-76.1428492494712, 43.034516578274605], [-76.1428492494712, 43.034516578274605], [-76.1428962870561, 43.0345045818806], [-76.1430172577855, 43.0344746480111], [-76.1430172577855, 43.0344746480111], [-76.1431396323094, 43.03444382014916]]}}, {"type": "Feature", "properties": {"id": 100, "chain_order": 6, "margin_m": 25, "names": ["RENWICK AVENUE", "MARTIN LUTHER KING EAST", "MARTIN LUTHER KING WEST"], "changes": 2, "run_lengths_m": [25.0, 514.7902647554808, 25.0], "min_run_m": 25.0, "start_m": 347.73283873699296, "end_m": 912.5231034924739, "length_m": 564.7902647553799, "chord_m": 564.7727031883048, "ratio": 1.000031094928944, "max_offset_m": 1.3488681062466568}, "geometry": {"type": "LineString", "coordinates": [[-76.14255882642503, 43.03458925494723], [-76.1428492494712, 43.034516578274605], [-76.1428492494712, 43.034516578274605], [-76.1428962870561, 43.0345045818806], [-76.1430172577855, 43.0344746480111], [-76.1430172577855, 43.0344746480111], [-76.1434263245148, 43.0343715977237], [-76.1434263245148, 43.0343715977237], [-76.1439323059885, 43.03424560431131], [-76.1439323059885, 43.03424560431131], [-76.1440133016877, 43.03422462398831], [-76.1452422446071, 43.0339176007773], [-76.1452422446071, 43.0339176007773], [-76.1469713344424, 43.033495602556194], [-76.1469713344424, 43.033495602556194], [-76.1477395691818, 43.0333107464115], [-76.1477395691818, 43.0333107464115], [-76.1488433453411, 43.033050621263186], [-76.1488433453411, 43.033050621263186], [-76.14913242586711, 43.03297513486319]]}}, {"type": "Feature", "properties": {"id": 101, "chain_order": 6, "margin_m": 25, "names": ["RENWICK AVENUE", "MARTIN LUTHER KING EAST", "MARTIN LUTHER KING WEST", "HUDSON STREET"], "changes": 3, "run_lengths_m": [25.0, 514.7902647554808, 947.5306237775405, 25.0], "min_run_m": 25.0, "start_m": 347.73283873699296, "end_m": 1860.0537272700144, "length_m": 1512.3208885329834, "chord_m": 1490.081729584631, "ratio": 1.0149247913767467, "max_offset_m": 45.243090339847654}, "geometry": {"type": "LineString", "coordinates": [[-76.14255882642503, 43.03458925494723], [-76.1428492494712, 43.034516578274605], [-76.1428492494712, 43.034516578274605], [-76.1428962870561, 43.0345045818806], [-76.1430172577855, 43.0344746480111], [-76.1430172577855, 43.0344746480111], [-76.1434263245148, 43.0343715977237], [-76.1434263245148, 43.0343715977237], [-76.1439323059885, 43.03424560431131], [-76.1439323059885, 43.03424560431131], [-76.1440133016877, 43.03422462398831], [-76.1452422446071, 43.0339176007773], [-76.1452422446071, 43.0339176007773], [-76.1469713344424, 43.033495602556194], [-76.1469713344424, 43.033495602556194], [-76.1477395691818, 43.0333107464115], [-76.1477395691818, 43.0333107464115], [-76.1488433453411, 43.033050621263186], [-76.1488433453411, 43.033050621263186], [-76.1506623538414, 43.032575615928494], [-76.1506623538414, 43.032575615928494], [-76.1530773379388, 43.03198561879488], [-76.1530773379388, 43.03198561879488], [-76.1536913310456, 43.0318416553188], [-76.1539912830105, 43.03176064817689], [-76.1539912830105, 43.03176064817689], [-76.1544962790324, 43.0316236328223], [-76.156399315046, 43.0311176119049], [-76.156399315046, 43.0311176119049], [-76.1570072867455, 43.03096765835618], [-76.1574752470247, 43.03083964858709], [-76.1574752470247, 43.03083964858709], [-76.1577022674667, 43.03077764968959], [-76.158620251364, 43.0304756090455], [-76.158620251364, 43.0304756090455], [-76.1590962874976, 43.0303336435325], [-76.1594123678152, 43.03019530509899], [-76.1595648739026, 43.03011942433069], [-76.1596242965604, 43.0300673587288], [-76.1596562604148, 43.030014599644204], [-76.1596562604148, 43.030014599644204], [-76.159672413022, 43.0299839629227], [-76.1596859263788, 43.02992521300159], [-76.159677137262, 43.0298724071716], [-76.15964148442906, 43.02979736045732]]}}, {"type": "Feature", "properties": {"id": 102, "chain_order": 6, "margin_m": 25, "names": ["MARTIN LUTHER KING EAST", "MARTIN LUTHER KING WEST"], "changes": 1, "run_lengths_m": [25.0, 25.0], "min_run_m": 25.0, "start_m": 862.5231034924739, "end_m": 912.5231034924739, "length_m": 49.99999999984874, "chord_m": 49.993946396053616, "ratio": 1.0001210867361254, "max_offset_m": 0.38901276758974407}, "geometry": {"type": "LineString", "coordinates": [[-76.1485512021706, 43.0331194714186], [-76.1488433453411, 43.033050621263186], [-76.1488433453411, 43.033050621263186], [-76.14913242586711, 43.03297513486319]]}}, {"type": "Feature", "properties": {"id": 103, "chain_order": 6, "margin_m": 25, "names": ["MARTIN LUTHER KING EAST", "MARTIN LUTHER KING WEST", "HUDSON STREET"], "changes": 2, "run_lengths_m": [25.0, 947.5306237775405, 25.0], "min_run_m": 25.0, "start_m": 862.5231034924739, "end_m": 1860.0537272700144, "length_m": 997.5306237774522, "chord_m": 976.012195541917, "ratio": 1.0220472944229835, "max_offset_m": 41.054297043757465}, "geometry": {"type": "LineString", "coordinates": [[-76.1485512021706, 43.0331194714186], [-76.1488433453411, 43.033050621263186], [-76.1488433453411, 43.033050621263186], [-76.1506623538414, 43.032575615928494], [-76.1506623538414, 43.032575615928494], [-76.1530773379388, 43.03198561879488], [-76.1530773379388, 43.03198561879488], [-76.1536913310456, 43.0318416553188], [-76.1539912830105, 43.03176064817689], [-76.1539912830105, 43.03176064817689], [-76.1544962790324, 43.0316236328223], [-76.156399315046, 43.0311176119049], [-76.156399315046, 43.0311176119049], [-76.1570072867455, 43.03096765835618], [-76.1574752470247, 43.03083964858709], [-76.1574752470247, 43.03083964858709], [-76.1577022674667, 43.03077764968959], [-76.158620251364, 43.0304756090455], [-76.158620251364, 43.0304756090455], [-76.1590962874976, 43.0303336435325], [-76.1594123678152, 43.03019530509899], [-76.1595648739026, 43.03011942433069], [-76.1596242965604, 43.0300673587288], [-76.1596562604148, 43.030014599644204], [-76.1596562604148, 43.030014599644204], [-76.159672413022, 43.0299839629227], [-76.1596859263788, 43.02992521300159], [-76.159677137262, 43.0298724071716], [-76.15964148442906, 43.02979736045732]]}}, {"type": "Feature", "properties": {"id": 104, "chain_order": 6, "margin_m": 25, "names": ["MARTIN LUTHER KING WEST", "HUDSON STREET"], "changes": 1, "run_lengths_m": [25.0, 25.0], "min_run_m": 25.0, "start_m": 1810.0537272700144, "end_m": 1860.0537272700144, "length_m": 50.00000000020553, "chord_m": 44.69961962275973, "ratio": 1.118577751268984, "max_offset_m": 9.498534181526182}, "geometry": {"type": "LineString", "coordinates": [[-76.15945267290422, 43.03017525097905], [-76.1595648739026, 43.03011942433069], [-76.1596242965604, 43.0300673587288], [-76.1596562604148, 43.030014599644204], [-76.1596562604148, 43.030014599644204], [-76.159672413022, 43.0299839629227], [-76.1596859263788, 43.02992521300159], [-76.159677137262, 43.0298724071716], [-76.15964148442906, 43.02979736045732]]}}, {"type": "Feature", "properties": {"id": 105, "chain_order": 6, "margin_m": 50, "names": ["RENWICK AVENUE", "MARTIN LUTHER KING EAST"], "changes": 1, "run_lengths_m": [50.0, 50.0], "min_run_m": 50.0, "start_m": 322.73283873699296, "end_m": 422.73283873699296, "length_m": 100.00000000037335, "chord_m": 95.98328796727417, "ratio": 1.0418480354045456, "max_offset_m": 8.992390404892562}, "geometry": {"type": "LineString", "coordinates": [[-76.14236574328812, 43.034741618158904], [-76.1424002741872, 43.0346586562425], [-76.1424262750248, 43.03463759529699], [-76.1424412750934, 43.03462564882948], [-76.1425213006121, 43.03459864549689], [-76.1428492494712, 43.034516578274605], [-76.1428492494712, 43.034516578274605], [-76.1428962870561, 43.0345045818806], [-76.1430172577855, 43.0344746480111], [-76.1430172577855, 43.0344746480111], [-76.1434263245148, 43.0343715977237], [-76.1434263245148, 43.0343715977237], [-76.14342985624819, 43.03437071830349]]}}, {"type": "Feature", "properties": {"id": 106, "chain_order": 6, "margin_m": 50, "names": ["RENWICK AVENUE", "MARTIN LUTHER KING EAST", "MARTIN LUTHER KING WEST"], "changes": 2, "run_lengths_m": [50.0, 514.7902647554808, 50.0], "min_run_m": 50.0, "start_m": 322.73283873699296, "end_m": 937.5231034924739, "length_m": 614.7902647559627, "chord_m": 610.1650365132566, "ratio": 1.0075802905212934, "max_offset_m": 10.711293542348978}, "geometry": {"type": "LineString", "coordinates": [[-76.14236574328812, 43.034741618158904], [-76.1424002741872, 43.0346586562425], [-76.1424262750248, 43.03463759529699], [-76.1424412750934, 43.03462564882948], [-76.1425213006121, 43.03459864549689], [-76.1428492494712, 43.034516578274605], [-76.1428492494712, 43.034516578274605], [-76.1428962870561, 43.0345045818806], [-76.1430172577855, 43.0344746480111], [-76.1430172577855, 43.0344746480111], [-76.1434263245148, 43.0343715977237], [-76.1434263245148, 43.0343715977237], [-76.1439323059885, 43.03424560431131], [-76.1439323059885, 43.03424560431131], [-76.1440133016877, 43.03422462398831], [-76.1452422446071, 43.0339176007773], [-76.1452422446071, 43.0339176007773], [-76.1469713344424, 43.033495602556194], [-76.1469713344424, 43.033495602556194], [-76.1477395691818, 43.0333107464115], [-76.1477395691818, 43.0333107464115], [-76.1488433453411, 43.033050621263186], [-76.1488433453411, 43.033050621263186], [-76.14942150567067, 43.03289964774007]]}}, {"type": "Feature", "properties": {"id": 107, "chain_order": 6, "margin_m": 50, "names": ["RENWICK AVENUE", "MARTIN LUTHER KING EAST", "MARTIN LUTHER KING WEST", "HUDSON STREET"], "changes": 3, "run_lengths_m": [50.0, 514.7902647554808, 947.5306237775405, 50.0], "min_run_m": 50.0, "start_m": 322.73283873699296, "end_m": 1885.0537272700144, "length_m": 1562.3208885331783, "chord_m": 1513.9719218099344, "ratio": 1.0319351805847516, "max_offset_m": 65.69135567795384}, "geometry": {"type": "LineString", "coordinates": [[-76.14236574328812, 43.034741618158904], [-76.1424002741872, 43.0346586562425], [-76.1424262750248, 43.03463759529699], [-76.1424412750934, 43.03462564882948], [-76.1425213006121, 43.03459864549689], [-76.1428492494712, 43.034516578274605], [-76.1428492494712, 43.034516578274605], [-76.1428962870561, 43.0345045818806], [-76.1430172577855, 43.0344746480111], [-76.1430172577855, 43.0344746480111], [-76.1434263245148, 43.0343715977237], [-76.1434263245148, 43.0343715977237], [-76.1439323059885, 43.03424560431131], [-76.1439323059885, 43.03424560431131], [-76.1440133016877, 43.03422462398831], [-76.1452422446071, 43.0339176007773], [-76.1452422446071, 43.0339176007773], [-76.1469713344424, 43.033495602556194], [-76.1469713344424, 43.033495602556194], [-76.1477395691818, 43.0333107464115], [-76.1477395691818, 43.0333107464115], [-76.1488433453411, 43.033050621263186], [-76.1488433453411, 43.033050621263186], [-76.1506623538414, 43.032575615928494], [-76.1506623538414, 43.032575615928494], [-76.1530773379388, 43.03198561879488], [-76.1530773379388, 43.03198561879488], [-76.1536913310456, 43.0318416553188], [-76.1539912830105, 43.03176064817689], [-76.1539912830105, 43.03176064817689], [-76.1544962790324, 43.0316236328223], [-76.156399315046, 43.0311176119049], [-76.156399315046, 43.0311176119049], [-76.1570072867455, 43.03096765835618], [-76.1574752470247, 43.03083964858709], [-76.1574752470247, 43.03083964858709], [-76.1577022674667, 43.03077764968959], [-76.158620251364, 43.0304756090455], [-76.158620251364, 43.0304756090455], [-76.1590962874976, 43.0303336435325], [-76.1594123678152, 43.03019530509899], [-76.1595648739026, 43.03011942433069], [-76.1596242965604, 43.0300673587288], [-76.1596562604148, 43.030014599644204], [-76.1596562604148, 43.030014599644204], [-76.159672413022, 43.0299839629227], [-76.1596859263788, 43.02992521300159], [-76.159677137262, 43.0298724071716], [-76.1596382959058, 43.0297906488296], [-76.15956405735345, 43.029579568326156]]}}, {"type": "Feature", "properties": {"id": 108, "chain_order": 6, "margin_m": 50, "names": ["MARTIN LUTHER KING EAST", "MARTIN LUTHER KING WEST"], "changes": 1, "run_lengths_m": [50.0, 50.0], "min_run_m": 50.0, "start_m": 837.5231034924739, "end_m": 937.5231034924739, "length_m": 100.00000000021478, "chord_m": 99.98789279262489, "ratio": 1.0001210867361212, "max_offset_m": 0.7780255351705345}, "geometry": {"type": "LineString", "coordinates": [[-76.14825905833244, 43.03318832083487], [-76.1488433453411, 43.033050621263186], [-76.1488433453411, 43.033050621263186], [-76.14942150567067, 43.03289964774007]]}}, {"type": "Feature", "properties": {"id": 109, "chain_order": 6, "margin_m": 50, "names": ["MARTIN LUTHER KING EAST", "MARTIN LUTHER KING WEST", "HUDSON STREET"], "changes": 2, "run_lengths_m": [50.0, 947.5306237775405, 50.0], "min_run_m": 50.0, "start_m": 837.5231034924739, "end_m": 1885.0537272700144, "length_m": 1047.5306237774303, "chord_m": 1004.5036544483638, "ratio": 1.0428340595263392, "max_offset_m": 61.582174066169834}, "geometry": {"type": "LineString", "coordinates": [[-76.14825905833244, 43.03318832083487], [-76.1488433453411, 43.033050621263186], [-76.1488433453411, 43.033050621263186], [-76.1506623538414, 43.032575615928494], [-76.1506623538414, 43.032575615928494], [-76.1530773379388, 43.03198561879488], [-76.1530773379388, 43.03198561879488], [-76.1536913310456, 43.0318416553188], [-76.1539912830105, 43.03176064817689], [-76.1539912830105, 43.03176064817689], [-76.1544962790324, 43.0316236328223], [-76.156399315046, 43.0311176119049], [-76.156399315046, 43.0311176119049], [-76.1570072867455, 43.03096765835618], [-76.1574752470247, 43.03083964858709], [-76.1574752470247, 43.03083964858709], [-76.1577022674667, 43.03077764968959], [-76.158620251364, 43.0304756090455], [-76.158620251364, 43.0304756090455], [-76.1590962874976, 43.0303336435325], [-76.1594123678152, 43.03019530509899], [-76.1595648739026, 43.03011942433069], [-76.1596242965604, 43.0300673587288], [-76.1596562604148, 43.030014599644204], [-76.1596562604148, 43.030014599644204], [-76.159672413022, 43.0299839629227], [-76.1596859263788, 43.02992521300159], [-76.159677137262, 43.0298724071716], [-76.1596382959058, 43.0297906488296], [-76.15956405735345, 43.029579568326156]]}}, {"type": "Feature", "properties": {"id": 110, "chain_order": 6, "margin_m": 50, "names": ["MARTIN LUTHER KING WEST", "HUDSON STREET"], "changes": 1, "run_lengths_m": [50.0, 50.0], "min_run_m": 50.0, "start_m": 1785.0537272700144, "end_m": 1885.0537272700144, "length_m": 100.00000000000817, "chord_m": 84.80415092966574, "ratio": 1.1791875622096075, "max_offset_m": 24.35212321651083}, "geometry": {"type": "LineString", "coordinates": [[-76.15919068682877, 43.03029232806407], [-76.1594123678152, 43.03019530509899], [-76.1595648739026, 43.03011942433069], [-76.1596242965604, 43.0300673587288], [-76.1596562604148, 43.030014599644204], [-76.1596562604148, 43.030014599644204], [-76.159672413022, 43.0299839629227], [-76.1596859263788, 43.02992521300159], [-76.159677137262, 43.0298724071716], [-76.1596382959058, 43.0297906488296], [-76.15956405735345, 43.029579568326156]]}}, {"type": "Feature", "properties": {"id": 111, "chain_order": 6, "margin_m": 100, "names": ["RENWICK AVENUE", "MARTIN LUTHER KING EAST"], "changes": 1, "run_lengths_m": [100.0, 100.0], "min_run_m": 100.0, "start_m": 272.73283873699296, "end_m": 472.73283873699296, "length_m": 200.000000000266, "chord_m": 177.19082703321652, "ratio": 1.1287266014214925, "max_offset_m": 41.49241685464746}, "geometry": {"type": "LineString", "coordinates": [[-76.14227426069753, 43.03518598977511], [-76.1423132561822, 43.035036650231795], [-76.142350329654, 43.0347786499799], [-76.1424002741872, 43.0346586562425], [-76.1424262750248, 43.03463759529699], [-76.1424412750934, 43.03462564882948], [-76.1425213006121, 43.03459864549689], [-76.1428492494712, 43.034516578274605], [-76.1428492494712, 43.034516578274605], [-76.1428962870561, 43.0345045818806], [-76.1430172577855, 43.0344746480111], [-76.1430172577855, 43.0344746480111], [-76.1434263245148, 43.0343715977237], [-76.1434263245148, 43.0343715977237], [-76.1439323059885, 43.03424560431131], [-76.1439323059885, 43.03424560431131], [-76.14401066696252, 43.03422530646251]]}}, {"type": "Feature", "properties": {"id": 112, "chain_order": 6, "margin_m": 100, "names": ["RENWICK AVENUE", "MARTIN LUTHER KING EAST", "MARTIN LUTHER KING WEST"], "changes": 2, "run_lengths_m": [100.0, 514.7902647554808, 100.0], "min_run_m": 100.0, "start_m": 272.73283873699296, "end_m": 987.5231034924739, "length_m": 714.7902647557165, "chord_m": 685.1456594457884, "ratio": 1.043267595585306, "max_offset_m": 51.97430487565103}, "geometry": {"type": "LineString", "coordinates": [[-76.14227426069753, 43.03518598977511], [-76.1423132561822, 43.035036650231795], [-76.142350329654, 43.0347786499799], [-76.1424002741872, 43.0346586562425], [-76.1424262750248, 43.03463759529699], [-76.1424412750934, 43.03462564882948], [-76.1425213006121, 43.03459864549689], [-76.1428492494712, 43.034516578274605], [-76.1428492494712, 43.034516578274605], [-76.1428962870561, 43.0345045818806], [-76.1430172577855, 43.0344746480111], [-76.1430172577855, 43.0344746480111], [-76.1434263245148, 43.0343715977237], [-76.1434263245148, 43.0343715977237], [-76.1439323059885, 43.03424560431131], [-76.1439323059885, 43.03424560431131], [-76.1440133016877, 43.03422462398831], [-76.1452422446071, 43.0339176007773], [-76.1452422446071, 43.0339176007773], [-76.1469713344424, 43.033495602556194], [-76.1469713344424, 43.033495602556194], [-76.1477395691818, 43.0333107464115], [-76.1477395691818, 43.0333107464115], [-76.1488433453411, 43.033050621263186], [-76.1488433453411, 43.033050621263186], [-76.14999966311046, 43.03274867132454]]}}, {"type": "Feature", "properties": {"id": 113, "chain_order": 6, "margin_m": 100, "names": ["RENWICK AVENUE", "MARTIN LUTHER KING EAST", "MARTIN LUTHER KING WEST", "HUDSON STREET"], "changes": 3, "run_lengths_m": [100.0, 514.7902647554808, 947.5306237775405, 100.0], "min_run_m": 100.0, "start_m": 272.73283873699296, "end_m": 1935.0537272700144, "length_m": 1662.32088853293, "chord_m": 1548.8240948895896, "ratio": 1.073279331085969, "max_offset_m": 108.05888417988086}, "geometry": {"type": "LineString", "coordinates": [[-76.14227426069753, 43.03518598977511], [-76.1423132561822, 43.035036650231795], [-76.142350329654, 43.0347786499799], [-76.1424002741872, 43.0346586562425], [-76.1424262750248, 43.03463759529699], [-76.1424412750934, 43.03462564882948], [-76.1425213006121, 43.03459864549689], [-76.1428492494712, 43.034516578274605], [-76.1428492494712, 43.034516578274605], [-76.1428962870561, 43.0345045818806], [-76.1430172577855, 43.0344746480111], [-76.1430172577855, 43.0344746480111], [-76.1434263245148, 43.0343715977237], [-76.1434263245148, 43.0343715977237], [-76.1439323059885, 43.03424560431131], [-76.1439323059885, 43.03424560431131], [-76.1440133016877, 43.03422462398831], [-76.1452422446071, 43.0339176007773], [-76.1452422446071, 43.0339176007773], [-76.1469713344424, 43.033495602556194], [-76.1469713344424, 43.033495602556194], [-76.1477395691818, 43.0333107464115], [-76.1477395691818, 43.0333107464115], [-76.1488433453411, 43.033050621263186], [-76.1488433453411, 43.033050621263186], [-76.1506623538414, 43.032575615928494], [-76.1506623538414, 43.032575615928494], [-76.1530773379388, 43.03198561879488], [-76.1530773379388, 43.03198561879488], [-76.1536913310456, 43.0318416553188], [-76.1539912830105, 43.03176064817689], [-76.1539912830105, 43.03176064817689], [-76.1544962790324, 43.0316236328223], [-76.156399315046, 43.0311176119049], [-76.156399315046, 43.0311176119049], [-76.1570072867455, 43.03096765835618], [-76.1574752470247, 43.03083964858709], [-76.1574752470247, 43.03083964858709], [-76.1577022674667, 43.03077764968959], [-76.158620251364, 43.0304756090455], [-76.158620251364, 43.0304756090455], [-76.1590962874976, 43.0303336435325], [-76.1594123678152, 43.03019530509899], [-76.1595648739026, 43.03011942433069], [-76.1596242965604, 43.0300673587288], [-76.1596562604148, 43.030014599644204], [-76.1596562604148, 43.030014599644204], [-76.159672413022, 43.0299839629227], [-76.1596859263788, 43.02992521300159], [-76.159677137262, 43.0298724071716], [-76.1596382959058, 43.0297906488296], [-76.1594782637329, 43.029335631673284], [-76.1594782637329, 43.029335631673284], [-76.15940754538775, 43.02914426295978]]}}, {"type": "Feature", "properties": {"id": 114, "chain_order": 6, "margin_m": 100, "names": ["MARTIN LUTHER KING EAST", "MARTIN LUTHER KING WEST"], "changes": 1, "run_lengths_m": [100.0, 100.0], "min_run_m": 100.0, "start_m": 787.5231034924739, "end_m": 987.5231034924739, "length_m": 199.99999999993503, "chord_m": 199.97621291905065, "ratio": 1.0001189495517349, "max_offset_m": 1.5390726819784535}, "geometry": {"type": "LineString", "coordinates": [[-76.14767489735205, 43.03332630828265], [-76.1477395691818, 43.0333107464115], [-76.1477395691818, 43.0333107464115], [-76.1488433453411, 43.033050621263186], [-76.1488433453411, 43.033050621263186], [-76.14999966311046, 43.03274867132454]]}}, {"type": "Feature", "properties": {"id": 115, "chain_order": 6, "margin_m": 100, "names": ["MARTIN LUTHER KING EAST", "MARTIN LUTHER KING WEST", "HUDSON STREET"], "changes": 2, "run_lengths_m": [100.0, 947.5306237775405, 100.0], "min_run_m": 100.0, "start_m": 787.5231034924739, "end_m": 1935.0537272700144, "length_m": 1147.5306237771483, "chord_m": 1062.7904662185445, "ratio": 1.0797336448266355, "max_offset_m": 107.72339537956972}, "geometry": {"type": "LineString", "coordinates": [[-76.14767489735205, 43.03332630828265], [-76.1477395691818, 43.0333107464115], [-76.1477395691818, 43.0333107464115], [-76.1488433453411, 43.033050621263186], [-76.1488433453411, 43.033050621263186], [-76.1506623538414, 43.032575615928494], [-76.1506623538414, 43.032575615928494], [-76.1530773379388, 43.03198561879488], [-76.1530773379388, 43.03198561879488], [-76.1536913310456, 43.0318416553188], [-76.1539912830105, 43.03176064817689], [-76.1539912830105, 43.03176064817689], [-76.1544962790324, 43.0316236328223], [-76.156399315046, 43.0311176119049], [-76.156399315046, 43.0311176119049], [-76.1570072867455, 43.03096765835618], [-76.1574752470247, 43.03083964858709], [-76.1574752470247, 43.03083964858709], [-76.1577022674667, 43.03077764968959], [-76.158620251364, 43.0304756090455], [-76.158620251364, 43.0304756090455], [-76.1590962874976, 43.0303336435325], [-76.1594123678152, 43.03019530509899], [-76.1595648739026, 43.03011942433069], [-76.1596242965604, 43.0300673587288], [-76.1596562604148, 43.030014599644204], [-76.1596562604148, 43.030014599644204], [-76.159672413022, 43.0299839629227], [-76.1596859263788, 43.02992521300159], [-76.159677137262, 43.0298724071716], [-76.1596382959058, 43.0297906488296], [-76.1594782637329, 43.029335631673284], [-76.1594782637329, 43.029335631673284], [-76.15940754538775, 43.02914426295978]]}}, {"type": "Feature", "properties": {"id": 116, "chain_order": 6, "margin_m": 100, "names": ["MARTIN LUTHER KING WEST", "HUDSON STREET"], "changes": 1, "run_lengths_m": [100.0, 100.0], "min_run_m": 100.0, "start_m": 1735.0537272700144, "end_m": 1935.0537272700144, "length_m": 199.9999999998074, "chord_m": 160.58808008355305, "ratio": 1.2454224491366268, "max_offset_m": 56.77054838384171}, "geometry": {"type": "LineString", "coordinates": [[-76.15862962441558, 43.03047281379966], [-76.1590962874976, 43.0303336435325], [-76.1594123678152, 43.03019530509899], [-76.1595648739026, 43.03011942433069], [-76.1596242965604, 43.0300673587288], [-76.1596562604148, 43.030014599644204], [-76.1596562604148, 43.030014599644204], [-76.159672413022, 43.0299839629227], [-76.1596859263788, 43.02992521300159], [-76.159677137262, 43.0298724071716], [-76.1596382959058, 43.0297906488296], [-76.1594782637329, 43.029335631673284], [-76.1594782637329, 43.029335631673284], [-76.15940754538775, 43.02914426295978]]}}, {"type": "Feature", "properties": {"id": 117, "chain_order": 7, "margin_m": 25, "names": ["WEST FAYETTE STREET", "TENNYSON AVENUE"], "changes": 1, "run_lengths_m": [25.0, 25.0], "min_run_m": 25.0, "start_m": 5.112152302150832, "end_m": 55.11215230215083, "length_m": 50.00000000014942, "chord_m": 46.74392949420733, "ratio": 1.0696576120402028, "max_offset_m": 4.8239421757906955}, "geometry": {"type": "LineString", "coordinates": [[-76.17929359611303, 43.048188197978405], [-76.1793742701215, 43.0481796502664], [-76.1794563303243, 43.04813062828959], [-76.1795052606596, 43.0480506109472], [-76.1795052606596, 43.0480506109472], [-76.1795362687066, 43.0479836546867], [-76.1795802771723, 43.0479415990489], [-76.17970019563555, 43.047891187077965]]}}, {"type": "Feature", "properties": {"id": 118, "chain_order": 7, "margin_m": 25, "names": ["WEST FAYETTE STREET", "TENNYSON AVENUE", "BURNET PARK DRIVE"], "changes": 2, "run_lengths_m": [25.0, 513.2019520675924, 25.0], "min_run_m": 25.0, "start_m": 5.112152302150832, "end_m": 568.3141043697432, "length_m": 563.2019520675676, "chord_m": 557.884176307773, "ratio": 1.0095320426454628, "max_offset_m": 13.68124377666983}, "geometry": {"type": "LineString", "coordinates": [[-76.17929359611303, 43.048188197978405], [-76.1793742701215, 43.0481796502664], [-76.1794563303243, 43.04813062828959], [-76.1795052606596, 43.0480506109472], [-76.1795052606596, 43.0480506109472], [-76.1795362687066, 43.0479836546867], [-76.1795802771723, 43.0479415990489], [-76.1801272757219, 43.04771164716319], [-76.1811472848792, 43.04733165284029], [-76.1811472848792, 43.04733165284029], [-76.1821982895071, 43.0469296271841], [-76.1831698480296, 43.046566846388004], [-76.1831698480296, 43.046566846388004], [-76.1839202907365, 43.04628661462711], [-76.1843423120705, 43.046122591428784], [-76.1850263549048, 43.045876609641596], [-76.1850263549048, 43.045876609641596], [-76.1852958748676, 43.04576893457291]]}}, {"type": "Feature", "properties": {"id": 119, "chain_order": 7, "margin_m": 25, "names": ["WEST FAYETTE STREET", "TENNYSON AVENUE", "BURNET PARK DRIVE", "TENNYSON AVENUE"], "changes": 3, "run_lengths_m": [25.0, 513.2019520675924, 43.87234387416083, 25.0], "min_run_m": 25.0, "start_m": 5.112152302150832, "end_m": 612.186448243904, "length_m": 607.0742959418849, "chord_m": 601.7549712307544, "ratio": 1.0088396855288972, "max_offset_m": 13.730158169868655}, "geometry": {"type": "LineString", "coordinates": [[-76.17929359611303, 43.048188197978405], [-76.1793742701215, 43.0481796502664], [-76.1794563303243, 43.04813062828959], [-76.1795052606596, 43.0480506109472], [-76.1795052606596, 43.0480506109472], [-76.1795362687066, 43.0479836546867], [-76.1795802771723, 43.0479415990489], [-76.1801272757219, 43.04771164716319], [-76.1811472848792, 43.04733165284029], [-76.1811472848792, 43.04733165284029], [-76.1821982895071, 43.0469296271841], [-76.1831698480296, 43.046566846388004], [-76.1831698480296, 43.046566846388004], [-76.1839202907365, 43.04628661462711], [-76.1843423120705, 43.046122591428784], [-76.1850263549048, 43.045876609641596], [-76.1850263549048, 43.045876609641596], [-76.1854993331732, 43.0456876509216], [-76.1854993331732, 43.0456876509216], [-76.18576990732225, 43.0455814087733]]}}, {"type": "Feature", "properties": {"id": 120, "chain_order": 7, "margin_m": 25, "names": ["TENNYSON AVENUE", "BURNET PARK DRIVE"], "changes": 1, "run_lengths_m": [25.0, 25.0], "min_run_m": 25.0, "start_m": 518.3141043697432, "end_m": 568.3141043697432, "length_m": 50.000000000165265, "chord_m": 49.98849298222234, "ratio": 1.0002301933356346, "max_offset_m": 0.5363229863698366}, "geometry": {"type": "LineString", "coordinates": [[-76.184750784615, 43.04597570543612], [-76.1850263549048, 43.045876609641596], [-76.1850263549048, 43.045876609641596], [-76.1852958748676, 43.04576893457291]]}}, {"type": "Feature", "properties": {"id": 121, "chain_order": 7, "margin_m": 25, "names": ["TENNYSON AVENUE", "BURNET PARK DRIVE", "TENNYSON AVENUE"], "changes": 2, "run_lengths_m": [25.0, 43.87234387416083, 25.0], "min_run_m": 25.0, "start_m": 518.3141043697432, "end_m": 612.186448243904, "length_m": 93.87234387448252, "chord_m": 93.85704681116674, "ratio": 1.0001629825765408, "max_offset_m": 0.7387513855372021}, "geometry": {"type": "LineString", "coordinates": [[-76.184750784615, 43.04597570543612], [-76.1850263549048, 43.045876609641596], [-76.1850263549048, 43.045876609641596], [-76.1854993331732, 43.0456876509216], [-76.1854993331732, 43.0456876509216], [-76.18576990732225, 43.0455814087733]]}}, {"type": "Feature", "properties": {"id": 122, "chain_order": 7, "margin_m": 25, "names": ["BURNET PARK DRIVE", "TENNYSON AVENUE"], "changes": 1, "run_lengths_m": [25.0, 25.0], "min_run_m": 25.0, "start_m": 562.186448243904, "end_m": 612.186448243904, "length_m": 50.00000000013291, "chord_m": 49.99967237324102, "ratio": 1.0000065525807738, "max_offset_m": 0.09050218484836242}, "geometry": {"type": "LineString", "coordinates": [[-76.18522981392971, 43.04579532646256], [-76.1854993331732, 43.0456876509216], [-76.1854993331732, 43.0456876509216], [-76.18576990732225, 43.0455814087733]]}}, {"type": "Feature", "properties": {"id": 123, "chain_order": 7, "margin_m": 50, "names": ["TENNYSON AVENUE", "BURNET PARK DRIVE", "TENNYSON AVENUE"], "changes": 2, "run_lengths_m": [50.0, 43.87234387416083, 50.0], "min_run_m": 43.87234387416083, "start_m": 493.3141043697432, "end_m": 637.186448243904, "length_m": 143.87234387397814, "chord_m": 143.84685516908576, "ratio": 1.000177193341227, "max_offset_m": 1.2739296104366546}, "geometry": {"type": "LineString", "coordinates": [[-76.18447521342668, 43.04607480057583], [-76.1850263549048, 43.045876609641596], [-76.1850263549048, 43.045876609641596], [-76.1854993331732, 43.0456876509216], [-76.1854993331732, 43.0456876509216], [-76.18604048052713, 43.045475165994354]]}}, {"type": "Feature", "properties": {"id": 124, "chain_order": 7, "margin_m": 100, "names": ["TENNYSON AVENUE", "BURNET PARK DRIVE", "TENNYSON AVENUE"], "changes": 2, "run_lengths_m": [100.0, 43.87234387416083, 100.0], "min_run_m": 43.87234387416083, "start_m": 443.3141043697432, "end_m": 687.186448243904, "length_m": 243.87234387412641, "chord_m": 243.84103250824757, "ratio": 1.0001284089291977, "max_offset_m": 1.2009083010244046}, "geometry": {"type": "LineString", "coordinates": [[-76.18393072298589, 43.04628256004865], [-76.1843423120705, 43.046122591428784], [-76.1850263549048, 43.045876609641596], [-76.1850263549048, 43.045876609641596], [-76.1854993331732, 43.0456876509216], [-76.1854993331732, 43.0456876509216], [-76.1860903258155, 43.0454555937255], [-76.18658620361242, 43.04526908804045]]}}, {"type": "Feature", "properties": {"id": 125, "chain_order": 8, "margin_m": 25, "names": ["WILSON PLACE", "EAST GIFFORD PARKWAY"], "changes": 1, "run_lengths_m": [25.0, 25.0], "min_run_m": 25.0, "start_m": 60.30294077292777, "end_m": 110.30294077292777, "length_m": 50.00000000008841, "chord_m": 48.28696659185712, "ratio": 1.0354761031627977, "max_offset_m": 6.095933111781252}, "geometry": {"type": "LineString", "coordinates": [[-76.08397660770744, 43.041509557298404], [-76.0842223212173, 43.0414316566698], [-76.0842613072023, 43.04142858601801], [-76.0842613072023, 43.04142858601801], [-76.0844043279787, 43.04143118395879], [-76.08456476791504, 43.041455500681096]]}}, {"type": "Feature", "properties": {"id": 126, "chain_order": 8, "margin_m": 25, "names": ["WILSON PLACE", "EAST GIFFORD PARKWAY", "GIFFORD PARKWAY", "EAST GENESEE PARKWAY"], "changes": 3, "run_lengths_m": [25.0, 25.21745242384449, 17.696465441311062, 25.0], "min_run_m": 17.696465441311062, "start_m": 60.30294077292777, "end_m": 153.21685863808332, "length_m": 92.91391786528925, "chord_m": 89.15860715814335, "ratio": 1.042119441149243, "max_offset_m": 11.278671319944593}, "geometry": {"type": "LineString", "coordinates": [[-76.08397660770744, 43.041509557298404], [-76.0842223212173, 43.0414316566698], [-76.0842613072023, 43.04142858601801], [-76.0842613072023, 43.04142858601801], [-76.0844043279787, 43.04143118395879], [-76.0845673820842, 43.0414558968898], [-76.0845673820842, 43.0414558968898], [-76.0847762332013, 43.04149974342571], [-76.0847762332013, 43.04149974342571], [-76.08506805047952, 43.0415694320252]]}}, {"type": "Feature", "properties": {"id": 127, "chain_order": 8, "margin_m": 25, "names": ["EAST GIFFORD PARKWAY", "GIFFORD PARKWAY", "EAST GENESEE PARKWAY"], "changes": 2, "run_lengths_m": [25.0, 17.696465441311062, 25.0], "min_run_m": 17.696465441311062, "start_m": 85.52039319677226, "end_m": 153.21685863808332, "length_m": 67.69646544143453, "chord_m": 67.3416003231638, "ratio": 1.0052696270443198, "max_offset_m": 2.7941878163333502}, "geometry": {"type": "LineString", "coordinates": [[-76.08426397577665, 43.0414286344937], [-76.0844043279787, 43.04143118395879], [-76.0845673820842, 43.0414558968898], [-76.0845673820842, 43.0414558968898], [-76.0847762332013, 43.04149974342571], [-76.0847762332013, 43.04149974342571], [-76.08506805047952, 43.0415694320252]]}}, {"type": "Feature", "properties": {"id": 128, "chain_order": 8, "margin_m": 50, "names": ["WILSON PLACE", "EAST GIFFORD PARKWAY", "GIFFORD PARKWAY", "EAST GENESEE PARKWAY"], "changes": 3, "run_lengths_m": [50.0, 25.21745242384449, 17.696465441311062, 50.0], "min_run_m": 17.696465441311062, "start_m": 35.30294077292777, "end_m": 178.21685863808332, "length_m": 142.91391786521163, "chord_m": 135.58836098420804, "ratio": 1.054027918235967, "max_offset_m": 20.676275173053874}, "geometry": {"type": "LineString", "coordinates": [[-76.08369490149964, 43.04159886810778], [-76.0842223212173, 43.0414316566698], [-76.0842613072023, 43.04142858601801], [-76.0842613072023, 43.04142858601801], [-76.0844043279787, 43.04143118395879], [-76.0845673820842, 43.0414558968898], [-76.0845673820842, 43.0414558968898], [-76.0847762332013, 43.04149974342571], [-76.0847762332013, 43.04149974342571], [-76.0852113007681, 43.041603641155], [-76.08535829325236, 43.041642489708124]]}}, {"type": "Feature", "properties": {"id": 129, "chain_order": 9, "margin_m": 25, "names": ["VALLEY DRIVE", "GLENWOOD AVENUE"], "changes": 1, "run_lengths_m": [25.0, 25.0], "min_run_m": 25.0, "start_m": 4046.269702478914, "end_m": 4096.269702478914, "length_m": 49.999999999980375, "chord_m": 49.95869925802033, "ratio": 1.000826697703772, "max_offset_m": 0.9002764925136802}, "geometry": {"type": "LineString", "coordinates": [[-76.16116471769419, 43.01828698023145], [-76.1612833142103, 43.018494580545294], [-76.1612833142103, 43.018494580545294], [-76.1613843585101, 43.0186466386975], [-76.16142192187951, 43.01869530628185]]}}, {"type": "Feature", "properties": {"id": 130, "chain_order": 9, "margin_m": 25, "names": ["VALLEY DRIVE", "GLENWOOD AVENUE", "MCDONALD ROAD"], "changes": 2, "run_lengths_m": [25.0, 1221.9956233535631, 25.0], "min_run_m": 25.0, "start_m": 4046.269702478914, "end_m": 5318.265325832477, "length_m": 1271.995623353552, "chord_m": 1197.2440333533916, "ratio": 1.0624363854967702, "max_offset_m": 138.85741037646983}, "geometry": {"type": "LineString", "coordinates": [[-76.16116471769419, 43.01828698023145], [-76.1612833142103, 43.018494580545294], [-76.1612833142103, 43.018494580545294], [-76.1613843585101, 43.0186466386975], [-76.1614522873152, 43.018734648064196], [-76.1614522873152, 43.018734648064196], [-76.1615292621553, 43.0188338036005], [-76.1615292621553, 43.0188338036005], [-76.1616532790718, 43.0189935708897], [-76.1617352368668, 43.01908359870739], [-76.161890309441, 43.01921763859589], [-76.16206032549, 43.019317577546985], [-76.16206032549, 43.019317577546985], [-76.1623473560879, 43.0194336179162], [-76.1623473560879, 43.0194336179162], [-76.1626612822454, 43.0195506445452], [-76.1626612822454, 43.0195506445452], [-76.162976294466, 43.01966657938979], [-76.1631053536263, 43.01969660454849], [-76.1654483161941, 43.019873577721995], [-76.1654483161941, 43.019873577721995], [-76.1666943235107, 43.01993760326931], [-76.1666943235107, 43.01993760326931], [-76.1668303230548, 43.01993864819519], [-76.1679053279722, 43.019857623373994], [-76.1679053279722, 43.019857623373994], [-76.1691173098007, 43.019764653683296], [-76.1691173098007, 43.019764653683296], [-76.1705513210314, 43.0196536422171], [-76.1705513210314, 43.0196536422171], [-76.1713447373449, 43.01960350654259], [-76.1713447373449, 43.01960350654259], [-76.1717699926138, 43.0195766318968], [-76.1717699926138, 43.0195766318968], [-76.1724643454127, 43.01951887622779], [-76.1724643454127, 43.01951887622779], [-76.1731642480034, 43.019460654191896], [-76.1731642480034, 43.019460654191896], [-76.1739233055538, 43.0194226135936], [-76.1739233055538, 43.0194226135936], [-76.1743593073686, 43.01943362842469], [-76.174501262743, 43.0194445985928], [-76.1746321886024, 43.01945450215129], [-76.1746321886024, 43.01945450215129], [-76.1748713174361, 43.0194725871917], [-76.1754962843624, 43.019520649526896], [-76.1754962843624, 43.019520649526896], [-76.1755593056712, 43.01951757055421], [-76.1756622831455, 43.01947959238499], [-76.17577306760751, 43.01943201444669]]}}, {"type": "Feature", "properties": {"id": 131, "chain_order": 9, "margin_m": 25, "names": ["GLENWOOD AVENUE", "MCDONALD ROAD"], "changes": 1, "run_lengths_m": [25.0, 25.0], "min_run_m": 25.0, "start_m": 5268.265325832477, "end_m": 5318.265325832477, "length_m": 50.000000000042384, "chord_m": 47.96862446940689, "ratio": 1.0423480046197917, "max_offset_m": 6.764635053272617}, "geometry": {"type": "LineString", "coordinates": [[-76.17519117600959, 43.01949718596993], [-76.1754962843624, 43.019520649526896], [-76.1754962843624, 43.019520649526896], [-76.1755593056712, 43.01951757055421], [-76.1756622831455, 43.01947959238499], [-76.17577306760751, 43.01943201444669]]}}, {"type": "Feature", "properties": {"id": 132, "chain_order": 9, "margin_m": 50, "names": ["VALLEY DRIVE", "GLENWOOD AVENUE"], "changes": 1, "run_lengths_m": [50.0, 50.0], "min_run_m": 50.0, "start_m": 4021.269702478914, "end_m": 4121.269702478914, "length_m": 99.99999999972917, "chord_m": 99.86092404874803, "ratio": 1.0013926964155995, "max_offset_m": 2.403485554360406}, "geometry": {"type": "LineString", "coordinates": [[-76.16104612198984, 43.01807937977792], [-76.1612833142103, 43.018494580545294], [-76.1612833142103, 43.018494580545294], [-76.1613843585101, 43.0186466386975], [-76.1614522873152, 43.018734648064196], [-76.1614522873152, 43.018734648064196], [-76.1615292621553, 43.0188338036005], [-76.1615292621553, 43.0188338036005], [-76.16157362713456, 43.01889095779102]]}}, {"type": "Feature", "properties": {"id": 133, "chain_order": 9, "margin_m": 50, "names": ["VALLEY DRIVE", "GLENWOOD AVENUE", "MCDONALD ROAD"], "changes": 2, "run_lengths_m": [50.0, 1221.9956233535631, 50.0], "min_run_m": 50.0, "start_m": 4021.269702478914, "end_m": 5343.265325832477, "length_m": 1321.995623353389, "chord_m": 1229.439142252559, "ratio": 1.0752834995404892, "max_offset_m": 159.68648744437397}, "geometry": {"type": "LineString", "coordinates": [[-76.16104612198984, 43.01807937977792], [-76.1612833142103, 43.018494580545294], [-76.1612833142103, 43.018494580545294], [-76.1613843585101, 43.0186466386975], [-76.1614522873152, 43.018734648064196], [-76.1614522873152, 43.018734648064196], [-76.1615292621553, 43.0188338036005], [-76.1615292621553, 43.0188338036005], [-76.1616532790718, 43.0189935708897], [-76.1617352368668, 43.01908359870739], [-76.161890309441, 43.01921763859589], [-76.16206032549, 43.019317577546985], [-76.16206032549, 43.019317577546985], [-76.1623473560879, 43.0194336179162], [-76.1623473560879, 43.0194336179162], [-76.1626612822454, 43.0195506445452], [-76.1626612822454, 43.0195506445452], [-76.162976294466, 43.01966657938979], [-76.1631053536263, 43.01969660454849], [-76.1654483161941, 43.019873577721995], [-76.1654483161941, 43.019873577721995], [-76.1666943235107, 43.01993760326931], [-76.1666943235107, 43.01993760326931], [-76.1668303230548, 43.01993864819519], [-76.1679053279722, 43.019857623373994], [-76.1679053279722, 43.019857623373994], [-76.1691173098007, 43.019764653683296], [-76.1691173098007, 43.019764653683296], [-76.1705513210314, 43.0196536422171], [-76.1705513210314, 43.0196536422171], [-76.1713447373449, 43.01960350654259], [-76.1713447373449, 43.01960350654259], [-76.1717699926138, 43.0195766318968], [-76.1717699926138, 43.0195766318968], [-76.1724643454127, 43.01951887622779], [-76.1724643454127, 43.01951887622779], [-76.1731642480034, 43.019460654191896], [-76.1731642480034, 43.019460654191896], [-76.1739233055538, 43.0194226135936], [-76.1739233055538, 43.0194226135936], [-76.1743593073686, 43.01943362842469], [-76.174501262743, 43.0194445985928], [-76.1746321886024, 43.01945450215129], [-76.1746321886024, 43.01945450215129], [-76.1748713174361, 43.0194725871917], [-76.1754962843624, 43.019520649526896], [-76.1754962843624, 43.019520649526896], [-76.1755593056712, 43.01951757055421], [-76.1756622831455, 43.01947959238499], [-76.176037829934, 43.01931830783045]]}}, {"type": "Feature", "properties": {"id": 134, "chain_order": 9, "margin_m": 50, "names": ["GLENWOOD AVENUE", "MCDONALD ROAD"], "changes": 1, "run_lengths_m": [50.0, 50.0], "min_run_m": 50.0, "start_m": 5243.265325832477, "end_m": 5343.265325832477, "length_m": 99.99999999985324, "chord_m": 95.43316408853745, "ratio": 1.0478537618964299, "max_offset_m": 14.712267826023286}, "geometry": {"type": "LineString", "coordinates": [[-76.17488606787151, 43.01947372159658], [-76.1754962843624, 43.019520649526896], [-76.1754962843624, 43.019520649526896], [-76.1755593056712, 43.01951757055421], [-76.1756622831455, 43.01947959238499], [-76.176037829934, 43.01931830783045]]}}, {"type": "Feature", "properties": {"id": 135, "chain_order": 9, "margin_m": 100, "names": ["VALLEY DRIVE", "GLENWOOD AVENUE"], "changes": 1, "run_lengths_m": [100.0, 100.0], "min_run_m": 100.0, "start_m": 3971.269702478914, "end_m": 4171.269702478914, "length_m": 199.9999999998745, "chord_m": 198.4888429132318, "ratio": 1.0076133099697866, "max_offset_m": 9.669823704990398}, "geometry": {"type": "LineString", "coordinates": [[-76.16082285978577, 43.01766005738547], [-76.161022264687, 43.0180376176477], [-76.161022264687, 43.0180376176477], [-76.1612833142103, 43.018494580545294], [-76.1612833142103, 43.018494580545294], [-76.1613843585101, 43.0186466386975], [-76.1614522873152, 43.018734648064196], [-76.1614522873152, 43.018734648064196], [-76.1615292621553, 43.0188338036005], [-76.1615292621553, 43.0188338036005], [-76.1616532790718, 43.0189935708897], [-76.1617352368668, 43.01908359870739], [-76.161890309441, 43.01921763859589], [-76.1619413884817, 43.01924766397414]]}}, {"type": "Feature", "properties": {"id": 136, "chain_order": 9, "margin_m": 100, "names": ["VALLEY DRIVE", "GLENWOOD AVENUE", "MCDONALD ROAD"], "changes": 2, "run_lengths_m": [100.0, 1221.9956233535631, 100.0], "min_run_m": 100.0, "start_m": 3971.269702478914, "end_m": 5393.265325832477, "length_m": 1421.9956233534633, "chord_m": 1292.8714579923762, "ratio": 1.099873939178452, "max_offset_m": 201.5862428561404}, "geometry": {"type": "LineString", "coordinates": [[-76.16082285978577, 43.01766005738547], [-76.161022264687, 43.0180376176477], [-76.161022264687, 43.0180376176477], [-76.1612833142103, 43.018494580545294], [-76.1612833142103, 43.018494580545294], [-76.1613843585101, 43.0186466386975], [-76.1614522873152, 43.018734648064196], [-76.1614522873152, 43.018734648064196], [-76.1615292621553, 43.0188338036005], [-76.1615292621553, 43.0188338036005], [-76.1616532790718, 43.0189935708897], [-76.1617352368668, 43.01908359870739], [-76.161890309441, 43.01921763859589], [-76.16206032549, 43.019317577546985], [-76.16206032549, 43.019317577546985], [-76.1623473560879, 43.0194336179162], [-76.1623473560879, 43.0194336179162], [-76.1626612822454, 43.0195506445452], [-76.1626612822454, 43.0195506445452], [-76.162976294466, 43.01966657938979], [-76.1631053536263, 43.01969660454849], [-76.1654483161941, 43.019873577721995], [-76.1654483161941, 43.019873577721995], [-76.1666943235107, 43.01993760326931], [-76.1666943235107, 43.01993760326931], [-76.1668303230548, 43.01993864819519], [-76.1679053279722, 43.019857623373994], [-76.1679053279722, 43.019857623373994], [-76.1691173098007, 43.019764653683296], [-76.1691173098007, 43.019764653683296], [-76.1705513210314, 43.0196536422171], [-76.1705513210314, 43.0196536422171], [-76.1713447373449, 43.01960350654259], [-76.1713447373449, 43.01960350654259], [-76.1717699926138, 43.0195766318968], [-76.1717699926138, 43.0195766318968], [-76.1724643454127, 43.01951887622779], [-76.1724643454127, 43.01951887622779], [-76.1731642480034, 43.019460654191896], [-76.1731642480034, 43.019460654191896], [-76.1739233055538, 43.0194226135936], [-76.1739233055538, 43.0194226135936], [-76.1743593073686, 43.01943362842469], [-76.174501262743, 43.0194445985928], [-76.1746321886024, 43.01945450215129], [-76.1746321886024, 43.01945450215129], [-76.1748713174361, 43.0194725871917], [-76.1754962843624, 43.019520649526896], [-76.1754962843624, 43.019520649526896], [-76.1755593056712, 43.01951757055421], [-76.1756622831455, 43.01947959238499], [-76.17656735162846, 43.019090892788206]]}}, {"type": "Feature", "properties": {"id": 137, "chain_order": 9, "margin_m": 100, "names": ["GLENWOOD AVENUE", "MCDONALD ROAD"], "changes": 1, "run_lengths_m": [100.0, 100.0], "min_run_m": 100.0, "start_m": 5193.265325832477, "end_m": 5393.265325832477, "length_m": 200.0000000001373, "chord_m": 190.5694761308316, "ratio": 1.049486014553723, "max_offset_m": 30.136827741221786}, "geometry": {"type": "LineString", "coordinates": [[-76.17427538573503, 43.01943150841939], [-76.1743593073686, 43.01943362842469], [-76.174501262743, 43.0194445985928], [-76.1746321886024, 43.01945450215129], [-76.1746321886024, 43.01945450215129], [-76.1748713174361, 43.0194725871917], [-76.1754962843624, 43.019520649526896], [-76.1754962843624, 43.019520649526896], [-76.1755593056712, 43.01951757055421], [-76.1756622831455, 43.01947959238499], [-76.17656735162846, 43.019090892788206]]}}, {"type": "Feature", "properties": {"id": 138, "chain_order": 10, "margin_m": 25, "names": ["GERE AVENUE", "WEST END DRIVE"], "changes": 1, "run_lengths_m": [25.0, 25.0], "min_run_m": 25.0, "start_m": 40.32647448116248, "end_m": 90.32647448116248, "length_m": 49.999999999993165, "chord_m": 47.20565014353756, "ratio": 1.0591952414162047, "max_offset_m": 7.588853808791132}, "geometry": {"type": "LineString", "coordinates": [[-76.19830323859868, 43.05825330864212], [-76.1982103570013, 43.0582895892294], [-76.1980482542116, 43.05837764283339], [-76.1980482542116, 43.05837764283339], [-76.1980053210293, 43.05841159050491], [-76.19797037297151, 43.0584646349756], [-76.19793530226326, 43.05858173347451]]}}, {"type": "Feature", "properties": {"id": 139, "chain_order": 10, "margin_m": 25, "names": ["GERE AVENUE", "WEST END DRIVE", "ERIE BOULEVARD WEST"], "changes": 2, "run_lengths_m": [25.0, 85.36282479229166, 25.0], "min_run_m": 25.0, "start_m": 40.32647448116248, "end_m": 175.68929927345414, "length_m": 135.3628247927441, "chord_m": 129.33921931191017, "ratio": 1.0465721496764846, "max_offset_m": 14.052193714746242}, "geometry": {"type": "LineString", "coordinates": [[-76.19830323859868, 43.05825330864212], [-76.1982103570013, 43.0582895892294], [-76.1980482542116, 43.05837764283339], [-76.1980482542116, 43.05837764283339], [-76.1980053210293, 43.05841159050491], [-76.19797037297151, 43.0584646349756], [-76.19777631171732, 43.05911258560249], [-76.19777631171732, 43.05911258560249], [-76.1976402645624, 43.059258627426914], [-76.19760440831979, 43.05929906779413]]}}, {"type": "Feature", "properties": {"id": 140, "chain_order": 10, "margin_m": 25, "names": ["WEST END DRIVE", "ERIE BOULEVARD WEST"], "changes": 1, "run_lengths_m": [25.0, 25.0], "min_run_m": 25.0, "start_m": 125.68929927345414, "end_m": 175.68929927345414, "length_m": 50.00000000038081, "chord_m": 49.107546012242274, "ratio": 1.0181734592870115, "max_offset_m": 4.699453871340627}, "geometry": {"type": "LineString", "coordinates": [[-76.1978421599118, 43.05889272674871], [-76.19777631171732, 43.05911258560249], [-76.19777631171732, 43.05911258560249], [-76.1976402645624, 43.059258627426914], [-76.19760440831979, 43.05929906779413]]}}, {"type": "Feature", "properties": {"id": 141, "chain_order": 10, "margin_m": 50, "names": ["GERE AVENUE", "WEST END DRIVE"], "changes": 1, "run_lengths_m": [50.0, 50.0], "min_run_m": 50.0, "start_m": 15.326474481162478, "end_m": 115.32647448116248, "length_m": 100.00000000006241, "chord_m": 92.58242270993415, "ratio": 1.0801186345421954, "max_offset_m": 18.168563967887934}, "geometry": {"type": "LineString", "coordinates": [[-76.19857416804317, 43.05814747990943], [-76.1982103570013, 43.0582895892294], [-76.1980482542116, 43.05837764283339], [-76.1980482542116, 43.05837764283339], [-76.1980053210293, 43.05841159050491], [-76.19797037297151, 43.0584646349756], [-76.19786945471083, 43.058801592385606]]}}, {"type": "Feature", "properties": {"id": 142, "chain_order": 10, "margin_m": 50, "names": ["GERE AVENUE", "WEST END DRIVE", "ERIE BOULEVARD WEST"], "changes": 2, "run_lengths_m": [50.0, 85.36282479229166, 50.0], "min_run_m": 50.0, "start_m": 15.326474481162478, "end_m": 200.68929927345414, "length_m": 185.3628247927523, "chord_m": 175.3117851401637, "ratio": 1.0573323672709891, "max_offset_m": 23.842490818774834}, "geometry": {"type": "LineString", "coordinates": [[-76.19857416804317, 43.05814747990943], [-76.1982103570013, 43.0582895892294], [-76.1980482542116, 43.05837764283339], [-76.1980482542116, 43.05837764283339], [-76.1980053210293, 43.05841159050491], [-76.19797037297151, 43.0584646349756], [-76.19777631171732, 43.05911258560249], [-76.19777631171732, 43.05911258560249], [-76.1976402645624, 43.059258627426914], [-76.19743708094765, 43.059487786680165]]}}, {"type": "Feature", "properties": {"id": 143, "chain_order": 10, "margin_m": 50, "names": ["WEST END DRIVE", "ERIE BOULEVARD WEST"], "changes": 1, "run_lengths_m": [50.0, 50.0], "min_run_m": 50.0, "start_m": 100.68929927345414, "end_m": 200.68929927345414, "length_m": 100.00000000030876, "chord_m": 98.29742057112114, "ratio": 1.0173206928451979, "max_offset_m": 9.17873700223104}, "geometry": {"type": "LineString", "coordinates": [[-76.19790800765237, 43.058672867854426], [-76.19777631171732, 43.05911258560249], [-76.19777631171732, 43.05911258560249], [-76.1976402645624, 43.059258627426914], [-76.19743708094765, 43.059487786680165]]}}, {"type": "Feature", "properties": {"id": 144, "chain_order": 11, "margin_m": 25, "names": ["VELASKO ROAD", "SOUTH AVERY AVENUE"], "changes": 1, "run_lengths_m": [25.0, 25.0], "min_run_m": 25.0, "start_m": 1182.8957879050668, "end_m": 1232.8957879050668, "length_m": 49.999999999666606, "chord_m": 49.97040054105083, "ratio": 1.0005923398310859, "max_offset_m": 0.37519885970508}, "geometry": {"type": "LineString", "coordinates": [[-76.18819768971544, 43.036216452484325], [-76.1881952474095, 43.0362285959217], [-76.1881222539028, 43.0364345751824], [-76.1881222539028, 43.0364345751824], [-76.188054274792, 43.036620601817795], [-76.18804798383636, 43.03665277822589]]}}, {"type": "Feature", "properties": {"id": 145, "chain_order": 11, "margin_m": 25, "names": ["VELASKO ROAD", "SOUTH AVERY AVENUE", "AVERY AVENUE"], "changes": 2, "run_lengths_m": [25.0, 977.6548810819249, 25.0], "min_run_m": 25.0, "start_m": 1182.8957879050668, "end_m": 2210.5506689869917, "length_m": 1027.6548810820527, "chord_m": 1010.5125731557142, "ratio": 1.0169639729200053, "max_offset_m": 35.969265069667514}, "geometry": {"type": "LineString", "coordinates": [[-76.18819768971544, 43.036216452484325], [-76.1881952474095, 43.0362285959217], [-76.1881222539028, 43.0364345751824], [-76.1881222539028, 43.0364345751824], [-76.188054274792, 43.036620601817795], [-76.1880073476998, 43.0368606194676], [-76.1879953282413, 43.0370266142189], [-76.1879912543815, 43.03720360309261], [-76.1879954378358, 43.03722572092071], [-76.1879954378358, 43.03722572092071], [-76.1880352790169, 43.0374366428951], [-76.1881602697073, 43.0377876165304], [-76.1881602697073, 43.0377876165304], [-76.1883563503742, 43.038323623450104], [-76.1884755217781, 43.038662950980104], [-76.1884755217781, 43.038662950980104], [-76.1890573165702, 43.04031957039151], [-76.1896782707222, 43.04247365971949], [-76.18969234193281, 43.0426046245566], [-76.18969234193281, 43.0426046245566], [-76.189693322893, 43.0426236146974], [-76.1896553214616, 43.0429506171062], [-76.1896092747184, 43.043280584600495], [-76.1896092747184, 43.043280584600495], [-76.18947824824771, 43.044187658622896], [-76.18947824824771, 43.044187658622896], [-76.1894032568878, 43.044722607801894], [-76.1894032568878, 43.044722607801894], [-76.1894203482344, 43.0448446262203], [-76.1895523439873, 43.045048655626], [-76.1895523439873, 43.045048655626], [-76.18969292676647, 43.04524875087446]]}}, {"type": "Feature", "properties": {"id": 146, "chain_order": 11, "margin_m": 25, "names": ["SOUTH AVERY AVENUE", "AVERY AVENUE"], "changes": 1, "run_lengths_m": [25.0, 25.0], "min_run_m": 25.0, "start_m": 2160.5506689869917, "end_m": 2210.5506689869917, "length_m": 50.00000000024139, "chord_m": 49.99328711990321, "ratio": 1.0001342756342884, "max_offset_m": 0.4096470953941384}, "geometry": {"type": "LineString", "coordinates": [[-76.18942077702192, 43.04484528901126], [-76.1895523439873, 43.045048655626], [-76.1895523439873, 43.045048655626], [-76.18969292676647, 43.04524875087446]]}}, {"type": "Feature", "properties": {"id": 147, "chain_order": 11, "margin_m": 50, "names": ["VELASKO ROAD", "SOUTH AVERY AVENUE"], "changes": 1, "run_lengths_m": [50.0, 50.0], "min_run_m": 50.0, "start_m": 1157.8957879050668, "end_m": 1257.8957879050668, "length_m": 100.000000000175, "chord_m": 99.82551298147041, "ratio": 1.001747920080681, "max_offset_m": 1.6237861693130604}, "geometry": {"type": "LineString", "coordinates": [[-76.1882424771698, 43.03599376308652], [-76.1881952474095, 43.0362285959217], [-76.1881222539028, 43.0364345751824], [-76.1881222539028, 43.0364345751824], [-76.188054274792, 43.036620601817795], [-76.1880073476998, 43.0368606194676], [-76.18800625356074, 43.03687573010816]]}}, {"type": "Feature", "properties": {"id": 148, "chain_order": 11, "margin_m": 50, "names": ["VELASKO ROAD", "SOUTH AVERY AVENUE", "AVERY AVENUE"], "changes": 2, "run_lengths_m": [50.0, 977.6548810819249, 50.0], "min_run_m": 50.0, "start_m": 1157.8957879050668, "end_m": 2235.5506689869917, "length_m": 1077.6548810820577, "chord_m": 1058.068212801074, "ratio": 1.0185117254672371, "max_offset_m": 36.77099689597362}, "geometry": {"type": "LineString", "coordinates": [[-76.1882424771698, 43.03599376308652], [-76.1881952474095, 43.0362285959217], [-76.1881222539028, 43.0364345751824], [-76.1881222539028, 43.0364345751824], [-76.188054274792, 43.036620601817795], [-76.1880073476998, 43.0368606194676], [-76.1879953282413, 43.0370266142189], [-76.1879912543815, 43.03720360309261], [-76.1879954378358, 43.03722572092071], [-76.1879954378358, 43.03722572092071], [-76.1880352790169, 43.0374366428951], [-76.1881602697073, 43.0377876165304], [-76.1881602697073, 43.0377876165304], [-76.1883563503742, 43.038323623450104], [-76.1884755217781, 43.038662950980104], [-76.1884755217781, 43.038662950980104], [-76.1890573165702, 43.04031957039151], [-76.1896782707222, 43.04247365971949], [-76.18969234193281, 43.0426046245566], [-76.18969234193281, 43.0426046245566], [-76.189693322893, 43.0426236146974], [-76.1896553214616, 43.0429506171062], [-76.1896092747184, 43.043280584600495], [-76.1896092747184, 43.043280584600495], [-76.18947824824771, 43.044187658622896], [-76.18947824824771, 43.044187658622896], [-76.1894032568878, 43.044722607801894], [-76.1894032568878, 43.044722607801894], [-76.1894203482344, 43.0448446262203], [-76.1895523439873, 43.045048655626], [-76.1895523439873, 43.045048655626], [-76.18983351047031, 43.045448845932405]]}}, {"type": "Feature", "properties": {"id": 149, "chain_order": 11, "margin_m": 50, "names": ["SOUTH AVERY AVENUE", "AVERY AVENUE"], "changes": 1, "run_lengths_m": [50.0, 50.0], "min_run_m": 50.0, "start_m": 2135.5506689869917, "end_m": 2235.5506689869917, "length_m": 100.00000000043548, "chord_m": 97.94471077747099, "ratio": 1.0209841777738675, "max_offset_m": 8.355171508916397}, "geometry": {"type": "LineString", "coordinates": [[-76.18941743966316, 43.04462143595634], [-76.1894032568878, 43.044722607801894], [-76.1894032568878, 43.044722607801894], [-76.1894203482344, 43.0448446262203], [-76.1895523439873, 43.045048655626], [-76.1895523439873, 43.045048655626], [-76.18983351047031, 43.045448845932405]]}}, {"type": "Feature", "properties": {"id": 150, "chain_order": 11, "margin_m": 100, "names": ["VELASKO ROAD", "SOUTH AVERY AVENUE"], "changes": 1, "run_lengths_m": [100.0, 100.0], "min_run_m": 100.0, "start_m": 1107.8957879050668, "end_m": 1307.8957879050668, "length_m": 199.99999999989998, "chord_m": 197.6361673082344, "ratio": 1.0119605268805831, "max_offset_m": 8.491857915356615}, "geometry": {"type": "LineString", "coordinates": [[-76.18818415323389, 43.03554939832334], [-76.1882127510828, 43.035627337016685], [-76.1882127510828, 43.035627337016685], [-76.1882323038133, 43.035680623126005], [-76.1882323038133, 43.035680623126005], [-76.1882472733392, 43.035756649350695], [-76.1882493484475, 43.0359595980096], [-76.1881952474095, 43.0362285959217], [-76.1881222539028, 43.0364345751824], [-76.1881222539028, 43.0364345751824], [-76.188054274792, 43.036620601817795], [-76.1880073476998, 43.0368606194676], [-76.1879953282413, 43.0370266142189], [-76.1879912543815, 43.03720360309261], [-76.1879954378358, 43.03722572092071], [-76.1879954378358, 43.03722572092071], [-76.18801410303905, 43.03732453599386]]}}, {"type": "Feature", "properties": {"id": 151, "chain_order": 11, "margin_m": 100, "names": ["VELASKO ROAD", "SOUTH AVERY AVENUE", "AVERY AVENUE"], "changes": 2, "run_lengths_m": [100.0, 977.6548810819249, 100.0], "min_run_m": 100.0, "start_m": 1107.8957879050668, "end_m": 2285.5506689869917, "length_m": 1177.6548810822624, "chord_m": 1154.6578012058967, "ratio": 1.0199167925357175, "max_offset_m": 40.83696827245606}, "geometry": {"type": "LineString", "coordinates": [[-76.18818415323389, 43.03554939832334], [-76.1882127510828, 43.035627337016685], [-76.1882127510828, 43.035627337016685], [-76.1882323038133, 43.035680623126005], [-76.1882323038133, 43.035680623126005], [-76.1882472733392, 43.035756649350695], [-76.1882493484475, 43.0359595980096], [-76.1881952474095, 43.0362285959217], [-76.1881222539028, 43.0364345751824], [-76.1881222539028, 43.0364345751824], [-76.188054274792, 43.036620601817795], [-76.1880073476998, 43.0368606194676], [-76.1879953282413, 43.0370266142189], [-76.1879912543815, 43.03720360309261], [-76.1879954378358, 43.03722572092071], [-76.1879954378358, 43.03722572092071], [-76.1880352790169, 43.0374366428951], [-76.1881602697073, 43.0377876165304], [-76.1881602697073, 43.0377876165304], [-76.1883563503742, 43.038323623450104], [-76.1884755217781, 43.038662950980104], [-76.1884755217781, 43.038662950980104], [-76.1890573165702, 43.04031957039151], [-76.1896782707222, 43.04247365971949], [-76.18969234193281, 43.0426046245566], [-76.18969234193281, 43.0426046245566], [-76.189693322893, 43.0426236146974], [-76.1896553214616, 43.0429506171062], [-76.1896092747184, 43.043280584600495], [-76.1896092747184, 43.043280584600495], [-76.18947824824771, 43.044187658622896], [-76.18947824824771, 43.044187658622896], [-76.1894032568878, 43.044722607801894], [-76.1894032568878, 43.044722607801894], [-76.1894203482344, 43.0448446262203], [-76.1895523439873, 43.045048655626], [-76.1895523439873, 43.045048655626], [-76.19011468065196, 43.04584903547671]]}}, {"type": "Feature", "properties": {"id": 152, "chain_order": 11, "margin_m": 100, "names": ["SOUTH AVERY AVENUE", "AVERY AVENUE"], "changes": 1, "run_lengths_m": [100.0, 100.0], "min_run_m": 100.0, "start_m": 2085.5506689869917, "end_m": 2285.5506689869917, "length_m": 200.00000000067453, "chord_m": 193.11958761143458, "ratio": 1.0356277292963345, "max_offset_m": 24.6458991832761}, "geometry": {"type": "LineString", "coordinates": [[-76.18948027868335, 43.04417360245171], [-76.18947824824771, 43.044187658622896], [-76.18947824824771, 43.044187658622896], [-76.1894032568878, 43.044722607801894], [-76.1894032568878, 43.044722607801894], [-76.1894203482344, 43.0448446262203], [-76.1895523439873, 43.045048655626], [-76.1895523439873, 43.045048655626], [-76.19011468065196, 43.04584903547671]]}}, {"type": "Feature", "properties": {"id": 153, "chain_order": 12, "margin_m": 25, "names": ["NORTH MIDLER AVENUE", "SOUTH MIDLER AVENUE"], "changes": 1, "run_lengths_m": [25.0, 25.0], "min_run_m": 25.0, "start_m": 788.7209777281707, "end_m": 838.7209777281707, "length_m": 49.99999999948527, "chord_m": 49.849668910846596, "ratio": 1.0030156888084358, "max_offset_m": 1.7399438775896678}, "geometry": {"type": "LineString", "coordinates": [[-76.10533613445769, 43.06912399745025], [-76.1053302330776, 43.0690615785338], [-76.1052912479909, 43.068901578021205], [-76.1052912479909, 43.068901578021205], [-76.1052045469212, 43.068685637433305]]}}, {"type": "Feature", "properties": {"id": 154, "chain_order": 12, "margin_m": 25, "names": ["NORTH MIDLER AVENUE", "SOUTH MIDLER AVENUE", "SEELEY ROAD"], "changes": 2, "run_lengths_m": [25.0, 1714.2972739201298, 25.0], "min_run_m": 25.0, "start_m": 788.7209777281707, "end_m": 2553.0182516483005, "length_m": 1764.2972739199026, "chord_m": 1760.547606135668, "ratio": 1.0021298303841184, "max_offset_m": 29.187148432711332}, "geometry": {"type": "LineString", "coordinates": [[-76.10533613445769, 43.06912399745025], [-76.1053302330776, 43.0690615785338], [-76.1052912479909, 43.068901578021205], [-76.1052912479909, 43.068901578021205], [-76.1051013405466, 43.0684285860521], [-76.1050632241308, 43.068241652457196], [-76.1048933086931, 43.06643358458798], [-76.1048933086931, 43.06643358458798], [-76.1046913189082, 43.0641655867312], [-76.1046913189082, 43.0641655867312], [-76.1044933122533, 43.06189961964099], [-76.1044933122533, 43.06189961964099], [-76.1043252545316, 43.0600765832027], [-76.1043252545316, 43.0600765832027], [-76.1041832775976, 43.058515605958796], [-76.1041832775976, 43.058515605958796], [-76.1041372946348, 43.05802663405841], [-76.1041372946348, 43.05802663405841], [-76.1041308725788, 43.0578179633259], [-76.1041308725788, 43.0578179633259], [-76.104117512834, 43.05767085278279], [-76.104117512834, 43.05767085278279], [-76.1040823132478, 43.0574536434155], [-76.1040823132478, 43.0574536434155], [-76.1040423364211, 43.05702557675009], [-76.1040423364211, 43.05702557675009], [-76.1040032498247, 43.05653761889172], [-76.1040032498247, 43.05653761889172], [-76.1039993241869, 43.05650361832859], [-76.1039652681562, 43.05617959070321], [-76.1039652681562, 43.05617959070321], [-76.1039072244125, 43.0556136534475], [-76.1039072244125, 43.0556136534475], [-76.1039123448096, 43.05541033658159], [-76.1039123448096, 43.05541033658159], [-76.1039111796946, 43.055345422520695], [-76.1039111796946, 43.055345422520695], [-76.1039129808168, 43.05526439717859], [-76.1039129808168, 43.05526439717859], [-76.1039103236002, 43.0548486581665], [-76.1039827619481, 43.05437781448799], [-76.1040512674716, 43.0538206512531], [-76.1040512674716, 43.0538206512531], [-76.10407525787961, 43.05367264955899], [-76.10407525787961, 43.05367264955899], [-76.1040824372154, 43.0536025670341], [-76.1040824372154, 43.0536025670341], [-76.104086336802, 43.053523601184395], [-76.104086336802, 43.053523601184395], [-76.10408291308183, 43.05329851242646]]}}, {"type": "Feature", "properties": {"id": 155, "chain_order": 12, "margin_m": 25, "names": ["SOUTH MIDLER AVENUE", "SEELEY ROAD"], "changes": 1, "run_lengths_m": [25.0, 25.0], "min_run_m": 25.0, "start_m": 2503.0182516483005, "end_m": 2553.0182516483005, "length_m": 49.999999999983885, "chord_m": 49.93809889897727, "ratio": 1.0012395566185215, "max_offset_m": 1.088282026994728}, "geometry": {"type": "LineString", "coordinates": [[-76.10406305612933, 43.05374792471629], [-76.10407525787961, 43.05367264955899], [-76.10407525787961, 43.05367264955899], [-76.1040824372154, 43.0536025670341], [-76.1040824372154, 43.0536025670341], [-76.104086336802, 43.053523601184395], [-76.104086336802, 43.053523601184395], [-76.10408291308183, 43.05329851242646]]}}, {"type": "Feature", "properties": {"id": 156, "chain_order": 12, "margin_m": 50, "names": ["NORTH MIDLER AVENUE", "SOUTH MIDLER AVENUE"], "changes": 1, "run_lengths_m": [50.0, 50.0], "min_run_m": 50.0, "start_m": 763.7209777281707, "end_m": 863.7209777281707, "length_m": 100.00000000015191, "chord_m": 99.53662734451213, "ratio": 1.0046552979340557, "max_offset_m": 4.447523333340971}, "geometry": {"type": "LineString", "coordinates": [[-76.10535736584248, 43.06934856070567], [-76.1053302330776, 43.0690615785338], [-76.1052912479909, 43.068901578021205], [-76.1052912479909, 43.068901578021205], [-76.1051178464746, 43.06846969676493]]}}, {"type": "Feature", "properties": {"id": 157, "chain_order": 12, "margin_m": 50, "names": ["NORTH MIDLER AVENUE", "SOUTH MIDLER AVENUE", "SEELEY ROAD"], "changes": 2, "run_lengths_m": [50.0, 1714.2972739201298, 50.0], "min_run_m": 50.0, "start_m": 763.7209777281707, "end_m": 2578.0182516483005, "length_m": 1814.2972739200443, "chord_m": 1810.5390711362077, "ratio": 1.0020757369138011, "max_offset_m": 29.635430927428647}, "geometry": {"type": "LineString", "coordinates": [[-76.10535736584248, 43.06934856070567], [-76.1053302330776, 43.0690615785338], [-76.1052912479909, 43.068901578021205], [-76.1052912479909, 43.068901578021205], [-76.1051013405466, 43.0684285860521], [-76.1050632241308, 43.068241652457196], [-76.1048933086931, 43.06643358458798], [-76.1048933086931, 43.06643358458798], [-76.1046913189082, 43.0641655867312], [-76.1046913189082, 43.0641655867312], [-76.1044933122533, 43.06189961964099], [-76.1044933122533, 43.06189961964099], [-76.1043252545316, 43.0600765832027], [-76.1043252545316, 43.0600765832027], [-76.1041832775976, 43.058515605958796], [-76.1041832775976, 43.058515605958796], [-76.1041372946348, 43.05802663405841], [-76.1041372946348, 43.05802663405841], [-76.1041308725788, 43.0578179633259], [-76.1041308725788, 43.0578179633259], [-76.104117512834, 43.05767085278279], [-76.104117512834, 43.05767085278279], [-76.1040823132478, 43.0574536434155], [-76.1040823132478, 43.0574536434155], [-76.1040423364211, 43.05702557675009], [-76.1040423364211, 43.05702557675009], [-76.1040032498247, 43.05653761889172], [-76.1040032498247, 43.05653761889172], [-76.1039993241869, 43.05650361832859], [-76.1039652681562, 43.05617959070321], [-76.1039652681562, 43.05617959070321], [-76.1039072244125, 43.0556136534475], [-76.1039072244125, 43.0556136534475], [-76.1039123448096, 43.05541033658159], [-76.1039123448096, 43.05541033658159], [-76.1039111796946, 43.055345422520695], [-76.1039111796946, 43.055345422520695], [-76.1039129808168, 43.05526439717859], [-76.1039129808168, 43.05526439717859], [-76.1039103236002, 43.0548486581665], [-76.1039827619481, 43.05437781448799], [-76.1040512674716, 43.0538206512531], [-76.1040512674716, 43.0538206512531], [-76.10407525787961, 43.05367264955899], [-76.10407525787961, 43.05367264955899], [-76.1040824372154, 43.0536025670341], [-76.1040824372154, 43.0536025670341], [-76.104086336802, 43.053523601184395], [-76.104086336802, 43.053523601184395], [-76.1040822297045, 43.053253584196305], [-76.10407100118032, 43.053073600720424]]}}, {"type": "Feature", "properties": {"id": 158, "chain_order": 12, "margin_m": 50, "names": ["SOUTH MIDLER AVENUE", "SEELEY ROAD"], "changes": 1, "run_lengths_m": [50.0, 50.0], "min_run_m": 50.0, "start_m": 2478.0182516483005, "end_m": 2578.0182516483005, "length_m": 99.99999999962844, "chord_m": 99.81450472611115, "ratio": 1.0018583999793045, "max_offset_m": 2.8115146080513926}, "geometry": {"type": "LineString", "coordinates": [[-76.10403267069994, 43.053971901840555], [-76.1040512674716, 43.0538206512531], [-76.1040512674716, 43.0538206512531], [-76.10407525787961, 43.05367264955899], [-76.10407525787961, 43.05367264955899], [-76.1040824372154, 43.0536025670341], [-76.1040824372154, 43.0536025670341], [-76.104086336802, 43.053523601184395], [-76.104086336802, 43.053523601184395], [-76.1040822297045, 43.053253584196305], [-76.10407100118032, 43.053073600720424]]}}, {"type": "Feature", "properties": {"id": 159, "chain_order": 12, "margin_m": 100, "names": ["NORTH MIDLER AVENUE", "SOUTH MIDLER AVENUE"], "changes": 1, "run_lengths_m": [100.0, 100.0], "min_run_m": 100.0, "start_m": 713.7209777281707, "end_m": 913.7209777281707, "length_m": 200.00000000041098, "chord_m": 199.1397396302912, "ratio": 1.0043198829712086, "max_offset_m": 6.33019090846805}, "geometry": {"type": "LineString", "coordinates": [[-76.10539982912773, 43.06979768717348], [-76.1053302330776, 43.0690615785338], [-76.1052912479909, 43.068901578021205], [-76.1052912479909, 43.068901578021205], [-76.1051013405466, 43.0684285860521], [-76.1050632241308, 43.068241652457196], [-76.10504275343959, 43.06802383040564]]}}, {"type": "Feature", "properties": {"id": 160, "chain_order": 12, "margin_m": 100, "names": ["NORTH MIDLER AVENUE", "SOUTH MIDLER AVENUE", "SEELEY ROAD"], "changes": 2, "run_lengths_m": [100.0, 1714.2972739201298, 100.0], "min_run_m": 100.0, "start_m": 713.7209777281707, "end_m": 2628.0182516483005, "length_m": 1914.297273920009, "chord_m": 1910.5279517674173, "ratio": 1.0019729217513436, "max_offset_m": 29.588070301122002}, "geometry": {"type": "LineString", "coordinates": [[-76.10539982912773, 43.06979768717348], [-76.1053302330776, 43.0690615785338], [-76.1052912479909, 43.068901578021205], [-76.1052912479909, 43.068901578021205], [-76.1051013405466, 43.0684285860521], [-76.1050632241308, 43.068241652457196], [-76.1048933086931, 43.06643358458798], [-76.1048933086931, 43.06643358458798], [-76.1046913189082, 43.0641655867312], [-76.1046913189082, 43.0641655867312], [-76.1044933122533, 43.06189961964099], [-76.1044933122533, 43.06189961964099], [-76.1043252545316, 43.0600765832027], [-76.1043252545316, 43.0600765832027], [-76.1041832775976, 43.058515605958796], [-76.1041832775976, 43.058515605958796], [-76.1041372946348, 43.05802663405841], [-76.1041372946348, 43.05802663405841], [-76.1041308725788, 43.0578179633259], [-76.1041308725788, 43.0578179633259], [-76.104117512834, 43.05767085278279], [-76.104117512834, 43.05767085278279], [-76.1040823132478, 43.0574536434155], [-76.1040823132478, 43.0574536434155], [-76.1040423364211, 43.05702557675009], [-76.1040423364211, 43.05702557675009], [-76.1040032498247, 43.05653761889172], [-76.1040032498247, 43.05653761889172], [-76.1039993241869, 43.05650361832859], [-76.1039652681562, 43.05617959070321], [-76.1039652681562, 43.05617959070321], [-76.1039072244125, 43.0556136534475], [-76.1039072244125, 43.0556136534475], [-76.1039123448096, 43.05541033658159], [-76.1039123448096, 43.05541033658159], [-76.1039111796946, 43.055345422520695], [-76.1039111796946, 43.055345422520695], [-76.1039129808168, 43.05526439717859], [-76.1039129808168, 43.05526439717859], [-76.1039103236002, 43.0548486581665], [-76.1039827619481, 43.05437781448799], [-76.1040512674716, 43.0538206512531], [-76.1040512674716, 43.0538206512531], [-76.10407525787961, 43.05367264955899], [-76.10407525787961, 43.05367264955899], [-76.1040824372154, 43.0536025670341], [-76.1040824372154, 43.0536025670341], [-76.104086336802, 43.053523601184395], [-76.104086336802, 43.053523601184395], [-76.1040822297045, 43.053253584196305], [-76.1040553422297, 43.052822599302296], [-76.10403334032837, 43.05262431311138]]}}, {"type": "Feature", "properties": {"id": 161, "chain_order": 12, "margin_m": 100, "names": ["SOUTH MIDLER AVENUE", "SEELEY ROAD"], "changes": 1, "run_lengths_m": [100.0, 100.0], "min_run_m": 100.0, "start_m": 2428.0182516483005, "end_m": 2628.0182516483005, "length_m": 199.99999999962316, "chord_m": 199.5051852192627, "ratio": 1.0024802101249481, "max_offset_m": 6.643189387151854}, "geometry": {"type": "LineString", "coordinates": [[-76.10397624233639, 43.05442019174012], [-76.1039827619481, 43.05437781448799], [-76.1040512674716, 43.0538206512531], [-76.1040512674716, 43.0538206512531], [-76.10407525787961, 43.05367264955899], [-76.10407525787961, 43.05367264955899], [-76.1040824372154, 43.0536025670341], [-76.1040824372154, 43.0536025670341], [-76.104086336802, 43.053523601184395], [-76.104086336802, 43.053523601184395], [-76.1040822297045, 43.053253584196305], [-76.1040553422297, 43.052822599302296], [-76.10403334032837, 43.05262431311138]]}}, {"type": "Feature", "properties": {"id": 162, "chain_order": 13, "margin_m": 25, "names": ["BUTTERNUT STREET", "NORTH FRANKLIN STREET"], "changes": 1, "run_lengths_m": [25.0, 25.0], "min_run_m": 25.0, "start_m": 2366.253558171073, "end_m": 2416.253558171073, "length_m": 49.99999999970969, "chord_m": 49.84977446535789, "ratio": 1.0030135649752276, "max_offset_m": 1.9364907515865786}, "geometry": {"type": "LineString", "coordinates": [[-76.15456746671839, 43.05495109504621], [-76.1547043566999, 43.054749617915796], [-76.1547043566999, 43.054749617915796], [-76.15479716822259, 43.054535053493204]]}}, {"type": "Feature", "properties": {"id": 163, "chain_order": 13, "margin_m": 25, "names": ["BUTTERNUT STREET", "NORTH FRANKLIN STREET", "SOUTH FRANKLIN STREET"], "changes": 2, "run_lengths_m": [25.0, 431.3078879641962, 25.0], "min_run_m": 25.0, "start_m": 2366.253558171073, "end_m": 2847.5614461352693, "length_m": 481.30788796433575, "chord_m": 474.737898122122, "ratio": 1.0138391939388072, "max_offset_m": 17.2791894149613}, "geometry": {"type": "LineString", "coordinates": [[-76.15456746671839, 43.05495109504621], [-76.1547043566999, 43.054749617915796], [-76.1547043566999, 43.054749617915796], [-76.1548042745123, 43.054518624899096], [-76.1548153588246, 43.05440262066399], [-76.1548153588246, 43.05440262066399], [-76.1548183367398, 43.054299574308], [-76.1548183367398, 43.054299574308], [-76.1548369094083, 43.054123864203085], [-76.1548369094083, 43.054123864203085], [-76.1548317979943, 43.054082465901], [-76.1548317979943, 43.054082465901], [-76.154841256356, 43.0533615751177], [-76.154841256356, 43.0533615751177], [-76.1548512869444, 43.05299965748209], [-76.1549033461118, 43.0524105735466], [-76.1549033461118, 43.0524105735466], [-76.1550522903791, 43.051952612634], [-76.1550522903791, 43.051952612634], [-76.1554433324122, 43.051309587745486], [-76.1554782930465, 43.0509546228411], [-76.1554782930465, 43.0509546228411], [-76.155479673757, 43.0508463611659], [-76.155479673757, 43.0508463611659], [-76.15548252188503, 43.050729545522465]]}}, {"type": "Feature", "properties": {"id": 164, "chain_order": 13, "margin_m": 25, "names": ["NORTH FRANKLIN STREET", "SOUTH FRANKLIN STREET"], "changes": 1, "run_lengths_m": [25.0, 25.0], "min_run_m": 25.0, "start_m": 2797.5614461352693, "end_m": 2847.5614461352693, "length_m": 50.00000000005447, "chord_m": 49.97851212521263, "ratio": 1.0004299422677492, "max_offset_m": 0.7289790736503715}, "geometry": {"type": "LineString", "coordinates": [[-76.15545618043767, 43.05117913864792], [-76.1554782930465, 43.0509546228411], [-76.1554782930465, 43.0509546228411], [-76.155479673757, 43.0508463611659], [-76.155479673757, 43.0508463611659], [-76.15548252188503, 43.050729545522465]]}}, {"type": "Feature", "properties": {"id": 165, "chain_order": 13, "margin_m": 50, "names": ["BUTTERNUT STREET", "NORTH FRANKLIN STREET"], "changes": 1, "run_lengths_m": [50.0, 50.0], "min_run_m": 50.0, "start_m": 2341.253558171073, "end_m": 2441.253558171073, "length_m": 100.00000000000081, "chord_m": 98.60052856023255, "ratio": 1.014193346224441, "max_offset_m": 6.944007869587494}, "geometry": {"type": "LineString", "coordinates": [[-76.15442762406896, 43.05515144330119], [-76.1544709124054, 43.055093204535595], [-76.1544709124054, 43.055093204535595], [-76.1547043566999, 43.054749617915796], [-76.1547043566999, 43.054749617915796], [-76.1548042745123, 43.054518624899096], [-76.1548153588246, 43.05440262066399], [-76.1548153588246, 43.05440262066399], [-76.15481800468471, 43.05431106459429]]}}, {"type": "Feature", "properties": {"id": 166, "chain_order": 13, "margin_m": 50, "names": ["BUTTERNUT STREET", "NORTH FRANKLIN STREET", "SOUTH FRANKLIN STREET"], "changes": 2, "run_lengths_m": [50.0, 431.3078879641962, 50.0], "min_run_m": 50.0, "start_m": 2341.253558171073, "end_m": 2872.5614461352693, "length_m": 531.3078879636793, "chord_m": 523.2871118288465, "ratio": 1.015327677585639, "max_offset_m": 18.64301482297681}, "geometry": {"type": "LineString", "coordinates": [[-76.15442762406896, 43.05515144330119], [-76.1544709124054, 43.055093204535595], [-76.1544709124054, 43.055093204535595], [-76.1547043566999, 43.054749617915796], [-76.1547043566999, 43.054749617915796], [-76.1548042745123, 43.054518624899096], [-76.1548153588246, 43.05440262066399], [-76.1548153588246, 43.05440262066399], [-76.1548183367398, 43.054299574308], [-76.1548183367398, 43.054299574308], [-76.1548369094083, 43.054123864203085], [-76.1548369094083, 43.054123864203085], [-76.1548317979943, 43.054082465901], [-76.1548317979943, 43.054082465901], [-76.154841256356, 43.0533615751177], [-76.154841256356, 43.0533615751177], [-76.1548512869444, 43.05299965748209], [-76.1549033461118, 43.0524105735466], [-76.1549033461118, 43.0524105735466], [-76.1550522903791, 43.051952612634], [-76.1550522903791, 43.051952612634], [-76.1554433324122, 43.051309587745486], [-76.1554782930465, 43.0509546228411], [-76.1554782930465, 43.0509546228411], [-76.155479673757, 43.0508463611659], [-76.155479673757, 43.0508463611659], [-76.1554863473413, 43.05057264448161], [-76.1554863473413, 43.05057264448161], [-76.15548908354565, 43.05050449940685]]}}, {"type": "Feature", "properties": {"id": 167, "chain_order": 13, "margin_m": 50, "names": ["NORTH FRANKLIN STREET", "SOUTH FRANKLIN STREET"], "changes": 1, "run_lengths_m": [50.0, 50.0], "min_run_m": 50.0, "start_m": 2772.5614461352693, "end_m": 2872.5614461352693, "length_m": 99.99999999944549, "chord_m": 99.30258363330051, "ratio": 1.0070231442186879, "max_offset_m": 3.4825054455788065}, "geometry": {"type": "LineString", "coordinates": [[-76.15539095234233, 43.051395721756634], [-76.1554433324122, 43.051309587745486], [-76.1554782930465, 43.0509546228411], [-76.1554782930465, 43.0509546228411], [-76.155479673757, 43.0508463611659], [-76.155479673757, 43.0508463611659], [-76.1554863473413, 43.05057264448161], [-76.1554863473413, 43.05057264448161], [-76.15548908354565, 43.05050449940685]]}}, {"type": "Feature", "properties": {"id": 168, "chain_order": 13, "margin_m": 100, "names": ["BUTTERNUT STREET", "NORTH FRANKLIN STREET"], "changes": 1, "run_lengths_m": [100.0, 100.0], "min_run_m": 100.0, "start_m": 2291.253558171073, "end_m": 2491.253558171073, "length_m": 200.00000000010945, "chord_m": 196.07870515453024, "ratio": 1.0199985757886805, "max_offset_m": 18.10438045199953}, "geometry": {"type": "LineString", "coordinates": [[-76.15415893740041, 43.05555609507395], [-76.1543650818817, 43.055235585370795], [-76.1543650818817, 43.055235585370795], [-76.1544709124054, 43.055093204535595], [-76.1544709124054, 43.055093204535595], [-76.1547043566999, 43.054749617915796], [-76.1547043566999, 43.054749617915796], [-76.1548042745123, 43.054518624899096], [-76.1548153588246, 43.05440262066399], [-76.1548153588246, 43.05440262066399], [-76.1548183367398, 43.054299574308], [-76.1548183367398, 43.054299574308], [-76.1548369094083, 43.054123864203085], [-76.1548369094083, 43.054123864203085], [-76.1548317979943, 43.054082465901], [-76.1548317979943, 43.054082465901], [-76.15483469620318, 43.05386157257648]]}}, {"type": "Feature", "properties": {"id": 169, "chain_order": 13, "margin_m": 100, "names": ["BUTTERNUT STREET", "NORTH FRANKLIN STREET", "SOUTH FRANKLIN STREET"], "changes": 2, "run_lengths_m": [100.0, 431.3078879641962, 100.0], "min_run_m": 100.0, "start_m": 2291.253558171073, "end_m": 2922.5614461352693, "length_m": 631.3078879637376, "chord_m": 620.8044227444449, "ratio": 1.016919121118466, "max_offset_m": 31.34916161298185}, "geometry": {"type": "LineString", "coordinates": [[-76.15415893740041, 43.05555609507395], [-76.1543650818817, 43.055235585370795], [-76.1543650818817, 43.055235585370795], [-76.1544709124054, 43.055093204535595], [-76.1544709124054, 43.055093204535595], [-76.1547043566999, 43.054749617915796], [-76.1547043566999, 43.054749617915796], [-76.1548042745123, 43.054518624899096], [-76.1548153588246, 43.05440262066399], [-76.1548153588246, 43.05440262066399], [-76.1548183367398, 43.054299574308], [-76.1548183367398, 43.054299574308], [-76.1548369094083, 43.054123864203085], [-76.1548369094083, 43.054123864203085], [-76.1548317979943, 43.054082465901], [-76.1548317979943, 43.054082465901], [-76.154841256356, 43.0533615751177], [-76.154841256356, 43.0533615751177], [-76.1548512869444, 43.05299965748209], [-76.1549033461118, 43.0524105735466], [-76.1549033461118, 43.0524105735466], [-76.1550522903791, 43.051952612634], [-76.1550522903791, 43.051952612634], [-76.1554433324122, 43.051309587745486], [-76.1554782930465, 43.0509546228411], [-76.1554782930465, 43.0509546228411], [-76.155479673757, 43.0508463611659], [-76.155479673757, 43.0508463611659], [-76.1554863473413, 43.05057264448161], [-76.1554863473413, 43.05057264448161], [-76.15550715237768, 43.05005449297723]]}}, {"type": "Feature", "properties": {"id": 170, "chain_order": 13, "margin_m": 100, "names": ["NORTH FRANKLIN STREET", "SOUTH FRANKLIN STREET"], "changes": 1, "run_lengths_m": [100.0, 100.0], "min_run_m": 100.0, "start_m": 2722.5614461352693, "end_m": 2922.5614461352693, "length_m": 199.99999999978246, "chord_m": 196.89600087427903, "ratio": 1.0157646631303872, "max_offset_m": 15.979946624509084}, "geometry": {"type": "LineString", "coordinates": [[-76.15514091174747, 43.051806885981264], [-76.1554433324122, 43.051309587745486], [-76.1554782930465, 43.0509546228411], [-76.1554782930465, 43.0509546228411], [-76.155479673757, 43.0508463611659], [-76.155479673757, 43.0508463611659], [-76.1554863473413, 43.05057264448161], [-76.1554863473413, 43.05057264448161], [-76.15550715237768, 43.05005449297723]]}}, {"type": "Feature", "properties": {"id": 171, "chain_order": 14, "margin_m": 25, "names": ["DESTINY USA DRIVE", "HARBORSIDE DRIVE"], "changes": 1, "run_lengths_m": [25.0, 25.0], "min_run_m": 25.0, "start_m": 800.5496048578699, "end_m": 850.5496048578699, "length_m": 49.999999999563975, "chord_m": 49.99226112056048, "ratio": 1.0001548015398791, "max_offset_m": 0.30431041623245364}, "geometry": {"type": "LineString", "coordinates": [[-76.17086743352974, 43.06743890488821], [-76.171077281037, 43.06727459378639], [-76.171077281037, 43.06727459378639], [-76.1712209584819, 43.067165119264594], [-76.17128626330611, 43.06710978550867]]}}, {"type": "Feature", "properties": {"id": 172, "chain_order": 14, "margin_m": 25, "names": ["DESTINY USA DRIVE", "HARBORSIDE DRIVE", "NBT BANK PARKWAY"], "changes": 2, "run_lengths_m": [25.0, 1518.5183183345512, 25.0], "min_run_m": 25.0, "start_m": 800.5496048578699, "end_m": 2369.067923192421, "length_m": 1568.5183183345262, "chord_m": 818.8737433360336, "ratio": 1.9154580679855404, "max_offset_m": 490.6030196025239}, "geometry": {"type": "LineString", "coordinates": [[-76.17086743352974, 43.06743890488821], [-76.171077281037, 43.06727459378639], [-76.171077281037, 43.06727459378639], [-76.1712209584819, 43.067165119264594], [-76.1713917336073, 43.0670204186557], [-76.1715150031255, 43.066906704173675], [-76.1715413965268, 43.066876402851896], [-76.1715413965268, 43.066876402851896], [-76.171582417196, 43.06682929244389], [-76.1716533733237, 43.06673279031708], [-76.1717853870429, 43.066528892110085], [-76.1717853870429, 43.066528892110085], [-76.1718587246043, 43.0664214067403], [-76.1719041299504, 43.06634850629749], [-76.1720204860342, 43.06624919782799], [-76.1720204860342, 43.06624919782799], [-76.1720781003832, 43.06620286331469], [-76.1722400351879, 43.0661049065439], [-76.1724375217183, 43.06601521152469], [-76.1726038977938, 43.06596346711509], [-76.1727820858169, 43.065935436714696], [-76.1729265933051, 43.065930380071386], [-76.1730616693811, 43.06594209796389], [-76.1730616693811, 43.06594209796389], [-76.17316928845051, 43.065962443973895], [-76.1732967477112, 43.0660004432566], [-76.1733933821812, 43.0660411450753], [-76.1735202925713, 43.06611666377981], [-76.1743632842103, 43.0666236331202], [-76.1744608816744, 43.066683171524396], [-76.1744608816744, 43.066683171524396], [-76.1745730758635, 43.06677255449339], [-76.1746493877469, 43.06685515608531], [-76.1747793110864, 43.067024581370696], [-76.1748290669733, 43.0670748850314], [-76.17490625022262, 43.06712458225919], [-76.1755598716098, 43.067419766305996], [-76.1755598716098, 43.067419766305996], [-76.176504355808, 43.06784629891159], [-76.1766425508346, 43.06793541308699], [-76.1767683014997, 43.06806158340729], [-76.176828309859, 43.06816164035471], [-76.1768651857014, 43.068324303257306], [-76.1768651857014, 43.068324303257306], [-76.17687264710821, 43.06841193360329], [-76.17686160322, 43.068514495553394], [-76.1768211961003, 43.068610218528896], [-76.1767705706441, 43.06868221065508], [-76.1763845259389, 43.06914312245319], [-76.1763845259389, 43.06914312245319], [-76.1757693578358, 43.069877595585794], [-76.1755307500249, 43.07017467667598], [-76.1755307500249, 43.07017467667598], [-76.1749902678545, 43.070847586559005], [-76.1746870280556, 43.07121382967661], [-76.1746870280556, 43.07121382967661], [-76.1737423076005, 43.07234861723089], [-76.1737423076005, 43.07234861723089], [-76.1733532508442, 43.07282464999822], [-76.1731203599118, 43.0731205960075], [-76.1728663145529, 43.0734216208931], [-76.1728663145529, 43.0734216208931], [-76.1727561909805, 43.073541811787685], [-76.1726795530087, 43.0736131235492], [-76.1726128800483, 43.073661451240206], [-76.1725359141914, 43.0737156118324], [-76.1725359141914, 43.0737156118324], [-76.1722512829936, 43.07391058353101], [-76.1722512829936, 43.07391058353101], [-76.1719483135876, 43.07408766087251], [-76.171862356493, 43.0741405887578], [-76.171862356493, 43.0741405887578], [-76.1717743593244, 43.07418957616239], [-76.1717743593244, 43.07418957616239], [-76.1716902743189, 43.0742376225486], [-76.1716902743189, 43.0742376225486], [-76.1710533059004, 43.07460757846118], [-76.1710533059004, 43.07460757846118], [-76.17095032303621, 43.074669595403606], [-76.17095032303621, 43.074669595403606], [-76.1708506181245, 43.0747282375157], [-76.1708506181245, 43.0747282375157], [-76.17071156631977, 43.074811135195084]]}}, {"type": "Feature", "properties": {"id": 173, "chain_order": 14, "margin_m": 25, "names": ["HARBORSIDE DRIVE", "NBT BANK PARKWAY"], "changes": 1, "run_lengths_m": [25.0, 25.0], "min_run_m": 25.0, "start_m": 2319.067923192421, "end_m": 2369.067923192421, "length_m": 50.000000000264535, "chord_m": 49.998873064361966, "ratio": 1.0000225392260564, "max_offset_m": 0.1250253289288789}, "geometry": {"type": "LineString", "coordinates": [[-76.17118951794367, 43.07452846617909], [-76.1710533059004, 43.07460757846118], [-76.1710533059004, 43.07460757846118], [-76.17095032303621, 43.074669595403606], [-76.17095032303621, 43.074669595403606], [-76.1708506181245, 43.0747282375157], [-76.1708506181245, 43.0747282375157], [-76.17071156631977, 43.074811135195084]]}}, {"type": "Feature", "properties": {"id": 174, "chain_order": 14, "margin_m": 50, "names": ["DESTINY USA DRIVE", "HARBORSIDE DRIVE"], "changes": 1, "run_lengths_m": [50.0, 50.0], "min_run_m": 50.0, "start_m": 775.5496048578699, "end_m": 875.5496048578699, "length_m": 100.00000000015088, "chord_m": 99.95540450286417, "ratio": 1.0004461539374334, "max_offset_m": 1.2764002286736342}, "geometry": {"type": "LineString", "coordinates": [[-76.17065758490241, 43.06760321561368], [-76.171077281037, 43.06727459378639], [-76.171077281037, 43.06727459378639], [-76.1712209584819, 43.067165119264594], [-76.1713917336073, 43.0670204186557], [-76.17148247027059, 43.06693671535056]]}}, {"type": "Feature", "properties": {"id": 175, "chain_order": 14, "margin_m": 50, "names": ["DESTINY USA DRIVE", "HARBORSIDE DRIVE", "NBT BANK PARKWAY"], "changes": 2, "run_lengths_m": [50.0, 1518.5183183345512, 50.0], "min_run_m": 50.0, "start_m": 775.5496048578699, "end_m": 2394.067923192421, "length_m": 1618.5183183349302, "chord_m": 816.4377056859015, "ratio": 1.982414955927579, "max_offset_m": 507.6392325813478}, "geometry": {"type": "LineString", "coordinates": [[-76.17065758490241, 43.06760321561368], [-76.171077281037, 43.06727459378639], [-76.171077281037, 43.06727459378639], [-76.1712209584819, 43.067165119264594], [-76.1713917336073, 43.0670204186557], [-76.1715150031255, 43.066906704173675], [-76.1715413965268, 43.066876402851896], [-76.1715413965268, 43.066876402851896], [-76.171582417196, 43.06682929244389], [-76.1716533733237, 43.06673279031708], [-76.1717853870429, 43.066528892110085], [-76.1717853870429, 43.066528892110085], [-76.1718587246043, 43.0664214067403], [-76.1719041299504, 43.06634850629749], [-76.1720204860342, 43.06624919782799], [-76.1720204860342, 43.06624919782799], [-76.1720781003832, 43.06620286331469], [-76.1722400351879, 43.0661049065439], [-76.1724375217183, 43.06601521152469], [-76.1726038977938, 43.06596346711509], [-76.1727820858169, 43.065935436714696], [-76.1729265933051, 43.065930380071386], [-76.1730616693811, 43.06594209796389], [-76.1730616693811, 43.06594209796389], [-76.17316928845051, 43.065962443973895], [-76.1732967477112, 43.0660004432566], [-76.1733933821812, 43.0660411450753], [-76.1735202925713, 43.06611666377981], [-76.1743632842103, 43.0666236331202], [-76.1744608816744, 43.066683171524396], [-76.1744608816744, 43.066683171524396], [-76.1745730758635, 43.06677255449339], [-76.1746493877469, 43.06685515608531], [-76.1747793110864, 43.067024581370696], [-76.1748290669733, 43.0670748850314], [-76.17490625022262, 43.06712458225919], [-76.1755598716098, 43.067419766305996], [-76.1755598716098, 43.067419766305996], [-76.176504355808, 43.06784629891159], [-76.1766425508346, 43.06793541308699], [-76.1767683014997, 43.06806158340729], [-76.176828309859, 43.06816164035471], [-76.1768651857014, 43.068324303257306], [-76.1768651857014, 43.068324303257306], [-76.17687264710821, 43.06841193360329], [-76.17686160322, 43.068514495553394], [-76.1768211961003, 43.068610218528896], [-76.1767705706441, 43.06868221065508], [-76.1763845259389, 43.06914312245319], [-76.1763845259389, 43.06914312245319], [-76.1757693578358, 43.069877595585794], [-76.1755307500249, 43.07017467667598], [-76.1755307500249, 43.07017467667598], [-76.1749902678545, 43.070847586559005], [-76.1746870280556, 43.07121382967661], [-76.1746870280556, 43.07121382967661], [-76.1737423076005, 43.07234861723089], [-76.1737423076005, 43.07234861723089], [-76.1733532508442, 43.07282464999822], [-76.1731203599118, 43.0731205960075], [-76.1728663145529, 43.0734216208931], [-76.1728663145529, 43.0734216208931], [-76.1727561909805, 43.073541811787685], [-76.1726795530087, 43.0736131235492], [-76.1726128800483, 43.073661451240206], [-76.1725359141914, 43.0737156118324], [-76.1725359141914, 43.0737156118324], [-76.1722512829936, 43.07391058353101], [-76.1722512829936, 43.07391058353101], [-76.1719483135876, 43.07408766087251], [-76.171862356493, 43.0741405887578], [-76.171862356493, 43.0741405887578], [-76.1717743593244, 43.07418957616239], [-76.1717743593244, 43.07418957616239], [-76.1716902743189, 43.0742376225486], [-76.1716902743189, 43.0742376225486], [-76.1710533059004, 43.07460757846118], [-76.1710533059004, 43.07460757846118], [-76.17095032303621, 43.074669595403606], [-76.17095032303621, 43.074669595403606], [-76.1708506181245, 43.0747282375157], [-76.1708506181245, 43.0747282375157], [-76.1704733395783, 43.07495315649438]]}}, {"type": "Feature", "properties": {"id": 176, "chain_order": 14, "margin_m": 50, "names": ["HARBORSIDE DRIVE", "NBT BANK PARKWAY"], "changes": 1, "run_lengths_m": [50.0, 50.0], "min_run_m": 50.0, "start_m": 2294.067923192421, "end_m": 2394.067923192421, "length_m": 100.00000000007441, "chord_m": 99.99778147338887, "ratio": 1.0000221857590523, "max_offset_m": 0.297741948760706}, "geometry": {"type": "LineString", "coordinates": [[-76.17143019178326, 43.07438868134617], [-76.1710533059004, 43.07460757846118], [-76.1710533059004, 43.07460757846118], [-76.17095032303621, 43.074669595403606], [-76.17095032303621, 43.074669595403606], [-76.1708506181245, 43.0747282375157], [-76.1708506181245, 43.0747282375157], [-76.1704733395783, 43.07495315649438]]}}, {"type": "Feature", "properties": {"id": 177, "chain_order": 14, "margin_m": 100, "names": ["DESTINY USA DRIVE", "HARBORSIDE DRIVE"], "changes": 1, "run_lengths_m": [100.0, 100.0], "min_run_m": 100.0, "start_m": 725.5496048578699, "end_m": 925.5496048578699, "length_m": 199.99999999986974, "chord_m": 198.60689826378797, "ratio": 1.0070143673168466, "max_offset_m": 9.592332168232835}, "geometry": {"type": "LineString", "coordinates": [[-76.17022444579852, 43.06792224922784], [-76.1704052747292, 43.0677876324955], [-76.1705990754719, 43.0676490280653], [-76.1705990754719, 43.0676490280653], [-76.171077281037, 43.06727459378639], [-76.171077281037, 43.06727459378639], [-76.1712209584819, 43.067165119264594], [-76.1713917336073, 43.0670204186557], [-76.1715150031255, 43.066906704173675], [-76.1715413965268, 43.066876402851896], [-76.1715413965268, 43.066876402851896], [-76.171582417196, 43.06682929244389], [-76.1716533733237, 43.06673279031708], [-76.17177642669505, 43.06654273161911]]}}, {"type": "Feature", "properties": {"id": 178, "chain_order": 14, "margin_m": 100, "names": ["DESTINY USA DRIVE", "HARBORSIDE DRIVE", "NBT BANK PARKWAY"], "changes": 2, "run_lengths_m": [100.0, 1518.5183183345512, 100.0], "min_run_m": 100.0, "start_m": 725.5496048578699, "end_m": 2444.067923192421, "length_m": 1718.5183183346571, "chord_m": 812.6755011116023, "ratio": 2.114642703002632, "max_offset_m": 542.4407070464222}, "geometry": {"type": "LineString", "coordinates": [[-76.17022444579852, 43.06792224922784], [-76.1704052747292, 43.0677876324955], [-76.1705990754719, 43.0676490280653], [-76.1705990754719, 43.0676490280653], [-76.171077281037, 43.06727459378639], [-76.171077281037, 43.06727459378639], [-76.1712209584819, 43.067165119264594], [-76.1713917336073, 43.0670204186557], [-76.1715150031255, 43.066906704173675], [-76.1715413965268, 43.066876402851896], [-76.1715413965268, 43.066876402851896], [-76.171582417196, 43.06682929244389], [-76.1716533733237, 43.06673279031708], [-76.1717853870429, 43.066528892110085], [-76.1717853870429, 43.066528892110085], [-76.1718587246043, 43.0664214067403], [-76.1719041299504, 43.06634850629749], [-76.1720204860342, 43.06624919782799], [-76.1720204860342, 43.06624919782799], [-76.1720781003832, 43.06620286331469], [-76.1722400351879, 43.0661049065439], [-76.1724375217183, 43.06601521152469], [-76.1726038977938, 43.06596346711509], [-76.1727820858169, 43.065935436714696], [-76.1729265933051, 43.065930380071386], [-76.1730616693811, 43.06594209796389], [-76.1730616693811, 43.06594209796389], [-76.17316928845051, 43.065962443973895], [-76.1732967477112, 43.0660004432566], [-76.1733933821812, 43.0660411450753], [-76.1735202925713, 43.06611666377981], [-76.1743632842103, 43.0666236331202], [-76.1744608816744, 43.066683171524396], [-76.1744608816744, 43.066683171524396], [-76.1745730758635, 43.06677255449339], [-76.1746493877469, 43.06685515608531], [-76.1747793110864, 43.067024581370696], [-76.1748290669733, 43.0670748850314], [-76.17490625022262, 43.06712458225919], [-76.1755598716098, 43.067419766305996], [-76.1755598716098, 43.067419766305996], [-76.176504355808, 43.06784629891159], [-76.1766425508346, 43.06793541308699], [-76.1767683014997, 43.06806158340729], [-76.176828309859, 43.06816164035471], [-76.1768651857014, 43.068324303257306], [-76.1768651857014, 43.068324303257306], [-76.17687264710821, 43.06841193360329], [-76.17686160322, 43.068514495553394], [-76.1768211961003, 43.068610218528896], [-76.1767705706441, 43.06868221065508], [-76.1763845259389, 43.06914312245319], [-76.1763845259389, 43.06914312245319], [-76.1757693578358, 43.069877595585794], [-76.1755307500249, 43.07017467667598], [-76.1755307500249, 43.07017467667598], [-76.1749902678545, 43.070847586559005], [-76.1746870280556, 43.07121382967661], [-76.1746870280556, 43.07121382967661], [-76.1737423076005, 43.07234861723089], [-76.1737423076005, 43.07234861723089], [-76.1733532508442, 43.07282464999822], [-76.1731203599118, 43.0731205960075], [-76.1728663145529, 43.0734216208931], [-76.1728663145529, 43.0734216208931], [-76.1727561909805, 43.073541811787685], [-76.1726795530087, 43.0736131235492], [-76.1726128800483, 43.073661451240206], [-76.1725359141914, 43.0737156118324], [-76.1725359141914, 43.0737156118324], [-76.1722512829936, 43.07391058353101], [-76.1722512829936, 43.07391058353101], [-76.1719483135876, 43.07408766087251], [-76.171862356493, 43.0741405887578], [-76.171862356493, 43.0741405887578], [-76.1717743593244, 43.07418957616239], [-76.1717743593244, 43.07418957616239], [-76.1716902743189, 43.0742376225486], [-76.1716902743189, 43.0742376225486], [-76.1710533059004, 43.07460757846118], [-76.1710533059004, 43.07460757846118], [-76.17095032303621, 43.074669595403606], [-76.17095032303621, 43.074669595403606], [-76.1708506181245, 43.0747282375157], [-76.1708506181245, 43.0747282375157], [-76.1702192650748, 43.07510462433689], [-76.16999740075256, 43.07523766320854]]}}, {"type": "Feature", "properties": {"id": 179, "chain_order": 14, "margin_m": 100, "names": ["HARBORSIDE DRIVE", "NBT BANK PARKWAY"], "changes": 1, "run_lengths_m": [100.0, 100.0], "min_run_m": 100.0, "start_m": 2244.067923192421, "end_m": 2444.067923192421, "length_m": 200.00000000045793, "chord_m": 199.9901810617978, "ratio": 1.0000490971037077, "max_offset_m": 0.7093436840888105}, "geometry": {"type": "LineString", "coordinates": [[-76.17191227161152, 43.07410985365604], [-76.171862356493, 43.0741405887578], [-76.171862356493, 43.0741405887578], [-76.1717743593244, 43.07418957616239], [-76.1717743593244, 43.07418957616239], [-76.1716902743189, 43.0742376225486], [-76.1716902743189, 43.0742376225486], [-76.1710533059004, 43.07460757846118], [-76.1710533059004, 43.07460757846118], [-76.17095032303621, 43.074669595403606], [-76.17095032303621, 43.074669595403606], [-76.1708506181245, 43.0747282375157], [-76.1708506181245, 43.0747282375157], [-76.1702192650748, 43.07510462433689], [-76.16999740075256, 43.07523766320854]]}}, {"type": "Feature", "properties": {"id": 180, "chain_order": 15, "margin_m": 25, "names": ["EAST ADAMS STREET", "WEST ADAMS STREET"], "changes": 1, "run_lengths_m": [25.0, 25.0], "min_run_m": 25.0, "start_m": 1832.0154702699501, "end_m": 1882.0154702699501, "length_m": 50.00000000013568, "chord_m": 49.62508298413878, "ratio": 1.007554990207608, "max_offset_m": 2.862116950113159}, "geometry": {"type": "LineString", "coordinates": [[-76.15123556457661, 43.04277995463176], [-76.1513013102316, 43.0427805718431], [-76.1515423201375, 43.042774634854794], [-76.1515423201375, 43.042774634854794], [-76.1516243399162, 43.0427685862561], [-76.15183959358558, 43.042721910058795]]}}, {"type": "Feature", "properties": {"id": 181, "chain_order": 15, "margin_m": 25, "names": ["EAST ADAMS STREET", "WEST ADAMS STREET", "SHONNARD STREET"], "changes": 2, "run_lengths_m": [25.0, 264.30249225734497, 25.0], "min_run_m": 25.0, "start_m": 1832.0154702699501, "end_m": 2146.317962527295, "length_m": 314.302492257365, "chord_m": 305.9592856482789, "ratio": 1.027269009310857, "max_offset_m": 30.176787881690053}, "geometry": {"type": "LineString", "coordinates": [[-76.15123556457661, 43.04277995463176], [-76.1513013102316, 43.0427805718431], [-76.1515423201375, 43.042774634854794], [-76.1515423201375, 43.042774634854794], [-76.1516243399162, 43.0427685862561], [-76.1527953558728, 43.0425146542121], [-76.1527953558728, 43.0425146542121], [-76.1530412723768, 43.042462649678995], [-76.1530412723768, 43.042462649678995], [-76.1532642378236, 43.04241762929469], [-76.1534309795133, 43.042389240167694], [-76.153570516623, 43.04238187255659], [-76.1537136182478, 43.0423911546172], [-76.153874847875, 43.04241454424859], [-76.153874847875, 43.04241454424859], [-76.1540314278223, 43.042449894574304], [-76.1540314278223, 43.042449894574304], [-76.1543452955893, 43.0425196504161], [-76.1543452955893, 43.0425196504161], [-76.1546768251331, 43.042583905108096], [-76.1546768251331, 43.042583905108096], [-76.154821314655, 43.0425676165796], [-76.15498138266778, 43.042578138100026]]}}, {"type": "Feature", "properties": {"id": 182, "chain_order": 15, "margin_m": 25, "names": ["WEST ADAMS STREET", "SHONNARD STREET"], "changes": 1, "run_lengths_m": [25.0, 25.0], "min_run_m": 25.0, "start_m": 2096.317962527295, "end_m": 2146.317962527295, "length_m": 49.999999999882256, "chord_m": 49.31589264345994, "ratio": 1.0138719451226041, "max_offset_m": 3.5268742285849917}, "geometry": {"type": "LineString", "coordinates": [[-76.15438011329499, 43.04252639858721], [-76.1546768251331, 43.042583905108096], [-76.1546768251331, 43.042583905108096], [-76.154821314655, 43.0425676165796], [-76.15498138266778, 43.042578138100026]]}}, {"type": "Feature", "properties": {"id": 183, "chain_order": 15, "margin_m": 50, "names": ["EAST ADAMS STREET", "WEST ADAMS STREET"], "changes": 1, "run_lengths_m": [50.0, 50.0], "min_run_m": 50.0, "start_m": 1807.0154702699501, "end_m": 1907.0154702699501, "length_m": 99.99999999989882, "chord_m": 99.06211449781016, "ratio": 1.0094676507446183, "max_offset_m": 6.6247982141234925}, "geometry": {"type": "LineString", "coordinates": [[-76.15092869286883, 43.042777073261576], [-76.1513013102316, 43.0427805718431], [-76.1515423201375, 43.042774634854794], [-76.1515423201375, 43.042774634854794], [-76.1516243399162, 43.0427685862561], [-76.15213389774395, 43.042658091569045]]}}, {"type": "Feature", "properties": {"id": 184, "chain_order": 15, "margin_m": 50, "names": ["EAST ADAMS STREET", "WEST ADAMS STREET", "SHONNARD STREET"], "changes": 2, "run_lengths_m": [50.0, 264.30249225734497, 50.0], "min_run_m": 50.0, "start_m": 1807.0154702699501, "end_m": 2171.317962527295, "length_m": 364.30249225735315, "chord_m": 355.80164494482153, "ratio": 1.0238920967154324, "max_offset_m": 30.27390128647088}, "geometry": {"type": "LineString", "coordinates": [[-76.15092869286883, 43.042777073261576], [-76.1513013102316, 43.0427805718431], [-76.1515423201375, 43.042774634854794], [-76.1515423201375, 43.042774634854794], [-76.1516243399162, 43.0427685862561], [-76.1527953558728, 43.0425146542121], [-76.1527953558728, 43.0425146542121], [-76.1530412723768, 43.042462649678995], [-76.1530412723768, 43.042462649678995], [-76.1532642378236, 43.04241762929469], [-76.1534309795133, 43.042389240167694], [-76.153570516623, 43.04238187255659], [-76.1537136182478, 43.0423911546172], [-76.153874847875, 43.04241454424859], [-76.153874847875, 43.04241454424859], [-76.1540314278223, 43.042449894574304], [-76.1540314278223, 43.042449894574304], [-76.1543452955893, 43.0425196504161], [-76.1543452955893, 43.0425196504161], [-76.1546768251331, 43.042583905108096], [-76.1546768251331, 43.042583905108096], [-76.154821314655, 43.0425676165796], [-76.1550493331252, 43.0425826045208], [-76.1552878157046, 43.04257561548405]]}}, {"type": "Feature", "properties": {"id": 185, "chain_order": 15, "margin_m": 50, "names": ["WEST ADAMS STREET", "SHONNARD STREET"], "changes": 1, "run_lengths_m": [50.0, 50.0], "min_run_m": 50.0, "start_m": 2071.317962527295, "end_m": 2171.317962527295, "length_m": 100.00000000013642, "chord_m": 98.70619835459847, "ratio": 1.0131076028365515, "max_offset_m": 7.273656233195398}, "geometry": {"type": "LineString", "coordinates": [[-76.15408605238667, 43.04246203473643], [-76.1543452955893, 43.0425196504161], [-76.1543452955893, 43.0425196504161], [-76.1546768251331, 43.042583905108096], [-76.1546768251331, 43.042583905108096], [-76.154821314655, 43.0425676165796], [-76.1550493331252, 43.0425826045208], [-76.1552878157046, 43.04257561548405]]}}, {"type": "Feature", "properties": {"id": 186, "chain_order": 15, "margin_m": 100, "names": ["EAST ADAMS STREET", "WEST ADAMS STREET"], "changes": 1, "run_lengths_m": [100.0, 100.0], "min_run_m": 100.0, "start_m": 1757.0154702699501, "end_m": 1957.0154702699501, "length_m": 199.99999999999778, "chord_m": 197.9470823831618, "ratio": 1.010371042564104, "max_offset_m": 14.083365652186847}, "geometry": {"type": "LineString", "coordinates": [[-76.15031493944439, 43.04277191839056], [-76.15087534529361, 43.0427765722708], [-76.15087534529361, 43.0427765722708], [-76.1513013102316, 43.0427805718431], [-76.1515423201375, 43.042774634854794], [-76.1515423201375, 43.042774634854794], [-76.1516243399162, 43.0427685862561], [-76.15272250418545, 43.04253045233767]]}}, {"type": "Feature", "properties": {"id": 187, "chain_order": 16, "margin_m": 25, "names": ["NORTH BEECH STREET", "SOUTH BEECH STREET"], "changes": 1, "run_lengths_m": [25.0, 25.0], "min_run_m": 25.0, "start_m": 534.3112871602918, "end_m": 584.3112871602918, "length_m": 49.99999999998771, "chord_m": 49.99988195243979, "ratio": 1.0000023609565325, "max_offset_m": 0.05432481214062548}, "geometry": {"type": "LineString", "coordinates": [[-76.12761757215952, 43.050644694834766], [-76.127623303072, 43.05041963216809], [-76.127623303072, 43.05041963216809], [-76.12762770020582, 43.05019455335243]]}}, {"type": "Feature", "properties": {"id": 188, "chain_order": 16, "margin_m": 25, "names": ["NORTH BEECH STREET", "SOUTH BEECH STREET", "MADISON STREET"], "changes": 2, "run_lengths_m": [25.0, 665.5771330220152, 25.0], "min_run_m": 25.0, "start_m": 534.3112871602918, "end_m": 1249.888420182307, "length_m": 715.577133021881, "chord_m": 620.3728334212537, "ratio": 1.1534630378245148, "max_offset_m": 138.80435413816843}, "geometry": {"type": "LineString", "coordinates": [[-76.12761757215952, 43.050644694834766], [-76.127623303072, 43.05041963216809], [-76.127623303072, 43.05041963216809], [-76.1276282456028, 43.050166635725404], [-76.1276282456028, 43.050166635725404], [-76.1276294789896, 43.05013947380679], [-76.1276294789896, 43.05013947380679], [-76.1276522387057, 43.04919765341279], [-76.1276522387057, 43.04919765341279], [-76.1276732952159, 43.0483766496168], [-76.1276732952159, 43.0483766496168], [-76.1277102294488, 43.0470685948805], [-76.127702323376, 43.0470056388144], [-76.127702323376, 43.0470056388144], [-76.1276402605697, 43.0468616317973], [-76.1272983276366, 43.04621160522539], [-76.1272983276366, 43.04621160522539], [-76.1271212885587, 43.045876656252794], [-76.1270303026951, 43.0457756169244], [-76.1269132531119, 43.045719588202395], [-76.1265592674826, 43.045597635861085], [-76.1264693048002, 43.0455725871581], [-76.1258492911844, 43.04548557804069], [-76.1257583134056, 43.04545864841981], [-76.1257583134056, 43.04545864841981], [-76.1255292915172, 43.0453756247572], [-76.125439269546, 43.0453606611324], [-76.125439269546, 43.0453606611324], [-76.1253572677336, 43.045354623949194], [-76.12513316193218, 43.04536434371381]]}}, {"type": "Feature", "properties": {"id": 189, "chain_order": 16, "margin_m": 25, "names": ["SOUTH BEECH STREET", "MADISON STREET"], "changes": 1, "run_lengths_m": [25.0, 25.0], "min_run_m": 25.0, "start_m": 1199.888420182307, "end_m": 1249.888420182307, "length_m": 49.999999999782275, "chord_m": 48.77609208415223, "ratio": 1.0250923734012651, "max_offset_m": 5.002174546972973}, "geometry": {"type": "LineString", "coordinates": [[-76.12572168081742, 43.04544536863647], [-76.1255292915172, 43.0453756247572], [-76.125439269546, 43.0453606611324], [-76.125439269546, 43.0453606611324], [-76.1253572677336, 43.045354623949194], [-76.12513316193218, 43.04536434371381]]}}, {"type": "Feature", "properties": {"id": 190, "chain_order": 16, "margin_m": 50, "names": ["NORTH BEECH STREET", "SOUTH BEECH STREET"], "changes": 1, "run_lengths_m": [50.0, 50.0], "min_run_m": 50.0, "start_m": 509.31128716029184, "end_m": 609.3112871602918, "length_m": 99.99999999990484, "chord_m": 99.99944967597501, "ratio": 1.000005503269584, "max_offset_m": 0.04798481052457328}, "geometry": {"type": "LineString", "coordinates": [[-76.12761184122246, 43.05086975749293], [-76.127623303072, 43.05041963216809], [-76.127623303072, 43.05041963216809], [-76.1276282456028, 43.050166635725404], [-76.1276282456028, 43.050166635725404], [-76.1276294789896, 43.05013947380679], [-76.1276294789896, 43.05013947380679], [-76.1276335866446, 43.049969496043914]]}}, {"type": "Feature", "properties": {"id": 191, "chain_order": 16, "margin_m": 50, "names": ["NORTH BEECH STREET", "SOUTH BEECH STREET", "MADISON STREET"], "changes": 2, "run_lengths_m": [50.0, 665.5771330220152, 50.0], "min_run_m": 50.0, "start_m": 509.31128716029184, "end_m": 1274.888420182307, "length_m": 765.5771330217142, "chord_m": 650.7782558966135, "ratio": 1.176402447507924, "max_offset_m": 157.34773560964487}, "geometry": {"type": "LineString", "coordinates": [[-76.12761184122246, 43.05086975749293], [-76.127623303072, 43.05041963216809], [-76.127623303072, 43.05041963216809], [-76.1276282456028, 43.050166635725404], [-76.1276282456028, 43.050166635725404], [-76.1276294789896, 43.05013947380679], [-76.1276294789896, 43.05013947380679], [-76.1276522387057, 43.04919765341279], [-76.1276522387057, 43.04919765341279], [-76.1276732952159, 43.0483766496168], [-76.1276732952159, 43.0483766496168], [-76.1277102294488, 43.0470685948805], [-76.127702323376, 43.0470056388144], [-76.127702323376, 43.0470056388144], [-76.1276402605697, 43.0468616317973], [-76.1272983276366, 43.04621160522539], [-76.1272983276366, 43.04621160522539], [-76.1271212885587, 43.045876656252794], [-76.1270303026951, 43.0457756169244], [-76.1269132531119, 43.045719588202395], [-76.1265592674826, 43.045597635861085], [-76.1264693048002, 43.0455725871581], [-76.1258492911844, 43.04548557804069], [-76.1257583134056, 43.04545864841981], [-76.1257583134056, 43.04545864841981], [-76.1255292915172, 43.0453756247572], [-76.125439269546, 43.0453606611324], [-76.125439269546, 43.0453606611324], [-76.1253572677336, 43.045354623949194], [-76.12482678581071, 43.0453776309363]]}}, {"type": "Feature", "properties": {"id": 192, "chain_order": 16, "margin_m": 50, "names": ["SOUTH BEECH STREET", "MADISON STREET"], "changes": 1, "run_lengths_m": [50.0, 50.0], "min_run_m": 50.0, "start_m": 1174.888420182307, "end_m": 1274.888420182307, "length_m": 99.99999999988586, "chord_m": 97.81573805218547, "ratio": 1.0223303733243323, "max_offset_m": 9.289954477216328}, "geometry": {"type": "LineString", "coordinates": [[-76.12601424027913, 43.045508726393805], [-76.1258492911844, 43.04548557804069], [-76.1257583134056, 43.04545864841981], [-76.1257583134056, 43.04545864841981], [-76.1255292915172, 43.0453756247572], [-76.125439269546, 43.0453606611324], [-76.125439269546, 43.0453606611324], [-76.1253572677336, 43.045354623949194], [-76.12482678581071, 43.0453776309363]]}}, {"type": "Feature", "properties": {"id": 193, "chain_order": 16, "margin_m": 100, "names": ["NORTH BEECH STREET", "SOUTH BEECH STREET"], "changes": 1, "run_lengths_m": [100.0, 100.0], "min_run_m": 100.0, "start_m": 459.31128716029184, "end_m": 659.3112871602918, "length_m": 200.00000000019065, "chord_m": 199.99840025477732, "ratio": 1.0000079987910468, "max_offset_m": 0.2301747996681084}, "geometry": {"type": "LineString", "coordinates": [[-76.12759736695025, 43.051319832462596], [-76.1276072367032, 43.05105058329588], [-76.1276072367032, 43.05105058329588], [-76.127623303072, 43.05041963216809], [-76.127623303072, 43.05041963216809], [-76.1276282456028, 43.050166635725404], [-76.1276282456028, 43.050166635725404], [-76.1276294789896, 43.05013947380679], [-76.1276294789896, 43.05013947380679], [-76.12764446442765, 43.049519362857986]]}}, {"type": "Feature", "properties": {"id": 194, "chain_order": 16, "margin_m": 100, "names": ["NORTH BEECH STREET", "SOUTH BEECH STREET", "MADISON STREET"], "changes": 2, "run_lengths_m": [100.0, 665.5771330220152, 100.0], "min_run_m": 100.0, "start_m": 459.31128716029184, "end_m": 1324.888420182307, "length_m": 865.5771330223026, "chord_m": 712.4512661093228, "ratio": 1.2149281981758502, "max_offset_m": 198.08528480273137}, "geometry": {"type": "LineString", "coordinates": [[-76.12759736695025, 43.051319832462596], [-76.1276072367032, 43.05105058329588], [-76.1276072367032, 43.05105058329588], [-76.127623303072, 43.05041963216809], [-76.127623303072, 43.05041963216809], [-76.1276282456028, 43.050166635725404], [-76.1276282456028, 43.050166635725404], [-76.1276294789896, 43.05013947380679], [-76.1276294789896, 43.05013947380679], [-76.1276522387057, 43.04919765341279], [-76.1276522387057, 43.04919765341279], [-76.1276732952159, 43.0483766496168], [-76.1276732952159, 43.0483766496168], [-76.1277102294488, 43.0470685948805], [-76.127702323376, 43.0470056388144], [-76.127702323376, 43.0470056388144], [-76.1276402605697, 43.0468616317973], [-76.1272983276366, 43.04621160522539], [-76.1272983276366, 43.04621160522539], [-76.1271212885587, 43.045876656252794], [-76.1270303026951, 43.0457756169244], [-76.1269132531119, 43.045719588202395], [-76.1265592674826, 43.045597635861085], [-76.1264693048002, 43.0455725871581], [-76.1258492911844, 43.04548557804069], [-76.1257583134056, 43.04545864841981], [-76.1257583134056, 43.04545864841981], [-76.1255292915172, 43.0453756247572], [-76.125439269546, 43.0453606611324], [-76.125439269546, 43.0453606611324], [-76.1253572677336, 43.045354623949194], [-76.12421403311947, 43.04540420292468]]}}, {"type": "Feature", "properties": {"id": 195, "chain_order": 16, "margin_m": 100, "names": ["SOUTH BEECH STREET", "MADISON STREET"], "changes": 1, "run_lengths_m": [100.0, 100.0], "min_run_m": 100.0, "start_m": 1124.888420182307, "end_m": 1324.888420182307, "length_m": 199.99999999996243, "chord_m": 196.4308397029761, "ratio": 1.018170060782631, "max_offset_m": 16.672314812614506}, "geometry": {"type": "LineString", "coordinates": [[-76.1266083952575, 43.04561456107026], [-76.1265592674826, 43.045597635861085], [-76.1264693048002, 43.0455725871581], [-76.1258492911844, 43.04548557804069], [-76.1257583134056, 43.04545864841981], [-76.1257583134056, 43.04545864841981], [-76.1255292915172, 43.0453756247572], [-76.125439269546, 43.0453606611324], [-76.125439269546, 43.0453606611324], [-76.1253572677336, 43.045354623949194], [-76.12421403311947, 43.04540420292468]]}}, {"type": "Feature", "properties": {"id": 196, "chain_order": 17, "margin_m": 25, "names": ["WEST STREET ARTERIAL SOUTHBOUND", "SOUTH WEST STREET"], "changes": 1, "run_lengths_m": [25.0, 25.0], "min_run_m": 25.0, "start_m": 324.4668045447892, "end_m": 374.4668045447892, "length_m": 49.999999999740766, "chord_m": 49.99441240020894, "ratio": 1.0001117644805404, "max_offset_m": 0.3737407965127974}, "geometry": {"type": "LineString", "coordinates": [[-76.1589847681366, 43.05063733533647], [-76.1590293037202, 43.05041461691409], [-76.1590293037202, 43.05041461691409], [-76.15906474014271, 43.05019102157692]]}}, {"type": "Feature", "properties": {"id": 197, "chain_order": 17, "margin_m": 25, "names": ["WEST STREET ARTERIAL SOUTHBOUND", "SOUTH WEST STREET", "WEST STREET ARTERIAL SOUTHBOUND"], "changes": 2, "run_lengths_m": [25.0, 297.88340232243576, 25.0], "min_run_m": 25.0, "start_m": 324.4668045447892, "end_m": 672.350206867225, "length_m": 347.8834023221013, "chord_m": 345.27827000070573, "ratio": 1.0075450225158689, "max_offset_m": 11.198999852110106}, "geometry": {"type": "LineString", "coordinates": [[-76.1589847681366, 43.05063733533647], [-76.1590293037202, 43.05041461691409], [-76.1590293037202, 43.05041461691409], [-76.1590803343165, 43.0500926255906], [-76.1590803343165, 43.0500926255906], [-76.1590902499206, 43.0497976154467], [-76.1590853253562, 43.049692578203704], [-76.1590642562695, 43.04949963669979], [-76.1590192839115, 43.04925660020189], [-76.1590192839115, 43.04925660020189], [-76.1589132593518, 43.048731608434096], [-76.1589132593518, 43.048731608434096], [-76.1588606504154, 43.04831635884581], [-76.1588606504154, 43.04831635884581], [-76.158853309383, 43.04825843262041], [-76.158853309383, 43.04825843262041], [-76.1588131151639, 43.0480558423739], [-76.1587897733395, 43.047920753390585], [-76.1587952997752, 43.04774865925819], [-76.1587952997752, 43.04774865925819], [-76.1588619933968, 43.04754643626849], [-76.15886610566757, 43.04752965914762]]}}, {"type": "Feature", "properties": {"id": 198, "chain_order": 17, "margin_m": 25, "names": ["SOUTH WEST STREET", "WEST STREET ARTERIAL SOUTHBOUND"], "changes": 1, "run_lengths_m": [25.0, 25.0], "min_run_m": 25.0, "start_m": 622.350206867225, "end_m": 672.350206867225, "length_m": 49.99999999929495, "chord_m": 49.5741004483288, "ratio": 1.0085911705328887, "max_offset_m": 3.0443904423184245}, "geometry": {"type": "LineString", "coordinates": [[-76.15879885140316, 43.04797329204997], [-76.1587897733395, 43.047920753390585], [-76.1587952997752, 43.04774865925819], [-76.1587952997752, 43.04774865925819], [-76.1588619933968, 43.04754643626849], [-76.15886610566757, 43.04752965914762]]}}, {"type": "Feature", "properties": {"id": 199, "chain_order": 17, "margin_m": 50, "names": ["WEST STREET ARTERIAL SOUTHBOUND", "SOUTH WEST STREET"], "changes": 1, "run_lengths_m": [50.0, 50.0], "min_run_m": 50.0, "start_m": 299.4668045447892, "end_m": 399.4668045447892, "length_m": 100.000000000225, "chord_m": 99.91821938180675, "ratio": 1.0008184755385376, "max_offset_m": 1.4087145787118245}, "geometry": {"type": "LineString", "coordinates": [[-76.15893962843094, 43.05085998598361], [-76.1589643591184, 43.0507345879837], [-76.1589643591184, 43.0507345879837], [-76.1589843044126, 43.05063965437011], [-76.1590293037202, 43.05041461691409], [-76.1590293037202, 43.05041461691409], [-76.1590803343165, 43.0500926255906], [-76.1590803343165, 43.0500926255906], [-76.15908456945048, 43.04996662165456]]}}, {"type": "Feature", "properties": {"id": 200, "chain_order": 17, "margin_m": 50, "names": ["WEST STREET ARTERIAL SOUTHBOUND", "SOUTH WEST STREET", "WEST STREET ARTERIAL SOUTHBOUND"], "changes": 2, "run_lengths_m": [50.0, 297.88340232243576, 50.0], "min_run_m": 50.0, "start_m": 299.4668045447892, "end_m": 697.350206867225, "length_m": 397.8834023222201, "chord_m": 394.5836567518767, "ratio": 1.008362600715666, "max_offset_m": 12.951617598389978}, "geometry": {"type": "LineString", "coordinates": [[-76.15893962843094, 43.05085998598361], [-76.1589643591184, 43.0507345879837], [-76.1589643591184, 43.0507345879837], [-76.1589843044126, 43.05063965437011], [-76.1590293037202, 43.05041461691409], [-76.1590293037202, 43.05041461691409], [-76.1590803343165, 43.0500926255906], [-76.1590803343165, 43.0500926255906], [-76.1590902499206, 43.0497976154467], [-76.1590853253562, 43.049692578203704], [-76.1590642562695, 43.04949963669979], [-76.1590192839115, 43.04925660020189], [-76.1590192839115, 43.04925660020189], [-76.1589132593518, 43.048731608434096], [-76.1589132593518, 43.048731608434096], [-76.1588606504154, 43.04831635884581], [-76.1588606504154, 43.04831635884581], [-76.158853309383, 43.04825843262041], [-76.158853309383, 43.04825843262041], [-76.1588131151639, 43.0480558423739], [-76.1587897733395, 43.047920753390585], [-76.1587952997752, 43.04774865925819], [-76.1587952997752, 43.04774865925819], [-76.1588619933968, 43.04754643626849], [-76.1588933715497, 43.0474184203809], [-76.158911023445, 43.0473210336208], [-76.15891156825616, 43.04730720410873]]}}, {"type": "Feature", "properties": {"id": 201, "chain_order": 17, "margin_m": 50, "names": ["SOUTH WEST STREET", "WEST STREET ARTERIAL SOUTHBOUND"], "changes": 1, "run_lengths_m": [50.0, 50.0], "min_run_m": 50.0, "start_m": 597.350206867225, "end_m": 697.350206867225, "length_m": 99.99999999975945, "chord_m": 98.90641002317192, "ratio": 1.011056815997379, "max_offset_m": 6.604093286088869}, "geometry": {"type": "LineString", "coordinates": [[-76.15884097298765, 43.04819625384637], [-76.1588131151639, 43.0480558423739], [-76.1587897733395, 43.047920753390585], [-76.1587952997752, 43.04774865925819], [-76.1587952997752, 43.04774865925819], [-76.1588619933968, 43.04754643626849], [-76.1588933715497, 43.0474184203809], [-76.158911023445, 43.0473210336208], [-76.15891156825616, 43.04730720410873]]}}, {"type": "Feature", "properties": {"id": 202, "chain_order": 17, "margin_m": 100, "names": ["WEST STREET ARTERIAL SOUTHBOUND", "SOUTH WEST STREET"], "changes": 1, "run_lengths_m": [100.0, 100.0], "min_run_m": 100.0, "start_m": 249.46680454478923, "end_m": 449.4668045447892, "length_m": 199.9999999996663, "chord_m": 199.39466274087118, "ratio": 1.0030358749350368, "max_offset_m": 6.748048016484633}, "geometry": {"type": "LineString", "coordinates": [[-76.15885175445209, 43.05130555075388], [-76.1589643591184, 43.0507345879837], [-76.1589643591184, 43.0507345879837], [-76.1589843044126, 43.05063965437011], [-76.1590293037202, 43.05041461691409], [-76.1590293037202, 43.05041461691409], [-76.1590803343165, 43.0500926255906], [-76.1590803343165, 43.0500926255906], [-76.1590902499206, 43.0497976154467], [-76.1590853253562, 43.049692578203704], [-76.15906616277356, 43.04951709568731]]}}, {"type": "Feature", "properties": {"id": 203, "chain_order": 17, "margin_m": 100, "names": ["WEST STREET ARTERIAL SOUTHBOUND", "SOUTH WEST STREET", "WEST STREET ARTERIAL SOUTHBOUND"], "changes": 2, "run_lengths_m": [100.0, 297.88340232243576, 100.0], "min_run_m": 100.0, "start_m": 249.46680454478923, "end_m": 747.350206867225, "length_m": 497.88340232222714, "chord_m": 493.7944321954184, "ratio": 1.0082807133094416, "max_offset_m": 19.108019957463398}, "geometry": {"type": "LineString", "coordinates": [[-76.15885175445209, 43.05130555075388], [-76.1589643591184, 43.0507345879837], [-76.1589643591184, 43.0507345879837], [-76.1589843044126, 43.05063965437011], [-76.1590293037202, 43.05041461691409], [-76.1590293037202, 43.05041461691409], [-76.1590803343165, 43.0500926255906], [-76.1590803343165, 43.0500926255906], [-76.1590902499206, 43.0497976154467], [-76.1590853253562, 43.049692578203704], [-76.1590642562695, 43.04949963669979], [-76.1590192839115, 43.04925660020189], [-76.1590192839115, 43.04925660020189], [-76.1589132593518, 43.048731608434096], [-76.1589132593518, 43.048731608434096], [-76.1588606504154, 43.04831635884581], [-76.1588606504154, 43.04831635884581], [-76.158853309383, 43.04825843262041], [-76.158853309383, 43.04825843262041], [-76.1588131151639, 43.0480558423739], [-76.1587897733395, 43.047920753390585], [-76.1587952997752, 43.04774865925819], [-76.1587952997752, 43.04774865925819], [-76.1588619933968, 43.04754643626849], [-76.1588933715497, 43.0474184203809], [-76.158911023445, 43.0473210336208], [-76.1589154180034, 43.04720948181319], [-76.1589095034956, 43.047112495832], [-76.1589095034956, 43.047112495832], [-76.1588886239534, 43.04698690934099], [-76.15886325824611, 43.04685942082931]]}}, {"type": "Feature", "properties": {"id": 204, "chain_order": 17, "margin_m": 100, "names": ["SOUTH WEST STREET", "WEST STREET ARTERIAL SOUTHBOUND"], "changes": 1, "run_lengths_m": [100.0, 100.0], "min_run_m": 100.0, "start_m": 547.350206867225, "end_m": 747.350206867225, "length_m": 200.00000000031613, "chord_m": 198.23863397340818, "ratio": 1.0088850795205955, "max_offset_m": 7.869799813638132}, "geometry": {"type": "LineString", "coordinates": [[-76.15890217755657, 43.04864413880689], [-76.1588606504154, 43.04831635884581], [-76.1588606504154, 43.04831635884581], [-76.158853309383, 43.04825843262041], [-76.158853309383, 43.04825843262041], [-76.1588131151639, 43.0480558423739], [-76.1587897733395, 43.047920753390585], [-76.1587952997752, 43.04774865925819], [-76.1587952997752, 43.04774865925819], [-76.1588619933968, 43.04754643626849], [-76.1588933715497, 43.0474184203809], [-76.158911023445, 43.0473210336208], [-76.1589154180034, 43.04720948181319], [-76.1589095034956, 43.047112495832], [-76.1589095034956, 43.047112495832], [-76.1588886239534, 43.04698690934099], [-76.15886325824611, 43.04685942082931]]}}, {"type": "Feature", "properties": {"id": 205, "chain_order": 18, "margin_m": 25, "names": ["MONTICELLO DRIVE SOUTH", "MONTICELLO DRIVE NORTH"], "changes": 1, "run_lengths_m": [25.0, 25.0], "min_run_m": 25.0, "start_m": 413.75091923624313, "end_m": 463.75091923624313, "length_m": 49.999999999730214, "chord_m": 49.998636086571715, "ratio": 1.0000272790072942, "max_offset_m": 0.18465471534036298}, "geometry": {"type": "LineString", "coordinates": [[-76.13869295376813, 43.00008855951535], [-76.13870034799221, 43.0003135974738], [-76.13870034799221, 43.0003135974738], [-76.13870321242244, 43.000538691040305]]}}, {"type": "Feature", "properties": {"id": 206, "chain_order": 18, "margin_m": 25, "names": ["MONTICELLO DRIVE SOUTH", "MONTICELLO DRIVE NORTH", "SPRINGBROOK AVENUE"], "changes": 2, "run_lengths_m": [25.0, 586.8030382494408, 25.0], "min_run_m": 25.0, "start_m": 413.75091923624313, "end_m": 1050.553957485684, "length_m": 636.8030382497594, "chord_m": 635.4761616539239, "ratio": 1.0020880037299622, "max_offset_m": 8.024033186600812}, "geometry": {"type": "LineString", "coordinates": [[-76.13869295376813, 43.00008855951535], [-76.13870034799221, 43.0003135974738], [-76.13870034799221, 43.0003135974738], [-76.1387033384838, 43.0005485971637], [-76.1386592734241, 43.00087960793368], [-76.1386582466497, 43.001129595639306], [-76.1387192817834, 43.0020295746229], [-76.1387192817834, 43.0020295746229], [-76.1387422777564, 43.00271660455309], [-76.1388012449683, 43.0034646002531], [-76.1387883101265, 43.003594580134894], [-76.1387072344771, 43.003954594998895], [-76.1386642554807, 43.0044176073297], [-76.1386642554807, 43.0044176073297], [-76.1386463224127, 43.0049545711305], [-76.1386952779007, 43.0055856015247], [-76.1386952779007, 43.0055856015247], [-76.13870965370623, 43.005810457310844]]}}, {"type": "Feature", "properties": {"id": 207, "chain_order": 18, "margin_m": 25, "names": ["MONTICELLO DRIVE NORTH", "SPRINGBROOK AVENUE"], "changes": 1, "run_lengths_m": [25.0, 25.0], "min_run_m": 25.0, "start_m": 1000.5539574856839, "end_m": 1050.553957485684, "length_m": 50.00000000001042, "chord_m": 49.999376308375524, "ratio": 1.0000124739882963, "max_offset_m": 0.12486870554589545}, "geometry": {"type": "LineString", "coordinates": [[-76.1386778424498, 43.005360862340225], [-76.1386952779007, 43.0055856015247], [-76.1386952779007, 43.0055856015247], [-76.13870965370623, 43.005810457310844]]}}, {"type": "Feature", "properties": {"id": 208, "chain_order": 18, "margin_m": 50, "names": ["MONTICELLO DRIVE SOUTH", "MONTICELLO DRIVE NORTH"], "changes": 1, "run_lengths_m": [50.0, 50.0], "min_run_m": 50.0, "start_m": 388.75091923624313, "end_m": 488.75091923624313, "length_m": 100.00000000003615, "chord_m": 99.87797257194242, "ratio": 1.0012217651695505, "max_offset_m": 1.8437836358704007}, "geometry": {"type": "LineString", "coordinates": [[-76.13869954719263, 42.99986364227438], [-76.1386902617081, 43.00000662803781], [-76.13870034799221, 43.0003135974738], [-76.13870034799221, 43.0003135974738], [-76.1387033384838, 43.0005485971637], [-76.13867482672417, 43.00076277402382]]}}, {"type": "Feature", "properties": {"id": 209, "chain_order": 18, "margin_m": 50, "names": ["MONTICELLO DRIVE SOUTH", "MONTICELLO DRIVE NORTH", "SPRINGBROOK AVENUE"], "changes": 2, "run_lengths_m": [50.0, 586.8030382494408, 50.0], "min_run_m": 50.0, "start_m": 388.75091923624313, "end_m": 1075.553957485684, "length_m": 686.803038249412, "chord_m": 685.4294589978745, "ratio": 1.002003968801612, "max_offset_m": 7.125402601758407}, "geometry": {"type": "LineString", "coordinates": [[-76.13869954719263, 42.99986364227438], [-76.1386902617081, 43.00000662803781], [-76.13870034799221, 43.0003135974738], [-76.13870034799221, 43.0003135974738], [-76.1387033384838, 43.0005485971637], [-76.1386592734241, 43.00087960793368], [-76.1386582466497, 43.001129595639306], [-76.1387192817834, 43.0020295746229], [-76.1387192817834, 43.0020295746229], [-76.1387422777564, 43.00271660455309], [-76.1388012449683, 43.0034646002531], [-76.1387883101265, 43.003594580134894], [-76.1387072344771, 43.003954594998895], [-76.1386642554807, 43.0044176073297], [-76.1386642554807, 43.0044176073297], [-76.1386463224127, 43.0049545711305], [-76.1386952779007, 43.0055856015247], [-76.1386952779007, 43.0055856015247], [-76.13872402963408, 43.00603531308529]]}}, {"type": "Feature", "properties": {"id": 210, "chain_order": 18, "margin_m": 50, "names": ["MONTICELLO DRIVE NORTH", "SPRINGBROOK AVENUE"], "changes": 1, "run_lengths_m": [50.0, 50.0], "min_run_m": 50.0, "start_m": 975.5539574856839, "end_m": 1075.553957485684, "length_m": 99.99999999909002, "chord_m": 99.99875261582041, "ratio": 1.0000124739882947, "max_offset_m": 0.24973741107394823}, "geometry": {"type": "LineString", "coordinates": [[-76.13866040714342, 43.00513612314296], [-76.1386952779007, 43.0055856015247], [-76.1386952779007, 43.0055856015247], [-76.13872402963408, 43.00603531308529]]}}, {"type": "Feature", "properties": {"id": 211, "chain_order": 18, "margin_m": 100, "names": ["MONTICELLO DRIVE SOUTH", "MONTICELLO DRIVE NORTH"], "changes": 1, "run_lengths_m": [100.0, 100.0], "min_run_m": 100.0, "start_m": 338.75091923624313, "end_m": 538.7509192362431, "length_m": 199.99999999967838, "chord_m": 199.8100669348779, "ratio": 1.0009505680455149, "max_offset_m": 1.6604251703238853}, "geometry": {"type": "LineString", "coordinates": [[-76.13871563918322, 42.99941360537967], [-76.1387032522455, 42.999806588572994], [-76.1387032522455, 42.999806588572994], [-76.1386902617081, 43.00000662803781], [-76.13870034799221, 43.0003135974738], [-76.13870034799221, 43.0003135974738], [-76.1387033384838, 43.0005485971637], [-76.1386592734241, 43.00087960793368], [-76.1386582466497, 43.001129595639306], [-76.13866385685138, 43.00121232080464]]}}, {"type": "Feature", "properties": {"id": 212, "chain_order": 18, "margin_m": 100, "names": ["MONTICELLO DRIVE SOUTH", "MONTICELLO DRIVE NORTH", "SPRINGBROOK AVENUE"], "changes": 2, "run_lengths_m": [100.0, 586.8030382494408, 100.0], "min_run_m": 100.0, "start_m": 338.75091923624313, "end_m": 1125.553957485684, "length_m": 786.8030382491817, "chord_m": 785.2423004597805, "ratio": 1.0019875875108706, "max_offset_m": 9.352084677256423}, "geometry": {"type": "LineString", "coordinates": [[-76.13871563918322, 42.99941360537967], [-76.1387032522455, 42.999806588572994], [-76.1387032522455, 42.999806588572994], [-76.1386902617081, 43.00000662803781], [-76.13870034799221, 43.0003135974738], [-76.13870034799221, 43.0003135974738], [-76.1387033384838, 43.0005485971637], [-76.1386592734241, 43.00087960793368], [-76.1386582466497, 43.001129595639306], [-76.1387192817834, 43.0020295746229], [-76.1387192817834, 43.0020295746229], [-76.1387422777564, 43.00271660455309], [-76.1388012449683, 43.0034646002531], [-76.1387883101265, 43.003594580134894], [-76.1387072344771, 43.003954594998895], [-76.1386642554807, 43.0044176073297], [-76.1386642554807, 43.0044176073297], [-76.1386463224127, 43.0049545711305], [-76.1386952779007, 43.0055856015247], [-76.1386952779007, 43.0055856015247], [-76.1387342755638, 43.0061955698421], [-76.13875923255901, 43.0063775817279], [-76.13875923255901, 43.0063775817279], [-76.13877359876271, 43.00648390228214]]}}, {"type": "Feature", "properties": {"id": 213, "chain_order": 18, "margin_m": 100, "names": ["MONTICELLO DRIVE NORTH", "SPRINGBROOK AVENUE"], "changes": 1, "run_lengths_m": [100.0, 100.0], "min_run_m": 100.0, "start_m": 925.5539574856839, "end_m": 1125.553957485684, "length_m": 200.00000000023522, "chord_m": 199.8757859300945, "ratio": 1.0006214563187967, "max_offset_m": 2.167048319017796}, "geometry": {"type": "LineString", "coordinates": [[-76.13865528222338, 43.0046862913468], [-76.1386463224127, 43.0049545711305], [-76.1386952779007, 43.0055856015247], [-76.1386952779007, 43.0055856015247], [-76.1387342755638, 43.0061955698421], [-76.13875923255901, 43.0063775817279], [-76.13875923255901, 43.0063775817279], [-76.13877359876271, 43.00648390228214]]}}, {"type": "Feature", "properties": {"id": 214, "chain_order": 19, "margin_m": 25, "names": ["SUMNER AVENUE", "DORSET ROAD"], "changes": 1, "run_lengths_m": [25.0, 25.0], "min_run_m": 25.0, "start_m": 413.3455461372944, "end_m": 463.3455461372944, "length_m": 49.99999999975667, "chord_m": 49.99917102659254, "ratio": 1.0000165797381657, "max_offset_m": 0.14395887365456594}, "geometry": {"type": "LineString", "coordinates": [[-76.1254733911677, 43.03439312978544], [-76.1254512431904, 43.0341686142652], [-76.1254512431904, 43.0341686142652], [-76.12543262153677, 43.033943926508776]]}}, {"type": "Feature", "properties": {"id": 215, "chain_order": 19, "margin_m": 25, "names": ["SUMNER AVENUE", "DORSET ROAD", "CIRCLE ROAD"], "changes": 2, "run_lengths_m": [25.0, 276.14880928264495, 25.0], "min_run_m": 25.0, "start_m": 413.3455461372944, "end_m": 739.4943554199393, "length_m": 326.1488092823986, "chord_m": 257.5873564447114, "ratio": 1.2661677723005913, "max_offset_m": 86.82418372196047}, "geometry": {"type": "LineString", "coordinates": [[-76.1254733911677, 43.03439312978544], [-76.1254512431904, 43.0341686142652], [-76.1254512431904, 43.0341686142652], [-76.1253992756512, 43.0335415724042], [-76.1254132974545, 43.0334356267879], [-76.1254542893775, 43.0334016357435], [-76.12552630911051, 43.03337958548309], [-76.1258832924179, 43.0333605852583], [-76.1262612307259, 43.0333195859627], [-76.1267453013915, 43.033215586874], [-76.1271052446477, 43.033170619458005], [-76.1274193360952, 43.03315563906708], [-76.1275973210991, 43.0331285812439], [-76.1275973210991, 43.0331285812439], [-76.1276642842153, 43.03311864640298], [-76.1277322714109, 43.03309762564019], [-76.1277322714109, 43.03309762564019], [-76.1278082877486, 43.033072653256106], [-76.1278653334641, 43.0330305782035], [-76.12793828503641, 43.032940637433825]]}}, {"type": "Feature", "properties": {"id": 216, "chain_order": 19, "margin_m": 25, "names": ["DORSET ROAD", "CIRCLE ROAD"], "changes": 1, "run_lengths_m": [25.0, 25.0], "min_run_m": 25.0, "start_m": 689.4943554199393, "end_m": 739.4943554199393, "length_m": 49.99999999976904, "chord_m": 47.23882426401343, "ratio": 1.0584514068411959, "max_offset_m": 7.410838363253426}, "geometry": {"type": "LineString", "coordinates": [[-76.12743599648721, 43.03315310631619], [-76.1275973210991, 43.0331285812439], [-76.1275973210991, 43.0331285812439], [-76.1276642842153, 43.03311864640298], [-76.1277322714109, 43.03309762564019], [-76.1277322714109, 43.03309762564019], [-76.1278082877486, 43.033072653256106], [-76.1278653334641, 43.0330305782035], [-76.12793828503641, 43.032940637433825]]}}, {"type": "Feature", "properties": {"id": 217, "chain_order": 19, "margin_m": 50, "names": ["SUMNER AVENUE", "DORSET ROAD"], "changes": 1, "run_lengths_m": [50.0, 50.0], "min_run_m": 50.0, "start_m": 388.3455461372944, "end_m": 488.3455461372944, "length_m": 100.0000000004402, "chord_m": 99.99834205411202, "ratio": 1.0000165797381648, "max_offset_m": 0.28791774730477254}, "geometry": {"type": "LineString", "coordinates": [[-76.12549553932364, 43.03461764529087], [-76.1254512431904, 43.0341686142652], [-76.1254512431904, 43.0341686142652], [-76.12541400003622, 43.033719238739096]]}}, {"type": "Feature", "properties": {"id": 218, "chain_order": 19, "margin_m": 50, "names": ["SUMNER AVENUE", "DORSET ROAD", "CIRCLE ROAD"], "changes": 2, "run_lengths_m": [50.0, 276.14880928264495, 50.0], "min_run_m": 50.0, "start_m": 388.3455461372944, "end_m": 764.4943554199393, "length_m": 376.14880928219907, "chord_m": 294.9511321867345, "ratio": 1.2752919661418964, "max_offset_m": 97.50680637503584}, "geometry": {"type": "LineString", "coordinates": [[-76.12549553932364, 43.03461764529087], [-76.1254512431904, 43.0341686142652], [-76.1254512431904, 43.0341686142652], [-76.1253992756512, 43.0335415724042], [-76.1254132974545, 43.0334356267879], [-76.1254542893775, 43.0334016357435], [-76.12552630911051, 43.03337958548309], [-76.1258832924179, 43.0333605852583], [-76.1262612307259, 43.0333195859627], [-76.1267453013915, 43.033215586874], [-76.1271052446477, 43.033170619458005], [-76.1274193360952, 43.03315563906708], [-76.1275973210991, 43.0331285812439], [-76.1275973210991, 43.0331285812439], [-76.1276642842153, 43.03311864640298], [-76.1277322714109, 43.03309762564019], [-76.1277322714109, 43.03309762564019], [-76.1278082877486, 43.033072653256106], [-76.1278653334641, 43.0330305782035], [-76.1279942560804, 43.0328716314652], [-76.1280433364343, 43.03275660473269], [-76.12804538694715, 43.032732376837956]]}}, {"type": "Feature", "properties": {"id": 219, "chain_order": 19, "margin_m": 50, "names": ["DORSET ROAD", "CIRCLE ROAD"], "changes": 1, "run_lengths_m": [50.0, 50.0], "min_run_m": 50.0, "start_m": 664.4943554199393, "end_m": 764.4943554199393, "length_m": 99.99999999957035, "chord_m": 88.97677311306249, "ratio": 1.123888813909903, "max_offset_m": 21.134126702100453}, "geometry": {"type": "LineString", "coordinates": [[-76.12713011081038, 43.03316943351392], [-76.1274193360952, 43.03315563906708], [-76.1275973210991, 43.0331285812439], [-76.1275973210991, 43.0331285812439], [-76.1276642842153, 43.03311864640298], [-76.1277322714109, 43.03309762564019], [-76.1277322714109, 43.03309762564019], [-76.1278082877486, 43.033072653256106], [-76.1278653334641, 43.0330305782035], [-76.1279942560804, 43.0328716314652], [-76.1280433364343, 43.03275660473269], [-76.12804538694715, 43.032732376837956]]}}, {"type": "Feature", "properties": {"id": 220, "chain_order": 19, "margin_m": 100, "names": ["SUMNER AVENUE", "DORSET ROAD"], "changes": 1, "run_lengths_m": [100.0, 100.0], "min_run_m": 100.0, "start_m": 338.3455461372944, "end_m": 538.3455461372944, "length_m": 200.00000000041945, "chord_m": 187.97968859348637, "ratio": 1.0639447351832116, "max_offset_m": 16.743542100709785}, "geometry": {"type": "LineString", "coordinates": [[-76.1255384736649, 43.03506674282454], [-76.1255312480479, 43.03497962021802], [-76.1254512431904, 43.0341686142652], [-76.1254512431904, 43.0341686142652], [-76.1253992756512, 43.0335415724042], [-76.1254132974545, 43.0334356267879], [-76.1254542893775, 43.0334016357435], [-76.12552630911051, 43.03337958548309], [-76.1256121453085, 43.03337501700503]]}}, {"type": "Feature", "properties": {"id": 221, "chain_order": 19, "margin_m": 100, "names": ["SUMNER AVENUE", "DORSET ROAD", "CIRCLE ROAD"], "changes": 2, "run_lengths_m": [100.0, 276.14880928264495, 100.0], "min_run_m": 100.0, "start_m": 338.3455461372944, "end_m": 814.4943554199393, "length_m": 476.1488092834892, "chord_m": 369.7421956505606, "ratio": 1.2877859624479873, "max_offset_m": 107.88413136377561}, "geometry": {"type": "LineString", "coordinates": [[-76.1255384736649, 43.03506674282454], [-76.1255312480479, 43.03497962021802], [-76.1254512431904, 43.0341686142652], [-76.1254512431904, 43.0341686142652], [-76.1253992756512, 43.0335415724042], [-76.1254132974545, 43.0334356267879], [-76.1254542893775, 43.0334016357435], [-76.12552630911051, 43.03337958548309], [-76.1258832924179, 43.0333605852583], [-76.1262612307259, 43.0333195859627], [-76.1267453013915, 43.033215586874], [-76.1271052446477, 43.033170619458005], [-76.1274193360952, 43.03315563906708], [-76.1275973210991, 43.0331285812439], [-76.1275973210991, 43.0331285812439], [-76.1276642842153, 43.03311864640298], [-76.1277322714109, 43.03309762564019], [-76.1277322714109, 43.03309762564019], [-76.1278082877486, 43.033072653256106], [-76.1278653334641, 43.0330305782035], [-76.1279942560804, 43.0328716314652], [-76.1280433364343, 43.03275660473269], [-76.1280543354066, 43.0326266458557], [-76.1280275113663, 43.03228293810345]]}}, {"type": "Feature", "properties": {"id": 222, "chain_order": 19, "margin_m": 100, "names": ["DORSET ROAD", "CIRCLE ROAD"], "changes": 1, "run_lengths_m": [100.0, 100.0], "min_run_m": 100.0, "start_m": 614.4943554199393, "end_m": 814.4943554199393, "length_m": 200.0000000003917, "chord_m": 163.36707713751414, "ratio": 1.224236875046995, "max_offset_m": 53.587783393565786}, "geometry": {"type": "LineString", "coordinates": [[-76.12653066002603, 43.033261701317215], [-76.1267453013915, 43.033215586874], [-76.1271052446477, 43.033170619458005], [-76.1274193360952, 43.03315563906708], [-76.1275973210991, 43.0331285812439], [-76.1275973210991, 43.0331285812439], [-76.1276642842153, 43.03311864640298], [-76.1277322714109, 43.03309762564019], [-76.1277322714109, 43.03309762564019], [-76.1278082877486, 43.033072653256106], [-76.1278653334641, 43.0330305782035], [-76.1279942560804, 43.0328716314652], [-76.1280433364343, 43.03275660473269], [-76.1280543354066, 43.0326266458557], [-76.1280275113663, 43.03228293810345]]}}, {"type": "Feature", "properties": {"id": 223, "chain_order": 20, "margin_m": 25, "names": ["LAMBRETH LANE", "WINDING RIDGE ROAD"], "changes": 1, "run_lengths_m": [25.0, 25.0], "min_run_m": 25.0, "start_m": 422.16011489052124, "end_m": 472.16011489052124, "length_m": 49.999999999724906, "chord_m": 49.669583772168856, "ratio": 1.006652285009507, "max_offset_m": 2.7118980553179295}, "geometry": {"type": "LineString", "coordinates": [[-76.11832935169186, 43.01505174036332], [-76.1185302566272, 43.01488163092889], [-76.1185302566272, 43.01488163092889], [-76.1186072907561, 43.01483261124899], [-76.11877611051061, 43.0147475366288]]}}, {"type": "Feature", "properties": {"id": 224, "chain_order": 20, "margin_m": 25, "names": ["LAMBRETH LANE", "WINDING RIDGE ROAD", "CHINOOK DRIVE SOUTH"], "changes": 2, "run_lengths_m": [25.0, 403.44000157672605, 25.0], "min_run_m": 25.0, "start_m": 422.16011489052124, "end_m": 875.6001164672473, "length_m": 453.44000157696047, "chord_m": 262.18498553098317, "ratio": 1.729465936650198, "max_offset_m": 149.68267640729655}, "geometry": {"type": "LineString", "coordinates": [[-76.11832935169186, 43.01505174036332], [-76.1185302566272, 43.01488163092889], [-76.1185302566272, 43.01488163092889], [-76.1186072907561, 43.01483261124899], [-76.1188573044761, 43.014706619766095], [-76.1191533299049, 43.01460061799419], [-76.1193022463245, 43.0145635924722], [-76.1194313108746, 43.014541618862], [-76.1195942841318, 43.0145285879964], [-76.1196603444411, 43.0145375767257], [-76.1196603444411, 43.0145375767257], [-76.1197462260773, 43.01456357145359], [-76.1199693433393, 43.0147066381573], [-76.1200953158882, 43.014757633677604], [-76.1204352860025, 43.014834629680095], [-76.1204352860025, 43.014834629680095], [-76.1204722310151, 43.0148485859506], [-76.120529326138, 43.01489764437049], [-76.12072534032961, 43.0151426403115], [-76.1207663223712, 43.015216619698], [-76.1207663223712, 43.015216619698], [-76.1207722988628, 43.01524159540559], [-76.1207373454151, 43.015512626337085], [-76.1207492543808, 43.01562759277271], [-76.1208242583171, 43.015824606654], [-76.1208242583171, 43.015824606654], [-76.1208833135639, 43.015974591283694], [-76.1209242803341, 43.016128624804], [-76.1209223327866, 43.016311624000295], [-76.1209032292137, 43.016374575434895], [-76.1208512392167, 43.01646459395631], [-76.1207442893922, 43.01658261539819], [-76.1205752893378, 43.01671664301259], [-76.1205752893378, 43.01671664301259], [-76.1204632649303, 43.0167986046439], [-76.12036454785456, 43.016880082432316]]}}, {"type": "Feature", "properties": {"id": 225, "chain_order": 20, "margin_m": 25, "names": ["WINDING RIDGE ROAD", "CHINOOK DRIVE SOUTH"], "changes": 1, "run_lengths_m": [25.0, 25.0], "min_run_m": 25.0, "start_m": 825.6001164672473, "end_m": 875.6001164672473, "length_m": 50.00000000013491, "chord_m": 49.92926786311276, "ratio": 1.0014166467895358, "max_offset_m": 0.706905616351995}, "geometry": {"type": "LineString", "coordinates": [[-76.12077636377063, 43.01654722068609], [-76.1207442893922, 43.01658261539819], [-76.1205752893378, 43.01671664301259], [-76.1205752893378, 43.01671664301259], [-76.1204632649303, 43.0167986046439], [-76.12036454785456, 43.016880082432316]]}}, {"type": "Feature", "properties": {"id": 226, "chain_order": 20, "margin_m": 50, "names": ["LAMBRETH LANE", "WINDING RIDGE ROAD"], "changes": 1, "run_lengths_m": [50.0, 50.0], "min_run_m": 50.0, "start_m": 397.16011489052124, "end_m": 497.16011489052124, "length_m": 100.00000000019429, "chord_m": 93.28535676632514, "ratio": 1.0719796060885416, "max_offset_m": 13.714227714751805}, "geometry": {"type": "LineString", "coordinates": [[-76.11828849482384, 43.015270299873144], [-76.1182812714782, 43.0151725829522], [-76.1182882370149, 43.015123618021], [-76.1183283036733, 43.0150526277341], [-76.1185302566272, 43.01488163092889], [-76.1185302566272, 43.01488163092889], [-76.1186072907561, 43.01483261124899], [-76.1188573044761, 43.014706619766095], [-76.11904447149267, 43.014639598507976]]}}, {"type": "Feature", "properties": {"id": 227, "chain_order": 20, "margin_m": 50, "names": ["LAMBRETH LANE", "WINDING RIDGE ROAD", "CHINOOK DRIVE SOUTH"], "changes": 2, "run_lengths_m": [50.0, 403.44000157672605, 50.0], "min_run_m": 50.0, "start_m": 397.16011489052124, "end_m": 900.6001164672473, "length_m": 503.44000157717363, "chord_m": 249.5452561096937, "ratio": 2.017429661559562, "max_offset_m": 169.81319990524813}, "geometry": {"type": "LineString", "coordinates": [[-76.11828849482384, 43.015270299873144], [-76.1182812714782, 43.0151725829522], [-76.1182882370149, 43.015123618021], [-76.1183283036733, 43.0150526277341], [-76.1185302566272, 43.01488163092889], [-76.1185302566272, 43.01488163092889], [-76.1186072907561, 43.01483261124899], [-76.1188573044761, 43.014706619766095], [-76.1191533299049, 43.01460061799419], [-76.1193022463245, 43.0145635924722], [-76.1194313108746, 43.014541618862], [-76.1195942841318, 43.0145285879964], [-76.1196603444411, 43.0145375767257], [-76.1196603444411, 43.0145375767257], [-76.1197462260773, 43.01456357145359], [-76.1199693433393, 43.0147066381573], [-76.1200953158882, 43.014757633677604], [-76.1204352860025, 43.014834629680095], [-76.1204352860025, 43.014834629680095], [-76.1204722310151, 43.0148485859506], [-76.120529326138, 43.01489764437049], [-76.12072534032961, 43.0151426403115], [-76.1207663223712, 43.015216619698], [-76.1207663223712, 43.015216619698], [-76.1207722988628, 43.01524159540559], [-76.1207373454151, 43.015512626337085], [-76.1207492543808, 43.01562759277271], [-76.1208242583171, 43.015824606654], [-76.1208242583171, 43.015824606654], [-76.1208833135639, 43.015974591283694], [-76.1209242803341, 43.016128624804], [-76.1209223327866, 43.016311624000295], [-76.1209032292137, 43.016374575434895], [-76.1208512392167, 43.01646459395631], [-76.1207442893922, 43.01658261539819], [-76.1205752893378, 43.01671664301259], [-76.1205752893378, 43.01671664301259], [-76.1204632649303, 43.0167986046439], [-76.12016072067362, 43.01704831365854]]}}, {"type": "Feature", "properties": {"id": 228, "chain_order": 20, "margin_m": 50, "names": ["WINDING RIDGE ROAD", "CHINOOK DRIVE SOUTH"], "changes": 1, "run_lengths_m": [50.0, 50.0], "min_run_m": 50.0, "start_m": 800.6001164672473, "end_m": 900.6001164672473, "length_m": 100.00000000031937, "chord_m": 99.0363958718661, "ratio": 1.0097297980199116, "max_offset_m": 5.439410472345695}, "geometry": {"type": "LineString", "coordinates": [[-76.12091155512795, 43.016347139313496], [-76.1209032292137, 43.016374575434895], [-76.1208512392167, 43.01646459395631], [-76.1207442893922, 43.01658261539819], [-76.1205752893378, 43.01671664301259], [-76.1205752893378, 43.01671664301259], [-76.1204632649303, 43.0167986046439], [-76.12016072067362, 43.01704831365854]]}}, {"type": "Feature", "properties": {"id": 229, "chain_order": 20, "margin_m": 100, "names": ["LAMBRETH LANE", "WINDING RIDGE ROAD"], "changes": 1, "run_lengths_m": [100.0, 100.00000000000006], "min_run_m": 100.0, "start_m": 347.16011489052124, "end_m": 547.1601148905213, "length_m": 200.00000000011096, "chord_m": 176.39501787365663, "ratio": 1.1338188709125643, "max_offset_m": 37.59543069061622}, "geometry": {"type": "LineString", "coordinates": [[-76.11812574909831, 43.01567411170694], [-76.1181272732891, 43.0156735917662], [-76.1181912917278, 43.015637577078785], [-76.1182702383699, 43.015558642494106], [-76.1183032289987, 43.01546962166899], [-76.1182812714782, 43.0151725829522], [-76.1182882370149, 43.015123618021], [-76.1183283036733, 43.0150526277341], [-76.1185302566272, 43.01488163092889], [-76.1185302566272, 43.01488163092889], [-76.1186072907561, 43.01483261124899], [-76.1188573044761, 43.014706619766095], [-76.1191533299049, 43.01460061799419], [-76.1193022463245, 43.0145635924722], [-76.1194313108746, 43.014541618862], [-76.1195942841318, 43.0145285879964], [-76.11963236087495, 43.01453376904792]]}}, {"type": "Feature", "properties": {"id": 230, "chain_order": 20, "margin_m": 100, "names": ["LAMBRETH LANE", "WINDING RIDGE ROAD", "CHINOOK DRIVE SOUTH"], "changes": 2, "run_lengths_m": [100.0, 403.44000157672605, 100.0], "min_run_m": 100.0, "start_m": 347.16011489052124, "end_m": 950.6001164672473, "length_m": 603.4400015770398, "chord_m": 247.6656869202697, "ratio": 2.436510317924273, "max_offset_m": 208.539449793518}, "geometry": {"type": "LineString", "coordinates": [[-76.11812574909831, 43.01567411170694], [-76.1181272732891, 43.0156735917662], [-76.1181912917278, 43.015637577078785], [-76.1182702383699, 43.015558642494106], [-76.1183032289987, 43.01546962166899], [-76.1182812714782, 43.0151725829522], [-76.1182882370149, 43.015123618021], [-76.1183283036733, 43.0150526277341], [-76.1185302566272, 43.01488163092889], [-76.1185302566272, 43.01488163092889], [-76.1186072907561, 43.01483261124899], [-76.1188573044761, 43.014706619766095], [-76.1191533299049, 43.01460061799419], [-76.1193022463245, 43.0145635924722], [-76.1194313108746, 43.014541618862], [-76.1195942841318, 43.0145285879964], [-76.1196603444411, 43.0145375767257], [-76.1196603444411, 43.0145375767257], [-76.1197462260773, 43.01456357145359], [-76.1199693433393, 43.0147066381573], [-76.1200953158882, 43.014757633677604], [-76.1204352860025, 43.014834629680095], [-76.1204352860025, 43.014834629680095], [-76.1204722310151, 43.0148485859506], [-76.120529326138, 43.01489764437049], [-76.12072534032961, 43.0151426403115], [-76.1207663223712, 43.015216619698], [-76.1207663223712, 43.015216619698], [-76.1207722988628, 43.01524159540559], [-76.1207373454151, 43.015512626337085], [-76.1207492543808, 43.01562759277271], [-76.1208242583171, 43.015824606654], [-76.1208242583171, 43.015824606654], [-76.1208833135639, 43.015974591283694], [-76.1209242803341, 43.016128624804], [-76.1209223327866, 43.016311624000295], [-76.1209032292137, 43.016374575434895], [-76.1208512392167, 43.01646459395631], [-76.1207442893922, 43.01658261539819], [-76.1205752893378, 43.01671664301259], [-76.1205752893378, 43.01671664301259], [-76.1204632649303, 43.0167986046439], [-76.1201082893576, 43.017091588272905], [-76.1200522335855, 43.0171605749248], [-76.1199892652774, 43.0172746529068], [-76.1199445174854, 43.017460681678656]]}}, {"type": "Feature", "properties": {"id": 231, "chain_order": 20, "margin_m": 100, "names": ["WINDING RIDGE ROAD", "CHINOOK DRIVE SOUTH"], "changes": 1, "run_lengths_m": [100.0, 100.0], "min_run_m": 100.0, "start_m": 750.6001164672473, "end_m": 950.6001164672473, "length_m": 199.99999999997755, "chord_m": 188.1860294203933, "ratio": 1.0627781489198262, "max_offset_m": 24.26540815421119}, "geometry": {"type": "LineString", "coordinates": [[-76.12085536789154, 43.01590361680191], [-76.1208833135639, 43.015974591283694], [-76.1209242803341, 43.016128624804], [-76.1209223327866, 43.016311624000295], [-76.1209032292137, 43.016374575434895], [-76.1208512392167, 43.01646459395631], [-76.1207442893922, 43.01658261539819], [-76.1205752893378, 43.01671664301259], [-76.1205752893378, 43.01671664301259], [-76.1204632649303, 43.0167986046439], [-76.1201082893576, 43.017091588272905], [-76.1200522335855, 43.0171605749248], [-76.1199892652774, 43.0172746529068], [-76.1199445174854, 43.017460681678656]]}}, {"type": "Feature", "properties": {"id": 232, "chain_order": 21, "margin_m": 25, "names": ["ROE AVENUE", "TEJAH AVENUE"], "changes": 1, "run_lengths_m": [25.0, 25.0], "min_run_m": 25.0, "start_m": 389.16836530383256, "end_m": 439.16836530383256, "length_m": 49.999999999220194, "chord_m": 48.09491188050073, "ratio": 1.0396110117314061, "max_offset_m": 3.9496085233556752}, "geometry": {"type": "LineString", "coordinates": [[-76.12433943442967, 43.015854027120795], [-76.1243252849318, 43.015712641589516], [-76.12429623341552, 43.015660607775], [-76.1242713249293, 43.0156405918778], [-76.1242713249293, 43.0156405918778], [-76.1242192693553, 43.015605623484106], [-76.1241692466686, 43.015547582961], [-76.1241499500973, 43.0154439030053]]}}, {"type": "Feature", "properties": {"id": 233, "chain_order": 21, "margin_m": 25, "names": ["ROE AVENUE", "TEJAH AVENUE", "JEAN AVENUE"], "changes": 2, "run_lengths_m": [25.0, 341.6088282750184, 25.0], "min_run_m": 25.0, "start_m": 389.16836530383256, "end_m": 780.777193578851, "length_m": 391.6088282747032, "chord_m": 296.9017292006392, "ratio": 1.3189846665058096, "max_offset_m": 115.03739431506027}, "geometry": {"type": "LineString", "coordinates": [[-76.12433943442967, 43.015854027120795], [-76.1243252849318, 43.015712641589516], [-76.12429623341552, 43.015660607775], [-76.1242713249293, 43.0156405918778], [-76.1242713249293, 43.0156405918778], [-76.1242192693553, 43.015605623484106], [-76.1241692466686, 43.015547582961], [-76.1241333293286, 43.0153545997646], [-76.124121283819, 43.015131575448905], [-76.1241323456734, 43.015031602098], [-76.12417124991171, 43.0148636378058], [-76.1244262852141, 43.01415262278619], [-76.1244912980879, 43.01404365444339], [-76.1246152287662, 43.013908623259006], [-76.12472328801, 43.0138385833262], [-76.124769277261, 43.013823633686584], [-76.1250012878444, 43.013794607991905], [-76.1261152733568, 43.013747632184696], [-76.1262722647325, 43.01375662299889], [-76.1262722647325, 43.01375662299889], [-76.1263773433663, 43.013758650004306], [-76.12657812047429, 43.01374498568042]]}}, {"type": "Feature", "properties": {"id": 234, "chain_order": 21, "margin_m": 25, "names": ["TEJAH AVENUE", "JEAN AVENUE"], "changes": 1, "run_lengths_m": [25.0, 25.0], "min_run_m": 25.0, "start_m": 730.777193578851, "end_m": 780.777193578851, "length_m": 50.00000000002152, "chord_m": 49.87774170945925, "ratio": 1.0024511593021679, "max_offset_m": 1.1917862080046704}, "geometry": {"type": "LineString", "coordinates": [[-76.12596623435118, 43.01375391766289], [-76.1261152733568, 43.013747632184696], [-76.1262722647325, 43.01375662299889], [-76.1262722647325, 43.01375662299889], [-76.1263773433663, 43.013758650004306], [-76.12657812047429, 43.01374498568042]]}}, {"type": "Feature", "properties": {"id": 235, "chain_order": 21, "margin_m": 50, "names": ["ROE AVENUE", "TEJAH AVENUE"], "changes": 1, "run_lengths_m": [50.0, 50.0], "min_run_m": 50.0, "start_m": 364.16836530383256, "end_m": 464.16836530383256, "length_m": 99.99999999945697, "chord_m": 97.28333018460498, "ratio": 1.0279253373594104, "max_offset_m": 5.154271865203761}, "geometry": {"type": "LineString", "coordinates": [[-76.12436080874762, 43.01607857995916], [-76.1243553012387, 43.0160125716208], [-76.1243252849318, 43.015712641589516], [-76.12429623341552, 43.015660607775], [-76.1242713249293, 43.0156405918778], [-76.1242713249293, 43.0156405918778], [-76.1242192693553, 43.015605623484106], [-76.1241692466686, 43.015547582961], [-76.1241333293286, 43.0153545997646], [-76.12412604526193, 43.015219734470556]]}}, {"type": "Feature", "properties": {"id": 236, "chain_order": 21, "margin_m": 50, "names": ["ROE AVENUE", "TEJAH AVENUE", "JEAN AVENUE"], "changes": 2, "run_lengths_m": [50.0, 341.6088282750184, 50.0], "min_run_m": 50.0, "start_m": 364.16836530383256, "end_m": 805.777193578851, "length_m": 441.6088282746927, "chord_m": 332.24561386842976, "ratio": 1.3291637566946817, "max_offset_m": 132.87672499507255}, "geometry": {"type": "LineString", "coordinates": [[-76.12436080874762, 43.01607857995916], [-76.1243553012387, 43.0160125716208], [-76.1243252849318, 43.015712641589516], [-76.12429623341552, 43.015660607775], [-76.1242713249293, 43.0156405918778], [-76.1242713249293, 43.0156405918778], [-76.1242192693553, 43.015605623484106], [-76.1241692466686, 43.015547582961], [-76.1241333293286, 43.0153545997646], [-76.124121283819, 43.015131575448905], [-76.1241323456734, 43.015031602098], [-76.12417124991171, 43.0148636378058], [-76.1244262852141, 43.01415262278619], [-76.1244912980879, 43.01404365444339], [-76.1246152287662, 43.013908623259006], [-76.12472328801, 43.0138385833262], [-76.124769277261, 43.013823633686584], [-76.1250012878444, 43.013794607991905], [-76.1261152733568, 43.013747632184696], [-76.1262722647325, 43.01375662299889], [-76.1262722647325, 43.01375662299889], [-76.1263773433663, 43.013758650004306], [-76.1266712424828, 43.0137386479376], [-76.12688405642884, 43.013728855542055]]}}, {"type": "Feature", "properties": {"id": 237, "chain_order": 21, "margin_m": 50, "names": ["TEJAH AVENUE", "JEAN AVENUE"], "changes": 1, "run_lengths_m": [50.0, 50.0], "min_run_m": 50.0, "start_m": 705.777193578851, "end_m": 805.777193578851, "length_m": 100.00000000001056, "chord_m": 99.84918468841782, "ratio": 1.0015104310772627, "max_offset_m": 1.5614416395373738}, "geometry": {"type": "LineString", "coordinates": [[-76.12565998590598, 43.0137668325813], [-76.1261152733568, 43.013747632184696], [-76.1262722647325, 43.01375662299889], [-76.1262722647325, 43.01375662299889], [-76.1263773433663, 43.013758650004306], [-76.1266712424828, 43.0137386479376], [-76.12688405642884, 43.013728855542055]]}}, {"type": "Feature", "properties": {"id": 238, "chain_order": 21, "margin_m": 100, "names": ["ROE AVENUE", "TEJAH AVENUE"], "changes": 1, "run_lengths_m": [100.0, 100.00000000000006], "min_run_m": 100.0, "start_m": 314.16836530383256, "end_m": 514.1683653038326, "length_m": 199.9999999996369, "chord_m": 195.30023452878427, "ratio": 1.024064310430513, "max_offset_m": 11.04963095266912}, "geometry": {"type": "LineString", "coordinates": [[-76.12440400986729, 43.01652765006133], [-76.1243793320709, 43.01630058365029], [-76.1243553012387, 43.0160125716208], [-76.1243252849318, 43.015712641589516], [-76.12429623341552, 43.015660607775], [-76.1242713249293, 43.0156405918778], [-76.1242713249293, 43.0156405918778], [-76.1242192693553, 43.015605623484106], [-76.1241692466686, 43.015547582961], [-76.1241333293286, 43.0153545997646], [-76.124121283819, 43.015131575448905], [-76.1241323456734, 43.015031602098], [-76.12417124991171, 43.0148636378058], [-76.12420292117781, 43.01477534212222]]}}, {"type": "Feature", "properties": {"id": 239, "chain_order": 21, "margin_m": 100, "names": ["ROE AVENUE", "TEJAH AVENUE", "JEAN AVENUE"], "changes": 2, "run_lengths_m": [100.0, 341.6088282750184, 100.0], "min_run_m": 100.0, "start_m": 314.16836530383256, "end_m": 855.777193578851, "length_m": 541.6088282747287, "chord_m": 402.59860438397965, "ratio": 1.3452824286449032, "max_offset_m": 168.6570956401986}, "geometry": {"type": "LineString", "coordinates": [[-76.12440400986729, 43.01652765006133], [-76.1243793320709, 43.01630058365029], [-76.1243553012387, 43.0160125716208], [-76.1243252849318, 43.015712641589516], [-76.12429623341552, 43.015660607775], [-76.1242713249293, 43.0156405918778], [-76.1242713249293, 43.0156405918778], [-76.1242192693553, 43.015605623484106], [-76.1241692466686, 43.015547582961], [-76.1241333293286, 43.0153545997646], [-76.124121283819, 43.015131575448905], [-76.1241323456734, 43.015031602098], [-76.12417124991171, 43.0148636378058], [-76.1244262852141, 43.01415262278619], [-76.1244912980879, 43.01404365444339], [-76.1246152287662, 43.013908623259006], [-76.12472328801, 43.0138385833262], [-76.124769277261, 43.013823633686584], [-76.1250012878444, 43.013794607991905], [-76.1261152733568, 43.013747632184696], [-76.1262722647325, 43.01375662299889], [-76.1262722647325, 43.01375662299889], [-76.1263773433663, 43.013758650004306], [-76.1266712424828, 43.0137386479376], [-76.12749636054001, 43.01370067883083]]}}, {"type": "Feature", "properties": {"id": 240, "chain_order": 21, "margin_m": 100, "names": ["TEJAH AVENUE", "JEAN AVENUE"], "changes": 1, "run_lengths_m": [100.0, 100.0], "min_run_m": 100.0, "start_m": 655.777193578851, "end_m": 855.777193578851, "length_m": 199.99999999997777, "chord_m": 199.8409668456507, "ratio": 1.0007957985634142, "max_offset_m": 1.7672811383283675}, "geometry": {"type": "LineString", "coordinates": [[-76.12504748857887, 43.01379265996361], [-76.1261152733568, 43.013747632184696], [-76.1262722647325, 43.01375662299889], [-76.1262722647325, 43.01375662299889], [-76.1263773433663, 43.013758650004306], [-76.1266712424828, 43.0137386479376], [-76.12749636054001, 43.01370067883083]]}}, {"type": "Feature", "properties": {"id": 241, "chain_order": 22, "margin_m": 25, "names": ["CRESTVIEW TERRACE", "CAYUGA STREET"], "changes": 1, "run_lengths_m": [25.0, 24.999999999999993], "min_run_m": 24.999999999999993, "start_m": 26.173215147945548, "end_m": 76.17321514794554, "length_m": 50.0000000004171, "chord_m": 49.99748559751356, "ratio": 1.0000502905870865, "max_offset_m": 0.2507159588727945}, "geometry": {"type": "LineString", "coordinates": [[-76.1948898217083, 43.048583221123934], [-76.1946193218901, 43.0486895821935], [-76.1946193218901, 43.0486895821935], [-76.19434596692116, 43.04879194234908]]}}, {"type": "Feature", "properties": {"id": 242, "chain_order": 22, "margin_m": 25, "names": ["CRESTVIEW TERRACE", "CAYUGA STREET", "EMERSON AVENUE"], "changes": 2, "run_lengths_m": [25.0, 761.5766352444125, 25.0], "min_run_m": 25.0, "start_m": 26.173215147945548, "end_m": 837.7498503923581, "length_m": 811.5766352445197, "chord_m": 793.1048083433714, "ratio": 1.0232905244134531, "max_offset_m": 37.9167357129903}, "geometry": {"type": "LineString", "coordinates": [[-76.1948898217083, 43.048583221123934], [-76.1946193218901, 43.0486895821935], [-76.1946193218901, 43.0486895821935], [-76.1926403153529, 43.04943061614959], [-76.1926403153529, 43.04943061614959], [-76.1906423381935, 43.05018360953869], [-76.1906423381935, 43.05018360953869], [-76.1897522829184, 43.05053361158159], [-76.1889923620869, 43.0508195809415], [-76.1889923620869, 43.0508195809415], [-76.1886572572483, 43.050945618437886], [-76.1886572572483, 43.050945618437886], [-76.1880462510398, 43.0511735737852], [-76.1875023049656, 43.05140263109839], [-76.1870783702201, 43.051551647867406], [-76.186842297455, 43.05164963839379], [-76.186842297455, 43.05164963839379], [-76.1867073462448, 43.05170659842929], [-76.1865973277753, 43.0517766266676], [-76.1865322726808, 43.051860596117784], [-76.1864982948035, 43.05197062770792], [-76.1864982948035, 43.05197062770792], [-76.18649040542999, 43.05219565268341]]}}, {"type": "Feature", "properties": {"id": 243, "chain_order": 22, "margin_m": 25, "names": ["CAYUGA STREET", "EMERSON AVENUE"], "changes": 1, "run_lengths_m": [25.0, 25.0], "min_run_m": 25.0, "start_m": 787.7498503923581, "end_m": 837.7498503923581, "length_m": 49.99999999988998, "chord_m": 48.723877485863184, "ratio": 1.026190906386649, "max_offset_m": 4.51376864001669}, "geometry": {"type": "LineString", "coordinates": [[-76.18661350058113, 43.05176633247528], [-76.1865973277753, 43.0517766266676], [-76.1865322726808, 43.051860596117784], [-76.1864982948035, 43.05197062770792], [-76.1864982948035, 43.05197062770792], [-76.18649040542999, 43.05219565268341]]}}, {"type": "Feature", "properties": {"id": 244, "chain_order": 22, "margin_m": 50, "names": ["CRESTVIEW TERRACE", "CAYUGA STREET"], "changes": 1, "run_lengths_m": [50.0, 49.99999999999999], "min_run_m": 49.99999999999999, "start_m": 1.1732151479455482, "end_m": 101.17321514794554, "length_m": 99.99999999999423, "chord_m": 99.9949711941871, "ratio": 1.0000502905870872, "max_offset_m": 0.5014319177455903}, "geometry": {"type": "LineString", "coordinates": [[-76.19516032058135, 43.04847685942418], [-76.1946193218901, 43.0486895821935], [-76.1946193218901, 43.0486895821935], [-76.19407261103215, 43.0488943018607]]}}, {"type": "Feature", "properties": {"id": 245, "chain_order": 23, "margin_m": 25, "names": ["SOUTH GLENCOVE ROAD", "NORTH GLENCOVE ROAD"], "changes": 1, "run_lengths_m": [25.0, 25.0], "min_run_m": 25.0, "start_m": 332.80919523975643, "end_m": 382.80919523975643, "length_m": 49.99999999974375, "chord_m": 47.48477231057458, "ratio": 1.0529691428805492, "max_offset_m": 6.096041406923639}, "geometry": {"type": "LineString", "coordinates": [[-76.09479451034326, 43.06442021299094], [-76.0947532874627, 43.0644765840511], [-76.0947352421053, 43.0645736488934], [-76.0947422570493, 43.064636616459296], [-76.0947422570493, 43.064636616459296], [-76.0947712375987, 43.06476060614379], [-76.094825242517, 43.06483464976769], [-76.0948384312573, 43.064846556519385]]}}, {"type": "Feature", "properties": {"id": 246, "chain_order": 23, "margin_m": 25, "names": ["SOUTH GLENCOVE ROAD", "NORTH GLENCOVE ROAD", "GLENCOVE ROAD"], "changes": 2, "run_lengths_m": [25.0, 400.6762141413744, 25.0], "min_run_m": 25.0, "start_m": 332.80919523975643, "end_m": 783.4854093811308, "length_m": 450.6762141410681, "chord_m": 384.1131362969933, "ratio": 1.1732902927657458, "max_offset_m": 65.22978098739748}, "geometry": {"type": "LineString", "coordinates": [[-76.09479451034326, 43.06442021299094], [-76.0947532874627, 43.0644765840511], [-76.0947352421053, 43.0645736488934], [-76.0947422570493, 43.064636616459296], [-76.0947422570493, 43.064636616459296], [-76.0947712375987, 43.06476060614379], [-76.094825242517, 43.06483464976769], [-76.09490824774751, 43.0649095865152], [-76.0949973022332, 43.064958621331805], [-76.095080296684, 43.0649846616486], [-76.095196325781, 43.0650036323909], [-76.0953943054865, 43.065010652076104], [-76.0969172732866, 43.06492465431509], [-76.0969172732866, 43.06492465431509], [-76.0982942522766, 43.064868582707206], [-76.0985752282295, 43.06484661529189], [-76.0987622305222, 43.064816634535184], [-76.0989066868064, 43.064733536663596], [-76.0989066868064, 43.064733536663596], [-76.099035265368, 43.0646595788921], [-76.0992673073924, 43.06457963758789], [-76.0992673073924, 43.06457963758789], [-76.0993572215658, 43.06451862113119], [-76.099510020504, 43.06444477204569], [-76.09951142556481, 43.06444441822112]]}}, {"type": "Feature", "properties": {"id": 247, "chain_order": 23, "margin_m": 25, "names": ["NORTH GLENCOVE ROAD", "GLENCOVE ROAD"], "changes": 1, "run_lengths_m": [25.0, 25.0], "min_run_m": 25.0, "start_m": 733.4854093811308, "end_m": 783.4854093811308, "length_m": 49.99999999964573, "chord_m": 49.64478619595687, "ratio": 1.0071551079359427, "max_offset_m": 2.1230376980957866}, "geometry": {"type": "LineString", "coordinates": [[-76.09899543147439, 43.06468249119078], [-76.099035265368, 43.0646595788921], [-76.0992673073924, 43.06457963758789], [-76.0992673073924, 43.06457963758789], [-76.0993572215658, 43.06451862113119], [-76.099510020504, 43.06444477204569], [-76.09951142556481, 43.06444441822112]]}}, {"type": "Feature", "properties": {"id": 248, "chain_order": 23, "margin_m": 50, "names": ["SOUTH GLENCOVE ROAD", "NORTH GLENCOVE ROAD"], "changes": 1, "run_lengths_m": [50.0, 50.0], "min_run_m": 50.0, "start_m": 307.80919523975643, "end_m": 407.80919523975643, "length_m": 99.99999999973578, "chord_m": 79.4144991653007, "ratio": 1.259215899499492, "max_offset_m": 24.823303511981155}, "geometry": {"type": "LineString", "coordinates": [[-76.09501489896093, 43.06426942887871], [-76.0949863023626, 43.06427858830759], [-76.09486627935581, 43.064345652787395], [-76.0948132356349, 43.0643946066743], [-76.0947532874627, 43.0644765840511], [-76.0947352421053, 43.0645736488934], [-76.0947422570493, 43.064636616459296], [-76.0947422570493, 43.064636616459296], [-76.0947712375987, 43.06476060614379], [-76.094825242517, 43.06483464976769], [-76.09490824774751, 43.0649095865152], [-76.0949973022332, 43.064958621331805], [-76.09507535267704, 43.06498311042062]]}}, {"type": "Feature", "properties": {"id": 249, "chain_order": 23, "margin_m": 100, "names": ["SOUTH GLENCOVE ROAD", "NORTH GLENCOVE ROAD"], "changes": 1, "run_lengths_m": [100.0, 100.0], "min_run_m": 100.0, "start_m": 257.80919523975643, "end_m": 457.80919523975643, "length_m": 200.00000000002336, "chord_m": 88.71954354490968, "ratio": 2.254294736072258, "max_offset_m": 74.18391228555835}, "geometry": {"type": "LineString", "coordinates": [[-76.09561511015539, 43.0641970440189], [-76.095221281878, 43.0642186183484], [-76.095221281878, 43.0642186183484], [-76.0951393150999, 43.0642295785428], [-76.0949863023626, 43.06427858830759], [-76.09486627935581, 43.064345652787395], [-76.0948132356349, 43.0643946066743], [-76.0947532874627, 43.0644765840511], [-76.0947352421053, 43.0645736488934], [-76.0947422570493, 43.064636616459296], [-76.0947422570493, 43.064636616459296], [-76.0947712375987, 43.06476060614379], [-76.094825242517, 43.06483464976769], [-76.09490824774751, 43.0649095865152], [-76.0949973022332, 43.064958621331805], [-76.095080296684, 43.0649846616486], [-76.095196325781, 43.0650036323909], [-76.0953943054865, 43.065010652076104], [-76.09568499890558, 43.06499423900845]]}}, {"type": "Feature", "properties": {"id": 250, "chain_order": 24, "margin_m": 25, "names": ["WEST CHELTENHAM ROAD", "EAST CHELTENHAM ROAD"], "changes": 1, "run_lengths_m": [25.0, 25.00000000000003], "min_run_m": 25.0, "start_m": 217.19041565557413, "end_m": 267.19041565557416, "length_m": 50.000000000015774, "chord_m": 49.92493160371638, "ratio": 1.001503625420967, "max_offset_m": 0.9699240953082393}, "geometry": {"type": "LineString", "coordinates": [[-76.14380745948874, 42.995167402391786], [-76.14370133295921, 42.9951715993042], [-76.1435013275528, 42.9951626123401], [-76.1435013275528, 42.9951626123401], [-76.14319515415673, 42.99517529134946]]}}, {"type": "Feature", "properties": {"id": 251, "chain_order": 24, "margin_m": 25, "names": ["WEST CHELTENHAM ROAD", "EAST CHELTENHAM ROAD", "NORTH CHELTENHAM ROAD"], "changes": 2, "run_lengths_m": [25.0, 386.3733043683636, 25.0], "min_run_m": 25.0, "start_m": 217.19041565557413, "end_m": 653.5637200239378, "length_m": 436.3733043684603, "chord_m": 431.71336129608613, "ratio": 1.010794067291279, "max_offset_m": 13.141580834822873}, "geometry": {"type": "LineString", "coordinates": [[-76.14380745948874, 42.995167402391786], [-76.14370133295921, 42.9951715993042], [-76.1435013275528, 42.9951626123401], [-76.1435013275528, 42.9951626123401], [-76.1407242415475, 42.9952775846719], [-76.1401993083163, 42.995290649845295], [-76.1401993083163, 42.995290649845295], [-76.1393922834246, 42.99533362659179], [-76.1387693359111, 42.995353604428296], [-76.1387693359111, 42.995353604428296], [-76.1386202703711, 42.99541262921898], [-76.1385543286394, 42.9954556091654], [-76.13852978051654, 42.99548682783984]]}}, {"type": "Feature", "properties": {"id": 252, "chain_order": 24, "margin_m": 25, "names": ["EAST CHELTENHAM ROAD", "NORTH CHELTENHAM ROAD"], "changes": 1, "run_lengths_m": [25.0, 25.0], "min_run_m": 25.0, "start_m": 603.5637200239378, "end_m": 653.5637200239378, "length_m": 50.00000000005147, "chord_m": 47.25598927967374, "ratio": 1.0580669405551524, "max_offset_m": 7.3691122627485015}, "geometry": {"type": "LineString", "coordinates": [[-76.13907570506083, 42.995343779639164], [-76.1387693359111, 42.995353604428296], [-76.1387693359111, 42.995353604428296], [-76.1386202703711, 42.99541262921898], [-76.1385543286394, 42.9954556091654], [-76.13852978051654, 42.99548682783984]]}}, {"type": "Feature", "properties": {"id": 253, "chain_order": 24, "margin_m": 50, "names": ["WEST CHELTENHAM ROAD", "EAST CHELTENHAM ROAD"], "changes": 1, "run_lengths_m": [50.0, 50.00000000000003], "min_run_m": 50.0, "start_m": 192.19041565557413, "end_m": 292.19041565557416, "length_m": 99.99999999998124, "chord_m": 99.90729147821865, "ratio": 1.000927945502184, "max_offset_m": 1.0011171754734192}, "geometry": {"type": "LineString", "coordinates": [[-76.14411367553878, 42.99515529212315], [-76.14370133295921, 42.9951715993042], [-76.1435013275528, 42.9951626123401], [-76.1435013275528, 42.9951626123401], [-76.14288898061727, 42.99518796954107]]}}, {"type": "Feature", "properties": {"id": 254, "chain_order": 24, "margin_m": 50, "names": ["WEST CHELTENHAM ROAD", "EAST CHELTENHAM ROAD", "NORTH CHELTENHAM ROAD"], "changes": 2, "run_lengths_m": [50.0, 386.3733043683636, 50.0], "min_run_m": 50.0, "start_m": 192.19041565557413, "end_m": 678.5637200239378, "length_m": 486.37330436800113, "chord_m": 468.9630423968022, "ratio": 1.0371250192386539, "max_offset_m": 33.62528949409032}, "geometry": {"type": "LineString", "coordinates": [[-76.14411367553878, 42.99515529212315], [-76.14370133295921, 42.9951715993042], [-76.1435013275528, 42.9951626123401], [-76.1435013275528, 42.9951626123401], [-76.1407242415475, 42.9952775846719], [-76.1401993083163, 42.995290649845295], [-76.1401993083163, 42.995290649845295], [-76.1393922834246, 42.99533362659179], [-76.1387693359111, 42.995353604428296], [-76.1387693359111, 42.995353604428296], [-76.1386202703711, 42.99541262921898], [-76.1385543286394, 42.9954556091654], [-76.1384922397819, 42.9955345695856], [-76.13840796914016, 42.99569289414836]]}}, {"type": "Feature", "properties": {"id": 255, "chain_order": 24, "margin_m": 50, "names": ["EAST CHELTENHAM ROAD", "NORTH CHELTENHAM ROAD"], "changes": 1, "run_lengths_m": [50.0, 50.0], "min_run_m": 50.0, "start_m": 578.5637200239378, "end_m": 678.5637200239378, "length_m": 99.99999999965571, "chord_m": 88.85593580451392, "ratio": 1.125417217141904, "max_offset_m": 20.460050859141603}, "geometry": {"type": "LineString", "coordinates": [[-76.13938207409548, 42.99533395403091], [-76.1387693359111, 42.995353604428296], [-76.1387693359111, 42.995353604428296], [-76.1386202703711, 42.99541262921898], [-76.1385543286394, 42.9954556091654], [-76.1384922397819, 42.9955345695856], [-76.13840796914016, 42.99569289414836]]}}, {"type": "Feature", "properties": {"id": 256, "chain_order": 24, "margin_m": 100, "names": ["WEST CHELTENHAM ROAD", "EAST CHELTENHAM ROAD"], "changes": 1, "run_lengths_m": [100.0, 100.00000000000003], "min_run_m": 100.0, "start_m": 142.19041565557413, "end_m": 342.19041565557416, "length_m": 199.99999999994725, "chord_m": 199.89842153112602, "ratio": 1.0005081504298192, "max_offset_m": 1.0641718822102646}, "geometry": {"type": "LineString", "coordinates": [[-76.14472610722548, 42.99513106913176], [-76.14370133295921, 42.9951715993042], [-76.1435013275528, 42.9951626123401], [-76.1435013275528, 42.9951626123401], [-76.14227663310828, 42.995213323471035]]}}, {"type": "Feature", "properties": {"id": 257, "chain_order": 24, "margin_m": 100, "names": ["WEST CHELTENHAM ROAD", "EAST CHELTENHAM ROAD", "NORTH CHELTENHAM ROAD"], "changes": 2, "run_lengths_m": [100.0, 386.3733043683636, 100.0], "min_run_m": 100.0, "start_m": 142.19041565557413, "end_m": 728.5637200239378, "length_m": 586.3733043684282, "chord_m": 542.9630382785315, "ratio": 1.0799506836184085, "max_offset_m": 73.7202307348255}, "geometry": {"type": "LineString", "coordinates": [[-76.14472610722548, 42.99513106913176], [-76.14370133295921, 42.9951715993042], [-76.1435013275528, 42.9951626123401], [-76.1435013275528, 42.9951626123401], [-76.1407242415475, 42.9952775846719], [-76.1401993083163, 42.995290649845295], [-76.1401993083163, 42.995290649845295], [-76.1393922834246, 42.99533362659179], [-76.1387693359111, 42.995353604428296], [-76.1387693359111, 42.995353604428296], [-76.1386202703711, 42.99541262921898], [-76.1385543286394, 42.9954556091654], [-76.1384922397819, 42.9955345695856], [-76.1383043158177, 42.9958876329939], [-76.13820267000591, 42.996116931680795]]}}, {"type": "Feature", "properties": {"id": 258, "chain_order": 24, "margin_m": 100, "names": ["EAST CHELTENHAM ROAD", "NORTH CHELTENHAM ROAD"], "changes": 1, "run_lengths_m": [100.0, 100.0], "min_run_m": 100.0, "start_m": 528.5637200239378, "end_m": 728.5637200239378, "length_m": 200.0000000000922, "chord_m": 171.81636853682852, "ratio": 1.1640334486363129, "max_offset_m": 48.53376536745132}, "geometry": {"type": "LineString", "coordinates": [[-76.13999380588923, 42.99530159407489], [-76.1393922834246, 42.99533362659179], [-76.1387693359111, 42.995353604428296], [-76.1387693359111, 42.995353604428296], [-76.1386202703711, 42.99541262921898], [-76.1385543286394, 42.9954556091654], [-76.1384922397819, 42.9955345695856], [-76.1383043158177, 42.9958876329939], [-76.13820267000591, 42.996116931680795]]}}, {"type": "Feature", "properties": {"id": 259, "chain_order": 25, "margin_m": 25, "names": ["RIVERDALE DRIVE", "MARIS DRIVE"], "changes": 1, "run_lengths_m": [25.0, 25.0], "min_run_m": 25.0, "start_m": 343.1822064858577, "end_m": 393.1822064858577, "length_m": 50.000000000019064, "chord_m": 49.557365816336386, "ratio": 1.0089317536634839, "max_offset_m": 3.179271017190167}, "geometry": {"type": "LineString", "coordinates": [[-76.15646423342767, 42.9998341850745], [-76.1565573071449, 42.99984564979851], [-76.1567213035832, 42.999876589977], [-76.1567642619184, 42.9998775964818], [-76.1567642619184, 42.9998775964818], [-76.15707057222943, 42.999866504788535]]}}, {"type": "Feature", "properties": {"id": 260, "chain_order": 25, "margin_m": 25, "names": ["RIVERDALE DRIVE", "MARIS DRIVE", "CRESTVIEW DRIVE"], "changes": 2, "run_lengths_m": [25.0, 56.31556588636937, 25.0], "min_run_m": 25.0, "start_m": 343.1822064858577, "end_m": 449.4977723722271, "length_m": 106.31556588637771, "chord_m": 105.70495084867916, "ratio": 1.0057765982841491, "max_offset_m": 4.500984443036746}, "geometry": {"type": "LineString", "coordinates": [[-76.15646423342767, 42.9998341850745], [-76.1565573071449, 42.99984564979851], [-76.1567213035832, 42.999876589977], [-76.1567642619184, 42.9998775964818], [-76.1567642619184, 42.9998775964818], [-76.157454263278, 42.999852609927494], [-76.157454263278, 42.999852609927494], [-76.1577608376661, 42.99984662824257]]}}, {"type": "Feature", "properties": {"id": 261, "chain_order": 25, "margin_m": 25, "names": ["MARIS DRIVE", "CRESTVIEW DRIVE"], "changes": 1, "run_lengths_m": [25.0, 25.0], "min_run_m": 25.0, "start_m": 399.4977723722271, "end_m": 449.4977723722271, "length_m": 50.000000000052665, "chord_m": 49.99677213810948, "ratio": 1.0000645614067698, "max_offset_m": 0.28406679462157824}, "geometry": {"type": "LineString", "coordinates": [[-76.15714795312722, 42.99986370264623], [-76.157454263278, 42.999852609927494], [-76.157454263278, 42.999852609927494], [-76.1577608376661, 42.99984662824257]]}}, {"type": "Feature", "properties": {"id": 262, "chain_order": 25, "margin_m": 50, "names": ["RIVERDALE DRIVE", "MARIS DRIVE"], "changes": 1, "run_lengths_m": [50.0, 50.0], "min_run_m": 50.0, "start_m": 318.1822064858577, "end_m": 418.1822064858577, "length_m": 100.00000000001998, "chord_m": 99.3314053383579, "ratio": 1.006730949384886, "max_offset_m": 3.931874470938141}, "geometry": {"type": "LineString", "coordinates": [[-76.15615888101586, 42.99982909715674], [-76.1563782639256, 42.999823595369094], [-76.1565573071449, 42.99984564979851], [-76.1567213035832, 42.999876589977], [-76.1567642619184, 42.9998775964818], [-76.1567642619184, 42.9998775964818], [-76.15737688241252, 42.999855412276624]]}}, {"type": "Feature", "properties": {"id": 263, "chain_order": 25, "margin_m": 50, "names": ["RIVERDALE DRIVE", "MARIS DRIVE", "CRESTVIEW DRIVE"], "changes": 2, "run_lengths_m": [50.0, 56.31556588636937, 50.0], "min_run_m": 50.0, "start_m": 318.1822064858577, "end_m": 474.4977723722271, "length_m": 156.31556588607788, "chord_m": 151.57146166113748, "ratio": 1.031299455536997, "max_offset_m": 9.163580882572266}, "geometry": {"type": "LineString", "coordinates": [[-76.15615888101586, 42.99982909715674], [-76.1563782639256, 42.999823595369094], [-76.1565573071449, 42.99984564979851], [-76.1567213035832, 42.999876589977], [-76.1567642619184, 42.9998775964818], [-76.1567642619184, 42.9998775964818], [-76.157454263278, 42.999852609927494], [-76.157454263278, 42.999852609927494], [-76.1578663321769, 42.9998445697105], [-76.1579252401, 42.9998586515869], [-76.15799933583962, 42.99991058118831], [-76.15801257014428, 42.999935744925516]]}}, {"type": "Feature", "properties": {"id": 264, "chain_order": 25, "margin_m": 50, "names": ["MARIS DRIVE", "CRESTVIEW DRIVE"], "changes": 1, "run_lengths_m": [50.0, 50.0], "min_run_m": 50.0, "start_m": 374.4977723722271, "end_m": 474.4977723722271, "length_m": 99.99999999969897, "chord_m": 95.6906806364005, "ratio": 1.0450338458733799, "max_offset_m": 9.257381522055242}, "geometry": {"type": "LineString", "coordinates": [[-76.1568416428485, 42.99987479454631], [-76.157454263278, 42.999852609927494], [-76.157454263278, 42.999852609927494], [-76.1578663321769, 42.9998445697105], [-76.1579252401, 42.9998586515869], [-76.15799933583962, 42.99991058118831], [-76.15801257014428, 42.999935744925516]]}}, {"type": "Feature", "properties": {"id": 265, "chain_order": 25, "margin_m": 100, "names": ["RIVERDALE DRIVE", "MARIS DRIVE", "CRESTVIEW DRIVE"], "changes": 2, "run_lengths_m": [100.0, 56.31556588636937, 99.99999999999994], "min_run_m": 56.31556588636937, "start_m": 268.1822064858577, "end_m": 524.497772372227, "length_m": 256.3155658864918, "chord_m": 195.37859684494893, "ratio": 1.3118917323881798, "max_offset_m": 55.66732790825382}, "geometry": {"type": "LineString", "coordinates": [[-76.15568359145944, 43.000032855994185], [-76.1556882993969, 43.000007603005095], [-76.1557672936497, 42.999908650959995], [-76.1558253095457, 42.9998686233457], [-76.15593925904291, 42.9998346045177], [-76.1563782639256, 42.999823595369094], [-76.1565573071449, 42.99984564979851], [-76.1567213035832, 42.999876589977], [-76.1567642619184, 42.9998775964818], [-76.1567642619184, 42.9998775964818], [-76.157454263278, 42.999852609927494], [-76.157454263278, 42.999852609927494], [-76.1578663321769, 42.9998445697105], [-76.1579252401, 42.9998586515869], [-76.15799933583962, 42.99991058118831], [-76.1580503547578, 43.0000075885515], [-76.15803309171007, 43.00038056778912]]}}, {"type": "Feature", "properties": {"id": 266, "chain_order": 26, "margin_m": 25, "names": ["WEST SCOTT AVENUE", "SCOTT AVENUE"], "changes": 1, "run_lengths_m": [25.0, 25.0], "min_run_m": 25.0, "start_m": 80.41896242289761, "end_m": 130.4189624228976, "length_m": 49.999999999825235, "chord_m": 49.89494014783283, "ratio": 1.0021056213652353, "max_offset_m": 1.2462554992238466}, "geometry": {"type": "LineString", "coordinates": [[-76.10984168049562, 43.04159792885733], [-76.1098363388496, 43.04160159209], [-76.1097563025511, 43.04169061638589], [-76.109684322344, 43.0417906382414], [-76.109684322344, 43.0417906382414], [-76.1095514209766, 43.041993539088644]]}}, {"type": "Feature", "properties": {"id": 267, "chain_order": 26, "margin_m": 25, "names": ["WEST SCOTT AVENUE", "SCOTT AVENUE", "GENESEE PARK DRIVE"], "changes": 2, "run_lengths_m": [25.0, 215.56547655306372, 25.0], "min_run_m": 25.0, "start_m": 80.41896242289761, "end_m": 345.9844389759613, "length_m": 265.5654765531119, "chord_m": 265.41113017013964, "ratio": 1.000581536964457, "max_offset_m": 2.1359101443829775}, "geometry": {"type": "LineString", "coordinates": [[-76.10984168049562, 43.04159792885733], [-76.1098363388496, 43.04160159209], [-76.1097563025511, 43.04169061638589], [-76.109684322344, 43.0417906382414], [-76.109684322344, 43.0417906382414], [-76.1093863349945, 43.04224557421588], [-76.1093863349945, 43.04224557421588], [-76.1093363185962, 43.042324581503685], [-76.1093363185962, 43.042324581503685], [-76.1085452711401, 43.0435425972108], [-76.1085452711401, 43.0435425972108], [-76.108412991728, 43.043745717910376]]}}, {"type": "Feature", "properties": {"id": 268, "chain_order": 26, "margin_m": 25, "names": ["SCOTT AVENUE", "GENESEE PARK DRIVE"], "changes": 1, "run_lengths_m": [25.0, 25.0], "min_run_m": 25.0, "start_m": 295.9844389759613, "end_m": 345.9844389759613, "length_m": 49.99999999982569, "chord_m": 49.999993063243835, "ratio": 1.0000001387316564, "max_offset_m": 0.013168695233744643}, "geometry": {"type": "LineString", "coordinates": [[-76.10867725786987, 43.04333937426163], [-76.1085452711401, 43.0435425972108], [-76.1085452711401, 43.0435425972108], [-76.108412991728, 43.043745717910376]]}}, {"type": "Feature", "properties": {"id": 269, "chain_order": 26, "margin_m": 50, "names": ["WEST SCOTT AVENUE", "SCOTT AVENUE"], "changes": 1, "run_lengths_m": [50.0, 50.0], "min_run_m": 50.0, "start_m": 55.41896242289761, "end_m": 155.4189624228976, "length_m": 100.00000000028001, "chord_m": 98.79180097513198, "ratio": 1.0122297499713784, "max_offset_m": 6.722060945979621}, "geometry": {"type": "LineString", "coordinates": [[-76.11006592790713, 43.0414442619567], [-76.1100652942627, 43.04144457677851], [-76.1098363388496, 43.04160159209], [-76.1097563025511, 43.04169061638589], [-76.109684322344, 43.0417906382414], [-76.109684322344, 43.0417906382414], [-76.1094185187438, 43.04219643978421]]}}, {"type": "Feature", "properties": {"id": 270, "chain_order": 26, "margin_m": 50, "names": ["WEST SCOTT AVENUE", "SCOTT AVENUE", "GENESEE PARK DRIVE"], "changes": 2, "run_lengths_m": [50.0, 215.56547655306372, 50.0], "min_run_m": 50.0, "start_m": 55.41896242289761, "end_m": 370.9844389759613, "length_m": 315.56547655341814, "chord_m": 313.1063243841721, "ratio": 1.0078540482185492, "max_offset_m": 10.325321784144283}, "geometry": {"type": "LineString", "coordinates": [[-76.11006592790713, 43.0414442619567], [-76.1100652942627, 43.04144457677851], [-76.1098363388496, 43.04160159209], [-76.1097563025511, 43.04169061638589], [-76.109684322344, 43.0417906382414], [-76.109684322344, 43.0417906382414], [-76.1093863349945, 43.04224557421588], [-76.1093863349945, 43.04224557421588], [-76.1093363185962, 43.042324581503685], [-76.1093363185962, 43.042324581503685], [-76.1085452711401, 43.0435425972108], [-76.1085452711401, 43.0435425972108], [-76.1083492219142, 43.043843638662494], [-76.1083342640664, 43.04388565640579], [-76.10832740528282, 43.04395864172127]]}}, {"type": "Feature", "properties": {"id": 271, "chain_order": 26, "margin_m": 50, "names": ["SCOTT AVENUE", "GENESEE PARK DRIVE"], "changes": 1, "run_lengths_m": [50.0, 50.0], "min_run_m": 50.0, "start_m": 270.9844389759613, "end_m": 370.9844389759613, "length_m": 100.000000000141, "chord_m": 99.42165408048558, "ratio": 1.005817102169586, "max_offset_m": 3.4095196042876847}, "geometry": {"type": "LineString", "coordinates": [[-76.10880924373892, 43.0431361511628], [-76.1085452711401, 43.0435425972108], [-76.1085452711401, 43.0435425972108], [-76.1083492219142, 43.043843638662494], [-76.1083342640664, 43.04388565640579], [-76.10832740528282, 43.04395864172127]]}}, {"type": "Feature", "properties": {"id": 272, "chain_order": 26, "margin_m": 100, "names": ["WEST SCOTT AVENUE", "SCOTT AVENUE"], "changes": 1, "run_lengths_m": [100.0, 100.0], "min_run_m": 100.0, "start_m": 5.418962422897607, "end_m": 205.4189624228976, "length_m": 200.00000000027188, "chord_m": 192.65351792145046, "ratio": 1.03813313225776, "max_offset_m": 24.406033777088616}, "geometry": {"type": "LineString", "coordinates": [[-76.11060579871275, 43.04123302393562], [-76.1102482972558, 43.04135365274419], [-76.1100652942627, 43.04144457677851], [-76.1098363388496, 43.04160159209], [-76.1097563025511, 43.04169061638589], [-76.109684322344, 43.0417906382414], [-76.109684322344, 43.0417906382414], [-76.1093863349945, 43.04224557421588], [-76.1093863349945, 43.04224557421588], [-76.1093363185962, 43.042324581503685], [-76.1093363185962, 43.042324581503685], [-76.10915538830633, 43.04260317367911]]}}, {"type": "Feature", "properties": {"id": 273, "chain_order": 26, "margin_m": 100, "names": ["WEST SCOTT AVENUE", "SCOTT AVENUE", "GENESEE PARK DRIVE"], "changes": 2, "run_lengths_m": [100.0, 215.56547655306372, 100.0], "min_run_m": 100.0, "start_m": 5.418962422897607, "end_m": 420.9844389759613, "length_m": 415.5654765534709, "chord_m": 400.12959085291465, "ratio": 1.038577216115542, "max_offset_m": 36.947253251112535}, "geometry": {"type": "LineString", "coordinates": [[-76.11060579871275, 43.04123302393562], [-76.1102482972558, 43.04135365274419], [-76.1100652942627, 43.04144457677851], [-76.1098363388496, 43.04160159209], [-76.1097563025511, 43.04169061638589], [-76.109684322344, 43.0417906382414], [-76.109684322344, 43.0417906382414], [-76.1093863349945, 43.04224557421588], [-76.1093863349945, 43.04224557421588], [-76.1093363185962, 43.042324581503685], [-76.1093363185962, 43.042324581503685], [-76.1085452711401, 43.0435425972108], [-76.1085452711401, 43.0435425972108], [-76.1083492219142, 43.043843638662494], [-76.1083342640664, 43.04388565640579], [-76.1082872803804, 43.0443856135443], [-76.1082872803804, 43.0443856135443], [-76.10828320495264, 43.04440763258951]]}}, {"type": "Feature", "properties": {"id": 274, "chain_order": 26, "margin_m": 100, "names": ["SCOTT AVENUE", "GENESEE PARK DRIVE"], "changes": 1, "run_lengths_m": [100.0, 100.0], "min_run_m": 100.0, "start_m": 220.98443897596133, "end_m": 420.9844389759613, "length_m": 200.00000000036394, "chord_m": 197.1499322090398, "ratio": 1.0144563467985481, "max_offset_m": 15.363110325629629}, "geometry": {"type": "LineString", "coordinates": [[-76.10907321289488, 43.042729704516226], [-76.1085452711401, 43.0435425972108], [-76.1085452711401, 43.0435425972108], [-76.1083492219142, 43.043843638662494], [-76.1083342640664, 43.04388565640579], [-76.1082872803804, 43.0443856135443], [-76.1082872803804, 43.0443856135443], [-76.10828320495264, 43.04440763258951]]}}, {"type": "Feature", "properties": {"id": 275, "chain_order": 27, "margin_m": 25, "names": ["WEST GENESEE STREET", "JAMES STREET"], "changes": 1, "run_lengths_m": [25.0, 25.0], "min_run_m": 25.0, "start_m": 3686.7514389154217, "end_m": 3736.7514389154217, "length_m": 50.00000000002197, "chord_m": 49.99902893061853, "ratio": 1.0000194217652665, "max_offset_m": 0.09506833784399639}, "geometry": {"type": "LineString", "coordinates": [[-76.15248017976639, 43.05128056798128], [-76.1522543158485, 43.05127762974349], [-76.1521732761318, 43.051277634994996], [-76.1521732761318, 43.051277634994996], [-76.1520983566371, 43.05127658863341], [-76.15186636185918, 43.051274908337234]]}}, {"type": "Feature", "properties": {"id": 276, "chain_order": 27, "margin_m": 50, "names": ["WEST GENESEE STREET", "JAMES STREET"], "changes": 1, "run_lengths_m": [50.0, 50.0], "min_run_m": 50.0, "start_m": 3661.7514389154217, "end_m": 3761.7514389154217, "length_m": 99.99999999998526, "chord_m": 99.99862323208107, "ratio": 1.0000137678685934, "max_offset_m": 0.19745933839947855}, "geometry": {"type": "LineString", "coordinates": [[-76.1527870706734, 43.05128455957475], [-76.1522543158485, 43.05127762974349], [-76.1521732761318, 43.051277634994996], [-76.1521732761318, 43.051277634994996], [-76.1520983566371, 43.05127658863341], [-76.15155943765937, 43.05127268461778]]}}, {"type": "Feature", "properties": {"id": 277, "chain_order": 27, "margin_m": 100, "names": ["WEST GENESEE STREET", "JAMES STREET"], "changes": 1, "run_lengths_m": [100.0, 100.0], "min_run_m": 100.0, "start_m": 3611.7514389154217, "end_m": 3811.7514389154217, "length_m": 199.99999999999204, "chord_m": 199.9978403974105, "ratio": 1.000010798129506, "max_offset_m": 0.396131505826917}, "geometry": {"type": "LineString", "coordinates": [[-76.15340085255369, 43.051292540290945], [-76.1522543158485, 43.05127762974349], [-76.1521732761318, 43.051277634994996], [-76.1521732761318, 43.051277634994996], [-76.1520983566371, 43.05127658863341], [-76.15094558927322, 43.05126823470819]]}}, {"type": "Feature", "properties": {"id": 278, "chain_order": 28, "margin_m": 25, "names": ["SOUTH SALINA STREET", "NORTH SALINA STREET"], "changes": 1, "run_lengths_m": [25.0, 25.0], "min_run_m": 25.0, "start_m": 7469.9848905923145, "end_m": 7519.9848905923145, "length_m": 49.99999999995542, "chord_m": 49.99978484885578, "ratio": 1.0000043030405088, "max_offset_m": 0.0733400703476744}, "geometry": {"type": "LineString", "coordinates": [[-76.15218166055661, 43.05068655708361], [-76.1521773526866, 43.050911635780395], [-76.1521773526866, 43.050911635780395], [-76.15217484556294, 43.051136729130775]]}}, {"type": "Feature", "properties": {"id": 279, "chain_order": 28, "margin_m": 50, "names": ["SOUTH SALINA STREET", "NORTH SALINA STREET"], "changes": 1, "run_lengths_m": [50.0, 50.0], "min_run_m": 50.0, "start_m": 7444.9848905923145, "end_m": 7544.9848905923145, "length_m": 99.99999999977447, "chord_m": 99.99931578618295, "ratio": 1.0000068421827304, "max_offset_m": 0.1732385065471952}, "geometry": {"type": "LineString", "coordinates": [[-76.15218652193425, 43.05046148499038], [-76.15218424276482, 43.0505516408576], [-76.15218424276482, 43.0505516408576], [-76.1521773526866, 43.050911635780395], [-76.1521773526866, 43.050911635780395], [-76.1521732761318, 43.051277634994996], [-76.1521732761318, 43.051277634994996], [-76.15217243698518, 43.05136182303192]]}}, {"type": "Feature", "properties": {"id": 280, "chain_order": 28, "margin_m": 100, "names": ["SOUTH SALINA STREET", "NORTH SALINA STREET"], "changes": 1, "run_lengths_m": [100.0, 100.0], "min_run_m": 100.0, "start_m": 7394.9848905923145, "end_m": 7594.9848905923145, "length_m": 200.00000000045557, "chord_m": 199.99769723509718, "ratio": 1.0000115139593617, "max_offset_m": 0.4531506953207743}, "geometry": {"type": "LineString", "coordinates": [[-76.15219788175692, 43.05001136030294], [-76.1521865990458, 43.0504584347279], [-76.1521865990458, 43.0504584347279], [-76.15218424276482, 43.0505516408576], [-76.15218424276482, 43.0505516408576], [-76.1521773526866, 43.050911635780395], [-76.1521773526866, 43.050911635780395], [-76.1521732761318, 43.051277634994996], [-76.1521732761318, 43.051277634994996], [-76.15216794971009, 43.05181201268082]]}}, {"type": "Feature", "properties": {"id": 281, "chain_order": 29, "margin_m": 25, "names": ["SOUTH GEDDES STREET", "NORTH GEDDES STREET"], "changes": 1, "run_lengths_m": [25.0, 25.0], "min_run_m": 25.0, "start_m": 3217.310664838822, "end_m": 3267.310664838822, "length_m": 50.00000000042881, "chord_m": 49.99998792252776, "ratio": 1.0000002415580795, "max_offset_m": 0.017376636318270414}, "geometry": {"type": "LineString", "coordinates": [[-76.17083863537002, 43.04789069158716], [-76.1708262656955, 43.04811560888021], [-76.1708262656955, 43.04811560888021], [-76.17081346964348, 43.04834051333554]]}}, {"type": "Feature", "properties": {"id": 282, "chain_order": 29, "margin_m": 50, "names": ["SOUTH GEDDES STREET", "NORTH GEDDES STREET"], "changes": 1, "run_lengths_m": [50.0, 50.0], "min_run_m": 50.0, "start_m": 3192.310664838822, "end_m": 3292.310664838822, "length_m": 99.99999999992443, "chord_m": 99.99997584412242, "ratio": 1.0000002415580784, "max_offset_m": 0.03475327258190206}, "geometry": {"type": "LineString", "coordinates": [[-76.17085100497208, 43.04766577428517], [-76.1708262656955, 43.04811560888021], [-76.1708262656955, 43.04811560888021], [-76.17080067351588, 43.04856541778186]]}}, {"type": "Feature", "properties": {"id": 283, "chain_order": 29, "margin_m": 100, "names": ["SOUTH GEDDES STREET", "NORTH GEDDES STREET"], "changes": 1, "run_lengths_m": [100.0, 100.0], "min_run_m": 100.0, "start_m": 3142.310664838822, "end_m": 3342.310664838822, "length_m": 199.99999999950586, "chord_m": 199.99489802773314, "ratio": 1.0000255105096332, "max_offset_m": 0.5446416356957953}, "geometry": {"type": "LineString", "coordinates": [[-76.17087574395879, 43.04721593965431], [-76.1708262656955, 43.04811560888021], [-76.1708262656955, 43.04811560888021], [-76.1707933235757, 43.048694599558], [-76.17076732433307, 43.04901493867006]]}}, {"type": "Feature", "properties": {"id": 284, "chain_order": 30, "margin_m": 25, "names": ["WEST COLVIN STREET", "EAST COLVIN STREET"], "changes": 1, "run_lengths_m": [25.0, 25.0], "min_run_m": 25.0, "start_m": 1157.7253499481465, "end_m": 1207.7253499481465, "length_m": 49.999999999697366, "chord_m": 49.70739515178091, "ratio": 1.00588654559393, "max_offset_m": 2.3706448498090746}, "geometry": {"type": "LineString", "coordinates": [[-76.14555369390933, 43.02545050287755], [-76.1454983111755, 43.02546365128189], [-76.1453883394184, 43.025496629473295], [-76.1452833371415, 43.0255526109912], [-76.1452833371415, 43.0255526109912], [-76.14502690502147, 43.02567620091271]]}}, {"type": "Feature", "properties": {"id": 285, "chain_order": 30, "margin_m": 50, "names": ["WEST COLVIN STREET", "EAST COLVIN STREET"], "changes": 1, "run_lengths_m": [50.0, 50.0], "min_run_m": 50.0, "start_m": 1132.7253499481465, "end_m": 1232.7253499481465, "length_m": 100.00000000010448, "chord_m": 99.16727981106017, "ratio": 1.0083971264577476, "max_offset_m": 4.173532687306063}, "geometry": {"type": "LineString", "coordinates": [[-76.14584560217286, 43.02538120045816], [-76.1454983111755, 43.02546365128189], [-76.1453883394184, 43.025496629473295], [-76.1452833371415, 43.0255526109912], [-76.1452833371415, 43.0255526109912], [-76.1450037940015, 43.02568733943829], [-76.1448992426788, 43.025723405365085], [-76.1447450154192, 43.02575925718309], [-76.14474319892594, 43.025759498817145]]}}, {"type": "Feature", "properties": {"id": 286, "chain_order": 30, "margin_m": 100, "names": ["WEST COLVIN STREET", "EAST COLVIN STREET"], "changes": 1, "run_lengths_m": [100.0, 100.0], "min_run_m": 100.0, "start_m": 1082.7253499481465, "end_m": 1282.7253499481465, "length_m": 199.99999999995316, "chord_m": 197.76397180062395, "ratio": 1.0113065498177973, "max_offset_m": 9.541462170049243}, "geometry": {"type": "LineString", "coordinates": [[-76.14642944467468, 43.02524265731221], [-76.1464083045583, 43.025247605830494], [-76.1464083045583, 43.025247605830494], [-76.1454983111755, 43.02546365128189], [-76.1453883394184, 43.025496629473295], [-76.1452833371415, 43.0255526109912], [-76.1452833371415, 43.0255526109912], [-76.1450037940015, 43.02568733943829], [-76.1448992426788, 43.025723405365085], [-76.1447450154192, 43.02575925718309], [-76.1444777666222, 43.025794806893295], [-76.1444777666222, 43.025794806893295], [-76.14413666213808, 43.02582671332367]]}}, {"type": "Feature", "properties": {"id": 287, "chain_order": 31, "margin_m": 25, "names": ["NORTH STATE STREET", "SOUTH STATE STREET"], "changes": 1, "run_lengths_m": [25.0, 25.0], "min_run_m": 25.0, "start_m": 175.92907122162615, "end_m": 225.92907122162615, "length_m": 49.99999999982994, "chord_m": 49.99965317587483, "ratio": 1.0000069365272173, "max_offset_m": 0.09311580129209919}, "geometry": {"type": "LineString", "coordinates": [[-76.14737494607819, 43.05106474564304], [-76.147375823357, 43.0509795564385], [-76.147375823357, 43.0509795564385], [-76.1473772669496, 43.050839651012794], [-76.1473772669496, 43.050839651012794], [-76.14737730139015, 43.0506145499402]]}}, {"type": "Feature", "properties": {"id": 288, "chain_order": 31, "margin_m": 50, "names": ["NORTH STATE STREET", "SOUTH STATE STREET"], "changes": 1, "run_lengths_m": [50.0, 50.0], "min_run_m": 50.0, "start_m": 150.92907122162615, "end_m": 250.92907122162615, "length_m": 100.00000000013873, "chord_m": 98.53289715584451, "ratio": 1.0148894723147517, "max_offset_m": 6.4693370968344865}, "geometry": {"type": "LineString", "coordinates": [[-76.14746882033805, 43.05127426058358], [-76.1474387701056, 43.05123346657199], [-76.1473773181536, 43.0511341821955], [-76.1473773181536, 43.0511341821955], [-76.1473732218359, 43.0511159883245], [-76.14737482712532, 43.05107629670469], [-76.14737482712532, 43.05107629670469], [-76.147375823357, 43.0509795564385], [-76.147375823357, 43.0509795564385], [-76.1473772669496, 43.050839651012794], [-76.1473772669496, 43.050839651012794], [-76.1473773289334, 43.050434610969994], [-76.1473773289334, 43.050434610969994], [-76.14737963377368, 43.05038948050264]]}}, {"type": "Feature", "properties": {"id": 289, "chain_order": 31, "margin_m": 100, "names": ["NORTH STATE STREET", "SOUTH STATE STREET"], "changes": 1, "run_lengths_m": [100.0, 100.0], "min_run_m": 100.0, "start_m": 100.92907122162615, "end_m": 300.92907122162615, "length_m": 200.00000000052714, "chord_m": 193.84730096960453, "ratio": 1.031739926221038, "max_offset_m": 22.951130017106074}, "geometry": {"type": "LineString", "coordinates": [[-76.14778480415349, 43.051660126732386], [-76.14769353771, 43.051550648117306], [-76.14769353771, 43.051550648117306], [-76.1475866058519, 43.0514263993397], [-76.1475866058519, 43.0514263993397], [-76.1474847638481, 43.0512959043084], [-76.1474387701056, 43.05123346657199], [-76.1473773181536, 43.0511341821955], [-76.1473773181536, 43.0511341821955], [-76.1473732218359, 43.0511159883245], [-76.14737482712532, 43.05107629670469], [-76.14737482712532, 43.05107629670469], [-76.147375823357, 43.0509795564385], [-76.147375823357, 43.0509795564385], [-76.1473772669496, 43.050839651012794], [-76.1473772669496, 43.050839651012794], [-76.1473773289334, 43.050434610969994], [-76.1473773289334, 43.050434610969994], [-76.1473796852144, 43.05038847325499], [-76.1473796852144, 43.05038847325499], [-76.14738670651025, 43.04993930853332]]}}, {"type": "Feature", "properties": {"id": 290, "chain_order": 32, "margin_m": 25, "names": ["SOUTH AVENUE", "CORTLAND AVENUE"], "changes": 1, "run_lengths_m": [25.0, 25.0], "min_run_m": 25.0, "start_m": 2381.542569446112, "end_m": 2431.542569446112, "length_m": 50.000000000045006, "chord_m": 48.93110293018486, "ratio": 1.021844941271511, "max_offset_m": 5.007020913491605}, "geometry": {"type": "LineString", "coordinates": [[-76.15796892447273, 43.02833667418877], [-76.157882239544, 43.0285526052037], [-76.157882239544, 43.0285526052037], [-76.1578643540867, 43.0285806113209], [-76.15769058127755, 43.02872707085693]]}}, {"type": "Feature", "properties": {"id": 291, "chain_order": 32, "margin_m": 50, "names": ["SOUTH AVENUE", "CORTLAND AVENUE"], "changes": 1, "run_lengths_m": [50.0, 50.0], "min_run_m": 50.0, "start_m": 2356.542569446112, "end_m": 2456.542569446112, "length_m": 99.9999999999275, "chord_m": 97.13882270376313, "ratio": 1.0294545189711624, "max_offset_m": 11.627723513410444}, "geometry": {"type": "LineString", "coordinates": [[-76.15804215473115, 43.02811808494936], [-76.1579713497252, 43.0283306328946], [-76.157882239544, 43.0285526052037], [-76.157882239544, 43.0285526052037], [-76.1578643540867, 43.0285806113209], [-76.1576223353727, 43.0287845897422], [-76.15747634521558, 43.02888794855979]]}}, {"type": "Feature", "properties": {"id": 292, "chain_order": 32, "margin_m": 100, "names": ["SOUTH AVENUE", "CORTLAND AVENUE"], "changes": 1, "run_lengths_m": [100.0, 100.0], "min_run_m": 100.0, "start_m": 2306.542569446112, "end_m": 2506.542569446112, "length_m": 199.99999999973505, "chord_m": 193.44868116032254, "ratio": 1.0338659266122525, "max_offset_m": 25.079463808904435}, "geometry": {"type": "LineString", "coordinates": [[-76.15820045896152, 43.027683150211836], [-76.1580742885719, 43.02802162261559], [-76.1580742885719, 43.02802162261559], [-76.1579713497252, 43.0283306328946], [-76.157882239544, 43.0285526052037], [-76.157882239544, 43.0285526052037], [-76.1578643540867, 43.0285806113209], [-76.1576223353727, 43.0287845897422], [-76.15703477034656, 43.02920057364854]]}}, {"type": "Feature", "properties": {"id": 293, "chain_order": 33, "margin_m": 25, "names": ["WEST SENECA TURNPIKE", "EAST SENECA TURNPIKE"], "changes": 1, "run_lengths_m": [25.0, 25.0], "min_run_m": 25.0, "start_m": 1939.5495189145474, "end_m": 1989.5495189145474, "length_m": 49.99999999992214, "chord_m": 49.995372798849885, "ratio": 1.0000925525866338, "max_offset_m": 0.2534972046791334}, "geometry": {"type": "LineString", "coordinates": [[-76.14301431826632, 43.000728344197135], [-76.1429852831513, 43.00072464202089], [-76.1427103501654, 43.0006985717962], [-76.1427103501654, 43.0006985717962], [-76.14240559715178, 43.00067332714052]]}}, {"type": "Feature", "properties": {"id": 294, "chain_order": 33, "margin_m": 50, "names": ["WEST SENECA TURNPIKE", "EAST SENECA TURNPIKE"], "changes": 1, "run_lengths_m": [50.0, 50.0], "min_run_m": 50.0, "start_m": 1914.5495189145474, "end_m": 2014.5495189145474, "length_m": 99.99999999986537, "chord_m": 99.96831883919657, "ratio": 1.0003169120080908, "max_offset_m": 1.0862228527974598}, "geometry": {"type": "LineString", "coordinates": [[-76.1433164808477, 43.000766871533024], [-76.1429852831513, 43.00072464202089], [-76.1427103501654, 43.0006985717962], [-76.1427103501654, 43.0006985717962], [-76.1421008443706, 43.000648081670256]]}}, {"type": "Feature", "properties": {"id": 295, "chain_order": 33, "margin_m": 100, "names": ["WEST SENECA TURNPIKE", "EAST SENECA TURNPIKE"], "changes": 1, "run_lengths_m": [100.0, 100.00000000000023], "min_run_m": 100.0, "start_m": 1864.5495189145474, "end_m": 2064.5495189145477, "length_m": 200.00000000000676, "chord_m": 199.93271617725688, "ratio": 1.0003365323296576, "max_offset_m": 2.326461718186893}, "geometry": {"type": "LineString", "coordinates": [[-76.14392080709382, 43.00084392379742], [-76.1429852831513, 43.00072464202089], [-76.1427103501654, 43.0006985717962], [-76.1427103501654, 43.0006985717962], [-76.1418663218705, 43.0006286534511], [-76.14149279695687, 43.00058924859813]]}}, {"type": "Feature", "properties": {"id": 296, "chain_order": 34, "margin_m": 25, "names": ["WEST BRIGHTON AVENUE", "EAST BRIGHTON AVENUE"], "changes": 1, "run_lengths_m": [25.0, 25.0], "min_run_m": 25.0, "start_m": 1540.9706399488412, "end_m": 1590.9706399488412, "length_m": 49.999999999972616, "chord_m": 49.67069802398553, "ratio": 1.0066297030057454, "max_offset_m": 2.7267522356669334}, "geometry": {"type": "LineString", "coordinates": [[-76.1432865786759, 43.0206627569274], [-76.1430652960937, 43.02068664171709], [-76.1429822764901, 43.02068359892489], [-76.1429822764901, 43.02068359892489], [-76.14267705062161, 43.02066091763801]]}}, {"type": "Feature", "properties": {"id": 297, "chain_order": 34, "margin_m": 50, "names": ["WEST BRIGHTON AVENUE", "EAST BRIGHTON AVENUE"], "changes": 1, "run_lengths_m": [50.0, 50.0], "min_run_m": 50.0, "start_m": 1515.9706399488412, "end_m": 1615.9706399488412, "length_m": 100.00000000000817, "chord_m": 99.28108828101233, "ratio": 1.007241174844508, "max_offset_m": 5.896553617175915}, "geometry": {"type": "LineString", "coordinates": [[-76.14359009899691, 43.02062999483957], [-76.1430652960937, 43.02068664171709], [-76.1429822764901, 43.02068359892489], [-76.1429822764901, 43.02068359892489], [-76.14237182496065, 43.0206382355343]]}}, {"type": "Feature", "properties": {"id": 298, "chain_order": 34, "margin_m": 100, "names": ["WEST BRIGHTON AVENUE", "EAST BRIGHTON AVENUE"], "changes": 1, "run_lengths_m": [100.0, 100.0], "min_run_m": 100.0, "start_m": 1465.9706399488412, "end_m": 1665.9706399488412, "length_m": 199.99999999993406, "chord_m": 198.2239015980329, "ratio": 1.0089600617664303, "max_offset_m": 13.020396971708701}, "geometry": {"type": "LineString", "coordinates": [[-76.14419713861992, 43.02056446825929], [-76.1430652960937, 43.02068664171709], [-76.1429822764901, 43.02068359892489], [-76.1429822764901, 43.02068359892489], [-76.1421212700363, 43.0206196155316], [-76.1417672484744, 43.0205756023635], [-76.14176468351289, 43.020575059176764]]}}, {"type": "Feature", "properties": {"id": 299, "chain_order": 35, "margin_m": 25, "names": ["TEALL AVENUE", "COLUMBUS AVENUE"], "changes": 1, "run_lengths_m": [25.0, 25.0], "min_run_m": 25.0, "start_m": 2585.69161098988, "end_m": 2635.69161098988, "length_m": 49.99999999969157, "chord_m": 49.956698425757075, "ratio": 1.000866782139313, "max_offset_m": 0.6918394362283294}, "geometry": {"type": "LineString", "coordinates": [[-76.12162843943402, 43.04970715036779], [-76.12162432665531, 43.049669590471794], [-76.1215922855457, 43.0495486090047], [-76.1215922855457, 43.0495486090047], [-76.1215752984037, 43.049485650888705], [-76.1215752984037, 43.049485650888705], [-76.1215612676173, 43.0494366214217], [-76.1215612676173, 43.0494366214217], [-76.1215397332032, 43.049370718976384], [-76.1215397332032, 43.049370718976384], [-76.1215102936148, 43.0492806161034], [-76.1215102936148, 43.0492806161034], [-76.12150546496618, 43.049266470130526]]}}, {"type": "Feature", "properties": {"id": 300, "chain_order": 35, "margin_m": 50, "names": ["TEALL AVENUE", "COLUMBUS AVENUE"], "changes": 1, "run_lengths_m": [50.0, 50.0], "min_run_m": 50.0, "start_m": 2560.69161098988, "end_m": 2660.69161098988, "length_m": 99.99999999969717, "chord_m": 99.76717294565324, "ratio": 1.0023337040348006, "max_offset_m": 2.9770793375731643}, "geometry": {"type": "LineString", "coordinates": [[-76.12165300896184, 43.0499315301931], [-76.12162432665531, 43.049669590471794], [-76.1215922855457, 43.0495486090047], [-76.1215922855457, 43.0495486090047], [-76.1215752984037, 43.049485650888705], [-76.1215752984037, 43.049485650888705], [-76.1215612676173, 43.0494366214217], [-76.1215612676173, 43.0494366214217], [-76.1215397332032, 43.049370718976384], [-76.1215397332032, 43.049370718976384], [-76.1215102936148, 43.0492806161034], [-76.1215102936148, 43.0492806161034], [-76.12143092803286, 43.049048106406765]]}}, {"type": "Feature", "properties": {"id": 301, "chain_order": 35, "margin_m": 100, "names": ["TEALL AVENUE", "COLUMBUS AVENUE"], "changes": 1, "run_lengths_m": [100.0, 100.0], "min_run_m": 100.0, "start_m": 2510.69161098988, "end_m": 2710.69161098988, "length_m": 200.0000000002533, "chord_m": 199.19292894448793, "ratio": 1.0040517053493916, "max_offset_m": 6.405185722674697}, "geometry": {"type": "LineString", "coordinates": [[-76.12167565004466, 43.05038142532277], [-76.1216533440355, 43.049934590221795], [-76.12162432665531, 43.049669590471794], [-76.1215922855457, 43.0495486090047], [-76.1215922855457, 43.0495486090047], [-76.1215752984037, 43.049485650888705], [-76.1215752984037, 43.049485650888705], [-76.1215612676173, 43.0494366214217], [-76.1215612676173, 43.0494366214217], [-76.1215397332032, 43.049370718976384], [-76.1215397332032, 43.049370718976384], [-76.1215102936148, 43.0492806161034], [-76.1215102936148, 43.0492806161034], [-76.1213833113595, 43.048908607526194], [-76.1213512612668, 43.04874665395119], [-76.1213493582042, 43.04860391042725]]}}, {"type": "Feature", "properties": {"id": 302, "chain_order": 36, "margin_m": 25, "names": ["MANOR DRIVE", "SALT SPRINGS ROAD"], "changes": 1, "run_lengths_m": [25.0, 25.0], "min_run_m": 25.0, "start_m": 378.3440568109516, "end_m": 428.3440568109516, "length_m": 50.00000000035165, "chord_m": 48.011089498469666, "ratio": 1.0414260647416755, "max_offset_m": 6.3113739262710515}, "geometry": {"type": "LineString", "coordinates": [[-76.08264507465091, 43.04377642548321], [-76.0826502497071, 43.04381060073819], [-76.0826882619184, 43.04391262676479], [-76.0827372515424, 43.043989605242004], [-76.0827372515424, 43.043989605242004], [-76.0827742441658, 43.0440266254915], [-76.0828572233453, 43.04408860443879], [-76.08296016403429, 43.04414176502562]]}}, {"type": "Feature", "properties": {"id": 303, "chain_order": 36, "margin_m": 50, "names": ["MANOR DRIVE", "SALT SPRINGS ROAD"], "changes": 1, "run_lengths_m": [50.0, 50.0], "min_run_m": 50.0, "start_m": 353.3440568109516, "end_m": 453.3440568109516, "length_m": 100.00000000028855, "chord_m": 93.19925907609337, "ratio": 1.0729699033191096, "max_offset_m": 16.95070022148681}, "geometry": {"type": "LineString", "coordinates": [[-76.08262143204992, 43.04355221726216], [-76.0826233029436, 43.0436326481127], [-76.0826502497071, 43.04381060073819], [-76.0826882619184, 43.04391262676479], [-76.0827372515424, 43.043989605242004], [-76.0827372515424, 43.043989605242004], [-76.0827742441658, 43.0440266254915], [-76.0828572233453, 43.04408860443879], [-76.0832111101925, 43.044271357753004]]}}, {"type": "Feature", "properties": {"id": 304, "chain_order": 36, "margin_m": 100, "names": ["MANOR DRIVE", "SALT SPRINGS ROAD"], "changes": 1, "run_lengths_m": [100.0, 100.0], "min_run_m": 100.0, "start_m": 303.3440568109516, "end_m": 503.3440568109516, "length_m": 200.00000000013773, "chord_m": 181.692497810455, "ratio": 1.1007609142386356, "max_offset_m": 40.185327616180814}, "geometry": {"type": "LineString", "coordinates": [[-76.08260745684595, 43.043102179219225], [-76.0826122312077, 43.04315666308919], [-76.0826233029436, 43.0436326481127], [-76.0826502497071, 43.04381060073819], [-76.0826882619184, 43.04391262676479], [-76.0827372515424, 43.043989605242004], [-76.0827372515424, 43.043989605242004], [-76.0827742441658, 43.0440266254915], [-76.0828572233453, 43.04408860443879], [-76.0833762366787, 43.0443566311848], [-76.08372406159427, 43.04451841218484]]}}, {"type": "Feature", "properties": {"id": 305, "chain_order": 37, "margin_m": 25, "names": ["PEAT STREET", "WESTMORELAND AVENUE"], "changes": 1, "run_lengths_m": [25.0, 25.0], "min_run_m": 25.0, "start_m": 529.2919701860195, "end_m": 579.2919701860195, "length_m": 50.000000000326864, "chord_m": 49.94181034963878, "ratio": 1.0011651490060274, "max_offset_m": 1.1932457149408846}, "geometry": {"type": "LineString", "coordinates": [[-76.11507714730627, 43.05125948456702], [-76.115074263456, 43.051247597713804], [-76.115074263456, 43.051247597713804], [-76.115053341693, 43.05116360641829], [-76.115053341693, 43.05116360641829], [-76.1150431323398, 43.05111585375439], [-76.1150431323398, 43.05111585375439], [-76.115025273832, 43.051037631075296], [-76.115025273832, 43.051037631075296], [-76.11500248119155, 43.05081315015314]]}}, {"type": "Feature", "properties": {"id": 306, "chain_order": 37, "margin_m": 50, "names": ["PEAT STREET", "WESTMORELAND AVENUE"], "changes": 1, "run_lengths_m": [50.0, 50.0], "min_run_m": 50.0, "start_m": 504.2919701860195, "end_m": 604.2919701860195, "length_m": 100.00000000040272, "chord_m": 99.88232479890173, "ratio": 1.0011781383917315, "max_offset_m": 2.410697022495986}, "geometry": {"type": "LineString", "coordinates": [[-76.11512960915492, 43.05148127325692], [-76.1150982817118, 43.051346597669585], [-76.1150982817118, 43.051346597669585], [-76.115074263456, 43.051247597713804], [-76.115074263456, 43.051247597713804], [-76.115053341693, 43.05116360641829], [-76.115053341693, 43.05116360641829], [-76.1150431323398, 43.05111585375439], [-76.1150431323398, 43.05111585375439], [-76.115025273832, 43.051037631075296], [-76.115025273832, 43.051037631075296], [-76.11497968873435, 43.05058866921592]]}}, {"type": "Feature", "properties": {"id": 307, "chain_order": 37, "margin_m": 100, "names": ["PEAT STREET", "WESTMORELAND AVENUE"], "changes": 1, "run_lengths_m": [100.0, 100.0], "min_run_m": 100.0, "start_m": 454.2919701860195, "end_m": 654.2919701860195, "length_m": 199.99999999950873, "chord_m": 199.7657884609519, "ratio": 1.0011724306767502, "max_offset_m": 4.759248675367406}, "geometry": {"type": "LineString", "coordinates": [[-76.11522887302286, 43.05192551426279], [-76.1152122671416, 43.051836614048], [-76.1150982817118, 43.051346597669585], [-76.1150982817118, 43.051346597669585], [-76.115074263456, 43.051247597713804], [-76.115074263456, 43.051247597713804], [-76.115053341693, 43.05116360641829], [-76.115053341693, 43.05116360641829], [-76.1150431323398, 43.05111585375439], [-76.1150431323398, 43.05111585375439], [-76.115025273832, 43.051037631075296], [-76.115025273832, 43.051037631075296], [-76.1149613083939, 43.0504076415091], [-76.1149613083939, 43.0504076415091], [-76.11493770898012, 43.05013952355439]]}}, {"type": "Feature", "properties": {"id": 308, "chain_order": 38, "margin_m": 25, "names": ["LEXINGTON AVENUE", "EAST GENESEE STREET"], "changes": 1, "run_lengths_m": [25.0, 25.0], "min_run_m": 25.0, "start_m": 821.6499345595473, "end_m": 871.6499345595473, "length_m": 49.999999999998735, "chord_m": 49.98396165891565, "ratio": 1.0003208697460302, "max_offset_m": 0.40207846712561457}, "geometry": {"type": "LineString", "coordinates": [[-76.12370321005872, 43.04709647869781], [-76.123894348717, 43.0470936193392], [-76.1240095783134, 43.04708564439019], [-76.1240095783134, 43.04708564439019], [-76.12431619757344, 43.04707568452911]]}}, {"type": "Feature", "properties": {"id": 309, "chain_order": 38, "margin_m": 50, "names": ["LEXINGTON AVENUE", "EAST GENESEE STREET"], "changes": 1, "run_lengths_m": [50.0, 50.0], "min_run_m": 50.0, "start_m": 796.6499345595473, "end_m": 896.6499345595473, "length_m": 100.0000000000496, "chord_m": 99.97438244481242, "ratio": 1.0002562411951013, "max_offset_m": 0.8139636926534565}, "geometry": {"type": "LineString", "coordinates": [[-76.12339633459655, 43.04709985672219], [-76.1234912521911, 43.04709964912999], [-76.1234912521911, 43.04709964912999], [-76.123894348717, 43.0470936193392], [-76.1240095783134, 43.04708564439019], [-76.1240095783134, 43.04708564439019], [-76.12454965714032, 43.04706810054909], [-76.12462285296978, 43.0470664288118]]}}, {"type": "Feature", "properties": {"id": 310, "chain_order": 38, "margin_m": 100, "names": ["LEXINGTON AVENUE", "EAST GENESEE STREET"], "changes": 1, "run_lengths_m": [100.0, 100.0], "min_run_m": 100.0, "start_m": 746.6499345595473, "end_m": 946.6499345595473, "length_m": 200.00000000005406, "chord_m": 199.95440251171416, "ratio": 1.0002280394318261, "max_offset_m": 1.6118929647258344}, "geometry": {"type": "LineString", "coordinates": [[-76.12278249732631, 43.047101197331195], [-76.1234912521911, 43.04709964912999], [-76.1234912521911, 43.04709964912999], [-76.123894348717, 43.0470936193392], [-76.1240095783134, 43.04708564439019], [-76.1240095783134, 43.04708564439019], [-76.12454965714032, 43.04706810054909], [-76.12523639485124, 43.04705241413626]]}}, {"type": "Feature", "properties": {"id": 311, "chain_order": 39, "margin_m": 25, "names": ["WEST ONONDAGA STREET", "ONONDAGA AVENUE"], "changes": 1, "run_lengths_m": [25.0, 25.0], "min_run_m": 25.0, "start_m": 1368.5074630713707, "end_m": 1418.5074630713707, "length_m": 50.00000000021142, "chord_m": 48.574014352291464, "ratio": 1.0293569651784955, "max_offset_m": 5.928008302215104}, "geometry": {"type": "LineString", "coordinates": [[-76.16414348377211, 43.0356257284131], [-76.1643412755571, 43.03545362794478], [-76.1643412755571, 43.03545362794478], [-76.16440873648524, 43.035234034052564]]}}, {"type": "Feature", "properties": {"id": 312, "chain_order": 39, "margin_m": 50, "names": ["WEST ONONDAGA STREET", "ONONDAGA AVENUE"], "changes": 1, "run_lengths_m": [50.0, 50.0], "min_run_m": 50.0, "start_m": 1343.5074630713707, "end_m": 1443.5074630713707, "length_m": 99.99999999983825, "chord_m": 96.79562227766466, "ratio": 1.0331045727768722, "max_offset_m": 12.501966855309595}, "geometry": {"type": "LineString", "coordinates": [[-76.16393348913056, 43.035789752738005], [-76.1641033603474, 43.03566064001959], [-76.1643412755571, 43.03545362794478], [-76.1643412755571, 43.03545362794478], [-76.16447619694837, 43.035014440117926]]}}, {"type": "Feature", "properties": {"id": 313, "chain_order": 39, "margin_m": 100, "names": ["WEST ONONDAGA STREET", "ONONDAGA AVENUE"], "changes": 1, "run_lengths_m": [100.0, 100.0], "min_run_m": 100.0, "start_m": 1293.5074630713707, "end_m": 1493.5074630713707, "length_m": 200.000000000376, "chord_m": 192.96682741910607, "ratio": 1.0364475732712055, "max_offset_m": 26.17700102540757}, "geometry": {"type": "LineString", "coordinates": [[-76.16350621248523, 43.036112920113], [-76.1635902435554, 43.0360506383764], [-76.1641033603474, 43.03566064001959], [-76.1643412755571, 43.03545362794478], [-76.1643412755571, 43.03545362794478], [-76.1645953290009, 43.03462664360249], [-76.16460768828298, 43.03457474938375]]}}, {"type": "Feature", "properties": {"id": 314, "chain_order": 40, "margin_m": 25, "names": ["LOMBARD AVENUE", "WESTCOTT STREET"], "changes": 1, "run_lengths_m": [25.0, 25.0], "min_run_m": 25.0, "start_m": 163.97455007776068, "end_m": 213.97455007776068, "length_m": 49.99999999931044, "chord_m": 49.426658504892295, "ratio": 1.0115998433185889, "max_offset_m": 3.266097409028039}, "geometry": {"type": "LineString", "coordinates": [[-76.119882261311, 43.04907787146573], [-76.1199762621636, 43.04886358596409], [-76.1199762621636, 43.04886358596409], [-76.1200012919224, 43.04872763682129], [-76.11999104634675, 43.04864003911043]]}}, {"type": "Feature", "properties": {"id": 315, "chain_order": 40, "margin_m": 50, "names": ["LOMBARD AVENUE", "WESTCOTT STREET"], "changes": 1, "run_lengths_m": [50.0, 50.0], "min_run_m": 50.0, "start_m": 138.97455007776068, "end_m": 238.97455007776068, "length_m": 99.99999999995269, "chord_m": 97.37052689896362, "ratio": 1.0270048153659221, "max_offset_m": 10.110928912918407}, "geometry": {"type": "LineString", "coordinates": [[-76.11974381543949, 43.04927738142631], [-76.1197862289552, 43.049236627425095], [-76.1198722812712, 43.049100621997106], [-76.1199762621636, 43.04886358596409], [-76.1199762621636, 43.04886358596409], [-76.1200012919224, 43.04872763682129], [-76.11996481448226, 43.048415760440506]]}}, {"type": "Feature", "properties": {"id": 316, "chain_order": 40, "margin_m": 100, "names": ["LOMBARD AVENUE", "WESTCOTT STREET"], "changes": 1, "run_lengths_m": [100.0, 100.0], "min_run_m": 100.0, "start_m": 88.97455007776068, "end_m": 288.9745500777607, "length_m": 200.00000000053353, "chord_m": 185.55147901318955, "ratio": 1.0778679914823903, "max_offset_m": 32.573278905798155}, "geometry": {"type": "LineString", "coordinates": [[-76.1192846627185, 43.04957440324883], [-76.119399306596, 43.04951164066539], [-76.1195932636456, 43.0493946599971], [-76.1197383209027, 43.0492826609732], [-76.1197383209027, 43.0492826609732], [-76.1197862289552, 43.049236627425095], [-76.1198722812712, 43.049100621997106], [-76.1199762621636, 43.04886358596409], [-76.1199762621636, 43.04886358596409], [-76.1200012919224, 43.04872763682129], [-76.1199492381449, 43.048282584145404], [-76.1199492381449, 43.048282584145404], [-76.11990817951343, 43.047967480471925]]}}, {"type": "Feature", "properties": {"id": 317, "chain_order": 41, "margin_m": 25, "names": ["WEST BEAR STREET", "BEAR STREET"], "changes": 1, "run_lengths_m": [25.0, 25.0], "min_run_m": 25.0, "start_m": 1292.181160135892, "end_m": 1342.181160135892, "length_m": 50.0000000004911, "chord_m": 49.99206551433796, "ratio": 1.0001587149094862, "max_offset_m": 0.3899417864976832}, "geometry": {"type": "LineString", "coordinates": [[-76.163937888421, 43.066128115039], [-76.1639337000312, 43.0661341129181], [-76.1639337000312, 43.0661341129181], [-76.16383836183012, 43.0662706594073], [-76.16383836183012, 43.0662706594073], [-76.1637983149348, 43.0663286079962], [-76.1637983149348, 43.0663286079962], [-76.1637483290791, 43.066393591151495], [-76.1637483290791, 43.066393591151495], [-76.1637105414467, 43.066446347830805], [-76.1637105414467, 43.066446347830805], [-76.16365028917215, 43.06652579722037]]}}, {"type": "Feature", "properties": {"id": 318, "chain_order": 41, "margin_m": 50, "names": ["WEST BEAR STREET", "BEAR STREET"], "changes": 1, "run_lengths_m": [50.0, 50.0], "min_run_m": 50.0, "start_m": 1267.181160135892, "end_m": 1367.181160135892, "length_m": 99.9999999999183, "chord_m": 99.9734809921941, "ratio": 1.000265260421674, "max_offset_m": 0.5989368263992794}, "geometry": {"type": "LineString", "coordinates": [[-76.16408734251313, 43.06593163898439], [-76.1640052903695, 43.066031593581094], [-76.1640052903695, 43.066031593581094], [-76.1639337000312, 43.0661341129181], [-76.1639337000312, 43.0661341129181], [-76.16383836183012, 43.0662706594073], [-76.16383836183012, 43.0662706594073], [-76.1637983149348, 43.0663286079962], [-76.1637983149348, 43.0663286079962], [-76.1637483290791, 43.066393591151495], [-76.1637483290791, 43.066393591151495], [-76.1637105414467, 43.066446347830805], [-76.1637105414467, 43.066446347830805], [-76.1636478111921, 43.066529064710295], [-76.1636478111921, 43.066529064710295], [-76.16350352924638, 43.066723512961374]]}}, {"type": "Feature", "properties": {"id": 319, "chain_order": 41, "margin_m": 100, "names": ["WEST BEAR STREET", "BEAR STREET"], "changes": 1, "run_lengths_m": [100.0, 100.0], "min_run_m": 100.0, "start_m": 1217.181160135892, "end_m": 1417.181160135892, "length_m": 199.99999999982404, "chord_m": 199.5819999657433, "ratio": 1.0020943774195692, "max_offset_m": 4.722206193314927}, "geometry": {"type": "LineString", "coordinates": [[-76.16444272275264, 43.06556577899374], [-76.1643943597022, 43.0656026056579], [-76.1641932870972, 43.06580257844101], [-76.1641932870972, 43.06580257844101], [-76.1640052903695, 43.066031593581094], [-76.1640052903695, 43.066031593581094], [-76.1639337000312, 43.0661341129181], [-76.1639337000312, 43.0661341129181], [-76.16383836183012, 43.0662706594073], [-76.16383836183012, 43.0662706594073], [-76.1637983149348, 43.0663286079962], [-76.1637983149348, 43.0663286079962], [-76.1637483290791, 43.066393591151495], [-76.1637483290791, 43.066393591151495], [-76.1637105414467, 43.066446347830805], [-76.1637105414467, 43.066446347830805], [-76.1636478111921, 43.066529064710295], [-76.1636478111921, 43.066529064710295], [-76.1634492772261, 43.0667966278501], [-76.1634492772261, 43.0667966278501], [-76.16320846593507, 43.06711832686688]]}}, {"type": "Feature", "properties": {"id": 320, "chain_order": 42, "margin_m": 25, "names": ["EAST WATER STREET", "WEST WATER STREET"], "changes": 1, "run_lengths_m": [25.0, 25.0], "min_run_m": 25.0, "start_m": 1975.770947443402, "end_m": 2025.770947443402, "length_m": 50.0000000000623, "chord_m": 49.984137393451505, "ratio": 1.0003173528130722, "max_offset_m": 0.6014611841917998}, "geometry": {"type": "LineString", "coordinates": [[-76.15187759817509, 43.050541842132056], [-76.15218424276482, 43.0505516408576], [-76.15218424276482, 43.0505516408576], [-76.1522323556331, 43.050550616146296], [-76.15249115801502, 43.0505506094163]]}}, {"type": "Feature", "properties": {"id": 321, "chain_order": 42, "margin_m": 50, "names": ["EAST WATER STREET", "WEST WATER STREET"], "changes": 1, "run_lengths_m": [50.0, 50.00000000000023], "min_run_m": 50.0, "start_m": 1950.770947443402, "end_m": 2050.7709474434023, "length_m": 100.00000000000705, "chord_m": 99.97632609108791, "ratio": 1.000236795147859, "max_offset_m": 1.0214104876894419}, "geometry": {"type": "LineString", "coordinates": [[-76.15157084375274, 43.05053428709755], [-76.15177088208851, 43.0505384318615], [-76.15177088208851, 43.0505384318615], [-76.15218424276482, 43.0505516408576], [-76.15218424276482, 43.0505516408576], [-76.1522323556331, 43.050550616146296], [-76.15279809353129, 43.05055060067585]]}}, {"type": "Feature", "properties": {"id": 322, "chain_order": 42, "margin_m": 100, "names": ["EAST WATER STREET", "WEST WATER STREET"], "changes": 1, "run_lengths_m": [100.0, 100.00000000000023], "min_run_m": 100.0, "start_m": 1900.770947443402, "end_m": 2100.7709474434023, "length_m": 199.99999999995077, "chord_m": 199.96593074070103, "ratio": 1.0001703753190534, "max_offset_m": 1.7281881939612656}, "geometry": {"type": "LineString", "coordinates": [[-76.15095721772063, 43.05052157067307], [-76.15177088208851, 43.0505384318615], [-76.15177088208851, 43.0505384318615], [-76.15218424276482, 43.0505516408576], [-76.15218424276482, 43.0505516408576], [-76.1522323556331, 43.050550616146296], [-76.15341196451037, 43.050550580724824]]}}, {"type": "Feature", "properties": {"id": 323, "chain_order": 43, "margin_m": 25, "names": ["HIAWATHA BOULEVARD WEST", "HIAWATHA BOULEVARD EAST"], "changes": 1, "run_lengths_m": [25.0, 25.0], "min_run_m": 25.0, "start_m": 2241.032348992318, "end_m": 2291.032348992318, "length_m": 49.999999999693266, "chord_m": 49.2064682088999, "ratio": 1.0161265748117612, "max_offset_m": 3.3974323667217363}, "geometry": {"type": "LineString", "coordinates": [[-76.16718508581492, 43.07043205527005], [-76.1671727078405, 43.0704444498433], [-76.1671063843248, 43.0706484734901], [-76.1671063843248, 43.0706484734901], [-76.1670667165184, 43.0707671749336], [-76.16698248466957, 43.07084946899001]]}}, {"type": "Feature", "properties": {"id": 324, "chain_order": 43, "margin_m": 50, "names": ["HIAWATHA BOULEVARD WEST", "HIAWATHA BOULEVARD EAST"], "changes": 1, "run_lengths_m": [50.0, 50.0], "min_run_m": 50.0, "start_m": 2216.032348992318, "end_m": 2316.032348992318, "length_m": 100.00000000020987, "chord_m": 98.12495377869297, "ratio": 1.0191087603031723, "max_offset_m": 5.550778694538844}, "geometry": {"type": "LineString", "coordinates": [[-76.16736618491143, 43.07025028380113], [-76.1673492905742, 43.0702676297187], [-76.1671727078405, 43.0704444498433], [-76.1671063843248, 43.0706484734901], [-76.1671063843248, 43.0706484734901], [-76.1670667165184, 43.0707671749336], [-76.166798199421, 43.07102951369609]]}}, {"type": "Feature", "properties": {"id": 325, "chain_order": 43, "margin_m": 100, "names": ["HIAWATHA BOULEVARD WEST", "HIAWATHA BOULEVARD EAST"], "changes": 1, "run_lengths_m": [100.0, 100.0], "min_run_m": 100.0, "start_m": 2166.032348992318, "end_m": 2366.032348992318, "length_m": 199.9999999995351, "chord_m": 197.5860981784344, "ratio": 1.0122169618376733, "max_offset_m": 7.04846481158046}, "geometry": {"type": "LineString", "coordinates": [[-76.16772560244884, 43.069885324729846], [-76.1676862639086, 43.0699216468942], [-76.1676862639086, 43.0699216468942], [-76.1673492905742, 43.0702676297187], [-76.1671727078405, 43.0704444498433], [-76.1671063843248, 43.0706484734901], [-76.1671063843248, 43.0706484734901], [-76.1670667165184, 43.0707671749336], [-76.1665002739346, 43.07132058086009], [-76.1665002739346, 43.07132058086009], [-76.1664277816512, 43.0713885667269]]}}, {"type": "Feature", "properties": {"id": 326, "chain_order": 44, "margin_m": 25, "names": ["SUNNYCREST ROAD", "SHOTWELL PARK"], "changes": 1, "run_lengths_m": [25.0, 25.0], "min_run_m": 25.0, "start_m": 1562.1984399928178, "end_m": 1612.1984399928178, "length_m": 49.99999999978567, "chord_m": 48.88845144661403, "ratio": 1.0227364238440944, "max_offset_m": 4.6291302634778475}, "geometry": {"type": "LineString", "coordinates": [[-76.11386496291881, 43.06145885857553], [-76.1140462862421, 43.0614486184183], [-76.1141691164842, 43.061466135174484], [-76.1141691164842, 43.061466135174484], [-76.114179262057, 43.06146758500429], [-76.1143862285086, 43.06153058463899], [-76.11445088416936, 43.061554739749695]]}}, {"type": "Feature", "properties": {"id": 327, "chain_order": 44, "margin_m": 50, "names": ["SUNNYCREST ROAD", "SHOTWELL PARK"], "changes": 1, "run_lengths_m": [50.0, 50.0], "min_run_m": 50.0, "start_m": 1537.1984399928178, "end_m": 1637.1984399928178, "length_m": 99.99999999993119, "chord_m": 96.60709068718303, "ratio": 1.035120706861306, "max_offset_m": 12.006487961216497}, "geometry": {"type": "LineString", "coordinates": [[-76.11355887716887, 43.06147614397856], [-76.1140462862421, 43.0614486184183], [-76.1141691164842, 43.061466135174484], [-76.1141691164842, 43.061466135174484], [-76.114179262057, 43.06146758500429], [-76.1143862285086, 43.06153058463899], [-76.1145762707002, 43.06160158352459], [-76.1147077508201, 43.0616606535949], [-76.11471630840404, 43.06166689691345]]}}, {"type": "Feature", "properties": {"id": 328, "chain_order": 44, "margin_m": 100, "names": ["SUNNYCREST ROAD", "SHOTWELL PARK"], "changes": 1, "run_lengths_m": [100.0, 100.0], "min_run_m": 100.0, "start_m": 1487.1984399928178, "end_m": 1687.1984399928178, "length_m": 200.00000000042215, "chord_m": 173.83062955157916, "ratio": 1.1505452204617252, "max_offset_m": 40.03190794078885}, "geometry": {"type": "LineString", "coordinates": [[-76.11294614471657, 43.06150477819477], [-76.113470414941, 43.0614811395005], [-76.113470414941, 43.0614811395005], [-76.1140462862421, 43.0614486184183], [-76.1141691164842, 43.061466135174484], [-76.1141691164842, 43.061466135174484], [-76.114179262057, 43.06146758500429], [-76.1143862285086, 43.06153058463899], [-76.1145762707002, 43.06160158352459], [-76.1147077508201, 43.0616606535949], [-76.1147986261909, 43.0617269530374], [-76.1148781495514, 43.0618119497944], [-76.114918818081, 43.061904475125395], [-76.1149348808565, 43.0620372663701], [-76.1149373981929, 43.0620686694324]]}}, {"type": "Feature", "properties": {"id": 329, "chain_order": 45, "margin_m": 25, "names": ["SALISBURY ROAD", "WHITTIER AVENUE"], "changes": 1, "run_lengths_m": [25.0, 25.0], "min_run_m": 25.0, "start_m": 1162.2297022587031, "end_m": 1212.2297022587031, "length_m": 50.000000000004825, "chord_m": 49.75089719408254, "ratio": 1.0050070012798062, "max_offset_m": 1.632045221046935}, "geometry": {"type": "LineString", "coordinates": [[-76.18998678206563, 43.0425452416478], [-76.189923295199, 43.0425486441478], [-76.18969234193281, 43.0426046245566], [-76.18969234193281, 43.0426046245566], [-76.1896412745055, 43.042617582497094], [-76.1894623139312, 43.0426386229774], [-76.1894623139312, 43.0426386229774], [-76.18939107710887, 43.042643991858085]]}}, {"type": "Feature", "properties": {"id": 330, "chain_order": 45, "margin_m": 50, "names": ["SALISBURY ROAD", "WHITTIER AVENUE"], "changes": 1, "run_lengths_m": [50.0, 50.0], "min_run_m": 50.0, "start_m": 1137.2297022587031, "end_m": 1237.2297022587031, "length_m": 99.99999999998249, "chord_m": 99.51965083520605, "ratio": 1.0048266765482512, "max_offset_m": 2.4684964469104185}, "geometry": {"type": "LineString", "coordinates": [[-76.19029285939715, 43.04252883731325], [-76.189923295199, 43.0425486441478], [-76.18969234193281, 43.0426046245566], [-76.18969234193281, 43.0426046245566], [-76.1896412745055, 43.042617582497094], [-76.1894623139312, 43.0426386229774], [-76.1894623139312, 43.0426386229774], [-76.18908579042933, 43.04266699978035]]}}, {"type": "Feature", "properties": {"id": 331, "chain_order": 45, "margin_m": 100, "names": ["SALISBURY ROAD", "WHITTIER AVENUE"], "changes": 1, "run_lengths_m": [100.0, 100.0], "min_run_m": 100.0, "start_m": 1087.2297022587031, "end_m": 1287.2297022587031, "length_m": 199.9999999999954, "chord_m": 198.5967555275192, "ratio": 1.007065797569295, "max_offset_m": 7.313912473014894}, "geometry": {"type": "LineString", "coordinates": [[-76.19090501351646, 43.04249602619356], [-76.189923295199, 43.0425486441478], [-76.18969234193281, 43.0426046245566], [-76.18969234193281, 43.0426046245566], [-76.1896412745055, 43.042617582497094], [-76.1894623139312, 43.0426386229774], [-76.1894623139312, 43.0426386229774], [-76.18894534606162, 43.04267758408739], [-76.18879425392241, 43.04269860419469], [-76.18879425392241, 43.04269860419469], [-76.1884999093912, 43.04278845654926]]}}, {"type": "Feature", "properties": {"id": 332, "chain_order": 46, "margin_m": 25, "names": ["PROSPECT AVENUE", "NORTH SALINA STREET"], "changes": 1, "run_lengths_m": [25.0, 25.0], "min_run_m": 25.0, "start_m": 267.48533175964803, "end_m": 317.48533175964803, "length_m": 49.99999999981696, "chord_m": 49.821800461591025, "ratio": 1.0035767382265381, "max_offset_m": 2.101094199863972}, "geometry": {"type": "LineString", "coordinates": [[-76.15184863147755, 43.05894591721003], [-76.1520353065822, 43.0591246145971], [-76.1520353065822, 43.0591246145971], [-76.1521592803797, 43.0592986012331], [-76.1521592803797, 43.0592986012331], [-76.15217851957028, 43.059323704736265]]}}, {"type": "Feature", "properties": {"id": 333, "chain_order": 46, "margin_m": 50, "names": ["PROSPECT AVENUE", "NORTH SALINA STREET"], "changes": 1, "run_lengths_m": [50.0, 50.0], "min_run_m": 50.0, "start_m": 242.48533175964803, "end_m": 342.48533175964803, "length_m": 99.99999999960424, "chord_m": 99.78634112621653, "ratio": 1.0021411635197393, "max_offset_m": 2.9205530310310372}, "geometry": {"type": "LineString", "coordinates": [[-76.15168103019651, 43.05875733747808], [-76.1518462408594, 43.058943628748096], [-76.1520353065822, 43.0591246145971], [-76.1520353065822, 43.0591246145971], [-76.1521592803797, 43.0592986012331], [-76.1521592803797, 43.0592986012331], [-76.1523289141888, 43.059519940420756]]}}, {"type": "Feature", "properties": {"id": 334, "chain_order": 46, "margin_m": 100, "names": ["PROSPECT AVENUE", "NORTH SALINA STREET"], "changes": 1, "run_lengths_m": [100.0, 100.0], "min_run_m": 100.0, "start_m": 192.48533175964803, "end_m": 392.48533175964803, "length_m": 200.00000000001037, "chord_m": 199.70637138223097, "ratio": 1.0014703017021795, "max_offset_m": 2.6908398527898245}, "geometry": {"type": "LineString", "coordinates": [[-76.15138126336791, 43.0583647885966], [-76.1516032438801, 43.058669625274405], [-76.1518462408594, 43.058943628748096], [-76.1520353065822, 43.0591246145971], [-76.1520353065822, 43.0591246145971], [-76.1521592803797, 43.0592986012331], [-76.1521592803797, 43.0592986012331], [-76.1524873226636, 43.059726631027196], [-76.15263377976481, 43.05991070064864]]}}, {"type": "Feature", "properties": {"id": 335, "chain_order": 47, "margin_m": 25, "names": ["HIAWATHA BOULEVARD WEST", "HIAWATHA BOULEVARD EAST"], "changes": 1, "run_lengths_m": [25.0, 25.0], "min_run_m": 25.0, "start_m": 475.3269704096458, "end_m": 525.3269704096458, "length_m": 49.999999999975444, "chord_m": 49.033371220091155, "ratio": 1.0197136920393557, "max_offset_m": 2.0451347845838543}, "geometry": {"type": "LineString", "coordinates": [[-76.16733622507967, 43.070501149631674], [-76.1673040720778, 43.0705338877009], [-76.1671063843248, 43.0706484734901], [-76.1671063843248, 43.0706484734901], [-76.166902913218, 43.0707152396351], [-76.16685359843594, 43.070765196212584]]}}, {"type": "Feature", "properties": {"id": 336, "chain_order": 47, "margin_m": 50, "names": ["HIAWATHA BOULEVARD WEST", "HIAWATHA BOULEVARD EAST"], "changes": 1, "run_lengths_m": [50.0, 50.0], "min_run_m": 50.0, "start_m": 450.3269704096458, "end_m": 550.3269704096458, "length_m": 99.99999999943226, "chord_m": 97.88828942766663, "ratio": 1.0215726578134359, "max_offset_m": 4.744218171559916}, "geometry": {"type": "LineString", "coordinates": [[-76.16751563244755, 43.07031847690585], [-76.1673040720778, 43.0705338877009], [-76.1671063843248, 43.0706484734901], [-76.1671063843248, 43.0706484734901], [-76.166902913218, 43.0707152396351], [-76.16667358670703, 43.070947549799655]]}}, {"type": "Feature", "properties": {"id": 337, "chain_order": 47, "margin_m": 100, "names": ["HIAWATHA BOULEVARD WEST", "HIAWATHA BOULEVARD EAST"], "changes": 1, "run_lengths_m": [100.0, 100.0], "min_run_m": 100.0, "start_m": 400.3269704096458, "end_m": 600.3269704096458, "length_m": 200.00000000035288, "chord_m": 197.32158186833263, "ratio": 1.0135738732005883, "max_offset_m": 6.05460349754909}, "geometry": {"type": "LineString", "coordinates": [[-76.16787379763402, 43.06995279082166], [-76.1677553057264, 43.070074439268495], [-76.1677553057264, 43.070074439268495], [-76.1673040720778, 43.0705338877009], [-76.1671063843248, 43.0706484734901], [-76.1671063843248, 43.0706484734901], [-76.166902913218, 43.0707152396351], [-76.16631356006333, 43.07131225614452]]}}, {"type": "Feature", "properties": {"id": 338, "chain_order": 48, "margin_m": 25, "names": ["STATE FAIR BOULEVARD", "PARK AVENUE"], "changes": 1, "run_lengths_m": [25.0, 25.0], "min_run_m": 25.0, "start_m": 533.4119861960828, "end_m": 583.4119861960828, "length_m": 49.99999999984473, "chord_m": 47.55832960733784, "ratio": 1.0513405414501809, "max_offset_m": 6.90470443541285}, "geometry": {"type": "LineString", "coordinates": [[-76.18035718285446, 43.05271090119732], [-76.1802283074452, 43.05250660392999], [-76.1802283074452, 43.05250660392999], [-76.18017634080441, 43.0524476175968], [-76.1800983014607, 43.0524056496985], [-76.1800432688698, 43.05239162910319], [-76.1800432688698, 43.05239162910319], [-76.17999043174832, 43.05237769212644]]}}, {"type": "Feature", "properties": {"id": 339, "chain_order": 48, "margin_m": 50, "names": ["STATE FAIR BOULEVARD", "PARK AVENUE"], "changes": 1, "run_lengths_m": [50.0, 50.0], "min_run_m": 50.0, "start_m": 508.4119861960828, "end_m": 608.4119861960828, "length_m": 100.0000000003391, "chord_m": 89.57280832476604, "ratio": 1.1164102350991048, "max_offset_m": 20.541444143520536}, "geometry": {"type": "LineString", "coordinates": [[-76.18048605913123, 43.0529151983022], [-76.1802283074452, 43.05250660392999], [-76.1802283074452, 43.05250660392999], [-76.18017634080441, 43.0524476175968], [-76.1800983014607, 43.0524056496985], [-76.1800432688698, 43.05239162910319], [-76.1800432688698, 43.05239162910319], [-76.1799713183071, 43.05237265051971], [-76.17968501523727, 43.05236260124962]]}}, {"type": "Feature", "properties": {"id": 340, "chain_order": 48, "margin_m": 100, "names": ["STATE FAIR BOULEVARD", "PARK AVENUE"], "changes": 1, "run_lengths_m": [100.0, 100.0], "min_run_m": 100.0, "start_m": 458.4119861960828, "end_m": 658.4119861960828, "length_m": 199.9999999999909, "chord_m": 174.68570227998717, "ratio": 1.1449133923933272, "max_offset_m": 46.84614636056823}, "geometry": {"type": "LineString", "coordinates": [[-76.18075308807322, 43.05332055827288], [-76.180539336536, 43.0529996542], [-76.1802283074452, 43.05250660392999], [-76.1802283074452, 43.05250660392999], [-76.18017634080441, 43.0524476175968], [-76.1800983014607, 43.0524056496985], [-76.1800432688698, 43.05239162910319], [-76.1800432688698, 43.05239162910319], [-76.1799713183071, 43.05237265051971], [-76.1796282597849, 43.05236060904129], [-76.1796282597849, 43.05236060904129], [-76.17907164727512, 43.05234413789037]]}}, {"type": "Feature", "properties": {"id": 341, "chain_order": 49, "margin_m": 25, "names": ["CATHERINE STREET", "ALMOND STREET"], "changes": 1, "run_lengths_m": [25.0, 25.0], "min_run_m": 25.0, "start_m": 1088.7683574824118, "end_m": 1138.7683574824118, "length_m": 50.000000000339384, "chord_m": 49.99998027501067, "ratio": 1.00000039450673, "max_offset_m": 0.018969620215611088}, "geometry": {"type": "LineString", "coordinates": [[-76.14211316106604, 43.05104073980336], [-76.1421162834882, 43.05081565016349], [-76.1421162834882, 43.05081565016349], [-76.142117271635, 43.0507365770073], [-76.142117271635, 43.0507365770073], [-76.14211958965348, 43.05059056208381]]}}, {"type": "Feature", "properties": {"id": 342, "chain_order": 49, "margin_m": 50, "names": ["CATHERINE STREET", "ALMOND STREET"], "changes": 1, "run_lengths_m": [50.0, 50.0], "min_run_m": 50.0, "start_m": 1063.7683574824118, "end_m": 1163.7683574824118, "length_m": 99.99999999965296, "chord_m": 99.99996148733271, "ratio": 1.0000003851233508, "max_offset_m": 0.04118893883579179}, "geometry": {"type": "LineString", "coordinates": [[-76.14211009658614, 43.0512658298616], [-76.1421123443756, 43.051099613441984], [-76.1421123443756, 43.051099613441984], [-76.1421162834882, 43.05081565016349], [-76.1421162834882, 43.05081565016349], [-76.142117271635, 43.0507365770073], [-76.142117271635, 43.0507365770073], [-76.142123162936, 43.05036547603374]]}}, {"type": "Feature", "properties": {"id": 343, "chain_order": 49, "margin_m": 100, "names": ["CATHERINE STREET", "ALMOND STREET"], "changes": 1, "run_lengths_m": [100.0, 100.0], "min_run_m": 100.0, "start_m": 1013.7683574824118, "end_m": 1213.7683574824118, "length_m": 200.0000000001271, "chord_m": 199.99789589732796, "ratio": 1.000010520624678, "max_offset_m": 0.2792940157382617}, "geometry": {"type": "LineString", "coordinates": [[-76.14210772045134, 43.05171602004146], [-76.1421073353696, 43.051504612989206], [-76.1421073353696, 43.051504612989206], [-76.1421083019569, 43.051470654929595], [-76.1421083019569, 43.051470654929595], [-76.1421092586627, 43.0513435865934], [-76.1421092586627, 43.0513435865934], [-76.142109342206, 43.05132161367569], [-76.1421123443756, 43.051099613441984], [-76.1421123443756, 43.051099613441984], [-76.1421162834882, 43.05081565016349], [-76.1421162834882, 43.05081565016349], [-76.142117271635, 43.0507365770073], [-76.142117271635, 43.0507365770073], [-76.1421232723811, 43.05035858192609], [-76.1421232723811, 43.05035858192609], [-76.1421238571843, 43.050323934618206], [-76.1421238571843, 43.050323934618206], [-76.14213078118115, 43.04991530807076]]}}, {"type": "Feature", "properties": {"id": 344, "chain_order": 50, "margin_m": 25, "names": ["ONONDAGA BOULEVARD", "WEST ONONDAGA STREET"], "changes": 1, "run_lengths_m": [25.0, 25.0], "min_run_m": 25.0, "start_m": 29.05601253482294, "end_m": 79.05601253482294, "length_m": 50.00000000001543, "chord_m": 49.98176863811969, "ratio": 1.0003647602394334, "max_offset_m": 0.6750562582145514}, "geometry": {"type": "LineString", "coordinates": [[-76.18770008785867, 43.03346866504838], [-76.187393286321, 43.0334725956223], [-76.187393286321, 43.0334725956223], [-76.18708722127829, 43.033488669775096]]}}, {"type": "Feature", "properties": {"id": 345, "chain_order": 50, "margin_m": 50, "names": ["ONONDAGA BOULEVARD", "WEST ONONDAGA STREET"], "changes": 1, "run_lengths_m": [50.0, 50.0], "min_run_m": 50.0, "start_m": 4.0560125348229406, "end_m": 104.05601253482294, "length_m": 99.99999999998613, "chord_m": 99.931102297585, "ratio": 1.0006894520406266, "max_offset_m": 1.6907391132151477}, "geometry": {"type": "LineString", "coordinates": [[-76.18800688933892, 43.0334647336523], [-76.187393286321, 43.0334725956223], [-76.187393286321, 43.0334725956223], [-76.186955260602, 43.0334955999297], [-76.1867819537704, 43.03351085572215]]}}, {"type": "Feature", "properties": {"id": 346, "chain_order": 51, "margin_m": 25, "names": ["TEX SIMONE DRIVE", "FIRST NORTH STREET"], "changes": 1, "run_lengths_m": [25.0, 25.0], "min_run_m": 25.0, "start_m": 449.26046930230564, "end_m": 499.26046930230564, "length_m": 50.00000000014125, "chord_m": 49.93537902816372, "ratio": 1.0012940919491384, "max_offset_m": 0.6409376983378191}, "geometry": {"type": "LineString", "coordinates": [[-76.16353684279511, 43.075238892582725], [-76.16347825418221, 43.075210646943795], [-76.1632632630802, 43.0751376427787], [-76.1632632630802, 43.0751376427787], [-76.16299661719722, 43.07502602050756]]}}, {"type": "Feature", "properties": {"id": 347, "chain_order": 51, "margin_m": 50, "names": ["TEX SIMONE DRIVE", "FIRST NORTH STREET"], "changes": 1, "run_lengths_m": [50.0, 50.0], "min_run_m": 50.0, "start_m": 424.26046930230564, "end_m": 524.2604693023056, "length_m": 99.99999999989993, "chord_m": 99.60066956763659, "ratio": 1.0040093147365055, "max_offset_m": 3.2004650640526537}, "geometry": {"type": "LineString", "coordinates": [[-76.16377834032367, 43.075376561624765], [-76.1637063247548, 43.075325661005195], [-76.1636732532776, 43.075304656017096], [-76.16347825418221, 43.075210646943795], [-76.1632632630802, 43.0751376427787], [-76.1632632630802, 43.0751376427787], [-76.16272997227325, 43.074914397601546]]}}, {"type": "Feature", "properties": {"id": 348, "chain_order": 51, "margin_m": 100, "names": ["TEX SIMONE DRIVE", "FIRST NORTH STREET"], "changes": 1, "run_lengths_m": [100.0, 100.0], "min_run_m": 100.0, "start_m": 374.26046930230564, "end_m": 574.2604693023056, "length_m": 200.0000000000614, "chord_m": 196.3313804785784, "ratio": 1.018685854052166, "max_offset_m": 16.396787467807428}, "geometry": {"type": "LineString", "coordinates": [[-76.16413866122448, 43.07573912814572], [-76.16386331972372, 43.07543662491399], [-76.1637063247548, 43.075325661005195], [-76.1636732532776, 43.075304656017096], [-76.16347825418221, 43.075210646943795], [-76.1632632630802, 43.0751376427787], [-76.1632632630802, 43.0751376427787], [-76.16219668530242, 43.074691149884984]]}}, {"type": "Feature", "properties": {"id": 349, "chain_order": 52, "margin_m": 25, "names": ["HIGHPOINT STREET", "SEYMOUR STREET"], "changes": 1, "run_lengths_m": [25.0, 25.0], "min_run_m": 25.0, "start_m": 291.54946444126847, "end_m": 341.54946444126847, "length_m": 49.99999999989321, "chord_m": 44.51039342475947, "ratio": 1.123333139807299, "max_offset_m": 8.415182279191015}, "geometry": {"type": "LineString", "coordinates": [[-76.1741595772591, 43.041730654480446], [-76.1741385643538, 43.0417786531175], [-76.1740996493357, 43.041818664579395], [-76.1740416496094, 43.04182553591489], [-76.1739333047013, 43.041803586505694], [-76.1739333047013, 43.041803586505694], [-76.17362737701737, 43.041821405282604]]}}, {"type": "Feature", "properties": {"id": 350, "chain_order": 52, "margin_m": 50, "names": ["HIGHPOINT STREET", "SEYMOUR STREET"], "changes": 1, "run_lengths_m": [50.0, 50.0], "min_run_m": 50.0, "start_m": 266.54946444126847, "end_m": 366.54946444126847, "length_m": 100.00000000026485, "chord_m": 84.45945915806618, "ratio": 1.1840000042282355, "max_offset_m": 24.675675477172543}, "geometry": {"type": "LineString", "coordinates": [[-76.17426144781314, 43.041518379751736], [-76.1741974093948, 43.041644236395705], [-76.1741385643538, 43.0417786531175], [-76.1740996493357, 43.041818664579395], [-76.1740416496094, 43.04182553591489], [-76.1739333047013, 43.041803586505694], [-76.1739333047013, 43.041803586505694], [-76.17332144913851, 43.041839223243606]]}}, {"type": "Feature", "properties": {"id": 351, "chain_order": 52, "margin_m": 100, "names": ["HIGHPOINT STREET", "SEYMOUR STREET"], "changes": 1, "run_lengths_m": [100.0, 100.0], "min_run_m": 100.0, "start_m": 216.54946444126847, "end_m": 416.54946444126847, "length_m": 199.99999999987253, "chord_m": 174.901581858066, "ratio": 1.143500235247581, "max_offset_m": 45.96183578257196}, "geometry": {"type": "LineString", "coordinates": [[-76.17462788726658, 43.04116123782395], [-76.1745899947335, 43.04119690532529], [-76.1744572929048, 43.041300346612594], [-76.1743504014708, 43.0413944372348], [-76.1742789755243, 43.04148393191571], [-76.1741974093948, 43.041644236395705], [-76.1741385643538, 43.0417786531175], [-76.1740996493357, 43.041818664579395], [-76.1740416496094, 43.04182553591489], [-76.1739333047013, 43.041803586505694], [-76.1739333047013, 43.041803586505694], [-76.1732802887785, 43.04184162045689], [-76.1729452935344, 43.04185658100079], [-76.1729452935344, 43.04185658100079], [-76.17270888446559, 43.041867489710484]]}}, {"type": "Feature", "properties": {"id": 352, "chain_order": 53, "margin_m": 25, "names": ["NORTH CLINTON STREET", "SOUTH CLINTON STREET"], "changes": 1, "run_lengths_m": [25.0, 25.0], "min_run_m": 25.0, "start_m": 353.85809396081794, "end_m": 403.85809396081794, "length_m": 50.00000000031156, "chord_m": 49.999927455349365, "ratio": 1.000001450901349, "max_offset_m": 0.042586649776501485}, "geometry": {"type": "LineString", "coordinates": [[-76.15352611814676, 43.05113972405513], [-76.1535312530586, 43.050914654755104], [-76.1535312530586, 43.050914654755104], [-76.15353743348358, 43.05068959958264]]}}, {"type": "Feature", "properties": {"id": 353, "chain_order": 53, "margin_m": 50, "names": ["NORTH CLINTON STREET", "SOUTH CLINTON STREET"], "changes": 1, "run_lengths_m": [50.0, 50.0], "min_run_m": 50.0, "start_m": 328.85809396081794, "end_m": 428.85809396081794, "length_m": 100.00000000016043, "chord_m": 99.99925727588753, "ratio": 1.0000074272978934, "max_offset_m": 0.08757093365603136}, "geometry": {"type": "LineString", "coordinates": [[-76.15351970665972, 43.05136477039105], [-76.1535223552457, 43.051304655931894], [-76.1535223552457, 43.051304655931894], [-76.1535312530586, 43.050914654755104], [-76.1535312530586, 43.050914654755104], [-76.1535412513077, 43.0505505761031], [-76.1535412513077, 43.0505505761031], [-76.15354326602228, 43.050464539642086]]}}, {"type": "Feature", "properties": {"id": 354, "chain_order": 53, "margin_m": 100, "names": ["NORTH CLINTON STREET", "SOUTH CLINTON STREET"], "changes": 1, "run_lengths_m": [100.0, 100.0], "min_run_m": 100.0, "start_m": 278.85809396081794, "end_m": 478.85809396081794, "length_m": 200.0000000006587, "chord_m": 199.99491177005524, "ratio": 1.0000254418002859, "max_offset_m": 0.621270393757273}, "geometry": {"type": "LineString", "coordinates": [[-76.15349988142799, 43.05181473712143], [-76.1535223552457, 43.051304655931894], [-76.1535223552457, 43.051304655931894], [-76.1535312530586, 43.050914654755104], [-76.1535312530586, 43.050914654755104], [-76.1535412513077, 43.0505505761031], [-76.1535412513077, 43.0505505761031], [-76.1535433246194, 43.05046203730569], [-76.1535433246194, 43.05046203730569], [-76.1535522745624, 43.05001438646554]]}}, {"type": "Feature", "properties": {"id": 355, "chain_order": 54, "margin_m": 25, "names": ["ENFIELD PLACE", "EUCLID AVENUE"], "changes": 1, "run_lengths_m": [25.0, 25.0], "min_run_m": 25.0, "start_m": 166.88948554066482, "end_m": 216.88948554066482, "length_m": 50.000000000058975, "chord_m": 49.75005667443688, "ratio": 1.0050239807214236, "max_offset_m": 2.2783284899188128}, "geometry": {"type": "LineString", "coordinates": [[-76.09335974229415, 43.039525210676494], [-76.0935003280842, 43.03941758401879], [-76.0935772553135, 43.0393666011021], [-76.0935772553135, 43.0393666011021], [-76.0937982750094, 43.039251657452695], [-76.09383029982519, 43.03923967794753]]}}, {"type": "Feature", "properties": {"id": 356, "chain_order": 54, "margin_m": 50, "names": ["ENFIELD PLACE", "EUCLID AVENUE"], "changes": 1, "run_lengths_m": [50.0, 50.0], "min_run_m": 50.0, "start_m": 141.88948554066482, "end_m": 241.88948554066482, "length_m": 99.99999999970586, "chord_m": 99.01609581107003, "ratio": 1.00993681058192, "max_offset_m": 6.446551492589462}, "geometry": {"type": "LineString", "coordinates": [[-76.09314742887273, 43.03968774800408], [-76.0935003280842, 43.03941758401879], [-76.0935772553135, 43.0393666011021], [-76.0935772553135, 43.0393666011021], [-76.0937982750094, 43.039251657452695], [-76.09410368479895, 43.03913741242906]]}}, {"type": "Feature", "properties": {"id": 357, "chain_order": 54, "margin_m": 100, "names": ["ENFIELD PLACE", "EUCLID AVENUE"], "changes": 1, "run_lengths_m": [100.0, 100.00000000000003], "min_run_m": 100.0, "start_m": 91.88948554066482, "end_m": 291.88948554066485, "length_m": 200.00000000022146, "chord_m": 197.7384753687252, "ratio": 1.011436947853872, "max_offset_m": 14.329532629895185}, "geometry": {"type": "LineString", "coordinates": [[-76.09271664002621, 43.04000840486936], [-76.0930182795263, 43.03978661815701], [-76.0935003280842, 43.03941758401879], [-76.0935772553135, 43.0393666011021], [-76.0935772553135, 43.0393666011021], [-76.0937982750094, 43.039251657452695], [-76.0944613305038, 43.03900362588289], [-76.09464919014849, 43.038931093108246]]}}, {"type": "Feature", "properties": {"id": 358, "chain_order": 55, "margin_m": 25, "names": ["WEST BELDEN AVENUE", "PLUM STREET"], "changes": 1, "run_lengths_m": [25.0, 25.0], "min_run_m": 25.0, "start_m": 1276.0888383513527, "end_m": 1326.0888383513527, "length_m": 49.999999999852506, "chord_m": 47.3511699376665, "ratio": 1.0559401186005108, "max_offset_m": 6.893560678562199}, "geometry": {"type": "LineString", "coordinates": [[-76.1603539425789, 43.0546603636373], [-76.1601762600985, 43.0546166480999], [-76.1600734604907, 43.05457190904239], [-76.1600734604907, 43.05457190904239], [-76.1600153071524, 43.0545466007868], [-76.15996326325642, 43.05450858784069], [-76.1599233484134, 43.05446261729129], [-76.15989625163121, 43.0544126446118], [-76.15989422934243, 43.05439936010822]]}}, {"type": "Feature", "properties": {"id": 359, "chain_order": 55, "margin_m": 50, "names": ["WEST BELDEN AVENUE", "PLUM STREET"], "changes": 1, "run_lengths_m": [50.0, 50.0], "min_run_m": 50.0, "start_m": 1251.0888383513527, "end_m": 1351.0888383513527, "length_m": 100.00000000003645, "chord_m": 84.94610491733407, "ratio": 1.1772170142156864, "max_offset_m": 23.301641536662746}, "geometry": {"type": "LineString", "coordinates": [[-76.16065103922926, 43.05471604972104], [-76.1606463395035, 43.0547156170176], [-76.1604282968245, 43.05467865704401], [-76.1601762600985, 43.0546166480999], [-76.1600734604907, 43.05457190904239], [-76.1600734604907, 43.05457190904239], [-76.1600153071524, 43.0545466007868], [-76.15996326325642, 43.05450858784069], [-76.1599233484134, 43.05446261729129], [-76.15989625163121, 43.0544126446118], [-76.1598892438737, 43.0543666103192], [-76.1598983536889, 43.054263592128], [-76.15991333887376, 43.05417536124596]]}}, {"type": "Feature", "properties": {"id": 360, "chain_order": 55, "margin_m": 100, "names": ["WEST BELDEN AVENUE", "PLUM STREET"], "changes": 1, "run_lengths_m": [100.0, 100.0], "min_run_m": 100.0, "start_m": 1201.0888383513527, "end_m": 1401.0888383513527, "length_m": 199.999999999779, "chord_m": 152.96188335803467, "ratio": 1.3075152816446642, "max_offset_m": 60.32827867748423}, "geometry": {"type": "LineString", "coordinates": [[-76.16126351500924, 43.05474034350836], [-76.1608093253371, 43.0547306229956], [-76.1606463395035, 43.0547156170176], [-76.1604282968245, 43.05467865704401], [-76.1601762600985, 43.0546166480999], [-76.1600734604907, 43.05457190904239], [-76.1600734604907, 43.05457190904239], [-76.1600153071524, 43.0545466007868], [-76.15996326325642, 43.05450858784069], [-76.1599233484134, 43.05446261729129], [-76.15989625163121, 43.0544126446118], [-76.1598892438737, 43.0543666103192], [-76.1598983536889, 43.054263592128], [-76.15998921436554, 43.053728612219345]]}}, {"type": "Feature", "properties": {"id": 361, "chain_order": 56, "margin_m": 25, "names": ["MERTENS AVENUE", "SEDGWICK DRIVE"], "changes": 1, "run_lengths_m": [25.0, 25.0], "min_run_m": 25.0, "start_m": 521.9489066018871, "end_m": 571.9489066018871, "length_m": 49.99999999996223, "chord_m": 40.019415856266484, "ratio": 1.2493935488599324, "max_offset_m": 13.6378793037871}, "geometry": {"type": "LineString", "coordinates": [[-76.13275490547451, 43.071315414279866], [-76.1330612824922, 43.07130062708149], [-76.1330612824922, 43.07130062708149], [-76.1330952882173, 43.07129965980841], [-76.1331412981296, 43.07128362564589], [-76.1331642545766, 43.07124962997899], [-76.13317208660168, 43.07112489253587]]}}, {"type": "Feature", "properties": {"id": 362, "chain_order": 56, "margin_m": 50, "names": ["MERTENS AVENUE", "SEDGWICK DRIVE"], "changes": 1, "run_lengths_m": [50.0, 50.0], "min_run_m": 50.0, "start_m": 496.9489066018871, "end_m": 596.9489066018871, "length_m": 99.99999999995862, "chord_m": 74.93182691192254, "ratio": 1.3345464019915338, "max_offset_m": 31.97703939003208}, "geometry": {"type": "LineString", "coordinates": [[-76.13244852829222, 43.071330200659496], [-76.1330612824922, 43.07130062708149], [-76.1330612824922, 43.07130062708149], [-76.1330952882173, 43.07129965980841], [-76.1331412981296, 43.07128362564589], [-76.1331642545766, 43.07124962997899], [-76.1331722316164, 43.071122582942095], [-76.13315752342218, 43.07090005520393]]}}, {"type": "Feature", "properties": {"id": 363, "chain_order": 56, "margin_m": 100, "names": ["MERTENS AVENUE", "SEDGWICK DRIVE"], "changes": 1, "run_lengths_m": [100.0, 100.0], "min_run_m": 100.0, "start_m": 446.9489066018871, "end_m": 646.9489066018871, "length_m": 199.99999999976305, "chord_m": 145.8349858244719, "ratio": 1.3714130314414716, "max_offset_m": 67.51699972890434}, "geometry": {"type": "LineString", "coordinates": [[-76.13183577343383, 43.071359770962445], [-76.1330612824922, 43.07130062708149], [-76.1330612824922, 43.07130062708149], [-76.1330952882173, 43.07129965980841], [-76.1331412981296, 43.07128362564589], [-76.1331642545766, 43.07124962997899], [-76.1331722316164, 43.071122582942095], [-76.13312780213558, 43.07045038103258]]}}, {"type": "Feature", "properties": {"id": 364, "chain_order": 57, "margin_m": 25, "names": ["SPENCER STREET", "CATAWBA STREET"], "changes": 1, "run_lengths_m": [25.0, 25.0], "min_run_m": 25.0, "start_m": 1280.504672022924, "end_m": 1330.504672022924, "length_m": 49.99999999997256, "chord_m": 49.9801086796285, "ratio": 1.0003979847357187, "max_offset_m": 0.4707431145861112}, "geometry": {"type": "LineString", "coordinates": [[-76.1564032687165, 43.06106016073681], [-76.1563182906006, 43.061077613672396], [-76.1563182906006, 43.061077613672396], [-76.1561042454246, 43.06111066329899], [-76.1561042454246, 43.06111066329899], [-76.1559252498161, 43.0611358933673], [-76.1559252498161, 43.0611358933673], [-76.15580270786329, 43.06115289137407]]}}, {"type": "Feature", "properties": {"id": 365, "chain_order": 57, "margin_m": 50, "names": ["SPENCER STREET", "CATAWBA STREET"], "changes": 1, "run_lengths_m": [50.0, 50.0], "min_run_m": 50.0, "start_m": 1255.504672022924, "end_m": 1355.504672022924, "length_m": 99.99999999990169, "chord_m": 99.90414245261243, "ratio": 1.000959495221479, "max_offset_m": 1.8222466599161389}, "geometry": {"type": "LineString", "coordinates": [[-76.15669801369876, 43.06099738862069], [-76.1566443116751, 43.0610106545689], [-76.1566443116751, 43.0610106545689], [-76.1563182906006, 43.061077613672396], [-76.1563182906006, 43.061077613672396], [-76.1561042454246, 43.06111066329899], [-76.1561042454246, 43.06111066329899], [-76.1559252498161, 43.0611358933673], [-76.1559252498161, 43.0611358933673], [-76.1555324551699, 43.06119037809798], [-76.15550185295564, 43.06119709182619]]}}, {"type": "Feature", "properties": {"id": 366, "chain_order": 57, "margin_m": 100, "names": ["SPENCER STREET", "CATAWBA STREET"], "changes": 1, "run_lengths_m": [100.0, 100.0], "min_run_m": 100.0, "start_m": 1205.504672022924, "end_m": 1405.504672022924, "length_m": 200.0000000003157, "chord_m": 198.3355817497, "ratio": 1.0083919296574642, "max_offset_m": 6.404590029152803}, "geometry": {"type": "LineString", "coordinates": [[-76.15724716145922, 43.060796370820164], [-76.1567172890122, 43.06099262705501], [-76.1566443116751, 43.0610106545689], [-76.1566443116751, 43.0610106545689], [-76.1563182906006, 43.061077613672396], [-76.1563182906006, 43.061077613672396], [-76.1561042454246, 43.06111066329899], [-76.1561042454246, 43.06111066329899], [-76.1559252498161, 43.0611358933673], [-76.1559252498161, 43.0611358933673], [-76.1555324551699, 43.06119037809798], [-76.1553853488556, 43.061222651224], [-76.1553853488556, 43.061222651224], [-76.1553003170257, 43.0612396278844], [-76.15518626152742, 43.0612805809569], [-76.1549469669753, 43.0613832470148]]}}, {"type": "Feature", "properties": {"id": 367, "chain_order": 58, "margin_m": 25, "names": ["SOLAR STREET", "DESTINY USA DRIVE"], "changes": 1, "run_lengths_m": [25.0, 25.0], "min_run_m": 25.0, "start_m": 1559.8147523719506, "end_m": 1609.8147523719506, "length_m": 50.00000000000365, "chord_m": 49.988710242044185, "ratio": 1.0002258461541575, "max_offset_m": 0.4378306857549246}, "geometry": {"type": "LineString", "coordinates": [[-76.17029070817527, 43.06678626408242], [-76.1704202595264, 43.066864661512206], [-76.1705273656577, 43.0669296611623], [-76.1705273656577, 43.0669296611623], [-76.1706463008047, 43.06700957840129], [-76.17075699595283, 43.0670790252976]]}}, {"type": "Feature", "properties": {"id": 368, "chain_order": 58, "margin_m": 50, "names": ["SOLAR STREET", "DESTINY USA DRIVE"], "changes": 1, "run_lengths_m": [50.0, 50.0], "min_run_m": 50.0, "start_m": 1534.8147523719506, "end_m": 1634.8147523719506, "length_m": 99.99999999983038, "chord_m": 99.98608687670222, "ratio": 1.000139150591475, "max_offset_m": 0.4008557561127327}, "geometry": {"type": "LineString", "coordinates": [[-76.17005571835959, 43.066641407345955], [-76.1702152487072, 43.0667405999558], [-76.1704202595264, 43.066864661512206], [-76.1705273656577, 43.0669296611623], [-76.1705273656577, 43.0669296611623], [-76.1706463008047, 43.06700957840129], [-76.17081535296141, 43.067115636669286], [-76.17081535296141, 43.067115636669286], [-76.1708722702178, 43.0671506236246], [-76.1709925702283, 43.06722336921745]]}}, {"type": "Feature", "properties": {"id": 369, "chain_order": 59, "margin_m": 25, "names": ["WEST WASHINGTON STREET", "EAST WASHINGTON STREET"], "changes": 1, "run_lengths_m": [25.0, 25.0], "min_run_m": 25.0, "start_m": 504.95825655334875, "end_m": 554.9582565533487, "length_m": 49.999999999965645, "chord_m": 49.9979545426908, "ratio": 1.0000409108191235, "max_offset_m": 0.21931070665030902}, "geometry": {"type": "LineString", "coordinates": [[-76.15251218703644, 43.0495998116854], [-76.15220528669872, 43.049596641226], [-76.15220528669872, 43.049596641226], [-76.1521512440512, 43.0495956545732], [-76.15189851097499, 43.04958952163679]]}}, {"type": "Feature", "properties": {"id": 370, "chain_order": 59, "margin_m": 50, "names": ["WEST WASHINGTON STREET", "EAST WASHINGTON STREET"], "changes": 1, "run_lengths_m": [50.0, 50.0], "min_run_m": 50.0, "start_m": 479.95825655334875, "end_m": 579.9582565533487, "length_m": 99.99999999998931, "chord_m": 99.9956949486568, "ratio": 1.0000430523667516, "max_offset_m": 0.4566421184197101}, "geometry": {"type": "LineString", "coordinates": [[-76.15281908738807, 43.04960298132124], [-76.15220528669872, 43.049596641226], [-76.15220528669872, 43.049596641226], [-76.1521512440512, 43.0495956545732], [-76.15159174812999, 43.04958207683726]]}}, {"type": "Feature", "properties": {"id": 371, "chain_order": 59, "margin_m": 100, "names": ["WEST WASHINGTON STREET", "EAST WASHINGTON STREET"], "changes": 1, "run_lengths_m": [100.0, 100.0], "min_run_m": 100.0, "start_m": 429.95825655334875, "end_m": 629.9582565533487, "length_m": 200.0000000000373, "chord_m": 199.97297188258779, "ratio": 1.0001351588526943, "max_offset_m": 1.1249185400948678}, "geometry": {"type": "LineString", "coordinates": [[-76.15343288813297, 43.04960931812234], [-76.15220528669872, 43.049596641226], [-76.15220528669872, 43.049596641226], [-76.1521512440512, 43.0495956545732], [-76.1514483554605, 43.0495785965708], [-76.1514483554605, 43.0495785965708], [-76.15097801947181, 43.04958384108923]]}}, {"type": "Feature", "properties": {"id": 372, "chain_order": 60, "margin_m": 25, "names": ["GLENWOOD AVENUE", "REED AVENUE"], "changes": 1, "run_lengths_m": [25.0, 25.0], "min_run_m": 25.0, "start_m": 760.1772078078973, "end_m": 810.1772078078973, "length_m": 49.9999999995429, "chord_m": 49.81478484650639, "ratio": 1.003718075940852, "max_offset_m": 2.0171018031771255}, "geometry": {"type": "LineString", "coordinates": [[-76.18027904367813, 43.02515517238906], [-76.1803892900357, 43.0252986293727], [-76.1804203097608, 43.0253545900564], [-76.1804203097608, 43.0253545900564], [-76.18051874367441, 43.025567791042754]]}}, {"type": "Feature", "properties": {"id": 373, "chain_order": 60, "margin_m": 50, "names": ["GLENWOOD AVENUE", "REED AVENUE"], "changes": 1, "run_lengths_m": [50.0, 50.0], "min_run_m": 50.0, "start_m": 735.1772078078973, "end_m": 835.1772078078973, "length_m": 100.00000000027376, "chord_m": 99.59321472451404, "ratio": 1.0040844677710719, "max_offset_m": 4.406059933392175}, "geometry": {"type": "LineString", "coordinates": [[-76.18012835737723, 43.024959092049855], [-76.1803892900357, 43.0252986293727], [-76.1804203097608, 43.0253545900564], [-76.1804203097608, 43.0253545900564], [-76.18061717828388, 43.025780991928514]]}}, {"type": "Feature", "properties": {"id": 374, "chain_order": 60, "margin_m": 100, "names": ["GLENWOOD AVENUE", "REED AVENUE"], "changes": 1, "run_lengths_m": [100.0, 100.0], "min_run_m": 100.0, "start_m": 685.1772078078973, "end_m": 885.1772078078973, "length_m": 200.00000000011124, "chord_m": 198.89475350617323, "ratio": 1.0055569414197931, "max_offset_m": 10.129518824490548}, "geometry": {"type": "LineString", "coordinates": [[-76.17982698768171, 43.02456693072217], [-76.1803892900357, 43.0252986293727], [-76.1804203097608, 43.0253545900564], [-76.1804203097608, 43.0253545900564], [-76.18067333912522, 43.02590263075331], [-76.1807732560393, 43.026165623825], [-76.1807878723879, 43.026213184231764]]}}, {"type": "Feature", "properties": {"id": 375, "chain_order": 61, "margin_m": 25, "names": ["MANLEY FIELD HOUSE", "SKYTOP ROAD"], "changes": 1, "run_lengths_m": [25.0, 25.0], "min_run_m": 25.0, "start_m": 487.04621395757874, "end_m": 537.0462139575787, "length_m": 50.00000000000439, "chord_m": 48.10028586309467, "ratio": 1.0394948616795496, "max_offset_m": 6.639337173171}, "geometry": {"type": "LineString", "coordinates": [[-76.12370308682934, 43.02203926899675], [-76.1236778385638, 43.022004781786], [-76.1236544913496, 43.021964884814594], [-76.1236378338893, 43.02192568791459], [-76.1236023198928, 43.0218276124757], [-76.1236023198928, 43.0218276124757], [-76.12366406478856, 43.021607115327335]]}}, {"type": "Feature", "properties": {"id": 376, "chain_order": 61, "margin_m": 50, "names": ["MANLEY FIELD HOUSE", "SKYTOP ROAD"], "changes": 1, "run_lengths_m": [50.0, 50.0], "min_run_m": 50.0, "start_m": 462.04621395757874, "end_m": 562.0462139575787, "length_m": 99.99999999978614, "chord_m": 88.09123963904966, "ratio": 1.135186658849758, "max_offset_m": 20.019531892747203}, "geometry": {"type": "LineString", "coordinates": [[-76.1239504241077, 43.022162492428144], [-76.1238409303986, 43.0221311398663], [-76.123813088913, 43.02212067981589], [-76.123813088913, 43.02212067981589], [-76.1237583608509, 43.02209022238758], [-76.1237145652859, 43.02205494768061], [-76.1236778385638, 43.022004781786], [-76.1236544913496, 43.021964884814594], [-76.1236378338893, 43.02192568791459], [-76.1236023198928, 43.0218276124757], [-76.1236023198928, 43.0218276124757], [-76.12372580925818, 43.02138661814227]]}}, {"type": "Feature", "properties": {"id": 377, "chain_order": 61, "margin_m": 100, "names": ["MANLEY FIELD HOUSE", "SKYTOP ROAD"], "changes": 1, "run_lengths_m": [100.0, 100.0], "min_run_m": 100.0, "start_m": 412.04621395757874, "end_m": 612.0462139575787, "length_m": 199.99999999952337, "chord_m": 163.28144675891514, "ratio": 1.224878906755543, "max_offset_m": 52.73143853132912}, "geometry": {"type": "LineString", "coordinates": [[-76.12452150325936, 43.022326969196556], [-76.1245146264375, 43.02232404462848], [-76.1238409303986, 43.0221311398663], [-76.123813088913, 43.02212067981589], [-76.123813088913, 43.02212067981589], [-76.1237583608509, 43.02209022238758], [-76.1237145652859, 43.02205494768061], [-76.1236778385638, 43.022004781786], [-76.1236544913496, 43.021964884814594], [-76.1236378338893, 43.02192568791459], [-76.1236023198928, 43.0218276124757], [-76.1236023198928, 43.0218276124757], [-76.1238352997584, 43.020995610108095], [-76.1238352997584, 43.020995610108095], [-76.12383907915853, 43.02094465490526]]}}, {"type": "Feature", "properties": {"id": 378, "chain_order": 62, "margin_m": 25, "names": ["SHUART AVENUE", "ELM STREET"], "changes": 1, "run_lengths_m": [25.0, 25.0], "min_run_m": 25.0, "start_m": 634.383040210665, "end_m": 684.383040210665, "length_m": 50.0000000004768, "chord_m": 49.99963220033235, "ratio": 1.0000073560570002, "max_offset_m": 0.0958904051102951}, "geometry": {"type": "LineString", "coordinates": [[-76.12904462975979, 43.05988823837077], [-76.1293002430101, 43.05976358139489], [-76.1293002430101, 43.05976358139489], [-76.12955454358058, 43.05963748969398]]}}, {"type": "Feature", "properties": {"id": 379, "chain_order": 62, "margin_m": 50, "names": ["SHUART AVENUE", "ELM STREET"], "changes": 1, "run_lengths_m": [50.0, 50.0], "min_run_m": 50.0, "start_m": 609.383040210665, "end_m": 709.383040210665, "length_m": 99.99999999998599, "chord_m": 99.99926439969695, "ratio": 1.0000073560570015, "max_offset_m": 0.19178081023647525}, "geometry": {"type": "LineString", "coordinates": [[-76.12878901546688, 43.060012894784684], [-76.1293002430101, 43.05976358139489], [-76.1293002430101, 43.05976358139489], [-76.1298088431022, 43.059511397436985]]}}, {"type": "Feature", "properties": {"id": 380, "chain_order": 62, "margin_m": 100, "names": ["SHUART AVENUE", "ELM STREET"], "changes": 1, "run_lengths_m": [100.0, 100.0], "min_run_m": 100.0, "start_m": 559.383040210665, "end_m": 759.383040210665, "length_m": 200.0000000001935, "chord_m": 199.99853014330154, "ratio": 1.0000073493384722, "max_offset_m": 0.3833808891981144}, "geometry": {"type": "LineString", "coordinates": [[-76.12827778621171, 43.06026220863637], [-76.1282932881705, 43.0602546449876], [-76.1282932881705, 43.0602546449876], [-76.1293002430101, 43.05976358139489], [-76.1293002430101, 43.05976358139489], [-76.13031743899883, 43.0592592112547]]}}, {"type": "Feature", "properties": {"id": 381, "chain_order": 63, "margin_m": 25, "names": ["WEST NEWELL STREET", "EAST NEWELL STREET"], "changes": 1, "run_lengths_m": [25.0, 25.0], "min_run_m": 25.0, "start_m": 1481.2221023380673, "end_m": 1531.2221023380673, "length_m": 50.00000000003196, "chord_m": 49.85607238545904, "ratio": 1.0028868622754747, "max_offset_m": 1.5308843353956625}, "geometry": {"type": "LineString", "coordinates": [[-76.1420376372345, 43.01801756631497], [-76.1417352783318, 43.01805561969259], [-76.1417352783318, 43.01805561969259], [-76.1415193071678, 43.0180566035687], [-76.14142945849046, 43.018066217278715]]}}, {"type": "Feature", "properties": {"id": 382, "chain_order": 63, "margin_m": 50, "names": ["WEST NEWELL STREET", "EAST NEWELL STREET"], "changes": 1, "run_lengths_m": [50.0, 50.0], "min_run_m": 50.0, "start_m": 1456.2221023380673, "end_m": 1556.2221023380673, "length_m": 100.00000000012733, "chord_m": 99.82249354794916, "ratio": 1.0017782209787507, "max_offset_m": 1.8429687189649797}, "geometry": {"type": "LineString", "coordinates": [[-76.14233999574715, 43.01797951214246], [-76.1417352783318, 43.01805561969259], [-76.1417352783318, 43.01805561969259], [-76.1415193071678, 43.0180566035687], [-76.14112589446182, 43.018098697754255]]}}, {"type": "Feature", "properties": {"id": 383, "chain_order": 64, "margin_m": 25, "names": ["BROOKFORD ROAD", "EAST AVENUE"], "changes": 1, "run_lengths_m": [25.0, 25.0], "min_run_m": 25.0, "start_m": 1151.709232077755, "end_m": 1201.709232077755, "length_m": 50.000000000807056, "chord_m": 49.78101455577249, "ratio": 1.0043989751311562, "max_offset_m": 2.337230726665278}, "geometry": {"type": "LineString", "coordinates": [[-76.10527178215044, 43.042273625057355], [-76.10535334134, 43.042490633692], [-76.10535334134, 43.042490633692], [-76.10548855314585, 43.04269271232664]]}}, {"type": "Feature", "properties": {"id": 384, "chain_order": 64, "margin_m": 50, "names": ["BROOKFORD ROAD", "EAST AVENUE"], "changes": 1, "run_lengths_m": [50.0, 50.0], "min_run_m": 50.0, "start_m": 1126.709232077755, "end_m": 1226.709232077755, "length_m": 100.00000000006716, "chord_m": 99.62722901991371, "ratio": 1.0037416576152984, "max_offset_m": 3.6479226186438223}, "geometry": {"type": "LineString", "coordinates": [[-76.10519340761417, 43.04205606265489], [-76.1052022375227, 43.04208858287469], [-76.10535334134, 43.042490633692], [-76.10535334134, 43.042490633692], [-76.1055273099762, 43.0427506354454], [-76.10559745401062, 43.0429027506869]]}}, {"type": "Feature", "properties": {"id": 385, "chain_order": 64, "margin_m": 100, "names": ["BROOKFORD ROAD", "EAST AVENUE"], "changes": 1, "run_lengths_m": [100.0, 100.0], "min_run_m": 100.0, "start_m": 1076.709232077755, "end_m": 1276.709232077755, "length_m": 200.00000000018917, "chord_m": 199.15103763456875, "ratio": 1.0042629070664357, "max_offset_m": 3.75332407316044}, "geometry": {"type": "LineString", "coordinates": [[-76.10506440369558, 43.041616081744706], [-76.1051023277951, 43.04172061698519], [-76.1052022375227, 43.04208858287469], [-76.10535334134, 43.042490633692], [-76.10535334134, 43.042490633692], [-76.1055273099762, 43.0427506354454], [-76.1056052352339, 43.0429196250959], [-76.1057032369398, 43.043201612683085], [-76.10572901289515, 43.043341730638375]]}}, {"type": "Feature", "properties": {"id": 386, "chain_order": 65, "margin_m": 25, "names": ["MILTON AVENUE", "BURNET PARK DRIVE"], "changes": 1, "run_lengths_m": [25.0, 25.0], "min_run_m": 25.0, "start_m": 1410.5565907740402, "end_m": 1460.5565907740402, "length_m": 50.000000000149754, "chord_m": 49.3103017117881, "ratio": 1.013986900595191, "max_offset_m": 3.4013923941580253}, "geometry": {"type": "LineString", "coordinates": [[-76.18570430575089, 43.046760308651436], [-76.1856293158016, 43.0466545990847], [-76.185574267041, 43.0465566563794], [-76.185574267041, 43.0465566563794], [-76.1855052629524, 43.046473625668696], [-76.1854363064746, 43.04641860004379], [-76.18537950413246, 43.04638563806895]]}}, {"type": "Feature", "properties": {"id": 387, "chain_order": 65, "margin_m": 50, "names": ["MILTON AVENUE", "BURNET PARK DRIVE"], "changes": 1, "run_lengths_m": [50.0, 50.0], "min_run_m": 50.0, "start_m": 1385.5565907740402, "end_m": 1485.5565907740402, "length_m": 99.99999999988904, "chord_m": 97.03464538754469, "ratio": 1.0305597511126163, "max_offset_m": 11.066993940824265}, "geometry": {"type": "LineString", "coordinates": [[-76.18584596459534, 43.04695999686283], [-76.1856293158016, 43.0466545990847], [-76.185574267041, 43.0465566563794], [-76.185574267041, 43.0465566563794], [-76.1855052629524, 43.046473625668696], [-76.1854363064746, 43.04641860004379], [-76.1853553511995, 43.04637162228289], [-76.1851176090071, 43.04626863419957]]}}, {"type": "Feature", "properties": {"id": 388, "chain_order": 65, "margin_m": 100, "names": ["MILTON AVENUE", "BURNET PARK DRIVE"], "changes": 1, "run_lengths_m": [100.0, 100.0], "min_run_m": 100.0, "start_m": 1335.5565907740402, "end_m": 1535.5565907740402, "length_m": 199.99999999975526, "chord_m": 186.99511992205194, "ratio": 1.0695466281854005, "max_offset_m": 19.597350872625828}, "geometry": {"type": "LineString", "coordinates": [[-76.18612928507329, 43.04735937270606], [-76.1856293158016, 43.0466545990847], [-76.185574267041, 43.0465566563794], [-76.185574267041, 43.0465566563794], [-76.1855052629524, 43.046473625668696], [-76.1854363064746, 43.04641860004379], [-76.1853553511995, 43.04637162228289], [-76.1850183410341, 43.04622563182899], [-76.1849543315786, 43.04615965897159], [-76.1849443072783, 43.046072595541396], [-76.1849713043476, 43.04598262700039], [-76.1850223415328, 43.045884338679]]}}, {"type": "Feature", "properties": {"id": 389, "chain_order": 66, "margin_m": 25, "names": ["SLOCUM AVENUE", "SOUTH AVENUE"], "changes": 1, "run_lengths_m": [25.0, 25.0], "min_run_m": 25.0, "start_m": 298.01447770717556, "end_m": 348.01447770717556, "length_m": 49.99999999999541, "chord_m": 48.6873618618522, "ratio": 1.0269605517314278, "max_offset_m": 5.077119348670895}, "geometry": {"type": "LineString", "coordinates": [[-76.1594042060079, 43.0394278613232], [-76.1591872625814, 43.03926865201358], [-76.1591872625814, 43.03926865201358], [-76.159125270742, 43.03919057705521], [-76.1590962839044, 43.03913765182309], [-76.15907635954608, 43.039061325601736]]}}, {"type": "Feature", "properties": {"id": 390, "chain_order": 66, "margin_m": 50, "names": ["SLOCUM AVENUE", "SOUTH AVENUE"], "changes": 1, "run_lengths_m": [50.0, 50.0], "min_run_m": 50.0, "start_m": 273.01447770717556, "end_m": 373.01447770717556, "length_m": 100.00000000014, "chord_m": 95.30881401371954, "ratio": 1.04922090401571, "max_offset_m": 13.884160402710508}, "geometry": {"type": "LineString", "coordinates": [[-76.15962115055646, 43.03958707020406], [-76.1591872625814, 43.03926865201358], [-76.1591872625814, 43.03926865201358], [-76.159125270742, 43.03919057705521], [-76.1590962839044, 43.03913765182309], [-76.1590662514278, 43.039022603350396], [-76.15905221198734, 43.03883721384847]]}}, {"type": "Feature", "properties": {"id": 391, "chain_order": 66, "margin_m": 100, "names": ["SLOCUM AVENUE", "SOUTH AVENUE"], "changes": 1, "run_lengths_m": [100.0, 100.0], "min_run_m": 100.0, "start_m": 223.01447770717556, "end_m": 423.01447770717556, "length_m": 200.00000000002757, "chord_m": 188.18463527050554, "ratio": 1.0627860224217458, "max_offset_m": 32.59635680950764}, "geometry": {"type": "LineString", "coordinates": [[-76.1600550430198, 43.03990548667948], [-76.1591872625814, 43.03926865201358], [-76.1591872625814, 43.03926865201358], [-76.159125270742, 43.03919057705521], [-76.1590962839044, 43.03913765182309], [-76.1590662514278, 43.039022603350396], [-76.1590392947827, 43.03866664223149], [-76.15902903010874, 43.038387376197626]]}}, {"type": "Feature", "properties": {"id": 392, "chain_order": 67, "margin_m": 25, "names": ["BALLANTYNE ROAD", "WALRATH ROAD"], "changes": 1, "run_lengths_m": [25.0, 25.0], "min_run_m": 25.0, "start_m": 1156.3184016192356, "end_m": 1206.3184016192356, "length_m": 50.00000000011619, "chord_m": 49.937620797597766, "ratio": 1.001249142460576, "max_offset_m": 0.639403268491444}, "geometry": {"type": "LineString", "coordinates": [[-76.1424615881888, 43.01071746977983], [-76.1422352473813, 43.010733574754994], [-76.1421563357734, 43.01073958512819], [-76.1421563357734, 43.01073958512819], [-76.141988332849, 43.01073865040029], [-76.141855277084, 43.01074961358239], [-76.14185050205724, 43.01075018565463]]}}, {"type": "Feature", "properties": {"id": 393, "chain_order": 67, "margin_m": 50, "names": ["BALLANTYNE ROAD", "WALRATH ROAD"], "changes": 1, "run_lengths_m": [50.0, 50.0], "min_run_m": 50.0, "start_m": 1131.3184016192356, "end_m": 1231.3184016192356, "length_m": 100.000000000001, "chord_m": 99.90391309822748, "ratio": 1.0009617931749986, "max_offset_m": 0.9462922502655615}, "geometry": {"type": "LineString", "coordinates": [[-76.14276689396077, 43.01069574543747], [-76.1422352473813, 43.010733574754994], [-76.1421563357734, 43.01073958512819], [-76.1421563357734, 43.01073958512819], [-76.141988332849, 43.01073865040029], [-76.141855277084, 43.01074961358239], [-76.1417552478806, 43.010761597540395], [-76.141611289263, 43.0107735690156], [-76.14154606328432, 43.01077643537568]]}}, {"type": "Feature", "properties": {"id": 394, "chain_order": 67, "margin_m": 100, "names": ["BALLANTYNE ROAD", "WALRATH ROAD"], "changes": 1, "run_lengths_m": [100.0, 100.0], "min_run_m": 100.0, "start_m": 1081.3184016192356, "end_m": 1281.3184016192356, "length_m": 199.9999999999642, "chord_m": 199.88233306919275, "ratio": 1.0005886809952869, "max_offset_m": 1.26678508134436}, "geometry": {"type": "LineString", "coordinates": [[-76.14337775687774, 43.01065464439272], [-76.1432892541789, 43.0106585744436], [-76.1422352473813, 43.010733574754994], [-76.1421563357734, 43.01073958512819], [-76.1421563357734, 43.01073958512819], [-76.141988332849, 43.01073865040029], [-76.141855277084, 43.01074961358239], [-76.1417552478806, 43.010761597540395], [-76.141611289263, 43.0107735690156], [-76.14093368397123, 43.010803344601854]]}}, {"type": "Feature", "properties": {"id": 395, "chain_order": 68, "margin_m": 25, "names": ["NORTH CROUSE AVENUE", "SOUTH CROUSE AVENUE"], "changes": 1, "run_lengths_m": [25.0, 25.0], "min_run_m": 25.0, "start_m": 358.9429433378478, "end_m": 408.9429433378478, "length_m": 49.99999999923739, "chord_m": 49.999770523799974, "ratio": 1.000004589529812, "max_offset_m": 0.07574214659224343}, "geometry": {"type": "LineString", "coordinates": [[-76.13645482308775, 43.05094067721009], [-76.1364613519437, 43.05071562661149], [-76.1364613519437, 43.05071562661149], [-76.13646602123862, 43.050490551123005]]}}, {"type": "Feature", "properties": {"id": 396, "chain_order": 68, "margin_m": 50, "names": ["NORTH CROUSE AVENUE", "SOUTH CROUSE AVENUE"], "changes": 1, "run_lengths_m": [50.0, 50.0], "min_run_m": 50.0, "start_m": 333.9429433378478, "end_m": 433.9429433378478, "length_m": 100.0000000001393, "chord_m": 99.99953141540841, "ratio": 1.0000046858692662, "max_offset_m": 0.1517000579875485}, "geometry": {"type": "LineString", "coordinates": [[-76.1364482990879, 43.05116572780266], [-76.1364482967277, 43.051165640722296], [-76.1364482967277, 43.051165640722296], [-76.1364613519437, 43.05071562661149], [-76.1364613519437, 43.05071562661149], [-76.1364702515532, 43.0502866352398], [-76.1364702515532, 43.0502866352398], [-76.13647068033431, 43.05026547551368]]}}, {"type": "Feature", "properties": {"id": 397, "chain_order": 68, "margin_m": 100, "names": ["NORTH CROUSE AVENUE", "SOUTH CROUSE AVENUE"], "changes": 1, "run_lengths_m": [100.0, 100.0], "min_run_m": 100.0, "start_m": 283.9429433378478, "end_m": 483.9429433378478, "length_m": 199.99999999975464, "chord_m": 199.95198016137465, "ratio": 1.0002401568533668, "max_offset_m": 1.0379941145153544}, "geometry": {"type": "LineString", "coordinates": [[-76.13643576598656, 43.05161541239909], [-76.1364366455785, 43.05157534384299], [-76.1364366455785, 43.05157534384299], [-76.1364512584732, 43.0514424308189], [-76.1364512584732, 43.0514424308189], [-76.1364541905743, 43.051383094894405], [-76.1364541905743, 43.051383094894405], [-76.1364482967277, 43.051165640722296], [-76.1364482967277, 43.051165640722296], [-76.1364613519437, 43.05071562661149], [-76.1364613519437, 43.05071562661149], [-76.1364702515532, 43.0502866352398], [-76.1364702515532, 43.0502866352398], [-76.1364709198998, 43.05025365330138], [-76.1364709198998, 43.05025365330138], [-76.13647976420677, 43.04981532169168]]}}, {"type": "Feature", "properties": {"id": 398, "chain_order": 69, "margin_m": 25, "names": ["CANAL STREET", "SIMON DRIVE"], "changes": 1, "run_lengths_m": [25.0, 25.0], "min_run_m": 25.0, "start_m": 998.7593437357596, "end_m": 1048.7593437357596, "length_m": 49.99999999998957, "chord_m": 49.948490111216636, "ratio": 1.0010312601773996, "max_offset_m": 1.134497202360098}, "geometry": {"type": "LineString", "coordinates": [[-76.10420501835412, 43.05555904547142], [-76.1039072244125, 43.0556136534475], [-76.1039072244125, 43.0556136534475], [-76.10361740793066, 43.055687835342155]]}}, {"type": "Feature", "properties": {"id": 399, "chain_order": 69, "margin_m": 50, "names": ["CANAL STREET", "SIMON DRIVE"], "changes": 1, "run_lengths_m": [50.0, 50.0], "min_run_m": 50.0, "start_m": 973.7593437357596, "end_m": 1073.7593437357596, "length_m": 99.99999999991621, "chord_m": 99.8396064916262, "ratio": 1.0016065118235764, "max_offset_m": 1.584766278749626}, "geometry": {"type": "LineString", "coordinates": [[-76.10450281175221, 43.055504436725656], [-76.1039072244125, 43.0556136534475], [-76.1039072244125, 43.0556136534475], [-76.1035482935575, 43.05570552583439], [-76.10331817739888, 43.05573567709859]]}}, {"type": "Feature", "properties": {"id": 400, "chain_order": 69, "margin_m": 100, "names": ["CANAL STREET", "SIMON DRIVE"], "changes": 1, "run_lengths_m": [100.0, 100.0], "min_run_m": 100.0, "start_m": 923.7593437357596, "end_m": 1123.7593437357596, "length_m": 200.0000000001459, "chord_m": 199.68092563393083, "ratio": 1.0015979211094004, "max_offset_m": 4.174142872673265}, "geometry": {"type": "LineString", "coordinates": [[-76.1050891985417, 43.055371219890006], [-76.104529226, 43.055499592892794], [-76.1039072244125, 43.0556136534475], [-76.1039072244125, 43.0556136534475], [-76.1035482935575, 43.05570552583439], [-76.1029134173153, 43.05578871011469], [-76.10271715076331, 43.05582603417634]]}}, {"type": "Feature", "properties": {"id": 401, "chain_order": 70, "margin_m": 25, "names": ["VAN BUREN STREET", "ALMOND STREET"], "changes": 1, "run_lengths_m": [25.0, 25.0], "min_run_m": 25.0, "start_m": 370.9412496269871, "end_m": 420.9412496269871, "length_m": 49.99999999952615, "chord_m": 49.999993198594545, "ratio": 1.0000001360186506, "max_offset_m": 0.013039297479925254}, "geometry": {"type": "LineString", "coordinates": [[-76.14210171018236, 43.03825747928608], [-76.142104284691, 43.038482573138396], [-76.142104284691, 43.038482573138396], [-76.14210653912902, 43.038707668829225]]}}, {"type": "Feature", "properties": {"id": 402, "chain_order": 70, "margin_m": 50, "names": ["VAN BUREN STREET", "ALMOND STREET"], "changes": 1, "run_lengths_m": [50.0, 50.0], "min_run_m": 50.0, "start_m": 345.9412496269871, "end_m": 445.9412496269871, "length_m": 100.00000000038685, "chord_m": 99.9023850297328, "ratio": 1.0009771035058372, "max_offset_m": 1.3510735398221532}, "geometry": {"type": "LineString", "coordinates": [[-76.14208295927617, 43.03803285367851], [-76.1421013229455, 43.0382236222057], [-76.142104284691, 43.038482573138396], [-76.142104284691, 43.038482573138396], [-76.1421073102168, 43.03878465776099], [-76.14213191522138, 43.03893166473832]]}}, {"type": "Feature", "properties": {"id": 403, "chain_order": 70, "margin_m": 100, "names": ["VAN BUREN STREET", "ALMOND STREET"], "changes": 1, "run_lengths_m": [100.0, 100.0], "min_run_m": 100.0, "start_m": 295.9412496269871, "end_m": 495.9412496269871, "length_m": 200.00000000055283, "chord_m": 195.32706305835035, "ratio": 1.0239236533280927, "max_offset_m": 14.275815340366396}, "geometry": {"type": "LineString", "coordinates": [[-76.14182990822837, 43.03764169220514], [-76.1418912366449, 43.0376785804851], [-76.1419653072316, 43.0377406052403], [-76.1420383061282, 43.0378375804314], [-76.1420383061282, 43.0378375804314], [-76.1420642916945, 43.0379016161328], [-76.1420792746951, 43.03799457674069], [-76.1421013229455, 43.0382236222057], [-76.142104284691, 43.038482573138396], [-76.142104284691, 43.038482573138396], [-76.1421073102168, 43.03878465776099], [-76.142187829809, 43.039265733577004], [-76.1422100782299, 43.03937818185753]]}}, {"type": "Feature", "properties": {"id": 404, "chain_order": 71, "margin_m": 25, "names": ["SMALL ROAD", "CHINOOK DRIVE"], "changes": 1, "run_lengths_m": [25.0, 25.0], "min_run_m": 25.0, "start_m": 740.5944902151897, "end_m": 790.5944902151897, "length_m": 50.00000000007745, "chord_m": 49.92869917748877, "ratio": 1.0014280528786703, "max_offset_m": 1.2426622189420695}, "geometry": {"type": "LineString", "coordinates": [[-76.122978707274, 43.01913638076849], [-76.1228482875181, 43.0189326318983], [-76.1228482875181, 43.0189326318983], [-76.1227182797369, 43.018768576955], [-76.1226909972881, 43.018739466864716]]}}, {"type": "Feature", "properties": {"id": 405, "chain_order": 71, "margin_m": 50, "names": ["SMALL ROAD", "CHINOOK DRIVE"], "changes": 1, "run_lengths_m": [50.0, 50.0], "min_run_m": 50.0, "start_m": 715.5944902151897, "end_m": 815.5944902151897, "length_m": 100.0000000000222, "chord_m": 99.53569662730847, "ratio": 1.0046646920496496, "max_offset_m": 4.14560638598947}, "geometry": {"type": "LineString", "coordinates": [[-76.12308923342177, 43.01934584318909], [-76.1230402934269, 43.01923259349029], [-76.1228482875181, 43.0189326318983], [-76.1228482875181, 43.0189326318983], [-76.1227182797369, 43.018768576955], [-76.12251716525799, 43.01855398907624]]}}, {"type": "Feature", "properties": {"id": 406, "chain_order": 71, "margin_m": 100, "names": ["SMALL ROAD", "CHINOOK DRIVE"], "changes": 1, "run_lengths_m": [100.0, 100.0], "min_run_m": 100.0, "start_m": 665.5944902151897, "end_m": 865.5944902151897, "length_m": 199.99999999996064, "chord_m": 195.4337598691676, "ratio": 1.0233646435183454, "max_offset_m": 17.21946413403017}, "geometry": {"type": "LineString", "coordinates": [[-76.12322470813325, 43.019784235583224], [-76.1232103058826, 43.01969260806919], [-76.1230912880906, 43.019350597789995], [-76.1230402934269, 43.01923259349029], [-76.1228482875181, 43.0189326318983], [-76.1228482875181, 43.0189326318983], [-76.1227182797369, 43.018768576955], [-76.1224052662677, 43.01843459274599], [-76.1222312931399, 43.01829564163889], [-76.1221233282192, 43.0182366368617], [-76.12210095646613, 43.01822966919235]]}}, {"type": "Feature", "properties": {"id": 407, "chain_order": 72, "margin_m": 25, "names": ["LEMOYNE AVENUE", "STEDMAN STREET"], "changes": 1, "run_lengths_m": [25.0, 25.0], "min_run_m": 25.0, "start_m": 976.9967981260618, "end_m": 1026.9967981260618, "length_m": 50.00000000074553, "chord_m": 49.6612875608955, "ratio": 1.0068204522372621, "max_offset_m": 2.5367620630535797}, "geometry": {"type": "LineString", "coordinates": [[-76.15669751045101, 43.078590353114365], [-76.1566618018737, 43.0786393542642], [-76.1565832693549, 43.07871058398119], [-76.1565832693549, 43.07871058398119], [-76.1565188493693, 43.07877184679939], [-76.15651814239521, 43.0787721689658], [-76.15651814239521, 43.0787721689658], [-76.15639223015039, 43.07897747549014]]}}, {"type": "Feature", "properties": {"id": 408, "chain_order": 72, "margin_m": 50, "names": ["LEMOYNE AVENUE", "STEDMAN STREET"], "changes": 1, "run_lengths_m": [50.0, 50.0], "min_run_m": 50.0, "start_m": 951.9967981260618, "end_m": 1051.9967981260618, "length_m": 100.0000000002024, "chord_m": 99.5754066903164, "ratio": 1.0042640379185848, "max_offset_m": 3.384969249170648}, "geometry": {"type": "LineString", "coordinates": [[-76.1568421966125, 43.078391806405506], [-76.1566618018737, 43.0786393542642], [-76.1565832693549, 43.07871058398119], [-76.1565832693549, 43.07871058398119], [-76.1565188493693, 43.07877184679939], [-76.15651814239521, 43.0787721689658], [-76.15651814239521, 43.0787721689658], [-76.1562663170764, 43.07918278187843]]}}, {"type": "Feature", "properties": {"id": 409, "chain_order": 72, "margin_m": 100, "names": ["LEMOYNE AVENUE", "STEDMAN STREET"], "changes": 1, "run_lengths_m": [100.0, 100.0], "min_run_m": 100.0, "start_m": 901.9967981260618, "end_m": 1101.9967981260618, "length_m": 200.00000000040706, "chord_m": 199.55440353502718, "ratio": 1.0022329573163324, "max_offset_m": 4.224877787735606}, "geometry": {"type": "LineString", "coordinates": [[-76.15713156616165, 43.07799471245113], [-76.1566618018737, 43.0786393542642], [-76.1565832693549, 43.07871058398119], [-76.1565832693549, 43.07871058398119], [-76.1565188493693, 43.07877184679939], [-76.15651814239521, 43.0787721689658], [-76.15651814239521, 43.0787721689658], [-76.1562652747275, 43.07918448146449], [-76.1562652747275, 43.07918448146449], [-76.15599531829703, 43.079586781797474]]}}, {"type": "Feature", "properties": {"id": 410, "chain_order": 73, "margin_m": 25, "names": ["WEST FAYETTE STREET", "SYRACUSE STREET"], "changes": 1, "run_lengths_m": [25.0, 25.0], "min_run_m": 25.0, "start_m": 820.6589875397368, "end_m": 870.6589875397368, "length_m": 49.999999999853685, "chord_m": 49.691567380749575, "ratio": 1.006206940842514, "max_offset_m": 2.2957207578725747}, "geometry": {"type": "LineString", "coordinates": [[-76.18142642629813, 43.050002105162605], [-76.1813393213308, 43.049916592930586], [-76.1812242749906, 43.0498335851485], [-76.1812242749906, 43.0498335851485], [-76.1811562491674, 43.04978863253649], [-76.18098298853758, 43.0496948215289]]}}, {"type": "Feature", "properties": {"id": 411, "chain_order": 73, "margin_m": 50, "names": ["WEST FAYETTE STREET", "SYRACUSE STREET"], "changes": 1, "run_lengths_m": [50.0, 50.0], "min_run_m": 50.0, "start_m": 795.6589875397368, "end_m": 895.6589875397368, "length_m": 99.99999999977479, "chord_m": 99.14704241644604, "ratio": 1.0086029553937281, "max_offset_m": 5.947866019866014}, "geometry": {"type": "LineString", "coordinates": [[-76.18161012084524, 43.05018243979703], [-76.1813393213308, 43.049916592930586], [-76.1812242749906, 43.0498335851485], [-76.1812242749906, 43.0498335851485], [-76.1811562491674, 43.04978863253649], [-76.18073606287327, 43.04956112403811]]}}, {"type": "Feature", "properties": {"id": 412, "chain_order": 73, "margin_m": 100, "names": ["WEST FAYETTE STREET", "SYRACUSE STREET"], "changes": 1, "run_lengths_m": [100.0, 100.0], "min_run_m": 100.0, "start_m": 745.6589875397368, "end_m": 945.6589875397368, "length_m": 200.00000000026404, "chord_m": 198.0430985746648, "ratio": 1.0098811896990263, "max_offset_m": 13.336598631246716}, "geometry": {"type": "LineString", "coordinates": [[-76.18197583064622, 43.05054401738525], [-76.1818823196824, 43.05044965738221], [-76.1813393213308, 43.049916592930586], [-76.1812242749906, 43.0498335851485], [-76.1812242749906, 43.0498335851485], [-76.1811562491674, 43.04978863253649], [-76.18024221474721, 43.04929372741049]]}}, {"type": "Feature", "properties": {"id": 413, "chain_order": 74, "margin_m": 25, "names": ["NORTH MCBRIDE STREET", "SOUTH MCBRIDE STREET"], "changes": 1, "run_lengths_m": [25.0, 25.0], "min_run_m": 25.0, "start_m": 858.5740879560011, "end_m": 908.5740879560011, "length_m": 49.99999999964254, "chord_m": 49.99927825780396, "ratio": 1.0000144350451392, "max_offset_m": 0.1253849973333845}, "geometry": {"type": "LineString", "coordinates": [[-76.14384936939054, 43.051034072903995], [-76.1438543124589, 43.05085466056491], [-76.1438543124589, 43.05085466056491], [-76.1438547786845, 43.050809009589805], [-76.1438547786845, 43.050809009589805], [-76.1438552664697, 43.050760639593186], [-76.1438552664697, 43.050760639593186], [-76.1438572777976, 43.050637612827785], [-76.1438572777976, 43.050637612827785], [-76.14385790889705, 43.050583920526606]]}}, {"type": "Feature", "properties": {"id": 414, "chain_order": 74, "margin_m": 50, "names": ["NORTH MCBRIDE STREET", "SOUTH MCBRIDE STREET"], "changes": 1, "run_lengths_m": [50.0, 50.0], "min_run_m": 50.0, "start_m": 833.5740879560011, "end_m": 933.5740879560011, "length_m": 99.99999999999838, "chord_m": 99.99744573910182, "ratio": 1.0000255432614071, "max_offset_m": 0.33998075810668954}, "geometry": {"type": "LineString", "coordinates": [[-76.143841661792, 43.051259103054214], [-76.1438482389492, 43.05106957738649], [-76.1438482389492, 43.05106957738649], [-76.143849326809, 43.051035618429594], [-76.1438543124589, 43.05085466056491], [-76.1438543124589, 43.05085466056491], [-76.1438547786845, 43.050809009589805], [-76.1438547786845, 43.050809009589805], [-76.1438552664697, 43.050760639593186], [-76.1438552664697, 43.050760639593186], [-76.1438572777976, 43.050637612827785], [-76.1438572777976, 43.050637612827785], [-76.1438602745774, 43.050382654507004], [-76.1438602745774, 43.050382654507004], [-76.14386052914391, 43.05035882750366]]}}, {"type": "Feature", "properties": {"id": 415, "chain_order": 74, "margin_m": 100, "names": ["NORTH MCBRIDE STREET", "SOUTH MCBRIDE STREET"], "changes": 1, "run_lengths_m": [100.0, 100.0], "min_run_m": 100.0, "start_m": 783.5740879560011, "end_m": 983.5740879560011, "length_m": 199.99999999957024, "chord_m": 199.99444411241234, "ratio": 1.000027780207508, "max_offset_m": 0.7211556573743511}, "geometry": {"type": "LineString", "coordinates": [[-76.14382691035087, 43.05170917530421], [-76.1438303400172, 43.05159960368659], [-76.1438303400172, 43.05159960368659], [-76.1438333332037, 43.0515096150254], [-76.1438392827458, 43.0513276568361], [-76.1438392827458, 43.0513276568361], [-76.1438482389492, 43.05106957738649], [-76.1438482389492, 43.05106957738649], [-76.143849326809, 43.051035618429594], [-76.1438543124589, 43.05085466056491], [-76.1438543124589, 43.05085466056491], [-76.1438547786845, 43.050809009589805], [-76.1438547786845, 43.050809009589805], [-76.1438552664697, 43.050760639593186], [-76.1438552664697, 43.050760639593186], [-76.1438572777976, 43.050637612827785], [-76.1438572777976, 43.050637612827785], [-76.1438602745774, 43.050382654507004], [-76.1438602745774, 43.050382654507004], [-76.143860677921, 43.05034490221551], [-76.143860677921, 43.05034490221551], [-76.1438633081881, 43.05009662928099], [-76.1438633081881, 43.05009662928099], [-76.1438652719054, 43.0499776547722], [-76.14386599006424, 43.049908643661006]]}}, {"type": "Feature", "properties": {"id": 416, "chain_order": 75, "margin_m": 25, "names": ["MILTON AVENUE", "EMERSON AVENUE"], "changes": 1, "run_lengths_m": [25.0, 25.0], "min_run_m": 25.0, "start_m": 531.9062994016041, "end_m": 581.9062994016041, "length_m": 50.000000000145086, "chord_m": 49.22270056861403, "ratio": 1.015791482843318, "max_offset_m": 3.711070546721265}, "geometry": {"type": "LineString", "coordinates": [[-76.19389861754867, 43.05812306098403], [-76.1936053377333, 43.0580565859737], [-76.1936053377333, 43.0580565859737], [-76.1934653011603, 43.0580416576044], [-76.1933010790117, 43.05805648252613]]}}, {"type": "Feature", "properties": {"id": 417, "chain_order": 75, "margin_m": 50, "names": ["MILTON AVENUE", "EMERSON AVENUE"], "changes": 1, "run_lengths_m": [50.0, 50.0], "min_run_m": 50.0, "start_m": 506.9062994016041, "end_m": 606.9062994016041, "length_m": 100.00000000004476, "chord_m": 94.47325704274826, "ratio": 1.0585006077941794, "max_offset_m": 13.791267994912788}, "geometry": {"type": "LineString", "coordinates": [[-76.19419148061118, 43.05819045720448], [-76.1941613697414, 43.0581826158172], [-76.1941613697414, 43.0581826158172], [-76.1936053377333, 43.0580565859737], [-76.1936053377333, 43.0580565859737], [-76.1934653011603, 43.0580416576044], [-76.1932002703037, 43.05806558276929], [-76.19313833505821, 43.05808865071249], [-76.19303268337573, 43.058151371416386]]}}, {"type": "Feature", "properties": {"id": 418, "chain_order": 75, "margin_m": 100, "names": ["MILTON AVENUE", "EMERSON AVENUE"], "changes": 1, "run_lengths_m": [100.0, 100.0], "min_run_m": 100.0, "start_m": 456.9062994016041, "end_m": 656.9062994016041, "length_m": 199.99999999987116, "chord_m": 187.0666215351734, "ratio": 1.0691378203046553, "max_offset_m": 28.456020179745018}, "geometry": {"type": "LineString", "coordinates": [[-76.19477002423041, 43.058341117953354], [-76.1941613697414, 43.0581826158172], [-76.1941613697414, 43.0581826158172], [-76.1936053377333, 43.0580565859737], [-76.1936053377333, 43.0580565859737], [-76.1934653011603, 43.0580416576044], [-76.1932002703037, 43.05806558276929], [-76.19313833505821, 43.05808865071249], [-76.1929042691294, 43.05822760494029], [-76.1928232590571, 43.058267620769485], [-76.1928232590571, 43.058267620769485], [-76.19267731426451, 43.05828363995859], [-76.1925012947745, 43.0582686355065], [-76.19247537269682, 43.0582655088499]]}}, {"type": "Feature", "properties": {"id": 419, "chain_order": 76, "margin_m": 25, "names": ["NORTH WARREN STREET", "SOUTH WARREN STREET"], "changes": 1, "run_lengths_m": [25.0, 25.0], "min_run_m": 25.0, "start_m": 145.65332688701102, "end_m": 195.65332688701102, "length_m": 49.999999999719066, "chord_m": 49.99989879576275, "ratio": 1.0000020240832233, "max_offset_m": 0.05030006309236785}, "geometry": {"type": "LineString", "coordinates": [[-76.15075741083858, 43.05111973850769], [-76.1507603241063, 43.0508946477268], [-76.1507603241063, 43.0508946477268], [-76.15076447240158, 43.05066956735716]]}}, {"type": "Feature", "properties": {"id": 420, "chain_order": 76, "margin_m": 50, "names": ["NORTH WARREN STREET", "SOUTH WARREN STREET"], "changes": 1, "run_lengths_m": [50.0, 50.0], "min_run_m": 50.0, "start_m": 120.65332688701102, "end_m": 220.65332688701102, "length_m": 99.99999999998222, "chord_m": 99.9982888044446, "ratio": 1.0000171122482002, "max_offset_m": 0.15150688445502827}, "geometry": {"type": "LineString", "coordinates": [[-76.15075437881957, 43.05134482838831], [-76.1507552513198, 43.051286591429594], [-76.1507552513198, 43.051286591429594], [-76.1507603241063, 43.0508946477268], [-76.1507603241063, 43.0508946477268], [-76.150767272575, 43.050517633693396], [-76.150767272575, 43.050517633693396], [-76.1507664874474, 43.050452698042385], [-76.1507664874474, 43.050452698042385], [-76.15076638808941, 43.0504444831736]]}}, {"type": "Feature", "properties": {"id": 421, "chain_order": 76, "margin_m": 100, "names": ["NORTH WARREN STREET", "SOUTH WARREN STREET"], "changes": 1, "run_lengths_m": [100.0, 100.0], "min_run_m": 100.0, "start_m": 70.65332688701102, "end_m": 270.653326887011, "length_m": 199.99999999981543, "chord_m": 199.936176081695, "ratio": 1.0003192214604242, "max_offset_m": 0.7098011681881801}, "geometry": {"type": "LineString", "coordinates": [[-76.1507567501412, 43.0517945823225], [-76.1507483145292, 43.05174960200011], [-76.1507552513198, 43.051286591429594], [-76.1507552513198, 43.051286591429594], [-76.1507603241063, 43.0508946477268], [-76.1507603241063, 43.0508946477268], [-76.150767272575, 43.050517633693396], [-76.150767272575, 43.050517633693396], [-76.1507664874474, 43.050452698042385], [-76.1507664874474, 43.050452698042385], [-76.1507623255527, 43.0501085911169], [-76.1507623255527, 43.0501085911169], [-76.15076792373489, 43.04999436824882]]}}, {"type": "Feature", "properties": {"id": 422, "chain_order": 77, "margin_m": 25, "names": ["STRATHMORE DRIVE", "ROBERTS AVENUE"], "changes": 1, "run_lengths_m": [25.0, 25.0], "min_run_m": 25.0, "start_m": 49.34271407288837, "end_m": 99.34271407288837, "length_m": 49.999999999528264, "chord_m": 48.73895130088022, "ratio": 1.0258735295895722, "max_offset_m": 4.059716643248861}, "geometry": {"type": "LineString", "coordinates": [[-76.16898176583626, 43.02301952281406], [-76.1689493401139, 43.023065594715], [-76.1689363361018, 43.023117595985006], [-76.1689802655159, 43.0232335805736], [-76.1689802655159, 43.0232335805736], [-76.168983309008, 43.02327758329879], [-76.16900152423452, 43.02345813119181]]}}, {"type": "Feature", "properties": {"id": 423, "chain_order": 77, "margin_m": 50, "names": ["STRATHMORE DRIVE", "ROBERTS AVENUE"], "changes": 1, "run_lengths_m": [50.0, 50.0], "min_run_m": 50.0, "start_m": 24.34271407288837, "end_m": 124.34271407288837, "length_m": 99.99999999932152, "chord_m": 95.99878674537072, "ratio": 1.0416798314812425, "max_offset_m": 12.644498039709555}, "geometry": {"type": "LineString", "coordinates": [[-76.1691277029856, 43.02282158467311], [-76.1690633515948, 43.022903601817696], [-76.1689493401139, 43.023065594715], [-76.1689363361018, 43.023117595985006], [-76.1689802655159, 43.0232335805736], [-76.1689802655159, 43.0232335805736], [-76.168983309008, 43.02327758329879], [-76.16902417258424, 43.02368261820474]]}}, {"type": "Feature", "properties": {"id": 424, "chain_order": 78, "margin_m": 25, "names": ["MAPLE STREET", "SOUTH BEECH STREET"], "changes": 1, "run_lengths_m": [25.0, 25.0], "min_run_m": 25.0, "start_m": 399.04049835388753, "end_m": 449.04049835388753, "length_m": 49.999999999617806, "chord_m": 47.26645358978295, "ratio": 1.057832695331002, "max_offset_m": 7.560783670645727}, "geometry": {"type": "LineString", "coordinates": [[-76.12546156064592, 43.0455851688149], [-76.125439269546, 43.0453606611324], [-76.125439269546, 43.0453606611324], [-76.1254272860201, 43.0453096312906], [-76.1253802583167, 43.0452556143219], [-76.12527532521, 43.045190640275], [-76.12526827658965, 43.04518388186679]]}}, {"type": "Feature", "properties": {"id": 425, "chain_order": 78, "margin_m": 50, "names": ["MAPLE STREET", "SOUTH BEECH STREET"], "changes": 1, "run_lengths_m": [50.0, 50.0], "min_run_m": 50.0, "start_m": 374.04049835388753, "end_m": 474.04049835388753, "length_m": 99.99999999965925, "chord_m": 95.58424996281988, "ratio": 1.046197464943827, "max_offset_m": 13.83768158784311}, "geometry": {"type": "LineString", "coordinates": [[-76.12548385192555, 43.04580967648257], [-76.125439269546, 43.0453606611324], [-76.125439269546, 43.0453606611324], [-76.1254272860201, 43.0453096312906], [-76.1253802583167, 43.0452556143219], [-76.12527532521, 43.045190640275], [-76.1251762275594, 43.04509562258289], [-76.12509948388787, 43.04499650848936]]}}, {"type": "Feature", "properties": {"id": 426, "chain_order": 78, "margin_m": 100, "names": ["MAPLE STREET", "SOUTH BEECH STREET"], "changes": 1, "run_lengths_m": [100.0, 100.0], "min_run_m": 100.0, "start_m": 324.04049835388753, "end_m": 524.0404983538875, "length_m": 200.00000000010255, "chord_m": 193.02744416296852, "ratio": 1.036122095836524, "max_offset_m": 24.841104479677988}, "geometry": {"type": "LineString", "coordinates": [[-76.12552502074301, 43.046258859325214], [-76.1255155508866, 43.0461450211583], [-76.1255155508866, 43.0461450211583], [-76.1255073196237, 43.046046030532096], [-76.125439269546, 43.0453606611324], [-76.125439269546, 43.0453606611324], [-76.1254272860201, 43.0453096312906], [-76.1253802583167, 43.0452556143219], [-76.12527532521, 43.045190640275], [-76.1251762275594, 43.04509562258289], [-76.12479636514874, 43.04460502835696]]}}, {"type": "Feature", "properties": {"id": 427, "chain_order": 79, "margin_m": 25, "names": ["HOPPER ROAD", "BARNES AVENUE"], "changes": 1, "run_lengths_m": [25.0, 25.0], "min_run_m": 25.0, "start_m": 659.7820317304263, "end_m": 709.7820317304263, "length_m": 49.999999999463924, "chord_m": 49.914634313226955, "ratio": 1.001710233630107, "max_offset_m": 1.3918895398196103}, "geometry": {"type": "LineString", "coordinates": [[-76.15882161834399, 43.002919404109086], [-76.1587722481066, 43.00314157093199], [-76.1587722481066, 43.00314157093199], [-76.1587573127168, 43.00320862933359], [-76.15874893249668, 43.00336566290566]]}}, {"type": "Feature", "properties": {"id": 428, "chain_order": 79, "margin_m": 50, "names": ["HOPPER ROAD", "BARNES AVENUE"], "changes": 1, "run_lengths_m": [50.0, 50.0], "min_run_m": 50.0, "start_m": 634.7820317304263, "end_m": 734.7820317304263, "length_m": 100.0000000005996, "chord_m": 99.39522852896857, "ratio": 1.006084512109701, "max_offset_m": 4.888927116730777}, "geometry": {"type": "LineString", "coordinates": [[-76.15886905045988, 43.00269702503629], [-76.1588593514516, 43.0027496035024], [-76.1587722481066, 43.00314157093199], [-76.1587722481066, 43.00314157093199], [-76.1587573127168, 43.00320862933359], [-76.1587482397324, 43.0033786443079], [-76.15877903708505, 43.00358954755004]]}}, {"type": "Feature", "properties": {"id": 429, "chain_order": 79, "margin_m": 100, "names": ["HOPPER ROAD", "BARNES AVENUE"], "changes": 1, "run_lengths_m": [100.0, 100.0], "min_run_m": 100.0, "start_m": 584.7820317304263, "end_m": 784.7820317304263, "length_m": 199.9999999996417, "chord_m": 198.62749326959957, "ratio": 1.0069099534382142, "max_offset_m": 10.948756042567878}, "geometry": {"type": "LineString", "coordinates": [[-76.15895134705774, 43.00225089052738], [-76.1588593514516, 43.0027496035024], [-76.1587722481066, 43.00314157093199], [-76.1587722481066, 43.00314157093199], [-76.1587573127168, 43.00320862933359], [-76.1587482397324, 43.0033786443079], [-76.1588193530652, 43.0038656329026], [-76.1588193530652, 43.0038656329026], [-76.15884021178037, 43.00403749071123]]}}, {"type": "Feature", "properties": {"id": 430, "chain_order": 80, "margin_m": 25, "names": ["STRATFORD STREET", "MOUNT OLYMPUS DRIVE"], "changes": 1, "run_lengths_m": [25.0, 25.0], "min_run_m": 25.0, "start_m": 516.4067799921276, "end_m": 566.4067799921276, "length_m": 50.00000000000525, "chord_m": 49.992133925397795, "ratio": 1.0001573462460953, "max_offset_m": 0.4434370264244158}, "geometry": {"type": "LineString", "coordinates": [[-76.12928209919481, 43.03398583350458], [-76.1295883408066, 43.03397161656591], [-76.1295883408066, 43.03397161656591], [-76.12989507702389, 43.03396537605776]]}}, {"type": "Feature", "properties": {"id": 431, "chain_order": 80, "margin_m": 50, "names": ["STRATFORD STREET", "MOUNT OLYMPUS DRIVE"], "changes": 1, "run_lengths_m": [50.0, 50.0], "min_run_m": 50.0, "start_m": 491.40677999212755, "end_m": 591.4067799921276, "length_m": 100.00000000020717, "chord_m": 99.01184751472843, "ratio": 1.0099801438947167, "max_offset_m": 5.067963938121866}, "geometry": {"type": "LineString", "coordinates": [[-76.12897585742436, 43.03400004962522], [-76.1295883408066, 43.03397161656591], [-76.1295883408066, 43.03397161656591], [-76.1299322886609, 43.0339646189359], [-76.1300952852743, 43.033983630136284], [-76.1301812657251, 43.034006644101495], [-76.13019101755366, 43.03401301586161]]}}, {"type": "Feature", "properties": {"id": 432, "chain_order": 80, "margin_m": 100, "names": ["STRATFORD STREET", "MOUNT OLYMPUS DRIVE"], "changes": 1, "run_lengths_m": [100.0, 100.0], "min_run_m": 100.0, "start_m": 441.40677999212755, "end_m": 641.4067799921276, "length_m": 200.0000000001487, "chord_m": 179.86767775865667, "ratio": 1.1119285159644148, "max_offset_m": 36.30995186935224}, "geometry": {"type": "LineString", "coordinates": [[-76.12836337340762, 43.034028479412385], [-76.1295883408066, 43.03397161656591], [-76.1295883408066, 43.03397161656591], [-76.1299322886609, 43.0339646189359], [-76.1300952852743, 43.033983630136284], [-76.1301812657251, 43.034006644101495], [-76.1302822758889, 43.034072643160094], [-76.1304123483487, 43.03423065504389], [-76.13051555604137, 43.034389502618446]]}}, {"type": "Feature", "properties": {"id": 433, "chain_order": 81, "margin_m": 25, "names": ["CRESCENT AVENUE", "WEST KENNEDY STREET"], "changes": 1, "run_lengths_m": [25.0, 25.0], "min_run_m": 25.0, "start_m": 91.10504552615217, "end_m": 141.10504552615217, "length_m": 50.00000000016486, "chord_m": 49.573552751366506, "ratio": 1.0086023136356028, "max_offset_m": 2.995992355737659}, "geometry": {"type": "LineString", "coordinates": [[-76.16019379683803, 43.02858925155632], [-76.1600872873595, 43.0285716049469], [-76.159900325491, 43.0285246036704], [-76.159900325491, 43.0285246036704], [-76.1597192754354, 43.0284525985433], [-76.15963628897039, 43.02841051293125]]}}, {"type": "Feature", "properties": {"id": 434, "chain_order": 81, "margin_m": 50, "names": ["CRESCENT AVENUE", "WEST KENNEDY STREET"], "changes": 1, "run_lengths_m": [50.0, 50.0], "min_run_m": 50.0, "start_m": 66.10504552615217, "end_m": 166.10504552615217, "length_m": 99.99999999997853, "chord_m": 98.63146281163804, "ratio": 1.0138752599761605, "max_offset_m": 7.820789143619073}, "geometry": {"type": "LineString", "coordinates": [[-76.16049344266638, 43.028637577610496], [-76.1604432456892, 43.0286305800915], [-76.1600872873595, 43.0285716049469], [-76.159900325491, 43.0285246036704], [-76.159900325491, 43.0285246036704], [-76.1597192754354, 43.0284525985433], [-76.15938389646129, 43.028282514300365]]}}, {"type": "Feature", "properties": {"id": 435, "chain_order": 81, "margin_m": 100, "names": ["CRESCENT AVENUE", "WEST KENNEDY STREET"], "changes": 1, "run_lengths_m": [100.0, 100.0], "min_run_m": 100.0, "start_m": 16.105045526152168, "end_m": 216.10504552615217, "length_m": 199.99999999981924, "chord_m": 196.7918939407212, "ratio": 1.0163020233956608, "max_offset_m": 17.26205950816136}, "geometry": {"type": "LineString", "coordinates": [[-76.16109687364597, 43.02871934213101], [-76.1608882495213, 43.0286926133351], [-76.1608882495213, 43.0286926133351], [-76.1604432456892, 43.0286305800915], [-76.1600872873595, 43.0285716049469], [-76.159900325491, 43.0285246036704], [-76.159900325491, 43.0285246036704], [-76.1597192754354, 43.0284525985433], [-76.1593683207219, 43.02827461516571], [-76.1588648860509, 43.028042340527094]]}}, {"type": "Feature", "properties": {"id": 436, "chain_order": 82, "margin_m": 25, "names": ["SPRINGFIELD ROAD", "MOUNTAINVIEW AVENUE"], "changes": 1, "run_lengths_m": [25.0, 25.0], "min_run_m": 25.0, "start_m": 66.11825901824535, "end_m": 116.11825901824535, "length_m": 50.000000000016215, "chord_m": 49.999860810353056, "ratio": 1.0000027838010126, "max_offset_m": 0.05898929339789871}, "geometry": {"type": "LineString", "coordinates": [[-76.0902830881014, 43.051237465619856], [-76.090589269134, 43.05122162048859], [-76.090589269134, 43.05122162048859], [-76.09089554855144, 43.05120683437293]]}}, {"type": "Feature", "properties": {"id": 437, "chain_order": 82, "margin_m": 50, "names": ["SPRINGFIELD ROAD", "MOUNTAINVIEW AVENUE"], "changes": 1, "run_lengths_m": [50.0, 49.999999999999986], "min_run_m": 49.999999999999986, "start_m": 41.118259018245354, "end_m": 141.11825901824534, "length_m": 99.99999999998333, "chord_m": 99.99972162065482, "ratio": 1.0000027838010346, "max_offset_m": 0.11797858725754658}, "geometry": {"type": "LineString", "coordinates": [[-76.08997690689455, 43.05125330993351], [-76.090589269134, 43.05122162048859], [-76.090589269134, 43.05122162048859], [-76.09120182780511, 43.05119204743903]]}}, {"type": "Feature", "properties": {"id": 438, "chain_order": 83, "margin_m": 25, "names": ["SHERIDAN DRIVE", "RICH STREET"], "changes": 1, "run_lengths_m": [25.0, 25.0], "min_run_m": 25.0, "start_m": 114.68720570781534, "end_m": 164.68720570781534, "length_m": 50.00000000002616, "chord_m": 49.712690165761174, "ratio": 1.0057794062905665, "max_offset_m": 1.1458487963982802}, "geometry": {"type": "LineString", "coordinates": [[-76.1624530775618, 43.03720996303148], [-76.1623313391264, 43.0371199773283], [-76.1622787337833, 43.03708596928361], [-76.1622214904385, 43.037065100895305], [-76.1622214904385, 43.037065100895305], [-76.1621362286399, 43.0370218966185], [-76.16199110905862, 43.036917519111405]]}}, {"type": "Feature", "properties": {"id": 439, "chain_order": 83, "margin_m": 50, "names": ["SHERIDAN DRIVE", "RICH STREET"], "changes": 1, "run_lengths_m": [50.0, 50.0], "min_run_m": 50.0, "start_m": 89.68720570781534, "end_m": 189.68720570781534, "length_m": 100.00000000021627, "chord_m": 98.92668978176668, "ratio": 1.0108495515296967, "max_offset_m": 2.8170311389500498}, "geometry": {"type": "LineString", "coordinates": [[-76.16266923597595, 43.03736974040492], [-76.1623313391264, 43.0371199773283], [-76.1622787337833, 43.03708596928361], [-76.1622214904385, 43.037065100895305], [-76.1622214904385, 43.037065100895305], [-76.1621362286399, 43.0370218966185], [-76.161928799556, 43.036872702727685], [-76.1618233445281, 43.0367956470352], [-76.16180219553033, 43.03674611745561]]}}, {"type": "Feature", "properties": {"id": 440, "chain_order": 83, "margin_m": 100, "names": ["SHERIDAN DRIVE", "RICH STREET"], "changes": 1, "run_lengths_m": [100.0, 100.0], "min_run_m": 100.0, "start_m": 39.68720570781534, "end_m": 239.68720570781534, "length_m": 200.00000000009254, "chord_m": 192.71196197465682, "ratio": 1.0378182960245828, "max_offset_m": 23.045142650998987}, "geometry": {"type": "LineString", "coordinates": [[-76.16309774282466, 43.037692026074666], [-76.1628652689852, 43.0375146406386], [-76.1623313391264, 43.0371199773283], [-76.1622787337833, 43.03708596928361], [-76.1622214904385, 43.037065100895305], [-76.1622214904385, 43.037065100895305], [-76.1621362286399, 43.0370218966185], [-76.161928799556, 43.036872702727685], [-76.1618233445281, 43.0367956470352], [-76.1617853278253, 43.03670661432378], [-76.1617853278253, 43.03670661432378], [-76.16167470921334, 43.03630594202344]]}}, {"type": "Feature", "properties": {"id": 441, "chain_order": 84, "margin_m": 25, "names": ["OAKWOOD AVENUE", "SOUTH TOWNSEND STREET"], "changes": 1, "run_lengths_m": [25.0, 25.0], "min_run_m": 25.0, "start_m": 93.26390583660069, "end_m": 143.26390583660069, "length_m": 49.9999999999507, "chord_m": 49.66640168946652, "ratio": 1.0067167803411645, "max_offset_m": 2.230627883590108}, "geometry": {"type": "LineString", "coordinates": [[-76.14560084515752, 43.03915687927858], [-76.1456082640679, 43.039260601198805], [-76.1456082640679, 43.039260601198805], [-76.1456182497407, 43.0393816167445], [-76.1456182497407, 43.0393816167445], [-76.1455769191527, 43.03954415509289], [-76.14558097403707, 43.03960384111388]]}}, {"type": "Feature", "properties": {"id": 442, "chain_order": 84, "margin_m": 50, "names": ["OAKWOOD AVENUE", "SOUTH TOWNSEND STREET"], "changes": 1, "run_lengths_m": [50.0, 50.0], "min_run_m": 50.0, "start_m": 68.26390583660069, "end_m": 168.26390583660069, "length_m": 99.9999999993214, "chord_m": 99.57908478471929, "ratio": 1.0042269439964435, "max_offset_m": 2.258656982148763}, "geometry": {"type": "LineString", "coordinates": [[-76.14558476654526, 43.03893208685707], [-76.1456082640679, 43.039260601198805], [-76.1456082640679, 43.039260601198805], [-76.1456182497407, 43.0393816167445], [-76.1456182497407, 43.0393816167445], [-76.1455769191527, 43.03954415509289], [-76.14559624787374, 43.039828663710296]]}}, {"type": "Feature", "properties": {"id": 443, "chain_order": 84, "margin_m": 100, "names": ["OAKWOOD AVENUE", "SOUTH TOWNSEND STREET"], "changes": 1, "run_lengths_m": [100.0, 100.0], "min_run_m": 100.0, "start_m": 18.263905836600685, "end_m": 218.26390583660069, "length_m": 200.00000000012116, "chord_m": 199.53393654566017, "ratio": 1.002335760334956, "max_offset_m": 2.2933526676437275}, "geometry": {"type": "LineString", "coordinates": [[-76.14555260972554, 43.03848250197716], [-76.1456082640679, 43.039260601198805], [-76.1456082640679, 43.039260601198805], [-76.1456182497407, 43.0393816167445], [-76.1456182497407, 43.0393816167445], [-76.1455769191527, 43.03954415509289], [-76.1456253239735, 43.040256642853116], [-76.1456253239735, 43.040256642853116], [-76.14562745983834, 43.04027827910617]]}}, {"type": "Feature", "properties": {"id": 444, "chain_order": 85, "margin_m": 25, "names": ["LEAVENWORTH AVENUE", "EVANS STREET"], "changes": 1, "run_lengths_m": [25.0, 25.0], "min_run_m": 25.0, "start_m": 411.2153770658058, "end_m": 461.2153770658058, "length_m": 50.000000000137604, "chord_m": 49.70324029523169, "ratio": 1.0059706309516885, "max_offset_m": 1.7752648664714539}, "geometry": {"type": "LineString", "coordinates": [[-76.16284580658784, 43.055690111140706], [-76.1628165874833, 43.055700625881], [-76.16271928825991, 43.0557099531865], [-76.16254301275, 43.05570854719869], [-76.16254301275, 43.05570854719869], [-76.16223605209318, 43.055708635182484]]}}, {"type": "Feature", "properties": {"id": 445, "chain_order": 85, "margin_m": 50, "names": ["LEAVENWORTH AVENUE", "EVANS STREET"], "changes": 1, "run_lengths_m": [50.0, 50.0], "min_run_m": 50.0, "start_m": 386.2153770658058, "end_m": 486.2153770658058, "length_m": 100.00000000051222, "chord_m": 86.90662189053903, "ratio": 1.1506603044180523, "max_offset_m": 18.38752077038311}, "geometry": {"type": "LineString", "coordinates": [[-76.1629750361995, 43.055505300138314], [-76.1629662674708, 43.0555916498966], [-76.16293730668441, 43.0556446226346], [-76.1628779001964, 43.05567856197331], [-76.1628165874833, 43.055700625881], [-76.16271928825991, 43.0557099531865], [-76.16254301275, 43.05570854719869], [-76.16254301275, 43.05570854719869], [-76.1622292455943, 43.05570863712409], [-76.1620592951224, 43.0556955953055], [-76.1620592951224, 43.0556955953055], [-76.16193323271855, 43.05567459028925]]}}, {"type": "Feature", "properties": {"id": 446, "chain_order": 85, "margin_m": 100, "names": ["LEAVENWORTH AVENUE", "EVANS STREET"], "changes": 1, "run_lengths_m": [100.0, 100.0], "min_run_m": 100.0, "start_m": 336.2153770658058, "end_m": 536.2153770658058, "length_m": 200.00000000034026, "chord_m": 142.47734565381012, "ratio": 1.4037319342423606, "max_offset_m": 61.74585013633824}, "geometry": {"type": "LineString", "coordinates": [[-76.16299787516458, 43.05505548991989], [-76.1629902479974, 43.05528163804661], [-76.1629902479974, 43.05528163804661], [-76.1629843541508, 43.05541163820969], [-76.1629823140768, 43.0554336313229], [-76.1629823140768, 43.0554336313229], [-76.1629662674708, 43.0555916498966], [-76.16293730668441, 43.0556446226346], [-76.1628779001964, 43.05567856197331], [-76.1628165874833, 43.055700625881], [-76.16271928825991, 43.0557099531865], [-76.16254301275, 43.05570854719869], [-76.16254301275, 43.05570854719869], [-76.1622292455943, 43.05570863712409], [-76.1620592951224, 43.0556955953055], [-76.1620592951224, 43.0556955953055], [-76.1618973091137, 43.055668604527995], [-76.1617322823078, 43.0556236345318], [-76.161470330876, 43.0555375960351], [-76.16136235960339, 43.05551076529565]]}}, {"type": "Feature", "properties": {"id": 447, "chain_order": 86, "margin_m": 25, "names": ["WEST LAFAYETTE AVENUE", "EAST LAFAYETTE AVENUE"], "changes": 1, "run_lengths_m": [25.0, 25.0], "min_run_m": 25.0, "start_m": 924.6172374806781, "end_m": 974.6172374806781, "length_m": 50.00000000003753, "chord_m": 49.930591133739824, "ratio": 1.001390107041028, "max_offset_m": 0.6607705287841922}, "geometry": {"type": "LineString", "coordinates": [[-76.14279651725673, 43.01963364399724], [-76.1426852952538, 43.019645594083286], [-76.1424913130513, 43.01965464511409], [-76.1424913130513, 43.01965464511409], [-76.142378283429, 43.0196546030805], [-76.1421861506013, 43.01967294719973]]}}, {"type": "Feature", "properties": {"id": 448, "chain_order": 86, "margin_m": 50, "names": ["WEST LAFAYETTE AVENUE", "EAST LAFAYETTE AVENUE"], "changes": 1, "run_lengths_m": [50.0, 50.0], "min_run_m": 50.0, "start_m": 899.6172374806781, "end_m": 999.6172374806781, "length_m": 100.00000000006165, "chord_m": 99.89793880086734, "ratio": 1.001021654704986, "max_offset_m": 1.1240966564577823}, "geometry": {"type": "LineString", "coordinates": [[-76.14310006205885, 43.01960102949567], [-76.1426852952538, 43.019645594083286], [-76.1424913130513, 43.01965464511409], [-76.1424913130513, 43.01965464511409], [-76.142378283429, 43.0196546030805], [-76.14188193275649, 43.019701992093644]]}}, {"type": "Feature", "properties": {"id": 449, "chain_order": 87, "margin_m": 25, "names": ["TRACY STREET", "NORTH WEST STREET"], "changes": 1, "run_lengths_m": [25.0, 25.0], "min_run_m": 25.0, "start_m": 751.2669949088341, "end_m": 801.2669949088341, "length_m": 49.99999999969108, "chord_m": 45.11791285955127, "ratio": 1.108207291311045, "max_offset_m": 9.890755241299008}, "geometry": {"type": "LineString", "coordinates": [[-76.15942528285173, 43.0508737125332], [-76.1593522507597, 43.05089157623579], [-76.1591952521975, 43.0509396316938], [-76.1591543536993, 43.05097165289029], [-76.1591543536993, 43.05097165289029], [-76.1591092591703, 43.051028660819206], [-76.1590833185199, 43.051098620905385], [-76.15906880910433, 43.05118465929098]]}}, {"type": "Feature", "properties": {"id": 450, "chain_order": 87, "margin_m": 50, "names": ["TRACY STREET", "NORTH WEST STREET"], "changes": 1, "run_lengths_m": [50.0, 50.0], "min_run_m": 50.0, "start_m": 726.2669949088341, "end_m": 826.2669949088341, "length_m": 100.00000000033573, "chord_m": 87.40124840039834, "ratio": 1.1441484169908032, "max_offset_m": 23.231334253511235}, "geometry": {"type": "LineString", "coordinates": [[-76.15971645135875, 43.05080249194129], [-76.1593522507597, 43.05089157623579], [-76.1591952521975, 43.0509396316938], [-76.1591543536993, 43.05097165289029], [-76.1591543536993, 43.05097165289029], [-76.1591092591703, 43.051028660819206], [-76.1590833185199, 43.051098620905385], [-76.15903113525142, 43.05140805781567]]}}, {"type": "Feature", "properties": {"id": 451, "chain_order": 87, "margin_m": 100, "names": ["TRACY STREET", "NORTH WEST STREET"], "changes": 1, "run_lengths_m": [100.0, 100.0], "min_run_m": 100.0, "start_m": 676.2669949088341, "end_m": 876.2669949088341, "length_m": 199.99999999960846, "chord_m": 172.03563361898154, "ratio": 1.1625498496582483, "max_offset_m": 49.86185962212137}, "geometry": {"type": "LineString", "coordinates": [[-76.1602987863082, 43.05066004855556], [-76.1593522507597, 43.05089157623579], [-76.1591952521975, 43.0509396316938], [-76.1591543536993, 43.05097165289029], [-76.1591543536993, 43.05097165289029], [-76.1591092591703, 43.051028660819206], [-76.1590833185199, 43.051098620905385], [-76.1589703248302, 43.051768648388794], [-76.15895429923073, 43.05185471287134]]}}, {"type": "Feature", "properties": {"id": 452, "chain_order": 88, "margin_m": 25, "names": ["HAYDEN AVENUE", "HERKIMER STREET"], "changes": 1, "run_lengths_m": [25.0, 25.0], "min_run_m": 25.0, "start_m": 314.93121970908396, "end_m": 364.93121970908396, "length_m": 49.99999999987524, "chord_m": 44.05714144159595, "ratio": 1.1348897900277393, "max_offset_m": 7.984255704651135}, "geometry": {"type": "LineString", "coordinates": [[-76.19589424845198, 43.05239124525324], [-76.1957633443707, 43.0521876438141], [-76.1957633443707, 43.0521876438141], [-76.1956662526582, 43.052075647264594], [-76.1956433420252, 43.0520656209656], [-76.1955963529493, 43.05206764276758], [-76.1955499878098, 43.05208526802314]]}}, {"type": "Feature", "properties": {"id": 453, "chain_order": 88, "margin_m": 50, "names": ["HAYDEN AVENUE", "HERKIMER STREET"], "changes": 1, "run_lengths_m": [50.0, 50.0], "min_run_m": 50.0, "start_m": 289.93121970908396, "end_m": 389.93121970908396, "length_m": 99.99999999975984, "chord_m": 76.0489101177145, "ratio": 1.3149432364641644, "max_offset_m": 28.8155944447512}, "geometry": {"type": "LineString", "coordinates": [[-76.19603192339319, 43.052592286549505], [-76.1959793514673, 43.052523609260604], [-76.1957633443707, 43.0521876438141], [-76.1957633443707, 43.0521876438141], [-76.1956662526582, 43.052075647264594], [-76.1956433420252, 43.0520656209656], [-76.1955963529493, 43.05206764276758], [-76.19527748080903, 43.05218885832076]]}}, {"type": "Feature", "properties": {"id": 454, "chain_order": 88, "margin_m": 100, "names": ["HAYDEN AVENUE", "HERKIMER STREET"], "changes": 1, "run_lengths_m": [100.0, 100.0], "min_run_m": 100.0, "start_m": 239.93121970908396, "end_m": 439.93121970908396, "length_m": 200.0000000001171, "chord_m": 147.2632409476897, "ratio": 1.3581121718702385, "max_offset_m": 65.25220326633635}, "geometry": {"type": "LineString", "coordinates": [[-76.19632073292331, 43.05298940348737], [-76.1961983194111, 43.05280965664598], [-76.1959793514673, 43.052523609260604], [-76.1957633443707, 43.0521876438141], [-76.1957633443707, 43.0521876438141], [-76.1956662526582, 43.052075647264594], [-76.1956433420252, 43.0520656209656], [-76.1955963529493, 43.05206764276758], [-76.1949993406963, 43.052294588955284], [-76.19483632432, 43.0523476190248], [-76.1947193738475, 43.05237376355957]]}}, {"type": "Feature", "properties": {"id": 455, "chain_order": 89, "margin_m": 25, "names": ["OSWEGO STREET", "CONGRESS AVENUE"], "changes": 1, "run_lengths_m": [25.0, 25.0], "min_run_m": 25.0, "start_m": 740.5579663389387, "end_m": 790.5579663389387, "length_m": 49.9999999999679, "chord_m": 49.71530697824929, "ratio": 1.0057264661333212, "max_offset_m": 1.827231291198598}, "geometry": {"type": "LineString", "coordinates": [[-76.16383986669182, 43.040632213053044], [-76.1638202706587, 43.040407571666904], [-76.1638202706587, 43.040407571666904], [-76.1637962730641, 43.0402486092384], [-76.1637962730641, 43.0402486092384], [-76.1637632248208, 43.04018811895718]]}}, {"type": "Feature", "properties": {"id": 456, "chain_order": 89, "margin_m": 50, "names": ["OSWEGO STREET", "CONGRESS AVENUE"], "changes": 1, "run_lengths_m": [50.0, 50.0], "min_run_m": 50.0, "start_m": 715.5579663389387, "end_m": 815.5579663389387, "length_m": 100.00000000013875, "chord_m": 96.67610820594437, "ratio": 1.0343817294249542, "max_offset_m": 10.952603553760225}, "geometry": {"type": "LineString", "coordinates": [[-76.16385946288568, 43.04085685442549], [-76.1638202706587, 43.040407571666904], [-76.1638202706587, 43.040407571666904], [-76.1637962730641, 43.0402486092384], [-76.1637962730641, 43.0402486092384], [-76.1637372690213, 43.0401406103302], [-76.1635842553857, 43.0400146569945], [-76.16357917960225, 43.04001100606516]]}}, {"type": "Feature", "properties": {"id": 457, "chain_order": 89, "margin_m": 100, "names": ["OSWEGO STREET", "CONGRESS AVENUE"], "changes": 1, "run_lengths_m": [100.0, 100.0], "min_run_m": 100.0, "start_m": 665.5579663389387, "end_m": 865.5579663389387, "length_m": 200.00000000024153, "chord_m": 189.19856054008454, "ratio": 1.0570904949240802, "max_offset_m": 30.433982907934656}, "geometry": {"type": "LineString", "coordinates": [[-76.16389865575573, 43.04130613712927], [-76.1638202706587, 43.040407571666904], [-76.1638202706587, 43.040407571666904], [-76.1637962730641, 43.0402486092384], [-76.1637962730641, 43.0402486092384], [-76.1637372690213, 43.0401406103302], [-76.1635842553857, 43.0400146569945], [-76.16314095635727, 43.03969579662224]]}}, {"type": "Feature", "properties": {"id": 458, "chain_order": 90, "margin_m": 25, "names": ["SEARLWYN ROAD", "LATTER DRIVE"], "changes": 1, "run_lengths_m": [25.0, 25.0], "min_run_m": 25.0, "start_m": 395.37309849587666, "end_m": 445.37309849587666, "length_m": 49.99999999977409, "chord_m": 44.59683052809555, "ratio": 1.121155907442225, "max_offset_m": 9.778961661451117}, "geometry": {"type": "LineString", "coordinates": [[-76.13919056654312, 42.99161511631318], [-76.1388842546904, 42.9916255722181], [-76.1388842546904, 42.9916255722181], [-76.1387893360025, 42.991633630594585], [-76.138733321553, 42.99166264376348], [-76.1386842699452, 42.9917366120053], [-76.13867973479752, 42.991758731123625]]}}, {"type": "Feature", "properties": {"id": 459, "chain_order": 90, "margin_m": 50, "names": ["SEARLWYN ROAD", "LATTER DRIVE"], "changes": 1, "run_lengths_m": [50.0, 50.0], "min_run_m": 50.0, "start_m": 370.37309849587666, "end_m": 470.37309849587666, "length_m": 99.99999999998009, "chord_m": 80.69537669723384, "ratio": 1.239228368375756, "max_offset_m": 27.24179287745387}, "geometry": {"type": "LineString", "coordinates": [[-76.13949687827453, 42.99160465958951], [-76.1388842546904, 42.9916255722181], [-76.1388842546904, 42.9916255722181], [-76.1387893360025, 42.991633630594585], [-76.138733321553, 42.99166264376348], [-76.1386842699452, 42.9917366120053], [-76.138654335385, 42.99188261051379], [-76.1386513739632, 42.9919824158407]]}}, {"type": "Feature", "properties": {"id": 460, "chain_order": 90, "margin_m": 100, "names": ["SEARLWYN ROAD", "LATTER DRIVE"], "changes": 1, "run_lengths_m": [100.0, 100.0], "min_run_m": 100.0, "start_m": 320.37309849587666, "end_m": 520.3730984958767, "length_m": 200.0000000003131, "chord_m": 146.56187466342294, "ratio": 1.3646113660841879, "max_offset_m": 64.86088561496342}, "geometry": {"type": "LineString", "coordinates": [[-76.14010949406395, 42.9915836349522], [-76.1400833178468, 42.991584637699596], [-76.1400833178468, 42.991584637699596], [-76.1388842546904, 42.9916255722181], [-76.1388842546904, 42.9916255722181], [-76.1387893360025, 42.991633630594585], [-76.138733321553, 42.99166264376348], [-76.1386842699452, 42.9917366120053], [-76.138654335385, 42.99188261051379], [-76.1386473033729, 42.992119601831995], [-76.1386473033729, 42.992119601831995], [-76.1386552822093, 42.9922195677942], [-76.1387252537834, 42.992421573592], [-76.13872565404311, 42.99242598137078]]}}, {"type": "Feature", "properties": {"id": 461, "chain_order": 91, "margin_m": 25, "names": ["SPRINGFIELD ROAD", "SMITH STREET"], "changes": 1, "run_lengths_m": [25.0, 25.0], "min_run_m": 25.0, "start_m": 444.7066572188387, "end_m": 494.7066572188387, "length_m": 50.00000000012935, "chord_m": 46.973914145988644, "ratio": 1.0644205599885934, "max_offset_m": 8.250260831374366}, "geometry": {"type": "LineString", "coordinates": [[-76.09078832558676, 43.05105059576647], [-76.0907582170861, 43.051082595244296], [-76.090589269134, 43.05122162048859], [-76.090589269134, 43.05122162048859], [-76.0905572962965, 43.0512465986152], [-76.0905422602952, 43.0513266157268], [-76.09055210324551, 43.051436449267186]]}}, {"type": "Feature", "properties": {"id": 462, "chain_order": 91, "margin_m": 50, "names": ["SPRINGFIELD ROAD", "SMITH STREET"], "changes": 1, "run_lengths_m": [50.0, 50.0], "min_run_m": 50.0, "start_m": 419.7066572188387, "end_m": 519.7066572188387, "length_m": 99.99999999946839, "chord_m": 93.92257319079461, "ratio": 1.0647067749765338, "max_offset_m": 16.729346447819594}, "geometry": {"type": "LineString", "coordinates": [[-76.09096265123311, 43.05086532072097], [-76.0907582170861, 43.051082595244296], [-76.090589269134, 43.05122162048859], [-76.090589269134, 43.05122162048859], [-76.0905572962965, 43.0512465986152], [-76.0905422602952, 43.0513266157268], [-76.0905722330254, 43.05166106804977]]}}, {"type": "Feature", "properties": {"id": 463, "chain_order": 91, "margin_m": 100, "names": ["SPRINGFIELD ROAD", "SMITH STREET"], "changes": 1, "run_lengths_m": [100.0, 100.0], "min_run_m": 100.0, "start_m": 369.7066572188387, "end_m": 569.7066572188387, "length_m": 199.99999999984627, "chord_m": 188.23681398796305, "ratio": 1.0624914211129575, "max_offset_m": 33.28498205762254}, "geometry": {"type": "LineString", "coordinates": [[-76.09131129939477, 43.05049476985001], [-76.0907582170861, 43.051082595244296], [-76.090589269134, 43.05122162048859], [-76.090589269134, 43.05122162048859], [-76.0905572962965, 43.0512465986152], [-76.0905422602952, 43.0513266157268], [-76.0906092970733, 43.0520746435845], [-76.0906092970733, 43.0520746435845], [-76.09061235832961, 43.05211031193057]]}}, {"type": "Feature", "properties": {"id": 464, "chain_order": 92, "margin_m": 25, "names": ["AUDUBON PARKWAY", "NORTHWAY STREET"], "changes": 1, "run_lengths_m": [25.0, 24.999999999999943], "min_run_m": 24.999999999999943, "start_m": 465.8036656493546, "end_m": 515.8036656493546, "length_m": 50.000000000001485, "chord_m": 49.05299960908289, "ratio": 1.0193056571150696, "max_offset_m": 4.17432388699435}, "geometry": {"type": "LineString", "coordinates": [[-76.09508324112284, 43.05259124569753], [-76.0949703482831, 43.05264896713949], [-76.0948123247432, 43.0526935769717], [-76.0948123247432, 43.0526935769717], [-76.0946553351641, 43.0527175908711], [-76.0945090629018, 43.05272456759673]]}}, {"type": "Feature", "properties": {"id": 465, "chain_order": 92, "margin_m": 50, "names": ["AUDUBON PARKWAY", "NORTHWAY STREET"], "changes": 1, "run_lengths_m": [50.0, 49.99999999999994], "min_run_m": 49.99999999999994, "start_m": 440.8036656493546, "end_m": 540.8036656493546, "length_m": 99.9999999998227, "chord_m": 91.59824173144575, "ratio": 1.0917240124871592, "max_offset_m": 16.9075808459633}, "geometry": {"type": "LineString", "coordinates": [[-76.09522538245757, 43.05239593976361], [-76.0952207383972, 43.0524210888261], [-76.0951779740981, 43.052500596989184], [-76.0950843166449, 43.0525906957884], [-76.0949703482831, 43.05264896713949], [-76.0948123247432, 43.0526935769717], [-76.0948123247432, 43.0526935769717], [-76.0946553351641, 43.0527175908711], [-76.09420276033175, 43.05273917665304]]}}, {"type": "Feature", "properties": {"id": 466, "chain_order": 92, "margin_m": 100, "names": ["AUDUBON PARKWAY", "NORTHWAY STREET"], "changes": 1, "run_lengths_m": [100.0, 99.99999999999994], "min_run_m": 99.99999999999994, "start_m": 390.8036656493546, "end_m": 590.8036656493546, "length_m": 200.00000000002728, "chord_m": 160.03543222994236, "ratio": 1.2497232469910975, "max_offset_m": 53.13568671329679}, "geometry": {"type": "LineString", "coordinates": [[-76.09520324502547, 43.05194727918601], [-76.0952389454514, 43.052276061963695], [-76.0952334387787, 43.0523522960613], [-76.0952282644827, 43.0523803326719], [-76.0952282644827, 43.0523803326719], [-76.0952207383972, 43.0524210888261], [-76.0951779740981, 43.052500596989184], [-76.0950843166449, 43.0525906957884], [-76.0949703482831, 43.05264896713949], [-76.0948123247432, 43.0526935769717], [-76.0948123247432, 43.0526935769717], [-76.0946553351641, 43.0527175908711], [-76.0940672997758, 43.052745637160996], [-76.0940672997758, 43.052745637160996], [-76.09359032664177, 43.0527702547758]]}}, {"type": "Feature", "properties": {"id": 467, "chain_order": 93, "margin_m": 25, "names": ["GAGE COURT", "BURT STREET"], "changes": 1, "run_lengths_m": [25.0, 25.0], "min_run_m": 25.0, "start_m": 38.38410756684526, "end_m": 88.38410756684526, "length_m": 50.00000000022803, "chord_m": 48.48352699150667, "ratio": 1.031278108314748, "max_offset_m": 4.60240256829642}, "geometry": {"type": "LineString", "coordinates": [[-76.14144350289757, 43.039770375284675], [-76.1414342968975, 43.03963063031661], [-76.141408327501, 43.0395475935144], [-76.141408327501, 43.0395475935144], [-76.14136981762312, 43.03941921689481], [-76.1412945648534, 43.039354393585704], [-76.14128497584393, 43.03934959785103]]}}, {"type": "Feature", "properties": {"id": 468, "chain_order": 93, "margin_m": 50, "names": ["GAGE COURT", "BURT STREET"], "changes": 1, "run_lengths_m": [50.0, 50.0], "min_run_m": 50.0, "start_m": 13.384107566845259, "end_m": 113.38410756684526, "length_m": 100.00000000039637, "chord_m": 92.7952630918999, "ratio": 1.0776412143081189, "max_offset_m": 17.052074765980024}, "geometry": {"type": "LineString", "coordinates": [[-76.1414583147784, 43.03999521468011], [-76.1414342968975, 43.03963063031661], [-76.141408327501, 43.0395475935144], [-76.141408327501, 43.0395475935144], [-76.14136981762312, 43.03941921689481], [-76.1412945648534, 43.039354393585704], [-76.1410529117538, 43.03923353556229], [-76.14103548134534, 43.03921937745719]]}}, {"type": "Feature", "properties": {"id": 469, "chain_order": 94, "margin_m": 25, "names": ["ONONDAGA CREEK BOULEVARD EAST", "VALE STREET"], "changes": 1, "run_lengths_m": [25.0, 25.0], "min_run_m": 25.0, "start_m": 704.3552519500832, "end_m": 754.3552519500832, "length_m": 50.000000000434206, "chord_m": 47.7665227862213, "ratio": 1.0467582123197205, "max_offset_m": 7.172014801919065}, "geometry": {"type": "LineString", "coordinates": [[-76.1562312485471, 43.014775976561076], [-76.1562513247895, 43.01479164555568], [-76.1563833492884, 43.0149216034403], [-76.1563923405261, 43.01496257495828], [-76.1563923405261, 43.01496257495828], [-76.15640124569707, 43.0151875821587]]}}, {"type": "Feature", "properties": {"id": 470, "chain_order": 94, "margin_m": 50, "names": ["ONONDAGA CREEK BOULEVARD EAST", "VALE STREET"], "changes": 1, "run_lengths_m": [50.0, 50.0], "min_run_m": 50.0, "start_m": 679.3552519500832, "end_m": 779.3552519500832, "length_m": 99.99999999989046, "chord_m": 94.39983816973348, "ratio": 1.0593238498999091, "max_offset_m": 16.256722239297762}, "geometry": {"type": "LineString", "coordinates": [[-76.15602112289915, 43.01461197815794], [-76.1562513247895, 43.01479164555568], [-76.1563833492884, 43.0149216034403], [-76.1563923405261, 43.01496257495828], [-76.1563923405261, 43.01496257495828], [-76.15641015095083, 43.015412589348976]]}}, {"type": "Feature", "properties": {"id": 471, "chain_order": 94, "margin_m": 100, "names": ["ONONDAGA CREEK BOULEVARD EAST", "VALE STREET"], "changes": 1, "run_lengths_m": [100.0, 100.0], "min_run_m": 100.0, "start_m": 629.3552519500832, "end_m": 829.3552519500832, "length_m": 199.99999999965382, "chord_m": 187.83413101265793, "ratio": 1.0647692137813656, "max_offset_m": 34.110222798469394}, "geometry": {"type": "LineString", "coordinates": [[-76.15560087496202, 43.014283980141194], [-76.1562513247895, 43.01479164555568], [-76.1563833492884, 43.0149216034403], [-76.1563923405261, 43.01496257495828], [-76.1563923405261, 43.01496257495828], [-76.15642796170674, 43.01586260369908]]}}, {"type": "Feature", "properties": {"id": 472, "chain_order": 95, "margin_m": 25, "names": ["OAKLEY DRIVE EAST", "SPAULDING AVENUE"], "changes": 1, "run_lengths_m": [25.0, 25.0], "min_run_m": 25.0, "start_m": 592.3141574137896, "end_m": 642.3141574137896, "length_m": 49.99999999999499, "chord_m": 49.999745677983334, "ratio": 1.0000050864661052, "max_offset_m": 0.07973728187879701}, "geometry": {"type": "LineString", "coordinates": [[-76.14364198141155, 42.98709313488741], [-76.1439482636612, 42.98708257185059], [-76.1439482636612, 42.98708257185059], [-76.1442544477646, 42.987070573867285]]}}, {"type": "Feature", "properties": {"id": 473, "chain_order": 95, "margin_m": 50, "names": ["OAKLEY DRIVE EAST", "SPAULDING AVENUE"], "changes": 1, "run_lengths_m": [50.0, 50.0], "min_run_m": 50.0, "start_m": 567.3141574137896, "end_m": 667.3141574137896, "length_m": 100.00000000005798, "chord_m": 99.99949135603468, "ratio": 1.000005086466105, "max_offset_m": 0.15947456375759442}, "geometry": {"type": "LineString", "coordinates": [[-76.14333569903948, 42.98710369710569], [-76.1439482636612, 42.98708257185059], [-76.1439482636612, 42.98708257185059], [-76.14456063173138, 42.98705857506611]]}}, {"type": "Feature", "properties": {"id": 474, "chain_order": 95, "margin_m": 100, "names": ["OAKLEY DRIVE EAST", "SPAULDING AVENUE"], "changes": 1, "run_lengths_m": [100.0, 100.0], "min_run_m": 100.0, "start_m": 517.3141574137896, "end_m": 717.3141574137896, "length_m": 199.9999999999898, "chord_m": 199.9989827119432, "ratio": 1.000005086466105, "max_offset_m": 0.31894912751412585}, "geometry": {"type": "LineString", "coordinates": [[-76.14272313392816, 42.98712481908657], [-76.1439482636612, 42.98708257185059], [-76.1439482636612, 42.98708257185059], [-76.14517299925501, 42.98703457501016]]}}, {"type": "Feature", "properties": {"id": 475, "chain_order": 96, "margin_m": 25, "names": ["STINARD AVENUE", "CHARMOUTH DRIVE"], "changes": 1, "run_lengths_m": [25.0, 25.0], "min_run_m": 25.0, "start_m": 80.30026358788209, "end_m": 130.30026358788209, "length_m": 49.9999999995797, "chord_m": 48.980950231635056, "ratio": 1.020805022424544, "max_offset_m": 4.500805690926896}, "geometry": {"type": "LineString", "coordinates": [[-76.17181225998475, 43.02029860634628], [-76.1718122502631, 43.0203666242711], [-76.1717772752559, 43.0205215971155], [-76.1717772752559, 43.0205215971155], [-76.1717552593449, 43.0205835965206], [-76.17164218395908, 43.02072160940996]]}}, {"type": "Feature", "properties": {"id": 476, "chain_order": 96, "margin_m": 50, "names": ["STINARD AVENUE", "CHARMOUTH DRIVE"], "changes": 1, "run_lengths_m": [50.0, 50.0], "min_run_m": 50.0, "start_m": 55.300263587882085, "end_m": 155.30026358788209, "length_m": 100.00000000046604, "chord_m": 95.8893110056956, "ratio": 1.0428691055515695, "max_offset_m": 13.130970022225487}, "geometry": {"type": "LineString", "coordinates": [[-76.1718122921695, 43.020073505134086], [-76.1718122502631, 43.0203666242711], [-76.1717772752559, 43.0205215971155], [-76.1717772752559, 43.0205215971155], [-76.1717552593449, 43.0205835965206], [-76.171596335693, 43.0207775687893], [-76.17144776297802, 43.020894422320495]]}}, {"type": "Feature", "properties": {"id": 477, "chain_order": 96, "margin_m": 100, "names": ["STINARD AVENUE", "CHARMOUTH DRIVE"], "changes": 1, "run_lengths_m": [100.0, 100.0], "min_run_m": 100.0, "start_m": 5.300263587882085, "end_m": 205.30026358788209, "length_m": 199.99999999966133, "chord_m": 177.41593956539222, "ratio": 1.127294427375535, "max_offset_m": 40.72666819598983}, "geometry": {"type": "LineString", "coordinates": [[-76.17177440039455, 43.0196242460152], [-76.1718122978738, 43.02003362209048], [-76.1718122502631, 43.0203666242711], [-76.1717772752559, 43.0205215971155], [-76.1717772752559, 43.0205215971155], [-76.1717552593449, 43.0205835965206], [-76.171596335693, 43.0207775687893], [-76.1713623586975, 43.0209615931284], [-76.1711712843416, 43.0210396407078], [-76.1710262639154, 43.02108065608729], [-76.17091292476191, 43.02109132795507]]}}, {"type": "Feature", "properties": {"id": 478, "chain_order": 97, "margin_m": 25, "names": ["ROBINSON STREET", "SEDGWICK STREET"], "changes": 1, "run_lengths_m": [25.0, 25.0], "min_run_m": 25.0, "start_m": 439.85032410511354, "end_m": 489.85032410511354, "length_m": 49.999999999719805, "chord_m": 45.094548307828546, "ratio": 1.1087814797124746, "max_offset_m": 9.986020358867346}, "geometry": {"type": "LineString", "coordinates": [[-76.12758628454594, 43.05800818766282], [-76.1277192997383, 43.05800359103371], [-76.1278012557366, 43.05801962210639], [-76.1278512433889, 43.0580736094562], [-76.1278512433889, 43.0580736094562], [-76.1279432488403, 43.0581756281684], [-76.1280176820614, 43.05826273243936]]}}, {"type": "Feature", "properties": {"id": 479, "chain_order": 97, "margin_m": 50, "names": ["ROBINSON STREET", "SEDGWICK STREET"], "changes": 1, "run_lengths_m": [50.0, 49.99999999999994], "min_run_m": 49.99999999999994, "start_m": 414.85032410511354, "end_m": 514.8503241051135, "length_m": 100.00000000015012, "chord_m": 87.83695977857893, "ratio": 1.1384729190563063, "max_offset_m": 23.27026086391898}, "geometry": {"type": "LineString", "coordinates": [[-76.12727965063124, 43.058018783472974], [-76.1277192997383, 43.05800359103371], [-76.1278012557366, 43.05801962210639], [-76.1278512433889, 43.0580736094562], [-76.1278512433889, 43.0580736094562], [-76.1279432488403, 43.0581756281684], [-76.1281806818179, 43.05845347921352]]}}, {"type": "Feature", "properties": {"id": 480, "chain_order": 97, "margin_m": 100, "names": ["ROBINSON STREET", "SEDGWICK STREET"], "changes": 1, "run_lengths_m": [100.0, 99.99999999999994], "min_run_m": 99.99999999999994, "start_m": 364.85032410511354, "end_m": 564.8503241051135, "length_m": 200.0000000003045, "chord_m": 173.9474877508655, "ratio": 1.1497722823496737, "max_offset_m": 48.860926587957486}, "geometry": {"type": "LineString", "coordinates": [[-76.12666638243323, 43.05803997263157], [-76.1277192997383, 43.05800359103371], [-76.1278012557366, 43.05801962210639], [-76.1278512433889, 43.0580736094562], [-76.1278512433889, 43.0580736094562], [-76.1279432488403, 43.0581756281684], [-76.12850668438578, 43.05883497201204]]}}, {"type": "Feature", "properties": {"id": 481, "chain_order": 98, "margin_m": 25, "names": ["ERIE BOULEVARD EAST", "OSWEGO BOULEVARD"], "changes": 1, "run_lengths_m": [25.0, 25.0], "min_run_m": 25.0, "start_m": 725.1412564262608, "end_m": 775.1412564262608, "length_m": 49.999999999772086, "chord_m": 47.38876405703639, "ratio": 1.0551024276470442, "max_offset_m": 6.952358704094576}, "geometry": {"type": "LineString", "coordinates": [[-76.14903067417336, 43.050883353849045], [-76.1492293091978, 43.050888602554494], [-76.1493282595247, 43.0509206565997], [-76.1493282595247, 43.0509206565997], [-76.1494282626771, 43.0509696290829], [-76.1495223117958, 43.0510416242011], [-76.14955305920452, 43.0510712241707]]}}, {"type": "Feature", "properties": {"id": 482, "chain_order": 98, "margin_m": 50, "names": ["ERIE BOULEVARD EAST", "OSWEGO BOULEVARD"], "changes": 1, "run_lengths_m": [50.0, 50.0], "min_run_m": 50.0, "start_m": 700.1412564262608, "end_m": 800.1412564262608, "length_m": 100.00000000012982, "chord_m": 92.58050665124014, "ratio": 1.0801409888243498, "max_offset_m": 17.641263883580052}, "geometry": {"type": "LineString", "coordinates": [[-76.14872393587096, 43.05087524795739], [-76.1492293091978, 43.050888602554494], [-76.1493282595247, 43.0509206565997], [-76.1493282595247, 43.0509206565997], [-76.1494282626771, 43.0509696290829], [-76.1495223117958, 43.0510416242011], [-76.14973906220632, 43.05125028507177]]}}, {"type": "Feature", "properties": {"id": 483, "chain_order": 99, "margin_m": 25, "names": ["SUNRISE DRIVE", "SNELL TERRACE"], "changes": 1, "run_lengths_m": [25.0, 25.0], "min_run_m": 25.0, "start_m": 728.6974709199579, "end_m": 778.6974709199579, "length_m": 50.000000000794614, "chord_m": 49.99281196715211, "ratio": 1.0001437813429506, "max_offset_m": 0.4238961241961799}, "geometry": {"type": "LineString", "coordinates": [[-76.1377514074416, 42.998395698852285], [-76.1377382900521, 42.998620596344196], [-76.1377382900521, 42.998620596344196], [-76.13771479114097, 42.99884503804514]]}}, {"type": "Feature", "properties": {"id": 484, "chain_order": 99, "margin_m": 50, "names": ["SUNRISE DRIVE", "SNELL TERRACE"], "changes": 1, "run_lengths_m": [50.0, 50.0], "min_run_m": 50.0, "start_m": 703.6974709199579, "end_m": 803.6974709199579, "length_m": 99.99999999972661, "chord_m": 99.98562393244231, "ratio": 1.0001437813429461, "max_offset_m": 0.847792248363334}, "geometry": {"type": "LineString", "coordinates": [[-76.13776452475282, 42.99817080135128], [-76.1377382900521, 42.998620596344196], [-76.1377382900521, 42.998620596344196], [-76.13769129207603, 42.99906947973453]]}}, {"type": "Feature", "properties": {"id": 485, "chain_order": 100, "margin_m": 25, "names": ["CAMP AVENUE", "BARNES AVENUE"], "changes": 1, "run_lengths_m": [25.0, 25.0], "min_run_m": 25.0, "start_m": 267.3039986552375, "end_m": 317.3039986552375, "length_m": 50.00000000027669, "chord_m": 44.51786780179504, "ratio": 1.1231445365463033, "max_offset_m": 8.791971504047643}, "geometry": {"type": "LineString", "coordinates": [[-76.15904170567214, 43.00779389914698], [-76.15934633265861, 43.007767634071094], [-76.15934633265861, 43.007767634071094], [-76.1594952715361, 43.007766575143194], [-76.1595632641217, 43.0078065884152], [-76.15958113880355, 43.00785673109241]]}}, {"type": "Feature", "properties": {"id": 486, "chain_order": 100, "margin_m": 50, "names": ["CAMP AVENUE", "BARNES AVENUE"], "changes": 1, "run_lengths_m": [50.0, 50.0], "min_run_m": 50.0, "start_m": 242.30399865523748, "end_m": 342.3039986552375, "length_m": 99.99999999955863, "chord_m": 80.2635124103464, "ratio": 1.2458961363204446, "max_offset_m": 27.318103334923965}, "geometry": {"type": "LineString", "coordinates": [[-76.15873706503973, 43.00782007970577], [-76.1589522444385, 43.007801612376795], [-76.1589522444385, 43.007801612376795], [-76.15934633265861, 43.007767634071094], [-76.15934633265861, 43.007767634071094], [-76.1594952715361, 43.007766575143194], [-76.1595632641217, 43.0078065884152], [-76.15965877009101, 43.008074504056715]]}}, {"type": "Feature", "properties": {"id": 487, "chain_order": 100, "margin_m": 100, "names": ["CAMP AVENUE", "BARNES AVENUE"], "changes": 1, "run_lengths_m": [100.0, 100.0], "min_run_m": 100.0, "start_m": 192.30399865523748, "end_m": 392.3039986552375, "length_m": 199.9999999999798, "chord_m": 154.6148925532287, "ratio": 1.2935364549771717, "max_offset_m": 61.499172916509295}, "geometry": {"type": "LineString", "coordinates": [[-76.15812777183005, 43.00787236879015], [-76.1589522444385, 43.007801612376795], [-76.1589522444385, 43.007801612376795], [-76.15934633265861, 43.007767634071094], [-76.15934633265861, 43.007767634071094], [-76.1594952715361, 43.007766575143194], [-76.1595632641217, 43.0078065884152], [-76.15981403435846, 43.0085100497837]]}}, {"type": "Feature", "properties": {"id": 488, "chain_order": 101, "margin_m": 25, "names": ["DARLINGTON ROAD", "DARLINGTON ROAD EAST"], "changes": 1, "run_lengths_m": [25.0, 25.0], "min_run_m": 25.0, "start_m": 710.4915879897503, "end_m": 760.4915879897503, "length_m": 50.00000000005488, "chord_m": 49.99916332797686, "ratio": 1.0000167337215733, "max_offset_m": 0.14462581700902755}, "geometry": {"type": "LineString", "coordinates": [[-76.13663484431565, 43.078811053195544], [-76.1366519169548, 43.0790358054628], [-76.1366519169548, 43.0790358054628], [-76.13666544121567, 43.079260687471006]]}}, {"type": "Feature", "properties": {"id": 489, "chain_order": 101, "margin_m": 50, "names": ["DARLINGTON ROAD", "DARLINGTON ROAD EAST"], "changes": 1, "run_lengths_m": [50.0, 50.0], "min_run_m": 50.0, "start_m": 685.4915879897503, "end_m": 785.4915879897503, "length_m": 100.00000000011082, "chord_m": 99.99832665595372, "ratio": 1.0000167337215837, "max_offset_m": 0.28925163411001503}, "geometry": {"type": "LineString", "coordinates": [[-76.13661777181869, 43.07858630091566], [-76.1366519169548, 43.0790358054628], [-76.1366519169548, 43.0790358054628], [-76.1366789655929, 43.079485569467806]]}}, {"type": "Feature", "properties": {"id": 490, "chain_order": 102, "margin_m": 25, "names": ["BUTTERNUT STREET", "KUHL AVENUE"], "changes": 1, "run_lengths_m": [25.0, 25.0], "min_run_m": 25.0, "start_m": 493.22522821221753, "end_m": 543.2252282122175, "length_m": 49.99999999991313, "chord_m": 47.85928572462167, "ratio": 1.0447293402498514, "max_offset_m": 6.382004413759298}, "geometry": {"type": "LineString", "coordinates": [[-76.14275221887236, 43.07671290311246], [-76.1427623024332, 43.07680661229801], [-76.1427823384573, 43.076853597583906], [-76.1428483017486, 43.076919664716996], [-76.1428483017486, 43.076919664716996], [-76.14306992839246, 43.077075468511055]]}}, {"type": "Feature", "properties": {"id": 491, "chain_order": 102, "margin_m": 50, "names": ["BUTTERNUT STREET", "KUHL AVENUE"], "changes": 1, "run_lengths_m": [50.0, 50.0], "min_run_m": 50.0, "start_m": 468.22522821221753, "end_m": 568.2252282122175, "length_m": 99.99999999941835, "chord_m": 94.39128599222668, "ratio": 1.059419828305481, "max_offset_m": 15.846569962791328}, "geometry": {"type": "LineString", "coordinates": [[-76.14272808565177, 43.07648849914955], [-76.1427282994031, 43.07649061192139], [-76.1427282994031, 43.07649061192139], [-76.1427623024332, 43.07680661229801], [-76.1427823384573, 43.076853597583906], [-76.1428483017486, 43.076919664716996], [-76.1428483017486, 43.076919664716996], [-76.14329155615883, 43.07723127185876]]}}, {"type": "Feature", "properties": {"id": 492, "chain_order": 102, "margin_m": 100, "names": ["BUTTERNUT STREET", "KUHL AVENUE"], "changes": 1, "run_lengths_m": [100.0, 100.0], "min_run_m": 100.0, "start_m": 418.22522821221753, "end_m": 618.2252282122175, "length_m": 200.00000000043016, "chord_m": 187.65621489617934, "ratio": 1.0657787172733928, "max_offset_m": 34.05028767906124}, "geometry": {"type": "LineString", "coordinates": [[-76.14268266351533, 43.076039531653734], [-76.1427282994031, 43.07649061192139], [-76.1427282994031, 43.07649061192139], [-76.1427623024332, 43.07680661229801], [-76.1427823384573, 43.076853597583906], [-76.1428483017486, 43.076919664716996], [-76.1428483017486, 43.076919664716996], [-76.14373481505909, 43.07754287721509]]}}, {"type": "Feature", "properties": {"id": 493, "chain_order": 103, "margin_m": 25, "names": ["HIAWATHA PLACE", "WILLUMAE DRIVE"], "changes": 1, "run_lengths_m": [25.0, 25.0], "min_run_m": 25.0, "start_m": 60.16736177015528, "end_m": 110.16736177015528, "length_m": 50.000000000080476, "chord_m": 49.98184617642418, "ratio": 1.0003632083455305, "max_offset_m": 0.6736194779544681}, "geometry": {"type": "LineString", "coordinates": [[-76.15843502898501, 43.0794480847858], [-76.1581722597351, 43.07933160402851], [-76.1581722597351, 43.07933160402851], [-76.15790131291652, 43.07922566813683]]}}, {"type": "Feature", "properties": {"id": 494, "chain_order": 103, "margin_m": 50, "names": ["HIAWATHA PLACE", "WILLUMAE DRIVE"], "changes": 1, "run_lengths_m": [50.0, 50.0], "min_run_m": 50.0, "start_m": 35.16736177015528, "end_m": 135.16736177015528, "length_m": 100.00000000004451, "chord_m": 97.06833549026011, "ratio": 1.030202068418888, "max_offset_m": 6.867681926283071}, "geometry": {"type": "LineString", "coordinates": [[-76.15871806511285, 43.079477722554046], [-76.1587069432804, 43.0794859004269], [-76.1586330658315, 43.07950221851839], [-76.1585713659445, 43.079497224015], [-76.1584643882723, 43.0794610991503], [-76.1581722597351, 43.07933160402851], [-76.1581722597351, 43.07933160402851], [-76.15763036702178, 43.07911973159074]]}}, {"type": "Feature", "properties": {"id": 495, "chain_order": 104, "margin_m": 25, "names": ["EAST BRIGHTON AVENUE", "EAST SENECA TURNPIKE"], "changes": 1, "run_lengths_m": [25.0, 25.0], "min_run_m": 25.0, "start_m": 326.7274547187394, "end_m": 376.7274547187394, "length_m": 49.99999999951889, "chord_m": 49.998408574121534, "ratio": 1.0000318295210335, "max_offset_m": 0.19946178023627698}, "geometry": {"type": "LineString", "coordinates": [[-76.12957001348096, 43.002292569690745], [-76.1294932694052, 43.00207462726139], [-76.1294932694052, 43.00207462726139], [-76.12942127372084, 43.00185581373376]]}}, {"type": "Feature", "properties": {"id": 496, "chain_order": 104, "margin_m": 50, "names": ["EAST BRIGHTON AVENUE", "EAST SENECA TURNPIKE"], "changes": 1, "run_lengths_m": [50.0, 50.0], "min_run_m": 50.0, "start_m": 301.7274547187394, "end_m": 401.7274547187394, "length_m": 99.99999999983936, "chord_m": 99.99189131418036, "ratio": 1.0000810934322015, "max_offset_m": 0.44767069892070893}, "geometry": {"type": "LineString", "coordinates": [[-76.12964790361703, 43.002510255742685], [-76.1296432718879, 43.0025006117694], [-76.1294932694052, 43.00207462726139], [-76.1294932694052, 43.00207462726139], [-76.12934927856303, 43.00163700014676]]}}, {"type": "Feature", "properties": {"id": 497, "chain_order": 104, "margin_m": 100, "names": ["EAST BRIGHTON AVENUE", "EAST SENECA TURNPIKE"], "changes": 1, "run_lengths_m": [100.0, 100.0], "min_run_m": 100.0, "start_m": 251.7274547187394, "end_m": 451.7274547187394, "length_m": 199.99999999992335, "chord_m": 199.76421094707223, "ratio": 1.0011803368167564, "max_offset_m": 3.844141080139054}, "geometry": {"type": "LineString", "coordinates": [[-76.12985182847528, 43.0029348554338], [-76.1296432718879, 43.0025006117694], [-76.1294932694052, 43.00207462726139], [-76.1294932694052, 43.00207462726139], [-76.1293152754181, 43.0015336544235], [-76.1292402562104, 43.00126262487281], [-76.1292402562104, 43.00126262487281], [-76.12921316232263, 43.0011983041079]]}}, {"type": "Feature", "properties": {"id": 498, "chain_order": 105, "margin_m": 25, "names": ["BALLARD AVENUE", "FURMAN STREET"], "changes": 1, "run_lengths_m": [25.0, 25.0], "min_run_m": 25.0, "start_m": 105.01339047735092, "end_m": 155.01339047735092, "length_m": 49.99999999981822, "chord_m": 41.33960290533452, "ratio": 1.2094939594440601, "max_offset_m": 12.786579091506232}, "geometry": {"type": "LineString", "coordinates": [[-76.15599125839624, 43.03022091030947], [-76.1558893540356, 43.030008585904284], [-76.1558893540356, 43.030008585904284], [-76.1558583235308, 43.029957571530204], [-76.15583132197, 43.029944606976194], [-76.1557193038506, 43.0299406059106], [-76.15563547407208, 43.02995553705931]]}}, {"type": "Feature", "properties": {"id": 499, "chain_order": 105, "margin_m": 50, "names": ["BALLARD AVENUE", "FURMAN STREET"], "changes": 1, "run_lengths_m": [50.0, 50.0], "min_run_m": 50.0, "start_m": 80.01339047735092, "end_m": 180.01339047735092, "length_m": 100.00000000048583, "chord_m": 75.69303789101495, "ratio": 1.3211254665781647, "max_offset_m": 31.168332293911533}, "geometry": {"type": "LineString", "coordinates": [[-76.15609316347343, 43.03043323460798], [-76.1558893540356, 43.030008585904284], [-76.1558893540356, 43.030008585904284], [-76.1558583235308, 43.029957571530204], [-76.15583132197, 43.029944606976194], [-76.1557193038506, 43.0299406059106], [-76.1556292648114, 43.0299566430048], [-76.15534538567096, 43.03002881797836]]}}, {"type": "Feature", "properties": {"id": 500, "chain_order": 105, "margin_m": 100, "names": ["BALLARD AVENUE", "FURMAN STREET"], "changes": 1, "run_lengths_m": [100.0, 100.0], "min_run_m": 100.0, "start_m": 30.013390477350924, "end_m": 230.01339047735092, "length_m": 200.00000000023834, "chord_m": 145.64265678838404, "ratio": 1.3732240568148553, "max_offset_m": 67.18516409793186}, "geometry": {"type": "LineString", "coordinates": [[-76.1562915329907, 43.0308591961064], [-76.1562512457377, 43.030762603705504], [-76.1558893540356, 43.030008585904284], [-76.1558893540356, 43.030008585904284], [-76.1558583235308, 43.029957571530204], [-76.15583132197, 43.029944606976194], [-76.1557193038506, 43.0299406059106], [-76.1556292648114, 43.0299566430048], [-76.15476555054741, 43.03017623570417]]}}, {"type": "Feature", "properties": {"id": 501, "chain_order": 106, "margin_m": 25, "names": ["BERNIE BLAKE DRIVE", "LOOMIS AVENUE"], "changes": 1, "run_lengths_m": [25.0, 25.0], "min_run_m": 25.0, "start_m": 111.3205322070992, "end_m": 161.3205322070992, "length_m": 49.999999999774396, "chord_m": 49.96762097742068, "ratio": 1.0006480000792584, "max_offset_m": 0.7878051710035793}, "geometry": {"type": "LineString", "coordinates": [[-76.1519068508793, 43.006584355892116], [-76.1519165861326, 43.00658267841451], [-76.1521271799813, 43.006525277083504], [-76.152193073204, 43.00650385700579], [-76.152193073204, 43.00650385700579], [-76.1523762765214, 43.0064442904018], [-76.1523762765214, 43.0064442904018], [-76.15247350068132, 43.00641267727071]]}}, {"type": "Feature", "properties": {"id": 502, "chain_order": 106, "margin_m": 50, "names": ["BERNIE BLAKE DRIVE", "LOOMIS AVENUE"], "changes": 1, "run_lengths_m": [50.0, 50.0], "min_run_m": 50.0, "start_m": 86.3205322070992, "end_m": 186.3205322070992, "length_m": 100.00000000004881, "chord_m": 99.6981843691565, "ratio": 1.0030272931528499, "max_offset_m": 3.2754379601590133}, "geometry": {"type": "LineString", "coordinates": [[-76.15160825347816, 43.00663580664604], [-76.1519165861326, 43.00658267841451], [-76.1521271799813, 43.006525277083504], [-76.152193073204, 43.00650385700579], [-76.152193073204, 43.00650385700579], [-76.1523762765214, 43.0064442904018], [-76.1523762765214, 43.0064442904018], [-76.1525234295481, 43.006396442498], [-76.1527167550821, 43.006334261254516], [-76.1527167550821, 43.006334261254516], [-76.15275433441428, 43.0063221749029]]}}, {"type": "Feature", "properties": {"id": 503, "chain_order": 106, "margin_m": 100, "names": ["BERNIE BLAKE DRIVE", "LOOMIS AVENUE"], "changes": 1, "run_lengths_m": [100.0, 100.0], "min_run_m": 100.0, "start_m": 36.320532207099205, "end_m": 236.3205322070992, "length_m": 199.99999999975552, "chord_m": 186.71822600583778, "ratio": 1.0711327130619936, "max_offset_m": 16.47429751377349}, "geometry": {"type": "LineString", "coordinates": [[-76.1510137820043, 43.00674674407429], [-76.1513151550668, 43.00668768566109], [-76.151586290874, 43.0066395909468], [-76.1519165861326, 43.00658267841451], [-76.1521271799813, 43.006525277083504], [-76.152193073204, 43.00650385700579], [-76.152193073204, 43.00650385700579], [-76.1523762765214, 43.0064442904018], [-76.1523762765214, 43.0064442904018], [-76.1525234295481, 43.006396442498], [-76.1527167550821, 43.006334261254516], [-76.1527167550821, 43.006334261254516], [-76.1528874313928, 43.006279367808496], [-76.1529257553194, 43.006267833622495], [-76.1529257553194, 43.006267833622495], [-76.1529791098574, 43.006251762092596], [-76.1530540985224, 43.00623385249759], [-76.1531430083793, 43.006233334845], [-76.1531921210725, 43.00625547828519], [-76.1532234623945, 43.0062963780683], [-76.1532409896002, 43.00635341621347]]}}, {"type": "Feature", "properties": {"id": 504, "chain_order": 107, "margin_m": 25, "names": ["CORAL AVENUE", "ATLANTIC AVENUE"], "changes": 1, "run_lengths_m": [25.0, 25.0], "min_run_m": 25.0, "start_m": 166.7059510731056, "end_m": 216.7059510731056, "length_m": 49.999999999920334, "chord_m": 46.33832625310328, "ratio": 1.0790204144797273, "max_offset_m": 7.620970683120424}, "geometry": {"type": "LineString", "coordinates": [[-76.150575291068, 43.010150357998945], [-76.1505832455025, 43.010176648390186], [-76.1506552805068, 43.0103676391331], [-76.1506552805068, 43.0103676391331], [-76.1507223550141, 43.01045062082489], [-76.1508042463337, 43.0104925707837], [-76.15087816651221, 43.01050346003588]]}}, {"type": "Feature", "properties": {"id": 505, "chain_order": 107, "margin_m": 50, "names": ["CORAL AVENUE", "ATLANTIC AVENUE"], "changes": 1, "run_lengths_m": [50.0, 50.0], "min_run_m": 50.0, "start_m": 141.7059510731056, "end_m": 241.7059510731056, "length_m": 100.00000000025784, "chord_m": 87.64014829678875, "ratio": 1.1410295617211088, "max_offset_m": 22.378096264711296}, "geometry": {"type": "LineString", "coordinates": [[-76.15050880346836, 43.009930607310764], [-76.1505832455025, 43.010176648390186], [-76.1506552805068, 43.0103676391331], [-76.1506552805068, 43.0103676391331], [-76.1507223550141, 43.01045062082489], [-76.1508042463337, 43.0104925707837], [-76.15117890373855, 43.0105477613904]]}}, {"type": "Feature", "properties": {"id": 506, "chain_order": 107, "margin_m": 100, "names": ["CORAL AVENUE", "ATLANTIC AVENUE"], "changes": 1, "run_lengths_m": [100.0, 100.0], "min_run_m": 100.0, "start_m": 91.70595107310561, "end_m": 291.7059510731056, "length_m": 200.0000000000075, "chord_m": 171.07406876340283, "ratio": 1.16908425365512, "max_offset_m": 50.33197653084542}, "geometry": {"type": "LineString", "coordinates": [[-76.15037582973963, 43.00949110577714], [-76.1505832455025, 43.010176648390186], [-76.1506552805068, 43.0103676391331], [-76.1506552805068, 43.0103676391331], [-76.1507223550141, 43.01045062082489], [-76.1508042463337, 43.0104925707837], [-76.1516803247213, 43.01062162339909], [-76.15178056813096, 43.01063565420104]]}}, {"type": "Feature", "properties": {"id": 507, "chain_order": 108, "margin_m": 25, "names": ["HOWARD STREET", "GERTRUDE STREET"], "changes": 1, "run_lengths_m": [25.0, 25.0], "min_run_m": 25.0, "start_m": 96.63196291134861, "end_m": 146.6319629113486, "length_m": 50.00000000027296, "chord_m": 46.86307251440686, "ratio": 1.066938152313887, "max_offset_m": 6.591158254801317}, "geometry": {"type": "LineString", "coordinates": [[-76.13911574527346, 43.05307258753035], [-76.1391112706408, 43.05325359995032], [-76.13912434561972, 43.0532966030928], [-76.13912434561972, 43.0532966030928], [-76.1391245899615, 43.053398652727], [-76.1390969883261, 43.0534518223145], [-76.13902231307385, 43.05348894487267]]}}, {"type": "Feature", "properties": {"id": 508, "chain_order": 108, "margin_m": 50, "names": ["HOWARD STREET", "GERTRUDE STREET"], "changes": 1, "run_lengths_m": [50.0, 50.0], "min_run_m": 50.0, "start_m": 71.63196291134861, "end_m": 171.6319629113486, "length_m": 99.99999999978662, "chord_m": 89.8237165494733, "ratio": 1.1132917211759814, "max_offset_m": 19.947528100279953}, "geometry": {"type": "LineString", "coordinates": [[-76.13912130885024, 43.05284752317534], [-76.1391112706408, 43.05325359995032], [-76.13912434561972, 43.0532966030928], [-76.13912434561972, 43.0532966030928], [-76.1391245899615, 43.053398652727], [-76.1390969883261, 43.0534518223145], [-76.1389413327452, 43.053529201705004], [-76.13876645439736, 43.053613290929675]]}}, {"type": "Feature", "properties": {"id": 509, "chain_order": 108, "margin_m": 100, "names": ["HOWARD STREET", "GERTRUDE STREET"], "changes": 1, "run_lengths_m": [100.0, 100.0], "min_run_m": 100.0, "start_m": 21.63196291134861, "end_m": 221.6319629113486, "length_m": 199.9999999997341, "chord_m": 177.54233785988302, "ratio": 1.1264918689849333, "max_offset_m": 44.59898598303089}, "geometry": {"type": "LineString", "coordinates": [[-76.1391324359342, 43.0523973944398], [-76.1391112706408, 43.05325359995032], [-76.13912434561972, 43.0532966030928], [-76.13912434561972, 43.0532966030928], [-76.1391245899615, 43.053398652727], [-76.1390969883261, 43.0534518223145], [-76.1389413327452, 43.053529201705004], [-76.13825306670535, 43.053860147524716]]}}, {"type": "Feature", "properties": {"id": 510, "chain_order": 109, "margin_m": 25, "names": ["EAST MATSON AVENUE", "WEST MATSON AVENUE"], "changes": 1, "run_lengths_m": [25.0, 25.0], "min_run_m": 25.0, "start_m": 163.81675531334506, "end_m": 213.81675531334506, "length_m": 50.000000000035485, "chord_m": 49.77762599917666, "ratio": 1.0044673484601798, "max_offset_m": 1.2124909185335961}, "geometry": {"type": "LineString", "coordinates": [[-76.141432077892, 43.01339394564645], [-76.1416692467685, 43.013385595806895], [-76.1417362521056, 43.01337259096969], [-76.1417362521056, 43.01337259096969], [-76.1418383456376, 43.01335257169939], [-76.14203911666424, 43.013344457826705]]}}, {"type": "Feature", "properties": {"id": 511, "chain_order": 109, "margin_m": 50, "names": ["EAST MATSON AVENUE", "WEST MATSON AVENUE"], "changes": 1, "run_lengths_m": [50.0, 50.0], "min_run_m": 50.0, "start_m": 138.81675531334506, "end_m": 238.81675531334506, "length_m": 100.00000000000611, "chord_m": 99.73366316112015, "ratio": 1.0026704808631735, "max_offset_m": 1.4655966599713934}, "geometry": {"type": "LineString", "coordinates": [[-76.14112567920806, 43.01340473208109], [-76.1416692467685, 43.013385595806895], [-76.1417362521056, 43.01337259096969], [-76.1417362521056, 43.01337259096969], [-76.1418383456376, 43.01335257169939], [-76.1423454031887, 43.01333207901457]]}}, {"type": "Feature", "properties": {"id": 512, "chain_order": 109, "margin_m": 100, "names": ["EAST MATSON AVENUE", "WEST MATSON AVENUE"], "changes": 1, "run_lengths_m": [100.0, 100.00000000000003], "min_run_m": 100.0, "start_m": 88.81675531334506, "end_m": 288.8167553133451, "length_m": 199.9999999999801, "chord_m": 199.71128917684112, "ratio": 1.0014456409766768, "max_offset_m": 1.7240886331145486}, "geometry": {"type": "LineString", "coordinates": [[-76.14051288146597, 43.013426302492775], [-76.1416692467685, 43.013385595806895], [-76.1417362521056, 43.01337259096969], [-76.1417362521056, 43.01337259096969], [-76.1418383456376, 43.01335257169939], [-76.14295797581605, 43.013307318935034]]}}, {"type": "Feature", "properties": {"id": 513, "chain_order": 110, "margin_m": 25, "names": ["ELMWOOD AVENUE", "EDGEWOOD AVENUE"], "changes": 1, "run_lengths_m": [25.0, 25.0], "min_run_m": 25.0, "start_m": 311.1052901822355, "end_m": 361.1052901822355, "length_m": 50.000000000012434, "chord_m": 43.798740166212134, "ratio": 1.1415853472101503, "max_offset_m": 10.99260366529366}, "geometry": {"type": "LineString", "coordinates": [[-76.16474703594314, 43.01774197026052], [-76.165053347625, 43.017729653062986], [-76.165053347625, 43.017729653062986], [-76.1651133568826, 43.0177166156492], [-76.1651563268959, 43.017691594315586], [-76.1651813413833, 43.01766459535519], [-76.16522635315417, 43.017563578689106]]}}, {"type": "Feature", "properties": {"id": 514, "chain_order": 110, "margin_m": 50, "names": ["ELMWOOD AVENUE", "EDGEWOOD AVENUE"], "changes": 1, "run_lengths_m": [50.0, 50.0], "min_run_m": 50.0, "start_m": 286.1052901822355, "end_m": 386.1052901822355, "length_m": 100.000000000259, "chord_m": 84.70015232806797, "ratio": 1.1806354209722119, "max_offset_m": 25.53906355094366}, "geometry": {"type": "LineString", "coordinates": [[-76.16444072412096, 43.01775428663949], [-76.165053347625, 43.017729653062986], [-76.165053347625, 43.017729653062986], [-76.1651133568826, 43.0177166156492], [-76.1651563268959, 43.017691594315586], [-76.1651813413833, 43.01766459535519], [-76.16532168860215, 43.017349623101]]}}, {"type": "Feature", "properties": {"id": 515, "chain_order": 110, "margin_m": 100, "names": ["ELMWOOD AVENUE", "EDGEWOOD AVENUE"], "changes": 1, "run_lengths_m": [100.0, 100.0], "min_run_m": 100.0, "start_m": 236.10529018223548, "end_m": 436.1052901822355, "length_m": 200.00000000015288, "chord_m": 164.311832716611, "ratio": 1.2171977921096733, "max_offset_m": 55.699506388170754}, "geometry": {"type": "LineString", "coordinates": [[-76.16382810005587, 43.01777891694181], [-76.165053347625, 43.017729653062986], [-76.165053347625, 43.017729653062986], [-76.1651133568826, 43.0177166156492], [-76.1651563268959, 43.017691594315586], [-76.1651813413833, 43.01766459535519], [-76.1654112552988, 43.0171486125764], [-76.16546282650634, 43.01691290991773]]}}, {"type": "Feature", "properties": {"id": 516, "chain_order": 111, "margin_m": 25, "names": ["RIEGEL STREET", "GREENWAY AVENUE"], "changes": 1, "run_lengths_m": [25.0, 25.0], "min_run_m": 25.0, "start_m": 385.13749529142865, "end_m": 435.13749529142865, "length_m": 50.000000000374456, "chord_m": 41.33316973125364, "ratio": 1.2096822074249844, "max_offset_m": 12.05156311074083}, "geometry": {"type": "LineString", "coordinates": [[-76.11907191119894, 43.05437703913311], [-76.11918926341461, 43.054368591348194], [-76.1192403236553, 43.05438763298519], [-76.1192972409117, 43.05443165013289], [-76.1193133306368, 43.0544656209938], [-76.1193133306368, 43.0544656209938], [-76.1193333181519, 43.0545316118302], [-76.1193493397849, 43.054688676022366]]}}, {"type": "Feature", "properties": {"id": 517, "chain_order": 111, "margin_m": 50, "names": ["RIEGEL STREET", "GREENWAY AVENUE"], "changes": 1, "run_lengths_m": [50.0, 50.0], "min_run_m": 50.0, "start_m": 360.13749529142865, "end_m": 460.13749529142865, "length_m": 100.00000000057187, "chord_m": 72.69926991513113, "ratio": 1.3755296321037547, "max_offset_m": 31.372550755747373}, "geometry": {"type": "LineString", "coordinates": [[-76.11877299892247, 43.05442799115299], [-76.1190633196118, 43.0543776576073], [-76.11918926341461, 43.054368591348194], [-76.1192403236553, 43.05438763298519], [-76.1192972409117, 43.05443165013289], [-76.1193133306368, 43.0544656209938], [-76.1193133306368, 43.0544656209938], [-76.1193333181519, 43.0545316118302], [-76.11937223793346, 43.05491315091982]]}}, {"type": "Feature", "properties": {"id": 518, "chain_order": 111, "margin_m": 100, "names": ["RIEGEL STREET", "GREENWAY AVENUE"], "changes": 1, "run_lengths_m": [100.0, 100.0], "min_run_m": 100.0, "start_m": 310.13749529142865, "end_m": 510.13749529142865, "length_m": 199.99999999999795, "chord_m": 135.63260614493933, "ratio": 1.4745716806936122, "max_offset_m": 70.75594269000591}, "geometry": {"type": "LineString", "coordinates": [[-76.11817797774502, 43.05453867623915], [-76.1185503079227, 43.05446659903509], [-76.1190633196118, 43.0543776576073], [-76.11918926341461, 43.054368591348194], [-76.1192403236553, 43.05438763298519], [-76.1192972409117, 43.05443165013289], [-76.1193133306368, 43.0544656209938], [-76.1193133306368, 43.0544656209938], [-76.1193333181519, 43.0545316118302], [-76.1193783012897, 43.0549725908474], [-76.1193783012897, 43.0549725908474], [-76.1194072058595, 43.05536261342517]]}}, {"type": "Feature", "properties": {"id": 519, "chain_order": 112, "margin_m": 25, "names": ["ALANSON ROAD", "ROBINEAU ROAD"], "changes": 1, "run_lengths_m": [25.0, 25.0], "min_run_m": 25.0, "start_m": 569.9617957483756, "end_m": 619.9617957483756, "length_m": 49.99999999981014, "chord_m": 49.97134897884983, "ratio": 1.0005733489598698, "max_offset_m": 0.3771311026014643}, "geometry": {"type": "LineString", "coordinates": [[-76.17273364481673, 43.02704102110642], [-76.1727402431893, 43.0270685759477], [-76.1727402431893, 43.0270685759477], [-76.1727482902976, 43.02726561156529], [-76.1727482902976, 43.02726561156529], [-76.17276566562485, 43.02749035121836]]}}, {"type": "Feature", "properties": {"id": 520, "chain_order": 112, "margin_m": 50, "names": ["ALANSON ROAD", "ROBINEAU ROAD"], "changes": 1, "run_lengths_m": [50.0, 50.0], "min_run_m": 50.0, "start_m": 544.9617957483756, "end_m": 644.9617957483756, "length_m": 100.00000000012645, "chord_m": 99.86162459710614, "ratio": 1.0013856714586669, "max_offset_m": 2.0856586718914745}, "geometry": {"type": "LineString", "coordinates": [[-76.17268809886795, 43.026818635275], [-76.172693307114, 43.0268725700581], [-76.1727402431893, 43.0270685759477], [-76.1727402431893, 43.0270685759477], [-76.1727482902976, 43.02726561156529], [-76.1727482902976, 43.02726561156529], [-76.17278304109682, 43.02771509085862]]}}, {"type": "Feature", "properties": {"id": 521, "chain_order": 113, "margin_m": 25, "names": ["RIDGEWOOD DRIVE", "NORTHCLIFFE ROAD"], "changes": 1, "run_lengths_m": [25.0, 25.0], "min_run_m": 25.0, "start_m": 172.49307209774904, "end_m": 222.49307209774904, "length_m": 50.00000000009602, "chord_m": 48.486893543465925, "ratio": 1.0312065043984242, "max_offset_m": 5.764463629021026}, "geometry": {"type": "LineString", "coordinates": [[-76.09407921530675, 43.06774829730527], [-76.0941551559089, 43.06767396537499], [-76.09427726480381, 43.067576652780495], [-76.09427726480381, 43.067576652780495], [-76.0944203179195, 43.067519634640796], [-76.09455836489884, 43.06748908576565]]}}, {"type": "Feature", "properties": {"id": 522, "chain_order": 113, "margin_m": 50, "names": ["RIDGEWOOD DRIVE", "NORTHCLIFFE ROAD"], "changes": 1, "run_lengths_m": [50.0, 50.0], "min_run_m": 50.0, "start_m": 147.49307209774904, "end_m": 247.49307209774904, "length_m": 100.00000000018981, "chord_m": 92.73932649227464, "ratio": 1.078291203770172, "max_offset_m": 17.088346145100722}, "geometry": {"type": "LineString", "coordinates": [[-76.09394405711305, 43.06794827377488], [-76.0939446995024, 43.067945799702585], [-76.0939846062606, 43.06785964658809], [-76.0940297897228, 43.0677966757701], [-76.0941551559089, 43.06767396537499], [-76.09427726480381, 43.067576652780495], [-76.09427726480381, 43.067576652780495], [-76.0944203179195, 43.067519634640796], [-76.0946372233313, 43.0674716348328], [-76.09486032078537, 43.0674522978725]]}}, {"type": "Feature", "properties": {"id": 523, "chain_order": 113, "margin_m": 100, "names": ["RIDGEWOOD DRIVE", "NORTHCLIFFE ROAD"], "changes": 1, "run_lengths_m": [100.0, 100.00000000000003], "min_run_m": 100.0, "start_m": 97.49307209774904, "end_m": 297.49307209774906, "length_m": 199.99999999979568, "chord_m": 165.34850229675519, "ratio": 1.2095664443385798, "max_offset_m": 50.639440710967484}, "geometry": {"type": "LineString", "coordinates": [[-76.09394507636804, 43.068396474625295], [-76.0939212157443, 43.06803624396889], [-76.0939212157443, 43.06803624396889], [-76.0939446995024, 43.067945799702585], [-76.0939846062606, 43.06785964658809], [-76.0940297897228, 43.0677966757701], [-76.0941551559089, 43.06767396537499], [-76.09427726480381, 43.067576652780495], [-76.09427726480381, 43.067576652780495], [-76.0944203179195, 43.067519634640796], [-76.0946372233313, 43.0674716348328], [-76.0950412909361, 43.06743661196611], [-76.0950412909361, 43.06743661196611], [-76.09547210758026, 43.067415089630934]]}}, {"type": "Feature", "properties": {"id": 524, "chain_order": 114, "margin_m": 25, "names": ["PARRISH LANE", "HAYES TERRACE"], "changes": 1, "run_lengths_m": [25.0, 25.0], "min_run_m": 25.0, "start_m": 457.3744112166933, "end_m": 507.3744112166933, "length_m": 49.99999999995557, "chord_m": 48.185809690299855, "ratio": 1.037649887411167, "max_offset_m": 5.50302010473617}, "geometry": {"type": "LineString", "coordinates": [[-76.13817974114654, 42.98626298403871], [-76.1381072371224, 42.98626561238879], [-76.1379543366746, 42.98624858212649], [-76.1378792887208, 42.986229607401505], [-76.1378792887208, 42.986229607401505], [-76.1377503355617, 42.9861875758185], [-76.13762964522255, 42.98610441065398]]}}, {"type": "Feature", "properties": {"id": 525, "chain_order": 114, "margin_m": 50, "names": ["PARRISH LANE", "HAYES TERRACE"], "changes": 1, "run_lengths_m": [50.0, 49.99999999999994], "min_run_m": 49.99999999999994, "start_m": 432.3744112166933, "end_m": 532.3744112166933, "length_m": 99.99999999994117, "chord_m": 91.33711492407546, "ratio": 1.0948451796738574, "max_offset_m": 17.845006602385517}, "geometry": {"type": "LineString", "coordinates": [[-76.1384859842064, 42.98625188188427], [-76.1381072371224, 42.98626561238879], [-76.1379543366746, 42.98624858212649], [-76.1378792887208, 42.986229607401505], [-76.1378792887208, 42.986229607401505], [-76.1377503355617, 42.9861875758185], [-76.1375863436151, 42.98607457234369], [-76.1374712676305, 42.98593361736249], [-76.137462403504, 42.9859177288111]]}}, {"type": "Feature", "properties": {"id": 526, "chain_order": 114, "margin_m": 100, "names": ["PARRISH LANE", "HAYES TERRACE"], "changes": 1, "run_lengths_m": [100.0, 99.99999999999994], "min_run_m": 99.99999999999994, "start_m": 382.3744112166933, "end_m": 582.3744112166933, "length_m": 200.00000000008805, "chord_m": 168.35503626925873, "ratio": 1.1879656494517807, "max_offset_m": 49.84871340645342}, "geometry": {"type": "LineString", "coordinates": [[-76.13909846994305, 42.986229675120605], [-76.1381072371224, 42.98626561238879], [-76.1379543366746, 42.98624858212649], [-76.1378792887208, 42.986229607401505], [-76.1378792887208, 42.986229607401505], [-76.1377503355617, 42.9861875758185], [-76.1375863436151, 42.98607457234369], [-76.1374712676305, 42.98593361736249], [-76.1373702960943, 42.9857526298489], [-76.1373092474859, 42.9855416196756], [-76.13729919359913, 42.98548602777626]]}}, {"type": "Feature", "properties": {"id": 527, "chain_order": 115, "margin_m": 25, "names": ["EAST WASHINGTON STREET", "LOMBARD AVENUE"], "changes": 1, "run_lengths_m": [25.0, 25.0], "min_run_m": 25.0, "start_m": 155.6045811511415, "end_m": 205.6045811511415, "length_m": 49.9999999999811, "chord_m": 49.31692538628784, "ratio": 1.0138507136919606, "max_offset_m": 2.8692180515116847}, "geometry": {"type": "LineString", "coordinates": [[-76.125749399687, 43.049225846604564], [-76.1255432441502, 43.04917366242429], [-76.1254683201639, 43.0491386501115], [-76.1254683201639, 43.0491386501115], [-76.1253762697968, 43.04914063590461], [-76.12516826237395, 43.049101215814254]]}}, {"type": "Feature", "properties": {"id": 528, "chain_order": 115, "margin_m": 50, "names": ["EAST WASHINGTON STREET", "LOMBARD AVENUE"], "changes": 1, "run_lengths_m": [50.0, 50.0], "min_run_m": 50.0, "start_m": 130.6045811511415, "end_m": 230.6045811511415, "length_m": 99.99999999993975, "chord_m": 99.06732098740451, "ratio": 1.0094145981060072, "max_offset_m": 2.7248950333990285}, "geometry": {"type": "LineString", "coordinates": [[-76.12605273209589, 43.04925675030875], [-76.1259492593024, 43.0492526030212], [-76.1257603480898, 43.04922861796239], [-76.1255432441502, 43.04917366242429], [-76.1254683201639, 43.0491386501115], [-76.1254683201639, 43.0491386501115], [-76.1253762697968, 43.04914063590461], [-76.1250013417433, 43.04906958188979], [-76.12487253177197, 43.049041127436894]]}}, {"type": "Feature", "properties": {"id": 529, "chain_order": 115, "margin_m": 100, "names": ["EAST WASHINGTON STREET", "LOMBARD AVENUE"], "changes": 1, "run_lengths_m": [100.0, 99.99999999999997], "min_run_m": 99.99999999999997, "start_m": 80.6045811511415, "end_m": 280.6045811511415, "length_m": 200.00000000005204, "chord_m": 196.6554205476954, "ratio": 1.0170073087385123, "max_offset_m": 13.99842678047682}, "geometry": {"type": "LineString", "coordinates": [[-76.12666299514085, 43.04921620763599], [-76.1262502371434, 43.0492545940623], [-76.1261242304585, 43.04925961597579], [-76.1259492593024, 43.0492526030212], [-76.1257603480898, 43.04922861796239], [-76.1255432441502, 43.04917366242429], [-76.1254683201639, 43.0491386501115], [-76.1254683201639, 43.0491386501115], [-76.1253762697968, 43.04914063590461], [-76.1250013417433, 43.04906958188979], [-76.1243043146598, 43.048915604764886], [-76.12428457560961, 43.04891175572474]]}}, {"type": "Feature", "properties": {"id": 530, "chain_order": 116, "margin_m": 25, "names": ["BARRINGTON ROAD", "BEAUMONT PLACE"], "changes": 1, "run_lengths_m": [25.0, 25.0], "min_run_m": 25.0, "start_m": 503.19706154374853, "end_m": 553.1970615437485, "length_m": 49.99999999980386, "chord_m": 46.68829757486605, "ratio": 1.070932173520086, "max_offset_m": 8.576218138741021}, "geometry": {"type": "LineString", "coordinates": [[-76.08613565747537, 43.044811195341076], [-76.0862603335939, 43.0448866038878], [-76.0863502441741, 43.044930595028994], [-76.0863872520689, 43.0449335749078], [-76.0863872520689, 43.0449335749078], [-76.08649929444272, 43.04493764458551], [-76.08669137150503, 43.04491414256251]]}}, {"type": "Feature", "properties": {"id": 531, "chain_order": 116, "margin_m": 50, "names": ["BARRINGTON ROAD", "BEAUMONT PLACE"], "changes": 1, "run_lengths_m": [50.0, 50.0], "min_run_m": 50.0, "start_m": 478.19706154374853, "end_m": 578.1970615437485, "length_m": 99.99999999998894, "chord_m": 92.18723244401284, "ratio": 1.0847489109809318, "max_offset_m": 18.9622438327218}, "geometry": {"type": "LineString", "coordinates": [[-76.08589887417018, 43.04466797949118], [-76.0862603335939, 43.0448866038878], [-76.0863502441741, 43.044930595028994], [-76.0863872520689, 43.0449335749078], [-76.0863872520689, 43.0449335749078], [-76.08649929444272, 43.04493764458551], [-76.08699409876257, 43.044877100995336]]}}, {"type": "Feature", "properties": {"id": 532, "chain_order": 116, "margin_m": 100, "names": ["BARRINGTON ROAD", "BEAUMONT PLACE"], "changes": 1, "run_lengths_m": [100.0, 100.0], "min_run_m": 100.0, "start_m": 428.19706154374853, "end_m": 628.1970615437485, "length_m": 199.9999999999003, "chord_m": 183.1851368054669, "ratio": 1.091791634887332, "max_offset_m": 39.704904419921384}, "geometry": {"type": "LineString", "coordinates": [[-76.0854253108557, 43.0443815462748], [-76.0862603335939, 43.0448866038878], [-76.0863502441741, 43.044930595028994], [-76.0863872520689, 43.0449335749078], [-76.0863872520689, 43.0449335749078], [-76.08649929444272, 43.04493764458551], [-76.087537322008, 43.04481063033509], [-76.087537322008, 43.04481063033509], [-76.08759953391231, 43.044802935777646]]}}, {"type": "Feature", "properties": {"id": 533, "chain_order": 117, "margin_m": 25, "names": ["EAST ONONDAGA STREET", "MONTGOMERY STREET"], "changes": 1, "run_lengths_m": [25.0, 25.0], "min_run_m": 25.0, "start_m": 133.37863600829283, "end_m": 183.37863600829283, "length_m": 50.000000000078145, "chord_m": 48.15566713602776, "ratio": 1.0382993938977234, "max_offset_m": 5.83388204915552}, "geometry": {"type": "LineString", "coordinates": [[-76.14851802792221, 43.04719560313857], [-76.14872233778081, 43.0470276244384], [-76.14872233778081, 43.0470276244384], [-76.1487753105347, 43.0469516312169], [-76.1487922545576, 43.046905626774205], [-76.14879775947483, 43.04681361627315]]}}, {"type": "Feature", "properties": {"id": 534, "chain_order": 117, "margin_m": 50, "names": ["EAST ONONDAGA STREET", "MONTGOMERY STREET"], "changes": 1, "run_lengths_m": [50.0, 50.0], "min_run_m": 50.0, "start_m": 108.37863600829283, "end_m": 208.37863600829283, "length_m": 99.99999999963512, "chord_m": 94.70168565555254, "ratio": 1.0559474132630915, "max_offset_m": 15.033273203839626}, "geometry": {"type": "LineString", "coordinates": [[-76.14830545754194, 43.04735771584901], [-76.14840733095, 43.047286615021605], [-76.14872233778081, 43.0470276244384], [-76.14872233778081, 43.0470276244384], [-76.1487753105347, 43.0469516312169], [-76.1487922545576, 43.046905626774205], [-76.1488083514692, 43.046636578510494], [-76.1488083514692, 43.046636578510494], [-76.14880770655903, 43.04658868779837]]}}, {"type": "Feature", "properties": {"id": 535, "chain_order": 117, "margin_m": 100, "names": ["EAST ONONDAGA STREET", "MONTGOMERY STREET"], "changes": 1, "run_lengths_m": [100.0, 99.99999999999997], "min_run_m": 99.99999999999997, "start_m": 58.37863600829283, "end_m": 258.3786360082928, "length_m": 199.9999999996216, "chord_m": 186.3735771642737, "ratio": 1.073113490885767, "max_offset_m": 35.167748732345224}, "geometry": {"type": "LineString", "coordinates": [[-76.1478608222118, 43.04766810029037], [-76.1478742850334, 43.04765864262681], [-76.14840733095, 43.047286615021605], [-76.14872233778081, 43.0470276244384], [-76.14872233778081, 43.0470276244384], [-76.1487753105347, 43.0469516312169], [-76.1487922545576, 43.046905626774205], [-76.1488083514692, 43.046636578510494], [-76.1488083514692, 43.046636578510494], [-76.1488032616148, 43.0462586047731], [-76.14880192409258, 43.04613850553805]]}}, {"type": "Feature", "properties": {"id": 536, "chain_order": 118, "margin_m": 25, "names": ["WEST BEARD AVENUE", "EAST BEARD AVENUE"], "changes": 1, "run_lengths_m": [25.0, 25.0], "min_run_m": 25.0, "start_m": 442.5335442994058, "end_m": 492.5335442994058, "length_m": 50.00000000005645, "chord_m": 49.9810634135394, "ratio": 1.0003788752224092, "max_offset_m": 0.5488422343501276}, "geometry": {"type": "LineString", "coordinates": [[-76.14627483874567, 43.0269628708635], [-76.1461193048533, 43.0270045696574], [-76.14598334034352, 43.0270325856747], [-76.14598334034352, 43.0270325856747], [-76.14569060922611, 43.027100012184405]]}}, {"type": "Feature", "properties": {"id": 537, "chain_order": 118, "margin_m": 50, "names": ["WEST BEARD AVENUE", "EAST BEARD AVENUE"], "changes": 1, "run_lengths_m": [50.0, 50.0], "min_run_m": 50.0, "start_m": 417.5335442994058, "end_m": 517.5335442994058, "length_m": 100.00000000010539, "chord_m": 99.9638799914896, "ratio": 1.0003613305988008, "max_offset_m": 1.2268771418185576}, "geometry": {"type": "LineString", "coordinates": [[-76.14656301803493, 43.02688560899941], [-76.1461193048533, 43.0270045696574], [-76.14598334034352, 43.0270325856747], [-76.14598334034352, 43.0270325856747], [-76.14539787745332, 43.027167437951846]]}}, {"type": "Feature", "properties": {"id": 538, "chain_order": 118, "margin_m": 100, "names": ["WEST BEARD AVENUE", "EAST BEARD AVENUE"], "changes": 1, "run_lengths_m": [100.0, 100.0], "min_run_m": 100.0, "start_m": 367.5335442994058, "end_m": 567.5335442994058, "length_m": 200.00000000004087, "chord_m": 199.93553911963298, "ratio": 1.0003224083156588, "max_offset_m": 1.5959601193960005}, "geometry": {"type": "LineString", "coordinates": [[-76.14714193893369, 43.02673638460401], [-76.1467532782887, 43.026834599065396], [-76.1461193048533, 43.0270045696574], [-76.14598334034352, 43.0270325856747], [-76.14598334034352, 43.0270325856747], [-76.1450322580196, 43.027251650893405], [-76.1450322580196, 43.027251650893405], [-76.1448168310279, 43.02731164583333]]}}, {"type": "Feature", "properties": {"id": 539, "chain_order": 119, "margin_m": 25, "names": ["JASPER PLACE", "JASPER STREET"], "changes": 1, "run_lengths_m": [25.0, 25.0], "min_run_m": 25.0, "start_m": 48.784535383745194, "end_m": 98.7845353837452, "length_m": 50.00000000000178, "chord_m": 49.99456976894125, "ratio": 1.0001086164174555, "max_offset_m": 0.19090525106721007}, "geometry": {"type": "LineString", "coordinates": [[-76.14172101425295, 43.062110111055134], [-76.1414142411105, 43.0621186450523], [-76.1414142411105, 43.0621186450523], [-76.1411852578496, 43.0621216490362], [-76.14110744251072, 43.06212529434887]]}}, {"type": "Feature", "properties": {"id": 540, "chain_order": 119, "margin_m": 50, "names": ["JASPER PLACE", "JASPER STREET"], "changes": 1, "run_lengths_m": [50.0, 50.0], "min_run_m": 50.0, "start_m": 23.784535383745194, "end_m": 123.7845353837452, "length_m": 99.99999999998234, "chord_m": 99.98671582065083, "ratio": 1.0001328594426018, "max_offset_m": 0.6741562760839076}, "geometry": {"type": "LineString", "coordinates": [[-76.14202778729278, 43.062101576236444], [-76.1414142411105, 43.0621186450523], [-76.1414142411105, 43.0621186450523], [-76.1411852578496, 43.0621216490362], [-76.14080107311774, 43.06213964591415]]}}, {"type": "Feature", "properties": {"id": 541, "chain_order": 120, "margin_m": 25, "names": ["WHEATON ROAD", "DORCHESTER AVENUE"], "changes": 1, "run_lengths_m": [25.0, 25.0], "min_run_m": 25.0, "start_m": 532.6505558048275, "end_m": 582.6505558048275, "length_m": 50.00000000027925, "chord_m": 45.03757445527861, "ratio": 1.1101841208151257, "max_offset_m": 9.926947128883025}, "geometry": {"type": "LineString", "coordinates": [[-76.12573642406161, 43.06824855722577], [-76.1255672462363, 43.06819461200539], [-76.1254703171188, 43.0681396452442], [-76.1254703171188, 43.0681396452442], [-76.1254342488619, 43.06810163941249], [-76.125414233499, 43.06806158406351], [-76.12540164438788, 43.067925755335814]]}}, {"type": "Feature", "properties": {"id": 542, "chain_order": 120, "margin_m": 50, "names": ["WHEATON ROAD", "DORCHESTER AVENUE"], "changes": 1, "run_lengths_m": [50.0, 50.0], "min_run_m": 50.0, "start_m": 507.6505558048275, "end_m": 607.6505558048275, "length_m": 100.00000000011259, "chord_m": 89.19452998480071, "ratio": 1.1211449852042856, "max_offset_m": 21.321573420529678}, "geometry": {"type": "LineString", "coordinates": [[-76.12599468313248, 43.06836633008937], [-76.1258683184004, 43.0682906137329], [-76.1255672462363, 43.06819461200539], [-76.1254703171188, 43.0681396452442], [-76.1254703171188, 43.0681396452442], [-76.1254342488619, 43.06810163941249], [-76.125414233499, 43.06806158406351], [-76.12538082929971, 43.06770117192461]]}}, {"type": "Feature", "properties": {"id": 543, "chain_order": 121, "margin_m": 25, "names": ["HOUSTON AVENUE", "HARVARD PLACE"], "changes": 1, "run_lengths_m": [25.0, 25.0], "min_run_m": 25.0, "start_m": 536.8732249352133, "end_m": 586.8732249352133, "length_m": 50.00000000030752, "chord_m": 49.83887886399829, "ratio": 1.0032328403042312, "max_offset_m": 1.7143674489997567}, "geometry": {"type": "LineString", "coordinates": [[-76.1141198710091, 43.04122323745788], [-76.11427926431111, 43.04141559762541], [-76.11427926431111, 43.04141559762541], [-76.1143623288304, 43.0415146534993], [-76.11446186321527, 43.04159533420984]]}}, {"type": "Feature", "properties": {"id": 544, "chain_order": 121, "margin_m": 50, "names": ["HOUSTON AVENUE", "HARVARD PLACE"], "changes": 1, "run_lengths_m": [50.0, 50.0], "min_run_m": 50.0, "start_m": 511.87322493521333, "end_m": 611.8732249352133, "length_m": 100.00000000006453, "chord_m": 98.11264870022755, "ratio": 1.0192365747417906, "max_offset_m": 8.156127736754376}, "geometry": {"type": "LineString", "coordinates": [[-76.11396047871109, 43.04103087705081], [-76.11427926431111, 43.04141559762541], [-76.11427926431111, 43.04141559762541], [-76.1143623288304, 43.0415146534993], [-76.11449427607431, 43.0416216074018], [-76.11459772875742, 43.0416749171935], [-76.1147151882741, 43.04171934094977]]}}, {"type": "Feature", "properties": {"id": 545, "chain_order": 122, "margin_m": 25, "names": ["WEST CORNING AVENUE", "EAST CORNING AVENUE"], "changes": 1, "run_lengths_m": [25.0, 25.0], "min_run_m": 25.0, "start_m": 508.24703516684735, "end_m": 558.2470351668474, "length_m": 49.99999999995521, "chord_m": 49.89758836783781, "ratio": 1.0020524365098056, "max_offset_m": 1.2319460434486647}, "geometry": {"type": "LineString", "coordinates": [[-76.14239650716623, 43.018787707880776], [-76.1420953482505, 43.01883059389309], [-76.1420953482505, 43.01883059389309], [-76.1418773145546, 43.018839613518395], [-76.14179040454749, 43.0188514652524]]}}, {"type": "Feature", "properties": {"id": 546, "chain_order": 122, "margin_m": 50, "names": ["WEST CORNING AVENUE", "EAST CORNING AVENUE"], "changes": 1, "run_lengths_m": [50.0, 50.0], "min_run_m": 50.0, "start_m": 483.24703516684735, "end_m": 583.2470351668474, "length_m": 99.99999999997902, "chord_m": 99.87517399846041, "ratio": 1.001249820115663, "max_offset_m": 1.3913332375222929}, "geometry": {"type": "LineString", "coordinates": [[-76.14269935669506, 43.01875233812334], [-76.1425162790297, 43.0187706517403], [-76.1420953482505, 43.01883059389309], [-76.1420953482505, 43.01883059389309], [-76.1418773145546, 43.018839613518395], [-76.1416792495092, 43.018866623127494], [-76.14148698108714, 43.018883991334306]]}}, {"type": "Feature", "properties": {"id": 547, "chain_order": 123, "margin_m": 25, "names": ["WESTWOOD ROAD", "JUNEWAY ROAD"], "changes": 1, "run_lengths_m": [25.0, 25.0], "min_run_m": 25.0, "start_m": 334.67334685716, "end_m": 384.67334685716, "length_m": 49.99999999998063, "chord_m": 42.869674989525464, "ratio": 1.166325613903006, "max_offset_m": 11.275052118166482}, "geometry": {"type": "LineString", "coordinates": [[-76.19651963568484, 43.02617754704198], [-76.1965242991631, 43.02619463119469], [-76.1965223264627, 43.0262826297419], [-76.1964822768724, 43.0263376182625], [-76.1964203604914, 43.026372574633996], [-76.1964203604914, 43.026372574633996], [-76.1963532823909, 43.026394617561394], [-76.19612615782215, 43.02643378159726]]}}, {"type": "Feature", "properties": {"id": 548, "chain_order": 123, "margin_m": 50, "names": ["WESTWOOD ROAD", "JUNEWAY ROAD"], "changes": 1, "run_lengths_m": [50.0, 50.0], "min_run_m": 50.0, "start_m": 309.67334685716, "end_m": 409.67334685716, "length_m": 99.99999999965065, "chord_m": 78.14452186794163, "ratio": 1.2796802336143682, "max_offset_m": 29.252881784006583}, "geometry": {"type": "LineString", "coordinates": [[-76.19645938656832, 43.02595682995237], [-76.1965242991631, 43.02619463119469], [-76.1965223264627, 43.0262826297419], [-76.1964822768724, 43.0263376182625], [-76.1964203604914, 43.026372574633996], [-76.1964203604914, 43.026372574633996], [-76.1963532823909, 43.026394617561394], [-76.1958662948955, 43.0264785902325], [-76.19582785234647, 43.026486345588665]]}}, {"type": "Feature", "properties": {"id": 549, "chain_order": 123, "margin_m": 100, "names": ["WESTWOOD ROAD", "JUNEWAY ROAD"], "changes": 1, "run_lengths_m": [100.0, 100.0], "min_run_m": 100.0, "start_m": 259.67334685716, "end_m": 459.67334685716, "length_m": 199.9999999998368, "chord_m": 150.60772086350332, "ratio": 1.3279531676938263, "max_offset_m": 63.895706098492255}, "geometry": {"type": "LineString", "coordinates": [[-76.19633888968161, 43.025515395637285], [-76.1965242991631, 43.02619463119469], [-76.1965223264627, 43.0262826297419], [-76.1964822768724, 43.0263376182625], [-76.1964203604914, 43.026372574633996], [-76.1964203604914, 43.026372574633996], [-76.1963532823909, 43.026394617561394], [-76.1958662948955, 43.0264785902325], [-76.1953753027107, 43.02657764132421], [-76.1952352953, 43.02660321290399]]}}, {"type": "Feature", "properties": {"id": 550, "chain_order": 124, "margin_m": 25, "names": ["SMITH LANE", "MOORE AVENUE"], "changes": 1, "run_lengths_m": [25.0, 25.0], "min_run_m": 25.0, "start_m": 126.33531965816678, "end_m": 176.33531965816678, "length_m": 50.000000000524764, "chord_m": 45.96280609262514, "ratio": 1.0878361059976147, "max_offset_m": 8.480816729886271}, "geometry": {"type": "LineString", "coordinates": [[-76.13653055033878, 43.02219427127098], [-76.1366313015174, 43.0222196118434], [-76.1367013269904, 43.0222566465409], [-76.1367792809941, 43.0223176465945], [-76.1367792809941, 43.0223176465945], [-76.1368249163089, 43.0223704392213], [-76.13684542305022, 43.0224262278796], [-76.13685935857394, 43.02253053280424]]}}, {"type": "Feature", "properties": {"id": 551, "chain_order": 124, "margin_m": 50, "names": ["SMITH LANE", "MOORE AVENUE"], "changes": 1, "run_lengths_m": [50.0, 50.0], "min_run_m": 50.0, "start_m": 101.33531965816678, "end_m": 201.33531965816678, "length_m": 100.00000000008805, "chord_m": 84.81386381385474, "ratio": 1.1790525216439036, "max_offset_m": 24.04209100065183}, "geometry": {"type": "LineString", "coordinates": [[-76.1362281757519, 43.02215892643768], [-76.1364962865268, 43.02218565333569], [-76.1366313015174, 43.0222196118434], [-76.1367013269904, 43.0222566465409], [-76.1367792809941, 43.0223176465945], [-76.1367792809941, 43.0223176465945], [-76.1368249163089, 43.0223704392213], [-76.13684542305022, 43.0224262278796], [-76.1368712541062, 43.0226195684496], [-76.1368712541062, 43.0226195684496], [-76.13687863597202, 43.02275510045758]]}}, {"type": "Feature", "properties": {"id": 552, "chain_order": 124, "margin_m": 100, "names": ["SMITH LANE", "MOORE AVENUE"], "changes": 1, "run_lengths_m": [100.0, 100.0], "min_run_m": 100.0, "start_m": 51.33531965816678, "end_m": 251.33531965816678, "length_m": 199.99999999949446, "chord_m": 175.60309659802522, "ratio": 1.1389320796393267, "max_offset_m": 40.592451078772555}, "geometry": {"type": "LineString", "coordinates": [[-76.13583007076294, 43.02183416574949], [-76.1358642112316, 43.0218917042877], [-76.1359189707347, 43.0219554919568], [-76.1359819291614, 43.02202396219209], [-76.1359819291614, 43.02202396219209], [-76.1360493459269, 43.022074647560395], [-76.1361603193055, 43.022142613936], [-76.1362153339301, 43.022157646271104], [-76.1364962865268, 43.02218565333569], [-76.1366313015174, 43.0222196118434], [-76.1367013269904, 43.0222566465409], [-76.1367792809941, 43.0223176465945], [-76.1367792809941, 43.0223176465945], [-76.1368249163089, 43.0223704392213], [-76.13684542305022, 43.0224262278796], [-76.1368712541062, 43.0226195684496], [-76.1368712541062, 43.0226195684496], [-76.1368861041561, 43.0228922165503], [-76.1368861041561, 43.0228922165503], [-76.1369022522717, 43.023188641965], [-76.1369022522717, 43.023188641965], [-76.13690421198031, 43.023204896027046]]}}, {"type": "Feature", "properties": {"id": 553, "chain_order": 125, "margin_m": 25, "names": ["NORTH LORRAINE AVENUE", "LORRAINE AVENUE"], "changes": 1, "run_lengths_m": [25.0, 25.0], "min_run_m": 25.0, "start_m": 134.98261892824985, "end_m": 184.98261892824985, "length_m": 50.000000000029274, "chord_m": 49.999678187471034, "ratio": 1.0000064362925905, "max_offset_m": 0.08969552979633845}, "geometry": {"type": "LineString", "coordinates": [[-76.13226192834689, 43.025463614835374], [-76.1322533116745, 43.025238600937705], [-76.1322533116745, 43.025238600937705], [-76.13224249463228, 43.02501363818607]]}}, {"type": "Feature", "properties": {"id": 554, "chain_order": 125, "margin_m": 50, "names": ["NORTH LORRAINE AVENUE", "LORRAINE AVENUE"], "changes": 1, "run_lengths_m": [50.0, 50.0], "min_run_m": 50.0, "start_m": 109.98261892824985, "end_m": 209.98261892824985, "length_m": 100.00000000038789, "chord_m": 99.99285274111607, "ratio": 1.0000714777014146, "max_offset_m": 0.3613318781912337}, "geometry": {"type": "LineString", "coordinates": [[-76.1322762772398, 43.025688430739386], [-76.1322662932287, 43.02557759759919], [-76.1322533116745, 43.025238600937705], [-76.1322533116745, 43.025238600937705], [-76.1322322524694, 43.02480062938139], [-76.13223125095499, 43.024788690578745]]}}, {"type": "Feature", "properties": {"id": 555, "chain_order": 125, "margin_m": 100, "names": ["NORTH LORRAINE AVENUE", "LORRAINE AVENUE"], "changes": 1, "run_lengths_m": [100.0, 100.0], "min_run_m": 100.0, "start_m": 59.98261892824985, "end_m": 259.98261892824985, "length_m": 200.00000000012218, "chord_m": 199.97432864039453, "ratio": 1.000128373276221, "max_offset_m": 0.9835065752554117}, "geometry": {"type": "LineString", "coordinates": [[-76.13231674452261, 43.026137656014015], [-76.1322662932287, 43.02557759759919], [-76.1322533116745, 43.025238600937705], [-76.1322533116745, 43.025238600937705], [-76.1322322524694, 43.02480062938139], [-76.13219355606573, 43.02433933542082]]}}, {"type": "Feature", "properties": {"id": 556, "chain_order": 126, "margin_m": 25, "names": ["HERBST AVENUE", "PATTISON STREET"], "changes": 1, "run_lengths_m": [25.0, 25.0], "min_run_m": 25.0, "start_m": 258.3982687275836, "end_m": 308.3982687275836, "length_m": 49.99999999999449, "chord_m": 49.9994627964905, "ratio": 1.0000107441855162, "max_offset_m": 0.11588794351876293}, "geometry": {"type": "LineString", "coordinates": [[-76.12543396577026, 43.05900276862556], [-76.1257403345236, 43.05898857990059], [-76.1257403345236, 43.05898857990059], [-76.12604686935697, 43.05897647371902]]}}, {"type": "Feature", "properties": {"id": 557, "chain_order": 126, "margin_m": 50, "names": ["HERBST AVENUE", "PATTISON STREET"], "changes": 1, "run_lengths_m": [50.0, 50.0], "min_run_m": 50.0, "start_m": 233.39826872758363, "end_m": 333.3982687275836, "length_m": 100.00000000000952, "chord_m": 99.99892559299722, "ratio": 1.0000107441855592, "max_offset_m": 0.2317758875014057}, "geometry": {"type": "LineString", "coordinates": [[-76.12512759685845, 43.05901695653178], [-76.1257403345236, 43.05898857990059], [-76.1257403345236, 43.05898857990059], [-76.12635340405251, 43.05896436671757]]}}, {"type": "Feature", "properties": {"id": 558, "chain_order": 126, "margin_m": 100, "names": ["HERBST AVENUE", "PATTISON STREET"], "changes": 1, "run_lengths_m": [100.0, 100.0], "min_run_m": 100.0, "start_m": 183.39826872758363, "end_m": 383.3982687275836, "length_m": 200.00000000001907, "chord_m": 199.99785118599445, "ratio": 1.0000107441855595, "max_offset_m": 0.46355177500543143}, "geometry": {"type": "LineString", "coordinates": [[-76.12451485855942, 43.05904532988789], [-76.1257403345236, 43.05898857990059], [-76.1257403345236, 43.05898857990059], [-76.12696647302991, 43.05894015025502]]}}, {"type": "Feature", "properties": {"id": 559, "chain_order": 127, "margin_m": 25, "names": ["EAST JEFFERSON STREET", "WEST JEFFERSON STREET"], "changes": 1, "run_lengths_m": [25.0, 25.0], "min_run_m": 25.0, "start_m": 361.47434644439227, "end_m": 411.47434644439227, "length_m": 49.99999999997964, "chord_m": 49.99567282870195, "ratio": 1.0000865509159667, "max_offset_m": 0.25096238732042925}, "geometry": {"type": "LineString", "coordinates": [[-76.15192637116604, 43.047044444212325], [-76.1521793514381, 43.0470436557544], [-76.152233270118, 43.0470446437613], [-76.152233270118, 43.0470446437613], [-76.1523413158872, 43.0470446365399], [-76.15254013488409, 43.04704801278587]]}}, {"type": "Feature", "properties": {"id": 560, "chain_order": 127, "margin_m": 50, "names": ["EAST JEFFERSON STREET", "WEST JEFFERSON STREET"], "changes": 1, "run_lengths_m": [50.0, 50.0], "min_run_m": 50.0, "start_m": 336.47434644439227, "end_m": 436.47434644439227, "length_m": 100.00000000002086, "chord_m": 99.99095040081112, "ratio": 1.0000905041823631, "max_offset_m": 0.5958538052463994}, "geometry": {"type": "LineString", "coordinates": [[-76.15161945584904, 43.04704540001751], [-76.1521793514381, 43.0470436557544], [-76.152233270118, 43.0470446437613], [-76.152233270118, 43.0470446437613], [-76.1523413158872, 43.0470446365399], [-76.15284697072886, 43.04705322264164]]}}, {"type": "Feature", "properties": {"id": 561, "chain_order": 127, "margin_m": 100, "names": ["EAST JEFFERSON STREET", "WEST JEFFERSON STREET"], "changes": 1, "run_lengths_m": [100.0, 100.0], "min_run_m": 100.0, "start_m": 286.47434644439227, "end_m": 486.47434644439227, "length_m": 199.99999999997263, "chord_m": 199.98117063564078, "ratio": 1.0000941556861178, "max_offset_m": 1.2969692436082805}, "geometry": {"type": "LineString", "coordinates": [[-76.15100562669771, 43.04704755983664], [-76.1515082946495, 43.047045745996094], [-76.1515082946495, 43.047045745996094], [-76.1521793514381, 43.0470436557544], [-76.152233270118, 43.0470446437613], [-76.152233270118, 43.0470446437613], [-76.1523413158872, 43.0470446365399], [-76.15346064252111, 43.04706363988286]]}}, {"type": "Feature", "properties": {"id": 562, "chain_order": 128, "margin_m": 25, "names": ["MENLO DRIVE", "BENNINGTON DRIVE"], "changes": 1, "run_lengths_m": [25.0, 25.0], "min_run_m": 25.0, "start_m": 235.84408908795012, "end_m": 285.8440890879501, "length_m": 49.99999999982015, "chord_m": 46.36832024174404, "ratio": 1.0783224352131398, "max_offset_m": 8.295063236365973}, "geometry": {"type": "LineString", "coordinates": [[-76.1384477998532, 43.011919109900774], [-76.1385192467326, 43.01198465115309], [-76.1385842596063, 43.012016602033796], [-76.1386983115114, 43.01201960978509], [-76.1386983115114, 43.01201960978509], [-76.13900444405188, 43.01200540030899]]}}, {"type": "Feature", "properties": {"id": 563, "chain_order": 128, "margin_m": 50, "names": ["MENLO DRIVE", "BENNINGTON DRIVE"], "changes": 1, "run_lengths_m": [50.0, 50.0], "min_run_m": 50.0, "start_m": 210.84408908795012, "end_m": 310.8440890879501, "length_m": 99.99999999986936, "chord_m": 89.90409837989543, "ratio": 1.112296344681786, "max_offset_m": 21.025652390962726}, "geometry": {"type": "LineString", "coordinates": [[-76.13826176870934, 43.0117403555995], [-76.1383023026931, 43.0117856386076], [-76.1385192467326, 43.01198465115309], [-76.1385842596063, 43.012016602033796], [-76.1386983115114, 43.01201960978509], [-76.1386983115114, 43.01201960978509], [-76.13931057643379, 43.0119911900155]]}}, {"type": "Feature", "properties": {"id": 564, "chain_order": 128, "margin_m": 100, "names": ["MENLO DRIVE", "BENNINGTON DRIVE"], "changes": 1, "run_lengths_m": [100.0, 100.0], "min_run_m": 100.0, "start_m": 160.84408908795012, "end_m": 360.8440890879501, "length_m": 200.000000000377, "chord_m": 167.46964006915127, "ratio": 1.1942463118556497, "max_offset_m": 51.72981579504245}, "geometry": {"type": "LineString", "coordinates": [[-76.13806241483364, 43.01132257963126], [-76.1380662964034, 43.0113715972251], [-76.1380953308517, 43.0114886425032], [-76.1381563363409, 43.0116225702256], [-76.1383023026931, 43.0117856386076], [-76.1385192467326, 43.01198465115309], [-76.1385842596063, 43.012016602033796], [-76.1386983115114, 43.01201960978509], [-76.1386983115114, 43.01201960978509], [-76.1399228407219, 43.0119627669763]]}}, {"type": "Feature", "properties": {"id": 565, "chain_order": 129, "margin_m": 25, "names": ["CUMBERLAND AVENUE", "ELLIS STREET"], "changes": 1, "run_lengths_m": [25.0, 25.0], "min_run_m": 25.0, "start_m": 146.47282154269777, "end_m": 196.47282154269777, "length_m": 50.00000000026626, "chord_m": 49.74761631283298, "ratio": 1.0050732820211161, "max_offset_m": 1.2178499488828407}, "geometry": {"type": "LineString", "coordinates": [[-76.11334807194153, 43.044856447734254], [-76.1133562705094, 43.0449645901913], [-76.1134012680203, 43.04507662335969], [-76.1134012680203, 43.04507662335969], [-76.113434232598, 43.0451885939558], [-76.1134427024085, 43.0452989707735]]}}, {"type": "Feature", "properties": {"id": 566, "chain_order": 129, "margin_m": 50, "names": ["CUMBERLAND AVENUE", "ELLIS STREET"], "changes": 1, "run_lengths_m": [50.0, 50.0], "min_run_m": 50.0, "start_m": 121.47282154269777, "end_m": 221.47282154269777, "length_m": 100.00000000004667, "chord_m": 99.62372612575459, "ratio": 1.0037769504205967, "max_offset_m": 1.852731085950669}, "geometry": {"type": "LineString", "coordinates": [[-76.11333103273125, 43.04463169220377], [-76.1133562705094, 43.0449645901913], [-76.1134012680203, 43.04507662335969], [-76.1134012680203, 43.04507662335969], [-76.113434232598, 43.0451885939558], [-76.11345994857055, 43.045523717789735]]}}, {"type": "Feature", "properties": {"id": 567, "chain_order": 129, "margin_m": 100, "names": ["CUMBERLAND AVENUE", "ELLIS STREET"], "changes": 1, "run_lengths_m": [100.0, 100.0], "min_run_m": 100.0, "start_m": 71.47282154269777, "end_m": 271.4728215426978, "length_m": 199.9999999996476, "chord_m": 199.56391266015405, "ratio": 1.0021852013907755, "max_offset_m": 2.2350254974380506}, "geometry": {"type": "LineString", "coordinates": [[-76.11329695473503, 43.044182181104944], [-76.1133562705094, 43.0449645901913], [-76.1134012680203, 43.04507662335969], [-76.1134012680203, 43.04507662335969], [-76.113434232598, 43.0451885939558], [-76.1134893334609, 43.04590664889658], [-76.11349574955739, 43.04597315083746]]}}, {"type": "Feature", "properties": {"id": 568, "chain_order": 130, "margin_m": 25, "names": ["ARCH STREET", "CRESLINE DRIVE"], "changes": 1, "run_lengths_m": [25.0, 25.0], "min_run_m": 25.0, "start_m": 252.1892769005404, "end_m": 302.1892769005404, "length_m": 50.000000000032834, "chord_m": 49.99970917234602, "ratio": 1.0000058165875687, "max_offset_m": 0.08526822986947698}, "geometry": {"type": "LineString", "coordinates": [[-76.09950584021182, 43.06191589899041], [-76.0995232571798, 43.062140639041594], [-76.0995232571798, 43.062140639041594], [-76.0995385831014, 43.06236546096725]]}}, {"type": "Feature", "properties": {"id": 569, "chain_order": 130, "margin_m": 50, "names": ["ARCH STREET", "CRESLINE DRIVE"], "changes": 1, "run_lengths_m": [50.0, 50.0], "min_run_m": 50.0, "start_m": 227.1892769005404, "end_m": 327.1892769005404, "length_m": 100.00000000006123, "chord_m": 99.99941834468737, "ratio": 1.0000058165875712, "max_offset_m": 0.1705364597764291}, "geometry": {"type": "LineString", "coordinates": [[-76.09948842338788, 43.06169115892649], [-76.0995232571798, 43.062140639041594], [-76.0995232571798, 43.062140639041594], [-76.0995539091519, 43.06259028288092]]}}, {"type": "Feature", "properties": {"id": 570, "chain_order": 130, "margin_m": 100, "names": ["ARCH STREET", "CRESLINE DRIVE"], "changes": 1, "run_lengths_m": [100.0, 100.0], "min_run_m": 100.0, "start_m": 177.1892769005404, "end_m": 377.1892769005404, "length_m": 200.00000000012477, "chord_m": 199.99883668937707, "ratio": 1.000005816587571, "max_offset_m": 0.3410729195444629}, "geometry": {"type": "LineString", "coordinates": [[-76.09945359017217, 43.06124167876036], [-76.0995232571798, 43.062140639041594], [-76.0995232571798, 43.062140639041594], [-76.09958456163936, 43.063039926672296]]}}, {"type": "Feature", "properties": {"id": 571, "chain_order": 131, "margin_m": 25, "names": ["TERRACE ROAD", "KENSINGTON ROAD"], "changes": 1, "run_lengths_m": [25.0, 25.0], "min_run_m": 25.0, "start_m": 227.67039760937718, "end_m": 277.6703976093772, "length_m": 49.9999999999625, "chord_m": 49.98853195896425, "ratio": 1.0002294134384195, "max_offset_m": 0.5354139949279687}, "geometry": {"type": "LineString", "coordinates": [[-76.1242849988572, 43.03207603546011], [-76.123978326823, 43.0320835939551], [-76.123978326823, 43.0320835939551], [-76.12367237716518, 43.03210077890548]]}}, {"type": "Feature", "properties": {"id": 572, "chain_order": 131, "margin_m": 50, "names": ["TERRACE ROAD", "KENSINGTON ROAD"], "changes": 1, "run_lengths_m": [50.0, 50.0], "min_run_m": 50.0, "start_m": 202.67039760937718, "end_m": 302.6703976093772, "length_m": 100.00000000005278, "chord_m": 99.91987246691318, "ratio": 1.0008019178884173, "max_offset_m": 1.534826517618681}, "geometry": {"type": "LineString", "coordinates": [[-76.12459154307246, 43.032076845793306], [-76.12446431629, 43.032071615471494], [-76.123978326823, 43.0320835939551], [-76.123978326823, 43.0320835939551], [-76.12336642731951, 43.032117963039695]]}}, {"type": "Feature", "properties": {"id": 573, "chain_order": 131, "margin_m": 100, "names": ["TERRACE ROAD", "KENSINGTON ROAD"], "changes": 1, "run_lengths_m": [100.0, 100.0], "min_run_m": 100.0, "start_m": 152.67039760937718, "end_m": 352.6703976093772, "length_m": 200.0000000000945, "chord_m": 196.37336347770872, "ratio": 1.0184680674515079, "max_offset_m": 13.159845612823691}, "geometry": {"type": "LineString", "coordinates": [[-76.12516179817158, 43.03221086973432], [-76.1250503268757, 43.03215257361129], [-76.1248302611907, 43.0320866591647], [-76.12446431629, 43.032071615471494], [-76.123978326823, 43.0320835939551], [-76.123978326823, 43.0320835939551], [-76.1232303230421, 43.0321256072759], [-76.12275351074501, 43.032139499078035]]}}, {"type": "Feature", "properties": {"id": 574, "chain_order": 132, "margin_m": 25, "names": ["WEBSTERS LANDING", "NORTH FRANKLIN STREET"], "changes": 1, "run_lengths_m": [25.0, 25.0], "min_run_m": 25.0, "start_m": 167.58488422245514, "end_m": 217.58488422245514, "length_m": 50.00000000033295, "chord_m": 49.64660845842522, "ratio": 1.0071181406521186, "max_offset_m": 1.2989251420652308}, "geometry": {"type": "LineString", "coordinates": [[-76.15449270771646, 43.0545873054247], [-76.1545183048248, 43.0546046254414], [-76.1545183048248, 43.0546046254414], [-76.1546093356041, 43.0546656609544], [-76.1547043566999, 43.054749617915796], [-76.1547043566999, 43.054749617915796], [-76.1548082827951, 43.05479764606399], [-76.15492814809997, 43.05490013078531]]}}, {"type": "Feature", "properties": {"id": 575, "chain_order": 132, "margin_m": 50, "names": ["WEBSTERS LANDING", "NORTH FRANKLIN STREET"], "changes": 1, "run_lengths_m": [50.0, 50.0], "min_run_m": 50.0, "start_m": 142.58488422245514, "end_m": 242.58488422245514, "length_m": 99.99999999965722, "chord_m": 98.36335448195102, "ratio": 1.0166387729081212, "max_offset_m": 6.63884765423891}, "geometry": {"type": "LineString", "coordinates": [[-76.15423913658557, 43.054462775320594], [-76.1544193041923, 43.054537637607794], [-76.1545183048248, 43.0546046254414], [-76.1545183048248, 43.0546046254414], [-76.1546093356041, 43.0546656609544], [-76.1547043566999, 43.054749617915796], [-76.1547043566999, 43.054749617915796], [-76.1548082827951, 43.05479764606399], [-76.1549463080402, 43.0549156574755], [-76.1550863715627, 43.0550853363065], [-76.1550863715627, 43.0550853363065], [-76.15509082022238, 43.05509072591871]]}}, {"type": "Feature", "properties": {"id": 576, "chain_order": 132, "margin_m": 100, "names": ["WEBSTERS LANDING", "NORTH FRANKLIN STREET"], "changes": 1, "run_lengths_m": [100.0, 99.99999999999997], "min_run_m": 99.99999999999997, "start_m": 92.58488422245514, "end_m": 292.5848842224551, "length_m": 199.99999999972457, "chord_m": 189.93373510411885, "ratio": 1.052998825564545, "max_offset_m": 25.60307058256553}, "geometry": {"type": "LineString", "coordinates": [[-76.15365135563681, 43.05434678918844], [-76.1538592836644, 43.0543695818626], [-76.1539513214551, 43.05437963994879], [-76.1541592886299, 43.05442959033739], [-76.1542380232696, 43.054462312720005], [-76.1542380232696, 43.054462312720005], [-76.1544193041923, 43.054537637607794], [-76.1545183048248, 43.0546046254414], [-76.1545183048248, 43.0546046254414], [-76.1546093356041, 43.0546656609544], [-76.1547043566999, 43.054749617915796], [-76.1547043566999, 43.054749617915796], [-76.1548082827951, 43.05479764606399], [-76.1549463080402, 43.0549156574755], [-76.1550863715627, 43.0550853363065], [-76.1550863715627, 43.0550853363065], [-76.1551542617403, 43.0551675860639], [-76.1551542617403, 43.0551675860639], [-76.1552395648614, 43.05527209997311], [-76.1552395648614, 43.05527209997311], [-76.1553142606755, 43.0553636276085], [-76.15539711681214, 43.05548068424461]]}}, {"type": "Feature", "properties": {"id": 577, "chain_order": 133, "margin_m": 25, "names": ["WEST BISSELL STREET", "EAST BISSELL STREET"], "changes": 1, "run_lengths_m": [25.0, 25.0], "min_run_m": 25.0, "start_m": 172.29212340289945, "end_m": 222.29212340289945, "length_m": 50.00000000006197, "chord_m": 49.921878735885315, "ratio": 1.0015648702764166, "max_offset_m": 1.3969630887892992}, "geometry": {"type": "LineString", "coordinates": [[-76.15917621050443, 43.02587055813773], [-76.1588832753842, 43.0258036258557], [-76.1588832753842, 43.0258036258557], [-76.15860234983141, 43.025713129498364]]}}, {"type": "Feature", "properties": {"id": 578, "chain_order": 133, "margin_m": 50, "names": ["WEST BISSELL STREET", "EAST BISSELL STREET"], "changes": 1, "run_lengths_m": [50.0, 50.0], "min_run_m": 50.0, "start_m": 147.29212340289945, "end_m": 247.29212340289945, "length_m": 100.00000000012395, "chord_m": 99.84375747177063, "ratio": 1.0015648702764166, "max_offset_m": 2.7939261775785984}, "geometry": {"type": "LineString", "coordinates": [[-76.15946914624661, 43.025937489661644], [-76.1588832753842, 43.0258036258557], [-76.1588832753842, 43.0258036258557], [-76.15832142509204, 43.02562263244032]]}}, {"type": "Feature", "properties": {"id": 579, "chain_order": 133, "margin_m": 100, "names": ["WEST BISSELL STREET", "EAST BISSELL STREET"], "changes": 1, "run_lengths_m": [100.0, 100.0], "min_run_m": 100.0, "start_m": 97.29212340289945, "end_m": 297.29212340289945, "length_m": 199.99999999992127, "chord_m": 198.2520279646257, "ratio": 1.0088169188141038, "max_offset_m": 7.806127771843205}, "geometry": {"type": "LineString", "coordinates": [[-76.16005689827861, 43.02602949808261], [-76.1600543021206, 43.02603165229839], [-76.1600202658528, 43.0260426226011], [-76.1599203192943, 43.02604057432979], [-76.1588832753842, 43.0258036258557], [-76.1588832753842, 43.0258036258557], [-76.15775957805364, 43.025441636222084]]}}, {"type": "Feature", "properties": {"id": 580, "chain_order": 134, "margin_m": 25, "names": ["KINGSLEY PLACE", "EMERSON AVENUE"], "changes": 1, "run_lengths_m": [25.0, 25.0], "min_run_m": 25.0, "start_m": 267.2668326214685, "end_m": 317.2668326214685, "length_m": 50.000000000044764, "chord_m": 49.996778250869326, "ratio": 1.0000644391356432, "max_offset_m": 0.28379769990101056}, "geometry": {"type": "LineString", "coordinates": [[-76.19002933867897, 43.05622268063586], [-76.1898912981069, 43.056021626811905], [-76.1898912981069, 43.056021626811905], [-76.18974706971218, 43.055822922704635]]}}, {"type": "Feature", "properties": {"id": 581, "chain_order": 134, "margin_m": 50, "names": ["KINGSLEY PLACE", "EMERSON AVENUE"], "changes": 1, "run_lengths_m": [50.0, 50.0], "min_run_m": 50.0, "start_m": 242.2668326214685, "end_m": 342.2668326214685, "length_m": 100.00000000005065, "chord_m": 99.9352127886713, "ratio": 1.0006482921241822, "max_offset_m": 1.2198106831221647}, "geometry": {"type": "LineString", "coordinates": [[-76.19018468748538, 43.05641643712574], [-76.1900862657613, 43.05630559355449], [-76.1898912981069, 43.056021626811905], [-76.1898912981069, 43.056021626811905], [-76.18960284225923, 43.05562421839767]]}}, {"type": "Feature", "properties": {"id": 582, "chain_order": 134, "margin_m": 100, "names": ["KINGSLEY PLACE", "EMERSON AVENUE"], "changes": 1, "run_lengths_m": [100.0, 100.0], "min_run_m": 100.0, "start_m": 192.2668326214685, "end_m": 392.2668326214685, "length_m": 199.999999999829, "chord_m": 199.09274073434966, "ratio": 1.0045569680849886, "max_offset_m": 6.168659363787967}, "geometry": {"type": "LineString", "coordinates": [[-76.19056036471157, 43.056768907876865], [-76.1903953257448, 43.0566536584709], [-76.1900862657613, 43.05630559355449], [-76.1898912981069, 43.056021626811905], [-76.1898912981069, 43.056021626811905], [-76.1894782617225, 43.0554525807342], [-76.18928742062512, 43.05523850525912]]}}, {"type": "Feature", "properties": {"id": 583, "chain_order": 136, "margin_m": 25, "names": ["NORTH GLENCOVE ROAD", "GLENCOVE ROAD"], "changes": 1, "run_lengths_m": [25.0, 25.000000000000007], "min_run_m": 25.0, "start_m": 23.927641334308497, "end_m": 73.9276413343085, "length_m": 50.000000000013884, "chord_m": 49.998504922082475, "ratio": 1.0000299024527581, "max_offset_m": 0.1933297428508485}, "geometry": {"type": "LineString", "coordinates": [[-76.09444881864128, 43.06464787852725], [-76.0941422291519, 43.0646596445216], [-76.0941422291519, 43.0646596445216], [-76.09383592435675, 43.06467488495079]]}}, {"type": "Feature", "properties": {"id": 584, "chain_order": 137, "margin_m": 25, "names": ["EDISON STREET", "SAND STREET"], "changes": 1, "run_lengths_m": [25.0, 25.0], "min_run_m": 25.0, "start_m": 193.98835410936445, "end_m": 243.98835410936445, "length_m": 50.000000000129646, "chord_m": 41.61066927122286, "ratio": 1.2016148953102441, "max_offset_m": 12.041239809828678}, "geometry": {"type": "LineString", "coordinates": [[-76.1680841018423, 43.05557760984299], [-76.1679222872664, 43.05557764250089], [-76.1678033530177, 43.0555676003647], [-76.1677803615363, 43.0555596403017], [-76.1677803615363, 43.0555596403017], [-76.1677472433468, 43.055548632610005], [-76.1676843109712, 43.055506591348724], [-76.1676502549405, 43.0554526398096], [-76.16765336560127, 43.05537611767672]]}}, {"type": "Feature", "properties": {"id": 585, "chain_order": 137, "margin_m": 50, "names": ["EDISON STREET", "SAND STREET"], "changes": 1, "run_lengths_m": [50.0, 49.99999999999997], "min_run_m": 49.99999999999997, "start_m": 168.98835410936445, "end_m": 268.9883541093644, "length_m": 99.99999999965104, "chord_m": 75.29358057975995, "ratio": 1.3281344734790386, "max_offset_m": 30.52208475679541}, "geometry": {"type": "LineString", "coordinates": [[-76.16839068377229, 43.055568809635005], [-76.1682012779425, 43.0555775860513], [-76.1679222872664, 43.05557764250089], [-76.1678033530177, 43.0555676003647], [-76.1677803615363, 43.0555596403017], [-76.1677803615363, 43.0555596403017], [-76.1677472433468, 43.055548632610005], [-76.1676843109712, 43.055506591348724], [-76.1676502549405, 43.0554526398096], [-76.16766251192783, 43.0551511175894]]}}, {"type": "Feature", "properties": {"id": 586, "chain_order": 137, "margin_m": 100, "names": ["EDISON STREET", "SAND STREET"], "changes": 1, "run_lengths_m": [100.0, 99.99999999999997], "min_run_m": 99.99999999999997, "start_m": 118.98835410936445, "end_m": 318.9883541093644, "length_m": 199.9999999996133, "chord_m": 144.32782458371787, "ratio": 1.3857341824174907, "max_offset_m": 66.66849633331958}, "geometry": {"type": "LineString", "coordinates": [[-76.16900366962004, 43.05556490017785], [-76.1686973051845, 43.0555546011815], [-76.1682012779425, 43.0555775860513], [-76.1679222872664, 43.05557764250089], [-76.1678033530177, 43.0555676003647], [-76.1677803615363, 43.0555596403017], [-76.1677803615363, 43.0555596403017], [-76.1677472433468, 43.055548632610005], [-76.1676843109712, 43.055506591348724], [-76.1676502549405, 43.0554526398096], [-76.1676713518749, 43.0549336532998], [-76.1676713518749, 43.0549336532998], [-76.16767972603323, 43.054701095160304]]}}, {"type": "Feature", "properties": {"id": 587, "chain_order": 138, "margin_m": 25, "names": ["STRATHMORE ROAD", "STRATHMORE DRIVE"], "changes": 1, "run_lengths_m": [25.0, 25.0], "min_run_m": 25.0, "start_m": 32.23495840049725, "end_m": 82.23495840049725, "length_m": 50.00000000014687, "chord_m": 49.87083271889132, "ratio": 1.0025900365847835, "max_offset_m": 1.2820724313931304}, "geometry": {"type": "LineString", "coordinates": [[-76.1736705639964, 43.019640160218586], [-76.1736563532009, 43.01964660289139], [-76.173453317777, 43.019798616813894], [-76.173453317777, 43.019798616813894], [-76.1733473453195, 43.0198856104711], [-76.17325927265907, 43.01997266833865]]}}, {"type": "Feature", "properties": {"id": 588, "chain_order": 138, "margin_m": 50, "names": ["STRATHMORE ROAD", "STRATHMORE DRIVE"], "changes": 1, "run_lengths_m": [50.0, 50.0], "min_run_m": 50.0, "start_m": 7.2349584004972485, "end_m": 107.23495840049725, "length_m": 100.00000000013765, "chord_m": 99.03227160623969, "ratio": 1.0097718488953351, "max_offset_m": 3.989339011222403}, "geometry": {"type": "LineString", "coordinates": [[-76.17387250988563, 43.01947604161315], [-76.173751258414, 43.01960357616079], [-76.1736563532009, 43.01964660289139], [-76.173453317777, 43.019798616813894], [-76.173453317777, 43.019798616813894], [-76.1733473453195, 43.0198856104711], [-76.1731642498, 43.02006659597429], [-76.17309801075093, 43.02016318033443]]}}, {"type": "Feature", "properties": {"id": 589, "chain_order": 139, "margin_m": 25, "names": ["DEMONG DRIVE", "GIFFORD PARKWAY"], "changes": 1, "run_lengths_m": [25.0, 25.0], "min_run_m": 25.0, "start_m": 130.4709759044171, "end_m": 180.4709759044171, "length_m": 50.00000000014889, "chord_m": 48.036420140408445, "ratio": 1.0408768982784515, "max_offset_m": 6.233207402698347}, "geometry": {"type": "LineString", "coordinates": [[-76.08606839708393, 43.043595338109284], [-76.085907275026, 43.0435526354073], [-76.0858452724068, 43.0435176546817], [-76.0858013340096, 43.043490606679505], [-76.0858013340096, 43.043490606679505], [-76.0856752347983, 43.043357629523], [-76.085635490079, 43.043301639202475]]}}, {"type": "Feature", "properties": {"id": 590, "chain_order": 139, "margin_m": 50, "names": ["DEMONG DRIVE", "GIFFORD PARKWAY"], "changes": 1, "run_lengths_m": [50.0, 50.0], "min_run_m": 50.0, "start_m": 105.47097590441709, "end_m": 205.4709759044171, "length_m": 100.00000000010752, "chord_m": 94.58068096348197, "ratio": 1.0572983719446678, "max_offset_m": 15.354737220688635}, "geometry": {"type": "LineString", "coordinates": [[-76.08635703636371, 43.04367183639483], [-76.085907275026, 43.0435526354073], [-76.0858452724068, 43.0435176546817], [-76.0858013340096, 43.043490606679505], [-76.0858013340096, 43.043490606679505], [-76.0856752347983, 43.043357629523], [-76.0855062787613, 43.043119612114495], [-76.08549456109434, 43.04310168286211]]}}, {"type": "Feature", "properties": {"id": 591, "chain_order": 139, "margin_m": 100, "names": ["DEMONG DRIVE", "GIFFORD PARKWAY"], "changes": 1, "run_lengths_m": [100.0, 100.0], "min_run_m": 100.0, "start_m": 55.47097590441709, "end_m": 255.4709759044171, "length_m": 200.00000000047697, "chord_m": 186.21509117723502, "ratio": 1.0740268081179403, "max_offset_m": 35.287849711413756}, "geometry": {"type": "LineString", "coordinates": [[-76.08693431703689, 43.04382483075513], [-76.085907275026, 43.0435526354073], [-76.0858452724068, 43.0435176546817], [-76.0858013340096, 43.043490606679505], [-76.0858013340096, 43.043490606679505], [-76.0856752347983, 43.043357629523], [-76.0855062787613, 43.043119612114495], [-76.0853722806636, 43.042914580341495], [-76.0852873269872, 43.042761582407394], [-76.08525395863921, 43.04268802838071]]}}, {"type": "Feature", "properties": {"id": 592, "chain_order": 140, "margin_m": 25, "names": ["DYER COURT", "JACKSON STREET"], "changes": 1, "run_lengths_m": [25.0, 25.0], "min_run_m": 25.0, "start_m": 131.45956991196496, "end_m": 181.45956991196496, "length_m": 50.00000000001552, "chord_m": 49.9993963919972, "ratio": 1.0000120723061052, "max_offset_m": 0.05517093660288947}, "geometry": {"type": "LineString", "coordinates": [[-76.14210686092073, 43.04042114847604], [-76.1422021705142, 43.0404185965203], [-76.1422021705142, 43.0404185965203], [-76.1423550718604, 43.04041379251551], [-76.1423550718604, 43.04041379251551], [-76.1424135252359, 43.04041274071619], [-76.1424135252359, 43.04041274071619], [-76.1424719579502, 43.0404112024103], [-76.1424719579502, 43.0404112024103], [-76.1425730759118, 43.0404083293302], [-76.1425730759118, 43.0404083293302], [-76.1427033100685, 43.0404046335878], [-76.1427201894953, 43.04040419930672]]}}, {"type": "Feature", "properties": {"id": 593, "chain_order": 140, "margin_m": 50, "names": ["DYER COURT", "JACKSON STREET"], "changes": 1, "run_lengths_m": [50.0, 50.0], "min_run_m": 50.0, "start_m": 106.45956991196496, "end_m": 206.45956991196496, "length_m": 100.00000000001654, "chord_m": 99.99933925500314, "ratio": 1.0000066074937928, "max_offset_m": 0.06858943231714318}, "geometry": {"type": "LineString", "coordinates": [[-76.14180017950895, 43.040429359464184], [-76.1422021705142, 43.0404185965203], [-76.1422021705142, 43.0404185965203], [-76.1423550718604, 43.04041379251551], [-76.1423550718604, 43.04041379251551], [-76.1424135252359, 43.04041274071619], [-76.1424135252359, 43.04041274071619], [-76.1424719579502, 43.0404112024103], [-76.1424719579502, 43.0404112024103], [-76.1425730759118, 43.0404083293302], [-76.1425730759118, 43.0404083293302], [-76.1427033100685, 43.0404046335878], [-76.14302688633013, 43.04039630804552]]}}, {"type": "Feature", "properties": {"id": 594, "chain_order": 140, "margin_m": 100, "names": ["DYER COURT", "JACKSON STREET"], "changes": 1, "run_lengths_m": [100.0, 100.00000000000003], "min_run_m": 100.0, "start_m": 56.45956991196496, "end_m": 256.459569911965, "length_m": 199.99999999995055, "chord_m": 199.97666066758907, "ratio": 1.0001167102815076, "max_offset_m": 0.7968214633889843}, "geometry": {"type": "LineString", "coordinates": [[-76.14118757702927, 43.04045569161502], [-76.1415292820607, 43.04043661169899], [-76.1422021705142, 43.0404185965203], [-76.1422021705142, 43.0404185965203], [-76.1423550718604, 43.04041379251551], [-76.1423550718604, 43.04041379251551], [-76.1424135252359, 43.04041274071619], [-76.1424135252359, 43.04041274071619], [-76.1424719579502, 43.0404112024103], [-76.1424719579502, 43.0404112024103], [-76.1425730759118, 43.0404083293302], [-76.1425730759118, 43.0404083293302], [-76.1427033100685, 43.0404046335878], [-76.1430922913663, 43.040394625077695], [-76.1430922913663, 43.040394625077695], [-76.14363961271636, 43.0403702959754]]}}, {"type": "Feature", "properties": {"id": 595, "chain_order": 141, "margin_m": 25, "names": ["DEMONG DRIVE", "GIFFORD PARKWAY"], "changes": 1, "run_lengths_m": [25.0, 25.0], "min_run_m": 25.0, "start_m": 129.8767391698425, "end_m": 179.8767391698425, "length_m": 50.000000000343334, "chord_m": 48.08192587235917, "ratio": 1.0398917907963168, "max_offset_m": 6.051860752630196}, "geometry": {"type": "LineString", "coordinates": [[-76.08586099017899, 43.04365091687695], [-76.0858363224916, 43.0436436283998], [-76.0857382597003, 43.0436176341673], [-76.0856723269517, 43.043582600300496], [-76.0856112343258, 43.0435296007311], [-76.0856112343258, 43.0435296007311], [-76.08545807611881, 43.04333453083321]]}}, {"type": "Feature", "properties": {"id": 596, "chain_order": 141, "margin_m": 50, "names": ["DEMONG DRIVE", "GIFFORD PARKWAY"], "changes": 1, "run_lengths_m": [50.0, 50.0], "min_run_m": 50.0, "start_m": 104.8767391698425, "end_m": 204.8767391698425, "length_m": 100.00000000020697, "chord_m": 94.51665783674831, "ratio": 1.0580145583747749, "max_offset_m": 15.493265632874142}, "geometry": {"type": "LineString", "coordinates": [[-76.08614566526371, 43.04373502833668], [-76.0858363224916, 43.0436436283998], [-76.0857382597003, 43.0436176341673], [-76.0856723269517, 43.043582600300496], [-76.0856112343258, 43.0435296007311], [-76.0856112343258, 43.0435296007311], [-76.0854542438485, 43.0433296498446], [-76.0853293952134, 43.04313019522607]]}}, {"type": "Feature", "properties": {"id": 597, "chain_order": 141, "margin_m": 100, "names": ["DEMONG DRIVE", "GIFFORD PARKWAY"], "changes": 1, "run_lengths_m": [100.0, 100.0], "min_run_m": 100.0, "start_m": 54.876739169842494, "end_m": 254.8767391698425, "length_m": 200.0000000001127, "chord_m": 185.11247180813155, "ratio": 1.0804242309908325, "max_offset_m": 36.687902189585536}, "geometry": {"type": "LineString", "coordinates": [[-76.08672375446538, 43.043886284704605], [-76.0861883030812, 43.0437476262285], [-76.0858363224916, 43.0436436283998], [-76.0857382597003, 43.0436176341673], [-76.0856723269517, 43.043582600300496], [-76.0856112343258, 43.0435296007311], [-76.0856112343258, 43.0435296007311], [-76.0854542438485, 43.0433296498446], [-76.0853152807622, 43.0431076462895], [-76.08511640250885, 43.04270804260854]]}}, {"type": "Feature", "properties": {"id": 598, "chain_order": 142, "margin_m": 25, "names": ["JULIAN PLACE", "NOTTINGHAM ROAD"], "changes": 1, "run_lengths_m": [25.0, 25.0], "min_run_m": 25.0, "start_m": 189.4512244990753, "end_m": 239.4512244990753, "length_m": 49.999999999992426, "chord_m": 49.98670872672291, "ratio": 1.0002658961473574, "max_offset_m": 0.5764006135073573}, "geometry": {"type": "LineString", "coordinates": [[-76.11100930210904, 43.02289965034739], [-76.1110202510204, 43.0231246106134], [-76.1110202510204, 43.0231246106134], [-76.11104532290081, 43.023348961359915]]}}, {"type": "Feature", "properties": {"id": 599, "chain_order": 142, "margin_m": 50, "names": ["JULIAN PLACE", "NOTTINGHAM ROAD"], "changes": 1, "run_lengths_m": [50.0, 50.0], "min_run_m": 50.0, "start_m": 164.4512244990753, "end_m": 264.4512244990753, "length_m": 99.99999999998485, "chord_m": 99.97341745344582, "ratio": 1.0002658961473574, "max_offset_m": 1.1528012270147145}, "geometry": {"type": "LineString", "coordinates": [[-76.11099835329468, 43.02267469007075], [-76.1110202510204, 43.0231246106134], [-76.1110202510204, 43.0231246106134], [-76.11107039498071, 43.02357331209023]]}}, {"type": "Feature", "properties": {"id": 600, "chain_order": 142, "margin_m": 100, "names": ["JULIAN PLACE", "NOTTINGHAM ROAD"], "changes": 1, "run_lengths_m": [100.0, 100.0], "min_run_m": 100.0, "start_m": 114.4512244990753, "end_m": 314.4512244990753, "length_m": 199.99999999987605, "chord_m": 199.96265647718462, "ratio": 1.0001867524834354, "max_offset_m": 1.5934211185627238}, "geometry": {"type": "LineString", "coordinates": [[-76.11096651413897, 43.02222514970091], [-76.1109872999175, 43.02244757935681], [-76.1109872999175, 43.02244757935681], [-76.1110202510204, 43.0231246106134], [-76.1110202510204, 43.0231246106134], [-76.1110713274309, 43.02358165583409], [-76.1111130355114, 43.02402243034082]]}}, {"type": "Feature", "properties": {"id": 601, "chain_order": 143, "margin_m": 25, "names": ["BUCKINGHAM AVENUE", "KENSINGTON ROAD"], "changes": 1, "run_lengths_m": [25.0, 24.99999999999997], "min_run_m": 24.99999999999997, "start_m": 222.7127286955221, "end_m": 272.71272869552206, "length_m": 50.00000000009052, "chord_m": 49.299090598120245, "ratio": 1.014217491508799, "max_offset_m": 3.809461087961723}, "geometry": {"type": "LineString", "coordinates": [[-76.12115462709168, 43.03241149391256], [-76.1211033118753, 43.03234061138378], [-76.1210412823066, 43.0322776441438], [-76.1209733193655, 43.0322326550281], [-76.1209733193655, 43.0322326550281], [-76.12073110232052, 43.0320944625158]]}}, {"type": "Feature", "properties": {"id": 602, "chain_order": 143, "margin_m": 50, "names": ["BUCKINGHAM AVENUE", "KENSINGTON ROAD"], "changes": 1, "run_lengths_m": [50.0, 49.99999999999997], "min_run_m": 49.99999999999997, "start_m": 197.7127286955221, "end_m": 297.71272869552206, "length_m": 99.99999999937333, "chord_m": 98.12087098627906, "ratio": 1.0191511652333074, "max_offset_m": 9.321334849543888}, "geometry": {"type": "LineString", "coordinates": [[-76.12129855223915, 43.03261029900558], [-76.1211033118753, 43.03234061138378], [-76.1210412823066, 43.0322776441438], [-76.1209733193655, 43.0322326550281], [-76.1209733193655, 43.0322326550281], [-76.1204888863584, 43.03195626947525]]}}, {"type": "Feature", "properties": {"id": 603, "chain_order": 143, "margin_m": 100, "names": ["BUCKINGHAM AVENUE", "KENSINGTON ROAD"], "changes": 1, "run_lengths_m": [100.0, 99.99999999999997], "min_run_m": 99.99999999999997, "start_m": 147.7127286955221, "end_m": 347.71272869552206, "length_m": 200.0000000005509, "chord_m": 195.9957583919835, "ratio": 1.0204302462533863, "max_offset_m": 19.630301817948205}, "geometry": {"type": "LineString", "coordinates": [[-76.12159220370862, 43.03300560823345], [-76.1213813359642, 43.032724648227784], [-76.1213813359642, 43.032724648227784], [-76.1211033118753, 43.03234061138378], [-76.1210412823066, 43.0322776441438], [-76.1209733193655, 43.0322326550281], [-76.1209733193655, 43.0322326550281], [-76.1200373404164, 43.0316986429867], [-76.12000467023536, 43.03167968301572]]}}, {"type": "Feature", "properties": {"id": 604, "chain_order": 144, "margin_m": 25, "names": ["HUNTINGTON ROAD", "INVERNESS PLACE"], "changes": 1, "run_lengths_m": [25.0, 25.0], "min_run_m": 25.0, "start_m": 209.66605986234913, "end_m": 259.66605986234913, "length_m": 49.999999999893475, "chord_m": 42.10332106873553, "ratio": 1.1875547755072875, "max_offset_m": 12.547994503708008}, "geometry": {"type": "LineString", "coordinates": [[-76.19568830793332, 43.030502920416005], [-76.1956963084909, 43.030607586450095], [-76.1956763039079, 43.03066461658669], [-76.1955993173897, 43.030688653556396], [-76.1955993173897, 43.030688653556396], [-76.19530817494888, 43.03075971741077]]}}, {"type": "Feature", "properties": {"id": 605, "chain_order": 144, "margin_m": 50, "names": ["HUNTINGTON ROAD", "INVERNESS PLACE"], "changes": 1, "run_lengths_m": [50.0, 50.0], "min_run_m": 50.0, "start_m": 184.66605986234913, "end_m": 284.66605986234913, "length_m": 100.0000000006571, "chord_m": 81.38826970760913, "ratio": 1.2286782893887709, "max_offset_m": 28.373744564071554}, "geometry": {"type": "LineString", "coordinates": [[-76.19567112864776, 43.030278173732334], [-76.1956963084909, 43.030607586450095], [-76.1956763039079, 43.03066461658669], [-76.1955993173897, 43.030688653556396], [-76.1955993173897, 43.030688653556396], [-76.1950342932457, 43.030826567334515], [-76.19501817754104, 43.0308327586294]]}}, {"type": "Feature", "properties": {"id": 606, "chain_order": 144, "margin_m": 100, "names": ["HUNTINGTON ROAD", "INVERNESS PLACE"], "changes": 1, "run_lengths_m": [100.0, 100.0], "min_run_m": 100.0, "start_m": 134.66605986234913, "end_m": 334.66605986234913, "length_m": 199.9999999997832, "chord_m": 169.03388966684722, "ratio": 1.183194685953023, "max_offset_m": 50.807192641845596}, "geometry": {"type": "LineString", "coordinates": [[-76.19563677050762, 43.02982868032675], [-76.1956963084909, 43.030607586450095], [-76.1956763039079, 43.03066461658669], [-76.1955993173897, 43.030688653556396], [-76.1955993173897, 43.030688653556396], [-76.1950342932457, 43.030826567334515], [-76.1949482750657, 43.030859613563486], [-76.1947933057977, 43.030957583954695], [-76.194644260919, 43.031063596887506], [-76.19456301455631, 43.031130947688446]]}}, {"type": "Feature", "properties": {"id": 607, "chain_order": 145, "margin_m": 25, "names": ["WINDHAM DRIVE", "GUILFORD ROAD"], "changes": 1, "run_lengths_m": [25.0, 25.0], "min_run_m": 25.0, "start_m": 133.2461759883639, "end_m": 183.2461759883639, "length_m": 49.99999999998903, "chord_m": 49.7485708134481, "ratio": 1.0050539981838627, "max_offset_m": 2.206593957096248}, "geometry": {"type": "LineString", "coordinates": [[-76.09497174312455, 43.03680110783839], [-76.0950242786412, 43.036909639945], [-76.0950923107526, 43.0370075927991], [-76.0950923107526, 43.0370075927991], [-76.0952033335386, 43.03713458052599], [-76.09526088201036, 43.03719565647992]]}}, {"type": "Feature", "properties": {"id": 608, "chain_order": 145, "margin_m": 50, "names": ["WINDHAM DRIVE", "GUILFORD ROAD"], "changes": 1, "run_lengths_m": [50.0, 50.0], "min_run_m": 50.0, "start_m": 108.24617598836389, "end_m": 208.2461759883639, "length_m": 99.99999999997473, "chord_m": 98.0983283133965, "ratio": 1.019385362821912, "max_offset_m": 8.354438143893663}, "geometry": {"type": "LineString", "coordinates": [[-76.09492856630855, 43.03657958372401], [-76.0949252294997, 43.03662062939479], [-76.0949613229095, 43.03677958086819], [-76.0950242786412, 43.036909639945], [-76.0950923107526, 43.0370075927991], [-76.0950923107526, 43.0370075927991], [-76.0952033335386, 43.03713458052599], [-76.09543536423934, 43.037380832811124]]}}, {"type": "Feature", "properties": {"id": 609, "chain_order": 145, "margin_m": 100, "names": ["WINDHAM DRIVE", "GUILFORD ROAD"], "changes": 1, "run_lengths_m": [100.0, 100.00000000000003], "min_run_m": 100.0, "start_m": 58.24617598836389, "end_m": 258.2461759883639, "length_m": 200.00000000013483, "chord_m": 187.41311255589522, "ratio": 1.067161188844167, "max_offset_m": 30.14328013572789}, "geometry": {"type": "LineString", "coordinates": [[-76.0950685124252, 43.03614746188467], [-76.0950492949252, 43.0361626228193], [-76.0949883136905, 43.0362816208395], [-76.0949412446645, 43.03642362840479], [-76.0949252294997, 43.03662062939479], [-76.0949613229095, 43.03677958086819], [-76.0950242786412, 43.036909639945], [-76.0950923107526, 43.0370075927991], [-76.0950923107526, 43.0370075927991], [-76.0952033335386, 43.03713458052599], [-76.09578433186375, 43.03775118462298]]}}, {"type": "Feature", "properties": {"id": 610, "chain_order": 146, "margin_m": 25, "names": ["WALLACE STREET", "HERALD PLACE"], "changes": 1, "run_lengths_m": [25.0, 25.0], "min_run_m": 25.0, "start_m": 26.14407532237628, "end_m": 76.14407532237628, "length_m": 49.99999999999148, "chord_m": 49.95020393419599, "ratio": 1.000996914163976, "max_offset_m": 0.6175972137890421}, "geometry": {"type": "LineString", "coordinates": [[-76.15589170507012, 43.05338588476286], [-76.1558682624911, 43.05338659503979], [-76.1555852482608, 43.0533745951146], [-76.1555852482608, 43.0533745951146], [-76.1554012705957, 43.053359613748604], [-76.15527943098334, 43.05336004070756]]}}, {"type": "Feature", "properties": {"id": 611, "chain_order": 146, "margin_m": 50, "names": ["WALLACE STREET", "HERALD PLACE"], "changes": 1, "run_lengths_m": [50.0, 50.0], "min_run_m": 50.0, "start_m": 1.1440753223762812, "end_m": 101.14407532237628, "length_m": 99.99999999994317, "chord_m": 99.19983669624607, "ratio": 1.0080661756142526, "max_offset_m": 3.9532890562277316}, "geometry": {"type": "LineString", "coordinates": [[-76.15619031348473, 43.05334735506956], [-76.1561309199987, 43.0533686689978], [-76.1560229901122, 43.0533819069231], [-76.1558682624911, 43.05338659503979], [-76.1555852482608, 43.0533745951146], [-76.1555852482608, 43.0533745951146], [-76.1554012705957, 43.053359613748604], [-76.15497248509512, 43.053361115753845]]}}, {"type": "Feature", "properties": {"id": 612, "chain_order": 147, "margin_m": 25, "names": ["HUGHES PLACE NORTH", "HUGHES PLACE"], "changes": 1, "run_lengths_m": [25.0, 25.0], "min_run_m": 25.0, "start_m": 134.95468714247886, "end_m": 184.95468714247886, "length_m": 50.00000000019395, "chord_m": 49.38248950181801, "ratio": 1.0125046449582744, "max_offset_m": 3.3552128570677553}, "geometry": {"type": "LineString", "coordinates": [[-76.1334299576706, 43.02591067489454], [-76.133472265328, 43.025802579059494], [-76.1334552314736, 43.0256906361297], [-76.1334552314736, 43.0256906361297], [-76.1334346036387, 43.025466042834374]]}}, {"type": "Feature", "properties": {"id": 613, "chain_order": 147, "margin_m": 50, "names": ["HUGHES PLACE NORTH", "HUGHES PLACE"], "changes": 1, "run_lengths_m": [50.0, 50.0], "min_run_m": 50.0, "start_m": 109.95468714247886, "end_m": 209.95468714247886, "length_m": 99.9999999992347, "chord_m": 98.51257380549114, "ratio": 1.0150988461298394, "max_offset_m": 8.283091206473836}, "geometry": {"type": "LineString", "coordinates": [[-76.13334527641321, 43.02612703388832], [-76.133472265328, 43.025802579059494], [-76.1334552314736, 43.0256906361297], [-76.1334552314736, 43.0256906361297], [-76.13341397597154, 43.02524144952494]]}}, {"type": "Feature", "properties": {"id": 614, "chain_order": 147, "margin_m": 100, "names": ["HUGHES PLACE NORTH", "HUGHES PLACE"], "changes": 1, "run_lengths_m": [100.0, 100.0], "min_run_m": 100.0, "start_m": 59.95468714247886, "end_m": 259.95468714247886, "length_m": 200.00000000041916, "chord_m": 198.1432635440424, "ratio": 1.009370676666805, "max_offset_m": 9.566003929161862}, "geometry": {"type": "LineString", "coordinates": [[-76.13334117650031, 43.026576215542086], [-76.1333233120775, 43.02634561035601], [-76.1333442545017, 43.026129644843294], [-76.133472265328, 43.025802579059494], [-76.1334552314736, 43.0256906361297], [-76.1334552314736, 43.0256906361297], [-76.13337272114025, 43.02479226286375]]}}, {"type": "Feature", "properties": {"id": 615, "chain_order": 148, "margin_m": 25, "names": ["RADCLIFFE ROAD", "DEMONG DRIVE"], "changes": 1, "run_lengths_m": [25.0, 25.000000000000007], "min_run_m": 25.0, "start_m": 29.579869397596717, "end_m": 79.57986939759672, "length_m": 50.000000000015675, "chord_m": 49.88228790958001, "ratio": 1.002359797342276, "max_offset_m": 1.4822712368316409}, "geometry": {"type": "LineString", "coordinates": [[-76.0824401471063, 43.04404312502948], [-76.0824832555908, 43.04403964418749], [-76.0826172168575, 43.044019646734], [-76.0827372515424, 43.043989605242004], [-76.0827372515424, 43.043989605242004], [-76.0830286417432, 43.04391893609402]]}}, {"type": "Feature", "properties": {"id": 616, "chain_order": 148, "margin_m": 50, "names": ["RADCLIFFE ROAD", "DEMONG DRIVE"], "changes": 1, "run_lengths_m": [50.0, 50.00000000000001], "min_run_m": 50.0, "start_m": 4.579869397596717, "end_m": 104.57986939759672, "length_m": 100.00000000002314, "chord_m": 99.55406991909224, "ratio": 1.004479275245033, "max_offset_m": 4.435805273594581}, "geometry": {"type": "LineString", "coordinates": [[-76.08213508303744, 43.04406775728856], [-76.0824832555908, 43.04403964418749], [-76.0826172168575, 43.044019646734], [-76.0827372515424, 43.043989605242004], [-76.0827372515424, 43.043989605242004], [-76.08332003126155, 43.043848266210446]]}}, {"type": "Feature", "properties": {"id": 617, "chain_order": 149, "margin_m": 25, "names": ["LARNED STREET", "SAFETY LANE"], "changes": 1, "run_lengths_m": [25.0, 25.0], "min_run_m": 25.0, "start_m": 78.12962730289854, "end_m": 128.12962730289854, "length_m": 50.00000000008433, "chord_m": 46.902275940789316, "ratio": 1.0660463484374545, "max_offset_m": 6.252846215014039}, "geometry": {"type": "LineString", "coordinates": [[-76.15440974161385, 43.0408387039449], [-76.1547043432252, 43.040775651136094], [-76.1547043432252, 43.040775651136094], [-76.1549405507376, 43.0407857666016], [-76.15498521083599, 43.04082556746042]]}}, {"type": "Feature", "properties": {"id": 618, "chain_order": 149, "margin_m": 50, "names": ["LARNED STREET", "SAFETY LANE"], "changes": 1, "run_lengths_m": [50.0, 50.0], "min_run_m": 50.0, "start_m": 53.12962730289854, "end_m": 153.12962730289854, "length_m": 100.00000000018939, "chord_m": 71.00167920313383, "ratio": 1.4084173941026403, "max_offset_m": 27.673456923320852}, "geometry": {"type": "LineString", "coordinates": [[-76.15411513938407, 43.04090175600152], [-76.1547043432252, 43.040775651136094], [-76.1547043432252, 43.040775651136094], [-76.1549405507376, 43.0407857666016], [-76.1549934138971, 43.0408328779803], [-76.1550014268694, 43.0409138048657], [-76.15496439540148, 43.041045526288286]]}}, {"type": "Feature", "properties": {"id": 619, "chain_order": 149, "margin_m": 100, "names": ["LARNED STREET", "SAFETY LANE"], "changes": 1, "run_lengths_m": [100.0, 100.0], "min_run_m": 100.0, "start_m": 3.129627302898541, "end_m": 203.12962730289854, "length_m": 199.99999999972002, "chord_m": 107.62450566981498, "ratio": 1.8583128327047287, "max_offset_m": 74.76590089930248}, "geometry": {"type": "LineString", "coordinates": [[-76.15353183167107, 43.04104180661756], [-76.1540923533615, 43.04090663272879], [-76.1547043432252, 43.040775651136094], [-76.1547043432252, 43.040775651136094], [-76.1549405507376, 43.0407857666016], [-76.1549934138971, 43.0408328779803], [-76.1550014268694, 43.0409138048657], [-76.1549260905565, 43.0411817765448], [-76.15476701419101, 43.041404596586794], [-76.15472617261115, 43.041456078228705]]}}, {"type": "Feature", "properties": {"id": 620, "chain_order": 150, "margin_m": 25, "names": ["WINTON STREET", "SCHULER STREET"], "changes": 1, "run_lengths_m": [25.0, 25.000000000000014], "min_run_m": 25.0, "start_m": 81.48210562111778, "end_m": 131.4821056211178, "length_m": 50.000000000277716, "chord_m": 44.18298320725425, "ratio": 1.1316574022568124, "max_offset_m": 9.965470162116732}, "geometry": {"type": "LineString", "coordinates": [[-76.12476009958708, 43.06009244251356], [-76.1247582405594, 43.060074590543785], [-76.1247132421502, 43.060004615099686], [-76.1246482526326, 43.05996959453041], [-76.1245532288419, 43.0599576510264], [-76.1245532288419, 43.0599576510264], [-76.1244592282323, 43.05995461280649], [-76.12424670550587, 43.05996380560092]]}}, {"type": "Feature", "properties": {"id": 621, "chain_order": 150, "margin_m": 50, "names": ["WINTON STREET", "SCHULER STREET"], "changes": 1, "run_lengths_m": [50.0, 50.000000000000014], "min_run_m": 50.0, "start_m": 56.48210562111778, "end_m": 156.4821056211178, "length_m": 99.9999999995604, "chord_m": 78.35770568817149, "ratio": 1.2761986727574124, "max_offset_m": 28.498120930284106}, "geometry": {"type": "LineString", "coordinates": [[-76.12478347276866, 43.06031689076287], [-76.1247582405594, 43.060074590543785], [-76.1247132421502, 43.060004615099686], [-76.1246482526326, 43.05996959453041], [-76.1245532288419, 43.0599576510264], [-76.1245532288419, 43.0599576510264], [-76.1244592282323, 43.05995461280649], [-76.12394025404944, 43.05997706063809]]}}, {"type": "Feature", "properties": {"id": 622, "chain_order": 150, "margin_m": 100, "names": ["WINTON STREET", "SCHULER STREET"], "changes": 1, "run_lengths_m": [100.0, 100.00000000000001], "min_run_m": 100.0, "start_m": 6.482105621117782, "end_m": 206.4821056211178, "length_m": 199.99999999994424, "chord_m": 149.70507782926248, "ratio": 1.3359600282098831, "max_offset_m": 63.80088351545908}, "geometry": {"type": "LineString", "coordinates": [[-76.12484518895371, 43.06076400781776], [-76.1248333424121, 43.0607366111072], [-76.1248212483934, 43.060679639112394], [-76.1247582405594, 43.060074590543785], [-76.1247132421502, 43.060004615099686], [-76.1246482526326, 43.05996959453041], [-76.1245532288419, 43.0599576510264], [-76.1245532288419, 43.0599576510264], [-76.1244592282323, 43.05995461280649], [-76.12332735068895, 43.060003568254515]]}}, {"type": "Feature", "properties": {"id": 623, "chain_order": 151, "margin_m": 25, "names": ["MARQUETTE STREET", "HUNTER AVENUE"], "changes": 1, "run_lengths_m": [25.0, 25.0], "min_run_m": 25.0, "start_m": 116.87397137435013, "end_m": 166.87397137435013, "length_m": 50.00000000035479, "chord_m": 40.76756939547024, "ratio": 1.2264650736305702, "max_offset_m": 13.176432501598228}, "geometry": {"type": "LineString", "coordinates": [[-76.16901230524837, 43.05623431979596], [-76.1690772512272, 43.05624058395279], [-76.1691772660577, 43.0562565806979], [-76.1692192479241, 43.05628163554], [-76.1692282840776, 43.05634358700791], [-76.1692282840776, 43.05634358700791], [-76.16921914641199, 43.05656858717502]]}}, {"type": "Feature", "properties": {"id": 624, "chain_order": 151, "margin_m": 50, "names": ["MARQUETTE STREET", "HUNTER AVENUE"], "changes": 1, "run_lengths_m": [50.0, 50.0], "min_run_m": 50.0, "start_m": 91.87397137435013, "end_m": 191.87397137435013, "length_m": 99.99999999970889, "chord_m": 77.10712140093342, "ratio": 1.2968970723176074, "max_offset_m": 30.788577937330288}, "geometry": {"type": "LineString", "coordinates": [[-76.16870796372551, 43.056204964997676], [-76.1690772512272, 43.05624058395279], [-76.1691772660577, 43.0562565806979], [-76.1692192479241, 43.05628163554], [-76.1692282840776, 43.05634358700791], [-76.1692282840776, 43.05634358700791], [-76.16921000869748, 43.05679358733349]]}}, {"type": "Feature", "properties": {"id": 625, "chain_order": 151, "margin_m": 100, "names": ["MARQUETTE STREET", "HUNTER AVENUE"], "changes": 1, "run_lengths_m": [100.0, 100.0], "min_run_m": 100.0, "start_m": 41.873971374350134, "end_m": 241.87397137435013, "length_m": 199.99999999961867, "chord_m": 150.89264611980332, "ratio": 1.3254456406101187, "max_offset_m": 64.79704133426368}, "geometry": {"type": "LineString", "coordinates": [[-76.16809906444624, 43.05614783949237], [-76.1681342842836, 43.056149629337995], [-76.1690772512272, 43.05624058395279], [-76.1691772660577, 43.0562565806979], [-76.1692192479241, 43.05628163554], [-76.1692282840776, 43.05634358700791], [-76.1692282840776, 43.05634358700791], [-76.1692002593357, 43.05703364689399], [-76.1692002593357, 43.05703364689399], [-76.16919437023525, 43.05724363630348]]}}, {"type": "Feature", "properties": {"id": 626, "chain_order": 152, "margin_m": 25, "names": ["THURGOOD TERRACE", "EAST RAYNOR AVENUE"], "changes": 1, "run_lengths_m": [25.0, 25.0], "min_run_m": 25.0, "start_m": 50.96773101856395, "end_m": 100.96773101856395, "length_m": 50.000000000032045, "chord_m": 49.999907635248825, "ratio": 1.0000018472990768, "max_offset_m": 0.04805327717785165}, "geometry": {"type": "LineString", "coordinates": [[-76.1468582827219, 43.03553001837718], [-76.147164331193, 43.0355136490166], [-76.147164331193, 43.0355136490166], [-76.14747046301294, 43.035498142017]]}}, {"type": "Feature", "properties": {"id": 627, "chain_order": 152, "margin_m": 50, "names": ["THURGOOD TERRACE", "EAST RAYNOR AVENUE"], "changes": 1, "run_lengths_m": [50.0, 50.0], "min_run_m": 50.0, "start_m": 25.967731018563953, "end_m": 125.96773101856395, "length_m": 100.00000000001305, "chord_m": 99.99962347462629, "ratio": 1.0000037652680447, "max_offset_m": 0.12864975150324326}, "geometry": {"type": "LineString", "coordinates": [[-76.146552293238, 43.035546971356254], [-76.1468473229157, 43.0355306045599], [-76.147164331193, 43.0355136490166], [-76.147164331193, 43.0355136490166], [-76.14777659466121, 43.0354826342001]]}}, {"type": "Feature", "properties": {"id": 628, "chain_order": 153, "margin_m": 25, "names": ["WINDHAM DRIVE", "GUILFORD ROAD"], "changes": 1, "run_lengths_m": [25.0, 24.999999999999986], "min_run_m": 24.999999999999986, "start_m": 97.5751471267803, "end_m": 147.57514712678028, "length_m": 49.99999999976571, "chord_m": 48.84771099157823, "ratio": 1.0235894166747372, "max_offset_m": 5.216225568747608}, "geometry": {"type": "LineString", "coordinates": [[-76.09459945898664, 43.036202996699615], [-76.0946032526406, 43.0361106089627], [-76.094585315081, 43.0359785888939], [-76.094585315081, 43.0359785888939], [-76.09444715560676, 43.03577759060853]]}}, {"type": "Feature", "properties": {"id": 629, "chain_order": 153, "margin_m": 50, "names": ["WINDHAM DRIVE", "GUILFORD ROAD"], "changes": 1, "run_lengths_m": [50.0, 49.999999999999986], "min_run_m": 49.999999999999986, "start_m": 72.5751471267803, "end_m": 172.57514712678028, "length_m": 99.99999999998596, "chord_m": 97.39685732671185, "ratio": 1.0267271731832375, "max_offset_m": 11.151448276931637}, "geometry": {"type": "LineString", "coordinates": [[-76.09460641808538, 43.03642788059125], [-76.09459631315501, 43.0362796077096], [-76.0946032526406, 43.0361106089627], [-76.094585315081, 43.0359785888939], [-76.094585315081, 43.0359785888939], [-76.0944293082589, 43.035751625675196], [-76.09429943283024, 43.035580309811415]]}}, {"type": "Feature", "properties": {"id": 630, "chain_order": 153, "margin_m": 100, "names": ["WINDHAM DRIVE", "GUILFORD ROAD"], "changes": 1, "run_lengths_m": [100.0, 99.99999999999999], "min_run_m": 99.99999999999999, "start_m": 22.575147126780294, "end_m": 222.57514712678028, "length_m": 200.00000000025912, "chord_m": 195.07592840719687, "ratio": 1.0252418206247562, "max_offset_m": 21.817534564578374}, "geometry": {"type": "LineString", "coordinates": [[-76.09463706221248, 43.036877526636424], [-76.09459631315501, 43.0362796077096], [-76.0946032526406, 43.0361106089627], [-76.094585315081, 43.0359785888939], [-76.094585315081, 43.0359785888939], [-76.0944293082589, 43.035751625675196], [-76.0942822360805, 43.03555762586729], [-76.0941742244474, 43.035392607457496], [-76.09401614029163, 43.035181116797425]]}}, {"type": "Feature", "properties": {"id": 631, "chain_order": 154, "margin_m": 25, "names": ["ROCKWOOD PLACE", "ROCKWOOD ROAD"], "changes": 1, "run_lengths_m": [25.0, 25.0], "min_run_m": 25.0, "start_m": 120.65391221791873, "end_m": 170.65391221791873, "length_m": 50.00000000016091, "chord_m": 43.468478994591976, "ratio": 1.1502587888198603, "max_offset_m": 10.078239806058471}, "geometry": {"type": "LineString", "coordinates": [[-76.19879609975547, 43.02377429267987], [-76.1988542532273, 43.02383157938949], [-76.1989203045535, 43.0238515985273], [-76.1990013218123, 43.023858584175585], [-76.1990573129057, 43.023853585138795], [-76.1990573129057, 43.023853585138795], [-76.1991012962186, 43.02384961257229], [-76.1992032523084, 43.023822609752386], [-76.19932904140536, 43.023757312196025]]}}, {"type": "Feature", "properties": {"id": 632, "chain_order": 154, "margin_m": 50, "names": ["ROCKWOOD PLACE", "ROCKWOOD ROAD"], "changes": 1, "run_lengths_m": [50.0, 50.0], "min_run_m": 50.0, "start_m": 95.65391221791873, "end_m": 195.65391221791873, "length_m": 99.99999999970049, "chord_m": 76.60283308081138, "ratio": 1.3054347467045573, "max_offset_m": 28.86642073862115}, "geometry": {"type": "LineString", "coordinates": [[-76.19864165468036, 43.02357985873918], [-76.1987893104221, 43.02376760453069], [-76.1988542532273, 43.02383157938949], [-76.1989203045535, 43.0238515985273], [-76.1990013218123, 43.023858584175585], [-76.1990573129057, 43.023853585138795], [-76.1990573129057, 43.023853585138795], [-76.1991012962186, 43.02384961257229], [-76.1992032523084, 43.023822609752386], [-76.19957949353352, 43.02362730080896]]}}, {"type": "Feature", "properties": {"id": 633, "chain_order": 154, "margin_m": 100, "names": ["ROCKWOOD PLACE", "ROCKWOOD ROAD"], "changes": 1, "run_lengths_m": [100.0, 100.0], "min_run_m": 100.0, "start_m": 45.65391221791873, "end_m": 245.65391221791873, "length_m": 200.0000000003931, "chord_m": 138.97970169637603, "ratio": 1.4390590680452455, "max_offset_m": 68.18030147034582}, "geometry": {"type": "LineString", "coordinates": [[-76.19837449184129, 43.02317471301058], [-76.1986123710573, 43.023542624149904], [-76.1987893104221, 43.02376760453069], [-76.1988542532273, 43.02383157938949], [-76.1989203045535, 43.0238515985273], [-76.1990013218123, 43.023858584175585], [-76.1990573129057, 43.023853585138795], [-76.1990573129057, 43.023853585138795], [-76.1991012962186, 43.02384961257229], [-76.1992032523084, 43.023822609752386], [-76.1997253549482, 43.02355158266351], [-76.20006311145825, 43.02335054898681]]}}, {"type": "Feature", "properties": {"id": 634, "chain_order": 155, "margin_m": 25, "names": ["RONEY LANE", "SMITH LANE"], "changes": 1, "run_lengths_m": [25.0, 25.0], "min_run_m": 25.0, "start_m": 19.90220662943773, "end_m": 69.90220662943773, "length_m": 50.00000000001425, "chord_m": 48.92222340425716, "ratio": 1.0220304091016295, "max_offset_m": 4.081153065329472}, "geometry": {"type": "LineString", "coordinates": [[-76.13577878506949, 43.021383318038225], [-76.1357740401401, 43.02138630587031], [-76.1356966889059, 43.021417807235], [-76.1356152377608, 43.02143863365729], [-76.1354907977377, 43.0214522501971], [-76.1354907977377, 43.0214522501971], [-76.1353996995847, 43.0214424382501], [-76.13518518013714, 43.02144919525915]]}}, {"type": "Feature", "properties": {"id": 635, "chain_order": 160, "margin_m": 25, "names": ["DABLON COURT", "RADISSON COURT"], "changes": 1, "run_lengths_m": [25.0, 25.0], "min_run_m": 25.0, "start_m": 102.0046641103435, "end_m": 152.0046641103435, "length_m": 50.00000000047715, "chord_m": 49.99073441993345, "ratio": 1.0001853459576302, "max_offset_m": 0.48126713044733166}, "geometry": {"type": "LineString", "coordinates": [[-76.14484126758049, 43.04054259594821], [-76.1448303257268, 43.0403176374938], [-76.1448303257268, 43.0403176374938], [-76.14480758633314, 43.04009315471031]]}}, {"type": "Feature", "properties": {"id": 636, "chain_order": 160, "margin_m": 50, "names": ["DABLON COURT", "RADISSON COURT"], "changes": 1, "run_lengths_m": [50.0, 50.0], "min_run_m": 50.0, "start_m": 77.0046641103435, "end_m": 177.0046641103435, "length_m": 100.0000000000232, "chord_m": 99.98146883893637, "ratio": 1.0001853459576264, "max_offset_m": 0.9625342608754484}, "geometry": {"type": "LineString", "coordinates": [[-76.1448522095317, 43.040767554391955], [-76.1448303257268, 43.0403176374938], [-76.1448303257268, 43.0403176374938], [-76.14478484712274, 43.03986867191174]]}}, {"type": "Feature", "properties": {"id": 637, "chain_order": 162, "margin_m": 25, "names": ["EAST DALE STREET", "BEACON ROAD"], "changes": 1, "run_lengths_m": [25.0, 25.0], "min_run_m": 25.0, "start_m": 14.270441711137252, "end_m": 64.27044171113725, "length_m": 49.999999999971095, "chord_m": 49.711412831881574, "ratio": 1.0058052497736383, "max_offset_m": 1.5271738670603092}, "geometry": {"type": "LineString", "coordinates": [[-76.11509104529102, 43.07370976476397], [-76.1149502573193, 43.07371858178188], [-76.1148602299581, 43.07373260603139], [-76.114792315526, 43.07375361877639], [-76.114792315526, 43.07375361877639], [-76.11448612287145, 43.07377046284825]]}}, {"type": "Feature", "properties": {"id": 638, "chain_order": 163, "margin_m": 25, "names": ["GALE AVENUE", "GALE STREET"], "changes": 1, "run_lengths_m": [25.0, 25.0], "min_run_m": 25.0, "start_m": 78.42509557181944, "end_m": 128.42509557181944, "length_m": 49.99999999988434, "chord_m": 49.999863695294295, "ratio": 1.0000027260992326, "max_offset_m": 0.05837473859760773}, "geometry": {"type": "LineString", "coordinates": [[-76.11499767400531, 43.05691828676678], [-76.11502328855521, 43.0571426039065], [-76.11502328855521, 43.0571426039065], [-76.11504747448167, 43.05736700630135]]}}, {"type": "Feature", "properties": {"id": 639, "chain_order": 164, "margin_m": 25, "names": ["MULBERRY TERRACE", "DANFORTH TERRACE"], "changes": 1, "run_lengths_m": [25.0, 25.0], "min_run_m": 25.0, "start_m": 43.45281956018009, "end_m": 93.45281956018009, "length_m": 50.00000000045298, "chord_m": 49.37379371197062, "ratio": 1.012682968866752, "max_offset_m": 3.1722537973565617}, "geometry": {"type": "LineString", "coordinates": [[-76.14638728864047, 43.03627718331257], [-76.1464012743429, 43.036449612553305], [-76.146422338938, 43.0364996484562], [-76.146422338938, 43.0364996484562], [-76.14637826040361, 43.036670642834], [-76.14637951334369, 43.03672171165349]]}}, {"type": "Feature", "properties": {"id": 640, "chain_order": 164, "margin_m": 50, "names": ["MULBERRY TERRACE", "DANFORTH TERRACE"], "changes": 1, "run_lengths_m": [50.0, 50.0], "min_run_m": 50.0, "start_m": 18.45281956018009, "end_m": 118.45281956018009, "length_m": 99.99999999976454, "chord_m": 99.29807738015293, "ratio": 1.0070688440111923, "max_offset_m": 3.131662783807555}, "geometry": {"type": "LineString", "coordinates": [[-76.1463684923328, 43.03605250485701], [-76.1463723126581, 43.0361006017219], [-76.146383270308, 43.03622764122719], [-76.1464012743429, 43.036449612553305], [-76.146422338938, 43.0364996484562], [-76.146422338938, 43.0364996484562], [-76.14637826040361, 43.036670642834], [-76.1463802968844, 43.03675364807349], [-76.1463992645796, 43.036946306368634]]}}, {"type": "Feature", "properties": {"id": 641, "chain_order": 165, "margin_m": 25, "names": ["EAST GLEN AVENUE", "LORETTO ROUNDABOUT"], "changes": 1, "run_lengths_m": [25.0, 25.0], "min_run_m": 25.0, "start_m": 1.1033854186149767, "end_m": 51.10338541861498, "length_m": 50.000000000009095, "chord_m": 47.35365829971771, "ratio": 1.0558846305715552, "max_offset_m": 5.11146560483622}, "geometry": {"type": "LineString", "coordinates": [[-76.13590447224088, 43.00896785873925], [-76.1359520574833, 43.00899033411839], [-76.1359998056356, 43.00900522253], [-76.1360909720605, 43.009013781804896], [-76.1361191315497, 43.00902103058371], [-76.136185525134, 43.009048935253496], [-76.136185525134, 43.009048935253496], [-76.1362236783808, 43.009079812333994], [-76.1362698463965, 43.0091015152895], [-76.1363246283575, 43.00911455059099], [-76.1363811108293, 43.0091139896081], [-76.1364490746688, 43.009102589959696], [-76.13645797222195, 43.009097463197854]]}}]}