id,chain_order,margin_m,names,changes,run_lengths_m,min_run_m,start_m,end_m,length_m,chord_m,ratio,max_offset_m
0,1,25,CRAWFORD AVENUE > BROAD STREET,1,25.000 > 25.000,25.0,1419.3095620883719,1469.3095620883719,49.9999999999153,48.485325499486606,1.0312398542203194,5.985313889360848
1,1,25,CRAWFORD AVENUE > BROAD STREET > BERKELEY DRIVE,2,25.000 > 1125.904 > 25.000,25.0,1419.3095620883719,2595.213259343207,1175.9036972548258,1147.9090407769431,1.0243875215574005,47.28905430193847
2,1,25,CRAWFORD AVENUE > BROAD STREET > BERKELEY DRIVE > OSTROM AVENUE,3,25.000 > 1125.904 > 603.701 > 25.000,25.0,1419.3095620883719,3198.913811144973,1779.6042490567802,1454.236200076767,1.223738103179413,378.74349934124274
3,1,25,CRAWFORD AVENUE > BROAD STREET > BERKELEY DRIVE > OSTROM AVENUE > COMSTOCK PLACE,4,25.000 > 1125.904 > 603.701 > 1343.566 > 25.000,25.0,1419.3095620883719,4542.48000473407,3123.170442645715,2255.3475640469164,1.384784541608127,1004.9750918671111
4,1,25,BROAD STREET > BERKELEY DRIVE,1,25.000 > 25.000,25.0,2545.213259343207,2595.213259343207,49.99999999997333,46.30533083353462,1.079789283435224,8.69848540022468
5,1,25,BROAD STREET > BERKELEY DRIVE > OSTROM AVENUE,2,25.000 > 603.701 > 25.000,25.0,2545.213259343207,3198.913811144973,653.7005518019275,556.3912786734885,1.174893598908375,128.04623555832845
6,1,25,BROAD STREET > BERKELEY DRIVE > OSTROM AVENUE > COMSTOCK PLACE,3,25.000 > 603.701 > 1343.566 > 25.000,25.0,2545.213259343207,4542.48000473407,1997.2667453908637,1840.832125234743,1.084980383605687,218.59468161948487
7,1,25,BERKELEY DRIVE > OSTROM AVENUE,1,25.000 > 25.000,25.0,3148.913811144973,3198.913811144973,50.00000000054722,49.6388380909177,1.0072757929782323,1.5267056543003352
8,1,25,BERKELEY DRIVE > OSTROM AVENUE > COMSTOCK PLACE,2,25.000 > 1343.566 > 25.000,25.0,3148.913811144973,4542.48000473407,1393.5661935894832,1387.9816701359614,1.0040234850168985,8.828802882046967
9,1,25,OSTROM AVENUE > COMSTOCK PLACE,1,25.000 > 25.000,25.0,4492.48000473407,4542.48000473407,50.00000000028136,45.61177737633217,1.0962081040548581,7.169981112443858
10,1,50,CRAWFORD AVENUE > BROAD STREET,1,50.000 > 50.000,50.0,1394.3095620883719,1494.3095620883719,100.00000000006723,96.16500774470225,1.0398792902460536,12.773096757365739
11,1,50,CRAWFORD AVENUE > BROAD STREET > BERKELEY DRIVE,2,50.000 > 1125.904 > 50.000,50.0,1394.3095620883719,2620.213259343207,1225.9036972547306,1176.6029081792383,1.0419009580316132,67.50128747460592
12,1,50,CRAWFORD AVENUE > BROAD STREET > BERKELEY DRIVE > OSTROM AVENUE,3,50.000 > 1125.904 > 603.701 > 50.000,50.0,1394.3095620883719,3223.913811144973,1829.6042490570578,1469.1658086331026,1.2453354402246153,402.61791556158664
13,1,50,CRAWFORD AVENUE > BROAD STREET > BERKELEY DRIVE > OSTROM AVENUE > COMSTOCK PLACE,4,50.000 > 1125.904 > 603.701 > 1343.566 > 50.000,50.0,1394.3095620883719,4567.48000473407,3173.1704426458896,2265.8250456831574,1.4004481275778127,1013.9128669511563
14,1,50,BROAD STREET > BERKELEY DRIVE,1,50.000 > 50.000,50.0,2520.213259343207,2620.213259343207,99.99999999969714,90.73890439137031,1.1020631191267458,20.12307881120367
15,1,50,BROAD STREET > BERKELEY DRIVE > OSTROM AVENUE,2,50.000 > 603.701 > 50.000,50.0,2520.213259343207,3223.913811144973,703.7005518020245,590.7971208683532,1.1911035564420591,147.18251392805365
16,1,50,BROAD STREET > BERKELEY DRIVE > OSTROM AVENUE > COMSTOCK PLACE,3,50.000 > 603.701 > 1343.566 > 50.000,50.0,2520.213259343207,4567.48000473407,2047.2667453908577,1851.9302667498148,1.1054772321335098,231.50439013243303
17,1,50,BERKELEY DRIVE > OSTROM AVENUE,1,50.000 > 50.000,50.0,3123.913811144973,3223.913811144973,100.00000000050895,99.23518710578016,1.0077070736402556,1.7202720209657334
18,1,50,BERKELEY DRIVE > OSTROM AVENUE > COMSTOCK PLACE,2,50.000 > 1343.566 > 50.000,50.0,3123.913811144973,4567.48000473407,1443.566193589342,1415.3173709017728,1.019959355596385,33.51109162496323
19,1,50,OSTROM AVENUE > COMSTOCK PLACE,1,50.000 > 50.000,50.0,4467.48000473407,4567.48000473407,99.99999999968706,79.5268400212009,1.2574371114585752,26.72554470194421
20,1,100,CRAWFORD AVENUE > BROAD STREET,1,100.000 > 100.000,100.0,1344.3095620883719,1544.3095620883719,200.00000000002908,182.91057069516341,1.09343051765634,36.49944175610448
21,1,100,CRAWFORD AVENUE > BROAD STREET > BERKELEY DRIVE,2,100.000 > 1125.904 > 100.000,100.0,1344.3095620883719,2670.213259343207,1325.9036972548843,1248.8844186959495,1.061670461578307,107.64678023834797
22,1,100,CRAWFORD AVENUE > BROAD STREET > BERKELEY DRIVE > OSTROM AVENUE,3,100.000 > 1125.904 > 603.701 > 100.000,100.0,1344.3095620883719,3273.913811144973,1929.6042490563236,1493.772267909278,1.291766014478932,450.72856812897174
23,1,100,CRAWFORD AVENUE > BROAD STREET > BERKELEY DRIVE > OSTROM AVENUE > COMSTOCK PLACE,4,100.000 > 1125.904 > 603.701 > 1343.566 > 100.000,100.0,1344.3095620883719,4617.48000473407,3273.1704426457186,2283.4305799395847,1.4334442533095622,1030.744224395594
24,1,100,BROAD STREET > BERKELEY DRIVE,1,100.000 > 100.000,100.0,2470.213259343207,2670.213259343207,200.00000000000938,185.3564020262577,1.0790023857480642,25.14233373611829
25,1,100,BROAD STREET > BERKELEY DRIVE > OSTROM AVENUE,2,100.000 > 603.701 > 100.000,100.0,2470.213259343207,3273.913811144973,803.7005518014489,659.6000863517744,1.2184664138640267,185.21404056648097
26,1,100,BROAD STREET > BERKELEY DRIVE > OSTROM AVENUE > COMSTOCK PLACE,3,100.000 > 603.701 > 1343.566 > 100.000,100.0,2470.213259343207,4617.48000473407,2147.266745390845,1876.8887374441185,1.1440564922963508,256.8176085336547
27,1,100,BERKELEY DRIVE > OSTROM AVENUE,1,100.000 > 100.000,100.0,3073.913811144973,3273.913811144973,199.99999999972863,197.73945167471229,1.0114319540479713,9.588239048637131
28,1,100,BERKELEY DRIVE > OSTROM AVENUE > COMSTOCK PLACE,2,100.000 > 1343.566 > 100.000,100.0,3073.913811144973,4617.48000473407,1543.5661935891246,1470.4094174836112,1.049752657481418,82.47456945169465
29,1,100,OSTROM AVENUE > COMSTOCK PLACE,1,100.000 > 100.000,100.0,4417.48000473407,4617.48000473407,200.00000000036246,151.16839747839643,1.323027850638852,62.99314672885235
30,2,25,STATE FAIR BOULEVARD > SPENCER STREET,1,25.000 > 25.000,25.0,521.2775318967897,571.2775318967897,50.000000000027335,49.66409540568203,1.0067635299022655,2.878836220083684
31,2,25,STATE FAIR BOULEVARD > SPENCER STREET > WEST KIRKPATRICK STREET,2,25.000 > 870.457 > 25.000,25.0,521.2775318967897,1441.7346262610467,920.4570943641252,904.4951895576377,1.0176473075708605,63.41459638951037
32,2,25,STATE FAIR BOULEVARD > SPENCER STREET > WEST KIRKPATRICK STREET > WEST COURT STREET,3,25.000 > 870.457 > 875.872 > 25.000,25.0,521.2775318967897,2317.606450834974,1796.3289189377904,1637.0850205929544,1.0972728333236825,336.1001985488604
33,2,25,STATE FAIR BOULEVARD > SPENCER STREET > WEST KIRKPATRICK STREET > WEST COURT STREET > COURT STREET,4,25.000 > 870.457 > 875.872 > 428.831 > 25.000,25.0,521.2775318967897,2746.4375913306217,2225.1600594341157,1796.462446333354,1.2386343304730636,509.81704227284956
34,2,25,SPENCER STREET > WEST KIRKPATRICK STREET,1,25.000 > 25.000,25.0,1391.7346262610467,1441.7346262610467,49.999999999828965,48.903870487927065,1.0224139623503319,5.041474177907846
35,2,25,SPENCER STREET > WEST KIRKPATRICK STREET > WEST COURT STREET,2,25.000 > 875.872 > 25.000,25.0,1391.7346262610467,2317.606450834974,925.8718245734939,906.6665635439517,1.0211822756035838,60.20374106923204
36,2,25,SPENCER STREET > WEST KIRKPATRICK STREET > WEST COURT STREET > COURT STREET,3,25.000 > 875.872 > 428.831 > 25.000,25.0,1391.7346262610467,2746.4375913306217,1354.7029650698187,1205.6964698391564,1.1235854122145188,270.0537567892288
37,2,25,WEST KIRKPATRICK STREET > WEST COURT STREET,1,25.000 > 25.000,25.0,2267.606450834974,2317.606450834974,49.9999999992565,49.858133179576804,1.002845409778355,1.6020061054122328
38,2,25,WEST KIRKPATRICK STREET > WEST COURT STREET > COURT STREET,2,25.000 > 428.831 > 25.000,25.0,2267.606450834974,2746.4375913306217,478.83114049558105,463.95123512063515,1.0320721322599278,55.077106084404384
39,2,25,WEST COURT STREET > COURT STREET,1,25.000 > 25.000,25.0,2696.4375913306217,2746.4375913306217,50.00000000002241,49.999881075814905,1.0000023784898073,0.028944072464685687
40,2,50,STATE FAIR BOULEVARD > SPENCER STREET,1,50.000 > 50.000,50.0,496.2775318967897,596.2775318967897,100.00000000007626,99.10224365953385,1.0090588901662676,6.570798381495854
41,2,50,STATE FAIR BOULEVARD > SPENCER STREET > WEST KIRKPATRICK STREET,2,50.000 > 870.457 > 50.000,50.0,496.2775318967897,1466.7346262610467,970.4570943642232,949.4456126891048,1.0221302635920426,74.55148769471602
42,2,50,STATE FAIR BOULEVARD > SPENCER STREET > WEST KIRKPATRICK STREET > WEST COURT STREET,3,50.000 > 870.457 > 875.872 > 50.000,50.0,496.2775318967897,2342.606450834974,1846.3289189380148,1672.5894636987732,1.1038745364657705,352.45623525490004
43,2,50,STATE FAIR BOULEVARD > SPENCER STREET > WEST KIRKPATRICK STREET > WEST COURT STREET > COURT STREET,4,50.000 > 870.457 > 875.872 > 428.831 > 50.000,50.0,496.2775318967897,2771.4375913306217,2275.16005943347,1825.363338964875,1.2464148977176595,528.7785608517178
44,2,50,SPENCER STREET > WEST KIRKPATRICK STREET,1,50.000 > 50.000,50.0,1366.7346262610467,1466.7346262610467,99.99999999990817,97.66225735312426,1.023937012210676,10.588195412254802
45,2,50,SPENCER STREET > WEST KIRKPATRICK STREET > WEST COURT STREET,2,50.000 > 875.872 > 50.000,50.0,1366.7346262610467,2342.606450834974,975.8718245736998,948.0873603610431,1.0293058059566114,74.35678034568801
46,2,50,SPENCER STREET > WEST KIRKPATRICK STREET > WEST COURT STREET > COURT STREET,3,50.000 > 875.872 > 428.831 > 50.000,50.0,1366.7346262610467,2771.4375913306217,1404.7029650691543,1241.070849823756,1.131847521250407,287.45030790058894
47,2,50,WEST KIRKPATRICK STREET > WEST COURT STREET,1,50.000 > 50.000,50.0,2242.606450834974,2342.606450834974,99.99999999965704,99.57501033484364,1.0042680353573077,3.7626650632154934
48,2,50,WEST KIRKPATRICK STREET > WEST COURT STREET > COURT STREET,2,50.000 > 428.831 > 50.000,50.0,2242.606450834974,2771.4375913306217,528.8311404951116,511.5430650639308,1.0337959335428,61.830047198907394
49,2,50,WEST COURT STREET > COURT STREET,1,50.000 > 50.000,50.0,2671.4375913306217,2771.4375913306217,99.99999999950339,99.99704939045742,1.000029506961095,0.2660633658047704
50,2,100,STATE FAIR BOULEVARD > SPENCER STREET,1,100.000 > 100.000,100.0,446.2775318967897,646.2775318967897,200.0000000001553,198.5170305299197,1.0074702380258105,10.57672758395757
51,2,100,STATE FAIR BOULEVARD > SPENCER STREET > WEST KIRKPATRICK STREET,2,100.000 > 870.457 > 100.000,100.0,446.2775318967897,1516.7346262610467,1070.4570943644205,1039.7631463989605,1.0295201345342573,96.52574284537059
52,2,100,STATE FAIR BOULEVARD > SPENCER STREET > WEST KIRKPATRICK STREET > WEST COURT STREET,3,100.000 > 870.457 > 875.872 > 100.000,100.0,446.2775318967897,2392.606450834974,1946.3289189385123,1743.0200652477722,1.1166417172953425,385.5150540579213
53,2,100,STATE FAIR BOULEVARD > SPENCER STREET > WEST KIRKPATRICK STREET > WEST COURT STREET > COURT STREET,4,100.000 > 870.457 > 875.872 > 428.831 > 100.000,100.0,446.2775318967897,2821.4375913306217,2375.160059433718,1896.6917955096885,1.2522646352226419,562.8609730497061
54,2,100,SPENCER STREET > WEST KIRKPATRICK STREET,1,100.000 > 100.000,100.0,1316.7346262610467,1516.7346262610467,200.00000000000279,195.18014032414186,1.0246944164906144,21.664161407862196
55,2,100,SPENCER STREET > WEST KIRKPATRICK STREET > WEST COURT STREET,2,100.000 > 875.872 > 100.000,100.0,1316.7346262610467,2392.606450834974,1075.8718245740943,1030.418082190861,1.0441119417145612,103.08294626997524
56,2,100,SPENCER STREET > WEST KIRKPATRICK STREET > WEST COURT STREET > COURT STREET,3,100.000 > 875.872 > 428.831 > 100.000,100.0,1316.7346262610467,2821.4375913306217,1504.7029650692998,1320.3102719222334,1.139658606820206,313.2519600393119
57,2,100,WEST KIRKPATRICK STREET > WEST COURT STREET,1,100.000 > 100.000,100.0,2192.606450834974,2392.606450834974,200.00000000028777,196.10213178966566,1.0198767253320982,16.505861394235325
58,2,100,WEST KIRKPATRICK STREET > WEST COURT STREET > COURT STREET,2,100.000 > 428.831 > 100.000,100.0,2192.606450834974,2821.4375913306217,628.8311404954933,600.0284855464886,1.0480021459694069,73.03152502901338
59,2,100,WEST COURT STREET > COURT STREET,1,100.000 > 100.000,100.0,2621.4375913306217,2821.4375913306217,199.99999999965632,196.96109689169566,1.015428950975185,13.383092224088632
60,3,25,TOMPKINS STREET > SOUTH WILBUR AVENUE > WEST FAYETTE STREET,2,25.000 > 13.044 > 25.000,13.044282281379765,1013.1644055283159,1076.2086878096957,63.04428228107855,57.8248717948767,1.090262378872482,11.14872150227239
61,3,25,TOMPKINS STREET > SOUTH WILBUR AVENUE > WEST FAYETTE STREET > EAST FAYETTE STREET,3,25.000 > 13.044 > 2378.530 > 25.000,13.044282281379765,1013.1644055283159,3454.738215067488,2441.5738095390693,2325.843929978593,1.04975823100974,299.09483236522397
62,3,25,WEST FAYETTE STREET > EAST FAYETTE STREET,1,25.000 > 25.000,25.0,3404.738215067488,3454.738215067488,49.99999999996395,49.999481608822514,1.0000103679303216,0.0847509481170967
63,3,50,TOMPKINS STREET > SOUTH WILBUR AVENUE > WEST FAYETTE STREET,2,50.000 > 13.044 > 50.000,13.044282281379765,988.1644055283159,1101.2086878096957,113.0442822814218,101.21166181318245,1.1169096550363942,23.72760533895126
64,3,50,TOMPKINS STREET > SOUTH WILBUR AVENUE > WEST FAYETTE STREET > EAST FAYETTE STREET,3,50.000 > 13.044 > 2378.530 > 50.000,13.044282281379765,988.1644055283159,3479.738215067488,2491.5738095390384,2373.146182842816,1.0499032160565671,291.41965093486937
65,3,50,WEST FAYETTE STREET > EAST FAYETTE STREET,1,50.000 > 50.000,50.0,3379.738215067488,3479.738215067488,100.00000000001876,99.9993218471054,1.000006781575123,0.14202105762263723
66,3,100,TOMPKINS STREET > SOUTH WILBUR AVENUE > WEST FAYETTE STREET,2,100.000 > 13.044 > 100.000,13.044282281379765,938.1644055283159,1151.2086878096957,213.04428228114952,188.97191907803696,1.1273859276053166,47.75288849342088
67,3,100,TOMPKINS STREET > SOUTH WILBUR AVENUE > WEST FAYETTE STREET > EAST FAYETTE STREET,3,100.000 > 13.044 > 2378.530 > 100.000,13.044282281379765,938.1644055283159,3529.738215067488,2591.5738095389756,2467.867080462406,1.0501269821441883,276.0565944803374
68,3,100,WEST FAYETTE STREET > EAST FAYETTE STREET,1,100.000 > 100.000,100.0,3329.738215067488,3529.738215067488,200.0000000000138,199.9957136845533,1.000021432036625,0.4887820245993773
69,4,25,MCCHESNEY PARK DRIVE > POND STREET,1,25.000 > 25.000,25.0,145.42918385104832,195.42918385104832,49.99999999935676,49.78585727946368,1.0043012761373382,2.051457508280989
70,4,25,MCCHESNEY PARK DRIVE > POND STREET > NORTH TOWNSEND STREET,2,25.000 > 1253.983 > 25.000,25.0,145.42918385104832,1449.4122788775958,1303.9830950264736,1303.3397343286933,1.0004936247095326,5.190849935988121
71,4,25,MCCHESNEY PARK DRIVE > POND STREET > NORTH TOWNSEND STREET > SOUTH TOWNSEND STREET,3,25.000 > 1253.983 > 1572.945 > 25.000,25.0,145.42918385104832,3022.3570458350964,2876.927861983881,2542.7319951529744,1.13143180935622,632.4302918597504
72,4,25,POND STREET > NORTH TOWNSEND STREET,1,25.000 > 25.000,25.0,1399.4122788775958,1449.4122788775958,50.000000000124395,49.85072874846364,1.0029943644838966,0.7637863817277685
73,4,25,POND STREET > NORTH TOWNSEND STREET > SOUTH TOWNSEND STREET,2,25.000 > 1572.945 > 25.000,25.0,1399.4122788775958,3022.3570458350964,1622.9447669575313,1570.387284024089,1.0334678480067443,114.10593387520645
74,4,25,NORTH TOWNSEND STREET > SOUTH TOWNSEND STREET,1,25.000 > 25.000,25.0,2972.3570458350964,3022.3570458350964,50.0000000005292,49.98252248024024,1.0003496726339864,0.5947612154212166
75,4,50,MCCHESNEY PARK DRIVE > POND STREET,1,50.000 > 50.000,50.0,120.42918385104832,220.42918385104832,100.00000000010834,99.4667052327064,1.005361540488893,4.824925462012103
76,4,50,MCCHESNEY PARK DRIVE > POND STREET > NORTH TOWNSEND STREET,2,50.000 > 1253.983 > 50.000,50.0,120.42918385104832,1474.4122788775958,1353.9830950260289,1342.6277839775694,1.0084575272342564,20.423268493360926
77,4,50,MCCHESNEY PARK DRIVE > POND STREET > NORTH TOWNSEND STREET > SOUTH TOWNSEND STREET,3,50.000 > 1253.983 > 1572.945 > 50.000,50.0,120.42918385104832,3047.3570458350964,2926.927861984049,2591.763198567004,1.1293191691287068,636.2013487436434
78,4,50,POND STREET > NORTH TOWNSEND STREET,1,50.000 > 50.000,50.0,1374.4122788775958,1474.4122788775958,99.99999999927012,91.99594341214632,1.087004451394832,16.28643711842661
79,4,50,POND STREET > NORTH TOWNSEND STREET > SOUTH TOWNSEND STREET,2,50.000 > 1572.945 > 50.000,50.0,1374.4122788775958,3047.3570458350964,1672.9447669572899,1609.1154413506792,1.039667337697681,118.7003103829191
80,4,50,NORTH TOWNSEND STREET > SOUTH TOWNSEND STREET,1,50.000 > 50.000,50.0,2947.3570458350964,3047.3570458350964,99.99999999996433,99.91841079847839,1.0008165582382058,0.9641457826124215
81,4,100,MCCHESNEY PARK DRIVE > POND STREET,1,100.000 > 100.000,100.0,70.42918385104832,270.4291838510483,199.99999999943955,198.35471217896026,1.0082946747390347,5.938613154607646
82,4,100,MCCHESNEY PARK DRIVE > POND STREET > NORTH TOWNSEND STREET,2,100.000 > 1253.983 > 100.000,100.0,70.42918385104832,1524.4122788775958,1453.9830950260666,1419.3699248274131,1.0243862925324856,61.18478430992791
83,4,100,MCCHESNEY PARK DRIVE > POND STREET > NORTH TOWNSEND STREET > SOUTH TOWNSEND STREET,3,100.000 > 1253.983 > 1572.945 > 100.000,100.0,70.42918385104832,3097.3570458350964,3026.927861984069,2684.2149581274953,1.1276771455351884,649.4278189776454
84,4,100,POND STREET > NORTH TOWNSEND STREET,1,100.000 > 100.000,100.0,1324.4122788775958,1524.4122788775958,199.99999999974023,177.55924916103532,1.126384578357574,43.65745582176774
85,4,100,POND STREET > NORTH TOWNSEND STREET > SOUTH TOWNSEND STREET,2,100.000 > 1572.945 > 100.000,100.0,1324.4122788775958,3097.3570458350964,1772.9447669577423,1687.5640275407716,1.0505940740757511,126.9650207127896
86,4,100,NORTH TOWNSEND STREET > SOUTH TOWNSEND STREET,1,100.000 > 100.000,100.0,2897.3570458350964,3097.3570458350964,200.00000000056835,199.83882534045517,1.000806523256122,1.1304095079023635
87,5,25,SOUTH WILBUR AVENUE > DELAWARE STREET,1,25.000 > 25.000,25.0,1051.9861415952555,1101.9861415952555,49.9999999998486,47.83661686454056,1.045224417550976,6.712252222471701
88,5,25,SOUTH WILBUR AVENUE > DELAWARE STREET > WEST ONONDAGA STREET,2,25.000 > 986.087 > 25.000,25.0,1051.9861415952555,2088.0730895067863,1036.086947911385,1014.3945300163491,1.0213845966762916,53.815587197389
89,5,25,SOUTH WILBUR AVENUE > DELAWARE STREET > WEST ONONDAGA STREET > TALLMAN STREET,3,25.000 > 986.087 > 25.075 > 25.000,25.0,1051.9861415952555,2113.148268319362,1061.162126724041,1036.2137412306522,1.0240764858645466,60.848340329733254
90,5,25,DELAWARE STREET > WEST ONONDAGA STREET,1,25.000 > 25.000,25.0,2038.0730895067863,2088.0730895067863,50.00000000009189,49.798051232407516,1.0040553548318965,2.2446655354252956
91,5,25,DELAWARE STREET > WEST ONONDAGA STREET > TALLMAN STREET,2,25.000 > 25.075 > 25.000,25.0,2038.0730895067863,2113.148268319362,75.07517881274788,74.07164579393937,1.0135481398860806,4.446179403931277
92,5,25,WEST ONONDAGA STREET > TALLMAN STREET,1,25.000 > 25.000,25.0,2063.148268319362,2113.148268319362,49.99999999995808,49.57152159431302,1.00864364037787,2.62450259041451
93,5,50,SOUTH WILBUR AVENUE > DELAWARE STREET,1,50.000 > 50.000,50.0,1026.9861415952555,1126.9861415952555,100.00000000028982,90.04793538474458,1.110519631272204,19.60235769134882
94,5,50,SOUTH WILBUR AVENUE > DELAWARE STREET > WEST ONONDAGA STREET > TALLMAN STREET,3,50.000 > 986.087 > 25.075 > 50.000,25.075178812575814,1026.9861415952555,2138.148268319362,1111.1621267243065,1057.6302595561885,1.0506149163986491,81.18371646369087
95,5,50,DELAWARE STREET > WEST ONONDAGA STREET > TALLMAN STREET,2,50.000 > 25.075 > 50.000,25.075178812575814,2013.0730895067863,2138.148268319362,125.07517881282716,121.3266373596418,1.030896277476757,12.961984557982811
96,5,100,SOUTH WILBUR AVENUE > DELAWARE STREET,1,100.000 > 100.000,100.0,976.9861415952555,1176.9861415952555,199.99999999962023,169.18303700810046,1.182151612457721,49.821585384044596
97,5,100,SOUTH WILBUR AVENUE > DELAWARE STREET > WEST ONONDAGA STREET > TALLMAN STREET,3,100.000 > 986.087 > 25.075 > 100.000,25.075178812575814,976.9861415952555,2188.148268319362,1211.162126723858,1094.203203196578,1.1068895824702387,124.96050084733521
98,5,100,DELAWARE STREET > WEST ONONDAGA STREET > TALLMAN STREET,2,100.000 > 25.075 > 100.000,25.075178812575814,1963.0730895067863,2188.148268319362,225.07517881241952,215.19676553376107,1.0459040973694778,30.52798786787076
99,6,25,RENWICK AVENUE > MARTIN LUTHER KING EAST,1,25.000 > 25.000,25.0,347.73283873699296,397.73283873699296,49.99999999988586,49.99984901139444,1.0000030197789473,0.019420290478204805
100,6,25,RENWICK AVENUE > MARTIN LUTHER KING EAST > MARTIN LUTHER KING WEST,2,25.000 > 514.790 > 25.000,25.0,347.73283873699296,912.5231034924739,564.7902647553799,564.7727031883048,1.000031094928944,1.3488681062466568
101,6,25,RENWICK AVENUE > MARTIN LUTHER KING EAST > MARTIN LUTHER KING WEST > HUDSON STREET,3,25.000 > 514.790 > 947.531 > 25.000,25.0,347.73283873699296,1860.0537272700144,1512.3208885329834,1490.081729584631,1.0149247913767467,45.243090339847654
102,6,25,MARTIN LUTHER KING EAST > MARTIN LUTHER KING WEST,1,25.000 > 25.000,25.0,862.5231034924739,912.5231034924739,49.99999999984874,49.993946396053616,1.0001210867361254,0.38901276758974407
103,6,25,MARTIN LUTHER KING EAST > MARTIN LUTHER KING WEST > HUDSON STREET,2,25.000 > 947.531 > 25.000,25.0,862.5231034924739,1860.0537272700144,997.5306237774522,976.012195541917,1.0220472944229835,41.054297043757465
104,6,25,MARTIN LUTHER KING WEST > HUDSON STREET,1,25.000 > 25.000,25.0,1810.0537272700144,1860.0537272700144,50.00000000020553,44.69961962275973,1.118577751268984,9.498534181526182
105,6,50,RENWICK AVENUE > MARTIN LUTHER KING EAST,1,50.000 > 50.000,50.0,322.73283873699296,422.73283873699296,100.00000000037335,95.98328796727417,1.0418480354045456,8.992390404892562
106,6,50,RENWICK AVENUE > MARTIN LUTHER KING EAST > MARTIN LUTHER KING WEST,2,50.000 > 514.790 > 50.000,50.0,322.73283873699296,937.5231034924739,614.7902647559627,610.1650365132566,1.0075802905212934,10.711293542348978
107,6,50,RENWICK AVENUE > MARTIN LUTHER KING EAST > MARTIN LUTHER KING WEST > HUDSON STREET,3,50.000 > 514.790 > 947.531 > 50.000,50.0,322.73283873699296,1885.0537272700144,1562.3208885331783,1513.9719218099344,1.0319351805847516,65.69135567795384
108,6,50,MARTIN LUTHER KING EAST > MARTIN LUTHER KING WEST,1,50.000 > 50.000,50.0,837.5231034924739,937.5231034924739,100.00000000021478,99.98789279262489,1.0001210867361212,0.7780255351705345
109,6,50,MARTIN LUTHER KING EAST > MARTIN LUTHER KING WEST > HUDSON STREET,2,50.000 > 947.531 > 50.000,50.0,837.5231034924739,1885.0537272700144,1047.5306237774303,1004.5036544483638,1.0428340595263392,61.582174066169834
110,6,50,MARTIN LUTHER KING WEST > HUDSON STREET,1,50.000 > 50.000,50.0,1785.0537272700144,1885.0537272700144,100.00000000000817,84.80415092966574,1.1791875622096075,24.35212321651083
111,6,100,RENWICK AVENUE > MARTIN LUTHER KING EAST,1,100.000 > 100.000,100.0,272.73283873699296,472.73283873699296,200.000000000266,177.19082703321652,1.1287266014214925,41.49241685464746
112,6,100,RENWICK AVENUE > MARTIN LUTHER KING EAST > MARTIN LUTHER KING WEST,2,100.000 > 514.790 > 100.000,100.0,272.73283873699296,987.5231034924739,714.7902647557165,685.1456594457884,1.043267595585306,51.97430487565103
113,6,100,RENWICK AVENUE > MARTIN LUTHER KING EAST > MARTIN LUTHER KING WEST > HUDSON STREET,3,100.000 > 514.790 > 947.531 > 100.000,100.0,272.73283873699296,1935.0537272700144,1662.32088853293,1548.8240948895896,1.073279331085969,108.05888417988086
114,6,100,MARTIN LUTHER KING EAST > MARTIN LUTHER KING WEST,1,100.000 > 100.000,100.0,787.5231034924739,987.5231034924739,199.99999999993503,199.97621291905065,1.0001189495517349,1.5390726819784535
115,6,100,MARTIN LUTHER KING EAST > MARTIN LUTHER KING WEST > HUDSON STREET,2,100.000 > 947.531 > 100.000,100.0,787.5231034924739,1935.0537272700144,1147.5306237771483,1062.7904662185445,1.0797336448266355,107.72339537956972
116,6,100,MARTIN LUTHER KING WEST > HUDSON STREET,1,100.000 > 100.000,100.0,1735.0537272700144,1935.0537272700144,199.9999999998074,160.58808008355305,1.2454224491366268,56.77054838384171
117,7,25,WEST FAYETTE STREET > TENNYSON AVENUE,1,25.000 > 25.000,25.0,5.112152302150832,55.11215230215083,50.00000000014942,46.74392949420733,1.0696576120402028,4.8239421757906955
118,7,25,WEST FAYETTE STREET > TENNYSON AVENUE > BURNET PARK DRIVE,2,25.000 > 513.202 > 25.000,25.0,5.112152302150832,568.3141043697432,563.2019520675676,557.884176307773,1.0095320426454628,13.68124377666983
119,7,25,WEST FAYETTE STREET > TENNYSON AVENUE > BURNET PARK DRIVE > TENNYSON AVENUE,3,25.000 > 513.202 > 43.872 > 25.000,25.0,5.112152302150832,612.186448243904,607.0742959418849,601.7549712307544,1.0088396855288972,13.730158169868655
120,7,25,TENNYSON AVENUE > BURNET PARK DRIVE,1,25.000 > 25.000,25.0,518.3141043697432,568.3141043697432,50.000000000165265,49.98849298222234,1.0002301933356346,0.5363229863698366
121,7,25,TENNYSON AVENUE > BURNET PARK DRIVE > TENNYSON AVENUE,2,25.000 > 43.872 > 25.000,25.0,518.3141043697432,612.186448243904,93.87234387448252,93.85704681116674,1.0001629825765408,0.7387513855372021
122,7,25,BURNET PARK DRIVE > TENNYSON AVENUE,1,25.000 > 25.000,25.0,562.186448243904,612.186448243904,50.00000000013291,49.99967237324102,1.0000065525807738,0.09050218484836242
123,7,50,TENNYSON AVENUE > BURNET PARK DRIVE > TENNYSON AVENUE,2,50.000 > 43.872 > 50.000,43.87234387416083,493.3141043697432,637.186448243904,143.87234387397814,143.84685516908576,1.000177193341227,1.2739296104366546
124,7,100,TENNYSON AVENUE > BURNET PARK DRIVE > TENNYSON AVENUE,2,100.000 > 43.872 > 100.000,43.87234387416083,443.3141043697432,687.186448243904,243.87234387412641,243.84103250824757,1.0001284089291977,1.2009083010244046
125,8,25,WILSON PLACE > EAST GIFFORD PARKWAY,1,25.000 > 25.000,25.0,60.30294077292777,110.30294077292777,50.00000000008841,48.28696659185712,1.0354761031627977,6.095933111781252
126,8,25,WILSON PLACE > EAST GIFFORD PARKWAY > GIFFORD PARKWAY > EAST GENESEE PARKWAY,3,25.000 > 25.217 > 17.696 > 25.000,17.696465441311062,60.30294077292777,153.21685863808332,92.91391786528925,89.15860715814335,1.042119441149243,11.278671319944593
127,8,25,EAST GIFFORD PARKWAY > GIFFORD PARKWAY > EAST GENESEE PARKWAY,2,25.000 > 17.696 > 25.000,17.696465441311062,85.52039319677226,153.21685863808332,67.69646544143453,67.3416003231638,1.0052696270443198,2.7941878163333502
128,8,50,WILSON PLACE > EAST GIFFORD PARKWAY > GIFFORD PARKWAY > EAST GENESEE PARKWAY,3,50.000 > 25.217 > 17.696 > 50.000,17.696465441311062,35.30294077292777,178.21685863808332,142.91391786521163,135.58836098420804,1.054027918235967,20.676275173053874
129,9,25,VALLEY DRIVE > GLENWOOD AVENUE,1,25.000 > 25.000,25.0,4046.269702478914,4096.269702478914,49.999999999980375,49.95869925802033,1.000826697703772,0.9002764925136802
130,9,25,VALLEY DRIVE > GLENWOOD AVENUE > MCDONALD ROAD,2,25.000 > 1221.996 > 25.000,25.0,4046.269702478914,5318.265325832477,1271.995623353552,1197.2440333533916,1.0624363854967702,138.85741037646983
131,9,25,GLENWOOD AVENUE > MCDONALD ROAD,1,25.000 > 25.000,25.0,5268.265325832477,5318.265325832477,50.000000000042384,47.96862446940689,1.0423480046197917,6.764635053272617
132,9,50,VALLEY DRIVE > GLENWOOD AVENUE,1,50.000 > 50.000,50.0,4021.269702478914,4121.269702478914,99.99999999972917,99.86092404874803,1.0013926964155995,2.403485554360406
133,9,50,VALLEY DRIVE > GLENWOOD AVENUE > MCDONALD ROAD,2,50.000 > 1221.996 > 50.000,50.0,4021.269702478914,5343.265325832477,1321.995623353389,1229.439142252559,1.0752834995404892,159.68648744437397
134,9,50,GLENWOOD AVENUE > MCDONALD ROAD,1,50.000 > 50.000,50.0,5243.265325832477,5343.265325832477,99.99999999985324,95.43316408853745,1.0478537618964299,14.712267826023286
135,9,100,VALLEY DRIVE > GLENWOOD AVENUE,1,100.000 > 100.000,100.0,3971.269702478914,4171.269702478914,199.9999999998745,198.4888429132318,1.0076133099697866,9.669823704990398
136,9,100,VALLEY DRIVE > GLENWOOD AVENUE > MCDONALD ROAD,2,100.000 > 1221.996 > 100.000,100.0,3971.269702478914,5393.265325832477,1421.9956233534633,1292.8714579923762,1.099873939178452,201.5862428561404
137,9,100,GLENWOOD AVENUE > MCDONALD ROAD,1,100.000 > 100.000,100.0,5193.265325832477,5393.265325832477,200.0000000001373,190.5694761308316,1.049486014553723,30.136827741221786
138,10,25,GERE AVENUE > WEST END DRIVE,1,25.000 > 25.000,25.0,40.32647448116248,90.32647448116248,49.999999999993165,47.20565014353756,1.0591952414162047,7.588853808791132
139,10,25,GERE AVENUE > WEST END DRIVE > ERIE BOULEVARD WEST,2,25.000 > 85.363 > 25.000,25.0,40.32647448116248,175.68929927345414,135.3628247927441,129.33921931191017,1.0465721496764846,14.052193714746242
140,10,25,WEST END DRIVE > ERIE BOULEVARD WEST,1,25.000 > 25.000,25.0,125.68929927345414,175.68929927345414,50.00000000038081,49.107546012242274,1.0181734592870115,4.699453871340627
141,10,50,GERE AVENUE > WEST END DRIVE,1,50.000 > 50.000,50.0,15.326474481162478,115.32647448116248,100.00000000006241,92.58242270993415,1.0801186345421954,18.168563967887934
142,10,50,GERE AVENUE > WEST END DRIVE > ERIE BOULEVARD WEST,2,50.000 > 85.363 > 50.000,50.0,15.326474481162478,200.68929927345414,185.3628247927523,175.3117851401637,1.0573323672709891,23.842490818774834
143,10,50,WEST END DRIVE > ERIE BOULEVARD WEST,1,50.000 > 50.000,50.0,100.68929927345414,200.68929927345414,100.00000000030876,98.29742057112114,1.0173206928451979,9.17873700223104
144,11,25,VELASKO ROAD > SOUTH AVERY AVENUE,1,25.000 > 25.000,25.0,1182.8957879050668,1232.8957879050668,49.999999999666606,49.97040054105083,1.0005923398310859,0.37519885970508
145,11,25,VELASKO ROAD > SOUTH AVERY AVENUE > AVERY AVENUE,2,25.000 > 977.655 > 25.000,25.0,1182.8957879050668,2210.5506689869917,1027.6548810820527,1010.5125731557142,1.0169639729200053,35.969265069667514
146,11,25,SOUTH AVERY AVENUE > AVERY AVENUE,1,25.000 > 25.000,25.0,2160.5506689869917,2210.5506689869917,50.00000000024139,49.99328711990321,1.0001342756342884,0.4096470953941384
147,11,50,VELASKO ROAD > SOUTH AVERY AVENUE,1,50.000 > 50.000,50.0,1157.8957879050668,1257.8957879050668,100.000000000175,99.82551298147041,1.001747920080681,1.6237861693130604
148,11,50,VELASKO ROAD > SOUTH AVERY AVENUE > AVERY AVENUE,2,50.000 > 977.655 > 50.000,50.0,1157.8957879050668,2235.5506689869917,1077.6548810820577,1058.068212801074,1.0185117254672371,36.77099689597362
149,11,50,SOUTH AVERY AVENUE > AVERY AVENUE,1,50.000 > 50.000,50.0,2135.5506689869917,2235.5506689869917,100.00000000043548,97.94471077747099,1.0209841777738675,8.355171508916397
150,11,100,VELASKO ROAD > SOUTH AVERY AVENUE,1,100.000 > 100.000,100.0,1107.8957879050668,1307.8957879050668,199.99999999989998,197.6361673082344,1.0119605268805831,8.491857915356615
151,11,100,VELASKO ROAD > SOUTH AVERY AVENUE > AVERY AVENUE,2,100.000 > 977.655 > 100.000,100.0,1107.8957879050668,2285.5506689869917,1177.6548810822624,1154.6578012058967,1.0199167925357175,40.83696827245606
152,11,100,SOUTH AVERY AVENUE > AVERY AVENUE,1,100.000 > 100.000,100.0,2085.5506689869917,2285.5506689869917,200.00000000067453,193.11958761143458,1.0356277292963345,24.6458991832761
153,12,25,NORTH MIDLER AVENUE > SOUTH MIDLER AVENUE,1,25.000 > 25.000,25.0,788.7209777281707,838.7209777281707,49.99999999948527,49.849668910846596,1.0030156888084358,1.7399438775896678
154,12,25,NORTH MIDLER AVENUE > SOUTH MIDLER AVENUE > SEELEY ROAD,2,25.000 > 1714.297 > 25.000,25.0,788.7209777281707,2553.0182516483005,1764.2972739199026,1760.547606135668,1.0021298303841184,29.187148432711332
155,12,25,SOUTH MIDLER AVENUE > SEELEY ROAD,1,25.000 > 25.000,25.0,2503.0182516483005,2553.0182516483005,49.999999999983885,49.93809889897727,1.0012395566185215,1.088282026994728
156,12,50,NORTH MIDLER AVENUE > SOUTH MIDLER AVENUE,1,50.000 > 50.000,50.0,763.7209777281707,863.7209777281707,100.00000000015191,99.53662734451213,1.0046552979340557,4.447523333340971
157,12,50,NORTH MIDLER AVENUE > SOUTH MIDLER AVENUE > SEELEY ROAD,2,50.000 > 1714.297 > 50.000,50.0,763.7209777281707,2578.0182516483005,1814.2972739200443,1810.5390711362077,1.0020757369138011,29.635430927428647
158,12,50,SOUTH MIDLER AVENUE > SEELEY ROAD,1,50.000 > 50.000,50.0,2478.0182516483005,2578.0182516483005,99.99999999962844,99.81450472611115,1.0018583999793045,2.8115146080513926
159,12,100,NORTH MIDLER AVENUE > SOUTH MIDLER AVENUE,1,100.000 > 100.000,100.0,713.7209777281707,913.7209777281707,200.00000000041098,199.1397396302912,1.0043198829712086,6.33019090846805
160,12,100,NORTH MIDLER AVENUE > SOUTH MIDLER AVENUE > SEELEY ROAD,2,100.000 > 1714.297 > 100.000,100.0,713.7209777281707,2628.0182516483005,1914.297273920009,1910.5279517674173,1.0019729217513436,29.588070301122002
161,12,100,SOUTH MIDLER AVENUE > SEELEY ROAD,1,100.000 > 100.000,100.0,2428.0182516483005,2628.0182516483005,199.99999999962316,199.5051852192627,1.0024802101249481,6.643189387151854
162,13,25,BUTTERNUT STREET > NORTH FRANKLIN STREET,1,25.000 > 25.000,25.0,2366.253558171073,2416.253558171073,49.99999999970969,49.84977446535789,1.0030135649752276,1.9364907515865786
163,13,25,BUTTERNUT STREET > NORTH FRANKLIN STREET > SOUTH FRANKLIN STREET,2,25.000 > 431.308 > 25.000,25.0,2366.253558171073,2847.5614461352693,481.30788796433575,474.737898122122,1.0138391939388072,17.2791894149613
164,13,25,NORTH FRANKLIN STREET > SOUTH FRANKLIN STREET,1,25.000 > 25.000,25.0,2797.5614461352693,2847.5614461352693,50.00000000005447,49.97851212521263,1.0004299422677492,0.7289790736503715
165,13,50,BUTTERNUT STREET > NORTH FRANKLIN STREET,1,50.000 > 50.000,50.0,2341.253558171073,2441.253558171073,100.00000000000081,98.60052856023255,1.014193346224441,6.944007869587494
166,13,50,BUTTERNUT STREET > NORTH FRANKLIN STREET > SOUTH FRANKLIN STREET,2,50.000 > 431.308 > 50.000,50.0,2341.253558171073,2872.5614461352693,531.3078879636793,523.2871118288465,1.015327677585639,18.64301482297681
167,13,50,NORTH FRANKLIN STREET > SOUTH FRANKLIN STREET,1,50.000 > 50.000,50.0,2772.5614461352693,2872.5614461352693,99.99999999944549,99.30258363330051,1.0070231442186879,3.4825054455788065
168,13,100,BUTTERNUT STREET > NORTH FRANKLIN STREET,1,100.000 > 100.000,100.0,2291.253558171073,2491.253558171073,200.00000000010945,196.07870515453024,1.0199985757886805,18.10438045199953
169,13,100,BUTTERNUT STREET > NORTH FRANKLIN STREET > SOUTH FRANKLIN STREET,2,100.000 > 431.308 > 100.000,100.0,2291.253558171073,2922.5614461352693,631.3078879637376,620.8044227444449,1.016919121118466,31.34916161298185
170,13,100,NORTH FRANKLIN STREET > SOUTH FRANKLIN STREET,1,100.000 > 100.000,100.0,2722.5614461352693,2922.5614461352693,199.99999999978246,196.89600087427903,1.0157646631303872,15.979946624509084
171,14,25,DESTINY USA DRIVE > HARBORSIDE DRIVE,1,25.000 > 25.000,25.0,800.5496048578699,850.5496048578699,49.999999999563975,49.99226112056048,1.0001548015398791,0.30431041623245364
172,14,25,DESTINY USA DRIVE > HARBORSIDE DRIVE > NBT BANK PARKWAY,2,25.000 > 1518.518 > 25.000,25.0,800.5496048578699,2369.067923192421,1568.5183183345262,818.8737433360336,1.9154580679855404,490.6030196025239
173,14,25,HARBORSIDE DRIVE > NBT BANK PARKWAY,1,25.000 > 25.000,25.0,2319.067923192421,2369.067923192421,50.000000000264535,49.998873064361966,1.0000225392260564,0.1250253289288789
174,14,50,DESTINY USA DRIVE > HARBORSIDE DRIVE,1,50.000 > 50.000,50.0,775.5496048578699,875.5496048578699,100.00000000015088,99.95540450286417,1.0004461539374334,1.2764002286736342
175,14,50,DESTINY USA DRIVE > HARBORSIDE DRIVE > NBT BANK PARKWAY,2,50.000 > 1518.518 > 50.000,50.0,775.5496048578699,2394.067923192421,1618.5183183349302,816.4377056859015,1.982414955927579,507.6392325813478
176,14,50,HARBORSIDE DRIVE > NBT BANK PARKWAY,1,50.000 > 50.000,50.0,2294.067923192421,2394.067923192421,100.00000000007441,99.99778147338887,1.0000221857590523,0.297741948760706
177,14,100,DESTINY USA DRIVE > HARBORSIDE DRIVE,1,100.000 > 100.000,100.0,725.5496048578699,925.5496048578699,199.99999999986974,198.60689826378797,1.0070143673168466,9.592332168232835
178,14,100,DESTINY USA DRIVE > HARBORSIDE DRIVE > NBT BANK PARKWAY,2,100.000 > 1518.518 > 100.000,100.0,725.5496048578699,2444.067923192421,1718.5183183346571,812.6755011116023,2.114642703002632,542.4407070464222
179,14,100,HARBORSIDE DRIVE > NBT BANK PARKWAY,1,100.000 > 100.000,100.0,2244.067923192421,2444.067923192421,200.00000000045793,199.9901810617978,1.0000490971037077,0.7093436840888105
180,15,25,EAST ADAMS STREET > WEST ADAMS STREET,1,25.000 > 25.000,25.0,1832.0154702699501,1882.0154702699501,50.00000000013568,49.62508298413878,1.007554990207608,2.862116950113159
181,15,25,EAST ADAMS STREET > WEST ADAMS STREET > SHONNARD STREET,2,25.000 > 264.302 > 25.000,25.0,1832.0154702699501,2146.317962527295,314.302492257365,305.9592856482789,1.027269009310857,30.176787881690053
182,15,25,WEST ADAMS STREET > SHONNARD STREET,1,25.000 > 25.000,25.0,2096.317962527295,2146.317962527295,49.999999999882256,49.31589264345994,1.0138719451226041,3.5268742285849917
183,15,50,EAST ADAMS STREET > WEST ADAMS STREET,1,50.000 > 50.000,50.0,1807.0154702699501,1907.0154702699501,99.99999999989882,99.06211449781016,1.0094676507446183,6.6247982141234925
184,15,50,EAST ADAMS STREET > WEST ADAMS STREET > SHONNARD STREET,2,50.000 > 264.302 > 50.000,50.0,1807.0154702699501,2171.317962527295,364.30249225735315,355.80164494482153,1.0238920967154324,30.27390128647088
185,15,50,WEST ADAMS STREET > SHONNARD STREET,1,50.000 > 50.000,50.0,2071.317962527295,2171.317962527295,100.00000000013642,98.70619835459847,1.0131076028365515,7.273656233195398
186,15,100,EAST ADAMS STREET > WEST ADAMS STREET,1,100.000 > 100.000,100.0,1757.0154702699501,1957.0154702699501,199.99999999999778,197.9470823831618,1.010371042564104,14.083365652186847
187,16,25,NORTH BEECH STREET > SOUTH BEECH STREET,1,25.000 > 25.000,25.0,534.3112871602918,584.3112871602918,49.99999999998771,49.99988195243979,1.0000023609565325,0.05432481214062548
188,16,25,NORTH BEECH STREET > SOUTH BEECH STREET > MADISON STREET,2,25.000 > 665.577 > 25.000,25.0,534.3112871602918,1249.888420182307,715.577133021881,620.3728334212537,1.1534630378245148,138.80435413816843
189,16,25,SOUTH BEECH STREET > MADISON STREET,1,25.000 > 25.000,25.0,1199.888420182307,1249.888420182307,49.999999999782275,48.77609208415223,1.0250923734012651,5.002174546972973
190,16,50,NORTH BEECH STREET > SOUTH BEECH STREET,1,50.000 > 50.000,50.0,509.31128716029184,609.3112871602918,99.99999999990484,99.99944967597501,1.000005503269584,0.04798481052457328
191,16,50,NORTH BEECH STREET > SOUTH BEECH STREET > MADISON STREET,2,50.000 > 665.577 > 50.000,50.0,509.31128716029184,1274.888420182307,765.5771330217142,650.7782558966135,1.176402447507924,157.34773560964487
192,16,50,SOUTH BEECH STREET > MADISON STREET,1,50.000 > 50.000,50.0,1174.888420182307,1274.888420182307,99.99999999988586,97.81573805218547,1.0223303733243323,9.289954477216328
193,16,100,NORTH BEECH STREET > SOUTH BEECH STREET,1,100.000 > 100.000,100.0,459.31128716029184,659.3112871602918,200.00000000019065,199.99840025477732,1.0000079987910468,0.2301747996681084
194,16,100,NORTH BEECH STREET > SOUTH BEECH STREET > MADISON STREET,2,100.000 > 665.577 > 100.000,100.0,459.31128716029184,1324.888420182307,865.5771330223026,712.4512661093228,1.2149281981758502,198.08528480273137
195,16,100,SOUTH BEECH STREET > MADISON STREET,1,100.000 > 100.000,100.0,1124.888420182307,1324.888420182307,199.99999999996243,196.4308397029761,1.018170060782631,16.672314812614506
196,17,25,WEST STREET ARTERIAL SOUTHBOUND > SOUTH WEST STREET,1,25.000 > 25.000,25.0,324.4668045447892,374.4668045447892,49.999999999740766,49.99441240020894,1.0001117644805404,0.3737407965127974
197,17,25,WEST STREET ARTERIAL SOUTHBOUND > SOUTH WEST STREET > WEST STREET ARTERIAL SOUTHBOUND,2,25.000 > 297.883 > 25.000,25.0,324.4668045447892,672.350206867225,347.8834023221013,345.27827000070573,1.0075450225158689,11.198999852110106
198,17,25,SOUTH WEST STREET > WEST STREET ARTERIAL SOUTHBOUND,1,25.000 > 25.000,25.0,622.350206867225,672.350206867225,49.99999999929495,49.5741004483288,1.0085911705328887,3.0443904423184245
199,17,50,WEST STREET ARTERIAL SOUTHBOUND > SOUTH WEST STREET,1,50.000 > 50.000,50.0,299.4668045447892,399.4668045447892,100.000000000225,99.91821938180675,1.0008184755385376,1.4087145787118245
200,17,50,WEST STREET ARTERIAL SOUTHBOUND > SOUTH WEST STREET > WEST STREET ARTERIAL SOUTHBOUND,2,50.000 > 297.883 > 50.000,50.0,299.4668045447892,697.350206867225,397.8834023222201,394.5836567518767,1.008362600715666,12.951617598389978
201,17,50,SOUTH WEST STREET > WEST STREET ARTERIAL SOUTHBOUND,1,50.000 > 50.000,50.0,597.350206867225,697.350206867225,99.99999999975945,98.90641002317192,1.011056815997379,6.604093286088869
202,17,100,WEST STREET ARTERIAL SOUTHBOUND > SOUTH WEST STREET,1,100.000 > 100.000,100.0,249.46680454478923,449.4668045447892,199.9999999996663,199.39466274087118,1.0030358749350368,6.748048016484633
203,17,100,WEST STREET ARTERIAL SOUTHBOUND > SOUTH WEST STREET > WEST STREET ARTERIAL SOUTHBOUND,2,100.000 > 297.883 > 100.000,100.0,249.46680454478923,747.350206867225,497.88340232222714,493.7944321954184,1.0082807133094416,19.108019957463398
204,17,100,SOUTH WEST STREET > WEST STREET ARTERIAL SOUTHBOUND,1,100.000 > 100.000,100.0,547.350206867225,747.350206867225,200.00000000031613,198.23863397340818,1.0088850795205955,7.869799813638132
205,18,25,MONTICELLO DRIVE SOUTH > MONTICELLO DRIVE NORTH,1,25.000 > 25.000,25.0,413.75091923624313,463.75091923624313,49.999999999730214,49.998636086571715,1.0000272790072942,0.18465471534036298
206,18,25,MONTICELLO DRIVE SOUTH > MONTICELLO DRIVE NORTH > SPRINGBROOK AVENUE,2,25.000 > 586.803 > 25.000,25.0,413.75091923624313,1050.553957485684,636.8030382497594,635.4761616539239,1.0020880037299622,8.024033186600812
207,18,25,MONTICELLO DRIVE NORTH > SPRINGBROOK AVENUE,1,25.000 > 25.000,25.0,1000.5539574856839,1050.553957485684,50.00000000001042,49.999376308375524,1.0000124739882963,0.12486870554589545
208,18,50,MONTICELLO DRIVE SOUTH > MONTICELLO DRIVE NORTH,1,50.000 > 50.000,50.0,388.75091923624313,488.75091923624313,100.00000000003615,99.87797257194242,1.0012217651695505,1.8437836358704007
209,18,50,MONTICELLO DRIVE SOUTH > MONTICELLO DRIVE NORTH > SPRINGBROOK AVENUE,2,50.000 > 586.803 > 50.000,50.0,388.75091923624313,1075.553957485684,686.803038249412,685.4294589978745,1.002003968801612,7.125402601758407
210,18,50,MONTICELLO DRIVE NORTH > SPRINGBROOK AVENUE,1,50.000 > 50.000,50.0,975.5539574856839,1075.553957485684,99.99999999909002,99.99875261582041,1.0000124739882947,0.24973741107394823
211,18,100,MONTICELLO DRIVE SOUTH > MONTICELLO DRIVE NORTH,1,100.000 > 100.000,100.0,338.75091923624313,538.7509192362431,199.99999999967838,199.8100669348779,1.0009505680455149,1.6604251703238853
212,18,100,MONTICELLO DRIVE SOUTH > MONTICELLO DRIVE NORTH > SPRINGBROOK AVENUE,2,100.000 > 586.803 > 100.000,100.0,338.75091923624313,1125.553957485684,786.8030382491817,785.2423004597805,1.0019875875108706,9.352084677256423
213,18,100,MONTICELLO DRIVE NORTH > SPRINGBROOK AVENUE,1,100.000 > 100.000,100.0,925.5539574856839,1125.553957485684,200.00000000023522,199.8757859300945,1.0006214563187967,2.167048319017796
214,19,25,SUMNER AVENUE > DORSET ROAD,1,25.000 > 25.000,25.0,413.3455461372944,463.3455461372944,49.99999999975667,49.99917102659254,1.0000165797381657,0.14395887365456594
215,19,25,SUMNER AVENUE > DORSET ROAD > CIRCLE ROAD,2,25.000 > 276.149 > 25.000,25.0,413.3455461372944,739.4943554199393,326.1488092823986,257.5873564447114,1.2661677723005913,86.82418372196047
216,19,25,DORSET ROAD > CIRCLE ROAD,1,25.000 > 25.000,25.0,689.4943554199393,739.4943554199393,49.99999999976904,47.23882426401343,1.0584514068411959,7.410838363253426
217,19,50,SUMNER AVENUE > DORSET ROAD,1,50.000 > 50.000,50.0,388.3455461372944,488.3455461372944,100.0000000004402,99.99834205411202,1.0000165797381648,0.28791774730477254
218,19,50,SUMNER AVENUE > DORSET ROAD > CIRCLE ROAD,2,50.000 > 276.149 > 50.000,50.0,388.3455461372944,764.4943554199393,376.14880928219907,294.9511321867345,1.2752919661418964,97.50680637503584
219,19,50,DORSET ROAD > CIRCLE ROAD,1,50.000 > 50.000,50.0,664.4943554199393,764.4943554199393,99.99999999957035,88.97677311306249,1.123888813909903,21.134126702100453
220,19,100,SUMNER AVENUE > DORSET ROAD,1,100.000 > 100.000,100.0,338.3455461372944,538.3455461372944,200.00000000041945,187.97968859348637,1.0639447351832116,16.743542100709785
221,19,100,SUMNER AVENUE > DORSET ROAD > CIRCLE ROAD,2,100.000 > 276.149 > 100.000,100.0,338.3455461372944,814.4943554199393,476.1488092834892,369.7421956505606,1.2877859624479873,107.88413136377561
222,19,100,DORSET ROAD > CIRCLE ROAD,1,100.000 > 100.000,100.0,614.4943554199393,814.4943554199393,200.0000000003917,163.36707713751414,1.224236875046995,53.587783393565786
223,20,25,LAMBRETH LANE > WINDING RIDGE ROAD,1,25.000 > 25.000,25.0,422.16011489052124,472.16011489052124,49.999999999724906,49.669583772168856,1.006652285009507,2.7118980553179295
224,20,25,LAMBRETH LANE > WINDING RIDGE ROAD > CHINOOK DRIVE SOUTH,2,25.000 > 403.440 > 25.000,25.0,422.16011489052124,875.6001164672473,453.44000157696047,262.18498553098317,1.729465936650198,149.68267640729655
225,20,25,WINDING RIDGE ROAD > CHINOOK DRIVE SOUTH,1,25.000 > 25.000,25.0,825.6001164672473,875.6001164672473,50.00000000013491,49.92926786311276,1.0014166467895358,0.706905616351995
226,20,50,LAMBRETH LANE > WINDING RIDGE ROAD,1,50.000 > 50.000,50.0,397.16011489052124,497.16011489052124,100.00000000019429,93.28535676632514,1.0719796060885416,13.714227714751805
227,20,50,LAMBRETH LANE > WINDING RIDGE ROAD > CHINOOK DRIVE SOUTH,2,50.000 > 403.440 > 50.000,50.0,397.16011489052124,900.6001164672473,503.44000157717363,249.5452561096937,2.017429661559562,169.81319990524813
228,20,50,WINDING RIDGE ROAD > CHINOOK DRIVE SOUTH,1,50.000 > 50.000,50.0,800.6001164672473,900.6001164672473,100.00000000031937,99.0363958718661,1.0097297980199116,5.439410472345695
229,20,100,LAMBRETH LANE > WINDING RIDGE ROAD,1,100.000 > 100.000,100.0,347.16011489052124,547.1601148905213,200.00000000011096,176.39501787365663,1.1338188709125643,37.59543069061622
230,20,100,LAMBRETH LANE > WINDING RIDGE ROAD > CHINOOK DRIVE SOUTH,2,100.000 > 403.440 > 100.000,100.0,347.16011489052124,950.6001164672473,603.4400015770398,247.6656869202697,2.436510317924273,208.539449793518
231,20,100,WINDING RIDGE ROAD > CHINOOK DRIVE SOUTH,1,100.000 > 100.000,100.0,750.6001164672473,950.6001164672473,199.99999999997755,188.1860294203933,1.0627781489198262,24.26540815421119
232,21,25,ROE AVENUE > TEJAH AVENUE,1,25.000 > 25.000,25.0,389.16836530383256,439.16836530383256,49.999999999220194,48.09491188050073,1.0396110117314061,3.9496085233556752
233,21,25,ROE AVENUE > TEJAH AVENUE > JEAN AVENUE,2,25.000 > 341.609 > 25.000,25.0,389.16836530383256,780.777193578851,391.6088282747032,296.9017292006392,1.3189846665058096,115.03739431506027
234,21,25,TEJAH AVENUE > JEAN AVENUE,1,25.000 > 25.000,25.0,730.777193578851,780.777193578851,50.00000000002152,49.87774170945925,1.0024511593021679,1.1917862080046704
235,21,50,ROE AVENUE > TEJAH AVENUE,1,50.000 > 50.000,50.0,364.16836530383256,464.16836530383256,99.99999999945697,97.28333018460498,1.0279253373594104,5.154271865203761
236,21,50,ROE AVENUE > TEJAH AVENUE > JEAN AVENUE,2,50.000 > 341.609 > 50.000,50.0,364.16836530383256,805.777193578851,441.6088282746927,332.24561386842976,1.3291637566946817,132.87672499507255
237,21,50,TEJAH AVENUE > JEAN AVENUE,1,50.000 > 50.000,50.0,705.777193578851,805.777193578851,100.00000000001056,99.84918468841782,1.0015104310772627,1.5614416395373738
238,21,100,ROE AVENUE > TEJAH AVENUE,1,100.000 > 100.000,100.0,314.16836530383256,514.1683653038326,199.9999999996369,195.30023452878427,1.024064310430513,11.04963095266912
239,21,100,ROE AVENUE > TEJAH AVENUE > JEAN AVENUE,2,100.000 > 341.609 > 100.000,100.0,314.16836530383256,855.777193578851,541.6088282747287,402.59860438397965,1.3452824286449032,168.6570956401986
240,21,100,TEJAH AVENUE > JEAN AVENUE,1,100.000 > 100.000,100.0,655.777193578851,855.777193578851,199.99999999997777,199.8409668456507,1.0007957985634142,1.7672811383283675
241,22,25,CRESTVIEW TERRACE > CAYUGA STREET,1,25.000 > 25.000,24.999999999999993,26.173215147945548,76.17321514794554,50.0000000004171,49.99748559751356,1.0000502905870865,0.2507159588727945
242,22,25,CRESTVIEW TERRACE > CAYUGA STREET > EMERSON AVENUE,2,25.000 > 761.577 > 25.000,25.0,26.173215147945548,837.7498503923581,811.5766352445197,793.1048083433714,1.0232905244134531,37.9167357129903
243,22,25,CAYUGA STREET > EMERSON AVENUE,1,25.000 > 25.000,25.0,787.7498503923581,837.7498503923581,49.99999999988998,48.723877485863184,1.026190906386649,4.51376864001669
244,22,50,CRESTVIEW TERRACE > CAYUGA STREET,1,50.000 > 50.000,49.99999999999999,1.1732151479455482,101.17321514794554,99.99999999999423,99.9949711941871,1.0000502905870872,0.5014319177455903
245,23,25,SOUTH GLENCOVE ROAD > NORTH GLENCOVE ROAD,1,25.000 > 25.000,25.0,332.80919523975643,382.80919523975643,49.99999999974375,47.48477231057458,1.0529691428805492,6.096041406923639
246,23,25,SOUTH GLENCOVE ROAD > NORTH GLENCOVE ROAD > GLENCOVE ROAD,2,25.000 > 400.676 > 25.000,25.0,332.80919523975643,783.4854093811308,450.6762141410681,384.1131362969933,1.1732902927657458,65.22978098739748
247,23,25,NORTH GLENCOVE ROAD > GLENCOVE ROAD,1,25.000 > 25.000,25.0,733.4854093811308,783.4854093811308,49.99999999964573,49.64478619595687,1.0071551079359427,2.1230376980957866
248,23,50,SOUTH GLENCOVE ROAD > NORTH GLENCOVE ROAD,1,50.000 > 50.000,50.0,307.80919523975643,407.80919523975643,99.99999999973578,79.4144991653007,1.259215899499492,24.823303511981155
249,23,100,SOUTH GLENCOVE ROAD > NORTH GLENCOVE ROAD,1,100.000 > 100.000,100.0,257.80919523975643,457.80919523975643,200.00000000002336,88.71954354490968,2.254294736072258,74.18391228555835
250,24,25,WEST CHELTENHAM ROAD > EAST CHELTENHAM ROAD,1,25.000 > 25.000,25.0,217.19041565557413,267.19041565557416,50.000000000015774,49.92493160371638,1.001503625420967,0.9699240953082393
251,24,25,WEST CHELTENHAM ROAD > EAST CHELTENHAM ROAD > NORTH CHELTENHAM ROAD,2,25.000 > 386.373 > 25.000,25.0,217.19041565557413,653.5637200239378,436.3733043684603,431.71336129608613,1.010794067291279,13.141580834822873
252,24,25,EAST CHELTENHAM ROAD > NORTH CHELTENHAM ROAD,1,25.000 > 25.000,25.0,603.5637200239378,653.5637200239378,50.00000000005147,47.25598927967374,1.0580669405551524,7.3691122627485015
253,24,50,WEST CHELTENHAM ROAD > EAST CHELTENHAM ROAD,1,50.000 > 50.000,50.0,192.19041565557413,292.19041565557416,99.99999999998124,99.90729147821865,1.000927945502184,1.0011171754734192
254,24,50,WEST CHELTENHAM ROAD > EAST CHELTENHAM ROAD > NORTH CHELTENHAM ROAD,2,50.000 > 386.373 > 50.000,50.0,192.19041565557413,678.5637200239378,486.37330436800113,468.9630423968022,1.0371250192386539,33.62528949409032
255,24,50,EAST CHELTENHAM ROAD > NORTH CHELTENHAM ROAD,1,50.000 > 50.000,50.0,578.5637200239378,678.5637200239378,99.99999999965571,88.85593580451392,1.125417217141904,20.460050859141603
256,24,100,WEST CHELTENHAM ROAD > EAST CHELTENHAM ROAD,1,100.000 > 100.000,100.0,142.19041565557413,342.19041565557416,199.99999999994725,199.89842153112602,1.0005081504298192,1.0641718822102646
257,24,100,WEST CHELTENHAM ROAD > EAST CHELTENHAM ROAD > NORTH CHELTENHAM ROAD,2,100.000 > 386.373 > 100.000,100.0,142.19041565557413,728.5637200239378,586.3733043684282,542.9630382785315,1.0799506836184085,73.7202307348255
258,24,100,EAST CHELTENHAM ROAD > NORTH CHELTENHAM ROAD,1,100.000 > 100.000,100.0,528.5637200239378,728.5637200239378,200.0000000000922,171.81636853682852,1.1640334486363129,48.53376536745132
259,25,25,RIVERDALE DRIVE > MARIS DRIVE,1,25.000 > 25.000,25.0,343.1822064858577,393.1822064858577,50.000000000019064,49.557365816336386,1.0089317536634839,3.179271017190167
260,25,25,RIVERDALE DRIVE > MARIS DRIVE > CRESTVIEW DRIVE,2,25.000 > 56.316 > 25.000,25.0,343.1822064858577,449.4977723722271,106.31556588637771,105.70495084867916,1.0057765982841491,4.500984443036746
261,25,25,MARIS DRIVE > CRESTVIEW DRIVE,1,25.000 > 25.000,25.0,399.4977723722271,449.4977723722271,50.000000000052665,49.99677213810948,1.0000645614067698,0.28406679462157824
262,25,50,RIVERDALE DRIVE > MARIS DRIVE,1,50.000 > 50.000,50.0,318.1822064858577,418.1822064858577,100.00000000001998,99.3314053383579,1.006730949384886,3.931874470938141
263,25,50,RIVERDALE DRIVE > MARIS DRIVE > CRESTVIEW DRIVE,2,50.000 > 56.316 > 50.000,50.0,318.1822064858577,474.4977723722271,156.31556588607788,151.57146166113748,1.031299455536997,9.163580882572266
264,25,50,MARIS DRIVE > CRESTVIEW DRIVE,1,50.000 > 50.000,50.0,374.4977723722271,474.4977723722271,99.99999999969897,95.6906806364005,1.0450338458733799,9.257381522055242
265,25,100,RIVERDALE DRIVE > MARIS DRIVE > CRESTVIEW DRIVE,2,100.000 > 56.316 > 100.000,56.31556588636937,268.1822064858577,524.497772372227,256.3155658864918,195.37859684494893,1.3118917323881798,55.66732790825382
266,26,25,WEST SCOTT AVENUE > SCOTT AVENUE,1,25.000 > 25.000,25.0,80.41896242289761,130.4189624228976,49.999999999825235,49.89494014783283,1.0021056213652353,1.2462554992238466
267,26,25,WEST SCOTT AVENUE > SCOTT AVENUE > GENESEE PARK DRIVE,2,25.000 > 215.565 > 25.000,25.0,80.41896242289761,345.9844389759613,265.5654765531119,265.41113017013964,1.000581536964457,2.1359101443829775
268,26,25,SCOTT AVENUE > GENESEE PARK DRIVE,1,25.000 > 25.000,25.0,295.9844389759613,345.9844389759613,49.99999999982569,49.999993063243835,1.0000001387316564,0.013168695233744643
269,26,50,WEST SCOTT AVENUE > SCOTT AVENUE,1,50.000 > 50.000,50.0,55.41896242289761,155.4189624228976,100.00000000028001,98.79180097513198,1.0122297499713784,6.722060945979621
270,26,50,WEST SCOTT AVENUE > SCOTT AVENUE > GENESEE PARK DRIVE,2,50.000 > 215.565 > 50.000,50.0,55.41896242289761,370.9844389759613,315.56547655341814,313.1063243841721,1.0078540482185492,10.325321784144283
271,26,50,SCOTT AVENUE > GENESEE PARK DRIVE,1,50.000 > 50.000,50.0,270.9844389759613,370.9844389759613,100.000000000141,99.42165408048558,1.005817102169586,3.4095196042876847
272,26,100,WEST SCOTT AVENUE > SCOTT AVENUE,1,100.000 > 100.000,100.0,5.418962422897607,205.4189624228976,200.00000000027188,192.65351792145046,1.03813313225776,24.406033777088616
273,26,100,WEST SCOTT AVENUE > SCOTT AVENUE > GENESEE PARK DRIVE,2,100.000 > 215.565 > 100.000,100.0,5.418962422897607,420.9844389759613,415.5654765534709,400.12959085291465,1.038577216115542,36.947253251112535
274,26,100,SCOTT AVENUE > GENESEE PARK DRIVE,1,100.000 > 100.000,100.0,220.98443897596133,420.9844389759613,200.00000000036394,197.1499322090398,1.0144563467985481,15.363110325629629
275,27,25,WEST GENESEE STREET > JAMES STREET,1,25.000 > 25.000,25.0,3686.7514389154217,3736.7514389154217,50.00000000002197,49.99902893061853,1.0000194217652665,0.09506833784399639
276,27,50,WEST GENESEE STREET > JAMES STREET,1,50.000 > 50.000,50.0,3661.7514389154217,3761.7514389154217,99.99999999998526,99.99862323208107,1.0000137678685934,0.19745933839947855
277,27,100,WEST GENESEE STREET > JAMES STREET,1,100.000 > 100.000,100.0,3611.7514389154217,3811.7514389154217,199.99999999999204,199.9978403974105,1.000010798129506,0.396131505826917
278,28,25,SOUTH SALINA STREET > NORTH SALINA STREET,1,25.000 > 25.000,25.0,7469.9848905923145,7519.9848905923145,49.99999999995542,49.99978484885578,1.0000043030405088,0.0733400703476744
279,28,50,SOUTH SALINA STREET > NORTH SALINA STREET,1,50.000 > 50.000,50.0,7444.9848905923145,7544.9848905923145,99.99999999977447,99.99931578618295,1.0000068421827304,0.1732385065471952
280,28,100,SOUTH SALINA STREET > NORTH SALINA STREET,1,100.000 > 100.000,100.0,7394.9848905923145,7594.9848905923145,200.00000000045557,199.99769723509718,1.0000115139593617,0.4531506953207743
281,29,25,SOUTH GEDDES STREET > NORTH GEDDES STREET,1,25.000 > 25.000,25.0,3217.310664838822,3267.310664838822,50.00000000042881,49.99998792252776,1.0000002415580795,0.017376636318270414
282,29,50,SOUTH GEDDES STREET > NORTH GEDDES STREET,1,50.000 > 50.000,50.0,3192.310664838822,3292.310664838822,99.99999999992443,99.99997584412242,1.0000002415580784,0.03475327258190206
283,29,100,SOUTH GEDDES STREET > NORTH GEDDES STREET,1,100.000 > 100.000,100.0,3142.310664838822,3342.310664838822,199.99999999950586,199.99489802773314,1.0000255105096332,0.5446416356957953
284,30,25,WEST COLVIN STREET > EAST COLVIN STREET,1,25.000 > 25.000,25.0,1157.7253499481465,1207.7253499481465,49.999999999697366,49.70739515178091,1.00588654559393,2.3706448498090746
285,30,50,WEST COLVIN STREET > EAST COLVIN STREET,1,50.000 > 50.000,50.0,1132.7253499481465,1232.7253499481465,100.00000000010448,99.16727981106017,1.0083971264577476,4.173532687306063
286,30,100,WEST COLVIN STREET > EAST COLVIN STREET,1,100.000 > 100.000,100.0,1082.7253499481465,1282.7253499481465,199.99999999995316,197.76397180062395,1.0113065498177973,9.541462170049243
287,31,25,NORTH STATE STREET > SOUTH STATE STREET,1,25.000 > 25.000,25.0,175.92907122162615,225.92907122162615,49.99999999982994,49.99965317587483,1.0000069365272173,0.09311580129209919
288,31,50,NORTH STATE STREET > SOUTH STATE STREET,1,50.000 > 50.000,50.0,150.92907122162615,250.92907122162615,100.00000000013873,98.53289715584451,1.0148894723147517,6.4693370968344865
289,31,100,NORTH STATE STREET > SOUTH STATE STREET,1,100.000 > 100.000,100.0,100.92907122162615,300.92907122162615,200.00000000052714,193.84730096960453,1.031739926221038,22.951130017106074
290,32,25,SOUTH AVENUE > CORTLAND AVENUE,1,25.000 > 25.000,25.0,2381.542569446112,2431.542569446112,50.000000000045006,48.93110293018486,1.021844941271511,5.007020913491605
291,32,50,SOUTH AVENUE > CORTLAND AVENUE,1,50.000 > 50.000,50.0,2356.542569446112,2456.542569446112,99.9999999999275,97.13882270376313,1.0294545189711624,11.627723513410444
292,32,100,SOUTH AVENUE > CORTLAND AVENUE,1,100.000 > 100.000,100.0,2306.542569446112,2506.542569446112,199.99999999973505,193.44868116032254,1.0338659266122525,25.079463808904435
293,33,25,WEST SENECA TURNPIKE > EAST SENECA TURNPIKE,1,25.000 > 25.000,25.0,1939.5495189145474,1989.5495189145474,49.99999999992214,49.995372798849885,1.0000925525866338,0.2534972046791334
294,33,50,WEST SENECA TURNPIKE > EAST SENECA TURNPIKE,1,50.000 > 50.000,50.0,1914.5495189145474,2014.5495189145474,99.99999999986537,99.96831883919657,1.0003169120080908,1.0862228527974598
295,33,100,WEST SENECA TURNPIKE > EAST SENECA TURNPIKE,1,100.000 > 100.000,100.0,1864.5495189145474,2064.5495189145477,200.00000000000676,199.93271617725688,1.0003365323296576,2.326461718186893
296,34,25,WEST BRIGHTON AVENUE > EAST BRIGHTON AVENUE,1,25.000 > 25.000,25.0,1540.9706399488412,1590.9706399488412,49.999999999972616,49.67069802398553,1.0066297030057454,2.7267522356669334
297,34,50,WEST BRIGHTON AVENUE > EAST BRIGHTON AVENUE,1,50.000 > 50.000,50.0,1515.9706399488412,1615.9706399488412,100.00000000000817,99.28108828101233,1.007241174844508,5.896553617175915
298,34,100,WEST BRIGHTON AVENUE > EAST BRIGHTON AVENUE,1,100.000 > 100.000,100.0,1465.9706399488412,1665.9706399488412,199.99999999993406,198.2239015980329,1.0089600617664303,13.020396971708701
299,35,25,TEALL AVENUE > COLUMBUS AVENUE,1,25.000 > 25.000,25.0,2585.69161098988,2635.69161098988,49.99999999969157,49.956698425757075,1.000866782139313,0.6918394362283294
300,35,50,TEALL AVENUE > COLUMBUS AVENUE,1,50.000 > 50.000,50.0,2560.69161098988,2660.69161098988,99.99999999969717,99.76717294565324,1.0023337040348006,2.9770793375731643
301,35,100,TEALL AVENUE > COLUMBUS AVENUE,1,100.000 > 100.000,100.0,2510.69161098988,2710.69161098988,200.0000000002533,199.19292894448793,1.0040517053493916,6.405185722674697
302,36,25,MANOR DRIVE > SALT SPRINGS ROAD,1,25.000 > 25.000,25.0,378.3440568109516,428.3440568109516,50.00000000035165,48.011089498469666,1.0414260647416755,6.3113739262710515
303,36,50,MANOR DRIVE > SALT SPRINGS ROAD,1,50.000 > 50.000,50.0,353.3440568109516,453.3440568109516,100.00000000028855,93.19925907609337,1.0729699033191096,16.95070022148681
304,36,100,MANOR DRIVE > SALT SPRINGS ROAD,1,100.000 > 100.000,100.0,303.3440568109516,503.3440568109516,200.00000000013773,181.692497810455,1.1007609142386356,40.185327616180814
305,37,25,PEAT STREET > WESTMORELAND AVENUE,1,25.000 > 25.000,25.0,529.2919701860195,579.2919701860195,50.000000000326864,49.94181034963878,1.0011651490060274,1.1932457149408846
306,37,50,PEAT STREET > WESTMORELAND AVENUE,1,50.000 > 50.000,50.0,504.2919701860195,604.2919701860195,100.00000000040272,99.88232479890173,1.0011781383917315,2.410697022495986
307,37,100,PEAT STREET > WESTMORELAND AVENUE,1,100.000 > 100.000,100.0,454.2919701860195,654.2919701860195,199.99999999950873,199.7657884609519,1.0011724306767502,4.759248675367406
308,38,25,LEXINGTON AVENUE > EAST GENESEE STREET,1,25.000 > 25.000,25.0,821.6499345595473,871.6499345595473,49.999999999998735,49.98396165891565,1.0003208697460302,0.40207846712561457
309,38,50,LEXINGTON AVENUE > EAST GENESEE STREET,1,50.000 > 50.000,50.0,796.6499345595473,896.6499345595473,100.0000000000496,99.97438244481242,1.0002562411951013,0.8139636926534565
310,38,100,LEXINGTON AVENUE > EAST GENESEE STREET,1,100.000 > 100.000,100.0,746.6499345595473,946.6499345595473,200.00000000005406,199.95440251171416,1.0002280394318261,1.6118929647258344
311,39,25,WEST ONONDAGA STREET > ONONDAGA AVENUE,1,25.000 > 25.000,25.0,1368.5074630713707,1418.5074630713707,50.00000000021142,48.574014352291464,1.0293569651784955,5.928008302215104
312,39,50,WEST ONONDAGA STREET > ONONDAGA AVENUE,1,50.000 > 50.000,50.0,1343.5074630713707,1443.5074630713707,99.99999999983825,96.79562227766466,1.0331045727768722,12.501966855309595
313,39,100,WEST ONONDAGA STREET > ONONDAGA AVENUE,1,100.000 > 100.000,100.0,1293.5074630713707,1493.5074630713707,200.000000000376,192.96682741910607,1.0364475732712055,26.17700102540757
314,40,25,LOMBARD AVENUE > WESTCOTT STREET,1,25.000 > 25.000,25.0,163.97455007776068,213.97455007776068,49.99999999931044,49.426658504892295,1.0115998433185889,3.266097409028039
315,40,50,LOMBARD AVENUE > WESTCOTT STREET,1,50.000 > 50.000,50.0,138.97455007776068,238.97455007776068,99.99999999995269,97.37052689896362,1.0270048153659221,10.110928912918407
316,40,100,LOMBARD AVENUE > WESTCOTT STREET,1,100.000 > 100.000,100.0,88.97455007776068,288.9745500777607,200.00000000053353,185.55147901318955,1.0778679914823903,32.573278905798155
317,41,25,WEST BEAR STREET > BEAR STREET,1,25.000 > 25.000,25.0,1292.181160135892,1342.181160135892,50.0000000004911,49.99206551433796,1.0001587149094862,0.3899417864976832
318,41,50,WEST BEAR STREET > BEAR STREET,1,50.000 > 50.000,50.0,1267.181160135892,1367.181160135892,99.9999999999183,99.9734809921941,1.000265260421674,0.5989368263992794
319,41,100,WEST BEAR STREET > BEAR STREET,1,100.000 > 100.000,100.0,1217.181160135892,1417.181160135892,199.99999999982404,199.5819999657433,1.0020943774195692,4.722206193314927
320,42,25,EAST WATER STREET > WEST WATER STREET,1,25.000 > 25.000,25.0,1975.770947443402,2025.770947443402,50.0000000000623,49.984137393451505,1.0003173528130722,0.6014611841917998
321,42,50,EAST WATER STREET > WEST WATER STREET,1,50.000 > 50.000,50.0,1950.770947443402,2050.7709474434023,100.00000000000705,99.97632609108791,1.000236795147859,1.0214104876894419
322,42,100,EAST WATER STREET > WEST WATER STREET,1,100.000 > 100.000,100.0,1900.770947443402,2100.7709474434023,199.99999999995077,199.96593074070103,1.0001703753190534,1.7281881939612656
323,43,25,HIAWATHA BOULEVARD WEST > HIAWATHA BOULEVARD EAST,1,25.000 > 25.000,25.0,2241.032348992318,2291.032348992318,49.999999999693266,49.2064682088999,1.0161265748117612,3.3974323667217363
324,43,50,HIAWATHA BOULEVARD WEST > HIAWATHA BOULEVARD EAST,1,50.000 > 50.000,50.0,2216.032348992318,2316.032348992318,100.00000000020987,98.12495377869297,1.0191087603031723,5.550778694538844
325,43,100,HIAWATHA BOULEVARD WEST > HIAWATHA BOULEVARD EAST,1,100.000 > 100.000,100.0,2166.032348992318,2366.032348992318,199.9999999995351,197.5860981784344,1.0122169618376733,7.04846481158046
326,44,25,SUNNYCREST ROAD > SHOTWELL PARK,1,25.000 > 25.000,25.0,1562.1984399928178,1612.1984399928178,49.99999999978567,48.88845144661403,1.0227364238440944,4.6291302634778475
327,44,50,SUNNYCREST ROAD > SHOTWELL PARK,1,50.000 > 50.000,50.0,1537.1984399928178,1637.1984399928178,99.99999999993119,96.60709068718303,1.035120706861306,12.006487961216497
328,44,100,SUNNYCREST ROAD > SHOTWELL PARK,1,100.000 > 100.000,100.0,1487.1984399928178,1687.1984399928178,200.00000000042215,173.83062955157916,1.1505452204617252,40.03190794078885
329,45,25,SALISBURY ROAD > WHITTIER AVENUE,1,25.000 > 25.000,25.0,1162.2297022587031,1212.2297022587031,50.000000000004825,49.75089719408254,1.0050070012798062,1.632045221046935
330,45,50,SALISBURY ROAD > WHITTIER AVENUE,1,50.000 > 50.000,50.0,1137.2297022587031,1237.2297022587031,99.99999999998249,99.51965083520605,1.0048266765482512,2.4684964469104185
331,45,100,SALISBURY ROAD > WHITTIER AVENUE,1,100.000 > 100.000,100.0,1087.2297022587031,1287.2297022587031,199.9999999999954,198.5967555275192,1.007065797569295,7.313912473014894
332,46,25,PROSPECT AVENUE > NORTH SALINA STREET,1,25.000 > 25.000,25.0,267.48533175964803,317.48533175964803,49.99999999981696,49.821800461591025,1.0035767382265381,2.101094199863972
333,46,50,PROSPECT AVENUE > NORTH SALINA STREET,1,50.000 > 50.000,50.0,242.48533175964803,342.48533175964803,99.99999999960424,99.78634112621653,1.0021411635197393,2.9205530310310372
334,46,100,PROSPECT AVENUE > NORTH SALINA STREET,1,100.000 > 100.000,100.0,192.48533175964803,392.48533175964803,200.00000000001037,199.70637138223097,1.0014703017021795,2.6908398527898245
335,47,25,HIAWATHA BOULEVARD WEST > HIAWATHA BOULEVARD EAST,1,25.000 > 25.000,25.0,475.3269704096458,525.3269704096458,49.999999999975444,49.033371220091155,1.0197136920393557,2.0451347845838543
336,47,50,HIAWATHA BOULEVARD WEST > HIAWATHA BOULEVARD EAST,1,50.000 > 50.000,50.0,450.3269704096458,550.3269704096458,99.99999999943226,97.88828942766663,1.0215726578134359,4.744218171559916
337,47,100,HIAWATHA BOULEVARD WEST > HIAWATHA BOULEVARD EAST,1,100.000 > 100.000,100.0,400.3269704096458,600.3269704096458,200.00000000035288,197.32158186833263,1.0135738732005883,6.05460349754909
338,48,25,STATE FAIR BOULEVARD > PARK AVENUE,1,25.000 > 25.000,25.0,533.4119861960828,583.4119861960828,49.99999999984473,47.55832960733784,1.0513405414501809,6.90470443541285
339,48,50,STATE FAIR BOULEVARD > PARK AVENUE,1,50.000 > 50.000,50.0,508.4119861960828,608.4119861960828,100.0000000003391,89.57280832476604,1.1164102350991048,20.541444143520536
340,48,100,STATE FAIR BOULEVARD > PARK AVENUE,1,100.000 > 100.000,100.0,458.4119861960828,658.4119861960828,199.9999999999909,174.68570227998717,1.1449133923933272,46.84614636056823
341,49,25,CATHERINE STREET > ALMOND STREET,1,25.000 > 25.000,25.0,1088.7683574824118,1138.7683574824118,50.000000000339384,49.99998027501067,1.00000039450673,0.018969620215611088
342,49,50,CATHERINE STREET > ALMOND STREET,1,50.000 > 50.000,50.0,1063.7683574824118,1163.7683574824118,99.99999999965296,99.99996148733271,1.0000003851233508,0.04118893883579179
343,49,100,CATHERINE STREET > ALMOND STREET,1,100.000 > 100.000,100.0,1013.7683574824118,1213.7683574824118,200.0000000001271,199.99789589732796,1.000010520624678,0.2792940157382617
344,50,25,ONONDAGA BOULEVARD > WEST ONONDAGA STREET,1,25.000 > 25.000,25.0,29.05601253482294,79.05601253482294,50.00000000001543,49.98176863811969,1.0003647602394334,0.6750562582145514
345,50,50,ONONDAGA BOULEVARD > WEST ONONDAGA STREET,1,50.000 > 50.000,50.0,4.0560125348229406,104.05601253482294,99.99999999998613,99.931102297585,1.0006894520406266,1.6907391132151477
346,51,25,TEX SIMONE DRIVE > FIRST NORTH STREET,1,25.000 > 25.000,25.0,449.26046930230564,499.26046930230564,50.00000000014125,49.93537902816372,1.0012940919491384,0.6409376983378191
347,51,50,TEX SIMONE DRIVE > FIRST NORTH STREET,1,50.000 > 50.000,50.0,424.26046930230564,524.2604693023056,99.99999999989993,99.60066956763659,1.0040093147365055,3.2004650640526537
348,51,100,TEX SIMONE DRIVE > FIRST NORTH STREET,1,100.000 > 100.000,100.0,374.26046930230564,574.2604693023056,200.0000000000614,196.3313804785784,1.018685854052166,16.396787467807428
349,52,25,HIGHPOINT STREET > SEYMOUR STREET,1,25.000 > 25.000,25.0,291.54946444126847,341.54946444126847,49.99999999989321,44.51039342475947,1.123333139807299,8.415182279191015
350,52,50,HIGHPOINT STREET > SEYMOUR STREET,1,50.000 > 50.000,50.0,266.54946444126847,366.54946444126847,100.00000000026485,84.45945915806618,1.1840000042282355,24.675675477172543
351,52,100,HIGHPOINT STREET > SEYMOUR STREET,1,100.000 > 100.000,100.0,216.54946444126847,416.54946444126847,199.99999999987253,174.901581858066,1.143500235247581,45.96183578257196
352,53,25,NORTH CLINTON STREET > SOUTH CLINTON STREET,1,25.000 > 25.000,25.0,353.85809396081794,403.85809396081794,50.00000000031156,49.999927455349365,1.000001450901349,0.042586649776501485
353,53,50,NORTH CLINTON STREET > SOUTH CLINTON STREET,1,50.000 > 50.000,50.0,328.85809396081794,428.85809396081794,100.00000000016043,99.99925727588753,1.0000074272978934,0.08757093365603136
354,53,100,NORTH CLINTON STREET > SOUTH CLINTON STREET,1,100.000 > 100.000,100.0,278.85809396081794,478.85809396081794,200.0000000006587,199.99491177005524,1.0000254418002859,0.621270393757273
355,54,25,ENFIELD PLACE > EUCLID AVENUE,1,25.000 > 25.000,25.0,166.88948554066482,216.88948554066482,50.000000000058975,49.75005667443688,1.0050239807214236,2.2783284899188128
356,54,50,ENFIELD PLACE > EUCLID AVENUE,1,50.000 > 50.000,50.0,141.88948554066482,241.88948554066482,99.99999999970586,99.01609581107003,1.00993681058192,6.446551492589462
357,54,100,ENFIELD PLACE > EUCLID AVENUE,1,100.000 > 100.000,100.0,91.88948554066482,291.88948554066485,200.00000000022146,197.7384753687252,1.011436947853872,14.329532629895185
358,55,25,WEST BELDEN AVENUE > PLUM STREET,1,25.000 > 25.000,25.0,1276.0888383513527,1326.0888383513527,49.999999999852506,47.3511699376665,1.0559401186005108,6.893560678562199
359,55,50,WEST BELDEN AVENUE > PLUM STREET,1,50.000 > 50.000,50.0,1251.0888383513527,1351.0888383513527,100.00000000003645,84.94610491733407,1.1772170142156864,23.301641536662746
360,55,100,WEST BELDEN AVENUE > PLUM STREET,1,100.000 > 100.000,100.0,1201.0888383513527,1401.0888383513527,199.999999999779,152.96188335803467,1.3075152816446642,60.32827867748423
361,56,25,MERTENS AVENUE > SEDGWICK DRIVE,1,25.000 > 25.000,25.0,521.9489066018871,571.9489066018871,49.99999999996223,40.019415856266484,1.2493935488599324,13.6378793037871
362,56,50,MERTENS AVENUE > SEDGWICK DRIVE,1,50.000 > 50.000,50.0,496.9489066018871,596.9489066018871,99.99999999995862,74.93182691192254,1.3345464019915338,31.97703939003208
363,56,100,MERTENS AVENUE > SEDGWICK DRIVE,1,100.000 > 100.000,100.0,446.9489066018871,646.9489066018871,199.99999999976305,145.8349858244719,1.3714130314414716,67.51699972890434
364,57,25,SPENCER STREET > CATAWBA STREET,1,25.000 > 25.000,25.0,1280.504672022924,1330.504672022924,49.99999999997256,49.9801086796285,1.0003979847357187,0.4707431145861112
365,57,50,SPENCER STREET > CATAWBA STREET,1,50.000 > 50.000,50.0,1255.504672022924,1355.504672022924,99.99999999990169,99.90414245261243,1.000959495221479,1.8222466599161389
366,57,100,SPENCER STREET > CATAWBA STREET,1,100.000 > 100.000,100.0,1205.504672022924,1405.504672022924,200.0000000003157,198.3355817497,1.0083919296574642,6.404590029152803
367,58,25,SOLAR STREET > DESTINY USA DRIVE,1,25.000 > 25.000,25.0,1559.8147523719506,1609.8147523719506,50.00000000000365,49.988710242044185,1.0002258461541575,0.4378306857549246
368,58,50,SOLAR STREET > DESTINY USA DRIVE,1,50.000 > 50.000,50.0,1534.8147523719506,1634.8147523719506,99.99999999983038,99.98608687670222,1.000139150591475,0.4008557561127327
369,59,25,WEST WASHINGTON STREET > EAST WASHINGTON STREET,1,25.000 > 25.000,25.0,504.95825655334875,554.9582565533487,49.999999999965645,49.9979545426908,1.0000409108191235,0.21931070665030902
370,59,50,WEST WASHINGTON STREET > EAST WASHINGTON STREET,1,50.000 > 50.000,50.0,479.95825655334875,579.9582565533487,99.99999999998931,99.9956949486568,1.0000430523667516,0.4566421184197101
371,59,100,WEST WASHINGTON STREET > EAST WASHINGTON STREET,1,100.000 > 100.000,100.0,429.95825655334875,629.9582565533487,200.0000000000373,199.97297188258779,1.0001351588526943,1.1249185400948678
372,60,25,GLENWOOD AVENUE > REED AVENUE,1,25.000 > 25.000,25.0,760.1772078078973,810.1772078078973,49.9999999995429,49.81478484650639,1.003718075940852,2.0171018031771255
373,60,50,GLENWOOD AVENUE > REED AVENUE,1,50.000 > 50.000,50.0,735.1772078078973,835.1772078078973,100.00000000027376,99.59321472451404,1.0040844677710719,4.406059933392175
374,60,100,GLENWOOD AVENUE > REED AVENUE,1,100.000 > 100.000,100.0,685.1772078078973,885.1772078078973,200.00000000011124,198.89475350617323,1.0055569414197931,10.129518824490548
375,61,25,MANLEY FIELD HOUSE > SKYTOP ROAD,1,25.000 > 25.000,25.0,487.04621395757874,537.0462139575787,50.00000000000439,48.10028586309467,1.0394948616795496,6.639337173171
376,61,50,MANLEY FIELD HOUSE > SKYTOP ROAD,1,50.000 > 50.000,50.0,462.04621395757874,562.0462139575787,99.99999999978614,88.09123963904966,1.135186658849758,20.019531892747203
377,61,100,MANLEY FIELD HOUSE > SKYTOP ROAD,1,100.000 > 100.000,100.0,412.04621395757874,612.0462139575787,199.99999999952337,163.28144675891514,1.224878906755543,52.73143853132912
378,62,25,SHUART AVENUE > ELM STREET,1,25.000 > 25.000,25.0,634.383040210665,684.383040210665,50.0000000004768,49.99963220033235,1.0000073560570002,0.0958904051102951
379,62,50,SHUART AVENUE > ELM STREET,1,50.000 > 50.000,50.0,609.383040210665,709.383040210665,99.99999999998599,99.99926439969695,1.0000073560570015,0.19178081023647525
380,62,100,SHUART AVENUE > ELM STREET,1,100.000 > 100.000,100.0,559.383040210665,759.383040210665,200.0000000001935,199.99853014330154,1.0000073493384722,0.3833808891981144
381,63,25,WEST NEWELL STREET > EAST NEWELL STREET,1,25.000 > 25.000,25.0,1481.2221023380673,1531.2221023380673,50.00000000003196,49.85607238545904,1.0028868622754747,1.5308843353956625
382,63,50,WEST NEWELL STREET > EAST NEWELL STREET,1,50.000 > 50.000,50.0,1456.2221023380673,1556.2221023380673,100.00000000012733,99.82249354794916,1.0017782209787507,1.8429687189649797
383,64,25,BROOKFORD ROAD > EAST AVENUE,1,25.000 > 25.000,25.0,1151.709232077755,1201.709232077755,50.000000000807056,49.78101455577249,1.0043989751311562,2.337230726665278
384,64,50,BROOKFORD ROAD > EAST AVENUE,1,50.000 > 50.000,50.0,1126.709232077755,1226.709232077755,100.00000000006716,99.62722901991371,1.0037416576152984,3.6479226186438223
385,64,100,BROOKFORD ROAD > EAST AVENUE,1,100.000 > 100.000,100.0,1076.709232077755,1276.709232077755,200.00000000018917,199.15103763456875,1.0042629070664357,3.75332407316044
386,65,25,MILTON AVENUE > BURNET PARK DRIVE,1,25.000 > 25.000,25.0,1410.5565907740402,1460.5565907740402,50.000000000149754,49.3103017117881,1.013986900595191,3.4013923941580253
387,65,50,MILTON AVENUE > BURNET PARK DRIVE,1,50.000 > 50.000,50.0,1385.5565907740402,1485.5565907740402,99.99999999988904,97.03464538754469,1.0305597511126163,11.066993940824265
388,65,100,MILTON AVENUE > BURNET PARK DRIVE,1,100.000 > 100.000,100.0,1335.5565907740402,1535.5565907740402,199.99999999975526,186.99511992205194,1.0695466281854005,19.597350872625828
389,66,25,SLOCUM AVENUE > SOUTH AVENUE,1,25.000 > 25.000,25.0,298.01447770717556,348.01447770717556,49.99999999999541,48.6873618618522,1.0269605517314278,5.077119348670895
390,66,50,SLOCUM AVENUE > SOUTH AVENUE,1,50.000 > 50.000,50.0,273.01447770717556,373.01447770717556,100.00000000014,95.30881401371954,1.04922090401571,13.884160402710508
391,66,100,SLOCUM AVENUE > SOUTH AVENUE,1,100.000 > 100.000,100.0,223.01447770717556,423.01447770717556,200.00000000002757,188.18463527050554,1.0627860224217458,32.59635680950764
392,67,25,BALLANTYNE ROAD > WALRATH ROAD,1,25.000 > 25.000,25.0,1156.3184016192356,1206.3184016192356,50.00000000011619,49.937620797597766,1.001249142460576,0.639403268491444
393,67,50,BALLANTYNE ROAD > WALRATH ROAD,1,50.000 > 50.000,50.0,1131.3184016192356,1231.3184016192356,100.000000000001,99.90391309822748,1.0009617931749986,0.9462922502655615
394,67,100,BALLANTYNE ROAD > WALRATH ROAD,1,100.000 > 100.000,100.0,1081.3184016192356,1281.3184016192356,199.9999999999642,199.88233306919275,1.0005886809952869,1.26678508134436
395,68,25,NORTH CROUSE AVENUE > SOUTH CROUSE AVENUE,1,25.000 > 25.000,25.0,358.9429433378478,408.9429433378478,49.99999999923739,49.999770523799974,1.000004589529812,0.07574214659224343
396,68,50,NORTH CROUSE AVENUE > SOUTH CROUSE AVENUE,1,50.000 > 50.000,50.0,333.9429433378478,433.9429433378478,100.0000000001393,99.99953141540841,1.0000046858692662,0.1517000579875485
397,68,100,NORTH CROUSE AVENUE > SOUTH CROUSE AVENUE,1,100.000 > 100.000,100.0,283.9429433378478,483.9429433378478,199.99999999975464,199.95198016137465,1.0002401568533668,1.0379941145153544
398,69,25,CANAL STREET > SIMON DRIVE,1,25.000 > 25.000,25.0,998.7593437357596,1048.7593437357596,49.99999999998957,49.948490111216636,1.0010312601773996,1.134497202360098
399,69,50,CANAL STREET > SIMON DRIVE,1,50.000 > 50.000,50.0,973.7593437357596,1073.7593437357596,99.99999999991621,99.8396064916262,1.0016065118235764,1.584766278749626
400,69,100,CANAL STREET > SIMON DRIVE,1,100.000 > 100.000,100.0,923.7593437357596,1123.7593437357596,200.0000000001459,199.68092563393083,1.0015979211094004,4.174142872673265
401,70,25,VAN BUREN STREET > ALMOND STREET,1,25.000 > 25.000,25.0,370.9412496269871,420.9412496269871,49.99999999952615,49.999993198594545,1.0000001360186506,0.013039297479925254
402,70,50,VAN BUREN STREET > ALMOND STREET,1,50.000 > 50.000,50.0,345.9412496269871,445.9412496269871,100.00000000038685,99.9023850297328,1.0009771035058372,1.3510735398221532
403,70,100,VAN BUREN STREET > ALMOND STREET,1,100.000 > 100.000,100.0,295.9412496269871,495.9412496269871,200.00000000055283,195.32706305835035,1.0239236533280927,14.275815340366396
404,71,25,SMALL ROAD > CHINOOK DRIVE,1,25.000 > 25.000,25.0,740.5944902151897,790.5944902151897,50.00000000007745,49.92869917748877,1.0014280528786703,1.2426622189420695
405,71,50,SMALL ROAD > CHINOOK DRIVE,1,50.000 > 50.000,50.0,715.5944902151897,815.5944902151897,100.0000000000222,99.53569662730847,1.0046646920496496,4.14560638598947
406,71,100,SMALL ROAD > CHINOOK DRIVE,1,100.000 > 100.000,100.0,665.5944902151897,865.5944902151897,199.99999999996064,195.4337598691676,1.0233646435183454,17.21946413403017
407,72,25,LEMOYNE AVENUE > STEDMAN STREET,1,25.000 > 25.000,25.0,976.9967981260618,1026.9967981260618,50.00000000074553,49.6612875608955,1.0068204522372621,2.5367620630535797
408,72,50,LEMOYNE AVENUE > STEDMAN STREET,1,50.000 > 50.000,50.0,951.9967981260618,1051.9967981260618,100.0000000002024,99.5754066903164,1.0042640379185848,3.384969249170648
409,72,100,LEMOYNE AVENUE > STEDMAN STREET,1,100.000 > 100.000,100.0,901.9967981260618,1101.9967981260618,200.00000000040706,199.55440353502718,1.0022329573163324,4.224877787735606
410,73,25,WEST FAYETTE STREET > SYRACUSE STREET,1,25.000 > 25.000,25.0,820.6589875397368,870.6589875397368,49.999999999853685,49.691567380749575,1.006206940842514,2.2957207578725747
411,73,50,WEST FAYETTE STREET > SYRACUSE STREET,1,50.000 > 50.000,50.0,795.6589875397368,895.6589875397368,99.99999999977479,99.14704241644604,1.0086029553937281,5.947866019866014
412,73,100,WEST FAYETTE STREET > SYRACUSE STREET,1,100.000 > 100.000,100.0,745.6589875397368,945.6589875397368,200.00000000026404,198.0430985746648,1.0098811896990263,13.336598631246716
413,74,25,NORTH MCBRIDE STREET > SOUTH MCBRIDE STREET,1,25.000 > 25.000,25.0,858.5740879560011,908.5740879560011,49.99999999964254,49.99927825780396,1.0000144350451392,0.1253849973333845
414,74,50,NORTH MCBRIDE STREET > SOUTH MCBRIDE STREET,1,50.000 > 50.000,50.0,833.5740879560011,933.5740879560011,99.99999999999838,99.99744573910182,1.0000255432614071,0.33998075810668954
415,74,100,NORTH MCBRIDE STREET > SOUTH MCBRIDE STREET,1,100.000 > 100.000,100.0,783.5740879560011,983.5740879560011,199.99999999957024,199.99444411241234,1.000027780207508,0.7211556573743511
416,75,25,MILTON AVENUE > EMERSON AVENUE,1,25.000 > 25.000,25.0,531.9062994016041,581.9062994016041,50.000000000145086,49.22270056861403,1.015791482843318,3.711070546721265
417,75,50,MILTON AVENUE > EMERSON AVENUE,1,50.000 > 50.000,50.0,506.9062994016041,606.9062994016041,100.00000000004476,94.47325704274826,1.0585006077941794,13.791267994912788
418,75,100,MILTON AVENUE > EMERSON AVENUE,1,100.000 > 100.000,100.0,456.9062994016041,656.9062994016041,199.99999999987116,187.0666215351734,1.0691378203046553,28.456020179745018
419,76,25,NORTH WARREN STREET > SOUTH WARREN STREET,1,25.000 > 25.000,25.0,145.65332688701102,195.65332688701102,49.999999999719066,49.99989879576275,1.0000020240832233,0.05030006309236785
420,76,50,NORTH WARREN STREET > SOUTH WARREN STREET,1,50.000 > 50.000,50.0,120.65332688701102,220.65332688701102,99.99999999998222,99.9982888044446,1.0000171122482002,0.15150688445502827
421,76,100,NORTH WARREN STREET > SOUTH WARREN STREET,1,100.000 > 100.000,100.0,70.65332688701102,270.653326887011,199.99999999981543,199.936176081695,1.0003192214604242,0.7098011681881801
422,77,25,STRATHMORE DRIVE > ROBERTS AVENUE,1,25.000 > 25.000,25.0,49.34271407288837,99.34271407288837,49.999999999528264,48.73895130088022,1.0258735295895722,4.059716643248861
423,77,50,STRATHMORE DRIVE > ROBERTS AVENUE,1,50.000 > 50.000,50.0,24.34271407288837,124.34271407288837,99.99999999932152,95.99878674537072,1.0416798314812425,12.644498039709555
424,78,25,MAPLE STREET > SOUTH BEECH STREET,1,25.000 > 25.000,25.0,399.04049835388753,449.04049835388753,49.999999999617806,47.26645358978295,1.057832695331002,7.560783670645727
425,78,50,MAPLE STREET > SOUTH BEECH STREET,1,50.000 > 50.000,50.0,374.04049835388753,474.04049835388753,99.99999999965925,95.58424996281988,1.046197464943827,13.83768158784311
426,78,100,MAPLE STREET > SOUTH BEECH STREET,1,100.000 > 100.000,100.0,324.04049835388753,524.0404983538875,200.00000000010255,193.02744416296852,1.036122095836524,24.841104479677988
427,79,25,HOPPER ROAD > BARNES AVENUE,1,25.000 > 25.000,25.0,659.7820317304263,709.7820317304263,49.999999999463924,49.914634313226955,1.001710233630107,1.3918895398196103
428,79,50,HOPPER ROAD > BARNES AVENUE,1,50.000 > 50.000,50.0,634.7820317304263,734.7820317304263,100.0000000005996,99.39522852896857,1.006084512109701,4.888927116730777
429,79,100,HOPPER ROAD > BARNES AVENUE,1,100.000 > 100.000,100.0,584.7820317304263,784.7820317304263,199.9999999996417,198.62749326959957,1.0069099534382142,10.948756042567878
430,80,25,STRATFORD STREET > MOUNT OLYMPUS DRIVE,1,25.000 > 25.000,25.0,516.4067799921276,566.4067799921276,50.00000000000525,49.992133925397795,1.0001573462460953,0.4434370264244158
431,80,50,STRATFORD STREET > MOUNT OLYMPUS DRIVE,1,50.000 > 50.000,50.0,491.40677999212755,591.4067799921276,100.00000000020717,99.01184751472843,1.0099801438947167,5.067963938121866
432,80,100,STRATFORD STREET > MOUNT OLYMPUS DRIVE,1,100.000 > 100.000,100.0,441.40677999212755,641.4067799921276,200.0000000001487,179.86767775865667,1.1119285159644148,36.30995186935224
433,81,25,CRESCENT AVENUE > WEST KENNEDY STREET,1,25.000 > 25.000,25.0,91.10504552615217,141.10504552615217,50.00000000016486,49.573552751366506,1.0086023136356028,2.995992355737659
434,81,50,CRESCENT AVENUE > WEST KENNEDY STREET,1,50.000 > 50.000,50.0,66.10504552615217,166.10504552615217,99.99999999997853,98.63146281163804,1.0138752599761605,7.820789143619073
435,81,100,CRESCENT AVENUE > WEST KENNEDY STREET,1,100.000 > 100.000,100.0,16.105045526152168,216.10504552615217,199.99999999981924,196.7918939407212,1.0163020233956608,17.26205950816136
436,82,25,SPRINGFIELD ROAD > MOUNTAINVIEW AVENUE,1,25.000 > 25.000,25.0,66.11825901824535,116.11825901824535,50.000000000016215,49.999860810353056,1.0000027838010126,0.05898929339789871
437,82,50,SPRINGFIELD ROAD > MOUNTAINVIEW AVENUE,1,50.000 > 50.000,49.999999999999986,41.118259018245354,141.11825901824534,99.99999999998333,99.99972162065482,1.0000027838010346,0.11797858725754658
438,83,25,SHERIDAN DRIVE > RICH STREET,1,25.000 > 25.000,25.0,114.68720570781534,164.68720570781534,50.00000000002616,49.712690165761174,1.0057794062905665,1.1458487963982802
439,83,50,SHERIDAN DRIVE > RICH STREET,1,50.000 > 50.000,50.0,89.68720570781534,189.68720570781534,100.00000000021627,98.92668978176668,1.0108495515296967,2.8170311389500498
440,83,100,SHERIDAN DRIVE > RICH STREET,1,100.000 > 100.000,100.0,39.68720570781534,239.68720570781534,200.00000000009254,192.71196197465682,1.0378182960245828,23.045142650998987
441,84,25,OAKWOOD AVENUE > SOUTH TOWNSEND STREET,1,25.000 > 25.000,25.0,93.26390583660069,143.26390583660069,49.9999999999507,49.66640168946652,1.0067167803411645,2.230627883590108
442,84,50,OAKWOOD AVENUE > SOUTH TOWNSEND STREET,1,50.000 > 50.000,50.0,68.26390583660069,168.26390583660069,99.9999999993214,99.57908478471929,1.0042269439964435,2.258656982148763
443,84,100,OAKWOOD AVENUE > SOUTH TOWNSEND STREET,1,100.000 > 100.000,100.0,18.263905836600685,218.26390583660069,200.00000000012116,199.53393654566017,1.002335760334956,2.2933526676437275
444,85,25,LEAVENWORTH AVENUE > EVANS STREET,1,25.000 > 25.000,25.0,411.2153770658058,461.2153770658058,50.000000000137604,49.70324029523169,1.0059706309516885,1.7752648664714539
445,85,50,LEAVENWORTH AVENUE > EVANS STREET,1,50.000 > 50.000,50.0,386.2153770658058,486.2153770658058,100.00000000051222,86.90662189053903,1.1506603044180523,18.38752077038311
446,85,100,LEAVENWORTH AVENUE > EVANS STREET,1,100.000 > 100.000,100.0,336.2153770658058,536.2153770658058,200.00000000034026,142.47734565381012,1.4037319342423606,61.74585013633824
447,86,25,WEST LAFAYETTE AVENUE > EAST LAFAYETTE AVENUE,1,25.000 > 25.000,25.0,924.6172374806781,974.6172374806781,50.00000000003753,49.930591133739824,1.001390107041028,0.6607705287841922
448,86,50,WEST LAFAYETTE AVENUE > EAST LAFAYETTE AVENUE,1,50.000 > 50.000,50.0,899.6172374806781,999.6172374806781,100.00000000006165,99.89793880086734,1.001021654704986,1.1240966564577823
449,87,25,TRACY STREET > NORTH WEST STREET,1,25.000 > 25.000,25.0,751.2669949088341,801.2669949088341,49.99999999969108,45.11791285955127,1.108207291311045,9.890755241299008
450,87,50,TRACY STREET > NORTH WEST STREET,1,50.000 > 50.000,50.0,726.2669949088341,826.2669949088341,100.00000000033573,87.40124840039834,1.1441484169908032,23.231334253511235
451,87,100,TRACY STREET > NORTH WEST STREET,1,100.000 > 100.000,100.0,676.2669949088341,876.2669949088341,199.99999999960846,172.03563361898154,1.1625498496582483,49.86185962212137
452,88,25,HAYDEN AVENUE > HERKIMER STREET,1,25.000 > 25.000,25.0,314.93121970908396,364.93121970908396,49.99999999987524,44.05714144159595,1.1348897900277393,7.984255704651135
453,88,50,HAYDEN AVENUE > HERKIMER STREET,1,50.000 > 50.000,50.0,289.93121970908396,389.93121970908396,99.99999999975984,76.0489101177145,1.3149432364641644,28.8155944447512
454,88,100,HAYDEN AVENUE > HERKIMER STREET,1,100.000 > 100.000,100.0,239.93121970908396,439.93121970908396,200.0000000001171,147.2632409476897,1.3581121718702385,65.25220326633635
455,89,25,OSWEGO STREET > CONGRESS AVENUE,1,25.000 > 25.000,25.0,740.5579663389387,790.5579663389387,49.9999999999679,49.71530697824929,1.0057264661333212,1.827231291198598
456,89,50,OSWEGO STREET > CONGRESS AVENUE,1,50.000 > 50.000,50.0,715.5579663389387,815.5579663389387,100.00000000013875,96.67610820594437,1.0343817294249542,10.952603553760225
457,89,100,OSWEGO STREET > CONGRESS AVENUE,1,100.000 > 100.000,100.0,665.5579663389387,865.5579663389387,200.00000000024153,189.19856054008454,1.0570904949240802,30.433982907934656
458,90,25,SEARLWYN ROAD > LATTER DRIVE,1,25.000 > 25.000,25.0,395.37309849587666,445.37309849587666,49.99999999977409,44.59683052809555,1.121155907442225,9.778961661451117
459,90,50,SEARLWYN ROAD > LATTER DRIVE,1,50.000 > 50.000,50.0,370.37309849587666,470.37309849587666,99.99999999998009,80.69537669723384,1.239228368375756,27.24179287745387
460,90,100,SEARLWYN ROAD > LATTER DRIVE,1,100.000 > 100.000,100.0,320.37309849587666,520.3730984958767,200.0000000003131,146.56187466342294,1.3646113660841879,64.86088561496342
461,91,25,SPRINGFIELD ROAD > SMITH STREET,1,25.000 > 25.000,25.0,444.7066572188387,494.7066572188387,50.00000000012935,46.973914145988644,1.0644205599885934,8.250260831374366
462,91,50,SPRINGFIELD ROAD > SMITH STREET,1,50.000 > 50.000,50.0,419.7066572188387,519.7066572188387,99.99999999946839,93.92257319079461,1.0647067749765338,16.729346447819594
463,91,100,SPRINGFIELD ROAD > SMITH STREET,1,100.000 > 100.000,100.0,369.7066572188387,569.7066572188387,199.99999999984627,188.23681398796305,1.0624914211129575,33.28498205762254
464,92,25,AUDUBON PARKWAY > NORTHWAY STREET,1,25.000 > 25.000,24.999999999999943,465.8036656493546,515.8036656493546,50.000000000001485,49.05299960908289,1.0193056571150696,4.17432388699435
465,92,50,AUDUBON PARKWAY > NORTHWAY STREET,1,50.000 > 50.000,49.99999999999994,440.8036656493546,540.8036656493546,99.9999999998227,91.59824173144575,1.0917240124871592,16.9075808459633
466,92,100,AUDUBON PARKWAY > NORTHWAY STREET,1,100.000 > 100.000,99.99999999999994,390.8036656493546,590.8036656493546,200.00000000002728,160.03543222994236,1.2497232469910975,53.13568671329679
467,93,25,GAGE COURT > BURT STREET,1,25.000 > 25.000,25.0,38.38410756684526,88.38410756684526,50.00000000022803,48.48352699150667,1.031278108314748,4.60240256829642
468,93,50,GAGE COURT > BURT STREET,1,50.000 > 50.000,50.0,13.384107566845259,113.38410756684526,100.00000000039637,92.7952630918999,1.0776412143081189,17.052074765980024
469,94,25,ONONDAGA CREEK BOULEVARD EAST > VALE STREET,1,25.000 > 25.000,25.0,704.3552519500832,754.3552519500832,50.000000000434206,47.7665227862213,1.0467582123197205,7.172014801919065
470,94,50,ONONDAGA CREEK BOULEVARD EAST > VALE STREET,1,50.000 > 50.000,50.0,679.3552519500832,779.3552519500832,99.99999999989046,94.39983816973348,1.0593238498999091,16.256722239297762
471,94,100,ONONDAGA CREEK BOULEVARD EAST > VALE STREET,1,100.000 > 100.000,100.0,629.3552519500832,829.3552519500832,199.99999999965382,187.83413101265793,1.0647692137813656,34.110222798469394
472,95,25,OAKLEY DRIVE EAST > SPAULDING AVENUE,1,25.000 > 25.000,25.0,592.3141574137896,642.3141574137896,49.99999999999499,49.999745677983334,1.0000050864661052,0.07973728187879701
473,95,50,OAKLEY DRIVE EAST > SPAULDING AVENUE,1,50.000 > 50.000,50.0,567.3141574137896,667.3141574137896,100.00000000005798,99.99949135603468,1.000005086466105,0.15947456375759442
474,95,100,OAKLEY DRIVE EAST > SPAULDING AVENUE,1,100.000 > 100.000,100.0,517.3141574137896,717.3141574137896,199.9999999999898,199.9989827119432,1.000005086466105,0.31894912751412585
475,96,25,STINARD AVENUE > CHARMOUTH DRIVE,1,25.000 > 25.000,25.0,80.30026358788209,130.30026358788209,49.9999999995797,48.980950231635056,1.020805022424544,4.500805690926896
476,96,50,STINARD AVENUE > CHARMOUTH DRIVE,1,50.000 > 50.000,50.0,55.300263587882085,155.30026358788209,100.00000000046604,95.8893110056956,1.0428691055515695,13.130970022225487
477,96,100,STINARD AVENUE > CHARMOUTH DRIVE,1,100.000 > 100.000,100.0,5.300263587882085,205.30026358788209,199.99999999966133,177.41593956539222,1.127294427375535,40.72666819598983
478,97,25,ROBINSON STREET > SEDGWICK STREET,1,25.000 > 25.000,25.0,439.85032410511354,489.85032410511354,49.999999999719805,45.094548307828546,1.1087814797124746,9.986020358867346
479,97,50,ROBINSON STREET > SEDGWICK STREET,1,50.000 > 50.000,49.99999999999994,414.85032410511354,514.8503241051135,100.00000000015012,87.83695977857893,1.1384729190563063,23.27026086391898
480,97,100,ROBINSON STREET > SEDGWICK STREET,1,100.000 > 100.000,99.99999999999994,364.85032410511354,564.8503241051135,200.0000000003045,173.9474877508655,1.1497722823496737,48.860926587957486
481,98,25,ERIE BOULEVARD EAST > OSWEGO BOULEVARD,1,25.000 > 25.000,25.0,725.1412564262608,775.1412564262608,49.999999999772086,47.38876405703639,1.0551024276470442,6.952358704094576
482,98,50,ERIE BOULEVARD EAST > OSWEGO BOULEVARD,1,50.000 > 50.000,50.0,700.1412564262608,800.1412564262608,100.00000000012982,92.58050665124014,1.0801409888243498,17.641263883580052
483,99,25,SUNRISE DRIVE > SNELL TERRACE,1,25.000 > 25.000,25.0,728.6974709199579,778.6974709199579,50.000000000794614,49.99281196715211,1.0001437813429506,0.4238961241961799
484,99,50,SUNRISE DRIVE > SNELL TERRACE,1,50.000 > 50.000,50.0,703.6974709199579,803.6974709199579,99.99999999972661,99.98562393244231,1.0001437813429461,0.847792248363334
485,100,25,CAMP AVENUE > BARNES AVENUE,1,25.000 > 25.000,25.0,267.3039986552375,317.3039986552375,50.00000000027669,44.51786780179504,1.1231445365463033,8.791971504047643
486,100,50,CAMP AVENUE > BARNES AVENUE,1,50.000 > 50.000,50.0,242.30399865523748,342.3039986552375,99.99999999955863,80.2635124103464,1.2458961363204446,27.318103334923965
487,100,100,CAMP AVENUE > BARNES AVENUE,1,100.000 > 100.000,100.0,192.30399865523748,392.3039986552375,199.9999999999798,154.6148925532287,1.2935364549771717,61.499172916509295
488,101,25,DARLINGTON ROAD > DARLINGTON ROAD EAST,1,25.000 > 25.000,25.0,710.4915879897503,760.4915879897503,50.00000000005488,49.99916332797686,1.0000167337215733,0.14462581700902755
489,101,50,DARLINGTON ROAD > DARLINGTON ROAD EAST,1,50.000 > 50.000,50.0,685.4915879897503,785.4915879897503,100.00000000011082,99.99832665595372,1.0000167337215837,0.28925163411001503
490,102,25,BUTTERNUT STREET > KUHL AVENUE,1,25.000 > 25.000,25.0,493.22522821221753,543.2252282122175,49.99999999991313,47.85928572462167,1.0447293402498514,6.382004413759298
491,102,50,BUTTERNUT STREET > KUHL AVENUE,1,50.000 > 50.000,50.0,468.22522821221753,568.2252282122175,99.99999999941835,94.39128599222668,1.059419828305481,15.846569962791328
492,102,100,BUTTERNUT STREET > KUHL AVENUE,1,100.000 > 100.000,100.0,418.22522821221753,618.2252282122175,200.00000000043016,187.65621489617934,1.0657787172733928,34.05028767906124
493,103,25,HIAWATHA PLACE > WILLUMAE DRIVE,1,25.000 > 25.000,25.0,60.16736177015528,110.16736177015528,50.000000000080476,49.98184617642418,1.0003632083455305,0.6736194779544681
494,103,50,HIAWATHA PLACE > WILLUMAE DRIVE,1,50.000 > 50.000,50.0,35.16736177015528,135.16736177015528,100.00000000004451,97.06833549026011,1.030202068418888,6.867681926283071
495,104,25,EAST BRIGHTON AVENUE > EAST SENECA TURNPIKE,1,25.000 > 25.000,25.0,326.7274547187394,376.7274547187394,49.99999999951889,49.998408574121534,1.0000318295210335,0.19946178023627698
496,104,50,EAST BRIGHTON AVENUE > EAST SENECA TURNPIKE,1,50.000 > 50.000,50.0,301.7274547187394,401.7274547187394,99.99999999983936,99.99189131418036,1.0000810934322015,0.44767069892070893
497,104,100,EAST BRIGHTON AVENUE > EAST SENECA TURNPIKE,1,100.000 > 100.000,100.0,251.7274547187394,451.7274547187394,199.99999999992335,199.76421094707223,1.0011803368167564,3.844141080139054
498,105,25,BALLARD AVENUE > FURMAN STREET,1,25.000 > 25.000,25.0,105.01339047735092,155.01339047735092,49.99999999981822,41.33960290533452,1.2094939594440601,12.786579091506232
499,105,50,BALLARD AVENUE > FURMAN STREET,1,50.000 > 50.000,50.0,80.01339047735092,180.01339047735092,100.00000000048583,75.69303789101495,1.3211254665781647,31.168332293911533
500,105,100,BALLARD AVENUE > FURMAN STREET,1,100.000 > 100.000,100.0,30.013390477350924,230.01339047735092,200.00000000023834,145.64265678838404,1.3732240568148553,67.18516409793186
501,106,25,BERNIE BLAKE DRIVE > LOOMIS AVENUE,1,25.000 > 25.000,25.0,111.3205322070992,161.3205322070992,49.999999999774396,49.96762097742068,1.0006480000792584,0.7878051710035793
502,106,50,BERNIE BLAKE DRIVE > LOOMIS AVENUE,1,50.000 > 50.000,50.0,86.3205322070992,186.3205322070992,100.00000000004881,99.6981843691565,1.0030272931528499,3.2754379601590133
503,106,100,BERNIE BLAKE DRIVE > LOOMIS AVENUE,1,100.000 > 100.000,100.0,36.320532207099205,236.3205322070992,199.99999999975552,186.71822600583778,1.0711327130619936,16.47429751377349
504,107,25,CORAL AVENUE > ATLANTIC AVENUE,1,25.000 > 25.000,25.0,166.7059510731056,216.7059510731056,49.999999999920334,46.33832625310328,1.0790204144797273,7.620970683120424
505,107,50,CORAL AVENUE > ATLANTIC AVENUE,1,50.000 > 50.000,50.0,141.7059510731056,241.7059510731056,100.00000000025784,87.64014829678875,1.1410295617211088,22.378096264711296
506,107,100,CORAL AVENUE > ATLANTIC AVENUE,1,100.000 > 100.000,100.0,91.70595107310561,291.7059510731056,200.0000000000075,171.07406876340283,1.16908425365512,50.33197653084542
507,108,25,HOWARD STREET > GERTRUDE STREET,1,25.000 > 25.000,25.0,96.63196291134861,146.6319629113486,50.00000000027296,46.86307251440686,1.066938152313887,6.591158254801317
508,108,50,HOWARD STREET > GERTRUDE STREET,1,50.000 > 50.000,50.0,71.63196291134861,171.6319629113486,99.99999999978662,89.8237165494733,1.1132917211759814,19.947528100279953
509,108,100,HOWARD STREET > GERTRUDE STREET,1,100.000 > 100.000,100.0,21.63196291134861,221.6319629113486,199.9999999997341,177.54233785988302,1.1264918689849333,44.59898598303089
510,109,25,EAST MATSON AVENUE > WEST MATSON AVENUE,1,25.000 > 25.000,25.0,163.81675531334506,213.81675531334506,50.000000000035485,49.77762599917666,1.0044673484601798,1.2124909185335961
511,109,50,EAST MATSON AVENUE > WEST MATSON AVENUE,1,50.000 > 50.000,50.0,138.81675531334506,238.81675531334506,100.00000000000611,99.73366316112015,1.0026704808631735,1.4655966599713934
512,109,100,EAST MATSON AVENUE > WEST MATSON AVENUE,1,100.000 > 100.000,100.0,88.81675531334506,288.8167553133451,199.9999999999801,199.71128917684112,1.0014456409766768,1.7240886331145486
513,110,25,ELMWOOD AVENUE > EDGEWOOD AVENUE,1,25.000 > 25.000,25.0,311.1052901822355,361.1052901822355,50.000000000012434,43.798740166212134,1.1415853472101503,10.99260366529366
514,110,50,ELMWOOD AVENUE > EDGEWOOD AVENUE,1,50.000 > 50.000,50.0,286.1052901822355,386.1052901822355,100.000000000259,84.70015232806797,1.1806354209722119,25.53906355094366
515,110,100,ELMWOOD AVENUE > EDGEWOOD AVENUE,1,100.000 > 100.000,100.0,236.10529018223548,436.1052901822355,200.00000000015288,164.311832716611,1.2171977921096733,55.699506388170754
516,111,25,RIEGEL STREET > GREENWAY AVENUE,1,25.000 > 25.000,25.0,385.13749529142865,435.13749529142865,50.000000000374456,41.33316973125364,1.2096822074249844,12.05156311074083
517,111,50,RIEGEL STREET > GREENWAY AVENUE,1,50.000 > 50.000,50.0,360.13749529142865,460.13749529142865,100.00000000057187,72.69926991513113,1.3755296321037547,31.372550755747373
518,111,100,RIEGEL STREET > GREENWAY AVENUE,1,100.000 > 100.000,100.0,310.13749529142865,510.13749529142865,199.99999999999795,135.63260614493933,1.4745716806936122,70.75594269000591
519,112,25,ALANSON ROAD > ROBINEAU ROAD,1,25.000 > 25.000,25.0,569.9617957483756,619.9617957483756,49.99999999981014,49.97134897884983,1.0005733489598698,0.3771311026014643
520,112,50,ALANSON ROAD > ROBINEAU ROAD,1,50.000 > 50.000,50.0,544.9617957483756,644.9617957483756,100.00000000012645,99.86162459710614,1.0013856714586669,2.0856586718914745
521,113,25,RIDGEWOOD DRIVE > NORTHCLIFFE ROAD,1,25.000 > 25.000,25.0,172.49307209774904,222.49307209774904,50.00000000009602,48.486893543465925,1.0312065043984242,5.764463629021026
522,113,50,RIDGEWOOD DRIVE > NORTHCLIFFE ROAD,1,50.000 > 50.000,50.0,147.49307209774904,247.49307209774904,100.00000000018981,92.73932649227464,1.078291203770172,17.088346145100722
523,113,100,RIDGEWOOD DRIVE > NORTHCLIFFE ROAD,1,100.000 > 100.000,100.0,97.49307209774904,297.49307209774906,199.99999999979568,165.34850229675519,1.2095664443385798,50.639440710967484
524,114,25,PARRISH LANE > HAYES TERRACE,1,25.000 > 25.000,25.0,457.3744112166933,507.3744112166933,49.99999999995557,48.185809690299855,1.037649887411167,5.50302010473617
525,114,50,PARRISH LANE > HAYES TERRACE,1,50.000 > 50.000,49.99999999999994,432.3744112166933,532.3744112166933,99.99999999994117,91.33711492407546,1.0948451796738574,17.845006602385517
526,114,100,PARRISH LANE > HAYES TERRACE,1,100.000 > 100.000,99.99999999999994,382.3744112166933,582.3744112166933,200.00000000008805,168.35503626925873,1.1879656494517807,49.84871340645342
527,115,25,EAST WASHINGTON STREET > LOMBARD AVENUE,1,25.000 > 25.000,25.0,155.6045811511415,205.6045811511415,49.9999999999811,49.31692538628784,1.0138507136919606,2.8692180515116847
528,115,50,EAST WASHINGTON STREET > LOMBARD AVENUE,1,50.000 > 50.000,50.0,130.6045811511415,230.6045811511415,99.99999999993975,99.06732098740451,1.0094145981060072,2.7248950333990285
529,115,100,EAST WASHINGTON STREET > LOMBARD AVENUE,1,100.000 > 100.000,99.99999999999997,80.6045811511415,280.6045811511415,200.00000000005204,196.6554205476954,1.0170073087385123,13.99842678047682
530,116,25,BARRINGTON ROAD > BEAUMONT PLACE,1,25.000 > 25.000,25.0,503.19706154374853,553.1970615437485,49.99999999980386,46.68829757486605,1.070932173520086,8.576218138741021
531,116,50,BARRINGTON ROAD > BEAUMONT PLACE,1,50.000 > 50.000,50.0,478.19706154374853,578.1970615437485,99.99999999998894,92.18723244401284,1.0847489109809318,18.9622438327218
532,116,100,BARRINGTON ROAD > BEAUMONT PLACE,1,100.000 > 100.000,100.0,428.19706154374853,628.1970615437485,199.9999999999003,183.1851368054669,1.091791634887332,39.704904419921384
533,117,25,EAST ONONDAGA STREET > MONTGOMERY STREET,1,25.000 > 25.000,25.0,133.37863600829283,183.37863600829283,50.000000000078145,48.15566713602776,1.0382993938977234,5.83388204915552
534,117,50,EAST ONONDAGA STREET > MONTGOMERY STREET,1,50.000 > 50.000,50.0,108.37863600829283,208.37863600829283,99.99999999963512,94.70168565555254,1.0559474132630915,15.033273203839626
535,117,100,EAST ONONDAGA STREET > MONTGOMERY STREET,1,100.000 > 100.000,99.99999999999997,58.37863600829283,258.3786360082928,199.9999999996216,186.3735771642737,1.073113490885767,35.167748732345224
536,118,25,WEST BEARD AVENUE > EAST BEARD AVENUE,1,25.000 > 25.000,25.0,442.5335442994058,492.5335442994058,50.00000000005645,49.9810634135394,1.0003788752224092,0.5488422343501276
537,118,50,WEST BEARD AVENUE > EAST BEARD AVENUE,1,50.000 > 50.000,50.0,417.5335442994058,517.5335442994058,100.00000000010539,99.9638799914896,1.0003613305988008,1.2268771418185576
538,118,100,WEST BEARD AVENUE > EAST BEARD AVENUE,1,100.000 > 100.000,100.0,367.5335442994058,567.5335442994058,200.00000000004087,199.93553911963298,1.0003224083156588,1.5959601193960005
539,119,25,JASPER PLACE > JASPER STREET,1,25.000 > 25.000,25.0,48.784535383745194,98.7845353837452,50.00000000000178,49.99456976894125,1.0001086164174555,0.19090525106721007
540,119,50,JASPER PLACE > JASPER STREET,1,50.000 > 50.000,50.0,23.784535383745194,123.7845353837452,99.99999999998234,99.98671582065083,1.0001328594426018,0.6741562760839076
541,120,25,WHEATON ROAD > DORCHESTER AVENUE,1,25.000 > 25.000,25.0,532.6505558048275,582.6505558048275,50.00000000027925,45.03757445527861,1.1101841208151257,9.926947128883025
542,120,50,WHEATON ROAD > DORCHESTER AVENUE,1,50.000 > 50.000,50.0,507.6505558048275,607.6505558048275,100.00000000011259,89.19452998480071,1.1211449852042856,21.321573420529678
543,121,25,HOUSTON AVENUE > HARVARD PLACE,1,25.000 > 25.000,25.0,536.8732249352133,586.8732249352133,50.00000000030752,49.83887886399829,1.0032328403042312,1.7143674489997567
544,121,50,HOUSTON AVENUE > HARVARD PLACE,1,50.000 > 50.000,50.0,511.87322493521333,611.8732249352133,100.00000000006453,98.11264870022755,1.0192365747417906,8.156127736754376
545,122,25,WEST CORNING AVENUE > EAST CORNING AVENUE,1,25.000 > 25.000,25.0,508.24703516684735,558.2470351668474,49.99999999995521,49.89758836783781,1.0020524365098056,1.2319460434486647
546,122,50,WEST CORNING AVENUE > EAST CORNING AVENUE,1,50.000 > 50.000,50.0,483.24703516684735,583.2470351668474,99.99999999997902,99.87517399846041,1.001249820115663,1.3913332375222929
547,123,25,WESTWOOD ROAD > JUNEWAY ROAD,1,25.000 > 25.000,25.0,334.67334685716,384.67334685716,49.99999999998063,42.869674989525464,1.166325613903006,11.275052118166482
548,123,50,WESTWOOD ROAD > JUNEWAY ROAD,1,50.000 > 50.000,50.0,309.67334685716,409.67334685716,99.99999999965065,78.14452186794163,1.2796802336143682,29.252881784006583
549,123,100,WESTWOOD ROAD > JUNEWAY ROAD,1,100.000 > 100.000,100.0,259.67334685716,459.67334685716,199.9999999998368,150.60772086350332,1.3279531676938263,63.895706098492255
550,124,25,SMITH LANE > MOORE AVENUE,1,25.000 > 25.000,25.0,126.33531965816678,176.33531965816678,50.000000000524764,45.96280609262514,1.0878361059976147,8.480816729886271
551,124,50,SMITH LANE > MOORE AVENUE,1,50.000 > 50.000,50.0,101.33531965816678,201.33531965816678,100.00000000008805,84.81386381385474,1.1790525216439036,24.04209100065183
552,124,100,SMITH LANE > MOORE AVENUE,1,100.000 > 100.000,100.0,51.33531965816678,251.33531965816678,199.99999999949446,175.60309659802522,1.1389320796393267,40.592451078772555
553,125,25,NORTH LORRAINE AVENUE > LORRAINE AVENUE,1,25.000 > 25.000,25.0,134.98261892824985,184.98261892824985,50.000000000029274,49.999678187471034,1.0000064362925905,0.08969552979633845
554,125,50,NORTH LORRAINE AVENUE > LORRAINE AVENUE,1,50.000 > 50.000,50.0,109.98261892824985,209.98261892824985,100.00000000038789,99.99285274111607,1.0000714777014146,0.3613318781912337
555,125,100,NORTH LORRAINE AVENUE > LORRAINE AVENUE,1,100.000 > 100.000,100.0,59.98261892824985,259.98261892824985,200.00000000012218,199.97432864039453,1.000128373276221,0.9835065752554117
556,126,25,HERBST AVENUE > PATTISON STREET,1,25.000 > 25.000,25.0,258.3982687275836,308.3982687275836,49.99999999999449,49.9994627964905,1.0000107441855162,0.11588794351876293
557,126,50,HERBST AVENUE > PATTISON STREET,1,50.000 > 50.000,50.0,233.39826872758363,333.3982687275836,100.00000000000952,99.99892559299722,1.0000107441855592,0.2317758875014057
558,126,100,HERBST AVENUE > PATTISON STREET,1,100.000 > 100.000,100.0,183.39826872758363,383.3982687275836,200.00000000001907,199.99785118599445,1.0000107441855595,0.46355177500543143
559,127,25,EAST JEFFERSON STREET > WEST JEFFERSON STREET,1,25.000 > 25.000,25.0,361.47434644439227,411.47434644439227,49.99999999997964,49.99567282870195,1.0000865509159667,0.25096238732042925
560,127,50,EAST JEFFERSON STREET > WEST JEFFERSON STREET,1,50.000 > 50.000,50.0,336.47434644439227,436.47434644439227,100.00000000002086,99.99095040081112,1.0000905041823631,0.5958538052463994
561,127,100,EAST JEFFERSON STREET > WEST JEFFERSON STREET,1,100.000 > 100.000,100.0,286.47434644439227,486.47434644439227,199.99999999997263,199.98117063564078,1.0000941556861178,1.2969692436082805
562,128,25,MENLO DRIVE > BENNINGTON DRIVE,1,25.000 > 25.000,25.0,235.84408908795012,285.8440890879501,49.99999999982015,46.36832024174404,1.0783224352131398,8.295063236365973
563,128,50,MENLO DRIVE > BENNINGTON DRIVE,1,50.000 > 50.000,50.0,210.84408908795012,310.8440890879501,99.99999999986936,89.90409837989543,1.112296344681786,21.025652390962726
564,128,100,MENLO DRIVE > BENNINGTON DRIVE,1,100.000 > 100.000,100.0,160.84408908795012,360.8440890879501,200.000000000377,167.46964006915127,1.1942463118556497,51.72981579504245
565,129,25,CUMBERLAND AVENUE > ELLIS STREET,1,25.000 > 25.000,25.0,146.47282154269777,196.47282154269777,50.00000000026626,49.74761631283298,1.0050732820211161,1.2178499488828407
566,129,50,CUMBERLAND AVENUE > ELLIS STREET,1,50.000 > 50.000,50.0,121.47282154269777,221.47282154269777,100.00000000004667,99.62372612575459,1.0037769504205967,1.852731085950669
567,129,100,CUMBERLAND AVENUE > ELLIS STREET,1,100.000 > 100.000,100.0,71.47282154269777,271.4728215426978,199.9999999996476,199.56391266015405,1.0021852013907755,2.2350254974380506
568,130,25,ARCH STREET > CRESLINE DRIVE,1,25.000 > 25.000,25.0,252.1892769005404,302.1892769005404,50.000000000032834,49.99970917234602,1.0000058165875687,0.08526822986947698
569,130,50,ARCH STREET > CRESLINE DRIVE,1,50.000 > 50.000,50.0,227.1892769005404,327.1892769005404,100.00000000006123,99.99941834468737,1.0000058165875712,0.1705364597764291
570,130,100,ARCH STREET > CRESLINE DRIVE,1,100.000 > 100.000,100.0,177.1892769005404,377.1892769005404,200.00000000012477,199.99883668937707,1.000005816587571,0.3410729195444629
571,131,25,TERRACE ROAD > KENSINGTON ROAD,1,25.000 > 25.000,25.0,227.67039760937718,277.6703976093772,49.9999999999625,49.98853195896425,1.0002294134384195,0.5354139949279687
572,131,50,TERRACE ROAD > KENSINGTON ROAD,1,50.000 > 50.000,50.0,202.67039760937718,302.6703976093772,100.00000000005278,99.91987246691318,1.0008019178884173,1.534826517618681
573,131,100,TERRACE ROAD > KENSINGTON ROAD,1,100.000 > 100.000,100.0,152.67039760937718,352.6703976093772,200.0000000000945,196.37336347770872,1.0184680674515079,13.159845612823691
574,132,25,WEBSTERS LANDING > NORTH FRANKLIN STREET,1,25.000 > 25.000,25.0,167.58488422245514,217.58488422245514,50.00000000033295,49.64660845842522,1.0071181406521186,1.2989251420652308
575,132,50,WEBSTERS LANDING > NORTH FRANKLIN STREET,1,50.000 > 50.000,50.0,142.58488422245514,242.58488422245514,99.99999999965722,98.36335448195102,1.0166387729081212,6.63884765423891
576,132,100,WEBSTERS LANDING > NORTH FRANKLIN STREET,1,100.000 > 100.000,99.99999999999997,92.58488422245514,292.5848842224551,199.99999999972457,189.93373510411885,1.052998825564545,25.60307058256553
577,133,25,WEST BISSELL STREET > EAST BISSELL STREET,1,25.000 > 25.000,25.0,172.29212340289945,222.29212340289945,50.00000000006197,49.921878735885315,1.0015648702764166,1.3969630887892992
578,133,50,WEST BISSELL STREET > EAST BISSELL STREET,1,50.000 > 50.000,50.0,147.29212340289945,247.29212340289945,100.00000000012395,99.84375747177063,1.0015648702764166,2.7939261775785984
579,133,100,WEST BISSELL STREET > EAST BISSELL STREET,1,100.000 > 100.000,100.0,97.29212340289945,297.29212340289945,199.99999999992127,198.2520279646257,1.0088169188141038,7.806127771843205
580,134,25,KINGSLEY PLACE > EMERSON AVENUE,1,25.000 > 25.000,25.0,267.2668326214685,317.2668326214685,50.000000000044764,49.996778250869326,1.0000644391356432,0.28379769990101056
581,134,50,KINGSLEY PLACE > EMERSON AVENUE,1,50.000 > 50.000,50.0,242.2668326214685,342.2668326214685,100.00000000005065,99.9352127886713,1.0006482921241822,1.2198106831221647
582,134,100,KINGSLEY PLACE > EMERSON AVENUE,1,100.000 > 100.000,100.0,192.2668326214685,392.2668326214685,199.999999999829,199.09274073434966,1.0045569680849886,6.168659363787967
583,136,25,NORTH GLENCOVE ROAD > GLENCOVE ROAD,1,25.000 > 25.000,25.0,23.927641334308497,73.9276413343085,50.000000000013884,49.998504922082475,1.0000299024527581,0.1933297428508485
584,137,25,EDISON STREET > SAND STREET,1,25.000 > 25.000,25.0,193.98835410936445,243.98835410936445,50.000000000129646,41.61066927122286,1.2016148953102441,12.041239809828678
585,137,50,EDISON STREET > SAND STREET,1,50.000 > 50.000,49.99999999999997,168.98835410936445,268.9883541093644,99.99999999965104,75.29358057975995,1.3281344734790386,30.52208475679541
586,137,100,EDISON STREET > SAND STREET,1,100.000 > 100.000,99.99999999999997,118.98835410936445,318.9883541093644,199.9999999996133,144.32782458371787,1.3857341824174907,66.66849633331958
587,138,25,STRATHMORE ROAD > STRATHMORE DRIVE,1,25.000 > 25.000,25.0,32.23495840049725,82.23495840049725,50.00000000014687,49.87083271889132,1.0025900365847835,1.2820724313931304
588,138,50,STRATHMORE ROAD > STRATHMORE DRIVE,1,50.000 > 50.000,50.0,7.2349584004972485,107.23495840049725,100.00000000013765,99.03227160623969,1.0097718488953351,3.989339011222403
589,139,25,DEMONG DRIVE > GIFFORD PARKWAY,1,25.000 > 25.000,25.0,130.4709759044171,180.4709759044171,50.00000000014889,48.036420140408445,1.0408768982784515,6.233207402698347
590,139,50,DEMONG DRIVE > GIFFORD PARKWAY,1,50.000 > 50.000,50.0,105.47097590441709,205.4709759044171,100.00000000010752,94.58068096348197,1.0572983719446678,15.354737220688635
591,139,100,DEMONG DRIVE > GIFFORD PARKWAY,1,100.000 > 100.000,100.0,55.47097590441709,255.4709759044171,200.00000000047697,186.21509117723502,1.0740268081179403,35.287849711413756
592,140,25,DYER COURT > JACKSON STREET,1,25.000 > 25.000,25.0,131.45956991196496,181.45956991196496,50.00000000001552,49.9993963919972,1.0000120723061052,0.05517093660288947
593,140,50,DYER COURT > JACKSON STREET,1,50.000 > 50.000,50.0,106.45956991196496,206.45956991196496,100.00000000001654,99.99933925500314,1.0000066074937928,0.06858943231714318
594,140,100,DYER COURT > JACKSON STREET,1,100.000 > 100.000,100.0,56.45956991196496,256.459569911965,199.99999999995055,199.97666066758907,1.0001167102815076,0.7968214633889843
595,141,25,DEMONG DRIVE > GIFFORD PARKWAY,1,25.000 > 25.000,25.0,129.8767391698425,179.8767391698425,50.000000000343334,48.08192587235917,1.0398917907963168,6.051860752630196
596,141,50,DEMONG DRIVE > GIFFORD PARKWAY,1,50.000 > 50.000,50.0,104.8767391698425,204.8767391698425,100.00000000020697,94.51665783674831,1.0580145583747749,15.493265632874142
597,141,100,DEMONG DRIVE > GIFFORD PARKWAY,1,100.000 > 100.000,100.0,54.876739169842494,254.8767391698425,200.0000000001127,185.11247180813155,1.0804242309908325,36.687902189585536
598,142,25,JULIAN PLACE > NOTTINGHAM ROAD,1,25.000 > 25.000,25.0,189.4512244990753,239.4512244990753,49.999999999992426,49.98670872672291,1.0002658961473574,0.5764006135073573
599,142,50,JULIAN PLACE > NOTTINGHAM ROAD,1,50.000 > 50.000,50.0,164.4512244990753,264.4512244990753,99.99999999998485,99.97341745344582,1.0002658961473574,1.1528012270147145
600,142,100,JULIAN PLACE > NOTTINGHAM ROAD,1,100.000 > 100.000,100.0,114.4512244990753,314.4512244990753,199.99999999987605,199.96265647718462,1.0001867524834354,1.5934211185627238
601,143,25,BUCKINGHAM AVENUE > KENSINGTON ROAD,1,25.000 > 25.000,24.99999999999997,222.7127286955221,272.71272869552206,50.00000000009052,49.299090598120245,1.014217491508799,3.809461087961723
602,143,50,BUCKINGHAM AVENUE > KENSINGTON ROAD,1,50.000 > 50.000,49.99999999999997,197.7127286955221,297.71272869552206,99.99999999937333,98.12087098627906,1.0191511652333074,9.321334849543888
603,143,100,BUCKINGHAM AVENUE > KENSINGTON ROAD,1,100.000 > 100.000,99.99999999999997,147.7127286955221,347.71272869552206,200.0000000005509,195.9957583919835,1.0204302462533863,19.630301817948205
604,144,25,HUNTINGTON ROAD > INVERNESS PLACE,1,25.000 > 25.000,25.0,209.66605986234913,259.66605986234913,49.999999999893475,42.10332106873553,1.1875547755072875,12.547994503708008
605,144,50,HUNTINGTON ROAD > INVERNESS PLACE,1,50.000 > 50.000,50.0,184.66605986234913,284.66605986234913,100.0000000006571,81.38826970760913,1.2286782893887709,28.373744564071554
606,144,100,HUNTINGTON ROAD > INVERNESS PLACE,1,100.000 > 100.000,100.0,134.66605986234913,334.66605986234913,199.9999999997832,169.03388966684722,1.183194685953023,50.807192641845596
607,145,25,WINDHAM DRIVE > GUILFORD ROAD,1,25.000 > 25.000,25.0,133.2461759883639,183.2461759883639,49.99999999998903,49.7485708134481,1.0050539981838627,2.206593957096248
608,145,50,WINDHAM DRIVE > GUILFORD ROAD,1,50.000 > 50.000,50.0,108.24617598836389,208.2461759883639,99.99999999997473,98.0983283133965,1.019385362821912,8.354438143893663
609,145,100,WINDHAM DRIVE > GUILFORD ROAD,1,100.000 > 100.000,100.0,58.24617598836389,258.2461759883639,200.00000000013483,187.41311255589522,1.067161188844167,30.14328013572789
610,146,25,WALLACE STREET > HERALD PLACE,1,25.000 > 25.000,25.0,26.14407532237628,76.14407532237628,49.99999999999148,49.95020393419599,1.000996914163976,0.6175972137890421
611,146,50,WALLACE STREET > HERALD PLACE,1,50.000 > 50.000,50.0,1.1440753223762812,101.14407532237628,99.99999999994317,99.19983669624607,1.0080661756142526,3.9532890562277316
612,147,25,HUGHES PLACE NORTH > HUGHES PLACE,1,25.000 > 25.000,25.0,134.95468714247886,184.95468714247886,50.00000000019395,49.38248950181801,1.0125046449582744,3.3552128570677553
613,147,50,HUGHES PLACE NORTH > HUGHES PLACE,1,50.000 > 50.000,50.0,109.95468714247886,209.95468714247886,99.9999999992347,98.51257380549114,1.0150988461298394,8.283091206473836
614,147,100,HUGHES PLACE NORTH > HUGHES PLACE,1,100.000 > 100.000,100.0,59.95468714247886,259.95468714247886,200.00000000041916,198.1432635440424,1.009370676666805,9.566003929161862
615,148,25,RADCLIFFE ROAD > DEMONG DRIVE,1,25.000 > 25.000,25.0,29.579869397596717,79.57986939759672,50.000000000015675,49.88228790958001,1.002359797342276,1.4822712368316409
616,148,50,RADCLIFFE ROAD > DEMONG DRIVE,1,50.000 > 50.000,50.0,4.579869397596717,104.57986939759672,100.00000000002314,99.55406991909224,1.004479275245033,4.435805273594581
617,149,25,LARNED STREET > SAFETY LANE,1,25.000 > 25.000,25.0,78.12962730289854,128.12962730289854,50.00000000008433,46.902275940789316,1.0660463484374545,6.252846215014039
618,149,50,LARNED STREET > SAFETY LANE,1,50.000 > 50.000,50.0,53.12962730289854,153.12962730289854,100.00000000018939,71.00167920313383,1.4084173941026403,27.673456923320852
619,149,100,LARNED STREET > SAFETY LANE,1,100.000 > 100.000,100.0,3.129627302898541,203.12962730289854,199.99999999972002,107.62450566981498,1.8583128327047287,74.76590089930248
620,150,25,WINTON STREET > SCHULER STREET,1,25.000 > 25.000,25.0,81.48210562111778,131.4821056211178,50.000000000277716,44.18298320725425,1.1316574022568124,9.965470162116732
621,150,50,WINTON STREET > SCHULER STREET,1,50.000 > 50.000,50.0,56.48210562111778,156.4821056211178,99.9999999995604,78.35770568817149,1.2761986727574124,28.498120930284106
622,150,100,WINTON STREET > SCHULER STREET,1,100.000 > 100.000,100.0,6.482105621117782,206.4821056211178,199.99999999994424,149.70507782926248,1.3359600282098831,63.80088351545908
623,151,25,MARQUETTE STREET > HUNTER AVENUE,1,25.000 > 25.000,25.0,116.87397137435013,166.87397137435013,50.00000000035479,40.76756939547024,1.2264650736305702,13.176432501598228
624,151,50,MARQUETTE STREET > HUNTER AVENUE,1,50.000 > 50.000,50.0,91.87397137435013,191.87397137435013,99.99999999970889,77.10712140093342,1.2968970723176074,30.788577937330288
625,151,100,MARQUETTE STREET > HUNTER AVENUE,1,100.000 > 100.000,100.0,41.873971374350134,241.87397137435013,199.99999999961867,150.89264611980332,1.3254456406101187,64.79704133426368
626,152,25,THURGOOD TERRACE > EAST RAYNOR AVENUE,1,25.000 > 25.000,25.0,50.96773101856395,100.96773101856395,50.000000000032045,49.999907635248825,1.0000018472990768,0.04805327717785165
627,152,50,THURGOOD TERRACE > EAST RAYNOR AVENUE,1,50.000 > 50.000,50.0,25.967731018563953,125.96773101856395,100.00000000001305,99.99962347462629,1.0000037652680447,0.12864975150324326
628,153,25,WINDHAM DRIVE > GUILFORD ROAD,1,25.000 > 25.000,24.999999999999986,97.5751471267803,147.57514712678028,49.99999999976571,48.84771099157823,1.0235894166747372,5.216225568747608
629,153,50,WINDHAM DRIVE > GUILFORD ROAD,1,50.000 > 50.000,49.999999999999986,72.5751471267803,172.57514712678028,99.99999999998596,97.39685732671185,1.0267271731832375,11.151448276931637
630,153,100,WINDHAM DRIVE > GUILFORD ROAD,1,100.000 > 100.000,99.99999999999999,22.575147126780294,222.57514712678028,200.00000000025912,195.07592840719687,1.0252418206247562,21.817534564578374
631,154,25,ROCKWOOD PLACE > ROCKWOOD ROAD,1,25.000 > 25.000,25.0,120.65391221791873,170.65391221791873,50.00000000016091,43.468478994591976,1.1502587888198603,10.078239806058471
632,154,50,ROCKWOOD PLACE > ROCKWOOD ROAD,1,50.000 > 50.000,50.0,95.65391221791873,195.65391221791873,99.99999999970049,76.60283308081138,1.3054347467045573,28.86642073862115
633,154,100,ROCKWOOD PLACE > ROCKWOOD ROAD,1,100.000 > 100.000,100.0,45.65391221791873,245.65391221791873,200.0000000003931,138.97970169637603,1.4390590680452455,68.18030147034582
634,155,25,RONEY LANE > SMITH LANE,1,25.000 > 25.000,25.0,19.90220662943773,69.90220662943773,50.00000000001425,48.92222340425716,1.0220304091016295,4.081153065329472
635,160,25,DABLON COURT > RADISSON COURT,1,25.000 > 25.000,25.0,102.0046641103435,152.0046641103435,50.00000000047715,49.99073441993345,1.0001853459576302,0.48126713044733166
636,160,50,DABLON COURT > RADISSON COURT,1,50.000 > 50.000,50.0,77.0046641103435,177.0046641103435,100.0000000000232,99.98146883893637,1.0001853459576264,0.9625342608754484
637,162,25,EAST DALE STREET > BEACON ROAD,1,25.000 > 25.000,25.0,14.270441711137252,64.27044171113725,49.999999999971095,49.711412831881574,1.0058052497736383,1.5271738670603092
638,163,25,GALE AVENUE > GALE STREET,1,25.000 > 25.000,25.0,78.42509557181944,128.42509557181944,49.99999999988434,49.999863695294295,1.0000027260992326,0.05837473859760773
639,164,25,MULBERRY TERRACE > DANFORTH TERRACE,1,25.000 > 25.000,25.0,43.45281956018009,93.45281956018009,50.00000000045298,49.37379371197062,1.012682968866752,3.1722537973565617
640,164,50,MULBERRY TERRACE > DANFORTH TERRACE,1,50.000 > 50.000,50.0,18.45281956018009,118.45281956018009,99.99999999976454,99.29807738015293,1.0070688440111923,3.131662783807555
641,165,25,EAST GLEN AVENUE > LORETTO ROUNDABOUT,1,25.000 > 25.000,25.0,1.1033854186149767,51.10338541861498,50.000000000009095,47.35365829971771,1.0558846305715552,5.11146560483622
