{"type": "FeatureCollection", "features": [{"type": "Feature", "properties": {"order": 1, "sequence": 0, "name": "CRAWFORD AVENUE", "id": "800048221", "side": 0}, "geometry": {"type": "LineString", "coordinates": [[-76.1119882800622, 43.04288965397019], [-76.1118672751968, 43.042443646357796], [-76.1118212473182, 43.042328650697996], [-76.1116922582266, 43.0421406205516], [-76.111647529312, 43.0420886918598]]}}, {"type": "Feature", "properties": {"order": 1, "sequence": 1, "name": "CRAWFORD AVENUE", "id": "800048220", "side": 0}, "geometry": {"type": "LineString", "coordinates": [[-76.111647529312, 43.0420886918598], [-76.1115802778365, 43.042010596854404], [-76.1113632807965, 43.0418506163485], [-76.1110132738056, 43.04165365578499], [-76.1108923120594, 43.041549653093696], [-76.1107482779833, 43.0413576254909], [-76.1106662321535, 43.041212632214894]]}}, {"type": "Feature", "properties": {"order": 1, "sequence": 2, "name": "CRAWFORD AVENUE", "id": "477438471", "side": 0}, "geometry": {"type": "LineString", "coordinates": [[-76.1106662321535, 43.041212632214894], [-76.1100782668337, 43.0400056463894], [-76.109897236541, 43.03967458123711], [-76.10972426144151, 43.03942259032339]]}}, {"type": "Feature", "properties": {"order": 1, "sequence": 3, "name": "CRAWFORD AVENUE", "id": "477438874", "side": 0}, "geometry": {"type": "LineString", "coordinates": [[-76.10972426144151, 43.03942259032339], [-76.1095222240459, 43.0391586344057], [-76.1089632922761, 43.0385116462538], [-76.1088212704263, 43.03835561643401]]}}, {"type": "Feature", "properties": {"order": 1, "sequence": 4, "name": "CRAWFORD AVENUE", "id": "477438916", "side": 0}, "geometry": {"type": "LineString", "coordinates": [[-76.1088212704263, 43.03835561643401], [-76.1087752263781, 43.03830059271979], [-76.1087152476632, 43.03822166035258]]}}, {"type": "Feature", "properties": {"order": 1, "sequence": 5, "name": "CRAWFORD AVENUE", "id": "477439394", "side": 0}, "geometry": {"type": "LineString", "coordinates": [[-76.1087152476632, 43.03822166035258], [-76.1086663379893, 43.03815063505479], [-76.1085142415336, 43.03797363118499], [-76.10844830609, 43.03787062288529], [-76.1083682652999, 43.037679593593], [-76.1083302728516, 43.03751265052961], [-76.1083082299912, 43.037249650266595], [-76.108347275265, 43.0369636360287], [-76.1083873293469, 43.036849606450104], [-76.1084973343416, 43.0366525937199], [-76.108578227633, 43.03652961351109]]}}, {"type": "Feature", "properties": {"order": 1, "sequence": 6, "name": "CRAWFORD AVENUE", "id": "477439655", "side": 0}, "geometry": {"type": "LineString", "coordinates": [[-76.108578227633, 43.03652961351109], [-76.10919532531742, 43.035704636463194]]}}, {"type": "Feature", "properties": {"order": 1, "sequence": 7, "name": "CRAWFORD AVENUE", "id": "477439967", "side": 0}, "geometry": {"type": "LineString", "coordinates": [[-76.10919532531742, 43.035704636463194], [-76.1096472533638, 43.03510863187609], [-76.10982734042541, 43.03482962423289], [-76.1098832291108, 43.034722644045495], [-76.1099153250176, 43.034623638928394]]}}, {"type": "Feature", "properties": {"order": 1, "sequence": 8, "name": "CRAWFORD AVENUE", "id": "477440666", "side": 0}, "geometry": {"type": "LineString", "coordinates": [[-76.1099153250176, 43.034623638928394], [-76.1099413159737, 43.034519649928896], [-76.1099492328263, 43.03428463509959], [-76.1098812815633, 43.0333885839287], [-76.1098593402125, 43.032838596169], [-76.1098832228226, 43.03261765386468], [-76.10995831299721, 43.0323706408503], [-76.1100873290383, 43.03206457297309]]}}, {"type": "Feature", "properties": {"order": 1, "sequence": 9, "name": "CRAWFORD AVENUE", "id": "477440934", "side": 0}, "geometry": {"type": "LineString", "coordinates": [[-76.1100873290383, 43.03206457297309], [-76.1102733216246, 43.031725623956014], [-76.1104523262163, 43.03144860699761], [-76.110658361115, 43.03119759420431], [-76.1107579133131, 43.0310269844787]]}}, {"type": "Feature", "properties": {"order": 1, "sequence": 10, "name": "BROAD STREET", "id": "477441024", "side": 1}, "geometry": {"type": "LineString", "coordinates": [[-76.1116832247681, 43.0307336418339], [-76.1114242225054, 43.03075362720129], [-76.1111982890249, 43.03080363688551], [-76.1110372255861, 43.03087057643678], [-76.1108851003843, 43.03094855954309], [-76.1107579133131, 43.0310269844787]]}}, {"type": "Feature", "properties": {"order": 1, "sequence": 11, "name": "BROAD STREET", "id": "477441042", "side": 1}, "geometry": {"type": "LineString", "coordinates": [[-76.1128002438913, 43.030687575980686], [-76.1116832247681, 43.0307336418339]]}}, {"type": "Feature", "properties": {"order": 1, "sequence": 12, "name": "BROAD STREET", "id": "477441056", "side": 1}, "geometry": {"type": "LineString", "coordinates": [[-76.1135053342528, 43.0306555934454], [-76.1128002438913, 43.030687575980686]]}}, {"type": "Feature", "properties": {"order": 1, "sequence": 13, "name": "BROAD STREET", "id": "477441063", "side": 1}, "geometry": {"type": "LineString", "coordinates": [[-76.1138872413177, 43.03063764894079], [-76.1135053342528, 43.0306555934454]]}}, {"type": "Feature", "properties": {"order": 1, "sequence": 14, "name": "BROAD STREET", "id": "477441075", "side": 1}, "geometry": {"type": "LineString", "coordinates": [[-76.1147083023857, 43.030597596041794], [-76.1138872413177, 43.03063764894079]]}}, {"type": "Feature", "properties": {"order": 1, "sequence": 15, "name": "BROAD STREET", "id": "477441083", "side": 1}, "geometry": {"type": "LineString", "coordinates": [[-76.1157512661935, 43.030549611327395], [-76.1147083023857, 43.030597596041794]]}}, {"type": "Feature", "properties": {"order": 1, "sequence": 16, "name": "BROAD STREET", "id": "477441089", "side": 1}, "geometry": {"type": "LineString", "coordinates": [[-76.1159782686692, 43.03053857288099], [-76.1158783221106, 43.03054360026649], [-76.1157512661935, 43.030549611327395]]}}, {"type": "Feature", "properties": {"order": 1, "sequence": 17, "name": "BROAD STREET", "id": "477441110", "side": 1}, "geometry": {"type": "LineString", "coordinates": [[-76.1171612798298, 43.03048362686659], [-76.1159782686692, 43.03053857288099]]}}, {"type": "Feature", "properties": {"order": 1, "sequence": 18, "name": "BROAD STREET", "id": "477441127", "side": 1}, "geometry": {"type": "LineString", "coordinates": [[-76.11838628543332, 43.03042960800799], [-76.1180182294917, 43.030439597786994], [-76.1171612798298, 43.03048362686659]]}}, {"type": "Feature", "properties": {"order": 1, "sequence": 19, "name": "BROAD STREET", "id": "477441143", "side": 1}, "geometry": {"type": "LineString", "coordinates": [[-76.1197693397295, 43.0303596223798], [-76.11838628543332, 43.03042960800799]]}}, {"type": "Feature", "properties": {"order": 1, "sequence": 20, "name": "BROAD STREET", "id": "477441159", "side": 1}, "geometry": {"type": "LineString", "coordinates": [[-76.1211623150198, 43.0302886221287], [-76.1197693397295, 43.0303596223798]]}}, {"type": "Feature", "properties": {"order": 1, "sequence": 21, "name": "BROAD STREET", "id": "477441168", "side": 1}, "geometry": {"type": "LineString", "coordinates": [[-76.1222873246574, 43.03023058891839], [-76.1211623150198, 43.0302886221287]]}}, {"type": "Feature", "properties": {"order": 1, "sequence": 22, "name": "BROAD STREET", "id": "477441171", "side": 1}, "geometry": {"type": "LineString", "coordinates": [[-76.1225622288973, 43.0302146549918], [-76.1222873246574, 43.03023058891839]]}}, {"type": "Feature", "properties": {"order": 1, "sequence": 23, "name": "BROAD STREET", "id": "477441183", "side": 1}, "geometry": {"type": "LineString", "coordinates": [[-76.1238073127457, 43.0301516468276], [-76.1225622288973, 43.0302146549918]]}}, {"type": "Feature", "properties": {"order": 1, "sequence": 24, "name": "BROAD STREET", "id": "600035974", "side": 1}, "geometry": {"type": "LineString", "coordinates": [[-76.1244402863562, 43.030143628306384], [-76.1243023096201, 43.03012958554949], [-76.1238073127457, 43.0301516468276]]}}, {"type": "Feature", "properties": {"order": 1, "sequence": 25, "name": "BERKELEY DRIVE", "id": "477441161", "side": 1}, "geometry": {"type": "LineString", "coordinates": [[-76.1250873042278, 43.03054158957501], [-76.1250002907144, 43.030535601496396], [-76.1248663168712, 43.0304786566056], [-76.12473231877351, 43.03036660137769], [-76.1246422626663, 43.0302746457278], [-76.1245312847961, 43.03017965418519], [-76.1244402863562, 43.030143628306384]]}}, {"type": "Feature", "properties": {"order": 1, "sequence": 26, "name": "BERKELEY DRIVE", "id": "477441106", "side": 1}, "geometry": {"type": "LineString", "coordinates": [[-76.1264673024554, 43.0306336413538], [-76.1264543397659, 43.0305826209327], [-76.1264252765715, 43.0305505799001], [-76.1263392556965, 43.0305116242229], [-76.126210244147, 43.0305046097818], [-76.1256042631142, 43.03052560976299], [-76.125209246036, 43.030544623341996], [-76.1250873042278, 43.03054158957501]]}}, {"type": "Feature", "properties": {"order": 1, "sequence": 27, "name": "BERKELEY DRIVE", "id": "477441067", "side": 1}, "geometry": {"type": "LineString", "coordinates": [[-76.1266902831736, 43.031932657142896], [-76.1266193081813, 43.03157559046839], [-76.126521308272, 43.0307006467563], [-76.1264673024554, 43.0306336413538]]}}, {"type": "Feature", "properties": {"order": 1, "sequence": 28, "name": "BERKELEY DRIVE", "id": "477440716", "side": 1}, "geometry": {"type": "LineString", "coordinates": [[-76.1277322714109, 43.03309762564019], [-76.1275012983818, 43.032838578439886], [-76.1270202667168, 43.032437645669795], [-76.1267812708337, 43.0321356328942], [-76.1267323351086, 43.0320506580444], [-76.1266902831736, 43.031932657142896]]}}, {"type": "Feature", "properties": {"order": 1, "sequence": 29, "name": "BERKELEY DRIVE", "id": "477440407", "side": 1}, "geometry": {"type": "LineString", "coordinates": [[-76.1279572679486, 43.03385461217341], [-76.1279922591255, 43.033794655141406], [-76.12795628609, 43.033539630100194], [-76.1278462343828, 43.033274619279595], [-76.1277322714109, 43.03309762564019]]}}, {"type": "Feature", "properties": {"order": 1, "sequence": 30, "name": "BERKELEY DRIVE", "id": "477440185", "side": 1}, "geometry": {"type": "LineString", "coordinates": [[-76.1279723237128, 43.0340466291136], [-76.1279572679486, 43.03385461217341]]}}, {"type": "Feature", "properties": {"order": 1, "sequence": 31, "name": "OSTROM AVENUE", "id": "477440120", "side": 1}, "geometry": {"type": "LineString", "coordinates": [[-76.1281763454868, 43.036358610204495], [-76.1279723237128, 43.0340466291136]]}}, {"type": "Feature", "properties": {"order": 1, "sequence": 32, "name": "OSTROM AVENUE", "id": "477439476", "side": 1}, "geometry": {"type": "LineString", "coordinates": [[-76.1283332757771, 43.03797560552108], [-76.1281763454868, 43.036358610204495]]}}, {"type": "Feature", "properties": {"order": 1, "sequence": 33, "name": "OSTROM AVENUE", "id": "477439002", "side": 1}, "geometry": {"type": "LineString", "coordinates": [[-76.1284024622236, 43.03877867508258], [-76.1283993145269, 43.0387455950365], [-76.1283332757771, 43.03797560552108]]}}, {"type": "Feature", "properties": {"order": 1, "sequence": 34, "name": "OSTROM AVENUE", "id": "800048670", "side": 1}, "geometry": {"type": "LineString", "coordinates": [[-76.1284572675408, 43.03935564631221], [-76.1284024622236, 43.03877867508258]]}}, {"type": "Feature", "properties": {"order": 1, "sequence": 35, "name": "OSTROM AVENUE", "id": "477438516", "side": 1}, "geometry": {"type": "LineString", "coordinates": [[-76.1285592559699, 43.0404725993645], [-76.1284572675408, 43.03935564631221]]}}, {"type": "Feature", "properties": {"order": 1, "sequence": 36, "name": "OSTROM AVENUE", "id": "477438159", "side": 1}, "geometry": {"type": "LineString", "coordinates": [[-76.1286573304394, 43.04155663344519], [-76.1285592559699, 43.0404725993645]]}}, {"type": "Feature", "properties": {"order": 1, "sequence": 37, "name": "OSTROM AVENUE", "id": "477437855", "side": 1}, "geometry": {"type": "LineString", "coordinates": [[-76.1287482516242, 43.0426185850189], [-76.1286573304394, 43.04155663344519]]}}, {"type": "Feature", "properties": {"order": 1, "sequence": 38, "name": "OSTROM AVENUE", "id": "477437470", "side": 1}, "geometry": {"type": "LineString", "coordinates": [[-76.12890033730021, 43.044143596045295], [-76.1287482516242, 43.0426185850189]]}}, {"type": "Feature", "properties": {"order": 1, "sequence": 39, "name": "OSTROM AVENUE", "id": "477437000", "side": 1}, "geometry": {"type": "LineString", "coordinates": [[-76.1290142499664, 43.045300591920494], [-76.12890033730021, 43.044143596045295]]}}, {"type": "Feature", "properties": {"order": 1, "sequence": 40, "name": "OSTROM AVENUE", "id": "477436667", "side": 1}, "geometry": {"type": "LineString", "coordinates": [[-76.1290832396819, 43.0461166554205], [-76.1290142499664, 43.045300591920494]]}}, {"type": "Feature", "properties": {"order": 1, "sequence": 41, "name": "COMSTOCK PLACE", "id": "477436451", "side": 1}, "geometry": {"type": "LineString", "coordinates": [[-76.130737268987, 43.0463025732663], [-76.1298593068323, 43.04630359148369], [-76.1291712323589, 43.046288591321705], [-76.1291412510863, 43.046280602481694], [-76.1291132775484, 43.046261608221], [-76.129090303135, 43.04622059259838], [-76.1290832396819, 43.0461166554205]]}}, {"type": "Feature", "properties": {"order": 2, "sequence": 0, "name": "STATE FAIR BOULEVARD", "id": "510970450", "side": 1}, "geometry": {"type": "LineString", "coordinates": [[-76.1827923588793, 43.059563630262794], [-76.1843772655182, 43.06001666032789], [-76.1852322568528, 43.06026660746769], [-76.1856163522137, 43.06038563487029], [-76.1869213285388, 43.0607636370651]]}}, {"type": "Feature", "properties": {"order": 2, "sequence": 1, "name": "STATE FAIR BOULEVARD", "id": "510970451", "side": 1}, "geometry": {"type": "LineString", "coordinates": [[-76.1806453664855, 43.05903164400059], [-76.1827923588793, 43.059563630262794]]}}, {"type": "Feature", "properties": {"order": 2, "sequence": 2, "name": "SPENCER STREET", "id": "477432063", "side": 1}, "geometry": {"type": "LineString", "coordinates": [[-76.1799842540472, 43.059002623929295], [-76.1803573603173, 43.05901066230799], [-76.1806453664855, 43.05903164400059]]}}, {"type": "Feature", "properties": {"order": 2, "sequence": 3, "name": "SPENCER STREET", "id": "477432438", "side": 1}, "geometry": {"type": "LineString", "coordinates": [[-76.1752723388537, 43.05778863418719], [-76.1786753413046, 43.0587226452367], [-76.1793052687278, 43.058899583990296], [-76.17951834552, 43.0589515969044], [-76.1798693559291, 43.05899858603349], [-76.1799842540472, 43.059002623929295]]}}, {"type": "Feature", "properties": {"order": 2, "sequence": 4, "name": "SPENCER STREET", "id": "477432474", "side": 1}, "geometry": {"type": "LineString", "coordinates": [[-76.1748352455859, 43.0576896564452], [-76.1749002925956, 43.05770060533579], [-76.1752723388537, 43.05778863418719]]}}, {"type": "Feature", "properties": {"order": 2, "sequence": 5, "name": "SPENCER STREET", "id": "477432572", "side": 1}, "geometry": {"type": "LineString", "coordinates": [[-76.1736033157682, 43.05732265317639], [-76.1737313140181, 43.057350606124494], [-76.1745222994903, 43.0575776069321], [-76.1747903630594, 43.05767363841371], [-76.1748352455859, 43.0576896564452]]}}, {"type": "Feature", "properties": {"order": 2, "sequence": 6, "name": "SPENCER STREET", "id": "477432591", "side": 1}, "geometry": {"type": "LineString", "coordinates": [[-76.1720793095156, 43.05726758543079], [-76.1733372500524, 43.0572926037593], [-76.1734812589756, 43.05730364395661], [-76.1736033157682, 43.05732265317639]]}}, {"type": "Feature", "properties": {"order": 2, "sequence": 7, "name": "SPENCER STREET", "id": "477432597", "side": 1}, "geometry": {"type": "LineString", "coordinates": [[-76.17037730208952, 43.057247636266794], [-76.1704122708086, 43.057239623912004], [-76.1720793095156, 43.05726758543079]]}}, {"type": "Feature", "properties": {"order": 2, "sequence": 8, "name": "WEST KIRKPATRICK STREET", "id": "506021511", "side": 1}, "geometry": {"type": "LineString", "coordinates": [[-76.1701753518305, 43.057308593009985], [-76.1703322839173, 43.057256650903184], [-76.17037730208952, 43.057247636266794]]}}, {"type": "Feature", "properties": {"order": 2, "sequence": 9, "name": "WEST KIRKPATRICK STREET", "id": "506021510", "side": 1}, "geometry": {"type": "LineString", "coordinates": [[-76.1691833494488, 43.0576366053967], [-76.1701753518305, 43.057308593009985]]}}, {"type": "Feature", "properties": {"order": 2, "sequence": 10, "name": "WEST KIRKPATRICK STREET", "id": "477432432", "side": 1}, "geometry": {"type": "LineString", "coordinates": [[-76.1660913581223, 43.0586856167914], [-76.1685792791326, 43.057842594172996], [-76.1687183607964, 43.0577946182936], [-76.1688253528418, 43.057757596507905], [-76.1691833494488, 43.0576366053967]]}}, {"type": "Feature", "properties": {"order": 2, "sequence": 11, "name": "WEST KIRKPATRICK STREET", "id": "513531396", "side": 1}, "geometry": {"type": "LineString", "coordinates": [[-76.1651871265337, 43.05900126396178], [-76.1658153426664, 43.058778658142806], [-76.1660913581223, 43.0586856167914]]}}, {"type": "Feature", "properties": {"order": 2, "sequence": 12, "name": "WEST KIRKPATRICK STREET", "id": "513531395", "side": 1}, "geometry": {"type": "LineString", "coordinates": [[-76.1643179472075, 43.05934547982918], [-76.1647323445397, 43.059167621498794], [-76.1651871265337, 43.05900126396178]]}}, {"type": "Feature", "properties": {"order": 2, "sequence": 13, "name": "WEST KIRKPATRICK STREET", "id": "800030682", "side": 1}, "geometry": {"type": "LineString", "coordinates": [[-76.1642282710877, 43.05938740950431], [-76.1643012466281, 43.0593526465285], [-76.1643179472075, 43.05934547982918]]}}, {"type": "Feature", "properties": {"order": 2, "sequence": 14, "name": "WEST KIRKPATRICK STREET", "id": "800032563", "side": 1}, "geometry": {"type": "LineString", "coordinates": [[-76.1638315256508, 43.05957672048499], [-76.1642282710877, 43.05938740950431]]}}, {"type": "Feature", "properties": {"order": 2, "sequence": 15, "name": "WEST KIRKPATRICK STREET", "id": "507665328", "side": 1}, "geometry": {"type": "LineString", "coordinates": [[-76.1611782517462, 43.0611540081312], [-76.1612768939509, 43.0610091003713], [-76.1613937198536, 43.0608640078387], [-76.1614944533363, 43.06076101434601], [-76.1616366476626, 43.060650926987016], [-76.1617586361833, 43.0605724900333], [-76.1619323218502, 43.060478282463905], [-76.1625912594673, 43.0601806509648], [-76.1631003015011, 43.0599345975696], [-76.1636503282715, 43.0596675945363], [-76.1638315256508, 43.05957672048499]]}}, {"type": "Feature", "properties": {"order": 2, "sequence": 16, "name": "WEST COURT STREET", "id": "507665325", "side": 1}, "geometry": {"type": "LineString", "coordinates": [[-76.1602042453146, 43.0630366391436], [-76.1602087889933, 43.06295262264669], [-76.1602317696949, 43.062878531464], [-76.1602691144579, 43.06279118395499], [-76.1603523478605, 43.0626390494312], [-76.1605033878974, 43.0623778173733], [-76.1607515412065, 43.0619250029644], [-76.1609571494053, 43.06155937248649], [-76.1611233916318, 43.061277499484795], [-76.1611782517462, 43.0611540081312]]}}, {"type": "Feature", "properties": {"order": 2, "sequence": 17, "name": "WEST COURT STREET", "id": "477431132", "side": 1}, "geometry": {"type": "LineString", "coordinates": [[-76.1604513574762, 43.0643526252944], [-76.1604443012096, 43.063965577761905], [-76.160413294061, 43.06377363870939], [-76.1603592424303, 43.0636036341093], [-76.1602803092629, 43.06342965050139], [-76.1602363546961, 43.0633196066563], [-76.1602053367676, 43.0631465771742], [-76.1602042453146, 43.0630366391436]]}}, {"type": "Feature", "properties": {"order": 2, "sequence": 18, "name": "WEST COURT STREET", "id": "477430774", "side": 1}, "geometry": {"type": "LineString", "coordinates": [[-76.1604473267355, 43.06455563555299], [-76.1604513574762, 43.0643526252944]]}}, {"type": "Feature", "properties": {"order": 2, "sequence": 19, "name": "WEST COURT STREET", "id": "477430717", "side": 1}, "geometry": {"type": "LineString", "coordinates": [[-76.1604433436055, 43.0647676507959], [-76.1604473267355, 43.06455563555299]]}}, {"type": "Feature", "properties": {"order": 2, "sequence": 20, "name": "WEST COURT STREET", "id": "477430667", "side": 1}, "geometry": {"type": "LineString", "coordinates": [[-76.1604423204244, 43.0648566290005], [-76.1604433436055, 43.0647676507959]]}}, {"type": "Feature", "properties": {"order": 2, "sequence": 21, "name": "COURT STREET", "id": "477430642", "side": 0}, "geometry": {"type": "LineString", "coordinates": [[-76.1604423204244, 43.0648566290005], [-76.1604403522156, 43.0649606551782]]}}, {"type": "Feature", "properties": {"order": 2, "sequence": 22, "name": "COURT STREET", "id": "477430619", "side": 0}, "geometry": {"type": "LineString", "coordinates": [[-76.1604403522156, 43.0649606551782], [-76.1604362648811, 43.06517366132918]]}}, {"type": "Feature", "properties": {"order": 2, "sequence": 23, "name": "COURT STREET", "id": "477430572", "side": 0}, "geometry": {"type": "LineString", "coordinates": [[-76.1604362648811, 43.06517366132918], [-76.1604273203558, 43.0653635746348], [-76.1604123553215, 43.0654296423415]]}}, {"type": "Feature", "properties": {"order": 2, "sequence": 24, "name": "COURT STREET", "id": "477430536", "side": 0}, "geometry": {"type": "LineString", "coordinates": [[-76.1604123553215, 43.0654296423415], [-76.1603673075049, 43.06551564530059], [-76.1598622800421, 43.066205584898995]]}}, {"type": "Feature", "properties": {"order": 2, "sequence": 25, "name": "COURT STREET", "id": "477430379", "side": 0}, "geometry": {"type": "LineString", "coordinates": [[-76.1598622800421, 43.066205584898995], [-76.159031317743, 43.06731457877289]]}}, {"type": "Feature", "properties": {"order": 2, "sequence": 26, "name": "COURT STREET", "id": "477430108", "side": 0}, "geometry": {"type": "LineString", "coordinates": [[-76.159031317743, 43.06731457877289], [-76.1585883306287, 43.067902579767804]]}}, {"type": "Feature", "properties": {"order": 2, "sequence": 27, "name": "COURT STREET", "id": "477429998", "side": 0}, "geometry": {"type": "LineString", "coordinates": [[-76.1585883306287, 43.067902579767804], [-76.15814027971102, 43.068502606870496]]}}, {"type": "Feature", "properties": {"order": 2, "sequence": 28, "name": "COURT STREET", "id": "477429876", "side": 0}, "geometry": {"type": "LineString", "coordinates": [[-76.15814027971102, 43.068502606870496], [-76.1572853027495, 43.0696506416303]]}}, {"type": "Feature", "properties": {"order": 2, "sequence": 29, "name": "COURT STREET", "id": "477429620", "side": 0}, "geometry": {"type": "LineString", "coordinates": [[-76.1572853027495, 43.0696506416303], [-76.1564232820978, 43.07080459441279]]}}, {"type": "Feature", "properties": {"order": 2, "sequence": 30, "name": "COURT STREET", "id": "477429438", "side": 0}, "geometry": {"type": "LineString", "coordinates": [[-76.1564232820978, 43.07080459441279], [-76.1555242805008, 43.0720186158188]]}}, {"type": "Feature", "properties": {"order": 2, "sequence": 31, "name": "COURT STREET", "id": "477429219", "side": 0}, "geometry": {"type": "LineString", "coordinates": [[-76.1555242805008, 43.0720186158188], [-76.15463228576301, 43.073208606656]]}}, {"type": "Feature", "properties": {"order": 2, "sequence": 32, "name": "COURT STREET", "id": "477428988", "side": 0}, "geometry": {"type": "LineString", "coordinates": [[-76.15463228576301, 43.073208606656], [-76.1539181017559, 43.07417899702809]]}}, {"type": "Feature", "properties": {"order": 2, "sequence": 33, "name": "COURT STREET", "id": "477428806", "side": 0}, "geometry": {"type": "LineString", "coordinates": [[-76.1539181017559, 43.07417899702809], [-76.1537453494386, 43.07440160073599]]}}, {"type": "Feature", "properties": {"order": 2, "sequence": 34, "name": "COURT STREET", "id": "477428764", "side": 0}, "geometry": {"type": "LineString", "coordinates": [[-76.1537453494386, 43.07440160073599], [-76.1535013481428, 43.07473264774569]]}}, {"type": "Feature", "properties": {"order": 2, "sequence": 35, "name": "COURT STREET", "id": "477428688", "side": 0}, "geometry": {"type": "LineString", "coordinates": [[-76.1535013481428, 43.07473264774569], [-76.1533712855644, 43.074923601015705], [-76.1532482424216, 43.07506963864089], [-76.1531752794576, 43.07512863536479], [-76.1531102549058, 43.07516558038639]]}}, {"type": "Feature", "properties": {"order": 3, "sequence": 0, "name": "TOMPKINS STREET", "id": "477436909", "side": 1}, "geometry": {"type": "LineString", "coordinates": [[-76.1905443086398, 43.04467760417571], [-76.1914003051892, 43.044348571189886], [-76.1915052975846, 43.044330638567395], [-76.1915263478067, 43.0443335712064]]}}, {"type": "Feature", "properties": {"order": 3, "sequence": 1, "name": "TOMPKINS STREET", "id": "477436793", "side": 1}, "geometry": {"type": "LineString", "coordinates": [[-76.1895523439873, 43.045048655626], [-76.1905443086398, 43.04467760417571]]}}, {"type": "Feature", "properties": {"order": 3, "sequence": 2, "name": "TOMPKINS STREET", "id": "477436708", "side": 1}, "geometry": {"type": "LineString", "coordinates": [[-76.1893083067589, 43.0451396201394], [-76.1895523439873, 43.045048655626]]}}, {"type": "Feature", "properties": {"order": 3, "sequence": 3, "name": "TOMPKINS STREET", "id": "477436695", "side": 1}, "geometry": {"type": "LineString", "coordinates": [[-76.1885552679208, 43.0454226341363], [-76.1893083067589, 43.0451396201394]]}}, {"type": "Feature", "properties": {"order": 3, "sequence": 4, "name": "TOMPKINS STREET", "id": "477436622", "side": 1}, "geometry": {"type": "LineString", "coordinates": [[-76.1875633284212, 43.04580258317001], [-76.1885552679208, 43.0454226341363]]}}, {"type": "Feature", "properties": {"order": 3, "sequence": 5, "name": "TOMPKINS STREET", "id": "477436513", "side": 1}, "geometry": {"type": "LineString", "coordinates": [[-76.185574267041, 43.0465566563794], [-76.1875633284212, 43.04580258317001]]}}, {"type": "Feature", "properties": {"order": 3, "sequence": 6, "name": "TOMPKINS STREET", "id": "477436358", "side": 1}, "geometry": {"type": "LineString", "coordinates": [[-76.1833723004469, 43.0473896180167], [-76.185574267041, 43.0465566563794]]}}, {"type": "Feature", "properties": {"order": 3, "sequence": 7, "name": "TOMPKINS STREET", "id": "477436081", "side": 1}, "geometry": {"type": "LineString", "coordinates": [[-76.1819913562932, 43.04791158639291], [-76.1833723004469, 43.0473896180167]]}}, {"type": "Feature", "properties": {"order": 3, "sequence": 8, "name": "TOMPKINS STREET", "id": "477435912", "side": 1}, "geometry": {"type": "LineString", "coordinates": [[-76.1816483094491, 43.04803957696169], [-76.1819913562932, 43.04791158639291]]}}, {"type": "Feature", "properties": {"order": 3, "sequence": 9, "name": "TOMPKINS STREET", "id": "477435872", "side": 1}, "geometry": {"type": "LineString", "coordinates": [[-76.1810023102671, 43.04828658598459], [-76.1816483094491, 43.04803957696169]]}}, {"type": "Feature", "properties": {"order": 3, "sequence": 10, "name": "TOMPKINS STREET", "id": "477435764", "side": 1}, "geometry": {"type": "LineString", "coordinates": [[-76.180180277222, 43.0485676449473], [-76.1802443495596, 43.04856662414169], [-76.1803503301019, 43.048535634312195], [-76.1810023102671, 43.04828658598459]]}}, {"type": "Feature", "properties": {"order": 3, "sequence": 11, "name": "SOUTH WILBUR AVENUE", "id": "477435685", "side": 0}, "geometry": {"type": "LineString", "coordinates": [[-76.180180277222, 43.0485676449473], [-76.1800492732091, 43.048548644830106], [-76.18002732916341, 43.04853761487299]]}}, {"type": "Feature", "properties": {"order": 3, "sequence": 12, "name": "WEST FAYETTE STREET", "id": "477435809", "side": 1}, "geometry": {"type": "LineString", "coordinates": [[-76.1792312978541, 43.0481895879206], [-76.1799583295664, 43.0485186062125], [-76.18002732916341, 43.04853761487299]]}}, {"type": "Feature", "properties": {"order": 3, "sequence": 13, "name": "WEST FAYETTE STREET", "id": "477436046", "side": 1}, "geometry": {"type": "LineString", "coordinates": [[-76.1772873193248, 43.0474456307708], [-76.1773553442496, 43.0474715853056], [-76.1779413260893, 43.04770661527579], [-76.1792312978541, 43.0481895879206]]}}, {"type": "Feature", "properties": {"order": 3, "sequence": 14, "name": "WEST FAYETTE STREET", "id": "477436298", "side": 1}, "geometry": {"type": "LineString", "coordinates": [[-76.1754323099411, 43.0467676322772], [-76.1756023107188, 43.046816583129896], [-76.1772873193248, 43.0474456307708]]}}, {"type": "Feature", "properties": {"order": 3, "sequence": 15, "name": "WEST FAYETTE STREET", "id": "477436349", "side": 1}, "geometry": {"type": "LineString", "coordinates": [[-76.1747779645118, 43.0466364327703], [-76.1754323099411, 43.0467676322772]]}}, {"type": "Feature", "properties": {"order": 3, "sequence": 16, "name": "WEST FAYETTE STREET", "id": "800051050", "side": 1}, "geometry": {"type": "LineString", "coordinates": [[-76.1744402716268, 43.04656863466148], [-76.1746342682023, 43.0466076155962], [-76.1747779645118, 43.0466364327703]]}}, {"type": "Feature", "properties": {"order": 3, "sequence": 17, "name": "WEST FAYETTE STREET", "id": "477436496", "side": 1}, "geometry": {"type": "LineString", "coordinates": [[-76.1709372911764, 43.04587765872141], [-76.17162624779532, 43.04602260946059], [-76.1744402716268, 43.04656863466148]]}}, {"type": "Feature", "properties": {"order": 3, "sequence": 18, "name": "WEST FAYETTE STREET", "id": "800032551", "side": 1}, "geometry": {"type": "LineString", "coordinates": [[-76.1694680201724, 43.04617657218349], [-76.1701653535814, 43.04600459986119], [-76.1705163406343, 43.04591258229929], [-76.1707002742819, 43.04587459091811], [-76.1708323517815, 43.0458665757644], [-76.1709372911764, 43.04587765872141]]}}, {"type": "Feature", "properties": {"order": 3, "sequence": 19, "name": "WEST FAYETTE STREET", "id": "477436501", "side": 1}, "geometry": {"type": "LineString", "coordinates": [[-76.1673023302444, 43.0467106486168], [-76.1694680201724, 43.04617657218349]]}}, {"type": "Feature", "properties": {"order": 3, "sequence": 20, "name": "WEST FAYETTE STREET", "id": "477436306", "side": 1}, "geometry": {"type": "LineString", "coordinates": [[-76.1656522966457, 43.04711161745879], [-76.1669172467366, 43.046798592145095], [-76.1673023302444, 43.0467106486168]]}}, {"type": "Feature", "properties": {"order": 3, "sequence": 21, "name": "WEST FAYETTE STREET", "id": "477436164", "side": 1}, "geometry": {"type": "LineString", "coordinates": [[-76.1639903415049, 43.047519617184], [-76.1656522966457, 43.04711161745879]]}}, {"type": "Feature", "properties": {"order": 3, "sequence": 22, "name": "WEST FAYETTE STREET", "id": "477436023", "side": 1}, "geometry": {"type": "LineString", "coordinates": [[-76.1623462808045, 43.0479076002846], [-76.1639903415049, 43.047519617184]]}}, {"type": "Feature", "properties": {"order": 3, "sequence": 23, "name": "WEST FAYETTE STREET", "id": "477435914", "side": 1}, "geometry": {"type": "LineString", "coordinates": [[-76.1608412550556, 43.0482665945108], [-76.1619463454501, 43.0479965780109], [-76.1623462808045, 43.0479076002846]]}}, {"type": "Feature", "properties": {"order": 3, "sequence": 24, "name": "WEST FAYETTE STREET", "id": "477435775", "side": 1}, "geometry": {"type": "LineString", "coordinates": [[-76.1598214040017, 43.048514557122786], [-76.1608412550556, 43.0482665945108]]}}, {"type": "Feature", "properties": {"order": 3, "sequence": 25, "name": "WEST FAYETTE STREET", "id": "800037290", "side": 1}, "geometry": {"type": "LineString", "coordinates": [[-76.159643778324, 43.04855835594349], [-76.1598214040017, 43.048514557122786]]}}, {"type": "Feature", "properties": {"order": 3, "sequence": 26, "name": "WEST FAYETTE STREET", "id": "477435688", "side": 1}, "geometry": {"type": "LineString", "coordinates": [[-76.1589132593518, 43.048731608434096], [-76.1590222815896, 43.0487115941291], [-76.159643778324, 43.04855835594349]]}}, {"type": "Feature", "properties": {"order": 3, "sequence": 27, "name": "WEST FAYETTE STREET", "id": "477435607", "side": 1}, "geometry": {"type": "LineString", "coordinates": [[-76.1581252706593, 43.0487395864514], [-76.158846286354, 43.0487416523462], [-76.1589132593518, 43.048731608434096]]}}, {"type": "Feature", "properties": {"order": 3, "sequence": 28, "name": "WEST FAYETTE STREET", "id": "477435602", "side": 1}, "geometry": {"type": "LineString", "coordinates": [[-76.1577152454276, 43.0487366218563], [-76.1581252706593, 43.0487395864514]]}}, {"type": "Feature", "properties": {"order": 3, "sequence": 29, "name": "WEST FAYETTE STREET", "id": "477435606", "side": 1}, "geometry": {"type": "LineString", "coordinates": [[-76.1573012065233, 43.04873507391219], [-76.1577152454276, 43.0487366218563]]}}, {"type": "Feature", "properties": {"order": 3, "sequence": 30, "name": "WEST FAYETTE STREET", "id": "800030719", "side": 1}, "geometry": {"type": "LineString", "coordinates": [[-76.15699757955052, 43.0487312106164], [-76.1573012065233, 43.04873507391219]]}}, {"type": "Feature", "properties": {"order": 3, "sequence": 31, "name": "WEST FAYETTE STREET", "id": "477435614", "side": 1}, "geometry": {"type": "LineString", "coordinates": [[-76.155527270094, 43.04871065078869], [-76.1562512861619, 43.0487155841239], [-76.15699757955052, 43.0487312106164]]}}, {"type": "Feature", "properties": {"order": 3, "sequence": 32, "name": "WEST FAYETTE STREET", "id": "477435619", "side": 1}, "geometry": {"type": "LineString", "coordinates": [[-76.1535693021008, 43.0486996090444], [-76.155527270094, 43.04871065078869]]}}, {"type": "Feature", "properties": {"order": 3, "sequence": 33, "name": "WEST FAYETTE STREET", "id": "477435622", "side": 1}, "geometry": {"type": "LineString", "coordinates": [[-76.1522183221517, 43.04869259930819], [-76.15228327394, 43.0486925756754], [-76.1535693021008, 43.0486996090444]]}}, {"type": "Feature", "properties": {"order": 3, "sequence": 34, "name": "EAST FAYETTE STREET", "id": "477435628", "side": 0}, "geometry": {"type": "LineString", "coordinates": [[-76.1522183221517, 43.04869259930819], [-76.1521683506691, 43.0486926518254], [-76.1514692394942, 43.048686632038205]]}}, {"type": "Feature", "properties": {"order": 3, "sequence": 35, "name": "EAST FAYETTE STREET", "id": "477435634", "side": 0}, "geometry": {"type": "LineString", "coordinates": [[-76.1514692394942, 43.048686632038205], [-76.1508079069685, 43.048675239080495]]}}, {"type": "Feature", "properties": {"order": 3, "sequence": 36, "name": "EAST FAYETTE STREET", "id": "477435642", "side": 0}, "geometry": {"type": "LineString", "coordinates": [[-76.1508079069685, 43.048675239080495], [-76.1493013127611, 43.048656360442806]]}}, {"type": "Feature", "properties": {"order": 3, "sequence": 37, "name": "EAST FAYETTE STREET", "id": "477435646", "side": 0}, "geometry": {"type": "LineString", "coordinates": [[-76.1493013127611, 43.048656360442806], [-76.1482073075772, 43.04864160703079], [-76.1474202405562, 43.04862662910399]]}}, {"type": "Feature", "properties": {"order": 3, "sequence": 38, "name": "EAST FAYETTE STREET", "id": "509997458", "side": 0}, "geometry": {"type": "LineString", "coordinates": [[-76.1474202405562, 43.04862662910399], [-76.1456122912154, 43.04860764344729]]}}, {"type": "Feature", "properties": {"order": 3, "sequence": 39, "name": "EAST FAYETTE STREET", "id": "509997461", "side": 0}, "geometry": {"type": "LineString", "coordinates": [[-76.1456122912154, 43.04860764344729], [-76.145574349971, 43.0486075732054], [-76.1454773148523, 43.048605572952795], [-76.143896279054, 43.0485805963765]]}}, {"type": "Feature", "properties": {"order": 3, "sequence": 40, "name": "EAST FAYETTE STREET", "id": "477435674", "side": 0}, "geometry": {"type": "LineString", "coordinates": [[-76.143896279054, 43.0485805963765], [-76.1429072384177, 43.0485656256559], [-76.1428422686632, 43.04856465342869]]}}, {"type": "Feature", "properties": {"order": 3, "sequence": 41, "name": "EAST FAYETTE STREET", "id": "477435676", "side": 0}, "geometry": {"type": "LineString", "coordinates": [[-76.1428422686632, 43.04856465342869], [-76.1426773164174, 43.0485616185832]]}}, {"type": "Feature", "properties": {"order": 3, "sequence": 42, "name": "EAST FAYETTE STREET", "id": "477435678", "side": 0}, "geometry": {"type": "LineString", "coordinates": [[-76.1426773164174, 43.0485616185832], [-76.1424603059027, 43.0485586526665]]}}, {"type": "Feature", "properties": {"order": 3, "sequence": 43, "name": "EAST FAYETTE STREET", "id": "477435684", "side": 0}, "geometry": {"type": "LineString", "coordinates": [[-76.1424603059027, 43.0485586526665], [-76.1422903185997, 43.04855557646329], [-76.1421643074233, 43.04855359262059]]}}, {"type": "Feature", "properties": {"order": 3, "sequence": 44, "name": "EAST FAYETTE STREET", "id": "477435693", "side": 0}, "geometry": {"type": "LineString", "coordinates": [[-76.1421643074233, 43.04855359262059], [-76.13993434663001, 43.04852062878779]]}}, {"type": "Feature", "properties": {"order": 3, "sequence": 45, "name": "EAST FAYETTE STREET", "id": "477435696", "side": 0}, "geometry": {"type": "LineString", "coordinates": [[-76.13993434663001, 43.04852062878779], [-76.1377202518812, 43.04849565808511]]}}, {"type": "Feature", "properties": {"order": 3, "sequence": 46, "name": "EAST FAYETTE STREET", "id": "477435698", "side": 0}, "geometry": {"type": "LineString", "coordinates": [[-76.1377202518812, 43.04849565808511], [-76.136521243522, 43.0484865916129]]}}, {"type": "Feature", "properties": {"order": 3, "sequence": 47, "name": "EAST FAYETTE STREET", "id": "477435702", "side": 0}, "geometry": {"type": "LineString", "coordinates": [[-76.136521243522, 43.0484865916129], [-76.1355343983683, 43.04850727558801], [-76.1347232484129, 43.048491026707296], [-76.1344480099997, 43.0484671463855], [-76.1342863527744, 43.048465633227394]]}}, {"type": "Feature", "properties": {"order": 3, "sequence": 48, "name": "EAST FAYETTE STREET", "id": "477435711", "side": 0}, "geometry": {"type": "LineString", "coordinates": [[-76.1342863527744, 43.048465633227394], [-76.1320692405846, 43.04843662128509]]}}, {"type": "Feature", "properties": {"order": 3, "sequence": 49, "name": "EAST FAYETTE STREET", "id": "477435725", "side": 0}, "geometry": {"type": "LineString", "coordinates": [[-76.1320692405846, 43.04843662128509], [-76.1297733057202, 43.04840762377141]]}}, {"type": "Feature", "properties": {"order": 3, "sequence": 50, "name": "EAST FAYETTE STREET", "id": "477435734", "side": 0}, "geometry": {"type": "LineString", "coordinates": [[-76.1297733057202, 43.04840762377141], [-76.1276732952159, 43.0483766496168]]}}, {"type": "Feature", "properties": {"order": 3, "sequence": 51, "name": "EAST FAYETTE STREET", "id": "477435740", "side": 0}, "geometry": {"type": "LineString", "coordinates": [[-76.1276732952159, 43.0483766496168], [-76.1255783251587, 43.0483526116979]]}}, {"type": "Feature", "properties": {"order": 3, "sequence": 52, "name": "EAST FAYETTE STREET", "id": "477435750", "side": 0}, "geometry": {"type": "LineString", "coordinates": [[-76.1255783251587, 43.0483526116979], [-76.1234743225413, 43.048324661212995]]}}, {"type": "Feature", "properties": {"order": 3, "sequence": 53, "name": "EAST FAYETTE STREET", "id": "477435757", "side": 0}, "geometry": {"type": "LineString", "coordinates": [[-76.1234743225413, 43.048324661212995], [-76.1213583408895, 43.04829958145659]]}}, {"type": "Feature", "properties": {"order": 3, "sequence": 54, "name": "EAST FAYETTE STREET", "id": "477435767", "side": 0}, "geometry": {"type": "LineString", "coordinates": [[-76.1213583408895, 43.04829958145659], [-76.1199492381449, 43.048282584145404]]}}, {"type": "Feature", "properties": {"order": 3, "sequence": 55, "name": "EAST FAYETTE STREET", "id": "800037824", "side": 0}, "geometry": {"type": "LineString", "coordinates": [[-76.1199492381449, 43.048282584145404], [-76.1190837158603, 43.04827251980759]]}}, {"type": "Feature", "properties": {"order": 3, "sequence": 56, "name": "EAST FAYETTE STREET", "id": "477435782", "side": 0}, "geometry": {"type": "LineString", "coordinates": [[-76.1190837158603, 43.04827251980759], [-76.1171142305668, 43.0482496024423]]}}, {"type": "Feature", "properties": {"order": 3, "sequence": 57, "name": "EAST FAYETTE STREET", "id": "477435797", "side": 0}, "geometry": {"type": "LineString", "coordinates": [[-76.1171142305668, 43.0482496024423], [-76.1161686064065, 43.048236776985384]]}}, {"type": "Feature", "properties": {"order": 3, "sequence": 58, "name": "EAST FAYETTE STREET", "id": "800037819", "side": 0}, "geometry": {"type": "LineString", "coordinates": [[-76.1161686064065, 43.048236776985384], [-76.1159050775331, 43.04823319725341]]}}, {"type": "Feature", "properties": {"order": 3, "sequence": 59, "name": "EAST FAYETTE STREET", "id": "800037810", "side": 0}, "geometry": {"type": "LineString", "coordinates": [[-76.1159050775331, 43.04823319725341], [-76.1147552672071, 43.048217587045784]]}}, {"type": "Feature", "properties": {"order": 3, "sequence": 60, "name": "EAST FAYETTE STREET", "id": "477435805", "side": 0}, "geometry": {"type": "LineString", "coordinates": [[-76.1147552672071, 43.048217587045784], [-76.1137731741413, 43.04820184685308]]}}, {"type": "Feature", "properties": {"order": 3, "sequence": 61, "name": "EAST FAYETTE STREET", "id": "800037806", "side": 0}, "geometry": {"type": "LineString", "coordinates": [[-76.1137731741413, 43.04820184685308], [-76.1136963403367, 43.04820061334489]]}}, {"type": "Feature", "properties": {"order": 3, "sequence": 62, "name": "EAST FAYETTE STREET", "id": "477435808", "side": 0}, "geometry": {"type": "LineString", "coordinates": [[-76.1136963403367, 43.04820061334489], [-76.1129537542952, 43.0481949158365]]}}, {"type": "Feature", "properties": {"order": 3, "sequence": 63, "name": "EAST FAYETTE STREET", "id": "800037804", "side": 0}, "geometry": {"type": "LineString", "coordinates": [[-76.1129537542952, 43.0481949158365], [-76.11292025522, 43.0481946565306], [-76.1126582786354, 43.0482035976601]]}}, {"type": "Feature", "properties": {"order": 3, "sequence": 64, "name": "EAST FAYETTE STREET", "id": "477435801", "side": 0}, "geometry": {"type": "LineString", "coordinates": [[-76.1126582786354, 43.0482035976601], [-76.1116033133354, 43.048249599816394]]}}, {"type": "Feature", "properties": {"order": 3, "sequence": 65, "name": "EAST FAYETTE STREET", "id": "477435780", "side": 0}, "geometry": {"type": "LineString", "coordinates": [[-76.1116033133354, 43.048249599816394], [-76.1105662766118, 43.0483026228798]]}}, {"type": "Feature", "properties": {"order": 3, "sequence": 66, "name": "EAST FAYETTE STREET", "id": "477435754", "side": 0}, "geometry": {"type": "LineString", "coordinates": [[-76.1105662766118, 43.0483026228798], [-76.1093863233165, 43.04836260446739]]}}, {"type": "Feature", "properties": {"order": 3, "sequence": 67, "name": "EAST FAYETTE STREET", "id": "477435735", "side": 0}, "geometry": {"type": "LineString", "coordinates": [[-76.1093863233165, 43.04836260446739], [-76.1082182565289, 43.048414625006096]]}}, {"type": "Feature", "properties": {"order": 3, "sequence": 68, "name": "EAST FAYETTE STREET", "id": "477435720", "side": 0}, "geometry": {"type": "LineString", "coordinates": [[-76.1082182565289, 43.048414625006096], [-76.1050143333214, 43.0485276431389]]}}, {"type": "Feature", "properties": {"order": 3, "sequence": 69, "name": "EAST FAYETTE STREET", "id": "477435686", "side": 0}, "geometry": {"type": "LineString", "coordinates": [[-76.1050143333214, 43.0485276431389], [-76.1040332373856, 43.04857862566399], [-76.1036662989482, 43.048588648594205]]}}, {"type": "Feature", "properties": {"order": 4, "sequence": 0, "name": "MCCHESNEY PARK DRIVE", "id": "477428975", "side": 1}, "geometry": {"type": "LineString", "coordinates": [[-76.1460292568309, 43.07327762537881], [-76.1459732657376, 43.0733775996607], [-76.1458322419161, 43.0737526233256], [-76.1457573421843, 43.07389258802699], [-76.145705283017, 43.0739596551123], [-76.1453373537378, 43.07426058860301], [-76.1449753066272, 43.07456758576479]]}}, {"type": "Feature", "properties": {"order": 4, "sequence": 1, "name": "POND STREET", "id": "477429107", "side": 1}, "geometry": {"type": "LineString", "coordinates": [[-76.1465883511958, 43.07251165421749], [-76.1460292568309, 43.07327762537881]]}}, {"type": "Feature", "properties": {"order": 4, "sequence": 2, "name": "POND STREET", "id": "477429239", "side": 1}, "geometry": {"type": "LineString", "coordinates": [[-76.1469010475596, 43.07208398667079], [-76.1465883511958, 43.07251165421749]]}}, {"type": "Feature", "properties": {"order": 4, "sequence": 3, "name": "POND STREET", "id": "800034840", "side": 1}, "geometry": {"type": "LineString", "coordinates": [[-76.147097271957, 43.0718156112456], [-76.1469010475596, 43.07208398667079]]}}, {"type": "Feature", "properties": {"order": 4, "sequence": 4, "name": "POND STREET", "id": "477429431", "side": 1}, "geometry": {"type": "LineString", "coordinates": [[-76.1478372789353, 43.0708266614083], [-76.1475243436195, 43.07122961580469], [-76.147097271957, 43.0718156112456]]}}, {"type": "Feature", "properties": {"order": 4, "sequence": 5, "name": "POND STREET", "id": "477429545", "side": 1}, "geometry": {"type": "LineString", "coordinates": [[-76.1483342538999, 43.070189623746906], [-76.1478372789353, 43.0708266614083]]}}, {"type": "Feature", "properties": {"order": 4, "sequence": 6, "name": "POND STREET", "id": "477429699", "side": 1}, "geometry": {"type": "LineString", "coordinates": [[-76.1489533458443, 43.0693706308454], [-76.1486773339816, 43.0697506152663], [-76.1483342538999, 43.070189623746906]]}}, {"type": "Feature", "properties": {"order": 4, "sequence": 7, "name": "POND STREET", "id": "477429820", "side": 1}, "geometry": {"type": "LineString", "coordinates": [[-76.1493972707998, 43.068761586171384], [-76.1489533458443, 43.0693706308454]]}}, {"type": "Feature", "properties": {"order": 4, "sequence": 8, "name": "POND STREET", "id": "477429855", "side": 1}, "geometry": {"type": "LineString", "coordinates": [[-76.1495032773932, 43.0686176144897], [-76.1493972707998, 43.068761586171384]]}}, {"type": "Feature", "properties": {"order": 4, "sequence": 9, "name": "POND STREET", "id": "477429955", "side": 1}, "geometry": {"type": "LineString", "coordinates": [[-76.1498483220905, 43.0681466153509], [-76.1495032773932, 43.0686176144897]]}}, {"type": "Feature", "properties": {"order": 4, "sequence": 10, "name": "POND STREET", "id": "477430019", "side": 1}, "geometry": {"type": "LineString", "coordinates": [[-76.1501063155451, 43.06779562444029], [-76.1498483220905, 43.0681466153509]]}}, {"type": "Feature", "properties": {"order": 4, "sequence": 11, "name": "POND STREET", "id": "477430076", "side": 1}, "geometry": {"type": "LineString", "coordinates": [[-76.1503042880641, 43.06752564995439], [-76.1501063155451, 43.06779562444029]]}}, {"type": "Feature", "properties": {"order": 4, "sequence": 12, "name": "POND STREET", "id": "477430183", "side": 1}, "geometry": {"type": "LineString", "coordinates": [[-76.1506782944461, 43.06701464545599], [-76.1503042880641, 43.06752564995439]]}}, {"type": "Feature", "properties": {"order": 4, "sequence": 13, "name": "POND STREET", "id": "477430440", "side": 1}, "geometry": {"type": "LineString", "coordinates": [[-76.1515182839154, 43.06590760252949], [-76.1506782944461, 43.06701464545599]]}}, {"type": "Feature", "properties": {"order": 4, "sequence": 14, "name": "POND STREET", "id": "477430555", "side": 1}, "geometry": {"type": "LineString", "coordinates": [[-76.1518803453991, 43.065428105319306], [-76.1518322738533, 43.06549165938309], [-76.1515182839154, 43.06590760252949]]}}, {"type": "Feature", "properties": {"order": 4, "sequence": 15, "name": "POND STREET", "id": "800052349", "side": 1}, "geometry": {"type": "LineString", "coordinates": [[-76.1519752533072, 43.06530264821341], [-76.1518803453991, 43.065428105319306]]}}, {"type": "Feature", "properties": {"order": 4, "sequence": 16, "name": "POND STREET", "id": "800040125", "side": 1}, "geometry": {"type": "LineString", "coordinates": [[-76.1521006024253, 43.0651310143492], [-76.1519752533072, 43.06530264821341]]}}, {"type": "Feature", "properties": {"order": 4, "sequence": 17, "name": "POND STREET", "id": "477430675", "side": 1}, "geometry": {"type": "LineString", "coordinates": [[-76.1524112398506, 43.06470564811661], [-76.1521006024253, 43.0651310143492]]}}, {"type": "Feature", "properties": {"order": 4, "sequence": 18, "name": "POND STREET", "id": "477430851", "side": 1}, "geometry": {"type": "LineString", "coordinates": [[-76.1528873541377, 43.06407465437291], [-76.1524112398506, 43.06470564811661]]}}, {"type": "Feature", "properties": {"order": 4, "sequence": 19, "name": "POND STREET", "id": "477431010", "side": 1}, "geometry": {"type": "LineString", "coordinates": [[-76.1534073502281, 43.0633675742749], [-76.1528873541377, 43.06407465437291]]}}, {"type": "Feature", "properties": {"order": 4, "sequence": 20, "name": "NORTH TOWNSEND STREET", "id": "477431293", "side": 1}, "geometry": {"type": "LineString", "coordinates": [[-76.1528563263278, 43.06226165670649], [-76.1535262404593, 43.0631126189981], [-76.1535382877656, 43.0631656259301], [-76.15353532871511, 43.06318465630339], [-76.1534073502281, 43.0633675742749]]}}, {"type": "Feature", "properties": {"order": 4, "sequence": 21, "name": "NORTH TOWNSEND STREET", "id": "477431548", "side": 1}, "geometry": {"type": "LineString", "coordinates": [[-76.1518772722625, 43.0610406411249], [-76.1528563263278, 43.06226165670649]]}}, {"type": "Feature", "properties": {"order": 4, "sequence": 22, "name": "NORTH TOWNSEND STREET", "id": "477431822", "side": 1}, "geometry": {"type": "LineString", "coordinates": [[-76.1509262555157, 43.059832661858195], [-76.1518772722625, 43.0610406411249]]}}, {"type": "Feature", "properties": {"order": 4, "sequence": 23, "name": "NORTH TOWNSEND STREET", "id": "477432170", "side": 1}, "geometry": {"type": "LineString", "coordinates": [[-76.1499573039041, 43.05860261300159], [-76.1509262555157, 43.059832661858195]]}}, {"type": "Feature", "properties": {"order": 4, "sequence": 24, "name": "NORTH TOWNSEND STREET", "id": "477432552", "side": 1}, "geometry": {"type": "LineString", "coordinates": [[-76.1489872473648, 43.057383642663495], [-76.1499573039041, 43.05860261300159]]}}, {"type": "Feature", "properties": {"order": 4, "sequence": 25, "name": "NORTH TOWNSEND STREET", "id": "477432897", "side": 1}, "geometry": {"type": "LineString", "coordinates": [[-76.1480752615187, 43.0562145976839], [-76.1489872473648, 43.057383642663495]]}}, {"type": "Feature", "properties": {"order": 4, "sequence": 26, "name": "NORTH TOWNSEND STREET", "id": "477433227", "side": 1}, "geometry": {"type": "LineString", "coordinates": [[-76.14727429935681, 43.05520264875948], [-76.1480752615187, 43.0562145976839]]}}, {"type": "Feature", "properties": {"order": 4, "sequence": 27, "name": "NORTH TOWNSEND STREET", "id": "477433467", "side": 1}, "geometry": {"type": "LineString", "coordinates": [[-76.1466453573854, 43.054412651175795], [-76.14727429935681, 43.05520264875948]]}}, {"type": "Feature", "properties": {"order": 4, "sequence": 28, "name": "NORTH TOWNSEND STREET", "id": "477433739", "side": 1}, "geometry": {"type": "LineString", "coordinates": [[-76.1459743392243, 43.0535975881431], [-76.1466453573854, 43.054412651175795]]}}, {"type": "Feature", "properties": {"order": 4, "sequence": 29, "name": "NORTH TOWNSEND STREET", "id": "509997556", "side": 1}, "geometry": {"type": "LineString", "coordinates": [[-76.1456923014628, 43.053301629926594], [-76.1458302647241, 43.05346359707438], [-76.1459042903951, 43.0535285918969], [-76.1459743392243, 43.0535975881431]]}}, {"type": "Feature", "properties": {"order": 4, "sequence": 30, "name": "NORTH TOWNSEND STREET", "id": "509997555", "side": 1}, "geometry": {"type": "LineString", "coordinates": [[-76.1455312721599, 43.052289652625895], [-76.1455213260131, 43.053041659764], [-76.14556124085611, 43.0531476076305], [-76.1456923014628, 43.053301629926594]]}}, {"type": "Feature", "properties": {"order": 4, "sequence": 31, "name": "NORTH TOWNSEND STREET", "id": "509997547", "side": 1}, "geometry": {"type": "LineString", "coordinates": [[-76.1455678704229, 43.0517913432217], [-76.1455312721599, 43.052289652625895]]}}, {"type": "Feature", "properties": {"order": 4, "sequence": 32, "name": "NORTH TOWNSEND STREET", "id": "509997549", "side": 1}, "geometry": {"type": "LineString", "coordinates": [[-76.1455876746816, 43.051598638071894], [-76.1455678704229, 43.0517913432217]]}}, {"type": "Feature", "properties": {"order": 4, "sequence": 33, "name": "NORTH TOWNSEND STREET", "id": "509997536", "side": 1}, "geometry": {"type": "LineString", "coordinates": [[-76.1455863011576, 43.05140082392919], [-76.1455876746816, 43.051598638071894]]}}, {"type": "Feature", "properties": {"order": 4, "sequence": 34, "name": "NORTH TOWNSEND STREET", "id": "800036395", "side": 1}, "geometry": {"type": "LineString", "coordinates": [[-76.1455858951191, 43.0513493468273], [-76.1455863011576, 43.05140082392919]]}}, {"type": "Feature", "properties": {"order": 4, "sequence": 35, "name": "NORTH TOWNSEND STREET", "id": "509997528", "side": 1}, "geometry": {"type": "LineString", "coordinates": [[-76.1455643166876, 43.0511755975859], [-76.1455858951191, 43.0513493468273]]}}, {"type": "Feature", "properties": {"order": 4, "sequence": 36, "name": "NORTH TOWNSEND STREET", "id": "509997429", "side": 1}, "geometry": {"type": "LineString", "coordinates": [[-76.1455663369987, 43.0511126332627], [-76.1455643166876, 43.0511755975859]]}}, {"type": "Feature", "properties": {"order": 4, "sequence": 37, "name": "NORTH TOWNSEND STREET", "id": "509997426", "side": 1}, "geometry": {"type": "LineString", "coordinates": [[-76.1455750713182, 43.0509571665504], [-76.1455724599157, 43.05103521997041], [-76.1455663369987, 43.0511126332627]]}}, {"type": "Feature", "properties": {"order": 4, "sequence": 38, "name": "NORTH TOWNSEND STREET", "id": "509997416", "side": 1}, "geometry": {"type": "LineString", "coordinates": [[-76.1455819757695, 43.05082213187719], [-76.1455805204987, 43.05088313701971], [-76.1455750713182, 43.0509571665504]]}}, {"type": "Feature", "properties": {"order": 4, "sequence": 39, "name": "SOUTH TOWNSEND STREET", "id": "509997479", "side": 0}, "geometry": {"type": "LineString", "coordinates": [[-76.1455819757695, 43.05082213187719], [-76.1455742592412, 43.0504035991086]]}}, {"type": "Feature", "properties": {"order": 4, "sequence": 40, "name": "SOUTH TOWNSEND STREET", "id": "800066555", "side": 0}, "geometry": {"type": "LineString", "coordinates": [[-76.1455742592412, 43.0504035991086], [-76.1455755752731, 43.05036676519989]]}}, {"type": "Feature", "properties": {"order": 4, "sequence": 41, "name": "SOUTH TOWNSEND STREET", "id": "509997477", "side": 0}, "geometry": {"type": "LineString", "coordinates": [[-76.1455755752731, 43.05036676519989], [-76.1455942350781, 43.04951758816139]]}}, {"type": "Feature", "properties": {"order": 4, "sequence": 42, "name": "SOUTH TOWNSEND STREET", "id": "509997471", "side": 0}, "geometry": {"type": "LineString", "coordinates": [[-76.1455942350781, 43.04951758816139], [-76.1455913362147, 43.049071605103386]]}}, {"type": "Feature", "properties": {"order": 4, "sequence": 43, "name": "SOUTH TOWNSEND STREET", "id": "509997467", "side": 0}, "geometry": {"type": "LineString", "coordinates": [[-76.1455913362147, 43.049071605103386], [-76.1456122912154, 43.04860764344729]]}}, {"type": "Feature", "properties": {"order": 4, "sequence": 44, "name": "SOUTH TOWNSEND STREET", "id": "509997457", "side": 0}, "geometry": {"type": "LineString", "coordinates": [[-76.1456122912154, 43.04860764344729], [-76.14563725180392, 43.0480481898777]]}}, {"type": "Feature", "properties": {"order": 4, "sequence": 45, "name": "SOUTH TOWNSEND STREET", "id": "509997655", "side": 0}, "geometry": {"type": "LineString", "coordinates": [[-76.14563725180392, 43.0480481898777], [-76.1456713338857, 43.0479406005529], [-76.1456679939495, 43.0475078498171]]}}, {"type": "Feature", "properties": {"order": 4, "sequence": 46, "name": "SOUTH TOWNSEND STREET", "id": "509997653", "side": 0}, "geometry": {"type": "LineString", "coordinates": [[-76.1456679939495, 43.0475078498171], [-76.1456623228851, 43.047469644755495], [-76.1456503339693, 43.047379625745094], [-76.1456114746468, 43.0472642034345], [-76.1455775650414, 43.047187109586794], [-76.1455088762616, 43.0470746240173], [-76.1453092544357, 43.046805646738704], [-76.1452672707726, 43.04673076795599], [-76.1452365654579, 43.0466470685204], [-76.1452130313941, 43.046538281929195]]}}, {"type": "Feature", "properties": {"order": 4, "sequence": 47, "name": "SOUTH TOWNSEND STREET", "id": "509997566", "side": 0}, "geometry": {"type": "LineString", "coordinates": [[-76.1452130313941, 43.046538281929195], [-76.14522448042241, 43.04563651631209]]}}, {"type": "Feature", "properties": {"order": 4, "sequence": 48, "name": "SOUTH TOWNSEND STREET", "id": "509997567", "side": 0}, "geometry": {"type": "LineString", "coordinates": [[-76.14522448042241, 43.04563651631209], [-76.1452256176895, 43.045015914434195]]}}, {"type": "Feature", "properties": {"order": 4, "sequence": 49, "name": "SOUTH TOWNSEND STREET", "id": "509997561", "side": 0}, "geometry": {"type": "LineString", "coordinates": [[-76.1452256176895, 43.045015914434195], [-76.1452372364994, 43.04428760813009]]}}, {"type": "Feature", "properties": {"order": 4, "sequence": 50, "name": "SOUTH TOWNSEND STREET", "id": "509998025", "side": 0}, "geometry": {"type": "LineString", "coordinates": [[-76.1452372364994, 43.04428760813009], [-76.1452333449976, 43.044091610619], [-76.1452582337209, 43.04394458203911], [-76.1453483104894, 43.04374458195329], [-76.1456662539128, 43.04330060986889], [-76.1457102947179, 43.043186617014804], [-76.1457193236848, 43.04315059680191], [-76.1457512983191, 43.04302159679958], [-76.1457753372361, 43.04283558497449], [-76.1457812993546, 43.04275358063399]]}}, {"type": "Feature", "properties": {"order": 4, "sequence": 51, "name": "SOUTH TOWNSEND STREET", "id": "509998034", "side": 0}, "geometry": {"type": "LineString", "coordinates": [[-76.1457812993546, 43.04275358063399], [-76.1457893338865, 43.0425915924255], [-76.1458172391525, 43.0417096429193], [-76.1458233000857, 43.04099963605539]]}}, {"type": "Feature", "properties": {"order": 4, "sequence": 52, "name": "SOUTH TOWNSEND STREET", "id": "509997040", "side": 0}, "geometry": {"type": "LineString", "coordinates": [[-76.1458233000857, 43.04099963605539], [-76.145822275108, 43.040911578509494], [-76.1457713020038, 43.04025058875369]]}}, {"type": "Feature", "properties": {"order": 4, "sequence": 53, "name": "SOUTH TOWNSEND STREET", "id": "509997031", "side": 0}, "geometry": {"type": "LineString", "coordinates": [[-76.1457713020038, 43.04025058875369], [-76.14571430030581, 43.0395756116851], [-76.1456182497407, 43.0393816167445]]}}, {"type": "Feature", "properties": {"order": 5, "sequence": 0, "name": "SOUTH WILBUR AVENUE", "id": "477435866", "side": 0}, "geometry": {"type": "LineString", "coordinates": [[-76.18002732916341, 43.04853761487299], [-76.1799392879773, 43.0484796310874], [-76.1795052606596, 43.0480506109472]]}}, {"type": "Feature", "properties": {"order": 5, "sequence": 1, "name": "SOUTH WILBUR AVENUE", "id": "477436096", "side": 0}, "geometry": {"type": "LineString", "coordinates": [[-76.1795052606596, 43.0480506109472], [-76.1788283657199, 43.047351603260495]]}}, {"type": "Feature", "properties": {"order": 5, "sequence": 2, "name": "SOUTH WILBUR AVENUE", "id": "477436307", "side": 0}, "geometry": {"type": "LineString", "coordinates": [[-76.1788283657199, 43.047351603260495], [-76.1781893159049, 43.0467046102535]]}}, {"type": "Feature", "properties": {"order": 5, "sequence": 3, "name": "SOUTH WILBUR AVENUE", "id": "477436490", "side": 0}, "geometry": {"type": "LineString", "coordinates": [[-76.1781893159049, 43.0467046102535], [-76.1774393627799, 43.0459266529564]]}}, {"type": "Feature", "properties": {"order": 5, "sequence": 4, "name": "SOUTH WILBUR AVENUE", "id": "477436706", "side": 0}, "geometry": {"type": "LineString", "coordinates": [[-76.1774393627799, 43.0459266529564], [-76.1765763144555, 43.045069619774495]]}}, {"type": "Feature", "properties": {"order": 5, "sequence": 5, "name": "SOUTH WILBUR AVENUE", "id": "477437038", "side": 0}, "geometry": {"type": "LineString", "coordinates": [[-76.1765763144555, 43.045069619774495], [-76.1755352496862, 43.04401864292209]]}}, {"type": "Feature", "properties": {"order": 5, "sequence": 6, "name": "SOUTH WILBUR AVENUE", "id": "800097681", "side": 0}, "geometry": {"type": "LineString", "coordinates": [[-76.1755352496862, 43.04401864292209], [-76.1750842882271, 43.043554660115994], [-76.1750299401524, 43.0434937061151]]}}, {"type": "Feature", "properties": {"order": 5, "sequence": 7, "name": "SOUTH WILBUR AVENUE", "id": "477437453", "side": 0}, "geometry": {"type": "LineString", "coordinates": [[-76.1750299401524, 43.0434937061151], [-76.1744413262489, 43.04283357599879], [-76.1742652977758, 43.04265465412729]]}}, {"type": "Feature", "properties": {"order": 5, "sequence": 8, "name": "SOUTH WILBUR AVENUE", "id": "477437732", "side": 0}, "geometry": {"type": "LineString", "coordinates": [[-76.1742652977758, 43.04265465412729], [-76.1740562616058, 43.042418619345696], [-76.1739793020371, 43.0423036065691], [-76.1739422743794, 43.042151623428005], [-76.1739410814167, 43.042105170254196]]}}, {"type": "Feature", "properties": {"order": 5, "sequence": 9, "name": "SOUTH WILBUR AVENUE", "id": "800084862", "side": 0}, "geometry": {"type": "LineString", "coordinates": [[-76.1739410814167, 43.042105170254196], [-76.1739333047013, 43.041803586505694]]}}, {"type": "Feature", "properties": {"order": 5, "sequence": 10, "name": "SOUTH WILBUR AVENUE", "id": "477438215", "side": 0}, "geometry": {"type": "LineString", "coordinates": [[-76.1739333047013, 43.041803586505694], [-76.1739913412585, 43.041563640714195], [-76.17411129779, 43.041274613348506], [-76.1742023357558, 43.041123657779494], [-76.174356316877, 43.04093864800161], [-76.1745343234404, 43.04076464735639], [-76.1746142465513, 43.040629653930395], [-76.1746342637107, 43.04056560400559], [-76.1746393535651, 43.04042057274741], [-76.1746323026885, 43.040385616497986]]}}, {"type": "Feature", "properties": {"order": 5, "sequence": 11, "name": "DELAWARE STREET", "id": "477438393", "side": 1}, "geometry": {"type": "LineString", "coordinates": [[-76.1738623593534, 43.03966664209109], [-76.1739392542434, 43.0397076358331], [-76.1743273533956, 43.040031611950695], [-76.1745592696559, 43.0402575961718], [-76.1746283222535, 43.04036359500919], [-76.1746323026885, 43.040385616497986]]}}, {"type": "Feature", "properties": {"order": 5, "sequence": 12, "name": "DELAWARE STREET", "id": "477438533", "side": 1}, "geometry": {"type": "LineString", "coordinates": [[-76.1731473030822, 43.03931458930469], [-76.1736173214017, 43.03955065112899], [-76.1738623593534, 43.03966664209109]]}}, {"type": "Feature", "properties": {"order": 5, "sequence": 13, "name": "DELAWARE STREET", "id": "477438618", "side": 1}, "geometry": {"type": "LineString", "coordinates": [[-76.1727503204902, 43.0391165884754], [-76.1731473030822, 43.03931458930469]]}}, {"type": "Feature", "properties": {"order": 5, "sequence": 14, "name": "DELAWARE STREET", "id": "800034406", "side": 1}, "geometry": {"type": "LineString", "coordinates": [[-76.1725243627552, 43.039009584902885], [-76.1727503204902, 43.0391165884754]]}}, {"type": "Feature", "properties": {"order": 5, "sequence": 15, "name": "DELAWARE STREET", "id": "477439157", "side": 1}, "geometry": {"type": "LineString", "coordinates": [[-76.1693793420808, 43.0373955806641], [-76.1719592811189, 43.0387126285595], [-76.1725243627552, 43.039009584902885]]}}, {"type": "Feature", "properties": {"order": 5, "sequence": 16, "name": "DELAWARE STREET", "id": "477439251", "side": 1}, "geometry": {"type": "LineString", "coordinates": [[-76.168655291877, 43.0370455732567], [-76.168815253083, 43.0371105756275], [-76.1693793420808, 43.0373955806641]]}}, {"type": "Feature", "properties": {"order": 5, "sequence": 17, "name": "DELAWARE STREET", "id": "477439294", "side": 1}, "geometry": {"type": "LineString", "coordinates": [[-76.168300261507, 43.0369025986583], [-76.168655291877, 43.0370455732567]]}}, {"type": "Feature", "properties": {"order": 5, "sequence": 18, "name": "DELAWARE STREET", "id": "477439428", "side": 1}, "geometry": {"type": "LineString", "coordinates": [[-76.1671403253712, 43.03646265912099], [-76.168300261507, 43.0369025986583]]}}, {"type": "Feature", "properties": {"order": 5, "sequence": 19, "name": "DELAWARE STREET", "id": "477439571", "side": 1}, "geometry": {"type": "LineString", "coordinates": [[-76.1660272579369, 43.0360335759509], [-76.1671403253712, 43.03646265912099]]}}, {"type": "Feature", "properties": {"order": 5, "sequence": 20, "name": "DELAWARE STREET", "id": "477439725", "side": 1}, "geometry": {"type": "LineString", "coordinates": [[-76.1646383556081, 43.035512649005184], [-76.1651452488718, 43.035689658004095], [-76.1660272579369, 43.0360335759509]]}}, {"type": "Feature", "properties": {"order": 5, "sequence": 21, "name": "WEST ONONDAGA STREET", "id": "477439746", "side": 1}, "geometry": {"type": "LineString", "coordinates": [[-76.1643412755571, 43.03545362794478], [-76.1646383556081, 43.035512649005184]]}}, {"type": "Feature", "properties": {"order": 5, "sequence": 22, "name": "TALLMAN STREET", "id": "477439756", "side": 1}, "geometry": {"type": "LineString", "coordinates": [[-76.1637363060274, 43.035471578264], [-76.163924254246, 43.0354395903424], [-76.1641393037385, 43.0354256065787], [-76.1642962618766, 43.035442649475094], [-76.1643412755571, 43.03545362794478]]}}, {"type": "Feature", "properties": {"order": 5, "sequence": 23, "name": "TALLMAN STREET", "id": "477439739", "side": 1}, "geometry": {"type": "LineString", "coordinates": [[-76.1626863488351, 43.0356326331934], [-76.1637363060274, 43.035471578264]]}}, {"type": "Feature", "properties": {"order": 5, "sequence": 24, "name": "TALLMAN STREET", "id": "477439682", "side": 1}, "geometry": {"type": "LineString", "coordinates": [[-76.1615362995572, 43.03580459979009], [-76.1626863488351, 43.0356326331934]]}}, {"type": "Feature", "properties": {"order": 5, "sequence": 25, "name": "TALLMAN STREET", "id": "477439624", "side": 1}, "geometry": {"type": "LineString", "coordinates": [[-76.1601623550762, 43.0360166448408], [-76.1615362995572, 43.03580459979009]]}}, {"type": "Feature", "properties": {"order": 5, "sequence": 26, "name": "TALLMAN STREET", "id": "477439575", "side": 1}, "geometry": {"type": "LineString", "coordinates": [[-76.1589443311791, 43.03619764910432], [-76.1601623550762, 43.0360166448408]]}}, {"type": "Feature", "properties": {"order": 5, "sequence": 27, "name": "TALLMAN STREET", "id": "477439533", "side": 1}, "geometry": {"type": "LineString", "coordinates": [[-76.1571153531758, 43.0362945906209], [-76.15865429122502, 43.0362256202164], [-76.1589443311791, 43.03619764910432]]}}, {"type": "Feature", "properties": {"order": 5, "sequence": 28, "name": "TALLMAN STREET", "id": "477439500", "side": 1}, "geometry": {"type": "LineString", "coordinates": [[-76.1558833272384, 43.03633864898669], [-76.156404358188, 43.036321588610996], [-76.1571153531758, 43.0362945906209]]}}, {"type": "Feature", "properties": {"order": 5, "sequence": 29, "name": "TALLMAN STREET", "id": "477439484", "side": 1}, "geometry": {"type": "LineString", "coordinates": [[-76.1552933137598, 43.0363626174177], [-76.1558833272384, 43.03633864898669]]}}, {"type": "Feature", "properties": {"order": 5, "sequence": 30, "name": "TALLMAN STREET", "id": "477439474", "side": 1}, "geometry": {"type": "LineString", "coordinates": [[-76.1548478886177, 43.03638095355], [-76.1552933137598, 43.0363626174177]]}}, {"type": "Feature", "properties": {"order": 5, "sequence": 31, "name": "TALLMAN STREET", "id": "800040240", "side": 1}, "geometry": {"type": "LineString", "coordinates": [[-76.1547849409708, 43.0363830566304], [-76.1548478886177, 43.03638095355]]}}, {"type": "Feature", "properties": {"order": 5, "sequence": 32, "name": "TALLMAN STREET", "id": "800051061", "side": 1}, "geometry": {"type": "LineString", "coordinates": [[-76.1545707161317, 43.0363901977794], [-76.1547849409708, 43.0363830566304]]}}, {"type": "Feature", "properties": {"order": 5, "sequence": 33, "name": "TALLMAN STREET", "id": "477439462", "side": 1}, "geometry": {"type": "LineString", "coordinates": [[-76.1540922868862, 43.0364036416008], [-76.1545707161317, 43.0363901977794]]}}, {"type": "Feature", "properties": {"order": 5, "sequence": 34, "name": "TALLMAN STREET", "id": "800051060", "side": 1}, "geometry": {"type": "LineString", "coordinates": [[-76.1539838602313, 43.03640979588249], [-76.1540922868862, 43.0364036416008]]}}, {"type": "Feature", "properties": {"order": 5, "sequence": 35, "name": "TALLMAN STREET", "id": "477439443", "side": 1}, "geometry": {"type": "LineString", "coordinates": [[-76.1528722813055, 43.03641458838201], [-76.1535066212535, 43.036424531224995], [-76.1539838602313, 43.03640979588249]]}}, {"type": "Feature", "properties": {"order": 5, "sequence": 36, "name": "TALLMAN STREET", "id": "800030634", "side": 1}, "geometry": {"type": "LineString", "coordinates": [[-76.152127828565, 43.03641579192371], [-76.1528722813055, 43.03641458838201]]}}, {"type": "Feature", "properties": {"order": 5, "sequence": 37, "name": "TALLMAN STREET", "id": "800071038", "side": 1}, "geometry": {"type": "LineString", "coordinates": [[-76.1520172208006, 43.03641366389379], [-76.152127828565, 43.03641579192371]]}}, {"type": "Feature", "properties": {"order": 5, "sequence": 38, "name": "TALLMAN STREET", "id": "477439449", "side": 1}, "geometry": {"type": "LineString", "coordinates": [[-76.1514512911548, 43.03639764884129], [-76.1520172208006, 43.03641366389379]]}}, {"type": "Feature", "properties": {"order": 5, "sequence": 39, "name": "TALLMAN STREET", "id": "477439457", "side": 1}, "geometry": {"type": "LineString", "coordinates": [[-76.150670336271, 43.0363926271881], [-76.1514512911548, 43.03639764884129]]}}, {"type": "Feature", "properties": {"order": 5, "sequence": 40, "name": "TALLMAN STREET", "id": "477439483", "side": 1}, "geometry": {"type": "LineString", "coordinates": [[-76.149578276838, 43.036339578072095], [-76.1496433445089, 43.03635963580949], [-76.1497022937545, 43.0363675983643], [-76.1498503262319, 43.0363866423068], [-76.150670336271, 43.0363926271881]]}}, {"type": "Feature", "properties": {"order": 6, "sequence": 0, "name": "RENWICK AVENUE", "id": "477439211", "side": 0}, "geometry": {"type": "LineString", "coordinates": [[-76.1414862985727, 43.03751557955509], [-76.1414862707249, 43.0371896020029]]}}, {"type": "Feature", "properties": {"order": 6, "sequence": 1, "name": "RENWICK AVENUE", "id": "800036337", "side": 0}, "geometry": {"type": "LineString", "coordinates": [[-76.1414862707249, 43.0371896020029], [-76.1415034572929, 43.03683205245918]]}}, {"type": "Feature", "properties": {"order": 6, "sequence": 2, "name": "RENWICK AVENUE", "id": "477439556", "side": 0}, "geometry": {"type": "LineString", "coordinates": [[-76.1415034572929, 43.03683205245918], [-76.1415172796702, 43.036544631160794], [-76.1415524370355, 43.036415474130905], [-76.1415908849296, 43.036298945178594], [-76.1416204026716, 43.03622716978929], [-76.1417082507198, 43.036085637148]]}}, {"type": "Feature", "properties": {"order": 6, "sequence": 3, "name": "RENWICK AVENUE", "id": "477439608", "side": 0}, "geometry": {"type": "LineString", "coordinates": [[-76.1417082507198, 43.036085637148], [-76.1418657146093, 43.03588654316201]]}}, {"type": "Feature", "properties": {"order": 6, "sequence": 4, "name": "RENWICK AVENUE", "id": "800036341", "side": 0}, "geometry": {"type": "LineString", "coordinates": [[-76.1418657146093, 43.03588654316201], [-76.1419984802184, 43.03571869041999]]}}, {"type": "Feature", "properties": {"order": 6, "sequence": 5, "name": "RENWICK AVENUE", "id": "477439960", "side": 0}, "geometry": {"type": "LineString", "coordinates": [[-76.1419984802184, 43.03571869041999], [-76.1421213284268, 43.035582642546004], [-76.142207238809, 43.03544265932409], [-76.1423132561822, 43.035036650231795], [-76.142350329654, 43.0347786499799], [-76.1424002741872, 43.0346586562425], [-76.1424262750248, 43.03463759529699], [-76.1424412750934, 43.03462564882948], [-76.1425213006121, 43.03459864549689], [-76.1428492494712, 43.034516578274605]]}}, {"type": "Feature", "properties": {"order": 6, "sequence": 6, "name": "MARTIN LUTHER KING EAST", "id": "477440005", "side": 1}, "geometry": {"type": "LineString", "coordinates": [[-76.1430172577855, 43.0344746480111], [-76.1428962870561, 43.0345045818806], [-76.1428492494712, 43.034516578274605]]}}, {"type": "Feature", "properties": {"order": 6, "sequence": 7, "name": "MARTIN LUTHER KING EAST", "id": "477440034", "side": 1}, "geometry": {"type": "LineString", "coordinates": [[-76.1434263245148, 43.0343715977237], [-76.1430172577855, 43.0344746480111]]}}, {"type": "Feature", "properties": {"order": 6, "sequence": 8, "name": "MARTIN LUTHER KING EAST", "id": "477440059", "side": 1}, "geometry": {"type": "LineString", "coordinates": [[-76.1439323059885, 43.03424560431131], [-76.1434263245148, 43.0343715977237]]}}, {"type": "Feature", "properties": {"order": 6, "sequence": 9, "name": "MARTIN LUTHER KING EAST", "id": "477440166", "side": 1}, "geometry": {"type": "LineString", "coordinates": [[-76.1452422446071, 43.0339176007773], [-76.1440133016877, 43.03422462398831], [-76.1439323059885, 43.03424560431131]]}}, {"type": "Feature", "properties": {"order": 6, "sequence": 10, "name": "MARTIN LUTHER KING EAST", "id": "477440278", "side": 1}, "geometry": {"type": "LineString", "coordinates": [[-76.1469713344424, 43.033495602556194], [-76.1452422446071, 43.0339176007773]]}}, {"type": "Feature", "properties": {"order": 6, "sequence": 11, "name": "MARTIN LUTHER KING EAST", "id": "800034167", "side": 1}, "geometry": {"type": "LineString", "coordinates": [[-76.1477395691818, 43.0333107464115], [-76.1469713344424, 43.033495602556194]]}}, {"type": "Feature", "properties": {"order": 6, "sequence": 12, "name": "MARTIN LUTHER KING EAST", "id": "800034171", "side": 1}, "geometry": {"type": "LineString", "coordinates": [[-76.1488433453411, 43.033050621263186], [-76.1477395691818, 43.0333107464115]]}}, {"type": "Feature", "properties": {"order": 6, "sequence": 13, "name": "MARTIN LUTHER KING WEST", "id": "477440549", "side": 0}, "geometry": {"type": "LineString", "coordinates": [[-76.1488433453411, 43.033050621263186], [-76.1506623538414, 43.032575615928494]]}}, {"type": "Feature", "properties": {"order": 6, "sequence": 14, "name": "MARTIN LUTHER KING WEST", "id": "477440700", "side": 0}, "geometry": {"type": "LineString", "coordinates": [[-76.1506623538414, 43.032575615928494], [-76.1530773379388, 43.03198561879488]]}}, {"type": "Feature", "properties": {"order": 6, "sequence": 15, "name": "MARTIN LUTHER KING WEST", "id": "477440773", "side": 0}, "geometry": {"type": "LineString", "coordinates": [[-76.1530773379388, 43.03198561879488], [-76.1536913310456, 43.0318416553188], [-76.1539912830105, 43.03176064817689]]}}, {"type": "Feature", "properties": {"order": 6, "sequence": 16, "name": "MARTIN LUTHER KING WEST", "id": "477440924", "side": 0}, "geometry": {"type": "LineString", "coordinates": [[-76.1539912830105, 43.03176064817689], [-76.1544962790324, 43.0316236328223], [-76.156399315046, 43.0311176119049]]}}, {"type": "Feature", "properties": {"order": 6, "sequence": 17, "name": "MARTIN LUTHER KING WEST", "id": "477440989", "side": 0}, "geometry": {"type": "LineString", "coordinates": [[-76.156399315046, 43.0311176119049], [-76.1570072867455, 43.03096765835618], [-76.1574752470247, 43.03083964858709]]}}, {"type": "Feature", "properties": {"order": 6, "sequence": 18, "name": "MARTIN LUTHER KING WEST", "id": "477441116", "side": 0}, "geometry": {"type": "LineString", "coordinates": [[-76.1574752470247, 43.03083964858709], [-76.1577022674667, 43.03077764968959], [-76.158620251364, 43.0304756090455]]}}, {"type": "Feature", "properties": {"order": 6, "sequence": 19, "name": "MARTIN LUTHER KING WEST", "id": "477441190", "side": 0}, "geometry": {"type": "LineString", "coordinates": [[-76.158620251364, 43.0304756090455], [-76.1590962874976, 43.0303336435325], [-76.1594123678152, 43.03019530509899], [-76.1595648739026, 43.03011942433069], [-76.1596242965604, 43.0300673587288], [-76.1596562604148, 43.030014599644204]]}}, {"type": "Feature", "properties": {"order": 6, "sequence": 20, "name": "HUDSON STREET", "id": "477441377", "side": 0}, "geometry": {"type": "LineString", "coordinates": [[-76.1596562604148, 43.030014599644204], [-76.159672413022, 43.0299839629227], [-76.1596859263788, 43.02992521300159], [-76.159677137262, 43.0298724071716], [-76.1596382959058, 43.0297906488296], [-76.1594782637329, 43.029335631673284]]}}, {"type": "Feature", "properties": {"order": 6, "sequence": 21, "name": "HUDSON STREET", "id": "477441546", "side": 0}, "geometry": {"type": "LineString", "coordinates": [[-76.1594782637329, 43.029335631673284], [-76.15935927917852, 43.02901365053959], [-76.1592082382433, 43.0285535882549]]}}, {"type": "Feature", "properties": {"order": 7, "sequence": 0, "name": "WEST FAYETTE STREET", "id": "477435865", "side": 1}, "geometry": {"type": "LineString", "coordinates": [[-76.1795052606596, 43.0480506109472], [-76.1794563303243, 43.04813062828959], [-76.1793742701215, 43.0481796502664], [-76.1792612952964, 43.04819162035379], [-76.1792312978541, 43.0481895879206]]}}, {"type": "Feature", "properties": {"order": 7, "sequence": 1, "name": "TENNYSON AVENUE", "id": "477436103", "side": 0}, "geometry": {"type": "LineString", "coordinates": [[-76.1795052606596, 43.0480506109472], [-76.1795362687066, 43.0479836546867], [-76.1795802771723, 43.0479415990489], [-76.1801272757219, 43.04771164716319], [-76.1811472848792, 43.04733165284029]]}}, {"type": "Feature", "properties": {"order": 7, "sequence": 2, "name": "TENNYSON AVENUE", "id": "800049033", "side": 0}, "geometry": {"type": "LineString", "coordinates": [[-76.1811472848792, 43.04733165284029], [-76.1821982895071, 43.0469296271841], [-76.1831698480296, 43.046566846388004]]}}, {"type": "Feature", "properties": {"order": 7, "sequence": 3, "name": "TENNYSON AVENUE", "id": "477436499", "side": 0}, "geometry": {"type": "LineString", "coordinates": [[-76.1831698480296, 43.046566846388004], [-76.1839202907365, 43.04628661462711], [-76.1843423120705, 43.046122591428784], [-76.1850263549048, 43.045876609641596]]}}, {"type": "Feature", "properties": {"order": 7, "sequence": 4, "name": "BURNET PARK DRIVE", "id": "477436542", "side": 0}, "geometry": {"type": "LineString", "coordinates": [[-76.1850263549048, 43.045876609641596], [-76.1854993331732, 43.0456876509216]]}}, {"type": "Feature", "properties": {"order": 7, "sequence": 5, "name": "TENNYSON AVENUE", "id": "477436978", "side": 0}, "geometry": {"type": "LineString", "coordinates": [[-76.1854993331732, 43.0456876509216], [-76.1860903258155, 43.0454555937255], [-76.1873424776086, 43.044984637887694]]}}, {"type": "Feature", "properties": {"order": 7, "sequence": 6, "name": "TENNYSON AVENUE", "id": "800049038", "side": 0}, "geometry": {"type": "LineString", "coordinates": [[-76.1873424776086, 43.044984637887694], [-76.1891742610505, 43.04429563465089], [-76.18947824824771, 43.044187658622896]]}}, {"type": "Feature", "properties": {"order": 8, "sequence": 0, "name": "WILSON PLACE", "id": "477437916", "side": 1}, "geometry": {"type": "LineString", "coordinates": [[-76.0842613072023, 43.04142858601801], [-76.0842223212173, 43.0414316566698], [-76.0836862389951, 43.0416016144124], [-76.0834852535267, 43.04167060437939], [-76.0833102617093, 43.0417446607856]]}}, {"type": "Feature", "properties": {"order": 8, "sequence": 1, "name": "EAST GIFFORD PARKWAY", "id": "506986299", "side": 1}, "geometry": {"type": "LineString", "coordinates": [[-76.0845673820842, 43.0414558968898], [-76.0844043279787, 43.04143118395879], [-76.0842613072023, 43.04142858601801]]}}, {"type": "Feature", "properties": {"order": 8, "sequence": 2, "name": "GIFFORD PARKWAY", "id": "506986297", "side": 1}, "geometry": {"type": "LineString", "coordinates": [[-76.0847762332013, 43.04149974342571], [-76.0845673820842, 43.0414558968898]]}}, {"type": "Feature", "properties": {"order": 8, "sequence": 3, "name": "EAST GENESEE PARKWAY", "id": "477437895", "side": 1}, "geometry": {"type": "LineString", "coordinates": [[-76.0889033235852, 43.04254857389901], [-76.0882913328232, 43.0424176109118], [-76.0852113007681, 43.041603641155], [-76.0847762332013, 43.04149974342571]]}}, {"type": "Feature", "properties": {"order": 8, "sequence": 4, "name": "EAST GENESEE PARKWAY", "id": "477437508", "side": 1}, "geometry": {"type": "LineString", "coordinates": [[-76.0902593349982, 43.04273665203469], [-76.089116336597, 43.042583646435], [-76.0889033235852, 43.04254857389901]]}}, {"type": "Feature", "properties": {"order": 8, "sequence": 5, "name": "EAST GENESEE PARKWAY", "id": "477437393", "side": 1}, "geometry": {"type": "LineString", "coordinates": [[-76.092017314653, 43.0427176382939], [-76.0918720723429, 43.0428509188404], [-76.0915563217071, 43.0428566595195], [-76.0913362452422, 43.0428526356606], [-76.0909633339066, 43.04282863628179], [-76.0902593349982, 43.04273665203469]]}}, {"type": "Feature", "properties": {"order": 9, "sequence": 0, "name": "VALLEY DRIVE", "id": "477447402", "side": 1}, "geometry": {"type": "LineString", "coordinates": [[-76.1550283385987, 42.9853405730373], [-76.1551372575303, 42.98515063872099], [-76.1552012822572, 42.98509164021759], [-76.15532324832, 42.985028635036805], [-76.1554982850531, 42.98497661991609], [-76.1557723116389, 42.98493161979919], [-76.1561293650149, 42.98488670770718], [-76.1563636177932, 42.98484907744191], [-76.1565773018465, 42.984807593633995], [-76.1567223959346, 42.9847725472303], [-76.1568792786141, 42.9847225959995], [-76.1570324207088, 42.9846569506681], [-76.157162810274, 42.9845841594067], [-76.1572802793704, 42.98451435349979], [-76.1574044561871, 42.9844274963749]]}}, {"type": "Feature", "properties": {"order": 9, "sequence": 1, "name": "VALLEY DRIVE", "id": "515167916", "side": 1}, "geometry": {"type": "LineString", "coordinates": [[-76.15234428571752, 42.991920642544194], [-76.1523202459022, 42.99159256335199], [-76.1523372375358, 42.9913596136634], [-76.1523643154534, 42.99122660767119], [-76.1524913004036, 42.9908865619104], [-76.1533942581812, 42.98897156232071], [-76.1541743138514, 42.987295615784], [-76.1547192768185, 42.98608264064789], [-76.1550283385987, 42.9853405730373]]}}, {"type": "Feature", "properties": {"order": 9, "sequence": 2, "name": "VALLEY DRIVE", "id": "477446748", "side": 1}, "geometry": {"type": "LineString", "coordinates": [[-76.1525303411859, 42.9938355679902], [-76.15234428571752, 42.991920642544194]]}}, {"type": "Feature", "properties": {"order": 9, "sequence": 3, "name": "VALLEY DRIVE", "id": "477446559", "side": 1}, "geometry": {"type": "LineString", "coordinates": [[-76.1527462602476, 42.99627761201929], [-76.1525682572774, 42.994249594847396], [-76.1525303411859, 42.9938355679902]]}}, {"type": "Feature", "properties": {"order": 9, "sequence": 4, "name": "VALLEY DRIVE", "id": "477446303", "side": 1}, "geometry": {"type": "LineString", "coordinates": [[-76.1528593374806, 42.99773257626389], [-76.1527462602476, 42.99627761201929]]}}, {"type": "Feature", "properties": {"order": 9, "sequence": 5, "name": "VALLEY DRIVE", "id": "477446193", "side": 1}, "geometry": {"type": "LineString", "coordinates": [[-76.1528663389499, 42.99784461746831], [-76.1528593374806, 42.99773257626389]]}}, {"type": "Feature", "properties": {"order": 9, "sequence": 6, "name": "VALLEY DRIVE", "id": "477446185", "side": 1}, "geometry": {"type": "LineString", "coordinates": [[-76.1529592481065, 42.9990735790958], [-76.1528663389499, 42.99784461746831]]}}, {"type": "Feature", "properties": {"order": 9, "sequence": 7, "name": "VALLEY DRIVE", "id": "477446096", "side": 1}, "geometry": {"type": "LineString", "coordinates": [[-76.1530221418545, 42.9999930639004], [-76.1529592481065, 42.9990735790958]]}}, {"type": "Feature", "properties": {"order": 9, "sequence": 8, "name": "VALLEY DRIVE", "id": "477445859", "side": 1}, "geometry": {"type": "LineString", "coordinates": [[-76.153154256185, 43.00206162200019], [-76.1531023084087, 43.00109465248929], [-76.1530221418545, 42.9999930639004]]}}, {"type": "Feature", "properties": {"order": 9, "sequence": 9, "name": "VALLEY DRIVE", "id": "477445749", "side": 1}, "geometry": {"type": "LineString", "coordinates": [[-76.1533102594139, 43.00330462504079], [-76.1532352725455, 43.0031525663469], [-76.1531953100918, 43.003003577223296], [-76.1531772719209, 43.0027935828031], [-76.153154256185, 43.00206162200019]]}}, {"type": "Feature", "properties": {"order": 9, "sequence": 10, "name": "VALLEY DRIVE", "id": "477445624", "side": 1}, "geometry": {"type": "LineString", "coordinates": [[-76.1534332513527, 43.00354363775589], [-76.1533102594139, 43.00330462504079]]}}, {"type": "Feature", "properties": {"order": 9, "sequence": 11, "name": "VALLEY DRIVE", "id": "477445599", "side": 1}, "geometry": {"type": "LineString", "coordinates": [[-76.1539733193998, 43.004584568799004], [-76.1534332513527, 43.00354363775589]]}}, {"type": "Feature", "properties": {"order": 9, "sequence": 12, "name": "VALLEY DRIVE", "id": "477445439", "side": 1}, "geometry": {"type": "LineString", "coordinates": [[-76.1542682650537, 43.00516061329329], [-76.1539733193998, 43.004584568799004]]}}, {"type": "Feature", "properties": {"order": 9, "sequence": 13, "name": "VALLEY DRIVE", "id": "477445353", "side": 1}, "geometry": {"type": "LineString", "coordinates": [[-76.1545891208153, 43.005773513086105], [-76.1542682650537, 43.00516061329329]]}}, {"type": "Feature", "properties": {"order": 9, "sequence": 14, "name": "VALLEY DRIVE", "id": "800034592", "side": 1}, "geometry": {"type": "LineString", "coordinates": [[-76.1546582812107, 43.005905620455], [-76.1545891208153, 43.005773513086105]]}}, {"type": "Feature", "properties": {"order": 9, "sequence": 15, "name": "VALLEY DRIVE", "id": "477445227", "side": 1}, "geometry": {"type": "LineString", "coordinates": [[-76.155042075636, 43.0066474653889], [-76.1546582812107, 43.005905620455]]}}, {"type": "Feature", "properties": {"order": 9, "sequence": 16, "name": "VALLEY DRIVE", "id": "800034593", "side": 1}, "geometry": {"type": "LineString", "coordinates": [[-76.1550690816884, 43.00670246558309], [-76.155042075636, 43.0066474653889]]}}, {"type": "Feature", "properties": {"order": 9, "sequence": 17, "name": "VALLEY DRIVE", "id": "477445123", "side": 1}, "geometry": {"type": "LineString", "coordinates": [[-76.1554272417888, 43.007392591155], [-76.1550690816884, 43.00670246558309]]}}, {"type": "Feature", "properties": {"order": 9, "sequence": 18, "name": "VALLEY DRIVE", "id": "477445007", "side": 1}, "geometry": {"type": "LineString", "coordinates": [[-76.1557943086853, 43.0081096412016], [-76.15568034751, 43.0078886394526], [-76.1554272417888, 43.007392591155]]}}, {"type": "Feature", "properties": {"order": 9, "sequence": 19, "name": "VALLEY DRIVE", "id": "477444873", "side": 1}, "geometry": {"type": "LineString", "coordinates": [[-76.155856238541, 43.0082256298345], [-76.1557943086853, 43.0081096412016]]}}, {"type": "Feature", "properties": {"order": 9, "sequence": 20, "name": "VALLEY DRIVE", "id": "477444857", "side": 1}, "geometry": {"type": "LineString", "coordinates": [[-76.15632230607, 43.009104577048504], [-76.155856238541, 43.0082256298345]]}}, {"type": "Feature", "properties": {"order": 9, "sequence": 21, "name": "VALLEY DRIVE", "id": "477444754", "side": 1}, "geometry": {"type": "LineString", "coordinates": [[-76.1564793037338, 43.0094086186126], [-76.15632230607, 43.009104577048504]]}}, {"type": "Feature", "properties": {"order": 9, "sequence": 22, "name": "VALLEY DRIVE", "id": "477444695", "side": 1}, "geometry": {"type": "LineString", "coordinates": [[-76.1567302921259, 43.009908647745696], [-76.1564793037338, 43.0094086186126]]}}, {"type": "Feature", "properties": {"order": 9, "sequence": 23, "name": "VALLEY DRIVE", "id": "477444633", "side": 1}, "geometry": {"type": "LineString", "coordinates": [[-76.1568562440136, 43.010153569655905], [-76.1567302921259, 43.009908647745696]]}}, {"type": "Feature", "properties": {"order": 9, "sequence": 24, "name": "VALLEY DRIVE", "id": "477444602", "side": 1}, "geometry": {"type": "LineString", "coordinates": [[-76.1572142379257, 43.01084963462999], [-76.1568562440136, 43.010153569655905]]}}, {"type": "Feature", "properties": {"order": 9, "sequence": 25, "name": "VALLEY DRIVE", "id": "477444483", "side": 1}, "geometry": {"type": "LineString", "coordinates": [[-76.1572582607645, 43.0109395988476], [-76.1572142379257, 43.01084963462999]]}}, {"type": "Feature", "properties": {"order": 9, "sequence": 26, "name": "VALLEY DRIVE", "id": "800049155", "side": 1}, "geometry": {"type": "LineString", "coordinates": [[-76.1574906827763, 43.01137748207479], [-76.1572582607645, 43.0109395988476]]}}, {"type": "Feature", "properties": {"order": 9, "sequence": 27, "name": "VALLEY DRIVE", "id": "800049156", "side": 1}, "geometry": {"type": "LineString", "coordinates": [[-76.1575160862342, 43.01142533857899], [-76.1574906827763, 43.01137748207479]]}}, {"type": "Feature", "properties": {"order": 9, "sequence": 28, "name": "VALLEY DRIVE", "id": "477444473", "side": 1}, "geometry": {"type": "LineString", "coordinates": [[-76.1577752385155, 43.011913567248], [-76.1575160862342, 43.01142533857899]]}}, {"type": "Feature", "properties": {"order": 9, "sequence": 29, "name": "VALLEY DRIVE", "id": "477444354", "side": 1}, "geometry": {"type": "LineString", "coordinates": [[-76.1582562845536, 43.0128226110679], [-76.1577752385155, 43.011913567248]]}}, {"type": "Feature", "properties": {"order": 9, "sequence": 30, "name": "VALLEY DRIVE", "id": "477444205", "side": 1}, "geometry": {"type": "LineString", "coordinates": [[-76.1583952647078, 43.0130875709362], [-76.1582562845536, 43.0128226110679]]}}, {"type": "Feature", "properties": {"order": 9, "sequence": 31, "name": "VALLEY DRIVE", "id": "477444170", "side": 1}, "geometry": {"type": "LineString", "coordinates": [[-76.1586233559416, 43.01351416679], [-76.1583952647078, 43.0130875709362]]}}, {"type": "Feature", "properties": {"order": 9, "sequence": 32, "name": "VALLEY DRIVE", "id": "800091492", "side": 1}, "geometry": {"type": "LineString", "coordinates": [[-76.1590553539651, 43.0143286115816], [-76.1587123340705, 43.0136805780626], [-76.1586233559416, 43.01351416679]]}}, {"type": "Feature", "properties": {"order": 9, "sequence": 33, "name": "VALLEY DRIVE", "id": "477443977", "side": 1}, "geometry": {"type": "LineString", "coordinates": [[-76.1590932592768, 43.014399636860695], [-76.1590553539651, 43.0143286115816]]}}, {"type": "Feature", "properties": {"order": 9, "sequence": 34, "name": "VALLEY DRIVE", "id": "477443973", "side": 1}, "geometry": {"type": "LineString", "coordinates": [[-76.1595822814563, 43.0153195799759], [-76.1590932592768, 43.014399636860695]]}}, {"type": "Feature", "properties": {"order": 9, "sequence": 35, "name": "VALLEY DRIVE", "id": "477443845", "side": 1}, "geometry": {"type": "LineString", "coordinates": [[-76.1600402749274, 43.016187606648], [-76.1597922815185, 43.015712588387196], [-76.1595822814563, 43.0153195799759]]}}, {"type": "Feature", "properties": {"order": 9, "sequence": 36, "name": "VALLEY DRIVE", "id": "477443744", "side": 1}, "geometry": {"type": "LineString", "coordinates": [[-76.1605823291497, 43.01720462141069], [-76.1600402749274, 43.016187606648]]}}, {"type": "Feature", "properties": {"order": 9, "sequence": 37, "name": "VALLEY DRIVE", "id": "477443599", "side": 1}, "geometry": {"type": "LineString", "coordinates": [[-76.161022264687, 43.0180376176477], [-76.1605823291497, 43.01720462141069]]}}, {"type": "Feature", "properties": {"order": 9, "sequence": 38, "name": "VALLEY DRIVE", "id": "477443470", "side": 1}, "geometry": {"type": "LineString", "coordinates": [[-76.1612833142103, 43.018494580545294], [-76.161022264687, 43.0180376176477]]}}, {"type": "Feature", "properties": {"order": 9, "sequence": 39, "name": "GLENWOOD AVENUE", "id": "477443415", "side": 0}, "geometry": {"type": "LineString", "coordinates": [[-76.1612833142103, 43.018494580545294], [-76.1613843585101, 43.0186466386975], [-76.1614522873152, 43.018734648064196]]}}, {"type": "Feature", "properties": {"order": 9, "sequence": 40, "name": "GLENWOOD AVENUE", "id": "477443385", "side": 0}, "geometry": {"type": "LineString", "coordinates": [[-76.1614522873152, 43.018734648064196], [-76.1615292621553, 43.0188338036005]]}}, {"type": "Feature", "properties": {"order": 9, "sequence": 41, "name": "GLENWOOD AVENUE", "id": "477443353", "side": 0}, "geometry": {"type": "LineString", "coordinates": [[-76.1615292621553, 43.0188338036005], [-76.1616532790718, 43.0189935708897], [-76.1617352368668, 43.01908359870739], [-76.161890309441, 43.01921763859589], [-76.16206032549, 43.019317577546985]]}}, {"type": "Feature", "properties": {"order": 9, "sequence": 42, "name": "GLENWOOD AVENUE", "id": "477443311", "side": 0}, "geometry": {"type": "LineString", "coordinates": [[-76.16206032549, 43.019317577546985], [-76.1623473560879, 43.0194336179162]]}}, {"type": "Feature", "properties": {"order": 9, "sequence": 43, "name": "GLENWOOD AVENUE", "id": "477443293", "side": 0}, "geometry": {"type": "LineString", "coordinates": [[-76.1623473560879, 43.0194336179162], [-76.1626612822454, 43.0195506445452]]}}, {"type": "Feature", "properties": {"order": 9, "sequence": 44, "name": "GLENWOOD AVENUE", "id": "477443277", "side": 0}, "geometry": {"type": "LineString", "coordinates": [[-76.1626612822454, 43.0195506445452], [-76.162976294466, 43.01966657938979], [-76.1631053536263, 43.01969660454849], [-76.1654483161941, 43.019873577721995]]}}, {"type": "Feature", "properties": {"order": 9, "sequence": 45, "name": "GLENWOOD AVENUE", "id": "477443196", "side": 0}, "geometry": {"type": "LineString", "coordinates": [[-76.1654483161941, 43.019873577721995], [-76.1666943235107, 43.01993760326931]]}}, {"type": "Feature", "properties": {"order": 9, "sequence": 46, "name": "GLENWOOD AVENUE", "id": "477443200", "side": 0}, "geometry": {"type": "LineString", "coordinates": [[-76.1666943235107, 43.01993760326931], [-76.1668303230548, 43.01993864819519], [-76.1679053279722, 43.019857623373994]]}}, {"type": "Feature", "properties": {"order": 9, "sequence": 47, "name": "GLENWOOD AVENUE", "id": "477443219", "side": 0}, "geometry": {"type": "LineString", "coordinates": [[-76.1679053279722, 43.019857623373994], [-76.1691173098007, 43.019764653683296]]}}, {"type": "Feature", "properties": {"order": 9, "sequence": 48, "name": "GLENWOOD AVENUE", "id": "477443241", "side": 0}, "geometry": {"type": "LineString", "coordinates": [[-76.1691173098007, 43.019764653683296], [-76.1705513210314, 43.0196536422171]]}}, {"type": "Feature", "properties": {"order": 9, "sequence": 49, "name": "GLENWOOD AVENUE", "id": "477443268", "side": 0}, "geometry": {"type": "LineString", "coordinates": [[-76.1705513210314, 43.0196536422171], [-76.1713447373449, 43.01960350654259]]}}, {"type": "Feature", "properties": {"order": 9, "sequence": 50, "name": "GLENWOOD AVENUE", "id": "800040789", "side": 0}, "geometry": {"type": "LineString", "coordinates": [[-76.1713447373449, 43.01960350654259], [-76.1717699926138, 43.0195766318968]]}}, {"type": "Feature", "properties": {"order": 9, "sequence": 51, "name": "GLENWOOD AVENUE", "id": "800040796", "side": 0}, "geometry": {"type": "LineString", "coordinates": [[-76.1717699926138, 43.0195766318968], [-76.1724643454127, 43.01951887622779]]}}, {"type": "Feature", "properties": {"order": 9, "sequence": 52, "name": "GLENWOOD AVENUE", "id": "477443287", "side": 0}, "geometry": {"type": "LineString", "coordinates": [[-76.1724643454127, 43.01951887622779], [-76.1731642480034, 43.019460654191896]]}}, {"type": "Feature", "properties": {"order": 9, "sequence": 53, "name": "GLENWOOD AVENUE", "id": "477443295", "side": 0}, "geometry": {"type": "LineString", "coordinates": [[-76.1731642480034, 43.019460654191896], [-76.1739233055538, 43.0194226135936]]}}, {"type": "Feature", "properties": {"order": 9, "sequence": 54, "name": "GLENWOOD AVENUE", "id": "800038093", "side": 0}, "geometry": {"type": "LineString", "coordinates": [[-76.1739233055538, 43.0194226135936], [-76.1743593073686, 43.01943362842469], [-76.174501262743, 43.0194445985928], [-76.1746321886024, 43.01945450215129]]}}, {"type": "Feature", "properties": {"order": 9, "sequence": 55, "name": "GLENWOOD AVENUE", "id": "800038089", "side": 0}, "geometry": {"type": "LineString", "coordinates": [[-76.1746321886024, 43.01945450215129], [-76.1748713174361, 43.0194725871917], [-76.1754962843624, 43.019520649526896]]}}, {"type": "Feature", "properties": {"order": 9, "sequence": 56, "name": "MCDONALD ROAD", "id": "477443342", "side": 0}, "geometry": {"type": "LineString", "coordinates": [[-76.1754962843624, 43.019520649526896], [-76.1755593056712, 43.01951757055421], [-76.1756622831455, 43.01947959238499], [-76.17661928806201, 43.0190685872935]]}}, {"type": "Feature", "properties": {"order": 9, "sequence": 57, "name": "MCDONALD ROAD", "id": "477443392", "side": 0}, "geometry": {"type": "LineString", "coordinates": [[-76.17661928806201, 43.0190685872935], [-76.1776465115894, 43.0186297914573]]}}, {"type": "Feature", "properties": {"order": 9, "sequence": 58, "name": "MCDONALD ROAD", "id": "477443455", "side": 1}, "geometry": {"type": "LineString", "coordinates": [[-76.17765255706496, 43.01862713751043], [-76.1776465115894, 43.0186297914573]]}}, {"type": "Feature", "properties": {"order": 10, "sequence": 0, "name": "GERE AVENUE", "id": "477432331", "side": 1}, "geometry": {"type": "LineString", "coordinates": [[-76.1980482542116, 43.05837764283339], [-76.1982103570013, 43.0582895892294], [-76.1987402633059, 43.058082600342]]}}, {"type": "Feature", "properties": {"order": 10, "sequence": 1, "name": "WEST END DRIVE", "id": "477432240", "side": 1}, "geometry": {"type": "LineString", "coordinates": [[-76.19777631171732, 43.05911258560249], [-76.19797037297151, 43.0584646349756], [-76.1980053210293, 43.05841159050491], [-76.1980482542116, 43.05837764283339]]}}, {"type": "Feature", "properties": {"order": 10, "sequence": 2, "name": "ERIE BOULEVARD WEST", "id": "477431997", "side": 1}, "geometry": {"type": "LineString", "coordinates": [[-76.1973033199741, 43.0596386469643], [-76.1976402645624, 43.059258627426914], [-76.19777631171732, 43.05911258560249]]}}, {"type": "Feature", "properties": {"order": 10, "sequence": 3, "name": "ERIE BOULEVARD WEST", "id": "477431878", "side": 1}, "geometry": {"type": "LineString", "coordinates": [[-76.1966913408901, 43.059926630853695], [-76.1970072963419, 43.05980563220819], [-76.1971633480798, 43.05973457217159], [-76.1972743070853, 43.0596685764327], [-76.1973033199741, 43.0596386469643]]}}, {"type": "Feature", "properties": {"order": 10, "sequence": 4, "name": "ERIE BOULEVARD WEST", "id": "477431800", "side": 1}, "geometry": {"type": "LineString", "coordinates": [[-76.1963982978681, 43.0600386537585], [-76.1966913408901, 43.059926630853695]]}}, {"type": "Feature", "properties": {"order": 10, "sequence": 5, "name": "ERIE BOULEVARD WEST", "id": "477432739", "side": 1}, "geometry": {"type": "LineString", "coordinates": [[-76.1959433263295, 43.0601805452937], [-76.1959843038795, 43.0601766138029], [-76.1962403291254, 43.060099647764005], [-76.1963982978681, 43.0600386537585]]}}, {"type": "Feature", "properties": {"order": 10, "sequence": 6, "name": "ERIE BOULEVARD WEST", "id": "477432942", "side": 1}, "geometry": {"type": "LineString", "coordinates": [[-76.1864763642325, 43.056074645782004], [-76.1866572507947, 43.0561896530871], [-76.1875022896943, 43.0566706613387], [-76.1876183520289, 43.056741585773786], [-76.1896463580717, 43.0580116374198], [-76.1907372613729, 43.05866863154759], [-76.1917703374244, 43.05926165321059], [-76.1925922860279, 43.0596875737614], [-76.1929173486, 43.059839609281006], [-76.1931923076371, 43.059915625258505], [-76.1935903421563, 43.05998657416309], [-76.19485631453, 43.0601436437466], [-76.1954173519508, 43.06019757606269], [-76.1956713658688, 43.060206628989484], [-76.1959433263295, 43.0601805452937]]}}, {"type": "Feature", "properties": {"order": 10, "sequence": 7, "name": "ERIE BOULEVARD WEST", "id": "477433165", "side": 1}, "geometry": {"type": "LineString", "coordinates": [[-76.1853793676586, 43.05535157752789], [-76.18550929279482, 43.0554475744249], [-76.1864763642325, 43.056074645782004]]}}, {"type": "Feature", "properties": {"order": 10, "sequence": 8, "name": "ERIE BOULEVARD WEST", "id": "506021506", "side": 1}, "geometry": {"type": "LineString", "coordinates": [[-76.1825413417411, 43.052470657457896], [-76.1829273163776, 43.0528755790273], [-76.183954257834, 43.05409061191909], [-76.1844262883798, 43.05458261562081], [-76.1848002597276, 43.054917597790094], [-76.1853793676586, 43.05535157752789]]}}, {"type": "Feature", "properties": {"order": 10, "sequence": 9, "name": "ERIE BOULEVARD WEST", "id": "506021505", "side": 1}, "geometry": {"type": "LineString", "coordinates": [[-76.1822113123838, 43.05212062577039], [-76.1825413417411, 43.052470657457896]]}}, {"type": "Feature", "properties": {"order": 10, "sequence": 10, "name": "ERIE BOULEVARD WEST", "id": "477434400", "side": 1}, "geometry": {"type": "LineString", "coordinates": [[-76.1819282640175, 43.051876636017084], [-76.1822113123838, 43.05212062577039]]}}, {"type": "Feature", "properties": {"order": 10, "sequence": 11, "name": "ERIE BOULEVARD WEST", "id": "477435840", "side": 1}, "geometry": {"type": "LineString", "coordinates": [[-76.17521253980182, 43.0481066375402], [-76.1754282432678, 43.04811057243071], [-76.1757482959356, 43.0481536592688], [-76.1760123539167, 43.048215601222914], [-76.1762683162805, 43.04830364959798], [-76.1765043252652, 43.0484076611901], [-76.1769952527714, 43.04869265970299], [-76.1792112690165, 43.050021657360894], [-76.1803522938191, 43.0506995772182], [-76.180749364446, 43.050986608581994], [-76.1819282640175, 43.051876636017084]]}}, {"type": "Feature", "properties": {"order": 10, "sequence": 12, "name": "ERIE BOULEVARD WEST", "id": "477435842", "side": 1}, "geometry": {"type": "LineString", "coordinates": [[-76.1748226386292, 43.04810350026241], [-76.17521253980182, 43.0481066375402]]}}, {"type": "Feature", "properties": {"order": 10, "sequence": 13, "name": "ERIE BOULEVARD WEST", "id": "800036109", "side": 1}, "geometry": {"type": "LineString", "coordinates": [[-76.1731192513908, 43.0480925746043], [-76.1748226386292, 43.04810350026241]]}}, {"type": "Feature", "properties": {"order": 10, "sequence": 14, "name": "ERIE BOULEVARD WEST", "id": "477435848", "side": 1}, "geometry": {"type": "LineString", "coordinates": [[-76.1708262656955, 43.04811560888021], [-76.1718882423463, 43.048098614800395], [-76.1731192513908, 43.0480925746043]]}}, {"type": "Feature", "properties": {"order": 10, "sequence": 15, "name": "ERIE BOULEVARD WEST", "id": "477435837", "side": 1}, "geometry": {"type": "LineString", "coordinates": [[-76.1662890836045, 43.0486982193075], [-76.1678282974365, 43.048340659366495], [-76.1685252580447, 43.0482206232213], [-76.1691402428915, 43.04815463938011], [-76.1697442907498, 43.04810758351569], [-76.1701142475266, 43.048095606847106], [-76.17043327162331, 43.048097657008306], [-76.1708262656955, 43.04811560888021]]}}, {"type": "Feature", "properties": {"order": 10, "sequence": 16, "name": "ERIE BOULEVARD WEST", "id": "477435615", "side": 1}, "geometry": {"type": "LineString", "coordinates": [[-76.16322027510061, 43.049423606496894], [-76.1662890836045, 43.0486982193075]]}}, {"type": "Feature", "properties": {"order": 10, "sequence": 17, "name": "ERIE BOULEVARD WEST", "id": "477435429", "side": 1}, "geometry": {"type": "LineString", "coordinates": [[-76.1604902635111, 43.05007257234259], [-76.16322027510061, 43.049423606496894]]}}, {"type": "Feature", "properties": {"order": 10, "sequence": 18, "name": "ERIE BOULEVARD WEST", "id": "477435232", "side": 1}, "geometry": {"type": "LineString", "coordinates": [[-76.1596472521092, 43.05026959121499], [-76.1604902635111, 43.05007257234259]]}}, {"type": "Feature", "properties": {"order": 10, "sequence": 19, "name": "ERIE BOULEVARD WEST", "id": "477435165", "side": 1}, "geometry": {"type": "LineString", "coordinates": [[-76.1590293037202, 43.05041461691409], [-76.1596472521092, 43.05026959121499]]}}, {"type": "Feature", "properties": {"order": 10, "sequence": 20, "name": "ERIE BOULEVARD WEST", "id": "477435107", "side": 1}, "geometry": {"type": "LineString", "coordinates": [[-76.158839322614, 43.0504585942444], [-76.1590293037202, 43.05041461691409]]}}, {"type": "Feature", "properties": {"order": 10, "sequence": 21, "name": "ERIE BOULEVARD WEST", "id": "477435094", "side": 1}, "geometry": {"type": "LineString", "coordinates": [[-76.1583432890838, 43.05057059440319], [-76.158839322614, 43.0504585942444]]}}, {"type": "Feature", "properties": {"order": 10, "sequence": 22, "name": "ERIE BOULEVARD WEST", "id": "513530737", "side": 1}, "geometry": {"type": "LineString", "coordinates": [[-76.157971243724, 43.0506486502846], [-76.1583432890838, 43.05057059440319]]}}, {"type": "Feature", "properties": {"order": 10, "sequence": 23, "name": "ERIE BOULEVARD WEST", "id": "513530739", "side": 1}, "geometry": {"type": "LineString", "coordinates": [[-76.1577423215486, 43.0506989174922], [-76.157971243724, 43.0506486502846]]}}, {"type": "Feature", "properties": {"order": 10, "sequence": 24, "name": "ERIE BOULEVARD WEST", "id": "800030710", "side": 1}, "geometry": {"type": "LineString", "coordinates": [[-76.1555959139582, 43.0509528497937], [-76.1560713068981, 43.050945661763], [-76.1565073527303, 43.0509146009269], [-76.1569803049476, 43.05084165316179], [-76.1574653080644, 43.05075660443689], [-76.1577423215486, 43.0506989174922]]}}, {"type": "Feature", "properties": {"order": 10, "sequence": 25, "name": "ERIE BOULEVARD WEST", "id": "477435006", "side": 1}, "geometry": {"type": "LineString", "coordinates": [[-76.1554782930465, 43.0509546228411], [-76.1555959139582, 43.0509528497937]]}}, {"type": "Feature", "properties": {"order": 10, "sequence": 26, "name": "ERIE BOULEVARD WEST", "id": "477434879", "side": 1}, "geometry": {"type": "LineString", "coordinates": [[-76.1535312530586, 43.050914654755104], [-76.1536543141677, 43.050909631664304], [-76.1546363030289, 43.050919627955885], [-76.1551762677698, 43.05093660090439], [-76.1554782930465, 43.0509546228411]]}}, {"type": "Feature", "properties": {"order": 11, "sequence": 0, "name": "VELASKO ROAD", "id": "477442283", "side": 0}, "geometry": {"type": "LineString", "coordinates": [[-76.18529976174145, 43.025862562725436], [-76.1853003581344, 43.0258712413603]]}}, {"type": "Feature", "properties": {"order": 11, "sequence": 1, "name": "VELASKO ROAD", "id": "477442159", "side": 1}, "geometry": {"type": "LineString", "coordinates": [[-76.1854103478578, 43.0273945796802], [-76.1853003581344, 43.0258712413603]]}}, {"type": "Feature", "properties": {"order": 11, "sequence": 2, "name": "VELASKO ROAD", "id": "477441831", "side": 1}, "geometry": {"type": "LineString", "coordinates": [[-76.18545931412561, 43.028127613038805], [-76.1854103478578, 43.0273945796802]]}}, {"type": "Feature", "properties": {"order": 11, "sequence": 3, "name": "VELASKO ROAD", "id": "477441655", "side": 1}, "geometry": {"type": "LineString", "coordinates": [[-76.1854713470589, 43.0282936287854], [-76.18545931412561, 43.028127613038805]]}}, {"type": "Feature", "properties": {"order": 11, "sequence": 4, "name": "VELASKO ROAD", "id": "477441610", "side": 1}, "geometry": {"type": "LineString", "coordinates": [[-76.1855253007732, 43.02887757860788], [-76.1854962510535, 43.0286756289787], [-76.1854713470589, 43.0282936287854]]}}, {"type": "Feature", "properties": {"order": 11, "sequence": 5, "name": "VELASKO ROAD", "id": "477441480", "side": 1}, "geometry": {"type": "LineString", "coordinates": [[-76.1857882511315, 43.0297146519873], [-76.1856713551603, 43.0293935777357], [-76.1855253007732, 43.02887757860788]]}}, {"type": "Feature", "properties": {"order": 11, "sequence": 6, "name": "VELASKO ROAD", "id": "477441275", "side": 1}, "geometry": {"type": "LineString", "coordinates": [[-76.1863222780084, 43.03095557656], [-76.1862112920534, 43.03066757942859], [-76.1858813121034, 43.02995159718459], [-76.1857882511315, 43.0297146519873]]}}, {"type": "Feature", "properties": {"order": 11, "sequence": 7, "name": "VELASKO ROAD", "id": "477440961", "side": 1}, "geometry": {"type": "LineString", "coordinates": [[-76.1868482496921, 43.03205763619339], [-76.1863912497576, 43.03112064170351], [-76.1863222780084, 43.03095557656]]}}, {"type": "Feature", "properties": {"order": 11, "sequence": 8, "name": "VELASKO ROAD", "id": "477440672", "side": 1}, "geometry": {"type": "LineString", "coordinates": [[-76.187393286321, 43.0334725956223], [-76.1868743116151, 43.03211058460481], [-76.1868482496921, 43.03205763619339]]}}, {"type": "Feature", "properties": {"order": 11, "sequence": 9, "name": "VELASKO ROAD", "id": "600063427", "side": 1}, "geometry": {"type": "LineString", "coordinates": [[-76.1878587214361, 43.0346892532036], [-76.187393286321, 43.0334725956223]]}}, {"type": "Feature", "properties": {"order": 11, "sequence": 10, "name": "VELASKO ROAD", "id": "600063424", "side": 1}, "geometry": {"type": "LineString", "coordinates": [[-76.18788889045662, 43.0347679576732], [-76.1878587214361, 43.0346892532036]]}}, {"type": "Feature", "properties": {"order": 11, "sequence": 11, "name": "VELASKO ROAD", "id": "600063423", "side": 1}, "geometry": {"type": "LineString", "coordinates": [[-76.1880857221151, 43.03528113901711], [-76.18788889045662, 43.0347679576732]]}}, {"type": "Feature", "properties": {"order": 11, "sequence": 12, "name": "VELASKO ROAD", "id": "800050531", "side": 1}, "geometry": {"type": "LineString", "coordinates": [[-76.1882127510828, 43.035627337016685], [-76.1880857221151, 43.03528113901711]]}}, {"type": "Feature", "properties": {"order": 11, "sequence": 13, "name": "VELASKO ROAD", "id": "477439790", "side": 1}, "geometry": {"type": "LineString", "coordinates": [[-76.1882323038133, 43.035680623126005], [-76.1882127510828, 43.035627337016685]]}}, {"type": "Feature", "properties": {"order": 11, "sequence": 14, "name": "VELASKO ROAD", "id": "477439667", "side": 1}, "geometry": {"type": "LineString", "coordinates": [[-76.1881222539028, 43.0364345751824], [-76.1881952474095, 43.0362285959217], [-76.1882493484475, 43.0359595980096], [-76.1882472733392, 43.035756649350695], [-76.1882323038133, 43.035680623126005]]}}, {"type": "Feature", "properties": {"order": 11, "sequence": 15, "name": "SOUTH AVERY AVENUE", "id": "477439435", "side": 1}, "geometry": {"type": "LineString", "coordinates": [[-76.1879954378358, 43.03722572092071], [-76.1879912543815, 43.03720360309261], [-76.1879953282413, 43.0370266142189], [-76.1880073476998, 43.0368606194676], [-76.188054274792, 43.036620601817795], [-76.1881222539028, 43.0364345751824]]}}, {"type": "Feature", "properties": {"order": 11, "sequence": 16, "name": "SOUTH AVERY AVENUE", "id": "477439143", "side": 1}, "geometry": {"type": "LineString", "coordinates": [[-76.1881602697073, 43.0377876165304], [-76.1880352790169, 43.0374366428951], [-76.1879954378358, 43.03722572092071]]}}, {"type": "Feature", "properties": {"order": 11, "sequence": 17, "name": "SOUTH AVERY AVENUE", "id": "477439047", "side": 1}, "geometry": {"type": "LineString", "coordinates": [[-76.1884755217781, 43.038662950980104], [-76.1883563503742, 43.038323623450104], [-76.1881602697073, 43.0377876165304]]}}, {"type": "Feature", "properties": {"order": 11, "sequence": 18, "name": "SOUTH AVERY AVENUE", "id": "477438886", "side": 1}, "geometry": {"type": "LineString", "coordinates": [[-76.18969234193281, 43.0426046245566], [-76.1896782707222, 43.04247365971949], [-76.1890573165702, 43.04031957039151], [-76.1884755217781, 43.038662950980104]]}}, {"type": "Feature", "properties": {"order": 11, "sequence": 19, "name": "SOUTH AVERY AVENUE", "id": "477437484", "side": 1}, "geometry": {"type": "LineString", "coordinates": [[-76.1896092747184, 43.043280584600495], [-76.1896553214616, 43.0429506171062], [-76.189693322893, 43.0426236146974], [-76.18969234193281, 43.0426046245566]]}}, {"type": "Feature", "properties": {"order": 11, "sequence": 20, "name": "SOUTH AVERY AVENUE", "id": "477437274", "side": 1}, "geometry": {"type": "LineString", "coordinates": [[-76.18947824824771, 43.044187658622896], [-76.1896092747184, 43.043280584600495]]}}, {"type": "Feature", "properties": {"order": 11, "sequence": 21, "name": "SOUTH AVERY AVENUE", "id": "477436979", "side": 1}, "geometry": {"type": "LineString", "coordinates": [[-76.1894032568878, 43.044722607801894], [-76.18947824824771, 43.044187658622896]]}}, {"type": "Feature", "properties": {"order": 11, "sequence": 22, "name": "SOUTH AVERY AVENUE", "id": "477436787", "side": 1}, "geometry": {"type": "LineString", "coordinates": [[-76.1895523439873, 43.045048655626], [-76.1894203482344, 43.0448446262203], [-76.1894032568878, 43.044722607801894]]}}, {"type": "Feature", "properties": {"order": 11, "sequence": 23, "name": "AVERY AVENUE", "id": "477436709", "side": 0}, "geometry": {"type": "LineString", "coordinates": [[-76.1895523439873, 43.045048655626], [-76.190405287163, 43.0462626494162]]}}, {"type": "Feature", "properties": {"order": 11, "sequence": 24, "name": "AVERY AVENUE", "id": "477436413", "side": 0}, "geometry": {"type": "LineString", "coordinates": [[-76.190405287163, 43.0462626494162], [-76.1912713098093, 43.04748460392701]]}}, {"type": "Feature", "properties": {"order": 11, "sequence": 25, "name": "AVERY AVENUE", "id": "477436038", "side": 0}, "geometry": {"type": "LineString", "coordinates": [[-76.1912713098093, 43.04748460392701], [-76.1919533224511, 43.0484595740298]]}}, {"type": "Feature", "properties": {"order": 11, "sequence": 26, "name": "AVERY AVENUE", "id": "477435704", "side": 0}, "geometry": {"type": "LineString", "coordinates": [[-76.1919533224511, 43.0484595740298], [-76.1926403153529, 43.04943061614959]]}}, {"type": "Feature", "properties": {"order": 11, "sequence": 27, "name": "AVERY AVENUE", "id": "477435426", "side": 0}, "geometry": {"type": "LineString", "coordinates": [[-76.1926403153529, 43.04943061614959], [-76.1933233161415, 43.0504035859797]]}}, {"type": "Feature", "properties": {"order": 11, "sequence": 28, "name": "AVERY AVENUE", "id": "477435119", "side": 0}, "geometry": {"type": "LineString", "coordinates": [[-76.1933233161415, 43.0504035859797], [-76.1940113286311, 43.0513806424475]]}}, {"type": "Feature", "properties": {"order": 11, "sequence": 29, "name": "AVERY AVENUE", "id": "477434667", "side": 0}, "geometry": {"type": "LineString", "coordinates": [[-76.1940113286311, 43.0513806424475], [-76.1947112536796, 43.05237557883569]]}}, {"type": "Feature", "properties": {"order": 11, "sequence": 30, "name": "AVERY AVENUE", "id": "477434168", "side": 0}, "geometry": {"type": "LineString", "coordinates": [[-76.1947112536796, 43.05237557883569], [-76.1955363463866, 43.053548580999184]]}}, {"type": "Feature", "properties": {"order": 11, "sequence": 31, "name": "AVERY AVENUE", "id": "477433753", "side": 0}, "geometry": {"type": "LineString", "coordinates": [[-76.1955363463866, 43.053548580999184], [-76.1963273525202, 43.0546656524212]]}}, {"type": "Feature", "properties": {"order": 11, "sequence": 32, "name": "AVERY AVENUE", "id": "477433386", "side": 0}, "geometry": {"type": "LineString", "coordinates": [[-76.1963273525202, 43.0546656524212], [-76.196748299469, 43.0552596238741]]}}, {"type": "Feature", "properties": {"order": 11, "sequence": 33, "name": "AVERY AVENUE", "id": "477433207", "side": 0}, "geometry": {"type": "LineString", "coordinates": [[-76.196748299469, 43.0552596238741], [-76.1977973026505, 43.0567466077306]]}}, {"type": "Feature", "properties": {"order": 11, "sequence": 34, "name": "AVERY AVENUE", "id": "477432738", "side": 0}, "geometry": {"type": "LineString", "coordinates": [[-76.1977973026505, 43.0567466077306], [-76.1982083438767, 43.0573286110733]]}}, {"type": "Feature", "properties": {"order": 11, "sequence": 35, "name": "AVERY AVENUE", "id": "477432569", "side": 0}, "geometry": {"type": "LineString", "coordinates": [[-76.1982083438767, 43.0573286110733], [-76.1985972982251, 43.0578795975291]]}}, {"type": "Feature", "properties": {"order": 11, "sequence": 36, "name": "AVERY AVENUE", "id": "477432412", "side": 0}, "geometry": {"type": "LineString", "coordinates": [[-76.1985972982251, 43.0578795975291], [-76.1987402633059, 43.058082600342]]}}, {"type": "Feature", "properties": {"order": 11, "sequence": 37, "name": "AVERY AVENUE", "id": "477432332", "side": 0}, "geometry": {"type": "LineString", "coordinates": [[-76.1987402633059, 43.058082600342], [-76.198927315006, 43.058348625078]]}}, {"type": "Feature", "properties": {"order": 11, "sequence": 38, "name": "AVERY AVENUE", "id": "477432243", "side": 0}, "geometry": {"type": "LineString", "coordinates": [[-76.198927315006, 43.058348625078], [-76.1991643417819, 43.0586836437782], [-76.1992022560768, 43.05875762648039], [-76.1992353634866, 43.058912613313105], [-76.199276285341, 43.05944959477681], [-76.1992673039848, 43.0595306428119]]}}, {"type": "Feature", "properties": {"order": 12, "sequence": 0, "name": "NORTH MIDLER AVENUE", "id": "477428885", "side": 1}, "geometry": {"type": "LineString", "coordinates": [[-76.1056243280269, 43.07367661138119], [-76.1057753276396, 43.0760696342584], [-76.10580471698182, 43.076216064817324]]}}, {"type": "Feature", "properties": {"order": 12, "sequence": 1, "name": "NORTH MIDLER AVENUE", "id": "477429436", "side": 1}, "geometry": {"type": "LineString", "coordinates": [[-76.1054722306729, 43.07081858651771], [-76.1054693282162, 43.0709236118555], [-76.1056243280269, 43.07367661138119]]}}, {"type": "Feature", "properties": {"order": 12, "sequence": 2, "name": "NORTH MIDLER AVENUE", "id": "477429799", "side": 1}, "geometry": {"type": "LineString", "coordinates": [[-76.1052912479909, 43.068901578021205], [-76.1053302330776, 43.0690615785338], [-76.1054462469033, 43.07028863118331], [-76.1054722306729, 43.07081858651771]]}}, {"type": "Feature", "properties": {"order": 12, "sequence": 3, "name": "SOUTH MIDLER AVENUE", "id": "477430321", "side": 0}, "geometry": {"type": "LineString", "coordinates": [[-76.1052912479909, 43.068901578021205], [-76.1051013405466, 43.0684285860521], [-76.1050632241308, 43.068241652457196], [-76.1048933086931, 43.06643358458798]]}}, {"type": "Feature", "properties": {"order": 12, "sequence": 4, "name": "SOUTH MIDLER AVENUE", "id": "477430829", "side": 0}, "geometry": {"type": "LineString", "coordinates": [[-76.1048933086931, 43.06643358458798], [-76.1046913189082, 43.0641655867312]]}}, {"type": "Feature", "properties": {"order": 12, "sequence": 5, "name": "SOUTH MIDLER AVENUE", "id": "477431378", "side": 0}, "geometry": {"type": "LineString", "coordinates": [[-76.1046913189082, 43.0641655867312], [-76.1044933122533, 43.06189961964099]]}}, {"type": "Feature", "properties": {"order": 12, "sequence": 6, "name": "SOUTH MIDLER AVENUE", "id": "477431773", "side": 0}, "geometry": {"type": "LineString", "coordinates": [[-76.1044933122533, 43.06189961964099], [-76.1043252545316, 43.0600765832027]]}}, {"type": "Feature", "properties": {"order": 12, "sequence": 7, "name": "SOUTH MIDLER AVENUE", "id": "477432192", "side": 0}, "geometry": {"type": "LineString", "coordinates": [[-76.1043252545316, 43.0600765832027], [-76.1041832775976, 43.058515605958796]]}}, {"type": "Feature", "properties": {"order": 12, "sequence": 8, "name": "SOUTH MIDLER AVENUE", "id": "477432356", "side": 0}, "geometry": {"type": "LineString", "coordinates": [[-76.1041832775976, 43.058515605958796], [-76.1041372946348, 43.05802663405841]]}}, {"type": "Feature", "properties": {"order": 12, "sequence": 9, "name": "SOUTH MIDLER AVENUE", "id": "477432426", "side": 0}, "geometry": {"type": "LineString", "coordinates": [[-76.1041372946348, 43.05802663405841], [-76.1041308725788, 43.0578179633259]]}}, {"type": "Feature", "properties": {"order": 12, "sequence": 10, "name": "SOUTH MIDLER AVENUE", "id": "477432481", "side": 0}, "geometry": {"type": "LineString", "coordinates": [[-76.1041308725788, 43.0578179633259], [-76.104117512834, 43.05767085278279]]}}, {"type": "Feature", "properties": {"order": 12, "sequence": 11, "name": "SOUTH MIDLER AVENUE", "id": "477432536", "side": 0}, "geometry": {"type": "LineString", "coordinates": [[-76.104117512834, 43.05767085278279], [-76.1040823132478, 43.0574536434155]]}}, {"type": "Feature", "properties": {"order": 12, "sequence": 12, "name": "SOUTH MIDLER AVENUE", "id": "477432645", "side": 0}, "geometry": {"type": "LineString", "coordinates": [[-76.1040823132478, 43.0574536434155], [-76.1040423364211, 43.05702557675009]]}}, {"type": "Feature", "properties": {"order": 12, "sequence": 13, "name": "SOUTH MIDLER AVENUE", "id": "477432788", "side": 0}, "geometry": {"type": "LineString", "coordinates": [[-76.1040423364211, 43.05702557675009], [-76.1040032498247, 43.05653761889172]]}}, {"type": "Feature", "properties": {"order": 12, "sequence": 14, "name": "SOUTH MIDLER AVENUE", "id": "477432908", "side": 0}, "geometry": {"type": "LineString", "coordinates": [[-76.1040032498247, 43.05653761889172], [-76.1039993241869, 43.05650361832859], [-76.1039652681562, 43.05617959070321]]}}, {"type": "Feature", "properties": {"order": 12, "sequence": 15, "name": "SOUTH MIDLER AVENUE", "id": "477433102", "side": 0}, "geometry": {"type": "LineString", "coordinates": [[-76.1039652681562, 43.05617959070321], [-76.1039072244125, 43.0556136534475]]}}, {"type": "Feature", "properties": {"order": 12, "sequence": 16, "name": "SOUTH MIDLER AVENUE", "id": "477433141", "side": 0}, "geometry": {"type": "LineString", "coordinates": [[-76.1039072244125, 43.0556136534475], [-76.1039123448096, 43.05541033658159]]}}, {"type": "Feature", "properties": {"order": 12, "sequence": 17, "name": "SOUTH MIDLER AVENUE", "id": "477433160", "side": 0}, "geometry": {"type": "LineString", "coordinates": [[-76.1039123448096, 43.05541033658159], [-76.1039111796946, 43.055345422520695]]}}, {"type": "Feature", "properties": {"order": 12, "sequence": 18, "name": "SOUTH MIDLER AVENUE", "id": "477433176", "side": 0}, "geometry": {"type": "LineString", "coordinates": [[-76.1039111796946, 43.055345422520695], [-76.1039129808168, 43.05526439717859]]}}, {"type": "Feature", "properties": {"order": 12, "sequence": 19, "name": "SOUTH MIDLER AVENUE", "id": "477433552", "side": 0}, "geometry": {"type": "LineString", "coordinates": [[-76.1039129808168, 43.05526439717859], [-76.1039103236002, 43.0548486581665], [-76.1039827619481, 43.05437781448799], [-76.1040512674716, 43.0538206512531]]}}, {"type": "Feature", "properties": {"order": 12, "sequence": 20, "name": "SOUTH MIDLER AVENUE", "id": "477433721", "side": 0}, "geometry": {"type": "LineString", "coordinates": [[-76.1040512674716, 43.0538206512531], [-76.10407525787961, 43.05367264955899]]}}, {"type": "Feature", "properties": {"order": 12, "sequence": 21, "name": "SOUTH MIDLER AVENUE", "id": "477454008", "side": 0}, "geometry": {"type": "LineString", "coordinates": [[-76.10407525787961, 43.05367264955899], [-76.1040824372154, 43.0536025670341]]}}, {"type": "Feature", "properties": {"order": 12, "sequence": 22, "name": "SOUTH MIDLER AVENUE", "id": "800066481", "side": 0}, "geometry": {"type": "LineString", "coordinates": [[-76.1040824372154, 43.0536025670341], [-76.104086336802, 43.053523601184395]]}}, {"type": "Feature", "properties": {"order": 12, "sequence": 23, "name": "SEELEY ROAD", "id": "477434200", "side": 0}, "geometry": {"type": "LineString", "coordinates": [[-76.104086336802, 43.053523601184395], [-76.1040822297045, 43.053253584196305], [-76.1040553422297, 43.052822599302296], [-76.1039963139324, 43.052290619542596], [-76.1039782811514, 43.05211357769579]]}}, {"type": "Feature", "properties": {"order": 12, "sequence": 24, "name": "SEELEY ROAD", "id": "477434707", "side": 0}, "geometry": {"type": "LineString", "coordinates": [[-76.1039782811514, 43.05211357769579], [-76.103905254407, 43.0513076236851]]}}, {"type": "Feature", "properties": {"order": 12, "sequence": 25, "name": "SEELEY ROAD", "id": "477435082", "side": 0}, "geometry": {"type": "LineString", "coordinates": [[-76.103905254407, 43.0513076236851], [-76.1038372321771, 43.050513597864594]]}}, {"type": "Feature", "properties": {"order": 12, "sequence": 26, "name": "SEELEY ROAD", "id": "477435156", "side": 0}, "geometry": {"type": "LineString", "coordinates": [[-76.1038372321771, 43.050513597864594], [-76.1038182579616, 43.050304596974286]]}}, {"type": "Feature", "properties": {"order": 12, "sequence": 27, "name": "SEELEY ROAD", "id": "477435316", "side": 0}, "geometry": {"type": "LineString", "coordinates": [[-76.1038182579616, 43.050304596974286], [-76.1037692719309, 43.0497365901873]]}}, {"type": "Feature", "properties": {"order": 12, "sequence": 28, "name": "SEELEY ROAD", "id": "477435416", "side": 0}, "geometry": {"type": "LineString", "coordinates": [[-76.1037692719309, 43.0497365901873], [-76.1037452671499, 43.049445603726994]]}}, {"type": "Feature", "properties": {"order": 12, "sequence": 29, "name": "SEELEY ROAD", "id": "477435560", "side": 0}, "geometry": {"type": "LineString", "coordinates": [[-76.1037452671499, 43.049445603726994], [-76.10370126676901, 43.04892959727059]]}}, {"type": "Feature", "properties": {"order": 12, "sequence": 30, "name": "SEELEY ROAD", "id": "477435663", "side": 0}, "geometry": {"type": "LineString", "coordinates": [[-76.10370126676901, 43.04892959727059], [-76.1036662989482, 43.048588648594205]]}}, {"type": "Feature", "properties": {"order": 12, "sequence": 31, "name": "SEELEY ROAD", "id": "477435830", "side": 0}, "geometry": {"type": "LineString", "coordinates": [[-76.1036662989482, 43.048588648594205], [-76.1036332310643, 43.04812764659669]]}}, {"type": "Feature", "properties": {"order": 12, "sequence": 32, "name": "SEELEY ROAD", "id": "477435945", "side": 0}, "geometry": {"type": "LineString", "coordinates": [[-76.1036332310643, 43.04812764659669], [-76.1035913111815, 43.04772760280571]]}}, {"type": "Feature", "properties": {"order": 12, "sequence": 33, "name": "SEELEY ROAD", "id": "477436099", "side": 0}, "geometry": {"type": "LineString", "coordinates": [[-76.1035913111815, 43.04772760280571], [-76.1035602725918, 43.0473386207173]]}}, {"type": "Feature", "properties": {"order": 12, "sequence": 34, "name": "SEELEY ROAD", "id": "477436411", "side": 0}, "geometry": {"type": "LineString", "coordinates": [[-76.1035602725918, 43.0473386207173], [-76.1034643001801, 43.04626562135229]]}}, {"type": "Feature", "properties": {"order": 13, "sequence": 0, "name": "BUTTERNUT STREET", "id": "477454214", "side": 1}, "geometry": {"type": "LineString", "coordinates": [[-76.1427292803633, 43.072114604338495], [-76.14262127951, 43.07240365830678], [-76.1425672727951, 43.07249163454939]]}}, {"type": "Feature", "properties": {"order": 13, "sequence": 1, "name": "BUTTERNUT STREET", "id": "477429368", "side": 1}, "geometry": {"type": "LineString", "coordinates": [[-76.1430582380305, 43.071071617846506], [-76.1427292803633, 43.072114604338495]]}}, {"type": "Feature", "properties": {"order": 13, "sequence": 2, "name": "BUTTERNUT STREET", "id": "477429404", "side": 1}, "geometry": {"type": "LineString", "coordinates": [[-76.14311026396021, 43.07090360807441], [-76.1430582380305, 43.071071617846506]]}}, {"type": "Feature", "properties": {"order": 13, "sequence": 3, "name": "BUTTERNUT STREET", "id": "477429537", "side": 1}, "geometry": {"type": "LineString", "coordinates": [[-76.1432853474057, 43.07026566560919], [-76.1432343320807, 43.07049462863829], [-76.14311026396021, 43.07090360807441]]}}, {"type": "Feature", "properties": {"order": 13, "sequence": 4, "name": "BUTTERNUT STREET", "id": "477429622", "side": 1}, "geometry": {"type": "LineString", "coordinates": [[-76.1433032589141, 43.0696236202463], [-76.14328827321852, 43.070244654949384], [-76.1432853474057, 43.07026566560919]]}}, {"type": "Feature", "properties": {"order": 13, "sequence": 5, "name": "BUTTERNUT STREET", "id": "477429882", "side": 1}, "geometry": {"type": "LineString", "coordinates": [[-76.1433192462312, 43.0684816441691], [-76.1433032589141, 43.0696236202463]]}}, {"type": "Feature", "properties": {"order": 13, "sequence": 6, "name": "BUTTERNUT STREET", "id": "477429945", "side": 1}, "geometry": {"type": "LineString", "coordinates": [[-76.1433232590056, 43.06820857714331], [-76.1433192462312, 43.0684816441691]]}}, {"type": "Feature", "properties": {"order": 13, "sequence": 7, "name": "BUTTERNUT STREET", "id": "477430159", "side": 1}, "geometry": {"type": "LineString", "coordinates": [[-76.1433232787685, 43.0671325861034], [-76.1433232590056, 43.06820857714331]]}}, {"type": "Feature", "properties": {"order": 13, "sequence": 8, "name": "BUTTERNUT STREET", "id": "477430324", "side": 1}, "geometry": {"type": "LineString", "coordinates": [[-76.1433363384761, 43.066414588037], [-76.1433232787685, 43.0671325861034]]}}, {"type": "Feature", "properties": {"order": 13, "sequence": 9, "name": "BUTTERNUT STREET", "id": "800047528", "side": 1}, "geometry": {"type": "LineString", "coordinates": [[-76.1433366196488, 43.0663669404403], [-76.1433363384761, 43.066414588037]]}}, {"type": "Feature", "properties": {"order": 13, "sequence": 10, "name": "BUTTERNUT STREET", "id": "477430604", "side": 1}, "geometry": {"type": "LineString", "coordinates": [[-76.1433442391591, 43.06505558499849], [-76.1433366196488, 43.0663669404403]]}}, {"type": "Feature", "properties": {"order": 13, "sequence": 11, "name": "BUTTERNUT STREET", "id": "477430870", "side": 1}, "geometry": {"type": "LineString", "coordinates": [[-76.1433553414377, 43.064040625174], [-76.1433442391591, 43.06505558499849]]}}, {"type": "Feature", "properties": {"order": 13, "sequence": 12, "name": "BUTTERNUT STREET", "id": "477430880", "side": 1}, "geometry": {"type": "LineString", "coordinates": [[-76.1433552345381, 43.06398857851149], [-76.1433553414377, 43.064040625174]]}}, {"type": "Feature", "properties": {"order": 13, "sequence": 13, "name": "BUTTERNUT STREET", "id": "477431165", "side": 1}, "geometry": {"type": "LineString", "coordinates": [[-76.1440155717305, 43.0628664822039], [-76.1434592675329, 43.06361257627389], [-76.1433823519816, 43.06376264561839], [-76.14335527047082, 43.063904652576284], [-76.1433552345381, 43.06398857851149]]}}, {"type": "Feature", "properties": {"order": 13, "sequence": 14, "name": "BUTTERNUT STREET", "id": "477431279", "side": 1}, "geometry": {"type": "LineString", "coordinates": [[-76.1444262706986, 43.06231764406468], [-76.1440155717305, 43.0628664822039]]}}, {"type": "Feature", "properties": {"order": 13, "sequence": 15, "name": "BUTTERNUT STREET", "id": "477431425", "side": 1}, "geometry": {"type": "LineString", "coordinates": [[-76.1448972340458, 43.0616835823571], [-76.1444262706986, 43.06231764406468]]}}, {"type": "Feature", "properties": {"order": 13, "sequence": 16, "name": "BUTTERNUT STREET", "id": "477431540", "side": 1}, "geometry": {"type": "LineString", "coordinates": [[-76.1453522954159, 43.061066606971295], [-76.1448972340458, 43.0616835823571]]}}, {"type": "Feature", "properties": {"order": 13, "sequence": 17, "name": "BUTTERNUT STREET", "id": "477431683", "side": 1}, "geometry": {"type": "LineString", "coordinates": [[-76.1458272832157, 43.06043862446979], [-76.1453522954159, 43.061066606971295]]}}, {"type": "Feature", "properties": {"order": 13, "sequence": 18, "name": "BUTTERNUT STREET", "id": "477431808", "side": 1}, "geometry": {"type": "LineString", "coordinates": [[-76.146950234813, 43.0598796083058], [-76.1464742606631, 43.060071589085105], [-76.1459582845336, 43.0603116049069], [-76.1458882410942, 43.0603685864324], [-76.1458272832157, 43.06043862446979]]}}, {"type": "Feature", "properties": {"order": 13, "sequence": 19, "name": "BUTTERNUT STREET", "id": "477432028", "side": 1}, "geometry": {"type": "LineString", "coordinates": [[-76.148735080383, 43.05912747367359], [-76.1474732537344, 43.059668603343], [-76.146950234813, 43.0598796083058]]}}, {"type": "Feature", "properties": {"order": 13, "sequence": 20, "name": "BUTTERNUT STREET", "id": "800037406", "side": 1}, "geometry": {"type": "LineString", "coordinates": [[-76.1487904758933, 43.059103747798204], [-76.148735080383, 43.05912747367359]]}}, {"type": "Feature", "properties": {"order": 13, "sequence": 21, "name": "BUTTERNUT STREET", "id": "477432104", "side": 1}, "geometry": {"type": "LineString", "coordinates": [[-76.14936525035151, 43.058857636259994], [-76.1487904758933, 43.059103747798204]]}}, {"type": "Feature", "properties": {"order": 13, "sequence": 22, "name": "BUTTERNUT STREET", "id": "477432169", "side": 1}, "geometry": {"type": "LineString", "coordinates": [[-76.1499573039041, 43.05860261300159], [-76.14936525035151, 43.058857636259994]]}}, {"type": "Feature", "properties": {"order": 13, "sequence": 23, "name": "BUTTERNUT STREET", "id": "477432335", "side": 1}, "geometry": {"type": "LineString", "coordinates": [[-76.1511743279763, 43.058080609587584], [-76.1499573039041, 43.05860261300159]]}}, {"type": "Feature", "properties": {"order": 13, "sequence": 24, "name": "BUTTERNUT STREET", "id": "477432462", "side": 1}, "geometry": {"type": "LineString", "coordinates": [[-76.152046238181, 43.05771461159009], [-76.1511743279763, 43.058080609587584]]}}, {"type": "Feature", "properties": {"order": 13, "sequence": 25, "name": "BUTTERNUT STREET", "id": "477454134", "side": 1}, "geometry": {"type": "LineString", "coordinates": [[-76.1524683439566, 43.05751360423909], [-76.152046238181, 43.05771461159009]]}}, {"type": "Feature", "properties": {"order": 13, "sequence": 26, "name": "BUTTERNUT STREET", "id": "477454141", "side": 1}, "geometry": {"type": "LineString", "coordinates": [[-76.1529667077166, 43.05725111701668], [-76.1528395089673, 43.0573295884125], [-76.1527208675694, 43.0573889815955], [-76.1525233433098, 43.0574865761923], [-76.1524683439566, 43.05751360423909]]}}, {"type": "Feature", "properties": {"order": 13, "sequence": 27, "name": "BUTTERNUT STREET", "id": "477454132", "side": 1}, "geometry": {"type": "LineString", "coordinates": [[-76.1533581935174, 43.056816216039195], [-76.1532714530919, 43.05693831410799], [-76.1531969962296, 43.05702197258879], [-76.1530747471975, 43.0571561521387], [-76.1529667077166, 43.05725111701668]]}}, {"type": "Feature", "properties": {"order": 13, "sequence": 28, "name": "BUTTERNUT STREET", "id": "477432786", "side": 1}, "geometry": {"type": "LineString", "coordinates": [[-76.1534929623696, 43.05659466168609], [-76.1533581935174, 43.056816216039195]]}}, {"type": "Feature", "properties": {"order": 13, "sequence": 29, "name": "BUTTERNUT STREET", "id": "477432807", "side": 1}, "geometry": {"type": "LineString", "coordinates": [[-76.1536138351827, 43.0564153447708], [-76.1535210077728, 43.0565592328693], [-76.1534929623696, 43.05659466168609]]}}, {"type": "Feature", "properties": {"order": 13, "sequence": 30, "name": "BUTTERNUT STREET", "id": "477432842", "side": 0}, "geometry": {"type": "LineString", "coordinates": [[-76.1536138351827, 43.0564153447708], [-76.1537506468038, 43.056190887091084]]}}, {"type": "Feature", "properties": {"order": 13, "sequence": 31, "name": "BUTTERNUT STREET", "id": "477433208", "side": 0}, "geometry": {"type": "LineString", "coordinates": [[-76.1537506468038, 43.056190887091084], [-76.1543650818817, 43.055235585370795]]}}, {"type": "Feature", "properties": {"order": 13, "sequence": 32, "name": "BUTTERNUT STREET", "id": "477433291", "side": 1}, "geometry": {"type": "LineString", "coordinates": [[-76.1544709124054, 43.055093204535595], [-76.1543650818817, 43.055235585370795]]}}, {"type": "Feature", "properties": {"order": 13, "sequence": 33, "name": "BUTTERNUT STREET", "id": "700000805", "side": 1}, "geometry": {"type": "LineString", "coordinates": [[-76.1547043566999, 43.054749617915796], [-76.1544709124054, 43.055093204535595]]}}, {"type": "Feature", "properties": {"order": 13, "sequence": 34, "name": "NORTH FRANKLIN STREET", "id": "477433468", "side": 1}, "geometry": {"type": "LineString", "coordinates": [[-76.1548153588246, 43.05440262066399], [-76.1548042745123, 43.054518624899096], [-76.1547043566999, 43.054749617915796]]}}, {"type": "Feature", "properties": {"order": 13, "sequence": 35, "name": "NORTH FRANKLIN STREET", "id": "477433513", "side": 1}, "geometry": {"type": "LineString", "coordinates": [[-76.1548183367398, 43.054299574308], [-76.1548153588246, 43.05440262066399]]}}, {"type": "Feature", "properties": {"order": 13, "sequence": 36, "name": "NORTH FRANKLIN STREET", "id": "477433583", "side": 1}, "geometry": {"type": "LineString", "coordinates": [[-76.1548369094083, 43.054123864203085], [-76.1548183367398, 43.054299574308]]}}, {"type": "Feature", "properties": {"order": 13, "sequence": 37, "name": "NORTH FRANKLIN STREET", "id": "477433605", "side": 1}, "geometry": {"type": "LineString", "coordinates": [[-76.1548317979943, 43.054082465901], [-76.1548369094083, 43.054123864203085]]}}, {"type": "Feature", "properties": {"order": 13, "sequence": 38, "name": "NORTH FRANKLIN STREET", "id": "477433815", "side": 1}, "geometry": {"type": "LineString", "coordinates": [[-76.154841256356, 43.0533615751177], [-76.1548317979943, 43.054082465901]]}}, {"type": "Feature", "properties": {"order": 13, "sequence": 39, "name": "NORTH FRANKLIN STREET", "id": "477434143", "side": 1}, "geometry": {"type": "LineString", "coordinates": [[-76.1549033461118, 43.0524105735466], [-76.1548512869444, 43.05299965748209], [-76.154841256356, 43.0533615751177]]}}, {"type": "Feature", "properties": {"order": 13, "sequence": 40, "name": "NORTH FRANKLIN STREET", "id": "477434370", "side": 1}, "geometry": {"type": "LineString", "coordinates": [[-76.1550522903791, 43.051952612634], [-76.1549033461118, 43.0524105735466]]}}, {"type": "Feature", "properties": {"order": 13, "sequence": 41, "name": "NORTH FRANKLIN STREET", "id": "477434865", "side": 1}, "geometry": {"type": "LineString", "coordinates": [[-76.1554782930465, 43.0509546228411], [-76.1554433324122, 43.051309587745486], [-76.1550522903791, 43.051952612634]]}}, {"type": "Feature", "properties": {"order": 13, "sequence": 42, "name": "SOUTH FRANKLIN STREET", "id": "477435051", "side": 0}, "geometry": {"type": "LineString", "coordinates": [[-76.1554782930465, 43.0509546228411], [-76.155479673757, 43.0508463611659]]}}, {"type": "Feature", "properties": {"order": 13, "sequence": 43, "name": "SOUTH FRANKLIN STREET", "id": "800066358", "side": 0}, "geometry": {"type": "LineString", "coordinates": [[-76.155479673757, 43.0508463611659], [-76.1554863473413, 43.05057264448161]]}}, {"type": "Feature", "properties": {"order": 13, "sequence": 44, "name": "SOUTH FRANKLIN STREET", "id": "477435338", "side": 0}, "geometry": {"type": "LineString", "coordinates": [[-76.1554863473413, 43.05057264448161], [-76.1555243308064, 43.049626657652695]]}}, {"type": "Feature", "properties": {"order": 13, "sequence": 45, "name": "SOUTH FRANKLIN STREET", "id": "477435613", "side": 0}, "geometry": {"type": "LineString", "coordinates": [[-76.1555243308064, 43.049626657652695], [-76.155527270094, 43.04871065078869]]}}, {"type": "Feature", "properties": {"order": 13, "sequence": 46, "name": "SOUTH FRANKLIN STREET", "id": "477435890", "side": 0}, "geometry": {"type": "LineString", "coordinates": [[-76.155527270094, 43.04871065078869], [-76.1555312559189, 43.047974641313196]]}}, {"type": "Feature", "properties": {"order": 13, "sequence": 47, "name": "SOUTH FRANKLIN STREET", "id": "477436033", "side": 0}, "geometry": {"type": "LineString", "coordinates": [[-76.1555312559189, 43.047974641313196], [-76.1555353243889, 43.04750463504429]]}}, {"type": "Feature", "properties": {"order": 14, "sequence": 0, "name": "DESTINY USA DRIVE", "id": "477428951", "side": 1}, "geometry": {"type": "LineString", "coordinates": [[-76.17218035201881, 43.07344168947241], [-76.1725359141914, 43.0737156118324]]}}, {"type": "Feature", "properties": {"order": 14, "sequence": 1, "name": "DESTINY USA DRIVE", "id": "600055692", "side": 1}, "geometry": {"type": "LineString", "coordinates": [[-76.1715632669108, 43.07283283421109], [-76.171588486214, 43.072881967682605], [-76.1716879521739, 43.073013347274895], [-76.1718139453841, 43.07314452775589], [-76.1719514496063, 43.07326606243999], [-76.17218035201881, 43.07344168947241]]}}, {"type": "Feature", "properties": {"order": 14, "sequence": 2, "name": "DESTINY USA DRIVE", "id": "800037508", "side": 1}, "geometry": {"type": "LineString", "coordinates": [[-76.1713523002612, 43.0721786219751], [-76.1714334756236, 43.07248417146639], [-76.171513121155, 43.0727351137711], [-76.1715632669108, 43.07283283421109]]}}, {"type": "Feature", "properties": {"order": 14, "sequence": 3, "name": "DESTINY USA DRIVE", "id": "800037533", "side": 1}, "geometry": {"type": "LineString", "coordinates": [[-76.1711693781166, 43.0717919887132], [-76.1711913374337, 43.071819616142584], [-76.1712639554446, 43.07194936206499], [-76.1713025443743, 43.07205617890129], [-76.1713523002612, 43.0721786219751]]}}, {"type": "Feature", "properties": {"order": 14, "sequence": 4, "name": "DESTINY USA DRIVE", "id": "600024761", "side": 1}, "geometry": {"type": "LineString", "coordinates": [[-76.1704187907809, 43.071052518393], [-76.1710983393439, 43.071702604532696], [-76.1711693781166, 43.0717919887132]]}}, {"type": "Feature", "properties": {"order": 14, "sequence": 5, "name": "DESTINY USA DRIVE", "id": "600055690", "side": 1}, "geometry": {"type": "LineString", "coordinates": [[-76.1701657533317, 43.0708064554771], [-76.1703363218446, 43.0709736242329], [-76.1704187907809, 43.071052518393]]}}, {"type": "Feature", "properties": {"order": 14, "sequence": 6, "name": "DESTINY USA DRIVE", "id": "600024760", "side": 1}, "geometry": {"type": "LineString", "coordinates": [[-76.1696389273501, 43.0701154336883], [-76.1696511839639, 43.0701960732261], [-76.1696852759273, 43.0702856472866], [-76.1697512140657, 43.07038926723029], [-76.1698313015683, 43.07047865923219], [-76.1701657533317, 43.0708064554771]]}}, {"type": "Feature", "properties": {"order": 14, "sequence": 7, "name": "DESTINY USA DRIVE", "id": "600055693", "side": 1}, "geometry": {"type": "LineString", "coordinates": [[-76.1697183590825, 43.069480635609885], [-76.169630174166, 43.06996256726129], [-76.1696389273501, 43.0701154336883]]}}, {"type": "Feature", "properties": {"order": 14, "sequence": 8, "name": "DESTINY USA DRIVE", "id": "477429752", "side": 1}, "geometry": {"type": "LineString", "coordinates": [[-76.1697753131699, 43.06919459905551], [-76.1697183590825, 43.069480635609885]]}}, {"type": "Feature", "properties": {"order": 14, "sequence": 9, "name": "DESTINY USA DRIVE", "id": "477429759", "side": 1}, "geometry": {"type": "LineString", "coordinates": [[-76.1697863049557, 43.06913964697219], [-76.1697753131699, 43.06919459905551]]}}, {"type": "Feature", "properties": {"order": 14, "sequence": 10, "name": "DESTINY USA DRIVE", "id": "477429815", "side": 1}, "geometry": {"type": "LineString", "coordinates": [[-76.1698593290051, 43.0687815880267], [-76.1697863049557, 43.06913964697219]]}}, {"type": "Feature", "properties": {"order": 14, "sequence": 11, "name": "DESTINY USA DRIVE", "id": "477430093", "side": 1}, "geometry": {"type": "LineString", "coordinates": [[-76.169950877214, 43.068286798919395], [-76.1698843183397, 43.0686166340492], [-76.1698593290051, 43.0687815880267]]}}, {"type": "Feature", "properties": {"order": 14, "sequence": 12, "name": "DESTINY USA DRIVE", "id": "800037509", "side": 1}, "geometry": {"type": "LineString", "coordinates": [[-76.1705990754719, 43.0676490280653], [-76.1704052747292, 43.0677876324955], [-76.1701353309863, 43.0679885897575], [-76.1700293423592, 43.0680986324403], [-76.1699672651798, 43.06820561480179], [-76.169950877214, 43.068286798919395]]}}, {"type": "Feature", "properties": {"order": 14, "sequence": 13, "name": "DESTINY USA DRIVE", "id": "477454199", "side": 1}, "geometry": {"type": "LineString", "coordinates": [[-76.171077281037, 43.06727459378639], [-76.1705990754719, 43.0676490280653]]}}, {"type": "Feature", "properties": {"order": 14, "sequence": 14, "name": "HARBORSIDE DRIVE", "id": "600058802", "side": 0}, "geometry": {"type": "LineString", "coordinates": [[-76.171077281037, 43.06727459378639], [-76.1712209584819, 43.067165119264594], [-76.1713917336073, 43.0670204186557], [-76.1715150031255, 43.066906704173675], [-76.1715413965268, 43.066876402851896]]}}, {"type": "Feature", "properties": {"order": 14, "sequence": 15, "name": "HARBORSIDE DRIVE", "id": "800037555", "side": 0}, "geometry": {"type": "LineString", "coordinates": [[-76.1715413965268, 43.066876402851896], [-76.171582417196, 43.06682929244389], [-76.1716533733237, 43.06673279031708], [-76.1717853870429, 43.066528892110085]]}}, {"type": "Feature", "properties": {"order": 14, "sequence": 16, "name": "HARBORSIDE DRIVE", "id": "800036189", "side": 0}, "geometry": {"type": "LineString", "coordinates": [[-76.1717853870429, 43.066528892110085], [-76.1718587246043, 43.0664214067403], [-76.1719041299504, 43.06634850629749], [-76.1720204860342, 43.06624919782799]]}}, {"type": "Feature", "properties": {"order": 14, "sequence": 17, "name": "HARBORSIDE DRIVE", "id": "600058801", "side": 0}, "geometry": {"type": "LineString", "coordinates": [[-76.1720204860342, 43.06624919782799], [-76.1720781003832, 43.06620286331469], [-76.1722400351879, 43.0661049065439], [-76.1724375217183, 43.06601521152469], [-76.1726038977938, 43.06596346711509], [-76.1727820858169, 43.065935436714696], [-76.1729265933051, 43.065930380071386], [-76.1730616693811, 43.06594209796389]]}}, {"type": "Feature", "properties": {"order": 14, "sequence": 18, "name": "HARBORSIDE DRIVE", "id": "600055685", "side": 0}, "geometry": {"type": "LineString", "coordinates": [[-76.1730616693811, 43.06594209796389], [-76.17316928845051, 43.065962443973895], [-76.1732967477112, 43.0660004432566], [-76.1733933821812, 43.0660411450753], [-76.1735202925713, 43.06611666377981], [-76.1743632842103, 43.0666236331202], [-76.1744608816744, 43.066683171524396]]}}, {"type": "Feature", "properties": {"order": 14, "sequence": 19, "name": "HARBORSIDE DRIVE", "id": "800037546", "side": 0}, "geometry": {"type": "LineString", "coordinates": [[-76.1744608816744, 43.066683171524396], [-76.1745730758635, 43.06677255449339], [-76.1746493877469, 43.06685515608531], [-76.1747793110864, 43.067024581370696], [-76.1748290669733, 43.0670748850314], [-76.17490625022262, 43.06712458225919], [-76.1755598716098, 43.067419766305996]]}}, {"type": "Feature", "properties": {"order": 14, "sequence": 20, "name": "HARBORSIDE DRIVE", "id": "600024755", "side": 0}, "geometry": {"type": "LineString", "coordinates": [[-76.1755598716098, 43.067419766305996], [-76.176504355808, 43.06784629891159], [-76.1766425508346, 43.06793541308699], [-76.1767683014997, 43.06806158340729], [-76.176828309859, 43.06816164035471], [-76.1768651857014, 43.068324303257306]]}}, {"type": "Feature", "properties": {"order": 14, "sequence": 21, "name": "HARBORSIDE DRIVE", "id": "600024757", "side": 0}, "geometry": {"type": "LineString", "coordinates": [[-76.1768651857014, 43.068324303257306], [-76.17687264710821, 43.06841193360329], [-76.17686160322, 43.068514495553394], [-76.1768211961003, 43.068610218528896], [-76.1767705706441, 43.06868221065508], [-76.1763845259389, 43.06914312245319]]}}, {"type": "Feature", "properties": {"order": 14, "sequence": 22, "name": "HARBORSIDE DRIVE", "id": "800037540", "side": 0}, "geometry": {"type": "LineString", "coordinates": [[-76.1763845259389, 43.06914312245319], [-76.1757693578358, 43.069877595585794], [-76.1755307500249, 43.07017467667598]]}}, {"type": "Feature", "properties": {"order": 14, "sequence": 23, "name": "HARBORSIDE DRIVE", "id": "600035915", "side": 0}, "geometry": {"type": "LineString", "coordinates": [[-76.1755307500249, 43.07017467667598], [-76.1749902678545, 43.070847586559005], [-76.1746870280556, 43.07121382967661]]}}, {"type": "Feature", "properties": {"order": 14, "sequence": 24, "name": "HARBORSIDE DRIVE", "id": "600035916", "side": 0}, "geometry": {"type": "LineString", "coordinates": [[-76.1746870280556, 43.07121382967661], [-76.1737423076005, 43.07234861723089]]}}, {"type": "Feature", "properties": {"order": 14, "sequence": 25, "name": "HARBORSIDE DRIVE", "id": "600024759", "side": 0}, "geometry": {"type": "LineString", "coordinates": [[-76.1737423076005, 43.07234861723089], [-76.1733532508442, 43.07282464999822], [-76.1731203599118, 43.0731205960075], [-76.1728663145529, 43.0734216208931]]}}, {"type": "Feature", "properties": {"order": 14, "sequence": 26, "name": "HARBORSIDE DRIVE", "id": "477428959", "side": 0}, "geometry": {"type": "LineString", "coordinates": [[-76.1728663145529, 43.0734216208931], [-76.1727561909805, 43.073541811787685], [-76.1726795530087, 43.0736131235492], [-76.1726128800483, 43.073661451240206], [-76.1725359141914, 43.0737156118324]]}}, {"type": "Feature", "properties": {"order": 14, "sequence": 27, "name": "HARBORSIDE DRIVE", "id": "477428878", "side": 0}, "geometry": {"type": "LineString", "coordinates": [[-76.1725359141914, 43.0737156118324], [-76.1722512829936, 43.07391058353101]]}}, {"type": "Feature", "properties": {"order": 14, "sequence": 28, "name": "HARBORSIDE DRIVE", "id": "477428848", "side": 0}, "geometry": {"type": "LineString", "coordinates": [[-76.1722512829936, 43.07391058353101], [-76.1719483135876, 43.07408766087251], [-76.171862356493, 43.0741405887578]]}}, {"type": "Feature", "properties": {"order": 14, "sequence": 29, "name": "HARBORSIDE DRIVE", "id": "477428815", "side": 0}, "geometry": {"type": "LineString", "coordinates": [[-76.171862356493, 43.0741405887578], [-76.1717743593244, 43.07418957616239]]}}, {"type": "Feature", "properties": {"order": 14, "sequence": 30, "name": "HARBORSIDE DRIVE", "id": "477428808", "side": 0}, "geometry": {"type": "LineString", "coordinates": [[-76.1717743593244, 43.07418957616239], [-76.1716902743189, 43.0742376225486]]}}, {"type": "Feature", "properties": {"order": 14, "sequence": 31, "name": "HARBORSIDE DRIVE", "id": "477428795", "side": 0}, "geometry": {"type": "LineString", "coordinates": [[-76.1716902743189, 43.0742376225486], [-76.1710533059004, 43.07460757846118]]}}, {"type": "Feature", "properties": {"order": 14, "sequence": 32, "name": "HARBORSIDE DRIVE", "id": "477428710", "side": 0}, "geometry": {"type": "LineString", "coordinates": [[-76.1710533059004, 43.07460757846118], [-76.17095032303621, 43.074669595403606]]}}, {"type": "Feature", "properties": {"order": 14, "sequence": 33, "name": "NBT BANK PARKWAY", "id": "477428696", "side": 0}, "geometry": {"type": "LineString", "coordinates": [[-76.17095032303621, 43.074669595403606], [-76.1708506181245, 43.0747282375157]]}}, {"type": "Feature", "properties": {"order": 14, "sequence": 34, "name": "NBT BANK PARKWAY", "id": "800030860", "side": 0}, "geometry": {"type": "LineString", "coordinates": [[-76.1708506181245, 43.0747282375157], [-76.1702192650748, 43.07510462433689], [-76.1696513788983, 43.07544514999118]]}}, {"type": "Feature", "properties": {"order": 14, "sequence": 35, "name": "NBT BANK PARKWAY", "id": "800030859", "side": 0}, "geometry": {"type": "LineString", "coordinates": [[-76.1696513788983, 43.07544514999118], [-76.1692874884447, 43.0756633553416]]}}, {"type": "Feature", "properties": {"order": 14, "sequence": 36, "name": "NBT BANK PARKWAY", "id": "477428690", "side": 0}, "geometry": {"type": "LineString", "coordinates": [[-76.1692874884447, 43.0756633553416], [-76.1687082969703, 43.0760106463145], [-76.1685823280147, 43.0760656020799], [-76.1683533115161, 43.07614060974329], [-76.1682102476206, 43.07616863482069], [-76.168089504165, 43.0761753874779]]}}, {"type": "Feature", "properties": {"order": 14, "sequence": 37, "name": "NBT BANK PARKWAY", "id": "800030858", "side": 0}, "geometry": {"type": "LineString", "coordinates": [[-76.168089504165, 43.0761753874779], [-76.1679422568152, 43.076183617175296], [-76.1677822938125, 43.0761756145131], [-76.1676362681715, 43.0761576544513], [-76.1674342810816, 43.07611658205158], [-76.1665189669773, 43.0758351414749], [-76.166402837269, 43.0758092028817], [-76.1662706591581, 43.0757972053763]]}}, {"type": "Feature", "properties": {"order": 14, "sequence": 38, "name": "NBT BANK PARKWAY", "id": "477428457", "side": 0}, "geometry": {"type": "LineString", "coordinates": [[-76.1662706591581, 43.0757972053763], [-76.1661423860237, 43.07581948448728], [-76.1660373693737, 43.07586915428349], [-76.1659969640506, 43.0759084669905], [-76.1658889488241, 43.07597103445809], [-76.1657372620002, 43.076108580036795], [-76.1656103489152, 43.0762046041454], [-76.16504931418932, 43.076578615761484]]}}, {"type": "Feature", "properties": {"order": 14, "sequence": 39, "name": "NBT BANK PARKWAY", "id": "477428297", "side": 0}, "geometry": {"type": "LineString", "coordinates": [[-76.16504931418932, 43.076578615761484], [-76.1644843134015, 43.07697058492351]]}}, {"type": "Feature", "properties": {"order": 15, "sequence": 0, "name": "EAST ADAMS STREET", "id": "477437473", "side": 1}, "geometry": {"type": "LineString", "coordinates": [[-76.1303793451435, 43.04262364621081], [-76.1287482516242, 43.0426185850189]]}}, {"type": "Feature", "properties": {"order": 15, "sequence": 1, "name": "EAST ADAMS STREET", "id": "477437468", "side": 1}, "geometry": {"type": "LineString", "coordinates": [[-76.1322042528803, 43.0426265861533], [-76.1303793451435, 43.04262364621081]]}}, {"type": "Feature", "properties": {"order": 15, "sequence": 2, "name": "EAST ADAMS STREET", "id": "477437466", "side": 1}, "geometry": {"type": "LineString", "coordinates": [[-76.1328193383385, 43.04263364582249], [-76.1322042528803, 43.0426265861533]]}}, {"type": "Feature", "properties": {"order": 15, "sequence": 3, "name": "EAST ADAMS STREET", "id": "477437464", "side": 1}, "geometry": {"type": "LineString", "coordinates": [[-76.1344182389329, 43.042650584298094], [-76.1328193383385, 43.04263364582249]]}}, {"type": "Feature", "properties": {"order": 15, "sequence": 4, "name": "EAST ADAMS STREET", "id": "477437457", "side": 1}, "geometry": {"type": "LineString", "coordinates": [[-76.1366243099295, 43.04268461420679], [-76.1344182389329, 43.042650584298094]]}}, {"type": "Feature", "properties": {"order": 15, "sequence": 5, "name": "EAST ADAMS STREET", "id": "477437438", "side": 1}, "geometry": {"type": "LineString", "coordinates": [[-76.1378493460758, 43.042686577230306], [-76.1366243099295, 43.04268461420679]]}}, {"type": "Feature", "properties": {"order": 15, "sequence": 6, "name": "EAST ADAMS STREET", "id": "477437441", "side": 1}, "geometry": {"type": "LineString", "coordinates": [[-76.1392492581566, 43.04268462536789], [-76.1378493460758, 43.042686577230306]]}}, {"type": "Feature", "properties": {"order": 15, "sequence": 7, "name": "EAST ADAMS STREET", "id": "477437436", "side": 1}, "geometry": {"type": "LineString", "coordinates": [[-76.1405483343469, 43.04269365658849], [-76.1404002542588, 43.04269261073699], [-76.1392492581566, 43.04268462536789]]}}, {"type": "Feature", "properties": {"order": 15, "sequence": 8, "name": "EAST ADAMS STREET", "id": "507666606", "side": 1}, "geometry": {"type": "LineString", "coordinates": [[-76.1421532913829, 43.0427125876141], [-76.1413503062151, 43.0426956557208], [-76.1406972534614, 43.042693612601006], [-76.1405483343469, 43.04269365658849]]}}, {"type": "Feature", "properties": {"order": 15, "sequence": 9, "name": "EAST ADAMS STREET", "id": "507666605", "side": 1}, "geometry": {"type": "LineString", "coordinates": [[-76.1422722939036, 43.042714641237694], [-76.1421532913829, 43.0427125876141]]}}, {"type": "Feature", "properties": {"order": 15, "sequence": 10, "name": "EAST ADAMS STREET", "id": "477437416", "side": 1}, "geometry": {"type": "LineString", "coordinates": [[-76.1424541299851, 43.0427186526316], [-76.1422722939036, 43.042714641237694]]}}, {"type": "Feature", "properties": {"order": 15, "sequence": 11, "name": "EAST ADAMS STREET", "id": "477437410", "side": 1}, "geometry": {"type": "LineString", "coordinates": [[-76.1425118269792, 43.0427210568416], [-76.1424541299851, 43.0427186526316]]}}, {"type": "Feature", "properties": {"order": 15, "sequence": 12, "name": "EAST ADAMS STREET", "id": "477437408", "side": 1}, "geometry": {"type": "LineString", "coordinates": [[-76.1425704986453, 43.04272102073249], [-76.1425118269792, 43.0427210568416]]}}, {"type": "Feature", "properties": {"order": 15, "sequence": 13, "name": "EAST ADAMS STREET", "id": "506022033", "side": 1}, "geometry": {"type": "LineString", "coordinates": [[-76.14266334222481, 43.04272262397679], [-76.1426003424756, 43.04272163196119], [-76.1425704986453, 43.04272102073249]]}}, {"type": "Feature", "properties": {"order": 15, "sequence": 14, "name": "EAST ADAMS STREET", "id": "477437403", "side": 1}, "geometry": {"type": "LineString", "coordinates": [[-76.1431102513838, 43.042730587018994], [-76.1429482617818, 43.04272761294211], [-76.14266334222481, 43.04272262397679]]}}, {"type": "Feature", "properties": {"order": 15, "sequence": 15, "name": "EAST ADAMS STREET", "id": "477437396", "side": 1}, "geometry": {"type": "LineString", "coordinates": [[-76.1439932854266, 43.042747606877505], [-76.1431102513838, 43.042730587018994]]}}, {"type": "Feature", "properties": {"order": 15, "sequence": 16, "name": "EAST ADAMS STREET", "id": "477437384", "side": 1}, "geometry": {"type": "LineString", "coordinates": [[-76.1448623174291, 43.0427576458607], [-76.1439932854266, 43.042747606877505]]}}, {"type": "Feature", "properties": {"order": 15, "sequence": 17, "name": "EAST ADAMS STREET", "id": "509998031", "side": 1}, "geometry": {"type": "LineString", "coordinates": [[-76.1456803152419, 43.04275657309249], [-76.1448623174291, 43.0427576458607]]}}, {"type": "Feature", "properties": {"order": 15, "sequence": 18, "name": "EAST ADAMS STREET", "id": "509998037", "side": 1}, "geometry": {"type": "LineString", "coordinates": [[-76.1457812993546, 43.04275358063399], [-76.1456803152419, 43.04275657309249]]}}, {"type": "Feature", "properties": {"order": 15, "sequence": 19, "name": "EAST ADAMS STREET", "id": "509998040", "side": 1}, "geometry": {"type": "LineString", "coordinates": [[-76.147544292507, 43.04274762132109], [-76.1457812993546, 43.04275358063399]]}}, {"type": "Feature", "properties": {"order": 15, "sequence": 20, "name": "EAST ADAMS STREET", "id": "477437383", "side": 1}, "geometry": {"type": "LineString", "coordinates": [[-76.1488693309073, 43.0427596292342], [-76.147544292507, 43.04274762132109]]}}, {"type": "Feature", "properties": {"order": 15, "sequence": 21, "name": "EAST ADAMS STREET", "id": "477437378", "side": 1}, "geometry": {"type": "LineString", "coordinates": [[-76.15015432600552, 43.042770584072905], [-76.1488693309073, 43.0427596292342]]}}, {"type": "Feature", "properties": {"order": 15, "sequence": 22, "name": "EAST ADAMS STREET", "id": "477437369", "side": 1}, "geometry": {"type": "LineString", "coordinates": [[-76.15087534529361, 43.0427765722708], [-76.15015432600552, 43.042770584072905]]}}, {"type": "Feature", "properties": {"order": 15, "sequence": 23, "name": "EAST ADAMS STREET", "id": "477437366", "side": 1}, "geometry": {"type": "LineString", "coordinates": [[-76.1515423201375, 43.042774634854794], [-76.1513013102316, 43.0427805718431], [-76.15087534529361, 43.0427765722708]]}}, {"type": "Feature", "properties": {"order": 15, "sequence": 24, "name": "WEST ADAMS STREET", "id": "477437526", "side": 0}, "geometry": {"type": "LineString", "coordinates": [[-76.1515423201375, 43.042774634854794], [-76.1516243399162, 43.0427685862561], [-76.1527953558728, 43.0425146542121]]}}, {"type": "Feature", "properties": {"order": 15, "sequence": 25, "name": "WEST ADAMS STREET", "id": "477437548", "side": 0}, "geometry": {"type": "LineString", "coordinates": [[-76.1527953558728, 43.0425146542121], [-76.1530412723768, 43.042462649678995]]}}, {"type": "Feature", "properties": {"order": 15, "sequence": 26, "name": "WEST ADAMS STREET", "id": "477437577", "side": 0}, "geometry": {"type": "LineString", "coordinates": [[-76.1530412723768, 43.042462649678995], [-76.1532642378236, 43.04241762929469], [-76.1534309795133, 43.042389240167694], [-76.153570516623, 43.04238187255659], [-76.1537136182478, 43.0423911546172], [-76.153874847875, 43.04241454424859]]}}, {"type": "Feature", "properties": {"order": 15, "sequence": 27, "name": "WEST ADAMS STREET", "id": "477437571", "side": 0}, "geometry": {"type": "LineString", "coordinates": [[-76.153874847875, 43.04241454424859], [-76.1540314278223, 43.042449894574304]]}}, {"type": "Feature", "properties": {"order": 15, "sequence": 28, "name": "WEST ADAMS STREET", "id": "800037280", "side": 0}, "geometry": {"type": "LineString", "coordinates": [[-76.1540314278223, 43.042449894574304], [-76.1543452955893, 43.0425196504161]]}}, {"type": "Feature", "properties": {"order": 15, "sequence": 29, "name": "WEST ADAMS STREET", "id": "477437541", "side": 0}, "geometry": {"type": "LineString", "coordinates": [[-76.1543452955893, 43.0425196504161], [-76.1546768251331, 43.042583905108096]]}}, {"type": "Feature", "properties": {"order": 15, "sequence": 30, "name": "SHONNARD STREET", "id": "477437506", "side": 0}, "geometry": {"type": "LineString", "coordinates": [[-76.1546768251331, 43.042583905108096], [-76.154821314655, 43.0425676165796], [-76.1550493331252, 43.0425826045208], [-76.1555602661127, 43.04256763036679], [-76.1557453487057, 43.042551623485686]]}}, {"type": "Feature", "properties": {"order": 16, "sequence": 0, "name": "NORTH BEECH STREET", "id": "477434049", "side": 1}, "geometry": {"type": "LineString", "coordinates": [[-76.12754327934991, 43.0527335964123], [-76.1275592361243, 43.053128664071096], [-76.1277453302203, 43.0554506305907]]}}, {"type": "Feature", "properties": {"order": 16, "sequence": 1, "name": "NORTH BEECH STREET", "id": "477434445", "side": 1}, "geometry": {"type": "LineString", "coordinates": [[-76.1275755630046, 43.0519026943623], [-76.1275402834684, 43.05267059167748], [-76.12754327934991, 43.0527335964123]]}}, {"type": "Feature", "properties": {"order": 16, "sequence": 2, "name": "NORTH BEECH STREET", "id": "477434506", "side": 1}, "geometry": {"type": "LineString", "coordinates": [[-76.1275827252724, 43.0517192577394], [-76.1275755630046, 43.0519026943623]]}}, {"type": "Feature", "properties": {"order": 16, "sequence": 3, "name": "NORTH BEECH STREET", "id": "477434829", "side": 1}, "geometry": {"type": "LineString", "coordinates": [[-76.1276072367032, 43.05105058329588], [-76.1275827252724, 43.0517192577394]]}}, {"type": "Feature", "properties": {"order": 16, "sequence": 4, "name": "NORTH BEECH STREET", "id": "477435105", "side": 1}, "geometry": {"type": "LineString", "coordinates": [[-76.127623303072, 43.05041963216809], [-76.1276072367032, 43.05105058329588]]}}, {"type": "Feature", "properties": {"order": 16, "sequence": 5, "name": "SOUTH BEECH STREET", "id": "477435211", "side": 0}, "geometry": {"type": "LineString", "coordinates": [[-76.127623303072, 43.05041963216809], [-76.1276282456028, 43.050166635725404]]}}, {"type": "Feature", "properties": {"order": 16, "sequence": 6, "name": "SOUTH BEECH STREET", "id": "800066570", "side": 0}, "geometry": {"type": "LineString", "coordinates": [[-76.1276282456028, 43.050166635725404], [-76.1276294789896, 43.05013947380679]]}}, {"type": "Feature", "properties": {"order": 16, "sequence": 7, "name": "SOUTH BEECH STREET", "id": "477435509", "side": 0}, "geometry": {"type": "LineString", "coordinates": [[-76.1276294789896, 43.05013947380679], [-76.1276522387057, 43.04919765341279]]}}, {"type": "Feature", "properties": {"order": 16, "sequence": 8, "name": "SOUTH BEECH STREET", "id": "477435733", "side": 0}, "geometry": {"type": "LineString", "coordinates": [[-76.1276522387057, 43.04919765341279], [-76.1276732952159, 43.0483766496168]]}}, {"type": "Feature", "properties": {"order": 16, "sequence": 9, "name": "SOUTH BEECH STREET", "id": "477436225", "side": 0}, "geometry": {"type": "LineString", "coordinates": [[-76.1276732952159, 43.0483766496168], [-76.1277102294488, 43.0470685948805], [-76.127702323376, 43.0470056388144]]}}, {"type": "Feature", "properties": {"order": 16, "sequence": 10, "name": "SOUTH BEECH STREET", "id": "477436428", "side": 0}, "geometry": {"type": "LineString", "coordinates": [[-76.127702323376, 43.0470056388144], [-76.1276402605697, 43.0468616317973], [-76.1272983276366, 43.04621160522539]]}}, {"type": "Feature", "properties": {"order": 16, "sequence": 11, "name": "SOUTH BEECH STREET", "id": "477436605", "side": 0}, "geometry": {"type": "LineString", "coordinates": [[-76.1272983276366, 43.04621160522539], [-76.1271212885587, 43.045876656252794], [-76.1270303026951, 43.0457756169244], [-76.1269132531119, 43.045719588202395], [-76.1265592674826, 43.045597635861085], [-76.1264693048002, 43.0455725871581], [-76.1258492911844, 43.04548557804069], [-76.1257583134056, 43.04545864841981]]}}, {"type": "Feature", "properties": {"order": 16, "sequence": 12, "name": "SOUTH BEECH STREET", "id": "477436647", "side": 0}, "geometry": {"type": "LineString", "coordinates": [[-76.1257583134056, 43.04545864841981], [-76.1255292915172, 43.0453756247572], [-76.125439269546, 43.0453606611324]]}}, {"type": "Feature", "properties": {"order": 16, "sequence": 13, "name": "MADISON STREET", "id": "477436649", "side": 0}, "geometry": {"type": "LineString", "coordinates": [[-76.125439269546, 43.0453606611324], [-76.1253572677336, 43.045354623949194], [-76.12355831142712, 43.04543263460469]]}}, {"type": "Feature", "properties": {"order": 16, "sequence": 14, "name": "MADISON STREET", "id": "477436614", "side": 0}, "geometry": {"type": "LineString", "coordinates": [[-76.12355831142712, 43.04543263460469], [-76.1224472382527, 43.04547559530639]]}}, {"type": "Feature", "properties": {"order": 17, "sequence": 0, "name": "WEST STREET ARTERIAL SOUTHBOUND", "id": "477433862", "side": 1}, "geometry": {"type": "LineString", "coordinates": [[-76.1585091378482, 43.0534185552249], [-76.1585053496526, 43.053535603049696]]}}, {"type": "Feature", "properties": {"order": 17, "sequence": 1, "name": "WEST STREET ARTERIAL SOUTHBOUND", "id": "800037032", "side": 1}, "geometry": {"type": "LineString", "coordinates": [[-76.1585143022627, 43.053295631596995], [-76.1585091378482, 43.0534185552249]]}}, {"type": "Feature", "properties": {"order": 17, "sequence": 2, "name": "WEST STREET ARTERIAL SOUTHBOUND", "id": "477433944", "side": 1}, "geometry": {"type": "LineString", "coordinates": [[-76.1585316011201, 43.0531552680238], [-76.1585143022627, 43.053295631596995]]}}, {"type": "Feature", "properties": {"order": 17, "sequence": 3, "name": "WEST STREET ARTERIAL SOUTHBOUND", "id": "477434349", "side": 1}, "geometry": {"type": "LineString", "coordinates": [[-76.1589643591184, 43.0507345879837], [-76.1588142766855, 43.051495579783484], [-76.1587163360651, 43.05200660795109], [-76.158598298335, 43.052591589837405], [-76.1585316011201, 43.0531552680238]]}}, {"type": "Feature", "properties": {"order": 17, "sequence": 4, "name": "WEST STREET ARTERIAL SOUTHBOUND", "id": "513530734", "side": 1}, "geometry": {"type": "LineString", "coordinates": [[-76.1590293037202, 43.05041461691409], [-76.1589843044126, 43.05063965437011], [-76.1589643591184, 43.0507345879837]]}}, {"type": "Feature", "properties": {"order": 17, "sequence": 5, "name": "SOUTH WEST STREET", "id": "477435228", "side": 0}, "geometry": {"type": "LineString", "coordinates": [[-76.1590293037202, 43.05041461691409], [-76.1590803343165, 43.0500926255906]]}}, {"type": "Feature", "properties": {"order": 17, "sequence": 6, "name": "SOUTH WEST STREET", "id": "477435492", "side": 0}, "geometry": {"type": "LineString", "coordinates": [[-76.1590803343165, 43.0500926255906], [-76.1590902499206, 43.0497976154467], [-76.1590853253562, 43.049692578203704], [-76.1590642562695, 43.04949963669979], [-76.1590192839115, 43.04925660020189]]}}, {"type": "Feature", "properties": {"order": 17, "sequence": 7, "name": "SOUTH WEST STREET", "id": "477435608", "side": 0}, "geometry": {"type": "LineString", "coordinates": [[-76.1590192839115, 43.04925660020189], [-76.1589132593518, 43.048731608434096]]}}, {"type": "Feature", "properties": {"order": 17, "sequence": 8, "name": "SOUTH WEST STREET", "id": "477435773", "side": 0}, "geometry": {"type": "LineString", "coordinates": [[-76.1589132593518, 43.048731608434096], [-76.1588606504154, 43.04831635884581]]}}, {"type": "Feature", "properties": {"order": 17, "sequence": 9, "name": "SOUTH WEST STREET", "id": "800036741", "side": 0}, "geometry": {"type": "LineString", "coordinates": [[-76.1588606504154, 43.04831635884581], [-76.158853309383, 43.04825843262041]]}}, {"type": "Feature", "properties": {"order": 17, "sequence": 10, "name": "SOUTH WEST STREET", "id": "477435936", "side": 0}, "geometry": {"type": "LineString", "coordinates": [[-76.158853309383, 43.04825843262041], [-76.1588131151639, 43.0480558423739], [-76.1587897733395, 43.047920753390585], [-76.1587952997752, 43.04774865925819]]}}, {"type": "Feature", "properties": {"order": 17, "sequence": 11, "name": "WEST STREET ARTERIAL SOUTHBOUND", "id": "477436151", "side": 0}, "geometry": {"type": "LineString", "coordinates": [[-76.1587952997752, 43.04774865925819], [-76.1588619933968, 43.04754643626849], [-76.1588933715497, 43.0474184203809], [-76.158911023445, 43.0473210336208], [-76.1589154180034, 43.04720948181319], [-76.1589095034956, 43.047112495832]]}}, {"type": "Feature", "properties": {"order": 17, "sequence": 12, "name": "WEST STREET ARTERIAL SOUTHBOUND", "id": "477436551", "side": 0}, "geometry": {"type": "LineString", "coordinates": [[-76.1589095034956, 43.047112495832], [-76.1588886239534, 43.04698690934099], [-76.1588057390971, 43.046570326431095], [-76.1586372852184, 43.04566157483651], [-76.1585133069294, 43.0450366297788], [-76.1584492489648, 43.044718595226094]]}}, {"type": "Feature", "properties": {"order": 17, "sequence": 13, "name": "WEST STREET ARTERIAL SOUTHBOUND", "id": "477437219", "side": 0}, "geometry": {"type": "LineString", "coordinates": [[-76.1584492489648, 43.044718595226094], [-76.1581932731263, 43.04345960115519]]}}, {"type": "Feature", "properties": {"order": 17, "sequence": 14, "name": "WEST STREET ARTERIAL SOUTHBOUND", "id": "477437504", "side": 0}, "geometry": {"type": "LineString", "coordinates": [[-76.1581932731263, 43.04345960115519], [-76.1580333433613, 43.042678604334505], [-76.15799933583962, 43.0425545903494]]}}, {"type": "Feature", "properties": {"order": 17, "sequence": 15, "name": "WEST STREET ARTERIAL SOUTHBOUND", "id": "504325349", "side": 0}, "geometry": {"type": "LineString", "coordinates": [[-76.15799933583962, 43.0425545903494], [-76.1578783085163, 43.0422555922721], [-76.1576652505888, 43.04188062277839], [-76.1574983310326, 43.04168060152009]]}}, {"type": "Feature", "properties": {"order": 18, "sequence": 0, "name": "MONTICELLO DRIVE SOUTH", "id": "482659668", "side": 1}, "geometry": {"type": "LineString", "coordinates": [[-76.1387362841968, 42.99875862223539], [-76.1388113312523, 42.9977936236739], [-76.1388242553142, 42.99770956906761], [-76.1388652364575, 42.997603622716], [-76.1389202950996, 42.997522570398004], [-76.1390383364228, 42.997417568509896], [-76.1391403032925, 42.99734559391771], [-76.1392372665459, 42.997301585093595], [-76.1393723471135, 42.9972755666347], [-76.1397333440936, 42.99725963532471], [-76.1399062284633, 42.9972545815611], [-76.1403483298387, 42.99725260920041]]}}, {"type": "Feature", "properties": {"order": 18, "sequence": 1, "name": "MONTICELLO DRIVE SOUTH", "id": "477446128", "side": 1}, "geometry": {"type": "LineString", "coordinates": [[-76.1387032522455, 42.999806588572994], [-76.1387362841968, 42.99875862223539]]}}, {"type": "Feature", "properties": {"order": 18, "sequence": 2, "name": "MONTICELLO DRIVE SOUTH", "id": "477446020", "side": 1}, "geometry": {"type": "LineString", "coordinates": [[-76.13870034799221, 43.0003135974738], [-76.1386902617081, 43.00000662803781], [-76.1387032522455, 42.999806588572994]]}}, {"type": "Feature", "properties": {"order": 18, "sequence": 3, "name": "MONTICELLO DRIVE NORTH", "id": "477445939", "side": 0}, "geometry": {"type": "LineString", "coordinates": [[-76.13870034799221, 43.0003135974738], [-76.1387033384838, 43.0005485971637], [-76.1386592734241, 43.00087960793368], [-76.1386582466497, 43.001129595639306], [-76.1387192817834, 43.0020295746229]]}}, {"type": "Feature", "properties": {"order": 18, "sequence": 4, "name": "MONTICELLO DRIVE NORTH", "id": "477445752", "side": 0}, "geometry": {"type": "LineString", "coordinates": [[-76.1387192817834, 43.0020295746229], [-76.1387422777564, 43.00271660455309], [-76.1388012449683, 43.0034646002531], [-76.1387883101265, 43.003594580134894], [-76.1387072344771, 43.003954594998895], [-76.1386642554807, 43.0044176073297]]}}, {"type": "Feature", "properties": {"order": 18, "sequence": 5, "name": "MONTICELLO DRIVE NORTH", "id": "477445466", "side": 0}, "geometry": {"type": "LineString", "coordinates": [[-76.1386642554807, 43.0044176073297], [-76.1386463224127, 43.0049545711305], [-76.1386952779007, 43.0055856015247]]}}, {"type": "Feature", "properties": {"order": 18, "sequence": 6, "name": "SPRINGBROOK AVENUE", "id": "477445283", "side": 1}, "geometry": {"type": "LineString", "coordinates": [[-76.13875923255901, 43.0063775817279], [-76.1387342755638, 43.0061955698421], [-76.1386952779007, 43.0055856015247]]}}, {"type": "Feature", "properties": {"order": 18, "sequence": 7, "name": "SPRINGBROOK AVENUE", "id": "477445165", "side": 1}, "geometry": {"type": "LineString", "coordinates": [[-76.1388293496602, 43.00717760477399], [-76.138781262843, 43.0065406219926], [-76.13875923255901, 43.0063775817279]]}}, {"type": "Feature", "properties": {"order": 18, "sequence": 8, "name": "SPRINGBROOK AVENUE", "id": "477445038", "side": 1}, "geometry": {"type": "LineString", "coordinates": [[-76.1389073000707, 43.0076775942617], [-76.1388563494244, 43.007423621470494], [-76.1388293496602, 43.00717760477399]]}}, {"type": "Feature", "properties": {"order": 19, "sequence": 0, "name": "SUMNER AVENUE", "id": "477439415", "side": 0}, "geometry": {"type": "LineString", "coordinates": [[-76.1258092541704, 43.0381066331426], [-76.1257853437125, 43.0377455913277], [-76.1256553260499, 43.036475647248785]]}}, {"type": "Feature", "properties": {"order": 19, "sequence": 1, "name": "SUMNER AVENUE", "id": "477440081", "side": 0}, "geometry": {"type": "LineString", "coordinates": [[-76.1256553260499, 43.036475647248785], [-76.1255312480479, 43.03497962021802], [-76.1254512431904, 43.0341686142652]]}}, {"type": "Feature", "properties": {"order": 19, "sequence": 2, "name": "DORSET ROAD", "id": "477440397", "side": 1}, "geometry": {"type": "LineString", "coordinates": [[-76.1275973210991, 43.0331285812439], [-76.1274193360952, 43.03315563906708], [-76.1271052446477, 43.033170619458005], [-76.1267453013915, 43.033215586874], [-76.1262612307259, 43.0333195859627], [-76.1258832924179, 43.0333605852583], [-76.12552630911051, 43.03337958548309], [-76.1254542893775, 43.0334016357435], [-76.1254132974545, 43.0334356267879], [-76.1253992756512, 43.0335415724042], [-76.1254512431904, 43.0341686142652]]}}, {"type": "Feature", "properties": {"order": 19, "sequence": 3, "name": "DORSET ROAD", "id": "477440406", "side": 1}, "geometry": {"type": "LineString", "coordinates": [[-76.1277322714109, 43.03309762564019], [-76.1276642842153, 43.03311864640298], [-76.1275973210991, 43.0331285812439]]}}, {"type": "Feature", "properties": {"order": 19, "sequence": 4, "name": "CIRCLE ROAD", "id": "477441068", "side": 0}, "geometry": {"type": "LineString", "coordinates": [[-76.1277322714109, 43.03309762564019], [-76.1278082877486, 43.033072653256106], [-76.1278653334641, 43.0330305782035], [-76.1279942560804, 43.0328716314652], [-76.1280433364343, 43.03275660473269], [-76.1280543354066, 43.0326266458557], [-76.1280222574662, 43.032215617150094], [-76.1279892955834, 43.03179658314609], [-76.1279372498908, 43.03125364932129], [-76.127878262916, 43.0306265875272]]}}, {"type": "Feature", "properties": {"order": 19, "sequence": 5, "name": "CIRCLE ROAD", "id": "477441100", "side": 0}, "geometry": {"type": "LineString", "coordinates": [[-76.127878262916, 43.0306265875272], [-76.1278672935881, 43.03052358922099]]}}, {"type": "Feature", "properties": {"order": 20, "sequence": 0, "name": "LAMBRETH LANE", "id": "477443777", "side": 0}, "geometry": {"type": "LineString", "coordinates": [[-76.1165332433601, 43.0179996438175], [-76.11653826224762, 43.01768063959729], [-76.116582258137, 43.01754864819219], [-76.1166732772382, 43.0174245722558], [-76.1169622616718, 43.017064615977596], [-76.1169922680972, 43.0169936345026], [-76.1169892740124, 43.01688263247639], [-76.1168382492468, 43.016302657205394], [-76.11682530632021, 43.01617761520639], [-76.1168502624171, 43.0160446386326], [-76.1169063406471, 43.0159496296673], [-76.1169453392085, 43.015907645997395]]}}, {"type": "Feature", "properties": {"order": 20, "sequence": 1, "name": "LAMBRETH LANE", "id": "477443909", "side": 0}, "geometry": {"type": "LineString", "coordinates": [[-76.1169453392085, 43.015907645997395], [-76.1169902819222, 43.0158685759369], [-76.1171183062232, 43.0158025809495], [-76.1172842259545, 43.015755576464805], [-76.1174732440667, 43.015723653802], [-76.1177712224329, 43.015704625123114], [-76.1180772694671, 43.0156906493427], [-76.1181272732891, 43.0156735917662], [-76.1181912917278, 43.015637577078785], [-76.1182702383699, 43.015558642494106], [-76.1183032289987, 43.01546962166899], [-76.1182812714782, 43.0151725829522], [-76.1182882370149, 43.015123618021], [-76.1183283036733, 43.0150526277341], [-76.1185302566272, 43.01488163092889]]}}, {"type": "Feature", "properties": {"order": 20, "sequence": 2, "name": "WINDING RIDGE ROAD", "id": "477443958", "side": 1}, "geometry": {"type": "LineString", "coordinates": [[-76.1196603444411, 43.0145375767257], [-76.1195942841318, 43.0145285879964], [-76.1194313108746, 43.014541618862], [-76.1193022463245, 43.0145635924722], [-76.1191533299049, 43.01460061799419], [-76.1188573044761, 43.014706619766095], [-76.1186072907561, 43.01483261124899], [-76.1185302566272, 43.01488163092889]]}}, {"type": "Feature", "properties": {"order": 20, "sequence": 3, "name": "WINDING RIDGE ROAD", "id": "477443957", "side": 1}, "geometry": {"type": "LineString", "coordinates": [[-76.1204352860025, 43.014834629680095], [-76.1200953158882, 43.014757633677604], [-76.1199693433393, 43.0147066381573], [-76.1197462260773, 43.01456357145359], [-76.1196603444411, 43.0145375767257]]}}, {"type": "Feature", "properties": {"order": 20, "sequence": 4, "name": "WINDING RIDGE ROAD", "id": "477443915", "side": 1}, "geometry": {"type": "LineString", "coordinates": [[-76.1207663223712, 43.015216619698], [-76.12072534032961, 43.0151426403115], [-76.120529326138, 43.01489764437049], [-76.1204722310151, 43.0148485859506], [-76.1204352860025, 43.014834629680095]]}}, {"type": "Feature", "properties": {"order": 20, "sequence": 5, "name": "WINDING RIDGE ROAD", "id": "477443859", "side": 1}, "geometry": {"type": "LineString", "coordinates": [[-76.1208242583171, 43.015824606654], [-76.1207492543808, 43.01562759277271], [-76.1207373454151, 43.015512626337085], [-76.1207722988628, 43.01524159540559], [-76.1207663223712, 43.015216619698]]}}, {"type": "Feature", "properties": {"order": 20, "sequence": 6, "name": "WINDING RIDGE ROAD", "id": "477443797", "side": 1}, "geometry": {"type": "LineString", "coordinates": [[-76.1205752893378, 43.01671664301259], [-76.1207442893922, 43.01658261539819], [-76.1208512392167, 43.01646459395631], [-76.1209032292137, 43.016374575434895], [-76.1209223327866, 43.016311624000295], [-76.1209242803341, 43.016128624804], [-76.1208833135639, 43.015974591283694], [-76.1208242583171, 43.015824606654]]}}, {"type": "Feature", "properties": {"order": 20, "sequence": 7, "name": "CHINOOK DRIVE SOUTH", "id": "477443671", "side": 1}, "geometry": {"type": "LineString", "coordinates": [[-76.1198412390882, 43.01772562887019], [-76.1199002682839, 43.0176446365957], [-76.1199892652774, 43.0172746529068], [-76.1200522335855, 43.0171605749248], [-76.1201082893576, 43.017091588272905], [-76.1204632649303, 43.0167986046439], [-76.1205752893378, 43.01671664301259]]}}]}