name,length_ft,endpoint_a,endpoint_b,intersection_to_intersection,wholly_inside,source_segments,source_ids,lon,lat
SOUTH AVENUE,15.709438501844913,HOVEY STREET,MARGINAL STREET,True,True,1,800051053,-76.15872385271695,43.030864026945714
OAKWOOD AVENUE,16.178622391838662,EAST RAYNOR AVENUE,TRUTH TERRACE,True,True,1,800034376,-76.14539666904629,43.03559862694679
NORTH AVENUE,16.325921039523895,ARNETT AVENUE,EASTWOOD ROAD,True,True,1,800048578,-76.11351446742425,43.069816235935384
NORTH MCBRIDE STREET,16.63448808500122,SOUTH MCBRIDE STREET,ERIE BOULEVARD EAST,True,True,1,800046408,-76.1438545455717,43.050831835077396
BUTTERNUT STREET,17.14083293400162,NORTH MCBRIDE STREET,NORTH MCBRIDE STREET,True,True,1,800037406,-76.14876277814355,43.0591156107392
BUTTERNUT STREET,17.361745478402717,KNAUL STREET,GRASSMAN AVENUE,True,True,1,800047528,-76.14333647906241,43.0663907642387
SOUTH MCBRIDE STREET,17.625243718574584,ERIE BOULEVARD EAST,NORTH MCBRIDE STREET,True,True,1,477434982,-76.1438550225771,43.05078482459155
SUNNYCREST ROAD,18.5140867190146,LUDDINGTON STREET,LUDDINGTON STREET,True,True,1,800052844,-76.09719300487579,43.06224950231908
BUTTERNUT STREET,18.964505475733436,CARBON STREET,SOUTH CARBON STREET,True,True,1,477430880,-76.14335528798776,43.064014601842814
ROBINEAU ROAD,20.976156423872354,TWIN HILLS DRIVE,STRATHMORE DRIVE,True,True,1,477442748,-76.17076400480968,43.02268239388312
JAMES STREET,21.07467883620936,NORTH COLLINGWOOD AVENUE,SOUTH COLLINGWOOD AVENUE,True,True,1,800047558,-76.10750363459448,43.068792875208864
TEALL AVENUE,21.143239739791994,HAWLEY AVENUE,HAWLEY AVENUE,True,True,1,477433097,-76.12203528029467,43.055656604058036
VALLEY DRIVE,21.302058420472996,FISH AVENUE,MAXWELL AVENUE,True,True,1,800034593,-76.15505557865606,43.00667496548694
WHITTIER AVENUE,21.616740294678102,SOUTH LOWELL AVENUE,SOUTH LOWELL AVENUE,True,True,1,800051052,-76.18013346736804,43.0459613175234
HIAWATHA BOULEVARD EAST,22.636626701701577,SIXTH NORTH STREET,SIXTH NORTH STREET,True,True,1,800036193,-76.15877482987365,43.08117450754269
ONONDAGA AVENUE,22.788805030703855,PARKVIEW AVENUE,CENTENNIAL DRIVE,True,True,1,477442020,-76.16232132559716,43.026552635745986
SOUTH SALINA STREET,22.808069826542102,HILTON ROAD,CONIFER DRIVE,True,True,1,800048270,-76.14415349816281,42.990555506499334
ROBINEAU ROAD,23.137598501563232,STRATHMORE DRIVE,TWIN HILLS DRIVE,True,True,1,800050423,-76.17075991073727,43.022621936332975
TEALL AVENUE,23.385015860583145,COLUMBUS AVENUE,ERIE BOULEVARD EAST,True,True,1,477435406,-76.1215837919702,43.04951712994715
WHITTIER AVENUE,24.061388977834653,SOUTH LOWELL AVENUE,SOUTH LOWELL AVENUE,True,True,1,800051057,-76.18020933009566,43.04593245768918
HILLSIDE STREET,24.266775374762872,LOMA AVENUE,HUNTLEY STREET,True,True,1,477428131,-76.14215380208749,43.07744365762244
BURT STREET,24.34402874894173,OAKWOOD AVENUE,OAKWOOD AVENUE,True,True,1,800052224,-76.14558253991343,43.0383161135392
GRANT BOULEVARD,25.067511222983295,VILLAGE DRIVE,VILLAGE DRIVE,True,True,1,800047552,-76.11852159955113,43.07013667637611
VILLAGE DRIVE,25.32231931831672,DEAD END / SAME-NAME BRANCH,DEAD END / SAME-NAME BRANCH,False,True,1,800047550,-76.11807276440288,43.070664916324134
SOUTH AVENUE,25.679168308154665,ELMHURST AVENUE,HILLVIEW AVENUE,True,True,1,477443072,-76.15948174651211,43.02082211739722
JAMES STREET,26.075830715694263,SOUTH EDWARDS AVENUE,NORTH EDWARDS AVENUE,True,True,1,800047551,-76.1064126131655,43.06884941310554
SOUTH GEDDES STREET,26.576732204621404,SHONNARD STREET,GRAND AVENUE,True,True,1,477438028,-76.17201733969267,43.04097262337247
GRANT BOULEVARD,27.010928863499196,HIGHLAND STREET,DEAD END / SAME-NAME BRANCH,False,True,1,477429189,-76.14189779839037,43.07214811885984
EAST ADAMS STREET,27.010930186472127,SOUTH TOWNSEND STREET,SOUTH TOWNSEND STREET,True,True,1,509998037,-76.14573080729971,43.042755076874364
JAMES STREET,27.04151806144898,PLYMOUTH DRIVE,LAMSON STREET,True,True,1,477429757,-76.10003282428114,43.069151123419864
COURT STREET,27.325516319147216,WILLUMAE DRIVE,WILLUMAE DRIVE,True,True,1,477428350,-76.15038982835387,43.07632113603572
LINCOLN PARK DRIVE,27.65594103287739,ROBINCROFT ROAD,MATHER STREET,True,True,1,477432390,-76.12907776354884,43.05793562500051
SUMMIT AVENUE,27.739485408327955,WEST COLVIN STREET,WEST COLVIN STREET,True,True,1,477442718,-76.16567785685785,43.02281760640432
VALLEY DRIVE,27.793525469581176,MEDORA PLACE,GRIFFIN STREET,True,True,1,477443977,-76.15907430660985,43.01436412422294
LEMOYNE AVENUE,28.4070572481686,STEDMAN STREET,WILLUMAE DRIVE,True,True,1,800051976,-76.15655080449586,43.07874145641498
ALMOND STREET,28.813390664169543,CATHERINE STREET;ERIE BOULEVARD EAST,ERIE BOULEVARD EAST,True,True,1,477434994,-76.14211677756165,43.05077611358553
COURT STREET,29.027654673164083,WILLUMAE DRIVE,MICHAELS AVENUE,True,True,1,477428361,-76.15048129706382,43.076282621168545
STRATHMORE DRIVE,29.389569908893215,WELLESLEY ROAD,WEST COLVIN STREET,True,True,1,800050899,-76.16927500008349,43.02268016621375
BROOKFORD ROAD,30.846041652124995,DEAD END / SAME-NAME BRANCH,WOODSIDE DRIVE,False,True,1,477439939,-76.09726597279943,43.03472800858777
CORTLAND AVENUE,31.352647479314914,ALEXANDER AVENUE,OXFORD STREET,True,True,1,477440157,-76.1519767975249,43.03397859382879
SCOTT AVENUE,31.740082324977642,SCOTTHOLM BOULEVARD,SCOTTHOLM BOULEVARD,True,True,1,477437620,-76.1093613268112,43.04228507786248
EAST ADAMS STREET,31.81329698843097,ALMOND STREET,MONROE STREET,True,True,1,507666605,-76.14221279264258,43.04271361444138
GLENCOVE ROAD,31.82261798158305,FOREST HILL DRIVE,FOREST HILL DRIVE,True,True,1,477430911,-76.11092977046201,43.06385814140158
SUNNYCREST ROAD,32.64196552150304,FOREST HILL DRIVE,FOREST HILL DRIVE,True,True,1,477431443,-76.11073229650809,43.061590109300475
NORTHCLIFFE ROAD,32.92174402107814,FOREST HILL DRIVE,FOREST HILL DRIVE,True,True,1,477430394,-76.11113778075651,43.06613061726633
TERRACE ROAD,32.97632773856629,BERKELEY DRIVE,BERKELEY DRIVE,True,True,1,477440715,-76.12664537192744,43.03196367528771
RAMSEY AVENUE,32.98660172676129,SCOTTHOLM BOULEVARD,SCOTTHOLM BOULEVARD,True,True,1,477437719,-76.10797026582665,43.04187113677112
SOUTH SALINA STREET,33.06786954120225,EAST CATHROP AVENUE,EAST CATHROP AVENUE,True,True,1,509994537,-76.14123176048192,43.01665461111553
FORDLAND AVENUE,33.09273463062313,WILLUMAE DRIVE,WILLUMAE DRIVE,True,True,1,477428291,-76.15122528986981,43.07668112138477
TURTLE STREET,33.45029233679674,BURDICK AVENUE,BURDICK AVENUE,True,True,1,477428268,-76.15403678763965,43.07678814257157
HAZELWOOD AVENUE,33.794415123164654,AUDUBON PARKWAY,AUDUBON PARKWAY,True,True,1,477434429,-76.09525428284137,43.051833117253736
CORTLAND AVENUE,33.88002436575995,DEAD END / SAME-NAME BRANCH,TALLMAN STREET,False,True,1,800067175,-76.15064716424426,43.036435899196285
CADILLAC STREET,34.324404306087445,WILLUMAE DRIVE,WILLUMAE DRIVE,True,True,1,477428201,-76.15222531510663,43.07708761960058
SOUTH STATE STREET,34.77408850512365,EAST BORDEN AVENUE,EAST BORDEN AVENUE,True,True,1,477441640,-76.14444862840274,43.02819938146963
VALLEY DRIVE,34.83001303551256,WENTE TERRACE,ATLANTIC AVENUE,True,True,1,477444483,-76.15723624932873,43.010894616741275
SEYMOUR STREET,35.250598109983436,SOUTH WEST STREET,WEST STREET ARTERIAL NORTHBOUND,True,True,1,477437497,-76.15776060631198,43.04256778499845
NORTH GEDDES STREET,35.446485678496394,EDISON STREET,EDISON STREET,True,True,1,800051096,-76.17045422797099,43.0555122540265
HARRISON STREET,35.797400115528944,SOUTH TOWNSEND STREET,SOUTH TOWNSEND STREET,True,True,1,477436939,-76.14517026349785,43.044287630331034
JAMES STREET,36.01775751717603,COOK AVENUE,PECK AVENUE,True,True,1,477430231,-76.1188752353235,43.066879121788475
GIFFORD STREET,36.117915642146684,WEST STREET ARTERIAL NORTHBOUND,SOUTH WEST STREET,True,True,1,477437213,-76.15794964149228,43.04346528139691
EAST CATHROP AVENUE,36.301374210988655,DEAD END / SAME-NAME BRANCH,DEAD END / SAME-NAME BRANCH,False,True,1,509994543,-76.13945381219669,43.01673059000567
MOUNTAINVIEW AVENUE,36.707145137999795,AUDUBON PARKWAY,AUDUBON PARKWAY,True,True,1,477434852,-76.09518676950741,43.050982125440065
ENFIELD PLACE,36.82661689509971,HILLSBORO PARKWAY,HILLSBORO PARKWAY,True,True,1,477438138,-76.09196856814832,43.040558319397995
HADDON ROAD,37.41100075717708,HILLSBORO PARKWAY,HILLSBORO PARKWAY,True,True,1,477438221,-76.08874101736193,43.04041957896958
FARMER STREET,37.480992916646805,SEDGWICK DRIVE,SEDGWICK DRIVE,True,True,1,477430712,-76.13031723717994,43.06459106685028
CIRCLE ROAD,37.6440214957752,ACORN PATH,DEAD END / SAME-NAME BRANCH,False,True,1,477441100,-76.12787277824701,43.03057508837451
AUDUBON PARKWAY,37.976516071988605,FAYETTE BOULEVARD,FAYETTE BOULEVARD,True,True,1,800029908,-76.094974402823,43.04937227180654
DORSET ROAD,37.982753433412846,BERKELEY DRIVE,BERKELEY DRIVE;CIRCLE ROAD,True,True,1,477440406,-76.12766583662987,43.033115577560615
FABIUS STREET,38.10916493930617,WEST STREET ARTERIAL NORTHBOUND,SOUTH WEST STREET,True,True,1,477436771,-76.15821787934523,43.0447729721243
SOUTH SALINA STREET,38.14068985495446,PARRISH LANE,JACLYN DRIVE,True,True,1,477447265,-76.14379075305162,42.98611259841833
MEADOWBROOK DRIVE,38.88166447575897,BRADFORD PARKWAY,BRADFORD PARKWAY,True,True,1,477438199,-76.10629081152108,43.040434127966066
MEADOWBROOK DRIVE,38.88191885774841,BRADFORD PARKWAY,BRADFORD PARKWAY,True,True,1,477438134,-76.10635880635243,43.040556117818824
SOUTH AVENUE,38.9990710400388,CORTLAND AVENUE,CRESCENT AVENUE,True,True,1,477441548,-76.15791578216137,43.028600126864895
STOLP AVENUE,39.095850365054964,MARKLAND AVENUE,HANCOCK DRIVE,True,True,1,477441227,-76.17956130924858,43.029916107034886
BRATTLE ROAD,39.23038745566869,SEDGWICK DRIVE,SEDGWICK DRIVE,True,True,1,477431031,-76.12971728176083,43.06333760439442
ARNETT AVENUE,39.33990746617943,MARLBOROUGH ROAD,MARLBOROUGH ROAD,True,True,1,477429582,-76.11206577862413,43.06992764460517
BEAUMONT PLACE,39.543315455969136,DOLL PARKWAY,DOLL PARKWAY,True,True,1,477436763,-76.08761027465255,43.04480160732663
FABIUS STREET,39.78945013148929,COSTELLO COURT,NIAGARA STREET,True,True,1,477437002,-76.16073482178287,43.04414609114577
HAMPSHIRE ROAD,40.00053100831043,SEDGWICK DRIVE,SEDGWICK DRIVE,True,True,1,477430502,-76.13182931530906,43.065662920451025
FOXBORO ROAD,40.46741563614225,FAYETTE BOULEVARD,FAYETTE BOULEVARD,True,True,1,477435443,-76.09367939303417,43.04944612159879
HADDON ROAD,40.49230664942117,HILLSBORO PARKWAY,HILLSBORO PARKWAY,True,True,1,477438226,-76.08967377153213,43.04038715001476
EAST ADAMS STREET,40.50080557194633,ALMOND STREET,ALMOND STREET,True,True,2,506022033;477437408,-76.14258758866873,43.04272154835631
DEVINE STREET,40.65716035027802,ERIE BOULEVARD EAST,LOMBARD AVENUE,True,True,1,506021457,-76.11890592980612,43.04985001122853
MOUNTAINVIEW AVENUE,40.72010751296498,FOXBORO ROAD,LIME STREET,True,True,1,800048562,-76.09385926029202,43.05106159411752
BRADFORD PARKWAY,40.827379382911296,SCOTTHOLM BOULEVARD,SCOTTHOLM BOULEVARD,True,True,1,504325054,-76.10680073839404,43.04153772436977
VALLEY DRIVE,40.867505564054674,EAST CHAFFEE AVENUE,CHAFFEE AVENUE,True,True,1,477446193,-76.15286283821152,42.99778859686646
SOUTH AVENUE,41.17836924656175,WEST COLVIN STREET,WEST COLVIN STREET,True,True,1,477442664,-76.15927927117633,43.02318111834593
HILLSBORO PLACE,41.247265369742465,HILLSBORO PARKWAY,HILLSBORO PARKWAY,True,True,1,477438148,-76.08625525701642,43.040559612638795
COURT STREET,41.336463621807134,LOMA AVENUE,LOMA AVENUE,True,True,1,477427743,-76.1446392828464,43.07932465160428
OAK STREET,41.60880373428522,HENDERSON STREET,HAWLEY AVENUE,True,True,1,477433256,-76.13327580197404,43.05515065364391
HANCOCK DRIVE,41.63946809362499,ARGONNE DRIVE,DEAD END / SAME-NAME BRANCH,False,True,1,477441950,-76.17973513598507,43.02689063450554
BURNET AVENUE,41.72501061629498,THOMPSON ROAD,THOMPSON ROAD,True,False,2,477431366;477431371,-76.08609050185973,43.06195845308138
CARLTON DRIVE,41.90662232632321,DOLL PARKWAY,DOLL PARKWAY,True,True,1,504325285,-76.08903902472021,43.04653126946835
COLERIDGE AVENUE,41.909208802566695,SOUTH LOWELL AVENUE,SOUTH LOWELL AVENUE,True,True,1,800051055,-76.17989319979075,43.04554576862587
FAYETTE BOULEVARD,41.926486637384976,AUDUBON PARKWAY,AUDUBON PARKWAY,True,True,1,477435450,-76.09505025480605,43.04939689032693
WEST COLVIN STREET,42.030620151375004,HOPE AVENUE,KIRKWOOD PLACE,True,True,1,477442549,-76.15253979597706,43.02378809261704
EUCLID AVENUE,42.09208142004231,ROOSEVELT AVENUE,EUCLID TERRACE,True,True,1,477439302,-76.11778578323097,43.036869624652006
MELROSE AVENUE,42.68451074943536,SHOTWELL PARK,DEAD END / SAME-NAME BRANCH,False,True,1,504325545,-76.11542136256621,43.06463545187691
JAMESVILLE AVENUE,42.774634521306325,VINCENT STREET,VINCENT STREET,True,True,1,477443002,-76.13281930057393,43.02123363943748
SOUTH SALINA STREET,42.78659466511493,WEST BORDEN AVENUE,EAST BORDEN AVENUE,True,True,1,477441709,-76.14642225761648,43.02794610622659
SOUTH WILBUR AVENUE,42.7962017105632,NORTH WILBUR AVENUE;TOMPKINS STREET,WEST FAYETTE STREET,True,True,1,477435685,-76.18010207136722,43.048555650615654
SEDGWICK ROAD,42.829727771243135,SEDGWICK DRIVE,SEDGWICK DRIVE,True,True,1,477429842,-76.13301422295221,43.068653811682424
JAMES STREET,42.929486757607016,SEDGWICK DRIVE,SEDGWICK DRIVE,True,True,1,477431332,-76.12859917149714,43.06211990950836
MELROSE AVENUE,42.98713711979937,SHOTWELL PARK,DEAD END / SAME-NAME BRANCH,False,True,1,504325546,-76.1154181574486,43.06456877492354
SCOTTHOLM BOULEVARD,43.444171460252605,SCOTTHOLM TERRACE,DEAD END / SAME-NAME BRANCH,False,True,1,477437239,-76.11180891041458,43.04338966069516
COOK AVENUE,43.44422407708247,MELROSE AVENUE,MELROSE AVENUE,True,True,1,477430759,-76.11873375018692,43.064475124419545
WADSWORTH STREET,43.81525705062934,BERKSHIRE AVENUE,BERKSHIRE AVENUE,True,True,1,477428474,-76.13929932126193,43.07574660602007
BROOKFORD ROAD,43.887849004445975,MEADOWBROOK DRIVE,MEADOWBROOK DRIVE,True,True,1,477438014,-76.10485174913607,43.04104012018221
WADSWORTH STREET,44.060112365710204,CADILLAC STREET,CADILLAC STREET,True,True,1,477427208,-76.14608127194035,43.08242814315788
SALT SPRINGS ROAD,44.287491165660185,DEMONG DRIVE,SPRINGFIELD ROAD,True,True,1,482660131,-76.09370389531483,43.04772578669566
RUGBY ROAD,44.29588426576508,SEDGWICK DRIVE,SEDGWICK DRIVE,True,True,1,477430043,-76.13294979440654,43.067652105629946
FAYETTE BOULEVARD,44.331863875361776,AUDUBON PARKWAY,AUDUBON PARKWAY,True,True,1,477435448,-76.09504348728697,43.04934501472001
SUNNYCREST ROAD,44.43338061931233,ERICKSON STREET,ERICKSON STREET,True,True,1,477431283,-76.09606229318629,43.06229810972696
SOUTH SALINA STREET,44.50507866395114,WEST OSTRANDER AVENUE,EAST OSTRANDER AVENUE,True,True,1,477443997,-76.14139231101424,43.014268096521
GRANT BOULEVARD,44.71112399667214,WOODRUFF AVENUE,WOODRUFF AVENUE,True,True,1,477429150,-76.13798177706845,43.07233463108347
WEST MARCELLUS STREET,44.79959716815647,MAGNOLIA STREET,NELSON STREET,True,True,1,477436848,-76.17463347199156,43.04449660603668
AUDUBON PARKWAY,44.835587450190104,DEAD END / SAME-NAME BRANCH,DEAD END / SAME-NAME BRANCH,False,True,1,477435949,-76.0949702620534,43.04841321856438
SEDGWICK DRIVE,45.104516119024034,WENDELL TERRACE,FARMER STREET,True,True,1,477430713,-76.13040529161476,43.06464911457727
VALLEY DRIVE,45.39181400091807,CAMP AVENUE,MARLETT STREET,True,True,1,477444873,-76.15582527358353,43.00816763552286
SCOTTHOLM TERRACE,45.61699042040626,MEADOWBROOK DRIVE,MEADOWBROOK DRIVE,True,True,1,477439084,-76.1092502020052,43.03766118019109
NORTHCLIFFE ROAD,45.66215949719845,THOMPSON ROAD,THOMPSON ROAD,True,False,2,477430145;477430152,-76.09013796071635,43.06718973766155
FABIUS STREET,45.90098258554281,WEST STREET ARTERIAL NORTHBOUND,WEST STREET ARTERIAL SOUTHBOUND,True,True,1,477436788,-76.15836794921314,43.0447388823251
HARRINGTON ROAD,46.22604771075869,MEADOWBROOK DRIVE,MEADOWBROOK DRIVE,True,True,1,477437905,-76.10213176462663,43.04152612563576
SEYMOUR STREET,46.360464286896075,WEST STREET ARTERIAL NORTHBOUND,WEST STREET ARTERIAL SOUTHBOUND,True,True,1,477437503,-76.15791281820324,43.04255906792314
CADWELL STREET,46.763848302378904,CADWELL PLACE,DEAD END / SAME-NAME BRANCH,False,True,1,800048351,-76.17550942805681,43.03711801573526
HURLBURT ROAD,46.85743778916492,MEADOWBROOK DRIVE,MEADOWBROOK DRIVE,True,True,1,477437778,-76.10078985733374,43.04172111277676
OVERLOOK DRIVE,46.86781803979864,STOLP AVENUE,STOLP AVENUE,True,True,1,477441290,-76.18721220167392,43.029651067706304
GIFFORD STREET,47.122766628823506,WEST STREET ARTERIAL NORTHBOUND,WEST STREET ARTERIAL SOUTHBOUND,True,True,1,477437218,-76.1581051183051,43.04346031318649
SALT SPRINGS ROAD,47.27860729355086,CARLTON DRIVE,CARLTON DRIVE,True,True,1,477436034,-76.08904277442805,43.04752011646242
COURT STREET,47.389057550379,MALVERNE DRIVE,MALVERNE DRIVE,True,True,1,477427671,-76.14377979770067,43.07979613994296
DAKOTA STREET,47.71838682318557,MEADOWBROOK DRIVE,MEADOWBROOK DRIVE,True,True,1,800052286,-76.1115223131106,43.03273472499026
MENLO DRIVE,47.82420949756371,WALRATH ROAD,WALRATH ROAD,True,True,1,477444465,-76.1380377492845,43.011015104898625
BRADFORD PARKWAY,48.02098410152138,MEADOWBROOK DRIVE,MEADOWBROOK DRIVE,True,True,1,477438165,-76.10626330037775,43.0405236397465
BRADFORD PARKWAY,48.02160244191878,MEADOWBROOK DRIVE,MEADOWBROOK DRIVE,True,True,1,477438200,-76.10638649848904,43.040466552160716
EAST GENESEE STREET,48.43960169029838,SUNNYSIDE PARK ROAD,HILLSBORO PARKWAY;MEADOWBROOK DRIVE,True,True,1,477437348,-76.09334773934648,43.04290768454387
BUCKINGHAM AVENUE,48.55832671207545,MEADOWBROOK DRIVE,MEADOWBROOK DRIVE,True,True,1,477442382,-76.12056023356642,43.024789086817314
HATHERLY ROAD,48.578001009339474,MEADOWBROOK DRIVE,MEADOWBROOK DRIVE,True,True,1,477437953,-76.10337643041709,43.04133509421082
SHOTWELL PARK,48.620707206626825,MELROSE AVENUE,MELROSE AVENUE,True,True,1,800052398,-76.11548570712327,43.06460004308081
EUCLID AVENUE,48.97598305236118,MEADOWBROOK DRIVE,MEADOWBROOK DRIVE,True,True,1,477439465,-76.11018610759893,43.036432375993
PLUM STREET,49.188631081262265,PARK AVENUE,PARK AVENUE,True,True,1,477434374,-76.16027829839535,43.05201464392882
CLAIRE ROAD,49.479787239963855,GIFFORD PARKWAY,GIFFORD PARKWAY,True,True,1,477437545,-76.08508718556327,43.04249385266991
SOUTH ALVORD STREET,49.62722265230732,BEECHER STREET,HIGHLAND STREET,True,True,1,477431732,-76.14140229392565,43.06029311645903
DEMONG DRIVE,49.76596145756564,DOLL PARKWAY,DOLL PARKWAY,True,True,1,506986289,-76.08744626953813,43.04405147506086
HANCOCK DRIVE,49.82994789161505,RIDER AVENUE,ARGONNE DRIVE,True,True,1,477441937,-76.17974524898251,43.02700097267869
SCOTT AVENUE,49.986804370963185,MEADOWBROOK DRIVE,MEADOWBROOK DRIVE,True,True,1,477438594,-76.10806088717109,43.03920955818299
EAST COLVIN STREET,50.04959130337564,DEAD END / SAME-NAME BRANCH,MOORE AVENUE,False,True,1,477442076,-76.13725329860283,43.02633512282286
WENDELL TERRACE,50.23378059326277,SEDGWICK DRIVE,SEDGWICK DRIVE,True,True,1,477430673,-76.13036792777702,43.06476526852648
EAST GLEN AVENUE,50.34459930370318,STEVENS AVENUE,OTTO STREET,True,True,1,477445302,-76.14035331504637,43.00551164079396
LANCASTER AVENUE,50.393170605608326,MEADOWBROOK DRIVE,MEADOWBROOK DRIVE,True,True,1,477442389,-76.12181529724812,43.024720599633135
SCHOOL STREET,50.45662495327783,NORTH LOWELL AVENUE,RANN AVENUE,True,True,1,477433905,-76.1859163118641,43.053243646719885
ALMOND STREET,50.50206575755881,EAST GENESEE STREET,EAST GENESEE STREET,True,True,1,477741193,-76.14250206770396,43.04735298019131
CHURCHILL AVENUE,50.70535418331599,WALRATH ROAD,WALRATH ROAD,True,True,1,477444485,-76.13993077896382,43.010917110886965
HASTINGS PLACE,50.75182555173838,MELROSE AVENUE,MELROSE AVENUE,True,True,1,477430745,-76.11768625976578,43.064525162065245
GARFIELD AVENUE,50.781903617813796,GLASS TERRACE,EAST BORDEN AVENUE,True,True,1,477441594,-76.14214833042136,43.028417612126425
CUMBERLAND PLACE,50.849692899683575,MEADOWBROOK DRIVE,MEADOWBROOK DRIVE,True,True,1,477440703,-76.11250670150268,43.032040943060046
CADILLAC STREET,51.41117660658116,KENWOOD AVENUE,KENWOOD AVENUE,True,True,1,477427797,-76.15047082589143,43.07908764512896
FOBES AVENUE,51.86158577345201,COUGHLIN AVENUE,BEACON ROAD,True,True,1,477428963,-76.11161123871302,43.073466604699036
HIGHLAND STREET,52.09990056799938,BEECHER STREET,SOUTH ALVORD STREET,True,True,1,477431731,-76.1413207745466,43.060334091430576
SOUTH SALINA STREET,52.186404398752,WEST KENNEDY STREET,EAST KENNEDY STREET,True,True,1,477441093,-76.14768084807197,43.030601107821916
EAST GLEN AVENUE,52.226039210180964,DEAD END / SAME-NAME BRANCH,LORETTO ROUNDABOUT,False,True,1,800100247,-76.136594065553,43.009082141515215
WEST COLVIN STREET,52.26587072184295,STRATHMORE DRIVE,STRATHMORE DRIVE,True,True,1,477442737,-76.16932836489379,43.02273845451412
POND STREET,52.27459447123978,NEUTRAL COURT,STEUBEN STREET,True,True,1,800052349,-76.15192779940107,43.06536537677597
HUTCHINSON AVENUE,52.50902605909833,FLETCHER AVENUE,FLETCHER AVENUE,True,True,1,477443763,-76.16657230625282,43.015975641573085
OAK STREET,52.57360724367293,OAK PLACE,GERTRUDE STREET,True,True,1,477432878,-76.13336678469082,43.05632362896864
BEECHER STREET,52.813036249267874,SOUTH ALVORD STREET,HIGHLAND STREET,True,True,1,477431718,-76.14140380453813,43.06036460016412
LORETTO ROUNDABOUT,52.85957924508405,EAST GLEN AVENUE,EAST GLEN AVENUE,True,True,1,800100174,-76.13653912894887,43.009011533792396
SOUTH GEDDES STREET,52.91748202606804,ELLIOTT STREET,ELLIOTT STREET,True,True,1,477439850,-76.17432379879133,43.03510461732148
SKYTOP ROAD,53.115301787170154,DEAD END / SAME-NAME BRANCH,FARM ACRE ROAD,False,True,1,477443380,-76.12324727600011,43.01883258885239
DEMONG DRIVE,53.14040527413219,GIFFORD PARKWAY,GIFFORD PARKWAY,True,True,1,477437205,-76.08570785518302,43.04351433166894
WESTMORELAND AVENUE,53.57793766346384,MEADOWBROOK DRIVE,MEADOWBROOK DRIVE,True,True,1,477440803,-76.11357207240025,43.03170811590968
FOREST HILL DRIVE,53.63707363694053,JAMES STREET,DEAD END / SAME-NAME BRANCH,False,True,1,477429856,-76.11135967944315,43.068541015349446
SOUTH MCBRIDE STREET,53.65391600433766,SIZER STREET,ROSE AVENUE,True,True,1,506986283,-76.14365077936081,43.03663210826366
RUGBY ROAD,54.18917409724233,SEDGWICK DRIVE,SEDGWICK DRIVE,True,True,1,504326410,-76.13293646524288,43.067140308229995
SEDGWICK DRIVE,54.228191468654,RUGBY ROAD,RUGBY ROAD,True,True,1,504326413,-76.1328291730142,43.06703589751461
FIRST NORTH STREET,54.41567416337113,JOHN STREET,JOHN STREET,True,True,1,477430055,-76.14469929471392,43.06766461333691
ONONDAGA AVENUE,54.60092102394996,SOUTH AVENUE,PARKWAY DRIVE,True,True,1,477442391,-76.15938296410367,43.02469359725482
SOUTH SALINA STREET,54.92650258566706,ROSEMONT DRIVE,HARDING PLACE,True,True,1,477446618,-76.14374678323279,42.9934386335936
ALMOND STREET,55.06256038339874,HARRISON STREET,HARRISON STREET,True,True,1,506021524,-76.14223528062283,43.044306086280955
HANCOCK DRIVE,55.15659446460889,RIDER AVENUE,DEAD END / SAME-NAME BRANCH,False,True,1,477441929,-76.17959659679646,43.02701704615922
SHERBOURNE ROAD,55.63559080896189,MEADOWBROOK DRIVE;NOTTINGHAM ROAD,MEADOWBROOK DRIVE,True,True,1,477440568,-76.11171339083239,43.03250597667411
CLIFTON PLACE,55.85026712215959,MELROSE AVENUE,MELROSE AVENUE,True,True,1,477430739,-76.11666876813678,43.06456012981746
MIDLAND AVENUE,55.90886884743646,WARNER AVENUE,WARNER AVENUE,True,True,1,477442903,-76.14999381679318,43.02191663783481
ROWLAND STREET,56.24045448603437,HERRIMAN STREET,ARTHUR STREET,True,True,1,477439626,-76.177134269317,43.03580761528825
LORETTO ROUNDABOUT,56.35143267706529,EAST GLEN AVENUE,EAST GLEN AVENUE,True,True,1,800100183,-76.13616304228549,43.00897621921297
OTISCO STREET,56.44119244840762,STONE COURT,NIAGARA STREET,True,True,1,477436477,-76.16140227949218,43.04603660430564
CRAWFORD AVENUE,56.451393642398344,MEADOWBROOK DRIVE,MEADOWBROOK DRIVE,True,True,1,477438916,-76.10876732818699,43.03828903800252
THOMPSON ROAD,56.5556359206593,ERIE BOULEVARD EAST,ERIE BOULEVARD EAST,True,True,2,509997119;800066448,-76.0831684962769,43.055574937395335
SOUTH GEDDES STREET,56.921928858383865,CARLTON ROAD,GLENWOOD AVENUE;STRATHMORE ROAD,True,True,1,477443297,-76.17394127902256,43.01949960140213
JAMES STREET,56.995863053283934,RIGI AVENUE,NICHOLS AVENUE,True,True,1,477429793,-76.10399878700404,43.06896664381035
GIFFORD PARKWAY,58.059269820574336,EAST GENESEE PARKWAY,EAST GIFFORD PARKWAY,True,True,1,506986297,-76.08467180760645,43.04147782020585
CONGRESS AVENUE,58.27589473420068,MERRIMAN AVENUE;OSWEGO STREET,GRACE STREET,True,True,1,477438242,-76.16380827184481,43.040328090454004
STRONG AVENUE,58.44708406068399,LENNOX AVENUE,LENNOX AVENUE,True,True,1,513530287,-76.11568355566715,43.03573652898782
HANCOCK DRIVE,58.472708024313455,DEAD END / SAME-NAME BRANCH,DEAD END / SAME-NAME BRANCH,False,True,1,477441948,-76.17959242938039,43.02689566182788
WEST KIRKPATRICK STREET,58.474452194409736,SPENCER STREET,NORTH GEDDES STREET;SPENCER STREET,True,True,1,506021511,-76.17027534995326,43.057276122744966
MILFORD DRIVE EAST,58.61902591905903,ROXBURY ROAD,DEAD END / SAME-NAME BRANCH,False,True,1,800042643,-76.09636965398835,43.066630797276694
WEST JEFFERSON STREET,58.70142232446059,WEST STREET ARTERIAL NORTHBOUND,SOUTH WEST STREET,True,True,1,800037217,-76.15869662216501,43.04717123243866
MIDLAND AVENUE,58.79722689806227,WEST MATSON AVENUE,WEST MATSON AVENUE,True,True,1,477444196,-76.14789431296107,43.0129981109876
FELLOWS AVENUE,59.07755554385473,MEADOWBROOK DRIVE,MEADOWBROOK DRIVE,True,True,1,477440896,-76.11473496418081,43.03134357061133
POND STREET,59.61548502389772,GILBERT AVENUE,LAWRENCE STREET,True,True,1,477429855,-76.1494502741579,43.06868960034255
KENSINGTON PLACE,59.84991031225641,MEADOWBROOK DRIVE,MEADOWBROOK DRIVE,True,True,1,477442166,-76.11938115828515,43.0259346228046
MONTANA STREET,60.10854003877181,MEADOWBROOK DRIVE,MEADOWBROOK DRIVE,True,True,1,477439892,-76.11124189107736,43.034914083422755
RUGBY ROAD,60.30116009223528,SEDGWICK DRIVE,SEDGWICK DRIVE,True,True,1,504326416,-76.13292035633758,43.06691298508002
EAST RAYNOR AVENUE,60.48317672928799,MONTGOMERY STREET,MONTGOMERY STREET,True,True,1,477439748,-76.14838327227947,43.03545311223552
VELASKO ROAD,60.57750456912636,ATKINSON AVENUE,ETHEL STREET,True,True,1,477441655,-76.1854653305829,43.02821062091294
ONONDAGA AVENUE,60.60200764802339,ONONDAGA TERRACE,STERLING AVENUE,True,True,1,477440813,-76.16465428003247,43.03169760214571
BROAD STREET,60.81342963398464,MEADOWBROOK DRIVE,MEADOWBROOK DRIVE,True,True,1,477441089,-76.11586477499176,43.03054417540807
SCOTTHOLM BOULEVARD,60.88644332951044,DEAD END / SAME-NAME BRANCH,DEAD END / SAME-NAME BRANCH,False,True,1,477437236,-76.11167680636706,43.04345710798152
WESTCOTT STREET,60.88654166064293,MEADOWBROOK DRIVE,MEADOWBROOK DRIVE,True,True,1,477442027,-76.11805162371094,43.0264741268293
MILES AVENUE,61.440100589406406,MEADOWBROOK DRIVE,MEADOWBROOK DRIVE,True,True,1,477441033,-76.11577071284086,43.03077172244666
SOUTH SALINA STREET,61.81178162897966,WEST PLEASANT AVENUE,EAST PLEASANT AVENUE,True,True,1,477443597,-76.141428754701,43.01729559923724
TAFT AVENUE,61.88863069988609,GRANVILLE STREET,DUNLAP AVENUE,True,False,1,477428509,-76.1149653898784,43.0756493544425
TEALL AVENUE,62.04372729876055,ROBINSON STREET,ROBINSON STREET,True,True,1,477432277,-76.12220225104498,43.058324599214
FELLOWS AVENUE,62.29530234621511,LENNOX AVENUE,LENNOX AVENUE,True,True,1,477439670,-76.11505633082706,43.03575171524326
JAMES STREET,62.30835153602875,HASTINGS PLACE,PAUL AVENUE,True,True,1,477430105,-76.11785528595428,43.06737909036284
BUTTERNUT STREET,62.77633431208275,SAILE STREET,WARHAM STREET,True,True,1,477429404,-76.14308425102972,43.0709876129636
MELROSE AVENUE,63.033047357820486,SHOTWELL PARK,DEAD END / SAME-NAME BRANCH,False,True,1,477430698,-76.11523606127888,43.06460941506935
NORTH STATE STREET,63.3565002316633,HICKORY STREET,HICKORY STREET,True,True,1,477433619,-76.14972626342751,43.05410461207685
SEDGWICK DRIVE,63.440865304365836,RUGBY ROAD,RUGBY ROAD,True,True,1,504326417,-76.13311214737068,43.06694127628507
WEST NEWELL STREET,63.710182151188846,BERGER AVENUE,RAYMOND AVENUE,True,True,1,477443662,-76.15431730321097,43.01676461068529
MIDLAND AVENUE,63.91721535236685,WEST BEARD AVENUE,WEST BEARD AVENUE,True,True,1,477442237,-76.15136927357682,43.02556312983693
EAST ADAMS STREET,64.0642098734248,ALMOND STREET,ALMOND STREET,True,True,2,477437416;477437410,-76.14239208582865,43.04271742032659
MEADOWBROOK DRIVE,64.07476955010678,NOTTINGHAM ROAD,SHERBOURNE ROAD,True,True,1,477440602,-76.11169981529616,43.03238166676716
SPRING LANE,64.37446400867464,DEAD END / SAME-NAME BRANCH,POND LANE,False,True,1,477429983,-76.15193328588224,43.06810160163927
WEST NEWELL STREET,64.92568559735412,KIRK PARK DRIVE,BALDWIN AVENUE,True,True,1,477443687,-76.15537683015454,43.01665860130285
CLAIRMONTE AVENUE,64.93573938206173,BELLEVUE AVENUE,BELLEVUE TERRACE,True,True,1,477440466,-76.1693772930136,43.03296960120759
SOUTH SALINA STREET,65.27912878292808,MCALLISTER AVENUE,WARNER AVENUE,True,True,1,477442832,-76.14378376815215,43.022374100864056
ERIE BOULEVARD EAST,65.48774279145321,DEAD END / SAME-NAME BRANCH,FORMAN AVENUE,False,True,1,477434970,-76.14003780245953,43.050765147454
PLUM STREET,65.69391389863459,TRACY STREET,WILKINSON STREET,True,True,1,477435041,-76.16049878584788,43.05069710991012
JAMES STREET,65.87441650031107,LYNWOOD AVENUE,MOSLEY DRIVE,True,True,1,477429769,-76.1013522819088,43.069087643751296
SEDGWICK DRIVE,65.99356279296929,RUGBY ROAD,RUGBY ROAD,True,True,1,504326409,-76.13311938821441,43.06709394999236
MEADOWBROOK DRIVE,66.05798917981151,BROAD STREET,MILES AVENUE,True,True,1,477441084,-76.11571429068889,43.03063610409673
SALISBURY ROAD,66.39309132569983,FAY ROAD,ARDMORE ROAD,True,True,1,477437725,-76.19899733150741,43.04181764175865
PROSPECT AVENUE,66.41957332871651,DEAD END / SAME-NAME BRANCH,UNION AVENUE,False,True,1,477433059,-76.14930338418881,43.0557733400785
WESTWOOD ROAD,66.47694694677459,WINKWORTH PARKWAY,WINKWORTH PARKWAY,True,True,1,477442368,-76.19618031895752,43.024892892236124
GARFIELD AVENUE,66.68493336665364,WOODLAND AVENUE,WOODLAND AVENUE,True,True,1,477441281,-76.1424077436502,43.02977413521526
AUDUBON PARKWAY,67.12174424552073,DEAD END / SAME-NAME BRANCH,DEAD END / SAME-NAME BRANCH,False,True,1,800005938,-76.0949718871774,43.04832685285787
EAST GLEN AVENUE,67.32325217559739,DEAD END / SAME-NAME BRANCH,LORETTO ROUNDABOUT,False,True,1,800100175,-76.13660988836455,43.009021466227026
NORTH GEDDES STREET,67.4715831050951,SPENCER STREET,SPENCER STREET;WEST KIRKPATRICK STREET,True,True,1,477432639,-76.17038180490016,43.05715511007469
JAMESVILLE AVENUE,67.57024574240688,THAYER STREET,COMSTOCK AVENUE,True,True,1,477443830,-76.12783928852451,43.01556613217852
WEST NEWELL STREET,67.76348403950567,WIMAN AVENUE,EDMUND AVENUE,True,True,1,477443652,-76.15338877174842,43.01686060032222
MILFORD DRIVE WEST,68.70070662823537,DEAD END / SAME-NAME BRANCH,ROXBURY ROAD,False,True,1,800042655,-76.09832880237403,43.06655739435677
BARKER AVENUE,68.91249477188848,PARK AVENUE,PARK AVENUE,True,True,1,477434436,-76.16195126193269,43.05189910984886
RUGBY ROAD,69.19536196264215,BRATTLE ROAD,BRATTLE ROAD,True,True,1,477430113,-76.12853984472667,43.06731212211449
SOUTH SALINA STREET,69.36995706477539,EAST FLORENCE AVENUE,WEST FLORENCE AVENUE,True,True,1,477445073,-76.1430167965305,43.00707962165419
SPRINGFIELD ROAD,69.72204563129809,FAYETTE BOULEVARD,FAYETTE BOULEVARD,True,True,1,477435496,-76.09242371249252,43.04931305504888
BERKELEY DRIVE,70.08118515676205,OSTROM AVENUE;STRATFORD STREET,DEAD END / SAME-NAME BRANCH,False,True,1,477440185,-76.12796479581739,43.03395062064466
ULSTER STREET,70.79226497136904,NORTH WILBUR AVENUE,SYRACUSE STREET;WEST FAYETTE STREET,True,True,1,477435328,-76.18128500836065,43.049749534615344
MEADE COURT,71.29839533393361,FABIUS STREET,DEAD END / SAME-NAME BRANCH,False,True,1,477437062,-76.16164334499432,43.04402264464654
NORTH SALINA STREET,71.52844553653878,PROSPECT AVENUE,ASH STREET,True,True,1,477432026,-76.15209729339234,43.059211607933555
SOUTH SALINA STREET,71.79320271537848,EAST WARRINGTON ROAD,WEST WARRINGTON ROAD,True,True,1,477446518,-76.14360733641261,42.99438960161882
ALANSON ROAD,71.82694857235914,ROBINEAU ROAD,DEAD END / SAME-NAME BRANCH,False,True,1,477441903,-76.1727442667353,43.02716709375748
DELAWARE STREET,71.88540162531966,DAVIS STREET,SOUTH GEDDES STREET,True,True,1,800034406,-76.17263734152523,43.03906308674633
BELLEVUE AVENUE,71.98432896966254,HOEFLER STREET,MARKLAND AVENUE,True,True,1,477440515,-76.17952476758751,43.03269314716244
VAN RENSSELAER STREET,73.2748432904611,PARK AVENUE,PARK AVENUE,True,True,1,477434393,-76.16612983476809,43.05199410747476
MATTY AVENUE,73.63549519650746,PARK AVENUE,PARK AVENUE,True,True,1,477434407,-76.1642867855542,43.05195564887057
BROAD STREET,73.71426719924762,LANCASTER AVENUE,LANCASTER AVENUE,True,True,1,477441171,-76.12242477679685,43.030222622037456
BENEDICT AVENUE,74.08854993726806,EAST COLVIN STREET,EAST COLVIN STREET,True,True,1,477442101,-76.13820726181943,43.026311095520555
SOUTH GEDDES STREET,74.21270999433034,FITCH STREET,FITCH STREET,True,True,1,477438997,-76.17315463338876,43.03807824949772
AUDUBON PARKWAY,74.29445022204152,DEAD END / SAME-NAME BRANCH,DEAD END / SAME-NAME BRANCH,False,True,1,477435718,-76.09502265715665,43.04834569702831
SUNRISE DRIVE,74.74984378582643,NORTH CHELTENHAM ROAD,THURLOW DRIVE,True,True,1,477446301,-76.13786677384704,42.9963821246445
CONAN STREET,74.78707395930317,BALLANTYNE ROAD,ONONDAGA CREEK BOULEVARD EAST,True,True,1,477444548,-76.14969625840978,43.010564130511554
PAGE AVENUE,75.06430469741078,WILL AVENUE,GRANT AVENUE,True,True,1,482659670,-76.17281184633738,43.03186981025155
SOUTH WARREN STREET,75.11579790173971,EAST ONONDAGA STREET,EAST ONONDAGA STREET;MADISON STREET,True,True,1,477436600,-76.15083236133272,43.045587265726944
EAST GENESEE STREET,75.76285286271487,ALMOND STREET,ALMOND STREET,True,True,2,508421384;508421385,-76.14234059076475,43.04740851852982
BRADLEY STREET,75.89985753887126,ELLIOTT STREET,ELLIOTT STREET,True,True,1,477439931,-76.17235727120482,43.034869627338274
BELLEVUE AVENUE,76.24775812688796,MERRELL ROAD,WINKWORTH PARKWAY,True,True,1,477441447,-76.19325729676024,43.02909712326097
NOTTINGHAM ROAD,76.29625390401412,BROAD STREET,CUMBERLAND PLACE,True,True,1,477441025,-76.11169173943325,43.03083815132297
SEELEY ROAD,76.32250092974613,MOUNTAINVIEW AVENUE,MOUNTAINVIEW AVENUE,True,True,1,477435156,-76.10382774505143,43.05040909742096
WESTWOOD ROAD,76.4829042697575,DEAD END / SAME-NAME BRANCH,ALTON STREET,False,True,1,477442609,-76.19566172559024,43.023531018566175
COLUMBUS AVENUE,76.70753705795646,TEALL AVENUE,ERIE BOULEVARD EAST,True,True,3,477435419;800066540;477435481,-76.12154351483375,43.04938301503536
SOUTH SALINA STREET,76.87784725859183,WEST GLEN AVENUE,EAST GLEN AVENUE,True,True,1,477445325,-76.1431774115407,43.0055068503286
TRAFFIC CIRCLE,78.24827219281289,MANLEY FIELD HOUSE,MANLEY FIELD HOUSE,True,True,1,600035934,-76.12791711505417,43.02484347373658
HARRISON STREET,78.85735694128597,ALMOND STREET,ALMOND STREET,True,True,2,477436885;477436888,-76.14237880839501,43.04438078559641
EAST GENESEE STREET,78.91334263700446,ALMOND STREET,DEAD END / SAME-NAME BRANCH,False,True,3,477741202;477741204;477436059,-76.14262779164535,43.04742572388206
EAST GENESEE STREET,79.08227171267163,COLUMBUS AVENUE,COLUMBUS AVENUE,True,True,1,477436482,-76.12134530082167,43.04604713412973
OAKWOOD AVENUE,79.23507390918928,ROSE AVENUE,GRAPE TERRACE,True,True,1,477439444,-76.14547082989557,43.036512148959545
EAST GLEN AVENUE,79.57351082131859,LORETTO ROUNDABOUT,DEAD END / SAME-NAME BRANCH,False,True,1,800100152,-76.1360380424183,43.00893993365959
TEALL AVENUE,80.27949615320168,BOYDEN STREET,BOYDEN STREET,True,True,1,477431580,-76.12240829492141,43.06108365413336
COLUMBUS AVENUE,80.60011765583316,LOMBARD AVENUE,EAST FAYETTE STREET,True,True,1,477435756,-76.12135329461039,43.04841012087845
MANLEY FIELD HOUSE,80.86775474884479,CHAPPLE WAY,EAST COLVIN STREET,True,True,1,600035942,-76.12632157876574,43.022963683711694
WEST LAUREL STREET,80.93980061305632,EAST LAUREL STREET;NORTH SALINA STREET,SALT STREET,True,True,1,477432982,-76.15220832357151,43.056022088959054
MANOR DRIVE,81.2694087180117,BARRINGTON ROAD,SYCAMORE TERRACE,True,True,1,477437955,-76.08245926650127,43.04136262070629
CONCORD PLACE,81.30682927577455,WESTCOTT STREET,DEAD END / SAME-NAME BRANCH,False,True,1,513530327,-76.11904229051454,43.03979163963301
EAST GENESEE STREET,81.59784628213188,ALMOND STREET,DEAD END / SAME-NAME BRANCH,False,True,3,508421664;508421667;477436091,-76.14264944329179,43.04734773460555
NORTH STATE STREET,82.23805284486555,JAMES STREET,BURNET AVENUE,True,True,1,477434224,-76.14825454996722,43.05235188373675
WEST ONONDAGA STREET,82.26764702288587,DELAWARE STREET,ONONDAGA AVENUE;TALLMAN STREET,True,True,1,477439746,-76.16448981551335,43.0354831385723
EAST GIFFORD PARKWAY,82.73442396274442,WILSON PLACE,GIFFORD PARKWAY,True,True,1,506986299,-76.08441512877774,43.04143722961766
NORTH GEDDES STREET,82.76494499265016,PARK AVENUE,PARK AVENUE,True,True,1,477434341,-76.1706214117509,43.052089131741035
AVERY AVENUE,83.2510730515175,GERE AVENUE,KINCAID AVENUE,True,True,1,477432412,-76.19866878064619,43.05798109896018
WALLACE STREET,83.34172360620093,DEAD END / SAME-NAME BRANCH,HERALD PLACE,False,True,1,509997854,-76.15617580173826,43.053454655821845
ONONDAGA LAKE PARKWAY,83.67969656175339,DEAD END / SAME-NAME BRANCH,DEAD END / SAME-NAME BRANCH,False,True,1,800042162,-76.17328833619322,43.07534678046664
SEDGWICK DRIVE,83.89513685904048,FARMER STREET,WENDELL TERRACE,True,True,1,477430706,-76.1302739571452,43.06470795539512
NORTH STATE STREET,84.22665905088051,UNION PLACE,KIRKPATRICK STREET,True,True,1,477430964,-76.15739133256943,43.06372558734967
SOUTH CLINTON STREET,85.46702791503316,DEAD END / SAME-NAME BRANCH,TALLMAN STREET,False,True,1,800067173,-76.15139364546533,43.03650703967142
EAST GLEN AVENUE,85.64102827629586,LORETTO ROUNDABOUT,DEAD END / SAME-NAME BRANCH,False,True,1,800100184,-76.13603835231812,43.009007180478
VINCENT STREET,85.93980372159028,DEAD END / SAME-NAME BRANCH,BURTEN STREET,False,True,1,477443057,-76.13457778243904,43.0208861427306
TWIN HILLS DRIVE,86.07805543214488,STRATHMORE DRIVE,ROBINEAU ROAD,True,True,1,477442749,-76.1709233273143,43.02265464493702
TEALL AVENUE,86.79232639966762,MILDRED AVENUE,FORDHAM ROAD,True,True,1,477429353,-76.1230737790105,43.07124762739807
CHERRY STREET,87.50835969743574,EAST GENESEE STREET,LEXINGTON AVENUE,True,True,1,477436282,-76.12348679024795,43.04697961273792
GLENWOOD AVENUE,87.61808794805557,CLYDE AVENUE,CRADDOCK STREET,True,True,1,477443311,-76.16220384065517,43.019375597823455
EAST LAUREL STREET,87.63596880155623,NORTH MCBRIDE STREET,NORTH MCBRIDE STREET,True,True,1,477432401,-76.14763183077562,43.05796211992715
ONEIDA STREET,87.86884007888256,WEST ADAMS STREET,SAFETY LANE,True,True,1,509996998,-76.15392064409137,43.042299134837634
LEWIS STREET,87.92072224439876,EMERSON AVENUE,EMERSON AVENUE;KINGSLEY PLACE,True,True,1,477432956,-76.18974778429441,43.05608061501895
LANCASTER AVENUE,87.98788436811971,LANCASTER PLACE,ANDOVER ROAD,True,True,1,477441796,-76.12207328529642,43.027665113586025
ERIE BOULEVARD WEST,88.29847658158866,EMERSON AVENUE,EMERSON AVENUE,True,True,1,477431800,-76.19654481951403,43.05998264239857
JAMES STREET,88.32641280198897,MILFORD DRIVE WEST,WALTER DRIVE,True,True,1,477429748,-76.09872828635422,43.069211112614006
OAK STREET,88.32834808958684,HENDERSON STREET,HAWLEY AVENUE,True,True,1,477433320,-76.13326233127172,43.054972625518815
COLERIDGE AVENUE,89.2386337091826,WHITTIER AVENUE,WHITTIER AVENUE,True,True,1,477437394,-76.1880133078855,43.04284462463877
EAST GENESEE STREET,89.49248918696586,EAST GENESEE PARKWAY,ALBERT ROAD;EAST GENESEE PARKWAY,True,True,2,477437450;477437421,-76.09185472589765,43.04268833096159
MEADOWBROOK DRIVE,89.6281434260769,NOTTINGHAM ROAD;SHERBOURNE ROAD,DAKOTA STREET,True,True,1,477440539,-76.11169561298424,43.03265748418411
NOTTINGHAM ROAD,89.83297200796184,MEADOWBROOK DRIVE;SHERBOURNE ROAD,MEADOWBROOK DRIVE,True,True,1,477440603,-76.11177879994469,43.03243373165249
CONCORD PLACE,89.83947427518214,DEAD END / SAME-NAME BRANCH,ALLEN STREET,False,True,1,477438317,-76.11664533829743,43.03989110095052
VINCENT STREET,90.23503983446545,GOODRICH AVENUE,DEAD END / SAME-NAME BRANCH,False,True,1,600008873,-76.12700952332912,43.02155454108936
BELLEVUE AVENUE,90.68927638296627,MERRELL ROAD,GLENWOOD AVENUE,True,True,1,477441434,-76.192956322108,43.02915750090856
PLYMOUTH DRIVE,90.92156264404191,NORTHCLIFFE ROAD,NORTHCLIFFE ROAD,True,True,1,477430197,-76.09991876606168,43.0670931212945
WEST SENECA TURNPIKE,91.1866984621562,RIVERDALE DRIVE,SMITH ROAD,True,True,1,477445727,-76.15507379731643,43.002343614793
BEATTIE STREET,91.37571278314552,ERIE BOULEVARD EAST,ERIE BOULEVARD EAST,True,True,2,477433978;800065997,-76.10869191797337,43.05311157285417
SAINT ANNE DRIVE,91.38951723222293,KINNE STREET,DEAD END / SAME-NAME BRANCH,False,True,1,800034448,-76.11860045231036,43.059700399322985
BUTTERNUT STREET,91.48503969457423,GRANT BOULEVARD,DEAD END / SAME-NAME BRANCH,False,True,1,477454218,-76.14243602282913,43.07256741904335
OAK STREET,91.48754727031961,BURNET AVENUE,LODI STREET,True,True,1,477434278,-76.13306124027889,43.05226414670145
SUNNYCREST ROAD,91.63431046455368,ABERDEEN TERRACE,ABERDEEN TERRACE;CALEB AVENUE,True,True,1,477431295,-76.09489442012199,43.06230863639744
CORCORAN COURT,91.70688895163948,OTISCO STREET,DEAD END / SAME-NAME BRANCH,False,True,1,481561674,-76.16068183316843,43.04607610670259
CADILLAC STREET,91.83874041232761,ENGLERT AVENUE,MERRILL STREET,True,True,1,477427543,-76.1486538230005,43.08053564384023
OTISCO STREET,91.99812395349304,STONE COURT,NIAGARA STREET,True,True,1,477436489,-76.16166525956312,43.04597112597697
RICH STREET,92.15286048316617,CHENEY STREET,MARGINAL STREET,True,True,1,477441243,-76.16108111710177,43.02994630228124
SOUTH BEECH STREET,92.19446287114754,EAST WATER STREET,ERIE BOULEVARD EAST;NORTH BEECH STREET,True,True,1,477435211,-76.12762577433975,43.050293133948095
RIVOLI AVENUE,92.76877718393298,WAINWRIGHT AVENUE,DEAD END / SAME-NAME BRANCH,False,True,1,477427826,-76.13351979700599,43.078890642872
SOUTH BEECH STREET,92.94145742825549,MADISON STREET;MAPLE STREET,MADISON STREET,True,True,1,477436647,-76.12560146267069,43.045404132947624
VALLEY DRIVE,93.0936919477812,KIMBER AVENUE,CORTLAND PLACE,True,True,1,477445624,-76.15337175526193,43.00342413141749
COURT STREET,93.31946500949326,GRANT BOULEVARD,COURT TERRACE,True,True,1,477428806,-76.15383172575214,43.0742902989139
SOUTH SALINA STREET,93.54883719861257,HOBART AVENUE,HALL AVENUE,True,True,1,477444265,-76.1418657685478,43.01259412687353
ROBERTS AVENUE,93.74739811292591,GRANDVIEW AVENUE,WILL AVENUE,True,True,1,477440838,-76.17200331202304,43.03163513322094
WEST GENESEE STREET,93.94723121726763,MILTON AVENUE,MILTON AVENUE,True,True,1,477434442,-76.18949932422422,43.051857121373935
GLENWOOD AVENUE,94.14240278192698,CRADDOCK STREET,CRADDOCK STREET,True,True,1,477443293,-76.1625043190193,43.019492131340385
COSTELLO COURT,94.50532334959179,FABIUS STREET,DEAD END / SAME-NAME BRANCH,False,True,1,477437003,-76.16086331935786,43.04425109016543
MELROSE AVENUE,94.95960121114051,HIXSON AVENUE,HIXSON AVENUE,True,True,1,477430776,-76.12037078653898,43.06435663212869
EAST COLVIN STREET,95.20789964088156,BERWYN AVENUE,DEAD END / SAME-NAME BRANCH,False,True,1,477442107,-76.13937131135023,43.026198656612785
SEWARD STREET,95.25967332968538,SCHNEIDER STREET,GRAVES STREET,True,True,1,477431496,-76.14235084236132,43.06137207327749
LORETTO ROUNDABOUT,95.35024871932636,EAST GLEN AVENUE,EAST GLEN AVENUE,True,True,1,800100173,-76.13633674467518,43.00909613583369
VALLEY DRIVE,95.38652670519085,GROVE STREET,VALLEY VIEW DRIVE,True,True,1,477444633,-76.15679326794235,43.010031108720895
ONONDAGA AVENUE,95.51886186395497,BELLEVUE AVENUE,DEAD END / SAME-NAME BRANCH,False,True,1,477440366,-76.16478381799074,43.03335462817814
THURBER STREET,95.58621405047568,REMINGTON AVENUE,ALDEN STREET,True,True,1,477443412,-76.13308680148911,43.018578587126505
GERE AVENUE,95.87860374065582,WEST END DRIVE,SIDMAN AVENUE,True,True,1,477432299,-76.19797030140325,43.0582591447426
ACADEMY PLACE,96.25056779306489,CRAFTON AVENUE,DEAD END / SAME-NAME BRANCH,False,True,1,477446779,-76.15118678265175,42.99183859500909
OAK STREET,96.34452931391569,JASPER STREET,DOUGLAS STREET,True,True,1,477431329,-76.13600230023268,43.06222860165353
CHEMUNG STREET,97.15748296496038,OLIVE STREET,MILTON AVENUE,True,True,1,477432364,-76.19428418714648,43.05808970661138
WEST BEAR STREET,97.39646466823534,GENANT DRIVE,NORTH CLINTON STREET,True,True,1,477430461,-76.16409928890687,43.06591708604875
UNION AVENUE,97.55143786303483,NORTH MCBRIDE STREET,NORTH MCBRIDE STREET,True,True,1,477432743,-76.14674228892628,43.05677415470814
SHUART AVENUE,97.69878253923804,VINE STREET,VINE STREET,True,True,1,477431554,-76.12657329935264,43.06109414215187
TRAFFIC CIRCLE,97.70285534551677,COMSTOCK ART,MANLEY FIELD HOUSE,True,True,1,600035932,-76.12787173584383,43.02503836655845
WILL COURT,98.44862929925341,FABIUS STREET,DEAD END / SAME-NAME BRANCH,False,True,1,477436913,-76.16006026052436,43.04445310965559
GLENWOOD AVENUE,98.49542585854002,SOUTH AVENUE;VALLEY DRIVE,ELMWOOD AVENUE,True,True,1,477443415,-76.16136544861575,43.018615522685046
LAKEVIEW AVENUE,98.65977752068154,WEST GENESEE STREET,PARK AVENUE,True,True,1,477434176,-76.1796142707976,43.052495601451604
WEST FAYETTE STREET,98.7931505976077,SOUTH WILBUR AVENUE;TENNYSON AVENUE,DEAD END / SAME-NAME BRANCH,False,True,1,477435865,-76.17939260194356,43.04814657693961
JAMES STREET,98.94430637847296,ASHDALE AVENUE,HILLSDALE AVENUE,True,True,1,477429826,-76.1086423085273,43.06874313681959
LAMSON STREET,99.11570488217502,TYSON PLACE,LEPAGE PLACE,True,True,1,477429434,-76.10006974861953,43.070954623361885
WESTCOTT STREET,99.35658682680797,CONCORD PLACE,AVONDALE PLACE,True,True,1,477438430,-76.11918176559536,43.039650609683925
SPENCER STREET,99.43663365267012,DEAD END / SAME-NAME BRANCH,NORTH GEDDES STREET,False,True,1,506022029,-76.17020031465601,43.05705858801675
BRUCE STREET,99.45950737160408,ERIE BOULEVARD EAST,ERIE BOULEVARD EAST,True,True,2,477434420;800065989,-76.11265197005393,43.051953904863616
BUTTERNUT STREET,99.5045477000981,HARTLEY STREET,GRIFFITHS STREET,True,True,1,477429945,-76.14332125261963,43.068345110657766
MIDLAND AVENUE,99.60838259177318,OXFORD STREET,BELLEVUE AVENUE,True,True,1,477440250,-76.1556719024235,43.033765115079454
EAST COLVIN STREET,100.14709935388399,MANLEY FIELD HOUSE;SKYTOP ROAD,MANLEY FIELD HOUSE,True,True,1,600035962,-76.12378064189099,43.021869132927335
SLOCUM DRIVE,100.22445281875427,DEAD END / SAME-NAME BRANCH,LAMBRETH LANE,False,True,1,477443477,-76.11635900980376,43.01803393228442
OAK STREET,100.35180199712381,LINCOLN PARK DRIVE,GREEN STREET,True,True,1,477432524,-76.13345479172165,43.05763814508796
BELLEVUE AVENUE,100.50165344197191,ONONDAGA AVENUE,SUMMIT AVENUE,True,True,1,477440372,-76.16547283978606,43.03320961234121
CAYUGA STREET,100.63840799056632,MILTON AVENUE,MILTON AVENUE,True,True,1,477434939,-76.1888248098412,43.050882599810656
ONTARIO STREET,101.23643917060846,CENTRAL AVENUE,TULLY STREET,True,True,1,477437168,-76.16776485377292,43.0437151353476
FORMAN AVENUE,101.3379930025958,WELLINGTON PLACE,ORANGE ALLEY,True,True,1,477435982,-76.13996281649611,43.047780593340704
MIDLAND AVENUE,101.86278411843782,HALL AVENUE,RILL AVENUE,True,True,1,477444352,-76.1478143287459,43.01206708170016
MANLEY FIELD HOUSE,102.23885164784714,DEAD END / SAME-NAME BRANCH,EAST COLVIN STREET,False,True,1,600035946,-76.12383194769814,43.02199957270273
BROAD STREET,102.29674347473173,WESTMORELAND AVENUE,WESTMORELAND AVENUE,True,True,1,477441063,-76.11369628781638,43.03064662135212
KENSINGTON ROAD,102.35030683835377,BUCKINGHAM AVENUE,BUCKINGHAM AVENUE,True,True,1,477440623,-76.12116432817722,43.03222312961656
GRANT BOULEVARD,102.56525041858617,BUTTERNUT STREET,DEAD END / SAME-NAME BRANCH,False,True,1,477429190,-76.14212063433615,43.07220220170846
SOUTH SALINA STREET,102.58314544894998,EAST TAYLOR STREET,WEST TAYLOR STREET,True,True,2,477438495;477438584,-76.15026436451816,43.039306579424036
BUCKINGHAM AVENUE,102.66161953136074,MEADOWBROOK DRIVE,MEADOWBROOK DRIVE,True,True,1,477442360,-76.12057990074436,43.02499609223045
TOMPKINS STREET,102.85586380968216,SOUTH LOWELL AVENUE,NORTH LOWELL AVENUE,True,True,1,477435912,-76.1818198330516,43.0479755818041
VALLEY DRIVE,103.44929277693467,FORD AVENUE,MAURICE AVENUE,True,True,1,477444205,-76.15832577447868,43.01295509102639
EAST COLVIN STREET,103.75363811280026,GARFIELD AVENUE,GARFIELD AVENUE,True,True,1,477442127,-76.14149556078621,43.02614428592222
EAST GENESEE STREET,103.8932882829894,CROLY STREET;SALT SPRINGS ROAD,SCOTTHOLM BOULEVARD,True,True,1,477436775,-76.11217726655268,43.044818604037374
TEALL AVENUE,103.96023816584987,MOONEY AVENUE,SHUART AVENUE,True,True,1,477431193,-76.12253631517203,43.06288715525907
EAST CHAFFEE AVENUE,104.22774869029475,BROOKLEA PLACE,DEAD END / SAME-NAME BRANCH,False,True,1,477446208,-76.14913477851684,42.99764162409894
HEADSON DRIVE,104.43808863426412,ERIE BOULEVARD EAST,DEAD END / SAME-NAME BRANCH,False,True,1,507665682,-76.08643295051964,43.055178504571884
ROXBURY ROAD,104.46884777563314,CULVER DRIVE,MILFORD DRIVE WEST,True,True,1,477430305,-76.09748180022764,43.06649815598634
WEST KIRKPATRICK STREET,104.5464678785551,GENANT DRIVE,NORTH CLINTON STREET,True,True,1,477431325,-76.15879851237793,43.06223247180157
ELSNER STREET,104.5933208442486,WOODRUFF AVENUE,DEAD END / SAME-NAME BRANCH,False,True,1,477429897,-76.137829770015,43.06841060977686
SMITH STREET,105.40584659989982,ERIE BOULEVARD EAST,ERIE BOULEVARD EAST,True,True,4,477453879;477453881;477453882;800066449,-76.09087286063874,43.05514034375366
MEADOWBROOK DRIVE,105.97659862976619,SHERBOURNE ROAD,DAKOTA STREET,True,True,1,800052288,-76.11153777649322,43.032582207168176
CAMP AVENUE,106.1084736025596,BARNES AVENUE,BARNES AVENUE,True,True,1,477444934,-76.1591492886065,43.007784623392986
SEELEY ROAD,106.22092533548326,RIDGEWAY AVENUE,DELRAY AVENUE,True,True,1,477435416,-76.10375726950849,43.04959109695991
SOUTH SALINA STREET,106.98582095360386,BENNINGTON DRIVE,BELLE AVENUE,True,True,1,477444388,-76.14199826556715,43.01173161659068
JAMESVILLE AVENUE,107.05356003652555,VINCENT STREET,SMITH LANE,True,True,1,477442987,-76.13297183163053,43.02140610473772
FIRST NORTH STREET,107.5055562416774,CURTIS STREET,CRAIG STREET,True,True,1,511383773,-76.1473499004099,43.0686482246776
HILLVIEW AVENUE,107.64442868774648,SOUTH AVENUE,DEAD END / SAME-NAME BRANCH,False,True,1,504325498,-76.15981986199952,43.02062027512493
CADILLAC STREET,107.75567067406013,MARTIN STREET,MARTIN STREET,True,True,1,477427676,-76.14951482053647,43.079854110491375
SLOCUM DRIVE,107.80622565619198,DEAD END / SAME-NAME BRANCH,DEAD END / SAME-NAME BRANCH,False,True,1,477443318,-76.11545845905708,43.01939502087972
GRANGER STREET,107.94283615812465,MCCORMICK AVENUE,DICKERSON STREET,True,True,1,477437044,-76.15663834004917,43.04414412207306
MEADOWBROOK DRIVE,108.25334723769086,BROAD STREET,MILES AVENUE,True,True,1,477441090,-76.11593522611955,43.0306830348406
DELAWARE STREET,108.25419325474306,DUDLEY STREET,GRACE STREET,True,True,1,477439294,-76.16847777648799,43.036974086098056
SOUTH MIDLER AVENUE,108.70703379956106,ERIE BOULEVARD EAST,ERIE BOULEVARD EAST;SEELEY ROAD,True,True,3,477433721;477454008;800066481,-76.1040725289243,43.05367234473802
EAST GENESEE STREET,108.7946648822737,ALMOND STREET,ALMOND STREET,True,True,3,477436108;508421394;508421392,-76.1423629024036,43.047193121030574
GRANT BOULEVARD,108.98361141100007,BUTTERNUT STREET,BUTTERNUT STREET,True,True,1,477454215,-76.14241494621783,43.07239244222338
AVERY AVENUE,109.05981451827148,WARNER COURT,GERE AVENUE,True,True,1,477432332,-76.19883378895138,43.058215612752164
SABINE STREET,109.12375124830311,MASSENA STREET,DAVIS STREET,True,True,1,510577042,-76.16694765020637,43.03922013170331
SCHOENECK COURT,109.3338293627988,OTISCO STREET,DEAD END / SAME-NAME BRANCH,False,True,1,477436589,-76.16235128561274,43.04564664724692
CRESCENT AVENUE,109.45165279539204,MORTON AVENUE,DEAD END / SAME-NAME BRANCH,False,True,1,477441513,-76.16108991717934,43.02871845087926
WEST FAYETTE STREET,109.57785880468502,WEST STREET ARTERIAL NORTHBOUND,WALTON STREET,True,True,1,477435602,-76.15792025804248,43.04873810433756
NORTHCLIFFE ROAD,109.62867934960337,THOMPSON ROAD,BOSTON STREET,True,True,1,477430169,-76.09041341016179,43.06712424335238
ALMOND STREET,109.63615801856514,EAST ADAMS STREET,DEAD END / SAME-NAME BRANCH,False,True,1,506022043,-76.14250855036224,43.042570631186884
ALMOND STREET,109.67552749256949,EAST GENESEE STREET,EAST GENESEE STREET,True,True,1,477436168,-76.14220128297961,43.04725111630965
GAIS DRIVE,110.13889141990768,DEAD END / SAME-NAME BRANCH,GORLAND AVENUE,False,True,1,477436785,-76.10135827198371,43.04476813380936
EAST WATER STREET,110.56531770560444,EAST GENESEE STREET,SOUTH SALINA STREET;WEST WATER STREET,True,True,1,481561656,-76.15197756240849,43.05054503654646
BRONX AVENUE,110.57250592810078,PLEASANTVIEW AVENUE,WAINWRIGHT AVENUE,True,True,1,477428952,-76.13345481199957,43.07345609391015
SPENCER STREET,110.90272275304285,DEAD END / SAME-NAME BRANCH,WEST KIRKPATRICK STREET,False,True,1,506022030,-76.1701318510562,43.05716488826328
LOCKESLEY ROAD,111.0679742684579,WINDHAM DRIVE,DEAD END / SAME-NAME BRANCH,False,True,1,477439688,-76.09561929242572,43.035754106509884
BRONX AVENUE,111.65173171487733,PLEASANTVIEW AVENUE,PLEASANTVIEW AVENUE,True,True,1,477428956,-76.13386978021141,43.073435098456066
SIZER STREET,111.67992482649325,SOUTH MCBRIDE STREET,DEAD END / SAME-NAME BRANCH,False,True,1,506986281,-76.14343678947495,43.03656810561257
POND STREET,111.68822661044317,POND LANE,SPRING STREET,True,True,1,477430076,-76.1502053020196,43.06766063723922
LODI STREET,112.06685553064717,TURTLE STREET,CUMMINGS AVENUE,True,True,1,477430256,-76.16124078504973,43.066762151377176
FARM ACRE ROAD,112.12934699305933,CHINOOK DRIVE;SMALL ROAD,SKYTOP ROAD,True,True,1,477443379,-76.12302528371555,43.01885012083894
NORTH GLENCOVE ROAD,112.15513276173238,GLENCOVE ROAD;PLYMOUTH DRIVE,DEAD END / SAME-NAME BRANCH,False,True,1,600035918,-76.09908109466734,43.064649563504
ROXBURY ROAD,112.44398558161588,CULVER DRIVE,MILFORD DRIVE EAST,True,True,1,477430300,-76.09707670094345,43.0665152011024
GIFFORD PARKWAY,112.45204771653053,EAST GENESEE PARKWAY,EAST GENESEE STREET;HILLSBORO PLACE,True,True,2,477437935;477437963,-76.08484802145499,43.0413548284754
VINCENT STREET,112.70987613234522,NURSERY LANE,GOODRICH AVENUE,True,True,1,477442936,-76.12738876119325,43.0215434676802
HARVARD PLACE,112.72176847625761,WESTMORELAND AVENUE,DEAD END / SAME-NAME BRANCH,False,True,1,477437748,-76.1145119765046,43.041728580022536
GENESEE PARK DRIVE,112.82702464965138,DEAD END / SAME-NAME BRANCH,DEAD END / SAME-NAME BRANCH,False,True,1,477436875,-76.10823707040842,43.04453508639718
ERICKSON STREET,113.23496482475608,CALEB AVENUE,SUNNYCREST ROAD,True,True,1,477431355,-76.09594228579888,43.06214860758511
PACIFIC AVENUE,113.42188600869684,DEAD END / SAME-NAME BRANCH,CORAL AVENUE,False,True,1,477444798,-76.14992931388394,43.00872459967407
GREEN STREET ANNEX,114.1285951256115,GREEN STREET,DEAD END / SAME-NAME BRANCH,False,True,1,477433145,-76.13708058152905,43.05553639508923
PEAT STREET,114.26106659718809,ERIE BOULEVARD EAST,ERIE BOULEVARD EAST;WESTMORELAND AVENUE,True,True,4,477434733;477434767;800066458;477434834,-76.1150611222555,43.051192196618864
SCHUYLER STREET,114.39499014963725,NORTH WILBUR AVENUE,WEST FAYETTE STREET,True,True,1,477434990,-76.18250732995935,43.05081559709793
WADSWORTH STREET,114.5865191516603,HUNTLEY STREET,HUNTLEY STREET,True,True,1,477428105,-76.13945700826261,43.0776551981707
MOORE AVENUE,114.61856095507419,PENTA DRIVE,SMITH LANE,True,True,1,800032706,-76.13684290571814,43.02246447191081
EAST DIVISION STREET,115.04875647500053,LODI STREET,NORTH MCBRIDE STREET,True,True,1,477431449,-76.15052329039716,43.06162310063112
GALE STREET,115.14265685297507,GALE AVENUE;VANN STREET,DEAD END / SAME-NAME BRANCH,False,True,1,477432616,-76.11504026486982,43.05730011411148
WOLF STREET,115.4093905388755,HIAWATHA PLACE,HIAWATHA PLACE;WILLUMAE DRIVE,True,True,1,477427795,-76.15827577732857,43.07919260205498
ROWLAND STREET,115.60088661158598,HOLDEN STREET,DEAD END / SAME-NAME BRANCH,False,True,1,800051005,-76.18103538315347,43.03561772615763
PARK ROAD,115.6092422861329,DEAD END / SAME-NAME BRANCH,GRUMBACH AVENUE,False,True,1,477430585,-76.13944531640335,43.06512612814937
GRANT BOULEVARD,115.62938857937849,BEAR STREET,MURRAY AVENUE,True,True,1,477428479,-76.15702128226512,43.075744597937046
WESTMORELAND AVENUE,116.52454001280385,HARVARD PLACE,HARVARD PLACE;HOUSTON AVENUE,True,True,1,477437924,-76.11429026953876,43.04157529182388
PLYMOUTH DRIVE,116.63497825058111,GLENCOVE ROAD;NORTH GLENCOVE ROAD,GLENCOVE ROAD;NORTH GLENCOVE ROAD,True,True,1,477430796,-76.09914637806526,43.0644463935131
IVES AVENUE,116.69619674567669,ERIE BOULEVARD EAST,ERIE BOULEVARD EAST,True,True,2,800066497;477434997,-76.11614779947378,43.050885580050334
CALEB AVENUE,117.02874197368776,RIDGEWOOD DRIVE,HASBROUCK STREET,True,True,1,477431258,-76.09374231460994,43.06247159034497
SOUTH AVENUE,117.36101950869177,HILLVIEW AVENUE,HILLVIEW AVENUE,True,True,1,477443117,-76.1596092643927,43.02064959676389
WADSWORTH STREET,117.83640445728453,SWEETING STREET,MERTENS AVENUE,True,True,1,477429462,-76.13896277998799,43.070837133290304
VALLEY DRIVE,118.47209526688367,SAINT LOUIS AVENUE,BALLANTYNE ROAD,True,True,1,477444754,-76.1564008047048,43.00925659786172
LYNCH AVENUE,118.4871591961039,MITCHELL AVENUE,DEAD END / SAME-NAME BRANCH,False,False,1,477443966,-76.17062467195213,43.01447232046427
ALMOND STREET,118.71918397945775,EAST ADAMS STREET,DEAD END / SAME-NAME BRANCH,False,True,2,507665688;507665689,-76.14257308804008,43.042574648562685
RENWICK AVENUE,118.7773679951747,FINEVIEW PLACE,VAN BUREN STREET,True,True,1,477439211,-76.14148628464417,43.037352590781275
COURT STREET,118.92736630198344,KENWOOD AVENUE,ROSS PARK,True,True,1,477428119,-76.14784381581089,43.07756015276221
HADDON ROAD,118.99197557258638,DEAD END / SAME-NAME BRANCH,EDGEMONT DRIVE,False,True,1,477438433,-76.08914126196703,43.03966910435856
EAST GENESEE STREET,118.99285317720116,BRADFORD PARKWAY,FERRIS AVENUE,True,True,1,477437320,-76.10710377267222,43.04309360991916
WESTWOOD ROAD,119.05453604364341,DEAD END / SAME-NAME BRANCH,ALTON STREET,False,True,1,477442604,-76.19542990700741,43.023549345757566
DAWES AVENUE,119.1954576782701,DEAD END / SAME-NAME BRANCH,SLAYTON AVENUE,False,True,1,477444807,-76.14648079055752,43.00862061315578
EAST ADAMS STREET,119.47574393655131,TYLER COURT,ALMOND STREET,True,True,1,477437403,-76.14288679825952,43.04272656177096
NORTH SALINA STREET,119.48751631424093,CUMMINGS AVENUE,TURTLE STREET,True,True,1,477430013,-76.16040059837205,43.067916106712424
HILLSBORO PLACE,119.81646937916257,DEAD END / SAME-NAME BRANCH,HILLSBORO PARKWAY,False,True,1,477438101,-76.08613945451464,43.04076348794781
EAST GIFFORD PARKWAY,119.95559892268739,WILSON PLACE,EAST GENESEE STREET,True,True,1,477437975,-76.0843013002998,43.041266613801646
EAST WASHINGTON STREET,120.10370009067951,EAST GENESEE STREET,MONTGOMERY STREET,True,True,1,481561661,-76.14955953480481,43.04956089184571
ANDOVER ROAD,120.37901780455438,KENSINGTON PLACE,DEAD END / SAME-NAME BRANCH,False,True,1,513530288,-76.11932780119874,43.02792014038834
DEFOREST ROAD,120.45520356576772,EAST GENESEE STREET,EAST GENESEE PARKWAY,True,True,2,477437566;477437479,-76.09028061165672,43.04257210088437
EMERSON AVENUE,120.83070539120615,HERKIMER STREET,WILLIAMS STREET,True,True,1,477433446,-76.18845944997031,43.054529687488476
EAST GENESEE STREET,120.87948950119119,EAST WASHINGTON STREET,DEAD END / SAME-NAME BRANCH,False,True,1,481561664,-76.1498554782962,43.049713482918335
SPAULDING AVENUE,120.90477548814671,LONGMEADOW DRIVE,DEAD END / SAME-NAME BRANCH,False,True,1,477447187,-76.1471821852363,42.98696353783079
CANNON STREET,121.0720338363013,WEST CALTHROP AVENUE,WEST CALTHROP AVENUE,True,True,1,477443807,-76.14513828389762,43.01590361161156
NORTH STATE STREET,121.11323384439918,UNION PLACE,KIRKPATRICK STREET,True,True,1,477431021,-76.15719683234703,43.06348257698611
MCCORMICK AVENUE,121.41798810714185,GRANGER STREET,GRANGER STREET,True,True,1,477437045,-76.1563816316166,43.04400405831151
WEST BEAR STREET,121.5328927127212,GENANT DRIVE,BEAR STREET,True,True,3,800036487;477430416;477430363,-76.16390166808658,43.06618005048762
GLENCOVE ROAD,121.56283239662844,DEAD END / SAME-NAME BRANCH,NORTH GLENCOVE ROAD;PLYMOUTH DRIVE,False,True,1,477430757,-76.09944927180078,43.064481873063436
KILLIAN DRIVE,121.89640815038887,WINDHAM DRIVE,GUILFORD ROAD;WINDHAM DRIVE,True,True,1,477439266,-76.09486978426908,43.03704412075553
WEST JEFFERSON STREET,122.19557196046438,SOUTH CLINTON STREET,DEAD END / SAME-NAME BRANCH,False,True,1,477436185,-76.15380477298105,43.04707059212912
NORTH STATE STREET,122.7570834847506,CATAWBA STREET,BASIN STREET,True,True,1,477431502,-76.15550234381266,43.06136761875503
PLYMOUTH DRIVE,122.76737597160094,CRESLINE DRIVE;SOUTH GLENCOVE ROAD,GLENCOVE ROAD;NORTH GLENCOVE ROAD,True,True,1,477430862,-76.0988991015904,43.0641724436632
FORMAN AVENUE,122.85545288398774,WELLINGTON PLACE,EAST GENESEE STREET,True,True,1,477436114,-76.13997529275322,43.047473087099085
EAST WATER STREET,122.91034745476868,MONTGOMERY STREET,MARKET STREET,True,True,1,477435090,-76.1490906865104,43.05047645407769
JAMES STREET,122.96401626953518,WOODBINE AVENUE,LILLIAN AVENUE,True,True,1,477429844,-76.11028881312308,43.06866211219873
SOUTH SALINA STREET,122.99246895034433,ORLANDO AVENUE,SEELEY AVENUE,True,True,1,477445783,-76.14279982502082,43.00191510446491
LODI STREET,123.03874228738796,ISABELLA STREET,NORTH TOWNSEND STREET;POND STREET,True,True,1,477431011,-76.15359385410629,43.063466593791425
HIAWATHA BOULEVARD WEST,123.88013462350699,STATE FAIR BOULEVARD,DUKE DRIVE,True,True,1,477432795,-76.18369879884602,43.05664460467321
MANLEY FIELD HOUSE,124.25656358904145,EAST COLVIN STREET;SKYTOP ROAD,DEAD END / SAME-NAME BRANCH,False,True,1,600035945,-76.12368256415367,43.02198550395407
FOREST EDGE DRIVE,124.49542183734071,DEAD END / SAME-NAME BRANCH,WINKWORTH PARKWAY,False,True,1,477442577,-76.20219209554246,43.02375326767756
NURSERY LANE,124.516405620859,DEAD END / SAME-NAME BRANCH,DAYBREAK LANE,False,True,1,477442837,-76.12784064019249,43.02245101294291
MONROE STREET,124.5792776116076,WEISER COURT,DEAD END / SAME-NAME BRANCH,False,True,1,477437792,-76.14510226195326,43.04164165412954
SEELEY ROAD,124.58276318402116,FAYETTE BOULEVARD,EAST FAYETTE STREET,True,True,1,477435663,-76.10368378280532,43.04875912293676
J STANLEY COYNE CIRCLE,124.85078372342711,TALLMAN STREET,DEAD END / SAME-NAME BRANCH,False,True,1,477439574,-76.15527881221077,43.0361916255585
BELLEVUE AVENUE,124.98247955239765,LINCOLN AVENUE,HURON STREET,True,True,1,477440265,-76.15665378444729,43.033579099216716
FORMAN AVENUE,125.00166941707533,EAST GENESEE STREET,EAST GENESEE STREET,True,True,1,477436246,-76.13995797708193,43.047135660777904
WESTCOTT STREET,125.14522014900386,CLARKE STREET,CLARENDON STREET,True,True,1,477438774,-76.11910279514169,43.03874710885466
HUGHES PLACE NORTH,125.40270388280102,ROBERT DRIVE,DEAD END / SAME-NAME BRANCH,False,True,1,477441963,-76.13336229893899,43.02694360160399
TECUMSEH STREET,125.66147149311865,DEAD END / SAME-NAME BRANCH,WESTMORELAND AVENUE,False,True,1,477441914,-76.11379926307953,43.027048646093036
GRAPE TERRACE,125.73537639269848,DEAD END / SAME-NAME BRANCH,OAKWOOD AVENUE,False,True,1,477439458,-76.14569633448127,43.03639660968903
PENTA DRIVE,126.72335607285895,MOORE AVENUE,CLIFFSIDE DRIVE,True,True,1,477442780,-76.13710564689805,43.02259473983659
WADSWORTH STREET,127.46561204739842,HAROLD STREET,LISTMAN AVENUE,True,True,1,477428714,-76.1392208008266,43.074767119595876
ALTON STREET,127.77851852133543,WESTWOOD ROAD,WESTWOOD ROAD,True,True,1,477442608,-76.19547517657666,43.023450393856656
EAST WASHINGTON STREET,127.88180102896423,MONTGOMERY STREET,MARKET STREET,True,True,1,477435377,-76.14909625340493,43.04954217302941
BALLANTYNE ROAD,127.9745288463089,CONAN STREET,ONONDAGA CREEK BOULEVARD,True,True,3,477444552;800052212;477444557,-76.14992781932504,43.01044803830104
CHURCHILL AVENUE,128.1028477623403,DEAD END / SAME-NAME BRANCH,BENNINGTON DRIVE,False,True,1,477444349,-76.14004781728136,43.012133098345934
DELAWARE STREET,128.30880300605054,SOUTH GEDDES STREET,FENTON STREET,True,True,1,477438618,-76.17294881146904,43.03921558906683
LEMOYNE AVENUE,128.6297172017778,KENWOOD AVENUE,GILBERT STREET,True,True,1,477427554,-76.1529207951656,43.080482598824375
LOMBARD AVENUE,128.75214315249514,DEAD END / SAME-NAME BRANCH,ERIE BOULEVARD EAST,False,True,1,477435479,-76.11984221428817,43.0494414500637
MASSENA STREET,128.76288725704413,SABINE STREET,DAVIS STREET,True,True,1,510577032,-76.1672591853148,43.03919148836578
GRANT BOULEVARD,128.79872661007548,MAYAR STREET,OAK STREET,True,True,1,477429136,-76.13693076619849,43.07238663610139
EVANS STREET,129.49906619661814,LEAVENWORTH AVENUE,MALTBIE STREET,True,True,1,477433082,-76.16230085352672,43.055706308982984
EDGEMONT DRIVE,129.55055409393785,HADDON ROAD,HADDON ROAD,True,True,1,477438442,-76.0893112647699,43.039504587224286
MIDLAND AVENUE,129.79059709619415,CORTLAND AVENUE,MARTIN LUTHER KING WEST,True,True,1,477440862,-76.15391080316948,43.03159261782096
EAST DIVISION STREET,130.2611902486874,DEAD END / SAME-NAME BRANCH,GILBERT AVENUE,False,True,1,477430127,-76.14599378356374,43.06739911482945
GRANT BOULEVARD,130.34284387475228,COURT STREET,COURT STREET,True,True,1,477428689,-76.15373730575389,43.074778129559746
ERIE BOULEVARD EAST,130.43693226775585,DEAD END / SAME-NAME BRANCH,NORTH TOWNSEND STREET;SOUTH TOWNSEND STREET,False,True,1,477434973,-76.14533799467343,43.05081760432493
HARRIETTE AVENUE,130.8588713980928,EAST COLVIN STREET,BOISE DRIVE,True,True,1,477442473,-76.13038179527118,43.02435309776906
SOUTH SALINA STREET,131.18585945253614,ERIE BOULEVARD EAST;NORTH SALINA STREET,EAST WATER STREET;WEST WATER STREET,True,True,1,477435057,-76.15218079773013,43.05073163832171
DEVINE STREET,131.6991161647358,ERIE BOULEVARD EAST,ERIE BOULEVARD EAST,True,True,2,477435289;800066350,-76.11902791747495,43.050068821801844
BURNET AVENUE,131.75819463900254,LODI STREET,OAK STREET,True,True,1,477434287,-76.13281977625458,43.05213412056579
NORTH TOWNSEND STREET,131.78459209646127,HAWLEY AVENUE,JAMES STREET,True,True,1,509997556,-76.1458284434986,43.05345210848842
LORETTO ROUNDABOUT,131.91404838289267,EAST GLEN AVENUE,EAST GLEN AVENUE,True,True,2,800100182;800100176,-76.13637476209765,43.00885984528686
COURT STREET,132.08870407237478,HOOD AVENUE,SEVENTH NORTH STREET,True,True,1,477428239,-76.14889430756159,43.07698311476115
WEST NEWELL STREET,132.22638537856886,CANNON STREET,CANNON STREET,True,True,1,477443529,-76.1455047993489,43.01765410557496
ROBINSON STREET,132.52844672880795,SHERWOOD AVENUE,VINE STREET,True,True,1,477432329,-76.12541679195077,43.05809460650404
DAKOTA STREET,132.56295373969652,CUMBERLAND AVENUE,CUMBERLAND PLACE,True,True,1,477440507,-76.11273476708753,43.03272958311475
SOUTH CLINTON STREET,132.68788041552875,WEST WATER STREET,ERIE BOULEVARD WEST;NORTH CLINTON STREET,True,True,1,477435058,-76.15353625219214,43.050732615431876
WESTCOTT STREET,132.85771274472444,CONCORD PLACE,SOUTH BEECH STREET,True,True,1,477438367,-76.11920927558327,43.03996861885209
BARNES AVENUE,132.94185488278367,MARVIN ROAD,PALMER LANE,True,True,1,477444384,-76.16056429133113,43.01179657342779
BALLANTYNE ROAD,132.9437309827153,ONONDAGA CREEK BOULEVARD,ATLANTIC AVENUE;CORAL AVENUE,True,True,1,477444571,-76.15041079156214,43.0104006240419
SHERMAN STREET,133.0613566398994,WESTMORELAND AVENUE,DEAD END / SAME-NAME BRANCH,False,True,1,477442198,-76.1136953042258,43.025735118067644
GREEN STREET COURT,133.2580826267116,GREEN STREET,DEAD END / SAME-NAME BRANCH,False,True,1,477432981,-76.13581832631519,43.05612813880828
NORTH SALINA STREET,133.36520571050457,JAMES STREET;WEST GENESEE STREET,ERIE BOULEVARD EAST;SOUTH SALINA STREET,True,True,1,477434876,-76.15217531440942,43.05109463539053
TEALL AVENUE,133.51185781017833,KINNE STREET,SCHULER STREET,True,True,1,477431867,-76.12231923232578,43.05986364636665
SCOTTHOLM BOULEVARD,133.66234076839993,DEAD END / SAME-NAME BRANCH,EAST GENESEE STREET,False,True,1,477436835,-76.11200969231372,43.04457031006741
GRANT BOULEVARD,133.8406011803207,DARLINGTON ROAD,OAK STREET,True,True,1,477429132,-76.13644025955533,43.07241059932668
BUTTERNUT STREET,134.47948185494243,NORTH SALINA STREET,NORTH STATE STREET,True,True,1,477454134,-76.15225729141598,43.05761410810612
TWIN HILLS DRIVE,134.52355606508706,ALANSON ROAD,STINARD AVENUE,True,True,1,477442229,-76.17338277453347,43.02561355607418
LOMBARD AVENUE,134.57655607187812,ERIE BOULEVARD EAST,ERIE BOULEVARD EAST,True,True,2,800066447;477435348,-76.12005040260662,43.049767882189435
EAST TAYLOR STREET,134.9959361542599,BURT STREET;GAGE COURT,RENWICK AVENUE,True,True,1,477438415,-76.14115637767607,43.039558152801895
BELLEVUE AVENUE,135.1294766731024,DUDLEY STREET,CLAIRMONTE AVENUE,True,True,1,477440432,-76.16963581023492,43.03305061464633
BUTTERNUT STREET,135.22871894983342,HAROLD STREET,DALE STREET,True,True,1,477428671,-76.1425742791422,43.07498761970907
KENWOOD AVENUE,135.251110077375,CADILLAC STREET,MARCIA STREET,True,True,1,477427798,-76.15071932236917,43.07916564963447
WILLISTON AVENUE,135.3151057059552,KAPPESSER STREET,DEAD END / SAME-NAME BRANCH,False,True,1,477429508,-76.14402781140434,43.07056864252082
HIGHLAND STREET,135.34149062226308,SAILE STREET,SCHILLER AVENUE,True,True,1,477429399,-76.14191179013042,43.071132096288736
WEST NEWELL STREET,135.39861554169042,RICHARDSON AVENUE,KENMORE AVENUE,True,True,1,477443636,-76.15235725075848,43.01696509398379
BELLEVUE AVENUE,135.53227773840635,ONONDAGA AVENUE,ONONDAGA AVENUE,True,True,1,477440369,-76.16503183792898,43.033221622249215
ROXBURY ROAD,135.53582835455728,MILFORD DRIVE EAST,MILFORD DRIVE EAST,True,True,1,800042647,-76.0966138381549,43.06653969171113
HILLVIEW AVENUE,136.02290687865832,SOUTH AVENUE,DEAD END / SAME-NAME BRANCH,False,True,1,504325496,-76.1597466772912,43.020736427503586
SOUTH AVENUE,136.43900326195018,MARGINAL STREET,MARTIN LUTHER KING WEST,True,True,4,477441046;477441117;800051062;800040253,-76.15867269897804,43.030658727604475
WEST SENECA TURNPIKE,136.4715271837019,ACADEMY GREEN,MILBURN DRIVE,True,True,1,477445793,-76.15043830714148,43.001701112454114
DAVIS STREET,136.9361061490102,MASSENA STREET,SABINE STREET,True,True,1,510577043,-76.16706627586927,43.0393382108495
COURT STREET,137.1083312221905,GRANT BOULEVARD,GRANT BOULEVARD,True,True,1,477428764,-76.15362334911572,43.074567124304444
EMERSON AVENUE,137.34011736425245,CAYUGA STREET,CAYUGA STREET,True,True,1,477434556,-76.1864231566658,43.05179126881929
SOUTH WARREN STREET,137.38677744252368,EAST WATER STREET,ERIE BOULEVARD EAST;NORTH WARREN STREET,True,True,1,477435079,-76.15076379834508,43.05070614071308
SOUTH MCBRIDE STREET,137.7345482746013,EAST WATER STREET,ERIE BOULEVARD EAST,True,True,2,477435130;477435030,-76.14385796114838,43.05057164849373
ALMOND STREET,137.74080586068575,ERIE BOULEVARD EAST,EAST WATER STREET,True,True,1,477435140,-76.14212027201107,43.0505475794697
ONONDAGA AVENUE,137.79780173443226,PARKSIDE AVENUE,WEST BISSELL STREET,True,True,1,477442288,-76.16062479349375,43.025302592104175
BELLEVUE AVENUE,138.12836233410187,KANDACE STREET,WOLCOTT AVENUE,True,True,1,477440551,-76.18275527602349,43.03257659789154
CARLTON DRIVE,138.3603527846125,EAST GENESEE PARKWAY,EAST GENESEE STREET,True,True,2,477437578;477437637,-76.08895596770351,43.0423626817957
DOUGLAS STREET,138.49348944941286,HIGHLAND STREET,HIGHLAND PLACE,True,True,1,477431916,-76.14113028087621,43.059594619881665
PERSHING AVENUE,138.63961646915473,DEAD END / SAME-NAME BRANCH,WORDEN AVENUE,False,True,1,477428821,-76.14050129996488,43.07412213329304
LEXINGTON AVENUE,138.67619552898316,CHERRY STREET,EAST GENESEE STREET,True,True,1,477436192,-76.12375060479211,43.04709507260189
GORLAND AVENUE,138.81128631806612,GAIS DRIVE,DEAD END / SAME-NAME BRANCH,False,True,1,477436859,-76.10111676550405,43.044616609325985
DELL STREET,138.95731200326182,SOUTH BEECH STREET,COLUMBUS AVENUE,True,True,1,477437728,-76.12088583302405,43.041837611581954
WHEATON ROAD,138.9844520882841,FORDHAM ROAD,MERTENS AVENUE,True,True,1,477429330,-76.12634730770235,43.07144210377622
RIDGEWOOD DRIVE,139.03770972556543,NORTHCLIFFE ROAD,ROXBURY ROAD,True,True,1,477430265,-76.09431378755733,43.066830159742935
SOUTH FRANKLIN STREET,139.20089525980444,WEST WATER STREET,ERIE BOULEVARD WEST;NORTH FRANKLIN STREET,True,True,2,800066358;477435051,-76.15548186925977,43.05076362916124
SMILEY DRIVE,139.85725786678228,FERNDALE DRIVE,DEAD END / SAME-NAME BRANCH,False,True,1,477445190,-76.14630985295031,43.00622920723811
SOLAR STREET,139.94251718230416,PLUM STREET,DUPLI PARK DRIVE,True,True,1,600008998,-76.15765516306813,43.05676196059782
BUTTERNUT STREET,140.0237807724612,GRANT BOULEVARD,DEAD END / SAME-NAME BRANCH,False,True,1,477454219,-76.14230525253062,43.07247709624428
SOUTH SALINA STREET,140.12460754547354,CRIPPEN AVENUE,CLARENCE AVENUE,True,True,1,477445547,-76.14299328301726,43.00403811784347
CAYUGA STREET,140.29163722531396,EMERSON AVENUE,DEAD END / SAME-NAME BRANCH,False,True,1,477434557,-76.18658188798533,43.051649761270184
ARDMORE PLACE,140.33217506629157,DEAD END / SAME-NAME BRANCH,HARFORD ROAD,False,True,1,477427396,-76.14290678562868,43.08149011961098
TEALL AVENUE,140.41931263967263,DEAD END / SAME-NAME BRANCH,FORDHAM ROAD,False,True,1,477429304,-76.12309279362476,43.07155909914363
NORTHCLIFFE ROAD,140.7040074139776,DEAD END / SAME-NAME BRANCH,MILFORD DRIVE WEST,False,True,1,477430129,-76.0990132890339,43.06724810552872
LATTER DRIVE,140.91886782405214,BRAMPTON ROAD,WINDEMERE ROAD,True,True,1,477446732,-76.13868796414403,42.992309776957846
PARKWAY DRIVE,141.24848438164787,TEMPLE PLACE,ONONDAGA AVENUE,True,True,1,477442404,-76.15966421636793,43.02463161854982
SOUTH GEDDES STREET,141.52240017290788,WEST MARCELLUS STREET,MARCELLUS STREET,True,True,1,477436899,-76.17103132685152,43.04454757471941
SEELEY ROAD,141.9762776470511,MILNOR AVENUE,NIVEN STREET,True,True,1,477436099,-76.1035757918313,43.04753311176636
NORTH CLINTON STREET,142.12638478964755,ERIE BOULEVARD WEST;SOUTH CLINTON STREET,WEST GENESEE STREET,True,True,1,477434874,-76.1535268041596,43.05110965534669
JAMES STREET,142.33471247567488,MILDRED AVENUE,CLIFTON PLACE,True,True,1,477430017,-76.11676078431991,43.06791710225148
PENTA DRIVE,142.38136537774741,CLIFFSIDE DRIVE,JERICHO DRIVE,True,True,1,477442781,-76.13760645930779,43.02257342894413
MORNINGSIDE TERRACE,142.7012433072248,DEAD END / SAME-NAME BRANCH,HERTFORD STREET,False,True,1,477441574,-76.1243930556239,43.0286596571943
NORTH WARREN STREET,142.82065992953875,JAMES STREET,ERIE BOULEVARD EAST;SOUTH WARREN STREET,True,True,1,477434886,-76.15075778771441,43.05109061958144
CALEB AVENUE,143.75084858286795,DEAD END / SAME-NAME BRANCH,WOODBINE AVENUE,False,True,1,477432082,-76.10945828878401,43.05895809579041
ARNETT AVENUE,143.92865899671858,MARLBOROUGH ROAD,HAZELHURST AVENUE,True,True,1,477429588,-76.11240826721581,43.06991364504133
SOUTH GLENCOVE ROAD,143.9339550151615,CULVER DRIVE,LUDDINGTON STREET,True,True,1,477430839,-76.09712128208528,43.064126622193115
BURNET PARK DRIVE,143.93813607008144,TENNYSON AVENUE,TENNYSON AVENUE,True,True,1,477436542,-76.18526284440581,43.04578213052243
GRANT BOULEVARD,144.0472687050535,DEWITT STREET,KENWICK DRIVE,True,True,1,477429111,-76.13474426052215,43.0724921309586
TEALL AVENUE,144.0650080169004,GRAY AVENUE,PECK AVENUE,True,True,1,477429776,-76.12294929179777,43.06923612760555
BUTTERNUT STREET,144.35708028148701,GRANT BOULEVARD,GRANT BOULEVARD,True,True,1,477454214,-76.14265555443376,43.07230503761603
SOUTH SALINA STREET,144.56706059980803,WEST CALTHROP AVENUE,EAST CATHROP AVENUE,True,True,2,509994533;509994532,-76.14119876144888,43.01641207568044
SOUTH WEST STREET,144.88852429284177,WEST STREET ARTERIAL NORTHBOUND,SHONNARD STREET;WEST STREET ARTERIAL SOUTHBOUND,True,True,1,504325344,-76.15752880732961,43.04187801469628
SOUTH GLENCOVE ROAD,144.98357757213938,ERICKSON STREET,CULVER DRIVE,True,True,1,477430835,-76.0965813429519,43.06414779049729
GRANT BOULEVARD,145.0252265209941,TEALL AVENUE,TEALL AVENUE,True,True,1,477429174,-76.12337061309579,43.07231578009432
HAZELHURST AVENUE,145.2346439703696,BEACON ROAD,BEACON ROAD,True,True,1,477428949,-76.11308108577185,43.073646851616154
POND STREET,145.28192335928975,SPRING STREET,SPRING STREET,True,True,1,477430019,-76.14997731918207,43.06797111996671
HUNT AVENUE,145.3890660385681,WEST LAFAYETTE AVENUE,ONONDAGA CREEK BOULEVARD,True,True,1,477443483,-76.15545281900086,43.01815864188665
NORTH SALINA STREET,145.39985447348778,EAST LAUREL STREET;WEST LAUREL STREET,PEARL STREET,True,True,1,477433069,-76.15208035620147,43.05587709321377
EMERSON AVENUE,145.7851796830778,CAYUGA STREET,WEST GENESEE STREET,True,True,1,477434365,-76.18649128346829,43.05217060885667
THAYER STREET,146.0496916950741,DEAD END / SAME-NAME BRANCH,DIANA AVENUE,False,True,1,477443837,-76.12882324481416,43.01545661102998
SEELEY ROAD,146.194184227332,NIVEN STREET,HARWOOD AVENUE,True,True,1,477435945,-76.10361227104812,43.047927624707306
BARRETT STREET,146.23291613463257,MERRIMAN AVENUE,DEAD END / SAME-NAME BRANCH,False,True,1,477438267,-76.16989690819324,43.04032915215785
MONTGOMERY STREET,146.59101702530447,EAST JEFFERSON STREET;EAST ONONDAGA STREET,EAST ONONDAGA STREET,True,True,1,477436327,-76.14878742512207,43.046836121066356
MILFORD DRIVE EAST,146.62699869533546,ROXBURY ROAD,DEAD END / SAME-NAME BRANCH,False,True,1,800042652,-76.09662181540693,43.06661887859737
NORTH FRANKLIN STREET,146.65192505788985,PLUM STREET,DUPLI PARK DRIVE,True,True,1,800032523,-76.15662319104986,43.05714770549956
STRATHMORE DRIVE,146.69004808440945,STRATHMORE ROAD,GLENWOOD AVENUE,True,True,1,477443288,-76.17332595041859,43.01962169251492
SOUTH SALINA STREET,147.31305417176569,NEW STREET,TEMPLE STREET,True,True,1,477438228,-76.15064382946073,43.04053163763294
RONEY LANE,147.31695088398203,SMITH LANE,DEAD END / SAME-NAME BRANCH,False,True,1,477442995,-76.13573590801732,43.02137875592361
UNION PLACE,147.4045024911001,TITUS ALLEY,NORTH SALINA STREET,True,True,1,477430887,-76.1562953093968,43.064072594407726
SOUTH STATE STREET,147.58609273109954,EAST WATER STREET,ERIE BOULEVARD EAST;NORTH STATE STREET,True,True,1,477435101,-76.14737729793447,43.05063713099492
SPAID AVENUE,147.75829162802077,WESTMORELAND AVENUE,DEAD END / SAME-NAME BRANCH,False,True,1,477441421,-76.11402979370094,43.029194617671195
LANDMARK PLACE,147.77000724795195,SOUTH TOWNSEND STREET,DEAD END / SAME-NAME BRANCH,False,True,1,509997469,-76.14586780578514,43.04906960257395
RILL AVENUE,147.79789903188166,DEAD END / SAME-NAME BRANCH,CONAN STREET,False,True,1,477444365,-76.15007329307814,43.01186061159995
SLOCUM DRIVE,148.10253527342337,SMALL ROAD,DEAD END / SAME-NAME BRANCH,False,True,1,800034400,-76.11670514826537,43.02101297640668
SPENCER STREET,148.90151538452122,GENANT DRIVE,CATAWBA STREET,True,True,2,477431557;477431534,-76.15637531526922,43.06106376062623
WADSWORTH STREET,148.93303982606204,PERSHING AVENUE,LISTMAN AVENUE,True,True,1,477428810,-76.13918780928361,43.07438861407067
SOUTH WARREN STREET,149.05046034801188,EAST WATER STREET,EAST GENESEE STREET,True,True,2,800066620;481561653,-76.15076479915943,43.05031311240815
WADSWORTH STREET,149.25704590942732,BRIGGS STREET,BRIGGS STREET,True,True,1,477428289,-76.13939030886715,43.07686513785667
WINDHAM DRIVE,149.71990955407685,DEAD END / SAME-NAME BRANCH,GUILFORD ROAD,False,True,1,477439586,-76.09484862588647,43.03604786997026
HIGHLAND STREET,149.90875175910722,SAILE STREET,SWEETING STREET,True,True,1,477429497,-76.14193732519587,43.070741120655065
WOODLAND AVENUE,149.97021131573663,GARFIELD AVENUE,DEAD END / SAME-NAME BRANCH,False,True,1,477441280,-76.14211125215547,43.029711133559836
WEST FAYETTE STREET,150.26041825088515,HAMILTON STREET,WEST GENESEE STREET,True,True,1,477434454,-76.18333730344531,43.05194910585124
HADDON ROAD,150.54168249499259,EDGEMONT DRIVE,DEAD END / SAME-NAME BRANCH,False,True,1,477438443,-76.0893793419584,43.03965687766751
PINE STREET,150.8530311436169,EAST WATER STREET,ERIE BOULEVARD EAST,True,True,1,477435199,-76.12973878344455,43.05040660036712
GRANT BOULEVARD,150.989512858118,HELEN STREET,KENWICK DRIVE,True,True,1,477429116,-76.1352952673582,43.072465143669206
PARK STREET,151.02629761522147,EXCHANGE STREET,HIAWATHA BOULEVARD EAST,True,True,1,477429282,-76.16576264788925,43.07158345881725
WALNUT AVENUE,152.32920107439668,ERIE BOULEVARD EAST,EAST WATER STREET,True,True,1,477435189,-76.13202774471453,43.05043958418556
ERIE BOULEVARD EAST,152.41284085196128,DEVINE STREET,LOMBARD AVENUE,True,True,1,477435288,-76.11867246475867,43.0499755258318
HUNT AVENUE,152.4500846734222,DEAD END / SAME-NAME BRANCH,ROCKLAND AVENUE,False,True,1,477442507,-76.15552978496234,43.02425163510643
SOUTH TOWNSEND STREET,152.51637959238727,EAST WATER STREET,ERIE BOULEVARD EAST;NORTH TOWNSEND STREET,True,True,1,509997479,-76.14557811748462,43.05061286549687
UNIVERSITY AVENUE,153.07678833098072,ERIE BOULEVARD EAST,EAST WATER STREET,True,True,1,477435173,-76.13424427165704,43.05046959363187
EAST GENESEE STREET,153.26858514397523,DEWITT ROAD,EAST GIFFORD PARKWAY,True,True,1,477438007,-76.08406501646417,43.041048648183384
KENSINGTON ROAD,153.31404998697312,WESTCOTT STREET,WESTMINSTER AVENUE,True,True,1,477440743,-76.11879474324734,43.03189152362726
FITCH STREET,153.39320124535223,LYDELL STREET,DEAD END / SAME-NAME BRANCH,False,True,1,477439074,-76.17827926699606,43.03768663481636
DUDLEY STREET,153.59174203510952,PUTNAM STREET,ELLIOTT STREET,True,True,1,477439848,-76.16989588952066,43.035244694105714
VAN BUREN STREET,154.1226577694403,SOUTH MCBRIDE STREET,DEAD END / SAME-NAME BRANCH,False,True,1,477439129,-76.14344125591677,43.03751263086491
PRINCETON AVENUE,154.20620466944777,DEAD END / SAME-NAME BRANCH,MITCHELL AVENUE,False,True,1,477444276,-76.1699343047478,43.01242313684481
LOMBARD AVENUE,154.71994812130546,DEVINE STREET,ERIE BOULEVARD EAST,True,True,1,506021459,-76.1186406175281,43.04992597922251
MONTGOMERY STREET,155.33237909607115,ERIE BOULEVARD EAST;OSWEGO BOULEVARD,EAST WATER STREET,True,True,1,477435084,-76.14931947155716,43.05070764763113
SOUTH SALINA STREET,155.4175611270477,SEELEY AVENUE,RONEY ROAD,True,True,1,477445744,-76.1428278151614,43.002296590332705
MILTON AVENUE,155.5042467795583,EMERSON AVENUE,CHEMUNG STREET,True,True,1,477432347,-76.19388335345941,43.05811960123697
SOUTH CROUSE AVENUE,156.3311038584397,ERIE BOULEVARD EAST;NORTH CROUSE AVENUE,EAST WATER STREET,True,True,1,477435159,-76.13646580175602,43.05050113092952
SOUTH AVENUE,156.57551169834008,HILLVIEW AVENUE,MARGUERITE AVENUE,True,True,1,477443162,-76.15985828925827,43.02032109457165
WADSWORTH STREET,156.58502371865404,HUNTLEY STREET,BRIGGS STREET,True,True,1,477428196,-76.13942331610798,43.077284119889896
EAST GENESEE STREET,156.62928182011257,EAST GIFFORD PARKWAY,GIFFORD PARKWAY;HILLSBORO PLACE,True,True,2,477437976;477437973,-76.08462582565883,43.04115600972937
CAYUGA STREET,156.8350138301155,EMERSON AVENUE,DEAD END / SAME-NAME BRANCH,False,True,1,477434514,-76.18662926771958,43.05178765170972
OTISCO STREET,156.93523586901523,CORCORAN COURT,STONE COURT,True,True,1,481561673,-76.16102283452526,43.04612757713777
FORMAN AVENUE,157.10468948003412,ERIE BOULEVARD EAST,EAST WATER STREET,True,True,1,477435145,-76.13990679795745,43.05055015527599
SOUTH STATE STREET,157.40494234302588,NEW STREET,CHAVEZ TERRACE,True,True,1,477438106,-76.14756130973801,43.04080865059726
ROSEWOOD STREET,157.48729717790678,BEECHER STREET,DOUGLAS STREET,True,True,1,477432092,-76.14278510975598,43.05904076831115
OXFORD STREET,157.71884821290612,DEAD END / SAME-NAME BRANCH,MIDLAND AVENUE,False,True,1,477440172,-76.15538717655723,43.033916490146325
WALNUT AVENUE,157.8005667940621,ERIE BOULEVARD EAST,CANAL STREET,True,True,1,477435024,-76.1320192408111,43.05086510450899
TALLMAN STREET,157.94475143608503,J STANLEY COYNE CIRCLE,MIDLAND AVENUE,True,True,1,477439484,-76.1555883205647,43.03635063358183
SALISBURY PARK DRIVE,158.25753743351336,SALT SPRINGS ROAD,MILNOR AVENUE,True,True,1,477436130,-76.09747258063189,43.04743811018428
WEST GENESEE STREET,158.46323086945358,EMERSON AVENUE,SAINT MARKS AVENUE,True,True,1,477434171,-76.18677932006885,43.05239211359503
CHERRY STREET,158.52806729465087,EAST FAYETTE STREET,LOMBARD AVENUE,True,True,1,477435749,-76.12346632036896,43.048542117854886
GREENWAY AVENUE,158.71585591804796,VANN STREET,DEAD END / SAME-NAME BRANCH,False,True,1,477432818,-76.11949578110315,43.05663113210623
WINKWORTH PARKWAY,158.75797621179788,FOREST EDGE DRIVE,RICHARD ROAD,True,True,1,477442528,-76.20245608475399,43.02394809046409
SALT SPRINGS ROAD,159.00977858654034,EDGEHILL ROAD,CANDEE AVENUE,True,True,1,477436463,-76.10450128053213,43.04609812133328
WILLISTON AVENUE,159.33748746257416,KAPPESSER STREET,BUTTERNUT STREET,True,True,1,477429538,-76.14354581302649,43.070372156817214
STEDMAN STREET,159.57825414577366,SEVENTH NORTH STREET,GILBERT STREET,True,True,1,477427472,-76.15467348148883,43.08104818892336
BELLEVUE AVENUE,159.58078601025343,SUMMIT AVENUE,SUMMIT AVENUE,True,True,1,477440381,-76.16595831455587,43.03318661209981
EAST BRIGHTON AVENUE,159.91130737626773,NEWBURY HOLLOW LANE,IVY RIDGE ROAD,True,True,1,513531413,-76.1352687486208,43.01354012951097
LODI STREET,160.0992820235045,BURNET AVENUE,OAK STREET,True,True,1,477434286,-76.13281478022813,43.05225960808738
MARY STREET,160.39685856747178,NEUTRAL COURT,PARK STREET,True,True,1,477430731,-76.14918432785284,43.06470712521618
NORTH GLENCOVE ROAD,160.52375765849243,SOUTH GLENCOVE ROAD,GLENCOVE ROAD;RIDGEWOOD DRIVE,True,True,1,477430691,-76.09444224316478,43.06464813088316
WEST COLVIN STREET,160.5365135639143,HATCH STREET,GLAHN AVENUE,True,True,1,477442593,-76.15352779665534,43.02355562616804
NORTH GLENCOVE ROAD,160.74034854005328,GLENCOVE ROAD;PLYMOUTH DRIVE,DEAD END / SAME-NAME BRANCH,False,True,1,600035917,-76.09900267620273,43.06452876111922
UNIVERSITY AVENUE,161.08073209418833,CANAL STREET,ERIE BOULEVARD EAST,True,True,1,477435014,-76.13423226208018,43.050900596664064
MAPLEWOOD AVENUE,161.33008291491012,EDGEWOOD DRIVE,DEAD END / SAME-NAME BRANCH,False,True,1,477447040,-76.1370771055317,42.98877864957816
DECKER STREET,161.8715009162528,BROWN STREET,BURNET AVENUE,True,True,1,477434333,-76.14682985116956,43.05206771851619
MIDLAND AVENUE,161.92067222064887,WARNER AVENUE,FERNWOOD AVENUE,True,True,1,477442884,-76.15010283787618,43.02220464519008
GRANGER STREET,162.10304905488715,MCCORMICK AVENUE,GIFFORD STREET,True,True,1,477437183,-76.15614165000595,43.04377364662538
FIRST NORTH STREET,162.29504635556685,CRAIG STREET,HERBERT STREET,True,True,1,511383775,-76.14772673922917,43.068867032788354
SOUTH TOWNSEND STREET,162.50641982611205,EAST WASHINGTON STREET,LANDMARK PLACE,True,True,1,509997471,-76.1455927856325,43.049294596636734
EAST KENNEDY STREET,162.5149384151258,OAKWOOD AVENUE,BAKER AVENUE,True,True,1,477440888,-76.14439279308706,43.0313841462575
SHERBOURNE ROAD,162.8526237961817,CROYDEN ROAD,DEAD END / SAME-NAME BRANCH,False,True,1,477440659,-76.10822526176807,43.032121116881406
CEDAR RIDGE APARTMENTS,162.92895505674758,DEAD END / SAME-NAME BRANCH,DEAD END / SAME-NAME BRANCH,False,True,1,477434160,-76.10111232645438,43.05246105352665
SOUTH LOWELL AVENUE,163.0112978841477,COLERIDGE AVENUE,WHITTIER AVENUE,True,True,1,477436575,-76.17996804829734,43.04577320931858
BUTTERNUT STREET,163.27003834988778,HILLSIDE STREET;KUHL AVENUE,BRIGGS STREET,True,True,1,477428315,-76.14276106301789,43.076712041696744
EAST PLEASANT AVENUE,163.34761379409053,SOUTH SALINA STREET,DEAD END / SAME-NAME BRANCH,False,True,1,477443566,-76.14115425486035,43.017399597506206
LODI STREET,163.6348291468603,ERIE BOULEVARD EAST,CANAL STREET,True,True,1,477435034,-76.13061783707626,43.05084532981897
WEST GENESEE STREET,163.80151471848856,WALLACE STREET,WEST WILLOW STREET,True,True,1,477434150,-76.15631729209028,43.05250664877636
EAST GENESEE STREET,163.85659669756234,CHERRY STREET,LEXINGTON AVENUE,True,True,1,477436283,-76.1237520140041,43.04696493951079
TRUTH TERRACE,164.00797037833215,DEAD END / SAME-NAME BRANCH,OAKWOOD AVENUE,False,True,1,477439699,-76.14570430309871,43.035608450748654
NORTH CROUSE AVENUE,164.01025871658666,CANAL STREET,ERIE BOULEVARD EAST;SOUTH CROUSE AVENUE,True,True,1,477435003,-76.13645482435084,43.05094063367117
GRANT BOULEVARD,164.09131318442226,HELEN STREET,DARLINGTON ROAD,True,True,1,477429124,-76.1358837788654,43.072437106133364
BUTTERNUT STREET,164.12853534890107,NORTH STATE STREET,SALT STREET,True,True,1,477454141,-76.15272150827093,43.05738624349532
TALLMAN STREET,164.36778833584813,COOLIDGE AVENUE,ONONDAGA AVENUE;WEST ONONDAGA STREET,True,True,1,477439756,-76.16403868929845,43.03544140400526
EAST ADAMS STREET,164.40718053650468,WALNUT PLACE,WALNUT AVENUE,True,True,1,477437466,-76.13251179560052,43.042630116401405
GRANT BOULEVARD,164.59371128821476,EASTWOOD ROAD,JAMES STREET,True,True,1,477429889,-76.11502379603684,43.068567623986354
STEDMAN STREET,164.7209886760183,LEMOYNE AVENUE,DEAD END / SAME-NAME BRANCH,False,True,1,800041916,-76.15639170897937,43.07897832528374
MARSHALL STREET,164.92171828561925,WALNUT PLACE,WALNUT AVENUE,True,True,1,477437839,-76.1325337639033,43.04158861760917
EAST JEFFERSON STREET,164.93990893904095,MONTGOMERY STREET,EAST ONONDAGA STREET;MONTGOMERY STREET,True,True,1,477436217,-76.14903083539897,43.04703340124916
JAMES STREET,165.40851166464412,SEDGWICK DRIVE,VINE STREET,True,True,1,477431313,-76.12827533632068,43.0622791179248
OTISCO STREET,165.68360690995334,SCHOENECK COURT,STONE COURT,True,True,1,477436519,-76.16212276907979,43.04585963759678
WAVERLY AVENUE,165.69737154120986,WALNUT PLACE,WALNUT AVENUE,True,True,1,477438146,-76.13256531185301,43.04051064342424
BERTRAM PLACE,166.06782214597305,ONONDAGA CREEK BOULEVARD,DEAD END / SAME-NAME BRANCH,False,True,1,477443640,-76.15722206221189,43.017142998810016
HOPPER ROAD,166.18358241804444,CHAFFEE AVENUE,DEAD END / SAME-NAME BRANCH,False,True,1,477446250,-76.15962777300354,42.99725460249629
JACKSON STREET,166.20307823317447,DEAD END / SAME-NAME BRANCH,DABLON COURT;RADISSON COURT,False,True,1,477438234,-76.14514082128787,43.040305616062845
HARVARD PLACE,166.29418238545372,HOUSTON AVENUE;WESTMORELAND AVENUE,DEAD END / SAME-NAME BRANCH,False,True,1,477437925,-76.11447721958051,43.041587631592805
WADSWORTH STREET,166.41300698374937,MERTENS AVENUE,SCHILLER AVENUE,True,True,1,477429391,-76.13899124217211,43.071226625301996
LOMBARD AVENUE,166.46203762735027,WESTCOTT STREET,DEAD END / SAME-NAME BRANCH,False,True,1,477435575,-76.11987255302824,43.049078500481286
NORTH CLINTON STREET,166.66399825443534,WEST DIVISION STREET,WEST DIVISION STREET,True,True,1,477432045,-76.15666778867568,43.059261130835374
COURT STREET,166.74553539577906,DALE STREET,ENGLERT AVENUE,True,True,1,477427954,-76.14631881899258,43.07840010418951
SOUTH BEECH STREET,166.88971600128843,WESTCOTT STREET,TRINITY PLACE,True,True,1,477438263,-76.11949828974998,43.04021190813635
LENNOX AVENUE,167.26580580444252,STRONG AVENUE,FELLOWS AVENUE,True,True,1,513530286,-76.115362586068,43.035658582760824
SOUTH BEECH STREET,167.2890530110255,BASSETT STREET,BRISTOL PLACE,True,True,1,477437558,-76.12215125041868,43.04259765023238
SOUTH LOWELL AVENUE,167.3540186873007,WHITTIER AVENUE,COLERIDGE AVENUE,True,True,1,800051049,-76.18010260749527,43.045714437750036
VAN RENSSELAER STREET,167.54841251988384,WEST BEAR STREET,NORTH GEDDES STREET,True,True,2,800046572;477431598,-76.16994677712592,43.06105510900065
HARRISON STREET,167.56892754974004,WALNUT AVENUE,WALNUT PLACE,True,True,1,477436995,-76.1324747436936,43.04416311758723
WALLACE STREET,167.79552271120826,DEAD END / SAME-NAME BRANCH,HERALD PLACE,False,True,1,509997856,-76.15589795621351,43.05337739977024
TEALL AVENUE,167.8674108022184,GRANT BOULEVARD,DEAD END / SAME-NAME BRANCH,False,True,1,477429244,-76.12312181995598,43.071981592354085
ONONDAGA AVENUE,167.87232286417813,BELLEVUE AVENUE,DEAD END / SAME-NAME BRANCH,False,True,1,477440370,-76.165015840352,43.03333309564509
WEST BEARD AVENUE,168.01981473125943,KIRKWOOD PLACE,GLAHN AVENUE,True,True,1,477442331,-76.15336153674517,43.02510424458312
SOUTH GEDDES STREET,168.0772689996004,SEYMOUR STREET,GRAND AVENUE,True,True,1,477437896,-76.17173080346747,43.0416951389256
HAYES TERRACE,168.07758769637124,EDNA ROAD,DEAD END / SAME-NAME BRANCH,False,True,1,477447341,-76.13726725595211,42.98503106613298
EUCLID AVENUE,168.18557915006963,STRONG AVENUE,ALLEN STREET,True,True,1,477439290,-76.11657626061792,43.03692812341857
SEELEY ROAD,168.2080436314955,EAST FAYETTE STREET,HARWOOD AVENUE,True,True,1,477435830,-76.10364976493545,43.0483581476019
NORTH STATE STREET,168.26748668405114,SUNSET AVENUE,KIRKPATRICK STREET,True,True,1,477430920,-76.15762883865663,43.06402511788586
LENNOX AVENUE,168.3105893456399,STRONG AVENUE,FELLOWS AVENUE,True,True,1,513530282,-76.11537728682248,43.035826785855264
CLIFFSIDE DRIVE,168.3531289197416,DEAD END / SAME-NAME BRANCH,DEAD END / SAME-NAME BRANCH,False,True,2,477442801;800032728,-76.13743420887715,43.0215860708204
BASSETT STREET,168.4507091274214,MAPLE TERRACE,MADISON STREET,True,True,1,800032784,-76.122462350545,43.04570648146392
EDGEWOOD DRIVE,168.6225127086375,MAPLEWOOD AVENUE,DEAD END / SAME-NAME BRANCH,False,True,1,800054583,-76.13739682265683,42.98847119449259
HILLSBORO PARKWAY,168.66717836498057,EAST GENESEE PARKWAY,EAST GENESEE STREET;MEADOWBROOK DRIVE,True,True,2,477437521;477437395,-76.09332548717128,43.042701543586276
BELLEVUE AVENUE,168.86168837355532,ROBERTS AVENUE,BRADLEY STREET,True,True,1,477440453,-76.17240583191604,43.03294559189352
SOUTH TOWNSEND STREET,169.14821236600181,EAST FAYETTE STREET,LANDMARK PLACE,True,True,1,509997467,-76.1456018137452,43.04883962428
GRANT BOULEVARD,169.30169305026462,GREENLAND DRIVE,HIGHLAND STREET,True,True,1,477429188,-76.14153078096822,43.07216110084129
BROAD STREET,169.79906439407821,ACKERMAN AVENUE,BERKELEY DRIVE,True,True,1,600035974,-76.12412421535814,43.030139737263795
WESTCOTT STREET,169.82457044252197,DELL STREET,HARVARD PLACE,True,True,1,477437881,-76.1193672918981,43.04174212052874
DANFORTH STREET,169.90492339439152,NORTH STATE STREET,LODI STREET,True,True,1,477430578,-76.15837932820187,43.065354609845535
CALEB AVENUE,170.0158034811187,CHAMPLIN DRIVE,CHAMPLIN DRIVE,True,True,1,477431680,-76.10223426165349,43.060543115322886
KELLOGG STREET,170.5840375577381,MERRIMAN AVENUE,SLOCUM AVENUE,True,True,1,477438158,-76.16153581237796,43.040643118139386
CLYDE AVENUE,170.63809713244478,WEST BRIGHTON AVENUE,GLENWOOD AVENUE,True,True,1,477443310,-76.16188751422915,43.01951388050067
MARY STREET,171.2447081563663,PARK STREET,STRAND PLACE,True,True,1,477430631,-76.14888832494485,43.06510712188285
SOUTH FRANKLIN STREET,171.2617289831871,WEST JEFFERSON STREET,WALTON STREET,True,True,1,477436033,-76.15553329015198,43.047739638183415
GRANT BOULEVARD,171.27154451398684,BEAR STREET,ARNTS PLACE,True,True,1,477428548,-76.15654979312629,43.075556120495506
LAKEVIEW ROAD,171.35288832833564,WEST HIGH TERRACE,SALISBURY ROAD,True,False,2,477437949;477437773,-76.20128208242004,43.04150242108037
WILLIAMS STREET,171.42607444014035,WEST FAYETTE STREET,NORTH LOWELL AVENUE,True,True,1,477433332,-76.18665740822685,43.05493637370563
FIRST NORTH STREET,171.4633326405404,JOHN STREET,DEAD END / SAME-NAME BRANCH,False,True,1,477430033,-76.14507406017569,43.067808043456296
SOUTH SALINA STREET,171.49085488931883,BRAMPTON ROAD,FISCOE AVENUE,True,True,1,477446709,-76.14386728108063,42.99257407728227
NORTH FRANKLIN STREET,171.55022321392292,WEST WILLOW STREET,WEST GENESEE STREET,True,True,1,477434370,-76.1549778185139,43.052181593115826
SOUTH WEST STREET,171.56067128500354,MCCORMICK AVENUE,GIFFORD STREET,True,True,1,477437211,-76.15793420721103,43.04370160304168
TEALL AVENUE,171.8431128302667,ELDORADO STREET,SHUART AVENUE,True,True,1,477431134,-76.12256181874375,43.063265154546876
ONONDAGA CREEK BOULEVARD,172.09164420666406,BERTRAM PLACE,WEST NEWELL STREET,True,True,1,477443710,-76.15721971304684,43.01670732760655
ALMOND STREET,172.273192574317,DEAD END / SAME-NAME BRANCH,EAST GENESEE STREET,False,True,1,477436076,-76.14216891852458,43.04763595497799
WINDHAM DRIVE,172.7423948050374,DEAD END / SAME-NAME BRANCH,LOCKESLEY ROAD,False,True,1,477439597,-76.09539491543515,43.035994505078705
HAZELHURST AVENUE,172.93790492256932,BEACON ROAD,COWIE AVENUE,True,True,1,477429023,-76.1130002067649,43.07321614720843
LODI STREET,173.0250145210399,DOUGLAS STREET,SEWARD STREET,True,True,1,477432282,-76.14416782345181,43.05837559939901
HERALD PLACE,173.17318966264216,WALLACE STREET,WALLACE STREET,True,True,1,509997852,-76.15588573922183,43.05346051143429
JAMES STREET,173.24740101759076,FOREST HILL DRIVE,MARLBOROUGH ROAD,True,True,1,477429861,-76.11168867493765,43.06859905711868
ROXBURY ROAD,173.52538190813027,MILFORD DRIVE WEST,MILFORD DRIVE WEST,True,True,1,800042649,-76.09800131983961,43.066478908063196
RESTORATION WAY,173.63958034460643,DEAD END / SAME-NAME BRANCH,DEAD END / SAME-NAME BRANCH,False,False,1,800059262,-76.19390304185265,43.065737015284974
WEST GENESEE STREET,173.79539853919155,LAKEVIEW AVENUE,PARK AVENUE;STATE FAIR BOULEVARD,True,True,1,477434111,-76.1799142288157,43.052568416896
GLENCOVE ROAD,174.3380683578005,DEAD END / SAME-NAME BRANCH,NORTH GLENCOVE ROAD;PLYMOUTH DRIVE,False,True,1,477430797,-76.09933108361454,43.06438625802456
TAFT AVENUE,174.35570614190124,DEAD END / SAME-NAME BRANCH,COWIE AVENUE,False,True,1,477429121,-76.11469977768348,43.07267362168384
NORTHCLIFFE ROAD,174.61180529529491,DEAD END / SAME-NAME BRANCH,PLYMOUTH DRIVE,False,True,1,477430137,-76.0996027626365,43.06722762951207
SEDGWICK DRIVE,175.1314845474735,RUGBY ROAD,RUGBY ROAD,True,True,1,504326408,-76.13301411084197,43.06739084335567
RONEY LANE,175.35836425514054,DEAD END / SAME-NAME BRANCH,DEAD END / SAME-NAME BRANCH,False,True,1,477443078,-76.13589678364372,43.02099908227021
WEST COLVIN STREET,176.1044140337446,GLAHN AVENUE,KIRKWOOD PLACE,True,True,1,477442568,-76.15292780251568,43.023695620802314
MICHAELS CIRCLE,176.26304447010443,MOORE AVENUE,DEAD END / SAME-NAME BRANCH,False,True,1,477442244,-76.1367574812807,43.025452115502006
EAST WASHINGTON STREET,176.5029422830403,SOUTH WARREN STREET,BANK ALLEY,True,True,1,477435361,-76.15111814781758,43.049582278779326
EAST FAYETTE STREET,176.77898406447036,SOUTH WARREN STREET,BANK ALLEY,True,True,1,477435634,-76.151138573211,43.0486809360375
WEST NEWELL STREET,176.83514114150069,RICHARDSON AVENUE,WIMAN AVENUE,True,True,1,477443649,-76.152935766333,43.01690708317655
SOUTH GEDDES STREET,176.85204758006034,GRAND AVENUE,SHONNARD STREET,True,True,1,477438005,-76.17191084609668,43.041240619019675
JAMES STREET,176.9084619668875,HICKOK AVENUE,GRANT BOULEVARD,True,True,1,477429888,-76.11443628769149,43.0684631281179
ASH STREET,176.99099785647425,NORTH MCBRIDE STREET,TOWNSEND PLACE,True,True,1,477431771,-76.15005931806064,43.06020711130255
DAKOTA STREET,177.24058773741012,WESTMORELAND AVENUE,CUMBERLAND PLACE,True,True,1,477440513,-76.11331326779272,43.03270459601668
COURT STREET,177.52571087259162,MARTIN STREET,DALE STREET,True,True,1,477427987,-76.14683381693179,43.078116108567485
BUTTERNUT STREET,177.83890186872728,TOWNSEND PLACE,NORTH MCBRIDE STREET,True,True,1,477432104,-76.14907786370233,43.05898069238468
COURT STREET,177.9505984296425,KUHL AVENUE,ENGLERT AVENUE,True,True,1,477427903,-76.1458033343199,43.07868459752165
HERKIMER STREET,177.97915038445674,CHARLOTTE STREET,WILLIS AVENUE,True,True,1,477741262,-76.1930003501429,43.05299721377547
JAMES STREET,178.06383384539896,NORTH AVENUE,STAFFORD AVENUE,True,True,1,477429872,-76.1130637845392,43.06853263257059
ALBERT TERRACE,178.12944114158068,SOUTH STATE STREET,DEAD END / SAME-NAME BRANCH,False,True,1,477440070,-76.14672477578502,43.0342200868886
LOOMIS AVENUE,178.13901997976993,PACIFIC AVENUE,MARLETT STREET,True,True,1,477444875,-76.15384327987478,43.00830857227965
TYSON PLACE,178.1605757250079,FOBES AVENUE,LILLIAN AVENUE,True,True,1,477429486,-76.11100524339658,43.07057666166627
EAST ADAMS STREET,178.30079185765004,SOUTH SALINA STREET;WEST ADAMS STREET,SOUTH WARREN STREET,True,True,1,477437366,-76.15120886980286,43.042778222170405
BUTTERNUT STREET,178.3389634712399,DALE STREET,BERKSHIRE AVENUE,True,True,1,477428593,-76.1426187946583,43.07541666149992
BARNES AVENUE,178.4289305249358,MAURICE AVENUE,PALMER LANE,True,True,1,477444346,-76.16055391266299,43.012217261826144
BOYDEN STREET,178.4966773864217,WILSON STREET,WINTON STREET,True,True,1,477431611,-76.12455005127065,43.06087501254788
WEST GENESEE STREET,178.88602524987292,LAKEVIEW AVENUE,DEWEY AVENUE,True,True,1,477434080,-76.17927677091433,43.05269358559842
GREEN STREET PLACE,179.05287088587545,GREEN STREET,DEAD END / SAME-NAME BRANCH,False,True,1,477433120,-76.13641079504619,43.05575764890952
RICH STREET,179.12548143809312,WHITE STREET,SHERIDAN DRIVE;WEST ONONDAGA STREET,True,True,1,477439340,-76.16197709175778,43.03689981940778
PARK AVENUE,179.22549331252873,STATE FAIR BOULEVARD;WEST GENESEE STREET,LAKEVIEW AVENUE,True,True,2,508421630;508421629,-76.17995315738314,43.05239561019147
WHEATON ROAD,179.46854126071582,FEIGEL AVENUE,MERTENS AVENUE,True,True,1,477429259,-76.12637526189546,43.07187860927459
BOYDEN STREET,179.5350584328314,BOYDEN PLACE,WILSON STREET,True,True,1,477431604,-76.12388277131062,43.060908624655134
CATAWBA STREET,179.617122473643,NORTH TOWNSEND STREET,GEBHARDT AVENUE,True,True,1,477431352,-76.15314879096874,43.0621401608313
SIDMAN AVENUE,179.94404698723915,GERE AVENUE,DEAD END / SAME-NAME BRANCH,False,True,1,477432298,-76.19759881553077,43.058261637617136
WESTCOTT STREET,180.01976414859715,SOUTH BEECH STREET,VICTORIA PLACE,True,True,1,477438262,-76.1192457920533,43.04039712048111
EAST JEFFERSON STREET,180.12516348371156,SOUTH WARREN STREET,BANK ALLEY,True,True,1,477436210,-76.15117128944219,43.047046962298715
RADCLIFFE ROAD,180.13025462264116,DEMONG DRIVE;MANOR DRIVE;SALT SPRINGS ROAD,ROYCROFT ROAD,True,False,1,477437046,-76.0824091029972,43.0440410586262
PALMER LANE,180.23134144224798,DEAD END / SAME-NAME BRANCH,BARNES AVENUE,False,True,1,477444372,-76.1608931722478,43.01187753911776
ASH STREET,180.3348182016513,NORTH TOWNSEND STREET,TOWNSEND PLACE,True,True,1,477431821,-76.15063578452104,43.05995863479281
MIDLAND AVENUE,180.34762318956857,HOVEY STREET,BELLEVUE AVENUE,True,True,1,477440333,-76.15540484548904,43.033468695033854
BROOKLEA DRIVE,180.47972667391846,BROOKLEA PLACE,DEAD END / SAME-NAME BRANCH,False,True,1,477446593,-76.14989128147425,42.993631632261696
VALLEY DRIVE,180.54181511102217,GLENWOOD AVENUE;SOUTH AVENUE,WEST LAFAYETTE AVENUE,True,True,1,477443470,-76.16115278895701,43.01826609918108
WEST ONONDAGA STREET,181.03370118379334,FITCH STREET,MALCOLM STREET,True,True,1,477439951,-76.1660337924033,43.03479362434188
LENNOX AVENUE,181.03392758984498,STRONG AVENUE,MILES AVENUE,True,True,1,513530285,-76.11601278475987,43.03563608381774
JACKSON STREET,181.5334935530945,STEWART COURT,ALMOND STREET;DYER COURT,True,True,3,513530487;477438195;477438193,-76.14275290002571,43.04040351707299
ARNETT AVENUE,181.66346651446872,FOBES AVENUE,MARLBOROUGH ROAD,True,True,1,477429577,-76.1116540494647,43.06995390678177
DAYBREAK LANE,181.70427537644676,COMSTOCK AVENUE,NURSERY LANE,True,True,1,477442855,-76.12817277793648,43.02221636160235
NORTH TOWNSEND STREET,181.8341973648093,BURNET AVENUE,BROWN STREET,True,True,1,509997547,-76.14554957135472,43.05204049792974
WASHINGTON SQUARE,182.01651687717083,PARK STREET,LACY PLACE,True,True,1,477429555,-76.16195972528023,43.070346173859186
TEALL AVENUE,182.0251604359066,CRATON STREET,VANN STREET,True,True,1,477432845,-76.12208830552586,43.05659813015769
TEALL AVENUE,182.35913190453675,GRANT BOULEVARD,DEAD END / SAME-NAME BRANCH,False,True,1,477429173,-76.12315881481001,43.07246141324823
GRANT BOULEVARD,182.43115533434846,TEALL AVENUE,TEALL AVENUE,True,True,1,477429227,-76.12284878861061,43.07208008341257
GIFFORD STREET,182.66259769313223,WYOMING STREET,WEST STREET ARTERIAL SOUTHBOUND,True,True,1,477437226,-76.15853426742235,43.04344309211625
DILLAYE AVENUE,182.92807023375624,DEAD END / SAME-NAME BRANCH,VANN STREET,False,True,1,477432763,-76.11694475026077,43.056880102778244
SEWARD STREET,183.0468213664922,SOUTH ALVORD STREET,GRAVES STREET,True,True,1,477431619,-76.14252976082243,43.0610225241356
ALMOND STREET,183.0796490717617,DEAD END / SAME-NAME BRANCH,EAST GENESEE STREET,False,True,3,477435951;477741247;508421387,-76.14236132286615,43.04765453304436
CALEB AVENUE,183.10774292682038,NICHOLS AVENUE,CHAMPLIN DRIVE,True,True,1,477431710,-76.10286773882278,43.06040513515942
GRANT BOULEVARD,183.28912928017257,GEORGE STREET,VILLAGE DRIVE EXTENSION,True,True,1,477429485,-76.11976726669427,43.07069764373206
BUTTERNUT STREET,183.4643565106523,NORTH TOWNSEND STREET,TOWNSEND PLACE,True,True,1,477432169,-76.14966127774673,43.058730125008054
SOUTH AVENUE,183.46568826818697,KIRK AVENUE,WEST KENNEDY STREET,True,True,1,477441797,-76.1581648099046,43.02777878493355
SPRINGBROOK AVENUE,183.46947978432772,EAST FLORENCE AVENUE,DEAD END / SAME-NAME BRANCH,False,True,1,477445038,-76.13886272011028,43.00742806746139
EAST LAUREL STREET,183.59186027822926,NORTH SALINA STREET;WEST LAUREL STREET,NORTH STATE STREET,True,True,1,477432935,-76.1517773330499,43.05620062711958
WEST COURT STREET,183.66309744699902,GENANT DRIVE,COURT STREET,True,True,3,477430774;477430717;477430667,-76.1604465072853,43.0646046243073
DODGE DRIVE,183.75762717888884,BUCKINGHAM AVENUE,DEAD END / SAME-NAME BRANCH,False,True,1,477442531,-76.12017910124484,43.02395987342376
SCOTT AVENUE,183.90420838889554,SCOTTHOLM BOULEVARD,WEST SCOTT AVENUE,True,True,1,477437733,-76.10953532921307,43.04201810632397
WASHINGTON SQUARE,184.09619365388164,COMMONWEALTH AVENUE,PARK STREET,True,True,1,477429467,-76.16331029828466,43.07086535236049
WINDEMERE ROAD,184.1920230780652,DEAD END / SAME-NAME BRANCH,SUNRISE DRIVE,False,True,1,477446774,-76.13698878352312,42.99180862484158
EAST GLEN AVENUE,184.1962968485467,SENECA DRIVE,OTTO STREET,True,True,1,477445296,-76.13991581898826,43.005533603984496
CLARENCE AVENUE,184.50103043721674,SENECA DRIVE,OTTO STREET,True,True,1,477445478,-76.1400477747359,43.004359123498276
SOUTH SALINA STREET,184.59814823964516,RONEY ROAD,MINERVA STREET,True,True,1,477445706,-76.14285927458907,43.00276259792171
MARIS DRIVE,184.7623552702408,RIVERDALE DRIVE,CRESTVIEW DRIVE,True,True,1,477446009,-76.15710926267934,42.99986510372391
SOUTH WEST STREET,184.8042778415888,SEYMOUR STREET,WEST STREET ARTERIAL NORTHBOUND,True,True,1,477437676,-76.15762144092493,43.04232482118833
MONTICELLO DRIVE SOUTH,184.85427160602865,ARSENAL DRIVE,EAST SENECA TURNPIKE;MONTICELLO DRIVE NORTH,True,True,1,477446020,-76.13869587806911,43.0000600419162
WEST NEWELL STREET,184.97824196208464,BERGER AVENUE,EDMUND AVENUE,True,True,1,477443660,-76.15385677173396,43.01681211860905
NORTON AVENUE,185.10686195396337,FOBES AVENUE,MARLBOROUGH ROAD,True,True,1,477429248,-76.11178125530405,43.07173160730165
EAST DIVISION STREET,185.22044599805227,LOCK ALLEY,NORTH STATE STREET,True,True,1,477431788,-76.15406326563652,43.06012258524686
WEST SENECA TURNPIKE,185.235816466393,ACADEMY GREEN,ACADEMY GREEN,True,True,1,477445803,-76.14984680638624,43.00162110476155
BEACON ROAD,185.29313681512588,MARLBOROUGH ROAD,FOBES AVENUE,True,True,1,477428929,-76.11196424125441,43.073520085544494
CRESCENT AVENUE,185.3109353160537,HUDSON STREET,WEST KENNEDY STREET,True,True,1,477441556,-76.15955428195987,43.02853909648497
EDGEWOOD DRIVE,185.7371087709305,DEAD END / SAME-NAME BRANCH,MAPLEWOOD AVENUE,False,True,1,477447041,-76.13732102501449,42.98895383193184
GREENWAY AVENUE,185.7607811555589,RIEGEL STREET,BURNET AVENUE,True,True,1,477433445,-76.11935150218478,43.05471849012442
EAST DIVISION STREET,185.815805588166,GEBHARDT AVENUE,NORTH TOWNSEND STREET,True,True,1,477431627,-76.15217877849206,43.06091360862963
EAST DIVISION STREET,185.9735550431121,DEAD END / SAME-NAME BRANCH,GILBERT AVENUE,False,True,1,477430243,-76.14631875911749,43.06704087042846
FABIUS STREET,186.15726781098488,NIAGARA STREET,WILL COURT,True,True,1,477436991,-76.16033379000665,43.04424412443229
SALISBURY ROAD,186.24864957276472,WEST HIGH TERRACE,LAKEVIEW ROAD,True,True,2,800048974;477437749,-76.20096646241134,43.04174897657339
BUCKINGHAM AVENUE,186.3394706076485,DEAD END / SAME-NAME BRANCH,KENSINGTON ROAD,False,True,1,477440624,-76.12136833637867,43.03246912606425
ONONDAGA AVENUE,186.44206707951918,CHENEY STREET,ONONDAGA PARK DRIVE EAST,True,True,1,477441339,-76.16421733407469,43.02968013052163
SCOTTHOLM TERRACE,186.47938564634129,CRAWFORD AVENUE,SCOTTHOLM BOULEVARD,True,True,1,477437349,-76.11195142421681,43.0431437725752
DANFORTH STREET,186.48723012237215,NORTH STATE STREET,BASIN STREET;SUNSET AVENUE,True,True,1,477430677,-76.1586862978653,43.06492061910313
MILFORD DRIVE WEST,186.5809818391905,DEAD END / SAME-NAME BRANCH,ROXBURY ROAD,False,True,1,800042641,-76.0980137468478,43.066551759891865
EAST NEWELL STREET,186.64104146070542,SOUTH SALINA STREET;WEST NEWELL STREET,DEAD END / SAME-NAME BRANCH,False,True,1,477443465,-76.14138798737352,43.01807407723446
TEALL AVENUE,186.7510125147763,DEAD END / SAME-NAME BRANCH,GRANT BOULEVARD,False,True,1,477429127,-76.1233240676522,43.072505824978805
LEMOYNE AVENUE,186.93238564814703,SEVENTH NORTH STREET,GILBERT STREET,True,True,1,477427604,-76.15337079894877,43.08020211038756
CHAMPLIN DRIVE,187.1475453701819,CALEB AVENUE,DEAD END / SAME-NAME BRANCH,False,True,1,477431766,-76.10182857238499,43.060363796400175
PARKWAY DRIVE,187.619218606184,DEAD END / SAME-NAME BRANCH,SHELBOURNE PLACE,False,True,1,477442478,-76.16439428354333,43.024197621484085
COUGHLIN AVENUE,187.6845601557171,COLBY AVENUE,DEAD END / SAME-NAME BRANCH,False,True,1,477428870,-76.10277582202488,43.07380513370821
SUNNYCREST ROAD,187.74697701101167,HICKOK AVENUE,SHOTWELL PARK,True,True,1,477431466,-76.1138205598058,43.06146354342196
STRATHMORE ROAD,187.77873490976788,GLENWOOD AVENUE;SOUTH GEDDES STREET,STRATHMORE DRIVE,True,True,1,477443262,-76.17369942724503,43.01961741633112
SOUTH STATE STREET,187.81447347174,MCCARTHY AVENUE,EAST JEFFERSON STREET,True,True,1,477436222,-76.14748632197667,43.04726430137086
SEELEY ROAD,188.38512655999102,RIDGEWAY AVENUE,FAYETTE BOULEVARD,True,True,1,477435560,-76.10372326685612,43.04918760050766
BROAD STREET,188.83752148427703,CUMBERLAND AVENUE,WESTMORELAND AVENUE,True,True,1,477441056,-76.11315278917485,43.03067158525514
MONROE STREET,189.06528102292936,FRISBIE COURT,RENWICK AVENUE,True,True,1,477437824,-76.14054165594658,43.0416069227077
COURT STREET,189.14210296136704,ROSS PARK,MARTIN STREET,True,True,1,477428058,-76.14738230766866,43.077813630086226
NORTON AVENUE,189.1887283276299,HAZELHURST AVENUE,MARLBOROUGH ROAD,True,True,1,477429253,-76.1124802789382,43.07169811390961
MOREY AVENUE,189.67688251263806,DEAD END / SAME-NAME BRANCH,CORAL AVENUE,False,True,1,477444698,-76.14999528596559,43.00943262627397
DORCHESTER AVENUE,189.79970925559053,WHEATON ROAD,RUGBY ROAD,True,True,1,477430050,-76.12540187524074,43.06788980227998
JAMES STREET,190.05337500781832,NORTH AVENUE,HICKOK AVENUE,True,True,1,477429880,-76.11375129668035,43.068499648699756
SIXTH NORTH STREET,190.45523034041454,STEDMAN STREET,GANNETT AVENUE,True,True,1,477427623,-76.15602581543871,43.08006498848827
BOYDEN PLACE,190.46459167740448,BOYDEN STREET,DEAD END / SAME-NAME BRANCH,False,True,1,477431594,-76.12358546904038,43.061181435006176
TEALL AVENUE,190.48427705633918,HERBST AVENUE,KINNE STREET,True,True,1,477432020,-76.1222877395848,43.0594196548092
SOUTH WARREN STREET,190.55629117828292,EAST GENESEE STREET,EAST WASHINGTON STREET,True,True,1,481561652,-76.15077513287616,43.0498472755821
BEACON ROAD,190.7680504885491,NORTH AVENUE,HAZELHURST AVENUE,True,True,1,477428868,-76.11352654202469,43.073814615354394
TEALL AVENUE,190.86430439614617,GRANT BOULEVARD,DEAD END / SAME-NAME BRANCH,False,True,1,477429243,-76.12288010912842,43.07191451392713
COUGHLIN AVENUE,191.2146778694006,FOBES AVENUE,LILLIAN AVENUE,True,True,1,477428962,-76.11124727023673,43.073414625034715
COURT STREET,191.3071390769013,GRANT BOULEVARD,BRACE STREET,True,True,1,477428688,-76.15332716315308,43.0749609587819
MILTON AVENUE,191.37802170526186,MILTON AVENUE SPUR,LEWIS STREET,True,True,1,800056621,-76.19190152271855,43.05555635540015
RADISSON COURT,191.45934953398108,DABLON COURT;JACKSON STREET,DEAD END / SAME-NAME BRANCH,False,True,1,477438363,-76.1448037857753,43.04005563551062
BELMONT STREET,191.4869297623661,OTISCO STREET,DEAD END / SAME-NAME BRANCH,False,True,1,477437096,-76.16920049109032,43.043855778532944
WEST STREET ARTERIAL NORTHBOUND,191.53284021062942,SEYMOUR STREET,SOUTH WEST STREET,True,True,1,477437677,-76.15771438750808,43.042314778776145
SUMMIT AVENUE,191.58441627490734,DEAD END / SAME-NAME BRANCH,BELLEVUE AVENUE,False,True,1,477440529,-76.16623726599072,43.032911101206
SLOCUM DRIVE,191.8270670064379,EAST COLVIN STREET,SMALL ROAD,True,True,1,477442926,-76.11760055934108,43.02184945424457
VAN RENSSELAER STREET,192.0282770816322,ERIE BOULEVARD WEST,TRACY STREET,True,True,1,477435616,-76.16627173674915,43.04896141545489
SOUTH SALINA STREET,192.3588325006568,WEST PLEASANT AVENUE,EAST CATHROP AVENUE,True,True,1,509994539,-76.14131060366934,43.016957871452284
WASHINGTON SQUARE,192.3686149331966,LEMOYNE AVENUE,LACY PLACE,True,True,1,477429484,-76.16213245840157,43.07073573563486
BUTTERNUT STREET,192.45815560672995,HAROLD STREET,ROSS PARK,True,True,1,477428789,-76.14253032451934,43.07453912172106
JAMES STREET,192.49492735140396,MARLBOROUGH ROAD,STAFFORD AVENUE,True,True,1,477429867,-76.11237173638574,43.06856610679206
EAST ADAMS STREET,192.71136337309233,SOUTH WARREN STREET,HARRISON PLACE,True,True,1,477437369,-76.15051483564423,43.04277357874
LODI STREET,192.8436796856867,GERTRUDE STREET,NORTH CROUSE AVENUE,True,True,1,477433567,-76.13666179499043,43.0543286023629
THOMPSON ROAD,192.88410766931327,HEADSON DRIVE,ERIE BOULEVARD EAST,True,False,1,477433268,-76.08299020616933,43.05526364933727
DESTINY USA DRIVE,193.37692245362973,HARBORSIDE DRIVE,HIAWATHA BOULEVARD WEST;SOLAR STREET,True,True,2,477454209;477454211,-76.17079988778582,43.067104188976494
EAST JEFFERSON STREET,193.74905529545632,SOUTH SALINA STREET;WEST JEFFERSON STREET,BANK ALLEY,True,True,1,477436205,-76.15187078996368,43.04704466037049
HAFFENDEN ROAD,193.80142076518476,DEAD END / SAME-NAME BRANCH,LANCASTER PLACE,False,True,1,477441908,-76.12317402087304,43.02722727448361
HARRISON STREET,193.80867447417344,SOUTH WARREN STREET,HARRISON PLACE,True,True,1,477436928,-76.15049383480894,43.044307143557674
CARBON STREET,193.85020130794993,CURTIS STREET,MARY STREET,True,True,1,477430424,-76.14852528717634,43.06614659598158
NORTH LOWELL AVENUE,193.87542879566925,SAINT MARKS AVENUE,WILLIAMS STREET,True,True,1,477433487,-76.18677026808244,43.05459061192932
VALLEY DRIVE,194.1650567220678,BALLANTYNE ROAD,VALLEY VIEW DRIVE,True,True,1,477444695,-76.15660479741126,43.00965863325928
BEAR STREET,194.37066943355097,SUNSET AVENUE,WEST BEAR STREET,True,True,4,477430329;800051912;800036478;477430352,-76.16362336596673,43.06656243901852
GRANT BOULEVARD,194.640458126616,WOODRUFF AVENUE,MAYAR STREET,True,True,1,477429148,-76.13753477819073,43.07235663507504
TOMPKINS STREET,194.68856473902284,CRYSLER STREET,SOUTH LOWELL AVENUE,True,True,1,477435872,-76.1813253105136,43.04816308192266
GREEN STREET,194.75117741590464,GREEN STREET PLACE,GREEN STREET ANNEX,True,True,1,477433078,-76.13689428001042,43.055816105389745
POND STREET,194.80853481064196,GILBERT AVENUE,SPRING STREET,True,True,1,477429955,-76.14967580039557,43.06838211504751
BEACON ROAD,195.11434750608862,HAZELHURST AVENUE,MARLBOROUGH ROAD,True,True,1,477428948,-76.11267407968566,43.07347966621893
NORTHCLIFFE ROAD,195.39263815130428,DEAD END / SAME-NAME BRANCH,PLYMOUTH DRIVE,False,True,1,477430196,-76.09959553618891,43.067107025689765
GENANT DRIVE,195.8058061844019,WEST COURT STREET,GENANT TO NORTH CLINTON CONNECTOR,True,True,1,477430775,-76.16075081906,43.06450719027935
ERIE BOULEVARD WEST,195.8733062479863,EMERSON AVENUE,WILLIS AVENUE,True,True,1,477431878,-76.19701049009662,43.059795481776334
LUDDINGTON STREET,196.1719479263925,CALEB AVENUE,SUNNYCREST ROAD,True,True,1,477431421,-76.09713484782854,43.06198227283473
EAST DIVISION STREET,196.26222754888946,NORTH SALINA STREET,GEBHARDT AVENUE,True,True,1,477431672,-76.15279928939565,43.06065310631976
WEST STREET ARTERIAL NORTHBOUND,196.45856918577203,WEST WATER STREET,WEST WASHINGTON STREET,True,True,1,477435371,-76.15882243519937,43.049793846033175
CATAWBA STREET,196.53286382164683,NORTH STATE STREET,SPENCER STREET,True,True,2,477431510;477431522,-76.15574334479352,43.061162314719105
ESSEX STREET,196.72718945868294,MILTON AVENUE,OLIVE STREET,True,True,1,477432784,-76.19310428822803,43.056671640008396
NORTH FRANKLIN STREET,196.77880920921785,BUTTERNUT STREET;WEBSTERS LANDING,EVANS STREET,True,True,2,800050918;477433341,-76.1549514479717,43.05494366828653
CATAWBA STREET,196.80398917819815,LOCK ALLEY,NORTH SALINA STREET,True,True,1,477431462,-76.15441031411021,43.06161164169848
HILLSBORO PLACE,196.92670138087087,DEAD END / SAME-NAME BRANCH,EAST GENESEE STREET,False,True,1,477438038,-76.08599995778901,43.04117873684058
HILLVIEW AVENUE,196.9565845693683,MAY AVENUE,DEAD END / SAME-NAME BRANCH,False,True,1,504325490,-76.16034576372735,43.020612186796065
BELLEVUE AVENUE,196.97809512036721,KANDACE STREET,REED AVENUE,True,True,1,477440543,-76.18212927383432,43.03260013077114
PLUM STREET,197.07945252937418,ERIE BOULEVARD WEST,TRACY STREET,True,True,1,477435233,-76.16052960279497,43.05033893324939
HARVARD PLACE,197.42574427184084,DEAD END / SAME-NAME BRANCH,FELLOWS AVENUE,False,True,1,477437757,-76.11509147662525,43.04170739190674
SOUTH TOWNSEND STREET,197.93239947391572,MCCARTHY AVENUE,EAST GENESEE STREET,True,True,1,509997655,-76.14566653842033,43.0477791605789
WASHINGTON SQUARE,198.05764564558743,LEMOYNE AVENUE,COMMONWEALTH AVENUE,True,True,1,477429416,-76.16277176987582,43.07099135195602
GREENWOOD PLACE,198.06320882480202,BRISTOL PLACE,DEAD END / SAME-NAME BRANCH,False,True,1,477437652,-76.12372641954954,43.04234354058352
DEWITT STREET,198.08426935183635,HIGHLAND AVENUE,BRATTLE ROAD,True,True,1,477431383,-76.13257229368533,43.06209808326298
EAST DIVISION STREET,198.38380551879735,LOCK ALLEY,NORTH SALINA STREET,True,True,1,477431738,-76.15344026701256,43.06038410983238
SOUTH STATE STREET,198.4099998076464,EAST GENESEE STREET;EAST ONONDAGA STREET,EAST FAYETTE STREET,True,True,1,477435901,-76.1474310491206,43.048354483021676
VINE STREET,198.64847956635103,DEAD END / SAME-NAME BRANCH,BURNET AVENUE,False,True,1,477434093,-76.1255367994763,43.053004091333946
ROBINSON STREET,198.72748270713254,WINTON STREET,SHERWOOD AVENUE,True,True,1,477432319,-76.1247992686345,43.05813149740415
CATAWBA STREET,198.9332958933528,LOCK ALLEY,NORTH STATE STREET,True,True,1,477431501,-76.15505205027601,43.06134094219696
HERALD PLACE,199.1084731294276,NORTH FRANKLIN STREET,WALLACE STREET,True,True,1,509997851,-76.15521367642499,43.05336221205662
WILLUMAE DRIVE,199.26445996347408,GANNETT AVENUE,LEMOYNE AVENUE,True,True,1,477427871,-76.1569149840531,43.07883520618375
EAST COLVIN STREET,199.39614212735663,NOTTINGHAM ROAD,JULIAN PLACE,True,False,1,477442796,-76.11061480414398,43.02246060520551
CLARENDON STREET,199.4646481948471,GREENWOOD PLACE,MARYLAND AVENUE,True,True,1,477438830,-76.1208237630086,43.03849213084011
POND STREET,199.70571781253065,NEUTRAL COURT,PARK STREET,True,True,1,477430555,-76.1516992835392,43.065667841139856
BELLEVUE AVENUE,199.70790772603021,LINCOLN AVENUE,CHESTER STREET,True,True,1,477440269,-76.15726028971342,43.03355558773554
LEMOYNE AVENUE,199.9015439422906,BURDICK AVENUE,FOURTH NORTH STREET,True,True,1,477428108,-76.15733129269736,43.07772712094845
CATAWBA STREET,199.97772793772498,NORTH SALINA STREET,GEBHARDT AVENUE,True,True,1,477431416,-76.15376629573227,43.061882655281366
OSWEGO STREET,200.1284207088972,TULLY STREET,FABIUS STREET,True,True,1,477437108,-76.16424976680362,43.04399759685893
EAST FAYETTE STREET,200.19290071871802,SOUTH SALINA STREET;WEST FAYETTE STREET,BANK ALLEY,True,True,1,477435628,-76.15184377923485,43.04868984149506
SOUTH AVENUE,200.22477857473265,WEST KENNEDY STREET,CORTLAND AVENUE,True,True,1,477441677,-76.15798238289348,43.02828792764122
NORTHWAY STREET,200.31529686915488,AUDUBON PARKWAY,LIME STREET,True,True,1,477434060,-76.09444100744686,43.05272604592115
EAST SENECA TURNPIKE,200.45914368158736,SENECA DRIVE,MUNSON DRIVE,True,True,1,477445928,-76.14003478121842,43.000438628020426
ROBINCROFT ROAD,200.46579285363893,LINCOLN PARK DRIVE,DEAD END / SAME-NAME BRANCH,False,True,1,477432388,-76.12913728452624,43.058214639186
DEWITT STREET,200.88023601160336,HIGHLAND AVENUE,BURLINGAME ROAD,True,True,1,477431278,-76.13298218880688,43.06255562821434
GRANT BOULEVARD,201.4391931107668,SWANSEA DRIVE,VILLAGE DRIVE EXTENSION,True,True,1,477429430,-76.12038030161874,43.07097462067428
JERICHO DRIVE,201.45718254295917,ORISKANY DRIVE,PENTA DRIVE,True,True,1,477442772,-76.1379194683618,43.0228712030904
VAN BUREN STREET,201.48831856048173,HENRY STREET,RENWICK AVENUE,True,True,1,477439124,-76.1411102693139,43.03753459322366
LEAVENWORTH AVENUE,201.5389213326211,ERIE BOULEVARD WEST,TRACY STREET,True,True,1,477435430,-76.16321350305518,43.049700113163105
EUCLID AVENUE,202.05512197968855,OSTROM AVENUE,OSTRAM AVENUE,True,True,1,477439491,-76.12855380509468,43.03634412759937
FABIUS STREET,202.0744337505061,TIOGA STREET,MEADE COURT,True,True,1,477437085,-76.16197299418211,43.04386472036313
WEST GENESEE STREET,202.1374625408386,SAINT MARKS AVENUE,EMERSON AVENUE,True,True,1,477434142,-76.1874512847692,43.052436401793436
BELLEVUE AVENUE,202.36061903643235,DUDLEY STREET,HUBBELL AVENUE,True,True,1,477440441,-76.17026631309595,43.0330276443323
EAST WASHINGTON STREET,202.38174661183754,SOUTH SALINA STREET;WEST WASHINGTON STREET,BANK ALLEY,True,True,1,477435354,-76.1518268150832,43.04958777014089
GENESEE PARK DRIVE,202.64753367477155,DEAD END / SAME-NAME BRANCH,DEAD END / SAME-NAME BRANCH,False,True,1,477436876,-76.10860433537607,43.04453603930785
CHURCHILL AVENUE,202.7604691195828,FILLMORE AVENUE,DEAD END / SAME-NAME BRANCH,False,True,1,477444700,-76.13981912388599,43.00960339354914
COLDBROOK DRIVE,202.76085138606516,DEAD END / SAME-NAME BRANCH,WEYMOUTH ROAD,False,True,1,477446323,-76.14030726487213,42.996431089873816
ACKERMAN AVENUE,203.12048136246707,CLARENDON STREET,DEAD END / SAME-NAME BRANCH,False,True,1,477438896,-76.12457272263542,43.03851918605797
BELLEVUE AVENUE,203.15841279570094,MIDLAND AVENUE,HURON STREET,True,True,1,477440262,-76.1560412938749,43.03360812054076
LIGHT COURT,203.18076783974087,MONROE STREET,DEAD END / SAME-NAME BRANCH,False,True,1,477437959,-76.14178062311093,43.04137685325303
EAST GLEN AVENUE,203.19460636432905,MONTICELLO DRIVE NORTH;SPRINGBROOK AVENUE,DEAD END / SAME-NAME BRANCH,False,True,1,477445282,-76.13831677426397,43.00560962824029
WARNER COURT,203.37400599546018,AVERY AVENUE,DEAD END / SAME-NAME BRANCH,False,True,1,477432341,-76.19925733568361,43.05820964354013
GLENWOOD AVENUE,203.4156489283585,SOUTH GEDDES STREET;STRATHMORE ROAD,STRATHMORE DRIVE,True,True,1,477443295,-76.17354377690953,43.019441634520796
SOUTH SALINA STREET,203.4733665830661,HARDING PLACE,FISCOE AVENUE,True,True,1,477446655,-76.1437987594679,42.99308610977553
BERGER AVENUE,203.707693365496,WEST OSTRANDER AVENUE,ONONDAGA CREEK BOULEVARD EAST,True,True,1,477444150,-76.15410279130187,43.01347209248079
BARKER AVENUE,203.77618616549637,TRACY STREET,WILKINSON STREET,True,True,1,477435172,-76.16200617589726,43.050541159404915
SOUTH TOWNSEND STREET,203.9593337469952,EAST FAYETTE STREET,EAST GENESEE STREET,True,True,1,509997457,-76.14562477155279,43.04832791666924
GLASS TERRACE,204.04419461541372,DEAD END / SAME-NAME BRANCH,GARFIELD AVENUE,False,True,1,477441567,-76.1417818090127,43.02851613671544
WILL AVENUE,204.15932640583551,PAGE AVENUE,ROBERTS AVENUE,True,True,1,477440785,-76.17239130895146,43.031748501957836
ELK STREET,204.2316738125665,DOUGALL AVENUE,GARFIELD AVENUE,True,True,1,477442304,-76.14077156135819,43.025137905917326
OTISCO STREET,204.23239745653242,SCHOENECK COURT,TIOGA STREET,True,True,1,477436558,-76.16278025070817,43.04570113588616
SALT SPRINGS ROAD,204.26349186512172,EDGEHILL ROAD,SEELEY ROAD,True,True,1,477436438,-76.10383730891544,43.04620461744299
SOUTH STATE STREET,204.83446251472,MCCARTHY AVENUE,EAST GENESEE STREET;EAST ONONDAGA STREET,True,True,1,477436013,-76.14747359176172,43.04780275409881
MCALLISTER AVENUE,205.00980708748457,SOUTH STATE STREET,DEAD END / SAME-NAME BRANCH,False,True,1,477442806,-76.14130981568655,43.022432119200616
TRAFFIC CIRCLE,205.28335794680441,COMSTOCK ART,MANLEY FIELD HOUSE,True,True,1,600035935,-76.12762954623197,43.02491518487348
RIDGEWOOD DRIVE,205.4760517580795,NORTHCLIFFE ROAD,NORTHCLIFFE ROAD,True,True,1,477430179,-76.09433200095764,43.06730107669549
JANET DRIVE,205.65091287309804,DEAD END / SAME-NAME BRANCH,HILLCREST ROAD,False,False,1,477440484,-76.10765646371127,43.03302101696153
GRAND AVENUE,205.77760231003052,SOUTH GEDDES STREET,DEAD END / SAME-NAME BRANCH,False,True,1,477438123,-76.172309593315,43.04074509061961
SLOCUM DRIVE,205.8669414543857,DEAD END / SAME-NAME BRANCH,DEAD END / SAME-NAME BRANCH,False,True,1,477443351,-76.11577915271518,43.019137063860285
SEDGWICK DRIVE,206.33544868897832,RUGBY ROAD,RUGBY ROAD,True,True,1,504326411,-76.13285980332851,43.06739063996371
NICHOLS AVENUE,206.48307538355064,BURNET AVENUE,DEAD END / SAME-NAME BRANCH,False,True,1,477432287,-76.10304878115265,43.05849210401147
FRISBIE COURT,206.60891687178093,MONROE STREET,DEAD END / SAME-NAME BRANCH,False,True,1,477437984,-76.14097639969893,43.04133947287313
OSWEGO STREET,206.73897030714198,FABIUS STREET,GIFFORD STREET,True,True,1,477437299,-76.16408521663388,43.04345642060989
CADWELL STREET,207.0974430408767,FENTON STREET,GRAND AVENUE,True,True,1,477438763,-76.17565980500659,43.0388820974799
GENESEE PARK DRIVE,207.16620462460781,DEAD END / SAME-NAME BRANCH,DEAD END / SAME-NAME BRANCH,False,True,1,477436798,-76.1085506362176,43.04468353832608
NORTH GEDDES STREET,207.17066534271584,WEST BELDEN AVENUE,EDISON STREET,True,True,1,477433302,-76.17047126278835,43.055179606320564
FABIUS STREET,207.26552312360153,WEST STREET ARTERIAL SOUTHBOUND,WYOMING STREET,True,True,2,800051081;477436832,-76.15881378184328,43.04462161457765
SEELEY ROAD,207.37882971509168,DELRAY AVENUE,MOUNTAINVIEW AVENUE,True,True,1,477435316,-76.10379376481977,43.05002059359161
MONROE STREET,207.41857185747872,LIGHT COURT,FRISBIE COURT,True,True,1,477437818,-76.14128233466687,43.041619749009996
MANLEY FIELD HOUSE,207.4581603863372,COMSTOCK AVENUE,TRAFFIC CIRCLE,True,True,1,600035933,-76.12837166495949,43.024917697655994
FOBES AVENUE,207.5196456521775,TYSON PLACE,ARNETT AVENUE,True,True,1,477429574,-76.11131419465977,43.070279681043395
MOORE AVENUE,207.51978117100458,PENTA DRIVE,ORISKANY DRIVE,True,True,2,800032723;477442768,-76.13688675242621,43.02290410523598
THAYER STREET,207.7498729323583,DIANA AVENUE,JAMESVILLE AVENUE,True,True,1,477443834,-76.12816233525174,43.015477730859736
CARBON STREET,207.75790370662136,BUTTERNUT STREET,OBERST STREET,True,True,1,477430871,-76.14369037791037,43.06418502830056
NBT BANK PARKWAY,207.7865935716839,TEX SIMONE DRIVE,DEAD END / SAME-NAME BRANCH,False,True,1,477428297,-76.16476681469669,43.07677460068403
NEW STREET,207.81697786251905,LINDEN STREET,MONTGOMERY STREET,True,True,1,477438126,-76.14927175217396,43.04057858474948
GAGE COURT,207.95310881510912,DEAD END / SAME-NAME BRANCH,BURT STREET;EAST TAYLOR STREET,False,True,1,477438416,-76.14144594785866,43.039830714356704
ROSEWOOD STREET,208.58522817893422,SEWARD STREET,BEECHER STREET,True,True,1,477432015,-76.14333822093081,43.059336234847336
EAST COLVIN STREET,208.64236684834387,DOUGALL AVENUE,GARFIELD AVENUE,True,True,1,477442129,-76.14093910283628,43.02613721685141
TALLMAN STREET,208.74701398393464,SOUTH CLINTON STREET,CORTLAND AVENUE,True,True,1,477439457,-76.15106081371131,43.03639513868115
COURT STREET,209.17455607453923,WEST COURT STREET,SUNSET AVENUE,True,True,3,477430642;477430619;477430572,-76.16043454549853,43.065143553112975
OTISCO STREET,209.33399181175807,WYOMING STREET,CORCORAN COURT,True,True,1,481561675,-76.16037233279769,43.046285592669086
DANFORTH STREET,209.60800784350977,NORTH SALINA STREET,LODI STREET,True,True,1,477430514,-76.15803381709829,43.065809610803036
JAMES STREET,209.70391905156512,NORTH WARREN STREET,OSWEGO BOULEVARD,True,True,1,477434715,-76.15041647291216,43.05142941972225
BURNET AVENUE,209.81313375261328,CLOVER RIDGE DRIVE,HASBROUCK STREET,True,True,1,477431601,-76.09299173102244,43.06094212443558
GREEN STREET,210.01927197701013,GREEN STREET PLACE,GREEN STREET COURT,True,True,1,477432985,-76.13626582280371,43.05612612736539
BRADLEY STREET,210.0665186550889,ROWLAND STREET,ELLIOTT STREET,True,True,1,477439868,-76.17228180753612,43.0352581064978
GRANT BOULEVARD,210.0783464022909,DEAD END / SAME-NAME BRANCH,BUTTERNUT STREET,False,True,2,477429199;477429202,-76.14233684703588,43.07211577178225
WHITTIER AVENUE,210.3681411751322,COLERIDGE AVENUE,DEAD END / SAME-NAME BRANCH,False,True,1,477437422,-76.18843736919492,43.042819386589144
HIGHRIDGE PLACE,210.62859027761957,HIGHRIDGE DRIVE,DEAD END / SAME-NAME BRANCH,False,True,1,477441958,-76.20003629576954,43.02693160311184
STRATHMORE DRIVE,210.6717065995983,WEST COLVIN STREET,ROBERTS AVENUE,True,True,1,477442709,-76.1691886671775,43.02299036128133
MEADOWBROOK DRIVE,210.8037960738096,EUCLID AVENUE,EUCLID AVENUE,True,True,1,477439410,-76.1100587786655,43.0367320996374
BASSETT STREET,210.94313258543434,MAPLE TERRACE,EAST GENESEE STREET,True,True,1,477436602,-76.12249638812295,43.04622649575701
WEST FAYETTE STREET,210.9489205567558,SOUTH WEST STREET,WEST STREET ARTERIAL NORTHBOUND,True,True,1,477435607,-76.15851989770506,43.04874027453081
MILES AVENUE,210.9512658864464,DAKOTA STREET,KENSINGTON ROAD,True,True,1,477440685,-76.11608029875262,43.032304614010556
ONTARIO STREET,210.99736770071024,TULLY STREET,GIFFORD STREET,True,True,1,477437323,-76.16764606394281,43.04330004185159
BUCKINGHAM AVENUE,211.21907899388847,KENSINGTON ROAD,DEAD END / SAME-NAME BRANCH,False,True,1,477440618,-76.12119230934786,43.03247053047899
POND STREET,211.31223402508826,POND LANE,CARBON STREET,True,True,1,477430183,-76.15049129202384,43.067270147854664
PLYMOUTH DRIVE,211.74677034775002,ROXBURY ROAD,NORTHCLIFFE ROAD,True,True,1,477430334,-76.09988329013589,43.066678607785164
SOUTH SALINA STREET,211.93592372645605,AMIDON DRIVE,WEYMOUTH ROAD,True,True,1,477446333,-76.1433432951937,42.99630912822139
WEST FAYETTE STREET,211.97090156928354,HARBOR STREET,WILLIAMS STREET,True,True,1,477433262,-76.18657776061296,43.055306362782986
ALTON STREET,212.10715741689097,WESTWOOD ROAD,DEAD END / SAME-NAME BRANCH,False,True,1,477442603,-76.19484109762456,43.02348149596322
WEST FAYETTE STREET,212.57247596244736,ERIE BOULEVARD WEST,HARBOR STREET,True,True,1,477433113,-76.1866870788545,43.05584234664988
MASSENA STREET,212.60928913544464,MERRIMAN AVENUE,DEAD END / SAME-NAME BRANCH,False,True,1,477438244,-76.1674213016211,43.04053761679582
NORTHCLIFFE ROAD,212.72471771516518,DEAD END / SAME-NAME BRANCH,RIDGEWOOD DRIVE,False,True,1,477430088,-76.09465062042364,43.06748516077118
WESTCOTT STREET,212.74592144090127,EAST FAYETTE STREET,LOMBARD AVENUE,True,True,1,477435766,-76.11997843965219,43.04857336499788
MIDLAND AVENUE,213.21321320270198,HOVEY STREET,BLAINE STREET,True,True,3,477440418;800051059;477440447,-76.15484124473618,43.03312154323614
VELASKO ROAD,213.34466090821067,HENSBERRY ROAD,ETHEL STREET,True,True,1,477441610,-76.18549315533906,43.02858589422562
SOUTH GEDDES STREET,213.40573919744403,PUTNAM STREET,HARTSON STREET,True,True,1,477439350,-76.1735883328085,43.03696712751501
CALEB AVENUE,213.84002658610595,RIDGEWOOD DRIVE,ABERDEEN TERRACE;SUNNYCREST ROAD,True,True,1,477431294,-76.09434049859485,43.06235433193311
LATTER DRIVE,214.0402854190943,WINDEMERE ROAD,SEARLWYN ROAD,True,True,1,477446800,-76.13869525886587,42.991836155410084
GERE AVENUE,214.32570367835459,WEST END DRIVE,AVERY AVENUE,True,True,1,477432331,-76.19838829175234,43.05822319618374
STINARD AVENUE,214.39686249321218,STRATHMORE DRIVE,ARDEN DRIVE,True,True,1,477443025,-76.1728241095415,43.02122557144741
STRATHMORE DRIVE,214.5169723249925,ROBERTS AVENUE,WEST COLVIN STREET,True,True,1,477442735,-76.16904582297471,43.02296171280198
ONTARIO STREET,215.04190246153783,OTISCO STREET,CENTRAL AVENUE,True,True,1,477437084,-76.16795832574621,43.04412513463773
SALT SPRINGS ROAD,215.18832365460193,BEATTIE STREET,FERRIS AVENUE,True,True,1,477436576,-76.10755481292625,43.04560710649087
MIDLAND AVENUE,215.71330473696696,RILL AVENUE,BELLE AVENUE,True,True,1,477444418,-76.14777831114387,43.011632098621256
SOUTH SALINA STREET,215.99933831246176,HALL AVENUE,BENNINGTON DRIVE,True,True,1,477444359,-76.14193175940095,43.012172126985305
WEST COLVIN STREET,216.24769778595177,KIRK PARK DRIVE,HATCH STREET,True,True,1,477442620,-76.15419875759693,43.02339762317274
VINCENT STREET,216.40887846990057,ALDEN STREET,JAMESVILLE AVENUE,True,True,1,477443053,-76.1331186563799,43.02102852130965
SEWARD STREET,216.5750678563828,SCHNEIDER STREET,JASPER PLACE,True,True,1,477431460,-76.14235295389469,43.06179947902518
NORTH STATE STREET,216.78444698332788,BUTTERNUT STREET,NORTH SALINA STREET,True,True,1,477454136,-76.15226845871399,43.05725490587375
ONONDAGA AVENUE,217.38466490550834,ELOISE TERRACE,CENTENNIAL DRIVE,True,True,1,477442138,-76.16212384008583,43.02625662378351
WESTCOTT STREET,217.6436522754087,AVONDALE PLACE,CLARKE STREET,True,True,1,477438693,-76.11914177382894,43.03921660396754
SPENCER STREET,217.64979443925515,HUNTER AVENUE,DEAD END / SAME-NAME BRANCH,False,True,1,506022031,-76.16960729042901,43.0570441200967
HIAWATHA PLACE,217.90424356386697,WOLF STREET,DEAD END / SAME-NAME BRANCH,False,True,1,800041914,-76.158731687867,43.07920419486752
SAINT MARKS AVENUE,218.0304131417018,WEST GENESEE STREET,SCHOOL STREET,True,True,1,508421634,-76.18703086750239,43.0527111132444
CHERRY STREET,218.54733023774324,ERIE BOULEVARD EAST,LOMBARD AVENUE,True,True,1,477435595,-76.12345595872726,43.049059465095226
EAST ADAMS STREET,218.61760295439126,SOUTH TOWNSEND STREET,WEISER COURT,True,True,1,509998031,-76.14527131635471,43.04275711020754
WEST NEWELL STREET,218.760628822308,VALE STREET,ONONDAGA CREEK BOULEVARD,True,True,3,477443704;800047585;477443709,-76.15686076497481,43.01651453197971
EUCLID AVENUE,218.8484887643869,STRONG AVENUE,ROOSEVELT AVENUE,True,True,1,477439301,-76.11729874422491,43.03689360637681
FORMAN AVENUE,219.0875705154094,ORANGE ALLEY,EAST FAYETTE STREET,True,True,1,477435910,-76.1399458478011,43.048220111102495
LYNCH AVENUE,219.22685747363846,EDGEWOOD AVENUE,SOUTH AVENUE,True,True,1,477443925,-76.16494542057188,43.01475213543746
HADDON ROAD,219.7126318198362,HILLSBORO PARKWAY,DEAD END / SAME-NAME BRANCH,False,True,1,477438354,-76.08941160322193,43.04008659357198
HUNTER AVENUE,219.75006177872055,WEST KIRKPATRICK STREET,SPENCER STREET,True,True,1,477432642,-76.16919180441757,43.057335126152964
WADSWORTH STREET,219.7846841031898,WELDON AVENUE,CHATHAM PLACE,True,True,1,477427387,-76.14491083398246,43.08162064559446
BROAD STREET,219.96262934567034,WESTMORELAND AVENUE,FELLOWS AVENUE,True,True,1,477441075,-76.11429777200047,43.03061762322627
SEVENTH NORTH STREET,219.97657963504662,LEMOYNE AVENUE,BELLSHIRE LANE,True,True,1,477427696,-76.15333581637623,43.079833624513064
PAVILLION TERRACE,220.1982430371021,SOUTH STATE STREET,DANFORTH TERRACE;MULBERRY TERRACE,True,True,1,477439423,-76.146828395538,43.03649530687384
COWIE AVENUE,220.7404831764218,HAZELHURST AVENUE,NORTH AVENUE,True,True,1,477429036,-76.11338876225348,43.07296260989828
AMES AVENUE,221.15322881154552,KIMBER AVENUE,ENGLEWOOD AVENUE,True,True,1,477445576,-76.15755431326274,43.00397911054124
BEECHER STREET,221.27743534883933,SOUTH ALVORD STREET,HIGHLAND PLACE,True,True,1,477431794,-76.14182947249647,43.060154784667
WEST NEWELL STREET,221.59432963087826,BALDWIN AVENUE,RAYMOND AVENUE,True,True,1,477443684,-76.15484583042038,43.01671110191882
EAST TAYLOR STREET,221.83893899966225,BURT STREET;GAGE COURT,ALMOND STREET,True,True,3,477438420;477438426;477438428,-76.14182272362703,43.039531136901026
BURLINGAME ROAD,222.30966745739806,DEAD END / SAME-NAME BRANCH,DEWITT STREET,False,True,1,477431187,-76.13285300733432,43.06296778167258
HAWLEY AVENUE,222.4107541960315,NORTH BEECH STREET,FAIRVIEW AVENUE,True,True,1,477433143,-76.12732979440426,43.055467647014474
CALEB AVENUE,222.51177387129667,CLOVER RIDGE DRIVE,HASBROUCK STREET,True,True,1,477431240,-76.09313831531769,43.062615587042146
SOUTH GLENCOVE ROAD,222.57423852567402,NORTH GLENCOVE ROAD,ABERDEEN TERRACE,True,True,1,477430814,-76.09489983038145,43.06438088910178
NURSERY LANE,222.6722153644112,DEAD END / SAME-NAME BRANCH,DEAD END / SAME-NAME BRANCH,False,True,2,800053056;800053055,-76.12777421777339,43.02273617688824
TULLY STREET,222.6983430334052,WYOMING STREET,DEAD END / SAME-NAME BRANCH,False,True,1,477436616,-76.15917733861865,43.04552260784026
EAST GENESEE STREET,222.85760732066038,DEWITT ROAD,ARBOR LANE,True,True,1,477438989,-76.07838102825947,43.038172749860614
WEST ADAMS STREET,223.08164150037445,SEYMOUR STREET;SHONNARD STREET;WEST ONONDAGA STREET,ONEIDA STREET,True,True,3,477437541;800037280;477437571,-76.15427476325033,43.0425019848961
MEADOWBROOK DRIVE,223.3888442808558,NOTTINGHAM ROAD,CUMBERLAND PLACE,True,True,1,477440702,-76.11209531807575,43.032124072914634
EAST BELDEN AVENUE,223.62905371286953,PEARL STREET,NORTH STATE STREET,True,True,1,477433345,-76.15088429975826,43.05495361238606
ARGYLE AVENUE,223.70305675257597,WAINWRIGHT AVENUE,PLEASANTVIEW AVENUE,True,True,1,477428586,-76.13381930128293,43.0752241427289
ULSTER STREET,223.71112721655075,EMERSON AVENUE,COFFEY DRIVE,True,True,1,477435800,-76.1846002107202,43.048467671987005
BUTTERNUT STREET,223.87510844431026,DEAD END / SAME-NAME BRANCH,HOOD AVENUE,False,True,1,477454217,-76.14236730226692,43.07297413005997
WEST SENECA TURNPIKE,224.21930524427796,AMES AVENUE,BARNES AVENUE;HOPPER ROAD,True,True,1,477445667,-76.15837179160114,43.00305057765571
VALLEY DRIVE,224.2252435027369,MILBURN DRIVE,ENGLEWOOD AVENUE,True,True,1,477445439,-76.15412079152519,43.00487259115632
SOUTH SALINA STREET,224.49027294703177,EAST COLVIN STREET;WEST COLVIN STREET,WOOD AVENUE,True,True,1,477442227,-76.145425680804,43.02584241877777
MULBERRY TERRACE,224.5827413391735,DEAD END / SAME-NAME BRANCH,DANFORTH TERRACE;PAVILLION TERRACE,False,True,1,477439605,-76.14638104564277,43.036194170168706
RIVOLI AVENUE,224.99753949237143,WAINWRIGHT AVENUE,PLEASANTVIEW AVENUE,True,True,1,477427833,-76.13411380720225,43.07886764769627
ARNETT AVENUE,225.01445802016778,NORTH AVENUE,HAZELHURST AVENUE,True,True,1,477429601,-76.11309654352021,43.06987706256118
VILLAGE DRIVE,225.13278018840322,GRANT BOULEVARD,DEAD END / SAME-NAME BRANCH,False,True,1,477429553,-76.11825887472618,43.07038075914766
BURNET AVENUE,225.14754693903836,GALE AVENUE,PEAT STREET,True,True,1,477432970,-76.11531180702178,43.056106121715295
COURT STREET,225.16047865073128,HOOD AVENUE,KENWOOD AVENUE,True,True,1,477428191,-76.14835730614526,43.077275129759734
IRVING AVENUE,225.57197683647888,EAST GENESEE STREET,WELLINGTON PLACE,True,True,1,477436235,-76.13774377158319,43.04728710299852
PEAT STREET,225.9517538691084,CITY CROSSROADS DRIVE,CANAL STREET,True,True,1,477433735,-76.11552230479452,43.05391610791246
BELLEVUE AVENUE,225.95948569694437,SUMMIT AVENUE,BELLEVUE TERRACE,True,True,1,477440387,-76.16667827472291,43.0331559790806
AVERY AVENUE,226.07182769316591,MORGAN AVENUE,KINCAID AVENUE,True,True,1,477432569,-76.19840282016997,43.05760410448347
ACADIA AVENUE,226.11954291435734,WAINWRIGHT AVENUE,PLEASANTVIEW AVENUE,True,True,1,477428203,-76.13397334981725,43.077066629450314
FABIUS STREET,226.12810207016602,MEADE COURT,COSTELLO COURT,True,True,1,477437061,-76.16120583428257,43.044028616001945
WEST ONONDAGA STREET,226.21167093359844,MALCOLM STREET,PUTNAM STREET,True,True,1,477440030,-76.166706300298,43.034531120466035
SOUTH WILBUR AVENUE,226.27709465116993,WEST FAYETTE STREET,TENNYSON AVENUE;WEST FAYETTE STREET,True,True,1,477435866,-76.17975875268645,43.04829915028258
BURNET AVENUE,226.43343737702745,NORTH BEECH STREET,FAIRVIEW AVENUE,True,True,1,477434048,-76.12714625974117,43.052842099530615
VINCENT STREET,226.49081079600916,COMSTOCK AVENUE,NURSERY LANE,True,True,1,477442942,-76.12802226523164,43.02151911501827
JAMES STREET,226.5736582513358,FOREST HILL DRIVE,LILLIAN AVENUE,True,True,1,477429854,-76.11094171504546,43.06863206528088
EAST LAUREL STREET,226.78116774034655,CATHERINE STREET,LODI STREET,True,True,1,477432160,-76.14567394308234,43.05881217853996
AUDUBON PARKWAY,226.83411469398217,DEAD END / SAME-NAME BRANCH,SALT SPRINGS ROAD,False,True,1,477435988,-76.09498894610147,43.047933480099495
ACADEMY PLACE,227.0869046385262,COSSITT STREET,NORMANOR DRIVE,True,True,1,477446358,-76.1515433027416,42.996012594633854
DANFORTH TERRACE,227.35231901288915,DEAD END / SAME-NAME BRANCH,MULBERRY TERRACE;PAVILLION TERRACE,False,True,1,477439403,-76.1463963337287,43.03680872913311
KIRK PARK DRIVE,227.5195731685454,WEST LAFAYETTE AVENUE,RAYMOND AVENUE,True,True,1,477443474,-76.15429153193047,43.01822752182744
ROBINSON STREET,227.952101862753,WINTON STREET,WINTON STREET,True,True,1,477432296,-76.12400233577397,43.05816663578873
CHANNING PLACE,227.99401815599475,BYRNE PLACE,DEAD END / SAME-NAME BRANCH,False,True,1,477446225,-76.14161381361612,42.99766907899883
JUNEWAY ROAD,228.05213559711666,HILLTOP ROAD,WINKWORTH PARKWAY,True,True,1,477441974,-76.1939047606326,43.02673810768705
BUTTERNUT STREET,228.10790695582503,SCHNEIDER STREET,PARK STREET,True,True,1,477431279,-76.14422092212148,43.06259206331452
MIDLAND AVENUE,228.35764407420425,LINCOLN AVENUE,TEMPLE STREET,True,True,1,477438681,-76.15706180171814,43.03915112756569
VILLAGE DRIVE,228.40185154054103,GRANT BOULEVARD,DEAD END / SAME-NAME BRANCH,False,True,1,800047545,-76.1183354911658,43.070420833969955
DARLINGTON ROAD,228.73317984410866,BERKSHIRE AVENUE,BENDER STREET,True,True,1,477428430,-76.13642786574748,43.07614924893025
EAST TAYLOR STREET,228.90953097010308,LATIMER TERRACE,SOUTH STATE STREET,True,True,1,477438539,-76.1470308201278,43.039325143734686
ERIE BOULEVARD EAST,229.01573769092036,LODI STREET,PINE STREET,True,True,1,477435037,-76.13017081112079,43.050617596008514
ERIE BOULEVARD WEST,229.60896209102657,MILTON AVENUE;WEST END DRIVE,WILLIS AVENUE,True,True,1,477431997,-76.19753817064759,43.05937481197413
NORTH BEECH STREET,229.9414795335218,ERIE BOULEVARD EAST;SOUTH BEECH STREET,CANAL STREET,True,True,1,477435105,-76.12761526991176,43.05073510774036
WHITTIER AVENUE,229.97622928539815,COLERIDGE AVENUE,DEAD END / SAME-NAME BRANCH,False,True,1,477437432,-76.18836495075887,43.042706075598325
WESTMORELAND AVENUE,230.1860172661987,DAKIN STREET,ERIE BOULEVARD EAST;PEAT STREET,True,True,1,477435110,-76.11499329093256,43.050722636307036
DELAWARE STREET,230.19531663043094,FENTON STREET,GRAND AVENUE,True,True,1,477438533,-76.17350337287445,43.03949222413614
JACKSON STREET,230.26824414940324,SOUTH MCBRIDE STREET,DABLON COURT;RADISSON COURT,True,True,1,477438232,-76.14440032435883,43.040336616671475
ROSS PARK,230.32186919613557,DEAD END / SAME-NAME BRANCH,COURT STREET,False,True,1,800048790,-76.14735807423419,43.07743593533288
SHOTWELL PARK,230.53330073265624,DEAD END / SAME-NAME BRANCH,JAMES STREET,False,True,1,504325230,-76.11560833242939,43.06806565468521
NORTH STATE STREET,230.54643893850312,DEAD END / SAME-NAME BRANCH,BURNET AVENUE,False,True,4,477434570;477434467;477434385;477434357,-76.14795202137935,43.051990134990206
CENTRAL AVENUE,230.61403718894255,DEAD END / SAME-NAME BRANCH,ONTARIO STREET,False,True,1,477437144,-76.1682408341619,43.04374062377823
VINCENT STREET,231.24702272349336,LORRAINE AVENUE,RUTH AVENUE,True,True,1,477442971,-76.13150875310055,43.021367135924486
ROBINEAU ROAD,231.37889839781997,ALANSON ROAD,CROSSETT STREET,True,True,1,477441861,-76.17277279799123,43.02758260364298
HANCOCK DRIVE,231.50509192442786,ARDEN DRIVE,DEAD END / SAME-NAME BRANCH,False,True,1,477443076,-76.17659377812515,43.0210841069586
DELAWARE STREET,231.95313001449475,DUDLEY STREET,SABINE STREET,True,True,1,477439251,-76.16902101064738,43.03721620159899
JAMES STREET,232.1089794327113,GRANT BOULEVARD,SHOTWELL PARK,True,True,1,477429900,-76.11519941128206,43.068421085602075
KIRKPATRICK STREET,232.1221442266938,STEUBEN STREET,PARK STREET,True,True,1,477430263,-76.15506927530994,43.06692461497291
FABIUS STREET,232.20117236524788,WYOMING STREET,WILL COURT,True,True,1,477436912,-76.15959079053385,43.04442463985091
EAST ADAMS STREET,232.2853824710816,WEISER COURT,SOUTH MCBRIDE STREET,True,True,1,477437384,-76.14442780141006,43.042752627194545
EUCLID AVENUE,232.52506249330503,OSTRAM AVENUE,COMSTOCK AVENUE,True,True,1,477439502,-76.12936524751892,43.036308117027204
NICHOLS AVENUE,232.64325779582308,CALEB AVENUE,SHERIDAN PLACE,True,True,1,477431859,-76.10318027704194,43.060014642563296
HICKORY STREET,233.27123897086815,PEARL STREET,NORTH STATE STREET,True,True,1,477433681,-76.15015634656979,43.054010202591435
BERKELEY DRIVE,233.5496986840541,WINDSOR PLACE,BROAD STREET,True,True,1,477441161,-76.12474913467769,43.0303621414472
TURTLE STREET,233.58000513459373,PASTIME DRIVE,NORTH SALINA STREET,True,True,1,477429988,-76.16037461583942,43.06827062115074
EAST COLVIN STREET,233.66972000998956,BENEDICT AVENUE,DEAD END / SAME-NAME BRANCH,False,True,1,477442100,-76.1377694739569,43.02626435029975
EAST COLVIN STREET,233.68432692901288,BENEDICT AVENUE,DEAD END / SAME-NAME BRANCH,False,True,1,477442070,-76.1377808115766,43.02637760547701
MONROE STREET,233.8701416783962,SOUTH MCBRIDE STREET,TYLER COURT,True,True,1,477437791,-76.1435567809833,43.041644142033746
MONROE STREET,233.901780904411,SOUTH MCBRIDE STREET,WEISER COURT,True,True,1,477437787,-76.14443176602144,43.04165045647953
BUTTERNUT STREET,234.02048749088613,WILLISTON AVENUE,THIRD AVENUE,True,True,1,477429622,-76.14329547158569,43.06994469414951
SOUTH WILBUR AVENUE,234.16318115683774,WEST MARCELLUS STREET,JENSEN AVENUE,True,True,1,800097681,-76.17528113445012,43.0437569059308
ENGLEWOOD AVENUE,234.2722339467231,SMITH ROAD,VALLEY DRIVE,True,True,1,477445379,-76.15467290361953,43.005037582396824
EMERSON AVENUE,234.28661570298829,DEAD END / SAME-NAME BRANCH,MILTON AVENUE,False,True,1,477432324,-76.19319329243923,43.05811225960595
EMERSON AVENUE,234.5165531848322,HERKIMER STREET,HARBOR STREET,True,True,1,477433375,-76.18878023179188,43.05495648069035
CARBON STREET,234.74796176112653,COMMONWEALTH AVENUE,WOLF STREET,True,True,1,477429238,-76.16312882023846,43.07201711845489
LODI STREET,234.7845475430124,COURT STREET,NORTH STATE STREET,True,True,1,477430444,-76.15947631118651,43.066051596469876
EAST GLEN AVENUE,234.85959078554754,SENECA DRIVE,MONTICELLO DRIVE NORTH;SPRINGBROOK AVENUE,True,True,1,477445291,-76.13913378660313,43.00556858566376
SLOCUM DRIVE,234.89135450798847,DEAD END / SAME-NAME BRANCH,DEAD END / SAME-NAME BRANCH,False,True,1,477443136,-76.11455839709251,43.02108471598131
CARBON STREET,234.9618369804203,LEMOYNE AVENUE,LACY PLACE,True,True,1,477429339,-76.16156229808755,43.07137513706819
HIGHLAND STREET,235.0058939326744,DOUGLAS STREET,SOUTH ALVORD STREET,True,True,1,477431858,-76.14114483529403,43.05997303977049
EAST DALE STREET,235.02462926949997,NOBLE AVENUE,BEACON ROAD;TAFT AVENUE,True,False,2,477428887;477428882,-76.11522379169067,43.07370251585923
JACKSON STREET,235.10129983372968,STEWART COURT,SOUTH MCBRIDE STREET,True,True,1,477438223,-76.1435313071859,43.04037511049757
CADWELL PLACE,235.1241409069534,CADWELL STREET,DEAD END / SAME-NAME BRANCH,False,True,1,477439233,-76.1750753056934,43.037203365587295
GRANVILLE STREET,235.30159559352532,NOBLE AVENUE,TAFT AVENUE,True,False,2,477428520;477428515,-76.11539823797364,43.075549038739815
LINWILL TERRACE,235.30182477489114,VILLAGE DRIVE,DEAD END / SAME-NAME BRANCH,False,True,1,477429208,-76.11647378141558,43.07230315567601
HADDON ROAD,235.64350281904373,HILLSBORO PARKWAY,DEAD END / SAME-NAME BRANCH,False,True,1,477438353,-76.08896249170833,43.040088927410245
LANCASTER AVENUE,235.68278849677677,BUCKINGHAM AVENUE,STRATFORD STREET,True,True,1,477440241,-76.12292428524975,43.033962102581704
TITUS ALLEY,235.76395822415867,UNION PLACE,DEAD END / SAME-NAME BRANCH,False,True,1,477431017,-76.15631715592309,43.063689950624315
RONEY LANE,235.8105061995376,DEAD END / SAME-NAME BRANCH,DEAD END / SAME-NAME BRANCH,False,True,4,477443082;800054387;477443104;477443110,-76.13587642529562,43.02064745177561
VINE STREET,235.90167888999795,SHUART AVENUE,DOROTHY STREET,True,True,1,477431555,-76.12697742341352,43.061285360214
EAST ADAMS STREET,236.08023123224785,SOUTH MCBRIDE STREET,TYLER COURT,True,True,1,477437396,-76.14355176836234,43.04273909780077
EAST COLVIN STREET,236.15756543129515,SOUTH SALINA STREET;WEST COLVIN STREET,BEARD PLACE,True,True,1,477442226,-76.14489595879714,43.025701657924266
DAKOTA STREET,236.17895117067118,CUMBERLAND AVENUE,MEADOWBROOK DRIVE,True,True,1,477440503,-76.11204588279597,43.03275382543992
HILLSBORO PARKWAY,236.22944432498883,HADDON ROAD,HADDON ROAD,True,True,1,477438225,-76.08919077066976,43.040354627324064
COMSTOCK AVENUE,236.3697387229181,COMSTOCK PLACE,EAST GENESEE STREET,True,True,1,477436397,-76.13076930182552,43.04662607289015
GRANT BOULEVARD,236.70882004775157,CLEVELAND AVENUE,BUTTERNUT STREET,True,True,1,477454213,-76.14296568647153,43.072628453633044
UNION PLACE,236.98178252159553,LODI STREET,LILAC STREET,True,True,1,477430733,-76.15555610630595,43.064826568311524
BUTTERNUT STREET,237.197211536933,SAILE STREET,WILLISTON AVENUE,True,True,1,477429537,-76.14320349706144,43.070585440942615
PARK AVENUE,237.25016622241682,LIBERTY STREET,WALL STREET,True,True,1,477434332,-76.17338677274087,43.0520621099282
NORTH MCBRIDE STREET,237.44612017047024,LODI STREET;MARY STREET,EAST DIVISION STREET,True,True,1,477431450,-76.1509117077353,43.061825696102765
GRANGER STREET,237.45551781991298,FABIUS STREET,DICKERSON STREET,True,True,1,477436932,-76.15673180453851,43.0446130974467
SEDGWICK STREET,238.1957790512987,ELM STREET;SHUART AVENUE,DOROTHY STREET,True,True,1,477431840,-76.12954326764567,43.060037587192475
WEST HIGH TERRACE,238.35487954649432,SALISBURY ROAD,LAKEVIEW ROAD,True,False,2,477437761;477437948,-76.20091722871035,43.04151686806193
COMSTOCK AVENUE,238.41450512922788,DAYBREAK LANE,VINCENT STREET,True,True,1,477442943,-76.1284732618778,43.021829121167976
ETHEL STREET,238.63307440012053,DUNDEE DRIVE,DEAD END / SAME-NAME BRANCH,False,True,1,477441635,-76.18717374034014,43.0282277739039
CADILLAC STREET,238.6676276026573,ENGLERT AVENUE,MARTIN STREET,True,True,1,477427617,-76.14907530500754,43.08020363572174
BERTRAM PLACE,238.6871105909302,DEAD END / SAME-NAME BRANCH,ONONDAGA CREEK BOULEVARD,False,True,1,477443572,-76.15687229432224,43.01737212763141
OVERLOOK DRIVE,238.72479218860855,DEAD END / SAME-NAME BRANCH,STOLP AVENUE,False,True,1,477441475,-76.18718403127127,43.029259723044525
AVERY AVENUE,238.8221072247214,CHEMUNG STREET,MORGAN AVENUE,True,True,1,477432738,-76.19800282228027,43.0570376096055
SOUTH SALINA STREET,238.98234888690632,EAST MATSON AVENUE;WEST MATSON AVENUE,HOBART AVENUE,True,True,1,477444224,-76.14179077966408,43.01304710342382
WILSON STREET,239.44905021987776,DOROTHY STREET,SHUART AVENUE,True,True,1,477431365,-76.12505725655896,43.062232207451906
SUNRISE DRIVE,239.6188711796997,THURLOW DRIVE,LYNN CIRCLE,True,True,1,477446570,-76.13767679834106,42.99402110851913
LISTMAN AVENUE,239.87550423469352,MAYAR STREET,WOODRUFF AVENUE,True,True,3,477428704;800039830;800039831,-76.13779333340976,43.07466362713577
SLOCUM DRIVE,240.338825996861,SMALL ROAD,SMALL ROAD,True,True,1,477443056,-76.11726047567225,43.02135597098491
HAYDEN AVENUE,240.76133258886318,ESSEX STREET,MORTON STREET,True,True,1,477433501,-76.19744279279824,43.054623638896366
CHENNAULT DRIVE,241.10723261074216,DEAD END / SAME-NAME BRANCH,MEADOWBROOK DRIVE,False,True,1,477439640,-76.11121745565903,43.03589763049992
HIAWATHA PLACE,241.51880136154247,DEAD END / SAME-NAME BRANCH,HIAWATHA BOULEVARD EAST,False,True,1,477427796,-76.15947467211575,43.07952169799144
KNAUL STREET,241.68382961291732,HIER AVENUE,GRUMBACH AVENUE,True,True,1,477430291,-76.14026301615257,43.06655916426969
FABIUS STREET,241.74577837579062,DEAD END / SAME-NAME BRANCH,GRANGER STREET,False,True,1,477436735,-76.15634725263516,43.0449810968996
TEALL AVENUE,241.77733815365556,HAWLEY AVENUE,VANN STREET,True,True,1,477433066,-76.12205480865863,43.05601710309371
BOISE DRIVE,242.0610216356386,RUTH AVENUE,HARRIETTE AVENUE,True,True,1,477442493,-76.13082300685993,43.02413133436509
JASPER PLACE,242.07524732199866,HIGHLAND STREET;JASPER STREET,SEWARD STREET,True,True,1,477431334,-76.1418669108814,43.0621058922066
RILL AVENUE,242.25730542660528,PIERCE STREET,CONAN STREET,True,True,1,477444360,-76.14934475631945,43.0118861206313
FELLOWS AVENUE,242.37033396322244,MEADOWBROOK DRIVE,BROAD STREET,True,True,1,477441076,-76.11471929139852,43.03093008595506
COURT STREET,242.37235889860523,MALVERNE DRIVE,LOMA AVENUE,True,True,1,477427729,-76.14421379022251,43.079557630035
KIRKPATRICK STREET,242.38275593539703,FIRST NORTH STREET,LAWRENCE STREET,True,True,1,477429559,-76.15247033429237,43.07040314835611
CARBON STREET,242.4104653809676,BEAR STREET,LACY PLACE,True,True,1,477429406,-76.16077777817932,43.071061625013655
COFFEY DRIVE,242.42640164687137,ULSTER STREET,DEAD END / SAME-NAME BRANCH,False,True,1,477435924,-76.18477028246689,43.04802987030682
NORTH SALINA STREET,242.61455166005157,HIAWATHA BOULEVARD EAST;HIAWATHA BOULEVARD WEST;LODI STREET,EXCHANGE STREET,True,True,1,508421671,-76.16669931539748,43.07051405083941
WHITTIER AVENUE,242.87605790185387,SALISBURY ROAD;SOUTH AVERY AVENUE,DEAD END / SAME-NAME BRANCH,False,True,2,477437483;477437462,-76.18924423216723,43.04265440097537
GARFIELD AVENUE,243.06561223713567,EAST COLVIN STREET,ELIZABETH STREET,True,True,1,477442128,-76.14175075231549,43.026430140771616
GRANT BOULEVARD,243.08464126701224,DEWITT STREET,PLEASANTVIEW AVENUE,True,True,1,477429108,-76.13402126415805,43.07252761873919
SLOCUM DRIVE,243.0971079849077,DEAD END / SAME-NAME BRANCH,DEAD END / SAME-NAME BRANCH,False,True,1,477443141,-76.11591426713028,43.01963185489984
UNION PLACE,243.1068030668639,TITUS ALLEY,NORTH STATE STREET,True,True,1,477430963,-76.15692331737819,43.063798577018325
SAINT MARKS AVENUE,243.1349386788191,RANN AVENUE,NORTH LOWELL AVENUE,True,True,1,477433671,-76.18675340964862,43.054045456220386
SAND STREET,243.31590732524168,EDISON STREET,WEST BELDEN AVENUE,True,True,1,477433292,-76.16767063255175,43.05526433462559
NORTH SALINA STREET,243.44237719518307,HIAWATHA BOULEVARD EAST;HIAWATHA BOULEVARD WEST;LODI STREET,EXCHANGE STREET,True,True,1,508421416,-76.16676599330529,43.070439145798765
BEACON ROAD,243.5065053331842,EAST DALE STREET;TAFT AVENUE,NORTH AVENUE,True,True,1,477428872,-76.11433779828927,43.0737786220864
SOUTH AVENUE,243.51726111665639,ONONDAGA AVENUE,ROCKLAND AVENUE,True,True,2,477442519;800034579,-76.15930073296424,43.024319639633504
MYRTLE STREET,243.56166955359632,MORTON STREET,ESSEX STREET,True,True,1,477433649,-76.19847327983877,43.05422964788736
NORTHCLIFFE ROAD,243.68229910939368,DEAD END / SAME-NAME BRANCH,RIDGEWOOD DRIVE,False,True,1,477430180,-76.09467767437725,43.06723523379356
AVERY AVENUE,243.91358688440866,ESSEX STREET,MORTON STREET,True,True,1,477433386,-76.19653782496702,43.05496263836102
BUCKINGHAM AVENUE,243.95218080171927,DODGE DRIVE,MEADOWBROOK DRIVE,True,True,1,477442506,-76.12052373753434,43.02438858953948
TOMPKINS STREET,244.06504286271365,NORTH WILBUR AVENUE;SOUTH WILBUR AVENUE,CRYSLER STREET,True,True,1,477435764,-76.18059641659875,43.048439551020195
OVERLOOK DRIVE,244.0782296353116,DEAD END / SAME-NAME BRANCH,DEAD END / SAME-NAME BRANCH,False,True,2,800034567;477441522,-76.18715954543198,43.02878803480638
LODI STREET,244.33902826690286,ASH STREET,JOHN STREET,True,True,1,477431622,-76.14902575920355,43.061001098314016
VINCENT STREET,244.39484140849626,RUTH AVENUE,HARRIETTE AVENUE,True,True,1,477442966,-76.13062078863153,43.021405628579295
CARBON STREET,244.56777007553487,COMMONWEALTH AVENUE,LEMOYNE AVENUE,True,True,1,477429276,-76.16234729843691,43.07169413159399
JAMES STREET,244.7239264981858,SOUTH COLLINGWOOD AVENUE,ASHDALE AVENUE,True,True,1,477429824,-76.10800016865781,43.06877037361663
KENSINGTON ROAD,244.7290419309558,WESTMINSTER AVENUE,KENSINGTON PLACE,True,True,1,477440814,-76.1194875175767,43.03171481774028
COURT STREET,244.7652087722708,PASTIME DRIVE,NORTH ALVORD STREET;NORTH SALINA STREET,True,True,1,477430108,-76.15880982523407,43.06760857947986
SUMMIT AVENUE,244.82366823748137,HILLVIEW AVENUE,CHARMOUTH DRIVE,True,True,1,477443091,-76.16553277924272,43.020994145939966
NORTH GEDDES STREET,245.01748846715424,SPENCER STREET;WEST KIRKPATRICK STREET,PULASKI STREET,True,True,1,477432596,-76.17035980837316,43.057583606557756
SUNNYCREST ROAD,245.0196050272581,ABERDEEN TERRACE,ERICKSON STREET,True,True,1,477431282,-76.09552141685289,43.06231929424448
BALLANTYNE ROAD,245.17447549212463,PIERCE STREET,CONAN STREET,True,True,1,477444547,-76.1492312977535,43.01047713055766
LEMOYNE AVENUE,245.33887636157033,GRANT BOULEVARD,PENNSYLVANIA AVENUE,True,True,1,477428352,-76.15817777375119,43.07659511162407
ASH STREET,245.41084666329667,JOSEPHINE STREET,LODI STREET,True,True,1,477431621,-76.14837634471822,43.06105935891949
TURTLE STREET,245.53272144432853,PARK STREET,PASTIME DRIVE,True,True,1,477429869,-76.15993282533773,43.06884261777806
PACIFIC AVENUE,245.74097414401436,EMPIRE AVENUE,LOOMIS AVENUE,True,True,1,477444874,-76.15332027711136,43.00814860337219
CADILLAC STREET,245.77389112278146,MALVERNE DRIVE,WADSWORTH STREET,True,True,1,477427275,-76.14646379924655,43.082229131327786
PACIFIC AVENUE,245.82083692818435,EVALEEN AVENUE,GIRARD AVENUE,True,True,1,477444836,-76.15150780559979,43.00846113645257
WEST OSTRANDER AVENUE,245.92993282761802,WIMAN AVENUE,BERGER AVENUE,True,True,1,477444069,-76.15364761452528,43.01376080307831
CHENEY STREET,246.4344275273006,ONONDAGA AVENUE,COOLIDGE AVENUE,True,True,1,477441221,-76.16387633065386,43.02994213029461
SHELBOURNE PLACE,246.4545912375243,DEAD END / SAME-NAME BRANCH,PARKWAY DRIVE,False,True,1,477442581,-76.16399427806822,43.023894622699395
POND STREET,246.7542292031041,STEUBEN STREET,NORTH ALVORD STREET,True,True,2,800040125;477430675,-76.15219324944549,43.06500414908254
EDMUND AVENUE,246.77255018866515,WEST NEWELL STREET,DEAD END / SAME-NAME BRANCH,False,True,1,477443653,-76.15353080979693,43.017178959945205
JULIAN PLACE,246.84704221589683,EAST COLVIN STREET,LEWISTON DRIVE;NOTTINGHAM ROAD,True,True,1,477442797,-76.11100377535911,43.02278609499716
BARRINGTON ROAD,247.07978051935658,WILSON PLACE,MANOR DRIVE,True,True,1,477437898,-76.08290803148368,43.041585001285604
GRIFFITHS STREET,247.10917681457224,JOHN STREET,KAPPESSER STREET,True,True,1,477429870,-76.14458629282667,43.06869711562486
SOUTH SALINA STREET,247.18947246581908,EAST CHELTENHAM ROAD;WEST CHELTENHAM ROAD,WEST WARRINGTON ROAD,True,True,1,477446498,-76.14354732826492,42.99482509635923
BALLANTYNE ROAD,247.35224459886183,EVALEEN AVENUE,ATLANTIC AVENUE;CORAL AVENUE,True,True,1,477444589,-76.15110681430055,43.010294120471606
SOUTH AVERY AVENUE,247.3691865986782,SALISBURY ROAD;WHITTIER AVENUE,BRYANT AVENUE,True,True,1,477437484,-76.18965430814309,43.04294276572188
CRYSLER STREET,247.64308684065324,DEAD END / SAME-NAME BRANCH,TOMPKINS STREET,False,True,1,477435765,-76.18121730659394,43.048587606265585
SMITH LANE,247.65349940143204,RONEY LANE,MOORE AVENUE,True,True,1,477442890,-76.13637883770815,43.02217288211673
COMSTOCK AVENUE,247.70341718567886,XAVIER CIRCLE,THURBER STREET,True,True,1,800032794,-76.1282605370466,43.01952886694954
LEMOYNE AVENUE,247.76508109491292,FOURTH NORTH STREET,PENNSYLVANIA AVENUE,True,True,1,477428237,-76.15773327253802,43.07718812160376
COMSTOCK ART,247.8097954998297,TRAFFIC CIRCLE,CHAPPLE WAY,True,True,1,600063979,-76.12773668214862,43.025465981909456
WOLF STREET,247.83840540921955,PENNSYLVANIA AVENUE,FOURTH NORTH STREET,True,True,1,477428095,-76.15929582191178,43.077828619255634
GREENWOOD PLACE,247.9321758077869,CLARENDON STREET,AVONDALE PLACE,True,True,1,477438831,-76.1212459184126,43.038813509929305
WEST FAYETTE STREET,247.99757703010417,SOUTH WILBUR AVENUE,DEAD END / SAME-NAME BRANCH,False,True,1,477435809,-76.17962642497515,43.04836791861379
FILLMORE AVENUE,248.12531920109979,MENLO DRIVE,EAST GLEN AVENUE,True,True,1,477444629,-76.1379513126812,43.00996562709968
ELIZABETH STREET,248.15649803978823,SOUTH STATE STREET,BAKER AVENUE,True,True,1,477442003,-76.14321133597382,43.02663208247604
VINCENT STREET,248.2271825302276,JAMESVILLE AVENUE,LORRAINE AVENUE,True,True,1,477442986,-76.13240314372969,43.02132174325113
SIXTH NORTH STREET,248.36372327053235,WOLF STREET,GANNETT AVENUE,True,True,1,477427586,-76.15675426936696,43.08034309914987
BALLANTYNE ROAD,248.46190208605915,LOOMIS AVENUE,EMPIRE AVENUE,True,True,1,477444642,-76.15383633056793,43.009846350432554
EAST COLVIN STREET,248.50662755296588,LORRAINE AVENUE;NORTH LORRAINE AVENUE,ROBERT DRIVE,True,True,1,477442349,-76.13184432652558,43.025076595917795
KIRKPATRICK STREET,248.72500273038597,NORTH ALVORD STREET;UNION PLACE,STEUBEN STREET,True,True,1,477430414,-76.15549831576917,43.06634460257045
SMITH LANE,248.8534548576453,RONEY LANE,RONEY LANE,True,True,1,477442954,-76.13575341458501,43.021728673410074
MEADOWBROOK DRIVE,248.8892020800958,CRAWFORD AVENUE,SCOTTHOLM TERRACE,True,True,1,477439083,-76.10894628422805,43.03792514093005
BALLANTYNE ROAD,249.10051909559857,SHIRLEY DRIVE,LOOMIS AVENUE,True,True,1,477444661,-76.15474429684917,43.00969808755947
WEBSTERS LANDING,249.16343630130962,NORTH CLINTON STREET,DEAD END / SAME-NAME BRANCH,False,True,1,477433515,-76.15300212315512,43.05436096042587
THURGOOD TERRACE,249.23796265933055,EAST RAYNOR AVENUE;SOUTH STATE STREET,CROTON TERRACE,True,True,1,477439723,-76.14669965882524,43.03553427764022
COURT STREET,249.25626150034554,PARK STREET,PASTIME DRIVE,True,True,1,477429998,-76.1583643062516,43.0682025935335
COWIE AVENUE,249.27989356208622,TAFT AVENUE,NORTH AVENUE,True,True,1,477429039,-76.11426730698489,43.072928619305124
SOUTH GEDDES STREET,249.37862251367613,OTISCO STREET,WEST MARCELLUS STREET,True,True,1,477437120,-76.1710608486811,43.04401161693652
BALLANTYNE ROAD,249.47200865582093,EVALEEN AVENUE,GIRARD AVENUE,True,True,1,477444609,-76.15201333885786,43.01014510696766
JAMES STREET,249.70946692283982,PAUL AVENUE,CLIFTON PLACE,True,True,1,477430091,-76.11737030598331,43.06761759343841
WELDON AVENUE,249.8317109619806,WADSWORTH STREET,MALVERNE DRIVE,True,True,1,477427464,-76.14493178275595,43.08116564628651
ONONDAGA CREEK BOULEVARD,249.91889252453876,BERTRAM PLACE,BERTRAM PLACE,True,True,1,477443639,-76.15678688044052,43.017167173543314
MARLETT STREET,249.99339819243164,SHIRLEY DRIVE,LOOMIS AVENUE,True,True,1,477444840,-76.15437431356746,43.008468097587844
SOUTH STATE STREET,250.15516078419367,EAST BORDEN AVENUE,EAST BEARD AVENUE,True,True,1,477441803,-76.14427041215598,43.02783090834206
VINCENT STREET,250.2624120442546,ALDEN STREET,BURTEN STREET,True,True,1,477443054,-76.13394923800983,43.02089615460993
ELIZABETH STREET,250.43695024421,BAKER AVENUE,GARFIELD AVENUE,True,True,1,477441988,-76.14228578245951,43.02671561550062
BELLEVUE AVENUE,250.47239402174816,HOEFLER STREET,DUANE STREET,True,True,1,477440511,-76.17892228203425,43.032714123630456
BALLANTYNE ROAD,250.5284729237117,EMPIRE AVENUE,GIRARD AVENUE,True,True,1,477444631,-76.15292580125235,43.00999562113513
CATAWBA STREET,250.58275239301184,NORTH TOWNSEND STREET,LODI STREET,True,True,1,477431292,-76.1524585063025,43.06244345914388
ALMOND STREET,250.7356182530209,EAST FAYETTE STREET,DEAD END / SAME-NAME BRANCH,False,True,1,477435700,-76.1421762317065,43.04820963984507
COURT STREET,250.98076117394783,WADSWORTH STREET,MALVERNE DRIVE,True,True,1,477427650,-76.14333485124014,43.08004362754989
WILLUMAE DRIVE,251.3359874515398,FORDLAND AVENUE,COURT STREET,True,True,1,477428351,-76.15084050753819,43.0764752938158
HUNTER AVENUE,251.55271250702927,MARQUETTE STREET,SPENCER STREET,True,True,1,477432850,-76.16921427176413,43.056688616961104
POND STREET,251.62075487560455,FIRST NORTH STREET,LAWRENCE STREET,True,True,1,477429820,-76.14917530940954,43.069066108718985
WOLF STREET,251.64550501263037,GRANT BOULEVARD,PENNSYLVANIA AVENUE,True,True,1,477428222,-76.15974532139286,43.07722762832983
NORTHCLIFFE ROAD,251.95557973008215,MILFORD DRIVE EAST,DEAD END / SAME-NAME BRANCH,False,True,1,477430099,-76.09551176310437,43.067413108475115
PACIFIC AVENUE,252.1236143762537,EMPIRE AVENUE,GIRARD AVENUE,True,True,1,477444854,-76.15241527975323,43.00830864319353
MORTON AVENUE,252.15027491782658,CRESCENT AVENUE,DEAD END / SAME-NAME BRANCH,False,True,1,477441641,-76.16121029435055,43.02843995403886
RUGBY ROAD,252.16887888838025,SEDGWICK DRIVE,DEWITT STREET,True,True,1,477430194,-76.13364030167524,43.06699308961402
DEMONG DRIVE,252.23017686651374,DOLL PARKWAY,CARLTON DRIVE,True,True,1,477437021,-76.08799036272123,43.04414231634667
EAST CORNING AVENUE,252.31702516213326,DEAD END / SAME-NAME BRANCH,SOUTH SALINA STREET;WEST CORNING AVENUE,False,True,1,477443373,-76.14162712569944,43.018869484051436
LODI STREET,252.31819673822397,EAST DIVISION STREET,MARY STREET;NORTH MCBRIDE STREET,True,True,1,477431423,-76.15072276068904,43.06191361802466
CUMBERLAND PLACE,252.37673512170431,DAKOTA STREET,MEADOWBROOK DRIVE,True,True,1,477440650,-76.11277207262984,43.03240861150712
WEST COLVIN STREET,252.38051270790342,CRADDOCK STREET,CLYDE AVENUE,True,True,1,477442687,-76.1622510406128,43.023020097846434
GENESEE PARK DRIVE,252.6150904885638,DEAD END / SAME-NAME BRANCH,FERRIS AVENUE,False,True,1,477436802,-76.10769078327357,43.04467211707026
KIRKPATRICK STREET,252.64598362238212,LAWRENCE STREET,SPRING STREET,True,True,1,477429660,-76.15291230774895,43.06980613128553
STOLP AVENUE,252.89758261453647,HANCOCK DRIVE,RIDER AVENUE,True,True,1,477441232,-76.18010685177353,43.02989710996975
CRAIG STREET,253.00320115464822,GRIFFITHS STREET,HIGH STREET,True,True,1,477429628,-76.1465992789597,43.069909096779284
CORAL AVENUE,253.29394711031364,PACIFIC AVENUE,MOREY AVENUE,True,True,1,477444799,-76.150235769835,43.009024131211596
PACIFIC AVENUE,253.3357576148858,CORAL AVENUE,EVALEEN AVENUE,True,True,1,477444819,-76.15059553834413,43.00860560962232
SOUTH AVENUE,253.72959684436256,CENTENNIAL DRIVE,EAST BISSELL STREET;WEST BISSELL STREET,True,True,1,477442178,-76.15875875876688,43.02613959966682
DEMONG DRIVE,254.03667567570588,CARLTON DRIVE,CARLTON DRIVE,True,True,1,477436957,-76.08882744866622,43.044455761932
HILLSIDE STREET,254.0758705805491,HUNTLEY STREET,BUTTERNUT STREET;KUHL AVENUE,True,True,1,477428224,-76.14251679960327,43.07716966297729
EAST WILLOW STREET,254.25263307319534,PEARL STREET,NORTH STATE STREET,True,True,1,477434007,-76.14942734181635,43.053047110364254
SOUTH SALINA STREET,254.33332942580773,PARRISH LANE,DORWIN AVENUE,True,True,1,477447296,-76.14371928535124,42.98571473427723
HILLVIEW AVENUE,254.47074493618976,CLYDE AVENUE,MAY AVENUE,True,True,1,477741333,-76.16117961354212,43.02053603851651
LIBERTY STREET,254.7557417495749,WEST BELDEN AVENUE,EDISON STREET,True,True,1,477433290,-76.17368231051661,43.05529011833761
CHAMPLIN DRIVE,254.8574118401361,DEAD END / SAME-NAME BRANCH,CALEB AVENUE,False,True,1,477431767,-76.10212483897526,43.06030364580751
BUTTERNUT STREET,255.58148698363647,SOUTH ALVORD STREET,PETERS STREET,True,True,1,477431540,-76.14512476586013,43.0613750948855
HUDSON STREET,255.8371615742426,RICH STREET,MARTIN LUTHER KING WEST,True,True,1,477441377,-76.15959509990395,43.02967529032249
GARFIELD PLACE,255.84508306730476,GARFIELD AVENUE,DEAD END / SAME-NAME BRANCH,False,True,1,477441777,-76.14151925676127,43.02764811492529
PINE STREET,255.85002140279087,EAST GENESEE STREET,ASHWORTH PLACE,True,True,1,477436240,-76.12979884349791,43.047320616090154
CADWELL STREET,256.0300696371817,FENTON STREET,FITCH STREET,True,True,1,477439024,-76.1756003135541,43.03824808857223
GIRARD AVENUE,256.2003586976689,BALLANTYNE ROAD,ATLANTIC AVENUE,True,True,1,477444610,-76.15256379434263,43.01041412527332
SUMMIT AVENUE,256.2889493227512,CHARMOUTH DRIVE,ANNETTA STREET,True,True,1,477442973,-76.16558675716367,43.02168062708943
SOUTH STATE STREET,256.7046716278276,ALBERT TERRACE,MARTIN LUTHER KING EAST,True,True,1,477440279,-76.14702603211084,43.03384420952147
NEW STREET,256.71993884699094,LINDEN STREET,SOUTH SALINA STREET,True,True,1,477438227,-76.15011797219272,43.04043849765645
CANDEE AVENUE,256.7617548679664,DIDAMA STREET,SALT SPRINGS ROAD,True,True,1,477436464,-76.10482525660954,43.04640413231833
JAMES STREET,256.83936134691004,WILSON STREET,DURSTON AVENUE,True,True,1,477431146,-76.12646978623069,43.06316065409526
KIRKPATRICK STREET,257.04362494935083,BASIN STREET,NORTH STATE STREET,True,True,1,477431138,-76.15749980097277,43.06316560281016
REMINGTON AVENUE,257.50922431564,DEAD END / SAME-NAME BRANCH,DEAD END / SAME-NAME BRANCH,False,True,2,800052987;477443971,-76.13306505324593,43.01451705086093
EAST RAYNOR AVENUE,257.52383772260913,MONTGOMERY STREET,SOUTH SALINA STREET,True,True,1,477439763,-76.14897727803194,43.03542958990821
BALL AVENUE,257.54622340345986,MILNOR AVENUE,SALT SPRINGS ROAD,True,True,1,477436290,-76.10000268365295,43.04717167501429
MARTIN LUTHER KING WEST,257.74320626920536,CORTLAND AVENUE,MIDLAND AVENUE,True,True,1,477440773,-76.15353581764359,43.031876349595926
SOUTH SALINA STREET,257.91152401659065,EAST NEWELL STREET;WEST NEWELL STREET,EAST PLEASANT AVENUE,True,True,1,477443567,-76.14159676541955,43.01771661514422
WILLIS AVENUE,257.92579248810284,CHEMUNG STREET,GERE AVENUE,True,True,1,477432523,-76.19602481001635,43.05781610621991
PARKVIEW AVENUE,258.0040215552982,ONONDAGA AVENUE,DEAD END / SAME-NAME BRANCH,False,True,1,477442006,-76.16282279002577,43.02657763247586
LISTMAN AVENUE,258.11038974408797,WADSWORTH STREET,WOODRUFF AVENUE,True,True,1,477428713,-76.138723307797,43.07461709813013
GRIFFITHS STREET,258.1349945915736,BUTTERNUT STREET,JOHN STREET,True,True,1,477429946,-76.14375507330104,43.068366694119014
NORTH GEDDES STREET,258.14620304401944,VAN RENSSELAER STREET,SHOECRAFT ROAD,True,True,1,800032500,-76.16938990943876,43.06117529445584
WEST NEWELL STREET,258.38301185374587,VALE STREET,KIRK PARK DRIVE,True,True,1,477443699,-76.15597633514315,43.016601128862746
ASH STREET,258.38472719218566,JOSEPHINE STREET,PETERS STREET,True,True,1,477431478,-76.1479182798346,43.06166209530906
BOISE DRIVE,258.91589072284796,LORRAINE AVENUE,RUTH AVENUE,True,True,1,477442492,-76.1317346054921,43.024194905124126
IRON PIER DRIVE,258.9706496272725,SHOECRAFT ROAD,VAN RENSSELAER STREET,True,True,1,800032497,-76.16817564812968,43.06043046890836
SOUTH CARBON STREET,259.3349945950606,HIER AVENUE,HIGHLAND STREET,True,True,1,477430864,-76.14105601833701,43.064083437677624
HOEFLER STREET,259.39138447620064,HARTSON STREET,ROWLAND STREET,True,True,1,477439662,-76.17965876101812,43.03604510221854
NORTH SALINA STREET,259.44619589137415,BUTTERNUT STREET,NORTH STATE STREET,True,True,1,477432651,-76.15205025634634,43.0573586082529
GRANT BOULEVARD,259.57852498787094,GRANT TERRACE,TEALL AVENUE,True,True,1,477429264,-76.12214427433855,43.07176209944081
MIDLAND AVENUE,259.585829578071,WEST MATSON AVENUE,HALL AVENUE,True,True,1,477444307,-76.14785631224449,43.012562112681294
HOLDEN STREET,259.6224872678643,HARTSON STREET,ROWLAND STREET,True,True,1,477439669,-76.18085753664943,43.03598895331267
FERNDALE DRIVE,259.6449141282764,WEST GLEN AVENUE,SMILEY DRIVE,True,True,1,477445305,-76.14603413634572,43.00583764449854
EAST SENECA TURNPIKE,259.72701360711596,MONTICELLO DRIVE NORTH;MONTICELLO DRIVE SOUTH,MUNSON DRIVE,True,True,1,477445940,-76.13918201705228,43.000355090322415
GREENWAY AVENUE,259.74827001666455,HAWLEY AVENUE,VANN STREET,True,True,1,477433060,-76.11945630588806,43.056057637135766
DELHI STREET,259.8210944547505,DEAD END / SAME-NAME BRANCH,OAK PLACE,False,True,1,477432811,-76.13213727207467,43.0568106276001
MILFORD DRIVE WEST,259.94868472230155,NORTHCLIFFE ROAD,DEAD END / SAME-NAME BRANCH,False,True,1,477430306,-76.09861315487272,43.06692653115074
SALT SHED DRIVE,260.10109569018425,VAN RENSSELAER STREET,SHOECRAFT ROAD,True,True,1,800032502,-76.16696129787857,43.059685550607966
SLOCUM AVENUE,260.2036901324216,KELLOGG STREET,SHONNARD STREET,True,True,1,477438055,-76.16147790079913,43.04113205962389
CARBON STREET,260.7300538084985,HERBERT STREET,CURTIS STREET,True,True,1,477430361,-76.14927081287179,43.06644712182347
PARK STREET,260.7410138176642,OBERST STREET,BUTTERNUT STREET,True,True,1,800038597,-76.14445270778255,43.06302247953963
HERRIMAN STREET,260.88610362336976,ROWLAND STREET,HARTSON STREET,True,True,1,477439622,-76.17705477811542,43.036170114577075
GILBERT AVENUE,260.9925957851021,CURTIS STREET,HERBERT STREET,True,True,1,477430005,-76.14810379936003,43.06805260735924
CADWELL STREET,261.0989235553363,FITCH STREET,CADWELL PLACE,True,True,1,477439223,-76.1755407382155,43.037539843932244
GRANT BOULEVARD,261.56437357829014,WADSWORTH STREET,WOODRUFF AVENUE,True,True,1,477429155,-76.13855394345964,43.072308570288435
TURTLE STREET,261.59754292940215,BRACE STREET,BURDICK AVENUE,True,True,1,477428396,-76.15429725845782,43.07643112969857
BUTTERNUT STREET,261.6436738962131,KNAUL STREET,FIRST NORTH STREET,True,True,1,477430324,-76.14332980863806,43.06677358708103
BUTTERNUT STREET,261.65729124200226,PETERS STREET,JOSEPHINE STREET,True,True,1,477431683,-76.14558979051608,43.06075261596155
SENECA PLACE,261.79817259027345,WEST SENECA TURNPIKE,DEAD END / SAME-NAME BRANCH,False,True,1,477445601,-76.15960675243856,43.00382448599248
SAINT MARKS AVENUE,261.9948111734242,RANN AVENUE,SCHOOL STREET,True,True,1,477433831,-76.18692377800178,43.053365021337484
PLEASANTVIEW AVENUE,262.03002596792106,RIVOLI AVENUE,DELMAR PLACE,True,False,2,477427834;477427764,-76.1345635114743,43.07920956795709
LODI STREET,262.03454145433835,NORTH STATE STREET,DANFORTH STREET,True,True,1,477430515,-76.15865784647596,43.06572810311076
COURT STREET,262.1896741203615,BRACE STREET,GRANT BOULEVARD,True,True,1,477428662,-76.15354432029098,43.07499834002142
PUTNAM STREET,262.22088441014006,DUDLEY STREET,ELLIOTT STREET,True,True,1,477439834,-76.16934130488848,43.0352665803025
LISTMAN AVENUE,262.27349948588324,DARLINGTON ROAD,MAYAR STREET,True,True,1,477428695,-76.13685578759963,43.07471261442168
ASH STREET,262.3366358370418,PETERS STREET,SOUTH ALVORD STREET,True,True,1,477431356,-76.14744483585432,43.06228660419216
GRAY AVENUE,262.4706454011899,DORCHESTER AVENUE,WHEATON ROAD,True,True,1,477429727,-76.12570583625401,43.069314579116046
EUCLID TERRACE,262.5856027453077,DEAD END / SAME-NAME BRANCH,DEAD END / SAME-NAME BRANCH,False,True,2,477439103;477439112,-76.11829206032576,43.03765628294807
SUMMIT AVENUE,262.70828538732724,BELLEVUE AVENUE,DEAD END / SAME-NAME BRANCH,False,True,1,477440528,-76.16600799801462,43.032958784545386
POND STREET,262.75976435369523,NORTH ALVORD STREET,LILAC STREET,True,True,1,477430851,-76.15264929820309,43.064390151486826
EAST BEARD AVENUE,262.77091100208617,BEARD PLACE,SOUTH STATE STREET,True,True,1,477441867,-76.14457276802834,43.02737961507643
HILLSBORO PARKWAY,262.8242730595417,HADDON ROAD,HADDON ROAD,True,True,1,477438177,-76.08922429135598,43.04045210216033
SPRING STREET,262.97510063327275,HERBERT STREET,CURTIS STREET,True,True,1,477430178,-76.14871356626232,43.0672239170391
JAMES STREET,263.06655627347055,DEWITT STREET,SEDGWICK STREET,True,True,1,477431636,-76.13094077827098,43.06096911526826
BUTTERNUT STREET,263.0793925982767,SOUTH ALVORD STREET,SCHNEIDER STREET,True,True,1,477431425,-76.1446617535735,43.0620006134479
LYDELL STREET,263.10319228445366,HARTSON STREET,ROWLAND STREET,True,True,1,477439644,-76.17845879953177,43.03610213022882
CALEB AVENUE,263.23898905607007,STAFFORD AVENUE,DEAD END / SAME-NAME BRANCH,False,True,1,477432110,-76.11137407388695,43.05885675059972
CROSSETT STREET,263.3097210589403,ROBINEAU ROAD,STINARD AVENUE,True,True,1,477441710,-76.1732893138539,43.027883610996085
EAST TAYLOR STREET,263.650307369757,OAKWOOD AVENUE;SOUTH TOWNSEND STREET,LATIMER TERRACE,True,True,1,477438522,-76.14611079214305,43.039362637160664
SOUTH CARBON STREET,263.6623470479179,HIER AVENUE,GRUMBACH AVENUE,True,True,1,477430840,-76.14007905013129,43.06412694386473
SUMMIT AVENUE,263.7604282847871,WEST COLVIN STREET,DEAD END / SAME-NAME BRANCH,False,True,1,477442708,-76.16570529842552,43.02321710065996
STONE COURT,264.0133708714384,OTISCO STREET,OTISCO STREET,True,True,1,477436525,-76.16151590461862,43.045859353710206
EAST GENESEE STREET,264.1981873216141,FORMAN AVENUE,DEAD END / SAME-NAME BRANCH,False,True,1,477436244,-76.13946360113313,43.047006063704316
CRAFTON AVENUE,264.1996047969521,ACADEMY PLACE,DEAD END / SAME-NAME BRANCH,False,True,1,477446746,-76.15069986138032,42.99197138160966
MEADOWBROOK DRIVE,264.2752354700573,CUMBERLAND PLACE,NOTTINGHAM ROAD;SHERBOURNE ROAD,True,True,1,477440649,-76.11214875984825,43.032308983749815
ORANGE ALLEY,264.3163926265406,FORMAN AVENUE,DEAD END / SAME-NAME BRANCH,False,True,1,477435911,-76.14045159698199,43.04793164844415
ARDMORE PLACE,264.3201524801599,HARFORD ROAD,WADSWORTH STREET,True,True,1,477427482,-76.14343076634421,43.08108912159571
RIVOLI AVENUE,264.40400664621626,PLEASANTVIEW AVENUE,KENWICK DRIVE,True,True,1,477427846,-76.13502830616002,43.078827648228554
FAIRFIELD AVENUE,264.56266019037054,EDGEWOOD AVENUE,FLETCHER AVENUE,True,True,1,477443655,-76.1659567807393,43.01688796085435
SEYMOUR STREET,264.77539169946954,AMY STREET,HIGHPOINT STREET;SOUTH WILBUR AVENUE,True,True,1,477437712,-76.17343944238638,43.04183158055249
CORTLAND AVENUE,264.9227129837013,ALEXANDER AVENUE,BLAINE STREET,True,True,1,477440356,-76.15218117252951,43.03360069382127
COUGHLIN AVENUE,264.95422226669206,NORTH COLLINGWOOD AVENUE,ASHDALE AVENUE,True,True,1,477428923,-76.1082357604456,43.07355513172358
BURNET AVENUE,264.9990473698619,NICHOLS AVENUE,SHERIDAN PLACE,True,True,2,477432120;477432087,-76.10260795184527,43.05888977616243
WARHAM STREET,265.0927049315806,CRAIG STREET,CLEVELAND AVENUE,True,True,1,477429271,-76.14467881059315,43.07173460890755
ATLANTIC AVENUE,265.1106283636209,LOOMIS AVENUE,SHIRLEY DRIVE,True,True,1,477444452,-76.15517437989372,43.011117063001265
GRAVES STREET,265.11111636282016,SEWARD STREET,HIGHLAND STREET,True,True,1,477431495,-76.14187077282818,43.06127147280369
SCHOOL STREET,265.1433977652798,NORTH LOWELL AVENUE,WEST FAYETTE STREET,True,True,1,477433865,-76.18540004039293,43.05345309368375
BARNES AVENUE,265.2158639136219,HOPPER ROAD;WEST SENECA TURNPIKE,ENGLEWOOD AVENUE,True,True,1,477445644,-76.15877476987771,43.00350361682691
GRIFFITHS STREET,265.33641279911154,CLEVELAND AVENUE,CRAIG STREET,True,True,1,477429737,-76.14639026604878,43.069426594577145
DAKIN STREET,265.3608059307329,CROLY STREET,BRUCE STREET,True,True,1,477435078,-76.11237640956455,43.05054980813821
HAWLEY AVENUE,265.4092833397646,VINE STREET,SHERWOOD AVENUE,True,True,1,477433124,-76.12519733364883,43.05555212010625
SOUTH SALINA STREET,265.46592886697283,ELK STREET,EAST COLVIN STREET;WEST COLVIN STREET,True,True,1,477442363,-76.1451249044109,43.025207376185406
FORDHAM ROAD,265.4705592498447,WHEATON ROAD,DORCHESTER AVENUE,True,True,1,477429329,-76.12583882594714,43.07126561502373
PARK STREET,265.53165681157236,HIGHLAND STREET,HIER AVENUE,True,True,1,477431136,-76.14098326602321,43.063017126747624
LEWIS STREET,265.57109330550014,PHARIS STREET,EMERSON AVENUE;KINGSLEY PLACE,True,True,1,477433075,-76.19032829021226,43.05584810536694
PARK STREET,265.77651549359007,GRUMBACH AVENUE,HIER AVENUE,True,True,1,477431129,-76.1399907978612,43.06306164207864
EAST COLVIN STREET,265.87225535882203,BENEDICT AVENUE,BERWYN AVENUE,True,True,1,477442110,-76.13869610616509,43.02619814015728
EAST GENESEE STREET,266.00343741714096,COMSTOCK AVENUE,PINE STREET,True,True,1,477436253,-76.13030383555936,43.046959575423735
GREENWAY AVENUE,266.0369897214561,BURNET AVENUE,HAWLEY AVENUE,True,True,1,477433285,-76.1194053161427,43.0553371147857
DARLINGTON ROAD,266.078709544276,BRIGGS STREET,HUNTLEY STREET;MAPLEHURST AVENUE,True,True,1,477428163,-76.13653930126127,43.077570160970986
REMINGTON AVENUE,266.21581600884133,DEAD END / SAME-NAME BRANCH,DEAD END / SAME-NAME BRANCH,False,True,2,477443861;800051964,-76.12993049735137,43.01530095375734
HAZELWOOD AVENUE,266.29724620363845,SMITH STREET,DEAD END / SAME-NAME BRANCH,False,True,1,477434312,-76.09011227742464,43.052100631038314
SOUTH CLINTON STREET,266.3638968790848,WALTON STREET,WEST FAYETTE STREET,True,True,1,477435895,-76.15356932767952,43.04833410049076
DANFORTH STREET,266.43186419869465,NORTH ALVORD STREET,NORTH SALINA STREET,True,True,1,477430409,-76.15760231091703,43.0663811029418
EAST BEARD AVENUE,266.4852479429908,SOUTH SALINA STREET;WEST BEARD AVENUE,BEARD PLACE,True,True,1,477441915,-76.1455078000463,43.027142119263466
CAMP AVENUE,266.7908330610906,BARNES AVENUE,MAINS AVENUE,True,True,2,477444926;800037981,-76.15845678073443,43.00784413396247
SHIRLEY DRIVE,266.8952083913969,ATLANTIC AVENUE,GROVE STREET,True,True,1,477444562,-76.15555784270583,43.01078208569057
HILLVIEW AVENUE,267.00494845039316,CRADDOCK STREET,CLYDE AVENUE,True,True,1,477443120,-76.16215425743529,43.02051363390838
RUGBY ROAD,267.0712882024571,HAMPTON ROAD,TEALL AVENUE,True,True,1,477430010,-76.12336717759263,43.06791230887217
ROBERT DRIVE,267.2983045385035,HUGHES PLACE NORTH,NORTH LORRAINE AVENUE,True,True,1,477441986,-76.13285987479404,43.02672857340232
SOUTH STATE STREET,267.32764337347965,ELIZABETH STREET,EAST COLVIN STREET,True,True,1,477442156,-76.14350434448254,43.026247075874366
POND STREET,267.4053405306329,GRIFFITHS STREET,HIGH STREET,True,True,1,477429545,-76.1480857676927,43.07050814284132
VELASKO ROAD,267.41980343706985,ATKINSON AVENUE,FAIRDALE AVENUE,True,True,1,477441831,-76.18543483082189,43.02776109637538
ESSEX STREET,267.56498393069046,AVERY AVENUE,HAYDEN AVENUE,True,True,1,477433294,-76.1971927835132,43.05509063568847
PARK STREET,267.6930086138108,GRUMBACH AVENUE,MERZ AVENUE,True,True,1,477431107,-76.13899427516243,43.06310614459214
NORTH FRANKLIN STREET,267.7099547855883,GENANT DRIVE,PLUM STREET,True,True,1,600009015,-76.15626191157915,43.05668372062667
UNIVERSITY AVENUE,267.84827050030435,EAST FAYETTE STREET,ASHWORTH PLACE,True,True,1,477435942,-76.13429529643156,43.0480981449902
KNAUL STREET,268.0890351299411,HIER AVENUE,HIGHLAND STREET,True,True,1,477430309,-76.14121476549583,43.06651262349633
STOLP AVENUE,268.0955996566892,REED AVENUE,RIDER AVENUE,True,True,1,477441237,-76.18108032865484,43.02986459951212
SOUTH FRANKLIN STREET,268.18519384516543,WEST FAYETTE STREET,WALTON STREET,True,True,1,477435890,-76.15552926299462,43.04834264606246
EAST CHAFFEE AVENUE,268.18721131008016,NORMANOR DRIVE,BROOKLEA PLACE,True,True,1,477446201,-76.14982230778034,42.997722111792065
PINE STREET,268.2099525024593,EAST FAYETTE STREET,ASHWORTH PLACE,True,True,1,477435965,-76.12978232842968,43.04803963987539
EAST WATER STREET,268.2971346307038,SOUTH WARREN STREET,EAST GENESEE STREET,True,True,1,481561654,-76.1512690772706,43.0505280338788
EAST WASHINGTON STREET,268.38327358132926,SOUTH WARREN STREET,EAST GENESEE STREET,True,True,1,481561660,-76.15028588469076,43.0495784955936
BUTTERNUT STREET,268.43893662500136,PROSPECT AVENUE,NORTH SALINA STREET,True,True,1,477432462,-76.15161028438736,43.057897611407256
JAMES STREET,268.6124412594909,NORTH COLLINGWOOD AVENUE,NORTH EDWARDS AVENUE,True,True,1,477429812,-76.10696279333321,43.06882090899627
WILLUMAE DRIVE,268.68378481568095,FORDLAND AVENUE,COURT STREET,True,True,1,477428334,-76.1507557897402,43.07654616455592
TYSON PLACE,268.83262535736014,NORTH COLLINGWOOD AVENUE,NORTH EDWARDS AVENUE,True,True,1,477429452,-76.10706683300668,43.070740586611436
ELMHURST AVENUE,268.8651675964717,KIRK PARK DRIVE,HUNT AVENUE,True,True,4,477443040;800050953;477443043;477443046,-76.15523168322366,43.020951454701496
WALNUT AVENUE,268.9130072675775,ASHWORTH PLACE,EAST FAYETTE STREET,True,True,1,477435960,-76.13207479353045,43.04806763578085
BELLEVUE AVENUE,268.97346999633993,REED AVENUE,RIDER AVENUE,True,True,1,477440537,-76.18125879248126,43.03263212724858
VALLEY DRIVE,269.08472050543156,OAKDALE DRIVE,FISH AVENUE,True,True,1,477445123,-76.15524816071817,43.007047528531075
WILLIS AVENUE,269.16434036445645,ESSEX STREET,DEAD END / SAME-NAME BRANCH,False,True,1,504325333,-76.19453984938333,43.05570660432095
COUGHLIN AVENUE,269.3105715074843,LILLIAN AVENUE,NORWOOD AVENUE,True,True,1,477428953,-76.11038731356595,43.07345813724678
PARK STREET,269.3810211528247,WASHINGTON SQUARE,BEAR STREET,True,True,1,477429613,-76.16168410949713,43.06993313650374
HILLSIDE STREET,269.6723977371577,HARDING STREET,MAPLEHURST AVENUE,True,True,1,477427769,-76.1395457814217,43.07943465319919
CRIPPEN PLACE,269.7432641060675,DEAD END / SAME-NAME BRANCH,CRIPPEN AVENUE,False,True,1,477445563,-76.14417780312094,43.004146092116166
BRADLEY STREET,270.041760876997,WEST ONONDAGA STREET,ELLIOTT STREET,True,True,1,477440127,-76.17244277228339,43.034399100424025
LYNCH STREET,270.0570129264755,DEVINE STREET,DEAD END / SAME-NAME BRANCH,False,True,1,477434698,-76.11920527966979,43.05145809973638
CONKLIN AVENUE,270.0890069137142,GLENCOVE ROAD,DEAD END / SAME-NAME BRANCH,False,True,1,477430637,-76.0892313434993,43.06526255194249
GENESEE PARK DRIVE,270.12656462174857,DEAD END / SAME-NAME BRANCH,SALT SPRINGS ROAD,False,True,1,477436799,-76.10909686857069,43.04498744752302
SOUTH ALVORD STREET,270.1889710412727,JOHN STREET,ASH STREET,True,True,1,477431219,-76.14763935046803,43.06278613451262
GLENWOOD AVENUE,270.33345076589427,CLYDE AVENUE,ELMWOOD AVENUE,True,True,2,477443353;477443385,-76.16172607756009,43.01904440276599
NICHOLS AVENUE,270.407428824038,AVON ROAD,GLENCOVE ROAD,True,True,1,477430993,-76.10347580741025,43.06384210811221
TYSON PLACE,270.4966474278835,NORTH COLLINGWOOD AVENUE,ASHDALE AVENUE,True,True,1,477429460,-76.10807482362122,43.07070061830909
LONGMEADOW CIRCLE,270.89587495824895,LONGMEADOW DRIVE,DEAD END / SAME-NAME BRANCH,False,True,1,477447068,-76.14640977808814,42.98841161552241
BEAR STREET,270.98573236603,SUNSET AVENUE,LODI STREET,True,True,1,477430241,-76.16320526104086,43.067122608248795
VALLEY DRIVE,271.09087652098935,GROVE STREET,WENTE TERRACE,True,True,1,477444602,-76.15703523994056,43.01050160230513
SUNNYCREST ROAD,271.13939843552896,LUDDINGTON STREET,ERICKSON STREET,True,True,1,477431297,-76.09665186084887,43.06227276275659
COUGHLIN AVENUE,271.15185489998316,NORTH COLLINGWOOD AVENUE,NORTH EDWARDS AVENUE,True,True,1,477428907,-76.10723426279512,43.073600126358244
DARLINGTON ROAD,271.20230202753515,BRIGGS STREET,BENDER STREET,True,True,1,477428320,-76.13648079981829,43.07683414547951
COURT STREET,271.2465052784351,MAPLEHURST AVENUE,HARDING STREET,True,True,1,477427499,-76.14170128487203,43.08095114795304
CLARKE STREET,271.35766842617574,WESTCOTT STREET,STRONG AVENUE,True,True,1,477438692,-76.11860776574464,43.03894361853031
TEALL AVENUE,271.3653521383024,PAUL AVENUE,GRAY AVENUE,True,True,1,477429686,-76.12298425411097,43.06980561195358
CRESCENT AVENUE,271.470412579123,WEST KENNEDY STREET,MORTON AVENUE,True,True,1,477441557,-76.16039106793252,43.0286177681901
PHELPS PLACE,271.6101973431252,SNELL TERRACE;SUNRISE DRIVE,MONTICELLO DRIVE SOUTH,True,True,1,477446143,-76.13823728658824,42.99868961038457
HILLSIDE STREET,271.68320314092165,MAPLEHURST AVENUE,DARLINGTON ROAD,True,True,1,477427680,-76.13884625434844,43.07997213824863
ACADEMY PLACE,271.71085428407935,STACY PLACE,NORMANOR DRIVE,True,True,1,477446450,-76.15148233670187,42.995329595882524
WADSWORTH STREET,271.8774884365945,HAROLD STREET,BERKSHIRE AVENUE,True,True,1,477428640,-76.13926532881744,43.07531412621036
MELROSE AVENUE,271.89687247517253,HASTINGS PLACE,CLIFTON PLACE,True,True,1,477430744,-76.11717176690136,43.06446962876453
SALISBURY ROAD,271.99691161530006,BENHAM AVENUE,MONTROSE AVENUE,True,True,1,477437684,-76.19601109471691,43.04203321556797
TYSON PLACE,272.07505257527964,LILLIAN AVENUE,NORWOOD AVENUE,True,True,1,477429480,-76.11016429199324,43.07061616083757
MELROSE AVENUE,272.3961299894645,HASTINGS PLACE,CLIFTON PLACE,True,True,1,477430704,-76.1171832613529,43.064615665375705
SOUTH AVENUE,272.60619549734946,ROCKLAND AVENUE,WEST COLVIN STREET,True,True,1,477442637,-76.15928134980024,43.02361166920904
ALMOND STREET,272.64425536328287,EAST ADAMS STREET,DEAD END / SAME-NAME BRANCH,False,True,1,506022036,-76.14264704944979,43.04309571044388
EUCLID AVENUE,272.90323690210244,BRADFORD LANE,STANDISH DRIVE,True,True,1,477439913,-76.10508721970714,43.03484663076814
SUMMIT AVENUE,272.98907684742227,ANNETTA STREET,WEST COLVIN STREET,True,True,1,477442876,-76.16564631276661,43.02240559211252
BELLAIRE PLACE,272.9945655960526,DEAD END / SAME-NAME BRANCH,PARKWAY DRIVE,False,True,1,477442575,-76.16287230779737,43.023965596981256
STINARD AVENUE,273.0931920464092,STRATHMORE DRIVE,CHARMOUTH DRIVE,True,True,1,477443114,-76.17216077708957,43.02076908717739
SOUTH SALINA STREET,273.1006129676425,WARNER AVENUE,AMHERST AVENUE,True,True,1,477442795,-76.14399379198272,43.02281211747956
NORTH GEDDES STREET,273.1662576696402,EDISON STREET,MARQUETTE STREET,True,True,4,477433139;477433105;477433019;477432966,-76.17042769529911,43.055935158315485
ONONDAGA CREEK BOULEVARD EAST,273.23484728409016,BERGER AVENUE,WEST MATSON AVENUE,True,True,1,477444231,-76.15371931606508,43.012941110605354
FIRST NORTH STREET,273.24858018298704,CRAIG STREET,CLEVELAND AVENUE,True,True,1,511383769,-76.14698117946669,43.06866538040831
GARFIELD AVENUE,273.31996175155916,GARFIELD PLACE,EAST BORDEN AVENUE,True,True,1,477441778,-76.14206479969212,43.02797711458628
TEALL AVENUE,273.39831727871234,ROBINSON STREET,HERBST AVENUE,True,True,1,477432232,-76.12223875389417,43.05878412053519
CURTIS STREET,273.56221696580536,FIRST NORTH STREET,GILBERT AVENUE,True,True,1,477430004,-76.14744032590028,43.06821414612007
ONONDAGA CREEK BOULEVARD,274.0277429710663,MEDORA PLACE,KEEN PLACE,True,True,3,800047588;800047584;477443904,-76.15712477614157,43.015218558276125
ATLANTIC AVENUE,274.10188148066294,EMPIRE AVENUE,LOOMIS AVENUE,True,True,1,477444476,-76.15418380711594,43.01098361506252
HUTCHINSON AVENUE,274.13186111724525,FLETCHER AVENUE,EDGEWOOD AVENUE,True,True,1,477443761,-76.16596284851401,43.01600562562423
SPRING STREET,274.2325584735676,CARLISLE STREET,KIRKPATRICK STREET,True,True,1,477429762,-76.15268982496325,43.06931859851972
NORTH GEDDES STREET,274.3982518622553,MARQUETTE STREET,SPENCER STREET,True,True,1,477432863,-76.1703962776883,43.05668612319128
WEST WARRINGTON ROAD,274.5648296776866,BRONSON STREET,MARJORIE STREET,True,True,1,477446508,-76.14591068257326,42.994402166133405
APPLE STREET,274.6015536857324,DEAD END / SAME-NAME BRANCH,SACKETT STREET,False,True,1,477434764,-76.17580682064397,43.05117860850966
PARK STREET,274.6286658678669,WASHINGTON SQUARE,WOLF STREET,True,True,1,477429468,-76.16393130112226,43.07082513566908
IRVING AVENUE,274.8062972647249,MADISON STREET,CEDAR STREET,True,True,1,477436639,-76.13776528716389,43.04575758772397
PLYMOUTH DRIVE,274.88070929568244,WINTHROP ROAD,ROXBURY ROAD,True,True,1,477430495,-76.09982728144341,43.06601211012066
LEMOYNE AVENUE,275.0920831820372,WASHINGTON SQUARE,CARBON STREET,True,True,1,477429415,-76.16219582194877,43.071198602671636
SOUTH GEDDES STREET,275.21864942100314,HARTSON STREET,ROWLAND STREET,True,True,1,477439572,-76.17384268008482,43.0363231148843
EUCLID TERRACE,275.28039263523215,DEAD END / SAME-NAME BRANCH,EUCLID AVENUE,False,True,1,477439303,-76.11793586451795,43.03723326046358
DOLL PARKWAY,275.45048293351596,DEMONG DRIVE,BEAUMONT PLACE,True,True,1,506986291,-76.08760826206779,43.04441863842122
MORTON STREET,275.5212560405594,AVERY AVENUE,HAYDEN AVENUE,True,True,1,477433500,-76.19678783875658,43.05449564293627
COURT STREET,275.7563635149945,DARLINGTON ROAD,MAPLEHURST AVENUE,True,True,1,477427423,-76.14088427570442,43.08140364106571
WOLCOTT AVENUE,275.76907176884447,FAIRDALE AVENUE,ATKINSON AVENUE,True,True,1,477441811,-76.18269728505904,43.02782458597904
MEADOWBROOK DRIVE,276.0265676015294,CRAWFORD AVENUE,SCOTTHOLM TERRACE,True,True,1,477439064,-76.10907224802777,43.03802459493842
WEST MARCELLUS STREET,276.04873781671967,SOUTH WILBUR AVENUE,NELSON STREET,True,True,1,477437037,-76.17512128642336,43.044245135687504
BROAD STREET,276.20215301489236,NOTTINGHAM ROAD,CRAWFORD AVENUE,True,True,1,477441024,-76.111196073747,43.03083743350656
SPRING STREET,276.2407679539996,JOHN STREET,EAST DIVISION STREET,True,True,1,477430421,-76.14625580387973,43.06620865922314
LANCASTER AVENUE,276.3507222849961,HERTFORD STREET,ANDOVER ROAD,True,True,1,477441743,-76.12211533120158,43.02816411439228
HILLSIDE STREET,276.3702908780283,MALVERNE DRIVE,LOMA AVENUE,True,True,1,477428116,-76.14176178920997,43.077739642301246
GRANT BOULEVARD,276.39381940145853,CRAIG STREET,CLEVELAND AVENUE,True,True,1,477429070,-76.1438740419837,43.07285493876036
DEWITT STREET,276.4026622248445,PARK STREET,BURLINGAME ROAD,True,True,1,477431188,-76.13347678016565,43.06310084657208
HILLSIDE STREET,276.5835454281101,WADSWORTH STREET,HARDING STREET,True,True,1,477427888,-76.1402542692905,43.07889414812065
JAMES STREET,276.6392638484557,MILDRED AVENUE,SHOTWELL PARK,True,True,1,477429981,-76.1160956546658,43.06821935396221
OTISCO STREET,276.9345817642684,WYOMING STREET,DEAD END / SAME-NAME BRANCH,False,True,1,477436382,-76.15951220109707,43.046502881700356
NOTTINGHAM ROAD,277.026859993701,WALDORF PARKWAY,TECUMSEH ROAD;TECUMSEH STREET,True,False,1,477442038,-76.11134777341701,43.02683312887479
AMES AVENUE,277.3028133240677,WEST SENECA TURNPIKE,KIMBER AVENUE,True,True,1,477445666,-76.15782482771286,43.00332459535481
SOUTH GEDDES STREET,277.3391023746214,FITCH STREET,PUTNAM STREET,True,True,1,477439200,-76.17333378473903,43.037614128265616
LEMOYNE AVENUE,277.428348927496,NORTH SALINA STREET,WASHINGTON SQUARE,True,True,1,477429742,-76.1634332808307,43.06956762996936
EAST FAYETTE STREET,277.49225801294995,CROLY STREET,ELLIS STREET,True,True,2,800037804;477435808,-76.1131772089079,43.048198013312955
EAST WILLOW STREET,277.67331143490395,NORTH WARREN STREET,NORTH SALINA STREET,True,True,1,477434174,-76.15164277871926,43.05237349198572
EAST FAYETTE STREET,277.8034035341087,BRUCE STREET,FENWAY DRIVE,True,True,1,477435780,-76.11108479522122,43.048276112520526
EUCLID AVENUE,277.8497643906572,HOUSTON AVENUE,MEADOWBROOK DRIVE,True,True,1,477439412,-76.1106225775192,43.03674582903716
MARCELLUS STREET,277.9321634373813,WYOMING STREET,DEAD END / SAME-NAME BRANCH,False,True,1,477436105,-76.15991572599675,43.047446199147764
BYRNE PLACE,278.28891601794186,DEAD END / SAME-NAME BRANCH,CHANNING PLACE,False,True,1,482659662,-76.14111733427143,42.99731400632976
DOLL PARKWAY,278.3469601299681,BEAUMONT PLACE,DEMONG DRIVE,True,True,1,506986295,-76.08745766615785,43.04443335004888
CLARENCE AVENUE,278.3547113591936,MONTICELLO DRIVE NORTH,SENECA DRIVE,True,True,1,477445472,-76.13918374603848,43.004394607422434
TEALL AVENUE,278.38922889356434,MELROSE AVENUE,JAMES STREET,True,True,1,477430792,-76.1226612899737,43.0646511541835
HIXSON AVENUE,278.40984103514893,ELDORADO STREET,MELROSE AVENUE,True,True,1,477430967,-76.12016531645922,43.06398215018075
DRISCOLL AVENUE,278.5614175055689,AVERY AVENUE,HAYDEN AVENUE,True,True,1,477433907,-76.19600081129863,43.053375111084755
JAMES STREET,278.6079833462487,PECK AVENUE,HASTINGS PLACE,True,True,1,477430217,-76.1183857452561,43.06711911434582
ATLANTIC AVENUE,278.7699261288483,GIRARD AVENUE,EMPIRE AVENUE,True,True,1,477444505,-76.15317027299331,43.010834129652814
WENDELL TERRACE,278.7962181229576,KLINE STREET,RUGBY ROAD,True,True,1,477430071,-76.12972169301365,43.06787546575758
WEST COLVIN STREET,278.87656007236217,KIRK PARK DRIVE,HUNT AVENUE,True,True,4,477442633;800050952;477442643;477442646,-76.15509053355153,43.02322063151801
PARK STREET,278.891200107898,MARY STREET,EAST DIVISION STREET,True,True,1,477430726,-76.1485847760505,43.064715125976946
IVES AVENUE,278.9625765408315,ERIE BOULEVARD EAST,DEAD END / SAME-NAME BRANCH,False,True,1,477435267,-76.11602777302207,43.05035493597348
OAK STREET,279.0018477873011,MANILLA STREET,LODI STREET,True,True,1,477434156,-76.13307924952817,43.05277211407066
COURT STREET,279.02488085097156,KUHL AVENUE,LOMA AVENUE,True,True,1,477427835,-76.14511929915201,43.07906113936168
HOOD AVENUE,279.0888395867604,COURT STREET,KIRKPATRICK STREET,True,True,1,477428304,-76.1483158022266,43.0768221070298
VALLEY DRIVE,279.1034095482016,CAMP AVENUE,OAKDALE DRIVE,True,True,1,477445007,-76.15561041205603,43.007751216386836
LEXINGTON AVENUE,279.3364927664211,ELLIS STREET,WESTMORELAND AVENUE,True,True,1,477436126,-76.11414076664077,43.047235104475725
BROAD STREET,279.3427600937496,MEADOWBROOK DRIVE,FELLOWS AVENUE,True,True,1,477441083,-76.11522978451742,43.03057360487065
KANE ROAD,279.37205341311784,WILLIS AVENUE,EMERSON AVENUE,True,True,1,477431578,-76.19779006513757,43.061148671352164
HIAWATHA PLACE,279.4204782485409,WILLUMAE DRIVE;WOLF STREET,DEAD END / SAME-NAME BRANCH,False,True,1,800041915,-76.15862385538178,43.07941690572793
SALT SPRINGS ROAD,279.4406757408045,EAST AVENUE,CANDEE AVENUE,True,True,1,477436492,-76.10530326005973,43.04597160324274
SALT SPRINGS ROAD,279.51890044060366,CROLY STREET;EAST GENESEE STREET,BRUCE STREET,True,True,1,477436742,-76.11183121004441,43.04492801439539
NURSERY LANE,279.5302836814113,DAYBREAK LANE,VINCENT STREET,True,True,1,477442933,-76.12771424234269,43.02190960555571
ORISKANY DRIVE,279.5424090230298,JERICHO DRIVE,MOORE AVENUE,True,True,1,477442652,-76.13742416800325,43.02316627147238
SOUTH LOWELL AVENUE,279.670273851259,TENNYSON AVENUE,BRYANT AVENUE,True,True,1,477436320,-76.18090727749558,43.04699063848191
GRANT BOULEVARD,279.8545930849589,WADSWORTH STREET,WORDEN AVENUE,True,True,1,477429168,-76.13956492776575,43.07225757909138
WILSON PLACE,279.865291249763,EAST GIFFORD PARKWAY,BARRINGTON ROAD,True,True,1,477437916,-76.08377958056383,43.04157556353786
PARK STREET,279.98165930488403,JOHN STREET,EAST DIVISION STREET,True,True,1,477430832,-76.14766975748259,43.064343626139035
WEST END DRIVE,280.0617611295658,ERIE BOULEVARD WEST;MILTON AVENUE,GERE AVENUE,True,True,1,477432240,-76.1978913624257,43.058738012684046
HIXSON AVENUE,280.0779932429898,MOONEY AVENUE,MARIPOSA STREET,True,True,1,477431343,-76.12006882674228,43.06244352139406
SNELL TERRACE,280.1193972773351,PHELPS PLACE;SUNRISE DRIVE,DEAD END / SAME-NAME BRANCH,False,True,1,477446142,-76.13769993192105,42.99900393229562
MOSLEY DRIVE,280.15517937784807,GLENCOVE ROAD,AVON ROAD,True,True,1,477430968,-76.10082432198487,43.06397111281758
MARK AVENUE,280.24763983144885,WEST BEARD AVENUE,WOOD AVENUE,True,True,1,477442270,-76.14986834185515,43.02563909447502
CARBON STREET,280.2752690839656,CARLISLE STREET,KIRKPATRICK STREET,True,True,1,477429992,-76.15354978393076,43.068160102421395
EAST WASHINGTON STREET,280.2766900894863,PINE STREET,DEAD END / SAME-NAME BRANCH,False,True,1,477435473,-76.12922998187561,43.04930947658787
MARK AVENUE,280.27687529299493,WEST COLVIN STREET,WOOD AVENUE,True,True,1,477442408,-76.14953490183909,43.02490991216238
MELROSE AVENUE,280.31237627240716,COOK AVENUE,HASTINGS PLACE,True,True,1,477430720,-76.11821526130531,43.06456465784756
HIXSON AVENUE,280.47085976683115,MARIPOSA STREET,BOYDEN STREET,True,True,1,477431487,-76.12001076576422,43.06167562387456
EAST GENESEE STREET,280.48036008473537,DEAD END / SAME-NAME BRANCH,FORMAN AVENUE,False,True,1,477436180,-76.13948886063768,43.04718102501334
PLYMOUTH DRIVE,280.498585724889,CALEB AVENUE,SUNNYCREST ROAD,True,True,1,477431468,-76.09838478558642,43.0618156004045
CARBON STREET,280.5320772048752,EAST DIVISION STREET,JOHN STREET,True,True,1,477430562,-76.14681330279134,43.06545611955122
TEALL AVENUE,280.6039057403014,MELROSE AVENUE,ELDORADO STREET,True,True,1,477430988,-76.12260629151135,43.0638851539514
MELROSE AVENUE,280.6236571344933,HASTINGS PLACE,COOK AVENUE,True,True,1,477430758,-76.1182047491357,43.064435631028886
WALNUT AVENUE,280.6634084407616,EAST GENESEE STREET,ASHWORTH PLACE,True,True,1,477436259,-76.1320922958957,43.04731361781123
TEALL AVENUE,280.9013881415531,BOYDEN STREET,MARIPOSA STREET,True,True,1,477431509,-76.12244274648536,43.06157862925672
SEVENTH NORTH STREET,280.99280031594805,TURTLE STREET,BELLSHIRE LANE,True,True,1,477427785,-76.15264827576208,43.079366132691355
MARLETT STREET,281.0239273955875,SHIRLEY DRIVE,VALLEY DRIVE,True,True,1,477444856,-76.15534279771485,43.00830762655101
FIRST NORTH STREET,281.1883094289544,CULBERT STREET,DELONG AVENUE,True,True,1,477429581,-76.15079776136518,43.0701111602921
STEVENS AVENUE,281.3018636101272,EAST FLORENCE AVENUE,CORDOVA STREET,True,True,1,477445174,-76.14073079775602,43.00668563693909
BURDICK AVENUE,281.5195886205472,ARNTS PLACE,MURRAY AVENUE,True,True,1,477428182,-76.15549034257104,43.077305119341716
VILLAGE DRIVE,281.6740193851733,EDTIM ROAD,DEAD END / SAME-NAME BRANCH,False,True,1,477429494,-76.11753260763939,43.07057950497345
COLUMBUS AVENUE,281.7119343530464,ERIE BOULEVARD EAST,LOMBARD AVENUE,True,True,1,477435690,-76.12140160224169,43.048903354430166
WILLUMAE DRIVE,281.8338285678119,HIAWATHA PLACE;WOLF STREET,GANNETT AVENUE,True,True,1,477427808,-76.15770675767965,43.07914959951071
GRAVES STREET,281.9340939131096,BEECHER STREET,DOUGLAS STREET,True,True,1,477431646,-76.13910707045633,43.06105033303276
HIXSON AVENUE,282.01605410794156,MOONEY AVENUE,ELDORADO STREET,True,True,1,477431179,-76.1201108048977,43.063214163130034
SOUTH SALINA STREET,282.1431540930029,EAST BRIGHTON AVENUE;WEST BRIGHTON AVENUE,MCCLURE AVENUE,True,True,1,477443087,-76.14315230273583,43.02105011214799
MEADOWBROOK DRIVE,282.24411693907416,SCOTT AVENUE,RAMSEY AVENUE,True,True,1,477438556,-76.10784537313934,43.039588535232696
WALLACE STREET,282.3375490390956,DEAD END / SAME-NAME BRANCH,WEST GENESEE STREET,False,True,2,800046552;509997853,-76.15639205161867,43.05298108541088
WHEATON ROAD,282.33870611916103,FEIGEL AVENUE,GRANT BOULEVARD,True,True,1,477429195,-76.12641578209733,43.0725116119996
EAST FAYETTE STREET,282.42002076604234,BRUCE STREET,CROLY STREET,True,True,1,477435801,-76.1121307962077,43.04822659995194
MILFORD DRIVE EAST,282.79366202621276,DEAD END / SAME-NAME BRANCH,NORTHCLIFFE ROAD,False,True,1,477430288,-76.09609932234005,43.06702179922934
VAN RENSSELAER STREET,283.0117665096515,RICHMOND AVENUE,TRACY STREET,True,True,1,477435508,-76.16623234747102,43.04961262700248
EAST FAYETTE STREET,283.04859640745985,ELLIS STREET,WESTMORELAND AVENUE,True,True,2,800037806;477435805,-76.11422580370058,43.04820910221936
MITCHELL AVENUE,283.10164364784197,ARMSTRONG PLACE,LYNCH AVENUE,True,True,1,477444087,-76.17037631374608,43.01409060911171
GENANT TO NORTH CLINTON CONNECTOR,283.28165022967494,GENANT DRIVE,NORTH CLINTON STREET,True,True,1,477430853,-76.16140857600534,43.064366779855746
EAST WASHINGTON STREET,283.2987963101757,FORMAN AVENUE,DEAD END / SAME-NAME BRANCH,False,True,1,477435432,-76.13937832627036,43.04942913214238
HAROLD STREET,283.73040680639673,BUTTERNUT STREET,GREENLAND DRIVE,True,True,1,477428670,-76.14202530729857,43.07482759088386
WELDON AVENUE,284.005849300099,MALVERNE DRIVE,LOMA AVENUE,True,True,1,477427557,-76.14561878052956,43.080633652601875
HERTFORD STREET,284.2089325446123,MORNINGSIDE TERRACE,HAFFENDEN ROAD,True,True,1,477441576,-76.12381717378112,43.028472193648504
BELLEVUE AVENUE,284.48802855172477,UPLAND ROAD,WOLCOTT AVENUE,True,True,1,477440563,-76.18354479783397,43.03254758823973
SOUTH CLINTON STREET,284.5649799069795,DICKERSON STREET,GIFFORD STREET;WEST ONONDAGA STREET,True,True,1,477437128,-76.1534024639636,43.04401289764433
MARCIA STREET,284.56701070512145,DEAD END / SAME-NAME BRANCH,KENWOOD AVENUE,False,True,1,477427740,-76.15054231769456,43.0795831382132
BERKELEY DRIVE,284.5961577266376,DEAD END / SAME-NAME BRANCH,DORSET ROAD,False,True,1,477440398,-76.1277921991298,43.03348942393005
NORTHWAY STREET,284.6829761439912,DEAD END / SAME-NAME BRANCH,SMITH STREET,False,True,1,477433987,-76.09015132275913,43.05295662450111
RIDGEWOOD DRIVE,284.70671172029796,WINTHROP ROAD,ROXBURY ROAD,True,True,1,477430454,-76.09426827289514,43.06624964550045
CARBON STREET,284.8126799038044,EAST DIVISION STREET,MARY STREET,True,True,1,477430494,-76.14774029270562,43.06583011737344
TEALL AVENUE,285.0177100854242,MOONEY AVENUE,MARIPOSA STREET,True,True,1,477431363,-76.12249828166435,43.06235412467499
SOUTH SALINA STREET,285.146847435217,EAST WARRINGTON ROAD,ROSEMONT DRIVE,True,True,1,477446605,-76.14367884037961,42.99390261858596
GILBERT AVENUE,285.677993662964,JOHN STREET,EAST DIVISION STREET,True,True,1,477430228,-76.14564976928705,43.067053081177036
OAKWOOD AVENUE,285.7470896268708,TRUTH TERRACE,GRAPE TERRACE,True,True,1,477439698,-76.14542965630376,43.03601222567256
HIGHLAND PLACE,285.8088831167311,BEECHER STREET,DOUGLAS STREET,True,True,1,477431917,-76.14174064183781,43.05974770277144
SOUTH SALINA STREET,285.8722808840546,MAPLEWOOD AVENUE,RICHFIELD AVENUE,True,True,1,477447082,-76.14417876554643,42.9885221005887
SOUTH STATE STREET,286.05472806036806,ANGELOU TERRACE,EAST ADAMS STREET,True,True,2,477437680;477437632,-76.14754845361385,43.04235510377235
ALMOND STREET,286.0580979311729,MADISON STREET,CEDAR STREET,True,True,1,477436631,-76.1422063418209,43.045800107592875
SALISBURY PARK DRIVE,286.27003343946217,MILNOR AVENUE,HARWOOD AVENUE,True,True,1,477435977,-76.09752980953002,43.04804659177724
GRANT BOULEVARD,286.3500794744881,GEORGE STREET,VILLAGE DRIVE,True,True,1,477429554,-76.11901836101079,43.070360223265034
COURT STREET,286.35423911148627,WADSWORTH STREET,HARDING STREET,True,True,1,477427576,-76.14253333789742,43.08048913379188
CRADDOCK STREET,286.36925831603276,HILLVIEW AVENUE,CHARMOUTH DRIVE,True,True,1,477443115,-76.16265478289733,43.02090361126314
CADILLAC STREET,286.42030074772873,MALVERNE DRIVE,LOMA AVENUE,True,True,1,477427384,-76.14715483815952,43.08170312139335
EUCLID AVENUE,286.51454064927566,EUCLID TERRACE,WESTCOTT STREET,True,True,1,477439311,-76.1183993139344,43.03684165833329
SUMMIT AVENUE,286.51881167021924,GLENWOOD AVENUE,HILLVIEW AVENUE,True,True,1,477443195,-76.16547881377652,43.02026610685003
MAPLE STREET,286.5273806561572,MAPLE TERRACE,MADISON STREET;SOUTH BEECH STREET,True,True,1,800032785,-76.12547810462326,43.0457528070808
EAST GENESEE STREET,286.5973381270927,GIFFORD PARKWAY;HILLSBORO PLACE,HILLSBORO PLACE,True,True,1,477437964,-76.08542452142437,43.04131816136092
TALLMAN STREET,286.7142283888484,PALMER AVENUE,COOLIDGE AVENUE,True,True,1,477439739,-76.16321132814288,43.03555210692553
SHONNARD STREET,286.72318517301085,SEYMOUR STREET;WEST ADAMS STREET;WEST ONONDAGA STREET,DEAD END / SAME-NAME BRANCH,False,True,1,477437506,-76.15521068499294,43.04257251324206
PERSHING AVENUE,286.93981247022265,WADSWORTH STREET,WORDEN AVENUE,True,True,1,477428817,-76.13970634457405,43.07415963501726
MIDLAND AVENUE,286.9725278921456,WEST TAYLOR STREET,TEMPLE STREET,True,True,1,477438880,-76.15638614277225,43.03864748497213
CORTLAND AVENUE,287.01106083487133,MARTIN LUTHER KING WEST,MIDLAND AVENUE,True,True,1,477440861,-76.15344894571459,43.031701704627295
SALT SPRINGS ROAD,287.01383909887824,BRUCE STREET,FENWAY DRIVE,True,True,1,477436716,-76.11079226593853,43.045078449700185
JAMES STREET,287.13067778025646,NORTH MIDLER AVENUE;SOUTH MIDLER AVENUE,SOUTH EDWARDS AVENUE,True,True,1,477429806,-76.10582754349353,43.06887624387998
SCHOOL STREET,287.17031461827565,RANN AVENUE,SAINT MARKS AVENUE,True,True,1,508421635,-76.1864696973601,43.05304905624261
EAST GENESEE STREET,287.2119254467489,BASSETT STREET,CHERRY STREET,True,True,1,477436368,-76.12299881957063,43.04668760115361
ARGONNE DRIVE,287.29696090910625,REED AVENUE,HANCOCK DRIVE,True,True,1,477441944,-76.18030484072821,43.0269085470349
AINSLEY DRIVE,287.3055947764723,GAME ROAD,BALL CIRCLE,True,True,1,477444444,-76.13186331450885,43.011172106737284
SPAID AVENUE,287.4358002975888,CUMBERLAND AVENUE,WESTMORELAND AVENUE,True,True,1,477441413,-76.11321825723402,43.0292411009071
BELLEVUE AVENUE,287.478181594097,STINARD AVENUE,SOUTH GEDDES STREET,True,True,1,477440476,-76.17467530659502,43.03286513663331
MILTON AVENUE,287.5788014133569,WILLIS AVENUE,ERIE BOULEVARD WEST;WEST END DRIVE,True,True,1,477432103,-76.1972667880554,43.058985591548236
ELLEN STREET,287.61693633126237,KENWOOD AVENUE,DEAD END / SAME-NAME BRANCH,False,True,1,477427631,-76.15139929839087,43.08019765281489
CULVER DRIVE,287.65857212677463,NORTH GLENCOVE ROAD,SOUTH GLENCOVE ROAD,True,True,1,477430836,-76.09688476347162,43.06453064224072
EAST COLVIN STREET,287.6789409262294,JULIAN PLACE,CUMBERLAND AVENUE,True,True,1,477442808,-76.11152429237264,43.02242309415356
POND STREET,287.75965795916744,BECKER STREET,WARHAM STREET,True,True,2,800034840;477429239,-76.14684281307932,43.07216363303893
TYSON PLACE,287.76125881047795,ASHDALE AVENUE,NORWOOD AVENUE,True,True,1,477429469,-76.1091183187751,43.07066115279004
ROSEMONT DRIVE,287.76952559583594,MARJORIE STREET,BRONSON STREET,True,True,1,477446614,-76.14586525433582,42.9934181176462
TECUMSEH STREET,287.95109703515885,WESTMORELAND AVENUE,CUMBERLAND AVENUE,True,True,1,477441904,-76.1130288049191,43.027099094932865
BALL AVENUE,287.9931916142888,MILNOR AVENUE,HARWOOD AVENUE,True,True,1,477436020,-76.10009079413302,43.0479171385829
RONEY LANE,288.10151704445116,SMITH LANE,DEAD END / SAME-NAME BRANCH,False,True,2,800032733;477442996,-76.13596925288543,43.02162974978146
THURBER STREET,288.1938106285424,STEVENS PLACE,IVY RIDGE ROAD,True,True,1,477443467,-76.1352789450536,43.01813321374502
VIEAU DRIVE,288.2923003381822,WOLCOTT AVENUE,UPLAND ROAD,True,True,1,477441047,-76.18344033538605,43.03068861542396
SOUTH LOWELL AVENUE,288.34174811121375,BRYANT AVENUE,WHITTIER AVENUE,True,True,1,477436487,-76.1804183005902,43.04629861556133
CANNON STREET,288.3993957889161,WEST PLEASANT AVENUE,WEST CALTHROP AVENUE,True,True,1,477443751,-76.14516731013481,43.01646509417407
SAND STREET,288.5582003400804,MARQUETTE STREET,SPENCER STREET,True,True,1,477432903,-76.16760003465103,43.05659682490902
MAINS AVENUE,288.66589466739595,OAKDALE DRIVE,MAXWELL AVENUE,True,True,3,477445179;800046288;477445204,-76.15725136023616,43.00644623224217
HAWLEY AVENUE,288.72460373976566,MATHER STREET,NORTH BEECH STREET,True,True,1,477433157,-76.12828480739103,43.055429148766976
CROSSETT STREET,288.7467628141399,ROBINEAU ROAD,ROBERTS AVENUE,True,True,1,477441706,-76.17225729055312,43.02790508359506
MAINS AVENUE,288.81592311527146,MAXWELL AVENUE,BRADFORD STREET,True,True,3,477445294;800050422;477445332,-76.1568651263993,43.005706236426676
SHERMAN STREET,288.9550385627359,WESTMORELAND AVENUE,CUMBERLAND AVENUE,True,True,1,477442189,-76.11290982070847,43.02579111612263
THURBER STREET,289.1072200489928,ROE AVENUE,ARNOLD AVENUE,True,True,1,477443314,-76.12523586439622,43.01933072103241
VALLEY DRIVE,289.1361388279644,MAXWELL AVENUE,BRADFORD STREET,True,True,1,477445227,-76.1548501772479,43.00627654310811
SPRINGBROOK AVENUE,289.15386973490877,CORDOVA STREET,EAST GLEN AVENUE;MONTICELLO DRIVE NORTH,True,True,1,477445283,-76.13872214790442,43.00598186797951
WOLCOTT AVENUE,289.26628725739914,ATKINSON AVENUE,HENSBERRY ROAD,True,True,1,477441636,-76.18274683161896,43.02859908182224
BALL AVENUE,289.42366628212244,FAYETTE BOULEVARD,DELRAY AVENUE,True,True,1,477435520,-76.10022827769572,43.04950211979835
BERKELEY DRIVE,289.45232680796727,DEAD END / SAME-NAME BRANCH,CIRCLE ROAD;DORSET ROAD,False,True,1,477440407,-76.12790325954167,43.03347086606789
HURLBURT ROAD,289.4711629549247,MEADOWBROOK DRIVE,EAST GENESEE STREET,True,True,1,477437735,-76.1008658379812,43.042179037405305
OAKWOOD AVENUE,289.5786087837736,ROSE AVENUE,VAN BUREN STREET,True,True,1,477439365,-76.14551707429055,43.03701710305874
SOUTH SALINA STREET,289.62690051298733,EAST BORDEN AVENUE,MCLENNAN AVENUE,True,True,1,477441681,-76.14662580714418,43.02837711356917
EAST GENESEE STREET,289.80871481490254,CROLY STREET;SALT SPRINGS ROAD,CUMBERLAND AVENUE;ELLIS STREET,True,True,1,477436744,-76.11287366724055,43.04498511521154
SEELEY ROAD,289.89056382662,MOUNTAINVIEW AVENUE,HAZELWOOD AVENUE,True,True,1,477435082,-76.10387124304634,43.05091061079592
LEWIS STREET,289.89359862141134,MILTON AVENUE,PHARIS STREET,True,True,1,477433173,-76.19125176747079,43.05549860611804
BALL AVENUE,289.9890842034559,FAYETTE BOULEVARD,HARWOOD AVENUE,True,True,1,477435753,-76.10015976269793,43.04870863647607
CHEMUNG STREET,290.00383508433606,WILLIS AVENUE,COYKENDALL AVENUE,True,True,1,477432617,-76.19628384722446,43.057316644797176
BALLANTYNE ROAD,290.2069482778401,PIERCE STREET,MIDLAND AVENUE,True,True,1,477444544,-76.14823134399813,43.01051211176163
SALISBURY PARK DRIVE,290.4449286235845,HARWOOD AVENUE,FAYETTE BOULEVARD,True,True,1,477435709,-76.09760380552045,43.04883610710113
BURDICK AVENUE,290.4772490001019,ARNTS PLACE,TURTLE STREET,True,True,1,477428269,-76.15454678940964,43.07693414402812
VAN RENSSELAER STREET,290.54388842614685,EVANS STREET,SPENCER STREET,True,True,1,477432941,-76.1659322795995,43.056473119904894
SOUTH LOWELL AVENUE,290.6304417093615,TENNYSON AVENUE,TOMPKINS STREET,True,True,1,477436104,-76.181397795707,43.047685615203086
SLOCUM DRIVE,290.75989927350963,DEAD END / SAME-NAME BRANCH,DEAD END / SAME-NAME BRANCH,False,True,1,477443352,-76.11616908318437,43.01938943095615
WEST KIRKPATRICK STREET,290.76015208230257,HUNTER AVENUE,SPENCER STREET,True,True,1,506021510,-76.16967935198052,43.05747260026519
YALE AVENUE,290.76555558200437,HOMER AVENUE,SOUTH AVERY AVENUE,True,False,2,477439094;800049430,-76.18868792023198,43.037691585298056
VALLEY DRIVE,290.80658184874534,ENGLEWOOD AVENUE,BRADFORD STREET,True,True,2,477445353;800034592,-76.15446327168937,43.00553311713465
GRANT BOULEVARD,290.93099499652874,TURTLE STREET,ARNTS PLACE,True,True,1,477428616,-76.15579103800249,43.07525138892209
DARLINGTON ROAD,291.03612061648715,HILLSIDE STREET,ORWOOD PLACE,True,True,1,477427688,-76.13810378357873,43.07996561317766
HERKIMER STREET,291.0438359330596,MILTON AVENUE,PHARIS STREET,True,True,1,477433673,-76.1902322861597,43.0540526322046
SOUTH MCBRIDE STREET,291.06544880929664,ROSE AVENUE,VAN BUREN STREET,True,True,1,506986285,-76.1436927528863,43.03710413124494
SOUTH WILBUR AVENUE,291.10757436647015,WHITTIER AVENUE,BRYANT AVENUE,True,True,1,477436307,-76.17850883912409,43.04702810723201
SALISBURY PARK DRIVE,291.2809973466093,FAYETTE BOULEVARD,DELRAY AVENUE,True,True,1,477435499,-76.09767528855758,43.04963262519496
MAINS AVENUE,291.3436454691512,ENGLEWOOD AVENUE,BRADFORD STREET,True,True,3,477445434;477445374;800041305,-76.15647254539265,43.004964114946816
JAMES STREET,291.4978928044091,LAMSON STREET,MILFORD DRIVE WEST,True,True,1,477429755,-76.09943780833021,43.06917863355199
CRADDOCK STREET,291.5385815593782,ANNETTA STREET,CHARMOUTH DRIVE,True,True,1,477442981,-76.16266127948988,43.02169660922993
RILL AVENUE,291.63231877076834,PIERCE STREET,MIDLAND AVENUE,True,True,1,477444355,-76.14834737992197,43.01191753579193
SAINT MARYS TERRACE,291.74575468455384,ENGLERT AVENUE,DEAD END / SAME-NAME BRANCH,False,True,1,477427682,-76.14733880960115,43.0799886461534
SOUTH GLENCOVE ROAD,291.79215398750995,ABERDEEN TERRACE,ERICKSON STREET,True,True,1,477430830,-76.0957658570634,43.064188785581514
EAST COLVIN STREET,291.9149206535781,CUMBERLAND AVENUE,WESTMORELAND AVENUE,True,True,1,477442818,-76.11260580428014,43.02236963073816
CULVER DRIVE,291.9564844931749,ROXBURY ROAD,WINTHROP ROAD,True,True,1,477430482,-76.09722035385154,43.0661049098204
NORTH STATE STREET,292.0006597149771,EAST LAUREL STREET,NORTH SALINA STREET,True,True,1,477432854,-76.15175132706588,43.056671342359714
SALISBURY PARK DRIVE,292.0141797748449,DELRAY AVENUE,MOUNTAINVIEW AVENUE,True,True,1,477435244,-76.09773975794661,43.05043164189091
MIDLAND AVENUE,292.0640328306098,WEST CORNING AVENUE,WEST NEWELL STREET,True,True,1,477443569,-76.14843028198953,43.01776364051249
SPRINGBROOK AVENUE,292.1523391497821,CORDOVA STREET,EAST FLORENCE AVENUE,True,True,1,477445165,-76.13879814221958,43.00677737492447
TYSON PLACE,292.5278119098334,NORTH EDWARDS AVENUE,NORTH MIDLER AVENUE,True,True,1,477429447,-76.10601827774609,43.07078908705319
ELIZABETH STREET,292.54956576278516,DEAD END / SAME-NAME BRANCH,GARFIELD AVENUE,False,True,1,477441967,-76.14127823798735,43.02680914370761
POND STREET,292.7118638268996,LILAC STREET,LODI STREET;NORTH TOWNSEND STREET,True,True,1,477431010,-76.15314735366171,43.063721114612754
TOMPKINS STREET,292.8176271767705,MYRTLE STREET,AVOCA STREET,True,True,1,477436909,-76.19103021315563,43.04449248013433
BALL AVENUE,292.83133727183,DELRAY AVENUE,MOUNTAINVIEW AVENUE,True,True,1,477435291,-76.10029428811998,43.05029963425041
JAMES STREET,293.05193950215624,LYNWOOD AVENUE,HOMECROFT ROAD,True,True,1,477429779,-76.1020227501153,43.069056802791486
MARY STREET,293.10400910853565,STRAND PLACE,CARBON STREET,True,True,1,477430553,-76.14846794647477,43.06566476663809
ELSNER STREET,293.239206619136,HELEN STREET,OAK STREET,True,True,1,477429885,-76.13587849197978,43.06849937875376
CULVER DRIVE,293.41259476042666,WINTHROP ROAD,NORTH GLENCOVE ROAD,True,True,1,477430626,-76.09698502677632,43.06532242379214
BURNET AVENUE,293.418165787718,VINE STREET,SHERWOOD AVENUE,True,True,1,477433872,-76.12505574715864,43.05341611303337
BELLEVUE AVENUE,293.5673288127964,RIDER AVENUE,MARKLAND AVENUE,True,True,1,477440525,-76.18020778922424,43.032669626027165
ERIE BOULEVARD EAST,293.62760493700097,LOMBARD AVENUE,DEVINE STREET,True,True,1,477435347,-76.11944746610487,43.049748497554404
ELLIOTT STREET,293.76890767080147,DUDLEY STREET,PUTNAM STREET,True,True,1,477439847,-76.16945652074865,43.03507137107898
MIDLAND AVENUE,293.8401928471448,BELLE AVENUE,BALLANTYNE ROAD,True,True,1,477444535,-76.14772181239258,43.01093410677952
HUDSON STREET,293.9849836119881,CRESCENT AVENUE,RICH STREET,True,True,1,477441546,-76.15933958314663,43.02894529857472
CANNON STREET,294.0632509680641,WEST NEWELL STREET,WEST CORNING AVENUE,True,True,1,477443530,-76.14582783290408,43.01803209538907
SIDNEY STREET,294.082616958311,OAK STREET,HELEN STREET,True,True,1,477430508,-76.13568826074494,43.065627094568896
GRIFFITHS STREET,294.14325975926687,KAPPESSER STREET,CLEVELAND AVENUE,True,True,1,477429805,-76.14547425996551,43.06905459252296
HOLMES STREET,294.21214424999056,ROE AVENUE,ARNOLD AVENUE,True,True,1,477443603,-76.12502891248174,43.01720185510607
PEAT STREET,294.2438111509279,ERIE BOULEVARD EAST,KIDD AVENUE,True,True,1,600008897,-76.11518822691481,43.05174491376605
TALLMAN STREET,294.2459947342723,SOUTH SALINA STREET,CORTLAND AVENUE,True,True,1,477439483,-76.15012061991132,43.03638394414086
SEELEY ROAD,294.3140975795262,CEDAR RIDGE APARTMENTS,HAZELWOOD AVENUE,True,True,1,477434707,-76.103941767513,43.0517106007129
FIRST NORTH STREET,294.45390037074435,POND STREET,HERBERT STREET,True,True,1,477429789,-76.14847332998669,43.0691721200565
PLUM STREET,294.526648574458,SOLAR STREET,NORTH FRANKLIN STREET,True,True,1,477432774,-76.15704921616397,43.0567831256711
SHERMAN STREET,294.63299262941496,CUMBERLAND AVENUE,NOTTINGHAM ROAD,True,False,1,477442171,-76.11182181131053,43.02585509089673
MEADOWBROOK DRIVE,294.8969513694723,EAST GENESEE STREET;HILLSBORO PARKWAY,KIMBER ROAD,True,True,2,477437398;477437487,-76.09377048208442,43.042668670987844
ERIE BOULEVARD EAST,294.958843272936,DEVINE STREET,LOMBARD AVENUE,True,True,1,477435281,-76.11962927881648,43.05008867077875
SPRING STREET,294.97315318988024,POND STREET,HERBERT STREET,True,True,1,477430096,-76.14962328495197,43.06759962501136
SUNNYCREST ROAD,295.21128040585444,PLYMOUTH DRIVE,ARCH STREET;CRESLINE DRIVE,True,True,1,477431315,-76.09897224794354,43.06217011016526
STEVENS AVENUE,295.22060769531254,EAST GLEN AVENUE,CORDOVA STREET,True,True,1,477445303,-76.14054276594403,43.00590664631896
ULSTER STREET,295.2966502159091,AVOCA STREET,MYRTLE STREET,True,True,1,477436587,-76.19189531975616,43.045695634661776
COUGHLIN AVENUE,295.4078636341199,NORTH EDWARDS AVENUE,NORTH MIDLER AVENUE,True,True,1,477428898,-76.10617580497009,43.07364710347542
RUGBY ROAD,295.459641455732,HELEN STREET,DEWITT STREET,True,True,1,477430205,-76.1346638385121,43.06695462437651
WEST ADAMS STREET,295.66504055461144,SOUTH CLINTON STREET,ONEIDA STREET,True,True,2,477437548;477437577,-76.1533315166799,43.04242627751017
SCOVILLE AVENUE,295.7123285661564,HELEN STREET,OAK STREET,True,True,1,477429705,-76.13593559830494,43.0693769382827
SPAID AVENUE,295.7643449204697,NOTTINGHAM ROAD,CUMBERLAND AVENUE,True,True,1,477441390,-76.11213178766565,43.02931213296703
MERTENS AVENUE,295.80910446466874,HELEN STREET,DEWITT STREET,True,True,1,477429345,-76.13494428998352,43.071207630005226
CLYDE AVENUE,295.99046973597535,WEST BRIGHTON AVENUE,HILLVIEW AVENUE,True,True,1,477443230,-76.16167918394949,43.0201211261752
RUGBY ROAD,296.10392968094385,HELEN STREET,OAK STREET,True,True,1,477430222,-76.13576879339607,43.06690566136979
FARMER STREET,296.1697328329428,HELEN STREET,DEWITT STREET,True,True,1,477430764,-76.13449531331216,43.06440314544379
GILBERT AVENUE,296.30815383311915,POND STREET,HERBERT STREET,True,True,1,477429940,-76.14901777597206,43.068421096960414
EAST RAYNOR AVENUE,296.31874007556655,SOUTH STATE STREET;THURGOOD TERRACE,MONTGOMERY STREET,True,True,1,477439743,-76.14771731504821,43.03548563721247
MEADOWBROOK DRIVE,296.3717718450889,SCOTTHOLM TERRACE,EUCLID AVENUE,True,True,1,477439272,-76.10959750048629,43.03734025696098
FARMER STREET,296.42454239252885,HELEN STREET,OAK STREET,True,True,1,477430778,-76.13560230898027,43.06435411905051
RANN AVENUE,296.6001844104033,SCHOOL STREET,SAINT MARKS AVENUE,True,True,1,477433906,-76.18641951397198,43.05346617446953
SCOVILLE AVENUE,296.8256493356023,HELEN STREET,DEWITT STREET,True,True,1,477429693,-76.13482912973512,43.06943011590394
BURNET AVENUE,297.06627780539316,NORTH BEECH STREET,MATHER STREET,True,True,1,477434127,-76.12806431511675,43.05259158690882
COMSTOCK AVENUE,297.25734235252924,BUTLER STREET,THURBER STREET,True,True,1,477443432,-76.12819478358757,43.01878261507365
ULSTER STREET,297.3082705076275,CODY AVENUE,AVERY AVENUE,True,True,1,477436412,-76.1899123062913,43.04645161138817
MADISON STREET,297.34237076064227,BASSETT STREET,CHERRY STREET,True,True,1,477436614,-76.12300277506199,43.04545411630199
WADSWORTH STREET,297.37797562645665,CHATHAM PLACE,CADILLAC STREET,True,True,1,477427297,-76.14561631517245,43.08210664416861
WOLCOTT AVENUE,297.38289967674575,STOLP AVENUE,HENSBERRY ROAD,True,True,1,477441464,-76.18280081270642,43.02940311259023
GRAND AVENUE,297.4412315068041,HOMER AVENUE,SOUTH AVERY AVENUE;VELASKO ROAD,True,False,1,477439452,-76.18867553540868,43.03644238554208
DAKIN STREET,297.4620820633065,BRUCE STREET,FENWAY DRIVE,True,True,1,477435047,-76.1113258981025,43.05060328375377
MEADOWBROOK DRIVE,297.49872529725803,WESTMORELAND AVENUE,CUMBERLAND PLACE,True,True,1,477440766,-76.1130648982708,43.03194567760047
TOMPKINS STREET,297.59063795819,AVERY AVENUE;SOUTH AVERY AVENUE,AVOCA STREET,True,True,1,477436793,-76.19004832782618,43.04486313096089
CANNON STREET,297.59943264775336,WEST PLEASANT AVENUE,WEST NEWELL STREET,True,True,1,477443651,-76.1452232835997,43.01726808980187
PARK STREET,297.63209913309953,HELEN STREET,OAK STREET,True,True,1,477431053,-76.13552031528059,43.06327209713495
SIDNEY STREET,297.6457727888872,HELEN STREET,DEWITT STREET,True,True,1,477430491,-76.1345834963997,43.06568330113385
WEST BORDEN AVENUE,297.73154400839235,MIDLAND AVENUE,ARGYLE TERRACE,True,True,1,477442088,-76.15225651589051,43.0263957484681
CANNON STREET,297.8016206446196,FAGE AVENUE,FERNWOOD AVENUE,True,True,1,477442665,-76.14697277847773,43.02350866946519
ELSNER STREET,297.8760941302947,DEWITT STREET,HELEN STREET,True,True,1,477429874,-76.13477392082056,43.068545358180536
OSTROM AVENUE,297.9221680357732,COMSTOCK PLACE,MADISON STREET,True,True,1,477436667,-76.12904874456706,43.04570862369261
MIDLAND AVENUE,298.0025803883014,PRIMROSE AVENUE,WEST OSTRANDER AVENUE,True,True,1,477444033,-76.1480187935916,43.014377634929744
MERTENS AVENUE,298.1398112903631,HELEN STREET,OAK STREET,True,True,1,477429362,-76.1360527647659,43.07114561778562
SOUTH GEDDES STREET,298.17310623619267,ROWLAND STREET,ELLIOTT STREET,True,True,1,477439819,-76.17414229557245,43.03556762088231
MERTENS AVENUE,298.3367913158051,DURSTON AVENUE,WHEATON ROAD,True,True,1,477429266,-76.12691580645527,43.07159913383139
HIGHLAND STREET,298.34665601936894,GRAVES STREET,JASPER PLACE;JASPER STREET,True,True,1,477431491,-76.14139522272215,43.06170948685757
WILLIS AVENUE,298.3488039662882,MILTON AVENUE,GERE AVENUE,True,True,1,477432302,-76.19650175890314,43.05849458919319
SOUTH SALINA STREET,298.3611040638259,EAST CORNING AVENUE;WEST CORNING AVENUE,EAST NEWELL STREET;WEST NEWELL STREET,True,True,1,477443464,-76.14191203183177,43.018443926164785
DRISCOLL AVENUE,298.67193325172104,HAYDEN AVENUE,MYRTLE STREET,True,True,1,477434019,-76.19696079434895,43.05301212725691
CARBON STREET,298.7628145885977,HERBERT STREET,POND STREET,True,True,1,477430276,-76.15018830097759,43.06681714266262
BENDER STREET,298.7758209340166,KENWICK DRIVE,DARLINGTON ROAD,True,True,1,477428319,-76.13589330614995,43.076490635910325
LOMBARD AVENUE,298.8132572886169,DEAD END / SAME-NAME BRANCH,DEVINE STREET,False,True,1,506021456,-76.11931687044488,43.04955045588779
CADILLAC STREET,298.84280356228066,KENWOOD AVENUE,MARTIN STREET,True,True,1,477427782,-76.15002735099522,43.07944162620395
BROAD STREET,299.0613848997343,CUMBERLAND AVENUE,NOTTINGHAM ROAD,True,True,1,477441042,-76.11224173456684,43.03071061026801
TOMPKINS STREET,299.06860682772236,WILLIS AVENUE,CODY AVENUE,True,True,1,477436622,-76.18805929971916,43.0456126097129
SOUTH BEECH STREET,299.20422655425006,EAST FAYETTE STREET,EAST WASHINGTON STREET,True,True,1,477435733,-76.1276627670022,43.04878715152898
TECUMSEH STREET,299.2229176061481,CUMBERLAND AVENUE,NOTTINGHAM ROAD;TECUMSEH ROAD,True,True,1,477441890,-76.11193575547219,43.02717662810114
MAPLE STREET,299.28892323230997,EAST WASHINGTON STREET;LOMBARD AVENUE,EAST FAYETTE STREET,True,True,1,477435739,-76.12557160631944,43.04876163911748
TOMPKINS STREET,299.2911130780752,CODY AVENUE,AVERY AVENUE;SOUTH AVERY AVENUE,True,True,2,477436695;477436708,-76.18905365050131,43.045235420325284
EAST BRIGHTON AVENUE,299.9027507833855,NEWBURY HOLLOW LANE,BALL CIRCLE,True,True,1,513531414,-76.13491926209224,43.01296363222402
PARKWAY DRIVE,300.354586718749,BELLAIRE PLACE,SHELBOURNE PLACE,True,True,1,477442453,-76.16348928735391,43.024284133261986
ERIE BOULEVARD EAST,300.4209587158311,IVES AVENUE,PEAT STREET;WESTMORELAND AVENUE,True,True,2,477434996;477434943,-76.11554866779767,43.05088727106853
CADILLAC STREET,300.42837247353685,SEVENTH NORTH STREET,KENWOOD AVENUE,True,True,1,477427920,-76.15092543656357,43.078738519871486
WILKIE PLACE,300.70730656651597,SWEETING STREET,DEAD END / SAME-NAME BRANCH,False,True,1,477429606,-76.140079281922,43.07020161737771
CALEB AVENUE,300.79998530533993,HICKOK AVENUE,DEAD END / SAME-NAME BRANCH,False,True,1,477432134,-76.11378641831729,43.058723718161055
ELLIOTT STREET,300.80241842299307,ROWLAND STREET,BRADLEY STREET,True,True,1,477439870,-76.17177422690789,43.034987753938694
HARFORD ROAD,300.8383853823526,CHATHAM PLACE,CADILLAC STREET,True,True,1,477427175,-76.14465090041975,43.08287485844367
ULSTER STREET,300.976477204671,AVERY AVENUE,AVOCA STREET,True,True,1,477436493,-76.19090631553118,43.04607414171875
EUCLID AVENUE,301.25242007795595,FELLOWS AVENUE,ALLEN STREET,True,True,1,477439286,-76.11569997169303,43.03696964684722
SHIRLEY DRIVE,301.3219702990172,BALLANTYNE ROAD,GROVE STREET,True,True,1,477444662,-76.1553233287664,43.01002159927033
BROAD STREET,301.4711480439378,LANCASTER AVENUE,BUCKINGHAM AVENUE,True,True,1,477441168,-76.12172482013248,43.030259606903215
GRANT BOULEVARD,301.53478808146804,DURSTON AVENUE,WHEATON ROAD,True,True,1,477429052,-76.12700332747998,43.072869622862044
WADSWORTH STREET,301.5430200307652,COURT STREET,ARDMORE PLACE,True,True,1,477427577,-76.14336630078319,43.080539119743634
SEDGWICK DRIVE,301.6268573922068,SCOVILLE AVENUE,SEDGWICK ROAD,True,True,1,477429837,-76.13297022587206,43.06907008249635
GRANT BOULEVARD,301.75521408390694,WORDEN AVENUE,GREENLAND DRIVE,True,True,1,477429185,-76.14065076862674,43.07220062817021
CANNON STREET,302.0074737283975,WARNER AVENUE,FERNWOOD AVENUE,True,True,1,477442829,-76.14672287112217,43.022708529725676
TURTLE STREET,302.4061485314144,LODI STREET,SUNSET AVENUE,True,True,1,477430396,-76.16171278244131,43.066479650810436
ULSTER STREET,302.5021374592559,CODY AVENUE,WILLIS AVENUE,True,True,1,477436325,-76.18891578766745,43.04683008914558
GLENWOOD AVENUE,302.6196231223596,AUSTIN AVENUE,SUNHILL TERRACE,True,True,1,477441952,-76.1886454029674,43.02701169606655
FIRST NORTH STREET,302.9895450166125,CULBERT STREET,KIRKPATRICK STREET,True,True,1,477429531,-76.15175680209364,43.070496148922565
ONONDAGA AVENUE,303.1339775382469,WEST BISSELL STREET,PARKWAY DRIVE,True,True,1,477442380,-76.1599408067618,43.02496459357471
BUTTERNUT STREET,303.24346900541616,BERKSHIRE AVENUE,BRIGGS STREET,True,True,1,477428483,-76.14268631632521,43.076075637510954
SPENCER STREET,303.4566033097602,GENANT DRIVE,NORTH CLINTON STREET,True,True,1,477431657,-76.1571552996934,43.06083009003502
HIGHLAND STREET,303.48768630619884,GRANT BOULEVARD,SCHILLER AVENUE,True,True,1,477429316,-76.14187327452755,43.071733599961156
EAST SENECA TURNPIKE,303.55288286744354,LAFAYETTE ROAD,EAST BRIGHTON AVENUE,True,True,1,477445835,-76.1293622747354,43.001669358134
LILLIAN AVENUE,303.7087023361023,NORWOOD AVENUE,JAMES STREET,True,True,1,477429845,-76.1105523062028,43.06906562947133
TURTLE STREET,303.7324227849187,BURDICK AVENUE,WILLUMAE DRIVE,True,True,1,477428254,-76.1537303411123,43.07719262393856
MIDLAND AVENUE,303.7810261760521,WEST CALTHROP AVENUE,PRIMROSE AVENUE,True,True,1,477443921,-76.14809329312189,43.01520160496845
SOUTH SALINA STREET,303.8276415091256,CRIPPEN AVENUE,MINERVA STREET,True,True,1,477445661,-76.14292276904723,43.00343112237991
HASTINGS PLACE,303.88307422941097,MELROSE AVENUE,DEAD END / SAME-NAME BRANCH,False,True,1,477430974,-76.11764555908947,43.064039440801295
WADSWORTH STREET,304.0357129016461,GRANT BOULEVARD,SCHILLER AVENUE,True,True,1,477429285,-76.13903937095054,43.07187105154133
MEADOWBROOK DRIVE,304.087000841676,EUCLID AVENUE,CHENNAULT DRIVE,True,True,1,477439639,-76.11053177620632,43.03611661677159
MILFORD COURT,304.0993458757618,MILFORD DRIVE EAST,DEAD END / SAME-NAME BRANCH,False,True,1,477429971,-76.09661849806446,43.06821908649073
LANCASTER PLACE,304.268914025029,LANCASTER AVENUE,HAFFENDEN ROAD,True,True,1,477441805,-76.12263024959998,43.02751863391556
CLARKE STREET,304.3039666162869,FELLOWS AVENUE,ALLEN STREET,True,True,1,477438641,-76.1158478038778,43.03906160361738
GEORGE STREET,304.5088886962805,MILDRED AVENUE,PAUL AVENUE,True,True,1,477429777,-76.12045178438225,43.06939010029674
DUPLI PARK DRIVE,304.6783245327206,NORTH FRANKLIN STREET,SOLAR STREET,True,True,1,600009003,-76.15727141230307,43.057126866490364
MARTIN LUTHER KING WEST,304.9603977007478,BALLARD AVENUE,DEARBORN PLACE,True,True,1,477440989,-76.15693880971465,43.03098179303732
ARDEN DRIVE,304.9879968432785,SOUTH GEDDES STREET,CARLTON ROAD,True,True,1,477442948,-76.17491780874053,43.021482595065564
BOYDEN STREET,305.0470943260902,WINTON STREET,VINE STREET,True,True,1,477431700,-76.12535374823582,43.060598672787506
THAYER STREET,305.08879219180903,JAMESVILLE AVENUE,GOODRICH AVENUE,True,True,1,477443832,-76.12720466983677,43.01550532699301
SOUTH SALINA STREET,305.2434909888859,ANDERSON AVENUE,DAWES AVENUE,True,True,1,477444880,-76.14268178352371,43.00842412017846
RIEGEL STREET,305.2649127094845,PEAT STREET,DEAD END / SAME-NAME BRANCH,False,True,1,477433254,-76.11508502479077,43.05523247853039
WEST LAFAYETTE AVENUE,305.2801339161118,KIRK PARK DRIVE,RICHARDSON AVENUE,True,True,1,477443418,-76.15346230778252,43.018514110879316
HERTFORD STREET,305.3356335726482,HAFFENDEN ROAD,LANCASTER AVENUE,True,True,1,477441566,-76.12271630596422,43.02851612043245
WILLUMAE DRIVE,305.3868189883096,CADILLAC STREET,FORDLAND AVENUE,True,True,1,477428292,-76.15175382504266,43.076843112539464
WILLUMAE DRIVE,305.48570170249513,CADILLAC STREET,FORDLAND AVENUE,True,True,1,477428274,-76.15169677662267,43.07692563066937
FARMER STREET,305.498343611548,MERZ AVENUE,WHITWELL DRIVE,True,True,1,477430798,-76.13794866674013,43.06426464268779
NIAGARA STREET,305.6432172471408,FABIUS STREET,GIFFORD STREET,True,True,1,477437250,-76.16052607627529,43.0437594393154
SOUTH SALINA STREET,305.7199743840224,SOUTH WARREN STREET,TEMPLE STREET,True,True,1,477438074,-76.15086778896118,43.04113113793022
GREENWOOD PLACE,305.79090704306174,TRINITY PLACE,AVONDALE PLACE,True,True,1,477438601,-76.12147928316587,43.039552114727975
MARTIN LUTHER KING EAST,305.8709895784956,RENWICK AVENUE,LEON STREET,True,True,3,477440005;477440034;477440059,-76.143390675627,43.034380871933685
HILLSIDE STREET,305.8811521532346,WADSWORTH STREET,MALVERNE DRIVE,True,True,1,477427983,-76.1410047338317,43.07831438150263
ACADEMY PLACE,305.8912527324186,CRAFTON AVENUE,NORMAN AVENUE,True,True,1,477446745,-76.1512251960276,42.992389678589255
CHENEY STREET,306.11030299872755,COOLIDGE AVENUE,PALMER AVENUE,True,True,1,477441214,-76.1628448123677,43.02998913164257
CALVIN ROAD,306.1545850919506,HANCOCK DRIVE,GLENWOOD AVENUE,True,True,1,477442871,-76.17758673361139,43.02216298603222
NORTH SALINA STREET,306.1662599341688,KIRKPATRICK STREET;LODI STREET,UNION PLACE,True,True,1,477430825,-76.15637300112746,43.064523736427475
UNIVERSITY AVENUE,306.1928659879723,ASHWORTH PLACE,EAST GENESEE STREET,True,True,1,477436269,-76.13431829288909,43.04731061911108
CRAIG STREET,306.2337904923431,BECKER STREET,WARHAM STREET,True,True,1,477429347,-76.14538529440556,43.07154208415814
EAST GENESEE STREET,306.31843153894636,CUMBERLAND AVENUE;ELLIS STREET,WESTMORELAND AVENUE,True,True,1,477436705,-76.11396224854019,43.04516260859546
HOPE AVENUE,306.77637757027134,FOREST AVENUE,WEST BRIGHTON AVENUE,True,True,1,477443203,-76.1511262508988,43.020249110336074
JAMES STREET,306.78313601213705,MOSLEY DRIVE,PLYMOUTH DRIVE,True,True,1,477429768,-76.10065629040574,43.06912113010501
DEMONG DRIVE,306.8860036942554,SALT SPRINGS ROAD,PHILLIPS ROAD,True,True,1,477436272,-76.09360007535471,43.04730754487406
MORTON STREET,306.92505174128803,MYRTLE STREET,HAYDEN AVENUE,True,True,1,477433648,-76.19775629979134,43.05412914185686
BOYDEN STREET,307.0199366123359,TEALL AVENUE,BOYDEN PLACE,True,True,1,477431593,-76.1229737936648,43.0609476253094
IRVING AVENUE,307.16897137085124,EAST GENESEE STREET,CEDAR STREET,True,True,1,477436443,-76.13775180743797,43.04655609594676
WEST COLVIN STREET,307.19908113109653,COLUMBIA AVENUE,STRATHMORE DRIVE,True,True,1,477442752,-76.16868753361896,43.02266091318493
TAFT AVENUE,307.2104637442951,COWIE AVENUE,BEACON ROAD;EAST DALE STREET,True,True,1,477429040,-76.11476282001011,43.07333261366805
WEST WILLOW STREET,307.3007038911011,NORTH FRANKLIN STREET,WEST GENESEE STREET,True,True,1,477434149,-76.1554782160833,43.05240890119878
HARVARD PLACE,307.36493534609997,ALLEN STREET,FELLOWS AVENUE,True,True,1,477437795,-76.11603415418351,43.041666776740854
LIME STREET,307.5747753610128,MOUNTAINVIEW AVENUE,HAZELWOOD AVENUE,True,True,1,477434824,-76.09396478784626,43.05147908804272
EAST COLVIN STREET,307.6079373155539,BEARD PLACE,SOUTH STATE STREET,True,True,1,477442181,-76.1439070575653,43.025848189620106
BROOKLEA DRIVE,307.7968734725507,BROOKLEA PLACE,ACADEMY PLACE,True,True,1,477446572,-76.15078407054456,42.99376997641189
SCHUYLER STREET,307.80544178559774,NORTH WILBUR AVENUE,NORTH LOWELL AVENUE,True,True,1,477435142,-76.18320480627021,43.05054359888969
NORTH STATE STREET,308.093977637144,DEAD END / SAME-NAME BRANCH,JAMES STREET,False,True,4,477434559;477434413;477434362;477434326,-76.14816316791361,43.05204281004251
SEDGWICK DRIVE,308.1588503914153,SEDGWICK ROAD,SCOVILLE AVENUE,True,True,1,477429843,-76.1331173797269,43.0690716794532
LEMOYNE AVENUE,308.4184164093871,WADSWORTH STREET,DIPPOLD AVENUE,True,True,1,477427011,-76.14778827626932,43.08425463803972
BELLEVUE AVENUE,308.45189100599237,PALMER AVENUE,RICH STREET,True,True,1,477440338,-76.16181928934886,43.033353607714325
LIME STREET,308.5254318181591,NORTHWAY STREET,HAZELWOOD AVENUE,True,True,1,477434390,-76.0940308099289,43.052323116152486
HERBERT STREET,308.5779871093671,GILBERT AVENUE,FIRST NORTH STREET,True,True,1,477429939,-76.14826279903396,43.06859909258044
CALEB AVENUE,308.6505991977264,ARCH STREET,PLYMOUTH DRIVE,True,True,1,477431513,-76.09889828694388,43.06130211961443
COUGHLIN AVENUE,308.7100396860529,ASHDALE AVENUE,NORWOOD AVENUE,True,True,1,477428933,-76.10930730370266,43.073505127090826
STERLING AVENUE,308.7306153924001,COOLIDGE AVENUE,PALMER AVENUE,True,True,1,477440796,-76.16290979199721,43.03169809875777
EUCLID AVENUE,308.81292886014734,BRADFORD LANE,SCOTT AVENUE,True,True,1,477439911,-76.10616601496713,43.034864863408416
CRAFTON AVENUE,308.8383876509056,ACADEMY PLACE,VALLEY DRIVE,True,True,1,477446749,-76.15176776810038,42.99193474673503
SOUTH BEECH STREET,308.8988103125658,EAST GENESEE STREET,COMSTOCK PLACE,True,True,1,477436428,-76.12750527953973,43.04660734813193
LACY PLACE,308.9456827818997,WASHINGTON SQUARE,CARBON STREET,True,True,1,477429483,-76.16146739788334,43.07085874091332
SOUTH BEECH STREET,308.9586115688812,JUDSON STREET,DELL STREET,True,True,1,477437970,-76.12078779470578,43.041471845781466
EUCLID AVENUE,308.96525385479714,MEADOWBROOK DRIVE,HOUSTON AVENUE,True,True,1,477439283,-76.11044020267828,43.03696687465291
SOUTH SALINA STREET,309.06521432119604,HILTON ROAD,SEARLWYN ROAD,True,True,1,477446918,-76.1440913090582,42.99100861923892
EAST RAYNOR AVENUE,309.10446127239544,FINEVIEW PLACE,HENRY STREET,True,True,1,477439645,-76.1411547944145,43.035754103507614
SUNNYCREST ROAD,309.10969651549976,ARCH STREET;CRESLINE DRIVE,MOSLEY DRIVE,True,True,1,477431335,-76.10010029211026,43.0621106446235
CHENEY STREET,309.11192437316606,PALMER AVENUE,RICH STREET,True,True,1,477441201,-76.16169629787872,43.03004163401976
BELLEVUE AVENUE,309.3546791113097,PALMER AVENUE,COOLIDGE AVENUE,True,True,1,477440349,-76.1629727949097,43.033302133860204
CHEMUNG STREET,309.6253121082329,COYKENDALL AVENUE,AVERY AVENUE,True,True,1,477432737,-76.19728081476931,43.05693913411388
SOUTH GEDDES STREET,309.8083772529674,OTISCO STREET,GIFFORD STREET,True,True,1,477437360,-76.17115036049749,43.043249701606186
WADSWORTH STREET,309.8570764715405,ARDMORE PLACE,WELDON AVENUE,True,True,1,477427483,-76.14419128334143,43.081120645284074
BURNET AVENUE,309.9924760770688,NICHOLS AVENUE,SOUTH MIDLER AVENUE,True,True,1,477432191,-76.10362952661633,43.05864228425059
LIME STREET,310.11368535804826,NORTHWAY STREET,POLK STREET,True,True,1,477434044,-76.09410781573163,43.05317014559517
NORTH STATE STREET,310.25640957172163,LODI STREET,DANFORTH STREET,True,True,1,477430579,-76.158816159839,43.065522369908045
ELMHURST AVENUE,310.2931079081827,BISHOP AVENUE,RANDALL AVENUE,True,True,1,477443058,-76.15751930506158,43.02089160145564
STEDMAN STREET,310.30427861305736,DEAD END / SAME-NAME BRANCH,SIXTH NORTH STREET,False,True,1,477427870,-76.15600130434676,43.07956354522603
STERLING AVENUE,310.3189469934509,RICH STREET,PALMER AVENUE,True,True,1,477440791,-76.16175331476022,43.03174010185661
PARK AVENUE,310.3942620376758,MATTY AVENUE,LEAVENWORTH AVENUE,True,True,1,477434338,-76.16370181781156,43.05204313842063
BROAD STREET,310.40505402820315,CROYDEN ROAD,SOMERSET ROAD,True,True,1,477440980,-76.10893966448108,43.030996447602476
SOUTH SALINA STREET,310.4476243279348,BALLANTYNE ROAD;WALRATH ROAD,BELLE AVENUE,True,True,1,477444468,-76.14208625248116,43.01116246285907
EAST GENESEE STREET,310.48510480995134,FELLOWS AVENUE,ALLEN STREET,True,True,1,477436624,-76.11631817111845,43.04547739168689
AUDUBON PARKWAY,310.5219768849953,MOUNTAINVIEW AVENUE,HAZELWOOD AVENUE,True,True,1,477434853,-76.09528630798194,43.05140408758965
MERTENS AVENUE,310.5473095903568,WADSWORTH STREET,WOODRUFF AVENUE,True,True,1,477429390,-76.13839429407143,43.07102711996607
LANCASTER AVENUE,310.6166220393884,REDFIELD PLACE,CLARENDON STREET,True,True,1,477439128,-76.12329272507985,43.03793197685583
SUNNYCREST ROAD,310.6583165833917,SOUTH MIDLER AVENUE,NICHOLS AVENUE,True,True,1,477431377,-76.10391277894298,43.06192260097312
SWEETING STREET,310.6834459523484,WILKIE PLACE,WADSWORTH STREET,True,True,1,477429477,-76.13953127692811,43.07064462222072
AUDUBON PARKWAY,310.6865043255397,MOUNTAINVIEW AVENUE,HAZELWOOD AVENUE,True,True,1,477434849,-76.09515474383176,43.05141115511268
SMITH STREET,310.6880274301059,HAZELWOOD AVENUE,NORTHWAY STREET,True,True,1,477434313,-76.09064581555306,43.052500137024836
WILKINSON STREET,310.6929235848393,LEAVENWORTH AVENUE,BARKER AVENUE,True,True,1,477434938,-76.16257729459285,43.05083611852996
SOUTH SALINA STREET,310.7396795011729,ANDERSON AVENUE,WEST FLORENCE AVENUE,True,True,2,477445041;800034262,-76.14289471967109,43.00759343083535
EAST GENESEE STREET,310.7841650517547,DEAD END / SAME-NAME BRANCH,SOUTH MCBRIDE STREET,False,True,1,477436026,-76.14334999346516,43.04746512550614
BISHOP AVENUE,310.79070546307423,WEST BRIGHTON AVENUE,WEST LAFAYETTE AVENUE,True,True,1,477443450,-76.15791979196267,43.01865009457438
LEMOYNE AVENUE,310.87123270493265,BURDICK AVENUE,WILLUMAE DRIVE,True,True,1,477427991,-76.15687606965996,43.07834336259071
HUNT AVENUE,310.89930550866853,WEST BRIGHTON AVENUE,WEST LAFAYETTE AVENUE,True,True,1,477443435,-76.15551429405743,43.018783143664365
COLDBROOK DRIVE,310.9186510120715,SEARLWYN ROAD,BRAMPTON ROAD,True,True,1,477446808,-76.14009105752262,42.992011225846866
SCOVILLE AVENUE,311.0292437388497,WOODRUFF AVENUE,WADSWORTH STREET,True,True,1,477429735,-76.13826924580506,43.06928324470312
SOUTH BEECH STREET,311.06910380008145,DELL STREET,BASSETT STREET,True,True,1,477437729,-76.12153729495844,43.04212015099829
STERLING AVENUE,311.07272586934204,COOLIDGE AVENUE,ONONDAGA AVENUE,True,True,1,477440812,-76.16406677766567,43.031644102326304
LATTER DRIVE,311.0943665126385,EAST CHELTENHAM ROAD;NORTH CHELTENHAM ROAD,EAST WARRINGTON ROAD,True,True,1,477446497,-76.13875237372757,42.99492694704363
BEAUMONT PLACE,311.2232922828621,DOLL PARKWAY,BARRINGTON ROAD,True,True,1,477436756,-76.08696291657914,43.044880060173114
JAMES STREET,311.2546392598875,HAMPTON ROAD,TEALL AVENUE,True,True,1,477430718,-76.12316879618176,43.06479115218487
CRIPPEN AVENUE,311.52253269534924,SOUTH SALINA STREET,CRIPPEN PLACE,True,True,1,477445562,-76.14354954455727,43.00380965488222
DAKIN STREET,311.5730361880556,FENWAY DRIVE,GENESEE PARK DRIVE,True,True,1,477435032,-76.11018832150286,43.05065260584954
GARFIELD AVENUE,311.70918394963036,GARFIELD PLACE,ELIZABETH STREET,True,True,1,477441968,-76.14190775334356,43.02718264659571
EMERSON AVENUE,311.74674948806825,CAYUGA STREET,DEAD END / SAME-NAME BRANCH,False,True,1,477434948,-76.186055293428,43.051238333241365
EAST DIVISION STREET,311.75142588637556,CARBON STREET,SPRING STREET,True,True,1,477430493,-76.14699132725077,43.06601614887262
WADSWORTH STREET,311.7532787785576,BRIGGS STREET,BERKSHIRE AVENUE,True,True,1,477428436,-76.13933929961634,43.0762336405286
EAST BORDEN AVENUE,311.7710834733165,GARFIELD AVENUE,BAKER AVENUE,True,True,1,477441613,-76.14271683768236,43.02831661942611
WEST GENESEE STREET,311.8316156343483,NORTH FRANKLIN STREET,WEST WILLOW STREET,True,True,1,477434371,-76.15555231244905,43.052173136492094
COLDBROOK DRIVE,311.8982132782236,EAST CHELTENHAM ROAD,EAST WARRINGTON ROAD,True,True,1,477446503,-76.14017128514516,42.99486314802481
MONTANA STREET,311.9317685309639,WESTMORELAND AVENUE,CUMBERLAND AVENUE,True,True,1,477439905,-76.11320875662706,43.034864632398644
ALLEN STREET,311.95034711422795,CONCORD PLACE,CLARKE STREET,True,True,1,477438642,-76.11644681261053,43.03946710555592
JOHN STREET,312.3550346121791,SPRING STREET,CARBON STREET,True,True,1,477430561,-76.14607778549801,43.065648628705226
EAST COLVIN STREET,312.38112448772955,HARRIETTE AVENUE,ROBERT DRIVE,True,True,1,477442410,-76.13091230097315,43.024723587033534
SOUTH WILBUR AVENUE,312.4022794549846,TENNYSON AVENUE;WEST FAYETTE STREET,BRYANT AVENUE,True,True,1,477436096,-76.17916681125698,43.04770110763768
HUNT AVENUE,312.6540003528745,MARGUERITE AVENUE,WEST BRIGHTON AVENUE,True,True,1,477443329,-76.15559675626466,43.01963665389432
LISTMAN AVENUE,312.68543267765386,KENWICK DRIVE,DARLINGTON ROAD,True,True,1,477428686,-76.1357827909834,43.074773607386895
EAST FAYETTE STREET,312.7206502290579,GENESEE PARK DRIVE,BEATTIE STREET,True,True,1,477435735,-76.10880229020027,43.048388616224564
SOUTH AVENUE,312.8076186775997,TALLMAN STREET,DAISY STREET,True,True,1,477439779,-76.15892631306241,43.03576861283015
MIDLAND AVENUE,312.8081736635021,FAGE AVENUE,FERNWOOD AVENUE,True,True,1,477442803,-76.15034129712345,43.022832143129285
REMINGTON AVENUE,312.9348822885217,DEAD END / SAME-NAME BRANCH,DEAD END / SAME-NAME BRANCH,False,True,1,477443948,-76.13266874611331,43.0149484949134
WAVERLY AVENUE,312.97994008273537,IRVING AVENUE,SOUTH CROUSE AVENUE,True,True,1,477438133,-76.13728678868004,43.04053860183058
VELASKO ROAD,313.12132074395174,STOLP AVENUE,HENSBERRY ROAD,True,True,1,477441480,-76.18564917267639,43.02929743824176
SMITH STREET,313.27198843204695,POLK STREET,NORTHWAY STREET,True,True,1,477433988,-76.09071471464883,43.053354829445915
EAST GENESEE STREET,313.2801397915413,SOUTH WARREN STREET,EAST WATER STREET,True,True,2,481561655;800066374,-76.15127654202503,43.050309653418495
NORTH AVENUE,313.39682937174337,BEACON ROAD,COWIE AVENUE,True,True,1,477429037,-76.11384228436319,43.073374625922774
EAST BORDEN AVENUE,313.47151064571773,BAKER AVENUE,SOUTH STATE STREET,True,True,1,477441639,-76.14388402670542,43.028264589425106
TALLMAN STREET,313.7184683629145,PALMER AVENUE,RICH STREET,True,True,1,477439682,-76.16211132502922,43.035718617927856
PARK AVENUE,313.7406707865454,LEAVENWORTH AVENUE,BARKER AVENUE,True,True,1,477434354,-76.16253479122958,43.05201164230117
SOUTH ALVORD STREET,313.77090687929075,SEWARD STREET,EAST LAUREL STREET,True,True,1,477431620,-76.14321529774466,43.06101508301015
HIER AVENUE,313.8121444475417,KNAUL STREET,DEAD END / SAME-NAME BRANCH,False,True,1,477430292,-76.1407462598979,43.06696861881102
SOUTH WEST STREET,313.8126021654965,FABIUS STREET,MCCORMICK AVENUE,True,True,1,477437059,-76.15806394432737,43.04436071657231
BURNET AVENUE,313.8602926809328,ARCH STREET,PLYMOUTH DRIVE,True,True,1,477431874,-76.09875426275542,43.05977713027944
SOUTH SALINA STREET,313.92291539882956,EAST CHELTENHAM ROAD;WEST CHELTENHAM ROAD,WEYMOUTH ROAD,True,True,1,477446431,-76.14344131104507,42.99559112820311
LODI STREET,313.92479199375464,EAST DIVISION STREET,JOHN STREET,True,True,1,477431507,-76.14986826723026,43.06145408972849
EUCLID AVENUE,313.9564954813674,WESTMORELAND AVENUE,CUMBERLAND AVENUE,True,True,1,477439247,-76.1133622603288,43.03708811847894
DAKIN STREET,314.08274770263614,GENESEE PARK DRIVE,BEATTIE STREET,True,True,1,477435019,-76.10902056816367,43.05071209448777
ESSEX STREET,314.1508702599099,MYRTLE STREET,HAYDEN AVENUE,True,True,1,477433425,-76.19815977815766,43.054724146819694
GRAND AVENUE,314.3815740903365,DEPALMA AVENUE,HOLDEN STREET,True,True,1,477438903,-76.18162028593427,43.03835411657331
BELLEVUE AVENUE,314.38630911477924,AUSTIN AVENUE,SUNHILL TERRACE,True,True,1,477441004,-76.18889981284852,43.03103711027233
SALT SPRINGS ROAD,314.39122905804356,GENESEE PARK DRIVE,FENWAY DRIVE,True,True,1,477436692,-76.10969526335516,43.045261608241084
MIDLAND AVENUE,314.3956909724721,LINCOLN AVENUE,WEST ONONDAGA STREET,True,True,1,477438500,-76.15778042706584,43.039677213460486
THAYER STREET,314.48090637148385,ROE AVENUE;TEJAH AVENUE,ARNOLD AVENUE,True,True,1,477443821,-76.12485837379408,43.015617644898185
EAST CHAFFEE AVENUE,314.62759456680556,VALLEY DRIVE,ACADEMY PLACE,True,True,1,477446184,-76.15227884547818,42.99786561731122
GRANT BOULEVARD,314.6350607787823,CULBERT STREET,KIRKPATRICK STREET,True,True,1,477428869,-76.14923714330381,43.07389855942138
CLEVELAND AVENUE,314.67756243123245,GRIFFITHS STREET,FIRST NORTH STREET,True,True,1,477429878,-76.14624230886106,43.06887211687195
COSSITT STREET,315.01470471574,VALLEY DRIVE,ACADEMY PLACE,True,True,1,477446302,-76.15215801335536,42.99629746352387
CURTIS STREET,315.0431232696817,CARBON STREET,SPRING STREET,True,True,1,477430360,-76.14856729519947,43.06665661490584
SMITH STREET,315.06178227360397,MOUNTAINVIEW AVENUE;SPRINGFIELD ROAD,HAZELWOOD AVENUE,True,True,1,477434738,-76.09057325075723,43.051643469735694
BURNET AVENUE,315.0748804572786,HASBROUCK STREET,ABERDEEN TERRACE,True,True,1,477431641,-76.0939595909941,43.06081959919164
TULLY STREET,315.09461212794247,DEAD END / SAME-NAME BRANCH,SOUTH WEST STREET,False,True,2,477436531;800040238,-76.15775668512184,43.04574994654082
WILKINSON STREET,315.20119464224763,LEAVENWORTH AVENUE,MATTY AVENUE,True,True,1,477434924,-76.1637477841688,43.050863616939104
ALLEN STREET,315.2273967343868,HARVARD PLACE,VICTORIA PLACE,True,True,1,477438065,-76.11657678625272,43.04120162373268
CADILLAC STREET,315.26141241038357,HARFORD ROAD,WESTVIEW AVENUE,True,False,2,477427077;477427048,-76.14459854150809,43.083509503674804
CANDEE AVENUE,315.33923331311445,NIVEN STREET,EAST FAYETTE STREET,True,True,1,477435971,-76.10498030262261,43.048095646379174
EAST KENNEDY STREET,315.35008186326763,SOUTH STATE STREET,BAKER AVENUE,True,True,1,477440946,-76.14523531049399,43.031165137685626
DAKOTA STREET,315.37316251028693,WESTMORELAND AVENUE,FELLOWS AVENUE,True,True,1,477440530,-76.11423326903302,43.032666601100445
WEST SENECA TURNPIKE,315.5278616926636,SENECA PLACE,BARNES AVENUE;HOPPER ROAD,True,True,2,800050903;477445645,-76.15930784156207,43.00332114228154
WEST ONONDAGA STREET,315.8304156676259,LYDELL STREET,HOEFLER STREET,True,True,1,477440199,-76.17889426457694,43.03380261002276
COMMONWEALTH AVENUE,315.84374204350183,CARBON STREET,WASHINGTON SQUARE,True,True,1,477429370,-76.16300164348996,43.071472774352294
CALEB AVENUE,315.85829761276443,SOUTH MIDLER AVENUE,NICHOLS AVENUE,True,True,1,477431772,-76.10376075441243,43.06020512622781
NOTTINGHAM ROAD,315.9452837907181,EAST COLVIN STREET,JULIAN PLACE;LEWISTON DRIVE,True,False,1,477442793,-76.11064039132303,43.022793147471404
MELROSE AVENUE,315.9770013622066,SHOTWELL PARK,CLIFTON PLACE,True,True,1,504325547,-76.11607288354777,43.06450848320211
BROOKLEA DRIVE,316.00810594209173,VALLEY DRIVE,ACADEMY PLACE,True,True,1,477446558,-76.15194065606131,42.9938513889299
HAWLEY AVENUE,316.05448569093664,LODI STREET,FOUNTAIN STREET,True,True,1,477433819,-76.1344912640655,43.0537006201142
EAST FAYETTE STREET,316.0790077355528,GENESEE PARK DRIVE,FENWAY DRIVE,True,True,1,477435754,-76.10997630028304,43.048332615191455
COLDBROOK DRIVE,316.08920315912195,WEYMOUTH ROAD,EAST CHELTENHAM ROAD,True,True,1,477446417,-76.14024478248149,42.99572311092387
CORTLAND AVENUE,316.1302516488513,BALLARD AVENUE;FURMAN STREET,DEARBORN PLACE,True,True,1,477441344,-76.15631588142644,43.02970814056951
CARLTON DRIVE,316.1410844736492,EAST GENESEE PARKWAY,CLAIRE ROAD,True,True,1,477437507,-76.08877829240531,43.04297258900552
WESTCOTT STREET,316.23257786552904,VICTORIA PLACE,HARVARD PLACE,True,True,1,477438096,-76.11930676049856,43.04107661996881
HARVARD PLACE,316.2707026699708,CAMBRIDGE STREET,ALLEN STREET,True,True,1,477437831,-76.11719832613623,43.041612619562294
WEST COLVIN STREET,316.30592001480574,RANDALL AVENUE,BISHOP AVENUE,True,True,1,477442657,-76.15749677389357,43.02314463676354
LATTER DRIVE,316.3135026991022,EAST CHELTENHAM ROAD;NORTH CHELTENHAM ROAD,WEYMOUTH ROAD,True,True,1,477446409,-76.13881727399443,42.99578507301162
WEST WATER STREET,316.32165380272204,WEST STREET ARTERIAL NORTHBOUND,DEAD END / SAME-NAME BRANCH,False,True,1,512620141,-76.1583074907773,43.05014798565385
CANNON STREET,316.49890624238003,WEST LAFAYETTE AVENUE,WEST CORNING AVENUE,True,True,1,477443423,-76.1459874452864,43.01886164756419
POND STREET,316.5482089717592,WARHAM STREET,GRANT BOULEVARD;MCCHESNEY PARK DRIVE,True,True,1,477429107,-76.14630880573621,43.07289464013223
MIDLAND AVENUE,316.7245576594894,WEST NEWELL STREET,WEST PLEASANT AVENUE,True,True,1,477443703,-76.1482443032115,43.01694323078542
OSWEGO BOULEVARD,316.74135678166306,ERIE BOULEVARD EAST;MONTGOMERY STREET,JAMES STREET,True,True,1,477434873,-76.1497229724414,43.05124013991645
COLDBROOK DRIVE,316.83838243690866,RICHFIELD AVENUE,MAPLEWOOD AVENUE,True,True,1,477447074,-76.13991581827386,42.988667934141446
BROAD STREET,316.8646836974016,ROOSEVELT AVENUE,MEADOWBROOK DRIVE,True,True,1,477441110,-76.11656977454514,43.03051110139972
ROCKLAND AVENUE,316.868869616322,EAST BISSELL STREET,HUNT AVENUE,True,True,1,477442510,-76.15613476714884,43.02403413393226
MELROSE AVENUE,316.8728446579601,SHOTWELL PARK,CLIFTON PLACE,True,True,1,504325544,-76.11608159217155,43.06465169274891
SOUTH SALINA STREET,316.9590032951922,MCKINLEY AVENUE,AMHERST AVENUE,True,True,1,477442649,-76.14435532988126,43.02357711858353
BURT STREET,316.9756503638512,SOUTH SALINA STREET,MONTGOMERY STREET,True,True,1,477438963,-76.14929618327356,43.03815452042959
ARNOLD AVENUE,317.08782688929205,THAYER STREET,PINE GROVE STREET,True,True,1,477443927,-76.12540212281984,43.01515681548104
SAILE STREET,317.19782737666833,HIGHLAND STREET,BUTTERNUT STREET,True,True,1,477429403,-76.1425172889761,43.07092510859995
BURNET AVENUE,317.2048942965975,CHAMPLIN DRIVE;MOSLEY DRIVE,ARCH STREET,True,True,1,477431955,-76.09988179265173,43.05951960919092
MOUNTAINVIEW AVENUE,317.2302569315523,AUDUBON PARKWAY,LIME STREET,True,True,1,477434848,-76.09452705933178,43.0510242807272
BELLEVUE AVENUE,317.2485558698685,RICH STREET,HUDSON STREET,True,True,1,477440323,-76.16065083045069,43.03340310516384
MARYLAND AVENUE,317.2510906368166,CLARENDON STREET,REDFIELD PLACE,True,True,1,477439081,-76.12042043780743,43.03807392445862
STERLING AVENUE,317.29706646839145,RICH STREET,HUDSON STREET,True,True,1,477440776,-76.16058082654195,43.03178261583793
PEAT STREET,317.306076936466,CANAL STREET,RIEGEL STREET,True,True,3,477433553;477433350;477433301,-76.11558636109851,43.054660096314876
ACADEMY STREET,317.3306280670591,MACDOUGALL PLACE,VALLEY DRIVE,True,True,1,477446011,-76.1524465867895,42.99990772886135
GRANT AVENUE,317.3764734539292,STINARD AVENUE,PAGE AVENUE,True,True,1,482659672,-76.1734803342483,43.03193568231438
EAST GENESEE STREET,317.3833079545357,COLUMBUS AVENUE,BASSETT STREET,True,True,1,477436455,-76.12198540514719,43.04631925577253
WEST OSTRANDER AVENUE,317.41002817268327,WIMAN AVENUE,KENMORE AVENUE,True,True,1,477444064,-76.15259530487279,43.013795119229776
SOUTH SALINA STREET,317.42564245020594,BYRNE PLACE,AMIDON DRIVE,True,True,1,477446276,-76.14324727089142,42.99703210597301
ALBERT ROAD,317.5543826602277,SALT SPRINGS ROAD,PHILLIPS ROAD,True,True,1,477436293,-76.09165024842196,43.04723259892678
JAMES STREET,317.58771335542,RIGI AVENUE,NORTH MIDLER AVENUE;SOUTH MIDLER AVENUE,True,True,1,477429798,-76.10469824748597,43.06893161769677
ROWLAND STREET,317.6581962591533,HOLDEN STREET,HOEFLER STREET,True,True,1,477439683,-76.1802272863617,43.03566187596387
LYNCH AVENUE,317.7235108510036,RUSSELL PLACE,FLETCHER AVENUE,True,True,1,477443940,-76.16716477201535,43.01464362380789
GLENCOVE ROAD,317.84951582837846,SOUTH MIDLER AVENUE,NICHOLS AVENUE,True,True,1,477430828,-76.10409732570251,43.06418910413571
HUNT AVENUE,317.8532535109252,WEST COLVIN STREET,ROCKLAND AVENUE,True,True,1,477442647,-76.15557427463456,43.023607108655234
SALT SPRINGS ROAD,317.9692008861172,AUDUBON PARKWAY,SPRINGFIELD ROAD,True,True,1,482660130,-76.0943780514213,43.04767670653145
MILFORD DRIVE EAST,318.04326272336067,MILFORD COURT,NORTHCLIFFE ROAD,True,True,1,477430100,-76.09602076106624,43.06782511494531
MIDLAND AVENUE,318.0916455682401,WEST LAFAYETTE AVENUE,WEST CORNING AVENUE,True,True,1,477443454,-76.14873176582991,43.01857114890374
FELLOWS AVENUE,318.1434445089717,MONTANA STREET,LENNOX AVENUE,True,True,1,477439920,-76.11501609367673,43.03523050176913
EAST LAFAYETTE AVENUE,318.1712285285468,SOUTH SALINA STREET;WEST LAFAYETTE AVENUE,DEAD END / SAME-NAME BRANCH,False,True,1,513531417,-76.14190036096741,43.019700747193866
SOUTH SALINA STREET,318.3328597120478,EAST OSTRANDER AVENUE,EAST MATSON AVENUE;WEST MATSON AVENUE,True,True,1,477444124,-76.14160577828557,43.01379659446122
SOUTH SALINA STREET,318.377403287773,EAST LAFAYETTE AVENUE;WEST LAFAYETTE AVENUE,EAST CORNING AVENUE;WEST CORNING AVENUE,True,True,1,477443374,-76.14229332930107,43.01924261970469
WEST COLVIN STREET,318.43915474810245,BISHOP AVENUE,SOUTH AVENUE,True,True,1,477442663,-76.15868376909332,43.02313163401346
DEWITT STREET,318.6517272911317,ELSNER STREET,SCOVILLE AVENUE,True,True,1,477429865,-76.13424683878672,43.06900534773974
EUCLID AVENUE,318.7362613159151,WESTMORELAND AVENUE,FELLOWS AVENUE,True,True,1,477439268,-76.11454327633632,43.03703114721293
MONTANA STREET,318.76939325754375,WESTMORELAND AVENUE,FELLOWS AVENUE,True,True,1,477439919,-76.11438677134082,43.034817146832
COURT STREET,318.8842281897076,SUNSET AVENUE,LODI STREET,True,True,1,477430536,-76.160143748414,43.06581977362196
LODI STREET,318.89974439330075,SEWARD STREET,EAST LAUREL STREET,True,True,1,477432194,-76.14491033755237,43.058774607597954
THAYER STREET,318.90378727579946,ARNOLD AVENUE,GOODRICH AVENUE,True,True,1,477443827,-76.12604030072956,43.01556111038916
LEAVENWORTH AVENUE,319.0742597964666,WILKINSON STREET,TRACY STREET,True,True,1,477435266,-76.16318128565237,43.050414090213
MADISON STREET,319.0860673472383,SOUTH CROUSE AVENUE,IRVING AVENUE,True,True,1,477436643,-76.13717928820344,43.04537611212534
JOHN STREET,319.08716655801845,GILBERT AVENUE,FIRST NORTH STREET,True,True,1,477430227,-76.14489629752913,43.06724558234416
HAWTHORNE STREET,319.1548061234638,BASSETT STREET,COLUMBUS AVENUE,True,True,1,477437067,-76.12141733129751,43.04393212257717
CALEB AVENUE,319.181489515129,ARCH STREET,MOSLEY DRIVE,True,True,1,477431596,-76.10001779087335,43.06104062237024
VIEAU DRIVE,319.2275866157246,BUNGALOW TERRACE,UPLAND ROAD,True,True,1,477441058,-76.18457616808797,43.03066403797154
ALLEN STREET,319.37631898217757,VICTORIA PLACE,CONCORD PLACE,True,True,1,477438314,-76.11651178816987,43.04033211364945
SUNNYCREST ROAD,319.3964413809314,PLYMOUTH DRIVE,LUDDINGTON STREET,True,True,1,477431308,-76.09782441927715,43.06222383812802
MANOR DRIVE,319.39733002992136,EAST GENESEE STREET,SYCAMORE TERRACE,True,True,1,477438218,-76.08241013839155,43.04081449875766
SOUTH STATE STREET,319.4543035297787,MCKINLEY AVENUE,AMHERST AVENUE,True,True,1,477442626,-76.14230080283822,43.02370660472068
WILLIS AVENUE,319.49280837470155,MILTON AVENUE,ERIE BOULEVARD WEST,True,True,1,477432102,-76.19703029146189,43.05924862144021
FLETCHER AVENUE,319.635406922971,HUTCHINSON AVENUE,FAIRFIELD AVENUE,True,True,1,477443762,-76.1665029033943,43.01641751626991
ROWLAND STREET,319.653250468196,ARTHUR STREET,LYDELL STREET,True,True,1,477439643,-76.17783575640662,43.035772121789996
HIGHLAND STREET,319.65533875607633,JASPER PLACE;JASPER STREET,PARK STREET,True,True,1,477431324,-76.14144674503703,43.06255663291825
EAST GENESEE STREET,319.72524352957817,SOUTH CROUSE AVENUE,IRVING AVENUE,True,True,1,477436276,-76.13715530272611,43.04692559789674
GENESEE PARK DRIVE,319.98729597853566,DEAD END / SAME-NAME BRANCH,EAST GENESEE STREET;SCOTT AVENUE,False,True,1,477437185,-76.10836415009321,43.043954124353114
TIOGA STREET,320.1200680479736,TULLY STREET,FABIUS STREET,True,True,1,477437086,-76.16252737841577,43.04424403461039
GRANT BOULEVARD,320.19347692615423,WOODLAWN TERRACE,WENDELL TERRACE,True,True,1,477429087,-76.13064826107947,43.07269264848421
EAST FAYETTE STREET,320.43243283481524,SOUTH CROUSE AVENUE,IRVING AVENUE,True,True,1,477435698,-76.1371207476908,43.04849112642003
BEATTIE STREET,320.5346815295183,RIDGEWAY AVENUE,EAST FAYETTE STREET,True,True,1,477435721,-76.10825575101083,43.0488536107684
LODI STREET,320.6106886959425,CATAWBA STREET,MARY STREET;NORTH MCBRIDE STREET,True,True,1,477431322,-76.15158779935774,43.06237812142723
HAZELWOOD AVENUE,320.6826962876436,AUDUBON PARKWAY,LIME STREET,True,True,1,477434417,-76.09459277683052,43.051868622872796
PARK STREET,320.7676804849616,WHITWELL DRIVE,MERZ AVENUE,True,True,1,477431096,-76.13789528084988,43.06315814095441
HUTCHINSON AVENUE,320.79538004678676,FLETCHER AVENUE,RUSSELL PLACE,True,True,1,477443776,-76.16726880678627,43.015941119547904
HOLMES STREET,320.8371547495954,ARNOLD AVENUE,GOODRICH AVENUE,True,True,1,477443611,-76.12617642592079,43.01714673958343
EDGEWOOD AVENUE,320.8543480976685,FAIRFIELD AVENUE,HUTCHINSON AVENUE,True,True,1,477443754,-76.16546725890332,43.01647058829755
SALT SPRINGS ROAD,320.92844509580135,BEATTIE STREET,GENESEE PARK DRIVE,True,True,1,477436651,-76.10853429017922,43.04544859127134
HUNT AVENUE,320.96732778421017,MARGUERITE AVENUE,ELMHURST AVENUE,True,True,1,477443174,-76.15568579406522,43.02050364975172
HARTSON STREET,320.98385607953725,HOEFLER STREET,LYDELL STREET,True,True,1,477439446,-76.17908429473309,43.03643161483183
SCOVILLE AVENUE,321.00731756224167,WOODRUFF AVENUE,OAK STREET,True,True,1,477429721,-76.13708834976926,43.06933363927216
OAK STREET,321.0585183636222,SCOVILLE AVENUE,ELSNER STREET,True,True,1,477429886,-76.13645740224584,43.06891664295595
SEARLWYN ROAD,321.0728278940298,COLDBROOK DRIVE,LATTER DRIVE,True,True,1,477446807,-76.139483786501,42.99160510652706
WEST ONONDAGA STREET,321.1013873199606,LYDELL STREET,ARTHUR STREET,True,True,1,477440192,-76.17770425732678,43.033845119940516
HELEN STREET,321.1520420464631,ELSNER STREET,SCOVILLE AVENUE,True,True,1,477429875,-76.13535691530049,43.06896235329096
ARDEN DRIVE,321.16013706420426,CARLTON ROAD,HANCOCK DRIVE,True,True,1,477442964,-76.17608581080219,43.021421610435084
GRANT BOULEVARD,321.1992762553296,SWANSEA DRIVE,GRANT TERRACE,True,True,1,477429359,-76.12121581319259,43.07134761242609
CROTON TERRACE,321.27773936012403,THURGOOD TERRACE,DEAD END / SAME-NAME BRANCH,False,True,1,477439955,-76.14622721946057,43.03508037330944
STINARD AVENUE,321.28646394925926,ALANSON ROAD,ARDEN DRIVE,True,True,1,477442946,-76.17322462747808,43.021881894010356
ARGYLE TERRACE,321.30737067518675,MCLENNAN AVENUE,WEST BORDEN AVENUE,True,True,1,477442085,-76.1530103817073,43.02670301144079
MERTENS AVENUE,321.49792149384524,WOODLAWN TERRACE,WENDELL TERRACE,True,True,1,477429299,-76.13055480169636,43.07142060025872
ERIE BOULEVARD EAST,321.5171850274147,PEAT STREET,IVES AVENUE,True,True,1,477434835,-76.11566126767836,43.05119108874289
CHARMOUTH DRIVE,321.6350245888468,WELLESLEY ROAD,COLUMBIA AVENUE,True,True,1,477443004,-76.16860884431887,43.02120009998987
GRAND AVENUE,321.7607244838933,HOEFLER STREET,HOLDEN STREET,True,True,1,477438841,-76.1804502976742,43.0385136469929
ROWLAND STREET,321.846453292746,HOEFLER STREET,LYDELL STREET,True,True,1,477439661,-76.17903326678397,43.03571562072389
CARLTON DRIVE,321.8484708617146,CLAIRE ROAD,DEMONG DRIVE,True,True,1,477437232,-76.08854178388037,43.04383062042106
HARTSON STREET,321.9469902225432,HOEFLER STREET,HOLDEN STREET,True,True,1,477439478,-76.18028428492262,43.03637259893592
MEADOWBROOK DRIVE,322.0465541773172,WESTMORELAND AVENUE,CUMBERLAND PLACE,True,True,1,477440802,-76.11301445543376,43.031804801775664
WEST COLVIN STREET,322.15182575951565,EAST COLVIN STREET;SOUTH SALINA STREET,WEBSTER AVENUE,True,True,1,477442278,-76.14583652252018,43.02538610708805
HERBERT STREET,322.2284139065872,SPRING STREET,CARBON STREET,True,True,1,477430275,-76.14941928577463,43.06701163094738
LIBERTY STREET,322.30713981729053,DEAD END / SAME-NAME BRANCH,LAKEVIEW AVENUE,False,True,1,477435705,-76.17427628517886,43.04888461780284
BOYDEN STREET,322.37183870530737,HIXSON AVENUE,SUNSTRUCK DRIVE,True,True,1,477431494,-76.12057877909672,43.061269120706676
SUNNYSIDE ROAD,322.42850947518,HOUSTON AVENUE,SCOTTHOLM TERRACE,True,True,1,477438957,-76.11102017166426,43.038358055017554
ELMHURST AVENUE,322.45950568557157,RANDALL AVENUE,HUNT AVENUE,True,True,1,477443049,-76.15633667693434,43.0209215429894
PINE STREET,322.51462381365747,EAST WASHINGTON STREET,EAST WATER STREET,True,True,2,477435471;800066545,-76.1297450066632,43.04975711187234
RICHMOND AVENUE,322.5717895685552,LIBERTY STREET,WALL STREET,True,True,1,477435196,-76.1736152470598,43.0502414153408
MERTENS AVENUE,322.6526603153099,OAK STREET,WOODRUFF AVENUE,True,True,1,477429375,-76.13721181743583,43.071085613434896
HUTCHINSON AVENUE,322.7441180376677,RUSSELL PLACE,CLAYTON AVENUE,True,True,1,477443786,-76.16846776957667,43.01587705595318
SOUTH TOWNSEND STREET,322.88405871400346,EAST WASHINGTON STREET,EAST WATER STREET,True,True,2,509997477;800066555,-76.14558448989862,43.0499605974176
SOUTH AVERY AVENUE,322.9335835107175,AVERY AVENUE;TOMPKINS STREET,TENNYSON AVENUE,True,True,2,477436787;477436979,-76.18944836374692,43.044625839593294
WINKWORTH PARKWAY,322.9366797336798,BROADVIEW DRIVE,FOREST EDGE DRIVE,True,True,1,477442529,-76.20157965116842,43.02400763376398
THURBER STREET,322.93815400898836,ARNOLD AVENUE,GOODRICH AVENUE,True,True,1,477443326,-76.12637777938082,43.01927408354874
ELLIOTT STREET,322.98225894123647,ROWLAND STREET,DUDLEY STREET,True,True,1,477439859,-76.17060879054303,43.03502962410448
SHUART AVENUE,323.1090135843807,ELM STREET;SEDGWICK STREET,PATTISON STREET,True,True,1,477431839,-76.12879676761271,43.06000911428137
KENWOOD AVENUE,323.14038392046183,MARCIA STREET,ELLEN STREET,True,True,1,477427741,-76.15133583345279,43.07960316167973
BELLEVUE AVENUE,323.1475085284718,CHESTER STREET,SOUTH AVENUE,True,True,1,477440291,-76.1582362843507,43.03350960376808
MCLENNAN AVENUE,323.33286981105823,MIDLAND AVENUE,ARGYLE TERRACE,True,True,1,477441895,-76.1526338343021,43.0272625953054
FLORAL PARKWAY,323.3675964886662,MIDLAND AVENUE,FERNDALE DRIVE,True,True,1,477445714,-76.14638588073217,43.00246786417868
ELSNER STREET,323.37426595415184,WOODRUFF AVENUE,OAK STREET,True,True,1,477429894,-76.13703034921056,43.06844715568476
PARK STREET,323.6211313947063,DEWITT STREET,HELEN STREET,True,True,1,477431033,-76.1343611563801,43.06332753812435
OAK STREET,323.64274141389944,JASPER STREET,PARK STREET,True,True,1,477431272,-76.13604430521518,43.06280409109337
CALVIN ROAD,323.85593066887304,CARLTON ROAD,HANCOCK DRIVE,True,True,1,477442835,-76.1764759756178,43.02244848972473
GLENCOVE ROAD,323.85906166599875,DEAD END / SAME-NAME BRANCH,MOSLEY DRIVE,False,True,1,477430770,-76.1002563707876,43.06438188036274
BURNET AVENUE,323.8797295321222,PEAT STREET,DILLAYE AVENUE,True,True,1,477433067,-76.11627328092267,43.055840647434295
ALMOND STREET,323.9287236074517,EAST WASHINGTON STREET,EAST WATER STREET,True,True,2,477435414;800065746,-76.14213080143287,43.049914115517176
SOUTH AVENUE,323.9653390287324,GLENWOOD AVENUE;VALLEY DRIVE,WEST BRIGHTON AVENUE,True,True,2,477443414;477443376,-76.16096986730085,43.01887491961646
CRESTVIEW DRIVE,324.0361225695364,KRAMER DRIVE,DEAD END / SAME-NAME BRANCH,False,True,1,477445848,-76.15798079423968,43.001621125672116
GRANT AVENUE,324.2390069278315,DUANE STREET,MARKLAND AVENUE,True,True,1,477440793,-76.17899480226366,43.03174462857951
DUANE STREET,324.4007698356507,STOLP AVENUE,LAFORTE AVENUE,True,True,1,477441213,-76.17830484886207,43.03041410101904
EASTVIEW AVENUE,324.410789650134,ONONDAGA AVENUE,DEAD END / SAME-NAME BRANCH,False,True,1,477441591,-76.16407681720331,43.02830521839767
ROBINSON STREET,324.5047834655317,SUNSTRUCK DRIVE,TEALL AVENUE,True,True,1,477432231,-76.12160245874821,43.05842114968286
PARRISH LANE,324.7721355871875,HAYES TERRACE,DEAD END / SAME-NAME BRANCH,False,True,1,477447245,-76.13728316933789,42.98629353924821
WOLCOTT AVENUE,324.84075593334677,STOLP AVENUE,VIEAU DRIVE,True,True,1,477441246,-76.18286530043703,43.0302556163597
SOUTH MCBRIDE STREET,325.0456366960389,EAST WASHINGTON STREET,EAST WATER STREET,True,True,3,477435400;477435226;800066586,-76.14386540900706,43.04993663777935
BANK ALLEY,325.0568305827742,EAST WASHINGTON STREET,EAST FAYETTE STREET,True,True,1,477435627,-76.15145879751829,43.04913261432118
SOUTH STATE STREET,325.1269800138963,EAST WASHINGTON STREET,EAST FAYETTE STREET,True,True,1,477435648,-76.1474036895301,43.04907259020389
STERLING AVENUE,325.1424218681938,HUDSON STREET,SOUTH AVENUE,True,True,1,477440758,-76.159381274734,43.031835117385434
GLENWOOD AVENUE,325.2876346862051,COLUMBIA AVENUE,ARLINGTON AVENUE,True,True,1,477443200,-76.1673001390239,43.01990260739255
MIDLAND AVENUE,325.3615258821626,WEST OSTRANDER AVENUE,WEST MATSON AVENUE,True,True,1,477444174,-76.14794178277657,43.01352410879816
NORTHCLIFFE ROAD,325.4305285647234,SOUTH MIDLER AVENUE,NICHOLS AVENUE,True,True,1,477430320,-76.1042852761988,43.06645962522908
VALLEY DRIVE,325.51624130944424,WEST LAFAYETTE AVENUE,BERTRAM PLACE,True,True,1,477443599,-76.1608022954054,43.01762111977289
STOLP AVENUE,325.56411725090766,DUANE STREET,MARKLAND AVENUE,True,True,1,477441223,-76.17888030569844,43.02994410623365
WEST COLVIN STREET,325.5981422541088,ARLINGTON AVENUE,SUMMIT AVENUE,True,True,1,477442725,-76.1662833117661,43.022754121052444
MOORE AVENUE,325.62460267135,MICHAELS CIRCLE,EAST COLVIN STREET,True,True,1,477442245,-76.13712329367452,43.02588162102928
MIDLAND AVENUE,325.6371696172752,WEST PLEASANT AVENUE,WEST CALTHROP AVENUE,True,True,1,477443817,-76.14816776657646,43.01606357595763
WOODRUFF AVENUE,325.71251508668905,SCOVILLE AVENUE,ELSNER STREET,True,True,1,477429895,-76.13766129566757,43.06886414888577
GLENWOOD AVENUE,325.80108009293497,WELLESLEY ROAD,COLUMBIA AVENUE,True,True,1,477443219,-76.16851131937837,43.01981114012806
MARYLAND AVENUE,325.8922751750864,REDFIELD PLACE,EUCLID AVENUE,True,True,1,477439329,-76.12033523712556,43.037193633834335
WEST COLVIN STREET,325.90565973732566,MAY AVENUE,CLYDE AVENUE,True,True,1,477442681,-76.16117476271327,43.02309810095844
LYNCH AVENUE,325.948403083415,CLAYTON AVENUE,RUSSELL PLACE,True,True,1,477443951,-76.1683653075153,43.01458009004225
UNIVERSITY AVENUE,326.1330298186896,EAST WATER STREET,EAST WASHINGTON STREET,True,True,2,800066616;477435452,-76.13425830592028,43.04981209747244
WALNUT AVENUE,326.1552694136122,EAST WASHINGTON STREET,EAST WATER STREET,True,True,2,477435456;800066603,-76.13204378806545,43.049783104242195
ONEIDA STREET,326.2454574062824,WEST TAYLOR STREET,KING STREET,True,True,1,477439014,-76.15280182114029,43.038362114264174
LYNCH AVENUE,326.2605477060707,FLETCHER AVENUE,EDGEWOOD AVENUE,True,True,1,477443934,-76.16596341993231,43.014704667966264
STRATFORD STREET,326.26677938638403,LANCASTER AVENUE,ACKERMAN AVENUE,True,True,1,477440061,-76.12356676618792,43.03426110773654
HIGHLAND STREET,326.3433157733413,GRAVES STREET,BEECHER STREET,True,True,1,477431691,-76.14134924462489,43.060852951905275
BELLEVUE AVENUE,326.3864663725792,SOUTH AVENUE,HUDSON STREET,True,True,1,477440310,-76.15944880646543,43.03345311080828
ARTHUR STREET,326.43615344694604,LAFORTE AVENUE,GRANT AVENUE,True,True,1,477440973,-76.17692482183608,43.03136161597671
CRADDOCK STREET,326.4391963908846,ANNETTA STREET,WEST COLVIN STREET,True,True,1,477442868,-76.1626937817096,43.022544137743104
FAYETTE BOULEVARD,326.4780437848526,SPRINGFIELD ROAD,FOXBORO ROAD,True,True,1,477435497,-76.0930713592576,43.04935602894954
SCOVILLE AVENUE,326.49755036935073,DEWITT STREET,SEDGWICK DRIVE,True,True,1,477429689,-76.13366758665838,43.06944908742184
SOUTH CROUSE AVENUE,326.5089512362103,EAST WATER STREET,EAST WASHINGTON STREET,True,True,2,800066609;477435441,-76.1364792936069,43.04983864249984
MONTGOMERY STREET,326.56058706983214,EAST WASHINGTON STREET,EAST FAYETTE STREET,True,True,1,477435641,-76.14930643112775,43.04910434567377
PARK STREET,326.633258755319,POND STREET,STRAND PLACE,True,True,1,477430528,-76.15098377007683,43.06569010985492
PARK STREET,326.67882396921,OAK STREET,WHITWELL DRIVE,True,True,1,477431072,-76.13668632276172,43.06321761222909
WEST GLEN AVENUE,326.6874271355648,FERNDALE DRIVE,MIDLAND AVENUE,True,True,1,477445318,-76.14662810747664,43.0054561873066
HAWLEY AVENUE,326.72076610933465,VINE STREET,FAIRVIEW AVENUE,True,True,1,477433132,-76.12630379722336,43.055509132223484
JEROME STREET,326.72177334029885,ROOSEVELT AVENUE,MILES AVENUE,True,True,1,477440238,-76.11681328986265,43.033668101730946
ARTHUR STREET,326.7587561060242,STOLP AVENUE,LAFORTE AVENUE,True,True,1,477441200,-76.17686033862357,43.03046660593326
SOUTH AVENUE,326.8222583347174,ARMSTRONG PLACE,LYNCH AVENUE,True,True,1,477444045,-76.1648650685828,43.01439255780545
FARMER STREET,326.82393749613084,WHITWELL DRIVE,OAK STREET,True,True,1,477430789,-76.1367665710327,43.064302890853035
NORTHCLIFFE ROAD,326.833438246005,SOUTH COLLINGWOOD AVENUE,HILLSDALE AVENUE,True,True,1,477430372,-76.10797627411333,43.066273158811256
WINTON STREET,326.86130258847487,HERBST AVENUE,ROBINSON STREET,True,True,1,477432297,-76.12445728807542,43.05859863220999
KINNE STREET,326.95138535817154,SUNSTRUCK DRIVE,TEALL AVENUE,True,True,1,477431866,-76.1216957792952,43.059696640864104
ONONDAGA CREEK BOULEVARD,326.98910964162025,WEST NEWELL STREET,KEEN PLACE,True,True,1,477443823,-76.15724679314377,43.01602710104784
NORTH GEDDES STREET,327.0051940556136,RICHMOND AVENUE,WILKINSON STREET,True,True,1,477435219,-76.17068428077967,43.050582103218126
GLENWOOD AVENUE,327.0310021063616,STINARD AVENUE,ROBINEAU ROAD,True,True,2,800040789;477443268,-76.17116065726269,43.01961513887928
LANCASTER AVENUE,327.2679964706161,EUCLID AVENUE,REDFIELD PLACE,True,True,1,477439368,-76.12321332028205,43.03705862235911
NIAGARA STREET,327.30826643716506,SEYMOUR STREET,SHONNARD STREET,True,True,1,477437866,-76.16034275664565,43.0419906486711
SEDGWICK DRIVE,327.3236874990198,SCHOECK AVENUE,SCOVILLE AVENUE,True,True,1,477429671,-76.13308981316312,43.06991913418266
CHARMOUTH DRIVE,327.3422376087821,SUMMIT AVENUE,ARLINGTON AVENUE,True,True,1,477442984,-76.1661677686152,43.02130865769843
EAST ADAMS STREET,327.4025710430286,IRVING AVENUE,SOUTH CROUSE AVENUE,True,True,1,477437438,-76.13723682802771,43.042685597358094
PLEASANTVIEW AVENUE,327.4268923492147,BRONX AVENUE,GRANT BOULEVARD,True,True,1,477429100,-76.13361427152965,43.07299760790285
BURNET AVENUE,327.52377051346144,BOSTON STREET,BURNS AVENUE,True,True,1,477431519,-76.09076501404196,43.06120929388532
WALNUT AVENUE,327.5945761858063,EAST WASHINGTON STREET,EAST FAYETTE STREET,True,True,1,477435710,-76.13206228314885,43.04888612433186
FORMAN AVENUE,327.603712720028,EAST WASHINGTON STREET,EAST WATER STREET,True,True,2,477435420;800066557,-76.13990332348801,43.04988513411134
UNIVERSITY AVENUE,327.6066254478652,EAST WASHINGTON STREET,EAST FAYETTE STREET,True,True,1,477435701,-76.1342763415381,43.04891512161941
IRVING AVENUE,327.62411944684305,WELLINGTON PLACE,EAST FAYETTE STREET,True,True,1,477435996,-76.13772925527704,43.04804613447423
KENSINGTON ROAD,327.6739894067717,WESTCOTT STREET,ROOSEVELT AVENUE,True,True,1,477440728,-76.11789723658222,43.03191911810091
WEST COLVIN STREET,327.731454719746,ARLINGTON AVENUE,COLUMBIA AVENUE,True,True,1,477442742,-76.16750328544933,43.022704130773455
GLENCOVE ROAD,327.75743207899893,CLOVER RIDGE DRIVE,BURNS AVENUE,True,True,1,477430670,-76.0922787642086,43.064759617100464
SOUTH GEDDES STREET,327.82490757084145,GRANT AVENUE,LAFORTE AVENUE,True,True,1,477440956,-76.17532283464338,43.031428598571416
BROAD STREET,328.08590296609714,WESTCOTT STREET,ROOSEVELT AVENUE,True,True,1,477441127,-76.1177735560746,43.03045350822452
HIGHRIDGE DRIVE,328.13657450682047,SHARON DRIVE,HIGHRIDGE PLACE,True,True,1,477441957,-76.19919072163874,43.02704256673212
MERTENS AVENUE,328.1828272387132,WENDELL TERRACE,BRATTLE ROAD,True,True,1,477429291,-76.12934126849451,43.0714776082727
GLENCOVE ROAD,328.2076903806319,SOUTH COLLINGWOOD AVENUE,HILLSDALE AVENUE,True,True,1,477430885,-76.10778476800961,43.06400709080481
HARRISON STREET,328.22351267037425,IRVING AVENUE,SOUTH CROUSE AVENUE,True,True,1,477436974,-76.13720430534644,43.0442181490793
SUNSET AVENUE,328.35270035747465,BASIN STREET;DANFORTH STREET,NORTH STATE STREET,True,True,1,477430812,-76.15831331212372,43.06445762837813
EUCLID AVENUE,328.3531135496357,LANCASTER AVENUE,ACKERMAN AVENUE,True,True,1,477439387,-76.12378225964966,43.03657279444409
MAPLE STREET,328.3829507594923,MAPLE TERRACE,EAST GENESEE STREET,True,True,1,477436646,-76.12555271934336,43.04659480374602
SOUTH MCBRIDE STREET,328.4584821399059,BURT STREET,VAN BUREN STREET,True,True,1,477439130,-76.14376424617934,43.03795262457741
MEADOWBROOK DRIVE,328.48389889193714,FELLOWS AVENUE,MILES AVENUE,True,True,1,477441032,-76.11525084841398,43.031034611642255
BALLANTYNE ROAD,328.5231960456708,SHELDON AVENUE,SLAYTON AVENUE,True,True,1,477444536,-76.14578323274287,43.01054572489705
WOODLAND AVENUE,328.6232729845824,BAKER AVENUE,SOUTH STATE STREET,True,True,1,477441267,-76.14455424853172,43.02976160178889
OAKWOOD AVENUE,328.63586142142634,BURT STREET,VAN BUREN STREET,True,True,2,477453877;477453878,-76.14558592872812,43.03786388835192
GRANT BOULEVARD,328.6871497085938,BRATTLE ROAD,WENDELL TERRACE,True,True,1,477429074,-76.12943624691569,43.072750137975305
GRANGER STREET,328.73452065708693,GIFFORD STREET,SEYMOUR STREET,True,True,1,477437455,-76.15608132276374,43.04310158100238
MASSENA STREET,328.7687615471724,MERRIMAN AVENUE,DAVIS STREET,True,True,1,510577034,-76.16735573188863,43.03979630765277
BELLEVUE AVENUE,328.7934145237782,COOLIDGE AVENUE,ONONDAGA AVENUE,True,True,1,477440365,-76.16416433199574,43.03324963120568
NORTHCLIFFE ROAD,328.850405282794,CLOVER RIDGE DRIVE,BURNS AVENUE,True,True,1,477430187,-76.09246073129373,43.06702011471284
LENNOX AVENUE,328.86770182706397,WESTCOTT STREET,ROOSEVELT AVENUE,True,True,1,477439726,-76.11821728120047,43.03553461773301
EDGEWOOD AVENUE,328.92823167670167,ELMWOOD AVENUE,FAIRFIELD AVENUE,True,True,1,477443644,-76.16531130376909,43.017345130505234
KENSINGTON ROAD,328.95343500192536,LANCASTER AVENUE,ACKERMAN AVENUE;TERRACE ROAD,True,True,1,477440660,-76.12336460597884,43.03211553266687
OSWEGO STREET,328.9805026269443,SEYMOUR STREET,SHONNARD STREET,True,True,1,477437934,-76.163943304497,43.04182112464508
SOUTH MCBRIDE STREET,328.99285201909106,JACKSON STREET,EAST TAYLOR STREET,True,True,1,477438457,-76.14392978812823,43.03990512396772
KENSINGTON ROAD,329.00729974003565,ROOSEVELT AVENUE,MILES AVENUE,True,True,1,477440713,-76.1166717666643,43.03197961968256
SOUTH CLINTON STREET,329.0314933576005,WEST JEFFERSON STREET,WALTON STREET,True,True,1,477436184,-76.15357280147757,43.047517096962316
SUNNYCREST ROAD,329.0566981986119,SOUTH COLLINGWOOD AVENUE,SOUTH EDWARDS AVENUE,True,True,1,477431409,-76.10634174539915,43.06181310098723
MASSENA STREET,329.0927002556459,KELLOGG STREET,GRACE STREET,True,True,1,477439028,-76.16572085765867,43.038187400150555
MIDLAND AVENUE,329.1166277822884,WARNER AVENUE,FOREST AVENUE,True,True,1,477443035,-76.1498007766566,43.02140763792859
GLENCOVE ROAD,329.1490185204038,BOSTON STREET,CONKLIN AVENUE,True,True,1,477430646,-76.08981926725751,43.06486613769391
DUDLEY STREET,329.17660366760765,DELAWARE STREET,FITCH STREET,True,True,1,477439518,-76.16893478427133,43.036643080981676
OSWEGO STREET,329.242823293184,GIFFORD STREET,SEYMOUR STREET,True,True,1,477437618,-76.16401878770294,43.042722647293644
ANGELOU TERRACE,329.2815735181619,SOUTH STATE STREET,DEAD END / SAME-NAME BRANCH,False,True,1,477437679,-76.14693623868014,43.0419658696268
SUNNYCREST ROAD,329.281886330559,HILLSDALE AVENUE,WOODBINE AVENUE,True,True,1,477431429,-76.10880629807546,43.061699107426946
DUDLEY STREET,329.3347354128282,FITCH STREET,PUTNAM STREET,True,True,1,477439751,-76.16949736517746,43.03583922990221
CHARMOUTH DRIVE,329.3660509702201,COLUMBIA AVENUE,ARLINGTON AVENUE,True,True,1,477442997,-76.1673938114251,43.02125662535279
EAST GENESEE STREET,329.3845179903893,ALLEN STREET,CAMBRIDGE STREET,True,True,1,477436585,-76.11751109937244,43.04553991795894
NORTH MCBRIDE STREET,329.39060757317844,HICKORY STREET,EAST WILLOW STREET,True,True,1,477433251,-76.14552726369612,43.05551109898015
SOUTH SALINA STREET,329.4280722151112,EAST WASHINGTON STREET;WEST WASHINGTON STREET,EAST FAYETTE STREET;WEST FAYETTE STREET,True,True,1,477435621,-76.15221180443736,43.049144620284295
SHONNARD STREET,329.4396843125669,NIAGARA STREET,SLOCUM AVENUE,True,True,1,477437892,-76.16091426416423,43.04151313065069
GREEN STREET,329.48319299739694,GREEN STREET ANNEX,LODI STREET,True,True,3,477433144;477433232;800031024,-76.1377134405757,43.055420357784975
SOUTH AVENUE,329.49730127439926,CLOVER STREET,DAISY STREET,True,True,1,477440015,-76.15889076716911,43.03488761763499
SOUTH CROUSE AVENUE,329.5319473775293,EAST WASHINGTON STREET,EAST FAYETTE STREET,True,True,1,477435697,-76.1365047882683,43.04893862067192
BURNET AVENUE,329.54842163924235,WOODBINE AVENUE,HILLSDALE AVENUE,True,True,1,477432539,-76.10842442183032,43.057564099235854
PROSPECT AVENUE,329.56759382414424,EAST WILLOW STREET,HICKORY STREET,True,True,1,477433676,-76.14810844366271,43.054235672552984
SCOTTHOLM BOULEVARD,329.5704384651816,DEAD END / SAME-NAME BRANCH,DEAD END / SAME-NAME BRANCH,False,True,1,477437189,-76.11182861861295,43.043956192160614
EAST JEFFERSON STREET,329.6212250338909,SOUTH STATE STREET,EAST ONONDAGA STREET;MONTGOMERY STREET,True,True,1,477436223,-76.14810579204133,43.047017107926166
COLDBROOK DRIVE,329.67351588834885,EAST WARRINGTON ROAD,HARDING PLACE,True,True,1,477446604,-76.14011877368709,42.99398361512635
NORTHCLIFFE ROAD,329.6897434650287,BURNS AVENUE,BOSTON STREET,True,True,1,477430175,-76.09123029149433,43.06707162699549
TALLMAN STREET,329.6982361346643,MIDLAND AVENUE,LINCOLN AVENUE,True,True,1,477439500,-76.15649939194122,43.03631740488797
PEAT STREET,329.76367162309566,RIEGEL STREET,BURNET AVENUE,True,True,1,477433255,-76.1156653172979,43.05554612848174
BARRETT STREET,329.7673642897207,MERRIMAN AVENUE,DAVIS STREET,True,True,1,477438567,-76.16984682366699,43.03967710178685
GLENCOVE ROAD,329.77421818918657,BURNS AVENUE,BOSTON STREET,True,True,1,477430659,-76.09105026238933,43.06481212909405
NORTHCLIFFE ROAD,329.8047459530733,WOODBINE AVENUE,FOREST HILL DRIVE,True,True,1,477430392,-76.11046027662618,43.06616213765719
LANDON AVENUE,329.80977025294214,WEST BORDEN AVENUE,MCLENNAN AVENUE,True,True,1,477441840,-76.14865481087375,43.0277926070825
HIGHLAND STREET,329.82084191411803,EAST WILLOW STREET,HIGHLAND AVENUE,True,True,1,477432370,-76.13970948495755,43.058368281886764
BEATTIE STREET,329.85504650936895,NIVEN STREET,EAST FAYETTE STREET,True,True,1,477436031,-76.10817427555416,43.04796313991437
JAMES STREET,329.90106611523606,HILLSDALE AVENUE,WOODBINE AVENUE,True,True,1,477429833,-76.10944329212158,43.06870561257967
RUGBY ROAD,330.02852422167405,BRATTLE ROAD,DURSTON AVENUE,True,True,1,477430111,-76.12779380047948,43.06734009866576
SOUTH STATE STREET,330.0510545278797,EAST COLVIN STREET,ELK STREET,True,True,1,477442323,-76.14314034534739,43.025472101885995
WOODLAWN TERRACE,330.07187267797264,MERTENS AVENUE,SCHOECK AVENUE,True,True,1,477429507,-76.13112620391588,43.070940199541845
KINNE STREET,330.10390635165385,HIXSON AVENUE,SUNSTRUCK DRIVE,True,True,1,477431855,-76.12046752995784,43.059736956049036
STANDART STREET,330.1072064796765,HENRY STREET,STADIUM PLACE,True,True,1,477439900,-76.13989778639173,43.034889598321314
GRAND AVENUE,330.26267235511426,HOEFLER STREET,LYDELL STREET,True,True,2,477438770;477438748,-76.17925074297713,43.03867575746639
SUNNYCREST ROAD,330.33055876456723,SOUTH MIDLER AVENUE,SOUTH EDWARDS AVENUE,True,True,1,477431388,-76.10511028179877,43.06187110565334
HERKIMER STREET,330.3524344391625,HAYDEN AVENUE,AVERY AVENUE,True,True,1,477434318,-76.19526860054881,43.052206414078974
VINE STREET,330.36867562883305,HERBST AVENUE;PATTISON STREET,ROBINSON STREET,True,True,1,477432330,-76.12570233771858,43.05853609850293
GREENWOOD PLACE,330.3970714225515,JUDSON STREET,TRINITY PLACE,True,True,1,477438295,-76.12187595697462,43.04037321909296
BELLEVUE AVENUE,330.4979062349213,BUNGALOW TERRACE,UPLAND ROAD,True,True,1,477440565,-76.18469381680507,43.03250710790417
PINE STREET,330.51758978373533,EAST FAYETTE STREET,EAST WASHINGTON STREET,True,True,1,477435724,-76.1297638262828,43.04886111370463
BOYDEN STREET,330.51977001570793,TEALL AVENUE,SUNSTRUCK DRIVE,True,True,1,477431508,-76.12179877529258,43.06122015685398
ROBINSON STREET,330.60444545844825,HIXSON AVENUE,SUNSTRUCK DRIVE,True,True,2,800034330;477432216,-76.12037878491081,43.058473622679294
SUNNYCREST ROAD,330.60610165774057,SOUTH COLLINGWOOD AVENUE,HILLSDALE AVENUE,True,True,1,477431418,-76.10757376862848,43.061755618076006
LANDON AVENUE,330.68786670606517,WEST BORDEN AVENUE,WEST BEARD AVENUE,True,True,1,477442024,-76.14825080033759,43.026936106306955
ALMOND STREET,330.69411294438015,DYER COURT;JACKSON STREET,EAST TAYLOR STREET,True,True,1,477438362,-76.14233413687153,43.03996290855347
NIAGARA STREET,330.73544775291197,GIFFORD STREET,SEYMOUR STREET,True,True,1,477437555,-76.1604247450158,43.042891612388004
SLOCUM AVENUE,330.7487668721417,HOLLAND STREET,KELLOGG STREET,True,True,2,800030980;477438259,-76.16087076024905,43.04049511819587
MARTIN LUTHER KING WEST,330.7886321593827,SOUTH AVENUE,HUDSON STREET,True,True,1,477441190,-76.1591747479833,43.03027971332255
GLENCOVE ROAD,330.79155876321744,WOODBINE AVENUE,HILLSDALE AVENUE,True,True,1,477430894,-76.10901578254088,43.06395261843846
EAST RAYNOR AVENUE,330.8379360377361,STADIUM PLACE,HENRY STREET,True,True,1,477439633,-76.13995979489087,43.035805635595835
ALMOND STREET,330.85064585156545,EAST GENESEE STREET,CEDAR STREET,True,True,2,477436302;477436430,-76.14220286360913,43.04664663490974
NORTHCLIFFE ROAD,330.94789759054197,SOUTH COLLINGWOOD AVENUE,SOUTH EDWARDS AVENUE,True,True,1,477430355,-76.10674878873499,43.06634212861535
KLINE STREET,330.9766406635241,BRATTLE ROAD,WENDELL TERRACE,True,True,1,477429930,-76.12910633032449,43.06828459687091
VAN BUREN STREET,331.03465024602076,STADIUM PLACE,HENRY STREET,True,True,1,477439106,-76.14011577154962,43.03757660813148
CATHERINE STREET,331.09453606607894,HICKORY STREET,EAST WILLOW STREET,True,True,1,477433029,-76.14408080090108,43.05622160246491
BURNET PARK DRIVE,331.09759501370075,TENNYSON AVENUE,MILTON AVENUE;TOMPKINS STREET,True,True,1,477436500,-76.18517797807554,43.04624142860423
WEST STREET ARTERIAL NORTHBOUND,331.09969210256963,GIFFORD STREET,SEYMOUR STREET,True,True,1,477437498,-76.15793036317518,43.043011282935396
SOUTH WEST STREET,331.11718651558664,GIFFORD STREET,SEYMOUR STREET,True,True,1,477437496,-76.15779817421515,43.043019466600505
RUGBY ROAD,331.1797801058724,BRATTLE ROAD,WENDELL TERRACE,True,True,1,477430115,-76.12927345346927,43.06739540642388
GLENCOVE ROAD,331.2035614989861,FOREST HILL DRIVE,WOODBINE AVENUE,True,True,1,477430908,-76.11025181808954,43.063890655303815
JEROME STREET,331.25989473457975,ROOSEVELT AVENUE,WESTCOTT STREET,True,True,1,477440263,-76.11804176881235,43.03361261224993
CALEB AVENUE,331.27806167519327,ERICKSON STREET,ABERDEEN TERRACE;SUNNYCREST ROAD,True,True,1,477431354,-76.0953159549016,43.062136693460005
SOUTH GEDDES STREET,331.31553802091645,LAFORTE AVENUE,STOLP AVENUE,True,True,1,477441193,-76.17525282088096,43.030525585125964
NORTHCLIFFE ROAD,331.35970490748497,SOUTH EDWARDS AVENUE,SOUTH MIDLER AVENUE,True,True,1,477430341,-76.10551229764738,43.06640558920935
EAST RAYNOR AVENUE,331.37346118156904,STADIUM PLACE,IRVING AVENUE,True,True,1,477439616,-76.13872320567495,43.03585813929111
MASSENA STREET,331.3970359571994,KELLOGG STREET,HOLLAND STREET,True,True,1,477439203,-76.16484570980042,43.037547702868586
ONEIDA STREET,331.4010864758192,LARNED STREET,TEMPLE STREET,True,True,1,477438257,-76.15331231523426,43.040616120054764
CONGRESS AVENUE,331.472262269676,HOLLAND STREET,KELLOGG STREET,True,True,1,477438685,-76.16253834553042,43.039253953594745
GENANT DRIVE,331.50600292358826,NORTH FRANKLIN STREET,NORTH CLINTON STREET,True,True,1,477432846,-76.15546931345123,43.056570055822064
SOUTH SALINA STREET,331.5439157622605,EAST BEARD AVENUE;WEST BEARD AVENUE,WEST BORDEN AVENUE,True,True,1,477441916,-76.14618979194184,43.027461583726485
WEST STREET ARTERIAL NORTHBOUND,331.6046076855596,WEST FAYETTE STREET,WEST WASHINGTON STREET,True,True,1,477435599,-76.15839178177856,43.04914817842162
SOUTH MCBRIDE STREET,331.66101165238865,EAST WASHINGTON STREET,EAST FAYETTE STREET,True,True,1,477435664,-76.14388330968707,43.049035608010776
ENGLEWOOD AVENUE,331.67509959095713,MAINS AVENUE,AMES AVENUE,True,True,1,477445489,-76.15685079907823,43.004430618914476
GLENCOVE ROAD,331.68765283198496,SOUTH MIDLER AVENUE,SOUTH EDWARDS AVENUE,True,True,1,477430844,-76.10531029175789,43.06413110902179
CANDEE AVENUE,331.68897395421516,DIDAMA STREET,NIVEN STREET,True,True,1,477436300,-76.1049022708257,43.0472096423137
WESTMORELAND AVENUE,331.7391144971728,DAKOTA STREET,MEADOWBROOK DRIVE,True,True,1,477440767,-76.11360927891965,43.03223611649811
SACKETT STREET,331.7837792345038,APPLE STREET,RICHMOND AVENUE,True,True,1,477435161,-76.17634281010318,43.05073663310482
WEST BRIGHTON AVENUE,331.78499719526695,CLYDE AVENUE,SOUTH AVENUE,True,True,1,477443325,-76.16120180314256,43.0194895969465
CONGRESS AVENUE,331.8217321284206,KELLOGG STREET,GRACE STREET,True,True,1,477438410,-76.16341257310685,43.03989885906275
BRADFORD PARKWAY,331.8719729759326,STANDISH DRIVE,MEADOWBROOK DRIVE,True,True,1,477438342,-76.1060954059771,43.0399927904268
SOUTH WARREN STREET,331.8861291923019,EAST FAYETTE STREET,EAST WASHINGTON STREET,True,True,1,477435633,-76.15079792357926,43.04913059957534
EAST GENESEE STREET,331.90070352944724,FELLOWS AVENUE,WESTMORELAND AVENUE,True,True,1,477436677,-76.11513179428243,43.04533898796132
SOUTH CLINTON STREET,331.9626505407361,WEST WASHINGTON STREET,WEST FAYETTE STREET,True,True,1,477435618,-76.15356482444508,43.04915512132787
SCOTTHOLM BOULEVARD,332.053350171133,RAMSEY AVENUE,BRADFORD PARKWAY,True,True,1,504325251,-76.107410664399,43.04165797922294
MIDLAND AVENUE,332.0745155562909,WEST BORDEN AVENUE,WEST BEARD AVENUE,True,True,1,477442213,-76.15156532164615,43.02608713477552
VAN RENSSELAER STREET,332.09852627038316,WILKINSON STREET,RICHMOND AVENUE,True,True,1,477435253,-76.1661908179015,43.050456127614524
CANAL STREET,332.1331270130652,NORTH CROUSE AVENUE,DEAD END / SAME-NAME BRANCH,False,True,1,800041721,-76.13706963440654,43.051174510897894
UNION PLACE,332.1426955869341,KIRKPATRICK STREET;NORTH ALVORD STREET,LILAC STREET,True,True,1,477430576,-76.15560439171757,43.06560539006985
ROCKWOOD PLACE,332.14338619692313,DEAD END / SAME-NAME BRANCH,ALTON STREET,False,False,2,477442892;477442741,-76.19814602016743,43.0223926913272
TALLMAN STREET,332.1771404807684,SOUTH AVENUE,HUDSON STREET,True,True,1,477439575,-76.15955334405649,43.036107148583525
CRESTVIEW DRIVE,332.1852540408397,MERRITT AVENUE,MARIS DRIVE,True,True,1,477446109,-76.1574167681834,42.999397608381315
DUANE STREET,332.24735112668486,LAFORTE AVENUE,GRANT AVENUE,True,True,1,477440985,-76.17836331126152,43.03131412493793
SOUTH WILBUR AVENUE,332.3357488794782,MAGNOLIA STREET,HIGHPOINT STREET;SEYMOUR STREET,True,True,2,477437732;800084862,-76.17402173349272,43.04224631207372
MIDLAND AVENUE,332.33915033863184,MCLENNAN AVENUE,WEST BORDEN AVENUE,True,True,1,477442018,-76.15189535188777,43.02696611530758
COUGHLIN AVENUE,332.36396125212264,NORTH MIDLER AVENUE,RIGI AVENUE,True,True,1,477428886,-76.10500307296716,43.07369578665956
SOUTH AVERY AVENUE,332.3663887753238,TENNYSON AVENUE,BRYANT AVENUE,True,True,1,477437274,-76.18954376192904,43.043734121642316
WINTON STREET,332.424599646058,SCHULER STREET,HERBST AVENUE,True,True,1,477432050,-76.12451972903413,43.0595021532817
LEMOYNE AVENUE,332.5246212456516,MERRILL STREET,MARTIN STREET,True,True,1,477427381,-76.15100834451657,43.08173312958835
KINNE STREET,332.60612655945647,SAINT ANNE DRIVE,HIXSON AVENUE,True,True,1,477431845,-76.11922978277278,43.05978962985241
GLENCOVE ROAD,332.72392704160103,SOUTH COLLINGWOOD AVENUE,SOUTH EDWARDS AVENUE,True,True,1,477430873,-76.10655027900624,43.064063114340776
HENRY STREET,332.74189982749033,EAST RAYNOR AVENUE,STANDART STREET,True,True,1,477439901,-76.14054579319273,43.03531960968859
SOUTH SALINA STREET,332.8370640319479,EAST TAYLOR STREET,NEW STREET,True,True,1,477438459,-76.15044228266059,43.039889633544036
NORTH STATE STREET,332.9160230238028,EAST WILLOW STREET,HICKORY STREET,True,True,1,477433889,-76.14934981031284,43.053636132888094
EAST GENESEE STREET,333.1035571717502,DEAD END / SAME-NAME BRANCH,IRVING AVENUE,False,True,1,477436236,-76.1383687690219,43.047027624787994
ROCKFORD DRIVE,333.1074768529088,HARRINGTON ROAD,HURLBURT ROAD,True,True,1,477438397,-76.10119076415101,43.03965909988218
SOUTH SALINA STREET,333.3024273410583,BRAMPTON ROAD,SEARLWYN ROAD,True,True,1,477446821,-76.14396568943307,42.99188523839314
NORTH TOWNSEND STREET,333.3222654075743,EAST WILLOW STREET,HICKORY STREET,True,True,1,477433467,-76.14695982633448,43.054807650436445
VAN BUREN STREET,333.3837639143757,IRVING AVENUE,STADIUM PLACE,True,True,1,477439098,-76.13887481326645,43.037627596165805
FORMAN AVENUE,333.4656825192018,EAST WASHINGTON STREET,EAST FAYETTE STREET,True,True,1,477435692,-76.139921332797,43.04897811702438
BROAD STREET,333.6173217859604,ACKERMAN AVENUE,LANCASTER AVENUE,True,True,1,477441183,-76.12318477117535,43.030183152599676
MARTIN LUTHER KING WEST,333.6917039550593,DEARBORN PLACE,SOUTH AVENUE,True,True,1,477441116,-76.1580501652866,43.03066195167696
SOUTH FRANKLIN STREET,333.7705069569267,WEST WASHINGTON STREET,WEST FAYETTE STREET,True,True,1,477435613,-76.15552580042436,43.0491686542386
SOUTH STATE STREET,333.7837019798168,EAST WASHINGTON STREET,EAST WATER STREET,True,True,2,477435381;800066572,-76.14738608164838,43.049976646217246
MOUNTAINVIEW AVENUE,333.81584406528407,MELBOURNE AVENUE,AUDUBON PARKWAY,True,True,1,477434875,-76.0958782687227,43.05094560896186
ALMOND STREET,333.85897939606383,EAST FAYETTE STREET,EAST WASHINGTON STREET,True,True,1,477435683,-76.14215132009035,43.04901162087546
WEST STREET ARTERIAL SOUTHBOUND,333.8597136517965,GIFFORD STREET,SEYMOUR STREET,True,True,1,477437504,-76.15809992025224,43.04300663013377
STOLP AVENUE,333.8844142461767,WOLCOTT AVENUE,REED AVENUE,True,True,1,477441245,-76.1822052849179,43.02982961552561
DAISY STREET,333.8922831266968,DEAD END / SAME-NAME BRANCH,SOUTH AVENUE,False,True,1,477439778,-76.15828379602162,43.03534711509824
HOWARD STREET,333.91097200399076,WAYNE STREET,GREEN STREET,True,True,1,477433528,-76.14036329539535,43.05466412601426
GLENWOOD AVENUE,333.94740692712224,SUMMIT AVENUE,ARLINGTON AVENUE,True,True,1,477443196,-76.16607131956546,43.01990559219552
DELL STREET,334.0811841204078,COLUMBUS AVENUE,WESTCOTT STREET,True,True,1,477437703,-76.1200096533758,43.04192785116671
ROWLAND STREET,334.1194287583244,ELLIOTT STREET,BRADLEY STREET,True,True,1,477439860,-76.17171710954705,43.03527882074832
BURNET AVENUE,334.19697407938776,CLOVER RIDGE DRIVE,BURNS AVENUE,True,True,1,477431567,-76.09198724118994,43.06106364523821
PATTISON STREET,334.21550620544855,BOYDEN STREET,SHUART AVENUE,True,True,1,477431927,-76.12795878487736,43.05986713113272
ARTHUR STREET,334.26163575313484,ROWLAND STREET,ELLIOTT STREET,True,True,1,477439898,-76.17720527095902,43.035344618243
KLINE STREET,334.2899889559811,BRATTLE ROAD,DURSTON AVENUE,True,True,1,477429912,-76.12786431649782,43.06834911926128
BISHOP AVENUE,334.36757506874926,MARGUERITE AVENUE,WEST BRIGHTON AVENUE,True,True,1,477443341,-76.15799628529805,43.0195336047497
CALEB AVENUE,334.4283786776477,BOSTON STREET,CONKLIN AVENUE,True,True,1,477431048,-76.08969189015579,43.06335664268577
HILLSBORO PLACE,334.4726379541382,EAST GENESEE STREET;GIFFORD PARKWAY,DEAD END / SAME-NAME BRANCH,False,True,1,477438037,-76.08548594397274,43.04107456661439
BURNET AVENUE,334.64568046459294,ERICKSON STREET,ABERDEEN TERRACE,True,True,1,477431681,-76.095138365345,43.060604979115304
BURTEN STREET,334.6468608806156,VINCENT STREET,DEAD END / SAME-NAME BRANCH,False,True,1,477443300,-76.13438489588766,43.02043305335708
EASTWOOD ROAD,334.6842623803922,EDTIM ROAD,NORTH AVENUE,True,True,1,477429657,-76.11411880979557,43.069731123758245
ERIE BOULEVARD EAST,334.7009374830456,SOUTH MCBRIDE STREET,DEAD END / SAME-NAME BRANCH,False,True,4,477434983;477434981;800036365;477434977,-76.14448095121504,43.05076574600258
HOEFLER STREET,334.8198852201271,LOEHR AVENUE,WEST ONONDAGA STREET,True,True,1,477440200,-76.17952381368244,43.03423911916131
HAWLEY AVENUE,334.92617004039295,OAK STREET,DELHI STREET,True,True,1,477433222,-76.13265481357219,43.05523663041056
TYSON PLACE,335.025648820543,RIGI AVENUE,NORTH MIDLER AVENUE,True,True,1,477429435,-76.10484677767963,43.07085159715357
THURBER STREET,335.0569078890006,GOODRICH AVENUE,COMSTOCK AVENUE,True,True,1,477443330,-76.12760573188277,43.01921570792172
LINCOLN AVENUE,335.0873406221819,CLOVER STREET,BELLEVUE AVENUE,True,True,1,477440266,-76.15691849112822,43.034029761194226
CALEB AVENUE,335.1752101183831,SOUTH COLLINGWOOD AVENUE,SOUTH EDWARDS AVENUE,True,True,1,477431905,-76.10613330853683,43.05966312982
SUNNYCREST ROAD,335.17774776606905,WOODBINE AVENUE,FOREST HILL DRIVE,True,True,2,800034491;477431440,-76.11004624673754,43.06163113036585
TYSON PLACE,335.32084191697425,RIGI AVENUE,COLBY AVENUE,True,True,1,477429409,-76.10359533425225,43.07091779638313
RICH STREET,335.3431403340658,TALLMAN STREET,WHITE STREET,True,True,1,477439625,-76.1616608127448,43.03625560715282
GLENCOVE ROAD,335.3575945166984,NORTH GLENCOVE ROAD;RIDGEWOOD DRIVE,CLOVER RIDGE DRIVE,True,True,1,477430684,-76.09351644017268,43.064694498171825
VALLEY DRIVE,335.455824199865,MERRITT AVENUE,ACADEMY STREET,True,True,1,477446096,-76.1529906947091,42.9995333215233
STOLP AVENUE,335.4589966809044,SOUTH GEDDES STREET,STINARD AVENUE,True,True,1,477441192,-76.17459378951446,43.030097099127104
SLOCUM DRIVE,335.5145097453153,DEAD END / SAME-NAME BRANCH,DEAD END / SAME-NAME BRANCH,False,True,1,477443457,-76.11622752198238,43.018549128834174
TWIN HILLS DRIVE,335.5157384119911,SOUTH GEDDES STREET,STINARD AVENUE,True,True,1,477442210,-76.174251788484,43.02565614308754
LENNOX AVENUE,335.5163745227808,ROOSEVELT AVENUE,MILES AVENUE,True,True,1,477439701,-76.1169770525933,43.035592906004695
SALT SPRINGS ROAD,335.5993450759842,MELBOURNE AVENUE,SALISBURY PARK DRIVE,True,True,2,800029913;477436129,-76.09682701941006,43.04732489240063
CARLTON DRIVE,335.6082767237108,SALT SPRINGS ROAD,DOLL PARKWAY,True,True,1,504325286,-76.08897649744443,43.047038218258585
EUCLID AVENUE,335.6191837940913,JANET DRIVE,SCOTT AVENUE,True,True,1,477439928,-76.1073615754216,43.03480222836805
CLIFFSIDE DRIVE,335.63300287170904,PENTA DRIVE,DEAD END / SAME-NAME BRANCH,False,True,1,477442920,-76.13743897451705,43.022126574032924
VINE STREET,335.6462405930826,SHUART AVENUE,BOYDEN STREET,True,True,1,477431701,-76.12608501368044,43.06078132941638
BROOKSIDE DRIVE,335.66511786144224,STONEFIELD ROAD,DORWIN AVENUE,True,False,2,477447397;477447365,-76.14956538247024,42.98469383593993
ERIE BOULEVARD EAST,335.6815905204076,NORTH MCBRIDE STREET,DEAD END / SAME-NAME BRANCH,False,True,4,477434923;477434919;477434917;509997409,-76.14448176171958,43.05085608327412
STADIUM PLACE,335.6995387018337,EAST RAYNOR AVENUE,STANDART STREET,True,True,1,477439881,-76.13930608663426,43.03537579946735
LODI STREET,335.7096779669574,KIRKPATRICK STREET;NORTH SALINA STREET,UNION PLACE,True,True,1,477430734,-76.15611159294639,43.06471825728995
HERBST AVENUE,335.7484645563442,PATTISON STREET;VINE STREET,WINTON STREET,True,True,1,477432070,-76.12511328249022,43.05901761940818
BRADFORD PARKWAY,335.99815346922384,STANDISH DRIVE,MEADOWBROOK DRIVE,True,True,1,477438329,-76.10599345003352,43.04003579099819
DELAWARE STREET,336.09004428578373,KELLOGG STREET,HOLLAND STREET,True,True,1,477439571,-76.1665837897362,43.036248118916085
MERTENS AVENUE,336.1909265895673,BRATTLE ROAD,DURSTON AVENUE,True,True,1,477429280,-76.12810030882541,43.07153613441595
GRANT BOULEVARD,336.2476125607105,BRATTLE ROAD,DURSTON AVENUE,True,True,1,477429060,-76.12819429642468,43.07280962063107
COUGHLIN AVENUE,336.27239898809034,RIGI AVENUE,COLBY AVENUE,True,True,1,477428879,-76.10375428479563,43.073756123223596
SOUTH MCBRIDE STREET,336.336295538793,SIZER STREET,EAST RAYNOR AVENUE,True,True,1,506986280,-76.14360794029643,43.03609814980227
TRACY STREET,336.34730383536635,LEAVENWORTH AVENUE,BARKER AVENUE,True,True,1,477435265,-76.16260456919942,43.050116302264435
LATTER DRIVE,336.36844705318686,HARDING PLACE,EAST WARRINGTON ROAD,True,True,1,477446592,-76.13868263850696,42.99404040111965
MEADOWBROOK DRIVE,336.39566490214617,BUCKINGHAM AVENUE,LANCASTER AVENUE,True,True,1,477442370,-76.12119378562193,43.02482259314809
NICHOLS AVENUE,336.4160582469223,BURNET AVENUE,SHERIDAN PLACE,True,True,1,477432121,-76.10312533314989,43.0592349515629
FAYETTE BOULEVARD,336.4206918197076,MELBOURNE AVENUE,AUDUBON PARKWAY,True,True,1,477435474,-76.09574678011239,43.049332650041265
ETHEL STREET,336.4536290321445,DUNDEE DRIVE,VELASKO ROAD,True,True,1,477441620,-76.18610005418694,43.028274278755276
SOUTH AVENUE,336.4625798285383,TALLMAN STREET,WHITE STREET,True,True,1,477439534,-76.15896332902008,43.03665913824948
BURNET AVENUE,336.5040438672917,SOUTH EDWARDS AVENUE,SOUTH MIDLER AVENUE,True,True,1,477432274,-76.10478527550818,43.05838012497299
MEADOWBROOK DRIVE,336.5075109013112,LANCASTER AVENUE,BUCKINGHAM AVENUE,True,True,1,477442388,-76.12118174597688,43.024687096734844
DELAWARE STREET,336.51954815829407,GRAND AVENUE,AMY STREET;SOUTH WILBUR AVENUE,True,True,1,477438393,-76.17428122587435,43.04000830394452
NORTHCLIFFE ROAD,336.55359688609155,WOODBINE AVENUE,HILLSDALE AVENUE,True,True,1,477430384,-76.10921525293172,43.06621514038437
BURNET AVENUE,336.5588995320051,FAIRVIEW AVENUE,VINE STREET,True,True,1,477433984,-76.1261597469373,43.053113089546486
EUCLID AVENUE,336.6032292700009,LIVINGSTON AVENUE,OSTROM AVENUE,True,True,1,477439475,-76.12754760826226,43.036383440562965
SABINE STREET,336.70498213015634,BARRETT STREET,DELAWARE STREET,True,True,1,477439156,-76.16895132468804,43.037733852750684
SOUTH SALINA STREET,336.86141415698086,OAKLEY DRIVE EAST;SPAULDING AVENUE,JACLYN DRIVE,True,True,1,477447254,-76.14387376129262,42.9866235671383
AUDUBON PARKWAY,336.9166510041991,DEAD END / SAME-NAME BRANCH,FAYETTE BOULEVARD,False,True,2,800005960;477435591,-76.09508181784638,43.048908140421666
MARKET STREET,336.9585304061458,EAST WASHINGTON STREET,EAST WATER STREET,True,True,2,477435376;800066624,-76.14885783554169,43.04999596878102
WEST ONONDAGA STREET,336.99096675155977,SOUTH WEST STREET,MIDLAND AVENUE,True,True,2,477438157;800030979,-76.15774643243269,43.040319201592325
STADIUM PLACE,337.04932545353296,STANDART STREET,OAKLAND STREET,True,True,1,477440137,-76.1392583972495,43.034453447040185
STRATFORD STREET,337.11587707071214,DORSET ROAD;SUMNER AVENUE,LIVINGSTON AVENUE,True,True,1,477440092,-76.12608051313465,43.03413975155277
CLARENDON STREET,337.1477208156736,OSTROM AVENUE,LIVINGSTON AVENUE,True,True,1,477439001,-76.12770444110488,43.03801120075445
NORTHCLIFFE ROAD,337.21313108226667,PLYMOUTH DRIVE,MOSLEY DRIVE,True,True,1,477430284,-76.10046346074209,43.06675045662699
BROAD STREET,337.2967560421233,SOMERSET ROAD,CRAWFORD AVENUE,True,True,1,477440951,-76.11013322149061,43.03108223545707
SOUTH SALINA STREET,337.4069092278783,MCCLURE AVENUE,MCALLISTER AVENUE,True,True,1,477442962,-76.14353281108494,43.02185310727337
SOUTH SALINA STREET,337.43788650328577,MCKINLEY AVENUE,ELK STREET,True,True,1,477442517,-76.14475689457299,43.024425378191694
NORTH SALINA STREET,337.46756191843457,EAST LAUREL STREET;WEST LAUREL STREET,NORTH STATE STREET,True,True,1,477432936,-76.15206531484996,43.056539598120594
BARNES AVENUE,337.54959513446596,WENTE TERRACE,MARVIN ROAD,True,True,1,477444516,-76.16048776222279,43.011153586040365
ANDOVER ROAD,337.5856379414387,BUCKINGHAM AVENUE,LANCASTER AVENUE,True,True,1,477441742,-76.12145391344608,43.02781113113208
MEADOWBROOK DRIVE,337.59101754381965,FELLOWS AVENUE,WESTMORELAND AVENUE,True,True,1,477440859,-76.11415729733955,43.031604096177766
OAK PLACE,337.62935610090193,OAK STREET,DELHI STREET,True,True,1,477432821,-76.13274177274553,43.05642513447497
HANCOCK DRIVE,337.6959968493268,ARDEN DRIVE,CALVIN ROAD,True,True,1,477442965,-76.1768484827193,43.02184188165967
BEATTIE STREET,337.7409579110026,NIVEN STREET,DIDAMA STREET,True,True,1,477436343,-76.1080898011456,43.04704915011486
DUDLEY STREET,337.76872478665615,WEST ONONDAGA STREET,ELLIOTT STREET,True,True,1,477440090,-76.1699922175058,43.0345874257786
EUCLID AVENUE,337.84183336505146,ACKERMAN AVENUE,SUMNER AVENUE,True,True,1,477439414,-76.1250247587993,43.0365054569115
SOUTH SALINA STREET,337.8662286936024,DAWES AVENUE,FILLMORE AVENUE,True,True,2,800034248;477444786,-76.14246678845535,43.0092923608554
LIBERTY STREET,337.9255644290885,LAKEVIEW AVENUE,RICHMOND AVENUE,True,True,1,477435461,-76.1742373265882,43.04979014360087
CALEB AVENUE,337.9706308956123,HILLSDALE AVENUE,WOODBINE AVENUE,True,True,1,477432074,-76.10858226786846,43.059100828379144
STOLP AVENUE,338.1489476516129,CLAIRMONTE AVENUE,HUBBELL AVENUE,True,True,1,477441164,-76.16982531363185,43.03027061753041
CALEB AVENUE,338.1929527349338,LUDDINGTON STREET,ERICKSON STREET,True,True,1,477431420,-76.09650829285933,43.0618546237961
FINEVIEW PLACE,338.1991901282693,STANDART STREET,OAKLAND STREET,True,True,1,477440174,-76.14196397988967,43.03434694127
LORRAINE AVENUE,338.202810559163,EAST COLVIN STREET;NORTH LORRAINE AVENUE,BOISE DRIVE,True,True,1,477442443,-76.13222639737204,43.02477496257418
WILLIS AVENUE,338.21974389591026,DEAD END / SAME-NAME BRANCH,LEWIS STREET,False,True,1,504325335,-76.19396003961991,43.05500541922023
TEALL AVENUE,338.279861458366,BOYDEN STREET,SCHULER STREET,True,True,1,477431781,-76.1223657796243,43.06051014534034
WEST TAYLOR STREET,338.28870986876944,SOUTH CLINTON STREET,ONEIDA STREET,True,True,1,477438724,-76.15216279191392,43.03889709284877
STRATFORD STREET,338.29274600713524,LIVINGSTON AVENUE,BERKELEY DRIVE;OSTROM AVENUE,True,True,1,477440119,-76.12734055988935,43.034072974605515
LARNED STREET,338.35179561318415,ONEIDA STREET,SAFETY LANE,True,True,1,477438062,-76.15409825892215,43.040909390234255
THIRD AVENUE,338.3681027942431,BUTTERNUT STREET,HIGHLAND STREET,True,True,1,477429633,-76.14267028096744,43.069610371765414
MEADOWBROOK DRIVE,338.43284708861484,WESTMORELAND AVENUE,FELLOWS AVENUE,True,True,1,477440895,-76.1141488019571,43.03144611405034
CALEB AVENUE,338.4388640126993,SOUTH EDWARDS AVENUE,SOUTH MIDLER AVENUE,True,True,1,477431829,-76.10492979246389,43.059938105191534
ONONDAGA CREEK BOULEVARD,338.4592287754115,HUNT AVENUE,BERTRAM PLACE,True,True,1,477443565,-76.15593671822121,43.01767889637742
CRESCENT AVENUE,338.46378121980615,HUDSON STREET,SOUTH AVENUE,True,True,1,477441545,-76.15857762202529,43.028592230814944
MEADOWBROOK DRIVE,338.5279426923538,MONTANA STREET,CHENNAULT DRIVE,True,True,1,477439878,-76.11111782269084,43.03534769125655
CROSSETT STREET,338.58028165873105,STINARD AVENUE,SOUTH GEDDES STREET,True,True,1,477441730,-76.1744137846312,43.0278441161564
EUCLID AVENUE,338.6348967789553,LIVINGSTON AVENUE,SUMNER AVENUE,True,True,1,477439441,-76.1262875302571,43.03644713554127
EAST GENESEE STREET,338.67162371967606,SUNNYSIDE PARK ROAD,ALBERT ROAD;EAST GENESEE PARKWAY,True,True,1,477437414,-76.09263453881617,43.04282180718012
SCOTTHOLM BOULEVARD,338.8829245536821,RAMSEY AVENUE,BRADFORD PARKWAY,True,True,1,504325253,-76.10736295450414,43.04174531466678
IDA AVENUE,338.93205538092025,DORWIN AVENUE,STONEFIELD ROAD,True,False,2,477447352;477447391,-76.14685188808267,42.98479063953685
CATHERINE STREET,338.9608267498154,WAYNE STREET,GREEN STREET;HAWLEY AVENUE,True,True,1,477433842,-76.14218145632185,43.053754575604216
SOUTH SALINA STREET,339.0185888903816,WEST LYNHURST AVENUE,WEST CALTHROP AVENUE,True,True,1,477443848,-76.14113462044799,43.015750321936686
SOUTH STATE STREET,339.03539448363927,AMHERST AVENUE,MCALLISTER AVENUE,True,True,1,477442807,-76.14189830578354,43.02285263206366
GORDON AVENUE,339.13637733528,SOUTH GEDDES STREET,STINARD AVENUE,True,True,1,477441453,-76.174509793874,43.02907810991569
SUMMIT AVENUE,339.1409159889865,DEAD END / SAME-NAME BRANCH,RUSKIN AVENUE,False,True,1,477440795,-76.16619175899021,43.03218360806468
VALLEY DRIVE,339.1663361476811,KEEN PLACE,WEST NEWELL STREET,True,True,1,477443845,-76.15981242446854,43.01575326709164
CLARENDON STREET,339.16992839696906,LIVINGSTON AVENUE,SUMNER AVENUE,True,True,1,477438980,-76.12644243024623,43.03807671458974
GALE AVENUE,339.3211796975703,BURNET AVENUE,GALE STREET;VANN STREET,True,True,1,477432895,-76.11497030503487,43.05667860345601
MASSENA STREET,339.36801137096165,GRACE STREET,SABINE STREET,True,True,1,477438802,-76.16661643495291,43.03882698882845
CLARENDON STREET,339.4062157422209,LANCASTER AVENUE,ACKERMAN AVENUE,True,True,1,477438895,-76.12395458451509,43.038326128328855
MEADOWBROOK DRIVE,339.4197286569961,HARRINGTON ROAD,HATHERLY ROAD,True,True,1,477437952,-76.10273914896952,43.04136970491642
KIRK PARK DRIVE,339.5085489750985,WEST LAFAYETTE AVENUE,WEST BRIGHTON AVENUE,True,True,1,477443419,-76.15400891017025,43.01893086779211
NORTHCLIFFE ROAD,339.85658523521187,CLOVER RIDGE DRIVE,RIDGEWOOD DRIVE,True,True,1,477430198,-76.09370849881903,43.06697043027125
FAYETTE BOULEVARD,339.8893666103053,SALISBURY PARK DRIVE,MELBOURNE AVENUE,True,True,1,477435498,-76.0970087648083,43.04926463832402
HAWTHORNE STREET,339.9007042799312,COLUMBUS AVENUE,WESTCOTT STREET,True,True,1,477437049,-76.12018730422997,43.04399464245867
SOUTH SALINA STREET,340.0188730768241,EAST RAYNOR AVENUE,TALLMAN STREET,True,True,1,477439764,-76.14951829269253,43.03587507716529
CALEB AVENUE,340.0223650908162,BURNS AVENUE,BOSTON STREET,True,True,1,477431142,-76.09090980243315,43.06312109178422
NORTH CROUSE AVENUE,340.0256722560848,LODI STREET,HAWLEY AVENUE,True,True,1,477433890,-76.13638431068937,43.053705113932565
ENGLEWOOD AVENUE,340.06206300566316,MAINS AVENUE,SMITH ROAD,True,True,1,477445433,-76.15567578882097,43.004756133291025
CROSSETT STREET,340.0926413817511,HUBBELL AVENUE,CLAIRMONTE AVENUE,True,True,1,477441694,-76.16965027049326,43.027940089475074
FINEVIEW PLACE,340.27479905775414,EAST RAYNOR AVENUE,STANDART STREET,True,True,1,477439915,-76.14183555036303,43.035271916330345
MONTANA STREET,340.33352470392015,MEADOWBROOK DRIVE,CRAWFORD AVENUE,True,True,1,477439968,-76.11052168122,43.03476585377112
MEADOWBROOK DRIVE,340.3523647978855,HATHERLY ROAD,HARRINGTON ROAD,True,True,1,477437928,-76.10277134658018,43.04150011598465
HERBERT STREET,340.4382165796764,SPRING STREET,GILBERT AVENUE,True,True,1,477430095,-76.14883144098789,43.067812192303286
MONTANA STREET,340.57809767182204,MEADOWBROOK DRIVE,CUMBERLAND AVENUE,True,True,1,477439895,-76.11198978798598,43.03491016594336
GARFIELD AVENUE,340.5810335909611,OAKWOOD AVENUE,WOODLAND AVENUE,True,True,1,477441236,-76.14251147816309,43.03032743808643
GRASSMAN AVENUE,340.5993647734792,BUTTERNUT STREET,DEAD END / SAME-NAME BRANCH,False,True,1,477430325,-76.14389447390774,43.0665917431734
SALISBURY ROAD,340.6147801775303,LAKEVIEW ROAD,WESTMONT ROAD,True,True,1,477437759,-76.20195081365748,43.0417131322233
SALT SPRINGS ROAD,340.6579086240145,AUDUBON PARKWAY,MELBOURNE AVENUE,True,True,3,800029910;477436062;800029900,-76.09559144662282,43.04752456156604
ACADEMY STREET,340.7218661614988,MACDOUGALL PLACE,ACADEMY GREEN,True,True,1,477446028,-76.15123175124816,42.99977880908181
ANDOVER ROAD,340.8288333244423,BUCKINGHAM AVENUE,KENSINGTON PLACE,True,True,1,477441722,-76.12018861200134,43.027879698546975
MOUNTAINVIEW AVENUE,340.91618892441085,SALISBURY PARK DRIVE,MELBOURNE AVENUE,True,True,1,477434930,-76.09713675102917,43.05087213647174
BURNET AVENUE,340.9240691142505,SOUTH EDWARDS AVENUE,SOUTH COLLINGWOOD AVENUE,True,True,1,477432373,-76.10599727982812,43.058107635550186
GERTRUDE STREET,341.0327041688277,LODI STREET,FOUNTAIN STREET,True,True,1,477433435,-76.13642125969184,43.05474512584585
HIGHLAND STREET,341.0656194942886,SWEETING STREET,THIRD AVENUE,True,True,2,477429604;477429627,-76.14196784817786,43.07006814666692
POND STREET,341.2257152329549,GRIFFITHS STREET,FIRST NORTH STREET,True,True,1,477429699,-76.14864809787431,43.069781868081364
JAMES STREET,341.3096344147371,HIXSON AVENUE,TEALL AVENUE,True,True,1,477430606,-76.12215429314718,43.06528961995241
EAST COLVIN STREET,341.3164979178367,BUCKINGHAM AVENUE,LANCASTER AVENUE,True,True,1,477442895,-76.12094379439158,43.021940131638964
RICHMOND AVENUE,341.4043144618791,LAKEVIEW AVENUE,SACKETT STREET,True,True,1,477435162,-76.17700380597465,43.05029562084343
SOUTH SALINA STREET,341.45965221359495,KIRK AVENUE,MCLENNAN AVENUE,True,True,1,477441509,-76.14701331566863,43.02919510913634
ARGYLE TERRACE,341.4621016080222,KIRK AVENUE,MCLENNAN AVENUE,True,True,1,477441896,-76.15341430570443,43.02756260977826
HILTON ROAD,341.6689421460527,LONGMEADOW DRIVE,LONGMEADOW DRIVE,True,True,1,477446936,-76.14610268351268,42.99047447895933
BURNET AVENUE,341.74176986664384,PLYMOUTH DRIVE,LUDDINGTON STREET,True,True,1,477431804,-76.09758223506432,43.06004312656241
SOUTH STATE STREET,341.7676399161107,CHAVEZ TERRACE,ANGELOU TERRACE,True,True,2,477437999;800038705,-76.14755627793498,43.041493613825104
STRATFORD STREET,341.7745646362418,DORSET ROAD;SUMNER AVENUE,ACKERMAN AVENUE,True,True,1,477440080,-76.1248133976663,43.03419945029311
ROCKWOOD ROAD,341.9130024515637,ROCKWOOD PLACE,BROADVIEW DRIVE,True,True,1,477442618,-76.19959575499581,43.02361106481876
SOUTH BEECH STREET,341.9705289378658,JUDSON STREET,TRINITY PLACE,True,True,1,477438222,-76.1200707680661,43.04075015029523
CALEB AVENUE,342.10294888615664,CLOVER RIDGE DRIVE,BURNS AVENUE,True,True,1,477431197,-76.09213323041422,43.06285410500994
JAMESVILLE AVENUE,342.4123052905522,BUTLER STREET,THURBER STREET,True,True,1,477443443,-76.13055620275183,43.018645178428194
ELMWOOD AVENUE,342.447480575175,CRADDOCK STREET,GLENWOOD AVENUE,True,True,1,477443430,-76.16204806803457,43.018562488079944
NORTH SALINA STREET,342.46078100186844,EXCHANGE STREET,WOLF STREET,True,True,1,477429598,-76.16580428595425,43.070083608867
SOUTH CLINTON STREET,342.5291591964908,WEST WATER STREET,WEST WASHINGTON STREET,True,True,2,800066614;477435344,-76.15355093634349,43.05008060646061
SOUTH GEDDES STREET,342.57385825629774,DELAWARE STREET,MERRIMAN AVENUE,True,True,1,477438617,-76.17257429327601,43.03956859215692
DAKOTA STREET,342.61346035933235,MILES AVENUE,FELLOWS AVENUE,True,True,1,477440540,-76.11546228654296,43.03261811266642
MIDLAND AVENUE,342.76478438665384,KIRK AVENUE,MCLENNAN AVENUE,True,True,1,477441827,-76.15223380645821,43.027858607331034
CRAWFORD AVENUE,342.87680211532125,MINEOLA DRIVE,EUCLID AVENUE,True,True,1,477439655,-76.10888677852222,43.03611712539473
BURNET AVENUE,342.8860069295647,SOUTH COLLINGWOOD AVENUE,HILLSDALE AVENUE,True,True,2,477432400;477432471,-76.10722056189132,43.05783226069528
EAST BRIGHTON AVENUE AVENUE NORTHBOUND,343.08153163253763,DEAD END / SAME-NAME BRANCH,EAST BRIGHTON AVENUE,False,True,1,477444818,-76.13203208190666,43.00851315742518
EAST ADAMS STREET,343.4498923138438,HARRISON PLACE,MONTGOMERY STREET,True,True,1,477437378,-76.14951182843797,43.04276510845805
BURNET AVENUE,343.63450897593685,NORTH TOWNSEND STREET,DECKER STREET,True,True,1,509997504,-76.14617425843119,43.05228965246323
VALLEY DRIVE,343.65901879156314,SAINT LOUIS AVENUE,MARLETT STREET,True,True,1,477444857,-76.15608927061507,43.00866510371472
NORTH SALINA STREET,343.65938112974004,EAST WILLOW STREET,HERALD PLACE,True,True,1,477434163,-76.15215180059917,43.05284911330524
KIRK AVENUE,343.66365593952156,MIDLAND AVENUE,ARGYLE TERRACE,True,True,1,477441678,-76.15301428358603,43.02815862443662
LEWISTON DRIVE,343.6930637593569,CUMBERLAND AVENUE,JULIAN PLACE;NOTTINGHAM ROAD,True,True,1,477442662,-76.1115900093223,43.02334290089521
HARRISON STREET,343.754848978596,MONTGOMERY STREET,HARRISON PLACE,True,True,1,477436945,-76.14948833835446,43.044291629434674
MONTGOMERY STREET,344.0306752874829,EAST WATER STREET,EAST WASHINGTON STREET,True,True,2,800066547;477435373,-76.14933128326531,43.05002264333266
MCDONALD ROAD,344.17358714403053,REINMAN ROAD,GLENWOOD AVENUE,True,True,1,477443342,-76.17606326029149,43.01930621170237
COYKENDALL AVENUE,344.21358799183315,CHEMUNG STREET,DEAD END / SAME-NAME BRANCH,False,True,1,477432869,-76.19646832624024,43.056712155337856
GRANT AVENUE,344.32090798691854,SOUTH GEDDES STREET,STINARD AVENUE,True,True,1,477440733,-76.17471680520475,43.03189708816713
ASH STREET,344.4133969976197,LODI STREET,NORTH MCBRIDE STREET,True,True,1,477431712,-76.1492152913558,43.06056610573201
LANDON AVENUE,344.4885892960425,KIRK AVENUE,MCLENNAN AVENUE,True,True,1,477441634,-76.14906677906808,43.02866712652489
NORTH GEDDES STREET,344.49663283533215,WILKINSON STREET,PARK AVENUE,True,True,1,477434838,-76.17064574755264,43.05150311123368
NORTH CLINTON STREET,344.79226149395623,HERALD PLACE,WEST WILLOW STREET,True,True,1,477434147,-76.15347952663764,43.052868744540405
SOUTH FRANKLIN STREET,344.8429876532532,WEST WATER STREET,WEST WASHINGTON STREET,True,True,1,477435338,-76.15550533918062,43.05009965108625
EASTMAN AVENUE,344.9919122892224,SOUTH AVENUE,MAY AVENUE,True,True,1,477442910,-76.15993379442274,43.021812130666206
JOHN STREET,345.0020364305923,FIRST NORTH STREET,GRIFFITHS STREET,True,True,1,477430032,-76.14448479663689,43.06811713721957
WEST GENESEE STREET,345.34165175680624,ERIE BOULEVARD WEST,WEST FAYETTE STREET,True,True,2,506021508;477434320,-76.1828498646949,43.052085586831126
DILLAYE AVENUE,345.3823812509959,BURNET AVENUE,VANN STREET,True,True,1,477433068,-76.11688127145864,43.05615663970993
STINARD AVENUE,345.47330573452126,CHARMOUTH DRIVE,GLENWOOD AVENUE,True,True,1,477443269,-76.17179916538522,43.020049722760284
WYOMING STREET,345.59721761948964,FABIUS STREET,TULLY STREET,True,True,2,477436833;477436752,-76.15938133643117,43.04497482252436
SOUTH SALINA STREET,345.67186172027743,EAST KENNEDY STREET,KIRK AVENUE,True,True,1,477441299,-76.147435817114,43.03008560209338
WEST SCOTT AVENUE,345.86273760793176,CRAWFORD AVENUE,SCOTT AVENUE,True,True,1,477437961,-76.11012121458653,43.04145635501511
OTISCO STREET,345.9245259329379,BELMONT STREET,ONTARIO STREET,True,True,1,477437012,-76.16869731839078,43.04425563445945
CALEB AVENUE,346.113760324999,PLYMOUTH DRIVE,LUDDINGTON STREET,True,True,1,477431467,-76.09772981124037,43.06157263048543
BURNET AVENUE,346.13829178925073,LUDDINGTON STREET,ERICKSON STREET,True,True,1,477431750,-76.09635374630865,43.06032513981171
FAYETTE BOULEVARD,346.2143092578218,FOXBORO ROAD,AUDUBON PARKWAY,True,True,1,477435463,-76.09432156001334,43.049349450426476
WEST JEFFERSON STREET,346.21716190395955,SOUTH WEST STREET,DEAD END / SAME-NAME BRANCH,False,True,2,800036944;477436175,-76.15796187029261,43.04710784487413
BURNET PARK DRIVE,346.22959784542496,WHITTIER AVENUE,COLERIDGE AVENUE,True,True,1,477437201,-76.1842051303451,43.043891741679644
JOHN STREET,346.26957834723476,SPRING STREET,GILBERT AVENUE,True,True,1,477430420,-76.14549276615806,43.066444123358146
WEST COLVIN STREET,346.3352707712085,SOUTH AVENUE,MAY AVENUE,True,True,1,477442654,-76.15992377969158,43.023190121088554
SOUTH SALINA STREET,346.3439022606527,EAST BEARD AVENUE;WEST BEARD AVENUE,WOOD AVENUE,True,True,1,477442118,-76.1457756815385,43.026582406239385
BALLANTYNE ROAD,346.4282045912155,MIDLAND AVENUE,SLAYTON AVENUE,True,True,1,477444539,-76.14704290509697,43.01051673328343
WINDHAM DRIVE,346.4379726108546,DEAD END / SAME-NAME BRANCH,GUILFORD ROAD;KILLIAN DRIVE,False,True,1,477439547,-76.09498547524764,43.03655458419643
BROWN STREET,346.5965693573749,NORTH TOWNSEND STREET,DECKER STREET,True,True,1,509997546,-76.14621373354785,43.051804523076484
TEALL AVENUE,346.89763316444856,PAUL AVENUE,MILDRED AVENUE,True,True,1,477429546,-76.12303676098462,43.07065312959357
NORTH TOWNSEND STREET,346.9169483312611,EAST WILLOW STREET,JAMES STREET,True,True,1,477433739,-76.14630984606444,43.0540051201912
SMALL ROAD,346.9570937944895,LAMBRETH LANE,SLOCUM DRIVE,True,True,1,477442937,-76.11822793214762,43.02155360493646
SOUTH STATE STREET,346.9640062219648,MCALLISTER AVENUE,MCCLURE AVENUE,True,True,1,477442941,-76.14148231836764,43.02196214243802
NORTH FRANKLIN STREET,346.9984848599133,WEST WILLOW STREET,HERALD PLACE,True,True,1,477434143,-76.1548655158838,43.052885862636245
WEST STREET ARTERIAL SOUTHBOUND,347.11981828936456,SEYMOUR STREET,SHONNARD STREET;SOUTH WEST STREET,True,True,1,504325349,-76.15777969836783,43.04210766250981
SOUTH WILBUR AVENUE,347.16470804303214,WHITTIER AVENUE,COLERIDGE AVENUE,True,True,1,477436490,-76.1778143369591,43.046315632260416
EAST ADAMS STREET,347.20539617544904,ELIZABETH BLACKWELL STREET,SARAH LOGUEN STREET,True,True,1,477437436,-76.13989879635488,43.04268913425368
KIMBER ROAD,347.2074603742077,LOCKWOOD ROAD,KILLIAN DRIVE,True,True,1,477439195,-76.09338776074425,43.03773113846186
ARDEN DRIVE,347.2412180340878,STINARD AVENUE,SOUTH GEDDES STREET,True,True,1,477442947,-76.17370321295428,43.02151038046325
WEST COLVIN STREET,347.35420773953877,HUNT AVENUE,RANDALL AVENUE,True,True,1,477442650,-76.15625578013446,43.02316109954283
HAWLEY AVENUE,347.5582450568281,SHERWOOD AVENUE,WINTON STREET,True,True,1,477433111,-76.124052298057,43.05560114938187
CRAIG STREET,347.8772404135589,FIRST NORTH STREET,GRIFFITHS STREET,True,True,1,511383770,-76.14713952094652,43.069185936267615
MIDLAND AVENUE,347.93442791355847,CORTLAND AVENUE,FURMAN STREET,True,True,1,477441099,-76.15361481004369,43.03097408296684
LODI STREET,348.02174171955414,WAYNE STREET,GREEN STREET,True,True,1,477433233,-76.13875280585623,43.05545462926392
SOUTH SALINA STREET,348.02569308884193,EAST WATER STREET;WEST WATER STREET,EAST WASHINGTON STREET;WEST WASHINGTON STREET,True,True,2,800066542;477435349,-76.15219591226001,43.05007415270676
VANN STREET,348.12457929540574,GALE AVENUE;GALE STREET,DEAD END / SAME-NAME BRANCH,False,True,1,477432615,-76.11441528579086,43.05731412693757
CURTIS STREET,348.1495831763185,SPRING STREET,GILBERT AVENUE,True,True,1,477430177,-76.14798329857751,43.06745963071729
SOUTH STATE STREET,348.15922045033284,EAST RAYNOR AVENUE;THURGOOD TERRACE,PAVILLION TERRACE,True,True,1,477439724,-76.14720132843105,43.03599062848028
SOUTH GEDDES STREET,348.23829322343454,GRAND AVENUE,MERRIMAN AVENUE,True,True,1,477438280,-76.17221480508964,43.040479113434685
EAST GENESEE STREET,348.273852958539,WALNUT AVENUE,COMSTOCK AVENUE,True,True,1,477436258,-76.13145279028664,43.0469390807667
FAYETTE BOULEVARD,348.3095470035124,FOXBORO ROAD,AUDUBON PARKWAY,True,True,1,477435447,-76.09433151560675,43.0494600209733
NORTH STATE STREET,348.3311060281642,EAST WILLOW STREET,JAMES STREET,True,True,1,477434140,-76.14870179107378,43.05283112010037
WEST ADAMS STREET,348.38747889430914,SOUTH CLINTON STREET,EAST ADAMS STREET;SOUTH SALINA STREET,True,True,1,477437526,-76.15217022987876,43.042649841954834
TEMPLE STREET,348.4220061056181,SOUTH SALINA STREET,SOUTH CLINTON STREET,True,True,1,513530914,-76.15133170895234,43.04058154940538
VILLAGE DRIVE EXTENSION,348.6749935003087,DEAD END / SAME-NAME BRANCH,GRANT BOULEVARD,False,True,1,477429429,-76.11972064653807,43.07123863472926
SEYMOUR STREET,348.6772458862259,SOUTH GEDDES STREET,AMY STREET,True,True,1,477437709,-76.1722942722296,43.041886620126085
CLARENDON STREET,348.7606957406396,ACKERMAN AVENUE,SUMNER AVENUE,True,True,1,477438965,-76.1251603943872,43.03814160790531
WEST COLVIN STREET,348.8140153315991,CANNON STREET,WEBSTER AVENUE,True,True,1,477442340,-76.14702982749691,43.0251021166146
SOUTH AVENUE,348.8451405909773,CLOVER STREET,BELLEVUE AVENUE,True,True,1,477440292,-76.15885625523568,43.03395712962117
CATHERINE STREET,348.87620968692465,JAMES STREET,WAYNE STREET,True,True,1,477433569,-76.14279384680499,43.054579635637936
SOUTH GEDDES STREET,348.95297680244676,SEYMOUR STREET,GIFFORD STREET,True,True,1,477437687,-76.1714642994725,43.042377151812374
DELAWARE STREET,349.0255534632545,KELLOGG STREET,GRACE STREET,True,True,1,477439428,-76.16772029139058,43.03668263038796
PARK STREET,349.0645890540529,EXCHANGE STREET,WOLF STREET,True,True,1,477429389,-76.16495025344177,43.0712426316684
NORTH MCBRIDE STREET,349.08762418704316,EAST WILLOW STREET,JAMES STREET,True,True,1,477433519,-76.1448847766489,43.05470812564767
CALEB AVENUE,349.1313411126255,SOUTH COLLINGWOOD AVENUE,HILLSDALE AVENUE,True,True,1,477432006,-76.10735627597695,43.05938462186402
GEORGE STREET,349.2778248839856,GRANT BOULEVARD,MILDRED AVENUE,True,True,1,477429614,-76.11981377533736,43.07015563610707
PULASKI STREET,349.27918420323317,WEST BEAR STREET,GIMINSKI DRIVE,True,True,1,477432123,-76.17207342817892,43.05907804743079
WINTON STREET,349.35074022676434,BOYDEN STREET,SCHULER STREET,True,True,1,477431795,-76.12477257753557,43.0603516743281
HARRISON STREET,349.4030438469119,SARAH LOGUEN STREET,ELIZABETH BLACKWELL STREET,True,True,1,506021525,-76.13987451139457,43.04425663323626
EASTWOOD ROAD,349.4290284547341,EDTIM ROAD,GRANT BOULEVARD,True,True,1,477429831,-76.1149512575498,43.06910560619981
HOVEY STREET,349.4534906712467,HURON STREET,CHESTER STREET,True,True,1,477440877,-76.15695395469312,43.03160594204166
HIGHLAND STREET,349.5288271958942,JAMES STREET,EAST WILLOW STREET,True,True,1,477432609,-76.13900027037609,43.05759470703315
ELLIS STREET,349.7162426000579,LEXINGTON AVENUE,EAST FAYETTE STREET,True,True,1,477436124,-76.11366130237093,43.04772145051271
MADISON STREET,349.78460286647066,SOUTH STATE STREET,MONTGOMERY STREET,True,True,1,477436595,-76.14816410256752,43.04547469613111
TERRACE ROAD,349.9129581695265,WINDSOR PLACE,ACKERMAN AVENUE;KENSINGTON ROAD,True,True,1,477440665,-76.1246244103629,43.03210594975288
CRADDOCK STREET,350.0773442422731,GLENWOOD AVENUE,HILLVIEW AVENUE,True,True,1,477443276,-76.16264920483458,43.02003032343764
CATHERINE STREET,350.09008015035664,EAST WILLOW STREET,JAMES STREET,True,True,1,477433280,-76.14344579865858,43.05541111710949
EUCLID AVENUE,350.27562170719165,CRAWFORD AVENUE,MEADOWBROOK DRIVE,True,True,1,477439656,-76.10965780780737,43.03604513116714
DUANE STREET,350.5826798395608,GRANT AVENUE,BELLEVUE AVENUE,True,True,1,477440770,-76.17842178882576,43.032250123118
CLARENCE AVENUE,350.6133044078834,OTTO STREET,RANDOLPH STREET,True,True,1,477445485,-76.14104681386708,43.00431963093687
NORTH STATE STREET,351.1221352947003,ERIE BOULEVARD EAST;SOUTH STATE STREET,DEAD END / SAME-NAME BRANCH,False,True,6,800036393;800036403;800036405;477434783;477434643;477434926,-76.14752769531152,43.05129286086635
HOPE AVENUE,351.181086349127,WARNER AVENUE,FOREST AVENUE,True,True,1,477443096,-76.15145527607434,43.02111909830519
HERKIMER STREET,351.1879200835544,EMERSON AVENUE,PHARIS STREET,True,True,1,477433540,-76.18916507729894,43.05445750855694
BALLANTYNE ROAD,351.24567536658776,SHIRLEY DRIVE,VALLEY DRIVE,True,True,1,477444694,-76.15583830480516,43.00951360827077
ERIE STREET,351.38212449921537,AVERY AVENUE,DEAD END / SAME-NAME BRANCH,False,True,1,477434868,-76.19459600010725,43.05116019565872
GLENCOVE ROAD,351.47507675456274,HOMECROFT ROAD,NICHOLS AVENUE,True,True,1,477430815,-76.10284727701858,43.06424762403547
JAMESVILLE AVENUE,351.54033956166285,JEAN AVENUE;TEJAH AVENUE,PINE GROVE STREET,True,True,1,477444068,-76.1266249400526,43.01416369499515
NORTHCLIFFE ROAD,351.5459529435135,STAFFORD AVENUE,FOREST HILL DRIVE,True,True,1,477430405,-76.11185575019215,43.06609559286324
OSWEGO STREET,351.62117826542897,CONGRESS AVENUE;MERRIMAN AVENUE,SHONNARD STREET,True,True,1,477438198,-76.16386227461372,43.04088908657562
KINCAID AVENUE,351.66810619576137,AVERY AVENUE,DEAD END / SAME-NAME BRANCH,False,True,1,477432544,-76.19918230976427,43.0576586119156
BARNES AVENUE,351.77472107804743,VALLEY VIEW DRIVE,SAINT LOUIS AVENUE,True,True,1,477444791,-76.16008818349707,43.00923894295002
RENWICK AVENUE,351.8119279992706,DYER COURT,EAST TAYLOR STREET,True,True,1,477438408,-76.14068412739086,43.04002917654047
SUNNYCREST ROAD,351.9899761794742,FOREST HILL DRIVE,STAFFORD AVENUE,True,True,2,800034487;477431451,-76.11145114500637,43.06156317580606
EAST GLEN AVENUE,352.07405894456855,RANDOLPH STREET,SOUTH SALINA STREET,True,True,1,477445324,-76.14250980336041,43.00542462106276
GLENCOVE ROAD,352.1120677790525,STAFFORD AVENUE,FOREST HILL DRIVE,True,True,1,477430928,-76.11164728752779,43.06383014669127
BURNET PARK DRIVE,352.1131037729843,BRYANT AVENUE,WHITTIER AVENUE,True,True,1,477436949,-76.18509058613894,43.04457593993403
SOUTH AVENUE,352.6459426704668,BROAD ROAD,MITCHELL AVENUE,True,False,1,477444646,-76.17011059068882,43.010064282634076
CLARENCE AVENUE,352.6668738750695,RANDOLPH STREET,SOUTH SALINA STREET,True,True,1,477445495,-76.14235928803062,43.00426110742474
CHURCHILL AVENUE,353.0549043043164,WALRATH ROAD,FILLMORE AVENUE,True,True,1,477444637,-76.13988380075781,43.01036413447347
DOUGALL AVENUE,353.0942532244013,EAST COLVIN STREET,ELK STREET,True,True,1,477442271,-76.14044360703535,43.02565006794479
HARRISON STREET,353.1125343551777,SOUTH STATE STREET,MONTGOMERY STREET,True,True,1,477436943,-76.14818482277322,43.04429138291925
SOUTH BEECH STREET,353.1300619684443,EAST WASHINGTON STREET,EAST WATER STREET,True,True,2,477435509;800066570,-76.12764052248706,43.049682149832734
ARCH STREET,353.28964272664825,CALEB AVENUE,CRESLINE DRIVE;SUNNYCREST ROAD,True,True,1,477431514,-76.09948574724187,43.06165662679151
LATIMER TERRACE,353.4250104732121,EAST TAYLOR STREET,DEAD END / SAME-NAME BRANCH,False,True,1,477438523,-76.1466453098532,43.039827653602785
MARKLAND AVENUE,353.44586650325266,GRANT AVENUE,BELLEVUE AVENUE,True,True,1,477440794,-76.17962980371502,43.032204133555844
STINARD AVENUE,353.5323563085185,BELLEVUE AVENUE,GRANT AVENUE,True,True,1,477440721,-76.17410579710807,43.03240110508264
SOUTH STATE STREET,353.62273579774615,ELIZABETH STREET,EAST BEARD AVENUE,True,True,1,477442004,-76.14389280809097,43.02705007994021
NORTH TOWNSEND STREET,353.7228565505235,ERIE BOULEVARD EAST;SOUTH TOWNSEND STREET,BROWN STREET,True,True,7,509997416;509997426;509997429;509997528;800036395;509997536;509997549,-76.1455780342029,43.05130683500111
JAMES STREET,353.8824861785307,HOMECROFT ROAD,NICHOLS AVENUE,True,True,1,477429790,-76.10323131002076,43.06900236862178
NEW STREET,353.9228521475729,SOUTH STATE STREET,MONTGOMERY STREET,True,True,1,477438107,-76.14822433838113,43.04059813583973
EAST TAYLOR STREET,353.93857979903123,SOUTH STATE STREET,MONTGOMERY STREET,True,True,1,477438554,-76.14811978364348,43.03928513733886
GRUMBACH AVENUE,354.00201008467343,SOUTH CARBON STREET,PARK ROAD,True,True,1,477430833,-76.13962381711566,43.06463164937328
EAST ADAMS STREET,354.1556421850414,SOUTH STATE STREET,MONTGOMERY STREET,True,True,1,477437383,-76.14820681168368,43.04275362719642
NORTHCLIFFE ROAD,354.17035899229006,HOMECROFT ROAD,NICHOLS AVENUE,True,True,1,477430313,-76.1030151884019,43.06649525884621
CANNON STREET,354.2655291693664,WEST BRIGHTON AVENUE,FOREST AVENUE,True,True,1,477443146,-76.14632129423049,43.02082561681072
SOUTH ALVORD STREET,354.2777286392289,BUTTERNUT STREET,EAST LAUREL STREET,True,True,1,477431500,-76.14431275876903,43.06145408672959
NORTHCLIFFE ROAD,354.28960956714604,HOMECROFT ROAD,MOSLEY DRIVE,True,True,1,477430314,-76.10169226185248,43.066493558571416
DANFORTH STREET,354.74664662228054,COURT TERRACE,GRANT BOULEVARD,True,True,1,477428925,-76.15197589483896,43.07394074704248
CHURCHILL AVENUE,354.7811720103666,BENNINGTON DRIVE,WALRATH ROAD,True,True,1,477444460,-76.13998527978131,43.011472083062756
SUNNYCREST ROAD,355.24377828903965,CHAMPLIN DRIVE,MOSLEY DRIVE,True,True,1,477431351,-76.10134079955421,43.06204963503724
VALLEY DRIVE,355.3290062927888,MAURICE AVENUE,MARVIN ROAD,True,True,1,477444354,-76.15801575972966,43.01236808944916
CHATHAM PLACE,355.53870338516884,HARFORD ROAD,WADSWORTH STREET,True,True,1,477427296,-76.1447613539106,43.08218611419904
KILLIAN DRIVE,355.5849267214162,WINDHAM DRIVE,KIMBER ROAD,True,True,1,477439234,-76.09400459888573,43.03719736454844
GLENWOOD AVENUE,355.60078955009175,SUNHILL TERRACE,ARCHER ROAD,True,True,1,477441878,-76.18966678352757,43.027505355862296
SPENCER STREET,355.6960987680258,WEST BEAR STREET,LIBERTY STREET,True,True,1,477432572,-76.1742251027088,43.05749567303587
SUNNYCREST ROAD,355.79585962340195,NICHOLS AVENUE,CHAMPLIN DRIVE,True,True,1,477431368,-76.10266825897386,43.061982101071145
ARTHUR STREET,355.7984125817341,BELLEVUE AVENUE,GRANT AVENUE,True,True,1,477440757,-76.17700031175559,43.03229613455709
ORWOOD PLACE,355.89686826235805,DARLINGTON ROAD EAST,DARLINGTON ROAD,True,False,2,800053075;477427687,-76.13724385298529,43.08003544401047
GLENCOVE ROAD,356.2630455546239,MOSLEY DRIVE,HOMECROFT ROAD,True,True,1,477430787,-76.10152627835878,43.06431860965255
SOUTH GEDDES STREET,356.41613915543945,FITCH STREET,DELAWARE STREET,True,True,2,800051004;477438934,-76.17293742379235,43.03864716491536
EAST GENESEE STREET,356.4507447910309,DEFOREST ROAD,CARLTON DRIVE,True,True,1,477437638,-76.08965523206,43.04229211535809
SOUTH AVENUE,356.56732352733275,HOVEY STREET,STERLING AVENUE,True,True,1,477440988,-76.15876034363677,43.0313734937338
SOUTH STATE STREET,356.5937854491724,MCKINLEY AVENUE,ELK STREET,True,True,1,477442491,-76.14272082326556,43.02458160746337
WEST DIVISION STREET,356.7041873535875,GENANT DRIVE,NORTH CLINTON STREET,True,True,1,477432043,-76.1559609511475,43.05931421952168
MATTY AVENUE,356.94643359386447,PARK AVENUE,WILKINSON STREET,True,True,1,477434896,-76.16431429255273,43.05136514401524
HILLSBORO PARKWAY,357.03448768720415,EAST GENESEE PARKWAY,DEFOREST ROAD,True,True,1,477437863,-76.09302455665392,43.04203647027481
WESTMORELAND AVENUE,357.1459833113385,BROAD STREET,MEADOWBROOK DRIVE,True,True,1,477441057,-76.11353781299249,43.031145100111864
LODI STREET,357.24578356570316,EAST WILLOW STREET,HICKORY STREET,True,True,1,477432673,-76.14204229436602,43.057226603715016
BURT STREET,357.44106122020037,SOUTH STATE STREET,MONTGOMERY STREET,True,True,1,477438932,-76.14803680409405,43.038209118049444
BURNET AVENUE,357.49431375845165,SHERWOOD AVENUE,WINTON STREET,True,True,1,477433749,-76.12391425625869,43.05372764322577
STACY PLACE,357.4949571071928,ACADEMY PLACE,BROOKLEA PLACE,True,True,1,477446449,-76.15078159288468,42.9949879529196
EAST BRIGHTON AVENUE,357.6893986825448,DEAD END / SAME-NAME BRANCH,EAST BRIGHTON AVENUE AVENUE NORTHBOUND,False,True,1,477444872,-76.13219348138232,43.00848034885064
SEVENTH NORTH STREET,357.7375967274806,CADILLAC STREET,TURTLE STREET,True,True,1,477427921,-76.15177745329294,43.07876553977043
MIDLAND AVENUE,357.86834284901005,FOREST AVENUE,WEST BRIGHTON AVENUE,True,True,1,477443181,-76.14945780057847,43.02049915406735
VAN RENSSELAER STREET,357.95328693833164,WILKINSON STREET,PARK AVENUE,True,True,1,477434877,-76.16615282320488,43.05140261274257
BENNINGTON DRIVE,357.9535313651076,MENLO DRIVE,CHURCHILL AVENUE,True,True,1,477444348,-76.13936631844797,43.0119886024501
BRONSON STREET,357.99853029649836,WEST WARRINGTON ROAD,ROSEMONT DRIVE,True,True,1,477446612,-76.1453688809743,42.993931904304986
MIDLAND AVENUE,358.0859279230393,WEST COLVIN STREET,FAGE AVENUE,True,True,1,477442636,-76.15067476401994,43.023719648281805
DARLINGTON ROAD,358.1493052944953,HILLSIDE STREET,WILMORE PLACE,True,True,1,477427579,-76.13898228471395,43.08058113242035
SOUTH GEDDES STREET,358.2168885958398,BELLEVUE AVENUE,GRANT AVENUE,True,True,2,477440607;477440734,-76.17533692901247,43.032365322909165
SOUTH WEST STREET,358.24225541588174,FABIUS STREET,TULLY STREET,True,True,1,477436766,-76.15824974397903,43.04527275834908
SEDGWICK DRIVE,358.2609820382066,MERTENS AVENUE,SCHOECK AVENUE,True,True,1,477429520,-76.1331473541216,43.07085712740293
NORTH CLINTON STREET,358.32294509225807,HERALD PLACE,WEBSTERS LANDING,True,True,5,477433826;477433637;800042031;477433575;800042024,-76.15346974513044,43.053833349718836
SOUTH SALINA STREET,358.42207761373504,WEST LYNHURST AVENUE,WEST OSTRANDER AVENUE,True,True,1,477443978,-76.14119918574731,43.01479949756398
FAIRDALE AVENUE,358.5724505301493,WOLCOTT TERRACE,VELASKO ROAD,True,True,1,477441830,-76.18473983964847,43.027405080524254
BARKER AVENUE,358.6996948718252,WILKINSON STREET,PARK AVENUE,True,True,1,477434937,-76.16197530591297,43.051312602778914
JAMES STREET,358.7911856013058,JAMES HEATH ROAD,WILSON STREET,True,True,2,477431015;800038744,-76.12551379140345,43.06363214464364
SEDGWICK DRIVE,358.9183546387121,SEDGWICK ROAD,RUGBY ROAD,True,True,1,477430035,-76.13290324653566,43.068165618606024
WEST JEFFERSON STREET,358.9871941701412,EAST JEFFERSON STREET;SOUTH SALINA STREET,SOUTH CLINTON STREET,True,True,1,477436197,-76.15290477312674,43.04705427807741
WEST GENESEE STREET,359.0211946482873,PLUM STREET,NORTH WEST STREET,True,True,1,477433857,-76.1593756123727,43.05335902294229
HERALD PLACE,359.0788088481097,NORTH CLINTON STREET,NORTH SALINA STREET,True,True,1,477433833,-76.15281303133854,43.053331095060294
PARK AVENUE,359.1197970035245,NORTH WEST STREET,PLUM STREET,True,True,1,477434356,-76.15959825469861,43.052036494083225
EAST GENESEE STREET,359.17459135002883,GENESEE PARK DRIVE;SCOTT AVENUE,FERRIS AVENUE,True,True,1,477437301,-76.10792337509753,43.04335592066429
KENSINGTON ROAD,359.2319107591117,BUCKINGHAM AVENUE,KENSINGTON PLACE,True,True,1,477440805,-76.12044294256462,43.03192998520905
WEST TAYLOR STREET,359.4582939652803,SOUTH SALINA STREET,SOUTH CLINTON STREET,True,True,1,477438662,-76.15088070441983,43.03907683526297
CANAL STREET,359.4662088729484,LODI STREET,WALNUT AVENUE,True,True,1,477434822,-76.13134275633874,43.05107260390987
VALLEY DRIVE,359.80183815673365,KEEN PLACE,MEDORA PLACE,True,True,1,477443973,-76.15933776850974,43.01485960871901
LOCKWOOD ROAD,359.8872094663905,HILLSBORO PARKWAY,EDGEMONT DRIVE,True,True,1,477438788,-76.08493644349417,43.03856517886025
KENWOOD AVENUE,360.05079316284355,ELLEN STREET,LEMOYNE AVENUE,True,True,1,477427632,-76.15225482428446,43.08025513634791
SOUTH WEST STREET,360.0930009778969,WEST FAYETTE STREET,WEST STREET ARTERIAL SOUTHBOUND,True,True,3,477435773;800036741;477435936,-76.1588458278935,43.04824018550121
WYOMING STREET,360.6630399243159,MARCELLUS STREET,WEST FAYETTE STREET,True,True,1,477436106,-76.1606257704496,43.04779759957016
MARGINAL STREET,360.7928528347284,RICH STREET,HUDSON STREET,True,True,1,477441242,-76.16040681834227,43.03000899977466
HILTON ROAD,360.84813547732125,SOUTH SALINA STREET,LONGMEADOW DRIVE,True,True,1,477446920,-76.14482044702187,42.99061177350687
STRATHMORE DRIVE,360.8583771590593,WEST COLVIN STREET,ROBINEAU ROAD,True,True,1,504325018,-76.17009167237237,43.022736564062434
BOSTON STREET,360.92062823838995,DEAD END / SAME-NAME BRANCH,NORTHCLIFFE ROAD,False,True,1,477430170,-76.09068452613029,43.06758983218099
EAST FAYETTE STREET,360.962874242135,CANDEE AVENUE,SEELEY ROAD,True,True,1,477435686,-76.10434055815315,43.04856142757735
MARJORIE STREET,360.9961590173219,ROSEMONT DRIVE,WEST WARRINGTON ROAD,True,True,1,477446615,-76.14644816928728,42.99388828484138
WEST FAYETTE STREET,361.03674890217707,EAST FAYETTE STREET;SOUTH SALINA STREET,SOUTH CLINTON STREET,True,True,1,477435622,-76.1528938129864,43.04869592567074
WEST GENESEE STREET,361.3053945100816,JAMES STREET;NORTH SALINA STREET,NORTH CLINTON STREET,True,True,1,477434725,-76.15284917784888,43.051285561945804
FAYETTE BOULEVARD,361.33181551987235,SPRINGFIELD ROAD,FOXBORO ROAD,True,True,1,477435440,-76.09301009110384,43.0494809040257
EAST COLVIN STREET,361.34886028428366,HUGHES PLACE;HUGHES PLACE NORTH,LORRAINE AVENUE;NORTH LORRAINE AVENUE,True,True,1,477442281,-76.13284856654568,43.025473147129865
WESTMORELAND AVENUE,361.5652084340559,LEXINGTON AVENUE,EAST FAYETTE STREET,True,True,2,477436127;800037816,-76.11470928169285,43.04772258582635
UNION AVENUE,361.7081265152388,NORTH TOWNSEND STREET,NORTH MCBRIDE STREET,True,True,1,477432896,-76.14748373043878,43.056455745347264
TIOGA STREET,361.7880984895704,OTISCO STREET,MARCELLUS STREET,True,True,1,477436559,-76.16335724000875,43.04608459762318
CHAVEZ TERRACE,361.8748103883647,SOUTH STATE STREET,DEAD END / SAME-NAME BRANCH,False,True,1,477438002,-76.14688331887339,43.04102211003865
HOEFLER STREET,361.94599422889485,ROWLAND STREET,LOEHR AVENUE,True,True,1,477439947,-76.17959880998538,43.035193631378
EAST DIVISION STREET,361.94925557128215,NORTH TOWNSEND STREET,NORTH MCBRIDE STREET,True,True,1,477431547,-76.15129079200268,43.06128913457747
UNION AVENUE,362.0179881059186,NORTH TOWNSEND STREET,PROSPECT AVENUE,True,True,1,477433058,-76.14865772095808,43.055961004655025
WEST WASHINGTON STREET,362.14809306543697,EAST WASHINGTON STREET;SOUTH SALINA STREET,SOUTH CLINTON STREET,True,True,1,477435350,-76.15288281671337,43.04960363940801
HERALD PLACE,362.54357707915193,NORTH FRANKLIN STREET,NORTH CLINTON STREET,True,True,1,477433827,-76.15416301118316,43.053351718425574
OSWEGO STREET,362.594533677893,OTISCO STREET,MARCELLUS STREET,True,True,1,477436688,-76.16501379719259,43.045678643168564
GRANT BOULEVARD,362.60418788180516,LEMOYNE AVENUE,MURRAY AVENUE,True,True,1,477428433,-76.15780374331379,43.07606332720066
WEST WATER STREET,362.63272424154036,EAST WATER STREET;SOUTH SALINA STREET,SOUTH CLINTON STREET,True,True,1,477435061,-76.1528627372978,43.05055061688199
WEST TAYLOR STREET,362.82012222217196,ONEIDA STREET,KING STREET,True,True,1,477438757,-76.15345346913001,43.03872692191861
NIVEN STREET,362.8428314690468,CANDEE AVENUE,SEELEY ROAD,True,True,1,477435970,-76.10426879221589,43.04769562819061
WARHAM STREET,363.20714742557243,BUTTERNUT STREET,CLEVELAND AVENUE,True,True,1,477429369,-76.14365177282801,43.07131462639698
BURNET AVENUE,363.32543678626837,DECKER STREET,NORTH STATE STREET,True,True,1,477434223,-76.14749634224117,43.0522966084967
WYOMING STREET,363.3486591137002,MARCELLUS STREET,OTISCO STREET,True,True,1,477436383,-76.16020580047932,43.0468531034201
NIAGARA STREET,363.35017369002094,MARCELLUS STREET,OTISCO STREET,True,True,1,477436478,-76.161715291695,43.04648511230733
EUCLID AVENUE,363.36489026913523,MARYLAND AVENUE,WESTCOTT STREET,True,True,1,477439328,-76.11961188541166,43.03677917182558
NIAGARA STREET,363.42904951735636,MARCELLUS STREET,WEST FAYETTE STREET,True,True,1,477436250,-76.16214164271983,43.047432098720435
WEYMOUTH ROAD,363.4300448341184,COLDBROOK DRIVE,LATTER DRIVE,True,True,1,477446322,-76.13961124575971,42.9961726011439
ONTARIO STREET,363.4635176754558,OTISCO STREET,MARCELLUS STREET,True,True,1,477436866,-76.16829278452569,43.04488011239198
SENECA STREET,363.65282917033267,OTISCO STREET,MARCELLUS STREET,True,True,1,477436759,-76.16664628663094,43.04528011373248
BUTTERNUT STREET,363.77576872104504,HOOD AVENUE,ROSS PARK,True,True,1,477428970,-76.14245445123674,43.07377791542344
LAMBRETH LANE,363.8286279083915,DEAD END / SAME-NAME BRANCH,DEAD END / SAME-NAME BRANCH,False,True,2,800076700;800076699,-76.11644497717487,43.01562595950468
BARNES AVENUE,363.93376555847743,VALLEY VIEW DRIVE,WENTE TERRACE,True,True,1,477444654,-76.16038026345674,43.01019520480428
ELMHURST AVENUE,363.9625738197003,BISHOP AVENUE,SOUTH AVENUE,True,True,1,477443063,-76.15877977122418,43.02086560766173
HAFFENDEN ROAD,364.0564944051159,HERTFORD STREET,LANCASTER PLACE,True,True,1,477441806,-76.12323810547903,43.027991307760445
SENECA STREET,364.1350211510823,TULLY STREET,OTISCO STREET,True,True,1,477437083,-76.16621500245827,43.044332880782434
EAST WILLOW STREET,364.23850379655823,NORTH TOWNSEND STREET,PROSPECT AVENUE,True,True,1,477433675,-76.14721083910655,43.05413364015789
CLARENDON STREET,364.3073931585145,MARYLAND AVENUE,WESTCOTT STREET,True,True,2,800053041;477438795,-76.11977138550517,43.03854291149861
BURDICK AVENUE,364.3200846004226,LEMOYNE AVENUE,MURRAY AVENUE,True,True,1,477428106,-76.15655232997017,43.0777286036844
OSWEGO STREET,364.3492270460719,TULLY STREET,OTISCO STREET,True,True,1,477436962,-76.16459121096243,43.04473055238688
SUNNYCREST ROAD,364.3558977377047,HICKOK AVENUE,STAFFORD AVENUE,True,True,1,477431463,-76.11278983549347,43.06151182551583
LODI STREET,364.389709745121,COURT STREET,CUMMINGS AVENUE,True,True,1,477430380,-76.16045978809294,43.06644661999104
ONONDAGA AVENUE,364.4492000119582,PARKSIDE AVENUE,ELOISE TERRACE,True,True,1,477442247,-76.16140157643011,43.025689900581554
CALEB AVENUE,364.4761698133579,STAFFORD AVENUE,HICKOK AVENUE,True,True,1,477432124,-76.11254479049576,43.05878711205282
WYOMING STREET,364.5625725462559,OTISCO STREET,TULLY STREET,True,True,1,481561671,-76.15978690650556,43.04590270413621
SOUTH AVENUE,364.7374556953959,MARGUERITE AVENUE,WEST BRIGHTON AVENUE,True,True,1,477443324,-76.16033380986684,43.01969659952473
COMSTOCK AVENUE,364.94160504794905,COMSTOCK PLACE,MADISON STREET,True,True,1,477436664,-76.13068776238741,43.04580311063763
SOUTH SALINA STREET,365.004629409555,BALLANTYNE ROAD;WALRATH ROAD,FILLMORE AVENUE,True,True,1,509998054,-76.142256308755,43.01024429462643
MONTGOMERY STREET,365.1375324790882,EAST RAYNOR AVENUE,DEAD END / SAME-NAME BRANCH,False,True,1,477440007,-76.14823782663316,43.03495714040163
MEADOWBROOK DRIVE,365.33700233077315,HARRINGTON ROAD,HURLBURT ROAD,True,True,1,477437904,-76.1014459331895,43.04155755699173
TIOGA STREET,365.46261641990054,TULLY STREET,OTISCO STREET,True,True,1,477436805,-76.16293469961002,43.04513605462744
HAWLEY AVENUE,365.5213229907996,WINTON STREET,TEALL AVENUE,True,True,1,477433092,-76.1227202734404,43.05565862022901
AUDUBON PARKWAY,365.53989339597877,DEAD END / SAME-NAME BRANCH,FAYETTE BOULEVARD,False,True,3,800005937;477435789;477435587,-76.09489090942225,43.04882662239452
WASHINGTON SQUARE,365.60325216606793,LEMOYNE AVENUE,PARK STREET,True,True,1,477429587,-76.16356826829755,43.07023054683579
WARNER AVENUE,365.60878473470177,CANNON STREET,WEBSTER AVENUE,True,True,1,477442828,-76.14595952010946,43.02234259359872
WINDEMERE ROAD,365.86567764866993,LATTER DRIVE,SUNRISE DRIVE,True,True,1,477446763,-76.1379872122643,42.99198862616743
GLENCOVE ROAD,365.9341363801541,STAFFORD AVENUE,HICKOK AVENUE,True,True,1,477430948,-76.11298884198423,43.063773161965294
MEADOWBROOK DRIVE,365.9719082129711,HURLBURT ROAD,HARRINGTON ROAD,True,True,1,477437836,-76.10147477547886,43.04168665867267
FABIUS STREET,366.0188123722642,GRANGER STREET,SOUTH WEST STREET,True,True,3,477436765;800051126;800040251,-76.15747329401093,43.04486538189709
PARRISH LANE,366.02699905420184,SOUTH SALINA STREET,GARY AVENUE,True,True,1,477447264,-76.14309851539755,42.98607760703183
BRATTLE ROAD,366.0612361477239,KLINE STREET,RUGBY ROAD,True,True,1,477430112,-76.12844932472544,43.067814090581926
CANNON STREET,366.31319610449526,FOREST AVENUE,WARNER AVENUE,True,True,1,477442977,-76.14653325122538,43.021802104236954
STEWART COURT,366.37682584481075,JACKSON STREET,DEAD END / SAME-NAME BRANCH,False,True,1,513530326,-76.14311282124206,43.04089714523023
FERRIS AVENUE,366.5262910520768,GENESEE PARK DRIVE,SALT SPRINGS ROAD,True,True,1,477436801,-76.10718980429631,43.04516710228164
BUTTERNUT STREET,366.62914843757176,CATHERINE STREET;LODI STREET,JOSEPHINE STREET,True,True,1,477431808,-76.14636067892657,43.060134915634826
HAMILTON STREET,366.670240725665,WEST FAYETTE STREET,NORTH LOWELL AVENUE,True,True,1,477434696,-76.18379509266283,43.05154892485014
WEST GENESEE STREET,366.75099193491826,EMERSON AVENUE,NORTH LOWELL AVENUE,True,True,1,477434220,-76.18580177967127,43.05231809728515
EMERSON AVENUE,366.8272814059639,LEWIS STREET,HARBOR STREET,True,True,1,477433214,-76.18929125981903,43.055691622651736
ARLINGTON AVENUE,367.04449189571983,WEST COLVIN STREET,DEAD END / SAME-NAME BRANCH,False,True,1,477442726,-76.1669568546641,43.023225433231325
HUNTLEY STREET,367.1049131211804,WADSWORTH STREET,HARDING STREET,True,True,1,477428022,-76.13880525407313,43.077838127506446
NORTH CROUSE AVENUE,367.12315439616486,BURNET AVENUE,CANAL STREET,True,True,5,477434520;508421203;508421207;800039036;477434765,-76.13643828455618,43.05166904411838
NORTHCLIFFE ROAD,367.4535911308789,HICKOK AVENUE,STAFFORD AVENUE,True,True,1,477430426,-76.11319873692884,43.06603359400118
ELDORADO STREET,367.4695273047136,HIXSON AVENUE,DEAD END / SAME-NAME BRANCH,False,True,1,477430966,-76.11945027685015,43.063623144849075
WEST ONONDAGA STREET,367.57703025796235,GIFFORD STREET;SOUTH CLINTON STREET,EAST ONONDAGA STREET;HARRISON STREET;SOUTH SALINA STREET,True,True,1,477437142,-76.15275808399468,43.04398529956105
SOUTH WILBUR AVENUE,367.80637856862296,MAGNOLIA STREET,JENSEN AVENUE,True,True,1,477437453,-76.17465206207703,43.04307193970768
JAMES HEATH ROAD,367.8196980747177,JAMES STREET,DEAD END / SAME-NAME BRANCH,False,True,1,477431047,-76.12456352128552,43.06351461560247
BRADFORD PARKWAY,367.8289808983178,MEADOWBROOK DRIVE,SCOTTHOLM BOULEVARD,True,True,1,504325053,-76.10665339452208,43.041001340025616
MARGINAL STREET,367.8393675119982,HUDSON STREET,SOUTH AVENUE,True,True,1,477441155,-76.1592996662719,43.030570429494915
MCCORMICK AVENUE,367.8856815367482,SOUTH WEST STREET,GRANGER STREET,True,True,2,800040236;477437058,-76.1572954338694,43.043968382666826
OSWEGO STREET,368.0174619843421,WEST FAYETTE STREET,MARCELLUS STREET,True,True,1,477436436,-76.16543829063777,43.046631630568164
HOVEY STREET,368.05478465470975,SOUTH AVENUE,CHESTER STREET,True,True,1,477440987,-76.15812183946159,43.0311234612992
NORTH SALINA STREET,368.1183192402751,CUMMINGS AVENUE,COURT STREET;NORTH ALVORD STREET,True,True,1,477430109,-76.1596033408995,43.067591384924874
GRANT BOULEVARD,368.123106474128,TURTLE STREET,COURT STREET,True,True,2,477428635;477428664,-76.15464112165843,43.07494782006242
SENECA STREET,368.1623485615164,MARCELLUS STREET,WEST FAYETTE STREET,True,True,1,477436527,-76.16707909706899,43.04623274857633
BRADLEY STREET,368.183661496506,PUTNAM STREET,ROWLAND STREET,True,True,1,477439708,-76.17213126354164,43.03604384567273
HUNTINGTON ROAD,368.25338017117775,MERRELL ROAD,INVERNESS PLACE,True,True,1,477441273,-76.19566224013819,43.030221849624084
COLUMBUS AVENUE,368.2628887961877,EAST GENESEE STREET,LEXINGTON AVENUE,True,True,1,477436454,-76.12141785008953,43.0466125597175
JAMES STREET,368.42584450792066,VINE STREET,DURSTON AVENUE,True,True,1,477431265,-76.12744380568692,43.062685149178165
AUDUBON PARKWAY,368.52252748121634,HAZELWOOD AVENUE,NORTHWAY STREET,True,True,2,477434136;800088614,-76.09514810896727,43.052319743246706
BURNET AVENUE,368.6868483475944,STAFFORD AVENUE,HICKOK AVENUE,True,True,1,477432751,-76.11236778597903,43.05681464746567
TIOGA STREET,368.69307352614027,WEST FAYETTE STREET,MARCELLUS STREET,True,True,1,477436361,-76.16378078982059,43.04703760066193
EMPIRE AVENUE,368.7105620447697,BALLANTYNE ROAD,ATLANTIC AVENUE,True,True,1,477444632,-76.15353227814877,43.0104156236454
BRAMPTON ROAD,368.7876521458495,LATTER DRIVE,COLDBROOK DRIVE,True,True,1,477446696,-76.13942001907232,42.992466266038974
EAST GENESEE PARKWAY,368.86562521447513,CARLTON DRIVE,DEFOREST ROAD,True,True,1,477437508,-76.08958059038072,43.04264527593081
LODI STREET,368.8722142624842,EAST WILLOW STREET,JAMES STREET,True,True,1,477432852,-76.1409463199097,43.05663763197299
SALT SPRINGS ROAD,368.88584217655045,EAST AVENUE,FERRIS AVENUE,True,True,1,477436547,-76.10648780609547,43.04578010233775
COURT STREET,368.9971299834305,BURDICK AVENUE,BRACE STREET,True,True,1,477428596,-76.15251275601072,43.075419593811816
SEVENTH NORTH STREET,369.0112666500859,CADILLAC STREET,FORDLAND AVENUE,True,True,1,477428044,-76.15079598033816,43.07807501809037
LODI STREET,369.10613791430296,JAMES STREET,WAYNE STREET,True,True,2,477433055;800053240,-76.13983334905393,43.05603814759878
SOUTH AVENUE,369.500321605311,ELMHURST AVENUE,EASTMAN AVENUE,True,True,1,477443064,-76.15932299739423,43.021342461192006
ROBINSON STREET,369.59703514315055,WINTON STREET,TEALL AVENUE,True,True,1,477432292,-76.12288578086623,43.05821114115493
SOUTH ALVORD STREET,369.6155796849454,SEWARD STREET,BEECHER STREET,True,True,1,477431719,-76.14209691088392,43.060560398535635
SACKETT STREET,369.64855118155594,PARK AVENUE,APPLE STREET,True,True,1,477434746,-76.17629898308141,43.05169856253881
BUTTERNUT STREET,369.8375498376248,CARBON STREET,SPRING STREET,True,True,1,477430870,-76.14334979029952,43.06454810510799
MARTIN LUTHER KING EAST,369.97904208770984,LEON STREET,OAKWOOD AVENUE,True,True,1,477440166,-76.14458712915112,43.03408129151586
JASPER STREET,370.16295089009697,DEAD END / SAME-NAME BRANCH,OAK STREET,False,True,1,477431271,-76.1353212919309,43.06239659278575
DURSTON AVENUE,370.2367331439507,RUGBY ROAD,KLINE STREET,True,True,1,477430102,-76.12720879090053,43.06787512405057
GARY AVENUE,370.27449720914444,PARRISH LANE,EDNA ROAD,True,True,1,477447323,-76.1423582230726,42.98559572142863
CRATON STREET,370.3992191563611,TEALL AVENUE,WINTON STREET,True,True,1,477432719,-76.1227962686955,43.05681864901842
EAST CHAFFEE AVENUE,370.5037717832167,ACADEMY PLACE,NORMANOR DRIVE,True,True,1,477446191,-76.15100212714134,42.99785269281665
ROBERTS AVENUE,370.5669500495364,STOLP AVENUE,GORDON AVENUE,True,True,1,477441423,-76.17185832186549,43.029685614329274
BROAD STREET,370.5845217832295,KENSINGTON PLACE,WESTCOTT STREET,True,True,1,477441143,-76.11907781301782,43.03039461727915
SOUTH GLENCOVE ROAD,370.6307574446477,LUDDINGTON STREET,CRESLINE DRIVE;PLYMOUTH DRIVE,True,True,1,477430861,-76.09808153038921,43.064074178982224
BELLEVUE AVENUE,370.9120969274888,ARCHER ROAD,SUNHILL TERRACE,True,True,1,477441170,-76.18995631636281,43.03050460986367
SEDGWICK STREET,371.0667328084087,JAMES STREET,DOROTHY STREET,True,True,1,477431724,-76.1301592844713,43.06074108876752
BEECHER STREET,371.1121169697604,HIGHLAND PLACE,ROSEWOOD STREET,True,True,1,477432014,-76.14259687455908,43.05958051908645
SOUTH GEDDES STREET,371.1197420694616,GORDON AVENUE,STOLP AVENUE,True,True,1,477441454,-76.17518179774163,43.02956310412418
WILSON STREET,371.38244530821623,DOROTHY STREET,JAMES STREET,True,True,1,477431243,-76.12568672211803,43.0629317063959
XAVIER CIRCLE,371.5889115507623,COMSTOCK AVENUE,DEAD END / SAME-NAME BRANCH,False,True,1,800032795,-76.12897138828669,43.019863585070404
MITCHELL AVENUE,371.7605359349663,SOUTH AVENUE,CORNELL AVENUE,True,True,1,477444570,-76.16996828432185,43.010797906346845
HOLLAND STREET,371.95862946752817,SHERIDAN DRIVE,MASSENA STREET,True,True,1,477439202,-76.16392382773456,43.03758613902845
SEDGWICK DRIVE,372.10551250887323,RUGBY ROAD,SEDGWICK ROAD,True,True,1,477430052,-76.13306079483405,43.06814060096008
TYSON PLACE,372.13748438137503,COLBY AVENUE,LYNWOOD AVENUE,True,True,1,477429397,-76.10227479160237,43.0709894801656
WILLUMAE DRIVE,372.40246254971066,CADILLAC STREET,TURTLE STREET,True,True,1,477428202,-76.15286803753956,43.077287401916784
ARTHUR STREET,372.46063269783,ELLIOTT STREET,WEST ONONDAGA STREET,True,True,1,477440182,-76.17713777780263,43.03437611480806
DEMONG DRIVE,372.70526352176296,BARRINGTON ROAD,GIFFORD PARKWAY,True,True,1,477437198,-76.08491931429373,43.04354731898168
STINARD AVENUE,372.8335398986377,STOLP AVENUE,GORDON AVENUE,True,True,1,477441442,-76.17392178428256,43.029612101523924
DARLINGTON ROAD,373.1118970269349,WILMORE PLACE,COURT STREET,True,True,1,477427463,-76.13997031271758,43.08127565170672
BROAD STREET,373.2562360794487,BUCKINGHAM AVENUE,KENSINGTON PLACE,True,True,1,477441159,-76.12046582782031,43.03032412436949
HUBBELL AVENUE,373.36065543381596,STOLP AVENUE,GORDON AVENUE,True,True,1,477441411,-76.17041680736756,43.02974012336471
FAIRDALE AVENUE,373.37564746092346,WOLCOTT AVENUE,WOLCOTT TERRACE,True,True,1,477441823,-76.1833713021922,43.02743108211642
SCOTTHOLM BOULEVARD,373.3770889035057,SCOTTHOLM TERRACE,DEAD END / SAME-NAME BRANCH,False,True,1,477437240,-76.11201833312884,43.04387843097739
FAY ROAD,373.5789713862601,CHESTER ROAD,SALISBURY ROAD,True,False,2,477438024;477437745,-76.19947492128227,43.04137228360656
ACORN PATH,373.7679898821417,COMSTOCK AVENUE,CIRCLE ROAD,True,True,1,477441094,-76.12857375034812,43.03057625326215
KENSINGTON ROAD,373.842258217765,LANCASTER AVENUE,BUCKINGHAM AVENUE,True,True,1,477440633,-76.1220527992547,43.0321766009452
ALMOND STREET,373.8972552814396,HARRISON STREET,MADISON STREET,True,True,1,509998059,-76.14221911383213,43.044894577893444
POLK STREET,374.12382449320825,SMITH STREET,DEAD END / SAME-NAME BRANCH,False,False,2,800039888;477433696,-76.0900564667948,43.053814453048965
EAST ADAMS STREET,374.13970346763176,ELIZABETH BLACKWELL STREET,IRVING AVENUE,True,True,1,477437441,-76.13854930217283,43.04268560343987
HARTLEY STREET,374.20066524533104,HIGHLAND STREET,BUTTERNUT STREET,True,True,1,477429881,-76.1426213835658,43.06852461008589
LEPAGE PLACE,374.3769836243769,LAMSON STREET,WALTER DRIVE,True,False,2,477429433;477429421,-76.09936762063063,43.070857683885365
WEST ONONDAGA STREET,374.5477095735084,SLOCUM AVENUE;SOUTH AVENUE,MIDLAND AVENUE,True,True,1,477438547,-76.15868958210001,43.03963039258415
MEADOWBROOK DRIVE,374.68707666684514,BRADFORD PARKWAY,RAMSEY AVENUE,True,True,1,477438315,-76.10697783750733,43.040216510608175
WILLUMAE DRIVE,374.7102832488023,TURTLE STREET,CADILLAC STREET,True,True,1,477428179,-76.15281569983215,43.07736930874209
CALEB AVENUE,374.72915600130875,MOSLEY DRIVE,CHAMPLIN DRIVE,True,True,1,477431663,-76.10125832113147,43.06075912914858
WEST ONONDAGA STREET,374.76002436184984,FITCH STREET,DELAWARE STREET,True,True,1,477439882,-76.16513810777047,43.035170502565926
HARRISON STREET,374.94664814462186,ELIZABETH BLACKWELL STREET,IRVING AVENUE,True,True,1,477436970,-76.13851963519285,43.044236010677295
GLENWOOD AVENUE,375.15754169094873,STRATHMORE DRIVE,STINARD AVENUE,True,True,2,477443287;800040796,-76.17246712102494,43.01951864525231
EAST LAUREL STREET,375.24780270339727,NORTH TOWNSEND STREET,NORTH MCBRIDE STREET,True,True,1,477432551,-76.14838298491405,43.05764585966339
HARRISON STREET,375.26549454885577,EAST ONONDAGA STREET;SOUTH SALINA STREET;WEST ONONDAGA STREET,SOUTH WARREN STREET,True,True,1,477436920,-76.15155816822211,43.044326505780774
TALLMAN STREET,375.28064556296977,HUDSON STREET,RICH STREET,True,True,1,477439624,-76.16084932854235,43.03591062436481
COMSTOCK AVENUE,375.381898624338,EAST COLVIN STREET,MANLEY FIELD HOUSE,True,True,1,600035950,-76.12871207154055,43.02438558051558
NORTH WEST STREET,375.49784054097574,TRACY STREET,PARK AVENUE,True,True,1,477434855,-76.15902231289027,43.05147305654036
CORAL AVENUE,375.6625852817651,ATLANTIC AVENUE;BALLANTYNE ROAD,MOREY AVENUE,True,True,1,477444699,-76.15049081713046,43.00986663366825
LINCOLN PARK DRIVE,375.8538040309213,ROBINCROFT ROAD,ELM STREET,True,True,1,477432407,-76.12983174235853,43.05791463062961
KRAMER DRIVE,375.8786661612571,CRESTVIEW DRIVE,MARIS DRIVE,True,True,1,477445847,-76.15730263615066,43.00123325114735
VINE STREET,376.02419850962025,JAMES STREET,DOROTHY STREET,True,True,1,477431448,-76.1276203178957,43.06198012912472
ACADEMY PLACE,376.08070143902177,BROOKLEA DRIVE,NORMAN AVENUE,True,True,1,477446656,-76.15130577128835,42.99332362387744
SEYMOUR STREET,376.11771105313375,GRANGER STREET,SHONNARD STREET;WEST ADAMS STREET;WEST ONONDAGA STREET,True,True,1,477437454,-76.1553379391918,43.042665288848035
BRIGGS STREET,376.12531963171045,WADSWORTH STREET,HERZ STREET,True,True,1,477428195,-76.13870382985287,43.07710411633529
HATCH STREET,376.22947357201986,CREHANGE STREET,WEST COLVIN STREET,True,True,1,477442789,-76.1536237846938,43.022992615961975
HARTSON STREET,376.3034840952362,LYDELL STREET,HERRIMAN STREET,True,True,1,477439429,-76.17778280619893,43.03649512960945
EAST GLEN AVENUE,376.35789404333826,RANDOLPH STREET,STEVENS AVENUE,True,True,1,477445312,-76.14114978017372,43.00547763212417
STANDART STREET,376.42348531662606,FINEVIEW PLACE,HENRY STREET,True,True,1,477439914,-76.14121689754438,43.03483097127335
EAST FAYETTE STREET,376.6107054989417,WESTCOTT STREET,COLUMBUS AVENUE,True,True,1,477435767,-76.12065378946531,43.04829108497122
BUTTERNUT STREET,376.7213760213501,PROSPECT AVENUE,NORTH TOWNSEND STREET,True,True,1,477432335,-76.15056581854455,43.05834161288876
LEWISTON DRIVE,377.10730195745253,CUMBERLAND AVENUE,WESTMORELAND AVENUE,True,True,1,477442583,-76.11275749888395,43.02382721388405
SALISBURY ROAD,377.19433661247115,SOUTH ORCHARD ROAD,WESTMONT ROAD,True,True,1,477437785,-76.20329228003267,43.041668147143355
EAST KENNEDY STREET,377.56201629226024,OAKWOOD AVENUE,LEON STREET,True,True,1,477440847,-76.14344139236306,43.03163263557512
HICKORY STREET,377.754934495728,NORTH TOWNSEND STREET,PROSPECT AVENUE,True,True,1,477433389,-76.14785744037275,43.05490968468032
ALMOND STREET,378.3901210441634,BURT STREET;VAN BUREN STREET,EAST TAYLOR STREET,True,True,1,477438821,-76.1421511476411,43.038999766199346
SOUTH CROUSE AVENUE,378.43658049816815,MARSHALL STREET,EAST ADAMS STREET,True,True,1,477437830,-76.13664838493567,43.04216561596126
ROBINSON STREET,378.6263097342997,HIXSON AVENUE,DEAD END / SAME-NAME BRANCH,False,True,1,477432200,-76.11905371742674,43.058528647058864
ERIE BOULEVARD EAST,378.7145109251703,NORTH SALINA STREET;SOUTH SALINA STREET,NORTH WARREN STREET;SOUTH WARREN STREET,True,True,1,477434887,-76.15146883834583,43.05090314394837
MEADOWBROOK DRIVE,378.8630283364529,CRAWFORD AVENUE,SCOTT AVENUE,True,True,1,477438873,-76.1084715948181,43.03880782342774
JENSEN AVENUE,378.8967050101527,DEAD END / SAME-NAME BRANCH,SOUTH WILBUR AVENUE,False,True,2,800097682;800097685,-76.17524732645585,43.04303345649933
DEWITT STREET,379.1697102599203,FARMER STREET,PARK STREET,True,True,1,477431002,-76.13389920612596,43.063912094764696
BELLEVUE AVENUE,379.17707648600083,BRADLEY STREET,STINARD AVENUE,True,True,1,477440464,-76.17342981638195,43.032910107501856
WALNUT AVENUE,379.35111587308717,EAST ADAMS STREET,MARSHALL STREET,True,True,1,477437838,-76.13221475332989,43.04210608918887
SOUTH WEST STREET,379.4826995998756,SHONNARD STREET;WEST STREET ARTERIAL SOUTHBOUND,WEST ONONDAGA STREET,True,True,1,477438092,-76.15740930651836,43.041164683041714
BELLEVUE AVENUE,379.5237515330901,ARTHUR STREET,DUANE STREET,True,True,1,477440505,-76.1777453167428,43.032757129930346
FIRST NORTH STREET,379.70440710836914,DEAD END / SAME-NAME BRANCH,CLEVELAND AVENUE,False,True,1,477429994,-76.14591871194853,43.06822880558912
WALNUT PLACE,379.72700073647326,EAST ADAMS STREET,MARSHALL STREET,True,True,1,477437833,-76.13283080628182,43.0421126440377
JAMES STREET,379.78703771089897,NORTH WARREN STREET,NORTH SALINA STREET;WEST GENESEE STREET,True,True,1,477434729,-76.15146281978946,43.05127274858237
HAWLEY AVENUE,379.8511867995912,OAK STREET,FOUNTAIN STREET,True,True,1,477433612,-76.13371656678598,43.05446761364491
TALLMAN STREET,379.9351700142986,ONEIDA STREET,SOUTH CLINTON STREET,True,True,3,800030634;800071038;477439449,-76.15216165764133,43.03641135665366
MEADOWBROOK DRIVE,379.9773869460338,FELLOWS AVENUE,MILES AVENUE,True,True,1,477440995,-76.11534829425564,43.03116457777574
SUNNYSIDE ROAD,380.0071770038519,SCOTTHOLM TERRACE,CRAWFORD AVENUE,True,True,1,477438766,-76.11013547688296,43.03902120056872
EAST WARRINGTON ROAD,380.0126141756742,COLDBROOK DRIVE,LATTER DRIVE,True,True,1,477446502,-76.13943425538076,42.994468146145586
SWANSEA DRIVE,380.01301457359745,LEA LANE,DEAD END / SAME-NAME BRANCH,False,False,2,477429091;477429014,-76.11919740891673,43.073068210182505
AMIDON DRIVE,380.11093319737927,DEAD END / SAME-NAME BRANCH,SOUTH SALINA STREET,False,True,1,477446277,-76.14401187505503,42.99665094660663
NORTH TOWNSEND STREET,380.228091764708,BURNET AVENUE,HAWLEY AVENUE,True,True,1,509997555,-76.14554535749984,43.05280809083283
BERKSHIRE AVENUE,380.23201401070554,WADSWORTH STREET,HERZ STREET,True,True,3,800039829;477428473;800039828,-76.13858434799437,43.075723104785034
HIGHRIDGE DRIVE,380.4396538375991,SHARON DRIVE,DEAD END / SAME-NAME BRANCH,False,True,1,477441970,-76.19794836011505,43.02706153039599
AINSLEY DRIVE,380.4793636050277,BALL CIRCLE,EAST BRIGHTON AVENUE,True,True,1,477444461,-76.13310487436421,43.01112124695987
ERIE BOULEVARD EAST,380.6419565696718,WALNUT AVENUE,LODI STREET,True,True,1,477435035,-76.13131126225068,43.05063509725029
UNIVERSITY PLACE,380.65066787689807,IRVING AVENUE,CROUSE DR,True,True,1,511163754,-76.13730828366128,43.0394299014593
BEATTIE STREET,380.71473119453816,SALT SPRINGS ROAD,DIDAMA STREET,True,True,1,477436577,-76.10800506686823,43.04606528195695
VALLEY DRIVE,380.86020197089647,MARVIN ROAD,ATLANTIC AVENUE,True,True,3,477444473;800049156;800049155,-76.15751674697263,43.011426583552414
OAK STREET,381.0007153549003,HAWLEY AVENUE,GERTRUDE STREET,True,True,1,477433223,-76.13332078607381,43.05572962727735
BRISTOL PLACE,381.12053811940154,SOUTH BEECH STREET,GREENWOOD PLACE,True,True,1,477437651,-76.12293448314054,43.042441928649936
WEST BEAR STREET,381.13316813544736,PULASKI STREET,LIBERTY STREET,True,True,1,477432159,-76.17304685180532,43.05902447183158
KRAMER DRIVE,381.15986628082214,RIVERDALE DRIVE,DEAD END / SAME-NAME BRANCH,False,True,1,477445887,-76.15457245750562,43.000965261340596
GRANT AVENUE,381.1724892766424,DUANE STREET,ARTHUR STREET,True,True,1,477440769,-76.17767678508875,43.03178913209639
UNIVERSITY AVENUE,381.1879283739576,MARSHALL STREET,EAST ADAMS STREET,True,True,1,477437827,-76.13443076195642,43.04212759071154
GLENWOOD AVENUE,381.2247767990183,VELASKO ROAD,BUNKER HILL WAY,True,True,1,477442252,-76.18466632028063,43.025631945483084
NORTH STATE STREET,381.4787524009958,KIRKPATRICK STREET,ISABELLA STREET,True,True,1,477431257,-76.15672232904055,43.06288711039118
WEST WILLOW STREET,381.90838657198105,NORTH FRANKLIN STREET,NORTH CLINTON STREET,True,True,1,477434148,-76.15418881666383,43.0524031046707
MONTICELLO DRIVE SOUTH,381.94995905631674,ARSENAL DRIVE,PHELPS PLACE,True,True,1,477446128,-76.1387197683141,42.99928260542738
EAST GENESEE STREET,382.32923477100934,EAST GENESEE PARKWAY,DEFOREST ROAD,True,True,1,477437568,-76.09099775237962,43.04253312738914
SOUTH SALINA STREET,382.4188160078184,EAST SENECA TURNPIKE;WEST SENECA TURNPIKE,ORLANDO AVENUE,True,True,1,477445897,-76.14274834224328,43.00122259659648
FILLMORE AVENUE,382.5329431388259,CHURCHILL AVENUE,MENLO DRIVE,True,True,1,477444636,-76.13912829143281,43.00991213471054
CROSSETT STREET,382.62101577085787,ROBERTS AVENUE,HUBBELL AVENUE,True,True,1,477441699,-76.1710017841025,43.02792158481859
ASH STREET,382.6278255245123,NORTH SALINA STREET,NORTH TOWNSEND STREET,True,True,1,477431980,-76.1515427706469,43.05956563318179
WEBSTERS LANDING,382.67673503220465,NORTH CLINTON STREET,BUTTERNUT STREET;NORTH FRANKLIN STREET,True,True,3,508421627;700000806;508421626,-76.15412349165145,43.05446950464849
MYRTLE STREET,382.7350270368309,WEST GENESEE STREET,CAYUGA STREET;CRESTVIEW TERRACE,True,True,1,477435626,-76.19495730550446,43.049152596071025
STOLP AVENUE,383.13362371222473,ROBERTS AVENUE,HUBBELL AVENUE,True,True,1,477441179,-76.17117281949879,43.030222615973884
GRAND AVENUE,383.1811629555344,HERRIMAN STREET,LYDELL STREET,True,True,3,477438694;800051001;477438736,-76.17793898385344,43.03885627641345
EAST CHELTENHAM ROAD,383.1930976934191,LATTER DRIVE;NORTH CHELTENHAM ROAD,COLDBROOK DRIVE,True,True,1,477446416,-76.13948461618409,42.99532583905727
LYNCH AVENUE,383.20883896437266,CLAYTON AVENUE,MITCHELL AVENUE,True,True,1,477443961,-76.16968831358602,43.01451358130069
WEST BRIGHTON AVENUE,383.25345628380614,CANNON STREET,WEBSTER AVENUE,True,True,1,477443145,-76.14550730334508,43.020422602425896
WEST BRIGHTON AVENUE,383.3014497496965,HATCH STREET,HOPE AVENUE,True,True,1,477443233,-76.15168126754315,43.01976608463457
STOLP AVENUE,383.37508954731686,VELASKO ROAD,OVERLOOK DRIVE,True,True,1,800052910,-76.18650139697928,43.02973280754207
DARLINGTON ROAD,383.8392010289631,DARLINGTON ROAD EAST,ORWOOD PLACE,True,True,1,477427811,-76.13718617197868,43.07933039623734
ERIE BOULEVARD EAST,384.02140077195565,MONTGOMERY STREET;OSWEGO BOULEVARD,NORTH WARREN STREET;SOUTH WARREN STREET,True,True,1,477434891,-76.15004208367921,43.050891951797645
SOUTH MCBRIDE STREET,384.12317539112263,BURT STREET,EAST TAYLOR STREET,True,True,3,477438851;800037263;477438726,-76.14383970923123,43.038928830140414
CHARMOUTH DRIVE,384.2154617701252,WELLESLEY ROAD,ROBINEAU ROAD,True,True,1,477443012,-76.1699268207174,43.021145616198915
STOLP AVENUE,384.55269189782666,ARTHUR STREET,DUANE STREET,True,True,1,477441212,-76.17755383947437,43.029994098174924
BURNET AVENUE,384.60719274632356,WINTON STREET,TEALL AVENUE,True,True,1,477433659,-76.12261325841173,43.05408363533637
WOLF STREET,385.16191587152025,FOURTH NORTH STREET,HIAWATHA PLACE,True,True,1,477427974,-76.15872582126708,43.07859012410657
SOUTH SALINA STREET,385.196855171473,MAPLEWOOD AVENUE,OAKLEY DRIVE EAST;SPAULDING AVENUE,True,True,1,477447171,-76.14403178107167,42.98760758314246
SHERBROOKE ROAD,385.1979426391022,SALT SPRINGS ROAD,SHERBROOKE CIRCLE,True,False,2,477436737;477436672,-76.0840634741526,43.04531048986286
STOLP AVENUE,385.45059180842054,VELASKO ROAD,OVERLOOK DRIVE,True,True,1,477441289,-76.18648859565118,43.029622060216056
GLENWOOD AVENUE,385.52548787592974,WELLESLEY ROAD,ROBINEAU ROAD,True,True,1,477443241,-76.16983431611064,43.01970915018924
GLENWOOD AVENUE,385.7757957576325,DUNDEE DRIVE,AUSTIN AVENUE,True,True,1,477442049,-76.18746218954776,43.02664170623729
HATHERLY ROAD,385.8346558428448,BROOKFORD ROAD,BRADFORD PARKWAY,True,True,1,477438954,-76.1036150632724,43.03851035264611
HARDING PLACE,385.8538291138322,COLDBROOK DRIVE,LATTER DRIVE,True,True,1,477446603,-76.13937394219583,42.993558518157855
GIFFORD PARKWAY,385.89323242039023,EAST GENESEE PARKWAY,CLAIRE ROAD,True,True,1,504325136,-76.08496067036053,43.04200920850087
MILTON AVENUE,385.9794196127588,CHARLES AVENUE,AVERY AVENUE,True,False,2,477431833;477431903,-76.19994181894273,43.05972005432948
CALEB AVENUE,385.98046491282923,CONKLIN AVENUE,DEAD END / SAME-NAME BRANCH,False,True,1,477430998,-76.08835179338608,43.06344864433645
CANNON STREET,386.0520848831202,WEST BRIGHTON AVENUE,WEST LAFAYETTE AVENUE,True,True,1,477443320,-76.14614164705392,43.01981880700074
NORTH FRANKLIN STREET,386.2245340896315,ERIE BOULEVARD WEST;SOUTH FRANKLIN STREET,WEST GENESEE STREET,True,True,1,477434865,-76.15531932891629,43.05146355985035
COMSTOCK AVENUE,386.32861539785796,EAST ADAMS STREET,MARSHALL STREET,True,True,1,477437844,-76.13033280073505,43.04209461780832
ASH STREET,386.37100145993276,NORTH STATE STREET,NORTH SALINA STREET,True,True,1,477432115,-76.15278980292686,43.059039123996435
CARLTON DRIVE,386.56701881918474,SALT SPRINGS ROAD,DOLL PARKWAY,True,True,1,504325288,-76.0891311467077,43.047011708601964
NORMAN AVENUE,387.0302952161514,ACADEMY PLACE,DEAD END / SAME-NAME BRANCH,False,True,1,477446660,-76.15053908316573,42.99280505624426
EAST WATER STREET,387.0654075394726,SOUTH WARREN STREET,MONTGOMERY STREET,True,True,1,477435085,-76.15004315512576,43.0505099266571
BELLEVUE AVENUE,387.07011665414325,HUBBELL AVENUE,ROBERTS AVENUE,True,True,1,477440451,-76.1713673065478,43.032984637497144
COURT STREET,387.1368661618853,WILLUMAE DRIVE,SEVENTH NORTH STREET,True,True,1,477428333,-76.1497208363956,43.07660912629924
STRATHMORE DRIVE,387.2383924648565,ROBINEAU ROAD,WELLESLEY ROAD,True,True,1,504325021,-76.17003414536626,43.02261626590357
DOUGLAS STREET,387.66380736156214,ROSEWOOD STREET,HIGHLAND PLACE,True,True,1,477432091,-76.14195182103221,43.059196647947545
BRADFORD PARKWAY,387.6891140313931,MEADOWBROOK DRIVE,SCOTTHOLM BOULEVARD,True,True,1,477438109,-76.10653617656358,43.04108599082693
OSTROM AVENUE,387.7079571144805,EAST ADAMS STREET,MARSHALL STREET,True,True,1,477437855,-76.12870279059157,43.042087609269764
OAKWOOD AVENUE,388.0049404087949,BURT STREET,EAST TAYLOR STREET;SOUTH TOWNSEND STREET,True,True,2,477438889;477438555,-76.1455788342471,43.03884997894396
GRUMBACH AVENUE,388.1127655522516,SOUTH CARBON STREET,PARK STREET,True,True,1,477431108,-76.13954032623546,43.06361515591413
SOUTH MCBRIDE STREET,388.1313486202969,EAST GENESEE STREET,EAST FAYETTE STREET,True,True,1,477436027,-76.14391179888308,43.04804811734789
SOUTH WILBUR AVENUE,388.22530261054465,CONSERVATION PLACE,COLERIDGE AVENUE,True,True,1,477436706,-76.17700783559853,43.045498137230474
GRANDVIEW AVENUE,388.2475377432433,HUBBELL AVENUE,ROBERTS AVENUE,True,True,1,477440837,-76.17127200840734,43.031550928653786
GIFFORD PARKWAY,388.26580769079845,CLAIRE ROAD,EAST GIFFORD PARKWAY,True,True,1,504325135,-76.08477408452892,43.04196616667412
AMHERST AVENUE,388.32688407857404,SOUTH STATE STREET,DEAD END / SAME-NAME BRANCH,False,True,1,477442625,-76.14138029162292,43.02333461102373
FIRST NORTH STREET,388.3814160987053,JOHN STREET,BUTTERNUT STREET,True,True,1,477430160,-76.14396631318576,43.06738108672565
HIGHLAND STREET,388.4111431500494,PARK STREET,SOUTH CARBON STREET,True,True,1,477431137,-76.14150976270392,43.063527134428014
NORTH CROUSE AVENUE,388.49624054273784,BURNET AVENUE,HAWLEY AVENUE,True,True,1,477434269,-76.13641128665927,43.05270561871818
TRACY STREET,388.49632823214534,NORTH WEST STREET,PLUM STREET,True,True,1,477435040,-76.15982444419603,43.05077749148293
GORDON AVENUE,388.5768919466615,ROBERTS AVENUE,HUBBELL AVENUE,True,True,1,477441422,-76.17110231114702,43.02920312619036
WEST BEARD AVENUE,388.6631520401479,MIDLAND AVENUE,MARK AVENUE,True,True,1,477442212,-76.1507150497371,43.025823468579496
LAFORTE AVENUE,388.67401989008744,ARTHUR STREET,DUANE STREET,True,True,1,477440984,-76.17761134921491,43.03088661328276
GROVE STREET,388.9490880244168,SHIRLEY DRIVE,VALLEY DRIVE,True,True,1,477444601,-76.15615280140528,43.01028908897017
SACKETT STREET,389.33473673227013,PARK AVENUE,WEST GENESEE STREET,True,True,1,477434246,-76.17663410794482,43.05267585319948
ALLEN STREET,389.43623375579404,EAST FAYETTE STREET,LEXINGTON AVENUE,True,True,1,477436139,-76.117071766338,43.047716116792785
WARNER AVENUE,389.6440003990594,SOUTH SALINA STREET,WEBSTER AVENUE,True,True,1,477442812,-76.14455076875213,43.02241712995998
HIER AVENUE,389.6583692117963,SOUTH CARBON STREET,PARK STREET,True,True,1,477431130,-76.14052952051416,43.06357342796954
INVERNESS PLACE,389.6969449123771,DEAD END / SAME-NAME BRANCH,HUNTINGTON ROAD,False,True,1,477441040,-76.19495615208346,43.03091811668614
BUTTERNUT STREET,390.0656781343485,WARHAM STREET,GRANT BOULEVARD,True,True,1,477429368,-76.14289376054705,43.07159311121811
SOUTH STATE STREET,390.23459132294767,BURT STREET,EAST TAYLOR STREET,True,True,2,477438912;477438564,-76.14741401838414,43.038772130277174
NORTH STATE STREET,390.3721031740888,BASIN STREET,ISABELLA STREET,True,True,1,477431454,-76.15599132842374,43.061973615105416
CATHERINE STREET,390.6818933976479,BURNET AVENUE,GREEN STREET;HAWLEY AVENUE,True,True,1,477434231,-76.1420718360869,43.05278347925216
LOMBARD AVENUE,390.71069553127427,COLUMBUS AVENUE,WESTCOTT STREET,True,True,1,477435689,-76.12064888870697,43.04865796126624
NORTH MCBRIDE STREET,390.738099676304,BURNET AVENUE,HAWLEY AVENUE,True,True,1,477434221,-76.14380227540691,43.05280163154685
MIDLAND AVENUE,390.8566494123881,WEST LAFAYETTE AVENUE,WEST BRIGHTON AVENUE,True,True,1,477443355,-76.14908581513048,43.0195086551286
VILLAGE DRIVE,390.8767437398074,LEA LANE,LINWILL TERRACE,True,True,1,477429211,-76.11736454917228,43.07222737307102
SHERIDAN PLACE,391.01124773238104,NICHOLS AVENUE,BURNET AVENUE,True,True,1,477432067,-76.10256983346434,43.05939819438852
HICKORY STREET,391.19560276753396,PROSPECT AVENUE,NORTH STATE STREET,True,True,1,477433618,-76.14905343593306,43.054323169704354
EAST WASHINGTON STREET,391.2580118167478,SOUTH STATE STREET,MARKET STREET,True,True,1,477435382,-76.14812527428512,43.04952612476533
ENGLERT AVENUE,391.4663864677682,SAINT MARYS TERRACE,CADILLAC STREET,True,True,1,477427683,-76.14824331963624,43.08007115206943
MEADOWBROOK DRIVE,391.5368910593818,SCOTT AVENUE,CRAWFORD AVENUE,True,True,1,477438915,-76.10835975234909,43.03869140355665
MENLO DRIVE,391.56264592446104,WALRATH ROAD,FILLMORE AVENUE,True,True,1,477444630,-76.13813167062466,43.010428378882
MELROSE AVENUE,391.6507893345339,HIXSON AVENUE,COOK AVENUE,True,True,1,477430768,-76.11946147261513,43.064393052339256
WALNUT AVENUE,391.76205914589065,MARSHALL STREET,WAVERLY AVENUE,True,True,1,477438145,-76.13224029112538,43.04104812073459
BERKSHIRE AVENUE,391.78330279007554,HERZ STREET,DARLINGTON ROAD,True,True,1,477428445,-76.13714283148794,43.07579763814897
SEELEY ROAD,391.81008257653286,MILNOR AVENUE,SALT SPRINGS ROAD,True,True,1,477436411,-76.10351228591968,43.04680212107427
NORTH STATE STREET,391.8692925573787,DANFORTH STREET,SUNSET AVENUE,True,True,1,477430811,-76.158160318293,43.06468763044418
BUTTERNUT STREET,392.0640931045601,FIRST NORTH STREET,GRIFFITHS STREET,True,True,1,477430159,-76.14332326883692,43.067670581648215
SOUTH SALINA STREET,392.44175417326534,WEST TAYLOR STREET,BURT STREET,True,True,1,477438964,-76.15005375050993,43.03864509898486
MILFORD DRIVE EAST,392.5941243456654,JAMES STREET,MILFORD COURT,True,False,1,477429928,-76.09609779960601,43.0687986137523
SCOTT AVENUE,392.6782858145689,EUCLID AVENUE,MINEOLA DRIVE,True,True,1,477439912,-76.1068482901543,43.035356584379635
GARFIELD AVENUE,392.9018392290733,ELK STREET,EAST COLVIN STREET,True,True,1,477442305,-76.14124526430602,43.02565232916203
TWIN HILLS DRIVE,393.2619774396634,ALANSON ROAD,STRATHMORE DRIVE,True,True,1,477442747,-76.17176373308713,43.02284404322696
LIME STREET,393.49882342316056,ERIE BOULEVARD EAST,POLK STREET,True,True,1,477433741,-76.09419327951866,43.05413361739572
ERIE BOULEVARD EAST,393.6392823710099,HEADSON DRIVE,HEADSON DRIVE,True,True,1,477433221,-76.08716711508852,43.05526963616473
HELEN STREET,393.8110422517726,FARMER STREET,PARK STREET,True,True,1,477431034,-76.13500631747108,43.06383612894019
WALNUT PLACE,393.987504417444,MARSHALL STREET,WAVERLY AVENUE,True,True,1,477438143,-76.13285878480481,43.04105113951185
WEST MARCELLUS STREET,394.08049676996006,DEAD END / SAME-NAME BRANCH,MAGNOLIA STREET,False,True,1,800032564,-76.1738228679622,43.04451398730892
MARY STREET,394.1650322977879,LILAC STREET,LODI STREET;NORTH MCBRIDE STREET,True,True,1,477431321,-76.15075677348109,43.062596160114175
ERIE BOULEVARD WEST,394.2196990486077,WEST FAYETTE STREET,HIAWATHA BOULEVARD WEST,True,True,1,477433165,-76.18592425634705,43.05571591455787
GIFFORD PARKWAY,394.6634316749132,DEMONG DRIVE,CLAIRE ROAD,True,True,1,477437524,-76.08545485750855,43.04301448696602
PEARL STREET,394.6697980383216,EAST BELDEN AVENUE,HICKORY STREET,True,True,2,477433535;477433682,-76.15087748139757,43.05431427060843
DUDLEY STREET,394.72778616582605,BELLEVUE AVENUE,WEST ONONDAGA STREET,True,True,1,477440433,-76.16992433522256,43.03358363720516
ARTHUR STREET,394.76249083775747,WEST ONONDAGA STREET,BELLEVUE AVENUE,True,True,1,477440494,-76.17706298591884,43.0333248042764
BELLSHIRE LANE,394.79699897275293,DEAD END / SAME-NAME BRANCH,SEVENTH NORTH STREET,False,True,1,477427845,-76.15347762614095,43.079202822101195
LATTER DRIVE,394.87075928685795,BRAMPTON ROAD,HARDING PLACE,True,True,1,477446690,-76.13867496310858,42.99303816400158
ORLANDO AVENUE,394.8734066589746,MONTICELLO DRIVE NORTH,SENECA DRIVE,True,True,1,477445764,-76.13945494253798,43.0019846816119
NORTH LOWELL AVENUE,394.93967455586835,WEST GENESEE STREET,HAMILTON STREET,True,True,1,477434697,-76.18475352684943,43.05179512137367
CADILLAC STREET,395.0469763046214,MERRILL STREET,LOMA AVENUE,True,True,1,477427516,-76.14803045220192,43.08102305730051
BERKELEY DRIVE,395.1380929344046,DEAD END / SAME-NAME BRANCH,WINDSOR PLACE,False,True,1,477441106,-76.1258206110136,43.03052954037604
MONTGOMERY STREET,395.1728203780159,EAST TAYLOR STREET,BURT STREET,True,True,3,477438572;800036247;477438933,-76.14874279002379,43.038722111725605
WILLIS AVENUE,395.3637227597265,ERIE STREET,HERKIMER STREET,True,True,1,477741261,-76.19236312561164,43.052623545563826
TEALL AVENUE,395.3707948593104,PECK AVENUE,RUGBY ROAD,True,True,1,477429993,-76.12290428680421,43.068496639821426
COMSTOCK AVENUE,395.38597088962064,WAVERLY AVENUE,MARSHALL STREET,True,True,1,477438155,-76.13023028759584,43.04102458711584
HOEFLER STREET,395.4002029612972,BELLEVUE AVENUE,WEST ONONDAGA STREET,True,True,1,477440512,-76.179437269405,43.033239115874764
STOLP AVENUE,395.58243232691376,BEVERLY ROAD,CLAIRMONTE AVENUE,True,True,1,477441157,-76.16845431441428,43.03031614193119
GRAND AVENUE,395.6058463438018,SOUTH GEDDES STREET,DEAD END / SAME-NAME BRANCH,False,True,1,477438125,-76.17218696261791,43.041003352997194
KANDACE STREET,395.62545350436807,BELLEVUE AVENUE,WEST ONONDAGA STREET,True,True,1,477440544,-76.18253878920927,43.033128629776385
OSTROM AVENUE,395.86065298813435,WAVERLY AVENUE,MARSHALL STREET,True,True,1,477438159,-76.12860829272282,43.041014616445516
JAMESVILLE AVENUE,395.9200197183673,THAYER STREET,PINE GROVE STREET,True,True,1,477443947,-76.12737924311318,43.01502712648876
OAK STREET,395.92761158711,FARMER STREET,PARK STREET,True,True,1,477431054,-76.13611630549576,43.0637900846311
WILLIS AVENUE,396.1736798030017,HAMILTON STREET,CAYUGA STREET,True,True,1,477435504,-76.19030483486237,43.04969959664053
PEARL STREET,396.22375896155904,NORTH SALINA STREET,EAST BELDEN AVENUE,True,True,2,477433282;477433346,-76.15164320304235,43.05524104497794
NORTH STATE STREET,396.30723581180666,EAST BELDEN AVENUE,HICKORY STREET,True,True,1,477433565,-76.1501592867716,43.054649603248855
UNIVERSITY AVENUE,396.53687741136656,WAVERLY AVENUE,MARSHALL STREET,True,True,1,477438140,-76.13445928709109,43.04106058719305
ROSEMONT DRIVE,396.58288886553737,MARJORIE STREET,DEAD END / SAME-NAME BRANCH,False,True,1,477446622,-76.14714227125657,42.99336214573976
KRAMER DRIVE,396.6804476159124,RIVERDALE DRIVE,MARIS DRIVE,True,True,1,477445858,-76.15590611670824,43.0012964696251
EAST LAUREL STREET,396.726712920652,PROSPECT AVENUE,NORTH STATE STREET,True,True,1,477432853,-76.1508348332412,43.05659614924213
EAST WATER STREET,396.8498282452499,SOUTH STATE STREET,MARKET STREET,True,True,1,477435102,-76.14811969030491,43.050446444187735
WEST FAYETTE STREET,396.8951927012488,HAMILTON STREET,SCHUYLER STREET,True,True,1,477434890,-76.18275131576928,43.05133360244089
WEST BRIGHTON AVENUE,396.9734921631412,HUNT AVENUE,KIRK PARK DRIVE,True,True,4,477443328;477443321;800050951;477443305,-76.15482013261764,43.01926733737215
MILTON AVENUE,397.0345467919087,HERKIMER STREET,ERIE STREET,True,True,1,477433995,-76.19037028339118,43.053378622841294
HIAWATHA BOULEVARD EAST,397.12664079757957,FOURTH NORTH STREET,HIAWATHA PLACE,True,True,1,477427866,-76.1602222570376,43.07921061185394
MACDOUGALL PLACE,397.1656653713213,ACADEMY STREET,DEAD END / SAME-NAME BRANCH,False,True,1,477446010,-76.15172743332661,43.00038395569499
SOUTH SALINA STREET,397.2356905847181,EAST LAFAYETTE AVENUE;WEST LAFAYETTE AVENUE,EAST BRIGHTON AVENUE;WEST BRIGHTON AVENUE,True,True,1,477443240,-76.14273679268041,43.02016912232913
LANDON AVENUE,397.2553487911262,WEST KENNEDY STREET,KIRK AVENUE,True,True,1,477441437,-76.14952376359881,43.02962813436544
MIDLAND AVENUE,397.28044942038633,WEST KENNEDY STREET,KIRK AVENUE,True,True,1,477441606,-76.15262278044365,43.02883311989802
NORTH MCBRIDE STREET,397.29597681897343,UNION AVENUE,HICKORY STREET,True,True,1,477433009,-76.14621077740183,43.056373134932734
LYDELL STREET,397.34189869942463,FITCH STREET,GRAND AVENUE,True,True,3,477439075;800051003;477438994,-76.17860392979982,43.038214140698855
ISABELLA STREET,397.6946021971432,NORTH STATE STREET,NORTH SALINA STREET,True,True,1,477431256,-76.15571230475882,43.06269911899726
JAMES STREET,397.7251568042569,RUGBY ROAD,COOK AVENUE,True,True,1,477430368,-76.11955124891054,43.06654959486363
NORTH CLINTON STREET,397.73115783942,WEST GENESEE STREET,WEST WILLOW STREET,True,True,1,477434709,-76.15349832143045,43.05185014365692
TYLER COURT,397.8791104291415,MONROE STREET,EAST ADAMS STREET,True,True,1,477437790,-76.14311478472035,43.04218461979294
VALLEY DRIVE,397.90563400703087,WEST NEWELL STREET,BERTRAM PLACE,True,True,1,477443744,-76.16031129976317,43.016696114398655
ONONDAGA CREEK BOULEVARD EAST,397.95980302658666,BALDWIN AVENUE,BERGER AVENUE,True,True,1,477444151,-76.15463967927029,43.01356701966619
MILTON AVENUE,398.0031926817348,CAYUGA STREET,WEST GENESEE STREET,True,True,1,477434940,-76.18932064867697,43.05130975918562
CRAIG STREET,398.0418129877126,HIGH STREET,BECKER STREET,True,True,1,477429543,-76.14601629420703,43.070693586997145
HILLSIDE STREET,398.0451176015334,DALE STREET,BUTTERNUT STREET;KUHL AVENUE,True,True,1,477428384,-76.1433726154449,43.07653174433311
WHITWELL DRIVE,398.1005792761118,FARMER STREET,PARK STREET,True,True,1,477431073,-76.13733680469367,43.06373311610429
MILTON AVENUE,398.1806438493384,HAMILTON STREET,SCHUYLER STREET,True,True,1,477435543,-76.18762483918742,43.04948061909372
EMERSON AVENUE,398.3012418447242,HAMILTON STREET,SCHUYLER STREET,True,True,1,477435303,-76.18538463718615,43.050319357783884
BRADFORD PARKWAY,398.35885983222136,EUCLID AVENUE,WOODSIDE DRIVE,True,True,1,477439689,-76.10171465304246,43.03603494489421
MILTON AVENUE,398.48679485649166,CAYUGA STREET,WEST GENESEE STREET,True,True,1,477434870,-76.1890003089905,43.051431109226364
AVERY AVENUE,398.6190158118053,HAMILTON STREET,CAYUGA STREET,True,True,1,477435704,-76.19229681616096,43.048945095658
SCOTTHOLM BOULEVARD,398.6610688454987,RAMSEY AVENUE,SCOTT AVENUE,True,True,1,477437689,-76.1086448116398,43.04211962271041
EAST WILLOW STREET,398.7082621101845,PEARL STREET,NORTH WARREN STREET,True,True,7,477434024;477434037;477434103;477434117;477434130;477434151;477434172,-76.15044648178964,43.05255995870598
AVERY AVENUE,398.7519679887061,CAYUGA STREET,WEST GENESEE STREET,True,True,1,477435426,-76.19298181301615,43.04991710162694
NORTH LOWELL AVENUE,399.0019617797822,SCHUYLER STREET,HAMILTON STREET,True,True,1,477435143,-76.18405557281423,43.05083350705676
BRIGGS STREET,399.010550050323,HERZ STREET,DARLINGTON ROAD,True,True,1,477428175,-76.13725583456608,43.077172141125494
HOWARD STREET,399.05499642830904,BURNET AVENUE,GERTRUDE STREET;HAWLEY AVENUE,True,True,1,477434248,-76.13912400077032,43.052750130400796
COLDBROOK DRIVE,399.08710231401466,HARDING PLACE,BRAMPTON ROAD,True,True,1,477446697,-76.14008222011641,42.992984375839214
AVERY AVENUE,399.2819414904068,HAMILTON STREET,SCHUYLER STREET,True,True,1,477436038,-76.19161231339753,43.047972089539286
HUGHES PLACE NORTH,399.3830150885863,EAST COLVIN STREET;HUGHES PLACE,ROBERT DRIVE,True,True,1,477442201,-76.13337260718089,43.026227812268736
ENGLEWOOD AVENUE,399.436611879137,AMES AVENUE,BARNES AVENUE,True,True,1,477445540,-76.1581248327935,43.004067125231266
SOUTH AVENUE,399.454545835401,CENTENNIAL DRIVE,KIRK AVENUE,True,True,4,477442031;800080348;477441835;800047557,-76.15844691554283,43.02700620035378
EAST JEFFERSON STREET,399.5251014617857,SOUTH WARREN STREET,MONTGOMERY STREET,True,True,1,477436212,-76.15008680862651,43.047043679860316
DARLINGTON ROAD,399.5628300316417,BERKSHIRE AVENUE,LISTMAN AVENUE,True,True,1,477428687,-76.13638877275692,43.07528762079108
DANFORTH STREET,399.6461962815528,SECOND NORTH STREET,COURT TERRACE,True,True,1,477429102,-76.15264483243301,43.07302914175134
STEVENS PLACE,399.7666383693891,DEAD END / SAME-NAME BRANCH,THURBER STREET,False,True,1,477443468,-76.13610583419968,43.018539939029594
HAMILTON STREET,399.89514177228835,NORTH LOWELL AVENUE,EMERSON AVENUE,True,True,1,477434947,-76.18506582741985,43.05106112149163
SOUTH MCBRIDE STREET,400.0736045265354,MONROE STREET,EAST ADAMS STREET,True,True,1,477437782,-76.14399376462976,43.04219861840345
LOOMIS AVENUE,400.3561420798134,FISH AVENUE,PACIFIC AVENUE,True,True,2,800032669;477445068,-76.15359892988964,43.00753530933938
CHARMOUTH DRIVE,400.4949220476319,STINARD AVENUE,ROBINEAU ROAD,True,True,1,477443113,-76.17130043178453,43.020909975960684
WILLIS AVENUE,400.55611829883156,HAMILTON STREET,SCHUYLER STREET,True,True,1,477435786,-76.18962380220977,43.04872708302961
SALISBURY ROAD,400.55964978980654,WEST HIGH TERRACE,FAY ROAD,True,True,2,800048969;477437743,-76.19986984492894,43.04178612033072
AVERY AVENUE,400.6880119317824,WEST GENESEE STREET,ERIE STREET,True,True,1,477435119,-76.19366731962371,43.05089211478395
MILTON AVENUE,400.7330647682784,WEST GENESEE STREET,ERIE STREET,True,True,1,477434384,-76.18968631237848,43.052405600397044
CADILLAC STREET,400.76100231644625,HARFORD ROAD,WADSWORTH STREET,True,True,1,477427207,-76.1455122927516,43.08279065744173
ALANSON ROAD,400.7844000850186,TWIN HILLS DRIVE,STINARD AVENUE,True,True,1,477442823,-76.17281485983216,43.02270322811622
NORTH SALINA STREET,400.8105909311906,EAST WILLOW STREET,JAMES STREET;WEST GENESEE STREET,True,True,1,477434724,-76.15216779415891,43.0518276184932
WILLIS AVENUE,400.9146994445442,CAYUGA STREET,WEST GENESEE STREET,True,True,1,477435209,-76.19098333997042,43.05067361805808
SALT SPRINGS ROAD,400.9875579374981,GORLAND AVENUE,BALL AVENUE,True,True,2,477436339;800029894,-76.10067139814088,43.04670966883965
LOEHR AVENUE,401.0951799931017,HOEFLER STREET,DEAD END / SAME-NAME BRANCH,False,True,1,477439954,-76.1803128235576,43.034672134078114
MYRTLE STREET,401.3798020280294,CAYUGA STREET;CRESTVIEW TERRACE,HAMILTON STREET,True,True,1,477435955,-76.19427633875874,43.04819960492945
CROSSETT STREET,401.3902151350375,BEVERLY ROAD,CLAIRMONTE AVENUE,True,True,1,477441716,-76.16826720500606,43.02791054447459
JASPER STREET,401.49821444576014,BEECHER STREET,OAK STREET,True,True,1,477431285,-76.13676228353239,43.062327131637296
HUNTINGTON ROAD,401.6483910307551,MERRELL ROAD,BELLEVUE AVENUE,True,True,1,477441529,-76.19559183314378,43.02916811810991
WASHINGTON SQUARE,401.65004834871945,PARK STREET,LEMOYNE AVENUE,True,True,1,477429617,-76.1625868914953,43.06983479835463
COURT STREET,401.77031946037533,SECOND NORTH STREET,COURT TERRACE,True,True,1,477428988,-76.15427519654786,43.073693802386906
MILTON AVENUE,401.8026724086607,CAYUGA STREET,HAMILTON STREET,True,True,1,477435269,-76.18831130920657,43.050456104607186
DARLINGTON ROAD,401.8517657879194,HUNTLEY STREET;MAPLEHURST AVENUE,DARLINGTON ROAD EAST,True,True,1,477427997,-76.13661009456182,43.07848523242642
WINDHAM DRIVE,402.149432830644,KILLIAN DRIVE,GUILFORD ROAD,True,True,1,477439585,-76.09461622333326,43.036529397807506
WILLIS AVENUE,402.376848582005,WEST GENESEE STREET,ERIE STREET,True,True,1,477434771,-76.19167762366793,43.05165117512462
MILES AVENUE,402.4203676154987,JEROME STREET,DAKOTA STREET,True,True,1,477440541,-76.11615278522389,43.03314460620973
EAST FAYETTE STREET,402.6712877977256,SOUTH WARREN STREET,MONTGOMERY STREET,True,True,1,477435642,-76.15005460980251,43.04866580224269
OAK STREET,403.0911187184515,OAK PLACE,GREEN STREET,True,True,1,477432822,-76.13340831209041,43.05694815632515
EAST WILLOW STREET,403.1713474229579,PROSPECT AVENUE,NORTH STATE STREET,True,True,1,477433888,-76.14840482824552,43.05354863805731
EUREKA STREET,403.196657346513,WEST BELDEN AVENUE,WEST GENESEE STREET,True,True,1,477433780,-76.17562375748179,43.05397213598729
TYSON PLACE,403.22531393859407,LYNWOOD AVENUE,LAMSON STREET,True,True,1,477429383,-76.10082676653714,43.07105963369516
MADISON STREET,403.24068378731886,WALNUT AVENUE,COMSTOCK AVENUE,True,True,1,477436665,-76.13139235717406,43.04532009808075
MEADOWBROOK DRIVE,403.4271790251185,KENSINGTON PLACE,WESTCOTT STREET,True,True,1,477442165,-76.11871481796064,43.02612163693219
SCOTTHOLM BOULEVARD,403.78353431896426,SCOTT AVENUE,RAMSEY AVENUE,True,True,1,477437720,-76.10868828280785,43.042033953122406
BRADLEY STREET,403.82973628823,WEST ONONDAGA STREET,BELLEVUE AVENUE,True,True,1,477440454,-76.17261030139164,43.03348267852584
SCHUYLER STREET,403.8358808925602,NORTH LOWELL AVENUE,EMERSON AVENUE,True,True,1,477435302,-76.18438643183583,43.05009366971915
BROADVIEW DRIVE,403.9172296324352,WINKWORTH PARKWAY,ROCKWOOD ROAD,True,True,1,477442619,-76.20058016983724,43.02375637846219
ESSEX STREET,403.9322672890519,OLIVE STREET,WILLIS AVENUE,True,True,1,477432954,-76.19410132962231,43.0562911397374
AUDUBON PARKWAY,404.2562997586431,HAZELWOOD AVENUE,NORTHWAY STREET,True,True,2,477434121;800088615,-76.09524375027355,43.052346520861356
WILKINSON STREET,404.2819595726182,PLUM STREET,BARKER AVENUE,True,True,1,477434957,-76.161240176974,43.050807662784884
SYCAMORE TERRACE,404.3549358660034,MANOR DRIVE,HATHAWAY ROAD,True,False,2,477437954;477437884,-76.08182385534883,43.04156865531373
LILLIAN AVENUE,404.3868184492549,TYSON PLACE,NORWOOD AVENUE,True,True,1,477429667,-76.11062926873575,43.07003565223391
HAWLEY AVENUE,404.677383772209,ELM STREET,MATHER STREET,True,True,1,477433167,-76.12958031075678,43.05537616098055
WEISER COURT,405.18554402610255,MONROE STREET,EAST ADAMS STREET,True,True,1,477437788,-76.14486598664234,43.04220164925953
PEARL STREET,405.7673004846163,HICKORY STREET,EAST WILLOW STREET,True,True,1,477434008,-76.15017284866225,43.05334510984163
VALLEY DRIVE,405.85387386225926,MILBURN DRIVE,KIMBER AVENUE,True,True,1,477445599,-76.15370328305568,43.00406410364584
VAN RENSSELAER STREET,405.8805621904968,SALT SHED DRIVE,WEST KIRKPATRICK STREET,True,True,1,477432144,-76.16667342666904,43.059043417520066
IRVING AVENUE,405.9110727065755,UNIVERSITY PLACE,WAVERLY AVENUE,True,True,1,477438462,-76.1379329554445,43.039989669027015
WOODLAND AVENUE,405.94624806100506,BAKER AVENUE,GARFIELD AVENUE,True,True,1,477441257,-76.14318267434552,43.029817118888275
MYRTLE STREET,406.0479529153837,SCHUYLER STREET,HAMILTON STREET,True,True,1,477436305,-76.19358732503767,43.04721360078945
SOUTH CROUSE AVENUE,406.04932451273794,MARSHALL STREET,WAVERLY AVENUE,True,True,1,477438132,-76.13669283193008,43.04108967372091
MEADOWBROOK DRIVE,406.3674974002829,HATHERLY ROAD,BROOKFORD ROAD,True,True,1,477438013,-76.10409688744487,43.04113660523468
SALISBURY ROAD,406.52494199588887,SOUTH ORCHARD ROAD,LATHROP ROAD,True,False,1,477437825,-76.20475729706222,43.041625627622125
UNIVERSITY PLACE,406.55137886059225,COMSTOCK AVENUE,COLLEGE PLACE,True,True,1,477438511,-76.13084476579998,43.039369933792464
STATE FAIR BOULEVARD,406.77919882038674,WAITE AVENUE,PARK AVENUE;WEST GENESEE STREET,True,True,1,477434114,-76.18055170470065,43.053011872865
OSTROM AVENUE,407.8983771297427,UNIVERSITY PLACE,WAVERLY AVENUE,True,True,1,477438516,-76.12850826123959,43.03991412288178
AVERY AVENUE,407.9361587137808,ERIE STREET,HERKIMER STREET,True,True,1,477434667,-76.19436128829332,43.05187811123197
CLIFTON PLACE,408.022125712709,MELROSE AVENUE,DEAD END / SAME-NAME BRANCH,False,True,1,477431012,-76.11662026496391,43.06392458918949
SPENCER STREET,408.2710663213376,GIMINSKI DRIVE,LIBERTY STREET,True,True,1,477432591,-76.17284281289274,43.05728450416998
WILLIAMS STREET,408.4008882668027,NORTH LOWELL AVENUE,EMERSON AVENUE,True,True,1,477433456,-76.1876338151603,43.05459085011606
BURNET PARK DRIVE,408.4675358158194,BRYANT AVENUE,TENNYSON AVENUE,True,True,1,477436777,-76.1857720410156,43.045187011162525
ACADEMY PLACE,408.5465724739236,STACY PLACE,BROOKLEA DRIVE,True,True,1,477446557,-76.1513998032703,42.99439809676885
SEWARD STREET,408.72324824124524,ROSEWOOD STREET,LODI STREET,True,True,1,477432193,-76.14404881147935,43.05900208801665
MEADOWBROOK DRIVE,408.9806531585202,KENSINGTON PLACE,WESTCOTT STREET,True,True,1,477442134,-76.11871515086813,43.02628302923585
CANNON STREET,409.053653448103,WEST COLVIN STREET,FAGE AVENUE,True,True,1,477442532,-76.14740133556056,43.02442612950006
NORTH MCBRIDE STREET,409.1129694872572,JAMES STREET,HAWLEY AVENUE,True,True,1,477433828,-76.1441304330705,43.05382826684097
EUCLID AVENUE,409.73157497669723,COLLEGE PLACE,COMSTOCK AVENUE,True,True,1,477439529,-76.13056316019168,43.03624794537445
COMSTOCK AVENUE,409.9009943843017,UNIVERSITY PLACE,WAVERLY AVENUE,True,True,1,477438510,-76.13012933095935,43.03992207805107
ISABELLA STREET,409.96556596441246,NORTH SALINA STREET,LODI STREET,True,True,1,477431150,-76.15440057757058,43.06324854730286
SOUTH GEDDES STREET,410.0869206733895,WEST ONONDAGA STREET,ELLIOTT STREET,True,True,1,477440152,-76.17456127605251,43.03449362863194
EAST OSTRANDER AVENUE,410.34549398998644,SOUTH SALINA STREET,DEAD END / SAME-NAME BRANCH,False,True,1,477443996,-76.14065431695464,43.01424228120539
HAYES TERRACE,410.3559153101779,PARRISH LANE,EDNA ROAD,True,True,1,477447308,-76.13745963527006,42.98579445012725
ROXBURY ROAD,410.43477428261497,MILFORD DRIVE WEST,PLYMOUTH DRIVE,True,True,1,477430333,-76.09909185390865,43.06642589034042
MITCHELL AVENUE,410.6384945516272,CORNELL AVENUE,PRINCETON AVENUE,True,True,1,477444430,-76.17017127135075,43.0118404126083
POND STREET,411.04623797060253,HIGH STREET,BECKER STREET,True,True,1,477429431,-76.1474628959191,43.0713193643435
CHEMUNG STREET,411.22303429303423,OLIVE STREET,WILLIS AVENUE,True,True,1,477432522,-76.19511936122086,43.05776014632856
EUREKA STREET,411.37232697343075,WEST BELDEN AVENUE,DEAD END / SAME-NAME BRANCH,False,True,1,477433434,-76.1761753040705,43.05501414029119
ONONDAGA AVENUE,411.4785038733749,ONONDAGA PARK DRIVE EAST,EASTVIEW AVENUE,True,True,1,477441587,-76.16384694049928,43.02890642674556
ELOISE TERRACE,411.73038508254626,ONONDAGA AVENUE,DEAD END / SAME-NAME BRANCH,False,True,1,477442144,-76.1626893908283,43.0259886893083
MEADOWBROOK DRIVE,411.7559955610356,HATHERLY ROAD,BROOKFORD ROAD,True,True,1,477437977,-76.1041391545668,43.04126006827225
HERRIMAN STREET,411.76833241688684,FITCH STREET,GRAND AVENUE,True,True,1,477439042,-76.17720029780726,43.038388100257386
WYOMING STREET,412.20302648960194,FABIUS STREET,GIFFORD STREET,True,True,1,477437227,-76.15897170402359,43.04398231298891
SOUTH AVENUE,412.3723861415754,FAIRFIELD AVENUE,HUTCHINSON AVENUE,True,True,2,477443707;477443748,-76.16294440717161,43.01657640701114
SAINT ANNE DRIVE,412.48199364317435,KINNE STREET,DEAD END / SAME-NAME BRANCH,False,True,1,477431825,-76.11864229370278,43.060391137350926
HILLTOP ROAD,412.58459041091595,JUNEWAY ROAD,DEAD END / SAME-NAME BRANCH,False,True,1,477441975,-76.19449998207993,43.02728679912356
HENDERSON STREET,412.60677649571227,DEAD END / SAME-NAME BRANCH,OAK STREET,False,True,1,477433304,-76.13403362712411,43.05505240476702
RENWICK AVENUE,412.80398070835,DYER COURT,MONROE STREET,True,True,1,477438152,-76.14028473262721,43.04103496242866
MILTON AVENUE,412.9085692868045,ESSEX STREET,MILTON AVENUE SPUR,True,True,1,477433174,-76.1924198258055,43.056293313762936
ESSEX STREET,413.57507267225895,CHARLES AVENUE,MYRTLE STREET,True,False,2,477433524;477433510,-76.19940378229363,43.054353558675736
RUGBY ROAD,413.5974936335493,HAMPSHIRE ROAD,SEDGWICK DRIVE,True,True,1,477430034,-76.1321303884273,43.06779210812014
ERIE BOULEVARD EAST,413.6698229477351,TEALL AVENUE,LOMBARD AVENUE,True,True,2,477435367;477435320,-76.12085851774329,43.04972612457654
STEDMAN STREET,413.838036676052,SIXTH NORTH STREET,SEVENTH NORTH STREET,True,True,1,477427622,-76.1552906828857,43.080408513614856
MAINS AVENUE,413.9301666588541,CAMP AVENUE,OAKDALE DRIVE,True,True,2,477445056;477445101,-76.15771024210304,43.007349408766586
BROOKFORD ROAD,414.441211631753,HARRINGTON ROAD,HATHERLY ROAD,True,True,1,477438925,-76.10257765558661,43.03857299892443
HAYDEN AVENUE,414.5266525723002,DRISCOLL AVENUE,HERKIMER STREET,True,True,1,477434260,-76.19611139912033,43.052695658603994
SOUTH GEDDES STREET,414.5552533474619,WEST FAYETTE STREET,MARCELLUS STREET,True,True,1,477436780,-76.17097561101507,43.04530952157313
HEADSON DRIVE,414.5630162937795,ERIE BOULEVARD EAST,DEAD END / SAME-NAME BRANCH,False,True,1,507665678,-76.08713545963649,43.055134876778105
RUGBY ROAD,414.5956037247618,DORCHESTER AVENUE,HAMPTON ROAD,True,True,1,477430049,-76.1246230860405,43.067760902765045
ULSTER STREET,414.62500449938057,EMERSON AVENUE,NORTH LOWELL AVENUE,True,True,1,477435653,-76.18353642901734,43.04886573131581
SKYTOP ROAD,414.88921723565284,EAST COLVIN STREET;MANLEY FIELD HOUSE,DEAD END / SAME-NAME BRANCH,False,True,2,477443030;477453855,-76.12375071097924,43.02126923128476
HUNTLEY STREET,414.99307475591576,HARDING STREET,DARLINGTON ROAD;MAPLEHURST AVENUE,True,True,1,477428011,-76.13734376330581,43.07790119755697
TOMPKINS STREET,415.1699433788582,EMERSON AVENUE,NORTH LOWELL AVENUE,True,True,1,477436081,-76.18268183133176,43.047650604259196
WEST COLVIN STREET,415.81107536244303,MARK AVENUE,MIDLAND AVENUE,True,True,1,477442469,-76.15011127505207,43.024369119985806
BUTTERNUT STREET,416.12939806273994,HARTLEY STREET,THIRD AVENUE,True,True,1,477429882,-76.14331125259031,43.06905263223514
EAST GENESEE STREET,416.2156043150597,CAMBRIDGE STREET,WESTCOTT STREET,True,True,2,800040259;477436578,-76.1189057406253,43.04555054271326
THURBER STREET,416.3255372986478,REMINGTON AVENUE,IVY RIDGE ROAD,True,True,1,477443448,-76.13400728544002,43.01838558864437
MENLO DRIVE,416.4008384360793,BENNINGTON DRIVE,WALRATH ROAD,True,True,1,477444450,-76.13824341032995,43.011613597347086
MERZ AVENUE,416.42898480904256,FARMER STREET,PARK STREET,True,True,1,477431097,-76.13853909808846,43.06369873386075
DABLON COURT,416.6819688659563,JACKSON STREET;RADISSON COURT,DEAD END / SAME-NAME BRANCH,False,True,1,513530324,-76.14485720899928,43.04088906788924
DELAWARE STREET,417.04501172479473,HOLLAND STREET,WEST ONONDAGA STREET,True,True,1,477439725,-76.16533638222324,43.03576790109425
NORTH WARREN STREET,417.06558313808273,JAMES STREET,EAST WILLOW STREET,True,True,1,477434716,-76.1508505601708,43.0518433437498
EAST TAYLOR STREET,417.07693770373777,MONTGOMERY STREET,SOUTH SALINA STREET,True,True,1,477438550,-76.14955473563448,43.039312337328575
HARVARD PLACE,417.18075484430665,CAMBRIDGE STREET,WESTCOTT STREET,True,True,1,477437880,-76.11856778252533,43.04155061492987
HIGHLAND STREET,417.3116679935207,HIGHLAND AVENUE,DOUGLAS STREET,True,True,1,477432130,-76.14048857380197,43.05921953397004
SHERBOURNE ROAD,417.43441402396985,CRAWFORD AVENUE,CROYDEN ROAD,True,True,1,477440668,-76.10930659687256,43.03207097303614
EUCLID AVENUE,417.4489212873208,BRADFORD PARKWAY,SHIRLEY ROAD,True,True,1,477439599,-76.10285506941918,43.03622546042455
NORTH LOWELL AVENUE,417.6473373628781,WEST GENESEE STREET,SCHOOL STREET,True,True,1,477434219,-76.18548726324728,43.05277068000597
BYRNE PLACE,417.7600906250724,SOUTH SALINA STREET,CHANNING PLACE,True,True,1,477446226,-76.1424117931018,42.997411093306695
SHOECRAFT ROAD,418.14704824249907,IRON PIER DRIVE,SALT SHED DRIVE,True,True,1,800032501,-76.16726777835679,43.06033760965749
BLOSSOM ROAD,418.67112158107574,EAST AVENUE,DEAD END / SAME-NAME BRANCH,False,True,1,477437207,-76.10515523102458,43.04398617179914
PLYMOUTH DRIVE,418.7007101160472,GLENCOVE ROAD;NORTH GLENCOVE ROAD,WINTHROP ROAD,True,True,1,477430716,-76.09961580820874,43.06508643711339
TRACY STREET,418.7636999697523,PLUM STREET,BARKER AVENUE,True,True,1,477435171,-76.16126242095051,43.05043974572538
MONTGOMERY STREET,419.07783163039204,EAST ONONDAGA STREET,MADISON STREET,True,True,1,477436596,-76.14880646833736,43.04606157087624
CRAWFORD AVENUE,419.2229951320922,SHERBOURNE ROAD,BROAD STREET,True,True,1,477440934,-76.11040959682828,43.03154109610797
GIFFORD PARKWAY,419.391831168978,DEMONG DRIVE,CLAIRE ROAD,True,True,1,477437544,-76.0852808157907,43.04300928189809
SHOECRAFT ROAD,419.41771033524526,NORTH GEDDES STREET,IRON PIER DRIVE,True,True,1,800032503,-76.16847100114025,43.061074164846694
WESTCOTT STREET,419.54355391708776,EAST FAYETTE STREET,LEXINGTON AVENUE,True,True,1,477436156,-76.11988300187814,43.047709011960805
EUCLID AVENUE,420.06920745408166,LOCKESLEY ROAD,GUILFORD ROAD,True,True,2,800048350;477439011,-76.09709949244788,43.03811381583934
DEVINE STREET,420.3273271625055,LYNCH STREET,ERIE BOULEVARD EAST,True,True,1,477435192,-76.11939419764226,43.05077709398259
SOUTH STATE STREET,420.36872378146467,EAST BRIGHTON AVENUE,MCCLURE AVENUE,True,True,1,513531405,-76.14106696804208,43.02096030979571
LEXINGTON AVENUE,420.4400866805882,WESTCOTT STREET,COLUMBUS AVENUE,True,True,1,477436161,-76.12061778475686,43.0471261139734
SOUTH GEDDES STREET,420.5135365938097,WEST ONONDAGA STREET,BELLEVUE AVENUE,True,True,2,477440282;477440477,-76.17499435473098,43.033399064631794
JAMES STREET,420.52982973751176,JAMES HEATH ROAD,HAMPTON ROAD,True,True,1,477430899,-76.12430326751476,43.06422864267487
IRVING AVENUE,420.6163809823015,HARRISON STREET,MADISON STREET,True,True,1,477436969,-76.13779725560687,43.044803606308896
MEADOWBROOK DRIVE,420.64238842654123,BROOKFORD ROAD,BRADFORD PARKWAY,True,True,1,477438164,-76.1055397673345,43.04073942337635
BARRINGTON ROAD,420.8894196868989,SALT SPRINGS ROAD,BEAUMONT PLACE,True,True,1,477436736,-76.08641091249442,43.045506726663945
GRAND AVENUE,420.9680654891155,CADWELL STREET,HERRIMAN STREET,True,True,1,477438672,-76.17646028405817,43.03905910155492
FIRST NORTH STREET,421.1731711176292,DELONG AVENUE,POND STREET,True,True,1,477429700,-76.14964480881814,43.06964814909023
DEMONG DRIVE,421.35587976637964,BARRINGTON ROAD,MANOR DRIVE;RADCLIFFE ROAD;SALT SPRINGS ROAD,True,True,1,477437138,-76.08348711449086,43.043811348229816
WADSWORTH STREET,421.4617125497584,HILLSIDE STREET,HUNTLEY STREET,True,True,1,477428023,-76.14004609906296,43.07821866970445
RUGBY ROAD,421.552615573588,HAMPSHIRE ROAD,WENDELL TERRACE,True,True,1,477430072,-76.1305933147798,43.06773985696176
COMSTOCK AVENUE,421.6118610998302,MADISON STREET,HARRISON STREET,True,True,1,477436996,-76.13058075896167,43.044726642003845
EAST GENESEE PARKWAY,421.6233267476275,HILLSBORO PARKWAY,EAST GENESEE STREET,True,True,1,477437553,-76.09237219837463,43.04249478659241
HERKIMER STREET,421.6345714060338,AVERY AVENUE,CHARLOTTE STREET,True,True,1,477434167,-76.19400102537905,43.05262533837388
CUMBERLAND AVENUE,422.1263254494359,LEWISTON DRIVE,EAST COLVIN STREET,True,True,1,477442809,-76.11211277164823,43.02297662839794
GLENWOOD AVENUE,422.27252366360494,MCDONALD ROAD,SOUTH GEDDES STREET;STRATHMORE ROAD,True,True,2,800038089;800038093,-76.1747105607766,43.01946354572599
CUMBERLAND AVENUE,422.4603877423404,EAST COLVIN STREET,DEAD END / SAME-NAME BRANCH,False,True,1,477442993,-76.11200027867548,43.0218206538551
WINTON STREET,422.60832036809785,CRATON STREET,HAWLEY AVENUE,True,True,1,477433093,-76.12345195075046,43.0562104054119
OSTROM AVENUE,422.67518865635884,HARRISON STREET,MADISON STREET,True,True,1,477437000,-76.12895729304097,43.04472209403193
EAST COLVIN STREET,422.73127618729285,JAMESVILLE AVENUE,MOORE AVENUE,True,True,1,477442109,-76.13637434052819,43.026264224753675
LODI STREET,422.7641167307779,GERTRUDE STREET,GREEN STREET,True,True,1,477433436,-76.13759026930715,43.05482860176444
RANDOLPH STREET,422.78006982203203,CLARENCE AVENUE,EAST GLEN AVENUE,True,True,1,477445486,-76.14177679230988,43.00487011735399
WEST FAYETTE STREET,422.96524626359155,WYOMING STREET,NIAGARA STREET,True,True,1,477435914,-76.16159250788444,43.04808419029748
UNIVERSITY AVENUE,423.05902823969575,HARRISON STREET,MADISON STREET,True,True,1,477436984,-76.13437530310102,43.04476112829301
GRAVES STREET,423.1653356391227,HIGHLAND AVENUE,DOUGLAS STREET,True,True,1,477431843,-76.13838176151218,43.060242612559364
SOUTH CROUSE AVENUE,423.40003964212764,MADISON STREET,HARRISON STREET,True,True,1,477436973,-76.13658633812204,43.044790651746865
DURSTON AVENUE,423.82936883145516,RUGBY ROAD,CHATHAM ROAD,True,True,1,477430382,-76.12714180389061,43.06678660025851
EAST GENESEE STREET,423.88261813921036,LEXINGTON AVENUE,MAPLE STREET,True,True,1,477436206,-76.12480204929884,43.04706322381761
BURNET AVENUE,424.26265460084863,MATHER STREET,ELM STREET,True,True,1,477434315,-76.12933040107279,43.052248861174206
MEADOWBROOK DRIVE,424.4494930633592,BROOKFORD ROAD,BRADFORD PARKWAY,True,True,1,477438108,-76.10560011359577,43.040861931076016
FELLOWS AVENUE,425.1864426101359,LENNOX AVENUE,EUCLID AVENUE,True,True,1,477439614,-76.11510050642403,43.03641986370631
KIMBER ROAD,425.35354302149125,LOCKWOOD ROAD,EDGEMONT DRIVE;ENFIELD PLACE;EUCLID AVENUE,True,True,1,477438923,-76.09348434403225,43.03878872433569
GIFFORD STREET,425.48339693807105,NIAGARA STREET,WYOMING STREET,True,True,1,477437249,-76.15966960435756,43.0433892873113
VELASKO ROAD,425.52273849646167,OVERLOOK DRIVE,BELLEVUE AVENUE,True,True,1,477440961,-76.18658086881521,43.031507676519524
SOUTH STATE STREET,425.66108681939266,HARRISON STREET,MADISON STREET,True,True,1,477436930,-76.14751707491023,43.044878668572906
MONTICELLO DRIVE NORTH,426.0139503968528,CLARENCE AVENUE,EAST GLEN AVENUE;SPRINGBROOK AVENUE,True,True,1,477445466,-76.13866367412602,43.00500179563518
PLUM STREET,426.2376725340873,PARK AVENUE,WILKINSON STREET,True,True,1,477434956,-76.16038679057932,43.051367128325204
NORTH TOWNSEND STREET,426.33889151940787,UNION AVENUE,HICKORY STREET,True,True,1,477433227,-76.14767477711493,43.05570862398252
MILTON AVENUE,426.50866478438905,AVERY AVENUE,ERIE BOULEVARD WEST;WEST END DRIVE,True,True,1,477432032,-76.1985218053645,43.05932161667012
VAN RENSSELAER STREET,426.5378655384123,NORTH GEDDES STREET,IRON PIER DRIVE,True,True,1,800032499,-76.16909454635643,43.06053160101926
BALLARD AVENUE,426.5531183640122,MARTIN LUTHER KING WEST,CORTLAND AVENUE;FURMAN STREET,True,True,1,477441204,-76.15615116216898,43.03056145132607
ROSEMONT DRIVE,426.61764582842386,SOUTH SALINA STREET,BRONSON STREET,True,True,1,477446611,-76.14453212498799,42.99347545540961
SOUTH WARREN STREET,426.79996338760566,EAST ONONDAGA STREET;MADISON STREET,HARRISON STREET,True,True,1,477436919,-76.15083780211923,43.04489913349341
HARRISON STREET,427.1169279737966,WALNUT PLACE,UNIVERSITY AVENUE,True,True,1,477436990,-76.1335872523406,43.04417312850004
WAITE AVENUE,427.1798599899848,STATE FAIR BOULEVARD,DEWEY AVENUE,True,True,1,477433763,-76.18016821942456,43.05376975247593
SOUTH CLINTON STREET,427.3140269571868,WEST ADAMS STREET,GIFFORD STREET;WEST ONONDAGA STREET,True,True,1,477437527,-76.15302581426091,43.043076128822086
EAST GENESEE STREET,427.36315248319323,MANOR DRIVE,DEWITT ROAD,True,True,1,477438219,-76.08308964577792,43.04070831400323
EAST ADAMS STREET,427.36496808033274,WALNUT PLACE,UNIVERSITY AVENUE,True,True,1,477437464,-76.13361878858485,43.042642117854335
OTTO STREET,427.489091239252,CLARENCE AVENUE,EAST GLEN AVENUE,True,True,1,477445479,-76.14031946624075,43.004930771640154
MARCELLUS STREET,427.53226859095116,NIAGARA STREET,WYOMING STREET,True,True,1,477436249,-76.161167918656,43.04714054245646
CRATON STREET,427.62762194386175,WINTON STREET,SHERWOOD AVENUE,True,True,1,477432745,-76.12428626947549,43.056746162513
WAVERLY AVENUE,427.6328476264569,WALNUT PLACE,UNIVERSITY AVENUE,True,True,1,477438144,-76.13367529223848,43.04051360980919
MOSLEY DRIVE,427.72699794103767,CALEB AVENUE,SUNNYCREST ROAD,True,True,1,477431597,-76.1006323333626,43.0614946374174
BARNES AVENUE,427.7363618443152,CAMP AVENUE,SAINT LOUIS AVENUE,True,True,1,477444935,-76.15969522188242,43.00821440166503
VAN RENSSELAER STREET,427.89413730116195,SALT SHED DRIVE,IRON PIER DRIVE,True,True,1,800032498,-76.16786915759785,43.05977841241931
MARSHALL STREET,427.9176482359873,WALNUT PLACE,UNIVERSITY AVENUE,True,True,1,477437834,-76.13364277946788,43.04159812244426
CREHANGE STREET,427.93748958549315,HATCH STREET,KIRK PARK DRIVE,True,True,1,477442853,-76.15419469280694,43.022315042391405
COURT STREET,428.1567381816085,BURDICK AVENUE,MICHAELS AVENUE,True,True,1,477428475,-76.15122176776482,43.075968108303975
FITCH STREET,428.2381078957415,HERRIMAN STREET,CADWELL STREET,True,True,1,477439041,-76.17636674879947,43.03786002290045
BROADVIEW DRIVE,428.27442672330716,HIGHRIDGE DRIVE,KNOLLTOP TERRACE,True,False,1,477442243,-76.2015454628419,43.026040742270006
LAFORTE AVENUE,428.35068326035025,ARTHUR STREET,SOUTH GEDDES STREET,True,True,1,477440972,-76.17608535374586,43.0309471061933
WALNUT AVENUE,428.48653982416175,MADISON STREET,HARRISON STREET,True,True,1,477436994,-76.13215385830244,43.044748589915066
LOCKWOOD ROAD,428.7104045266732,HILLSBORO PARKWAY,DEWITT ROAD,True,True,1,477438810,-76.08346278490873,43.03853111811429
SOUTH SALINA STREET,428.9343166261394,CLARENCE AVENUE,EAST GLEN AVENUE,True,True,1,477445496,-76.14309229688207,43.00481560748338
EAST ADAMS STREET,429.0295087666061,MONROE STREET,SARAH LOGUEN STREET,True,True,1,507666606,-76.1413508944832,43.04269929044561
CUMBERLAND PLACE,429.12558967453884,MEADOWBROOK DRIVE,NOTTINGHAM ROAD,True,True,1,477440965,-76.11208074131694,43.03146115932931
ONEIDA STREET,429.2644460894065,LARNED STREET,SAFETY LANE,True,True,1,509996999,-76.15372138877487,43.0416158323293
LEAVENWORTH AVENUE,429.3558020927731,WEST BELDEN AVENUE,EVANS STREET,True,True,3,477433354;477433194;477433146,-76.16292649760814,43.05533892690426
GRANT AVENUE,429.49432538778154,ARTHUR STREET,SOUTH GEDDES STREET,True,True,1,477440756,-76.17616230435888,43.03184311389781
CHINOOK DRIVE SOUTH,429.61407819809966,SKYTOP ROAD;WINDING RIDGE ROAD,CHINOOK DRIVE,True,True,1,477443671,-76.12012610984183,43.01718902259807
CRAIG STREET,429.8455222940434,WARHAM STREET,GRANT BOULEVARD,True,True,1,477429230,-76.14473745340169,43.07243344130578
PARK STREET,430.03194380669527,STRAND PLACE,MARY STREET,True,True,1,477430632,-76.149745278044,43.0651866272021
WILSON STREET,430.2515460112688,BOYDEN STREET,SHUART AVENUE,True,True,1,477431605,-76.12442080004803,43.061450914137794
HAWLEY AVENUE,430.7196072122293,LODI STREET,NORTH CROUSE AVENUE,True,True,1,477433897,-76.13559451362325,43.0532410062345
SOLAR STREET,430.8523516040847,SPENCER STREET,WEST DIVISION STREET,True,True,1,477432180,-76.15932330246244,43.05909261054569
COLUMBUS AVENUE,430.85720351146074,LEXINGTON AVENUE,EAST FAYETTE STREET,True,True,1,477436162,-76.12138133882054,43.047708589763964
FOBES AVENUE,431.08436970530306,NORTON AVENUE,TYSON PLACE,True,True,1,477429487,-76.11138673573348,43.07115413078677
HOWARD STREET,431.29396308276074,GERTRUDE STREET;HAWLEY AVENUE,GREEN STREET,True,True,1,477433813,-76.13956878890463,43.053790598070755
RANDOLPH STREET,431.2981027998888,CLARENCE AVENUE,DEAD END / SAME-NAME BRANCH,False,True,1,477445652,-76.14163781359984,43.00370261560701
WAVERLY AVENUE,431.67336101590547,COMSTOCK AVENUE,OSTROM AVENUE,True,True,1,477438160,-76.12936678749954,43.04047809493914
SENECA DRIVE,431.6752890554419,CLARENCE AVENUE,EAST GLEN AVENUE,True,True,1,477445473,-76.13962545295912,43.00496107888426
CHAMPLIN DRIVE,431.6817493822834,BURNET AVENUE;MOSLEY DRIVE,DEAD END / SAME-NAME BRANCH,False,True,1,477431943,-76.1010803319916,43.059758078528716
ERIE BOULEVARD EAST,431.9703642750022,COLUMBUS AVENUE,LOMBARD AVENUE,True,True,1,477435480,-76.12072518698737,43.04941775226866
STOLP AVENUE,432.15876483198275,ARTHUR STREET,SOUTH GEDDES STREET,True,True,1,477441199,-76.17602780714614,43.03004509045569
STRATFORD STREET,432.8189961282918,BERKELEY DRIVE;OSTROM AVENUE,COMSTOCK AVENUE;MOUNT OLYMPUS DRIVE,True,True,1,477440146,-76.1287803328118,43.03400912568713
VAN BUREN STREET,433.1131151366908,ALMOND STREET;BURT STREET,RENWICK AVENUE,True,True,2,477438992;477439126,-76.14195609299811,43.03792440022242
HARRISON STREET,433.73584138490935,OSTROM AVENUE,COMSTOCK AVENUE,True,True,1,477437001,-76.12971179989026,43.044146618887346
DELHI STREET,433.79425487790735,OAK PLACE,HAWLEY AVENUE,True,True,1,477433201,-76.13207029699623,43.05586010467362
MADISON STREET,434.0126005374233,OSTROM AVENUE,COMSTOCK AVENUE,True,True,1,477436668,-76.12982625336207,43.045302122809424
KNAUL STREET,434.2673408320571,BUTTERNUT STREET,HIGHLAND STREET,True,True,1,477430326,-76.14252574012299,43.066442873301696
SOUTH AVENUE,434.35940271354787,ONONDAGA AVENUE,EAST BISSELL STREET;WEST BISSELL STREET,True,True,3,800050947;477442390;800034581,-76.15909411156245,43.025228175009204
UNIVERSITY PLACE,434.8771450111766,OSTROM AVENUE,COMSTOCK AVENUE,True,True,1,477438517,-76.12927080569594,43.039358111652426
DOUGLAS STREET,434.9890278566973,ROSEWOOD STREET,LODI STREET,True,True,1,477432281,-76.14323521773252,43.058573270236295
LIBERTY STREET,435.0111746981968,WEST BELDEN AVENUE,WEST GENESEE STREET,True,True,1,477433706,-76.17372431367467,43.05434413083911
ROBERTS AVENUE,435.2016904272238,BELLEVUE AVENUE,WILL AVENUE,True,True,1,477440772,-76.17205080372909,43.03236012748494
ATLANTIC AVENUE,435.34208861540884,SHIRLEY DRIVE,VALLEY DRIVE,True,True,1,477444472,-76.15647309317389,43.01107566342012
MARSHALL STREET,435.36470615927675,COMSTOCK AVENUE,OSTROM AVENUE,True,True,1,477437856,-76.12947179383272,43.041561114286765
EAST ADAMS STREET,435.9279672666252,COMSTOCK AVENUE,OSTROM AVENUE,True,True,1,477437473,-76.12956379841165,43.0426211185216
SHERWOOD AVENUE,436.0317523353865,CRATON STREET,HAWLEY AVENUE,True,True,1,477433112,-76.12492630385405,43.05613123068901
CORTLAND AVENUE,436.72880225347427,SOUTH AVENUE,DEARBORN PLACE,True,True,1,477441547,-76.15732673817149,43.028989146279315
ULSTER STREET,437.045905464967,COFFEY DRIVE,MILTON AVENUE,True,True,1,477435932,-76.18569896951647,43.048052119861936
MERRIMAN AVENUE,437.1472487852813,SABINE STREET,CONGRESS AVENUE;OSWEGO STREET,True,True,1,477438230,-76.16463639707229,43.04036950044016
TURTLE STREET,437.2334600367076,GRANT BOULEVARD,BRACE STREET,True,True,1,477428615,-76.15492024988983,43.075587933079454
HOUSTON AVENUE,437.7512421918145,EUCLID AVENUE,SUNNYSIDE ROAD,True,True,1,477439264,-76.11122479689439,43.03757186431444
HARRISON STREET,437.7764464722038,WALNUT AVENUE,COMSTOCK AVENUE,True,True,1,477436997,-76.13134226051426,43.04415513917893
PINE GROVE STREET,437.94174332114454,JAMESVILLE AVENUE,ARNOLD AVENUE,True,True,1,477443946,-76.1261725827112,43.014628979154764
RIDGEWOOD DRIVE,437.9754071684706,WINTHROP ROAD,GLENCOVE ROAD;NORTH GLENCOVE ROAD,True,True,1,477430685,-76.09418974546499,43.065259635177554
SMITH ROAD,438.0812252585925,KIMBER AVENUE,WEST SENECA TURNPIKE,True,True,1,477445719,-76.15519907176815,43.002973870734245
WEST GENESEE STREET,438.19307790401,NORTH LOWELL AVENUE,WEST FAYETTE STREET,True,True,1,477434290,-76.18430503870589,43.05219510365408
FORDLAND AVENUE,438.37806806148296,SEVENTH NORTH STREET,WILLUMAE DRIVE,True,True,1,477428273,-76.15078668760957,43.07723994874894
MONTGOMERY STREET,438.8107998741251,MADISON STREET,HARRISON STREET,True,True,1,477436944,-76.14883636305974,43.04488466616671
NBT BANK PARKWAY,439.030500458687,TEX SIMONE DRIVE,FARMERS MARKET WAY,True,True,1,477428457,-76.16564648802962,43.076167103873225
VAN RENSSELAER STREET,439.30425108802854,EVANS STREET,WEST BELDEN AVENUE,True,True,3,477433036;477433094;477433309,-76.16597765412371,43.05547217234317
SEVENTH NORTH STREET,439.3755998688099,STEDMAN STREET,WOLF STREET,True,False,1,477427399,-76.15547413691586,43.0813060203194
CONAN STREET,439.42594800607816,ONONDAGA CREEK BOULEVARD EAST,RILL AVENUE,True,True,1,477444517,-76.14975026237019,43.01126863037986
STOLP AVENUE,439.57271082008043,BEVERLY ROAD,SUMMIT AVENUE,True,True,1,477441147,-76.16689430426827,43.03037564390927
CRAWFORD AVENUE,439.8088703493947,EUCLID AVENUE,MONTANA STREET,True,True,1,477439967,-76.1095836031501,43.03517305537716
SPENCER STREET,439.8286275713017,VAN RENSSELAER STREET,SAND STREET,True,True,1,477432694,-76.16673331460593,43.05693109260566
LYDELL STREET,440.3211304824722,HARTSON STREET,FITCH STREET,True,True,1,477439430,-76.17852530961893,43.037066139978386
GARFIELD AVENUE,440.3885429612122,GLASS TERRACE,WOODLAND AVENUE,True,True,1,477441568,-76.14227528951504,43.02908514031257
LODI STREET,440.4316084212985,HICKORY STREET,DOUGLAS STREET,True,True,1,477432518,-76.14324379467442,43.0578761042789
WEST GENESEE STREET,440.5742424054079,EUREKA STREET,LIBERTY STREET,True,True,1,477433779,-76.17455561979853,43.05360819235377
SPENCER STREET,440.59973118844516,SAND STREET,HUNTER AVENUE,True,True,1,477432654,-76.16837630097724,43.057012121707245
NORTH CHELTENHAM ROAD,440.6139077418888,EAST CHELTENHAM ROAD;LATTER DRIVE,SUNRISE DRIVE,True,True,1,477446390,-76.138332620837,42.99583440988742
NORTH LOWELL AVENUE,440.8031293206932,SCHOOL STREET,SAINT MARKS AVENUE,True,True,1,477433866,-76.18621927875922,43.05381911458933
KIRKPATRICK STREET,441.27362513319844,LODI STREET;NORTH SALINA STREET,NORTH STATE STREET,True,True,1,477430919,-76.15702758497298,43.06433252197902
CROYDEN ROAD,441.29166913373234,SHERBOURNE ROAD,BROAD STREET,True,True,1,477440979,-76.10845866006227,43.031483130590125
EAST TAYLOR STREET,442.1303514630027,ALMOND STREET,SOUTH MCBRIDE STREET,True,True,3,477438431;477438434;477438456,-76.14306324001365,43.03948590155537
ULSTER STREET,442.42864433319414,NORTH WILBUR AVENUE,NORTH LOWELL AVENUE,True,True,1,477435515,-76.18211334006592,43.04940761298232
SMITH STREET,442.7744441674222,ERIE BOULEVARD EAST,POLK STREET,True,True,1,477433697,-76.09080474567617,43.054390145375216
KIRK PARK DRIVE,442.89123925034573,CREHANGE STREET,WEST COLVIN STREET,True,True,1,477442854,-76.15467632063547,43.022720939587565
MILES AVENUE,443.092580806929,KENSINGTON ROAD,MEADOWBROOK DRIVE,True,True,1,477440997,-76.11599544842936,43.03140969775381
PARK AVENUE,443.6873930330001,PLUM STREET,BARKER AVENUE,True,True,1,477434375,-76.1611190072897,43.05196665045577
SEYMOUR STREET,443.6912703904756,GRANGER STREET,SOUTH WEST STREET,True,True,2,477437495;800040245,-76.15686661294666,43.04261181039118
GUILFORD ROAD,443.85882763524637,WINDHAM DRIVE,DEAD END / SAME-NAME BRANCH,False,True,1,477439863,-76.09419205762758,43.03544528127484
MIDLAND AVENUE,444.0129698413815,WEST SENECA TURNPIKE,FLORAL PARKWAY,True,True,3,477445841;800052180;800040326,-76.14693425132474,43.001832658040975
SHERBOURNE ROAD,444.1095458649624,CRAWFORD AVENUE,MEADOWBROOK DRIVE,True,True,1,477440667,-76.1108873743384,43.03220465349885
FELLOWS AVENUE,444.36094741802873,DAKOTA STREET,MEADOWBROOK DRIVE,True,True,1,477440860,-76.11478075373505,43.032033581023
WEST GENESEE STREET,444.4024466546542,VAN RENSSELAER STREET,SAND STREET,True,True,1,477433757,-76.16688929228762,43.05355208893571
LAKEVIEW AVENUE,444.89144845997475,PARK AVENUE,APPLE STREET,True,True,1,477434743,-76.17963162092965,43.051765977639604
SEVENTH NORTH STREET,444.9292816505551,FORDLAND AVENUE,COURT STREET,True,True,1,477428240,-76.14969605443265,43.07730222527406
LODI STREET,444.9349900804723,NORTH TOWNSEND STREET;POND STREET,CATAWBA STREET,True,True,1,477431207,-76.15273984727516,43.06300258009604
PROSPECT AVENUE,445.4691313862434,BUTTERNUT STREET,NORTH SALINA STREET,True,True,1,477432336,-76.1515815358389,43.05861337160503
TERRACE ROAD,446.0818348575803,BERKELEY DRIVE,WINDSOR PLACE,True,True,1,477440695,-76.12594938524087,43.03229510982625
CHERRY STREET,446.38337347120193,LEXINGTON AVENUE,EAST FAYETTE STREET,True,True,1,477436171,-76.1234827873865,43.04771215520312
ARDMORE ROAD,446.4597291166678,KNAPP ROAD,SALISBURY ROAD,True,False,2,477438104;477437739,-76.19884040104236,43.04121054179287
PLUM STREET,447.06594856808607,WEST GENESEE STREET,WEST BELDEN AVENUE,True,True,1,477433795,-76.15996161860116,43.05401068175988
SLOCUM DRIVE,447.0817735919378,DEAD END / SAME-NAME BRANCH,DEAD END / SAME-NAME BRANCH,False,True,1,477443247,-76.11659725825464,43.02031387706827
BERNIE BLAKE DRIVE,447.2458405744724,LOOMIS AVENUE,DEAD END / SAME-NAME BRANCH,False,True,1,477445188,-76.151391283451,43.00667345050203
KIRK PARK DRIVE,447.3519097059716,CREHANGE STREET,ELMHURST AVENUE,True,True,1,477443038,-76.15491970902848,43.0215603033505
EUCLID AVENUE,447.44985142053434,JANET DRIVE,CRAWFORD AVENUE,True,True,1,477439899,-76.10860205073713,43.03527210127138
SLOCUM DRIVE,447.56959471022645,DEAD END / SAME-NAME BRANCH,DEAD END / SAME-NAME BRANCH,False,True,1,477443055,-76.1157789794709,43.02111980653898
WEST BELDEN AVENUE,447.6266995048008,VAN RENSSELAER STREET,SAND STREET,True,True,1,477433310,-76.16683607518067,43.054920068261396
BELLEVUE AVENUE,448.0095646000135,VELASKO ROAD,BUNGALOW TERRACE,True,True,1,477440671,-76.18610191817685,43.0323269049242
SOUTH SALINA STREET,448.104126606202,FURMAN STREET,WEST KENNEDY STREET,True,True,1,477441050,-76.14798783348634,43.03124962430968
CARLTON ROAD,448.3097051550246,ARDEN DRIVE,CALVIN ROAD,True,True,1,477442949,-76.1756450018019,43.022047882643676
DEWEY AVENUE,448.3883743802185,WEST GENESEE STREET,WAITE AVENUE,True,True,1,477434040,-76.17916787028643,43.05335122322764
VALLEY DRIVE,448.48711708305046,MERRITT AVENUE,EAST CHAFFEE AVENUE,True,True,1,477446185,-76.15291279299935,42.998459098329306
NORTH GEDDES STREET,448.82908107038656,WEST GENESEE STREET,WEST BELDEN AVENUE,True,True,1,477433722,-76.17051880495133,43.05428011834997
MAY AVENUE,449.0673682758899,EASTMAN AVENUE,HILLVIEW AVENUE,True,True,1,477741335,-76.16061601554,43.021163040728474
AVERY AVENUE,449.0839383044594,MILTON AVENUE,WARNER COURT,True,True,1,477432243,-76.19918320756351,43.05892428927794
MIDLAND AVENUE,449.1256917322483,MARTIN LUTHER KING WEST,BLAINE STREET,True,True,1,477440774,-76.15426584440183,43.032343072269086
FISH AVENUE,449.2574308701994,VALLEY DRIVE,LOOMIS AVENUE,True,True,1,477445122,-76.15425552148793,43.00685395587631
EAST COLVIN STREET,449.2974630230476,SOUTH STATE STREET,GARFIELD AVENUE,True,True,1,477442155,-76.14250431612287,43.025986555204724
GLENWOOD AVENUE,449.6930743627659,VELASKO ROAD,DUNDEE DRIVE,True,True,1,477442160,-76.18605691322809,43.02614081803903
HIGH STREET,449.97391703602165,POND STREET,CRAIG STREET,True,True,1,477429544,-76.14710579021862,43.07052062786917
BECKER STREET,450.1841429045053,CRAIG STREET,POND STREET,True,True,1,477429348,-76.14637776933628,43.071494099609765
STINARD AVENUE,450.3396572051235,CROSSETT STREET,GORDON AVENUE,True,True,1,477441711,-76.173828797302,43.02848460445611
SOUTH GEDDES STREET,450.3961837849449,GORDON AVENUE,CROSSETT STREET,True,True,1,477441731,-76.17509477954653,43.02843761821683
WARHAM STREET,450.8631025175198,POND STREET,CRAIG STREET,True,True,1,477429231,-76.14585032772536,43.07221162170518
EAST GENESEE STREET,450.935910136077,WESTCOTT STREET,COLUMBUS AVENUE,True,True,1,477436580,-76.12048928890664,43.04569924595542
MONTROSE AVENUE,451.0411831776894,SALISBURY ROAD,KNAPP ROAD,True,False,2,477437702;477438084,-76.19645965317957,43.04132355393272
BUTTERNUT STREET,451.0764253920936,PARK STREET,SOUTH CARBON STREET,True,True,1,477431165,-76.14362781603901,43.06341430905132
CLARKE STREET,451.12122687950125,STRONG AVENUE,ALLEN STREET,True,True,1,477438665,-76.11725899618996,43.039007150795925
SOUTH BEECH STREET,451.17225608743,CHERRY STREET,BRISTOL PLACE,True,True,2,477437313;477437376,-76.12295566944874,43.04320764254423
MIDLAND AVENUE,451.4766303842174,WEST KENNEDY STREET,FURMAN STREET,True,True,1,477441370,-76.15311929778176,43.02993909943701
CLAYTON AVENUE,451.54070186582356,HUTCHINSON AVENUE,LYNCH AVENUE,True,True,1,477443952,-76.16901269484205,43.01516749958408
PULASKI STREET,451.56301408732156,GIMINSKI DRIVE,NORTH GEDDES STREET,True,True,1,477432397,-76.17096732301623,43.05833659169042
KING STREET,451.60835945168026,ONEIDA STREET,WEST TAYLOR STREET,True,True,2,800047546;477439015,-76.15350898153486,43.03821359599657
WILKINSON STREET,451.6227224985633,NORTH GEDDES STREET,DEAD END / SAME-NAME BRANCH,False,True,1,477434839,-76.17150924861679,43.051061094369736
EAST LAUREL STREET,452.0942812051792,NORTH MCBRIDE STREET,CATHERINE STREET,True,True,1,477432360,-76.14675532297507,43.0583301119612
WOLCOTT AVENUE,452.64848522719694,FAIRDALE AVENUE,WOLCOTT TERRACE,True,True,1,477442102,-76.18261077971195,43.02682714806224
HAWLEY AVENUE,453.2922176256414,DELHI STREET,ELM STREET,True,True,2,800084755;477433188,-76.13118281790675,43.05530490819291
WEST GENESEE STREET,453.6418439959204,SACKETT STREET,EUREKA STREET,True,True,1,477433929,-76.17617429987313,43.05329764130851
LAMBRETH LANE,453.71149377596964,CHINOOK DRIVE,SLOCUM DRIVE,True,True,1,477443476,-76.11716531305892,43.01841047900536
WEST GENESEE STREET,453.872990925279,MILTON AVENUE,EMERSON AVENUE,True,True,1,477434383,-76.18859999341234,43.05221557028378
LEMOYNE AVENUE,453.93542049121146,MARTIN STREET,KENWOOD AVENUE,True,True,1,477427521,-76.15210683922403,43.08101460883534
RIVERDALE DRIVE,453.9436521454764,WEST SENECA TURNPIKE,KRAMER DRIVE,True,True,1,477445857,-76.1550064722938,43.00169661912672
WEST COLVIN STREET,453.9692858035407,MIDLAND AVENUE,HOPE AVENUE,True,True,1,477442541,-76.15165830645992,43.024000118304684
BURT STREET,453.99244312001167,SOUTH MCBRIDE STREET,ALMOND STREET;VAN BUREN STREET,True,True,5,477438850;800034761;477438838;800036340;477438822,-76.14295199626784,43.03844545316759
SEVENTH NORTH STREET,454.0102513580204,LEMOYNE AVENUE,STEDMAN STREET,True,True,1,477427605,-76.15426414846536,43.08045981695105
BROOKFORD ROAD,454.65918652570923,HARRINGTON ROAD,EUCLID AVENUE;HURLBURT ROAD,True,True,1,477439166,-76.1014067271772,43.03774889365032
FOREST AVENUE,454.98022472159045,HOPE AVENUE,MIDLAND AVENUE,True,True,1,477443095,-76.15045952006618,43.020818657325
WARNER AVENUE,455.0513853199228,MIDLAND AVENUE,HOPE AVENUE,True,True,1,477442928,-76.15082427351042,43.021783871375625
ROCKWOOD PLACE,455.3113573834491,ROCKWOOD ROAD,ALTON STREET,True,True,1,477442711,-76.19855800709996,43.02341183567423
SPENCER STREET,455.3338572933796,GIMINSKI DRIVE,NORTH GEDDES STREET;WEST KIRKPATRICK STREET,True,True,1,477432597,-76.17122749463964,43.05725339327131
TEALL AVENUE,455.34447820513844,LYNCH STREET,ERIE BOULEVARD EAST,True,True,1,477435368,-76.12166059773139,43.05017041699188
GRIFFITHS STREET,456.4155379377854,POND STREET,CRAIG STREET,True,True,1,477429629,-76.14757924688753,43.06989661619945
JULIAN PLACE,456.73309065508505,EAST COLVIN STREET,DEAD END / SAME-NAME BRANCH,False,True,2,800049449;477443039,-76.11092887105717,43.021822303485216
HIXSON AVENUE,456.8057418322782,KINNE STREET,ROBINSON STREET,True,True,1,477432201,-76.11980578296323,43.059127629034904
PROSPECT AVENUE,457.0107042340254,UNION AVENUE,HICKORY STREET,True,True,1,477433390,-76.14888299451472,43.05515249336812
WEST BRIGHTON AVENUE,457.1877496583083,HOPE AVENUE,MIDLAND AVENUE,True,True,1,477443202,-76.15012630437597,43.01993462686445
EAST GENESEE STREET,457.48324281912204,BROOKFORD ROAD;EAST AVENUE,BRADFORD PARKWAY,True,True,1,477437537,-76.10613188905401,43.042750779411406
BURNET AVENUE,457.4872820609639,NORTH MCBRIDE STREET,NORTH TOWNSEND STREET,True,True,1,509997502,-76.14467613674972,43.05227309131219
CARBON STREET,457.49920543838107,HIAWATHA BOULEVARD EAST,WOLF STREET,True,True,1,477429184,-76.16426852221926,43.072468803007595
HARRISON STREET,457.59301632275753,ALMOND STREET,SARAH LOGUEN STREET,True,True,1,506022018,-76.14137728697831,43.04434309255963
OTISCO STREET,457.6052824337606,OSWEGO STREET,SENECA STREET,True,True,1,477436758,-76.16561532107626,43.04500665072961
VALLEY DRIVE,457.6972626045955,CORTLAND PLACE,WEST SENECA TURNPIKE,True,True,1,477445749,-76.15318896469078,43.00268824663495
CRAWFORD AVENUE,457.75116764669775,MEADOWBROOK DRIVE,SUNNYSIDE ROAD,True,True,1,477438874,-76.10928209797821,43.03888493049206
GRANT BOULEVARD,457.9014176493118,MCCHESNEY PARK DRIVE;POND STREET,CRAIG STREET,True,True,1,477429029,-76.14520024627696,43.073118120020226
JAMES STREET,457.90501877245646,NORTH MCBRIDE STREET,NORTH TOWNSEND STREET,True,True,1,477433738,-76.14526232737188,43.0539471271697
EAST WATER STREET,458.13430953939,SOUTH TOWNSEND STREET,SOUTH MCBRIDE STREET,True,True,2,509997475;477435132,-76.14471728074467,43.050395519342175
NORTH SALINA STREET,458.1413707181377,TURTLE STREET,BEAR STREET,True,True,1,477429989,-76.16134859696142,43.068297119654794
SUNSET AVENUE,458.2646623234266,BEAR STREET,TURTLE STREET,True,True,1,477430397,-76.1627275886721,43.06645708890526
SHERIDAN DRIVE,458.2913573091054,RICH STREET;WEST ONONDAGA STREET,HOLLAND STREET,True,True,1,477439236,-76.1628381548579,43.03749854543147
GRANT BOULEVARD,458.40136188942637,HIAWATHA BOULEVARD EAST,WOLF STREET,True,True,1,477428223,-76.16072330528529,43.07722766180115
SHIRLEY DRIVE,458.4853871450307,BALLANTYNE ROAD,MARLETT STREET,True,True,1,477444841,-76.15501332764966,43.00900410787183
MYRTLE STREET,458.4877088248317,MORTON STREET,DRISCOLL AVENUE,True,True,1,477434020,-76.19786028928351,43.053377632260634
AVERY AVENUE,458.6436898101572,MORTON STREET,DRISCOLL AVENUE,True,True,1,477433753,-76.19593184582202,43.05410711746364
EAST FAYETTE STREET,458.6843876187411,SOUTH TOWNSEND STREET,SOUTH MCBRIDE STREET,True,True,1,509997461,-76.1447542878927,43.04859417131043
SPRING STREET,458.85306974021046,HIAWATHA BOULEVARD EAST,WOLF STREET,True,True,1,477428967,-76.16340776967166,43.073627636259474
MOONEY AVENUE,459.0358448487184,HIXSON AVENUE,DEAD END / SAME-NAME BRANCH,False,True,1,477431178,-76.11922630774822,43.06285915602529
FOURTH NORTH STREET,459.0860884112784,WOLF STREET,HIAWATHA BOULEVARD EAST,True,True,1,477427975,-76.15982579039292,43.07842963444825
JAMES STREET,459.2151924862754,CATHERINE STREET,NORTH MCBRIDE STREET,True,True,1,477433518,-76.14383483073736,43.054645641260436
FIRST NORTH STREET,459.23945352613885,WOLF STREET,HIAWATHA BOULEVARD EAST;TEX SIMONE DRIVE,True,True,1,477428737,-76.16251678402465,43.07482515198505
CLAIRMONTE AVENUE,459.3629146047845,BELLEVUE TERRACE,RUSKIN AVENUE,True,True,1,477440809,-76.16932627357495,43.03225112546771
LOOMIS AVENUE,459.44330776669614,BALLANTYNE ROAD,MARLETT STREET,True,True,1,477444815,-76.15410527774849,43.009162075893514
SOUTH WARREN STREET,459.4787985653436,SOUTH SALINA STREET,EAST ADAMS STREET,True,True,1,477437869,-76.15089620213294,43.04214769279891
NORTH TOWNSEND STREET,459.48888703091126,CATAWBA STREET,LODI STREET;POND STREET,True,True,1,477431293,-76.1532567168038,43.06280983121254
WAYNE STREET,459.53868052824987,HOWARD STREET,LODI STREET,True,True,1,477433265,-76.13999535619544,43.05539065913894
MORGAN AVENUE,459.57979872355315,AVERY AVENUE,DEAD END / SAME-NAME BRANCH,False,True,1,477432734,-76.1989748093965,43.05704260238322
RICHFIELD AVENUE,459.6248538804012,COLDBROOK DRIVE,DEAD END / SAME-NAME BRANCH,False,True,1,477447006,-76.13905267629785,42.98912258908603
EMERSON AVENUE,459.64132651106354,ERIE STREET,WEST GENESEE STREET,True,True,1,477434125,-76.1877726590279,43.05307878580305
EAST WILLOW STREET,459.9602387823977,NORTH MCBRIDE STREET,NORTH TOWNSEND STREET,True,True,1,477433466,-76.14593230803004,43.05476612197308
HAYDEN AVENUE,459.9719220208705,MORTON STREET,DRISCOLL AVENUE,True,True,1,477433908,-76.19686251935127,43.05376152565265
SECOND NORTH STREET,460.5302145750638,WOLF STREET,HIAWATHA BOULEVARD EAST,True,True,1,477428456,-76.16162476240568,43.07602163507529
VINCENT STREET,460.62521999960484,COMSTOCK AVENUE,HARRIETTE AVENUE,True,True,1,477442956,-76.12930539233227,43.02146834179044
MARCELLUS STREET,460.9173553689373,ONTARIO STREET,SENECA STREET,True,True,2,477436650;800032553,-76.16768488643748,43.045556087056816
EAST WASHINGTON STREET,460.96428484533465,SOUTH TOWNSEND STREET,SOUTH MCBRIDE STREET,True,True,1,509997463,-76.14473255681422,43.04950601546026
COURT STREET,461.0548014402318,LODI STREET,NORTH ALVORD STREET;NORTH SALINA STREET,True,True,1,477430379,-76.1594468026005,43.06676008257315
HICKORY STREET,461.4083723836684,NORTH MCBRIDE STREET,NORTH TOWNSEND STREET,True,True,1,477433226,-76.1465547942564,43.05555263093551
RAYMOND AVENUE,461.45747264936387,WEST NEWELL STREET,KIRK PARK DRIVE,True,True,1,477443663,-76.15455077005261,43.017379487314415
WEST FAYETTE STREET,461.5404772257113,TIOGA STREET,NIAGARA STREET,True,True,1,477436023,-76.16316831380321,43.04771361166009
KELLOGG STREET,461.55099263606735,CONGRESS AVENUE,MERRIMAN AVENUE,True,True,1,477438409,-76.16236632935448,43.040025638857
POND STREET,461.5992767975778,PARK STREET,CARBON STREET,True,True,1,477430440,-76.15109829292349,43.06646112474626
HARRISON STREET,461.68815992858026,ALMOND STREET,SARAH LOGUEN STREET,True,True,1,506022021,-76.14137642090762,43.044230139358
TULLY STREET,461.76905346380113,SENECA STREET,OSWEGO STREET,True,True,1,477437082,-76.16518979725639,43.0440570966077
OAK STREET,461.80509690534257,SIDNEY STREET,FARMER STREET,True,True,1,477430779,-76.13619678233556,43.064965591531816
DEWITT STREET,461.82294485791124,GRANT BOULEVARD,MERTENS AVENUE,True,True,1,477429334,-76.1344338039954,43.07187261330801
DEWITT STREET,461.83330132506615,RUGBY ROAD,SIDNEY STREET,True,True,1,477430483,-76.13406933816532,43.06633859691264
EAST CATHROP AVENUE,461.86669093759355,SOUTH SALINA STREET,DEAD END / SAME-NAME BRANCH,False,True,4,509994538;509994546;509994550;509994544,-76.14037624644035,43.01671346278793
MARCELLUS STREET,462.04676595203046,SENECA STREET,OSWEGO STREET,True,True,1,477436526,-76.16604613477712,43.04595507882437
BURNET AVENUE,462.0556319256935,CATHERINE STREET,NORTH MCBRIDE STREET,True,True,1,477434232,-76.14295576669993,43.05225660446515
SPRING STREET,462.19926996094233,BEAR STREET,TURTLE STREET,True,True,1,477429294,-76.15876881012325,43.07173560463111
SUNSTRUCK DRIVE,462.2683750771948,ROBINSON STREET,KINNE STREET,True,True,1,477432217,-76.12104029723163,43.05907911620205
BROADVIEW DRIVE,462.3828434852319,LYNMAR LANE,ROCKWOOD ROAD,True,False,2,477442858;477442767,-76.19974892487497,43.02275833173601
EUCLID AVENUE,462.445934884778,BRADFORD PARKWAY,BROOKFORD ROAD;HURLBURT ROAD,True,True,1,477439416,-76.1014793131308,43.03686265889724
ROBERTS AVENUE,462.73045956695074,GORDON AVENUE,CROSSETT STREET,True,True,1,477441700,-76.17177667838251,43.02854376581163
FIRST NORTH STREET,462.8341995753631,BEAR STREET,TURTLE STREET,True,True,1,477429093,-76.1578578523878,43.07295215170898
EAST TAYLOR STREET,462.8803741257581,SOUTH MCBRIDE STREET,OAKWOOD AVENUE;SOUTH TOWNSEND STREET,True,True,1,477438492,-76.14475373387903,43.039417900420986
EAST WASHINGTON STREET,462.91744948123227,SOUTH MCBRIDE STREET,ALMOND STREET,True,True,5,477435405;481561076;481561073;477435413;477435415,-76.14300428708657,43.049482260723856
EAST FAYETTE STREET,462.94648991945644,ALMOND STREET,SOUTH MCBRIDE STREET,True,True,4,477435684;477435678;477435676;477435674,-76.14303028596197,43.04856731968658
MARCELLUS STREET,462.95711074697914,TIOGA STREET,NIAGARA STREET,True,True,1,477436360,-76.16274979689483,43.04675708841981
DORCHESTER AVENUE,462.960139789981,GRAY AVENUE,WHEATON ROAD,True,True,1,477429957,-76.12522210930096,43.06870949868182
KENSINGTON PLACE,463.2793817601618,BROAD STREET,KENSINGTON ROAD,True,True,1,477441144,-76.11984438601495,43.0309929472699
WOODLAWN TERRACE,463.7698477848139,MERTENS AVENUE,GRANT BOULEVARD,True,True,1,477429300,-76.13120081036351,43.07202812179254
JAMES STREET,463.78211721279564,HIXSON AVENUE,RUGBY ROAD,True,True,1,477430516,-76.12089575893698,43.065897086880874
WEST STREET ARTERIAL SOUTHBOUND,463.8180543247228,FABIUS STREET,GIFFORD STREET,True,True,1,477437219,-76.15832125966855,43.04408909831151
BRATTLE ROAD,464.1632123361059,MERTENS AVENUE,GRANT BOULEVARD,True,True,1,477429281,-76.12877526296067,43.07214261914803
EAST WATER STREET,464.34252844612,SOUTH MCBRIDE STREET,ALMOND STREET,True,True,4,477435134;477741187;477741184;477435141,-76.14299180080451,43.05037075304707
EAST CATHROP AVENUE,464.5469115970854,SOUTH SALINA STREET,DEAD END / SAME-NAME BRANCH,False,True,4,509994531;509994527;509994530;509994542,-76.14035706916128,43.016629571370736
WEST FAYETTE STREET,464.5553314771006,OSWEGO STREET,SENECA STREET,True,True,1,477436306,-76.16647619075611,43.04690859105557
WENDELL TERRACE,464.5781822254437,MERTENS AVENUE,GRANT BOULEVARD,True,True,1,477429292,-76.13000225068583,43.07208512391729
ERIE BOULEVARD EAST,464.64971650013007,ALMOND STREET,SOUTH MCBRIDE STREET,True,True,3,477434995;477741173;477741171,-76.14298618334135,43.05075238820609
ERIE BOULEVARD EAST,464.71013454853494,ALMOND STREET;CATHERINE STREET,NORTH MCBRIDE STREET,True,True,3,477434942;481561063;481561066,-76.14298520442166,43.0508371751154
EAST WILLOW STREET,464.8115162225231,NORTH MCBRIDE STREET,CATHERINE STREET,True,True,1,477433250,-76.14449575732979,43.055473604912784
SCOTTHOLM TERRACE,464.95439960820903,MEADOWBROOK DRIVE,SUNNYSIDE ROAD,True,True,1,477439065,-76.10998086590064,43.03810046004379
PUTNAM STREET,465.07753834542945,SOUTH GEDDES STREET,BRADLEY STREET,True,True,1,477439389,-76.17274649857654,43.036905786572454
DEWITT STREET,465.11994791668945,SIDNEY STREET,FARMER STREET,True,True,1,477430755,-76.1339848156709,43.06506812737316
EAST DIVISION STREET,465.136515213671,PARK STREET,CARBON STREET,True,True,1,477430725,-76.14770079498405,43.06508563116706
OAK STREET,465.142389237774,SIDNEY STREET,RUGBY ROAD,True,True,1,477430509,-76.13627926382881,43.06623612446676
DURSTON AVENUE,465.24510480497025,MERTENS AVENUE,GRANT BOULEVARD,True,True,1,477429267,-76.12751934048762,43.072203132559366
TULLY STREET,465.32959688192017,ONTARIO STREET,SENECA STREET,True,True,1,477437167,-76.16684171942202,43.04367927566366
HELEN STREET,465.44375700765573,MERTENS AVENUE,GRANT BOULEVARD,True,True,1,477429346,-76.13553675820141,43.07181363210006
MARQUETTE STREET,465.46578534891773,SAND STREET,HUNTER AVENUE,True,True,1,477432926,-76.16845094928766,43.05619058217452
KIMBER AVENUE,465.5000490911864,VALLEY DRIVE,SMITH ROAD,True,True,1,477445605,-76.15430206762124,43.00354583574986
BURT STREET,465.50484306833647,OAKWOOD AVENUE,SOUTH MCBRIDE STREET,True,True,1,477438888,-76.14466817913461,43.038360544688146
TULLY STREET,465.5419512480776,OSWEGO STREET,TIOGA STREET,True,True,1,477436961,-76.16354376883359,43.044459119471526
HICKORY STREET,465.5751197279333,CATHERINE STREET,NORTH MCBRIDE STREET,True,True,1,477433008,-76.14511231964407,43.05625910012706
MARCELLUS STREET,465.64150146409264,OSWEGO STREET,TIOGA STREET,True,True,1,477436435,-76.1643977675362,43.046353616395166
SHOTWELL PARK,465.6450307175541,DEAD END / SAME-NAME BRANCH,SUNNYCREST ROAD,False,True,1,477431370,-76.11474665903258,43.06186895209446
SOUTH AVENUE,465.67856784076287,WEST COLVIN STREET,EASTMAN AVENUE,True,True,1,477442901,-76.15928477693676,43.022485612163095
WEST MARCELLUS STREET,465.79743691466814,DEAD END / SAME-NAME BRANCH,SOUTH GEDDES STREET,False,True,1,477436922,-76.1719117911095,43.0443411469529
HILLSBORO PARKWAY,465.79839576892476,DEFOREST ROAD,ENFIELD PLACE,True,True,1,477438105,-76.09254298481545,43.04100474767881
HAWLEY AVENUE,465.80642602133014,CATHERINE STREET;GREEN STREET,NORTH MCBRIDE STREET,True,True,1,477433843,-76.14291279847605,43.0533281196256
JOHN STREET,465.8570489647849,PARK STREET,CARBON STREET,True,True,1,477430831,-76.14678601206182,43.06471567223793
SECOND NORTH STREET,465.95257087122144,BEAR STREET,TURTLE STREET,True,True,1,477428863,-76.15697479403356,43.074133236472065
PARK STREET,466.16918743055896,TURTLE STREET,BEAR STREET,True,True,1,477429761,-76.16047878689524,43.069445630172744
CRADDOCK STREET,466.18999635077347,ELMWOOD AVENUE,GLENWOOD AVENUE,True,True,2,477443431;477443343,-76.16271136405098,43.01895796093367
OTISCO STREET,466.1927563915561,ONTARIO STREET,SENECA STREET,True,True,1,477436865,-76.16725644498274,43.04460911920601
BURT STREET,466.23807238482993,SOUTH STATE STREET,OAKWOOD AVENUE,True,True,1,477438911,-76.14649861864173,43.038275705521514
GLENWOOD AVENUE,466.25582395033547,WOLCOTT AVENUE,BUNKER HILL WAY,True,True,1,477442350,-76.18325243322413,43.025110538693234
CARBON STREET,466.3963625665383,BEAR STREET,TURTLE STREET,True,True,1,477429535,-76.15961481238743,43.070593593114296
NORTH AVENUE,466.442455632105,JAMES STREET,EASTWOOD ROAD,True,True,1,477429873,-76.11345552692784,43.06915524464746
HELEN STREET,467.0129642381689,SIDNEY STREET,FARMER STREET,True,True,1,477430765,-76.13509378585626,43.06501561953029
LODI STREET,467.2442422742848,BEAR STREET,TURTLE STREET,True,True,1,477430233,-76.162192752244,43.067142621980835
HELEN STREET,467.6063838798021,SIDNEY STREET,RUGBY ROAD,True,True,1,477430492,-76.13517778873697,43.06629662892101
OTISCO STREET,467.90853582386023,OSWEGO STREET,TIOGA STREET,True,True,1,477436687,-76.16397213450041,43.0454071295861
OAK STREET,467.99907910046926,MERTENS AVENUE,GRANT BOULEVARD,True,True,1,477429363,-76.13664976634415,43.071757107076394
WOODRUFF AVENUE,468.02554695463834,GRANT BOULEVARD,MERTENS AVENUE,True,True,1,477429376,-76.13785630346818,43.071697119497955
WEST FAYETTE STREET,468.3616493457141,TIOGA STREET,OSWEGO STREET,True,True,1,477436164,-76.16482132188789,43.047315620310215
WOLCOTT AVENUE,468.3702699195804,GLENWOOD AVENUE,WOLCOTT TERRACE,True,True,1,477442345,-76.18249298324717,43.025566317122866
WESTWOOD ROAD,468.779768018231,WINKWORTH PARKWAY,DEAD END / SAME-NAME BRANCH,False,True,1,477442567,-76.19601455855558,43.02418071667918
SLOCUM AVENUE,468.8063281239654,SOUTH AVENUE;WEST ONONDAGA STREET,HOLLAND STREET,True,True,1,477438548,-76.15980725589459,43.03972364614627
SOUTH STATE STREET,469.4190588099737,NEW STREET,EAST TAYLOR STREET,True,True,1,477438540,-76.147510912336,43.03994961706059
OBERST STREET,470.35977134293734,PARK STREET,CARBON STREET,True,True,1,477431070,-76.14445481494315,43.063759623148876
JUDSON STREET,470.8028899030311,GREENWOOD PLACE,SOUTH BEECH STREET,True,True,1,477438058,-76.12128730772595,43.04095912204371
WEST JEFFERSON STREET,470.808337903553,SOUTH FRANKLIN STREET,DEAD END / SAME-NAME BRANCH,False,True,1,477436181,-76.15469611652284,43.047415743739414
GIFFORD STREET,470.8095863314032,SOUTH WEST STREET,GRANGER STREET,True,True,2,800040247;477437210,-76.15700303102315,43.04350711451508
SOUTH SALINA STREET,470.88703451264934,MARTIN LUTHER KING EAST;MARTIN LUTHER KING WEST,FURMAN STREET,True,True,1,477440749,-76.14855283308258,43.03244061797635
NORTH CLINTON STREET,471.0553611373734,WEST KIRKPATRICK STREET,WEST COURT STREET,True,True,1,477431326,-76.15959262491705,43.06257304598683
EAST ADAMS STREET,471.180911259464,SOUTH STATE STREET,SOUTH TOWNSEND STREET,True,True,1,509998040,-76.14666279604621,43.04275060437251
HADDON ROAD,471.3966611358425,EDGEMONT DRIVE,LOCKWOOD ROAD,True,True,1,477438876,-76.09001481747046,43.038949400710486
SOUTH MCBRIDE STREET,471.7999935237207,MONROE STREET,JACKSON STREET,True,True,1,477438224,-76.14399406126239,43.04100227825246
HAMPTON ROAD,471.92609763731303,CHATHAM ROAD,RUGBY ROAD,True,True,1,477430286,-76.12382025475236,43.0672006268534
SOUTH CLINTON STREET,472.0878015135366,WEST TAYLOR STREET,DEAD END / SAME-NAME BRANCH,False,True,2,477439448;800067162,-76.15135816409553,43.03835084468745
WEST GENESEE STREET,472.1334585987049,NORTH FRANKLIN STREET,NORTH CLINTON STREET,True,True,1,477434710,-76.15428515507526,43.051631410091986
SOUTH SALINA STREET,472.55785550856217,EAST ADAMS STREET;WEST ADAMS STREET,SOUTH WARREN STREET,True,True,1,477437870,-76.15128328196738,43.04215464268368
FLETCHER AVENUE,472.58731194842585,HUTCHINSON AVENUE,LYNCH AVENUE,True,True,1,477443935,-76.16662124991403,43.01532314053299
BURNET AVENUE,472.59690362494143,CHAMPLIN DRIVE;MOSLEY DRIVE,SHERIDAN PLACE,True,True,1,477432066,-76.101291781295,43.059194614165264
GRAND AVENUE,472.646437170846,DELAWARE STREET,DEAD END / SAME-NAME BRANCH,False,True,1,477438392,-76.17317830642396,43.04007278698884
EAST GLEN AVENUE,472.7302677316208,FILLMORE AVENUE,DEAD END / SAME-NAME BRANCH,False,True,2,511163835;511163835,-76.1372832875728,43.0094270873977
HERRIMAN STREET,472.7901981009345,FITCH STREET,HARTSON STREET,True,True,1,477439396,-76.17712328687547,43.03717561723563
HUBBELL AVENUE,472.8628847453101,CROSSETT STREET,GORDON AVENUE,True,True,1,477441695,-76.17033131633288,43.02858062469603
BEAR STREET,473.0195488497958,CARBON STREET,SPRING STREET,True,True,1,477429405,-76.15995329810434,43.07147160231684
WEST BRIGHTON AVENUE,473.1575375816231,KIRK PARK DRIVE,HATCH STREET,True,True,1,477443301,-76.15325812016151,43.019571675485906
EDGEWOOD AVENUE,473.26811557025616,HUTCHINSON AVENUE,LYNCH AVENUE,True,True,1,477443926,-76.16540297269782,43.01538214481535
MALCOLM STREET,473.30110574093726,DEAD END / SAME-NAME BRANCH,WEST ONONDAGA STREET,False,True,1,477440388,-76.1664848292396,43.03403778194087
SOUTH WILBUR AVENUE,473.3513725343925,CONSERVATION PLACE,WEST MARCELLUS STREET,True,True,1,477437038,-76.17605577760375,43.04454413260854
TURTLE STREET,474.08936340307645,SPRING STREET,CARBON STREET,True,True,1,477429534,-76.15843439344007,43.07085921882551
KIRKPATRICK STREET,474.0910197089521,CARBON STREET,PARK STREET,True,True,1,477430141,-76.15443577377818,43.06777512392404
WEST BEARD AVENUE,474.27137687967536,MIDLAND AVENUE,KIRKWOOD PLACE,True,True,1,477442293,-76.15219633198343,43.02531655122
VELASKO ROAD,474.29692126932326,STOLP AVENUE,OVERLOOK DRIVE,True,True,1,477441275,-76.18605692522074,43.03033474805715
DANFORTH STREET,474.3207008508218,PARK STREET,NORTH ALVORD STREET,True,True,1,477430253,-76.15693633677864,43.067272610961716
WOLF STREET,474.59387763934546,LODI STREET,NORTH SALINA STREET,True,True,1,477429828,-76.16566831213518,43.06928612862823
RUSSELL PLACE,474.5984275568088,HUTCHINSON AVENUE,LYNCH AVENUE,True,True,1,477443941,-76.16781232698152,43.015261599838986
HIAWATHA BOULEVARD EAST,474.8538609017594,CARBON STREET,PARK STREET,True,True,1,477429228,-76.16549669037715,43.07221634917179
MITCHELL AVENUE,474.9321462432848,ARMSTRONG PLACE,PRINCETON AVENUE,True,True,1,477444277,-76.1702884184944,43.01305246786025
WESTMINSTER AVENUE,474.9774121152706,DEAD END / SAME-NAME BRANCH,DEAD END / SAME-NAME BRANCH,False,True,2,800052795;477439869,-76.12153320587815,43.03520712572402
LODI STREET,475.1580246043389,WOLF STREET,LEMOYNE AVENUE,True,True,1,477429970,-76.16531529735884,43.06840013473863
DARLINGTON ROAD EAST,475.16875684950884,ORWOOD PLACE,DARLINGTON ROAD,True,False,2,800047459;477427810,-76.13669109317459,43.07968720508317
NORTH SALINA STREET,475.32139126496133,LEMOYNE AVENUE,BEAR STREET,True,True,1,477429858,-76.16288077895842,43.06891260524899
LEAVENWORTH AVENUE,475.35551829839346,WEST GENESEE STREET,WEST BELDEN AVENUE,True,True,1,477433771,-76.16303378774887,43.05412564455996
KIRKPATRICK STREET,475.4846427306209,MICHAELS AVENUE,GRANT BOULEVARD,True,True,2,477428835;800071659,-76.1493911131689,43.07458674719213
WESTMONT ROAD,475.94242653289007,SALISBURY ROAD,WEST HIGH TERRACE,True,False,2,477437814;477438209,-76.20253902590147,43.04103856693106
HAZELHURST AVENUE,475.9668619924897,NORTON AVENUE,COWIE AVENUE,True,True,1,477429254,-76.1129091788505,43.07232835912793
HILLSBORO PARKWAY,476.0680962414562,LOCKWOOD ROAD,DEAD END / SAME-NAME BRANCH,False,True,1,477438779,-76.08446765939594,43.03919944476271
EUCLID AVENUE,476.14469535233496,SHIRLEY ROAD,STANDISH DRIVE,True,True,1,477439893,-76.10398909462181,43.03536441457596
MEADOWBROOK DRIVE,476.3008584660081,KENSINGTON PLACE,BUCKINGHAM AVENUE,True,True,1,477442298,-76.12010027683,43.02564351301947
TURTLE STREET,476.32794789560336,NORTH SALINA STREET,LODI STREET,True,True,1,477430232,-76.16101059672793,43.06741564230311
COURT STREET,476.6093218108948,CARBON STREET,PARK STREET,True,True,1,477429876,-76.15771279517959,43.06907662503096
GILBERT AVENUE,476.64991512183946,EAST DIVISION STREET,CURTIS STREET,True,True,1,477430128,-76.14689735815311,43.06756055521615
LEMOYNE AVENUE,476.7679319231972,LODI STREET,NORTH SALINA STREET,True,True,1,477429969,-76.16410500681035,43.06865829809482
WOLF STREET,476.8157312108736,NORTH SALINA STREET,PARK STREET,True,True,1,477429597,-76.16481279353684,43.070431118224136
CUMMINGS AVENUE,476.96840719994543,NORTH SALINA STREET,LODI STREET,True,True,1,477430255,-76.16063079495954,43.06726261697261
TURTLE STREET,476.97640402321025,CARBON STREET,PARK STREET,True,True,1,477429760,-76.15928184972847,43.06971160975252
MAPLE STREET,477.0097294527214,EAST FAYETTE STREET,EAST GENESEE STREET,True,True,1,477436207,-76.12559290609646,43.04769815435467
LAMBRETH LANE,477.21106191857973,FARM ACRE ROAD,CHINOOK DRIVE,True,True,1,477443371,-76.11811403417872,43.019446868725694
SECOND NORTH STREET,477.265818784144,LEMOYNE AVENUE,WOLF STREET,True,True,1,477428614,-76.16008729279251,43.075400635708505
EAST RAYNOR AVENUE,477.26667621528435,OAKWOOD AVENUE,SOUTH MCBRIDE STREET,True,True,1,477439697,-76.14450380711155,43.0356110497708
WESTMORELAND AVENUE,477.2778522643485,SHERMAN STREET,TECUMSEH STREET,True,True,1,477442190,-76.11350294434264,43.026411332351714
GRANT BOULEVARD,477.29981449623705,LEMOYNE AVENUE,WOLF STREET,True,True,1,477428353,-76.15918580381448,43.076612638972534
FABIUS STREET,477.5834444715543,TIOGA STREET,OSWEGO STREET,True,True,1,477437107,-76.1632378479608,43.04378230135403
CARBON STREET,477.66011519407897,TURTLE STREET,COURT STREET,True,True,1,477429621,-76.15806782569197,43.06996761957768
BROOKLEA PLACE,477.6792716786705,STACY PLACE,BROOKLEA DRIVE,True,True,1,477446571,-76.15013647381569,42.99433787404662
FIRST NORTH STREET,477.7333511625601,LEMOYNE AVENUE,BEAR STREET,True,True,1,477428982,-76.15940233370878,43.07357162485834
SECOND NORTH STREET,477.7414325703341,COURT STREET,TURTLE STREET,True,True,1,477428989,-76.15541621448781,43.07352396262602
FOURTH NORTH STREET,477.75857906821983,WOLF STREET,LEMOYNE AVENUE,True,True,1,477428109,-76.15829180306085,43.07780663985092
BUTTERNUT STREET,477.82914255174364,GRASSMAN AVENUE,SPRING STREET,True,True,1,477430604,-76.14334042936999,43.06571126275595
SUMMIT AVENUE,477.96190595863885,RUSKIN AVENUE,STOLP AVENUE,True,True,1,477441131,-76.16611930459526,43.03106364006671
WEST SENECA TURNPIKE,478.0415869097044,VALLEY DRIVE,RIVERDALE DRIVE,True,True,1,477445750,-76.15403243018326,43.00218342198987
SPRING STREET,478.181778259679,LEMOYNE AVENUE,BEAR STREET,True,True,1,477429216,-76.16030678799811,43.07236310070877
LOOMIS AVENUE,478.2959602906895,BALLANTYNE ROAD,ATLANTIC AVENUE,True,True,1,477444643,-76.1544955058303,43.01041642664547
COMSTOCK PLACE,478.3231378517781,OSTROM AVENUE,SOUTH BEECH STREET,True,True,1,477436450,-76.12819064871088,43.046163416384076
BEAR STREET,478.33062808679875,LODI STREET,NORTH SALINA STREET,True,True,1,477430084,-76.16253076775929,43.06802409570149
BEAR STREET,478.34260565298894,PARK STREET,NORTH SALINA STREET,True,True,1,477429857,-76.16167226983472,43.06917611625632
WEST STREET ARTERIAL NORTHBOUND,478.47039362729157,FABIUS STREET,GIFFORD STREET,True,True,1,477437214,-76.15815139734786,43.04411014285452
WESTCOTT STREET,478.4866659349696,EUCLID AVENUE,LENNOX AVENUE,True,True,1,477439727,-76.1188827886105,43.036162148919466
ROOSEVELT AVENUE,478.49826683563657,EUCLID AVENUE,LENNOX AVENUE,True,True,1,477439702,-76.11765524975291,43.03621808820884
BEAR STREET,478.5066591699278,CARBON STREET,PARK STREET,True,True,1,477429612,-76.16081176512203,43.07032760990845
FIRST NORTH STREET,478.7213729970372,TURTLE STREET,COURT STREET,True,True,1,477429220,-76.1563113134504,43.07233263353207
PENNSYLVANIA AVENUE,478.72840341944624,WOLF STREET,LEMOYNE AVENUE,True,True,1,477428238,-76.15873323526067,43.07721525407877
HIAWATHA BOULEVARD EAST,478.84337636224564,SPRING STREET,CARBON STREET,True,True,1,477429061,-76.16459479084112,43.07334410980219
DANFORTH STREET,479.0435501432552,PARK STREET,CARBON STREET,True,True,1,477430011,-76.15607578857299,43.06841862222452
SEDGWICK DRIVE,479.1931805403805,FARMER STREET,BRATTLE ROAD,True,True,2,477430892;477431009,-76.13002249994342,43.063962858567876
PASTIME DRIVE,479.2079329552376,COURT STREET,TURTLE STREET,True,True,1,477429999,-76.15937031811359,43.06822459725866
ROBERTS AVENUE,479.2784027238689,GRANDVIEW AVENUE,STOLP AVENUE,True,True,1,477441180,-76.17194357231986,43.03085005601606
COURT STREET,479.40203968532256,SPRING STREET,CARBON STREET,True,True,1,477429620,-76.15685429642647,43.07022761881504
SPRING STREET,479.4404437789088,WOLF STREET,LEMOYNE AVENUE,True,True,1,477429083,-76.16186726627271,43.07300961795935
SECOND NORTH STREET,479.4815856760927,BEAR STREET,LEMOYNE AVENUE,True,True,1,477428757,-76.15852328001338,43.07476110909862
EUCLID AVENUE,479.5832366129859,HOUSTON AVENUE,CUMBERLAND AVENUE,True,True,1,477439262,-76.11188537928867,43.03711492684712
BERKELEY DRIVE,479.72344691936087,DEAD END / SAME-NAME BRANCH,TERRACE ROAD,False,True,1,477441067,-76.12658897006563,43.03127910487373
ERIE BOULEVARD EAST,479.80564375946125,NORTH TOWNSEND STREET;SOUTH TOWNSEND STREET,NORTH STATE STREET;SOUTH STATE STREET,True,True,1,477434932,-76.1464796825454,43.050828226493394
PARK STREET,479.90259443832105,COURT STREET,TURTLE STREET,True,True,1,477429877,-76.15892680326743,43.06882061912105
ELK STREET,479.91456579896175,SOUTH STATE STREET,GARFIELD AVENUE,True,True,1,477442322,-76.142047900577,43.0250746717173
LEMOYNE AVENUE,480.04659124975547,CARBON STREET,SPRING STREET,True,True,1,477429275,-76.16151729746144,43.072107598299674
CARLISLE STREET,480.1860673143895,SPRING STREET,CARBON STREET,True,True,1,477429991,-76.15265418303763,43.06855060905127
LODI STREET,480.5538139627953,BEAR STREET,LEMOYNE AVENUE,True,True,1,477430085,-76.16374876925865,43.06776709773032
FIRST NORTH STREET,480.6377863093185,LEMOYNE AVENUE,WOLF STREET,True,True,1,477428855,-76.16097881097956,43.07419912673592
CUMBERLAND AVENUE,480.63854198083965,SHERMAN STREET,TECUMSEH STREET,True,True,1,477442172,-76.11243228289614,43.02648261005731
EAST WASHINGTON STREET,480.75891419616875,SOUTH STATE STREET,SOUTH TOWNSEND STREET,True,True,1,509997472,-76.14649375866423,43.04951812441175
WOLF STREET,480.8487545582653,CARBON STREET,SPRING STREET,True,True,1,477429183,-76.16307981809567,43.07275461859324
AVERY AVENUE,480.93150814813026,DRISCOLL AVENUE,HERKIMER STREET,True,True,1,477434168,-76.19512379605524,43.05296208073788
NORTH SALINA STREET,481.06274711847715,LEMOYNE AVENUE,WOLF STREET,True,True,1,477429743,-76.1644517953089,43.06954160119431
SOUTH STATE STREET,481.12780426030196,ALBERT TERRACE,EAST RAYNOR AVENUE;THURGOOD TERRACE,True,True,1,477440071,-76.14711031798564,43.034854625907386
KIRKPATRICK STREET,481.21244764873825,SPRING STREET,CARBON STREET,True,True,1,477429904,-76.15357380671259,43.06892360703684
LODI STREET,481.32937716117175,DANFORTH STREET,KIRKPATRICK STREET;NORTH SALINA STREET,True,True,1,477430613,-76.15744262428778,43.0652323968639
SPRING STREET,481.4206415273351,COURT STREET,TURTLE STREET,True,True,1,477429439,-76.15721679457687,43.071117595013185
HILLSBORO PARKWAY,481.95829964053803,DEAD END / SAME-NAME BRANCH,HILLSBORO PLACE,False,True,1,477438357,-76.08550409441514,43.040183877965106
EAST WATER STREET,481.9591607799551,SOUTH STATE STREET,SOUTH TOWNSEND STREET,True,True,1,509997480,-76.14647579393616,43.05041910859358
LIBERTY STREET,482.3646669521236,WEST BEAR STREET,SPENCER STREET,True,True,1,477432571,-76.17357144420862,43.05798414476651
OAK STREET,482.8386984807593,HIGHLAND AVENUE,DOUGLAS STREET,True,True,1,477431635,-76.13594079781959,43.061435117502675
EAST FAYETTE STREET,483.19431647016904,SOUTH TOWNSEND STREET,SOUTH STATE STREET,True,True,1,509997458,-76.14651626582284,43.048617139848155
DANFORTH STREET,483.2090682335142,SPRING STREET,CARBON STREET,True,True,1,477429783,-76.15521175929874,43.06957713371791
EXCHANGE STREET,483.2715180380251,PARK STREET,NORTH SALINA STREET,True,True,1,477429527,-76.16594775668528,43.070897462561376
GRANT BOULEVARD,483.3497837964513,TURTLE STREET,COURT STREET,True,True,2,477428673;477428765,-76.15453688240544,43.07472262139515
WEST WARRINGTON ROAD,483.4392418219301,BRONSON STREET,SOUTH SALINA STREET,True,True,1,477446504,-76.14449610905996,42.99446109156109
WEST COLVIN STREET,483.6912225863433,CANNON STREET,MARK AVENUE,True,True,1,477442407,-76.14851131388235,43.02475060846821
POND LANE,483.7551352784734,POND STREET,SPRING LANE,True,True,1,477430077,-76.15108973339282,43.067855750347945
EAST GENESEE STREET,484.03333962749696,EAST ONONDAGA STREET;SOUTH STATE STREET,SOUTH TOWNSEND STREET,True,True,1,509997450,-76.14653707826129,43.048085915670846
SPRING STREET,484.13261816140596,CURTIS STREET,EAST DIVISION STREET,True,True,1,477430331,-76.14750183829081,43.06671266840358
MOUNTAINVIEW AVENUE,484.1638465637174,DEAD END / SAME-NAME BRANCH,SEELEY ROAD,False,True,1,477435170,-76.1047234664832,43.05027848305057
WEST FAYETTE STREET,484.20749291283084,SCHUYLER STREET,SYRACUSE STREET;ULSTER STREET,True,True,1,477435301,-76.18178251455082,43.05035546687261
NORTH WEST STREET,484.4367879474953,PARK AVENUE,WEST GENESEE STREET,True,True,1,477434198,-76.15881233575635,43.05264233366776
SOUTH SALINA STREET,485.0231638418462,SOUTHLAND DRIVE,DORWIN AVENUE,True,False,2,477447414;477447335,-76.14348226746124,42.984715396287164
MCCARTHY AVENUE,485.2476212692371,SOUTH STATE STREET,SOUTH TOWNSEND STREET,True,True,2,509997654;800032457,-76.14657555119685,43.04751994272535
VALLEY DRIVE,485.425851917221,FORD AVENUE,GRIFFIN STREET,True,True,2,477444170;800091492,-76.15872602704988,43.01370788522623
DEWITT STREET,485.57948019997895,JAMES STREET,BRATTLE ROAD,True,True,1,477431637,-76.13185729467212,43.06132011307675
PLUM STREET,485.71055620959027,PARK AVENUE,WEST GENESEE STREET,True,True,1,477434306,-76.16015579715041,43.05274312023234
SOUTH CARBON STREET,485.8096636026122,BUTTERNUT STREET,HIGHLAND STREET,True,True,1,477430884,-76.14244754228517,43.0640170752944
MIDLAND AVENUE,485.9019549119114,WEST BEARD AVENUE,WEST COLVIN STREET,True,True,1,477442470,-76.1510942607797,43.024836137532674
CLAIRMONTE AVENUE,485.918252465176,STOLP AVENUE,RUSKIN AVENUE,True,True,1,477441158,-76.16923729632103,43.03095564260406
NORTH CLINTON STREET,485.98237465889207,SPENCER STREET,WEST DIVISION STREET,True,True,1,477431933,-76.1572307196792,43.0600558463261
WOLF STREET,486.0993969815354,PARK STREET,CARBON STREET,True,True,1,477429388,-76.16394731406503,43.07159011502486
HUBBELL AVENUE,486.29855869171524,GRANDVIEW AVENUE,STOLP AVENUE,True,True,1,477441165,-76.1705022845783,43.03091808224388
MARTIN LUTHER KING EAST,487.0898399167264,OAKWOOD AVENUE,SOUTH STATE STREET,True,True,1,477440278,-76.14610679254939,43.03370660490248
WEST COURT STREET,487.31917078396856,NORTH CLINTON STREET,GENANT DRIVE,True,True,1,477431132,-76.16035364227298,43.063691931000974
GILBERT STREET,487.46917129035955,STEDMAN STREET,LEMOYNE AVENUE,True,True,1,477427555,-76.15376666113856,43.08082364756926
EAST ADAMS STREET,487.72391836716037,COMSTOCK AVENUE,WALNUT AVENUE,True,True,1,477437468,-76.13129179906701,43.042625119820414
CLEVELAND AVENUE,487.9171123045476,WARHAM STREET,GRANT BOULEVARD,True,True,1,477429270,-76.14380789412245,43.07214530166781
MANILLA STREET,487.9930218779964,OAK STREET,DEAD END / SAME-NAME BRANCH,False,True,1,477433923,-76.13219021985087,43.0531871334658
BELLEVUE AVENUE,488.0779073363307,SOUTH GEDDES STREET,ARTHUR STREET,True,True,3,477440478;477440485;477440493,-76.17612441829412,43.03281577031437
MYRTLE STREET,488.11636447434495,TOMPKINS STREET,ULSTER STREET,True,True,1,477436908,-76.1919674207781,43.04490949021052
VAN RENSSELAER STREET,488.14750335494176,WEST BELDEN AVENUE,WEST GENESEE STREET,True,True,1,477433756,-76.16603030165402,43.05420010157709
VAN BUREN STREET,488.345432618204,OAKWOOD AVENUE,SOUTH MCBRIDE STREET,True,True,1,477439150,-76.14464077250584,43.03745813556581
ROSE AVENUE,488.531870901006,OAKWOOD AVENUE,SOUTH MCBRIDE STREET,True,True,1,506986284,-76.1445682977467,43.0366631419058
HIAWATHA BOULEVARD EAST,488.71718384037104,HIAWATHA BOULEVARD WEST;LODI STREET;NORTH SALINA STREET,PARK STREET,True,True,2,508421553;508421551,-76.16661092061142,43.07120163882905
HIAWATHA BOULEVARD EAST,488.99716966889554,HIAWATHA BOULEVARD WEST;LODI STREET;NORTH SALINA STREET,PARK STREET,True,True,1,508421423,-76.16650292493271,43.07113086466303
WOLF STREET,489.44855440102737,SPRING STREET,FIRST NORTH STREET,True,True,1,477428966,-76.1622092950332,43.07392315323602
JOHN STREET,489.74495842883056,SOUTH ALVORD STREET,PARK STREET,True,True,1,477431145,-76.14764381244596,43.063565145611015
MARLBOROUGH ROAD,489.8124649517938,ARNETT AVENUE,JAMES STREET,True,True,1,477429863,-76.11207577026201,43.06925411889035
WENDELL TERRACE,489.95311685423366,SCOVILLE AVENUE,KLINE STREET,True,True,1,477429931,-76.12976984573424,43.06892509205871
HILLCREST ROAD,490.0176564616979,JANET DRIVE,DEAD END / SAME-NAME BRANCH,False,True,1,477440380,-76.10835585517742,43.03346546663905
BEAR STREET,490.2792710966908,FIRST NORTH STREET,SECOND NORTH STREET,True,True,1,477428981,-76.15817880274372,43.07384862317836
WILKINSON STREET,490.2802255166438,VAN RENSSELAER STREET,MATTY AVENUE,True,True,1,477434897,-76.16525424282952,43.050896063834486
TALLMAN STREET,490.2976685783732,LINCOLN AVENUE,SOUTH AVENUE,True,True,1,477439533,-76.15803066287862,43.03625237811108
BROADVIEW DRIVE,490.44450419999595,WINKWORTH PARKWAY,HIGHRIDGE DRIVE,True,True,1,477442468,-76.20138540758994,43.02479641447531
WEST BRIGHTON AVENUE,490.53078230688465,WEBSTER AVENUE,EAST BRIGHTON AVENUE;SOUTH SALINA STREET,True,True,1,477443122,-76.14389064973771,43.02059728055215
NORTH TOWNSEND STREET,490.7453890541178,UNION AVENUE,EAST LAUREL STREET,True,True,1,477432897,-76.14853125006968,43.05679912116166
SMITH ROAD,490.7997754042192,KIMBER AVENUE,ENGLEWOOD AVENUE,True,True,1,477445593,-76.15512231860335,43.00424711117049
MONTGOMERY STREET,490.88494361381794,NEW STREET,EAST TAYLOR STREET,True,True,1,477438551,-76.14883376864799,43.03993613979109
STEDMAN STREET,491.0253685652594,DEAD END / SAME-NAME BRANCH,DEAD END / SAME-NAME BRANCH,False,True,1,800041913,-76.15571282201874,43.079715671087044
EAST BRIGHTON AVENUE,491.06732415166715,EAST SENECA TURNPIKE,INTREPID LANE,True,True,1,477445745,-76.12975863362803,43.002718989043146
WEST BEAR STREET,491.3415588815903,LIBERTY STREET,SPENCER STREET,True,True,1,477432473,-76.1741867725403,43.05816762735625
COMSTOCK PLACE,491.3816758598475,COMSTOCK AVENUE,OSTROM AVENUE,True,True,1,477436451,-76.12982821747207,43.04628706911012
SCOTT AVENUE,491.59152474893426,SCOTTHOLM BOULEVARD,EAST GENESEE STREET;GENESEE PARK DRIVE,True,True,1,477437601,-76.10894079873289,43.04293359002915
DANFORTH STREET,492.0076952526666,SECOND NORTH STREET,FIRST NORTH STREET,True,True,1,477429306,-76.15344180078718,43.07195412580452
SWEETING STREET,492.1133598169767,WILKIE PLACE,HIGHLAND STREET,True,True,1,477429496,-76.14103078825697,43.07057461446612
ELMHURST AVENUE,492.2082302266008,KIRK PARK DRIVE,HATCH STREET,True,True,1,477443037,-76.15380979064275,43.02099758998437
NORTH MCBRIDE STREET,492.3947711005758,EAST LAUREL STREET,UNION AVENUE,True,True,1,477432704,-76.14703779822321,43.05743264619725
ARLINGTON AVENUE,492.44778085435576,GLENWOOD AVENUE,CHARMOUTH DRIVE,True,True,1,477443190,-76.1667368060911,43.02061262979698
HIAWATHA BOULEVARD EAST,492.5113198074321,FIRST NORTH STREET;TEX SIMONE DRIVE,SECOND NORTH STREET,True,True,1,477428600,-76.16282226949797,43.07573113203686
PARK AVENUE,492.7065000937213,MATTY AVENUE,VAN RENSSELAER STREET,True,True,1,477434408,-76.16521278759717,43.051874139381745
PARK AVENUE,492.74408596390697,VAN RENSSELAER STREET,MATTY AVENUE,True,True,1,477434324,-76.16520380906167,43.052077787458984
HILLSBORO PARKWAY,493.25852183988604,DEFOREST ROAD,ENFIELD PLACE,True,True,1,477438139,-76.09266235349534,43.04096070097095
NORTH FRANKLIN STREET,493.4066068305716,EVANS STREET,GENANT DRIVE,True,True,2,800080350;477433238,-76.15559469322875,43.05576234256575
SUNSET AVENUE,493.9658781644326,TURTLE STREET,COURT STREET,True,True,2,477430519;477430537,-76.16120971262494,43.06577261914242
TURTLE STREET,494.0516457560109,SECOND NORTH STREET,FIRST NORTH STREET,True,True,1,477429092,-76.15665136098391,43.07324012730112
SIXTH NORTH STREET,494.6867591082989,WOLF STREET,HIAWATHA BOULEVARD EAST,True,True,1,477427533,-76.15798249489863,43.08082162067497
OAKWOOD AVENUE,494.7275024226653,EAST KENNEDY STREET,GARFIELD AVENUE,True,True,1,477441008,-76.14347635497255,43.031041657509164
COURT STREET,494.761641090248,SECOND NORTH STREET,FIRST NORTH STREET,True,True,1,477429219,-76.15507828740397,43.07261361208708
SOUTH WARREN STREET,494.9324508865633,EAST JEFFERSON STREET,EAST ONONDAGA STREET,True,True,1,477436541,-76.15083986226995,43.04636903560195
SOUTH STATE STREET,495.2728970149311,EAST KENNEDY STREET,WOODLAND AVENUE,True,True,1,477441268,-76.14548350117411,43.03037962489013
BERKELEY DRIVE,495.50717238374136,DORSET ROAD,TERRACE ROAD,True,True,1,477440696,-76.1270547907071,43.03257950030864
LEMOYNE AVENUE,495.6050146530465,FIRST NORTH STREET,SECOND NORTH STREET,True,True,1,477428854,-76.15974682741484,43.07448410694509
RUGBY ROAD,495.64177740961776,DURSTON AVENUE,DORCHESTER AVENUE,True,True,1,477430101,-76.12626064195524,43.06745082143363
ONONDAGA CREEK BOULEVARD EAST,495.6692487718119,BALDWIN AVENUE,VALE STREET,True,True,1,477444013,-76.15580378338191,43.014446011492474
SAND STREET,495.74401354895485,WEST BELDEN AVENUE,WEST GENESEE STREET,True,True,1,477433745,-76.16769583879082,43.054253625470515
CARBON STREET,495.80094170751056,KIRKPATRICK STREET,DANFORTH STREET,True,True,1,477429905,-76.15482526568287,43.06866960847472
TEALL AVENUE,495.8177921157494,BURNET AVENUE,HAWLEY AVENUE,True,True,1,477433532,-76.12198626042967,43.05494813039643
SECOND NORTH STREET,495.9251138275787,DANFORTH STREET,KIRKPATRICK STREET,True,True,1,477429234,-76.15218481072537,43.07222162707283
KING STREET,496.02738469331473,TEMPLE STREET,WEST TAYLOR STREET,True,True,1,477438758,-76.15473955658801,43.03912710214312
NORTH MCBRIDE STREET,496.5348669110777,EAST LAUREL STREET,UNION AVENUE,True,True,1,477432744,-76.14734949300238,43.057299815148696
EAST GENESEE PARKWAY,496.5732555855877,DEFOREST ROAD,ALBERT ROAD;EAST GENESEE STREET,True,True,1,477437393,-76.09117315428992,43.042815158909505
ALBERT ROAD,496.65205283194786,DEMONG DRIVE,PHILLIPS ROAD,True,True,1,477436612,-76.09173629966202,43.04611710565595
AVOCA STREET,496.9440647547479,TOMPKINS STREET,ULSTER STREET,True,True,1,477436794,-76.19097582043472,43.04528161891255
SPRING STREET,497.2210498512624,DANFORTH STREET,COURT STREET,True,True,1,477429550,-76.15560277148904,43.070482630935096
PARK STREET,497.25459351963855,DANFORTH STREET,COURT STREET,True,True,1,477430012,-76.15732529950839,43.06817312561399
MAY AVENUE,497.36377438531554,WEST COLVIN STREET,EASTMAN AVENUE,True,True,1,477442911,-76.16057277598367,43.02246013028905
KIRKPATRICK STREET,497.392906185723,SECOND NORTH STREET,FIRST NORTH STREET,True,True,1,477429456,-76.15181182528755,43.071296126565876
MYRTLE STREET,497.6048441398329,SCHUYLER STREET,ULSTER STREET,True,True,1,477436588,-76.19281594513038,43.046110206507805
AVERY AVENUE,497.62911641696843,SOUTH AVERY AVENUE;TOMPKINS STREET,ULSTER STREET,True,True,1,477436709,-76.18997881132053,43.04565565339778
EAST GENESEE STREET,497.74643048228694,STONERIDGE DRIVE,ARBOR LANE,True,True,1,477438948,-76.07948255430068,43.03874277637873
MCKINLEY AVENUE,497.80231853082455,SOUTH STATE STREET,DEAD END / SAME-NAME BRANCH,False,True,1,477442490,-76.14156877283443,43.024170594454965
EMERSON AVENUE,497.8202700505012,SCHUYLER STREET,ULSTER STREET,True,True,1,477435654,-76.18463878564498,43.04921810219978
BRUCE STREET,497.84875318126086,DAKIN STREET,ERIE BOULEVARD EAST,True,True,1,477435050,-76.11218762030128,43.051211356705544
SALT STREET,497.9681653679006,WEST LAUREL STREET,BUTTERNUT STREET,True,True,1,477454133,-76.15263461419545,43.05661551005038
PARK STREET,498.0862642306983,DANFORTH STREET,KIRKPATRICK STREET,True,True,1,477430142,-76.15568794809059,43.06752179107962
CAYUGA STREET,498.1267014458708,MILTON AVENUE,WILLIS AVENUE,True,True,1,477435208,-76.18981929793931,43.050504315112164
WILLIS AVENUE,498.2024719136862,ULSTER STREET,TOMPKINS STREET,True,True,1,477436514,-76.18798070840656,43.046413700476435
SECOND NORTH STREET,498.2184136465657,COURT STREET,DANFORTH STREET,True,True,1,477429103,-76.15381631244672,43.07287762468806
FIRST NORTH STREET,498.22527042962884,KIRKPATRICK STREET,DANFORTH STREET,True,True,1,477429457,-76.15306879822917,43.07102862955277
OTISCO STREET,498.2717322986623,SOUTH GEDDES STREET,BELMONT STREET,True,True,1,477437119,-76.17019607033404,43.043890250114536
HILLSBORO PARKWAY,498.2911023617193,DEAD END / SAME-NAME BRANCH,HILLSBORO PLACE,False,True,1,477438355,-76.08543328227272,43.040268264481995
COURT TERRACE,498.4305222108383,COURT STREET,DANFORTH STREET,True,True,1,477428926,-76.15310370226013,43.07384532429418
EMERSON AVENUE,498.4433412923975,TOMPKINS STREET,ULSTER STREET,True,True,1,477436082,-76.18380294967677,43.04799628215531
NOTTINGHAM ROAD,498.8400978835253,MEADOWBROOK DRIVE,CUMBERLAND PLACE,True,True,1,477440964,-76.11174030432387,43.03162653609064
LEMOYNE AVENUE,498.85568382235266,FIRST NORTH STREET,SPRING STREET,True,True,1,477429082,-76.16063679879599,43.0732855876292
NORTH LOWELL AVENUE,498.862274692463,SCHUYLER STREET,ULSTER STREET,True,True,1,477435516,-76.18328278890635,43.04973960251668
EAST GENESEE STREET,499.0379825471672,SOUTH MCBRIDE STREET,SOUTH TOWNSEND STREET,True,True,2,509997447;509997448,-76.14479442705222,43.04775475832351
HIAWATHA BOULEVARD EAST,499.09612168683196,GRANT BOULEVARD,FOURTH NORTH STREET,True,True,1,477428093,-76.16102726500219,43.07813163578576
SUNSET AVENUE,499.1351259998436,COURT STREET,BASIN STREET;DANFORTH STREET,True,True,2,477430614;477430678,-76.15962601815527,43.06505990314826
DANFORTH STREET,499.16952495321806,FIRST NORTH STREET,SPRING STREET,True,True,1,477429549,-76.15433276169873,43.07076113817288
COLUMBIA AVENUE,499.2339404727705,CHARMOUTH DRIVE,GLENWOOD AVENUE,True,True,1,477443201,-76.16796048786793,43.02054144181632
MILTON AVENUE,499.47605603891077,BURNET PARK DRIVE;TOMPKINS STREET,ULSTER STREET,True,True,1,477436359,-76.18599442059485,43.04716847893266
FIRST NORTH STREET,499.4836210879263,DANFORTH STREET,COURT STREET,True,True,1,477429307,-76.15470375857493,43.071690117493326
MILTON AVENUE,499.6673064889896,ULSTER STREET,SCHUYLER STREET,True,True,1,477435933,-76.18685480623874,43.048385645697884
NORTH ALVORD STREET,499.7407791816515,DANFORTH STREET,KIRKPATRICK STREET;UNION PLACE,True,True,1,477430415,-76.15654132536928,43.06637310138888
SOUTH BEECH STREET,499.7579989508134,EAST FAYETTE STREET,EAST GENESEE STREET,True,True,1,477436225,-76.12769243148581,43.04769102362613
OLD LIVERPOOL ROAD,499.7710194850659,DEAD END / SAME-NAME BRANCH,DEAD END / SAME-NAME BRANCH,False,True,2,477428295;477428313,-76.17576219135117,43.076712594927464
CARBON STREET,500.21431985169585,COURT STREET,DANFORTH STREET,True,True,1,477429784,-76.15646326760388,43.0693221260302
CODY AVENUE,500.2697878919132,ULSTER STREET,TOMPKINS STREET,True,True,1,477436623,-76.18898729081631,43.04603160359978
ROWLAND STREET,500.31795597931693,BRADLEY STREET,SOUTH GEDDES STREET,True,True,1,477439709,-76.17309521890384,43.035790687931694
WOLF STREET,500.51088977567025,SECOND NORTH STREET,GRANT BOULEVARD,True,True,1,477428455,-76.16041980760674,43.07632165623301
SPRING STREET,500.54015508321396,KIRKPATRICK STREET,DANFORTH STREET,True,True,1,477429661,-76.1539602836293,43.069831136663154
NORTH LOWELL AVENUE,500.75340671343565,ULSTER STREET,TOMPKINS STREET,True,True,1,477435913,-76.18242133597953,43.04852208760785
WILLIS AVENUE,501.1029277411345,SCHUYLER STREET,ULSTER STREET,True,True,1,477436219,-76.18884377847795,43.04763004714758
WOLF STREET,501.1600595187893,SECOND NORTH STREET,FIRST NORTH STREET,True,True,1,477428736,-76.16131929297153,43.075115651682644
NORTH ALVORD STREET,501.35602950368644,COURT STREET;NORTH SALINA STREET,DANFORTH STREET,True,True,1,477430254,-76.1581826868203,43.0670344612092
SEDGWICK DRIVE,501.44642047414555,BRATTLE ROAD,FARMER STREET,True,True,2,477431032;477430907,-76.13016358072166,43.06392675429276
SOUTH AVERY AVENUE,501.5013163907864,YALE AVENUE,GRAND AVENUE;VELASKO ROAD,True,True,2,477439143;477439435,-76.18804511596912,43.03711224778921
HIAWATHA BOULEVARD EAST,501.67828961839854,SECOND NORTH STREET,GRANT BOULEVARD,True,True,1,477428342,-76.16192827619389,43.07692763730423
AVERY AVENUE,501.80996843318724,SCHUYLER STREET,ULSTER STREET,True,True,1,477436413,-76.19083829413847,43.04687362757441
KIRKPATRICK STREET,501.86700564558504,LODI STREET;NORTH SALINA STREET,NORTH ALVORD STREET;UNION PLACE,True,True,1,477430629,-76.15617983422668,43.06544444241451
HOLLAND STREET,502.0875762024977,CONGRESS AVENUE,SHERIDAN DRIVE,True,True,1,477439009,-76.1627723381343,43.038437642349976
WEST GENESEE STREET,502.2936445188208,MILTON AVENUE,WILLIS AVENUE,True,True,1,477434770,-76.19048981893742,43.05148063755667
SOUTH SALINA STREET,502.36325747501144,EAST FLORENCE AVENUE,WEST GLEN AVENUE,True,True,1,477445280,-76.14312604858365,43.00629962894194
SOUTH WEST STREET,502.75861005029196,WEST JEFFERSON STREET,TULLY STREET,True,True,2,477436507;477436523,-76.1584826560521,43.046441787847954
EAST FAYETTE STREET,502.8058555778476,SOUTH STATE STREET,MONTGOMERY STREET,True,True,1,477435646,-76.14836073823653,43.048642765111424
TEALL AVENUE,502.8295477557825,SHOP CITY PLAZA,DEAD END / SAME-NAME BRANCH,False,False,4,800052826;477429031;477429072;800052840,-76.12321271083702,43.07340071523144
BERKELEY DRIVE,503.04522262597516,TERRACE ROAD,DEAD END / SAME-NAME BRANCH,False,True,1,477441065,-76.1264803974924,43.03131203016975
SHUART AVENUE,503.19459907654976,PATTISON STREET,VINE STREET,True,True,1,477431736,-76.12750930952275,43.06063715552512
CORTLAND AVENUE,503.29686553962745,BLAINE STREET,MARTIN LUTHER KING WEST,True,True,1,477440701,-76.15270704480673,43.03261978599389
COURT STREET,503.34572664443374,SPRING STREET,FIRST NORTH STREET,True,True,1,477429438,-76.15597378569063,43.07141160597899
CORDOVA STREET,503.4863732707815,SPRINGBROOK AVENUE,STEVENS AVENUE,True,True,1,477445173,-76.13969907860788,43.006351876267644
ERIE BOULEVARD EAST,503.5262784617715,TEALL AVENUE,CHERRY STREET,True,True,2,800066576;477435436,-76.12252156119868,43.04944388005336
HERZ STREET,503.61686373441324,BERKSHIRE AVENUE,BRIGGS STREET,True,True,1,477428446,-76.13793784595633,43.07644911467232
MADISON STREET,503.6291765775336,CHERRY STREET,MAPLE STREET;SOUTH BEECH STREET,True,True,1,477436649,-76.12449891949873,43.04539205903203
WOLF STREET,503.6568070817213,HIAWATHA PLACE;WILLUMAE DRIVE,SIXTH NORTH STREET,True,True,1,477427733,-76.1576877938821,43.07992376372322
TEMPLE PLACE,503.8364042400791,DEAD END / SAME-NAME BRANCH,PARKWAY DRIVE,False,True,1,477442525,-76.1603704202044,43.02416369476023
NOTTINGHAM ROAD,503.93072207596606,SPAID AVENUE,BROAD STREET,True,True,1,477441374,-76.11163228110614,43.030043143674355
OSTROM AVENUE,503.9419608219752,CLARENDON STREET,UNIVERSITY PLACE,True,True,2,477439002;800048670,-76.12839370821641,43.03866570197164
MEADOWBROOK DRIVE,504.2484146397277,KENSINGTON PLACE,BUCKINGHAM AVENUE,True,True,1,477442359,-76.1200865760932,43.025422106603
VINE STREET,504.6002589725616,BOYDEN STREET,HERBST AVENUE;PATTISON STREET,True,True,1,477432071,-76.12578080417215,43.05968030515168
HIAWATHA BOULEVARD EAST,504.621664615968,SPRING STREET,FIRST NORTH STREET;TEX SIMONE DRIVE,True,True,1,477428847,-76.16371527460198,43.07452963164544
GANNETT AVENUE,505.048472176947,WILLUMAE DRIVE,SIXTH NORTH STREET,True,True,1,477427807,-76.15679126744519,43.07957708858195
LEMOYNE AVENUE,505.50790570832686,GRANT BOULEVARD,SECOND NORTH STREET,True,True,1,477428613,-76.15885330573929,43.0756916147112
BELLEVUE AVENUE,505.5547422755866,AUSTIN AVENUE,VELASKO ROAD,True,True,1,477440890,-76.18763547887127,43.03167394385828
NORTH MCBRIDE STREET,505.698669864474,ASH STREET,EAST DIVISION STREET,True,True,1,477431713,-76.1502466052667,43.06093032082581
TURTLE STREET,505.7094390998277,FIRST NORTH STREET,SPRING STREET,True,True,1,477429293,-76.15754827599916,43.07203618272076
BEAR STREET,505.7100609617255,FIRST NORTH STREET,SPRING STREET,True,True,1,477429215,-76.15907233972483,43.072649134225145
GRANT BOULEVARD,505.80280455203365,COURT STREET,DANFORTH STREET,True,True,1,477428774,-76.15258679995009,43.07455312187689
LODI STREET,506.17527735266117,HAWLEY AVENUE,NORTH CROUSE AVENUE,True,True,1,477433820,-76.13560678942648,43.05376159424994
DALE STREET,506.19495120902144,BUTTERNUT STREET,HILLSIDE STREET,True,True,1,477428594,-76.14329289078637,43.075639803253836
OXFORD STREET,506.2730513897632,CORTLAND AVENUE,DEAD END / SAME-NAME BRANCH,False,True,1,477440149,-76.15290076674033,43.03398768970846
SHELDON AVENUE,506.35339379099537,BALLANTYNE ROAD,DEAD END / SAME-NAME BRANCH,False,True,1,477444703,-76.14510397374282,43.00988045322466
HATCH STREET,506.6107905322804,ELMHURST AVENUE,WEST BRIGHTON AVENUE,True,True,1,477443234,-76.15263646137912,43.02035983925609
KIRK AVENUE,506.65207705885035,SOUTH AVENUE,KIRK PARK DRIVE,True,True,1,506986301,-76.15735732625213,43.02753170577948
NORTH STATE STREET,506.69535396749706,EAST BELDEN AVENUE,EAST LAUREL STREET,True,True,1,477433249,-76.15101021534119,43.05572009959645
WINKWORTH PARKWAY,506.7602078064519,DEAD END / SAME-NAME BRANCH,JUNEWAY ROAD,False,True,1,477442251,-76.19366764117221,43.0260607129085
TURTLE STREET,506.8410841193813,GRANT BOULEVARD,SECOND NORTH STREET,True,True,1,477428862,-76.15575829603786,43.07444742681144
WALRATH ROAD,507.3708765171912,MENLO DRIVE,CHURCHILL AVENUE,True,True,1,477444459,-76.13898967426708,43.01103318924723
WALRATH ROAD,507.5644424267687,MENLO DRIVE,CHURCHILL AVENUE,True,True,1,477444484,-76.13897878437533,43.01089862918726
PHILLIPS ROAD,507.73695516436266,DEMONG DRIVE,ALBERT ROAD,True,True,1,477436294,-76.09263328704071,43.046842129248745
TEALL AVENUE,507.78332617131514,CRATON STREET,ROBINSON STREET,True,True,1,477432549,-76.12215050970899,43.05754359899726
WINTON STREET,508.11709726923306,CRATON STREET,ROBINSON STREET,True,True,1,477432720,-76.12353229204217,43.05748616041956
DEMONG DRIVE,508.1257846779609,DOLL PARKWAY,GIFFORD PARKWAY,True,True,1,506986294,-76.08646536685855,43.043814247872334
LEA LANE,508.1867959755015,SWANSEA DRIVE,VILLAGE DRIVE,True,True,1,477429212,-76.11874179116978,43.0724157521505
NORTH TOWNSEND STREET,508.23501392712495,EAST DIVISION STREET,ASH STREET,True,True,1,477431822,-76.15140175917814,43.060436652564945
STRATHMORE DRIVE,508.4617071350438,STRATHMORE ROAD,STINARD AVENUE,True,True,1,477443211,-76.1729619983543,43.020390766471166
BEAR STREET,509.4379410656047,SECOND NORTH STREET,GRANT BOULEVARD,True,True,1,477428756,-76.15728231871205,43.0750527597591
SEDGWICK DRIVE,509.7321031129007,WENDELL TERRACE,HAMPSHIRE ROAD,True,True,1,477430651,-76.13103563908992,43.0652702954666
DEMONG DRIVE,510.07538026383554,DOLL PARKWAY,GIFFORD PARKWAY,True,True,1,506986290,-76.08667564644134,43.04375911947088
NORTH STATE STREET,510.13559698090745,ASH STREET,EAST DIVISION STREET,True,True,1,477432116,-76.1538923010223,43.05938811640344
MERTENS AVENUE,510.2433266753469,SEDGWICK DRIVE,WOODLAWN TERRACE,True,True,1,477429319,-76.13210831360404,43.07134661913657
NORTH FRANKLIN STREET,510.27888370331925,HERALD PLACE,BUTTERNUT STREET;WEBSTERS LANDING,True,True,5,477433815;477433605;477433583;477433513;477433468,-76.15481744961245,43.054060426109885
ARSENAL DRIVE,510.99944718952906,MONTICELLO DRIVE SOUTH,DEAD END / SAME-NAME BRANCH,False,True,1,477446022,-76.1377483826033,42.99978950279093
JAMESVILLE AVENUE,511.48968764230017,DEAD END / SAME-NAME BRANCH,EAST COLVIN STREET,False,True,1,477442108,-76.13562305749782,43.02689674913522
MILTON AVENUE,511.57456528902964,ESSEX STREET,EMERSON AVENUE,True,True,1,477432715,-76.19321262767038,43.05742061721025
SHERWOOD AVENUE,511.6956999065383,ROBINSON STREET,CRATON STREET,True,True,1,477432746,-76.1251267590143,43.057404127692685
CLOVER STREET,512.2198532421518,LINCOLN AVENUE,SOUTH AVENUE,True,True,1,477440014,-76.15791576786366,43.0344621450843
SEDGWICK DRIVE,512.4580988700874,WENDELL TERRACE,HAMPSHIRE ROAD,True,True,1,477430674,-76.13112911001717,43.065178168528895
ONEIDA STREET,512.4605815975749,TEMPLE STREET,WEST TAYLOR STREET,True,True,1,477438725,-76.15289424293317,43.039502975826615
HAWLEY AVENUE,512.6612658459205,NORTH TOWNSEND STREET,NORTH MCBRIDE STREET,True,True,1,509997554,-76.14474225175168,43.05335186352668
BERKELEY DRIVE,512.700104490121,TERRACE ROAD,CIRCLE ROAD;DORSET ROAD,True,True,1,477440716,-76.12716907772763,43.032531713678736
DYER COURT,513.3187989237695,ALMOND STREET;JACKSON STREET,RENWICK AVENUE,True,True,3,477438191;477438188;477438183,-76.14145446441535,43.040446355477464
HOPPER ROAD,513.3195739854278,MERRITT AVENUE,CHAFFEE AVENUE,True,True,1,477446212,-76.15966548579874,42.998183349130585
NORTH SALINA STREET,513.439898137463,EAST DIVISION STREET,ASH STREET,True,True,1,477431981,-76.15263572491877,43.059910403776115
STRONG AVENUE,513.5944078608554,LENNOX AVENUE,EUCLID AVENUE,True,True,1,513530284,-76.1163132667705,43.03635049644243
NORTH SALINA STREET,513.596817406767,ISABELLA STREET,CATAWBA STREET,True,True,1,477431417,-76.15457630330462,43.06235511963161
SABINE STREET,513.8089979108912,MERRIMAN AVENUE,DAVIS STREET,True,True,1,510577044,-76.16613131125771,43.03982961262812
NORTH SALINA STREET,514.0353650465491,BUTTERNUT STREET,PROSPECT AVENUE,True,True,1,477432463,-76.15202997398883,43.05841981696619
PROSPECT AVENUE,514.1284137569588,EAST LAUREL STREET,BUTTERNUT STREET,True,True,1,477432697,-76.1506828345859,43.05747412231713
NORTH MCBRIDE STREET,514.2105810375496,ERIE BOULEVARD EAST,BURNET AVENUE,True,True,5,477434922;477434816;477434690;477434539;477434482,-76.14383398976913,43.051560100418115
CHAMPLIN DRIVE,514.2503375034988,SUNNYCREST ROAD,CALEB AVENUE,True,True,1,477431664,-76.10198450104384,43.06131325447258
NORTH TOWNSEND STREET,514.25721866748,BUTTERNUT STREET,EAST LAUREL STREET,True,True,1,477432552,-76.14947227078687,43.05799312894798
WELLESLEY ROAD,514.3384603865261,GLENWOOD AVENUE,CHARMOUTH DRIVE,True,True,1,477443220,-76.16916333212382,43.02046962972037
PIERCE STREET,514.4065749474019,BALLANTYNE ROAD,RILL AVENUE,True,True,1,477444545,-76.14882891770412,43.01119726336991
WHEATON ROAD,514.7012155290081,GRAY AVENUE,DORCHESTER AVENUE,True,True,1,477429958,-76.12601900406003,43.06863618756133
SEELEY ROAD,514.7629149708292,ERIE BOULEVARD EAST;SOUTH MIDLER AVENUE,CEDAR RIDGE APARTMENTS,True,True,1,477434200,-76.10404527783606,43.05281812500844
NORTH MCBRIDE STREET,514.8869136982183,BUTTERNUT STREET,EAST LAUREL STREET,True,True,1,477432402,-76.14825293767113,43.05851576018987
NORTH SALINA STREET,514.9014180692867,UNION PLACE,ISABELLA STREET,True,True,1,477431151,-76.15555509390961,43.06357030794569
WADSWORTH STREET,514.9502917062899,SCOVILLE AVENUE,SWEETING STREET,True,True,1,477429734,-76.13890728687961,43.069969792835366
SOUTH ORCHARD ROAD,515.567436634964,WEST GENESEE STREET,ANDREWS STREET,True,False,1,477436550,-76.20422237819726,43.046346559386734
GRANT BOULEVARD,515.7934341901268,KIRKPATRICK STREET,DANFORTH STREET,True,True,2,477428836;800071661,-76.15073943754788,43.07419110454655
CATHERINE STREET,516.0952395003935,EAST LAUREL STREET,BUTTERNUT STREET;LODI STREET,True,True,1,477432161,-76.1464951888659,43.05925560907259
NORTH TOWNSEND STREET,516.1080014390368,CATAWBA STREET,EAST DIVISION STREET,True,True,1,477431548,-76.15236679439433,43.06165115005111
MARTIN LUTHER KING WEST,516.1118258934929,MARTIN LUTHER KING EAST;SOUTH SALINA STREET,ALEXANDER AVENUE,True,True,1,477440549,-76.1497528531669,43.03281312217471
LOCK ALLEY,516.7296490879025,EAST DIVISION STREET,CATAWBA STREET,True,True,1,477431739,-76.15424925490127,43.06086113188917
CUMBERLAND AVENUE,516.8967508517673,SPAID AVENUE,BROAD STREET,True,True,1,477441391,-76.11274123908588,43.02997959700462
GEBHARDT AVENUE,517.1753285819384,EAST DIVISION STREET,CATAWBA STREET,True,True,1,477431628,-76.15296076409791,43.061402620882625
NORTH SALINA STREET,517.1836038204075,EAST DIVISION STREET,CATAWBA STREET,True,True,1,477431673,-76.15360480985417,43.06113314204541
NORTH TOWNSEND STREET,517.5975909328728,BUTTERNUT STREET,ASH STREET,True,True,1,477432170,-76.1504417748227,43.05921763854403
SHUART AVENUE,518.0322534177727,VINE STREET,WILSON STREET,True,True,1,477431516,-76.12561527537976,43.06156362930769
TOWNSEND PLACE,518.1200731903316,BUTTERNUT STREET,ASH STREET,True,True,1,477432105,-76.14985527640934,43.05947112276861
LODI STREET,518.176532533882,BUTTERNUT STREET;CATHERINE STREET,EAST LAUREL STREET,True,True,1,477432058,-76.14617077478236,43.05945662523154
NORTH MCBRIDE STREET,518.2026370587367,ASH STREET,BUTTERNUT STREET,True,True,1,477432029,-76.14927596185599,43.05971925816611
MARSHALL STREET,518.2740493783989,COMSTOCK AVENUE,WALNUT AVENUE,True,True,1,477437845,-76.13125575538788,43.04157559486331
MEADOWBROOK DRIVE,518.3492624408185,SCOTTHOLM TERRACE,EUCLID AVENUE,True,True,1,477439464,-76.10965343728073,43.037009006735516
EMERSON AVENUE,518.8373187615774,KANE ROAD,ERIE BOULEVARD WEST,True,True,1,477431782,-76.19684226698382,43.060671738035545
TENNYSON AVENUE,519.3104628901201,SOUTH WILBUR AVENUE;WEST FAYETTE STREET,SOUTH LOWELL AVENUE,True,True,1,477436103,-76.18028754180365,43.04766158701454
MERRIMAN AVENUE,519.3601017253233,SABINE STREET,MASSENA STREET,True,True,1,477438243,-76.16642228563185,43.0402876527734
EAST ONONDAGA STREET,519.614947533769,EAST GENESEE STREET;SOUTH STATE STREET,EAST JEFFERSON STREET;MONTGOMERY STREET,True,True,1,477436216,-76.14805062643339,43.04754075674189
WEST WATER STREET,519.8415493229381,SOUTH FRANKLIN STREET,SOUTH CLINTON STREET,True,True,2,477435059;800066375,-76.15451379928473,43.05056161227413
BENNINGTON DRIVE,520.3703366553668,CHURCHILL AVENUE,SOUTH SALINA STREET,True,True,1,477444358,-76.14100558680441,43.011914606039205
EAST COLVIN STREET,520.3946120151938,HARRIETTE AVENUE,COMSTOCK AVENUE,True,True,1,477442539,-76.12951904041041,43.02421307686877
KIRKWOOD PLACE,520.5106078957277,WEST BEARD AVENUE,WEST COLVIN STREET,True,True,1,477442550,-76.15283579364876,43.02446511789233
ERIE BOULEVARD WEST,520.7711277303092,NORTH FRANKLIN STREET;SOUTH FRANKLIN STREET,NORTH CLINTON STREET;SOUTH CLINTON STREET,True,True,1,477434879,-76.15450518972527,43.05092303142932
MARQUETTE STREET,521.03955422184,NORTH GEDDES STREET,DEAD END / SAME-NAME BRANCH,False,True,1,477432864,-76.17135760892306,43.056399377781794
HUBBELL AVENUE,521.0432923383783,BELLEVUE AVENUE,GRANDVIEW AVENUE,True,True,1,477440824,-76.1705905083697,43.03229878156171
WESTMORELAND AVENUE,521.1946717552377,SPAID AVENUE,BROAD STREET,True,True,1,477441414,-76.11382075884255,43.02992411524834
CROYDEN ROAD,521.2978421499307,BROAD STREET,DEAD END / SAME-NAME BRANCH,False,True,1,477441329,-76.10822442705243,43.030175694284125
LOMA AVENUE,521.4349217033943,COURT STREET,WELDON AVENUE,True,True,1,477427730,-76.14528000655305,43.07985527439492
GRAVES STREET,521.6732478847765,HIGHLAND STREET,BEECHER STREET,True,True,1,477431490,-76.1404014695568,43.06133757393615
MINEOLA DRIVE,521.7103545929876,SCOTT AVENUE,CRAWFORD AVENUE,True,True,1,477439606,-76.10783503932431,43.03609545432612
GRIFFIN STREET,521.7859441016649,VALLEY DRIVE,DEAD END / SAME-NAME BRANCH,False,True,1,477443992,-76.16002789786349,43.01427150736037
HIXSON AVENUE,521.7873878504734,JAMES STREET,MELROSE AVENUE,True,True,1,477430777,-76.12108772211337,43.06494643762992
CATHERINE STREET,521.8357619552946,BURNET AVENUE,ALMOND STREET;ERIE BOULEVARD EAST,True,True,7,477434435;508421189;508421190;477434613;477434681;477434800;477434941,-76.14210628407669,43.05153165415536
NORTH WILBUR AVENUE,522.7004157049164,SCHUYLER STREET,ULSTER STREET,True,True,1,477435329,-76.18203095381476,43.05021434988594
NORTH WILBUR AVENUE,523.119827113601,ULSTER STREET,SOUTH WILBUR AVENUE;TOMPKINS STREET,True,True,1,477435670,-76.18072835462314,43.049145504795796
WEST FAYETTE STREET,523.2503248338767,SOUTH CLINTON STREET,SOUTH FRANKLIN STREET,True,True,1,477435619,-76.15454828609991,43.04870513410565
NORTH STATE STREET,523.4790642562174,EAST DIVISION STREET,CATAWBA STREET,True,True,1,477431789,-76.15487833349117,43.06060805900602
VAN RENSSELAER STREET,523.5400762213241,WEST GENESEE STREET,PARK AVENUE,True,True,1,477434300,-76.16609180713105,43.05281258833176
BROOKFORD ROAD,523.582126630235,MEADOWBROOK DRIVE,EAST AVENUE;EAST GENESEE STREET,True,True,1,477437978,-76.10511558964303,43.04179402899062
ERIE BOULEVARD EAST,524.1378436773068,NORTH STATE STREET;SOUTH STATE STREET,MONTGOMERY STREET;OSWEGO BOULEVARD,True,True,1,477434927,-76.14835708701172,43.0508663643007
WALTON STREET,524.3254276087488,SOUTH CLINTON STREET,SOUTH FRANKLIN STREET,True,True,1,477435896,-76.1545503098686,43.047974937571915
BRADFORD PARKWAY,524.35806310621,SCOTTHOLM BOULEVARD,EAST GENESEE STREET,True,True,1,504325243,-76.10683398939598,43.0423054299234
GRAND AVENUE,524.4468348606783,DELAWARE STREET,CADWELL STREET,True,True,1,477438587,-76.17475133122004,43.03937038764799
NORTH LORRAINE AVENUE,524.8773586884837,ROBERT DRIVE,EAST COLVIN STREET;LORRAINE AVENUE,True,True,1,477442280,-76.13230261061733,43.02595781667546
WEST WASHINGTON STREET,524.8855237084456,SOUTH CLINTON STREET,SOUTH FRANKLIN STREET,True,True,1,477435345,-76.15454230408326,43.049621545249636
ERIE BOULEVARD EAST,525.3018336712199,DEAD END / SAME-NAME BRANCH,ALMOND STREET;CATHERINE STREET,False,True,1,477434952,-76.14113373956667,43.050804386299006
WESTWOOD ROAD,525.7194145332144,WINKWORTH PARKWAY,JUNEWAY ROAD,True,True,1,477442333,-76.19637857001976,43.025690393956886
MONROE STREET,525.8958786363851,EAST ADAMS STREET,LIGHT COURT,True,True,2,507666607;477437812,-76.14211054968403,43.04203506628345
ARLINGTON AVENUE,525.9139197238417,CHARMOUTH DRIVE,WEST COLVIN STREET,True,True,1,477442985,-76.1668352765171,43.022008154637156
MARTIN LUTHER KING EAST,526.0045665912183,SOUTH STATE STREET,MARTIN LUTHER KING WEST;SOUTH SALINA STREET,True,True,2,800034167;800034171,-76.14790689300273,43.033272098026345
LEAVENWORTH AVENUE,526.4414915045215,PARK AVENUE,WEST GENESEE STREET,True,True,1,477434337,-76.1630858573491,43.052751528732216
ONONDAGA AVENUE,526.7274866617383,BELLEVUE AVENUE,ONONDAGA TERRACE,True,True,1,477440768,-76.16471982169651,43.03250210931964
NORTH STATE STREET,526.7954340065528,BUTTERNUT STREET,ASH STREET,True,True,2,477454135;477432221,-76.1529427712168,43.0581472548899
GLAHN AVENUE,526.8876219371559,WEST COLVIN STREET,WEST BEARD AVENUE,True,True,1,477442569,-76.15347551273922,43.0243236649452
EAST KENNEDY STREET,527.2067755598811,SOUTH STATE STREET,SOUTH SALINA STREET,True,True,1,477441092,-76.14672156167993,43.030780677314844
ERIE BOULEVARD EAST,527.3622872908464,DEAD END / SAME-NAME BRANCH,ALMOND STREET,False,True,1,477435000,-76.14113101003227,43.05072878808574
CROSSETT STREET,527.5624066055195,BEVERLY ROAD,SUMMIT AVENUE,True,True,1,477441714,-76.16660620831293,43.02804962101503
ERIE BOULEVARD EAST,527.5998368495231,COLUMBUS AVENUE,CHERRY STREET,True,True,2,477435494;477435491,-76.122494286481,43.049270807724575
TEMPLE STREET,528.0822664832807,KING STREET,MIDLAND AVENUE,True,True,4,800040282;800053095;800040284;477438680,-76.15602000843711,43.039395279842104
WEST TAYLOR STREET,528.1708815406954,KING STREET,MIDLAND AVENUE,True,True,4,477438824;800047555;800040234;477438879,-76.15508910337371,43.03849235249283
BEATTIE STREET,528.9762245262243,RIDGEWAY AVENUE,DAKIN STREET,True,True,1,477435477,-76.10836374720434,43.050016627701964
MOUNT OLYMPUS DRIVE,529.8007449720774,DEAD END / SAME-NAME BRANCH,DEAD END / SAME-NAME BRANCH,False,True,2,600016006;600008918,-76.13177365107136,43.03396679077458
HARRINGTON ROAD,530.0808107780986,ROCKFORD DRIVE,BROOKFORD ROAD,True,True,1,477438924,-76.10182514867931,43.03891423138634
MILBURN DRIVE,530.4384827761908,CORTLAND PLACE,WEST SENECA TURNPIKE,True,True,1,477445785,-76.15051536113826,43.00245085852307
COLUMBIA AVENUE,530.5758771521404,CHARMOUTH DRIVE,WEST COLVIN STREET,True,True,1,477442998,-76.16806181826156,43.02195259833991
NORTH SALINA STREET,530.8600578303784,DANFORTH STREET,KIRKPATRICK STREET;LODI STREET,True,True,1,477430612,-76.15726598293163,43.0654672429196
VALLEY DRIVE,531.0088580291489,COSSITT STREET,CHAFFEE AVENUE,True,True,1,477446303,-76.15280279810472,42.99700509420878
CADILLAC STREET,531.6829786822893,WILLUMAE DRIVE,SEVENTH NORTH STREET,True,True,1,477428178,-76.15173954921686,43.077777828911884
BURNET AVENUE,532.2206861310027,GALE AVENUE,HICKOK AVENUE,True,True,2,800048128;477432894,-76.11398387807165,43.05646834267992
EAST BRIGHTON AVENUE,532.4939826499646,SOUTH SALINA STREET;WEST BRIGHTON AVENUE,SOUTH STATE STREET,True,True,1,477443135,-76.14199861133835,43.02058128395942
WOLF STREET,532.5500484779963,SIXTH NORTH STREET,SEVENTH NORTH STREET,True,False,1,477427532,-76.1566193187619,43.081110099611855
SENECA DRIVE,532.7191302996941,EAST SENECA TURNPIKE,ORLANDO AVENUE,True,True,1,477445915,-76.1402917196509,43.00120061225468
GRUMBACH AVENUE,532.9167422258499,PARK ROAD,KNAUL STREET,True,True,1,477430586,-76.1397090903105,43.06584681009841
NORTH GEDDES STREET,533.0169210147299,PARK AVENUE,WEST GENESEE STREET,True,True,1,477434250,-76.17058283109054,43.052933639681314
BRACE STREET,533.0532321454594,TURTLE STREET,COURT STREET,True,True,1,477428597,-76.15372029722302,43.07571453036699
ROOSEVELT AVENUE,533.0567016557637,KENSINGTON ROAD,BROAD STREET,True,True,1,477441111,-76.11722791240697,43.03121339123252
ROBINEAU ROAD,533.6506889849643,GLENWOOD AVENUE,CHARMOUTH DRIVE,True,True,1,477443242,-76.17059780236153,43.0203851323034
ELLIOTT STREET,534.0598889115967,BRADLEY STREET,SOUTH GEDDES STREET,True,True,1,477439932,-76.17333779402847,43.03497060833074
SEDGWICK DRIVE,534.2564797174358,JAMES STREET,BRATTLE ROAD,True,True,3,477431333;477431231;477431161,-76.12922378035519,43.062696166532064
MADISON STREET,534.7521252561688,MONTGOMERY STREET,EAST ONONDAGA STREET;SOUTH WARREN STREET,True,True,1,477436598,-76.14981880176386,43.045485645438454
WESTCOTT STREET,534.8238737504414,KENSINGTON ROAD,BROAD STREET,True,True,1,477441128,-76.11845048068258,43.03116195807118
EAST FLORENCE AVENUE,534.8674133389359,STEVENS AVENUE,SPRINGBROOK AVENUE,True,True,1,477445061,-76.13982664728911,43.0071241389023
LONGMEADOW DRIVE,534.9184308309178,LONGMEADOW CIRCLE,SPAULDING AVENUE,True,True,1,477447184,-76.14697329886913,42.987702781269356
MARIPOSA STREET,535.001454643011,HIXSON AVENUE,DEAD END / SAME-NAME BRANCH,False,True,1,477431342,-76.11904545994543,43.06209832085729
MARGUERITE AVENUE,535.197522716806,BISHOP AVENUE,SOUTH AVENUE,True,True,1,477443184,-76.15902950270116,43.020015192967115
SEDGWICK DRIVE,535.409306455491,JAMES STREET,BRATTLE ROAD,True,True,3,477431314;477431214;477431144,-76.12909143955578,43.062762235701804
VELASKO ROAD,535.81999905159,BELLEVUE AVENUE,ONONDAGA BOULEVARD;WEST ONONDAGA STREET,True,True,1,477440672,-76.18712336341895,43.03276450661309
SALT SPRINGS ROAD,536.4960648392546,ALBERT ROAD,DEMONG DRIVE,True,True,1,477435969,-76.09261817128991,43.04769798701101
CONKLIN AVENUE,536.7571660107885,GLENCOVE ROAD,CALEB AVENUE,True,True,1,477430999,-76.08913879630228,43.06415762935893
BASSETT STREET,536.7969006774634,HAWTHORNE STREET,SOUTH BEECH STREET,True,True,1,477437557,-76.12196869017971,43.043169764968
PEAT STREET,537.0168290949316,KIDD AVENUE,CITY CROSSROADS DRIVE,True,True,1,477434089,-76.11540694147817,43.052873506054915
SOUTH BEECH STREET,537.5249931416075,COMSTOCK PLACE,MADISON STREET,True,True,1,477436605,-76.12665862980775,43.04571916190625
ROBINEAU ROAD,537.798745244202,CHARMOUTH DRIVE,STRATHMORE DRIVE,True,True,1,477443013,-76.1707008785242,43.02185342966603
TRINITY PLACE,538.1863146863675,GREENWOOD PLACE,SOUTH BEECH STREET,True,True,1,477438294,-76.12066835943035,43.040158894405266
WELLESLEY ROAD,538.3423556605205,CHARMOUTH DRIVE,STRATHMORE DRIVE,True,True,1,477443005,-76.16926573783797,43.021912152277935
SABINE STREET,539.3766028135963,MASSENA STREET,BARRETT STREET,True,True,1,477438975,-76.16779214960535,43.03858338556367
WEST ONONDAGA STREET,539.9759578903383,SEYMOUR STREET;SHONNARD STREET;WEST ADAMS STREET,GIFFORD STREET;SOUTH CLINTON STREET,True,True,5,477437427;800037306;509997012;509997011;477437191,-76.15396686598655,43.04311097740576
VANN STREET,540.7907891196787,GALE AVENUE;GALE STREET,DILLAYE AVENUE,True,True,1,477432762,-76.11597089841263,43.056882220326905
WEST GENESEE STREET,541.4884944764193,SACKETT STREET,DEWEY AVENUE,True,True,1,477434039,-76.17797429784193,43.05294810647949
WEST FAYETTE STREET,542.4580488974595,WYOMING STREET,SOUTH WEST STREET,True,True,3,477435775;800037290;477435688,-76.159878101719,43.04850131592126
EAST BORDEN AVENUE,543.0385206276469,SOUTH STATE STREET,SOUTH SALINA STREET,True,True,1,477441680,-76.1454379107003,43.02807793949824
WEST WATER STREET,543.1408244836914,SOUTH FRANKLIN STREET,DEAD END / SAME-NAME BRANCH,False,True,2,800030713;512620138,-76.15648926081258,43.05046253539941
TRACY STREET,543.2641795223527,DEAD END / SAME-NAME BRANCH,VAN RENSSELAER STREET,False,True,2,800032556;477435838,-76.16723729194017,43.04904912210213
MARIS DRIVE,543.8872318374878,KRAMER DRIVE,RIVERDALE DRIVE,True,True,1,477446007,-76.15674216694049,43.00061999717908
HARFORD ROAD,543.8880226694321,ARDMORE PLACE,CHATHAM PLACE,True,True,1,477427397,-76.1437003110036,43.08194859620532
NORTH GLENCOVE ROAD,544.1258490848605,CULVER DRIVE,DEAD END / SAME-NAME BRANCH,False,True,1,600035919,-76.09793144574098,43.06487414270497
EAST COLVIN STREET,544.2205276792165,LANCASTER AVENUE,MANLEY FIELD HOUSE;SKYTOP ROAD,True,True,1,477442909,-76.12259154425816,43.021829969023486
SOUTH CLINTON STREET,544.60527368994,WEST TAYLOR STREET,TEMPLE STREET,True,True,3,477438663;800037252;477438237,-76.15174967361948,43.039716083643825
ELK STREET,544.7582661366727,SOUTH SALINA STREET,SOUTH STATE STREET,True,True,1,477442362,-76.14395606660764,43.02495781240008
SEWARD STREET,544.9357225824282,SOUTH ALVORD STREET,ROSEWOOD STREET,True,True,1,477431918,-76.14318974938024,43.06014891931686
WEST KENNEDY STREET,545.5746360101074,SOUTH AVENUE,CRESCENT AVENUE,True,True,1,477441688,-76.1590207691062,43.02817086836178
ONEIDA STREET,546.7546919966808,KING STREET,TALLMAN STREET,True,True,1,477439440,-76.15284581356808,43.03716460376741
FERRIS AVENUE,547.0277939198361,GENESEE PARK DRIVE,EAST GENESEE STREET,True,True,1,477437300,-76.10726126012658,43.04391459407834
SOUTH CROUSE AVENUE,547.3146539125701,EAST GENESEE STREET,MADISON STREET,True,True,1,477436642,-76.13656829165569,43.04612258881762
LANCASTER AVENUE,547.8575522749427,BUCKINGHAM AVENUE,KENSINGTON ROAD,True,True,1,477440634,-76.12282076757351,43.03288959707913
GORDON AVENUE,548.1686928034509,STINARD AVENUE,ROBERTS AVENUE,True,True,1,477441441,-76.17285227821034,43.02913959424507
HARBORSIDE DRIVE,548.2185425671416,DESTINY USA DRIVE,NBT BANK PARKWAY;PARK STREET,True,True,6,477428878;477428848;477428815;477428808;477428795;477428710,-76.17175111905111,43.07419939047133
WEST GENESEE STREET,548.2453277574285,ERIE BOULEVARD WEST,PARK AVENUE;STATE FAIR BOULEVARD,True,True,3,477434291;508421631;508421632,-76.18121951050587,43.05231277856178
BUTLER STREET,548.7425787908736,COMSTOCK AVENUE,JAMESVILLE AVENUE,True,True,1,477443442,-76.12918206138906,43.01832750048059
CAYUGA STREET,548.9165777799054,MILTON AVENUE,DEAD END / SAME-NAME BRANCH,False,True,1,477434869,-76.1877487591059,43.05129638076627
SATURN DRIVE,549.1977145143708,LAFAYETTE ROAD,DEAD END / SAME-NAME BRANCH,False,True,1,477446336,-76.13185313451713,42.99604715685732
MCCLURE AVENUE,549.21421206016,SOUTH SALINA STREET,SOUTH STATE STREET,True,True,1,477442961,-76.14229694037235,43.021460353293406
WILLIS AVENUE,549.2487123108973,KANE ROAD,ERIE BOULEVARD WEST,True,True,1,477431879,-76.19777929518486,43.06030664370239
HAZELWOOD AVENUE,549.2566326707366,AUDUBON PARKWAY,DEAD END / SAME-NAME BRANCH,False,True,2,477434461;800088611,-76.09634220683547,43.051775828580205
THOMPSON ROAD,549.5971908578954,EAST JAMES STREET,NORTHCLIFFE ROAD,True,False,3,477429933;477430079;477430153,-76.09052214224471,43.0678842717471
MOSLEY DRIVE,549.9303676240011,AVON ROAD,SUNNYCREST ROAD,True,True,1,477431336,-76.10072668323858,43.06283433863344
BUTTERNUT STREET,550.0651287412123,NORTH MCBRIDE STREET,CATHERINE STREET;LODI STREET,True,True,1,477432028,-76.14784540287296,43.05950708521785
MCALLISTER AVENUE,550.1698106392643,SOUTH STATE STREET,SOUTH SALINA STREET,True,True,1,477442831,-76.14271805058367,43.0223534629666
MCKINLEY AVENUE,550.1962653644382,SOUTH STATE STREET,SOUTH SALINA STREET,True,True,1,477442516,-76.14352254266761,43.024056404024684
SCHOECK AVENUE,550.2368157338693,SEDGWICK DRIVE,WOODLAWN TERRACE,True,True,1,477429519,-76.13209429016517,43.07040549825636
JAMES STREET,550.3007067938041,NORTH STATE STREET,OSWEGO BOULEVARD,True,True,8,477434235;477434251;477434271;477434379;477434405;477434465;477434496;477434546,-76.1492287444576,43.05200265977249
FIRST NORTH STREET,550.3733327528488,DEAD END / SAME-NAME BRANCH,CURTIS STREET,False,True,1,477453927,-76.14629510795493,43.06819569687395
WESTMINSTER AVENUE,550.4416047369823,MARYLAND AVENUE,KENSINGTON ROAD,True,True,1,477440744,-76.11955764815087,43.03251825583306
RICH STREET,550.4548968612179,HUDSON STREET,MARGINAL STREET,True,True,3,477441424;477441283;477441252,-76.16036585574342,43.02937493315329
WESTCOTT STREET,551.2848333419087,EAST GENESEE STREET,HAWTHORNE STREET,True,True,1,477437036,-76.1196187645695,43.04478561383475
ROXBURY ROAD,551.6445054328203,MILFORD DRIVE EAST,RIDGEWOOD DRIVE,True,True,1,477430287,-76.09532994787598,43.066595153498135
ALMOND STREET,552.4435164792927,HARRISON STREET,EAST ADAMS STREET,True,True,1,506021523,-76.14225399702009,43.043472593526495
AMHERST AVENUE,552.4527958441441,SOUTH STATE STREET,SOUTH SALINA STREET,True,True,1,477442648,-76.1431343463183,43.02323367097796
BEARD PLACE,552.4779896464235,EAST COLVIN STREET,EAST BEARD AVENUE,True,True,1,477442182,-76.14471984519338,43.0265297233092
BOYDEN STREET,552.4837219080229,DEAD END / SAME-NAME BRANCH,HIXSON AVENUE,False,True,1,477431486,-76.1189438430441,43.061328339638216
FINEVIEW PLACE,552.7581618456654,RENWICK AVENUE,EAST RAYNOR AVENUE,True,True,4,477439510;477439557;477439595;477439646,-76.14170482390819,43.036484871201665
MERRIMAN AVENUE,552.9702321226338,KELLOGG STREET,CONGRESS AVENUE;OSWEGO STREET,True,True,1,477438197,-76.16278848367088,43.04045936307177
HATCH STREET,553.5758842117168,CREHANGE STREET,ELMHURST AVENUE,True,True,1,477443021,-76.15316549590788,43.02176185712405
HUDSON STREET,553.6916088693531,MARGINAL STREET,STERLING AVENUE,True,True,1,477441156,-76.15995974882327,43.03104843375881
PUTNAM STREET,553.733234887827,WEST ONONDAGA STREET,ELLIOTT STREET,True,True,1,477440031,-76.16799012866572,43.03474587526285
WEST PLEASANT AVENUE,553.9627659882431,MIDLAND AVENUE,DEAD END / SAME-NAME BRANCH,False,True,1,477443728,-76.14923032038128,43.016399600463934
BRYANT AVENUE,554.015251823789,SOUTH LOWELL AVENUE,SOUTH WILBUR AVENUE,True,True,1,477436319,-76.17974782456373,43.047000617057215
WEST FAYETTE STREET,554.0906090953641,MAGNOLIA STREET,NELSON STREET;SYRACUSE STREET,True,True,1,477436298,-76.17636311091229,43.04710124918637
THURBER STREET,554.4441620026909,EAST BRIGHTON AVENUE,STEVENS PLACE,True,True,1,477443513,-76.13681293208118,43.01786957681493
MOSLEY DRIVE,554.7430100595648,BURNET AVENUE;CHAMPLIN DRIVE,CALEB AVENUE,True,True,1,477431942,-76.10051781700918,43.06014910383207
MONTGOMERY STREET,554.997031805434,HARRISON STREET,EAST ADAMS STREET,True,True,1,477437377,-76.14885193920382,43.04352106553412
HUTCHINSON AVENUE,555.01359655666,SOUTH AVENUE,EDGEWOOD AVENUE,True,True,1,477443753,-76.16441481824342,43.01606960882586
SOUTH CROUSE AVENUE,555.759861178047,EAST ADAMS STREET,HARRISON STREET,True,True,1,477437437,-76.13660732694002,43.04344713765889
VELASKO ROAD,555.8449787642371,FAIRDALE AVENUE,GLENWOOD AVENUE,True,True,1,477442159,-76.18535535221196,43.02663291059135
LOMBARD AVENUE,555.9211023018173,EAST WASHINGTON STREET;MAPLE STREET,CHERRY STREET,True,True,1,477435596,-76.12446332258881,43.04895340890635
ARCH STREET,556.1239953984841,BURNET AVENUE,CALEB AVENUE,True,True,1,477431875,-76.09938839484566,43.06041085139058
WAVERLY AVENUE,556.2747977835594,COMSTOCK AVENUE,WALNUT AVENUE,True,True,1,477438156,-76.13121482359395,43.04049712176083
STOLP AVENUE,556.3876870181956,ROBERTS AVENUE,STINARD AVENUE,True,True,1,477441188,-76.17292748635161,43.030152727465186
NORTH SALINA STREET,556.5325103304189,COURT STREET;NORTH ALVORD STREET,DANFORTH STREET,True,True,1,477430410,-76.15843378286398,43.06668920601934
NICHOLS AVENUE,556.9017815729659,AVON ROAD,SUNNYCREST ROAD,True,True,1,477431369,-76.10339026336167,43.062708588619536
OSTROM AVENUE,557.156449642107,HARRISON STREET,EAST ADAMS STREET,True,True,1,477437470,-76.1288242934212,43.04338109061806
COMSTOCK AVENUE,557.3573886387185,HARRISON STREET,EAST ADAMS STREET,True,True,1,477437467,-76.13045130279968,43.04338664117511
HARRISON PLACE,557.5523288746604,EAST ADAMS STREET,HARRISON STREET,True,True,1,477437368,-76.1501428370428,43.04353562057082
UNIVERSITY AVENUE,557.580997488509,HARRISON STREET,EAST ADAMS STREET,True,True,1,477437456,-76.13440225755268,43.04341561900983
LEXINGTON AVENUE,557.7842724339907,COLUMBUS AVENUE,CHERRY STREET,True,True,1,477436170,-76.12244770051726,43.04710423329286
PLYMOUTH DRIVE,557.9361216879046,BURNET AVENUE,CALEB AVENUE,True,True,1,477431805,-76.0982707831799,43.06066812229342
MELROSE AVENUE,558.0658670318086,TEALL AVENUE,HIXSON AVENUE,True,True,1,477430791,-76.12159124831965,43.06430964710823
WALNUT PLACE,558.2632924965538,HARRISON STREET,EAST ADAMS STREET,True,True,1,477437463,-76.13280378365288,43.04339962185804
ERICKSON STREET,558.5948816578591,BURNET AVENUE,CALEB AVENUE,True,True,1,477431682,-76.09582938055647,43.06123127756958
JAMES STREET,558.6248364453753,HIGHLAND STREET,LODI STREET,True,True,1,477432851,-76.13951984620462,43.05676413712193
THURBER STREET,558.95565498691,JAMESVILLE AVENUE,ALDEN STREET,True,True,1,477443400,-76.13191260185984,43.018832055378354
WALNUT AVENUE,559.0840003028134,HARRISON STREET,EAST ADAMS STREET,True,True,1,477437465,-76.13218275591322,43.043393611386364
MCCHESNEY PARK DRIVE,559.1508656530457,GRANT BOULEVARD;POND STREET,HOOD AVENUE,True,True,1,477428975,-76.14559264624684,43.07395981421252
WOODBINE AVENUE,559.4257299678707,CALEB AVENUE,BURNET AVENUE,True,True,1,477432540,-76.10911302651003,43.058210137535205
LUDDINGTON STREET,559.5185779172243,CALEB AVENUE,BURNET AVENUE,True,True,1,477431751,-76.09704109724646,43.06094761459213
SUNSTRUCK DRIVE,559.6538749626249,KINNE STREET,BOYDEN STREET,True,True,1,477431856,-76.12114251409592,43.060479292986074
EAST FAYETTE STREET,559.9151103534972,SOUTH BEECH STREET,MAPLE STREET,True,True,1,477435740,-76.12662581008362,43.04836463545431
DAKIN STREET,560.0207315000845,WESTMORELAND AVENUE,CROLY STREET,True,True,2,800048231;800048230,-76.11391657644008,43.050466656907
WEST BEARD AVENUE,560.0512420998251,MARK AVENUE,LANDON AVENUE,True,True,1,477442136,-76.14904130850088,43.02625559428853
SOUTH WARREN STREET,560.0979557892764,HARRISON STREET,EAST ADAMS STREET,True,True,1,477437365,-76.15086247716984,43.04354507962818
SOUTH WILBUR AVENUE,560.5854594564335,HIGHPOINT STREET;SEYMOUR STREET,AMY STREET;DELAWARE STREET,True,True,1,477438215,-76.17427951476076,43.04108769922057
IRVING AVENUE,561.2164858052369,EAST ADAMS STREET,HARRISON STREET,True,True,1,477437433,-76.13783380666088,43.043456605589455
GRANT TERRACE,561.2465287986522,SHOP CITY PLAZA,GRANT BOULEVARD,True,True,4,800034320;800034321;800034317;800034324,-76.12130828375186,43.0722652615886
EAST FAYETTE STREET,561.3070187058279,PINE STREET,SOUTH BEECH STREET,True,True,1,477435734,-76.12872330030538,43.04839214151485
HIXSON AVENUE,561.4863644029778,BOYDEN STREET,KINNE STREET,True,True,1,477431846,-76.11990444563476,43.060522973497186
NORTH CLINTON STREET,561.6246773542953,WEST COURT STREET,GENANT TO NORTH CLINTON CONNECTOR,True,True,1,477431133,-76.16098123837028,43.063555632760355
PRIMROSE AVENUE,561.8098315855269,DEAD END / SAME-NAME BRANCH,MIDLAND AVENUE,False,True,1,477443929,-76.14910558392604,43.01474808702811
HUGHES PLACE,562.291273219703,EAST COLVIN STREET;HUGHES PLACE NORTH,DEAD END / SAME-NAME BRANCH,False,True,1,477442504,-76.13338446428402,43.0249207946337
EAST FAYETTE STREET,562.3526533200052,CHERRY STREET,MAPLE STREET,True,True,1,477435750,-76.12452632371267,43.04833864129423
EAST GENESEE STREET,562.429365524507,PINE STREET,SOUTH BEECH STREET,True,True,1,477436239,-76.12875433003556,43.046987612341326
SOUTH STATE STREET,562.5632717983576,MADISON STREET,EAST JEFFERSON STREET,True,True,2,800048949;477436594,-76.14749956836698,43.04623466627736
CUMBERLAND AVENUE,562.5748738277485,EAST GENESEE STREET;ELLIS STREET,DEAD END / SAME-NAME BRANCH,False,True,1,477437187,-76.11330804369334,43.044310240721
EAST BRIGHTON AVENUE,562.5930407707965,EAST BRIGHTON AVENUE AVENUE NORTHBOUND,DEAD END / SAME-NAME BRANCH,False,True,4,477444951;800041393;477445147;477445155,-76.13143446622364,43.007385386506016
EAST WATER STREET,563.1689448269448,PINE STREET,SOUTH BEECH STREET,True,True,1,477435212,-76.12868173748565,43.050183129273485
SALT SPRINGS ROAD,563.2222514125551,SEELEY ROAD,GORLAND AVENUE,True,True,1,477436410,-76.10243481979091,43.046430608336955
EAST GENESEE STREET,563.4167916564901,SOUTH BEECH STREET,MAPLE STREET,True,True,1,477436224,-76.12664851014861,43.04702493836002
SOUTH STATE STREET,563.7010304625487,EAST ADAMS STREET,HARRISON STREET,True,True,1,477437382,-76.14753427900821,43.0435211070938
JEAN AVENUE,563.706266542821,DIANA AVENUE,JAMESVILLE AVENUE;TEJAH AVENUE,True,True,1,477444095,-76.12732381666791,43.013709805854006
GLENWOOD AVENUE,563.8872201081859,WOLCOTT AVENUE,REED AVENUE,True,True,1,477442344,-76.18142750115545,43.025126272881
UNIVERSITY AVENUE,564.470544993976,EAST GENESEE STREET,MADISON STREET,True,True,1,477436656,-76.13434833797454,43.04611609223449
HILLSDALE AVENUE,565.2979287027335,CALEB AVENUE,BURNET AVENUE,True,True,1,477432472,-76.1079072533692,43.058468741948836
EAST FAYETTE STREET,565.5354884011033,COLUMBUS AVENUE,CHERRY STREET,True,True,1,477435757,-76.12241633160237,43.048312126228524
LOMA AVENUE,565.7889164612104,WELDON AVENUE,CADILLAC STREET,True,True,1,477427558,-76.14675381913997,43.08088414370689
MALVERNE DRIVE,565.8989984243614,WELDON AVENUE,CADILLAC STREET,True,True,1,477427465,-76.14601978280757,43.081452634494454
CHARLOTTE STREET,565.9107045306498,HERKIMER STREET,DEAD END / SAME-NAME BRANCH,False,True,1,477433998,-76.19379430341526,43.053576095896545
LODI STREET,566.6754740024509,ASH STREET,BUTTERNUT STREET;CATHERINE STREET,True,True,1,477431809,-76.14780373890336,43.060341104369634
ABERDEEN TERRACE,566.9951071383421,BURNET AVENUE,CALEB AVENUE;SUNNYCREST ROAD,True,True,1,477431642,-76.0946286638711,43.06150845828564
ATLANTIC AVENUE,567.2800265922691,BALLANTYNE ROAD;CORAL AVENUE,GIRARD AVENUE,True,True,1,477444524,-76.15162113993247,43.01060639801447
DEARBORN PLACE,567.6166738198693,MARTIN LUTHER KING WEST,CORTLAND AVENUE,True,True,1,477441345,-76.15718464106214,43.030094058789366
WAYNE STREET,567.8871006748246,CATHERINE STREET,HOWARD STREET,True,True,1,477433568,-76.14159086024365,43.05460416014601
SOUTH COLLINGWOOD AVENUE,567.9474757879747,CALEB AVENUE,BURNET AVENUE,True,True,1,477432374,-76.10666978556456,43.058748629851195
SOUTH EDWARDS AVENUE,568.020403316251,CALEB AVENUE,BURNET AVENUE,True,True,1,477432275,-76.10546764020752,43.05902173364016
RONEY ROAD,568.2728784957143,DEAD END / SAME-NAME BRANCH,SOUTH SALINA STREET,False,True,1,477445705,-76.14178146751013,43.002550246888624
TEMPLE STREET,568.8137828470931,KING STREET,ONEIDA STREET,True,True,1,477438379,-76.15414216977678,43.03994243523556
ELIZABETH BLACKWELL STREET,568.8392847231818,EAST ADAMS STREET,HARRISON STREET,True,True,1,477437435,-76.13922571430498,43.04346493083969
LOOMIS AVENUE,569.0742822522739,BERNIE BLAKE DRIVE,FISH AVENUE,True,True,4,800032673;800032676;800032668;477445186,-76.15300115738135,43.00648401026424
CONCORD PLACE,569.1494858611377,DEAD END / SAME-NAME BRANCH,DEAD END / SAME-NAME BRANCH,False,True,3,513530334;513530333;513530329,-76.11784488313651,43.03978148243867
CONCORD PLACE,569.6703217053473,DEAD END / SAME-NAME BRANCH,DEAD END / SAME-NAME BRANCH,False,True,3,513530331;513530332;513530328,-76.11785354420591,43.039904586798784
CLARENDON STREET,569.9347151557023,GREENWOOD PLACE,LANCASTER AVENUE,True,True,1,477438872,-76.12225868943233,43.038411037008856
SOUTH MIDLER AVENUE,570.0395746803298,CALEB AVENUE,BURNET AVENUE,True,True,1,477432192,-76.10425426506241,43.059296094665186
AUDUBON PARKWAY,570.1482374477289,MOUNTAINVIEW AVENUE,FAYETTE BOULEVARD,True,True,1,477435449,-76.09504971212056,43.05020490511698
MALVERNE DRIVE,570.2571416500656,COURT STREET,WELDON AVENUE,True,True,1,477427651,-76.14448128617687,43.080376151275416
ACADEMY PLACE,570.4495199133462,EAST CHAFFEE AVENUE,COSSITT STREET,True,True,1,477446297,-76.15163304475145,42.997105005697115
LAKEVIEW AVENUE,570.4955624298245,RICHMOND AVENUE,APPLE STREET,True,True,1,477435153,-76.1784928285717,43.05078262333559
FOXBORO ROAD,570.5123695273288,FAYETTE BOULEVARD,MOUNTAINVIEW AVENUE,True,True,1,477435397,-76.09373277765008,43.05028360935054
ERIE BOULEVARD EAST,571.4482782864175,PINE STREET,NORTH BEECH STREET;SOUTH BEECH STREET,True,True,1,477435106,-76.12867874578463,43.050539141599295
SEDGWICK DRIVE,572.6712039367238,HAMPSHIRE ROAD,RUGBY ROAD,True,True,1,504326414,-76.1324851686329,43.066263893183425
BAKER AVENUE,572.8063487916105,WOODLAND AVENUE,EAST BORDEN AVENUE,True,True,1,477441614,-76.14359351527847,43.02903933701005
LOMBARD AVENUE,573.2389241381644,COLUMBUS AVENUE,CHERRY STREET,True,True,1,477435691,-76.12240055856607,43.048657475884305
GOODRICH AVENUE,573.6112901340395,HOLMES STREET,THAYER STREET,True,True,1,477443828,-76.12670427389892,43.01631711394722
RICHMOND AVENUE,573.8982301244996,LIBERTY STREET,SACKETT STREET,True,True,2,800034082;477435184,-76.17529187898454,43.05026203844463
SARAH LOGUEN STREET,574.8552968547377,HARRISON STREET,EAST ADAMS STREET,True,True,1,506021526,-76.14053000804265,43.043482299155265
EAST SENECA TURNPIKE,575.0017682164486,MAYWOOD DRIVE,MONTICELLO DRIVE NORTH;MONTICELLO DRIVE SOUTH,True,True,1,477445938,-76.13793316844887,43.000808976551305
JUNEWAY ROAD,575.0768119382583,HILLTOP ROAD,WESTWOOD ROAD,True,True,1,477442063,-76.19538091571744,43.02657145334351
WHITTIER AVENUE,575.1106608410755,SOUTH WILBUR AVENUE,SOUTH LOWELL AVENUE,True,True,1,477436486,-76.17914346540614,43.04633982308853
GREEN STREET,576.1490659226406,HOWARD STREET,LODI STREET,True,True,1,477433527,-76.13912076017893,43.05472809997065
SOUTH STATE STREET,576.2256175164586,EAST BORDEN AVENUE,WOODLAND AVENUE,True,True,1,800052940,-76.14481897657504,43.02899256304336
EAST AVENUE,576.2739601738265,BLOSSOM ROAD,SALT SPRINGS ROAD,True,True,1,477436917,-76.1056957642389,43.04510741058438
BRADFORD STREET,576.6240938540785,MAINS AVENUE,VALLEY DRIVE,True,True,1,477445331,-76.15566309176141,43.0056188357916
LYNCH STREET,577.3956596097069,DEVINE STREET,TEALL AVENUE,True,True,1,477434954,-76.12067218274663,43.051019032569755
SOUTH AVENUE,577.541817748581,HUTCHINSON AVENUE,LYNCH AVENUE,True,True,1,477443922,-76.16395727087696,43.01543959551256
BOSTON STREET,577.5644559602566,GLENCOVE ROAD,CALEB AVENUE,True,True,1,477431049,-76.0903640902453,43.06404879871594
LEWIS STREET,577.5896373493723,MILTON AVENUE,WILLIS AVENUE,True,True,1,477433402,-76.19269925136267,43.05496009147809
MAXWELL AVENUE,577.6470494928487,MAINS AVENUE,VALLEY DRIVE,True,True,1,477445203,-76.15604937613841,43.00636147440341
KIRKPATRICK STREET,578.1064374849141,MICHAELS AVENUE,HOOD AVENUE,True,True,1,477428598,-76.14845251034433,43.075858190721085
HELEN STREET,578.1294504274549,RUGBY ROAD,ELSNER STREET,True,True,1,477430206,-76.1352734306468,43.06772987580893
BOYDEN STREET,578.4955348756686,PATTISON STREET,VINE STREET,True,True,1,477431926,-76.12673125112687,43.05992822138878
WEST CALTHROP AVENUE,578.9190959426785,MIDLAND AVENUE,DEAD END / SAME-NAME BRANCH,False,True,1,477443826,-76.14921125257706,43.01557457972441
OAKDALE DRIVE,579.5273291772004,VALLEY DRIVE,MAINS AVENUE,True,True,1,477445100,-76.15643360087167,43.00709826067461
JANET DRIVE,579.6195259343701,EUCLID AVENUE,HILLCREST ROAD,True,True,1,477440342,-76.10782886962085,43.03409039726108
MICHAELS AVENUE,579.8005873648401,KIRKPATRICK STREET,COURT STREET,True,True,1,800038682,-76.14975761548236,43.07570260567216
ARNOLD AVENUE,580.0951174191379,HOLMES STREET,THAYER STREET,True,True,1,477443822,-76.12551178059093,43.01638512894391
REED AVENUE,580.1007455075124,ARGONNE DRIVE,GLENWOOD AVENUE,True,True,1,477442258,-76.18072171240641,43.02611613340547
WALNUT AVENUE,580.2064533133342,EAST GENESEE STREET,MADISON STREET,True,True,1,477436662,-76.13212535176719,43.04613256435092
KENWICK DRIVE,580.3031720445085,RIVOLI AVENUE,ORWOOD PLACE,True,False,2,477427847;477427778,-76.1356481875479,43.0795933129261
EAST ONONDAGA STREET,580.3080553518714,MADISON STREET;SOUTH WARREN STREET,HARRISON STREET;SOUTH SALINA STREET;WEST ONONDAGA STREET,True,True,1,477436860,-76.15160054828924,43.044942558493155
VALE STREET,580.3497950518002,WEST NEWELL STREET,ONONDAGA CREEK BOULEVARD EAST,True,True,1,477443896,-76.15642384572162,43.015758608165356
KIRK AVENUE,580.4358566967276,SOUTH SALINA STREET,LANDON AVENUE,True,True,1,477441436,-76.1482487872346,43.02937614479186
SEDGWICK DRIVE,580.4381580586537,HAMPSHIRE ROAD,RUGBY ROAD,True,True,1,504326418,-76.13259151760118,43.06618917147939
CANNON STREET,581.1042229960128,WEST OSTRANDER AVENUE,WEST CALTHROP AVENUE,True,True,1,477444011,-76.14509425019438,43.01494061379021
ROE AVENUE,581.385735707751,HOLMES STREET,TEJAH AVENUE;THAYER STREET,True,True,1,477443756,-76.12439468077663,43.01642541008006
WEST BORDEN AVENUE,581.4733122826486,LANDON AVENUE,SOUTH SALINA STREET,True,True,1,477441838,-76.14742329884284,43.027628104986526
WESTCOTT STREET,582.1814746299721,LEXINGTON AVENUE,EAST GENESEE STREET,True,True,1,477436579,-76.11976299067275,43.04633733487011
GIMINSKI DRIVE,582.2722944074407,SPENCER STREET,PULASKI STREET,True,True,1,477432590,-76.17198576088227,43.05805004201367
DEWITT STREET,582.6092263270943,ELSNER STREET,RUGBY ROAD,True,True,1,477430195,-76.13416432662547,43.067770104215874
MCLENNAN AVENUE,582.8998430784472,LANDON AVENUE,SOUTH SALINA STREET,True,True,1,477441633,-76.14783131955492,43.02848609954273
FOUNTAIN STREET,582.9225730931154,GERTRUDE STREET,HAWLEY AVENUE,True,True,1,477433613,-76.13501936016677,43.05452308998256
GUILFORD ROAD,583.069124184641,EUCLID AVENUE,KILLIAN DRIVE;WINDHAM DRIVE,True,True,1,477439267,-76.09571165514159,43.03766592265301
WEST KENNEDY STREET,583.1643086305254,SOUTH SALINA STREET,LANDON AVENUE,True,True,1,477441185,-76.148743303564,43.03040512646212
SPRINGFIELD ROAD,583.4649359277114,CATON DRIVE,MOUNTAINVIEW AVENUE;SMITH STREET,True,False,2,477434717;477434737,-76.08950020110575,43.0512775324432
COOLIDGE AVENUE,583.993779829195,BELLEVUE AVENUE,STERLING AVENUE,True,True,1,477440797,-76.16351831806509,43.03247462012036
HICKORY STREET,584.0979822469801,LODI STREET,CATHERINE STREET,True,True,1,477432766,-76.14348533297205,43.05706608848802
WESTMORELAND AVENUE,584.4564189141443,LEWISTON DRIVE,SHERMAN STREET,True,True,1,477442480,-76.11337128114778,43.02495763356372
OAK STREET,584.7718694537631,RUGBY ROAD,ELSNER STREET,True,True,2,477430223;477430203,-76.13637415369602,43.067675150514845
WEST FAYETTE STREET,584.8038632518012,SOUTH FRANKLIN STREET,WALTON STREET,True,True,3,477435614;800030719;477435606,-76.15662126087643,43.04872370611534
LODI STREET,585.0517648599857,ISABELLA STREET,UNION PLACE,True,True,1,477430982,-76.15466752179195,43.06403610940981
WEST BEARD AVENUE,585.1883102544028,LANDON AVENUE,EAST BEARD AVENUE;SOUTH SALINA STREET,True,True,1,477442023,-76.14701726078971,43.02676982277692
PALMER AVENUE,585.4289294484033,BELLEVUE AVENUE,STERLING AVENUE,True,True,1,477440792,-76.16236426725362,43.03252560972201
STRAND PLACE,585.5094687868066,PARK STREET,MARY STREET,True,True,1,477430554,-76.14966769745395,43.06561594827528
WEST FAYETTE STREET,586.0281695156356,NELSON STREET;SYRACUSE STREET,DEAD END / SAME-NAME BRANCH,False,True,1,477436046,-76.17825639890779,43.04782164760301
CAMP AVENUE,586.1033135963153,MAINS AVENUE,VALLEY DRIVE,True,True,1,477444878,-76.15687401511695,43.00798616746349
ALANSON ROAD,586.8881940428175,TWIN HILLS DRIVE,DEAD END / SAME-NAME BRANCH,False,True,1,477442228,-76.17283282907842,43.02627914092965
SOUTH TOWNSEND STREET,587.1819521313486,EAST ADAMS STREET,HARRISON STREET,True,True,1,509998025,-76.14550356745269,43.043521328060805
SOUTH TOWNSEND STREET,587.2029307663578,EAST ADAMS STREET,HARRISON STREET,True,True,1,509998026,-76.14538141424853,43.04352118825129
AUDUBON PARKWAY,587.3802871717268,FAYETTE BOULEVARD,MOUNTAINVIEW AVENUE,True,True,1,477435451,-76.09518731019153,43.050174110777235
PHARIS STREET,587.7192883869355,LEWIS STREET,HERKIMER STREET,True,True,1,477433541,-76.19025548423541,43.0549600717777
SOUTH CROUSE AVENUE,587.8635663310699,EAST FAYETTE STREET,EAST GENESEE STREET,True,True,1,477436275,-76.13653586563849,43.04768004144132
NICHOLS AVENUE,588.458366891225,CALEB AVENUE,SUNNYCREST ROAD,True,True,1,477431711,-76.10326424751129,43.061139623013844
VILLAGE DRIVE,588.6186394752408,LEA LANE,DEAD END / SAME-NAME BRANCH,False,True,1,477429463,-76.11832729824383,43.07135182259396
HIAWATHA BOULEVARD WEST,588.9346565177217,DUKE DRIVE,ERIE BOULEVARD WEST,True,True,5,477433117;800036186;800036192;800036176;477433164,-76.1846188536257,43.055936427117814
SOUTH AVENUE,589.0818444987075,BELLEVUE AVENUE,STERLING AVENUE,True,True,1,477440738,-76.1588067594911,43.032670604091074
HARRISON STREET,589.1368647756505,UNIVERSITY AVENUE,SOUTH CROUSE AVENUE,True,True,1,477436985,-76.13548830970637,43.044195162628206
MONTGOMERY STREET,589.3538462902354,EAST FAYETTE STREET,EAST JEFFERSON STREET,True,True,1,477436211,-76.1493219681589,43.04784778416567
EAST ADAMS STREET,589.7224226112326,SOUTH CROUSE AVENUE,UNIVERSITY AVENUE,True,True,1,477437457,-76.13552127423907,43.04266760457256
WINKWORTH PARKWAY,590.1132881812321,RICHARD ROAD,KNOLLTOP TERRACE,True,False,2,477442521;477442484,-76.20378936181115,43.0242389230182
MELBOURNE AVENUE,590.1509503820888,MOUNTAINVIEW AVENUE,FAYETTE BOULEVARD,True,True,1,477435475,-76.09643773592464,43.05010414498604
BAKER AVENUE,590.4470060550203,WOODLAND AVENUE,EAST KENNEDY STREET,True,True,1,477441258,-76.14430977250257,43.030546123699395
HUDSON STREET,590.580191980039,BELLEVUE AVENUE,STERLING AVENUE,True,True,1,477440759,-76.16002331999786,43.03261762100778
SOUTH SALINA STREET,590.653739467576,RICHFIELD AVENUE,CONIFER DRIVE,True,True,1,800048271,-76.14424803044128,42.9897177527257
MERRITT AVENUE,590.6776902409913,HOPPER ROAD,CRESTVIEW DRIVE,True,True,1,477446112,-76.15848279540444,42.99891262112975
OSTROM AVENUE,590.6788686214544,EUCLID AVENUE,CLARENDON STREET,True,True,1,477439476,-76.12825480949024,43.037167107957586
AVONDALE PLACE,590.6856646711065,WESTCOTT STREET,GREENWOOD PLACE,True,True,1,477438600,-76.12024578969307,43.03933160009589
RICH STREET,590.9405589559217,STERLING AVENUE,BELLEVUE AVENUE,True,True,1,477440777,-76.16120833529982,43.0325680970656
EAST WASHINGTON STREET,590.9533519534182,UNIVERSITY AVENUE,WALNUT AVENUE,True,True,1,477435457,-76.13316076999357,43.04935272181016
CANAL STREET,591.0141041035898,UNIVERSITY AVENUE,WALNUT AVENUE,True,True,1,477434809,-76.13312075386212,43.05110161173399
EAST BRIGHTON AVENUE,591.063062113694,AINSLEY DRIVE,DEAD END / SAME-NAME BRANCH,False,True,2,477444685;800100343,-76.13334295681557,43.01024046650567
GERE AVENUE,591.1447966811909,SIDMAN AVENUE,WILLIS AVENUE,True,True,2,800047553;477432486,-76.19717586768878,43.0578844859511
HASBROUCK STREET,591.4184893317471,BURNET AVENUE,CALEB AVENUE,True,True,1,477431602,-76.09346145699628,43.06170482671103
EAST FAYETTE STREET,591.7506407809149,IRVING AVENUE,FORMAN AVENUE,True,True,1,477435696,-76.13882729914492,43.04850814879447
ERIE BOULEVARD EAST,592.0139810949743,UNIVERSITY AVENUE,WALNUT AVENUE,True,True,1,477435025,-76.13313074859832,43.05066410013885
LODI STREET,592.1362596124292,HAWLEY AVENUE,OAK STREET,True,True,1,477434157,-76.13394925301819,43.05287060932429
SALT SPRINGS ROAD,592.2168270436732,SHERBROOKE ROAD,DEMONG DRIVE;MANOR DRIVE;RADCLIFFE ROAD,True,True,1,477437047,-76.0836259036378,43.04446848822642
EAST WASHINGTON STREET,592.5347150628002,LOMBARD AVENUE;MAPLE STREET,SOUTH BEECH STREET,True,True,1,477435512,-76.12654745556372,43.04921919038675
EAST FAYETTE STREET,592.5812749128845,UNIVERSITY AVENUE,WALNUT AVENUE,True,True,1,477435711,-76.13317779653185,43.04845113262926
MADISON STREET,592.7229117685513,WALNUT AVENUE,UNIVERSITY AVENUE,True,True,1,477436663,-76.13325539412028,43.04533907845303
ENFIELD PLACE,592.7320627002573,HILLSBORO PARKWAY,EDGEMONT DRIVE;EUCLID AVENUE;KIMBER ROAD,True,True,1,477438475,-76.09279849360338,43.03994537640598
EAST WATER STREET,592.8106863340647,UNIVERSITY AVENUE,WALNUT AVENUE,True,True,1,477435190,-76.13314126743924,43.0502450884118
MADISON STREET,592.8559794341984,SOUTH CROUSE AVENUE,UNIVERSITY AVENUE,True,True,1,477436657,-76.13547333118785,43.04535662804206
SOUTH WARREN STREET,592.9010263256031,EAST FAYETTE STREET,EAST JEFFERSON STREET,True,True,1,477436209,-76.15082109564311,43.04786170840032
EAST WATER STREET,593.3141998030964,SOUTH CROUSE AVENUE,UNIVERSITY AVENUE,True,True,1,477435174,-76.13536026835472,43.050273115491926
DEFOREST ROAD,593.7352242894688,EAST GENESEE PARKWAY,DEAD END / SAME-NAME BRANCH,False,True,1,477437391,-76.09021082919979,43.04355061750475
LAMBRETH LANE,593.7772198502179,SMALL ROAD,FARM ACRE ROAD,True,True,1,477443193,-76.11879923251722,43.0207078844255
RICHARDSON AVENUE,593.78291468408,WEST NEWELL STREET,WEST LAFAYETTE AVENUE,True,True,1,477443637,-76.15275129376555,43.01774860700169
CAYUGA STREET,593.8007498828052,CRESTVIEW TERRACE;MYRTLE STREET,AVERY AVENUE,True,True,1,477435625,-76.19362982464928,43.04906010339052
CANAL STREET,593.9924589101167,UNIVERSITY AVENUE,NORTH CROUSE AVENUE,True,True,1,477434788,-76.13533728121138,43.051143621276786
HERBST AVENUE,594.0358816627622,TEALL AVENUE,WINTON STREET,True,True,1,477432049,-76.1233769694748,43.05909977700905
HILLSBORO PARKWAY,594.1895199987804,ENFIELD PLACE,HADDON ROAD,True,True,1,477438178,-76.09082248913418,43.0404745301652
ERIE BOULEVARD EAST,594.2090907776616,UNIVERSITY AVENUE,NORTH CROUSE AVENUE;SOUTH CROUSE AVENUE,True,True,1,477435015,-76.13534980469716,43.05069761985134
ASHWORTH PLACE,594.5095224149838,UNIVERSITY AVENUE,WALNUT AVENUE,True,True,1,477435961,-76.13319250805624,43.04770772174629
EAST WATER STREET,594.6272075696033,FORMAN AVENUE,ALMOND STREET,True,True,1,477435146,-76.1410107986323,43.05034662784592
SCHULER STREET,594.6932973991815,WINTON STREET,TEALL AVENUE,True,True,1,477431796,-76.12344219491682,43.05999875174204
WAVERLY AVENUE,594.9783722290734,UNIVERSITY AVENUE,SOUTH CROUSE AVENUE,True,True,1,477438141,-76.13558830938287,43.04052458276708
EAST GENESEE STREET,595.5993082900486,UNIVERSITY AVENUE,WALNUT AVENUE,True,True,1,477436268,-76.13321829588618,43.04690958882233
HAMILTON STREET,595.6158672219659,AVERY AVENUE,MYRTLE STREET,True,True,1,477435954,-76.19293912609278,43.048078666643825
SUMNER AVENUE,595.7434602337557,EUCLID AVENUE,CLARENDON STREET,True,True,1,477439415,-76.12573734952758,43.03729091077446
EAST GENESEE STREET,595.8154752910309,SOUTH CROUSE AVENUE,UNIVERSITY AVENUE,True,True,1,477436281,-76.13544684069745,43.046874872448676
MARSHALL STREET,595.9735388979268,UNIVERSITY AVENUE,SOUTH CROUSE AVENUE,True,True,1,477437829,-76.13555787197971,43.04162561280692
EAST FAYETTE STREET,596.0416280699119,FORMAN AVENUE,ALMOND STREET,True,True,1,477435693,-76.14104932684381,43.04853711614011
SCHUYLER STREET,596.0516582937537,MYRTLE STREET,AVERY AVENUE,True,True,1,477436304,-76.19225630839321,43.04710109308864
EAST WASHINGTON STREET,596.0549829846326,FORMAN AVENUE,ALMOND STREET,True,True,1,477435421,-76.1410233255472,43.04945263259664
WELLINGTON PLACE,596.1848683428473,FORMAN AVENUE,IRVING AVENUE,True,True,1,477435997,-76.13885317824479,43.04762173318938
ROBINSON STREET,596.294422091993,VINE STREET,SEDGWICK STREET,True,True,2,477432350;477432366,-76.12677749884793,43.05804022973058
LIVINGSTON AVENUE,596.5597433496076,EUCLID AVENUE,CLARENDON STREET,True,True,1,477439442,-76.1269959534278,43.037230269487964
COMSTOCK AVENUE,597.017461051779,VINCENT STREET,XAVIER CIRCLE,True,True,1,477443331,-76.12836782698612,43.02068533630669
EAST GENESEE STREET,597.101893456848,FORMAN AVENUE,ALMOND STREET,True,True,2,477436115;477436083,-76.14108311003163,43.047376648662386
EAST WASHINGTON STREET,597.2115730390539,SOUTH CROUSE AVENUE,UNIVERSITY AVENUE,True,True,1,477435453,-76.13537282702494,43.04938912469116
WEST STREET ARTERIAL NORTHBOUND,597.7586829920353,WEST FAYETTE STREET,WEST JEFFERSON STREET,True,True,4,477435880;800037119;477435979;477436173,-76.15842279396435,43.047985084852634
MILTON AVENUE SPUR,597.7916048922572,MILTON AVENUE,DEAD END / SAME-NAME BRANCH,False,True,1,800056628,-76.19238920730517,43.05651920048517
EAST FAYETTE STREET,597.9427726344383,SOUTH CROUSE AVENUE,UNIVERSITY AVENUE,True,True,1,477435702,-76.13540316544201,43.048493322534725
BARRETT STREET,597.9479885923176,DAVIS STREET,SABINE STREET,True,True,1,477438976,-76.16933987745526,43.03856603773773
HAMILTON STREET,597.9978002150519,AVERY AVENUE,WILLIS AVENUE,True,True,1,477435703,-76.19096261311009,43.048840721451434
BANK ALLEY,598.0058352471335,EAST FAYETTE STREET,EAST JEFFERSON STREET,True,True,1,477436204,-76.15148472190073,43.047866146724616
WALRATH ROAD,598.2000176601841,CHURCHILL AVENUE,BALLANTYNE ROAD;SOUTH SALINA STREET,True,True,1,509998057,-76.14104151060319,43.010795985563995
TOMPKINS STREET,598.3831523358334,BURNET PARK DRIVE;MILTON AVENUE,WILLIS AVENUE,True,True,1,477436513,-76.18656880389355,43.04617962403644
ULSTER STREET,598.3883181000577,MILTON AVENUE,WILLIS AVENUE,True,True,1,477436218,-76.18742067657769,43.04740077625778
MILTON AVENUE,598.5890930768257,LEWIS STREET,HERKIMER STREET,True,True,1,477433674,-76.19122477405934,43.054592637121395
KIRK PARK DRIVE,598.6871522876073,WEST BRIGHTON AVENUE,ELMHURST AVENUE,True,True,1,477443302,-76.15442850868145,43.02017435093645
PRIMROSE AVENUE,598.6956613069266,MIDLAND AVENUE,DEAD END / SAME-NAME BRANCH,False,True,1,477443920,-76.14693841012718,43.01482896861408
SCHUYLER STREET,598.8502461308484,AVERY AVENUE,WILLIS AVENUE,True,True,1,477436037,-76.19027346234948,43.04785826184607
ESSEX STREET,598.9920087144466,WILLIS AVENUE,AVERY AVENUE,True,True,1,477433206,-76.19576011641847,43.05564750800946
HERKIMER STREET,599.1930003120059,WILLIS AVENUE,MILTON AVENUE,True,True,1,477741268,-76.19170668315633,43.053484216502476
MARY STREET,599.2005527510145,NEUTRAL COURT,LILAC STREET,True,True,2,800040699;477431113,-76.14986888402782,43.06379364736912
ERIE STREET,599.2662225048741,WILLIS AVENUE,AVERY AVENUE,True,True,1,477434666,-76.19301731305302,43.051761155334894
ERIE STREET,599.395240100888,WILLIS AVENUE,MILTON AVENUE,True,True,1,477434276,-76.19102987720503,43.05252334119332
SOUTH SALINA STREET,599.578997930312,EAST ONONDAGA STREET;HARRISON STREET;WEST ONONDAGA STREET,EAST ADAMS STREET;WEST ADAMS STREET,True,True,1,477437367,-76.15188746290808,43.043557378244515
OLIVE STREET,599.617363979311,ESSEX STREET,CHEMUNG STREET,True,True,1,477432785,-76.19394677410874,43.05727828523551
JAMES STREET,600.1517510609458,SEDGWICK STREET,SEDGWICK DRIVE,True,True,1,477431515,-76.12959932072566,43.061629095827065
CAYUGA STREET,600.2935570904632,AVERY AVENUE,WILLIS AVENUE,True,True,1,477435425,-76.19164133295621,43.049807117144205
SCHUYLER STREET,600.4197294316125,MILTON AVENUE,WILLIS AVENUE,True,True,1,477435785,-76.18828209683701,43.048616522373884
SOUTH SALINA STREET,600.4858294233043,EAST FAYETTE STREET;WEST FAYETTE STREET,EAST JEFFERSON STREET;WEST JEFFERSON STREET,True,True,1,477436196,-76.1522257961162,43.04786862159217
WEST GENESEE STREET,600.5727028067806,MYRTLE STREET,AVERY AVENUE,True,True,1,477435340,-76.19431831180195,43.05002089949823
BELLEVUE AVENUE,600.6005731147615,HUNTINGTON ROAD,WINKWORTH PARKWAY,True,True,1,477441528,-76.19447579811577,43.02884564572213
EVANS STREET,600.8372756852349,MALTBIE STREET,PLUM STREET,True,True,1,477433182,-76.16098215814542,43.055475609061375
HAMILTON STREET,600.9142265970455,WILLIS AVENUE,MILTON AVENUE,True,True,1,477435503,-76.18896635799643,43.049591090451095
EAST COLVIN STREET,601.1762788435922,JAMESVILLE AVENUE,HUGHES PLACE;HUGHES PLACE NORTH,True,True,1,477442202,-76.1345103270026,43.02597313026529
BUCKINGHAM AVENUE,601.4867238129425,LANCASTER AVENUE,DEAD END / SAME-NAME BRANCH,False,True,1,477440506,-76.12200131236332,43.03335492514873
WILLIS AVENUE,601.5189145334389,ESSEX STREET,CHEMUNG STREET,True,True,1,477432955,-76.19528248578371,43.056769938534856
WEST GENESEE STREET,601.6992248124577,WILLIS AVENUE,AVERY AVENUE,True,True,1,477435118,-76.19232383793486,43.05078361002121
OAK STREET,601.7246527115665,LINCOLN PARK DRIVE,JAMES STREET,True,True,1,477432445,-76.1339397510263,43.058506128664064
TEALL AVENUE,602.0131519926882,CANAL STREET,LYNCH STREET,True,True,1,477434953,-76.12175428772908,43.051619586637955
VILLAGE DRIVE,602.3346438035243,LINWILL TERRACE,EDTIM ROAD,True,True,1,477429464,-76.11660297787432,43.07137520173702
CRIPPEN AVENUE,603.0687600373184,DEAD END / SAME-NAME BRANCH,CRIPPEN PLACE,False,True,1,477445567,-76.14477035107132,43.00407129647538
EAST FLORENCE AVENUE,603.1654054904463,SOUTH SALINA STREET,STEVENS AVENUE,True,True,1,477445090,-76.14192042600563,43.00694915153461
GRAY AVENUE,603.2429050654085,TEALL AVENUE,DORCHESTER AVENUE,True,True,2,800079180;477429715,-76.124088295266,43.06938410667141
FOBES AVENUE,603.2983446258239,NORTON AVENUE,COUGHLIN AVENUE,True,True,1,477429245,-76.11151656148824,43.07257026998398
HIAWATHA BOULEVARD EAST,603.4775362715873,SIXTH NORTH STREET,HIAWATHA PLACE,True,True,2,477427686;800036183,-76.15932894519963,43.080417427363656
ALMOND STREET,604.256289243454,HARRISON STREET,EAST ADAMS STREET,True,True,2,477437241;477437407,-76.14251775466131,43.043550215918714
HAROLD STREET,604.3878980291134,GREENLAND DRIVE,WADSWORTH STREET,True,True,1,477428653,-76.1403662010424,43.074903574896254
SLOCUM DRIVE,604.4876740084451,DEAD END / SAME-NAME BRANCH,DEAD END / SAME-NAME BRANCH,False,True,1,477443231,-76.11529580781203,43.02032224940185
WALRATH ROAD,604.5050048452052,CHURCHILL AVENUE,BALLANTYNE ROAD;SOUTH SALINA STREET,True,True,1,477444474,-76.14105746303333,43.010909544235744
PATTISON STREET,604.6364604191167,BOYDEN STREET,HERBST AVENUE;VINE STREET,True,True,2,800048719;477432084,-76.12680295636761,43.059058084908365
FORDHAM ROAD,604.8239034281216,TEALL AVENUE,DORCHESTER AVENUE,True,True,2,800079181;477429323,-76.12421180196294,43.071323121739226
ALLEN STREET,604.8384497878505,LEXINGTON AVENUE,EAST GENESEE STREET,True,True,1,477436584,-76.11696227143338,43.04635411409017
WESTMORELAND AVENUE,604.9092090529844,EAST COLVIN STREET,DEAD END / SAME-NAME BRANCH,False,True,1,477443079,-76.11306154787016,43.021515234967936
BAKER AVENUE,605.740748220537,ELIZABETH STREET,EAST BORDEN AVENUE,True,True,1,477441989,-76.14302433326517,43.027478116961646
OAKWOOD AVENUE,605.846829641352,MARTIN LUTHER KING EAST,EAST RAYNOR AVENUE,True,True,2,477440167;800034377,-76.14532077013097,43.034746895511695
WEST ONONDAGA STREET,606.1147849594089,BRADLEY STREET,SOUTH GEDDES STREET,True,True,1,477440151,-76.17363978013276,43.03399209991402
MARTIN STREET,606.6921926686015,LEMOYNE AVENUE,DEAD END / SAME-NAME BRANCH,False,True,1,477427382,-76.1523517679757,43.081707851365074
LAMSON STREET,607.1403439877085,JAMES STREET,LEPAGE PLACE,True,True,1,477429756,-76.10002840536723,43.06998607538762
MEADOWBROOK DRIVE,607.5001360919308,EUCLID AVENUE,MONTANA STREET,True,True,1,477439891,-76.11066572288509,43.03565498149705
FOREST EDGE DRIVE,607.5831689483952,WILDERNESS WAY,DEAD END / SAME-NAME BRANCH,False,False,2,477442680;477442677,-76.20423352934566,43.02316229477845
WILLIS AVENUE,608.344176198242,HERKIMER STREET,LEWIS STREET,True,True,1,477433900,-76.19314136214196,43.05385514025283
HARBOR STREET,608.4032049618373,WEST FAYETTE STREET,EMERSON AVENUE,True,True,1,477433213,-76.18786349316994,43.05540954200687
CITY CROSSROADS DRIVE,609.1479254444326,PEAT STREET,DEAD END / SAME-NAME BRANCH,False,True,1,477433915,-76.11658093685905,43.05337991262394
LIBERTY STREET,609.2116792923186,WEST GENESEE STREET,PARK AVENUE,True,True,1,477434308,-76.17379228666103,43.052912108768155
WALTER DRIVE,609.5172773817226,LEPAGE PLACE,JAMES STREET,True,False,2,477429548;477429747,-76.098615639793,43.070054108272814
EMERSON AVENUE,609.8260819028603,HERKIMER STREET,KINGSLEY PLACE;LEWIS STREET,True,True,1,477433338,-76.18929944387509,43.055310144612505
AVERY AVENUE,610.032983781927,CHEMUNG STREET,ESSEX STREET,True,True,1,477433207,-76.19727279464823,43.056003117128164
ENGLERT AVENUE,610.1445771231557,COURT STREET,SAINT MARYS TERRACE,True,True,1,477427904,-76.14689261275487,43.079117889581106
GREENWOOD PLACE,610.5660761122373,JUDSON STREET,BRISTOL PLACE,True,True,1,477438059,-76.12282254045846,43.041453808240625
WEST BELDEN AVENUE,610.7820867254936,EUREKA STREET,LIBERTY STREET,True,True,1,477433433,-76.17479730869518,43.05472126485223
BELLEVUE AVENUE,610.9468315007674,BELLEVUE TERRACE,CLAIRMONTE AVENUE,True,True,1,477440427,-76.16824178070043,43.033098623155276
HARRISON STREET,611.2192013287788,SOUTH STATE STREET,SOUTH TOWNSEND STREET,True,True,1,477436937,-76.14638075104025,43.04429110616268
EAST GENESEE STREET,611.3703283258145,FORMAN AVENUE,ALMOND STREET,True,True,2,477436252;477436232,-76.14109466906103,43.04698050251221
BEECHER STREET,611.5290285829682,GRAVES STREET,HIGHLAND STREET,True,True,1,477431690,-76.14037749669183,43.06087908433458
HOLLAND STREET,611.5944054715618,MASSENA STREET,DELAWARE STREET,True,True,1,477439570,-76.16521978180276,43.03662811054019
BASSETT STREET,611.6983873293743,MADISON STREET,HAWTHORNE STREET,True,True,1,477437068,-76.122296130153,43.04466618339951
ASHWORTH PLACE,611.8003271182961,WALNUT AVENUE,PINE STREET,True,True,1,477435966,-76.1309357940725,43.04768813748952
SHARON DRIVE,613.0290620185453,HIGHRIDGE DRIVE,WINKWORTH PARKWAY,True,True,1,477442241,-76.19855405491455,43.02628767551231
LIBERTY STREET,613.5321063010103,EDISON STREET,SPENCER STREET,True,True,3,477433089;477432995;477432827,-76.17363645280416,43.05648111124071
NORTH BEECH STREET,613.532374295211,BURNET AVENUE,CANAL STREET,True,True,3,477434445;477434506;477434829,-76.12757435355887,43.05189213405145
EAST FAYETTE STREET,613.6420514854218,PINE STREET,WALNUT AVENUE,True,True,1,477435725,-76.13092127300358,43.048422128289964
EAST WATER STREET,613.9268934466141,WALNUT AVENUE,PINE STREET,True,True,1,477435200,-76.13088373957599,43.050215102874105
EAST WASHINGTON STREET,614.9377111272657,WALNUT AVENUE,PINE STREET,True,True,1,477435472,-76.1309048361542,43.04932512126017
MINERVA STREET,615.1769130529831,DEAD END / SAME-NAME BRANCH,SOUTH SALINA STREET,False,True,1,477445668,-76.1440248503703,43.002975047471104
RICH STREET,615.5798121018055,STERLING AVENUE,CHENEY STREET,True,True,1,477441195,-76.1611463219806,43.03091312822963
LANCASTER AVENUE,616.3048619394064,BROAD STREET,HERTFORD STREET,True,True,2,477441552;800040265,-76.12222870778938,43.02938609607091
SEDGWICK ROAD,616.7590836301707,DEAD END / SAME-NAME BRANCH,SEDGWICK DRIVE,False,True,1,477429836,-76.13178223402707,43.06871160105033
WESTCOTT STREET,617.1262239602829,KENSINGTON ROAD,JEROME STREET,True,True,1,477440729,-76.11858080185904,43.032739777520014
SOUTH WEST STREET,617.2147494237952,WEST FAYETTE STREET,WEST STREET ARTERIAL SOUTHBOUND,True,True,3,477435608;477435492;477435228,-76.15903482279899,43.049571803804426
BEECHER STREET,617.3441439715629,JASPER STREET,GRAVES STREET,True,True,1,477431479,-76.13846428906375,43.0618146180185
EAST GLEN AVENUE,618.0979096261221,DEAD END / SAME-NAME BRANCH,DEAD END / SAME-NAME BRANCH,False,True,5,508421378;477444732;477444719;800100172;477444701,-76.13474510511509,43.008867326306046
CRESTVIEW DRIVE,618.3101553662643,KRAMER DRIVE,MARIS DRIVE,True,True,1,477446013,-76.15795255045975,43.00036955052519
RICHMOND AVENUE,619.0022607867397,NORTH GEDDES STREET,WALL STREET,True,True,1,477435220,-76.17185510033376,43.05018860349769
ACKERMAN AVENUE,619.2434692893233,CLARENDON STREET,EUCLID AVENUE,True,True,1,477439388,-76.12447240269427,43.037393405224705
ROOSEVELT AVENUE,619.4305934961282,JEROME STREET,KENSINGTON ROAD,True,True,1,477440714,-76.11735426203272,43.03279213542565
PHARIS STREET,619.454741702747,LEWIS STREET,DEAD END / SAME-NAME BRANCH,False,True,1,477433076,-76.19132423834823,43.05641922771706
EAST MATSON AVENUE,619.4775436789536,SOUTH SALINA STREET;WEST MATSON AVENUE,DEAD END / SAME-NAME BRANCH,False,True,1,477444123,-76.14058137889272,43.01342373231511
OAK STREET,619.7121345960709,HAWLEY AVENUE,MANILLA STREET,True,True,1,477433924,-76.13317116092783,43.05400338091329
PARK AVENUE,619.8461462954717,NORTH GEDDES STREET,WALL STREET,True,True,1,477434364,-76.17178478808589,43.05200754647683
CRAWFORD AVENUE,619.9721819254955,BROAD STREET,DEAD END / SAME-NAME BRANCH,False,True,1,477441419,-76.1104942999713,43.03021023261226
MEDORA PLACE,620.6301119587409,VALLEY DRIVE,ONONDAGA CREEK BOULEVARD,True,True,3,477443972;800047587;800047586,-76.15798097621916,43.01464228117467
DOROTHY STREET,620.9668046231809,VINE STREET,WILSON STREET,True,True,1,477431447,-76.12625981216752,43.06203211406529
GRANT BOULEVARD,621.3912140082879,PLEASANTVIEW AVENUE,WOODLAWN TERRACE,True,True,3,800048393;800091064;477429099,-76.13240677122826,43.07260664241648
EAST SENECA TURNPIKE,621.6373278455985,SENECA DRIVE,SOUTH SALINA STREET;WEST SENECA TURNPIKE,True,True,2,800034273;477445916,-76.14155729642987,43.00059256298013
WINDSOR PLACE,622.0956924144875,TERRACE ROAD,BERKELEY DRIVE,True,True,1,477441088,-76.125163701355,43.03139332364906
SOUTH AVENUE,622.2063772950445,FAIRFIELD AVENUE,GLENWOOD AVENUE;VALLEY DRIVE,True,True,1,477443621,-76.16190151605451,43.01777147617
DRISCOLL AVENUE,622.2732477724539,MYRTLE STREET,CHARLES AVENUE,True,False,2,477434046;507665426,-76.19851915252998,43.052487765637935
PALMER AVENUE,622.5507240889503,CHENEY STREET,STERLING AVENUE,True,True,1,477441202,-76.16230328913636,43.03086860486719
COOLIDGE AVENUE,623.3538303010777,STERLING AVENUE,CHENEY STREET,True,True,1,477441215,-76.16345476971546,43.03081854406646
OVERLOOK DRIVE,624.1107674078888,VELASKO ROAD,STOLP AVENUE,True,True,1,800052915,-76.18705706124602,43.0304794784833
WEST ONONDAGA STREET,624.1431609053609,SOUTH GEDDES STREET,ARTHUR STREET,True,True,1,477440181,-76.17593827440245,43.033909116223334
KENWICK DRIVE,624.5076381369237,BENDER STREET,LISTMAN AVENUE,True,True,1,477428668,-76.13526734073902,43.075663134237864
PARK AVENUE,624.7593042047799,MATTY AVENUE,BARKER AVENUE,True,True,2,800048668;477434437,-76.16312276253879,43.05182962409913
MAURICE AVENUE,624.855618855578,VALLEY DRIVE,BARNES AVENUE,True,True,1,477444319,-76.15939624963892,43.01263543542852
REMINGTON AVENUE,624.9392721729959,DEAD END / SAME-NAME BRANCH,DEAD END / SAME-NAME BRANCH,False,True,1,477443856,-76.13126970509822,43.01527527137057
SOMERSET ROAD,625.2597517853317,BROAD STREET,DEAD END / SAME-NAME BRANCH,False,False,1,477441352,-76.10935909099983,43.03023880221534
MONTROSE AVENUE,625.5706698436957,SALISBURY ROAD,KENMORE STREET,True,False,2,800049097;477437685,-76.19655962498948,43.042798972174666
MONTICELLO DRIVE NORTH,626.2357878796796,EAST SENECA TURNPIKE;MONTICELLO DRIVE SOUTH,ORLANDO AVENUE,True,True,1,477445939,-76.13868474496084,43.001171426505465
ONONDAGA AVENUE,626.6261066592307,STERLING AVENUE,CHENEY STREET,True,True,1,477441222,-76.16455132808309,43.03075924730466
COMSTOCK AVENUE,626.7905168487193,EAST COLVIN STREET,DAYBREAK LANE,True,True,2,477442632;477442856,-76.12858404942847,43.02301358577768
GIRARD AVENUE,626.8425189567968,BALLANTYNE ROAD,PACIFIC AVENUE,True,True,1,477444837,-76.15221280873736,43.00923013225982
SALT SPRINGS ROAD,627.9921740930589,SHERBROOKE ROAD,BARRINGTON ROAD,True,True,2,800048968;477436738,-76.08541970454655,43.04549741856232
HILLSIDE STREET,628.5696447464068,DARLINGTON ROAD EAST,DARLINGTON ROAD,True,False,2,477427411;477427578,-76.13767727197056,43.08086159707528
DEPALMA AVENUE,628.585379107135,GRAND AVENUE,DEAD END / SAME-NAME BRANCH,False,True,1,477439385,-76.18214217632016,43.03741305038474
SCHNEIDER STREET,629.4057272135293,BUTTERNUT STREET,SEWARD STREET,True,True,1,477431461,-76.14339021559867,43.06190682163669
EVALEEN AVENUE,629.7748686304215,PACIFIC AVENUE,BALLANTYNE ROAD,True,True,1,477444820,-76.15130832747012,43.00937611014493
WEST GENESEE STREET,630.2007643960916,NORTH WEST STREET,WALLACE STREET,True,True,6,477433863;477433878;477433972;800037284;477434083;800030722,-76.15761178440692,43.053032183173364
EAST FAYETTE STREET,630.5025413105966,WESTMORELAND AVENUE,ALLEN STREET,True,True,3,800037810;800037819;477435797,-76.11593474869717,43.04823360121096
CLOVER RIDGE DRIVE,630.7886395821045,CALEB AVENUE,BURNET AVENUE,True,True,1,477431568,-76.09268008767928,43.06185234332729
WINKWORTH PARKWAY,631.6460331490182,WESTWOOD ROAD,DEAD END / SAME-NAME BRANCH,False,True,1,477442337,-76.1950591972199,43.02517969973268
WINTON STREET,632.2990006690295,HAWLEY AVENUE,BURNET AVENUE,True,True,1,477433660,-76.12335163874928,43.05476484558536
EMPIRE AVENUE,632.486931898617,PACIFIC AVENUE,BALLANTYNE ROAD,True,True,1,477444855,-76.15312826384852,43.00907413102314
LEXINGTON AVENUE,632.49792794331,WESTMORELAND AVENUE,ALLEN STREET,True,True,2,800037812;477436138,-76.11584630311762,43.04720511371644
EAST BRIGHTON AVENUE,632.6881518122178,BALL CIRCLE,AINSLEY DRIVE,True,True,1,477444462,-76.13422766852038,43.01178894284384
EVANS STREET,632.7610554756324,VAN RENSSELAER STREET,DEAD END / SAME-NAME BRANCH,False,True,1,477432990,-76.16476830550978,43.056039986030285
GENANT DRIVE,633.1808183528182,WEST DIVISION STREET,SPENCER STREET,True,True,2,477431898;477431835,-76.15594318539893,43.06032917978946
SALISBURY ROAD,635.1798123294019,MONTROSE AVENUE,ARDMORE ROAD,True,True,1,477437723,-76.19768778986779,43.04188214318304
SHONNARD STREET,636.0939787560465,SLOCUM AVENUE,OSWEGO STREET,True,True,1,477437933,-76.16271677330211,43.041427112950124
WOODRUFF AVENUE,636.7129471856201,SCOVILLE AVENUE,MERTENS AVENUE,True,True,1,477429722,-76.13775134334503,43.070183140916384
KEEN PLACE,636.8350432116556,VALLEY DRIVE,ONONDAGA CREEK BOULEVARD,True,True,1,477443844,-76.15840584016033,43.01545328869989
FITCH STREET,637.2987745882203,CADWELL STREET,SOUTH GEDDES STREET,True,True,2,477439023;477439005,-76.17437757246222,43.03795233279521
CORNELL AVENUE,638.3749864581572,MITCHELL AVENUE,DEAD END / SAME-NAME BRANCH,False,True,1,477444429,-76.16921272881766,43.01182896092771
MEADOWBROOK DRIVE,639.2432312337684,DEAD END / SAME-NAME BRANCH,HURLBURT ROAD,False,True,1,504325290,-76.09972769287594,43.04209533272865
SEYMOUR STREET,639.3510438968561,NIAGARA STREET,WEST STREET ARTERIAL SOUTHBOUND,True,True,1,477437554,-76.1591925003128,43.042493702953635
WEST GENESEE STREET,640.2496404115619,MYRTLE STREET,CHARLES AVENUE;MONTROSE AVENUE,True,False,2,477435433;477435741,-76.19612603020958,43.04898286483795
LODI STREET,640.6747342564138,BURNET AVENUE,CANAL STREET,True,True,3,477434562;477434625;477434821,-76.13161131736902,43.051605108757336
HOLLAND STREET,640.7464499572862,SLOCUM AVENUE,CONGRESS AVENUE,True,True,1,477438684,-76.16126829080788,43.039552143651456
MEADOWBROOK DRIVE,641.2480586884603,BRADFORD PARKWAY,SCOTT AVENUE,True,True,1,477438593,-76.10725397930435,43.0398339406525
ERIE STREET,641.3102290708456,EMERSON AVENUE,MILTON AVENUE,True,True,1,477433994,-76.1889649006915,43.05330026183944
WEST FAYETTE STREET,641.7317744918882,SCHOOL STREET,WILLIAMS STREET,True,True,1,477433729,-76.18567753034984,43.05434062204808
OAK STREET,641.7408663648577,SCOVILLE AVENUE,MERTENS AVENUE,True,True,1,477429706,-76.13654882125255,43.07023610882215
BELLEVUE TERRACE,641.7879890924254,BELLEVUE AVENUE,CLAIRMONTE AVENUE,True,True,1,477440465,-76.16817827419813,43.03293337467025
WESTCOTT STREET,641.9145528817885,CLARENDON STREET,EUCLID AVENUE,True,True,1,477439312,-76.11901280833752,43.03769662048175
KIRK PARK DRIVE,642.0977351061381,WEST NEWELL STREET,RAYMOND AVENUE,True,True,1,477443558,-76.15534018342277,43.01743384619095
MARGUERITE AVENUE,642.443965311946,BISHOP AVENUE,HUNT AVENUE,True,True,1,477443189,-76.15683618008737,43.02001516401364
STADIUM PLACE,644.0726845486665,EAST RAYNOR AVENUE,VAN BUREN STREET,True,True,1,477439617,-76.13941978589932,43.036717628028555
WEST BRIGHTON AVENUE,644.2974949304347,BISHOP AVENUE,HUNT AVENUE,True,True,1,477443340,-76.15675776898124,43.019142124551486
HILLSBORO PARKWAY,644.3474400923659,ENFIELD PLACE,HADDON ROAD,True,True,1,477438229,-76.09083243036227,43.0403809982391
IRVING AVENUE,644.3997639902011,VAN BUREN STREET,EAST RAYNOR AVENUE,True,True,1,477439602,-76.13818871633272,43.036772610143075
WINKWORTH PARKWAY,644.8085116371268,SHARON DRIVE,WESTWOOD ROAD,True,True,1,477442334,-76.19726928488826,43.02535176214802
SMITH LANE,645.5733934217582,RONEY LANE,JAMESVILLE AVENUE,True,True,2,477442955;800032740,-76.13428566936288,43.021479861715626
WEST LAFAYETTE AVENUE,645.678852484874,HUNT AVENUE,BISHOP AVENUE,True,True,1,477443449,-76.15667638464923,43.01829219035965
SOUTH STATE STREET,645.9057718772677,PAVILLION TERRACE,BURT STREET,True,True,2,477439424;513530293,-76.14730349358999,43.037352641086606
GREEN STREET,646.4470084476219,CATHERINE STREET;HAWLEY AVENUE,HOWARD STREET,True,True,1,477433841,-76.14102058354335,43.0537936268982
HELEN STREET,646.7461300291309,SCOVILLE AVENUE,MERTENS AVENUE,True,True,1,477429694,-76.13543976753972,43.070289126553924
TURTLE STREET,646.8062902783597,WILLUMAE DRIVE,SEVENTH NORTH STREET,True,True,1,477428085,-76.15286617905691,43.07833276027812
HIAWATHA BOULEVARD EAST,646.9408217478808,SEVENTH NORTH STREET,SIXTH NORTH STREET,True,False,3,800036177;477427426;800036180,-76.15817125210997,43.08197975623987
WEST BISSELL STREET,647.2838694320848,ONONDAGA AVENUE,EAST BISSELL STREET;SOUTH AVENUE,True,True,1,477442287,-76.15985199797791,43.025778053311434
TALLMAN STREET,647.706436128204,ONEIDA STREET,J STANLEY COYNE CIRCLE,True,True,6,477439443;800051060;477439462;800051061;800040240;477439474,-76.15408307558103,43.03640135409541
CHERRY STREET,647.8678967220503,MADISON STREET,SOUTH BEECH STREET,True,True,1,477437132,-76.12356588376005,43.04454425251702
RIDGEWOOD DRIVE,647.9431499269981,DEAD END / SAME-NAME BRANCH,NORTHCLIFFE ROAD,False,True,2,477429948;477430064,-76.09399272179283,43.068393020389394
HAZELHURST AVENUE,648.1069848834114,NORTON AVENUE,ARNETT AVENUE,True,True,1,477429589,-76.11275962442912,43.070789929868944
WAINWRIGHT AVENUE,648.4339277922334,ARGYLE AVENUE,BRONX AVENUE,True,True,1,477428938,-76.13332483303293,43.074354624959035
MEADOWBROOK DRIVE,648.5720680390054,DEAD END / SAME-NAME BRANCH,HURLBURT ROAD,False,True,2,504325292;800039147,-76.09967847791577,43.04195671302794
MARIPOSA STREET,648.6233773839389,TEALL AVENUE,HIXSON AVENUE,True,True,1,477431362,-76.12125718090117,43.06201077697445
HENRY STREET,649.2060871699712,VAN BUREN STREET,EAST RAYNOR AVENUE,True,True,1,477439634,-76.14065577742481,43.03666461258068
DIANA AVENUE,649.5898744207823,THAYER STREET,JEAN AVENUE,True,True,1,477444096,-76.12846126137956,43.01457359920591
JAMES STREET,649.792653935066,MILFORD DRIVE EAST,WALTER DRIVE,True,False,3,477429723;477429732;477429746,-76.09734985626991,43.06927855976151
NORTH CLINTON STREET,649.9811979687784,SPENCER STREET,WEST KIRKPATRICK STREET,True,True,1,477431658,-76.15824222664229,43.061424386501365
PLEASANTVIEW AVENUE,650.348740955494,BRONX AVENUE,ARGYLE AVENUE,True,True,1,477428957,-76.13415777517143,43.07431512519189
LINDEN STREET,650.6494437675592,DEAD END / SAME-NAME BRANCH,NEW STREET,False,True,2,477437877;477438127,-76.14963507517722,43.041415838513934
WINKWORTH PARKWAY,651.669638234317,WESTWOOD ROAD,DEAD END / SAME-NAME BRANCH,False,True,1,477442367,-76.19499658013908,43.02505749770137
MARLBOROUGH ROAD,651.8675861301726,BEACON ROAD,NORTON AVENUE,True,True,1,477429249,-76.11221875935401,43.07261059739433
CRAWFORD AVENUE,652.1666731327593,MEADOWBROOK DRIVE,MINEOLA DRIVE,True,True,1,477439394,-76.10842637260029,43.037384736240995
MARLBOROUGH ROAD,652.4799013318319,ARNETT AVENUE,NORTON AVENUE,True,True,1,477429578,-76.11205976597839,43.070824632492325
ELDORADO STREET,653.1807274399149,HIXSON AVENUE,TEALL AVENUE,True,True,1,477430987,-76.12135782279137,43.06355066291188
MOONEY AVENUE,653.4056934364398,HIXSON AVENUE,TEALL AVENUE,True,True,1,477431192,-76.12130581645695,43.06278616373983
HURON STREET,653.6002292545497,BELLEVUE AVENUE,HOVEY STREET,True,True,1,477440765,-76.15638272850765,43.03269118347352
IRVING AVENUE,653.7778662203688,UNIVERSITY PLACE,VAN BUREN STREET,True,True,1,477439079,-76.13817671674177,43.03854767970349
WAINWRIGHT AVENUE,654.7794662660658,RIVOLI AVENUE,ACADIA AVENUE,True,True,1,477428190,-76.13362230526519,43.07798765680865
SPRINGFIELD ROAD,654.8594554589122,FAYETTE BOULEVARD,SALT SPRINGS ROAD,True,True,1,477435921,-76.09318746706174,43.04849222096865
SOUTH SALINA STREET,654.9112088526814,BURT STREET,TALLMAN STREET,True,True,2,477439020;477439482,-76.14970486740181,43.03723311541638
SOUTH MIDLER AVENUE,655.2510578197346,CANAL STREET;SIMON DRIVE,ERIE BOULEVARD EAST,True,True,4,477433141;477433160;477433176;477433552,-76.10395343444729,43.05471622490875
DEWITT STREET,655.7144300209261,MERTENS AVENUE,SCOVILLE AVENUE,True,True,1,477429674,-76.13433435416376,43.07034084646499
GORLAND AVENUE,656.9163989360693,GAIS DRIVE,SALT SPRINGS ROAD,True,True,1,477436760,-76.10131630933085,43.04569710021887
MARKLAND AVENUE,656.9217710779247,STOLP AVENUE,GRANT AVENUE,True,True,1,477441224,-76.17954429598605,43.03081911466481
BURNS AVENUE,657.0639627993538,CALEB AVENUE,GLENCOVE ROAD,True,True,1,477431143,-76.09159230206022,43.06388459012459
NORTH GLENCOVE ROAD,658.2735264912494,SOUTH GLENCOVE ROAD,CULVER DRIVE,True,True,1,477430692,-76.09571278449553,43.06493899952654
ALEXANDER AVENUE,658.2821061890995,CORTLAND AVENUE,MARTIN LUTHER KING WEST,True,True,1,600008946,-76.15116672130407,43.03336301727659
WEST DIVISION STREET,658.4310007362035,NORTH CLINTON STREET,SOLAR STREET,True,True,1,477432179,-76.15787820039799,43.05901879678158
WALL STREET,658.670484165219,DEAD END / SAME-NAME BRANCH,RICHMOND AVENUE,False,True,1,477435729,-76.17305426940682,43.04931936582361
LINCOLN AVENUE,659.384799714907,TALLMAN STREET,CLOVER STREET,True,True,1,477439999,-76.15703682295607,43.03539160714865
PLEASANTVIEW AVENUE,659.8556634828743,RIVOLI AVENUE,ACADIA AVENUE,True,True,1,477428204,-76.134464849105,43.07794661899591
PARK AVENUE,660.1010428728396,SACKETT STREET,LIBERTY STREET,True,True,1,477434309,-76.17506258765816,43.052137339062035
SPENCER STREET,660.6463986422815,NORTH CLINTON STREET,SOLAR STREET,True,True,1,477431882,-76.1586845366725,43.060133326531144
TAFT AVENUE,661.3614201724226,BEACON ROAD;EAST DALE STREET,GRANVILLE STREET,True,True,2,477428873;477428759,-76.11487741840344,43.074659002599645
TOMPKINS STREET,662.1206470730133,EMERSON AVENUE,BURNET PARK DRIVE;MILTON AVENUE,True,True,1,477436358,-76.1844732912801,43.046973142421265
HIGHLAND AVENUE,662.6537927655025,OAK STREET,GRAVES STREET,True,True,1,477431842,-76.13691779628277,43.06026563196221
EAST BRIGHTON AVENUE,662.8941414609949,INTREPID LANE,DEAD END / SAME-NAME BRANCH,False,True,2,477445620;477445423,-76.13056874922776,43.0041850300956
WESTMORELAND AVENUE,663.1777708540577,EAST COLVIN STREET,LEWISTON DRIVE,True,True,1,477442819,-76.11322126457137,43.02324918384819
SOUTH ORCHARD ROAD,663.4324328708251,WESTVALE ROAD,SALISBURY ROAD,True,True,1,477437786,-76.20405896588943,43.04255476306967
LAMBRETH LANE,664.21518245162,DEAD END / SAME-NAME BRANCH,SKYTOP ROAD;WINDING RIDGE ROAD,False,True,1,477443909,-76.11790697469297,43.015513764586736
DAVIS STREET,665.1180665559594,BARRETT STREET,MASSENA STREET,True,True,1,510577017,-76.16856379129007,43.03928573795931
WALL STREET,665.2478168380378,PARK AVENUE,RICHMOND AVENUE,True,True,2,800049154;477435195,-76.17297577392594,43.05113506716291
TEALL AVENUE,665.5581154909474,BURNET AVENUE,CANAL STREET,True,True,7,477433554;477433701;477433785;477433853;477433974;477434052;477434129,-76.12187556689476,43.05335661126371
SOUTH MIDLER AVENUE,665.7789938268568,SUNNYCREST ROAD,CALEB AVENUE,True,True,1,477431773,-76.10440928200879,43.06098810153802
BURNET AVENUE,666.0303330370273,LODI STREET,ELM STREET,True,True,1,477434321,-76.1313279573186,43.052096123397526
NORWOOD AVENUE,667.0823347782081,TYSON PLACE,LILLIAN AVENUE,True,True,1,477429666,-76.10980222928299,43.06985866931071
SALT SPRINGS ROAD,667.128326414566,CARLTON DRIVE,ALBERT ROAD,True,True,3,477436012;477435993;800029795,-76.09036911852658,43.04761576407995
BASIN STREET,668.0747451576987,KIRKPATRICK STREET,DANFORTH STREET;SUNSET AVENUE,True,True,1,507665389,-76.15840913110625,43.06383450899385
MERRIMAN AVENUE,668.5023029833114,BARRETT STREET,MASSENA STREET,True,True,1,477438266,-76.16864029045813,43.04018762588882
BUNGALOW TERRACE,669.1111851081046,BELLEVUE AVENUE,VIEAU DRIVE,True,True,1,477441055,-76.18524913061164,43.03156864094333
KAPPESSER STREET,669.629959553979,WILLISTON AVENUE,GRIFFITHS STREET,True,True,1,477429804,-76.14439926518405,43.06966912474915
WEST SENECA TURNPIKE,669.891301169828,MILBURN DRIVE,VALLEY DRIVE,True,True,1,477445786,-76.15192179457821,43.001898122015696
SCHUYLER STREET,670.0121900966964,EMERSON AVENUE,MILTON AVENUE,True,True,1,477435542,-76.18616508181636,43.04940868923392
HARRINGTON ROAD,670.422840476031,MEADOWBROOK DRIVE,ROCKFORD DRIVE,True,True,1,477438398,-76.1019393536051,43.04055346678256
PLEASANTVIEW AVENUE,670.6698979279661,ACADIA AVENUE,ARGYLE AVENUE,True,True,1,477428587,-76.134316310713,43.07612411436617
WEST DIVISION STREET,671.1334499349637,SOLAR STREET,DEAD END / SAME-NAME BRANCH,False,True,2,477432428;800049085,-76.16000505884529,43.05813945567622
MCDONALD ROAD,671.350156181923,ROSEMARY LANE,REINMAN ROAD,True,False,2,477443455;477443392,-76.17770219848128,43.018602470640886
HAMILTON STREET,671.5348096023158,EMERSON AVENUE,MILTON AVENUE,True,True,1,477435268,-76.18684488276192,43.05038350015172
HILLSBORO PARKWAY,671.6814895734173,HADDON ROAD,HILLSBORO PLACE,True,True,1,477438220,-76.0875198706242,43.0405142963642
KIMBER AVENUE,671.8105262875661,SMITH ROAD,AMES AVENUE,True,True,1,477445594,-76.15642474755751,43.003632984735916
MERRIMAN AVENUE,672.0220738380234,SOUTH GEDDES STREET,BARRETT STREET,True,True,1,477438279,-76.17114295189344,43.040070590653116
ERIE BOULEVARD EAST,672.0235649623713,IVES AVENUE,LOMBARD AVENUE,True,True,1,477435238,-76.11723884068431,43.05039312682259
DUNDEE DRIVE,673.4752320793211,GLENWOOD AVENUE,ETHEL STREET,True,True,1,477442048,-76.18670124863172,43.0273261210863
KIDD AVENUE,673.6594198936162,DEAD END / SAME-NAME BRANCH,PEAT STREET,False,True,1,600008905,-76.11642138018574,43.051769551250736
SOLAR STREET,673.6977758090111,WEST DIVISION STREET,DUPLI PARK DRIVE,True,True,1,600009000,-76.1583599745849,43.057751613727646
HARDING STREET,673.8657065734864,HILLSIDE STREET,HUNTLEY STREET,True,True,1,477428012,-76.13898274594278,43.07852952987704
DOUGLAS STREET,673.962466797778,HIGHLAND STREET,GRAVES STREET,True,True,1,477431857,-76.13986575470172,43.06021361175918
BURNS AVENUE,674.1656326495548,CALEB AVENUE,BURNET AVENUE,True,True,1,477431520,-76.09145500976572,43.062060791623715
SUNRISE DRIVE,674.5181923772504,WINDEMERE ROAD,LYNN CIRCLE,True,True,1,477446762,-76.13740686301621,42.99278848454919
WAINWRIGHT AVENUE,674.5632227074494,ACADIA AVENUE,ARGYLE AVENUE,True,True,1,477428580,-76.13347633746503,43.07616665649867
HIGHLAND AVENUE,674.7018299605633,HIGHLAND STREET,GRAVES STREET,True,True,1,477432129,-76.13900201148711,43.05924978970817
UPLAND ROAD,675.2976149023516,BELLEVUE AVENUE,VIEAU DRIVE,True,True,1,477441048,-76.18402781729475,43.03160261450449
FILLMORE AVENUE,675.5450552233107,SOUTH SALINA STREET,CHURCHILL AVENUE,True,True,3,800034244;800034255;477444650,-76.14110228833638,43.009815117108246
WENDELL TERRACE,675.8435668564049,SCOVILLE AVENUE,MERTENS AVENUE,True,True,1,477429632,-76.12988479982761,43.070522590020076
CARLTON DRIVE,675.9972544156145,DOLL PARKWAY,DEMONG DRIVE,True,True,1,504325279,-76.08915466914267,43.045560552265144
WEST FAYETTE STREET,676.8334880081902,SCHOOL STREET,WEST GENESEE STREET,True,True,1,477434289,-76.18422165626424,43.052879914283395
SKYTOP ROAD,677.9207471101724,DEAD END / SAME-NAME BRANCH,DEAD END / SAME-NAME BRANCH,False,True,3,477453875;477443260;477443367,-76.1235534290756,43.01980508395956
BLAINE STREET,677.9280427893899,CORTLAND AVENUE,MIDLAND AVENUE,True,True,1,477440446,-76.15360169814987,43.033229704500876
OAK STREET,678.5102904323957,HIGHLAND AVENUE,JAMES STREET,True,True,1,477432013,-76.13524780095145,43.059975368540925
PARK STREET,680.2479632752384,HIGHLAND STREET,BUTTERNUT STREET,True,True,1,477431164,-76.14274999972187,43.062940134438946
MARTIN LUTHER KING WEST,680.3923848151879,ALEXANDER AVENUE,CORTLAND AVENUE,True,True,1,477440700,-76.15186985179649,43.03228062367329
WOLCOTT AVENUE,680.6651580874691,VIEAU DRIVE,BELLEVUE AVENUE,True,True,1,477441035,-76.18295197574687,43.031633797845174
HILLSBORO PARKWAY,680.7316091983687,HILLSBORO PLACE,HADDON ROAD,True,True,1,477438161,-76.08748474672618,43.04061742296461
EAST GENESEE STREET,680.7403121562394,HODES WAY,DEWITT ROAD,True,True,2,477439393;477439137,-76.07698948808091,43.03746925587822
ERICKSON STREET,680.7654580386869,SUNNYCREST ROAD,SOUTH GLENCOVE ROAD,True,True,1,477431284,-76.09622288258927,43.06322702953544
MELBOURNE AVENUE,681.635716021428,SALT SPRINGS ROAD,FAYETTE BOULEVARD,True,True,1,477436063,-76.0962947273173,43.048362121539434
WEST ONONDAGA STREET,681.6381390564393,DUDLEY STREET,BRADLEY STREET,True,True,1,477440126,-76.17123380550754,43.03407811889193
SOUTH ORCHARD ROAD,682.0327424389053,DEAD END / SAME-NAME BRANCH,WEST HIGH TERRACE,False,False,1,477438388,-76.2039117083778,43.040613779271176
SAFETY LANE,682.1863346240273,LARNED STREET,ONEIDA STREET,True,True,1,509997003,-76.15463460430715,43.041479785814296
PLYMOUTH DRIVE,682.2371311205196,SUNNYCREST ROAD,CRESLINE DRIVE;SOUTH GLENCOVE ROAD,True,True,1,477431309,-76.09850549783343,43.06313111697938
LUDDINGTON STREET,682.2391949500422,SOUTH GLENCOVE ROAD,SUNNYCREST ROAD,True,True,1,477431298,-76.09730461169326,43.06318256522099
SALT SPRINGS ROAD,683.3050610422808,SALISBURY PARK DRIVE,BALL AVENUE,True,True,2,800029905;477436289,-76.0986881970702,43.04702257412127
DELRAY AVENUE,683.6964096836491,SALISBURY PARK DRIVE,BALL AVENUE,True,True,1,477435290,-76.09898346687702,43.049967005546506
ERIE BOULEVARD EAST,683.9167719802678,BRUCE STREET,PEAT STREET,True,True,2,477434431;477434678,-76.11390841294919,43.05169082294023
FAYETTE BOULEVARD,684.0775689731781,BALL AVENUE,SALISBURY PARK DRIVE,True,True,1,477435519,-76.09892027934092,43.049169620455714
EAST ONONDAGA STREET,684.953336871098,MONTGOMERY STREET,SOUTH WARREN STREET,True,True,1,477436543,-76.1498420235955,43.04619624100014
MOUNTAINVIEW AVENUE,684.9601380788192,BALL AVENUE,SALISBURY PARK DRIVE,True,True,1,477435010,-76.09905088945061,43.050767531597856
WEST NEWELL STREET,685.0062405532473,MIDLAND AVENUE,CANNON STREET,True,True,1,477443568,-76.14701836166294,43.01749965509552
MARTIN LUTHER KING WEST,685.0081214429491,BALLARD AVENUE,MIDLAND AVENUE,True,True,1,477440924,-76.155194828146,43.03143818002548
HARWOOD AVENUE,685.1371166941291,BALL AVENUE,SALISBURY PARK DRIVE,True,True,1,477435752,-76.09884329236525,43.048375137320946
ROCKLAND AVENUE,685.6163260430875,EAST BISSELL STREET,SOUTH AVENUE,True,True,1,477442518,-76.15800928345627,43.02400563555079
BURT STREET,686.0650959445403,ALMOND STREET;VAN BUREN STREET,EAST TAYLOR STREET;GAGE COURT,True,True,2,477438820;477438817,-76.14130590183072,43.03884761358842
EAST AVENUE,686.1290348091053,BROOKFORD ROAD;EAST GENESEE STREET,BLOSSOM ROAD,True,True,1,477437536,-76.1056676979916,43.04338963452875
MILNOR AVENUE,686.875450870819,BALL AVENUE,SALISBURY PARK DRIVE,True,True,1,477436019,-76.09877731475676,43.04758860729916
VAN RENSSELAER STREET,686.9816798076741,SPENCER STREET,WEST KIRKPATRICK STREET,True,True,1,477432659,-76.16589010461959,43.057810057462746
SLAYTON AVENUE,688.7259810574377,BALLANTYNE ROAD,DAWES AVENUE,True,True,1,477444806,-76.14631404539847,43.00957458961815
SOLAR STREET,688.8400858219208,SPENCER STREET,WEST COURT STREET;WEST KIRKPATRICK STREET,True,True,1,477431884,-76.1603991673303,43.0604083557283
SUNNYSIDE PARK ROAD,689.3758468118904,EAST GENESEE STREET,DEAD END / SAME-NAME BRANCH,False,True,1,477437347,-76.09318608991329,43.0438400859524
ABERDEEN TERRACE,689.5809546550228,SUNNYCREST ROAD,SOUTH GLENCOVE ROAD,True,True,1,477431276,-76.09514226335719,43.06327413270863
SKYTOP ROAD,689.7527060032439,DEAD END / SAME-NAME BRANCH,DEAD END / SAME-NAME BRANCH,False,True,3,477453873;477443275;477443369,-76.12369188808555,43.019784240750866
SOUTH AVENUE,690.0603830730529,MARTIN LUTHER KING WEST,CRESCENT AVENUE,True,True,1,477441526,-76.15829214961008,43.029559984374764
EAST WILLOW STREET,690.1133532989122,HIGHLAND STREET,LODI STREET,True,True,1,477432672,-76.14042910471593,43.057462247388514
STAFFORD AVENUE,690.4338532969333,CALEB AVENUE,BURNET AVENUE,True,True,1,477432671,-76.11178228371253,43.057885119924585
KENSINGTON PLACE,690.4369776376362,ANDOVER ROAD,MEADOWBROOK DRIVE,True,True,1,477442135,-76.11947032060259,43.02696210765196
SWANSEA DRIVE,690.7875310243182,GRANT BOULEVARD,LEA LANE,True,True,1,511163850,-76.12004352659022,43.071933022004835
HARRISON STREET,691.201049140056,ALMOND STREET,SOUTH TOWNSEND STREET,True,True,4,477436882;477741240;800032456;477741242,-76.1438131762408,43.04431482651816
REINMAN ROAD,692.1827337191644,DEAD END / SAME-NAME BRANCH,MCDONALD ROAD,False,False,3,800048764;477443501;800048753,-76.17585467286449,43.01831331619481
DORWIN AVENUE,692.6622782756266,BROOKSIDE DRIVE,IDA AVENUE,True,True,1,477447316,-76.1482472963466,42.98520160329502
WADSWORTH STREET,692.9611305196969,GRANT BOULEVARD,PERSHING AVENUE,True,True,1,477429156,-76.13909756834346,43.07323527962325
VANN STREET,692.9983300336614,TEALL AVENUE,GREENWAY AVENUE,True,True,1,477432844,-76.12077630888203,43.05638113813916
ACADEMY GREEN,694.1488485979365,WEST SENECA TURNPIKE,ACADEMY STREET,True,True,1,477446021,-76.15040541042731,43.00072864935334
MURRAY AVENUE,694.7859719390983,GRANT BOULEVARD,BURDICK AVENUE,True,True,1,477428432,-76.15658231750741,43.07665510337998
ARNTS PLACE,695.2747172541724,GRANT BOULEVARD,BURDICK AVENUE,True,True,1,477428547,-76.15563835473444,43.076278430868086
HAWLEY AVENUE,695.500519743958,TEALL AVENUE,GREENWAY AVENUE,True,True,1,477433096,-76.12073280581701,43.055664640735024
WORDEN AVENUE,695.7629186205907,GRANT BOULEVARD,PERSHING AVENUE,True,True,1,477429169,-76.14017222315078,43.073181308246724
VANN STREET,696.0837057688059,GREENWAY AVENUE,DILLAYE AVENUE,True,True,1,477432817,-76.11818377395716,43.05646717275098
WEBSTER AVENUE,696.4959677256024,WEST BRIGHTON AVENUE,WARNER AVENUE,True,True,1,477443123,-76.14500080567413,43.0214424356468
COLERIDGE AVENUE,697.1366791806246,SOUTH LOWELL AVENUE,SOUTH WILBUR AVENUE,True,True,1,477436593,-76.1786144368523,43.04565954306661
NORTH EDWARDS AVENUE,697.3932654729085,JAMES STREET,TYSON PLACE,True,True,1,477429807,-76.10650897583484,43.06980347332023
ORLANDO AVENUE,698.3811386375297,SOUTH SALINA STREET,SENECA DRIVE,True,True,1,477445782,-76.14148478401194,43.001820504170134
LYDELL STREET,699.3437400020354,WEST ONONDAGA STREET,ROWLAND STREET,True,True,1,477440193,-76.17836825196275,43.03478312399482
VALLEY DRIVE,699.5153923158355,BROOKLEA DRIVE,CRAFTON AVENUE,True,True,1,477446748,-76.15243731184779,42.99287810540056
CRAWFORD AVENUE,699.7946181446949,WEST SCOTT AVENUE,SUNNYSIDE ROAD,True,True,1,477438471,-76.11021834875416,43.0403105136598
CARLTON ROAD,699.8308839231,CALVIN ROAD,DEAD END / SAME-NAME BRANCH,False,True,1,477442764,-76.17652315226043,43.02346011396548
SOUTH ALVORD STREET,700.508418702838,BUTTERNUT STREET,ASH STREET,True,True,2,477431426;800038595,-76.14604852727396,43.06214330024308
NORTH MIDLER AVENUE,700.6256041550309,JAMES STREET;SOUTH MIDLER AVENUE,TYSON PLACE,True,True,1,477429799,-76.10540126910306,43.06985876534084
MILES AVENUE,700.7078441412227,LENNOX AVENUE,JEROME STREET,True,True,1,477440223,-76.11627677933313,43.03465559296061
RIGI AVENUE,701.3925817307219,TYSON PLACE,JAMES STREET,True,True,1,477429794,-76.1041636764101,43.069923139198366
BRADFORD PARKWAY,701.6266273228352,STANDISH DRIVE,HATHERLY ROAD,True,True,1,477438955,-76.10499049503838,43.03883744211226
WESTCOTT STREET,701.8298073986848,LENNOX AVENUE,JEROME STREET,True,True,1,477440264,-76.11874576187121,43.03454562026252
ROOSEVELT AVENUE,701.9824302677497,LENNOX AVENUE,JEROME STREET,True,True,1,477440239,-76.11751776050431,43.03460136159865
NORTH COLLINGWOOD AVENUE,702.6795018386703,JAMES STREET,TYSON PLACE,True,True,1,477429813,-76.10751680246727,43.06975812370999
LANCASTER AVENUE,703.1968985671307,KENSINGTON ROAD,BROAD STREET,True,True,1,477441172,-76.12265813026228,43.031177019305815
BUCKINGHAM AVENUE,703.3264967110364,BROAD STREET,KENSINGTON ROAD,True,True,1,477441160,-76.12126368266236,43.03125083709709
JOSEPHINE STREET,703.8407633293085,ASH STREET,BUTTERNUT STREET,True,True,1,477431684,-76.14698405911655,43.060900402766514
ASHDALE AVENUE,704.0087128514879,JAMES STREET,TYSON PLACE,True,True,1,477429825,-76.1085209418698,43.069714583933276
PLYMOUTH DRIVE,704.7917366773959,JAMES STREET,NORTHCLIFFE ROAD,True,True,1,477430138,-76.10000630060514,43.06818312987415
SUNRISE DRIVE,704.8342217314046,THURLOW DRIVE,NORTH CHELTENHAM ROAD,True,True,1,477446493,-76.13779496338542,42.99531403732004
ACKERMAN AVENUE,705.5106901251802,KENSINGTON ROAD;TERRACE ROAD,BROAD STREET,True,True,1,477441184,-76.12389155605021,43.031117702458005
PETERS STREET,706.0793760768344,ASH STREET,BUTTERNUT STREET,True,True,1,477431541,-76.14651497982594,43.061526772332776
OSTRAM AVENUE,707.888593067199,EUCLID AVENUE,DEAD END / SAME-NAME BRANCH,False,True,1,477440029,-76.12884633582877,43.03536026662822
JENSEN AVENUE,708.1264333860946,HIGHPOINT STREET,DEAD END / SAME-NAME BRANCH,False,True,1,800097682,-76.17608790401408,43.04172025975776
EAST COLVIN STREET,708.1266568958048,COMSTOCK AVENUE,MANLEY FIELD HOUSE,True,True,2,477442592;600035960,-76.12753707204463,43.02336293903924
MARCELLUS STREET,708.8107035417912,ONTARIO STREET,SOUTH GEDDES STREET,True,True,2,800032569;477436779,-76.16975974212748,43.04504570430891
DORCHESTER AVENUE,709.5409449954261,GRAY AVENUE,FORDHAM ROAD,True,True,1,477429716,-76.12527882208457,43.070307108050045
MILFORD DRIVE WEST,709.8010883992921,JAMES STREET,NORTHCLIFFE ROAD,True,True,1,477430126,-76.09883006464361,43.06823080913725
LYNWOOD AVENUE,709.9914608752176,TYSON PLACE,JAMES STREET,True,True,1,477429770,-76.10152780497536,43.070055148129605
EAST GENESEE STREET,710.0319958701681,TERRACE DRIVE,HODES WAY,True,False,2,477439472;800034350,-76.07466686548857,43.03664076097178
CARBON STREET,710.1280037458339,OBERST STREET,JOHN STREET,True,True,1,477430781,-76.14519129993566,43.064797629539385
ONONDAGA CREEK BOULEVARD,711.665512300451,MEDORA PLACE,FORD AVENUE,True,True,1,477444115,-76.15596679287627,43.014191522340056
AVON ROAD,712.1795404105394,MOSLEY DRIVE,NICHOLS AVENUE,True,True,1,477430992,-76.10211779794966,43.06352962458617
KELLOGG STREET,712.6355185452968,MASSENA STREET,DELAWARE STREET,True,True,1,477439427,-76.16622167999853,43.03717091417067
BELLEVUE AVENUE,713.4057485358966,ARCHER ROAD,GLENWOOD AVENUE,True,True,1,477441427,-76.19164347290975,43.02967979768104
WEST SENECA TURNPIKE,713.5272097004673,MIDLAND AVENUE,ACADEMY GREEN,True,True,4,477445842;800039761;800039760;477445815,-76.14819364690518,43.00140027797889
HODES WAY,713.6241594871764,EAST GENESEE STREET,DEAD END / SAME-NAME BRANCH,False,True,2,800034349;800034357,-76.07531632214166,43.03783949851752
ALTON STREET,713.6756145639418,ROCKWOOD PLACE,WESTWOOD ROAD,True,True,1,477442710,-76.19699965695764,43.02321870052236
WHEATON ROAD,714.0692759635511,FORDHAM ROAD,GRAY AVENUE,True,True,3,477429728;800039446;800039447,-76.12627080928982,43.070272895724116
SOUTH GEDDES STREET,714.5826077877651,CARLTON ROAD,ARDEN DRIVE,True,True,1,477443263,-76.17416136739496,43.02054577859658
FURMAN STREET,714.6088772680688,BALLARD AVENUE;CORTLAND AVENUE,MIDLAND AVENUE,True,True,1,477441218,-76.15466218333607,43.030206721946286
PARK STREET,714.8680215719816,OBERST STREET,JOHN STREET,True,True,3,800038602;477431071;800038596,-76.14604298207293,43.06367968156093
WILMORE PLACE,715.4096288733489,DARLINGTON ROAD,DARLINGTON ROAD EAST,True,False,3,477427462;800049091;477427303,-76.13841152439991,43.081522622359074
BURNS AVENUE,716.2969212025486,EAST JAMES STREET,NORTHCLIFFE ROAD,True,False,2,477429938;477430176,-76.0919183793563,43.068026946454545
FOURTH NORTH STREET,717.0947974162535,DEAD END / SAME-NAME BRANCH,HIAWATHA BOULEVARD EAST,False,True,2,477427803;477427867,-76.16171552075033,43.07925476227641
HARFORD ROAD,717.370836680478,CADILLAC STREET,DEAD END / SAME-NAME BRANCH,False,True,1,477427078,-76.14613552715274,43.083723881427865
THURBER STREET,717.4293631585782,COMSTOCK AVENUE,JAMESVILLE AVENUE,True,True,1,477443345,-76.12956907066842,43.01911480262755
FENTON STREET,717.5136205677215,CADWELL STREET,DELAWARE STREET,True,True,3,800034100;800034098;477438762,-76.17436861416796,43.03891033004101
EDISON STREET,718.4657287052639,NORTH GEDDES STREET,SAND STREET,True,True,1,477433138,-76.16911866726751,43.05554883774165
BOSTON STREET,719.2452475919738,CALEB AVENUE,BURNET AVENUE,True,True,1,477431489,-76.09024182303253,43.06227172287154
WINTHROP ROAD,719.6645709912182,CULVER DRIVE,PLYMOUTH DRIVE,True,True,1,477430506,-76.09845282743214,43.065658083184594
TEX SIMONE DRIVE,720.0300814072979,NBT BANK PARKWAY,FIRST NORTH STREET;HIAWATHA BOULEVARD EAST,True,True,1,477428571,-76.1641965075493,43.07581985725493
EAST COLVIN STREET,720.330259391287,SLOCUM DRIVE,BUCKINGHAM AVENUE,True,True,1,477442888,-76.11896333967432,43.02204398417478
WEST CORNING AVENUE,720.3623652160567,MIDLAND AVENUE,CANNON STREET,True,True,1,477443453,-76.14723935319485,43.01829394974314
ERIE BOULEVARD EAST,721.1893426821057,BRUCE STREET,PEAT STREET;WESTMORELAND AVENUE,True,True,1,477434833,-76.11377899069447,43.05141581028293
SHUART AVENUE,721.295535800251,TEALL AVENUE,WILSON STREET,True,True,2,477431364;800033907,-76.12368712326308,43.062508551676714
HOVEY STREET,721.7185632995935,MIDLAND AVENUE,HURON STREET,True,True,1,477440764,-76.15549836259997,43.032406176620064
STRATHMORE DRIVE,722.5013146385163,STINARD AVENUE,TWIN HILLS DRIVE,True,True,1,477443024,-76.17186786684888,43.021864654391706
BURDICK AVENUE,722.8629928777546,TURTLE STREET,COURT STREET,True,True,1,477428476,-76.15285244593812,43.07633356511281
HURLBURT ROAD,722.8667376729273,MEADOWBROOK DRIVE,ROCKFORD DRIVE,True,True,1,477438389,-76.10067185008711,43.04066860990895
WESTMORELAND AVENUE,722.9083717382238,EAST GENESEE STREET,LEXINGTON AVENUE,True,True,1,477436676,-76.11457450200899,43.046237846011685
BURNET AVENUE,724.7726798731204,NORTH CROUSE AVENUE,HOWARD STREET,True,True,1,477434270,-76.1377812576594,43.05218764134807
GENANT DRIVE,725.3095370503706,SPENCER STREET,WEST KIRKPATRICK STREET,True,True,2,477431558;477431400,-76.15770292433858,43.061630710637125
BURNET AVENUE,725.9772504318471,GREENWAY AVENUE,DILLAYE AVENUE,True,True,1,477433284,-76.11810929243258,43.05532812885848
PUTNAM STREET,726.1403991688358,DUDLEY STREET,BRADLEY STREET,True,True,1,477439752,-76.17091238440072,43.03597779672495
PARK STREET,726.7283470169765,FARMERS MARKET WAY,HIAWATHA BOULEVARD EAST,True,True,2,508421554;508421556,-76.16719719494452,43.07216949597897
SEDGWICK STREET,727.3880433065568,ELM STREET;SHUART AVENUE,ROBINSON STREET,True,True,1,477432338,-76.12857734777445,43.05891783561435
EAST WILLOW STREET,728.5946632047054,LODI STREET,CATHERINE STREET,True,True,1,477433028,-76.14263778376774,43.056382124980075
VICTORIA PLACE,728.7244295959844,ALLEN STREET,WESTCOTT STREET,True,True,1,477438095,-76.11790688863265,43.04070832528372
ONONDAGA AVENUE,728.81343548892,TALLMAN STREET;WEST ONONDAGA STREET,DEAD END / SAME-NAME BRANCH,False,True,1,477440287,-76.1646117800115,43.03447426525599
GRANT BOULEVARD,728.9579902516749,CULBERT STREET,MCCHESNEY PARK DRIVE;POND STREET,True,True,1,477428976,-76.14734827449094,43.07353358342768
HAWLEY AVENUE,729.006136028404,GERTRUDE STREET;HOWARD STREET,NORTH CROUSE AVENUE,True,True,1,477433891,-76.13776082606691,43.053267620596564
CRAWFORD AVENUE,729.1053429122655,SCOTTHOLM TERRACE,WEST SCOTT AVENUE,True,True,2,800048221;800048220,-76.1114276980134,43.042014077440236
MAGNOLIA STREET,729.8295138304142,SOUTH WILBUR AVENUE,WEST MARCELLUS STREET,True,True,1,477437330,-76.17420657162187,43.04354615200656
MAPLEWOOD AVENUE,730.0449776233721,EDGEWOOD DRIVE,COLDBROOK DRIVE,True,True,1,477447073,-76.13861581577912,42.988370975058956
AMY STREET,730.4303544100264,SEYMOUR STREET,DELAWARE STREET;SOUTH WILBUR AVENUE,True,True,1,477438213,-76.17362094241585,43.04102508396521
SUMMIT AVENUE,730.5163228912281,STOLP AVENUE,CROSSETT STREET,True,True,1,477441585,-76.16597214221666,43.02940963521537
BURNET AVENUE,730.7940862015911,TEALL AVENUE,GREENWAY AVENUE,True,True,1,477433531,-76.1206587799255,43.054620618850215
HAMPTON ROAD,731.1159244703758,JAMES STREET,CHATHAM ROAD,True,True,1,477430719,-76.12372386851698,43.06555135209392
MIDLAND AVENUE,731.263825922613,TALLMAN STREET,WEST TAYLOR STREET,True,True,1,477439485,-76.15596933755592,43.037340116345554
LONGMEADOW DRIVE,731.7600948565974,HILTON ROAD,LONGMEADOW CIRCLE,True,True,1,477447064,-76.14674151298925,42.98942540018849
ALMOND STREET,732.165811603076,DYER COURT;JACKSON STREET,DEAD END / SAME-NAME BRANCH,False,True,1,506022038,-76.14247853583444,43.04141585980251
ATKINSON AVENUE,732.4641044622309,WOLCOTT AVENUE,VELASKO ROAD,True,True,1,477441654,-76.18409013542863,43.02816189565712
CARBON STREET,733.1801742781579,CARLISLE STREET,POND STREET,True,True,1,477430184,-76.15188427384909,43.06749462738757
ONONDAGA AVENUE,733.2544817934966,EASTVIEW AVENUE,PARKVIEW AVENUE,True,True,2,477441615;477442005,-76.16294538951662,43.027483594030464
OAKLAND STREET,733.3327161510861,FINEVIEW PLACE,STADIUM PLACE,True,True,1,477440180,-76.1405942311273,43.03392850073212
RAMSEY AVENUE,733.8656233891645,SCOTTHOLM BOULEVARD,MEADOWBROOK DRIVE,True,True,1,477438316,-76.10790086450008,43.040835887344166
SPRING STREET,734.0825648752793,CARLISLE STREET,POND STREET,True,True,1,477429956,-76.15103760544115,43.068650160370666
JACLYN DRIVE,734.3864650338882,DEAD END / SAME-NAME BRANCH,SOUTH SALINA STREET,False,True,1,477447270,-76.14516460517162,42.986115112624816
CHEMUNG STREET,734.9078814616939,AVERY AVENUE,CHARLES AVENUE;WOODS ROAD,True,False,2,477432968;477432977,-76.19902712361086,43.05630175139878
SHERWOOD AVENUE,735.211487989706,HAWLEY AVENUE,BURNET AVENUE,True,True,1,477433750,-76.12462114717904,43.05456368563526
HUNTLEY STREET,735.8032011346826,HILLSIDE STREET,WADSWORTH STREET,True,True,1,477428136,-76.14081481080805,43.077437339599605
JOHN STREET,735.9175585515682,SOUTH ALVORD STREET,LODI STREET,True,True,1,477431506,-76.1487377072953,43.06208698969349
WEST COURT STREET,735.9440457311307,SOLAR STREET;WEST KIRKPATRICK STREET,NORTH CLINTON STREET,True,True,1,507665325,-76.16066463934334,43.062090395957796
PAUL AVENUE,735.986575359925,TEALL AVENUE,GEORGE STREET,True,True,1,477429778,-76.12186372162489,43.06962967546606
MILTON AVENUE,736.0423724915504,CHEMUNG STREET,WILLIS AVENUE,True,True,1,477432291,-76.19545931110981,43.05852061296445
NORTH GEDDES STREET,736.1008759877122,RICHMOND AVENUE,ERIE BOULEVARD WEST;SOUTH GEDDES STREET,True,True,1,477435836,-76.17076073468067,43.049124495335164
CLOVER RIDGE DRIVE,736.3483789664149,GLENCOVE ROAD,CALEB AVENUE,True,True,1,477431198,-76.09281827949235,43.06372561367795
MANLEY FIELD HOUSE,736.4545224798321,DEAD END / SAME-NAME BRANCH,CHAPPLE WAY,False,True,1,600035943,-76.12504675175083,43.02256357228689
BROOKFORD ROAD,736.7707902318555,DEAD END / SAME-NAME BRANCH,WOODSIDE DRIVE,False,True,2,504324946;504324944,-76.0969532376569,43.034280753663545
HENSBERRY ROAD,737.1816735802684,WOLCOTT AVENUE,VELASKO ROAD,True,True,1,477441479,-76.18414903291082,43.02893911758567
WADSWORTH STREET,738.3154204124381,CADILLAC STREET,LEMOYNE AVENUE,True,True,3,477427193;800040450;477427031,-76.14713950277289,43.083170087188925
EAST COLVIN STREET,739.3805220387471,MANLEY FIELD HOUSE,MANLEY FIELD HOUSE,True,True,2,600035963;600035961,-76.12518454222557,43.02238110750415
BURNET AVENUE,739.4140107852677,WOODBINE AVENUE,STAFFORD AVENUE,True,True,1,477432670,-76.11035930010118,43.05719263873419
EAST GENESEE STREET,739.7904867088172,STONERIDGE DRIVE,MANOR DRIVE,True,True,1,477438604,-76.08134691316306,43.03974845609073
BARRINGTON ROAD,740.981262348904,WILSON PLACE,DEMONG DRIVE,True,True,1,477437746,-76.08380443017295,43.04268317380577
NORTHCLIFFE ROAD,741.0370290745061,MILFORD DRIVE WEST,MILFORD DRIVE EAST,True,True,1,477430125,-76.09736628704633,43.06732410983979
MERRILL STREET,741.9002404453863,CADILLAC STREET,LEMOYNE AVENUE,True,True,1,477427517,-76.1495442572383,43.081327995019784
DEMONG DRIVE,742.0926769310324,ALBERT ROAD,CARLTON DRIVE,True,True,2,477436638;477436808,-76.09051083717434,43.04503607680843
DAVIS STREET,742.4842721291764,DELAWARE STREET,BARRETT STREET,True,True,1,477438619,-76.17119023884158,43.03916107830612
WESTMINSTER AVENUE,742.6683681264741,DEAD END / SAME-NAME BRANCH,MARYLAND AVENUE,False,True,1,477440375,-76.12070154241451,43.03408160664942
GERTRUDE STREET,743.7172209936656,HAWLEY AVENUE;HOWARD STREET,LODI STREET,True,True,1,477433812,-76.13811059114308,43.053923266854106
BARRINGTON ROAD,744.8689490731717,DEMONG DRIVE,BEAUMONT PLACE,True,True,1,477437139,-76.08529795671232,43.04430350186733
FEIGEL AVENUE,744.9096520723941,DEAD END / SAME-NAME BRANCH,WHEATON ROAD,False,True,1,477429194,-76.12499809394049,43.07216389866847
MARVIN ROAD,745.4627413319066,VALLEY DRIVE,BARNES AVENUE,True,True,1,477444383,-76.15915338354903,43.011760300635544
SPRING STREET,746.0324090102131,JOHN STREET,BUTTERNUT STREET,True,True,1,477430605,-76.14457556635233,43.06553778818238
SOUTH EDWARDS AVENUE,746.1812793904577,SUNNYCREST ROAD,CALEB AVENUE,True,True,1,477431830,-76.10563078738366,43.060821106327396
LEXINGTON AVENUE,748.9879070599195,WESTCOTT STREET,ALLEN STREET,True,True,1,477436155,-76.11843026857335,43.04715863637099
WEST NEWELL STREET,749.1092812557735,ONONDAGA CREEK BOULEVARD,VALLEY DRIVE,True,True,1,477443743,-76.1586525107304,43.01632772130559
WEST BRIGHTON AVENUE,749.7625197502343,BISHOP AVENUE,SOUTH AVENUE,True,True,1,477443357,-76.1593459975534,43.019051010614355
HICKOK AVENUE,750.0997267106674,CALEB AVENUE,BURNET AVENUE,True,True,2,477432752;800048410,-76.11312912103747,43.057716693137984
SHONNARD STREET,750.3090450977938,SOUTH WEST STREET;WEST STREET ARTERIAL SOUTHBOUND,NIAGARA STREET,True,True,1,477437865,-76.15889840525463,43.04160773749816
WESTCOTT STREET,750.4653875998779,DELL STREET,HAWTHORNE STREET,True,True,1,477437660,-76.11947296368267,43.043002552365884
VALLEY DRIVE,752.4568226727938,DORWIN AVENUE,DEAD END / SAME-NAME BRANCH,False,True,1,477447402,-76.15617033900485,42.98486639214493
COLUMBUS AVENUE,752.9208800401572,EAST GENESEE STREET,HAWTHORNE STREET,True,True,1,477437050,-76.12108402311164,43.04496323862899
HIGHRIDGE DRIVE,753.7536840054427,BROADVIEW DRIVE,HIGHRIDGE PLACE,True,True,1,477442242,-76.2004090296136,43.02597116160999
RIVERDALE DRIVE,754.0032195272851,KRAMER DRIVE,MARIS DRIVE,True,True,1,477446017,-76.15582070671458,43.00027830396906
CORTLAND AVENUE,754.4210222708081,BALLARD AVENUE;FURMAN STREET,MIDLAND AVENUE,True,True,1,477441203,-76.15485985075395,43.03071659118836
VALLEY DRIVE,754.5693221076579,ACADEMY STREET,WEST SENECA TURNPIKE,True,True,1,477445859,-76.15309309295286,43.00102717628665
LILAC STREET,755.6849628623517,MARY STREET,POND STREET,True,True,1,477431114,-76.15164571067538,43.06357825067293
WEST BELDEN AVENUE,755.8126176820352,NORTH GEDDES STREET,SAND STREET,True,True,1,477433315,-76.1690756279805,43.05488242935914
ELLIOTT STREET,756.1400237212138,SOUTH GEDDES STREET,ARTHUR STREET,True,True,1,477439897,-76.17576175963382,43.03496850255053
WEST GENESEE STREET,756.6831404880734,NORTH GEDDES STREET,SAND STREET,True,True,1,477433746,-76.1691349481033,43.05361727402127
EAST FAYETTE STREET,757.704962260524,WESTCOTT STREET,ALLEN STREET,True,True,2,800037824;477435782,-76.11853173418694,43.0482661008074
WEST GLEN AVENUE,758.1081956444696,SOUTH SALINA STREET,FERNDALE DRIVE,True,True,1,477445298,-76.14460336770081,43.005542522586
SCOTTHOLM BOULEVARD,758.2050031402268,DEAD END / SAME-NAME BRANCH,SCOTT AVENUE,False,True,1,477437591,-76.1106067127037,43.04276079865591
BUCKINGHAM AVENUE,759.1372758686854,DODGE DRIVE,EAST COLVIN STREET,True,True,1,477442889,-76.12040026387854,43.02301510543111
FELLOWS AVENUE,759.1642231804656,CLARKE STREET,EUCLID AVENUE,True,True,1,477439269,-76.11520878973595,43.03804311914984
GLENWOOD AVENUE,760.1442993039165,CRADDOCK STREET,SUMMIT AVENUE,True,True,1,477443277,-76.16403724486145,43.01975829358911
ELMWOOD AVENUE,760.2601643796658,CRADDOCK STREET,EDGEWOOD AVENUE,True,True,1,477443508,-76.16370694343591,43.01788012906331
WEST SENECA TURNPIKE,761.205691154587,SMITH ROAD,AMES AVENUE,True,True,1,477445720,-76.15660639304237,43.00266388417578
DOLL PARKWAY,762.0831276232749,CARLTON DRIVE,BEAUMONT PLACE,True,True,1,504325300,-76.08817676125905,43.04572833501743
HOLDEN STREET,762.3676386181389,GRAND AVENUE,HARTSON STREET,True,True,3,477439338;800051002;477439479,-76.18096038296409,43.03738925444706
INTREPID LANE,763.2300169545568,EAST BRIGHTON AVENUE,DEAD END / SAME-NAME BRANCH,False,True,2,477445671;800031668,-76.1287106182751,43.00341832487586
NEUTRAL COURT,763.2314289459156,POND STREET,MARY STREET,True,True,1,477430732,-76.1505914892872,43.064993669796586
COLUMBUS AVENUE,763.2817315659114,DELL STREET,HAWTHORNE STREET,True,True,1,477437704,-76.12072531920123,43.04291360387268
GAME ROAD,763.899080548734,AINSLEY DRIVE,DEAD END / SAME-NAME BRANCH,False,True,1,477444441,-76.13142474765162,43.01222925171558
SCOTTHOLM BOULEVARD,763.9527648929811,DEAD END / SAME-NAME BRANCH,SCOTT AVENUE,False,True,1,477437602,-76.11056008673825,43.04284917122876
WHITE STREET,764.2928583719342,RICH STREET,SOUTH AVENUE,True,True,1,477439339,-76.16038268998687,43.03690919616878
SPENCER STREET,764.4816212033284,MALTBIE STREET,VAN RENSSELAER STREET,True,True,1,477432582,-76.16462555167813,43.05718702789873
WEST LAFAYETTE AVENUE,764.8085129623101,MIDLAND AVENUE,CANNON STREET,True,True,1,477443354,-76.14747578568411,43.019142145545324
ALLEN STREET,765.2396578061586,CLARKE STREET,EUCLID AVENUE,True,True,1,477439287,-76.1163461887213,43.03799082410694
HILLVIEW AVENUE,765.5705467327339,SUMMIT AVENUE,CRADDOCK STREET,True,True,1,477443116,-76.16408165911498,43.020579495072
ERIE BOULEVARD WEST,766.905792612751,LEAVENWORTH AVENUE,PLUM STREET,True,True,1,477435429,-76.16185527666099,43.04974809748687
CRESLINE DRIVE,767.9517929711403,PLYMOUTH DRIVE;SOUTH GLENCOVE ROAD,ARCH STREET;SUNNYCREST ROAD,True,True,1,477431316,-76.09937839981349,43.06313914541062
HIGHLAND STREET,768.069991780713,KNAUL STREET,HARTLEY STREET,True,True,1,477430310,-76.14178477517645,43.06753889912788
GIFFORD STREET,768.103135363787,GRANGER STREET,SOUTH CLINTON STREET;WEST ONONDAGA STREET,True,True,5,509997023;800008530;800034971;509997025;509997020,-76.15468992340706,43.043612181249316
ROSS PARK,768.1150619688755,DEAD END / SAME-NAME BRANCH,DEAD END / SAME-NAME BRANCH,False,True,1,477428793,-76.14607358077977,43.07645711289292
WINTHROP ROAD,768.8870054829779,CULVER DRIVE,RIDGEWOOD DRIVE,True,True,1,477430481,-76.09567240715707,43.0657825938092
ONONDAGA PARK DRIVE EAST,770.0817974264498,ONONDAGA AVENUE,DEAD END / SAME-NAME BRANCH,False,True,2,477441625;477441801,-76.16470994162907,43.02853295894813
REDFIELD PLACE,770.242057044125,MARYLAND AVENUE,LANCASTER AVENUE,True,True,1,477439127,-76.12181837295378,43.03757436313544
BURLINGAME ROAD,770.4140678361707,DEAD END / SAME-NAME BRANCH,DEAD END / SAME-NAME BRANCH,False,True,2,477431082;477431090,-76.13213284954521,43.063487724977996
JAMES STREET,770.7947617921825,NORTH STATE STREET,NORTH TOWNSEND STREET,True,True,1,477434139,-76.14717230719667,43.053008596656724
EUCLID AVENUE,771.4363573137747,MARYLAND AVENUE,LANCASTER AVENUE,True,True,1,477439367,-76.12173004759941,43.03667642970018
ROSS PARK,772.8571639059654,DEAD END / SAME-NAME BRANCH,DEAD END / SAME-NAME BRANCH,False,True,1,800048788,-76.14596651675468,43.076522837819454
COURT STREET,773.1298824307406,DARLINGTON ROAD,DARLINGTON ROAD EAST,True,False,2,477427325;477427196,-76.13931190973575,43.08226571335725
SCHILLER AVENUE,773.9057780234568,HIGHLAND STREET,WADSWORTH STREET,True,True,1,477429315,-76.14045375478072,43.071386121977945
MARTIN STREET,774.0423131746736,CADILLAC STREET,LEMOYNE AVENUE,True,True,1,477427618,-76.15041854080813,43.080703218519155
EDTIM ROAD,774.2298908646736,EASTWOOD ROAD,VILLAGE DRIVE,True,True,1,477429658,-76.11584268485679,43.07009121378676
CHARMOUTH DRIVE,775.5099426905517,SUMMIT AVENUE,CRADDOCK STREET,True,True,1,477442982,-76.16410634871006,43.02131786023379
ARNOLD AVENUE,776.0600943962269,THURBER STREET,HOLMES STREET,True,True,1,477443604,-76.12567938344131,43.01824199637573
DIPPOLD AVENUE,776.205050591229,LEMOYNE AVENUE,MATHEWS DRIVE,True,False,2,477426943;477426936,-76.14854493255137,43.08533625655678
MAPLEHURST AVENUE,776.5670212641168,HILLSIDE STREET,COURT STREET,True,True,1,477427681,-76.14024624438919,43.08043864882167
ROE AVENUE,777.4343604334318,THURBER STREET,HOLMES STREET,True,True,1,477443595,-76.12456883331105,43.01828535551247
CUMBERLAND AVENUE,778.1074527452748,TECUMSEH STREET,SPAID AVENUE,True,True,1,477441891,-76.11258774738205,43.02820612803374
SUNRISE DRIVE,779.0396022905103,PHELPS PLACE;SNELL TERRACE,THURLOW DRIVE,True,True,1,477446287,-76.13780247395108,42.99755262380068
HAWLEY AVENUE,779.4893843373602,CATHERINE STREET;GREEN STREET,GERTRUDE STREET;HOWARD STREET,True,True,1,477433861,-76.14058283413104,43.0533067563126
WELLESLEY ROAD,780.3975524968973,GLENWOOD AVENUE,DEAD END / SAME-NAME BRANCH,False,True,1,477443532,-76.1690443062902,43.01869511875501
IRVING AVENUE,780.5039091804161,WAVERLY AVENUE,EAST ADAMS STREET,True,True,4,600063813;600063814;600063812;600063811,-76.13786225438149,43.041615610041156
WEST BEAR STREET,781.5187093069148,SOLAR STREET,NORTH CLINTON STREET,True,True,1,477430780,-76.16517579578473,43.06501027960531
NOTTINGHAM ROAD,781.6631532791558,TECUMSEH ROAD;TECUMSEH STREET,SPAID AVENUE,True,True,1,477441875,-76.11148316375024,43.02828244888923
GOODRICH AVENUE,782.0633239992973,HOLMES STREET,THURBER STREET,True,True,1,477443612,-76.12687676379728,43.018173090013526
WESTMORELAND AVENUE,783.5428591904162,TECUMSEH STREET,SPAID AVENUE,True,True,1,477441905,-76.1136598646474,43.02813761391763
CUMBERLAND AVENUE,783.9220771316503,MONTANA STREET,DAKOTA STREET,True,True,1,477440504,-76.11255674963483,43.03381510136736
WESTMORELAND AVENUE,784.0306824279048,MONTANA STREET,DAKOTA STREET,True,True,1,477440514,-76.11371828814096,43.033765112443426
CEDAR RIDGE APARTMENTS,784.0931544486998,DEAD END / SAME-NAME BRANCH,SEELEY ROAD,False,True,1,477434325,-76.10252328605107,43.052124308479414
WEST ONONDAGA STREET,784.216916484926,PUTNAM STREET,DUDLEY STREET,True,True,1,477440089,-76.16849927284294,43.034192784787095
LINCOLN PARK DRIVE,784.3192130055791,ELM STREET,OAK STREET,True,True,1,477432444,-76.13199986194329,43.057833990346
OAK LEAF DRIVE,784.3901299928907,DEAD END / SAME-NAME BRANCH,DEAD END / SAME-NAME BRANCH,False,True,2,800098397;800098401,-76.13447181517462,43.03522147698145
FELLOWS AVENUE,785.3122847773433,MONTANA STREET,DAKOTA STREET,True,True,1,477440531,-76.11490227670674,43.033718613256205
SOUTH CLINTON STREET,785.9650586028888,WEST ADAMS STREET,TEMPLE STREET,True,True,1,477438171,-76.15237311124126,43.04148160800008
ACKERMAN AVENUE,786.6581770711775,STRATFORD STREET,KENSINGTON ROAD;TERRACE ROAD,True,True,1,477440661,-76.12408068974878,43.0331604164513
SEELEY AVENUE,788.7575055624028,DEAD END / SAME-NAME BRANCH,SOUTH SALINA STREET,False,True,1,477445759,-76.14428598981922,43.00202960994168
SOUTH GEDDES STREET,789.3965934421562,TWIN HILLS DRIVE,CROSSETT STREET,True,True,1,477442208,-76.17496277458912,43.026739115727544
ANNETTA STREET,789.4434338297319,SUMMIT AVENUE,CRADDOCK STREET,True,True,1,477442875,-76.16414179555169,43.02206680923827
BURNET AVENUE,789.5508082936955,CATHERINE STREET,HOWARD STREET,True,True,1,477434249,-76.14061434189162,43.05222238088081
SOUTH AVENUE,789.8231850659558,SLOCUM AVENUE;WEST ONONDAGA STREET,WHITE STREET,True,True,1,477439227,-76.15903024525718,43.03820327968369
WEST OSTRANDER AVENUE,790.2500211305454,MIDLAND AVENUE,CANNON STREET,True,True,1,477444032,-76.14650622818026,43.01402694008712
CHESTER STREET,790.9062358117941,BELLEVUE AVENUE,HOVEY STREET,True,True,1,477440878,-76.15758131947906,43.03245598192403
FAIRFIELD AVENUE,791.3090582767098,SOUTH AVENUE,EDGEWOOD AVENUE,True,True,1,477443643,-76.1639863139122,43.016977118121304
ELLIS STREET,791.7999284268196,CUMBERLAND AVENUE;EAST GENESEE STREET,LEXINGTON AVENUE,True,True,1,477436704,-76.11351616246579,43.04615872130461
STOLP AVENUE,791.878763955252,WOLCOTT AVENUE,VELASKO ROAD,True,True,1,477441274,-76.18430870112971,43.02976046130316
SHOTWELL PARK,792.0214274372937,DEAD END / SAME-NAME BRANCH,MELROSE AVENUE,False,True,2,477431234;477430971,-76.11503637864485,43.06352955813547
WEST COLVIN STREET,792.6831581190327,SUMMIT AVENUE,CRADDOCK STREET,True,True,1,477442707,-76.1642012947454,43.02292922452441
ERIE BOULEVARD EAST,793.4830527015292,SMITH STREET,HEADSON DRIVE,True,True,1,477433274,-76.08937801519538,43.05511273252837
CORTLAND PLACE,793.6061870190864,VALLEY DRIVE,MILBURN DRIVE,True,True,1,477445642,-76.15187077390316,43.00332432174662
WEST BELDEN AVENUE,794.2204952768176,PLUM STREET,LEAVENWORTH AVENUE,True,True,2,800049089;477433479,-76.16152445512887,43.054732181355945
DOLL PARKWAY,794.3177602401939,CARLTON DRIVE,BEAUMONT PLACE,True,True,1,504325298,-76.08804490709214,43.04578623332394
WEST CHELTENHAM ROAD,794.5879778726185,EAST CHELTENHAM ROAD;SOUTH SALINA STREET,DEAD END / SAME-NAME BRANCH,False,True,1,477446436,-76.1449842188734,42.99511707199757
BRADFORD LANE,795.0778635272112,EUCLID AVENUE,DEAD END / SAME-NAME BRANCH,False,False,2,477440452;800037974,-76.10530263441312,43.03381333546811
WOLCOTT TERRACE,798.1109224861906,FAIRDALE AVENUE,WOLCOTT AVENUE,True,True,1,477442104,-76.18366858670983,43.026543783170084
BRADFORD PARKWAY,798.6748878150471,HATHERLY ROAD,EUCLID AVENUE,True,True,1,477439417,-76.10309088269439,43.037328193209035
ALBERT ROAD,799.5677649442307,EAST GENESEE PARKWAY;EAST GENESEE STREET,DEAD END / SAME-NAME BRANCH,False,True,1,477437356,-76.0918687328161,43.043804300515106
WESTMORELAND AVENUE,799.9058511599602,EAST FAYETTE STREET,DAKIN STREET,True,True,2,800037808;477435796,-76.11486257313737,43.04931239157729
GREEN STREET,800.1065353472004,GREEN STREET COURT,OAK STREET,True,True,1,477432870,-76.13469496140058,43.05689703148256
HOEFLER STREET,800.4834026029428,GRAND AVENUE,HARTSON STREET,True,True,3,477439315;800050999;477439447,-76.17976630183853,43.03749731224646
MUNSON DRIVE,800.9482785692726,EAST SENECA TURNPIKE,DEAD END / SAME-NAME BRANCH,False,True,1,477446157,-76.13981865942374,42.99931540499221
HOMECROFT ROAD,801.3268877174901,NORTHCLIFFE ROAD,GLENCOVE ROAD,True,True,1,477430788,-76.10227224088808,43.065380620202504
WEST GENESEE STREET,801.3553813724835,VAN RENSSELAER STREET,LEAVENWORTH AVENUE,True,True,1,477433772,-76.16455929395084,43.05350212034763
WEST BELDEN AVENUE,802.0052344093422,VAN RENSSELAER STREET,LEAVENWORTH AVENUE,True,True,1,477433355,-76.16450716764446,43.05480780392066
LAMBRETH LANE,802.8455619398538,SLOCUM DRIVE,DEAD END / SAME-NAME BRANCH,False,True,1,477443777,-76.11679608027083,43.01695651769961
COOLIDGE AVENUE,803.1475601899208,TALLMAN STREET,BELLEVUE AVENUE,True,True,1,477440350,-76.16360531615959,43.03437657744319
ROBINEAU ROAD,803.2680208343294,DEAD END / SAME-NAME BRANCH,GLENWOOD AVENUE,False,True,1,477443559,-76.17048033332676,43.01855261512046
WEST CALTHROP AVENUE,803.588856521411,MIDLAND AVENUE,CANNON STREET,True,True,1,477443816,-76.14662975037996,43.015677601583405
MEADOWBROOK DRIVE,804.5031566145808,MONTANA STREET,DAKOTA STREET,True,True,1,477440500,-76.1113638843433,43.03382708431065
MOSLEY DRIVE,805.2587086833208,GLENCOVE ROAD,NORTHCLIFFE ROAD,True,True,1,477430771,-76.10094142948245,43.06545793226755
HAZELWOOD AVENUE,805.4530857546238,DEAD END / SAME-NAME BRANCH,SEELEY ROAD,False,True,1,477434706,-76.1024032454495,43.051389520366456
SPAULDING AVENUE,805.7202078137764,OAKLEY DRIVE EAST;SOUTH SALINA STREET,LONGMEADOW DRIVE,True,True,4,477447183;800038793;800038791;800049637,-76.14545220089293,42.98702455415966
WEST GENESEE STREET,806.3303589645836,PLUM STREET,LEAVENWORTH AVENUE,True,True,1,477433796,-76.16155228759084,43.05343912275621
HOBART AVENUE,806.4955354478569,SOUTH SALINA STREET,DEAD END / SAME-NAME BRANCH,False,True,1,477444228,-76.14033879569043,43.0127532623227
SHOTWELL PARK,807.1555382042457,DEAD END / SAME-NAME BRANCH,MELROSE AVENUE,False,True,2,477431236;477430977,-76.11536369516529,43.06343640280324
STINARD AVENUE,807.5246747407072,TWIN HILLS DRIVE,CROSSETT STREET,True,True,1,477442209,-76.17370283364583,43.026761083784585
COMSTOCK ART,807.7004669904003,COMSTOCK AVENUE,CHAPPLE WAY,True,True,1,600035931,-76.12818004522822,43.02683766531177
BALLANTYNE ROAD,808.304633783008,SOUTH SALINA STREET;WALRATH ROAD,SHELDON AVENUE,True,True,3,509998053;477444526;477444531,-76.14366235156366,43.0106481088302
LODI STREET,808.4721818870031,WOLF STREET,HIAWATHA BOULEVARD EAST;HIAWATHA BOULEVARD WEST;NORTH SALINA STREET,True,True,2,477429830;509995729,-76.16678754867245,43.069586142146846
APPLE STREET,808.6052817107641,SACKETT STREET,LAKEVIEW AVENUE,True,True,1,477434747,-76.17783226062815,43.05122963998639
SOUTH ORCHARD ROAD,809.465929969284,WESTVALE ROAD,ANDREWS STREET,True,True,1,477437215,-76.20437097353536,43.04455933311537
WESTMORELAND AVENUE,810.0004898628848,MONTANA STREET,EUCLID AVENUE,True,True,1,477439906,-76.11387412728075,43.035949469018256
SOUTH BEECH STREET,811.1571952080121,CHERRY STREET,MADISON STREET;MAPLE STREET,True,True,1,477437133,-76.1245564272779,43.044473328563484
PARKWAY DRIVE,811.9391316690056,TEMPLE PLACE,BELLAIRE PLACE,True,True,1,477442438,-76.16142379250897,43.02446562780561
GRANT BOULEVARD,812.2572304813607,TEALL AVENUE,WHEATON ROAD,True,True,2,477429126;477429042,-76.12496776500629,43.07282040763194
CUMBERLAND AVENUE,812.4391697694006,MONTANA STREET,EUCLID AVENUE,True,True,1,477439896,-76.11270123765134,43.036003107261976
HUNT AVENUE,813.2215798268832,WEST COLVIN STREET,ELMHURST AVENUE,True,True,1,477443047,-76.1556780708781,43.02205694138064
GERTRUDE STREET,814.2892633861167,FOUNTAIN STREET,OAK STREET,True,True,1,477433271,-76.1346257729879,43.05562813221851
RIDGEWOOD DRIVE,814.5144012408491,GLENCOVE ROAD;NORTH GLENCOVE ROAD,CALEB AVENUE,True,True,1,477431259,-76.09405320986497,43.0635438721585
MEADOWBROOK DRIVE,814.8793906998551,MONTANA STREET,DAKOTA STREET,True,True,1,477440502,-76.11117962328012,43.03378827492512
ROWLAND STREET,814.8949932557788,HERRIMAN STREET,SOUTH GEDDES STREET,True,True,1,477439621,-76.17550812285037,43.03588496799637
LILAC STREET,815.9980439058988,UNION PLACE,POND STREET,True,True,1,477430852,-76.15422629269383,43.064613154300964
SOUTH GEDDES STREET,816.0037448555719,WEST FAYETTE STREET,ERIE BOULEVARD WEST;NORTH GEDDES STREET,True,True,3,477436387;477436265;477436158,-76.17088323399614,43.046996672864985
WEST ONONDAGA STREET,816.234015496019,RICH STREET;SHERIDAN DRIVE,ONONDAGA AVENUE;TALLMAN STREET,True,True,1,477439744,-76.16329266321806,43.03626700078494
CHINOOK DRIVE,816.3205428312554,CHINOOK DRIVE SOUTH,LAMBRETH LANE,True,True,1,477443528,-76.11866390775167,43.01808319937542
SPRINGFIELD ROAD,816.4508388666097,MOUNTAINVIEW AVENUE;SMITH STREET,FAYETTE BOULEVARD,True,True,4,477435439;800029849;800029833;800029834,-76.09148060225914,43.050313148960996
GRACE STREET,817.093748234119,MASSENA STREET,DELAWARE STREET,True,True,1,477439293,-76.16723851414487,43.0377088947044
WEST PLEASANT AVENUE,817.119770502753,MIDLAND AVENUE,CANNON STREET,True,True,1,477443702,-76.146696236192,43.01668493199121
RANDALL AVENUE,818.1254665082936,WEST COLVIN STREET,ELMHURST AVENUE,True,True,1,477443050,-76.15691805734347,43.02202808471489
CANAL STREET,818.588318976075,LODI STREET,NORTH BEECH STREET,True,True,1,477434830,-76.12913886445689,43.05105113513351
MANLEY FIELD HOUSE,819.2305607735765,TRAFFIC CIRCLE,CHAPPLE WAY,True,True,1,600035936,-76.1273242522467,43.023807791797566
HARDING STREET,819.4584112408903,HILLSIDE STREET,COURT STREET,True,True,1,477427770,-76.14100541913257,43.07994363388744
MOORE AVENUE,820.2552282770495,MICHAELS CIRCLE,ORISKANY DRIVE,True,True,1,477442645,-76.13700109941603,43.02431179100215
SOUTH COLLINGWOOD AVENUE,820.3895334742596,SUNNYCREST ROAD,GLENCOVE ROAD,True,True,1,477431410,-76.10706376425567,43.06290660402214
KIRK AVENUE,820.5969593441282,ARGYLE TERRACE,KIRK PARK DRIVE,True,True,1,506986304,-76.15507207642634,43.02763651564301
BEATTIE STREET,821.33009354799,DAKIN STREET,ERIE BOULEVARD EAST,True,True,1,477434991,-76.10853935119661,43.05186505202107
DOROTHY STREET,821.3335729320656,SEDGWICK STREET,VINE STREET,True,True,1,477431723,-76.12849790414866,43.06092595749076
RESTORATION WAY,821.648246285983,DEAD END / SAME-NAME BRANCH,DEAD END / SAME-NAME BRANCH,False,True,2,800046958;800034075,-76.18899276738993,43.06218017027464
CLOVER RIDGE DRIVE,821.6808644836316,NORTHCLIFFE ROAD,GLENCOVE ROAD,True,True,1,477430671,-76.09298813669187,43.065859886876005
WOODBINE AVENUE,821.8374898368404,SUNNYCREST ROAD,GLENCOVE ROAD,True,True,1,477431430,-76.10952187121941,43.062795888680334
HAMPSHIRE ROAD,822.956481006675,RUGBY ROAD,SEDGWICK DRIVE,True,True,1,477430484,-76.13134577590407,43.06672465289809
SOUTH EDWARDS AVENUE,823.0805207429362,SUNNYCREST ROAD,GLENCOVE ROAD,True,True,1,477431389,-76.10582825521166,43.06296960833271
HILLSDALE AVENUE,823.2190690110853,GLENCOVE ROAD,NORTHCLIFFE ROAD,True,True,1,477430886,-76.10849224749165,43.065112116136504
VINE STREET,823.514170461896,HAWLEY AVENUE,BURNET AVENUE,True,True,1,477433873,-76.12563145723975,43.054404544831
BISHOP AVENUE,823.9054819752866,WEST COLVIN STREET,ELMHURST AVENUE,True,True,1,477443059,-76.1580875816835,43.02200810990085
BOSTON STREET,824.1942145769192,GLENCOVE ROAD,NORTHCLIFFE ROAD,True,True,1,477430647,-76.09051573715227,43.06596899973377
HILLSDALE AVENUE,824.2294816227367,SUNNYCREST ROAD,GLENCOVE ROAD,True,True,1,477431419,-76.10829476752352,43.06285610191154
SOUTH COLLINGWOOD AVENUE,824.5756892516112,SUNNYCREST ROAD,CALEB AVENUE,True,True,1,477431906,-76.1068401371253,43.060655320622814
STAFFORD AVENUE,824.9724102746371,GLENCOVE ROAD,NORTHCLIFFE ROAD,True,True,1,477430929,-76.11240962452722,43.06493407418481
LOCKWOOD ROAD,825.0184493188365,HADDON ROAD,KIMBER ROAD,True,True,1,477438922,-76.09188825952134,43.038281410932356
BURNS AVENUE,825.3442913518172,NORTHCLIFFE ROAD,GLENCOVE ROAD,True,True,1,477430660,-76.09176382268909,43.06591469919991
HICKOK AVENUE,825.4541008207774,SUNNYCREST ROAD,GLENCOVE ROAD,True,True,1,477431464,-76.11357595645141,43.06261116771753
DELONG AVENUE,825.6224226214251,FIRST NORTH STREET,DEAD END / SAME-NAME BRANCH,False,True,1,477429580,-76.14958971041082,43.07091759609595
ERIE BOULEVARD EAST,825.6667571083051,IVES AVENUE,DEVINE STREET,True,True,1,477435191,-76.11766954543282,43.05063533094802
STAFFORD AVENUE,826.019401219175,GLENCOVE ROAD,SUNNYCREST ROAD,True,True,1,477431452,-76.11220879144203,43.062673543095656
HICKOK AVENUE,826.1587833316152,NORTHCLIFFE ROAD,GLENCOVE ROAD,True,True,1,477430949,-76.11377472846813,43.06487283380905
SOUTH MIDLER AVENUE,827.3479395538237,GLENCOVE ROAD,SUNNYCREST ROAD,True,True,1,477431378,-76.10459231354301,43.06303260335963
WALTON STREET,827.3507857132311,SOUTH FRANKLIN STREET,WEST FAYETTE STREET,True,True,3,477435893;800047626;477435885,-76.15694436671666,43.04811621884619
WEST BRIGHTON AVENUE,827.4494703439943,CANNON STREET,MIDLAND AVENUE,True,True,1,477443180,-76.14774879634987,43.020187951016666
BASIN STREET,827.9701151262622,NORTH STATE STREET,KIRKPATRICK STREET,True,True,1,477431456,-76.15682985513786,43.06219444436921
FOREST HILL DRIVE,828.0732731018056,SUNNYCREST ROAD,GLENCOVE ROAD,True,True,2,477431444;477431120,-76.11089333611505,43.062721509648924
FOREST HILL DRIVE,828.1220710201811,SUNNYCREST ROAD,GLENCOVE ROAD,True,True,2,477431441;477431118,-76.11076748985768,43.06272680150027
SOUTH MIDLER AVENUE,828.1552672296605,GLENCOVE ROAD,NORTHCLIFFE ROAD,True,True,1,477430829,-76.10479231172403,43.065299585835504
WEYMOUTH ROAD,828.2276937260642,SOUTH SALINA STREET,COLDBROOK DRIVE,True,True,1,477446332,-76.14183593037833,42.996089710261344
WEST ONONDAGA STREET,828.5387166534337,KANDACE STREET,HOEFLER STREET,True,True,2,800040141;477440230,-76.18103229989586,43.03372563434265
HIAWATHA BOULEVARD WEST,828.6572605292853,PULASKI STREET,VAN RENSSELAER STREET,True,True,1,477431312,-76.17554530444022,43.06298586652039
CUMBERLAND AVENUE,829.0051026891625,LEWISTON DRIVE,SHERMAN STREET,True,True,1,477442582,-76.1122697503911,43.02468955049005
WOODBINE AVENUE,829.0854598422569,GLENCOVE ROAD,NORTHCLIFFE ROAD,True,True,1,477430895,-76.10973046353152,43.065056075732606
NICHOLS AVENUE,829.5805048578336,GLENCOVE ROAD,NORTHCLIFFE ROAD,True,True,1,477430816,-76.10358851058972,43.06534920542783
FOREST HILL DRIVE,829.7422063949329,GLENCOVE ROAD,NORTHCLIFFE ROAD,True,True,3,477430912;477430690;477430550,-76.11109221670634,43.06499170848327
FOREST HILL DRIVE,830.0535790365557,GLENCOVE ROAD,NORTHCLIFFE ROAD,True,True,3,477430909;477430688;477430551,-76.11096938887295,43.06499733618282
SOUTH COLLINGWOOD AVENUE,831.3336823983412,GLENCOVE ROAD,NORTHCLIFFE ROAD,True,True,1,477430874,-76.10726879004923,43.065168130555406
DEMONG DRIVE,831.4405583890142,ALBERT ROAD,PHILLIPS ROAD,True,True,2,800048259;800048260,-76.09301137657252,43.045992896914846
MALTBIE STREET,832.3504931384192,EVANS STREET,SPENCER STREET,True,True,2,477432901;477432602,-76.16262921905047,43.05673731308821
MAPLE TERRACE,832.4207626151624,BASSETT STREET,MAPLE STREET,True,True,1,477436615,-76.12398472552847,43.04609236791851
SOUTH EDWARDS AVENUE,832.8862643326295,GLENCOVE ROAD,NORTHCLIFFE ROAD,True,True,1,477430845,-76.106025952661,43.06523730482343
RUSKIN AVENUE,833.7520495649896,SUMMIT AVENUE,CLAIRMONTE AVENUE,True,True,1,477440808,-76.16772333700963,43.031671771518155
KENWICK DRIVE,834.4895089222924,BENDER STREET,RIVOLI AVENUE,True,True,1,477428310,-76.13542602366448,43.07766180497024
STRONG AVENUE,834.7755967890923,CLARKE STREET,EUCLID AVENUE,True,True,1,477439291,-76.11765077921115,43.03790161887265
PLUM STREET,835.4856652483344,EVANS STREET,SOLAR STREET,True,True,4,477433181;800032519;477433107;477433027,-76.15885999116902,43.05603433270593
TEX SIMONE DRIVE,835.9425869073532,NBT BANK PARKWAY,DEAD END / SAME-NAME BRANCH,False,True,1,600064039,-76.16612786702967,43.07740763321498
EUCLID AVENUE,837.8200749768932,LOCKESLEY ROAD,BROOKFORD ROAD;HURLBURT ROAD,True,True,1,477439185,-76.09936308694554,43.03765255168806
EUCLID AVENUE,838.7523269633434,GUILFORD ROAD,EDGEMONT DRIVE;ENFIELD PLACE;KIMBER ROAD,True,True,2,800048349;477438891,-76.09495386515309,43.038817794167294
DICKERSON STREET,839.2148783667791,GRANGER STREET,SOUTH CLINTON STREET,True,True,6,477436931;800032430;800032434;477436897;477436889;477436877,-76.15509967225869,43.044338999240246
EAST COLVIN STREET,840.0803241638127,BENEDICT AVENUE,GARFIELD AVENUE,True,True,5,477442050;477442045;477442054;477442061;477442096,-76.13977261515848,43.02639089238945
HOPE AVENUE,840.2056859395116,WARNER AVENUE,WEST COLVIN STREET,True,True,1,477442929,-76.15204781777105,43.02269507569567
WILLIS AVENUE,840.8835109272042,INDUSTRIAL DRIVE,KANE ROAD,True,True,3,800030515;800030519;477431579,-76.19899371613917,43.061990393196716
GOODRICH AVENUE,842.2249505074036,VINCENT STREET,THURBER STREET,True,True,1,477443327,-76.12708281169007,43.02039683743297
SUMNER AVENUE,842.3980953347952,DORSET ROAD;STRATFORD STREET,EUCLID AVENUE,True,True,1,477440081,-76.12555739686248,43.035321929924955
WEST LAFAYETTE AVENUE,842.8641743152903,VALLEY DRIVE,BISHOP AVENUE,True,True,1,477443469,-76.15945197874754,43.01813688460947
ACKERMAN AVENUE,842.9934950816084,EUCLID AVENUE,STRATFORD STREET,True,True,1,477440062,-76.12428574959424,43.03539159185933
LIVINGSTON AVENUE,843.1884761340699,EUCLID AVENUE,STRATFORD STREET,True,True,1,477440093,-76.12681430193643,43.03525911290129
VELASKO ROAD,843.284661162081,GLENWOOD AVENUE,BOCA RATON WAY,True,False,2,477442283;513530372,-76.18520638917407,43.02471616300907
MAYAR STREET,843.3478513006557,GRANT BOULEVARD,LISTMAN AVENUE,True,True,1,477429137,-76.13725831114434,43.073530149256996
WOODRUFF AVENUE,843.4408425188116,GRANT BOULEVARD,LISTMAN AVENUE,True,True,1,477429151,-76.13814327537449,43.07348656134861
OSTROM AVENUE,844.1839465080069,BERKELEY DRIVE;STRATFORD STREET,EUCLID AVENUE,True,True,1,477440120,-76.12807433245688,43.03520261984117
COMSTOCK AVENUE,845.3921696677836,MOUNT OLYMPUS DRIVE;STRATFORD STREET,EUCLID AVENUE,True,True,1,477440147,-76.12969378329299,43.035129102799615
WINKWORTH PARKWAY,845.3986842222157,BROADVIEW DRIVE,SHARON DRIVE,True,True,1,477442467,-76.19978937047799,43.0248964548482
GENESEE PARK DRIVE,845.5851387813797,EAST FAYETTE STREET,DAKIN STREET,True,True,1,477435736,-76.10949144420177,43.049520356412096
DARLINGTON ROAD,845.6013570878467,LISTMAN AVENUE,GRANT BOULEVARD,True,True,1,477429125,-76.13628462447393,43.0735808489588
COOK AVENUE,845.824885030129,JAMES STREET,MELROSE AVENUE,True,True,1,477430722,-76.11883918810257,43.065692935397706
PALMER AVENUE,846.1485816477118,BELLEVUE AVENUE,TALLMAN STREET,True,True,1,477440339,-76.16247669002739,43.03448602573769
CROLY STREET,846.184532792372,EAST FAYETTE STREET,DAKIN STREET,True,True,2,477435802;800040697,-76.11276480465334,43.04936212226496
FENWAY DRIVE,848.9230861351725,EAST FAYETTE STREET,DAKIN STREET,True,True,1,477435755,-76.1106725678914,43.049464898260766
ALDEN STREET,849.4069601299088,VINCENT STREET,THURBER STREET,True,True,1,477443401,-76.13320480175916,43.01975674518365
LANCASTER AVENUE,849.4773389900042,EUCLID AVENUE,STRATFORD STREET,True,True,1,477440053,-76.12305893950877,43.03544784669768
KENWICK DRIVE,850.0824997275137,LISTMAN AVENUE,GRANT BOULEVARD,True,True,1,477429112,-76.13510245451552,43.07364330930559
WEST WASHINGTON STREET,851.6745740179441,WEST STREET ARTERIAL NORTHBOUND,SOUTH FRANKLIN STREET,True,True,3,477435384;477435378;477435358,-76.15711574052578,43.04957423324689
ONONDAGA TERRACE,852.0332467416097,ONONDAGA AVENUE,DEAD END / SAME-NAME BRANCH,False,True,1,477441308,-76.164763359488,43.03072559213594
SIXTH NORTH STREET,852.2178837669518,DEAD END / SAME-NAME BRANCH,HIAWATHA BOULEVARD EAST,False,True,2,477427390;800036181,-76.16014473452833,43.08177559439807
NIVEN STREET,852.6890328642553,BEATTIE STREET,CANDEE AVENUE,True,True,1,477436030,-76.10653815756515,43.04758622954808
CLAIRMONTE AVENUE,854.7827580692302,STOLP AVENUE,CROSSETT STREET,True,True,1,477441693,-76.16910484406313,43.0291185415879
DIDAMA STREET,855.0082706999438,CANDEE AVENUE,BEATTIE STREET,True,True,1,477436342,-76.10645413330825,43.046674600972864
MOUNTAINVIEW AVENUE,855.3908330736789,SMITH STREET;SPRINGFIELD ROAD,FOXBORO ROAD,True,True,2,477434819;477434823,-76.09218631582203,43.05114413565651
BRUCE STREET,855.7848577558185,EAST FAYETTE STREET,DAKIN STREET,True,True,1,477435781,-76.1117191203472,43.04942074903415
CATHERINE STREET,856.4611135250232,EAST LAUREL STREET,HICKORY STREET,True,True,1,477432767,-76.1452082895158,43.057625817080776
WINKWORTH PARKWAY,856.7472713020618,BELLEVUE AVENUE,JUNEWAY ROAD,True,True,1,477441973,-76.19340801618009,43.027908613401024
EAST FAYETTE STREET,857.1814139589839,CANDEE AVENUE,BEATTIE STREET,True,True,1,477435720,-76.10661629662727,43.04847114527042
WEST GENESEE STREET,857.1899867657276,LIBERTY STREET,NORTH GEDDES STREET,True,True,1,477433723,-76.17215190813297,43.05371101427306
MAGNOLIA STREET,857.8738063046964,WEST MARCELLUS STREET,WEST FAYETTE STREET,True,True,1,477436825,-76.1749974138982,43.04563461620765
WEST BELDEN AVENUE,858.2170342209088,LIBERTY STREET,NORTH GEDDES STREET,True,True,1,477433307,-76.17209274002984,43.05491977529737
FOREST HILL DRIVE,858.9579112023719,NORTHCLIFFE ROAD,DEAD END / SAME-NAME BRANCH,False,True,3,477430395;477430208;477430048,-76.11130653093589,43.06730341309789
NORTH SALINA STREET,858.9587933985484,PEARL STREET,HERALD PLACE,True,True,7,477433388;477433411;477433447;477433516;477433683;477433773;477433836,-76.15211494725594,43.05449913595553
FOREST HILL DRIVE,859.2525046249484,NORTHCLIFFE ROAD,DEAD END / SAME-NAME BRANCH,False,True,3,477430393;477430204;477430046,-76.111184660863,43.06730979973691
ARBOR LANE,859.3664151805419,EAST GENESEE STREET,DEAD END / SAME-NAME BRANCH,False,False,3,477438947;800034301;477438654,-76.07828432290557,43.03932035300391
TRACY STREET,859.9362145192353,VAN RENSSELAER STREET,LEAVENWORTH AVENUE,True,True,1,477435507,-76.16472660109623,43.04959452408498
EDISON STREET,859.9494175530472,LIBERTY STREET,NORTH GEDDES STREET,True,True,1,477433110,-76.17206206466597,43.05560379669437
STANDISH DRIVE,860.541585319469,BRADFORD PARKWAY,SHIRLEY ROAD,True,True,1,477439139,-76.10622479721981,43.03858509319755
ERIE BOULEVARD WEST,861.6274321279645,VAN RENSSELAER STREET,LEAVENWORTH AVENUE,True,True,1,477435615,-76.16475468859578,43.04906092309604
HATHERLY ROAD,862.0850891003341,MEADOWBROOK DRIVE,BROOKFORD ROAD,True,True,1,477438682,-76.10316348892238,43.04009823891334
ELM STREET,862.7550555348075,LINCOLN PARK DRIVE,SEDGWICK STREET;SHUART AVENUE,True,True,1,477432408,-76.1302706144021,43.05895586080268
WADSWORTH STREET,863.831310070209,HILLSIDE STREET,COURT STREET,True,True,1,477427889,-76.14178409880128,43.07943820199018
WENTE TERRACE,865.2544449062237,VALLEY DRIVE,BARNES AVENUE,True,True,3,800039476;800039459;477444514,-76.15882864794126,43.01077572702722
EAST GENESEE STREET,865.5632225962123,CARLTON DRIVE,HILLSBORO PLACE,True,True,1,477437914,-76.08745467097536,43.041845003667525
FOREST AVENUE,866.6780114633402,MIDLAND AVENUE,CANNON STREET,True,True,1,477443034,-76.14803219959497,43.02114543175473
SKYTOP ROAD,867.2255268220866,CHINOOK DRIVE SOUTH;WINDING RIDGE ROAD,LAMBRETH LANE;WINDING RIDGE ROAD,True,True,1,477443910,-76.11948896272031,43.01583708144479
SCOVILLE AVENUE,867.2765676405076,WENDELL TERRACE,SEDGWICK DRIVE,True,True,1,477429670,-76.13143631918187,43.06953360876447
BRATTLE ROAD,867.9749190905735,SEDGWICK DRIVE,DEWITT STREET,True,True,1,477431382,-76.13106528833833,43.0625839652529
DORSET ROAD,868.0172770214591,STRATFORD STREET;SUMNER AVENUE,BERKELEY DRIVE,True,True,1,477440397,-76.12616382530685,43.03343252907916
WEST KENNEDY STREET,868.3273217545594,MIDLAND AVENUE,LANDON AVENUE,True,True,5,477441369;800032593;800032594;800032592;800032596,-76.1513051940273,43.02974582766561
ROBERT DRIVE,868.4748181771527,NORTH LORRAINE AVENUE,EAST COLVIN STREET,True,True,1,477442348,-76.13150508082124,43.02600370466751
FOBES AVENUE,872.3370961701149,BEACON ROAD,DUNLAP AVENUE,True,False,1,477428725,-76.11173402173438,43.07473065403182
MADISON STREET,872.4164621368185,OSTROM AVENUE,SOUTH BEECH STREET,True,True,1,477436669,-76.12738751690091,43.04539223332364
MONTICELLO DRIVE SOUTH,872.6672891416019,DEAD END / SAME-NAME BRANCH,PHELPS PLACE,False,True,1,482659668,-76.13917091856513,42.99773762566682
MONTICELLO DRIVE NORTH,872.9570801271443,CLARENCE AVENUE,ORLANDO AVENUE,True,True,1,477445752,-76.1387409419277,43.003225046842985
GLENWOOD AVENUE,873.611050310252,ARCHER ROAD,BELLEVUE AVENUE,True,True,1,477441735,-76.19143353914652,43.02856804109485
BERTRAM PLACE,874.5518057065136,VALLEY DRIVE,DEAD END / SAME-NAME BRANCH,False,True,1,477443598,-76.15895078034245,43.01728704247874
HOOD AVENUE,875.8164901100218,BUTTERNUT STREET,MCCHESNEY PARK DRIVE,True,True,1,477428983,-76.14375408063123,43.07378457631468
KIRKPATRICK STREET,875.9280034055215,GRANT BOULEVARD,SECOND NORTH STREET,True,True,1,477429233,-76.15057910876766,43.07294968359244
MYRTLE STREET,876.6600503170961,DEAD END / SAME-NAME BRANCH,WEST GENESEE STREET,False,True,2,800048566;477435341,-76.19603250324764,43.05068370403243
KELLOGG STREET,877.1052206246668,CONGRESS AVENUE,MASSENA STREET,True,True,1,477439027,-76.16413079566061,43.0387221180828
ERIE BOULEVARD EAST,877.7528723444751,THOMPSON ROAD,HEADSON DRIVE,True,True,1,509997124,-76.08479616881036,43.05541287310554
JAMES STREET,878.604766325444,CATHERINE STREET,LODI STREET,True,True,1,477433279,-76.14175436501779,43.055666635745396
SOUTH SALINA STREET,880.3274508677962,EAST RAYNOR AVENUE,MARTIN LUTHER KING EAST;MARTIN LUTHER KING WEST,True,True,2,477440429;800048983,-76.1492405784506,43.03421664930326
ARCHER ROAD,881.3449753472679,GLENWOOD AVENUE,BELLEVUE AVENUE,True,True,1,477441734,-76.19031966189905,43.02901902056562
KENWOOD AVENUE,881.9088204415287,CADILLAC STREET,COURT STREET,True,True,1,477428120,-76.14921331553893,43.07830065214037
EAST CHELTENHAM ROAD,884.4358536463567,SOUTH SALINA STREET;WEST CHELTENHAM ROAD,COLDBROOK DRIVE,True,True,1,477446430,-76.1418505433737,42.995230275812084
DORWIN AVENUE,885.2131767085262,IDA AVENUE,SOUTH SALINA STREET,True,True,1,477447309,-76.14530182007039,42.98531044502289
HIGHLAND STREET,885.5559944312895,KNAUL STREET,SOUTH CARBON STREET,True,True,1,477430865,-76.14162776418154,43.0652731264075
TULLY STREET,885.5821296844308,TIOGA STREET,WYOMING STREET,True,True,3,477436804;477436753;477436675,-76.16114593605035,43.04504518399159
SALT SPRINGS ROAD,886.251867229935,BARRINGTON ROAD,CARLTON DRIVE,True,True,2,477436466;800029783,-76.08757841118717,43.04683802557309
HIER AVENUE,886.8129377827846,KNAUL STREET,SOUTH CARBON STREET,True,True,1,477430841,-76.14063862585321,43.06532307531726
KIRK AVENUE,886.901054006348,MIDLAND AVENUE,LANDON AVENUE,True,True,1,477441605,-76.15084028143418,43.02871314944042
HURLBURT ROAD,887.3418548486499,ROCKFORD DRIVE,BROOKFORD ROAD;EUCLID AVENUE,True,True,1,477439165,-76.10057963583355,43.038471519601586
BROOKFORD ROAD,887.7869389957887,MEADOWBROOK DRIVE,HATHERLY ROAD,True,True,1,477438683,-76.10416314940095,43.03987864518264
GENANT DRIVE,888.852617227239,WEST KIRKPATRICK STREET,WEST COURT STREET,True,True,1,477431277,-76.15945392492029,43.06339252345848
BERWYN AVENUE,889.0406701467125,EAST COLVIN STREET,DEAD END / SAME-NAME BRANCH,False,True,1,477442642,-76.13909775569242,43.02497777200654
MIDLAND AVENUE,889.6271039576781,TALLMAN STREET,OXFORD STREET,True,True,1,477440173,-76.15578241318367,43.035120133640866
ROSS PARK,890.0741250268438,BUTTERNUT STREET,DEAD END / SAME-NAME BRANCH,False,True,2,800048792;800048791,-76.14382892554167,43.074906294477266
RICH STREET,890.6374513620163,BELLEVUE AVENUE,TALLMAN STREET,True,True,1,477440324,-76.1613193506582,43.03459741507352
VALLEY DRIVE,891.6825384298434,COSSITT STREET,BROOKLEA DRIVE,True,True,1,477446559,-76.15263895068786,42.995056558685974
PARK AVENUE,892.8564611527596,SACKETT STREET,LAKEVIEW AVENUE,True,True,1,477434247,-76.17796099795298,43.052287078495624
BERKSHIRE AVENUE,893.7580190132505,BUTTERNUT STREET,WADSWORTH STREET,True,True,1,477428482,-76.14097432039021,43.0757336531224
KENSINGTON PLACE,895.357748098697,BROAD STREET,ANDOVER ROAD,True,True,1,477441702,-76.11966130271786,43.02913363051546
MERRELL ROAD,895.4100648941933,HUNTINGTON ROAD,BELLEVUE AVENUE,True,True,1,477441435,-76.19409462946253,43.02975094508052
BUCKINGHAM AVENUE,895.9577505996648,ANDOVER ROAD,BROAD STREET,True,True,1,477441723,-76.120963621676,43.02906870415762
GRACE STREET,896.3931949823503,CONGRESS AVENUE,MASSENA STREET,True,True,1,477438801,-76.16497832091282,43.03937611844048
LEMOYNE AVENUE,896.6378490355966,STEDMAN STREET,SEVENTH NORTH STREET,True,True,1,477427869,-76.15507658082447,43.07940221062696
BURNET AVENUE,897.6880873672371,NORTH CROUSE AVENUE,OAK STREET,True,True,1,477434279,-76.13474579811142,43.05215278428486
BRIGGS STREET,898.0698284228879,BUTTERNUT STREET,WADSWORTH STREET,True,True,1,477428314,-76.14105084897298,43.076571292220514
MAYWOOD DRIVE,900.2900576472929,EAST SENECA TURNPIKE,DEAD END / SAME-NAME BRANCH,False,True,1,477445834,-76.13727015873955,43.00249517615911
CLOVER RIDGE DRIVE,903.4828523473544,EAST JAMES STREET;JAMES STREET,NORTHCLIFFE ROAD,True,False,3,477429944;800029111;477430188,-76.09318231685872,43.0682228281147
SOUTH EDWARDS AVENUE,903.6703627207364,NORTHCLIFFE ROAD,JAMES STREET,True,True,1,477430342,-76.10624210053447,43.067614927324094
WEST LYNHURST AVENUE,904.3713326571859,SOUTH SALINA STREET,DEAD END / SAME-NAME BRANCH,False,True,1,477443863,-76.142803323292,43.015240419483895
DOUGLAS STREET,904.8331300694554,OAK STREET,GRAVES STREET,True,True,1,477431645,-76.13741009367963,43.0614182274958
WARNER AVENUE,905.048990927262,MIDLAND AVENUE,CANNON STREET,True,True,1,477442902,-76.14830819295173,43.02208828024165
HICKOK AVENUE,905.2264128997389,NORTHCLIFFE ROAD,JAMES STREET,True,True,1,477430427,-76.11399573825032,43.06724311610732
HARTSON STREET,905.7840274784477,HERRIMAN STREET,SOUTH GEDDES STREET,True,True,1,477439395,-76.17538950733638,43.03660864302509
MCLENNAN AVENUE,905.919870249699,LANDON AVENUE,MIDLAND AVENUE,True,True,1,477441826,-76.15046032813596,43.02781260573431
NORTH CLINTON STREET,905.99049267216,GENANT TO NORTH CLINTON CONNECTOR,WEST BEAR STREET,True,True,1,800041906,-76.16298462378764,43.064933068282684
DEFOREST ROAD,906.1694719647104,HILLSBORO PARKWAY,EAST GENESEE STREET,True,True,1,477437890,-76.09138278851628,43.041691840820555
CHATHAM ROAD,906.5736858008829,HAMPTON ROAD,DURSTON AVENUE,True,True,1,477430381,-76.1254417841224,43.06637701526555
SOUTH COLLINGWOOD AVENUE,906.5837889119367,NORTHCLIFFE ROAD,JAMES STREET,True,True,1,477430356,-76.10744501819322,43.067549335098
SENECA DRIVE,906.7254882221008,CLARENCE AVENUE,ORLANDO AVENUE,True,True,1,477445643,-76.13997625136805,43.00315585742509
HAZELWOOD AVENUE,906.7542944579229,SMITH STREET,LIME STREET,True,True,2,477434389;800048394,-76.09230175981723,43.05198709013867
NORTHWAY STREET,906.8814788174709,LIME STREET,SMITH STREET,True,True,2,477434043;800048585,-76.09237471249236,43.052834554924544
WOODBINE AVENUE,906.9152144643219,NORTHCLIFFE ROAD,JAMES STREET,True,True,1,477430385,-76.1099517717302,43.067432615736394
HILLSDALE AVENUE,907.2237572153695,CALEB AVENUE,SUNNYCREST ROAD,True,True,1,477432007,-76.1080857773385,43.06048511536817
STAFFORD AVENUE,907.360029884975,NORTHCLIFFE ROAD,JAMES STREET,True,True,1,477430406,-76.11262173179982,43.06730610121458
NICHOLS AVENUE,907.668136648019,NORTHCLIFFE ROAD,JAMES STREET,True,True,1,477430311,-76.1037798954466,43.06772889460986
BEVERLY ROAD,908.4154644898474,STOLP AVENUE,CROSSETT STREET,True,True,1,477441715,-76.16761877125771,43.029098111205656
SOUTH MIDLER AVENUE,908.8992676991504,NORTHCLIFFE ROAD,JAMES STREET;NORTH MIDLER AVENUE,True,True,1,477430321,-76.10502924250514,43.06767559508889
WEST STREET ARTERIAL NORTHBOUND,909.2412431215892,WEST JEFFERSON STREET,FABIUS STREET,True,True,1,477436772,-76.15853103333849,43.04599389381654
POLK STREET,909.303820672738,LIME STREET,SMITH STREET,True,True,1,477433740,-76.0924512560299,43.05368405873105
WEST KIRKPATRICK STREET,910.2997149234109,VAN RENSSELAER STREET,HUNTER AVENUE,True,True,1,477432432,-76.16763758527043,43.058161462912544
BUNKER HILL WAY,911.0179957223029,DEAD END / SAME-NAME BRANCH,GLENWOOD AVENUE,False,False,3,477442457;477442475;477442335,-76.18394631306857,43.02453852631066
WEST BEAR STREET,911.1277129361622,VAN RENSSELAER STREET,PULASKI STREET,True,True,1,477431756,-76.17137046367309,43.06030238269678
HILLSDALE AVENUE,912.1176756155206,NORTHCLIFFE ROAD,JAMES STREET,True,True,1,477430373,-76.1087103651414,43.06748793205227
ERIE BOULEVARD EAST,912.1212446100308,SMITH STREET,LIME STREET,True,True,2,477433333;477433383,-76.092548856497,43.05484943053037
MALVERNE DRIVE,912.3553967684045,COURT STREET,HILLSIDE STREET,True,True,1,477427984,-76.14261672708435,43.078890835716365
EAST LAUREL STREET,913.6883460082647,SOUTH ALVORD STREET,LODI STREET,True,True,1,477432057,-76.14455317717486,43.06012640577777
WHITWELL DRIVE,915.1246675803069,FARMER STREET,DEAD END / SAME-NAME BRANCH,False,True,2,477430790;477430418,-76.13750563834647,43.065530416756005
EAST WATER STREET,916.2371788339307,SOUTH CROUSE AVENUE,FORMAN AVENUE,True,True,2,477435160;477435152,-76.13818428552516,43.05031075230623
MATHER STREET,921.3709569423218,HAWLEY AVENUE,LINCOLN PARK DRIVE,True,True,1,477433158,-76.12891789326949,43.0566701091801
SHIRLEY ROAD,921.9563852738287,STANDISH DRIVE,EUCLID AVENUE,True,True,1,477439600,-76.10467188989065,43.036800390598295
MANOR DRIVE,922.6405342538765,BARRINGTON ROAD,DEMONG DRIVE;RADCLIFFE ROAD;SALT SPRINGS ROAD,True,True,1,477437897,-76.08257412241284,43.04273699229672
ERIE BOULEVARD EAST,923.16554803637,FORMAN AVENUE,NORTH CROUSE AVENUE;SOUTH CROUSE AVENUE,True,True,2,477434985;477435004,-76.13818831507606,43.050740588456385
TWIN HILLS DRIVE,923.3781405579861,ALANSON ROAD,ALANSON ROAD,True,True,1,477442656,-76.17281775609119,43.02433014490112
MOSLEY DRIVE,924.3999162420193,JAMES STREET,NORTHCLIFFE ROAD,True,True,1,477430285,-76.10113996031153,43.067826879218295
FAIRVIEW AVENUE,924.5000755196766,BURNET AVENUE,HAWLEY AVENUE,True,True,1,477433985,-76.12684157143867,43.05421718914615
FAGE AVENUE,925.7361691107089,CANNON STREET,MIDLAND AVENUE,True,True,1,477442635,-76.14882783566037,43.02357862009579
MILDRED AVENUE,927.6491214626649,GEORGE STREET,TEALL AVENUE,True,True,1,477429615,-76.12160565527513,43.07044195217163
CLYDE AVENUE,928.0475649338335,WEST COLVIN STREET,HILLVIEW AVENUE,True,True,1,477443112,-76.16167713213355,43.02179350327187
JAMESVILLE AVENUE,928.0655280449248,VINCENT STREET,THURBER STREET,True,True,3,800048453;477443346;800048430,-76.13183209046643,43.02011560609396
WEST BORDEN AVENUE,928.3586436382061,LANDON AVENUE,MIDLAND AVENUE,True,True,1,477442017,-76.150091138401,43.02694881803137
ELM STREET,928.8311969327815,LINCOLN PARK DRIVE,HAWLEY AVENUE,True,True,1,477433168,-76.13043529348921,43.05661714514926
EAST BISSELL STREET,929.2637687458147,ROCKLAND AVENUE,SOUTH AVENUE;WEST BISSELL STREET,True,True,1,477442511,-76.15757997821541,43.025076897593735
LEON STREET,930.1608529657562,MARTIN LUTHER KING EAST,EAST KENNEDY STREET,True,True,1,477440747,-76.14335603472763,43.03304128808853
CORTLAND AVENUE,930.7159471029427,TALLMAN STREET,OXFORD STREET,True,True,4,800030648;800030650;477440130;800030649,-76.15131281327876,43.03520562144373
EAST WARRINGTON ROAD,931.7754973718803,SOUTH SALINA STREET,COLDBROOK DRIVE,True,True,1,477446517,-76.14188204137658,42.99436002590078
HOMECROFT ROAD,932.4326707254012,NORTHCLIFFE ROAD,JAMES STREET,True,True,1,477430312,-76.10246594593292,43.06775543674275
CIRCLE ROAD,932.9372159884243,ACORN PATH,BERKELEY DRIVE;DORSET ROAD,True,True,1,477441068,-76.12796568494335,43.03190004927182
GENANT DRIVE,934.004312462034,GENANT TO NORTH CLINTON CONNECTOR,WEST BEAR STREET,True,True,2,477430686;477430447,-76.16252231445704,43.06535336414248
BENHAM AVENUE,935.3947329384752,SALISBURY ROAD,COREY ROAD,True,False,2,477437658;477438407,-76.19544308340282,43.04087580212357
NORMANOR DRIVE,935.791525901737,ACADEMY PLACE,EAST CHAFFEE AVENUE,True,True,1,477446357,-76.15067068802263,42.99655802309631
FERNWOOD AVENUE,936.5873911916801,CANNON STREET,MIDLAND AVENUE,True,True,1,477442802,-76.14849842321496,43.02276722685633
NORTH CLINTON STREET,936.6987492894332,GENANT DRIVE,WEST DIVISION STREET,True,True,1,477432468,-76.15573059728885,43.0579120713583
WILLUMAE DRIVE,937.4358411354032,LEMOYNE AVENUE,TURTLE STREET,True,True,1,477428086,-76.15503539271063,43.07810531658927
MILNOR AVENUE,937.9896312934984,SEELEY ROAD,BALL AVENUE,True,True,1,477436098,-76.10181000402629,43.047432771939924
FAYETTE BOULEVARD,938.5768478000492,SEELEY ROAD,BALL AVENUE,True,True,1,477435559,-76.1019494356862,43.04901954240538
STANDISH DRIVE,938.9920916978049,EUCLID AVENUE,STANDISH TERRACE,True,False,2,477440458;477440548,-76.10380211474323,43.033768378542185
MARTIN STREET,939.4708452132282,COURT STREET,CADILLAC STREET,True,True,1,477427988,-76.14837481419988,43.07885710499439
DELRAY AVENUE,939.8103781610204,SEELEY ROAD,BALL AVENUE,True,True,1,477435315,-76.10201429298957,43.04981761980161
MOUNTAINVIEW AVENUE,939.915987506005,SEELEY ROAD,BALL AVENUE,True,True,1,477435081,-76.10208304433566,43.05060491136156
NORWOOD AVENUE,940.4197719833413,DEAD END / SAME-NAME BRANCH,COUGHLIN AVENUE,False,False,2,800052414;477428934,-76.1099764634164,43.07477132755692
HARWOOD AVENUE,940.7191130660062,SEELEY ROAD,BALL AVENUE,True,True,1,477435829,-76.10187847662539,43.04822589026697
SMALL ROAD,941.1427341357371,SLOCUM DRIVE,DEAD END / SAME-NAME BRANCH,False,True,1,800034405,-76.11547532117307,43.021611183928414
CRAWFORD AVENUE,941.3705689728401,SHERBOURNE ROAD,MONTANA STREET,True,True,1,477440666,-76.10991905628174,43.03333680547431
HUDSON STREET,943.7835864614581,TALLMAN STREET,BELLEVUE AVENUE,True,True,1,477440311,-76.16011034662301,43.03472213153323
WILLIS AVENUE,944.6369828047402,HERKIMER STREET,DEAD END / SAME-NAME BRANCH,False,True,2,477741260;504325334,-76.19356649264793,43.054213378143054
LEMOYNE AVENUE,945.3007787805038,WADSWORTH STREET,MERRILL STREET,True,True,2,477427267;800040445,-76.14925880691162,43.082925294662736
OAKWOOD AVENUE,946.8093625682116,MARTIN LUTHER KING EAST,EAST KENNEDY STREET,True,True,1,477440848,-76.14468696965217,43.03268598322009
VALLEY VIEW DRIVE,947.2622272238121,BARNES AVENUE,VALLEY DRIVE,True,True,3,477444653;800039466;800039456,-76.15849609047974,43.00980954208579
FARMER STREET,951.5125022033237,DEWITT STREET,SEDGWICK DRIVE,True,True,1,477430754,-76.13216479920085,43.06450965804568
FELLOWS AVENUE,951.9129438691722,CLARKE STREET,HARVARD PLACE,True,True,1,477438624,-76.11536650512828,43.04038819089103
WEST NEWELL STREET,952.4364601043163,CANNON STREET,EAST NEWELL STREET;SOUTH SALINA STREET,True,True,1,477443522,-76.14349522501925,43.01785541308605
GIFFORD STREET,952.7434925722649,ONTARIO STREET,OSWEGO STREET,True,True,2,477437322;800048389,-76.16583425987699,43.04309263785336
LOCKESLEY ROAD,952.7792581448031,WINDHAM DRIVE,EUCLID AVENUE,True,True,1,477439598,-76.09669116045286,43.03696295825667
LYNN CIRCLE,953.6972439735373,DEAD END / SAME-NAME BRANCH,SUNRISE DRIVE,False,True,1,477446733,-76.13641905114744,42.993214009975695
MAPLEHURST AVENUE,954.8403594344778,HILLSIDE STREET,DARLINGTON ROAD;HUNTLEY STREET,True,True,1,477428003,-76.1379032287659,43.07879747934364
SOUTH STATE STREET,955.4623364974937,EAST KENNEDY STREET,MARTIN LUTHER KING EAST,True,True,1,477440947,-76.14638134595695,43.03225818435782
LOMA AVENUE,957.0357538065729,COURT STREET,HILLSIDE STREET,True,True,1,477428117,-76.14340438626671,43.078384682912926
CLEVELAND AVENUE,957.1849104827502,GRIFFITHS STREET,WARHAM STREET,True,True,1,477429736,-76.14510348455102,43.07040468431096
KINGSLEY PLACE,958.8806844536367,DEAD END / SAME-NAME BRANCH,EMERSON AVENUE;LEWIS STREET,False,True,1,477432957,-76.19102316901868,43.057015099050666
DEWITT ROAD,961.6726646665999,LOCKWOOD ROAD,EAST GENESEE STREET,True,True,3,477438809;800052322;477438168,-76.08331824139786,43.03972146529181
GIFFORD STREET,962.0360156793522,NIAGARA STREET,OSWEGO STREET,True,True,1,477437298,-76.16225956087851,43.043263033321104
NORTH MIDLER AVENUE,962.7522305712253,NEW COURT AVENUE,COUGHLIN AVENUE,True,False,2,800052437;477428885,-76.10570915932837,43.074996198836345
SEYMOUR STREET,963.0182495797138,NIAGARA STREET,OSWEGO STREET,True,True,1,477437617,-76.1621842934979,43.04235516373667
WEST LAFAYETTE AVENUE,963.4352469959201,CANNON STREET,EAST LAFAYETTE AVENUE;SOUTH SALINA STREET,True,True,1,477443319,-76.14427595760874,43.01947587114675
SAINT LOUIS AVENUE,966.4392695516837,BARNES AVENUE,VALLEY DRIVE,True,True,3,477444790;800039454;800039453,-76.15811533618357,43.00893962185289
HEADSON DRIVE,972.1825677949688,THOMPSON ROAD,DEAD END / SAME-NAME BRANCH,False,False,5,800052324;800052310;800052327;800052314;507665679,-76.08457080694458,43.054906732010664
FAY ROAD,972.342585081353,SALISBURY ROAD,ROBERTSON TERRACE;ROSITA STREET,True,False,2,800049096;477437726,-76.1989059021265,43.04312765517431
CARLTON ROAD,975.7300288736982,SOUTH GEDDES STREET,ARDEN DRIVE,True,True,1,477443264,-76.17508995284678,43.020248086350136
SOUTH CLINTON STREET,976.293158328382,WEST JEFFERSON STREET,DICKERSON STREET,True,True,1,477436871,-76.15358637701179,43.04572625661581
GREENLAND DRIVE,979.411064283667,GRANT BOULEVARD,HAROLD STREET,True,True,1,477429186,-76.14135479217445,43.07351259391275
BENEDICT AVENUE,980.4789317875264,EAST COLVIN STREET,DEAD END / SAME-NAME BRANCH,False,True,1,511163749,-76.13808827589774,43.0248666281552
HARDING PLACE,981.7211441251982,SOUTH SALINA STREET,COLDBROOK DRIVE,True,True,1,477446617,-76.14192646976574,42.99345542989122
GIFFORD STREET,983.5480631251755,SOUTH GEDDES STREET,ONTARIO STREET,True,True,1,477437359,-76.16944948327827,43.04292625227565
CLAIRE ROAD,983.5933468808681,CARLTON DRIVE,GIFFORD PARKWAY,True,True,1,477437525,-76.08691395011643,43.04295613481608
WOODBINE AVENUE,983.9170860766832,SUNNYCREST ROAD,CALEB AVENUE,True,True,1,477432075,-76.10930581706016,43.06032309304455
CRESTVIEW TERRACE,984.2218474304253,DEAD END / SAME-NAME BRANCH,CAYUGA STREET;MYRTLE STREET,False,False,4,477436365;800049099;477435738;800049098,-76.19504094927215,43.04771658894183
JAMESVILLE AVENUE,986.241071950944,AINSLEY DRIVE,JEAN AVENUE;TEJAH AVENUE,True,True,2,477444406;477444236,-76.12534413589447,43.01258882344921
DAWES AVENUE,987.6971751734048,SLAYTON AVENUE,SOUTH SALINA STREET,True,True,1,477444805,-76.14441681930892,43.00873312227886
RUTH AVENUE,988.1341590087084,BOISE DRIVE,VINCENT STREET,True,True,1,477442967,-76.13116993772586,43.022742723898546
SOUTH SALINA STREET,988.2400675812374,EAST JEFFERSON STREET;WEST JEFFERSON STREET,EAST ONONDAGA STREET;HARRISON STREET;WEST ONONDAGA STREET,True,True,1,477436842,-76.15225834350288,43.04568872405921
BUCKINGHAM AVENUE,988.6310015410161,ANDOVER ROAD,MEADOWBROOK DRIVE,True,True,1,477442299,-76.12070641419355,43.02649070656008
BALDWIN AVENUE,990.2866729210821,ONONDAGA CREEK BOULEVARD EAST,WEST NEWELL STREET,True,True,1,477444037,-76.15520762166805,43.01531117413319
STAFFORD AVENUE,990.294382736048,CALEB AVENUE,SUNNYCREST ROAD,True,True,1,477432111,-76.11198728083332,43.06018654954044
PAUL AVENUE,991.2496648767216,JAMES STREET,GEORGE STREET,True,True,1,477430092,-76.1192542933751,43.068231076303874
NORTH BEECH STREET,991.536930817894,BURNET AVENUE,HAWLEY AVENUE,True,True,1,477434049,-76.12763760778725,43.054092330661945
WEST OSTRANDER AVENUE,992.6821011729689,CANNON STREET,SOUTH SALINA STREET,True,True,1,477444010,-76.14321752477719,43.01424924974552
WEST ONONDAGA STREET,995.2506974537592,SOUTH WEST STREET,SEYMOUR STREET;SHONNARD STREET;WEST ADAMS STREET,True,True,3,800040237;509997496;509997008,-76.15599360130139,43.04161868531729
MONTGOMERY STREET,997.0158336203151,BURT STREET,EAST RAYNOR AVENUE,True,True,1,477439509,-76.14860217182357,43.036814513676084
COMSTOCK AVENUE,997.0304371538774,BUTLER STREET,JAMESVILLE AVENUE,True,True,2,477443812;800048138,-76.12803127656525,43.01701061401173
WEST JEFFERSON STREET,999.6489654188016,SOUTH FRANKLIN STREET,DEAD END / SAME-NAME BRANCH,False,True,3,477436140;477436316;477436317,-76.15537404146798,43.04693550553204
HICKOK AVENUE,999.6614153065319,CALEB AVENUE,SUNNYCREST ROAD,True,True,1,477432125,-76.1133535919899,43.060112083261835
LAMSON STREET,1000.3342976838904,TYSON PLACE,DEAD END / SAME-NAME BRANCH,False,False,1,477429366,-76.10020832101331,43.072451021395445
HASTINGS PLACE,1000.5246592308307,JAMES STREET,MELROSE AVENUE,True,True,1,477430705,-76.11780591795814,43.06596501991387
GRANT BOULEVARD,1000.6555185565878,EASTWOOD ROAD,VILLAGE DRIVE,True,True,3,477429832;800053203;477429802,-76.11688177158527,43.06940474789805
KUHL AVENUE,1000.657311813733,COURT STREET,BUTTERNUT STREET;HILLSIDE STREET,True,True,1,477428225,-76.14419788146238,43.07787183540671
PARK STREET,1001.1977756042571,HARBORSIDE DRIVE;NBT BANK PARKWAY,FARMERS MARKET WAY,True,True,4,477428730;800030836;477428902;477429079,-76.16968267268118,43.07365842366142
LANCASTER AVENUE,1002.7881739424973,EAST COLVIN STREET,MEADOWBROOK DRIVE,True,True,1,477442896,-76.12169159506865,43.02327825101107
HARRIETTE AVENUE,1003.9578321245788,BOISE DRIVE,VINCENT STREET,True,True,1,477442957,-76.13026931547175,43.02279811161189
BROOKLEA PLACE,1004.0686055668789,EAST CHAFFEE AVENUE,STACY PLACE,True,True,1,477446444,-76.14963713074376,42.99630646089841
HIGHLAND AVENUE,1004.7662882006822,DEWITT STREET,OAK STREET,True,True,1,477431634,-76.13432826153044,43.06154220012858
RUGBY ROAD,1005.6942933981385,JAMES STREET,TEALL AVENUE,True,True,1,477430369,-76.12143068405433,43.06721214013301
LANCASTER AVENUE,1005.9229488176816,LANCASTER PLACE,MEADOWBROOK DRIVE,True,True,2,800048511;477442371,-76.12193971498453,43.026167228470584
LAWRENCE STREET,1006.860596290904,POND STREET,KIRKPATRICK STREET,True,True,1,477429821,-76.15104342564658,43.06943395218479
NOTTINGHAM ROAD,1008.3168396579289,JULIAN PLACE;LEWISTON DRIVE,SHERMAN STREET,True,False,1,477442661,-76.11115527941953,43.02450466040245
STEUBEN STREET,1008.4130510029736,KIRKPATRICK STREET,POND STREET,True,True,1,477430556,-76.15362725447528,43.065971674109775
REED AVENUE,1008.6853910610413,STOLP AVENUE,BELLEVUE AVENUE,True,True,1,477441238,-76.18166748931442,43.03123124324567
NORTH ALVORD STREET,1009.7955226782575,KIRKPATRICK STREET;UNION PLACE,POND STREET,True,True,1,477430676,-76.15406287685181,43.06537887601275
RIDER AVENUE,1010.4180084155258,STOLP AVENUE,BELLEVUE AVENUE,True,True,1,477441233,-76.18066782203486,43.031265607963626
PARK STREET,1010.7619043408703,KIRKPATRICK STREET,POND STREET,True,True,1,477430441,-76.15318441892366,43.06656427817512
RICHARD ROAD,1012.647109932048,WINKWORTH PARKWAY,KNOLLTOP TERRACE,True,False,2,800049572;477442520,-76.20280820549546,43.02537018081739
BRAMPTON ROAD,1014.6393070939091,SOUTH SALINA STREET,COLDBROOK DRIVE,True,True,1,477446717,-76.14200214149021,42.992365410099424
LAKEVIEW AVENUE,1017.0437792090734,LIBERTY STREET,RICHMOND AVENUE,True,True,1,477435462,-76.17604092426123,43.04962799516649
COMSTOCK AVENUE,1019.2949214337322,MANLEY FIELD HOUSE,COMSTOCK ART,True,True,1,600035952,-76.12888601808585,43.026295133573335
WEST PLEASANT AVENUE,1020.9547072968692,SOUTH SALINA STREET,CANNON STREET,True,True,1,477443650,-76.1432937396642,43.017039749789724
WEST FAYETTE STREET,1021.6531030110451,SOUTH GEDDES STREET,SENECA STREET,True,True,2,800032551;477436501,-76.1691143450436,43.04626518151076
EAST GENESEE STREET,1024.3992581787045,SCOTTHOLM BOULEVARD,GENESEE PARK DRIVE;SCOTT AVENUE,True,True,1,477437186,-76.11027631044975,43.04414552973285
BUTTERNUT STREET,1025.1594233626952,NORTH FRANKLIN STREET;WEBSTERS LANDING,SALT STREET,True,True,7,700000805;477433291;477433208;477432842;477432807;477432786;477454132,-76.15386371987788,43.0560134088576
DELAWARE STREET,1025.9163964967122,DAVIS STREET,SABINE STREET,True,True,1,477439157,-76.17095407838333,43.038200260296854
WEST FLORENCE AVENUE,1026.279950548016,SOUTH SALINA STREET,DEAD END / SAME-NAME BRANCH,False,True,1,477445076,-76.14490896694828,43.00706071313495
STANDISH DRIVE,1026.4868495291053,SHIRLEY ROAD,EUCLID AVENUE,True,True,1,477439894,-76.1054887486229,43.036123019665055
SCOTT AVENUE,1027.3612399280214,MEADOWBROOK DRIVE,WEST SCOTT AVENUE,True,True,1,477438557,-76.10907105027809,43.040466269403055
WEST CORNING AVENUE,1029.1357816568018,EAST CORNING AVENUE;SOUTH SALINA STREET,CANNON STREET,True,True,1,477443422,-76.14399860491348,43.0186233565419
JAMES STREET,1029.5995115981475,DEWITT STREET,OAK STREET,True,True,1,477432012,-76.13295081702898,43.05998215311683
SKYTOP ROAD,1030.2624862127375,CHINOOK DRIVE SOUTH;WINDING RIDGE ROAD,FARM ACRE ROAD,True,True,1,477443672,-76.12195743185006,43.01769872032828
WEST NEWELL STREET,1030.5458760691076,MIDLAND AVENUE,KENMORE AVENUE,True,True,1,477443630,-76.15019687324379,43.017180734216176
COLBY AVENUE,1034.5747623412342,COUGHLIN AVENUE,TYSON PLACE,True,True,1,477429398,-76.10304781032123,43.07236911848686
SCOTT AVENUE,1034.646708097384,EUCLID AVENUE,STANDISH TERRACE,True,False,2,477440489;477440687,-76.10645781806645,43.03341902837891
RIGI AVENUE,1035.7594986978104,COUGHLIN AVENUE,TYSON PLACE,True,True,1,477429410,-76.10430027021789,43.072304650874415
NORWOOD AVENUE,1036.632491530554,TYSON PLACE,COUGHLIN AVENUE,True,True,1,477429470,-76.10976402723983,43.07206293591699
WENDELL TERRACE,1036.7451591960116,SEDGWICK DRIVE,RUGBY ROAD,True,True,1,477430650,-76.12993583848659,43.0661605052803
COMSTOCK AVENUE,1037.7885893781154,COMSTOCK ART,ACORN PATH,True,True,2,600035949;477441206,-76.12914331229938,43.029111597738236
LILLIAN AVENUE,1038.1443881758098,TYSON PLACE,COUGHLIN AVENUE,True,True,1,477429481,-76.1107923846722,43.07201147552877
ASHDALE AVENUE,1038.4905717447973,TYSON PLACE,COUGHLIN AVENUE,True,True,1,477429461,-76.10865528888012,43.07210362627668
HIGHPOINT STREET,1038.5481116839517,JENSEN AVENUE,SEYMOUR STREET;SOUTH WILBUR AVENUE,True,True,1,800097650,-76.17519413207637,43.04098312029748
RIEGEL STREET,1040.3305442833914,PEAT STREET,GREENWAY AVENUE,True,True,1,477433478,-76.11748584108882,43.054686076616
NORTH MIDLER AVENUE,1042.2480441199536,COUGHLIN AVENUE,TYSON PLACE,True,True,1,477429436,-76.1055440332086,43.07224763183458
NORTH EDWARDS AVENUE,1042.2894729424402,COUGHLIN AVENUE,TYSON PLACE,True,True,1,477429448,-76.10664580054994,43.07218858917864
NORTH COLLINGWOOD AVENUE,1043.5710280518952,COUGHLIN AVENUE,TYSON PLACE,True,True,1,477429453,-76.10764587920485,43.07215246844731
JASPER STREET,1044.5138059123797,HIGHLAND STREET;JASPER PLACE,BEECHER STREET,True,True,1,477431323,-76.13946305955184,43.0622025403414
FITCH STREET,1049.0376629071977,DUDLEY STREET,WEST ONONDAGA STREET,True,True,1,477439883,-76.16747458663436,43.03557459433747
BALL CIRCLE,1049.1573816393163,EAST BRIGHTON AVENUE,AINSLEY DRIVE,True,True,1,477444445,-76.13311158139972,43.01225746970817
WHITTIER AVENUE,1052.7117722828432,COLERIDGE AVENUE,BURNET PARK DRIVE,True,True,2,800049079;477437336,-76.186335866482,43.04361127779707
FISCOE AVENUE,1057.6200907148427,SOUTH SALINA STREET,DEAD END / SAME-NAME BRANCH,False,True,1,477446668,-76.14581437809036,42.99273613279787
SEARLWYN ROAD,1058.1040044415236,COLDBROOK DRIVE,SOUTH SALINA STREET,True,True,1,477446820,-76.14205806770231,42.991502930169716
ALMOND STREET,1059.0028932618407,HARRISON STREET,EAST GENESEE STREET,True,True,2,477436881;477436548,-76.1425313266485,43.04583253385009
SOUTH MIDLER AVENUE,1060.155753580286,CANAL STREET;SIMON DRIVE,BURNET AVENUE,True,True,8,477433102;477432908;477432788;477432645;477432536;477432481;477432426;477432356,-76.10404904560258,43.057064539899415
FORD AVENUE,1063.8853640339846,VALLEY DRIVE,ONONDAGA CREEK BOULEVARD,True,True,1,477444188,-76.1566095851878,43.01325818185563
WEST CALTHROP AVENUE,1063.9606159694758,SOUTH SALINA STREET,CANNON STREET,True,True,1,477443750,-76.14316005054131,43.016138880834625
TEALL AVENUE,1065.8186513743974,JAMES STREET,RUGBY ROAD,True,True,1,477430607,-76.12278056535257,43.066493622056704
BRADFORD PARKWAY,1066.6610789362492,WOODSIDE DRIVE,DEAD END / SAME-NAME BRANCH,False,True,1,477440359,-76.10003777428217,43.034448402525406
DALE STREET,1069.0338683806149,HILLSIDE STREET,COURT STREET,True,True,1,477428385,-76.14513244574022,43.0772447770473
MERRILL STREET,1071.3288313592493,DEAD END / SAME-NAME BRANCH,LEMOYNE AVENUE,False,True,1,477427268,-76.1508670207582,43.08309404944209
FERNDALE DRIVE,1074.0862260912686,FLORAL PARKWAY,WEST GLEN AVENUE,True,True,1,477445699,-76.1458905527005,43.00401081349915
HOOD AVENUE,1074.4867363964574,KIRKPATRICK STREET,MCCHESNEY PARK DRIVE,True,True,1,600010258,-76.14646580616626,43.075554095429254
WEST OSTRANDER AVENUE,1076.6676100538712,MIDLAND AVENUE,KENMORE AVENUE,True,True,1,477444060,-76.14999171031835,43.01389073334908
MATHER STREET,1079.8284254077778,BURNET AVENUE,HAWLEY AVENUE,True,True,1,477434128,-76.12870650832483,43.05392855524253
RIDER AVENUE,1080.019832507429,STOLP AVENUE,HANCOCK DRIVE,True,True,1,477441910,-76.18031164329255,43.02843097587066
WEST LAFAYETTE AVENUE,1082.0182238444181,MIDLAND AVENUE,RICHARDSON AVENUE,True,True,1,477443411,-76.15089353801898,43.01877745686189
LORRAINE AVENUE,1082.8038686423959,VINCENT STREET,BOISE DRIVE,True,True,1,477442972,-76.13206573016414,43.02282862107923
THURLOW DRIVE,1083.2682570536824,SUNRISE DRIVE,SUNRISE DRIVE,True,True,1,477446511,-76.13705745134715,42.99543569907722
BELLEVUE AVENUE,1085.771657620605,HUNTINGTON ROAD,ALEXANDER DRIVE,True,False,2,477441590;477441645,-76.1975437616426,43.02832920444371
MERRELL ROAD,1086.6214203130428,HUNTINGTON ROAD,ALEXANDER DRIVE,True,False,1,477441394,-76.19758908119405,43.02938906426384
EDGEMONT DRIVE,1088.1400739305418,HADDON ROAD,ENFIELD PLACE;EUCLID AVENUE;KIMBER ROAD,True,True,1,477438560,-76.0915603897482,43.0393362950043
MIDLAND AVENUE,1089.3203866393617,FLORAL PARKWAY,WEST GLEN AVENUE,True,True,2,800040328;477445715,-76.14711215219467,43.00393267932873
WEBSTER AVENUE,1090.7203220245965,WEST COLVIN STREET,WARNER AVENUE,True,True,1,477442813,-76.14579234282712,43.02382271993799
BURNET AVENUE,1094.2176567251745,BOSTON STREET,THOMPSON ROAD,True,True,1,477431488,-76.08816063940792,43.06160504829512
GENESEE PARK DRIVE,1099.2286651973768,EAST FAYETTE STREET,SALT SPRINGS ROAD,True,True,1,477436652,-76.1092472981389,43.04685787934659
BERGER AVENUE,1102.5660149450953,WEST OSTRANDER AVENUE,WEST NEWELL STREET,True,True,1,477444070,-76.15415506579302,43.0152640525303
RENWICK AVENUE,1104.0993995146448,FINEVIEW PLACE,MARTIN LUTHER KING EAST,True,True,5,800036337;477439556;477439608;800036341;477439960,-76.14197415956495,43.03575610404185
HANCOCK DRIVE,1104.5979272452478,STOLP AVENUE,DEAD END / SAME-NAME BRANCH,False,True,2,800041435;477441928,-76.17945057464479,43.02841005989442
XAVIER CIRCLE,1106.5353254551258,DEAD END / SAME-NAME BRANCH,DEAD END / SAME-NAME BRANCH,False,True,2,800032796;800032797,-76.13019814409935,43.02032916480772
VELASKO ROAD,1113.7984670874878,ONONDAGA BOULEVARD;WEST ONONDAGA STREET,GRAND AVENUE;SOUTH AVERY AVENUE,True,True,6,600063427;600063424;600063423;800050531;477439790;477439667,-76.1879146567746,43.03494723016863
WEST STREET ARTERIAL SOUTHBOUND,1115.963791467761,SOUTH WEST STREET,FABIUS STREET,True,True,2,477436151;477436551,-76.15872349644316,43.046234802346646
REED AVENUE,1116.3668143243742,STOLP AVENUE,ARGONNE DRIVE,True,True,1,477441945,-76.18130654218534,43.028349594899765
PARKSIDE AVENUE,1117.7455470585326,ONONDAGA AVENUE,DEAD END / SAME-NAME BRANCH,False,True,1,477442324,-76.16291225732513,43.025222899920706
MAPLEWOOD AVENUE,1118.2774051612996,COLDBROOK DRIVE,SOUTH SALINA STREET,True,True,1,477447083,-76.14202601451613,42.98817641297139
TEJAH AVENUE,1120.7638722933675,ROE AVENUE;THAYER STREET,JAMESVILLE AVENUE;JEAN AVENUE,True,True,1,477444071,-76.12473719557248,43.014369036631884
COMSTOCK AVENUE,1122.6974871305688,UNIVERSITY PLACE,EUCLID AVENUE,True,True,1,477439503,-76.12995001821056,43.037823168621316
LINCOLN AVENUE,1123.2485407365261,TALLMAN STREET,MIDLAND AVENUE,True,True,1,477439501,-76.15724974433867,43.037832749586876
EDGEMONT DRIVE,1126.6027113012515,HADDON ROAD,LOCKWOOD ROAD,True,True,1,477438789,-76.08707935695166,43.03936411634523
WIMAN AVENUE,1128.9790293315266,WEST OSTRANDER AVENUE,WEST NEWELL STREET,True,True,1,477444065,-76.15322577104938,43.01532460505954
HIAWATHA BOULEVARD WEST,1130.6136303875605,SPENCER STREET;STATE FAIR BOULEVARD,STATE FAIR BOULEVARD,True,True,4,477432300;477432357;477432460;477432730,-76.18208992820988,43.05789814308479
JAMESVILLE AVENUE,1131.6119822009362,COMSTOCK AVENUE,BUTLER STREET,True,True,2,800048432;477443813,-76.12905300174184,43.016949781072576
WEST SENECA TURNPIKE,1131.9711944247067,EAST SENECA TURNPIKE;SOUTH SALINA STREET,MIDLAND AVENUE,True,True,2,477445898;477445888,-76.14479799498561,43.000952179176736
NORTH GEDDES STREET,1134.2033898617033,VAN RENSSELAER STREET,PULASKI STREET,True,True,1,477432396,-76.170219588048,43.05946418932482
NORTH AVENUE,1134.7423876332005,ARNETT AVENUE,COWIE AVENUE,True,True,2,800048576;477429602,-76.11366068490628,43.071391929664706
ERIE BOULEVARD EAST,1135.255665835407,BRUCE STREET,BEATTIE STREET,True,True,1,477434419,-76.11066284245707,43.05252246741737
SHOTWELL PARK,1139.2014294589753,MELROSE AVENUE,DEAD END / SAME-NAME BRANCH,False,True,3,477430703;477430505;504325229,-76.11561199102577,43.06622619449546
COLLEGE PLACE,1139.6708597316556,EUCLID AVENUE,UNIVERSITY PLACE,True,True,2,800056549;477439508,-76.13149467310114,43.03781101904873
WEST ONONDAGA STREET,1141.2985014199326,RICH STREET;SHERIDAN DRIVE,SLOCUM AVENUE;SOUTH AVENUE,True,True,1,477439235,-76.16071321840911,43.03817344433318
FENWAY DRIVE,1143.9512400676745,SALT SPRINGS ROAD,EAST FAYETTE STREET,True,True,1,477436693,-76.1104182525336,43.04673662157
WEST STREET ARTERIAL SOUTHBOUND,1146.5446343332978,SOUTH WEST STREET,DEAD END / SAME-NAME BRANCH,False,True,5,513530734;477434349;477433944;800037032;477433862,-76.15873275966679,43.051972551476965
WOOD AVENUE,1150.259132138618,MARK AVENUE,SOUTH SALINA STREET,True,True,1,477442269,-76.14764736402779,43.025730041059624
MILDRED AVENUE,1150.8449115721287,JAMES STREET,GEORGE STREET,True,True,2,477429982;800048527,-76.11834912861647,43.068881812059324
EDGEHILL ROAD,1154.945408040149,SALT SPRINGS ROAD,DEAD END / SAME-NAME BRANCH,False,True,1,477437327,-76.10404544170609,43.044565700865455
KENMORE AVENUE,1157.231215026698,WEST NEWELL STREET,WEST OSTRANDER AVENUE,True,True,1,477444061,-76.1520601993194,43.01540198922699
ANDERSON AVENUE,1158.8258353680603,SOUTH SALINA STREET,DEAD END / SAME-NAME BRANCH,False,True,1,477444939,-76.14494818017425,43.00788656227041
CLIFTON PLACE,1159.3815237967647,JAMES STREET,MELROSE AVENUE,True,True,1,477430694,-76.11680406675332,43.06622465079244
STONERIDGE DRIVE,1160.2951292174087,EAST GENESEE STREET,SYCAMORE TERRACE,True,False,2,477438603;477438325,-76.07958006197508,43.04061349251181
ERIE BOULEVARD EAST,1160.834068769385,BRUCE STREET,BEATTIE STREET,True,True,2,800052293;477434314,-76.1107736122519,43.05273911205767
DURSTON AVENUE,1161.4584006010248,MERTENS AVENUE,KLINE STREET,True,True,3,477429899;800039445;800039452,-76.12735632689079,43.069974144966366
RICHFIELD AVENUE,1161.5343135509363,COLDBROOK DRIVE,SOUTH SALINA STREET,True,True,1,477447026,-76.14208009050124,42.989037262424105
TENNYSON AVENUE,1164.4229756518496,SOUTH LOWELL AVENUE,BURNET PARK DRIVE,True,True,2,800049033;477436499,-76.18308375458473,43.04659964621174
BRATTLE ROAD,1164.4931436399045,MERTENS AVENUE,KLINE STREET,True,True,1,477429913,-76.12860828965725,43.06991110596314
NORTH COLLINGWOOD AVENUE,1164.6250637267135,ASHDALE AVENUE,COUGHLIN AVENUE,True,False,2,477428365;477428908,-76.10784908874612,43.07517605170521
SHOTWELL PARK,1166.2105953402458,MELROSE AVENUE,DEAD END / SAME-NAME BRANCH,False,True,3,477430697;477430498;504325227,-76.11527513341078,43.066209499920774
WOODSIDE DRIVE,1167.0640749720149,BROOKFORD ROAD,BRADFORD PARKWAY,True,True,1,477439950,-76.09921899830745,43.0353079283255
EAST GENESEE PARKWAY,1167.6294935347173,CARLTON DRIVE,GIFFORD PARKWAY,True,True,1,477437895,-76.08683660612986,43.04203151534866
CHINOOK DRIVE,1168.132947388063,CHINOOK DRIVE SOUTH,FARM ACRE ROAD;SMALL ROAD,True,True,2,477443509;800048142,-76.1213175309255,43.0183569976323
BRYANT AVENUE,1182.1670751218467,BURNET PARK DRIVE,SOUTH AVERY AVENUE,True,True,2,477437273;800048124,-76.18763304584482,43.044007832425194
DURSTON AVENUE,1182.6134563253745,JAMES STREET,CHATHAM ROAD,True,True,1,477431147,-76.12698780162488,43.06458512149734
MERRITT AVENUE,1183.1031095699966,VALLEY DRIVE,CRESTVIEW DRIVE,True,True,1,477446108,-76.15516941752351,42.99901083476134
ERIE BOULEVARD EAST,1183.3762803681848,NORTH BEECH STREET;SOUTH BEECH STREET,CHERRY STREET,True,True,3,800066593;477435210;477435285,-76.12554050109708,43.04988004764358
MADISON STREET,1184.240669582907,IRVING AVENUE,ALMOND STREET,True,True,1,477436640,-76.1399917947616,43.04539409782014
SOUTH SALINA STREET,1185.12990358511,BYRNE PLACE,EAST SENECA TURNPIKE;WEST SENECA TURNPIKE,True,True,4,477446215;800034275;800049634;800034271,-76.14294565570617,42.99908192061993
NORTH EDWARDS AVENUE,1187.127994947326,EAST HAMPTON PLACE,COUGHLIN AVENUE,True,False,2,477428360;477428899,-76.10682061163263,43.07524508441826
BRUCE STREET,1189.2291550708871,SALT SPRINGS ROAD,EAST FAYETTE STREET,True,True,1,477436717,-76.11145978211549,43.04662110748024
NEWBURY HOLLOW LANE,1189.6654844561058,EAST BRIGHTON AVENUE,DEAD END / SAME-NAME BRANCH,False,True,1,513531415,-76.1331290165431,43.0137052497951
CEDAR STREET,1189.7491436387504,IRVING AVENUE,ALMOND STREET,True,True,2,477436444;800032777,-76.13997960420022,43.04617077576422
MEADOWBROOK DRIVE,1190.1241939415825,KIMBER ROAD,DEAD END / SAME-NAME BRANCH,False,True,3,477437510;800039146;504325289,-76.09650453057888,43.042546192449684
EAST DIVISION STREET,1194.3207851143216,LODI STREET,PARK STREET,True,True,1,477431422,-76.14919196793895,43.06308881837987
ELM STREET,1195.607784547395,HAWLEY AVENUE,BURNET AVENUE,True,True,1,477434316,-76.13021376722853,43.05370648670559
TENNYSON AVENUE,1195.663662644221,BURNET PARK DRIVE,SOUTH AVERY AVENUE,True,True,2,477436978;800049038,-76.187484880031,43.04493204969065
SOUTH TOWNSEND STREET,1197.6291309758478,HARRISON STREET,MCCARTHY AVENUE,True,True,4,509997561;509997567;509997566;509997653,-76.14529686803102,43.04591957656701
EAST COLVIN STREET,1197.6939168443619,SLOCUM DRIVE,WESTMORELAND AVENUE,True,True,2,800048326;477442866,-76.11538484143081,43.02222648587979
PARK AVENUE,1200.7768502766971,NORTH GEDDES STREET,VAN RENSSELAER STREET,True,True,2,477434263;477434301,-76.16837094128645,43.052146823530116
PARK AVENUE,1200.894408112949,NORTH GEDDES STREET,VAN RENSSELAER STREET,True,True,1,477434394,-76.16838036281403,43.05194149256843
WILKINSON STREET,1201.710065355986,NORTH GEDDES STREET,VAN RENSSELAER STREET,True,True,1,477434878,-76.16841857500268,43.050966515583774
RICHMOND AVENUE,1202.1983890453673,NORTH GEDDES STREET,VAN RENSSELAER STREET,True,True,4,477435254;800032528;800032526;800032518,-76.16845784724728,43.05006223723318
SLOCUM DRIVE,1203.5073507639581,DEAD END / SAME-NAME BRANCH,DEAD END / SAME-NAME BRANCH,False,True,2,477443537;477443506,-76.11510970896254,43.01813573036506
MILBURN DRIVE,1205.7194889208452,VALLEY DRIVE,CORTLAND PLACE,True,True,1,477445503,-76.15190097415756,43.00416766223054
WILLIS AVENUE,1207.6860339110135,STATE FAIR BOULEVARD,INDUSTRIAL DRIVE,True,False,6,477430669;477430729;477430902;477430944;477430990;477431111,-76.19912069063,43.06467925626637
CENTENNIAL DRIVE,1207.845276915374,ONONDAGA AVENUE,SOUTH AVENUE,True,True,2,477442019;477442032,-76.16043923988849,43.02693668848993
SPENCER STREET,1208.150885707269,SOLAR STREET,MALTBIE STREET,True,True,3,477432113;477432414;477432459,-76.16155468079582,43.05866819608634
EAST GENESEE STREET,1208.8282236060772,BROOKFORD ROAD;EAST AVENUE,HURLBURT ROAD,True,True,1,477437619,-76.10314032667125,43.04236514376948
CROLY STREET,1212.508387476739,EAST GENESEE STREET;SALT SPRINGS ROAD,EAST FAYETTE STREET,True,True,1,477436743,-76.1125042668465,43.04654360104478
PARRISH LANE,1216.5662135989915,GARY AVENUE,HAYES TERRACE,True,True,2,477447259;800047571,-76.14014460109493,42.98618875581979
RIDGEWAY AVENUE,1216.7209722369944,BEATTIE STREET,SEELEY ROAD,True,True,1,477435476,-76.1060196427945,43.04937547029949
ASHDALE AVENUE,1218.486607205637,NORTH COLLINGWOOD AVENUE,COUGHLIN AVENUE,True,False,4,477428399;800039136;800039135;477428924,-76.10875385063633,43.075179078135264
REMINGTON AVENUE,1219.9619083894002,THURBER STREET,DEAD END / SAME-NAME BRANCH,False,True,1,477443849,-76.13275040581023,43.01694825980061
STINARD AVENUE,1219.9673296565488,ALANSON ROAD,TWIN HILLS DRIVE,True,True,1,477442824,-76.17351016118761,43.023983052681686
EMERSON AVENUE,1223.9545543373595,DEAD END / SAME-NAME BRANCH,ERIE BOULEVARD WEST,False,True,1,477432267,-76.19479381224826,43.059095557065405
GLENWOOD AVENUE,1224.3030676940414,MCDONALD ROAD,CALVIN ROAD,True,True,1,477443281,-76.1771119970982,43.020609476531156
ONONDAGA CREEK BOULEVARD EAST,1226.0339091526923,CONAN STREET,WEST MATSON AVENUE,True,True,1,477444490,-76.15152803330697,43.011660855572615
SOUTH TOWNSEND STREET,1231.9902109579978,EAST TAYLOR STREET;OAKWOOD AVENUE,EAST ADAMS STREET,True,True,3,509997029;509997036;509998023,-76.14565884130594,43.04106739885137
SOUTH TOWNSEND STREET,1234.159419602562,EAST TAYLOR STREET;OAKWOOD AVENUE,EAST ADAMS STREET,True,True,3,509997031;509997040;509998034,-76.1457847974031,43.041061317883006
GENANT DRIVE,1234.417391937395,NORTH CLINTON STREET,WEST DIVISION STREET,True,True,2,506021495;800048380,-76.1545883697655,43.05805131755254
ERIE BOULEVARD EAST,1237.1425261928018,BEATTIE STREET,SEELEY ROAD;SOUTH MIDLER AVENUE,True,True,2,477433977;477433881,-76.10637285294125,43.05325851751608
DUKE DRIVE,1239.3812093198048,HIAWATHA BOULEVARD WEST,DEAD END / SAME-NAME BRANCH,False,True,1,477432796,-76.18568608321566,43.057553617609805
ERIE BOULEVARD WEST,1240.6665642745145,VAN RENSSELAER STREET,NORTH GEDDES STREET;SOUTH GEDDES STREET,True,True,1,477435837,-76.16853327972146,43.04828999555148
WEST FAYETTE STREET,1244.3066362830464,SOUTH GEDDES STREET,MAGNOLIA STREET,True,True,3,477436496;800051050;477436349,-76.17318398454081,43.046324739881776
SCOTT AVENUE,1245.0964559910792,MEADOWBROOK DRIVE,MINEOLA DRIVE,True,True,1,477439603,-76.10732047909534,43.037572076383015
KIMBER ROAD,1248.7587149785838,MEADOWBROOK DRIVE,EDGEMONT DRIVE;ENFIELD PLACE;EUCLID AVENUE,True,True,2,800039168;477438503,-76.09425848259679,43.04096800003922
COMSTOCK AVENUE,1255.9522095595999,MOUNT OLYMPUS DRIVE;STRATFORD STREET,ACORN PATH,True,True,2,477440560;477441095,-76.12942961289414,43.03225210675874
FITCH STREET,1260.539987668603,SOUTH GEDDES STREET,DUDLEY STREET,True,True,1,477439519,-76.17117325018378,43.03720137791308
FARM ACRE ROAD,1261.913516873251,CHINOOK DRIVE;SMALL ROAD,LAMBRETH LANE,True,True,1,477443360,-76.12066031875962,43.0192888323653
EMERSON AVENUE,1262.5371478666443,LEWIS STREET,DEAD END / SAME-NAME BRANCH,False,True,1,477432841,-76.1909209795988,43.05750055255178
ERIE BOULEVARD EAST,1267.2005877267732,BEATTIE STREET,SOUTH MIDLER AVENUE,True,True,1,800074809,-76.10639032481953,43.05353596903956
LOCKWOOD ROAD,1268.6199858533796,HADDON ROAD,EDGEMONT DRIVE,True,True,1,477438875,-76.08797883685978,43.03845489715042
FARMERS MARKET WAY,1279.173097130831,NBT BANK PARKWAY,PARK STREET,True,True,4,477429078;800030863;800030864;800030865,-76.16720880413082,43.074235484901884
WESTMORELAND AVENUE,1282.0672550958175,HARVARD PLACE,EAST GENESEE STREET,True,True,2,800049082;477437737,-76.11442367023912,43.04349195982721
WEST ONONDAGA STREET,1288.7593007910855,KANDACE STREET,ONONDAGA BOULEVARD;VELASKO ROAD,True,True,6,477440296;800049629;800040710;800040707;800040121;800041905,-76.18498786447073,43.03358199236174
MARYLAND AVENUE,1303.7920997683643,EUCLID AVENUE,WESTMINSTER AVENUE,True,True,2,477440374;800048531,-76.12013451993859,43.03496238464787
WHITTIER AVENUE,1304.4927639108994,SOUTH LOWELL AVENUE,BURNET PARK DRIVE,True,True,2,800049087;477436948,-76.18241784928762,43.04509597547073
LONGMEADOW DRIVE,1304.8429978510983,HILTON ROAD,HILTON ROAD,True,True,2,800048513;477446937,-76.14617608914355,42.991335967391514
SUNHILL TERRACE,1310.3453173077187,GLENWOOD AVENUE,BELLEVUE AVENUE,True,True,1,477441877,-76.18924879350955,43.02899629948886
NELSON STREET,1316.5557807873004,WEST MARCELLUS STREET,SYRACUSE STREET;WEST FAYETTE STREET,True,True,1,477436849,-76.17613124505608,43.04594188903676
JAMES STREET,1316.7096434919754,OAK STREET,HIGHLAND STREET,True,True,2,477432608;800031006,-76.13660140756747,43.058193208237554
COLERIDGE AVENUE,1319.6990499761762,SOUTH LOWELL AVENUE,BURNET PARK DRIVE,True,True,1,477437200,-76.1817242932365,43.04437121896482
WINDING RIDGE ROAD,1323.6220524170803,CHINOOK DRIVE SOUTH;SKYTOP ROAD,LAMBRETH LANE;SKYTOP ROAD,True,True,5,477443797;477443859;477443915;477443957;477443958,-76.12020427649249,43.015300969702324
COLERIDGE AVENUE,1332.8416294777412,WHITTIER AVENUE,BURNET PARK DRIVE,True,True,1,477437643,-76.18603958114207,43.04274068820088
EVANS STREET,1333.0784402478869,PLUM STREET,NORTH FRANKLIN STREET,True,True,4,477433328;800030675;800050913;477433365,-76.15745935479985,43.0550143610294
WEST STREET ARTERIAL NORTHBOUND,1334.0603090165334,WEST WATER STREET,DEAD END / SAME-NAME BRANCH,False,True,7,477435235;477435095;477434950;477434023;800036938;800037089;477433877,-76.15853697237844,43.051868466103315
EDNA ROAD,1335.849536857981,GARY AVENUE,HAYES TERRACE,True,True,2,800047572;477447325,-76.13976011557017,42.98517338786103
GLENWOOD AVENUE,1351.7376403371175,CALVIN ROAD,REED AVENUE,True,True,1,477442872,-76.17923943547143,43.023715503264214
PECK AVENUE,1351.8970927518021,TEALL AVENUE,JAMES STREET,True,True,2,800048716;477430218,-76.12086338953783,43.067999576663894
EAST BRIGHTON AVENUE,1352.621943481404,SOUTH STATE STREET,THURBER STREET,True,True,6,513531408;513531404;477443173;477443213;800032735;477443514,-76.13918543368034,43.01920048907147
FELLOWS AVENUE,1360.8271077944735,EAST GENESEE STREET,HARVARD PLACE,True,True,1,477437758,-76.11559842104448,43.04355720712919
ERIE BOULEVARD WEST,1383.9446116467584,PLUM STREET,NORTH FRANKLIN STREET;SOUTH FRANKLIN STREET,True,True,8,477435232;477435165;477435107;477435094;513530737;513530739;800030710;477435006,-76.1580077954579,43.0506039614782
ARMSTRONG PLACE,1388.2677348446575,SOUTH AVENUE,MITCHELL AVENUE,True,True,1,477444086,-76.16775962608034,43.01383251262753
SYRACUSE STREET,1388.4087812770028,NELSON STREET;WEST FAYETTE STREET,ULSTER STREET;WEST FAYETTE STREET,True,True,1,477435927,-76.17914822612416,43.048693176655796
SIMON DRIVE,1395.2391347974815,CANAL STREET;SOUTH MIDLER AVENUE,DEAD END / SAME-NAME BRANCH,False,True,1,600051413,-76.10138582826188,43.0561011419852
CONIFER DRIVE,1400.4689658050088,DEAD END / SAME-NAME BRANCH,SOUTH SALINA STREET,False,True,2,800048252;800048251,-76.14154173256631,42.99058856990661
SOUTH TOWNSEND STREET,1401.1966093438875,HARRISON STREET,EAST GENESEE STREET,True,True,5,509997564;509997572;509997571;509997452;509997455,-76.14522694100182,43.0461890244753
HOUSTON AVENUE,1405.6648501153156,SUNNYSIDE ROAD,HARVARD PLACE;WESTMORELAND AVENUE,True,True,2,477438958;477438297,-76.11290619701924,43.03977057000333
WESTCOTT STREET,1413.8223890844545,BROAD STREET,MEADOWBROOK DRIVE,True,True,2,477441689;477442011,-76.11821625056862,43.0284937245423
CHAPPLE WAY,1416.085756013458,MANLEY FIELD HOUSE,COMSTOCK ART,True,True,1,600035941,-76.12626505369687,43.024722911094294
ALLEN STREET,1420.2298658108564,EAST GENESEE STREET,HARVARD PLACE,True,True,2,477437796;800048119,-76.11674666695579,43.04357979654399
STATE FAIR BOULEVARD,1425.2811233452392,HIAWATHA BOULEVARD WEST,WAITE AVENUE,True,True,4,800032561;800032566;800032549;477433764,-76.18228656196625,43.05514448047035
BARNES AVENUE,1436.9655889395938,CAMP AVENUE,ENGLEWOOD AVENUE,True,True,1,477445541,-76.15896663453559,43.005831924113295
CAMBRIDGE STREET,1444.637072967075,EAST GENESEE STREET,HARVARD PLACE,True,True,2,800048132;477437832,-76.1179619840783,43.04356994316459
CULBERT STREET,1448.1642581835815,GRANT BOULEVARD,FIRST NORTH STREET,True,True,1,477429530,-76.1499568077882,43.072039330179116
FURMAN STREET,1453.404952407546,MIDLAND AVENUE,SOUTH SALINA STREET,True,True,1,477441098,-76.15083084091225,43.03117712448793
ERIE BOULEVARD WEST,1454.1556342388653,HIAWATHA BOULEVARD WEST,WEST GENESEE STREET,True,True,2,506021506;506021505,-76.18373087365218,43.0537735816779
WEST MATSON AVENUE,1461.1470468898224,MIDLAND AVENUE,ONONDAGA CREEK BOULEVARD EAST,True,True,1,477444230,-76.15061497227317,43.01281617826784
NBT BANK PARKWAY,1461.956567345159,HARBORSIDE DRIVE;PARK STREET,FARMERS MARKET WAY,True,True,5,477428696;800030860;800030859;477428690;800030858,-76.16872693083714,43.07567122217639
LILLIAN AVENUE,1464.241208697933,CRAIGIE STREET,COUGHLIN AVENUE,True,False,2,477428417;477428954,-76.11107495037449,43.07543826497168
DORWIN AVENUE,1472.6847904864512,VALLEY DRIVE,BROOKSIDE DRIVE,True,True,4,477447324;477447322;477447320;800049312,-76.15228723291611,42.985181394498056
ALANSON ROAD,1479.363046842542,TWIN HILLS DRIVE,DEAD END / SAME-NAME BRANCH,False,True,1,477442655,-76.17234681837301,43.02509310551092
PULASKI STREET,1480.9609938876442,WEST BEAR STREET,HIAWATHA BOULEVARD WEST,True,True,2,477431952;800066610,-76.1745898065905,43.0607817923049
WEST KENNEDY STREET,1481.3222719739629,SOUTH AVENUE,MIDLAND AVENUE,True,True,1,477441676,-76.15545529937809,43.02868491664472
CROUSE DR,1491.4116843583886,DEAD END / SAME-NAME BRANCH,UNIVERSITY PLACE,False,True,1,477439218,-76.13595298372317,43.03820004944134
VAN RENSSELAER STREET,1491.9480052983008,WEST BEAR STREET,HIAWATHA BOULEVARD WEST,True,True,2,477431505;800066604,-76.17232839472835,43.0625164880513
BRYANT AVENUE,1504.6961362651514,SOUTH LOWELL AVENUE,BURNET PARK DRIVE,True,True,2,477436776;800048135,-76.18317017954426,43.045704457185636
BROOKFORD ROAD,1505.391238990897,DEAD END / SAME-NAME BRANCH,EUCLID AVENUE;HURLBURT ROAD,False,True,1,477439924,-76.09853836804919,43.036269984349104
SOUTH GEDDES STREET,1516.9048302180747,ARDEN DRIVE,TWIN HILLS DRIVE,True,True,1,477442938,-76.17467266174056,43.02358270605067
SOLAR STREET,1518.7988037768926,WEST BEAR STREET,DESTINY USA DRIVE;HIAWATHA BOULEVARD WEST,True,True,5,800030813;477454205;800037282;800030814;800030812,-76.16835625995107,43.065584498138655
BELLE AVENUE,1536.2842261648568,MIDLAND AVENUE,SOUTH SALINA STREET,True,True,1,477444417,-76.14488669476374,43.01146075056549
WEST BEAR STREET,1537.409992492433,SOLAR STREET,VAN RENSSELAER STREET,True,True,5,800039718;477431337;800039715;477431504;800066360,-76.16818690769188,43.062718945564114
HIAWATHA BOULEVARD WEST,1551.3914699264633,VAN RENSSELAER STREET,DESTINY USA DRIVE;SOLAR STREET,True,True,5,477430910;477430653;477430595;600058796;600058795,-76.17249834415978,43.06536780212398
ACADEMY GREEN,1555.4326634620704,WEST SENECA TURNPIKE,ACADEMY STREET,True,True,1,477446135,-76.15011735967468,42.999826896133804
HOPPER ROAD,1567.157052685853,MERRITT AVENUE,BARNES AVENUE;WEST SENECA TURNPIKE,True,True,1,477446087,-76.15918460933466,43.00101263957865
HIAWATHA BOULEVARD WEST,1568.8661056083338,SPENCER STREET;STATE FAIR BOULEVARD,PULASKI STREET,True,True,4,477432059;477431937;477431395;800047000,-76.1786377131903,43.060602290635934
SALISBURY ROAD,1574.9467199008084,BENHAM AVENUE,SOUTH AVERY AVENUE;WHITTIER AVENUE,True,True,4,477437642;477437608;477437585;477437561,-76.19261875173157,43.0424038274861
BRATTLE ROAD,1578.3408190395583,SEDGWICK DRIVE,RUGBY ROAD,True,True,1,477431008,-76.12869445372306,43.065191279968694
EAST BRIGHTON AVENUE,1579.391828282001,THURBER STREET,IVY RIDGE ROAD,True,True,1,477444075,-76.13658380132308,43.01572285342305
WESTMORELAND AVENUE,1589.7810686595724,EUCLID AVENUE,HARVARD PLACE;HOUSTON AVENUE,True,True,2,477439248;800052794,-76.11409916802664,43.0392383097386
HALL AVENUE,1591.277387485349,MIDLAND AVENUE,SOUTH SALINA STREET,True,True,1,477444306,-76.14485632817363,43.01233668166152
WEST KIRKPATRICK STREET,1614.0609057799527,SOLAR STREET;WEST COURT STREET,VAN RENSSELAER STREET,True,True,5,507665328;800032563;800030682;513531395;513531396,-76.16348640368952,43.0597905502194
AUSTIN AVENUE,1616.4582493368198,GLENWOOD AVENUE,BELLEVUE AVENUE,True,True,1,477441951,-76.18824368567114,43.02906826684775
CANAL STREET,1636.2827335358184,NORTH BEECH STREET,TEALL AVENUE,True,True,2,477434827;800048139,-76.12469257493652,43.05168676651709
SPENCER STREET,1636.5293397047142,HIAWATHA BOULEVARD WEST;STATE FAIR BOULEVARD,WEST BEAR STREET,True,True,3,477432063;477432438;477432474,-76.17771729777526,43.0584405160753
HIAWATHA BOULEVARD WEST,1641.4926850710165,DESTINY USA DRIVE;SOLAR STREET,HIAWATHA BOULEVARD EAST;LODI STREET;NORTH SALINA STREET,True,True,11,508421475;508421477;508421427;800037602;508421430;508421432;508421434;508421437;508421440;508421439;508421413,-76.16890783864824,43.06883377293536
HIAWATHA BOULEVARD WEST,1642.1460763714242,DESTINY USA DRIVE;SOLAR STREET,HIAWATHA BOULEVARD EAST;LODI STREET;NORTH SALINA STREET,True,True,11,800037599;508421474;508421469;800037604;508421453;508421456;508421459;508421465;508421466;508421447;508421444,-76.16877307706271,43.06877195226917
DEWITT ROAD,1646.8283166419978,EAST GENESEE STREET,LOCKWOOD ROAD,True,True,3,477439284;800053108;477439288,-76.08036819099352,43.03745336069917
SCOTTHOLM TERRACE,1647.748254517935,CRAWFORD AVENUE,SUNNYSIDE ROAD,True,True,1,477438767,-76.11157359329553,43.040686807971106
WEST MATSON AVENUE,1652.8786680961118,MIDLAND AVENUE,EAST MATSON AVENUE;SOUTH SALINA STREET,True,True,1,477444173,-76.14481797602966,43.013221179583155
KIRK PARK DRIVE,1663.2267160936174,WEST COLVIN STREET,KIRK AVENUE,True,True,1,477442621,-76.15525316381698,43.02540182966382
ONONDAGA CREEK BOULEVARD,1723.2067377456558,BALLANTYNE ROAD,FORD AVENUE,True,True,2,477444559;477444256,-76.15259996601789,43.01195283157492
STATE FAIR BOULEVARD,1739.9902094228073,WILLIS AVENUE,RESTORATION WAY,True,False,2,477430662;477431014,-76.19591969489781,43.06478638392975
SOLAR STREET,1747.3919315930268,WEST COURT STREET;WEST KIRKPATRICK STREET,WEST BEAR STREET,True,True,1,477431141,-76.163681929678,43.06269645718093
GRAND AVENUE,1752.9296097242432,DEPALMA AVENUE,SOUTH AVERY AVENUE;VELASKO ROAD,True,True,1,477439437,-76.18514824326648,43.03728054755512
MEADOWBROOK DRIVE,1776.9089756935202,WESTCOTT STREET,BROAD STREET,True,True,1,477442058,-76.11648234333182,43.02824697116481
STATE FAIR BOULEVARD,1792.2491203962916,DEAD END / SAME-NAME BRANCH,HIAWATHA BOULEVARD WEST;SPENCER STREET,False,True,2,510970450;510970451,-76.18379754685871,43.059869407463395
KIMBER ROAD,1793.716626438648,KILLIAN DRIVE,CARNEGIE DRIVE,True,False,4,507664814;507664815;800048437;477440593,-76.09313203430693,43.03479936497616
SOUTH AVENUE,1795.5872114431636,ARMSTRONG PLACE,MITCHELL AVENUE,True,True,3,477444378;800048967;477444569,-76.16722333294453,43.012085291255026
SOUTH AVERY AVENUE,1803.3586621323834,YALE AVENUE,SALISBURY ROAD;WHITTIER AVENUE,True,True,2,477439047;477438886,-76.18897653735202,43.04018815123238
CHAFFEE AVENUE,1815.2691400648548,HOPPER ROAD,VALLEY DRIVE,True,True,1,477446214,-76.15624763063524,42.99759386620231
ROBINEAU ROAD,1824.3242490674213,ALANSON ROAD,STRATHMORE DRIVE,True,True,1,800050420,-76.17128251775124,43.025116032317975
HANCOCK DRIVE,1827.2879305181582,CALVIN ROAD,DEAD END / SAME-NAME BRANCH,False,True,1,477442836,-76.17852484528325,43.02453610664163
AINSLEY DRIVE,1845.8634816308306,JAMESVILLE AVENUE,GAME ROAD,True,True,4,477444425;477444435;800031740;477444440,-76.12787670042421,43.011259860600624
MIDLAND AVENUE,1864.782714574788,WEST GLEN AVENUE,BALLANTYNE ROAD,True,True,2,477445319;477444919,-76.14747371818943,43.00797763430543
ROBERTS AVENUE,1872.3670478419067,STRATHMORE DRIVE,CROSSETT STREET,True,True,2,477442530;477441886,-76.17015420789335,43.02562124086544
JAMESVILLE AVENUE,1889.799176629361,SMITH LANE,EAST COLVIN STREET,True,True,4,800032731;477442934;800032738;800032722,-76.1347449061237,43.02376677990901
CONSERVATION PLACE,1939.714955965375,SOUTH WILBUR AVENUE,DEAD END / SAME-NAME BRANCH,False,True,6,477436800;800066191;800066152;800066216;800066237;800066140,-76.17908446047065,43.04471397623609
MOUNT OLYMPUS DRIVE,1956.3399700615585,COMSTOCK AVENUE;STRATFORD STREET,DEAD END / SAME-NAME BRANCH,False,True,2,600008914;600024555,-76.13184381170042,43.03491131804573
IVY RIDGE ROAD,1967.8209792709195,THURBER STREET,EAST BRIGHTON AVENUE,True,True,1,477444074,-76.1346546699246,43.01573133540575
EAST GENESEE STREET,2004.5056709179823,HILLSBORO PARKWAY;MEADOWBROOK DRIVE,HURLBURT ROAD,True,True,4,800053487;477437354;800048330;477437494,-76.09718402378198,43.04281540525143
LEMOYNE AVENUE,2022.5558518410628,DIPPOLD AVENUE,DEAD END / SAME-NAME BRANCH,False,False,6,477426942;800051768;477426802;477426794;800034854;477426358,-76.14584368238394,43.08707612270834
OAKLEY DRIVE EAST,2025.3089153995722,DEAD END / SAME-NAME BRANCH,SOUTH SALINA STREET;SPAULDING AVENUE,False,True,2,800047570;477447170,-76.14016726007856,42.98721770094005
RESTORATION WAY,2026.614957853835,DEAD END / SAME-NAME BRANCH,STATE FAIR BOULEVARD,False,True,3,800046986;800034076;600009024,-76.19055869130315,43.06192374058984
ERIE BOULEVARD EAST,2041.1636452059088,DEAD END / SAME-NAME BRANCH,THOMPSON ROAD,False,False,4,800029215;800029228;800029222;477433571,-76.07940709797917,43.05520404055926
LAFAYETTE ROAD,2045.8112983109318,SATURN DRIVE,EAST SENECA TURNPIKE,True,True,4,477446324;800031540;477446168;477445836,-76.13067805613531,42.99887185671543
ERIE BOULEVARD EAST,2047.8047818503674,DEAD END / SAME-NAME BRANCH,THOMPSON ROAD,False,False,2,477433512;800048346,-76.07941027993564,43.05537747312243
SEYMOUR STREET,2051.577290466213,SOUTH GEDDES STREET,OSWEGO STREET,True,True,2,477437686;800048973,-76.16781244471387,43.04209024379988
ERIE BOULEVARD EAST,2063.8693888931357,THOMPSON ROAD,SMITH STREET,True,True,5,477433098;477433119;800048345;477433134;477433192,-76.08703489431824,43.055512005792316
SMALL ROAD,2164.835853105739,CHINOOK DRIVE;FARM ACRE ROAD,LAMBRETH LANE,True,True,3,477443361;477443101;477443032,-76.12204875342616,43.020974772515586
SHONNARD STREET,2168.8089640241565,SOUTH GEDDES STREET,OSWEGO STREET,True,True,2,477437980;800048966,-76.16795335151077,43.041181314170245
THOMPSON ROAD,2190.2607568714548,NORTHCLIFFE ROAD,BURNET AVENUE,True,True,5,477430443;800049031;477430946;477431274;477431300,-76.08824680050982,43.06453274165499
EAST SENECA TURNPIKE,2280.8443094936497,MAYWOOD DRIVE,EAST BRIGHTON AVENUE,True,True,5,477445833;477445731;477445758;477445751;800031588,-76.13339670545768,43.00225733930553
JENSEN AVENUE,2321.342102102902,HIGHPOINT STREET,DEAD END / SAME-NAME BRANCH,False,True,2,800097684;800097683,-76.17759021171089,43.041805439890155
OLD LIVERPOOL ROAD,2353.3109654174773,DEAD END / SAME-NAME BRANCH,DEAD END / SAME-NAME BRANCH,False,False,6,477428033;477427911;477427735;477427725;477427693;477427531,-76.17865284485372,43.080402492233006
JAMESVILLE AVENUE,2380.212879400027,AINSLEY DRIVE,SKYTOP ROAD,True,False,2,477444618;477445048,-76.12118415230971,43.009198595958004
PARK STREET,2386.3476029114668,HARBORSIDE DRIVE;NBT BANK PARKWAY,BUCKLEY ROAD,True,False,11,477428698;477428656;477428584;477428568;800034933;477428558;477454196;477454197;477454194;477428025;477427887,-76.17407497345344,43.07698759803789
THOMPSON ROAD,2469.069958880864,BURNET AVENUE,ERIE BOULEVARD EAST,True,True,13,477431615;477431671;800052834;477431959;800049045;477432138;477432198;477432255;477432305;477432346;477432760;477432891;477433073,-76.08428576112009,43.05888394960307
THOMPSON ROAD,2475.9279894370793,BURNET AVENUE,ERIE BOULEVARD EAST,True,False,14,477431477;477431614;800052837;800052841;477431726;477431931;800052832;477432145;477432205;477432259;477432314;477432452;477432833;477433071,-76.08413481144667,43.05890212144279
VALLEY DRIVE,2514.0525575781317,DORWIN AVENUE,CRAFTON AVENUE,True,True,1,515167916,-76.15356671915593,42.988617636579995
ERIE BOULEVARD EAST,2664.5850301990545,SEELEY ROAD;SOUTH MIDLER AVENUE,LIME STREET,True,True,4,477433759;477433664;477433595;477433496,-76.0991624704302,43.05409884115548
ONONDAGA BOULEVARD,2676.8276041103904,MAYSON AVENUE,VELASKO ROAD;WEST ONONDAGA STREET,True,False,10,477440925;477440832;800032802;477440641;800038794;800032801;600063398;600063399;600063431;477440300,-76.19219061416808,43.03262678734014
DESTINY USA DRIVE,2708.4960789300194,HARBORSIDE DRIVE,HARBORSIDE DRIVE,True,True,14,477454199;800037509;477430093;477429815;477429759;477429752;600055693;600024760;600055690;600024761;800037533;800037508;600055692;477428951,-76.17063365507504,43.070510368465165
WEST SENECA TURNPIKE,2953.903888865695,BROAD ROAD,SENECA PLACE,True,False,4,513530433;513530434;477445582;477445602,-76.16478848676947,43.00501770121539
ERIE BOULEVARD WEST,3158.554390179349,WEST FAYETTE STREET,EMERSON AVENUE,True,True,2,477432942;477432739,-76.1911754189133,43.058623416294644
SKYTOP ROAD,3221.0190031316806,LAMBRETH LANE;WINDING RIDGE ROAD,DEAD END / SAME-NAME BRANCH,False,False,2,477444092;477445098,-76.11536701011319,43.01130214810087
EAST SENECA TURNPIKE,3231.182180990416,LAFAYETTE ROAD,DEAD END / SAME-NAME BRANCH,False,False,6,477446034;800031581;800031538;477446046;477446177;800055553,-76.12415978368853,42.999263576562626
CANAL STREET,3358.7904978207334,PEAT STREET,SIMON DRIVE;SOUTH MIDLER AVENUE,True,True,1,477433624,-76.10982125568017,43.054763311526806
ROCK CUT ROAD,3449.708724654869,DEAD END / SAME-NAME BRANCH,DEAD END / SAME-NAME BRANCH,False,False,4,477445216;477445195;477445224;477445376,-76.12434973044299,43.006429538703614
ERIE BOULEVARD EAST,3559.597981027893,SOUTH MIDLER AVENUE,SMITH STREET,True,True,5,800074810;477433621;477433566;477433394;477433342,-76.09747304966177,43.05458630131645
ERIE BOULEVARD WEST,3582.668448418624,WEST GENESEE STREET,NORTH GEDDES STREET;SOUTH GEDDES STREET,True,True,5,477434400;477435840;477435842;800036109;477435848,-76.17697121308272,43.04930999225854
HARBORSIDE DRIVE,4433.796937533091,DESTINY USA DRIVE,DESTINY USA DRIVE,True,True,13,600058802;800037555;800036189;600058801;600055685;800037546;600024755;600024757;800037540;600035915;600035916;600024759;477428959,-76.17439231876392,43.06902960847492
LAFAYETTE ROAD,5872.7995027765355,DEAD END / SAME-NAME BRANCH,SATURN DRIVE,False,False,5,477447702;477447095;800031554;800031583;477446359,-76.12916380738433,42.98828024452631
ONONDAGA LAKE PARKWAY,7381.695244622509,DEAD END / SAME-NAME BRANCH,DEAD END / SAME-NAME BRANCH,False,False,6,800030238;477427851;800051910;477427949;477428174;477428330,-76.18475007875706,43.08291246681585
