name,id,length_ft,fcc,wholly_inside,lon,lat
SPAULDING AVENUE,800049637,7.343334830089758,A41,True,-76.14694263731164,42.98697009440806
PINE STREET,800066545,9.45376582474151,A41,True,-76.12973572829367,43.050186645615554
SOUTH BEECH STREET,800066570,9.902548459777632,A41,True,-76.1276288622963,43.050153054766106
WALNUT AVENUE,800066603,10.225148784121643,A41,True,-76.132032611779,43.05021655245452
ONONDAGA CREEK BOULEVARD,800047584,11.080825360119766,A41,True,-76.15713217143268,43.01513419125072
UNIVERSITY AVENUE,800066616,11.490342134871105,A41,True,-76.13425056613934,43.05024381904201
SOUTH CROUSE AVENUE,800066609,12.019065220110903,A41,True,-76.13647058572654,43.050270144270605
OAKWOOD AVENUE,477453878,12.167400841225877,A41,True,-76.14555327369754,43.037430305855025
CATHERINE STREET,477434613,12.37612185521212,A41,True,-76.14210781866333,43.05148763395942
ALMOND STREET,800065746,12.625534997638155,A41,True,-76.14212356478274,43.05034125827216
EAST GENESEE STREET,477436108,13.033431363773174,A37,True,-76.14250355034784,43.047274433699776
SOUTH TOWNSEND STREET,800066555,13.425923086902714,A41,True,-76.14557491725729,43.05038518215427
SOUTH MCBRIDE STREET,800066586,13.756368941986038,A41,True,-76.1438604762492,43.05036377836129
FORMAN AVENUE,800066557,13.858310261522357,A41,True,-76.1398985379861,43.05031564696062
NORTH CLINTON STREET,800042031,14.284766273420827,A40,True,-76.15345162818825,43.05416619260258
NORTH CLINTON STREET,477433575,14.466761404377273,A40,True,-76.1534513173715,43.054205637054785
EAST TAYLOR STREET,477438428,14.566595247032918,A41,True,-76.14220993420476,43.03951627708737
RICH STREET,477441252,15.095240856322873,A41,True,-76.16100628994218,43.029810591818865
NORTH FRANKLIN STREET,477433605,15.146206015578722,A31,True,-76.15483435370037,43.05410316505212
SOUTH AVENUE,800080348,15.154745108884736,A31,True,-76.15834700137395,43.02729002253699
HARRISON STREET,477436882,15.37627648664968,A40,True,-76.14255508175823,43.044379908135234
WEST NEWELL STREET,477443709,15.42189516490864,A41,True,-76.15723748452933,43.01647698271132
SMITH STREET,477453882,15.442756349628185,A41,True,-76.09087092241474,43.05508893795287
EAST ADAMS STREET,477437410,15.444904631115074,A30,True,-76.14248297848167,43.04271985474025
JACKSON STREET,477438193,15.627309256278584,A43,True,-76.1424427415935,43.040411971566975
DYER COURT,477438191,15.62747543093979,A43,True,-76.14238429854848,43.040413266619574
EAST ADAMS STREET,477437408,15.680535801734797,A30,True,-76.14254116281235,43.04272103879081
SOUTH AVENUE,800051053,15.709438501844913,A41,True,-76.15872385271695,43.030864026945714
HARRISON STREET,477436885,15.801332729458947,A40,True,-76.142496770317,43.044379895989955
SOUTH AVENUE,800040253,15.996851650690726,A41,True,-76.15862627770987,43.03049711039298
OAKWOOD AVENUE,800034376,16.178622391838662,A41,True,-76.14539666904629,43.03559862694679
SALT SPRINGS ROAD,800029905,16.325066299844714,A31,True,-76.0974691348682,43.04721801607168
NORTH AVENUE,800048578,16.325921039523895,A41,True,-76.11351446742425,43.069816235935384
PLUM STREET,477433107,16.446427539148925,A41,True,-76.15966149534859,43.05574028956115
NORTH MCBRIDE STREET,800046408,16.63448808500122,A41,True,-76.1438545455717,43.050831835077396
SOUTH STATE STREET,800066572,16.823174273336665,A21,True,-76.14737850707425,43.05041154211255
TALLMAN STREET,800040240,16.84253752200938,A41,True,-76.15481641479488,43.03638200509453
BURT STREET,800036340,16.957464525528952,A41,True,-76.1422029686681,43.03848033684977
BUTTERNUT STREET,800037406,17.14083293400162,A41,True,-76.14876277814355,43.0591156107392
TULLY STREET,800040238,17.195751725825115,A41,True,-76.15831390474153,43.045758729209815
EAST TAYLOR STREET,477438431,17.35905775268407,A41,True,-76.14226958278833,43.03951448860972
BUTTERNUT STREET,800047528,17.361745478402717,A41,True,-76.14333647906241,43.0663907642387
PEAT STREET,800066458,17.612309526930055,A41,True,-76.11504823701432,43.051139730086526
SOUTH MCBRIDE STREET,477434982,17.625243718574584,A41,True,-76.1438550225771,43.05078482459155
EAST TAYLOR STREET,477438434,17.646153659881556,A41,True,-76.1423350421251,43.03951325000275
WEST JEFFERSON STREET,800036944,17.834974593127303,A41,True,-76.15857558802496,43.04712230663456
BURT STREET,477438822,17.913718160176487,A41,True,-76.1421377900548,43.038482103692495
COLUMBUS AVENUE,477435419,18.254195319835812,A31,True,-76.1215682830076,43.0494611361555
SALT SPRINGS ROAD,800029894,18.266406761126166,A31,True,-76.09997064244811,43.046817579351234
ERIE BOULEVARD EAST,509997409,18.326672350368575,A25,True,-76.14506689526091,43.050828293501866
TEMPLE STREET,800040284,18.46039284128979,A41,True,-76.15554245027886,43.03962902108669
SUNNYCREST ROAD,800052844,18.5140867190146,A41,True,-76.09719300487579,43.06224950231908
VALLEY DRIVE,800049156,18.713929813722483,A31,True,-76.15750338450023,43.011401410327714
NORTH TOWNSEND STREET,800036395,18.757231410782396,A41,True,-76.14558609813815,43.0513750853783
HOEFLER STREET,800050999,18.793345947042578,A41,True,-76.17971228954309,43.036776860270535
EAST GENESEE STREET,508421664,18.940531128085183,A37,True,-76.14255330174014,43.04729865552944
BUTTERNUT STREET,477430880,18.964505475733436,A41,True,-76.14335528798776,43.064014601842814
FABIUS STREET,800040251,19.167420057659072,A41,True,-76.15811430492829,43.044793110795446
MARKET STREET,800066624,19.287523603564413,A40,True,-76.14886009128453,43.05043184502635
ROCKWOOD PLACE,477442741,19.376772953032326,A41,True,-76.19821689403919,43.02281829960186
VELASKO ROAD,477439790,20.107263961332965,A31,True,-76.18822252744371,43.03565398007188
DESTINY USA DRIVE,477429759,20.23742947033317,A41,True,-76.16978080906512,43.06916712301401
MCCORMICK AVENUE,800040236,20.255973015662825,A40,True,-76.15794431088615,43.04393704294185
GIFFORD STREET,800040247,20.467693707395796,A40,True,-76.15784407956089,43.04347100493569
SALISBURY ROAD,477437749,20.47826407324609,A41,True,-76.20127619747336,43.04173831172473
EAST FAYETTE STREET,800037806,20.537506655954676,A41,True,-76.11373475723876,43.04820123010544
ELMHURST AVENUE,477443040,20.670217291465885,A41,True,-76.15476787298151,43.02096402249755
SALT SPRINGS ROAD,800029910,20.714850455922814,A31,True,-76.09500588878424,43.04761566803243
ROBINEAU ROAD,477442748,20.976156423872354,A41,True,-76.17076400480968,43.02268239388312
JAMES STREET,800047558,21.07467883620936,A31,True,-76.10750363459448,43.068792875208864
TEALL AVENUE,477433097,21.143239739791994,A31,True,-76.12203528029467,43.055656604058036
EAST GENESEE STREET,477741204,21.159957474751362,A37,True,-76.14262543646285,43.04743070343582
NORTH STATE STREET,800036405,21.188098123590358,A23,True,-76.14737441945614,43.05110532079657
SOUTH WEST STREET,800036741,21.197825458821217,A37,True,-76.15885697989734,43.048287395733254
VALLEY DRIVE,800034593,21.302058420472996,A31,True,-76.15505557865606,43.00667496548694
BURT STREET,477438820,21.395933377425905,A41,True,-76.14206428361047,43.03848360298263
WHITTIER AVENUE,800051052,21.616740294678102,A40,True,-76.18013346736804,43.0459613175234
NORTH CROUSE AVENUE,800039036,21.634624190052044,A43,True,-76.13645272452432,43.051412762856735
BEAR STREET,800036478,21.712857826617075,A31,True,-76.16372943527091,43.066419969492685
WEST ONONDAGA STREET,477440296,21.757867997950292,A31,True,-76.18262096751066,43.0336692226236
LODI STREET,800053240,21.771228621120365,A31,True,-76.13931014371134,43.055755377999716
SOUTH AVENUE,800051062,21.82110001135035,A41,True,-76.15864290687028,43.03054752708413
BURNET AVENUE,477431371,21.954789864362457,A41,False,-76.08612628339864,43.06195158538672
HOLDEN STREET,800051002,22.11779708845219,A41,True,-76.18090457041905,43.03668425664429
MEDORA PLACE,800047587,22.396200609858962,A41,True,-76.15736999457246,43.01477261987876
WEST BRIGHTON AVENUE,477443305,22.551041874083825,A31,True,-76.15414150558793,43.01937725219088
HIAWATHA BOULEVARD EAST,800036193,22.636626701701577,A31,True,-76.15877482987365,43.08117450754269
NORTH CROUSE AVENUE,508421203,22.697015718415738,A43,True,-76.13643596196073,43.05160648507804
ONONDAGA AVENUE,477442020,22.788805030703855,A41,True,-76.16232132559716,43.026552635745986
SOUTH SALINA STREET,800048270,22.808069826542102,A21,True,-76.14415349816281,42.990555506499334
NORTH TOWNSEND STREET,509997429,22.948912507833835,A41,True,-76.1455653268435,43.05114411542438
NORTHCLIFFE ROAD,477430152,23.088956902537532,A41,False,-76.09017678611919,43.06717761558856
ROBINEAU ROAD,800050423,23.137598501563232,A41,True,-76.17075991073727,43.022621936332975
VALLEY VIEW DRIVE,800039466,23.273771065759412,A41,True,-76.157988651279,43.00983664673934
TEALL AVENUE,477435406,23.385015860583145,A31,True,-76.1215837919702,43.04951712994715
SAINT LOUIS AVENUE,800039454,23.388539552439276,A41,True,-76.15789571562374,43.008959829786306
CATHERINE STREET,508421189,23.44883368262505,A41,True,-76.14210550370575,43.0517744535401
SOUTH MIDLER AVENUE,477433160,23.654880157919653,A31,True,-76.10391176225161,43.055377879551244
SOUTH WARREN STREET,800066620,23.661812515193468,A40,True,-76.15076688001082,43.050485165867975
WEST BEAR STREET,477430363,23.670908893264446,A31,True,-76.16381833839178,43.06629963370346
WHITTIER AVENUE,800051057,24.061388977834653,A40,True,-76.18020933009566,43.04593245768918
SOUTH STATE STREET,477438564,24.103011657810427,A23,True,-76.14745578733957,43.03927360743783
NORTH STATE STREET,477434570,24.165602294118003,A27,True,-76.14780670613266,43.05174259096697
HILLSIDE STREET,477428131,24.266775374762872,A41,True,-76.14215380208749,43.07744365762244
SPENCER STREET,477432459,24.290018355917862,A41,True,-76.16337063647187,43.05773771412778
EAST WASHINGTON STREET,477435413,24.302473826656946,A41,True,-76.14270479588139,43.049479617402746
BURT STREET,800052224,24.34402874894173,A41,True,-76.14558253991343,43.0383161135392
TEALL AVENUE,477429072,24.344685552707404,A31,False,-76.12319494783387,43.07293538055199
EAST WILLOW STREET,477434024,24.352884056789534,A41,True,-76.14985931164198,43.0528330918681
SMITH STREET,477453881,24.366858439591102,A41,True,-76.09087685713611,43.05514318091809
NORTH SALINA STREET,477433447,24.55020443638413,A31,True,-76.15211622682341,43.054497265862246
THOMPSON ROAD,800066448,24.63367929920912,A31,True,-76.08317440634222,43.0556185264868
COLUMBUS AVENUE,800066540,24.692932125366486,A31,True,-76.12155050040431,43.04940367019971
OAK STREET,477430223,24.7912107293499,A41,True,-76.13632378528702,43.06690762523985
EAST ADAMS STREET,506022033,24.820269770211535,A30,True,-76.14261691882166,43.042721870271386
SEYMOUR STREET,800040245,25.000570149019953,A40,True,-76.15764824009251,43.04257426626154
GRANT BOULEVARD,800047552,25.067511222983295,A31,True,-76.11852159955113,43.07013667637611
SIXTH NORTH STREET,800036181,25.09303234745206,A41,True,-76.15879575610828,43.08121844641803
SOUTH GEDDES STREET,800051004,25.16232939082739,A31,True,-76.17310921451985,43.038210474890846
JAMES STREET,477434271,25.266047761600717,A31,True,-76.14886579065904,43.052180626931374
VILLAGE DRIVE,800047550,25.32231931831672,A40,True,-76.11807276440288,43.070664916324134
MONTGOMERY STREET,800066547,25.43368568530318,A40,True,-76.14932023532376,43.050459741046446
MONTGOMERY STREET,477438572,25.54378817800351,A43,True,-76.14877876635201,43.03922863658105
SOUTH MIDLER AVENUE,477454008,25.60802308099364,A31,True,-76.10407884754935,43.053637608296704
SOUTH AVENUE,477443072,25.679168308154665,A31,True,-76.15948174651211,43.02082211739722
ERIE BOULEVARD EAST,477434917,25.819170399972705,A25,True,-76.1449921313918,43.050852368590135
SOUTH SALINA STREET,477438495,25.82463901372102,A33,True,-76.15029728209687,43.03940910382115
EAST TAYLOR STREET,477438426,25.834925380390874,A41,True,-76.14213446269589,43.039519115090066
GREEN STREET,477433232,25.973673633267268,A41,True,-76.13770787445713,43.055423974469804
SOUTH AVENUE,800050947,26.035516726434736,A31,True,-76.15929628257341,43.02468934264985
LYDELL STREET,800051003,26.055656573861413,A41,True,-76.17858777488091,43.0379935872916
BUNKER HILL WAY,477442457,26.070911795278924,A41,True,-76.18294850180797,43.02452439845587
JAMES STREET,800047551,26.075830715694263,A31,True,-76.1064126131655,43.06884941310554
BALLANTYNE ROAD,477444557,26.155821328245523,A41,True,-76.15011754942944,43.0104364622332
SMITH STREET,800066449,26.217606163715118,A41,True,-76.09085984483829,43.055032389331245
MONTGOMERY STREET,800036247,26.256278190715605,A43,True,-76.14877371602338,43.039157652170616
JAMES STREET,477434251,26.290853308079203,A31,True,-76.14878529352585,43.052219615787315
EAST GENESEE STREET,508421667,26.359096678706372,A37,True,-76.14262375929567,43.04733309808419
EAST GENESEE STREET,477437421,26.410251783541693,A31,True,-76.09196928352496,43.04270913657726
EAST WILLOW STREET,477434130,26.518448846666978,A41,True,-76.15058777616956,43.052462602471095
BALLANTYNE ROAD,477444552,26.57072069461719,A41,True,-76.1497388318325,43.010459259062415
SOUTH GEDDES STREET,477438028,26.576732204621404,A31,True,-76.17201733969267,43.04097262337247
NORTH GEDDES STREET,477433139,26.70281240470872,A31,True,-76.17044959087039,43.055597379526766
GRANT BOULEVARD,477429189,27.010928863499196,A31,True,-76.14189779839037,43.07214811885984
EAST ADAMS STREET,509998037,27.010930186472127,A30,True,-76.14573080729971,43.042755076874364
JAMES STREET,477429757,27.04151806144898,A31,True,-76.10003282428114,43.069151123419864
JACKSON STREET,477438195,27.045967299588284,A43,True,-76.14252251693242,43.0404097658814
WENTE TERRACE,800039459,27.101918900621968,A41,True,-76.1580388958491,43.0108076005184
BEAR STREET,477430352,27.184450109814286,A31,True,-76.16377332202002,43.06636109957652
COURT STREET,477428350,27.325516319147216,A31,True,-76.15038982835387,43.07632113603572
HIAWATHA BOULEVARD WEST,800036192,27.629732901167976,A33,True,-76.18511365319999,43.055557641915904
EAST GENESEE STREET,508421384,27.655903074338,A37,True,-76.142430054233,43.047415310651274
LINCOLN PARK DRIVE,477432390,27.65594103287739,A41,True,-76.12907776354884,43.05793562500051
SUMMIT AVENUE,477442718,27.739485408327955,A41,True,-76.16567785685785,43.02281760640432
VALLEY DRIVE,477443977,27.793525469581176,A31,True,-76.15907430660985,43.01436412422294
RONEY LANE,800054387,27.90591119043994,A41,True,-76.13592166080257,43.02055154696396
EAST GENESEE STREET,477741202,28.122139701953245,A37,True,-76.14253361468,43.0474246821278
LEMOYNE AVENUE,800051976,28.4070572481686,A41,True,-76.15655080449586,43.07874145641498
WEST KIRKPATRICK STREET,800030682,28.421518172865458,A41,True,-76.16427291534285,43.05936621431696
HARBORSIDE DRIVE,477428808,28.477996179402062,A43,True,-76.17173231683815,43.07421359936308
CRADDOCK STREET,477443431,28.517896969548907,A41,True,-76.16264970115859,43.01842215216328
SOUTH MIDLER AVENUE,800066481,28.791756149817523,A31,True,-76.10408438700969,43.053563084109385
ALMOND STREET,477434994,28.813390664169543,A41,True,-76.14211677756165,43.05077611358553
PEAT STREET,477434834,28.898894732851044,A41,True,-76.11503420307997,43.05107674241539
HIAWATHA BOULEVARD WEST,508421456,28.899241051807312,A35,True,-76.16827789751522,43.069316443112434
ARDMORE ROAD,477437739,28.95678924333302,A41,True,-76.19886995981841,43.04178297477472
SLOCUM AVENUE,800030980,28.963947758482355,A41,True,-76.16046609566843,43.0402063516596
COURT STREET,477428361,29.027654673164083,A31,True,-76.15048129706382,43.076282621168545
TALLMAN STREET,800051060,29.067660698740333,A41,True,-76.15403807356175,43.03640671875446
DORWIN AVENUE,800049312,29.206551868784306,A41,True,-76.14959479101933,42.9851512321358
WEST BRIGHTON AVENUE,477443321,29.211018463055467,A31,True,-76.15443642609237,43.019299135511496
CAMP AVENUE,800037981,29.367171614287734,A41,True,-76.15801585496376,43.00788197355344
STRATHMORE DRIVE,800050899,29.389569908893215,A45,True,-76.16927500008349,43.02268016621375
WEST GENESEE STREET,800030722,29.39423555872909,A21,True,-76.15662950966934,43.05264026855638
HARBORSIDE DRIVE,477428815,29.515381330385424,A43,True,-76.1718183579263,43.07416508246839
SOUTH MIDLER AVENUE,477433176,29.5272444999528,A31,True,-76.10391208025602,43.05530490984977
TALLMAN STREET,800071038,29.574167227192877,A41,True,-76.15207252468213,43.036414727922136
EAST GENESEE STREET,477436059,29.63124546029986,A37,True,-76.14271885407551,43.04742315655996
ELMHURST AVENUE,477443043,29.78733586446017,A41,True,-76.15517856835692,43.02095104357252
VELASKO ROAD,600063424,29.79022293240436,A31,True,-76.18787380593646,43.03472860543965
MONTROSE AVENUE,477437702,29.81657171039623,A41,True,-76.19650119584044,43.041900733840194
WEST SENECA TURNPIKE,800050903,30.21936351404758,A31,True,-76.15977658209393,43.003506233083584
ERIE BOULEVARD EAST,800036365,30.227813428861356,A25,True,-76.14480182442816,43.05076451491938
NORTH STATE STREET,477434385,30.29982082259856,A27,True,-76.14790376502894,43.051945078447254
SOUTH MCBRIDE STREET,800037263,30.44562485882362,A43,True,-76.14382173640047,43.038760892814345
SOUTH AVENUE,800047557,30.664300202240366,A31,True,-76.15827203337861,43.02749569293693
BROOKFORD ROAD,477439939,30.846041652124995,A41,True,-76.09726597279943,43.03472800858777
BRUCE STREET,800065989,30.8687579553104,A41,True,-76.11258922063014,43.051871827651624
WEST TAYLOR STREET,800040234,30.988029774003863,A41,True,-76.15535719296825,43.03845793124637
SOUTH SALINA STREET,509994533,31.106753853542422,A21,True,-76.14117874730549,43.016257076729836
PEAT STREET,477434767,31.11053577864168,A41,True,-76.11506380256706,43.05120560206675
WEST WATER STREET,800030713,31.17146921714121,A41,True,-76.15554431832629,43.05056794369183
ERIE BOULEVARD EAST,800066576,31.184849688182833,A25,True,-76.1216492674896,43.04953940123519
PARK STREET,477454197,31.228266037813025,A35,True,-76.17333435251611,43.076568378247245
EAST SENECA TURNPIKE,800031581,31.32801119879176,A31,True,-76.12816343413239,43.00021366904405
CORTLAND AVENUE,477440157,31.352647479314914,A31,True,-76.1519767975249,43.03397859382879
ERIE BOULEVARD EAST,800066593,31.397715307509298,A21,True,-76.12756644509471,43.05040879227395
ERIE BOULEVARD WEST,477435006,31.437757344030185,A31,True,-76.15553710350352,43.05095373633251
EAST WILLOW STREET,477434037,31.48490636240943,A41,True,-76.14994570445432,43.05279001032888
WEST WATER STREET,477435059,31.49655358072598,A41,True,-76.15542742190078,43.050571974266234
IVES AVENUE,800066497,31.506442414723637,A41,True,-76.11609198728543,43.05077608076476
HIAWATHA BOULEVARD WEST,508421432,31.526274263937545,A35,True,-76.16839071424008,43.06942590230723
SCOTT AVENUE,477437620,31.740082324977642,A41,True,-76.1093613268112,43.04228507786248
EAST ADAMS STREET,507666605,31.81329698843097,A30,True,-76.14221279264258,43.04271361444138
GLENCOVE ROAD,477430911,31.82261798158305,A41,True,-76.11092977046201,43.06385814140158
TEMPLE STREET,800040282,31.850321005126595,A41,True,-76.15521583272982,43.03969945049408
THOMPSON ROAD,509997119,31.921956621450175,A31,True,-76.08316393557722,43.055541300368354
HIAWATHA BOULEVARD WEST,800036176,32.04262189669639,A33,True,-76.18519007962406,43.055497945018296
DEVINE STREET,800066350,32.16797311688217,A41,True,-76.1189608492214,43.04994140976202
EAST GENESEE STREET,477437976,32.18794565329531,A31,True,-76.08439979237512,43.04111511842343
SOUTH CLINTON STREET,800066614,32.26603632277605,A40,True,-76.15354228796396,43.05050630670456
WEST COURT STREET,477430667,32.42266230489086,A31,True,-76.16044283201497,43.06481213989836
HIAWATHA BOULEVARD WEST,508421434,32.56088626951174,A35,True,-76.16832175192403,43.06949784392782
NORTH STATE STREET,477434362,32.638212639970696,A27,True,-76.14814927549234,43.05201060231839
SUNNYCREST ROAD,477431443,32.64196552150304,A41,True,-76.11073229650809,43.061590109300475
BURT STREET,800034761,32.81199252706643,A43,True,-76.14320324408642,43.03843507620332
NORTHCLIFFE ROAD,477430394,32.92174402107814,A41,True,-76.11113778075651,43.06613061726633
TERRACE ROAD,477440715,32.97632773856629,A41,True,-76.12664537192744,43.03196367528771
RAMSEY AVENUE,477437719,32.98660172676129,A41,True,-76.10797026582665,43.04187113677112
RONEY LANE,477443104,32.996161281651894,A41,True,-76.1358159557374,43.02055594844586
SOUTH SALINA STREET,509994537,33.06786954120225,A21,True,-76.14123176048192,43.01665461111553
FORDLAND AVENUE,477428291,33.09273463062313,A41,True,-76.15122528986981,43.07668112138477
MIDLAND AVENUE,800052180,33.33623885709663,A31,True,-76.14697498070066,43.002296452061046
YALE AVENUE,800049430,33.35334947171435,A41,True,-76.18822112339157,43.03777751174762
TURTLE STREET,477428268,33.45029233679674,A41,True,-76.15403678763965,43.07678814257157
LOMBARD AVENUE,800066447,33.470472546568075,A41,True,-76.1199804815336,43.04963897405439
LAKEVIEW ROAD,477437773,33.59264455039129,A41,True,-76.2013121866748,43.04168955047578
FAY ROAD,477437745,33.63312734141551,A31,True,-76.19914751994749,43.041770678779166
COLUMBUS AVENUE,477435481,33.76040961275416,A31,True,-76.1215250133979,43.04932566754114
WESTMONT ROAD,477437814,33.78361823091727,A41,True,-76.20258592902708,43.04164429415395
BEATTIE STREET,800065997,33.78963386870786,A41,True,-76.10867073882635,43.05303409320856
HAZELWOOD AVENUE,477434429,33.794415123164654,A41,True,-76.09525428284137,43.051833117253736
CORTLAND AVENUE,800067175,33.88002436575995,A31,True,-76.15064716424426,43.036435899196285
SOUTH SALINA STREET,800066542,33.967763848839496,A31,True,-76.15218542090582,43.05050503779293
VAN RENSSELAER STREET,800066604,34.11481198362205,A41,True,-76.17442938761783,43.06379146261674
WEST STREET ARTERIAL NORTHBOUND,800037119,34.122547461831005,A37,True,-76.15841090889056,43.04799606562668
NBT BANK PARKWAY,477428696,34.145559465237696,A41,True,-76.17090047060421,43.074698916470304
CADILLAC STREET,477428201,34.324404306087445,A41,True,-76.15222531510663,43.07708761960058
BEAR STREET,800051912,34.48595721875455,A31,True,-76.16367917634028,43.06648770627476
HIAWATHA BOULEVARD WEST,508421459,34.730687069796616,A35,True,-76.16821113428065,43.06938872216864
DEWITT ROAD,800053108,34.768989221991774,A41,True,-76.07955058834533,43.0369439621039
SOUTH STATE STREET,477441640,34.77408850512365,A41,True,-76.14444862840274,43.02819938146963
VALLEY DRIVE,477444483,34.83001303551256,A31,True,-76.15723624932873,43.010894616741275
NORTH FRANKLIN STREET,477433341,35.03239545774453,A41,True,-76.15512031662863,43.05512646119063
SEYMOUR STREET,477437497,35.250598109983436,A40,True,-76.15776060631198,43.04256778499845
NORTH STATE STREET,800036403,35.25065283958222,A23,True,-76.14737532524114,43.051027926571784
NORTH GEDDES STREET,800051096,35.446485678496394,A31,True,-76.17045422797099,43.0555122540265
HARBORSIDE DRIVE,477428710,35.60046517161283,A41,True,-76.17100181449435,43.07463858694378
LISTMAN AVENUE,800039831,35.634542274215754,A41,True,-76.13817477920684,43.07464488307882
HARRISON STREET,477436939,35.797400115528944,A40,True,-76.14517026349785,43.044287630331034
MIDLAND AVENUE,800040326,35.994396639009864,A31,True,-76.14698376442693,43.00239137078993
DICKERSON STREET,477436897,36.00990689504306,A41,True,-76.15394060949795,43.04437583646698
JAMES STREET,477430231,36.01775751717603,A31,True,-76.1188752353235,43.066879121788475
MONTROSE AVENUE,800049097,36.09435190166385,A41,False,-76.1965068183927,43.041991056982745
GIFFORD STREET,477437213,36.117915642146684,A41,True,-76.15794964149228,43.04346528139691
NORTH CLINTON STREET,800042024,36.13213184335704,A40,True,-76.153449954178,43.054275060499066
EAST GENESEE STREET,477436091,36.29821847534032,A37,True,-76.14271826160186,43.047383972957476
EAST CATHROP AVENUE,509994543,36.301374210988655,A31,True,-76.13945381219669,43.01673059000567
SOUTH SALINA STREET,800049634,36.434061109504746,A21,True,-76.14298166339651,42.99885504535517
MAINS AVENUE,800041305,36.5572944246047,A41,True,-76.15664569057006,43.005289819650386
PEAT STREET,477434733,36.639326558765326,A41,True,-76.11508627257383,43.05129709769265
MOUNTAINVIEW AVENUE,477434852,36.707145137999795,A41,True,-76.09518676950741,43.050982125440065
ENFIELD PLACE,477438138,36.82661689509971,A41,True,-76.09196856814832,43.040558319397995
WEST COLVIN STREET,477442633,36.97300741264113,A30,True,-76.15464955633942,43.02329118467147
EAST GENESEE STREET,508421394,37.31776314634072,A37,True,-76.14242870493968,43.04723247539665
HADDON ROAD,477438221,37.41100075717708,A41,True,-76.08874101736193,43.04041957896958
FARMER STREET,477430712,37.480992916646805,A41,True,-76.13031723717994,43.06459106685028
NORTH FRANKLIN STREET,477433513,37.555928096670705,A31,True,-76.15481684778298,43.05435109748622
CIRCLE ROAD,477441100,37.6440214957752,A41,True,-76.12787277824701,43.03057508837451
ALMOND STREET,477741247,37.730791643333184,A47,True,-76.1423663039649,43.047672181449464
COURT STREET,477430642,37.90827585783549,A31,True,-76.16044133632035,43.06490864208957
AUDUBON PARKWAY,800029908,37.976516071988605,A45,True,-76.094974402823,43.04937227180654
DORSET ROAD,477440406,37.982753433412846,A41,True,-76.12766583662987,43.033115577560615
WILMORE PLACE,800049091,37.982846966305424,A41,False,-76.1384143051213,43.08152607074048
FABIUS STREET,477436771,38.10916493930617,A41,True,-76.15821787934523,43.0447729721243
SOUTH SALINA STREET,477447265,38.14068985495446,A21,True,-76.14379075305162,42.98611259841833
INTREPID LANE,800031668,38.54357132271084,A41,True,-76.12755377841124,43.0030784825159
SOUTH AVENUE,477441046,38.598553407475414,A41,True,-76.15870715167806,43.03079054936602
FAY ROAD,800049096,38.77228832786438,A31,False,-76.19909990616149,43.04186346591463
MEADOWBROOK DRIVE,477438199,38.88166447575897,A35,True,-76.10629081152108,43.040434127966066
MEADOWBROOK DRIVE,477438134,38.88191885774841,A35,True,-76.10635880635243,43.040556117818824
SOUTH AVENUE,477441548,38.9990710400388,A41,True,-76.15791578216137,43.028600126864895
STOLP AVENUE,477441227,39.095850365054964,A41,True,-76.17956130924858,43.029916107034886
WILLIS AVENUE,800030519,39.22297748113677,A41,True,-76.19949309992026,43.062758935876445
BRATTLE ROAD,477431031,39.23038745566869,A41,True,-76.12971728176083,43.06333760439442
ARNETT AVENUE,477429582,39.33990746617943,A41,True,-76.11206577862413,43.06992764460517
SMITH STREET,477453879,39.37862564696542,A41,True,-76.09087981348947,43.055230621686036
EAST WILLOW STREET,477434117,39.447122717755086,A41,True,-76.1504867723107,43.05251463069607
SOUTH FRANKLIN STREET,477435051,39.44953526447372,A41,True,-76.15547898340185,43.050900492003755
DICKERSON STREET,477436889,39.5158963779513,A43,True,-76.15379950303169,43.04438125301904
BEAUMONT PLACE,477436763,39.543315455969136,A41,True,-76.08761027465255,43.04480160732663
FABIUS STREET,477437002,39.78945013148929,A41,True,-76.16073482178287,43.04414609114577
WEST BEAR STREET,800066360,39.84918067643707,A31,True,-76.17013545453771,43.061241949325975
HAMPSHIRE ROAD,477430502,40.00053100831043,A41,True,-76.13182931530906,43.065662920451025
FOXBORO ROAD,477435443,40.46741563614225,A41,True,-76.09367939303417,43.04944612159879
HADDON ROAD,477438226,40.49230664942117,A41,True,-76.08967377153213,43.04038715001476
DEVINE STREET,506021457,40.65716035027802,A41,True,-76.11890592980612,43.04985001122853
MOUNTAINVIEW AVENUE,800048562,40.72010751296498,A41,True,-76.09385926029202,43.05106159411752
BRADFORD PARKWAY,504325054,40.827379382911296,A45,True,-76.10680073839404,43.04153772436977
VALLEY DRIVE,477446193,40.867505564054674,A31,True,-76.15286283821152,42.99778859686646
DYER COURT,477438188,40.90325982395801,A43,True,-76.14227862119083,43.04041619454342
SOUTH AVENUE,477442664,41.17836924656175,A31,True,-76.15927927117633,43.02318111834593
WEST STREET ARTERIAL NORTHBOUND,800037089,41.206145174937404,A35,True,-76.15817508315503,43.05331672385868
HILLSBORO PLACE,477438148,41.247265369742465,A41,True,-76.08625525701642,43.040559612638795
GRAND AVENUE,800051001,41.300676871932936,A31,True,-76.17753631090324,43.03891231814762
COURT STREET,477427743,41.336463621807134,A31,True,-76.1446392828464,43.07932465160428
GLENWOOD AVENUE,477443385,41.58000351149884,A31,True,-76.16149077470398,43.01878422583939
OAK STREET,477433256,41.60880373428522,A41,True,-76.13327580197404,43.05515065364391
HANCOCK DRIVE,477441950,41.63946809362499,A62,True,-76.17973513598507,43.02689063450554
CARLTON DRIVE,504325285,41.90662232632321,A45,True,-76.08903902472021,43.04653126946835
COLERIDGE AVENUE,800051055,41.909208802566695,A41,True,-76.17989319979075,43.04554576862587
FAYETTE BOULEVARD,477435450,41.926486637384976,A45,True,-76.09505025480605,43.04939689032693
WEST BEAR STREET,800036487,41.96717965850146,A31,True,-76.16396949522984,43.066082853255075
WEST COLVIN STREET,477442549,42.030620151375004,A30,True,-76.15253979597706,43.02378809261704
EUCLID AVENUE,477439302,42.09208142004231,A31,True,-76.11778578323097,43.036869624652006
HIAWATHA BOULEVARD WEST,800047000,42.21421582469806,A31,True,-76.176673619555,43.062123600934704
NORTH SALINA STREET,477433411,42.51467364752703,A31,True,-76.15211377487226,43.05458927545043
EAST BRIGHTON AVENUE,513531408,42.61550104383292,A31,True,-76.14096932932414,43.02037261992488
AUDUBON PARKWAY,800005937,42.62543184136756,A45,True,-76.09482213259876,43.04841384689374
WEST STREET ARTERIAL SOUTHBOUND,477433862,42.66131423832726,A35,True,-76.1585072437516,43.053477079137586
MELROSE AVENUE,504325545,42.68451074943536,A45,True,-76.11542136256621,43.06463545187691
JAMESVILLE AVENUE,477443002,42.774634521306325,A41,True,-76.13281930057393,43.02123363943748
SOUTH SALINA STREET,477441709,42.78659466511493,A21,True,-76.14642225761648,43.02794610622659
SOUTH WILBUR AVENUE,477435685,42.7962017105632,A41,True,-76.18010207136722,43.048555650615654
SEDGWICK ROAD,477429842,42.829727771243135,A41,True,-76.13301422295221,43.068653811682424
JAMES STREET,477431332,42.929486757607016,A31,True,-76.12859917149714,43.06211990950836
MELROSE AVENUE,504325546,42.98713711979937,A45,True,-76.1154181574486,43.06456877492354
SCOTTHOLM BOULEVARD,477437239,43.444171460252605,A41,True,-76.11180891041458,43.04338966069516
COOK AVENUE,477430759,43.44422407708247,A41,True,-76.11873375018692,43.064475124419545
WEST ADAMS STREET,477437571,43.78518210432586,A31,True,-76.15395313782669,43.04243221943852
WADSWORTH STREET,477428474,43.81525705062934,A41,True,-76.13929932126193,43.07574660602007
BROOKFORD ROAD,477438014,43.887849004445975,A41,True,-76.10485174913607,43.04104012018221
JAMES STREET,477434405,44.00888907043385,A31,True,-76.14945580640875,43.05189212813151
WADSWORTH STREET,477427208,44.060112365710204,A41,True,-76.14608127194035,43.08242814315788
EAST FAYETTE STREET,477435676,44.094656691386845,A41,True,-76.1427597925389,43.04856313603568
OAKWOOD AVENUE,477438555,44.17552363035754,A43,True,-76.14561325689876,43.03932110897213
SALT SPRINGS ROAD,482660131,44.287491165660185,A31,True,-76.09370389531483,43.04772578669566
RUGBY ROAD,477430043,44.29588426576508,A41,True,-76.13294979440654,43.067652105629946
FAYETTE BOULEVARD,477435448,44.331863875361776,A45,True,-76.09504348728697,43.04934501472001
NORTH FRANKLIN STREET,800080350,44.382415344248216,A41,True,-76.15519691326432,43.0552198430271
SUNNYCREST ROAD,477431283,44.43338061931233,A41,True,-76.09606229318629,43.06229810972696
SOUTH SALINA STREET,477443997,44.50507866395114,A21,True,-76.14139231101424,43.014268096521
GRANT BOULEVARD,477429150,44.71112399667214,A31,True,-76.13798177706845,43.07233463108347
WEST MARCELLUS STREET,477436848,44.79959716815647,A41,True,-76.17463347199156,43.04449660603668
WEST STREET ARTERIAL SOUTHBOUND,800037032,44.81155234999216,A35,True,-76.15851172005736,43.053357093411265
SOUTH MCBRIDE STREET,477435030,44.83095706611047,A41,True,-76.143856272134,43.0506991262108
AUDUBON PARKWAY,477435949,44.835587450190104,A45,True,-76.0949702620534,43.04841321856438
WEST COLVIN STREET,477442643,45.09211416656703,A30,True,-76.15501128455186,43.02322191102748
SEDGWICK DRIVE,477430713,45.104516119024034,A45,True,-76.13040529161476,43.06464911457727
EAST GLEN AVENUE,477444719,45.12189958694202,A41,True,-76.13520592892706,43.00890760305885
SOUTH CLINTON STREET,477438237,45.211973627905365,A40,True,-76.15194231072277,43.04038658915418
VALLEY DRIVE,477444873,45.39181400091807,A31,True,-76.15582527358353,43.00816763552286
SCOTTHOLM TERRACE,477439084,45.61699042040626,A41,True,-76.1092502020052,43.03766118019109
EAST GENESEE STREET,800066374,45.8003244854931,A40,True,-76.15170461704263,43.05049909893914
FABIUS STREET,477436788,45.90098258554281,A41,True,-76.15836794921314,43.0447388823251
PEAT STREET,477433350,45.99149222855009,A43,True,-76.11560297883034,43.05484763300129
JAMES STREET,477434496,46.14941434265265,A31,True,-76.1497823103313,43.05173162264917
HARRINGTON ROAD,477437905,46.22604771075869,A41,True,-76.10213176462663,43.04152612563576
MIDLAND AVENUE,477440447,46.2469226239259,A41,True,-76.15460578692183,43.03297188996995
CATHERINE STREET,477434681,46.30107408355544,A41,True,-76.14210878030958,43.051407120761844
SEYMOUR STREET,477437503,46.360464286896075,A40,True,-76.15791281820324,43.04255906792314
GIFFORD STREET,509997025,46.595336327100995,A40,True,-76.15352332829953,43.04365624344285
NORTH MCBRIDE STREET,477434539,46.65212375231358,A41,True,-76.14382833677547,43.05166360365714
PULASKI STREET,800066610,46.678270561029954,A41,True,-76.17655600764184,43.06212150308076
CADWELL STREET,800048351,46.763848302378904,A41,True,-76.17550942805681,43.03711801573526
HURLBURT ROAD,477437778,46.85743778916492,A41,True,-76.10078985733374,43.04172111277676
OVERLOOK DRIVE,477441290,46.86781803979864,A41,True,-76.18721220167392,43.029651067706304
EAST BRIGHTON AVENUE,477445147,46.998624821524345,A31,True,-76.13121895236002,43.006840413837416
TEALL AVENUE,477433853,47.1082346910496,A31,True,-76.12187527157393,43.053371130783574
GIFFORD STREET,477437218,47.122766628823506,A41,True,-76.1581051183051,43.04346031318649
WEST HIGH TERRACE,477437761,47.16647675641564,A41,True,-76.20067779916423,43.041711764524834
SALT SPRINGS ROAD,477436034,47.27860729355086,A31,True,-76.08904277442805,43.04752011646242
COURT STREET,477427671,47.389057550379,A31,True,-76.14377979770067,43.07979613994296
MARTIN LUTHER KING EAST,477440005,47.435940533215785,A43,True,-76.14293319989751,43.034495498023176
DEFOREST ROAD,477437479,47.561682017149614,A41,True,-76.090267330012,43.042671650337894
DAKOTA STREET,800052286,47.71838682318557,A41,True,-76.1115223131106,43.03273472499026
MENLO DRIVE,477444465,47.82420949756371,A41,True,-76.1380377492845,43.011015104898625
BRADFORD PARKWAY,477438165,48.02098410152138,A45,True,-76.10626330037775,43.0405236397465
BRADFORD PARKWAY,477438200,48.02160244191878,A45,True,-76.10638649848904,43.040466552160716
EAST GENESEE STREET,508421385,48.106949788376866,A35,True,-76.14228915968006,43.0474046138179
GIFFORD STREET,509997020,48.42172280905146,A40,True,-76.15334628678727,43.043645115122985
EAST GENESEE STREET,477437348,48.43960169029838,A31,True,-76.09334773934648,43.04290768454387
WEST KENNEDY STREET,800032592,48.44939451372035,A31,True,-76.15015029035541,43.030043755270526
BUCKINGHAM AVENUE,477442382,48.55832671207545,A41,True,-76.12056023356642,43.024789086817314
HATHERLY ROAD,477437953,48.578001009339474,A41,True,-76.10337643041709,43.04133509421082
NORTH CROUSE AVENUE,508421207,48.587136949079365,A43,True,-76.13644395203298,43.05150888733147
EAST ADAMS STREET,477437416,48.61930524230973,A30,True,-76.14236321194217,43.042716646970796
SHOTWELL PARK,800052398,48.620707206626825,A45,True,-76.11548570712327,43.06460004308081
GIFFORD STREET,800008530,48.62968254594028,A40,True,-76.15392953551763,43.04364980234347
CATAWBA STREET,477431522,48.69959425601799,A41,True,-76.15601474763942,43.061123278367944
SALT SPRINGS ROAD,800029900,48.71532714341955,A31,True,-76.09612603046752,43.04744229753342
DEWITT ROAD,800052322,48.79982097492955,A41,True,-76.08367991284476,43.040481539940934
EUCLID AVENUE,477439465,48.97598305236118,A31,True,-76.11018610759893,43.036432375993
PLUM STREET,477434374,49.188631081262265,A41,True,-76.16027829839535,43.05201464392882
NORTH TOWNSEND STREET,509997416,49.24579618458406,A41,True,-76.14557935442241,43.050889670984105
EAST GENESEE STREET,800040259,49.31550842852027,A31,True,-76.11821946873265,43.04555008471336
SALT SPRINGS ROAD,800029913,49.42136949652326,A31,True,-76.09630529871743,43.04741320961231
CLAIRE ROAD,477437545,49.479787239963855,A41,True,-76.08508718556327,43.04249385266991
SOUTH ALVORD STREET,477431732,49.62722265230732,A41,True,-76.14140229392565,43.06029311645903
EAST COLVIN STREET,477442061,49.7093776045246,A31,True,-76.1402178436138,43.0263858434019
WEST STREET ARTERIAL NORTHBOUND,800036938,49.76384986152488,A35,True,-76.15821471324055,43.05319532881203
DEMONG DRIVE,506986289,49.76596145756564,A41,True,-76.08744626953813,43.04405147506086
HANCOCK DRIVE,477441937,49.82994789161505,A62,True,-76.17974524898251,43.02700097267869
SCOTT AVENUE,477438594,49.986804370963185,A41,True,-76.10806088717109,43.03920955818299
EAST COLVIN STREET,477442076,50.04959130337564,A31,True,-76.13725329860283,43.02633512282286
WEST FAYETTE STREET,800037290,50.07874607661579,A43,True,-76.15973259119512,43.04853645656729
WENDELL TERRACE,477430673,50.23378059326277,A41,True,-76.13036792777702,43.06476526852648
EAST GLEN AVENUE,477445302,50.34459930370318,A41,True,-76.14035331504637,43.00551164079396
LANCASTER AVENUE,477442389,50.393170605608326,A41,True,-76.12181529724812,43.024720599633135
SCHOOL STREET,477433905,50.45662495327783,A40,True,-76.1859163118641,43.053243646719885
ALMOND STREET,477741193,50.50206575755881,A47,True,-76.14250206770396,43.04735298019131
CHURCHILL AVENUE,477444485,50.70535418331599,A41,True,-76.13993077896382,43.010917110886965
HASTINGS PLACE,477430745,50.75182555173838,A41,True,-76.11768625976578,43.064525162065245
GARFIELD AVENUE,477441594,50.781903617813796,A41,True,-76.14214833042136,43.028417612126425
CUMBERLAND PLACE,477440703,50.849692899683575,A41,True,-76.11250670150268,43.032040943060046
NORTH STATE STREET,800036393,50.97937231026576,A21,True,-76.14737654515326,43.050909603726055
EAST BRIGHTON AVENUE,477445155,50.979451823404304,A31,True,-76.13117540337421,43.00670986273506
ERIE BOULEVARD EAST,477434983,51.31701946120293,A25,True,-76.14395128514549,43.050760625191735
WEST STREET ARTERIAL SOUTHBOUND,477433944,51.35344417168247,A35,True,-76.1585229517004,43.05322544981104
CADILLAC STREET,477427797,51.41117660658116,A41,True,-76.15047082589143,43.07908764512896
EAST WILLOW STREET,477434151,51.503662705657675,A41,True,-76.15071647506765,43.0524149520716
VALLEY DRIVE,800034592,51.5669739326591,A31,True,-76.15462370097529,43.00583956677658
NORTH GEDDES STREET,477433019,51.786116103178095,A31,True,-76.17042758025552,43.05593260459817
FOBES AVENUE,477428963,51.86158577345201,A41,True,-76.11161123871302,43.073466604699036
WEST GENESEE STREET,477433863,51.906151143935155,A21,True,-76.15861131132567,43.05329910670458
DICKERSON STREET,477436877,52.020515465468186,A41,True,-76.15362847817791,43.0443877498734
GENANT DRIVE,477431898,52.07015482680594,A40,True,-76.15543405995439,43.059628697687714
HIGHLAND STREET,477431731,52.09990056799938,A41,True,-76.1413207745466,43.060334091430576
SOUTH SALINA STREET,477441093,52.186404398752,A21,True,-76.14768084807197,43.030601107821916
EAST GLEN AVENUE,800100247,52.226039210180964,A45,True,-76.136594065553,43.009082141515215
WEST COLVIN STREET,477442737,52.26587072184295,A41,True,-76.16932836489379,43.02273845451412
POND STREET,800052349,52.27459447123978,A41,True,-76.15192779940107,43.06536537677597
EAST CATHROP AVENUE,509994530,52.28163793114159,A35,True,-76.13988776557055,43.016642529920226
EAST CATHROP AVENUE,509994550,52.49142989530099,A35,True,-76.13991025762496,43.016727875264486
HUTCHINSON AVENUE,477443763,52.50902605909833,A41,True,-76.16657230625282,43.015975641573085
OAK STREET,477432878,52.57360724367293,A41,True,-76.13336678469082,43.05632362896864
BEECHER STREET,477431718,52.813036249267874,A41,True,-76.14140380453813,43.06036460016412
LORETTO ROUNDABOUT,800100174,52.85957924508405,A62,True,-76.13653912894887,43.009011533792396
SOUTH GEDDES STREET,477439850,52.91748202606804,A31,True,-76.17432379879133,43.03510461732148
SKYTOP ROAD,477443380,53.115301787170154,A41,True,-76.12324727600011,43.01883258885239
DEMONG DRIVE,477437205,53.14040527413219,A41,True,-76.08570785518302,43.04351433166894
ERIE BOULEVARD WEST,477435107,53.23683758608574,A31,True,-76.15893431320183,43.05043660561831
WEST WASHINGTON STREET,477435384,53.41259873017299,A40,True,-76.15860624156028,43.049526074266126
DICKERSON STREET,800032434,53.449264593510605,A41,True,-76.15410767683196,43.04436848750029
NORTH STATE STREET,477434643,53.53641729931903,A23,True,-76.14764007172657,43.05148852374196
NORTH SALINA STREET,477433836,53.565623487080046,A31,True,-76.15213977930321,43.05339411980985
WESTMORELAND AVENUE,477440803,53.57793766346384,A41,True,-76.11357207240025,43.03170811590968
LOOMIS AVENUE,800032673,53.58415213543837,A41,True,-76.1522846749076,43.006474073740016
WEST ONONDAGA STREET,800030979,53.58534395943078,A31,True,-76.15811718049167,43.040041202291164
FOREST HILL DRIVE,477429856,53.63707363694053,A41,True,-76.11135967944315,43.068541015349446
SOUTH MCBRIDE STREET,506986283,53.65391600433766,A41,True,-76.14365077936081,43.03663210826366
SOUTH MIDLER AVENUE,477432481,53.721633334391214,A31,True,-76.10412419269751,43.057744408055086
GIFFORD PARKWAY,477437963,54.16734240582083,A40,True,-76.08488276309456,43.0412791126109
RUGBY ROAD,504326410,54.18917409724233,A62,True,-76.13293646524288,43.067140308229995
SEDGWICK DRIVE,504326413,54.228191468654,A62,True,-76.1328291730142,43.06703589751461
SOUTH MIDLER AVENUE,477433721,54.307254568749904,A31,True,-76.10406326268914,43.053746650406985
FIRST NORTH STREET,477430055,54.41567416337113,A41,True,-76.14469929471392,43.06766461333691
WEST ONONDAGA STREET,477437191,54.58776253107967,A31,True,-76.15332777168331,43.04358411357765
ONONDAGA AVENUE,477442391,54.60092102394996,A41,True,-76.15938296410367,43.02469359725482
SOUTH AVENUE,477441835,54.67590029596471,A31,True,-76.15831432383507,43.02738279790621
ALMOND STREET,507665688,54.861241405977,A45,True,-76.14261559985937,43.042655982590325
SOUTH SALINA STREET,477446618,54.92650258566706,A21,True,-76.14374678323279,42.9934386335936
ALMOND STREET,506021524,55.06256038339874,A45,True,-76.14223528062283,43.044306086280955
HANCOCK DRIVE,477441929,55.15659446460889,A62,True,-76.17959659679646,43.02701704615922
LEAVENWORTH AVENUE,477433194,55.427308987592134,A43,True,-76.16298672620309,43.055357651209896
SHERBOURNE ROAD,477440568,55.63559080896189,A41,True,-76.11171339083239,43.03250597667411
NORTH STATE STREET,477434413,55.709351526991995,A27,True,-76.14806780185239,43.05190511722543
CLIFTON PLACE,477430739,55.85026712215959,A41,True,-76.11666876813678,43.06456012981746
WEST BEAR STREET,477430416,55.89480416095529,A31,True,-76.16388603098297,43.06620238617241
MIDLAND AVENUE,477442903,55.90886884743646,A31,True,-76.14999381679318,43.02191663783481
NORTH STATE STREET,477434467,55.96347903953612,A27,True,-76.14782894251785,43.05184034583281
ROWLAND STREET,477439626,56.24045448603437,A41,True,-76.177134269317,43.03580761528825
LORETTO ROUNDABOUT,800100183,56.35143267706529,A62,True,-76.13616304228549,43.00897621921297
OTISCO STREET,477436477,56.44119244840762,A41,True,-76.16140227949218,43.04603660430564
CRAWFORD AVENUE,477438916,56.451393642398344,A41,True,-76.10876732818699,43.03828903800252
NORTH TOWNSEND STREET,509997426,56.70399827091108,A41,True,-76.14557158952499,43.051034926696914
SOUTH GEDDES STREET,477443297,56.921928858383865,A31,True,-76.17394127902256,43.01949960140213
HIAWATHA BOULEVARD WEST,508421453,56.988046812016385,A35,True,-76.16837340374977,43.069221655395346
JAMES STREET,477429793,56.995863053283934,A31,True,-76.10399878700404,43.06896664381035
PARK STREET,800034933,57.02371173853513,A31,True,-76.17197048933085,43.07547390932373
DIPPOLD AVENUE,477426943,57.104747111862146,A41,False,-76.1475611672924,43.084663835309094
TALLMAN STREET,800051061,57.31862778141253,A41,True,-76.15467782855855,43.03638662725496
EAST GLEN AVENUE,508421378,57.35814802144487,A41,True,-76.13578646831837,43.00895396773735
HIAWATHA BOULEVARD WEST,477432357,57.45102300871172,A31,True,-76.18185087175382,43.05808020732544
ONONDAGA AVENUE,477441615,57.455413802614046,A41,True,-76.1635041552508,43.02831540372372
HIAWATHA BOULEVARD WEST,477433164,57.481519089999864,A31,True,-76.18530524414005,43.05540873399381
BEATTIE STREET,477433978,57.58607891443765,A41,True,-76.10870434523217,43.05315703538188
HIAWATHA BOULEVARD WEST,800037604,57.73408835898856,A35,True,-76.16849916474541,43.069094095887394
THOMPSON ROAD,477432346,57.89356313866726,A35,True,-76.08370004292081,43.05804788220027
WEST BRIGHTON AVENUE,800050951,57.986513405372044,A31,True,-76.15428207243552,43.019337641876746
EAST FAYETTE STREET,477435678,58.00257846342618,A41,True,-76.14256881115854,43.04856013567633
GIFFORD PARKWAY,506986297,58.059269820574336,A41,True,-76.08467180760645,43.04147782020585
SPAULDING AVENUE,800038793,58.09389057912274,A41,True,-76.14608005432218,42.98700010011647
LISTMAN AVENUE,477428704,58.170093707671526,A41,True,-76.13745397552101,43.07468030344523
CONGRESS AVENUE,477438242,58.27589473420068,A41,True,-76.16380827184481,43.040328090454004
GIFFORD PARKWAY,477437935,58.28470531070969,A40,True,-76.08481573396801,43.04142519559112
WALTON STREET,800047626,58.35991859254023,A41,True,-76.15685263547915,43.04799727819117
SPENCER STREET,477431534,58.44273523729459,A41,True,-76.15621126804238,43.06109413853544
EAST GENESEE STREET,508421392,58.443470372159794,A35,True,-76.14228952000906,43.04714985865587
STRONG AVENUE,513530287,58.44708406068399,A41,True,-76.11568355566715,43.03573652898782
HANCOCK DRIVE,477441948,58.472708024313455,A62,True,-76.17959242938039,43.02689566182788
WEST KIRKPATRICK STREET,506021511,58.474452194409736,A41,True,-76.17027534995326,43.057276122744966
MILFORD DRIVE EAST,800042643,58.61902591905903,A41,True,-76.09636965398835,43.066630797276694
WEST KENNEDY STREET,800032593,58.63549215095642,A31,True,-76.15135234806043,43.029731798950245
WEST JEFFERSON STREET,800037217,58.70142232446059,A41,True,-76.15869662216501,43.04717123243866
MIDLAND AVENUE,477444196,58.79722689806227,A31,True,-76.14789431296107,43.0129981109876
WEST COLVIN STREET,800050952,58.95108279203835,A30,True,-76.15482216119302,43.023255435576374
FELLOWS AVENUE,477440896,59.07755554385473,A41,True,-76.11473496418081,43.03134357061133
BUTTERNUT STREET,477433291,59.0864417937917,A31,True,-76.15441799720415,43.055164394965146
POND STREET,477429855,59.61548502389772,A41,True,-76.1494502741579,43.06868960034255
WEST ONONDAGA STREET,509997011,59.76590833633393,A33,True,-76.15347828756563,43.04347260158816
CONSERVATION PLACE,800066140,59.78893397133385,A41,True,-76.17995696339497,43.04331101722979
KENSINGTON PLACE,477442166,59.84991031225641,A41,True,-76.11938115828515,43.0259346228046
JAMES STREET,477434465,59.95792083387086,A31,True,-76.14961732263093,43.051812613280624
HIAWATHA BOULEVARD WEST,800037602,59.98724220566915,A35,True,-76.16863062286137,43.069174639314156
SOUTH AVENUE,477441117,60.022498192433666,A41,True,-76.15867374646056,43.030657457319265
MONTANA STREET,477439892,60.10854003877181,A41,True,-76.11124189107736,43.034914083422755
RUGBY ROAD,504326416,60.30116009223528,A62,True,-76.13292035633758,43.06691298508002
EAST RAYNOR AVENUE,477439748,60.48317672928799,A21,True,-76.14838327227947,43.03545311223552
VELASKO ROAD,477441655,60.57750456912636,A31,True,-76.1854653305829,43.02821062091294
ONONDAGA AVENUE,477440813,60.60200764802339,A41,True,-76.16465428003247,43.03169760214571
CARLTON DRIVE,477437578,60.69894903742962,A41,True,-76.08892680467844,43.04246708089005
BROAD STREET,477441089,60.81342963398464,A41,True,-76.11586477499176,43.03054417540807
SCOTTHOLM BOULEVARD,477437236,60.88644332951044,A41,True,-76.11167680636706,43.04345710798152
WESTCOTT STREET,477442027,60.88654166064293,A41,True,-76.11805162371094,43.0264741268293
LOOMIS AVENUE,800032668,60.90890110626962,A41,True,-76.15282109744216,43.00630077437219
GIFFORD STREET,800034971,61.09633024364891,A40,True,-76.15372446047289,43.04365655269508
EAST COLVIN STREET,477442045,61.2932854641882,A31,True,-76.13976231792348,43.02643559986763
GRAND AVENUE,477438694,61.394929578571265,A31,True,-76.17734730929733,43.03893757965562
MILES AVENUE,477441033,61.440100589406406,A41,True,-76.11577071284086,43.03077172244666
BERKSHIRE AVENUE,800039828,61.73881439710214,A41,True,-76.1379896377826,43.0757536865701
SOUTH SALINA STREET,477443597,61.81178162897966,A21,True,-76.141428754701,43.01729559923724
TAFT AVENUE,477428509,61.88863069988609,A41,False,-76.1149653898784,43.0756493544425
TEALL AVENUE,477432277,62.04372729876055,A31,True,-76.12220225104498,43.058324599214
HIAWATHA BOULEVARD WEST,508421465,62.25292749361628,A35,True,-76.16810710964296,43.06949771840385
FELLOWS AVENUE,477439670,62.29530234621511,A41,True,-76.11505633082706,43.03575171524326
JAMES STREET,477430105,62.30835153602875,A31,True,-76.11785528595428,43.06737909036284
BUTTERNUT STREET,477429404,62.77633431208275,A41,True,-76.14308425102972,43.0709876129636
WHITTIER AVENUE,477437483,62.8818782629661,A41,True,-76.18957820935573,43.04262419858795
MELROSE AVENUE,477430698,63.033047357820486,A41,True,-76.11523606127888,43.06460941506935
HARRISON STREET,477436888,63.056024211827015,A40,True,-76.14234924808477,43.044381008505596
EAST GENESEE STREET,477437450,63.08223740342416,A31,True,-76.09180676478377,43.04267962036829
NORTH STATE STREET,477433619,63.3565002316633,A21,True,-76.14972626342751,43.05410461207685
FINEVIEW PLACE,477439595,63.424012471633546,A41,True,-76.14171074983517,43.03599862469198
SEDGWICK DRIVE,504326417,63.440865304365836,A62,True,-76.13311214737068,43.06694127628507
VAN RENSSELAER STREET,477433094,63.47110058628767,A41,True,-76.16596795486566,43.05571662349549
LORETTO ROUNDABOUT,800100182,63.482654101059104,A62,True,-76.13626434755383,43.00884903500395
NORTH TOWNSEND STREET,509997528,63.571756155688554,A41,True,-76.14557510588682,43.05126247220793
WEST NEWELL STREET,477443662,63.710182151188846,A41,True,-76.15431730321097,43.01676461068529
ERIE BOULEVARD WEST,513530739,63.85695823560887,A31,True,-76.15785678268416,43.050673783945165
ALMOND STREET,507665689,63.85794257348077,A45,True,-76.14253656563962,43.04250477336038
MIDLAND AVENUE,477442237,63.91721535236685,A41,True,-76.15136927357682,43.02556312983693
MEADOWBROOK DRIVE,477440602,64.07476955010678,A35,True,-76.11169981529616,43.03238166676716
NORTH FRANKLIN STREET,477433583,64.21639194212014,A31,True,-76.15482762308596,43.05421171925642
SPRING LANE,477429983,64.37446400867464,A41,True,-76.15193328588224,43.06810160163927
WEST NEWELL STREET,477443687,64.92568559735412,A41,True,-76.15537683015454,43.01665860130285
FINEVIEW PLACE,477439557,64.92781033928854,A41,True,-76.14171376771381,43.03617464049329
CLAIRMONTE AVENUE,477440466,64.93573938206173,A41,True,-76.1693772930136,43.03296960120759
SOUTH SALINA STREET,477442832,65.27912878292808,A21,True,-76.14378376815215,43.022374100864056
FINEVIEW PLACE,477439646,65.43055376979018,A41,True,-76.1417227598716,43.035822098527674
CONSERVATION PLACE,800066237,65.4775496805108,A41,True,-76.180087554832,43.04345335334562
ERIE BOULEVARD EAST,477434970,65.48774279145321,A21,True,-76.14003780245953,43.050765147454
WEST BEAR STREET,800039715,65.59573845495207,A31,True,-76.16925702980726,43.06190856762986
PLUM STREET,477435041,65.69391389863459,A41,True,-76.16049878584788,43.05069710991012
BRADFORD LANE,800037974,65.77364610904034,A41,False,-76.10508716194927,43.0328786928653
SKYTOP ROAD,477443275,65.79591331117703,A45,True,-76.12369327831001,43.01964162644304
TEMPLE STREET,800053095,65.84144599133998,A41,True,-76.15539139950911,43.03966227502419
JAMES STREET,477429769,65.87441650031107,A31,True,-76.1013522819088,43.069087643751296
THOMPSON ROAD,477432891,65.90465491097133,A35,True,-76.08332247743782,43.05631694006704
SEDGWICK DRIVE,504326409,65.99356279296929,A62,True,-76.13311938821441,43.06709394999236
HIAWATHA BOULEVARD WEST,508421430,66.00510045234198,A35,True,-76.16849631980115,43.069316743325224
MEADOWBROOK DRIVE,477441084,66.05798917981151,A45,True,-76.11571429068889,43.03063610409673
SALISBURY ROAD,477437725,66.39309132569983,A41,True,-76.19899733150741,43.04181764175865
MAINS AVENUE,477445294,66.40278113510757,A41,True,-76.15701318636908,43.00599143551866
PROSPECT AVENUE,477433059,66.41957332871651,A41,True,-76.14930338418881,43.0557733400785
WESTWOOD ROAD,477442368,66.47694694677459,A41,True,-76.19618031895752,43.024892892236124
WEST TAYLOR STREET,800047555,66.57280793193418,A41,True,-76.15517779359045,43.03848237622966
ERIE BOULEVARD EAST,477434977,66.63731158586955,A25,True,-76.14498025645489,43.05078035973165
EAST BRIGHTON AVENUE,477443173,66.65019517424119,A33,True,-76.14044681089551,43.02009258301448
GARFIELD AVENUE,477441281,66.68493336665364,A41,True,-76.1424077436502,43.02977413521526
PLUM STREET,800032519,66.78762619129074,A41,True,-76.15968275534954,43.05562714386134
HIAWATHA BOULEVARD WEST,508421437,66.81434676582185,A35,True,-76.16821395942036,43.06960895257459
NORTH BEECH STREET,477434506,66.86671376695108,A41,True,-76.1275791441424,43.05181097605157
NORTH SALINA STREET,477433516,66.92812901735435,A31,True,-76.15211919395988,43.054371757447456
PARK AVENUE,508421630,67.01641186979668,A40,True,-76.18014668496201,43.052439404322996
AUDUBON PARKWAY,800005938,67.12174424552073,A45,True,-76.0949718871774,43.04832685285787
PEAT STREET,477433301,67.17989806985489,A41,True,-76.11561629161363,43.05500262131331
SOUTH ALVORD STREET,800038595,67.24415451158043,A41,True,-76.14709152400877,43.06255590270485
EAST GLEN AVENUE,800100175,67.32325217559739,A45,True,-76.13660988836455,43.009021466227026
NORTH GEDDES STREET,477432639,67.4715831050951,A31,True,-76.17038180490016,43.05715511007469
ALMOND STREET,477435951,67.50219823667487,A45,True,-76.14227123289095,43.04779711509802
JAMESVILLE AVENUE,477443830,67.57024574240688,A41,True,-76.12783928852451,43.01556613217852
THOMPSON ROAD,477432305,67.57405314807117,A35,True,-76.08376129498446,43.05821409068822
EAST COLVIN STREET,477442054,67.65306913041246,A31,True,-76.1400012832767,43.02641210302329
MIDLAND AVENUE,477440418,67.68804734233326,A41,True,-76.15504997308152,43.03324945623131
WEST NEWELL STREET,477443652,67.76348403950567,A41,True,-76.15338877174842,43.01686060032222
SPRINGFIELD ROAD,800029834,67.76458252441664,A41,True,-76.0922772283456,43.049468143157135
BELLEVUE AVENUE,477440478,67.93235704481592,A41,True,-76.17533929658883,43.032841119687426
WEST ADAMS STREET,477437548,68.40089595817463,A31,True,-76.15291831417805,43.04248865201108
LORETTO ROUNDABOUT,800100176,68.43139428183356,A62,True,-76.13647719184645,43.00886987370891
BRUCE STREET,477434420,68.59074941629368,A41,True,-76.11268021002174,43.0519908430918
MILFORD DRIVE WEST,800042655,68.70070662823537,A41,True,-76.09832880237403,43.06655739435677
BARKER AVENUE,477434436,68.91249477188848,A41,True,-76.16195126193269,43.05189910984886
ESSEX STREET,477433510,69.13283499437925,A41,True,-76.19879349710887,43.05447818688744
RUGBY ROAD,477430113,69.19536196264215,A41,True,-76.12853984472667,43.06731212211449
WILLIS AVENUE,477430990,69.33101067587174,A41,False,-76.19947007174598,43.06352035732221
SOUTH SALINA STREET,477445073,69.36995706477539,A21,True,-76.1430167965305,43.00707962165419
TEALL AVENUE,800052840,69.61903299020588,A31,True,-76.1231853740277,43.07280663310348
SPRINGFIELD ROAD,477435496,69.72204563129809,A41,True,-76.09242371249252,43.04931305504888
NORTH STATE STREET,477434926,69.79383390233568,A23,True,-76.14776165596852,43.051632359383696
SKYTOP ROAD,477443260,69.83186009183702,A45,True,-76.12349080119651,43.01967963405469
NORTH STATE STREET,477434559,69.87852603257008,A27,True,-76.1479350393206,43.051767589134045
FOREST EDGE DRIVE,477442677,70.02703924851325,A41,False,-76.20325304132844,43.0230859418898
BERKELEY DRIVE,477440185,70.08118515676205,A41,True,-76.12796479581739,43.03395062064466
HIAWATHA BOULEVARD WEST,508421466,70.27318184433186,A35,True,-76.1679677978095,43.0696481373843
NORTH TOWNSEND STREET,509997549,70.41589529680968,A41,True,-76.14557777256613,43.05169499064784
EAST FAYETTE STREET,800037819,70.43588593783348,A41,True,-76.11603684196756,43.0482349871953
RENWICK AVENUE,800036341,70.71050999942172,A43,True,-76.14193209750353,43.03580261680982
ULSTER STREET,477435328,70.79226497136904,A41,True,-76.18128500836065,43.049749534615344
POND STREET,800040125,70.94098602722205,A41,True,-76.15203792795278,43.06521683129809
EAST WASHINGTON STREET,481561076,71.08278138030519,A41,True,-76.14318634228111,43.04948561354796
MEADOWBROOK DRIVE,477437398,71.1306809867705,A31,True,-76.09347023771417,43.042816996297866
MEADE COURT,477437062,71.29839533393361,A41,True,-76.16164334499432,43.04402264464654
NORTH SALINA STREET,477432026,71.52844553653878,A21,True,-76.15209729339234,43.059211607933555
SOUTH SALINA STREET,477446518,71.79320271537848,A21,True,-76.14360733641261,42.99438960161882
ALANSON ROAD,477441903,71.82694857235914,A41,True,-76.1727442667353,43.02716709375748
FENTON STREET,800034098,71.87707966870944,A41,True,-76.17426178724462,43.03892334981375
DELAWARE STREET,800034406,71.88540162531966,A41,True,-76.17263734152523,43.03906308674633
LODI STREET,477434625,71.98111263574592,A31,True,-76.13141859293711,43.05150132640723
BELLEVUE AVENUE,477440515,71.98432896966254,A41,True,-76.17952476758751,43.03269314716244
NORTH TOWNSEND STREET,509997536,72.07926672391388,A41,True,-76.1455869879168,43.0514997310014
SHUART AVENUE,800033907,72.14998337554256,A41,True,-76.12469709009333,43.06201373887505
PARK STREET,477428584,72.19885445956007,A31,True,-76.17152539517696,43.07513574739689
ERIE BOULEVARD EAST,477434996,72.32114433260958,A25,True,-76.11594579015679,43.05077260332595
RICH STREET,477441283,72.4213567396193,A41,True,-76.16092635326686,43.02970579316119
HILLSBORO PARKWAY,477437395,72.42605160572155,A41,True,-76.09340821209132,43.04281481071255
WEST ONONDAGA STREET,800037306,72.45929415267457,A31,True,-76.15388254609728,43.04317469617617
LAMBRETH LANE,800076700,72.6949311889279,A41,True,-76.11682380525704,43.01586341767783
WEBSTERS LANDING,508421626,72.71451250782964,A41,True,-76.15461468106969,43.054674779739706
DEFOREST ROAD,477437566,72.8935215486181,A41,True,-76.09028927766418,43.042507146695556
BUTTERNUT STREET,477432807,72.92702957872721,A31,True,-76.15355505138128,43.05650564016827
VAN RENSSELAER STREET,477431598,73.09130759910327,A41,True,-76.16981119446781,43.06097194468134
TOMPKINS STREET,477436708,73.15845409355505,A41,True,-76.18943032546433,43.04509413794685
DRISCOLL AVENUE,477434046,73.21218293199878,A41,True,-76.19757809000791,43.052776602591685
VAN RENSSELAER STREET,477434393,73.2748432904611,A41,True,-76.16612983476809,43.05199410747476
BELLEVUE AVENUE,477440485,73.61456070328553,A41,True,-76.1756038827806,43.03283392166709
MATTY AVENUE,477434407,73.63549519650746,A41,True,-76.1642867855542,43.05195564887057
BROAD STREET,477441171,73.71426719924762,A41,True,-76.12242477679685,43.030222622037456
WEST COURT STREET,477430774,73.97987145193734,A31,True,-76.16044934210736,43.06445413042455
LEMOYNE AVENUE,477426942,73.98457309487341,A41,False,-76.14740511482694,43.08469788549066
BENEDICT AVENUE,477442101,74.08854993726806,A41,True,-76.13820726181943,43.026311095520555
SOUTH MIDLER AVENUE,477433141,74.0954986593702,A31,True,-76.10390978461355,43.05551199501542
CLIFFSIDE DRIVE,800032728,74.15855370987711,A41,True,-76.1373688882046,43.02159883725577
JAMES STREET,477434546,74.21251279326516,A31,True,-76.14996981754277,43.05164013982928
SOUTH GEDDES STREET,477438997,74.21270999433034,A31,True,-76.17315463338876,43.03807824949772
EAST SENECA TURNPIKE,477445751,74.25216312349701,A31,True,-76.13118273804162,43.002321074372844
AUDUBON PARKWAY,477435718,74.29445022204152,A45,True,-76.09502265715665,43.04834569702831
NORTH CLINTON STREET,477433637,74.55577199214679,A40,True,-76.1534609149861,43.054044532993416
SUNRISE DRIVE,477446301,74.74984378582643,A41,True,-76.13786677384704,42.9963821246445
CONAN STREET,477444548,74.78707395930317,A41,True,-76.14969625840978,43.010564130511554
MAINS AVENUE,477445204,74.88833441752446,A41,True,-76.15710729071688,43.00617260024074
THOMPSON ROAD,477432255,75.01901995689563,A35,True,-76.08383270331367,43.058402620491464
PAGE AVENUE,482659670,75.06430469741078,A41,True,-76.17281184633738,43.03186981025155
SOUTH WARREN STREET,477436600,75.11579790173971,A40,True,-76.15083236133272,43.045587265726944
HIAWATHA BOULEVARD WEST,508421440,75.18524932461126,A35,True,-76.16805781171398,43.06976661830377
BALLANTYNE ROAD,800052212,75.24798682344618,A41,True,-76.14992860320177,43.010448099825695
RESTORATION WAY,800034076,75.53615589228629,A41,True,-76.18884642811265,43.06118517905013
BRADLEY STREET,477439931,75.89985753887126,A41,True,-76.17235727120482,43.034869627338274
WEST ONONDAGA STREET,800040237,76.01494792350029,A31,True,-76.15720568114388,43.040723999335384
SOUTH MIDLER AVENUE,477432426,76.05305650722049,A31,True,-76.10413408359955,43.05792229869318
HIGHLAND STREET,477429627,76.10847387214342,A41,True,-76.14199222863523,43.06970611626056
BELLEVUE AVENUE,477441447,76.24775812688796,A41,True,-76.19325729676024,43.02909712326097
NOTTINGHAM ROAD,477441025,76.29625390401412,A31,True,-76.11169173943325,43.03083815132297
SEELEY ROAD,477435156,76.32250092974613,A31,True,-76.10382774505143,43.05040909742096
ALMOND STREET,477436302,76.34290707376707,A45,True,-76.14220207169555,43.04699586926787
WESTWOOD ROAD,477442609,76.4829042697575,A41,True,-76.19566172559024,43.023531018566175
EVANS STREET,800030675,76.63381862696347,A41,True,-76.15669939179841,43.054850111503995
EAST WATER STREET,477741187,76.70618876591445,A41,True,-76.14336180437232,43.05037813627056
SOUTH SALINA STREET,477438584,76.75850643522897,A31,True,-76.15025328975037,43.039272086103544
SOUTH SALINA STREET,477445325,76.87784725859183,A21,True,-76.1431774115407,43.0055068503286
THOMPSON ROAD,477432198,76.941952908705,A35,True,-76.08391524643703,43.058602139037916
ROCK CUT ROUNDABAOUT,800100348,77.03727322776807,A62,True,-76.13108152616755,43.006317815783575
WEST COURT STREET,477430717,77.2605636901708,A31,True,-76.16044533517194,43.064661643175384
DICKERSON STREET,800032430,77.30244986363881,A41,True,-76.15435203116718,43.04436054342916
ROCK CUT ROUNDABAOUT,800100347,77.44012328072638,A62,True,-76.13098080939437,43.00614715352038
TEALL AVENUE,477433554,77.4557485078089,A31,True,-76.12193223094224,43.05416247068876
COURT STREET,477430619,77.62198444490075,A31,True,-76.1604383085499,43.06506715825463
CARLTON DRIVE,477437637,77.66140374718287,A41,True,-76.08897876100525,43.042281085076546
WEST GENESEE STREET,800037284,77.68614064661634,A21,True,-76.15745056525354,43.05299847859888
ALMOND STREET,508421387,77.84665919175364,A47,True,-76.14243702687604,43.04752234375414
KIMBER ROAD,507664814,78.11139577084295,A41,True,-76.09333825671803,43.0371486327504
TRAFFIC CIRCLE,600035934,78.24827219281289,A62,True,-76.12791711505417,43.02484347373658
NORTH MCBRIDE STREET,477434922,78.3269439646379,A41,True,-76.14385133977035,43.0509621200032
PARK STREET,477428730,78.53175307346227,A33,True,-76.17085287815765,43.07458891416856
EAST FAYETTE STREET,800037804,79.0373285186173,A41,True,-76.11280600124856,43.048198635475025
EAST GENESEE STREET,477436482,79.08227171267163,A31,True,-76.12134530082167,43.04604713412973
FABIUS STREET,477436832,79.10346831717742,A40,True,-76.15903918886681,43.04456164573727
EAST FAYETTE STREET,477435684,79.12233697196066,A41,True,-76.14231230933747,43.04855603758932
OAKWOOD AVENUE,477439444,79.23507390918928,A41,True,-76.14547082989557,43.036512148959545
NORTH CROUSE AVENUE,477434765,79.25016199118544,A41,True,-76.13645124364376,43.051274367809455
MAINS AVENUE,477445332,79.49557490485306,A41,True,-76.15672509885565,43.00543802024422
EAST GLEN AVENUE,800100152,79.57351082131859,A45,True,-76.1360380424183,43.00893993365959
SOUTH MIDLER AVENUE,477432536,79.70178755998023,A31,True,-76.10409991300787,43.05756224810186
DORWIN AVENUE,477447322,80.0003228218058,A41,True,-76.15014094022595,42.985128599157484
EAST CATHROP AVENUE,509994544,80.00570914524779,A35,True,-76.13966400558085,43.016735011421446
SUNSET AVENUE,477430537,80.19609419350694,A30,True,-76.16054234906362,43.06548464932001
TEALL AVENUE,477431580,80.27949615320168,A31,True,-76.12240829492141,43.06108365413336
COLUMBUS AVENUE,477435756,80.60011765583316,A31,True,-76.12135329461039,43.04841012087845
EAST CATHROP AVENUE,509994542,80.75143129419654,A35,True,-76.13964510837975,43.01666814340956
MANLEY FIELD HOUSE,600035942,80.86775474884479,A41,True,-76.12632157876574,43.022963683711694
WEST LAUREL STREET,477432982,80.93980061305632,A41,True,-76.15220832357151,43.056022088959054
EAST WASHINGTON STREET,481561073,81.01150636388822,A41,True,-76.14290179731928,43.04948264769903
WEST FAYETTE STREET,800030719,81.15154524100562,A41,True,-76.15714939303432,43.04873314236506
MANOR DRIVE,477437955,81.2694087180117,A31,True,-76.08245926650127,43.04136262070629
CONCORD PLACE,513530327,81.30682927577455,A41,True,-76.11904229051454,43.03979163963301
SOUTH SALINA STREET,477439020,81.55960643144779,A31,True,-76.14985274353523,43.038011597823065
NORTH STATE STREET,477434224,82.23805284486555,A25,True,-76.14825454996722,43.05235188373675
WEST ONONDAGA STREET,477439746,82.26764702288587,A31,True,-76.16448981551335,43.0354831385723
SOUTH STATE STREET,477437680,82.36537217565204,A21,True,-76.14755128634025,43.04207560535172
PEARL STREET,477433346,82.67862555800967,A41,True,-76.15131178401599,43.05488663802902
WEST KENNEDY STREET,800032596,82.68388627011191,A31,True,-76.14991905462895,43.030103769209525
EAST GIFFORD PARKWAY,506986299,82.73442396274442,A41,True,-76.08441512877774,43.04143722961766
NORTH GEDDES STREET,477434341,82.76494499265016,A31,True,-76.1706214117509,43.052089131741035
SALT SPRINGS ROAD,800029795,82.96289001292932,A31,True,-76.09146022935724,43.04766156799025
THOMPSON ROAD,477430153,83.05272523271321,A35,True,-76.0902803971954,43.06727075659889
NORTH GEDDES STREET,477433105,83.060368487283,A31,True,-76.17043811445141,43.055747729967564
AVERY AVENUE,477432412,83.2510730515175,A41,True,-76.19866878064619,43.05798109896018
WALLACE STREET,509997854,83.34172360620093,A30,True,-76.15617580173826,43.053454655821845
ONONDAGA LAKE PARKWAY,800042162,83.67969656175339,A35,True,-76.17328833619322,43.07534678046664
RENWICK AVENUE,477439608,83.86962484209292,A43,True,-76.14178698279069,43.035986090181474
SEDGWICK DRIVE,477430706,83.89513685904048,A45,True,-76.1302739571452,43.06470795539512
NORTH STATE STREET,477430964,84.22665905088051,A41,True,-76.15739133256943,43.06372558734967
WEST SENECA TURNPIKE,477445602,84.33289290855267,A31,True,-76.15995279864384,43.003595572494376
SOUTH CLINTON STREET,800037252,84.44262045164858,A43,True,-76.15189260509119,43.04021248872004
GRANT BOULEVARD,477429202,84.44847457805933,A35,True,-76.14257130936684,43.07211059891362
ELMHURST AVENUE,800050953,84.67886915244473,A41,True,-76.1549646518266,43.020956962453404
EAST WILLOW STREET,477434172,84.87690425018837,A41,True,-76.15096502469585,43.05237732228924
THOMPSON ROAD,477431671,84.94594765073131,A35,True,-76.08529728602798,43.06088009849319
IVES AVENUE,477434997,85.18975433095305,A41,True,-76.1161684410154,43.050926077082906
PARK STREET,477428698,85.29967826012006,A33,True,-76.17105633756326,43.0747571182387
SOUTH CLINTON STREET,800067173,85.46702791503316,A40,True,-76.15139364546533,43.03650703967142
EAST GLEN AVENUE,800100184,85.64102827629586,A45,True,-76.13603835231812,43.009007180478
VINCENT STREET,477443057,85.93980372159028,A41,True,-76.13457778243904,43.0208861427306
TWIN HILLS DRIVE,477442749,86.07805543214488,A41,True,-76.1709233273143,43.02265464493702
RONEY LANE,477443110,86.47305695607083,A41,True,-76.1357815822773,43.02068562070141
POLK STREET,477433696,86.5673667871698,A41,False,-76.08951952210073,43.05383968569761
CATHERINE STREET,508421190,86.61411044152703,A41,True,-76.14210755186073,43.051623466264026
REINMAN ROAD,800048753,86.6732201607291,A41,True,-76.17653509871185,43.01896695437065
TEALL AVENUE,477429353,86.79232639966762,A31,True,-76.1230737790105,43.07124762739807
WEST GENESEE STREET,477433878,86.9272971435544,A21,True,-76.15835330974865,43.05327862134066
WEST ONONDAGA STREET,509997012,87.04792551140173,A31,True,-76.15367129922183,43.04332927004252
CHERRY STREET,477436282,87.50835969743574,A40,True,-76.12348679024795,43.04697961273792
GLENWOOD AVENUE,477443311,87.61808794805557,A31,True,-76.16220384065517,43.019375597823455
EAST LAUREL STREET,477432401,87.63596880155623,A41,True,-76.14763183077562,43.05796211992715
WEST ADAMS STREET,800037280,87.65068309433374,A31,True,-76.15418836161899,43.04248477260395
SOUTH GEDDES STREET,477436265,87.83804487401699,A33,True,-76.17088479408659,43.04701312687439
ONEIDA STREET,509996998,87.86884007888256,A41,True,-76.15392064409137,43.042299134837634
LEWIS STREET,477432956,87.92072224439876,A41,True,-76.18974778429441,43.05608061501895
LANCASTER AVENUE,477441796,87.98788436811971,A41,True,-76.12207328529642,43.027665113586025
ERIE BOULEVARD WEST,477431800,88.29847658158866,A31,True,-76.19654481951403,43.05998264239857
JAMES STREET,477429748,88.32641280198897,A31,True,-76.09872828635422,43.069211112614006
OAK STREET,477433320,88.32834808958684,A41,True,-76.13326233127172,43.054972625518815
BUTTERNUT STREET,477432786,88.39610338859099,A31,True,-76.1534255780631,43.05670543888213
STATE FAIR BOULEVARD,800032549,88.42147339919622,A41,True,-76.18129580681116,43.05411076158374
RONEY LANE,477443082,88.4353767713749,A41,True,-76.13597745150372,43.02067453344807
ROSS PARK,800048791,88.48306521714578,A41,True,-76.14490913203564,43.07565984694489
EAST WATER STREET,477435132,88.48335857546063,A41,True,-76.14402578377313,43.0503856375229
CATHERINE STREET,477434800,88.9014225427524,A41,True,-76.14211070434303,43.051221599566205
WILLIS AVENUE,800030515,89.0484660465701,A41,True,-76.19952356767259,43.06293339751129
COLERIDGE AVENUE,477437394,89.2386337091826,A41,True,-76.1880133078855,43.04284462463877
BUTTERNUT STREET,477432842,89.58471904632187,A31,True,-76.15368224111626,43.05630311595103
MEADOWBROOK DRIVE,477440539,89.6281434260769,A35,True,-76.11169561298424,43.03265748418411
HIAWATHA BOULEVARD WEST,508421447,89.81499965496808,A35,True,-76.16779079742841,43.069825128606794
NOTTINGHAM ROAD,477440603,89.83297200796184,A31,True,-76.11177879994469,43.03243373165249
CONCORD PLACE,477438317,89.83947427518214,A41,True,-76.11664533829743,43.03989110095052
RESTORATION WAY,800046958,89.85766006897143,A41,True,-76.18774164759903,43.06178732090047
VINCENT STREET,600008873,90.23503983446545,A41,True,-76.12700952332912,43.02155454108936
SPENCER STREET,477431557,90.45878014722663,A41,True,-76.15648130122887,43.06104413423583
SOUTH MCBRIDE STREET,477435226,90.46688596834198,A41,True,-76.14386199305453,43.05022076574955
BELLEVUE AVENUE,477441434,90.68927638296627,A41,True,-76.192956322108,43.02915750090856
DESTINY USA DRIVE,477454209,90.83707579874256,A41,True,-76.17094616726484,43.06719524717683
PLYMOUTH DRIVE,477430197,90.92156264404191,A41,True,-76.09991876606168,43.0670931212945
HIAWATHA BOULEVARD WEST,477430595,90.93093700655004,A31,True,-76.17262280615468,43.065264482772676
LIBERTY STREET,477432995,91.14003490850264,A43,True,-76.17365382939244,43.056056635397695
WEST SENECA TURNPIKE,477445727,91.1866984621562,A31,True,-76.15507379731643,43.002343614793
SAINT ANNE DRIVE,800034448,91.38951723222293,A41,True,-76.11860045231036,43.059700399322985
BUTTERNUT STREET,477454218,91.48503969457423,A40,True,-76.14243602282913,43.07256741904335
OAK STREET,477434278,91.48754727031961,A40,True,-76.13306124027889,43.05226414670145
SUNNYCREST ROAD,477431295,91.63431046455368,A41,True,-76.09489442012199,43.06230863639744
WEST ADAMS STREET,477437541,91.64577630171483,A31,True,-76.15451106027709,43.04255177788326
WEBSTERS LANDING,700000806,91.6694052503727,A41,True,-76.15438369031423,43.05452791495426
CORCORAN COURT,481561674,91.70688895163948,A41,True,-76.16068183316843,43.04607610670259
DORWIN AVENUE,477447320,91.72948243239013,A41,True,-76.14982044764933,42.98514156365128
CADILLAC STREET,477427543,91.83874041232761,A41,True,-76.1486538230005,43.08053564384023
FILLMORE AVENUE,800034244,91.97755009264252,A41,True,-76.14219073992892,43.009758517380824
OTISCO STREET,477436489,91.99812395349304,A41,True,-76.16166525956312,43.04597112597697
RICH STREET,477441243,92.15286048316617,A41,True,-76.16108111710177,43.02994630228124
SOUTH BEECH STREET,477435211,92.19446287114754,A41,True,-76.12762577433975,43.050293133948095
BENHAM AVENUE,477437658,92.39033361827309,A41,True,-76.19552012008975,43.042031167006364
SOUTH AVENUE,800034579,92.48462907192608,A31,True,-76.15929633780661,43.02411248690462
CONSERVATION PLACE,800066191,92.49091270134531,A41,True,-76.18005586561942,43.04428458367164
LAFAYETTE ROAD,477446359,92.64645208317475,A41,True,-76.13081433092096,42.99600939160859
RIVOLI AVENUE,477427826,92.76877718393298,A41,True,-76.13351979700599,43.078890642872
SOUTH MCBRIDE STREET,477435130,92.90359120849082,A41,True,-76.14385877618778,43.05051013366877
SOUTH BEECH STREET,477436647,92.94145742825549,A41,True,-76.12560146267069,43.045404132947624
VALLEY DRIVE,477445624,93.0936919477812,A31,True,-76.15337175526193,43.00342413141749
COURT STREET,477428806,93.31946500949326,A31,True,-76.15383172575214,43.0742902989139
SOUTH SALINA STREET,477444265,93.54883719861257,A21,True,-76.1418657685478,43.01259412687353
WEST FAYETTE STREET,800051050,93.56647330733486,A43,True,-76.17460911235752,43.04660254890508
COURT STREET,477430572,93.64429577180302,A31,True,-76.16042867727391,43.06530197164606
ROBERTS AVENUE,477440838,93.74739811292591,A41,True,-76.17200331202304,43.03163513322094
ERIE BOULEVARD EAST,477434923,93.79617512689201,A25,True,-76.14402980194153,43.05085614786922
WEST GENESEE STREET,477434442,93.94723121726763,A21,True,-76.18949932422422,43.051857121373935
NORTH MCBRIDE STREET,477434816,94.06785855528737,A41,True,-76.14384376085401,43.0511986171127
SOUTH BEECH STREET,477437376,94.1119102771702,A41,True,-76.1224931150296,43.04285414731502
GLENWOOD AVENUE,477443293,94.14240278192698,A31,True,-76.1625043190193,43.019492131340385
CLIFFSIDE DRIVE,477442801,94.1945752098645,A41,True,-76.13748563524379,43.02157601989301
VAN RENSSELAER STREET,800046572,94.45710492078057,A41,True,-76.17005169181148,43.06111946178892
COSTELLO COURT,477437003,94.50532334959179,A41,True,-76.16086331935786,43.04425109016543
JAMES STREET,800038744,94.52466384400566,A31,True,-76.12592369162687,43.06342923642078
FARMERS MARKET WAY,800030865,94.55880148426056,A41,True,-76.1682691256021,43.07280955912547
EAST WATER STREET,477435134,94.87995743288865,A41,True,-76.14368279397183,43.0503796559937
MELROSE AVENUE,477430776,94.95960121114051,A41,True,-76.12037078653898,43.06435663212869
EAST COLVIN STREET,477442107,95.20789964088156,A41,True,-76.13937131135023,43.026198656612785
SEWARD STREET,477431496,95.25967332968538,A41,True,-76.14235084236132,43.06137207327749
LORETTO ROUNDABOUT,800100173,95.35024871932636,A62,True,-76.13633674467518,43.00909613583369
VALLEY DRIVE,477444633,95.38652670519085,A31,True,-76.15679326794235,43.010031108720895
ONONDAGA AVENUE,477440366,95.51886186395497,A41,True,-76.16478381799074,43.03335462817814
THURBER STREET,477443412,95.58621405047568,A41,True,-76.13308680148911,43.018578587126505
FABIUS STREET,800051126,95.65553828869574,A41,True,-76.1579032200983,43.044821268518845
GERE AVENUE,477432299,95.87860374065582,A41,True,-76.19797030140325,43.0582591447426
CLARENDON STREET,800053041,96.0817589808351,A41,True,-76.12027198444058,43.038517727255545
PARK STREET,477428558,96.12972670708088,A31,True,-76.17217407844097,43.07562186725451
HILLSBORO PARKWAY,477437521,96.24112675925903,A41,True,-76.09326323291455,43.04261630461249
ACADEMY PLACE,477446779,96.25056779306489,A41,True,-76.15118678265175,42.99183859500909
OAK STREET,477431329,96.34452931391569,A41,True,-76.13600230023268,43.06222860165353
ERIE BOULEVARD EAST,477434942,96.48672159587815,A25,True,-76.14229677343857,43.0508186210367
TEALL AVENUE,477434129,96.69436574678237,A31,True,-76.12182177767876,43.052577090282334
SWANSEA DRIVE,477429091,96.79593650715788,A41,True,-76.11956933943175,43.07291404813796
GENANT DRIVE,477430447,96.88467924459114,A30,True,-76.16385028050496,43.065962617300585
WEST NEWELL STREET,800047585,96.91825155264951,A41,True,-76.15702933370669,43.01649742605248
CHEMUNG STREET,477432364,97.15748296496038,A41,True,-76.19428418714648,43.05808970661138
WEST BEAR STREET,477430461,97.39646466823534,A31,True,-76.16409928890687,43.06591708604875
UNION AVENUE,477432743,97.55143786303483,A41,True,-76.14674228892628,43.05677415470814
SHUART AVENUE,477431554,97.69878253923804,A41,True,-76.12657329935264,43.06109414215187
TRAFFIC CIRCLE,600035932,97.70285534551677,A62,True,-76.12787173584383,43.02503836655845
WILL COURT,477436913,98.44862929925341,A41,True,-76.16006026052436,43.04445310965559
GLENWOOD AVENUE,477443415,98.49542585854002,A31,True,-76.16136544861575,43.018615522685046
LAKEVIEW AVENUE,477434176,98.65977752068154,A41,True,-76.1796142707976,43.052495601451604
WEST FAYETTE STREET,477435865,98.7931505976077,A41,True,-76.17939260194356,43.04814657693961
VAN RENSSELAER STREET,477433036,98.80684624161657,A41,True,-76.165956790953,43.05593915159829
TEALL AVENUE,477433785,98.94068772097661,A31,True,-76.12189392541421,43.053571071866486
JAMES STREET,477429826,98.94430637847296,A31,True,-76.1086423085273,43.06874313681959
LAMSON STREET,477429434,99.11570488217502,A41,True,-76.10006974861953,43.070954623361885
NORTH MCBRIDE STREET,477434690,99.11914391763399,A41,True,-76.14383482837027,43.05146363056413
MIDLAND AVENUE,800051059,99.27824323644279,A41,True,-76.15480861766594,43.033104044908264
WESTCOTT STREET,477438430,99.35658682680797,A41,True,-76.11918176559536,43.039650609683925
MOORE AVENUE,800032723,99.42452529091821,A41,True,-76.13687867911152,43.022755892501976
SPENCER STREET,506022029,99.43663365267012,A45,True,-76.17020031465601,43.05705858801675
LOOMIS AVENUE,800032676,99.48586153068787,A41,True,-76.15254644202236,43.0063891528146
BUTTERNUT STREET,477429945,99.5045477000981,A41,True,-76.14332125261963,43.068345110657766
DEVINE STREET,477435289,99.53114304785362,A41,True,-76.11904959366315,43.05011000073321
MIDLAND AVENUE,477440250,99.60838259177318,A41,True,-76.1556719024235,43.033765115079454
SOUTH FRANKLIN STREET,800066358,99.75135999533074,A41,True,-76.1554830105533,43.05070950282533
EAST COLVIN STREET,600035962,100.14709935388399,A31,True,-76.12378064189099,43.021869132927335
WEST SENECA TURNPIKE,800039761,100.20822744735098,A31,True,-76.14838903713748,43.00142686764592
SLOCUM DRIVE,477443477,100.22445281875427,A41,True,-76.11635900980376,43.01803393228442
PLUM STREET,477433181,100.27305307166449,A41,True,-76.15977195066615,43.05541300685463
OAK STREET,477432524,100.35180199712381,A41,True,-76.13345479172165,43.05763814508796
BELLEVUE AVENUE,477440372,100.50165344197191,A41,True,-76.16547283978606,43.03320961234121
CAYUGA STREET,477434939,100.63840799056632,A41,True,-76.1888248098412,43.050882599810656
HIAWATHA BOULEVARD WEST,508421439,100.65349895669108,A35,True,-76.16786478854985,43.069962039922366
JAMES STREET,477429723,101.02331031369718,A31,False,-76.09632516720659,43.069329807362536
LOMBARD AVENUE,477435348,101.10608352531004,A41,True,-76.12007354956181,43.04981055632886
ONTARIO STREET,477437168,101.23643917060846,A41,True,-76.16776485377292,43.0437151353476
FORMAN AVENUE,477435982,101.3379930025958,A41,True,-76.13996281649611,43.047780593340704
THOMPSON ROAD,800052834,101.6518677218345,A35,True,-76.08512253400397,43.06065841243755
MIDLAND AVENUE,477444352,101.86278411843782,A31,True,-76.1478143287459,43.01206708170016
HEADSON DRIVE,800052314,102.09227463406907,A41,True,-76.0849130870394,43.054890204011
MANLEY FIELD HOUSE,600035946,102.23885164784714,A40,True,-76.12383194769814,43.02199957270273
HIAWATHA BOULEVARD WEST,508421469,102.27308246485208,A35,True,-76.1686699494417,43.06891373595921
BROAD STREET,477441063,102.29674347473173,A41,True,-76.11369628781638,43.03064662135212
KENSINGTON ROAD,477440623,102.35030683835377,A41,True,-76.12116432817722,43.03222312961656
DESTINY USA DRIVE,477454211,102.53984665488716,A41,True,-76.1706703033993,43.067023522996486
GRANT BOULEVARD,477429190,102.56525041858617,A35,True,-76.14212063433615,43.07220220170846
BUCKINGHAM AVENUE,477442360,102.66161953136074,A41,True,-76.12057990074436,43.02499609223045
ROCK CUT ROUNDABAOUT,477445217,102.75882442509723,A62,True,-76.13136310200613,43.0062950330143
TOMPKINS STREET,477435912,102.85586380968216,A41,True,-76.1818198330516,43.0479755818041
ONONDAGA CREEK BOULEVARD,800047588,103.21672843213068,A41,True,-76.15700793677878,43.015007528946704
SOUTH SALINA STREET,800034275,103.24967920882258,A21,True,-76.14301514634855,42.998664949320435
ERIE BOULEVARD WEST,513530737,103.4082396454747,A31,True,-76.15815726652488,43.05060962249387
VALLEY DRIVE,477444205,103.44929277693467,A31,True,-76.15832577447868,43.01295509102639
CATHERINE STREET,477434941,103.47411568620204,A41,True,-76.14211431393296,43.05095763180444
EAST COLVIN STREET,477442127,103.75363811280026,A31,True,-76.14149556078621,43.02614428592222
EAST GENESEE STREET,477436775,103.8932882829894,A31,True,-76.11217726655268,43.044818604037374
TEALL AVENUE,477431193,103.96023816584987,A31,True,-76.12253631517203,43.06288715525907
MAINS AVENUE,477445374,104.01284003599437,A41,True,-76.156551211922,43.00510981990268
HARBORSIDE DRIVE,477428878,104.05789489288463,A41,True,-76.17239359881837,43.07381309776837
ERIE BOULEVARD WEST,477435842,104.20239029856513,A31,True,-76.17501758921418,43.048105069067454
EAST CHAFFEE AVENUE,477446208,104.22774869029475,A41,True,-76.14913477851684,42.99764162409894
HEADSON DRIVE,507665682,104.43808863426412,A45,True,-76.08643295051964,43.055178504571884
ROXBURY ROAD,477430305,104.46884777563314,A41,True,-76.09748180022764,43.06649815598634
OAKWOOD AVENUE,800034377,104.49880157961489,A41,True,-76.14538249808984,43.03543336225947
WEST KIRKPATRICK STREET,477431325,104.5464678785551,A41,True,-76.15879851237793,43.06223247180157
ELSNER STREET,477429897,104.5933208442486,A41,True,-76.137829770015,43.06841060977686
EAST GLEN AVENUE,477444732,104.91582013420118,A41,True,-76.13548482544475,43.00892988035657
LYDELL STREET,477439075,105.16300975577875,A41,True,-76.17857526895482,43.03781376145375
HIAWATHA BOULEVARD WEST,508421427,105.30438403806112,A35,True,-76.168807904632,43.06898876943826
DESTINY USA DRIVE,477429752,105.32978391861923,A41,True,-76.16974683618886,43.06933761733723
SKYTOP ROAD,477453855,105.3992815530145,A41,True,-76.12384438112021,43.02085115247696
MAINS AVENUE,477445179,105.82152965035219,A41,True,-76.15737481117367,43.00668020590652
MEADOWBROOK DRIVE,800052288,105.97659862976619,A35,True,-76.11153777649322,43.032582207168176
RICHMOND AVENUE,800034082,106.07286345939431,A41,True,-76.17441680914123,43.05025163906656
PLEASANTVIEW AVENUE,477427834,106.07761216371414,A41,False,-76.1345468475549,43.078995919485315
CAMP AVENUE,477444934,106.1084736025596,A41,True,-76.1591492886065,43.007784623392986
SEELEY ROAD,477435416,106.22092533548326,A31,True,-76.10375726950849,43.04959109695991
WEST NEWELL STREET,477443704,106.42048210474984,A41,True,-76.15665265529219,43.016535551578876
LIBERTY STREET,477433089,106.45717223296343,A41,True,-76.17366480770447,43.055785611128364
KENWICK DRIVE,477427847,106.61242621128648,A41,False,-76.1355659805838,43.0789473823516
PARK STREET,477428568,106.62929859459851,A31,True,-76.17175751298062,43.075312535425034
SOUTH SALINA STREET,477444388,106.98582095360386,A21,True,-76.14199826556715,43.01173161659068
JAMESVILLE AVENUE,477442987,107.05356003652555,A41,True,-76.13297183163053,43.02140610473772
FIRST NORTH STREET,511383773,107.5055562416774,A45,True,-76.1473499004099,43.0686482246776
HILLVIEW AVENUE,504325498,107.64442868774648,A45,True,-76.15981986199952,43.02062027512493
SOUTH GEDDES STREET,477440282,107.648742715587,A31,True,-76.1748306584697,43.03381123640752
PARK STREET,477428656,107.65706173118059,A31,True,-76.17129640190258,43.07495494233144
THOMPSON ROAD,477431274,107.69698361411658,A35,True,-76.08757635852967,43.06362189573665
CADILLAC STREET,477427676,107.75567067406013,A41,True,-76.14951482053647,43.079854110491375
SLOCUM DRIVE,477443318,107.80622565619198,A41,True,-76.11545845905708,43.01939502087972
WEST ONONDAGA STREET,800040710,107.85078509191779,A31,True,-76.18344397839797,43.03364023701307
GRANGER STREET,477437044,107.94283615812465,A41,True,-76.15663834004917,43.04414412207306
MAINS AVENUE,800046288,107.95603059951927,A41,True,-76.15723029110256,43.00640670112567
TEALL AVENUE,477433974,108.08025442471225,A31,True,-76.12185724315455,43.05315859358762
MOORE AVENUE,477442768,108.09525588008638,A41,True,-76.1368941781907,43.023040429260035
CRESTVIEW TERRACE,477435738,108.16836400727861,A41,False,-76.1953382590852,43.048390488271664
MEADOWBROOK DRIVE,477441090,108.25334723769086,A45,True,-76.11593522611955,43.0306830348406
DELAWARE STREET,477439294,108.25419325474306,A41,True,-76.16847777648799,43.036974086098056
WESTMORELAND AVENUE,800037816,108.26595847658528,A41,True,-76.11474149554773,43.048069365522174
EAST GENESEE STREET,477436232,108.65790817585429,A35,True,-76.14202329842614,43.0470326418843
SPRINGFIELD ROAD,800029849,108.7947632289892,A41,True,-76.09157642533432,43.05021298885673
GRANT BOULEVARD,477454215,108.98361141100007,A35,True,-76.14241494621783,43.07239244222338
AVERY AVENUE,477432332,109.05981451827148,A41,True,-76.19883378895138,43.058215612752164
SABINE STREET,510577042,109.12375124830311,A40,True,-76.16694765020637,43.03922013170331
SCHOENECK COURT,477436589,109.3338293627988,A41,True,-76.16235128561274,43.04564664724692
NURSERY LANE,800053056,109.35706634289619,A61,True,-76.1278480260757,43.022748991900784
WEST STREET ARTERIAL NORTHBOUND,477433877,109.44204480421736,A35,True,-76.15811207630972,43.05351821514558
CRESCENT AVENUE,477441513,109.45165279539204,A41,True,-76.16108991717934,43.02871845087926
WEST FAYETTE STREET,477435602,109.57785880468502,A41,True,-76.15792025804248,43.04873810433756
NORTHCLIFFE ROAD,477430169,109.62867934960337,A41,True,-76.09041341016179,43.06712424335238
ALMOND STREET,506022043,109.63615801856514,A45,True,-76.14250855036224,43.042570631186884
ALMOND STREET,477436168,109.67552749256949,A45,True,-76.14220128297961,43.04725111630965
TEALL AVENUE,477434052,109.7296378792344,A31,True,-76.12183774209247,43.05286009256957
SOUTH WILBUR AVENUE,800084862,109.90934301993882,A41,True,-76.17393719304542,43.041954378382066
GAIS DRIVE,477436785,110.13889141990768,A41,True,-76.10135827198371,43.04476813380936
EAST WATER STREET,481561656,110.56531770560444,A40,True,-76.15197756240849,43.05054503654646
BRONX AVENUE,477428952,110.57250592810078,A41,True,-76.13345481199957,43.07345609391015
GRANT TERRACE,800034324,110.57439110236439,A41,True,-76.12162870121789,43.07170779906374
WEST FAYETTE STREET,477435606,110.64655561144913,A41,True,-76.1575082259769,43.04873584807156
SPENCER STREET,506022030,110.90272275304285,A45,True,-76.1701318510562,43.05716488826328
POND STREET,800034840,110.95224087456599,A41,True,-76.14699915997015,43.07194979899935
BEAR STREET,477430329,110.98740427836506,A31,True,-76.1635485444228,43.06666284632229
LOCKESLEY ROAD,477439688,111.0679742684579,A41,True,-76.09561929242572,43.035754106509884
NORTH GEDDES STREET,477432966,111.61696067447036,A31,True,-76.17041475691316,43.05615662785913
BRONX AVENUE,477428956,111.65173171487733,A41,True,-76.13386978021141,43.073435098456066
SIZER STREET,506986281,111.67992482649325,A41,True,-76.14343678947495,43.03656810561257
POND STREET,477430076,111.68822661044317,A41,True,-76.1502053020196,43.06766063723922
MAINS AVENUE,477445101,111.85338748514873,A41,True,-76.15752235045643,43.006958587349395
LODI STREET,477430256,112.06685553064717,A31,True,-76.16124078504973,43.066762151377176
FARM ACRE ROAD,477443379,112.12934699305933,A41,True,-76.12302528371555,43.01885012083894
NORTH GLENCOVE ROAD,600035918,112.15513276173238,A41,True,-76.09908109466734,43.064649563504
WEST SENECA TURNPIKE,800039760,112.16977174020289,A31,True,-76.14877974138761,43.00147879957212
PARK AVENUE,508421629,112.20908144273204,A40,True,-76.1798375739618,43.0523694541689
EUCLID TERRACE,477439103,112.21453572922557,A61,True,-76.11823049189908,43.03770007576939
DESTINY USA DRIVE,600055690,112.2872651200424,A41,True,-76.17029184582793,43.07092972346796
ROXBURY ROAD,477430300,112.44398558161588,A41,True,-76.09707670094345,43.0665152011024
VINCENT STREET,477442936,112.70987613234522,A41,True,-76.12738876119325,43.0215434676802
HARVARD PLACE,477437748,112.72176847625761,A41,True,-76.1145119765046,43.041728580022536
HOLDEN STREET,477439479,112.80827775664481,A41,True,-76.18089408705441,43.0364992694081
GENESEE PARK DRIVE,477436875,112.82702464965138,A41,True,-76.10823707040842,43.04453508639718
ERICKSON STREET,477431355,113.23496482475608,A41,True,-76.09594228579888,43.06214860758511
NURSERY LANE,800053055,113.31514902151503,A61,True,-76.12770298761323,43.0227238094568
PACIFIC AVENUE,477444798,113.42188600869684,A41,True,-76.14992931388394,43.00872459967407
HEADSON DRIVE,800052310,113.42647958056263,A41,True,-76.08378954070024,43.05480861296112
SOUTH SALINA STREET,509994532,113.46030674626562,A21,True,-76.14120424862945,43.01645457084168
GRANT BOULEVARD,800071661,113.76524036330026,A31,True,-76.15146664682415,43.07433296601124
WEST GENESEE STREET,477435433,114.10327409936227,A21,False,-76.19544764386298,43.049505922929704
GLENWOOD AVENUE,800040789,114.11753428740845,A31,True,-76.17155736503001,43.01959006941672
GREEN STREET ANNEX,477433145,114.1285951256115,A41,True,-76.13708058152905,43.05553639508923
WEST STREET ARTERIAL NORTHBOUND,477435979,114.15622119148141,A35,True,-76.15856301023811,43.04782661011739
SCHUYLER STREET,477434990,114.39499014963725,A41,True,-76.18250732995935,43.05081559709793
WADSWORTH STREET,477428105,114.5865191516603,A41,True,-76.13945700826261,43.0776551981707
MOORE AVENUE,800032706,114.61856095507419,A41,True,-76.13684290571814,43.02246447191081
EAST DIVISION STREET,477431449,115.04875647500053,A41,True,-76.15052329039716,43.06162310063112
GALE STREET,477432616,115.14265685297507,A41,True,-76.11504026486982,43.05730011411148
WOLF STREET,477427795,115.4093905388755,A21,True,-76.15827577732857,43.07919260205498
SOUTH MCBRIDE STREET,477438851,115.46407911884957,A41,True,-76.14380918196741,43.03856088450653
ROWLAND STREET,800051005,115.60088661158598,A41,True,-76.18103538315347,43.03561772615763
MARTIN LUTHER KING EAST,477440034,115.60913629978914,A41,True,-76.14322179132475,43.034423123048455
PARK ROAD,477430585,115.6092422861329,A41,True,-76.13944531640335,43.06512612814937
GRANT BOULEVARD,477428479,115.62938857937849,A31,True,-76.15702128226512,43.075744597937046
REMINGTON AVENUE,800052987,116.10549430284028,A61,True,-76.13300832363299,43.0144516314468
WESTMORELAND AVENUE,477437924,116.52454001280385,A41,True,-76.11429026953876,43.04157529182388
PLYMOUTH DRIVE,477430796,116.63497825058111,A41,True,-76.09914637806526,43.0644463935131
WALLACE STREET,800046552,116.72069805229673,A31,True,-76.1562802910423,43.05319305073557
ERIE BOULEVARD WEST,477434400,116.72536353357772,A31,True,-76.18206978791935,43.05199863098587
ERIE BOULEVARD EAST,477434995,116.80503030075648,A25,True,-76.14233580703728,43.05073858297894
CALEB AVENUE,477431258,117.02874197368776,A41,True,-76.09374231460994,43.06247159034497
SOUTH AVENUE,477443117,117.36101950869177,A31,True,-76.1596092643927,43.02064959676389
MCCARTHY AVENUE,800032457,117.80150624174685,A40,True,-76.14588820828617,43.047514577615026
WADSWORTH STREET,477429462,117.83640445728453,A41,True,-76.13896277998799,43.070837133290304
WEST STREET ARTERIAL SOUTHBOUND,513530734,117.87466544719179,A35,True,-76.15899716235808,43.050574638939736
SOUTH WEST STREET,477435228,118.1153838065175,A35,True,-76.15905481908061,43.050253621256644
VALLEY DRIVE,477444754,118.47209526688367,A31,True,-76.1564008047048,43.00925659786172
LYNCH AVENUE,477443966,118.4871591961039,A41,False,-76.17062467195213,43.01447232046427
EAST BRIGHTON AVENUE,513531404,118.73633645881307,A31,True,-76.14072010757577,43.0202490717036
RENWICK AVENUE,477439211,118.7773679951747,A41,True,-76.14148628464417,43.037352590781275
COURT STREET,477428119,118.92736630198344,A31,True,-76.14784381581089,43.07756015276221
HADDON ROAD,477438433,118.99197557258638,A41,True,-76.08914126196703,43.03966910435856
EAST GENESEE STREET,477437320,118.99285317720116,A31,True,-76.10710377267222,43.04309360991916
WESTWOOD ROAD,477442604,119.05453604364341,A41,True,-76.19542990700741,43.023549345757566
DAWES AVENUE,477444807,119.1954576782701,A41,True,-76.14648079055752,43.00862061315578
TALLMAN STREET,477439474,119.2437521222962,A41,True,-76.15507060122657,43.036371785700226
EAST ADAMS STREET,477437403,119.47574393655131,A30,True,-76.14288679825952,43.04272656177096
NORTH SALINA STREET,477430013,119.48751631424093,A21,True,-76.16040059837205,43.067916106712424
JAMES STREET,477434235,119.55659232585917,A31,True,-76.14855730047046,43.05232960283323
SPENCER STREET,477432414,119.73927392169826,A41,True,-76.16314960357248,43.057850806385225
WEST GENESEE STREET,508421632,119.78799375892832,A21,True,-76.18044482987928,43.05246411866964
HILLSBORO PLACE,477438101,119.81646937916257,A41,True,-76.08613945451464,43.04076348794781
EAST GIFFORD PARKWAY,477437975,119.95559892268739,A40,True,-76.0843013002998,43.041266613801646
EAST WASHINGTON STREET,481561661,120.10370009067951,A41,True,-76.14955953480481,43.04956089184571
NORTH STATE STREET,477434357,120.11753678225045,A25,True,-76.14805077272443,43.05212108976956
EAST WATER STREET,477741184,120.123927948585,A41,True,-76.14299376591995,43.05037213286196
NORTH STATE STREET,477434783,120.37376081960721,A23,True,-76.14747767827212,43.051281902534654
ANDOVER ROAD,513530288,120.37901780455438,A41,True,-76.11932780119874,43.02792014038834
BERKSHIRE AVENUE,800039829,120.42168163345562,A41,True,-76.13906948150992,43.075698156204446
EAST GLEN AVENUE,800100172,120.6959675636219,A41,True,-76.13489815888171,43.008880267322155
HARBORSIDE DRIVE,800036189,120.69882061376856,A41,True,-76.17189185286202,43.06638364924224
EMERSON AVENUE,477433446,120.83070539120615,A41,True,-76.18845944997031,43.054529687488476
SUNNYCREST ROAD,800034487,120.85903358612731,A41,True,-76.11101908549622,43.061577973685566
EAST GENESEE STREET,481561664,120.87948950119119,A41,True,-76.1498554782962,43.049713482918335
SPAULDING AVENUE,477447187,120.90477548814671,A41,True,-76.1471821852363,42.98696353783079
OVERLOOK DRIVE,477441522,121.02963173202743,A61,True,-76.18709272194855,43.02878905019277
CANNON STREET,477443807,121.0720338363013,A41,True,-76.14513828389762,43.01590361161156
NORTH STATE STREET,477431021,121.11323384439918,A41,True,-76.15719683234703,43.06348257698611
MCCORMICK AVENUE,477437045,121.41798810714185,A40,True,-76.1563816316166,43.04400405831151
GLENCOVE ROAD,477430757,121.56283239662844,A41,True,-76.09944927180078,43.064481873063436
KILLIAN DRIVE,477439266,121.89640815038887,A41,True,-76.09486978426908,43.03704412075553
REMINGTON AVENUE,477443861,121.93268930376435,A61,True,-76.1299395250365,43.01537492003915
WEST JEFFERSON STREET,477436185,122.19557196046438,A41,True,-76.15380477298105,43.04707059212912
SPENCER STREET,477432474,122.28803920427862,A41,True,-76.17505444669595,43.05773740335556
CONSERVATION PLACE,800066216,122.6003180105741,A41,True,-76.18028095840535,43.04366869609926
RONEY LANE,800032733,122.60194978050355,A41,True,-76.13598675305978,43.02185615804609
NORTH STATE STREET,477431502,122.7570834847506,A41,True,-76.15550234381266,43.06136761875503
PLYMOUTH DRIVE,477430862,122.76737597160094,A41,True,-76.0988991015904,43.0641724436632
FORMAN AVENUE,477436114,122.85545288398774,A41,True,-76.13997529275322,43.047473087099085
EAST WATER STREET,477435090,122.91034745476868,A41,True,-76.1490906865104,43.05047645407769
JAMES STREET,477429844,122.96401626953518,A31,True,-76.11028881312308,43.06866211219873
SOUTH SALINA STREET,477445783,122.99246895034433,A21,True,-76.14279982502082,43.00191510446491
LODI STREET,477431011,123.03874228738796,A31,True,-76.15359385410629,43.063466593791425
OVERLOOK DRIVE,800034567,123.04859790328419,A61,True,-76.18722527248097,43.02878703604226
BURNET AVENUE,477432120,123.29438515704699,A41,True,-76.102860085434,43.058829611653
WADSWORTH STREET,477427031,123.39007596307432,A41,True,-76.1479604326316,43.08376034421849
SOUTH SALINA STREET,800034262,123.73899890822122,A21,True,-76.14295792194781,43.00734105964723
HIAWATHA BOULEVARD WEST,477432795,123.88013462350699,A31,True,-76.18369879884602,43.05664460467321
SOUTH STATE STREET,800038705,124.1554780869285,A21,True,-76.14755371403675,43.041792219281845
WEST GENESEE STREET,477434291,124.25303187187298,A21,True,-76.18198632903339,43.05216360726494
MANLEY FIELD HOUSE,600035945,124.25656358904145,A41,True,-76.12368256415367,43.02198550395407
WEST ONONDAGA STREET,800040707,124.25755288785409,A31,True,-76.18387764999177,43.033624963282605
EAST GENESEE STREET,477437973,124.44133616681728,A31,True,-76.08468429138402,43.04116658658477
FOREST EDGE DRIVE,477442577,124.49542183734071,A41,True,-76.20219209554246,43.02375326767756
NURSERY LANE,477442837,124.516405620859,A41,True,-76.12784064019249,43.02245101294291
MONROE STREET,477437792,124.5792776116076,A41,True,-76.14510226195326,43.04164165412954
SEELEY ROAD,477435663,124.58276318402116,A31,True,-76.10368378280532,43.04875912293676
EAST COLVIN STREET,600035963,124.71870427844487,A31,True,-76.12416888576671,43.021986266992634
J STANLEY COYNE CIRCLE,477439574,124.85078372342711,A41,True,-76.15527881221077,43.0361916255585
BELLEVUE AVENUE,477440265,124.98247955239765,A41,True,-76.15665378444729,43.033579099216716
FORMAN AVENUE,477436246,125.00166941707533,A41,True,-76.13995797708193,43.047135660777904
GRANT TERRACE,800034317,125.1123866309013,A41,True,-76.12141210309049,43.0719895453343
WESTCOTT STREET,477438774,125.14522014900386,A41,True,-76.11910279514169,43.03874710885466
CADILLAC STREET,477427077,125.1481825739521,A41,False,-76.14484338126906,43.08332017321341
SOUTH WARREN STREET,481561653,125.38864783281842,A40,True,-76.15076440648906,43.05028064458228
HUGHES PLACE NORTH,477441963,125.40270388280102,A41,True,-76.13336229893899,43.02694360160399
NBT BANK PARKWAY,800030859,125.57802195235261,A41,True,-76.16946943399539,43.075554252808296
GRANT BOULEVARD,477429199,125.62987182423151,A35,True,-76.14217924128961,43.07211924871784
TECUMSEH STREET,477441914,125.66147149311865,A41,True,-76.11379926307953,43.027048646093036
GRAPE TERRACE,477439458,125.73537639269848,A41,True,-76.14569633448127,43.03639660968903
IRVING AVENUE,600063813,125.76713772280706,A31,True,-76.13787040348433,43.04071719821816
WEST STREET ARTERIAL NORTHBOUND,477435095,126.42552282598874,A35,True,-76.15880879569507,43.05063062638121
WEST KIRKPATRICK STREET,800032563,126.47299494954567,A41,True,-76.16402989867662,43.05948206516381
PENTA DRIVE,477442780,126.72335607285895,A41,True,-76.13710564689805,43.02259473983659
SOUTH AVERY AVENUE,477436787,126.9829894031906,A41,True,-76.18946010861764,43.04488926080735
PARK STREET,800038602,127.36466362762351,A41,True,-76.14508561091633,43.06328335293081
WADSWORTH STREET,477428714,127.46561204739842,A41,True,-76.1392208008266,43.074767119595876
TEALL AVENUE,477433701,127.54918652038329,A31,True,-76.12191587170484,43.053881417187604
ALTON STREET,477442608,127.77851852133543,A41,True,-76.19547517657666,43.023450393856656
EAST WASHINGTON STREET,477435377,127.88180102896423,A41,True,-76.14909625340493,43.04954217302941
HOEFLER STREET,477439447,127.9271065105509,A41,True,-76.1796967764934,43.036575850700444
TALLMAN STREET,477439462,127.97172507948723,A41,True,-76.15433150154045,43.036396919939854
GRANVILLE STREET,477428515,127.98784445973646,A41,False,-76.11519758062404,43.07555588164588
CHURCHILL AVENUE,477444349,128.1028477623403,A41,True,-76.14004781728136,43.012133098345934
FABIUS STREET,800051081,128.1620548064241,A40,True,-76.15867465715462,43.04465862799132
FILLMORE AVENUE,800034255,128.3033653143043,A41,True,-76.14177987929016,43.00977988422233
DELAWARE STREET,477438618,128.30880300605054,A41,True,-76.17294881146904,43.03921558906683
AUDUBON PARKWAY,800005960,128.49411588110124,A45,True,-76.09505827415282,43.048622681985826
LEMOYNE AVENUE,477427554,128.6297172017778,A41,True,-76.1529207951656,43.080482598824375
LOMBARD AVENUE,477435479,128.75214315249514,A41,True,-76.11984221428817,43.0494414500637
MASSENA STREET,510577032,128.76288725704413,A40,True,-76.1672591853148,43.03919148836578
HAWLEY AVENUE,800084755,128.79586701543528,A41,True,-76.13178879917777,43.055276626395305
GRANT BOULEVARD,477429136,128.79872661007548,A31,True,-76.13693076619849,43.07238663610139
MEDORA PLACE,800047586,129.0208741511949,A41,True,-76.15709935019306,43.01483181257848
EAST DALE STREET,477428882,129.23678689087626,A41,False,-76.11502696977735,43.07371712981715
CONCORD PLACE,513530333,129.44369673899314,A45,True,-76.11784467098056,43.03977624015661
EVANS STREET,477433082,129.49906619661814,A41,True,-76.16230085352672,43.055706308982984
EDGEMONT DRIVE,477438442,129.55055409393785,A41,True,-76.0893112647699,43.039504587224286
MIDLAND AVENUE,477440862,129.79059709619415,A41,True,-76.15391080316948,43.03159261782096
LAFAYETTE ROAD,800031540,130.00068442767565,A41,True,-76.13114445014001,42.9982251861013
GRANT BOULEVARD,477429832,130.201112130562,A30,True,-76.1154897779814,43.06878410683962
EAST DIVISION STREET,477430127,130.2611902486874,A41,True,-76.14599378356374,43.06739911482945
GRANT BOULEVARD,477428689,130.34284387475228,A31,True,-76.15373730575389,43.074778129559746
RENWICK AVENUE,800036337,130.36229772495344,A41,True,-76.14149486402833,43.03701082723382
ERIE BOULEVARD EAST,477434973,130.43693226775585,A21,True,-76.14533799467343,43.05081760432493
VELASKO ROAD,800050531,130.63590886455552,A31,True,-76.18814923641538,43.03545423803923
NORTH FRANKLIN STREET,477433468,130.6737776879609,A31,True,-76.1547723126409,43.054577862241985
SOUTH SALINA STREET,800034248,130.72570803199991,A21,True,-76.14253255976399,43.00901225100695
SALISBURY ROAD,477437642,130.802292812476,A41,True,-76.19530204807803,43.04221808089316
SOUTH MIDLER AVENUE,477432908,130.84975407288238,A31,True,-76.10398410060454,43.05635861419136
HARRIETTE AVENUE,477442473,130.8588713980928,A41,True,-76.13038179527118,43.02435309776906
SHOP CITY PLAZA,600063833,131.0966915021357,A41,False,-76.12256314875135,43.07314624740467
NORTH SALINA STREET,477433773,131.17956516742854,A31,True,-76.15213517662652,43.05364760714413
SOUTH SALINA STREET,477435057,131.18585945253614,A31,True,-76.15218079773013,43.05073163832171
EAST CATHROP AVENUE,509994527,131.25057089464403,A35,True,-76.14023029036139,43.01662659293776
GRAND AVENUE,477438770,131.51929201792476,A31,True,-76.17961632265539,43.03862611847447
MARCELLUS STREET,800032553,131.7453826758346,A41,True,-76.16710011160316,43.045697711958844
BURNET AVENUE,477434287,131.75819463900254,A41,True,-76.13281977625458,43.05213412056579
NORTH TOWNSEND STREET,509997556,131.78459209646127,A41,True,-76.1458284434986,43.05345210848842
SOUTH AVENUE,477443414,131.85001777400188,A31,True,-76.16115280863593,43.018648088106694
DESTINY USA DRIVE,477429815,131.91876299155714,A41,True,-76.16982281708113,43.06896061750678
CONCORD PLACE,513530332,132.00230089787232,A45,True,-76.11786173267795,43.039910989589615
EAST CATHROP AVENUE,509994546,132.05337795443648,A35,True,-76.14025477843447,43.016713111951496
COURT STREET,477428239,132.08870407237478,A31,True,-76.14889430756159,43.07698311476115
WEST NEWELL STREET,477443529,132.22638537856886,A41,True,-76.1455047993489,43.01765410557496
ROBINSON STREET,477432329,132.52844672880795,A41,True,-76.12541679195077,43.05809460650404
DAKOTA STREET,477440507,132.56295373969652,A41,True,-76.11273476708753,43.03272958311475
ERIE BOULEVARD WEST,477432739,132.6749372933458,A31,True,-76.19617437972906,43.06011669668142
SOUTH CLINTON STREET,477435058,132.68788041552875,A40,True,-76.15353625219214,43.050732615431876
WESTCOTT STREET,477438367,132.85771274472444,A41,True,-76.11920927558327,43.03996861885209
BARNES AVENUE,477444384,132.94185488278367,A41,True,-76.16056429133113,43.01179657342779
BALLANTYNE ROAD,477444571,132.9437309827153,A41,True,-76.15041079156214,43.0104006240419
SHERMAN STREET,477442198,133.0613566398994,A41,True,-76.1136953042258,43.025735118067644
GREEN STREET COURT,477432981,133.2580826267116,A41,True,-76.13581832631519,43.05612813880828
NORTH SALINA STREET,477434876,133.36520571050457,A31,True,-76.15217531440942,43.05109463539053
HARBORSIDE DRIVE,477428848,133.48942578177355,A41,True,-76.17205611595041,43.074024955521175
TEALL AVENUE,477431867,133.51185781017833,A31,True,-76.12231923232578,43.05986364636665
SCOTTHOLM BOULEVARD,477436835,133.66234076839993,A41,True,-76.11200969231372,43.04457031006741
ELMHURST AVENUE,477443046,133.72874528810087,A41,True,-76.15548429246503,43.0209461154887
GRANT BOULEVARD,477429132,133.8406011803207,A31,True,-76.13644025955533,43.07241059932668
BUTTERNUT STREET,477454134,134.47948185494243,A31,True,-76.15225729141598,43.05761410810612
TWIN HILLS DRIVE,477442229,134.52355606508706,A41,True,-76.17338277453347,43.02561355607418
EAST TAYLOR STREET,477438415,134.9959361542599,A41,True,-76.14115637767607,43.039558152801895
BELLEVUE AVENUE,477440432,135.1294766731024,A41,True,-76.16963581023492,43.03305061464633
BUTTERNUT STREET,477428671,135.22871894983342,A41,True,-76.1425742791422,43.07498761970907
KENWOOD AVENUE,477427798,135.251110077375,A41,True,-76.15071932236917,43.07916564963447
WILLISTON AVENUE,477429508,135.3151057059552,A41,True,-76.14402781140434,43.07056864252082
HIGHLAND STREET,477429399,135.34149062226308,A41,True,-76.14191179013042,43.071132096288736
WEST NEWELL STREET,477443636,135.39861554169042,A41,True,-76.15235725075848,43.01696509398379
BELLEVUE AVENUE,477440369,135.53227773840635,A41,True,-76.16503183792898,43.033221622249215
ROXBURY ROAD,800042647,135.53582835455728,A41,True,-76.0966138381549,43.06653969171113
CROLY STREET,800040697,135.81535201835715,A41,True,-76.11285423392988,43.050334699756846
HILLVIEW AVENUE,504325496,136.02290687865832,A45,True,-76.1597466772912,43.020736427503586
WILLIS AVENUE,477431111,136.17120988919137,A41,True,-76.19952365487215,43.06324157052579
WEST SENECA TURNPIKE,477445793,136.4715271837019,A31,True,-76.15043830714148,43.001701112454114
OLD LIVERPOOL ROAD,477428313,136.7434302240993,A35,True,-76.17511982134012,43.076554157058936
DAVIS STREET,510577043,136.9361061490102,A40,True,-76.16706627586927,43.0393382108495
COURT STREET,477428764,137.1083312221905,A31,True,-76.15362334911572,43.074567124304444
SOUTH WEST STREET,477436507,137.15574876162972,A40,True,-76.1585815607005,43.04693812299823
EMERSON AVENUE,477434556,137.34011736425245,A41,True,-76.1864231566658,43.05179126881929
SOUTH WARREN STREET,477435079,137.38677744252368,A40,True,-76.15076379834508,43.05070614071308
ALMOND STREET,477435140,137.74080586068575,A41,True,-76.14212027201107,43.0505475794697
LAKEVIEW ROAD,477437949,137.76024377794434,A41,False,-76.2012747415689,43.04145678983416
DESTINY USA DRIVE,477428951,137.7804940228781,A41,True,-76.17235813270881,43.0735786507968
ONONDAGA AVENUE,477442288,137.79780173443226,A41,True,-76.16062479349375,43.025302592104175
WEST COLVIN STREET,477442646,137.86035570111565,A30,True,-76.15534948073174,43.02318640785714
BELLEVUE AVENUE,477440551,138.12836233410187,A41,True,-76.18275527602349,43.03257659789154
MONROE STREET,477437812,138.35954143464576,A41,True,-76.1419286838202,43.04162600311129
DOUGLAS STREET,477431916,138.49348944941286,A41,True,-76.14113028087621,43.059594619881665
IRVING AVENUE,600063812,138.62459184678718,A41,True,-76.13786022558016,43.04191015652279
PERSHING AVENUE,477428821,138.63961646915473,A41,True,-76.14050129996488,43.07412213329304
LEXINGTON AVENUE,477436192,138.67619552898316,A40,True,-76.12375060479211,43.04709507260189
ERIE BOULEVARD WEST,477435094,138.69306575896286,A31,True,-76.15859130607986,43.05051459459024
GORLAND AVENUE,477436859,138.81128631806612,A41,True,-76.10111676550405,43.044616609325985
JACKSON STREET,513530487,138.86021699722764,A41,True,-76.1428326771825,43.040401348397516
DELL STREET,477437728,138.95731200326182,A41,True,-76.12088583302405,43.041837611581954
WHEATON ROAD,477429330,138.9844520882841,A41,True,-76.12634730770235,43.07144210377622
RIDGEWOOD DRIVE,477430265,139.03770972556543,A41,True,-76.09431378755733,43.066830159742935
EAST WASHINGTON STREET,477435415,139.26843475961388,A41,True,-76.14239883956505,43.04947411756602
HARBORSIDE DRIVE,477428959,139.38181795340088,A41,True,-76.17271100642732,43.07357468250052
SMILEY DRIVE,477445190,139.85725786678228,A41,True,-76.14630985295031,43.00622920723811
BUTTERNUT STREET,700000805,139.8735682493511,A31,True,-76.15458763487464,43.05492141128399
SOLAR STREET,600008998,139.94251718230416,A41,True,-76.15765516306813,43.05676196059782
BUTTERNUT STREET,477454219,140.0237807724612,A45,True,-76.14230525253062,43.07247709624428
SOUTH SALINA STREET,477445547,140.12460754547354,A21,True,-76.14299328301726,43.00403811784347
CAYUGA STREET,477434557,140.29163722531396,A40,True,-76.18658188798533,43.051649761270184
ARDMORE PLACE,477427396,140.33217506629157,A41,True,-76.14290678562868,43.08149011961098
GRANT TERRACE,800034321,140.34342199524642,A41,True,-76.12118521289499,43.07231181205544
TEALL AVENUE,477429304,140.41931263967263,A31,True,-76.12309279362476,43.07155909914363
EAST WILLOW STREET,477434103,140.52433317071737,A41,True,-76.15021030670738,43.05265563485712
AUDUBON PARKWAY,477435789,140.52863128744357,A45,True,-76.09484939114863,43.04863465266034
NORTHCLIFFE ROAD,477430129,140.7040074139776,A41,True,-76.0990132890339,43.06724810552872
LATTER DRIVE,477446732,140.91886782405214,A41,True,-76.13868796414403,42.992309776957846
JULIAN PLACE,800049449,140.92366089209966,A41,True,-76.11096927111619,43.02225465235551
PARKWAY DRIVE,477442404,141.24848438164787,A41,True,-76.15966421636793,43.02463161854982
WEST SENECA TURNPIKE,477445815,141.3446432198335,A31,True,-76.14924624364993,43.00154030258846
REMINGTON AVENUE,477443971,141.40373001279966,A61,True,-76.13311163357713,43.01457076620649
SOUTH GEDDES STREET,477436899,141.52240017290788,A31,True,-76.17103132685152,43.04454757471941
BURNET AVENUE,477432087,141.70466221281492,A41,True,-76.10238857505594,43.05894212364761
NORTH STATE STREET,477432221,141.7857126326685,A41,True,-76.15329132211858,43.058609625715086
SEELEY ROAD,477436099,141.9762776470511,A31,True,-76.1035757918313,43.04753311176636
NORTH CLINTON STREET,477434874,142.12638478964755,A40,True,-76.1535268041596,43.05110965534669
JAMES STREET,477430017,142.33471247567488,A31,True,-76.11676078431991,43.06791710225148
PENTA DRIVE,477442781,142.38136537774741,A41,True,-76.13760645930779,43.02257342894413
HARBORSIDE DRIVE,800037555,142.5549792986088,A41,True,-76.17166844472091,43.06670464743897
MORNINGSIDE TERRACE,477441574,142.7012433072248,A41,True,-76.1243930556239,43.0286596571943
NORTH WARREN STREET,477434886,142.82065992953875,A40,True,-76.15075778771441,43.05109061958144
MARTIN LUTHER KING EAST,477440059,142.82591274549065,A41,True,-76.14367931551577,43.03430860129454
ERIE BOULEVARD EAST,477741173,142.87637253141077,A25,True,-76.14282129116562,43.05075111491299
MAINS AVENUE,800050422,142.9175670753108,A41,True,-76.15687422305759,43.00572291717142
BURT STREET,477438850,143.33389357032948,A41,True,-76.14353189055642,43.03841763227914
CALEB AVENUE,477432082,143.75084858286795,A41,True,-76.10945828878401,43.05895809579041
ARNETT AVENUE,477429588,143.92865899671858,A41,True,-76.11240826721581,43.06991364504133
SOUTH GLENCOVE ROAD,477430839,143.9339550151615,A41,True,-76.09712128208528,43.064126622193115
BURNET PARK DRIVE,477436542,143.93813607008144,A40,True,-76.18526284440581,43.04578213052243
GRANT BOULEVARD,477429111,144.0472687050535,A31,True,-76.13474426052215,43.0724921309586
TEALL AVENUE,477429776,144.0650080169004,A31,True,-76.12294929179777,43.06923612760555
REMINGTON AVENUE,800051964,144.283126705077,A61,True,-76.12992286813437,43.01523844535403
BUTTERNUT STREET,477454214,144.35708028148701,A40,True,-76.14265555443376,43.07230503761603
LOOMIS AVENUE,477445068,144.62103914093274,A41,True,-76.1537040330196,43.00787762588359
SOUTH WEST STREET,504325344,144.88852429284177,A35,True,-76.15752880732961,43.04187801469628
SOUTH GLENCOVE ROAD,477430835,144.98357757213938,A41,True,-76.0965813429519,43.06414779049729
GRANT BOULEVARD,477429174,145.0252265209941,A31,True,-76.12337061309579,43.07231578009432
HAZELHURST AVENUE,477428949,145.2346439703696,A41,True,-76.11308108577185,43.073646851616154
POND STREET,477430019,145.28192335928975,A41,True,-76.14997731918207,43.06797111996671
HUNT AVENUE,477443483,145.3890660385681,A41,True,-76.15545281900086,43.01815864188665
NORTH SALINA STREET,477433069,145.39985447348778,A31,True,-76.15208035620147,43.05587709321377
EMERSON AVENUE,477434365,145.7851796830778,A41,True,-76.18649128346829,43.05217060885667
THAYER STREET,477443837,146.0496916950741,A41,True,-76.12882324481416,43.01545661102998
LISTMAN AVENUE,800039830,146.0708682528063,A41,True,-76.13783542135691,43.07466155841698
SEELEY ROAD,477435945,146.194184227332,A31,True,-76.10361227104812,43.047927624707306
BARRETT STREET,477438267,146.23291613463257,A41,True,-76.16989690819324,43.04032915215785
WEST GENESEE STREET,506021508,146.32564044444214,A21,True,-76.18247969782051,43.052083476961094
MONTGOMERY STREET,477436327,146.59101702530447,A30,True,-76.14878742512207,43.046836121066356
MILFORD DRIVE EAST,800042652,146.62699869533546,A41,True,-76.09662181540693,43.06661887859737
NORTH FRANKLIN STREET,800032523,146.65192505788985,A41,True,-76.15662319104986,43.05714770549956
STRATHMORE DRIVE,477443288,146.69004808440945,A41,True,-76.17332595041859,43.01962169251492
ROBINSON STREET,477432216,146.75360546613612,A41,True,-76.12072217383046,43.05845804117381
WEST STREET ARTERIAL NORTHBOUND,477435235,146.8016532938979,A35,True,-76.15886695454768,43.05025820326025
EAST BRIGHTON AVENUE,477445423,146.8352844524869,A31,True,-76.13094814145751,43.00483609930837
EAST WASHINGTON STREET,477435405,147.25225315076813,A41,True,-76.14359483817003,43.04948856402506
SOUTH SALINA STREET,477438228,147.31305417176569,A31,True,-76.15064382946073,43.04053163763294
RONEY LANE,477442995,147.31695088398203,A41,True,-76.13573590801732,43.02137875592361
UNION PLACE,477430887,147.4045024911001,A40,True,-76.1562953093968,43.064072594407726
ERIE BOULEVARD EAST,481561063,147.46355774806162,A25,True,-76.14275280720055,43.05083212260658
SOUTH STATE STREET,477435101,147.58609273109954,A21,True,-76.14737729793447,43.05063713099492
SPAID AVENUE,477441421,147.75829162802077,A41,True,-76.11402979370094,43.029194617671195
LANDMARK PLACE,509997469,147.77000724795195,A41,True,-76.14586780578514,43.04906960257395
RILL AVENUE,477444365,147.79789903188166,A41,True,-76.15007329307814,43.01186061159995
CATAWBA STREET,477431510,147.83326956562883,A41,True,-76.15565393853134,43.06117517402845
SLOCUM DRIVE,800034400,148.10253527342337,A41,True,-76.11670514826537,43.02101297640668
SUNNYCREST ROAD,477431440,148.28516278895964,A41,True,-76.11039475192482,43.061609463390646
WADSWORTH STREET,477428810,148.93303982606204,A41,True,-76.13918780928361,43.07438861407067
EAST GENESEE STREET,477439137,149.0582494989625,A31,True,-76.07781086898096,43.037880265556645
WADSWORTH STREET,477428289,149.25704590942732,A41,True,-76.13939030886715,43.07686513785667
DESTINY USA DRIVE,800037533,149.56958368453718,A41,True,-76.17126998587425,43.071982693575805
WINDHAM DRIVE,477439586,149.71990955407685,A41,True,-76.09484862588647,43.03604786997026
GREEN STREET,477433144,149.78842713849633,A41,True,-76.13743228611865,43.055555605596474
SOUTH TOWNSEND STREET,509997452,149.84650737237143,A45,True,-76.14514568374314,43.04673285138663
NORTH STATE STREET,477434326,149.86788743761122,A25,True,-76.14830801312347,43.052229334169866
HIGHLAND STREET,477429497,149.90875175910722,A41,True,-76.14193732519587,43.070741120655065
WOODLAND AVENUE,477441280,149.97021131573663,A41,True,-76.14211125215547,43.029711133559836
WEST FAYETTE STREET,477434454,150.26041825088515,A41,True,-76.18333730344531,43.05194910585124
SOUTH GEDDES STREET,477440734,150.26719226948407,A31,True,-76.17537283468255,43.03208359722572
EUCLID TERRACE,477439112,150.3710670160821,A61,True,-76.11833800575906,43.03762360249704
LEXINGTON AVENUE,800037812,150.43518155868665,A41,True,-76.11494467072814,43.047222240869125
HADDON ROAD,477438443,150.54168249499259,A41,True,-76.0893793419584,43.03965687766751
HIAWATHA BOULEVARD WEST,477432460,150.66733612776528,A31,True,-76.1821178389196,43.05787228578934
MAINS AVENUE,477445434,150.7735110085522,A41,True,-76.15637629538432,43.00478462662302
PINE STREET,477435199,150.8530311436169,A41,True,-76.12973878344455,43.05040660036712
GRANT BOULEVARD,477429116,150.989512858118,A31,True,-76.1352952673582,43.072465143669206
PARK STREET,477429282,151.02629761522147,A31,True,-76.16576264788925,43.07158345881725
SOUTH AVENUE,477442519,151.03263204473026,A31,True,-76.15930342435516,43.0244464893245
EAST GENESEE STREET,477436083,151.071317286541,A35,True,-76.14191677348025,43.04739510751657
TALLMAN STREET,477439449,151.37807994417233,A41,True,-76.15173425594841,43.03640565671786
SOUTH WEST STREET,477435773,151.9582108248596,A35,True,-76.15888695478736,43.04852398364771
WALNUT AVENUE,477435189,152.32920107439668,A41,True,-76.13202774471453,43.05043958418556
ERIE BOULEVARD EAST,477435288,152.41284085196128,A25,True,-76.11867246475867,43.0499755258318
HUNT AVENUE,477442507,152.4500846734222,A41,True,-76.15552978496234,43.02425163510643
SOUTH TOWNSEND STREET,509997479,152.51637959238727,A41,True,-76.14557811748462,43.05061286549687
EAST BRIGHTON AVENUE,477443213,152.781925596897,A31,True,-76.14011946501377,43.019911505143654
UNIVERSITY AVENUE,477435173,153.07678833098072,A41,True,-76.13424427165704,43.05046959363187
EAST GENESEE STREET,477438007,153.26858514397523,A31,True,-76.08406501646417,43.041048648183384
KENSINGTON ROAD,477440743,153.31404998697312,A41,True,-76.11879474324734,43.03189152362726
FITCH STREET,477439074,153.39320124535223,A41,True,-76.17827926699606,43.03768663481636
DUDLEY STREET,477439848,153.59174203510952,A41,True,-76.16989588952066,43.035244694105714
GREEN STREET,800031024,153.72109222563333,A41,True,-76.13798834150892,43.05528795828058
VAN BUREN STREET,477439129,154.1226577694403,A41,True,-76.14344125591677,43.03751263086491
PRINCETON AVENUE,477444276,154.20620466944777,A41,True,-76.1699343047478,43.01242313684481
BROOKSIDE DRIVE,477447365,154.3446397022819,A41,True,-76.14956053970309,42.9849423197407
LOMBARD AVENUE,506021459,154.71994812130546,A40,True,-76.1186406175281,43.04992597922251
JAMES STREET,477434379,154.85847635804254,A31,True,-76.1491465333321,43.052043869312286
ERIE BOULEVARD WEST,506021505,155.06395486594258,A31,True,-76.18237632659026,43.05229564174134
MONTGOMERY STREET,477435084,155.33237909607115,A40,True,-76.14931947155716,43.05070764763113
SOUTH SALINA STREET,477445744,155.4175611270477,A21,True,-76.1428278151614,43.002296590332705
WEST ONONDAGA STREET,800049629,155.44020052812687,A31,True,-76.18295204480798,43.03365756097501
MILTON AVENUE,477432347,155.5042467795583,A41,True,-76.19388335345941,43.05811960123697
ROCK CUT ROUNDABAOUT,800100346,155.52450554352995,A62,True,-76.1312823378293,43.00605243363151
SOUTH SALINA STREET,477447335,155.72192903942636,A21,True,-76.14359663277882,42.98515940206428
SOUTH CROUSE AVENUE,477435159,156.3311038584397,A41,True,-76.13646580175602,43.05050113092952
SOUTH MIDLER AVENUE,477432645,156.3406540889274,A31,True,-76.10406232475728,43.057239610089255
SOUTH AVENUE,477443162,156.57551169834008,A31,True,-76.15985828925827,43.02032109457165
WADSWORTH STREET,477428196,156.58502371865404,A41,True,-76.13942331610798,43.077284119889896
CAYUGA STREET,477434514,156.8350138301155,A40,True,-76.18662926771958,43.05178765170972
HARRISON STREET,800032456,156.8633153542385,A40,True,-76.14389845390285,43.04428869760756
OTISCO STREET,481561673,156.93523586901523,A41,True,-76.16102283452526,43.04612757713777
FORMAN AVENUE,477435145,157.10468948003412,A41,True,-76.13990679795745,43.05055015527599
SOUTH STATE STREET,477438106,157.40494234302588,A21,True,-76.14756130973801,43.04080865059726
IDA AVENUE,477447352,157.44520570255034,A41,True,-76.14690781529853,42.985036258563845
ROSEWOOD STREET,477432092,157.48729717790678,A41,True,-76.14278510975598,43.05904076831115
SOUTH AVENUE,477442390,157.49136188146886,A31,True,-76.15920598149256,43.02493082275896
OXFORD STREET,477440172,157.71884821290612,A41,True,-76.15538717655723,43.033916490146325
WALNUT AVENUE,477435024,157.8005667940621,A41,True,-76.1320192408111,43.05086510450899
TALLMAN STREET,477439484,157.94475143608503,A41,True,-76.1555883205647,43.03635063358183
SALISBURY PARK DRIVE,477436130,158.25753743351336,A41,True,-76.09747258063189,43.04743811018428
WEST GENESEE STREET,477434171,158.46323086945358,A21,True,-76.18677932006885,43.05239211359503
CHERRY STREET,477435749,158.52806729465087,A41,True,-76.12346632036896,43.048542117854886
SHOP CITY PLAZA,600063832,158.655372282115,A41,False,-76.12118149443138,43.0732199146197
GREENWAY AVENUE,477432818,158.71585591804796,A41,True,-76.11949578110315,43.05663113210623
WINKWORTH PARKWAY,477442528,158.75797621179788,A41,True,-76.20245608475399,43.02394809046409
SALT SPRINGS ROAD,477436463,159.00977858654034,A31,True,-76.10450128053213,43.04609812133328
WILLISTON AVENUE,477429538,159.33748746257416,A41,True,-76.14354581302649,43.070372156817214
STEDMAN STREET,477427472,159.57825414577366,A41,True,-76.15467348148883,43.08104818892336
BELLEVUE AVENUE,477440381,159.58078601025343,A41,True,-76.16595831455587,43.03318661209981
ONONDAGA CREEK BOULEVARD,477443904,159.73018917881586,A41,True,-76.15719976447609,43.01536077686246
EAST BRIGHTON AVENUE,513531413,159.91130737626773,A31,True,-76.1352687486208,43.01354012951097
LODI STREET,477434286,160.0992820235045,A31,True,-76.13281478022813,43.05225960808738
MARY STREET,477430731,160.39685856747178,A41,True,-76.14918432785284,43.06470712521618
BUNKER HILL WAY,477442335,160.4580732531749,A41,True,-76.18419880906032,43.0252097139514
NORTH GLENCOVE ROAD,477430691,160.52375765849243,A41,True,-76.09444224316478,43.06464813088316
WEST COLVIN STREET,477442593,160.5365135639143,A30,True,-76.15352779665534,43.02355562616804
CATHERINE STREET,477434435,160.72008366342058,A41,True,-76.14209726257334,43.05202708685364
NORTH GLENCOVE ROAD,600035917,160.74034854005328,A40,True,-76.09900267620273,43.06452876111922
UNIVERSITY AVENUE,477435014,161.08073209418833,A41,True,-76.13423226208018,43.050900596664064
MAPLEWOOD AVENUE,477447040,161.33008291491012,A41,True,-76.1370771055317,42.98877864957816
NORTH FRANKLIN STREET,800050918,161.7464137514733,A41,True,-76.15491487311407,43.054904077430464
DECKER STREET,477434333,161.8715009162528,A41,True,-76.14682985116956,43.05206771851619
MIDLAND AVENUE,477442884,161.92067222064887,A31,True,-76.15010283787618,43.02220464519008
GRANGER STREET,477437183,162.10304905488715,A40,True,-76.15614165000595,43.04377364662538
FIRST NORTH STREET,511383775,162.29504635556685,A41,True,-76.14772673922917,43.068867032788354
SOUTH TOWNSEND STREET,509997471,162.50641982611205,A41,True,-76.1455927856325,43.049294596636734
EAST KENNEDY STREET,477440888,162.5149384151258,A41,True,-76.14439279308706,43.0313841462575
SEDGWICK DRIVE,477431231,162.57116358642503,A45,True,-76.1292473002798,43.06272013380653
SHERBOURNE ROAD,477440659,162.8526237961817,A41,True,-76.10822526176807,43.032121116881406
CEDAR RIDGE APARTMENTS,477434160,162.92895505674758,A61,True,-76.10111232645438,43.05246105352665
DEWITT ROAD,477438168,162.99049400591684,A41,True,-76.0837684718825,43.04076352169789
SOUTH LOWELL AVENUE,477436575,163.0112978841477,A45,True,-76.17996804829734,43.04577320931858
BUTTERNUT STREET,477428315,163.27003834988778,A41,True,-76.14276106301789,43.076712041696744
EAST PLEASANT AVENUE,477443566,163.34761379409053,A41,True,-76.14115425486035,43.017399597506206
LODI STREET,477435034,163.6348291468603,A31,True,-76.13061783707626,43.05084532981897
WEST GENESEE STREET,477434150,163.80151471848856,A21,True,-76.15631729209028,43.05250664877636
EAST GENESEE STREET,477436283,163.85659669756234,A31,True,-76.1237520140041,43.04696493951079
TRUTH TERRACE,477439699,164.00797037833215,A41,True,-76.14570430309871,43.035608450748654
NORTH CROUSE AVENUE,477435003,164.01025871658666,A41,True,-76.13645482435084,43.05094063367117
GRANT BOULEVARD,477429124,164.09131318442226,A31,True,-76.1358837788654,43.072437106133364
BUTTERNUT STREET,477454141,164.12853534890107,A31,True,-76.15272150827093,43.05738624349532
TALLMAN STREET,477439756,164.36778833584813,A41,True,-76.16403868929845,43.03544140400526
JAMESVILLE AVENUE,800032738,164.37225148067625,A41,True,-76.13523364366273,43.02393729763278
EAST ADAMS STREET,477437466,164.40718053650468,A40,True,-76.13251179560052,43.042630116401405
PARK AVENUE,477434263,164.5065750331507,A45,True,-76.17030884413322,43.05219214404007
HIAWATHA BOULEVARD WEST,508421475,164.54497114427656,A35,True,-76.17041191099803,43.06713552226673
GRANT BOULEVARD,477429889,164.59371128821476,A30,True,-76.11502379603684,43.068567623986354
STEDMAN STREET,800041916,164.7209886760183,A41,True,-76.15639170897937,43.07897832528374
DAKIN STREET,800048231,164.8013076266363,A41,True,-76.114653978217,43.05042608807483
NORTH SALINA STREET,477433683,164.84386608734025,A31,True,-76.15212695369506,43.05405376809238
SHERBROOKE ROAD,477436737,164.8450749543006,A41,False,-76.08434932333776,43.045101066546046
MARSHALL STREET,477437839,164.92171828561925,A41,True,-76.1325337639033,43.04158861760917
EAST JEFFERSON STREET,477436217,164.93990893904095,A41,True,-76.14903083539897,43.04703340124916
JAMES STREET,477431313,165.40851166464412,A31,True,-76.12827533632068,43.0622791179248
RONEY LANE,477442996,165.49956726394757,A41,True,-76.13595628886428,43.021462026708015
WALLACE STREET,509997853,165.61685098679888,A31,True,-76.15647081593002,43.05283169993922
OTISCO STREET,477436519,165.68360690995334,A41,True,-76.16212276907979,43.04585963759678
CORTLAND AVENUE,800030650,165.69701179878018,A31,True,-76.1511941743927,43.03542481505951
WAVERLY AVENUE,477438146,165.69737154120986,A31,True,-76.13256531185301,43.04051064342424
GRANT BOULEVARD,800091064,165.74478407217234,A31,True,-76.13249816600603,43.07260215351802
BURNET AVENUE,477432400,165.74727742986926,A41,True,-76.10690363083165,43.0579034883136
SALISBURY ROAD,800048974,165.77038549951862,A41,True,-76.20092819961896,43.04175029398577
ERIE BOULEVARD EAST,477433098,165.7823827056039,A25,True,-76.08348851133991,43.05563938439572
SEDGWICK DRIVE,477431214,165.89162692545375,A45,True,-76.12912029599512,43.06279608221516
BERTRAM PLACE,477443640,166.06782214597305,A41,True,-76.15722206221189,43.017142998810016
HOPPER ROAD,477446250,166.18358241804444,A41,True,-76.15962777300354,42.99725460249629
JACKSON STREET,477438234,166.20307823317447,A41,True,-76.14514082128787,43.040305616062845
WYOMING STREET,477436752,166.2278223749894,A41,True,-76.1594838495812,43.04520914903753
HARVARD PLACE,477437925,166.29418238545372,A41,True,-76.11447721958051,43.041587631592805
WADSWORTH STREET,477429391,166.41300698374937,A41,True,-76.13899124217211,43.071226625301996
LOMBARD AVENUE,477435575,166.46203762735027,A41,True,-76.11987255302824,43.049078500481286
NORTH CLINTON STREET,477432045,166.66399825443534,A41,True,-76.15666778867568,43.059261130835374
COURT STREET,477427954,166.74553539577906,A31,True,-76.14631881899258,43.07840010418951
SOUTH BEECH STREET,477438263,166.88971600128843,A41,True,-76.11949828974998,43.04021190813635
VALLEY DRIVE,477444170,166.9765187567954,A31,True,-76.15850930992318,43.01330086892845
CRESTVIEW TERRACE,800049098,167.19680441682226,A41,True,-76.19489502387572,43.04858117561148
WINDING RIDGE ROAD,477443915,167.23246975297846,A41,True,-76.12061863035133,43.015015364591115
LENNOX AVENUE,513530286,167.26580580444252,A40,True,-76.115362586068,43.035658582760824
SOUTH BEECH STREET,477437558,167.2890530110255,A41,True,-76.12215125041868,43.04259765023238
SOUTH LOWELL AVENUE,800051049,167.3540186873007,A45,True,-76.18010260749527,43.045714437750036
HIAWATHA BOULEVARD EAST,800036183,167.49480557005543,A31,True,-76.15971553623557,43.079890544600566
HARRISON STREET,477436995,167.56892754974004,A41,True,-76.1324747436936,43.04416311758723
RICHMOND AVENUE,800032518,167.66023782072347,A41,True,-76.16652357842699,43.05001266276758
SOLAR STREET,800037282,167.67907303897135,A41,True,-76.16871673965814,43.065808834200666
REINMAN ROAD,800048764,167.7133523365267,A41,False,-76.17517473897564,43.01780500205161
WALLACE STREET,509997856,167.79552271120826,A30,True,-76.15589795621351,43.05337739977024
TEALL AVENUE,477429244,167.8674108022184,A31,True,-76.12312181995598,43.071981592354085
ONONDAGA AVENUE,477440370,167.87232286417813,A40,True,-76.165015840352,43.03333309564509
WEST BEARD AVENUE,477442331,168.01981473125943,A41,True,-76.15336153674517,43.02510424458312
SOUTH GEDDES STREET,477437896,168.0772689996004,A31,True,-76.17173080346747,43.0416951389256
HAYES TERRACE,477447341,168.07758769637124,A41,True,-76.13726725595211,42.98503106613298
EUCLID AVENUE,477439290,168.18557915006963,A31,True,-76.11657626061792,43.03692812341857
SEELEY ROAD,477435830,168.2080436314955,A31,True,-76.10364976493545,43.0483581476019
NORTH STATE STREET,477430920,168.26748668405114,A41,True,-76.15762883865663,43.06402511788586
LENNOX AVENUE,513530282,168.3105893456399,A40,True,-76.11537728682248,43.035826785855264
CONSERVATION PLACE,800066152,168.34687490594732,A41,True,-76.18034760592165,43.04403932626171
BASSETT STREET,800032784,168.4507091274214,A41,True,-76.122462350545,43.04570648146392
EDGEWOOD DRIVE,800054583,168.6225127086375,A41,True,-76.13739682265683,42.98847119449259
BELLEVUE AVENUE,477440453,168.86168837355532,A41,True,-76.17240583191604,43.03294559189352
SOUTH TOWNSEND STREET,509997467,169.14821236600181,A41,True,-76.1456018137452,43.04883962428
GRANT BOULEVARD,477429188,169.30169305026462,A31,True,-76.14153078096822,43.07216110084129
AUDUBON PARKWAY,800088614,169.78067088244978,A45,True,-76.09506528852368,43.05256699889302
BROAD STREET,600035974,169.79906439407821,A41,True,-76.12412421535814,43.030139737263795
WESTCOTT STREET,477437881,169.82457044252197,A41,True,-76.1193672918981,43.04174212052874
DANFORTH STREET,477430578,169.90492339439152,A41,True,-76.15837932820187,43.065354609845535
SOUTH AVENUE,477443748,169.9637567606549,A31,True,-76.16319981966961,43.01630159530157
CALEB AVENUE,477431680,170.0158034811187,A41,True,-76.10223426165349,43.060543115322886
SEDGWICK DRIVE,477431144,170.22286979851341,A45,True,-76.12947679103988,43.06317608145977
PARK STREET,800030836,170.37370778071883,A31,True,-76.1705412256091,43.07433503707003
KELLOGG STREET,477438158,170.5840375577381,A41,True,-76.16153581237796,43.040643118139386
CLYDE AVENUE,477443310,170.63809713244478,A41,True,-76.16188751422915,43.01951388050067
VALLEY DRIVE,800049155,171.22934577305,A31,True,-76.15737447135038,43.01115854052914
MARY STREET,477430631,171.2447081563663,A41,True,-76.14888832494485,43.06510712188285
SOUTH FRANKLIN STREET,477436033,171.2617289831871,A41,True,-76.15553329015198,43.047739638183415
GRANT BOULEVARD,477428548,171.27154451398684,A31,True,-76.15654979312629,43.075556120495506
WILLIAMS STREET,477433332,171.42607444014035,A41,True,-76.18665740822685,43.05493637370563
FIRST NORTH STREET,477430033,171.4633326405404,A41,True,-76.14507406017569,43.067808043456296
SOUTH SALINA STREET,477446709,171.49085488931883,A21,True,-76.14386728108063,42.99257407728227
NORTH FRANKLIN STREET,477434370,171.55022321392292,A31,True,-76.1549778185139,43.052181593115826
SOUTH WEST STREET,477437211,171.56067128500354,A40,True,-76.15793420721103,43.04370160304168
STANDISH DRIVE,477440548,171.56200440663937,A41,False,-76.10329843699934,43.03278569937106
PEARL STREET,477433682,171.62876516282685,A41,True,-76.15067632347376,43.054046120687794
TEALL AVENUE,477431134,171.8431128302667,A31,True,-76.12256181874375,43.063265154546876
WEST STREET ARTERIAL NORTHBOUND,477436173,171.94703792982304,A35,True,-76.15874370642103,43.04746223372991
ONONDAGA CREEK BOULEVARD,477443710,172.09164420666406,A41,True,-76.15721971304684,43.01670732760655
FOURTH NORTH STREET,477427867,172.22032877754174,A41,True,-76.1608532613871,43.07885712031696
ALMOND STREET,477436076,172.273192574317,A45,True,-76.14216891852458,43.04763595497799
EAST WATER STREET,477435141,172.63245429873194,A41,True,-76.1424462544488,43.050361616482284
WINDHAM DRIVE,477439597,172.7423948050374,A41,True,-76.09539491543515,43.035994505078705
HAZELHURST AVENUE,477429023,172.93790492256932,A41,True,-76.1130002067649,43.07321614720843
LODI STREET,477432282,173.0250145210399,A31,True,-76.14416782345181,43.05837559939901
HERALD PLACE,509997852,173.17318966264216,A30,True,-76.15588573922183,43.05346051143429
JAMES STREET,477429861,173.24740101759076,A31,True,-76.11168867493765,43.06859905711868
ERIE BOULEVARD WEST,477435165,173.38150824769681,A31,True,-76.15933827828687,43.05034210447792
ROXBURY ROAD,800042649,173.52538190813027,A41,True,-76.09800131983961,43.066478908063196
RESTORATION WAY,800059262,173.63958034460643,A41,False,-76.19390304185265,43.065737015284974
HIAWATHA BOULEVARD WEST,800036186,173.64582640922688,A31,True,-76.1848532200842,43.055757158430026
WEST GENESEE STREET,477434111,173.79539853919155,A21,True,-76.1799142288157,43.052568416896
SALISBURY ROAD,800048969,174.09677533732435,A41,True,-76.20029301661721,43.04177111847615
GLENCOVE ROAD,477430797,174.3380683578005,A40,True,-76.09933108361454,43.06438625802456
TAFT AVENUE,477429121,174.35570614190124,A41,True,-76.11469977768348,43.07267362168384
WHEATON ROAD,477429728,174.4823596701028,A41,True,-76.12632091607497,43.07101239495215
NORTHCLIFFE ROAD,477430137,174.61180529529491,A41,True,-76.0996027626365,43.06722762951207
SEDGWICK DRIVE,477431161,175.09222992430634,A45,True,-76.12959879076872,43.06310513457393
SEDGWICK DRIVE,504326408,175.1314845474735,A45,True,-76.13301411084197,43.06739084335567
RONEY LANE,477443078,175.35836425514054,A41,True,-76.13589678364372,43.02099908227021
GRANT BOULEVARD,477428635,175.54728522732796,A31,True,-76.15499086196579,43.075011678316436
POND STREET,477430675,175.81324317588204,A41,True,-76.15225592166935,43.064918331335996
WEST TAYLOR STREET,477438879,175.86442039752848,A41,True,-76.15573459436384,43.03839523726247
WEST COLVIN STREET,477442568,176.1044140337446,A30,True,-76.15292780251568,43.023695620802314
MICHAELS CIRCLE,477442244,176.26304447010443,A41,True,-76.1367574812807,43.025452115502006
EAST WASHINGTON STREET,477435361,176.5029422830403,A41,True,-76.15111814781758,43.049582278779326
EAST FAYETTE STREET,477435634,176.77898406447036,A41,True,-76.151138573211,43.0486809360375
POND STREET,477429239,176.80741708460144,A41,True,-76.1467446999157,43.07229782054864
WEST NEWELL STREET,477443649,176.83514114150069,A41,True,-76.152935766333,43.01690708317655
SOUTH GEDDES STREET,477438005,176.85204758006034,A31,True,-76.17191084609668,43.041240619019675
JAMES STREET,477429888,176.9084619668875,A31,True,-76.11443628769149,43.0684631281179
ASH STREET,477431771,176.99099785647425,A41,True,-76.15005931806064,43.06020711130255
ONONDAGA BOULEVARD,477440300,177.05139365903887,A31,True,-76.18772441884289,43.033468353297856
SPENCER STREET,477432063,177.06460371589873,A41,True,-76.18031517438199,43.059012980479515
BURNET AVENUE,477432471,177.13872949969544,A41,True,-76.10751711104275,43.05776561280012
DEMONG DRIVE,477436808,177.14643442238565,A41,True,-76.08953903748932,43.04473118836739
DAKOTA STREET,477440513,177.24058773741012,A41,True,-76.11331326779272,43.03270459601668
RICHMOND AVENUE,800032528,177.33080802649178,A41,True,-76.16809956123699,43.050055919327484
COURT STREET,477427987,177.52571087259162,A31,True,-76.14683381693179,43.078116108567485
BUTTERNUT STREET,477432104,177.83890186872728,A41,True,-76.14907786370233,43.05898069238468
KING STREET,800047546,177.9161871617974,A41,True,-76.15312873108705,43.03797205089343
COURT STREET,477427903,177.9505984296425,A31,True,-76.1458033343199,43.07868459752165
HERKIMER STREET,477741262,177.97915038445674,A41,True,-76.1930003501429,43.05299721377547
HIAWATHA BOULEVARD EAST,800036177,178.03517925952514,A31,False,-76.15775122296608,43.08254474386518
JAMES STREET,477429872,178.06383384539896,A31,True,-76.1130637845392,43.06853263257059
SOUTH MIDLER AVENUE,477432788,178.10443371439345,A31,True,-76.10402279303545,43.05678159782854
ALBERT TERRACE,477440070,178.12944114158068,A41,True,-76.14672477578502,43.0342200868886
LOOMIS AVENUE,477444875,178.13901997976993,A41,True,-76.15384327987478,43.00830857227965
TYSON PLACE,477429486,178.1605757250079,A41,True,-76.11100524339658,43.07057666166627
EAST ADAMS STREET,477437366,178.30079185765004,A31,True,-76.15120886980286,43.042778222170405
BUTTERNUT STREET,477428593,178.3389634712399,A41,True,-76.1426187946583,43.07541666149992
BARNES AVENUE,477444346,178.4289305249358,A41,True,-76.16055391266299,43.012217261826144
LEMOYNE AVENUE,800040445,178.4647436702938,A41,True,-76.1502905171023,43.082196591815695
BOYDEN STREET,477431611,178.4966773864217,A41,True,-76.12455005127065,43.06087501254788
SOUTH MIDLER AVENUE,477432356,178.59061972465724,A31,True,-76.10416028601487,43.058271120017075
WEST GENESEE STREET,477434080,178.88602524987292,A21,True,-76.17927677091433,43.05269358559842
GREEN STREET PLACE,477433120,179.05287088587545,A41,True,-76.13641079504619,43.05575764890952
EAST GLEN AVENUE,511163835,179.07715754931235,A41,True,-76.13700979320552,43.00916504624373
RICH STREET,477439340,179.12548143809312,A41,True,-76.16197709175778,43.03689981940778
WYOMING STREET,477436833,179.36939524450023,A41,True,-76.15928633466176,43.04475766394147
WHEATON ROAD,477429259,179.46854126071582,A41,True,-76.12637526189546,43.07187860927459
BOYDEN STREET,477431604,179.5350584328314,A41,True,-76.12388277131062,43.060908624655134
EAST BRIGHTON AVENUE,477444951,179.53987943477196,A31,True,-76.13163520238002,43.00788985983463
CATAWBA STREET,477431352,179.617122473643,A41,True,-76.15314879096874,43.0621401608313
SIDMAN AVENUE,477432298,179.94404698723915,A41,True,-76.19759881553077,43.058261637617136
WHITTIER AVENUE,477437462,179.9941796388878,A41,True,-76.18912755546268,43.04266495210349
WESTCOTT STREET,477438262,180.01976414859715,A41,True,-76.1192457920533,43.04039712048111
EAST JEFFERSON STREET,477436210,180.12516348371156,A41,True,-76.15117128944219,43.047046962298715
RADCLIFFE ROAD,477437046,180.13025462264116,A41,False,-76.0824091029972,43.0440410586262
ERIE BOULEVARD EAST,800048345,180.21699231106402,A25,True,-76.08657389420641,43.05555454588262
PALMER LANE,477444372,180.23134144224798,A41,True,-76.1608931722478,43.01187753911776
ASH STREET,477431821,180.3348182016513,A41,True,-76.15063578452104,43.05995863479281
MIDLAND AVENUE,477440333,180.34762318956857,A41,True,-76.15540484548904,43.033468695033854
BROOKLEA DRIVE,477446593,180.47972667391846,A41,True,-76.14989128147425,42.993631632261696
VALLEY DRIVE,477443470,180.54181511102217,A31,True,-76.16115278895701,43.01826609918108
WEST ONONDAGA STREET,477439951,181.03370118379334,A31,True,-76.1660337924033,43.03479362434188
LENNOX AVENUE,513530285,181.03392758984498,A41,True,-76.11601278475987,43.03563608381774
WEST FAYETTE STREET,477436349,181.2863374754779,A41,True,-76.17510513688724,43.046702032995974
BROOKSIDE DRIVE,477447397,181.3204781591603,A41,False,-76.14956950474402,42.98448232014991
EAST TAYLOR STREET,477438420,181.43741837223848,A41,True,-76.14174724801909,43.03953404156364
IDA AVENUE,477447391,181.4868496783699,A41,False,-76.1468033699474,42.98457755773723
ARNETT AVENUE,477429577,181.66346651446872,A41,True,-76.1116540494647,43.06995390678177
DAYBREAK LANE,477442855,181.70427537644676,A41,True,-76.12817277793648,43.02221636160235
NORTH TOWNSEND STREET,509997547,181.8341973648093,A41,True,-76.14554957135472,43.05204049792974
DESTINY USA DRIVE,477430093,181.96747598541126,A41,True,-76.1699023853294,43.068533935498444
WASHINGTON SQUARE,477429555,182.01651687717083,A40,True,-76.16195972528023,43.070346173859186
TEALL AVENUE,477432845,182.0251604359066,A31,True,-76.12208830552586,43.05659813015769
TEALL AVENUE,477429173,182.35913190453675,A31,True,-76.12315881481001,43.07246141324823
AUDUBON PARKWAY,477435587,182.38583026716765,A45,True,-76.0949389735971,43.04907100525757
GRANT BOULEVARD,477429227,182.43115533434846,A31,True,-76.12284878861061,43.07208008341257
WEST GENESEE STREET,477433972,182.53874563434323,A21,True,-76.15787611396031,43.05317023942363
GIFFORD STREET,477437226,182.66259769313223,A41,True,-76.15853426742235,43.04344309211625
DILLAYE AVENUE,477432763,182.92807023375624,A41,True,-76.11694475026077,43.056880102778244
SEWARD STREET,477431619,183.0468213664922,A41,True,-76.14252976082243,43.0610225241356
CALEB AVENUE,477431710,183.10774292682038,A41,True,-76.10286773882278,43.06040513515942
GRANT BOULEVARD,477429485,183.28912928017257,A31,True,-76.11976726669427,43.07069764373206
BUTTERNUT STREET,477432169,183.4643565106523,A41,True,-76.14966127774673,43.058730125008054
SOUTH AVENUE,477441797,183.46568826818697,A31,True,-76.1581648099046,43.02777878493355
SPRINGBROOK AVENUE,477445038,183.46947978432772,A41,True,-76.13886272011028,43.00742806746139
EAST LAUREL STREET,477432935,183.59186027822926,A41,True,-76.1517773330499,43.05620062711958
LEAVENWORTH AVENUE,477433354,183.69983319955972,A41,True,-76.16299874698191,43.05502964016447
DODGE DRIVE,477442531,183.75762717888884,A41,True,-76.12017910124484,43.02395987342376
BALLANTYNE ROAD,477444531,183.83004681902742,A41,True,-76.14482728099287,43.010590609660866
ROBINSON STREET,800034330,183.8508399923121,A41,True,-76.12010468451605,43.05848605942627
SCOTT AVENUE,477437733,183.90420838889554,A41,True,-76.10953532921307,43.04201810632397
WASHINGTON SQUARE,477429467,184.09619365388164,A40,True,-76.16331029828466,43.07086535236049
VELASKO ROAD,477442283,184.17962993880795,A31,False,-76.18528301248207,43.025618828449225
WINDEMERE ROAD,477446774,184.1920230780652,A41,True,-76.13698878352312,42.99180862484158
EAST GLEN AVENUE,477445296,184.1962968485467,A41,True,-76.13991581898826,43.005533603984496
CLARENCE AVENUE,477445478,184.50103043721674,A41,True,-76.1400477747359,43.004359123498276
SOUTH SALINA STREET,477445706,184.59814823964516,A21,True,-76.14285927458907,43.00276259792171
MARIS DRIVE,477446009,184.7623552702408,A41,True,-76.15710926267934,42.99986510372391
SOUTH WEST STREET,477437676,184.8042778415888,A40,True,-76.15762144092493,43.04232482118833
MONTICELLO DRIVE SOUTH,477446020,184.85427160602865,A41,True,-76.13869587806911,43.0000600419162
WEST NEWELL STREET,477443660,184.97824196208464,A41,True,-76.15385677173396,43.01681211860905
NORTON AVENUE,477429248,185.10686195396337,A41,True,-76.11178125530405,43.07173160730165
GRANT TERRACE,800034320,185.2163290701401,A41,True,-76.12114011558405,43.072749038901605
EAST DIVISION STREET,477431788,185.22044599805227,A41,True,-76.15406326563652,43.06012258524686
WEST SENECA TURNPIKE,477445803,185.235816466393,A31,True,-76.14984680638624,43.00162110476155
BEACON ROAD,477428929,185.29313681512588,A41,True,-76.11196424125441,43.073520085544494
CRESCENT AVENUE,477441556,185.3109353160537,A41,True,-76.15955428195987,43.02853909648497
EDGEWOOD DRIVE,477447041,185.7371087709305,A41,True,-76.13732102501449,42.98895383193184
GREENWAY AVENUE,477433445,185.7607811555589,A41,True,-76.11935150218478,43.05471849012442
EAST DIVISION STREET,477431627,185.815805588166,A41,True,-76.15217877849206,43.06091360862963
EAST DIVISION STREET,477430243,185.9735550431121,A41,True,-76.14631875911749,43.06704087042846
FABIUS STREET,477436991,186.15726781098488,A41,True,-76.16033379000665,43.04424412443229
BUCKINGHAM AVENUE,477440624,186.3394706076485,A41,True,-76.12136833637867,43.03246912606425
ONONDAGA AVENUE,477441339,186.44206707951918,A41,True,-76.16421733407469,43.02968013052163
SCOTTHOLM TERRACE,477437349,186.47938564634129,A41,True,-76.11195142421681,43.0431437725752
DANFORTH STREET,477430677,186.48723012237215,A41,True,-76.1586862978653,43.06492061910313
ERIE BOULEVARD EAST,477434981,186.51879300711175,A25,True,-76.14439629077616,43.05076213254906
MILFORD DRIVE WEST,800042641,186.5809818391905,A41,True,-76.0980137468478,43.066551759891865
MOUNT OLYMPUS DRIVE,600016006,186.63868798242385,A41,True,-76.13189594765444,43.0338718318351
EAST NEWELL STREET,477443465,186.64104146070542,A41,True,-76.14138798737352,43.01807407723446
TEALL AVENUE,477429127,186.7510125147763,A40,True,-76.1233240676522,43.072505824978805
GLENWOOD AVENUE,800040796,186.831922607733,A31,True,-76.17211716918739,43.01954775458711
SUNNYCREST ROAD,800034491,186.8925849771094,A41,True,-76.10976973398031,43.0616483207223
DESTINY USA DRIVE,477454199,186.9107908442405,A41,True,-76.1708381789815,43.06746181117014
LEMOYNE AVENUE,477427604,186.93238564814703,A41,True,-76.15337079894877,43.08020211038756
SOUTH WEST STREET,477435936,186.93696469421607,A35,True,-76.1588111321894,43.0480041368545
SOUTH SALINA STREET,477445041,187.00068059295162,A21,True,-76.14285289823256,43.00776042570386
CHAMPLIN DRIVE,477431766,187.1475453701819,A41,True,-76.10182857238499,43.060363796400175
PARKWAY DRIVE,477442478,187.619218606184,A41,True,-76.16439428354333,43.024197621484085
COUGHLIN AVENUE,477428870,187.6845601557171,A41,True,-76.10277582202488,43.07380513370821
SUNNYCREST ROAD,477431466,187.74697701101167,A41,True,-76.1138205598058,43.06146354342196
STRATHMORE ROAD,477443262,187.77873490976788,A41,True,-76.17369942724503,43.01961741633112
SOUTH STATE STREET,477436222,187.81447347174,A21,True,-76.14748632197667,43.04726430137086
GLENWOOD AVENUE,477443287,188.32561908321577,A31,True,-76.172814296885,43.01948976574309
SEELEY ROAD,477435560,188.38512655999102,A31,True,-76.10372326685612,43.04918760050766
BROAD STREET,477441056,188.83752148427703,A41,True,-76.11315278917485,43.03067158525514
PARK STREET,508421556,188.84415023469003,A31,True,-76.16632063780337,43.07180736791572
MONROE STREET,477437824,189.06528102292936,A41,True,-76.14054165594658,43.0416069227077
COURT STREET,477428058,189.14210296136704,A31,True,-76.14738230766866,43.077813630086226
NORTON AVENUE,477429253,189.1887283276299,A41,True,-76.1124802789382,43.07169811390961
BURNET AVENUE,477432894,189.57724280621036,A41,True,-76.11337938636048,43.056623804762175
MOREY AVENUE,477444698,189.67688251263806,A41,True,-76.14999528596559,43.00943262627397
DORCHESTER AVENUE,477430050,189.79970925559053,A41,True,-76.12540187524074,43.06788980227998
GLENWOOD AVENUE,800038093,189.99265894288382,A31,True,-76.17427814812096,43.019434298422226
JAMES STREET,477429880,190.05337500781832,A31,True,-76.11375129668035,43.068499648699756
LEAVENWORTH AVENUE,477433146,190.2286599056213,A41,True,-76.16283917824221,43.0556321428268
EAST COLVIN STREET,477442866,190.38611635849003,A31,True,-76.11350532899041,43.02232049479772
BUTTERNUT STREET,477454132,190.42802274189836,A31,True,-76.15317456565266,43.057039561092814
SIXTH NORTH STREET,477427623,190.45523034041454,A41,True,-76.15602581543871,43.08006498848827
BOYDEN PLACE,477431594,190.46459167740448,A41,True,-76.12358546904038,43.061181435006176
TEALL AVENUE,477432020,190.48427705633918,A31,True,-76.1222877395848,43.0594196548092
SOUTH WARREN STREET,481561652,190.55629117828292,A40,True,-76.15077513287616,43.0498472755821
BEACON ROAD,477428868,190.7680504885491,A41,True,-76.11352654202469,43.073814615354394
TEALL AVENUE,477429243,190.86430439614617,A40,True,-76.12288010912842,43.07191451392713
VALLEY DRIVE,477444473,190.916926384124,A31,True,-76.15764566185267,43.01166945299797
HARBORSIDE DRIVE,600058802,191.11113882277573,A41,True,-76.17131672891593,43.06708000485845
WEST HIGH TERRACE,477437948,191.18840279007867,A41,False,-76.20097629611956,43.041468786725744
COUGHLIN AVENUE,477428962,191.2146778694006,A41,True,-76.11124727023673,43.073414625034715
COURT STREET,477428688,191.3071390769013,A31,True,-76.15332716315308,43.0749609587819
MILTON AVENUE,800056621,191.37802170526186,A41,True,-76.19190152271855,43.05555635540015
RADISSON COURT,477438363,191.45934953398108,A41,True,-76.1448037857753,43.04005563551062
BELMONT STREET,477437096,191.4869297623661,A41,True,-76.16920049109032,43.043855778532944
WEST STREET ARTERIAL NORTHBOUND,477437677,191.53284021062942,A35,True,-76.15771438750808,43.042314778776145
SUMMIT AVENUE,477440529,191.58441627490734,A40,True,-76.16623726599072,43.032911101206
SLOCUM DRIVE,477442926,191.8270670064379,A41,True,-76.11760055934108,43.02184945424457
VAN RENSSELAER STREET,477435616,192.0282770816322,A41,True,-76.16627173674915,43.04896141545489
HIAWATHA BOULEVARD EAST,508421551,192.07662573716337,A35,True,-76.16627413319276,43.071523192391936
SOUTH AVENUE,477443376,192.1153212547305,A31,True,-76.16084431267787,43.01903059541915
GRANT BOULEVARD,477428673,192.27431193938241,A40,True,-76.15501331711559,43.074916041976806
SOUTH SALINA STREET,509994539,192.3588325006568,A21,True,-76.14131060366934,43.016957871452284
WASHINGTON SQUARE,477429484,192.3686149331966,A40,True,-76.16213245840157,43.07073573563486
BUTTERNUT STREET,477428789,192.45815560672995,A41,True,-76.14253032451934,43.07453912172106
JAMES STREET,477429867,192.49492735140396,A31,True,-76.11237173638574,43.06856610679206
GRANT BOULEVARD,477428664,192.57582124680005,A31,True,-76.15432230778643,43.074889607541415
EAST ADAMS STREET,477437369,192.71136337309233,A31,True,-76.15051483564423,43.04277357874
LODI STREET,477433567,192.8436796856867,A31,True,-76.13666179499043,43.0543286023629
THOMPSON ROAD,477433268,192.88410766931327,A31,False,-76.08299020616933,43.05526364933727
SOUTH WEST STREET,477435608,193.38063905392517,A35,True,-76.1589662713937,43.04899410433882
EAST JEFFERSON STREET,477436205,193.74905529545632,A41,True,-76.15187078996368,43.04704466037049
HAFFENDEN ROAD,477441908,193.80142076518476,A41,True,-76.12317402087304,43.02722727448361
HARRISON STREET,477436928,193.80867447417344,A40,True,-76.15049383480894,43.044307143557674
CARBON STREET,477430424,193.85020130794993,A41,True,-76.14852528717634,43.06614659598158
NORTH LOWELL AVENUE,477433487,193.87542879566925,A41,True,-76.18677026808244,43.05459061192932
VALLEY DRIVE,477444695,194.1650567220678,A31,True,-76.15660479741126,43.00965863325928
VELASKO ROAD,600063423,194.2514739071215,A31,True,-76.18798730586481,43.03502454839803
HEADSON DRIVE,800052327,194.2991831941711,A41,True,-76.08436190712526,43.054845078729656
SYCAMORE TERRACE,477437884,194.50845332828294,A41,False,-76.08150520679408,43.041736674748726
GRANT BOULEVARD,477429148,194.640458126616,A31,True,-76.13753477819073,43.07235663507504
ERIE BOULEVARD EAST,477435320,194.68473790728413,A25,True,-76.12047588370704,43.04983217317553
TOMPKINS STREET,477435872,194.68856473902284,A41,True,-76.1813253105136,43.04816308192266
GREEN STREET,477433078,194.75117741590464,A41,True,-76.13689428001042,43.055816105389745
POND STREET,477429955,194.80853481064196,A41,True,-76.14967580039557,43.06838211504751
NORTH CROUSE AVENUE,477434520,194.9542155474322,A41,True,-76.13643027204093,43.05190512093835
BEACON ROAD,477428948,195.11434750608862,A41,True,-76.11267407968566,43.07347966621893
HIAWATHA BOULEVARD EAST,800036180,195.2938002534449,A31,True,-76.1585769563816,43.08143602168919
NORTHCLIFFE ROAD,477430196,195.39263815130428,A41,True,-76.09959553618891,43.067107025689765
TULLY STREET,477436804,195.43751626221356,A41,True,-76.16237032233313,43.0447449056228
LEPAGE PLACE,477429433,195.4630748295058,A41,False,-76.09970166408544,43.070840724628226
AUDUBON PARKWAY,800088615,195.6560491023302,A45,True,-76.09512619094006,43.05259491257069
WINKWORTH PARKWAY,477442521,195.77465971147643,A41,False,-76.20310633495981,43.024039932534805
GENANT DRIVE,477430775,195.8058061844019,A30,True,-76.16075081906,43.06450719027935
ERIE BOULEVARD WEST,477431878,195.8733062479863,A31,True,-76.19701049009662,43.059795481776334
MALTBIE STREET,477432602,195.9089278605939,A41,True,-76.16318720380191,43.057504387650546
SOUTH AVERY AVENUE,477436979,195.9505941075269,A41,True,-76.18944075271791,43.04445513322274
NORTH MCBRIDE STREET,477434482,196.04451084767678,A41,True,-76.1438232904887,43.05199660993984
LUDDINGTON STREET,477431421,196.1719479263925,A41,True,-76.09713484782854,43.06198227283473
EAST DIVISION STREET,477431672,196.26222754888946,A41,True,-76.15279928939565,43.06065310631976
WEST STREET ARTERIAL NORTHBOUND,477435371,196.45856918577203,A35,True,-76.15882243519937,43.049793846033175
EUCLID AVENUE,477439011,196.58619825548865,A41,True,-76.0967038057598,43.03821261345353
SEDGWICK DRIVE,477431333,196.59308620670447,A45,True,-76.12887033865942,43.06231210549617
VAN BUREN STREET,477439126,196.63642771709007,A41,True,-76.1417967367683,43.03764277284149
RIDGEWOOD DRIVE,477430064,196.6714769745424,A41,True,-76.09406278956969,43.06779244340622
ESSEX STREET,477432784,196.72718945868294,A41,True,-76.19310428822803,43.056671640008396
CATAWBA STREET,477431462,196.80398917819815,A41,True,-76.15441031411021,43.06161164169848
HILLSBORO PLACE,477438038,196.92670138087087,A41,True,-76.08599995778901,43.04117873684058
HILLVIEW AVENUE,504325490,196.9565845693683,A41,True,-76.16034576372735,43.020612186796065
BELLEVUE AVENUE,477440543,196.97809512036721,A41,True,-76.18212927383432,43.03260013077114
PLUM STREET,477435233,197.07945252937418,A41,True,-76.16052960279497,43.05033893324939
EAST CATHROP AVENUE,509994538,197.31617394260823,A35,True,-76.1408702959561,43.016701123902564
HARVARD PLACE,477437757,197.42574427184084,A41,True,-76.11509147662525,43.04170739190674
ERIE BOULEVARD EAST,477434919,197.7395726431743,A25,True,-76.1445752747078,43.05085911249732
SOUTH TOWNSEND STREET,509997655,197.93239947391572,A45,True,-76.14566653842033,43.0477791605789
WASHINGTON SQUARE,477429416,198.05764564558743,A40,True,-76.16277176987582,43.07099135195602
GREENWOOD PLACE,477437652,198.06320882480202,A41,True,-76.12372641954954,43.04234354058352
BERKSHIRE AVENUE,477428473,198.07151798014777,A41,True,-76.13847477171906,43.07572873930385
DEWITT STREET,477431383,198.08426935183635,A41,True,-76.13257229368533,43.06209808326298
FITCH STREET,477439023,198.27048062732885,A41,True,-76.17519718097623,43.037915378659484
SPAULDING AVENUE,800038791,198.28211486604164,A41,True,-76.1465587230512,42.98698345042136
EAST DIVISION STREET,477431738,198.38380551879735,A41,True,-76.15344026701256,43.06038410983238
SOUTH STATE STREET,477435901,198.4099998076464,A21,True,-76.1474310491206,43.048354483021676
EAST FAYETTE STREET,477435808,198.45492949433265,A41,True,-76.11332504731129,43.04819776519329
VINE STREET,477434093,198.64847956635103,A41,True,-76.1255367994763,43.053004091333946
ROBINSON STREET,477432319,198.72748270713254,A41,True,-76.1247992686345,43.05813149740415
AUDUBON PARKWAY,477434136,198.7418565987665,A45,True,-76.09521886008612,43.052108518293046
GRAND AVENUE,477438748,198.7433803371895,A31,True,-76.17900881870517,43.038708605645525
THOMPSON ROAD,477431959,198.76637133404276,A35,True,-76.08484084064266,43.06030188613183
CATAWBA STREET,477431501,198.9332958933528,A41,True,-76.15505205027601,43.06134094219696
TALLMAN STREET,800030634,198.98292284293333,A41,True,-76.15250005495193,43.036415190758234
WEST GENESEE STREET,477434320,199.0160113123641,A21,True,-76.18312202824832,43.052087137339576
GERE AVENUE,800047553,199.08080616302453,A41,True,-76.197729779942,43.05789494315918
HERALD PLACE,509997851,199.1084731294276,A30,True,-76.15521367642499,43.05336221205662
WILLUMAE DRIVE,477427871,199.26445996347408,A40,True,-76.1569149840531,43.07883520618375
SEDGWICK DRIVE,477431314,199.2948097315239,A45,True,-76.12873828539536,43.06238058451619
EAST COLVIN STREET,477442796,199.39614212735663,A31,False,-76.11061480414398,43.02246060520551
CLARENDON STREET,477438830,199.4646481948471,A41,True,-76.1208237630086,43.03849213084011
STATE FAIR BOULEVARD,477433764,199.53314555052233,A41,True,-76.18105538019049,43.05375720515689
EVANS STREET,477433365,199.59746760305623,A41,True,-76.15547019597346,43.05502488936568
POND STREET,477430555,199.70571781253065,A41,True,-76.1516992835392,43.065667841139856
BELLEVUE AVENUE,477440269,199.70790772603021,A41,True,-76.15726028971342,43.03355558773554
LEMOYNE AVENUE,477428108,199.9015439422906,A41,True,-76.15733129269736,43.07772712094845
CATAWBA STREET,477431416,199.97772793772498,A41,True,-76.15376629573227,43.061882655281366
OSWEGO STREET,477437108,200.1284207088972,A41,True,-76.16424976680362,43.04399759685893
EAST FAYETTE STREET,477435628,200.19290071871802,A41,True,-76.15184377923485,43.04868984149506
SOUTH AVENUE,477441677,200.22477857473265,A31,True,-76.15798238289348,43.02828792764122
EAST CATHROP AVENUE,509994531,200.26327147710325,A35,True,-76.14084975823279,43.01661258487834
NORTHWAY STREET,477434060,200.31529686915488,A41,True,-76.09444100744686,43.05272604592115
EAST SENECA TURNPIKE,477445928,200.45914368158736,A31,True,-76.14003478121842,43.000438628020426
ROBINCROFT ROAD,477432388,200.46579285363893,A41,True,-76.12913728452624,43.058214639186
DEWITT STREET,477431278,200.88023601160336,A41,True,-76.13298218880688,43.06255562821434
GRANT BOULEVARD,477429430,201.4391931107668,A31,True,-76.12038030161874,43.07097462067428
JERICHO DRIVE,477442772,201.45718254295917,A41,True,-76.1379194683618,43.0228712030904
VAN BUREN STREET,477439124,201.48831856048173,A41,True,-76.1411102693139,43.03753459322366
LEAVENWORTH AVENUE,477435430,201.5389213326211,A41,True,-76.16321350305518,43.049700113163105
WEST GENESEE STREET,477434083,201.74819426891335,A21,True,-76.15700116263932,43.05280248916054
MARCELLUS STREET,800032569,201.9648166356639,A41,True,-76.16886052465473,43.04526646876225
EUCLID AVENUE,477439491,202.05512197968855,A31,True,-76.12855380509468,43.03634412759937
FABIUS STREET,477437085,202.0744337505061,A41,True,-76.16197299418211,43.04386472036313
WEST GENESEE STREET,477434142,202.1374625408386,A21,True,-76.1874512847692,43.052436401793436
SOUTH CLINTON STREET,800067162,202.345085335553,A40,True,-76.15125353252552,43.03798874344982
BELLEVUE AVENUE,477440441,202.36061903643235,A41,True,-76.17026631309595,43.0330276443323
EAST WASHINGTON STREET,477435354,202.38174661183754,A41,True,-76.1518268150832,43.04958777014089
GRAY AVENUE,800079180,202.61677242918134,A41,True,-76.12333980129034,43.06941699311805
GENESEE PARK DRIVE,477436876,202.64753367477155,A41,True,-76.10860433537607,43.04453603930785
CHURCHILL AVENUE,477444700,202.7604691195828,A41,True,-76.13981912388599,43.00960339354914
COLDBROOK DRIVE,477446323,202.76085138606516,A41,True,-76.14030726487213,42.996431089873816
ACKERMAN AVENUE,477438896,203.12048136246707,A41,True,-76.12457272263542,43.03851918605797
BELLEVUE AVENUE,477440262,203.15841279570094,A41,True,-76.1560412938749,43.03360812054076
LIGHT COURT,477437959,203.18076783974087,A41,True,-76.14178062311093,43.04137685325303
EAST GLEN AVENUE,477445282,203.19460636432905,A41,True,-76.13831677426397,43.00560962824029
GRANT BOULEVARD,800048393,203.35431663210124,A31,True,-76.1331874837909,43.07256829200327
WARNER COURT,477432341,203.37400599546018,A41,True,-76.19925733568361,43.05820964354013
GLENWOOD AVENUE,477443295,203.4156489283585,A31,True,-76.17354377690953,43.019441634520796
SOUTH SALINA STREET,477446655,203.4733665830661,A21,True,-76.1437987594679,42.99308610977553
SOUTH STATE STREET,477437632,203.68935588471604,A21,True,-76.14754730815154,43.04246812386893
BERGER AVENUE,477444150,203.707693365496,A41,True,-76.15410279130187,43.01347209248079
BARKER AVENUE,477435172,203.77618616549637,A41,True,-76.16200617589726,43.050541159404915
SOUTH TOWNSEND STREET,509997457,203.9593337469952,A41,True,-76.14562477155279,43.04832791666924
GLASS TERRACE,477441567,204.04419461541372,A41,True,-76.1417818090127,43.02851613671544
PEAT STREET,477433553,204.134686638061,A41,True,-76.11557276722897,43.05450512074944
WILL AVENUE,477440785,204.15932640583551,A41,True,-76.17239130895146,43.031748501957836
ELK STREET,477442304,204.2316738125665,A41,True,-76.14077156135819,43.025137905917326
OTISCO STREET,477436558,204.23239745653242,A41,True,-76.16278025070817,43.04570113588616
SALT SPRINGS ROAD,477436438,204.26349186512172,A31,True,-76.10383730891544,43.04620461744299
SOUTH STATE STREET,800048949,204.82355513624262,A21,True,-76.14750613028053,43.045743793266105
SOUTH STATE STREET,477436013,204.83446251472,A21,True,-76.14747359176172,43.04780275409881
FORDHAM ROAD,800079181,204.95930607473736,A41,True,-76.12346439446594,43.071351864629605
ERIE BOULEVARD EAST,477741171,204.96831366796283,A25,True,-76.1434717532339,43.05076114077384
MCALLISTER AVENUE,477442806,205.00980708748457,A41,True,-76.14130981568655,43.022432119200616
WEST FAYETTE STREET,477435688,205.25301016335303,A41,True,-76.15927958441137,43.04864765089958
TRAFFIC CIRCLE,600035935,205.28335794680441,A62,True,-76.12762954623197,43.02491518487348
RIDGEWOOD DRIVE,477430179,205.4760517580795,A41,True,-76.09433200095764,43.06730107669549
KIRKPATRICK STREET,477428835,205.56335470159425,A41,True,-76.14915242627946,43.074913158476555
JANET DRIVE,477440484,205.65091287309804,A41,False,-76.10765646371127,43.03302101696153
JAMES STREET,477429732,205.7106028997354,A31,True,-76.09689795156895,43.069301760938565
GRAND AVENUE,477438123,205.77760231003052,A35,True,-76.172309593315,43.04074509061961
SLOCUM DRIVE,477443351,205.8669414543857,A41,True,-76.11577915271518,43.019137063860285
SEDGWICK DRIVE,504326411,206.33544868897832,A45,True,-76.13285980332851,43.06739063996371
NICHOLS AVENUE,477432287,206.48307538355064,A41,True,-76.10304878115265,43.05849210401147
FRISBIE COURT,477437984,206.60891687178093,A41,True,-76.14097639969893,43.04133947287313
FARMERS MARKET WAY,800030864,206.69088336684376,A41,True,-76.16800084419889,43.0731731172294
OSWEGO STREET,477437299,206.73897030714198,A41,True,-76.16408521663388,43.04345642060989
SOUTH MIDLER AVENUE,477433102,206.79381457783367,A31,True,-76.10393624613755,43.0558966220874
CADWELL STREET,477438763,207.0974430408767,A41,True,-76.17565980500659,43.0388820974799
SOUTH SALINA STREET,477444786,207.1405206616025,A21,True,-76.14242528010251,43.00946913724572
GENESEE PARK DRIVE,477436798,207.16620462460781,A41,True,-76.1085506362176,43.04468353832608
NORTH GEDDES STREET,477433302,207.17066534271584,A31,True,-76.17047126278835,43.055179606320564
SEELEY ROAD,477435316,207.37882971509168,A31,True,-76.10379376481977,43.05002059359161
MONROE STREET,477437818,207.41857185747872,A41,True,-76.14128233466687,43.041619749009996
MANLEY FIELD HOUSE,600035933,207.4581603863372,A41,True,-76.12837166495949,43.024917697655994
WENTE TERRACE,800039476,207.50572432819303,A41,True,-76.1576012372338,43.01082910644064
FOBES AVENUE,477429574,207.5196456521775,A41,True,-76.11131419465977,43.070279681043395
THAYER STREET,477443834,207.7498729323583,A41,True,-76.12816233525174,43.015477730859736
CARBON STREET,477430871,207.75790370662136,A41,True,-76.14369037791037,43.06418502830056
NBT BANK PARKWAY,477428297,207.7865935716839,A41,True,-76.16476681469669,43.07677460068403
ERIE BOULEVARD EAST,477434431,207.80262086884716,A25,True,-76.11308964496331,43.05194712568289
NEW STREET,477438126,207.81697786251905,A41,True,-76.14927175217396,43.04057858474948
SOUTH GEDDES STREET,477440607,207.94969632635573,A31,True,-76.1753109829149,43.03256890158936
GAGE COURT,477438416,207.95310881510912,A41,True,-76.14144594785866,43.039830714356704
HIAWATHA BOULEVARD WEST,477432059,208.0358168480181,A31,True,-76.18038386286308,43.059243119718424
AUDUBON PARKWAY,477435591,208.42253512309787,A45,True,-76.09509633283908,43.0490841277596
HANCOCK DRIVE,800041435,208.56058334749514,A41,True,-76.17960940581347,43.029627994357234
ROSEWOOD STREET,477432015,208.58522817893422,A41,True,-76.14333822093081,43.059336234847336
AUDUBON PARKWAY,477434121,208.60025065631288,A45,True,-76.09535401389094,43.05211354240969
EAST COLVIN STREET,477442129,208.64236684834387,A41,True,-76.14093910283628,43.02613721685141
TALLMAN STREET,477439457,208.74701398393464,A41,True,-76.15106081371131,43.03639513868115
WADSWORTH STREET,800040450,208.8519463746902,A41,True,-76.14752521227904,43.08343597681624
OTISCO STREET,481561675,209.33399181175807,A41,True,-76.16037233279769,43.046285592669086
DANFORTH STREET,477430514,209.60800784350977,A41,True,-76.15803381709829,43.065809610803036
JAMES STREET,477434715,209.70391905156512,A21,True,-76.15041647291216,43.05142941972225
SOUTH AVERY AVENUE,477439143,209.76716106497025,A41,True,-76.18806728994453,43.037508212110026
BURNET AVENUE,477431601,209.81313375261328,A41,True,-76.09299173102244,43.06094212443558
SYCAMORE TERRACE,477437954,209.84648253772048,A41,True,-76.0821192117885,43.041412915919445
GREEN STREET,477432985,210.01927197701013,A41,True,-76.13626582280371,43.05612612736539
BRADLEY STREET,477439868,210.0665186550889,A41,True,-76.17228180753612,43.0352581064978
WHITTIER AVENUE,477437422,210.3681411751322,A41,True,-76.18843736919492,43.042819386589144
GIFFORD STREET,477437322,210.5128683879217,A41,True,-76.16722018932217,43.043029508280426
HIGHRIDGE PLACE,477441958,210.62859027761957,A41,True,-76.20003629576954,43.02693160311184
STRATHMORE DRIVE,477442709,210.6717065995983,A45,True,-76.1691886671775,43.02299036128133
OSTROM AVENUE,800048670,210.741888516668,A41,True,-76.1284298647396,43.039067160709294
MEADOWBROOK DRIVE,477439410,210.8037960738096,A35,True,-76.1100587786655,43.0367320996374
BASSETT STREET,477436602,210.94313258543434,A41,True,-76.12249638812295,43.04622649575701
WEST FAYETTE STREET,477435607,210.9489205567558,A41,True,-76.15851989770506,43.04874027453081
MILES AVENUE,477440685,210.9512658864464,A41,True,-76.11608029875262,43.032304614010556
ONTARIO STREET,477437323,210.99736770071024,A41,True,-76.16764606394281,43.04330004185159
BUCKINGHAM AVENUE,477440618,211.21907899388847,A41,True,-76.12119230934786,43.03247053047899
POND STREET,477430183,211.31223402508826,A41,True,-76.15049129202384,43.067270147854664
PLYMOUTH DRIVE,477430334,211.74677034775002,A41,True,-76.09988329013589,43.066678607785164
SOUTH SALINA STREET,477446333,211.93592372645605,A21,True,-76.1433432951937,42.99630912822139
WEST FAYETTE STREET,477433262,211.97090156928354,A41,True,-76.18657776061296,43.055306362782986
ALTON STREET,477442603,212.10715741689097,A41,True,-76.19484109762456,43.02348149596322
WEST ONONDAGA STREET,509997008,212.1200834180546,A31,True,-76.1549619288846,43.04238143466283
HIAWATHA BOULEVARD WEST,800037599,212.4844951247916,A35,True,-76.17026876353266,43.06714695049081
WEST FAYETTE STREET,477433113,212.57247596244736,A41,True,-76.1866870788545,43.05584234664988
MASSENA STREET,477438244,212.60928913544464,A41,True,-76.1674213016211,43.04053761679582
NORTHCLIFFE ROAD,477430088,212.72471771516518,A41,True,-76.09465062042364,43.06748516077118
WESTCOTT STREET,477435766,212.74592144090127,A41,True,-76.11997843965219,43.04857336499788
GLENWOOD AVENUE,477443268,212.9134678189532,A31,True,-76.17094802936451,43.01962857506568
LANCASTER AVENUE,800040265,213.31245222876117,A41,True,-76.12217939441048,43.028834353928794
VELASKO ROAD,477441610,213.34466090821067,A31,True,-76.18549315533906,43.02858589422562
SOUTH GEDDES STREET,477439350,213.40573919744403,A31,True,-76.1735883328085,43.03696712751501
CORTLAND AVENUE,800030649,213.4825422619028,A31,True,-76.15180790634442,43.034290882323454
IRVING AVENUE,600063811,213.61190313124573,A41,True,-76.13785247984873,43.04239346360646
CALEB AVENUE,477431294,213.84002658610595,A41,True,-76.09434049859485,43.06235433193311
LATTER DRIVE,477446800,214.0402854190943,A41,True,-76.13869525886587,42.991836155410084
GERE AVENUE,477432331,214.32570367835459,A41,True,-76.19838829175234,43.05822319618374
SUNSET AVENUE,477430678,214.38516567939666,A40,True,-76.15917731332425,43.06484909999351
STINARD AVENUE,477443025,214.39686249321218,A41,True,-76.1728241095415,43.02122557144741
STRATHMORE DRIVE,477442735,214.5169723249925,A45,True,-76.16904582297471,43.02296171280198
ONTARIO STREET,477437084,215.04190246153783,A41,True,-76.16795832574621,43.04412513463773
SALT SPRINGS ROAD,477436576,215.18832365460193,A31,True,-76.10755481292625,43.04560710649087
MIDLAND AVENUE,477444418,215.71330473696696,A31,True,-76.14777831114387,43.011632098621256
FARMERS MARKET WAY,477429078,215.86369337064818,A41,True,-76.1662865918922,43.07552062639935
SOUTH SALINA STREET,477444359,215.99933831246176,A21,True,-76.14193175940095,43.012172126985305
MARTIN LUTHER KING EAST,800034167,216.11358433338543,A41,True,-76.147355452401,43.03340317512266
WESTMORELAND AVENUE,800037808,216.16134670036794,A41,True,-76.11478640175218,43.04851332882953
WEST COLVIN STREET,477442620,216.24769778595177,A30,True,-76.15419875759693,43.02339762317274
VINCENT STREET,477443053,216.40887846990057,A41,True,-76.1331186563799,43.02102852130965
SEWARD STREET,477431460,216.5750678563828,A40,True,-76.14235295389469,43.06179947902518
EAST BRIGHTON AVENUE,800100343,216.73293197136462,A31,True,-76.1330719046318,43.00976689851426
NORTH STATE STREET,477454136,216.78444698332788,A41,True,-76.15226845871399,43.05725490587375
CONCORD PLACE,513530328,216.83226324829164,A45,True,-76.11851016535061,43.03987510856789
HARBORSIDE DRIVE,477428795,217.07737921108318,A41,True,-76.17137179107137,43.07442260093985
ERIE BOULEVARD EAST,800052293,217.35652510290836,A25,True,-76.11237683949595,43.05220606032631
ONONDAGA AVENUE,477442138,217.38466490550834,A41,True,-76.16212384008583,43.02625662378351
MEADOWBROOK DRIVE,800039146,217.5506680969044,A31,True,-76.09652046190236,43.0425472654977
SOUTH STATE STREET,477437999,217.61216182918216,A21,True,-76.14755774073289,43.04132324878484
WESTCOTT STREET,477438693,217.6436522754087,A41,True,-76.11914177382894,43.03921660396754
SPENCER STREET,506022031,217.64979443925515,A41,True,-76.16960729042901,43.0570441200967
HIAWATHA PLACE,800041914,217.90424356386697,A41,True,-76.158731687867,43.07920419486752
WEST BELDEN AVENUE,477433479,217.94419190992275,A41,True,-76.16259960118104,43.0547689260028
SAINT MARKS AVENUE,508421634,218.0304131417018,A41,True,-76.18703086750239,43.0527111132444
WEBSTERS LANDING,508421627,218.2928172740023,A41,True,-76.1538506076069,43.05437659690013
CHERRY STREET,477435595,218.54733023774324,A41,True,-76.12345595872726,43.049059465095226
EAST ADAMS STREET,509998031,218.61760295439126,A30,True,-76.14527131635471,43.04275711020754
EUCLID AVENUE,477439301,218.8484887643869,A31,True,-76.11729874422491,43.03689360637681
NORTH CLINTON STREET,477433826,218.8835135789561,A40,True,-76.15347842007041,43.05364217378105
ERIE BOULEVARD EAST,477435367,218.985085040451,A25,True,-76.12119869050133,43.04963184291982
HIAWATHA BOULEVARD WEST,477430653,219.05707841710523,A31,True,-76.17302347716019,43.0649569119916
FORMAN AVENUE,477435910,219.0875705154094,A41,True,-76.1399458478011,43.048220111102495
LYNCH AVENUE,477443925,219.22685747363846,A41,True,-76.16494542057188,43.01475213543746
HADDON ROAD,477438354,219.7126318198362,A41,True,-76.08941160322193,43.04008659357198
HUNTER AVENUE,477432642,219.75006177872055,A41,True,-76.16919180441757,43.057335126152964
CONCORD PLACE,513530329,219.7759298953861,A45,True,-76.1184950242762,43.0397541097772
WADSWORTH STREET,477427387,219.7846841031898,A41,True,-76.14491083398246,43.08162064559446
BROADVIEW DRIVE,477442858,219.80644325061397,A41,False,-76.19961587166698,43.022444413144136
COMSTOCK AVENUE,477442632,219.84930206486905,A41,True,-76.12863728348343,43.023570633469745
CONCORD PLACE,513530334,219.92985922675848,A45,True,-76.11719532121333,43.039811917699204
BROAD STREET,477441075,219.96262934567034,A41,True,-76.11429777200047,43.03061762322627
SEVENTH NORTH STREET,477427696,219.97657963504662,A31,True,-76.15333581637623,43.079833624513064
HEADSON DRIVE,800052324,220.13249377296677,A41,False,-76.08318718979312,43.05491180049578
PAVILLION TERRACE,477439423,220.1982430371021,A41,True,-76.146828395538,43.03649530687384
LODI STREET,477434821,220.47459847254967,A31,True,-76.13098171601878,43.05125991386659
COWIE AVENUE,477429036,220.7404831764218,A41,True,-76.11338876225348,43.07296260989828
ERIE BOULEVARD EAST,481561066,220.75985520459514,A25,True,-76.14344133174556,43.05084865748995
SOUTH MCBRIDE STREET,477435400,220.8223817857109,A41,True,-76.14386711575044,43.04979362656343
CONCORD PLACE,513530331,220.83575755918343,A45,True,-76.11720393161058,43.03992969973378
AMES AVENUE,477445576,221.15322881154552,A41,True,-76.15755431326274,43.00397911054124
THOMPSON ROAD,477433073,221.27480269851142,A35,True,-76.08328485114079,43.05592599589276
BEECHER STREET,477431794,221.27743534883933,A41,True,-76.14182947249647,43.060154784667
WEST NEWELL STREET,477443684,221.59432963087826,A41,True,-76.15484583042038,43.01671110191882
MILTON AVENUE,477431903,221.88343404522755,A31,False,-76.19965462900932,43.05964035436449
BURLINGAME ROAD,477431187,222.30966745739806,A41,True,-76.13285300733432,43.06296778167258
HAWLEY AVENUE,477433143,222.4107541960315,A41,True,-76.12732979440426,43.055467647014474
SOUTH WILBUR AVENUE,477437732,222.42640585953936,A41,True,-76.17406350844838,43.04239056757714
CALEB AVENUE,477431240,222.51177387129667,A41,True,-76.09313831531769,43.062615587042146
SOUTH GLENCOVE ROAD,477430814,222.57423852567402,A41,True,-76.09489983038145,43.06438088910178
TULLY STREET,477436616,222.6983430334052,A41,True,-76.15917733861865,43.04552260784026
EAST GENESEE STREET,477438989,222.85760732066038,A31,True,-76.07838102825947,43.038172749860614
PEARL STREET,477433535,223.04103287549478,A41,True,-76.15103227244435,43.05452061013488
MEADOWBROOK DRIVE,477440702,223.3888442808558,A45,True,-76.11209531807575,43.032124072914634
EUCLID AVENUE,800048350,223.48300919859298,A41,True,-76.09744755605587,43.03802690767588
EAST BELDEN AVENUE,477433345,223.62905371286953,A41,True,-76.15088429975826,43.05495361238606
ARGYLE AVENUE,477428586,223.70305675257597,A41,True,-76.13381930128293,43.0752241427289
ULSTER STREET,477435800,223.71112721655075,A41,True,-76.1846002107202,43.048467671987005
MEADOWBROOK DRIVE,477437487,223.76627038270178,A31,True,-76.09386592327068,43.042621521269304
BUTTERNUT STREET,477454217,223.87510844431026,A41,True,-76.14236730226692,43.07297413005997
WEST SENECA TURNPIKE,477445667,224.21930524427796,A31,True,-76.15837179160114,43.00305057765571
VALLEY DRIVE,477445439,224.2252435027369,A31,True,-76.15412079152519,43.00487259115632
SOUTH SALINA STREET,477442227,224.49027294703177,A21,True,-76.145425680804,43.02584241877777
MULBERRY TERRACE,477439605,224.5827413391735,A41,True,-76.14638104564277,43.036194170168706
WINDING RIDGE ROAD,477443859,224.9821208974642,A41,True,-76.12076384506612,43.01552268832261
RIVOLI AVENUE,477427833,224.99753949237143,A41,True,-76.13411380720225,43.07886764769627
ARNETT AVENUE,477429601,225.01445802016778,A41,True,-76.11309654352021,43.06987706256118
VILLAGE DRIVE,477429553,225.13278018840322,A45,True,-76.11825887472618,43.07038075914766
BURNET AVENUE,477432970,225.14754693903836,A41,True,-76.11531180702178,43.056106121715295
COURT STREET,477428191,225.16047865073128,A31,True,-76.14835730614526,43.077275129759734
PATTISON STREET,800048719,225.3644554306408,A41,True,-76.12739909004799,43.059218773737605
IRVING AVENUE,477436235,225.57197683647888,A41,True,-76.13774377158319,43.04728710299852
PEAT STREET,477433735,225.9517538691084,A41,True,-76.11552230479452,43.05391610791246
BELLEVUE AVENUE,477440387,225.95948569694437,A41,True,-76.16667827472291,43.0331559790806
AVERY AVENUE,477432569,226.07182769316591,A41,True,-76.19840282016997,43.05760410448347
ACADIA AVENUE,477428203,226.11954291435734,A41,True,-76.13397334981725,43.077066629450314
FABIUS STREET,477437061,226.12810207016602,A41,True,-76.16120583428257,43.044028616001945
SOUTH TOWNSEND STREET,509997567,226.13114327228237,A45,True,-76.14522504904208,43.04532621538141
TOMPKINS STREET,477436695,226.13265898452013,A41,True,-76.18893178821563,43.04528112774872
EVANS STREET,800050913,226.149616474475,A41,True,-76.15615759808833,43.05478107860921
WEST ONONDAGA STREET,477440030,226.21167093359844,A31,True,-76.166706300298,43.034531120466035
SOUTH WILBUR AVENUE,477435866,226.27709465116993,A41,True,-76.17975875268645,43.04829915028258
BURNET AVENUE,477434048,226.43343737702745,A41,True,-76.12714625974117,43.052842099530615
SALISBURY ROAD,477437743,226.4628744524822,A41,True,-76.1995445251004,43.04179765217195
VINCENT STREET,477442942,226.49081079600916,A41,True,-76.12802226523164,43.02151911501827
JAMES STREET,477429854,226.5736582513358,A31,True,-76.11094171504546,43.06863206528088
EAST LAUREL STREET,477432160,226.78116774034655,A41,True,-76.14567394308234,43.05881217853996
AUDUBON PARKWAY,477435988,226.83411469398217,A41,True,-76.09498894610147,43.047933480099495
ACADEMY PLACE,477446358,227.0869046385262,A41,True,-76.1515433027416,42.996012594633854
WEST ADAMS STREET,477437577,227.2641445964368,A31,True,-76.15345588026025,43.042407504035175
DANFORTH TERRACE,477439403,227.35231901288915,A41,True,-76.1463963337287,43.03680872913311
KIRK PARK DRIVE,477443474,227.5195731685454,A41,True,-76.15429153193047,43.01822752182744
ROBINSON STREET,477432296,227.952101862753,A41,True,-76.12400233577397,43.05816663578873
CHANNING PLACE,477446225,227.99401815599475,A41,True,-76.14161381361612,42.99766907899883
TULLY STREET,477436753,228.00997554745527,A41,True,-76.16161972192255,43.044930327918166
JUNEWAY ROAD,477441974,228.05213559711666,A41,True,-76.1939047606326,43.02673810768705
ERIE BOULEVARD EAST,477434943,228.09981438322149,A25,True,-76.11542275618672,43.050923627246306
BUTTERNUT STREET,477431279,228.10790695582503,A41,True,-76.14422092212148,43.06259206331452
MIDLAND AVENUE,477438681,228.35764407420425,A41,True,-76.15706180171814,43.03915112756569
VILLAGE DRIVE,800047545,228.40185154054103,A45,True,-76.1183354911658,43.070420833969955
DARLINGTON ROAD,477428430,228.73317984410866,A41,True,-76.13642786574748,43.07614924893025
GLENWOOD AVENUE,477443353,228.7534472543954,A31,True,-76.16176884824992,43.01909169448948
EAST TAYLOR STREET,477438539,228.90953097010308,A41,True,-76.1470308201278,43.039325143734686
ERIE BOULEVARD EAST,477435037,229.01573769092036,A21,True,-76.13017081112079,43.050617596008514
ERIE BOULEVARD WEST,477431997,229.60896209102657,A31,True,-76.19753817064759,43.05937481197413
NORTH BEECH STREET,477435105,229.9414795335218,A41,True,-76.12761526991176,43.05073510774036
WHITTIER AVENUE,477437432,229.97622928539815,A41,True,-76.18836495075887,43.042706075598325
WESTMORELAND AVENUE,477435110,230.1860172661987,A41,True,-76.11499329093256,43.050722636307036
DELAWARE STREET,477438533,230.19531663043094,A41,True,-76.17350337287445,43.03949222413614
JACKSON STREET,477438232,230.26824414940324,A41,True,-76.14440032435883,43.040336616671475
ROSS PARK,800048790,230.32186919613557,A41,True,-76.14735807423419,43.07743593533288
SHOTWELL PARK,504325230,230.53330073265624,A41,True,-76.11560833242939,43.06806565468521
CENTRAL AVENUE,477437144,230.61403718894255,A41,True,-76.1682408341619,43.04374062377823
SUNNYCREST ROAD,477431451,231.13094259334684,A41,True,-76.1116770700687,43.06155543730367
WEST ONONDAGA STREET,800040121,231.22147327394757,A31,True,-76.18454179343826,43.03360106232063
VINCENT STREET,477442971,231.24702272349336,A41,True,-76.13150875310055,43.021367135924486
EAST FAYETTE STREET,800037824,231.3258174343145,A41,True,-76.11951647698433,43.04827755279528
ROBINEAU ROAD,477441861,231.37889839781997,A41,True,-76.17277279799123,43.02758260364298
HANCOCK DRIVE,477443076,231.50509192442786,A41,True,-76.17659377812515,43.0210841069586
DELAWARE STREET,477439251,231.95313001449475,A41,True,-76.16902101064738,43.03721620159899
JAMES STREET,477429900,232.1089794327113,A31,True,-76.11519941128206,43.068421085602075
KIRKPATRICK STREET,477430263,232.1221442266938,A41,True,-76.15506927530994,43.06692461497291
FABIUS STREET,477436912,232.20117236524788,A41,True,-76.15959079053385,43.04442463985091
GLENWOOD AVENUE,800038089,232.27986472072112,A31,True,-76.1750642517651,43.01948746725685
EAST ADAMS STREET,477437384,232.2853824710816,A30,True,-76.14442780141006,43.042752627194545
EUCLID AVENUE,477439502,232.52506249330503,A31,True,-76.12936524751892,43.036308117027204
NICHOLS AVENUE,477431859,232.64325779582308,A41,True,-76.10318027704194,43.060014642563296
DESTINY USA DRIVE,600055693,232.9279079683313,A41,True,-76.16966476100123,43.06979756920223
WHEATON ROAD,800039446,232.94764116848552,A41,True,-76.12628667263566,43.070453879525544
HICKORY STREET,477433681,233.27123897086815,A41,True,-76.15015634656979,43.054010202591435
BERKELEY DRIVE,477441161,233.5496986840541,A41,True,-76.12474913467769,43.0303621414472
TURTLE STREET,477429988,233.58000513459373,A41,True,-76.16037461583942,43.06827062115074
EAST COLVIN STREET,477442100,233.66972000998956,A41,True,-76.1377694739569,43.02626435029975
EAST COLVIN STREET,477442070,233.68432692901288,A31,True,-76.1377808115766,43.02637760547701
MONROE STREET,477437791,233.8701416783962,A41,True,-76.1435567809833,43.041644142033746
MONROE STREET,477437787,233.901780904411,A41,True,-76.14443176602144,43.04165045647953
BUTTERNUT STREET,477429622,234.02048749088613,A41,True,-76.14329547158569,43.06994469414951
EAST SENECA TURNPIKE,477446046,234.13966798933754,A31,True,-76.1261979476071,42.999739972441006
SOUTH WILBUR AVENUE,800097681,234.16318115683774,A41,True,-76.17528113445012,43.0437569059308
ENGLEWOOD AVENUE,477445379,234.2722339467231,A41,True,-76.15467290361953,43.005037582396824
EMERSON AVENUE,477432324,234.28661570298829,A41,True,-76.19319329243923,43.05811225960595
GENANT DRIVE,506021495,234.33246490314278,A41,True,-76.1545037474593,43.05688401730866
EMERSON AVENUE,477433375,234.5165531848322,A41,True,-76.18878023179188,43.05495648069035
CARBON STREET,477429238,234.74796176112653,A41,True,-76.16312882023846,43.07201711845489
LODI STREET,477430444,234.7845475430124,A31,True,-76.15947631118651,43.066051596469876
EAST GLEN AVENUE,477445291,234.85959078554754,A41,True,-76.13913378660313,43.00556858566376
SLOCUM DRIVE,477443136,234.89135450798847,A61,True,-76.11455839709251,43.02108471598131
CARBON STREET,477429339,234.9618369804203,A41,True,-76.16156229808755,43.07137513706819
HIGHLAND STREET,477431858,235.0058939326744,A41,True,-76.14114483529403,43.05997303977049
WEST STREET ARTERIAL SOUTHBOUND,477436151,235.03894473833049,A35,True,-76.15887698292588,43.04743257079288
WESTMINSTER AVENUE,477439869,235.09088811855744,A61,True,-76.12140030910778,43.035262856025206
JACKSON STREET,477438223,235.10129983372968,A41,True,-76.1435313071859,43.04037511049757
CADWELL PLACE,477439233,235.1241409069534,A41,True,-76.1750753056934,43.037203365587295
LINWILL TERRACE,477429208,235.30182477489114,A41,True,-76.11647378141558,43.07230315567601
SEDGWICK DRIVE,477431009,235.5721629495453,A45,True,-76.12987415274176,43.06364947095222
HADDON ROAD,477438353,235.64350281904373,A41,True,-76.08896249170833,43.040088927410245
LANCASTER AVENUE,477440241,235.68278849677677,A41,True,-76.12292428524975,43.033962102581704
TITUS ALLEY,477431017,235.76395822415867,A41,True,-76.15631715592309,43.063689950624315
VINE STREET,477431555,235.90167888999795,A41,True,-76.12697742341352,43.061285360214
BALLANTYNE ROAD,477444526,235.98493629964904,A41,True,-76.14404378661636,43.01062613498691
EAST ADAMS STREET,477437396,236.08023123224785,A30,True,-76.14355176836234,43.04273909780077
EAST COLVIN STREET,477442226,236.15756543129515,A31,True,-76.14489595879714,43.025701657924266
DAKOTA STREET,477440503,236.17895117067118,A41,True,-76.11204588279597,43.03275382543992
HILLSBORO PARKWAY,477438225,236.22944432498883,A45,True,-76.08919077066976,43.040354627324064
COMSTOCK AVENUE,477436397,236.3697387229181,A41,True,-76.13076930182552,43.04662607289015
ERIE BOULEVARD WEST,477435232,236.43779529822774,A31,True,-76.16006875849996,43.05017108254815
VAN BUREN STREET,477438992,236.47668741960072,A41,True,-76.1420886029158,43.03815858041713
GRANT BOULEVARD,477454213,236.70882004775157,A31,True,-76.14296568647153,43.072628453633044
UNION PLACE,477430733,236.98178252159553,A41,True,-76.15555610630595,43.064826568311524
BUTTERNUT STREET,477429537,237.197211536933,A41,True,-76.14320349706144,43.070585440942615
PARK AVENUE,477434332,237.25016622241682,A41,True,-76.17338677274087,43.0520621099282
CAMP AVENUE,477444926,237.4236614468029,A41,True,-76.15851131924657,43.00783945342774
NORTH MCBRIDE STREET,477431450,237.44612017047024,A40,True,-76.1509117077353,43.061825696102765
GRANGER STREET,477436932,237.45551781991298,A41,True,-76.15673180453851,43.0446130974467
WINDING RIDGE ROAD,477443957,237.66320003954004,A41,True,-76.12003300866687,43.014706431317556
SEDGWICK STREET,477431840,238.1957790512987,A41,True,-76.12954326764567,43.060037587192475
SOUTH MCBRIDE STREET,477438726,238.2134714134494,A41,True,-76.14385680329696,43.03912864023875
COMSTOCK AVENUE,477442943,238.41450512922788,A41,True,-76.1284732618778,43.021829121167976
ETHEL STREET,477441635,238.63307440012053,A41,True,-76.18717374034014,43.0282277739039
CADILLAC STREET,477427617,238.6676276026573,A41,True,-76.14907530500754,43.08020363572174
BERTRAM PLACE,477443572,238.6871105909302,A41,True,-76.15687229432224,43.01737212763141
OVERLOOK DRIVE,477441475,238.72479218860855,A41,True,-76.18718403127127,43.029259723044525
SOUTH TOWNSEND STREET,509997572,238.79850502349458,A45,True,-76.14509578524434,43.04530492172723
AVERY AVENUE,477432738,238.8221072247214,A41,True,-76.19800282228027,43.0570376096055
SOUTH SALINA STREET,477444224,238.98234888690632,A21,True,-76.14179077966408,43.01304710342382
SOLAR STREET,477454205,239.03077436432494,A41,True,-76.1681362288608,43.065447858704786
SEDGWICK DRIVE,477431032,239.17410954583082,A45,True,-76.13000226841193,43.063589697518665
VALLEY DRIVE,477445353,239.23960791608624,A31,True,-76.15442869212286,43.0054670633195
WILSON STREET,477431365,239.44905021987776,A41,True,-76.12505725655896,43.062232207451906
SUNRISE DRIVE,477446570,239.6188711796997,A41,True,-76.13767679834106,42.99402110851913
WESTMINSTER AVENUE,800052795,239.88652399671318,A61,True,-76.12166344563798,43.03515250939461
SALISBURY ROAD,477437585,240.13248416981133,A41,True,-76.19268531485801,43.04240012503717
SLOCUM DRIVE,477443056,240.338825996861,A41,True,-76.11726047567225,43.02135597098491
HAYDEN AVENUE,477433501,240.76133258886318,A41,True,-76.19744279279824,43.054623638896366
CHENNAULT DRIVE,477439640,241.10723261074216,A41,True,-76.11121745565903,43.03589763049992
SPRINGFIELD ROAD,800029833,241.46079904373894,A41,True,-76.0919486296986,43.04981739603178
ERIE BOULEVARD EAST,477435494,241.4865105882698,A25,True,-76.12196065402313,43.04926146832924
HIAWATHA PLACE,477427796,241.51880136154247,A41,True,-76.15947467211575,43.07952169799144
KNAUL STREET,477430291,241.68382961291732,A41,True,-76.14026301615257,43.06655916426969
FABIUS STREET,477436735,241.74577837579062,A41,True,-76.15634725263516,43.0449810968996
TEALL AVENUE,477433066,241.77733815365556,A31,True,-76.12205480865863,43.05601710309371
BOISE DRIVE,477442493,242.0610216356386,A41,True,-76.13082300685993,43.02413133436509
JASPER PLACE,477431334,242.07524732199866,A40,True,-76.1418669108814,43.0621058922066
RILL AVENUE,477444360,242.25730542660528,A41,True,-76.14934475631945,43.0118861206313
FELLOWS AVENUE,477441076,242.37033396322244,A41,True,-76.11471929139852,43.03093008595506
COURT STREET,477427729,242.37235889860523,A31,True,-76.14421379022251,43.079557630035
KIRKPATRICK STREET,477429559,242.38275593539703,A41,True,-76.15247033429237,43.07040314835611
SOUTH AVENUE,477443707,242.4086293809205,A31,True,-76.1627653244586,43.01676908971489
CARBON STREET,477429406,242.4104653809676,A41,True,-76.16077777817932,43.071061625013655
COFFEY DRIVE,477435924,242.42640164687137,A41,True,-76.18477028246689,43.04802987030682
BROADVIEW DRIVE,477442767,242.57640023461786,A41,True,-76.19986948995574,43.023042783519855
NORTH SALINA STREET,508421671,242.61455166005157,A45,True,-76.16669931539748,43.07051405083941
BURT STREET,477438838,242.9753743369104,A41,True,-76.14268828454546,43.03845812808558
GARFIELD AVENUE,477442128,243.06561223713567,A41,True,-76.14175075231549,43.026430140771616
GRANT BOULEVARD,477429108,243.08464126701224,A31,True,-76.13402126415805,43.07252761873919
SLOCUM DRIVE,477443141,243.0971079849077,A61,True,-76.11591426713028,43.01963185489984
UNION PLACE,477430963,243.1068030668639,A40,True,-76.15692331737819,43.063798577018325
SAINT MARKS AVENUE,477433671,243.1349386788191,A41,True,-76.18675340964862,43.054045456220386
TRACY STREET,477435838,243.14690923085985,A41,True,-76.1666880009223,43.04913356645001
SAND STREET,477433292,243.31590732524168,A40,True,-76.16767063255175,43.05526433462559
NORTH SALINA STREET,508421416,243.44237719518307,A45,True,-76.16676599330529,43.070439145798765
BEACON ROAD,477428872,243.5065053331842,A41,True,-76.11433779828927,43.0737786220864
MYRTLE STREET,477433649,243.56166955359632,A41,True,-76.19847327983877,43.05422964788736
SEDGWICK DRIVE,477430892,243.62101759083524,A45,True,-76.1301659474529,43.06426589213511
HARRISON STREET,477741242,243.65731983461836,A40,True,-76.14464746510731,43.044283703117266
NORTHCLIFFE ROAD,477430180,243.68229910939368,A41,True,-76.09467767437725,43.06723523379356
NORTH BEECH STREET,477434829,243.7347950655922,A41,True,-76.12759498103527,43.05138492052717
AVERY AVENUE,477433386,243.91358688440866,A41,True,-76.19653782496702,43.05496263836102
BUCKINGHAM AVENUE,477442506,243.95218080171927,A41,True,-76.12052373753434,43.02438858953948
HAZELWOOD AVENUE,800088611,244.029953739557,A41,True,-76.09691163264507,43.051746606583976
TOMPKINS STREET,477435764,244.06504286271365,A41,True,-76.18059641659875,43.048439551020195
LODI STREET,477431622,244.33902826690286,A31,True,-76.14902575920355,43.061001098314016
EAST GENESEE STREET,477439472,244.37848354700577,A31,False,-76.07383426059519,43.0364551110275
VINCENT STREET,477442966,244.39484140849626,A41,True,-76.13062078863153,43.021405628579295
CARBON STREET,477429276,244.56777007553487,A41,True,-76.16234729843691,43.07169413159399
JAMES STREET,477429824,244.7239264981858,A31,True,-76.10800016865781,43.06877037361663
KENSINGTON ROAD,477440814,244.7290419309558,A41,True,-76.1194875175767,43.03171481774028
COURT STREET,477430108,244.7652087722708,A31,True,-76.15880982523407,43.06760857947986
SUMMIT AVENUE,477443091,244.82366823748137,A41,True,-76.16553277924272,43.020994145939966
NORTH GEDDES STREET,477432596,245.01748846715424,A31,True,-76.17035980837316,43.057583606557756
SUNNYCREST ROAD,477431282,245.0196050272581,A41,True,-76.09552141685289,43.06231929424448
BALLANTYNE ROAD,477444547,245.17447549212463,A41,True,-76.1492312977535,43.01047713055766
LEMOYNE AVENUE,477428352,245.33887636157033,A41,True,-76.15817777375119,43.07659511162407
DESTINY USA DRIVE,800037508,245.35097069568937,A41,True,-76.17144618642705,43.07250803914087
ASH STREET,477431621,245.41084666329667,A41,True,-76.14837634471822,43.06105935891949
LINDEN STREET,477437877,245.46894978911683,A41,True,-76.1496270885635,43.0419717627591
TURTLE STREET,477429869,245.53272144432853,A41,True,-76.15993282533773,43.06884261777806
PACIFIC AVENUE,477444874,245.74097414401436,A41,True,-76.15332027711136,43.00814860337219
CADILLAC STREET,477427275,245.77389112278146,A41,True,-76.14646379924655,43.082229131327786
PACIFIC AVENUE,477444836,245.82083692818435,A41,True,-76.15150780559979,43.00846113645257
WEST OSTRANDER AVENUE,477444069,245.92993282761802,A41,True,-76.15364761452528,43.01376080307831
CHENEY STREET,477441221,246.4344275273006,A41,True,-76.16387633065386,43.02994213029461
SHELBOURNE PLACE,477442581,246.4545912375243,A41,True,-76.16399427806822,43.023894622699395
EDMUND AVENUE,477443653,246.77255018866515,A41,True,-76.15353080979693,43.017178959945205
EAST GENESEE STREET,509997447,246.81080593681006,A31,True,-76.14436654976828,43.04760997564429
JULIAN PLACE,477442797,246.84704221589683,A31,True,-76.11100377535911,43.02278609499716
BARRINGTON ROAD,477437898,247.07978051935658,A41,True,-76.08290803148368,43.041585001285604
GRIFFITHS STREET,477429870,247.10917681457224,A41,True,-76.14458629282667,43.06869711562486
SOUTH SALINA STREET,477446498,247.18947246581908,A21,True,-76.14354732826492,42.99482509635923
BALLANTYNE ROAD,477444589,247.35224459886183,A41,True,-76.15110681430055,43.010294120471606
SOUTH AVERY AVENUE,477437484,247.3691865986782,A41,True,-76.18965430814309,43.04294276572188
ROBINSON STREET,477432350,247.58241987116315,A41,True,-76.1261268034071,43.058063127909094
CRYSLER STREET,477435765,247.64308684065324,A41,True,-76.18121730659394,43.048587606265585
SMITH LANE,477442890,247.65349940143204,A41,True,-76.13637883770815,43.02217288211673
COMSTOCK AVENUE,800032794,247.70341718567886,A41,True,-76.1282605370466,43.01952886694954
LEMOYNE AVENUE,477428237,247.76508109491292,A41,True,-76.15773327253802,43.07718812160376
COMSTOCK ART,600063979,247.8097954998297,A41,True,-76.12773668214862,43.025465981909456
WOLF STREET,477428095,247.83840540921955,A21,True,-76.15929582191178,43.077828619255634
GREENWOOD PLACE,477438831,247.9321758077869,A41,True,-76.1212459184126,43.038813509929305
WEST FAYETTE STREET,477435809,247.99757703010417,A40,True,-76.17962642497515,43.04836791861379
FILLMORE AVENUE,477444629,248.12531920109979,A41,True,-76.1379513126812,43.00996562709968
ELIZABETH STREET,477442003,248.15649803978823,A41,True,-76.14321133597382,43.02663208247604
VINCENT STREET,477442986,248.2271825302276,A41,True,-76.13240314372969,43.02132174325113
SIXTH NORTH STREET,477427586,248.36372327053235,A41,True,-76.15675426936696,43.08034309914987
BALLANTYNE ROAD,477444642,248.46190208605915,A41,True,-76.15383633056793,43.009846350432554
EAST COLVIN STREET,477442349,248.50662755296588,A31,True,-76.13184432652558,43.025076595917795
KIRKPATRICK STREET,477430414,248.72500273038597,A41,True,-76.15549831576917,43.06634460257045
SMITH LANE,477442954,248.8534548576453,A41,True,-76.13575341458501,43.021728673410074
MEADOWBROOK DRIVE,477439083,248.8892020800958,A35,True,-76.10894628422805,43.03792514093005
RICHMOND AVENUE,800032526,248.99890523509222,A41,True,-76.16730221207895,43.05004042914933
BALLANTYNE ROAD,477444661,249.10051909559857,A41,True,-76.15474429684917,43.00969808755947
WEBSTERS LANDING,477433515,249.16343630130962,A41,True,-76.15300212315512,43.05436096042587
THURGOOD TERRACE,477439723,249.23796265933055,A41,True,-76.14669965882524,43.03553427764022
COURT STREET,477429998,249.25626150034554,A31,True,-76.1583643062516,43.0682025935335
COWIE AVENUE,477429039,249.27989356208622,A41,True,-76.11426730698489,43.072928619305124
SOUTH GEDDES STREET,477437120,249.37862251367613,A31,True,-76.1710608486811,43.04401161693652
BALLANTYNE ROAD,477444609,249.47200865582093,A41,True,-76.15201333885786,43.01014510696766
JAMES STREET,477430091,249.70946692283982,A31,True,-76.11737030598331,43.06761759343841
WELDON AVENUE,477427464,249.8317109619806,A41,True,-76.14493178275595,43.08116564628651
ONONDAGA CREEK BOULEVARD,477443639,249.91889252453876,A41,True,-76.15678688044052,43.017167173543314
MARLETT STREET,477444840,249.99339819243164,A41,True,-76.15437431356746,43.008468097587844
SOUTH STATE STREET,477441803,250.15516078419367,A41,True,-76.14427041215598,43.02783090834206
VINCENT STREET,477443054,250.2624120442546,A41,True,-76.13394923800983,43.02089615460993
ELIZABETH STREET,477441988,250.43695024421,A41,True,-76.14228578245951,43.02671561550062
BELLEVUE AVENUE,477440511,250.47239402174816,A41,True,-76.17892228203425,43.032714123630456
BALLANTYNE ROAD,477444631,250.5284729237117,A41,True,-76.15292580125235,43.00999562113513
CATAWBA STREET,477431292,250.58275239301184,A41,True,-76.1524585063025,43.06244345914388
ALMOND STREET,477435700,250.7356182530209,A41,True,-76.1421762317065,43.04820963984507
SOUTH AVENUE,800034581,250.83252410564432,A31,True,-76.15900288579417,43.02547080369959
COURT STREET,477427650,250.98076117394783,A31,True,-76.14333485124014,43.08004362754989
FABIUS STREET,477436765,251.1958540259094,A41,True,-76.15726066548761,43.04488769428329
FOREST HILL DRIVE,477430688,251.29336630134483,A45,True,-76.11096630024593,43.064986637448634
SOUTH TOWNSEND STREET,509997564,251.29472264473333,A45,True,-76.14510185992425,43.0446324278804
WILLUMAE DRIVE,477428351,251.3359874515398,A45,True,-76.15084050753819,43.0764752938158
HUNTER AVENUE,477432850,251.55271250702927,A41,True,-76.16921427176413,43.056688616961104
POND STREET,477429820,251.62075487560455,A41,True,-76.14917530940954,43.069066108718985
WOLF STREET,477428222,251.64550501263037,A21,True,-76.15974532139286,43.07722762832983
NORTHCLIFFE ROAD,477430099,251.95557973008215,A41,True,-76.09551176310437,43.067413108475115
JAMESVILLE AVENUE,800048430,251.99547377097693,A41,True,-76.13115029360988,43.0193344222454
PACIFIC AVENUE,477444854,252.1236143762537,A41,True,-76.15241527975323,43.00830864319353
MORTON AVENUE,477441641,252.15027491782658,A41,True,-76.16121029435055,43.02843995403886
RUGBY ROAD,477430194,252.16887888838025,A41,True,-76.13364030167524,43.06699308961402
EAST GENESEE STREET,509997448,252.2271766103571,A31,True,-76.14521311794685,43.04789643033924
DEMONG DRIVE,477437021,252.23017686651374,A41,True,-76.08799036272123,43.04414231634667
GRANT BOULEVARD,477429099,252.29211330401424,A31,True,-76.13171745243227,43.072640498663745
EAST CORNING AVENUE,477443373,252.31702516213326,A41,True,-76.14162712569944,43.018869484051436
LODI STREET,477431423,252.31819673822397,A31,True,-76.15072276068904,43.06191361802466
CUMBERLAND PLACE,477440650,252.37673512170431,A41,True,-76.11277207262984,43.03240861150712
WEST COLVIN STREET,477442687,252.38051270790342,A41,True,-76.1622510406128,43.023020097846434
FOREST HILL DRIVE,477430690,252.39060752759886,A45,True,-76.11109080000892,43.06498813017361
GENESEE PARK DRIVE,477436802,252.6150904885638,A41,True,-76.10769078327357,43.04467211707026
KIRKPATRICK STREET,477429660,252.64598362238212,A41,True,-76.15291230774895,43.06980613128553
FOREST HILL DRIVE,477430204,252.66192820843563,A45,True,-76.11118083187229,43.06728664942337
EAST FAYETTE STREET,477435797,252.74588708422178,A41,True,-76.11664141845776,43.04824319069127
STOLP AVENUE,477441232,252.89758261453647,A41,True,-76.18010685177353,43.02989710996975
CRAIG STREET,477429628,253.00320115464822,A41,True,-76.1465992789597,43.069909096779284
CORAL AVENUE,477444799,253.29394711031364,A41,True,-76.150235769835,43.009024131211596
WESTMORELAND AVENUE,477436127,253.29924995747058,A41,True,-76.11469551286923,43.04757436415271
PACIFIC AVENUE,477444819,253.3357576148858,A41,True,-76.15059553834413,43.00860560962232
SOUTH AVENUE,477442178,253.72959684436256,A31,True,-76.15875875876688,43.02613959966682
PARK STREET,800038596,253.85652437990052,A41,True,-76.14679618001124,43.063988177271064
DEMONG DRIVE,477436957,254.03667567570588,A41,True,-76.08882744866622,43.044455761932
HILLSIDE STREET,477428224,254.0758705805491,A41,True,-76.14251679960327,43.07716966297729
EAST WILLOW STREET,477434007,254.25263307319534,A41,True,-76.14942734181635,43.053047110364254
EAST COLVIN STREET,477442592,254.2752920421383,A31,True,-76.1282637499049,43.02368462714995
SOUTH SALINA STREET,477447296,254.33332942580773,A21,True,-76.14371928535124,42.98571473427723
HILLVIEW AVENUE,477741333,254.47074493618976,A41,True,-76.16117961354212,43.02053603851651
ALMOND STREET,477436430,254.50773877779838,A45,True,-76.1422031011604,43.04654187751686
WEST TAYLOR STREET,477438824,254.7456234372289,A41,True,-76.15458769662628,43.03856618810773
LIBERTY STREET,477433290,254.7557417495749,A41,True,-76.17368231051661,43.05529011833761
CHAMPLIN DRIVE,477431767,254.8574118401361,A41,True,-76.10212483897526,43.06030364580751
CORTLAND AVENUE,477440130,254.96031263004178,A31,True,-76.15148454994625,43.03488832112698
FOREST HILL DRIVE,477430208,255.2161229443402,A45,True,-76.11130573632217,43.067283095393556
BUTTERNUT STREET,477431540,255.58148698363647,A41,True,-76.14512476586013,43.0613750948855
LOOMIS AVENUE,800032669,255.73510293888066,A41,True,-76.15353949343714,43.007341725476564
SKYTOP ROAD,477443367,255.80399686689543,A45,True,-76.12338781374129,43.01923979168613
HUDSON STREET,477441377,255.8371615742426,A41,True,-76.15959509990395,43.02967529032249
GARFIELD PLACE,477441777,255.84508306730476,A41,True,-76.14151925676127,43.02764811492529
PINE STREET,477436240,255.85002140279087,A41,True,-76.12979884349791,43.047320616090154
CADWELL STREET,477439024,256.0300696371817,A41,True,-76.1756003135541,43.03824808857223
GIRARD AVENUE,477444610,256.2003586976689,A41,True,-76.15256379434263,43.01041412527332
SUMMIT AVENUE,477442973,256.2889493227512,A41,True,-76.16558675716367,43.02168062708943
SOUTH STATE STREET,477440279,256.7046716278276,A41,True,-76.14702603211084,43.03384420952147
NEW STREET,477438227,256.71993884699094,A41,True,-76.15011797219272,43.04043849765645
CANDEE AVENUE,477436464,256.7617548679664,A41,True,-76.10482525660954,43.04640413231833
JAMES STREET,477431146,256.83936134691004,A31,True,-76.12646978623069,43.06316065409526
KIRKPATRICK STREET,477431138,257.04362494935083,A41,True,-76.15749980097277,43.06316560281016
YALE AVENUE,477439094,257.41220611029,A41,False,-76.18874840381625,43.037680451519485
EAST RAYNOR AVENUE,477439763,257.52383772260913,A21,True,-76.14897727803194,43.03542958990821
BALL AVENUE,477436290,257.54622340345986,A41,True,-76.10000268365295,43.04717167501429
MARTIN LUTHER KING WEST,477440773,257.74320626920536,A40,True,-76.15353581764359,43.031876349595926
SOUTH SALINA STREET,477443567,257.91152401659065,A21,True,-76.14159676541955,43.01771661514422
WILLIS AVENUE,477432523,257.92579248810284,A31,True,-76.19602481001635,43.05781610621991
GENANT DRIVE,477431400,257.9430420171589,A40,True,-76.15836276340464,43.062047836967565
SALT SPRINGS ROAD,800048968,257.9634658296135,A31,True,-76.08490578645008,43.04515724457941
HODES WAY,800034357,257.97963611374547,A41,True,-76.07493645532085,43.03838762327002
PARKVIEW AVENUE,477442006,258.0040215552982,A41,True,-76.16282279002577,43.02657763247586
LISTMAN AVENUE,477428713,258.11038974408797,A41,True,-76.138723307797,43.07461709813013
GRIFFITHS STREET,477429946,258.1349945915736,A41,True,-76.14375507330104,43.068366694119014
NORTH GEDDES STREET,800032500,258.14620304401944,A41,True,-76.16938990943876,43.06117529445584
WEST NEWELL STREET,477443699,258.38301185374587,A41,True,-76.15597633514315,43.016601128862746
ASH STREET,477431478,258.38472719218566,A41,True,-76.1479182798346,43.06166209530906
BOISE DRIVE,477442492,258.91589072284796,A41,True,-76.1317346054921,43.024194905124126
IRON PIER DRIVE,800032497,258.9706496272725,A41,True,-76.16817564812968,43.06043046890836
SOUTH CARBON STREET,477430864,259.3349945950606,A41,True,-76.14105601833701,43.064083437677624
HOEFLER STREET,477439662,259.39138447620064,A41,True,-76.17965876101812,43.03604510221854
NORTH SALINA STREET,477432651,259.44619589137415,A21,True,-76.15205025634634,43.0573586082529
GRANT BOULEVARD,477429264,259.57852498787094,A31,True,-76.12214427433855,43.07176209944081
MIDLAND AVENUE,477444307,259.585829578071,A31,True,-76.14785631224449,43.012562112681294
HOLDEN STREET,477439669,259.6224872678643,A41,True,-76.18085753664943,43.03598895331267
FERNDALE DRIVE,477445305,259.6449141282764,A41,True,-76.14603413634572,43.00583764449854
EAST SENECA TURNPIKE,477445940,259.72701360711596,A31,True,-76.13918201705228,43.000355090322415
GREENWAY AVENUE,477433060,259.74827001666455,A41,True,-76.11945630588806,43.056057637135766
DELHI STREET,477432811,259.8210944547505,A41,True,-76.13213727207467,43.0568106276001
MILFORD DRIVE WEST,477430306,259.94868472230155,A41,True,-76.09861315487272,43.06692653115074
SALT SHED DRIVE,800032502,260.10109569018425,A41,True,-76.16696129787857,43.059685550607966
SLOCUM AVENUE,477438055,260.2036901324216,A41,True,-76.16147790079913,43.04113205962389
CARBON STREET,477430361,260.7300538084985,A41,True,-76.14927081287179,43.06644712182347
PARK STREET,800038597,260.7410138176642,A41,True,-76.14445270778255,43.06302247953963
THOMPSON ROAD,477432138,260.79455340894896,A35,True,-76.0841197628072,43.05904063066475
HERRIMAN STREET,477439622,260.88610362336976,A41,True,-76.17705477811542,43.036170114577075
GILBERT AVENUE,477430005,260.9925957851021,A41,True,-76.14810379936003,43.06805260735924
CADWELL STREET,477439223,261.0989235553363,A41,True,-76.1755407382155,43.037539843932244
SMITH LANE,477442955,261.2774151848126,A41,True,-76.13500336517298,43.021453680949385
SKYTOP ROAD,477443369,261.33068978020185,A45,True,-76.12349817958857,43.01921692902739
GRANT BOULEVARD,477429155,261.56437357829014,A31,True,-76.13855394345964,43.072308570288435
TURTLE STREET,477428396,261.59754292940215,A41,True,-76.15429725845782,43.07643112969857
BUTTERNUT STREET,477430324,261.6436738962131,A41,True,-76.14332980863806,43.06677358708103
BUTTERNUT STREET,477431683,261.65729124200226,A41,True,-76.14558979051608,43.06075261596155
SENECA PLACE,477445601,261.79817259027345,A41,True,-76.15960675243856,43.00382448599248
SAINT MARKS AVENUE,477433831,261.9948111734242,A41,True,-76.18692377800178,43.053365021337484
LODI STREET,477430515,262.03454145433835,A31,True,-76.15865784647596,43.06572810311076
COURT STREET,477428662,262.1896741203615,A30,True,-76.15354432029098,43.07499834002142
PUTNAM STREET,477439834,262.22088441014006,A41,True,-76.16934130488848,43.0352665803025
SEDGWICK DRIVE,477430907,262.2723109283147,A45,True,-76.13031068790166,43.06423412639953
LISTMAN AVENUE,477428695,262.27349948588324,A41,True,-76.13685578759963,43.07471261442168
ASH STREET,477431356,262.3366358370418,A41,True,-76.14744483585432,43.06228660419216
GRAY AVENUE,477429727,262.4706454011899,A41,True,-76.12570583625401,43.069314579116046
EAST FAYETTE STREET,477435805,262.51108975150515,A41,True,-76.11426422063333,43.04820971800381
NORTH FRANKLIN STREET,477433815,262.68657996098887,A31,True,-76.15483652718008,43.05372202052029
SUMMIT AVENUE,477440528,262.70828538732724,A41,True,-76.16600799801462,43.032958784545386
POND STREET,477430851,262.75976435369523,A41,True,-76.15264929820309,43.064390151486826
EAST BEARD AVENUE,477441867,262.77091100208617,A41,True,-76.14457276802834,43.02737961507643
HILLSBORO PARKWAY,477438177,262.8242730595417,A45,True,-76.08922429135598,43.04045210216033
SPRING STREET,477430178,262.97510063327275,A41,True,-76.14871356626232,43.0672239170391
WALL STREET,800049154,263.01858512537774,A41,True,-76.17295561792106,43.05168680788847
JAMES STREET,477431636,263.06655627347055,A31,True,-76.13094077827098,43.06096911526826
BUTTERNUT STREET,477431425,263.0793925982767,A41,True,-76.1446617535735,43.0620006134479
LYDELL STREET,477439644,263.10319228445366,A41,True,-76.17845879953177,43.03610213022882
SOLAR STREET,800030812,263.1339069490076,A41,True,-76.17014913099955,43.06669843552965
CALEB AVENUE,477432110,263.23898905607007,A41,True,-76.11137407388695,43.05885675059972
CROSSETT STREET,477441710,263.3097210589403,A41,True,-76.1732893138539,43.027883610996085
EAST TAYLOR STREET,477438522,263.650307369757,A41,True,-76.14611079214305,43.039362637160664
SOUTH CARBON STREET,477430840,263.6623470479179,A41,True,-76.14007905013129,43.06412694386473
SUMMIT AVENUE,477442708,263.7604282847871,A41,True,-76.16570529842552,43.02321710065996
STONE COURT,477436525,264.0133708714384,A41,True,-76.16151590461862,43.045859353710206
WEST KIRKPATRICK STREET,513531395,264.0870582757575,A41,True,-76.16474861153537,43.059168053551
EAST GENESEE STREET,477436244,264.1981873216141,A35,True,-76.13946360113313,43.047006063704316
CRAFTON AVENUE,477446746,264.1996047969521,A41,True,-76.15069986138032,42.99197138160966
JAMES STREET,477431015,264.26652175730015,A31,True,-76.12536717481666,43.06370472189899
MEADOWBROOK DRIVE,477440649,264.2752354700573,A45,True,-76.11214875984825,43.032308983749815
ORANGE ALLEY,477435911,264.3163926265406,A41,True,-76.14045159698199,43.04793164844415
ARDMORE PLACE,477427482,264.3201524801599,A41,True,-76.14343076634421,43.08108912159571
RIVOLI AVENUE,477427846,264.40400664621626,A41,True,-76.13502830616002,43.078827648228554
FAIRFIELD AVENUE,477443655,264.56266019037054,A41,True,-76.1659567807393,43.01688796085435
SEYMOUR STREET,477437712,264.77539169946954,A41,True,-76.17343944238638,43.04183158055249
CORTLAND AVENUE,477440356,264.9227129837013,A31,True,-76.15218117252951,43.03360069382127
COUGHLIN AVENUE,477428923,264.95422226669206,A41,True,-76.1082357604456,43.07355513172358
HIGHLAND STREET,477429604,264.95714562214516,A41,True,-76.14196084488968,43.070172139259626
WARHAM STREET,477429271,265.0927049315806,A41,True,-76.14467881059315,43.07173460890755
ATLANTIC AVENUE,477444452,265.1106283636209,A41,True,-76.15517437989372,43.011117063001265
GRAVES STREET,477431495,265.11111636282016,A41,True,-76.14187077282818,43.06127147280369
SCHOOL STREET,477433865,265.1433977652798,A41,True,-76.18540004039293,43.05345309368375
BARNES AVENUE,477445644,265.2158639136219,A41,True,-76.15877476987771,43.00350361682691
GRIFFITHS STREET,477429737,265.33641279911154,A41,True,-76.14639026604878,43.069426594577145
DAKIN STREET,477435078,265.3608059307329,A41,True,-76.11237640956455,43.05054980813821
SOUTH TOWNSEND STREET,509997561,265.3937236801586,A45,True,-76.14523142710578,43.044651761293295
HAWLEY AVENUE,477433124,265.4092833397646,A41,True,-76.12519733364883,43.05555212010625
SOUTH SALINA STREET,477442363,265.46592886697283,A21,True,-76.1451249044109,43.025207376185406
FORDHAM ROAD,477429329,265.4705592498447,A41,True,-76.12583882594714,43.07126561502373
PARK STREET,477431136,265.53165681157236,A41,True,-76.14098326602321,43.063017126747624
LEWIS STREET,477433075,265.57109330550014,A41,True,-76.19032829021226,43.05584810536694
PARK STREET,477431129,265.77651549359007,A41,True,-76.1399907978612,43.06306164207864
EAST COLVIN STREET,477442110,265.87225535882203,A41,True,-76.13869610616509,43.02619814015728
EAST GENESEE STREET,477436253,266.00343741714096,A31,True,-76.13030383555936,43.046959575423735
GREENWAY AVENUE,477433285,266.0369897214561,A41,True,-76.1194053161427,43.0553371147857
DARLINGTON ROAD,477428163,266.078709544276,A41,True,-76.13653930126127,43.077570160970986
WEST ONONDAGA STREET,477437427,266.11506735884853,A31,True,-76.15432732788109,43.04284395186386
LYDELL STREET,477438994,266.1232323697845,A41,True,-76.17861683744272,43.038393951182144
HAZELWOOD AVENUE,477434312,266.29724620363845,A41,True,-76.09011227742464,43.052100631038314
SOUTH CLINTON STREET,477435895,266.3638968790848,A40,True,-76.15356932767952,43.04833410049076
DANFORTH STREET,477430409,266.43186419869465,A41,True,-76.15760231091703,43.0663811029418
EAST BEARD AVENUE,477441915,266.4852479429908,A41,True,-76.1455078000463,43.027142119263466
SHIRLEY DRIVE,477444562,266.8952083913969,A41,True,-76.15555784270583,43.01078208569057
HILLVIEW AVENUE,477443120,267.00494845039316,A41,True,-76.16215425743529,43.02051363390838
RUGBY ROAD,477430010,267.0712882024571,A41,True,-76.12336717759263,43.06791230887217
ROBERT DRIVE,477441986,267.2983045385035,A41,True,-76.13285987479404,43.02672857340232
SOUTH STATE STREET,477442156,267.32764337347965,A41,True,-76.14350434448254,43.026247075874366
POND STREET,477429545,267.4053405306329,A41,True,-76.1480857676927,43.07050814284132
VELASKO ROAD,477441831,267.41980343706985,A31,True,-76.18543483082189,43.02776109637538
PARK STREET,477428902,267.42159894587076,A31,True,-76.1699911575303,43.0738897498939
EAST GENESEE STREET,481561655,267.4798153060482,A40,True,-76.1512032433928,43.05027721467074
ESSEX STREET,477433294,267.56498393069046,A41,True,-76.1971927835132,43.05509063568847
WEST KIRKPATRICK STREET,513531396,267.5916604626705,A41,True,-76.16563837438733,43.058842089343116
PARK STREET,477431107,267.6930086138108,A41,True,-76.13899427516243,43.06310614459214
NORTH FRANKLIN STREET,600009015,267.7099547855883,A41,True,-76.15626191157915,43.05668372062667
UNIVERSITY AVENUE,477435942,267.84827050030435,A41,True,-76.13429529643156,43.0480981449902
KNAUL STREET,477430309,268.0890351299411,A41,True,-76.14121476549583,43.06651262349633
STOLP AVENUE,477441237,268.0955996566892,A41,True,-76.18108032865484,43.02986459951212
SOUTH FRANKLIN STREET,477435890,268.18519384516543,A41,True,-76.15552926299462,43.04834264606246
EAST CHAFFEE AVENUE,477446201,268.18721131008016,A41,True,-76.14982230778034,42.997722111792065
PINE STREET,477435965,268.2099525024593,A41,True,-76.12978232842968,43.04803963987539
CLARENDON STREET,477438795,268.2256341776794,A41,True,-76.11959206462816,43.03855193227609
EAST WATER STREET,481561654,268.2971346307038,A40,True,-76.1512690772706,43.0505280338788
EAST WASHINGTON STREET,481561660,268.38327358132926,A41,True,-76.15028588469076,43.0495784955936
BUTTERNUT STREET,477432462,268.43893662500136,A41,True,-76.15161028438736,43.057897611407256
JAMES STREET,477429812,268.6124412594909,A31,True,-76.10696279333321,43.06882090899627
ONONDAGA PARK DRIVE EAST,477441801,268.6745736732294,A40,True,-76.16491280544608,43.027874002872466
WILLUMAE DRIVE,477428334,268.68378481568095,A45,True,-76.1507557897402,43.07654616455592
EAST SENECA TURNPIKE,800034273,268.74631614122234,A31,True,-76.14090365492119,43.00052710149799
TYSON PLACE,477429452,268.83262535736014,A41,True,-76.10706683300668,43.070740586611436
WALNUT AVENUE,477435960,268.9130072675775,A41,True,-76.13207479353045,43.04806763578085
BELLEVUE AVENUE,477440537,268.97346999633993,A41,True,-76.18125879248126,43.03263212724858
VALLEY DRIVE,477445123,269.08472050543156,A31,True,-76.15524816071817,43.007047528531075
WILLIS AVENUE,504325333,269.16434036445645,A31,True,-76.19453984938333,43.05570660432095
COUGHLIN AVENUE,477428953,269.3105715074843,A41,True,-76.11038731356595,43.07345813724678
PARK STREET,477429613,269.3810211528247,A41,True,-76.16168410949713,43.06993313650374
ORWOOD PLACE,477427687,269.4633892246235,A41,False,-76.13736340850487,43.079956204349365
THOMPSON ROAD,800049045,269.5483505285462,A35,True,-76.08446480461386,43.05972220563367
HILLSIDE STREET,477427769,269.6723977371577,A41,True,-76.1395457814217,43.07943465319919
SOUTH CLINTON STREET,477439448,269.74271617798354,A40,True,-76.15143665336834,43.038622471604434
CRIPPEN PLACE,477445563,269.7432641060675,A41,True,-76.14417780312094,43.004146092116166
KIRKPATRICK STREET,800071659,269.92128802902664,A41,True,-76.14957288773012,43.07433816254988
BRADLEY STREET,477440127,270.041760876997,A41,True,-76.17244277228339,43.034399100424025
LYNCH STREET,477434698,270.0570129264755,A41,True,-76.11920527966979,43.05145809973638
CONKLIN AVENUE,477430637,270.0890069137142,A41,True,-76.0892313434993,43.06526255194249
GENESEE PARK DRIVE,477436799,270.12656462174857,A41,True,-76.10909686857069,43.04498744752302
SOUTH ALVORD STREET,477431219,270.1889710412727,A41,True,-76.14763935046803,43.06278613451262
NICHOLS AVENUE,477430993,270.407428824038,A41,True,-76.10347580741025,43.06384210811221
TYSON PLACE,477429460,270.4966474278835,A41,True,-76.10807482362122,43.07070061830909
LONGMEADOW CIRCLE,477447068,270.89587495824895,A41,True,-76.14640977808814,42.98841161552241
BEAR STREET,477430241,270.98573236603,A31,True,-76.16320526104086,43.067122608248795
MEADOWBROOK DRIVE,800039147,270.9867356752393,A35,True,-76.10027586321908,43.041714036860846
VALLEY DRIVE,477444602,271.09087652098935,A31,True,-76.15703523994056,43.01050160230513
MARY STREET,800040699,271.1224866395879,A41,True,-76.1495703336363,43.06418700854685
SUNNYCREST ROAD,477431297,271.13939843552896,A41,True,-76.09665186084887,43.06227276275659
COUGHLIN AVENUE,477428907,271.15185489998316,A41,True,-76.10723426279512,43.073600126358244
DARLINGTON ROAD,477428320,271.20230202753515,A41,True,-76.13648079981829,43.07683414547951
SALT SPRINGS ROAD,477436062,271.22773102467215,A31,True,-76.09554015120345,43.04753237849536
COURT STREET,477427499,271.2465052784351,A31,True,-76.14170128487203,43.08095114795304
THOMPSON ROAD,477433071,271.29384626968715,A35,False,-76.08312850566975,43.05599993689192
CLARKE STREET,477438692,271.35766842617574,A41,True,-76.11860776574464,43.03894361853031
TEALL AVENUE,477429686,271.3653521383024,A31,True,-76.12298425411097,43.06980561195358
WEST JEFFERSON STREET,477436140,271.4555707603356,A41,True,-76.1559774082264,43.04735075069024
CRESCENT AVENUE,477441557,271.470412579123,A41,True,-76.16039106793252,43.0286177681901
PHELPS PLACE,477446143,271.6101973431252,A41,True,-76.13823728658824,42.99868961038457
HILLSIDE STREET,477427680,271.68320314092165,A41,True,-76.13884625434844,43.07997213824863
ACADEMY PLACE,477446450,271.71085428407935,A41,True,-76.15148233670187,42.995329595882524
WADSWORTH STREET,477428640,271.8774884365945,A41,True,-76.13926532881744,43.07531412621036
MELROSE AVENUE,477430744,271.89687247517253,A45,True,-76.11717176690136,43.06446962876453
SALISBURY ROAD,477437684,271.99691161530006,A41,True,-76.19601109471691,43.04203321556797
TYSON PLACE,477429480,272.07505257527964,A41,True,-76.11016429199324,43.07061616083757
EAST BRIGHTON AVENUE,800032735,272.3556924004269,A31,True,-76.13944471583929,43.01960529112176
MELROSE AVENUE,477430704,272.3961299894645,A45,True,-76.1171832613529,43.064615665375705
SOUTH AVENUE,477442637,272.60619549734946,A31,True,-76.15928134980024,43.02361166920904
ALMOND STREET,506022036,272.64425536328287,A45,True,-76.14264704944979,43.04309571044388
EUCLID AVENUE,477439913,272.90323690210244,A41,True,-76.10508721970714,43.03484663076814
SUMMIT AVENUE,477442876,272.98907684742227,A41,True,-76.16564631276661,43.02240559211252
BELLAIRE PLACE,477442575,272.9945655960526,A41,True,-76.16287230779737,43.023965596981256
STINARD AVENUE,477443114,273.0931920464092,A41,True,-76.17216077708957,43.02076908717739
SOUTH SALINA STREET,477442795,273.1006129676425,A21,True,-76.14399379198272,43.02281211747956
ONONDAGA CREEK BOULEVARD EAST,477444231,273.23484728409016,A41,True,-76.15371931606508,43.012941110605354
FIRST NORTH STREET,511383769,273.24858018298704,A45,True,-76.14698117946669,43.06866538040831
SOUTH TOWNSEND STREET,509997040,273.3190370950944,A45,True,-76.14579984062395,43.040625051816036
GARFIELD AVENUE,477441778,273.31996175155916,A41,True,-76.14206479969212,43.02797711458628
TEALL AVENUE,477432232,273.39831727871234,A31,True,-76.12223875389417,43.05878412053519
CURTIS STREET,477430004,273.56221696580536,A41,True,-76.14744032590028,43.06821414612007
HIAWATHA BOULEVARD EAST,477427426,273.61184223491085,A31,True,-76.15815497744707,43.082000223343016
HIAWATHA BOULEVARD WEST,508421413,273.6159619718708,A35,True,-76.16744985839851,43.07037478242949
KING STREET,477439015,273.6921722898828,A41,True,-76.15375616853414,43.038370613975516
SOUTH TOWNSEND STREET,509997036,274.0503765829468,A45,True,-76.14566235048298,43.040631717987694
ATLANTIC AVENUE,477444476,274.10188148066294,A41,True,-76.15418380711594,43.01098361506252
HUTCHINSON AVENUE,477443761,274.13186111724525,A41,True,-76.16596284851401,43.01600562562423
SPRING STREET,477429762,274.2325584735676,A41,True,-76.15268982496325,43.06931859851972
NORTH GEDDES STREET,477432863,274.3982518622553,A31,True,-76.1703962776883,43.05668612319128
WEST WARRINGTON ROAD,477446508,274.5648296776866,A41,True,-76.14591068257326,42.994402166133405
WHITWELL DRIVE,477430418,274.589875206787,A41,True,-76.13761089752491,43.066405367849505
APPLE STREET,477434764,274.6015536857324,A41,True,-76.17580682064397,43.05117860850966
PARK STREET,477429468,274.6286658678669,A41,True,-76.16393130112226,43.07082513566908
IRVING AVENUE,477436639,274.8062972647249,A31,True,-76.13776528716389,43.04575758772397
PLYMOUTH DRIVE,477430495,274.88070929568244,A41,True,-76.09982728144341,43.06601211012066
LEMOYNE AVENUE,477429415,275.0920831820372,A41,True,-76.16219582194877,43.071198602671636
SALT SPRINGS ROAD,477436012,275.1001801638551,A31,True,-76.08963713721455,43.04758250106234
SOUTH GEDDES STREET,477439572,275.21864942100314,A31,True,-76.17384268008482,43.0363231148843
EUCLID TERRACE,477439303,275.28039263523215,A41,True,-76.11793586451795,43.03723326046358
HARRISON STREET,477741240,275.3041374645494,A40,True,-76.14309646706332,43.04435361972922
TAFT AVENUE,477428759,275.36774749028126,A41,True,-76.1149262235648,43.07518745870137
DOLL PARKWAY,506986291,275.45048293351596,A45,True,-76.08760826206779,43.04441863842122
MORTON STREET,477433500,275.5212560405594,A41,True,-76.19678783875658,43.05449564293627
COURT STREET,477427423,275.7563635149945,A31,True,-76.14088427570442,43.08140364106571
WOLCOTT AVENUE,477441811,275.76907176884447,A41,True,-76.18269728505904,43.02782458597904
MEADOWBROOK DRIVE,477439064,276.0265676015294,A35,True,-76.10907224802777,43.03802459493842
WEST MARCELLUS STREET,477437037,276.04873781671967,A41,True,-76.17512128642336,43.044245135687504
BROAD STREET,477441024,276.20215301489236,A41,True,-76.111196073747,43.03083743350656
EAST COLVIN STREET,477442096,276.2395378889589,A31,True,-76.14081151796492,43.02628474611421
SPRING STREET,477430421,276.2407679539996,A41,True,-76.14625580387973,43.06620865922314
LANCASTER AVENUE,477441743,276.3507222849961,A41,True,-76.12211533120158,43.02816411439228
HILLSIDE STREET,477428116,276.3702908780283,A41,True,-76.14176178920997,43.077739642301246
GRANT BOULEVARD,477429070,276.39381940145853,A31,True,-76.1438740419837,43.07285493876036
DEWITT STREET,477431188,276.4026622248445,A41,True,-76.13347678016565,43.06310084657208
HILLSIDE STREET,477427888,276.5835454281101,A41,True,-76.1402542692905,43.07889414812065
JAMES STREET,477429981,276.6392638484557,A31,True,-76.1160956546658,43.06821935396221
OTISCO STREET,477436382,276.9345817642684,A41,True,-76.15951220109707,43.046502881700356
VAN RENSSELAER STREET,477433309,277.02630426012433,A41,True,-76.16598731755917,43.055249607433105
NOTTINGHAM ROAD,477442038,277.026859993701,A31,False,-76.11134777341701,43.02683312887479
AMES AVENUE,477445666,277.3028133240677,A41,True,-76.15782482771286,43.00332459535481
SOUTH GEDDES STREET,477439200,277.3391023746214,A31,True,-76.17333378473903,43.037614128265616
LEMOYNE AVENUE,477429742,277.428348927496,A41,True,-76.1634332808307,43.06956762996936
WEST STREET ARTERIAL NORTHBOUND,477435880,277.5328764088998,A35,True,-76.15816775426688,43.04837285413366
EAST WILLOW STREET,477434174,277.67331143490395,A41,True,-76.15164277871926,43.05237349198572
EAST FAYETTE STREET,477435780,277.8034035341087,A41,True,-76.11108479522122,43.048276112520526
EUCLID AVENUE,477439412,277.8497643906572,A31,True,-76.1106225775192,43.03674582903716
MARCELLUS STREET,477436105,277.9321634373813,A41,True,-76.15991572599675,43.047446199147764
BYRNE PLACE,482659662,278.28891601794186,A41,True,-76.14111733427143,42.99731400632976
DOLL PARKWAY,506986295,278.3469601299681,A45,True,-76.08745766615785,43.04443335004888
CLARENCE AVENUE,477445472,278.3547113591936,A41,True,-76.13918374603848,43.004394607422434
DESTINY USA DRIVE,600055692,278.3851328847731,A41,True,-76.17184411352997,43.073151425659134
TEALL AVENUE,477430792,278.38922889356434,A31,True,-76.1226612899737,43.0646511541835
HIXSON AVENUE,477430967,278.40984103514893,A41,True,-76.12016531645922,43.06398215018075
DRISCOLL AVENUE,477433907,278.5614175055689,A41,True,-76.19600081129863,43.053375111084755
VELASKO ROAD,477439667,278.56698288235464,A31,True,-76.18821327070327,43.03605984029643
JAMES STREET,477430217,278.6079833462487,A31,True,-76.1183857452561,43.06711911434582
ATLANTIC AVENUE,477444505,278.7699261288483,A41,True,-76.15317027299331,43.010834129652814
WENDELL TERRACE,477430071,278.7962181229576,A41,True,-76.12972169301365,43.06787546575758
SOUTH AVENUE,800048967,278.84904403752614,A31,True,-76.1672671677659,43.01185825630796
PARK STREET,477430726,278.891200107898,A41,True,-76.1485847760505,43.064715125976946
IVES AVENUE,477435267,278.9625765408315,A41,True,-76.11602777302207,43.05035493597348
OAK STREET,477434156,279.0018477873011,A41,True,-76.13307924952817,43.05277211407066
COURT STREET,477427835,279.02488085097156,A31,True,-76.14511929915201,43.07906113936168
HOOD AVENUE,477428304,279.0888395867604,A41,True,-76.1483158022266,43.0768221070298
VALLEY DRIVE,477445007,279.1034095482016,A31,True,-76.15561041205603,43.007751216386836
LEXINGTON AVENUE,477436126,279.3364927664211,A41,True,-76.11414076664077,43.047235104475725
BROAD STREET,477441083,279.3427600937496,A41,True,-76.11522978451742,43.03057360487065
KANE ROAD,477431578,279.37205341311784,A41,True,-76.19779006513757,43.061148671352164
HIAWATHA PLACE,800041915,279.4204782485409,A41,True,-76.15862385538178,43.07941690572793
SALT SPRINGS ROAD,477436492,279.4406757408045,A31,True,-76.10530326005973,43.04597160324274
SALT SPRINGS ROAD,477436742,279.51890044060366,A31,True,-76.11183121004441,43.04492801439539
NURSERY LANE,477442933,279.5302836814113,A41,True,-76.12771424234269,43.02190960555571
ORISKANY DRIVE,477442652,279.5424090230298,A41,True,-76.13742416800325,43.02316627147238
SOUTH LOWELL AVENUE,477436320,279.670273851259,A41,True,-76.18090727749558,43.04699063848191
GRANT BOULEVARD,477429168,279.8545930849589,A31,True,-76.13956492776575,43.07225757909138
WILSON PLACE,477437916,279.865291249763,A41,True,-76.08377958056383,43.04157556353786
PARK STREET,477430832,279.98165930488403,A41,True,-76.14766975748259,43.064343626139035
WEST END DRIVE,477432240,280.0617611295658,A41,True,-76.1978913624257,43.058738012684046
HIXSON AVENUE,477431343,280.0779932429898,A41,True,-76.12006882674228,43.06244352139406
SNELL TERRACE,477446142,280.1193972773351,A41,True,-76.13769993192105,42.99900393229562
MOSLEY DRIVE,477430968,280.15517937784807,A41,True,-76.10082432198487,43.06397111281758
MARK AVENUE,477442270,280.24763983144885,A41,True,-76.14986834185515,43.02563909447502
CARBON STREET,477429992,280.2752690839656,A41,True,-76.15354978393076,43.068160102421395
EAST WASHINGTON STREET,477435473,280.2766900894863,A41,True,-76.12922998187561,43.04930947658787
MARK AVENUE,477442408,280.27687529299493,A41,True,-76.14953490183909,43.02490991216238
MELROSE AVENUE,477430720,280.31237627240716,A45,True,-76.11821526130531,43.06456465784756
RENWICK AVENUE,477439556,280.4516080669379,A41,True,-76.1415644939667,43.0364522180699
HIXSON AVENUE,477431487,280.47085976683115,A41,True,-76.12001076576422,43.06167562387456
EAST GENESEE STREET,477436180,280.48036008473537,A35,True,-76.13948886063768,43.04718102501334
GRAND AVENUE,477438736,280.4855565050302,A31,True,-76.1781277864239,43.03883022753452
PLYMOUTH DRIVE,477431468,280.498585724889,A41,True,-76.09838478558642,43.0618156004045
CARBON STREET,477430562,280.5320772048752,A41,True,-76.14681330279134,43.06545611955122
TEALL AVENUE,477430988,280.6039057403014,A31,True,-76.12260629151135,43.0638851539514
MELROSE AVENUE,477430758,280.6236571344933,A45,True,-76.1182047491357,43.064435631028886
WALNUT AVENUE,477436259,280.6634084407616,A41,True,-76.1320922958957,43.04731361781123
TEALL AVENUE,477431509,280.9013881415531,A31,True,-76.12244274648536,43.06157862925672
SEVENTH NORTH STREET,477427785,280.99280031594805,A31,True,-76.15264827576208,43.079366132691355
MARLETT STREET,477444856,281.0239273955875,A41,True,-76.15534279771485,43.00830762655101
FIRST NORTH STREET,477429581,281.1883094289544,A41,True,-76.15079776136518,43.0701111602921
STEVENS AVENUE,477445174,281.3018636101272,A41,True,-76.14073079775602,43.00668563693909
BURDICK AVENUE,477428182,281.5195886205472,A41,True,-76.15549034257104,43.077305119341716
VILLAGE DRIVE,477429494,281.6740193851733,A40,True,-76.11753260763939,43.07057950497345
COLUMBUS AVENUE,477435690,281.7119343530464,A31,True,-76.12140160224169,43.048903354430166
EAST FAYETTE STREET,477435674,281.72691779268274,A41,True,-76.14336927396707,43.04857262072652
WILLUMAE DRIVE,477427808,281.8338285678119,A41,True,-76.15770675767965,43.07914959951071
GRAVES STREET,477431646,281.9340939131096,A41,True,-76.13910707045633,43.06105033303276
HIXSON AVENUE,477431179,282.01605410794156,A41,True,-76.1201108048977,43.063214163130034
SOUTH SALINA STREET,477443087,282.1431540930029,A21,True,-76.14315230273583,43.02105011214799
MEADOWBROOK DRIVE,477438556,282.24411693907416,A35,True,-76.10784537313934,43.039588535232696
WHEATON ROAD,477429195,282.33870611916103,A41,True,-76.12641578209733,43.0725116119996
EAST FAYETTE STREET,477435801,282.42002076604234,A41,True,-76.1121307962077,43.04822659995194
MILFORD DRIVE EAST,477430288,282.79366202621276,A41,True,-76.09609932234005,43.06702179922934
VAN RENSSELAER STREET,477435508,283.0117665096515,A41,True,-76.16623234747102,43.04961262700248
MITCHELL AVENUE,477444087,283.10164364784197,A41,True,-76.17037631374608,43.01409060911171
SWANSEA DRIVE,477429014,283.21707806643957,A41,False,-76.11907029269557,43.07312089832602
GENANT TO NORTH CLINTON CONNECTOR,477430853,283.28165022967494,A41,True,-76.16140857600534,43.064366779855746
EAST WASHINGTON STREET,477435432,283.2987963101757,A41,True,-76.13937832627036,43.04942913214238
WEST ONONDAGA STREET,477438157,283.405622792129,A31,True,-76.15767633231009,43.04037176459576
HAROLD STREET,477428670,283.73040680639673,A41,True,-76.14202530729857,43.07482759088386
WELDON AVENUE,477427557,284.005849300099,A41,True,-76.14561878052956,43.080633652601875
HERTFORD STREET,477441576,284.2089325446123,A41,True,-76.12381717378112,43.028472193648504
BELLEVUE AVENUE,477440563,284.48802855172477,A41,True,-76.18354479783397,43.03254758823973
SOUTH CLINTON STREET,477437128,284.5649799069795,A40,True,-76.1534024639636,43.04401289764433
MARCIA STREET,477427740,284.56701070512145,A41,True,-76.15054231769456,43.0795831382132
BERKELEY DRIVE,477440398,284.5961577266376,A45,True,-76.1277921991298,43.03348942393005
NORTHWAY STREET,477433987,284.6829761439912,A41,True,-76.09015132275913,43.05295662450111
RIDGEWOOD DRIVE,477430454,284.70671172029796,A41,True,-76.09426827289514,43.06624964550045
SUNSET AVENUE,477430614,284.749960320447,A40,True,-76.15996384518462,43.0652186133739
CARBON STREET,477430494,284.8126799038044,A41,True,-76.14774029270562,43.06583011737344
SPRINGFIELD ROAD,477434717,284.94424055581396,A41,False,-76.08894297323114,43.051305897826616
TEALL AVENUE,477431363,285.0177100854242,A31,True,-76.12249828166435,43.06235412467499
WEST BEAR STREET,477431504,285.03880081302987,A31,True,-76.1697129843594,43.06156255561725
EAST BRIGHTON AVENUE,800041393,285.075084691096,A31,True,-76.13138990307586,43.00727831872992
SOUTH SALINA STREET,477446605,285.146847435217,A21,True,-76.14367884037961,42.99390261858596
WEST SENECA TURNPIKE,477445645,285.30849817861605,A31,True,-76.15925819357024,43.00330153768161
FOREST HILL DRIVE,477430909,285.4365805824373,A45,True,-76.11090181376339,43.06425165553822
GILBERT AVENUE,477430228,285.677993662964,A41,True,-76.14564976928705,43.067053081177036
OAKWOOD AVENUE,477439698,285.7470896268708,A41,True,-76.14542965630376,43.03601222567256
HIGHLAND PLACE,477431917,285.8088831167311,A41,True,-76.14174064183781,43.05974770277144
SOUTH SALINA STREET,477447082,285.8722808840546,A21,True,-76.14417876554643,42.9885221005887
ALMOND STREET,477436631,286.0580979311729,A45,True,-76.1422063418209,43.045800107592875
SOLAR STREET,800030814,286.10639798887564,A41,True,-76.16936445262014,43.06621158678783
ERIE BOULEVARD EAST,477435491,286.1133262612533,A25,True,-76.12294468516154,43.04927868846011
SALT SPRINGS ROAD,477436129,286.17797557946096,A31,True,-76.09691711756085,43.04730964026238
SALISBURY PARK DRIVE,477435977,286.27003343946217,A41,True,-76.09752980953002,43.04804659177724
GRANT BOULEVARD,477429554,286.3500794744881,A31,True,-76.11901836101079,43.070360223265034
COURT STREET,477427576,286.35423911148627,A31,True,-76.14253333789742,43.08048913379188
CRADDOCK STREET,477443115,286.36925831603276,A41,True,-76.16265478289733,43.02090361126314
CADILLAC STREET,477427384,286.42030074772873,A41,True,-76.14715483815952,43.08170312139335
EUCLID AVENUE,477439311,286.51454064927566,A31,True,-76.1183993139344,43.03684165833329
SUMMIT AVENUE,477443195,286.51881167021924,A41,True,-76.16547881377652,43.02026610685003
MAPLE STREET,800032785,286.5273806561572,A41,True,-76.12547810462326,43.0457528070808
EAST GENESEE STREET,477437964,286.5973381270927,A31,True,-76.08542452142437,43.04131816136092
TALLMAN STREET,477439739,286.7142283888484,A41,True,-76.16321132814288,43.03555210692553
SHONNARD STREET,477437506,286.72318517301085,A30,True,-76.15521068499294,43.04257251324206
PERSHING AVENUE,477428817,286.93981247022265,A41,True,-76.13970634457405,43.07415963501726
MIDLAND AVENUE,477438880,286.9725278921456,A41,True,-76.15638614277225,43.03864748497213
CORTLAND AVENUE,477440861,287.01106083487133,A31,True,-76.15344894571459,43.031701704627295
SALT SPRINGS ROAD,477436716,287.01383909887824,A31,True,-76.11079226593853,43.045078449700185
WEST FAYETTE STREET,477435775,287.12629265749075,A41,True,-76.1603313305778,43.0483905769424
JAMES STREET,477429806,287.13067778025646,A31,True,-76.10582754349353,43.06887624387998
SCHOOL STREET,508421635,287.17031461827565,A40,True,-76.1864696973601,43.05304905624261
EAST GENESEE STREET,477436368,287.2119254467489,A31,True,-76.12299881957063,43.04668760115361
WEST BRIGHTON AVENUE,477443328,287.2249184206299,A31,True,-76.15502106344985,43.019241279570345
ARGONNE DRIVE,477441944,287.29696090910625,A41,True,-76.18030484072821,43.0269085470349
WEST KENNEDY STREET,800032594,287.29817214875203,A31,True,-76.15074233958943,43.02989010891791
AINSLEY DRIVE,477444444,287.3055947764723,A41,True,-76.13186331450885,43.011172106737284
FOREST HILL DRIVE,477430912,287.34948984436915,A45,True,-76.1110237829491,43.06424912056957
CONIFER DRIVE,800048252,287.3892613343111,A41,True,-76.13946421539573,42.99064823506038
SPAID AVENUE,477441413,287.4358002975888,A41,True,-76.11321825723402,43.0292411009071
BELLEVUE AVENUE,477440476,287.478181594097,A41,True,-76.17467530659502,43.03286513663331
POLK STREET,800039888,287.5564577060385,A41,True,-76.09021811108886,43.053806856399596
MILTON AVENUE,477432103,287.5788014133569,A31,True,-76.1972667880554,43.058985591548236
ELLEN STREET,477427631,287.61693633126237,A41,True,-76.15139929839087,43.08019765281489
CULVER DRIVE,477430836,287.65857212677463,A41,True,-76.09688476347162,43.06453064224072
EAST COLVIN STREET,477442808,287.6789409262294,A31,True,-76.11152429237264,43.02242309415356
TYSON PLACE,477429469,287.76125881047795,A41,True,-76.1091183187751,43.07066115279004
ROSEMONT DRIVE,477446614,287.76952559583594,A41,True,-76.14586525433582,42.9934181176462
TECUMSEH STREET,477441904,287.95109703515885,A41,True,-76.1130288049191,43.027099094932865
BALL AVENUE,477436020,287.9931916142888,A41,True,-76.10009079413302,43.0479171385829
FOREST HILL DRIVE,477431120,288.0036894907446,A45,True,-76.11095723352277,43.0634611198483
ALMOND STREET,477437241,288.07093643353653,A45,True,-76.14252154759109,43.04398408137259
THURBER STREET,477443467,288.1938106285424,A41,True,-76.1352789450536,43.01813321374502
VIEAU DRIVE,477441047,288.2923003381822,A41,True,-76.18344033538605,43.03068861542396
SOUTH LOWELL AVENUE,477436487,288.34174811121375,A41,True,-76.1804183005902,43.04629861556133
CANNON STREET,477443751,288.3993957889161,A41,True,-76.14516731013481,43.01646509417407
SAND STREET,477432903,288.5582003400804,A41,True,-76.16760003465103,43.05659682490902
HAWLEY AVENUE,477433157,288.72460373976566,A41,True,-76.12828480739103,43.055429148766976
CROSSETT STREET,477441706,288.7467628141399,A41,True,-76.17225729055312,43.02790508359506
FOREST HILL DRIVE,477431118,288.8776448912019,A45,True,-76.11083381934621,43.06346515449225
SHERMAN STREET,477442189,288.9550385627359,A41,True,-76.11290982070847,43.02579111612263
THURBER STREET,477443314,289.1072200489928,A41,True,-76.12523586439622,43.01933072103241
VALLEY DRIVE,477445227,289.1361388279644,A31,True,-76.1548501772479,43.00627654310811
SPRINGBROOK AVENUE,477445283,289.15386973490877,A41,True,-76.13872214790442,43.00598186797951
WOLCOTT AVENUE,477441636,289.26628725739914,A41,True,-76.18274683161896,43.02859908182224
BALL AVENUE,477435520,289.42366628212244,A41,True,-76.10022827769572,43.04950211979835
BERKELEY DRIVE,477440407,289.45232680796727,A45,True,-76.12790325954167,43.03347086606789
HURLBURT ROAD,477437735,289.4711629549247,A41,True,-76.1008658379812,43.042179037405305
OAKWOOD AVENUE,477439365,289.5786087837736,A41,True,-76.14551707429055,43.03701710305874
SOUTH SALINA STREET,477441681,289.62690051298733,A21,True,-76.14662580714418,43.02837711356917
EAST GENESEE STREET,477436744,289.80871481490254,A31,True,-76.11287366724055,43.04498511521154
SEELEY ROAD,477435082,289.89056382662,A31,True,-76.10387124304634,43.05091061079592
LEWIS STREET,477433173,289.89359862141134,A41,True,-76.19125176747079,43.05549860611804
BALL AVENUE,477435753,289.9890842034559,A41,True,-76.10015976269793,43.04870863647607
FOREST HILL DRIVE,477430550,290.00210902296493,A45,True,-76.11116125929892,43.06573061809371
CHEMUNG STREET,477432617,290.00383508433606,A41,True,-76.19628384722446,43.057316644797176
EAST GLEN AVENUE,477444701,290.00607431991216,A41,True,-76.13413613531051,43.008815903782235
BALLANTYNE ROAD,477444544,290.2069482778401,A41,True,-76.14823134399813,43.01051211176163
SALISBURY PARK DRIVE,477435709,290.4449286235845,A41,True,-76.09760380552045,43.04883610710113
BURDICK AVENUE,477428269,290.4772490001019,A41,True,-76.15454678940964,43.07693414402812
VAN RENSSELAER STREET,477432941,290.54388842614685,A41,True,-76.1659322795995,43.056473119904894
SOUTH LOWELL AVENUE,477436104,290.6304417093615,A41,True,-76.181397795707,43.047685615203086
SLOCUM DRIVE,477443352,290.75989927350963,A41,True,-76.11616908318437,43.01938943095615
WEST KIRKPATRICK STREET,506021510,290.76015208230257,A41,True,-76.16967935198052,43.05747260026519
GRANT BOULEVARD,477428616,290.93099499652874,A31,True,-76.15579103800249,43.07525138892209
DARLINGTON ROAD,477427688,291.03612061648715,A41,True,-76.13810378357873,43.07996561317766
HERKIMER STREET,477433673,291.0438359330596,A41,True,-76.1902322861597,43.0540526322046
SOUTH MCBRIDE STREET,506986285,291.06544880929664,A41,True,-76.1436927528863,43.03710413124494
GRANT BOULEVARD,477428765,291.0754718570689,A41,True,-76.15422216786862,43.07459485338948
SOUTH WILBUR AVENUE,477436307,291.10757436647015,A41,True,-76.17850883912409,43.04702810723201
LAMBRETH LANE,800076699,291.1336967194636,A41,True,-76.11635038575734,43.01556666693686
SALISBURY PARK DRIVE,477435499,291.2809973466093,A41,True,-76.09767528855758,43.04963262519496
JAMES STREET,477429755,291.4978928044091,A31,True,-76.09943780833021,43.06917863355199
CRADDOCK STREET,477442981,291.5385815593782,A41,True,-76.16266127948988,43.02169660922993
RILL AVENUE,477444355,291.63231877076834,A41,True,-76.14834737992197,43.01191753579193
SOUTH AVERY AVENUE,477439435,291.7341553258162,A41,True,-76.1880291723088,43.03682753543661
SAINT MARYS TERRACE,477427682,291.74575468455384,A41,True,-76.14733880960115,43.0799886461534
SOUTH GLENCOVE ROAD,477430830,291.79215398750995,A41,True,-76.0957658570634,43.064188785581514
EAST COLVIN STREET,477442818,291.9149206535781,A31,True,-76.11260580428014,43.02236963073816
CULVER DRIVE,477430482,291.9564844931749,A41,True,-76.09722035385154,43.0661049098204
NORTH STATE STREET,477432854,292.0006597149771,A21,True,-76.15175132706588,43.056671342359714
SALISBURY PARK DRIVE,477435244,292.0141797748449,A41,True,-76.09773975794661,43.05043164189091
MIDLAND AVENUE,477443569,292.0640328306098,A31,True,-76.14843028198953,43.01776364051249
SPRINGBROOK AVENUE,477445165,292.1523391497821,A41,True,-76.13879814221958,43.00677737492447
TYSON PLACE,477429447,292.5278119098334,A41,True,-76.10601827774609,43.07078908705319
ELIZABETH STREET,477441967,292.54956576278516,A41,True,-76.14127823798735,43.02680914370761
POND STREET,477431010,292.7118638268996,A41,True,-76.15314735366171,43.063721114612754
TOMPKINS STREET,477436909,292.8176271767705,A41,True,-76.19103021315563,43.04449248013433
BALL AVENUE,477435291,292.83133727183,A41,True,-76.10029428811998,43.05029963425041
JAMES STREET,477429779,293.05193950215624,A31,True,-76.1020227501153,43.069056802791486
MARY STREET,477430553,293.10400910853565,A41,True,-76.14846794647477,43.06566476663809
OSTROM AVENUE,477439002,293.2000723053072,A41,True,-76.12836772050579,43.038377147538746
ELSNER STREET,477429885,293.239206619136,A41,True,-76.13587849197978,43.06849937875376
DESTINY USA DRIVE,600024760,293.24474586520165,A41,True,-76.16985735582458,43.07047599145082
FOREST HILL DRIVE,477430551,293.32363215277354,A45,True,-76.11103779483948,43.065732132109346
CULVER DRIVE,477430626,293.41259476042666,A41,True,-76.09698502677632,43.06532242379214
BURNET AVENUE,477433872,293.418165787718,A41,True,-76.12505574715864,43.05341611303337
BELLEVUE AVENUE,477440525,293.5673288127964,A41,True,-76.18020778922424,43.032669626027165
ERIE BOULEVARD EAST,477435347,293.62760493700097,A25,True,-76.11944746610487,43.049748497554404
EAST GLEN AVENUE,511163835,293.6531101823085,A41,True,-76.13745007256108,43.009586886438214
ELLIOTT STREET,477439847,293.76890767080147,A41,True,-76.16945652074865,43.03507137107898
MIDLAND AVENUE,477444535,293.8401928471448,A31,True,-76.14772181239258,43.01093410677952
HUDSON STREET,477441546,293.9849836119881,A41,True,-76.15933958314663,43.02894529857472
CANNON STREET,477443530,294.0632509680641,A41,True,-76.14582783290408,43.01803209538907
SIDNEY STREET,477430508,294.082616958311,A41,True,-76.13568826074494,43.065627094568896
GRIFFITHS STREET,477429805,294.14325975926687,A41,True,-76.14547425996551,43.06905459252296
HOLMES STREET,477443603,294.21214424999056,A41,True,-76.12502891248174,43.01720185510607
PEAT STREET,600008897,294.2438111509279,A41,True,-76.11518822691481,43.05174491376605
TALLMAN STREET,477439483,294.2459947342723,A41,True,-76.15012061991132,43.03638394414086
FENTON STREET,477438762,294.2922045861684,A41,True,-76.17364390262797,43.03914025921224
SEELEY ROAD,477434707,294.3140975795262,A31,True,-76.103941767513,43.0517106007129
FOREST HILL DRIVE,477430395,294.3879323736339,A45,True,-76.1112372419453,43.06653059318415
FIRST NORTH STREET,477429789,294.45390037074435,A41,True,-76.14847332998669,43.0691721200565
PLUM STREET,477432774,294.526648574458,A41,True,-76.15704921616397,43.0567831256711
SHERMAN STREET,477442171,294.63299262941496,A41,False,-76.11182181131053,43.02585509089673
FOREST HILL DRIVE,477430393,294.71941570849987,A45,True,-76.11111331441711,43.066537154611304
STATE FAIR BOULEVARD,800032566,294.7534430942014,A41,True,-76.18161213329641,43.05458246058885
ERIE BOULEVARD EAST,477435281,294.958843272936,A25,True,-76.11962927881648,43.05008867077875
SPRING STREET,477430096,294.97315318988024,A41,True,-76.14962328495197,43.06759962501136
SUNNYCREST ROAD,477431315,295.21128040585444,A41,True,-76.09897224794354,43.06217011016526
STEVENS AVENUE,477445303,295.22060769531254,A41,True,-76.14054276594403,43.00590664631896
ULSTER STREET,477436587,295.2966502159091,A41,True,-76.19189531975616,43.045695634661776
COUGHLIN AVENUE,477428898,295.4078636341199,A41,True,-76.10617580497009,43.07364710347542
RUGBY ROAD,477430205,295.459641455732,A41,True,-76.1346638385121,43.06695462437651
SCOVILLE AVENUE,477429705,295.7123285661564,A41,True,-76.13593559830494,43.0693769382827
SPAID AVENUE,477441390,295.7643449204697,A41,True,-76.11213178766565,43.02931213296703
MERTENS AVENUE,477429345,295.80910446466874,A41,True,-76.13494428998352,43.071207630005226
CLYDE AVENUE,477443230,295.99046973597535,A41,True,-76.16167918394949,43.0201211261752
RUGBY ROAD,477430222,296.10392968094385,A41,True,-76.13576879339607,43.06690566136979
FARMER STREET,477430764,296.1697328329428,A41,True,-76.13449531331216,43.06440314544379
GILBERT AVENUE,477429940,296.30815383311915,A41,True,-76.14901777597206,43.068421096960414
EAST RAYNOR AVENUE,477439743,296.31874007556655,A21,True,-76.14771731504821,43.03548563721247
MEADOWBROOK DRIVE,477439272,296.3717718450889,A35,True,-76.10959750048629,43.03734025696098
FARMER STREET,477430778,296.42454239252885,A41,True,-76.13560230898027,43.06435411905051
DESTINY USA DRIVE,800037509,296.45458048837867,A41,True,-76.17022548852472,43.06794628528457
CORTLAND AVENUE,800030648,296.57608041221783,A31,True,-76.15087506670498,43.03601438383545
RANN AVENUE,477433906,296.6001844104033,A41,True,-76.18641951397198,43.05346617446953
HIAWATHA BOULEVARD EAST,508421553,296.64055810320764,A35,True,-76.1668289907111,43.070993430359884
MIDLAND AVENUE,800040328,296.72691614237885,A31,True,-76.14702175618109,43.002847086608874
SCOVILLE AVENUE,477429693,296.8256493356023,A41,True,-76.13482912973512,43.06943011590394
BURNET AVENUE,477434127,297.06627780539316,A41,True,-76.12806431511675,43.05259158690882
COMSTOCK AVENUE,477443432,297.25734235252924,A41,True,-76.12819478358757,43.01878261507365
TALLMAN STREET,477439443,297.2621329242585,A41,True,-76.15342816025074,43.036418531313885
ULSTER STREET,477436412,297.3082705076275,A41,True,-76.1899123062913,43.04645161138817
MADISON STREET,477436614,297.34237076064227,A41,True,-76.12300277506199,43.04545411630199
WADSWORTH STREET,477427297,297.37797562645665,A41,True,-76.14561631517245,43.08210664416861
WOLCOTT AVENUE,477441464,297.38289967674575,A41,True,-76.18280081270642,43.02940311259023
GRAND AVENUE,477439452,297.4412315068041,A31,False,-76.18867553540868,43.03644238554208
DAKIN STREET,477435047,297.4620820633065,A41,True,-76.1113258981025,43.05060328375377
MEADOWBROOK DRIVE,477440766,297.49872529725803,A45,True,-76.1130648982708,43.03194567760047
TOMPKINS STREET,477436793,297.59063795819,A41,True,-76.19004832782618,43.04486313096089
CANNON STREET,477443651,297.59943264775336,A41,True,-76.1452232835997,43.01726808980187
PARK STREET,477431053,297.63209913309953,A41,True,-76.13552031528059,43.06327209713495
SIDNEY STREET,477430491,297.6457727888872,A41,True,-76.1345834963997,43.06568330113385
WEST BORDEN AVENUE,477442088,297.73154400839235,A41,True,-76.15225651589051,43.0263957484681
CANNON STREET,477442665,297.8016206446196,A40,True,-76.14697277847773,43.02350866946519
ELSNER STREET,477429874,297.8760941302947,A41,True,-76.13477392082056,43.068545358180536
TULLY STREET,477436531,297.89886040211735,A41,True,-76.15772452048276,43.04574943949192
OSTROM AVENUE,477436667,297.9221680357732,A40,True,-76.12904874456706,43.04570862369261
MIDLAND AVENUE,477444033,298.0025803883014,A31,True,-76.1480187935916,43.014377634929744
HIAWATHA BOULEVARD WEST,477433117,298.1349562206306,A31,True,-76.18424275723223,43.05622481095187
MERTENS AVENUE,477429362,298.1398112903631,A41,True,-76.1360527647659,43.07114561778562
SOUTH GEDDES STREET,477439819,298.17310623619267,A31,True,-76.17414229557245,43.03556762088231
MERTENS AVENUE,477429266,298.3367913158051,A41,True,-76.12691580645527,43.07159913383139
HIGHLAND STREET,477431491,298.34665601936894,A41,True,-76.14139522272215,43.06170948685757
WILLIS AVENUE,477432302,298.3488039662882,A31,True,-76.19650175890314,43.05849458919319
SOUTH SALINA STREET,477443464,298.3611040638259,A21,True,-76.14191203183177,43.018443926164785
SPRINGFIELD ROAD,477434737,298.5206953718973,A41,True,-76.09003208622347,43.0512504545659
DRISCOLL AVENUE,477434019,298.67193325172104,A41,True,-76.19696079434895,43.05301212725691
CARBON STREET,477430276,298.7628145885977,A41,True,-76.15018830097759,43.06681714266262
BENDER STREET,477428319,298.7758209340166,A41,True,-76.13589330614995,43.076490635910325
LOMBARD AVENUE,506021456,298.8132572886169,A41,True,-76.11931687044488,43.04955045588779
CADILLAC STREET,477427782,298.84280356228066,A41,True,-76.15002735099522,43.07944162620395
SOUTH AVENUE,477442031,298.95960022831116,A31,True,-76.15849416695386,43.02687273073837
BROAD STREET,477441042,299.0613848997343,A41,True,-76.11224173456684,43.03071061026801
TOMPKINS STREET,477436622,299.06860682772236,A41,True,-76.18805929971916,43.0456126097129
SOUTH BEECH STREET,477435733,299.20422655425006,A41,True,-76.1276627670022,43.04878715152898
TECUMSEH STREET,477441890,299.2229176061481,A41,True,-76.11193575547219,43.02717662810114
MAPLE STREET,477435739,299.28892323230997,A41,True,-76.12557160631944,43.04876163911748
EAST BRIGHTON AVENUE,513531414,299.9027507833855,A31,True,-76.13491926209224,43.01296363222402
TRACY STREET,800032556,300.11727029149284,A41,True,-76.16768231154637,43.04898070564993
PARKWAY DRIVE,477442453,300.354586718749,A41,True,-76.16348928735391,43.024284133261986
CADILLAC STREET,477427920,300.42837247353685,A41,True,-76.15092543656357,43.078738519871486
WILKIE PLACE,477429606,300.70730656651597,A41,True,-76.140079281922,43.07020161737771
CALEB AVENUE,477432134,300.79998530533993,A41,True,-76.11378641831729,43.058723718161055
ELLIOTT STREET,477439870,300.80241842299307,A41,True,-76.17177422690789,43.034987753938694
HARFORD ROAD,477427175,300.8383853823526,A41,True,-76.14465090041975,43.08287485844367
ULSTER STREET,477436493,300.976477204671,A41,True,-76.19090631553118,43.04607414171875
EUCLID AVENUE,477439286,301.25242007795595,A31,True,-76.11569997169303,43.03696964684722
SHIRLEY DRIVE,477444662,301.3219702990172,A41,True,-76.1553233287664,43.01002159927033
BROAD STREET,477441168,301.4711480439378,A41,True,-76.12172482013248,43.030259606903215
GRANT BOULEVARD,477429052,301.53478808146804,A31,True,-76.12700332747998,43.072869622862044
WADSWORTH STREET,477427577,301.5430200307652,A41,True,-76.14336630078319,43.080539119743634
SEDGWICK DRIVE,477429837,301.6268573922068,A45,True,-76.13297022587206,43.06907008249635
GRANT BOULEVARD,477429185,301.75521408390694,A31,True,-76.14065076862674,43.07220062817021
SLOCUM AVENUE,477438259,301.78481911365935,A41,True,-76.16090959833255,43.04052283262913
CANNON STREET,477442829,302.0074737283975,A40,True,-76.14672287112217,43.022708529725676
MAINS AVENUE,477445056,302.07677917370535,A41,True,-76.15777981548572,43.00749412254349
TURTLE STREET,477430396,302.4061485314144,A41,True,-76.16171278244131,43.066479650810436
IRVING AVENUE,600063814,302.50027647957626,A41,True,-76.1378666983657,43.04130486815743
ULSTER STREET,477436325,302.5021374592559,A41,True,-76.18891578766745,43.04683008914558
GLENWOOD AVENUE,477441952,302.6196231223596,A41,True,-76.1886454029674,43.02701169606655
NORTH BEECH STREET,477434445,302.93086546266767,A41,True,-76.12755669928983,43.052318146576845
FIRST NORTH STREET,477429531,302.9895450166125,A41,True,-76.15175680209364,43.070496148922565
ONONDAGA AVENUE,477442380,303.1339775382469,A41,True,-76.1599408067618,43.02496459357471
BUTTERNUT STREET,477428483,303.24346900541616,A41,True,-76.14268631632521,43.076075637510954
SPENCER STREET,477431657,303.4566033097602,A41,True,-76.1571552996934,43.06083009003502
HIGHLAND STREET,477429316,303.48768630619884,A41,True,-76.14187327452755,43.071733599961156
EAST SENECA TURNPIKE,477445835,303.55288286744354,A31,True,-76.1293622747354,43.001669358134
DURSTON AVENUE,800039445,303.6938304057428,A41,True,-76.12735874853696,43.07000737605539
LILLIAN AVENUE,477429845,303.7087023361023,A41,True,-76.1105523062028,43.06906562947133
TURTLE STREET,477428254,303.7324227849187,A41,True,-76.1537303411123,43.07719262393856
MIDLAND AVENUE,477443921,303.7810261760521,A31,True,-76.14809329312189,43.01520160496845
SOUTH SALINA STREET,477445661,303.8276415091256,A21,True,-76.14292276904723,43.00343112237991
HASTINGS PLACE,477430974,303.88307422941097,A41,True,-76.11764555908947,43.064039440801295
WADSWORTH STREET,477429285,304.0357129016461,A41,True,-76.13903937095054,43.07187105154133
MEADOWBROOK DRIVE,477439639,304.087000841676,A35,True,-76.11053177620632,43.03611661677159
MILFORD COURT,477429971,304.0993458757618,A41,True,-76.09661849806446,43.06821908649073
WEST GENESEE STREET,508421631,304.2043021266272,A21,True,-76.18121134967089,43.052314111973125
LANCASTER PLACE,477441805,304.268914025029,A41,True,-76.12263024959998,43.02751863391556
CLARKE STREET,477438641,304.3039666162869,A41,True,-76.1158478038778,43.03906160361738
GEORGE STREET,477429777,304.5088886962805,A41,True,-76.12045178438225,43.06939010029674
DUPLI PARK DRIVE,600009003,304.6783245327206,A41,True,-76.15727141230307,43.057126866490364
MARTIN LUTHER KING WEST,477440989,304.9603977007478,A41,True,-76.15693880971465,43.03098179303732
ARDEN DRIVE,477442948,304.9879968432785,A41,True,-76.17491780874053,43.021482595065564
BOYDEN STREET,477431700,305.0470943260902,A41,True,-76.12535374823582,43.060598672787506
THAYER STREET,477443832,305.08879219180903,A41,True,-76.12720466983677,43.01550532699301
HAZELWOOD AVENUE,477434461,305.22667893117966,A41,True,-76.09588694818679,43.05179918964905
SOUTH SALINA STREET,477444880,305.2434909888859,A21,True,-76.14268178352371,43.00842412017846
RIEGEL STREET,477433254,305.2649127094845,A41,True,-76.11508502479077,43.05523247853039
WEST LAFAYETTE AVENUE,477443418,305.2801339161118,A41,True,-76.15346230778252,43.018514110879316
JAMES STREET,800031006,305.2994853435521,A31,True,-76.13817527867799,43.05742234912563
HERTFORD STREET,477441566,305.3356335726482,A41,True,-76.12271630596422,43.02851612043245
WILLUMAE DRIVE,477428292,305.3868189883096,A45,True,-76.15175382504266,43.076843112539464
WILLUMAE DRIVE,477428274,305.48570170249513,A45,True,-76.15169677662267,43.07692563066937
FARMER STREET,477430798,305.498343611548,A41,True,-76.13794866674013,43.06426464268779
NIAGARA STREET,477437250,305.6432172471408,A41,True,-76.16052607627529,43.0437594393154
SOUTH WEST STREET,477435492,305.7187265633525,A35,True,-76.15907045959595,43.049673801950746
SOUTH SALINA STREET,477438074,305.7199743840224,A31,True,-76.15086778896118,43.04113113793022
GREENWOOD PLACE,477438601,305.79090704306174,A41,True,-76.12147928316587,43.039552114727975
HILLSIDE STREET,477427983,305.8811521532346,A41,True,-76.1410047338317,43.07831438150263
ACADEMY PLACE,477446745,305.8912527324186,A41,True,-76.1512251960276,42.992389678589255
CHENEY STREET,477441214,306.11030299872755,A41,True,-76.1628448123677,43.02998913164257
CALVIN ROAD,477442871,306.1545850919506,A41,True,-76.17758673361139,43.02216298603222
NORTH SALINA STREET,477430825,306.1662599341688,A21,True,-76.15637300112746,43.064523736427475
UNIVERSITY AVENUE,477436269,306.1928659879723,A41,True,-76.13431829288909,43.04731061911108
CRAIG STREET,477429347,306.2337904923431,A41,True,-76.14538529440556,43.07154208415814
EAST GENESEE STREET,477436705,306.31843153894636,A31,True,-76.11396224854019,43.04516260859546
THOMPSON ROAD,477430079,306.58566005730836,A35,False,-76.09049929380426,43.06777950205449
WHEATON ROAD,800039447,306.63927512496286,A41,True,-76.12623024757006,43.06971461973718
HOPE AVENUE,477443203,306.77637757027134,A41,True,-76.1511262508988,43.020249110336074
JAMES STREET,477429768,306.78313601213705,A31,True,-76.10065629040574,43.06912113010501
DEMONG DRIVE,477436272,306.8860036942554,A41,True,-76.09360007535471,43.04730754487406
MORTON STREET,477433648,306.92505174128803,A41,True,-76.19775629979134,43.05412914185686
BOYDEN STREET,477431593,307.0199366123359,A41,True,-76.1229737936648,43.0609476253094
IRVING AVENUE,477436443,307.16897137085124,A31,True,-76.13775180743797,43.04655609594676
WEST COLVIN STREET,477442752,307.19908113109653,A41,True,-76.16868753361896,43.02266091318493
TAFT AVENUE,477429040,307.2104637442951,A41,True,-76.11476282001011,43.07333261366805
WEST WILLOW STREET,477434149,307.3007038911011,A41,True,-76.1554782160833,43.05240890119878
EAST FAYETTE STREET,800037810,307.32076828854133,A41,True,-76.11533017232726,43.0482253935947
HARVARD PLACE,477437795,307.36493534609997,A41,True,-76.11603415418351,43.041666776740854
LIME STREET,477434824,307.5747753610128,A41,True,-76.09396478784626,43.05147908804272
EAST COLVIN STREET,477442181,307.6079373155539,A31,True,-76.1439070575653,43.025848189620106
WEST WASHINGTON STREET,477435378,307.7833476901739,A41,True,-76.15793227685444,43.04954013821869
BROOKLEA DRIVE,477446572,307.7968734725507,A41,True,-76.15078407054456,42.99376997641189
SCHUYLER STREET,477435142,307.80544178559774,A41,True,-76.18320480627021,43.05054359888969
SEDGWICK DRIVE,477429843,308.1588503914153,A45,True,-76.1331173797269,43.0690716794532
LEMOYNE AVENUE,477427011,308.4184164093871,A41,True,-76.14778827626932,43.08425463803972
CRAWFORD AVENUE,800048221,308.4465524216317,A41,True,-76.11185471436563,43.042479460930636
BELLEVUE AVENUE,477440338,308.45189100599237,A41,True,-76.16181928934886,43.033353607714325
LIME STREET,477434390,308.5254318181591,A41,True,-76.0940308099289,43.052323116152486
HERBERT STREET,477429939,308.5779871093671,A41,True,-76.14826279903396,43.06859909258044
CALEB AVENUE,477431513,308.6505991977264,A41,True,-76.09889828694388,43.06130211961443
COUGHLIN AVENUE,477428933,308.7100396860529,A41,True,-76.10930730370266,43.073505127090826
STERLING AVENUE,477440796,308.7306153924001,A41,True,-76.16290979199721,43.03169809875777
EUCLID AVENUE,477439911,308.81292886014734,A41,True,-76.10616601496713,43.034864863408416
CRAFTON AVENUE,477446749,308.8383876509056,A41,True,-76.15176776810038,42.99193474673503
SOUTH BEECH STREET,477436428,308.8988103125658,A41,True,-76.12750527953973,43.04660734813193
LACY PLACE,477429483,308.9456827818997,A40,True,-76.16146739788334,43.07085874091332
SOUTH BEECH STREET,477437970,308.9586115688812,A41,True,-76.12078779470578,43.041471845781466
EUCLID AVENUE,477439283,308.96525385479714,A40,True,-76.11044020267828,43.03696687465291
SOUTH SALINA STREET,477446918,309.06521432119604,A21,True,-76.1440913090582,42.99100861923892
SALT SPRINGS ROAD,477435993,309.0652562377816,A31,True,-76.09072776985587,43.04763307235235
EAST RAYNOR AVENUE,477439645,309.10446127239544,A41,True,-76.1411547944145,43.035754103507614
SUNNYCREST ROAD,477431335,309.10969651549976,A41,True,-76.10010029211026,43.0621106446235
CHENEY STREET,477441201,309.11192437316606,A41,True,-76.16169629787872,43.03004163401976
FOREST HILL DRIVE,477430048,309.3538558843978,A45,True,-76.11137312525098,43.06805560742091
BELLEVUE AVENUE,477440349,309.3546791113097,A41,True,-76.1629727949097,43.033302133860204
EAST GENESEE STREET,800048330,309.4362681408362,A31,True,-76.09753860628791,43.042835486310494
SOUTH TOWNSEND STREET,509997477,309.4581356271007,A41,True,-76.14558490520864,43.04994217669578
SKYTOP ROAD,477443030,309.48993568263836,A41,True,-76.12371881058395,43.021411611357166
CHEMUNG STREET,477432737,309.6253121082329,A41,True,-76.19728081476931,43.05693913411388
SOUTH GEDDES STREET,477437360,309.8083772529674,A31,True,-76.17115036049749,43.043249701606186
WADSWORTH STREET,477427483,309.8570764715405,A41,True,-76.14419128334143,43.081120645284074
MARTIN LUTHER KING EAST,800034171,309.89098225783295,A41,True,-76.14829145845273,43.03318068515625
OAK LEAF DRIVE,800098397,309.95338370167286,A41,True,-76.13442461212986,43.03585982620558
BURNET AVENUE,477432191,309.9924760770688,A41,True,-76.10362952661633,43.05864228425059
LIME STREET,477434044,310.11368535804826,A41,True,-76.09410781573163,43.05317014559517
NORTH STATE STREET,477430579,310.25640957172163,A41,True,-76.158816159839,43.065522369908045
SOUTH CLINTON STREET,477435344,310.26312287371474,A40,True,-76.15355183573472,43.05003633545621
ELMHURST AVENUE,477443058,310.2931079081827,A41,True,-76.15751930506158,43.02089160145564
STEDMAN STREET,477427870,310.30427861305736,A41,True,-76.15600130434676,43.07956354522603
STERLING AVENUE,477440791,310.3189469934509,A41,True,-76.16175331476022,43.03174010185661
PARK AVENUE,477434338,310.3942620376758,A45,True,-76.16370181781156,43.05204313842063
BROAD STREET,477440980,310.40505402820315,A41,True,-76.10893966448108,43.030996447602476
SOUTH SALINA STREET,477444468,310.4476243279348,A21,True,-76.14208625248116,43.01116246285907
EAST GENESEE STREET,477436624,310.48510480995134,A31,True,-76.11631817111845,43.04547739168689
AUDUBON PARKWAY,477434853,310.5219768849953,A45,True,-76.09528630798194,43.05140408758965
MERTENS AVENUE,477429390,310.5473095903568,A41,True,-76.13839429407143,43.07102711996607
LANCASTER AVENUE,477439128,310.6166220393884,A41,True,-76.12329272507985,43.03793197685583
SUNNYCREST ROAD,477431377,310.6583165833917,A41,True,-76.10391277894298,43.06192260097312
SWEETING STREET,477429477,310.6834459523484,A41,True,-76.13953127692811,43.07064462222072
AUDUBON PARKWAY,477434849,310.6865043255397,A45,True,-76.09515474383176,43.05141115511268
SMITH STREET,477434313,310.6880274301059,A41,True,-76.09064581555306,43.052500137024836
WILKINSON STREET,477434938,310.6929235848393,A41,True,-76.16257729459285,43.05083611852996
EAST GENESEE STREET,477436026,310.7841650517547,A31,True,-76.14334999346516,43.04746512550614
BISHOP AVENUE,477443450,310.79070546307423,A41,True,-76.15791979196267,43.01865009457438
LEMOYNE AVENUE,477427991,310.87123270493265,A41,True,-76.15687606965996,43.07834336259071
HUNT AVENUE,477443435,310.89930550866853,A41,True,-76.15551429405743,43.018783143664365
COLDBROOK DRIVE,477446808,310.9186510120715,A41,True,-76.14009105752262,42.992011225846866
SCOVILLE AVENUE,477429735,311.0292437388497,A41,True,-76.13826924580506,43.06928324470312
SOUTH BEECH STREET,477437729,311.06910380008145,A41,True,-76.12153729495844,43.04212015099829
STERLING AVENUE,477440812,311.07272586934204,A41,True,-76.16406677766567,43.031644102326304
LATTER DRIVE,477446497,311.0943665126385,A41,True,-76.13875237372757,42.99492694704363
HIAWATHA BOULEVARD WEST,508421444,311.1842068321715,A35,True,-76.1673589973745,43.070272679022175
BEAUMONT PLACE,477436756,311.2232922828621,A41,True,-76.08696291657914,43.044880060173114
JAMES STREET,477430718,311.2546392598875,A31,True,-76.12316879618176,43.06479115218487
ALMOND STREET,477435414,311.3031886098135,A41,True,-76.14213109492917,43.04989679187193
CRIPPEN AVENUE,477445562,311.52253269534924,A41,True,-76.14354954455727,43.00380965488222
DAKIN STREET,477435032,311.5730361880556,A41,True,-76.11018832150286,43.05065260584954
GARFIELD AVENUE,477441968,311.70918394963036,A41,True,-76.14190775334356,43.02718264659571
EMERSON AVENUE,477434948,311.74674948806825,A41,True,-76.186055293428,43.051238333241365
EAST DIVISION STREET,477430493,311.75142588637556,A41,True,-76.14699132725077,43.06601614887262
WADSWORTH STREET,477428436,311.7532787785576,A41,True,-76.13933929961634,43.0762336405286
EAST BORDEN AVENUE,477441613,311.7710834733165,A40,True,-76.14271683768236,43.02831661942611
WEST GENESEE STREET,477434371,311.8316156343483,A21,True,-76.15555231244905,43.052173136492094
FOREST HILL DRIVE,477430046,311.87116070801295,A45,True,-76.11125518746834,43.0680587073076
COLDBROOK DRIVE,477446503,311.8982132782236,A41,True,-76.14017128514516,42.99486314802481
MONTANA STREET,477439905,311.9317685309639,A41,True,-76.11320875662706,43.034864632398644
ALLEN STREET,477438642,311.95034711422795,A41,True,-76.11644681261053,43.03946710555592
SCOTT AVENUE,477440687,312.1096170037074,A41,False,-76.10625900602733,43.03243833077654
PARK AVENUE,800048668,312.1103016113685,A45,True,-76.16370751493622,43.05184215483556
JOHN STREET,477430561,312.3550346121791,A41,True,-76.14607778549801,43.065648628705226
EAST COLVIN STREET,477442410,312.38112448772955,A31,True,-76.13091230097315,43.024723587033534
SOUTH WILBUR AVENUE,477436096,312.4022794549846,A41,True,-76.17916681125698,43.04770110763768
PARK AVENUE,477434437,312.64900259341135,A45,True,-76.16253901785524,43.05181711196991
HUNT AVENUE,477443329,312.6540003528745,A41,True,-76.15559675626466,43.01963665389432
LISTMAN AVENUE,477428686,312.68543267765386,A41,True,-76.1357827909834,43.074773607386895
EAST FAYETTE STREET,477435735,312.7206502290579,A41,True,-76.10880229020027,43.048388616224564
ROCKWOOD PLACE,477442892,312.7666132438908,A41,False,-76.19814162936572,43.02236632369252
SOUTH AVENUE,477439779,312.8076186775997,A41,True,-76.15892631306241,43.03576861283015
MIDLAND AVENUE,477442803,312.8081736635021,A31,True,-76.15034129712345,43.022832143129285
SOUTH GEDDES STREET,477440477,312.86479387822277,A31,True,-76.17505067791767,43.03325724685143
REMINGTON AVENUE,477443948,312.9348822885217,A41,True,-76.13266874611331,43.0149484949134
HARBORSIDE DRIVE,600058801,312.9550028760726,A41,True,-76.1725083828535,43.066030791756354
WAVERLY AVENUE,477438133,312.97994008273537,A31,True,-76.13728678868004,43.04053860183058
PINE STREET,477435471,313.060857988916,A41,True,-76.129745286849,43.04974414087495
VELASKO ROAD,477441480,313.12132074395174,A31,True,-76.18564917267639,43.02929743824176
SMITH STREET,477433988,313.27198843204695,A41,True,-76.09071471464883,43.053354829445915
NORTH AVENUE,477429037,313.39682937174337,A41,True,-76.11384228436319,43.073374625922774
EAST BORDEN AVENUE,477441639,313.47151064571773,A40,True,-76.14388402670542,43.028264589425106
PEARL STREET,477433282,313.54513340354936,A41,True,-76.15173059546954,43.05533449827293
TALLMAN STREET,477439682,313.7184683629145,A41,True,-76.16211132502922,43.035718617927856
PARK AVENUE,477434354,313.7406707865454,A45,True,-76.16253479122958,43.05201164230117
FORMAN AVENUE,477435420,313.7454024585057,A41,True,-76.13990353486625,43.0498661181168
SOUTH ALVORD STREET,477431620,313.77090687929075,A41,True,-76.14321529774466,43.06101508301015
HIER AVENUE,477430292,313.8121444475417,A41,True,-76.1407462598979,43.06696861881102
SOUTH WEST STREET,477437059,313.8126021654965,A40,True,-76.15806394432737,43.04436071657231
BURNET AVENUE,477431874,313.8602926809328,A41,True,-76.09875426275542,43.05977713027944
SOUTH SALINA STREET,477446431,313.92291539882956,A21,True,-76.14344131104507,42.99559112820311
LODI STREET,477431507,313.92479199375464,A31,True,-76.14986826723026,43.06145408972849
EUCLID AVENUE,477439247,313.9564954813674,A31,True,-76.1133622603288,43.03708811847894
SOUTH SALINA STREET,477435349,314.05792924000247,A31,True,-76.15219704697519,43.05002754919169
DAKIN STREET,477435019,314.08274770263614,A41,True,-76.10902056816367,43.05071209448777
ESSEX STREET,477433425,314.1508702599099,A41,True,-76.19815977815766,43.054724146819694
GRAND AVENUE,477438903,314.3815740903365,A31,True,-76.18162028593427,43.03835411657331
BELLEVUE AVENUE,477441004,314.38630911477924,A41,True,-76.18889981284852,43.03103711027233
SALT SPRINGS ROAD,477436692,314.39122905804356,A31,True,-76.10969526335516,43.045261608241084
MIDLAND AVENUE,477438500,314.3956909724721,A41,True,-76.15778042706584,43.039677213460486
THAYER STREET,477443821,314.48090637148385,A41,True,-76.12485837379408,43.015617644898185
SOUTH CROUSE AVENUE,477435441,314.4898860160994,A41,True,-76.13647962640049,43.04982215151443
EAST CHAFFEE AVENUE,477446184,314.62759456680556,A41,True,-76.15227884547818,42.99786561731122
GRANT BOULEVARD,477428869,314.6350607787823,A31,True,-76.14923714330381,43.07389855942138
UNIVERSITY AVENUE,477435452,314.64268768381845,A41,True,-76.13425858856618,43.04979633156106
CLEVELAND AVENUE,477429878,314.67756243123245,A41,True,-76.14624230886106,43.06887211687195
COSSITT STREET,477446302,315.01470471574,A41,True,-76.15215801335536,42.99629746352387
CURTIS STREET,477430360,315.0431232696817,A41,True,-76.14856729519947,43.06665661490584
SMITH STREET,477434738,315.06178227360397,A41,True,-76.09057325075723,43.051643469735694
BURNET AVENUE,477431641,315.0748804572786,A41,True,-76.0939595909941,43.06081959919164
WILKINSON STREET,477434924,315.20119464224763,A41,True,-76.1637477841688,43.050863616939104
ALLEN STREET,477438065,315.2273967343868,A41,True,-76.11657678625272,43.04120162373268
CANDEE AVENUE,477435971,315.33923331311445,A41,True,-76.10498030262261,43.048095646379174
EAST KENNEDY STREET,477440946,315.35008186326763,A41,True,-76.14523531049399,43.031165137685626
DAKOTA STREET,477440530,315.37316251028693,A41,True,-76.11423326903302,43.032666601100445
JULIAN PLACE,477443039,315.80942976298536,A41,True,-76.11091084353961,43.02162937640572
WEST ONONDAGA STREET,477440199,315.8304156676259,A31,True,-76.17889426457694,43.03380261002276
COMMONWEALTH AVENUE,477429370,315.84374204350183,A40,True,-76.16300164348996,43.071472774352294
CALEB AVENUE,477431772,315.85829761276443,A41,True,-76.10376075441243,43.06020512622781
WALNUT AVENUE,477435456,315.93012062949055,A41,True,-76.13204414978689,43.049769075593645
NOTTINGHAM ROAD,477442793,315.9452837907181,A41,False,-76.11064039132303,43.022793147471404
MELROSE AVENUE,504325547,315.9770013622066,A45,True,-76.11607288354777,43.06450848320211
BROOKLEA DRIVE,477446558,316.00810594209173,A41,True,-76.15194065606131,42.9938513889299
HAWLEY AVENUE,477433819,316.05448569093664,A41,True,-76.1344912640655,43.0537006201142
EAST FAYETTE STREET,477435754,316.0790077355528,A41,True,-76.10997630028304,43.048332615191455
COLDBROOK DRIVE,477446417,316.08920315912195,A41,True,-76.14024478248149,42.99572311092387
CORTLAND AVENUE,477441344,316.1302516488513,A31,True,-76.15631588142644,43.02970814056951
CARLTON DRIVE,477437507,316.1410844736492,A41,True,-76.08877829240531,43.04297258900552
ALMOND STREET,477437407,316.1853528099176,A45,True,-76.1425142990928,43.04315492867476
WESTCOTT STREET,477438096,316.23257786552904,A41,True,-76.11930676049856,43.04107661996881
HARVARD PLACE,477437831,316.2707026699708,A41,True,-76.11719832613623,43.041612619562294
WEST COLVIN STREET,477442657,316.30592001480574,A30,True,-76.15749677389357,43.02314463676354
LATTER DRIVE,477446409,316.3135026991022,A41,True,-76.13881727399443,42.99578507301162
WEST WATER STREET,512620141,316.32165380272204,A41,True,-76.1583074907773,43.05014798565385
OAKWOOD AVENUE,477453877,316.46846058020043,A41,True,-76.1455871842408,43.03788055848622
CANNON STREET,477443423,316.49890624238003,A41,True,-76.1459874452864,43.01886164756419
POND STREET,477429107,316.5482089717592,A41,True,-76.14630880573621,43.07289464013223
MIDLAND AVENUE,477443703,316.7245576594894,A31,True,-76.1482443032115,43.01694323078542
OSWEGO BOULEVARD,477434873,316.74135678166306,A21,True,-76.1497229724414,43.05124013991645
COLDBROOK DRIVE,477447074,316.83838243690866,A41,True,-76.13991581827386,42.988667934141446
BROAD STREET,477441110,316.8646836974016,A41,True,-76.11656977454514,43.03051110139972
ROCKLAND AVENUE,477442510,316.868869616322,A41,True,-76.15613476714884,43.02403413393226
MELROSE AVENUE,504325544,316.8728446579601,A45,True,-76.11608159217155,43.06465169274891
SOUTH SALINA STREET,477442649,316.9590032951922,A21,True,-76.14435532988126,43.02357711858353
SOUTH STATE STREET,477435381,316.9605277064801,A21,True,-76.14738648367957,43.049953563438535
BURT STREET,477438963,316.9756503638512,A41,True,-76.14929618327356,43.03815452042959
ARNOLD AVENUE,477443927,317.08782688929205,A41,True,-76.12540212281984,43.01515681548104
SAILE STREET,477429403,317.19782737666833,A41,True,-76.1425172889761,43.07092510859995
BURNET AVENUE,477431955,317.2048942965975,A41,True,-76.09988179265173,43.05951960919092
MOUNTAINVIEW AVENUE,477434848,317.2302569315523,A41,True,-76.09452705933178,43.0510242807272
BELLEVUE AVENUE,477440323,317.2485558698685,A41,True,-76.16065083045069,43.03340310516384
MARYLAND AVENUE,477439081,317.2510906368166,A41,True,-76.12042043780743,43.03807392445862
STERLING AVENUE,477440776,317.29706646839145,A41,True,-76.16058082654195,43.03178261583793
ACADEMY STREET,477446011,317.3306280670591,A41,True,-76.1524465867895,42.99990772886135
GRANT AVENUE,482659672,317.3764734539292,A41,True,-76.1734803342483,43.03193568231438
EAST GENESEE STREET,477436455,317.3833079545357,A31,True,-76.12198540514719,43.04631925577253
WEST OSTRANDER AVENUE,477444064,317.41002817268327,A41,True,-76.15259530487279,43.013795119229776
SOUTH SALINA STREET,477446276,317.42564245020594,A21,True,-76.14324727089142,42.99703210597301
ALBERT ROAD,477436293,317.5543826602277,A41,True,-76.09165024842196,43.04723259892678
JAMES STREET,477429798,317.58771335542,A31,True,-76.10469824748597,43.06893161769677
ROWLAND STREET,477439683,317.6581962591533,A41,True,-76.1802272863617,43.03566187596387
MARKET STREET,477435376,317.6710068025814,A40,True,-76.14885769858651,43.04996950437752
LYNCH AVENUE,477443940,317.7235108510036,A41,True,-76.16716477201535,43.01464362380789
MCDONALD ROAD,477443392,317.79277008828404,A31,True,-76.17713290167153,43.018849190510544
GLENCOVE ROAD,477430828,317.84951582837846,A41,True,-76.10409732570251,43.06418910413571
HUNT AVENUE,477442647,317.8532535109252,A41,True,-76.15557427463456,43.023607108655234
SALT SPRINGS ROAD,482660130,317.9692008861172,A31,True,-76.0943780514213,43.04767670653145
MILFORD DRIVE EAST,477430100,318.04326272336067,A41,True,-76.09602076106624,43.06782511494531
MIDLAND AVENUE,477443454,318.0916455682401,A31,True,-76.14873176582991,43.01857114890374
FELLOWS AVENUE,477439920,318.1434445089717,A41,True,-76.11501609367673,43.03523050176913
EAST LAFAYETTE AVENUE,513531417,318.1712285285468,A41,True,-76.14190036096741,43.019700747193866
SOUTH SALINA STREET,477444124,318.3328597120478,A21,True,-76.14160577828557,43.01379659446122
SOUTH SALINA STREET,477443374,318.377403287773,A21,True,-76.14229332930107,43.01924261970469
WEST COLVIN STREET,477442663,318.43915474810245,A30,True,-76.15868376909332,43.02313163401346
VALLEY DRIVE,800091492,318.44933316042557,A31,True,-76.15883966221327,43.013921300979696
MONTGOMERY STREET,477435373,318.59698960217975,A40,True,-76.14933216522165,43.04998774970004
DEWITT STREET,477429865,318.6517272911317,A41,True,-76.13424683878672,43.06900534773974
EUCLID AVENUE,477439268,318.7362613159151,A31,True,-76.11454327633632,43.03703114721293
MONTANA STREET,477439919,318.76939325754375,A41,True,-76.11438677134082,43.034817146832
COURT STREET,477430536,318.8842281897076,A31,True,-76.160143748414,43.06581977362196
LODI STREET,477432194,318.89974439330075,A31,True,-76.14491033755237,43.058774607597954
THAYER STREET,477443827,318.90378727579946,A41,True,-76.12604030072956,43.01556111038916
LEAVENWORTH AVENUE,477435266,319.0742597964666,A41,True,-76.16318128565237,43.050414090213
MADISON STREET,477436643,319.0860673472383,A41,True,-76.13717928820344,43.04537611212534
JOHN STREET,477430227,319.08716655801845,A41,True,-76.14489629752913,43.06724558234416
HAWTHORNE STREET,477437067,319.1548061234638,A41,True,-76.12141733129751,43.04393212257717
CALEB AVENUE,477431596,319.181489515129,A41,True,-76.10001779087335,43.06104062237024
VIEAU DRIVE,477441058,319.2275866157246,A41,True,-76.18457616808797,43.03066403797154
ALLEN STREET,477438314,319.37631898217757,A41,True,-76.11651178816987,43.04033211364945
SUNNYCREST ROAD,477431308,319.3964413809314,A41,True,-76.09782441927715,43.06222383812802
MANOR DRIVE,477438218,319.39733002992136,A31,True,-76.08241013839155,43.04081449875766
SOUTH STATE STREET,477442626,319.4543035297787,A41,True,-76.14230080283822,43.02370660472068
WILLIS AVENUE,477432102,319.49280837470155,A31,True,-76.19703029146189,43.05924862144021
SOUTH STATE STREET,513530293,319.49382252291747,A21,True,-76.14733633314967,43.03779990062586
FLETCHER AVENUE,477443762,319.635406922971,A41,True,-76.1665029033943,43.01641751626991
ROWLAND STREET,477439643,319.653250468196,A41,True,-76.17783575640662,43.035772121789996
HIGHLAND STREET,477431324,319.65533875607633,A41,True,-76.14144674503703,43.06255663291825
EAST GENESEE STREET,477436276,319.72524352957817,A31,True,-76.13715530272611,43.04692559789674
WEST DIVISION STREET,477432428,319.7332508879445,A41,True,-76.15947523517086,43.05836323961397
GENESEE PARK DRIVE,477437185,319.98729597853566,A41,True,-76.10836415009321,43.043954124353114
TIOGA STREET,477437086,320.1200680479736,A41,True,-76.16252737841577,43.04424403461039
SOUTH TOWNSEND STREET,509997029,320.17967587754407,A45,True,-76.14560045587253,43.039818075147906
GRANT BOULEVARD,477429087,320.19347692615423,A31,True,-76.13064826107947,43.07269264848421
EAST FAYETTE STREET,477435698,320.43243283481524,A41,True,-76.1371207476908,43.04849112642003
ERIE BOULEVARD EAST,477435210,320.51012461970265,A21,True,-76.12693256116481,43.050278970756985
BEATTIE STREET,477435721,320.5346815295183,A41,True,-76.10825575101083,43.0488536107684
LODI STREET,477431322,320.6106886959425,A31,True,-76.15158779935774,43.06237812142723
HAZELWOOD AVENUE,477434417,320.6826962876436,A41,True,-76.09459277683052,43.051868622872796
WEST JEFFERSON STREET,477436316,320.76028038755857,A41,True,-76.15586048530962,43.04680258318362
PARK STREET,477431096,320.7676804849616,A41,True,-76.13789528084988,43.06315814095441
HUTCHINSON AVENUE,477443776,320.79538004678676,A41,True,-76.16726880678627,43.015941119547904
HOLMES STREET,477443611,320.8371547495954,A41,True,-76.12617642592079,43.01714673958343
EDGEWOOD AVENUE,477443754,320.8543480976685,A41,True,-76.16546725890332,43.01647058829755
SALT SPRINGS ROAD,477436651,320.92844509580135,A31,True,-76.10853429017922,43.04544859127134
HUNT AVENUE,477443174,320.96732778421017,A41,True,-76.15568579406522,43.02050364975172
HARTSON STREET,477439446,320.98385607953725,A41,True,-76.17908429473309,43.03643161483183
SCOVILLE AVENUE,477429721,321.00731756224167,A41,True,-76.13708834976926,43.06933363927216
HILLSIDE STREET,477427578,321.05659588836,A41,False,-76.1380825679403,43.08056221054853
OAK STREET,477429886,321.0585183636222,A41,True,-76.13645740224584,43.06891664295595
SEARLWYN ROAD,477446807,321.0728278940298,A41,True,-76.139483786501,42.99160510652706
WEST ONONDAGA STREET,477440192,321.1013873199606,A31,True,-76.17770425732678,43.033845119940516
HELEN STREET,477429875,321.1520420464631,A41,True,-76.13535691530049,43.06896235329096
ARDEN DRIVE,477442964,321.16013706420426,A41,True,-76.17608581080219,43.021421610435084
GRANT BOULEVARD,477429359,321.1992762553296,A31,True,-76.12121581319259,43.07134761242609
CROTON TERRACE,477439955,321.27773936012403,A41,True,-76.14622721946057,43.03508037330944
STINARD AVENUE,477442946,321.28646394925926,A41,True,-76.17322462747808,43.021881894010356
ARGYLE TERRACE,477442085,321.30737067518675,A41,True,-76.1530103817073,43.02670301144079
MERTENS AVENUE,477429299,321.49792149384524,A41,True,-76.13055480169636,43.07142060025872
ERIE BOULEVARD EAST,477434835,321.5171850274147,A25,True,-76.11566126767836,43.05119108874289
SOUTH TOWNSEND STREET,509997031,321.61894745046453,A45,True,-76.14572490685093,43.03981150470264
CHARMOUTH DRIVE,477443004,321.6350245888468,A41,True,-76.16860884431887,43.02120009998987
GRAND AVENUE,477438841,321.7607244838933,A31,True,-76.1804502976742,43.0385136469929
ROWLAND STREET,477439661,321.846453292746,A41,True,-76.17903326678397,43.03571562072389
CARLTON DRIVE,477437232,321.8484708617146,A41,True,-76.08854178388037,43.04383062042106
HARTSON STREET,477439478,321.9469902225432,A41,True,-76.18028428492262,43.03637259893592
MEADOWBROOK DRIVE,477440802,322.0465541773172,A45,True,-76.11301445543376,43.031804801775664
WEST COLVIN STREET,477442278,322.15182575951565,A30,True,-76.14583652252018,43.02538610708805
HERBERT STREET,477430275,322.2284139065872,A41,True,-76.14941928577463,43.06701163094738
LIBERTY STREET,477435705,322.30713981729053,A41,True,-76.17427628517886,43.04888461780284
BOYDEN STREET,477431494,322.37183870530737,A41,True,-76.12057877909672,43.061269120706676
SUNNYSIDE ROAD,477438957,322.42850947518,A41,True,-76.11102017166426,43.038358055017554
ELMHURST AVENUE,477443049,322.45950568557157,A41,True,-76.15633667693434,43.0209215429894
RICHMOND AVENUE,477435196,322.5717895685552,A41,True,-76.1736152470598,43.0502414153408
MERTENS AVENUE,477429375,322.6526603153099,A41,True,-76.13721181743583,43.071085613434896
HUTCHINSON AVENUE,477443786,322.7441180376677,A41,True,-76.16846776957667,43.01587705595318
WINKWORTH PARKWAY,477442529,322.9366797336798,A41,True,-76.20157965116842,43.02400763376398
THURBER STREET,477443326,322.93815400898836,A41,True,-76.12637777938082,43.01927408354874
ELLIOTT STREET,477439859,322.98225894123647,A41,True,-76.17060879054303,43.03502962410448
DARLINGTON ROAD EAST,477427810,323.0211107031845,A41,False,-76.13667854818412,43.07947862886539
SHUART AVENUE,477431839,323.1090135843807,A41,True,-76.12879676761271,43.06000911428137
KENWOOD AVENUE,477427741,323.14038392046183,A41,True,-76.15133583345279,43.07960316167973
BELLEVUE AVENUE,477440291,323.1475085284718,A41,True,-76.1582362843507,43.03350960376808
MCLENNAN AVENUE,477441895,323.33286981105823,A41,True,-76.1526338343021,43.0272625953054
FLORAL PARKWAY,477445714,323.3675964886662,A41,True,-76.14638588073217,43.00246786417868
ELSNER STREET,477429894,323.37426595415184,A41,True,-76.13703034921056,43.06844715568476
PARK STREET,477431033,323.6211313947063,A41,True,-76.1343611563801,43.06332753812435
OAK STREET,477431272,323.64274141389944,A41,True,-76.13604430521518,43.06280409109337
CALVIN ROAD,477442835,323.85593066887304,A41,True,-76.1764759756178,43.02244848972473
GLENCOVE ROAD,477430770,323.85906166599875,A41,True,-76.1002563707876,43.06438188036274
BURNET AVENUE,477433067,323.8797295321222,A41,True,-76.11627328092267,43.055840647434295
CRESTVIEW DRIVE,477445848,324.0361225695364,A41,True,-76.15798079423968,43.001621125672116
WALTON STREET,477435893,324.0684148529805,A41,True,-76.15613726150634,43.04798815418357
GRANT AVENUE,477440793,324.2390069278315,A41,True,-76.17899480226366,43.03174462857951
DUANE STREET,477441213,324.4007698356507,A41,True,-76.17830484886207,43.03041410101904
EASTVIEW AVENUE,477441591,324.410789650134,A41,True,-76.16407681720331,43.02830521839767
HAWLEY AVENUE,477433188,324.49635061020615,A41,True,-76.13094229766905,43.055316132635
ROBINSON STREET,477432231,324.5047834655317,A41,True,-76.12160245874821,43.05842114968286
PARRISH LANE,477447245,324.7721355871875,A41,True,-76.13728316933789,42.98629353924821
WOLCOTT AVENUE,477441246,324.84075593334677,A41,True,-76.18286530043703,43.0302556163597
BANK ALLEY,477435627,325.0568305827742,A40,True,-76.15145879751829,43.04913261432118
SOUTH STATE STREET,477435648,325.1269800138963,A21,True,-76.1474036895301,43.04907259020389
STERLING AVENUE,477440758,325.1424218681938,A41,True,-76.159381274734,43.031835117385434
GLENWOOD AVENUE,477443200,325.2876346862051,A31,True,-76.1673001390239,43.01990260739255
MIDLAND AVENUE,477444174,325.3615258821626,A31,True,-76.14794178277657,43.01352410879816
NORTHCLIFFE ROAD,477430320,325.4305285647234,A41,True,-76.1042852761988,43.06645962522908
VALLEY DRIVE,477443599,325.51624130944424,A31,True,-76.1608022954054,43.01762111977289
STOLP AVENUE,477441223,325.56411725090766,A41,True,-76.17888030569844,43.02994410623365
WEST COLVIN STREET,477442725,325.5981422541088,A41,True,-76.1662833117661,43.022754121052444
MOORE AVENUE,477442245,325.62460267135,A41,True,-76.13712329367452,43.02588162102928
MIDLAND AVENUE,477443817,325.6371696172752,A31,True,-76.14816776657646,43.01606357595763
WOODRUFF AVENUE,477429895,325.71251508668905,A41,True,-76.13766129566757,43.06886414888577
EAST GENESEE STREET,477437354,325.7772004356291,A31,True,-76.09635099524094,43.04286605539446
GLENWOOD AVENUE,477443219,325.80108009293497,A31,True,-76.16851131937837,43.01981114012806
MARYLAND AVENUE,477439329,325.8922751750864,A41,True,-76.12033523712556,43.037193633834335
WEST COLVIN STREET,477442681,325.90565973732566,A41,True,-76.16117476271327,43.02309810095844
VALLEY VIEW DRIVE,800039456,325.9244800114376,A41,True,-76.15733738424737,43.00986987549396
LYNCH AVENUE,477443951,325.948403083415,A41,True,-76.1683653075153,43.01458009004225
ONEIDA STREET,477439014,326.2454574062824,A41,True,-76.15280182114029,43.038362114264174
LYNCH AVENUE,477443934,326.2605477060707,A41,True,-76.16596341993231,43.014704667966264
STRATFORD STREET,477440061,326.26677938638403,A41,True,-76.12356676618792,43.03426110773654
HIGHLAND STREET,477431691,326.3433157733413,A41,True,-76.14134924462489,43.060852951905275
BELLEVUE AVENUE,477440310,326.3864663725792,A41,True,-76.15944880646543,43.03345311080828
SOUTH STATE STREET,477439424,326.41194935435027,A21,True,-76.14727135057656,43.0369148609265
ARTHUR STREET,477440973,326.43615344694604,A41,True,-76.17692482183608,43.03136161597671
CRADDOCK STREET,477442868,326.4391963908846,A41,True,-76.1626937817096,43.022544137743104
FAYETTE BOULEVARD,477435497,326.4780437848526,A45,True,-76.0930713592576,43.04935602894954
SCOVILLE AVENUE,477429689,326.49755036935073,A41,True,-76.13366758665838,43.06944908742184
MONTGOMERY STREET,477435641,326.56058706983214,A40,True,-76.14930643112775,43.04910434567377
PARK STREET,477430528,326.633258755319,A41,True,-76.15098377007683,43.06569010985492
PARK STREET,477431072,326.67882396921,A41,True,-76.13668632276172,43.06321761222909
WEST GLEN AVENUE,477445318,326.6874271355648,A41,True,-76.14662810747664,43.0054561873066
HAWLEY AVENUE,477433132,326.72076610933465,A41,True,-76.12630379722336,43.055509132223484
JEROME STREET,477440238,326.72177334029885,A41,True,-76.11681328986265,43.033668101730946
ARTHUR STREET,477441200,326.7587561060242,A41,True,-76.17686033862357,43.03046660593326
SOUTH AVENUE,477444045,326.8222583347174,A31,True,-76.1648650685828,43.01439255780545
FARMER STREET,477430789,326.82393749613084,A41,True,-76.1367665710327,43.064302890853035
NORTHCLIFFE ROAD,477430372,326.833438246005,A41,True,-76.10797627411333,43.066273158811256
WINTON STREET,477432297,326.86130258847487,A41,True,-76.12445728807542,43.05859863220999
KINNE STREET,477431866,326.95138535817154,A41,True,-76.1216957792952,43.059696640864104
ONONDAGA CREEK BOULEVARD,477443823,326.98910964162025,A41,True,-76.15724679314377,43.01602710104784
NORTH GEDDES STREET,477435219,327.0051940556136,A31,True,-76.17068428077967,43.050582103218126
LANCASTER AVENUE,477439368,327.2679964706161,A41,True,-76.12321332028205,43.03705862235911
NIAGARA STREET,477437866,327.30826643716506,A41,True,-76.16034275664565,43.0419906486711
SEDGWICK DRIVE,477429671,327.3236874990198,A41,True,-76.13308981316312,43.06991913418266
CHARMOUTH DRIVE,477442984,327.3422376087821,A41,True,-76.1661677686152,43.02130865769843
EAST ADAMS STREET,477437438,327.4025710430286,A40,True,-76.13723682802771,43.042685597358094
PLEASANTVIEW AVENUE,477429100,327.4268923492147,A41,True,-76.13361427152965,43.07299760790285
BURNET AVENUE,477431519,327.52377051346144,A41,True,-76.09076501404196,43.06120929388532
WALNUT AVENUE,477435710,327.5945761858063,A41,True,-76.13206228314885,43.04888612433186
UNIVERSITY AVENUE,477435701,327.6066254478652,A41,True,-76.1342763415381,43.04891512161941
IRVING AVENUE,477435996,327.62411944684305,A41,True,-76.13772925527704,43.04804613447423
KENSINGTON ROAD,477440728,327.6739894067717,A41,True,-76.11789723658222,43.03191911810091
WEST COLVIN STREET,477442742,327.731454719746,A41,True,-76.16750328544933,43.022704130773455
GLENCOVE ROAD,477430670,327.75743207899893,A41,True,-76.0922787642086,43.064759617100464
SOUTH GEDDES STREET,477440956,327.82490757084145,A31,True,-76.17532283464338,43.031428598571416
MARY STREET,477431113,328.0780661114266,A41,True,-76.1501156021012,43.063468574588526
BROAD STREET,477441127,328.08590296609714,A41,True,-76.1177735560746,43.03045350822452
HIGHRIDGE DRIVE,477441957,328.13657450682047,A41,True,-76.19919072163874,43.02704256673212
HIAWATHA BOULEVARD WEST,600058795,328.14434136353253,A31,True,-76.17093074612733,43.06659080905257
MERTENS AVENUE,477429291,328.1828272387132,A41,True,-76.12934126849451,43.0714776082727
GLENCOVE ROAD,477430885,328.2076903806319,A41,True,-76.10778476800961,43.06400709080481
HARRISON STREET,477436974,328.22351267037425,A41,True,-76.13720430534644,43.0442181490793
SOUTH TOWNSEND STREET,509997571,328.24329641227865,A45,True,-76.14508593877797,43.046082980127316
SUNSET AVENUE,477430812,328.35270035747465,A41,True,-76.15831331212372,43.06445762837813
EUCLID AVENUE,477439387,328.3531135496357,A31,True,-76.12378225964966,43.03657279444409
WEST JEFFERSON STREET,477436175,328.38218731083225,A41,True,-76.15792853828331,43.04710705933788
MAPLE STREET,477436646,328.3829507594923,A41,True,-76.12555271934336,43.04659480374602
JAMESVILLE AVENUE,477443346,328.4435381720925,A41,True,-76.13173193864519,43.020006813657794
SOUTH MCBRIDE STREET,477439130,328.4584821399059,A41,True,-76.14376424617934,43.03795262457741
MEADOWBROOK DRIVE,477441032,328.48389889193714,A45,True,-76.11525084841398,43.031034611642255
BALLANTYNE ROAD,477444536,328.5231960456708,A41,True,-76.14578323274287,43.01054572489705
SOUTH TOWNSEND STREET,509997566,328.59387024500035,A45,True,-76.14521875591487,43.04608739913778
WOODLAND AVENUE,477441267,328.6232729845824,A41,True,-76.14455424853172,43.02976160178889
GRANT BOULEVARD,477429074,328.6871497085938,A31,True,-76.12943624691569,43.072750137975305
GRANGER STREET,477437455,328.73452065708693,A40,True,-76.15608132276374,43.04310158100238
MASSENA STREET,510577034,328.7687615471724,A41,True,-76.16735573188863,43.03979630765277
BELLEVUE AVENUE,477440365,328.7934145237782,A41,True,-76.16416433199574,43.03324963120568
NORTHCLIFFE ROAD,477430187,328.850405282794,A41,True,-76.09246073129373,43.06702011471284
LENNOX AVENUE,477439726,328.86770182706397,A41,True,-76.11821728120047,43.03553461773301
EDGEWOOD AVENUE,477443644,328.92823167670167,A41,True,-76.16531130376909,43.017345130505234
KENSINGTON ROAD,477440660,328.95343500192536,A41,True,-76.12336460597884,43.03211553266687
OSWEGO STREET,477437934,328.9805026269443,A41,True,-76.163943304497,43.04182112464508
SOUTH MCBRIDE STREET,477438457,328.99285201909106,A41,True,-76.14392978812823,43.03990512396772
KENSINGTON ROAD,477440713,329.00729974003565,A41,True,-76.1166717666643,43.03197961968256
SOUTH CLINTON STREET,477436184,329.0314933576005,A40,True,-76.15357280147757,43.047517096962316
SUNNYCREST ROAD,477431409,329.0566981986119,A41,True,-76.10634174539915,43.06181310098723
MASSENA STREET,477439028,329.0927002556459,A41,True,-76.16572085765867,43.038187400150555
MIDLAND AVENUE,477443035,329.1166277822884,A31,True,-76.1498007766566,43.02140763792859
GLENCOVE ROAD,477430646,329.1490185204038,A41,True,-76.08981926725751,43.06486613769391
MARCELLUS STREET,477436650,329.1719726931027,A41,True,-76.1679189316696,43.04549940331236
DUDLEY STREET,477439518,329.17660366760765,A41,True,-76.16893478427133,43.036643080981676
OSWEGO STREET,477437618,329.242823293184,A41,True,-76.16401878770294,43.042722647293644
ANGELOU TERRACE,477437679,329.2815735181619,A41,True,-76.14693623868014,43.0419658696268
SUNNYCREST ROAD,477431429,329.281886330559,A41,True,-76.10880629807546,43.061699107426946
SOUTH SALINA STREET,477447414,329.30123480241986,A21,False,-76.14342818630513,42.98450543213282
DUDLEY STREET,477439751,329.3347354128282,A41,True,-76.16949736517746,43.03583922990221
CHARMOUTH DRIVE,477442997,329.3660509702201,A41,True,-76.1673938114251,43.02125662535279
EAST GENESEE STREET,477436585,329.3845179903893,A31,True,-76.11751109937244,43.04553991795894
NORTH MCBRIDE STREET,477433251,329.39060757317844,A41,True,-76.14552726369612,43.05551109898015
SOUTH SALINA STREET,477435621,329.4280722151112,A31,True,-76.15221180443736,43.049144620284295
SHONNARD STREET,477437892,329.4396843125669,A41,True,-76.16091426416423,43.04151313065069
SOUTH AVENUE,477440015,329.49730127439926,A41,True,-76.15889076716911,43.03488761763499
SOUTH CROUSE AVENUE,477435697,329.5319473775293,A41,True,-76.1365047882683,43.04893862067192
BURNET AVENUE,477432539,329.54842163924235,A41,True,-76.10842442183032,43.057564099235854
PROSPECT AVENUE,477433676,329.56759382414424,A41,True,-76.14810844366271,43.054235672552984
SCOTTHOLM BOULEVARD,477437189,329.5704384651816,A45,True,-76.11182861861295,43.043956192160614
EAST JEFFERSON STREET,477436223,329.6212250338909,A40,True,-76.14810579204133,43.047017107926166
COLDBROOK DRIVE,477446604,329.67351588834885,A41,True,-76.14011877368709,42.99398361512635
NORTHCLIFFE ROAD,477430175,329.6897434650287,A41,True,-76.09123029149433,43.06707162699549
KIMBER ROAD,800039168,329.695706711451,A41,True,-76.09441285464315,43.04216495360931
TALLMAN STREET,477439500,329.6982361346643,A41,True,-76.15649939194122,43.03631740488797
PEAT STREET,477433255,329.76367162309566,A41,True,-76.1156653172979,43.05554612848174
BARRETT STREET,477438567,329.7673642897207,A41,True,-76.16984682366699,43.03967710178685
GLENCOVE ROAD,477430659,329.77421818918657,A41,True,-76.09105026238933,43.06481212909405
NORTHCLIFFE ROAD,477430392,329.8047459530733,A41,True,-76.11046027662618,43.06616213765719
LANDON AVENUE,477441840,329.80977025294214,A41,True,-76.14865481087375,43.0277926070825
HIGHLAND STREET,477432370,329.82084191411803,A41,True,-76.13970948495755,43.058368281886764
BEATTIE STREET,477436031,329.85504650936895,A41,True,-76.10817427555416,43.04796313991437
SOUTH AVERY AVENUE,477439047,329.8972920729582,A41,True,-76.18831931523835,43.038225009856845
JAMES STREET,477429833,329.90106611523606,A31,True,-76.10944329212158,43.06870561257967
RUGBY ROAD,477430111,330.02852422167405,A41,True,-76.12779380047948,43.06734009866576
SOUTH STATE STREET,477442323,330.0510545278797,A41,True,-76.14314034534739,43.025472101885995
WOODLAWN TERRACE,477429507,330.07187267797264,A41,True,-76.13112620391588,43.070940199541845
KINNE STREET,477431855,330.10390635165385,A41,True,-76.12046752995784,43.059736956049036
STANDART STREET,477439900,330.1072064796765,A40,True,-76.13989778639173,43.034889598321314
SUNNYCREST ROAD,477431388,330.33055876456723,A41,True,-76.10511028179877,43.06187110565334
HERKIMER STREET,477434318,330.3524344391625,A41,True,-76.19526860054881,43.052206414078974
VINE STREET,477432330,330.36867562883305,A41,True,-76.12570233771858,43.05853609850293
GREENWOOD PLACE,477438295,330.3970714225515,A41,True,-76.12187595697462,43.04037321909296
BELLEVUE AVENUE,477440565,330.4979062349213,A41,True,-76.18469381680507,43.03250710790417
PINE STREET,477435724,330.51758978373533,A41,True,-76.1297638262828,43.04886111370463
BOYDEN STREET,477431508,330.51977001570793,A41,True,-76.12179877529258,43.06122015685398
SUNNYCREST ROAD,477431418,330.60610165774057,A41,True,-76.10757376862848,43.061755618076006
LANDON AVENUE,477442024,330.68786670606517,A41,True,-76.14825080033759,43.026936106306955
ALMOND STREET,477438362,330.69411294438015,A41,True,-76.14233413687153,43.03996290855347
NIAGARA STREET,477437555,330.73544775291197,A41,True,-76.1604247450158,43.042891612388004
MARTIN LUTHER KING WEST,477441190,330.7886321593827,A41,True,-76.1591747479833,43.03027971332255
GLENCOVE ROAD,477430894,330.79155876321744,A41,True,-76.10901578254088,43.06395261843846
EAST RAYNOR AVENUE,477439633,330.8379360377361,A41,True,-76.13995979489087,43.035805635595835
NORTHCLIFFE ROAD,477430355,330.94789759054197,A41,True,-76.10674878873499,43.06634212861535
KLINE STREET,477429930,330.9766406635241,A41,True,-76.12910633032449,43.06828459687091
VAN BUREN STREET,477439106,331.03465024602076,A41,True,-76.14011577154962,43.03757660813148
CATHERINE STREET,477433029,331.09453606607894,A41,True,-76.14408080090108,43.05622160246491
BURNET PARK DRIVE,477436500,331.09759501370075,A41,True,-76.18517797807554,43.04624142860423
WEST STREET ARTERIAL NORTHBOUND,477437498,331.09969210256963,A35,True,-76.15793036317518,43.043011282935396
SOUTH WEST STREET,477437496,331.11718651558664,A40,True,-76.15779817421515,43.043019466600505
RUGBY ROAD,477430115,331.1797801058724,A41,True,-76.12927345346927,43.06739540642388
GLENCOVE ROAD,477430908,331.2035614989861,A41,True,-76.11025181808954,43.063890655303815
SOUTH GEDDES STREET,477438934,331.2538097646121,A31,True,-76.17292437432124,43.03868033626122
JEROME STREET,477440263,331.25989473457975,A41,True,-76.11804176881235,43.03361261224993
CALEB AVENUE,477431354,331.27806167519327,A41,True,-76.0953159549016,43.062136693460005
SOUTH GEDDES STREET,477441193,331.31553802091645,A31,True,-76.17525282088096,43.030525585125964
NORTHCLIFFE ROAD,477430341,331.35970490748497,A41,True,-76.10551229764738,43.06640558920935
EAST RAYNOR AVENUE,477439616,331.37346118156904,A41,True,-76.13872320567495,43.03585813929111
MASSENA STREET,477439203,331.3970359571994,A41,True,-76.16484570980042,43.037547702868586
ONEIDA STREET,477438257,331.4010864758192,A41,True,-76.15331231523426,43.040616120054764
CONGRESS AVENUE,477438685,331.472262269676,A41,True,-76.16253834553042,43.039253953594745
GENANT DRIVE,477432846,331.50600292358826,A41,True,-76.15546931345123,43.056570055822064
SOUTH SALINA STREET,477441916,331.5439157622605,A21,True,-76.14618979194184,43.027461583726485
WEST STREET ARTERIAL NORTHBOUND,477435599,331.6046076855596,A35,True,-76.15839178177856,43.04914817842162
SOUTH MCBRIDE STREET,477435664,331.66101165238865,A41,True,-76.14388330968707,43.049035608010776
ENGLEWOOD AVENUE,477445489,331.67509959095713,A41,True,-76.15685079907823,43.004430618914476
GLENCOVE ROAD,477430844,331.68765283198496,A41,True,-76.10531029175789,43.06413110902179
CANDEE AVENUE,477436300,331.68897395421516,A41,True,-76.1049022708257,43.0472096423137
WESTMORELAND AVENUE,477440767,331.7391144971728,A41,True,-76.11360927891965,43.03223611649811
SACKETT STREET,477435161,331.7837792345038,A41,True,-76.17634281010318,43.05073663310482
WEST BRIGHTON AVENUE,477443325,331.78499719526695,A41,True,-76.16120180314256,43.0194895969465
CONGRESS AVENUE,477438410,331.8217321284206,A41,True,-76.16341257310685,43.03989885906275
BRADFORD PARKWAY,477438342,331.8719729759326,A45,True,-76.1060954059771,43.0399927904268
SOUTH WARREN STREET,477435633,331.8861291923019,A40,True,-76.15079792357926,43.04913059957534
EAST GENESEE STREET,477436677,331.90070352944724,A31,True,-76.11513179428243,43.04533898796132
SOUTH CLINTON STREET,477435618,331.9626505407361,A40,True,-76.15356482444508,43.04915512132787
SCOTTHOLM BOULEVARD,504325251,332.053350171133,A45,True,-76.107410664399,43.04165797922294
MIDLAND AVENUE,477442213,332.0745155562909,A41,True,-76.15156532164615,43.02608713477552
VAN RENSSELAER STREET,477435253,332.09852627038316,A41,True,-76.1661908179015,43.050456127614524
CANAL STREET,800041721,332.1331270130652,A41,True,-76.13706963440654,43.051174510897894
UNION PLACE,477430576,332.1426955869341,A41,True,-76.15560439171757,43.06560539006985
TALLMAN STREET,477439575,332.1771404807684,A41,True,-76.15955334405649,43.036107148583525
CRESTVIEW DRIVE,477446109,332.1852540408397,A41,True,-76.1574167681834,42.999397608381315
DUANE STREET,477440985,332.24735112668486,A41,True,-76.17836331126152,43.03131412493793
MIDLAND AVENUE,477442018,332.33915033863184,A41,True,-76.15189535188777,43.02696611530758
COUGHLIN AVENUE,477428886,332.36396125212264,A41,True,-76.10500307296716,43.07369578665956
SOUTH AVERY AVENUE,477437274,332.3663887753238,A41,True,-76.18954376192904,43.043734121642316
WINTON STREET,477432050,332.424599646058,A41,True,-76.12451972903413,43.0595021532817
LEMOYNE AVENUE,477427381,332.5246212456516,A41,True,-76.15100834451657,43.08173312958835
HARBORSIDE DRIVE,600024757,332.5881692028974,A41,True,-76.17668655662519,43.06874752365845
KINNE STREET,477431845,332.60612655945647,A41,True,-76.11922978277278,43.05978962985241
GLENCOVE ROAD,477430873,332.72392704160103,A41,True,-76.10655027900624,43.064063114340776
HENRY STREET,477439901,332.74189982749033,A41,True,-76.14054579319273,43.03531960968859
SOUTH SALINA STREET,477438459,332.8370640319479,A31,True,-76.15044228266059,43.039889633544036
NORTH STATE STREET,477433889,332.9160230238028,A21,True,-76.14934981031284,43.053636132888094
EAST GENESEE STREET,477436236,333.1035571717502,A31,True,-76.1383687690219,43.047027624787994
ROCKFORD DRIVE,477438397,333.1074768529088,A41,True,-76.10119076415101,43.03965909988218
SOUTH SALINA STREET,477446821,333.3024273410583,A21,True,-76.14396568943307,42.99188523839314
NORTH TOWNSEND STREET,477433467,333.3222654075743,A41,True,-76.14695982633448,43.054807650436445
VAN BUREN STREET,477439098,333.3837639143757,A41,True,-76.13887481326645,43.037627596165805
FORMAN AVENUE,477435692,333.4656825192018,A41,True,-76.139921332797,43.04897811702438
BROAD STREET,477441183,333.6173217859604,A41,True,-76.12318477117535,43.030183152599676
PARK STREET,477431071,333.64683356445755,A41,True,-76.14583537592287,43.063596250187516
MARTIN LUTHER KING WEST,477441116,333.6917039550593,A41,True,-76.1580501652866,43.03066195167696
SOUTH FRANKLIN STREET,477435613,333.7705069569267,A41,True,-76.15552580042436,43.0491686542386
MOUNTAINVIEW AVENUE,477434875,333.81584406528407,A41,True,-76.0958782687227,43.05094560896186
ALMOND STREET,477435683,333.85897939606383,A41,True,-76.14215132009035,43.04901162087546
WEST STREET ARTERIAL SOUTHBOUND,477437504,333.8597136517965,A35,True,-76.15809992025224,43.04300663013377
STOLP AVENUE,477441245,333.8844142461767,A41,True,-76.1822052849179,43.02982961552561
DAISY STREET,477439778,333.8922831266968,A41,True,-76.15828379602162,43.03534711509824
HOWARD STREET,477433528,333.91097200399076,A41,True,-76.14036329539535,43.05466412601426
GLENWOOD AVENUE,477443196,333.94740692712224,A31,True,-76.16607131956546,43.01990559219552
DELL STREET,477437703,334.0811841204078,A41,True,-76.1200096533758,43.04192785116671
ROWLAND STREET,477439860,334.1194287583244,A41,True,-76.17171710954705,43.03527882074832
BURNET AVENUE,477431567,334.19697407938776,A41,True,-76.09198724118994,43.06106364523821
PATTISON STREET,477431927,334.21550620544855,A41,True,-76.12795878487736,43.05986713113272
ARTHUR STREET,477439898,334.26163575313484,A41,True,-76.17720527095902,43.035344618243
KLINE STREET,477429912,334.2899889559811,A41,True,-76.12786431649782,43.06834911926128
BISHOP AVENUE,477443341,334.36757506874926,A41,True,-76.15799628529805,43.0195336047497
CALEB AVENUE,477431048,334.4283786776477,A41,True,-76.08969189015579,43.06335664268577
HILLSBORO PLACE,477438037,334.4726379541382,A41,True,-76.08548594397274,43.04107456661439
NORTH AVENUE,477429602,334.5666056203145,A41,True,-76.11375985267992,43.072487535487554
BURNET AVENUE,477431681,334.64568046459294,A41,True,-76.095138365345,43.060604979115304
BURTEN STREET,477443300,334.6468608806156,A41,True,-76.13438489588766,43.02043305335708
EASTWOOD ROAD,477429657,334.6842623803922,A41,True,-76.11411880979557,43.069731123758245
HOEFLER STREET,477440200,334.8198852201271,A41,True,-76.17952381368244,43.03423911916131
HAWLEY AVENUE,477433222,334.92617004039295,A41,True,-76.13265481357219,43.05523663041056
TYSON PLACE,477429435,335.025648820543,A41,True,-76.10484677767963,43.07085159715357
THURBER STREET,477443330,335.0569078890006,A41,True,-76.12760573188277,43.01921570792172
LINCOLN AVENUE,477440266,335.0873406221819,A41,True,-76.15691849112822,43.034029761194226
CALEB AVENUE,477431905,335.1752101183831,A41,True,-76.10613330853683,43.05966312982
TYSON PLACE,477429409,335.32084191697425,A41,True,-76.10359533425225,43.07091779638313
RICH STREET,477439625,335.3431403340658,A41,True,-76.1616608127448,43.03625560715282
GLENCOVE ROAD,477430684,335.3575945166984,A41,True,-76.09351644017268,43.064694498171825
VALLEY DRIVE,477446096,335.455824199865,A31,True,-76.1529906947091,42.9995333215233
STOLP AVENUE,477441192,335.4589966809044,A41,True,-76.17459378951446,43.030097099127104
SLOCUM DRIVE,477443457,335.5145097453153,A41,True,-76.11622752198238,43.018549128834174
TWIN HILLS DRIVE,477442210,335.5157384119911,A41,True,-76.174251788484,43.02565614308754
LENNOX AVENUE,477439701,335.5163745227808,A41,True,-76.1169770525933,43.035592906004695
CARLTON DRIVE,504325286,335.6082767237108,A45,True,-76.08897649744443,43.047038218258585
EUCLID AVENUE,477439928,335.6191837940913,A41,True,-76.1073615754216,43.03480222836805
CLIFFSIDE DRIVE,477442920,335.63300287170904,A41,True,-76.13743897451705,43.022126574032924
VINE STREET,477431701,335.6462405930826,A41,True,-76.12608501368044,43.06078132941638
WINDING RIDGE ROAD,477443958,335.6937841128992,A41,True,-76.11906946770013,43.01465662630334
STADIUM PLACE,477439881,335.6995387018337,A41,True,-76.13930608663426,43.03537579946735
LODI STREET,477430734,335.7096779669574,A31,True,-76.15611159294639,43.06471825728995
HERBST AVENUE,477432070,335.7484645563442,A41,True,-76.12511328249022,43.05901761940818
BRADFORD PARKWAY,477438329,335.99815346922384,A45,True,-76.10599345003352,43.04003579099819
DELAWARE STREET,477439571,336.09004428578373,A41,True,-76.1665837897362,43.036248118916085
DESTINY USA DRIVE,600024761,336.1311549900263,A41,True,-76.17080064983679,43.07141902525936
MERTENS AVENUE,477429280,336.1909265895673,A41,True,-76.12810030882541,43.07153613441595
GRANT BOULEVARD,477429060,336.2476125607105,A31,True,-76.12819429642468,43.07280962063107
COUGHLIN AVENUE,477428879,336.27239898809034,A41,True,-76.10375428479563,43.073756123223596
SOUTH MCBRIDE STREET,506986280,336.336295538793,A41,True,-76.14360794029643,43.03609814980227
TRACY STREET,477435265,336.34730383536635,A41,True,-76.16260456919942,43.050116302264435
LATTER DRIVE,477446592,336.36844705318686,A41,True,-76.13868263850696,42.99404040111965
MEADOWBROOK DRIVE,477442370,336.39566490214617,A45,True,-76.12119378562193,43.02482259314809
NICHOLS AVENUE,477432121,336.4160582469223,A41,True,-76.10312533314989,43.0592349515629
FAYETTE BOULEVARD,477435474,336.4206918197076,A41,True,-76.09574678011239,43.049332650041265
ETHEL STREET,477441620,336.4536290321445,A41,True,-76.18610005418694,43.028274278755276
SOUTH AVENUE,477439534,336.4625798285383,A41,True,-76.15896332902008,43.03665913824948
BURNET AVENUE,477432274,336.5040438672917,A41,True,-76.10478527550818,43.05838012497299
MEADOWBROOK DRIVE,477442388,336.5075109013112,A45,True,-76.12118174597688,43.024687096734844
EAST SENECA TURNPIKE,477445731,336.51408444327313,A31,True,-76.13450791092014,43.002532255366766
DELAWARE STREET,477438393,336.51954815829407,A41,True,-76.17428122587435,43.04000830394452
NORTHCLIFFE ROAD,477430384,336.55359688609155,A41,True,-76.10921525293172,43.06621514038437
BURNET AVENUE,477433984,336.5588995320051,A41,True,-76.1261597469373,43.053113089546486
EUCLID AVENUE,477439475,336.6032292700009,A31,True,-76.12754760826226,43.036383440562965
SABINE STREET,477439156,336.70498213015634,A41,True,-76.16895132468804,43.037733852750684
SOUTH SALINA STREET,477447254,336.86141415698086,A21,True,-76.14387376129262,42.9866235671383
WILLIS AVENUE,504325334,336.9837341095687,A35,True,-76.19408244008633,43.0549556527827
STADIUM PLACE,477440137,337.04932545353296,A41,True,-76.1392583972495,43.034453447040185
STRATFORD STREET,477440092,337.11587707071214,A41,True,-76.12608051313465,43.03413975155277
CLARENDON STREET,477439001,337.1477208156736,A41,True,-76.12770444110488,43.03801120075445
NORTHCLIFFE ROAD,477430284,337.21313108226667,A41,True,-76.10046346074209,43.06675045662699
BROAD STREET,477440951,337.2967560421233,A41,True,-76.11013322149061,43.03108223545707
SOUTH SALINA STREET,477442962,337.4069092278783,A21,True,-76.14353281108494,43.02185310727337
SOUTH SALINA STREET,477442517,337.43788650328577,A21,True,-76.14475689457299,43.024425378191694
NORTH SALINA STREET,477432936,337.46756191843457,A31,True,-76.15206531484996,43.056539598120594
BARNES AVENUE,477444516,337.54959513446596,A41,True,-76.16048776222279,43.011153586040365
ANDOVER ROAD,477441742,337.5856379414387,A41,True,-76.12145391344608,43.02781113113208
MEADOWBROOK DRIVE,477440859,337.59101754381965,A45,True,-76.11415729733955,43.031604096177766
OAK PLACE,477432821,337.62935610090193,A41,True,-76.13274177274553,43.05642513447497
HANCOCK DRIVE,477442965,337.6959968493268,A41,True,-76.1768484827193,43.02184188165967
BEATTIE STREET,477436343,337.7409579110026,A41,True,-76.1080898011456,43.04704915011486
DUDLEY STREET,477440090,337.76872478665615,A41,True,-76.1699922175058,43.0345874257786
EUCLID AVENUE,477439414,337.84183336505146,A31,True,-76.1250247587993,43.0365054569115
LIBERTY STREET,477435461,337.9255644290885,A41,True,-76.1742373265882,43.04979014360087
CALEB AVENUE,477432074,337.9706308956123,A41,True,-76.10858226786846,43.059100828379144
STOLP AVENUE,477441164,338.1489476516129,A41,True,-76.16982531363185,43.03027061753041
CALEB AVENUE,477431420,338.1929527349338,A41,True,-76.09650829285933,43.0618546237961
FINEVIEW PLACE,477440174,338.1991901282693,A41,True,-76.14196397988967,43.03434694127
LORRAINE AVENUE,477442443,338.202810559163,A41,True,-76.13222639737204,43.02477496257418
WILLIS AVENUE,504325335,338.21974389591026,A35,True,-76.19396003961991,43.05500541922023
TEALL AVENUE,477431781,338.279861458366,A31,True,-76.1223657796243,43.06051014534034
WEST TAYLOR STREET,477438724,338.28870986876944,A41,True,-76.15216279191392,43.03889709284877
STRATFORD STREET,477440119,338.29274600713524,A41,True,-76.12734055988935,43.034072974605515
LARNED STREET,477438062,338.35179561318415,A41,True,-76.15409825892215,43.040909390234255
THIRD AVENUE,477429633,338.3681027942431,A41,True,-76.14267028096744,43.069610371765414
MEADOWBROOK DRIVE,477440895,338.43284708861484,A45,True,-76.1141488019571,43.03144611405034
CALEB AVENUE,477431829,338.4388640126993,A41,True,-76.10492979246389,43.059938105191534
ONONDAGA CREEK BOULEVARD,477443565,338.4592287754115,A41,True,-76.15593671822121,43.01767889637742
CRESCENT AVENUE,477441545,338.46378121980615,A41,True,-76.15857762202529,43.028592230814944
MEADOWBROOK DRIVE,477439878,338.5279426923538,A35,True,-76.11111782269084,43.03534769125655
CROSSETT STREET,477441730,338.58028165873105,A41,True,-76.1744137846312,43.0278441161564
EUCLID AVENUE,477439441,338.6348967789553,A31,True,-76.1262875302571,43.03644713554127
EAST GENESEE STREET,477437414,338.67162371967606,A31,True,-76.09263453881617,43.04282180718012
SCOTTHOLM BOULEVARD,504325253,338.8829245536821,A45,True,-76.10736295450414,43.04174531466678
WILMORE PLACE,477427462,338.8918716041355,A41,True,-76.13896928751244,43.08120676956365
CATHERINE STREET,477433842,338.9608267498154,A41,True,-76.14218145632185,43.053754575604216
SOUTH SALINA STREET,477443848,339.0185888903816,A21,True,-76.14113462044799,43.015750321936686
SOUTH STATE STREET,477442807,339.03539448363927,A41,True,-76.14189830578354,43.02285263206366
GORDON AVENUE,477441453,339.13637733528,A41,True,-76.174509793874,43.02907810991569
SUMMIT AVENUE,477440795,339.1409159889865,A41,True,-76.16619175899021,43.03218360806468
VALLEY DRIVE,477443845,339.1663361476811,A31,True,-76.15981242446854,43.01575326709164
CLARENDON STREET,477438980,339.16992839696906,A41,True,-76.12644243024623,43.03807671458974
GALE AVENUE,477432895,339.3211796975703,A41,True,-76.11497030503487,43.05667860345601
MASSENA STREET,477438802,339.36801137096165,A41,True,-76.16661643495291,43.03882698882845
CLARENDON STREET,477438895,339.4062157422209,A41,True,-76.12395458451509,43.038326128328855
MEADOWBROOK DRIVE,477437952,339.4197286569961,A35,True,-76.10273914896952,43.04136970491642
KIRK PARK DRIVE,477443419,339.5085489750985,A41,True,-76.15400891017025,43.01893086779211
NORTHCLIFFE ROAD,477430198,339.85658523521187,A41,True,-76.09370849881903,43.06697043027125
FAYETTE BOULEVARD,477435498,339.8893666103053,A41,True,-76.0970087648083,43.04926463832402
HAWTHORNE STREET,477437049,339.9007042799312,A41,True,-76.12018730422997,43.04399464245867
FAY ROAD,477438024,339.9458440448446,A31,False,-76.19950731306862,43.041332867644634
SOUTH SALINA STREET,477439764,340.0188730768241,A31,True,-76.14951829269253,43.03587507716529
CALEB AVENUE,477431142,340.0223650908162,A41,True,-76.09090980243315,43.06312109178422
NORTH CROUSE AVENUE,477433890,340.0256722560848,A41,True,-76.13638431068937,43.053705113932565
ENGLEWOOD AVENUE,477445433,340.06206300566316,A41,True,-76.15567578882097,43.004756133291025
CROSSETT STREET,477441694,340.0926413817511,A41,True,-76.16965027049326,43.027940089475074
ERIE BOULEVARD EAST,477433621,340.20298869324586,A25,True,-76.10170077781216,43.05409863850276
FINEVIEW PLACE,477439915,340.27479905775414,A41,True,-76.14183555036303,43.035271916330345
MONTANA STREET,477439968,340.33352470392015,A41,True,-76.11052168122,43.03476585377112
MEADOWBROOK DRIVE,477437928,340.3523647978855,A35,True,-76.10277134658018,43.04150011598465
HERBERT STREET,477430095,340.4382165796764,A41,True,-76.14883144098789,43.067812192303286
MONTANA STREET,477439895,340.57809767182204,A41,True,-76.11198978798598,43.03491016594336
GARFIELD AVENUE,477441236,340.5810335909611,A41,True,-76.14251147816309,43.03032743808643
GRASSMAN AVENUE,477430325,340.5993647734792,A41,True,-76.14389447390774,43.0665917431734
SALISBURY ROAD,477437759,340.6147801775303,A41,True,-76.20195081365748,43.0417131322233
ACADEMY STREET,477446028,340.7218661614988,A41,True,-76.15123175124816,42.99977880908181
ANDOVER ROAD,477441722,340.8288333244423,A41,True,-76.12018861200134,43.027879698546975
MOUNTAINVIEW AVENUE,477434930,340.91618892441085,A41,True,-76.09713675102917,43.05087213647174
BURNET AVENUE,477432373,340.9240691142505,A41,True,-76.10599727982812,43.058107635550186
GERTRUDE STREET,477433435,341.0327041688277,A41,True,-76.13642125969184,43.05474512584585
POND STREET,477429699,341.2257152329549,A41,True,-76.14864809787431,43.069781868081364
JAMES STREET,477430606,341.3096344147371,A31,True,-76.12215429314718,43.06528961995241
EAST COLVIN STREET,477442895,341.3164979178367,A31,True,-76.12094379439158,43.021940131638964
RICHMOND AVENUE,477435162,341.4043144618791,A41,True,-76.17700380597465,43.05029562084343
SOUTH SALINA STREET,477441509,341.45965221359495,A21,True,-76.14701331566863,43.02919510913634
ARGYLE TERRACE,477441896,341.4621016080222,A41,True,-76.15341430570443,43.02756260977826
HILTON ROAD,477446936,341.6689421460527,A41,True,-76.14610268351268,42.99047447895933
BURNET AVENUE,477431804,341.74176986664384,A41,True,-76.09758223506432,43.06004312656241
STRATFORD STREET,477440080,341.7745646362418,A41,True,-76.1248133976663,43.03419945029311
ROCKWOOD ROAD,477442618,341.9130024515637,A41,True,-76.19959575499581,43.02361106481876
SOUTH BEECH STREET,477438222,341.9705289378658,A41,True,-76.1200707680661,43.04075015029523
CALEB AVENUE,477431197,342.10294888615664,A41,True,-76.09213323041422,43.06285410500994
KIMBER ROAD,800048437,342.17380722240915,A41,True,-76.09305944079149,43.03394571104104
HEADSON DRIVE,507665679,342.2321366131992,A41,True,-76.08573621706233,43.05497591269097
JAMESVILLE AVENUE,477443443,342.4123052905522,A41,True,-76.13055620275183,43.018645178428194
ELMWOOD AVENUE,477443430,342.447480575175,A41,True,-76.16204806803457,43.018562488079944
NORTH SALINA STREET,477429598,342.46078100186844,A41,True,-76.16580428595425,43.070083608867
SOUTH GEDDES STREET,477438617,342.57385825629774,A31,True,-76.17257429327601,43.03956859215692
DAKOTA STREET,477440540,342.61346035933235,A41,True,-76.11546228654296,43.03261811266642
BURNET AVENUE,800048128,342.6434433247923,A41,True,-76.11431832898792,43.05638232749631
MIDLAND AVENUE,477441827,342.76478438665384,A41,True,-76.15223380645821,43.027858607331034
CRAWFORD AVENUE,477439655,342.87680211532125,A41,True,-76.10888677852222,43.03611712539473
LAFAYETTE ROAD,477445836,342.935123743706,A41,True,-76.12978157803101,43.001020890052416
JAMES STREET,477429746,343.05874072163346,A31,True,-76.09792258277174,43.06924955287204
EAST BRIGHTON AVENUE AVENUE NORTHBOUND,477444818,343.08153163253763,A45,True,-76.13203208190666,43.00851315742518
MOUNT OLYMPUS DRIVE,600008918,343.1620569896535,A41,True,-76.13170713635144,43.03401843690815
SOUTH BEECH STREET,477435509,343.2275135086667,A41,True,-76.12764085889678,43.04966856362844
MONTGOMERY STREET,477438933,343.3727540092968,A41,True,-76.1487377489839,43.0386511269546
EAST ADAMS STREET,477437378,343.4498923138438,A31,True,-76.14951182843797,43.04276510845805
BURNET AVENUE,509997504,343.63450897593685,A41,True,-76.14617425843119,43.05228965246323
VALLEY DRIVE,477444857,343.65901879156314,A31,True,-76.15608927061507,43.00866510371472
NORTH SALINA STREET,477434163,343.65938112974004,A31,True,-76.15215180059917,43.05284911330524
KIRK AVENUE,477441678,343.66365593952156,A41,True,-76.15301428358603,43.02815862443662
LEWISTON DRIVE,477442662,343.6930637593569,A41,True,-76.1115900093223,43.02334290089521
HARRISON STREET,477436945,343.754848978596,A40,True,-76.14948833835446,43.044291629434674
OAKWOOD AVENUE,477438889,343.82941677843735,A41,True,-76.14557441163655,43.03878944771527
MCDONALD ROAD,477443342,344.17358714403053,A31,True,-76.17606326029149,43.01930621170237
COYKENDALL AVENUE,477432869,344.21358799183315,A41,True,-76.19646832624024,43.056712155337856
GRANT AVENUE,477440733,344.32090798691854,A41,True,-76.17471680520475,43.03189708816713
ASH STREET,477431712,344.4133969976197,A41,True,-76.1492152913558,43.06056610573201
ESSEX STREET,477433524,344.4422376778797,A41,False,-76.199526272032,43.05432854421864
LANDON AVENUE,477441634,344.4885892960425,A41,True,-76.14906677906808,43.02866712652489
NORTH GEDDES STREET,477434838,344.49663283533215,A31,True,-76.17064574755264,43.05150311123368
NORTH CLINTON STREET,477434147,344.79226149395623,A40,True,-76.15347952663764,43.052868744540405
SOUTH FRANKLIN STREET,477435338,344.8429876532532,A41,True,-76.15550533918062,43.05009965108625
EASTMAN AVENUE,477442910,344.9919122892224,A41,True,-76.15993379442274,43.021812130666206
JOHN STREET,477430032,345.0020364305923,A41,True,-76.14448479663689,43.06811713721957
DILLAYE AVENUE,477433068,345.3823812509959,A41,True,-76.11688127145864,43.05615663970993
STINARD AVENUE,477443269,345.47330573452126,A41,True,-76.17179916538522,43.020049722760284
AINSLEY DRIVE,477444435,345.55757022929333,A41,True,-76.12725810845055,43.01127553974693
SOUTH SALINA STREET,477441299,345.67186172027743,A21,True,-76.147435817114,43.03008560209338
WEST SCOTT AVENUE,477437961,345.86273760793176,A41,True,-76.11012121458653,43.04145635501511
OTISCO STREET,477437012,345.9245259329379,A41,True,-76.16869731839078,43.04425563445945
CALEB AVENUE,477431467,346.113760324999,A41,True,-76.09772981124037,43.06157263048543
BURNET AVENUE,477431750,346.13829178925073,A41,True,-76.09635374630865,43.06032513981171
FAYETTE BOULEVARD,477435463,346.2143092578218,A45,True,-76.09432156001334,43.049349450426476
BURNET PARK DRIVE,477437201,346.22959784542496,A41,True,-76.1842051303451,43.043891741679644
JOHN STREET,477430420,346.26957834723476,A41,True,-76.14549276615806,43.066444123358146
WEST COLVIN STREET,477442654,346.3352707712085,A41,True,-76.15992377969158,43.023190121088554
SOUTH SALINA STREET,477442118,346.3439022606527,A21,True,-76.1457756815385,43.026582406239385
BALLANTYNE ROAD,477444539,346.4282045912155,A41,True,-76.14704290509697,43.01051673328343
WINDHAM DRIVE,477439547,346.4379726108546,A41,True,-76.09498547524764,43.03655458419643
BELLEVUE AVENUE,477440493,346.5309895882294,A41,True,-76.17638890865511,43.032806943911716
BROWN STREET,509997546,346.5965693573749,A40,True,-76.14621373354785,43.051804523076484
SHOTWELL PARK,477430703,346.751154245779,A45,True,-76.11552764766633,43.06514169082816
TEALL AVENUE,477429546,346.89763316444856,A31,True,-76.12303676098462,43.07065312959357
NORTH TOWNSEND STREET,477433739,346.9169483312611,A41,True,-76.14630984606444,43.0540051201912
SMALL ROAD,477442937,346.9570937944895,A41,True,-76.11822793214762,43.02155360493646
SOUTH STATE STREET,477442941,346.9640062219648,A41,True,-76.14148231836764,43.02196214243802
NORTH FRANKLIN STREET,477434143,346.9984848599133,A31,True,-76.1548655158838,43.052885862636245
WEST STREET ARTERIAL SOUTHBOUND,504325349,347.11981828936456,A35,True,-76.15777969836783,43.04210766250981
SOUTH WILBUR AVENUE,477436490,347.16470804303214,A41,True,-76.1778143369591,43.046315632260416
EAST ADAMS STREET,477437436,347.20539617544904,A30,True,-76.13989879635488,43.04268913425368
KIMBER ROAD,477439195,347.2074603742077,A41,True,-76.09338776074425,43.03773113846186
ARDEN DRIVE,477442947,347.2412180340878,A41,True,-76.17370321295428,43.02151038046325
LODI STREET,477433055,347.3349092931826,A31,True,-76.1398661441407,43.056055871740384
WEST COLVIN STREET,477442650,347.35420773953877,A30,True,-76.15625578013446,43.02316109954283
HAWLEY AVENUE,477433111,347.5582450568281,A41,True,-76.124052298057,43.05560114938187
JAMESVILLE AVENUE,800048453,347.6265161018553,A41,True,-76.13242096508408,43.020784674261044
MCCORMICK AVENUE,477437058,347.62970852108543,A40,True,-76.1572576245483,43.0439702086824
CRAIG STREET,511383770,347.8772404135589,A41,True,-76.14713952094652,43.069185936267615
MIDLAND AVENUE,477441099,347.93442791355847,A41,True,-76.15361481004369,43.03097408296684
LODI STREET,477433233,348.02174171955414,A31,True,-76.13875280585623,43.05545462926392
VANN STREET,477432615,348.12457929540574,A41,True,-76.11441528579086,43.05731412693757
CURTIS STREET,477430177,348.1495831763185,A41,True,-76.14798329857751,43.06745963071729
SOUTH STATE STREET,477439724,348.15922045033284,A21,True,-76.14720132843105,43.03599062848028
LODI STREET,477434562,348.21902314811814,A31,True,-76.13204979144683,43.05184511967674
SOUTH GEDDES STREET,477438280,348.23829322343454,A31,True,-76.17221480508964,43.040479113434685
EAST GENESEE STREET,477436258,348.273852958539,A31,True,-76.13145279028664,43.0469390807667
FAYETTE BOULEVARD,477435447,348.3095470035124,A45,True,-76.09433151560675,43.0494600209733
NORTH STATE STREET,477434140,348.3311060281642,A21,True,-76.14870179107378,43.05283112010037
WEST ADAMS STREET,477437526,348.38747889430914,A31,True,-76.15217022987876,43.042649841954834
TEMPLE STREET,513530914,348.4220061056181,A41,True,-76.15133170895234,43.04058154940538
SHOTWELL PARK,477430977,348.67114075343903,A45,True,-76.11543839023504,43.064056006713386
VILLAGE DRIVE EXTENSION,477429429,348.6749935003087,A41,True,-76.11972064653807,43.07123863472926
SEYMOUR STREET,477437709,348.6772458862259,A41,True,-76.1722942722296,43.041886620126085
ROBINSON STREET,477432366,348.7120022208299,A41,True,-76.12723948648194,43.05802396998449
CLARENDON STREET,477438965,348.7606957406396,A41,True,-76.1251603943872,43.03814160790531
WEST COLVIN STREET,477442340,348.8140153315991,A30,True,-76.14702982749691,43.0251021166146
SOUTH AVENUE,477440292,348.8451405909773,A41,True,-76.15885625523568,43.03395712962117
CATHERINE STREET,477433569,348.87620968692465,A41,True,-76.14279384680499,43.054579635637936
SOUTH GEDDES STREET,477437687,348.95297680244676,A31,True,-76.1714642994725,43.042377151812374
DELAWARE STREET,477439428,349.0255534632545,A41,True,-76.16772029139058,43.03668263038796
PARK STREET,477429389,349.0645890540529,A31,True,-76.16495025344177,43.0712426316684
NORTH MCBRIDE STREET,477433519,349.08762418704316,A41,True,-76.1448847766489,43.05470812564767
CALEB AVENUE,477432006,349.1313411126255,A41,True,-76.10735627597695,43.05938462186402
GEORGE STREET,477429614,349.2778248839856,A41,True,-76.11981377533736,43.07015563610707
PULASKI STREET,477432123,349.27918420323317,A41,True,-76.17207342817892,43.05907804743079
WINTON STREET,477431795,349.35074022676434,A41,True,-76.12477257753557,43.0603516743281
ERIE BOULEVARD EAST,477433383,349.36383049771047,A25,True,-76.09359222474944,43.05474611286758
HARRISON STREET,506021525,349.4030438469119,A41,True,-76.13987451139457,43.04425663323626
EASTWOOD ROAD,477429831,349.4290284547341,A41,True,-76.1149512575498,43.06910560619981
HOVEY STREET,477440877,349.4534906712467,A41,True,-76.15695395469312,43.03160594204166
HIGHLAND STREET,477432609,349.5288271958942,A41,True,-76.13900027037609,43.05759470703315
ELLIS STREET,477436124,349.7162426000579,A41,True,-76.11366130237093,43.04772145051271
MADISON STREET,477436595,349.78460286647066,A40,True,-76.14816410256752,43.04547469613111
TERRACE ROAD,477440665,349.9129581695265,A41,True,-76.1246244103629,43.03210594975288
CRADDOCK STREET,477443276,350.0773442422731,A41,True,-76.16264920483458,43.02003032343764
CATHERINE STREET,477433280,350.09008015035664,A41,True,-76.14344579865858,43.05541111710949
EUCLID AVENUE,477439656,350.27562170719165,A41,True,-76.10965780780737,43.03604513116714
LAFAYETTE ROAD,800031583,350.48955334061105,A41,True,-76.13072744693703,42.995404793800695
DUANE STREET,477440770,350.5826798395608,A41,True,-76.17842178882576,43.032250123118
CLARENCE AVENUE,477445485,350.6133044078834,A41,True,-76.14104681386708,43.00431963093687
HOPE AVENUE,477443096,351.181086349127,A41,True,-76.15145527607434,43.02111909830519
HERKIMER STREET,477433540,351.1879200835544,A41,True,-76.18916507729894,43.05445750855694
BALLANTYNE ROAD,477444694,351.24567536658776,A41,True,-76.15583830480516,43.00951360827077
FENTON STREET,800034100,351.3443363128437,A41,True,-76.17499749535159,43.0387150701497
ERIE STREET,477434868,351.38212449921537,A41,True,-76.19459600010725,43.05116019565872
WEST DIVISION STREET,800049085,351.40019904701916,A41,True,-76.16048713329666,43.05793583625852
GLENCOVE ROAD,477430815,351.47507675456274,A41,True,-76.10284727701858,43.06424762403547
JAMESVILLE AVENUE,477444068,351.54033956166285,A41,True,-76.1266249400526,43.01416369499515
NORTHCLIFFE ROAD,477430405,351.5459529435135,A41,True,-76.11185575019215,43.06609559286324
OSWEGO STREET,477438198,351.62117826542897,A41,True,-76.16386227461372,43.04088908657562
KINCAID AVENUE,477432544,351.66810619576137,A41,True,-76.19918230976427,43.0576586119156
BARNES AVENUE,477444791,351.77472107804743,A41,True,-76.16008818349707,43.00923894295002
RENWICK AVENUE,477438408,351.8119279992706,A41,True,-76.14068412739086,43.04002917654047
EAST GLEN AVENUE,477445324,352.07405894456855,A41,True,-76.14250980336041,43.00542462106276
GLENCOVE ROAD,477430928,352.1120677790525,A41,True,-76.11164728752779,43.06383014669127
BURNET PARK DRIVE,477436949,352.1131037729843,A41,True,-76.18509058613894,43.04457593993403
SKYTOP ROAD,477453875,352.2848901514399,A45,True,-76.12368610362178,43.02024042577348
BURLINGAME ROAD,477431090,352.5165716538121,A41,True,-76.13198232420379,43.063368973283595
SOUTH AVENUE,477444646,352.6459426704668,A31,False,-76.17011059068882,43.010064282634076
CLARENCE AVENUE,477445495,352.6668738750695,A41,True,-76.14235928803062,43.00426110742474
EAST SENECA TURNPIKE,477445916,352.8910117043762,A31,True,-76.14205508201168,43.00064241305812
CHURCHILL AVENUE,477444637,353.0549043043164,A41,True,-76.13988380075781,43.01036413447347
DOUGALL AVENUE,477442271,353.0942532244013,A41,True,-76.14044360703535,43.02565006794479
HARRISON STREET,477436943,353.1125343551777,A40,True,-76.14818482277322,43.04429138291925
ARCH STREET,477431514,353.28964272664825,A41,True,-76.09948574724187,43.06165662679151
LATIMER TERRACE,477438523,353.4250104732121,A41,True,-76.1466453098532,43.039827653602785
MARKLAND AVENUE,477440794,353.44586650325266,A41,True,-76.17962980371502,43.032204133555844
STINARD AVENUE,477440721,353.5323563085185,A41,True,-76.17410579710807,43.03240110508264
MCDONALD ROAD,477443455,353.5573860936389,A31,False,-76.17821390331143,43.018380705701716
SOUTH STATE STREET,477442004,353.62273579774615,A41,True,-76.14389280809097,43.02705007994021
OLD LIVERPOOL ROAD,477428033,353.6793353918629,A35,False,-76.17662735425924,43.07812936519993
JAMES STREET,477429790,353.8824861785307,A31,True,-76.10323131002076,43.06900236862178
NEW STREET,477438107,353.9228521475729,A41,True,-76.14822433838113,43.04059813583973
EAST TAYLOR STREET,477438554,353.93857979903123,A41,True,-76.14811978364348,43.03928513733886
GRUMBACH AVENUE,477430833,354.00201008467343,A41,True,-76.13962381711566,43.06463164937328
EAST ADAMS STREET,477437383,354.1556421850414,A31,True,-76.14820681168368,43.04275362719642
NORTHCLIFFE ROAD,477430313,354.17035899229006,A41,True,-76.1030151884019,43.06649525884621
CANNON STREET,477443146,354.2655291693664,A40,True,-76.14632129423049,43.02082561681072
SOUTH ALVORD STREET,477431500,354.2777286392289,A41,True,-76.14431275876903,43.06145408672959
NORTHCLIFFE ROAD,477430314,354.28960956714604,A41,True,-76.10169226185248,43.066493558571416
DANFORTH STREET,477428925,354.74664662228054,A41,True,-76.15197589483896,43.07394074704248
CHURCHILL AVENUE,477444460,354.7811720103666,A41,True,-76.13998527978131,43.011472083062756
LOOMIS AVENUE,477445186,355.09536747987795,A41,True,-76.15326755708745,43.006543514787815
SUNNYCREST ROAD,477431351,355.24377828903965,A41,True,-76.10134079955421,43.06204963503724
VALLEY DRIVE,477444354,355.3290062927888,A31,True,-76.15801575972966,43.01236808944916
CHATHAM PLACE,477427296,355.53870338516884,A41,True,-76.1447613539106,43.08218611419904
KILLIAN DRIVE,477439234,355.5849267214162,A41,True,-76.09400459888573,43.03719736454844
GLENWOOD AVENUE,477441878,355.60078955009175,A41,True,-76.18966678352757,43.027505355862296
SPENCER STREET,477432572,355.6960987680258,A41,True,-76.1742251027088,43.05749567303587
SUNNYCREST ROAD,477431368,355.79585962340195,A41,True,-76.10266825897386,43.061982101071145
ARTHUR STREET,477440757,355.7984125817341,A41,True,-76.17700031175559,43.03229613455709
GLENCOVE ROAD,477430787,356.2630455546239,A41,True,-76.10152627835878,43.06431860965255
EAST GENESEE STREET,477437638,356.4507447910309,A31,True,-76.08965523206,43.04229211535809
SOUTH AVENUE,477440988,356.56732352733275,A41,True,-76.15876034363677,43.0313734937338
DEMONG DRIVE,800048260,356.5885694886165,A41,True,-76.0935498878139,43.046398922188644
SOUTH STATE STREET,477442491,356.5937854491724,A41,True,-76.14272082326556,43.02458160746337
WEST DIVISION STREET,477432043,356.7041873535875,A41,True,-76.1559609511475,43.05931421952168
MATTY AVENUE,477434896,356.94643359386447,A41,True,-76.16431429255273,43.05136514401524
HILLSBORO PARKWAY,477437863,357.03448768720415,A41,True,-76.09302455665392,43.04203647027481
SOUTH BEECH STREET,477437313,357.0603458102598,A41,True,-76.12307758776471,43.04330081445665
WESTMORELAND AVENUE,477441057,357.1459833113385,A41,True,-76.11353781299249,43.031145100111864
LODI STREET,477432673,357.24578356570316,A31,True,-76.14204229436602,43.057226603715016
BURT STREET,477438932,357.44106122020037,A41,True,-76.14803680409405,43.038209118049444
BURNET AVENUE,477433749,357.49431375845165,A41,True,-76.12391425625869,43.05372764322577
STACY PLACE,477446449,357.4949571071928,A41,True,-76.15078159288468,42.9949879529196
EAST BRIGHTON AVENUE,477444872,357.6893986825448,A45,True,-76.13219348138232,43.00848034885064
SEVENTH NORTH STREET,477427921,357.7375967274806,A31,True,-76.15177745329294,43.07876553977043
SOUTH STATE STREET,477436594,357.73971666211503,A21,True,-76.14749581133991,43.046515715163096
MOUNTAINVIEW AVENUE,477434823,357.84497096271315,A41,True,-76.09311522296707,43.05109875314598
MIDLAND AVENUE,477443181,357.86834284901005,A31,True,-76.14945780057847,43.02049915406735
VAN RENSSELAER STREET,477434877,357.95328693833164,A41,True,-76.16615282320488,43.05140261274257
BENNINGTON DRIVE,477444348,357.9535313651076,A41,True,-76.13936631844797,43.0119886024501
BRONSON STREET,477446612,357.99853029649836,A41,True,-76.1453688809743,42.993931904304986
WINDING RIDGE ROAD,477443797,358.0504776141985,A41,True,-76.12083679672295,43.01629378661386
MIDLAND AVENUE,477442636,358.0859279230393,A31,True,-76.15067476401994,43.023719648281805
SOUTH GEDDES STREET,477436158,358.1059954531103,A31,True,-76.17085326877641,43.04762461123575
DARLINGTON ROAD,477427579,358.1493052944953,A41,True,-76.13898228471395,43.08058113242035
SOUTH WEST STREET,477436766,358.24225541588174,A40,True,-76.15824974397903,43.04527275834908
SEDGWICK DRIVE,477429520,358.2609820382066,A41,True,-76.1331473541216,43.07085712740293
SOUTH SALINA STREET,477443978,358.42207761373504,A21,True,-76.14119918574731,43.01479949756398
FAIRDALE AVENUE,477441830,358.5724505301493,A41,True,-76.18473983964847,43.027405080524254
BARKER AVENUE,477434937,358.6996948718252,A41,True,-76.16197530591297,43.051312602778914
SEDGWICK DRIVE,477430035,358.9183546387121,A45,True,-76.13290324653566,43.068165618606024
FINEVIEW PLACE,477439510,358.9757852649532,A41,True,-76.14169889001917,43.03674769640033
WEST JEFFERSON STREET,477436197,358.9871941701412,A41,True,-76.15290477312674,43.04705427807741
WEST GENESEE STREET,477433857,359.0211946482873,A21,True,-76.1593756123727,43.05335902294229
HERALD PLACE,477433833,359.0788088481097,A41,True,-76.15281303133854,43.053331095060294
PARK AVENUE,477434356,359.1197970035245,A41,True,-76.15959825469861,43.052036494083225
EAST GENESEE STREET,477437301,359.17459135002883,A31,True,-76.10792337509753,43.04335592066429
KENSINGTON ROAD,477440805,359.2319107591117,A41,True,-76.12044294256462,43.03192998520905
WEST TAYLOR STREET,477438662,359.4582939652803,A41,True,-76.15088070441983,43.03907683526297
CANAL STREET,477434822,359.4662088729484,A41,True,-76.13134275633874,43.05107260390987
VALLEY DRIVE,477443973,359.80183815673365,A31,True,-76.15933776850974,43.01485960871901
WEST SENECA TURNPIKE,477445842,359.8045672930801,A31,True,-76.14754301598617,43.001313382124586
LOCKWOOD ROAD,477438788,359.8872094663905,A41,True,-76.08493644349417,43.03856517886025
KENWOOD AVENUE,477427632,360.05079316284355,A41,True,-76.15225482428446,43.08025513634791
WYOMING STREET,477436106,360.6630399243159,A41,True,-76.1606257704496,43.04779759957016
MARGINAL STREET,477441242,360.7928528347284,A41,True,-76.16040681834227,43.03000899977466
HILTON ROAD,477446920,360.84813547732125,A41,True,-76.14482044702187,42.99061177350687
STRATHMORE DRIVE,504325018,360.8583771590593,A45,True,-76.17009167237237,43.022736564062434
BOSTON STREET,477430170,360.92062823838995,A41,True,-76.09068452613029,43.06758983218099
EAST FAYETTE STREET,477435686,360.962874242135,A41,True,-76.10434055815315,43.04856142757735
MARJORIE STREET,477446615,360.9961590173219,A41,True,-76.14644816928728,42.99388828484138
WEST FAYETTE STREET,477435622,361.03674890217707,A41,True,-76.1528938129864,43.04869592567074
SMALL ROAD,477443101,361.1052074976806,A41,True,-76.12341598755118,43.020984765712456
WEST GENESEE STREET,477434725,361.3053945100816,A21,True,-76.15284917784888,43.051285561945804
FAYETTE BOULEVARD,477435440,361.33181551987235,A45,True,-76.09301009110384,43.0494809040257
EAST COLVIN STREET,477442281,361.34886028428366,A31,True,-76.13284856654568,43.025473147129865
UNION AVENUE,477432896,361.7081265152388,A41,True,-76.14748373043878,43.056455745347264
TIOGA STREET,477436559,361.7880984895704,A41,True,-76.16335724000875,43.04608459762318
CHAVEZ TERRACE,477438002,361.8748103883647,A41,True,-76.14688331887339,43.04102211003865
HOEFLER STREET,477439947,361.94599422889485,A41,True,-76.17959880998538,43.035193631378
EAST DIVISION STREET,477431547,361.94925557128215,A41,True,-76.15129079200268,43.06128913457747
UNION AVENUE,477433058,362.0179881059186,A41,True,-76.14865772095808,43.055961004655025
SALT SPRINGS ROAD,800029783,362.14560848068487,A31,True,-76.08836101853191,43.047266604771586
WEST WASHINGTON STREET,477435350,362.14809306543697,A41,True,-76.15288281671337,43.04960363940801
HERALD PLACE,477433827,362.54357707915193,A41,True,-76.15416301118316,43.053351718425574
OSWEGO STREET,477436688,362.594533677893,A41,True,-76.16501379719259,43.045678643168564
GRANT BOULEVARD,477428433,362.60418788180516,A31,True,-76.15780374331379,43.07606332720066
SKYTOP ROAD,477453873,362.626102911865,A45,True,-76.12383123644143,43.020218956578645
WEST WATER STREET,477435061,362.63272424154036,A41,True,-76.1528627372978,43.05055061688199
EUCLID AVENUE,800048349,362.80982760723543,A41,True,-76.09574514685877,43.038518782222596
WEST TAYLOR STREET,477438757,362.82012222217196,A41,True,-76.15345346913001,43.03872692191861
NIVEN STREET,477435970,362.8428314690468,A41,True,-76.10426879221589,43.04769562819061
OLD LIVERPOOL ROAD,477428295,363.0275892609666,A35,True,-76.17600415693835,43.076772273570924
WARHAM STREET,477429369,363.20714742557243,A41,True,-76.14365177282801,43.07131462639698
BURNET AVENUE,477434223,363.32543678626837,A41,True,-76.14749634224117,43.0522966084967
JENSEN AVENUE,800097685,363.3413227457217,A41,True,-76.17524266577531,43.043053912844556
WYOMING STREET,477436383,363.3486591137002,A41,True,-76.16020580047932,43.0468531034201
NIAGARA STREET,477436478,363.35017369002094,A41,True,-76.161715291695,43.04648511230733
EUCLID AVENUE,477439328,363.36489026913523,A31,True,-76.11961188541166,43.03677917182558
NIAGARA STREET,477436250,363.42904951735636,A41,True,-76.16214164271983,43.047432098720435
WEYMOUTH ROAD,477446322,363.4300448341184,A41,True,-76.13961124575971,42.9961726011439
ONTARIO STREET,477436866,363.4635176754558,A41,True,-76.16829278452569,43.04488011239198
SENECA STREET,477436759,363.65282917033267,A41,True,-76.16664628663094,43.04528011373248
BUTTERNUT STREET,477428970,363.77576872104504,A41,True,-76.14245445123674,43.07377791542344
BARNES AVENUE,477444654,363.93376555847743,A41,True,-76.16038026345674,43.01019520480428
ELMHURST AVENUE,477443063,363.9625738197003,A41,True,-76.15877977122418,43.02086560766173
HAFFENDEN ROAD,477441806,364.0564944051159,A41,True,-76.12323810547903,43.027991307760445
SENECA STREET,477437083,364.1350211510823,A41,True,-76.16621500245827,43.044332880782434
EAST WILLOW STREET,477433675,364.23850379655823,A41,True,-76.14721083910655,43.05413364015789
BURDICK AVENUE,477428106,364.3200846004226,A41,True,-76.15655232997017,43.0777286036844
OSWEGO STREET,477436962,364.3492270460719,A41,True,-76.16459121096243,43.04473055238688
SUNNYCREST ROAD,477431463,364.3558977377047,A41,True,-76.11278983549347,43.06151182551583
LODI STREET,477430380,364.389709745121,A31,True,-76.16045978809294,43.06644661999104
ONONDAGA AVENUE,477442247,364.4492000119582,A41,True,-76.16140157643011,43.025689900581554
CALEB AVENUE,477432124,364.4761698133579,A41,True,-76.11254479049576,43.05878711205282
WYOMING STREET,481561671,364.5625725462559,A41,True,-76.15978690650556,43.04590270413621
SOUTH AVENUE,477443324,364.7374556953959,A31,True,-76.16033380986684,43.01969659952473
COMSTOCK AVENUE,477436664,364.94160504794905,A41,True,-76.13068776238741,43.04580311063763
SOUTH SALINA STREET,509998054,365.004629409555,A21,True,-76.142256308755,43.01024429462643
MONTGOMERY STREET,477440007,365.1375324790882,A41,True,-76.14823782663316,43.03495714040163
MEADOWBROOK DRIVE,477437904,365.33700233077315,A35,True,-76.1014459331895,43.04155755699173
TIOGA STREET,477436805,365.46261641990054,A41,True,-76.16293469961002,43.04513605462744
HAWLEY AVENUE,477433092,365.5213229907996,A41,True,-76.1227202734404,43.05565862022901
SOUTH WEST STREET,477436523,365.60286128866227,A40,True,-76.15844555245111,43.04625558790209
WASHINGTON SQUARE,477429587,365.60325216606793,A40,True,-76.16356826829755,43.07023054683579
WARNER AVENUE,477442828,365.60878473470177,A41,True,-76.14595952010946,43.02234259359872
WINDEMERE ROAD,477446763,365.86567764866993,A41,True,-76.1379872122643,42.99198862616743
GLENCOVE ROAD,477430948,365.9341363801541,A41,True,-76.11298884198423,43.063773161965294
MEADOWBROOK DRIVE,477437836,365.9719082129711,A35,True,-76.10147477547886,43.04168665867267
PARRISH LANE,477447264,366.02699905420184,A41,True,-76.14309851539755,42.98607760703183
BRATTLE ROAD,477430112,366.0612361477239,A41,True,-76.12844932472544,43.067814090581926
SOUTH STATE STREET,477438912,366.1315796651373,A21,True,-76.14741126869573,43.03873911725298
CANNON STREET,477442977,366.31319610449526,A40,True,-76.14653325122538,43.021802104236954
STEWART COURT,513530326,366.37682584481075,A41,True,-76.14311282124206,43.04089714523023
FERRIS AVENUE,477436801,366.5262910520768,A41,True,-76.10718980429631,43.04516710228164
BUTTERNUT STREET,477431808,366.62914843757176,A41,True,-76.14636067892657,43.060134915634826
HAMILTON STREET,477434696,366.670240725665,A41,True,-76.18379509266283,43.05154892485014
WEST GENESEE STREET,477434220,366.75099193491826,A21,True,-76.18580177967127,43.05231809728515
EMERSON AVENUE,477433214,366.8272814059639,A41,True,-76.18929125981903,43.055691622651736
EAST GENESEE STREET,477436578,366.9000958865394,A31,True,-76.11899798329725,43.0455506039598
ARLINGTON AVENUE,477442726,367.04449189571983,A41,True,-76.1669568546641,43.023225433231325
HUNTLEY STREET,477428022,367.1049131211804,A41,True,-76.13880525407313,43.077838127506446
SHOTWELL PARK,477430498,367.2192011143031,A45,True,-76.11526531047608,43.06613161473228
MCCARTHY AVENUE,509997654,367.4461150274903,A40,True,-76.14679591012653,43.047521661880275
NORTHCLIFFE ROAD,477430426,367.4535911308789,A41,True,-76.11319873692884,43.06603359400118
ELDORADO STREET,477430966,367.4695273047136,A41,True,-76.11945027685015,43.063623144849075
SHOTWELL PARK,477430505,367.55335559462793,A45,True,-76.11560733190127,43.06612013149112
WEST ONONDAGA STREET,477437142,367.57703025796235,A31,True,-76.15275808399468,43.04398529956105
HICKOK AVENUE,800048410,367.70554595767453,A41,True,-76.1130811011321,43.05719314651746
BROOKFORD ROAD,504324944,367.7597597455063,A45,True,-76.09701768984715,43.034243552657884
SOUTH WILBUR AVENUE,477437453,367.80637856862296,A41,True,-76.17465206207703,43.04307193970768
JAMES HEATH ROAD,477431047,367.8196980747177,A41,True,-76.12456352128552,43.06351461560247
BRADFORD PARKWAY,504325053,367.8289808983178,A45,True,-76.10665339452208,43.041001340025616
WEST SENECA TURNPIKE,477445898,367.8323614872914,A31,True,-76.14338951474613,43.00077708921469
MARGINAL STREET,477441155,367.8393675119982,A41,True,-76.1592996662719,43.030570429494915
OSWEGO STREET,477436436,368.0174619843421,A41,True,-76.16543829063777,43.046631630568164
HOVEY STREET,477440987,368.05478465470975,A41,True,-76.15812183946159,43.0311234612992
NORTH SALINA STREET,477430109,368.1183192402751,A21,True,-76.1596033408995,43.067591384924874
SENECA STREET,477436527,368.1623485615164,A41,True,-76.16707909706899,43.04623274857633
BRADLEY STREET,477439708,368.183661496506,A41,True,-76.17213126354164,43.03604384567273
HUNTINGTON ROAD,477441273,368.25338017117775,A41,True,-76.19566224013819,43.030221849624084
COLUMBUS AVENUE,477436454,368.2628887961877,A31,True,-76.12141785008953,43.0466125597175
JAMES STREET,477431265,368.42584450792066,A31,True,-76.12744380568692,43.062685149178165
BURNET AVENUE,477432751,368.6868483475944,A41,True,-76.11236778597903,43.05681464746567
TIOGA STREET,477436361,368.69307352614027,A41,True,-76.16378078982059,43.04703760066193
EMPIRE AVENUE,477444632,368.7105620447697,A41,True,-76.15353227814877,43.0104156236454
BRAMPTON ROAD,477446696,368.7876521458495,A41,True,-76.13942001907232,42.992466266038974
EAST GENESEE PARKWAY,477437508,368.86562521447513,A41,True,-76.08958059038072,43.04264527593081
LODI STREET,477432852,368.8722142624842,A31,True,-76.1409463199097,43.05663763197299
SALT SPRINGS ROAD,477436547,368.88584217655045,A31,True,-76.10648780609547,43.04578010233775
COURT STREET,477428596,368.9971299834305,A31,True,-76.15251275601072,43.075419593811816
BROOKFORD ROAD,504324946,369.0110304863492,A45,True,-76.09688900393832,43.03431782848969
SEVENTH NORTH STREET,477428044,369.0112666500859,A31,True,-76.15079598033816,43.07807501809037
SOUTH AVENUE,477443064,369.500321605311,A31,True,-76.15932299739423,43.021342461192006
ROBINSON STREET,477432292,369.59703514315055,A41,True,-76.12288578086623,43.05821114115493
SOUTH ALVORD STREET,477431719,369.6155796849454,A41,True,-76.14209691088392,43.060560398535635
SACKETT STREET,477434746,369.64855118155594,A41,True,-76.17629898308141,43.05169856253881
EAST WATER STREET,509997475,369.6509509639294,A41,True,-76.14488280441398,43.05039788413325
BUTTERNUT STREET,477430870,369.8375498376248,A41,True,-76.14334979029952,43.06454810510799
MARTIN LUTHER KING EAST,477440166,369.97904208770984,A41,True,-76.14458712915112,43.03408129151586
SALT SPRINGS ROAD,477436738,370.0287082634454,A31,True,-76.08577798305815,43.04573456755773
SOUTH GEDDES STREET,477436387,370.05970452844457,A31,True,-76.17091186052406,43.04638511260915
JASPER STREET,477431271,370.16295089009697,A41,True,-76.1353212919309,43.06239659278575
DURSTON AVENUE,477430102,370.2367331439507,A41,True,-76.12720879090053,43.06787512405057
GARY AVENUE,477447323,370.27449720914444,A41,True,-76.1423582230726,42.98559572142863
CRATON STREET,477432719,370.3992191563611,A41,True,-76.1227962686955,43.05681864901842
EAST CHAFFEE AVENUE,477446191,370.5037717832167,A41,True,-76.15100212714134,42.99785269281665
SHOTWELL PARK,477430697,370.5388986481805,A45,True,-76.11517079279649,43.06512164933885
ROBERTS AVENUE,477441423,370.5669500495364,A41,True,-76.17185832186549,43.029685614329274
BROAD STREET,477441143,370.5845217832295,A41,True,-76.11907781301782,43.03039461727915
SOUTH GLENCOVE ROAD,477430861,370.6307574446477,A41,True,-76.09808153038921,43.064074178982224
BELLEVUE AVENUE,477441170,370.9120969274888,A41,True,-76.18995631636281,43.03050460986367
SEDGWICK STREET,477431724,371.0667328084087,A41,True,-76.1301592844713,43.06074108876752
BEECHER STREET,477432014,371.1121169697604,A41,True,-76.14259687455908,43.05958051908645
SOUTH GEDDES STREET,477441454,371.1197420694616,A31,True,-76.17518179774163,43.02956310412418
WILSON STREET,477431243,371.38244530821623,A41,True,-76.12568672211803,43.0629317063959
XAVIER CIRCLE,800032795,371.5889115507623,A41,True,-76.12897138828669,43.019863585070404
MITCHELL AVENUE,477444570,371.7605359349663,A41,True,-76.16996828432185,43.010797906346845
HOLLAND STREET,477439202,371.95862946752817,A41,True,-76.16392382773456,43.03758613902845
SEDGWICK DRIVE,477430052,372.10551250887323,A45,True,-76.13306079483405,43.06814060096008
TYSON PLACE,477429397,372.13748438137503,A41,True,-76.10227479160237,43.0709894801656
WILLUMAE DRIVE,477428202,372.40246254971066,A45,True,-76.15286803753956,43.077287401916784
ARTHUR STREET,477440182,372.46063269783,A41,True,-76.17713777780263,43.03437611480806
PECK AVENUE,800048716,372.5144089656003,A41,True,-76.12234530372385,43.06878973403811
DEMONG DRIVE,477437198,372.70526352176296,A41,True,-76.08491931429373,43.04354731898168
STINARD AVENUE,477441442,372.8335398986377,A41,True,-76.17392178428256,43.029612101523924
DARLINGTON ROAD,477427463,373.1118970269349,A41,True,-76.13997031271758,43.08127565170672
BROAD STREET,477441159,373.2562360794487,A41,True,-76.12046582782031,43.03032412436949
HUBBELL AVENUE,477441411,373.36065543381596,A41,True,-76.17041680736756,43.02974012336471
FAIRDALE AVENUE,477441823,373.37564746092346,A41,True,-76.1833713021922,43.02743108211642
SCOTTHOLM BOULEVARD,477437240,373.3770889035057,A45,True,-76.11201833312884,43.04387843097739
ACORN PATH,477441094,373.7679898821417,A41,True,-76.12857375034812,43.03057625326215
KENSINGTON ROAD,477440633,373.842258217765,A41,True,-76.1220527992547,43.0321766009452
ALMOND STREET,509998059,373.8972552814396,A45,True,-76.14221911383213,43.044894577893444
EAST ADAMS STREET,477437441,374.13970346763176,A30,True,-76.13854930217283,43.04268560343987
HARTLEY STREET,477429881,374.20066524533104,A41,True,-76.1426213835658,43.06852461008589
EAST BRIGHTON AVENUE,477444685,374.3301301423293,A31,True,-76.13349989491226,43.01051465670947
WEST ONONDAGA STREET,477438547,374.5477095735084,A31,True,-76.15868958210001,43.03963039258415
MIDLAND AVENUE,477445841,374.682334345275,A31,True,-76.14692587109656,43.001737719805995
MEADOWBROOK DRIVE,477438315,374.68707666684514,A35,True,-76.10697783750733,43.040216510608175
WILLUMAE DRIVE,477428179,374.7102832488023,A45,True,-76.15281569983215,43.07736930874209
CALEB AVENUE,477431663,374.72915600130875,A41,True,-76.10125832113147,43.06075912914858
WEST ONONDAGA STREET,477439882,374.76002436184984,A31,True,-76.16513810777047,43.035170502565926
HARRISON STREET,477436970,374.94664814462186,A41,True,-76.13851963519285,43.044236010677295
EAST LAUREL STREET,477432551,375.24780270339727,A41,True,-76.14838298491405,43.05764585966339
HARRISON STREET,477436920,375.26549454885577,A40,True,-76.15155816822211,43.044326505780774
TALLMAN STREET,477439624,375.28064556296977,A41,True,-76.16084932854235,43.03591062436481
NORTH SALINA STREET,477433388,375.37673155543405,A31,True,-76.1520983535638,43.05516260023673
COMSTOCK AVENUE,600035950,375.381898624338,A41,True,-76.12871207154055,43.02438558051558
NORTH WEST STREET,477434855,375.49784054097574,A40,True,-76.15902231289027,43.05147305654036
CORAL AVENUE,477444699,375.6625852817651,A41,True,-76.15049081713046,43.00986663366825
LINCOLN PARK DRIVE,477432407,375.8538040309213,A41,True,-76.12983174235853,43.05791463062961
KRAMER DRIVE,477445847,375.8786661612571,A41,True,-76.15730263615066,43.00123325114735
VINE STREET,477431448,376.02419850962025,A41,True,-76.1276203178957,43.06198012912472
ACADEMY PLACE,477446656,376.08070143902177,A41,True,-76.15130577128835,42.99332362387744
SEYMOUR STREET,477437454,376.11771105313375,A40,True,-76.1553379391918,43.042665288848035
BRIGGS STREET,477428195,376.12531963171045,A41,True,-76.13870382985287,43.07710411633529
HATCH STREET,477442789,376.22947357201986,A41,True,-76.1536237846938,43.022992615961975
HARTSON STREET,477439429,376.3034840952362,A41,True,-76.17778280619893,43.03649512960945
EAST GLEN AVENUE,477445312,376.35789404333826,A41,True,-76.14114978017372,43.00547763212417
STANDART STREET,477439914,376.42348531662606,A40,True,-76.14121689754438,43.03483097127335
SHOTWELL PARK,477430971,376.58095434490605,A45,True,-76.11508077049211,43.064098627548546
EAST FAYETTE STREET,477435767,376.6107054989417,A41,True,-76.12065378946531,43.04829108497122
BUTTERNUT STREET,477432335,376.7213760213501,A41,True,-76.15056581854455,43.05834161288876
WALTER DRIVE,477429747,377.04581968915096,A41,False,-76.09859561293293,43.06973544347435
LEWISTON DRIVE,477442583,377.10730195745253,A41,True,-76.11275749888395,43.02382721388405
SALISBURY ROAD,477437785,377.19433661247115,A41,True,-76.20329228003267,43.041668147143355
SOUTH TOWNSEND STREET,509997653,377.5103937784066,A45,True,-76.1454538887556,43.047020213895394
EAST KENNEDY STREET,477440847,377.56201629226024,A41,True,-76.14344139236306,43.03163263557512
MEADOWBROOK DRIVE,504325292,377.58533236376616,A35,True,-76.09924974145306,43.04213087579488
CENTENNIAL DRIVE,477442032,377.7018296008346,A41,True,-76.15919267821735,43.02674139464895
HICKORY STREET,477433389,377.754934495728,A41,True,-76.14785744037275,43.05490968468032
ERIE BOULEVARD EAST,477434985,377.9162510119672,A21,True,-76.1392083303771,43.050754119686
NBT BANK PARKWAY,477428690,377.9323410239831,A41,True,-76.16871986111511,43.07596693104462
ALMOND STREET,477438821,378.3901210441634,A41,True,-76.1421511476411,43.038999766199346
SOUTH CROUSE AVENUE,477437830,378.43658049816815,A40,True,-76.13664838493567,43.04216561596126
ROBINSON STREET,477432200,378.6263097342997,A41,True,-76.11905371742674,43.058528647058864
ERIE BOULEVARD EAST,477434887,378.7145109251703,A40,True,-76.15146883834583,43.05090314394837
MEADOWBROOK DRIVE,477438873,378.8630283364529,A35,True,-76.1084715948181,43.03880782342774
ANDREWS STREET,477436610,378.89368946642713,A41,False,-76.20513912538809,43.04554664843948
DEWITT STREET,477431002,379.1697102599203,A41,True,-76.13389920612596,43.063912094764696
BELLEVUE AVENUE,477440464,379.17707648600083,A41,True,-76.17342981638195,43.032910107501856
PATTISON STREET,477432084,379.2720049884759,A41,True,-76.12644873356385,43.05896260167975
WALNUT AVENUE,477437838,379.35111587308717,A40,True,-76.13221475332989,43.04210608918887
SOUTH WEST STREET,477438092,379.4826995998756,A31,True,-76.15740930651836,43.041164683041714
BELLEVUE AVENUE,477440505,379.5237515330901,A41,True,-76.1777453167428,43.032757129930346
FIRST NORTH STREET,477429994,379.70440710836914,A45,True,-76.14591871194853,43.06822880558912
WALNUT PLACE,477437833,379.72700073647326,A40,True,-76.13283080628182,43.0421126440377
JAMES STREET,477434729,379.78703771089897,A21,True,-76.15146281978946,43.05127274858237
HAWLEY AVENUE,477433612,379.8511867995912,A41,True,-76.13371656678598,43.05446761364491
MEADOWBROOK DRIVE,477440995,379.9773869460338,A45,True,-76.11534829425564,43.03116457777574
SUNNYSIDE ROAD,477438766,380.0071770038519,A41,True,-76.11013547688296,43.03902120056872
SOUTH SALINA STREET,800048983,380.0103277927759,A21,True,-76.14907041945648,43.03354456129288
EAST WARRINGTON ROAD,477446502,380.0126141756742,A41,True,-76.13943425538076,42.994468146145586
AMIDON DRIVE,477446277,380.11093319737927,A41,True,-76.14401187505503,42.99665094660663
NORTH TOWNSEND STREET,509997555,380.228091764708,A41,True,-76.14554535749984,43.05280809083283
HIGHRIDGE DRIVE,477441970,380.4396538375991,A41,True,-76.19794836011505,43.02706153039599
AINSLEY DRIVE,477444461,380.4793636050277,A41,True,-76.13310487436421,43.01112124695987
ERIE BOULEVARD EAST,477435035,380.6419565696718,A21,True,-76.13131126225068,43.05063509725029
UNIVERSITY PLACE,511163754,380.65066787689807,A41,True,-76.13730828366128,43.0394299014593
BEATTIE STREET,477436577,380.71473119453816,A41,True,-76.10800506686823,43.04606528195695
JAMESVILLE AVENUE,800032731,380.71478198895096,A41,True,-76.13345906051305,43.02197195630831
OAK STREET,477433223,381.0007153549003,A41,True,-76.13332078607381,43.05572962727735
BRISTOL PLACE,477437651,381.12053811940154,A41,True,-76.12293448314054,43.042441928649936
WEST BEAR STREET,477432159,381.13316813544736,A31,True,-76.17304685180532,43.05902447183158
KRAMER DRIVE,477445887,381.15986628082214,A41,True,-76.15457245750562,43.000965261340596
GRANT AVENUE,477440769,381.1724892766424,A41,True,-76.17767678508875,43.03178913209639
UNIVERSITY AVENUE,477437827,381.1879283739576,A41,True,-76.13443076195642,43.04212759071154
GLENWOOD AVENUE,477442252,381.2247767990183,A41,True,-76.18466632028063,43.025631945483084
GRANT BOULEVARD,477429126,381.35912810427266,A31,True,-76.12421320833828,43.07269005076907
NORTH STATE STREET,477431257,381.4787524009958,A41,True,-76.15672232904055,43.06288711039118
BELLEVUE AVENUE,477441590,381.5870151952072,A41,False,-76.19624739946521,43.028489778261125
WEST WILLOW STREET,477434148,381.90838657198105,A41,True,-76.15418881666383,43.0524031046707
MONTICELLO DRIVE SOUTH,477446128,381.94995905631674,A41,True,-76.1387197683141,42.99928260542738
EAST GENESEE STREET,477437568,382.32923477100934,A31,True,-76.09099775237962,43.04253312738914
HICKOK AVENUE,477432752,382.39418075299284,A41,True,-76.1131752972462,43.058220129063656
SOUTH SALINA STREET,477445897,382.4188160078184,A21,True,-76.14274834224328,43.00122259659648
FILLMORE AVENUE,477444636,382.5329431388259,A41,True,-76.13912829143281,43.00991213471054
CROSSETT STREET,477441699,382.62101577085787,A41,True,-76.1710017841025,43.02792158481859
ASH STREET,477431980,382.6278255245123,A41,True,-76.1515427706469,43.05956563318179
SALT SPRINGS ROAD,477436339,382.72115117637196,A31,True,-76.10070484354667,43.04670451841063
MYRTLE STREET,477435626,382.7350270368309,A41,True,-76.19495730550446,43.049152596071025
STOLP AVENUE,477441179,383.13362371222473,A41,True,-76.17117281949879,43.030222615973884
EAST CHELTENHAM ROAD,477446416,383.1930976934191,A41,True,-76.13948461618409,42.99532583905727
LYNCH AVENUE,477443961,383.20883896437266,A41,True,-76.16968831358602,43.01451358130069
WEST BRIGHTON AVENUE,477443145,383.25345628380614,A31,True,-76.14550730334508,43.020422602425896
WEST BRIGHTON AVENUE,477443233,383.3014497496965,A31,True,-76.15168126754315,43.01976608463457
STOLP AVENUE,800052910,383.37508954731686,A45,True,-76.18650139697928,43.02973280754207
DARLINGTON ROAD,477427811,383.8392010289631,A41,True,-76.13718617197868,43.07933039623734
ERIE BOULEVARD EAST,477434891,384.02140077195565,A40,True,-76.15004208367921,43.050891951797645
CHARMOUTH DRIVE,477443012,384.2154617701252,A41,True,-76.1699268207174,43.021145616198915
SMITH LANE,800032740,384.2959782369456,A41,True,-76.13379771770182,43.02149765908264
STOLP AVENUE,477441212,384.55269189782666,A41,True,-76.17755383947437,43.029994098174924
BURNET AVENUE,477433659,384.60719274632356,A41,True,-76.12261325841173,43.05408363533637
BUTTERNUT STREET,477433208,384.863538564014,A31,True,-76.15405786669659,43.05571323663534
NORTH STATE STREET,477454135,385.00972137388436,A41,True,-76.15281441335453,43.057976979476706
WOLF STREET,477427974,385.16191587152025,A21,True,-76.15872582126708,43.07859012410657
EAST COLVIN STREET,477442050,385.1850540757285,A31,True,-76.13893157032147,43.02645682175093
SOUTH SALINA STREET,477447171,385.196855171473,A21,True,-76.14403178107167,42.98760758314246
STOLP AVENUE,477441289,385.45059180842054,A45,True,-76.18648859565118,43.029622060216056
GLENWOOD AVENUE,477443241,385.52548787592974,A31,True,-76.16983431611064,43.01970915018924
GLENWOOD AVENUE,477442049,385.7757957576325,A41,True,-76.18746218954776,43.02664170623729
HATHERLY ROAD,477438954,385.8346558428448,A41,True,-76.1036150632724,43.03851035264611
HARDING PLACE,477446603,385.8538291138322,A41,True,-76.13937394219583,42.993558518157855
GIFFORD PARKWAY,504325136,385.89323242039023,A45,True,-76.08496067036053,43.04200920850087
CALEB AVENUE,477430998,385.98046491282923,A41,True,-76.08835179338608,43.06344864433645
TAFT AVENUE,477428873,385.9936726821414,A41,True,-76.11484260138904,43.074282002158604
CANNON STREET,477443320,386.0520848831202,A41,True,-76.14614164705392,43.01981880700074
NORTH FRANKLIN STREET,477434865,386.2245340896315,A31,True,-76.15531932891629,43.05146355985035
COMSTOCK AVENUE,477437844,386.32861539785796,A40,True,-76.13033280073505,43.04209461780832
ASH STREET,477432115,386.37100145993276,A41,True,-76.15278980292686,43.059039123996435
CARLTON DRIVE,504325288,386.56701881918474,A45,True,-76.0891311467077,43.047011708601964
NORMAN AVENUE,477446660,387.0302952161514,A41,True,-76.15053908316573,42.99280505624426
EAST WATER STREET,477435085,387.0654075394726,A41,True,-76.15004315512576,43.0505099266571
BELLEVUE AVENUE,477440451,387.07011665414325,A41,True,-76.1713673065478,43.032984637497144
COURT STREET,477428333,387.1368661618853,A31,True,-76.1497208363956,43.07660912629924
STRATHMORE DRIVE,504325021,387.2383924648565,A45,True,-76.17003414536626,43.02261626590357
MONROE STREET,507666607,387.53633720173923,A40,True,-76.14217548065149,43.042181111325014
DOUGLAS STREET,477432091,387.66380736156214,A41,True,-76.14195182103221,43.059196647947545
BRADFORD PARKWAY,477438109,387.6891140313931,A45,True,-76.10653617656358,43.04108599082693
OSTROM AVENUE,477437855,387.7079571144805,A41,True,-76.12870279059157,43.042087609269764
SOUTH SALINA STREET,477446215,387.8742525477794,A21,True,-76.14311500358103,42.997995054937
JENSEN AVENUE,800097684,387.9726005074954,A41,True,-76.17724995571938,43.040497009102424
GRUMBACH AVENUE,477431108,388.1127655522516,A41,True,-76.13954032623546,43.06361515591413
SOUTH MCBRIDE STREET,477436027,388.1313486202969,A41,True,-76.14391179888308,43.04804811734789
SOUTH WILBUR AVENUE,477436706,388.22530261054465,A41,True,-76.17700783559853,43.045498137230474
GRANDVIEW AVENUE,477440837,388.2475377432433,A41,True,-76.17127200840734,43.031550928653786
GIFFORD PARKWAY,504325135,388.26580769079845,A45,True,-76.08477408452892,43.04196616667412
AMHERST AVENUE,477442625,388.32688407857404,A41,True,-76.14138029162292,43.02333461102373
FIRST NORTH STREET,477430160,388.3814160987053,A41,True,-76.14396631318576,43.06738108672565
HIGHLAND STREET,477431137,388.4111431500494,A41,True,-76.14150976270392,43.063527134428014
BALLANTYNE ROAD,509998053,388.4896506643315,A41,True,-76.14287941580673,43.01068865893301
NORTH CROUSE AVENUE,477434269,388.49624054273784,A41,True,-76.13641128665927,43.05270561871818
TRACY STREET,477435040,388.49632823214534,A41,True,-76.15982444419603,43.05077749148293
GORDON AVENUE,477441422,388.5768919466615,A41,True,-76.17110231114702,43.02920312619036
WEST BEARD AVENUE,477442212,388.6631520401479,A41,True,-76.1507150497371,43.025823468579496
LAFORTE AVENUE,477440984,388.67401989008744,A41,True,-76.17761134921491,43.03088661328276
GROVE STREET,477444601,388.9490880244168,A41,True,-76.15615280140528,43.01028908897017
SACKETT STREET,477434246,389.33473673227013,A41,True,-76.17663410794482,43.05267585319948
ALLEN STREET,477436139,389.43623375579404,A41,True,-76.117071766338,43.047716116792785
WARNER AVENUE,477442812,389.6440003990594,A41,True,-76.14455076875213,43.02241712995998
HIER AVENUE,477431130,389.6583692117963,A41,True,-76.14052952051416,43.06357342796954
INVERNESS PLACE,477441040,389.6969449123771,A41,True,-76.19495615208346,43.03091811668614
BUTTERNUT STREET,477429368,390.0656781343485,A41,True,-76.14289376054705,43.07159311121811
NORTH STATE STREET,477431454,390.3721031740888,A41,True,-76.15599132842374,43.061973615105416
WHITTIER AVENUE,800049079,390.65800858346716,A40,True,-76.1874364438305,43.04319452796929
CATHERINE STREET,477434231,390.6818933976479,A41,True,-76.1420718360869,43.05278347925216
LOMBARD AVENUE,477435689,390.71069553127427,A41,True,-76.12064888870697,43.04865796126624
NORTH MCBRIDE STREET,477434221,390.738099676304,A41,True,-76.14380227540691,43.05280163154685
MIDLAND AVENUE,477443355,390.8566494123881,A31,True,-76.14908581513048,43.0195086551286
VILLAGE DRIVE,477429211,390.8767437398074,A40,True,-76.11736454917228,43.07222737307102
SHERIDAN PLACE,477432067,391.01124773238104,A41,True,-76.10256983346434,43.05939819438852
HICKORY STREET,477433618,391.19560276753396,A41,True,-76.14905343593306,43.054323169704354
EAST WASHINGTON STREET,477435382,391.2580118167478,A41,True,-76.14812527428512,43.04952612476533
WEST KENNEDY STREET,477441369,391.2603766710186,A31,True,-76.15214735802869,43.0295294445699
ENGLERT AVENUE,477427683,391.4663864677682,A41,True,-76.14824331963624,43.08007115206943
MEADOWBROOK DRIVE,477438915,391.5368910593818,A35,True,-76.10835975234909,43.03869140355665
MENLO DRIVE,477444630,391.56264592446104,A41,True,-76.13813167062466,43.010428378882
MELROSE AVENUE,477430768,391.6507893345339,A41,True,-76.11946147261513,43.064393052339256
WALNUT AVENUE,477438145,391.76205914589065,A40,True,-76.13224029112538,43.04104812073459
BERKSHIRE AVENUE,477428445,391.78330279007554,A41,True,-76.13714283148794,43.07579763814897
SEELEY ROAD,477436411,391.81008257653286,A31,True,-76.10351228591968,43.04680212107427
NORTH STATE STREET,477430811,391.8692925573787,A41,True,-76.158160318293,43.06468763044418
GERE AVENUE,477432486,392.06399051816635,A41,True,-76.19689460421824,43.057879175001155
BUTTERNUT STREET,477430159,392.0640931045601,A41,True,-76.14332326883692,43.067670581648215
SOUTH SALINA STREET,477438964,392.44175417326534,A31,True,-76.15005375050993,43.03864509898486
MILFORD DRIVE EAST,477429928,392.5941243456654,A41,False,-76.09609779960601,43.0687986137523
SCOTT AVENUE,477439912,392.6782858145689,A41,True,-76.1068482901543,43.035356584379635
GARFIELD AVENUE,477442305,392.9018392290733,A41,True,-76.14124526430602,43.02565232916203
WEST FAYETTE STREET,477435614,393.00576239934645,A41,True,-76.15626249170712,43.04871833740864
TWIN HILLS DRIVE,477442747,393.2619774396634,A41,True,-76.17176373308713,43.02284404322696
LIME STREET,477433741,393.49882342316056,A41,True,-76.09419327951866,43.05413361739572
ERIE BOULEVARD EAST,477433221,393.6392823710099,A25,True,-76.08716711508852,43.05526963616473
HELEN STREET,477431034,393.8110422517726,A41,True,-76.13500631747108,43.06383612894019
WALNUT PLACE,477438143,393.987504417444,A40,True,-76.13285878480481,43.04105113951185
WEST MARCELLUS STREET,800032564,394.08049676996006,A41,True,-76.1738228679622,43.04451398730892
MARY STREET,477431321,394.1650322977879,A41,True,-76.15075677348109,43.062596160114175
ERIE BOULEVARD WEST,477433165,394.2196990486077,A31,True,-76.18592425634705,43.05571591455787
GIFFORD PARKWAY,477437524,394.6634316749132,A45,True,-76.08545485750855,43.04301448696602
DUDLEY STREET,477440433,394.72778616582605,A41,True,-76.16992433522256,43.03358363720516
ARTHUR STREET,477440494,394.76249083775747,A41,True,-76.17706298591884,43.0333248042764
BELLSHIRE LANE,477427845,394.79699897275293,A41,True,-76.15347762614095,43.079202822101195
LATTER DRIVE,477446690,394.87075928685795,A41,True,-76.13867496310858,42.99303816400158
ORLANDO AVENUE,477445764,394.8734066589746,A41,True,-76.13945494253798,43.0019846816119
NORTH LOWELL AVENUE,477434697,394.93967455586835,A41,True,-76.18475352684943,43.05179512137367
CADILLAC STREET,477427516,395.0469763046214,A41,True,-76.14803045220192,43.08102305730051
BERKELEY DRIVE,477441106,395.1380929344046,A41,True,-76.1258206110136,43.03052954037604
DAKIN STREET,800048230,395.2194238734483,A41,True,-76.11360908927033,43.0504835721762
WILLIS AVENUE,477741261,395.3637227597265,A31,True,-76.19236312561164,43.052623545563826
TEALL AVENUE,477429993,395.3707948593104,A31,True,-76.12290428680421,43.068496639821426
COMSTOCK AVENUE,477438155,395.38597088962064,A40,True,-76.13023028759584,43.04102458711584
HOEFLER STREET,477440512,395.4002029612972,A41,True,-76.179437269405,43.033239115874764
STOLP AVENUE,477441157,395.58243232691376,A41,True,-76.16845431441428,43.03031614193119
GRAND AVENUE,477438125,395.6058463438018,A35,True,-76.17218696261791,43.041003352997194
KANDACE STREET,477440544,395.62545350436807,A41,True,-76.18253878920927,43.033128629776385
OSTROM AVENUE,477438159,395.86065298813435,A41,True,-76.12860829272282,43.041014616445516
JAMESVILLE AVENUE,477443947,395.9200197183673,A41,True,-76.12737924311318,43.01502712648876
OAK STREET,477431054,395.92761158711,A41,True,-76.13611630549576,43.0637900846311
BURNS AVENUE,477430176,396.0057174571818,A41,False,-76.09188427504851,43.067588293595975
WILLIS AVENUE,477435504,396.1736798030017,A41,True,-76.19030483486237,43.04969959664053
NORTH STATE STREET,477433565,396.30723581180666,A21,True,-76.1501592867716,43.054649603248855
UNIVERSITY AVENUE,477438140,396.53687741136656,A41,True,-76.13445928709109,43.04106058719305
ROSEMONT DRIVE,477446622,396.58288886553737,A41,True,-76.14714227125657,42.99336214573976
KRAMER DRIVE,477445858,396.6804476159124,A41,True,-76.15590611670824,43.0012964696251
EAST LAUREL STREET,477432853,396.726712920652,A41,True,-76.1508348332412,43.05659614924213
EAST WATER STREET,477435102,396.8498282452499,A41,True,-76.14811969030491,43.050446444187735
WEST FAYETTE STREET,477434890,396.8951927012488,A41,True,-76.18275131576928,43.05133360244089
CLOVER RIDGE DRIVE,477430188,396.952614750691,A41,False,-76.09312346008481,43.067529149408564
MILTON AVENUE,477433995,397.0345467919087,A41,True,-76.19037028339118,43.053378622841294
HIAWATHA BOULEVARD EAST,477427866,397.12664079757957,A31,True,-76.1602222570376,43.07921061185394
MACDOUGALL PLACE,477446010,397.1656653713213,A41,True,-76.15172743332661,43.00038395569499
SOUTH SALINA STREET,477443240,397.2356905847181,A21,True,-76.14273679268041,43.02016912232913
LANDON AVENUE,477441437,397.2553487911262,A41,True,-76.14952376359881,43.02962813436544
MIDLAND AVENUE,477441606,397.28044942038633,A41,True,-76.15262278044365,43.02883311989802
NORTH MCBRIDE STREET,477433009,397.29597681897343,A41,True,-76.14621077740183,43.056373134932734
ISABELLA STREET,477431256,397.6946021971432,A41,True,-76.15571230475882,43.06269911899726
JAMES STREET,477430368,397.7251568042569,A31,True,-76.11955124891054,43.06654959486363
NORTH CLINTON STREET,477434709,397.73115783942,A40,True,-76.15349832143045,43.05185014365692
ERIE BOULEVARD EAST,477433394,397.8068340746818,A25,True,-76.09648327624451,43.054707145499144
TYLER COURT,477437790,397.8791104291415,A41,True,-76.14311478472035,43.04218461979294
VALLEY DRIVE,477443744,397.90563400703087,A31,True,-76.16031129976317,43.016696114398655
ONONDAGA CREEK BOULEVARD EAST,477444151,397.95980302658666,A41,True,-76.15463967927029,43.01356701966619
MILTON AVENUE,477434940,398.0031926817348,A41,True,-76.18932064867697,43.05130975918562
CRAIG STREET,477429543,398.0418129877126,A41,True,-76.14601629420703,43.070693586997145
HILLSIDE STREET,477428384,398.0451176015334,A41,True,-76.1433726154449,43.07653174433311
WHITWELL DRIVE,477431073,398.1005792761118,A41,True,-76.13733680469367,43.06373311610429
MILTON AVENUE,477435543,398.1806438493384,A41,True,-76.18762483918742,43.04948061909372
EMERSON AVENUE,477435303,398.3012418447242,A41,True,-76.18538463718615,43.050319357783884
BRADFORD PARKWAY,477439689,398.35885983222136,A41,True,-76.10171465304246,43.03603494489421
SPRINGFIELD ROAD,477435439,398.4306940694649,A41,True,-76.09103530179435,43.05078465507017
MILTON AVENUE,477434870,398.48679485649166,A41,True,-76.1890003089905,43.051431109226364
EAST WATER STREET,477435152,398.5090577460897,A41,True,-76.13915282258733,43.0503241218375
AVERY AVENUE,477435704,398.6190158118053,A41,True,-76.19229681616096,43.048945095658
SCOTTHOLM BOULEVARD,477437689,398.6610688454987,A45,True,-76.1086448116398,43.04211962271041
AVERY AVENUE,477435426,398.7519679887061,A41,True,-76.19298181301615,43.04991710162694
NORTH LOWELL AVENUE,477435143,399.0019617797822,A41,True,-76.18405557281423,43.05083350705676
BRIGGS STREET,477428175,399.010550050323,A41,True,-76.13725583456608,43.077172141125494
HOWARD STREET,477434248,399.05499642830904,A41,True,-76.13912400077032,43.052750130400796
COLDBROOK DRIVE,477446697,399.08710231401466,A41,True,-76.14008222011641,42.992984375839214
AVERY AVENUE,477436038,399.2819414904068,A41,True,-76.19161231339753,43.047972089539286
HUGHES PLACE NORTH,477442201,399.3830150885863,A41,True,-76.13337260718089,43.026227812268736
ENGLEWOOD AVENUE,477445540,399.436611879137,A41,True,-76.1581248327935,43.004067125231266
EAST JEFFERSON STREET,477436212,399.5251014617857,A41,True,-76.15008680862651,43.047043679860316
DARLINGTON ROAD,477428687,399.5628300316417,A41,True,-76.13638877275692,43.07528762079108
DANFORTH STREET,477429102,399.6461962815528,A41,True,-76.15264483243301,43.07302914175134
STEVENS PLACE,477443468,399.7666383693891,A41,True,-76.13610583419968,43.018539939029594
FORDHAM ROAD,477429323,399.8645973533843,A41,True,-76.12459490163921,43.07130838705529
HAMILTON STREET,477434947,399.89514177228835,A41,True,-76.18506582741985,43.05106112149163
SOUTH MCBRIDE STREET,477437782,400.0736045265354,A41,True,-76.14399376462976,43.04219861840345
CHARMOUTH DRIVE,477443113,400.4949220476319,A41,True,-76.17130043178453,43.020909975960684
WILLIS AVENUE,477435786,400.55611829883156,A41,True,-76.18962380220977,43.04872708302961
PARK STREET,477454196,400.57331804017383,A31,True,-76.17278859008302,43.07613153981259
GRAY AVENUE,477429715,400.62613263622717,A41,True,-76.12446684594818,43.069367472481275
AVERY AVENUE,477435119,400.6880119317824,A41,True,-76.19366731962371,43.05089211478395
MILTON AVENUE,477434384,400.7330647682784,A41,True,-76.18968631237848,43.052405600397044
CADILLAC STREET,477427207,400.76100231644625,A41,True,-76.1455122927516,43.08279065744173
ALANSON ROAD,477442823,400.7844000850186,A41,True,-76.17281485983216,43.02270322811622
NORTH SALINA STREET,477434724,400.8105909311906,A31,True,-76.15216779415891,43.0518276184932
WILLIS AVENUE,477435209,400.9146994445442,A41,True,-76.19098333997042,43.05067361805808
LOEHR AVENUE,477439954,401.0951799931017,A41,True,-76.1803128235576,43.034672134078114
LODI STREET,477429830,401.2029438749434,A31,True,-76.16661417554683,43.06906290266466
MYRTLE STREET,477435955,401.3798020280294,A41,True,-76.19427633875874,43.04819960492945
CROSSETT STREET,477441716,401.3902151350375,A41,True,-76.16826720500606,43.02791054447459
JASPER STREET,477431285,401.49821444576014,A41,True,-76.13676228353239,43.062327131637296
HUNTINGTON ROAD,477441529,401.6483910307551,A41,True,-76.19559183314378,43.02916811810991
WASHINGTON SQUARE,477429617,401.65004834871945,A40,True,-76.1625868914953,43.06983479835463
COURT STREET,477428988,401.77031946037533,A31,True,-76.15427519654786,43.073693802386906
MILTON AVENUE,477435269,401.8026724086607,A41,True,-76.18831130920657,43.050456104607186
DARLINGTON ROAD,477427997,401.8517657879194,A41,True,-76.13661009456182,43.07848523242642
GRANT BOULEVARD,477428836,402.0281938268266,A41,True,-76.1505336537217,43.07415095998884
WINDHAM DRIVE,477439585,402.149432830644,A41,True,-76.09461622333326,43.036529397807506
WALL STREET,477435195,402.22923171266007,A41,True,-76.17298895384526,43.05077428265305
WILLIS AVENUE,477434771,402.376848582005,A31,True,-76.19167762366793,43.05165117512462
MILES AVENUE,477440541,402.4203676154987,A41,True,-76.11615278522389,43.03314460620973
EAST FAYETTE STREET,477435642,402.6712877977256,A41,True,-76.15005460980251,43.04866580224269
AINSLEY DRIVE,800031740,402.9667896168801,A41,True,-76.1286571528259,43.01124504606423
LANCASTER AVENUE,477441552,402.9924097106451,A41,True,-76.12225481080888,43.029678144885864
OAK STREET,477432822,403.0911187184515,A41,True,-76.13340831209041,43.05694815632515
EAST WILLOW STREET,477433888,403.1713474229579,A41,True,-76.14840482824552,43.05354863805731
EUREKA STREET,477433780,403.196657346513,A41,True,-76.17562375748179,43.05397213598729
TYSON PLACE,477429383,403.22531393859407,A41,True,-76.10082676653714,43.07105963369516
MADISON STREET,477436665,403.24068378731886,A41,True,-76.13139235717406,43.04532009808075
MEADOWBROOK DRIVE,477442165,403.4271790251185,A45,True,-76.11871481796064,43.02612163693219
SCOTTHOLM BOULEVARD,477437720,403.78353431896426,A45,True,-76.10868828280785,43.042033953122406
BRADLEY STREET,477440454,403.82973628823,A41,True,-76.17261030139164,43.03348267852584
SCHUYLER STREET,477435302,403.8358808925602,A41,True,-76.18438643183583,43.05009366971915
BROADVIEW DRIVE,477442619,403.9172296324352,A41,True,-76.20058016983724,43.02375637846219
ESSEX STREET,477432954,403.9322672890519,A41,True,-76.19410132962231,43.0562911397374
WEST ONONDAGA STREET,800040141,404.0271562467349,A31,True,-76.18182544413197,43.033697468219344
WILKINSON STREET,477434957,404.2819595726182,A41,True,-76.161240176974,43.050807662784884
LILLIAN AVENUE,477429667,404.3868184492549,A41,True,-76.11062926873575,43.07003565223391
HAWLEY AVENUE,477433167,404.677383772209,A41,True,-76.12958031075678,43.05537616098055
LINDEN STREET,477438127,405.18049397844237,A41,True,-76.14963991365917,43.041079045028305
WEISER COURT,477437788,405.18554402610255,A41,True,-76.14486598664234,43.04220164925953
PEARL STREET,477434008,405.7673004846163,A40,True,-76.15017284866225,43.05334510984163
VALLEY DRIVE,477445599,405.85387386225926,A31,True,-76.15370328305568,43.00406410364584
VAN RENSSELAER STREET,477432144,405.8805621904968,A41,True,-76.16667342666904,43.059043417520066
IRVING AVENUE,477438462,405.9110727065755,A41,True,-76.1379329554445,43.039989669027015
WOODLAND AVENUE,477441257,405.94624806100506,A41,True,-76.14318267434552,43.029817118888275
MYRTLE STREET,477436305,406.0479529153837,A41,True,-76.19358732503767,43.04721360078945
SOUTH CROUSE AVENUE,477438132,406.04932451273794,A40,True,-76.13669283193008,43.04108967372091
WADSWORTH STREET,477427193,406.07339807467366,A41,True,-76.14669168096408,43.08285397607212
WESTVALE ROAD,477437228,406.2166134874376,A41,False,-76.20490658421679,43.04343953257959
MEADOWBROOK DRIVE,477438013,406.3674974002829,A35,True,-76.10409688744487,43.04113660523468
SALISBURY ROAD,477437825,406.52494199588887,A41,False,-76.20475729706222,43.041625627622125
UNIVERSITY PLACE,477438511,406.55137886059225,A41,True,-76.13084476579998,43.039369933792464
HARBORSIDE DRIVE,800037546,406.60868593738013,A41,True,-76.17496062144203,43.06709004058206
STATE FAIR BOULEVARD,477434114,406.77919882038674,A41,True,-76.18055170470065,43.053011872865
COMSTOCK AVENUE,477442856,406.9412147838503,A41,True,-76.128555290265,43.02271264166842
EAST TAYLOR STREET,477438456,407.12514005043704,A41,True,-76.14312864255363,43.039483497048096
LODI STREET,509995729,407.2692380120597,A30,True,-76.16695834237113,43.07010158761611
WEST JEFFERSON STREET,477436317,407.43311427090737,A41,True,-76.15458908441225,43.04676348640896
OSTROM AVENUE,477438516,407.8983771297427,A41,True,-76.12850826123959,43.03991412288178
AVERY AVENUE,477434667,407.9361587137808,A41,True,-76.19436128829332,43.05187811123197
CLIFTON PLACE,477431012,408.022125712709,A41,True,-76.11662026496391,43.06392458918949
THOMPSON ROAD,800049031,408.2066963409976,A35,True,-76.08895270101429,43.06541357742748
SPENCER STREET,477432591,408.2710663213376,A41,True,-76.17284281289274,43.05728450416998
WILLIAMS STREET,477433456,408.4008882668027,A41,True,-76.1876338151603,43.05459085011606
BURNET PARK DRIVE,477436777,408.4675358158194,A41,True,-76.1857720410156,43.045187011162525
ACADEMY PLACE,477446557,408.5465724739236,A41,True,-76.1513998032703,42.99439809676885
SEWARD STREET,477432193,408.72324824124524,A41,True,-76.14404881147935,43.05900208801665
ROBERTS AVENUE,477441886,408.926706306164,A41,True,-76.17138018405913,43.027409716811384
MEADOWBROOK DRIVE,477442134,408.9806531585202,A45,True,-76.11871515086813,43.02628302923585
CANNON STREET,477442532,409.053653448103,A40,True,-76.14740133556056,43.02442612950006
NORTH MCBRIDE STREET,477433828,409.1129694872572,A41,True,-76.1441304330705,43.05382826684097
THOMPSON ROAD,477431615,409.62537653929985,A35,True,-76.0857741999069,43.061461700002745
EUCLID AVENUE,477439529,409.73157497669723,A41,True,-76.13056316019168,43.03624794537445
COMSTOCK AVENUE,477438510,409.9009943843017,A31,True,-76.13012933095935,43.03992207805107
ISABELLA STREET,477431150,409.96556596441246,A40,True,-76.15440057757058,43.06324854730286
SOUTH GEDDES STREET,477440152,410.0869206733895,A31,True,-76.17456127605251,43.03449362863194
EAST OSTRANDER AVENUE,477443996,410.34549398998644,A41,True,-76.14065431695464,43.01424228120539
HAYES TERRACE,477447308,410.3559153101779,A41,True,-76.13745963527006,42.98579445012725
ROXBURY ROAD,477430333,410.43477428261497,A41,True,-76.09909185390865,43.06642589034042
MITCHELL AVENUE,477444430,410.6384945516272,A41,True,-76.17017127135075,43.0118404126083
WEST FAYETTE STREET,800032551,411.04429197771276,A41,True,-76.170197516198,43.046000108268366
POND STREET,477429431,411.04623797060253,A41,True,-76.1474628959191,43.0713193643435
CHEMUNG STREET,477432522,411.22303429303423,A41,True,-76.19511936122086,43.05776014632856
EUREKA STREET,477433434,411.37232697343075,A41,True,-76.1761753040705,43.05501414029119
ONONDAGA AVENUE,477441587,411.4785038733749,A41,True,-76.16384694049928,43.02890642674556
ONONDAGA LAKE PARKWAY,477428330,411.50985187879144,A35,True,-76.17491625169482,43.076761648270235
ELOISE TERRACE,477442144,411.73038508254626,A41,True,-76.1626893908283,43.0259886893083
MEADOWBROOK DRIVE,477437977,411.7559955610356,A35,True,-76.1041391545668,43.04126006827225
HERRIMAN STREET,477439042,411.76833241688684,A41,True,-76.17720029780726,43.038388100257386
TEMPLE STREET,477438680,411.93010664552435,A41,True,-76.15620406210806,43.039318610243456
WYOMING STREET,477437227,412.20302648960194,A41,True,-76.15897170402359,43.04398231298891
SAINT LOUIS AVENUE,800039453,412.33764086539344,A41,True,-76.15708731543812,43.00903420175796
SAINT ANNE DRIVE,477431825,412.48199364317435,A41,True,-76.11864229370278,43.060391137350926
HILLTOP ROAD,477441975,412.58459041091595,A41,True,-76.19449998207993,43.02728679912356
HENDERSON STREET,477433304,412.60677649571227,A41,True,-76.13403362712411,43.05505240476702
RENWICK AVENUE,477438152,412.80398070835,A41,True,-76.14028473262721,43.04103496242866
MILTON AVENUE,477433174,412.9085692868045,A41,True,-76.1924198258055,43.056293313762936
NBT BANK PARKWAY,800030860,413.34941797640425,A41,True,-76.17025065341141,43.07508638195156
RUGBY ROAD,477430034,413.5974936335493,A41,True,-76.1321303884273,43.06779210812014
SUNSET AVENUE,477430519,413.7697839709257,A30,True,-76.16133906051257,43.06582843246034
STEDMAN STREET,477427622,413.838036676052,A41,True,-76.1552906828857,43.080408513614856
KIMBER ROAD,477440593,414.11273747878107,A41,False,-76.09294731561594,43.032911179630084
BROOKFORD ROAD,477438925,414.441211631753,A41,True,-76.10257765558661,43.03857299892443
HAYDEN AVENUE,477434260,414.5266525723002,A41,True,-76.19611139912033,43.052695658603994
SOUTH GEDDES STREET,477436780,414.5552533474619,A31,True,-76.17097561101507,43.04530952157313
HEADSON DRIVE,507665678,414.5630162937795,A45,True,-76.08713545963649,43.055134876778105
RUGBY ROAD,477430049,414.5956037247618,A41,True,-76.1246230860405,43.067760902765045
ULSTER STREET,477435653,414.62500449938057,A41,True,-76.18353642901734,43.04886573131581
SOUTH CLINTON STREET,477438663,414.9506796103861,A40,True,-76.151699598387,43.03954200837807
HUNTLEY STREET,477428011,414.99307475591576,A41,True,-76.13734376330581,43.07790119755697
TOMPKINS STREET,477436081,415.1699433788582,A41,True,-76.18268183133176,43.047650604259196
SHOTWELL PARK,477431234,415.44047309238766,A45,True,-76.11499613993138,43.063013718331604
WEST COLVIN STREET,477442469,415.81107536244303,A30,True,-76.15011127505207,43.024369119985806
LIBERTY STREET,477432827,415.9348991595443,A41,True,-76.17362538777171,43.05675213372577
BUTTERNUT STREET,477429882,416.12939806273994,A41,True,-76.14331125259031,43.06905263223514
THURBER STREET,477443448,416.3255372986478,A41,True,-76.13400728544002,43.01838558864437
MENLO DRIVE,477444450,416.4008384360793,A41,True,-76.13824341032995,43.011613597347086
MERZ AVENUE,477431097,416.42898480904256,A41,True,-76.13853909808846,43.06369873386075
DABLON COURT,513530324,416.6819688659563,A41,True,-76.14485720899928,43.04088906788924
DURSTON AVENUE,477429899,416.7564734079302,A41,True,-76.12743071012113,43.07099458116474
DELAWARE STREET,477439725,417.04501172479473,A41,True,-76.16533638222324,43.03576790109425
NORTH WARREN STREET,477434716,417.06558313808273,A40,True,-76.1508505601708,43.0518433437498
EAST TAYLOR STREET,477438550,417.07693770373777,A41,True,-76.14955473563448,43.039312337328575
HARVARD PLACE,477437880,417.18075484430665,A41,True,-76.11856778252533,43.04155061492987
HIGHLAND STREET,477432130,417.3116679935207,A41,True,-76.14048857380197,43.05921953397004
STONERIDGE DRIVE,477438603,417.39240412880855,A41,False,-76.07984986737428,43.03962716294236
SHERBOURNE ROAD,477440668,417.43441402396985,A41,True,-76.10930659687256,43.03207097303614
EUCLID AVENUE,477439599,417.4489212873208,A41,True,-76.10285506941918,43.03622546042455
ARDMORE ROAD,477438104,417.50293987333475,A41,False,-76.19883835095645,43.041170839504055
NORTH LOWELL AVENUE,477434219,417.6473373628781,A41,True,-76.18548726324728,43.05277068000597
BYRNE PLACE,477446226,417.7600906250724,A41,True,-76.1424117931018,42.997411093306695
BURLINGAME ROAD,477431082,417.89749618235874,A41,True,-76.13225982533916,43.06358789756408
SHOECRAFT ROAD,800032501,418.14704824249907,A41,True,-76.16726777835679,43.06033760965749
BLOSSOM ROAD,477437207,418.67112158107574,A41,True,-76.10515523102458,43.04398617179914
SEYMOUR STREET,477437495,418.6907002414556,A40,True,-76.15681994093214,43.04261405203175
PLYMOUTH DRIVE,477430716,418.7007101160472,A41,True,-76.09961580820874,43.06508643711339
TRACY STREET,477435171,418.7636999697523,A41,True,-76.16126242095051,43.05043974572538
MONTGOMERY STREET,477436596,419.07783163039204,A40,True,-76.14880646833736,43.04606157087624
CRAWFORD AVENUE,477440934,419.2229951320922,A41,True,-76.11040959682828,43.03154109610797
GIFFORD PARKWAY,477437544,419.391831168978,A45,True,-76.0852808157907,43.04300928189809
SHOECRAFT ROAD,800032503,419.41771033524526,A41,True,-76.16847100114025,43.061074164846694
WESTCOTT STREET,477436156,419.54355391708776,A41,True,-76.11988300187814,43.047709011960805
DEVINE STREET,477435192,420.3273271625055,A41,True,-76.11939419764226,43.05077709398259
SOUTH STATE STREET,513531405,420.36872378146467,A41,True,-76.14106696804208,43.02096030979571
LEXINGTON AVENUE,477436161,420.4400866805882,A41,True,-76.12061778475686,43.0471261139734
JAMES STREET,477430899,420.52982973751176,A31,True,-76.12430326751476,43.06422864267487
IRVING AVENUE,477436969,420.6163809823015,A31,True,-76.13779725560687,43.044803606308896
MEADOWBROOK DRIVE,477438164,420.64238842654123,A35,True,-76.1055397673345,43.04073942337635
CRAWFORD AVENUE,800048220,420.6587904906338,A41,True,-76.11111459392963,43.04167283557956
BARRINGTON ROAD,477436736,420.8894196868989,A41,True,-76.08641091249442,43.045506726663945
GRAND AVENUE,477438672,420.9680654891155,A31,True,-76.17646028405817,43.03905910155492
GRANT BOULEVARD,477429802,420.9779145449682,A31,True,-76.11780862861379,43.06981823941385
WEST STREET ARTERIAL NORTHBOUND,477434023,421.16053492892024,A35,True,-76.15840084633778,43.052564173541874
FIRST NORTH STREET,477429700,421.1731711176292,A41,True,-76.14964480881814,43.06964814909023
MONTROSE AVENUE,477438084,421.22461146729313,A41,False,-76.19645671259792,43.04128269799285
EAST SENECA TURNPIKE,800031538,421.25519775136917,A31,True,-76.12736698144204,43.000008282929066
DEMONG DRIVE,477437138,421.35587976637964,A41,True,-76.08348711449086,43.043811348229816
WADSWORTH STREET,477428023,421.4617125497584,A41,True,-76.14004609906296,43.07821866970445
RUGBY ROAD,477430072,421.552615573588,A41,True,-76.1305933147798,43.06773985696176
COMSTOCK AVENUE,477436996,421.6118610998302,A41,True,-76.13058075896167,43.044726642003845
EAST GENESEE PARKWAY,477437553,421.6233267476275,A41,True,-76.09237219837463,43.04249478659241
HERKIMER STREET,477434167,421.6345714060338,A41,True,-76.19400102537905,43.05262533837388
CUMBERLAND AVENUE,477442809,422.1263254494359,A41,True,-76.11211277164823,43.02297662839794
MYRTLE STREET,477435341,422.25565756782197,A41,True,-76.19565878661737,43.050129975871826
CUMBERLAND AVENUE,477442993,422.4603877423404,A41,True,-76.11200027867548,43.0218206538551
WINTON STREET,477433093,422.60832036809785,A41,True,-76.12345195075046,43.0562104054119
OSTROM AVENUE,477437000,422.67518865635884,A41,True,-76.12895729304097,43.04472209403193
EAST COLVIN STREET,477442109,422.73127618729285,A31,True,-76.13637434052819,43.026264224753675
LODI STREET,477433436,422.7641167307779,A31,True,-76.13759026930715,43.05482860176444
RANDOLPH STREET,477445486,422.78006982203203,A41,True,-76.14177679230988,43.00487011735399
WEST FAYETTE STREET,477435914,422.96524626359155,A41,True,-76.16159250788444,43.04808419029748
UNIVERSITY AVENUE,477436984,423.05902823969575,A41,True,-76.13437530310102,43.04476112829301
GRAVES STREET,477431843,423.1653356391227,A41,True,-76.13838176151218,43.060242612559364
SOUTH CROUSE AVENUE,477436973,423.40003964212764,A40,True,-76.13658633812204,43.044790651746865
DURSTON AVENUE,477430382,423.82936883145516,A41,True,-76.12714180389061,43.06678660025851
EAST GENESEE STREET,477436206,423.88261813921036,A31,True,-76.12480204929884,43.04706322381761
BURNET AVENUE,477434315,424.26265460084863,A41,True,-76.12933040107279,43.052248861174206
MEADOWBROOK DRIVE,477438108,424.4494930633592,A35,True,-76.10560011359577,43.040861931076016
WEST ONONDAGA STREET,477440230,424.5115604066987,A31,True,-76.18027742729899,43.03375243623791
SHOTWELL PARK,504325229,424.89691961856846,A45,True,-76.11568485524504,43.06720298813668
FELLOWS AVENUE,477439614,425.1864426101359,A41,True,-76.11510050642403,43.03641986370631
KIMBER ROAD,477438923,425.35354302149125,A41,True,-76.09348434403225,43.03878872433569
GIFFORD STREET,477437249,425.48339693807105,A41,True,-76.15966960435756,43.0433892873113
VELASKO ROAD,477440961,425.52273849646167,A31,True,-76.18658086881521,43.031507676519524
SOUTH STATE STREET,477436930,425.66108681939266,A21,True,-76.14751707491023,43.044878668572906
MONTICELLO DRIVE NORTH,477445466,426.0139503968528,A41,True,-76.13866367412602,43.00500179563518
PLUM STREET,477434956,426.2376725340873,A41,True,-76.16038679057932,43.051367128325204
ERIE BOULEVARD EAST,477433134,426.2681245092263,A25,True,-76.08770737784268,43.05551679324032
NORTH TOWNSEND STREET,477433227,426.33889151940787,A41,True,-76.14767477711493,43.05570862398252
MILTON AVENUE,477432032,426.50866478438905,A31,True,-76.1985218053645,43.05932161667012
VAN RENSSELAER STREET,800032499,426.5378655384123,A41,True,-76.16909454635643,43.06053160101926
BALLARD AVENUE,477441204,426.5531183640122,A41,True,-76.15615116216898,43.03056145132607
ROSEMONT DRIVE,477446611,426.61764582842386,A41,True,-76.14453212498799,42.99347545540961
SOUTH WARREN STREET,477436919,426.79996338760566,A40,True,-76.15083780211923,43.04489913349341
HARRISON STREET,477436990,427.1169279737966,A41,True,-76.1335872523406,43.04417312850004
WAITE AVENUE,477433763,427.1798599899848,A41,True,-76.18016821942456,43.05376975247593
SOUTH CLINTON STREET,477437527,427.3140269571868,A40,True,-76.15302581426091,43.043076128822086
EAST GENESEE STREET,477438219,427.36315248319323,A31,True,-76.08308964577792,43.04070831400323
EAST ADAMS STREET,477437464,427.36496808033274,A40,True,-76.13361878858485,43.042642117854335
OTTO STREET,477445479,427.489091239252,A41,True,-76.14031946624075,43.004930771640154
MARCELLUS STREET,477436249,427.53226859095116,A41,True,-76.161167918656,43.04714054245646
CRATON STREET,477432745,427.62762194386175,A41,True,-76.12428626947549,43.056746162513
WAVERLY AVENUE,477438144,427.6328476264569,A31,True,-76.13367529223848,43.04051360980919
MOSLEY DRIVE,477431597,427.72699794103767,A41,True,-76.1006323333626,43.0614946374174
BARNES AVENUE,477444935,427.7363618443152,A41,True,-76.15969522188242,43.00821440166503
VAN RENSSELAER STREET,800032498,427.89413730116195,A41,True,-76.16786915759785,43.05977841241931
MARSHALL STREET,477437834,427.9176482359873,A40,True,-76.13364277946788,43.04159812244426
CREHANGE STREET,477442853,427.93748958549315,A41,True,-76.15419469280694,43.022315042391405
COURT STREET,477428475,428.1567381816085,A31,True,-76.15122176776482,43.075968108303975
FITCH STREET,477439041,428.2381078957415,A41,True,-76.17636674879947,43.03786002290045
BROADVIEW DRIVE,477442243,428.27442672330716,A41,False,-76.2015454628419,43.026040742270006
LAFORTE AVENUE,477440972,428.35068326035025,A41,True,-76.17608535374586,43.0309471061933
SHOTWELL PARK,504325227,428.45249557776225,A45,True,-76.1153737930177,43.06721706031747
WALNUT AVENUE,477436994,428.48653982416175,A41,True,-76.13215385830244,43.044748589915066
LOCKWOOD ROAD,477438810,428.7104045266732,A41,True,-76.08346278490873,43.03853111811429
SOUTH SALINA STREET,477445496,428.9343166261394,A21,True,-76.14309229688207,43.00481560748338
EAST ADAMS STREET,507666606,429.0295087666061,A30,True,-76.1413508944832,43.04269929044561
CUMBERLAND PLACE,477440965,429.12558967453884,A41,True,-76.11208074131694,43.03146115932931
ONEIDA STREET,509996999,429.2644460894065,A41,True,-76.15372138877487,43.0416158323293
GRANT AVENUE,477440756,429.49432538778154,A41,True,-76.17616230435888,43.03184311389781
CHINOOK DRIVE SOUTH,477443671,429.61407819809966,A41,True,-76.12012610984183,43.01718902259807
CRAIG STREET,477429230,429.8455222940434,A41,True,-76.14473745340169,43.07243344130578
PARK STREET,477430632,430.03194380669527,A41,True,-76.149745278044,43.0651866272021
WILSON STREET,477431605,430.2515460112688,A41,True,-76.12442080004803,43.061450914137794
HAWLEY AVENUE,477433897,430.7196072122293,A41,True,-76.13559451362325,43.0532410062345
SOLAR STREET,477432180,430.8523516040847,A41,True,-76.15932330246244,43.05909261054569
COLUMBUS AVENUE,477436162,430.85720351146074,A31,True,-76.12138133882054,43.047708589763964
GRANT BOULEVARD,477429042,430.89810237708804,A31,True,-76.12563557529792,43.07293577360045
NORTHWAY STREET,800048585,430.9949828773627,A41,True,-76.09148660139068,43.05288198751177
HAZELWOOD AVENUE,477434389,431.04986510235307,A41,True,-76.09141383693058,43.052032835454284
FOBES AVENUE,477429487,431.08436970530306,A41,True,-76.11138673573348,43.07115413078677
HOWARD STREET,477433813,431.29396308276074,A41,True,-76.13956878890463,43.053790598070755
RANDOLPH STREET,477445652,431.2981027998888,A41,True,-76.14163781359984,43.00370261560701
WAVERLY AVENUE,477438160,431.67336101590547,A41,True,-76.12936678749954,43.04047809493914
SENECA DRIVE,477445473,431.6752890554419,A41,True,-76.13962545295912,43.00496107888426
CHAMPLIN DRIVE,477431943,431.6817493822834,A41,True,-76.1010803319916,43.059758078528716
ERIE BOULEVARD EAST,477435480,431.9703642750022,A25,True,-76.12072518698737,43.04941775226866
STOLP AVENUE,477441199,432.15876483198275,A41,True,-76.17602780714614,43.03004509045569
STRATFORD STREET,477440146,432.8189961282918,A41,True,-76.1287803328118,43.03400912568713
SOUTH TOWNSEND STREET,509997455,433.0135778910096,A45,True,-76.14550687488983,43.0474721350807
HARRISON STREET,477437001,433.73584138490935,A41,True,-76.12971179989026,43.044146618887346
DELHI STREET,477433201,433.79425487790735,A41,True,-76.13207029699623,43.05586010467362
MADISON STREET,477436668,434.0126005374233,A41,True,-76.12982625336207,43.045302122809424
KNAUL STREET,477430326,434.2673408320571,A41,True,-76.14252574012299,43.066442873301696
UNIVERSITY PLACE,477438517,434.8771450111766,A41,True,-76.12927080569594,43.039358111652426
DOUGLAS STREET,477432281,434.9890278566973,A41,True,-76.14323521773252,43.058573270236295
LIBERTY STREET,477433706,435.0111746981968,A41,True,-76.17372431367467,43.05434413083911
ROBERTS AVENUE,477440772,435.2016904272238,A41,True,-76.17205080372909,43.03236012748494
ATLANTIC AVENUE,477444472,435.34208861540884,A41,True,-76.15647309317389,43.01107566342012
MARSHALL STREET,477437856,435.36470615927675,A41,True,-76.12947179383272,43.041561114286765
EAST ADAMS STREET,477437473,435.9279672666252,A40,True,-76.12956379841165,43.0426211185216
HIAWATHA BOULEVARD EAST,477427686,435.98273070153175,A31,True,-76.1591804238341,43.08061984358733
SHERWOOD AVENUE,477433112,436.0317523353865,A41,True,-76.12492630385405,43.05613123068901
CORTLAND AVENUE,477441547,436.72880225347427,A31,True,-76.15732673817149,43.028989146279315
ULSTER STREET,477435932,437.045905464967,A41,True,-76.18569896951647,43.048052119861936
MERRIMAN AVENUE,477438230,437.1472487852813,A41,True,-76.16463639707229,43.04036950044016
TURTLE STREET,477428615,437.2334600367076,A41,True,-76.15492024988983,43.075587933079454
CRADDOCK STREET,477443343,437.6720993812246,A41,True,-76.16271538193064,43.01899287322962
HOUSTON AVENUE,477439264,437.7512421918145,A41,True,-76.11122479689439,43.03757186431444
HARRISON STREET,477436997,437.7764464722038,A41,True,-76.13134226051426,43.04415513917893
REINMAN ROAD,477443501,437.79616122190856,A41,False,-76.1759804412587,43.018378637856635
PINE GROVE STREET,477443946,437.94174332114454,A41,True,-76.1261725827112,43.014628979154764
RIDGEWOOD DRIVE,477430685,437.9754071684706,A41,True,-76.09418974546499,43.065259635177554
SMITH ROAD,477445719,438.0812252585925,A41,True,-76.15519907176815,43.002973870734245
WEST GENESEE STREET,477434290,438.19307790401,A21,True,-76.18430503870589,43.05219510365408
FORDLAND AVENUE,477428273,438.37806806148296,A41,True,-76.15078668760957,43.07723994874894
MONTGOMERY STREET,477436944,438.8107998741251,A40,True,-76.14883636305974,43.04488466616671
FITCH STREET,477439005,439.0282939608916,A41,True,-76.17400742699259,43.03796901980862
NBT BANK PARKWAY,477428457,439.030500458687,A41,True,-76.16564648802962,43.076167103873225
RESTORATION WAY,800046986,439.1260795260243,A41,True,-76.18794994384277,43.0613760377785
WEST STREET ARTERIAL NORTHBOUND,477434950,439.2605581270468,A35,True,-76.15865528319684,43.0513986312448
SEVENTH NORTH STREET,477427399,439.3755998688099,A31,False,-76.15547413691586,43.0813060203194
CONAN STREET,477444517,439.42594800607816,A41,True,-76.14975026237019,43.01126863037986
STOLP AVENUE,477441147,439.57271082008043,A41,True,-76.16689430426827,43.03037564390927
EAST SENECA TURNPIKE,800031588,439.65782367065975,A31,True,-76.13029695097805,43.00208790818183
HARBORSIDE DRIVE,800037540,439.6775414484615,A41,True,-76.17595497556535,43.0696577249061
CRAWFORD AVENUE,477439967,439.8088703493947,A41,True,-76.1095836031501,43.03517305537716
SPENCER STREET,477432694,439.8286275713017,A41,True,-76.16673331460593,43.05693109260566
LYDELL STREET,477439430,440.3211304824722,A41,True,-76.17852530961893,43.037066139978386
GARFIELD AVENUE,477441568,440.3885429612122,A41,True,-76.14227528951504,43.02908514031257
LODI STREET,477432518,440.4316084212985,A31,True,-76.14324379467442,43.0578761042789
WEST GENESEE STREET,477433779,440.5742424054079,A21,True,-76.17455561979853,43.05360819235377
SPENCER STREET,477432654,440.59973118844516,A41,True,-76.16837630097724,43.057012121707245
NORTH CHELTENHAM ROAD,477446390,440.6139077418888,A41,True,-76.138332620837,42.99583440988742
HARBORSIDE DRIVE,600035915,440.65880364150604,A41,True,-76.17511105767346,43.07069520299508
NORTH LOWELL AVENUE,477433866,440.8031293206932,A41,True,-76.18621927875922,43.05381911458933
DURSTON AVENUE,800039452,441.00809678735186,A41,True,-76.12728436911856,43.068986939567615
COLLEGE PLACE,477439508,441.26104689777884,A40,True,-76.13156668349656,43.038767798335414
KIRKPATRICK STREET,477430919,441.27362513319844,A40,True,-76.15702758497298,43.06433252197902
CROYDEN ROAD,477440979,441.29166913373234,A41,True,-76.10845866006227,43.031483130590125
WESTMONT ROAD,477438209,442.1588083019728,A41,False,-76.20253544226128,43.040992285688745
ULSTER STREET,477435515,442.42864433319414,A41,True,-76.18211334006592,43.04940761298232
SMITH STREET,477433697,442.7744441674222,A41,True,-76.09080474567617,43.054390145375216
KIRK PARK DRIVE,477442854,442.89123925034573,A41,True,-76.15467632063547,43.022720939587565
MILES AVENUE,477440997,443.092580806929,A41,True,-76.11599544842936,43.03140969775381
INDUSTRIAL DRIVE,800089618,443.1820347352347,A41,False,-76.20024347300351,43.06333842380879
PARK AVENUE,477434375,443.6873930330001,A41,True,-76.1611190072897,43.05196665045577
GUILFORD ROAD,477439863,443.85882763524637,A41,True,-76.09419205762758,43.03544528127484
SHERBOURNE ROAD,477440667,444.1095458649624,A41,True,-76.1108873743384,43.03220465349885
FELLOWS AVENUE,477440860,444.36094741802873,A41,True,-76.11478075373505,43.032033581023
WEST GENESEE STREET,477433757,444.4024466546542,A21,True,-76.16688929228762,43.05355208893571
HIAWATHA BOULEVARD WEST,477432300,444.4954734837626,A31,True,-76.18121131730626,43.05858465474886
LAKEVIEW AVENUE,477434743,444.89144845997475,A41,True,-76.17963162092965,43.051765977639604
WALTON STREET,477435885,444.92245226771036,A41,True,-76.15754427289353,43.04822509499225
SEVENTH NORTH STREET,477428240,444.9292816505551,A31,True,-76.14969605443265,43.07730222527406
LODI STREET,477431207,444.9349900804723,A31,True,-76.15273984727516,43.06300258009604
PROSPECT AVENUE,477432336,445.4691313862434,A41,True,-76.1515815358389,43.05861337160503
EAST GENESEE STREET,477436115,446.030576170307,A35,True,-76.140800746883,43.04737039523863
TERRACE ROAD,477440695,446.0818348575803,A41,True,-76.12594938524087,43.03229510982625
CHERRY STREET,477436171,446.38337347120193,A41,True,-76.1234827873865,43.04771215520312
PLUM STREET,477433795,447.06594856808607,A41,True,-76.15996161860116,43.05401068175988
SLOCUM DRIVE,477443247,447.0817735919378,A41,True,-76.11659725825464,43.02031387706827
BERNIE BLAKE DRIVE,477445188,447.2458405744724,A41,True,-76.151391283451,43.00667345050203
KIRK PARK DRIVE,477443038,447.3519097059716,A41,True,-76.15491970902848,43.0215603033505
EUCLID AVENUE,477439899,447.44985142053434,A41,True,-76.10860205073713,43.03527210127138
SLOCUM DRIVE,477443055,447.56959471022645,A41,True,-76.1157789794709,43.02111980653898
WEST BELDEN AVENUE,477433310,447.6266995048008,A41,True,-76.16683607518067,43.054920068261396
BELLEVUE AVENUE,477440671,448.0095646000135,A41,True,-76.18610191817685,43.0323269049242
SOUTH SALINA STREET,477441050,448.104126606202,A21,True,-76.14798783348634,43.03124962430968
CARLTON ROAD,477442949,448.3097051550246,A41,True,-76.1756450018019,43.022047882643676
DEWEY AVENUE,477434040,448.3883743802185,A41,True,-76.17916787028643,43.05335122322764
VALLEY DRIVE,477446185,448.48711708305046,A31,True,-76.15291279299935,42.998459098329306
NORTH GEDDES STREET,477433722,448.82908107038656,A31,True,-76.17051880495133,43.05428011834997
NORTH FRANKLIN STREET,477433238,449.0241914863234,A41,True,-76.15563401095096,43.05581596418206
MAY AVENUE,477741335,449.0673682758899,A41,True,-76.16061601554,43.021163040728474
AVERY AVENUE,477432243,449.0839383044594,A41,True,-76.19918320756351,43.05892428927794
MIDLAND AVENUE,477440774,449.1256917322483,A41,True,-76.15426584440183,43.032343072269086
FISH AVENUE,477445122,449.2574308701994,A41,True,-76.15425552148793,43.00685395587631
EAST COLVIN STREET,477442155,449.2974630230476,A31,True,-76.14250431612287,43.025986555204724
GRANT BOULEVARD,800053203,449.47649188105777,A31,True,-76.11641691500004,43.06919724913244
GLENWOOD AVENUE,477442160,449.6930743627659,A41,True,-76.18605691322809,43.02614081803903
HIGH STREET,477429544,449.97391703602165,A41,True,-76.14710579021862,43.07052062786917
BECKER STREET,477429348,450.1841429045053,A41,True,-76.14637776933628,43.071494099609765
STINARD AVENUE,477441711,450.3396572051235,A41,True,-76.173828797302,43.02848460445611
GIFFORD STREET,477437210,450.34189262400736,A40,True,-76.15696480598541,43.04350875552115
SOUTH GEDDES STREET,477441731,450.3961837849449,A31,True,-76.17509477954653,43.02843761821683
WARHAM STREET,477429231,450.8631025175198,A41,True,-76.14585032772536,43.07221162170518
EAST GENESEE STREET,477436580,450.935910136077,A31,True,-76.12048928890664,43.04569924595542
BUTTERNUT STREET,477431165,451.0764253920936,A41,True,-76.14362781603901,43.06341430905132
CLARKE STREET,477438665,451.12122687950125,A41,True,-76.11725899618996,43.039007150795925
RIDGEWOOD DRIVE,477429948,451.27167295245573,A41,True,-76.09396218473408,43.06865476150165
MIDLAND AVENUE,477441370,451.4766303842174,A41,True,-76.15311929778176,43.02993909943701
CLAYTON AVENUE,477443952,451.54070186582356,A41,True,-76.16901269484205,43.01516749958408
PULASKI STREET,477432397,451.56301408732156,A41,True,-76.17096732301623,43.05833659169042
WILKINSON STREET,477434839,451.6227224985633,A41,True,-76.17150924861679,43.051061094369736
EAST LAUREL STREET,477432360,452.0942812051792,A41,True,-76.14675532297507,43.0583301119612
HIAWATHA BOULEVARD WEST,600058796,452.29745756346205,A31,True,-76.17193093050138,43.06581066029571
WOLCOTT AVENUE,477442102,452.64848522719694,A41,True,-76.18261077971195,43.02682714806224
WEST GENESEE STREET,477433929,453.6418439959204,A21,True,-76.17617429987313,43.05329764130851
LAMBRETH LANE,477443476,453.71149377596964,A41,True,-76.11716531305892,43.01841047900536
EAST COLVIN STREET,600035960,453.8513648536666,A31,True,-76.1271299459541,43.02318270762282
WEST GENESEE STREET,477434383,453.872990925279,A21,True,-76.18859999341234,43.05221557028378
LEMOYNE AVENUE,477427521,453.93542049121146,A41,True,-76.15210683922403,43.08101460883534
RIVERDALE DRIVE,477445857,453.9436521454764,A41,True,-76.1550064722938,43.00169661912672
WEST COLVIN STREET,477442541,453.9692858035407,A30,True,-76.15165830645992,43.024000118304684
SEVENTH NORTH STREET,477427605,454.0102513580204,A31,True,-76.15426414846536,43.08045981695105
MYRTLE STREET,800048566,454.40439274927405,A41,True,-76.19637978583903,43.051198255169595
BROOKFORD ROAD,477439166,454.65918652570923,A41,True,-76.1014067271772,43.03774889365032
FOREST AVENUE,477443095,454.98022472159045,A41,True,-76.15045952006618,43.020818657325
WARNER AVENUE,477442928,455.0513853199228,A41,True,-76.15082427351042,43.021783871375625
ERIE BOULEVARD WEST,800036109,455.2259008835563,A31,True,-76.1739709450039,43.048098040604046
FILLMORE AVENUE,477444650,455.2641398163639,A41,True,-76.1406914267653,43.00983647906989
ROCKWOOD PLACE,477442711,455.3113573834491,A41,True,-76.19855800709996,43.02341183567423
SPENCER STREET,477432597,455.3338572933796,A41,True,-76.17122749463964,43.05725339327131
TEALL AVENUE,477435368,455.34447820513844,A31,True,-76.12166059773139,43.05017041699188
HODES WAY,800034349,455.64452337343084,A41,True,-76.07553139452261,43.03752915730332
HARBORSIDE DRIVE,600024759,455.6851800536379,A41,True,-76.17330588593047,43.072885829359755
GRIFFITHS STREET,477429629,456.4155379377854,A41,True,-76.14757924688753,43.06989661619945
DYER COURT,477438183,456.7880636688717,A41,True,-76.14134885375195,43.04045018783119
HIXSON AVENUE,477432201,456.8057418322782,A41,True,-76.11980578296323,43.059127629034904
SKYTOP ROAD,477444092,456.8835532305479,A41,True,-76.11813839339429,43.01432501683046
LONGMEADOW DRIVE,800048513,456.9138426367089,A41,True,-76.14552174784598,42.99117855992363
PROSPECT AVENUE,477433390,457.0107042340254,A41,True,-76.14888299451472,43.05515249336812
WEST BRIGHTON AVENUE,477443202,457.1877496583083,A31,True,-76.15012630437597,43.01993462686445
EAST GENESEE STREET,477437537,457.48324281912204,A31,True,-76.10613188905401,43.042750779411406
BURNET AVENUE,509997502,457.4872820609639,A41,True,-76.14467613674972,43.05227309131219
CARBON STREET,477429184,457.49920543838107,A41,True,-76.16426852221926,43.072468803007595
HARRISON STREET,506022018,457.59301632275753,A45,True,-76.14137728697831,43.04434309255963
OTISCO STREET,477436758,457.6052824337606,A41,True,-76.16561532107626,43.04500665072961
VALLEY DRIVE,477445749,457.6972626045955,A31,True,-76.15318896469078,43.00268824663495
CRAWFORD AVENUE,477438874,457.75116764669775,A41,True,-76.10928209797821,43.03888493049206
GRANT BOULEVARD,477429029,457.9014176493118,A31,True,-76.14520024627696,43.073118120020226
JAMES STREET,477433738,457.90501877245646,A31,True,-76.14526232737188,43.0539471271697
NORTH SALINA STREET,477429989,458.1413707181377,A21,True,-76.16134859696142,43.068297119654794
SUNSET AVENUE,477430397,458.2646623234266,A30,True,-76.1627275886721,43.06645708890526
SHERIDAN DRIVE,477439236,458.2913573091054,A41,True,-76.1628381548579,43.03749854543147
GRANT BOULEVARD,477428223,458.40136188942637,A41,True,-76.16072330528529,43.07722766180115
SHOTWELL PARK,477431236,458.4843974508067,A45,True,-76.11530689167553,43.06296520237902
SHIRLEY DRIVE,477444841,458.4853871450307,A41,True,-76.15501332764966,43.00900410787183
MYRTLE STREET,477434020,458.4877088248317,A41,True,-76.19786028928351,43.053377632260634
AVERY AVENUE,477433753,458.6436898101572,A41,True,-76.19593184582202,43.05410711746364
EAST FAYETTE STREET,509997461,458.6843876187411,A41,True,-76.1447542878927,43.04859417131043
SPRING STREET,477428967,458.85306974021046,A41,True,-76.16340776967166,43.073627636259474
MOONEY AVENUE,477431178,459.0358448487184,A41,True,-76.11922630774822,43.06285915602529
FOURTH NORTH STREET,477427975,459.0860884112784,A41,True,-76.15982579039292,43.07842963444825
JAMES STREET,477433518,459.2151924862754,A31,True,-76.14383483073736,43.054645641260436
FIRST NORTH STREET,477428737,459.23945352613885,A41,True,-76.16251678402465,43.07482515198505
CLAIRMONTE AVENUE,477440809,459.3629146047845,A41,True,-76.16932627357495,43.03225112546771
LOOMIS AVENUE,477444815,459.44330776669614,A41,True,-76.15410527774849,43.009162075893514
SOUTH WARREN STREET,477437869,459.4787985653436,A40,True,-76.15089620213294,43.04214769279891
NORTH TOWNSEND STREET,477431293,459.48888703091126,A41,True,-76.1532567168038,43.06280983121254
WAYNE STREET,477433265,459.53868052824987,A41,True,-76.13999535619544,43.05539065913894
MORGAN AVENUE,477432734,459.57979872355315,A41,True,-76.1989748093965,43.05704260238322
RICHFIELD AVENUE,477447006,459.6248538804012,A41,True,-76.13905267629785,42.98912258908603
EMERSON AVENUE,477434125,459.64132651106354,A41,True,-76.1877726590279,43.05307878580305
EAST WILLOW STREET,477433466,459.9602387823977,A41,True,-76.14593230803004,43.05476612197308
HAYDEN AVENUE,477433908,459.9719220208705,A41,True,-76.19686251935127,43.05376152565265
VELASKO ROAD,600063427,460.44661453971867,A31,True,-76.18762600151801,43.034080924708825
SECOND NORTH STREET,477428456,460.5302145750638,A41,True,-76.16162476240568,43.07602163507529
VINCENT STREET,477442956,460.62521999960484,A41,True,-76.12930539233227,43.02146834179044
HIAWATHA BOULEVARD WEST,477430910,460.9616555758134,A31,True,-76.17389686042674,43.064278272682024
EAST WASHINGTON STREET,509997463,460.96428484533465,A41,True,-76.14473255681422,43.04950601546026
COURT STREET,477430379,461.0548014402318,A31,True,-76.1594468026005,43.06676008257315
HICKORY STREET,477433226,461.4083723836684,A41,True,-76.1465547942564,43.05555263093551
RAYMOND AVENUE,477443663,461.45747264936387,A41,True,-76.15455077005261,43.017379487314415
WEST FAYETTE STREET,477436023,461.5404772257113,A41,True,-76.16316831380321,43.04771361166009
KELLOGG STREET,477438409,461.55099263606735,A41,True,-76.16236632935448,43.040025638857
POND STREET,477430440,461.5992767975778,A41,True,-76.15109829292349,43.06646112474626
HARRISON STREET,506022021,461.68815992858026,A45,True,-76.14137642090762,43.044230139358
TULLY STREET,477437082,461.76905346380113,A41,True,-76.16518979725639,43.0440570966077
OAK STREET,477430779,461.80509690534257,A41,True,-76.13619678233556,43.064965591531816
DEWITT STREET,477429334,461.82294485791124,A41,True,-76.1344338039954,43.07187261330801
DEWITT STREET,477430483,461.83330132506615,A41,True,-76.13406933816532,43.06633859691264
BRYANT AVENUE,477437273,461.8670365195975,A40,True,-76.18643563155494,43.044461193263615
MARCELLUS STREET,477436526,462.04676595203046,A41,True,-76.16604613477712,43.04595507882437
BURNET AVENUE,477434232,462.0556319256935,A41,True,-76.14295576669993,43.05225660446515
TULLY STREET,477436675,462.134637874762,A41,True,-76.16039437720379,43.04522883473417
SPRING STREET,477429294,462.19926996094233,A41,True,-76.15876881012325,43.07173560463111
SUNSTRUCK DRIVE,477432217,462.2683750771948,A41,True,-76.12104029723163,43.05907911620205
EUCLID AVENUE,477439416,462.445934884778,A41,True,-76.1014793131308,43.03686265889724
ROBERTS AVENUE,477441700,462.73045956695074,A41,True,-76.17177667838251,43.02854376581163
COMSTOCK AVENUE,800048138,462.8088707913927,A41,True,-76.1279632464607,43.01627924127308
FIRST NORTH STREET,477429093,462.8341995753631,A41,True,-76.1578578523878,43.07295215170898
EAST TAYLOR STREET,477438492,462.8803741257581,A41,True,-76.14475373387903,43.039417900420986
RICH STREET,477441424,462.93829926527576,A41,True,-76.1602572901735,43.02930896786465
MARCELLUS STREET,477436360,462.95711074697914,A41,True,-76.16274979689483,43.04675708841981
DORCHESTER AVENUE,477429957,462.960139789981,A41,True,-76.12522210930096,43.06870949868182
KENSINGTON PLACE,477441144,463.2793817601618,A41,True,-76.11984438601495,43.0309929472699
WOODLAWN TERRACE,477429300,463.7698477848139,A41,True,-76.13120081036351,43.07202812179254
JAMES STREET,477430516,463.78211721279564,A31,True,-76.12089575893698,43.065897086880874
WEST STREET ARTERIAL SOUTHBOUND,477437219,463.8180543247228,A35,True,-76.15832125966855,43.04408909831151
BRATTLE ROAD,477429281,464.1632123361059,A41,True,-76.12877526296067,43.07214261914803
WEST FAYETTE STREET,477436306,464.5553314771006,A41,True,-76.16647619075611,43.04690859105557
WENDELL TERRACE,477429292,464.5781822254437,A41,True,-76.13000225068583,43.07208512391729
EAST WILLOW STREET,477433250,464.8115162225231,A41,True,-76.14449575732979,43.055473604912784
SCOTTHOLM TERRACE,477439065,464.95439960820903,A41,True,-76.10998086590064,43.03810046004379
PUTNAM STREET,477439389,465.07753834542945,A41,True,-76.17274649857654,43.036905786572454
HARBORSIDE DRIVE,600055685,465.0914400071522,A41,True,-76.17378358201913,43.06628369861996
DEWITT STREET,477430755,465.11994791668945,A41,True,-76.1339848156709,43.06506812737316
EAST DIVISION STREET,477430725,465.136515213671,A41,True,-76.14770079498405,43.06508563116706
OAK STREET,477430509,465.142389237774,A41,True,-76.13627926382881,43.06623612446676
DURSTON AVENUE,477429267,465.24510480497025,A41,True,-76.12751934048762,43.072203132559366
TULLY STREET,477437167,465.32959688192017,A41,True,-76.16684171942202,43.04367927566366
HELEN STREET,477429346,465.44375700765573,A41,True,-76.13553675820141,43.07181363210006
MARQUETTE STREET,477432926,465.46578534891773,A41,True,-76.16845094928766,43.05619058217452
KIMBER AVENUE,477445605,465.5000490911864,A41,True,-76.15430206762124,43.00354583574986
BURT STREET,477438888,465.50484306833647,A41,True,-76.14466817913461,43.038360544688146
TULLY STREET,477436961,465.5419512480776,A41,True,-76.16354376883359,43.044459119471526
HICKORY STREET,477433008,465.5751197279333,A41,True,-76.14511231964407,43.05625910012706
MARCELLUS STREET,477436435,465.64150146409264,A41,True,-76.1643977675362,43.046353616395166
SHOTWELL PARK,477431370,465.6450307175541,A41,True,-76.11474665903258,43.06186895209446
EAST GENESEE STREET,800034350,465.6535123231624,A31,True,-76.07510382479569,43.03673818901792
SOUTH AVENUE,477442901,465.67856784076287,A31,True,-76.15928477693676,43.022485612163095
WEST MARCELLUS STREET,477436922,465.79743691466814,A41,True,-76.1719117911095,43.0443411469529
HILLSBORO PARKWAY,477438105,465.79839576892476,A45,True,-76.09254298481545,43.04100474767881
HAWLEY AVENUE,477433843,465.80642602133014,A41,True,-76.14291279847605,43.0533281196256
JOHN STREET,477430831,465.8570489647849,A41,True,-76.14678601206182,43.06471567223793
HIAWATHA BOULEVARD WEST,477431395,465.8718977536934,A31,True,-76.17732750593596,43.06161743393028
SECOND NORTH STREET,477428863,465.95257087122144,A41,True,-76.15697479403356,43.074133236472065
ERIE BOULEVARD EAST,800074810,466.0865892840005,A25,True,-76.10319050442969,43.05392361035806
PARK STREET,477429761,466.16918743055896,A41,True,-76.16047878689524,43.069445630172744
OTISCO STREET,477436865,466.1927563915561,A41,True,-76.16725644498274,43.04460911920601
BURT STREET,477438911,466.23807238482993,A41,True,-76.14649861864173,43.038275705521514
GLENWOOD AVENUE,477442350,466.25582395033547,A41,True,-76.18325243322413,43.025110538693234
CARBON STREET,477429535,466.3963625665383,A41,True,-76.15961481238743,43.070593593114296
NORTH AVENUE,477429873,466.442455632105,A41,True,-76.11345552692784,43.06915524464746
HELEN STREET,477430765,467.0129642381689,A41,True,-76.13509378585626,43.06501561953029
LODI STREET,477430233,467.2442422742848,A31,True,-76.162192752244,43.067142621980835
GENANT DRIVE,477431558,467.3664950332117,A40,True,-76.1573387580773,43.06140049382837
HELEN STREET,477430492,467.6063838798021,A41,True,-76.13517778873697,43.06629662892101
ALMOND STREET,477436881,467.7151022417839,A45,True,-76.14252925509203,43.04502116610399
RICHMOND AVENUE,477435184,467.82536666510526,A41,True,-76.17549028886205,43.05026439542702
OTISCO STREET,477436687,467.90853582386023,A41,True,-76.16397213450041,43.0454071295861
OAK STREET,477429363,467.99907910046926,A41,True,-76.13664976634415,43.071757107076394
WOODRUFF AVENUE,477429376,468.02554695463834,A41,True,-76.13785630346818,43.071697119497955
WEST FAYETTE STREET,477436164,468.3616493457141,A41,True,-76.16482132188789,43.047315620310215
WOLCOTT AVENUE,477442345,468.3702699195804,A41,True,-76.18249298324717,43.025566317122866
WESTWOOD ROAD,477442567,468.779768018231,A41,True,-76.19601455855558,43.02418071667918
SLOCUM AVENUE,477438548,468.8063281239654,A41,True,-76.15980725589459,43.03972364614627
MEDORA PLACE,477443972,469.21303719768696,A41,True,-76.15825256141846,43.01458394259992
SOUTH STATE STREET,477438540,469.4190588099737,A21,True,-76.147510912336,43.03994961706059
OBERST STREET,477431070,470.35977134293734,A41,True,-76.14445481494315,43.063759623148876
JUDSON STREET,477438058,470.8028899030311,A41,True,-76.12128730772595,43.04095912204371
WEST JEFFERSON STREET,477436181,470.808337903553,A41,True,-76.15469611652284,43.047415743739414
SOUTH SALINA STREET,477440749,470.88703451264934,A21,True,-76.14855283308258,43.03244061797635
NORTH CLINTON STREET,477431326,471.0553611373734,A41,True,-76.15959262491705,43.06257304598683
EAST ADAMS STREET,509998040,471.180911259464,A30,True,-76.14666279604621,43.04275060437251
HADDON ROAD,477438876,471.3966611358425,A41,True,-76.09001481747046,43.038949400710486
SOUTH MCBRIDE STREET,477438224,471.7999935237207,A41,True,-76.14399406126239,43.04100227825246
HAMPTON ROAD,477430286,471.92609763731303,A41,True,-76.12382025475236,43.0672006268534
WEST GENESEE STREET,477434710,472.1334585987049,A21,True,-76.15428515507526,43.051631410091986
ERIE BOULEVARD EAST,477435436,472.3414287735887,A25,True,-76.12257915153329,43.0494375733363
SOUTH SALINA STREET,477437870,472.55785550856217,A31,True,-76.15128328196738,43.04215464268368
FLETCHER AVENUE,477443935,472.58731194842585,A41,True,-76.16662124991403,43.01532314053299
BURNET AVENUE,477432066,472.59690362494143,A41,True,-76.101291781295,43.059194614165264
GRAND AVENUE,477438392,472.646437170846,A31,True,-76.17317830642396,43.04007278698884
HERRIMAN STREET,477439396,472.7901981009345,A41,True,-76.17712328687547,43.03717561723563
HUBBELL AVENUE,477441695,472.8628847453101,A41,True,-76.17033131633288,43.02858062469603
BEAR STREET,477429405,473.0195488497958,A41,True,-76.15995329810434,43.07147160231684
WEST BRIGHTON AVENUE,477443301,473.1575375816231,A31,True,-76.15325812016151,43.019571675485906
EDGEWOOD AVENUE,477443926,473.26811557025616,A41,True,-76.16540297269782,43.01538214481535
MALCOLM STREET,477440388,473.30110574093726,A41,True,-76.1664848292396,43.03403778194087
SOUTH WILBUR AVENUE,477437038,473.3513725343925,A41,True,-76.17605577760375,43.04454413260854
TURTLE STREET,477429534,474.08936340307645,A41,True,-76.15843439344007,43.07085921882551
KIRKPATRICK STREET,477430141,474.0910197089521,A41,True,-76.15443577377818,43.06777512392404
WEST BEARD AVENUE,477442293,474.27137687967536,A41,True,-76.15219633198343,43.02531655122
VELASKO ROAD,477441275,474.29692126932326,A31,True,-76.18605692522074,43.03033474805715
DANFORTH STREET,477430253,474.3207008508218,A41,True,-76.15693633677864,43.067272610961716
OAK LEAF DRIVE,800098401,474.4367462912178,A41,True,-76.13450265285451,43.03480443820097
WOLF STREET,477429828,474.59387763934546,A31,True,-76.16566831213518,43.06928612862823
RUSSELL PLACE,477443941,474.5984275568088,A41,True,-76.16781232698152,43.015261599838986
DEMONG DRIVE,800048259,474.8519889003977,A41,True,-76.0926069879654,43.04568799180894
HIAWATHA BOULEVARD EAST,477429228,474.8538609017594,A31,True,-76.16549669037715,43.07221634917179
MITCHELL AVENUE,477444277,474.9321462432848,A41,True,-76.1702884184944,43.01305246786025
LODI STREET,477429970,475.1580246043389,A31,True,-76.16531529735884,43.06840013473863
NORTH SALINA STREET,477429858,475.32139126496133,A21,True,-76.16288077895842,43.06891260524899
LEAVENWORTH AVENUE,477433771,475.35551829839346,A41,True,-76.16303378774887,43.05412564455996
MILDRED AVENUE,800048527,475.49853178411774,A41,True,-76.1194078578515,43.0693880575274
HAZELWOOD AVENUE,800048394,475.70442935556974,A41,True,-76.09310633176796,43.0519456330158
NORTHWAY STREET,477434043,475.88649594010826,A41,True,-76.09317904464423,43.05279159083101
EUCLID AVENUE,477438891,475.9424993561081,A41,True,-76.09435066778572,43.039045726627755
HAZELHURST AVENUE,477429254,475.9668619924897,A41,True,-76.1129091788505,43.07232835912793
HILLSBORO PARKWAY,477438779,476.0680962414562,A41,True,-76.08446765939594,43.03919944476271
ERIE BOULEVARD EAST,477434678,476.11415111142065,A25,True,-76.11426576653797,43.051578956392554
EUCLID AVENUE,477439893,476.14469535233496,A41,True,-76.10398909462181,43.03536441457596
MEADOWBROOK DRIVE,477442298,476.3008584660081,A45,True,-76.12010027683,43.02564351301947
TURTLE STREET,477430232,476.32794789560336,A41,True,-76.16101059672793,43.06741564230311
COURT STREET,477429876,476.6093218108948,A31,True,-76.15771279517959,43.06907662503096
GILBERT AVENUE,477430128,476.64991512183946,A41,True,-76.14689735815311,43.06756055521615
LEMOYNE AVENUE,477429969,476.7679319231972,A41,True,-76.16410500681035,43.06865829809482
WOLF STREET,477429597,476.8157312108736,A21,True,-76.16481279353684,43.070431118224136
CUMMINGS AVENUE,477430255,476.96840719994543,A41,True,-76.16063079495954,43.06726261697261
JAMESVILLE AVENUE,477444236,476.96922319845555,A41,True,-76.12580116052516,43.01320092654968
TURTLE STREET,477429760,476.97640402321025,A41,True,-76.15928184972847,43.06971160975252
MAPLE STREET,477436207,477.0097294527214,A41,True,-76.12559290609646,43.04769815435467
LAMBRETH LANE,477443371,477.21106191857973,A41,True,-76.11811403417872,43.019446868725694
SECOND NORTH STREET,477428614,477.265818784144,A41,True,-76.16008729279251,43.075400635708505
EAST RAYNOR AVENUE,477439697,477.26667621528435,A41,True,-76.14450380711155,43.0356110497708
WESTMORELAND AVENUE,477442190,477.2778522643485,A41,True,-76.11350294434264,43.026411332351714
GRANT BOULEVARD,477428353,477.29981449623705,A31,True,-76.15918580381448,43.076612638972534
FABIUS STREET,477437107,477.5834444715543,A41,True,-76.1632378479608,43.04378230135403
CARBON STREET,477429621,477.66011519407897,A41,True,-76.15806782569197,43.06996761957768
BROOKLEA PLACE,477446571,477.6792716786705,A41,True,-76.15013647381569,42.99433787404662
FIRST NORTH STREET,477428982,477.7333511625601,A41,True,-76.15940233370878,43.07357162485834
SECOND NORTH STREET,477428989,477.7414325703341,A41,True,-76.15541621448781,43.07352396262602
FOURTH NORTH STREET,477428109,477.75857906821983,A41,True,-76.15829180306085,43.07780663985092
BUTTERNUT STREET,477430604,477.82914255174364,A41,True,-76.14334042936999,43.06571126275595
SUMMIT AVENUE,477441131,477.96190595863885,A41,True,-76.16611930459526,43.03106364006671
HIAWATHA BOULEVARD WEST,477432730,477.99979776732073,A31,True,-76.18292687154167,43.05724601275706
EAST SENECA TURNPIKE,477446034,478.03838552772834,A31,True,-76.12882403119973,43.00069557048658
WEST SENECA TURNPIKE,477445750,478.0415869097044,A31,True,-76.15403243018326,43.00218342198987
SPRING STREET,477429216,478.181778259679,A41,True,-76.16030678799811,43.07236310070877
LOOMIS AVENUE,477444643,478.2959602906895,A41,True,-76.1544955058303,43.01041642664547
COMSTOCK PLACE,477436450,478.3231378517781,A41,True,-76.12819064871088,43.046163416384076
BEAR STREET,477430084,478.33062808679875,A31,True,-76.16253076775929,43.06802409570149
BEAR STREET,477429857,478.34260565298894,A41,True,-76.16167226983472,43.06917611625632
WEST STREET ARTERIAL NORTHBOUND,477437214,478.47039362729157,A35,True,-76.15815139734786,43.04411014285452
WESTCOTT STREET,477439727,478.4866659349696,A41,True,-76.1188827886105,43.036162148919466
ROOSEVELT AVENUE,477439702,478.49826683563657,A41,True,-76.11765524975291,43.03621808820884
BEAR STREET,477429612,478.5066591699278,A41,True,-76.16081176512203,43.07032760990845
FIRST NORTH STREET,477429220,478.7213729970372,A41,True,-76.1563113134504,43.07233263353207
PENNSYLVANIA AVENUE,477428238,478.72840341944624,A41,True,-76.15873323526067,43.07721525407877
HIAWATHA BOULEVARD EAST,477429061,478.84337636224564,A31,True,-76.16459479084112,43.07334410980219
DANFORTH STREET,477430011,479.0435501432552,A41,True,-76.15607578857299,43.06841862222452
PASTIME DRIVE,477429999,479.2079329552376,A41,True,-76.15937031811359,43.06822459725866
ROBERTS AVENUE,477441180,479.2784027238689,A41,True,-76.17194357231986,43.03085005601606
COURT STREET,477429620,479.40203968532256,A31,True,-76.15685429642647,43.07022761881504
SPRING STREET,477429083,479.4404437789088,A41,True,-76.16186726627271,43.07300961795935
SECOND NORTH STREET,477428757,479.4815856760927,A41,True,-76.15852328001338,43.07476110909862
EUCLID AVENUE,477439262,479.5832366129859,A31,True,-76.11188537928867,43.03711492684712
ERIE BOULEVARD EAST,477433664,479.6740827231454,A25,True,-76.10013778366499,43.05398640347462
BERKELEY DRIVE,477441067,479.72344691936087,A45,True,-76.12658897006563,43.03127910487373
ERIE BOULEVARD EAST,477434932,479.80564375946125,A21,True,-76.1464796825454,43.050828226493394
PARK STREET,477429877,479.90259443832105,A41,True,-76.15892680326743,43.06882061912105
ELK STREET,477442322,479.91456579896175,A41,True,-76.142047900577,43.0250746717173
LEMOYNE AVENUE,477429275,480.04659124975547,A41,True,-76.16151729746144,43.072107598299674
CARLISLE STREET,477429991,480.1860673143895,A41,True,-76.15265418303763,43.06855060905127
LODI STREET,477430085,480.5538139627953,A31,True,-76.16374876925865,43.06776709773032
FIRST NORTH STREET,477428855,480.6377863093185,A41,True,-76.16097881097956,43.07419912673592
CUMBERLAND AVENUE,477442172,480.63854198083965,A41,True,-76.11243228289614,43.02648261005731
EAST WASHINGTON STREET,509997472,480.75891419616875,A41,True,-76.14649375866423,43.04951812441175
WOLF STREET,477429183,480.8487545582653,A21,True,-76.16307981809567,43.07275461859324
AVERY AVENUE,477434168,480.93150814813026,A41,True,-76.19512379605524,43.05296208073788
NORTH SALINA STREET,477429743,481.06274711847715,A21,True,-76.1644517953089,43.06954160119431
SOUTH STATE STREET,477440071,481.12780426030196,A41,True,-76.14711031798564,43.034854625907386
KIRKPATRICK STREET,477429904,481.21244764873825,A41,True,-76.15357380671259,43.06892360703684
LODI STREET,477430613,481.32937716117175,A31,True,-76.15744262428778,43.0652323968639
SPRING STREET,477429439,481.4206415273351,A41,True,-76.15721679457687,43.071117595013185
HILLSBORO PARKWAY,477438357,481.95829964053803,A45,True,-76.08550409441514,43.040183877965106
EAST WATER STREET,509997480,481.9591607799551,A41,True,-76.14647579393616,43.05041910859358
MEADOWBROOK DRIVE,504325289,482.0517431174349,A31,True,-76.09782839661598,43.0425125481974
LEXINGTON AVENUE,477436138,482.0627463846233,A41,True,-76.11612767140235,43.04719976746856
LIBERTY STREET,477432571,482.3646669521236,A41,True,-76.17357144420862,43.05798414476651
OAK STREET,477431635,482.8386984807593,A41,True,-76.13594079781959,43.061435117502675
EAST FAYETTE STREET,509997458,483.19431647016904,A41,True,-76.14651626582284,43.048617139848155
DANFORTH STREET,477429783,483.2090682335142,A41,True,-76.15521175929874,43.06957713371791
EXCHANGE STREET,477429527,483.2715180380251,A41,True,-76.16594775668528,43.070897462561376
WEST WARRINGTON ROAD,477446504,483.4392418219301,A41,True,-76.14449610905996,42.99446109156109
WEST COLVIN STREET,477442407,483.6912225863433,A30,True,-76.14851131388235,43.02475060846821
POND LANE,477430077,483.7551352784734,A41,True,-76.15108973339282,43.067855750347945
EAST GENESEE STREET,509997450,484.03333962749696,A31,True,-76.14653707826129,43.048085915670846
SPRING STREET,477430331,484.13261816140596,A41,True,-76.14750183829081,43.06671266840358
MOUNTAINVIEW AVENUE,477435170,484.1638465637174,A41,True,-76.1047234664832,43.05027848305057
WEST FAYETTE STREET,477435301,484.20749291283084,A41,True,-76.18178251455082,43.05035546687261
HARBORSIDE DRIVE,600035916,484.42118360704484,A41,True,-76.1742146721504,43.071781224405115
NORTH WEST STREET,477434198,484.4367879474953,A40,True,-76.15881233575635,43.05264233366776
PARK STREET,477429079,484.8707158042052,A31,True,-76.16902133631612,43.07314238101186
MARYLAND AVENUE,800048531,485.5186399222562,A41,True,-76.12003445008507,43.033842170589935
DEWITT STREET,477431637,485.57948019997895,A41,True,-76.13185729467212,43.06132011307675
PLUM STREET,477434306,485.71055620959027,A41,True,-76.16015579715041,43.05274312023234
SOUTH CARBON STREET,477430884,485.8096636026122,A41,True,-76.14244754228517,43.0640170752944
MIDLAND AVENUE,477442470,485.9019549119114,A41,True,-76.1510942607797,43.024836137532674
CLAIRMONTE AVENUE,477441158,485.918252465176,A41,True,-76.16923729632103,43.03095564260406
NORTH CLINTON STREET,477431933,485.98237465889207,A41,True,-76.1572307196792,43.0600558463261
WOLF STREET,477429388,486.0993969815354,A21,True,-76.16394731406503,43.07159011502486
HUBBELL AVENUE,477441165,486.29855869171524,A41,True,-76.1705022845783,43.03091808224388
MARTIN LUTHER KING EAST,477440278,487.0898399167264,A41,True,-76.14610679254939,43.03370660490248
WEST COURT STREET,477431132,487.31917078396856,A31,True,-76.16035364227298,43.063691931000974
GILBERT STREET,477427555,487.46917129035955,A41,True,-76.15376666113856,43.08082364756926
EAST ADAMS STREET,477437468,487.72391836716037,A40,True,-76.13129179906701,43.042625119820414
CLEVELAND AVENUE,477429270,487.9171123045476,A41,True,-76.14380789412245,43.07214530166781
MANILLA STREET,477433923,487.9930218779964,A41,True,-76.13219021985087,43.0531871334658
MYRTLE STREET,477436908,488.11636447434495,A41,True,-76.1919674207781,43.04490949021052
VAN RENSSELAER STREET,477433756,488.14750335494176,A41,True,-76.16603030165402,43.05420010157709
WEST WATER STREET,800066375,488.3449957422121,A41,True,-76.15445487380907,43.050560943711126
VAN BUREN STREET,477439150,488.345432618204,A41,True,-76.14464077250584,43.03745813556581
ROSE AVENUE,506986284,488.531870901006,A40,True,-76.1445682977467,43.0366631419058
HIAWATHA BOULEVARD EAST,508421423,488.99716966889554,A35,True,-76.16650292493271,43.07113086466303
WOLF STREET,477428966,489.44855440102737,A21,True,-76.1622092950332,43.07392315323602
JOHN STREET,477431145,489.74495842883056,A41,True,-76.14764381244596,43.063565145611015
MARLBOROUGH ROAD,477429863,489.8124649517938,A41,True,-76.11207577026201,43.06925411889035
WENDELL TERRACE,477429931,489.95311685423366,A41,True,-76.12976984573424,43.06892509205871
HILLCREST ROAD,477440380,490.0176564616979,A41,True,-76.10835585517742,43.03346546663905
BEAR STREET,477428981,490.2792710966908,A41,True,-76.15817880274372,43.07384862317836
WILKINSON STREET,477434897,490.2802255166438,A41,True,-76.16525424282952,43.050896063834486
TALLMAN STREET,477439533,490.2976685783732,A41,True,-76.15803066287862,43.03625237811108
BROADVIEW DRIVE,477442468,490.44450419999595,A41,True,-76.20138540758994,43.02479641447531
WEST WASHINGTON STREET,477435358,490.47862759759715,A41,True,-76.15644103586781,43.04960086802868
MEADOWBROOK DRIVE,477437510,490.52178272724314,A31,True,-76.09519645688611,43.04257876485869
WEST BRIGHTON AVENUE,477443122,490.53078230688465,A31,True,-76.14389064973771,43.02059728055215
NORTH TOWNSEND STREET,477432897,490.7453890541178,A41,True,-76.14853125006968,43.05679912116166
SMITH ROAD,477445593,490.7997754042192,A41,True,-76.15512231860335,43.00424711117049
MONTGOMERY STREET,477438551,490.88494361381794,A41,True,-76.14883376864799,43.03993613979109
STEDMAN STREET,800041913,491.0253685652594,A41,True,-76.15571282201874,43.079715671087044
EAST BRIGHTON AVENUE,477445745,491.06732415166715,A31,True,-76.12975863362803,43.002718989043146
WEST BEAR STREET,477432473,491.3415588815903,A31,True,-76.1741867725403,43.05816762735625
COMSTOCK PLACE,477436451,491.3816758598475,A41,True,-76.12982821747207,43.04628706911012
THOMPSON ROAD,477430946,491.4112277765307,A35,True,-76.08813866356437,43.06433301879116
SCOTT AVENUE,477437601,491.59152474893426,A41,True,-76.10894079873289,43.04293359002915
DANFORTH STREET,477429306,492.0076952526666,A41,True,-76.15344180078718,43.07195412580452
SWEETING STREET,477429496,492.1133598169767,A41,True,-76.14103078825697,43.07057461446612
ELMHURST AVENUE,477443037,492.2082302266008,A41,True,-76.15380979064275,43.02099758998437
NORTH MCBRIDE STREET,477432704,492.3947711005758,A41,True,-76.14703779822321,43.05743264619725
ARLINGTON AVENUE,477443190,492.44778085435576,A41,True,-76.1667368060911,43.02061262979698
HIAWATHA BOULEVARD EAST,477428600,492.5113198074321,A31,True,-76.16282226949797,43.07573113203686
PARK AVENUE,477434408,492.7065000937213,A45,True,-76.16521278759717,43.051874139381745
PARK AVENUE,477434324,492.74408596390697,A45,True,-76.16520380906167,43.052077787458984
HILLSBORO PARKWAY,477438139,493.25852183988604,A45,True,-76.09266235349534,43.04096070097095
ROCK CUT ROAD,477445216,493.43845998573374,A31,True,-76.12967181420738,43.006404907611206
TURTLE STREET,477429092,494.0516457560109,A41,True,-76.15665136098391,43.07324012730112
LANCASTER AVENUE,800048511,494.33097920028337,A41,True,-76.12200030616751,43.02686783958702
SIXTH NORTH STREET,477427533,494.6867591082989,A41,True,-76.15798249489863,43.08082162067497
OAKWOOD AVENUE,477441008,494.7275024226653,A41,True,-76.14347635497255,43.031041657509164
COURT STREET,477429219,494.761641090248,A31,True,-76.15507828740397,43.07261361208708
SOUTH WARREN STREET,477436541,494.9324508865633,A40,True,-76.15083986226995,43.04636903560195
SOUTH STATE STREET,477441268,495.2728970149311,A41,True,-76.14548350117411,43.03037962489013
BERKELEY DRIVE,477440696,495.50717238374136,A45,True,-76.1270547907071,43.03257950030864
LEMOYNE AVENUE,477428854,495.6050146530465,A41,True,-76.15974682741484,43.07448410694509
RUGBY ROAD,477430101,495.64177740961776,A41,True,-76.12626064195524,43.06745082143363
ONONDAGA CREEK BOULEVARD EAST,477444013,495.6692487718119,A41,True,-76.15580378338191,43.014446011492474
SAND STREET,477433745,495.74401354895485,A40,True,-76.16769583879082,43.054253625470515
CARBON STREET,477429905,495.80094170751056,A41,True,-76.15482526568287,43.06866960847472
TEALL AVENUE,477433532,495.8177921157494,A31,True,-76.12198626042967,43.05494813039643
SECOND NORTH STREET,477429234,495.9251138275787,A41,True,-76.15218481072537,43.07222162707283
KING STREET,477438758,496.02738469331473,A41,True,-76.15473955658801,43.03912710214312
NORTH MCBRIDE STREET,477432744,496.5348669110777,A41,True,-76.14734949300238,43.057299815148696
EAST GENESEE PARKWAY,477437393,496.5732555855877,A41,True,-76.09117315428992,43.042815158909505
ALBERT ROAD,477436612,496.65205283194786,A41,True,-76.09173629966202,43.04611710565595
AVOCA STREET,477436794,496.9440647547479,A41,True,-76.19097582043472,43.04528161891255
SPRING STREET,477429550,497.2210498512624,A41,True,-76.15560277148904,43.070482630935096
PARK STREET,477430012,497.25459351963855,A41,True,-76.15732529950839,43.06817312561399
MAY AVENUE,477442911,497.36377438531554,A41,True,-76.16057277598367,43.02246013028905
KIRKPATRICK STREET,477429456,497.392906185723,A41,True,-76.15181182528755,43.071296126565876
MOUNTAINVIEW AVENUE,477434819,497.54586211096586,A41,True,-76.09151822621631,43.05117677101584
MYRTLE STREET,477436588,497.6048441398329,A41,True,-76.19281594513038,43.046110206507805
AVERY AVENUE,477436709,497.62911641696843,A41,True,-76.18997881132053,43.04565565339778
EAST GENESEE STREET,477438948,497.74643048228694,A31,True,-76.07948255430068,43.03874277637873
MCKINLEY AVENUE,477442490,497.80231853082455,A41,True,-76.14156877283443,43.024170594454965
EMERSON AVENUE,477435654,497.8202700505012,A41,True,-76.18463878564498,43.04921810219978
BRUCE STREET,477435050,497.84875318126086,A41,True,-76.11218762030128,43.051211356705544
SALT STREET,477454133,497.9681653679006,A40,True,-76.15263461419545,43.05661551005038
PARK STREET,477430142,498.0862642306983,A41,True,-76.15568794809059,43.06752179107962
CAYUGA STREET,477435208,498.1267014458708,A41,True,-76.18981929793931,43.050504315112164
WILLIS AVENUE,477436514,498.2024719136862,A41,True,-76.18798070840656,43.046413700476435
SECOND NORTH STREET,477429103,498.2184136465657,A41,True,-76.15381631244672,43.07287762468806
FIRST NORTH STREET,477429457,498.22527042962884,A41,True,-76.15306879822917,43.07102862955277
OTISCO STREET,477437119,498.2717322986623,A41,True,-76.17019607033404,43.043890250114536
HILLSBORO PARKWAY,477438355,498.2911023617193,A45,True,-76.08543328227272,43.040268264481995
COURT TERRACE,477428926,498.4305222108383,A40,True,-76.15310370226013,43.07384532429418
EMERSON AVENUE,477436082,498.4433412923975,A41,True,-76.18380294967677,43.04799628215531
NOTTINGHAM ROAD,477440964,498.8400978835253,A31,True,-76.11174030432387,43.03162653609064
LEMOYNE AVENUE,477429082,498.85568382235266,A41,True,-76.16063679879599,43.0732855876292
NORTH LOWELL AVENUE,477435516,498.862274692463,A41,True,-76.18328278890635,43.04973960251668
HIAWATHA BOULEVARD EAST,477428093,499.09612168683196,A31,True,-76.16102726500219,43.07813163578576
DANFORTH STREET,477429549,499.16952495321806,A41,True,-76.15433276169873,43.07076113817288
COLUMBIA AVENUE,477443201,499.2339404727705,A41,True,-76.16796048786793,43.02054144181632
MILTON AVENUE,477436359,499.47605603891077,A41,True,-76.18599442059485,43.04716847893266
FIRST NORTH STREET,477429307,499.4836210879263,A41,True,-76.15470375857493,43.071690117493326
MILTON AVENUE,477435933,499.6673064889896,A41,True,-76.18685480623874,43.048385645697884
NORTH ALVORD STREET,477430415,499.7407791816515,A41,True,-76.15654132536928,43.06637310138888
SOUTH BEECH STREET,477436225,499.7579989508134,A41,True,-76.12769243148581,43.04769102362613
CARBON STREET,477429784,500.21431985169585,A41,True,-76.15646326760388,43.0693221260302
CODY AVENUE,477436623,500.2697878919132,A41,True,-76.18898729081631,43.04603160359978
SOUTH SALINA STREET,477440429,500.3171230750203,A21,True,-76.14936982341315,43.03472712605579
ROWLAND STREET,477439709,500.31795597931693,A41,True,-76.17309521890384,43.035790687931694
WOLF STREET,477428455,500.51088977567025,A21,True,-76.16041980760674,43.07632165623301
SPRING STREET,477429661,500.54015508321396,A41,True,-76.1539602836293,43.069831136663154
NORTH LOWELL AVENUE,477435913,500.75340671343565,A41,True,-76.18242133597953,43.04852208760785
CHINOOK DRIVE,477443509,500.88043428192873,A41,True,-76.12038801318955,43.0182670910926
WILLIS AVENUE,477436219,501.1029277411345,A41,True,-76.18884377847795,43.04763004714758
WOLF STREET,477428736,501.1600595187893,A21,True,-76.16131929297153,43.075115651682644
OAKWOOD AVENUE,477440167,501.34802806173707,A41,True,-76.14530790401767,43.03460381135325
NORTH ALVORD STREET,477430254,501.35602950368644,A41,True,-76.1581826868203,43.0670344612092
ONONDAGA PARK DRIVE EAST,477441625,501.4072237532204,A41,True,-76.16460123714187,43.028886054506415
HIAWATHA BOULEVARD EAST,477428342,501.67828961839854,A31,True,-76.16192827619389,43.07692763730423
AVERY AVENUE,477436413,501.80996843318724,A41,True,-76.19083829413847,43.04687362757441
KIRKPATRICK STREET,477430629,501.86700564558504,A41,True,-76.15617983422668,43.06544444241451
HOLLAND STREET,477439009,502.0875762024977,A41,True,-76.1627723381343,43.038437642349976
WEST GENESEE STREET,477434770,502.2936445188208,A21,True,-76.19048981893742,43.05148063755667
SOUTH SALINA STREET,477445280,502.36325747501144,A21,True,-76.14312604858365,43.00629962894194
HARBORSIDE DRIVE,600024755,502.3641740703849,A41,True,-76.17631958438328,43.06781058223564
EAST GENESEE STREET,477436252,502.71242014996017,A35,True,-76.1408939522559,43.04696923194468
EAST FAYETTE STREET,477435646,502.8058555778476,A41,True,-76.14836073823653,43.048642765111424
BERKELEY DRIVE,477441065,503.04522262597516,A45,True,-76.1264803974924,43.03131203016975
SHUART AVENUE,477431736,503.19459907654976,A41,True,-76.12750930952275,43.06063715552512
CORTLAND AVENUE,477440701,503.29686553962745,A31,True,-76.15270704480673,43.03261978599389
COURT STREET,477429438,503.34572664443374,A31,True,-76.15597378569063,43.07141160597899
CORDOVA STREET,477445173,503.4863732707815,A41,True,-76.13969907860788,43.006351876267644
HERZ STREET,477428446,503.61686373441324,A41,True,-76.13793784595633,43.07644911467232
MADISON STREET,477436649,503.6291765775336,A41,True,-76.12449891949873,43.04539205903203
WOLF STREET,477427733,503.6568070817213,A21,True,-76.1576877938821,43.07992376372322
ONONDAGA CREEK BOULEVARD,477444256,503.7331706715305,A41,True,-76.15436466404243,43.01300953649001
TEMPLE PLACE,477442525,503.8364042400791,A41,True,-76.1603704202044,43.02416369476023
NOTTINGHAM ROAD,477441374,503.93072207596606,A31,True,-76.11163228110614,43.030043143674355
MEADOWBROOK DRIVE,477442359,504.2484146397277,A45,True,-76.1200865760932,43.025422106603
VINE STREET,477432071,504.6002589725616,A41,True,-76.12578080417215,43.05968030515168
HIAWATHA BOULEVARD EAST,477428847,504.621664615968,A31,True,-76.16371527460198,43.07452963164544
JAMESVILLE AVENUE,800048432,504.7617246893213,A41,True,-76.1284173404871,43.01622704701146
COURT STREET,477427325,504.93221640305796,A31,False,-76.13971482371738,43.0820461296686
GANNETT AVENUE,477427807,505.048472176947,A41,True,-76.15679126744519,43.07957708858195
LEMOYNE AVENUE,477428613,505.50790570832686,A41,True,-76.15885330573929,43.0756916147112
BELLEVUE AVENUE,477440890,505.5547422755866,A41,True,-76.18763547887127,43.03167394385828
NORTH MCBRIDE STREET,477431713,505.698669864474,A40,True,-76.1502466052667,43.06093032082581
TURTLE STREET,477429293,505.7094390998277,A41,True,-76.15754827599916,43.07203618272076
BEAR STREET,477429215,505.7100609617255,A41,True,-76.15907233972483,43.072649134225145
GRANT BOULEVARD,477428774,505.80280455203365,A31,True,-76.15258679995009,43.07455312187689
LODI STREET,477433820,506.17527735266117,A31,True,-76.13560678942648,43.05376159424994
DALE STREET,477428594,506.19495120902144,A41,True,-76.14329289078637,43.075639803253836
OXFORD STREET,477440149,506.2730513897632,A41,True,-76.15290076674033,43.03398768970846
SHELDON AVENUE,477444703,506.35339379099537,A41,True,-76.14510397374282,43.00988045322466
HATCH STREET,477443234,506.6107905322804,A41,True,-76.15263646137912,43.02035983925609
KIRK AVENUE,506986301,506.65207705885035,A41,True,-76.15735732625213,43.02753170577948
NORTH STATE STREET,477433249,506.69535396749706,A21,True,-76.15101021534119,43.05572009959645
WINKWORTH PARKWAY,477442251,506.7602078064519,A41,True,-76.19366764117221,43.0260607129085
TURTLE STREET,477428862,506.8410841193813,A41,True,-76.15575829603786,43.07444742681144
MARCELLUS STREET,477436779,506.84588690612736,A41,True,-76.17011805491329,43.044957733503686
WALRATH ROAD,477444459,507.3708765171912,A45,True,-76.13898967426708,43.01103318924723
WALRATH ROAD,477444484,507.5644424267687,A45,True,-76.13897878437533,43.01089862918726
PHILLIPS ROAD,477436294,507.73695516436266,A41,True,-76.09263328704071,43.046842129248745
TEALL AVENUE,477432549,507.78332617131514,A31,True,-76.12215050970899,43.05754359899726
WINTON STREET,477432720,508.11709726923306,A41,True,-76.12353229204217,43.05748616041956
DEMONG DRIVE,506986294,508.1257846779609,A45,True,-76.08646536685855,43.043814247872334
LEA LANE,477429212,508.1867959755015,A41,True,-76.11874179116978,43.0724157521505
NORTH TOWNSEND STREET,477431822,508.23501392712495,A41,True,-76.15140175917814,43.060436652564945
STRATHMORE DRIVE,477443211,508.4617071350438,A41,True,-76.1729619983543,43.020390766471166
JAMESVILLE AVENUE,477444406,509.27184875248855,A41,True,-76.12491610821311,43.01201554365506
BEAR STREET,477428756,509.4379410656047,A41,True,-76.15728231871205,43.0750527597591
SEDGWICK DRIVE,477430651,509.7321031129007,A45,True,-76.13103563908992,43.0652702954666
DEMONG DRIVE,506986290,510.07538026383554,A45,True,-76.08667564644134,43.04375911947088
NORTH STATE STREET,477432116,510.13559698090745,A41,True,-76.1538923010223,43.05938811640344
MERTENS AVENUE,477429319,510.2433266753469,A41,True,-76.13210831360404,43.07134661913657
NBT BANK PARKWAY,800030858,510.9512269271815,A41,True,-76.1671717358074,43.07601932514609
ARSENAL DRIVE,477446022,510.99944718952906,A41,True,-76.1377483826033,42.99978950279093
JAMESVILLE AVENUE,477442108,511.48968764230017,A41,True,-76.13562305749782,43.02689674913522
MILTON AVENUE,477432715,511.57456528902964,A41,True,-76.19321262767038,43.05742061721025
LANCASTER AVENUE,477442371,511.5919696173983,A41,True,-76.12188116960111,43.02549025567978
SHERWOOD AVENUE,477432746,511.6956999065383,A41,True,-76.1251267590143,43.057404127692685
WEST WATER STREET,512620138,511.96935526655017,A41,True,-76.15654679392286,43.05045611732037
CLOVER STREET,477440014,512.2198532421518,A41,True,-76.15791576786366,43.0344621450843
SEDGWICK DRIVE,477430674,512.4580988700874,A45,True,-76.13112911001717,43.065178168528895
ONEIDA STREET,477438725,512.4605815975749,A41,True,-76.15289424293317,43.039502975826615
AINSLEY DRIVE,477444440,512.5884435744255,A41,True,-76.13036831920732,43.011206108565844
HAWLEY AVENUE,509997554,512.6612658459205,A41,True,-76.14474225175168,43.05335186352668
BERKELEY DRIVE,477440716,512.700104490121,A45,True,-76.12716907772763,43.032531713678736
COMSTOCK AVENUE,477441206,513.2105909136893,A41,True,-76.12920838448194,43.029829851650454
HOPPER ROAD,477446212,513.3195739854278,A41,True,-76.15966548579874,42.998183349130585
NORTH SALINA STREET,477431981,513.439898137463,A21,True,-76.15263572491877,43.059910403776115
STRONG AVENUE,513530284,513.5944078608554,A41,True,-76.1163132667705,43.03635049644243
NORTH SALINA STREET,477431417,513.596817406767,A21,True,-76.15457630330462,43.06235511963161
SABINE STREET,510577044,513.8089979108912,A41,True,-76.16613131125771,43.03982961262812
NORTH SALINA STREET,477432463,514.0353650465491,A21,True,-76.15202997398883,43.05841981696619
PROSPECT AVENUE,477432697,514.1284137569588,A41,True,-76.1506828345859,43.05747412231713
CHAMPLIN DRIVE,477431664,514.2503375034988,A41,True,-76.10198450104384,43.06131325447258
NORTH TOWNSEND STREET,477432552,514.25721866748,A41,True,-76.14947227078687,43.05799312894798
WELLESLEY ROAD,477443220,514.3384603865261,A41,True,-76.16916333212382,43.02046962972037
PIERCE STREET,477444545,514.4065749474019,A41,True,-76.14882891770412,43.01119726336991
WHEATON ROAD,477429958,514.7012155290081,A41,True,-76.12601900406003,43.06863618756133
SEELEY ROAD,477434200,514.7629149708292,A31,True,-76.10404527783606,43.05281812500844
NORTH MCBRIDE STREET,477432402,514.8869136982183,A41,True,-76.14825293767113,43.05851576018987
NORTH SALINA STREET,477431151,514.9014180692867,A21,True,-76.15555509390961,43.06357030794569
WADSWORTH STREET,477429734,514.9502917062899,A41,True,-76.13890728687961,43.069969792835366
SOUTH ORCHARD ROAD,477436550,515.567436634964,A41,False,-76.20422237819726,43.046346559386734
EAST BRIGHTON AVENUE,477445620,516.058857008508,A31,True,-76.13046080146523,43.00399977977799
CATHERINE STREET,477432161,516.0952395003935,A40,True,-76.1464951888659,43.05925560907259
NORTH TOWNSEND STREET,477431548,516.1080014390368,A41,True,-76.15236679439433,43.06165115005111
MARTIN LUTHER KING WEST,477440549,516.1118258934929,A41,True,-76.1497528531669,43.03281312217471
LOCK ALLEY,477431739,516.7296490879025,A40,True,-76.15424925490127,43.06086113188917
CUMBERLAND AVENUE,477441391,516.8967508517673,A41,True,-76.11274123908588,43.02997959700462
GEBHARDT AVENUE,477431628,517.1753285819384,A40,True,-76.15296076409791,43.061402620882625
NORTH SALINA STREET,477431673,517.1836038204075,A21,True,-76.15360480985417,43.06113314204541
NORTH TOWNSEND STREET,477432170,517.5975909328728,A41,True,-76.1504417748227,43.05921763854403
EAST WATER STREET,477435160,517.7281210878409,A41,True,-76.13743877704428,43.05030045583645
SHUART AVENUE,477431516,518.0322534177727,A41,True,-76.12561527537976,43.06156362930769
TOWNSEND PLACE,477432105,518.1200731903316,A40,True,-76.14985527640934,43.05947112276861
LODI STREET,477432058,518.176532533882,A31,True,-76.14617077478236,43.05945662523154
NORTH MCBRIDE STREET,477432029,518.2026370587367,A40,True,-76.14927596185599,43.05971925816611
MARSHALL STREET,477437845,518.2740493783989,A41,True,-76.13125575538788,43.04157559486331
MEADOWBROOK DRIVE,477439464,518.3492624408185,A35,True,-76.10965343728073,43.037009006735516
THOMPSON ROAD,477430443,518.642554059461,A35,True,-76.0897777018581,43.066532255541105
EMERSON AVENUE,477431782,518.8373187615774,A41,True,-76.19684226698382,43.060671738035545
SALISBURY ROAD,477437608,518.9045398179272,A41,True,-76.19410217246437,43.04233172899461
WESTCOTT STREET,477442011,519.1270599488314,A41,True,-76.11810875732937,43.02726861944481
TENNYSON AVENUE,477436103,519.3104628901201,A40,True,-76.18028754180365,43.04766158701454
MERRIMAN AVENUE,477438243,519.3601017253233,A41,True,-76.16642228563185,43.0402876527734
EAST ONONDAGA STREET,477436216,519.614947533769,A30,True,-76.14805062643339,43.04754075674189
BENNINGTON DRIVE,477444358,520.3703366553668,A41,True,-76.14100558680441,43.011914606039205
EAST COLVIN STREET,477442539,520.3946120151938,A31,True,-76.12951904041041,43.02421307686877
KIRKWOOD PLACE,477442550,520.5106078957277,A40,True,-76.15283579364876,43.02446511789233
ERIE BOULEVARD WEST,477434879,520.7711277303092,A41,True,-76.15450518972527,43.05092303142932
MARQUETTE STREET,477432864,521.03955422184,A41,True,-76.17135760892306,43.056399377781794
HUBBELL AVENUE,477440824,521.0432923383783,A41,True,-76.1705905083697,43.03229878156171
WESTMORELAND AVENUE,477441414,521.1946717552377,A41,True,-76.11382075884255,43.02992411524834
CROYDEN ROAD,477441329,521.2978421499307,A41,True,-76.10822442705243,43.030175694284125
LOMA AVENUE,477427730,521.4349217033943,A41,True,-76.14528000655305,43.07985527439492
GRAVES STREET,477431490,521.6732478847765,A41,True,-76.1404014695568,43.06133757393615
MINEOLA DRIVE,477439606,521.7103545929876,A41,True,-76.10783503932431,43.03609545432612
GRIFFIN STREET,477443992,521.7859441016649,A41,True,-76.16002789786349,43.01427150736037
HIXSON AVENUE,477430777,521.7873878504734,A41,True,-76.12108772211337,43.06494643762992
NORTH WILBUR AVENUE,477435329,522.7004157049164,A41,True,-76.18203095381476,43.05021434988594
NORTH WILBUR AVENUE,477435670,523.119827113601,A40,True,-76.18072835462314,43.049145504795796
WEST FAYETTE STREET,477435619,523.2503248338767,A41,True,-76.15454828609991,43.04870513410565
NORTH STATE STREET,477431789,523.4790642562174,A41,True,-76.15487833349117,43.06060805900602
VAN RENSSELAER STREET,477434300,523.5400762213241,A41,True,-76.16609180713105,43.05281258833176
BROOKFORD ROAD,477437978,523.582126630235,A41,True,-76.10511558964303,43.04179402899062
SALT SPRINGS ROAD,477436466,524.1062587492501,A31,True,-76.08703765349537,43.04654188379439
ERIE BOULEVARD EAST,477434927,524.1378436773068,A21,True,-76.14835708701172,43.0508663643007
WALTON STREET,477435896,524.3254276087488,A41,True,-76.1545503098686,43.047974937571915
BRADFORD PARKWAY,504325243,524.35806310621,A41,True,-76.10683398939598,43.0423054299234
GRAND AVENUE,477438587,524.4468348606783,A31,True,-76.17475133122004,43.03937038764799
COMSTOCK AVENUE,600035949,524.5779984644263,A41,True,-76.12907965184561,43.02840890797929
NORTH LORRAINE AVENUE,477442280,524.8773586884837,A41,True,-76.13230261061733,43.02595781667546
WEST WASHINGTON STREET,477435345,524.8855237084456,A41,True,-76.15454230408326,43.049621545249636
ERIE BOULEVARD EAST,477434952,525.3018336712199,A25,True,-76.14113373956667,43.050804386299006
WESTWOOD ROAD,477442333,525.7194145332144,A41,True,-76.19637857001976,43.025690393956886
ARLINGTON AVENUE,477442985,525.9139197238417,A41,True,-76.1668352765171,43.022008154637156
EAST FAYETTE STREET,477435782,526.3791448262094,A41,True,-76.11809897311869,43.04826106536445
LEAVENWORTH AVENUE,477434337,526.4414915045215,A41,True,-76.1630858573491,43.052751528732216
ONONDAGA AVENUE,477440768,526.7274866617383,A41,True,-76.16471982169651,43.03250210931964
GLAHN AVENUE,477442569,526.8876219371559,A41,True,-76.15347551273922,43.0243236649452
EAST KENNEDY STREET,477441092,527.2067755598811,A41,True,-76.14672156167993,43.030780677314844
ERIE BOULEVARD EAST,477435000,527.3622872908464,A25,True,-76.14113101003227,43.05072878808574
CROSSETT STREET,477441714,527.5624066055195,A41,True,-76.16660620831293,43.02804962101503
SOUTH MIDLER AVENUE,477433552,527.9734345024918,A31,True,-76.10396373992178,43.05454198016481
BEATTIE STREET,477435477,528.9762245262243,A41,True,-76.10836374720434,43.050016627701964
HARRINGTON ROAD,477438924,530.0808107780986,A41,True,-76.10182514867931,43.03891423138634
MILBURN DRIVE,477445785,530.4384827761908,A41,True,-76.15051536113826,43.00245085852307
COLUMBIA AVENUE,477442998,530.5758771521404,A41,True,-76.16806181826156,43.02195259833991
SAINT LOUIS AVENUE,477444790,530.713089133851,A41,True,-76.15892373344919,43.008865240984704
NORTH SALINA STREET,477430612,530.8600578303784,A21,True,-76.15726598293163,43.0654672429196
VALLEY DRIVE,477446303,531.0088580291489,A31,True,-76.15280279810472,42.99700509420878
EAST GENESEE STREET,477439393,531.6820626572768,A31,True,-76.07675921407439,43.03735402731546
CADILLAC STREET,477428178,531.6829786822893,A41,True,-76.15173954921686,43.077777828911884
EAST BRIGHTON AVENUE,477443135,532.4939826499646,A31,True,-76.14199861133835,43.02058128395942
WOLF STREET,477427532,532.5500484779963,A21,False,-76.1566193187619,43.081110099611855
SENECA DRIVE,477445915,532.7191302996941,A41,True,-76.1402917196509,43.00120061225468
GRUMBACH AVENUE,477430586,532.9167422258499,A41,True,-76.1397090903105,43.06584681009841
NORTH GEDDES STREET,477434250,533.0169210147299,A31,True,-76.17058283109054,43.052933639681314
BRACE STREET,477428597,533.0532321454594,A41,True,-76.15372029722302,43.07571453036699
ROOSEVELT AVENUE,477441111,533.0567016557637,A41,True,-76.11722791240697,43.03121339123252
ROBINEAU ROAD,477443242,533.6506889849643,A41,True,-76.17059780236153,43.0203851323034
ELLIOTT STREET,477439932,534.0598889115967,A41,True,-76.17333779402847,43.03497060833074
PARK STREET,477428025,534.0873682429249,A30,False,-76.17601144176709,43.07822087281282
COMSTOCK AVENUE,477443812,534.2215663624847,A41,True,-76.1280902141187,43.01764421951828
MADISON STREET,477436598,534.7521252561688,A40,True,-76.14981880176386,43.045485645438454
WESTCOTT STREET,477441128,534.8238737504414,A41,True,-76.11845048068258,43.03116195807118
EAST FLORENCE AVENUE,477445061,534.8674133389359,A41,True,-76.13982664728911,43.0071241389023
LONGMEADOW DRIVE,477447184,534.9184308309178,A41,True,-76.14697329886913,42.987702781269356
MARIPOSA STREET,477431342,535.001454643011,A41,True,-76.11904545994543,43.06209832085729
MARGUERITE AVENUE,477443184,535.197522716806,A41,True,-76.15902950270116,43.020015192967115
VELASKO ROAD,477440672,535.81999905159,A31,True,-76.18712336341895,43.03276450661309
SALT SPRINGS ROAD,477435969,536.4960648392546,A31,True,-76.09261817128991,43.04769798701101
CONKLIN AVENUE,477430999,536.7571660107885,A41,True,-76.08913879630228,43.06415762935893
BASSETT STREET,477437557,536.7969006774634,A41,True,-76.12196869017971,43.043169764968
PEAT STREET,477434089,537.0168290949316,A41,True,-76.11540694147817,43.052873506054915
SOUTH BEECH STREET,477436605,537.5249931416075,A41,True,-76.12665862980775,43.04571916190625
ROBINEAU ROAD,477443013,537.798745244202,A41,True,-76.1707008785242,43.02185342966603
PARK STREET,508421554,537.8841967822865,A31,True,-76.16750494518841,43.072296632808374
ARBOR LANE,477438947,537.9393357637848,A41,False,-76.07858432784973,43.03900193214167
TRINITY PLACE,477438294,538.1863146863675,A41,True,-76.12066835943035,43.040158894405266
WELLESLEY ROAD,477443005,538.3423556605205,A41,True,-76.16926573783797,43.021912152277935
RENWICK AVENUE,477439960,538.7053588812388,A41,True,-76.14233807152758,43.035048159816256
FOREST HILL DRIVE,477431441,539.2444261289792,A45,True,-76.11073195733896,43.06233125970813
SABINE STREET,477438975,539.3766028135963,A41,True,-76.16779214960535,43.03858338556367
FOREST HILL DRIVE,477431444,540.069583611061,A45,True,-76.11085926215512,43.062327096586024
VANN STREET,477432762,540.7907891196787,A41,True,-76.11597089841263,43.056882220326905
WEST GENESEE STREET,477434039,541.4884944764193,A21,True,-76.17797429784193,43.05294810647949
SPAULDING AVENUE,477447183,542.0008675385222,A41,True,-76.14495990820434,42.98704294689724
EAST BORDEN AVENUE,477441680,543.0385206276469,A41,True,-76.1454379107003,43.02807793949824
MARIS DRIVE,477446007,543.8872318374878,A41,True,-76.15674216694049,43.00061999717908
HARFORD ROAD,477427397,543.8880226694321,A41,True,-76.1437003110036,43.08194859620532
NORTH GLENCOVE ROAD,600035919,544.1258490848605,A41,True,-76.09793144574098,43.06487414270497
EAST COLVIN STREET,477442909,544.2205276792165,A31,True,-76.12259154425816,43.021829969023486
ELK STREET,477442362,544.7582661366727,A41,True,-76.14395606660764,43.02495781240008
FOURTH NORTH STREET,477427803,544.8744686387117,A41,True,-76.16198806030576,43.07938044494038
SEWARD STREET,477431918,544.9357225824282,A41,True,-76.14318974938024,43.06014891931686
ERIE BOULEVARD EAST,477435004,545.2492970244027,A21,True,-76.1374813352066,43.05073120452441
WEST KENNEDY STREET,477441688,545.5746360101074,A41,True,-76.1590207691062,43.02817086836178
ONEIDA STREET,477439440,546.7546919966808,A41,True,-76.15284581356808,43.03716460376741
FERRIS AVENUE,477437300,547.0277939198361,A41,True,-76.10726126012658,43.04391459407834
SOUTH CROUSE AVENUE,477436642,547.3146539125701,A40,True,-76.13656829165569,43.04612258881762
LANCASTER AVENUE,477440634,547.8575522749427,A41,True,-76.12282076757351,43.03288959707913
XAVIER CIRCLE,800032797,548.0941096832814,A41,True,-76.12996451625162,43.020527519084446
GORDON AVENUE,477441441,548.1686928034509,A41,True,-76.17285227821034,43.02913959424507
BUTLER STREET,477443442,548.7425787908736,A41,True,-76.12918206138906,43.01832750048059
CAYUGA STREET,477434869,548.9165777799054,A41,True,-76.1877487591059,43.05129638076627
DRISCOLL AVENUE,507665426,549.0610648404551,A41,False,-76.19864463378059,43.05244925134045
SATURN DRIVE,477446336,549.1977145143708,A41,True,-76.13185313451713,42.99604715685732
MCCLURE AVENUE,477442961,549.21421206016,A41,True,-76.14229694037235,43.021460353293406
WILLIS AVENUE,477431879,549.2487123108973,A41,True,-76.19777929518486,43.06030664370239
MOSLEY DRIVE,477431336,549.9303676240011,A41,True,-76.10072668323858,43.06283433863344
BUTTERNUT STREET,477432028,550.0651287412123,A41,True,-76.14784540287296,43.05950708521785
MCALLISTER AVENUE,477442831,550.1698106392643,A41,True,-76.14271805058367,43.0223534629666
MCKINLEY AVENUE,477442516,550.1962653644382,A41,True,-76.14352254266761,43.024056404024684
SCHOECK AVENUE,477429519,550.2368157338693,A41,True,-76.13209429016517,43.07040549825636
FIRST NORTH STREET,477453927,550.3733327528488,A45,True,-76.14629510795493,43.06819569687395
WESTMINSTER AVENUE,477440744,550.4416047369823,A41,True,-76.11955764815087,43.03251825583306
WESTCOTT STREET,477437036,551.2848333419087,A41,True,-76.1196187645695,43.04478561383475
ROXBURY ROAD,477430287,551.6445054328203,A41,True,-76.09532994787598,43.066595153498135
ALMOND STREET,506021523,552.4435164792927,A45,True,-76.14225399702009,43.043472593526495
AMHERST AVENUE,477442648,552.4527958441441,A41,True,-76.1431343463183,43.02323367097796
BEARD PLACE,477442182,552.4779896464235,A40,True,-76.14471984519338,43.0265297233092
BOYDEN STREET,477431486,552.4837219080229,A41,True,-76.1189438430441,43.061328339638216
MERRIMAN AVENUE,477438197,552.9702321226338,A41,True,-76.16278848367088,43.04045936307177
HATCH STREET,477443021,553.5758842117168,A41,True,-76.15316549590788,43.02176185712405
HUDSON STREET,477441156,553.6916088693531,A41,True,-76.15995974882327,43.03104843375881
PUTNAM STREET,477440031,553.733234887827,A41,True,-76.16799012866572,43.03474587526285
WEST PLEASANT AVENUE,477443728,553.9627659882431,A41,True,-76.14923032038128,43.016399600463934
BRYANT AVENUE,477436319,554.015251823789,A40,True,-76.17974782456373,43.047000617057215
WEST FAYETTE STREET,477436298,554.0906090953641,A41,True,-76.17636311091229,43.04710124918637
THURBER STREET,477443513,554.4441620026909,A41,True,-76.13681293208118,43.01786957681493
MOSLEY DRIVE,477431942,554.7430100595648,A41,True,-76.10051781700918,43.06014910383207
MONTGOMERY STREET,477437377,554.997031805434,A40,True,-76.14885193920382,43.04352106553412
HUTCHINSON AVENUE,477443753,555.01359655666,A41,True,-76.16441481824342,43.01606960882586
TENNYSON AVENUE,477436978,555.2251242514061,A40,True,-76.18641904508738,43.04533353691704
SOUTH CROUSE AVENUE,477437437,555.759861178047,A40,True,-76.13660732694002,43.04344713765889
VELASKO ROAD,477442159,555.8449787642371,A31,True,-76.18535535221196,43.02663291059135
LOMBARD AVENUE,477435596,555.9211023018173,A41,True,-76.12446332258881,43.04895340890635
ARCH STREET,477431875,556.1239953984841,A41,True,-76.09938839484566,43.06041085139058
WAVERLY AVENUE,477438156,556.2747977835594,A31,True,-76.13121482359395,43.04049712176083
TENNYSON AVENUE,477436499,556.2893013966077,A40,True,-76.18409654655936,43.0462194378239
STOLP AVENUE,477441188,556.3876870181956,A41,True,-76.17292748635161,43.030152727465186
NORTH SALINA STREET,477430410,556.5325103304189,A21,True,-76.15843378286398,43.06668920601934
NICHOLS AVENUE,477431369,556.9017815729659,A41,True,-76.10339026336167,43.062708588619536
OSTROM AVENUE,477437470,557.156449642107,A41,True,-76.1288242934212,43.04338109061806
COMSTOCK AVENUE,477437467,557.3573886387185,A40,True,-76.13045130279968,43.04338664117511
HARRISON PLACE,477437368,557.5523288746604,A41,True,-76.1501428370428,43.04353562057082
UNIVERSITY AVENUE,477437456,557.580997488509,A41,True,-76.13440225755268,43.04341561900983
LEXINGTON AVENUE,477436170,557.7842724339907,A41,True,-76.12244770051726,43.04710423329286
PLYMOUTH DRIVE,477431805,557.9361216879046,A41,True,-76.0982707831799,43.06066812229342
MELROSE AVENUE,477430791,558.0658670318086,A41,True,-76.12159124831965,43.06430964710823
WALNUT PLACE,477437463,558.2632924965538,A40,True,-76.13280378365288,43.04339962185804
XAVIER CIRCLE,800032796,558.4412157718442,A41,True,-76.13042744170228,43.020134485294456
ERICKSON STREET,477431682,558.5948816578591,A41,True,-76.09582938055647,43.06123127756958
JAMES STREET,477432851,558.6248364453753,A31,True,-76.13951984620462,43.05676413712193
THURBER STREET,477443400,558.95565498691,A41,True,-76.13191260185984,43.018832055378354
WALNUT AVENUE,477437465,559.0840003028134,A40,True,-76.13218275591322,43.043393611386364
MCCHESNEY PARK DRIVE,477428975,559.1508656530457,A41,True,-76.14559264624684,43.07395981421252
WOODBINE AVENUE,477432540,559.4257299678707,A41,True,-76.10911302651003,43.058210137535205
LUDDINGTON STREET,477431751,559.5185779172243,A41,True,-76.09704109724646,43.06094761459213
SUNSTRUCK DRIVE,477431856,559.6538749626249,A41,True,-76.12114251409592,43.060479292986074
EAST FAYETTE STREET,477435740,559.9151103534972,A41,True,-76.12662581008362,43.04836463545431
OAK STREET,477430203,559.9806587244132,A41,True,-76.13637638361722,43.06770913004389
WEST BEARD AVENUE,477442136,560.0512420998251,A41,True,-76.14904130850088,43.02625559428853
SOUTH WARREN STREET,477437365,560.0979557892764,A40,True,-76.15086247716984,43.04354507962818
SOUTH WILBUR AVENUE,477438215,560.5854594564335,A41,True,-76.17427951476076,43.04108769922057
IRVING AVENUE,477437433,561.2164858052369,A31,True,-76.13783380666088,43.043456605589455
EAST FAYETTE STREET,477435734,561.3070187058279,A41,True,-76.12872330030538,43.04839214151485
HIXSON AVENUE,477431846,561.4863644029778,A41,True,-76.11990444563476,43.060522973497186
NORTH CLINTON STREET,477431133,561.6246773542953,A31,True,-76.16098123837028,43.063555632760355
PRIMROSE AVENUE,477443929,561.8098315855269,A41,True,-76.14910558392604,43.01474808702811
HUGHES PLACE,477442504,562.291273219703,A41,True,-76.13338446428402,43.0249207946337
EAST FAYETTE STREET,477435750,562.3526533200052,A41,True,-76.12452632371267,43.04833864129423
EAST GENESEE STREET,477436239,562.429365524507,A31,True,-76.12875433003556,43.046987612341326
CUMBERLAND AVENUE,477437187,562.5748738277485,A41,True,-76.11330804369334,43.044310240721
ERIE BOULEVARD EAST,477433333,562.7574141123202,A25,True,-76.09190112415959,43.05491356610674
SOLAR STREET,800030813,562.8486514357129,A41,True,-76.16699169439667,43.06473614532886
EAST WATER STREET,477435212,563.1689448269448,A41,True,-76.12868173748565,43.050183129273485
SALT SPRINGS ROAD,477436410,563.2222514125551,A31,True,-76.10243481979091,43.046430608336955
GIFFORD STREET,509997023,563.3600634380452,A40,True,-76.15507224112827,43.04359764413352
EAST GENESEE STREET,477436224,563.4167916564901,A31,True,-76.12664851014861,43.04702493836002
ERIE BOULEVARD EAST,477433595,563.4400206524339,A25,True,-76.09820978761286,43.054209637861256
SOUTH STATE STREET,477437382,563.7010304625487,A21,True,-76.14753427900821,43.0435211070938
JEAN AVENUE,477444095,563.706266542821,A41,True,-76.12732381666791,43.013709805854006
GLENWOOD AVENUE,477442344,563.8872201081859,A41,True,-76.18142750115545,43.025126272881
UNIVERSITY AVENUE,477436656,564.470544993976,A41,True,-76.13434833797454,43.04611609223449
DEMONG DRIVE,477436638,564.9462425086468,A41,True,-76.09081555989006,43.04513167692356
HILLSDALE AVENUE,477432472,565.2979287027335,A41,True,-76.1079072533692,43.058468741948836
EAST FAYETTE STREET,477435757,565.5354884011033,A41,True,-76.12241633160237,43.048312126228524
LOMA AVENUE,477427558,565.7889164612104,A41,True,-76.14675381913997,43.08088414370689
MALVERNE DRIVE,477427465,565.8989984243614,A41,True,-76.14601978280757,43.081452634494454
CHARLOTTE STREET,477433998,565.9107045306498,A41,True,-76.19379430341526,43.053576095896545
LODI STREET,477431809,566.6754740024509,A31,True,-76.14780373890336,43.060341104369634
ABERDEEN TERRACE,477431642,566.9951071383421,A41,True,-76.0946286638711,43.06150845828564
ATLANTIC AVENUE,477444524,567.2800265922691,A41,True,-76.15162113993247,43.01060639801447
DEARBORN PLACE,477441345,567.6166738198693,A41,True,-76.15718464106214,43.030094058789366
WAYNE STREET,477433568,567.8871006748246,A41,True,-76.14159086024365,43.05460416014601
SOUTH COLLINGWOOD AVENUE,477432374,567.9474757879747,A41,True,-76.10666978556456,43.058748629851195
SOUTH EDWARDS AVENUE,477432275,568.020403316251,A41,True,-76.10546764020752,43.05902173364016
RONEY ROAD,477445705,568.2728784957143,A41,True,-76.14178146751013,43.002550246888624
TEMPLE STREET,477438379,568.8137828470931,A41,True,-76.15414216977678,43.03994243523556
ELIZABETH BLACKWELL STREET,477437435,568.8392847231818,A40,True,-76.13922571430498,43.04346493083969
WEST BEAR STREET,800039718,569.2369861200854,A31,True,-76.1669273752592,43.06367398454335
DEWITT ROAD,477439284,569.2888966653994,A41,True,-76.07865453469819,43.037377655427356
CLARENDON STREET,477438872,569.9347151557023,A41,True,-76.12225868943233,43.038411037008856
SOUTH MIDLER AVENUE,477432192,570.0395746803298,A31,True,-76.10425426506241,43.059296094665186
AUDUBON PARKWAY,477435449,570.1482374477289,A45,True,-76.09504971212056,43.05020490511698
MALVERNE DRIVE,477427651,570.2571416500656,A41,True,-76.14448128617687,43.080376151275416
ACADEMY PLACE,477446297,570.4495199133462,A41,True,-76.15163304475145,42.997105005697115
LAKEVIEW AVENUE,477435153,570.4955624298245,A41,True,-76.1784928285717,43.05078262333559
FOXBORO ROAD,477435397,570.5123695273288,A41,True,-76.09373277765008,43.05028360935054
ERIE BOULEVARD EAST,477435106,571.4482782864175,A21,True,-76.12867874578463,43.050539141599295
SEDGWICK DRIVE,504326414,572.6712039367238,A45,True,-76.1324851686329,43.066263893183425
BAKER AVENUE,477441614,572.8063487916105,A41,True,-76.14359351527847,43.02903933701005
LOMBARD AVENUE,477435691,573.2389241381644,A41,True,-76.12240055856607,43.048657475884305
SOUTH SALINA STREET,477439482,573.3516024212337,A31,True,-76.14968383225455,43.037122375803555
GOODRICH AVENUE,477443828,573.6112901340395,A41,True,-76.12670427389892,43.01631711394722
SARAH LOGUEN STREET,506021526,574.8552968547377,A41,True,-76.14053000804265,43.043482299155265
EAST SENECA TURNPIKE,477445938,575.0017682164486,A31,True,-76.13793316844887,43.000808976551305
JUNEWAY ROAD,477442063,575.0768119382583,A41,True,-76.19538091571744,43.02657145334351
WHITTIER AVENUE,477436486,575.1106608410755,A40,True,-76.17914346540614,43.04633982308853
GREEN STREET,477433527,576.1490659226406,A41,True,-76.13912076017893,43.05472809997065
SOUTH STATE STREET,800052940,576.2256175164586,A41,True,-76.14481897657504,43.02899256304336
EAST AVENUE,477436917,576.2739601738265,A41,True,-76.1056957642389,43.04510741058438
WEST BELDEN AVENUE,800049089,576.2763033668949,A41,True,-76.16111784171073,43.054718282117214
BRADFORD STREET,477445331,576.6240938540785,A41,True,-76.15566309176141,43.0056188357916
LYNCH STREET,477434954,577.3956596097069,A41,True,-76.12067218274663,43.051019032569755
SOUTH AVENUE,477443922,577.541817748581,A31,True,-76.16395727087696,43.01543959551256
BOSTON STREET,477431049,577.5644559602566,A41,True,-76.0903640902453,43.06404879871594
LEWIS STREET,477433402,577.5896373493723,A41,True,-76.19269925136267,43.05496009147809
MAXWELL AVENUE,477445203,577.6470494928487,A41,True,-76.15604937613841,43.00636147440341
WEST BEAR STREET,477431337,577.6892864279288,A31,True,-76.168419066171,43.062542343921955
KIRKPATRICK STREET,477428598,578.1064374849141,A41,True,-76.14845251034433,43.075858190721085
HELEN STREET,477430206,578.1294504274549,A41,True,-76.1352734306468,43.06772987580893
BOYDEN STREET,477431926,578.4955348756686,A41,True,-76.12673125112687,43.05992822138878
WEST CALTHROP AVENUE,477443826,578.9190959426785,A41,True,-76.14921125257706,43.01557457972441
THOMPSON ROAD,477432760,579.1294449356384,A35,True,-76.08345845410598,43.05719286720941
OAKDALE DRIVE,477445100,579.5273291772004,A41,True,-76.15643360087167,43.00709826067461
JANET DRIVE,477440342,579.6195259343701,A41,True,-76.10782886962085,43.03409039726108
MICHAELS AVENUE,800038682,579.8005873648401,A40,True,-76.14975761548236,43.07570260567216
ARNOLD AVENUE,477443822,580.0951174191379,A41,True,-76.12551178059093,43.01638512894391
REED AVENUE,477442258,580.1007455075124,A41,True,-76.18072171240641,43.02611613340547
WALNUT AVENUE,477436662,580.2064533133342,A41,True,-76.13212535176719,43.04613256435092
EAST ONONDAGA STREET,477436860,580.3080553518714,A30,True,-76.15160054828924,43.044942558493155
VALE STREET,477443896,580.3497950518002,A41,True,-76.15642384572162,43.015758608165356
SLOCUM DRIVE,477443537,580.4016972054966,A41,True,-76.11533865801721,43.01773109366232
KIRK AVENUE,477441436,580.4358566967276,A41,True,-76.1482487872346,43.02937614479186
SEDGWICK DRIVE,504326418,580.4381580586537,A45,True,-76.13259151760118,43.06618917147939
DICKERSON STREET,477436931,580.9168451711672,A41,True,-76.15558246597834,43.04432389246283
CANNON STREET,477444011,581.1042229960128,A41,True,-76.14509425019438,43.01494061379021
GENANT DRIVE,477431835,581.1106635260122,A40,True,-76.15598880592319,43.06039194604606
ROE AVENUE,477443756,581.385735707751,A41,True,-76.12439468077663,43.01642541008006
WEST BORDEN AVENUE,477441838,581.4733122826486,A41,True,-76.14742329884284,43.027628104986526
COMSTOCK AVENUE,477441095,581.6162668789929,A41,True,-76.12934388470944,43.031328906628836
WESTCOTT STREET,477436579,582.1814746299721,A41,True,-76.11976299067275,43.04633733487011
GIMINSKI DRIVE,477432590,582.2722944074407,A41,True,-76.17198576088227,43.05805004201367
WESTMORELAND AVENUE,800049082,582.317563214765,A41,True,-76.11435714741442,43.042533006042795
DEWITT STREET,477430195,582.6092263270943,A41,True,-76.13416432662547,43.067770104215874
MCLENNAN AVENUE,477441633,582.8998430784472,A41,True,-76.14783131955492,43.02848609954273
FOUNTAIN STREET,477433613,582.9225730931154,A41,True,-76.13501936016677,43.05452308998256
GUILFORD ROAD,477439267,583.069124184641,A41,True,-76.09571165514159,43.03766592265301
WEST KENNEDY STREET,477441185,583.1643086305254,A31,True,-76.148743303564,43.03040512646212
ERIE BOULEVARD WEST,800030710,583.4924495306715,A31,True,-76.15667723258642,43.05086618006749
CHEMUNG STREET,477432968,583.4958760260639,A41,False,-76.19876866183635,43.056381109175994
WESTMORELAND AVENUE,477435796,583.7445044595922,A41,True,-76.11489078005643,43.049608285502224
COOLIDGE AVENUE,477440797,583.993779829195,A41,True,-76.16351831806509,43.03247462012036
HICKORY STREET,477432766,584.0979822469801,A41,True,-76.14348533297205,43.05706608848802
WESTMORELAND AVENUE,477442480,584.4564189141443,A41,True,-76.11337128114778,43.02495763356372
AINSLEY DRIVE,477444425,584.7506782102319,A41,True,-76.12552028554666,43.011307871959104
LODI STREET,477430982,585.0517648599857,A31,True,-76.15466752179195,43.06403610940981
WEST BEARD AVENUE,477442023,585.1883102544028,A41,True,-76.14701726078971,43.02676982277692
PALMER AVENUE,477440792,585.4289294484033,A41,True,-76.16236426725362,43.03252560972201
STRAND PLACE,477430554,585.5094687868066,A40,True,-76.14966769745395,43.06561594827528
WEST FAYETTE STREET,477436046,586.0281695156356,A41,True,-76.17825639890779,43.04782164760301
CAMP AVENUE,477444878,586.1033135963153,A41,True,-76.15687401511695,43.00798616746349
JAMESVILLE AVENUE,477442934,586.6720563051163,A41,True,-76.1344395656836,43.02308738764951
ALANSON ROAD,477442228,586.8881940428175,A41,True,-76.17283282907842,43.02627914092965
PARRISH LANE,800047571,587.0197712876251,A41,True,-76.1389695681581,42.98623234472329
SOUTH TOWNSEND STREET,509998025,587.1819521313486,A45,True,-76.14550356745269,43.043521328060805
SOUTH TOWNSEND STREET,509998026,587.2029307663578,A45,True,-76.14538141424853,43.04352118825129
AUDUBON PARKWAY,477435451,587.3802871717268,A45,True,-76.09518731019153,43.050174110777235
PHARIS STREET,477433541,587.7192883869355,A41,True,-76.19025548423541,43.0549600717777
SOUTH CROUSE AVENUE,477436275,587.8635663310699,A41,True,-76.13653586563849,43.04768004144132
NICHOLS AVENUE,477431711,588.458366891225,A41,True,-76.10326424751129,43.061139623013844
VILLAGE DRIVE,477429463,588.6186394752408,A40,True,-76.11832729824383,43.07135182259396
SOUTH AVENUE,477440738,589.0818444987075,A41,True,-76.1588067594911,43.032670604091074
HARRISON STREET,477436985,589.1368647756505,A41,True,-76.13548830970637,43.044195162628206
MONTGOMERY STREET,477436211,589.3538462902354,A40,True,-76.1493219681589,43.04784778416567
EDNA ROAD,800047572,589.6256112606817,A41,True,-76.14115307962916,42.985123870818136
EAST ADAMS STREET,477437457,589.7224226112326,A40,True,-76.13552127423907,43.04266760457256
MELBOURNE AVENUE,477435475,590.1509503820888,A41,True,-76.09643773592464,43.05010414498604
BAKER AVENUE,477441258,590.4470060550203,A41,True,-76.14430977250257,43.030546123699395
HUDSON STREET,477440759,590.580191980039,A41,True,-76.16002331999786,43.03261762100778
SMALL ROAD,477443361,590.6108184016657,A41,True,-76.12317219385966,43.0197014723013
SOUTH SALINA STREET,800048271,590.653739467576,A21,True,-76.14424803044128,42.9897177527257
MERRITT AVENUE,477446112,590.6776902409913,A41,True,-76.15848279540444,42.99891262112975
OSTROM AVENUE,477439476,590.6788686214544,A41,True,-76.12825480949024,43.037167107957586
AVONDALE PLACE,477438600,590.6856646711065,A41,True,-76.12024578969307,43.03933160009589
RICH STREET,477440777,590.9405589559217,A41,True,-76.16120833529982,43.0325680970656
EAST WASHINGTON STREET,477435457,590.9533519534182,A41,True,-76.13316076999357,43.04935272181016
CANAL STREET,477434809,591.0141041035898,A41,True,-76.13312075386212,43.05110161173399
ALMOND STREET,477436548,591.2877910200568,A47,True,-76.14253296547268,43.0464743345204
HASBROUCK STREET,477431602,591.4184893317471,A41,True,-76.09346145699628,43.06170482671103
EAST FAYETTE STREET,477435696,591.7506407809149,A41,True,-76.13882729914492,43.04850814879447
ERIE BOULEVARD EAST,477435025,592.0139810949743,A21,True,-76.13313074859832,43.05066410013885
LODI STREET,477434157,592.1362596124292,A31,True,-76.13394925301819,43.05287060932429
SALT SPRINGS ROAD,477437047,592.2168270436732,A31,True,-76.0836259036378,43.04446848822642
EAST WASHINGTON STREET,477435512,592.5347150628002,A41,True,-76.12654745556372,43.04921919038675
EAST FAYETTE STREET,477435711,592.5812749128845,A41,True,-76.13317779653185,43.04845113262926
MADISON STREET,477436663,592.7229117685513,A41,True,-76.13325539412028,43.04533907845303
ENFIELD PLACE,477438475,592.7320627002573,A41,True,-76.09279849360338,43.03994537640598
EAST WATER STREET,477435190,592.8106863340647,A41,True,-76.13314126743924,43.0502450884118
MADISON STREET,477436657,592.8559794341984,A41,True,-76.13547333118785,43.04535662804206
SOUTH WARREN STREET,477436209,592.9010263256031,A40,True,-76.15082109564311,43.04786170840032
EAST WATER STREET,477435174,593.3141998030964,A41,True,-76.13536026835472,43.050273115491926
DEFOREST ROAD,477437391,593.7352242894688,A41,True,-76.09021082919979,43.04355061750475
LAMBRETH LANE,477443193,593.7772198502179,A41,True,-76.11879923251722,43.0207078844255
RICHARDSON AVENUE,477443637,593.78291468408,A41,True,-76.15275129376555,43.01774860700169
CAYUGA STREET,477435625,593.8007498828052,A41,True,-76.19362982464928,43.04906010339052
CANAL STREET,477434788,593.9924589101167,A41,True,-76.13533728121138,43.051143621276786
HERBST AVENUE,477432049,594.0358816627622,A41,True,-76.1233769694748,43.05909977700905
HILLSBORO PARKWAY,477438178,594.1895199987804,A45,True,-76.09082248913418,43.0404745301652
ERIE BOULEVARD EAST,477435015,594.2090907776616,A21,True,-76.13534980469716,43.05069761985134
CEDAR STREET,477436444,594.2837089169823,A41,True,-76.13886567071818,43.046158382119955
ASHWORTH PLACE,477435961,594.5095224149838,A41,True,-76.13319250805624,43.04770772174629
EAST WATER STREET,477435146,594.6272075696033,A41,True,-76.1410107986323,43.05034662784592
SCHULER STREET,477431796,594.6932973991815,A41,True,-76.12344219491682,43.05999875174204
WAVERLY AVENUE,477438141,594.9783722290734,A31,True,-76.13558830938287,43.04052458276708
CEDAR STREET,800032777,595.465434721768,A41,True,-76.14109132725201,43.04618313399541
EAST GENESEE STREET,477436268,595.5993082900486,A31,True,-76.13321829588618,43.04690958882233
HAMILTON STREET,477435954,595.6158672219659,A41,True,-76.19293912609278,43.048078666643825
SUMNER AVENUE,477439415,595.7434602337557,A41,True,-76.12573734952758,43.03729091077446
EAST GENESEE STREET,477436281,595.8154752910309,A31,True,-76.13544684069745,43.046874872448676
MARSHALL STREET,477437829,595.9735388979268,A40,True,-76.13555787197971,43.04162561280692
EAST FAYETTE STREET,477435693,596.0416280699119,A41,True,-76.14104932684381,43.04853711614011
SCHUYLER STREET,477436304,596.0516582937537,A41,True,-76.19225630839321,43.04710109308864
EAST WASHINGTON STREET,477435421,596.0549829846326,A41,True,-76.1410233255472,43.04945263259664
WELLINGTON PLACE,477435997,596.1848683428473,A41,True,-76.13885317824479,43.04762173318938
LIVINGSTON AVENUE,477439442,596.5597433496076,A41,True,-76.1269959534278,43.037230269487964
COMSTOCK AVENUE,477443331,597.017461051779,A41,True,-76.12836782698612,43.02068533630669
EAST WASHINGTON STREET,477435453,597.2115730390539,A41,True,-76.13537282702494,43.04938912469116
MILTON AVENUE SPUR,800056628,597.7916048922572,A41,True,-76.19238920730517,43.05651920048517
EAST FAYETTE STREET,477435702,597.9427726344383,A41,True,-76.13540316544201,43.048493322534725
BARRETT STREET,477438976,597.9479885923176,A41,True,-76.16933987745526,43.03856603773773
HAMILTON STREET,477435703,597.9978002150519,A41,True,-76.19096261311009,43.048840721451434
BANK ALLEY,477436204,598.0058352471335,A40,True,-76.15148472190073,43.047866146724616
VALLEY VIEW DRIVE,477444653,598.063976146615,A41,True,-76.1591472918738,43.0097756025699
WALRATH ROAD,509998057,598.2000176601841,A45,True,-76.14104151060319,43.010795985563995
MIDLAND AVENUE,477445319,598.2702340537423,A31,True,-76.14731559488634,43.00624359698397
TOMPKINS STREET,477436513,598.3831523358334,A41,True,-76.18656880389355,43.04617962403644
ULSTER STREET,477436218,598.3883181000577,A41,True,-76.18742067657769,43.04740077625778
MILTON AVENUE,477433674,598.5890930768257,A41,True,-76.19122477405934,43.054592637121395
KIRK PARK DRIVE,477443302,598.6871522876073,A41,True,-76.15442850868145,43.02017435093645
PRIMROSE AVENUE,477443920,598.6956613069266,A41,True,-76.14693841012718,43.01482896861408
SCHUYLER STREET,477436037,598.8502461308484,A41,True,-76.19027346234948,43.04785826184607
ESSEX STREET,477433206,598.9920087144466,A41,True,-76.19576011641847,43.05564750800946
HERKIMER STREET,477741268,599.1930003120059,A41,True,-76.19170668315633,43.053484216502476
ERIE STREET,477434666,599.2662225048741,A41,True,-76.19301731305302,43.051761155334894
ERIE STREET,477434276,599.395240100888,A41,True,-76.19102987720503,43.05252334119332
SOUTH SALINA STREET,477437367,599.578997930312,A31,True,-76.15188746290808,43.043557378244515
OLIVE STREET,477432785,599.617363979311,A41,True,-76.19394677410874,43.05727828523551
JAMES STREET,477431515,600.1517510609458,A31,True,-76.12959932072566,43.061629095827065
CAYUGA STREET,477435425,600.2935570904632,A41,True,-76.19164133295621,43.049807117144205
SCHUYLER STREET,477435785,600.4197294316125,A41,True,-76.18828209683701,43.048616522373884
SOUTH SALINA STREET,477436196,600.4858294233043,A31,True,-76.1522257961162,43.04786862159217
WEST GENESEE STREET,477435340,600.5727028067806,A21,True,-76.19431831180195,43.05002089949823
BELLEVUE AVENUE,477441528,600.6005731147615,A41,True,-76.19447579811577,43.02884564572213
EVANS STREET,477433182,600.8372756852349,A41,True,-76.16098215814542,43.055475609061375
HAMILTON STREET,477435503,600.9142265970455,A41,True,-76.18896635799643,43.049591090451095
EAST COLVIN STREET,477442202,601.1762788435922,A31,True,-76.1345103270026,43.02597313026529
BUCKINGHAM AVENUE,477440506,601.4867238129425,A41,True,-76.12200131236332,43.03335492514873
WILLIS AVENUE,477432955,601.5189145334389,A31,True,-76.19528248578371,43.056769938534856
WEST GENESEE STREET,477435118,601.6992248124577,A21,True,-76.19232383793486,43.05078361002121
OAK STREET,477432445,601.7246527115665,A41,True,-76.1339397510263,43.058506128664064
TEALL AVENUE,477434953,602.0131519926882,A31,True,-76.12175428772908,43.051619586637955
VILLAGE DRIVE,477429464,602.3346438035243,A40,True,-76.11660297787432,43.07137520173702
CRIPPEN AVENUE,477445567,603.0687600373184,A41,True,-76.14477035107132,43.00407129647538
EAST FLORENCE AVENUE,477445090,603.1654054904463,A41,True,-76.14192042600563,43.00694915153461
FOBES AVENUE,477429245,603.2983446258239,A41,True,-76.11151656148824,43.07257026998398
HAROLD STREET,477428653,604.3878980291134,A41,True,-76.1403662010424,43.074903574896254
SLOCUM DRIVE,477443231,604.4876740084451,A41,True,-76.11529580781203,43.02032224940185
WALRATH ROAD,477444474,604.5050048452052,A45,True,-76.14105746303333,43.010909544235744
ALLEN STREET,477436584,604.8384497878505,A41,True,-76.11696227143338,43.04635411409017
WESTMORELAND AVENUE,477443079,604.9092090529844,A41,True,-76.11306154787016,43.021515234967936
STATE FAIR BOULEVARD,510970451,605.5186160044686,A41,True,-76.18171885813948,43.05929764222878
BAKER AVENUE,477441989,605.740748220537,A41,True,-76.14302433326517,43.027478116961646
WEST ONONDAGA STREET,477440151,606.1147849594089,A31,True,-76.17363978013276,43.03399209991402
MARTIN STREET,477427382,606.6921926686015,A41,True,-76.1523517679757,43.081707851365074
LAMSON STREET,477429756,607.1403439877085,A41,True,-76.10002840536723,43.06998607538762
MEADOWBROOK DRIVE,477439891,607.5001360919308,A35,True,-76.11066572288509,43.03565498149705
WILLIS AVENUE,477741260,607.6532486951716,A35,True,-76.19328037125292,43.05380173687629
TENNYSON AVENUE,800049033,608.1336742552418,A40,True,-76.18215729366713,43.04694743348112
RICHMOND AVENUE,477435254,608.2084379630597,A41,True,-76.1695686300652,43.050086660824654
WILLIS AVENUE,477433900,608.344176198242,A35,True,-76.19314136214196,43.05385514025283
HARBOR STREET,477433213,608.4032049618373,A41,True,-76.18786349316994,43.05540954200687
CITY CROSSROADS DRIVE,477433915,609.1479254444326,A41,True,-76.11658093685905,43.05337991262394
LIBERTY STREET,477434308,609.2116792923186,A41,True,-76.17379228666103,43.052912108768155
EMERSON AVENUE,477433338,609.8260819028603,A41,True,-76.18929944387509,43.055310144612505
AVERY AVENUE,477433207,610.032983781927,A41,True,-76.19727279464823,43.056003117128164
ENGLERT AVENUE,477427904,610.1445771231557,A41,True,-76.14689261275487,43.079117889581106
GREENWOOD PLACE,477438059,610.5660761122373,A41,True,-76.12282254045846,43.041453808240625
WEST FAYETTE STREET,477436501,610.6088110333324,A41,True,-76.16838518000563,43.046443615474956
WEST BELDEN AVENUE,477433433,610.7820867254936,A41,True,-76.17479730869518,43.05472126485223
BELLEVUE AVENUE,477440427,610.9468315007674,A41,True,-76.16824178070043,43.033098623155276
HARRISON STREET,477436937,611.2192013287788,A40,True,-76.14638075104025,43.04429110616268
BEECHER STREET,477431690,611.5290285829682,A41,True,-76.14037749669183,43.06087908433458
HOLLAND STREET,477439570,611.5944054715618,A41,True,-76.16521978180276,43.03662811054019
BASSETT STREET,477437068,611.6983873293743,A41,True,-76.122296130153,43.04466618339951
ASHWORTH PLACE,477435966,611.8003271182961,A41,True,-76.1309357940725,43.04768813748952
ERIE BOULEVARD EAST,477433977,612.5916163708144,A25,True,-76.10752696826377,43.05312382433393
ERIE BOULEVARD WEST,477435848,612.8457985589272,A31,True,-76.17197269736539,43.048100932268575
SHARON DRIVE,477442241,613.0290620185453,A41,True,-76.19855405491455,43.02628767551231
EAST FAYETTE STREET,477435725,613.6420514854218,A41,True,-76.13092127300358,43.048422128289964
EAST WATER STREET,477435200,613.9268934466141,A41,True,-76.13088373957599,43.050215102874105
EAST COLVIN STREET,600035961,614.6618177603023,A31,True,-76.12539062680781,43.02246122197731
EAST WASHINGTON STREET,477435472,614.9377111272657,A41,True,-76.1309048361542,43.04932512126017
MINERVA STREET,477445668,615.1769130529831,A41,True,-76.1440248503703,43.002975047471104
HIAWATHA BOULEVARD WEST,508421474,615.5111196640839,A35,True,-76.16940903407607,43.06809130006578
RICH STREET,477441195,615.5798121018055,A41,True,-76.1611463219806,43.03091312822963
WHITTIER AVENUE,800049087,615.6599114413407,A40,True,-76.18127277661151,43.04552968200484
EAST GENESEE STREET,800053487,615.8560349344631,A31,True,-76.09458990109518,43.04289873584334
SEDGWICK ROAD,477429836,616.7590836301707,A41,True,-76.13178223402707,43.06871160105033
WESTCOTT STREET,477440729,617.1262239602829,A41,True,-76.11858080185904,43.032739777520014
BEECHER STREET,477431479,617.3441439715629,A41,True,-76.13846428906375,43.0618146180185
CRESTVIEW DRIVE,477446013,618.3101553662643,A41,True,-76.15795255045975,43.00036955052519
RICHMOND AVENUE,477435220,619.0022607867397,A41,True,-76.17185510033376,43.05018860349769
ACKERMAN AVENUE,477439388,619.2434692893233,A41,True,-76.12447240269427,43.037393405224705
ROOSEVELT AVENUE,477440714,619.4305934961282,A41,True,-76.11735426203272,43.03279213542565
PHARIS STREET,477433076,619.454741702747,A41,True,-76.19132423834823,43.05641922771706
EAST MATSON AVENUE,477444123,619.4775436789536,A41,True,-76.14058137889272,43.01342373231511
OAK STREET,477433924,619.7121345960709,A41,True,-76.13317116092783,43.05400338091329
PARK AVENUE,477434364,619.8461462954717,A41,True,-76.17178478808589,43.05200754647683
CRAWFORD AVENUE,477441419,619.9721819254955,A41,True,-76.1104942999713,43.03021023261226
DOROTHY STREET,477431447,620.9668046231809,A41,True,-76.12625981216752,43.06203211406529
WINDSOR PLACE,477441088,622.0956924144875,A41,True,-76.125163701355,43.03139332364906
SOUTH AVENUE,477443621,622.2063772950445,A31,True,-76.16190151605451,43.01777147617
PALMER AVENUE,477441202,622.5507240889503,A41,True,-76.16230328913636,43.03086860486719
SLOCUM DRIVE,477443506,623.1056535584615,A41,True,-76.11489644805073,43.01851263526722
COOLIDGE AVENUE,477441215,623.3538303010777,A41,True,-76.16345476971546,43.03081854406646
OVERLOOK DRIVE,800052915,624.1107674078888,A41,True,-76.18705706124602,43.0304794784833
WEST ONONDAGA STREET,477440181,624.1431609053609,A31,True,-76.17593827440245,43.033909116223334
KENWICK DRIVE,477428668,624.5076381369237,A41,True,-76.13526734073902,43.075663134237864
ERIE BOULEVARD EAST,477433881,624.5509098219875,A25,True,-76.10524083220872,43.053390620251214
MAURICE AVENUE,477444319,624.855618855578,A41,True,-76.15939624963892,43.01263543542852
REMINGTON AVENUE,477443856,624.9392721729959,A41,True,-76.13126970509822,43.01527527137057
SOMERSET ROAD,477441352,625.2597517853317,A41,False,-76.10935909099983,43.03023880221534
MONTICELLO DRIVE NORTH,477445939,626.2357878796796,A41,True,-76.13868474496084,43.001171426505465
ONONDAGA AVENUE,477441222,626.6261066592307,A41,True,-76.16455132808309,43.03075924730466
GIRARD AVENUE,477444837,626.8425189567968,A41,True,-76.15221280873736,43.00923013225982
JAMESVILLE AVENUE,477443813,626.8502575116149,A41,True,-76.12956486930405,43.01753174903033
HOLDEN STREET,477439338,627.4415637730419,A41,True,-76.18097427007105,43.03757411733998
DEPALMA AVENUE,477439385,628.585379107135,A41,True,-76.18214217632016,43.03741305038474
SCHNEIDER STREET,477431461,629.4057272135293,A40,True,-76.14339021559867,43.06190682163669
PARRISH LANE,477447259,629.5464423113664,A41,True,-76.14124025731931,42.986148100549585
EVALEEN AVENUE,477444820,629.7748686304215,A41,True,-76.15130832747012,43.00937611014493
HOUSTON AVENUE,477438297,630.2605817912473,A41,True,-76.11366521585141,43.04067728328074
WENTE TERRACE,477444514,630.6468016774088,A41,True,-76.1592664495527,43.01075679038795
CLOVER RIDGE DRIVE,477431568,630.7886395821045,A41,True,-76.09268008767928,43.06185234332729
WINKWORTH PARKWAY,477442337,631.6460331490182,A45,True,-76.1950591972199,43.02517969973268
WINTON STREET,477433660,632.2990006690295,A41,True,-76.12335163874928,43.05476484558536
EMPIRE AVENUE,477444855,632.486931898617,A41,True,-76.15312826384852,43.00907413102314
EAST BRIGHTON AVENUE,477444462,632.6881518122178,A31,True,-76.13422766852038,43.01178894284384
EVANS STREET,477432990,632.7610554756324,A41,True,-76.16476830550978,43.056039986030285
SOUTH ALVORD STREET,477431426,633.2642641912576,A41,True,-76.14593777585067,43.06209948683697
SALISBURY ROAD,477437723,635.1798123294019,A41,True,-76.19768778986779,43.04188214318304
SHONNARD STREET,477437933,636.0939787560465,A41,True,-76.16271677330211,43.041427112950124
MALTBIE STREET,477432901,636.4415652778252,A41,True,-76.162457463466,43.05650119221609
WOODRUFF AVENUE,477429722,636.7129471856201,A41,True,-76.13775134334503,43.070183140916384
KEEN PLACE,477443844,636.8350432116556,A41,True,-76.15840584016033,43.01545328869989
ALLEN STREET,800048119,637.3672472818859,A41,True,-76.11666932993057,43.042507035276394
SOUTH TOWNSEND STREET,509998023,637.7601584975071,A45,True,-76.14568664629515,43.04188182173208
CORNELL AVENUE,477444429,638.3749864581572,A41,True,-76.16921272881766,43.01182896092771
SOUTH TOWNSEND STREET,509998034,639.2214350570031,A45,True,-76.14580849978478,43.041876689982246
MEADOWBROOK DRIVE,504325290,639.2432312337684,A35,True,-76.09972769287594,43.04209533272865
SEYMOUR STREET,477437554,639.3510438968561,A40,True,-76.1591925003128,43.042493702953635
ERIE BOULEVARD EAST,477433192,639.5871394821282,A25,True,-76.08969229337414,43.05537813541547
TENNYSON AVENUE,800049038,640.4385383928151,A40,True,-76.18840888914825,43.04458397433944
WHITWELL DRIVE,477430790,640.5347923735197,A41,True,-76.13746051594843,43.06515533523669
HOLLAND STREET,477438684,640.7464499572862,A41,True,-76.16126829080788,43.039552143651456
MEADOWBROOK DRIVE,477438593,641.2480586884603,A35,True,-76.10725397930435,43.0398339406525
ERIE STREET,477433994,641.3102290708456,A41,True,-76.1889649006915,43.05330026183944
WEST FAYETTE STREET,477433729,641.7317744918882,A41,True,-76.18567753034984,43.05434062204808
OAK STREET,477429706,641.7408663648577,A41,True,-76.13654882125255,43.07023610882215
BELLEVUE TERRACE,477440465,641.7879890924254,A41,True,-76.16817827419813,43.03293337467025
WESTCOTT STREET,477439312,641.9145528817885,A41,True,-76.11901280833752,43.03769662048175
KIRK PARK DRIVE,477443558,642.0977351061381,A41,True,-76.15534018342277,43.01743384619095
MARGUERITE AVENUE,477443189,642.443965311946,A41,True,-76.15683618008737,43.02001516401364
STADIUM PLACE,477439617,644.0726845486665,A40,True,-76.13941978589932,43.036717628028555
WEST BRIGHTON AVENUE,477443340,644.2974949304347,A31,True,-76.15675776898124,43.019142124551486
HILLSBORO PARKWAY,477438229,644.3474400923659,A45,True,-76.09083243036227,43.0403809982391
IRVING AVENUE,477439602,644.3997639902011,A41,True,-76.13818871633272,43.036772610143075
WINKWORTH PARKWAY,477442334,644.8085116371268,A41,True,-76.19726928488826,43.02535176214802
WEST LAFAYETTE AVENUE,477443449,645.678852484874,A41,True,-76.15667638464923,43.01829219035965
GREEN STREET,477433841,646.4470084476219,A41,True,-76.14102058354335,43.0537936268982
HELEN STREET,477429694,646.7461300291309,A41,True,-76.13543976753972,43.070289126553924
TURTLE STREET,477428085,646.8062902783597,A41,True,-76.15286617905691,43.07833276027812
WEST BISSELL STREET,477442287,647.2838694320848,A41,True,-76.15985199797791,43.025778053311434
CHERRY STREET,477437132,647.8678967220503,A41,True,-76.12356588376005,43.04454425251702
HAZELHURST AVENUE,477429589,648.1069848834114,A41,True,-76.11275962442912,43.070789929868944
WEST ONONDAGA STREET,800041905,648.2314210112888,A31,True,-76.1861842711127,43.03353619960746
WAINWRIGHT AVENUE,477428938,648.4339277922334,A41,True,-76.13332483303293,43.074354624959035
MARIPOSA STREET,477431362,648.6233773839389,A41,True,-76.12125718090117,43.06201077697445
ONONDAGA LAKE PARKWAY,477428174,648.793097794098,A35,False,-76.17639605412587,43.07773121741779
SHUART AVENUE,477431364,649.1455524247083,A41,True,-76.12357486839947,43.06256354763807
HENRY STREET,477439634,649.2060871699712,A41,True,-76.14065577742481,43.03666461258068
DIANA AVENUE,477444096,649.5898744207823,A41,True,-76.12846126137956,43.01457359920591
NORTH CLINTON STREET,477431658,649.9811979687784,A41,True,-76.15824222664229,43.061424386501365
PLEASANTVIEW AVENUE,477428957,650.348740955494,A41,True,-76.13415777517143,43.07431512519189
WINKWORTH PARKWAY,477442367,651.669638234317,A45,True,-76.19499658013908,43.02505749770137
MARLBOROUGH ROAD,477429249,651.8675861301726,A41,True,-76.11221875935401,43.07261059739433
PLUM STREET,477433027,651.9785584462303,A41,True,-76.15861522998985,43.05617901938331
ERIE BOULEVARD EAST,477433119,652.014749885113,A25,True,-76.08501761440033,43.05559598560947
CRAWFORD AVENUE,477439394,652.1666731327593,A41,True,-76.10842637260029,43.037384736240995
MARLBOROUGH ROAD,477429578,652.4799013318319,A41,True,-76.11205976597839,43.070824632492325
ELDORADO STREET,477430987,653.1807274399149,A41,True,-76.12135782279137,43.06355066291188
MOONEY AVENUE,477431192,653.4056934364398,A41,True,-76.12130581645695,43.06278616373983
HURON STREET,477440765,653.6002292545497,A41,True,-76.15638272850765,43.03269118347352
HOEFLER STREET,477439315,653.7629501453494,A41,True,-76.17978145939857,43.03769833250067
IRVING AVENUE,477439079,653.7778662203688,A41,True,-76.13817671674177,43.03854767970349
WAINWRIGHT AVENUE,477428190,654.7794662660658,A41,True,-76.13362230526519,43.07798765680865
SPRINGFIELD ROAD,477435921,654.8594554589122,A41,True,-76.09318746706174,43.04849222096865
DEWITT STREET,477429674,655.7144300209261,A41,True,-76.13433435416376,43.07034084646499
GORLAND AVENUE,477436760,656.9163989360693,A41,True,-76.10131630933085,43.04569710021887
MARKLAND AVENUE,477441224,656.9217710779247,A41,True,-76.17954429598605,43.03081911466481
BURNS AVENUE,477431143,657.0639627993538,A41,True,-76.09159230206022,43.06388459012459
SOUTH SALINA STREET,800034271,657.5719107190033,A21,True,-76.14283285525258,42.99980105903341
PARK STREET,477454194,657.9465790250048,A30,True,-76.17423339818343,43.077240660392654
NORTH GLENCOVE ROAD,477430692,658.2735264912494,A41,True,-76.09571278449553,43.06493899952654
ALEXANDER AVENUE,600008946,658.2821061890995,A41,True,-76.15116672130407,43.03336301727659
WEST DIVISION STREET,477432179,658.4310007362035,A41,True,-76.15787820039799,43.05901879678158
WALL STREET,477435729,658.670484165219,A41,True,-76.17305426940682,43.04931936582361
LINCOLN AVENUE,477439999,659.384799714907,A41,True,-76.15703682295607,43.03539160714865
PLEASANTVIEW AVENUE,477428204,659.8556634828743,A41,True,-76.134464849105,43.07794661899591
PARK AVENUE,477434309,660.1010428728396,A41,True,-76.17506258765816,43.052137339062035
SPENCER STREET,477431882,660.6463986422815,A41,True,-76.1586845366725,43.060133326531144
WHITTIER AVENUE,477437336,662.0537636993761,A40,True,-76.18568644182673,43.04385718443597
TOMPKINS STREET,477436358,662.1206470730133,A41,True,-76.1844732912801,43.046973142421265
HIGHLAND AVENUE,477431842,662.6537927655025,A41,True,-76.13691779628277,43.06026563196221
WESTMORELAND AVENUE,477442819,663.1777708540577,A41,True,-76.11322126457137,43.02324918384819
SOUTH ORCHARD ROAD,477437786,663.4324328708251,A41,True,-76.20405896588943,43.04255476306967
LAMBRETH LANE,477443909,664.21518245162,A41,True,-76.11790697469297,43.015513764586736
THOMPSON ROAD,477431300,664.3032950803491,A35,True,-76.08680658514876,43.062725783672505
BURT STREET,477438817,664.6691625671144,A41,True,-76.14128148910534,43.03885933113528
DAVIS STREET,510577017,665.1180665559594,A41,True,-76.16856379129007,43.03928573795931
HIAWATHA BOULEVARD WEST,508421477,665.2947696782231,A35,True,-76.16959380801748,43.06810230128675
SOUTH MIDLER AVENUE,477431773,665.7789938268568,A31,True,-76.10440928200879,43.06098810153802
BURNET AVENUE,477434321,666.0303330370273,A41,True,-76.1313279573186,43.052096123397526
SALT SPRINGS ROAD,477436289,666.979994742436,A31,True,-76.09871803485329,43.0470177903035
NORWOOD AVENUE,477429666,667.0823347782081,A41,True,-76.10980222928299,43.06985866931071
CHINOOK DRIVE,800048142,667.2525131061342,A41,True,-76.1220152853127,43.01842448198241
BASIN STREET,507665389,668.0747451576987,A41,True,-76.15840913110625,43.06383450899385
MERRIMAN AVENUE,477438266,668.5023029833114,A41,True,-76.16864029045813,43.04018762588882
BUNGALOW TERRACE,477441055,669.1111851081046,A41,True,-76.18524913061164,43.03156864094333
KAPPESSER STREET,477429804,669.629959553979,A41,True,-76.14439926518405,43.06966912474915
WEST SENECA TURNPIKE,477445786,669.891301169828,A31,True,-76.15192179457821,43.001898122015696
SCHUYLER STREET,477435542,670.0121900966964,A41,True,-76.18616508181636,43.04940868923392
HARRINGTON ROAD,477438398,670.422840476031,A41,True,-76.1019393536051,43.04055346678256
PLEASANTVIEW AVENUE,477428587,670.6698979279661,A41,True,-76.134316310713,43.07612411436617
HAMILTON STREET,477435268,671.5348096023158,A41,True,-76.18684488276192,43.05038350015172
HILLSBORO PARKWAY,477438220,671.6814895734173,A45,True,-76.0875198706242,43.0405142963642
KIMBER AVENUE,477445594,671.8105262875661,A41,True,-76.15642474755751,43.003632984735916
MERRIMAN AVENUE,477438279,672.0220738380234,A41,True,-76.17114295189344,43.040070590653116
ERIE BOULEVARD EAST,477435238,672.0235649623713,A25,True,-76.11723884068431,43.05039312682259
DUNDEE DRIVE,477442048,673.4752320793211,A41,True,-76.18670124863172,43.0273261210863
KIDD AVENUE,600008905,673.6594198936162,A41,True,-76.11642138018574,43.051769551250736
SOLAR STREET,600009000,673.6977758090111,A41,True,-76.1583599745849,43.057751613727646
HARDING STREET,477428012,673.8657065734864,A41,True,-76.13898274594278,43.07852952987704
DOUGLAS STREET,477431857,673.962466797778,A41,True,-76.13986575470172,43.06021361175918
BURNS AVENUE,477431520,674.1656326495548,A41,True,-76.09145500976572,43.062060791623715
COMSTOCK AVENUE,477440560,674.3359426806071,A41,True,-76.12950355594437,43.033048368753946
SUNRISE DRIVE,477446762,674.5181923772504,A41,True,-76.13740686301621,42.99278848454919
WAINWRIGHT AVENUE,477428580,674.5632227074494,A41,True,-76.13347633746503,43.07616665649867
HIGHLAND AVENUE,477432129,674.7018299605633,A41,True,-76.13900201148711,43.05924978970817
UPLAND ROAD,477441048,675.2976149023516,A41,True,-76.18402781729475,43.03160261450449
MILDRED AVENUE,477429982,675.346379788011,A41,True,-76.11760370789905,43.06852536824009
EAST SENECA TURNPIKE,477445833,675.4498450770767,A31,True,-76.13600657239562,43.00169936570425
ONONDAGA AVENUE,477442005,675.7990679908825,A41,True,-76.16289788480437,43.02741287468998
WENDELL TERRACE,477429632,675.8435668564049,A41,True,-76.12988479982761,43.070522590020076
CARLTON DRIVE,504325279,675.9972544156145,A41,True,-76.08915466914267,43.045560552265144
WEST FAYETTE STREET,477434289,676.8334880081902,A41,True,-76.18422165626424,43.052879914283395
BLAINE STREET,477440446,677.9280427893899,A41,True,-76.15360169814987,43.033229704500876
OAK STREET,477432013,678.5102904323957,A41,True,-76.13524780095145,43.059975368540925
PARK STREET,477431164,680.2479632752384,A41,True,-76.14274999972187,43.062940134438946
MARTIN LUTHER KING WEST,477440700,680.3923848151879,A41,True,-76.15186985179649,43.03228062367329
WOLCOTT AVENUE,477441035,680.6651580874691,A41,True,-76.18295197574687,43.031633797845174
HILLSBORO PARKWAY,477438161,680.7316091983687,A45,True,-76.08748474672618,43.04061742296461
ERICKSON STREET,477431284,680.7654580386869,A41,True,-76.09622288258927,43.06322702953544
MELBOURNE AVENUE,477436063,681.635716021428,A41,True,-76.0962947273173,43.048362121539434
WEST ONONDAGA STREET,477440126,681.6381390564393,A31,True,-76.17123380550754,43.03407811889193
SOUTH ORCHARD ROAD,477438388,682.0327424389053,A41,False,-76.2039117083778,43.040613779271176
SAFETY LANE,509997003,682.1863346240273,A41,True,-76.15463460430715,43.041479785814296
PLYMOUTH DRIVE,477431309,682.2371311205196,A41,True,-76.09850549783343,43.06313111697938
LUDDINGTON STREET,477431298,682.2391949500422,A41,True,-76.09730461169326,43.06318256522099
DELRAY AVENUE,477435290,683.6964096836491,A41,True,-76.09898346687702,43.049967005546506
FAYETTE BOULEVARD,477435519,684.0775689731781,A41,True,-76.09892027934092,43.049169620455714
EAST ONONDAGA STREET,477436543,684.953336871098,A30,True,-76.1498420235955,43.04619624100014
MOUNTAINVIEW AVENUE,477435010,684.9601380788192,A41,True,-76.09905088945061,43.050767531597856
WEST NEWELL STREET,477443568,685.0062405532473,A41,True,-76.14701836166294,43.01749965509552
MARTIN LUTHER KING WEST,477440924,685.0081214429491,A41,True,-76.155194828146,43.03143818002548
SALISBURY ROAD,477437561,685.1074031005938,A41,True,-76.19095956214535,43.042495170951135
HARWOOD AVENUE,477435752,685.1371166941291,A41,True,-76.09884329236525,43.048375137320946
ROCKLAND AVENUE,477442518,685.6163260430875,A41,True,-76.15800928345627,43.02400563555079
EAST AVENUE,477437536,686.1290348091053,A41,True,-76.1056676979916,43.04338963452875
MILNOR AVENUE,477436019,686.875450870819,A41,True,-76.09877731475676,43.04758860729916
VAN RENSSELAER STREET,477432659,686.9816798076741,A41,True,-76.16589010461959,43.057810057462746
SOUTH AVENUE,477444569,687.8686490631268,A31,True,-76.16865656651629,43.011012674654346
SLAYTON AVENUE,477444806,688.7259810574377,A41,True,-76.14631404539847,43.00957458961815
WHITTIER AVENUE,477436948,688.8328524695587,A40,True,-76.18344127002673,43.04470833090246
SOLAR STREET,477431884,688.8400858219208,A41,True,-76.1603991673303,43.0604083557283
SUNNYSIDE PARK ROAD,477437347,689.3758468118904,A41,True,-76.09318608991329,43.0438400859524
ABERDEEN TERRACE,477431276,689.5809546550228,A41,True,-76.09514226335719,43.06327413270863
SOUTH AVENUE,477441526,690.0603830730529,A41,True,-76.15829214961008,43.029559984374764
EAST WILLOW STREET,477432672,690.1133532989122,A41,True,-76.14042910471593,43.057462247388514
STAFFORD AVENUE,477432671,690.4338532969333,A41,True,-76.11178228371253,43.057885119924585
KENSINGTON PLACE,477442135,690.4369776376362,A41,True,-76.11947032060259,43.02696210765196
SWANSEA DRIVE,511163850,690.7875310243182,A41,True,-76.12004352659022,43.071933022004835
DORWIN AVENUE,477447316,692.6622782756266,A41,True,-76.1482472963466,42.98520160329502
WADSWORTH STREET,477429156,692.9611305196969,A41,True,-76.13909756834346,43.07323527962325
VANN STREET,477432844,692.9983300336614,A41,True,-76.12077630888203,43.05638113813916
ACADEMY GREEN,477446021,694.1488485979365,A41,True,-76.15040541042731,43.00072864935334
MURRAY AVENUE,477428432,694.7859719390983,A41,True,-76.15658231750741,43.07665510337998
ARNTS PLACE,477428547,695.2747172541724,A41,True,-76.15563835473444,43.076278430868086
HAWLEY AVENUE,477433096,695.500519743958,A41,True,-76.12073280581701,43.055664640735024
WORDEN AVENUE,477429169,695.7629186205907,A41,True,-76.14017222315078,43.073181308246724
VANN STREET,477432817,696.0837057688059,A41,True,-76.11818377395716,43.05646717275098
WEBSTER AVENUE,477443123,696.4959677256024,A41,True,-76.14500080567413,43.0214424356468
COLERIDGE AVENUE,477436593,697.1366791806246,A41,True,-76.1786144368523,43.04565954306661
NORTH EDWARDS AVENUE,477429807,697.3932654729085,A41,True,-76.10650897583484,43.06980347332023
ORLANDO AVENUE,477445782,698.3811386375297,A41,True,-76.14148478401194,43.001820504170134
COLLEGE PLACE,800056549,698.4098128338769,A40,True,-76.1314491776581,43.03720651793189
LYDELL STREET,477440193,699.3437400020354,A41,True,-76.17836825196275,43.03478312399482
EAST BRIGHTON AVENUE,477443514,699.4822928071931,A31,True,-76.13839110255905,43.01855315364387
VALLEY DRIVE,477446748,699.5153923158355,A31,True,-76.15243731184779,42.99287810540056
WESTMORELAND AVENUE,477437737,699.7496918810524,A41,True,-76.11447903100711,43.04428998163416
CRAWFORD AVENUE,477438471,699.7946181446949,A41,True,-76.11021834875416,43.0403105136598
CARLTON ROAD,477442764,699.8308839231,A41,True,-76.17652315226043,43.02346011396548
NORTH MIDLER AVENUE,477429799,700.6256041550309,A31,True,-76.10540126910306,43.06985876534084
MILES AVENUE,477440223,700.7078441412227,A41,True,-76.11627677933313,43.03465559296061
LAFAYETTE ROAD,477446324,700.977409572892,A41,True,-76.13098312633531,42.99709133242865
RIGI AVENUE,477429794,701.3925817307219,A41,True,-76.1041636764101,43.069923139198366
BRADFORD PARKWAY,477438955,701.6266273228352,A41,True,-76.10499049503838,43.03883744211226
WESTCOTT STREET,477440264,701.8298073986848,A41,True,-76.11874576187121,43.03454562026252
ROOSEVELT AVENUE,477440239,701.9824302677497,A41,True,-76.11751776050431,43.03460136159865
CANAL STREET,477434827,702.3527773512023,A41,True,-76.12633401715105,43.05125164119919
NORTH COLLINGWOOD AVENUE,477429813,702.6795018386703,A41,True,-76.10751680246727,43.06975812370999
LANCASTER AVENUE,477441172,703.1968985671307,A41,True,-76.12265813026228,43.031177019305815
BUCKINGHAM AVENUE,477441160,703.3264967110364,A41,True,-76.12126368266236,43.03125083709709
JOSEPHINE STREET,477431684,703.8407633293085,A41,True,-76.14698405911655,43.060900402766514
ASHDALE AVENUE,477429825,704.0087128514879,A41,True,-76.1085209418698,43.069714583933276
PLYMOUTH DRIVE,477430138,704.7917366773959,A41,True,-76.10000630060514,43.06818312987415
SUNRISE DRIVE,477446493,704.8342217314046,A41,True,-76.13779496338542,42.99531403732004
CAMBRIDGE STREET,477437832,704.8594384354025,A41,True,-76.11787499925458,43.04255681213547
ACKERMAN AVENUE,477441184,705.5106901251802,A41,True,-76.12389155605021,43.031117702458005
PETERS STREET,477431541,706.0793760768344,A41,True,-76.14651497982594,43.061526772332776
WEST ONONDAGA STREET,509997496,707.1156661122044,A31,True,-76.15617277698094,43.04148605286211
OSTRAM AVENUE,477440029,707.888593067199,A41,True,-76.12884633582877,43.03536026662822
DORCHESTER AVENUE,477429716,709.5409449954261,A41,True,-76.12527882208457,43.070307108050045
MILFORD DRIVE WEST,477430126,709.8010883992921,A41,True,-76.09883006464361,43.06823080913725
LYNWOOD AVENUE,477429770,709.9914608752176,A41,True,-76.10152780497536,43.070055148129605
CARBON STREET,477430781,710.1280037458339,A41,True,-76.14519129993566,43.064797629539385
CROLY STREET,477435802,710.3691807740148,A41,True,-76.1127477070446,43.04917617532443
ONONDAGA CREEK BOULEVARD,477444115,711.665512300451,A41,True,-76.15596679287627,43.014191522340056
AVON ROAD,477430992,712.1795404105394,A41,True,-76.10211779794966,43.06352962458617
WILLIS AVENUE,477431579,712.6120673994972,A41,True,-76.198900020525,43.06183025301869
KELLOGG STREET,477439427,712.6355185452968,A41,True,-76.16622167999853,43.03717091417067
BELLEVUE AVENUE,477441427,713.4057485358966,A41,True,-76.19164347290975,43.02967979768104
ALTON STREET,477442710,713.6756145639418,A41,True,-76.19699965695764,43.02321870052236
SOUTH GEDDES STREET,477443263,714.5826077877651,A31,True,-76.17416136739496,43.02054577859658
FURMAN STREET,477441218,714.6088772680688,A41,True,-76.15466218333607,43.030206721946286
JAMESVILLE AVENUE,477444618,717.3554815459612,A41,True,-76.12351698160789,43.01070509955874
HARFORD ROAD,477427078,717.370836680478,A41,True,-76.14613552715274,43.083723881427865
THURBER STREET,477443345,717.4293631585782,A41,True,-76.12956907066842,43.01911480262755
EDISON STREET,477433138,718.4657287052639,A40,True,-76.16911866726751,43.05554883774165
BOSTON STREET,477431489,719.2452475919738,A41,True,-76.09024182303253,43.06227172287154
WINTHROP ROAD,477430506,719.6645709912182,A41,True,-76.09845282743214,43.065658083184594
TEX SIMONE DRIVE,477428571,720.0300814072979,A41,True,-76.1641965075493,43.07581985725493
BRYANT AVENUE,800048124,720.3000386022492,A40,True,-76.18840083620634,43.043717124249966
EAST COLVIN STREET,477442888,720.330259391287,A31,True,-76.11896333967432,43.02204398417478
WEST CORNING AVENUE,477443453,720.3623652160567,A41,True,-76.14723935319485,43.01829394974314
ERIE BOULEVARD EAST,477434833,721.1893426821057,A25,True,-76.11377899069447,43.05141581028293
HOVEY STREET,477440764,721.7185632995935,A41,True,-76.15549836259997,43.032406176620064
STRATHMORE DRIVE,477443024,722.5013146385163,A41,True,-76.17186786684888,43.021864654391706
SCOTT AVENUE,477440489,722.5370910936764,A41,True,-76.1065436996576,43.033842653722054
BURDICK AVENUE,477428476,722.8629928777546,A41,True,-76.15285244593812,43.07633356511281
HURLBURT ROAD,477438389,722.8667376729273,A41,True,-76.10067185008711,43.04066860990895
WESTMORELAND AVENUE,477436676,722.9083717382238,A41,True,-76.11457450200899,43.046237846011685
JENSEN AVENUE,800097682,723.6818156505257,A41,True,-76.17607217617596,43.041738216096064
BUNKER HILL WAY,477442475,724.4890106738491,A41,False,-76.18392629802884,43.02439038145175
INTREPID LANE,477445671,724.686445631846,A41,True,-76.12877214694691,43.00343639958609
BURNET AVENUE,477434270,724.7726798731204,A41,True,-76.1377812576594,43.05218764134807
BURNET AVENUE,477433284,725.9772504318471,A41,True,-76.11810929243258,43.05532812885848
PUTNAM STREET,477439752,726.1403991688358,A41,True,-76.17091238440072,43.03597779672495
SEDGWICK STREET,477432338,727.3880433065568,A41,True,-76.12857734777445,43.05891783561435
EAST WILLOW STREET,477433028,728.5946632047054,A41,True,-76.14263778376774,43.056382124980075
VICTORIA PLACE,477438095,728.7244295959844,A41,True,-76.11790688863265,43.04070832528372
ONONDAGA AVENUE,477440287,728.81343548892,A41,True,-76.1646117800115,43.03447426525599
GRANT BOULEVARD,477428976,728.9579902516749,A31,True,-76.14734827449094,43.07353358342768
HAWLEY AVENUE,477433891,729.006136028404,A41,True,-76.13776082606691,43.053267620596564
BRADFORD LANE,477440452,729.3042174181709,A41,True,-76.10532206753028,43.033897627904345
MAGNOLIA STREET,477437330,729.8295138304142,A41,True,-76.17420657162187,43.04354615200656
MAPLEWOOD AVENUE,477447073,730.0449776233721,A41,True,-76.13861581577912,42.988370975058956
AMY STREET,477438213,730.4303544100264,A41,True,-76.17362094241585,43.04102508396521
SUMMIT AVENUE,477441585,730.5163228912281,A41,True,-76.16597214221666,43.02940963521537
BURNET AVENUE,477433531,730.7940862015911,A41,True,-76.1206587799255,43.054620618850215
HAMPTON ROAD,477430719,731.1159244703758,A41,True,-76.12372386851698,43.06555135209392
MIDLAND AVENUE,477439485,731.263825922613,A41,True,-76.15596933755592,43.037340116345554
LONGMEADOW DRIVE,477447064,731.7600948565974,A41,True,-76.14674151298925,42.98942540018849
RESTORATION WAY,800034075,731.7905862170115,A41,True,-76.18914639534388,43.062228407878536
ALMOND STREET,506022038,732.165811603076,A41,True,-76.14247853583444,43.04141585980251
ATKINSON AVENUE,477441654,732.4641044622309,A41,True,-76.18409013542863,43.02816189565712
CARBON STREET,477430184,733.1801742781579,A41,True,-76.15188427384909,43.06749462738757
OAKLAND STREET,477440180,733.3327161510861,A41,True,-76.1405942311273,43.03392850073212
RAMSEY AVENUE,477438316,733.8656233891645,A41,True,-76.10790086450008,43.040835887344166
SPRING STREET,477429956,734.0825648752793,A41,True,-76.15103760544115,43.068650160370666
JACLYN DRIVE,477447270,734.3864650338882,A41,True,-76.14516460517162,42.986115112624816
SHERWOOD AVENUE,477433750,735.211487989706,A41,True,-76.12462114717904,43.05456368563526
SHONNARD STREET,800048966,735.4054118017674,A41,True,-76.16527748895142,43.041309000548004
HUNTLEY STREET,477428136,735.8032011346826,A41,True,-76.14081481080805,43.077437339599605
JOHN STREET,477431506,735.9175585515682,A41,True,-76.1487377072953,43.06208698969349
WEST COURT STREET,507665325,735.9440457311307,A41,True,-76.16066463934334,43.062090395957796
PAUL AVENUE,477429778,735.986575359925,A41,True,-76.12186372162489,43.06962967546606
MILTON AVENUE,477432291,736.0423724915504,A41,True,-76.19545931110981,43.05852061296445
NORTH GEDDES STREET,477435836,736.1008759877122,A31,True,-76.17076073468067,43.049124495335164
CLOVER RIDGE DRIVE,477431198,736.3483789664149,A41,True,-76.09281827949235,43.06372561367795
MANLEY FIELD HOUSE,600035943,736.4545224798321,A41,True,-76.12504675175083,43.02256357228689
HENSBERRY ROAD,477441479,737.1816735802684,A41,True,-76.18414903291082,43.02893911758567
BURNET AVENUE,477432670,739.4140107852677,A41,True,-76.11035930010118,43.05719263873419
CAMBRIDGE STREET,800048132,739.7776345316726,A41,True,-76.11804486612353,43.044535253206035
EAST GENESEE STREET,477438604,739.7904867088172,A31,True,-76.08134691316306,43.03974845609073
BARRINGTON ROAD,477437746,740.981262348904,A41,True,-76.08380443017295,43.04268317380577
NORTHCLIFFE ROAD,477430125,741.0370290745061,A41,True,-76.09736628704633,43.06732410983979
MERRILL STREET,477427517,741.9002404453863,A41,True,-76.1495442572383,43.081327995019784
GIFFORD STREET,800048389,742.2306241843432,A41,True,-76.16544117933483,43.043110539733675
DAVIS STREET,477438619,742.4842721291764,A41,True,-76.17119023884158,43.03916107830612
WESTMINSTER AVENUE,477440375,742.6683681264741,A41,True,-76.12070154241451,43.03408160664942
GERTRUDE STREET,477433812,743.7172209936656,A41,True,-76.13811059114308,43.053923266854106
BARRINGTON ROAD,477437139,744.8689490731717,A41,True,-76.08529795671232,43.04430350186733
FEIGEL AVENUE,477429194,744.9096520723941,A41,True,-76.12499809394049,43.07216389866847
MARVIN ROAD,477444383,745.4627413319066,A41,True,-76.15915338354903,43.011760300635544
SPRING STREET,477430605,746.0324090102131,A41,True,-76.14457556635233,43.06553778818238
SOUTH EDWARDS AVENUE,477431830,746.1812793904577,A41,True,-76.10563078738366,43.060821106327396
EDNA ROAD,477447325,746.2239255972993,A41,True,-76.13865946919954,42.98521250156492
BRYANT AVENUE,477436776,748.7629151439286,A40,True,-76.18191305258509,43.04617969311159
LEXINGTON AVENUE,477436155,748.9879070599195,A41,True,-76.11843026857335,43.04715863637099
WEST NEWELL STREET,477443743,749.1092812557735,A41,True,-76.1586525107304,43.01632772130559
WEST BRIGHTON AVENUE,477443357,749.7625197502343,A31,True,-76.1593459975534,43.019051010614355
DEWITT ROAD,477438809,749.8823496857536,A41,True,-76.08319684784281,43.03944550592462
SHONNARD STREET,477437865,750.3090450977938,A41,True,-76.15889840525463,43.04160773749816
WESTCOTT STREET,477437660,750.4653875998779,A41,True,-76.11947296368267,43.043002552365884
VALLEY DRIVE,477447402,752.4568226727938,A31,True,-76.15617033900485,42.98486639214493
COLUMBUS AVENUE,477437050,752.9208800401572,A41,True,-76.12108402311164,43.04496323862899
EAST GENESEE STREET,477437494,753.4361674070541,A31,True,-76.09951900753526,43.042717093964335
HIGHRIDGE DRIVE,477442242,753.7536840054427,A41,True,-76.2004090296136,43.02597116160999
RIVERDALE DRIVE,477446017,754.0032195272851,A41,True,-76.15582070671458,43.00027830396906
CORTLAND AVENUE,477441203,754.4210222708081,A31,True,-76.15485985075395,43.03071659118836
VALLEY DRIVE,477445859,754.5693221076579,A31,True,-76.15309309295286,43.00102717628665
EAST SENECA TURNPIKE,477445758,754.9703931791433,A31,True,-76.13258930486367,43.002726344891485
ONONDAGA BOULEVARD,600063431,755.401968207975,A31,False,-76.1894599839461,43.03336332474048
LILAC STREET,477431114,755.6849628623517,A41,True,-76.15164571067538,43.06357825067293
WEST BELDEN AVENUE,477433315,755.8126176820352,A41,True,-76.1690756279805,43.05488242935914
BRYANT AVENUE,800048135,755.9332211212227,A40,True,-76.18441536283115,43.04523371562158
ELLIOTT STREET,477439897,756.1400237212138,A41,True,-76.17576175963382,43.03496850255053
WEST GENESEE STREET,477433746,756.6831404880734,A21,True,-76.1691349481033,43.05361727402127
JAMESVILLE AVENUE,800032722,758.0400868546175,A41,True,-76.13552107930786,43.02515702590601
WEST GLEN AVENUE,477445298,758.1081956444696,A41,True,-76.14460336770081,43.005542522586
SCOTTHOLM BOULEVARD,477437591,758.2050031402268,A45,True,-76.1106067127037,43.04276079865591
BUCKINGHAM AVENUE,477442889,759.1372758686854,A41,True,-76.12040026387854,43.02301510543111
FELLOWS AVENUE,477439269,759.1642231804656,A41,True,-76.11520878973595,43.03804311914984
GLENWOOD AVENUE,477443277,760.1442993039165,A31,True,-76.16403724486145,43.01975829358911
ELMWOOD AVENUE,477443508,760.2601643796658,A41,True,-76.16370694343591,43.01788012906331
WEST SENECA TURNPIKE,477445720,761.205691154587,A31,True,-76.15660639304237,43.00266388417578
FARMERS MARKET WAY,800030863,762.0597189090787,A41,True,-76.16712363053003,43.07433652467322
DOLL PARKWAY,504325300,762.0831276232749,A45,True,-76.08817676125905,43.04572833501743
NEUTRAL COURT,477430732,763.2314289459156,A41,True,-76.1505914892872,43.064993669796586
COLUMBUS AVENUE,477437704,763.2817315659114,A41,True,-76.12072531920123,43.04291360387268
GAME ROAD,477444441,763.899080548734,A41,True,-76.13142474765162,43.01222925171558
SCOTTHOLM BOULEVARD,477437602,763.9527648929811,A45,True,-76.11056008673825,43.04284917122876
WEST SENECA TURNPIKE,477445888,764.1388329374155,A31,True,-76.14547599572538,43.00103645575279
WHITE STREET,477439339,764.2928583719342,A41,True,-76.16038268998687,43.03690919616878
SPENCER STREET,477432582,764.4816212033284,A41,True,-76.16462555167813,43.05718702789873
WEST LAFAYETTE AVENUE,477443354,764.8085129623101,A41,True,-76.14747578568411,43.019142145545324
ALLEN STREET,477439287,765.2396578061586,A41,True,-76.1163461887213,43.03799082410694
HILLVIEW AVENUE,477443116,765.5705467327339,A41,True,-76.16408165911498,43.020579495072
LEMOYNE AVENUE,477427267,766.8360351102099,A41,True,-76.14901869484267,43.083094883412414
ERIE BOULEVARD WEST,477435429,766.905792612751,A31,True,-76.16185527666099,43.04974809748687
STANDISH DRIVE,477440458,767.4300872911656,A41,True,-76.10391471611392,43.03398805997272
CRESLINE DRIVE,477431316,767.9517929711403,A41,True,-76.09937839981349,43.06313914541062
HIGHLAND STREET,477430310,768.069991780713,A41,True,-76.14178477517645,43.06753889912788
ROSS PARK,477428793,768.1150619688755,A40,True,-76.14607358077977,43.07645711289292
WINTHROP ROAD,477430481,768.8870054829779,A41,True,-76.09567240715707,43.0657825938092
REDFIELD PLACE,477439127,770.242057044125,A41,True,-76.12181837295378,43.03757436313544
JAMES STREET,477434139,770.7947617921825,A31,True,-76.14717230719667,43.053008596656724
EUCLID AVENUE,477439367,771.4363573137747,A31,True,-76.12173004759941,43.03667642970018
ROSS PARK,800048788,772.8571639059654,A40,True,-76.14596651675468,43.076522837819454
SCHILLER AVENUE,477429315,773.9057780234568,A41,True,-76.14045375478072,43.071386121977945
MARTIN STREET,477427618,774.0423131746736,A41,True,-76.15041854080813,43.080703218519155
EDTIM ROAD,477429658,774.2298908646736,A41,True,-76.11584268485679,43.07009121378676
HOUSTON AVENUE,477438958,775.4042683240682,A41,True,-76.1122892713722,43.03903357543031
CHARMOUTH DRIVE,477442982,775.5099426905517,A41,True,-76.16410634871006,43.02131786023379
ARNOLD AVENUE,477443604,776.0600943962269,A41,True,-76.12567938344131,43.01824199637573
MAPLEHURST AVENUE,477427681,776.5670212641168,A41,True,-76.14024624438919,43.08043864882167
ROE AVENUE,477443595,777.4343604334318,A41,True,-76.12456883331105,43.01828535551247
CUMBERLAND AVENUE,477441891,778.1074527452748,A41,True,-76.11258774738205,43.02820612803374
SUNRISE DRIVE,477446287,779.0396022905103,A41,True,-76.13780247395108,42.99755262380068
HAWLEY AVENUE,477433861,779.4893843373602,A41,True,-76.14058283413104,43.0533067563126
WELLESLEY ROAD,477443532,780.3975524968973,A41,True,-76.1690443062902,43.01869511875501
WEST BEAR STREET,477430780,781.5187093069148,A31,True,-76.16517579578473,43.06501027960531
NOTTINGHAM ROAD,477441875,781.6631532791558,A31,True,-76.11148316375024,43.02828244888923
GOODRICH AVENUE,477443612,782.0633239992973,A41,True,-76.12687676379728,43.018173090013526
ALLEN STREET,477437796,782.8626185289704,A41,True,-76.11680963313788,43.044453184438275
WESTMORELAND AVENUE,477441905,783.5428591904162,A41,True,-76.1136598646474,43.02813761391763
CUMBERLAND AVENUE,477440504,783.9220771316503,A41,True,-76.11255674963483,43.03381510136736
WESTMORELAND AVENUE,477440514,784.0306824279048,A41,True,-76.11371828814096,43.033765112443426
CEDAR RIDGE APARTMENTS,477434325,784.0931544486998,A41,True,-76.10252328605107,43.052124308479414
WEST ONONDAGA STREET,477440089,784.216916484926,A31,True,-76.16849927284294,43.034192784787095
LINCOLN PARK DRIVE,477432444,784.3192130055791,A41,True,-76.13199986194329,43.057833990346
FELLOWS AVENUE,477440531,785.3122847773433,A41,True,-76.11490227670674,43.033718613256205
SOUTH CLINTON STREET,477438171,785.9650586028888,A40,True,-76.15237311124126,43.04148160800008
ACKERMAN AVENUE,477440661,786.6581770711775,A41,True,-76.12408068974878,43.0331604164513
SEELEY AVENUE,477445759,788.7575055624028,A41,True,-76.14428598981922,43.00202960994168
SOUTH GEDDES STREET,477442208,789.3965934421562,A31,True,-76.17496277458912,43.026739115727544
ANNETTA STREET,477442875,789.4434338297319,A41,True,-76.16414179555169,43.02206680923827
BURNET AVENUE,477434249,789.5508082936955,A41,True,-76.14061434189162,43.05222238088081
WESTMORELAND AVENUE,800052794,789.5799522322525,A41,True,-76.11418098226098,43.04033470122871
SOUTH AVENUE,477439227,789.8231850659558,A41,True,-76.15903024525718,43.03820327968369
WEST OSTRANDER AVENUE,477444032,790.2500211305454,A41,True,-76.14650622818026,43.01402694008712
CHESTER STREET,477440878,790.9062358117941,A41,True,-76.15758131947906,43.03245598192403
FAIRFIELD AVENUE,477443643,791.3090582767098,A41,True,-76.1639863139122,43.016977118121304
ELLIS STREET,477436704,791.7999284268196,A41,True,-76.11351616246579,43.04615872130461
STOLP AVENUE,477441274,791.878763955252,A41,True,-76.18430870112971,43.02976046130316
MIDLAND AVENUE,477445715,792.5934704969831,A31,True,-76.14714599509641,43.00433909766115
WEST COLVIN STREET,477442707,792.6831581190327,A41,True,-76.1642012947454,43.02292922452441
ERIE BOULEVARD EAST,477433496,792.8272155604612,A25,True,-76.09570324083153,43.05450111164437
ERIE BOULEVARD EAST,477433274,793.4830527015292,A25,True,-76.08937801519538,43.05511273252837
CORTLAND PLACE,477445642,793.6061870190864,A41,True,-76.15187077390316,43.00332432174662
DOLL PARKWAY,504325298,794.3177602401939,A45,True,-76.08804490709214,43.04578623332394
WEST CHELTENHAM ROAD,477446436,794.5879778726185,A41,True,-76.1449842188734,42.99511707199757
WOLCOTT TERRACE,477442104,798.1109224861906,A41,True,-76.18366858670983,43.026543783170084
BRADFORD PARKWAY,477439417,798.6748878150471,A41,True,-76.10309088269439,43.037328193209035
ALBERT ROAD,477437356,799.5677649442307,A41,True,-76.0918687328161,43.043804300515106
GREEN STREET,477432870,800.1065353472004,A41,True,-76.13469496140058,43.05689703148256
NORTH AVENUE,800048576,800.175782012886,A41,True,-76.11361922240253,43.07093383881987
WESTMORELAND AVENUE,477439248,800.2011164273198,A41,True,-76.11401844297568,43.03815647049057
MUNSON DRIVE,477446157,800.9482785692726,A41,True,-76.13981865942374,42.99931540499221
HOMECROFT ROAD,477430788,801.3268877174901,A41,True,-76.10227224088808,43.065380620202504
WEST GENESEE STREET,477433772,801.3553813724835,A21,True,-76.16455929395084,43.05350212034763
ROSS PARK,800048792,801.5910598096981,A41,True,-76.1437096893291,43.07482311346865
WEST BELDEN AVENUE,477433355,802.0052344093422,A41,True,-76.16450716764446,43.05480780392066
LAMBRETH LANE,477443777,802.8455619398538,A41,True,-76.11679608027083,43.01695651769961
COOLIDGE AVENUE,477440350,803.1475601899208,A41,True,-76.16360531615959,43.03437657744319
ROBINEAU ROAD,477443559,803.2680208343294,A41,True,-76.17048033332676,43.01855261512046
WEST CALTHROP AVENUE,477443816,803.588856521411,A41,True,-76.14662975037996,43.015677601583405
MEADOWBROOK DRIVE,477440500,804.5031566145808,A35,True,-76.1113638843433,43.03382708431065
MOSLEY DRIVE,477430771,805.2587086833208,A41,True,-76.10094142948245,43.06545793226755
HAZELWOOD AVENUE,477434706,805.4530857546238,A41,True,-76.1024032454495,43.051389520366456
WEST GENESEE STREET,477433796,806.3303589645836,A21,True,-76.16155228759084,43.05343912275621
HOBART AVENUE,477444228,806.4955354478569,A41,True,-76.14033879569043,43.0127532623227
STINARD AVENUE,477442209,807.5246747407072,A41,True,-76.17370283364583,43.026761083784585
COMSTOCK ART,600035931,807.7004669904003,A41,True,-76.12818004522822,43.02683766531177
APPLE STREET,477434747,808.6052817107641,A41,True,-76.17783226062815,43.05122963998639
SOUTH ORCHARD ROAD,477437215,809.465929969284,A41,True,-76.20437097353536,43.04455933311537
WESTMORELAND AVENUE,477439906,810.0004898628848,A41,True,-76.11387412728075,43.035949469018256
SOUTH BEECH STREET,477437133,811.1571952080121,A41,True,-76.1245564272779,43.044473328563484
PARKWAY DRIVE,477442438,811.9391316690056,A41,True,-76.16142379250897,43.02446562780561
CUMBERLAND AVENUE,477439896,812.4391697694006,A41,True,-76.11270123765134,43.036003107261976
HUNT AVENUE,477443047,813.2215798268832,A41,True,-76.1556780708781,43.02205694138064
GERTRUDE STREET,477433271,814.2892633861167,A41,True,-76.1346257729879,43.05562813221851
RIDGEWOOD DRIVE,477431259,814.5144012408491,A41,True,-76.09405320986497,43.0635438721585
MEADOWBROOK DRIVE,477440502,814.8793906998551,A35,True,-76.11117962328012,43.03378827492512
ROWLAND STREET,477439621,814.8949932557788,A41,True,-76.17550812285037,43.03588496799637
LILAC STREET,477430852,815.9980439058988,A41,True,-76.15422629269383,43.064613154300964
WEST ONONDAGA STREET,477439744,816.234015496019,A31,True,-76.16329266321806,43.03626700078494
CHINOOK DRIVE,477443528,816.3205428312554,A41,True,-76.11866390775167,43.01808319937542
GRACE STREET,477439293,817.093748234119,A41,True,-76.16723851414487,43.0377088947044
WEST PLEASANT AVENUE,477443702,817.119770502753,A41,True,-76.146696236192,43.01668493199121
RANDALL AVENUE,477443050,818.1254665082936,A41,True,-76.15691805734347,43.02202808471489
MARYLAND AVENUE,477440374,818.273459846108,A41,True,-76.12019389782903,43.03562705813331
CANAL STREET,477434830,818.588318976075,A41,True,-76.12913886445689,43.05105113513351
MOUNT OLYMPUS DRIVE,600024555,818.6558321917562,A41,True,-76.13289339273061,43.03492972803107
MANLEY FIELD HOUSE,600035936,819.2305607735765,A41,True,-76.1273242522467,43.023807791797566
HARDING STREET,477427770,819.4584112408903,A41,True,-76.14100541913257,43.07994363388744
MOORE AVENUE,477442645,820.2552282770495,A41,True,-76.13700109941603,43.02431179100215
SOUTH COLLINGWOOD AVENUE,477431410,820.3895334742596,A41,True,-76.10706376425567,43.06290660402214
KIRK AVENUE,506986304,820.5969593441282,A41,True,-76.15507207642634,43.02763651564301
SEYMOUR STREET,800048973,821.0247732682126,A41,True,-76.16551473774177,43.04219483757865
BEATTIE STREET,477434991,821.33009354799,A41,True,-76.10853935119661,43.05186505202107
DOROTHY STREET,477431723,821.3335729320656,A41,True,-76.12849790414866,43.06092595749076
CLOVER RIDGE DRIVE,477430671,821.6808644836316,A41,True,-76.09298813669187,43.065859886876005
WOODBINE AVENUE,477431430,821.8374898368404,A41,True,-76.10952187121941,43.062795888680334
HAMPSHIRE ROAD,477430484,822.956481006675,A41,True,-76.13134577590407,43.06672465289809
SOUTH EDWARDS AVENUE,477431389,823.0805207429362,A41,True,-76.10582825521166,43.06296960833271
HILLSDALE AVENUE,477430886,823.2190690110853,A41,True,-76.10849224749165,43.065112116136504
VINE STREET,477433873,823.514170461896,A41,True,-76.12563145723975,43.054404544831
BISHOP AVENUE,477443059,823.9054819752866,A41,True,-76.1580875816835,43.02200810990085
BOSTON STREET,477430647,824.1942145769192,A41,True,-76.09051573715227,43.06596899973377
HILLSDALE AVENUE,477431419,824.2294816227367,A41,True,-76.10829476752352,43.06285610191154
SOUTH COLLINGWOOD AVENUE,477431906,824.5756892516112,A41,True,-76.1068401371253,43.060655320622814
STAFFORD AVENUE,477430929,824.9724102746371,A41,True,-76.11240962452722,43.06493407418481
LOCKWOOD ROAD,477438922,825.0184493188365,A41,True,-76.09188825952134,43.038281410932356
BURNS AVENUE,477430660,825.3442913518172,A41,True,-76.09176382268909,43.06591469919991
HICKOK AVENUE,477431464,825.4541008207774,A41,True,-76.11357595645141,43.06261116771753
DELONG AVENUE,477429580,825.6224226214251,A41,True,-76.14958971041082,43.07091759609595
ERIE BOULEVARD EAST,477435191,825.6667571083051,A25,True,-76.11766954543282,43.05063533094802
STAFFORD AVENUE,477431452,826.019401219175,A41,True,-76.11220879144203,43.062673543095656
HICKOK AVENUE,477430949,826.1587833316152,A41,True,-76.11377472846813,43.06487283380905
SIXTH NORTH STREET,477427390,827.1248514194997,A41,True,-76.1601856597552,43.08179249671008
SOUTH MIDLER AVENUE,477431378,827.3479395538237,A31,True,-76.10459231354301,43.06303260335963
WEST BRIGHTON AVENUE,477443180,827.4494703439943,A31,True,-76.14774879634987,43.020187951016666
BASIN STREET,477431456,827.9701151262622,A41,True,-76.15682985513786,43.06219444436921
SOUTH MIDLER AVENUE,477430829,828.1552672296605,A31,True,-76.10479231172403,43.065299585835504
WEYMOUTH ROAD,477446332,828.2276937260642,A41,True,-76.14183593037833,42.996089710261344
ERIE BOULEVARD EAST,477433759,828.6437112630136,A25,True,-76.10255533870455,43.05370360274517
HIAWATHA BOULEVARD WEST,477431312,828.6572605292853,A31,True,-76.17554530444022,43.06298586652039
SOUTH AVENUE,477444378,828.8695183425106,A31,True,-76.1660191234202,43.013051808438505
CUMBERLAND AVENUE,477442582,829.0051026891625,A41,True,-76.1122697503911,43.02468955049005
WOODBINE AVENUE,477430895,829.0854598422569,A41,True,-76.10973046353152,43.065056075732606
NICHOLS AVENUE,477430816,829.5805048578336,A41,True,-76.10358851058972,43.06534920542783
CENTENNIAL DRIVE,477442019,830.1434473145393,A41,True,-76.16100640779214,43.027025539498354
EVANS STREET,477433328,830.6975375433922,A41,True,-76.15836180561254,43.055090482679034
SOUTH COLLINGWOOD AVENUE,477430874,831.3336823983412,A41,True,-76.10726879004923,43.065168130555406
ERIE BOULEVARD EAST,477435285,831.4684404409728,A21,True,-76.1249273995779,43.04970630084993
MAPLE TERRACE,477436615,832.4207626151624,A41,True,-76.12398472552847,43.04609236791851
SOUTH EDWARDS AVENUE,477430845,832.8862643326295,A41,True,-76.106025952661,43.06523730482343
RUSKIN AVENUE,477440808,833.7520495649896,A41,True,-76.16772333700963,43.031671771518155
KENWICK DRIVE,477428310,834.4895089222924,A41,True,-76.13542602366448,43.07766180497024
STRONG AVENUE,477439291,834.7755967890923,A41,True,-76.11765077921115,43.03790161887265
TEX SIMONE DRIVE,600064039,835.9425869073532,A41,True,-76.16612786702967,43.07740763321498
GENANT DRIVE,477430686,837.1196332174429,A30,True,-76.162368622979,43.06528285074446
EUCLID AVENUE,477439185,837.8200749768932,A41,True,-76.09936308694554,43.03765255168806
HOPE AVENUE,477442929,840.2056859395116,A41,True,-76.15204781777105,43.02269507569567
GOODRICH AVENUE,477443327,842.2249505074036,A41,True,-76.12708281169007,43.02039683743297
SUMNER AVENUE,477440081,842.3980953347952,A41,True,-76.12555739686248,43.035321929924955
STATE FAIR BOULEVARD,800032561,842.5730613013194,A41,True,-76.18291804448758,43.05577809157265
WEST LAFAYETTE AVENUE,477443469,842.8641743152903,A41,True,-76.15945197874754,43.01813688460947
ACKERMAN AVENUE,477440062,842.9934950816084,A41,True,-76.12428574959424,43.03539159185933
BENHAM AVENUE,477438407,843.0043993202021,A41,False,-76.19543464065659,43.04074917815432
LIVINGSTON AVENUE,477440093,843.1884761340699,A41,True,-76.12681430193643,43.03525911290129
MAYAR STREET,477429137,843.3478513006557,A41,True,-76.13725831114434,43.073530149256996
WOODRUFF AVENUE,477429151,843.4408425188116,A41,True,-76.13814327537449,43.07348656134861
OSTROM AVENUE,477440120,844.1839465080069,A41,True,-76.12807433245688,43.03520261984117
COMSTOCK AVENUE,477440147,845.3921696677836,A41,True,-76.12969378329299,43.035129102799615
WINKWORTH PARKWAY,477442467,845.3986842222157,A41,True,-76.19978937047799,43.0248964548482
GENESEE PARK DRIVE,477435736,845.5851387813797,A41,True,-76.10949144420177,43.049520356412096
DARLINGTON ROAD,477429125,845.6013570878467,A41,True,-76.13628462447393,43.0735808489588
COOK AVENUE,477430722,845.824885030129,A41,True,-76.11883918810257,43.065692935397706
PALMER AVENUE,477440339,846.1485816477118,A41,True,-76.16247669002739,43.03448602573769
LONGMEADOW DRIVE,477446937,847.9291552143894,A41,True,-76.14652868787655,42.99142078617636
FENWAY DRIVE,477435755,848.9230861351725,A41,True,-76.1106725678914,43.049464898260766
ALDEN STREET,477443401,849.4069601299088,A41,True,-76.13320480175916,43.01975674518365
LANCASTER AVENUE,477440053,849.4773389900042,A41,True,-76.12305893950877,43.03544784669768
KENWICK DRIVE,477429112,850.0824997275137,A41,True,-76.13510245451552,43.07364330930559
ONONDAGA TERRACE,477441308,852.0332467416097,A41,True,-76.164763359488,43.03072559213594
NIVEN STREET,477436030,852.6890328642553,A41,True,-76.10653815756515,43.04758622954808
HIAWATHA BOULEVARD WEST,477431937,852.7441751819242,A31,True,-76.1790247202432,43.06030396108064
CLAIRMONTE AVENUE,477441693,854.7827580692302,A41,True,-76.16910484406313,43.0291185415879
DIDAMA STREET,477436342,855.0082706999438,A41,True,-76.10645413330825,43.046674600972864
BRUCE STREET,477435781,855.7848577558185,A41,True,-76.1117191203472,43.04942074903415
CATHERINE STREET,477432767,856.4611135250232,A41,True,-76.1452082895158,43.057625817080776
WINKWORTH PARKWAY,477441973,856.7472713020618,A41,True,-76.19340801618009,43.027908613401024
EAST FAYETTE STREET,477435720,857.1814139589839,A41,True,-76.10661629662727,43.04847114527042
WEST GENESEE STREET,477433723,857.1899867657276,A21,True,-76.17215190813297,43.05371101427306
MAGNOLIA STREET,477436825,857.8738063046964,A41,True,-76.1749974138982,43.04563461620765
WEST BELDEN AVENUE,477433307,858.2170342209088,A41,True,-76.17209274002984,43.05491977529737
TRACY STREET,477435507,859.9362145192353,A41,True,-76.16472660109623,43.04959452408498
EDISON STREET,477433110,859.9494175530472,A41,True,-76.17206206466597,43.05560379669437
STANDISH DRIVE,477439139,860.541585319469,A41,True,-76.10622479721981,43.03858509319755
ERIE BOULEVARD WEST,477435615,861.6274321279645,A31,True,-76.16475468859578,43.04906092309604
HATHERLY ROAD,477438682,862.0850891003341,A41,True,-76.10316348892238,43.04009823891334
ELM STREET,477432408,862.7550555348075,A41,True,-76.1302706144021,43.05895586080268
WADSWORTH STREET,477427889,863.831310070209,A41,True,-76.14178409880128,43.07943820199018
EAST GENESEE STREET,477437914,865.5632225962123,A31,True,-76.08745467097536,43.041845003667525
FOREST AVENUE,477443034,866.6780114633402,A41,True,-76.14803219959497,43.02114543175473
SKYTOP ROAD,477443910,867.2255268220866,A41,True,-76.11948896272031,43.01583708144479
SCOVILLE AVENUE,477429670,867.2765676405076,A41,True,-76.13143631918187,43.06953360876447
BRATTLE ROAD,477431382,867.9749190905735,A41,True,-76.13106528833833,43.0625839652529
DORSET ROAD,477440397,868.0172770214591,A41,True,-76.12616382530685,43.03343252907916
ROBERT DRIVE,477442348,868.4748181771527,A41,True,-76.13150508082124,43.02600370466751
LAFAYETTE ROAD,477446168,871.8980805666578,A41,True,-76.13071583406659,42.99955449856899
FOBES AVENUE,477428725,872.3370961701149,A41,False,-76.11173402173438,43.07473065403182
MADISON STREET,477436669,872.4164621368185,A41,True,-76.12738751690091,43.04539223332364
MONTICELLO DRIVE SOUTH,482659668,872.6672891416019,A41,True,-76.13917091856513,42.99773762566682
MONTICELLO DRIVE NORTH,477445752,872.9570801271443,A41,True,-76.1387409419277,43.003225046842985
GLENWOOD AVENUE,477441735,873.611050310252,A41,True,-76.19143353914652,43.02856804109485
BERTRAM PLACE,477443598,874.5518057065136,A41,True,-76.15895078034245,43.01728704247874
HOOD AVENUE,477428983,875.8164901100218,A41,True,-76.14375408063123,43.07378457631468
KIRKPATRICK STREET,477429233,875.9280034055215,A41,True,-76.15057910876766,43.07294968359244
KELLOGG STREET,477439027,877.1052206246668,A41,True,-76.16413079566061,43.0387221180828
ERIE BOULEVARD EAST,509997124,877.7528723444751,A25,True,-76.08479616881036,43.05541287310554
JAMES STREET,477433279,878.604766325444,A31,True,-76.14175436501779,43.055666635745396
WEST STREET ARTERIAL SOUTHBOUND,477436551,880.9248467294306,A35,True,-76.15868254591567,43.04591522649361
ARCHER ROAD,477441734,881.3449753472679,A41,True,-76.19031966189905,43.02901902056562
KENWOOD AVENUE,477428120,881.9088204415287,A41,True,-76.14921331553893,43.07830065214037
EAST CHELTENHAM ROAD,477446430,884.4358536463567,A41,True,-76.1418505433737,42.995230275812084
DORWIN AVENUE,477447309,885.2131767085262,A41,True,-76.14530182007039,42.98531044502289
HIGHLAND STREET,477430865,885.5559944312895,A41,True,-76.14162776418154,43.0652731264075
HIER AVENUE,477430841,886.8129377827846,A41,True,-76.14063862585321,43.06532307531726
KIRK AVENUE,477441605,886.901054006348,A41,True,-76.15084028143418,43.02871314944042
HURLBURT ROAD,477439165,887.3418548486499,A41,True,-76.10057963583355,43.038471519601586
BROOKFORD ROAD,477438683,887.7869389957887,A41,True,-76.10416314940095,43.03987864518264
GENANT DRIVE,477431277,888.852617227239,A40,True,-76.15945392492029,43.06339252345848
BERWYN AVENUE,477442642,889.0406701467125,A41,True,-76.13909775569242,43.02497777200654
MIDLAND AVENUE,477440173,889.6271039576781,A41,True,-76.15578241318367,43.035120133640866
WEST STREET ARTERIAL SOUTHBOUND,477434349,889.8436581261042,A35,True,-76.15873178490762,43.05194356788674
RICH STREET,477440324,890.6374513620163,A41,True,-76.1613193506582,43.03459741507352
VALLEY DRIVE,477446559,891.6825384298434,A31,True,-76.15263895068786,42.995056558685974
PARK AVENUE,477434247,892.8564611527596,A41,True,-76.17796099795298,43.052287078495624
BERKSHIRE AVENUE,477428482,893.7580190132505,A41,True,-76.14097432039021,43.0757336531224
WESTCOTT STREET,477441689,894.6953291356232,A41,True,-76.1182786233223,43.02920456433279
KENSINGTON PLACE,477441702,895.357748098697,A41,True,-76.11966130271786,43.02913363051546
MERRELL ROAD,477441435,895.4100648941933,A41,True,-76.19409462946253,43.02975094508052
BUCKINGHAM AVENUE,477441723,895.9577505996648,A41,True,-76.120963621676,43.02906870415762
HANCOCK DRIVE,477441928,896.0373438977526,A41,True,-76.17941360626816,43.02812657484278
GRACE STREET,477438801,896.3931949823503,A41,True,-76.16497832091282,43.03937611844048
LEMOYNE AVENUE,477427869,896.6378490355966,A41,True,-76.15507658082447,43.07940221062696
BURNET AVENUE,477434279,897.6880873672371,A41,True,-76.13474579811142,43.05215278428486
BRIGGS STREET,477428314,898.0698284228879,A40,True,-76.14105084897298,43.076571292220514
MAYWOOD DRIVE,477445834,900.2900576472929,A41,True,-76.13727015873955,43.00249517615911
SOUTH EDWARDS AVENUE,477430342,903.6703627207364,A41,True,-76.10624210053447,43.067614927324094
WEST LYNHURST AVENUE,477443863,904.3713326571859,A41,True,-76.142803323292,43.015240419483895
DOUGLAS STREET,477431645,904.8331300694554,A41,True,-76.13741009367963,43.0614182274958
WARNER AVENUE,477442902,905.048990927262,A41,True,-76.14830819295173,43.02208828024165
HICKOK AVENUE,477430427,905.2264128997389,A41,True,-76.11399573825032,43.06724311610732
HARTSON STREET,477439395,905.7840274784477,A41,True,-76.17538950733638,43.03660864302509
MCLENNAN AVENUE,477441826,905.919870249699,A41,True,-76.15046032813596,43.02781260573431
NORTH CLINTON STREET,800041906,905.99049267216,A31,True,-76.16298462378764,43.064933068282684
DEFOREST ROAD,477437890,906.1694719647104,A41,True,-76.09138278851628,43.041691840820555
CHATHAM ROAD,477430381,906.5736858008829,A41,True,-76.1254417841224,43.06637701526555
SOUTH COLLINGWOOD AVENUE,477430356,906.5837889119367,A41,True,-76.10744501819322,43.067549335098
SENECA DRIVE,477445643,906.7254882221008,A41,True,-76.13997625136805,43.00315585742509
WOODBINE AVENUE,477430385,906.9152144643219,A41,True,-76.1099517717302,43.067432615736394
HILLSDALE AVENUE,477432007,907.2237572153695,A41,True,-76.1080857773385,43.06048511536817
STAFFORD AVENUE,477430406,907.360029884975,A41,True,-76.11262173179982,43.06730610121458
NICHOLS AVENUE,477430311,907.668136648019,A41,True,-76.1037798954466,43.06772889460986
BEVERLY ROAD,477441715,908.4154644898474,A41,True,-76.16761877125771,43.029098111205656
SOUTH MIDLER AVENUE,477430321,908.8992676991504,A31,True,-76.10502924250514,43.06767559508889
WEST STREET ARTERIAL NORTHBOUND,477436772,909.2412431215892,A35,True,-76.15853103333849,43.04599389381654
POLK STREET,477433740,909.303820672738,A41,True,-76.0924512560299,43.05368405873105
WEST KIRKPATRICK STREET,477432432,910.2997149234109,A41,True,-76.16763758527043,43.058161462912544
WEST BEAR STREET,477431756,911.1277129361622,A31,True,-76.17137046367309,43.06030238269678
LILLIAN AVENUE,477428954,912.0446294697159,A41,False,-76.1110107072321,43.074682016103054
HILLSDALE AVENUE,477430373,912.1176756155206,A41,True,-76.1087103651414,43.06748793205227
MALVERNE DRIVE,477427984,912.3553967684045,A41,True,-76.14261672708435,43.078890835716365
EAST LAUREL STREET,477432057,913.6883460082647,A41,True,-76.14455317717486,43.06012640577777
NORWOOD AVENUE,477428934,915.7407440658693,A41,False,-76.10997387495773,43.07473751995949
TECUMSEH ROAD,477441874,918.8711278337619,A41,False,-76.10966949997686,43.027347672122566
KIMBER ROAD,477438503,919.0630082671328,A41,True,-76.0942031062512,43.04053861645362
MATHER STREET,477433158,921.3709569423218,A41,True,-76.12891789326949,43.0566701091801
SHIRLEY ROAD,477439600,921.9563852738287,A41,True,-76.10467188989065,43.036800390598295
NORTH COLLINGWOOD AVENUE,477428908,921.9789596594195,A41,False,-76.1078136207804,43.07484670296909
ASHDALE AVENUE,477428924,922.0421473324471,A41,False,-76.10881768269721,43.07479118006084
MANOR DRIVE,477437897,922.6405342538765,A31,True,-76.08257412241284,43.04273699229672
TWIN HILLS DRIVE,477442656,923.3781405579861,A41,True,-76.17281775609119,43.02433014490112
MOSLEY DRIVE,477430285,924.3999162420193,A41,True,-76.10113996031153,43.067826879218295
FAIRVIEW AVENUE,477433985,924.5000755196766,A41,True,-76.12684157143867,43.05421718914615
FAGE AVENUE,477442635,925.7361691107089,A41,True,-76.14882783566037,43.02357862009579
WEST KIRKPATRICK STREET,507665328,927.4876739191137,A41,True,-76.16240790461407,43.06029649421486
MILDRED AVENUE,477429615,927.6491214626649,A41,True,-76.12160565527513,43.07044195217163
CLYDE AVENUE,477443112,928.0475649338335,A41,True,-76.16167713213355,43.02179350327187
WEST BORDEN AVENUE,477442017,928.3586436382061,A41,True,-76.150091138401,43.02694881803137
ELM STREET,477433168,928.8311969327815,A41,True,-76.13043529348921,43.05661714514926
EAST BISSELL STREET,477442511,929.2637687458147,A41,True,-76.15757997821541,43.025076897593735
NORTH MIDLER AVENUE,477428885,929.9794435990987,A31,False,-76.10570541639092,43.07495133959263
LEON STREET,477440747,930.1608529657562,A41,True,-76.14335603472763,43.03304128808853
NORTH EDWARDS AVENUE,477428899,930.1911356516532,A41,False,-76.10680071425719,43.07489287545788
EAST WARRINGTON ROAD,477446517,931.7754973718803,A41,True,-76.14188204137658,42.99436002590078
HOMECROFT ROAD,477430312,932.4326707254012,A41,True,-76.10246594593292,43.06775543674275
STATE FAIR BOULEVARD,477431014,932.8085045915986,A41,False,-76.19472423817737,43.06411046603315
CIRCLE ROAD,477441068,932.9372159884243,A41,True,-76.12796568494335,43.03190004927182
CANAL STREET,800048139,933.9299561846161,A41,True,-76.12345812899446,43.05201398284255
NORMANOR DRIVE,477446357,935.791525901737,A41,True,-76.15067068802263,42.99655802309631
FERNWOOD AVENUE,477442802,936.5873911916801,A41,True,-76.14849842321496,43.02276722685633
NORTH CLINTON STREET,477432468,936.6987492894332,A41,True,-76.15573059728885,43.0579120713583
WILLUMAE DRIVE,477428086,937.4358411354032,A41,True,-76.15503539271063,43.07810531658927
MILNOR AVENUE,477436098,937.9896312934984,A41,True,-76.10181000402629,43.047432771939924
FAYETTE BOULEVARD,477435559,938.5768478000492,A41,True,-76.1019494356862,43.04901954240538
MARTIN STREET,477427988,939.4708452132282,A41,True,-76.14837481419988,43.07885710499439
DELRAY AVENUE,477435315,939.8103781610204,A41,True,-76.10201429298957,43.04981761980161
MOUNTAINVIEW AVENUE,477435081,939.915987506005,A41,True,-76.10208304433566,43.05060491136156
HARWOOD AVENUE,477435829,940.7191130660062,A41,True,-76.10187847662539,43.04822589026697
SMALL ROAD,800034405,941.1427341357371,A41,True,-76.11547532117307,43.021611183928414
CRAWFORD AVENUE,477440666,941.3705689728401,A41,True,-76.10991905628174,43.03333680547431
ERIE BOULEVARD EAST,477434314,943.4775436664768,A25,True,-76.11040425988257,43.05286191233411
HUDSON STREET,477440311,943.7835864614581,A41,True,-76.16011034662301,43.03472213153323
OAKWOOD AVENUE,477440848,946.8093625682116,A41,True,-76.14468696965217,43.03268598322009
RICHARD ROAD,800049572,947.8322690747236,A41,False,-76.20280332066186,43.025281317249934
FARMER STREET,477430754,951.5125022033237,A41,True,-76.13216479920085,43.06450965804568
FELLOWS AVENUE,477438624,951.9129438691722,A41,True,-76.11536650512828,43.04038819089103
WEST NEWELL STREET,477443522,952.4364601043163,A41,True,-76.14349522501925,43.01785541308605
LOCKESLEY ROAD,477439598,952.7792581448031,A41,True,-76.09669116045286,43.03696295825667
LYNN CIRCLE,477446733,953.6972439735373,A41,True,-76.13641905114744,42.993214009975695
MAPLEHURST AVENUE,477428003,954.8403594344778,A41,True,-76.1379032287659,43.07879747934364
SOUTH STATE STREET,477440947,955.4623364974937,A41,True,-76.14638134595695,43.03225818435782
LOMA AVENUE,477428117,957.0357538065729,A41,True,-76.14340438626671,43.078384682912926
CLEVELAND AVENUE,477429736,957.1849104827502,A41,True,-76.14510348455102,43.07040468431096
KINGSLEY PLACE,477432957,958.8806844536367,A41,True,-76.19102316901868,43.057015099050666
KIMBER ROAD,507664815,959.3186859666148,A41,True,-76.09322087936454,43.03572764316268
GIFFORD STREET,477437298,962.0360156793522,A41,True,-76.16225956087851,43.043263033321104
SEYMOUR STREET,477437617,963.0182495797138,A41,True,-76.1621842934979,43.04235516373667
WEST LAFAYETTE AVENUE,477443319,963.4352469959201,A41,True,-76.14427595760874,43.01947587114675
WEST FAYETTE STREET,477436496,969.4538255002335,A41,True,-76.1726871899099,43.04622736903277
CARLTON ROAD,477443264,975.7300288736982,A41,True,-76.17508995284678,43.020248086350136
SOUTH CLINTON STREET,477436871,976.293158328382,A40,True,-76.15358637701179,43.04572625661581
OAKLEY DRIVE EAST,800047570,978.5341911617844,A41,True,-76.13821310143905,42.98728760237651
PECK AVENUE,477430218,979.3826837862018,A41,True,-76.12029974403417,43.067699030121176
GREENLAND DRIVE,477429186,979.411064283667,A41,True,-76.14135479217445,43.07351259391275
BENEDICT AVENUE,511163749,980.4789317875264,A41,True,-76.13808827589774,43.0248666281552
HARDING PLACE,477446617,981.7211441251982,A41,True,-76.14192646976574,42.99345542989122
GIFFORD STREET,477437359,983.5480631251755,A41,True,-76.16944948327827,43.04292625227565
CLAIRE ROAD,477437525,983.5933468808681,A41,True,-76.08691395011643,43.04295613481608
WOODBINE AVENUE,477432075,983.9170860766832,A41,True,-76.10930581706016,43.06032309304455
DAWES AVENUE,477444805,987.6971751734048,A41,True,-76.14441681930892,43.00873312227886
RUTH AVENUE,477442967,988.1341590087084,A41,True,-76.13116993772586,43.022742723898546
SOUTH SALINA STREET,477436842,988.2400675812374,A31,True,-76.15225834350288,43.04568872405921
BUCKINGHAM AVENUE,477442299,988.6310015410161,A41,True,-76.12070641419355,43.02649070656008
BALDWIN AVENUE,477444037,990.2866729210821,A41,True,-76.15520762166805,43.01531117413319
STAFFORD AVENUE,477432111,990.294382736048,A41,True,-76.11198728083332,43.06018654954044
PAUL AVENUE,477430092,991.2496648767216,A41,True,-76.1192542933751,43.068231076303874
NORTH BEECH STREET,477434049,991.536930817894,A41,True,-76.12763760778725,43.054092330661945
WEST OSTRANDER AVENUE,477444010,992.6821011729689,A41,True,-76.14321752477719,43.01424924974552
MONTGOMERY STREET,477439509,997.0158336203151,A41,True,-76.14860217182357,43.036814513676084
HICKOK AVENUE,477432125,999.6614153065319,A41,True,-76.1133535919899,43.060112083261835
GENANT DRIVE,800048380,1000.0849270342521,A41,True,-76.15460819836835,43.05832483061902
LAMSON STREET,477429366,1000.3342976838904,A41,False,-76.10020832101331,43.072451021395445
HASTINGS PLACE,477430705,1000.5246592308307,A41,True,-76.11780591795814,43.06596501991387
KUHL AVENUE,477428225,1000.657311813733,A41,True,-76.14419788146238,43.07787183540671
LANCASTER AVENUE,477442896,1002.7881739424973,A41,True,-76.12169159506865,43.02327825101107
HARRIETTE AVENUE,477442957,1003.9578321245788,A41,True,-76.13026931547175,43.02279811161189
BROOKLEA PLACE,477446444,1004.0686055668789,A41,True,-76.14963713074376,42.99630646089841
HIGHLAND AVENUE,477431634,1004.7662882006822,A41,True,-76.13432826153044,43.06154220012858
RUGBY ROAD,477430369,1005.6942933981385,A41,True,-76.12143068405433,43.06721214013301
LAWRENCE STREET,477429821,1006.860596290904,A40,True,-76.15104342564658,43.06943395218479
EAST COLVIN STREET,800048326,1007.3078004858719,A31,True,-76.11574007778674,43.022208714271336
NOTTINGHAM ROAD,477442661,1008.3168396579289,A31,False,-76.11115527941953,43.02450466040245
STEUBEN STREET,477430556,1008.4130510029736,A40,True,-76.15362725447528,43.065971674109775
REED AVENUE,477441238,1008.6853910610413,A41,True,-76.18166748931442,43.03123124324567
NORTH ALVORD STREET,477430676,1009.7955226782575,A41,True,-76.15406287685181,43.06537887601275
RIDER AVENUE,477441233,1010.4180084155258,A41,True,-76.18066782203486,43.031265607963626
PARK STREET,477430441,1010.7619043408703,A41,True,-76.15318441892366,43.06656427817512
JAMES STREET,477432608,1011.4101581484232,A31,True,-76.13612631848089,43.05842589193672
BRAMPTON ROAD,477446717,1014.6393070939091,A41,True,-76.14200214149021,42.992365410099424
LAKEVIEW AVENUE,477435462,1017.0437792090734,A41,True,-76.17604092426123,43.04962799516649
COMSTOCK AVENUE,600035952,1019.2949214337322,A41,True,-76.12888601808585,43.026295133573335
WEST PLEASANT AVENUE,477443650,1020.9547072968692,A41,True,-76.1432937396642,43.017039749789724
EAST GENESEE STREET,477437186,1024.3992581787045,A31,True,-76.11027631044975,43.04414552973285
DELAWARE STREET,477439157,1025.9163964967122,A41,True,-76.17095407838333,43.038200260296854
WEST FLORENCE AVENUE,477445076,1026.279950548016,A41,True,-76.14490896694828,43.00706071313495
STANDISH DRIVE,477439894,1026.4868495291053,A41,True,-76.1054887486229,43.036123019665055
SCOTT AVENUE,477438557,1027.3612399280214,A41,True,-76.10907105027809,43.040466269403055
WEST CORNING AVENUE,477443422,1029.1357816568018,A41,True,-76.14399860491348,43.0186233565419
JAMES STREET,477432012,1029.5995115981475,A31,True,-76.13295081702898,43.05998215311683
SKYTOP ROAD,477443672,1030.2624862127375,A41,True,-76.12195743185006,43.01769872032828
WEST NEWELL STREET,477443630,1030.5458760691076,A41,True,-76.15019687324379,43.017180734216176
COLBY AVENUE,477429398,1034.5747623412342,A41,True,-76.10304781032123,43.07236911848686
RIGI AVENUE,477429410,1035.7594986978104,A41,True,-76.10430027021789,43.072304650874415
PARK AVENUE,477434301,1036.2702752435464,A45,True,-76.16806330189564,43.05213962593547
NORWOOD AVENUE,477429470,1036.632491530554,A41,True,-76.10976402723983,43.07206293591699
WENDELL TERRACE,477430650,1036.7451591960116,A41,True,-76.12993583848659,43.0661605052803
LILLIAN AVENUE,477429481,1038.1443881758098,A41,True,-76.1107923846722,43.07201147552877
ASHDALE AVENUE,477429461,1038.4905717447973,A41,True,-76.10865528888012,43.07210362627668
HIGHPOINT STREET,800097650,1038.5481116839517,A41,True,-76.17519413207637,43.04098312029748
RIEGEL STREET,477433478,1040.3305442833914,A41,True,-76.11748584108882,43.054686076616
NORTH MIDLER AVENUE,477429436,1042.2480441199536,A31,True,-76.1055440332086,43.07224763183458
NORTH EDWARDS AVENUE,477429448,1042.2894729424402,A41,True,-76.10664580054994,43.07218858917864
ERIE BOULEVARD EAST,477433566,1042.6652017141216,A25,True,-76.09914531435592,43.05439693726831
DEWITT ROAD,477439288,1042.7704307546069,A41,True,-76.0813310058595,43.037511664795026
NORTH COLLINGWOOD AVENUE,477429453,1043.5710280518952,A41,True,-76.10764587920485,43.07215246844731
JASPER STREET,477431323,1044.5138059123797,A41,True,-76.13946305955184,43.0622025403414
OAKLEY DRIVE EAST,477447170,1046.774724237788,A41,True,-76.14199402006126,42.98715232633231
FITCH STREET,477439883,1049.0376629071977,A41,True,-76.16747458663436,43.03557459433747
BALL CIRCLE,477444445,1049.1573816393163,A41,True,-76.13311158139972,43.01225746970817
LAFAYETTE ROAD,800031554,1056.6949860617729,A41,True,-76.13069504899401,42.99347635330021
FISCOE AVENUE,477446668,1057.6200907148427,A41,True,-76.14581437809036,42.99273613279787
SEARLWYN ROAD,477446820,1058.1040044415236,A41,True,-76.14205806770231,42.991502930169716
FORD AVENUE,477444188,1063.8853640339846,A41,True,-76.1566095851878,43.01325818185563
WEST CALTHROP AVENUE,477443750,1063.9606159694758,A41,True,-76.14316005054131,43.016138880834625
SPENCER STREET,477432113,1064.1215934296529,A41,True,-76.16133375853323,43.058781409837884
TEALL AVENUE,477430607,1065.8186513743974,A31,True,-76.12278056535257,43.066493622056704
BRADFORD PARKWAY,477440359,1066.6610789362492,A41,True,-76.10003777428217,43.034448402525406
DALE STREET,477428385,1069.0338683806149,A41,True,-76.14513244574022,43.0772447770473
MERRILL STREET,477427268,1071.3288313592493,A41,True,-76.1508670207582,43.08309404944209
FERNDALE DRIVE,477445699,1074.0862260912686,A41,True,-76.1458905527005,43.00401081349915
HOOD AVENUE,600010258,1074.4867363964574,A41,True,-76.14646580616626,43.075554095429254
WEST OSTRANDER AVENUE,477444060,1076.6676100538712,A41,True,-76.14999171031835,43.01389073334908
MATHER STREET,477434128,1079.8284254077778,A41,True,-76.12870650832483,43.05392855524253
RIDER AVENUE,477441910,1080.019832507429,A41,True,-76.18031164329255,43.02843097587066
WEST LAFAYETTE AVENUE,477443411,1082.0182238444181,A41,True,-76.15089353801898,43.01877745686189
LORRAINE AVENUE,477442972,1082.8038686423959,A41,True,-76.13206573016414,43.02282862107923
THURLOW DRIVE,477446511,1083.2682570536824,A41,True,-76.13705745134715,42.99543569907722
MERRELL ROAD,477441394,1086.6214203130428,A41,False,-76.19758908119405,43.02938906426384
EDGEMONT DRIVE,477438560,1088.1400739305418,A41,True,-76.0915603897482,43.0393362950043
WEBSTER AVENUE,477442813,1090.7203220245965,A41,True,-76.14579234282712,43.02382271993799
BURNET AVENUE,477431488,1094.2176567251745,A41,True,-76.08816063940792,43.06160504829512
ROCK CUT ROAD,477445195,1094.2518357122883,A31,True,-76.12679787231339,43.00689751371854
GENESEE PARK DRIVE,477436652,1099.2286651973768,A41,True,-76.1092472981389,43.04685787934659
BERGER AVENUE,477444070,1102.5660149450953,A41,True,-76.15415506579302,43.0152640525303
CONIFER DRIVE,800048251,1113.0797044706976,A41,True,-76.14207813193678,42.99057315866968
REED AVENUE,477441945,1116.3668143243742,A41,True,-76.18130654218534,43.028349594899765
PARKSIDE AVENUE,477442324,1117.7455470585326,A41,True,-76.16291225732513,43.025222899920706
MAPLEWOOD AVENUE,477447083,1118.2774051612996,A41,True,-76.14202601451613,42.98817641297139
TEJAH AVENUE,477444071,1120.7638722933675,A41,True,-76.12473719557248,43.014369036631884
COMSTOCK AVENUE,477439503,1122.6974871305688,A31,True,-76.12995001821056,43.037823168621316
LINCOLN AVENUE,477439501,1123.2485407365261,A41,True,-76.15724974433867,43.037832749586876
EDGEMONT DRIVE,477438789,1126.6027113012515,A41,True,-76.08707935695166,43.03936411634523
WIMAN AVENUE,477444065,1128.9790293315266,A41,True,-76.15322577104938,43.01532460505954
NORTH GEDDES STREET,477432396,1134.2033898617033,A31,True,-76.170219588048,43.05946418932482
ERIE BOULEVARD EAST,477434419,1135.255665835407,A25,True,-76.11066284245707,43.05252246741737
MOUNT OLYMPUS DRIVE,600008914,1137.6841378698023,A41,True,-76.13108855344858,43.034898064610154
WEST ONONDAGA STREET,477439235,1141.2985014199326,A31,True,-76.16071321840911,43.03817344433318
FENWAY DRIVE,477436693,1143.9512400676745,A41,True,-76.1104182525336,43.04673662157
WOOD AVENUE,477442269,1150.259132138618,A41,True,-76.14764736402779,43.025730041059624
EDGEHILL ROAD,477437327,1154.945408040149,A41,True,-76.10404544170609,43.044565700865455
KENMORE AVENUE,477444061,1157.231215026698,A41,True,-76.1520601993194,43.01540198922699
ANDERSON AVENUE,477444939,1158.8258353680603,A41,True,-76.14494818017425,43.00788656227041
CLIFTON PLACE,477430694,1159.3815237967647,A41,True,-76.11680406675332,43.06622465079244
RICHFIELD AVENUE,477447026,1161.5343135509363,A41,True,-76.14208009050124,42.989037262424105
BRATTLE ROAD,477429913,1164.4931436399045,A41,True,-76.12860828965725,43.06991110596314
WOODSIDE DRIVE,477439950,1167.0640749720149,A41,True,-76.09921899830745,43.0353079283255
EAST GENESEE PARKWAY,477437895,1167.6294935347173,A41,True,-76.08683660612986,43.04203151534866
ERIE BOULEVARD EAST,477433571,1179.4571147170054,A25,False,-76.08095789855702,43.05547055085363
DURSTON AVENUE,477431147,1182.6134563253745,A41,True,-76.12698780162488,43.06458512149734
MERRITT AVENUE,477446108,1183.1031095699966,A41,True,-76.15516941752351,42.99901083476134
MADISON STREET,477436640,1184.240669582907,A40,True,-76.1399917947616,43.04539409782014
STATE FAIR BOULEVARD,510970450,1186.7305043918227,A41,True,-76.18485819377943,43.06016113080655
BRUCE STREET,477436717,1189.2291550708871,A41,True,-76.11145978211549,43.04662110748024
NEWBURY HOLLOW LANE,513531415,1189.6654844561058,A41,True,-76.1331290165431,43.0137052497951
EAST DIVISION STREET,477431422,1194.3207851143216,A41,True,-76.14919196793895,43.06308881837987
ELM STREET,477434316,1195.607784547395,A41,True,-76.13021376722853,43.05370648670559
PARK AVENUE,477434394,1200.894408112949,A45,True,-76.16838036281403,43.05194149256843
WILKINSON STREET,477434878,1201.710065355986,A41,True,-76.16841857500268,43.050966515583774
ERIE BOULEVARD EAST,800048346,1201.8591168074538,A25,False,-76.08093770928153,43.05562851004151
MILBURN DRIVE,477445503,1205.7194889208452,A41,True,-76.15190097415756,43.00416766223054
EAST GENESEE STREET,477437619,1208.8282236060772,A31,True,-76.10314032667125,43.04236514376948
CROLY STREET,477436743,1212.508387476739,A41,True,-76.1125042668465,43.04654360104478
SMALL ROAD,477443032,1213.1198272063928,A41,True,-76.12109480261046,43.021591698726695
RIDGEWAY AVENUE,477435476,1216.7209722369944,A41,True,-76.1060196427945,43.04937547029949
ONONDAGA CREEK BOULEVARD,477444559,1219.4735670741252,A41,True,-76.15187103225067,43.01151632574509
REMINGTON AVENUE,477443849,1219.9619083894002,A41,True,-76.13275040581023,43.01694825980061
STINARD AVENUE,477442824,1219.9673296565488,A41,True,-76.17351016118761,43.023983052681686
EMERSON AVENUE,477432267,1223.9545543373595,A41,True,-76.19479381224826,43.059095557065405
GLENWOOD AVENUE,477443281,1224.3030676940414,A41,True,-76.1771119970982,43.020609476531156
ONONDAGA CREEK BOULEVARD EAST,477444490,1226.0339091526923,A41,True,-76.15152803330697,43.011660855572615
SEYMOUR STREET,477437686,1230.5525171980005,A41,True,-76.16934547015447,43.04202043320713
DUKE DRIVE,477432796,1239.3812093198048,A41,True,-76.18568608321566,43.057553617609805
ERIE BOULEVARD WEST,477435837,1240.6665642745145,A31,True,-76.16853327972146,43.04828999555148
SCOTT AVENUE,477439603,1245.0964559910792,A41,True,-76.10732047909534,43.037572076383015
FITCH STREET,477439519,1260.539987668603,A41,True,-76.17117325018378,43.03720137791308
FARM ACRE ROAD,477443360,1261.913516873251,A41,True,-76.12066031875962,43.0192888323653
EMERSON AVENUE,477432841,1262.5371478666443,A41,True,-76.1909209795988,43.05750055255178
MIDLAND AVENUE,477444919,1266.512480521046,A31,True,-76.14754841531642,43.00879675181194
ERIE BOULEVARD EAST,800074809,1267.2005877267732,A25,True,-76.10639032481953,43.05353596903956
LOCKWOOD ROAD,477438875,1268.6199858533796,A41,True,-76.08797883685978,43.03845489715042
DORWIN AVENUE,477447324,1271.748433363471,A41,True,-76.15266200691696,42.98518827674509
ERIE BOULEVARD WEST,506021506,1299.091679372923,A31,True,-76.18389256132377,43.05394999241462
SUNHILL TERRACE,477441877,1310.3453173077187,A41,True,-76.18924879350955,43.02899629948886
ERIE BOULEVARD EAST,477433342,1312.8363672618436,A25,True,-76.09331938593054,43.055061562926696
NELSON STREET,477436849,1316.5557807873004,A41,True,-76.17613124505608,43.04594188903676
COLERIDGE AVENUE,477437200,1319.6990499761762,A41,True,-76.1817242932365,43.04437121896482
COLERIDGE AVENUE,477437643,1332.8416294777412,A41,True,-76.18603958114207,43.04274068820088
SPENCER STREET,477432438,1337.176696784537,A41,True,-76.17761682540949,43.058429006689494
GLENWOOD AVENUE,477442872,1351.7376403371175,A41,True,-76.17923943547143,43.023715503264214
FELLOWS AVENUE,477437758,1360.8271077944735,A41,True,-76.11559842104448,43.04355720712919
ARMSTRONG PLACE,477444086,1388.2677348446575,A41,True,-76.16775962608034,43.01383251262753
SYRACUSE STREET,477435927,1388.4087812770028,A41,True,-76.17914822612416,43.048693176655796
SIMON DRIVE,600051413,1395.2391347974815,A41,True,-76.10138582826188,43.0561011419852
CHAPPLE WAY,600035941,1416.085756013458,A41,True,-76.12626505369687,43.024722911094294
CONSERVATION PLACE,477436800,1431.0103666956632,A41,True,-76.17868820842176,43.04502694532519
SHONNARD STREET,477437980,1433.4035522223892,A41,True,-76.16932619370264,43.04111578063848
PULASKI STREET,477431952,1434.2827233266141,A41,True,-76.174525818646,43.06073819125814
BARNES AVENUE,477445541,1436.9655889395938,A41,True,-76.15896663453559,43.005831924113295
CULBERT STREET,477429530,1448.1642581835815,A41,True,-76.1499568077882,43.072039330179116
FURMAN STREET,477441098,1453.404952407546,A41,True,-76.15083084091225,43.03117712448793
VAN RENSSELAER STREET,477431505,1457.8331933146787,A41,True,-76.17227923035068,43.06248665184369
WEST MATSON AVENUE,477444230,1461.1470468898224,A41,True,-76.15061497227317,43.01281617826784
ROBERTS AVENUE,477442530,1463.4403415357428,A41,True,-76.16981164828596,43.02512148740356
SOUTH AVERY AVENUE,477438886,1473.4613700594255,A41,True,-76.18912369052869,43.040627683642356
LAFAYETTE ROAD,477447095,1479.0433404710757,A41,True,-76.13033373284155,42.99001029056201
ALANSON ROAD,477442655,1479.363046842542,A41,True,-76.17234681837301,43.02509310551092
WEST KENNEDY STREET,477441676,1481.3222719739629,A31,True,-76.15545529937809,43.02868491664472
CROUSE DR,477439218,1491.4116843583886,A41,True,-76.13595298372317,43.03820004944134
BROOKFORD ROAD,477439924,1505.391238990897,A41,True,-76.09853836804919,43.036269984349104
RESTORATION WAY,600009024,1511.9527224355243,A41,True,-76.19140192022445,43.06211969893506
SOUTH GEDDES STREET,477442938,1516.9048302180747,A31,True,-76.17467266174056,43.02358270605067
BELLE AVENUE,477444417,1536.2842261648568,A41,True,-76.14488669476374,43.01146075056549
ACADEMY GREEN,477446135,1555.4326634620704,A41,True,-76.15011735967468,42.999826896133804
HOPPER ROAD,477446087,1567.157052685853,A41,True,-76.15918460933466,43.00101263957865
BRATTLE ROAD,477431008,1578.3408190395583,A41,True,-76.12869445372306,43.065191279968694
EAST BRIGHTON AVENUE,477444075,1579.391828282001,A31,True,-76.13658380132308,43.01572285342305
HALL AVENUE,477444306,1591.277387485349,A41,True,-76.14485632817363,43.01233668166152
AUSTIN AVENUE,477441951,1616.4582493368198,A41,True,-76.18824368567114,43.02906826684775
ROCK CUT ROAD,477445224,1630.9441723012503,A31,False,-76.12187936622186,43.00630930806696
SCOTTHOLM TERRACE,477438767,1647.748254517935,A41,True,-76.11157359329553,43.040686807971106
EAST SENECA TURNPIKE,477446177,1651.5942257951829,A31,False,-76.12287978453818,42.998869087848036
WEST MATSON AVENUE,477444173,1652.8786680961118,A41,True,-76.14481797602966,43.013221179583155
WEST SENECA TURNPIKE,477445582,1654.2017140244748,A31,False,-76.16276359239971,43.00477618418894
JAMESVILLE AVENUE,477445048,1662.8573978540655,A41,False,-76.12017780657675,43.00854867619034
KIRK PARK DRIVE,477442621,1663.2267160936174,A41,True,-76.15525316381698,43.02540182966382
SOLAR STREET,477431141,1747.3919315930268,A41,True,-76.163681929678,43.06269645718093
GRAND AVENUE,477439437,1752.9296097242432,A31,True,-76.18514824326648,43.03728054755512
MEADOWBROOK DRIVE,477442058,1776.9089756935202,A41,True,-76.11648234333182,43.02824697116481
CHAFFEE AVENUE,477446214,1815.2691400648548,A41,True,-76.15624763063524,42.99759386620231
ROBINEAU ROAD,800050420,1824.3242490674213,A41,True,-76.17128251775124,43.025116032317975
HANCOCK DRIVE,477442836,1827.2879305181582,A41,True,-76.17852484528325,43.02453610664163
JENSEN AVENUE,800097683,1933.3695015954067,A41,True,-76.17765849328251,43.04206800478055
IVY RIDGE ROAD,477444074,1967.8209792709195,A41,True,-76.1346546699246,43.01573133540575
ERIE BOULEVARD WEST,477435840,2293.6689951439976,A31,True,-76.17873158247502,43.049791434770746
VALLEY DRIVE,515167916,2514.0525575781317,A31,True,-76.15356671915593,42.988617636579995
SKYTOP ROAD,477445098,2764.1354499011327,A41,False,-76.11490895491401,43.01080249165141
LAFAYETTE ROAD,477447702,2893.925170819901,A41,False,-76.12776472444504,42.98438838953004
ERIE BOULEVARD WEST,477432942,3025.879452886003,A31,True,-76.19095623625932,43.058557935750486
CANAL STREET,477433624,3358.7904978207334,A41,True,-76.10982125568017,43.054763311526806
