name,component,length_ft,full_component_ft,outside_city_ft,wholly_inside,source_segments,source_ids,lon,lat,components_in_city
SPRING LANE,1,64.37446400867464,64.37446400867464,0.0,True,1,477429983,-76.15193328588224,43.06810160163927,1
MEADE COURT,1,71.29839533393361,71.29839533393361,0.0,True,1,477437062,-76.16164334499432,43.04402264464654,1
PAGE AVENUE,1,75.06430469741078,75.06430469741078,0.0,True,1,482659670,-76.17281184633738,43.03186981025155,1
WEST LAUREL STREET,1,80.93980061305632,80.93980061305632,0.0,True,1,477432982,-76.15220832357151,43.056022088959054,1
ONONDAGA LAKE PARKWAY,2,83.67969656175339,83.67969656175339,0.0,True,1,800042162,-76.17328833619322,43.07534678046664,2
SOUTH CLINTON STREET,2,85.46702791503316,85.46702791503316,0.0,True,1,800067173,-76.15139364546533,43.03650703967142,2
CORCORAN COURT,1,91.70688895163948,91.70688895163948,0.0,True,1,481561674,-76.16068183316843,43.04607610670259,1
COSTELLO COURT,1,94.50532334959179,94.50532334959179,0.0,True,1,477437003,-76.16086331935786,43.04425109016543,1
WILL COURT,1,98.44862929925341,98.44862929925341,0.0,True,1,477436913,-76.16006026052436,43.04445310965559,1
WEST KIRKPATRICK STREET,2,104.5464678785551,104.5464678785551,0.0,True,1,477431325,-76.15879851237793,43.06223247180157,2
SCHOENECK COURT,1,109.3338293627988,109.3338293627988,0.0,True,1,477436589,-76.16235128561274,43.04564664724692,1
GAIS DRIVE,1,110.13889141990768,110.13889141990768,0.0,True,1,477436785,-76.10135827198371,43.04476813380936,1
SIZER STREET,1,111.67992482649325,111.67992482649325,0.0,True,1,506986281,-76.14343678947495,43.03656810561257,1
GREEN STREET ANNEX,1,114.1285951256115,114.1285951256115,0.0,True,1,477433145,-76.13708058152905,43.05553639508923,1
GALE STREET,1,115.14265685297507,115.14265685297507,0.0,True,1,477432616,-76.11504026486982,43.05730011411148,1
PARK ROAD,1,115.6092422861329,115.6092422861329,0.0,True,1,477430585,-76.13944531640335,43.06512612814937,1
EAST GENESEE STREET,3,120.87948950119119,120.87948950119119,0.0,True,1,481561664,-76.1498554782962,43.049713482918335,3
FOREST EDGE DRIVE,1,124.49542183734071,124.49542183734071,0.0,True,1,477442577,-76.20219209554246,43.02375326767756,2
J STANLEY COYNE CIRCLE,1,124.85078372342711,124.85078372342711,0.0,True,1,477439574,-76.15527881221077,43.0361916255585,1
GRAPE TERRACE,1,125.73537639269848,125.73537639269848,0.0,True,1,477439458,-76.14569633448127,43.03639660968903,1
GREEN STREET COURT,1,133.2580826267116,133.2580826267116,0.0,True,1,477432981,-76.13581832631519,43.05612813880828,1
SMILEY DRIVE,1,139.85725786678228,139.85725786678228,0.0,True,1,477445190,-76.14630985295031,43.00622920723811,1
MORNINGSIDE TERRACE,1,142.7012433072248,142.7012433072248,0.0,True,1,477441574,-76.1243930556239,43.0286596571943,1
LANDMARK PLACE,1,147.77000724795195,147.77000724795195,0.0,True,1,509997469,-76.14586780578514,43.04906960257395,1
WOODLAND AVENUE,2,149.97021131573663,149.97021131573663,0.0,True,1,477441280,-76.14211125215547,43.029711133559836,2
FITCH STREET,1,153.39320124535223,153.39320124535223,0.0,True,1,477439074,-76.17827926699606,43.03768663481636,3
PRINCETON AVENUE,1,154.20620466944777,154.20620466944777,0.0,True,1,477444276,-76.1699343047478,43.01242313684481,1
OXFORD STREET,2,157.71884821290612,157.71884821290612,0.0,True,1,477440172,-76.15538717655723,43.033916490146325,2
DECKER STREET,1,161.8715009162528,161.8715009162528,0.0,True,1,477434333,-76.14682985116956,43.05206771851619,1
SOUTH LOWELL AVENUE,2,163.0112978841477,163.0112978841477,0.0,True,1,477436575,-76.17996804829734,43.04577320931858,3
EAST PLEASANT AVENUE,1,163.34761379409053,163.34761379409053,0.0,True,1,477443566,-76.14115425486035,43.017399597506206,1
TRUTH TERRACE,1,164.00797037833215,164.00797037833215,0.0,True,1,477439699,-76.14570430309871,43.035608450748654,1
SOUTH LOWELL AVENUE,3,167.3540186873007,167.3540186873007,0.0,True,1,800051049,-76.18010260749527,43.045714437750036,3
LENNOX AVENUE,1,168.3105893456399,168.3105893456399,0.0,True,1,513530282,-76.11537728682248,43.035826785855264,2
MICHAELS CIRCLE,1,176.26304447010443,176.26304447010443,0.0,True,1,477442244,-76.1367574812807,43.025452115502006,1
ALBERT TERRACE,1,178.12944114158068,178.12944114158068,0.0,True,1,477440070,-76.14672477578502,43.0342200868886,1
GREEN STREET PLACE,1,179.05287088587545,179.05287088587545,0.0,True,1,477433120,-76.13641079504619,43.05575764890952,1
SIDMAN AVENUE,1,179.94404698723915,179.94404698723915,0.0,True,1,477432298,-76.19759881553077,43.058261637617136,1
PALMER LANE,1,180.23134144224798,180.23134144224798,0.0,True,1,477444372,-76.1608931722478,43.01187753911776,1
DAYBREAK LANE,1,181.70427537644676,181.70427537644676,0.0,True,1,477442855,-76.12817277793648,43.02221636160235,1
DODGE DRIVE,1,183.75762717888884,183.75762717888884,0.0,True,1,477442531,-76.12017910124484,43.02395987342376,1
EAST NEWELL STREET,1,186.64104146070542,186.64104146070542,0.0,True,1,477443465,-76.14138798737352,43.01807407723446,1
STRATHMORE ROAD,1,187.77873490976788,187.77873490976788,0.0,True,1,477443262,-76.17369942724503,43.01961741633112,1
MOREY AVENUE,1,189.67688251263806,189.67688251263806,0.0,True,1,477444698,-76.14999528596559,43.00943262627397,1
BOYDEN PLACE,1,190.46459167740448,190.46459167740448,0.0,True,1,477431594,-76.12358546904038,43.061181435006176,1
RADISSON COURT,1,191.45934953398108,191.45934953398108,0.0,True,1,477438363,-76.1448037857753,43.04005563551062,1
BELMONT STREET,1,191.4869297623661,191.4869297623661,0.0,True,1,477437096,-76.16920049109032,43.043855778532944,1
ROBINCROFT ROAD,1,200.46579285363893,200.46579285363893,0.0,True,1,477432388,-76.12913728452624,43.058214639186,1
JERICHO DRIVE,1,201.45718254295917,201.45718254295917,0.0,True,1,477442772,-76.1379194683618,43.0228712030904,1
EAST GIFFORD PARKWAY,1,202.6900228854318,202.6900228854318,0.0,True,2,477437975;506986299,-76.08434776296131,43.04133625612603,1
LIGHT COURT,1,203.18076783974087,203.18076783974087,0.0,True,1,477437959,-76.14178062311093,43.04137685325303,1
WARNER COURT,1,203.37400599546018,203.37400599546018,0.0,True,1,477432341,-76.19925733568361,43.05820964354013,1
GLASS TERRACE,1,204.04419461541372,204.04419461541372,0.0,True,1,477441567,-76.1417818090127,43.02851613671544,1
WILL AVENUE,1,204.15932640583551,204.15932640583551,0.0,True,1,477440785,-76.17239130895146,43.031748501957836,1
FRISBIE COURT,1,206.60891687178093,206.60891687178093,0.0,True,1,477437984,-76.14097639969893,43.04133947287313,1
MANLEY FIELD HOUSE,1,207.4581603863372,207.4581603863372,0.0,True,1,600035933,-76.12837166495949,43.024917697655994,2
GAGE COURT,1,207.95310881510912,207.95310881510912,0.0,True,1,477438416,-76.14144594785866,43.039830714356704,1
HIGHRIDGE PLACE,1,210.62859027761957,210.62859027761957,0.0,True,1,477441958,-76.20003629576954,43.02693160311184,1
PAVILLION TERRACE,1,220.1982430371021,220.1982430371021,0.0,True,1,477439423,-76.146828395538,43.03649530687384,1
BRONX AVENUE,1,222.22423764297812,222.22423764297812,0.0,True,2,477428952;477428956,-76.13366330378562,43.07344554538892,1
EAST BELDEN AVENUE,1,223.62905371286953,223.62905371286953,0.0,True,1,477433345,-76.15088429975826,43.05495361238606,1
ARGYLE AVENUE,2,223.70305675257597,223.70305675257597,0.0,True,1,477428586,-76.13381930128293,43.0752241427289,1
MULBERRY TERRACE,1,224.5827413391735,224.5827413391735,0.0,True,1,477439605,-76.14638104564277,43.036194170168706,1
ACADIA AVENUE,1,226.11954291435734,226.11954291435734,0.0,True,1,477428203,-76.13397334981725,43.077066629450314,1
DANFORTH TERRACE,1,227.35231901288915,227.35231901288915,0.0,True,1,477439403,-76.1463963337287,43.03680872913311,1
CHANNING PLACE,1,227.99401815599475,227.99401815599475,0.0,True,1,477446225,-76.14161381361612,42.99766907899883,1
CENTRAL AVENUE,1,230.61403718894255,230.61403718894255,0.0,True,1,477437144,-76.1682408341619,43.04374062377823,1
HICKORY STREET,2,233.27123897086815,233.27123897086815,0.0,True,1,477433681,-76.15015634656979,43.054010202591435,2
CADWELL PLACE,1,235.1241409069534,235.1241409069534,0.0,True,1,477439233,-76.1750753056934,43.037203365587295,1
LINWILL TERRACE,1,235.30182477489114,235.30182477489114,0.0,True,1,477429208,-76.11647378141558,43.07230315567601,1
TITUS ALLEY,1,235.76395822415867,235.76395822415867,0.0,True,1,477431017,-76.15631715592309,43.063689950624315,1
CHENNAULT DRIVE,1,241.10723261074216,241.10723261074216,0.0,True,1,477439640,-76.11121745565903,43.03589763049992,1
JASPER PLACE,1,242.07524732199866,242.07524732199866,0.0,True,1,477431334,-76.1418669108814,43.0621058922066,1
COFFEY DRIVE,1,242.42640164687137,242.42640164687137,0.0,True,1,477435924,-76.18477028246689,43.04802987030682,1
SHELBOURNE PLACE,1,246.4545912375243,246.4545912375243,0.0,True,1,477442581,-76.16399427806822,43.023894622699395,1
EDMUND AVENUE,1,246.77255018866515,246.77255018866515,0.0,True,1,477443653,-76.15353080979693,43.017178959945205,1
CRYSLER STREET,1,247.64308684065324,247.64308684065324,0.0,True,1,477435765,-76.18121730659394,43.048587606265585,1
THURGOOD TERRACE,1,249.23796265933055,249.23796265933055,0.0,True,1,477439723,-76.14669965882524,43.03553427764022,1
MORTON AVENUE,1,252.15027491782658,252.15027491782658,0.0,True,1,477441641,-76.16121029435055,43.02843995403886,1
EAST CORNING AVENUE,1,252.31702516213326,252.31702516213326,0.0,True,1,477443373,-76.14162712569944,43.018869484051436,1
GARFIELD PLACE,1,255.84508306730476,255.84508306730476,0.0,True,1,477441777,-76.14151925676127,43.02764811492529,1
KIRKPATRICK STREET,1,257.04362494935083,257.04362494935083,0.0,True,1,477431138,-76.15749980097277,43.06316560281016,2
PARKVIEW AVENUE,1,258.0040215552982,258.0040215552982,0.0,True,1,477442006,-76.16282279002577,43.02657763247586,1
IRON PIER DRIVE,1,258.9706496272725,258.9706496272725,0.0,True,1,800032497,-76.16817564812968,43.06043046890836,1
SALT SHED DRIVE,1,260.10109569018425,260.10109569018425,0.0,True,1,800032502,-76.16696129787857,43.059685550607966,1
SENECA PLACE,1,261.79817259027345,261.79817259027345,0.0,True,1,477445601,-76.15960675243856,43.00382448599248,1
STONE COURT,1,264.0133708714384,264.0133708714384,0.0,True,1,477436525,-76.16151590461862,43.045859353710206,1
ORANGE ALLEY,1,264.3163926265406,264.3163926265406,0.0,True,1,477435911,-76.14045159698199,43.04793164844415,1
PENTA DRIVE,1,269.1047214506064,269.1047214506064,0.0,True,2,477442780;477442781,-76.13737062317749,43.0225834646698,1
CRIPPEN PLACE,1,269.7432641060675,269.7432641060675,0.0,True,1,477445563,-76.14417780312094,43.004146092116166,1
LONGMEADOW CIRCLE,1,270.89587495824895,270.89587495824895,0.0,True,1,477447068,-76.14640977808814,42.98841161552241,1
PHELPS PLACE,1,271.6101973431252,271.6101973431252,0.0,True,1,477446143,-76.13823728658824,42.99868961038457,1
BELLAIRE PLACE,1,272.9945655960526,272.9945655960526,0.0,True,1,477442575,-76.16287230779737,43.023965596981256,1
KANE ROAD,1,279.37205341311784,279.37205341311784,0.0,True,1,477431578,-76.19779006513757,43.061148671352164,1
ORISKANY DRIVE,1,279.5424090230298,279.5424090230298,0.0,True,1,477442652,-76.13742416800325,43.02316627147238,1
WILSON PLACE,1,279.865291249763,279.865291249763,0.0,True,1,477437916,-76.08377958056383,43.04157556353786,1
WEST END DRIVE,1,280.0617611295658,280.0617611295658,0.0,True,1,477432240,-76.1978913624257,43.058738012684046,1
SNELL TERRACE,1,280.1193972773351,280.1193972773351,0.0,True,1,477446142,-76.13769993192105,42.99900393229562,1
GENANT TO NORTH CLINTON CONNECTOR,1,283.28165022967494,283.28165022967494,0.0,True,1,477430853,-76.16140857600534,43.064366779855746,1
MARCIA STREET,1,284.56701070512145,284.56701070512145,0.0,True,1,477427740,-76.15054231769456,43.0795831382132,1
HIGHLAND PLACE,1,285.8088831167311,285.8088831167311,0.0,True,1,477431917,-76.14174064183781,43.05974770277144,1
SHONNARD STREET,2,286.72318517301085,286.72318517301085,0.0,True,1,477437506,-76.15521068499294,43.04257251324206,2
ARGONNE DRIVE,1,287.29696090910625,287.29696090910625,0.0,True,1,477441944,-76.18030484072821,43.0269085470349,1
ELLEN STREET,1,287.61693633126237,287.61693633126237,0.0,True,1,477427631,-76.15139929839087,43.08019765281489,1
SAND STREET,2,288.5582003400804,288.5582003400804,0.0,True,1,477432903,-76.16760003465103,43.05659682490902,2
SAINT MARYS TERRACE,1,291.74575468455384,291.74575468455384,0.0,True,1,477427682,-76.14733880960115,43.0799886461534,1
WILLISTON AVENUE,1,294.6525931685294,294.6525931685294,0.0,True,2,477429508;477429538,-76.14376716369969,43.070462390401424,1
RANN AVENUE,1,296.6001844104033,296.6001844104033,0.0,True,1,477433906,-76.18641951397198,43.05346617446953,1
BENDER STREET,1,298.7758209340166,298.7758209340166,0.0,True,1,477428319,-76.13589330614995,43.076490635910325,1
WILKIE PLACE,1,300.70730656651597,300.70730656651597,0.0,True,1,477429606,-76.140079281922,43.07020161737771,1
MILFORD COURT,1,304.0993458757618,304.0993458757618,0.0,True,1,477429971,-76.09661849806446,43.06821908649073,1
LANCASTER PLACE,1,304.268914025029,304.268914025029,0.0,True,1,477441805,-76.12263024959998,43.02751863391556,1
DUPLI PARK DRIVE,1,304.6783245327206,304.6783245327206,0.0,True,1,600009003,-76.15727141230307,43.057126866490364,1
LACY PLACE,1,308.9456827818997,308.9456827818997,0.0,True,1,477429483,-76.16146739788334,43.07085874091332,1
EAST GENESEE STREET,2,313.2801397915413,313.2801397915413,0.0,True,2,481561655;800066374,-76.15127654202503,43.050309653418495,3
COSSITT STREET,1,315.01470471574,315.01470471574,0.0,True,1,477446302,-76.15215801335536,42.99629746352387,1
TULLY STREET,2,315.09461212794247,315.09461212794247,0.0,True,2,477436531;800040238,-76.15775668512184,43.04574994654082,2
COMMONWEALTH AVENUE,1,315.84374204350183,315.84374204350183,0.0,True,1,477429370,-76.16300164348996,43.071472774352294,1
EAST DIVISION STREET,2,316.2347452917995,316.2347452917995,0.0,True,2,477430127;477430243,-76.14618489793047,43.06718843604956,2
WEST WATER STREET,1,316.32165380272204,316.32165380272204,0.0,True,1,512620141,-76.1583074907773,43.05014798565385,2
OSWEGO BOULEVARD,1,316.74135678166306,316.74135678166306,0.0,True,1,477434873,-76.1497229724414,43.05124013991645,1
COLDBROOK DRIVE,2,316.83838243690866,316.83838243690866,0.0,True,1,477447074,-76.13991581827386,42.988667934141446,2
SAILE STREET,1,317.19782737666833,317.19782737666833,0.0,True,1,477429403,-76.1425172889761,43.07092510859995,1
EAST LAFAYETTE AVENUE,1,318.1712285285468,318.1712285285468,0.0,True,1,513531417,-76.14190036096741,43.019700747193866,1
FLETCHER AVENUE,2,319.635406922971,319.635406922971,0.0,True,1,477443762,-76.1665029033943,43.01641751626991,2
CROTON TERRACE,1,321.27773936012403,321.27773936012403,0.0,True,1,477439955,-76.14622721946057,43.03508037330944,1
FLORAL PARKWAY,1,323.3675964886662,323.3675964886662,0.0,True,1,477445714,-76.14638588073217,43.00246786417868,1
EASTVIEW AVENUE,1,324.410789650134,324.410789650134,0.0,True,1,477441591,-76.16407681720331,43.02830521839767,1
PLEASANTVIEW AVENUE,2,327.4268923492147,327.4268923492147,0.0,True,1,477429100,-76.13361427152965,43.07299760790285,2
ANGELOU TERRACE,1,329.2815735181619,329.2815735181619,0.0,True,1,477437679,-76.14693623868014,43.0419658696268,1
ROCKFORD DRIVE,1,333.1074768529088,333.1074768529088,0.0,True,1,477438397,-76.10119076415101,43.03965909988218,1
DAISY STREET,1,333.8922831266968,333.8922831266968,0.0,True,1,477439778,-76.15828379602162,43.03534711509824,1
BURTEN STREET,1,334.6468608806156,334.6468608806156,0.0,True,1,477443300,-76.13438489588766,43.02043305335708,1
LORETTO ROUNDABOUT,1,336.47530902436836,336.47530902436836,0.0,True,5,800100173;800100174;800100176;800100182;800100183,-76.13635435251608,43.00897012502201,1
MEADOWBROOK DRIVE,3,336.5075109013112,336.5075109013112,0.0,True,1,477442388,-76.12118174597688,43.024687096734844,3
MARKET STREET,1,336.9585304061458,336.9585304061458,0.0,True,2,477435376;800066624,-76.14885783554169,43.04999596878102,1
OAK PLACE,1,337.62935610090193,337.62935610090193,0.0,True,1,477432821,-76.13274177274553,43.05642513447497,1
LARNED STREET,1,338.35179561318415,338.35179561318415,0.0,True,1,477438062,-76.15409825892215,43.040909390234255,1
THIRD AVENUE,1,338.3681027942431,338.3681027942431,0.0,True,1,477429633,-76.14267028096744,43.069610371765414,1
GALE AVENUE,1,339.3211796975703,339.3211796975703,0.0,True,1,477432895,-76.11497030503487,43.05667860345601,1
GRASSMAN AVENUE,1,340.5993647734792,340.5993647734792,0.0,True,1,477430325,-76.14389447390774,43.0665917431734,1
ROCKWOOD ROAD,1,341.9130024515637,341.9130024515637,0.0,True,1,477442618,-76.19959575499581,43.02361106481876,1
EAST BRIGHTON AVENUE AVENUE NORTHBOUND,1,343.08153163253763,343.08153163253763,0.0,True,1,477444818,-76.13203208190666,43.00851315742518,1
COYKENDALL AVENUE,1,344.21358799183315,344.21358799183315,0.0,True,1,477432869,-76.19646832624024,43.056712155337856,1
EASTMAN AVENUE,1,344.9919122892224,344.9919122892224,0.0,True,1,477442910,-76.15993379442274,43.021812130666206,1
JOHN STREET,2,345.0020364305923,345.0020364305923,0.0,True,1,477430032,-76.14448479663689,43.06811713721957,2
GRANGER STREET,1,345.3983539780376,345.3983539780376,0.0,True,2,477436932;477437044,-76.15670259514133,43.04446653471273,2
WEST SCOTT AVENUE,1,345.86273760793176,345.86273760793176,0.0,True,1,477437961,-76.11012121458653,43.04145635501511,1
BROWN STREET,1,346.5965693573749,346.5965693573749,0.0,True,1,509997546,-76.14621373354785,43.051804523076484,1
TEMPLE STREET,2,348.4220061056181,348.4220061056181,0.0,True,1,513530914,-76.15133170895234,43.04058154940538,2
VILLAGE DRIVE EXTENSION,1,348.6749935003087,348.6749935003087,0.0,True,1,477429429,-76.11972064653807,43.07123863472926,1
BEAUMONT PLACE,1,350.7666077388312,350.7666077388312,0.0,True,2,477436756;477436763,-76.08703589591687,43.044871216053885,1
KINCAID AVENUE,1,351.66810619576137,351.66810619576137,0.0,True,1,477432544,-76.19918230976427,43.0576586119156,1
DOUGALL AVENUE,1,353.0942532244013,353.0942532244013,0.0,True,1,477442271,-76.14044360703535,43.02565006794479,1
LATIMER TERRACE,1,353.4250104732121,353.4250104732121,0.0,True,1,477438523,-76.1466453098532,43.039827653602785,1
STINARD AVENUE,2,353.5323563085185,353.5323563085185,0.0,True,1,477440721,-76.17410579710807,43.03240110508264,2
EDGEWOOD DRIVE,1,354.359621479568,354.359621479568,0.0,True,2,477447041;800054583,-76.13735709356477,42.98872416825288,1
CHATHAM PLACE,1,355.53870338516884,355.53870338516884,0.0,True,1,477427296,-76.1447613539106,43.08218611419904,1
WEST DIVISION STREET,1,356.7041873535875,356.7041873535875,0.0,True,1,477432043,-76.1559609511475,43.05931421952168,2
STACY PLACE,1,357.4949571071928,357.4949571071928,0.0,True,1,477446449,-76.15078159288468,42.9949879529196,1
BRONSON STREET,1,357.99853029649836,357.99853029649836,0.0,True,1,477446612,-76.1453688809743,42.993931904304986,1
PARK AVENUE,3,359.1197970035245,359.1197970035245,0.0,True,1,477434356,-76.15959825469861,43.052036494083225,3
MARJORIE STREET,1,360.9961590173219,360.9961590173219,0.0,True,1,477446615,-76.14644816928728,42.99388828484138,1
CHAVEZ TERRACE,1,361.8748103883647,361.8748103883647,0.0,True,1,477438002,-76.14688331887339,43.04102211003865,1
MONTGOMERY STREET,4,365.1375324790882,365.1375324790882,0.0,True,1,477440007,-76.14823782663316,43.03495714040163,4
ROSEWOOD STREET,1,366.07252535684097,366.07252535684097,0.0,True,2,477432015;477432092,-76.1431002674787,43.05920912314244,1
STEWART COURT,1,366.37682584481075,366.37682584481075,0.0,True,1,513530326,-76.14311282124206,43.04089714523023,1
JAMES HEATH ROAD,1,367.8196980747177,367.8196980747177,0.0,True,1,477431047,-76.12456352128552,43.06351461560247,1
GARY AVENUE,1,370.27449720914444,370.27449720914444,0.0,True,1,477447323,-76.1423582230726,42.98559572142863,1
ACORN PATH,1,373.7679898821417,373.7679898821417,0.0,True,1,477441094,-76.12857375034812,43.03057625326215,1
HARTLEY STREET,1,374.20066524533104,374.20066524533104,0.0,True,1,477429881,-76.1426213835658,43.06852461008589,1
NORTON AVENUE,1,374.29559028159326,374.29559028159326,0.0,True,2,477429248;477429253,-76.1121345788152,43.071714678507924,1
AMIDON DRIVE,1,380.11093319737927,380.11093319737927,0.0,True,1,477446277,-76.14401187505503,42.99665094660663,1
BEACON ROAD,2,380.4074843212145,380.4074843212145,0.0,True,2,477428929;477428948,-76.11232832376257,43.073499354665444,2
UNIVERSITY PLACE,2,380.65066787689807,380.65066787689807,0.0,True,1,511163754,-76.13730828366128,43.0394299014593,2
BRISTOL PLACE,1,381.12053811940154,381.12053811940154,0.0,True,1,477437651,-76.12293448314054,43.042441928649936,1
TRAFFIC CIRCLE,1,381.23448548513403,381.23448548513403,0.0,True,3,600035932;600035934;600035935,-76.12775063803677,43.02493203528751,1
NORMAN AVENUE,1,387.0302952161514,387.0302952161514,0.0,True,1,477446660,-76.15053908316573,42.99280505624426,1
OAKWOOD AVENUE,2,388.0049404087949,388.0049404087949,0.0,True,2,477438555;477438889,-76.1455788342471,43.038849978943944,2
GRANDVIEW AVENUE,1,388.2475377432433,388.2475377432433,0.0,True,1,477440837,-76.17127200840734,43.031550928653786,1
GROVE STREET,1,388.9490880244168,388.9490880244168,0.0,True,1,477444601,-76.15615280140528,43.01028908897017,1
INVERNESS PLACE,1,389.6969449123771,389.6969449123771,0.0,True,1,477441040,-76.19495615208346,43.03091811668614,1
UNION PLACE,1,390.511305557964,390.511305557964,0.0,True,2,477430887;477430963,-76.15668626676323,43.063902009498115,2
SHERIDAN PLACE,1,391.01124773238104,391.01124773238104,0.0,True,1,477432067,-76.10256983346434,43.05939819438852,1
GARFIELD AVENUE,2,392.9018392290733,392.9018392290733,0.0,True,1,477442305,-76.14124526430602,43.02565232916203,2
BELLSHIRE LANE,1,394.79699897275293,394.79699897275293,0.0,True,1,477427845,-76.15347762614095,43.079202822101195,1
KANDACE STREET,1,395.62545350436807,395.62545350436807,0.0,True,1,477440544,-76.18253878920927,43.033128629776385,1
IVES AVENUE,1,395.65877328650816,395.65877328650816,0.0,True,3,477434997;477435267;800066497,-76.11606317358034,43.05051144496028,1
MACDOUGALL PLACE,1,397.1656653713213,397.1656653713213,0.0,True,1,477446010,-76.15172743332661,43.00038395569499,1
TYLER COURT,1,397.8791104291415,397.8791104291415,0.0,True,1,477437790,-76.14311478472035,43.04218461979294,1
MILTON AVENUE,2,398.0031926817348,398.0031926817348,0.0,True,1,477434940,-76.18932064867697,43.05130975918562,2
STEVENS PLACE,1,399.7666383693891,399.7666383693891,0.0,True,1,477443468,-76.13610583419968,43.018539939029594,1
LOEHR AVENUE,1,401.0951799931017,401.0951799931017,0.0,True,1,477439954,-76.1803128235576,43.034672134078114,1
ARDMORE PLACE,1,404.65232754645143,404.65232754645143,0.0,True,2,477427396;477427482,-76.14324905222718,43.08122818673266,1
WEST JEFFERSON STREET,2,404.9185842284201,404.9185842284201,0.0,True,3,477436175;800036944;800037217,-76.15806838786476,43.04711703452164,2
WEISER COURT,1,405.18554402610255,405.18554402610255,0.0,True,1,477437788,-76.14486598664234,43.04220164925953,1
EAST OSTRANDER AVENUE,1,410.34549398998644,410.34549398998644,0.0,True,1,477443996,-76.14065431695464,43.01424228120539,1
ELOISE TERRACE,1,411.73038508254626,411.73038508254626,0.0,True,1,477442144,-76.1626893908283,43.0259886893083,1
HILLTOP ROAD,1,412.58459041091595,412.58459041091595,0.0,True,1,477441975,-76.19449998207993,43.02728679912356,1
HENDERSON STREET,1,412.60677649571227,412.60677649571227,0.0,True,1,477433304,-76.13403362712411,43.05505240476702,1
ROCK CUT ROUNDABAOUT,1,412.76072647712164,412.76072647712164,0.0,True,4,477445217;800100346;800100347;800100348,-76.13120839391519,43.006180131590725,1
MERZ AVENUE,1,416.42898480904256,416.42898480904256,0.0,True,1,477431097,-76.13853909808846,43.06369873386075,1
DABLON COURT,1,416.6819688659563,416.6819688659563,0.0,True,1,513530324,-76.14485720899928,43.04088906788924,1
BLOSSOM ROAD,1,418.67112158107574,418.67112158107574,0.0,True,1,477437207,-76.10515523102458,43.04398617179914,1
EAST GENESEE PARKWAY,1,421.6233267476275,421.6233267476275,0.0,True,1,477437553,-76.09237219837463,43.04249478659241,2
PERSHING AVENUE,1,425.5794289393774,425.5794289393774,0.0,True,2,477428817;477428821,-76.13996531470698,43.0741474188088,1
BALLARD AVENUE,1,426.5531183640122,426.5531183640122,0.0,True,1,477441204,-76.15615116216898,43.03056145132607,1
WAITE AVENUE,1,427.1798599899848,427.1798599899848,0.0,True,1,477433763,-76.18016821942456,43.05376975247593,1
OTTO STREET,1,427.489091239252,427.489091239252,0.0,True,1,477445479,-76.14031946624075,43.004930771640154,1
CREHANGE STREET,1,427.93748958549315,427.93748958549315,0.0,True,1,477442853,-76.15419469280694,43.022315042391405,1
CHINOOK DRIVE SOUTH,1,429.61407819809966,429.61407819809966,0.0,True,1,477443671,-76.12012610984183,43.01718902259807,1
MATTY AVENUE,1,430.58192879037193,430.58192879037193,0.0,True,2,477434407;477434896,-76.1643095885023,43.051466128558175,1
BEACON ROAD,1,434.27455582173326,434.27455582173326,0.0,True,2,477428868;477428872,-76.11398142991172,43.07379443390998,2
PINE GROVE STREET,1,437.94174332114454,437.94174332114454,0.0,True,1,477443946,-76.1261725827112,43.014628979154764,1
NORTH CHELTENHAM ROAD,1,440.6139077418888,440.6139077418888,0.0,True,1,477446390,-76.138332620837,42.99583440988742,1
GUILFORD ROAD,1,443.85882763524637,443.85882763524637,0.0,True,1,477439863,-76.09419205762758,43.03544528127484,2
BERNIE BLAKE DRIVE,1,447.2458405744724,447.2458405744724,0.0,True,1,477445188,-76.151391283451,43.00667345050203,1
DEWEY AVENUE,1,448.3883743802185,448.3883743802185,0.0,True,1,477434040,-76.17916787028643,43.05335122322764,1
FISH AVENUE,1,449.2574308701994,449.2574308701994,0.0,True,1,477445122,-76.15425552148793,43.00685395587631,1
HIGH STREET,1,449.97391703602165,449.97391703602165,0.0,True,1,477429544,-76.14710579021862,43.07052062786917,1
BECKER STREET,1,450.1841429045053,450.1841429045053,0.0,True,1,477429348,-76.14637776933628,43.071494099609765,1
CLAYTON AVENUE,1,451.54070186582356,451.54070186582356,0.0,True,1,477443952,-76.16901269484205,43.01516749958408,1
WARNER AVENUE,1,455.0513853199228,455.0513853199228,0.0,True,1,477442928,-76.15082427351042,43.021783871375625,2
SHERIDAN DRIVE,1,458.2913573091054,458.2913573091054,0.0,True,1,477439236,-76.1628381548579,43.03749854543147,1
MORGAN AVENUE,1,459.57979872355315,459.57979872355315,0.0,True,1,477432734,-76.1989748093965,43.05704260238322,1
EMERSON AVENUE,3,459.64132651106354,459.64132651106354,0.0,True,1,477434125,-76.1877726590279,43.05307878580305,5
RAYMOND AVENUE,1,461.45747264936387,461.45747264936387,0.0,True,1,477443663,-76.15455077005261,43.017379487314415,1
MARQUETTE STREET,1,465.46578534891773,465.46578534891773,0.0,True,1,477432926,-76.16845094928766,43.05619058217452,2
WEST MARCELLUS STREET,1,465.79743691466814,465.79743691466814,0.0,True,1,477436922,-76.1719117911095,43.0443411469529,2
CRADDOCK STREET,1,466.18999635077347,466.18999635077347,0.0,True,2,477443343;477443431,-76.16271136405098,43.01895796093367,2
COWIE AVENUE,1,470.020376738508,470.020376738508,0.0,True,2,477429036;477429039,-76.11385470716355,43.0729445834943,1
OBERST STREET,1,470.35977134293734,470.35977134293734,0.0,True,1,477431070,-76.14445481494315,43.063759623148876,1
JUDSON STREET,1,470.8028899030311,470.8028899030311,0.0,True,1,477438058,-76.12128730772595,43.04095912204371,1
HUNTER AVENUE,1,471.3027742857498,471.3027742857498,0.0,True,2,477432642;477432850,-76.16920379615891,43.056990058935874,1
FORDLAND AVENUE,1,471.4708026921061,471.4708026921061,0.0,True,2,477428273;477428291,-76.15081747354512,43.077200724474,1
FLETCHER AVENUE,1,472.58731194842585,472.58731194842585,0.0,True,1,477443935,-76.16662124991403,43.01532314053299,2
DELL STREET,1,473.03849612366963,473.03849612366963,0.0,True,2,477437703;477437728,-76.12026703560272,43.041901343551835,1
MALCOLM STREET,1,473.30110574093726,473.30110574093726,0.0,True,1,477440388,-76.1664848292396,43.03403778194087,1
RUSSELL PLACE,1,474.5984275568088,474.5984275568088,0.0,True,1,477443941,-76.16781232698152,43.015261599838986,1
CUMMINGS AVENUE,1,476.96840719994543,476.96840719994543,0.0,True,1,477430255,-76.16063079495954,43.06726261697261,1
EAST RAYNOR AVENUE,2,477.26667621528435,477.26667621528435,0.0,True,1,477439697,-76.14450380711155,43.0356110497708,3
KILLIAN DRIVE,1,477.4813348718051,477.4813348718051,0.0,True,2,477439234;477439266,-76.09422547284268,43.03715824349467,1
PENNSYLVANIA AVENUE,1,478.72840341944624,478.72840341944624,0.0,True,1,477428238,-76.15873323526067,43.07721525407877,1
PASTIME DRIVE,1,479.2079329552376,479.2079329552376,0.0,True,1,477429999,-76.15937031811359,43.06822459725866,1
CARLISLE STREET,1,480.1860673143895,480.1860673143895,0.0,True,1,477429991,-76.15265418303763,43.06855060905127,1
EXCHANGE STREET,1,483.2715180380251,483.2715180380251,0.0,True,1,477429527,-76.16594775668528,43.070897462561376,1
POND LANE,1,483.7551352784734,483.7551352784734,0.0,True,1,477430077,-76.15108973339282,43.067855750347945,1
MOUNTAINVIEW AVENUE,2,484.1638465637174,484.1638465637174,0.0,True,1,477435170,-76.1047234664832,43.05027848305057,2
MCCARTHY AVENUE,1,485.2476212692371,485.2476212692371,0.0,True,2,509997654;800032457,-76.14657555119685,43.04751994272535,1
GILBERT STREET,1,487.46917129035955,487.46917129035955,0.0,True,1,477427555,-76.15376666113856,43.08082364756926,1
MANILLA STREET,1,487.9930218779964,487.9930218779964,0.0,True,1,477433923,-76.13219021985087,43.0531871334658,1
ROSE AVENUE,1,488.531870901006,488.531870901006,0.0,True,1,506986284,-76.1445682977467,43.0366631419058,1
MCCORMICK AVENUE,1,489.3036696438901,489.3036696438901,0.0,True,3,477437045;477437058;800040236,-76.15706867902897,43.04397723605955,1
MARLBOROUGH ROAD,1,489.8124649517938,489.8124649517938,0.0,True,1,477429863,-76.11207577026201,43.06925411889035,2
HILLCREST ROAD,2,490.0176564616979,490.0176564616979,0.0,True,1,477440380,-76.10835585517742,43.03346546663905,1
GRANGER STREET,2,490.837569711974,490.837569711974,0.0,True,2,477437183;477437455,-76.15610124615681,43.04332353608518,2
AVOCA STREET,1,496.9440647547479,496.9440647547479,0.0,True,1,477436794,-76.19097582043472,43.04528161891255,1
SALT STREET,1,497.9681653679006,497.9681653679006,0.0,True,1,477454133,-76.15263461419545,43.05661551005038,1
COURT TERRACE,1,498.4305222108383,498.4305222108383,0.0,True,1,477428926,-76.15310370226013,43.07384532429418,1
AMES AVENUE,1,498.45604213561325,498.45604213561325,0.0,True,2,477445576;477445666,-76.15770480750236,43.003614988437235,1
OLD LIVERPOOL ROAD,2,499.7710194850659,499.7710194850659,0.0,True,2,477428295;477428313,-76.17576219135117,43.076712594927464,2
CODY AVENUE,1,500.2697878919132,500.2697878919132,0.0,True,1,477436623,-76.18898729081631,43.04603160359978,1
BOISE DRIVE,1,500.9769123584866,500.9769123584866,0.0,True,2,477442492;477442493,-76.13129414087396,43.02416419004155,1
CORDOVA STREET,1,503.4863732707815,503.4863732707815,0.0,True,1,477445173,-76.13969907860788,43.006351876267644,1
HERZ STREET,1,503.61686373441324,503.61686373441324,0.0,True,1,477428446,-76.13793784595633,43.07644911467232,1
TEMPLE PLACE,1,503.8364042400791,503.8364042400791,0.0,True,1,477442525,-76.1603704202044,43.02416369476023,1
SAINT ANNE DRIVE,1,503.8715108753972,503.8715108753972,0.0,True,2,477431825;800034448,-76.11863470465326,43.06026585499321,1
CLIFFSIDE DRIVE,1,503.98613179145065,503.98613179145065,0.0,True,3,477442801;477442920;800032728,-76.13743738256704,43.02194602262804,1
GANNETT AVENUE,1,505.048472176947,505.048472176947,0.0,True,1,477427807,-76.15679126744519,43.07957708858195,1
OXFORD STREET,1,506.2730513897632,506.2730513897632,0.0,True,1,477440149,-76.15290076674033,43.03398768970846,2
SHELDON AVENUE,1,506.35339379099537,506.35339379099537,0.0,True,1,477444703,-76.14510397374282,43.00988045322466,1
PHILLIPS ROAD,1,507.73695516436266,507.73695516436266,0.0,True,1,477436294,-76.09263328704071,43.046842129248745,1
LEA LANE,1,508.1867959755015,508.1867959755015,0.0,True,1,477429212,-76.11874179116978,43.0724157521505,1
ARSENAL DRIVE,1,510.99944718952906,510.99944718952906,0.0,True,1,477446022,-76.1377483826033,42.99978950279093,1
CLOVER STREET,1,512.2198532421518,512.2198532421518,0.0,True,1,477440014,-76.15791576786366,43.0344621450843,1
DYER COURT,1,513.3187989237695,513.3187989237695,0.0,True,3,477438183;477438188;477438191,-76.14145446441535,43.040446355477464,1
CONAN STREET,1,514.2130219653814,514.2130219653814,0.0,True,2,477444517;477444548,-76.14974240795387,43.01116616801989,1
PIERCE STREET,1,514.4065749474019,514.4065749474019,0.0,True,1,477444545,-76.14882891770412,43.01119726336991,1
LOCK ALLEY,1,516.7296490879025,516.7296490879025,0.0,True,1,477431739,-76.15424925490127,43.06086113188917,1
GEBHARDT AVENUE,1,517.1753285819384,517.1753285819384,0.0,True,1,477431628,-76.15296076409791,43.061402620882625,1
TOWNSEND PLACE,1,518.1200731903316,518.1200731903316,0.0,True,1,477432105,-76.14985527640934,43.05947112276861,1
EMERSON AVENUE,2,518.8373187615774,518.8373187615774,0.0,True,1,477431782,-76.19684226698382,43.060671738035545,5
EAST ONONDAGA STREET,1,519.614947533769,519.614947533769,0.0,True,1,477436216,-76.14805062643339,43.04754075674189,3
KIRKWOOD PLACE,1,520.5106078957277,520.5106078957277,0.0,True,1,477442550,-76.15283579364876,43.02446511789233,1
LEAVENWORTH AVENUE,1,520.6131811290877,520.6131811290877,0.0,True,2,477435266;477435430,-76.1631937576679,43.05013769659816,2
MARQUETTE STREET,2,521.03955422184,521.03955422184,0.0,True,1,477432864,-76.17135760892306,43.056399377781794,2
MINEOLA DRIVE,1,521.7103545929876,521.7103545929876,0.0,True,1,477439606,-76.10783503932431,43.03609545432612,1
GRIFFIN STREET,1,521.7859441016649,521.7859441016649,0.0,True,1,477443992,-76.16002789786349,43.01427150736037,1
HIXSON AVENUE,1,521.7873878504734,521.7873878504734,0.0,True,1,477430777,-76.12108772211337,43.06494643762992,2
HUGHES PLACE NORTH,1,524.7857189713873,524.7857189713873,0.0,True,2,477441963;477442201,-76.13337014393095,43.02639885717131,1
NORTH LORRAINE AVENUE,1,524.8773586884837,524.8773586884837,0.0,True,1,477442280,-76.13230261061733,43.02595781667546,1
GLAHN AVENUE,1,526.8876219371559,526.8876219371559,0.0,True,1,477442569,-76.15347551273922,43.0243236649452,1
DILLAYE AVENUE,1,528.3104514847521,528.3104514847521,0.0,True,2,477432763;477433068,-76.11690325087417,43.056407139602726,1
EAST BEARD AVENUE,1,529.256158945077,529.256158945077,0.0,True,2,477441867;477441915,-76.14504356599922,43.02726003473912,1
MARLETT STREET,1,531.0173255880192,531.0173255880192,0.0,True,2,477444840;477444856,-76.15488685346088,43.00838317444087,1
BRACE STREET,1,533.0532321454594,533.0532321454594,0.0,True,1,477428597,-76.15372029722302,43.07571453036699,1
WALLACE STREET,1,533.4747953565048,533.4747953565048,0.0,True,4,509997853;509997854;509997856;800046552,-76.1562028593825,43.05317972283656,1
WELDON AVENUE,1,533.8375602620796,533.8375602620796,0.0,True,2,477427464;477427557,-76.14529727254195,43.08088262189638,1
ELLIOTT STREET,2,534.0598889115967,534.0598889115967,0.0,True,1,477439932,-76.17333779402847,43.03497060833074,3
EUCLID TERRACE,1,537.8659953805399,537.8659953805399,0.0,True,3,477439103;477439112;477439303,-76.11810975831358,43.03743977973657,1
TRINITY PLACE,1,538.1863146863675,538.1863146863675,0.0,True,1,477438294,-76.12066835943035,43.040158894405266,1
EAST BORDEN AVENUE,2,543.0385206276469,543.0385206276469,0.0,True,1,477441680,-76.1454379107003,43.02807793949824,2
BUTLER STREET,1,548.7425787908736,548.7425787908736,0.0,True,1,477443442,-76.12918206138906,43.01832750048059,1
SATURN DRIVE,1,549.1977145143708,549.1977145143708,0.0,True,1,477446336,-76.13185313451713,42.99604715685732,1
MCCLURE AVENUE,1,549.21421206016,549.21421206016,0.0,True,1,477442961,-76.14229694037235,43.021460353293406,1
HUDSON STREET,2,549.8221451862307,549.8221451862307,0.0,True,2,477441377;477441546,-76.15945847660376,43.02928497035492,2
WINDEMERE ROAD,1,550.0577007267351,550.0577007267351,0.0,True,2,477446763;477446774,-76.13765287832832,42.99192835199935,1
SCHOECK AVENUE,1,550.2368157338693,550.2368157338693,0.0,True,1,477429519,-76.13209429016517,43.07040549825636,1
BEARD PLACE,1,552.4779896464235,552.4779896464235,0.0,True,1,477442182,-76.14471984519338,43.0265297233092,1
VINCENT STREET,1,552.6110942357454,552.6110942357454,0.0,True,3,477443053;477443054;477443057,-76.1337217218612,43.0209464351471,2
HARRISON PLACE,1,557.5523288746604,557.5523288746604,0.0,True,1,477437368,-76.1501428370428,43.04353562057082,1
HAFFENDEN ROAD,1,557.8579151703007,557.8579151703007,0.0,True,2,477441806;477441908,-76.12321584210258,43.02772588045219,1
MCCHESNEY PARK DRIVE,1,559.1508656530457,559.1508656530457,0.0,True,1,477428975,-76.14559264624684,43.07395981421252,1
NORTH WARREN STREET,1,559.8862430676214,559.8862430676214,0.0,True,2,477434716;477434886,-76.15082689473023,43.05165133233101,1
MARK AVENUE,1,560.5245151244437,560.5245151244437,0.0,True,2,477442270;477442408,-76.14970161214403,43.025274484446896,1
GRANT TERRACE,1,561.2465287986522,561.2465287986522,0.0,True,4,800034317;800034320;800034321;800034324,-76.12130828375186,43.0722652615886,1
HUGHES PLACE,1,562.291273219703,562.291273219703,0.0,True,1,477442504,-76.13338446428402,43.0249207946337,1
CUMBERLAND AVENUE,2,562.5748738277485,562.5748738277485,0.0,True,1,477437187,-76.11330804369334,43.044310240721,3
JEAN AVENUE,1,563.706266542821,563.706266542821,0.0,True,1,477444095,-76.12732381666791,43.013709805854006,1
CHARLOTTE STREET,1,565.9107045306498,565.9107045306498,0.0,True,1,477433998,-76.19379430341526,43.053576095896545,1
ABERDEEN TERRACE,1,566.9951071383421,566.9951071383421,0.0,True,1,477431642,-76.0946286638711,43.06150845828564,2
DEARBORN PLACE,1,567.6166738198693,567.6166738198693,0.0,True,1,477441345,-76.15718464106214,43.030094058789366,1
RONEY ROAD,1,568.2728784957143,568.2728784957143,0.0,True,1,477445705,-76.14178146751013,43.002550246888624,1
ELIZABETH BLACKWELL STREET,1,568.8392847231818,568.8392847231818,0.0,True,1,477437435,-76.13922571430498,43.04346493083969,1
UNION PLACE,2,569.1244781085296,569.1244781085296,0.0,True,2,477430576;477430733,-76.1555842856378,43.065281090964724,2
CRAFTON AVENUE,1,573.0379924478577,573.0379924478577,0.0,True,2,477446746;477446749,-76.1512754090744,42.991951638508354,1
SARAH LOGUEN STREET,1,574.8552968547377,574.8552968547377,0.0,True,1,506021526,-76.14053000804265,43.043482299155265,1
ETHEL STREET,1,575.0867034322649,575.0867034322649,0.0,True,2,477441620;477441635,-76.18654558206106,43.02825498271934,1
STEVENS AVENUE,1,576.5224713054397,576.5224713054397,0.0,True,2,477445174;477445303,-76.14063451144362,43.00628673826296,1
BRADFORD STREET,1,576.6240938540785,576.6240938540785,0.0,True,1,477445331,-76.15566309176141,43.0056188357916,1
MAXWELL AVENUE,1,577.6470494928487,577.6470494928487,0.0,True,1,477445203,-76.15604937613841,43.00636147440341,1
HAYES TERRACE,1,578.4335030065491,578.4335030065491,0.0,True,2,477447308;477447341,-76.13740373438085,42.98557263083244,1
OAKDALE DRIVE,1,579.5273291772004,579.5273291772004,0.0,True,1,477445100,-76.15643360087167,43.00709826067461,1
MICHAELS AVENUE,1,579.8005873648401,579.8005873648401,0.0,True,1,800038682,-76.14975761548236,43.07570260567216,1
WILLIAMS STREET,1,579.826962706943,579.826962706943,0.0,True,2,477433332;477433456,-76.18734514121473,43.0546930051602,1
EAST ONONDAGA STREET,3,580.3080553518714,580.3080553518714,0.0,True,1,477436860,-76.15160054828924,43.044942558493155,3
EAST LAUREL STREET,1,580.3185731988813,580.3185731988813,0.0,True,2,477432853;477432935,-76.15113300750039,43.05647102113921,2
VALE STREET,1,580.3497950518002,580.3497950518002,0.0,True,1,477443896,-76.15642384572162,43.015758608165356,1
RIVOLI AVENUE,1,582.1703233225206,582.1703233225206,0.0,True,3,477427826;477427833;477427846,-76.13443448954084,43.07885314689024,1
GIMINSKI DRIVE,1,582.2722944074407,582.2722944074407,0.0,True,1,477432590,-76.17198576088227,43.05805004201367,1
MORTON STREET,1,582.4463077818475,582.4463077818475,0.0,True,2,477433500;477433648,-76.19729817901714,43.05430251307249,1
FOUNTAIN STREET,1,582.9225730931154,582.9225730931154,0.0,True,1,477433613,-76.13501936016677,43.05452308998256,1
GUILFORD ROAD,2,583.069124184641,583.069124184641,0.0,True,1,477439267,-76.09571165514159,43.03766592265301,2
STRAND PLACE,1,585.5094687868066,585.5094687868066,0.0,True,1,477430554,-76.14966769745395,43.06561594827528,1
HERTFORD STREET,1,589.5445661172605,589.5445661172605,0.0,True,2,477441566;477441576,-76.12324701495042,43.02849494543247,1
ARNETT AVENUE,1,589.9464909975345,589.9464909975345,0.0,True,4,477429577;477429582;477429588;477429601,-76.11241570016642,43.06991302494671,1
AVONDALE PLACE,1,590.6856646711065,590.6856646711065,0.0,True,1,477438600,-76.12024578969307,43.03933160009589,1
HASBROUCK STREET,1,591.4184893317471,591.4184893317471,0.0,True,1,477431602,-76.09346145699628,43.06170482671103,1
SIDNEY STREET,1,591.7283897471982,591.7283897471982,0.0,True,2,477430491;477430508,-76.13513255262444,43.06565536840884,1
EAST GLEN AVENUE,2,592.2795591173992,592.2795591173992,0.0,True,4,511163835;800100175;800100247,-76.13714596870567,43.00935056492769,3
MONROE STREET,1,592.3512001944147,592.3512001944147,0.0,True,3,477437787;477437791;477437792,-76.14422732150132,43.04164611373189,2
EAST WASHINGTON STREET,2,592.5347150628002,592.5347150628002,0.0,True,1,477435512,-76.12654745556372,43.04921919038675,3
DEVINE STREET,1,592.6836036775193,592.6836036775193,0.0,True,4,477435192;477435289;506021457;800066350,-76.11927931176088,43.05055611389617,1
RICHARDSON AVENUE,1,593.78291468408,593.78291468408,0.0,True,1,477443637,-76.15275129376555,43.01774860700169,1
SCHULER STREET,1,594.6932973991815,594.6932973991815,0.0,True,1,477431796,-76.12344219491682,43.05999875174204,1
EMERSON AVENUE,4,594.8720465353985,594.8720465353985,0.0,True,3,477434365;477434556;477434948,-76.18624706995573,43.051594464160985,5
WELLINGTON PLACE,1,596.1848683428473,596.1848683428473,0.0,True,1,477435997,-76.13885317824479,43.04762173318938,1
MILTON AVENUE SPUR,1,597.7916048922572,597.7916048922572,0.0,True,1,800056628,-76.19238920730517,43.05651920048517,1
OLIVE STREET,1,599.617363979311,599.617363979311,0.0,True,1,477432785,-76.19394677410874,43.05727828523551,1
SCHOOL STREET,1,602.7703373368333,602.7703373368333,0.0,True,3,477433865;477433905;508421635,-76.18595286126455,43.053243071958796,1
VIEAU DRIVE,1,607.5198869539067,607.5198869539067,0.0,True,2,477441047;477441058,-76.184037170531,43.03067570235263,1
HARBOR STREET,1,608.4032049618373,608.4032049618373,0.0,True,1,477433213,-76.18786349316994,43.05540954200687,1
CITY CROSSROADS DRIVE,1,609.1479254444326,609.1479254444326,0.0,True,1,477433915,-76.11658093685905,43.05337991262394,1
FOXBORO ROAD,1,610.9797851634711,610.9797851634711,0.0,True,2,477435397;477435443,-76.09372924174048,43.0502281394926,1
VINE STREET,2,611.9258773996182,611.9258773996182,0.0,True,2,477431448;477431555,-76.12737247587386,43.06171229133784,3
SHARON DRIVE,1,613.0290620185453,613.0290620185453,0.0,True,1,477442241,-76.19855405491455,43.02628767551231,1
EAST RAYNOR AVENUE,3,614.3257545274637,614.3257545274637,0.0,True,3,477439743;477439748;477439763,-76.14831105523919,43.035458941643896,3
HOLMES STREET,1,615.049298999586,615.049298999586,0.0,True,2,477443603;477443611,-76.12562750697404,43.017173105823375,1
MINERVA STREET,1,615.1769130529831,615.1769130529831,0.0,True,1,477445668,-76.1440248503703,43.002975047471104,1
EAST MATSON AVENUE,1,619.4775436789536,619.4775436789536,0.0,True,1,477444123,-76.14058137889272,43.01342373231511,1
MEDORA PLACE,1,620.6301119587409,620.6301119587409,0.0,True,3,477443972;800047586;800047587,-76.15798097621916,43.01464228117467,1
WINDSOR PLACE,1,622.0956924144875,622.0956924144875,0.0,True,1,477441088,-76.125163701355,43.03139332364906,1
MAURICE AVENUE,1,624.855618855578,624.855618855578,0.0,True,1,477444319,-76.15939624963892,43.01263543542852,1
EAST BORDEN AVENUE,1,625.2425941190342,625.2425941190342,0.0,True,2,477441613;477441639,-76.14330201963197,43.02829053515992,2
NURSERY LANE,1,626.7189046666814,626.7189046666814,0.0,True,4,477442837;477442933;800053055;800053056,-76.12776066399176,43.02231085176836,1
DEPALMA AVENUE,1,628.585379107135,628.585379107135,0.0,True,1,477439385,-76.18214217632016,43.03741305038474,1
CORAL AVENUE,1,628.9565323920788,628.9565323920788,0.0,True,2,477444699;477444799,-76.15038810338454,43.009527340404944,1
SCHNEIDER STREET,1,629.4057272135293,629.4057272135293,0.0,True,1,477431461,-76.14339021559867,43.06190682163669,1
ENFIELD PLACE,1,629.558679595357,629.558679595357,0.0,True,2,477438138;477438475,-76.09274994680177,43.039981231235416,1
EVALEEN AVENUE,1,629.7748686304215,629.7748686304215,0.0,True,1,477444820,-76.15130832747012,43.00937611014493,1
CALVIN ROAD,1,630.0105157608236,630.0105157608236,0.0,True,2,477442835;477442871,-76.1770157514957,43.02230975009678,1
BARKER AVENUE,1,631.3883758092101,631.3883758092101,0.0,True,3,477434436;477434937;477435172,-76.1619826448127,43.0511276387898,1
WEBSTERS LANDING,1,631.8401713335143,631.8401713335143,0.0,True,4,477433515;508421626;508421627;700000806,-76.15368128439471,43.054426702022305,1
EVANS STREET,1,632.7610554756324,632.7610554756324,0.0,True,1,477432990,-76.16476830550978,43.056039986030285,2
KEEN PLACE,1,636.8350432116556,636.8350432116556,0.0,True,1,477443844,-76.15840584016033,43.01545328869989,1
CORNELL AVENUE,1,638.3749864581572,638.3749864581572,0.0,True,1,477444429,-76.16921272881766,43.01182896092771,1
BELLEVUE TERRACE,1,641.7879890924254,641.7879890924254,0.0,True,1,477440465,-76.16817827419813,43.03293337467025,1
WEST BEARD AVENUE,1,642.2911916109347,642.2911916109347,0.0,True,2,477442293;477442331,-76.15250114388792,43.02526101411858,2
VAN BUREN STREET,2,642.4680903876442,642.4680903876442,0.0,True,2,477439129;477439150,-76.14435301884546,43.03747120967116,2
BISHOP AVENUE,2,645.1582805318235,645.1582805318235,0.0,True,2,477443341;477443450,-76.15795943602078,43.01910799332694,2
WEST BISSELL STREET,1,647.2838694320848,647.2838694320848,0.0,True,1,477442287,-76.15985199797791,43.025778053311434,1
CHERRY STREET,1,647.8678967220503,647.8678967220503,0.0,True,1,477437132,-76.12356588376005,43.04454425251702,2
DIANA AVENUE,1,649.5898744207823,649.5898744207823,0.0,True,1,477444096,-76.12846126137956,43.01457359920591,1
LINDEN STREET,1,650.6494437675592,650.6494437675592,0.0,True,2,477437877;477438127,-76.14963507517722,43.041415838513934,1
HURON STREET,1,653.6002292545497,653.6002292545497,0.0,True,1,477440765,-76.15638272850765,43.03269118347352,1
GEORGE STREET,1,653.7867135802661,653.7867135802661,0.0,True,2,477429614;477429777,-76.12011093755099,43.069799079188805,1
JEROME STREET,1,657.9816680748787,657.9816680748787,0.0,True,2,477440238;477440263,-76.11743176607857,43.03364016727954,1
ACADEMY STREET,1,658.0524942285579,658.0524942285579,0.0,True,2,477446011;477446028,-76.15181757705032,42.99984097928792,1
ALEXANDER AVENUE,1,658.2821061890995,658.2821061890995,0.0,True,1,600008946,-76.15116672130407,43.03336301727659,1
HAWTHORNE STREET,1,659.055510403395,659.055510403395,0.0,True,2,477437049;477437067,-76.12078295857529,43.04396436817313,1
SEDGWICK ROAD,1,659.5888114014139,659.5888114014139,0.0,True,2,477429836;477429842,-76.13186223205209,43.06870784895852,1
LIBERTY STREET,1,660.2327042463791,660.2327042463791,0.0,True,2,477435461;477435705,-76.17425634518925,43.04934809125095,2
ARGYLE TERRACE,1,662.7694722832089,662.7694722832089,0.0,True,2,477441896;477442085,-76.15321848390671,43.027145880954976,1
KLINE STREET,1,665.2666296195051,665.2666296195051,0.0,True,2,477429912;477429930,-76.12848223085864,43.06831702042403,1
BUNGALOW TERRACE,1,669.1111851081046,669.1111851081046,0.0,True,1,477441055,-76.18524913061164,43.03156864094333,1
KAPPESSER STREET,1,669.629959553979,669.629959553979,0.0,True,1,477429804,-76.14439926518405,43.06966912474915,1
ERICKSON STREET,1,671.8298464826152,671.8298464826152,0.0,True,2,477431355;477431682,-76.095848410151,43.061385890893774,2
DUNDEE DRIVE,1,673.4752320793211,673.4752320793211,0.0,True,1,477442048,-76.18670124863172,43.0273261210863,1
KIDD AVENUE,1,673.6594198936162,673.6594198936162,0.0,True,1,600008905,-76.11642138018574,43.051769551250736,1
UPLAND ROAD,1,675.2976149023516,675.2976149023516,0.0,True,1,477441048,-76.18402781729475,43.03160261450449,1
BLAINE STREET,1,677.9280427893899,677.9280427893899,0.0,True,1,477440446,-76.15360169814987,43.033229704500876,1
ERICKSON STREET,2,680.7654580386869,680.7654580386869,0.0,True,1,477431284,-76.09622288258927,43.06322702953544,2
RILL AVENUE,1,681.6875232292554,681.6875232292554,0.0,True,3,477444355;477444360;477444365,-76.14907602499656,43.011894031716714,1
SAFETY LANE,1,682.1863346240273,682.1863346240273,0.0,True,1,509997003,-76.15463460430715,43.041479785814296,1
LUDDINGTON STREET,2,682.2391949500422,682.2391949500422,0.0,True,1,477431298,-76.09730461169326,43.06318256522099,2
EASTWOOD ROAD,1,684.1132908351265,684.1132908351265,0.0,True,2,477429657;477429831,-76.1145440067048,43.06941162479746,1
EAST ONONDAGA STREET,2,684.953336871098,684.953336871098,0.0,True,1,477436543,-76.1498420235955,43.04619624100014,3
SLAYTON AVENUE,1,688.7259810574377,688.7259810574377,0.0,True,1,477444806,-76.14631404539847,43.00957458961815,1
WEST WILLOW STREET,1,689.2090904630821,689.2090904630821,0.0,True,2,477434148;477434149,-76.15476372689163,43.05240569098966,1
SUNNYSIDE PARK ROAD,1,689.3758468118904,689.3758468118904,0.0,True,1,477437347,-76.09318608991329,43.0438400859524,1
ABERDEEN TERRACE,2,689.5809546550228,689.5809546550228,0.0,True,1,477431276,-76.09514226335719,43.06327413270863,2
HILLSBORO PLACE,1,692.4630740839142,692.4630740839142,0.0,True,4,477438037;477438038;477438101;477438148,-76.0857910241159,43.04101969203903,1
DELHI STREET,1,693.6153493326578,693.6153493326578,0.0,True,2,477432811;477433201,-76.13209538488525,43.05621616069953,1
MURRAY AVENUE,1,694.7859719390983,694.7859719390983,0.0,True,1,477428432,-76.15658231750741,43.07665510337998,1
ARNTS PLACE,1,695.2747172541724,695.2747172541724,0.0,True,1,477428547,-76.15563835473444,43.076278430868086,1
HAWLEY AVENUE,3,695.500519743958,695.500519743958,0.0,True,1,477433096,-76.12073280581701,43.055664640735024,3
WORDEN AVENUE,1,695.7629186205907,695.7629186205907,0.0,True,1,477429169,-76.14017222315078,43.073181308246724,1
BYRNE PLACE,1,696.0490066430143,696.0490066430143,0.0,True,2,477446226;482659662,-76.14189425215872,42.99737227850715,1
MYRTLE STREET,1,702.0493783784281,702.0493783784281,0.0,True,2,477433649;477434020,-76.19807295187167,43.05367322206137,2
SUNNYSIDE ROAD,1,702.4356864790319,702.4356864790319,0.0,True,2,477438766;477438957,-76.11054156741447,43.03871680765256,1
HILTON ROAD,1,702.517077623374,702.517077623374,0.0,True,2,477446920;477446936,-76.14544406305453,42.99054500213702,1
JULIAN PLACE,1,703.5801328709819,703.5801328709819,0.0,True,3,477442797;477443039;800049449,-76.11095515049816,43.022160444219665,1
JOSEPHINE STREET,1,703.8407633293085,703.8407633293085,0.0,True,1,477431684,-76.14698405911655,43.060900402766514,1
PETERS STREET,1,706.0793760768344,706.0793760768344,0.0,True,1,477431541,-76.14651497982594,43.061526772332776,1
STANDART STREET,1,706.5306917963026,706.5306917963026,0.0,True,2,477439900;477439914,-76.14060057916869,43.03485836505259,1
OSTRAM AVENUE,1,707.888593067199,707.888593067199,0.0,True,1,477440029,-76.12884633582877,43.03536026662822,1
LYNWOOD AVENUE,1,709.9914608752176,709.9914608752176,0.0,True,1,477429770,-76.10152780497536,43.070055148129605,1
AVON ROAD,1,712.1795404105394,712.1795404105394,0.0,True,1,477430992,-76.10211779794966,43.06352962458617,1
TECUMSEH STREET,1,712.8354861344255,712.8354861344255,0.0,True,3,477441890;477441904;477441914,-76.11270580177448,43.02712274945682,1
HODES WAY,1,713.6241594871764,713.6241594871764,0.0,True,2,800034349;800034357,-76.07531632214166,43.03783949851752,1
WEST MARCELLUS STREET,2,714.9288317548362,714.9288317548362,0.0,True,3,477436848;477437037;800032564,-76.17437501024722,43.04440909067985,2
FENTON STREET,1,717.5136205677215,717.5136205677215,0.0,True,3,477438762;800034098;800034100,-76.17436861416796,43.03891033004101,1
EDISON STREET,2,718.4657287052639,718.4657287052639,0.0,True,1,477433138,-76.16911866726751,43.05554883774165,2
LEWISTON DRIVE,1,720.8003657168094,720.8003657168094,0.0,True,2,477442583;477442662,-76.11220081256857,43.023596284586795,1
CONGRESS AVENUE,1,721.5698891322972,721.5698891322972,0.0,True,3,477438242;477438410;477438685,-76.16304292830392,43.03963727153644,1
BURDICK AVENUE,2,722.8629928777546,722.8629928777546,0.0,True,1,477428476,-76.15285244593812,43.07633356511281,2
SAINT MARKS AVENUE,1,723.1601629939452,723.1601629939452,0.0,True,3,477433671;477433831;508421634,-76.18689878620725,43.053396640461564,1
NIAGARA STREET,1,726.7792232073773,726.7792232073773,0.0,True,2,477436250;477436478,-76.16192848866773,43.0469586571381,2
MARGINAL STREET,1,728.6322203467266,728.6322203467266,0.0,True,2,477441155;477441242,-76.15984789127799,43.03029243071075,1
MARIS DRIVE,1,728.6495871077285,728.6495871077285,0.0,True,2,477446007;477446009,-76.15683525157596,43.00042858032452,1
VICTORIA PLACE,1,728.7244295959844,728.7244295959844,0.0,True,1,477438095,-76.11790688863265,43.04070832528372,1
AMY STREET,1,730.4303544100264,730.4303544100264,0.0,True,1,477438213,-76.17362094241585,43.04102508396521,1
SPAID AVENUE,1,730.9584368460792,730.9584368460792,0.0,True,3,477441390;477441413;477441421,-76.1129426912443,43.02926044834236,1
FAIRDALE AVENUE,1,731.9480979910727,731.9480979910727,0.0,True,2,477441823;477441830,-76.18404173219875,43.02741834629683,1
CUMBERLAND PLACE,1,732.3520176959267,732.3520176959267,0.0,True,3,477440650;477440703;477440965,-76.11234855534885,43.03182791885897,1
ATKINSON AVENUE,1,732.4641044622309,732.4641044622309,0.0,True,1,477441654,-76.18409013542863,43.02816189565712,1
OAKLAND STREET,1,733.3327161510861,733.3327161510861,0.0,True,1,477440180,-76.1405942311273,43.03392850073212,1
JACLYN DRIVE,1,734.3864650338882,734.3864650338882,0.0,True,1,477447270,-76.14516460517162,42.986115112624816,1
WOODLAND AVENUE,1,734.5695210455874,734.5695210455874,0.0,True,2,477441257;477441267,-76.14379627379617,43.02979228431501,2
HUNTLEY STREET,1,735.8032011346826,735.8032011346826,0.0,True,1,477428136,-76.14081481080805,43.077437339599605,2
HENSBERRY ROAD,1,737.1816735802684,737.1816735802684,0.0,True,1,477441479,-76.18414903291082,43.02893911758567,1
HIAWATHA PLACE,1,738.8435231739504,738.8435231739504,0.0,True,3,477427796;800041914;800041915,-76.15893377895779,43.07938842767235,1
SAND STREET,1,739.0599208741966,739.0599208741966,0.0,True,2,477433292;477433745,-76.16768754035559,43.05458637471335,2
FEIGEL AVENUE,1,744.9096520723941,744.9096520723941,0.0,True,1,477429194,-76.12499809394049,43.07216389866847,1
MARVIN ROAD,1,745.4627413319066,745.4627413319066,0.0,True,1,477444383,-76.15915338354903,43.011760300635544,1
LEMOYNE AVENUE,1,754.1962808506931,754.1962808506931,0.0,True,2,477429742;477429969,-76.16385791714622,43.06899279295368,2
MCALLISTER AVENUE,1,755.1796177267488,755.1796177267488,0.0,True,2,477442806;477442831,-76.1423357552174,43.02237481760884,1
LUDDINGTON STREET,1,755.6905258436168,755.6905258436168,0.0,True,2,477431421;477431751,-76.09706543390134,43.0612162046266,2
ELLIOTT STREET,3,756.1400237212138,756.1400237212138,0.0,True,1,477439897,-76.17576175963382,43.03496850255053,3
WEST WARRINGTON ROAD,1,758.0040714996168,758.0040714996168,0.0,True,2,477446504;477446508,-76.14500849734357,42.994439749562666,1
INTREPID LANE,1,763.2300169545568,763.2300169545568,0.0,True,2,477445671;800031668,-76.1287106182751,43.00341832487586,1
NEUTRAL COURT,1,763.2314289459156,763.2314289459156,0.0,True,1,477430732,-76.1505914892872,43.064993669796586,1
GAME ROAD,1,763.899080548734,763.899080548734,0.0,True,1,477444441,-76.13142474765162,43.01222925171558,1
WHITE STREET,1,764.2928583719342,764.2928583719342,0.0,True,1,477439339,-76.16038268998687,43.03690919616878,1
RENWICK AVENUE,2,764.6159087076206,764.6159087076206,0.0,True,2,477438152;477438408,-76.14046850208474,43.04057218453751,2
SPRINGBROOK AVENUE,1,764.7756886690186,764.7756886690186,0.0,True,3,477445038;477445165;477445283,-76.138784901206,43.00663270289,1
RAMSEY AVENUE,1,766.8522251159259,766.8522251159259,0.0,True,2,477437719;477438316,-76.10790384978372,43.04088041921537,1
CRESLINE DRIVE,1,767.9517929711403,767.9517929711403,0.0,True,1,477431316,-76.09937839981349,43.06313914541062,1
HUNTINGTON ROAD,1,769.9017712019328,769.9017712019328,0.0,True,2,477441273;477441529,-76.19562550931468,43.02967213074067,1
ONONDAGA PARK DRIVE EAST,1,770.0817974264498,770.0817974264498,0.0,True,2,477441625;477441801,-76.16470994162907,43.02853295894813,1
REDFIELD PLACE,1,770.242057044125,770.242057044125,0.0,True,1,477439127,-76.12181837295378,43.03757436313544,1
CADWELL STREET,1,770.9902845357736,770.9902845357736,0.0,True,4,477438763;477439024;477439223;800048351,-76.17559060513372,43.03810999758574,1
BERKSHIRE AVENUE,2,772.0153168007811,772.0153168007811,0.0,True,4,477428445;477428473;800039828;800039829,-76.13785280587153,43.07576093133504,2
SCHILLER AVENUE,1,773.9057780234568,773.9057780234568,0.0,True,1,477429315,-76.14045375478072,43.071386121977945,1
EDTIM ROAD,1,774.2298908646736,774.2298908646736,0.0,True,1,477429658,-76.11584268485679,43.07009121378676,1
BRIGGS STREET,2,775.1358696820334,775.1358696820334,0.0,True,2,477428175;477428195,-76.13795845724046,43.07713913520179,2
CARLTON DRIVE,2,776.3499081199762,776.3499081199762,0.0,True,4,477437232;477437507;477437578;477437637,-76.08871191044275,43.043219602899484,2
HUNTLEY STREET,2,782.0979878770962,782.0979878770962,0.0,True,2,477428011;477428022,-76.13802976529021,43.07787159575411,2
EAST GLEN AVENUE,3,783.3124487237365,783.3124487237365,0.0,True,7,477444701;477444719;477444732;508421378;800100152;800100172;800100184,-76.13501784213987,43.008889993931405,3
OAK LEAF DRIVE,1,784.3901299928907,784.3901299928907,0.0,True,2,800098397;800098401,-76.13447181517462,43.03522147698145,1
SEELEY AVENUE,1,788.7575055624028,788.7575055624028,0.0,True,1,477445759,-76.14428598981922,43.00202960994168,1
ANNETTA STREET,1,789.4434338297319,789.4434338297319,0.0,True,1,477442875,-76.16414179555169,43.02206680923827,1
CHESTER STREET,1,790.9062358117941,790.9062358117941,0.0,True,1,477440878,-76.15758131947906,43.03245598192403,1
ELIZABETH STREET,1,791.1430140467835,791.1430140467835,0.0,True,3,477441967;477441988;477442003,-76.14220352959086,43.02672400155511,1
CORTLAND PLACE,1,793.6061870190864,793.6061870190864,0.0,True,1,477445642,-76.15187077390316,43.00332432174662,1
WOODLAWN TERRACE,1,793.8417204627866,793.8417204627866,0.0,True,2,477429300;477429507,-76.131169789339,43.0715757740535,1
WEST CHELTENHAM ROAD,1,794.5879778726185,794.5879778726185,0.0,True,1,477446436,-76.1449842188734,42.99511707199757,1
GORLAND AVENUE,1,795.7276852541354,795.7276852541354,0.0,True,2,477436760;477436859,-76.10128149923295,43.045508613255826,1
CRATON STREET,1,798.0268411002229,798.0268411002229,0.0,True,2,477432719;477432745,-76.12359469532234,43.05677980908395,1
WOLCOTT TERRACE,1,798.1109224861906,798.1109224861906,0.0,True,1,477442104,-76.18366858670983,43.026543783170084,1
ANDOVER ROAD,1,798.7934890704353,798.7934890704353,0.0,True,3,477441722;477441742;513530288,-76.12059362845388,43.02785681797592,1
ALBERT ROAD,2,799.5677649442307,799.5677649442307,0.0,True,1,477437356,-76.0918687328161,43.043804300515106,2
MUNSON DRIVE,1,800.9482785692726,800.9482785692726,0.0,True,1,477446157,-76.13981865942374,42.99931540499221,1
MADISON STREET,2,800.9715473381759,800.9715473381759,0.0,True,2,477436614;477436649,-76.1239435104895,43.04541509865367,3
SWEETING STREET,1,802.796805769325,802.796805769325,0.0,True,2,477429477;477429496,-76.14045047580582,43.07060170988804,1
JUNEWAY ROAD,1,803.1289475353749,803.1289475353749,0.0,True,2,477441974;477442063,-76.19496175558821,43.0266187775328,1
BROOKLEA DRIVE,1,804.2847060885609,804.2847060885609,0.0,True,3,477446558;477446572;477446593,-76.15103815877492,42.99377092254462,1
HAZELWOOD AVENUE,2,805.4530857546238,805.4530857546238,0.0,True,1,477434706,-76.1024032454495,43.051389520366456,2
HOBART AVENUE,1,806.4955354478569,806.4955354478569,0.0,True,1,477444228,-76.14033879569043,43.0127532623227,1
CONKLIN AVENUE,1,806.8461729245028,806.8461729245028,0.0,True,2,477430637;477430999,-76.08916977574616,43.064527498464344,1
ISABELLA STREET,1,807.6601681615557,807.6601681615557,0.0,True,2,477431150;477431256,-76.1550464794363,43.062978008796236,1
JACKSON STREET,1,813.106115769402,813.106115769402,0.0,True,6,477438193;477438195;477438223;477438232;477438234;513530487,-76.14393261610043,43.040356349349096,1
ALBERT ROAD,1,814.2064354921755,814.2064354921755,0.0,True,2,477436293;477436612,-76.09170273853435,43.046552167066984,2
EUREKA STREET,1,814.5689843199438,814.5689843199438,0.0,True,2,477433434;477433780,-76.17590229628286,43.05449836771915,1
LAFORTE AVENUE,1,817.0247031504377,817.0247031504377,0.0,True,2,477440972;477440984,-76.17681129892466,43.030918331111394,1
RANDALL AVENUE,1,818.1254665082936,818.1254665082936,0.0,True,1,477443050,-76.15691805734347,43.02202808471489,1
KENWOOD AVENUE,1,818.4422871606804,818.4422871606804,0.0,True,3,477427632;477427741;477427798,-76.15163823270089,43.07981768051061,2
NEW STREET,1,818.4597688570828,818.4597688570828,0.0,True,3,477438107;477438126;477438227,-76.14908425196866,43.04054310199646,1
UNION AVENUE,1,821.2775524841923,821.2775524841923,0.0,True,3,477432743;477432896;477433058,-76.14791315869076,43.056275487149136,1
RESTORATION WAY,1,821.648246285983,821.648246285983,0.0,True,2,800034075;800046958,-76.18899276738993,43.06218017027464,3
BISHOP AVENUE,1,823.9054819752866,823.9054819752866,0.0,True,1,477443059,-76.1580875816835,43.02200810990085,2
DELONG AVENUE,1,825.6224226214251,825.6224226214251,0.0,True,1,477429580,-76.14958971041082,43.07091759609595,1
TERRACE ROAD,1,828.9711207656732,828.9711207656732,0.0,True,3,477440665;477440695;477440715,-76.12541779206114,43.032202082078335,1
MALTBIE STREET,1,832.3504931384192,832.3504931384192,0.0,True,2,477432602;477432901,-76.16262921905047,43.05673731308821,1
MAPLE TERRACE,1,832.4207626151624,832.4207626151624,0.0,True,1,477436615,-76.12398472552847,43.04609236791851,1
RUSKIN AVENUE,1,833.7520495649896,833.7520495649896,0.0,True,1,477440808,-76.16772333700963,43.031671771518155,1
SHOECRAFT ROAD,1,837.5647585777443,837.5647585777443,0.0,True,2,800032501;800032503,-76.16787029885678,43.060706447598285,1
DICKERSON STREET,1,839.2148783667791,839.2148783667791,0.0,True,6,477436877;477436889;477436897;477436931;800032430;800032434,-76.15509967225869,43.044338999240246,1
UNIVERSITY PLACE,1,841.4285238717687,841.4285238717687,0.0,True,2,477438511;477438517,-76.13003129291134,43.0393638264369,2
MAYAR STREET,1,843.3478513006557,843.3478513006557,0.0,True,1,477429137,-76.13725831114434,43.073530149256996,1
WOODRUFF AVENUE,2,843.4408425188116,843.4408425188116,0.0,True,1,477429151,-76.13814327537449,43.07348656134861,2
RUGBY ROAD,1,843.7324500250561,843.7324500250561,0.0,True,3,477430194;477430205;477430222,-76.13474571022311,43.06694894046815,4
RONEY LANE,1,846.5873383831112,846.5873383831112,0.0,True,8,477442995;477442996;477443078;477443082;477443104;477443110;800032733;800054387,-76.13588778036544,43.02118182833343,1
LYNCH STREET,1,847.4526725361824,847.4526725361824,0.0,True,2,477434698;477434954,-76.12020472831506,43.051158951745,1
ALDEN STREET,1,849.4069601299088,849.4069601299088,0.0,True,1,477443401,-76.13320480175916,43.01975674518365,1
ONONDAGA TERRACE,1,852.0332467416097,852.0332467416097,0.0,True,1,477441308,-76.164763359488,43.03072559213594,1
SIXTH NORTH STREET,2,852.2178837669518,852.2178837669518,0.0,True,2,477427390;800036181,-76.16014473452833,43.08177559439807,2
PROSPECT AVENUE,1,852.9978713868861,852.9978713868861,0.0,True,3,477433059;477433390;477433676,-76.14861646660727,43.05484661059701,2
RANDOLPH STREET,1,854.0781726219208,854.0781726219208,0.0,True,2,477445486;477445652,-76.1417066091956,43.00428054457817,1
DIDAMA STREET,1,855.0082706999438,855.0082706999438,0.0,True,1,477436342,-76.10645413330825,43.046674600972864,1
MENLO DRIVE,1,855.787693858104,855.787693858104,0.0,True,3,477444450;477444465;477444630,-76.13818079064407,43.011037859152836,1
SOUTH LOWELL AVENUE,1,858.6424636718343,858.6424636718343,0.0,True,3,477436104;477436320;477436487,-76.18090909878605,43.046993483625904,3
NORTH WEST STREET,1,859.9346284884709,859.9346284884709,0.0,True,2,477434198;477434855,-76.15890402499845,43.05213175883335,1
EDISON STREET,1,859.9494175530472,859.9494175530472,0.0,True,1,477433110,-76.17206206466597,43.05560379669437,2
CHENEY STREET,1,861.6566548991941,861.6566548991941,0.0,True,3,477441201;477441214;477441221,-76.16272780827464,43.029994527331105,1
HAMPSHIRE ROAD,1,862.9570120149855,862.9570120149855,0.0,True,2,477430484;477430502,-76.13136818970283,43.06667543860119,1
WENTE TERRACE,1,865.2544449062237,865.2544449062237,0.0,True,3,477444514;800039459;800039476,-76.15882864794126,43.01077572702722,1
GRAY AVENUE,1,865.7135504665985,865.7135504665985,0.0,True,3,477429715;477429727;800079180,-76.12457870852691,43.069363029428416,1
WEST ADAMS STREET,1,867.134160949295,867.134160949295,0.0,True,6,477437526;477437541;477437548;477437571;477437577;800037280,-76.15310761146058,43.04253557859241,1
GREENWAY AVENUE,1,870.2618968117278,870.2618968117278,0.0,True,4,477432818;477433060;477433285;477433445,-76.11942554645246,43.055656121453524,1
FORDHAM ROAD,1,870.2944626779664,870.2944626779664,0.0,True,3,477429323;477429329;800079181,-76.12470810213594,43.07130558260802,1
CULVER DRIVE,1,873.0276513803763,873.0276513803763,0.0,True,3,477430482;477430626;477430836,-76.09703068668578,43.06532321327391,1
BENNINGTON DRIVE,1,878.3238680204744,878.3238680204744,0.0,True,2,477444348;477444358,-76.14033751725961,43.011944765486,1
ARCHER ROAD,1,881.3449753472679,881.3449753472679,0.0,True,1,477441734,-76.19031966189905,43.02901902056562,1
KENWOOD AVENUE,2,881.9088204415287,881.9088204415287,0.0,True,1,477428120,-76.14921331553893,43.07830065214037,2
GIRARD AVENUE,1,883.0428776544655,883.0428776544655,0.0,True,2,477444610;477444837,-76.1523146399977,43.00957364849948,1
MADISON STREET,3,884.5367281226396,884.5367281226396,0.0,True,2,477436595;477436598,-76.14916446114601,43.04548131846345,3
MEADOWBROOK DRIVE,2,885.2815116245283,885.2815116245283,0.0,True,2,477442134;477442298,-76.11946038259819,43.02593895754554,3
HAROLD STREET,1,888.1183048355101,888.1183048355101,0.0,True,2,477428653;477428670,-76.1408962422943,43.07487930261588,1
BERWYN AVENUE,1,889.0406701467125,889.0406701467125,0.0,True,1,477442642,-76.13909775569242,43.02497777200654,1
COOK AVENUE,1,889.2691091072114,889.2691091072114,0.0,True,2,477430722;477430759,-76.11883403694527,43.06563344064608,1
ONTARIO STREET,1,890.7392270083122,890.7392270083122,0.0,True,4,477436866;477437084;477437168;477437323,-76.1679988406431,43.04419115613123,1
BERKSHIRE AVENUE,1,893.7580190132505,893.7580190132505,0.0,True,1,477428482,-76.14097432039021,43.0757336531224,2
BRIGGS STREET,1,898.0698284228879,898.0698284228879,0.0,True,1,477428314,-76.14105084897298,43.076571292220514,2
MAYWOOD DRIVE,1,900.2900576472929,900.2900576472929,0.0,True,1,477445834,-76.13727015873955,43.00249517615911,1
GERE AVENUE,1,901.3491041002012,901.3491041002012,0.0,True,4,477432299;477432331;477432486;800047553,-76.19754866621645,43.058004880125864,1
CANDEE AVENUE,1,903.7899621352959,903.7899621352959,0.0,True,3,477435971;477436300;477436464,-76.10490761665501,43.047289935017304,1
WEST LYNHURST AVENUE,1,904.3713326571859,904.3713326571859,0.0,True,1,477443863,-76.142803323292,43.015240419483895,1
CRESCENT AVENUE,1,904.6967819103749,904.6967819103749,0.0,True,4,477441513;477441545;477441556;477441557,-76.15962577119157,43.02860428415526,1
DORSET ROAD,1,906.000030454872,906.000030454872,0.0,True,2,477440397;477440406,-76.12622679529811,43.033419241733554,1
CHATHAM ROAD,1,906.5736858008829,906.5736858008829,0.0,True,1,477430381,-76.1254417841224,43.06637701526555,1
BEVERLY ROAD,1,908.4154644898474,908.4154644898474,0.0,True,1,477441715,-76.16761877125771,43.029098111205656,1
ARCH STREET,1,909.4136381251325,909.4136381251325,0.0,True,2,477431514;477431875,-76.09942621384262,43.06089481113163,1
CHERRY STREET,2,910.9671307010319,910.9671307010319,0.0,True,4,477435595;477435749;477436171;477436282,-76.12347386995506,43.04810944703478,2
MALVERNE DRIVE,1,912.3553967684045,912.3553967684045,0.0,True,1,477427984,-76.14261672708435,43.078890835716365,2
FERRIS AVENUE,1,913.5540849719127,913.5540849719127,0.0,True,2,477436801;477437300,-76.10723259167716,43.044417111909304,1
CRIPPEN AVENUE,1,914.5912927326675,914.5912927326675,0.0,True,2,477445562;477445567,-76.14435452623414,43.00398217918192,1
ELLIOTT STREET,1,917.553585035031,917.553585035031,0.0,True,3,477439847;477439859;477439870,-76.17062194027334,43.03502926750356,3
EAST BRIGHTON AVENUE,2,920.2824394533413,920.2824394533413,0.0,True,5,477444872;477444951;477445147;477445155;800041393,-76.13172947206328,43.007810970014326,3
SHIRLEY ROAD,1,921.9563852738287,921.9563852738287,0.0,True,1,477439600,-76.10467188989065,43.036800390598295,1
MONROE STREET,2,922.3797315167932,922.3797315167932,0.0,True,4,477437812;477437818;477437824;507666607,-76.1416027194364,43.04185391533764,2
BANK ALLEY,1,923.0626658299078,923.0626658299078,0.0,True,2,477435627;477436204,-76.15147559267845,43.04831213374863,1
FAIRVIEW AVENUE,1,924.5000755196766,924.5000755196766,0.0,True,1,477433985,-76.12684157143867,43.05421718914615,1
FAGE AVENUE,1,925.7361691107089,925.7361691107089,0.0,True,1,477442635,-76.14882783566037,43.02357862009579,1
SPAULDING AVENUE,1,926.6249833019232,926.6249833019232,0.0,True,5,477447183;477447187;800038791;800038793;800049637,-76.1456779271379,42.987016594312884,1
CALEB AVENUE,2,928.5151441747679,928.5151441747679,0.0,True,3,477432110;477432124;477432134,-76.1126151223381,43.058786321838404,2
SMITH ROAD,1,928.8810006628116,928.8810006628116,0.0,True,2,477445593;477445719,-76.15515851745097,43.00364662230697,1
EAST BISSELL STREET,1,929.2637687458147,929.2637687458147,0.0,True,1,477442511,-76.15757997821541,43.025076897593735,1
HERBST AVENUE,1,929.7843462191064,929.7843462191064,0.0,True,2,477432049;477432070,-76.12400395893502,43.059070112638,1
HIGHLAND STREET,2,929.8035481818578,929.8035481818578,0.0,True,5,477429316;477429399;477429497;477429604;477429627,-76.14192389885443,43.070875119094204,2
LEON STREET,1,930.1608529657562,930.1608529657562,0.0,True,1,477440747,-76.14335603472763,43.03304128808853,1
SIXTH NORTH STREET,1,933.5057127192457,933.5057127192457,0.0,True,3,477427533;477427586;477427623,-76.15725651078492,43.080539941393305,2
NORMANOR DRIVE,1,935.791525901737,935.791525901737,0.0,True,1,477446357,-76.15067068802263,42.99655802309631,1
BURDICK AVENUE,1,936.3169222210718,936.3169222210718,0.0,True,3,477428106;477428182;477428269,-76.15561083428284,43.07735481072944,2
FERNWOOD AVENUE,1,936.5873911916801,936.5873911916801,0.0,True,1,477442802,-76.14849842321496,43.02276722685633,1
CURTIS STREET,1,936.7549234118056,936.7549234118056,0.0,True,3,477430004;477430177;477430360,-76.14802114354697,43.06740990916968,1
PATTISON STREET,1,938.8519666245652,938.8519666245652,0.0,True,3,477431927;477432084;800048719,-76.1272144083909,43.05934609314473,1
MARTIN STREET,1,939.4708452132282,939.4708452132282,0.0,True,1,477427988,-76.14837481419988,43.07885710499439,2
AMHERST AVENUE,1,940.7796799227182,940.7796799227182,0.0,True,2,477442625;477442648,-76.14241032358653,43.02327533938624,1
SMALL ROAD,2,941.1427341357371,941.1427341357371,0.0,True,1,800034405,-76.11547532117307,43.021611183928414,2
KNAUL STREET,1,944.0402055749155,944.0402055749155,0.0,True,3,477430291;477430309;477430326,-76.14157416949543,43.06649245655678,1
MAY AVENUE,1,946.4311426612054,946.4311426612054,0.0,True,2,477442911;477741335,-76.16059329265715,43.021844680801394,1
CEDAR RIDGE APARTMENTS,1,947.0221095054472,947.0221095054472,0.0,True,2,477434160;477434325,-76.10228054081072,43.05218224448898,1
VALLEY VIEW DRIVE,1,947.2622272238121,947.2622272238121,0.0,True,3,477444653;800039456;800039466,-76.15849609047974,43.00980954208579,1
KING STREET,1,947.635744144995,947.635744144995,0.0,True,3,477438758;477439015;800047546,-76.15415310519951,43.03869176041663,1
LYNN CIRCLE,1,953.6972439735373,953.6972439735373,0.0,True,1,477446733,-76.13641905114744,42.993214009975695,1
LOMA AVENUE,2,957.0357538065729,957.0357538065729,0.0,True,1,477428117,-76.14340438626671,43.078384682912926,2
KINGSLEY PLACE,1,958.8806844536367,958.8806844536367,0.0,True,1,477432957,-76.19102316901868,43.057015099050666,1
CAMP AVENUE,1,959.0026202599654,959.0026202599654,0.0,True,4,477444878;477444926;477444934;800037981,-76.15756608238378,43.0079243579676,1
PROSPECT AVENUE,2,959.5975451432022,959.5975451432022,0.0,True,2,477432336;477432697,-76.15110002996201,43.05800299122491,2
CROYDEN ROAD,1,962.589511283663,962.589511283663,0.0,True,2,477440979;477441329,-76.1083318080479,43.030775078391976,1
EAST CATHROP AVENUE,1,962.7149767456675,962.7149767456675,0.0,True,9,509994527;509994530;509994531;509994538;509994542;509994543;509994544;509994546;509994550,-76.14033221019864,43.016673627913946,1
NIAGARA STREET,2,963.6869314372179,963.6869314372179,0.0,True,3,477437250;477437555;477437866,-76.16042903564443,43.04286084785051,2
SAINT LOUIS AVENUE,1,966.4392695516837,966.4392695516837,0.0,True,3,477444790;800039453;800039454,-76.15811533618357,43.00893962185289,1
COMSTOCK PLACE,1,969.7048137116254,969.7048137116254,0.0,True,2,477436450;477436451,-76.12902045849702,43.046226078271,1
CIRCLE ROAD,1,970.5812374841994,970.5812374841994,0.0,True,2,477441068;477441100,-76.12796208146874,43.0318486606328,1
HERBERT STREET,1,971.2446175956306,971.2446175956306,0.0,True,3,477429939;477430095;477430275,-76.14884580869818,43.06779660136929,1
EAST RAYNOR AVENUE,1,971.3158584917007,971.3158584917007,0.0,True,3,477439616;477439633;477439645,-76.13991820963427,43.03580715277598,3
ARDEN DRIVE,1,973.3893519415706,973.3893519415706,0.0,True,3,477442947;477442948;477442964,-76.17486989229491,43.02147239004283,1
SOUTH WEST STREET,1,977.307750401692,977.307750401692,0.0,True,6,477435228;477435492;477435608;477435773;477435936;800036741,-76.15896518583686,43.04908116372733,2
GREENLAND DRIVE,1,979.411064283667,979.411064283667,0.0,True,1,477429186,-76.14135479217445,43.07351259391275,1
HENRY STREET,1,981.9479869974615,981.9479869974615,0.0,True,2,477439634;477439901,-76.14061850767125,43.03620884631647,1
RUTH AVENUE,1,988.1341590087084,988.1341590087084,0.0,True,1,477442967,-76.13116993772586,43.022742723898546,1
KINNE STREET,1,989.6614182692817,989.6614182692817,0.0,True,3,477431845;477431855;477431866,-76.12045732063983,43.05974134431651,1
BALDWIN AVENUE,1,990.2866729210821,990.2866729210821,0.0,True,1,477444037,-76.15520762166805,43.01531117413319,1
BURLINGAME ROAD,1,992.7237352935689,992.7237352935689,0.0,True,3,477431082;477431090;477431187,-76.13229412209603,43.063371289724024,1
KUHL AVENUE,1,1000.657311813733,1000.657311813733,0.0,True,1,477428225,-76.14419788146238,43.07787183540671,1
EMPIRE AVENUE,1,1001.1974939433866,1001.1974939433866,0.0,True,2,477444632;477444855,-76.15327704790204,43.00956816214853,1
ENGLERT AVENUE,1,1001.610963590924,1001.610963590924,0.0,True,2,477427683;477427904,-76.14742051367637,43.0794904615802,1
ROCKLAND AVENUE,1,1002.4851956594094,1002.4851956594094,0.0,True,2,477442510;477442518,-76.15741678033895,43.02401464673137,1
LAWRENCE STREET,1,1006.860596290904,1006.860596290904,0.0,True,1,477429821,-76.15104342564658,43.06943395218479,1
DUANE STREET,1,1007.2308008018964,1007.2308008018964,0.0,True,3,477440770;477440985;477441213,-76.17836483552433,43.03135004159572,1
STEUBEN STREET,1,1008.4130510029736,1008.4130510029736,0.0,True,1,477430556,-76.15362725447528,43.065971674109775,1
WINTON STREET,2,1008.6366424612972,1008.6366424612972,0.0,True,3,477431795;477432050;477432297,-76.12458706911526,43.059503595700974,2
SOUTH CARBON STREET,1,1008.8070052455907,1008.8070052455907,0.0,True,3,477430840;477430864;477430884,-76.14147079233722,43.06406285485048,1
MARKLAND AVENUE,1,1010.3676375811775,1010.3676375811775,0.0,True,2,477440794;477441224,-76.17957420770486,43.03130362073395,1
NORTH MCBRIDE STREET,2,1011.4217806092961,1011.4217806092961,0.0,True,2,477432402;477432744,-76.14780940724098,43.05791882018419,3
LENNOX AVENUE,2,1012.6838097441323,1012.6838097441323,0.0,True,4,477439701;477439726;513530285;513530286,-76.11694077452925,43.03559254837192,2
WEST COLVIN STREET,1,1012.7945488267944,1012.7945488267944,0.0,True,4,477442725;477442737;477442742;477442752,-76.16756447138637,43.022708869184406,3
ELSNER STREET,1,1019.0828875478312,1019.0828875478312,0.0,True,4,477429874;477429885;477429894;477429897,-76.13612140372766,43.06848714114763,1
ELDORADO STREET,1,1020.6502547446286,1020.6502547446286,0.0,True,2,477430966;477430987,-76.12067104061946,43.063576762583764,1
SUNSTRUCK DRIVE,1,1021.9222500398197,1021.9222500398197,0.0,True,2,477431856;477432217,-76.1210962754541,43.05984592054913,1
HOLDEN STREET,1,1021.9901258860032,1021.9901258860032,0.0,True,4,477439338;477439479;477439669;800051002,-76.18093425576755,43.03703352731498,1
VINE STREET,3,1022.162650028247,1022.162650028247,0.0,True,2,477433873;477434093,-76.12561306093163,43.0541323788301,3
WEST FLORENCE AVENUE,1,1026.279950548016,1026.279950548016,0.0,True,1,477445076,-76.14490896694828,43.00706071313495,1
SHIRLEY DRIVE,1,1026.7025658354448,1026.7025658354448,0.0,True,3,477444562;477444662;477444841,-76.15524585431662,43.00976491885039,1
CLARKE STREET,1,1026.7828619219638,1026.7828619219638,0.0,True,3,477438641;477438665;477438692,-76.11719721915684,43.03900650316316,1
WAYNE STREET,1,1027.4257812030746,1027.4257812030746,0.0,True,2,477433265;477433568,-76.14087724119156,43.05495594174984,1
COLUMBIA AVENUE,1,1029.809817624911,1029.809817624911,0.0,True,2,477442998;477443201,-76.16801269437634,43.02126849419048,1
CLAIRE ROAD,1,1033.073134120832,1033.073134120832,0.0,True,2,477437525;477437545,-76.08682645528917,43.04293399414992,1
ROBINSON STREET,1,1033.7355386582797,1033.7355386582797,0.0,True,4,477432200;477432216;477432231;800034330,-76.12027758251512,43.05847730922466,2
COLBY AVENUE,1,1034.5747623412342,1034.5747623412342,0.0,True,1,477429398,-76.10304781032123,43.07236911848686,1
DOLL PARKWAY,1,1037.5336105567908,1037.5336105567908,0.0,True,2,504325300;506986291,-76.08802583036487,43.0453806294454,2
HIGHPOINT STREET,1,1038.5481116839517,1038.5481116839517,0.0,True,1,800097650,-76.17519413207637,43.04098312029748,1
WILSON STREET,1,1041.0830415393627,1041.0830415393627,0.0,True,3,477431243;477431365;477431605,-76.12501876772427,43.062158851609475,1
NORTH WILBUR AVENUE,1,1045.8202428185175,1045.8202428185175,0.0,True,2,477435329;477435670,-76.18137938735838,43.04967971496357,1
MCKINLEY AVENUE,1,1047.9985838952628,1047.9985838952628,0.0,True,2,477442490;477442516,-76.14259449741193,43.02411064895435,1
BALL CIRCLE,1,1049.1573816393163,1049.1573816393163,0.0,True,1,477444445,-76.13311158139972,43.01225746970817,1
ALTON STREET,1,1053.5612905021683,1053.5612905021683,0.0,True,3,477442603;477442608;477442710,-76.19638019625461,43.02329971152235,1
BENEDICT AVENUE,1,1054.5674817247946,1054.5674817247946,0.0,True,2,477442101;511163749,-76.13809663503797,43.0249681091066,1
COMSTOCK ART,1,1055.51026249023,1055.51026249023,0.0,True,2,600035931;600063979,-76.1280759518357,43.02651562545988,1
FAIRFIELD AVENUE,1,1055.8717184670804,1055.8717184670804,0.0,True,2,477443643;477443655,-76.16448004110917,43.01695478176552,1
EAST CHAFFEE AVENUE,1,1057.5463263503973,1057.5463263503973,0.0,True,4,477446184;477446191;477446201;477446208,-76.15089872514191,42.99780262640571,1
FISCOE AVENUE,1,1057.6200907148427,1057.6200907148427,0.0,True,1,477446668,-76.14581437809036,42.99273613279787,1
SLOCUM AVENUE,1,1059.7587851285286,1059.7587851285286,0.0,True,4,477438055;477438259;477438548;800030980,-76.16054936236448,43.0403102326315,1
LOCKESLEY ROAD,1,1063.8472324132608,1063.8472324132608,0.0,True,2,477439598;477439688,-76.09657925310933,43.03683675199731,1
FORD AVENUE,1,1063.8853640339846,1063.8853640339846,0.0,True,1,477444188,-76.1566095851878,43.01325818185563,1
WEST CALTHROP AVENUE,2,1063.9606159694758,1063.9606159694758,0.0,True,1,477443750,-76.14316005054131,43.016138880834625,2
FITCH STREET,2,1065.536882483962,1065.536882483962,0.0,True,3,477439005;477439023;477439041,-76.17517702106478,43.03791523769733,3
WINDHAM DRIVE,1,1071.0497098006128,1071.0497098006128,0.0,True,4,477439547;477439585;477439586;477439597,-76.09489373799255,43.036383963757636,1
DOLL PARKWAY,2,1072.664720370162,1072.664720370162,0.0,True,2,504325298;506986295,-76.0878925207573,43.04543517248668,2
LISTMAN AVENUE,1,1072.9448261423188,1072.9448261423188,0.0,True,6,477428686;477428695;477428704;477428713;800039830;800039831,-76.13720194847082,43.0746964652859,1
BARRETT STREET,1,1073.948269016671,1073.948269016671,0.0,True,3,477438267;477438567;477438976,-76.16957138531126,43.039147274692425,1
WARHAM STREET,1,1079.162954874673,1079.162954874673,0.0,True,3,477429231;477429271;477429369,-76.14482258865354,43.07179255306645,1
SHERBOURNE ROAD,1,1080.032174494076,1080.032174494076,0.0,True,4,477440568;477440659;477440667;477440668,-76.10991754367147,43.032155916668074,1
APPLE STREET,1,1083.2068353964967,1083.2068353964967,0.0,True,2,477434747;477434764,-76.17731879522896,43.05121670649724,1
THURLOW DRIVE,1,1083.2682570536824,1083.2682570536824,0.0,True,1,477446511,-76.13705745134715,42.99543569907722,1
WEST GLEN AVENUE,1,1084.7956227800344,1084.7956227800344,0.0,True,2,477445298;477445318,-76.14521312104871,43.005516526382216,1
LOMA AVENUE,1,1087.2238381646048,1087.2238381646048,0.0,True,2,477427558;477427730,-76.1460469692606,43.0803906982057,2
CHURCHILL AVENUE,1,1089.4047473799224,1089.4047473799224,0.0,True,5,477444349;477444460;477444485;477444637;477444700,-76.13992628335447,43.01081711523324,1
SACKETT STREET,1,1090.76706714833,1090.76706714833,0.0,True,3,477434246;477434746;477435161,-76.17643193082002,43.051754798933175,1
ORLANDO AVENUE,1,1093.2545452965044,1093.2545452965044,0.0,True,2,477445764;477445782,-76.14075162542423,43.0018798076801,1
HERALD PLACE,1,1093.9040487193313,1093.9040487193313,0.0,True,4,477433827;477433833;509997851;509997852,-76.15418383285966,43.05336408702611,1
SENECA STREET,1,1095.9501988829315,1095.9501988829315,0.0,True,3,477436527;477436759;477437083,-76.16664837965422,43.045285409869514,1
TEMPLE STREET,1,1096.896049330374,1096.896049330374,0.0,True,5,477438379;477438680;800040282;800040284;800053095,-76.15504622804507,43.03967902022297,2
ELMWOOD AVENUE,1,1102.7076449548408,1102.7076449548408,0.0,True,2,477443430;477443508,-76.16319178121292,43.0180920391963,1
DAWES AVENUE,1,1106.8926328516748,1106.8926328516748,0.0,True,2,477444805;477444807,-76.14463907793926,43.00872100854644,1
PACIFIC AVENUE,1,1110.4430690720349,1110.4430690720349,0.0,True,5,477444798;477444819;477444836;477444854;477444874,-76.15174559611286,43.00841722574049,1
ROSEMONT DRIVE,1,1110.9700602897972,1110.9700602897972,0.0,True,3,477446611;477446614;477446622,-76.14580918412358,42.993420160827625,1
MOONEY AVENUE,1,1112.4415382851582,1112.4415382851582,0.0,True,2,477431178;477431192,-76.12044773247455,43.06281628771662,1
HAYDEN AVENUE,1,1115.2599071820339,1115.2599071820339,0.0,True,3,477433501;477433908;477434260,-76.19670860115592,43.05355147114317,1
PARKSIDE AVENUE,1,1117.7455470585326,1117.7455470585326,0.0,True,1,477442324,-76.16291225732513,43.025222899920706,1
TEJAH AVENUE,1,1120.7638722933675,1120.7638722933675,0.0,True,1,477444071,-76.12473719557248,43.014369036631884,1
EDGEWOOD AVENUE,1,1123.0506953446263,1123.0506953446263,0.0,True,3,477443644;477443754;477443926,-76.16539449074243,43.01626804722185,1
WIMAN AVENUE,1,1128.9790293315266,1128.9790293315266,0.0,True,1,477444065,-76.15322577104938,43.01532460505954,1
PLUM STREET,2,1130.0123138227923,1130.0123138227923,0.0,True,5,477432774;477433027;477433107;477433181;800032519,-76.15838803467597,43.056229500983896,2
HARRIETTE AVENUE,1,1134.8167035226716,1134.8167035226716,0.0,True,2,477442473;477442957,-76.13028228549851,43.02297742142213,1
ROBERT DRIVE,1,1135.7731227156562,1135.7731227156562,0.0,True,2,477441986;477442348,-76.13182392169018,43.02617430024295,1
MALVERNE DRIVE,2,1136.156140074427,1136.156140074427,0.0,True,2,477427465;477427651,-76.14524757702836,43.08091233095018,2
KIMBER AVENUE,1,1137.3105753787524,1137.3105753787524,0.0,True,2,477445594;477445605,-76.15555593621922,43.00359731951403,1
EAST FLORENCE AVENUE,1,1138.0328188293822,1138.0328188293822,0.0,True,2,477445061;477445090,-76.1409363663299,43.00703139912069,1
COLLEGE PLACE,1,1139.6708597316556,1139.6708597316556,0.0,True,2,477439508;800056549,-76.13149467310114,43.03781101904873,1
ELLIS STREET,1,1141.5161710268776,1141.5161710268776,0.0,True,2,477436124;477436704,-76.11356062682819,43.046637480943794,1
SMITH LANE,1,1142.0803476808355,1142.0803476808355,0.0,True,4,477442890;477442954;477442955;800032740,-76.13505937117388,43.0216843576003,1
HERRIMAN STREET,1,1145.444634141191,1145.444634141191,0.0,True,3,477439042;477439396;477439622,-76.17713536660682,43.0373824718754,1
WEST STREET ARTERIAL SOUTHBOUND,1,1146.5446343332978,1146.5446343332978,0.0,True,5,477433862;477433944;477434349;513530734;800037032,-76.15873275966679,43.051972551476965,2
WOOD AVENUE,1,1150.259132138618,1150.259132138618,0.0,True,1,477442269,-76.14764736402779,43.025730041059624,1
KRAMER DRIVE,1,1153.7189800579915,1153.7189800579915,0.0,True,3,477445847;477445858;477445887,-76.1559204897086,43.001166455650356,1
OVERLOOK DRIVE,1,1153.7816072716075,1153.7816072716075,0.0,True,5,477441290;477441475;477441522;800034567;800052915,-76.18711131481209,43.029835633771945,1
EAST BRIGHTON AVENUE,3,1153.961465612662,1153.961465612662,0.0,True,3,477445423;477445620;477445745,-76.13022400043538,43.00356115836744,3
EDGEHILL ROAD,1,1154.945408040149,1154.945408040149,0.0,True,1,477437327,-76.10404544170609,43.044565700865455,1
KENMORE AVENUE,1,1157.231215026698,1157.231215026698,0.0,True,1,477444061,-76.1520601993194,43.01540198922699,1
ANDERSON AVENUE,1,1158.8258353680603,1158.8258353680603,0.0,True,1,477444939,-76.14494818017425,43.00788656227041,1
PRIMROSE AVENUE,1,1160.5054928924535,1160.5054928924535,0.0,True,2,477443920;477443929,-76.14798755681909,43.014789818319734,1
HOWARD STREET,1,1164.2599315150605,1164.2599315150605,0.0,True,3,477433528;477433813;477434248,-76.13964419517433,43.05368450330614,1
CLARENCE AVENUE,1,1166.1359200793631,1166.1359200793631,0.0,True,4,477445472;477445478;477445485;477445495,-76.1408409630993,43.00432608354981,1
WOODSIDE DRIVE,1,1167.0640749720149,1167.0640749720149,0.0,True,1,477439950,-76.09921899830745,43.0353079283255,1
VINE STREET,1,1170.6151751944772,1170.6151751944772,0.0,True,3,477431701;477432071;477432330,-76.12584588231381,43.059673082318106,3
SOUTH GLENCOVE ROAD,1,1173.9146825451323,1173.9146825451323,0.0,True,5,477430814;477430830;477430835;477430839;477430861,-76.09659967464688,43.06417634594542,1
MARGUERITE AVENUE,1,1177.641488028752,1177.641488028752,0.0,True,2,477443184;477443189,-76.15783296983528,43.020015182383524,1
MARIPOSA STREET,1,1183.62483202695,1183.62483202695,0.0,True,2,477431342;477431362,-76.1202574782563,43.06205035231986,1
LINCOLN PARK DRIVE,1,1187.8289580693777,1187.8289580693777,0.0,True,3,477432390;477432407;477432444,-76.13124579002876,43.05786187782197,1
NEWBURY HOLLOW LANE,1,1189.6654844561058,1189.6654844561058,0.0,True,1,513531415,-76.1331290165431,43.0137052497951,1
CEDAR STREET,1,1189.7491436387504,1189.7491436387504,0.0,True,2,477436444;800032777,-76.13997960420022,43.04617077576422,1
WEYMOUTH ROAD,1,1191.6577385601825,1191.6577385601825,0.0,True,2,477446322;477446332,-76.14115745002887,42.996114994778715,1
TENNYSON AVENUE,2,1195.663662644221,1195.663662644221,0.0,True,2,477436978;800049038,-76.187484880031,43.04493204969065,2
PEARL STREET,1,1196.6608574844968,1196.6608574844968,0.0,True,5,477433282;477433346;477433535;477433682;477434008,-76.15089208120772,43.05429250866798,1
SOUTH MCBRIDE STREET,2,1200.1977889619002,1200.1977889619002,0.0,True,8,477434982;477435030;477435130;477435226;477435400;477435664;477436027;800066586,-76.14388435057218,43.049162250476094,2
STRATHMORE DRIVE,2,1202.6750184573996,1202.6750184573996,0.0,True,5,477442709;477442735;504325018;504325021;800050899,-76.16970847061545,43.02278106954217,2
HAMPTON ROAD,1,1203.042022107689,1203.042022107689,0.0,True,2,477430286;477430719,-76.12376167792435,43.066198325245296,1
BOYDEN STREET,1,1205.3753306290382,1205.3753306290382,0.0,True,3,477431486;477431494;477431508,-76.12016393615018,43.061282843950174,2
ASHWORTH PLACE,1,1206.30984953328,1206.30984953328,0.0,True,2,477435961;477435966,-76.13204797754558,43.047697794825595,1
PHARIS STREET,1,1207.1740300896827,1207.1740300896827,0.0,True,2,477433076;477433541,-76.19080390315432,43.0557088310244,1
CENTENNIAL DRIVE,1,1207.845276915374,1207.845276915374,0.0,True,2,477442019;477442032,-76.16043923988849,43.02693668848993,1
RIVERDALE DRIVE,1,1207.9468716727615,1207.9468716727615,0.0,True,2,477445857;477446017,-76.15551472362081,43.00081130420742,1
NIVEN STREET,1,1215.531864333302,1215.531864333302,0.0,True,2,477435970;477436030,-76.10586074068401,43.0476188903374,1
RIDGEWAY AVENUE,1,1216.7209722369944,1216.7209722369944,0.0,True,1,477435476,-76.1060196427945,43.04937547029949,1
LEWIS STREET,1,1220.9750515206824,1220.9750515206824,0.0,True,4,477432956;477433075;477433173;477433402,-76.19162735302397,43.055361791995985,1
CATAWBA STREET,1,1222.4477516975778,1222.4477516975778,0.0,True,7,477431292;477431352;477431416;477431462;477431501;477431510;477431522,-76.15403826350317,43.06178785785115,1
RENWICK AVENUE,1,1222.8767675098195,1222.8767675098195,0.0,True,6,477439211;477439556;477439608;477439960;800036337;800036341,-76.14192677360674,43.03591117004479,2
MILFORD DRIVE WEST,1,1225.0314615890195,1225.0314615890195,0.0,True,4,477430126;477430306;800042641;800042655,-76.09863159155637,43.06760446749305,1
MERTENS AVENUE,1,1227.1488856606986,1227.1488856606986,0.0,True,4,477429345;477429362;477429375;477429390,-76.13668286925017,43.071114808819644,2
ELK STREET,1,1228.904505748201,1228.904505748201,0.0,True,3,477442304;477442322;477442362,-76.14268165381523,43.02503338477649,1
FINEVIEW PLACE,1,1231.232151031689,1231.232151031689,0.0,True,6,477439510;477439557;477439595;477439646;477439915;477440174,-76.14181214000561,43.035562393649954,1
COLUMBUS AVENUE,1,1238.1396813744846,1238.1396813744846,0.0,True,7,477435419;477435481;477435690;477435756;477436162;477436454;800066540,-76.12140503051354,43.047803843077176,2
DUKE DRIVE,1,1239.3812093198048,1239.3812093198048,0.0,True,1,477432796,-76.18568608321566,43.057553617609805,1
NORTH CLINTON STREET,1,1242.972749215282,1242.972749215282,0.0,True,8,477433575;477433637;477433826;477434147;477434709;477434874;800042024;800042031,-76.1534881268688,43.052619743076,2
HARRINGTON ROAD,1,1246.7296989648883,1246.7296989648883,0.0,True,3,477437905;477438398;477438924,-76.10189792939703,43.039892565760546,1
DAKOTA STREET,1,1251.6875023405828,1251.6875023405828,0.0,True,6,477440503;477440507;477440513;477440530;477440540;800052286,-76.11376461774826,43.03268444207098,1
CRADDOCK STREET,2,1254.4243805085687,1254.4243805085687,0.0,True,4,477442868;477442981;477443115;477443276,-76.1626648843232,43.02127111326456,2
WESTWOOD ROAD,1,1256.513569811621,1256.513569811621,0.0,True,5,477442333;477442368;477442567;477442604;477442609,-76.19609875266477,43.024750668477836,1
SOUTH FRANKLIN STREET,1,1257.261312698337,1257.261312698337,0.0,True,6,477435051;477435338;477435613;477435890;477436033;800066358,-76.15551708324644,43.04922974802006,1
NORTH CROUSE AVENUE,1,1259.655325911574,1259.655325911574,0.0,True,8,477433890;477434269;477434520;477434765;477435003;508421203;508421207;800039036,-76.13641754229613,43.052443505698356,1
NORTH MCBRIDE STREET,1,1261.347427093681,1261.347427093681,0.0,True,3,477431450;477431713;477432029,-76.14997302923426,43.06060133128661,3
EAST AVENUE,1,1262.402994982932,1262.402994982932,0.0,True,2,477436917;477437536,-76.10568050962718,43.04417378166524,1
EAST CHELTENHAM ROAD,1,1267.6289513397758,1267.6289513397758,0.0,True,2,477446416;477446430,-76.14113534524873,42.995259168891344,1
EAST JEFFERSON STREET,1,1267.9604542138854,1267.9604542138854,0.0,True,5,477436205;477436210;477436212;477436217;477436223,-76.14986111519987,43.04703605895527,1
MELBOURNE AVENUE,1,1271.786666403517,1271.786666403517,0.0,True,2,477435475;477436063,-76.09636108689497,43.049170477960175,1
HADDON ROAD,1,1274.1897612488997,1274.1897612488997,0.0,True,7,477438221;477438226;477438353;477438354;477438433;477438443;477438876,-76.08951129827533,43.03959588296387,1
CRESTVIEW DRIVE,1,1274.5315319766403,1274.5315319766403,0.0,True,3,477445848;477446013;477446109,-76.15782008588883,43.00043443015729,1
GRUMBACH AVENUE,1,1275.031517862775,1275.031517862775,0.0,True,3,477430586;477430833;477431108,-76.13963404278402,43.06483012725062,1
GORDON AVENUE,1,1275.8819620853922,1275.8819620853922,0.0,True,3,477441422;477441441;477441453,-76.17275989392259,43.02914260759755,1
FARMERS MARKET WAY,1,1279.173097130831,1279.173097130831,0.0,True,4,477429078;800030863;800030864;800030865,-76.16720880413082,43.074235484901884,1
BERTRAM PLACE,1,1279.3067384434169,1279.3067384434169,0.0,True,3,477443572;477443598;477443640,-76.15833857991704,43.01728422242784,1
MAINS AVENUE,1,1282.7556299106725,1282.7556299106725,0.0,True,11,477445056;477445101;477445179;477445204;477445294;477445332;477445374;477445434;800041305;800046288;800050422,-76.1571355802567,43.006234442443464,1
CANNON STREET,2,1288.1750852689836,1288.1750852689836,0.0,True,4,477443651;477443751;477443807;477444011,-76.14514455447421,43.01591013028692,2
THAYER STREET,1,1292.2730504665246,1292.2730504665246,0.0,True,5,477443821;477443827;477443832;477443834;477443837,-76.12668323364036,43.01553649202677,1
HATHERLY ROAD,1,1296.4977459525185,1296.4977459525185,0.0,True,3,477437953;477438682;477438954,-76.10330585722484,43.03967203121635,1
VAN BUREN STREET,1,1299.0198478575692,1299.0198478575692,0.0,True,5,477438992;477439098;477439106;477439124;477439126,-76.14056513266338,43.03769914267113,2
MARLBOROUGH ROAD,2,1304.3474874620044,1304.3474874620044,0.0,True,2,477429249;477429578,-76.11213922405875,43.07171719584919,2
ENGLEWOOD AVENUE,1,1305.4460084224804,1305.4460084224804,0.0,True,4,477445379;477445433;477445489;477445540,-76.15654370758244,43.00451312420349,1
FILLMORE AVENUE,1,1306.2033175632364,1306.2033175632364,0.0,True,5,477444629;477444636;477444650;800034244;800034255,-76.13992563092839,43.009872127471134,1
BERGER AVENUE,1,1306.2737083105912,1306.2737083105912,0.0,True,2,477444070;477444150,-76.15414691353979,43.01498460420838,1
CONCORD PLACE,1,1309.9661111174419,1309.9661111174419,0.0,True,8,477438317;513530327;513530328;513530329;513530331;513530332;513530333;513530334,-76.11784070368171,43.03984316639482,1
SUNHILL TERRACE,1,1310.3453173077187,1310.3453173077187,0.0,True,1,477441877,-76.18924879350955,43.02899629948886,1
EAST WARRINGTON ROAD,1,1311.7881115475543,1311.7881115475543,0.0,True,2,477446502;477446517,-76.14117294191293,42.99439135269044,1
WHITWELL DRIVE,1,1313.2252468564186,1313.2252468564186,0.0,True,3,477430418;477430790;477431073,-76.13745445573505,43.06498557016166,1
NELSON STREET,1,1316.5557807873004,1316.5557807873004,0.0,True,1,477436849,-76.17613124505608,43.04594188903676,1
STADIUM PLACE,1,1316.8215487040331,1316.8215487040331,0.0,True,3,477439617;477439881;477440137,-76.13934949058687,43.03579602118272,1
SALISBURY PARK DRIVE,1,1318.267676618014,1318.267676618014,0.0,True,5,477435244;477435499;477435709;477435977;477436130,-76.09761789166762,43.049026259247,1
GILBERT AVENUE,1,1319.6286584030247,1319.6286584030247,0.0,True,4,477429940;477430005;477430128;477430228,-76.14734198946628,43.0677412437689,1
LIME STREET,1,1319.7127159603808,1319.7127159603808,0.0,True,4,477433741;477434044;477434390;477434824,-76.09408195992697,43.05286528260042,1
FOREST AVENUE,1,1321.6582361849307,1321.6582361849307,0.0,True,2,477443034;477443095,-76.14886780654999,43.021032945591486,1
GLENCOVE ROAD,1,1322.0382633052877,1322.0382633052877,0.0,True,4,477430646;477430659;477430670;477430684,-76.09167393822717,43.06478272619715,2
MANOR DRIVE,1,1323.3072730018096,1323.3072730018096,0.0,True,3,477437897;477437955;477438218,-76.08252748790903,43.04218856823803,1
WINDING RIDGE ROAD,1,1323.6220524170803,1323.6220524170803,0.0,True,5,477443797;477443859;477443915;477443957;477443958,-76.12020427649249,43.015300969702324,1
WALL STREET,1,1323.9183010032568,1323.9183010032568,0.0,True,3,477435195;477435729;800049154,-76.17301482711285,43.05023172683911,1
PINE STREET,1,1327.9452186462597,1327.9452186462597,0.0,True,6,477435199;477435471;477435724;477435965;477436240;800066545,-76.12976689452198,43.04879157030355,1
BRADLEY STREET,1,1328.0215348556933,1328.0215348556933,0.0,True,5,477439708;477439868;477439931;477440127;477440454,-76.17237700667503,43.03473919395283,1
WEST DIVISION STREET,2,1329.564450671167,1329.564450671167,0.0,True,3,477432179;477432428;800049085,-76.15895179712875,43.05857493055536,2
WALNUT PLACE,1,1331.977797650471,1331.977797650471,0.0,True,3,477437463;477437833;477438143,-76.13282775646647,43.042338063009524,1
FERNDALE DRIVE,1,1333.731140219545,1333.731140219545,0.0,True,2,477445305;477445699,-76.14591850417538,43.004366452992556,1
EDNA ROAD,1,1335.849536857981,1335.849536857981,0.0,True,2,477447325;800047572,-76.13976011557017,42.98517338786103,1
SEDGWICK STREET,1,1336.650555166264,1336.650555166264,0.0,True,3,477431724;477431840;477432338,-76.12918862932044,43.059623533708624,1
RIEGEL STREET,1,1345.595456992876,1345.595456992876,0.0,True,2,477433254;477433478,-76.11694119014618,43.054810039004515,1
WALTON STREET,1,1351.6762133219797,1351.6762133219797,0.0,True,4,477435885;477435893;477435896;800047626,-76.1560156927787,43.04806142073351,1
PECK AVENUE,1,1351.8970927518021,1351.8970927518021,0.0,True,2,477430218;800048716,-76.12086338953783,43.067999576663894,1
SUMMIT AVENUE,1,1352.1204197709892,1352.1204197709892,0.0,True,6,477442708;477442718;477442876;477442973;477443091;477443195,-76.16559112553558,43.02172600350495,2
HASTINGS PLACE,1,1355.1595590119803,1355.1595590119803,0.0,True,3,477430705;477430745;477430974,-76.11776547651608,43.06547930132051,1
ROE AVENUE,1,1358.8200961411828,1358.8200961411828,0.0,True,2,477443595;477443756,-76.12449431885265,43.01748955805272,1
DORCHESTER AVENUE,1,1362.3007940409977,1362.3007940409977,0.0,True,3,477429716;477429957;477430050,-76.12527669315806,43.069427395381766,1
HARDING PLACE,1,1367.5749732390302,1367.5749732390302,0.0,True,2,477446603;477446617,-76.14120628900329,42.99348452144011,1
MONTANA STREET,1,1371.7213242030214,1371.7213242030214,0.0,True,5,477439892;477439895;477439905;477439919;477439968,-76.11242698968579,43.034842570900565,1
FARM ACRE ROAD,1,1374.0428638663102,1374.0428638663102,0.0,True,2,477443360;477443379,-76.12085331401963,43.01925303294488,1
STRATHMORE DRIVE,1,1377.6530698579695,1377.6530698579695,0.0,True,3,477443024;477443211;477443288,-76.17242694918873,43.0210818494285,2
SEARLWYN ROAD,1,1379.1768323355532,1379.1768323355532,0.0,True,2,477446807;477446820,-76.14145877504951,42.99152672202269,1
MARTIN STREET,2,1380.7345058432752,1380.7345058432752,0.0,True,2,477427382;477427618,-76.15126798951704,43.081144656471245,2
WEST CALTHROP AVENUE,1,1382.5079524640894,1382.5079524640894,0.0,True,2,477443816;477443826,-76.14771074421986,43.01563446871076,2
EAST KENNEDY STREET,1,1382.6338121305348,1382.6338121305348,0.0,True,4,477440847;477440888;477440946;477441092,-76.14521313210207,43.031171952425964,1
BRAMPTON ROAD,1,1383.4269592397586,1383.4269592397586,0.0,True,2,477446696;477446717,-76.14131381201418,42.992392301502214,1
ARLINGTON AVENUE,1,1385.4061924739174,1385.4061924739174,0.0,True,3,477442726;477442985;477443190,-76.16683248370387,43.02183461166055,1
FORMAN AVENUE,1,1386.4567705383322,1386.4567705383322,0.0,True,8,477435145;477435420;477435692;477435910;477435982;477436114;477436246;800066557,-76.13993042183714,43.048863783362386,1
CHAMPLIN DRIVE,1,1387.9370440961002,1387.9370440961002,0.0,True,4,477431664;477431766;477431767;477431943,-76.1017080233624,43.060516147102376,1
ARMSTRONG PLACE,1,1388.2677348446575,1388.2677348446575,0.0,True,1,477444086,-76.16775962608034,43.01383251262753,1
SYRACUSE STREET,1,1388.4087812770028,1388.4087812770028,0.0,True,1,477435927,-76.17914822612416,43.048693176655796,1
MAPLE STREET,1,1391.2089841006807,1391.2089841006807,0.0,True,4,477435739;477436207;477436646;800032785,-76.12555519338603,43.0472658487625,1
NORTHWAY STREET,1,1391.8797518306171,1391.8797518306171,0.0,True,4,477433987;477434043;477434060;800048585,-76.09221733641934,43.05284391265287,1
EMERSON AVENUE,5,1394.564853187623,1394.564853187623,0.0,True,3,477435303;477435654;477436082,-76.18455305511063,43.04909593226933,5
CLYDE AVENUE,1,1394.6761318022536,1394.6761318022536,0.0,True,3,477443112;477443230;477443310,-76.16170330830737,43.02115966575398,1
SIMON DRIVE,1,1395.2391347974815,1395.2391347974815,0.0,True,1,600051413,-76.10138582826188,43.0561011419852,1
CONIFER DRIVE,1,1400.4689658050088,1400.4689658050088,0.0,True,2,800048251;800048252,-76.14154173256631,42.99058856990661,1
EAST GLEN AVENUE,1,1401.0270462900332,1401.0270462900332,0.0,True,6,477445282;477445291;477445296;477445302;477445312;477445324,-76.14055187279507,43.005507291542,3
LANDON AVENUE,1,1402.241575046176,1402.241575046176,0.0,True,4,477441437;477441634;477441840;477442024,-76.14890690848642,43.02832546979621,1
STRONG AVENUE,1,1406.8170887106317,1406.8170887106317,0.0,True,3,477439291;513530284;513530287,-76.11708074754983,43.03724539442338,1
WEST COURT STREET,1,1406.9263139620982,1406.9263139620982,0.0,True,5,477430667;477430717;477430774;477431132;507665325,-76.16052844526001,43.06297333481056,1
MONTGOMERY STREET,1,1415.2774877436218,1415.2774877436218,0.0,True,5,477435084;477435373;477435641;477436211;800066547,-76.14932037326696,43.04898027675436,4
TIOGA STREET,1,1416.0638564835847,1416.0638564835847,0.0,True,4,477436361;477436559;477436805;477437086,-76.16317085759736,43.045671840133785,1
CHAPPLE WAY,1,1416.085756013458,1416.085756013458,0.0,True,1,600035941,-76.12626505369687,43.024722911094294,1
BALL AVENUE,1,1417.7835027751569,1417.7835027751569,0.0,True,5,477435291;477435520;477435753;477436020;477436290,-76.1001589887466,43.04875925243512,1
LORRAINE AVENUE,1,1421.0066792015589,1421.0066792015589,0.0,True,2,477442443;477442972,-76.13210396828553,43.0232918548567,1
WEST WATER STREET,2,1425.61509804817,1425.61509804817,0.0,True,5,477435059;477435061;512620138;800030713;800066375,-76.15484644607204,43.05052107741534,2
WOODRUFF AVENUE,1,1430.4510092269475,1430.4510092269475,0.0,True,3,477429376;477429722;477429895,-76.13776517976083,43.070378162367426,2
LEAVENWORTH AVENUE,2,1431.1528118956883,1431.1528118956883,0.0,True,5,477433146;477433194;477433354;477433771;477434337,-76.16302075436468,43.05398417704904,2
HATCH STREET,1,1436.416148316017,1436.416148316017,0.0,True,3,477442789;477443021;477443234,-76.15309893972498,43.021589742340026,1
SUMNER AVENUE,1,1438.141555568551,1438.141555568551,0.0,True,2,477439415;477440081,-76.12563193986195,43.036137571228366,1
HOVEY STREET,1,1439.22683862555,1439.22683862555,0.0,True,3,477440764;477440877;477440987,-76.15652270373774,43.03188384985412,1
MONTICELLO DRIVE SOUTH,1,1439.4715198039473,1439.4715198039473,0.0,True,3,477446020;477446128;482659668,-76.13899020943566,42.99844581188079,1
LIVINGSTON AVENUE,1,1439.7482194836775,1439.7482194836775,0.0,True,2,477439442;477440093,-76.12688956766887,43.036075861858976,1
CARLTON DRIVE,1,1440.0791722848332,1440.0791722848332,0.0,True,4,504325279;504325285;504325286;504325288,-76.08910346746386,43.04632270875352,2
PARKWAY DRIVE,1,1441.1614213755865,1441.1614213755865,0.0,True,4,477442404;477442438;477442453;477442478,-76.16206852869949,43.02440918871954,1
HAZELHURST AVENUE,1,1442.24639576884,1442.24639576884,0.0,True,4,477428949;477429023;477429254;477429589,-76.11287019709584,43.0718762564201,1
DOROTHY STREET,1,1442.3003775552465,1442.3003775552465,0.0,True,2,477431447;477431723,-76.12753432781737,43.06140220650289,1
CAMBRIDGE STREET,1,1444.637072967075,1444.637072967075,0.0,True,2,477437832;800048132,-76.1179619840783,43.04356994316459,1
CULBERT STREET,1,1448.1642581835815,1448.1642581835815,0.0,True,1,477429530,-76.1499568077882,43.072039330179116,1
SEWARD STREET,1,1448.5405333762337,1448.5405333762337,0.0,True,5,477431460;477431496;477431619;477431918;477432193,-76.14316847366621,43.06026294019888,1
WEST MATSON AVENUE,1,1461.1470468898224,1461.1470468898224,0.0,True,1,477444230,-76.15061497227317,43.01281617826784,2
HIGHRIDGE DRIVE,1,1462.3299123498623,1462.3299123498623,0.0,True,3,477441957;477441970;477442242,-76.1994954906023,43.02649525229205,1
MOORE AVENUE,1,1468.0181730744785,1468.0181730744785,0.0,True,5,477442245;477442645;477442768;800032706;800032723,-76.13699968654821,43.02431677444756,1
XAVIER CIRCLE,1,1478.124237005888,1478.124237005888,0.0,True,3,800032795;800032796;800032797,-76.12988974552475,43.02021212295175,1
BROOKLEA PLACE,1,1481.7478772455495,1481.7478772455495,0.0,True,2,477446444;477446571,-76.14979811007608,42.9956718369199,1
SMITH STREET,1,1487.2020889030787,1487.2020889030787,0.0,True,8,477433697;477433988;477434313;477434738;477453879;477453881;477453882;800066449,-76.09070836310096,43.05324851477356,1
ROXBURY ROAD,1,1488.053323335372,1488.053323335372,0.0,True,6,477430287;477430300;477430305;477430333;800042647;800042649,-76.09707907695541,43.06651701919986,1
WEST LAFAYETTE AVENUE,1,1488.5430268001642,1488.5430268001642,0.0,True,2,477443449;477443469,-76.15824802323057,43.01820425915956,2
WINTHROP ROAD,1,1488.551576474196,1488.551576474196,0.0,True,2,477430481;477430506,-76.09701664832714,43.065722405535475,1
CROUSE DR,1,1491.4116843583886,1491.4116843583886,0.0,True,1,477439218,-76.13595298372317,43.03820004944134,1
GRAVES STREET,1,1491.883793799829,1491.883793799829,0.0,True,4,477431490;477431495;477431646;477431843,-76.13984506677292,43.06096097181659,1
HARDING STREET,1,1493.3241178143767,1493.3241178143767,0.0,True,2,477427770;477428012,-76.14009267201153,43.07930552102554,1
BASIN STREET,1,1496.0448602839608,1496.0448602839608,0.0,True,2,477431456;507665389,-76.1575350871548,43.06292683554372,1
HOPE AVENUE,1,1498.16314985891,1498.16314985891,0.0,True,3,477442929;477443096;477443203,-76.15172020708823,43.02182479890133,1
SABINE STREET,1,1499.0143341029468,1499.0143341029468,0.0,True,4,477438975;477439156;510577042;510577044,-76.16742178120181,43.038866086211414,1
COLUMBUS AVENUE,2,1516.2026116060686,1516.2026116060686,0.0,True,2,477437050;477437704,-76.12090344240741,43.04393141850625,2
HARVARD PLACE,1,1517.2580879939296,1517.2580879939296,0.0,True,6,477437748;477437757;477437795;477437831;477437880;477437925,-76.11656707338483,43.04162476030215,1
GRIFFITHS STREET,1,1521.1393819023099,1521.1393819023099,0.0,True,5,477429629;477429737;477429805;477429870;477429946,-76.1458296330712,43.06919733113934,1
WASHINGTON SQUARE,1,1523.7922716246242,1523.7922716246242,0.0,True,6,477429416;477429467;477429484;477429555;477429587;477429617,-76.1628014969839,43.07037940363894,1
ROBINSON STREET,2,1525.099488533837,1525.099488533837,0.0,True,6,477432292;477432296;477432319;477432329;477432350;477432366,-76.12504355971333,43.05811717112618,2
HUTCHINSON AVENUE,1,1525.193981817458,1525.193981817458,0.0,True,5,477443753;477443761;477443763;477443776;477443786,-76.16622525538398,43.015987113487874,1
BASSETT STREET,1,1527.8891297196935,1527.8891297196935,0.0,True,4,477436602;477437068;477437557;800032784,-76.12222705998067,43.044470556537476,1
WEST BEARD AVENUE,2,1533.9027043943759,1533.9027043943759,0.0,True,3,477442023;477442136;477442212,-76.14869323326725,43.02634229042707,2
BELLE AVENUE,1,1536.2842261648568,1536.2842261648568,0.0,True,1,477444417,-76.14488669476374,43.01146075056549,1
STEDMAN STREET,1,1539.4669266761607,1539.4669266761607,0.0,True,5,477427472;477427622;477427870;800041913;800041916,-76.15562239944443,43.07993048912067,1
MITCHELL AVENUE,1,1540.4328203777204,1540.4328203777204,0.0,True,4,477444087;477444277;477444430;477444570,-76.17019608105969,43.012376051686765,1
DAVIS STREET,1,1544.538444834146,1544.538444834146,0.0,True,3,477438619;510577017;510577043,-76.16969360127273,43.03923047399324,1
DUDLEY STREET,1,1544.5995920680275,1544.5995920680275,0.0,True,5,477439518;477439751;477439848;477440090;477440433,-76.16963443233517,43.035101258029584,1
BOYDEN STREET,2,1548.5943016333479,1548.5943016333479,0.0,True,5,477431593;477431604;477431611;477431700;477431926,-76.1251333240003,43.06048519524048,2
TEX SIMONE DRIVE,1,1555.972668314651,1555.972668314651,0.0,True,2,477428571;600064039,-76.1652341133789,43.0766728903355,1
MONTGOMERY STREET,2,1559.4766803352557,1559.4766803352557,0.0,True,4,477436327;477436596;477436944;477437377,-76.14882927280549,43.04489908530559,4
HARFORD ROAD,1,1562.0972447322624,1562.0972447322624,0.0,True,3,477427078;477427175;477427397,-76.1450017056157,43.08294226138192,1
WINTON STREET,1,1563.0244183063603,1563.0244183063603,0.0,True,3,477432720;477433093;477433660,-76.12343748710826,43.05604035505821,2
LILAC STREET,1,1571.6830067682504,1571.6830067682504,0.0,True,2,477430852;477431114,-76.1529855056646,43.06411556702962,1
STERLING AVENUE,1,1572.5617765917782,1572.5617765917782,0.0,True,5,477440758;477440776;477440791;477440796;477440812,-76.16171097648838,43.031741101243384,1
DALE STREET,1,1575.2288195896363,1575.2288195896363,0.0,True,2,477428385;477428594,-76.14454129989544,43.07672902703349,1
BURNET PARK DRIVE,1,1581.845968518011,1581.845968518011,0.0,True,5,477436500;477436542;477436777;477436949;477437201,-76.18510670881227,43.045042338957074,1
MAGNOLIA STREET,1,1587.7033201351103,1587.7033201351103,0.0,True,2,477436825;477437330,-76.17463387564074,43.04467459965866,1
WEST TAYLOR STREET,1,1588.7380075969172,1588.7380075969172,0.0,True,7,477438662;477438724;477438757;477438824;477438879;800040234;800047555,-76.15314031559075,43.03876435519454,1
HIER AVENUE,1,1590.2834514421227,1590.2834514421227,0.0,True,3,477430292;477430841;477431130,-76.14063313036365,43.06521908570118,1
HALL AVENUE,1,1591.277387485349,1591.277387485349,0.0,True,1,477444306,-76.14485632817363,43.01233668166152,1
CUMBERLAND AVENUE,1,1596.361246901051,1596.361246901051,0.0,True,2,477439896;477440504,-76.11263028271156,43.03492864751463,3
VINCENT STREET,2,1613.929993424642,1613.929993424642,0.0,True,7,477442936;477442942;477442956;477442966;477442971;477442986;600008873,-76.12985444898499,43.02143900082039,2
AUSTIN AVENUE,1,1616.4582493368198,1616.4582493368198,0.0,True,1,477441951,-76.18824368567114,43.02906826684775,1
MARY STREET,1,1618.111160881176,1618.111160881176,0.0,True,6,477430553;477430631;477430731;477431113;477431321;800040699,-76.14965978906885,43.06407043552347,1
DEFOREST ROAD,1,1620.3598998199468,1620.3598998199468,0.0,True,4,477437391;477437479;477437566;477437890,-76.09087143066127,43.04243837584283,1
RICHFIELD AVENUE,1,1621.1591674313374,1621.1591674313374,0.0,True,2,477447006;477447026,-76.14122177061617,42.98906146203815,1
CLIFTON PLACE,1,1623.2539166316333,1623.2539166316333,0.0,True,3,477430694;477430739;477431012,-76.11675320958557,43.06558923587561,1
DELRAY AVENUE,1,1623.5067878446694,1623.5067878446694,0.0,True,2,477435290;477435315,-76.10073794372497,43.04988053937378,1
MILNOR AVENUE,1,1624.8650821643173,1624.8650821643173,0.0,True,2,477436019;477436098,-76.10052800439347,43.04749865764736,1
HARWOOD AVENUE,1,1625.8562297601354,1625.8562297601354,0.0,True,2,477435752;477435829,-76.10059944954399,43.048288792890794,1
NORTH GLENCOVE ROAD,1,1635.818614536388,1635.818614536388,0.0,True,5,477430691;477430692;600035917;600035918;600035919,-76.09688031797332,43.06482873732217,1
WEST MATSON AVENUE,2,1652.8786680961118,1652.8786680961118,0.0,True,1,477444173,-76.14481797602966,43.013221179583155,2
FOURTH NORTH STREET,1,1653.9394648957518,1653.9394648957518,0.0,True,4,477427803;477427867;477427975;477428109,-76.1602019931597,43.07860743374311,1
WARNER AVENUE,2,1660.3017760610232,1660.3017760610232,0.0,True,3,477442812;477442828;477442902,-76.14690920240626,43.022221468136266,2
MASSENA STREET,1,1669.9986855234679,1669.9986855234679,0.0,True,6,477438244;477438802;477439028;477439203;510577032;510577034,-76.16638612125426,43.03888380502468,1
PLUM STREET,1,1670.9761748210344,1670.9761748210344,0.0,True,6,477433795;477434306;477434374;477434956;477435041;477435233,-76.16022394971904,43.05234582278059,2
ARNOLD AVENUE,1,1673.2430387046566,1673.2430387046566,0.0,True,3,477443604;477443822;477443927,-76.12556873267275,43.0170135838589,1
SHERWOOD AVENUE,1,1682.938940231631,1682.938940231631,0.0,True,3,477432746;477433112;477433750,-76.12485393621671,43.055833453657385,1
TENNYSON AVENUE,1,1683.7334385419697,1683.7334385419697,0.0,True,3,477436103;477436499;800049033,-76.18222133480072,43.04692718562917,2
MARTIN LUTHER KING EAST,1,1688.9444381741505,1688.9444381741505,0.0,True,7,477440005;477440034;477440059;477440166;477440278;800034167;800034171,-76.14584263653607,43.033775483812846,1
GREENWOOD PLACE,1,1692.7494392104395,1692.7494392104395,0.0,True,5,477437652;477438059;477438295;477438601;477438831,-76.12226994863394,43.04061674967254,1
BARNES AVENUE,1,1702.1814528532154,1702.1814528532154,0.0,True,2,477445541;477445644,-76.15893673914093,43.00546915205503,2
GRACE STREET,1,1713.4869432164694,1713.4869432164694,0.0,True,2,477438801;477439293,-76.16605613240564,43.03858109122434,1
LATTER DRIVE,1,1713.6062287949317,1713.6062287949317,0.0,True,6,477446409;477446497;477446592;477446690;477446732;477446800,-76.13872039518053,42.99387480526328,1
WEST COLVIN STREET,2,1717.3046013354701,1717.3046013354701,0.0,True,4,477442654;477442681;477442687;477442707,-76.16247765241347,43.02302725762894,3
GARFIELD AVENUE,1,1726.5311714749657,1726.5311714749657,0.0,True,7,477441236;477441281;477441568;477441594;477441778;477441968;477442128,-76.14214973388691,43.02844451577077,2
PAUL AVENUE,1,1727.2362402366466,1727.2362402366466,0.0,True,2,477429778;477430092,-76.12036617325282,43.068827035967445,1
HILLVIEW AVENUE,1,1727.67016025509,1727.67016025509,0.0,True,6,477443116;477443120;477741333;504325490;504325496;504325498,-76.16232360668589,43.02058155183095,1
MAPLEHURST AVENUE,1,1731.4073806985946,1731.4073806985946,0.0,True,2,477427681;477428003,-76.1389540975078,43.07953357922777,1
HOMECROFT ROAD,1,1733.7595584428911,1733.7595584428911,0.0,True,2,477430312;477430788,-76.10237641524324,43.066657819704524,1
CRAIG STREET,1,1735.001567342306,1735.001567342306,0.0,True,5,477429230;477429347;477429543;477429628;511383770,-76.14589833085991,43.07085771182899,1
MILBURN DRIVE,1,1736.157971697036,1736.157971697036,0.0,True,2,477445503;477445785,-76.15147762742376,43.00364313887486,1
RIGI AVENUE,1,1737.1520804285321,1737.1520804285321,0.0,True,2,477429410;477429794,-76.10424511759571,43.07134309179221,1
WEST WASHINGTON STREET,1,1738.7081907918266,1738.7081907918266,0.0,True,5,477435345;477435350;477435358;477435378;477435384,-76.1554572083272,43.0495946538136,1
DAKIN STREET,1,1748.4994033848157,1748.4994033848157,0.0,True,6,477435019;477435032;477435047;477435078;800048230;800048231,-76.1116982750662,43.050579757556925,1
WEST CORNING AVENUE,1,1749.4981468728588,1749.4981468728588,0.0,True,2,477443422;477443453,-76.14533299949517,43.01848773313718,1
ELMHURST AVENUE,1,1757.7885852365268,1757.7885852365268,0.0,True,8,477443037;477443040;477443043;477443046;477443049;477443058;477443063;800050953,-76.15617471825762,43.020930560274714,1
GIFFORD PARKWAY,1,1758.7256204921846,1758.7256204921846,0.0,True,7,477437524;477437544;477437935;477437963;504325135;504325136;506986297,-76.08508997761963,43.04240439229753,1
CLEVELAND AVENUE,1,1759.7795852185302,1759.7795852185302,0.0,True,3,477429270;477429736;477429878,-76.1449479237909,43.07061324308413,1
WESTMINSTER AVENUE,1,1768.087384978727,1768.087384978727,0.0,True,4,477439869;477440375;477440744;800052795,-76.12056882931016,43.03389726489408,1
BAKER AVENUE,1,1768.9941030671678,1768.9941030671678,0.0,True,3,477441258;477441614;477441989,-76.14363767349559,43.02900767252763,1
MERRITT AVENUE,1,1773.780799810988,1773.780799810988,0.0,True,2,477446108;477446112,-76.1562727899817,42.99897813978215,1
STRATFORD STREET,1,1776.268963228765,1776.268963228765,0.0,True,5,477440061;477440080;477440092;477440119;477440146,-76.12627281703506,43.03412899737446,1
SUNSET AVENUE,1,1779.7183668451773,1779.7183668451773,0.0,True,6,477430397;477430519;477430537;477430614;477430678;477430812,-76.16062200056115,43.065506378053456,1
WEBSTER AVENUE,1,1787.2162897501987,1787.2162897501987,0.0,True,2,477442813;477443123,-76.14548386542965,43.02289510032092,1
STATE FAIR BOULEVARD,2,1792.2491203962916,1792.2491203962916,0.0,True,2,510970450;510970451,-76.18379754685871,43.059869407463395,3
BARNES AVENUE,2,1792.3652290230252,1792.3652290230252,0.0,True,6,477444346;477444384;477444516;477444654;477444791;477444935,-76.16021063210752,43.010035379445824,2
MERTENS AVENUE,2,1794.4517933132777,1794.4517933132777,0.0,True,5,477429266;477429280;477429291;477429299;477429319,-76.12970974669598,43.07146133319976,2
GRANT AVENUE,1,1796.6032030331032,1796.6032030331032,0.0,True,5,477440733;477440756;477440769;477440793;482659672,-76.17624400253504,43.03184059946342,1
LYDELL STREET,1,1800.109961468386,1800.109961468386,0.0,True,6,477438994;477439075;477439430;477439644;477440193;800051003,-76.1784719231425,43.03629168851499,1
WEST BORDEN AVENUE,1,1807.563499929247,1807.563499929247,0.0,True,3,477441838;477442017;477442088,-76.14958960422014,43.02707625087847,1
MCLENNAN AVENUE,1,1812.1525831392044,1812.1525831392044,0.0,True,3,477441633;477441826;477441895,-76.15000249646864,43.027931119697605,1
MERRILL STREET,1,1813.2290718046354,1813.2290718046354,0.0,True,2,477427268;477427517,-76.15032578997088,43.08237145318575,1
CHAFFEE AVENUE,1,1815.2691400648548,1815.2691400648548,0.0,True,1,477446214,-76.15624763063524,42.99759386620231,1
JASPER STREET,1,1816.174971248237,1816.174971248237,0.0,True,3,477431271;477431285;477431323,-76.1380218542558,43.06226964743457,1
PEAT STREET,1,1818.5432092717178,1818.5432092717178,0.0,True,11,477433255;477433301;477433350;477433553;477433735;477434089;477434733;477434767;477434834;600008897;800066458,-76.11544231230175,43.053511169538965,1
MILES AVENUE,1,1818.6121590395032,1818.6121590395032,0.0,True,5,477440223;477440541;477440685;477440997;477441033,-76.11614090661621,43.03312648693127,1
ATLANTIC AVENUE,1,1820.6045511808102,1820.6045511808102,0.0,True,5,477444452;477444472;477444476;477444505;477444524,-76.15392176829108,43.01088464765075,1
WHEATON ROAD,1,1829.56219096072,1829.56219096072,0.0,True,7,477429195;477429259;477429330;477429728;477429958;800039446;800039447,-76.12623839644587,43.07040425934599,1
STATE FAIR BOULEVARD,3,1832.0603221656258,1832.0603221656258,0.0,True,5,477433764;477434114;800032549;800032561;800032566,-76.1819013546484,43.05467097209781,3
WELLESLEY ROAD,1,1833.0783685439437,1833.0783685439437,0.0,True,3,477443005;477443220;477443532,-76.16914273153361,43.020137809417875,1
NORTH BEECH STREET,1,1835.0107846466267,1835.0107846466267,0.0,True,5,477434049;477434445;477434506;477434829;477435105,-76.12761365899348,43.05293601245916,1
HOUSTON AVENUE,1,1843.4160923071302,1843.4160923071302,0.0,True,3,477438297;477438958;477439264,-76.1125069083146,43.03924845149523,1
WYOMING STREET,1,1846.3745156933635,1846.3745156933635,0.0,True,6,477436106;477436383;477436752;477436833;477437227;481561671,-76.15977528057334,43.045857471772585,1
HUBBELL AVENUE,1,1853.5653912092198,1853.5653912092198,0.0,True,4,477440824;477441165;477441411;477441695,-76.17046624871064,43.030472618676995,1
MANLEY FIELD HOUSE,2,1863.0482532391422,1863.0482532391422,0.0,True,5,600035936;600035942;600035943;600035945;600035946,-76.12594589834735,43.02305855781632,2
CLAIRMONTE AVENUE,1,1864.9996645212523,1864.9996645212523,0.0,True,4,477440466;477440809;477441158;477441693,-76.16920337730036,43.03050285583672,1
COLDBROOK DRIVE,3,1870.4275370378457,1870.4275370378457,0.0,True,6,477446323;477446417;477446503;477446604;477446697;477446808,-76.14015684919042,42.994148484889244,2
SENECA DRIVE,1,1871.119907577237,1871.119907577237,0.0,True,3,477445473;477445643;477445915,-76.13998514130208,43.00301565990686,1
TWIN HILLS DRIVE,1,1872.7574679068723,1872.7574679068723,0.0,True,5,477442210;477442229;477442656;477442747;477442749,-76.17280683436434,43.02427081963764,1
BEECHER STREET,1,1874.0757611223985,1874.0757611223985,0.0,True,5,477431479;477431690;477431718;477431794;477432014,-76.14038713460691,43.060830105578674,1
MONTGOMERY STREET,3,1883.0735976121491,1883.0735976121491,0.0,True,5,477438551;477438572;477438933;477439509;800036247,-76.14869205207991,43.03802858761905,4
GERTRUDE STREET,1,1899.03918854861,1899.03918854861,0.0,True,3,477433271;477433435;477433812,-76.13631298239073,43.0548018978394,1
PARRISH LANE,1,1907.3653482403809,1907.3653482403809,0.0,True,4,477447245;477447259;477447264;800047571,-76.14022424139408,42.986185281268135,1
HARTSON STREET,1,1925.0183578757642,1925.0183578757642,0.0,True,4,477439395;477439429;477439446;477439478,-76.1772920549604,43.03651747474565,1
MONTICELLO DRIVE NORTH,1,1925.2068184036768,1925.2068184036768,0.0,True,3,477445466;477445752;477445939,-76.13870556375637,43.002950203415914,1
NORTH AVENUE,2,1930.9075936765728,1930.9075936765728,0.0,True,5,477429037;477429602;477429873;800048576;800048578,-76.11363936092218,43.07116010174318,1
CONSERVATION PLACE,1,1939.714955965375,1939.714955965375,0.0,True,6,477436800;800066140;800066152;800066191;800066216;800066237,-76.17908446047065,43.04471397623609,1
HURLBURT ROAD,1,1946.5371932656667,1946.5371932656667,0.0,True,4,477437735;477437778;477438389;477439165,-76.10066149994128,43.039917004988006,1
MARYLAND AVENUE,1,1946.9354655802674,1946.9354655802674,0.0,True,4,477439081;477439329;477440374;800048531,-76.12021470476165,43.03584288980369,1
WEST JEFFERSON STREET,1,1951.64006945296,1951.64006945296,0.0,True,6,477436140;477436181;477436185;477436197;477436316;477436317,-76.15465804641286,43.047081665886125,2
IVY RIDGE ROAD,1,1967.8209792709195,1967.8209792709195,0.0,True,1,477444074,-76.1346546699246,43.01573133540575,1
WAINWRIGHT AVENUE,1,1977.7766167657485,1977.7766167657485,0.0,True,3,477428190;477428580;477428938,-76.13347498728274,43.076175439817895,1
CHINOOK DRIVE,1,1984.4534902193184,1984.4534902193184,0.0,True,3,477443509;477443528;800048142,-76.12022593947052,43.01824437605118,1
FENWAY DRIVE,1,1992.8743262028472,1992.8743262028472,0.0,True,2,477435755;477436693,-76.11052658253398,43.04789881105121,1
BRATTLE ROAD,1,1994.7175921237344,1994.7175921237344,0.0,True,3,477429281;477429913;477430112,-76.12861796849496,43.07004553640621,2
MATHER STREET,1,2001.1993823500995,2001.1993823500995,0.0,True,2,477433158;477434128,-76.12880382927642,43.05519079261316,1
SUMMIT AVENUE,3,2001.911846501088,2001.911846501088,0.0,True,5,477440528;477440529;477440795;477441131;477441585,-76.16607455851673,43.03107531131913,2
PUTNAM STREET,1,2007.1720568122325,2007.1720568122325,0.0,True,4,477439389;477439752;477439834;477440031,-76.17032590745794,43.03576005930673,1
MAPLEWOOD AVENUE,1,2009.6524656995819,2009.6524656995819,0.0,True,3,477447040;477447073;477447083,-76.14038991252313,42.98829545281173,1
COOLIDGE AVENUE,1,2010.4951703201934,2010.4951703201934,0.0,True,3,477440350;477440797;477441215,-76.16353336674847,43.03272094326355,1
NORTH ALVORD STREET,1,2010.892331363595,2010.892331363595,0.0,True,3,477430254;477430415;477430676,-76.15570594522715,43.06603874227817,1
OAKLEY DRIVE EAST,1,2025.3089153995722,2025.3089153995722,0.0,True,2,477447170;800047570,-76.14016726007856,42.98721770094005,1
RESTORATION WAY,2,2026.614957853835,2026.614957853835,0.0,True,3,600009024;800034076;800046986,-76.19055869130315,43.06192374058984,3
EAST GENESEE PARKWAY,2,2033.06837433478,2033.06837433478,0.0,True,3,477437393;477437508;477437895,-76.08839363884213,43.04233429084256,2
PALMER AVENUE,2,2054.1282351850655,2054.1282351850655,0.0,True,3,477440339;477440792;477441202,-76.16239209404252,43.03283096269453,1
EAST LAUREL STREET,2,2055.4475664587444,2055.4475664587444,0.0,True,5,477432057;477432160;477432360;477432401;477432551,-76.14599165886274,43.05904118939048,2
SOUTH ALVORD STREET,1,2057.988827599883,2057.988827599883,0.0,True,7,477431219;477431426;477431500;477431620;477431719;477431732;800038595,-76.14470483069823,43.06160814687782,1
CROLY STREET,1,2058.692920269111,2058.692920269111,0.0,True,3,477435802;477436743;800040697,-76.11261135248739,43.04770209806654,1
EVANS STREET,2,2063.4147821297397,2063.4147821297397,0.0,True,6,477433082;477433182;477433328;477433365;800030675;800050913,-76.15878898895087,43.05519211090332,2
SPRING STREET,2,2064.354048948772,2064.354048948772,0.0,True,5,477430096;477430178;477430331;477430421;477430605,-76.14673504971266,43.06641251644167,2
HAZELWOOD AVENUE,1,2076.785284743106,2076.785284743106,0.0,True,7,477434312;477434389;477434417;477434429;477434461;800048394;800088611,-76.09349141875825,43.051924996799166,2
MILDRED AVENUE,1,2078.4940330347936,2078.4940330347936,0.0,True,3,477429615;477429982;800048527,-76.11980252318928,43.06957812726125,1
EAST WASHINGTON STREET,1,2083.379326209224,2083.379326209224,0.0,True,4,477435453;477435457;477435472;477435473,-76.13260018930025,43.04934921285116,3
LOOMIS AVENUE,1,2085.3087123692426,2085.3087123692426,0.0,True,9,477444643;477444815;477444875;477445068;477445186;800032668;800032669;800032673;800032676,-76.15377386300005,43.00833371312952,1
HUDSON STREET,1,2088.05538731085,2088.05538731085,0.0,True,3,477440311;477440759;477441156,-76.16004579608197,43.03315273956136,2
RIDER AVENUE,1,2090.437840922955,2090.437840922955,0.0,True,2,477441233;477441910,-76.18048379866838,43.02980110226665,1
NBT BANK PARKWAY,1,2108.77366137553,2108.77366137553,0.0,True,7,477428297;477428457;477428690;477428696;800030858;800030859;800030860,-76.16769540772526,43.07588319224689,1
KENSINGTON PLACE,1,2108.9240178087516,2108.9240178087516,0.0,True,4,477441144;477441702;477442135;477442166,-76.1196310419974,43.02874036069399,1
ARTHUR STREET,1,2110.478081423427,2110.478081423427,0.0,True,6,477439898;477440182;477440494;477440757;477440973;477441200,-76.17703540544687,43.03291064350621,1
LINCOLN AVENUE,1,2117.7206810736147,2117.7206810736147,0.0,True,3,477439501;477439999;477440266,-76.15713103010381,43.036470915208454,1
CARLTON ROAD,1,2123.8706179518226,2123.8706179518226,0.0,True,3,477442764;477442949;477443264,-76.17567934845901,43.02168637860398,1
HOLLAND STREET,1,2126.387061098874,2126.387061098874,0.0,True,4,477438684;477439009;477439202;477439570,-76.16322451287066,43.038104077174324,1
LAKEVIEW AVENUE,1,2131.0905676195543,2131.0905676195543,0.0,True,4,477434176;477434743;477435153;477435462,-76.17761231062542,43.05051618880316,1
HIXSON AVENUE,2,2139.2668543881678,2139.2668543881678,0.0,True,6,477430967;477431179;477431343;477431487;477431846;477432201,-76.11997998877018,43.06143254442149,2
MARSHALL STREET,1,2142.4516609572092,2142.4516609572092,0.0,True,5,477437829;477437834;477437839;477437845;477437856,-76.13266511926116,43.041592090093616,1
HOEFLER STREET,1,2152.0408694894627,2152.0408694894627,0.0,True,7,477439315;477439447;477439662;477439947;477440200;477440512;800050999,-76.17962698489539,43.03564553624141,1
BARRINGTON ROAD,1,2153.819411628331,2153.819411628331,0.0,True,4,477436736;477437139;477437746;477437898,-76.08472743622667,43.04366933486371,1
SHUART AVENUE,1,2163.330184418192,2163.330184418192,0.0,True,6,477431364;477431516;477431554;477431736;477431839;800033907,-76.12593142125507,43.06140981938854,1
FURMAN STREET,1,2168.013829675615,2168.013829675615,0.0,True,2,477441098;477441218,-76.15209372068519,43.03085727973914,1
HERKIMER STREET,1,2171.3909125582727,2171.3909125582727,0.0,True,6,477433540;477433673;477434167;477434318;477741262;477741268,-76.19219147289567,43.05331674197294,1
ERIE STREET,1,2191.3538161758233,2191.3538161758233,0.0,True,4,477433994;477434276;477434666;477434868,-76.19154090407885,43.052323715151054,1
GOODRICH AVENUE,1,2197.89956464074,2197.89956464074,0.0,True,3,477443327;477443612;477443828,-76.12691069925583,43.018540844559524,1
FARMER STREET,1,2213.910051453121,2213.910051453121,0.0,True,6,477430712;477430754;477430764;477430778;477430789;477430798,-76.13438299314936,43.06441165124118,1
WALRATH ROAD,1,2217.640341449349,2217.640341449349,0.0,True,4,477444459;477444474;477444484;509998057,-76.14010431495306,43.01090470721371,1
KENSINGTON ROAD,1,2219.1022918818917,2219.1022918818917,0.0,True,8,477440623;477440633;477440660;477440713;477440728;477440743;477440805;477440814,-76.12002625767408,43.03199194618166,1
KELLOGG STREET,1,2221.875769363769,2221.875769363769,0.0,True,4,477438158;477438409;477439027;477439427,-76.16423568578702,43.038642867262546,1
HOOD AVENUE,1,2229.3920660932395,2229.3920660932395,0.0,True,3,477428304;477428983;600010258,-76.14563207064172,43.07501768926512,1
ONEIDA STREET,1,2233.9951036446464,2233.9951036446464,0.0,True,6,477438257;477438725;477439014;477439440;509996998;509996999,-76.15313021009464,43.0394451655133,1
ASH STREET,1,2236.870249732714,2236.870249732714,0.0,True,8,477431356;477431478;477431621;477431712;477431771;477431821;477431980;477432115,-76.14996267269535,43.06043634512551,1
HOPPER ROAD,1,2246.6602090893252,2246.6602090893252,0.0,True,3,477446087;477446212;477446250,-76.15932726555403,43.00008822141259,1
ACADEMY GREEN,1,2249.5815120600064,2249.5815120600064,0.0,True,2,477446021;477446135,-76.15020624198928,43.00010514841615,1
ACADEMY PLACE,1,2256.016373274381,2256.016373274381,0.0,True,7,477446297;477446358;477446450;477446557;477446656;477446745;477446779,-76.15143472138284,42.99479662490854,1
WEST STREET ARTERIAL SOUTHBOUND,2,2260.7613777336446,2260.7613777336446,0.0,True,5,477436151;477436551;477437219;477437504;504325349,-76.15840396475579,43.04468418184403,2
FABIUS STREET,1,2262.9741319964533,2262.9741319964533,0.0,True,14,477436735;477436765;477436771;477436788;477436832;477436912;477436991;477437002;477437061;477437085;477437107;800040251;800051081;800051126,-76.16000775741706,43.044340796120004,1
VANN STREET,1,2277.997404217552,2277.997404217552,0.0,True,4,477432615;477432762;477432817;477432844,-76.11787123789702,43.05666898593877,1
HICKORY STREET,1,2280.032011621844,2280.032011621844,0.0,True,5,477432766;477433008;477433226;477433389;477433618,-76.14611846954261,43.05576715653797,2
PULASKI STREET,1,2281.803192178199,2281.803192178199,0.0,True,4,477431952;477432123;477432397;800066610,-76.17348771459255,43.060037109138584,1
FITCH STREET,3,2309.577650575801,2309.577650575801,0.0,True,2,477439519;477439883,-76.16949324915095,43.036462488607754,3
ROOSEVELT AVENUE,1,2332.9679922552787,2332.9679922552787,0.0,True,4,477439702;477440239;477440714;477441111,-76.11743631718099,43.033678473465066,1
HIGHLAND AVENUE,1,2342.1219109267477,2342.1219109267477,0.0,True,3,477431634;477431842;477432129,-76.1364073272567,43.060520657532884,1
VILLAGE DRIVE,1,2342.360997451007,2342.360997451007,0.0,True,7,477429211;477429463;477429464;477429494;477429553;800047545;800047550,-76.11761914518067,43.07121953122148,1
EDGEMONT DRIVE,1,2344.2933393257313,2344.2933393257313,0.0,True,3,477438442;477438560;477438789,-76.08928263854018,43.03935898606533,1
SCOTTHOLM TERRACE,1,2344.799030192891,2344.799030192891,0.0,True,4,477437349;477438767;477439065;477439084,-76.11124260157834,43.040310496551676,1
HUNT AVENUE,1,2373.434617695552,2373.434617695552,0.0,True,7,477442507;477442647;477443047;477443174;477443329;477443435;477443483,-76.15560972557023,43.02120899206138,1
SOUTH WEST STREET,2,2386.6668271665662,2386.6668271665662,0.0,True,9,477436507;477436523;477436766;477437059;477437211;477437496;477437676;477438092;504325344,-76.15796298737371,43.04388600658549,2
WEST PLEASANT AVENUE,1,2392.0372437878655,2392.0372437878655,0.0,True,3,477443650;477443702;477443728,-76.14583087271038,43.01677031902389,1
ONONDAGA CREEK BOULEVARD EAST,1,2392.897808235181,2392.897808235181,0.0,True,4,477444013;477444151;477444231;477444490,-76.15318139395558,43.01270099104691,1
LIBERTY STREET,2,2394.875368993224,2394.875368993224,0.0,True,7,477432571;477432827;477432995;477433089;477433290;477433706;477434308,-76.17368383950173,43.05536109903008,2
LOMBARD AVENUE,1,2403.194664232902,2403.194664232902,0.0,True,9,477435348;477435479;477435575;477435596;477435689;477435691;506021456;506021459;800066447,-76.12152367907112,43.049052075874286,1
SCOVILLE AVENUE,1,2418.348657212708,2418.348657212708,0.0,True,6,477429670;477429689;477429693;477429705;477429721;477429735,-76.1343331977901,43.06943162211562,1
COUGHLIN AVENUE,1,2457.070150259663,2457.070150259663,0.0,True,9,477428870;477428879;477428886;477428898;477428907;477428923;477428933;477428953;477428962,-76.10701472676172,43.07360896670367,1
SUNRISE DRIVE,1,2472.7607313646913,2472.7607313646913,0.0,True,5,477446287;477446301;477446493;477446570;477446762,-76.13768217881737,42.99523738075289,1
BOSTON STREET,1,2481.9245463675393,2481.9245463675393,0.0,True,4,477430170;477430647;477431049;477431489,-76.09042560917426,43.064686408096954,1
BRATTLE ROAD,2,2485.5461255858004,2485.5461255858004,0.0,True,3,477431008;477431031;477431382,-76.12953853660547,43.064251530464766,2
MOUNT OLYMPUS DRIVE,1,2486.1407150336354,2486.1407150336354,0.0,True,4,600008914;600008918;600016006;600024555,-76.13182886014691,43.03471003772284,1
WAVERLY AVENUE,1,2489.2366902789404,2489.2366902789404,0.0,True,6,477438133;477438141;477438144;477438146;477438156;477438160,-76.13321573171618,43.04050936438908,1
CLARENDON STREET,1,2498.1913172045674,2498.1913172045674,0.0,True,8,477438795;477438830;477438872;477438895;477438965;477438980;477439001;800053041,-76.12371985893078,43.03828827309045,1
TULLY STREET,1,2500.921074311635,2500.921074311635,0.0,True,7,477436616;477436675;477436753;477436804;477436961;477437082;477437167,-76.16322344925612,43.044542043271306,2
OSWEGO STREET,1,2511.673117909904,2511.673117909904,0.0,True,8,477436436;477436688;477436962;477437108;477437299;477437618;477437934;477438198,-76.16444551470504,43.04380062851506,1
SMALL ROAD,1,2511.7929469002283,2511.7929469002283,0.0,True,4,477442937;477443032;477443101;477443361,-76.12152098304195,43.02105473490944,2
AINSLEY DRIVE,1,2513.6484400123304,2513.6484400123304,0.0,True,6,477444425;477444435;477444440;477444444;477444461;800031740,-76.12912373016846,43.01122886838158,1
NORTH FRANKLIN STREET,1,2519.5994217500543,2519.5994217500543,0.0,True,14,477433238;477433341;477433468;477433513;477433583;477433605;477433815;477434143;477434370;477434865;600009015;800032523;800050918;800080350,-76.1553331572436,43.05423335942397,1
EAST TAYLOR STREET,1,2525.4209565853116,2525.4209565853116,0.0,True,12,477438415;477438420;477438426;477438428;477438431;477438434;477438456;477438492;477438522;477438539;477438550;477438554,-76.14562073762974,43.03939706352817,1
RIDGEWOOD DRIVE,1,2529.65343154026,2529.65343154026,0.0,True,7,477429948;477430064;477430179;477430265;477430454;477430685;477431259,-76.09412252754441,43.06587332984559,1
CHARMOUTH DRIVE,1,2538.5636396761574,2538.5636396761574,0.0,True,6,477442982;477442984;477442997;477443004;477443012;477443113,-76.16738507419157,43.021203420273686,1
ALANSON ROAD,1,2538.8625895427376,2538.8625895427376,0.0,True,4,477441903;477442228;477442655;477442823,-76.17254429461049,43.025048681581914,1
DOUGLAS STREET,1,2539.9419215349058,2539.9419215349058,0.0,True,5,477431645;477431857;477431916;477432091;477432281,-76.13995537693197,43.06017287542067,1
CROSSETT STREET,1,2542.303044424977,2542.303044424977,0.0,True,7,477441694;477441699;477441706;477441710;477441714;477441716;477441730,-76.1703110256947,43.027932793636325,1
TRACY STREET,1,2546.807726078852,2546.807726078852,0.0,True,6,477435040;477435171;477435265;477435507;477435838;800032556,-76.16366454603269,43.049866550543534,1
LONGMEADOW DRIVE,1,2571.5215235386136,2571.5215235386136,0.0,True,4,477446937;477447064;477447184;800048513,-76.14650282804193,42.990036529105936,1
CADILLAC STREET,1,2582.1929424949517,2582.1929424949517,0.0,True,11,477427275;477427384;477427516;477427543;477427617;477427676;477427782;477427797;477427920;477428178;477428201,-76.14940093730822,43.07986357501328,2
SOUTH MCBRIDE STREET,1,2594.5037679528027,2594.5037679528027,0.0,True,10,477437782;477438224;477438457;477438726;477438851;477439130;506986280;506986283;506986285;800037263,-76.14384295799782,43.03919114052893,2
DEWITT ROAD,1,2608.500981308598,2608.500981308598,0.0,True,6,477438168;477438809;477439284;477439288;800052322;800053108,-76.08145575692767,43.03828954909912,1
CAYUGA STREET,1,2638.9026452450403,2638.9026452450403,0.0,True,7,477434514;477434557;477434869;477434939;477435208;477435425;477435625,-76.19026092859217,43.05033711925588,1
BRUCE STREET,1,2642.32227337957,2642.32227337957,0.0,True,5,477434420;477435050;477435781;477436717;800065989,-76.11172577502897,43.048593440861744,1
SEELEY ROAD,1,2650.0463101837204,2650.0463101837204,0.0,True,12,477434200;477434707;477435082;477435156;477435316;477435416;477435560;477435663;477435830;477435945;477436099;477436411,-76.10378441269475,43.04989440956395,1
ROSS PARK,1,2661.36822009782,2661.36822009782,0.0,True,5,477428793;800048788;800048790;800048791;800048792,-76.1454029292114,43.076042256197205,1
JOHN STREET,1,2669.2313454626155,2669.2313454626155,0.0,True,6,477430227;477430420;477430561;477430831;477431145;477431506,-76.14700498249704,43.064415678858964,2
REMINGTON AVENUE,1,2681.561103175399,2681.561103175399,0.0,True,7,477443849;477443856;477443861;477443948;477443971;800051964;800052987,-76.13214605710252,43.01592799644065,1
REED AVENUE,1,2705.152950892928,2705.152950892928,0.0,True,3,477441238;477441945;477442258,-76.18131570654339,43.028945142216706,1
CANNON STREET,1,2726.055715188546,2726.055715188546,0.0,True,8,477442532;477442665;477442829;477442977;477443146;477443320;477443423;477443530,-76.14651004928918,43.021326865463905,2
GREEN STREET,1,2756.956252107775,2756.956252107775,0.0,True,8,477432870;477432985;477433078;477433144;477433232;477433527;477433841;800031024,-76.13773889707173,43.05540455190744,1
PARK AVENUE,2,2761.3432620978256,2761.3432620978256,0.0,True,6,477434263;477434301;477434324;477434338;477434354;477434375,-76.16545261858981,43.05207857573737,3
BURT STREET,1,2770.5611948507117,2770.5611948507117,0.0,True,12,477438817;477438820;477438822;477438838;477438850;477438888;477438911;477438932;477438963;800034761;800036340;800052224,-76.14483452994351,43.038437328594604,1
WEST FAYETTE STREET,1,2774.471743896774,2774.471743896774,0.0,True,7,477433113;477433262;477433729;477434289;477434454;477434890;477435301,-76.1842433357835,43.05291795496088,2
LEXINGTON AVENUE,1,2777.722882413213,2777.722882413213,0.0,True,7,477436126;477436138;477436155;477436161;477436170;477436192;800037812,-76.11881397305939,43.047157926371234,1
ROWLAND STREET,1,2780.3316191111358,2780.3316191111358,0.0,True,8,477439621;477439626;477439643;477439661;477439683;477439709;477439860;800051005,-76.1760958977547,43.03572445470322,1
WOLCOTT AVENUE,1,2788.9429278705825,2788.9429278705825,0.0,True,7,477441035;477441246;477441464;477441636;477441811;477442102;477442345,-76.18274683541993,43.02874492205391,1
BEATTIE STREET,1,2810.5274480017883,2810.5274480017883,0.0,True,8,477433978;477434991;477435477;477435721;477436031;477436343;477436577;800065997,-76.10830966510946,43.04939192517223,1
NORTH LOWELL AVENUE,1,2845.88321322079,2845.88321322079,0.0,True,7,477433487;477433866;477434219;477434697;477435143;477435516;477435913,-76.18445955270252,43.051371188574,1
MERRIMAN AVENUE,1,2850.0019594545734,2850.0019594545734,0.0,True,5,477438197;477438230;477438243;477438266;477438279,-76.16707669728348,43.040258917243044,1
SPENCER STREET,1,2855.830362087457,2855.830362087457,0.0,True,6,477432063;477432438;477432474;477432572;477432591;477432597,-76.17555072558287,43.05796832662294,2
WEST KIRKPATRICK STREET,1,2873.5952249800753,2873.5952249800753,0.0,True,8,477432432;506021510;506021511;507665328;513531395;513531396;800030682;800032563,-76.16556622665324,43.05898880847464,2
LOCKWOOD ROAD,1,2882.23604916528,2882.23604916528,0.0,True,4,477438788;477438810;477438875;477438922,-76.08804627216247,43.038430382858664,1
NORTH MCBRIDE STREET,3,2898.8651179658827,2898.8651179658827,0.0,True,12,477432704;477433009;477433251;477433519;477433828;477434221;477434482;477434539;477434690;477434816;477434922;800046408,-76.14506050674609,43.05452854662384,3
DESTINY USA DRIVE,1,2901.8730013836494,2901.8730013836494,0.0,True,16,477428951;477429752;477429759;477429815;477430093;477454199;477454209;477454211;600024760;600024761;600055690;600055692;600055693;800037508;800037509;800037533,-76.17064473304441,43.070283385297934,1
MELROSE AVENUE,1,2931.4598346962425,2931.4598346962425,0.0,True,12,477430698;477430704;477430720;477430744;477430758;477430768;477430776;477430791;504325544;504325545;504325546;504325547,-76.11829327306688,43.06447544419015,1
LANCASTER AVENUE,1,2974.099196838859,2974.099196838859,0.0,True,6,477439128;477439368;477440053;477440241;477440634;477441172,-76.12295102353114,43.034285752439246,2
ELM STREET,1,2987.194037014984,2987.194037014984,0.0,True,3,477432408;477433168;477434316,-76.13029906445804,43.05612763367261,1
WENDELL TERRACE,1,2996.1500238483136,2996.1500238483136,0.0,True,6,477429292;477429632;477429931;477430071;477430650;477430673,-76.12989479617283,43.06865139901113,1
HAWLEY AVENUE,2,3009.2407468707675,3009.2407468707675,0.0,True,10,477433092;477433111;477433124;477433132;477433143;477433157;477433167;477433188;477433222;800084755,-76.12765922576534,43.05545204027592,3
TYSON PLACE,1,3015.563260863329,3015.563260863329,0.0,True,10,477429383;477429397;477429409;477429435;477429447;477429452;477429460;477429469;477429480;477429486,-76.10570503448221,43.07081867545524,1
LANCASTER AVENUE,2,3039.7477619583096,3039.7477619583096,0.0,True,8,477441552;477441743;477441796;477442371;477442389;477442896;800040265;800048511,-76.12193421607252,43.0260677168929,2
OAKWOOD AVENUE,1,3046.7589507653274,3046.7589507653274,0.0,True,10,477439365;477439444;477439698;477440167;477440848;477441008;477453877;477453878;800034376;800034377,-76.14488606984101,43.034225885482606,2
DORWIN AVENUE,1,3050.5602454706045,3050.5602454706045,0.0,True,6,477447309;477447316;477447320;477447322;477447324;800049312,-76.14934289480345,42.98522347122192,1
MYRTLE STREET,2,3052.5440409115176,3052.5440409115176,0.0,True,7,477435341;477435626;477435955;477436305;477436588;477436908;800048566,-76.19416709885684,43.048034649818895,2
RICHMOND AVENUE,1,3059.0749839870414,3059.0749839870414,0.0,True,9,477435162;477435184;477435196;477435220;477435254;800032518;800032526;800032528;800034082,-76.17192497164477,43.05017027538729,1
MARTIN LUTHER KING WEST,1,3108.6962722360254,3108.6962722360254,0.0,True,7,477440549;477440700;477440773;477440924;477440989;477441116;477441190,-76.15432717702012,43.03163584259515,1
WEST LAFAYETTE AVENUE,2,3115.54211771876,3115.54211771876,0.0,True,4,477443319;477443354;477443411;477443418,-76.14825987592617,43.01905719528087,2
KIRK AVENUE,1,3138.2496030455754,3138.2496030455754,0.0,True,5,477441436;477441605;477441678;506986301;506986304,-76.15275775517955,43.02830283272245,1
ACKERMAN AVENUE,1,3157.5263129297564,3157.5263129297564,0.0,True,5,477438896;477439388;477440062;477440661;477441184,-76.12420164039146,43.034474558761005,1
WILKINSON STREET,1,3173.7890911708982,3173.7890911708982,0.0,True,6,477434839;477434878;477434897;477434924;477434938;477434957,-76.16641945620407,43.05092591954585,1
SOUTH AVERY AVENUE,1,3207.5291374078897,3207.5291374078897,0.0,True,8,477436787;477436979;477437274;477437484;477438886;477439047;477439143;477439435,-76.18898944147881,43.040733892899034,1
EAST DIVISION STREET,1,3213.8890229145563,3213.8890229145563,0.0,True,9,477430493;477430725;477431422;477431449;477431547;477431627;477431672;477431738;477431788,-76.14998272789023,43.062794229757365,2
HAMILTON STREET,2,3232.6280861343325,3232.6280861343325,0.0,True,6,477434696;477434947;477435268;477435503;477435703;477435954,-76.18855789486781,43.04974219223973,1
DELAWARE STREET,1,3235.1933986598788,3235.1933986598788,0.0,True,10,477438393;477438533;477438618;477439157;477439251;477439294;477439428;477439571;477439725;800034406,-76.16984949487527,43.037748071545366,1
BRYANT AVENUE,1,3240.878463210787,3240.878463210787,0.0,True,5,477436319;477436776;477437273;800048124;800048135,-76.18421310114577,43.045307192251855,1
RICH STREET,1,3254.234201536287,3254.234201536287,0.0,True,9,477439340;477439625;477440324;477440777;477441195;477441243;477441252;477441283;477441424,-76.16116980623285,43.03281449310247,1
BERKELEY DRIVE,1,3263.7934077290242,3263.7934077290242,0.0,True,9,477440185;477440398;477440407;477440696;477440716;477441065;477441067;477441106;477441161,-76.12676041281034,43.03196649066301,1
MARCELLUS STREET,1,3265.837869102164,3265.837869102164,0.0,True,9,477436105;477436249;477436360;477436435;477436526;477436650;477436779;800032553;800032569,-76.16522082567425,43.04615404885278,1
SCHUYLER STREET,1,3291.370136780706,3291.370136780706,0.0,True,7,477434990;477435142;477435302;477435542;477435785;477436037;477436304,-76.18777972449959,43.04880331171613,1
WILLUMAE DRIVE,1,3296.5391684232277,3296.5391684232277,0.0,True,9,477427808;477427871;477428086;477428179;477428202;477428274;477428292;477428334;477428351,-76.15359819458398,43.077585074461034,1
GENESEE PARK DRIVE,1,3310.1835180166354,3310.1835180166354,0.0,True,8,477435736;477436652;477436798;477436799;477436802;477436875;477436876;477437185,-76.10897582239822,43.04658047582927,1
HELEN STREET,1,3339.901769880448,3339.901769880448,0.0,True,7,477429346;477429694;477429875;477430206;477430492;477430765;477431034,-76.1352803510373,43.067873763556506,1
SECOND NORTH STREET,1,3355.1151499510006,3355.1151499510006,0.0,True,7,477428456;477428614;477428757;477428863;477428989;477429103;477429234,-76.15687807931768,43.074106737541804,1
LAMBRETH LANE,1,3355.589147844633,3355.589147844633,0.0,True,7,477443193;477443371;477443476;477443777;477443909;800076699;800076700,-76.11756970567376,43.01774123695028,1
CANAL STREET,1,3358.7904978207334,3358.7904978207334,0.0,True,1,477433624,-76.10982125568017,43.054763311526806,2
ULSTER STREET,1,3383.0747999729833,3383.0747999729833,0.0,True,10,477435328;477435515;477435653;477435800;477435932;477436218;477436325;477436412;477436493;477436587,-76.18676662703699,43.04764535278609,1
OTISCO STREET,1,3397.461963094205,3397.461963094205,0.0,True,12,477436382;477436477;477436489;477436519;477436558;477436687;477436758;477436865;477437012;477437119;481561673;481561675,-76.16504951555893,43.045146223242654,1
TOMPKINS STREET,1,3406.0511992398815,3406.0511992398815,0.0,True,11,477435764;477435872;477435912;477436081;477436358;477436513;477436622;477436695;477436708;477436793;477436909,-76.18585341049926,43.046449950813034,1
JENSEN AVENUE,1,3408.36524049915,3408.36524049915,0.0,True,5,800097682;800097683;800097684;800097685,-76.17701764318164,43.041924260556996,1
SOUTH WARREN STREET,1,3418.2056510172524,3418.2056510172524,0.0,True,11,477435079;477435633;477436209;477436541;477436600;477436919;477437365;477437869;481561652;481561653;800066620,-76.1508334534612,43.04620540443787,1
WEST OSTRANDER AVENUE,1,3422.939693357687,3422.939693357687,0.0,True,5,477444010;477444032;477444060;477444064;477444069,-76.14772655965625,43.01400800541289,1
CUMBERLAND AVENUE,3,3449.234561458821,3449.234561458821,0.0,True,6,477441391;477441891;477442172;477442582;477442809;477442993,-76.11238256371732,43.02596445228062,3
PLYMOUTH DRIVE,1,3461.115681836413,3461.115681836413,0.0,True,10,477430138;477430197;477430334;477430495;477430716;477430796;477430862;477431309;477431468;477431805,-76.09915972742502,43.064523935651984,1
WEST KENNEDY STREET,1,3478.388538369155,3478.388538369155,0.0,True,8,477441185;477441369;477441676;477441688;800032592;800032593;800032594;800032596,-76.1538532735727,43.02915757839954,1
COLERIDGE AVENUE,1,3480.825201146291,3480.825201146291,0.0,True,5,477436593;477437200;477437394;477437643;800051055,-76.18289306011603,43.04397993913197,1
MOSLEY DRIVE,1,3542.2141799277924,3542.2141799277924,0.0,True,6,477430285;477430771;477430968;477431336;477431597;477431942,-76.10084696139201,43.064241258281854,1
MOUNTAINVIEW AVENUE,1,3549.6565012307146,3549.6565012307146,0.0,True,9,477434819;477434823;477434848;477434852;477434875;477434930;477435010;477435081;800048562,-76.09721357195171,43.05087061694675,2
CORTLAND AVENUE,1,3558.4593344793516,3558.4593344793516,0.0,True,12,477440130;477440157;477440356;477440701;477440861;477441203;477441344;477441547;800030648;800030649;800030650;800067175,-76.15368109076164,43.03223566716984,1
EAST WASHINGTON STREET,3,3570.505903230142,3570.505903230142,0.0,True,15,477435354;477435361;477435377;477435382;477435405;477435413;477435415;477435421;477435432;481561073;481561076;481561660;481561661;509997463;509997472,-76.14552722187827,43.04950881485342,3
SOUTH WILBUR AVENUE,1,3576.2153014325295,3576.2153014325295,0.0,True,12,477435685;477435866;477436096;477436307;477436490;477436706;477437038;477437453;477437732;477438215;800084862;800097681,-76.17642138875634,43.04462495586687,1
THURBER STREET,1,3578.0370240728266,3578.0370240728266,0.0,True,9,477443314;477443326;477443330;477443345;477443400;477443412;477443448;477443467;477443513,-76.13130597772944,43.018740771861864,1
DURSTON AVENUE,1,3603.3830637067754,3603.3830637067754,0.0,True,7,477429267;477429899;477430102;477430382;477431147;800039445;800039452,-76.1272160250806,43.067902699206606,1
HAWLEY AVENUE,1,3613.588491935772,3613.588491935772,0.0,True,7,477433612;477433819;477433843;477433861;477433891;477433897;509997554,-76.13905484476003,43.05345671127522,3
WESTMORELAND AVENUE,2,3634.558782031189,3634.558782031189,0.0,True,6,477441414;477441905;477442190;477442480;477442819;477443079,-76.1134363034027,43.02566160689473,2
CATHERINE STREET,1,3654.0956610315347,3654.0956610315347,0.0,True,14,477432161;477432767;477433029;477433280;477433569;477433842;477434231;477434435;477434613;477434681;477434800;477434941;508421189;508421190,-76.14382933698968,43.055478636349704,1
WHITTIER AVENUE,1,3661.2137546697145,3661.2137546697145,0.0,True,11,477436486;477436948;477437336;477437422;477437432;477437462;477437483;800049079;800049087;800051052;800051057,-76.18417439764143,43.04443221946206,1
AUDUBON PARKWAY,1,3705.0347901537507,3705.0347901537507,0.0,True,18,477434121;477434136;477434849;477434853;477435449;477435451;477435587;477435591;477435718;477435789;477435949;477435988;800005937;800005938;800005960;800029908;800088614;800088615,-76.09511096525046,43.050351215149334,1
HANCOCK DRIVE,1,3706.185665011323,3706.185665011323,0.0,True,9,477441928;477441929;477441937;477441948;477441950;477442836;477442965;477443076;800041435,-76.17859014955637,43.02536333658356,1
SOUTH CROUSE AVENUE,1,3711.1960285469,3711.1960285469,0.0,True,10,477435159;477435441;477435697;477436275;477436642;477436973;477437437;477437830;477438132;800066609,-76.13657506877864,43.045623948020555,1
ROBERTS AVENUE,1,3713.8919487224125,3713.8919487224125,0.0,True,7,477440772;477440838;477441180;477441423;477441700;477441886;477442530,-76.17102619688237,43.02800717455516,1
FAYETTE BOULEVARD,1,3767.5565412820456,3767.5565412820456,0.0,True,10,477435440;477435447;477435448;477435450;477435463;477435474;477435497;477435498;477435519;477435559,-76.09720992415618,43.049249383935546,1
RUGBY ROAD,2,3792.8526224980656,3792.8526224980656,0.0,True,10,477430010;477430034;477430043;477430049;477430072;477430101;477430111;477430113;477430115;477430369,-76.12623500718142,43.06750867572798,4
ONONDAGA CREEK BOULEVARD,1,3796.358868165408,3796.358868165408,0.0,True,10,477443565;477443639;477443710;477443823;477443904;477444115;477444256;477444559;800047584;800047588,-76.15474042947731,43.01402845780477,1
DARLINGTON ROAD,1,3819.1666682902082,3819.1666682902082,0.0,True,10,477427463;477427579;477427688;477427811;477427997;477428163;477428320;477428430;477428687;477429125,-76.13721225935608,43.07741083255185,1
WALNUT AVENUE,1,3852.3461976355034,3852.3461976355034,0.0,True,12,477435024;477435189;477435456;477435710;477435960;477436259;477436662;477436994;477437465;477437838;477438145;800066603,-76.13213093518446,43.04579608492133,1
UNIVERSITY AVENUE,1,3864.773688687506,3864.773688687506,0.0,True,12,477435014;477435173;477435452;477435701;477435942;477436269;477436656;477436984;477437456;477437827;477438140;800066616,-76.13434986731563,43.045819077266465,1
SOUTH EDWARDS AVENUE,1,3873.8388305030107,3873.8388305030107,0.0,True,5,477430342;477430845;477431389;477431830;477432275,-76.10587637262476,43.063548086140415,1
BALLANTYNE ROAD,1,3875.7165407455236,3875.7165407455236,0.0,True,17,477444526;477444531;477444536;477444539;477444544;477444547;477444552;477444557;477444571;477444589;477444609;477444631;477444642;477444661;477444694;509998053;800052212,-76.14935649604388,43.01027924495027,1
BEAR STREET,1,3878.9831166831136,3878.9831166831136,0.0,True,12,477428756;477428981;477429215;477429405;477429612;477429857;477430084;477430241;477430329;477430352;800036478;800051912,-76.16031025746567,43.07099677168667,1
WEST COLVIN STREET,3,3880.332512953237,3880.332512953237,0.0,True,16,477442278;477442340;477442407;477442469;477442541;477442549;477442568;477442593;477442620;477442633;477442643;477442646;477442650;477442657;477442663;800050952,-76.15219767315752,43.024007192877676,3
SHONNARD STREET,1,3884.651672190563,3884.651672190563,0.0,True,5,477437865;477437892;477437933;477437980;800048966,-76.16475000869552,43.04133212707988,2
NICHOLS AVENUE,1,3928.558610220377,3928.558610220377,0.0,True,8,477430311;477430816;477430993;477431369;477431711;477431859;477432121;477432287,-76.10345607723765,43.0635905083721,1
SCOTTHOLM BOULEVARD,1,3936.4791288493357,3936.4791288493357,0.0,True,11,477436835;477437189;477437236;477437239;477437240;477437591;477437602;477437689;477437720;504325251;504325253,-76.10996697981058,43.042743264312996,1
SOUTH COLLINGWOOD AVENUE,1,3950.830169824123,3950.830169824123,0.0,True,5,477430356;477430874;477431410;477431906;477432374,-76.10709106667446,43.0633802382674,1
ROBINEAU ROAD,1,3974.534357454173,3974.534357454173,0.0,True,7,477441861;477442748;477443013;477443242;477443559;800050420;800050423,-76.17103071006575,43.02282910058116,1
TALLMAN STREET,1,3980.8335421411816,3980.8335421411816,0.0,True,19,477439443;477439449;477439457;477439462;477439474;477439483;477439484;477439500;477439533;477439575;477439624;477439682;477439739;477439756;800030634;800040240;800051060;800051061;800071038,-76.15698992204581,43.036148042419235,1
STINARD AVENUE,1,4004.915025724419,4004.915025724419,0.0,True,8,477441442;477441711;477442209;477442824;477442946;477443025;477443114;477443269,-76.17332388994971,43.02469877920984,2
DANFORTH STREET,1,4014.575407896277,4014.575407896277,0.0,True,11,477428925;477429102;477429306;477429549;477429783;477430011;477430253;477430409;477430514;477430578;477430677,-76.15525248402244,43.06953056689986,1
HILLSDALE AVENUE,1,4032.087912167445,4032.087912167445,0.0,True,5,477430373;477430886;477431419;477432007;477432472,-76.1083277326212,43.06321591366242,1
EAST WILLOW STREET,1,4041.523829346338,4041.523829346338,0.0,True,15,477432672;477433028;477433250;477433466;477433675;477433888;477434007;477434024;477434037;477434103;477434117;477434130;477434151;477434172;477434174,-76.14565298889319,43.05493062415193,1
GLENCOVE ROAD,2,4049.830813215204,4049.830813215204,0.0,True,14,477430757;477430770;477430787;477430797;477430815;477430828;477430844;477430873;477430885;477430894;477430908;477430911;477430928;477430948,-76.10612914167959,43.06409337853384,2
EMERSON AVENUE,1,4052.778939791855,4052.778939791855,0.0,True,7,477432267;477432324;477432841;477433214;477433338;477433375;477433446,-76.1916331251207,43.057288524117496,5
WOODBINE AVENUE,1,4101.180980187973,4101.180980187973,0.0,True,5,477430385;477430895;477431430;477432075;477432540,-76.10955148678876,43.06305937356192,1
POND STREET,1,4114.117765835129,4114.117765835129,0.0,True,19,477429107;477429239;477429431;477429545;477429699;477429820;477429855;477429955;477430019;477430076;477430183;477430440;477430555;477430675;477430851;477431010;800034840;800040125;800052349,-76.14971636895615,43.06832185310432,1
ALLEN STREET,1,4126.298269991452,4126.298269991452,0.0,True,8,477436139;477436584;477437796;477438065;477438314;477438642;477439287;800048119,-76.11668084207416,43.0425963715337,1
NORTH CLINTON STREET,2,4177.996851335368,4177.996851335368,0.0,True,7,477431133;477431326;477431658;477431933;477432045;477432468;800041906,-76.15904737325393,43.0615683328615,2
STAFFORD AVENUE,1,4239.080077411769,4239.080077411769,0.0,True,5,477430406;477430929;477431452;477432111;477432671,-76.11221503277503,43.06274415626773,1
WEST BELDEN AVENUE,1,4268.664167819398,4268.664167819398,0.0,True,7,477433307;477433310;477433315;477433355;477433433;477433479;800049089,-76.1680027699732,43.05482893807082,1
DEMONG DRIVE,1,4301.854766518159,4301.854766518159,0.0,True,13,477436272;477436638;477436808;477436957;477437021;477437138;477437198;477437205;506986289;506986290;506986294;800048259;800048260,-76.08876749816429,43.04472156329377,1
HICKOK AVENUE,1,4306.6004390693315,4306.6004390693315,0.0,True,6,477430427;477430949;477431464;477432125;477432752;800048410,-76.11357286262609,43.062586062439316,1
WEST BEAR STREET,1,4321.460499133504,4321.460499133504,0.0,True,13,477430363;477430416;477430461;477430780;477431337;477431504;477431756;477432159;477432473;800036487;800039715;800039718;800066360,-76.16921185346976,43.061949967429584,1
CANAL STREET,2,4331.476951411612,4331.476951411612,0.0,True,7,477434788;477434809;477434822;477434827;477434830;800041721;800048139,-76.1296435778769,43.05132215375965,2
BROAD STREET,1,4341.611577966769,4341.611577966769,0.0,True,17,477440951;477440980;477441024;477441042;477441056;477441063;477441075;477441083;477441089;477441110;477441127;477441143;477441159;477441168;477441171;477441183;600035974,-76.11635783400096,43.03055236937353,1
KIRK PARK DRIVE,1,4361.282874587325,4361.282874587325,0.0,True,7,477442621;477442854;477443038;477443302;477443419;477443474;477443558,-76.15491295199747,43.021966844958584,1
SPRING STREET,1,4366.171531550399,4366.171531550399,0.0,True,9,477428967;477429083;477429216;477429294;477429439;477429550;477429661;477429762;477429956,-76.15700031122454,43.07104341493401,2
HIGHLAND STREET,1,4370.149571515045,4370.149571515045,0.0,True,11,477430310;477430865;477431137;477431324;477431491;477431691;477431731;477431858;477432130;477432370;477432609,-76.14110158035217,43.06268689746668,2
WEST STREET ARTERIAL NORTHBOUND,1,4370.22633794198,4370.22633794198,0.0,True,17,477433877;477434023;477434950;477435095;477435235;477435371;477435599;477435880;477435979;477436173;477436772;477437214;477437498;477437677;800036938;800037089;800037119,-76.15839769993572,43.04787623742539,1
SPENCER STREET,2,4394.054533851877,4394.054533851877,0.0,True,13,477431534;477431557;477431657;477431882;477432113;477432414;477432459;477432582;477432654;477432694;506022029;506022030;506022031,-76.1631915543853,43.05836658789918,2
MADISON STREET,1,4398.575374594456,4398.575374594456,0.0,True,7,477436640;477436643;477436657;477436663;477436665;477436668;477436669,-76.13397965742016,43.04536419487469,3
OSTROM AVENUE,1,4408.025569518033,4408.025569518033,0.0,True,10,477436667;477437000;477437470;477437855;477438159;477438516;477439002;477439476;477440120;800048670,-76.12852370459896,43.04008185799439,1
DEWITT STREET,1,4485.867935787002,4485.867935787002,0.0,True,11,477429334;477429674;477429865;477430195;477430483;477430755;477431002;477431188;477431278;477431383;477431637,-76.13375661464372,43.06643248875575,1
BROOKFORD ROAD,1,4597.36538366281,4597.36538366281,0.0,True,9,477437978;477438014;477438683;477438925;477439166;477439924;477439939;504324944;504324946,-76.1008190073365,43.03766627187526,1
IRVING AVENUE,1,4601.596843803997,4601.596843803997,0.0,True,13,477435996;477436235;477436443;477436639;477436969;477437433;477438462;477439079;477439602;600063811;600063812;600063813;600063814,-76.13792104135352,43.04218704116835,1
ONONDAGA AVENUE,1,4637.490644177236,4637.490644177236,0.0,True,16,477440287;477440366;477440370;477440768;477440813;477441222;477441339;477441587;477441615;477442005;477442020;477442138;477442247;477442288;477442380;477442391,-76.16342181678677,43.02973178555996,1
SHOTWELL PARK,1,4649.388029097598,4649.388029097598,0.0,True,13,477430498;477430505;477430697;477430703;477430971;477430977;477431234;477431236;477431370;504325227;504325229;504325230;800052398,-76.1152981631184,43.06491613130795,1
BUCKINGHAM AVENUE,1,4741.269925180038,4741.269925180038,0.0,True,10,477440506;477440618;477440624;477441160;477441723;477442299;477442360;477442382;477442506;477442889,-76.1209869362373,43.02834172483517,1
SOUTH BEECH STREET,1,4742.158475841669,4742.158475841669,0.0,True,16,477435211;477435509;477435733;477436225;477436428;477436605;477436647;477437133;477437313;477437376;477437558;477437729;477437970;477438222;477438263;800066570,-76.12464076697013,43.044929178675595,1
SLOCUM DRIVE,1,4801.075312792343,4801.075312792343,0.0,True,15,477442926;477443055;477443056;477443136;477443141;477443231;477443247;477443318;477443351;477443352;477443457;477443477;477443506;477443537;800034400,-76.11580910472172,43.01968432457661,1
GIFFORD STREET,1,4828.626969974155,4828.626969974155,0.0,True,15,477437210;477437213;477437218;477437226;477437249;477437298;477437322;477437359;509997020;509997023;509997025;800008530;800034971;800040247;800048389,-76.16227085547979,43.04326164109976,1
SOUTH CLINTON STREET,1,4893.405379388355,4893.405379388355,0.0,True,15,477435058;477435344;477435618;477435895;477436184;477436871;477437128;477437527;477438171;477438237;477438663;477439448;800037252;800066614;800067162,-76.1529052906321,43.044268534081816,2
PARK AVENUE,1,4907.639522267466,4907.639522267466,0.0,True,10,477434247;477434309;477434332;477434364;477434394;477434408;477434437;508421629;508421630;800048668,-76.17112949139383,43.05204058197543,3
WEST NEWELL STREET,1,4941.67356410127,4941.67356410127,0.0,True,16,477443522;477443529;477443568;477443630;477443636;477443649;477443652;477443660;477443662;477443684;477443687;477443699;477443704;477443709;477443743;800047585,-76.15088572480133,43.01711148341091,1
GENANT DRIVE,1,4943.0764861378475,4943.0764861378475,0.0,True,11,477430447;477430686;477430775;477431277;477431400;477431558;477431835;477431898;477432846;506021495;800048380,-76.15789602244256,43.06136492153526,1
NORTH GEDDES STREET,1,4967.233974987504,4967.233974987504,0.0,True,17,477432396;477432596;477432639;477432863;477432966;477433019;477433105;477433139;477433302;477433722;477434250;477434341;477434838;477435219;477435836;800032500;800051096,-76.17043203130872,43.054913358167184,1
HARBORSIDE DRIVE,1,4982.015480100233,4982.015480100233,0.0,True,19,477428710;477428795;477428808;477428815;477428848;477428878;477428959;600024755;600024757;600024759;600035915;600035916;600055685;600058801;600058802;800036189;800037540;800037546;800037555,-76.1741017037846,43.069598491707055,1
BRADFORD PARKWAY,1,5049.937704313781,5049.937704313781,0.0,True,12,477438109;477438165;477438200;477438329;477438342;477438955;477439417;477439689;477440359;504325053;504325054;504325243,-76.10399597635673,43.03834999223198,1
FOREST HILL DRIVE,1,5087.838619017736,5087.838619017736,0.0,True,17,477429856;477430046;477430048;477430204;477430208;477430393;477430395;477430550;477430551;477430688;477430690;477430909;477430912;477431118;477431120;477431441;477431444,-76.11104156272243,43.06507367267766,1
WEST BRIGHTON AVENUE,1,5137.69894996339,5137.69894996339,0.0,True,13,477443122;477443145;477443180;477443202;477443233;477443301;477443305;477443321;477443325;477443328;477443340;477443357;800050951,-76.15246295939573,43.01972059031786,1
EAST BRIGHTON AVENUE,1,5148.073026498934,5148.073026498934,0.0,True,13,477443135;477443173;477443213;477443514;477444075;477444462;477444685;513531404;513531408;513531413;513531414;800032735;800100343,-76.13702783555073,43.01579768928459,3
NORTH TOWNSEND STREET,1,5160.579944086288,5160.579944086288,0.0,True,19,477431293;477431548;477431822;477432170;477432552;477432897;477433227;477433467;477433739;509997416;509997426;509997429;509997528;509997536;509997547;509997549;509997555;509997556;800036395,-76.14898544226652,43.0572091791941,1
SEYMOUR STREET,1,5168.819265368967,5168.819265368967,0.0,True,11,477437454;477437495;477437497;477437503;477437554;477437617;477437686;477437709;477437712;800040245;800048973,-76.16428355538167,43.04225672377046,1
SOLAR STREET,1,5199.52346578724,5199.52346578724,0.0,True,10,477431141;477431884;477432180;477454205;600008998;600009000;800030812;800030813;800030814;800037282,-76.1633993018196,43.062137945197094,1
SUNNYCREST ROAD,1,5207.343963231028,5207.343963231028,0.0,True,22,477431282;477431283;477431295;477431297;477431308;477431315;477431335;477431351;477431368;477431377;477431388;477431409;477431418;477431429;477431440;477431443;477431451;477431463;477431466;800034487;800034491;800052844,-76.10444676005844,43.06190184446621,1
KIRKPATRICK STREET,2,5301.231974458112,5301.231974458112,0.0,True,13,477428598;477428835;477429233;477429456;477429559;477429660;477429904;477430141;477430263;477430414;477430629;477430919;800071659,-76.15266527506665,43.07016257933006,2
CRAWFORD AVENUE,1,5358.520613973959,5358.520613973959,0.0,True,11,477438471;477438874;477438916;477439394;477439655;477439967;477440666;477440934;477441419;800048220;800048221,-76.10992653782183,43.03627338022155,1
TURTLE STREET,1,5398.33476777363,5398.33476777363,0.0,True,14,477428085;477428254;477428268;477428396;477428615;477428862;477429092;477429293;477429534;477429760;477429869;477429988;477430232;477430396,-76.1571308758343,43.072611526541834,1
FELLOWS AVENUE,1,5408.650586011883,5408.650586011883,0.0,True,10,477437758;477438624;477439269;477439614;477439670;477439920;477440531;477440860;477440896;477441076,-76.11520617167463,43.03801021216133,1
SOUTH MIDLER AVENUE,1,5624.334888189403,5624.334888189403,0.0,True,20,477430321;477430829;477431378;477431773;477432192;477432356;477432426;477432481;477432536;477432645;477432788;477432908;477433102;477433141;477433160;477433176;477433552;477433721;477454008;800066481,-76.10444953184432,43.06122125620235,1
AVERY AVENUE,1,5904.526710203395,5904.526710203395,0.0,True,16,477432243;477432332;477432412;477432569;477432738;477433207;477433386;477433753;477434168;477434667;477435119;477435426;477435704;477436038;477436413;477436709,-76.19461374522169,43.05224889695577,1
HILLSBORO PARKWAY,1,6031.079858152172,6031.079858152172,0.0,True,14,477437395;477437521;477437863;477438105;477438139;477438161;477438177;477438178;477438220;477438225;477438229;477438355;477438357;477438779,-76.08905724906812,43.04057399847123,1
STOLP AVENUE,1,6045.237864384094,6045.237864384094,0.0,True,16,477441147;477441157;477441164;477441179;477441188;477441192;477441199;477441212;477441223;477441227;477441232;477441237;477441245;477441274;477441289;800052910,-76.17727393318721,43.03000402482704,1
EAST ADAMS STREET,1,6092.570440518209,6092.570440518209,0.0,True,24,477437366;477437369;477437378;477437383;477437384;477437396;477437403;477437408;477437410;477437416;477437436;477437438;477437441;477437457;477437464;477437466;477437468;477437473;506022033;507666605;507666606;509998031;509998037;509998040,-76.14014543639125,43.04269919225399,1
CALEB AVENUE,1,6147.509458190722,6147.509458190722,0.0,True,21,477430998;477431048;477431142;477431197;477431240;477431258;477431294;477431354;477431420;477431467;477431513;477431596;477431663;477431680;477431710;477431772;477431829;477431905;477432006;477432074;477432082,-76.09871012072439,43.061332880553984,2
WADSWORTH STREET,1,6316.7011231177175,6316.7011231177175,0.0,True,23,477427031;477427193;477427208;477427297;477427387;477427483;477427577;477427889;477428023;477428105;477428196;477428289;477428436;477428474;477428640;477428714;477428810;477429156;477429285;477429391;477429462;477429734;800040450,-76.14150259817563,43.07723607476693,1
EAST WATER STREET,1,6564.209145155519,6564.209145155519,0.0,True,19,477435085;477435090;477435102;477435132;477435134;477435141;477435146;477435152;477435160;477435174;477435190;477435200;477435212;477741184;477741187;481561654;481561656;509997475;509997480,-76.1399076831356,43.05033898717589,1
VAN RENSSELAER STREET,1,6586.693081836831,6586.693081836831,0.0,True,19,477431505;477431598;477432144;477432659;477432941;477433036;477433094;477433309;477433756;477434300;477434393;477434877;477435253;477435508;477435616;800032498;800032499;800046572;800066604,-76.16792788622871,43.05706525080037,1
CARBON STREET,1,6604.288156584559,6604.288156584559,0.0,True,18,477429184;477429238;477429276;477429339;477429406;477429535;477429621;477429784;477429905;477429992;477430184;477430276;477430361;477430424;477430494;477430562;477430781;477430871,-76.1541812344604,43.06841315304226,1
NORTH STATE STREET,1,6659.143046488397,6659.143046488397,0.0,True,34,477430579;477430811;477430920;477430964;477431021;477431257;477431454;477431502;477431789;477432116;477432221;477432854;477433249;477433565;477433619;477433889;477434140;477434224;477434326;477434357;477434362;477434385;477434413;477434467;477434559;477434570;477434643;477434783;477434926;477454135;477454136;800036393;800036403;800036405,-76.1528862463198,43.058078371492755,1
HARRISON STREET,1,6710.205948952,6710.205948952,0.0,True,22,477436882;477436885;477436888;477436920;477436928;477436937;477436939;477436943;477436945;477436970;477436974;477436985;477436990;477436995;477436997;477437001;477741240;477741242;506021525;506022018;506022021;800032456,-76.14063635225818,43.04425082227709,1
FIRST NORTH STREET,1,6744.067326565978,6744.067326565978,0.0,True,19,477428737;477428855;477428982;477429093;477429220;477429307;477429457;477429531;477429581;477429700;477429789;477429994;477430033;477430055;477430160;477453927;511383769;511383773;511383775,-76.15261942409,43.07084389563662,1
ALMOND STREET,1,6794.42885406269,6794.42885406269,0.0,True,29,477434994;477435140;477435414;477435683;477435700;477435951;477436076;477436168;477436302;477436430;477436548;477436631;477436881;477437241;477437407;477438362;477438821;477741193;477741247;506021523;506021524;506022036;506022038;506022043;507665688;507665689;508421387;509998059;800065746,-76.14234658394497,43.04473453476202,1
SEDGWICK DRIVE,1,6946.128401414759,6946.128401414759,0.0,True,27,477429520;477429671;477429837;477429843;477430035;477430052;477430651;477430674;477430706;477430713;477430892;477430907;477431009;477431032;477431144;477431161;477431214;477431231;477431314;477431333;504326408;504326409;504326411;504326413;504326414;504326417;504326418,-76.13160054398199,43.0661399453378,1
WESTMORELAND AVENUE,1,7439.432520129397,7439.432520129397,0.0,True,16,477435110;477435796;477436127;477436676;477437737;477437924;477439248;477439906;477440514;477440767;477440803;477441057;800037808;800037816;800049082;800052794,-76.1142263956223,43.040849101253606,2
SOUTH TOWNSEND STREET,1,7448.307057497416,7448.307057497416,0.0,True,24,509997029;509997031;509997036;509997040;509997452;509997455;509997457;509997467;509997471;509997477;509997479;509997561;509997564;509997566;509997567;509997571;509997572;509997653;509997655;509998023;509998025;509998026;509998034;800066555,-76.14549780922066,43.0445111423083,1
OAK STREET,1,7578.662268157189,7578.662268157189,0.0,True,22,477429363;477429706;477429886;477430203;477430223;477430509;477430779;477431054;477431272;477431329;477431635;477432013;477432445;477432524;477432822;477432878;477433223;477433256;477433320;477433924;477434156;477434278,-76.13519146683943,43.06219596377331,1
WEST FAYETTE STREET,2,7902.367715091675,7902.367715091675,0.0,True,23,477435602;477435606;477435607;477435614;477435619;477435622;477435688;477435775;477435809;477435865;477435914;477436023;477436046;477436164;477436298;477436306;477436349;477436496;477436501;800030719;800032551;800037290;800051050,-76.16653830113636,43.04752885592717,2
WESTCOTT STREET,1,8206.191310053606,8206.191310053606,0.0,True,20,477435766;477436156;477436579;477437036;477437660;477437881;477438096;477438262;477438367;477438430;477438693;477438774;477439312;477439727;477440264;477440729;477441128;477441689;477442011;477442027,-76.11900814439252,43.03762853369279,1
PARK STREET,2,8260.651541653544,8260.651541653544,0.0,True,22,477429613;477429761;477429877;477430012;477430142;477430441;477430528;477430632;477430726;477430832;477431033;477431053;477431071;477431072;477431096;477431107;477431129;477431136;477431164;800038596;800038597;800038602,-76.14834912486683,43.06537003856731,2
SALT SPRINGS ROAD,1,8472.033208775092,8472.033208775092,0.0,True,31,477435969;477435993;477436012;477436034;477436062;477436129;477436289;477436339;477436410;477436438;477436463;477436466;477436492;477436547;477436576;477436651;477436692;477436716;477436738;477436742;477437047;482660130;482660131;800029783;800029795;800029894;800029900;800029905;800029910;800029913;800048968,-76.09699459420204,43.046388761536555,1
HIAWATHA BOULEVARD WEST,1,9075.982019035315,9075.982019035315,0.0,True,42,477430595;477430653;477430910;477431312;477431395;477431937;477432059;477432300;477432357;477432460;477432730;477432795;477433117;477433164;508421413;508421427;508421430;508421432;508421434;508421437;508421439;508421440;508421444;508421447;508421453;508421456;508421459;508421465;508421466;508421469;508421474;508421475;508421477;600058795;600058796;800036176;800036186;800036192;800037599;800037602;800037604;800047000,-76.1746489922026,43.063907905118015,1
NORTH SALINA STREET,1,9248.001014078452,9248.001014078452,0.0,True,30,477429598;477429743;477429858;477429989;477430013;477430109;477430410;477430612;477430825;477431151;477431417;477431673;477431981;477432026;477432463;477432651;477432936;477433069;477433388;477433411;477433447;477433516;477433683;477433773;477433836;477434163;477434724;477434876;508421416;508421671,-76.15670023103891,43.062329774735915,1
BUTTERNUT STREET,1,9637.019115755242,9637.019115755242,0.0,True,43,477428315;477428483;477428593;477428671;477428789;477428970;477429368;477429404;477429537;477429622;477429882;477429945;477430159;477430324;477430604;477430870;477430880;477431165;477431279;477431425;477431540;477431683;477431808;477432028;477432104;477432169;477432335;477432462;477432786;477432807;477432842;477433208;477433291;477454132;477454134;477454141;477454214;477454217;477454218;477454219;700000805;800037406;800047528,-76.14585697534231,43.06501425607424,1
GLENWOOD AVENUE,1,10363.880854621599,10363.880854621599,0.0,True,27,477441735;477441878;477441952;477442049;477442160;477442252;477442344;477442350;477442872;477443196;477443200;477443219;477443241;477443268;477443277;477443281;477443287;477443293;477443295;477443311;477443353;477443385;477443415;800038089;800038093;800040789;800040796,-76.17742882121948,43.02282016917101,1
SOUTH GEDDES STREET,1,10637.502181229731,10637.502181229731,0.0,True,34,477436158;477436265;477436387;477436780;477436899;477437120;477437360;477437687;477437896;477438005;477438028;477438280;477438617;477438934;477438997;477439200;477439350;477439572;477439819;477439850;477440152;477440282;477440477;477440607;477440734;477440956;477441193;477441454;477441731;477442208;477442938;477443263;477443297;800051004,-76.1735743779288,43.033811980686,1
WEST ONONDAGA STREET,1,10886.490744183451,10886.490744183451,0.0,True,32,477437142;477437191;477437427;477438157;477438547;477439235;477439744;477439746;477439882;477439951;477440030;477440089;477440126;477440151;477440181;477440192;477440199;477440230;477440296;509997008;509997011;509997012;509997496;800030979;800037306;800040121;800040141;800040237;800040707;800040710;800041905;800049629,-76.16836571616167,43.036491040398595,1
EUCLID AVENUE,1,11253.24816836888,11253.24816836888,0.0,True,33,477438891;477439011;477439185;477439247;477439262;477439268;477439283;477439286;477439290;477439301;477439302;477439311;477439328;477439367;477439387;477439412;477439414;477439416;477439441;477439465;477439475;477439491;477439502;477439529;477439599;477439656;477439893;477439899;477439911;477439913;477439928;800048349;800048350,-76.1117979058464,43.03669272276434,1
SOUTH STATE STREET,1,11371.5672757507,11371.5672757507,0.0,True,37,477435101;477435381;477435648;477435901;477436013;477436222;477436594;477436930;477437382;477437632;477437680;477437999;477438106;477438540;477438564;477438912;477439424;477439724;477440071;477440279;477440947;477441268;477441640;477441803;477442004;477442156;477442323;477442491;477442626;477442807;477442941;513530293;513531405;800038705;800048949;800052940;800066572,-76.14583116688469,43.03541817018578,1
COMSTOCK AVENUE,1,11432.617129697146,11432.617129697146,0.0,True,23,477436397;477436664;477436996;477437467;477437844;477438155;477438510;477439503;477440147;477440560;477441095;477441206;477442632;477442856;477442943;477443331;477443432;477443812;600035949;600035950;600035952;800032794;800048138,-76.12934438882401,43.03129809070935,1
LODI STREET,1,12444.74360519469,12444.74360519469,0.0,True,37,477429830;477429970;477430085;477430233;477430256;477430380;477430444;477430515;477430613;477430734;477430982;477431011;477431207;477431322;477431423;477431507;477431622;477431809;477432058;477432194;477432282;477432518;477432673;477432852;477433055;477433233;477433436;477433567;477433820;477434157;477434286;477434562;477434625;477434821;477435034;509995729;800053240,-76.14904743192223,43.060745189823855,1
EAST FAYETTE STREET,1,12981.301727622304,12981.301727622304,0.0,True,36,477435628;477435634;477435642;477435646;477435674;477435676;477435678;477435684;477435686;477435693;477435696;477435698;477435702;477435711;477435720;477435725;477435734;477435735;477435740;477435750;477435754;477435757;477435767;477435780;477435782;477435797;477435801;477435805;477435808;509997458;509997461;800037804;800037806;800037810;800037819;800037824,-76.1279369402023,43.04843382417914,1
VALLEY DRIVE,1,13357.184063251032,13357.184063251032,0.0,True,39,477443470;477443599;477443744;477443845;477443973;477443977;477444170;477444205;477444354;477444473;477444483;477444602;477444633;477444695;477444754;477444857;477444873;477445007;477445123;477445227;477445353;477445439;477445599;477445624;477445749;477445859;477446096;477446185;477446193;477446303;477446559;477446748;477447402;515167916;800034592;800034593;800049155;800049156;800091492,-76.15512719276542,43.001106665445334,1
ERIE BOULEVARD WEST,1,13877.294445198346,13877.294445198346,0.0,True,25,477431800;477431878;477431997;477432739;477432942;477433165;477434400;477434879;477435006;477435094;477435107;477435165;477435232;477435429;477435615;477435837;477435840;477435842;477435848;506021505;506021506;513530737;513530739;800030710;800036109,-76.17683138750212,43.05256972218517,1
GRANT BOULEVARD,1,14049.40482799325,14049.40482799325,0.0,True,57,477428223;477428353;477428433;477428479;477428548;477428616;477428635;477428664;477428673;477428689;477428765;477428774;477428836;477428869;477428976;477429029;477429042;477429052;477429060;477429070;477429074;477429087;477429099;477429108;477429111;477429116;477429124;477429126;477429132;477429136;477429148;477429150;477429155;477429168;477429174;477429185;477429188;477429189;477429190;477429199;477429202;477429227;477429264;477429359;477429430;477429485;477429554;477429802;477429832;477429889;477454213;477454215;800047552;800048393;800053203;800071661;800091064,-76.13857859363101,43.07302799130547,1
MIDLAND AVENUE,1,14750.53463895027,14750.53463895027,0.0,True,46,477438500;477438681;477438880;477439485;477440173;477440250;477440333;477440418;477440447;477440774;477440862;477441099;477441370;477441606;477441827;477442018;477442213;477442237;477442470;477442636;477442803;477442884;477442903;477443035;477443181;477443355;477443454;477443569;477443703;477443817;477443921;477444033;477444174;477444196;477444307;477444352;477444418;477444535;477444919;477445319;477445715;477445841;800040326;800040328;800051059;800052180,-76.15076295691775,43.021095987123886,1
MEADOWBROOK DRIVE,1,18360.079397019,18360.079397019,0.0,True,50,477437398;477437487;477437510;477437836;477437904;477437928;477437952;477437977;477438013;477438108;477438134;477438164;477438199;477438315;477438556;477438593;477438873;477438915;477439064;477439083;477439272;477439410;477439464;477439639;477439878;477439891;477440500;477440502;477440539;477440602;477440649;477440702;477440766;477440802;477440859;477440895;477440995;477441032;477441084;477441090;477442058;477442165;477442359;477442370;504325289;504325290;504325292;800039146;800039147;800052288,-76.10881149675629,43.035986462581235,3
