geoid,population,area_m2,easting,northing,longitude,latitude,internal_x,internal_y,equal_area_x,equal_area_y,overlap_fraction,centroid_inside_block
360670001001000,0,134603.9333057917,405193.1036907658,4770617.874147115,-76.16470673483076,43.082349468381395,405193.10657477065,4770617.877619034,1594883.3816592935,2398949.735728042,0.9999999999999989,True
360670001001001,0,321613.3483104685,405312.070594354,4770424.331337737,-76.16321254731933,43.08062184714916,405312.07437366777,4770424.326048333,1595041.7606862653,2398786.0324845505,1.0000000000000002,True
360670001001002,0,7432.503510982098,405465.6966659273,4770157.304276153,-76.16128026909057,43.07823693894117,405465.6940898419,4770157.299986518,1595250.0744391535,2398557.8625528896,1.0,True
360670001001003,11,15318.833655484768,405578.7466074988,4770358.541830689,-76.15992599663493,43.08006278720041,405578.74635322776,4770358.54325589,1595315.1179001087,2398780.1096854187,1.0000000000000002,True
360670001001004,0,8407.270098958552,405705.1865373747,4770574.845612168,-76.15840973799779,43.08202592793651,405705.18958758167,4770574.8424670575,1595389.811790239,2399020.0780528677,1.0000000000000002,True
360670001001005,0,13872.246089081405,405246.8686253234,4769936.321160859,-76.16393019758384,43.07622009625941,405246.8684343917,4769936.321578987,1595086.7755151473,2398292.9969586357,0.9999999999999999,True
360670001001006,0,49621.224922648216,405277.3106455845,4770106.554749381,-76.16358533131535,43.077756530192715,405277.31314835,4770106.551361073,1595078.5415123017,2398466.67584193,1.0000000000000002,True
360670001001007,50,7159.573886298209,405391.05942029576,4770023.809497737,-76.16217422817763,43.07702576343677,405391.0617704278,4770023.813526351,1595207.2730932648,2398410.508668807,1.0,True
360670001001008,0,6600.40311302029,405317.9631718025,4769891.542524003,-76.16304943610217,43.07582582753719,405317.9660684498,4769891.53942521,1595165.6949003255,2398264.6976010753,0.9999999999999999,True
360670001001009,0,14634.323894877223,405191.7454097176,4769661.656187062,-76.1645603524936,43.07374036925756,405191.74158952327,4769661.659654746,1595094.2334087996,2398011.452041504,1.0000000000000002,True
360670001001010,0,95179.21259958945,405079.723031482,4769699.509169494,-76.16594254214633,43.07406715376299,405079.7265340487,4769699.514256482,1594977.1385386644,2398023.9623263353,0.9999999999999999,True
360670001001011,0,99360.96082742713,404898.2998647868,4769998.588164286,-76.16822173358415,43.07673706601638,404898.3026513661,4769998.591900136,1594734.7401745846,2398277.464520867,1.0000000000000002,True
360670001001012,0,79252.37349797002,404875.6157138996,4769770.3899924625,-76.16846128707728,43.074679731519694,404875.614613092,4769770.386506811,1594763.364491725,2398048.6310425075,1.0,True
360670001001013,0,5452.26505057963,404626.7874384083,4769917.292273764,-76.17154234420796,43.07597105889754,404626.79110108624,4769917.296787983,1594489.328654334,2398138.04131874,0.9999999999999994,True
360670001001014,0,43700.188179212404,404458.4543222317,4770058.65118077,-76.1736339755556,43.07722253845616,404458.45227252156,4770058.646938003,1594294.6272554824,2398239.704827599,0.9999999999999993,True
360670001001015,0,14566.961039020745,404300.31491448835,4770116.783155806,-76.17558616904313,43.07772596712245,404300.3124455625,4770116.786842224,1594128.2843385919,2398261.968809604,1.0000000000000002,True
360670001001016,0,21209.359555272444,404354.51269290305,4770025.682899102,-76.17490486216197,43.07691262184019,404354.50957861915,4770025.680516865,1594201.0876934056,2398184.518775353,0.9999999999999997,True
360670001001017,0,85131.33398502493,404357.5793831344,4769914.571551477,-76.17484808572821,43.07591266496074,404312.109754312,4769920.332925157,1594228.7187180188,2398076.2000558223,1.0000000000000007,True
360670001001018,0,120237.3642785008,404265.0198923133,4769524.986228343,-76.17591775696012,43.07239352245254,404265.01635332237,4769524.983784079,1594225.3570742146,2397673.6971905828,0.9999999999999998,True
360670001001019,0,58649.60263773408,404419.90661194513,4769112.960725298,-76.17394485834366,43.06870355340203,404145.8729146322,4769065.190417384,1594467.0711554238,2397303.5673016864,0.9999999999999988,False
360670001001020,0,20156.909587391267,404459.37568781804,4769672.581112525,-76.17355632280702,43.073746835260444,404459.3774898001,4769672.57717083,1594381.1890808577,2397861.19850735,1.0000000000000004,True
360670001001021,0,290731.29315658205,404502.21331385046,4769192.031869157,-76.17294772485342,43.06942580305738,404502.2153326117,4769192.031501339,1594529.3866333717,2397399.223730694,1.0,True
360670001001022,0,72783.4195849455,404721.98924981226,4769380.681445369,-76.1702812048237,43.07115186713653,404721.9896934477,4769380.68508942,1594700.7735504664,2397632.583791859,1.0,True
360670001001023,0,10363.111701029387,404766.9315877054,4769482.8781037135,-76.16974679958679,43.07207759691738,404766.9315588368,4769482.878446511,1594721.70435597,2397742.710980839,0.9999999999999994,True
360670001001024,0,49627.37472285882,404880.5765645217,4769484.7857704805,-76.16835151004334,43.07210903058514,404880.5773348853,4769484.782362572,1594831.550776921,2397769.5608501094,0.9999999999999999,True
360670001001025,0,20460.047278592632,404859.9056315228,4769355.514588295,-76.16858324474062,43.07094259678827,404859.90927907964,4769355.514894219,1594840.177894813,2397638.2100053974,0.9999999999999997,True
360670001001026,0,123528.81833255079,404775.04837239144,4768663.922653944,-76.16950691921272,43.064705475644494,404775.0499744692,4768663.925336845,1594911.300201139,2396941.142384944,1.0000000000000002,True
360670001001027,0,145423.7030026861,404959.51213827,4768882.768815395,-76.16727927282298,43.066698900422914,404959.5099248277,4768882.768799218,1595041.7233709178,2397196.3630785937,0.9999999999999994,True
360670001001028,0,32715.458853768614,404661.91208630777,4768536.001846175,-76.17087419987087,43.06353958413815,404661.9121003756,4768536.003607798,1594829.9104002458,2396790.7918665926,1.0,True
360670001001029,0,29332.46982153898,404303.82387819473,4768849.757043439,-76.1753250491885,43.06631927452261,404303.8279228484,4768849.759816625,1594412.841184068,2397019.865050048,1.0000000000000004,True
360670001001030,0,1201948.750870768,403642.2185184783,4769148.410133416,-76.18350082345746,43.06892433105911,403642.22037968884,4769148.406657318,1593704.6239997381,2397167.4020018596,1.0,True
360670001001031,0,189338.98936571076,403164.81106805574,4768556.802190081,-76.18926029734605,43.06353727356136,403164.8108935746,4768556.805129188,1593372.6884105802,2396482.1273421943,1.0000000000000007,True
360670001001032,0,398512.98230168986,403916.16675257095,4768462.394775348,-76.18001830535471,43.06278282966541,403916.1671422513,4768462.3914748365,1594122.6621650737,2396554.6741195275,0.9999999999999997,True
360670001001033,0,69956.75010610427,403912.10127411986,4768266.740746817,-76.18003443611147,43.06102082612107,403912.10417383927,4768266.737804686,1594162.1331601902,2396361.853273017,0.9999999999999998,True
360670001001034,0,57131.12026628069,404589.5180963186,4768469.080759106,-76.1717516332179,43.06292798733941,404589.52082076494,4768469.082127304,1594774.5171764805,2396709.2336068093,0.9999999999999998,True
360670001001035,0,121672.44354811212,404452.18944026256,4768326.860851598,-76.17341342037857,43.061630287651376,404452.1911188278,4768326.862199718,1594672.8277929795,2396539.538127329,1.0,True
360670001001036,0,162574.6751509095,404210.9883621184,4768114.979443885,-76.17633850346255,43.0596922912633,404210.9886576775,4768114.980410153,1594485.8122722246,2396278.6765174572,0.9999999999999997,True
360670001001037,0,7607.306173723325,404399.0076961019,4767909.962381842,-76.17399478439405,43.05787021003932,404399.0064096636,4767909.961284744,1594713.7358361604,2396118.888336489,1.0000000000000002,True
360670001001038,39,26112.65215495266,404503.46611600404,4767947.230981951,-76.17271867721932,43.058218894246366,404503.4642698447,4767947.231646825,1594806.819325056,2396178.40645408,1.0000000000000002,True
360670001001039,20,35673.078666020374,404647.3340959913,4768094.6443047,-76.17097756600864,43.05956416225682,404647.33138654416,4768094.64853475,1594913.7006326772,2396354.6340761217,1.0,True
360670001001040,29,68108.4450373163,404952.08558076224,4768169.884482433,-76.16724868075714,43.06027978834378,404952.08403182705,4768169.885798666,1595192.69942799,2396495.4215876316,1.0,True
360670001001041,0,63663.93068431339,405087.2124815616,4768267.238052652,-76.16560617847033,43.061173187189034,405087.2107481939,4768267.239499677,1595302.209098653,2396620.6204737015,1.0,True
360670001001042,0,103367.8885519923,405152.85584752425,4768364.796092227,-76.16481681725952,43.06205972216114,405008.04626348184,4768475.723329642,1595344.254836825,2396730.7480913466,1.0000000000000009,False
360670001001043,0,108588.1915008335,405302.9921660711,4768527.28348113,-76.16300102186754,43.06354136843594,405302.99399523495,4768527.28696167,1595453.8764018945,2396923.138759484,1.0,True
360670001001044,0,10368.492485348694,405475.908093395,4768569.573365607,-76.16088500385366,43.06394367011123,405475.9084531064,4768569.576680448,1595612.2715052953,2397002.6267691273,1.0,True
360670001001045,0,16453.4808996722,405343.45473097754,4768690.434624431,-76.16253194804436,43.06501528832608,405343.45866088173,4768690.435866627,1595456.9359986826,2397092.076334408,1.0000000000000002,True
360670001001046,0,12637.30946118168,405382.66278870404,4768724.68425302,-76.16205633314685,43.06532853252309,405382.66543759825,4768724.680603912,1595487.3799833606,2397134.2908107056,0.9999999999999996,True
360670001001047,0,15891.305135453962,405671.9035274236,4768418.91547435,-76.15845285164804,43.062611665411055,405671.89964331884,4768418.91936985,1595835.8719763109,2396897.911602016,1.0000000000000007,True
360670001001048,0,14115.261906148839,405574.87543681386,4768479.867555766,-76.15965456887297,43.063148358112585,405574.8729665584,4768479.872242441,1595728.2025941138,2396936.3794170213,1.0000000000000002,True
360670001001049,78,10783.82171312265,405720.6509889294,4768280.6866881745,-76.15783087717793,43.061373229000345,405720.6490861245,4768280.683493299,1595913.8412351555,2396773.0275501106,0.9999999999999998,True
360670001001050,4,55052.728342405986,405580.4922053791,4768262.452806635,-76.15954870787868,43.06119164056456,405580.4927846739,4768262.448293029,1595781.892734785,2396724.33779679,0.9999999999999998,True
360670001001051,0,30690.707117424594,405449.8583541797,4768123.022619544,-76.16112898477772,43.05992006565374,405449.85716740723,4768123.026450884,1595686.0776814078,2396558.851729279,0.9999999999999998,True
360670001001052,199,28107.18195865155,405683.35666578164,4768081.915025208,-76.15825510089633,43.059579023253335,405683.3567031233,4768081.9124418935,1595921.7584406866,2396569.8428468434,0.9999999999999998,True
360670001001053,51,20794.69335126425,405826.50425887754,4768134.331053963,-76.15650639878012,43.06006871001068,405826.5041442206,4768134.329943636,1596049.0224331834,2396652.720691235,1.0,True
360670001001054,0,22321.15912423166,405978.1611498157,4767831.197878704,-76.15459311819563,43.05735835627624,405994.9927240692,4767715.945000224,1596263.4308601571,2396388.684180525,1.0,False
360670001001055,0,13158.354471955805,405932.15232539474,4767679.317986785,-76.15513232662241,43.055985255077935,405932.15456207516,4767679.322945579,1596252.4878630484,2396229.583054523,1.0,True
360670001001056,0,30174.48581301936,405930.2494380687,4767922.185726748,-76.15519673902266,43.05817159801532,405930.25261881703,4767922.185903399,1596196.754936072,2396467.411926731,1.0,True
360670001001057,138,103687.48536349103,405527.2713305971,4767849.343330856,-76.16013204083205,43.05746573130043,405527.2746076358,4767849.33980894,1595821.914822941,2396307.3938861443,0.9999999999999997,True
360670001001058,26,73132.25778491616,405222.0589002794,4767967.045398166,-76.16389936118293,43.05848736596562,405222.055791747,4767967.049221566,1595499.6571253797,2396355.7783894874,1.0000000000000002,True
360670001001059,0,36531.61736574497,404947.8886680905,4767873.929147161,-76.16724966090604,43.05761473972671,404947.885423169,4767873.924779754,1595254.2970574151,2396204.177405511,0.9999999999999998,True
360670001001060,0,73867.54816500947,404819.3739390773,4768028.48340468,-76.16885394694435,43.058990104275914,404819.3777552106,4768028.482876584,1595095.3077577064,2396327.544415947,1.0000000000000002,True
360670001001061,0,24047.470090051665,405392.8868847754,4767741.35337878,-76.16176360307173,43.05647674233754,405392.8870698268,4767741.348673692,1595715.4854823793,2396171.9249077872,1.0000000000000002,True
360670001001062,0,19812.986644922123,405280.40367920714,4767763.5203747265,-76.1631483769719,43.056662285625585,405280.4018260507,4767763.521997014,1595601.4270544562,2396168.9492927836,1.0000000000000002,True
360670001001063,0,30503.522540073838,405668.3261870551,4767566.46025805,-76.15835227911164,43.05493643527382,405668.3244319003,4767566.456364342,1596021.543862488,2396060.892136792,0.9999999999999996,True
360670001001064,0,30795.344036725073,405164.62901844364,4767718.543975895,-76.16456212884776,43.056242899553105,405164.6313683541,4767718.54399292,1595499.0733200181,2396099.3841969324,0.9999999999999999,True
360670001001065,42,30461.90675544411,404878.16257709934,4767740.4620995475,-76.16808291929658,43.05640438336211,404962.7186291106,4767706.532139348,1595216.2586981866,2396057.925786053,0.9999999999999997,False
360670001001066,13,12109.617678462684,404853.2516855877,4767761.509905872,-76.16839235749792,43.05659075697736,404853.2482909699,4767761.514731774,1595187.4179045295,2396073.09821423,0.9999999999999999,True
360670001001067,0,4189.139227866844,404749.65889641957,4767836.334321741,-76.16967701266236,43.05725141665874,404749.6599017775,4767836.332457398,1595070.3014429004,2396123.730631587,1.0,True
360670001001068,0,26158.63543258,404557.39452612237,4767790.179881685,-76.17202962694162,43.05681172941502,404557.3966744703,4767790.176584472,1594893.9938100846,2396036.1975230803,1.0000000000000002,True
360670001001069,0,88695.05418821955,404104.52505940653,4767897.092262752,-76.17760811211967,43.0577171875146,404104.5260658087,4767897.0936354175,1594430.863373891,2396041.537364614,1.0000000000000004,True
360670001001070,0,39615.4894769257,404129.4641693827,4767786.990964414,-76.17728295420915,43.05672908569476,404129.460462715,4767786.9926053425,1594479.4928239335,2395939.0136291776,1.0000000000000002,True
360670001001071,0,13629.38829141433,403488.1822610913,4768098.531715457,-76.18521023116115,43.059452634094455,403488.1847450903,4768098.527893387,1593788.1425614771,2396103.6679063397,1.0,True
360670001001072,0,19474.569341406233,402888.4021511499,4768534.257387371,-76.19265029946239,43.063298977327285,402888.4021431661,4768534.259905825,1593109.4982468833,2396399.252639943,1.0,True
360670001001073,0,123711.87892943053,402762.2334343993,4768493.190563317,-76.19419230071176,43.06291309395102,402762.233501917,4768493.191234239,1592996.1940917957,2396331.233603766,0.9999999999999999,True
360670001001074,0,70494.69732944405,402958.76947191794,4768229.794900282,-76.19173318555423,43.06056689132313,402958.7683092927,4768229.795880566,1593245.3405529067,2396116.058018987,0.9999999999999998,True
360670001001075,0,169619.4397915266,403390.5534643191,4767974.504279171,-76.18638737573674,43.05832358527932,403390.55151161685,4767974.505941855,1593720.9398512277,2395960.5424733255,1.0,True
360670001001076,0,7234.554846962118,403637.4429317553,4767986.397494978,-76.18335820637061,43.05846204860678,403637.44337440206,4767986.392089826,1593957.849723792,2396026.477668358,1.0000000000000007,True
360670001001077,0,4623.421405714793,405168.05035428173,4767639.155287769,-76.16450659759835,43.05552857964962,405168.0501900633,4767639.157550413,1595520.008309254,2396022.2580124387,1.0,True
360670001001078,0,6162.977913586535,404875.36142121395,4767678.968573426,-76.16810680031442,43.055850398268184,404875.361449496,4767678.968765389,1595227.185703466,2395996.986849286,0.9999999999999999,True
360670001001079,0,4748.106768396973,404544.39360287733,4767697.27277805,-76.17217331071987,43.055973641212894,404544.3944119236,4767697.268189121,1594901.9951906197,2395942.201183193,1.0,True
360670001001080,0,9212.529607664423,404568.45343097375,4767722.503044464,-76.17188224792503,43.05620381771203,404568.4573062894,4767722.501023021,1594919.7412097645,2395972.2393431286,1.0000000000000002,True
360670001001081,0,1485.5203449990954,406013.6666617696,4767634.855356402,-76.15412403945338,43.05559504864406,406013.669800396,4767634.849910243,1596341.4448264004,2396203.8799746167,0.9999999999999993,True
360670001001082,205,58061.59100770174,405786.2039672764,4767888.538175707,-76.15695959949872,43.057850795769795,405786.20393293316,4767888.538646038,1596064.4557000967,2396402.7483241605,1.0000000000000002,True
360670001001083,110,53036.19184155567,405755.4713567214,4767650.695657269,-76.15729665054607,43.055705645712266,405755.46725938795,4767650.690636422,1596087.4086487626,2396162.676967246,1.0,True
360670001001084,34,17682.49073338719,404619.50064829044,4767903.502517623,-76.17128654452111,43.057839793551395,404619.50428377633,4767903.503183139,1594929.1078975429,2396161.013398681,0.9999999999999998,True
360670001001085,0,1043.4320393816306,405926.4514892317,4767485.539513711,-76.15516956683308,43.05423992799601,405926.44874539407,4767485.536441911,1596289.9513250424,2396038.2377836197,1.0,True
360670001001086,0,11257.613412768504,405608.40390064684,4767543.934722384,-76.15908413174687,43.05472618480041,405608.40650933655,4767543.936374603,1595968.4005773482,2396025.6261893036,1.0000000000000009,True
360670002001000,31,28752.066861996806,405785.1674680312,4770520.506963496,-76.15741816010971,43.08154665183189,405785.1642947145,4770520.512357442,1595479.4754875398,2398984.3540110793,1.0000000000000002,True
360670002001001,0,26542.898646667152,405690.76906983263,4770361.122131863,-76.15855056040161,43.08009995725894,405690.7659119461,4770361.126922844,1595423.2427303677,2398807.261434881,0.9999999999999999,True
360670002001002,54,12659.507954048202,405796.25091852417,4770318.351608633,-76.1572477697407,43.07972799924979,405796.2484564461,4770318.35172593,1595535.0835120343,2398788.4893708588,1.0,True
360670002001003,62,19118.97326233484,405901.04778645036,4770432.406374844,-76.1559799538809,43.080767859365785,405901.04409442656,4770432.410939073,1595611.4639754044,2398923.4016254116,1.0,True
360670002001004,0,16686.586041036193,405613.619929966,4770228.168271325,-76.15947554266471,43.07889335986257,405613.62346470944,4770228.1726806285,1595377.8832162756,2398659.8865656345,1.0,True
360670002001005,52,21273.69824306373,405547.11306357506,4770109.890515814,-76.16027227766824,43.077820211310524,405547.1112282474,4770109.889284911,1595339.5940845835,2398529.246726907,1.0,True
360670002001006,27,10911.54377991011,405689.9559125569,4770072.656031619,-76.15851161165774,43.07750276068797,405689.9569218762,4770072.660384164,1595486.4580248375,2398524.116361221,1.0,True
360670002001007,0,22475.96400512513,405746.8059780438,4770172.111904509,-76.15783026186224,43.078405241518084,405746.8028097653,4770172.107336723,1595519.5534597097,2398634.1707547293,1.0,True
360670002001008,30,8960.690333745775,405858.4550239567,4770285.436995277,-76.15647820068334,43.07943938916259,405858.4550961772,4770285.43819802,1595602.7442717068,2398769.873493035,1.0,True
360670002001009,46,19410.718670778388,405974.0397387489,4770331.75625672,-76.15506642169595,43.07987074691815,405974.041433129,4770331.7510220725,1595704.621271863,2398840.7125978963,0.9999999999999997,True
360670002001010,90,44942.672707266145,406049.6066300231,4770215.802706508,-76.15411870485487,43.078836166845036,406049.60707589664,4770215.806382974,1595803.672264309,2398743.5773447165,0.9999999999999999,True
360670002001011,17,4979.599499897269,406025.53363425104,4770160.247286045,-76.15440497608623,43.078333011314335,406025.531670236,4770160.246056365,1595792.6400238012,2398683.79045683,1.0,True
360670002001012,87,19592.535967197786,406195.1657422814,4770127.213175212,-76.1523160135479,43.078056600723066,406195.1668440615,4770127.213079762,1595964.5664700656,2398688.6666454296,1.0,True
360670002001013,59,14248.023661073965,406280.0876845485,4770066.30274143,-76.15126275507176,43.07751871402909,406280.0840056944,4770066.301233681,1596060.4819495892,2398647.5805699937,1.0,True
360670002001014,39,14309.310154088413,406361.80842760537,4770000.829930823,-76.15024806221221,43.07693934639191,406361.8052807413,4770000.824821125,1596154.3034216673,2398601.315315086,1.0000000000000002,True
360670002001015,92,25657.279340120484,406192.9390730098,4769969.284107612,-76.15231671435416,43.07663446720032,406192.94029159314,4769969.287734008,1595997.4457421785,2398533.2582865027,0.9999999999999997,True
360670002001016,112,27254.385294261494,405950.7400494222,4770092.975519638,-76.155312195587,43.07771808324719,405950.7397157991,4770092.977385007,1595734.9924220543,2398601.3631186583,1.0,True
360670002001017,151,23370.055939256268,405797.88775332354,4770002.866540934,-76.15717420900698,43.07688785048466,405797.88856242166,4770002.872029564,1595606.6705764611,2398479.3784103165,1.0000000000000002,True
360670002001018,51,11129.820223954634,405652.5949022019,4770006.9273253055,-76.15895931132715,43.0769063503293,405652.5959005342,4770006.932828563,1595464.78993677,2398451.4293905115,1.0,True
360670002001019,67,22303.225701365227,405596.35982312815,4769906.754541308,-76.15963295370851,43.075997485035415,405596.3560775603,4769906.756255242,1595432.4506737501,2398340.8066340433,1.0,True
360670002001020,42,21389.908226488653,405471.98652982205,4769977.137113999,-76.16117238610266,43.07661565715369,405471.9854643328,4769977.141887801,1595296.1533468282,2398382.512508332,1.0,True
360670002001021,45,21225.815618965644,405397.38244557445,4769844.716288475,-76.16206609991326,43.07541415546326,405397.3825070313,4769844.721234438,1595253.1460827684,2398236.2190842605,0.9999999999999998,True
360670002001022,80,22175.254205871723,405521.25586967723,4769773.801129905,-76.16053273757272,43.074791137797696,405521.258870421,4769773.7968900995,1595389.0763319798,2398193.880864091,0.9999999999999999,True
360670002001023,80,21916.849394694567,405648.1884823421,4769701.795959459,-76.1589616513099,43.074158666176174,405648.1845703075,4769701.7997704055,1595528.2166308858,2398151.14530595,1.0000000000000002,True
360670002001024,0,22652.890096886393,405723.08985070465,4769834.666702558,-76.15806431931132,43.07536423198613,405723.09137379465,4769834.66312875,1595571.4129716342,2398297.945524891,1.0,True
360670002001025,50,18536.4982976883,405883.8823341244,4769953.687836755,-76.15610974159847,43.07645576409522,405883.88577554363,4769953.691777352,1595701.0238825136,2398450.036760001,1.0000000000000002,True
360670002001026,85,18706.90287297874,405960.7005907455,4769911.057191135,-76.15515909400364,43.076081482985494,405960.70012860815,4769911.059087342,1595785.0203243184,2398425.1014140313,1.0,True
360670002001027,86,18746.850000856008,406118.8040558068,4769900.131518678,-76.15321552473405,43.0760027037621,406118.806063636,4769900.131073208,1595940.8544015104,2398449.1308951094,1.0,True
360670002001028,59,15717.798809803806,406041.0577824644,4769828.891245119,-76.15415831444557,43.075351690345265,406041.0589732268,4769828.892301109,1595881.2224180484,2398362.161821031,1.0,True
360670002001029,0,3205.823460953896,406036.29251298256,4769760.207692119,-76.15420523107976,43.07473273227499,406036.29499388824,4769760.204073125,1595891.8376559217,2398293.739884063,1.0,True
360670002001030,55,22226.964407634787,405973.10881744156,4769692.987227025,-76.15496982840769,43.074119707142465,405973.1111192317,4769692.986402002,1595845.4443169257,2398213.914259587,0.9999999999999999,True
360670002001031,91,22038.49930575122,405848.1948286104,4769763.537404417,-76.15651583655475,43.0747393851436,405848.19782730244,4769763.539013208,1595708.585634885,2398255.6670746743,1.0,True
360670002001032,116,21172.82631824841,405773.3672517067,4769630.710456074,-76.15741229152181,43.07353423455872,405773.3665085253,4769630.706627808,1595665.4509507297,2398108.9259836515,1.0,True
360670002001033,65,22016.67111768817,405898.68079434126,4769560.692954468,-76.15586148849601,43.07291941361683,405898.6798369305,4769560.691455206,1595802.5789186812,2398067.7834578943,1.0,True
360670002002000,98,22412.66554926828,405823.7025097037,4769427.9373751655,-76.15675979348316,43.07171489177635,405823.7019917307,4769427.938295728,1595759.2822757843,2397921.0789395054,1.0,True
360670002002001,81,21814.856953724142,405698.619668811,4769498.457410472,-76.15830782665302,43.072334253975676,405698.62190930767,4769498.462491571,1595622.2668837062,2397962.7651751954,1.0,True
360670002002002,136,22303.140459774673,405573.9792196965,4769569.454450061,-76.15985053880183,43.0729579444016,405573.9823104924,4769569.449475528,1595485.5747635425,2398005.0160896755,1.0,True
360670002002003,145,22036.125917040594,405447.34184345923,4769641.965699921,-76.1614180633013,43.07359499729468,405447.3388598978,4769641.966041717,1595346.608866934,2398048.313021572,1.0000000000000002,True
360670002002004,92,21194.22950968737,405322.4636845499,4769713.0467313975,-76.16296377159459,43.074219371429585,405322.4614160158,4769713.049936241,1595209.6671323206,2398090.5931790257,1.0,True
360670002002005,40,20463.635727304416,405249.68385306856,4769583.037294471,-76.16383542405066,43.07303979394298,405249.6858204353,4769583.037939943,1595167.8955779378,2397947.0656035594,1.0,True
360670002002006,84,21292.320092507667,405750.2496650204,4769297.92295262,-76.15763979541512,43.07053523157569,405750.24924334884,4769297.919451252,1595716.857925202,2397777.398352603,1.0,True
360670002002007,129,20371.180097758355,405624.8193089348,4769368.557723234,-76.15919209431468,43.07115557198,405624.818889059,4769368.560841286,1595579.4800974738,2397819.1208065264,1.0,True
360670002002008,139,21154.565712493,405500.1755362304,4769439.843484045,-76.16073487522087,43.07178184982854,405500.1734422833,4769439.837978436,1595442.7209087969,2397861.654274736,1.0000000000000002,True
360670002002009,79,21399.809218534803,405374.017366138,4769512.743879686,-76.16229655965859,43.07242245428149,405374.0141521402,4769512.749002294,1595304.1338639555,2397905.4383051265,1.0000000000000002,True
360670002002010,23,20990.075270046593,405175.64903658035,4769455.691723692,-76.16472290941715,43.07188403617996,405175.6497474872,4769455.687695215,1595124.3155463815,2397805.8750460134,1.0000000000000002,True
360670002002011,39,11425.344126217171,405270.8832149708,4769399.41433123,-76.16354380291409,43.0713892627876,405270.88350954046,4769399.418460424,1595229.2085555408,2397771.6011163443,1.0,True
360670002002012,25,6245.573783888984,405348.4708203082,4769394.194253955,-76.16259010947552,43.071351950599194,405348.471667788,4769394.199729285,1595305.6501693227,2397783.532991504,1.0000000000000002,True
360670002002013,42,6022.839783264708,405411.59526200284,4769358.124290707,-76.16180878313223,43.071035081851605,405411.5939166165,4769358.126325129,1595374.903249527,2397762.023917411,1.0,True
360670002002014,62,11324.95551043887,405456.95524225343,4769295.039610736,-76.16124102455842,43.07047277703128,405456.95727701613,4769295.0421337625,1595432.9135114,2397710.1104050213,1.0000000000000002,True
360670002002015,154,20696.79073117896,405553.6325741394,4769242.435243556,-76.16004487423635,43.07001121539144,405553.6304529063,4769242.433563324,1595538.3915643329,2397679.755844137,1.0000000000000002,True
360670002002016,53,21207.42496010402,405678.82237842743,4769171.1613226235,-76.1584954417072,43.069385101934024,405678.8257711667,4769171.161060954,1595675.677584216,2397637.3534995895,0.9999999999999998,True
360670002002017,52,11020.876646456862,405624.6619147215,4769075.073571257,-76.15914422824275,43.06851327525727,405624.66425218,4769075.076287194,1595644.4455672747,2397531.1928767506,1.0,True
360670002002018,105,20728.93589647697,405481.86242551287,4769115.576849298,-76.16090466194399,43.0688601543717,405481.8593971713,4769115.581959252,1595496.9005199356,2397539.5405232874,1.0,True
360670002002019,80,17557.74179831111,405359.64165550406,4769174.143636075,-76.16241548303582,43.06937220161246,405359.64027183823,4769174.143476147,1595365.3149189206,2397570.129957379,1.0000000000000002,True
360670002002020,0,15037.350967204553,405329.92628785415,4769285.5401642015,-76.16279934802432,43.07037141063117,405329.9301814588,4769285.538929402,1595311.7649943351,2397672.8733436484,1.0000000000000002,True
360670002002021,30,17423.90597419457,405217.16924995044,4769254.4913216485,-76.16417873226854,43.07007779460462,405217.1718854668,4769254.491884353,1595209.246182191,2397617.6338923983,1.0,True
360670002002022,15,15497.572103009828,405120.43633892987,4769320.288949138,-76.16537784720869,43.07065808610554,405120.44020391,4769320.290438741,1595100.7867282531,2397660.9173965645,1.0,True
360670002002023,0,8417.352084450737,405047.3957966301,4769357.1486873105,-76.16628109390129,43.07098079965928,405047.3953006257,4769357.148732049,1595021.7368158686,2397681.021441451,1.0000000000000002,True
360670002002024,18,10315.434593002883,405588.59494314477,4769011.549555991,-76.15957634196376,43.06793687250023,405588.5984020301,4769011.5525626475,1595623.5445709394,2397460.9521556026,0.9999999999999997,True
360670003001000,33,25535.68679291836,407065.9014248658,4770483.213046763,-76.14168133746968,43.081368927237165,407065.90443379275,4770483.209980519,1596730.478336667,2399229.23785437,1.0000000000000002,True
360670003001001,40,11120.318439210141,406891.1606215591,4770601.155718154,-76.14384733979344,43.08240934948281,406891.16378581873,4770601.15017884,1596534.7553919833,2399306.531078977,1.0,True
360670003001002,56,10493.094428636248,406786.07247517514,4770611.389626339,-76.14513981755516,43.08248857629176,406786.0739401195,4770611.392239662,1596430.514833316,2399293.4754391257,1.0000000000000002,True
360670003001003,53,13679.299468700174,406865.6144669591,4770400.505863318,-76.14412749540308,43.08059972895774,406865.6140488906,4770400.502652625,1596554.4835449138,2399104.0922588296,0.9999999999999999,True
360670003001004,52,15296.157061911543,406867.46051642665,4770517.920397537,-76.14412449383349,43.08165705795677,406867.4600781536,4770517.925073344,1596530.2251633806,2399219.6742377756,0.9999999999999999,True
360670003001005,65,12957.679643494195,406739.72570601106,4770522.955468905,-76.1456942418411,43.08168669104953,406739.7291255128,4770522.956416343,1596405.1634036636,2399196.541892007,1.0,True
360670003001006,54,14992.894303271329,406682.6517306418,4770465.292081344,-76.14638557274424,43.081160517283,406682.6494857318,4770465.290192368,1596362.576344854,2399127.434936885,0.9999999999999998,True
360670003001007,62,14440.924347872475,406804.3474298151,4770346.94594637,-76.14487101581307,43.080109993483106,406804.3487269327,4770346.94665251,1596506.917409628,2399038.0891083796,1.0000000000000002,True
360670003001008,68,47615.05948622688,406653.57655705325,4770329.745859017,-76.14671992411166,43.07993659499811,406653.57852742745,4770329.746387649,1596364.4367546802,2398988.0828535105,1.0,True
360670003001009,91,30933.293076045087,406556.74162066967,4770246.148255587,-76.14789521338956,43.07917202735282,406556.74266907346,4770246.145203101,1596289.022870559,2398884.7977354443,0.9999999999999998,True
360670003001010,88,25497.69787953334,406483.50214778155,4770180.347987474,-76.14878367143413,43.07857058985925,406483.49983778625,4770180.349145467,1596232.5558338326,2398804.1560357846,1.0000000000000002,True
360670003001011,109,27911.691967745905,406408.0235310257,4770115.1064685285,-76.14969970673607,43.07797389979068,406408.0240797034,4770115.106484257,1596173.7924045706,2398723.5703481846,1.0000000000000002,True
360670003002000,0,4647.013269371962,406593.1882900359,4770808.811639762,-76.14754212705162,43.0842422613075,406593.19055077777,4770808.815906492,1596199.5528404273,2399444.743606962,1.0,True
360670003002001,59,61693.72221078909,406526.97755810455,4770584.844182953,-76.14831772823985,43.08221769012016,406526.97987187,4770584.845248651,1596184.9972153672,2399210.495674448,1.0000000000000004,True
360670003002002,204,104674.46931192139,406248.33157231286,4770611.981002262,-76.15174480014615,43.08242760792393,406248.33157212497,4770611.980122135,1595908.5992716018,2399175.8766664476,1.0000000000000004,True
360670003002003,120,33925.45196192761,406303.39954290295,4770368.734143027,-76.15102741864524,43.08024442829546,406303.4010175656,4770368.730979948,1596016.0016594958,2398949.3702080348,1.0,True
360670003002004,88,22940.250133192298,406389.5265411937,4770452.123981961,-76.14998363249136,43.081005835494764,406389.5291320204,4770452.120003952,1596081.0710895834,2399050.0984254587,0.9999999999999999,True
360670003002005,35,10141.722794588806,406718.5191410108,4770768.743668971,-76.14599596143177,43.083896952042856,406718.516074386,4770768.749037577,1596330.054863044,2399432.9832778755,1.0,True
360670003002006,66,21199.94079508428,406680.5591791265,4770705.79358123,-76.14645165215536,43.08332553199793,406680.55523603613,4770705.790081048,1596307.1874378216,2399362.8911988055,1.0000000000000002,True
360670003002007,180,23671.648320235865,406218.0626108551,4770289.88569128,-76.15206224144256,43.07952399622431,406218.0659902171,4770289.886064237,1595950.6914598932,2398853.2702677287,0.9999999999999999,True
360670003002008,42,8111.296883033554,406061.9165133494,4770414.716431505,-76.1540011287873,43.080628538789206,406061.91879744997,4770414.712091666,1595771.4831970504,2398941.404285385,1.0000000000000004,True
360670004001000,91,455119.541394369,408030.67192290217,4769873.512401926,-76.1297306816107,43.07599728375522,408030.67045014526,4769873.514226092,1597801.8845506164,2398843.160794984,0.9999999999999999,True
360670004001001,38,13771.79452313866,407682.65756237594,4770095.959867478,-76.13404172995969,43.0779577442349,407682.6599348694,4770095.954922158,1597414.8475221095,2398984.8981640856,1.0000000000000002,True
360670004001002,44,13452.41173383009,407701.8289040205,4769692.450115237,-76.13373928797422,43.07432719697722,407701.82792952517,4769692.450464152,1597522.9680962674,2398593.2877198495,1.0,True
360670004001003,49,14055.890682934816,407691.96896321146,4769893.757501778,-76.13389379807899,43.07613840882056,407691.96879358374,4769893.756524358,1597468.7409729701,2398788.594041999,1.0,True
360670004001004,11,2618.3389038570676,407601.9060782099,4770208.491507069,-76.13505220712166,43.07896105499349,407601.90672558406,4770208.496497257,1597311.5270430772,2399077.540847866,1.0000000000000002,True
360670004001005,71,25860.075211078587,407523.4634398514,4770075.992791819,-76.13599360007989,43.077758582313926,407523.46347295487,4770075.994755793,1597264.806906183,2398930.3290873533,1.0,True
360670004001006,74,21005.215722844077,407384.33927473956,4770232.712297292,-76.13772839774163,43.079152580903504,407384.33911966276,4770232.714420478,1597095.0424050356,2399053.4897672907,1.0,True
360670004001007,29,6085.502701935281,407439.8065178715,4770285.276621569,-76.13705589895571,43.07963259919996,407439.80643406656,4770285.276711565,1597137.202329936,2399117.241510621,0.9999999999999999,True
360670004001008,67,18992.26487037463,407212.44074363407,4770404.285786073,-76.13986829836936,43.08067627561218,407212.4406477026,4770404.288496179,1596890.180087949,2399184.0181126576,1.0000000000000002,True
360670004001009,58,13795.718908465495,407253.9791158198,4770507.674117486,-76.13937536056729,43.08161218054488,407253.9759352868,4770507.676321609,1596907.5488221745,2399294.564139173,1.0,True
360670004001010,40,10599.281202218244,407322.4089969289,4770426.3830474,-76.13852131559686,43.080888668532175,407322.4103139878,4770426.386524712,1596991.983189994,2399229.860308637,1.0,True
360670004001011,30,7947.395445130818,407385.6861763914,4770355.485647443,-76.13773230911285,43.08025809670677,407385.6869231693,4770355.486003098,1597069.1117425137,2399174.2194988104,1.0,True
360670004001012,172,60241.353273405584,407624.4074701579,4769822.35442453,-76.13471168823844,43.07548732700107,407624.4064720925,4769822.351438978,1597419.025151622,2398703.704488967,1.0,True
360670004001013,48,17694.31663678385,407533.32285189966,4769837.906036866,-76.1358329131377,43.075616242554865,407533.32385744277,4769837.901296611,1597327.193569785,2398698.944740828,1.0,True
360670004001014,106,24935.1387271124,407541.8751505123,4769614.190875309,-76.13569068103092,43.07360313269039,407541.87355705025,4769614.1872659065,1597385.123519925,2398481.37006077,1.0000000000000002,True
360670004001015,70,19277.440524909067,407360.5722479107,4770049.145964101,-76.13798971686718,43.07749699594928,407360.57362711895,4770049.146395309,1597112.705535844,2398868.198530507,0.9999999999999998,True
360670004001016,56,20182.586530038356,407326.87635472376,4770179.632425794,-76.13842531085831,43.07866767330576,407326.8772788837,4770179.6353782285,1597051.0605096186,2398988.793807661,0.9999999999999998,True
360670004001017,112,20059.643303926405,407150.02115004463,4770349.955064967,-76.14062588142758,43.08017948662499,407150.01965838484,4770349.9565708395,1596841.666182548,2399117.005842495,0.9999999999999998,True
360670004001018,86,21646.379747519284,407086.2232282564,4770295.713564968,-76.14140039593292,43.07968332712398,407086.2228561892,4770295.710557318,1596791.7952031498,2399049.7781489436,1.0,True
360670004001019,104,24595.230049098023,407020.7566182136,4770237.167369523,-76.14219467280955,43.07914820198072,407020.75440178503,4770237.167179703,1596741.2601838016,2398977.960972915,0.9999999999999999,True
360670004001020,139,24198.3744213862,406953.2817469194,4770180.403546184,-76.14301389942808,43.07862887204612,406953.2817426659,4770180.4066511355,1596688.3812185647,2398907.450764702,1.0,True
360670004001021,107,25612.504454368394,406888.6351044833,4770124.240244137,-76.1437984770066,43.0781152901843,406888.6332475442,4770124.241359708,1596638.113518621,2398838.1510567935,1.0000000000000002,True
360670004001022,120,25130.612894469847,407111.2862905899,4769995.06795599,-76.14104233575783,43.07697963151461,407111.2891539425,4769995.064416653,1596882.8150363094,2398760.3695539394,0.9999999999999999,True
360670004001023,87,16304.957251007676,407142.97641846753,4770089.653048217,-76.14066892797948,43.07783507870263,407142.9787283427,4770089.6553823445,1596892.5802952747,2398860.1164662982,1.0,True
360670004001024,70,14341.78472953065,407242.13123834436,4770147.735224269,-76.13946082264442,43.078370136720174,407242.1330263355,4770147.731121402,1596975.9067333275,2398938.8815184673,1.0,True
360670004002000,87,20451.87679382435,407454.01422381354,4769608.967148604,-76.13676882577309,43.07354538787806,407454.01634029916,4769608.968466327,1597301.0292691698,2398456.938741315,1.0000000000000002,True
360670004002001,87,18563.74606962236,407378.25929811277,4769604.872229568,-76.13769848365487,43.07349927412246,407378.25800639385,4769604.875121349,1597228.4313415452,2398436.274857219,0.9999999999999998,True
360670004002002,108,20320.18568005352,407302.6916017146,4769601.118999328,-76.13862589759766,43.07345625199947,407302.6914784893,4769601.124332502,1597155.9393306659,2398415.987201253,1.0,True
360670004002003,127,35549.096459665954,407145.7790544055,4769636.3283831095,-76.14055880224421,43.0737540568021,407145.7793023371,4769636.333177806,1596995.8729738407,2398416.044232093,1.0,True
360670004002004,112,25645.30067826107,407037.6691610835,4769608.813834537,-76.1418818937439,43.07349309643168,407037.66865715483,4769608.814237735,1596897.0764344877,2398365.2962982515,0.9999999999999999,True
360670004002005,117,31216.47734207002,406843.8621310199,4769604.026792137,-76.1442612126717,43.07342622100763,406843.86313082837,4769604.024445141,1596710.0845701683,2398318.0101825423,0.9999999999999999,True
360670004002006,68,74667.96796440873,406590.5460033979,4769746.831016822,-76.1473961395405,43.074680758788915,406590.5492850187,4769746.835549335,1596432.605191283,2398402.425015544,0.9999999999999998,True
360670004002007,71,22187.7538295627,406452.9318053838,4769915.478690063,-76.14911456610065,43.07618216064054,406452.92910555965,4769915.48309879,1596261.6587052662,2398537.6165488586,0.9999999999999999,True
360670004002008,32,50649.41786571464,406298.66340294166,4769791.620118613,-76.15098832345686,43.07504800045594,406298.6653118761,4769791.620041777,1596139.4500251818,2398382.2150089946,1.0,True
360670004002009,78,18559.887205437015,407220.3204811933,4769573.861923414,-76.1396329406748,43.073200780655114,407220.32382182236,4769573.864026699,1597082.0603490903,2398371.148234429,1.0,True
360670004003000,47,18482.203080278618,407423.65523627476,4769935.103513905,-76.1371959610834,43.076477952635535,407423.652139451,4769935.108816743,1597199.2171182262,2398770.1913562734,1.0,True
360670004003001,56,17722.606885702364,407305.805541658,4769928.460639674,-76.13864222450508,43.07640375179,407305.8076092512,4769928.465966377,1597086.3386022446,2398737.7775520333,0.9999999999999998,True
360670004003002,127,25459.749072537055,407113.11540527816,4769902.277428794,-76.14100436940967,43.07614444564208,407113.11284601083,4769902.272394056,1596905.1761677417,2398669.7489010226,0.9999999999999999,True
360670004003003,42,10382.084479811212,406941.48073419055,4769895.423554817,-76.14311113873237,43.076061699985274,406941.4838873704,4769895.423513482,1596740.156082153,2398625.307978502,1.0,True
360670004003004,213,54527.86576333956,406792.01124114677,4769928.669323905,-76.14495240500602,43.076342663661826,406792.0117037613,4769928.673353743,1596587.7469503258,2398625.0727117634,1.0000000000000002,True
360670004003005,140,32144.098068651405,406816.7232523115,4770062.598615822,-76.14467135235486,43.07755148815845,406816.7193916162,4770062.599983773,1596582.011683286,2398761.8808366917,0.9999999999999999,True
360670004003006,99,25822.641457866797,407117.5736649471,4769808.230725813,-76.14093390529916,43.07529827200861,407117.57413863245,4769808.233828423,1596930.3670415338,2398578.473685406,1.0,True
360670004003007,0,28461.080033076756,407371.1473517249,4769794.489581379,-76.13781741139205,43.07520556753334,407371.1483280576,4769794.493174262,1597179.4632331694,2398620.717584421,1.0,True
360670004003008,230,60731.363560078076,406749.8695591987,4769830.81969694,-76.14545355514426,43.07545652703038,406749.8658665185,4769830.816745047,1596568.5652055612,2398519.8263268173,0.9999999999999998,True
360670005011000,187,22065.03532917974,406029.3144469053,4768677.6983932825,-76.15410803435044,43.06498587448291,406029.3172828214,4768677.701188511,1596125.2472817965,2397230.3158870866,1.0,True
360670005011001,0,7619.065472769893,405883.2679888026,4768701.6020010365,-76.1559054018178,43.06518298069546,405883.2681663514,4768701.604142789,1595978.2354495786,2397221.6682039783,1.0000000000000002,True
360670005011002,25,18206.754405789892,405810.2718146358,4768775.763811344,-76.15681429028211,43.06584161242943,405810.2710043503,4768775.762441952,1595890.9528011298,2397278.375477823,1.0,True
360670005011003,0,6593.237183611852,405707.5695129122,4768873.709068258,-76.15809200368807,43.06671067115253,405707.56985742104,4768873.712267659,1595769.5692245099,2397351.8845018237,1.0000000000000002,True
360670005011004,18,15583.354643391109,405647.27653809503,4768833.025682869,-76.15882546852015,43.06633689735976,405647.2739789993,4768833.0260114735,1595720.0940219094,2397298.7250262424,1.0,True
360670005011005,109,16151.464033169854,405550.10364619206,4768909.37099437,-76.16003165411053,43.067012154233986,405550.0999801054,4768909.376128404,1595608.8680827476,2397352.2601986253,1.0,True
360670005011006,42,4959.7358738586145,405487.0297465713,4768945.312156569,-76.16081227748465,43.06732788272147,405487.02793991106,4768945.314100735,1595539.6930520465,2397373.6546605513,0.9999999999999998,True
360670005011007,34,20683.172946430604,405410.2022760554,4768988.668678923,-76.16176305857998,43.06770865261188,405410.19897651335,4768988.673988131,1595455.5275861197,2397399.30029468,1.0000000000000002,True
360670005011008,39,21140.264548692452,405285.12868099345,4769059.270224579,-76.16331093929566,43.06832868313427,405285.13190638274,4769059.272053174,1595318.5037759508,2397441.068245345,1.0,True
360670005011009,55,21185.57179602961,405158.5791255509,4769131.453151469,-76.16487724516365,43.068962745133604,405158.58273310156,4769131.448088269,1595179.6968059826,2397484.062601598,1.0,True
360670005011010,0,16220.54503776223,405048.10914037976,4769206.447780773,-76.16624660582313,43.069624112019675,405048.10959592834,4769206.446439384,1595055.8677375175,2397533.3487398396,0.9999999999999999,True
360670005011011,0,3488.7802895525383,404971.02718010935,4769264.953259069,-76.1672031688783,43.070141191598566,404971.0246592631,4769264.9542273125,1594968.0935955762,2397573.797844721,0.9999999999999998,True
360670005011012,0,33708.46014869273,405080.1411156664,4769039.584373315,-76.1658247771908,43.06812583018986,405080.139211966,4769039.5810465,1595123.973127867,2397376.7042562584,1.0000000000000004,True
360670005011013,0,12835.982936827966,405381.9957938514,4768791.047389854,-76.16207581042784,43.06592592538665,405381.9966038598,4768791.044558876,1595472.0078087808,2397199.243586183,1.0000000000000002,True
360670005011014,54,12362.897200960098,405353.3436298219,4768887.0647651795,-76.16244397493818,43.06678680859933,405353.3415760286,4768887.063838488,1595422.902126496,2397287.1352271577,1.0,True
360670005011015,0,12305.507084855857,405213.6429006349,4768984.27719076,-76.16417598843272,43.067644583913165,405213.6419836169,4768984.278990291,1595265.78117995,2397351.7924078126,1.0,True
360670005011016,73,13436.043247787127,405596.1968889255,4768734.898787381,-76.1594360431207,43.065447093406874,405596.200410058,4768734.899471034,1595692.304122779,2397191.240754102,0.9999999999999998,True
360670005011017,72,13996.281168733662,405476.2384559038,4768812.946053878,-76.16092229807472,43.06613482868373,405476.2382550667,4768812.942870686,1595558.5919588113,2397241.437772993,1.0,True
360670005011018,0,2833.0951048438815,405680.654191523,4768648.529380767,-76.15838433122215,43.064680000738896,405680.65673262195,4768648.529263612,1595793.4161032764,2397125.077429682,0.9999999999999999,True
360670005011019,90,14704.949914909936,405745.5996367974,4768656.887523118,-76.15758827827857,43.064763320657754,405745.5978365027,4768656.885253454,1595854.5777478388,2397147.5496139214,1.0,True
360670005011020,24,4067.947848792441,405742.87103373103,4768742.748600701,-76.15763633033545,43.06553600154488,405742.8735013625,4768742.748395058,1595832.87946499,2397231.176171718,1.0,True
360670005011021,100,11134.349943671781,405713.5951862226,4768548.857971193,-76.15796295518167,43.06378673847345,405713.59147791675,4768548.8537490405,1595847.49348152,2397034.5431908234,1.0,True
360670005011022,0,29990.27668319733,405690.68087659986,4768494.67550189,-76.15823513283856,43.063296078093906,405690.6835840879,4768494.677897673,1595837.281836706,2396976.3559658183,1.0000000000000004,True
360670005011023,42,11197.824044735346,405801.54562522174,4768408.6011427175,-76.15685927562554,43.06253490847289,405801.5436275138,4768408.600229159,1595963.950952634,2396916.2853558124,0.9999999999999999,True
360670005011024,0,8317.854890156506,405676.2693715262,4768454.340166616,-76.15840525047142,43.062931141842974,405556.99684720254,4768626.579337483,1595832.2480212825,2396933.6214042017,1.0000000000000009,False
360670005011025,0,4933.932820207414,405381.99927775416,4768757.0271149855,-76.16206998138789,43.06561963682529,405381.9977056615,4768757.023046485,1595479.5597563093,2397165.8719304404,1.0000000000000013,True
360670005011026,0,8566.970148649243,405053.78024990833,4769005.382479199,-76.1661426430272,43.06781460808879,405053.78374068806,4769005.381532233,1595105.9843191127,2397337.3601731965,0.9999999999999993,True
360670005011027,175,17392.576341207096,406014.64840590133,4768595.1708553545,-76.15427417882199,43.06424104953858,406014.646605805,4768595.165377764,1596129.3276082939,2397146.136477467,1.0,True
360670005011028,78,14687.310978644417,405954.748228273,4768537.9744132385,-76.15500002383214,43.06371867917914,405954.7502006403,4768537.976698703,1596083.8972793252,2397076.864891409,1.0,True
360670005011029,0,2881.6592163934165,405864.7231697305,4768630.058072108,-76.15612101100754,43.064536559314625,405864.7241282697,4768630.0625779135,1595976.1154070902,2397147.4108644193,1.0,True
360670005011030,0,6163.207392661855,405812.21147893893,4768589.565545133,-76.15675894868173,43.06416548244054,405812.2154697155,4768589.567440479,1595934.1480368848,2397096.148772145,0.9999999999999999,True
360670005011031,93,18696.96306016409,405857.14350355236,4768492.005561891,-76.1561907217883,43.06329271108209,405857.1452607241,4768492.004306763,1595999.3915541933,2397010.320757184,1.0,True
360670005011032,0,2105.9330532266786,405662.9724980311,4768742.805769836,-76.15861743235453,43.06552658642605,405662.97515324596,4768742.807240855,1595755.3416888386,2397213.672748785,1.0,True
360670005012000,80,6626.101317253316,406122.82075336133,4768435.478593604,-76.15291898633295,43.06281670491599,406122.8196330008,4768435.47806297,1596269.7180320397,2397013.2567287376,0.9999999999999999,True
360670005012001,89,18491.08259604121,406038.36552806397,4768414.644361466,-76.15395246875067,43.062618677845414,406038.3630173726,4768414.646856751,1596192.3943513539,2396974.2587943217,1.0,True
360670005012002,108,19027.312761006473,405934.22080218577,4768356.160188769,-76.15522133913421,43.06207923262977,405934.22393889143,4768356.156521321,1596104.3198287769,2396894.0003643585,1.0,True
360670005012003,51,9518.393157937486,406090.8877808385,4768263.139585321,-76.1532819952153,43.06126115712509,406090.8874566722,4768263.144351981,1596276.971140846,2396837.180142938,1.0,True
360670005012004,80,8769.303751523272,406142.01482686645,4768290.6045424715,-76.15265886971879,43.061514754038235,406142.0124312432,4768290.609680448,1596320.4854812438,2396875.358226176,1.0,True
360670005012005,94,16398.716122587586,406213.7322570594,4768326.870212934,-76.1517844033102,43.06185012699254,406213.7324854526,4768326.867211684,1596382.0259544195,2396926.6944637443,1.0,True
360670005012006,6,1310.083531726358,406300.0042867012,4768318.3363187425,-76.15072367302318,43.06178395244589,406300.00216246565,4768318.341629805,1596467.6284368117,2396937.2822395205,1.0,True
360670005012007,96,10992.817837253995,406377.10563211,4768229.937352924,-76.14976210929395,43.0609975972639,406377.1063930677,4768229.9376464,1596562.0523009095,2396867.50925264,0.9999999999999999,True
360670005012008,82,16815.26119493755,406290.14313101355,4768195.494851708,-76.15082406544563,43.06067677164617,406290.14036046504,4768195.498039024,1596485.3151384585,2396814.61138381,1.0,True
360670005012009,80,18094.522337276074,406192.1896375959,4768139.919572244,-76.15201739764348,43.06016431569473,406192.1894217728,4768139.917831963,1596402.6024535603,2396738.567390037,1.0,True
360670005012010,50,18345.280588112295,406090.18339322676,4768083.074357741,-76.15326025545744,43.059639912546835,406090.179746947,4768083.073014255,1596316.2394285735,2396660.386820698,1.0,True
360670005012011,44,9541.045294915577,406038.18703912734,4768233.49700986,-76.1539240701826,43.060987756558745,406038.1846774766,4768233.501867449,1596232.4130889154,2396796.5200123913,0.9999999999999998,True
360670005012012,32,9193.361364199145,405985.6604034562,4768205.488461372,-76.15456427774379,43.0607290854233,405985.658613425,4768205.490105069,1596187.66148326,2396757.501024411,1.0,True
360670005012013,11,34000.21211378825,406018.4832194451,4768010.65394782,-76.15412836468276,43.058979023626975,406018.48030741926,4768010.651363577,1596262.7378579124,2396573.5872257175,1.0,True
360670005012014,0,8656.300204456245,405975.4726207907,4767998.323836136,-76.15465436280451,43.05886268609661,406054.4780526602,4767752.236065299,1596223.7410284327,2396552.039529665,0.9999999999999993,False
360670005012015,0,1386.8880280971075,406101.48986906616,4767798.327363642,-76.15307338962947,43.05707768558834,406101.48904654547,4767798.328975677,1596390.3878053683,2396383.5423762617,1.0000000000000002,True
360670005012016,29,8780.228362558164,406391.9553234183,4768072.58028864,-76.14955330878975,43.0595827152651,406391.956015949,4768072.578583628,1596611.373473108,2396716.409750243,0.9999999999999998,True
360670005012017,59,21639.962491425875,406479.84547566186,4768115.888572707,-76.1484814646624,43.05998346359455,406479.842653452,4768115.892654955,1596687.043658188,2396778.2083992953,1.0,True
360670005012018,84,18016.34644140348,406269.3593225875,4768004.106572706,-76.15104701830944,43.05895110258641,406269.36080961255,4768004.106265031,1596507.6123309545,2396622.2974260026,1.0,True
360670005012019,45,8751.197924800392,406343.4101839901,4768045.623971667,-76.150144812944,43.059334033274475,406343.41118738137,4768045.620262055,1596570.251457612,2396679.2981775436,1.0,True
360670005012020,10,5707.575292753211,406212.24193108286,4767933.677405056,-76.15173643305138,43.05830995997498,406212.2446835459,4767933.681812931,1596467.818313685,2396540.656234759,1.0,True
360670005012021,31,13494.038619198356,406147.7229426012,4767950.30159755,-76.15253138860993,43.05845165457742,406147.722084368,4767950.306654513,1596401.5280147512,2396542.785411297,1.0,True
360670006001000,500,101063.86502418024,406480.75845072325,4769414.218894536,-76.14868851518719,43.071672669753525,406480.7597331776,4769414.222236513,1596399.872458107,2398052.0221073846,0.9999999999999999,True
360670006001001,248,39831.2145585463,406334.6985443941,4769472.347135452,-76.15049199241362,43.07217798694106,406334.6979466462,4769472.348594134,1596245.2523135117,2398076.9443041882,0.9999999999999997,True
360670006001002,188,37852.328612134515,406259.9135860043,4769585.822004618,-76.15142952326491,43.07319038081474,406259.91550930537,4769585.824109168,1596147.5109936106,2398171.8221646957,1.0,True
360670006001003,80,13317.76331293697,406152.30592415493,4769696.486495828,-76.1527697059238,43.07417340393181,406152.3064004197,4769696.486052567,1596018.544794819,2398256.7293084036,1.0,True
360670006001004,52,18688.29655211911,406095.17248727294,4769606.681870536,-76.15345619488352,43.07335780878192,406095.17205731897,4769606.68090102,1595983.03277742,2398156.079556274,1.0,True
360670006001005,129,22866.142302032033,406028.18488177186,4769487.368176508,-76.1542586949139,43.0722753144801,406028.18444556766,4769487.366574172,1595944.5066416042,2398024.317155028,0.9999999999999999,True
360670006001006,120,22844.771757602626,406160.31611294777,4769412.258174096,-76.15262337078263,43.071615444776235,406160.3136659016,4769412.253234322,1596089.3794297748,2397979.67653239,1.0,True
360670006002000,151,23171.74887646187,406304.6657756292,4769199.997573773,-76.15081492997432,43.06972227169314,406304.6682591785,4769200.000683806,1596276.5372024279,2397803.1822295203,1.0000000000000002,True
360670006002001,139,23068.91181182455,406086.02111657156,4769280.628721807,-76.15351352046797,43.070421170856285,406086.0228275007,4769280.631935339,1596046.495465173,2397834.2267684983,1.0000000000000002,True
360670006002002,132,23207.125525873147,405953.6440625614,4769355.47916337,-76.15515179674014,43.071078660890585,405953.6438569629,4769355.483510173,1595901.4419898004,2397878.5587986764,1.0,True
360670006002003,148,22299.36556763557,405880.32172142965,4769224.767368765,-76.15603010033396,43.06989275032642,405880.32182463625,4769224.772884701,1595859.2987663073,2397734.2227572254,1.0,True
360670006002004,104,22317.113773228048,406012.8299951896,4769150.761938253,-76.15439037822011,43.06924289649503,406012.82822727365,4769150.762351885,1596004.2918594216,2397690.748426992,0.9999999999999999,True
360670006002005,89,12535.401164386652,406116.03758292226,4769092.03672602,-76.1531130778804,43.06872696349651,406116.03583769494,4769092.04080453,1596117.4639926362,2397655.823517518,0.9999999999999999,True
360670006002006,182,23326.195483015435,406267.15495085774,4769134.163979636,-76.15126447196118,43.0691249276142,406267.1526259086,4769134.160944373,1596254.7467922023,2397730.358886106,1.0,True
360670006002007,254,32410.209040351143,406249.89970422804,4769016.429171462,-76.15145652208118,43.0680628101306,406249.9014866245,4769016.42802177,1596264.1258736146,2397611.074149509,1.0,True
360670006003000,193,43611.968334263736,406141.65418393095,4768912.6971709635,-76.15276824785045,43.06711551089002,406141.6580633326,4768912.69590808,1596182.110334471,2397485.52876767,0.9999999999999998,True
360670006003001,180,22043.981212854822,405940.60475120915,4769023.380588361,-76.1552557622697,43.06808711204286,405940.6016608118,4769023.37929329,1595962.4743058737,2397549.92020969,1.0,True
360670006003002,34,22139.108164998095,405808.4728535759,4769097.639691817,-76.15689088328773,43.068739284435686,405808.4715167228,4769097.641439015,1595817.7903525676,2397593.7261328953,1.0,True
360670006003003,174,21904.40534791657,405736.6581989573,4768971.513343993,-76.15775138384132,43.067594831574596,405736.6568349267,4768971.509855752,1595776.0932724345,2397454.219058227,1.0,True
360670006003004,160,22090.52004293755,405869.2130094645,4768896.717049521,-76.15611100058365,43.066937887163256,405869.2130766306,4768896.718474401,1595921.30654086,2397409.979051714,0.9999999999999999,True
360670006003005,202,23092.119743457446,406090.11214764445,4768817.514723612,-76.15338509315612,43.06625219037704,406090.1116050943,4768817.515799913,1596153.2174823687,2397380.831540428,0.9999999999999999,True
360670006003006,205,22986.982004842295,406051.76595472055,4768753.122643488,-76.15384508647855,43.06566771116807,406051.7648367117,4768753.1214184025,1596130.297167251,2397309.2382568712,1.0,True
360670007001000,59,13818.503525948317,406917.2441856043,4769434.952020059,-76.14333171728867,43.07191301901979,406917.2455643621,4769434.949888704,1596818.7993091266,2398168.2821326964,1.0,True
360670007001001,74,11524.955415198141,406842.48988361156,4769477.1432944685,-76.1442568097288,43.07228369797102,406842.4906787445,4769477.143508986,1596736.903656174,2398193.2421070933,1.0,True
360670007001002,76,15597.992295614993,406743.34030604974,4769518.400186998,-76.14548134769629,43.07264295813193,406743.3442526571,4769518.404783474,1596631.544195766,2398211.9242161117,1.0,True
360670007001003,60,12421.254847002834,406691.42757729493,4769430.055305182,-76.14610404942856,43.07184119009373,406691.4316165237,4769430.056350305,1596600.7731554832,2398113.8538108864,0.9999999999999997,True
360670007001004,181,23520.82126436578,406735.8416189529,4769288.363456389,-76.14553485979683,43.07057097542727,406735.8383830289,4769288.366229917,1596675.30489429,2397984.6209638817,1.0,True
360670007001005,198,29039.780731836043,406820.07232663006,4769251.644036798,-76.14449433025895,43.07025073461452,406820.07473776536,4769251.640159205,1596765.1814272192,2397967.1111220755,1.0,True
360670007001006,217,20645.44372780174,406866.55833067605,4769143.195561387,-76.1439053118518,43.06928006159026,406866.55935378594,4769143.199813675,1596834.3477161191,2397870.9433446103,1.0,True
360670007001007,60,10953.027722806379,406587.6921616746,4769249.408001843,-76.1473476342175,43.070202024760526,406587.6949099403,4769249.405214054,1596540.1969674497,2397913.850262364,0.9999999999999999,True
360670007001008,69,16853.402537027916,406638.2802274982,4769337.29789239,-76.14674115595517,43.07099954002424,406638.2765808048,4769337.293496667,1596569.783305705,2398011.1834745514,0.9999999999999998,True
360670007002000,67,11220.85801752893,406863.5434473164,4768983.394835256,-76.14391557709443,43.06784097609197,406863.5416185515,4768983.397515699,1596866.8759690206,2397713.5227677305,1.0,True
360670007002001,117,16638.004529128837,406748.3360276562,4769055.567820799,-76.14534239453165,43.06847661080679,406748.3355660443,4769055.5666267695,1596739.077069358,2397759.0041681374,1.0,True
360670007002002,68,7839.876884922891,406640.20655910997,4769119.077603479,-76.14668086992256,43.06903510204029,406640.20410716324,4769119.077410376,1596620.0678541288,2397797.5424007643,1.0,True
360670007002003,80,14829.264050239759,406542.67303414876,4769168.531530346,-76.14788688854041,43.06946833542049,406542.67204731435,4769168.527609623,1596514.4583322864,2397824.6206246596,1.0,True
360670007002004,38,7231.137955575117,406544.05426005396,4769051.178950982,-76.14785020926662,43.06841196020547,406544.0550749996,4769051.183359889,1596541.8351320792,2397709.8063434153,1.0,True
360670007002005,46,8499.434164720047,406471.8486379128,4769093.917386902,-76.1487440694701,43.068787843534714,406471.8460860137,4769093.9125863565,1596462.2914371958,2397735.8629784547,0.9999999999999998,True
360670007002006,68,9388.874318192828,406424.13898674183,4769007.1892442,-76.14931534954437,43.06800113234382,406424.1429714144,4769007.185597118,1596435.2407509335,2397640.301610445,1.0,True
360670007002007,66,8301.041623778641,406497.87537115125,4768964.664468301,-76.1484027361138,43.06762736560851,406497.87836381746,4768964.668247268,1596516.2222678852,2397614.7909443486,1.0,True
360670007002008,78,24626.443096896328,406632.3597808777,4768886.699502123,-76.14673822247924,43.06694199537658,406632.36161817587,4768886.699990542,1596664.0106557896,2397567.8644762314,1.0,True
360670007002009,124,24132.932913860066,406679.48683232855,4768980.407200666,-76.14617524381728,43.06779146063444,406679.4904596492,4768980.411523515,1596688.9477538865,2397670.1445495198,0.9999999999999997,True
360670007002010,146,35239.67054383665,406829.99720767816,4768818.651228025,-76.14429992333723,43.06635363996044,406829.9990473096,4768818.646764455,1596870.8762490076,2397544.5435424154,1.0,True
360670008001000,28,4327.986401150853,407595.18511723157,4769463.534319013,-76.13501095068281,43.07225323694346,407595.1810466173,4769463.530270721,1597470.2744591243,2398345.297242766,0.9999999999999998,True
360670008001001,20,3829.663954109135,407501.7260825678,4769461.256629663,-76.13615831098645,43.07222133995457,407501.7269169227,4769461.252180544,1597380.0948613049,2398322.525840062,1.0,True
360670008001002,24,4726.484346671616,407410.5679407926,4769453.936515062,-76.13727657388392,43.0721443143601,407410.56579295616,4769453.934949181,1597293.2666022335,2398295.3134872587,1.0000000000000002,True
360670008001003,20,4585.145123669528,407313.507113343,4769448.904511709,-76.13846770372189,43.07208715697958,407313.50748119253,4769448.909285068,1597200.2033187074,2398269.048432003,1.0,True
360670008001004,56,9560.538257986904,407149.23881288053,4769442.87680209,-76.14048401307771,43.072012799333464,407149.23987859744,4769442.876861635,1597042.148668007,2398227.037524663,1.0000000000000002,True
360670008001005,32,6482.686411541409,406978.27276930446,4769395.75947227,-76.1425756960818,43.071567647527104,406978.2723784195,4769395.75419867,1596886.7113765432,2398143.247367511,1.0000000000000002,True
360670008001006,28,4639.84718706144,407010.9714791132,4769373.177657097,-76.14217036377418,43.07136834825462,407010.9684568259,4769373.172338518,1596923.4493170765,2398128.281283335,1.0,True
360670008001007,0,1291.229886799208,406990.7959330823,4769469.438369222,-76.14243422768973,43.07223252772407,406990.79814548243,4769469.435259727,1596882.5163784854,2398218.2750308863,1.0,True
360670008001008,87,11620.188809429712,407153.4412667113,4769397.283762192,-76.1404247926548,43.07160283090609,407153.44062204496,4769397.2803381635,1597056.3415161627,2398183.236236251,0.9999999999999999,True
360670008001009,36,9003.444089308248,407316.3278283097,4769377.562748102,-76.1384211739701,43.071445197715356,407316.3257125302,4769377.563030573,1597218.7678047125,2398199.685103184,1.0,True
360670008001010,33,9314.291722704638,407412.8154199311,4769382.654319215,-76.13723710604536,43.0715028208123,407412.8158807808,4769382.652001311,1597311.2615522675,2398225.882585641,1.0,True
360670008001011,26,9088.7460242504,407508.5368950918,4769390.972589216,-76.13606298058859,43.071589388899405,407508.53533141216,4769390.973843353,1597402.29614961,2398255.076823918,1.0000000000000002,True
360670008001012,50,8392.223577141875,407597.6315457721,4769392.933039633,-76.1349691762957,43.07161789702396,407597.62962036533,4769392.933396235,1597488.311200002,2398276.57794185,1.0,True
360670008001013,65,17791.10910734821,407602.5462204681,4769247.82948417,-76.13488471452638,43.070312098067255,407602.5474060569,4769247.829682805,1597525.2712763725,2398135.3171585393,1.0,True
360670008001014,90,17793.988101505023,407512.3744929207,4769242.581954423,-76.13599117584499,43.07025386544212,407512.37257827097,4769242.585818746,1597438.9405555197,2398110.3549397937,0.9999999999999998,True
360670008001015,94,19110.954753401224,407418.1916727445,4769238.070203318,-76.1371470145379,43.07020175700229,407418.19292109716,4769238.074962219,1597348.5546551629,2398085.2329221726,1.0,True
360670008001016,84,18450.743489236138,407321.6571163937,4769233.0599521715,-76.13833164783098,43.070144861512226,407321.6610686305,4769233.064173441,1597255.9975027628,2398059.1049681706,1.0000000000000002,True
360670008001017,83,20901.287479795996,407150.55079934245,4769328.470428475,-76.14044880061641,43.07098293754855,407150.5507928402,4769328.466257979,1597068.8035765684,2398115.0981925027,1.0000000000000002,True
360670008001018,52,7544.756165973334,406948.06535975164,4769250.671142477,-76.14292238312314,43.07025768585146,406948.0640071024,4769250.672732409,1596889.5900638339,2397994.2838978614,1.0000000000000002,True
360670008001019,34,7774.587021116475,407000.2323398203,4769247.824207866,-76.14228128409978,43.07023845136132,407000.231118828,4769247.829626877,1596940.8398402683,2398002.955041401,1.0,True
360670008001020,76,28617.16959665047,407170.83316397265,4769223.179755318,-76.14018215134276,43.07003746751787,407170.82925148035,4769223.183416339,1597111.8432673216,2398016.2695509507,0.9999999999999999,True
360670008001021,68,31713.731962150665,407385.1232114232,4768998.834205034,-76.13751326806326,43.06804383026188,407385.1205655846,4768998.830879676,1597369.5433211916,2397843.2848946373,1.0000000000000004,True
360670008001022,60,9775.47648430815,407423.62226834596,4769090.8646999225,-76.13705582379289,43.06887709852838,407423.62420773925,4769090.864837091,1597386.4820645363,2397942.0234187827,1.0000000000000002,True
360670008001023,50,8950.514315793169,407517.64415196865,4769094.4876504,-76.13590183839412,43.0689211840997,407517.64730186074,4769094.48937382,1597476.908786584,2397966.238117538,1.0,True
360670008001024,51,9023.73935149322,407607.64155571983,4769099.459479963,-76.13479749582476,43.06897691218496,407607.64119747415,4769099.458131407,1597563.1313284193,2397990.891509034,1.0,True
360670008001025,83,15851.35063240361,407612.681879347,4768961.680901912,-76.13471271617885,43.06773707606866,407612.6832325717,4768961.683541698,1597598.5882609542,2397856.843192092,1.0000000000000002,True
360670008001026,93,15780.274855997717,407522.4625916521,4768957.059094123,-76.1358198194758,43.06768447331673,407522.46421748784,4768957.06203586,1597512.0729526794,2397832.4844646133,1.0000000000000002,True
360670008002000,0,63419.134747830794,407200.9659999948,4769031.180198181,-76.13978008022693,43.06831254444238,407200.96432303643,4769031.175284675,1597183.6778019548,2397834.547129577,0.9999999999999999,True
360670008002001,157,71709.02196801468,407219.01672650315,4768817.386359176,-76.13952276015117,43.06638992348876,407219.0134465161,4768817.383794791,1597248.6240811436,2397628.7895832025,1.0000000000000002,True
360670008002002,124,13070.091407298249,406967.98802973924,4769116.179659092,-76.14265523222787,43.069049277396466,406967.99068786285,4769116.182133502,1596938.7595111649,2397866.7314371145,1.0,True
360670008002003,95,12260.344205863872,406939.12457377446,4768942.981014578,-76.14298069827542,43.067486397478824,406939.1244371742,4768942.98129647,1596949.1790026838,2397690.48755076,1.0000000000000002,True
360670008002004,108,16845.710911309125,406999.53365151334,4768937.048846315,-76.14223790198301,43.06744039638761,406999.53381843225,4768937.049245276,1597009.110388257,2397697.9432947063,1.0,True
360670008002005,123,29800.578880128003,407433.8199594387,4768727.630604231,-76.13687015142335,43.065608070618005,407433.8160484115,4768727.633920727,1597476.9616640464,2397587.9442300387,0.9999999999999997,True
360670008002006,45,12779.918403800064,407527.97216377134,4768798.59872221,-76.13572582148406,43.0662584924851,407527.97392433893,4768798.599533069,1597552.5736820325,2397678.2508734507,1.0,True
360670008002007,60,12775.045976607424,407617.87814475474,4768803.051688354,-76.13462256293457,43.06630953578287,407617.87507308123,4768803.047755444,1597638.8222350217,2397702.375056007,1.0,True
360670008002008,72,12881.790285989986,407622.90046074067,4768661.433771873,-76.13453737522953,43.0650351302885,407622.8983983589,4768661.4304355765,1597675.1134475633,2397564.5558492444,0.9999999999999999,True
360670008002009,67,12737.493227007337,407532.8851325712,4768656.659087067,-76.13564190025599,43.064981178232344,407532.8851861362,4768656.661504107,1597588.8303530004,2397540.0921105607,1.0,True
360670008002010,112,18472.729174936234,407251.6293992631,4768563.938136977,-76.1390800391014,43.0641120646691,407251.6326363501,4768563.942017287,1597336.4974382597,2397387.3318360057,1.0,True
360670008002011,106,21170.902715165375,407166.12877997634,4768700.860785145,-76.14015275107975,43.06533435109867,407166.12487054034,4768700.866269823,1597223.1587398467,2397502.8602230656,1.0,True
360670008002012,155,21874.012034018713,407086.5549493698,4768697.193459224,-76.1411292465708,43.06529159329968,407086.5587514306,4768697.194151726,1597146.7616181935,2397481.776538013,1.0000000000000002,True
360670008002013,192,22203.25208680874,407003.22199762304,4768685.961230407,-76.1421506350996,43.06518025815553,407003.22491880704,4768685.965838375,1597068.395429069,2397452.445747914,1.0,True
360670008002014,74,15514.08161869614,406937.6162903116,4768691.7092698645,-76.14295718382982,43.06522396503847,406937.61502657615,4768691.713170318,1597003.4628241712,2397443.667557878,1.0000000000000002,True
360670009001000,113,32240.858691403806,408699.41841911647,4769299.728300469,-76.12142328840159,43.07091215967885,408699.4175346817,4769299.732790802,1598578.0730865907,2398427.246517788,0.9999999999999999,True
360670009001001,97,22039.38568269582,408674.9166850655,4769202.476619024,-76.12170821182515,43.070033629162225,408674.9176045288,4769202.473367652,1598575.8722642688,2398326.462279241,1.0000000000000002,True
360670009001002,131,41956.8025447126,408989.56707380584,4769109.863794582,-76.11782905815136,43.06923762475856,408989.56362994364,4769109.861090518,1598901.728587293,2398304.7468672525,1.0000000000000002,True
360670009001003,131,33063.61410173931,408914.22753297555,4769032.380353958,-76.11874154931533,43.06853097921364,408914.23157895333,4769032.38260876,1598845.813348066,2398212.184420717,1.0,True
360670009001004,236,46357.75802549466,408760.88170661876,4769023.435658378,-76.1206231671461,43.06843202146506,408760.8789998493,4769023.43331039,1598699.0031089475,2398169.716728319,1.0000000000000002,True
360670009001005,145,35180.226430929506,408723.79770188814,4768928.783855248,-76.12106302555212,43.06757538629611,408723.79980267846,4768928.785349281,1598684.0168828273,2398068.7180159003,1.0000000000000002,True
360670009001006,94,38407.261617607524,408657.2699720236,4768808.572682936,-76.12186023276058,43.066485087681194,408657.27265773166,4768808.574015286,1598646.1310599882,2397936.1768252086,1.0000000000000002,True
360670009001007,0,1697.7959658913255,409192.2002305207,4769031.495982783,-76.11532789876325,43.06855633978508,409192.20007108874,4769031.491565945,1599115.7321797379,2398272.391996105,1.0000000000000002,True
360670009002000,51,19394.245235066588,408532.3683695709,4768781.599757589,-76.1233895355134,43.066227196318295,408532.37126661063,4768781.600127728,1598530.9208328782,2397882.273401447,1.0000000000000002,True
360670009002001,37,8875.09552030161,408561.7093321939,4768819.84242299,-76.12303552874334,43.066575041323595,408561.7116110871,4768819.837802633,1598550.907124764,2397926.2354019727,1.0,True
360670009002002,86,36769.267062124025,408365.57456762786,4768867.415919658,-76.12545181775974,43.06697969414668,408365.5760223613,4768867.416550277,1598350.0412851973,2397929.8079863912,1.0000000000000002,True
360670009002003,122,75907.66264513801,408159.76017652993,4768612.938530622,-76.12793713445271,43.064663687857156,408159.7629999337,4768612.939841382,1598206.7908245355,2397634.949371186,0.9999999999999998,True
360670009002004,33,11358.176391114139,408173.5731582569,4768965.230330866,-76.12782567489032,43.06783712664598,408173.57107405254,4768965.227399284,1598142.0403894195,2397983.5727948346,1.0,True
360670009002005,26,10577.130307095116,408073.5435463416,4768963.317539638,-76.1290537038228,43.067807791738055,408073.54386994033,4768963.318452947,1598045.404642818,2397959.7167662745,0.9999999999999998,True
360670009002006,91,51152.74224254527,407891.94119217363,4769057.930713746,-76.13129941161448,43.068637589609345,407891.94215336867,4769057.931854888,1597848.204045309,2398012.624785734,1.0000000000000002,True
360670009002007,81,27262.919154124917,407706.19610790204,4769017.458277817,-76.13357363755985,43.06825063367199,407706.19911546836,4769017.454497185,1597676.9519400392,2397932.1076248675,1.0,True
360670009002008,0,2125.489615755147,408058.11912280024,4768397.80777405,-76.12914965179768,43.062714505096565,408058.11519023636,4768397.807260892,1598155.8931653237,2397401.57805314,1.0000000000000002,True
360670009002009,100,50627.12638105531,408046.295603603,4768692.722955063,-76.12934357371915,43.06536826367715,408046.2935180352,4768692.727017558,1598078.9954844634,2397688.2842484205,0.9999999999999999,True
360670009002010,48,34737.942357845204,407943.36346430547,4768805.589207738,-76.1306261869571,43.066371943025814,407943.3623379402,4768805.5844439855,1597954.0806055036,2397776.3852606947,1.0,True
360670009002011,38,25089.162981036203,407831.16663507547,4768863.198335249,-76.13201345410965,43.06687698963544,407831.1629141689,4768863.199536661,1597832.4345055644,2397808.2445087368,1.0000000000000002,True
360670009002012,0,3713.8996162643475,407774.0378401086,4768835.425249208,-76.13271036867889,43.06662000012967,407751.35647105734,4768866.265017551,1597783.16325718,2397768.446710656,1.0000000000000002,False
360670009002013,55,40687.507059948024,407946.34938355023,4768321.14606704,-76.13050936519096,43.062010750865944,407946.34662265854,4768321.151561618,1598064.449677819,2397301.815431813,0.9999999999999998,True
360670009002014,92,65964.41219572225,407830.1980563513,4768485.312792007,-76.13196274076887,43.06347468268578,407830.2014019172,4768485.314669982,1597915.327740721,2397437.336728754,1.0,True
360670009002015,64,47132.79409037351,407765.30515323376,4768704.483557562,-76.13279589187457,43.06544004131984,407765.3044296805,4768704.478977881,1597803.7391321464,2397638.077898023,1.0000000000000002,True
360670009002016,0,1974.741320168467,407905.8308197779,4768676.704833963,-76.13106573314342,43.06520701270218,407905.8334994041,4768676.703386991,1597946.254826204,2397641.706323544,1.0000000000000002,True
360670009002017,91,78977.04230875586,408361.1394977444,4768650.036979825,-76.12547047003157,43.06502204245603,408361.13699436316,4768650.032297771,1598393.961150157,2397715.590593063,1.0,True
360670009003000,59,17310.55412720761,408398.42012000014,4769480.47823825,-76.12514945371173,43.072503208286236,408398.4163391652,4769480.477368598,1598245.9107206191,2398538.4185101907,1.0,True
360670009003001,22,12908.18490728698,408250.75373766647,4769451.768291497,-76.12695817177438,43.07222687980168,408250.7514698412,4769451.770565414,1598108.995729041,2398477.8083628924,0.9999999999999999,True
360670009003002,43,14515.462453423104,408154.05584079283,4769446.114985821,-76.12814475541795,43.07216427993227,408154.0522411598,4769446.117263178,1598016.4218466487,2398451.014996077,1.0,True
360670009003003,34,14168.38806418364,408052.8643294658,4769440.937958088,-76.12938659969737,43.07210541115703,408052.8642881464,4769440.936719417,1597919.3821373016,2398423.7012799447,1.0,True
360670009003004,46,13833.837661406276,407954.06782426743,4769435.845414374,-76.1305990430754,43.07204758017475,407954.07136088714,4769435.847568725,1597824.6476885274,2398396.9965352686,1.0,True
360670009003005,143,57294.54380755089,407746.80099963094,4769364.757036268,-76.13313261976774,43.0713823780278,407746.80264198064,4769364.759454568,1597639.3037265812,2398281.7170821666,1.0,True
360670009003006,104,36217.455883269,408164.10984195606,4769198.4308577515,-76.12798038611363,43.06993554001018,408164.1086516286,4769198.4264297765,1598081.1242023674,2398210.255230854,1.0,True
360670009003007,81,46855.62221332203,408270.1009441883,4769129.674054164,-76.12666745023424,43.06932932967242,408270.0968481189,4769129.670813423,1598199.2222978661,2398166.0966482013,1.0,True
360670009003008,81,25578.37038722982,408430.5613213905,4769394.213762539,-76.12474053122318,43.07173042925843,408430.56381984765,4769394.210479273,1598296.234865164,2398460.858657022,0.9999999999999999,True
360670009003009,63,17543.446773045245,408344.332977023,4769234.6363371415,-76.1257731686941,43.07028330219587,408344.33042493387,4769234.636127491,1598247.9661495835,2398285.3721289025,1.0,True
360670009003010,237,39690.386042461716,408476.6682099581,4769239.760027665,-76.12414889283676,43.07034540917105,408476.66761310585,4769239.759017023,1598375.2369935284,2398319.4759728704,1.0,True
360670009003011,34,33147.86638030795,408476.79625196604,4769042.742851084,-76.12411490098847,43.06857163080639,408476.7962866066,4769042.739428921,1598419.06707886,2398126.2367422963,1.0,True
360670009003012,15,9144.338892112273,408351.5713760625,4769068.556060915,-76.12565691263607,43.068788916177944,408351.5723807664,4769068.554250532,1598291.8328849105,2398124.0434696907,1.0,True
360670009003013,88,35590.13268787846,408063.083383264,4769192.568674613,-76.12922004548996,43.069870524896544,408063.0870497061,4769192.565859971,1597984.3970248739,2398182.3058123435,1.0,True
360670009003014,72,36720.69928429028,407902.61845151597,4769236.378315325,-76.1311978432262,43.07024548934098,407902.6219868056,4769236.3794515645,1597818.9764245565,2398190.021647035,1.0,True
360670009003015,36,17245.256749373613,407827.5704123822,4769306.252081896,-76.1321310343027,43.07086546343502,407827.5732599608,4769306.256104791,1597730.6547755601,2398242.074334793,1.0,True
360670010001000,169,184595.85398550052,410235.8933101564,4769616.736665354,-76.10260575267034,43.07394964879561,410235.8893857482,4769616.73129719,1599998.6403098598,2399075.8006504653,1.0000000000000002,True
360670010001001,102,32067.173507203755,410045.01082639466,4769432.1663769055,-76.10492015001348,43.07226529424309,410045.0067652225,4769432.16706982,1599854.3604355652,2398852.8064129027,1.0000000000000002,True
360670010001002,86,32241.180061182597,410146.72957648686,4769437.850147262,-76.1036718805627,43.07232852256907,410146.7279610504,4769437.847661761,1599951.8007802335,2398880.7295508855,1.0000000000000002,True
360670010001003,179,46218.78819838625,410210.968839099,4769176.229833974,-76.10284073180577,43.06998068116946,410210.9714561134,4769176.231891083,1600072.1648364451,2398638.2000316465,0.9999999999999999,True
360670010001004,79,26289.279733502157,410378.94211119076,4769185.125730034,-76.10077939358393,43.07008063612235,410378.9415361803,4769185.1217254605,1600233.181236155,2398683.8294807575,1.0,True
360670010001005,56,17514.934180343083,410491.4173232929,4769162.813497666,-76.09939456410353,43.06989303112758,410491.41435541154,4769162.810079216,1600347.2685207676,2398686.6515781004,1.0000000000000002,True
360670010001006,0,12589.488734309256,410611.21291244845,4769146.140589289,-76.09792075253279,43.069757044525076,410611.208983093,4769146.135695309,1600467.2081906563,2398696.6136643463,1.0,True
360670010001007,0,6556.792400316092,410694.7223949924,4769150.548897841,-76.09689593643489,43.06980656926294,410694.72540604364,4769150.552272438,1600547.2623624855,2398719.284155017,1.0,True
360670010001008,92,21574.95114213264,410052.8930990392,4769168.269978358,-76.1047806690602,43.06989029018309,410052.8905943718,4769168.27110171,1599920.5448560927,2398595.662847758,1.0,True
360670010002000,117,28558.713715409132,409949.47148951364,4769427.31283096,-76.10609266303715,43.07221026067688,409949.468537803,4769427.317237516,1599762.7320850682,2398827.055141356,1.0,True
360670010002001,107,25914.39558027467,409863.8362079858,4769423.0621633,-76.10714364203815,43.07216181991673,409863.8396012878,4769423.059906354,1599680.580318416,2398804.071080497,0.9999999999999999,True
360670010002002,113,26127.100412667925,409782.02479933115,4769419.126240757,-76.10814771020233,43.07211665805338,409782.02569147694,4769419.130888004,1599602.0692066972,2398782.235783117,1.0,True
360670010002003,100,28583.42858585377,409695.6445878306,4769417.3494478585,-76.1092082356004,43.07209038277353,409695.64751149795,4769417.351322555,1599518.6459679594,2398761.514590745,1.0,True
360670010002004,102,26532.63348993306,409608.60593723104,4769411.949719383,-76.11027625713938,43.07203140089985,409608.60244644864,4769411.949665638,1599435.3875134094,2398737.0946381255,0.9999999999999999,True
360670010002005,59,17265.007022479265,409539.3853083699,4769409.067330299,-76.1111258678824,43.07199719842551,409539.3826958566,4769409.067539782,1599368.8600655112,2398719.0587773668,1.0,True
360670010002006,125,26201.08720979675,409681.24235431245,4769131.194598336,-76.10933863496747,43.069512333668705,409681.2451518338,4769131.190821743,1599568.1458861819,2398477.640557003,1.0,True
360670010002007,99,17556.937855910943,409789.17248052557,4769154.048131204,-76.10801693446504,43.06973093260562,409789.1752387491,4769154.044473253,1599667.8039745875,2398523.7719532084,1.0,True
360670010002008,70,17716.192495310213,409871.5360952834,4769156.751946242,-76.10700592418436,43.06976506548394,409871.53811488365,4769156.755753305,1599747.123891341,2398544.5198098184,1.0,True
360670010002009,73,19093.844834695425,409957.78457885375,4769161.616584874,-76.10594755505824,43.06981910509226,409957.7809123729,4769161.61606761,1599829.7341560794,2398568.2407634608,1.0000000000000002,True
360670010002010,41,10263.739283023275,409618.59166626574,4769192.007219152,-76.11011788181308,43.070052385731444,409618.59020651254,4769192.008823285,1599493.8647766297,2398523.5314370403,1.0,True
360670010002011,88,21961.01470815468,409524.2194529724,4769125.749869105,-76.11126602568567,43.06944460273547,409524.2215402129,4769125.749537626,1599416.9903000232,2398437.800521952,1.0,True
360670010002012,46,11245.963732070964,409490.13488976704,4769280.343981873,-76.11170974911104,43.070832391349036,409490.13890090794,4769280.344889584,1599349.6247085996,2398581.964348932,1.0,True
360670010002013,62,11320.030856091395,409433.2908363078,4769277.866807271,-76.11240741806303,43.070803304371516,409433.29230048694,4769277.866302308,1599295.0168927906,2398567.045135785,1.0000000000000002,True
360670010002014,57,16720.388259600597,409402.3478166909,4769101.24502956,-76.11275864270989,43.06920943450091,409402.3512432179,4769101.24115207,1599304.171009413,2398386.9856972923,1.0,True
360670010003000,115,25312.573280433324,409940.5867853211,4769727.286450877,-76.10625035606287,43.07490995626792,409940.58327243367,4769727.291354547,1599687.572126346,2399119.367787024,1.0,True
360670010003001,77,23243.798007461388,409854.91074958147,4769722.752156188,-76.10730183554156,43.07485895515147,409854.9137087779,4769722.757098474,1599605.4433404766,2399096.0964182,1.0,True
360670010003002,69,23026.563987199224,409772.76994439284,4769718.63938937,-76.10830996427994,43.074812160069776,409772.76709499373,4769718.643862089,1599526.6514772107,2399074.0151294204,1.0000000000000002,True
360670010003003,73,26437.68722947262,409684.63862278766,4769714.02734938,-76.1093915814077,43.07476014774892,409684.63703905174,4769714.022066822,1599442.1576158581,2399050.1277857698,1.0,True
360670010003004,46,23606.02548812961,409595.1567518252,4769709.946698315,-76.11048986934159,43.07471274849558,409595.15418461035,4769709.941345865,1599356.235442773,2399026.4648694517,1.0,True
360670010003005,80,16167.2721725454,409523.9138237592,4769703.810032826,-76.11136382380667,43.07464900366884,409523.9157564783,4769703.80959972,1599288.4672621822,2399004.792246743,0.9999999999999999,True
360670010003006,335,61232.82309576401,409371.5136110577,4769713.848676715,-76.11323712376337,43.07472119024264,409371.515560027,4769713.849734607,1599138.361532371,2398981.1555721043,0.9999999999999999,True
360670010003007,0,1017.6180210274006,409213.05353100423,4769821.015147073,-76.11520070893748,43.07566708815014,409213.05427609413,4769821.016453341,1598960.8302405248,2399051.4657813944,0.9999999999999999,True
360670010003008,25,7842.841500412329,409218.9696561939,4769705.333174617,-76.11510916364713,43.07462628101754,409218.96672470385,4769705.335321984,1598992.2321411828,2398939.286076022,1.0,True
360670010003009,67,11593.534880412151,409422.35797902435,4769475.569068481,-76.1125738785421,43.07258196718968,409422.3562803881,4769475.572735274,1599240.553437126,2398758.582801636,0.9999999999999999,True
360670010003010,31,6253.62656020766,409353.3231258932,4769564.496614921,-76.11343617924369,43.073374359597516,409353.3214956271,4769564.501124094,1599153.8406057144,2398830.6499462477,1.0000000000000002,True
360670010003011,39,7101.8860760411035,409283.06746283366,4769561.991712968,-76.11429857908914,43.07334340831296,409283.0657481669,4769561.990812419,1599086.2250707885,2398812.756594672,1.0,True
360670010003012,50,11286.26816229031,409479.8161978613,4769478.619198033,-76.11186874032525,43.072616287159946,409479.8194997748,4769478.620580421,1599295.6302604196,2398774.1990687274,1.0,True
360670010003013,115,23340.485214121432,409366.64265990036,4769345.855242215,-76.11323696891516,43.07140746316285,409366.6401834164,4769345.859366606,1599215.2648942797,2398619.0963413543,1.0,True
360670010004000,414,158088.60541477462,409039.46187462675,4769409.635491726,-76.11726537041652,43.07194253244483,409150.17510656186,4769490.828254093,1598883.6449094783,2398609.775694845,1.0,False
360670010004001,155,24525.056160123422,409023.4089113304,4769350.138056679,-76.11745277871985,43.071404936390074,409023.40712497814,4769350.134038596,1598881.2662273503,2398547.8842389025,1.0000000000000002,True
360670010004002,156,33998.66499230899,408880.9733909479,4769352.909987779,-76.11920242204215,43.07141279725771,408880.97518957173,4769352.910268371,1598742.4426391223,2398519.307586817,1.0,True
360670010004004,0,5524.949933371857,408515.427872348,4769500.965082501,-76.12371587923232,43.07270177682926,408515.4262160523,4769500.967678285,1598354.9013005889,2398584.225278043,1.0,True
360670010004005,19,16811.296771664907,409285.8827931213,4769085.473438561,-76.11418627850979,43.06905352126275,409285.8810120693,4769085.471100547,1599194.660830779,2398345.925601605,1.0000000000000002,True
360670010004006,125,31429.154042044884,409099.35072030395,4769167.645515368,-76.1164903426118,43.06977101130157,409099.35417293187,4769167.644214143,1598995.4364310543,2398385.5503255622,1.0,True
360670014001000,143,24427.421605282252,406794.653291217,4768676.865252864,-76.1447101719307,43.0650727734133,406794.65104600135,4768676.868236531,1596868.0389598738,2397397.689566045,0.9999999999999999,True
360670014001001,236,30926.184943395132,406719.6315399926,4768584.273312322,-76.14561585358483,43.064229931675214,406719.62771262944,4768584.269846359,1596815.7881711829,2397290.3737497353,1.0000000000000002,True
360670014001002,64,11137.158266459925,406846.20885719795,4768508.615903766,-76.1440489395792,43.063564323795994,406846.21204391686,4768508.6132172495,1596955.3915711336,2397243.972087964,1.0000000000000002,True
360670014001003,185,44169.49938786787,406681.3103512948,4768437.917593869,-76.14606185223158,43.06290755203026,406681.3065344547,4768437.922974091,1596811.0763452193,2397138.382284677,0.9999999999999999,True
360670014001004,191,18557.767423924313,406496.43208763376,4768326.06792682,-76.14831312966837,43.0618777905142,406496.434517876,4768326.068947165,1596656.5055635576,2396988.0333297397,1.0000000000000002,True
360670014001005,135,16781.42693087629,406661.5452626555,4768318.264288646,-76.14628447063953,43.061827860035656,406661.5429325326,4768318.268759391,1596818.4452218567,2397016.662620897,1.0,True
360670014001006,190,17050.601137746464,406623.2010536697,4768249.472779449,-76.1467437372178,43.061203799894884,406623.2040844208,4768249.472749702,1596796.5025254614,2396940.7538649635,1.0,True
360670014001007,117,17183.62886437106,406577.86034251866,4768181.027388481,-76.14728895774289,43.06058199283719,406577.85691242496,4768181.028230968,1596767.6944408454,2396863.6470573633,1.0,True
360670014002000,261,31491.619139568505,406463.1910247048,4768437.382967273,-76.148739994581,43.06287588307304,406463.1906091927,4768437.384853071,1596599.5547976934,2397089.9248786317,0.9999999999999999,True
360670014002001,281,30627.937808988085,406391.49873912864,4768484.632918782,-76.14962823478395,43.06329244196368,406391.5015075848,4768484.628219861,1596519.508845924,2397120.5205378416,1.0,True
360670014002002,389,53334.30533316256,406284.86953504133,4768618.376844258,-76.15096004322955,43.06448339956254,406284.87305563875,4768618.376844551,1596386.3731842344,2397228.285691085,1.0,True
360670014002003,213,24322.859676476695,406207.0833342429,4768468.331735582,-76.15188988861223,43.06312290717179,406207.08239604736,4768468.330951878,1596344.1882698103,2397064.002289309,0.9999999999999999,True
360670014003000,79,8069.640857728583,406647.3848012151,4768762.175616713,-76.14653282504487,43.065822733347346,406647.3867898207,4768762.1718855845,1596706.2169589116,2397449.013151014,1.0,True
360670014003001,110,13974.099505866277,406546.7699767068,4768819.657167366,-76.14777796433293,43.066327863849985,406546.76712755306,4768819.661221596,1596595.8371011068,2397483.2895260868,1.0000000000000002,True
360670014003002,77,7774.455815593293,406448.7317753103,4768876.568892075,-76.14899138832726,43.066828167992455,406448.73087358277,4768876.5724595655,1596488.0836745026,2397517.5729154893,1.0,True
360670014003003,120,8897.031361961175,406374.9606838566,4768918.771142876,-76.14990436517577,43.06719902214903,406374.957814733,4768918.768722064,1596407.1401292132,2397542.75959156,1.0,True
360670014003004,171,25656.75368125098,406371.2209533952,4768796.958373954,-76.14992978496683,43.06610185979108,406371.2197905673,4768796.962855977,1596430.5379707434,2397422.4442141256,0.9999999999999999,True
360670014003005,80,6835.19251186576,406398.1492186862,4768716.785717606,-76.14958563307152,43.065383374199364,406398.1519507294,4768716.788545898,1596474.4542161091,2397349.715703165,1.0000000000000002,True
360670014003006,92,12151.449299233445,406514.1760384188,4768702.051728658,-76.1481584359687,43.065265026122894,406514.17892740306,4768702.048787601,1596590.3039447204,2397360.7602059464,0.9999999999999999,True
360670014003007,91,12069.423643279704,406588.3078445347,4768659.598615433,-76.14724102691476,43.06489194330834,406588.30997026886,4768659.593776028,1596671.652895005,2397335.40625382,1.0000000000000002,True
360670015001000,81,10889.086107788284,407628.3513308613,4768529.881304123,-76.13444860055829,43.063851398045195,407628.3513792552,4768529.881520592,1597709.587457216,2397436.704412191,1.0,True
360670015001001,65,10896.136754219293,407537.8277593262,4768525.854513144,-76.13555946945033,43.06380411859567,407537.8252438665,4768525.852481743,1597622.645460613,2397412.8627214623,1.0,True
360670015001002,54,12021.176859107047,407442.8723932852,4768521.314683439,-76.13672466891015,43.063751668805025,407442.86990872375,4768521.318181973,1597531.5171672304,2397387.5437699645,1.0,True
360670015001003,60,12057.872078244744,407343.9331959671,4768517.172357274,-76.13793884959334,43.063702299522994,407343.93723483355,4768517.172355477,1597436.4352387656,2397361.739183018,1.0000000000000002,True
360670015001004,225,43201.20461272755,407276.98757747654,4768403.330776211,-76.13874189907135,43.06266918229103,407276.9875285515,4768403.332743837,1597396.73432168,2397235.3528075954,1.0,True
360670015001005,176,47977.138032792864,407602.96164675546,4768359.166247882,-76.13473201000873,43.06231132129582,407602.9624297521,4768359.1638719365,1597722.825124254,2397263.6582780387,1.0000000000000002,True
360670015001006,99,30786.11054320945,407401.92927755206,4768201.083363673,-76.1371741141603,43.06086356197898,407401.930487836,4768201.087570317,1597562.834682572,2397064.4082277627,1.0000000000000002,True
360670015001007,102,21173.75897755154,407354.1280138879,4768289.458055021,-76.13777575081859,43.06165338403734,407354.12403318565,4768289.459881996,1597496.8468982682,2397140.5977951763,1.0000000000000002,True
360670015001008,112,22187.69858161974,407185.77180112543,4768308.789989927,-76.13984614316789,43.0618068605258,407185.77537574095,4768308.794325824,1597329.2021949014,2397122.566794951,1.0000000000000002,True
360670015001009,77,7809.377035622831,407116.6364009562,4768221.802550483,-76.14068050576039,43.06101523558395,407116.6368162943,4768221.7985924715,1597281.419171688,2397022.042338418,1.0000000000000002,True
360670015001010,101,17257.355151887798,407160.08136173605,4768166.933699588,-76.14013791645257,43.06052655622704,407160.0827675131,4768166.938542416,1597335.746778573,2396977.764136736,1.0,True
360670015001011,117,26606.326850225512,407216.595900038,4768076.312946197,-76.1394289036555,43.05971759022818,407216.59621244296,4768076.314027324,1597410.6874441956,2396901.2859519385,1.0000000000000002,True
360670015001012,0,57625.19673711314,407047.4802706801,4767915.288077483,-76.14147843314906,43.05824715492289,407047.4830381881,4767915.293046618,1597282.3204574878,2396706.1619688305,0.9999999999999999,True
360670015001013,0,4542.80982075512,407048.75598830386,4768099.293703835,-76.14149350449722,43.05990395189254,407048.7564271924,4768099.299041236,1597242.7348140327,2396886.9477987895,1.0,True
360670015001014,105,13631.102188030558,406950.8944262813,4768112.628364177,-76.14269729539616,43.060012013853125,406950.8940304403,4768112.62683088,1597144.8219796366,2396878.524031504,0.9999999999999999,True
360670015001015,52,7797.830513378404,406989.7191304667,4768046.340214792,-76.14220951863923,43.0594199675442,406989.7206973396,4768046.3437983785,1597197.2000361925,2396822.028555785,1.0000000000000002,True
360670015001016,68,10321.64687523665,406878.2271342398,4767982.89886038,-76.1435678094124,43.058835119834036,406878.2278706887,4767982.896647344,1597103.0954515212,2396735.294004872,1.0,True
360670015002000,98,9451.08511342755,407173.7508284616,4768506.331326761,-76.14002670045562,43.06358389544582,407173.7508724312,4768506.331832004,1597273.7122270989,2397313.7078668955,1.0,True
360670015002001,120,9611.242653679346,407093.56182125444,4768502.761546744,-76.14101073827852,43.063541941930794,407093.56487477454,4768502.7568478985,1597196.6967940137,2397292.584777375,1.0,True
360670015002002,123,15377.016328248928,406986.79297853034,4768493.238705004,-76.14232015025758,43.06344312569122,406986.78888938023,4768493.235907112,1597095.2117741918,2397259.780910852,0.9999999999999998,True
360670015002003,31,4838.66651841981,406902.9928259286,4768492.642352077,-76.14334902215785,43.06342747979344,406902.99466072314,4768492.64457145,1597014.032884263,2397240.7808859176,0.9999999999999998,True
360670015002004,171,24956.846391259456,406945.6543380088,4768378.473633933,-76.1428060923757,43.06240482931681,406945.6536728406,4768378.470386727,1597080.7568702996,2397138.1595959994,1.0000000000000002,True
360670015002005,56,7430.972479644611,407021.2843893847,4768295.863060898,-76.14186365111644,43.061670340426616,407021.2803478002,4768295.858625652,1597172.4684545298,2397073.740532599,0.9999999999999999,True
360670015002006,84,8244.095523286403,407019.17067888565,4768205.348247329,-76.14187447919818,43.06085515827146,407019.16904807964,4768205.352904377,1597190.4991298642,2396984.4834110965,1.0000000000000002,True
360670015002007,157,16247.90903388229,406882.7998579147,4768284.881940845,-76.1435621988144,43.0615544945738,406882.7997695858,4768284.882544746,1597040.5337567083,2397032.536563039,1.0000000000000002,True
360670015002008,158,13124.569818244705,406786.67594189395,4768152.669823323,-76.14472030794491,43.06035236195112,406786.6766464914,4768152.674039865,1596976.5982582585,2396881.7168184877,1.0000000000000002,True
360670015002009,66,18257.91263602358,406719.7355281262,4768152.112097847,-76.14554212556352,43.06033911539113,406719.73758641956,4768152.110360225,1596911.7701987464,2396866.459478483,1.0000000000000002,True
360670015002010,223,27366.14344366263,406840.3064307293,4768099.192366796,-76.14405286633308,43.05987747941272,406840.30372039427,4768099.194690414,1597040.5002048607,2396841.042083355,1.0000000000000002,True
360670016001000,218,64482.66024941957,407689.02242836665,4768184.186738266,-76.1336462672852,43.06074641510585,407689.01974176546,4768184.185096739,1597845.149317483,2397110.9180612485,1.0000000000000002,True
360670016001001,531,82309.99709244078,407389.96103662474,4767989.931196337,-76.13728592409264,43.05896105236955,407389.9630702164,4767989.936459153,1597598.0671494694,2396854.6425597025,1.0000000000000004,True
360670016001002,0,20151.021798338814,407167.40661005216,4767788.265719881,-76.13998480753158,43.05711822430208,407167.4071867132,4767788.26301278,1597426.8648838277,2396607.9085735413,1.0000000000000002,True
360670016001003,622,109330.64600473575,407441.55531649507,4767781.718995997,-76.13661782025939,43.05709276561611,407441.5570180196,4767781.722792012,1597694.321514213,2396661.727411492,0.9999999999999996,True
360670016001004,385,88634.16173694938,407833.3603737391,4768016.78298868,-76.13184630387553,43.05925678369898,407833.36071374547,4768016.784794665,1598022.3385565395,2396978.414152729,1.0,True
360670016002000,398,25977.628467956663,406986.830496235,4767666.942318465,-76.1421815769921,43.056003815813476,406986.82859867305,4767666.940587867,1597278.5707489618,2396449.2120674723,1.0000000000000002,True
360670016002001,67,14980.597064284391,406823.9957659048,4767563.434395441,-76.14416343480882,43.055051940350424,406823.99853952136,4767563.429875838,1597143.5389015696,2396311.8904017364,0.9999999999999999,True
360670016002002,244,22850.25372224302,406897.80950199376,4767446.306992659,-76.14323761783955,43.054006475585325,406897.81099174835,4767446.309684138,1597241.1453604656,2396213.210451203,1.0,True
360670016002003,385,30589.106202466486,407057.274997084,4767587.012411121,-76.14130335469365,43.05529281940424,407057.27127819177,4767587.010306444,1597364.6553688815,2396386.2818644354,1.0,True
360670016002004,132,15903.833406992111,407200.3401902877,4767556.640999784,-76.13954184205677,43.05503688408593,407200.3436392505,4767556.642720543,1597510.2076734211,2396387.9253438036,1.0,True
360670016002005,105,18019.027963826105,407058.8984570301,4767465.664667938,-76.14126316107604,43.054200498452964,407058.895289485,4767465.664882849,1597393.1526880143,2396267.5983005087,1.0000000000000002,True
360670016002006,62,16779.156579980914,406920.6138719515,4767310.21392096,-76.14293489243036,43.052783997675895,406920.61325899785,4767310.214187451,1597293.4659163964,2396084.716073244,1.0,True
360670016002007,62,16547.83021974266,406780.765161445,4767314.6827225415,-76.14465252766476,43.052807069900474,406780.76746004703,4767314.686034388,1597156.7819222282,2396058.3688978646,1.0000000000000002,True
360670016002008,0,11038.714688413571,406769.0556122487,4767411.344216003,-76.14481247192086,43.05367589511566,406769.05333292484,4767411.34478961,1597123.9746793648,2396150.619386154,1.0000000000000002,True
360670016002009,9,1209.20393372454,406703.2803181499,4767331.236020224,-76.14560656355502,43.05294658307809,406708.87127531675,4767308.414118894,1597077.9272972385,2396057.5804544203,1.0000000000000002,False
360670016002010,26,11064.074304028883,406774.583855079,4767216.400716576,-76.1447119552207,43.05192145750124,406774.5802725929,4767216.405485847,1597172.5895675898,2395960.5971255708,0.9999999999999999,True
360670016002011,24,9128.448377146144,406914.16145986086,4767218.1414908115,-76.14299871126408,43.05195425877336,406914.1624395731,4767218.146056572,1597307.6326339645,2395992.976197453,1.0,True
360670016002012,0,4172.095710496632,406915.9903467795,4767170.902132656,-76.14296836009834,43.05152917700036,406915.9871319211,4767170.904731044,1597319.8877846154,2395947.0367648336,1.0,True
360670016002013,0,5390.2214219941125,406767.4673207801,4767159.186799586,-76.14478974014663,43.0514054746803,406767.4706287397,4767159.1895667575,1597178.3782709716,2395902.907078417,1.0,True
360670017011000,89,42856.28381037784,408456.9419995311,4768464.471169553,-76.12426355176622,43.063362911167985,408456.9380554464,4768464.469981964,1598528.0849862946,2397554.6050880994,1.0000000000000004,True
360670017011001,51,8822.472132430335,408560.0423333024,4768487.40562874,-76.12300135786472,43.06358182724744,408560.0388619215,4768487.402648805,1598623.0363450374,2397599.756773852,0.9999999999999998,True
360670017011002,33,10474.532080282628,408577.3220110387,4768297.914766424,-76.12275804486325,43.06187787400363,408577.3257027773,4768297.917604462,1598681.8390066982,2397417.666745787,0.9999999999999998,True
360670017011003,42,19603.435925042268,408499.8542787088,4768284.760191231,-76.12370708059285,43.06175010291933,408499.85269408557,4768284.759888201,1598609.589781333,2397387.741081143,1.0000000000000002,True
360670017011004,73,16604.02866362405,408373.7038183484,4768221.302181814,-76.12524558403418,43.06116355281221,408373.7025885511,4768221.307439499,1598501.2628148806,2397297.771951135,1.0,True
360670017011005,64,13647.126710438986,408312.08029548585,4768287.465057174,-76.12601313044301,43.061751790726895,408312.08278821374,4768287.4660536945,1598426.7916869433,2397349.136310292,1.0000000000000002,True
360670017011006,51,21581.67270625355,408260.9809177206,4768365.3057193095,-76.12665339388091,43.06244643367611,408260.98036924534,4768365.301986234,1598359.9414213097,2397414.268563391,1.0,True
360670017011007,74,28513.369252430748,408077.93637153227,4768245.7973244935,-76.12888120697023,43.061348319206914,408077.93691040936,4768245.79518391,1598208.8446554919,2397256.813507465,1.0,True
360670017011008,81,17877.04590129002,408127.8335838768,4768167.390342638,-76.12825559747422,43.060648444494326,408127.83331176196,4768167.385404265,1598274.6541381446,2397190.8616185067,0.9999999999999998,True
360670017011009,63,18451.31817896352,408227.4949778542,4768129.588378569,-76.1270256820425,43.06032016287197,408227.49357096246,4768129.592521314,1598379.7418318035,2397175.676787739,1.0,True
360670017011010,68,15295.117646924855,408269.1844716633,4768037.23701955,-76.12649858141471,43.059493740726694,408269.18289752846,4768037.232517131,1598440.6805684273,2397094.2418762506,1.0000000000000002,True
360670017011011,52,16786.469451958386,408376.97989901894,4768066.97341933,-76.12517994767714,43.05977448710053,408376.9838005949,4768066.974799767,1598538.677854574,2397147.097932915,1.0,True
360670017011012,60,15103.766954883577,408483.48356928735,4768139.244662387,-76.12388415752694,43.06043801486943,408483.48008860846,4768139.243057448,1598625.9860839471,2397241.3959754272,1.0000000000000002,True
360670017011013,28,5220.699315322534,408582.1008725479,4768143.545579962,-76.12267400519741,43.06048862349758,408582.10126085527,4768143.542964871,1598720.7207250576,2397267.2832873743,1.0000000000000002,True
360670017011014,80,18099.175046592303,408520.6447647968,4768039.050136834,-76.12341140774916,43.05954041787965,408520.6453692333,4768039.0481428355,1598684.2706734845,2397151.27176513,0.9999999999999998,True
360670017011015,74,18293.663047261914,408525.35130594665,4767938.746272878,-76.12333713235287,43.058637923103994,408525.3539061538,4767938.743671887,1598711.0886189989,2397053.909196444,1.0,True
360670017011016,51,10182.356225865406,408383.37378608045,4767931.939705739,-76.12507921117307,43.05855951568919,408383.3746725645,4767931.937951241,1598574.8377138101,2397016.036768288,0.9999999999999998,True
360670017011017,175,34614.65901322455,408187.1722557728,4767971.866054287,-76.12749475489241,43.0588952720528,408187.1686242952,4767971.869207208,1598375.6060884234,2397012.0938361464,1.0000000000000002,True
360670017012000,35,7876.3541039414085,408595.10461426736,4767813.950555647,-76.12246020414665,43.05752275818023,408595.10501406493,4767813.955195252,1598806.4545978566,2396946.8121471344,0.9999999999999998,True
360670017012001,53,9572.646674004985,408538.8101033318,4767811.199749282,-76.12315092370622,43.05749120998846,408538.8120189628,4767811.198614214,1598752.4422995306,2396931.7447538557,1.0,True
360670017012002,123,20315.120596696423,408442.8008533921,4767806.71277143,-76.12432896497596,43.05743923643979,408442.79794704093,4767806.708762973,1598660.28003255,2396906.248043087,1.0000000000000002,True
360670017012003,0,61371.01203093747,408235.26752464246,4767705.2698832685,-76.12686028135556,43.05650085584408,408146.4584009701,4767658.974046718,1598481.4152875561,2396761.13419444,1.0000000000000004,False
360670017012004,88,58298.645845450636,408114.5385288032,4767869.41252404,-76.12836963808621,43.057964066817966,408114.54167982267,4767869.4161672285,1598327.8583588428,2396895.6288469653,0.9999999999999998,True
360670017012005,172,34955.02221739297,408006.24432975706,4767723.637244647,-76.12967516123709,43.05663849708241,408006.2411774791,4767723.637611145,1598255.1204341,2396728.830371396,0.9999999999999998,True
360670017012006,233,43151.28138994902,408018.6488505983,4767408.343884407,-76.12947076013879,43.053801335441534,408018.64555139444,4767408.339992287,1598337.1029143508,2396422.2563097575,0.9999999999999998,True
360670017012007,173,27755.337031501935,408124.27457069233,4767428.906447152,-76.12817738559387,43.05399925778006,408124.27346052043,4767428.9111514855,1598435.0288239599,2396465.636536214,1.0000000000000002,True
360670017012008,37,19130.84013071599,408200.6501076955,4767445.506573147,-76.12724245634845,43.054157953751115,408200.6466218009,4767445.511756879,1598505.452694786,2396498.7025777707,0.9999999999999998,True
360670017012009,48,26466.54934797099,408282.0373797093,4767460.114210512,-76.1262456641137,43.05429930884352,408282.034444033,4767460.113267654,1598581.1815340386,2396530.91506928,1.0,True
360670017012010,29,19722.989934429635,408372.90000604937,4767477.899418601,-76.12513305978605,43.05447040769244,408372.89671967615,4767477.898608258,1598665.3993928721,2396568.326551949,1.0,True
360670017012011,51,21772.089475068093,408465.4320064237,4767497.094955944,-76.12400018573801,43.05465439467902,408465.43085288315,4767497.095562401,1598750.9242745093,2396607.4882042734,1.0,True
360670017012012,53,15436.056938395053,408451.99817050435,4767667.8184455065,-76.12419319588516,43.05618984359269,408451.99777055654,4767667.813608989,1598700.016364479,2396772.0149755087,1.0,True
360670017012013,37,10077.772481884203,408555.9677086729,4767681.018351117,-76.12291887725425,43.05632121943055,408555.96582749806,4767681.016218124,1598797.9694423226,2396807.8079291945,1.0000000000000002,True
360670017012014,20,4468.414781643551,408598.1939254848,4767647.753000014,-76.12239498021147,43.056026808795366,408598.19230093434,4767647.752044835,1598846.3209050915,2396784.4526967076,1.0000000000000002,True
360670017012015,47,19634.325463758443,408572.39545964636,4767518.159396354,-76.12269043318148,43.05485693522963,408572.3981094999,4767518.15544792,1598850.0374364983,2396651.6539348834,1.0,True
360670017012016,37,46086.562920232405,408398.6211674635,4767317.076017506,-76.12479081186622,43.05302557614346,408398.62216935016,4767317.078653842,1598726.0337684897,2396416.2109907824,0.9999999999999996,True
360670017012017,15,26071.528856680008,408010.0669645046,4767204.878893347,-76.12954249741351,43.051968448478505,408010.0666813971,4767204.873512606,1598373.913956078,2396220.7727038036,1.0000000000000002,True
360670017012018,0,4269.37448719891,408013.22111786675,4767158.564383753,-76.1294961222158,43.05155184932327,408013.2228534276,4767158.558882012,1598387.2490178156,2396176.0314172725,1.0000000000000002,True
360670017012019,0,7057.245937578563,408398.41744415794,4767259.629921732,-76.12478386010177,43.05250834891559,408398.4142708826,4767259.635638248,1598738.5800449136,2396359.8118706183,0.9999999999999994,True
360670017021000,213,86970.4255793513,409256.06390406966,4768635.994684712,-76.11447913439301,43.06500317298883,409256.0667443127,4768635.997647131,1599265.433082956,2397898.4457022585,0.9999999999999994,True
360670017021001,150,39489.269336914906,409118.6968383617,4768787.63787808,-76.11619067955294,43.06635201738863,409118.6951478371,4768787.635969202,1599098.5049258831,2398017.023591378,1.0000000000000002,True
360670017021002,127,27514.34221492621,409028.7471786135,4768760.137136879,-76.11729072518085,43.06609364104353,409028.749168189,4768760.132551648,1599017.3257076298,2397970.2828767826,1.0,True
360670017021003,115,24194.28426008956,408945.71553427505,4768731.595135631,-76.11830564145522,43.0658267097222,408945.7188952657,4768731.594010978,1598943.090269929,2397924.0405723536,1.0,True
360670017021004,113,40867.049674652735,408815.59146285563,4768684.638707043,-76.11989579709682,43.06538832149322,408815.5911946092,4768684.636323353,1598827.2454622434,2397849.3869982213,1.0000000000000002,True
360670017021005,45,15434.89600639878,408661.5448797978,4768617.8704609815,-76.12177642787812,43.06476866106827,408661.5472075443,4768617.8747540405,1598692.5835447246,2397750.04199306,1.0,True
360670017021006,0,9695.90233013175,409180.0429216535,4768762.277171906,-76.11543323546216,43.0661310336538,409180.0457593644,4768762.273396227,1599163.6557973155,2398005.62386103,1.0000000000000002,True
360670017021007,0,1226.8154054486108,408952.8164167254,4768583.268282804,-76.11819417135443,43.064492135216796,408952.81403216126,4768583.264403029,1598982.8838742445,2397780.095480511,1.0,True
360670017021008,0,1347.145385666004,409036.5020353152,4768586.837207927,-76.11716716294154,43.064534304335076,409036.4990114538,4768586.836766691,1599063.29346649,2397801.9834216395,1.0,True
360670017022000,0,6645.238026872266,409194.28263410897,4768477.488621673,-76.11521189442124,43.06356870720735,409194.28216921724,4768477.487827325,1599240.646756551,2397729.3807769413,0.9999999999999999,True
360670017022001,449,287166.07198161003,409050.06477164524,4768238.669757495,-76.11694370961014,43.06140128223112,409050.0655804501,4768238.671720328,1599153.6875259469,2397463.416701725,0.9999999999999998,True
360670017022002,89,16955.864564432723,408692.15209614945,4768523.737999798,-76.1213851456193,43.06392484577931,408692.15574274684,4768523.7328663105,1598743.1639806323,2397664.4251445485,1.0,True
360670017022003,122,16923.24261159184,408695.941616187,4768438.726669747,-76.12132466284184,43.06315992246137,408695.9385572147,4768438.724215827,1598765.6994705198,2397581.863424981,1.0,True
360670017022004,52,17076.074081291765,408698.1654257723,4768353.210076298,-76.1212833238382,43.06239026158892,408698.1674238481,4768353.214315946,1598786.8278141958,2397498.4619553564,1.0,True
360670017022005,100,16911.919334517665,408701.6560951885,4768267.435530481,-76.12122638847356,43.06161843059416,408701.6551112128,4768267.432145512,1598809.2426240933,2397415.0856673005,0.9999999999999998,True
360670017022006,106,15776.73330414977,408870.3660166232,4767989.138884058,-76.11910928894409,43.05913312870709,408870.3650738083,4767989.135708118,1599034.6783621025,2397179.148888111,1.0,True
360670017022007,41,14144.869921310821,408763.4108589289,4767986.492327671,-76.12042206261451,43.05909645036627,408763.407888181,4767986.497880192,1598931.4864868603,2397153.053135369,1.0,True
360670017022008,79,17200.385110601896,408757.4436185054,4768141.453992409,-76.12052073742069,43.060490894811664,408757.4466733453,4768141.454527886,1598891.3206480837,2397303.7572791902,1.0,True
360670017022009,86,16824.719563745475,408657.44411717413,4768138.408431478,-76.12174806924685,43.06045144487903,408657.44154632965,4768138.403481098,1598794.9662344542,2397278.798075348,1.0000000000000002,True
360670017022010,53,14086.64590310058,408663.54235261196,4767982.790393843,-76.12164765062843,43.0590511080592,408663.5383202566,4767982.789552605,1598835.4050106835,2397127.4789134725,1.0,True
360670017022011,199,164474.04766675358,408984.30520448793,4767808.320542857,-76.11768075761012,43.05751884344067,408984.3016882801,4767808.315764712,1599185.3454682382,2397026.801271635,1.0000000000000004,True
360670017022012,80,16556.604429674353,409125.70202390803,4767682.8092746325,-76.11592422123704,43.056405772705084,409125.70379365276,4767682.812282758,1599350.3849199438,2396934.7421018905,0.9999999999999998,True
360670017022013,88,26614.029562446663,408934.92232460034,4767625.887316266,-76.11825722083043,43.05587042178443,408934.92398869916,4767625.884874478,1599177.8984346485,2396836.9860848337,1.0000000000000002,True
360670017022014,113,16857.556473859928,408731.7195714505,4767644.539421807,-76.12075509358603,43.056013944184485,408731.7189835917,4767644.5345220575,1598976.5934429225,2396810.637650549,1.0,True
360670017022015,101,24633.243107415008,408724.8437344691,4767544.708341397,-76.12082314041211,43.05511431050622,408724.8470099085,4767544.707130714,1598992.0678770333,2396711.1932908543,1.0,True
360670017022016,10,27824.56103643903,408802.78971690114,4767449.974347571,-76.11985065193885,43.05427076310354,408802.78585759207,4767449.978497185,1599088.7140175132,2396635.385365255,1.0000000000000002,True
360670017022017,41,27168.357345045515,409004.434013055,4767540.012026959,-76.11738975355944,43.055105598784245,409004.43023289304,4767540.01221233,1599264.395436738,2396768.0152019938,1.0,True
360670017022018,0,7221.955774466411,408893.8335895802,4767430.806642589,-76.11872975560165,43.054109124106176,408893.82993818435,4767430.804013781,1599181.3055947623,2396636.5851702793,0.9999999999999991,True
360670018001000,143,26950.169089430576,409881.99713675684,4768911.29025247,-76.10683769017874,43.06755634327836,409881.9962737015,4768911.285456912,1599811.7220944627,2398306.0258845026,0.9999999999999999,True
360670018001001,138,28722.64068575079,409781.2569445922,4768909.086106326,-76.10807440673888,43.06752452592951,409781.2574552398,4768909.083219579,1599714.4604051216,2398281.7309494116,1.0,True
360670018001002,133,28073.7693040534,409679.0851738817,4768901.981535848,-76.10932790558043,43.06744840484461,409679.08562112704,4768901.980991842,1599616.8967132797,2398252.314089064,1.0,True
360670018001003,123,27791.863813036067,409578.20232413145,4768897.182462456,-76.11056594811616,43.06739318073447,409578.2062700831,4768897.184550053,1599520.072376984,2398225.441903329,1.0000000000000002,True
360670018001004,0,2800.0419289166616,409522.89097654086,4768894.540714123,-76.11124473069518,43.067362802221496,409522.8934724844,4768894.5404343195,1599466.9885775126,2398210.698200381,1.0,True
360670018001005,90,29619.19098922193,409464.3282498639,4768891.805837071,-76.11196342359534,43.06733119324079,409464.3301809544,4768891.806562225,1599410.7705700572,2398195.1486950745,0.9999999999999999,True
360670018001006,59,30965.319178549125,409354.8986631102,4768886.056652875,-76.1133062579296,43.067266365476215,409354.8952885941,4768886.060532234,1599305.8640692523,2398165.466286074,0.9999999999999999,True
360670018002000,70,25739.18214244737,409894.24330167146,4768648.576875309,-76.10664475539711,43.06519250968598,409894.23965577595,4768648.575847575,1599881.8791281525,2398050.999574975,0.9999999999999999,True
360670018002001,77,25170.235860730783,409793.8047597348,4768643.042774754,-76.10787718057811,43.06513075021702,409793.8032513433,4768643.048324084,1599785.6491647824,2398023.504441929,1.0,True
360670018002002,130,25435.610800402246,409693.3435161737,4768638.506576051,-76.10911004375919,43.06507795920564,409693.3471390806,4768638.511059204,1599689.175918631,2397996.9830697984,1.0,True
360670018002003,103,25561.161178422473,409592.47538131,4768633.217436842,-76.11034777854277,43.065018327506515,409592.4735937629,4768633.214405336,1599592.4749552603,2397969.633515342,0.9999999999999999,True
360670018002004,0,2535.3970945651545,409536.97958979744,4768630.753333124,-76.11102882880553,43.06498952796229,409536.9818941228,4768630.750196825,1599539.172979317,2397955.0236379025,1.0000000000000002,True
360670018002005,129,27101.10064677127,409478.37797571596,4768627.442871286,-76.11174787799526,43.06495273383702,409478.3761342206,4768627.439137392,1599483.0451557122,2397938.9010373787,0.9999999999999999,True
360670018002006,89,28023.45311485033,409368.9961301853,4768622.6458367985,-76.11309022962212,43.06489648733139,409368.9985607895,4768622.647211662,1599377.9741993758,2397910.163318621,0.9999999999999999,True
360670018003000,109,25260.058205433477,409907.31043314596,4768397.283248008,-76.10644360588698,43.062931587652415,409907.3109305822,4768397.284612898,1599950.299612298,2397807.355114558,1.0,True
360670018003001,107,25162.799847814167,409806.76278426684,4768391.919733456,-76.10767735343178,43.06287135369667,409806.75906027644,4768391.924925546,1599853.9263141255,2397780.0034895083,1.0,True
360670018003002,115,25122.460390696884,409706.6542777038,4768387.391550797,-76.10890584166643,43.06281867946415,409706.6577005881,4768387.393786482,1599757.7939197125,2397753.5676244507,1.0000000000000002,True
360670018003003,108,25582.39845352535,409605.82374954753,4768381.095741614,-76.11014290596202,43.06274999158525,409605.82424737746,4768381.096669656,1599661.3531154406,2397725.238939745,1.0000000000000002,True
360670018003004,0,2591.9157717704247,409550.0025683546,4768377.538106978,-76.11082774890036,43.062711309359514,409550.00653637695,4768377.537014878,1599607.9781820246,2397709.4849016485,1.0,True
360670018003005,107,27096.80891778793,409491.26352128177,4768375.298279543,-76.11154863331579,43.062684139622924,409491.2661757756,4768375.29384344,1599551.4797249285,2397694.382476879,1.0,True
360670018003006,76,28309.018407131753,409381.96625308285,4768370.320533284,-76.11288986776816,43.06262627908354,409381.9636593638,4768370.32289089,1599446.5313190077,2397665.4862316623,1.0000000000000002,True
360670018003007,106,33561.23602407824,409396.4318934496,4768092.897693872,-76.1126670734761,43.06013028748496,409396.4297520416,4768092.899112319,1599522.1067476263,2397396.5162105924,1.0,True
360670018003008,220,107364.19911607227,409564.88747730415,4768007.377416144,-76.11058481858663,43.05938041599543,409564.88896731916,4768007.3756198045,1599704.5311182837,2397349.631614899,1.0,True
360670018003009,100,29000.26178800739,409719.70912024693,4768117.496644681,-76.10870175167715,43.0603902868525,409719.70520463015,4768117.498156716,1599830.3292893677,2397491.671996037,1.0,True
360670018003010,91,27042.433285787607,409820.25559104135,4768134.386617911,-76.10746993753617,43.06055430745306,409820.258636662,4768134.385749899,1599924.1442012128,2397530.33074318,1.0,True
360670018003011,103,23824.915718017157,409920.38232865866,4768152.670905926,-76.10624349596763,43.06073081848976,409920.3819732346,4768152.668856951,1600017.2426634643,2397570.264936034,1.0,True
360670018003012,47,17248.548543420948,409932.1184900742,4767946.334651088,-76.10606599702996,43.058874501204485,409932.11824645574,4767946.334520518,1600074.3993081586,2397370.4289591145,1.0,True
360670018003013,36,17550.811888632044,409832.81825939764,4767917.801010135,-76.10728059369202,43.05860581248234,409832.8177274359,4767917.799630736,1599984.3766032285,2397320.6218824103,1.0,True
360670018003014,30,17301.79586421777,409733.1340456665,4767887.891271667,-76.10849967084428,43.05832467586936,409733.13170685066,4767887.89398276,1599894.2867169878,2397269.3803515453,1.0,True
360670018003015,6,91606.57968943681,409552.28052321204,4767704.621455727,-76.11069040456916,43.05665310969455,409552.2808810493,4767704.620374214,1599759.457448436,2397049.8599086474,1.0000000000000004,True
360670018003016,0,14125.933331783317,409629.68931735435,4767673.181366845,-76.10973490067873,43.05637926579169,409629.68942286517,4767673.185164975,1599841.5418106501,2397036.0239707623,0.9999999999999973,True
360670018003017,68,24299.144406304455,409409.6178736363,4767833.01351649,-76.11246286571092,43.05779204725236,409409.61501180613,4767833.008306093,1599592.5499728837,2397144.469137395,0.9999999999999999,True
360670019001000,34,15002.054057252277,411162.24672737514,4768898.749184898,-76.09111435366061,43.06759442214514,411162.2429224398,4768898.7467747275,1601056.765965816,2398574.979795612,0.9999999999999998,True
360670019001001,56,12171.217016309212,411049.18197805283,4768895.70519648,-76.09250229274502,43.06755376838678,411049.1814330682,4768895.708714853,1600947.730801244,2398547.1558094407,1.0,True
360670019001002,67,25119.029843339893,411057.24589254335,4768709.990046045,-76.09237357459223,43.06588265611884,411057.243887234,4768709.994946026,1600996.7470343271,2398366.743133989,1.0,True
360670019001003,62,25590.830616992927,411157.96333668364,4768714.080178086,-76.09113745997827,43.06593128102619,411157.96010543045,4768714.082327528,1601093.5689055417,2398392.8808449777,1.0,True
360670019001004,63,40276.542172860645,411304.8020713981,4768621.702267271,-76.08931961139304,43.06511674940202,411304.80292782665,4768621.696769084,1601256.5399239156,2398334.515706202,1.0,True
360670019001005,56,16848.19022583089,411267.7493248777,4768509.424999258,-76.08975669052491,43.06410154486405,411267.7484886601,4768509.420027081,1601245.4893723174,2398216.2332743932,1.0,True
360670019001006,31,18987.779688945488,411167.1899599653,4768494.601564873,-76.09098911491535,43.063956318035466,411167.1911484003,4768494.599546225,1601151.2017489828,2398179.6012777872,0.9999999999999998,True
360670019001007,47,21335.64118378275,411067.1704320212,4768477.923841372,-76.0922146080718,43.06379444644885,411067.17102211865,4768477.918674626,1601057.8493240725,2398141.2686706875,0.9999999999999998,True
360670019001008,64,20104.691165463228,411077.20091487817,4768273.212008033,-76.09205872455203,43.061952529198194,411077.2028718847,4768273.208739527,1601112.9872069838,2397942.6511103166,1.0000000000000002,True
360670019001009,89,21240.437208325384,411176.7703162863,4768294.371858063,-76.0908395100902,43.062154700267705,411176.77113751654,4768294.371817652,1601204.9084311011,2397985.2817008314,1.0,True
360670019001010,63,60149.67141628436,411365.9920337207,4768324.661461452,-76.0885209111458,43.06244953403169,411365.99289225665,4768324.657670426,1601381.7967162835,2398056.5623826715,1.0000000000000002,True
360670019002000,36,183368.69530532192,410922.1595088792,4768062.708721168,-76.09392874626197,43.0600391103096,410922.1632610632,4768062.707527163,1601009.238952383,2397702.088115124,0.9999999999999993,True
360670019002001,54,15859.244915028214,410432.13503630215,4768094.845138416,-76.09995062789962,43.060270767921516,410432.13735485845,4768094.848670975,1600526.630183784,2397625.965551673,0.9999999999999999,True
360670019002002,66,15749.805609074527,410524.04358100577,4768122.285198429,-76.09882654774893,43.06052866210362,410524.04752428253,4768122.289355936,1600609.7240702074,2397673.075051511,1.0000000000000002,True
360670019002003,0,5025.13815246732,410202.8536440484,4767977.5411910415,-76.10274691105387,43.05918754638022,410202.8544764865,4767977.536028647,1600330.1745857184,2397460.5207006806,1.0,True
360670019002004,65,17383.519322399578,410619.9375317359,4768151.37169779,-76.09765378747937,43.060801838203666,410619.9364566937,4768151.367468574,1600696.3200079487,2397722.6750921146,1.0000000000000002,True
360670019002005,40,19390.570867215592,410261.51274011284,4768036.47818788,-76.10203618722248,43.05972511402053,410261.5116791848,4768036.476644552,1600374.0193189967,2397531.2243142677,0.9999999999999998,True
360670019002006,27,12017.296797764002,410995.0285922052,4768254.488520016,-76.0930647061342,43.061774321362854,410995.02906079305,4768254.486141145,1601037.4064750224,2397906.2321574213,1.0000000000000002,True
360670019002007,75,17019.436440801084,410915.1453520315,4768236.3752338495,-76.09404267242645,43.061601867333366,410915.14315407595,4768236.378890785,1600963.9116428606,2397870.914566617,1.0,True
360670019002008,38,16908.235823200906,410818.0963853288,4768210.199421235,-76.09523011322193,43.061354798118195,410818.0974646956,4768210.199616157,1600875.5489417212,2397823.91660724,1.0,True
360670019002009,57,17158.335590589824,410719.77632474876,4768180.833918907,-76.09643263972089,43.061078849261676,410719.77948767936,4768180.828406085,1600786.6605048329,2397773.510180242,1.0,True
360670019002010,0,74250.88560011226,411526.0037998847,4768018.571650132,-76.0865074719691,43.05971236694759,411526.0015648467,4768018.575350188,1601604.948883039,2397791.43805855,0.9999999999999994,True
360670019002011,0,10141.689986189385,411501.53871129855,4767922.499481769,-76.0867925848573,43.05884454067326,411501.5374197038,4767922.49498094,1601602.5181516754,2397691.8167817914,1.0000000000000002,True
360670019002012,0,20921.841142947098,410703.43740095996,4767948.931536898,-76.0965960451766,43.0589890300251,411044.92954486684,4768004.995672402,1600822.2443897813,2397542.4243743937,1.0000000000000004,False
360670019002013,26,15946.069559684438,410125.65144467703,4768003.993558628,-76.10369908675561,43.059416566768626,410125.6504147181,4768003.997263186,1600249.3968523648,2397469.509756074,0.9999999999999998,True
360670019002014,47,17994.200327217775,410116.04455997894,4768186.137610248,-76.10384646378613,43.061055330397096,410116.04156672343,4768186.134273416,1600199.6730312165,2397646.0812451695,1.0,True
360670019002015,59,17666.54030525366,410214.77348756976,4768203.211981186,-76.10263696898865,43.06122074414698,410214.77089793637,4768203.207111807,1600291.6839056346,2397684.520946774,1.0,True
360670019002016,0,1402.0408780170178,410260.199684799,4768111.324695509,-76.10206437965125,43.06039882632423,410260.1979894132,4768111.321793943,1600356.143365076,2397604.359889656,1.0,True
360670019002017,30,11378.026707676265,410341.71435964777,4768094.346162346,-76.10106077062946,43.06025559803752,410341.7119708733,4768094.346411663,1600439.0042967817,2397605.6118390155,1.0,True
360670019002018,67,17456.609331145854,410030.86479889846,4767975.588573079,-76.10485830711836,43.05914959639157,410030.8653838318,4767975.588966164,1600163.7249081559,2397420.820783524,1.0,True
360670019002019,69,21627.702209333234,410019.4835447962,4768169.599491444,-76.10502941977012,43.06089498903603,410019.48517068947,4768169.600687802,1600109.6468818984,2397608.6437197775,1.0,True
360670019003000,82,24057.996029442857,410966.8178853109,4768460.176440651,-76.09344401251975,43.06362289205243,410966.81891623593,4768460.177309951,1600964.4111454405,2398101.813402837,1.0000000000000002,True
360670019003001,64,21735.841036340422,410874.18482226913,4768437.716552772,-76.09457786678165,43.06340980312176,410874.1821129255,4768437.716241384,1600879.5087203197,2398059.4308760487,1.0,True
360670019003002,59,18275.52455474007,410784.4877494298,4768420.15486257,-76.09567644730843,43.06324114838129,410784.49153139134,4768420.149439476,1600796.368824731,2398022.4982962655,1.0,True
360670019003003,53,18433.93177283922,410696.2133496218,4768416.718594599,-76.09675981987395,43.06319982654146,410696.21492934506,4768416.71562599,1600711.4763930775,2397999.7350336923,1.0,True
360670019003004,67,20367.714398179618,410602.7379679144,4768414.150763315,-76.09790719321644,43.06316570055627,410602.7374147482,4768414.1507087685,1600621.3447716224,2397976.68096812,1.0000000000000002,True
360670019003005,55,15118.878587643321,410514.9439861707,4768388.947167498,-76.09898116253315,43.062928435812886,410514.9408832969,4768388.943230403,1600541.7467815485,2397932.6694515836,1.0000000000000002,True
360670019003006,101,29911.28946108717,410432.2169425876,4768441.459861676,-76.10000541793787,43.0633914644513,410432.2184549462,4768441.463790243,1600449.8272774583,2397966.009795062,1.0000000000000002,True
360670019003007,59,18149.771939530863,410259.1587516358,4768499.976765868,-76.1021398451788,43.0638978635148,410259.16248353885,4768499.980769261,1600268.925711041,2397985.3951045456,1.0,True
360670019003008,96,24143.5844589266,410106.1885255796,4768407.985367976,-76.10400332368651,43.063051528804415,410106.1904121873,4768407.98214384,1600140.900588981,2397861.546312557,1.0,True
360670019003009,87,25377.14427510571,410008.04956042685,4768402.808798398,-76.10520753070838,43.06299328989926,410008.05207566544,4768402.809887157,1600046.8228441696,2397834.9075887864,1.0,True
360670019003010,0,2023.0097474478596,410797.63537995087,4768304.192717254,-76.0954964155824,43.06219864718914,410797.63658035954,4768304.18746029,1600834.84714141,2397911.628634601,1.0000000000000002,True
360670019003011,33,4680.5233391232405,410708.1290957028,4768288.676653144,-76.0965929574767,43.0620484237779,410708.1255986332,4768288.674057841,1600751.4388907682,2397876.7446045615,1.0,True
360670019003012,14,7444.192775200391,410609.84111586545,4768271.822193023,-76.09779710710318,43.06188510545688,410609.84168633044,4768271.821579462,1600659.806543116,2397838.618297917,1.0,True
360670019003013,25,8749.641216716427,410515.4169181885,4768255.109135372,-76.09895383053468,43.06172350326131,410515.4193998164,4768255.108740634,1600571.89203885,2397801.479373382,1.0,True
360670019003014,28,11215.896887372379,410423.89480354625,4768238.6336999545,-76.10007495215861,43.0615643714017,410423.89094955754,4768238.636926897,1600486.740877621,2397765.2109529804,1.0,True
360670019003015,36,15936.67274105275,410321.73148313904,4768220.403261022,-76.10132644450327,43.06138817027704,410321.7351502852,4768220.406514219,1600391.6537606954,2397724.88299719,1.0,True
360670019003016,50,36594.44614810165,410264.078180782,4768373.9849377945,-76.1020591178744,43.062764100361875,410264.07963570184,4768373.984878492,1600301.6455974572,2397862.8793251514,1.0000000000000002,True
360670019004000,69,25708.865198299067,410956.36472746544,4768704.710923992,-76.09361150708648,43.065823293779076,410956.3653134692,4768704.71160731,1600900.0301041128,2398339.402895204,1.0,True
360670019004001,59,21296.901915467766,410782.9367877571,4768745.66617863,-76.09574769278439,43.06617165464376,410782.9362660324,4768745.671223158,1600722.6642269567,2398341.480523101,1.0000000000000002,True
360670019004002,54,18780.636645458384,410557.3539370016,4768734.254899063,-76.09851592766246,43.066042355659114,410557.3562538102,4768734.259793672,1600506.3062831932,2398280.7290179743,0.9999999999999997,True
360670019004003,77,26459.562896057843,410410.82978378295,4768676.704445266,-76.1003059140575,43.065506923133206,410410.83089469094,4768676.7018612875,1600376.8953704787,2398192.083211094,0.9999999999999999,True
360670019004004,47,26296.969643607154,410305.05021991377,4768665.662695791,-76.1016030501072,43.065395013307764,410305.0461380917,4768665.661271292,1600276.7041319313,2398158.012670067,1.0,True
360670019004005,87,26802.959873517764,410196.7612245021,4768663.418044033,-76.1029324155567,43.065361994871225,410196.7624986615,4768663.418596938,1600172.12674175,2398132.020450398,0.9999999999999999,True
360670019004006,93,24801.98799986089,410094.4333015595,4768660.325237075,-76.10418844370196,43.065322031164825,410094.43681435584,4768660.321729358,1600073.521721709,2398106.505612664,1.0,True
360670019004007,61,25490.55895355683,409995.08601031324,4768654.7722615255,-76.10540747153303,43.06526025760944,409995.0837544681,4768654.776999579,1599978.3546501198,2398079.2320489776,1.0,True
360670019004008,78,22483.490493864705,410804.3594485297,4768651.253409627,-76.09546949281714,43.065324143354616,410804.35880081647,4768651.248602691,1600764.3923065304,2398253.5690186303,0.9999999999999999,True
360670019004009,72,20526.752483595137,410567.44135936094,4768644.2455920875,-76.09837758828539,43.065233161332976,410567.44046173565,4768644.249898586,1600536.0590631375,2398194.6472372357,1.0000000000000002,True
360670019004010,67,15082.457884403526,410601.5140626641,4768559.982806613,-76.09794565464982,43.064478530867504,410601.5103252082,4768559.9794270685,1600587.8106699963,2398119.4718022305,1.0,True
360670019004011,46,14669.377028494926,410771.3113289377,4768568.385978153,-76.09586201447914,43.06457417411875,410771.312545428,4768568.388836891,1600750.7051909564,2398165.0169654386,1.0000000000000002,True
360670019005000,74,36070.358756536516,410844.2525862328,4768995.870609087,-76.09503486020044,43.06843153693501,410844.24929226073,4768995.866549713,1600726.6645692831,2398600.3972483836,1.0000000000000002,True
360670019005001,76,48849.10294432175,410647.89850009547,4768982.443988934,-76.0974439444897,43.06828755232729,410647.90219165804,4768982.449235654,1600539.1142608102,2398544.089824481,1.0,True
360670019005002,42,20694.653149003432,410487.27041725145,4768974.693964708,-76.09941521475858,43.06819884135972,410487.271558692,4768974.689355921,1600384.9710579854,2398501.1991389114,1.0,True
360670019005003,62,24947.790487999206,410392.12263941433,4768945.02565663,-76.10057885050328,43.06792049600431,410392.1186152339,4768945.026153224,1600299.227163375,2398451.192007812,1.0,True
360670019005004,65,30585.620924853683,410293.0489426191,4768929.972041468,-76.10179304228203,43.06777325541903,410293.0524502294,4768929.976947019,1600206.4322830576,2398414.6589954607,1.0,True
360670019005005,85,30173.18723706756,410185.7709715767,4768927.667572477,-76.10311003402138,43.06773981535534,410185.7737191686,4768927.665830828,1600102.8487687793,2398388.830031239,1.0,True
360670019005006,91,28153.03787451459,410080.40409555106,4768925.868243736,-76.1044036376383,43.06771113458822,410080.40710949065,4768925.864362336,1600001.0076686428,2398363.9162722477,1.0000000000000002,True
360670019005007,85,27277.527496167426,409980.3551281693,4768916.89802546,-76.10563077597754,43.067618508512055,409980.353159804,4768916.897105965,1599905.9173632814,2398333.136171531,1.0,True
360670019005008,53,17452.689036238644,410655.0768596251,4768833.5095044775,-76.09733187206864,43.06694749153662,410655.07459772273,4768833.5104740895,1600579.1141415397,2398399.564664442,1.0,True
360670019005009,32,12295.448539997871,410819.20724488125,4768831.220640298,-76.09531602114258,43.06694619441805,410819.2089744199,4768831.221237703,1600738.8821738502,2398433.3762552384,0.9999999999999997,True
360670019005010,0,1510.9037714778942,410881.7004988804,4768872.627555449,-76.09455525162939,43.06732633801761,410881.6965054474,4768872.623384936,1600790.3370331272,2398487.724545861,1.0,True
360670019005011,28,10696.450725587973,410953.76336743904,4768886.170769212,-76.09367249791158,43.06745673349565,410953.7631489106,4768886.167051704,1600857.2579109569,2398516.8411066146,0.9999999999999997,True
360670019005012,24,10317.227140680776,410504.7858935851,4768817.641242647,-76.09917485640635,43.06678691123641,410504.7823277958,4768817.640041336,1600436.8024049639,2398350.981164853,1.0,True
360670020001000,29,147918.20213578505,402733.28373252513,4768243.149573849,-76.1945040518853,43.060658256556934,402733.28802619595,4768243.154338103,1593023.5943801298,2396079.5917718974,0.9999999999999996,True
360670020001001,82,14019.805923377384,402503.5447601553,4768228.286353834,-76.19732220251737,43.0604949617639,402503.54502573726,4768228.290597072,1592803.985291471,2396014.5108667584,0.9999999999999999,True
360670020001002,0,2979.3247612555274,402302.715700234,4768551.287678129,-76.19984470346611,43.063377119584935,402302.7159513618,4768551.285499161,1592537.4444090824,2396287.209575881,0.9999999999999999,True
360670020001003,0,1123.0617158515022,402316.1126084984,4768499.959658471,-76.19967119636803,43.06291673749669,402316.11225322046,4768499.955498646,1592561.834198327,2396239.804778062,0.9999999999999998,True
360670020001004,0,45759.20823411801,403528.93498409307,4767487.2693992825,-76.1846039216166,43.053954576582285,403528.93678122206,4767487.27197499,1593963.330056696,2395513.0008772905,0.9999999999999993,True
360670020001005,25,15484.483304285895,403512.5615559371,4767358.290259986,-76.18478257864807,43.05279128626076,403512.5598385819,4767358.291810295,1593976.06562666,2395382.877838591,1.0000000000000002,True
360670020001006,58,112486.91190840732,403005.7353251866,4767934.164412964,-76.19110500752888,43.057911320288696,403172.65351104154,4767772.315594848,1593356.5156751445,2395836.382460558,1.0000000000000004,False
360670020001007,202,58966.38811747503,402964.5640381224,4767823.506045851,-76.19159119688976,43.05690979476509,402964.5637930969,4767823.506630788,1593341.1260296092,2395718.7820295864,0.9999999999999997,True
360670020001008,49,28054.396616117683,402670.85203206167,4768045.289148041,-76.19523598797406,43.05886890802363,402670.8510400761,4768045.288270958,1593006.9294210412,2395871.7777453912,1.0,True
360670020001009,59,15756.23689730668,403278.5153197605,4767609.733249644,-76.18769955134343,43.055025258607735,403278.5114223858,4767609.7379023805,1593693.1811487102,2395578.0899302852,0.9999999999999999,True
360670020001010,18,3564.2851433600677,403146.26681092713,4767665.936380066,-76.18933294555049,43.055514394980285,403146.27052828635,4767665.936884935,1593552.39303166,2395604.1534536616,1.0000000000000002,True
360670020001011,61,15717.831874337777,403111.67834438616,4767620.433289846,-76.18974967056693,43.05510031356032,403111.6759261026,4767620.431817943,1593528.9311202217,2395551.9136741017,0.9999999999999999,True
360670020001012,63,16066.103388393973,403030.54969052173,4767584.596235829,-76.19073944413361,43.05476731026636,403030.5532684598,4767584.595044739,1593458.168077342,2395498.9257532014,1.0000000000000002,True
360670020001013,38,32094.389350926886,402912.1697913758,4767525.726585164,-76.19218251798284,43.054222171018246,402912.17130158585,4767525.729782811,1593356.3732863502,2395415.1552195195,1.0000000000000002,True
360670020001014,130,33044.27814651723,402828.4664890192,4767689.578701412,-76.193238732746,43.055686628481894,402828.4691107428,4767689.575500547,1593238.7971298133,2395557.4883928588,1.0,True
360670020001015,41,10813.199915793366,402800.83224402467,4767877.7428705,-76.19361086218647,43.057377140356685,402800.82910097745,4767877.738432649,1593170.226858952,2395735.99497001,1.0,True
360670020001016,25,13440.399517583415,402644.4996136356,4767967.398105862,-76.19554590986084,43.05816427225621,402644.50046052824,4767967.401175398,1592998.646563439,2395789.5774946483,1.0,True
360670020001017,76,22428.448217583395,402718.5630998895,4767838.96354444,-76.19461413840371,43.05701746802941,402718.56627780985,4767838.967050285,1593099.010268537,2395679.8697448466,0.9999999999999999,True
360670020001018,0,2414.915077832236,402827.33579372894,4767483.695263429,-76.19321667215625,43.05383290531759,402827.333517782,4767483.694705148,1593283.390058429,2395355.2762481165,1.0000000000000002,True
360670020001019,0,1173.6776472125432,402765.9997875984,4767606.987679112,-76.19399121518343,43.05493505801584,402766.0010904301,4767606.992323902,1593196.516999648,2395462.7386677926,1.0,True
360670020001020,20,12790.968143788192,403417.07859333366,4767508.498616189,-76.18598084333213,43.054131480242795,403417.082153224,4767508.500760371,1593850.0891325166,2395509.239630547,1.0,True
360670020001021,24,20886.541359258754,403302.3341620275,4767462.636544507,-76.1873815738589,43.053703971887074,403302.33207730955,4767462.639696598,1593748.9346186884,2395439.0288844183,0.9999999999999998,True
360670020001022,27,3651.463700714259,403366.2669056755,4767413.857684247,-76.18658822022496,43.05327295411853,403366.2686248253,4767413.86275614,1593821.7907164132,2395405.2314038896,1.0,True
360670020001023,8,4205.686542992228,403381.71793918824,4767464.6397459125,-76.1864073473577,43.05373211551708,403381.7217715658,4767464.637968197,1593825.5129714059,2395458.4431145326,1.0000000000000002,True
360670020001024,8,10650.0696288654,403400.1729058409,4767348.033284666,-76.18616054527219,43.05268464786216,403400.17651767307,4767348.027917411,1593869.2956897195,2395348.112552143,0.9999999999999998,True
360670020002000,0,2955.7092870699616,402505.30128446466,4768083.756746045,-76.19727531426372,43.05919398356533,402505.30247202027,4768083.758554559,1592837.7645643847,2395873.120732494,0.9999999999999999,True
360670020002001,0,9298.900707609555,402385.67519336217,4768130.34933352,-76.19875223060026,43.059598080382095,402385.6777162897,4768130.351476511,1592711.35556465,2395892.528686714,1.0,True
360670020002002,206,37794.00474653727,402345.12509652914,4767914.285517642,-76.19921218497883,43.05764763627653,402345.1238157289,4767914.281506576,1592719.9620470195,2395671.6665295553,0.9999999999999998,True
360670020002003,74,12481.599559783246,402398.42617948115,4768043.890634739,-76.19858051205631,43.058821330715425,402398.4271125233,4768043.887209731,1592742.9149794863,2395810.520037728,0.9999999999999999,True
360670020002004,51,14483.914267673863,402507.1248254708,4767992.249381681,-76.19723689430732,43.05837037444877,402507.12440238986,4767992.252225789,1592859.8417991735,2395783.757256489,1.0000000000000002,True
360670020002005,106,20054.472892786394,402497.6087556024,4767901.175955871,-76.19733777328683,43.05754921525326,402497.6065560843,4767901.17429302,1592870.8203483014,2395692.326594279,0.9999999999999998,True
360670020002006,142,33742.26026029412,402582.1420752655,4767769.641554405,-76.19627689512504,43.05637586171583,402582.14173888485,4767769.645811563,1592982.030571498,2395581.8796146703,1.0,True
360670020002007,203,64713.65257233829,402702.1928674291,4767524.59918601,-76.1947601683344,43.05418513431027,402702.1902343994,4767524.595412535,1593152.8917695584,2395367.8926952328,0.9999999999999998,True
360670020002008,30,6112.6955323168695,402521.87347693153,4767593.622918671,-76.19698600012771,43.05478342196534,402521.87345253595,4767593.620479248,1592962.6175927573,2395395.964434617,1.0,True
360670020002009,82,38943.443715404675,402407.41225128045,4767679.60295022,-76.1984063051641,43.05554279454906,402407.4126804689,4767679.603549545,1592832.479493099,2395455.1458855043,0.9999999999999998,True
360670020002010,19,6984.328122478682,402442.172761457,4767554.2561921775,-76.19795757887321,43.05441876236199,402442.17110061174,4767554.2603964815,1592894.0240360885,2395339.8272241266,0.9999999999999998,True
360670020002011,86,12272.79202960624,402632.1941425399,4767370.560761691,-76.19559258504525,43.05278934397287,402632.19285505544,4767370.555895812,1593119.1600292528,2395201.399895987,1.0000000000000002,True
360670020002012,59,11893.529100197515,402568.6727101751,4767497.608931903,-76.19639464399907,43.053925013119375,402568.67627261137,4767497.607423894,1593029.3328380624,2395312.0660270452,1.0,True
360670020002013,54,12844.29571783999,402489.4536785104,4767458.548456172,-76.19736035309637,43.05356317766932,402489.449894123,4767458.55099052,1592961.138730342,2395256.3351632156,0.9999999999999999,True
360670020002014,16,4563.8403326403295,402422.76394110563,4767464.831364114,-76.1981801819414,43.053611172904276,402422.76251340134,4767464.83439412,1592895.0383551302,2395247.8384976066,1.0,True
360670021011000,0,8485.087705636208,404553.5124938416,4767671.404937445,-76.17205691978766,43.05574189686051,404553.5141101368,4767671.405263581,1594916.5829319952,2395918.8298385385,1.0,True
360670021011001,100,229726.27285098113,403990.6827129126,4767626.5935661085,-76.17895915912275,43.05526747023868,403990.67943045014,4767626.596917903,1594380.4304343506,2395751.1653564824,1.0000000000000002,True
360670021011002,80,19977.53720759276,404337.7130951233,4767501.660109904,-76.17467716018933,43.05418649797457,404337.7098561751,4767501.6603802135,1594744.8654589872,2395704.8850410497,1.0,True
360670021011003,0,9343.715653869236,404046.4826471773,4767747.403536309,-76.17829492531577,43.05636219001591,404046.48472433735,4767747.404616103,1594407.7628981257,2395881.9409610024,1.0,True
360670021011004,12,74655.9988802727,403690.8173769397,4767522.935138819,-76.18262269338418,43.054296235243925,403690.8167830019,4767522.93123254,1594112.4839152263,2395583.569980411,1.0000000000000002,True
360670021011005,0,14156.413736351436,403615.596564629,4767469.867111853,-76.18353698103061,43.053808911611284,403615.5950016059,4767469.865844197,1594051.2762496544,2395514.9783717073,0.9999999999999999,True
360670021011006,52,19941.593186852435,404551.9067669167,4767617.233819684,-76.17206734413716,43.055253986116625,404551.910382826,4767617.235311241,1594927.0453262858,2395865.3367076074,1.0,True
360670021011007,92,35081.83435792704,404546.66725356237,4767512.077995555,-76.17211363733766,43.0543065971083,404546.6702987413,4767512.078274207,1594945.2953057394,2395761.0303204586,0.9999999999999998,True
360670021011008,103,49002.13542138967,404538.4876496462,4767351.316174312,-76.17218648841578,43.05285821080794,404538.48668946547,4767351.314987257,1594973.031450803,2395601.5295469584,0.9999999999999999,True
360670021011009,93,34476.17400162424,404301.241210719,4767351.849031307,-76.17509916641784,43.05283313514375,404301.23842114606,4767351.845166857,1594742.7211588556,2395549.908439265,1.0,True
360670021011010,69,16633.977574935798,404079.0874450606,4767327.81577297,-76.17782232069503,43.052588721466776,404079.0890970042,4767327.813365409,1594532.5064202587,2395477.504916765,1.0,True
360670021011011,46,17086.099815146437,403913.6155764923,4767395.068701322,-76.17986535320048,43.053173278311434,403913.61179904005,4767395.071163445,1594357.0313786215,2395507.108193217,1.0000000000000002,True
360670021012000,0,14380.022724719465,405746.37922043464,4767434.78620469,-76.15737171676471,43.05376064859823,405746.3805112913,4767434.780788981,1596126.4924872287,2395948.876504753,1.0,True
360670021012001,10,31590.27540849564,405544.9095037219,4767492.71759278,-76.15985496547131,43.05425717028679,405544.90673739044,4767492.720931326,1595918.1575361826,2395961.429433027,1.0000000000000007,True
360670021012002,35,17361.81868612077,405159.9088001223,4767594.648476991,-76.16459896956991,43.05512686135786,405159.90638155513,4767594.65280263,1595521.9842849413,2395976.808740659,0.9999999999999998,True
360670021012003,0,19172.692847479888,404908.4250449632,4767633.736514606,-76.16769314212289,43.05544731130554,404956.9953744703,4767595.46152048,1595269.303166688,2395959.8822672963,0.9999999999999998,False
360670021012004,0,15072.952854006391,405673.5483742437,4767206.755144489,-76.15822721346588,43.0516986005144,405673.54947013134,4767206.755072229,1596106.422112114,2395709.1766118226,1.0000000000000002,True
360670021012005,0,5500.8012639145745,405642.6215484058,4767242.350022623,-76.15861291870334,43.05201522346847,405642.62303563696,4767242.347395398,1596068.5168813958,2395737.2979453723,1.0000000000000002,True
360670021012006,0,18581.828542278727,405580.63613407535,4767317.222416996,-76.15938658333025,43.052681604277836,405580.6347699289,4767317.221960694,1595991.7613623869,2395797.1240686574,0.9999999999999998,True
360670021012007,49,38488.55058981829,405398.79743499064,4767323.001448587,-76.16161993574543,43.05271099383399,405398.8003555698,4767323.002093031,1595814.0461031615,2395762.8306396618,1.0,True
360670021012008,11,35867.97064496117,405409.77573605377,4767474.540602999,-76.16151090923344,43.05407669205103,405409.7765002258,4767474.541475331,1595791.0739198544,2395913.899954991,1.0,True
360670021012009,23,35424.45686780136,405163.78103834693,4767485.683615206,-76.16453286443158,43.0541463191918,405163.77811215294,4767485.681524136,1595549.9193781188,2395870.7679532594,1.0,True
360670021012010,15,20635.41799547838,404974.10235125135,4767497.408502108,-76.16686353627604,43.05422815751292,404974.1053711006,4767497.41317926,1595363.2778256785,2395840.582795696,1.0000000000000002,True
360670021012011,33,32318.959313816496,404792.6327108159,4767501.292313275,-76.16909209015743,43.054240383799566,404792.6319343231,4767501.2941235155,1595186.341376784,2395804.5092129563,1.0,True
360670021012012,38,16901.00083216821,404799.1575316471,4767608.522683016,-76.16903032539102,43.05520661074886,404799.1595827735,4767608.521460538,1595168.8785441457,2395911.133312567,1.0,True
360670021012013,0,4179.802385429191,405274.6341381853,4767236.878898299,-76.1631295905956,43.051920135605876,405274.6333174786,4767236.874954848,1595712.6834195014,2395651.0586859533,1.0,True
360670021012014,90,39128.60489017229,405157.4760299116,4767333.377399845,-76.16458432081141,43.05277429684791,405157.4777296452,4767333.377726367,1595577.5966983824,2395719.9734124322,1.0000000000000002,True
360670021012015,82,58830.29363791432,404851.475074433,4767347.330751617,-76.1683433700672,43.052861626158304,404851.4725962737,4767347.327880652,1595277.5973055423,2395666.409202769,1.0,True
360670021012016,0,8349.840246617176,404846.621836054,4767255.679049718,-76.16838728572885,43.052035865439535,404846.6207272357,4767255.682903872,1595293.2253219367,2395575.4343984397,1.0,True
360670021012017,20,15296.387439361868,405549.5063456298,4767174.998941825,-76.15974462311135,43.05139727079833,405549.50827266945,4767175.002158682,1595993.1138278276,2395650.764155792,1.0,True
360670021012018,0,16656.109783118267,405432.89733524254,4767175.513099633,-76.16117624887434,43.05138738223159,405432.9013429483,4767175.515017754,1595879.8575180033,2395625.6416130867,1.0,True
360670021012019,0,20748.720972911,405272.7578934503,4767171.469146107,-76.16314149444777,43.051331007662,405272.75742947427,4767171.468301501,1595725.3764775894,2395586.480630421,1.0,True
360670021012020,86,16280.068638531597,405102.615924123,4767178.925034232,-76.16523149049138,43.051376883763055,405102.615174762,4767178.926848113,1595558.6387890964,2395556.4020781764,1.0,True
360670021012021,0,3398.638355364978,405105.3553565096,4767244.47838707,-76.16520903421609,43.05196741244939,405105.358123898,4767244.47696586,1595546.751216686,2395621.310645686,1.0000000000000002,True
360670021012022,135,35142.71703612188,405131.54828016716,4767049.044774767,-76.16485417418853,43.05021116912488,405131.54622559267,4767049.048232655,1595615.5298666193,2395435.350551964,0.9999999999999998,True
360670021012023,0,7628.956418200141,405312.75740752154,4767074.333704245,-76.16263392487016,43.05046147274863,405312.75947494205,4767074.336702472,1595785.7396956182,2395499.983290897,1.0,True
360670021012024,0,4990.339374583115,405414.85010839475,4767088.52453312,-76.1613830247739,43.050601962093644,405414.85218430054,4767088.528714731,1595881.6482237808,2395536.34113196,0.9999999999999998,True
360670021012025,62,13318.57532040594,405374.57195148175,4767023.351675516,-76.16186641196272,43.05001018113818,405374.57295476604,4767023.353756649,1595857.028530217,2395463.555675902,1.0000000000000002,True
360670021012026,0,9638.266589734565,405561.7869042363,4767097.95905504,-76.15958079363693,43.05070519605889,405561.7863920609,4767097.959499866,1596022.1230799756,2395577.888178059,0.9999999999999998,True
360670021012027,190,39661.419164472485,404845.51971598,4767190.084340295,-76.16838960417742,43.05144516939209,404845.5201035191,4767190.087734594,1595306.7108222267,2395510.8451185,1.0,True
360670021012028,171,36802.63293211482,404840.057029655,4767085.826065146,-76.16843884557062,43.05050583340044,404840.0606894068,4767085.822304321,1595324.5446640681,2395407.3693354274,1.0,True
360670021012029,47,54614.680501557414,404802.65923676704,4766955.3607174205,-76.16887564011296,43.04932654753928,404802.662430207,4766955.3553926395,1595317.2083607083,2395271.166137519,0.9999999999999998,True
360670021012030,0,17818.555415639097,404874.9753867246,4766876.895844215,-76.16797448511018,43.048629182120514,404874.9742016532,4766876.897846624,1595404.7847136462,2395210.086997368,0.9999999999999998,True
360670021012031,0,14448.211882892392,405142.02292513615,4766950.4565598825,-76.16470878904624,43.04932487375067,405142.02207347035,4766950.459487274,1595647.5686405755,2395340.93917826,1.0000000000000002,True
360670021013000,190,38090.11633848871,404565.6740217971,4767154.531441145,-76.17181899657074,43.051089952381105,404565.67381635273,4767154.536733166,1595043.0753189402,2395414.463636318,0.9999999999999998,True
360670021013001,115,56400.795786533956,404334.2412674439,4767167.435635273,-76.17466234674536,43.051177000273,404334.245074049,4767167.4355516685,1594815.661282417,2395376.256632506,1.0,True
360670021013002,321,124961.59681375309,404304.1572886359,4766998.875927063,-76.17500269356522,43.04965564622325,404428.64133684523,4766945.113706373,1594823.8754466271,2395204.290407229,0.9999999999999999,False
360670021013003,129,32051.891642097526,404063.3552805077,4767235.589896023,-76.17799956400238,43.05175641441518,404063.35232634883,4767235.588336356,1594537.7073607354,2395383.5759959687,0.9999999999999999,True
360670021013004,156,17835.125322261803,404104.8042653585,4767130.638498305,-76.17747264199733,43.0508167632277,404104.8077430162,4767130.642533912,1594601.2127307053,2395289.731561441,1.0000000000000002,True
360670021013005,134,20787.056220264094,404259.94383271894,4767021.951823671,-76.17554942538109,43.049857826558515,404259.94585853355,4767021.948845369,1594775.8562978278,2395217.2106770035,0.9999999999999997,True
360670021013006,0,28462.174729295162,404017.7465179484,4767028.986172204,-76.17852385595337,43.04989057463763,404017.7429701867,4767028.989039094,1594539.3005576984,2395170.8781666844,0.9999999999999999,True
360670023001000,10,14065.229000854477,406547.1269892708,4768019.104709993,-76.1476391177203,43.05912038871499,406547.12844939786,4768019.1059434675,1596773.7994506508,2396698.0514739966,1.0000000000000002,True
360670023001001,78,5586.441798113305,406671.7822034,4768022.388626348,-76.14610915190313,43.05916529431496,406671.77829543577,4768022.389311176,1596894.0225161503,2396728.666251757,0.9999999999999999,True
360670023001002,310,32393.80374254562,406807.58496351517,4767869.520120833,-76.14441616456031,43.05780567720334,406807.5821120817,4767869.522691785,1597059.706537908,2396608.5483691283,1.0,True
360670023001003,164,37259.34746013117,406682.9863670543,4767812.448201292,-76.14593638434587,43.057276537668244,406682.9850351531,4767812.444035606,1596951.472208322,2396525.1815573587,0.9999999999999998,True
360670023001004,68,11924.523062236634,406593.2174062298,4767960.952498037,-76.14706345914215,43.05860250751905,406593.21406767936,4767960.951708523,1596831.4225202615,2396651.1341141574,0.9999999999999999,True
360670023001005,33,18018.487350059288,406446.5039712635,4767923.224581891,-76.14885844787327,43.0582447648205,406446.50792319037,4767923.228435231,1596697.4387860282,2396581.883052465,1.0000000000000002,True
360670023001006,104,16793.651685522593,406519.73781537416,4767788.481550057,-76.14793666364403,43.057040671818264,406519.73489757464,4767788.484720169,1596798.3917599104,2396465.796697552,1.0,True
360670023001007,0,4418.443902905963,406580.84817019454,4767822.918785127,-76.14719215681285,43.05735824121394,406580.8445907343,4767822.914256359,1596850.0457904614,2396513.0080517475,0.9999999999999998,True
360670023001008,81,17491.71279030323,406598.80711925833,4767674.6049404675,-76.14694677352452,43.0560251533111,406598.80503408535,4767674.610154784,1596900.3770058064,2396371.4617457627,1.0,True
360670023002000,150,20315.77854402087,406917.9170110565,4767745.706052799,-76.14304082748606,43.056704493634506,406917.9192590002,4767745.706729203,1597194.2302053955,2396511.3344913297,1.0000000000000002,True
360670023002001,89,14239.374028026119,406773.27817838296,4767653.672705073,-76.14480121887097,43.05585814639783,406773.27964485594,4767653.667531585,1597074.307808086,2396389.267564475,1.0,True
360670023002002,33,14152.17230887628,406654.7994409609,4767576.666147156,-76.14624290934556,43.055150279325524,406654.80023339315,4767576.668432681,1596976.4347700179,2396287.689948512,0.9999999999999999,True
360670023002003,0,11287.340742185323,406549.420579508,4767507.9635000825,-76.14752513258166,43.05451876904986,406549.4232798759,4767507.9669008395,1596889.4302843416,2396197.1368106008,1.0,True
360670023002004,32,15044.863991361477,406490.7068622575,4767610.121168452,-76.14826312742845,43.05543128318719,406490.70912147465,4767610.123004965,1596809.7959072448,2396284.449161068,1.0,True
360670023002005,0,52234.54726285883,406375.9579838435,4767652.747886035,-76.14967909836572,43.05580091386079,406375.9578296659,4767652.746348604,1596688.9995189325,2396301.048560916,0.9999999999999999,True
360670023002006,23,17937.540961262464,406346.6485304211,4767866.838687884,-76.15007496528928,43.05772479670544,406346.6457088318,4767866.839092489,1596613.0606839687,2396504.6260059327,1.0,True
360670023002007,15,17643.42255080441,406249.2039660998,4767807.61627453,-76.1512613843797,43.057179575962614,406249.2027307023,4767807.618961356,1596531.6514218813,2396425.1160753714,1.0,True
360670023002008,0,1396.7512998568764,406173.9766768967,4767832.682174626,-76.15218921981149,43.05739595252147,406173.97836261604,4767832.687425011,1596453.0981496144,2396433.1733145206,1.0,True
360670023002009,16,6738.956270240011,406156.6897628588,4767762.956929122,-76.15238970539447,43.056766066603956,406156.6902530879,4767762.9606317505,1596451.79506713,2396360.975537007,0.9999999999999996,True
360670023002010,34,16214.869970706623,406128.3998316594,4767666.026777278,-76.15272068689505,43.05588988898113,406128.3987812607,4767666.028015593,1596445.8520369967,2396259.6722383644,0.9999999999999999,True
360670023002011,0,3284.6971689720795,406108.4330177526,4767612.016747802,-76.15295671506163,43.05540115745091,406108.4343092379,4767612.021456066,1596438.4620070509,2396202.301657716,1.0000000000000002,True
360670023002012,0,25075.171740881982,406070.6598116487,4767553.062078108,-76.15341051652611,43.05486570463655,406070.66115040664,4767553.061544717,1596414.8919583755,2396136.1673323587,1.0000000000000002,True
360670023002013,0,2884.6464897006867,406001.64285239024,4767498.820199776,-76.15424868587938,43.054368811608605,406001.64168470906,4767498.818926448,1596359.9611683153,2396067.79002064,0.9999999999999999,True
360670023002014,0,2099.3451418788063,406011.0289258318,4767473.14988965,-76.15412911839121,43.05413885962563,406011.0304852377,4767473.154352661,1596374.7638763664,2396044.670645587,1.0,True
360670023002015,0,3052.3747965277826,406125.8623299693,4767438.866150781,-76.15271352963494,43.05384440757421,406125.8647318337,4767438.865276504,1596493.790871469,2396036.274656108,1.0000000000000002,True
360670023002016,0,5796.836257115521,406229.7664192193,4767360.675475946,-76.15142473561332,43.05315328551801,406229.7693416055,4767360.677044389,1596611.9550698143,2395982.404608927,1.0,True
360670023002017,0,1519.5865547833039,406192.73883536126,4767443.307804994,-76.15189324051249,43.0538926644572,406192.7421888066,4767443.311706766,1596557.6942027526,2396055.328468168,0.9999999999999999,True
360670023002018,0,1198.8607298445663,406207.8483114225,4767447.854159062,-76.15170850852722,43.053935463267045,406207.84906185034,4767447.858228758,1596571.3458842947,2396063.1087636594,1.0,True
360670023002019,20,19891.061808498733,406249.8180308175,4767467.828927162,-76.15119661283512,43.05412048462166,406249.8190995109,4767467.830620601,1596607.6363560418,2396091.9266950074,0.9999999999999998,True
360670023002020,33,11447.564842176589,406234.4553192304,4767628.059482896,-76.15141221238865,43.05556117191463,406234.456370908,4767628.062587959,1596557.179611624,2396245.7337443703,1.0,True
360670023002021,21,2611.560102346283,406199.02561159024,4767729.788776474,-76.15186433678234,43.05647268124603,406199.0286355402,4767729.790818002,1596500.2319219105,2396337.742035317,1.0,True
360670023002022,0,7482.561159404273,406417.18763258524,4767306.217158209,-76.14911464883214,43.05268611637127,406417.1915845703,4767306.215285708,1596805.8884137522,2395970.1684516184,1.0000000000000002,True
360670023002023,70,9057.811561835115,406363.76644520386,4767398.728980493,-76.14978604614193,43.053512430042055,406363.7701572323,4767398.72559281,1596733.529408931,2396049.1816323274,1.0,True
360670023002024,37,8336.645411962705,406305.9963477737,4767506.00234597,-76.15051333804831,43.05447110355708,406305.9994409154,4767506.001908469,1596653.6754784097,2396141.7196921846,1.0,True
360670023002025,0,5317.762560499869,406372.3891546114,4767266.986384286,-76.14965802824344,43.05232738993959,406372.39147007006,4767266.98746999,1596771.1255783646,2395921.8390540243,1.0000000000000002,True
360670023002026,0,2777.813037939465,406299.4077526225,4767332.566555571,-76.15056503219077,43.05290881543664,406299.41035071947,4767332.564805374,1596685.7630666944,2395970.1342792762,1.0000000000000002,True
360670023002027,0,1498.150433878793,406269.3461840816,4767341.297874144,-76.15093556043516,43.052983713728054,406269.342941035,4767341.296393824,1596654.6577721974,2395972.0933874315,0.9999999999999999,True
360670023002028,0,1315.3478612978172,406344.7472941237,4767250.422811032,-76.14999459052142,43.05217485503504,406344.74659061147,4767250.427815007,1596747.980279652,2395899.51604063,0.9999999999999998,True
360670023002029,0,2818.3409157097626,406329.73220560997,4767238.0995728355,-76.15017685119174,43.05206205390436,406329.72830079304,4767238.104746277,1596736.145653711,2395884.127500641,1.0000000000000002,True
360670023002030,0,7125.9763558747545,406464.14914061053,4767163.4600029485,-76.14851413020519,43.05140663390397,406464.15154903935,4767163.456204215,1596883.1274868445,2395840.4454422067,1.0000000000000002,True
360670023002031,0,1926.507817032216,406464.8161173749,4767187.631806202,-76.14851000329622,43.051624339585985,406464.81632565806,4767187.6274064705,1596878.4116718748,2395864.304265034,0.9999999999999996,True
360670023002032,0,4499.300551575546,406460.3893896424,4767214.17030123,-76.14856880709408,43.05186272540253,406460.3899287811,4767214.167472349,1596868.2284543808,2395889.3654270964,0.9999999999999998,True
360670023002033,0,1137.1052592171945,406470.6137205215,4767249.654372498,-76.14844924926473,43.05218345526542,406470.6178006514,4767249.659285404,1596870.276083963,2395926.4216493154,1.0,True
360670023002034,0,642.8927960569677,406495.3254234192,4767243.581963362,-76.14814485343807,43.05213182853636,406495.32158803305,4767243.578846254,1596895.6005665879,2395925.8951153476,0.9999999999999998,True
360670023002035,146,19011.66442341622,406619.5669605062,4767309.577451563,-76.1466306598354,43.05274129295535,406619.56370020035,4767309.578278571,1597001.5073093595,2396017.9377966337,1.0,True
360670023002036,56,24761.950782566033,406549.49988250487,4767384.604446364,-76.1475034491054,43.0534081530765,406549.5039528465,4767384.609602576,1596916.876634527,2396076.1409560554,1.0,True
360670023002037,12,14817.145906553515,406706.3870735635,4767486.923519493,-76.14559451559313,43.05434865101157,406706.388417699,4767486.928942365,1597046.4001445984,2396210.9902649275,1.0,True
360670023002038,0,2717.7232287819293,406631.2077638554,4767156.67073821,-76.14646210341664,43.05136607482251,406631.20808030956,4767156.67353039,1597046.7268758775,2395870.4962693774,1.0000000000000002,True
360670023002039,0,4704.971248189112,406609.4156013667,4767182.769070658,-76.14673401193294,43.05159836271769,406609.4166297756,4767182.77319761,1597019.792108488,2395891.3096491536,0.9999999999999998,True
360670023002040,19,6619.224526524972,406579.5632861515,4767225.548873917,-76.14710767264762,43.05197984466801,406579.56099074683,4767225.543943943,1596981.335655671,2395926.7161064786,1.0000000000000002,True
360670023002041,11,5533.4999727907025,406652.82133021636,4767230.022443239,-76.14620906494092,43.05202913325043,406652.8184245467,4767230.018789748,1597051.423795294,2395947.202982266,1.0,True
360670023002042,0,3068.881417449403,406606.5005554632,4767140.171967012,-76.1467626524597,43.05121449374012,406606.496693197,4767140.172715085,1597026.4145815459,2395848.881808413,0.9999999999999999,True
360670023002043,0,12406.597766664627,406451.2173505663,4767444.112399003,-76.14872004982878,43.05393180843218,406451.22139571246,4767444.11140705,1596808.3120760627,2396112.9196156994,1.0,True
360670023002044,0,689.7506667663052,406519.0980908791,4767199.823965908,-76.14784565810103,43.05174079453237,406519.09468688694,4767199.824619766,1596928.3751478859,2395888.193130485,1.0,True
360670024001000,261,54696.943062173836,407840.83532054466,4767735.33668508,-76.13170791903515,43.05672376311583,407840.836925904,4767735.340760194,1598092.0295936912,2396703.9623267474,0.9999999999999999,True
360670024001001,270,84384.17263683115,407839.9291426831,4767397.380184565,-76.13166308742353,43.05368094838776,407839.92804601067,4767397.374824875,1598166.1253965397,2396372.2315627406,1.0,True
360670024001002,94,13549.05123154156,407759.0172785842,4767636.397515206,-76.13269604947324,43.0558230509104,407759.0213810558,4767636.402912267,1598034.5916911163,2396588.9264892316,1.0,True
360670024001003,27,23215.29255739654,407629.8879049762,4767195.1687423345,-76.13420820385133,43.05183485928194,407629.8882797451,4767195.173259869,1598007.1859148534,2396127.711449794,1.0,True
360670024001004,75,26999.40873181905,407568.47116227826,4767284.359225921,-76.13497700135157,43.05263038657405,407568.4712925141,4767284.360715394,1597927.8069947795,2396201.711530503,1.0,True
360670024001005,46,19835.255854206403,407673.0262847562,4767384.562631288,-76.13371002295713,43.053545266154515,407673.0282051318,4767384.566364599,1598007.0251242027,2396322.984261805,0.9999999999999998,True
360670024001006,0,6250.2906844422105,407640.11167759047,4767156.2813185975,-76.13407623911166,43.05148599039736,407640.11487730884,4767156.282341933,1598025.733062699,2396091.809556004,1.0,True
360670024001007,0,12780.330310420639,407209.3941710191,4767174.410903233,-76.13936696969857,43.05159668838737,407209.39172074245,4767174.41222633,1597603.7934205313,2396014.951332743,1.0,True
360670024001008,0,24487.296299565987,407221.1816805373,4767214.3451748695,-76.1392289153511,43.05195766640545,407221.18298138696,4767214.348888601,1597606.3708048384,2396056.7166360095,1.0,True
360670024001009,110,26508.825043694324,407341.0484954531,4767297.296483275,-76.1377711647548,43.05271913694464,407341.0455694658,4767297.292419457,1597704.2721759682,2396164.4303523377,1.0,True
360670024001010,131,28925.474092500564,407111.5298960489,4767304.440377662,-76.14059009933958,43.052755403592315,407111.52983684203,4767304.439979463,1597479.9892090526,2396121.0044919364,0.9999999999999999,True
360670024001011,97,12865.944632924138,407130.6906675594,4767400.576246047,-76.14037090580699,43.05362328039314,407130.691170062,4767400.57841698,1597477.2519835124,2396219.523077774,1.0,True
360670024002000,164,33192.33759684761,407586.64116135327,4767680.406983004,-76.13481968606467,43.056198309970696,407586.64001155365,4767680.405891095,1597857.5732019078,2396594.22253395,1.0,True
360670024002001,81,16151.835658383214,407412.67746275396,4767569.801699408,-76.1369371193963,43.05518130406147,407412.67903620924,4767569.801226978,1597713.3160610914,2396447.4944212986,0.9999999999999997,True
360670024002002,91,18872.235226186334,407530.483947724,4767459.723480712,-76.1354724917828,43.0542046055583,407530.48327018047,4767459.7228725115,1597852.043522231,2396365.395194795,1.0,True
360670024002003,123,26623.395701782778,407629.3807907261,4767556.202823207,-76.13427433906341,43.05508527346878,407629.3840117437,4767556.205726521,1597926.5979133935,2396481.771199758,0.9999999999999998,True
360670024002004,46,7344.101610124522,407501.05776996404,4767386.810476406,-76.13582164269211,43.053544567419436,407501.0612957225,4767386.814047447,1597839.667642779,2396287.4024058124,1.0,True
360670024002005,85,18973.457244052744,407370.43938774336,4767406.653567521,-76.13742853703873,43.05370729090046,407370.4424178162,4767406.654537148,1597708.5282524936,2396278.1668028273,1.0000000000000002,True
360670024002006,136,23793.138857630416,407278.1375355574,4767474.879625416,-76.1385730873571,43.05431027592085,407278.1365422314,4767474.882313398,1597603.8327373469,2396324.8136309,1.0,True
360670027001000,100,24155.35413428318,403146.96646324504,4767473.965727364,-76.18929095283708,43.05378616082027,403146.9626840342,4767473.970132747,1593595.673535139,2395415.9911429007,1.0,True
360670027001001,61,21926.71040097488,402976.93267470755,4767388.6078993585,-76.19136353611273,43.05299596477783,402976.93567124265,4767388.611769062,1593449.6394198588,2395294.882620572,1.0,True
360670027001002,82,22354.0915499252,402813.3256694363,4767307.244857663,-76.19335786510025,43.05224251983032,402813.3227958677,4767307.242695905,1593308.9550064076,2395179.1051219194,1.0,True
360670027001003,144,66665.30098046237,402637.3726268653,4767206.530485387,-76.19550032356975,43.051313236328944,402637.3744889522,4767206.526423677,1593160.5868848453,2395041.6301998794,1.0,True
360670027001004,135,22355.658180529263,402867.861461572,4767197.669731398,-76.19266924237661,43.05126298923394,402867.86492979113,4767197.67087793,1593386.1857037067,2395083.6033806303,0.9999999999999999,True
360670027001005,71,22464.820227733806,403030.9330809561,4767279.739167969,-76.19068163181794,43.05202271335135,403030.9356511965,4767279.737648522,1593526.1937333283,2395199.9560837494,1.0000000000000002,True
360670027001006,67,21224.5382223997,403190.2795772089,4767363.885236588,-76.18874006442132,43.05280062440831,403190.2766412921,4767363.882567066,1593662.1271753346,2395317.526645856,0.9999999999999998,True
360670027002000,88,23943.220350691736,403257.1411810694,4767253.679681606,-76.18790008246964,43.05181696045087,403257.1398155492,4767253.684093784,1593751.456538296,2395224.1153235277,1.0,True
360670027002001,0,3564.6493218473856,403154.24575758184,4767204.019924559,-76.18915462455875,43.051356750149026,403154.24783613475,4767204.025432216,1593662.6419367525,2395152.783389856,0.9999999999999999,True
360670027002002,79,18542.40750627726,403072.41981010145,4767163.847092379,-76.1901521469403,43.05098462815106,403072.4235886834,4767163.843911958,1593592.1650554172,2395095.3889155816,1.0,True
360670027002003,64,22324.527190950455,402922.49685561913,4767088.518320626,-76.19197949299421,43.05028728153824,402922.49631416507,4767088.520378927,1593463.4188384656,2394988.5388858602,1.0,True
360670027002004,104,21933.438263960892,402759.4028296549,4767007.241141441,-76.19396744488411,43.049534665378886,402759.4065398986,4767007.244934141,1593323.2139289714,2394872.9581371644,1.0,True
360670027002005,11,5696.687468858377,402658.4743381527,4766945.220923831,-76.19519558739383,43.04896335982667,402658.4733749811,4766945.225399738,1593239.0519219667,2394789.9325412824,0.9999999999999999,True
360670027002006,85,22046.89742082482,402976.29348104296,4766979.818555566,-76.19130014103288,43.04931552825869,402976.29677839315,4766979.815369972,1593539.7377814348,2394893.732780296,1.0,True
360670027002007,73,22308.26767160606,403140.02000095055,4767061.459274003,-76.1893044612592,43.05007145207716,403140.01692118874,4767061.464640594,1593680.4760960855,2395009.808686462,0.9999999999999999,True
360670027002008,74,25513.87921863905,403313.8396744836,4767148.512616819,-76.18718576665384,43.050877357396814,403313.8370256275,4767148.517386362,1593829.8067944902,2395133.4123348566,1.0,True
360670027002009,47,24911.649891470483,403368.1245210935,4767037.928659263,-76.18650016261618,43.04988867354248,403368.12151796126,4767037.93164044,1593907.017127053,2395036.8646923546,1.0,True
360670027002010,79,30708.596836374396,403427.8749293672,4766915.350699443,-76.18574540649497,43.048792697435566,403427.8754623747,4766915.350976751,1593992.1918872711,2394929.752262577,1.0,True
360670027002011,95,27763.52022324123,403255.3800203056,4766829.829144027,-76.18784805326096,43.0480007787415,403255.3762470084,4766829.83155868,1593843.80697115,2394807.94266751,1.0,True
360670027002012,47,22287.92274491108,403193.9641421224,4766952.21512932,-76.18862324811647,43.049094800067444,403193.9680608455,4766952.215066325,1593757.0586907433,2394914.500565457,1.0000000000000002,True
360670027002013,54,22380.406713562497,403030.47265779565,4766870.763308439,-76.19061605279978,43.04834061895997,403030.46878367185,4766870.761257455,1593616.5066232241,2394798.6617381093,1.0,True
360670027002014,58,22150.876138856733,402867.8150510745,4766788.5918987,-76.19259844629023,43.047580031813425,402867.81877105596,4766788.588312215,1593476.923903558,2394682.299858814,1.0000000000000002,True
360670027002015,56,22233.784637908902,402813.62223572045,4766898.233918557,-76.19328282678076,43.04856021011462,402813.6244009179,4766898.232764305,1593400.0114517238,2394777.943437804,1.0,True
360670027002016,62,27668.47780871068,402929.1456007528,4766666.090760456,-76.19182422840912,43.046484990113846,402929.1479302125,4766666.091825465,1593563.615270029,2394575.6104208347,1.0000000000000002,True
360670027002017,83,27847.29020029589,403092.1119565454,4766747.876393484,-76.18983800285362,43.04724212991582,403092.11214186484,4766747.8730680095,1593703.582997958,2394691.661638307,1.0,True
360670029011000,194,30826.38942972017,403624.8693423527,4766709.5927995695,-76.18329153434104,43.04696527335739,403624.8721810585,4766709.59571882,1594228.986358633,2394771.207926721,1.0000000000000002,True
360670029011001,79,30549.29494200401,403495.1005386683,4766779.067193966,-76.18489654000552,43.047574273832204,403495.1038380133,4766779.07005392,1594087.660761014,2394810.837699979,1.0000000000000002,True
360670029011002,76,27760.32650125533,403323.67341719754,4766693.68665718,-76.18698607376658,43.046783776505094,403323.67131744756,4766693.689296529,1593940.2807514814,2394689.4012335436,1.0,True
360670029011003,55,14047.388808730546,403200.8968231004,4766632.197956804,-76.18848251153324,43.046214545650656,403200.8976906747,4766632.192873958,1593834.80231849,2394602.095369921,1.0,True
360670029011004,59,13830.06611857331,403119.07224917214,4766591.132782062,-76.18947978335368,43.04583439648039,403119.0708988856,4766591.133192133,1593764.5253905884,2394543.825806005,1.0000000000000002,True
360670029011005,49,13825.932351368307,403037.3694597967,4766550.837514278,-76.19047568185192,43.04546118582026,403037.3680039811,4766550.839109916,1593694.195926377,2394486.338165949,1.0,True
360670029011006,34,113622.61622925979,402893.878180205,4766464.497822127,-76.19222199320332,43.04466552590753,402893.8775857431,4766464.494952937,1593574.1348869547,2394370.099712601,1.0,True
360670029011007,43,13701.03148838209,402956.206434809,4766509.901096555,-76.19146483079554,43.04508226328265,402956.20900099026,4766509.9051384395,1593624.5325888165,2394428.340117896,1.0000000000000002,True
360670029011008,180,34635.0558571943,403295.2268809504,4766543.410712299,-76.1873091685635,43.045427207342684,403295.22430892783,4766543.40993311,1593946.0292175054,2394535.730959252,0.9999999999999998,True
360670029011009,209,38151.45027161662,403618.459370364,4766607.592668018,-76.1833525650554,43.04604614300381,403618.45645683794,4766607.587932536,1594245.402201696,2394669.7388748024,1.0,True
360670029011010,188,37305.83106892638,403667.9985170208,4766537.557652726,-76.18273234546848,43.04542189797012,403668.00222358323,4766537.557825956,1594309.0090011393,2394611.9242023216,1.0000000000000002,True
360670029011011,140,38707.833024248524,403711.4461503682,4766453.499336883,-76.1821844871572,43.044670623726745,403711.4450672028,4766453.496716742,1594369.8172797319,2394539.014032554,1.0,True
360670029011012,112,34331.77236287713,403399.0625891082,4766294.568216974,-76.18599141231127,43.04320007436886,403399.06363211025,4766294.571049162,1594101.9972071256,2394314.4440820958,0.9999999999999998,True
360670029011013,149,36948.318533394966,403293.57107307005,4766347.557176267,-76.18729548427862,43.04366371077628,403293.569775605,4766347.555997666,1593987.8858194654,2394343.2383087645,0.9999999999999996,True
360670029011014,128,29473.750171361815,403264.4795987189,4766432.234493308,-76.18766728250539,43.04442236207139,403264.47823337093,4766432.238725475,1593940.8686368214,2394419.910842335,0.9999999999999999,True
360670029012000,0,27790.121809824148,404517.97835272754,4766770.963792277,-76.17233874361347,43.04763064766772,404517.9818309493,4766770.958449116,1595081.910645759,2395027.7085688827,1.0000000000000004,True
360670029012001,23,117342.27101088729,404097.8332651748,4766902.634626261,-76.17751894582379,43.048763139430264,404097.836935858,4766902.63019513,1594645.0439031979,2395064.5315899164,0.9999999999999993,True
360670029012002,0,16141.689801707706,403944.88558879786,4766885.133470216,-76.17939348042621,43.048586238692934,403944.88393422024,4766885.129195734,1594500.5290633545,2395013.747750884,1.0000000000000007,True
360670029012003,0,3954.2232419335714,403738.368076568,4767081.219498953,-76.18196253869195,43.05032546223471,403738.3712868248,4767081.223648442,1594256.641212252,2395160.711927346,0.9999999999999997,True
360670029012004,0,1725.0534209889374,403658.5799406401,4767264.961670838,-76.18297382143591,43.05196958748135,403658.5817059954,4767264.9630364375,1594138.4520215034,2395323.420556091,0.9999999999999998,True
360670029012005,0,8963.85101595709,403562.65065069636,4767252.861355502,-76.18414939252348,43.051848466473665,403562.65009433747,4767252.865087226,1594048.060963915,2395290.465083924,1.0,True
360670029012006,54,18478.345029122436,403449.2648966604,4767232.861965912,-76.1855378905001,43.05165399738925,403449.26412707294,4767232.862266768,1593942.485646437,2395245.923696865,1.0000000000000002,True
360670029012007,47,14790.570793872008,403514.29131233395,4767111.492809583,-76.18471856960036,43.05056956886781,403514.28888531215,4767111.496301795,1594032.5113155108,2395141.157087043,1.0,True
360670029012008,39,14514.720303525366,403622.99058319675,4767164.852326688,-76.183393400329,43.05106377691596,403622.99064613995,4767164.854889815,1594126.1364305096,2395217.3935563564,1.0000000000000002,True
360670029012009,35,17555.57162715209,403684.2038146377,4767038.541298189,-76.18262008076964,43.04993435649004,403684.2023165394,4767038.546152081,1594213.558677833,2395106.9404571922,1.0,True
360670029012010,66,19072.50199098263,403574.57426078845,4766988.331184482,-76.18395719782896,43.049468393710164,403574.57409382507,4766988.331885468,1594118.3321481587,2395033.5890567857,1.0,True
360670029012011,50,19253.30200522744,403641.82155197725,4766851.98312887,-76.18310807950205,43.04824937827263,403641.81991651957,4766851.985565248,1594213.836222614,2394914.6158194933,1.0,True
360670029012012,82,23457.391948681892,403769.0405602234,4766912.126985712,-76.1815567748378,43.04880699517439,403769.0385184328,4766912.127550452,1594323.9244832466,2395001.5780153875,1.0000000000000002,True
360670029012013,47,13157.40183273065,403847.00200076815,4766818.871470515,-76.18058363233146,43.047977284552466,403847.0046581719,4766818.873148933,1594420.2610733674,2394927.232043479,1.0000000000000002,True
360670029012014,158,45530.64467686863,404131.7827359699,4766614.843279864,-76.17705264036994,43.04617640956572,404131.78600914107,4766614.842171467,1594741.845424844,2394789.6763459546,0.9999999999999999,True
360670029012015,83,13896.536229414472,403892.59260612703,4766745.058801926,-76.18001123893508,43.04731851419473,403892.5957551092,4766745.057181003,1594480.8750950538,2394864.8438544357,1.0000000000000002,True
360670029012016,51,15403.5065140298,403936.6145674521,4766670.242297418,-76.17945794039625,43.04665050464226,403936.6178503955,4766670.241735654,1594540.1898114735,2394801.1259842254,1.0,True
360670029012017,88,16249.892161673903,403994.8692136679,4766598.603362973,-76.17873049219551,43.04601289999337,403994.86857801344,4766598.603372637,1594612.608590546,2394743.6533493064,1.0,True
360670029012018,0,682660.0438661118,403807.3092983356,4766081.472326263,-76.1809435170182,43.04133337565256,403807.31072259357,4766081.475010559,1594545.3851064031,2394195.1297566467,1.000000000000001,True
360670029012019,31,12407.439455491854,404324.5246672663,4766330.318262493,-76.17463779560254,43.04363910792555,404324.52429676615,4766330.317387366,1594991.9902835425,2394552.923454172,0.9999999999999999,True
360670029012020,25,22512.41856232373,404228.9794558643,4766613.32738937,-76.17585926195252,43.04617502823133,404228.97631303035,4766613.324297674,1594836.4872652811,2394809.552165917,1.0000000000000002,True
360670029012021,0,14835.762938743326,404364.5020497827,4766670.887189533,-76.17420556763582,43.04671032861211,404364.49936933833,4766670.884049014,1594955.2063782495,2394895.803122924,1.0000000000000002,True
360670029012022,47,67405.0653767155,404452.88010229747,4766525.076512542,-76.17309567300137,43.04540870370125,404452.87789752666,4766525.076132251,1595073.3106298982,2394772.1892366046,1.0,True
360670029012023,7,66697.68855888906,404479.7475998585,4766280.940267951,-76.17272399722022,43.04321409368416,404479.7473832378,4766280.940972494,1595153.5523444554,2394538.599314936,1.0000000000000004,True
360670029012024,0,21486.517098856846,403360.41821439634,4766217.193060228,-76.18645233291483,43.04249854174835,403291.43896294874,4766145.666488348,1594081.6733105131,2394230.046081008,1.0000000000000002,True
360670029012025,0,75821.71986567779,403369.5278813342,4765841.442898391,-76.18627533185811,43.03911678763232,403195.80374072475,4765801.205218571,1594173.8964920985,2393863.440961253,0.9999999999999992,False
360670029012026,0,4906.230887688049,403193.97918663477,4765589.79467784,-76.18838625812943,43.03682881924475,403193.9757455641,4765589.792588986,1594059.4179094613,2393577.991269691,1.0000000000000002,True
360670030001000,0,4742.07204583824,405670.49400187604,4767058.471604901,-76.1582395857549,43.05036319956424,405670.49284238135,4767058.471669304,1596136.3597418491,2395563.041645849,1.0000000000000002,True
360670030001001,0,7901.773452172685,405680.8036071848,4767000.7290325165,-76.15810324080711,43.049844614431564,405680.8069085473,4767000.727384015,1596159.1747764775,2395508.6626813966,1.0000000000000002,True
360670030001002,0,6262.19742959253,405627.3711693199,4766944.663992316,-76.15874967946539,43.049333211075776,405627.3694799099,4766944.662785433,1596119.7707255075,2395441.921093959,0.9999999999999997,True
360670030001003,21,148438.4362994746,405133.96633953234,4766846.62792026,-76.16479000099523,43.0483890823184,405133.96644784254,4766846.6298826905,1595662.790822343,2395237.3137996844,1.0000000000000002,True
360670030001004,29,16765.75484964614,405545.4989710903,4766800.774489211,-76.1597303323173,43.04802756811565,405545.5016521336,4766800.777993622,1596072.2593839392,2395282.7746529514,1.0,True
360670030001005,0,11101.078821826155,405638.9164789476,4766710.0675844895,-76.15856819246227,43.04722253487484,405627.2612683815,4766766.31596685,1596183.025269779,2395214.3218089817,0.9999999999999999,False
360670030001006,0,9075.61615024429,405725.9165917882,4766783.748655497,-76.15751269059416,43.04789670629109,405725.91581608227,4766783.747967431,1596251.0900345973,2395305.7216353365,0.9999999999999998,True
360670030001007,0,4272.7351831041,405737.52990045154,4766832.892521028,-76.15737844854957,43.04834059904434,405737.533856063,4766832.892572624,1596251.4540124268,2395356.4834572473,1.0000000000000002,True
360670030001008,0,8188.817836954698,405702.6228698329,4766923.767561585,-76.15782235076924,43.049154427748725,405702.6188177442,4766923.764535381,1596197.42152926,2395437.959559103,1.0,True
360670030001009,0,2515.8724021677144,405663.05541350227,4766362.468714429,-76.15821298885011,43.04409604112167,405663.05444231315,4766362.464160369,1596283.5719320085,2394878.6345155067,1.0,True
360670030001010,22,12499.719294959332,405726.43081706547,4766392.479132303,-76.15744013875587,43.04437410145079,405726.4339715423,4766392.47892766,1596338.4038213254,2394922.001983241,1.0,True
360670030001011,150,56668.114710623246,405749.10100167285,4766552.781802313,-76.15718899220735,43.04582014949297,405749.10029118846,4766552.776314833,1596324.8318887004,2395084.239855891,1.0000000000000002,True
360670030001012,198,15194.468589927123,405906.4745190413,4766344.558102447,-76.15522200276777,43.04396499200295,405906.474756703,4766344.558987422,1596523.7257617381,2394914.55756458,1.0,True
360670030001013,13,7495.754624682158,405759.69614998717,4766321.112299631,-76.15701973001752,43.043735702334466,405759.6985913905,4766321.112006683,1596386.514700075,2394859.301715012,1.0000000000000002,True
360670030001014,29,22826.91052315037,405568.3400347457,4766641.854944707,-76.15942299082118,43.0465996300108,405568.3392411106,4766641.8516223105,1596129.6826561873,2395131.89580496,1.0000000000000002,True
360670030001015,63,14298.269372432682,405443.39605732646,4766650.283358472,-76.16095816439218,43.04665996211858,405443.39321534045,4766650.287605351,1596006.584108784,2395112.7057414986,1.0,True
360670030001016,14,14345.030641442581,405410.47505640046,4766755.434982076,-76.1613801465184,43.047602558588615,405410.4789088035,4766755.439528415,1595951.3106061385,2395208.623449735,1.0000000000000002,True
360670030001017,14,43300.96348986406,405007.8569376962,4766714.860132538,-76.16631561219523,43.047186989142794,405007.85794771794,4766714.861324436,1595569.6694413282,2395080.33600145,0.999999999999999,True
360670030001018,12,15980.359095725638,405146.4447254993,4766672.898470531,-76.1646072246808,43.04682652887675,405146.4466911912,4766672.8952358505,1595713.4457987407,2395069.6303447,1.0000000000000002,True
360670030001019,18,15677.332192326423,405281.165201881,4766715.32358568,-76.16296068358997,43.04722530790145,405281.16385317233,4766715.322726738,1595834.7462424564,2395140.8564359564,0.9999999999999999,True
360670030001020,27,15705.23110807533,405011.53467032686,4766630.119507099,-76.16625601076841,43.04642451691422,405011.53552129166,4766630.117616573,1595592.0402152496,2394998.015207672,1.0,True
360670030001021,58,15591.706943750665,405314.5268333558,4766609.439423086,-76.16253314663778,43.04627617723641,405314.5306669406,4766609.441898385,1595890.609958493,2395044.317031687,1.0,True
360670030001022,309,29986.231956283493,405408.8973965689,4766523.082507877,-76.16136004423007,43.04551045467093,405408.901068734,4766523.087491855,1596001.3353404065,2394980.3411610126,0.9999999999999997,True
360670030001023,0,15778.297872344821,405212.5236342081,4766460.66384207,-76.16375994968088,43.044923999702426,405212.52768118004,4766460.663819006,1595824.6517681328,2394875.9524047687,1.0,True
360670030001024,29,15747.415805219607,405179.5435708364,4766566.341320941,-76.16418277655764,43.04587131273891,405179.5416418583,4766566.339932759,1595769.2040386628,2394972.3730747104,0.9999999999999999,True
360670030001025,76,15561.024920180082,405044.80309296516,4766523.948954348,-76.16582952442396,43.045472808891134,405044.80506856646,4766523.947939348,1595647.8773750253,2394901.1745093437,1.0000000000000002,True
360670030001026,50,15655.806267023265,404910.78287004103,4766481.430446995,-76.16746738776233,43.0450732361041,404910.7818175111,4766481.426451472,1595527.277820732,2394830.0102236453,1.0,True
360670030001027,0,37405.02011211971,404784.8492222724,4766556.758460571,-76.16902611542692,43.045735643075886,404784.85041215,4766556.753659458,1595388.375259024,2394876.2289634333,0.9999999999999996,True
360670030001028,50,26175.057974631953,404730.858544534,4766422.461239436,-76.16966588886123,43.0445197739172,404730.85767764074,4766422.464148595,1595365.790261468,2394732.61898029,1.0,True
360670030001029,0,15478.888354736191,405078.28721200203,4766417.928055501,-76.16540042938692,43.044522473290186,405078.28964677156,4766417.930988409,1595703.8905348617,2394804.527793693,1.0,True
360670030001030,65,15410.519725030146,404945.07117119967,4766377.289633605,-76.16702872011267,43.044139934207045,404945.0727565796,4766377.285812107,1595583.6542172024,2394735.384680204,1.0,True
360670030002000,0,2865.676897702151,405596.23369703064,4766504.848869151,-76.15905735758115,43.045369609540195,405596.23022740387,4766504.847857418,1596187.1460080326,2395003.6239104257,1.0000000000000002,True
360670030002001,0,4623.32951510653,405607.79194088123,4766454.507318257,-76.15890694501535,43.04491781280155,405607.7955877567,4766454.505846008,1596209.5303856758,2394956.77920766,1.0,True
360670030002002,310,28243.87168303178,405441.9421479675,4766420.316386025,-76.1609369634427,43.04458935010174,405441.93924700125,4766420.321968452,1596056.199512651,2394886.7903779508,1.0000000000000004,True
360670030002003,42,11245.844597508269,405247.1434055912,4766371.059116589,-76.16331974339187,43.044121595007724,405247.1469475938,4766371.059621997,1595878.1240013102,2394795.659113163,1.0,True
360670030002004,93,25278.559154180526,405054.3287380269,4766304.946926536,-76.16567525855078,43.04350229131433,405054.3253752995,4766304.947937974,1595705.714083146,2394688.428637792,1.0000000000000002,True
360670030002005,98,34568.90383657563,404758.48228429793,4766307.010923806,-76.16930706433637,43.04348382373699,404758.47934269847,4766307.008328263,1595418.2100810928,2394625.4342940385,1.0,True
360670030002006,261,14060.170935277318,405540.9650125818,4766338.683253784,-76.15970760783297,43.04386671814024,405540.9656227536,4766338.681230482,1596170.3902625805,2394828.4703086866,1.0,True
360670030002007,20,7241.948452220333,405627.9581038501,4766357.306040261,-76.158642931752,43.04404519934362,405627.9606910968,4766357.30607745,1596250.663960512,2394865.8569412786,1.0,True
360670030002008,66,20082.112981417682,405338.73322632455,4766308.676297591,-76.1621848808275,43.04357137597221,405338.7317016354,4766308.678987518,1595980.8315487246,2394754.5902511594,1.0000000000000002,True
360670032001000,0,4996.287328792076,406108.7604009869,4767406.991770271,-76.15291811230549,43.05355532157504,406108.76137021196,4767406.989360575,1596484.2693394807,2396001.2481728243,0.9999999999999998,True
360670032001001,36,8895.077311734332,406007.5898140355,4767424.4013587795,-76.15416310879584,43.05369954221373,406007.59046587924,4767424.396661054,1596382.2430778455,2395996.0934806014,0.9999999999999998,True
360670032001002,0,5947.671065211476,405916.28021716466,4767424.793865827,-76.15528417216628,43.053691763850814,405916.2780056951,4767424.797911435,1596293.5604180822,2395976.4122445094,0.9999999999999997,True
360670032001003,0,11977.85008315149,405824.2151757121,4767403.422514546,-76.1564108274516,43.053487937098225,405824.21735456225,4767403.418363946,1596208.9737607632,2395935.2149049197,1.0,True
360670032001004,5,7299.177181437758,406208.17142144055,4767316.001058766,-76.15168232571916,43.05274840550083,406208.1735076178,4767316.000419147,1596600.9139556135,2395933.8341152733,1.0000000000000002,True
360670032001005,8,24476.640535731825,406114.84403777303,4767266.887044822,-76.15281979503297,43.052294685884505,406114.84365479014,4767266.888617916,1596521.2577174052,2395865.144685063,1.0,True
360670032001006,53,12002.873065853693,406006.210399752,4767331.783125675,-76.15416440485536,43.05286551314894,406006.21077508724,4767331.781660034,1596401.4543662218,2395904.9335142,1.0,True
360670032001007,0,13385.050691354036,405886.72566597845,4767335.756269865,-76.15563195638605,43.0528864793101,405886.72214571835,4767335.758616411,1596284.6397348293,2395882.5730534494,0.9999999999999999,True
360670032001008,0,41596.63098553701,405790.73230165313,4767212.624806078,-76.15678960154885,43.051765998234266,405790.7324304964,4767212.625000424,1596218.8200461192,2395740.6874422617,1.0,True
360670032001009,0,2439.4414571712914,405909.48783992755,4767264.537577814,-76.15534047421646,43.05224810687313,405909.48572959786,4767264.536843457,1596322.52705905,2395817.7110079415,1.0000000000000002,True
360670032001010,55,10609.884029628369,406006.75181165163,4767233.4099811,-76.15414114833764,43.05197990931479,406006.7557340795,4767233.408892544,1596423.8062607476,2395808.5500644227,1.0,True
360670032001011,0,12372.068252527744,405971.22643784626,4767157.551362945,-76.1545644643823,43.051292541080706,405971.22347431723,4767157.546840806,1596406.1681120354,2395726.3268909506,0.9999999999999997,True
360670032001012,0,13170.566859884642,406221.68105262733,4767209.172897471,-76.1514984759932,43.05178828081562,406221.67912672134,4767209.175054741,1596637.7242460586,2395832.0061059296,1.0000000000000002,True
360670032001013,0,5068.886910719177,406300.2985048828,4767212.548432588,-76.1505338955984,43.05182837955414,406300.29817754193,4767212.550708034,1596713.2558928202,2395852.5940199853,1.0000000000000004,True
360670032001014,0,5449.1146184208155,406329.3189977734,4767136.013491097,-76.15016474716903,43.05114290239133,406329.3228356673,4767136.013172888,1596758.394647842,2395783.8915877705,1.0,True
360670032001015,37,4742.32824720148,406223.6536232694,4767130.410912404,-76.15146099253418,43.05107941558157,406223.6529914967,4767130.4091904,1596657.1132860444,2395755.1751508536,1.0,True
360670032001016,0,4553.916345747405,406110.26672248763,4767133.214576568,-76.15285344479108,43.05109064209764,406110.27030613687,4767133.209851477,1596546.4748907413,2395733.0080820248,0.9999999999999998,True
360670032001017,0,4444.769533520184,406109.39835063525,4767092.413715783,-76.1528572243031,43.050723197042316,406109.4003344513,4767092.414017046,1596554.6849799044,2395692.7921457095,1.0,True
360670032001018,66,6299.644755038424,405974.66668146825,4767095.652222846,-76.15451177642866,43.05073567819391,405974.6647950759,4767095.65467084,1596423.2400266088,2395666.3607345615,1.0,True
360670032001019,103,23704.1984603426,405812.22150767635,4767044.349256858,-76.15649732044211,43.050253651114595,405812.2232473563,4767044.354662681,1596277.007129356,2395580.3342312807,1.0,True
360670032001020,0,16688.26019287484,405972.3947648553,4767023.306635159,-76.15452744878496,43.05008405649014,405972.3988045334,4767023.311412305,1596437.0873991703,2395594.891380913,1.0,True
360670032001021,0,11607.881255323186,406107.408969818,4767019.741406993,-76.15286939062717,43.05006866877462,406107.4082541004,4767019.744885084,1596568.8788356918,2395621.0643221876,1.0000000000000002,True
360670032001022,29,11318.503858750335,406217.64139704936,4767011.530534301,-76.15151477553302,43.050008370376474,406217.63944951596,4767011.53385136,1596677.6560442096,2395637.233712079,1.0,True
360670032001023,0,1032.8973804141158,406257.8782583975,4767056.143689955,-76.15102833305296,43.050415000742234,406257.88094919367,4767056.1435706075,1596706.7983542741,2395689.8409387036,1.0,True
360670032001024,25,4808.5984345922725,406222.7434057859,4767089.045820932,-76.15146519903155,43.05070688543079,406222.7433491122,4767089.047439937,1596665.4078909361,2395714.396496418,0.9999999999999998,True
360670032001025,39,5080.562802129743,406339.5837714104,4767086.142456382,-76.15003034279626,43.05069517038316,406339.5873019145,4767086.145697594,1596779.41921545,2395737.224412721,1.0,True
360670032001026,95,8204.520195867728,406348.7681989204,4767026.162506411,-76.14990750257527,43.05015629235641,406348.7684202907,4767026.163352364,1596801.6384012618,2395680.4030245263,1.0,True
360670032001027,0,4368.562612286385,406318.7674698854,4766983.219744335,-76.15026857169907,43.049765968772384,406318.76521248464,4766983.2232437795,1596782.057226772,2395631.683897627,1.0,True
360670032001028,87,5651.0272493705115,406249.64066862664,4766911.995909448,-76.15110518733913,43.049116193452086,406249.6396474403,4766911.996650742,1596730.787995921,2395546.623221438,1.0000000000000002,True
360670032001029,19,6119.790816908961,406190.3191537124,4766914.443516222,-76.15183382952006,43.04913090182243,406190.32155518053,4766914.443280842,1596672.687000231,2395535.9881801833,1.0000000000000002,True
360670032001030,0,11108.384529358553,406104.57149099547,4766916.79654781,-76.15288686291235,43.0491414861275,406104.56849157286,4766916.798129856,1596588.9665086397,2395519.4529889,1.0,True
360670032001031,0,16257.696102875449,405969.6147178456,4766920.148182741,-76.15454415498071,43.049154957976754,405969.61111547344,4766920.1528998995,1596457.2783930833,2395493.0832088217,0.9999999999999999,True
360670032001032,0,13832.912786315374,405820.44900336734,4766922.798151223,-76.15637575712317,43.0491603260304,405820.4454714531,4766922.795308643,1596311.9595707827,2395462.902244492,1.0000000000000002,True
360670032001033,33,10099.062811396423,405825.9070334287,4766833.50003255,-76.15629365085,43.0483570363931,405825.9029746961,4766833.496046219,1596337.0686297829,2395376.5012484426,1.0,True
360670032001034,65,12946.924180641137,405968.08903115283,4766828.682372514,-76.15454743734006,43.048331285674124,405968.09209422185,4766828.6839215765,1596476.0921566112,2395403.0209023063,1.0,True
360670032001035,164,19984.858584678994,406101.9520822973,4766775.309428231,-76.15289515838985,43.04786732707864,406101.9486519992,4766775.30646768,1596617.8173176951,2395380.0797563135,1.0000000000000002,True
360670032001036,54,11319.293662272205,406187.54884327477,4766772.351845283,-76.15184389737684,43.04785128105708,406187.54865849967,4766772.353951842,1596701.5253478736,2395395.9886556477,1.0,True
360670032001037,121,10179.171463096976,406246.35000678635,4766772.861036454,-76.15112215589309,43.04786312894152,406246.3463703623,4766772.857871748,1596758.4653078374,2395409.4098960897,1.0,True
360670032001038,205,22179.19262868066,406335.19782629755,4766768.851927823,-76.15003080904903,43.04783800062485,406335.1985623563,4766768.851848334,1596845.5611343766,2395425.0014155335,1.0,True
360670032001039,0,11614.142745901796,406337.773674712,4766908.703388727,-76.15002271385025,43.04909742862835,406337.77475917485,4766908.700194067,1596817.0314501158,2395562.7607057905,0.9999999999999999,True
360670032001040,31,8008.832414265302,405828.679729358,4766752.148379718,-76.15624585509163,43.047624956934385,405828.676137615,4766752.153212581,1596357.8090502857,2395297.305399425,1.0000000000000002,True
360670032001041,66,10938.62386769697,405979.1462804492,4766750.751393731,-76.15439854153821,43.047631028197706,405979.14962052094,4766750.748215817,1596504.1116567433,2395329.00122298,1.0,True
360670032001042,32,36686.08123813197,406095.63686949306,4766514.604952945,-76.15292871823124,43.045519373998644,406095.6383940797,4766514.607820018,1596669.5335310532,2395122.942341815,1.0,True
360670032001043,111,27291.10402822541,406205.4238824114,4766562.345977495,-76.15158909484953,43.04596276598107,406205.4235147484,4766562.349761079,1596765.463554378,2395193.9021246945,1.0000000000000002,True
360670032001044,40,15040.39333915152,406332.2087676205,4766624.199125476,-76.1500431691946,43.046535293938625,406332.2062678081,4766624.199832977,1596874.755210648,2395282.440963221,0.9999999999999999,True
360670032001045,0,13036.521456985567,406373.6057749563,4766555.933408285,-76.14952352360233,43.0459257899153,406373.6077126751,4766555.934501868,1596930.0675109106,2395224.5694941157,1.0000000000000002,True
360670032001046,0,21521.791772903853,406347.03489382437,4766440.401488351,-76.14983026121843,43.04488235569736,406347.03180246125,4766440.406451466,1596929.9198413854,2395105.3939841,1.0,True
360670032001047,0,7837.261195997156,406224.5292491826,4766422.652114174,-76.15133104636836,43.04470743446382,406224.5329734018,4766422.648235135,1596814.9950830485,2395061.0612875116,1.0,True
360670032001048,0,4329.755807973455,406026.80021750927,4766349.950467114,-76.15374592154897,43.04402844163743,406026.8019091396,4766349.945819121,1596639.2766026382,2394946.2896888205,1.0000000000000002,True
360670032001049,0,31978.302733707696,405873.2200132611,4766540.794317695,-76.15566336732421,43.045727621281806,405873.2173193076,4766540.791990981,1596447.9197058296,2395099.7565863263,1.0000000000000004,True
360670032001050,345,27434.847393749547,405968.11233190884,4766582.721554714,-76.15450561617453,43.04611685795182,405968.11371353385,4766582.726206074,1596530.6876045906,2395161.7402556143,0.9999999999999998,True
360670032001051,0,13532.164014464828,405916.9835729635,4766691.1168444315,-76.15515155449289,43.047086426751974,405916.97982564475,4766691.113924619,1596457.0287915883,2395256.839500034,0.9999999999999999,True
360670032001052,0,1521.907876154303,406032.64349756594,4766290.921442591,-76.15366423597152,43.04349771510727,406032.64640445757,4766290.919724645,1596658.0432136392,2394889.6663617943,0.9999999999999999,True
360670032001053,0,8845.206956502327,406049.46177755186,4766220.178923521,-76.15344586065466,43.042862887561824,406049.45859174436,4766220.180348831,1596690.0573439493,2394823.963796074,1.0,True
360670032001054,45,16467.329765400606,406133.3269003119,4766271.047845968,-76.15242501222504,43.0433312422089,406133.3278317097,4766271.0431449665,1596760.1418101965,2394892.2957647555,1.0000000000000002,True
360670032001055,0,14375.501406175106,406217.67954362865,4766303.360519931,-76.15139503916842,43.04363258248906,406217.68276064395,4766303.362420769,1596834.816602219,2394942.5310848337,1.0000000000000002,True
360670032001056,0,9985.621685284808,406290.38206731057,4766291.231527625,-76.15050058276667,43.043532358575874,406290.38072667853,4766291.236147044,1596908.048188554,2394946.6089047077,0.9999999999999998,True
360670032001057,0,17830.19285287278,406372.2244908191,4766288.71163399,-76.14949555356473,43.04351976737089,406372.2207582025,4766288.715309274,1596988.0159178777,2394962.121599325,1.0,True
360670032002000,0,4943.662968042956,406645.25496316666,4767112.547681686,-76.14628225478386,43.050970553558905,406645.25135111454,4767112.552889308,1597070.1459828236,2395830.2988552903,0.9999999999999998,True
360670032002001,0,8286.899895595554,406436.17520776525,4767134.157215253,-76.14885262607815,43.051139367790505,406436.17738058587,4767134.160763069,1596862.48646136,2395805.5524416026,0.9999999999999998,True
360670032002002,13,7154.88534828191,406476.5950253203,4767080.242902477,-76.14834735937767,43.05065894731453,406476.5916450374,4767080.237693429,1596913.6667066978,2395761.5453944555,1.0,True
360670032002003,0,5825.453122647099,406626.6542962221,4767071.071446179,-76.14650364724629,43.050594846872045,406626.6580729701,4767071.066188431,1597061.3003675372,2395785.523632955,1.0,True
360670032002004,0,3796.774525345264,406746.74305401795,4767065.398941871,-76.14502845116431,43.05055853746273,406746.7390199483,4767065.394835871,1597179.0781574172,2395806.3480409523,1.0000000000000002,True
360670032002005,0,4033.2537110006683,406416.1864172908,4767008.844976199,-76.14907695225526,43.05000869316401,406416.18253919145,4767008.845788583,1596870.8947489536,2395678.22998209,1.0,True
360670032002006,0,12279.819994461894,406494.39317773236,4767004.818316419,-76.14811619625738,43.04998207716876,406494.39290760655,4767004.820856017,1596947.6701226523,2395691.4657783257,1.0,True
360670032002007,4,14346.30498035533,406625.12993343105,4767000.512601521,-76.14651052697755,43.04995940363568,406625.13212505996,4767000.512167759,1597075.4759565382,2395715.971060634,1.0,True
360670032002008,0,13886.836032880517,406766.7921404448,4766995.21879508,-76.14477057019305,43.049929153413544,406766.7897834349,4766995.224001658,1597214.1017994075,2395741.907561786,0.9999999999999999,True
360670032002009,0,1708.9364447901485,406856.6560184506,4766967.132438546,-76.1436626866702,43.04968731694827,406856.65490717354,4766967.130571221,1597307.5258672421,2395734.1020930745,1.0000000000000002,True
360670032002010,0,7184.56772739992,406874.0715006951,4766888.217088142,-76.14343569255063,43.0489789615426,406874.07095217006,4766888.221367133,1597341.9320741664,2395660.5135231325,1.0000000000000002,True
360670032002011,0,14564.327950614412,406765.94803531526,4766896.246405088,-76.14476435908803,43.04903798036831,406765.94473299244,4766896.248630655,1597235.2412349028,2395644.630835089,0.9999999999999999,True
360670032002012,0,14327.60162093005,406622.9238273667,4766900.016351953,-76.14652075501692,43.04905434383509,406622.92009723326,4766900.011534081,1597095.6321788346,2395616.900238393,0.9999999999999999,True
360670032002013,5,15127.52996742972,406474.4776886506,4766904.830358651,-76.1483438862258,43.04907941228517,406474.47654814913,4766904.829009722,1596950.530838193,2395589.002043817,1.0,True
360670032002014,0,11994.076133319586,406883.3910834016,4766778.766472793,-76.14330298134654,43.04799469695143,406883.3895687633,4766778.766832035,1597375.2576449302,2395555.190857657,1.0000000000000002,True
360670032002015,9,13122.105020661143,406771.175155819,4766797.659758624,-76.14468368376737,43.04815102567707,406771.17379484716,4766797.656925197,1597262.1858311703,2395549.0664909245,1.0000000000000002,True
360670032002016,0,8685.430401227202,406618.51330034266,4766819.903170923,-76.14656146253289,43.04833252576301,406618.51020972524,4766819.900351608,1597109.1271995623,2395537.3405382535,1.0,True
360670032002017,0,5719.578731522093,406515.7528751119,4766807.675154188,-76.14782088032818,43.04820978792007,406515.7512912746,4766807.676517586,1597012.1346535033,2395502.763651732,1.0,True
360670032002018,38,15619.274005836014,406441.15243259305,4766770.823085221,-76.14873046935138,43.04786881172094,406441.14991856285,4766770.821817771,1596947.9283530181,2395450.218645731,1.0,True
360670032002019,0,5450.5186478034575,406508.35454294464,4766709.33676401,-76.14789518953796,43.047323516248746,406508.35366616485,4766709.334971228,1597026.7744407465,2395404.668444331,0.9999999999999998,True
360670032002020,0,8856.101709398266,406618.5526967079,4766759.444371147,-76.14655083947711,43.0477882074394,406618.5559006857,4766759.44350107,1597122.579213385,2395478.039445946,1.0,True
360670032002021,323,64569.82024926992,406628.6563076925,4766544.217196539,-76.14639072103888,43.045851714484336,406628.65799931483,4766544.2155646365,1597180.1341885917,2395269.122342321,1.0000000000000002,True
360670032002022,0,4447.845897962016,406720.9226120066,4766568.058439271,-76.14526211284429,43.046077703304256,406723.2980671455,4766472.815238584,1597264.367696221,2395312.7854937105,0.9999999999999998,False
360670032002023,867,77193.72150962864,406828.3105995049,4766558.033976179,-76.14394220438446,43.046000636506925,406828.31090135645,4766558.029917191,1597370.7870653386,2395326.549153372,1.0000000000000004,True
360670032002024,237,40053.6655879341,406823.3539493364,4766278.706440553,-76.14395631437486,43.0434851805182,406823.35514968436,4766278.708588061,1597427.9504913464,2395051.439243678,1.0,True
360670032002025,0,1502.428165037299,406706.73005912907,4766296.095897651,-76.14539077235233,43.043627421759574,406706.72777419916,4766296.093511967,1597310.9362468205,2395042.87140804,1.0000000000000002,True
360670032002026,0,28390.05095728401,406615.9296817233,4766289.159599203,-76.14650417577256,43.04355381124369,406615.92769129714,4766289.158377539,1597224.3747974106,2395016.1141084647,1.0,True
360670032002027,0,18331.73934756567,406478.64147255436,4766286.562545508,-76.14818893716694,43.043513532865276,406478.6444499455,4766286.5588543825,1597091.7451987835,2394983.3981123823,1.0000000000000002,True
360670032002028,0,14289.914213170083,406481.86015410343,4766438.288129144,-76.14817490605874,43.04487994647833,406481.86057697947,4766438.282960939,1597061.2049742297,2395132.9483339605,1.0000000000000002,True
360670032002029,0,18046.348508439165,406485.9955083887,4766589.6210111175,-76.1481495564853,43.04624293710531,406485.99190781894,4766589.616939031,1597031.6413267853,2395282.3143710303,0.9999999999999998,True
360670032002030,0,1784.9753520428808,406672.7491428475,4767094.172041085,-76.1459416455218,43.05080849452149,406672.75285855564,4767094.172598854,1597100.8999184202,2395818.3143072403,1.0000000000000002,True
360670034001000,157,24291.141784832158,408257.20465918933,4766573.786497764,-76.12640448535356,43.04631646230744,408257.2035224409,4766573.79069956,1598753.7116007365,2395655.971214842,1.0,True
360670034001001,124,22161.225862745883,408042.99217817275,4766606.533801844,-76.12903946322201,43.046585380701295,408042.98921151494,4766606.535985274,1598538.601019485,2395641.030199218,1.0000000000000002,True
360670034001002,194,20761.4305651324,407848.5548609825,4766554.650131525,-76.13141770529654,43.04609468407853,407848.55531621247,4766554.651893798,1598361.4531503262,2395547.4100117846,0.9999999999999998,True
360670034001003,184,31836.632489423926,407701.24018896796,4766558.318891533,-76.13322666865997,43.04610982085613,407701.2376050982,4766558.316609913,1598217.703403597,2395518.640424115,0.9999999999999999,True
360670034001004,133,30493.5767323836,407520.1849306447,4766560.541072814,-76.13544957309875,43.04610779615021,407520.18274536275,4766560.54152998,1598041.5370630624,2395481.037641591,1.0000000000000002,True
360670034001005,27,16688.331131100196,407380.35193354264,4766566.204264292,-76.13716702730954,43.04614173822544,407380.3541003464,4766566.199989189,1597904.6043581686,2395455.8677638806,1.0,True
360670034001006,113,14704.939710824365,407973.99258497247,4766519.405527089,-76.12987207390917,43.045792581738716,407973.9904872037,4766519.407583626,1598490.9813449304,2395540.3962664176,1.0,True
360670034001007,44,15874.69889874268,408131.84817244974,4766509.649085567,-76.12793272115952,43.04572385825635,408131.84995817195,4766509.653698066,1598646.3094134028,2395565.509030071,0.9999999999999999,True
360670034002000,0,13849.448999611712,408040.3980317674,4767128.036291052,-76.1291574404032,43.05128028977755,408040.4013375449,4767128.037381989,1598420.3909671397,2396152.0548550133,1.0,True
360670034002001,0,15461.92340166863,407682.1651252425,4767130.088749444,-76.13355562526215,43.05125528771369,407682.16720106476,4767130.090086058,1598072.3477191012,2396075.3551389663,1.0000000000000004,True
360670034002002,0,36613.32036153874,407218.86881502287,4767120.525705986,-76.13924167354651,43.05111270585743,407218.8666517707,4767120.52508476,1597624.9412418008,2395964.172280573,1.0000000000000002,True
360670034002003,0,8928.835899406668,406918.49977549573,4767124.54789454,-76.14292980278908,43.05111214755571,406918.4999307188,4767124.542610344,1597332.6068745253,2395902.115115173,1.0,True
360670034002004,0,3015.806410287105,406810.83985717205,4767124.602743635,-76.14425148952672,43.05109943280069,406810.83895454276,4767124.599112719,1597228.13463123,2395878.5113619943,1.0,True
360670034002005,0,2332.45625154382,406755.02170546347,4767116.525200577,-76.14493538293276,43.05101985477397,406755.02038399404,4767116.530241929,1597175.7676385806,2395858.3216202157,0.9999999999999996,True
360670034002006,0,634.6251821947508,406791.07582017063,4767091.864546046,-76.14448863977066,43.05080225745746,406791.079123614,4767091.869226257,1597216.2214483398,2395842.052464989,1.0,True
360670034002007,0,1539.8023221434894,406899.7989877149,4767088.81463363,-76.14315340584116,43.050788140078566,406899.7994028055,4767088.810176391,1597322.3897718813,2395862.951735484,1.0,True
360670034002008,0,1342.0596048893158,407061.684760908,4767083.274825834,-76.14116511347167,43.050758100434685,407061.68585741665,4767083.274762642,1597480.6931025202,2395893.090177757,1.0,True
360670034002009,0,7732.683602028672,407075.31488595,4767057.85347504,-76.14099354215374,43.0505308949496,407075.31832668895,4767057.853989215,1597499.5581237269,2395871.1470865877,1.0,True
360670034002010,0,13406.893935193066,407303.9656837721,4767053.2948515685,-76.13818579331479,43.05051780689169,407303.9651289308,4767053.2940936275,1597722.4246305304,2395916.918222956,1.0,True
360670034002011,0,8533.553125095024,407534.3168285435,4767045.626789173,-76.13535665376307,43.05047686200773,407534.3131199615,4767045.631059191,1597947.631081559,2395960.011706416,1.0,True
360670034002012,0,8971.103378923088,407535.9541248802,4767093.941712542,-76.13534457807981,43.05091205225232,407535.95241138863,4767093.9470391115,1597938.5009101834,2396007.768184881,1.0,True
360670034002013,0,8761.306283736469,407716.4756159828,4767087.303577384,-76.13312732082981,43.050874254086686,407716.4773812523,4767087.308653188,1598115.130460414,2396040.9221717557,1.0000000000000002,True
360670034002014,17,5542.442850570297,407864.12294746586,4767081.908763914,-76.13131384787127,43.05084361762408,407864.1268198237,4767081.906754187,1598259.5870655992,2396068.072022455,1.0,True
360670034002015,0,13277.963983914327,408051.02678853634,4767074.014082975,-76.12901803401165,43.05079520137059,408051.02955647436,4767074.013893505,1598442.6884048698,2396101.394572914,1.0,True
360670034002016,0,8560.866933477704,407898.52356376394,4767033.617929025,-76.13088354284807,43.05041301744395,407898.5270273262,4767033.6159448335,1598303.6786681558,2396028.257492284,1.0,True
360670034002017,0,8403.934019026776,407715.23647331254,4767039.7504554745,-76.13313465060767,43.05044597098283,407715.2324941752,4767039.75373217,1598124.4778172562,2395994.000455344,1.0,True
360670034002018,0,17882.435305495797,407713.12951337587,4766966.977948893,-76.13314845355886,43.04979052599209,407713.1256920671,4766966.975113521,1598138.5780795556,2395922.147873495,1.0,True
360670034002019,0,18514.093310948578,407896.68336261844,4766961.26782483,-76.13089416487315,43.04976140780898,407896.6804900736,4766961.266996188,1598317.943852632,2395956.877788242,1.0,True
360670034002020,0,34096.7666506803,408074.63246641366,4766905.346357912,-76.1287003921946,43.04927950067131,408074.63182970573,4766905.346291911,1598503.0107553331,2395941.118280091,0.9999999999999998,True
360670034002021,0,6812.344664905711,408071.67951095535,4767025.068085259,-76.1287564106906,43.05035702908837,408071.68033818057,4767025.064843263,1598473.5858689619,2396057.9165065796,1.0000000000000002,True
360670034002022,30,18061.506395098626,407710.2540320477,4766867.33840426,-76.13316723741268,43.048893096876775,407710.2570837984,4766867.338709953,1598157.8931317553,2395823.769783696,1.0,True
360670034002023,44,36175.086162786305,407530.9017905151,4766922.175146215,-76.13537807432506,43.049364981217536,407530.8997276593,4766922.177260312,1597971.7056653553,2395838.155640951,1.0,True
360670034002024,0,55973.60029313757,407300.9661446543,4766929.010357675,-76.13820192338137,43.049398478548405,407300.96808123955,4766929.012714065,1597747.087565569,2395794.3365798984,0.9999999999999999,True
360670034002025,0,18017.41955977054,407072.7889947103,4766986.792236727,-76.14101268988485,43.049890805628124,407072.7881623993,4766986.791622918,1597512.8729306736,2395800.8814144493,1.0,True
360670034002026,0,7494.565870666219,406942.002981587,4766997.594106099,-76.14262004747818,43.04997203661157,406942.00679301505,4766997.5899877045,1597383.577706516,2395782.7390922387,1.0000000000000002,True
360670034002027,0,5675.994760045667,406916.0730426367,4767063.564902516,-76.14294939816057,43.05056280698805,406916.07288225903,4767063.564128528,1597343.7820823286,2395841.7580629284,0.9999999999999999,True
360670034002028,0,1963.3227693207637,406814.4717615273,4767067.798090676,-76.14419739481342,43.050588454344755,406814.4714082454,4767067.803166488,1597244.261464221,2395823.5846106885,1.0,True
360670034002029,0,5578.43181956323,406876.25666041893,4766999.915545705,-76.14342754996274,43.04998487492026,406876.2607675005,4766999.918275388,1597319.2705417632,2395770.569177098,0.9999999999999997,True
360670034002030,0,3683.139120009406,406925.7862300653,4766894.487006503,-76.14280189110936,43.04904175289202,406925.7855772069,4766894.492247742,1597390.7185176017,2395678.0281629013,1.0,True
360670034002031,0,3478.322114365178,406961.17356319126,4766896.682974636,-76.14236784296071,43.049065861290764,406961.1771206226,4766896.687225699,1597424.566774386,2395687.9584404505,1.0000000000000002,True
360670034002032,24,18476.215863102538,407069.6711446224,4766886.365366702,-76.14103420294569,43.04898625841586,407069.67144731863,4766886.369981392,1597532.128448482,2395701.6780547127,1.0,True
360670034002033,59,23125.502379338905,407066.62602905487,4766771.0074256575,-76.141052330739,43.04794729216728,407066.6285444529,4766771.008261448,1597554.7671622443,2395587.8431924055,1.0,True
360670034002034,0,1939.5961764847473,406962.13112547854,4766792.349927727,-76.14233865430715,43.0481266451924,406962.1273356751,4766792.344959731,1597448.6433682367,2395585.818580891,0.9999999999999999,True
360670034002035,0,2593.5518898343394,406941.72181153303,4766783.969202195,-76.14258779477645,43.04804869029841,406941.72140076297,4766783.970285358,1597430.7001063235,2395573.112367869,1.0,True
360670034002036,759,17004.71323504808,407385.9502525708,4766739.295516761,-76.13712709403333,43.04770080317602,407385.9497618286,4766739.295170645,1597871.6350206828,2395626.9006104623,1.0,True
360670034002037,205,32277.237284642146,407524.5587996996,4766733.669122838,-76.13542463347639,43.04766704316183,407524.56146138615,4766733.664292797,1598007.371871879,2395651.8376718303,0.9999999999999998,True
360670034002038,56,14937.482775655939,407707.7604856463,4766776.014864652,-76.13318271081941,43.04807058513031,407707.7613891391,4766776.016504044,1598175.733881027,2395733.633473233,1.0,True
360670034002039,88,15225.693106371877,407891.5084952146,4766770.882717467,-76.1309261972728,43.048046694128345,407891.5082818824,4766770.883372511,1598355.1593004558,2395768.972872064,1.0,True
360670034002040,0,18779.44200488303,407894.13072768715,4766861.753464271,-76.13090903904634,43.04886514491869,407894.13384059095,4766861.7484331615,1598337.5441175005,2395858.693341754,1.0000000000000004,True
360670034002041,0,1181.6766052150215,406968.66260576854,4766752.568340262,-76.14225182835796,43.04776928311232,406968.66494094406,4766752.570184217,1597463.8066993023,2395548.228193369,1.0000000000000004,True
360670034002042,31,10644.947143711734,407251.59571196174,4766701.354424131,-76.13877007785126,43.04734280927831,407251.5938940349,4766701.353418243,1597749.6916280582,2395560.1582504376,1.0,True
360670034002043,0,17823.785128687607,407247.5016031457,4766780.5918259155,-76.13883353485248,43.04805570192511,407247.5044388374,4766780.591573611,1597728.1398203298,2395636.990423709,0.9999999999999998,True
360670034002044,75,16201.669015562633,408244.737403897,4766848.144330646,-76.12660273721453,43.04878507380489,408244.74047388125,4766848.147198947,1598680.750592638,2395922.378368615,0.9999999999999999,True
360670034002045,114,25543.474600020898,408239.56388791575,4766725.866478122,-76.12664609617246,43.047683547966976,408239.56350466766,4766725.86115554,1598702.857280895,2395801.286598569,1.0000000000000002,True
360670034002046,74,26655.717956255314,408068.4152068281,4766727.94397112,-76.1287474253844,43.04768154742209,408068.4172034684,4766727.938677057,1598536.3341396218,2395765.7200789223,1.0,True
360670034002047,67,15354.932655099221,407887.5524147833,4766689.022609107,-76.1309612197449,43.047309206504465,407887.5540132096,4766689.02186511,1598369.4812848533,2395687.7986598467,0.9999999999999999,True
360670034002048,54,16070.569052552157,407703.66441186616,4766690.477690757,-76.1332188152774,43.04729997456294,407703.66569430596,4766690.480498761,1598190.736029319,2395648.8213481246,0.9999999999999999,True
360670035001000,145,38741.208798035324,409126.55360556307,4766559.640503401,-76.11573042880556,43.04629365075934,409126.5560244181,4766559.64594042,1599600.3631652775,2395833.0969710564,1.0,True
360670035001001,233,40883.256160415,408913.12627984176,4766568.1256243,-76.11835175726468,43.046344470012194,408913.12284350366,4766568.129000846,1599391.3958248594,2395794.5304508614,0.9999999999999998,True
360670035001002,125,20817.397185269863,408735.58559330966,4766576.499246793,-76.1205325415571,43.04639853987758,408735.5889189312,4766576.49477317,1599217.2735762247,2395763.7383718262,0.9999999999999998,True
360670035001003,0,12323.360484231629,408589.4518222191,4766619.552961258,-76.12233348385891,43.04676858486593,408589.45053004165,4766619.554659487,1599065.9317119324,2395773.867557897,1.0,True
360670035001004,123,38242.67824357394,409180.6187450539,4766252.291050703,-76.11501662533959,43.0435329570463,409180.62087237864,4766252.295793317,1599721.0007639832,2395543.4606530704,1.0,True
360670035001005,142,39522.08933847472,409086.36268400203,4766256.454659687,-76.11617430001357,43.04355916386623,409086.362738469,4766256.45867235,1599628.6223935732,2395526.8372257394,1.0,True
360670035001006,117,43208.83344253162,408990.23894475674,4766260.202334464,-76.11735483325505,43.04358139032731,408990.2416677411,4766260.203372562,1599534.5241491357,2395509.3953507002,1.0,True
360670035001007,161,56351.83132318117,408877.45869121776,4766257.021774845,-76.11873869261697,43.04353922892109,408877.45804704784,4766257.018571156,1599425.8014288954,2395481.497074641,0.9999999999999999,True
360670035001008,126,22128.09396229016,408745.1664634082,4766406.346000076,-76.12038704805245,43.04486775183449,408745.1704486861,4766406.35129664,1599264.315753414,2395598.92111708,0.9999999999999999,True
360670035001009,67,26724.363141346745,408634.0225121367,4766432.863202571,-76.12175571974768,43.04509312794319,408634.0240791072,4766432.860077963,1599150.5925612852,2395600.515625196,1.0000000000000002,True
360670035001010,109,22546.141318668317,408445.8655119404,4766592.608270733,-76.12409166650535,43.0465086931756,408445.8627940201,4766592.609065126,1598932.5899817916,2395715.8870092346,1.0,True
360670035001011,107,18434.859506319885,408442.1109011019,4766508.7345561925,-76.12412396623306,43.0457531017637,408442.1081481966,4766508.734397168,1598947.5535212392,2395632.781243479,1.0000000000000002,True
360670035002000,0,168379.47653746838,408905.1622507106,4767260.594166832,-76.11856281765756,43.0525780119945,408905.163670985,4767260.592815664,1599230.0563468288,2396472.095910941,1.0,True
360670035002001,0,102861.33054403306,408460.979347251,4767061.536095325,-76.12398322922337,43.050732403100874,408460.9817226585,4767061.535719094,1598843.2280336772,2396179.2278064652,0.9999999999999999,True
360670035002002,0,41077.828487022394,408413.2361392857,4767213.925492889,-76.12459441500529,43.05209864767766,408413.23729036964,4767213.92018187,1598763.0974314257,2396318.2317808415,1.0000000000000004,True
360670035002003,9,25668.24214858189,408743.4519908704,4767022.097417987,-76.12050900849157,43.05041133453662,408743.45263123896,4767022.093573435,1599126.0567895572,2396202.601282296,1.0,True
360670035002004,0,8092.391441464614,408766.18112856516,4766944.318498256,-76.1202172316162,43.049713800525325,408766.18370272557,4766944.318405546,1599165.3647159021,2396131.293718269,0.9999999999999999,True
360670035002005,0,9472.491897102404,408980.09298770997,4767024.409041115,-76.11760429142517,43.05046055661442,408980.09235351486,4767024.413868415,1599355.154353744,2396256.860835318,1.0000000000000002,True
360670035002006,390,92623.48718788082,409024.78031697357,4766895.428436327,-76.11703461633967,43.04930466254216,409024.78170311206,4766895.432578335,1599427.126006984,2396140.1481093722,0.9999999999999997,True
360670035002007,0,3299.568127338458,409143.6513380438,4767085.64371393,-76.11560637696311,43.05103146362779,409143.6495155693,4767085.647778032,1599500.2698267302,2396352.866830184,1.0,True
360670035002008,32,19199.384201563098,409069.70223076985,4767118.623114107,-76.11651960077313,43.05131953269018,409069.70224543574,4767118.619483001,1599421.2017981654,2396368.972789567,1.0000000000000002,True
360670035002009,0,13158.653868075573,408749.6628304664,4766882.78711314,-76.12040992954611,43.04915783046093,408749.6651916716,4766882.783698307,1599162.9870452734,2396067.3019442745,1.0,True
360670035002010,0,11330.896911061807,408591.03702146484,4766861.323919767,-76.12235371471854,43.04894550836034,408591.0382077949,4766861.322975312,1599013.8358971234,2396011.394714748,1.0000000000000002,True
360670035002011,12,27728.39299609097,408310.50693598203,4766926.197390184,-76.12580820253682,43.04949575277345,408310.50721294514,4766926.202631956,1598727.2502662358,2396013.3992383173,1.0000000000000002,True
360670035002012,0,1433.2743896813622,408196.65907877305,4767010.96845976,-76.12721979521076,43.05024521053939,408196.65867300244,4767010.9672945915,1598597.9795560348,2396071.545393631,1.0,True
360670035002013,28,6621.820604538994,408575.0384988331,4766810.586490313,-76.1225417826165,43.048486778495935,408575.03711497004,4766810.5888972925,1599009.568261901,2395958.105974358,1.0,True
360670035002014,45,11932.062275785676,408405.1952628554,4766831.441068265,-76.12463020427181,43.04865406579201,408405.1956616793,4766831.444862426,1598840.1456744035,2395941.2476033964,1.0,True
360670035002015,163,24255.155592624855,408410.55695770396,4766724.688527707,-76.12454682423116,43.0476935899822,408410.5589461501,4766724.6896137465,1598869.030053534,2395837.700884846,1.0,True
360670035002016,98,22963.6652568285,408582.5192191996,4766723.210524604,-76.12243560390834,43.047701008732865,408582.51952454896,4766723.209550556,1599036.209968254,2395874.0332187493,1.0,True
360670035002017,85,15789.476938561163,408729.30311783677,4766719.957130458,-76.12063317661718,43.04768937770584,408729.3012464484,4766719.95963167,1599179.3537306136,2395903.091485321,0.9999999999999999,True
360670035002018,12,4508.072276753887,408737.81877949525,4766807.3346186085,-76.12054296122328,43.04847708619935,408737.8156417758,4766807.336193347,1599168.2329109735,2395990.6803805167,1.0000000000000002,True
360670035002019,0,4800.985520334777,408527.0840099503,4766916.757210907,-76.12314791348413,43.049436886819706,408618.5930454337,4766903.761134118,1598939.486054533,2396051.7236536834,1.0000000000000002,False
360670035002020,54,21986.110734476235,409114.59453602653,4766717.138297798,-76.11590293954268,43.04771022003118,409114.59772705607,4766717.1360305,1599553.8217473675,2395984.976603642,1.0,True
360670035002021,69,28168.813336098323,408903.69412072096,4766719.3127022805,-76.11849227599394,43.04770452059493,408903.6921350354,4766719.310441256,1599348.7056753314,2395940.774120499,1.0,True
360670036011000,0,161164.28184033043,409717.99344148516,4767599.776939012,-76.10863883018074,43.055728891788696,409717.9959113222,4767599.777818413,1599943.506013304,2396983.4144732202,1.0000000000000004,True
360670036011001,19,201375.64424336355,409578.1836725785,4767376.362959705,-76.11031904806607,43.053700783360405,409578.1876114518,4767376.364755753,1599857.406490771,2396733.529511951,1.0000000000000004,True
360670036011002,0,11688.95895065013,409903.62960088765,4767338.330166439,-76.10631736569646,43.05339706068526,409903.6268648063,4767338.3345692,1600181.6225381824,2396767.7181940656,1.0,True
360670036011003,0,9074.646265686866,409543.032378929,4767256.157215026,-76.11073106961973,43.05261434541467,409543.02983801276,4767256.15220444,1599849.9630269227,2396607.8852208126,0.9999999999999998,True
360670036011004,0,6917.17720644176,409286.7155840032,4767139.992662892,-76.11385890150481,43.05153789308127,409286.7157167553,4767139.993429595,1599627.0279998,2396437.614835259,1.0,True
360670036011005,0,25113.34874847514,409322.58155452233,4767076.362957367,-76.11340822445727,43.05096930048071,409322.5835456645,4767076.362877556,1599675.9433131584,2396383.0735716936,1.0,True
360670036011006,49,65240.97488881311,409581.87060514046,4767148.278210069,-76.11023673661572,43.05164770402559,409581.8735812507,4767148.277723572,1599911.5775510902,2396510.5880132522,1.0000000000000002,True
360670036011007,186,160782.87656595427,409913.4883633041,4767106.6724777995,-76.10615884094533,43.0513125409896,409913.49163795536,4767106.66788192,1600242.5742505959,2396542.6263644965,1.0,True
360670036011008,68,24894.682135759696,409591.4697035083,4766907.437950473,-76.11007978157201,43.04948048602214,409591.4682231912,4766907.439522576,1599974.3152872648,2396276.430874924,1.0000000000000002,True
360670036011009,114,22111.155393609737,409500.6713901746,4766903.899716491,-76.11119386710428,43.04943781161693,409500.66869393206,4766903.898461896,1599886.999240997,2396253.0118946526,1.0,True
360670036011010,80,22112.632207973948,409415.526377929,4766898.164152445,-76.11223819229278,43.0493760177103,409415.525724157,4766898.162194022,1599805.6560275962,2396228.679182597,1.0,True
360670036011011,375,43039.97415699145,409288.18300146685,4766894.389508421,-76.11380086945717,43.0493268280195,409288.1804726337,4766894.386429849,1599682.9332352332,2396196.9990810542,1.0,True
360670036011012,79,24671.09259384837,409687.2711189705,4766913.071962613,-76.10890461492832,43.04954261376769,409687.2723145886,4766913.070417634,1600066.0209799416,2396303.0048373644,1.0,True
360670036011013,83,36223.06180336064,409923.8060104454,4766841.640704458,-76.10598929572585,43.048927596680464,409923.80566719576,4766841.641077683,1600311.3741734724,2396284.89433967,1.0,True
360670036012000,45,10597.676923914849,410059.87653735693,4766750.089274828,-76.10430408614661,43.048119460728344,410059.87546644255,4766750.093650819,1600463.710143623,2396224.9741867012,0.9999999999999998,True
360670036012001,120,25662.251887420993,409873.8218029497,4766741.486432316,-76.10658669701449,43.04801994232325,409873.82149782137,4766741.481735495,1600285.0909039315,2396175.6608225494,1.0,True
360670036012002,146,31189.23033234564,409702.6099800387,4766620.646197939,-76.10866888815706,43.04691163406811,409702.60896548483,4766620.642427393,1600145.770431562,2396019.501443208,1.0000000000000002,True
360670036012003,151,32836.208077956166,409607.48645498976,4766608.365452055,-76.10983460435794,43.04678974728295,409607.4867404972,4766608.360196557,1600056.1972635647,2395986.556008252,1.0,True
360670036012004,107,30434.46192779018,409517.30936282984,4766595.483954059,-76.11093949732906,43.04666302941727,409517.309102046,4766595.480690132,1599971.5569093993,2395954.1077836854,1.0000000000000002,True
360670036012005,122,31378.165047668706,409432.3257426443,4766586.5554642845,-76.11198127529843,43.04657251065241,409432.3237150823,4766586.554307982,1599891.0789451215,2395926.6783676227,0.9999999999999999,True
360670036012006,72,19726.47642956919,409356.5290646672,4766596.463406373,-76.11291334077566,43.04665266962137,409356.5324304862,4766596.466735901,1599815.3366065144,2395919.745953599,0.9999999999999998,True
360670036012007,48,10703.69148964215,409330.3501289868,4766574.685405651,-76.1132311582848,43.04645346955368,409330.34677621524,4766574.6888318015,1599794.766520296,2395892.6301166853,1.0,True
360670036012008,29,9235.702755388042,409254.4546461629,4766715.720028528,-76.11418580558777,43.04771418074344,409254.4551296555,4766715.722160941,1599689.8408053494,2396014.312654737,1.0,True
360670036012009,136,19726.466856890824,409264.46543819935,4766545.971943034,-76.1140352544539,43.04618708241547,409264.46175446524,4766545.973945049,1599737.2089897275,2395849.987104468,1.0,True
360670036012010,44,18809.400166447427,410065.97826889873,4766616.581962686,-76.10420761821786,43.046918171819,410065.97979386954,4766616.585072682,1600499.2446631803,2396095.3419115315,0.9999999999999998,True
360670036012011,114,26408.025593059054,409879.67457290913,4766641.601098129,-76.10649868243644,43.04712133615932,409879.67308946623,4766641.597101471,1600312.9262434146,2396078.9577195616,1.0000000000000002,True
360670036012012,125,25454.29725341424,409876.86301715643,4766541.165803669,-76.10651694144555,43.04621674987452,409876.86631980404,4766541.160220567,1600332.476647365,2395979.811455153,1.0000000000000002,True
360670036021000,11,480064.58203081356,411033.14681596844,4767657.166091343,-76.09250116730131,43.0564008842241,411033.1441759662,4767657.167877938,1601206.8822331112,2397328.6309654824,1.0000000000000002,True
360670036021001,0,247623.03396658204,410606.3361570682,4767814.390695816,-76.09776666004218,43.05776628122713,410606.3329304587,4767814.392823126,1600757.8683843943,2397389.108959829,1.0,True
360670036021002,0,16262.152699365162,411432.68847801693,4767535.951580672,-76.08757642714183,43.0553562730759,411432.6907270941,4767535.954541966,1601621.4459574644,2397297.486841454,0.9999999999999999,True
360670036021003,0,18386.560551985043,411665.84104917606,4767511.078639083,-76.08470994833483,43.05515950279262,411665.8449813821,4767511.078278079,1601853.1936772794,2397324.301400829,1.0,True
360670036021004,0,40178.12341090674,411441.91194128944,4767461.184329252,-76.08745129039345,43.05468419140904,411335.47731664777,4767481.735972912,1601646.9787432416,2397226.165399606,1.0,False
360670036021005,60,35946.81263956867,411033.0963718229,4767419.466711344,-76.09246379268681,43.054260784458805,411033.09579872264,4767419.468444959,1601259.5530490126,2397095.436513555,0.9999999999999998,True
360670036021006,0,35283.309177738076,410625.61675342004,4767443.56342045,-76.09747038720212,43.05442986538604,410625.61576146504,4767443.5672779875,1600858.8280938687,2397029.561669353,1.0000000000000002,True
360670036021007,483,256469.6502140726,410508.2520664909,4767244.550541802,-76.09887930958422,43.05262425491942,410508.25291258213,4767244.555537812,1600789.0908996756,2396808.5462366776,1.0000000000000002,True
360670036021008,0,1016.5422602094532,410804.66248659644,4767103.930858859,-76.0952177737131,43.051393092752065,410804.6603562578,4767103.931691686,1601107.8889336025,2396735.7118154475,1.0,True
360670036021009,181,26199.582248818107,411036.29043124174,4767307.281903016,-76.09240664883123,43.05325111795181,411036.2943820539,4767307.279857686,1601287.5350206979,2396986.0837701024,1.0,True
360670036021010,52,8260.739123468757,411217.7370054374,4767318.671695471,-76.09018083467089,43.05337490874639,411217.7398163749,4767318.670687497,1601461.0678408705,2397037.1156039354,1.0,True
360670036021011,58,14395.29370092792,411220.7407925503,4767186.6025402,-76.09012289419765,43.05218619203842,411220.74033148936,4767186.603430477,1601493.2751835217,2396908.213933273,1.0000000000000002,True
360670036021012,80,26065.696100635585,411040.9901624443,4767212.94600497,-76.09233387455971,43.05240232798898,411040.9880501267,4767212.942923741,1601313.0190000143,2396894.5715661836,1.0000000000000002,True
360670036021013,22,8766.648529123535,410856.10900081426,4767200.505484598,-76.09460164605947,43.0522686323077,410856.1127051115,4767200.501847875,1601136.3870390798,2396841.7541211406,0.9999999999999998,True
360670036021014,29,9129.40550476361,410858.4079943935,4767108.279324036,-76.0945586538854,43.051438556737786,410858.40430141985,4767108.284177319,1601159.073888318,2396751.7841652217,1.0,True
360670036021015,62,26037.43337475373,411045.47218172555,4767118.863919627,-76.09226381587725,43.05155579749129,411045.4734784127,4767118.864181392,1601338.2354491125,2396803.260390845,0.9999999999999999,True
360670036021016,82,23672.3520993168,410233.3411957587,4767065.4720743075,-76.10222548492193,43.050979490306766,410233.3399819081,4767065.473166877,1600562.0657793544,2396572.4760154216,0.9999999999999999,True
360670036021017,15,2053.8810637953675,411250.73791252874,4767109.114754428,-76.08974227079803,43.051492048011205,411250.7354650491,4767109.109453632,1601539.5682501073,2396838.7867045295,0.9999999999999998,True
360670036022000,31,33876.14330684938,411022.69184474595,4766991.454716777,-76.09252312063573,43.05040601549412,411022.6935029769,4766991.452974266,1601344.391158618,2396673.2659632866,1.0000000000000002,True
360670036022001,34,18749.912470909418,410870.4068157603,4766974.922868185,-76.0943899983278,43.050239308867454,410870.4066667291,4766974.921885224,1601200.295356072,2396623.5954147186,1.0,True
360670036022002,0,2068.396150458348,410811.3682071933,4766966.940217455,-76.09511350369279,43.0501605042443,410811.3685017946,4766966.939742197,1601144.7806764366,2396602.7951617674,1.0,True
360670036022003,38,18329.268681639314,410754.5456817843,4766964.231480941,-76.09581064696808,43.05012943854822,410754.54945111444,4766964.227150188,1601090.246540423,2396587.655421058,1.0,True
360670036022004,36,18547.125032320117,410651.94576849963,4766957.880857854,-76.0970691868617,43.05006019299419,410651.9447086434,4766957.881649841,1600992.1024032237,2396558.88673551,1.0,True
360670036022005,55,18578.85748792757,410493.8485652158,4766993.108893215,-76.09901571382015,43.05035873963056,410493.8496331341,4766993.104477472,1600830.8868567199,2396558.715529149,1.0000000000000002,True
360670036022006,77,25095.220893128426,410247.4530651722,4766979.046697739,-76.10203830682713,43.050203041700186,410247.45356038224,4766979.042059602,1600594.9287886342,2396490.7918621865,1.0000000000000002,True
360670036022007,90,25419.04776282404,410250.59998855257,4766890.899017513,-76.10198546446897,43.049409789928056,410250.5971094479,4766890.900174007,1600617.534547462,2396405.009214886,1.0,True
360670036022008,68,18489.640316772642,410498.21428807033,4766904.307932675,-76.09894784286078,43.049559748034156,410498.21770896745,4766904.302552738,1600854.8198183707,2396472.559627593,1.0,True
360670036022009,33,18459.040145611973,410502.649595826,4766815.829878471,-76.09887917154597,43.048763671711434,410502.64731952304,4766815.833050281,1600878.748654529,2396386.7356557837,0.9999999999999998,True
360670036022010,43,22171.13818460526,410661.03027272766,4766760.905070077,-76.09692605548457,43.04828781831069,410661.0266205665,4766760.903084048,1601044.6077168267,2396367.6460217787,1.0,True
360670036022011,47,20715.7860506998,410763.41779736185,4766773.950508516,-76.09567123186031,43.04841731281332,410763.4203736587,4766773.949051712,1601141.060541957,2396402.935676966,1.0000000000000002,True
360670036022012,51,24798.00420922049,410879.8872682527,4766795.128779757,-76.09424483291903,43.048621669696324,410879.8899932238,4766795.1321100425,1601249.3732909642,2396449.2970281104,1.0000000000000002,True
360670036022013,0,1540.8832854134773,410982.4560919749,4766880.927404578,-76.09299940239569,43.049406180150925,410982.45631579775,4766880.92960629,1601329.8654263692,2396555.9983403976,1.0,True
360670036022014,59,4774.529059454611,410971.127225434,4766827.445215052,-76.09312992692469,43.048923331680214,410971.12937248294,4766827.441668381,1601330.7355049625,2396501.0427672756,1.0,True
360670036022015,73,25275.858725339764,410255.55363024323,4766802.447530136,-76.10191039527577,43.04861401630438,410255.5532217046,4766802.445724577,1600641.9607587582,2396319.3253718545,1.0000000000000002,True
360670036022016,82,25251.820263606318,410259.9176644173,4766714.295064738,-76.10184261440916,43.04782086500671,410259.918889007,4766714.298935359,1600665.748523889,2396233.805167884,1.0,True
360670036022017,50,18298.369497217733,410507.1942646091,4766727.953865901,-76.09880925646777,43.04797302850496,410507.1906776405,4766727.950746825,1600902.6500589703,2396301.5262141204,1.0,True
360670036022018,45,13194.441050870875,410504.0093502132,4766651.724636371,-76.09883610227074,43.04728633416108,410504.00948548876,4766651.72084034,1600916.4681045453,2396226.044372804,1.0,True
360670036022019,85,28449.50668337324,410255.6641606508,4766619.508421225,-76.10187955323559,43.04696696514139,410255.66040263895,4766619.512342302,1600682.6462854296,2396139.883467625,1.0,True
360670038001000,33,26539.889398204712,404448.77732964815,4766016.379344854,-76.17305876256793,43.04082831989818,404448.77424971556,4766016.377177757,1595182.2092435944,2394272.260292897,1.0000000000000002,True
360670038001001,14,5853.438668537416,404402.58002124744,4766056.187061783,-76.17363263112973,43.04118089989395,404402.5825570872,4766056.187038104,1595128.553175797,2394301.1582416873,0.9999999999999999,True
360670038001002,41,10095.719894091346,404463.74477006047,4765911.2167301215,-76.17285701224851,43.0398834096396,404463.74575282837,4765911.215645696,1595220.0667682274,2394172.385753111,1.0000000000000002,True
360670038001003,42,23414.77582282423,404358.70705428964,4765757.172594719,-76.17411980222897,43.03848330845751,404358.70722272136,4765757.171652965,1595152.3369923413,2393998.183633741,1.0000000000000002,True
360670038001004,54,11409.921893434699,404323.93168038887,4765828.064632893,-76.17455880238991,43.039117178778305,404323.9319080432,4765828.06698685,1595102.8654682094,2394060.085663625,0.9999999999999997,True
360670038001005,90,17182.928089889872,404173.2799484529,4765756.084318673,-76.17639550206374,43.03845013649426,404173.2800597638,4765756.080263604,1594972.6694509657,2393956.36257081,1.0,True
360670038001006,94,23855.93004532261,404059.9355534189,4765648.222959432,-76.17776808675917,43.03746473729866,404059.9344167046,4765648.218832523,1594886.633130742,2393825.6394856316,1.0000000000000002,True
360670038001007,19,6310.457889115162,404028.6577542193,4765757.268852409,-76.17817076146422,43.03844253919752,404028.65455404576,4765757.264543556,1594832.0883434566,2393925.7389118834,0.9999999999999999,True
360670038001008,44,14189.139668562331,403934.94795068225,4765698.474209542,-76.17931079209268,43.0379013563502,403934.9473746588,4765698.479065933,1594754.2143419033,2393847.4653843185,1.0,True
360670038001009,92,23297.52431551247,403849.0633848988,4765647.884015945,-76.1803561753678,43.037435018659565,403849.06134922017,4765647.881972003,1594682.1122467415,2393778.96013467,1.0,True
360670038001010,77,86309.40055598825,403557.59306626837,4765597.401477803,-76.18392480181555,43.036943563083966,403557.59327198553,4765597.405575266,1594410.5203097058,2393665.3743231213,0.9999999999999998,True
360670038001011,0,43981.44048259283,403558.2997309401,4765477.053810901,-76.18389529643962,43.03586014987912,403558.2995194029,4765477.059380949,1594437.9122545337,2393547.4684599545,1.0,True
360670038001012,34,7745.194944549094,403855.0312757989,4765489.3380411435,-76.1802555679592,43.036008365980535,403855.0287188103,4765489.341855725,1594723.0851339428,2393624.738410593,1.0,True
360670038001013,44,7800.500853362948,403952.914360675,4765494.242450218,-76.17905507016494,43.03606490525959,403952.9119220505,4765494.241900275,1594816.9663919238,2393651.063013078,1.0,True
360670038001014,58,10426.0631889637,403963.05382675125,4765605.7152118385,-76.1789498409972,43.03706979038022,403963.0571814105,4765605.716233215,1594802.067542611,2393762.6462759087,0.9999999999999998,True
360670038001015,59,9149.223026220388,404058.87122026505,4765499.726712391,-76.17775557807158,43.03612767236379,404058.8694769974,4765499.729806474,1594918.552523035,2393679.7307711607,1.0,True
360670038001016,112,20865.8281307072,404246.9648658694,4765510.054453111,-76.17544882606617,43.03624439068937,404246.9670037411,4765510.0554573275,1595098.756147106,2393731.2018855065,1.0,True
360670038001017,179,43233.57854742044,404262.61306663154,4765623.887642877,-76.1752763318281,43.03727121883259,404262.6156300764,4765623.885515203,1595088.6788488433,2393846.31154138,1.0,True
360670038001018,31,3975.052744357746,404374.82752864034,4766067.530367752,-76.17397522099084,43.04127953097647,404374.8291903343,4766067.526903877,1595099.1093101297,2394306.186400961,1.0000000000000004,True
360670038002000,124,24840.737501664473,404226.4346028008,4765419.471478201,-76.17568522950246,43.03542627142878,404226.4370505881,4765419.474617393,1595098.9375198649,2393637.827593035,0.9999999999999999,True
360670038002001,138,20959.509367871113,404055.98425830295,4765352.228597244,-76.17776561158125,43.0347993632006,404055.9852590882,4765352.232670604,1594948.482059746,2393534.4002428576,1.0,True
360670038002002,137,20736.033283740442,403958.36278946867,4765348.494914474,-76.17896307719147,43.03475341099239,403958.3609142586,4765348.493719855,1594854.5949685506,2393509.281865664,0.9999999999999998,True
360670038002003,231,139570.22321634166,403578.25167408504,4765333.977977506,-76.1836256624763,43.03457455557785,403578.24868681625,4765333.982953714,1594489.02102832,2393411.49635014,1.0,True
360670038002004,97,24527.656610233124,404212.53657652455,4765310.918087256,-76.17583714026853,43.0344471979474,404212.5398601532,4765310.918269249,1595109.5414610982,2393528.281742802,1.0000000000000002,True
360670038002005,92,20346.120971896922,404195.9896845671,4765192.29770217,-76.17601982460934,43.0333771555404,404195.991758543,4765192.302611349,1595119.8093149697,2393408.277782647,0.9999999999999998,True
360670038002006,103,23352.110048691018,404014.2843068292,4765183.4140632665,-76.17824831541775,43.03327423564143,404014.2855072916,4765183.410087636,1594945.484311532,2393359.627453423,1.0,True
360670038002007,146,30469.8260928478,403791.10100684577,4765175.571666949,-76.18098602265452,43.03317539451651,403791.1028609788,4765175.57224993,1594730.685426501,2393302.8816837627,1.0,True
360670038002008,192,47728.48269471968,403469.3838450242,4765161.808022754,-76.18493196447493,43.03301066303589,403469.3810088815,4765161.812168491,1594421.6006514211,2393218.6693666545,1.0000000000000002,True
360670039001000,56,10466.14179953271,404967.7934615533,4765905.057247815,-76.1666692336523,43.0398911975781,404967.7962065003,4765905.057478666,1595710.4849084548,2394277.1203471357,1.0,True
360670039001001,74,20520.368028820485,404810.50767313974,4765888.905813725,-76.1685970104851,43.03972608513561,404810.5085502054,4765888.907452534,1595561.4626967625,2394226.708820612,1.0,True
360670039001002,55,22319.07820797927,404597.27821878437,4765877.3546184385,-76.17121221621558,43.03959533113743,404597.2794914111,4765877.351142175,1595357.1408701374,2394168.5147399763,1.0,True
360670039001003,149,29870.448071263898,404665.16775831557,4765750.3109247945,-76.17035719814548,43.03846006364611,404665.1676635378,4765750.314964025,1595451.200801602,2394058.8053148324,0.9999999999999997,True
360670039001004,71,19725.10842942806,404816.6576602065,4765790.1986780455,-76.16850465953435,43.038838180595164,404816.6543939464,4765790.200878852,1595589.3321925737,2394131.228755289,1.0,True
360670039001005,75,26376.3221099703,404877.5154770862,4765693.952516557,-76.16774126510138,43.037979286365804,404877.5126553328,4765693.954070191,1595669.735580495,2394050.1859398386,1.0000000000000002,True
360670039001006,93,23605.774961279094,404958.06829431804,4765632.395813731,-76.16674208293658,43.037435166309194,404958.0669563348,4765632.399574435,1595761.5504091522,2394007.501652754,1.0,True
360670039001007,74,20331.3892140207,405039.91785939696,4765571.929612056,-76.16572718860583,43.036901017364286,405039.91690444003,4765571.92769663,1595854.3813576517,2393966.171927379,1.0000000000000002,True
360670039001008,94,34999.486254790034,404933.51970136067,4765463.350584685,-76.16701453725848,43.03591015245885,404933.5228099108,4765463.3558219625,1595775.2420477802,2393836.2722744006,0.9999999999999998,True
360670039001009,129,39899.55602071821,404616.61744979373,4765659.447483563,-76.17093753641964,43.037635910716766,404616.62039992807,4765659.446252075,1595424.2574633432,2393958.997910033,0.9999999999999998,True
360670039001010,167,37412.02393339335,404577.5751098229,4765563.76822715,-76.17140033900932,43.03676959203891,404577.578299896,4765563.76906689,1595407.6079214935,2393856.555853948,1.0000000000000002,True
360670039002000,115,30420.132666708796,405054.2552115156,4765265.474825202,-76.16549899705393,43.03414374593705,405054.2549006905,4765265.469727198,1595936.2914491936,2393668.688214889,1.0000000000000002,True
360670039002001,59,28740.440952687004,404858.0748239553,4765390.964923686,-76.1679281326637,43.0352490059372,404858.077475664,4765390.964227335,1595718.1042451442,2393748.6810437585,1.0,True
360670039002002,0,1913.2526466312806,404724.8868868122,4765385.638861094,-76.16956185620319,43.035184359535926,404724.8833815971,4765385.643404363,1595590.061896576,2393714.1854912937,1.0,True
360670039002003,106,18311.290521153092,404595.26965299365,4765434.256811772,-76.17116098901734,43.03560580440716,404595.2687514895,4765434.256334835,1595453.514127197,2393733.3936027735,1.0000000000000004,True
360670039002004,47,17822.128159610398,404449.5521452892,4765518.475140781,-76.17296385187008,43.03634571664324,404449.548198728,4765518.473347324,1595293.4454575414,2393783.987020765,1.0000000000000004,True
360670039002005,60,14585.963438117687,404426.42170999595,4765410.537351695,-76.1732292242367,43.035371027080956,404426.4236423532,4765410.534316743,1595294.954775213,2393673.0160827287,1.0000000000000002,True
360670039002006,0,2952.809837486634,404532.8052519159,4765386.199451409,-76.1719193928655,43.03516528822445,404532.8046889748,4765386.200767205,1595403.5726001016,2393672.521046897,0.9999999999999999,True
360670039002007,43,20447.049070279038,404589.8590985904,4765314.621662058,-76.17120690786831,43.03452803153811,404589.8596907096,4765314.618150788,1595474.8113334298,2393614.8416858683,1.0,True
360670039002008,60,17867.2451335037,404781.3933761754,4765315.179042701,-76.16885630382538,43.0345570845413,404781.3937117082,4765315.180755058,1595660.5213497127,2393657.4823011155,1.0,True
360670039002009,116,35185.34868725278,404837.9853910416,4765217.773948325,-76.16814511448503,43.033687222985634,404837.98653554416,4765217.771379336,1595737.0427394868,2393574.364196394,1.0000000000000002,True
360670039002010,168,26530.92389813235,404583.76535827335,4765202.122466173,-76.17126243202904,43.033514418733624,404583.7679384999,4765202.120349389,1595493.862254568,2393503.139831911,1.0,True
360670039002011,104,23498.398924894966,404376.7560028225,4765194.986374768,-76.17380178717235,43.03342413973162,404376.75489611784,4765194.98197716,1595294.5981520119,2393450.643863187,0.9999999999999999,True
360670039002012,72,18963.920058152857,404396.6245631086,4765311.123573414,-76.17357787128837,43.03447224065349,404396.62216102984,4765311.119091518,1595288.104423646,2393568.941889767,1.0,True
360670039003000,92,54527.14624046623,405659.7042936815,4765678.754231558,-76.15813832373294,43.03794001844876,405659.7061986837,4765678.752156138,1596432.0238987557,2394207.1728705596,1.0,True
360670039003001,137,38210.609147685595,405490.15235443035,4765655.976158449,-76.16021549225219,43.03771386298252,405490.15178011445,4765655.980277988,1596272.57056398,2394147.5670557627,0.9999999999999998,True
360670039003002,212,48837.66105233605,405401.8159604248,4765756.752626112,-76.16131681629832,43.03861017362514,405401.81732858426,4765756.7555366885,1596164.5016325524,2394227.016439932,1.0000000000000002,True
360670039003003,51,19471.274470150063,405372.47097184544,4765896.407554291,-76.16170071513096,43.03986385548439,405372.4722727841,4765896.41248072,1596105.0422286484,2394357.5695337662,1.0,True
360670039003004,35,9135.342354704273,405275.6051664934,4765929.127232585,-76.16289521860698,43.040146360181126,405275.6067434136,4765929.131633499,1596003.798076691,2394368.380010279,1.0,True
360670039003005,83,24477.266808056054,405061.68899856287,4765868.5846480075,-76.16551053623111,43.03957457293838,405061.69199157687,4765868.58761224,1595809.6798953707,2394261.9760326147,1.0000000000000002,True
360670039003006,90,26780.054793679414,405137.984737716,4765807.380756499,-76.16456365825039,43.03903307830369,405137.9813703056,4765807.383213072,1595897.286205757,2394218.7021887577,1.0000000000000002,True
360670039003007,78,26912.048089995682,405208.1095931221,4765735.323090595,-76.16369069027125,43.038393087027366,405208.10882060195,4765735.324542202,1595981.3133870498,2394163.4244767805,0.9999999999999999,True
360670039003008,116,38734.70579090537,405176.32491458533,4765538.314302263,-76.16404727666611,43.036615415672976,405176.3229896454,4765538.312588127,1595994.1883733035,2393963.1726913336,1.0000000000000002,True
360670039003009,75,19732.37515910153,405287.65210748836,4765480.710192742,-76.16267111662177,43.03611068666903,405287.6534820321,4765480.7116543995,1596114.9844821617,2393931.1282499316,1.0000000000000004,True
360670039003010,76,22635.97268753634,405480.40583595075,4765516.074588619,-76.16031138258829,43.03645309076185,405480.40443175053,4765516.075634126,1596294.155896793,2394008.1806567404,0.9999999999999999,True
360670039003011,77,28922.389734317763,405780.3210453488,4765640.873770905,-76.15665149984335,43.03761394658525,405780.3209613032,4765640.868597758,1596557.4571205159,2394196.5180811784,0.9999999999999999,True
360670039003012,83,20560.33006635727,405881.4077261641,4765607.290562759,-76.15540512170799,43.037324124229734,405881.40945746494,4765607.287847692,1596662.9878284968,2394185.7868155977,0.9999999999999998,True
360670040001000,9,16872.7155641656,405919.97850751574,4766255.126933396,-76.15504113509171,43.04316149960843,405919.98136641906,4766255.126937544,1596556.6708730292,2394829.793309058,1.0,True
360670040001001,33,14718.26045926415,405761.78135652747,4766245.245619898,-76.15698129723332,43.04305291955345,405761.7811012411,4766245.243451579,1596405.3711526508,2394785.3348726355,1.0,True
360670040001002,0,1787.7546567838965,405679.6029215028,4766240.812428695,-76.15798926586753,43.04300280346734,405679.6001360097,4766240.812082001,1596326.620501965,2394762.9265193245,1.0,True
360670040001003,31,19319.200676078366,405576.1209958699,4766234.962058365,-76.15925848677642,43.042937270619895,405576.11996383726,4766234.965335924,1596227.5145471995,2394734.446052622,0.9999999999999998,True
360670040001004,124,29635.223883786115,405334.95336600696,4766223.107759599,-76.16221673382748,43.042800516967276,405334.9560952627,4766223.105837217,1595996.150603061,2394669.8171199616,1.0,True
360670040001005,233,61429.64183137693,404884.844476236,4766199.964453668,-76.16773771435322,43.04253590737705,404884.84563395486,4766199.963618176,1595564.5661303974,2394548.19320934,0.9999999999999999,True
360670040001006,171,64219.086566372476,404870.9213310854,4766098.746290407,-76.16789132791163,43.04162288096492,404870.9236340276,4766098.748372632,1595573.51719438,2394445.838841021,1.0000000000000002,True
360670040001007,104,29400.220922717876,405339.6338475488,4766122.678121106,-76.16214221391492,43.041896915558965,405339.6349570521,4766122.676377577,1596022.9757435163,2394572.3245038185,1.0,True
360670040001008,29,20824.48378484543,405591.1118606136,4766133.806657984,-76.15905733184289,43.042028414558786,405591.1144320167,4766133.805005404,1596264.5041256428,2394638.5071353773,1.0000000000000002,True
360670040001009,0,1745.719165591528,405699.4514610802,4766157.056149561,-76.15773144939735,43.04225119568885,405699.45549127745,4766157.056572818,1596364.4625913335,2394685.123586211,1.0000000000000004,True
360670040001010,55,27776.6070794796,405800.23768337804,4766124.402955914,-76.15648881735143,43.04196972230054,405800.23906259873,4766124.40045995,1596469.4962305808,2394675.239274785,1.0,True
360670040001011,0,2168.3758546128993,405988.069869129,4766208.68469402,-76.15419748921964,43.04275180453274,405988.0689841155,4766208.684202729,1596633.0415730798,2394799.196886339,1.0,True
360670040001012,50,22871.242276249646,405873.7700653232,4766046.037887399,-76.15557299842989,43.04127330487651,405873.76992997323,4766046.037347619,1596558.2290188211,2394614.522197041,1.0000000000000002,True
360670040001013,18,12418.800926295145,405800.0036633665,4765924.259979087,-76.1564578421647,43.040167768428155,405800.00714625674,4765924.263437842,1596513.676652679,2394478.847111924,0.9999999999999999,True
360670040001014,90,18715.15837671557,405661.85913393175,4766013.311674722,-76.15816853358265,43.04095236874977,405661.86191730376,4766013.315107336,1596359.8825977738,2394535.848867402,0.9999999999999998,True
360670040001015,80,38870.54047052179,405527.02001848456,4765978.405936305,-76.15981767182247,43.04062134337787,405527.0176566978,4765978.401150878,1596236.7994550217,2394471.9740211824,1.0000000000000002,True
360670040001016,61,20696.3273682947,405295.0239383754,4766017.102944011,-76.16267182736755,43.04094084230708,405295.02610252984,4766017.098214902,1596003.1185033417,2394458.951745806,1.0000000000000002,True
360670040001017,199,72830.82269348718,404858.62584374525,4765994.598424382,-76.168024458547,43.04068368162117,404858.62249556085,4765994.600512352,1595584.697034763,2394340.9679328375,0.9999999999999998,True
360670040001018,54,11965.50287462804,405849.5977377797,4765788.564684508,-76.15582618106866,43.03895222776907,405849.5961532071,4765788.5616219705,1596591.903379609,2394356.6278738785,0.9999999999999999,True
360670040001019,0,13079.607235288247,405744.7192787759,4765872.575350638,-76.15712766692522,43.03969558236211,405744.7166116036,4765872.577346479,1596471.50457646,2394415.9952009968,1.0,True
360670042001000,193,22513.64135205715,406885.8447029152,4766034.229625375,-76.14314837546773,43.04129176568854,406885.8427565359,4766034.233462901,1597542.8234935477,2394825.3376064277,1.0,True
360670042001001,96,8708.573832048352,406854.28551255725,4766133.743223718,-76.14355238909764,43.042183838895305,406854.28456567024,4766133.738916469,1597490.12433707,2394916.0264639915,1.0,True
360670042001002,79,8696.880342461067,406782.9301360249,4766135.656593443,-76.14442857022959,43.04219230933599,406782.9276969789,4766135.65558974,1597420.4663234204,2394902.223947868,1.0000000000000004,True
360670042001003,347,33460.52700743023,406727.58636922616,4765983.269485181,-76.14508237630432,43.0408135382933,406727.5843810672,4765983.265259017,1597400.5777472756,2394740.5697747013,1.0000000000000002,True
360670042001004,117,10284.93999055965,406781.32241312694,4766002.029334024,-76.1444259405208,43.04098903566354,406781.325659762,4766002.025328563,1597448.5535827102,2394770.7813629936,0.9999999999999998,True
360670042001005,0,12737.518193124204,406883.5736546172,4765882.173544172,-76.1431508323725,43.039922491224935,406883.5763048441,4765882.174482737,1597574.355632327,2394675.670122659,1.0,True
360670042001006,0,15315.808644023893,406892.09748716466,4765774.687581712,-76.14302824373107,43.03895581516521,406892.10102647514,4765774.685849098,1597606.473150957,2394572.0981377917,1.0000000000000002,True
360670042001007,0,16817.44483913429,406754.618597798,4765767.911827254,-76.14471452368014,43.03887794414633,406754.62045987835,4765767.906898474,1597474.5864555745,2394535.2418687316,1.0,True
360670042002000,257,56380.37171653158,406602.27013390145,4766009.79552728,-76.14662499929823,43.0410369558255,406602.27014375245,4766009.800433668,1597273.1031690736,2394739.0549380714,1.0000000000000002,True
360670042002001,0,32502.26744204621,406456.14377280686,4766068.207106827,-76.14842842040666,43.041544861519746,406456.14549349033,4766068.211357342,1597118.362923789,2394764.246840684,1.0000000000000002,True
360670042002002,45,33908.22337773694,406327.4261005702,4766093.648189706,-76.15001264150881,43.04175804587007,406327.42941184895,4766093.643049479,1596987.8287152033,2394760.9194660825,0.9999999999999996,True
360670042002003,0,4376.418568030102,406238.4921429624,4766155.946015822,-76.15111475005826,43.04230795017953,406238.4881509061,4766155.951604209,1596887.7175010329,2394802.4908016017,1.0,True
360670042002004,0,25512.43744922441,406186.08878174156,4766079.042424963,-76.15174502857164,43.041609099342324,406186.0911100303,4766079.042466062,1596853.9354919365,2394715.532477548,1.0,True
360670042002005,0,24606.39945264414,406085.8400657848,4766051.56487421,-76.1529708964891,43.04134932206726,406085.83974614146,4766051.562427557,1596762.7649393266,2394666.547208475,1.0000000000000002,True
360670042002006,0,11096.713567927005,405983.2865867632,4766054.787489117,-76.15423022519062,43.041365646001545,405983.2885684107,4766054.782352397,1596662.5467053868,2394647.1722991047,1.0000000000000002,True
360670042002007,0,23266.118563926597,405965.021081217,4765969.544897085,-76.15444003305102,43.04059592874603,405965.02372951,4765969.541667792,1596663.7378476951,2394559.535064378,0.9999999999999997,True
360670042002008,0,15735.014529820066,406474.35848016344,4765888.88641717,-76.14817473554946,43.03993264240695,406474.3613114867,4765888.88166824,1597175.8216495789,2394592.3346065236,1.0,True
360670042002009,0,17585.56622399557,406359.2494552615,4765888.801646834,-76.14958758794991,43.039917694323776,406359.2484823336,4765888.802290626,1597064.155106934,2394566.9568758467,1.0,True
360670042002010,0,18467.299113512592,406236.39675202325,4765879.454352022,-76.15109392722948,43.039818380326466,406236.3990000111,4765879.456506364,1596947.0304012303,2394530.7906272993,1.0000000000000002,True
360670042002011,0,15371.206708700061,406136.80832320865,4765856.3827085635,-76.15231240053318,43.039598359218125,406136.8084288116,4765856.3872368205,1596855.5231852795,2394486.272784758,1.0000000000000002,True
360670042002012,0,27387.90119161877,406266.6058045297,4765665.861592874,-76.15068719806088,43.037899089135095,406266.60566311,4765665.862801593,1597023.7312685861,2394327.8925210624,1.0,True
360670042002013,0,13936.143999118916,406369.6541937699,4765758.207905146,-76.14943792837009,43.038743213945715,406369.65648354095,4765758.206324819,1597103.22532321,2394441.1296577235,1.0000000000000002,True
360670042002014,0,12973.26331395872,406480.46884618874,4765756.06040643,-76.14807743692886,43.03873753346617,406480.47180351824,4765756.056648846,1597211.2202955289,2394463.373748459,0.9999999999999999,True
360670042002015,0,17659.142502054703,406608.9487745867,4765761.772952638,-76.14650144068783,43.0388047750834,406608.9521267364,4765761.775674371,1597334.6112968198,2394497.2101907437,1.0,True
360670042002016,493,43728.70067054705,406615.7210270882,4765550.005147494,-76.146382820704,43.036899014669004,406615.72269140446,4765550.0034954585,1597388.1664889702,2394290.9513367373,1.0000000000000002,True
360670042002017,131,14824.227654495977,406756.8882311634,4765659.106311995,-76.14466845474361,43.037898621784414,406756.8845116168,4765659.103943093,1597500.9287556617,2394429.0009892015,1.0,True
360670042002018,0,13737.756966688692,406897.62659142184,4765664.181809247,-76.14294191128415,43.03796158359454,406897.62753542693,4765664.183618568,1597636.354974337,2394464.905445604,1.0,True
360670042002019,25,19032.49253595535,406885.30800147523,4765520.590376073,-76.14306910765379,43.036667285784446,406885.30864645663,4765520.591946227,1597656.2604709307,2394321.3332087374,1.0,True
360670042002020,37,13103.999319516464,406761.12991961226,4765565.253487643,-76.14460068587127,43.037054163866515,406761.12882339326,4765565.257515982,1597525.866961102,2394337.8620914896,0.9999999999999999,True
360670042002021,59,17407.416132804927,406766.14693185396,4765462.843825263,-76.1445219713037,43.03613276172831,406766.1446521518,4765462.848107227,1597553.4558820587,2394238.499008577,1.0000000000000002,True
360670042002022,0,22597.883516196373,406013.1108266759,4765832.439192902,-76.15382663319416,43.0393674922547,406013.1135424104,4765832.440015854,1596740.81765828,2394435.6014666865,1.0000000000000002,True
360670042002023,0,5596.873264990027,405924.53090173454,4765786.577561209,-76.154906120374,43.03894362326717,405924.53252580867,4765786.5749545405,1596665.0483275282,2394371.1452997853,1.0000000000000002,True
360670042002024,20,35683.298318607776,406000.8462249573,4765618.1727870265,-76.15394101524302,43.03743689095813,406000.84748045687,4765618.17377406,1596776.458524786,2394222.709138804,1.0,True
360670042002025,16,6345.651879150316,406057.9965071047,4765724.991847695,-76.15325758557653,43.03840567582783,406057.99536906707,4765724.994548172,1596808.2080756908,2394340.058477407,1.0,True
360670042002026,64,35409.33718714702,406156.93552134815,4765634.406955308,-76.1520279646319,43.03760235320155,406156.9327115946,4765634.412191845,1596924.3023723809,2394272.93548003,1.0,True
360670042002027,0,73772.64068987996,406075.4820725329,4765374.955636476,-76.15298395920229,43.035256390524225,406075.4787634864,4765374.956734413,1596902.8380285099,2394000.511282113,1.0000000000000007,True
360670042002028,36,17273.89476697757,406032.3957905028,4765192.2576087145,-76.15348195547027,43.033606192956874,406032.39217363205,4765192.258440703,1596901.5699469096,2393811.813586329,1.0,True
360670042002029,117,20321.620227902942,406026.65054948826,4765086.253017279,-76.15353458929347,43.032651100619766,406026.6496763212,4765086.252960438,1596919.5155472544,2393706.558685572,1.0000000000000002,True
360670042002030,0,1630.845228804191,406018.066365095,4764982.772553208,-76.15362248841777,43.031718382146515,406018.0654487634,4764982.774548813,1596934.1466816382,2393603.156028546,0.9999999999999999,True
360670042002031,18,18247.523769796506,406389.7561832607,4765589.635114818,-76.14916287241427,43.0372279947564,406389.7539440915,4765589.635727885,1597160.1307363156,2394280.1751274373,1.0,True
360670042002032,76,33057.44456019563,406489.3361956939,4765544.745469337,-76.14793313010999,43.03683611045028,406489.3386326076,4765544.744275284,1597266.7081717832,2394258.0196958673,1.0,True
360670042002033,0,7504.746420871192,406398.60487701796,4765435.849430885,-76.14902843028364,43.03584451919967,406398.6073148013,4765435.847264982,1597202.8367452289,2394131.253695451,1.0000000000000002,True
360670042002034,0,7924.831414541629,406319.73359103536,4765554.337591032,-76.15001636774888,43.03690156977895,406319.7310098142,4765554.340983088,1597100.0227009184,2394230.1607937873,1.0,True
360670043011000,6,23366.625556933923,407366.4863187053,4766063.113817257,-76.13725355521048,43.041610600619656,407366.4826694668,4766063.113797876,1598002.7645352127,2394959.286054408,1.0000000000000002,True
360670043011001,32,126453.87604923922,407179.2833523555,4765955.51643133,-76.13953345509974,43.04061901604838,407179.2796707754,4765955.514698801,1597844.9994428242,2394812.597455321,0.9999999999999998,True
360670043011002,95,12869.895300100934,407020.69393091137,4765890.375449211,-76.14146916111179,43.04001313560153,407020.6907094463,4765890.371538717,1597705.5783382251,2394713.846435764,1.0,True
360670043011003,0,9211.42828515175,407009.57023355993,4765777.404273132,-76.14158683709985,43.038994667266934,407009.57330507366,4765777.407867057,1597719.8493888865,2394600.5760822897,1.0000000000000002,True
360670043011004,192,22317.015909590227,407031.763859517,4766004.941140806,-76.1413524077012,43.04104595289794,407031.76455794665,4766004.946362991,1597690.901392729,2394828.669005539,1.0000000000000002,True
360670043011005,0,584.3650952743394,406943.512437917,4766131.027468244,-76.14245670724286,43.04217032797677,406943.5129855869,4766131.024353374,1597577.300516282,2394932.96879392,0.9999999999999998,True
360670043011006,0,2678.3761764013093,406944.6956907922,4765988.7750033755,-76.14241841760416,43.040889741090425,406944.6970626407,4765988.770420741,1597610.0090389224,2394793.6779033225,0.9999999999999998,True
360670043011007,121,1212.6812468084472,406963.9580456852,4765775.717043681,-76.14214639951582,43.03897389036343,406963.9580208058,4765775.718114366,1597675.9680720242,2394588.8983512064,0.9999999999999998,True
360670043011008,0,5599.740978085584,406934.00076119974,4765496.221626147,-76.14246740458121,43.036453856230864,406934.0012005446,4765496.226481655,1597708.9114287097,2394308.1264306637,1.0000000000000002,True
360670043011009,0,5169.531363865605,407000.50838813215,4765673.34290163,-76.14168069015837,43.03805666826534,407000.5076343739,4765673.346436686,1597734.1442827238,2394496.499249075,0.9999999999999998,True
360670043011010,879,20704.49017208225,407093.37470956537,4765696.249927562,-76.14054468564272,43.038274271911256,407093.37358241994,4765696.253062723,1597819.1664298235,2394539.377081194,1.0000000000000002,True
360670043011011,0,11599.407703824636,406946.7411997175,4765424.134445349,-76.14229899508095,43.03580639903581,406946.74080045836,4765424.134557875,1597737.26631964,2394240.2071826686,0.9999999999999999,True
360670043011012,0,4184.117526792943,406989.10083751706,4765568.281798219,-76.14180316407705,43.03710938097949,406989.09793994913,4765568.283950261,1597746.3850767424,2394390.92605265,0.9999999999999998,True
360670043011013,0,1704.1095280696356,407003.27399806294,4765517.761106161,-76.14162077494207,43.036656266565714,407003.27200731414,4765517.764846818,1597771.3452838927,2394344.4787245006,0.9999999999999998,True
360670043011014,552,14592.122209033587,407044.7778147143,4765507.09392752,-76.14110959635347,43.036565308113396,407044.77750541683,4765507.093030561,1597813.9812270848,2394343.133709398,1.0,True
360670043011015,0,19880.387628301716,407132.3847175742,4765518.92615839,-76.14003632291187,43.03668255366674,407132.3866538767,4765518.931278375,1597896.357233962,2394373.991250123,1.0,True
360670043011016,17,19785.883518772724,407233.05851101596,4765523.489360986,-76.13880145728486,43.03673594044339,407233.05497047195,4765523.484916932,1597993.0242716756,2394400.588795323,1.0,True
360670043011017,17,10306.732902142268,407139.6116306713,4765369.611023879,-76.1399227367113,43.03533911608759,407139.61459701473,4765369.609196731,1597936.4962386468,2394229.0982413013,0.9999999999999998,True
360670043011018,0,10753.471082261658,407036.25074370025,4765363.119577572,-76.14119023081622,43.03526802819762,407036.25321150775,4765363.116412084,1597837.6501433458,2394200.018535087,0.9999999999999998,True
360670043011019,0,22777.841499475486,407082.031827517,4765263.918546046,-76.14061180429886,43.034380498697914,407082.0321796839,4765263.918685885,1597904.0782484435,2394112.7597192246,0.9999999999999999,True
360670043011020,0,13098.484721607112,407361.9878115853,4765880.188663879,-76.13727834983622,43.03996313116675,407361.99182418117,4765880.185147791,1598038.9828747131,2394778.8458702667,1.0,True
360670043021000,214,22447.053796191634,407989.64492043346,4766250.629603099,-76.12963552878041,43.04337461739327,407989.6472386624,4766250.627640014,1598565.7954942237,2395280.163843825,1.0,True
360670043021001,76,23962.449164096222,407852.8284676737,4766251.7141846465,-76.13131511992837,43.043367791299744,407852.83010390605,4766251.715128936,1598432.8056850568,2395251.1665257877,1.0,True
360670043021002,0,8614.64584090705,407757.0951321105,4766255.522473357,-76.13249086952784,43.04339045467968,407757.0927179986,4766255.5275396975,1598339.0734869505,2395233.867779413,1.0,True
360670043021003,23,22145.21088293449,407666.71968598844,4766257.682178524,-76.13360057875478,43.04339891488126,407666.71793320135,4766257.680549323,1598250.9056998517,2395216.1288027647,0.9999999999999999,True
360670043021004,153,30480.818338940735,407511.8883220457,4766262.408290763,-76.13550190501739,43.043422622142614,407511.88869745523,4766262.405826281,1598099.6289579447,2395186.7446543314,1.0,True
360670043021005,171,17007.56123620582,407372.03931149805,4766266.631946513,-76.13721924143569,43.04344360185775,407372.04268372315,4766266.63169448,1597963.0006994153,2395160.1593170804,1.0,True
360670043021006,0,19439.715240450812,407265.6144626723,4766268.759888101,-76.13852595095062,43.0434497703072,407265.61051223037,4766268.7632397,1597859.267923102,2395138.8620227952,1.0,True
360670043021007,0,18481.969793233886,407156.09339105955,4766271.887608724,-76.13987083291084,43.04346454650447,407156.09600157687,4766271.882407964,1597752.3092321756,2395117.864989478,1.0000000000000002,True
360670043021008,0,25732.38481403628,407032.43905751954,4766279.13090054,-76.14138988657069,43.04351463006105,407032.43791827897,4766279.127577117,1597630.7244956854,2395097.7995390827,1.0,True
360670043021009,0,2846.4669227631903,406954.894394778,4766287.294033213,-76.14234310373037,43.04357862649984,406954.89465856936,4766287.291086253,1597553.6743990602,2395088.7682304042,0.9999999999999999,True
360670043021010,0,875.4562926885671,406944.7239995728,4766280.985217186,-76.14246689038045,43.04352058047062,406944.7232455616,4766280.987396602,1597545.2060893413,2395080.344452671,1.0,True
360670043021011,0,923.706170137003,406939.9086236861,4766287.105079865,-76.14252702124283,43.04357508884994,406939.9103708093,4766287.106294532,1597539.1761280885,2395085.2899363325,1.0,True
360670043022000,298,15625.810308539341,407997.53170565655,4766107.021038918,-76.12951499679666,43.04208262634511,407997.5314053618,4766107.018116787,1598605.306928579,2395141.014991321,1.0,True
360670043022001,412,13398.209542013561,407869.7340446834,4766101.499191899,-76.13108275732648,43.04201741725269,407869.7305429391,4766101.497322818,1598482.5336921276,2395107.518426485,0.9999999999999999,True
360670043022002,43,4471.503934195378,407809.5620949488,4766132.956822113,-76.13182655387234,43.04229333580178,407809.55828407506,4766132.9528969675,1598417.1718111332,2395125.1577355172,1.0,True
360670043022003,0,5805.9513096138535,407752.7456176119,4766112.301240606,-76.13252053825737,43.04210046820193,407752.7487814657,4766112.304729754,1598366.6269611805,2395092.4105426897,1.0,True
360670043022004,69,15115.611164040914,407662.4723209055,4766114.734374396,-76.1336290157046,43.04211140255234,407662.47359627637,4766114.734073681,1598278.4978182449,2395074.962316259,1.0,True
360670043022005,29,21258.576037047787,407506.9691786122,4766118.541571417,-76.13553839544336,43.04212675474966,407506.9688754406,4766118.546601516,1598126.7734658325,2395044.5292154364,1.0000000000000002,True
360670043022006,18,21599.644313600133,407503.55951604963,4765999.488061059,-76.13556047738514,43.041054470558834,407503.5577181841,4765999.49135544,1598149.8776912862,2394926.987181743,0.9999999999999998,True
360670043022007,93,15706.583491203059,407658.5473601901,4765996.599317151,-76.13365760817457,43.04104732476022,407658.54798891384,4765996.59655852,1598300.8980307807,2394958.2079744935,0.9999999999999999,True
360670043022008,0,6037.37696348028,407748.9752163052,4765994.628672333,-76.13254732935683,43.04104057315271,407748.97764779895,4765994.631621476,1598389.0743755375,2394976.143812162,1.0,True
360670043022009,108,4575.794073523869,407809.558068362,4766019.862168611,-76.13180788429167,43.041275114248,407809.55676750676,4766019.860603614,1598442.2579079778,2395014.2095571626,0.9999999999999998,True
360670043022010,259,15021.524410573438,407870.29201545584,4765982.270467231,-76.13105618743924,43.0409440368838,407870.29093712097,4765982.26638505,1598509.5258152906,2394990.6760014445,1.0,True
360670043022011,269,15883.20278228305,408003.9288150739,4765987.996358151,-76.12941681561391,43.04101178978126,408003.93010217836,4765987.9974758355,1598637.9190937227,2395025.65564421,1.0,True
360670043022012,684,16418.874072720562,408010.3975415288,4765865.397665115,-76.1293171689803,43.03990878375669,408010.3950390351,4765865.3995029405,1598671.393617598,2394906.8056296334,1.0,True
360670043022013,487,44273.483930290844,407767.2799212297,4765871.311020575,-76.13230223002813,43.03993253511705,407767.2823146143,4765871.30708781,1598434.1929609075,2394859.1892126454,1.0000000000000002,True
360670043022014,0,21484.49712345439,407502.323498783,4765878.28050938,-76.13555552145039,43.03996305754546,407502.325309841,4765878.285200344,1598175.5688301718,2394807.809389294,1.0000000000000002,True
360670043023000,170,16966.63247651048,407980.9896073105,4766399.715342344,-76.1297664052281,43.04471582729694,407980.98999233707,4766399.712305268,1598524.3232768544,2395424.516670041,1.0,True
360670043023001,188,16395.817106244456,407850.8135165022,4766401.337593938,-76.1313646101837,43.044714645568945,407850.81427775417,4766401.3325222945,1598397.6568615371,2395397.5057049696,1.0,True
360670043023002,268,23226.272869706576,407696.1187760019,4766406.1609889995,-76.13326431606924,43.044739281996975,407696.1201118414,4766406.1629705755,1598246.490599686,2395368.24738756,1.0,True
360670043023003,224,23236.788824251464,407515.80591991055,4766411.7731932495,-76.13547862085537,43.04476786876985,407515.80766550574,4766411.776638397,1598070.292922813,2395334.133469307,1.0,True
360670043023004,0,12689.567437129193,407376.5306838607,4766415.647203843,-76.13718889347649,43.044785770453714,407376.5301969767,4766415.650492177,1597934.298641539,2395307.331090157,1.0,True
360670043023005,0,44415.64016045637,407150.97896948986,4766423.576872393,-76.13995890137771,43.044829615267304,407150.97905867756,4766423.575175422,1597713.693304551,2395265.548974899,1.0,True
360670043023006,0,2692.92973485519,406955.3816398667,4766434.038336334,-76.14236163949816,43.044899858563355,406955.38491962675,4766434.042894114,1597521.590174558,2395232.831981219,1.0,True
360670043023007,0,5009.523113190539,406959.2219578408,4766605.26610198,-76.1423431069459,43.04644193132127,406959.2224762266,4766605.262616028,1597487.3274114341,2395401.650421861,0.9999999999999997,True
360670043023008,0,8238.37915725697,407062.7028185278,4766683.899033891,-76.14108595232543,43.04716255535969,407062.69900297234,4766683.904044023,1597570.2864441562,2395501.527968305,1.0000000000000002,True
360670043023009,0,1595.1315813724514,407182.0062004581,4766674.016015348,-76.13961977940853,43.04708817085231,407182.0045672924,4766674.019274991,1597688.2359561133,2395518.048071088,1.0,True
360670043023010,0,33070.45658738411,407156.53582923743,4766617.2002321975,-76.13992297120689,43.04657353097335,407156.5334373815,4766617.196824433,1597676.127873954,2395456.7149249003,1.0000000000000004,True
360670043023011,0,31216.813048547996,407149.4755775701,4766528.5058721015,-76.13999485071813,43.045774131691324,407149.47151580936,4766528.502407279,1597688.9551944113,2395368.1542582815,0.9999999999999999,True
360670043023012,0,2730.51955623,406943.02470228757,4766565.245680711,-76.1425352483319,43.046079633470285,406943.02858825005,4766565.241910221,1597480.4907013457,2395358.831160116,1.0000000000000002,True
360670043024000,216,31849.418583694925,408016.87812854256,4765682.697796315,-76.12920745705041,43.038264671262716,408016.87467284733,4765682.701034672,1598718.2128887912,2394728.997520749,1.0,True
360670043024001,118,43644.40135864882,407892.80818223296,4765632.121544199,-76.13072191822202,43.03779428240386,407892.809692912,4765632.123478266,1598609.0525412299,2394652.1209799494,1.0000000000000002,True
360670043024002,9,216407.97512358997,407542.56182300753,4765612.503888229,-76.1350175162015,43.037575101762044,407542.5631401313,4765612.503674706,1598273.574356773,2394555.919283695,0.9999999999999998,True
360670043024003,1090,113719.49474875855,407820.7606156397,4765292.8918115245,-76.1315500910554,43.03473136305106,407820.7599422896,4765292.895924544,1598614.4055421883,2394303.498688596,1.0,True
360670043024004,505,66651.31813291996,407446.4638625194,4765256.5233417805,-76.13613786334308,43.034358411511455,407446.4608589978,4765256.522103843,1598259.3097100751,2394185.57894972,1.0000000000000007,True
360670043024005,11,21359.721439597903,407313.51305514533,4765244.624686201,-76.13776760270005,43.03423507307164,407313.51331563224,4765244.627673627,1598132.954118315,2394144.6947645373,1.0000000000000002,True
360670043024006,415,13019.04021911442,408034.8312663783,4765516.957811481,-76.12895974210697,43.03677464198674,408034.8346337384,4765516.9531026995,1598772.4010340024,2394570.347642166,1.0,True
360670043024007,0,8265.474895712601,406935.03091231646,4765258.907350057,-76.14241512207501,43.03431738476796,406935.03273365856,4765258.909017109,1597762.5621239005,2394075.5430411515,1.0,True
360670043024008,0,4025.6092312132596,406969.9733698025,4765315.316848195,-76.14199568901464,43.0348295337196,406969.9724239564,4765315.31311579,1597783.9499401413,2394138.559877832,1.0,True
360670043024009,0,1810.223638057866,406897.2764648522,4765212.477716051,-76.14287072717197,43.03389474078547,406897.278616745,4765212.473156668,1597736.2318543654,2394021.6987322466,1.0,True
360670043024010,986,24901.56568989655,407271.64005924534,4765340.346122444,-76.13829744309058,43.03509176689895,407271.6436193822,4765340.349750734,1598071.0900936653,2394229.3990373104,0.9999999999999999,True
360670044011000,219,55892.34174042984,408811.79108781944,4765251.1584630385,-76.11938010924234,43.03447524944282,408811.79176752246,4765251.15296235,1599585.221335118,2394480.2942095893,1.0000000000000002,True
360670044011001,244,108477.59177126514,408656.0938739852,4765255.286660842,-76.12129168807179,43.03449370887121,408656.0928891087,4765255.2856886685,1599433.238330239,2394450.137292671,1.0,True
360670044011002,72,16404.876140847427,408580.40458398074,4765072.73262649,-76.12219068668975,43.032841012777915,408580.4034806791,4765072.73122199,1599400.2974874193,2394254.417168,1.0,True
360670044011003,75,21265.577792389173,408706.8336135875,4764885.281236177,-76.12060833106614,43.03116853439626,408706.836093504,4764885.2773826765,1599564.5501414053,2394098.297328382,1.0000000000000002,True
360670044011004,92,24408.4606279624,408596.8898766367,4764890.8316358635,-76.12195852937597,43.031205285574465,408596.892291253,4764890.8332058415,1599456.6451857102,2394079.587857053,1.0,True
360670044011005,58,17703.438825238743,408827.66942886496,4764874.576999394,-76.11912361746583,43.031086672955844,408827.6708918134,4764874.579983689,1599684.1665952816,2394114.3434471483,0.9999999999999998,True
360670044012000,164,25771.52097663476,408463.78002329456,4765359.497590104,-76.12366911234012,43.03540879938338,408463.7810294702,4765359.497645122,1599223.5253772647,2394510.119402332,1.0,True
360670044012001,178,26666.499527898377,408361.8842059758,4765353.343727458,-76.12491870464363,43.03534110743548,408361.88457319373,4765353.342896675,1599126.024897014,2394481.6951281265,0.9999999999999999,True
360670044012002,145,26358.40988798994,408258.7235538495,4765348.603476894,-76.12618405040767,43.03528597626176,408258.7195492848,4765348.606167235,1599026.9836823014,2394454.379555063,1.0,True
360670044012003,164,26446.987339306757,408156.1627524812,4765342.501477431,-76.12744180698508,43.03521864343704,408156.1632567195,4765342.496646084,1598928.8266461615,2394425.8596911533,0.9999999999999999,True
360670044012004,188,34071.75730246979,408038.74398192036,4765337.4721856015,-76.12888209380299,43.035159155935006,408038.74354289874,4765337.47708583,1598816.0156520703,2394395.127498037,1.0000000000000002,True
360670044012005,100,45970.03800741726,408049.9587796829,4765024.533845785,-76.12869281115566,43.03234304008993,408049.9596286403,4765024.529381561,1598896.321259976,2394090.590112468,0.9999999999999997,True
360670044012006,61,19497.336399101205,408212.7905493937,4765169.721370626,-76.12671833397427,43.03366989905734,408212.79331851145,4765169.721438161,1599022.1006808053,2394268.7993186573,1.0000000000000002,True
360670044012007,134,41013.9252101465,408323.8049400455,4765094.700262598,-76.12534351034367,43.03300786844803,408323.8058296702,4765094.703755162,1599146.4562380228,2394219.5920397085,1.0000000000000004,True
360670044012008,135,23951.15498050913,408477.1288756856,4765111.513305521,-76.12346454431757,43.03317773060446,408477.13244056,4765111.509858565,1599291.4901951568,2394269.77226776,1.0000000000000002,True
360670044012009,98,21663.8469281285,408489.70846750546,4764885.072983479,-76.12327297117,43.03114053469528,408489.7060672231,4764885.06916198,1599353.929257079,2394050.390482919,1.0,True
360670044012010,53,20874.53522255081,408389.8868937334,4764888.685372154,-76.12449862675638,43.03116102667339,408389.88903385267,4764888.682380865,1599256.2754454836,2394032.0032276474,1.0000000000000002,True
360670044012011,27,23011.110389020403,408279.3567183186,4764918.266123541,-76.1258599783621,43.03141401356731,408279.354935318,4764918.264640525,1599142.4707196008,2394036.738881613,1.0000000000000002,True
360670044012012,88,45179.28321086052,408165.6525873787,4764880.104163545,-76.12724913027938,43.031056692811575,408165.65506490937,4764880.1049287,1599040.614917207,2393974.318920899,0.9999999999999999,True
360670044012013,0,1614.3116103591026,408176.8707941401,4765048.850409872,-76.12713925979693,43.032577321080055,408176.86748751125,4765048.848112896,1599014.0638071808,2394142.329362701,1.0000000000000007,True
360670044013000,84,23666.756793071672,409310.5044607882,4765410.353347611,-76.1132852028495,43.03596824268101,409310.5046300543,4765410.348604785,1600033.7915083189,2394746.034384639,1.0000000000000002,True
360670044013001,102,23828.96776602078,409214.37336473266,4765405.800815501,-76.11446432787164,43.035915770263614,409214.3756790523,4765405.804087599,1599941.528431625,2394720.4489832744,0.9999999999999999,True
360670044013002,46,12753.972506582013,409110.1922138509,4765468.603648937,-76.11575324089972,43.03646874453883,409110.1954798504,4765468.598658593,1599826.5132003252,2394759.1725499686,1.0,True
360670044013003,64,17951.680890419706,409024.3078653607,4765431.60260671,-76.1168013099093,43.036125329754285,409024.30862862954,4765431.599291744,1599751.390385562,2394704.005003095,1.0000000000000002,True
360670044013004,46,14608.25221918275,408905.01160090015,4765439.39636288,-76.11826677105896,43.0361812006033,408905.0092424237,4765439.396327291,1599633.9122535414,2394685.4418554455,1.0000000000000002,True
360670044013005,90,21444.807907609735,408913.80931126425,4765259.700886048,-76.11812941528636,43.034564400434846,408913.8105559051,4765259.7008211715,1599682.3109118536,2394511.087956025,1.0,True
360670044013006,79,21693.460983727768,409014.41727983224,4765265.132368291,-76.11689551783358,43.034625360065,409014.418791626,4765265.136783762,1599778.722356627,2394538.519625596,1.0,True
360670044013007,123,35567.96080590192,409120.7525119347,4765208.059630101,-76.11558113098575,43.034124245811846,409120.75496855937,4765208.05450913,1599894.5562120308,2394505.890599805,1.0,True
360670044013008,75,23113.01172957222,409223.8899398152,4765163.4749535555,-76.11430804654326,43.033735168176754,409223.8937783627,4765163.478437211,1600004.5170313404,2394484.8100171965,1.0,True
360670044013009,70,22643.271998894234,409319.5151260034,4765167.471626504,-76.11313508168848,43.03378257355467,409319.51367320074,4765167.474583049,1600096.4122194424,2394509.738835531,1.0,True
360670044013010,16,6131.910211380362,409312.2706598045,4765000.677521545,-76.11319684861553,43.03228000535391,409312.2746124695,4765000.676874473,1600126.382814253,2394344.516198572,1.0,True
360670044013011,0,4559.709535066153,409382.3165876047,4765024.752108996,-76.11234110449134,43.03250511630693,409382.3169295032,4765024.750293258,1600189.0053909824,2394383.522556852,1.0,True
360670044013012,0,1372.0373799790696,409401.26999973156,4764992.689625312,-76.11210327961408,43.03221870766992,409401.2683276711,4764992.688795566,1600214.5075198999,2394356.2318623434,1.0000000000000007,True
360670044013013,7,4125.274568964856,409411.0851406199,4764936.837786368,-76.11197374128604,43.031717025090785,409411.08846718405,4764936.834955475,1600236.4202155417,2394303.595244175,1.0,True
360670044013014,21,16156.652000723723,409349.7114994182,4764881.403843053,-76.11271794307083,43.03121061297038,409349.7149892293,4764881.4023561785,1600189.1684798412,2394235.72933303,0.9999999999999998,True
360670044013015,0,1509.4008041404743,409324.50197726744,4764954.416794074,-76.11303920888818,43.03186496455546,409324.5027535494,4764954.420720603,1600148.5123450293,2394301.819730258,0.9999999999999999,True
360670044013016,0,1690.1514209585912,409233.125584004,4764916.800161884,-76.11415451731673,43.03151537649513,409233.1270294012,4764916.802753387,1600068.1977860376,2394244.841957793,1.0,True
360670044013017,34,11401.465919127517,409228.53128934174,4764984.124269669,-76.11422186755331,43.03212096898052,409228.5286917271,4764984.1277494775,1600048.8056433948,2394309.8801595774,1.0,True
360670044013018,41,16716.53011003974,409128.66876164626,4764958.287863217,-76.11544324216928,43.03187641558822,409128.67217406194,4764958.286086491,1599957.6441785353,2394262.5947614945,1.0000000000000002,True
360670044013019,91,18819.027233584988,409024.43592006137,4765063.82242914,-76.11673968917701,43.0328141015753,409024.4350360271,4765063.822265932,1599833.1001540502,2394343.228798662,1.0,True
360670044013020,98,18863.053968034365,408924.53183539445,4765059.039974213,-76.1179650179696,43.0327590718092,408924.53334099776,4765059.043085316,1599737.2279733971,2394316.588609778,1.0,True
360670044013021,54,16271.43472830006,408932.5975013444,4764883.272515525,-76.11783730555126,43.03117754761529,408932.597883189,4764883.267221806,1599784.0449473923,2394145.9263243773,1.0,True
360670044013022,44,16571.13224892519,409033.2390136322,4764888.334338266,-76.11660300352773,43.03123517922315,409033.239331718,4764888.3366417205,1599880.5704018893,2394173.002493618,1.0,True
360670044013023,0,2319.147983667226,409128.70928404713,4764859.861995248,-76.11542669534683,43.03099025973729,409128.7089643663,4764859.866471473,1599979.5174091454,2394166.0441187965,1.0,True
360670044013024,18,4297.479856911315,409152.7041027891,4764841.5694577405,-76.11512923644243,43.030828435864876,409152.70701880363,4764841.565435496,1600006.8564496816,2394153.369858788,0.9999999999999998,True
360670044013025,10,8839.326088344442,409237.83994464163,4764863.168793809,-76.11408792504652,43.031033078576044,409237.8420167131,4764863.1711458685,1600084.668958759,2394193.263159279,1.0,True
360670045001000,150,50486.290897854036,409200.1577637862,4765788.4072145745,-76.11470116239185,43.03935880026073,409200.1546999409,4765788.407226301,1599842.862098734,2395092.6733388193,0.9999999999999997,True
360670045001001,89,27086.03600970322,409100.9898799319,4765900.594715829,-76.11593667468316,43.04035699656369,409100.9878227949,4765900.595124849,1599721.7555211124,2395180.9452769603,1.0000000000000002,True
360670045001002,105,21544.335024543383,408939.0267036962,4765989.132961958,-76.11793914651919,43.04113472986715,408939.03044874256,4765989.129594726,1599544.9661610923,2395232.220056054,1.0,True
360670045001003,79,21279.044694011383,408943.6744613099,4765892.905269453,-76.1178663669947,43.040268919517125,408943.67174396,4765892.903137869,1599570.8222453182,2395138.8397845407,1.0,True
360670045001004,70,21212.098852006224,408947.60646290286,4765797.057593442,-76.11780243720989,43.03940644455997,408947.6094280238,4765797.052604668,1599595.8995398958,2395045.674906918,1.0000000000000002,True
360670045001005,74,25948.35461679844,408905.1188144343,4765613.772191794,-76.11829396723626,43.03775117377587,408905.11618431273,4765613.7751395535,1599595.3337998705,2394856.532854296,1.0000000000000002,True
360670045001006,122,25275.639297743663,409006.15690131823,4765651.527990376,-76.1170600066999,43.03810321343145,409006.1574272365,4765651.526491543,1599684.9925254397,2394915.770197628,0.9999999999999997,True
360670045001007,90,21597.93404541019,409110.6155644503,4765639.531223147,-76.1157759304539,43.03800771104275,409110.61802889965,4765639.529963868,1599789.0069590346,2394926.950298118,1.0,True
360670045002000,158,21864.15561601498,408791.0337227891,4765604.399153294,-76.11969269629644,43.037653092951565,408791.03343153896,4765604.399940051,1599486.719883252,2394822.273156754,0.9999999999999999,True
360670045002001,131,22376.013855372436,408616.0562801052,4765644.669797914,-76.12184694461426,43.0379946277321,408616.05987318937,4765644.666669679,1599308.0113918995,2394823.3365909588,1.0000000000000002,True
360670045002002,102,19504.735079985414,408451.2063600039,4765585.39303113,-76.12386055252088,43.03744108782496,408451.2025104584,4765585.394434957,1599161.2128694684,2394728.9661964085,0.9999999999999998,True
360670045002003,87,18824.07513022316,408349.9713789479,4765572.724982971,-76.12510100318657,43.037314823976196,408349.97160283977,4765572.722316923,1599065.7983639871,2394694.296405267,0.9999999999999998,True
360670045002004,145,18818.655289212576,408246.39520667755,4765567.260643076,-76.1263713699963,43.03725312096383,408246.3927313314,4765567.258347827,1598966.5142919829,2394666.179067882,1.0,True
360670045002005,121,18394.5359981492,408143.89424391947,4765561.154419215,-76.1276284313262,43.03718575485329,408143.89686310897,4765561.159398502,1598868.4159430356,2394637.6680839225,1.0,True
360670045002006,146,23489.96375499236,408620.8343697892,4765547.0892583905,-76.12177229326987,43.03711665556733,408620.8338874901,4765547.094199987,1599334.2944988362,2394728.657423634,1.0,True
360670045003000,98,29874.98925044254,408549.3040147444,4766326.490434867,-76.12277819727713,43.044125224193316,408549.3037570232,4766326.487751152,1599091.9895350428,2395477.549221349,1.0000000000000002,True
360670045003001,72,16411.261928981596,408432.88432040554,4766400.071226582,-76.12421935931351,43.04477366245055,408432.8810623352,4766400.075440863,1598962.7070193207,2395524.1542296954,1.0,True
360670045003002,0,47939.05427144432,408279.172583411,4766375.050462494,-76.12610208480525,43.0445298410168,408279.171284677,4766375.045924155,1598819.1147027768,2395465.836032529,1.0,True
360670045003003,121,27172.819938773617,408605.4633629925,4766055.53691475,-76.12204437238752,43.04169251206547,408605.46109592647,4766055.535604939,1599206.5874407561,2395224.0784040745,1.0,True
360670045003004,59,21406.262072350524,408667.7004192305,4766193.258193164,-76.12130301917054,43.04293994555238,408667.7019131414,4766193.253113683,1599236.4227499045,2395372.859174212,0.9999999999999998,True
360670045003005,147,23560.272788654664,408765.7581423269,4766193.612491167,-76.12009943018545,43.042954923357435,408765.7605663963,4766193.6098644985,1599331.4872596771,2395394.7505949857,1.0000000000000002,True
360670045003006,63,16510.26153323569,408778.2487245596,4766002.766145914,-76.11991485288735,43.04123817697102,408778.24492112524,4766002.768754497,1599385.9430471475,2395210.2712155306,1.0,True
360670045003007,0,102772.1804926326,408150.31538525264,4766129.760660861,-76.12764337612153,43.042305853027635,408150.31351034745,4766129.7659033025,1598748.5038683373,2395196.8917842014,1.0000000000000002,True
360670045003008,0,68442.7938991323,408302.5918507439,4766028.096170104,-76.12575748619194,43.04140894257689,408302.5906625971,4766028.091456999,1598918.8071265551,2395130.6147345584,0.9999999999999996,True
360670045003009,0,4477.722269124626,408490.40754581284,4766219.355673286,-76.12348355443876,43.04315356339624,408490.4038891515,4766219.359787831,1599058.6103676618,2395359.5085114976,1.0,True
360670045003010,38,6928.076680946927,408514.89618576923,4766162.402960595,-76.12317360348891,43.042643752455454,408514.8965406038,4766162.408236642,1599095.0054465176,2395309.017461172,1.0000000000000002,True
360670045003011,41,8901.742014714742,408509.720831385,4766040.387195564,-76.12321708743585,43.041544585537956,408509.719829469,4766040.388815279,1599117.0517233247,2395188.180911883,1.0,True
360670045003012,0,72219.35986494891,408442.7614666115,4765912.342663499,-76.12401793916264,43.040383693213876,408442.7646667374,4765912.343374382,1599080.4883859733,2395047.8552245977,1.0000000000000004,True
360670045003013,137,28670.12232121207,408567.159132028,4765781.448809708,-76.12246955225432,43.03922020480228,408601.4916796746,4765747.012818673,1599230.225238787,2394946.7769906176,1.0000000000000004,False
360670045003014,61,15183.528668020881,408691.70419433626,4765926.648455014,-76.1209646697564,43.040542465408876,408691.70178211934,4765926.652329279,1599318.856887684,2395116.5840719277,1.0000000000000002,True
360670045003015,112,17850.52732029795,408738.95236198255,4765837.632479453,-76.12037014280013,43.0397467071911,408738.95583768765,4765837.631634344,1599384.447452146,2395039.638156358,0.9999999999999998,True
360670045003016,92,15703.718064795983,408757.38392495055,4765746.547137635,-76.120128989987,43.038928852864856,408757.3831791603,4765746.552382902,1599422.5370603658,2394954.33086941,0.9999999999999999,True
360670045003017,85,40492.57743543841,408244.43991118623,4765728.578745462,-76.12642193841478,43.03870527794326,408244.4430732576,4765728.581152883,1598928.8298471435,2394824.006016756,0.9999999999999998,True
360670046001000,73,61486.61270090039,411229.2399300573,4766747.426411877,-76.08994852657591,43.04823311696787,411097.28743692726,4766922.263427552,1601598.9304195025,2396479.2409942104,0.9999999999999994,False
360670046001001,24,15271.962506254913,411010.2124774421,4766643.284153874,-76.09262067589727,43.04726984327218,411010.21045178955,4766643.279374028,1601409.5072439853,2396328.962917507,1.0000000000000002,True
360670046001002,430,43559.42779073396,411164.1949187223,4766539.751149839,-76.09071389080225,43.04635572908856,411164.1941276027,4766539.747929272,1601581.8797474168,2396261.219426931,1.0,True
360670046001003,25,18253.92809620434,411268.39060713025,4766521.182429156,-76.08943185798218,43.04620073204603,411268.3871386569,4766521.178914848,1601687.0990767875,2396265.8910992597,1.0,True
360670046001004,71,31299.343345373218,411419.7164277064,4766510.298501534,-76.08757250136871,43.04612040980502,411419.71652507735,4766510.297411236,1601836.3442220169,2396288.4540726957,1.0000000000000002,True
360670046001005,0,2943.3832331069166,411382.1144887661,4766465.129001841,-76.08802690152704,43.04570934324145,411407.6504154679,4766432.860804179,1601809.8775607746,2396235.882065886,1.0000000000000007,False
360670046001006,27,24633.62744217678,411349.89017862926,4766401.94187435,-76.0884124144281,43.04513668304942,411349.89137820405,4766401.943741483,1601792.6251530969,2396166.8153912183,1.0,True
360670046001007,41,24956.907650758025,411533.7357903834,4766290.549623681,-76.08613792992126,43.044155217012225,411533.73820305255,4766290.547702928,1601995.7161672104,2396097.9197034035,1.0,True
360670046001008,56,29939.892566805825,411635.07694728277,4766346.933851673,-76.08490288634776,43.04467466744478,411635.07588203554,4766346.937481321,1602081.5414955914,2396175.4944209955,1.0000000000000002,True
360670046001009,8,3554.157662513706,411654.9169970402,4766416.294291541,-76.0846703455758,43.04530145613098,411654.9207721244,4766416.299115247,1602085.4086231047,2396247.897106779,1.0,True
360670046001010,13,10949.188317327427,411770.50288909225,4766334.1701742085,-76.08323845931731,43.04457549946865,411770.49957623193,4766334.170275982,1602215.7759000247,2396192.7198058926,0.9999999999999999,True
360670046001011,44,15432.372448876926,411848.17694295547,4766123.691890111,-76.0822516671708,43.04268949846557,411848.1742711173,4766123.692094988,1602337.8248685368,2396003.295072248,1.0000000000000002,True
360670046001012,47,25016.205697286066,411772.42206824676,4766138.024585222,-76.08318382773628,43.04280974344731,411772.4242651779,4766138.019731221,1602261.1414208296,2396000.7163155763,0.9999999999999999,True
360670046001013,35,23930.007726060932,411671.8605683982,4766110.681105421,-76.08441388439745,43.04255186803962,411671.85934337706,4766110.684671056,1602169.6316871636,2395951.802862843,1.0,True
360670046001014,0,1340.9756510523519,411633.65654866584,4766050.619671709,-76.08487330784527,43.0420066656184,411633.6572370421,4766050.623481543,1602145.883765784,2395884.4889897057,0.9999999999999998,True
360670046001015,0,1597.76957658097,411593.5947070511,4766165.253007756,-76.08538325628827,43.04303409289451,411593.591156826,4766165.253842864,1602081.5870779143,2395988.148310154,1.0,True
360670046001016,51,24663.22238913374,411461.15772516193,4766207.146666403,-76.08701558563915,43.04339584747213,411461.15648716653,4766207.141409746,1601943.7924442824,2396000.1565986145,1.0000000000000002,True
360670046001017,68,31423.91991284824,411473.625393493,4766103.432332205,-76.08684605842004,43.04246351953154,411473.621978585,4766103.430207071,1601978.8931729437,2395901.1481128423,1.0,True
360670046001018,16,29016.559588660664,411938.5618091949,4765853.83595134,-76.08109952885742,43.04027035978162,411938.56421733345,4765853.840387334,1602485.3759839907,2395758.409499181,0.9999999999999999,True
360670046001019,21,13032.02362138925,411768.4910121314,4765953.587629169,-76.08320286464462,43.04114872478534,411768.48809673975,4765953.584913911,1602298.2336672451,2395818.9138178914,1.0,True
360670046001020,0,1603.7988211699753,411657.2034784979,4765971.386280603,-76.08457170589143,43.041296034820085,411657.2039084197,4765971.382407614,1602186.304626187,2395811.930450617,1.0,True
360670046001021,0,12810.87937519848,411465.23828337976,4766038.244594842,-76.08693864753197,43.04187563038452,411465.24211135355,4766038.24117049,1601985.2135306722,2395835.354529484,0.9999999999999994,True
360670046001022,37,18801.966208142316,411012.00587740267,4766531.268207777,-76.09258075930478,43.04626153175153,411012.00251694873,4766531.264724899,1601436.0927425053,2396219.4667557464,1.0,True
360670046001023,177,128444.71917636349,412324.7982640042,4765695.657884806,-76.0763337631171,43.03889090394972,412324.7952539755,4765695.657484712,1602895.2199906965,2395688.0643996303,1.0,True
360670046002000,22,50740.33307525776,411976.1774478824,4765688.51029521,-76.08061169068925,43.038786223898654,411976.1766552805,4765688.507651018,1602558.541378784,2395604.4802929,0.9999999999999994,True
360670046002001,44,40587.56589674686,411673.8398928106,4765822.323859175,-76.0843438620183,43.039955899844145,411673.83679917746,4765822.323916449,1602235.5077748967,2395669.34885934,1.0000000000000004,True
360670046002002,80,83503.27515763268,411275.4488875118,4765963.248196246,-76.08925632839043,43.0411782567759,411275.4512623431,4765963.252966295,1601817.6968019118,2395720.091790908,1.0000000000000007,True
360670046002003,38,22474.824061837116,411073.5057622164,4766061.028430452,-76.09175072129523,43.04203498860262,411073.5075132552,4766061.0296735745,1601600.0657049445,2395771.6583279995,1.0000000000000002,True
360670046002004,0,4452.269063214459,411004.52261997963,4766130.132920239,-76.09260851872071,43.04264908124736,411004.5241719463,4766130.134982879,1601517.8045241465,2395824.2988038333,0.9999999999999998,True
360670046002005,20,26563.26418479565,410578.3609866516,4766123.50274097,-76.09783855590854,43.042539321321684,410578.35736429424,4766123.500420159,1601105.7756093529,2395724.1797209485,0.9999999999999998,True
360670046002006,45,245983.95651939965,410601.65489406395,4765862.824477806,-76.09751078655263,43.040195081218975,410601.6538259623,4765862.826577769,1601186.1979413717,2395473.563674717,1.0000000000000002,True
360670046002007,0,3037.3136204911125,410422.92162082694,4766066.173891097,-76.09973733699354,43.042004848268974,410356.8085150964,4766039.078848077,1600967.6706927912,2395633.7928392743,0.9999999999999999,False
360670046002008,49,43085.1881036817,410928.1948081922,4765959.553505779,-76.09351815897378,43.04110434022536,410928.19140820333,4765959.549082268,1601481.5795604805,2395640.1885267613,0.9999999999999997,True
360670046002009,166,309383.3137978424,410523.60999832145,4765286.862677574,-76.0983762378983,43.03500029056023,410523.61309934995,4765286.863685469,1601238.226680163,2394891.3800890557,0.9999999999999998,True
360670046002010,54,55845.74778253797,410435.63749881915,4765401.3616523165,-76.09947436430232,43.036020799105756,410435.63459212345,4765401.361789711,1601127.4715333187,2394984.383619877,1.0000000000000002,True
360670046002011,47,28430.625194389613,410708.11481644504,4765529.08376043,-76.09615055668512,43.0372028123997,410708.1112700238,4765529.082429514,1601363.5201836722,2395169.5387479914,0.9999999999999998,True
360670046002012,39,38442.8483787081,410839.2231245055,4765624.039728473,-76.09455655081246,43.03807314046413,410839.2190591406,4765624.0352871595,1601469.67023497,2395291.494149119,0.9999999999999994,True
360670046002013,55,32214.529851100266,411064.3703483467,4765704.267790982,-76.09180589561605,43.038821864018445,411064.3700432118,4765704.271791395,1601670.3319199285,2395419.6574310362,1.0,True
360670046002014,52,35608.521402209655,411116.7057212765,4765817.44817441,-76.09118158072827,43.03984699842409,411116.7041537412,4765817.448369823,1601696.0085834824,2395542.1875001094,1.0000000000000004,True
360670046002015,60,46466.95278676693,411496.7254493397,4765797.2424439415,-76.08651385590633,43.03970946112746,411496.72191348404,4765797.246807248,1602069.2185041918,2395605.8392774807,1.0000000000000004,True
360670046002016,57,39932.54697427761,411373.5566811043,4765714.450895394,-76.08801250344813,43.03894969138484,411373.5569743818,4765714.451848472,1601968.072318418,2395497.5629120707,1.0,True
360670046002017,89,144643.36433871556,411492.9194787863,4765568.32503473,-76.0865242016886,43.03764798089701,411492.9196437976,4765568.327154345,1602116.2986144875,2395380.425264152,1.0,True
360670046002018,31,39777.108681471705,411892.6707673413,4765643.253450126,-76.08162951183786,43.038369073927626,411892.6717689449,4765643.256333049,1602487.5532988878,2395541.73965199,1.0000000000000002,True
360670046002019,0,2383.4125065286144,411572.818094468,4765961.054808708,-76.08560587095457,43.0411931946522,411572.8157362556,4765961.055433182,1602106.7176470826,2395783.2593623544,1.0000000000000004,True
360670046002020,19,11373.463779233834,412146.5892504515,4765497.921948206,-76.07848996219151,43.037090007205535,412146.58616027806,4765497.921187598,1602766.1603292234,2395454.935008959,1.0,True
360670046003000,0,1617.9321204436021,410282.56769986684,4766024.618778371,-76.10145345647767,43.041614143068095,410282.5640920202,4766024.6140421545,1600840.7048246146,2395562.193722873,1.0000000000000002,True
360670046003001,0,1524.1856360845547,410175.7983613149,4766005.027862612,-76.10276085798745,43.041425137124634,410175.7948850325,4766005.02378486,1600741.4538263879,2395519.5196227166,1.0000000000000002,True
360670046003002,0,1763.0729273690852,410064.9925945936,4765980.326578925,-76.10411697162377,43.04118962786114,410064.99024251016,4765980.323515334,1600639.420055013,2395470.945190688,1.0,True
360670046003003,0,2020.0405792108986,409940.86385583266,4765934.883001627,-76.10563325436715,43.04076577266613,409940.8601787691,4765934.886086031,1600529.0604588664,2395399.095011109,1.0000000000000002,True
360670046003004,32,36125.80357353566,410007.35436854995,4765801.286003281,-76.1047955320825,43.039570834577006,410007.3569313588,4765801.282129089,1600623.209031183,2395282.639297714,0.9999999999999998,True
360670046003005,37,22321.592014785652,410091.5181927117,4765874.554114869,-76.10377430760991,43.04024046212931,410091.5188678886,4765874.558312277,1600688.6194013364,2395373.006613117,0.9999999999999999,True
360670046003006,54,32974.838565241036,410195.8851844563,4765838.739442333,-76.10248748958747,43.03993035900044,410195.8843960885,4765838.744006496,1600797.8289274208,2395360.798563678,1.0,True
360670046003007,28,22042.614342496123,410293.7964846544,4765913.564841937,-76.10129774116905,43.04061561116983,410293.79982183187,4765913.563557523,1600876.2331442635,2395455.713378495,1.0000000000000002,True
360670046003008,38,23156.621281435255,410302.9739972325,4765695.054602661,-76.10114990672807,43.03864936849329,410302.97459118767,4765695.058094308,1600933.6063727613,2395243.3642152273,0.9999999999999999,True
360670046003009,38,32510.955090763367,410193.8076304291,4765589.964284123,-76.1024728847633,43.037690301232985,410193.80638745526,4765589.9641635,1600850.9951202464,2395116.285911806,1.0000000000000002,True
360670046003010,61,56051.69143871442,410022.8779815841,4765586.39903486,-76.10457028310894,43.037637970736256,410022.87664840545,4765586.402302718,1600685.9368955288,2395075.2386819534,1.0000000000000004,True
360670046003011,108,67870.93825979356,409865.0070406088,4765559.829792442,-76.10650367433765,43.037380038778714,409865.00489338645,4765559.825513601,1600538.6521753445,2395014.492043022,1.0000000000000004,True
360670046003012,0,2847.209229142369,409803.6570084649,4765838.441449795,-76.10730178433501,43.0398811921451,409803.655743952,4765838.442338918,1600417.3241044548,2395274.34112182,1.0,True
360670046003013,0,1683.0943495240645,409711.25568945805,4765712.691061059,-76.10841556619822,43.03873803842751,409711.25287967524,4765712.686830022,1600355.5633050723,2395130.6772369463,1.0000000000000004,True
360670046003014,43,29012.257916814182,409997.9124696842,4765426.500718412,-76.10485087587868,43.03619539130342,409997.91051743424,4765426.501710033,1600697.1817790428,2394912.88873731,0.9999999999999998,True
360670046003015,90,30811.16290693601,409757.9533402559,4765559.5221828325,-76.10781758323891,43.037364556645535,409757.95203843625,4765559.527015385,1600434.8490021578,2394990.6726284507,1.0,True
360670046003016,51,20838.889392472796,409654.78878033906,4765506.787113738,-76.10907525467236,43.03687749974394,409654.7850882953,4765506.787190958,1600346.4490359651,2394916.274211647,1.0000000000000004,True
360670046003017,0,1150.7823501458506,409662.1030135987,4765628.128497838,-76.1090051578649,43.037970847689834,409662.09951133776,4765628.123247203,1600326.629545044,2395036.9207400223,1.0,True
360670046003018,0,2173.5294013572557,409602.6480633557,4765525.544754363,-76.10971825876867,43.03704017701795,409602.64473837294,4765525.547350932,1600291.6974549799,2394923.2215061043,1.0000000000000004,True
360670046003019,0,2919.794786731426,409514.8242190281,4765371.704830315,-76.11077120137378,43.035644646042584,409514.8242632835,4765371.699715783,1600240.609972104,2394753.005819311,1.0000000000000004,True
360670046003020,39,26833.545398729257,409460.2752725806,4765429.511660499,-76.11145009989062,43.03615859983052,409460.2752639191,4765429.511679437,1600174.859731142,2394797.7324346397,0.9999999999999999,True
360670046003021,41,11083.018508205412,409381.9449783244,4765403.619995947,-76.11240728070227,43.03591614696908,409381.94333717367,4765403.614800842,1600104.6016548027,2394755.123547116,1.0,True
360670046003022,31,12106.499960165038,409392.239743168,4765168.323182647,-76.11224266435563,43.033798918982605,409392.2368114801,4765168.321113093,1600166.7855013087,2394526.551044097,1.0,True
360670046003023,27,11232.146609759859,409441.1070505491,4765181.232805005,-76.11164500926742,43.033920976354636,409441.10784028703,4765181.235420836,1600211.336102194,2394549.951407494,0.9999999999999997,True
360670046003024,0,4161.6313947488,409468.88701144466,4765158.271944107,-76.11130033192129,43.033717563421376,409472.21905785054,4765223.285533904,1600243.3833944928,2394533.5288778716,0.9999999999999996,True
360670046003025,57,31392.332102655826,409526.9422153083,4765121.144858475,-76.1105817873559,43.03339021268089,409526.9411666231,4765121.143463883,1600307.9481210054,2394509.8597434997,1.0000000000000002,True
360670046003026,43,16443.88222001909,409565.0359014706,4765345.950923035,-76.11015074957511,43.03541875505847,409565.0400059888,4765345.9558604015,1600295.0416727448,2394738.771183846,1.0,True
360670046003027,142,96787.43132440775,409708.2261613755,4765102.399043317,-76.1083538470727,43.03324300829706,409708.22998400975,4765102.398071295,1600488.0001053943,2394531.2944398993,0.9999999999999997,True
360670046003028,33,21929.54438692604,409747.7167254963,4765354.727442628,-76.1079100503804,43.035519502284366,409747.71268001304,4765354.727242296,1600470.3445661839,2394787.513410455,0.9999999999999999,True
360670046003029,50,46970.08582466043,409965.4518274381,4765166.1547656255,-76.10520721551549,43.03384755653495,409965.45315494965,4765166.159575796,1600723.4356413542,2394650.348808966,1.0000000000000002,True
360670046003030,43,15945.926577847482,409666.9164879233,4764764.855292043,-76.10880612527795,43.030199071862356,409666.918588575,4764764.858389538,1600522.793684344,2394191.075297604,1.0000000000000002,True
360670046003031,22,17982.254421124617,409620.0222357398,4764911.095576726,-76.10940534642009,43.03151014676158,409620.02594885643,4764911.090333859,1600444.8544364811,2394324.24140485,0.9999999999999998,True
360670046003032,36,16598.900596212265,409479.82423209696,4764924.27701095,-76.11112808787436,43.03161213038237,409479.8231995946,4764924.27365005,1600305.9015117248,2394306.373654444,1.0000000000000002,True
360670046003033,37,16287.271344871862,409485.3076323749,4764751.900054958,-76.11103279498447,43.0300608144584,409485.30720251234,4764751.898454755,1600349.459499291,2394138.4693050957,0.9999999999999998,True
360670046003034,28,17691.690264672085,409575.7691323997,4764769.2463060785,-76.10992543345803,43.030227761848906,409575.77191422007,4764769.250506734,1600433.3828978126,2394175.3596256785,0.9999999999999998,True
360670046003035,0,2350.2070513551375,409548.76953861647,4765499.843974411,-76.11037537764656,43.0368023694875,409548.76776251016,4765499.847386925,1600245.1216632824,2394886.171825416,0.9999999999999998,True
360670046004000,85,35017.63378257503,410143.7639866677,4766057.786343247,-76.10316258007755,43.04189635040427,410143.76243629074,4766057.791872209,1600698.6688741557,2395564.239708661,1.0000000000000002,True
360670046004001,35,27738.2578126824,409913.30198901106,4766047.806656452,-76.1059898265341,43.041779194087795,409913.30415897444,4766047.807284526,1600477.2691201,2395503.821072408,1.0,True
360670046004002,32,29362.754010165358,409756.54326082603,4766132.5799747715,-76.10792772906231,43.04252382378008,409756.5455931857,4766132.5773027325,1600306.3645456578,2395552.548073435,1.0,True
360670046004003,59,37105.18787803216,409562.3473288513,4766243.272495591,-76.110329428144,43.04349732118292,409562.3495901151,4766243.270112888,1600093.3855847525,2395618.476893922,0.9999999999999998,True
360670046004004,0,2054.86948123627,409435.4816800352,4766276.158791129,-76.11189205564908,43.043778286417336,409435.478087566,4766276.160347348,1599962.9950371787,2395622.8677410916,1.0,True
360670046004005,83,56223.15557287629,409416.00271552015,4765987.62201542,-76.1120842344648,43.041178172790055,409416.00556288345,4765987.624999904,1600008.0997864823,2395335.5274011106,0.9999999999999998,True
360670046004006,181,69488.30527388559,409303.1729510753,4766161.807198603,-76.11349753407801,43.04273295042498,409303.175799865,4766161.812667114,1599859.9845637477,2395481.618969402,0.9999999999999998,True
360670046004007,50,34446.77062440164,409290.9340357711,4765738.573255306,-76.11357884193174,43.03892097699775,409290.93748533406,4765738.575764404,1599941.9945047635,2395063.7280570567,1.0,True
360670046004008,36,27514.103707974045,409396.468070806,4765643.489891805,-76.11226804078363,43.03807750794609,409396.4713813099,4765643.488965367,1600065.4834396378,2394993.6337158987,0.9999999999999998,True
360670046004009,38,19275.160233343497,409542.3446328086,4765596.896547648,-76.11046999324267,43.03767540135394,409542.3440803692,4765596.896404574,1600217.359124811,2394979.9718735204,0.9999999999999997,True
360670046004010,48,13876.842423077938,409610.06526956166,4765688.7746516345,-76.10965370601234,43.038510673904725,409610.0657976271,4765688.777543054,1600262.6859260297,2395084.984375121,1.0000000000000002,True
360670046004011,66,35113.79924645781,409504.1011618469,4765906.195772729,-76.11098963494845,43.040455569284546,409504.1040537524,4765906.1991460165,1600111.6422165579,2395275.0010256283,1.0,True
360670046004012,44,25202.315811475288,409520.0099538499,4766105.733938987,-76.11082677706341,43.04225397284215,409520.0081254963,4766105.7369796075,1600082.8157328065,2395474.247717534,1.0000000000000002,True
360670046004013,0,2329.365234126286,409537.4489754981,4766168.404049365,-76.11062289572335,43.042820290159796,409617.49048105703,4766120.374989015,1600085.8347187634,2395539.5596232354,0.9999999999999996,False
360670046004014,37,19500.924522963676,409806.8603932944,4765951.876401347,-76.10728083225038,43.040902866280305,409806.8630696583,4765951.880111284,1600395.2700647314,2395386.3275277517,1.0,True
360670046004015,70,31487.411904681692,409697.95804993226,4765949.594637418,-76.10861718709947,43.0408693805928,409697.95702758,4765949.596806477,1600290.110478055,2395360.164662473,1.0000000000000002,True
360670046004016,73,29830.596186555133,409630.7100694348,4765856.637310228,-76.10942754252306,43.04002445490622,409630.7135994026,4765856.642272134,1600245.4812250852,2395254.1975735407,1.0,True
360670046005000,186,157674.64718979064,411034.4206521827,4766300.774680488,-76.09226878055745,43.04418893780213,411034.41901393596,4766300.7705031475,1601508.9657097785,2395998.27038509,0.9999999999999998,True
360670046005001,403,377921.35599021724,410400.95780960796,4766362.330454792,-76.10005458278981,43.04466866099796,410400.9564645994,4766362.334804364,1600880.669338975,2395919.5042132414,0.9999999999999996,True
360670046005002,0,37349.384283240965,410520.7341755641,4766533.153592366,-76.09861173779461,43.046220767889864,410520.73730054556,4766533.157117922,1600958.9962815165,2396113.3979648747,1.0,True
360670046005003,78,40801.12245936377,409881.8396855927,4766324.768937276,-76.10642083148448,43.04426904668326,409881.84218169155,4766324.763719265,1600385.306323423,2395768.6154305087,0.9999999999999998,True
360670046005004,40,15441.639969847176,409745.61957560777,4766414.653736727,-76.10810752782491,43.04506212985438,409745.62179817003,4766414.6503914585,1600233.1956110583,2395826.8683562386,0.9999999999999999,True
360670046005005,41,29793.997386799667,409603.10624890734,4766356.320358055,-76.10984746025866,43.04451998165792,409603.1030388887,4766356.322437756,1600107.856569389,2395738.3333822777,0.9999999999999998,True
360670046005006,25,13165.647730224338,409770.8263356244,4766293.242374131,-76.10777843497324,43.04397201867337,409770.8291568683,4766293.240262844,1600284.5849059238,2395713.299136584,0.9999999999999999,True
360670046005007,0,4096.429751838573,411133.24795869907,4766130.772515844,-76.09102852438555,43.042669915574166,411133.2499224937,4766130.7707605045,1601642.5636558288,2395853.20258132,1.0,True
360670046005008,0,4374.013306896075,411249.42707661336,4766105.782562146,-76.08959844889284,43.042458508937976,411249.4310462086,4766105.781517879,1601760.8340012548,2395854.2067904253,1.0,True
360670048001000,16,4019.105052077213,403582.83936375927,4765084.781146431,-76.18352623951824,43.032331590725455,403582.8425977052,4765084.782130988,1594548.771456934,2393168.0423534815,1.0,True
360670048001001,22,4629.429633154573,403488.7603445431,4765081.640403718,-76.18468027959038,43.03229136722069,403488.7587332048,4765081.644067342,1594458.1904769512,2393144.283577282,1.0,True
360670048001002,13,5987.941844525412,403376.0587622603,4765062.2230871,-76.18606004053211,43.03210222381016,403376.0620269381,4765062.220396316,1594353.1535054313,2393100.464163427,1.0,True
360670048001003,42,15780.503324572386,403492.10071679216,4764979.412508004,-76.18462158127022,43.03137142241888,403492.09915578156,4764979.410039906,1594484.1171435965,2393044.731617842,1.0,True
360670048001004,31,14098.840411573736,403585.54977125674,4764981.628095627,-76.18347512943947,43.03140323589933,403585.55211343314,4764981.624075174,1594574.2920814755,2393067.4442955595,1.0,True
360670048001005,86,39967.146326818845,403466.207593818,4764894.939165283,-76.18492471715876,43.030607609448595,403466.20897691767,4764894.93809628,1594477.740820389,2392956.1715185354,1.0,True
360670048001006,111,73184.10426312404,403279.03428498027,4764709.186050442,-76.1871894979572,43.028911446483676,403279.03404555516,4764709.180890758,1594337.3627791002,2392732.806912314,1.0,True
360670048001007,21,12929.095179334918,403327.19418209075,4764854.125453222,-76.18662362967255,43.03022248156533,403327.19662843697,4764854.1274662325,1594351.9240541488,2392885.5790389967,0.9999999999999999,True
360670048001008,26,8253.650719522384,403251.2997260472,4764986.611784973,-76.18757801069938,43.03140560807044,403251.3005850259,4764986.610876413,1594248.888661803,2392998.8678015615,1.0,True
360670048001009,40,19325.29494473181,403530.0487486914,4764664.691762691,-76.18410139541965,43.02854277493848,403530.0484147745,4764664.694551049,1594590.7759561162,2392744.328316369,1.0000000000000004,True
360670048001010,38,21320.45552047973,403521.00201836915,4764754.019699575,-76.1842278772727,43.02934585607299,403521.0002355692,4764754.024603812,1594562.1755776189,2392829.9716175757,1.0,True
360670048001011,45,25373.19265347969,403371.8068244512,4764513.898570235,-76.18601715658644,43.0271650565865,403371.8033554958,4764513.903441291,1594470.709827015,2392561.618450328,0.9999999999999999,True
360670048001012,49,18447.1464360587,403532.4667832279,4764580.12756669,-76.18405708611583,43.02778174040544,403532.46558876196,4764580.123095598,1594611.8878972046,2392661.901263061,0.9999999999999998,True
360670048001013,37,15690.097477642237,403591.4148452279,4764471.563956723,-76.1833149225382,43.026811811406304,403591.4166636552,4764471.562664166,1594693.1720125354,2392568.354887914,1.0,True
360670048001014,61,36408.57031751896,403530.8399870883,4764398.287100266,-76.18404557913149,43.02614440202599,403530.8382836519,4764398.2868992565,1594650.6623086857,2392483.155534574,0.9999999999999998,True
360670048002000,0,19212.511111141026,403198.53884143534,4765390.191527792,-76.18829561644614,43.035032354578036,403198.5402525945,4765390.196552966,1594108.1372231974,2393383.183364028,1.0,True
360670048002001,114,158365.267144488,402907.0492499096,4764964.524420093,-76.19179890063418,43.031162831879904,402907.04925131646,4764964.520879076,1593919.7912370176,2392901.5340000363,1.0000000000000004,True
360670048002002,21,21843.17414043851,402686.9256257238,4764765.9049668675,-76.19446562487639,43.029346478297676,402686.9276867119,4764765.907348087,1593750.3013297599,2392658.3041758193,1.0,True
360670048002003,64,36983.54760913155,403154.00121991587,4764722.606901575,-76.18872620986208,43.02901634725166,403154.0019490939,4764722.601642873,1594213.0749687727,2392718.4913598564,0.9999999999999998,True
360670048002004,68,29295.94349691424,403070.5008767897,4764726.023468409,-76.18975150428385,43.029036457951314,403070.50129197416,4764726.028132993,1594131.3032069989,2392703.4900324345,1.0,True
360670048002005,16,9554.181717061378,402932.4107179884,4764779.243587324,-76.19145538872787,43.029497972568954,402932.40984287375,4764779.24664659,1593985.5150366963,2392725.347468379,1.0,True
360670048002006,21,14495.508117613543,402980.6113588642,4764704.562576396,-76.19085087548741,43.02883176939215,402980.60941000126,4764704.566003742,1594048.8534269577,2392662.679299012,1.0000000000000002,True
360670048002007,37,192257.18899728474,402862.68470097333,4764385.970658951,-76.19224252290591,43.02594838744969,402862.68658702995,4764385.972026168,1594005.142917469,2392324.2169576916,1.0000000000000002,True
360670048002008,32,35079.45720837968,402635.0365413902,4764386.077075629,-76.195036052172,43.02592020727402,402635.03263309057,4764386.076323311,1593784.2515297954,2392274.2845539255,1.0,True
360670048002009,62,45582.54789206203,402674.7023092318,4764580.025363985,-76.19458317019776,43.0276714226734,402674.6998453276,4764580.022880641,1593779.693550724,2392473.268287685,0.9999999999999999,True
360670048002010,54,77333.0867038916,402380.81892562594,4764205.333047362,-76.19812394606772,43.02426033498455,402380.8226236714,4764205.32910875,1593577.7197849401,2392041.094354803,1.0,True
360670048002011,72,84347.09960029225,402346.4738716488,4764486.103481768,-76.19859457267826,43.02678371941577,402432.8103957847,4764565.463974604,1593482.0864593927,2392308.9836595394,0.9999999999999998,False
360670048002012,51,39137.95702499479,402242.1359864529,4764362.149131874,-76.19985319821346,43.02565433188113,402242.1357902968,4764362.145593536,1593408.366276146,2392164.449123989,1.0,True
360670048002013,44,34487.03425160162,402056.5141701651,4764325.90173548,-76.20212461077992,43.02530408900955,402056.51506594615,4764325.902943398,1593236.3192111042,2392088.0884089726,1.0000000000000002,True
360670048002014,17,18068.294437449244,401971.26194998407,4764337.328076452,-76.20317275086887,43.025395966828896,401971.25799976184,4764337.331817484,1593151.0711228922,2392080.5582099645,1.0,True
360670048002015,27,31064.6799586194,402070.4684710257,4764111.975613017,-76.20191579874465,43.02337989643596,402070.4683744077,4764111.9760102695,1593297.3354501843,2391881.2919708653,1.0,True
360670048002016,13,12543.811131123803,402296.9806148475,4764090.986590571,-76.19913267162384,43.02322008935973,402296.97831966385,4764090.987805199,1593521.7563731093,2391910.4908797937,1.0000000000000002,True
360670049001000,49,10300.958902197173,404189.9067959657,4765064.974928549,-76.17607258707089,43.03223008378701,404189.9057678946,4765064.976743766,1595142.1608360058,2393282.036276131,0.9999999999999998,True
360670049001001,25,4331.103099259835,404164.05619621277,4765103.217891112,-76.17639641568782,43.03257112952183,404164.05742830294,4765103.214594786,1595108.5935268635,2393313.87153671,1.0000000000000002,True
360670049001002,45,5297.0359056294565,404060.6369093221,4765100.754376581,-76.17766521209057,43.032535895380384,404060.6379014965,4765100.754875774,1595008.7996506912,2393288.7252446488,1.0000000000000002,True
360670049001003,23,5185.56942829445,403945.0515569417,4765093.440790389,-76.17908247935681,43.032455443044974,403945.04980807076,4765093.436033838,1594898.2782269896,2393256.146929014,0.9999999999999998,True
360670049001004,34,3819.2784190828233,403857.2014587146,4765095.639881131,-76.18016100231145,43.0324641278889,403857.20160348236,4765095.636781406,1594812.5555170847,2393238.996182219,1.0,True
360670049001005,36,3972.9840910212474,403768.3328443861,4765090.170925969,-76.18125070093907,43.03240363718141,403768.3328627886,4765090.166795875,1594727.546270569,2393214.099042021,1.0,True
360670049001006,26,4879.3121093501095,403677.7749839991,4765087.355740596,-76.18236158717933,43.032366814126036,403677.77391744725,4765087.3541866,1594640.3092393812,2393191.4338477203,0.9999999999999998,True
360670049001007,117,26583.446581239456,403682.2441882881,4764933.717333905,-76.18228018461174,43.0309841558345,403682.24300369923,4764933.722256163,1594678.739400561,2393041.6957360012,1.0,True
360670049001008,96,21123.01953145161,403774.4684089088,4764936.722318439,-76.1811489060195,43.03102289767707,403774.4689029391,4764936.722569502,1594767.5508416623,2393064.9132956145,1.0,True
360670049001009,97,23643.306439607248,403859.0659573797,4764942.476621366,-76.1801116965397,43.031085415635125,403859.0656510668,4764942.474889039,1594848.3526672185,2393089.1515829265,1.0000000000000002,True
360670049001010,21,5387.57488906516,403953.6756084236,4765041.555919176,-76.17896769778845,43.031989407292286,403953.675416881,4765041.5551118925,1594918.1591442297,2393207.1429021726,1.0000000000000002,True
360670049001011,25,7183.190466193063,404054.0387429239,4765048.4219481,-76.17773717820033,43.032063906160175,404054.0369573698,4765048.421288922,1595014.0107515566,2393235.936557695,0.9999999999999999,True
360670049001012,55,11775.805831217196,404060.50095849327,4764966.559981131,-76.17764377772484,43.03132770802281,404060.49913128035,4764966.559115649,1595038.4461837462,2393157.049489385,1.0,True
360670049001013,94,13035.326858022718,404184.6548385594,4764971.374886789,-76.17612094858353,43.031386727106806,404184.65875439375,4764971.371821112,1595157.8353894677,2393189.059456313,0.9999999999999999,True
360670049001014,77,13151.406557582988,404188.8437414596,4764871.370934072,-76.1760523482207,43.0304869057409,404188.84766103275,4764871.370241508,1595184.0908033028,2393091.8750963756,1.0,True
360670049001015,44,11693.426895823213,404064.3486790281,4764867.081581487,-76.1775794327231,43.03043257636361,404064.35138177476,4764867.084168927,1595064.2541288747,2393060.30578853,0.9999999999999999,True
360670049001016,90,19764.64271129004,403954.37206393934,4764913.329376757,-76.17893705133704,43.03083505497833,403954.3681696383,4764913.334432113,1594947.289199315,2393081.504555406,1.0000000000000002,True
360670049002000,125,286490.4100155424,404111.00406312104,4764408.736538937,-76.17692801851832,43.02631192118624,404110.97609218163,4764386.28686864,1595211.2293211245,2392620.9155774196,0.9999999999999998,True
360670049002001,39,22625.332030077334,403870.9585651025,4764664.582148695,-76.17991781581006,43.02858500048706,403870.95985241537,4764664.582076504,1594921.558236617,2392819.147765139,1.0,True
360670049002002,82,27337.996473386214,403799.0163096487,4764640.565825326,-76.1807965289102,43.02835967201589,403799.01870873076,4764640.56889985,1594857.0876915802,2392779.775715077,0.9999999999999999,True
360670049002003,82,67320.19825613515,403712.348381682,4764516.945720272,-76.18183873779367,43.02723572514077,403712.3514215655,4764516.942885031,1594800.4332277921,2392639.454296458,1.0,True
360670049002004,23,12010.453015953173,404162.2844348858,4763922.301126488,-76.17621511804974,43.02193893972766,404162.2858437868,4763922.296694115,1595368.924686313,2392154.9821081124,0.9999999999999999,True
360670049002005,69,39712.58976097818,404140.9442583469,4763797.32750136,-76.1764554860284,43.02081109110263,404140.9431337566,4763797.328505368,1595375.9523705707,2392027.6894038483,1.0,True
360670049002006,54,20000.73295957767,404280.08242263156,4763764.607450623,-76.17474261073139,43.02053404570361,404280.083226043,4763764.602362987,1595518.2065708481,2392026.1687617376,1.0000000000000002,True
360670049002007,59,52669.17341156262,403928.98431852943,4764211.788248751,-76.17912769913916,43.024515774386664,403928.9842883366,4764211.791094109,1595078.3343857299,2392387.701808695,1.0,True
360670049002008,53,140063.22751520813,403892.931117267,4763956.603250364,-76.17952611648019,43.022213748306555,403892.9323847163,4763956.597867037,1595099.9826353737,2392129.4351276504,0.9999999999999998,True
360670049002009,0,4912.151022659806,403473.46587535174,4764318.863335401,-76.1847358788191,43.025422053361645,403473.4642227,4764318.868538964,1594612.622283895,2392392.629525931,0.9999999999999998,True
360670049002010,9,2494.3279678782515,404090.4407069473,4763568.424248763,-76.17703580517177,43.01874386717964,404090.441179457,4763568.427887567,1595377.7481642887,2391792.029154323,1.0,True
360670049002011,5,3291.0912819847035,404183.5822852192,4763616.48092967,-76.17590123193034,43.019188277948906,404183.58492132975,4763616.483342016,1595457.4509143983,2391859.644191688,0.9999999999999998,True
360670050001000,99,66993.13948113174,405063.3488558841,4764889.765093923,-76.16532338366687,43.03076230277692,405063.34752096236,4764889.764804015,1596028.4808417766,2393302.110182213,1.0,True
360670050001001,46,27428.51720696111,404881.7721370008,4765054.317058375,-76.16757982570887,43.032221077996006,404881.77426540945,4765054.319472802,1595815.7962033537,2393423.6340567134,0.9999999999999999,True
360670050001002,29,9875.409430006162,404840.06599652616,4765098.952130797,-76.16809928819079,43.032617711416165,404840.065016833,4765098.950876413,1595765.4271701435,2393458.2559895683,1.0,True
360670050001003,0,3566.8159061930924,404826.4287547013,4765141.696655898,-76.16827395334037,43.03300083884247,404826.4248935031,4765141.69239532,1595742.7110882683,2393497.19181212,1.0000000000000002,True
360670050001004,118,31639.43454074913,404690.6675778022,4764992.813696487,-76.16991464453984,43.03164339977566,404690.67120670807,4764992.813670833,1595644.027305775,2393321.299707433,1.0000000000000002,True
360670050001005,1,18890.96911822154,404577.49641697906,4765062.722595366,-76.17131549853738,43.03225859281387,404577.4963089583,4765062.723395052,1595518.7123739629,2393365.009464465,1.0000000000000002,True
360670050001006,41,13880.298761022044,404444.18922980886,4765065.708606767,-76.17295202699097,43.03226871883432,404444.19139945623,4765065.706484483,1595388.7108115715,2393338.641405471,0.9999999999999999,True
360670050001007,32,5749.623363951377,404424.60987816035,4765108.090370999,-76.1731995840833,43.03264782492261,404424.6085428047,4765108.0876214495,1595360.309779379,2393375.915303782,1.0000000000000002,True
360670050001008,42,7540.592580635407,404304.64210720686,4765065.152500996,-76.17466452696189,43.032246145187976,404304.64423349244,4765065.14745211,1595253.4411624016,2393307.4267884456,1.0,True
360670050001009,21,3230.8960424991446,404290.3049147541,4765106.689535243,-76.17484761445294,43.03261830274303,404290.30608791974,4765106.6892141495,1595230.3136188865,2393345.024021694,1.0,True
360670050001010,0,10247.315611049085,404301.3819152552,4764976.151081744,-76.17468925382482,43.031444441862575,404301.37808840786,4764976.146485518,1595270.0275863563,2393219.3989670384,1.0,True
360670050001011,16,32124.59950698042,404436.48782138055,4764924.855379732,-76.17302238892947,43.03099962729557,404436.4868771271,4764924.852361147,1595412.4939496296,2393198.770201832,1.0,True
360670050001012,82,17385.24808219185,404583.15472249547,4764909.488151579,-76.17121982020903,43.030879710011895,404583.1563533879,4764909.487016784,1595558.2045995714,2393215.928131636,1.0000000000000002,True
360670050001013,89,13333.374026046342,404588.30318326136,4764778.725468954,-76.17113425063388,43.02970307956397,404588.2991930478,4764778.72779449,1595592.2157231085,2393088.779518649,1.0,True
360670050001014,65,18966.92361981495,404445.26870920224,4764773.579511974,-76.17288869044583,43.029638772177876,404445.26797398494,4764773.58261251,1595454.581506529,2393052.296309394,1.0000000000000002,True
360670050001015,56,11655.758687193442,404309.9119075642,4764768.7328979615,-76.17454895711097,43.02957810007057,404309.90841326554,4764768.73293901,1595324.3300782933,2393017.793807676,1.0,True
360670050001016,5,10278.846443917264,404305.1020353015,4764875.8002522895,-76.17462636770502,43.03054143736673,404305.099346196,4764875.796139506,1595295.9049783514,2393121.7712241225,1.0,True
360670050001017,101,26702.152648299394,404701.4819263073,4764709.689948953,-76.16973351337224,43.0290957474563,404701.4829423292,4764709.684663727,1595717.3437540208,2393045.927715391,1.0,True
360670050001018,80,32306.491177936143,404814.13320805714,4764709.081362274,-76.16835096233393,43.029104391002136,404814.13015326805,4764709.082404196,1595826.7763250186,2393070.0877244715,1.0000000000000002,True
360670050001019,54,37452.67314258641,404871.75487576367,4764918.901196204,-76.16767964735052,43.03100065196096,404871.75880754355,4764918.90647731,1595836.1249675236,2393288.587740239,1.0,True
360670050001020,82,35759.505244746586,404939.4252241251,4764714.752715109,-76.16681435545752,43.029171139049986,404939.4215349344,4764714.748429023,1595947.0799462225,2393103.1862287465,1.0,True
360670050001021,0,21322.706935575352,404908.01402652153,4764544.951659088,-76.16717086231859,43.027638459557515,404908.0110189401,4764544.956192924,1595954.2815811003,2392929.7050034073,1.0,True
360670050001022,0,2344.38328999867,405070.9286199455,4764578.491313309,-76.16517734536858,43.027960796554716,405070.9323215502,4764578.491644611,1596104.9037031974,2392998.4106374593,0.9999999999999998,True
360670050001023,0,24679.313443859395,405057.1869658664,4764447.032491015,-76.16532358733079,43.02677553179565,405057.18588464556,4764447.02897442,1596120.740678247,2392866.426661907,1.0,True
360670050001024,0,145777.00790935868,404871.2787622586,4764297.589890671,-76.16757944980242,43.025406819383996,404759.9668793605,4764509.007081659,1595973.5280120282,2392678.9641543436,1.0000000000000004,True
360670050001025,26,18751.473565223194,404651.77797574573,4764533.513381954,-76.17031333782444,43.02750336441393,404651.7811125095,4764533.5172908455,1595708.2126024698,2392862.171911337,1.0000000000000002,True
360670050001026,66,16794.595698332174,404593.46062535385,4764651.130904138,-76.17104911689992,43.02855497297883,404593.46204407566,4764651.133885646,1595625.5325467451,2392964.740570289,0.9999999999999998,True
360670050001027,69,23169.101425758607,404451.06470904045,4764647.946097655,-76.17279602410795,43.02850840412367,404451.0666667627,4764647.9456122825,1595488.082959618,2392930.3217244465,1.0,True
360670050001028,44,14177.99399978466,404315.45013467787,4764643.650422532,-76.17445951835204,43.02845266142822,404315.4516897755,4764643.654685032,1595357.4594235318,2392896.3031495265,1.0,True
360670050001029,35,11896.304209016102,404965.7217405217,4764060.6506564375,-76.16638013121994,43.02328543071714,404965.72423689725,4764060.647209951,1596117.733856316,2392467.2755092387,0.9999999999999997,True
360670050001030,38,19393.882134267787,404800.08053080185,4764097.555773104,-76.16841897704911,43.023596959566824,404798.1569007564,4764050.8146586735,1595948.836260792,2392467.0786998915,1.0000000000000002,False
360670050002000,121,67116.7783114412,404622.82908668474,4764261.739433979,-76.1706220859588,43.02505290481679,404622.82793519954,4764261.738915022,1595740.4313974464,2392589.193352727,1.0,True
360670050002001,103,45743.49863232712,404538.2397530285,4764218.81956547,-76.17165274046701,43.02465586720804,404538.2431009748,4764218.823161021,1595667.8850367558,2392528.4980128338,1.0000000000000002,True
360670050002002,70,18659.605049394966,404412.0833652917,4764459.08094688,-76.17324200588975,43.0268031182068,404412.08381690003,4764459.078918302,1595492.1714740454,2392736.474547053,1.0,True
360670050002003,93,24980.397602625257,404323.49848180235,4764453.472611126,-76.17432810701571,43.02674147530039,404323.49909176806,4764453.475346033,1595407.4688928276,2392711.504117141,1.0,True
360670050002004,93,45598.050847390274,404340.2252796977,4764103.464463046,-76.17406278464328,43.02359240330411,404340.22402332583,4764103.464113618,1595501.3649493912,2392371.8143465174,1.0,True
360670050002005,47,20568.70199535985,404415.8638608151,4764143.014438324,-76.17314141962386,43.02395799670179,404415.86546484317,4764143.014782251,1595565.9746803103,2392427.2370600626,0.9999999999999994,True
360670050002006,53,16943.75484965798,404465.4941103236,4764225.644827877,-76.17254657306627,43.024708173160995,404465.4919574697,4764225.647839007,1595595.791205903,2392519.2067175712,1.0000000000000002,True
360670050002007,52,19294.298074706454,404670.0532042279,4763908.409562893,-76.16998217739474,43.02187774147763,404670.0512981543,4763908.404982451,1595864.6521804433,2392252.94576011,0.9999999999999998,True
360670050002008,57,15906.982853518959,404777.67778612504,4763911.5809419155,-76.16866211402537,43.021919787965686,404777.67894751974,4763911.582262424,1595968.367668901,2392279.70891478,0.9999999999999999,True
360670050002009,56,16122.32697979773,404876.7567635277,4763915.904368232,-76.16744710391964,43.02197112165326,404876.7570494682,4763915.90195919,1596063.5365120077,2392305.724066883,1.0,True
360670050002010,60,15979.903099813753,404976.54368228966,4763920.183531283,-76.16622339715732,43.0220221324797,404976.5434005692,4763920.179927616,1596159.4021155299,2392331.851211522,1.0,True
360670050002011,48,15647.410802384293,404983.57768793625,4763761.785392886,-76.16611009353556,43.02059692375956,404983.5771245577,4763761.782761694,1596201.3739798642,2392178.0032331697,1.0,True
360670050002012,61,15056.487250556846,404882.6238972802,4763760.408027516,-76.16734858491132,43.020571893835815,404882.6226773354,4763760.408729143,1596103.7325964514,2392154.4665124775,1.0,True
360670050002013,46,15185.044651593023,404783.59594978404,4763753.328956408,-76.16856247084323,43.02049575832839,404783.59363842144,4763753.333617118,1596009.2249493683,2392125.759270986,1.0000000000000002,True
360670050002014,64,18720.573807219353,404675.9058262807,4763746.223936704,-76.16988263554657,43.020418289850696,404675.9087384089,4763746.225023433,1595906.3189780556,2392095.1227756515,1.0,True
360670050002015,48,14685.180398198356,404571.30355576304,4763731.9067213815,-76.17116367383909,43.02027626129083,404571.30148405756,4763731.9110497795,1595808.009355921,2392058.0893192124,1.0,True
360670050002016,68,19998.768517537348,404549.4754926629,4763872.81839878,-76.17145562944852,43.021542171999215,404549.47793554195,4763872.821474801,1595755.5633672473,2392191.5309886737,1.0000000000000004,True
360670050002017,49,20709.324135250794,404474.8341307579,4763942.148623809,-76.17238338676313,43.0221569843937,404474.8330764121,4763942.150371953,1595667.7608304503,2392243.1422560257,1.0,True
360670050002018,61,20249.184477470502,404377.6949241075,4763781.928178917,-76.17354785729071,43.02070227592086,404377.6914814336,4763781.930901553,1595609.0679474047,2392064.613182815,0.9999999999999998,True
360670050002019,30,15017.610814717858,404462.3380289223,4763712.521790755,-76.17249737529832,43.02008804443284,404462.3359472552,4763712.516884578,1595706.591098243,2392015.1251711305,1.0,True
360670050002020,0,1352.9097945942037,404373.8141445126,4763653.615403424,-76.17357347049581,43.01954656633911,404373.81179264595,4763653.619175078,1595633.7755410676,2391937.881480396,1.0,True
360670051001000,48,16452.554323635297,405277.0460367424,4764768.675502328,-76.16268025319708,43.02969878689522,405277.0422438512,4764768.677010429,1596262.6854945493,2393230.2814862896,0.9999999999999998,True
360670051001001,0,64340.207519504875,405364.52978512243,4764572.575451244,-76.16157335046923,43.02794416366213,405278.4961210791,4764676.545047878,1596391.0770542491,2393057.128122303,1.0000000000000004,False
360670051001002,0,32480.328009736208,405766.2526846458,4764313.27360727,-76.15659967776416,43.02565954856376,405766.25079867465,4764313.268239201,1596838.375516489,2392891.0253593936,1.0,True
360670051001003,292,37993.595559326626,405448.74094246083,4764395.566013433,-76.16050990898937,43.02636099778587,405448.74167826603,4764395.566249189,1596512.0571502433,2392901.983413295,1.0,True
360670051001004,66,25392.17986443095,405713.51166614454,4764274.875784212,-76.15724038318265,43.02530730186223,405713.5102930832,4764274.875596297,1596795.7244448601,2392841.7663452593,0.9999999999999997,True
360670051001005,72,29121.28601390611,405634.7187347917,4764209.728375069,-76.15819623985435,43.02471098447588,405634.7220057786,4764209.730054237,1596733.7324235812,2392760.5401904336,1.0000000000000002,True
360670051001006,61,11948.603328502459,405518.4359867774,4764288.814968878,-76.15963655915692,43.02540856664566,405518.43271020777,4764288.8187188525,1596603.3636624706,2392812.573376362,0.9999999999999997,True
360670051001007,147,29118.523476923372,405696.110561102,4764082.521705203,-76.15742137720457,43.023573337918286,405696.1086457222,4764082.517519966,1596821.5213614563,2392649.237152913,1.0,True
360670051001008,0,5182.62615330261,405866.8021701385,4764102.160950103,-76.15533015832098,43.0237713194183,405866.798744539,4764102.158840422,1596982.7732589082,2392706.0127407997,1.0000000000000004,True
360670051002000,0,6227.455224067594,405881.19302674034,4763921.066160886,-76.15512299779147,43.02214266571065,405881.1928991736,4763921.069971206,1597036.916830977,2392531.514693354,1.0000000000000002,True
360670051002001,0,7704.728266326679,405853.17362770136,4763918.486588504,-76.15546637675223,43.02211597029173,405853.17177886626,4763918.489913683,1597010.3040680634,2392522.8269594926,0.9999999999999999,True
360670051002002,97,25110.96633343858,405785.47814092936,4763911.907010275,-76.15629592790246,43.02204834274452,405785.4803490639,4763911.902232174,1596946.0841431643,2392501.4964564084,1.0000000000000002,True
360670051002003,87,23842.639761931245,405687.2223733914,4763909.497571142,-76.15750117390752,43.02201446154618,405687.2203062343,4763909.501870761,1596851.288676249,2392477.5414374387,1.0,True
360670051002004,55,24861.789711329217,405590.0830320504,4763907.029187901,-76.15869270917588,43.02198017568881,405590.0838169613,4763907.031877349,1596757.5895428732,2392453.773760919,0.9999999999999999,True
360670051002005,79,32329.413307966577,405668.6699447243,4763733.919067663,-76.15769911788065,43.02043138763714,405668.67142061295,4763733.920420474,1596872.2465208466,2392301.215596496,1.0000000000000002,True
360670051002006,0,12159.780393786154,405869.7861880732,4763680.745974795,-76.15522239575186,43.019977596448555,405869.78584734775,4763680.746373946,1597079.171709514,2392293.244809459,1.0,True
360670051002007,0,4026.630320950823,405908.2738527418,4763701.151233907,-76.15475358914894,43.02016607589127,405908.27300538373,4763701.1539233485,1597111.985754048,2392321.7205225644,1.0,True
360670051002008,69,19032.689319672725,405740.6892497376,4763637.190115956,-76.15679907239785,43.0195694519912,405740.6870740595,4763637.195478331,1596963.583464306,2392222.1465913914,1.0,True
360670051002009,74,21428.71817317351,405543.55099058064,4763632.017535161,-76.15921709511122,43.01949840506985,405543.55058445176,4763632.016977652,1596773.463879975,2392173.7518275906,1.0,True
360670051002010,7,16488.6716658319,405416.9115210262,4763697.308349061,-76.16078204127903,43.020070481099026,405416.91491358314,4763697.310401523,1596636.1088556212,2392209.9757716926,1.0,True
360670051002011,35,9133.948820951628,405303.67915776785,4763689.099118627,-76.16217002510629,43.019982470344544,405303.6812490874,4763689.10238356,1596528.0702717744,2392177.0393112446,1.0,True
360670051002012,64,20943.222061358214,405152.26524329296,4763710.888888336,-76.16403159897509,43.02015976531042,405152.2652131834,4763710.892741782,1596376.3309977888,2392165.142079956,1.0000000000000002,True
360670051002013,95,19212.704086617086,405151.6515696779,4763797.538524163,-76.1640538681758,43.0209398123925,405151.6489575043,4763797.53718392,1596356.5089073335,2392250.0135453297,1.0000000000000002,True
360670051002014,76,19835.706382204608,405150.3746082659,4763880.343385985,-76.1640836229532,43.02168516132158,405150.37653806125,4763880.347655307,1596336.8964332747,2392330.967316987,1.0000000000000002,True
360670051002015,79,23123.726137371632,405146.045098143,4763969.8434545575,-76.16415197432835,43.02249040734212,405146.04299511696,4763969.842668214,1596312.8366896154,2392417.8183644055,1.0000000000000002,True
360670051003000,109,75420.5945468029,405197.6407650299,4764438.614267246,-76.16359858039765,43.026717279482924,405197.6391995208,4764438.616567811,1596258.8807441064,2392889.033984455,1.0000000000000004,True
360670051003001,164,38320.2946897636,405288.8371956941,4764223.489601777,-76.16244291618592,43.02479184440563,405288.83844619687,4764223.484652257,1596395.095795341,2392698.0321365437,1.0,True
360670051003002,102,28341.83508076521,405152.1103382072,4764083.396675435,-76.16409686809673,43.0235135059011,405152.1077296926,4764083.396056155,1596293.5249981734,2392530.550440762,1.0000000000000002,True
360670051003003,146,45058.99750507741,405399.8572146352,4764111.256692913,-76.16106153464547,43.02379521957899,405399.8600074149,4764111.254479626,1596527.7130736827,2392612.325441197,1.0,True
360670051003004,96,22596.026149605335,405306.55303507147,4763883.662428451,-76.16216780446486,43.02173452119102,405306.55336630007,4763883.6600701455,1596487.6873564036,2392368.544307021,1.0000000000000002,True
360670051003005,98,25148.032167686662,405391.1009669194,4763896.994687449,-76.16113262286024,43.02186508529383,405391.10285217,4763896.996294815,1596566.7592743626,2392400.2032913426,0.9999999999999999,True
360670051003006,37,16060.87726386194,405490.5224355466,4763965.3496978795,-76.15992425722608,43.02249287128249,405490.518994391,4763965.352935115,1596648.0531833512,2392489.10985403,1.0000000000000002,True
360670051003007,32,13039.388575378594,405483.3770351595,4763826.016132856,-76.15998831614488,43.02123753360803,405483.3782991076,4763826.012382499,1596672.036588597,2392350.8486079127,0.9999999999999999,True
360670052001000,79,24040.981201362505,405892.5122309015,4765370.4775616,-76.15522882925364,43.03519342557474,405892.51457490656,4765370.474688715,1596726.305602745,2393955.9107582057,1.0,True
360670052001001,75,17935.909219401492,405779.82615111285,4765355.610547212,-76.15660933238317,43.03504560477402,405779.8287818431,4765355.609980707,1596620.2711106613,2393916.5630449634,1.0000000000000002,True
360670052001002,35,30390.897792414315,405669.7266403929,4765390.06633382,-76.15796643360054,43.03534215130514,405669.72945217957,4765390.071703654,1596505.8025497787,2393926.169812668,1.0,True
360670052001003,63,29418.69062091257,405544.50822226604,4765328.558525321,-76.15949283761,43.03477282328858,405544.5112503886,4765328.555896792,1596397.95760131,2393838.3124236693,1.0000000000000002,True
360670052001004,94,27702.248550336182,405445.2231929122,4765319.685900511,-76.16070986541993,43.034680588222486,405445.2203939768,4765319.68724736,1596303.5957055804,2393807.789632847,1.0000000000000002,True
360670052001005,87,25135.646393106068,405348.75601343217,4765305.2610384775,-76.1618913625566,43.0345387036025,405348.75295761053,4765305.260680636,1596213.1998697221,2393772.439132625,1.0000000000000002,True
360670052001006,75,23266.429610551873,405255.64721330156,4765291.885998748,-76.16303181511778,43.03440667749379,405255.64847948344,4765291.888481013,1596125.829621308,2393738.856407794,1.0,True
360670052001007,60,20434.46087634653,405166.16798490105,4765273.358430447,-76.16412683998989,43.03422870412758,405166.1712362906,4765273.3579269,1596043.1243187608,2393701.0165135777,1.0000000000000002,True
360670052001008,55,15686.195050711805,405161.98295321857,4765067.367264713,-76.16414314402876,43.03237360694339,405161.9865294043,4765067.366443907,1596084.770998989,2393498.01688337,1.0000000000000002,True
360670052001009,38,1723.1654482277002,405186.8958814917,4765147.769892535,-76.16385107800953,43.03310059603608,405186.8940961241,4765147.770357568,1596091.1020146257,2393582.3679022617,0.9999999999999999,True
360670052001010,72,16778.445894282802,405260.31437246426,4765079.12975398,-76.16293836227264,43.03249177700798,405260.3113343165,4765079.132349834,1596177.5658569275,2393531.165478121,1.0,True
360670052001011,13,3580.2039137547226,405353.27128584275,4765153.233056782,-76.16181012351376,43.0331705306119,405353.27315435966,4765153.229630804,1596251.3136862551,2393624.2900888384,1.0,True
360670052001012,14,17405.8874894021,405449.86211613286,4765086.776038178,-76.16061341114292,43.032584234768976,405449.86297052546,4765086.772164514,1596359.7757461001,2393580.3213653974,1.0000000000000002,True
360670052001013,41,2213.257635007063,405540.72319847276,4765169.035405736,-76.15951224885504,43.03333613573858,405540.72712365235,4765169.031381974,1596429.6807505463,2393680.9863876784,1.0,True
360670052001014,41,19488.30038177312,405451.2518335029,4764895.782710505,-76.1605639512549,43.03086485859546,405451.2479258648,4764895.787363397,1596403.5026344676,2393393.2590606064,0.9999999999999998,True
360670052001015,36,14127.326927942782,405547.11057825637,4764929.115397636,-76.15939319257284,43.031176883987854,405547.10999773594,4764929.117184149,1596489.1123247854,2393447.0245201257,1.0000000000000002,True
360670052001016,34,26459.461536274546,405646.02923900017,4765051.625343228,-76.15819996815691,43.032292158022166,405646.0267091595,4765051.630040678,1596557.9041797211,2393588.946688972,1.0000000000000002,True
360670052001017,54,16426.573747345574,405673.7290725357,4765239.180251229,-76.15789176761842,43.033984191767594,405673.72644719447,4765239.181201827,1596543.1647093722,2393779.0281672445,1.0,True
360670052001018,36,21377.199052957905,405744.18442107073,4765081.96235836,-76.15700047988481,43.03257747392712,405744.18282226386,4765081.965276351,1596646.40707889,2393640.2777100336,1.0,True
360670052001019,23,16613.120893676078,405838.3176446776,4765102.368778952,-76.15584866259096,43.032772871659034,405838.3146404376,4765102.371968192,1596733.2112577325,2393680.982659657,1.0,True
360670052001020,32,12587.261551086434,405825.3764391865,4765328.340926313,-76.15604567749745,43.034805739986076,405825.37454489805,4765328.33651108,1596670.5166032498,2393899.820982026,1.0,True
360670052001021,0,4670.300953635215,405898.84791654546,4765194.637670146,-76.15512137391127,43.03361108834439,405898.8458090359,4765194.638993753,1596771.4678098336,2393784.801539371,1.0000000000000002,True
360670052001022,39,15633.317708304407,405548.74542519526,4765080.160115238,-76.15939872947845,43.032536972040944,405548.7478695826,4765080.163186941,1596457.1841873466,2393595.5612690668,1.0,True
360670052001023,87,16996.37351715918,405170.9309838025,4764893.23177516,-76.16400369690543,43.03080695108315,405170.93080701143,4764893.237210897,1596132.0914621882,2393329.1536746193,1.0,True
360670052001024,68,17836.057343032393,405262.77448330226,4764895.185349484,-76.16287689972454,43.030835998810396,405262.77446269087,4764895.185481899,1596220.7677372368,2393351.253697684,1.0000000000000002,True
360670052001025,79,17805.474673971585,405356.803444948,4764899.088579221,-76.16172361169349,43.03088286084858,405356.8044577661,4764899.092913822,1596311.1318811025,2393375.7464961815,1.0,True
360670052001026,38,13319.560549803507,405354.86682507547,4765063.986357383,-76.16177538379753,43.03236722494474,405354.86546677846,4765063.9836055245,1596272.6643487096,2393537.0883915257,0.9999999999999999,True
360670052002000,0,32173.249576789283,405829.3941880175,4764984.832574669,-76.15593831528648,43.03171356307278,405829.395489834,4764984.836658308,1596750.6323573252,2393563.7165136123,0.9999999999999993,True
360670052002001,65,17780.584115432048,405886.1524900433,4764902.071184136,-76.15522777262215,43.03097547921104,405886.15029137704,4764902.0735234525,1596824.0644441845,2393494.998524483,0.9999999999999998,True
360670052002002,44,12422.324475447675,405950.0081753229,4764858.66019533,-76.15443678716098,43.030592549335495,405950.00705400103,4764858.654730981,1596895.6516756092,2393466.443557199,0.9999999999999999,True
360670052002003,172,51209.34445239973,405877.5858405713,4764717.146847988,-76.15530167481947,43.02930950541055,405877.58378082654,4764717.146275373,1596856.7836123814,2393311.701045815,1.0000000000000002,True
360670052002004,63,14699.256826223713,405766.20116367255,4764828.777755328,-76.15668746364183,43.03030073329607,405766.19815064804,4764828.774098595,1596723.9452938847,2393396.7369439453,1.0000000000000002,True
360670052002005,45,11577.051700383281,405699.4292123866,4764779.768996961,-76.15749861037789,43.02985121188028,405699.4300396836,4764779.767665995,1596670.034797875,2393333.985096649,1.0000000000000002,True
360670052002006,38,8888.960534621625,405654.1899624703,4764758.843617025,-76.15805024933546,43.02965719954425,405654.1939825433,4764758.843612192,1596630.7850063252,2393303.5154689895,1.0,True
360670052002007,79,19217.430152043493,405588.3967904268,4764734.248052349,-76.1588535014635,43.029427587110895,405588.3969294159,4764734.249482045,1596572.4074850047,2393264.9284987333,1.0000000000000002,True
360670052002008,0,12354.290767497945,405504.4692029449,4764784.773859158,-76.1598920292686,43.02987204605251,405504.4715168028,4764784.7687120605,1596479.7672043075,2393296.052016018,1.0000000000000004,True
360670052002009,23,14711.361086612318,405457.7555449854,4764687.232050776,-76.16044875821841,43.028988046222445,405457.75207003864,4764687.226964802,1596456.0870211706,2393190.095873857,1.0,True
360670052002010,19,7303.93771808509,405601.3701457327,4764611.726003713,-76.15867354075438,43.02832610873535,405601.37345268787,4764611.7249878235,1596612.1802444996,2393147.582509626,1.0,True
360670052002011,14,21335.068736984616,405480.03107322514,4764592.0115792,-76.16015924665507,43.028133529415534,405480.03482918284,4764592.008260067,1596498.827462824,2393101.5775052025,1.0,True
360670053001000,59,20019.07651983737,406839.0695030317,4764835.323761412,-76.14352204896288,43.03049199539545,406839.0734989619,4764835.324218416,1597763.43360074,2393638.9115662165,0.9999999999999998,True
360670053001001,61,15927.65693759863,406728.6085077122,4764832.941612011,-76.14487726068904,43.030456994055065,406728.6053140821,4764832.942315873,1597656.7879990917,2393612.3027649554,1.0,True
360670053001002,153,51326.1612829307,406631.24322484236,4764719.322639559,-76.14605312081946,43.029422094699754,406631.2449290501,4764719.323204998,1597587.528365477,2393479.4449462458,0.9999999999999999,True
360670053001003,65,21492.70792423083,406433.1220625751,4764773.172798661,-76.14849351849384,43.02988254468636,406433.1235013804,4764773.167815608,1597383.355435779,2393488.7390539316,1.0,True
360670053001004,86,32305.13522938423,406222.26685623603,4764702.375043881,-76.15106925333866,43.02921913736731,406222.26299780095,4764702.370946345,1597194.483448998,2393372.9513105014,0.9999999999999999,True
360670053001005,103,28587.493720301445,406255.31872757745,4764594.6260074405,-76.15064551740763,43.02825312766099,406255.32010371546,4764594.622916238,1597250.4583167734,2393274.509424965,1.0000000000000002,True
360670053001006,54,18533.073974186074,406468.6844831761,4764665.976102074,-76.14803910127459,43.028921807071946,406468.68457627884,4764665.975315311,1597441.6433003182,2393391.3906136644,1.0,True
360670053001007,24,16921.38361707783,406781.2832228564,4764671.139540296,-76.14420375830537,43.02900671594733,406781.2798018107,4764671.137815633,1597743.793619046,2393465.1447341414,1.0,True
360670053001008,51,18105.94741797345,406884.1481096375,4764679.390793606,-76.14294277804069,43.029093618961326,406884.14629192464,4764679.388712297,1597841.7668063415,2393495.8420263147,0.9999999999999998,True
360670053002000,0,15469.793544983342,406839.9718930328,4765341.741209907,-76.14359563726961,43.03505150485535,406839.9749217869,4765341.740629356,1597651.9531374485,2394135.9171100534,1.0,True
360670053002001,0,15639.562311276652,406743.58183047205,4765313.231831857,-76.14477388092408,43.03478299968599,406743.58027695597,4765313.23188792,1597564.7557773916,2394086.7685931744,1.0000000000000002,True
360670053002002,381,29634.623487032804,406624.82676411845,4765295.493299956,-76.14622840684787,43.034608705836455,406624.82731312205,4765295.492644197,1597453.4692436515,2394043.27190342,1.0,True
360670053002003,0,43946.52110363763,406464.12763510016,4765271.588379967,-76.14819667141532,43.034373712203156,406464.12528794125,4765271.587056651,1597302.8548286266,2393984.5088557736,1.0000000000000002,True
360670053002004,54,64103.58857435282,406290.9187012151,4765280.712477096,-76.15032400785145,43.034434509082566,406290.9193270048,4765280.711459708,1597132.7748983523,2393955.3984286366,0.9999999999999999,True
360670053002005,281,47036.555818103276,406532.4014036997,4765009.03073687,-76.14731470321436,43.032018249960416,406532.40174150985,4765009.036290212,1597427.3507100919,2393741.936815874,0.9999999999999999,True
360670053002006,62,42306.19930001697,406678.2671464708,4765056.265768853,-76.14553246195888,43.03246145202139,406678.26412009395,4765056.27113919,1597558.3963904865,2393820.3274833,1.0,True
360670053002007,33,33174.20567530238,406802.3644082498,4765097.372125369,-76.1440163293475,43.032846778132104,406802.36683216784,4765097.3745212285,1597669.6812766162,2393887.922182113,1.0,True
360670053002008,60,36416.76614108454,406899.2886734804,4764985.5316277,-76.1428081145478,43.03185173640685,406900.40114079736,4765009.703716303,1597788.5351187189,2393799.5013606334,1.0,False
360670053002009,203,62025.31971454039,406226.61849224067,4764986.55519885,-76.15106366632212,43.03177821151478,406226.6157310548,4764986.553957745,1597135.6536615486,2393652.6948500527,0.9999999999999997,True
360670053002010,22,10092.955221697317,406163.16491569113,4765070.762914737,-76.15185658155582,43.03252851613158,406163.16338852776,4765070.761143934,1597055.404569003,2393721.3610365908,0.9999999999999998,True
360670053002011,105,60742.81690291962,406266.18272615905,4764853.399909348,-76.15055571698522,43.03058426783372,406266.1841588854,4764853.403462465,1597203.584147986,2393530.7604489475,1.0000000000000002,True
360670053002012,9,11402.808927815104,406172.79391955637,4765150.5341111235,-76.15175183963007,43.0332479028647,406172.7971436763,4765150.533748703,1597047.0478492707,2393801.734064891,1.0000000000000002,True
360670054001000,80,37343.047042524166,407005.125664874,4764537.24301106,-76.14143442071665,43.02782864458909,407005.1272853959,4764537.238036477,1597990.6816284212,2393382.972679694,1.0000000000000002,True
360670054001001,76,15408.887124917846,406917.02959672775,4764505.907158238,-76.14251028313674,43.02753573156622,406917.0281751232,4764505.903671494,1597912.1595190717,2393332.8741422226,0.9999999999999999,True
360670054001002,55,15729.45173659933,406831.69320450915,4764499.220528562,-76.14355638941655,43.027465070083586,406831.6923874932,4764499.223862538,1597830.846277197,2393307.56346878,1.0000000000000002,True
360670054001003,38,15554.116103858549,406689.9023764077,4764521.50465271,-76.14530013366723,43.02764829839125,406689.9051218141,4764521.504793942,1597688.3312228671,2393298.26909348,1.0,True
360670054001004,90,17910.239204233585,406501.2060356951,4764568.592225684,-76.14762366145246,43.02804904024646,406501.2028340399,4764568.587799227,1597494.8035348528,2393303.000404536,1.0,True
360670054001005,111,28091.10695129039,406284.2743936537,4764496.150916696,-76.15027362142965,43.02737010627433,406284.2761300513,4764496.150196008,1597300.4011324819,2393184.2652892917,1.0,True
360670054001006,114,28898.211922393544,406312.7451261464,4764399.452736853,-76.14990798586179,43.02650302156565,406312.74394144194,4764399.450357755,1597349.479106973,2393095.657593522,0.9999999999999999,True
360670054001007,55,17938.229506510113,406532.93032300513,4764472.720892213,-76.1472182710059,43.02718979135039,406532.92797387706,4764472.721885036,1597546.854547873,2393215.91866717,1.0,True
360670054001008,191,32236.830943630066,406488.3223837537,4764356.068819593,-76.14774611371168,43.02613405584626,406488.3235679407,4764356.0737076085,1597529.4559667008,2393091.677310336,0.9999999999999999,True
360670054001009,63,13113.38062578928,406696.81143091904,4764386.171240712,-76.14519269450125,43.026430706946726,406696.8109723878,4764386.170475386,1597725.0606376356,2393167.0207682266,1.0,True
360670054001010,39,14935.238261770164,406777.4413849955,4764402.889525361,-76.144206040724,43.026591123216626,406777.4446678201,4764402.886901929,1597799.5816011962,2393201.138827942,1.0,True
360670054001011,48,11296.024409091322,406905.267695367,4764371.797794374,-76.14263222392556,43.02632686975831,406905.2696904,4764371.801126195,1597930.5017041124,2393198.7239144645,1.0,True
360670054001012,137,28747.33734801757,406504.1195387397,4764270.038503198,-76.14753783104165,43.02536144832187,406504.12199454627,4764270.033102468,1597563.8704415653,2393010.7498570685,1.0000000000000004,True
360670054001013,54,20685.309486986556,406270.09573391697,4764241.921098047,-76.15040486931628,43.02507946751716,406270.093283345,4764241.92473953,1597343.051178886,2392931.742284484,1.0,True
360670054002000,124,56221.87522593159,407011.66066245065,4764101.673142087,-76.14128156606377,43.02390789576603,407011.6579037895,4764101.673649854,1598093.6587870303,2392957.098718883,1.0000000000000002,True
360670054002001,46,7091.024787248962,407050.29635786713,4764291.180160422,-76.14083906458579,43.02561880451589,407050.29346565827,4764291.179698136,1598089.1000592094,2393151.5017115125,1.0,True
360670054002002,84,16757.23639581446,406943.5683868433,4764285.762770844,-76.1421478554906,43.02555696629999,406943.5648113193,4764285.766562574,1597986.7505224266,2393122.7361749536,1.0,True
360670054002003,32,15853.84724006751,406782.19180290273,4764266.5290539125,-76.14412494294764,43.02536401854532,406782.19527403906,4764266.5269467635,1597834.4443759043,2393068.4082738054,0.9999999999999999,True
360670054002004,0,11132.470014695235,407055.97679035575,4763848.1960700955,-76.14069550635806,43.02163119616304,407055.9773142039,4763848.1964891525,1598192.8927607997,2392718.1643993165,1.0,True
360670054002005,60,16531.49667219315,406945.7882106077,4763780.84033189,-76.14203633931922,43.021011289403496,406945.7914304099,4763780.84146506,1598100.9281714878,2392627.8745390405,1.0,True
360670054002006,0,27118.719772509925,406770.8511304569,4763833.525904097,-76.14419169914889,43.02146418952459,406770.85107696144,4763833.527068337,1597919.509966361,2392641.123250802,1.0000000000000002,True
360670054002007,54,35437.56844941005,406697.1832489522,4764099.660344717,-76.14514017825962,43.023851223699936,406697.18144169543,4764099.65773699,1597788.9887002434,2392886.0249050944,1.0,True
360670054002008,97,33838.18239142306,406592.42920211743,4764087.630524686,-76.14642359644722,43.02373004606455,406592.428842796,4764087.625413153,1597690.0219708665,2392851.20556028,1.0,True
360670054002009,81,32198.08739118562,406383.30453564017,4764128.689231218,-76.14899664656198,43.0240739710529,406383.3083733919,4764128.692393885,1597478.0130272955,2392845.5340028084,0.9999999999999999,True
360670054002010,138,26746.740501740474,406408.50704018713,4764026.981715392,-76.14867031239052,43.023161378541715,406408.5080823528,4764026.984084531,1597525.031291621,2392751.2930632913,1.0,True
360670054002011,116,21604.615641129392,406437.1997755212,4763946.148227947,-76.14830466371859,43.02243714855472,406437.19674557657,4763946.14287636,1597570.8044598063,2392678.2970702923,0.9999999999999997,True
360670054002012,120,28883.321577128572,406449.4076166982,4763854.692975429,-76.14813952010434,43.021615257595506,406449.40931920736,4763854.697662062,1597602.9400715306,2392591.2582829287,0.9999999999999999,True
360670054002013,61,25295.934317512238,406646.5321335808,4763824.266748934,-76.1457156048634,43.02136556476141,406646.532583253,4763824.270656783,1597800.946391923,2392604.723264116,1.0000000000000002,True
360670054002014,70,28023.0909853201,406467.9463637039,4763748.477697951,-76.14789422277507,43.02066125731565,406467.9482842668,4763748.482412689,1597644.4929439283,2392491.1302522,1.0,True
360670054002015,32,16841.045664542602,406876.0540044716,4763978.8246970065,-76.14292507497618,43.022785251981674,406876.05203813186,4763978.83005721,1597989.3442493966,2392806.78333842,1.0,True
360670054002016,51,15751.223540902643,406844.5882686215,4764073.762649131,-76.1433270469254,43.02363614598647,406844.59202248225,4764073.757490257,1597937.7517719406,2392893.0074361158,1.0000000000000002,True
360670054002017,44,17085.291419692883,406813.8872325776,4764169.768396964,-76.14371982497632,43.02449674574754,406813.8891983718,4764169.7632889645,1597886.6642485107,2392980.446901334,1.0000000000000002,True
360670054002018,42,16989.33569245762,406909.4692899043,4763879.950963524,-76.14249853507609,43.0218991602719,406909.4722079532,4763879.955336452,1598043.70137564,2392717.126242386,0.9999999999999998,True
360670055001000,322,796765.1796576591,407541.86743718886,4764741.434783243,-76.13488150436584,43.02973254911521,407541.86771914276,4764741.4293241715,1598466.1511582066,2393701.224282123,0.9999999999999999,True
360670055001001,24,11784.757382238135,407815.9732645038,4764160.917957707,-76.13142161653369,43.024539299396174,407815.97461252415,4764160.918006608,1598860.8893956342,2393191.9418883985,0.9999999999999999,True
360670055001002,83,13462.245917484022,407786.67997653334,4764306.095603527,-76.13180509422499,43.02584282142726,407786.6794739359,4764306.093230365,1598800.260026151,2393327.931204082,1.0,True
360670055001003,27,12164.622384881934,407704.8274511113,4764331.200834746,-76.13281369796601,43.026058912415266,407704.8272667892,4764331.199458262,1598715.2735773996,2393334.576426867,1.0,True
360670055001004,0,31015.578928261828,407036.85896815854,4764750.793436824,-76.14108061510088,43.029755177360286,407036.8602326014,4764750.795934252,1597974.091792609,2393599.4444226786,1.0000000000000007,True
360670055001005,0,12567.615081121205,407005.4435298883,4764763.578930074,-76.14146828393139,43.029866443426556,407005.44215520826,4764763.574125337,1597940.7740376282,2393605.0854960214,1.0000000000000016,True
360670055001006,39,42418.13861981162,407973.70223134157,4763969.421679776,-76.12945448666304,43.02283432068353,407973.7011137586,4763969.419397482,1599056.4077064833,2393038.729714894,0.9999999999999998,True
360670055001007,87,22319.379210004725,407870.83327901375,4763962.5348557625,-76.13071563650605,43.02275985132876,407870.8363262901,4763962.540220659,1598958.1281000022,2393009.3723573904,1.0000000000000002,True
360670055001008,102,22739.469926602742,407796.92685800465,4763965.693839904,-76.13162305096293,43.02277932835246,407796.92282006197,4763965.690745205,1598885.7204476714,2392996.2335479558,1.0,True
360670055001009,95,101970.35821543493,407636.8256430205,4764097.193791641,-76.13360940845766,43.023943816659084,407636.82630715414,4764097.191932341,1598701.2105301765,2393090.064657395,0.9999999999999999,True
360670055002000,420,88175.67185831408,407467.558667787,4764055.061789063,-76.1356794965033,43.02354389613004,407467.5583886942,4764055.062222675,1598546.328473199,2393011.5408567586,0.9999999999999997,True
360670055002001,1071,281061.00987168984,407349.4469472086,4763779.323406315,-76.13708301813982,43.02104695414719,407349.4484942263,4763779.328478266,1598492.9068607138,2392715.077541106,1.0,True
360670055002002,16,1092.977649579978,407454.30178674706,4763834.005533464,-76.13580547781353,43.0215520497639,407454.29990421806,4763834.000031623,1598582.5089035556,2392791.7623210438,1.0,True
360670055002003,115,30350.900448086053,407316.3320695811,4764192.128556476,-76.13755797767537,43.024759514858594,407316.33022828656,4764192.1269310685,1598369.1935641484,2393112.782079595,1.0000000000000002,True
360670055002004,39,5453.157238560601,407326.4229087901,4763981.895379978,-76.13739920389705,43.02286795852263,407326.42328871356,4763981.899981751,1598425.6260076652,2392908.751803179,1.0,True
360670055002005,82,67533.67156853189,407913.31126267597,4763694.10290193,-76.13015006287823,43.02034822651576,407974.45472274086,4763615.261504878,1599058.893399673,2392755.3601031653,1.0,False
360670055002006,15,7684.346120900485,407909.17307839205,4763691.356135398,-76.13020038616087,43.020322995079084,407909.17195809813,4763691.356697043,1599055.4877588025,2392751.7563431486,1.0,True
360670055002007,49,31279.202894529095,407728.00025001966,4763630.2884543445,-76.1324133308041,43.01975120806112,407728.00274796877,4763630.287525305,1598893.2557157017,2392652.040655451,1.0000000000000002,True
360670055002008,48,17349.469220484134,407973.2618862538,4763513.502333944,-76.12938464287839,43.018729486438524,407973.26540044387,4763513.503792956,1599157.1256127087,2392591.3529760763,1.0,True
360670055002009,55,25597.761610947513,408022.31054659316,4763367.912497376,-76.12875880195067,43.017424633614276,408022.3106553686,4763367.908762369,1599237.0129653425,2392459.297203467,0.9999999999999999,True
360670055002010,0,22756.1561937734,407117.8606820642,4764019.608605662,-76.13996471286099,43.023182035967025,407117.86167573545,4764019.604597286,1598214.9047244932,2392899.924461854,1.0000000000000004,True
360670055002011,0,11116.321298198332,407094.5788523458,4764024.495940426,-76.14025121540783,43.02322319171992,407094.5801202451,4764024.496842882,1598191.2315798604,2392899.6036601136,1.0000000000000002,True
360670055003000,1066,442440.71938477067,407852.38279029867,4763050.95549384,-76.1307914063107,43.01455038812964,407852.3833223088,4763050.956805119,1599142.4612238256,2392111.009245632,1.0,True
360670055003001,50,23445.35811966196,408106.0228453116,4763035.954886733,-76.12767697619596,43.01444604007401,408106.0208457521,4763035.950462558,1599391.8771232367,2392152.0187346227,0.9999999999999999,True
360670055003002,296,78086.25465312325,407454.25949646643,4763251.160712398,-76.13570926787659,43.01630452472276,407454.2568416651,4763251.158002332,1598711.7757340265,2392219.952243988,0.9999999999999994,True
360670055003003,64,149472.4129655735,407364.89037857065,4763041.683996396,-76.13677099104866,43.014407657778406,407364.8897125912,4763041.688694985,1598671.5414069737,2391994.8073920403,1.0000000000000002,True
360670055003004,555,105602.26927163049,407309.3926261886,4762951.995533974,-76.13743699580311,43.013593400746174,407151.5490446504,4763219.482790729,1598637.5943314862,2391894.6232716823,1.0000000000000004,False
360670055003005,0,21368.566483781822,407218.50046475383,4763025.625615528,-76.13856439579347,43.0142452244252,407088.4933345946,4763453.231623963,1598533.073055504,2391946.8892935053,1.0000000000000004,False
360670055003006,0,30112.60396123267,407999.4033165961,4762425.667502781,-76.1288844600675,43.00893852930013,407999.40001845546,4762425.664292743,1599423.823602561,2391529.8605765463,0.9999999999999998,True
360670055003007,0,200920.7332683013,408108.9315914802,4762549.543066546,-76.12756116175065,43.0100670684766,408108.92852130276,4762549.546609072,1599502.6085656513,2391675.454456493,1.0000000000000004,True
360670055003008,34,24448.562613263934,407634.25186101615,4762760.875883564,-76.13341965886632,43.01191223717183,407634.24845316855,4762760.871800871,1598995.1806871,2391778.4994343286,0.9999999999999999,True
360670056011000,28,14097.372142990465,409391.1936747571,4764746.8357627,-76.11218697119394,43.03000399948166,409391.1913286965,4764746.835851352,1600259.2678935446,2394112.8255664767,1.0,True
360670056011001,26,13950.66950999117,409302.08681984816,4764741.447004471,-76.11327964344878,43.02994484942211,409302.09028683463,4764741.44146919,1600174.0065183213,2394087.9633717076,1.0,True
360670056011002,46,21486.79977685679,409401.17594614293,4764550.143591821,-76.1120324923256,43.028234302491306,409401.1753172292,4764550.143323441,1600312.584949823,2393922.054793884,1.0,True
360670056011003,48,20896.566860377723,409312.3034098059,4764543.202749277,-76.11312200531519,43.02816120826089,409312.3038306831,4764543.201826162,1600227.8954656387,2393895.7215059716,1.0,True
360670056011004,121,363584.8875523981,409047.1305585657,4764230.08957775,-76.1163251050413,43.02531044555594,409045.1839059717,4764220.325140925,1600040.0692514586,2393530.2870084415,1.0000000000000004,True
360670056011005,0,8707.43082149311,409033.39966912515,4764563.668096409,-76.11654804017864,43.02831212100615,409033.4029115373,4764563.665720135,1599952.7479056285,2393854.5268627163,0.9999999999999996,True
360670056011006,0,4352.335801183176,408792.5385677724,4764292.408935283,-76.1194594957608,43.025841008369426,408792.5382099889,4764292.408010461,1599779.2266081763,2393535.494072154,1.0000000000000002,True
360670056011007,41,20869.318065167005,408846.6054098642,4764431.231463354,-76.11881871668788,43.027097361668226,408846.60682621045,4764431.235701992,1599800.8890665348,2393683.5634107073,1.0,True
360670056011008,95,30805.407020252285,408837.5208298927,4764660.412300867,-76.11896768425979,43.029159661402915,408837.5196046509,4764660.416604178,1599741.2342981668,2393906.4037546287,1.0,True
360670056011009,95,28971.603728264196,408727.8503738141,4764657.174006009,-76.12031304493301,43.02911733786433,408727.85397843865,4764657.16975231,1599635.5444260356,2393879.132677552,1.0000000000000002,True
360670056011010,97,27401.85432951366,408625.03612476384,4764646.039505504,-76.12157296872267,43.02900473116835,408625.03353032697,4764646.036078289,1599538.2585854942,2393845.621201894,1.0,True
360670056011011,54,237580.1148398001,408315.0935046076,4764540.238784188,-76.12535920816828,43.02801483284086,408315.0941212127,4764540.235128278,1599261.0073865214,2393673.7312026136,1.0,True
360670056011012,0,4735.677221952475,408538.06262526975,4764455.703508979,-76.1226090829826,43.02728061047248,408538.06122325425,4764455.7023645425,1599496.0964221633,2393639.7857809816,1.0,True
360670056011013,28,10267.420524769825,408534.2395212219,4764536.668667234,-76.1226692852776,43.028009105050444,408534.238314252,4764536.66812242,1599474.4257446984,2393718.3760467037,1.0,True
360670056011014,37,31508.35553068869,408658.5037056532,4764012.209939209,-76.12105839107929,43.02330218400446,408658.50300252234,4764012.211725223,1599711.3382692002,2393231.158505651,0.9999999999999999,True
360670056011015,0,143525.84552543162,408410.01682770526,4764106.111882552,-76.12412298974985,43.024117701978604,408410.01598960604,4764106.111674007,1599449.414185677,2393268.6885467647,1.0000000000000009,True
360670056011016,0,22145.390039354043,408065.34519072366,4764332.764462187,-76.12838986965885,43.02611669882569,408065.3427204328,4764332.764625817,1599064.716752797,2393415.319796315,0.9999999999999999,True
360670056011017,0,39017.93275180239,408191.2445642894,4764149.810128641,-76.12681476419586,43.024484728570876,408191.24160449044,4764149.806994987,1599227.4576075408,2393263.49435827,1.0000000000000007,True
360670056011018,65,34109.33922365196,408641.6178185367,4764346.446747451,-76.12132037201674,43.02630939618059,408641.6155442736,4764346.447202046,1599620.80820935,2393555.35092934,1.0000000000000002,True
360670056011019,64,24969.987384549724,408739.8147059015,4764397.383367471,-76.12012368148572,43.02677979633026,408739.81320290593,4764397.383795121,1599704.7840261634,2393626.895565907,1.0,True
360670056011020,0,5691.552741459855,408335.1835510986,4763919.119472553,-76.12501053266878,43.022425126428395,408335.1861736229,4763919.116502008,1599418.2906360861,2393068.799479439,1.0000000000000002,True
360670056011021,123,181320.94930749864,408307.32236979826,4763472.940805627,-76.12527904006102,43.018404676452825,408165.56362866005,4763696.907215065,1599490.2401860717,2392624.9514597035,0.9999999999999996,False
360670056011022,78,26235.050605152337,408112.24283557234,4763692.97830326,-76.12770891799288,43.02036218133901,408112.24432950956,4763692.9803558765,1599252.1533008036,2392797.9630623143,0.9999999999999999,True
360670056011023,17,4903.851448135778,408084.3815027913,4763858.334202846,-76.1280780450136,43.02184756216906,408084.3852269662,4763858.338354706,1599188.4375297283,2392954.0644445457,1.0,True
360670056011024,36,21477.730078663415,408319.90603732434,4763456.637445338,-76.12512195846847,43.01825941017046,408319.9026379798,4763456.636361249,1599506.0664807945,2392611.7233951828,1.0000000000000004,True
360670056011025,52,28159.37354576567,408304.3879610012,4763048.586343039,-76.12524527489411,43.01458372144541,408304.38588320697,4763048.583988938,1599581.5341299705,2392207.991340998,0.9999999999999997,True
360670056011026,21,16077.451013051184,408331.01496628264,4763249.609539536,-76.12495162242593,43.01639681083773,408331.0167775979,4763249.608311524,1599562.772581543,2392411.0574383074,1.0,True
360670056011027,47,23180.72291316259,408225.7065845653,4763451.61682267,-76.12627695402784,43.01820283846772,408225.7027812081,4763451.612601066,1599415.7848123545,2392586.102386282,0.9999999999999999,True
360670056011028,0,14456.593416949727,408102.75138047733,4764095.049795104,-76.12789165271566,43.02398100694814,408102.7475174898,4764095.049075264,1599153.7461330383,2393190.329598563,1.0000000000000002,True
360670056011029,0,59543.62032113826,408971.2963359126,4764620.999366916,-76.1173195344743,43.02882085478213,408971.2992114083,4764621.004350997,1599879.7738092646,2393897.1276502414,0.9999999999999999,True
360670056011030,34,14154.039579277423,409338.7835704214,4763979.565823841,-76.11270537361433,43.02308974893175,409338.7813485363,4763979.560418447,1600378.6186760932,2393348.5828468804,1.0,True
360670056011031,26,19294.57770763858,409334.8108508738,4764167.67254238,-76.11278471442579,43.02478286579412,409334.81207658217,4764167.676325373,1600333.036705002,2393532.2527477248,1.0,True
360670056011032,0,12749.529090207501,409322.6038508329,4764351.488933337,-76.11296441071444,43.026436372049695,409322.60476493236,4764351.492025655,1600280.4171322545,2393709.9041462988,1.0,True
360670056011033,31,13309.108316550894,409411.40022854414,4764358.375665593,-76.1118758537725,43.026508968207644,409411.3965089429,4764358.379246021,1600365.044475783,2393736.16753084,1.0,True
360670056011034,58,24918.89137253518,409423.51142185164,4764145.189950024,-76.11169259024877,43.02459102611072,409423.51058895997,4764145.18706094,1600424.085777051,2393529.682143651,1.0000000000000002,True
360670056011035,16,9124.071717855326,409428.2106344871,4763955.7061986495,-76.11160414134936,43.022885596773385,409428.21400834376,4763955.706512362,1600470.677845865,2393344.820762678,1.0,True
360670056011036,0,1546.3511536956794,408649.9751838583,4764172.692774607,-76.12118934078353,43.02474603793327,408649.9784505147,4764172.688517733,1599667.4622582812,2393386.7264082246,1.0,True
360670056011037,34,16633.592730543038,408210.725730232,4763107.065084009,-76.12640406022187,43.01509891945097,408210.72245975863,4763107.062967455,1599477.687169617,2392244.785373961,0.9999999999999998,True
360670056011038,82,42335.55525358282,408130.5578120327,4763358.672253966,-76.12742911093564,43.0173545333122,408130.55865347205,4763358.6685426785,1599344.0877843306,2392474.0141545213,1.0000000000000002,True
360670056011039,39,17197.54229009752,408236.9579657048,4763245.236823234,-76.12610494207605,43.016346091738946,408236.9614066947,4763245.237694645,1599472.4856715186,2392386.1034716535,1.0,True
360670056021000,572,226753.53471439204,409364.86227047624,4763475.931728072,-76.11230349725108,43.018558462190946,409364.86210209795,4763475.935929739,1600515.64168354,2392860.2164609376,1.0,True
360670056021001,15,8494.5139536293,408867.7245246055,4763842.1987701,-76.1184632584,43.02179663776871,408867.7210791412,4763842.194621027,1599952.0482150111,2393110.332984796,0.9999999999999998,True
360670056021002,0,14949.586049824997,408610.5890361011,4763823.514149639,-76.12161542003635,43.02159753292654,408705.3985629268,4763829.330965785,1599706.709641743,2393035.511556631,1.0,False
360670056021003,274,130340.07954475825,408563.5938942199,4763241.934708347,-76.1220967174291,43.01635572777248,408563.5952732682,4763241.931605231,1599790.1303260517,2392454.6236586366,1.0000000000000002,True
360670056021004,52,25792.074767927355,408740.12814652425,4763140.387069948,-76.11991409912842,43.015462677088834,408740.1281094315,4763140.389615183,1599983.9370116743,2392393.7824635054,1.0000000000000002,True
360670056021005,0,5898.626791000128,408465.7758873638,4763619.464772663,-76.12335887016688,43.01974298056184,408465.77348533884,4763619.466963794,1599611.4725181037,2392803.5133495457,1.0,True
360670056021006,63,7956.238876109524,408619.23408895516,4763139.174218099,-76.12139719867947,43.01543723214899,408619.2339336707,4763139.170649386,1599866.910861535,2392366.0334429136,0.9999999999999999,True
360670056021007,50,27050.27699438721,408642.2761453152,4763403.482647949,-76.12115778296186,43.01781966000348,408642.2748162476,4763403.487108104,1599830.6329997093,2392630.3984367554,0.9999999999999998,True
360670056021008,39,7198.364772509172,408710.30097967864,4763012.110385788,-76.12025906530566,43.01430417625584,408710.2981875923,4763012.113060295,1599983.4544466168,2392261.3819987685,1.0,True
360670056021009,342,219869.3465586333,409128.16972565046,4763301.698528057,-76.1151793354963,43.01696151430912,409128.17259703495,4763301.696900615,1600324.6439096008,2392637.2859188016,0.9999999999999998,True
360670056021010,0,2887.5455232719464,409076.810329115,4763569.218990562,-76.1158531189177,43.01936395244318,409076.81194078125,4763569.224251271,1600215.4681683318,2392888.457915562,1.0,True
360670056021011,125,17993.03958094749,409108.23756380525,4763453.930570508,-76.11544870901854,43.0183297296932,409108.23825488077,4763453.927263311,1600271.5348296075,2392782.257040195,0.9999999999999996,True
360670056021012,117,17685.860441573157,409075.4995033117,4763685.448717418,-76.11588815554809,43.020410252311216,409075.49595163873,4763685.454061403,1600188.41281286,2393002.1981057576,1.0000000000000002,True
360670056021013,160,54910.41348549987,408948.74025239394,4763639.310980515,-76.1174360093677,43.01997968135232,408948.7410432605,4763639.313041186,1600075.6606344345,2392929.0868722307,1.0,True
360670056021014,627,95916.58739442204,408649.339607834,4763691.495242773,-76.12111829699792,43.02041358245406,408649.3393892316,4763691.4971945165,1599773.593890035,2392914.507111445,1.0000000000000002,True
360670056021015,280,50984.5717766134,408741.9393914284,4763501.51588029,-76.11995096976503,43.01871426008686,408741.93698685576,4763501.520345509,1599905.582432964,2392748.4699655366,1.0000000000000004,True
360670056021016,153,74307.69347847246,408873.56313360605,4763299.267645695,-76.11830288967106,43.016909143664414,408873.562227355,4763299.262807964,1600078.1546028305,2392578.9684473616,1.0000000000000009,True
360670057001000,38,8007.368665910904,405294.9999776933,4763568.455378282,-76.16225603013062,43.01889520862423,405295.0024196183,4763568.454386576,1596546.4189696335,2392056.775966,0.9999999999999999,True
360670057001001,332,370493.94209892006,404722.1624468168,4763465.41313722,-76.1692670787659,43.01789590010772,404722.1607163709,4763465.413149349,1596013.5092854295,2391829.80244078,1.0000000000000002,True
360670057001002,58,14259.402717523992,404983.33909822087,4763178.463715734,-76.16601363360847,43.01534513579695,404983.34178175265,4763178.459702446,1596330.577244341,2391605.6896850266,1.0000000000000002,True
360670057001003,34,8260.311251971674,404987.5858446508,4763299.712773364,-76.16598218499878,43.01643729587505,404987.58462859376,4763299.713248414,1596307.7932028188,2391725.5734048416,0.9999999999999998,True
360670057001004,37,14044.847632078989,404885.34650722163,4763173.120779566,-76.16721501177086,43.015284775897996,404885.3475036234,4763173.123442766,1596236.6896377834,2391578.9136183015,1.0,True
360670057001005,32,14190.649990900743,404787.87576555886,4763167.115007661,-76.1684098715031,43.01521850114714,404787.8734415897,4763167.114912581,1596143.4554915319,2391551.6018043407,1.0,True
360670057001006,100,38792.05967246593,404850.6591120505,4763056.291100838,-76.16762066717887,43.01422859410942,404850.6564465278,4763056.291792176,1596228.9596775738,2391456.6756189344,1.0,True
360670057001007,54,20395.498336345998,404620.2801480932,4762818.743828553,-76.17040655715977,43.01206103773328,404620.27659848845,4762818.73968692,1596058.1561014985,2391173.0033682236,1.0,True
360670057001008,119,93297.48692613773,404787.6482632708,4762871.484859942,-76.16836219954453,43.01255685742158,404787.6482919361,4762871.4895888,1596208.8339701097,2391261.525198465,1.0000000000000002,True
360670057002000,0,7560.206935953192,405844.10510435293,4763446.044735342,-76.15549787814528,43.01786134674866,405844.1032520635,4763446.039568395,1597106.3310470919,2392057.3498090487,1.0000000000000004,True
360670057002001,0,10516.17796311572,405887.1345863537,4763539.469320675,-76.15498568439953,43.01870779931474,405887.13331619935,4763539.469414258,1597127.3498844865,2392158.4587458083,1.0000000000000002,True
360670057002002,94,40807.50302180746,405621.6903038798,4763439.468731035,-76.15822573430236,43.017774554285644,405621.6931690644,4763439.473769072,1596891.9995436508,2392002.0242925845,1.0,True
360670057002003,64,26481.232137738512,405512.2496157643,4763530.1679134695,-76.15958390669695,43.01857754011252,405512.2500999518,4763530.163451428,1596765.6936210345,2392066.9548563473,1.0,True
360670057002004,25,7118.065966702398,405368.4152903229,4763597.404400941,-76.16136014309656,43.01916498783702,405368.4188206918,4763597.405703074,1596611.2242737545,2392101.3091468513,1.0,True
360670057002005,115,31335.912020796943,405207.55468078196,4763426.775284051,-76.16330489289847,43.01760873199566,405207.5540528816,4763426.77173894,1596493.015566915,2391898.565818565,1.0000000000000002,True
360670057002006,75,72577.34232670952,405389.3637024713,4763244.338089974,-76.16104320878108,43.01598886576331,405389.3644705952,4763244.341882071,1596709.8894669742,2391759.539625295,1.0,True
360670057002007,63,29026.811718106732,405580.91559908714,4763335.536265103,-76.15870843167295,43.01683376305684,405580.91823663935,4763335.540332036,1596875.5001291581,2391891.10204935,1.0000000000000002,True
360670057002008,18,20918.594712679787,405593.78882668784,4763230.900084362,-76.15853277123315,43.015893299600926,405593.78648313193,4763230.9001610195,1596911.2069842026,2391791.2781017344,1.0,True
360670057002009,0,12932.330074185851,405923.5615461213,4762951.104457715,-76.15443948370267,43.01341512301285,405715.7858123851,4763232.383660549,1597293.2378577811,2391589.2483086553,0.9999999999999994,False
360670057002010,143,109503.11568950722,405878.84059210593,4762787.223544117,-76.15496050683336,43.01193412799884,405878.8411062215,4762787.220427183,1597286.210962844,2391418.6463175295,0.9999999999999998,True
360670057002011,63,40070.03681611219,405702.19447859796,4763008.869868831,-76.15716516800988,43.01390776847473,405702.19191992714,4763008.873405639,1597065.6481306388,2391597.277124223,0.9999999999999998,True
360670057002012,72,17724.39703123476,405612.9566370683,4763134.256663176,-76.1582812399034,43.015025577950986,405612.9599225563,4763134.259066871,1596951.247404709,2391700.678409094,1.0000000000000002,True
360670057002013,75,20879.90739732986,405529.5656355511,4762819.189516724,-76.15925101590358,43.01217859822056,405529.56693431584,4762819.1896964405,1596940.2491529894,2391373.2572351824,0.9999999999999998,True
360670057002014,71,251951.39196239915,405214.877228427,4762908.278692807,-76.16312693272249,43.01294151294393,405214.8798751549,4762908.277218446,1596615.16916825,2391391.506327026,1.0,True
360670057002015,56,17060.783705724585,405095.15075724444,4763193.6368327765,-76.16464437650403,43.01549571184137,405095.14882434165,4763193.635544346,1596435.6911223077,2391645.146188479,1.0000000000000002,True
360670057002016,61,20306.895263457303,405134.02344527,4763309.196868124,-76.16418709482302,43.01654097509809,405134.02306174766,4763309.199639335,1596447.7640746543,2391767.0578657924,1.0,True
360670057002017,66,18602.240440700138,405746.14964959095,4763541.468400699,-76.15671589359948,43.018708325403686,405746.14908918494,4763541.465586797,1596990.1201127432,2392129.4395547104,1.0,True
360670057002018,76,27359.313696127123,405553.50053613,4762715.883335584,-76.15893987812117,43.01125148348762,405553.49877842737,4762715.88519389,1596986.3930180504,2391277.167904253,1.0,True
360670058001000,153,50601.14285301356,405893.00106307375,4764596.478617901,-76.1550921247981,43.02822501348272,405893.0030628294,4764596.477092841,1596898.5137044708,2393196.7099568136,1.0,True
360670058001001,118,94627.72021799991,405975.17934675753,4764348.820958359,-76.15404187336013,43.026005472586014,405975.1772181161,4764348.8240325255,1597033.1954830966,2392971.809107127,0.9999999999999996,True
360670058001002,16,9635.84520350811,406106.22325605236,4764438.059854833,-76.15244881664127,43.02682511593644,406106.22458759096,4764438.058066475,1597140.538524242,2393088.151271512,1.0,True
360670058001003,38,8707.713483295094,406044.9200178947,4764168.461173971,-76.15315566195991,43.024390280448415,406044.9169483129,4764168.463387749,1597140.8776739216,2392810.195591879,0.9999999999999998,True
360670058001004,30,10590.9154495031,406077.0435448354,4764536.3680353295,-76.15282346148524,43.02770659958542,406077.04040755925,4764536.368124456,1597090.415160049,2393178.1823756746,1.0000000000000002,True
360670058001005,54,22586.98303082294,406141.9062582891,4764194.205535839,-76.15196987325878,43.02463404925022,406141.9040044565,4764194.200096477,1597229.2645999638,2392856.7634802903,1.0,True
360670058001006,86,35274.946047451755,406198.62675401143,4763998.886841703,-76.15124098730817,43.02288255411504,406198.62578975526,4763998.891951419,1597327.6327653392,2392677.6126148175,1.0,True
360670058001007,138,51521.07540982328,406102.2467546523,4763868.573876087,-76.15240169588118,43.021697412799554,406102.2463995397,4763868.572459296,1597263.0355202607,2392528.5921666245,1.0000000000000002,True
360670058001008,40,15403.741177286984,406246.1530277976,4763821.91029384,-76.1506280447907,43.02129505776334,406246.156741679,4763821.914934221,1597413.0105978346,2392514.435166684,0.9999999999999999,True
360670058001009,66,14103.502895702497,406273.97810980317,4763718.938909434,-76.15026931000584,43.02037141412364,406273.978903619,4763718.9373298315,1597462.8538368412,2392419.5301753567,1.0,True
360670058001010,0,24490.49921071678,405815.3533873027,4764347.018011253,-76.1560028503609,43.02596944476577,405815.34927450086,4764347.013095682,1596878.5273148478,2392934.9192923647,0.9999999999999983,True
360670058002000,41,10252.525176527137,405961.670565343,4763991.59983159,-76.15414738729447,43.02278765977235,405961.6695915099,4763991.604313115,1597099.3482797153,2392618.395117668,1.0,True
360670058002001,0,3929.987749756786,405900.6086609224,4763917.888338496,-76.15488422014775,43.02211645961168,405886.70272553654,4763853.584979601,1597056.459453566,2392532.6635875287,1.0,False
360670058002002,29,21553.603293433818,405971.94804269564,4763863.838916944,-76.15399972883723,43.02163867126337,405971.9504362374,4763863.842075864,1597137.6670842743,2392495.315316432,0.9999999999999998,True
360670058002003,107,24075.673520521086,406005.5899096249,4763711.854150552,-76.15356130561628,43.02027447961571,406005.59039835137,4763711.856407946,1597204.0292472616,2392353.604789697,1.0,True
360670058002004,0,2756.7990042495076,405927.35546765587,4763700.198545012,-76.15451929320457,43.020159860956205,405927.3549735596,4763700.20288845,1597130.71055763,2392324.978895188,1.0000000000000002,True
360670058002005,11,12222.770684887975,405824.0037016229,4763386.129808049,-76.1557343991254,43.017319428428074,405824.00358690385,4763386.126652085,1597100.1222159534,2391994.153519563,1.0000000000000007,True
360670058002006,36,10327.352912368926,405881.2317722718,4763375.433616397,-76.15503042673375,43.017230217303236,405881.2339242875,4763375.431664905,1597158.0190120405,2391996.2354388153,1.0,True
360670058002007,10,47446.58452707098,406169.6815562035,4763593.583285524,-76.1515279616208,43.01922993722658,406169.6783722174,4763593.579194387,1597389.4762252483,2392273.6332192374,1.0000000000000004,True
360670058002008,48,23781.947992396243,405818.90459838114,4763183.470182515,-76.15576274002571,43.01549420552365,405818.9078515948,4763183.469524221,1597140.1410856193,2391794.214560144,1.0,True
360670058002009,0,12470.907845424346,405780.91912160843,4763143.836400344,-76.15622209851894,43.015132665689194,405746.27370413055,4763251.712131187,1597112.081026731,2391746.984806495,0.9999999999999996,False
360670058002010,101,30093.416517604357,405908.969809567,4763141.633582929,-76.15465064804566,43.01512869562628,405908.9737314635,4763141.634014796,1597236.8062812856,2391772.9616533266,0.9999999999999999,True
360670058002011,56,26082.207947474224,405996.5049954796,4763417.015912138,-76.15362307754734,43.01761885885088,405996.5032286738,4763417.020506892,1597260.632887593,2392062.3595625386,1.0,True
360670058002012,171,62875.883204191065,406238.7838976614,4763450.351294632,-76.15065599139547,43.01794891365101,406238.78317574225,4763450.349788292,1597488.3002848586,2392148.3004742065,1.0,True
360670058003000,312,117433.82949890597,406282.8808943298,4763179.521070844,-76.15006942042969,43.015516001323675,406282.8825571112,4763179.5209010495,1597591.174193486,2391892.2924455786,1.0000000000000002,True
360670058003001,149,33158.118196809904,406073.3082281586,4763163.876834286,-76.15263809257956,43.015349282972856,406073.3076494263,4763163.878733454,1597391.3144629619,2391830.8945915247,1.0000000000000002,True
360670058003002,127,25818.091195928908,405987.7948995393,4763158.2161617065,-76.15368632243586,43.01528774634024,405987.79665712314,4763158.210990497,1597309.6041526918,2391806.550827609,1.0000000000000002,True
360670058003003,184,57093.10891857005,406208.81152731576,4762937.8261912735,-76.15093755696772,43.01333082601383,406208.8079809409,4762937.823350493,1597572.9369513732,2391638.9017324247,1.0,True
360670058003004,0,1264.0090327436592,405977.56468816905,4762889.216883854,-76.1537664951951,43.0128646160878,405977.56427206076,4762889.215102681,1597359.3637671736,2391540.4008606286,1.0000000000000004,True
360670059001000,0,15408.501154031548,407060.16087012325,4763498.539533405,-76.14058588598994,43.018483655279574,407060.15979596827,4763498.544515123,1598274.5277781647,2392376.0542465146,1.0000000000000002,True
360670059001001,56,13219.705383021153,406950.6638015901,4763686.156474428,-76.14196071320387,43.02015942245157,406950.66484357114,4763686.153966542,1598126.6655039135,2392536.056680596,0.9999999999999999,True
360670059001002,58,33209.88921191836,406748.8799503241,4763669.107525819,-76.14443379922355,43.0199811925715,406748.8798983003,4763669.108351619,1597934.6718944423,2392474.9939192156,1.0,True
360670059001003,114,28635.34708379919,406489.15386352094,4763637.281037047,-76.14761535202132,43.0196627360164,406489.149899385,4763637.277090847,1597689.7402601973,2392386.701419091,1.0,True
360670059001004,103,21690.859462370565,406508.70111434633,4763531.585082501,-76.14735778399233,43.01871353376951,406508.69975872413,4763531.581350211,1597732.1562791308,2392287.304056142,1.0,True
360670059001005,75,29465.52905507179,406772.1094024666,4763563.856646396,-76.14413117235424,43.01903644150934,406772.1070869625,4763563.852067468,1597980.561361158,2392376.8420118713,1.0000000000000002,True
360670059001006,66,23733.63293859466,406991.40400612983,4763520.391406287,-76.14143317193829,43.01867198210915,406991.4017465339,4763520.393424154,1598202.9699593054,2392382.384763646,0.9999999999999999,True
360670059001007,62,19245.06250359866,406526.5268735705,4763440.087028207,-76.14712372624362,43.017891946276904,406526.52894185204,4763440.081859933,1597769.7518854532,2392201.457044638,1.0,True
360670059001008,116,29069.45537164079,406792.3032384854,4763472.318391355,-76.1438680934903,43.01821477547472,406792.3027451389,4763472.321122118,1598020.4632208706,2392291.475719906,1.0000000000000002,True
360670059001009,66,23185.718700866102,406555.745476436,4763351.100887044,-76.14675031002356,43.01709437434357,406555.7463321328,4763351.103725041,1597817.8437808796,2392120.5774905067,1.0,True
360670059001010,44,27690.5949891964,406831.64653551904,4763385.3203657,-76.14337082232183,43.01743633326455,406831.6483041483,4763385.316646898,1598077.9368615763,2392214.7710500383,1.0,True
360670059002000,15,5271.965599926535,407027.57192075474,4763336.956316709,-76.14095881156288,43.01702489129298,407027.5728761159,4763336.957270823,1598278.7584412794,2392210.372563677,1.0,True
360670059002001,109,32132.865813551132,406849.7906338862,4763290.342736831,-76.14313233573284,43.01658344823938,406849.7934727439,4763290.3373402,1598116.6129664588,2392125.5798189156,1.0000000000000002,True
360670059002002,101,27575.547224414033,406566.57732942485,4763249.222050668,-76.14660033933016,43.0161784646111,406566.5805880246,4763249.225936851,1597850.9568725466,2392023.0092649385,1.0,True
360670059002003,218,44413.044851975064,406566.8273032486,4763101.3111980315,-76.14657249399941,43.01484681553362,406566.8267907091,4763101.309479696,1597884.0163160493,2391877.9559236025,1.0,True
360670059002004,238,67234.26663688787,406847.4492393276,4763136.316391283,-76.14313533777533,43.01519642052235,406847.4522865956,4763136.314070368,1598148.5144001276,2391973.9573293687,1.0,True
360670059002005,228,53085.47883204667,406717.2875238633,4762970.271349816,-76.14470455508975,43.01368550920452,406717.2838501311,4762970.270377538,1598059.069155549,2391782.458450786,1.0000000000000002,True
360670060001000,67,53018.44796381966,406261.46317470865,4762807.653145412,-76.15026970648348,43.01216534008444,406261.46364210045,4762807.648686792,1597652.9021894706,2391522.764039682,1.0000000000000002,True
360670060001001,0,6825.224057656911,406159.5814015981,4762739.529321417,-76.15150819554626,43.011539433858765,406159.58098708914,4762739.525566374,1597569.1704128152,2391433.5440723184,0.9999999999999992,True
360670060001002,67,154354.02979859887,406419.42414076865,4762098.232630413,-76.14821275048864,43.00579770209835,406419.4201023164,4762098.2324525565,1597963.5584054855,2390861.486016876,1.0000000000000002,True
360670060001003,59,13813.804656893963,406421.6778194745,4762699.054968561,-76.14828587482059,43.01120734249735,406421.6757029587,4762699.0502772825,1597832.439163666,2391451.4268801864,1.0,True
360670060001004,19,11682.79373435608,406340.34558695386,4762696.148691815,-76.14928320648104,43.011171160143874,406340.34617569344,4762696.153110614,1597754.1746251,2391430.7047181437,1.0,True
360670060001005,186,239379.45798229042,406177.41487120313,4762124.391401405,-76.1511859629331,43.0060033912281,406177.4118635435,4762124.39241693,1597722.9568885346,2390833.9741111915,1.0000000000000002,True
360670060001006,56,14455.836427270813,406135.7659828504,4762490.745072664,-76.15175851675117,43.00929662644856,406135.7673077454,4762490.742116827,1597601.2637637747,2391184.2393398783,1.0,True
360670060001007,52,14592.584569676903,405986.9875625912,4762458.69592048,-76.15357833616433,43.00898969600607,405986.9905159909,4762458.696323525,1597464.0292098825,2391120.10582456,1.0000000000000002,True
360670060001008,67,14701.232843343627,406061.35625929123,4762474.650102827,-76.15266866860401,43.00914252851337,406061.35365713923,4762474.646971533,1597532.6421649312,2391152.099051743,1.0,True
360670060001009,51,14763.80902185499,406210.424347858,4762505.624234044,-76.15084510545782,43.009439801634066,406210.4247901675,4762505.624046486,1597670.3964375795,2391215.2414003382,1.0,True
360670060001010,32,9921.685405670416,405952.1746147569,4762616.518185263,-76.15403202527577,43.010406302707025,405952.1766704941,4762616.517856342,1597395.2361246792,2391267.2892041937,0.9999999999999998,True
360670060001011,15,7347.540641692343,406030.1749568533,4762615.6047768425,-76.15307494280796,43.01040772485311,406030.1784076282,4762615.601969004,1597471.1152296015,2391283.532421847,1.0,True
360670060001012,16,4969.53323444037,406109.85016381624,4762614.968203261,-76.15209735902356,43.01041183826804,406109.8467661119,4762614.963999401,1597548.5579172382,2391300.4151500673,0.9999999999999998,True
360670060001013,0,1848.3861034873455,406183.90922900644,4762612.95020324,-76.15118844298259,43.010402812934146,406183.9127122183,4762612.948718885,1597620.858319701,2391314.708468628,1.0,True
360670060002000,205,549886.8759963665,406214.2382084289,4760602.039127383,-76.15047846112269,42.992301781572195,406214.23506718513,4760602.041217187,1598096.4567392229,2389348.5159152127,0.9999999999999998,True
360670060002001,42,16717.019397634223,406079.7207377827,4761133.79813374,-76.15221772333469,42.997072757198424,406079.7227050669,4761133.802860759,1597847.9644262707,2389840.6631099954,1.0,True
360670060002002,47,20538.158277631992,406172.71067860106,4761112.064152647,-76.15107349149761,42.99688855781281,406172.71004973573,4761112.068847025,1597943.0042105594,2389839.772345558,0.9999999999999998,True
360670060002003,62,29250.510245024965,406236.531906288,4761036.8044132935,-76.1502780468892,42.996218844201145,406236.53566122765,4761036.799452427,1598021.6210191061,2389779.9591636355,0.9999999999999999,True
360670060002004,39,13975.159538041526,406195.4872744639,4760833.039771776,-76.15074724255173,42.99437923333323,406195.49069244746,4760833.036022614,1598027.0106386917,2389571.030256351,0.9999999999999998,True
360670060002005,55,20304.68933327693,406103.0189047227,4760668.602076736,-76.15185372192879,42.992887345769034,406103.0206226466,4760668.596969586,1597973.7845982718,2389389.385112431,1.0,True
360670060002006,13,32260.999127376508,405938.8252741666,4759777.671456447,-76.15371747152685,42.9848457629425,405938.82300926826,4759777.675603544,1598012.1676771357,2388479.2196585755,1.0000000000000002,True
360670060002007,186,1692864.4864438265,405473.49718712084,4760753.869479715,-76.1595890885575,42.9935770606283,405468.4067588489,4760751.9670544285,1597344.117299023,2389334.7126789545,1.0,True
360670060002008,55,26134.403901764894,406090.6606106078,4760910.727876154,-76.15204601686342,42.99506574565223,406090.66191572463,4760910.722787631,1597908.0724596798,2389624.216260481,1.0000000000000002,True
360670060002009,0,1769.6287839136903,406228.99020730687,4759780.661849043,-76.15015962655312,42.98490850190924,406228.9923692667,4759780.661607388,1598293.0122128546,2388545.9080937193,1.0000000000000002,True
360670060003000,50,12212.38845233808,405874.9624272109,4762616.817939648,-76.15497933471153,43.01039944526806,405874.96518692083,4762616.812873722,1597320.2578939367,2391250.617026871,0.9999999999999999,True
360670060003001,57,11393.456480225983,405764.8893546421,4762649.2221174855,-76.15633521216876,43.01067755095468,405764.8904213306,4762649.22755032,1597206.2745343952,2391258.2202322073,0.9999999999999999,True
360670060003002,69,30350.593879821332,405573.2102260771,4762607.18641601,-76.1586796733827,43.010275308782965,405573.2080434172,4762607.1854705885,1597029.6336349961,2391174.8613139563,1.0000000000000002,True
360670060003003,23,10638.838216191547,405907.3796273667,4762469.171558408,-76.15455673107162,43.00907416203115,405907.38221759,4762469.175740042,1597384.468965227,2391112.890503658,1.0,True
360670060003004,71,13458.730638583995,405822.3025158402,4762453.706014738,-76.15559784547008,43.00892438743788,405822.3062407441,4762453.707358775,1597305.3583737905,2391079.023431765,0.9999999999999999,True
360670060003005,30,10115.910354133635,405791.81041781284,4762562.538064992,-76.15599029839348,43.009900450509164,405791.81036253483,4762562.543562757,1597251.6270696803,2391179.0938211693,0.9999999999999998,True
360670060003006,80,28960.612825692522,405598.7321839801,4762505.215058586,-76.15834931018287,43.009360406783145,405598.7330034657,4762505.214293871,1597077.021001849,2391080.42981292,1.0,True
360670060003007,112,51481.00749433366,405484.91424280335,4762211.555051149,-76.15969588684854,43.00670237638701,405484.9132071567,4762211.557688172,1597031.7533912787,2390767.321155223,0.9999999999999999,True
360670060003008,62,35384.35215200357,405635.46691312705,4762399.798150857,-76.1578808177042,43.00841587431508,405635.46839531336,4762399.800983278,1597136.051391893,2390985.0817453912,1.0000000000000002,True
360670060003009,82,18489.722453440765,405728.26024151954,4762298.864887304,-76.15672538943683,43.00751866007288,405728.25944169104,4762298.869333069,1597248.4748422764,2390906.4504219894,1.0000000000000002,True
360670060003010,33,26597.825061536143,405903.5415126433,4762308.637900654,-76.1545767431766,43.0076283630361,405903.5450879418,4762308.641957124,1597416.3644056187,2390954.553823699,0.9999999999999999,True
360670060003011,46,15381.7173207316,405766.3309230581,4762209.872162608,-76.15624332125324,43.006722156698885,405766.3327214083,4762209.876947354,1597305.1569060085,2390827.508532282,1.0,True
360670060003012,69,7328.648772007028,405640.8576040986,4762186.273012363,-76.15777857585972,43.00649412600959,405640.8555968272,4762186.270151116,1597188.6590994557,2390776.7852175846,1.0000000000000002,True
360670060003013,193,49604.72739526719,405610.9763752942,4762100.435518728,-76.15813062297389,43.005717601570325,405610.97824530717,4762100.435318524,1597178.7143797693,2390686.007012476,1.0,True
360670060003014,69,6477.502361521005,405687.2472737765,4762032.384431565,-76.1571834827452,43.00511438585593,405687.2458891017,4762032.386021638,1597267.8115435205,2390636.0041840035,1.0,True
360670060003015,38,15612.085151092946,405797.08061553125,4762127.479451033,-76.15585218911943,43.005984165547034,405797.07978139934,4762127.483289241,1597353.2716512203,2390753.432818939,0.9999999999999999,True
360670060003016,49,15645.081127913278,405827.72192807565,4762044.033964959,-76.15546221837066,43.00523668104248,405827.7234542938,4762044.036049594,1597401.5147527352,2390678.300287747,0.9999999999999999,True
360670060003017,44,9639.887139569224,405603.4289631991,4761864.495147493,-76.15818329893017,43.00359243679258,405603.42881966406,4761864.49106288,1597223.7433945464,2390452.8756872076,1.0,True
360670060003018,51,20792.068725905057,405768.274261734,4761920.302891052,-76.15617058286755,43.00411533442101,405768.2728127527,4761920.2990878215,1597371.2925209482,2390543.8491771123,1.0000000000000002,True
360670060003019,38,17575.144838979126,405909.7356444342,4761927.946235139,-76.15443656433003,43.00420166745944,405909.7327868579,4761927.949888726,1597506.8417457137,2390582.4315273804,1.0,True
360670060003020,73,27372.497241394933,406087.75620653544,4761887.903706315,-76.1522460424676,43.00386316228206,406087.7597252921,4761887.907847409,1597688.4412329905,2390582.2634329316,1.0,True
360670060004000,73,34890.47713100333,406119.4702730681,4761749.163469457,-76.1518336684771,43.00261796381539,406119.4677588625,4761749.167522989,1597749.9933571247,2390453.117853698,0.9999999999999998,True
360670060004001,52,23959.88507527579,405929.12164771784,4761777.357953647,-76.15417337237582,43.00284828148525,405929.1194244392,4761777.360040648,1597559.062469119,2390438.95365032,1.0,True
360670060004002,84,23629.256146091848,405747.01620099484,4761809.646472402,-76.15641266681703,43.003116432524465,405747.0134466764,4761809.642897797,1597375.2207439302,2390430.616517752,1.0000000000000002,True
360670060004003,210,86992.06357703752,405638.9902229556,4761597.521237194,-76.15770193528539,43.001193219138514,405638.9930697027,4761597.519072223,1597317.4820556152,2390198.7695622942,1.0000000000000002,True
360670060004004,60,15932.421629941477,405764.23782023916,4761531.091963913,-76.15615438079446,43.00061067089753,405764.23629930126,4761531.095217287,1597453.735323748,2390161.118819734,1.0000000000000002,True
360670060004005,59,15751.776618665368,405665.0906936351,4761524.96670817,-76.15736951363029,43.000543230956,405665.0917572577,4761524.9632552015,1597358.9029826457,2390133.323617741,1.0000000000000002,True
360670060004006,174,80866.71400477814,405885.23400671367,4761493.508741064,-76.1546638676017,43.00028728363838,405885.2313909314,4761493.51059432,1597579.4636563149,2390150.833339671,1.0000000000000004,True
360670060004007,89,49517.66740333663,406123.14218919806,4761556.426856635,-76.1517562080594,43.00088315835213,406123.1429095228,4761556.431472619,1597796.3196672807,2390264.8358293003,1.0,True
360670060004008,136,84759.20756701272,405747.54130395554,4761271.639793087,-76.15631537634034,42.99827268785808,405747.5393939745,4761271.641167991,1597495.1047468667,2389902.90744409,1.0,True
360670061011000,0,7476.2296516244805,407120.0131112845,4763179.4471429335,-76.13979836069636,43.01561809472287,407120.0099164297,4763179.447772432,1598403.3922815172,2392076.158602029,1.0000000000000002,True
360670061011001,175,67948.97632402918,407075.0680282376,4763020.434375629,-76.14032331551184,43.0141809645655,407075.06934574165,4763020.43829347,1598395.0645639487,2391910.282848627,1.0000000000000004,True
360670061011002,173,48346.35390900943,406705.20980629575,4762869.081738449,-76.14483581163127,43.01277298964124,406705.21076983993,4762869.082875869,1598069.8017963255,2391680.5319238217,1.0,True
360670061011003,97,59128.48596206482,407213.4776045106,4762700.259900691,-76.13857190061161,43.011315249725904,407308.1696744853,4762551.780733771,1598600.386191683,2391626.58282708,1.0000000000000007,False
360670061011004,0,2315.8376781814577,407178.26969102415,4762660.893973381,-76.13899729902889,43.01095652857372,407178.2695688483,4762660.89080134,1598574.9608182078,2391580.2270790436,1.0,True
360670061011005,44,15619.240314648603,407177.70134427684,4762601.353253148,-76.13899436503353,43.01042039674164,407177.6984995655,4762601.353653634,1598587.6191543483,2391521.688927531,1.0,True
360670061011006,53,15742.705089744682,407172.1318989508,4762719.950590895,-76.13908242714598,43.01148748295001,407172.1341368739,4762719.952454291,1598555.903462271,2391636.816793303,1.0000000000000002,True
360670061011007,150,46201.87552969762,406702.0660282282,4762771.401825839,-76.14485804474394,43.01189316515327,406702.06972733454,4762771.405645865,1598088.4237101015,2391584.0114740958,1.0,True
360670061011008,37,18225.40441532084,407014.6471997265,4762713.319835902,-76.14101342798564,43.011408536880054,407014.64942475583,4762713.315709382,1598404.580554678,2391595.7098251223,1.0,True
360670061011009,112,44125.61066894535,406697.76209565095,4762674.629120242,-76.14489466248125,43.011021365974216,406697.7590895742,4762674.632940491,1598105.718715954,2391488.1259892853,1.0,True
360670061011010,0,2901.5873544857623,407008.35743586486,4762652.029096235,-76.14108037730969,43.01085594955556,407008.355511943,4762652.02361821,1598412.0763438714,2391534.197828704,0.9999999999999999,True
360670061011011,57,21000.422588895894,407008.2219209655,4762588.740051531,-76.14107149031389,43.01028612368814,407008.22109584766,4762588.737431688,1598425.9863746844,2391472.077444186,1.0000000000000002,True
360670061011012,27,84569.04628875172,407008.45558779046,4762366.234058178,-76.14103153699544,43.00828286698696,407008.4586526722,4762366.237683315,1598475.5790929147,2391253.8357400903,1.0000000000000002,True
360670061011013,1305,291677.4996999992,407327.8906275958,4762050.193517247,-76.13706024916578,43.005476463290336,407327.8946899068,4762050.197539608,1598855.6147553162,2391013.9604942566,1.0000000000000004,True
360670061012000,47,13622.349423526575,407109.6755257852,4762192.778840595,-76.13976090442456,43.00673357285004,407109.6759273049,4762192.781850704,1598612.266773665,2391105.9036904983,1.0,True
360670061012001,57,34148.22456842255,406935.98821620987,4762132.295383633,-76.1418815402276,43.00616778245883,406935.9915212972,4762132.297287006,1598457.1733074966,2391008.403684249,0.9999999999999998,True
360670061012002,42,13930.00926960498,406888.96288287925,4761984.78539193,-76.14243380854909,43.004833949974135,406888.96350417245,4761984.779832827,1598444.2764406959,2390853.353663226,1.0,True
360670061012003,25,15336.129693441839,407002.2163320025,4761991.83168354,-76.1410456796484,43.00491125026393,407002.21474831854,4761991.837229263,1598552.5920144736,2390885.1499362793,1.0,True
360670061012004,66,13329.88447608211,407118.9783379776,4762105.244822284,-76.13963221097067,43.005946614709806,407118.9792099409,4762105.24317663,1598640.7129209514,2391022.0705098105,0.9999999999999999,True
360670061012005,22,7348.897241166233,407090.0038132302,4761993.746089385,-76.139969089655,43.004939218471335,407090.002942242,4761993.744049586,1598637.3390553095,2390906.316099424,1.0000000000000002,True
360670061012006,12,10195.615909892676,407157.345328174,4761994.63529168,-76.13914314348916,43.00495545003643,407157.3489479196,4761994.640792061,1598702.4768309942,2390921.984117982,1.0,True
360670061012007,114,26802.06743154041,407136.2446345411,4761788.466747277,-76.13936768359947,43.0030966758804,407136.2433341425,4761788.469443888,1598727.745831259,2390715.081113863,1.0,True
360670061012008,310,65235.720001218215,406967.89681455813,4761792.012160117,-76.14143337386372,43.00310801795926,406967.8946572093,4761792.010194691,1598563.6279938484,2390681.5715573216,1.0000000000000002,True
360670061012009,57,27315.21623387373,406963.56607279024,4761580.97503284,-76.1414513192885,43.00120745819993,406963.5677080342,4761580.979653369,1598606.247982001,2390473.5762207136,0.9999999999999999,True
360670061012010,65,23236.229885842877,407125.3800364825,4761573.368831085,-76.13946516448586,43.00115875722213,407125.3772062374,4761573.373620829,1598764.9271076613,2390501.6660538274,1.0,True
360670061013000,114,56171.66173497643,406735.284641604,4762520.635487564,-76.1444085760938,43.00963952347763,406735.2826577988,4762520.632906919,1598176.2896787382,2391345.2931949827,1.0000000000000002,True
360670061013001,262,10952.215770434163,406770.0959421999,4762553.394263465,-76.14398698014496,43.00993872970911,406770.09427914646,4762553.390986306,1598202.7957565114,2391385.080472516,1.0,True
360670061013002,111,58138.17798356562,406619.17866979726,4762426.225057218,-76.1458171789249,43.00877526778871,406570.45958373597,4762390.0179898655,1598084.589313593,2391227.1594636873,0.9999999999999998,False
360670061013003,279,92098.52427251154,406667.9844616438,4762196.699164913,-76.14518003715428,43.00671477604614,406667.98752601154,4762196.701783703,1598182.865687503,2391012.7030909187,1.0000000000000002,True
360670061013004,105,33208.20048278773,406556.33325847465,4761891.315990101,-76.14649858732193,43.00395161285879,406556.33220566576,4761891.314576237,1598142.296615897,2390688.5688247476,1.0000000000000002,True
360670061013005,266,67159.4927943191,406722.8654672418,4761920.982618969,-76.14446069314283,43.00423915728318,406722.8649729923,4761920.987370284,1598297.2841367393,2390754.2641589455,1.0000000000000002,True
360670061013006,267,70115.8410206165,406704.1051334931,4761659.980363885,-76.14464719597045,43.00188697786407,406704.1048385553,4761659.982826553,1598336.9910376286,2390494.079431447,1.0,True
360670061021000,0,142867.40576082113,407978.4438354207,4762291.295621688,-76.12911943048714,43.00772619879269,407978.44632190326,4762291.295722355,1599433.299018868,2391393.4279781245,1.0000000000000007,True
360670061021001,37,163516.18937996723,407702.26337114885,4762058.037967091,-76.13246897964788,43.00559262744628,407702.26167131343,4762058.0349415485,1599217.0936981773,2391103.9077456086,0.9999999999999998,True
360670061021002,0,63631.002355451266,407552.86869385437,4762043.755288451,-76.13429929582877,43.005445885937476,407552.86837497976,4762043.756854684,1599075.3184794758,2391057.0733895726,0.9999999999999999,True
360670061021003,575,231172.21347856056,408066.405177013,4761893.149832104,-76.12797473960042,43.00415220135791,408066.40840257966,4761893.149637964,1599606.9683257923,2391022.1408601594,1.0000000000000002,True
360670061021004,197,26199.0237784925,408099.46120318153,4761501.654655146,-76.12750477209687,43.00063143323568,408099.4588792948,4761501.650994856,1599725.8920186143,2390645.313735293,1.0000000000000002,True
360670061022000,52,492351.80110941606,407692.9773540553,4760945.47110762,-76.13239890234914,42.99557469652472,407692.97755074856,4760945.471490966,1599454.9121732668,2390010.3438609634,1.0000000000000002,True
360670061022001,12,85732.99605756752,407517.0970765573,4760938.055950408,-76.13455491491035,42.995486569832345,407517.0983372271,4760938.059284104,1599285.919320549,2389964.4288957915,0.9999999999999998,True
360670061022002,1111,589069.0447893601,408045.5340657899,4760785.131869468,-76.1280482409289,42.9941738117272,408045.5373847121,4760785.130522364,1599832.531815049,2389930.4899567463,1.0,True
360670061031000,164,236181.84427172554,407369.08537777286,4761083.815548545,-76.13639451717638,42.996780878834315,407369.0868096806,4761083.817880048,1599109.9816446311,2390074.914986622,1.0000000000000002,True
360670061031001,37,16848.249424380283,407290.9332993976,4760933.638490388,-76.137328162707,42.99541926441097,407290.93031294394,4760933.642483697,1599067.4774428154,2389910.4084295454,1.0000000000000002,True
360670061031002,185,120905.17227404783,407006.45203265693,4761323.79665626,-76.14088241294193,42.99889724932565,407006.4530131713,4761323.7911643265,1598704.9145783805,2390230.68557942,1.0,True
360670061031003,118,75364.5644875256,407059.8748203719,4761101.390921251,-76.14019009971183,42.99690139272807,407059.8748078425,4761101.391729116,1598806.08890374,2390024.223867837,0.9999999999999994,True
360670061031004,8,7537.656318431824,407230.75850324024,4760932.985924418,-76.13806611899483,42.99540605204567,407230.76012375706,4760932.99122876,1599009.241224317,2389896.5476573384,1.0,True
360670061031005,49,31220.185577060245,407223.4682624302,4760708.838162385,-76.1381182907721,42.99338708891191,407223.46752686833,4760708.839403906,1599051.8980539937,2389675.0360856038,1.0,True
360670061031006,22,11048.351578850286,407116.3650192952,4760877.122443518,-76.13945990017548,42.99488913447493,407116.3649816718,4760877.118614889,1598910.6519084454,2389816.607781004,1.0000000000000002,True
360670061031007,23,11016.333070256713,407111.80570846185,4760971.806826146,-76.13953157409843,42.995741050887624,407111.80367107235,4760971.812308705,1598885.2215523876,2389908.500053893,1.0,True
360670061031008,68,24849.69237682316,406923.78974082874,4760963.897986874,-76.14183634590788,42.995646860099406,406923.7935432476,4760963.902366962,1598704.5652476663,2389859.4322732803,1.0000000000000002,True
360670061031009,59,26668.059140960242,406920.04598830716,4760867.964150106,-76.14186627078793,42.99478268021817,406920.0436369033,4760867.96637924,1598722.2175781233,2389764.4900367325,0.9999999999999999,True
360670061031010,64,29181.88894419082,406915.58102986246,4760769.446651702,-76.14190460997266,42.993895150448786,406915.58191760385,4760769.452143302,1598739.7433883476,2389666.8543780358,1.0,True
360670061031011,49,11858.819490885035,407120.21101676073,4760778.686729555,-76.13939635329605,42.99400335634634,407120.20727532305,4760778.691628918,1598936.222488998,2389720.8782360298,1.0000000000000002,True
360670061031012,26,13893.656812213383,407120.26563396084,4760668.0764756445,-76.13937728425056,42.993007503838776,407120.26434430416,4760668.076066763,1598960.815805688,2389612.371179604,0.9999999999999999,True
360670061031013,78,36906.23666722657,406910.6447746749,4760658.881983573,-76.14194672029093,42.992899098465244,406910.6464310864,4760658.882131523,1598759.484847489,2389557.295618403,1.0000000000000002,True
360670061031014,77,30235.507282748273,406902.0004431174,4760550.494444931,-76.14203467074502,42.991922193875496,406901.9980674917,4760550.495157473,1598775.1458382674,2389449.057936388,0.9999999999999999,True
360670061031015,28,10983.564125712996,407118.49337407696,4760559.538607587,-76.1393809669002,42.99203008643788,407118.49069620454,4760559.54015025,1598983.1769350546,2389505.495770511,0.9999999999999999,True
360670061031016,457,454930.10841152025,407143.6842735639,4760199.219167117,-76.13901209714187,42.988789089612595,407143.6840561944,4760199.220323794,1599087.558598433,2389157.520334379,1.0000000000000002,True
360670061031017,61,45765.86999963236,407067.0195015424,4759853.464918929,-76.13989478742496,42.9856667904324,407067.01849073294,4759853.465995316,1599089.890398111,2388801.456444751,1.0000000000000002,True
360670061031018,87,33316.17337824714,406897.82086576143,4760181.759334108,-76.14202445880785,42.98860184445269,406897.8174404891,4760181.754443296,1598852.9008116594,2389086.37420058,1.0000000000000002,True
360670061031019,54,36802.18804718339,406983.32027073775,4759794.655988937,-76.14091143142649,42.98512708662221,407147.8527753766,4759771.06659928,1599021.7352406534,2388725.369628065,1.0,False
360670061032000,519,535649.2680759534,406574.1294829182,4760769.659509655,-76.14609255323107,42.99385520435542,406558.55969681416,4760706.816760669,1598408.4257305139,2389592.040555595,0.9999999999999991,False
360670061032001,43,15192.1538997429,406702.8707123875,4760780.657319677,-76.14451537904955,42.993970022818004,406702.8689700381,4760780.654809007,1598530.8877110477,2389631.1186595997,0.9999999999999999,True
360670061032002,38,9633.257812517626,406589.3744267333,4760774.481017366,-76.14590638060304,42.99390048613839,406589.37286653597,4760774.482578261,1598422.1457625974,2389600.12261326,0.9999999999999997,True
360670061032003,40,16247.99035152952,406564.2392973206,4760471.6500797,-76.14616399059955,42.99117092205914,406564.23849756457,4760471.647640495,1598464.9495325238,2389297.494904408,1.0000000000000002,True
360670061032004,125,85153.72304972298,406615.242170733,4760196.566166905,-76.14549246902207,42.98870052098873,406615.23961349565,4760196.563870544,1598575.4645263597,2389038.8166085505,0.9999999999999997,True
360670061032005,30,12829.903658526346,406629.19860555144,4759795.206071457,-76.14525421420277,42.985088665098615,406629.1998163195,4759795.209931457,1598678.0547603692,2388648.1074434137,1.0,True
360670061032006,24,10231.535427312307,406386.72362201626,4759786.32565284,-76.14822625770726,42.984978917783394,406386.7201469287,4759786.32372512,1598444.7834011524,2388586.120837097,1.0,True
360670061032007,0,1392.732862654566,406262.82720872277,4759780.789594525,-76.14974469789458,42.98491382140475,406262.82700454316,4759780.787219884,1598325.8114055607,2388553.4678859487,1.0000000000000002,True
360670132001002,2,4865.149988637721,402708.5904209309,4766207.116765212,-76.19445142194797,43.04232458953484,402708.5922252118,4766207.117901934,1593451.4801320906,2394076.8859856967,1.0,True
360670132001003,0,5479.068149477225,402824.82664057106,4766201.710868714,-76.19302374388829,43.04229080350459,402978.5282636281,4766214.10029244,1593565.4569945242,2394097.132797702,0.9999999999999999,False
360670132001009,0,1321.175516792898,402589.16083366756,4766168.670121607,-76.19591062856747,43.041963141097476,402589.16309557797,4766168.665524544,1593344.13749427,2394012.918539307,0.9999999999999998,True
360670132001010,0,1717.2388798327256,402444.8006772108,4766156.357478036,-76.19768039974666,43.04183375769485,402444.8007236135,4766156.362176351,1593206.806686659,2393969.107547993,0.9999999999999999,True
360670132001011,0,2546.1126680576426,402427.1343658149,4766164.649724797,-76.19789869443417,43.041906143468765,402427.13384356047,4766164.644904024,1593187.8259558936,2393973.3587293103,1.0,True
360670132002001,2,201973.10968211753,402088.237959043,4766425.174427821,-76.20210421915408,43.044208036120125,402175.1265385238,4766144.598637069,1592801.1979836184,2394154.4313930436,1.0000000000000002,True
360670132002002,0,1200.0727484134293,402262.3463244685,4766147.65614795,-76.19991837582387,43.04173195777007,402262.3444222595,4766147.6608657725,1593031.7142467438,2393920.465091192,0.9999999999999998,True
360670132002032,0,1228.1126241908812,401987.2571702011,4766138.186798363,-76.20329323219188,43.041611248977624,401987.25971440144,4766138.181321765,1592766.9153291641,2393850.705396699,0.9999999999999998,True
360670132002033,0,1074.7599417151096,402097.2033574812,4766141.803547871,-76.20194435967915,43.041657993452574,402097.2000835766,4766141.804322,1592872.7859669328,2393878.4220328084,1.0000000000000002,True
