DHCST|NY|000|05|0212288|0|0|0|0|0|0|0|0|0|0|0|0|0|0|0|0|0|0|0|0|0|0|0|0|0|0|0|0|0|0|0|0|0|0|0|0|0|0|0|0|0|0|0|0|0|0|0|0|0|0|0|0|0|0|0|0|0|0|0|0|0|0|0|0|0|0|0|0|0|0|0|0|0|0|0|0|0|0|0|0|0|0|0|0|0|0|0|0|0|0|0|0|0|0|0|0|0|0|0|0|0|0|0|0|0|0|0|0|0|0|0|0|0|0|0|0|0|0|0|0|0|0|0|0|0|0|0|0|0|0|0|0|0|0|0|0|0|0|0|0|0|0|0|0|0|0|0|0|0|0|0|0|0|0|0|0|0|0|0|0|0|0|0|0|0|0|0|0|0|0|0|0|0|0|0|0|0|0|0|0|0|0|0|0|0|0|0|0|0|0|0|0|0|0|0|0|0|0|0
DHCST|NY|000|05|0212289|0|0|0|0|0|0|0|0|0|0|0|0|0|0|0|0|0|0|0|0|0|0|0|0|0|0|0|0|0|0|0|0|0|0|0|0|0|0|0|0|0|0|0|0|0|0|0|0|0|0|0|0|0|0|0|0|0|0|0|0|0|0|0|0|0|0|0|0|0|0|0|0|0|0|0|0|0|0|0|0|0|0|0|0|0|0|0|0|0|0|0|0|0|0|0|0|0|0|0|0|0|0|0|0|0|0|0|0|0|0|0|0|0|0|0|0|0|0|0|0|0|0|0|0|0|0|0|0|0|0|0|0|0|0|0|0|0|0|0|0|0|0|0|0|0|0|0|0|0|0|0|0|0|0|0|0|0|0|0|0|0|0|0|0|0|0|0|0|0|0|0|0|0|0|0|0|0|0|0|0|0|0|0|0|0|0|0|0|0|0|0|0|0|0|0|0|0|0|0
DHCST|NY|000|05|0212290|0|0|0|0|0|0|0|0|0|0|0|0|0|0|0|0|0|0|0|0|0|0|0|0|0|0|0|0|0|0|0|0|0|0|0|0|0|0|0|0|0|0|0|0|0|0|0|0|0|0|0|0|0|0|0|0|0|0|0|0|0|0|0|0|0|0|0|0|0|0|0|0|0|0|0|0|0|0|0|0|0|0|0|0|0|0|0|0|0|0|0|0|0|0|0|0|0|0|0|0|0|0|0|0|0|0|0|0|0|0|0|0|0|0|0|0|0|0|0|0|0|0|0|0|0|0|0|0|0|0|0|0|0|0|0|0|0|0|0|0|0|0|0|0|0|0|0|0|0|0|0|0|0|0|0|0|0|0|0|0|0|0|0|0|0|0|0|0|0|0|0|0|0|0|0|0|0|0|0|0|0|0|0|0|0|0|0|0|0|0|0|0|0|0|0|0|0|0|0
DHCST|NY|000|05|0212291|11|11|11|0|0|11|3|2|1|0|0|1|4|11|7|4|11|7|3|2|1|0|0|1|0|4|0|0|0|0|0|0|4|15|7|2|1|0|0|5|15|7|3|2|1|0|0|1|8|4|0|0|0|0|4|11|7|3|2|1|0|0|1|4|4|0|0|0|0|4|0|0|0|0|0|0|0|0|0|0|0|0|0|0|0|0|0|0|0|0|0|0|0|0|0|0|0|0|0|0|0|0|0|0|0|0|0|0|0|0|0|0|0|0|0|0|0|0|0|0|0|0|0|0|0|0|11|4|7|7|3|2|1|0|0|1|0|0|0|0|0|0|0|0|0|0|0|0|0|0|0|0|0|0|0|0|0|0|0|0|0|0|0|0|0|0|0|0|0|0|0|0|0|0|0|0|0|0|0|0|0|0|0|0|0|0|0|0|0|0|0|0|0|0|0|0|0|0|0
DHCST|NY|000|05|0212292|0|0|0|0|0|0|0|0|0|0|0|0|0|0|0|0|0|0|0|0|0|0|0|0|0|0|0|0|0|0|0|0|0|0|0|0|0|0|0|0|0|0|0|0|0|0|0|0|0|0|0|0|0|0|0|0|0|0|0|0|0|0|0|0|0|0|0|0|0|0|0|0|0|0|0|0|0|0|0|0|0|0|0|0|0|0|0|0|0|0|0|0|0|0|0|0|0|0|0|0|0|0|0|0|0|0|0|0|0|0|0|0|0|0|0|0|0|0|0|0|0|0|0|0|0|0|0|0|0|0|0|0|0|0|0|0|0|0|0|0|0|0|0|0|0|0|0|0|0|0|0|0|0|0|0|0|0|0|0|0|0|0|0|0|0|0|0|0|0|0|0|0|0|0|0|0|0|0|0|0|0|0|0|0|0|0|0|0|0|0|0|0|0|0|0|0|0|0|0
DHCST|NY|000|05|0212293|0|0|0|0|0|0|0|0|0|0|0|0|0|0|0|0|0|0|0|0|0|0|0|0|0|0|0|0|0|0|0|0|0|0|0|0|0|0|0|0|0|0|0|0|0|0|0|0|0|0|0|0|0|0|0|0|0|0|0|0|0|0|0|0|0|0|0|0|0|0|0|0|0|0|0|0|0|0|0|0|0|0|0|0|0|0|0|0|0|0|0|0|0|0|0|0|0|0|0|0|0|0|0|0|0|0|0|0|0|0|0|0|0|0|0|0|0|0|0|0|0|0|0|0|0|0|0|0|0|0|0|0|0|0|0|0|0|0|0|0|0|0|0|0|0|0|0|0|0|0|0|0|0|0|0|0|0|0|0|0|0|0|0|0|0|0|0|0|0|0|0|0|0|0|0|0|0|0|0|0|0|0|0|0|0|0|0|0|0|0|0|0|0|0|0|0|0|0|0
DHCST|NY|000|05|0212294|0|0|0|0|0|0|0|0|0|0|0|0|0|0|0|0|0|0|0|0|0|0|0|0|0|0|0|0|0|0|0|0|0|0|0|0|0|0|0|0|0|0|0|0|0|0|0|0|0|0|0|0|0|0|0|0|0|0|0|0|0|0|0|0|0|0|0|0|0|0|0|0|0|0|0|0|0|0|0|0|0|0|0|0|0|0|0|0|0|0|0|0|0|0|0|0|0|0|0|0|0|0|0|0|0|0|0|0|0|0|0|0|0|0|0|0|0|0|0|0|0|0|0|0|0|0|0|0|0|0|0|0|0|0|0|0|0|0|0|0|0|0|0|0|0|0|0|0|0|0|0|0|0|0|0|0|0|0|0|0|0|0|0|0|0|0|0|0|0|0|0|0|0|0|0|0|0|0|0|0|0|0|0|0|0|0|0|0|0|0|0|0|0|0|0|0|0|0|0
DHCST|NY|000|05|0212295|50|50|50|0|0|50|37|6|0|5|0|0|2|50|47|3|50|47|34|6|0|5|0|0|2|3|3|0|0|0|0|0|0|52|39|6|2|5|0|0|52|49|36|6|2|5|0|0|3|3|0|0|0|0|0|50|48|37|6|0|5|0|0|2|2|0|2|0|0|0|0|0|0|0|0|0|0|0|0|0|0|0|0|0|0|0|0|0|0|0|0|0|0|0|0|0|0|0|0|0|0|0|0|0|0|0|0|0|0|0|0|0|0|0|0|0|0|0|0|0|0|0|0|0|0|0|50|3|47|45|34|6|0|5|0|0|2|2|0|2|0|0|0|0|0|0|0|0|0|0|0|0|0|0|0|0|0|0|0|0|0|0|0|0|0|0|0|0|0|0|0|0|0|0|0|0|0|0|0|0|0|0|0|0|0|0|0|0|0|0|0|0|0|0|0|0|0|0|0
DHCST|NY|000|05|0212296|0|0|0|0|0|0|0|0|0|0|0|0|0|0|0|0|0|0|0|0|0|0|0|0|0|0|0|0|0|0|0|0|0|0|0|0|0|0|0|0|0|0|0|0|0|0|0|0|0|0|0|0|0|0|0|0|0|0|0|0|0|0|0|0|0|0|0|0|0|0|0|0|0|0|0|0|0|0|0|0|0|0|0|0|0|0|0|0|0|0|0|0|0|0|0|0|0|0|0|0|0|0|0|0|0|0|0|0|0|0|0|0|0|0|0|0|0|0|0|0|0|0|0|0|0|0|0|0|0|0|0|0|0|0|0|0|0|0|0|0|0|0|0|0|0|0|0|0|0|0|0|0|0|0|0|0|0|0|0|0|0|0|0|0|0|0|0|0|0|0|0|0|0|0|0|0|0|0|0|0|0|0|0|0|0|0|0|0|0|0|0|0|0|0|0|0|0|0|0
DHCST|NY|000|05|0212297|0|0|0|0|0|0|0|0|0|0|0|0|0|0|0|0|0|0|0|0|0|0|0|0|0|0|0|0|0|0|0|0|0|0|0|0|0|0|0|0|0|0|0|0|0|0|0|0|0|0|0|0|0|0|0|0|0|0|0|0|0|0|0|0|0|0|0|0|0|0|0|0|0|0|0|0|0|0|0|0|0|0|0|0|0|0|0|0|0|0|0|0|0|0|0|0|0|0|0|0|0|0|0|0|0|0|0|0|0|0|0|0|0|0|0|0|0|0|0|0|0|0|0|0|0|0|0|0|0|0|0|0|0|0|0|0|0|0|0|0|0|0|0|0|0|0|0|0|0|0|0|0|0|0|0|0|0|0|0|0|0|0|0|0|0|0|0|0|0|0|0|0|0|0|0|0|0|0|0|0|0|0|0|0|0|0|0|0|0|0|0|0|0|0|0|0|0|0|0
DHCST|NY|000|05|0212298|0|0|0|0|0|0|0|0|0|0|0|0|0|0|0|0|0|0|0|0|0|0|0|0|0|0|0|0|0|0|0|0|0|0|0|0|0|0|0|0|0|0|0|0|0|0|0|0|0|0|0|0|0|0|0|0|0|0|0|0|0|0|0|0|0|0|0|0|0|0|0|0|0|0|0|0|0|0|0|0|0|0|0|0|0|0|0|0|0|0|0|0|0|0|0|0|0|0|0|0|0|0|0|0|0|0|0|0|0|0|0|0|0|0|0|0|0|0|0|0|0|0|0|0|0|0|0|0|0|0|0|0|0|0|0|0|0|0|0|0|0|0|0|0|0|0|0|0|0|0|0|0|0|0|0|0|0|0|0|0|0|0|0|0|0|0|0|0|0|0|0|0|0|0|0|0|0|0|0|0|0|0|0|0|0|0|0|0|0|0|0|0|0|0|0|0|0|0|0
DHCST|NY|000|05|0212299|0|0|0|0|0|0|0|0|0|0|0|0|0|0|0|0|0|0|0|0|0|0|0|0|0|0|0|0|0|0|0|0|0|0|0|0|0|0|0|0|0|0|0|0|0|0|0|0|0|0|0|0|0|0|0|0|0|0|0|0|0|0|0|0|0|0|0|0|0|0|0|0|0|0|0|0|0|0|0|0|0|0|0|0|0|0|0|0|0|0|0|0|0|0|0|0|0|0|0|0|0|0|0|0|0|0|0|0|0|0|0|0|0|0|0|0|0|0|0|0|0|0|0|0|0|0|0|0|0|0|0|0|0|0|0|0|0|0|0|0|0|0|0|0|0|0|0|0|0|0|0|0|0|0|0|0|0|0|0|0|0|0|0|0|0|0|0|0|0|0|0|0|0|0|0|0|0|0|0|0|0|0|0|0|0|0|0|0|0|0|0|0|0|0|0|0|0|0|0
DHCST|NY|000|05|0212300|0|0|0|0|0|0|0|0|0|0|0|0|0|0|0|0|0|0|0|0|0|0|0|0|0|0|0|0|0|0|0|0|0|0|0|0|0|0|0|0|0|0|0|0|0|0|0|0|0|0|0|0|0|0|0|0|0|0|0|0|0|0|0|0|0|0|0|0|0|0|0|0|0|0|0|0|0|0|0|0|0|0|0|0|0|0|0|0|0|0|0|0|0|0|0|0|0|0|0|0|0|0|0|0|0|0|0|0|0|0|0|0|0|0|0|0|0|0|0|0|0|0|0|0|0|0|0|0|0|0|0|0|0|0|0|0|0|0|0|0|0|0|0|0|0|0|0|0|0|0|0|0|0|0|0|0|0|0|0|0|0|0|0|0|0|0|0|0|0|0|0|0|0|0|0|0|0|0|0|0|0|0|0|0|0|0|0|0|0|0|0|0|0|0|0|0|0|0|0
DHCST|NY|000|05|0212301|0|0|0|0|0|0|0|0|0|0|0|0|0|0|0|0|0|0|0|0|0|0|0|0|0|0|0|0|0|0|0|0|0|0|0|0|0|0|0|0|0|0|0|0|0|0|0|0|0|0|0|0|0|0|0|0|0|0|0|0|0|0|0|0|0|0|0|0|0|0|0|0|0|0|0|0|0|0|0|0|0|0|0|0|0|0|0|0|0|0|0|0|0|0|0|0|0|0|0|0|0|0|0|0|0|0|0|0|0|0|0|0|0|0|0|0|0|0|0|0|0|0|0|0|0|0|0|0|0|0|0|0|0|0|0|0|0|0|0|0|0|0|0|0|0|0|0|0|0|0|0|0|0|0|0|0|0|0|0|0|0|0|0|0|0|0|0|0|0|0|0|0|0|0|0|0|0|0|0|0|0|0|0|0|0|0|0|0|0|0|0|0|0|0|0|0|0|0|0
DHCST|NY|000|05|0212302|0|0|0|0|0|0|0|0|0|0|0|0|0|0|0|0|0|0|0|0|0|0|0|0|0|0|0|0|0|0|0|0|0|0|0|0|0|0|0|0|0|0|0|0|0|0|0|0|0|0|0|0|0|0|0|0|0|0|0|0|0|0|0|0|0|0|0|0|0|0|0|0|0|0|0|0|0|0|0|0|0|0|0|0|0|0|0|0|0|0|0|0|0|0|0|0|0|0|0|0|0|0|0|0|0|0|0|0|0|0|0|0|0|0|0|0|0|0|0|0|0|0|0|0|0|0|0|0|0|0|0|0|0|0|0|0|0|0|0|0|0|0|0|0|0|0|0|0|0|0|0|0|0|0|0|0|0|0|0|0|0|0|0|0|0|0|0|0|0|0|0|0|0|0|0|0|0|0|0|0|0|0|0|0|0|0|0|0|0|0|0|0|0|0|0|0|0|0|0
DHCST|NY|000|05|0212303|0|0|0|0|0|0|0|0|0|0|0|0|0|0|0|0|0|0|0|0|0|0|0|0|0|0|0|0|0|0|0|0|0|0|0|0|0|0|0|0|0|0|0|0|0|0|0|0|0|0|0|0|0|0|0|0|0|0|0|0|0|0|0|0|0|0|0|0|0|0|0|0|0|0|0|0|0|0|0|0|0|0|0|0|0|0|0|0|0|0|0|0|0|0|0|0|0|0|0|0|0|0|0|0|0|0|0|0|0|0|0|0|0|0|0|0|0|0|0|0|0|0|0|0|0|0|0|0|0|0|0|0|0|0|0|0|0|0|0|0|0|0|0|0|0|0|0|0|0|0|0|0|0|0|0|0|0|0|0|0|0|0|0|0|0|0|0|0|0|0|0|0|0|0|0|0|0|0|0|0|0|0|0|0|0|0|0|0|0|0|0|0|0|0|0|0|0|0|0
DHCST|NY|000|05|0212304|0|0|0|0|0|0|0|0|0|0|0|0|0|0|0|0|0|0|0|0|0|0|0|0|0|0|0|0|0|0|0|0|0|0|0|0|0|0|0|0|0|0|0|0|0|0|0|0|0|0|0|0|0|0|0|0|0|0|0|0|0|0|0|0|0|0|0|0|0|0|0|0|0|0|0|0|0|0|0|0|0|0|0|0|0|0|0|0|0|0|0|0|0|0|0|0|0|0|0|0|0|0|0|0|0|0|0|0|0|0|0|0|0|0|0|0|0|0|0|0|0|0|0|0|0|0|0|0|0|0|0|0|0|0|0|0|0|0|0|0|0|0|0|0|0|0|0|0|0|0|0|0|0|0|0|0|0|0|0|0|0|0|0|0|0|0|0|0|0|0|0|0|0|0|0|0|0|0|0|0|0|0|0|0|0|0|0|0|0|0|0|0|0|0|0|0|0|0|0
DHCST|NY|000|05|0212305|0|0|0|0|0|0|0|0|0|0|0|0|0|0|0|0|0|0|0|0|0|0|0|0|0|0|0|0|0|0|0|0|0|0|0|0|0|0|0|0|0|0|0|0|0|0|0|0|0|0|0|0|0|0|0|0|0|0|0|0|0|0|0|0|0|0|0|0|0|0|0|0|0|0|0|0|0|0|0|0|0|0|0|0|0|0|0|0|0|0|0|0|0|0|0|0|0|0|0|0|0|0|0|0|0|0|0|0|0|0|0|0|0|0|0|0|0|0|0|0|0|0|0|0|0|0|0|0|0|0|0|0|0|0|0|0|0|0|0|0|0|0|0|0|0|0|0|0|0|0|0|0|0|0|0|0|0|0|0|0|0|0|0|0|0|0|0|0|0|0|0|0|0|0|0|0|0|0|0|0|0|0|0|0|0|0|0|0|0|0|0|0|0|0|0|0|0|0|0
DHCST|NY|000|05|0212306|0|0|0|0|0|0|0|0|0|0|0|0|0|0|0|0|0|0|0|0|0|0|0|0|0|0|0|0|0|0|0|0|0|0|0|0|0|0|0|0|0|0|0|0|0|0|0|0|0|0|0|0|0|0|0|0|0|0|0|0|0|0|0|0|0|0|0|0|0|0|0|0|0|0|0|0|0|0|0|0|0|0|0|0|0|0|0|0|0|0|0|0|0|0|0|0|0|0|0|0|0|0|0|0|0|0|0|0|0|0|0|0|0|0|0|0|0|0|0|0|0|0|0|0|0|0|0|0|0|0|0|0|0|0|0|0|0|0|0|0|0|0|0|0|0|0|0|0|0|0|0|0|0|0|0|0|0|0|0|0|0|0|0|0|0|0|0|0|0|0|0|0|0|0|0|0|0|0|0|0|0|0|0|0|0|0|0|0|0|0|0|0|0|0|0|0|0|0|0
DHCST|NY|000|05|0212307|0|0|0|0|0|0|0|0|0|0|0|0|0|0|0|0|0|0|0|0|0|0|0|0|0|0|0|0|0|0|0|0|0|0|0|0|0|0|0|0|0|0|0|0|0|0|0|0|0|0|0|0|0|0|0|0|0|0|0|0|0|0|0|0|0|0|0|0|0|0|0|0|0|0|0|0|0|0|0|0|0|0|0|0|0|0|0|0|0|0|0|0|0|0|0|0|0|0|0|0|0|0|0|0|0|0|0|0|0|0|0|0|0|0|0|0|0|0|0|0|0|0|0|0|0|0|0|0|0|0|0|0|0|0|0|0|0|0|0|0|0|0|0|0|0|0|0|0|0|0|0|0|0|0|0|0|0|0|0|0|0|0|0|0|0|0|0|0|0|0|0|0|0|0|0|0|0|0|0|0|0|0|0|0|0|0|0|0|0|0|0|0|0|0|0|0|0|0|0
DHCST|NY|000|05|0212308|0|0|0|0|0|0|0|0|0|0|0|0|0|0|0|0|0|0|0|0|0|0|0|0|0|0|0|0|0|0|0|0|0|0|0|0|0|0|0|0|0|0|0|0|0|0|0|0|0|0|0|0|0|0|0|0|0|0|0|0|0|0|0|0|0|0|0|0|0|0|0|0|0|0|0|0|0|0|0|0|0|0|0|0|0|0|0|0|0|0|0|0|0|0|0|0|0|0|0|0|0|0|0|0|0|0|0|0|0|0|0|0|0|0|0|0|0|0|0|0|0|0|0|0|0|0|0|0|0|0|0|0|0|0|0|0|0|0|0|0|0|0|0|0|0|0|0|0|0|0|0|0|0|0|0|0|0|0|0|0|0|0|0|0|0|0|0|0|0|0|0|0|0|0|0|0|0|0|0|0|0|0|0|0|0|0|0|0|0|0|0|0|0|0|0|0|0|0|0
DHCST|NY|000|05|0212309|0|0|0|0|0|0|0|0|0|0|0|0|0|0|0|0|0|0|0|0|0|0|0|0|0|0|0|0|0|0|0|0|0|0|0|0|0|0|0|0|0|0|0|0|0|0|0|0|0|0|0|0|0|0|0|0|0|0|0|0|0|0|0|0|0|0|0|0|0|0|0|0|0|0|0|0|0|0|0|0|0|0|0|0|0|0|0|0|0|0|0|0|0|0|0|0|0|0|0|0|0|0|0|0|0|0|0|0|0|0|0|0|0|0|0|0|0|0|0|0|0|0|0|0|0|0|0|0|0|0|0|0|0|0|0|0|0|0|0|0|0|0|0|0|0|0|0|0|0|0|0|0|0|0|0|0|0|0|0|0|0|0|0|0|0|0|0|0|0|0|0|0|0|0|0|0|0|0|0|0|0|0|0|0|0|0|0|0|0|0|0|0|0|0|0|0|0|0|0
DHCST|NY|000|05|0212310|0|0|0|0|0|0|0|0|0|0|0|0|0|0|0|0|0|0|0|0|0|0|0|0|0|0|0|0|0|0|0|0|0|0|0|0|0|0|0|0|0|0|0|0|0|0|0|0|0|0|0|0|0|0|0|0|0|0|0|0|0|0|0|0|0|0|0|0|0|0|0|0|0|0|0|0|0|0|0|0|0|0|0|0|0|0|0|0|0|0|0|0|0|0|0|0|0|0|0|0|0|0|0|0|0|0|0|0|0|0|0|0|0|0|0|0|0|0|0|0|0|0|0|0|0|0|0|0|0|0|0|0|0|0|0|0|0|0|0|0|0|0|0|0|0|0|0|0|0|0|0|0|0|0|0|0|0|0|0|0|0|0|0|0|0|0|0|0|0|0|0|0|0|0|0|0|0|0|0|0|0|0|0|0|0|0|0|0|0|0|0|0|0|0|0|0|0|0|0
DHCST|NY|000|05|0212311|0|0|0|0|0|0|0|0|0|0|0|0|0|0|0|0|0|0|0|0|0|0|0|0|0|0|0|0|0|0|0|0|0|0|0|0|0|0|0|0|0|0|0|0|0|0|0|0|0|0|0|0|0|0|0|0|0|0|0|0|0|0|0|0|0|0|0|0|0|0|0|0|0|0|0|0|0|0|0|0|0|0|0|0|0|0|0|0|0|0|0|0|0|0|0|0|0|0|0|0|0|0|0|0|0|0|0|0|0|0|0|0|0|0|0|0|0|0|0|0|0|0|0|0|0|0|0|0|0|0|0|0|0|0|0|0|0|0|0|0|0|0|0|0|0|0|0|0|0|0|0|0|0|0|0|0|0|0|0|0|0|0|0|0|0|0|0|0|0|0|0|0|0|0|0|0|0|0|0|0|0|0|0|0|0|0|0|0|0|0|0|0|0|0|0|0|0|0|0
DHCST|NY|000|05|0212312|0|0|0|0|0|0|0|0|0|0|0|0|0|0|0|0|0|0|0|0|0|0|0|0|0|0|0|0|0|0|0|0|0|0|0|0|0|0|0|0|0|0|0|0|0|0|0|0|0|0|0|0|0|0|0|0|0|0|0|0|0|0|0|0|0|0|0|0|0|0|0|0|0|0|0|0|0|0|0|0|0|0|0|0|0|0|0|0|0|0|0|0|0|0|0|0|0|0|0|0|0|0|0|0|0|0|0|0|0|0|0|0|0|0|0|0|0|0|0|0|0|0|0|0|0|0|0|0|0|0|0|0|0|0|0|0|0|0|0|0|0|0|0|0|0|0|0|0|0|0|0|0|0|0|0|0|0|0|0|0|0|0|0|0|0|0|0|0|0|0|0|0|0|0|0|0|0|0|0|0|0|0|0|0|0|0|0|0|0|0|0|0|0|0|0|0|0|0|0
DHCST|NY|000|05|0212313|0|0|0|0|0|0|0|0|0|0|0|0|0|0|0|0|0|0|0|0|0|0|0|0|0|0|0|0|0|0|0|0|0|0|0|0|0|0|0|0|0|0|0|0|0|0|0|0|0|0|0|0|0|0|0|0|0|0|0|0|0|0|0|0|0|0|0|0|0|0|0|0|0|0|0|0|0|0|0|0|0|0|0|0|0|0|0|0|0|0|0|0|0|0|0|0|0|0|0|0|0|0|0|0|0|0|0|0|0|0|0|0|0|0|0|0|0|0|0|0|0|0|0|0|0|0|0|0|0|0|0|0|0|0|0|0|0|0|0|0|0|0|0|0|0|0|0|0|0|0|0|0|0|0|0|0|0|0|0|0|0|0|0|0|0|0|0|0|0|0|0|0|0|0|0|0|0|0|0|0|0|0|0|0|0|0|0|0|0|0|0|0|0|0|0|0|0|0|0
DHCST|NY|000|05|0212314|0|0|0|0|0|0|0|0|0|0|0|0|0|0|0|0|0|0|0|0|0|0|0|0|0|0|0|0|0|0|0|0|0|0|0|0|0|0|0|0|0|0|0|0|0|0|0|0|0|0|0|0|0|0|0|0|0|0|0|0|0|0|0|0|0|0|0|0|0|0|0|0|0|0|0|0|0|0|0|0|0|0|0|0|0|0|0|0|0|0|0|0|0|0|0|0|0|0|0|0|0|0|0|0|0|0|0|0|0|0|0|0|0|0|0|0|0|0|0|0|0|0|0|0|0|0|0|0|0|0|0|0|0|0|0|0|0|0|0|0|0|0|0|0|0|0|0|0|0|0|0|0|0|0|0|0|0|0|0|0|0|0|0|0|0|0|0|0|0|0|0|0|0|0|0|0|0|0|0|0|0|0|0|0|0|0|0|0|0|0|0|0|0|0|0|0|0|0|0
DHCST|NY|000|05|0212315|0|0|0|0|0|0|0|0|0|0|0|0|0|0|0|0|0|0|0|0|0|0|0|0|0|0|0|0|0|0|0|0|0|0|0|0|0|0|0|0|0|0|0|0|0|0|0|0|0|0|0|0|0|0|0|0|0|0|0|0|0|0|0|0|0|0|0|0|0|0|0|0|0|0|0|0|0|0|0|0|0|0|0|0|0|0|0|0|0|0|0|0|0|0|0|0|0|0|0|0|0|0|0|0|0|0|0|0|0|0|0|0|0|0|0|0|0|0|0|0|0|0|0|0|0|0|0|0|0|0|0|0|0|0|0|0|0|0|0|0|0|0|0|0|0|0|0|0|0|0|0|0|0|0|0|0|0|0|0|0|0|0|0|0|0|0|0|0|0|0|0|0|0|0|0|0|0|0|0|0|0|0|0|0|0|0|0|0|0|0|0|0|0|0|0|0|0|0|0
DHCST|NY|000|05|0212316|0|0|0|0|0|0|0|0|0|0|0|0|0|0|0|0|0|0|0|0|0|0|0|0|0|0|0|0|0|0|0|0|0|0|0|0|0|0|0|0|0|0|0|0|0|0|0|0|0|0|0|0|0|0|0|0|0|0|0|0|0|0|0|0|0|0|0|0|0|0|0|0|0|0|0|0|0|0|0|0|0|0|0|0|0|0|0|0|0|0|0|0|0|0|0|0|0|0|0|0|0|0|0|0|0|0|0|0|0|0|0|0|0|0|0|0|0|0|0|0|0|0|0|0|0|0|0|0|0|0|0|0|0|0|0|0|0|0|0|0|0|0|0|0|0|0|0|0|0|0|0|0|0|0|0|0|0|0|0|0|0|0|0|0|0|0|0|0|0|0|0|0|0|0|0|0|0|0|0|0|0|0|0|0|0|0|0|0|0|0|0|0|0|0|0|0|0|0|0
DHCST|NY|000|05|0212317|0|0|0|0|0|0|0|0|0|0|0|0|0|0|0|0|0|0|0|0|0|0|0|0|0|0|0|0|0|0|0|0|0|0|0|0|0|0|0|0|0|0|0|0|0|0|0|0|0|0|0|0|0|0|0|0|0|0|0|0|0|0|0|0|0|0|0|0|0|0|0|0|0|0|0|0|0|0|0|0|0|0|0|0|0|0|0|0|0|0|0|0|0|0|0|0|0|0|0|0|0|0|0|0|0|0|0|0|0|0|0|0|0|0|0|0|0|0|0|0|0|0|0|0|0|0|0|0|0|0|0|0|0|0|0|0|0|0|0|0|0|0|0|0|0|0|0|0|0|0|0|0|0|0|0|0|0|0|0|0|0|0|0|0|0|0|0|0|0|0|0|0|0|0|0|0|0|0|0|0|0|0|0|0|0|0|0|0|0|0|0|0|0|0|0|0|0|0|0
DHCST|NY|000|05|0212318|0|0|0|0|0|0|0|0|0|0|0|0|0|0|0|0|0|0|0|0|0|0|0|0|0|0|0|0|0|0|0|0|0|0|0|0|0|0|0|0|0|0|0|0|0|0|0|0|0|0|0|0|0|0|0|0|0|0|0|0|0|0|0|0|0|0|0|0|0|0|0|0|0|0|0|0|0|0|0|0|0|0|0|0|0|0|0|0|0|0|0|0|0|0|0|0|0|0|0|0|0|0|0|0|0|0|0|0|0|0|0|0|0|0|0|0|0|0|0|0|0|0|0|0|0|0|0|0|0|0|0|0|0|0|0|0|0|0|0|0|0|0|0|0|0|0|0|0|0|0|0|0|0|0|0|0|0|0|0|0|0|0|0|0|0|0|0|0|0|0|0|0|0|0|0|0|0|0|0|0|0|0|0|0|0|0|0|0|0|0|0|0|0|0|0|0|0|0|0
DHCST|NY|000|05|0212319|0|0|0|0|0|0|0|0|0|0|0|0|0|0|0|0|0|0|0|0|0|0|0|0|0|0|0|0|0|0|0|0|0|0|0|0|0|0|0|0|0|0|0|0|0|0|0|0|0|0|0|0|0|0|0|0|0|0|0|0|0|0|0|0|0|0|0|0|0|0|0|0|0|0|0|0|0|0|0|0|0|0|0|0|0|0|0|0|0|0|0|0|0|0|0|0|0|0|0|0|0|0|0|0|0|0|0|0|0|0|0|0|0|0|0|0|0|0|0|0|0|0|0|0|0|0|0|0|0|0|0|0|0|0|0|0|0|0|0|0|0|0|0|0|0|0|0|0|0|0|0|0|0|0|0|0|0|0|0|0|0|0|0|0|0|0|0|0|0|0|0|0|0|0|0|0|0|0|0|0|0|0|0|0|0|0|0|0|0|0|0|0|0|0|0|0|0|0|0
DHCST|NY|000|05|0212320|0|0|0|0|0|0|0|0|0|0|0|0|0|0|0|0|0|0|0|0|0|0|0|0|0|0|0|0|0|0|0|0|0|0|0|0|0|0|0|0|0|0|0|0|0|0|0|0|0|0|0|0|0|0|0|0|0|0|0|0|0|0|0|0|0|0|0|0|0|0|0|0|0|0|0|0|0|0|0|0|0|0|0|0|0|0|0|0|0|0|0|0|0|0|0|0|0|0|0|0|0|0|0|0|0|0|0|0|0|0|0|0|0|0|0|0|0|0|0|0|0|0|0|0|0|0|0|0|0|0|0|0|0|0|0|0|0|0|0|0|0|0|0|0|0|0|0|0|0|0|0|0|0|0|0|0|0|0|0|0|0|0|0|0|0|0|0|0|0|0|0|0|0|0|0|0|0|0|0|0|0|0|0|0|0|0|0|0|0|0|0|0|0|0|0|0|0|0|0
DHCST|NY|000|05|0212321|0|0|0|0|0|0|0|0|0|0|0|0|0|0|0|0|0|0|0|0|0|0|0|0|0|0|0|0|0|0|0|0|0|0|0|0|0|0|0|0|0|0|0|0|0|0|0|0|0|0|0|0|0|0|0|0|0|0|0|0|0|0|0|0|0|0|0|0|0|0|0|0|0|0|0|0|0|0|0|0|0|0|0|0|0|0|0|0|0|0|0|0|0|0|0|0|0|0|0|0|0|0|0|0|0|0|0|0|0|0|0|0|0|0|0|0|0|0|0|0|0|0|0|0|0|0|0|0|0|0|0|0|0|0|0|0|0|0|0|0|0|0|0|0|0|0|0|0|0|0|0|0|0|0|0|0|0|0|0|0|0|0|0|0|0|0|0|0|0|0|0|0|0|0|0|0|0|0|0|0|0|0|0|0|0|0|0|0|0|0|0|0|0|0|0|0|0|0|0
DHCST|NY|000|05|0212322|0|0|0|0|0|0|0|0|0|0|0|0|0|0|0|0|0|0|0|0|0|0|0|0|0|0|0|0|0|0|0|0|0|0|0|0|0|0|0|0|0|0|0|0|0|0|0|0|0|0|0|0|0|0|0|0|0|0|0|0|0|0|0|0|0|0|0|0|0|0|0|0|0|0|0|0|0|0|0|0|0|0|0|0|0|0|0|0|0|0|0|0|0|0|0|0|0|0|0|0|0|0|0|0|0|0|0|0|0|0|0|0|0|0|0|0|0|0|0|0|0|0|0|0|0|0|0|0|0|0|0|0|0|0|0|0|0|0|0|0|0|0|0|0|0|0|0|0|0|0|0|0|0|0|0|0|0|0|0|0|0|0|0|0|0|0|0|0|0|0|0|0|0|0|0|0|0|0|0|0|0|0|0|0|0|0|0|0|0|0|0|0|0|0|0|0|0|0|0
DHCST|NY|000|05|0212323|0|0|0|0|0|0|0|0|0|0|0|0|0|0|0|0|0|0|0|0|0|0|0|0|0|0|0|0|0|0|0|0|0|0|0|0|0|0|0|0|0|0|0|0|0|0|0|0|0|0|0|0|0|0|0|0|0|0|0|0|0|0|0|0|0|0|0|0|0|0|0|0|0|0|0|0|0|0|0|0|0|0|0|0|0|0|0|0|0|0|0|0|0|0|0|0|0|0|0|0|0|0|0|0|0|0|0|0|0|0|0|0|0|0|0|0|0|0|0|0|0|0|0|0|0|0|0|0|0|0|0|0|0|0|0|0|0|0|0|0|0|0|0|0|0|0|0|0|0|0|0|0|0|0|0|0|0|0|0|0|0|0|0|0|0|0|0|0|0|0|0|0|0|0|0|0|0|0|0|0|0|0|0|0|0|0|0|0|0|0|0|0|0|0|0|0|0|0|0
DHCST|NY|000|05|0212324|0|0|0|0|0|0|0|0|0|0|0|0|0|0|0|0|0|0|0|0|0|0|0|0|0|0|0|0|0|0|0|0|0|0|0|0|0|0|0|0|0|0|0|0|0|0|0|0|0|0|0|0|0|0|0|0|0|0|0|0|0|0|0|0|0|0|0|0|0|0|0|0|0|0|0|0|0|0|0|0|0|0|0|0|0|0|0|0|0|0|0|0|0|0|0|0|0|0|0|0|0|0|0|0|0|0|0|0|0|0|0|0|0|0|0|0|0|0|0|0|0|0|0|0|0|0|0|0|0|0|0|0|0|0|0|0|0|0|0|0|0|0|0|0|0|0|0|0|0|0|0|0|0|0|0|0|0|0|0|0|0|0|0|0|0|0|0|0|0|0|0|0|0|0|0|0|0|0|0|0|0|0|0|0|0|0|0|0|0|0|0|0|0|0|0|0|0|0|0
DHCST|NY|000|05|0212325|0|0|0|0|0|0|0|0|0|0|0|0|0|0|0|0|0|0|0|0|0|0|0|0|0|0|0|0|0|0|0|0|0|0|0|0|0|0|0|0|0|0|0|0|0|0|0|0|0|0|0|0|0|0|0|0|0|0|0|0|0|0|0|0|0|0|0|0|0|0|0|0|0|0|0|0|0|0|0|0|0|0|0|0|0|0|0|0|0|0|0|0|0|0|0|0|0|0|0|0|0|0|0|0|0|0|0|0|0|0|0|0|0|0|0|0|0|0|0|0|0|0|0|0|0|0|0|0|0|0|0|0|0|0|0|0|0|0|0|0|0|0|0|0|0|0|0|0|0|0|0|0|0|0|0|0|0|0|0|0|0|0|0|0|0|0|0|0|0|0|0|0|0|0|0|0|0|0|0|0|0|0|0|0|0|0|0|0|0|0|0|0|0|0|0|0|0|0|0
DHCST|NY|000|05|0212326|39|39|39|0|0|39|23|10|0|4|0|0|2|39|38|1|39|38|23|10|0|4|0|0|1|1|0|0|0|0|0|0|1|44|25|11|1|5|1|1|44|42|24|11|1|5|1|0|2|1|0|0|0|0|1|39|37|23|10|0|4|0|0|2|1|0|0|0|0|1|0|0|0|0|0|0|0|0|0|0|0|0|0|0|0|0|0|0|0|0|0|0|0|0|0|0|0|0|0|0|0|0|0|0|0|0|0|0|0|0|0|0|0|0|0|0|0|1|1|0|0|0|0|0|0|0|39|1|38|37|23|10|0|4|0|0|1|0|0|0|0|0|0|0|0|0|0|0|0|0|0|0|0|0|0|0|0|0|0|0|0|0|0|0|0|0|0|0|0|0|0|0|0|0|0|0|0|0|0|0|0|0|0|0|0|0|0|0|0|0|1|1|0|0|0|0|0|0|0
DHCST|NY|000|05|0212327|20|20|20|0|0|20|13|0|0|0|0|1|6|20|17|3|20|17|11|0|0|0|0|1|5|3|2|0|0|0|0|0|1|26|19|1|3|0|0|3|26|22|16|1|2|0|0|3|4|3|0|1|0|0|0|20|14|13|0|0|0|0|1|6|6|1|3|0|0|2|0|0|0|0|0|0|0|0|0|0|0|0|0|0|0|0|0|0|0|0|0|0|0|0|0|0|0|0|0|0|0|0|0|0|0|0|0|0|0|0|0|0|0|0|0|0|0|0|0|0|0|0|0|0|0|0|20|3|17|12|11|0|0|0|0|1|5|5|1|2|0|0|2|0|0|0|0|0|0|0|0|0|0|0|0|0|0|0|0|0|0|0|0|0|0|0|0|0|0|0|0|0|0|0|0|0|0|0|0|0|0|0|0|0|0|0|0|0|0|0|0|0|0|0|0|0|0|0|0
DHCST|NY|000|05|0212328|29|29|29|0|0|29|26|1|2|0|0|0|0|29|29|0|29|29|26|1|2|0|0|0|0|0|0|0|0|0|0|0|0|29|26|1|2|0|0|0|29|29|26|1|2|0|0|0|0|0|0|0|0|0|0|29|29|26|1|2|0|0|0|0|0|0|0|0|0|0|0|0|0|0|0|0|0|0|0|0|0|0|0|0|0|0|0|0|0|0|0|0|0|0|0|0|0|0|0|0|0|0|0|0|0|0|0|0|0|0|0|0|0|0|0|0|0|0|0|0|0|0|0|0|0|0|29|0|29|29|26|1|2|0|0|0|0|0|0|0|0|0|0|0|0|0|0|0|0|0|0|0|0|0|0|0|0|0|0|0|0|0|0|0|0|0|0|0|0|0|0|0|0|0|0|0|0|0|0|0|0|0|0|0|0|0|0|0|0|0|0|0|0|0|0|0|0|0|0
DHCST|NY|000|05|0212329|0|0|0|0|0|0|0|0|0|0|0|0|0|0|0|0|0|0|0|0|0|0|0|0|0|0|0|0|0|0|0|0|0|0|0|0|0|0|0|0|0|0|0|0|0|0|0|0|0|0|0|0|0|0|0|0|0|0|0|0|0|0|0|0|0|0|0|0|0|0|0|0|0|0|0|0|0|0|0|0|0|0|0|0|0|0|0|0|0|0|0|0|0|0|0|0|0|0|0|0|0|0|0|0|0|0|0|0|0|0|0|0|0|0|0|0|0|0|0|0|0|0|0|0|0|0|0|0|0|0|0|0|0|0|0|0|0|0|0|0|0|0|0|0|0|0|0|0|0|0|0|0|0|0|0|0|0|0|0|0|0|0|0|0|0|0|0|0|0|0|0|0|0|0|0|0|0|0|0|0|0|0|0|0|0|0|0|0|0|0|0|0|0|0|0|0|0|0|0
DHCST|NY|000|05|0212330|0|0|0|0|0|0|0|0|0|0|0|0|0|0|0|0|0|0|0|0|0|0|0|0|0|0|0|0|0|0|0|0|0|0|0|0|0|0|0|0|0|0|0|0|0|0|0|0|0|0|0|0|0|0|0|0|0|0|0|0|0|0|0|0|0|0|0|0|0|0|0|0|0|0|0|0|0|0|0|0|0|0|0|0|0|0|0|0|0|0|0|0|0|0|0|0|0|0|0|0|0|0|0|0|0|0|0|0|0|0|0|0|0|0|0|0|0|0|0|0|0|0|0|0|0|0|0|0|0|0|0|0|0|0|0|0|0|0|0|0|0|0|0|0|0|0|0|0|0|0|0|0|0|0|0|0|0|0|0|0|0|0|0|0|0|0|0|0|0|0|0|0|0|0|0|0|0|0|0|0|0|0|0|0|0|0|0|0|0|0|0|0|0|0|0|0|0|0|0
DHCST|NY|000|05|0212331|0|0|0|0|0|0|0|0|0|0|0|0|0|0|0|0|0|0|0|0|0|0|0|0|0|0|0|0|0|0|0|0|0|0|0|0|0|0|0|0|0|0|0|0|0|0|0|0|0|0|0|0|0|0|0|0|0|0|0|0|0|0|0|0|0|0|0|0|0|0|0|0|0|0|0|0|0|0|0|0|0|0|0|0|0|0|0|0|0|0|0|0|0|0|0|0|0|0|0|0|0|0|0|0|0|0|0|0|0|0|0|0|0|0|0|0|0|0|0|0|0|0|0|0|0|0|0|0|0|0|0|0|0|0|0|0|0|0|0|0|0|0|0|0|0|0|0|0|0|0|0|0|0|0|0|0|0|0|0|0|0|0|0|0|0|0|0|0|0|0|0|0|0|0|0|0|0|0|0|0|0|0|0|0|0|0|0|0|0|0|0|0|0|0|0|0|0|0|0
DHCST|NY|000|05|0212332|0|0|0|0|0|0|0|0|0|0|0|0|0|0|0|0|0|0|0|0|0|0|0|0|0|0|0|0|0|0|0|0|0|0|0|0|0|0|0|0|0|0|0|0|0|0|0|0|0|0|0|0|0|0|0|0|0|0|0|0|0|0|0|0|0|0|0|0|0|0|0|0|0|0|0|0|0|0|0|0|0|0|0|0|0|0|0|0|0|0|0|0|0|0|0|0|0|0|0|0|0|0|0|0|0|0|0|0|0|0|0|0|0|0|0|0|0|0|0|0|0|0|0|0|0|0|0|0|0|0|0|0|0|0|0|0|0|0|0|0|0|0|0|0|0|0|0|0|0|0|0|0|0|0|0|0|0|0|0|0|0|0|0|0|0|0|0|0|0|0|0|0|0|0|0|0|0|0|0|0|0|0|0|0|0|0|0|0|0|0|0|0|0|0|0|0|0|0|0
DHCST|NY|000|05|0212333|0|0|0|0|0|0|0|0|0|0|0|0|0|0|0|0|0|0|0|0|0|0|0|0|0|0|0|0|0|0|0|0|0|0|0|0|0|0|0|0|0|0|0|0|0|0|0|0|0|0|0|0|0|0|0|0|0|0|0|0|0|0|0|0|0|0|0|0|0|0|0|0|0|0|0|0|0|0|0|0|0|0|0|0|0|0|0|0|0|0|0|0|0|0|0|0|0|0|0|0|0|0|0|0|0|0|0|0|0|0|0|0|0|0|0|0|0|0|0|0|0|0|0|0|0|0|0|0|0|0|0|0|0|0|0|0|0|0|0|0|0|0|0|0|0|0|0|0|0|0|0|0|0|0|0|0|0|0|0|0|0|0|0|0|0|0|0|0|0|0|0|0|0|0|0|0|0|0|0|0|0|0|0|0|0|0|0|0|0|0|0|0|0|0|0|0|0|0|0
DHCST|NY|000|05|0212334|0|0|0|0|0|0|0|0|0|0|0|0|0|0|0|0|0|0|0|0|0|0|0|0|0|0|0|0|0|0|0|0|0|0|0|0|0|0|0|0|0|0|0|0|0|0|0|0|0|0|0|0|0|0|0|0|0|0|0|0|0|0|0|0|0|0|0|0|0|0|0|0|0|0|0|0|0|0|0|0|0|0|0|0|0|0|0|0|0|0|0|0|0|0|0|0|0|0|0|0|0|0|0|0|0|0|0|0|0|0|0|0|0|0|0|0|0|0|0|0|0|0|0|0|0|0|0|0|0|0|0|0|0|0|0|0|0|0|0|0|0|0|0|0|0|0|0|0|0|0|0|0|0|0|0|0|0|0|0|0|0|0|0|0|0|0|0|0|0|0|0|0|0|0|0|0|0|0|0|0|0|0|0|0|0|0|0|0|0|0|0|0|0|0|0|0|0|0|0
DHCST|NY|000|05|0212335|0|0|0|0|0|0|0|0|0|0|0|0|0|0|0|0|0|0|0|0|0|0|0|0|0|0|0|0|0|0|0|0|0|0|0|0|0|0|0|0|0|0|0|0|0|0|0|0|0|0|0|0|0|0|0|0|0|0|0|0|0|0|0|0|0|0|0|0|0|0|0|0|0|0|0|0|0|0|0|0|0|0|0|0|0|0|0|0|0|0|0|0|0|0|0|0|0|0|0|0|0|0|0|0|0|0|0|0|0|0|0|0|0|0|0|0|0|0|0|0|0|0|0|0|0|0|0|0|0|0|0|0|0|0|0|0|0|0|0|0|0|0|0|0|0|0|0|0|0|0|0|0|0|0|0|0|0|0|0|0|0|0|0|0|0|0|0|0|0|0|0|0|0|0|0|0|0|0|0|0|0|0|0|0|0|0|0|0|0|0|0|0|0|0|0|0|0|0|0
DHCST|NY|000|05|0212336|0|0|0|0|0|0|0|0|0|0|0|0|0|0|0|0|0|0|0|0|0|0|0|0|0|0|0|0|0|0|0|0|0|0|0|0|0|0|0|0|0|0|0|0|0|0|0|0|0|0|0|0|0|0|0|0|0|0|0|0|0|0|0|0|0|0|0|0|0|0|0|0|0|0|0|0|0|0|0|0|0|0|0|0|0|0|0|0|0|0|0|0|0|0|0|0|0|0|0|0|0|0|0|0|0|0|0|0|0|0|0|0|0|0|0|0|0|0|0|0|0|0|0|0|0|0|0|0|0|0|0|0|0|0|0|0|0|0|0|0|0|0|0|0|0|0|0|0|0|0|0|0|0|0|0|0|0|0|0|0|0|0|0|0|0|0|0|0|0|0|0|0|0|0|0|0|0|0|0|0|0|0|0|0|0|0|0|0|0|0|0|0|0|0|0|0|0|0|0
DHCST|NY|000|05|0212337|78|78|78|0|0|78|68|1|1|6|0|1|1|78|76|2|78|76|67|1|1|6|0|1|0|2|1|0|0|0|0|0|1|79|68|1|1|7|0|2|79|76|67|1|1|6|0|1|3|1|0|0|1|0|1|78|77|68|1|1|6|0|1|1|1|0|0|0|0|0|0|0|0|0|0|0|0|0|1|0|0|0|0|0|0|0|0|0|0|0|0|0|0|0|0|0|0|0|0|0|0|0|0|0|0|0|0|0|0|0|0|0|0|0|0|0|0|0|0|0|0|0|0|0|0|0|78|2|76|76|67|1|1|6|0|1|0|0|0|0|0|0|0|0|0|0|0|0|0|0|0|0|0|0|0|0|0|0|0|0|0|0|0|0|0|0|0|0|0|0|0|0|0|0|0|0|0|0|0|0|0|0|0|0|0|0|0|0|0|0|0|0|0|0|0|0|0|0|0
DHCST|NY|000|05|0212338|4|4|4|0|0|4|3|0|0|0|0|0|1|4|3|1|4|3|3|0|0|0|0|0|0|1|0|0|0|0|0|0|1|5|4|0|0|0|0|1|5|3|3|0|0|0|0|0|2|1|0|0|0|0|1|4|3|3|0|0|0|0|0|1|1|0|0|0|0|1|0|0|0|0|0|0|0|0|0|0|0|0|0|0|0|0|0|0|0|0|0|0|0|0|0|0|0|0|0|0|0|0|0|0|0|0|0|0|0|0|0|0|0|0|0|0|0|0|0|0|0|0|0|0|0|0|4|1|3|3|3|0|0|0|0|0|0|0|0|0|0|0|0|0|0|0|0|0|0|0|0|0|0|0|0|0|0|0|0|0|0|0|0|0|0|0|0|0|0|0|0|0|0|0|0|0|0|0|0|0|0|0|0|0|0|0|0|0|0|0|0|0|0|0|0|0|0|0|0
DHCST|NY|000|05|0212339|0|0|0|0|0|0|0|0|0|0|0|0|0|0|0|0|0|0|0|0|0|0|0|0|0|0|0|0|0|0|0|0|0|0|0|0|0|0|0|0|0|0|0|0|0|0|0|0|0|0|0|0|0|0|0|0|0|0|0|0|0|0|0|0|0|0|0|0|0|0|0|0|0|0|0|0|0|0|0|0|0|0|0|0|0|0|0|0|0|0|0|0|0|0|0|0|0|0|0|0|0|0|0|0|0|0|0|0|0|0|0|0|0|0|0|0|0|0|0|0|0|0|0|0|0|0|0|0|0|0|0|0|0|0|0|0|0|0|0|0|0|0|0|0|0|0|0|0|0|0|0|0|0|0|0|0|0|0|0|0|0|0|0|0|0|0|0|0|0|0|0|0|0|0|0|0|0|0|0|0|0|0|0|0|0|0|0|0|0|0|0|0|0|0|0|0|0|0|0
DHCST|NY|000|05|0212340|199|199|199|0|0|199|157|18|0|11|0|5|8|199|183|16|199|183|151|18|0|11|0|0|3|16|6|0|0|0|0|5|5|207|165|18|3|11|0|10|207|186|154|18|3|11|0|0|21|11|0|0|0|0|10|199|191|157|18|0|11|0|5|8|8|0|3|0|0|5|0|0|0|0|0|0|0|0|0|0|0|0|0|0|0|0|0|0|0|0|0|0|0|0|0|0|0|0|0|0|0|0|0|0|0|0|0|0|0|0|0|0|0|0|0|0|0|0|0|0|0|0|0|0|0|0|199|16|183|180|151|18|0|11|0|0|3|3|0|3|0|0|0|0|0|0|0|0|0|0|0|0|0|0|0|0|0|0|0|0|0|0|0|0|0|0|0|0|0|0|0|0|0|0|0|0|0|0|0|0|0|0|0|0|0|0|0|0|0|0|0|0|0|0|0|0|0|0|0
DHCST|NY|000|05|0212341|51|51|51|0|0|51|47|0|0|0|0|0|4|51|51|0|51|51|47|0|0|0|0|0|4|0|0|0|0|0|0|0|0|56|51|1|1|2|0|1|56|56|51|1|1|2|0|1|0|0|0|0|0|0|0|51|47|47|0|0|0|0|0|4|3|0|0|2|0|1|0|0|0|0|0|0|0|0|0|0|1|1|0|0|0|0|0|0|0|0|0|0|0|0|0|0|0|0|0|0|0|0|0|0|0|0|0|0|0|0|0|0|0|0|0|0|0|0|0|0|0|0|0|0|0|0|51|0|51|47|47|0|0|0|0|0|4|3|0|0|2|0|1|0|0|0|0|0|0|0|0|0|0|1|1|0|0|0|0|0|0|0|0|0|0|0|0|0|0|0|0|0|0|0|0|0|0|0|0|0|0|0|0|0|0|0|0|0|0|0|0|0|0|0|0|0|0|0|0
DHCST|NY|000|05|0212342|0|0|0|0|0|0|0|0|0|0|0|0|0|0|0|0|0|0|0|0|0|0|0|0|0|0|0|0|0|0|0|0|0|0|0|0|0|0|0|0|0|0|0|0|0|0|0|0|0|0|0|0|0|0|0|0|0|0|0|0|0|0|0|0|0|0|0|0|0|0|0|0|0|0|0|0|0|0|0|0|0|0|0|0|0|0|0|0|0|0|0|0|0|0|0|0|0|0|0|0|0|0|0|0|0|0|0|0|0|0|0|0|0|0|0|0|0|0|0|0|0|0|0|0|0|0|0|0|0|0|0|0|0|0|0|0|0|0|0|0|0|0|0|0|0|0|0|0|0|0|0|0|0|0|0|0|0|0|0|0|0|0|0|0|0|0|0|0|0|0|0|0|0|0|0|0|0|0|0|0|0|0|0|0|0|0|0|0|0|0|0|0|0|0|0|0|0|0|0
DHCST|NY|000|05|0212343|0|0|0|0|0|0|0|0|0|0|0|0|0|0|0|0|0|0|0|0|0|0|0|0|0|0|0|0|0|0|0|0|0|0|0|0|0|0|0|0|0|0|0|0|0|0|0|0|0|0|0|0|0|0|0|0|0|0|0|0|0|0|0|0|0|0|0|0|0|0|0|0|0|0|0|0|0|0|0|0|0|0|0|0|0|0|0|0|0|0|0|0|0|0|0|0|0|0|0|0|0|0|0|0|0|0|0|0|0|0|0|0|0|0|0|0|0|0|0|0|0|0|0|0|0|0|0|0|0|0|0|0|0|0|0|0|0|0|0|0|0|0|0|0|0|0|0|0|0|0|0|0|0|0|0|0|0|0|0|0|0|0|0|0|0|0|0|0|0|0|0|0|0|0|0|0|0|0|0|0|0|0|0|0|0|0|0|0|0|0|0|0|0|0|0|0|0|0|0
DHCST|NY|000|05|0212344|0|0|0|0|0|0|0|0|0|0|0|0|0|0|0|0|0|0|0|0|0|0|0|0|0|0|0|0|0|0|0|0|0|0|0|0|0|0|0|0|0|0|0|0|0|0|0|0|0|0|0|0|0|0|0|0|0|0|0|0|0|0|0|0|0|0|0|0|0|0|0|0|0|0|0|0|0|0|0|0|0|0|0|0|0|0|0|0|0|0|0|0|0|0|0|0|0|0|0|0|0|0|0|0|0|0|0|0|0|0|0|0|0|0|0|0|0|0|0|0|0|0|0|0|0|0|0|0|0|0|0|0|0|0|0|0|0|0|0|0|0|0|0|0|0|0|0|0|0|0|0|0|0|0|0|0|0|0|0|0|0|0|0|0|0|0|0|0|0|0|0|0|0|0|0|0|0|0|0|0|0|0|0|0|0|0|0|0|0|0|0|0|0|0|0|0|0|0|0
DHCST|NY|000|05|0212345|138|138|138|0|0|138|109|11|0|8|0|3|7|138|137|1|138|137|109|11|0|8|0|3|6|1|0|0|0|0|0|0|1|145|114|15|0|10|0|6|145|143|113|15|0|10|0|5|2|1|0|0|0|0|1|138|131|109|11|0|8|0|3|7|7|4|0|0|0|1|0|0|0|0|0|0|0|0|2|0|0|0|0|0|0|0|0|0|0|0|0|0|0|0|0|0|0|0|0|0|0|0|0|0|0|0|0|0|0|0|0|0|0|0|0|0|0|0|0|0|0|0|0|0|0|0|138|1|137|131|109|11|0|8|0|3|6|6|4|0|0|0|0|0|0|0|0|0|0|0|0|2|0|0|0|0|0|0|0|0|0|0|0|0|0|0|0|0|0|0|0|0|0|0|0|0|0|0|0|0|0|0|0|0|0|0|0|0|0|0|0|0|0|0|0|0|0|0|0
DHCST|NY|000|05|0212346|26|26|26|0|0|26|14|2|0|0|0|3|7|26|23|3|26|23|13|2|0|0|0|3|5|3|1|0|0|0|0|0|2|33|21|5|2|0|0|5|33|28|18|5|2|0|0|3|5|3|0|0|0|0|2|26|19|14|2|0|0|0|3|7|7|3|2|0|0|2|0|0|0|0|0|0|0|0|0|0|0|0|0|0|0|0|0|0|0|0|0|0|0|0|0|0|0|0|0|0|0|0|0|0|0|0|0|0|0|0|0|0|0|0|0|0|0|0|0|0|0|0|0|0|0|0|26|3|23|18|13|2|0|0|0|3|5|5|3|2|0|0|0|0|0|0|0|0|0|0|0|0|0|0|0|0|0|0|0|0|0|0|0|0|0|0|0|0|0|0|0|0|0|0|0|0|0|0|0|0|0|0|0|0|0|0|0|0|0|0|0|0|0|0|0|0|0|0|0
DHCST|NY|000|05|0212347|0|0|0|0|0|0|0|0|0|0|0|0|0|0|0|0|0|0|0|0|0|0|0|0|0|0|0|0|0|0|0|0|0|0|0|0|0|0|0|0|0|0|0|0|0|0|0|0|0|0|0|0|0|0|0|0|0|0|0|0|0|0|0|0|0|0|0|0|0|0|0|0|0|0|0|0|0|0|0|0|0|0|0|0|0|0|0|0|0|0|0|0|0|0|0|0|0|0|0|0|0|0|0|0|0|0|0|0|0|0|0|0|0|0|0|0|0|0|0|0|0|0|0|0|0|0|0|0|0|0|0|0|0|0|0|0|0|0|0|0|0|0|0|0|0|0|0|0|0|0|0|0|0|0|0|0|0|0|0|0|0|0|0|0|0|0|0|0|0|0|0|0|0|0|0|0|0|0|0|0|0|0|0|0|0|0|0|0|0|0|0|0|0|0|0|0|0|0|0
DHCST|NY|000|05|0212348|0|0|0|0|0|0|0|0|0|0|0|0|0|0|0|0|0|0|0|0|0|0|0|0|0|0|0|0|0|0|0|0|0|0|0|0|0|0|0|0|0|0|0|0|0|0|0|0|0|0|0|0|0|0|0|0|0|0|0|0|0|0|0|0|0|0|0|0|0|0|0|0|0|0|0|0|0|0|0|0|0|0|0|0|0|0|0|0|0|0|0|0|0|0|0|0|0|0|0|0|0|0|0|0|0|0|0|0|0|0|0|0|0|0|0|0|0|0|0|0|0|0|0|0|0|0|0|0|0|0|0|0|0|0|0|0|0|0|0|0|0|0|0|0|0|0|0|0|0|0|0|0|0|0|0|0|0|0|0|0|0|0|0|0|0|0|0|0|0|0|0|0|0|0|0|0|0|0|0|0|0|0|0|0|0|0|0|0|0|0|0|0|0|0|0|0|0|0|0
DHCST|NY|000|05|0212349|0|0|0|0|0|0|0|0|0|0|0|0|0|0|0|0|0|0|0|0|0|0|0|0|0|0|0|0|0|0|0|0|0|0|0|0|0|0|0|0|0|0|0|0|0|0|0|0|0|0|0|0|0|0|0|0|0|0|0|0|0|0|0|0|0|0|0|0|0|0|0|0|0|0|0|0|0|0|0|0|0|0|0|0|0|0|0|0|0|0|0|0|0|0|0|0|0|0|0|0|0|0|0|0|0|0|0|0|0|0|0|0|0|0|0|0|0|0|0|0|0|0|0|0|0|0|0|0|0|0|0|0|0|0|0|0|0|0|0|0|0|0|0|0|0|0|0|0|0|0|0|0|0|0|0|0|0|0|0|0|0|0|0|0|0|0|0|0|0|0|0|0|0|0|0|0|0|0|0|0|0|0|0|0|0|0|0|0|0|0|0|0|0|0|0|0|0|0|0
DHCST|NY|000|05|0212350|0|0|0|0|0|0|0|0|0|0|0|0|0|0|0|0|0|0|0|0|0|0|0|0|0|0|0|0|0|0|0|0|0|0|0|0|0|0|0|0|0|0|0|0|0|0|0|0|0|0|0|0|0|0|0|0|0|0|0|0|0|0|0|0|0|0|0|0|0|0|0|0|0|0|0|0|0|0|0|0|0|0|0|0|0|0|0|0|0|0|0|0|0|0|0|0|0|0|0|0|0|0|0|0|0|0|0|0|0|0|0|0|0|0|0|0|0|0|0|0|0|0|0|0|0|0|0|0|0|0|0|0|0|0|0|0|0|0|0|0|0|0|0|0|0|0|0|0|0|0|0|0|0|0|0|0|0|0|0|0|0|0|0|0|0|0|0|0|0|0|0|0|0|0|0|0|0|0|0|0|0|0|0|0|0|0|0|0|0|0|0|0|0|0|0|0|0|0|0
DHCST|NY|000|05|0212351|0|0|0|0|0|0|0|0|0|0|0|0|0|0|0|0|0|0|0|0|0|0|0|0|0|0|0|0|0|0|0|0|0|0|0|0|0|0|0|0|0|0|0|0|0|0|0|0|0|0|0|0|0|0|0|0|0|0|0|0|0|0|0|0|0|0|0|0|0|0|0|0|0|0|0|0|0|0|0|0|0|0|0|0|0|0|0|0|0|0|0|0|0|0|0|0|0|0|0|0|0|0|0|0|0|0|0|0|0|0|0|0|0|0|0|0|0|0|0|0|0|0|0|0|0|0|0|0|0|0|0|0|0|0|0|0|0|0|0|0|0|0|0|0|0|0|0|0|0|0|0|0|0|0|0|0|0|0|0|0|0|0|0|0|0|0|0|0|0|0|0|0|0|0|0|0|0|0|0|0|0|0|0|0|0|0|0|0|0|0|0|0|0|0|0|0|0|0|0
DHCST|NY|000|05|0212352|0|0|0|0|0|0|0|0|0|0|0|0|0|0|0|0|0|0|0|0|0|0|0|0|0|0|0|0|0|0|0|0|0|0|0|0|0|0|0|0|0|0|0|0|0|0|0|0|0|0|0|0|0|0|0|0|0|0|0|0|0|0|0|0|0|0|0|0|0|0|0|0|0|0|0|0|0|0|0|0|0|0|0|0|0|0|0|0|0|0|0|0|0|0|0|0|0|0|0|0|0|0|0|0|0|0|0|0|0|0|0|0|0|0|0|0|0|0|0|0|0|0|0|0|0|0|0|0|0|0|0|0|0|0|0|0|0|0|0|0|0|0|0|0|0|0|0|0|0|0|0|0|0|0|0|0|0|0|0|0|0|0|0|0|0|0|0|0|0|0|0|0|0|0|0|0|0|0|0|0|0|0|0|0|0|0|0|0|0|0|0|0|0|0|0|0|0|0|0
DHCST|NY|000|05|0212353|42|42|42|0|0|42|19|16|2|4|0|0|1|42|40|2|42|40|18|16|2|4|0|0|0|2|1|0|0|0|0|0|1|43|20|16|2|4|0|1|43|40|18|16|2|4|0|0|3|2|0|0|0|0|1|42|41|19|16|2|4|0|0|1|1|0|0|0|0|1|0|0|0|0|0|0|0|0|0|0|0|0|0|0|0|0|0|0|0|0|0|0|0|0|0|0|0|0|0|0|0|0|0|0|0|0|0|0|0|0|0|0|0|0|0|0|0|0|0|0|0|0|0|0|0|0|42|2|40|40|18|16|2|4|0|0|0|0|0|0|0|0|0|0|0|0|0|0|0|0|0|0|0|0|0|0|0|0|0|0|0|0|0|0|0|0|0|0|0|0|0|0|0|0|0|0|0|0|0|0|0|0|0|0|0|0|0|0|0|0|0|0|0|0|0|0|0|0|0
DHCST|NY|000|05|0212354|13|13|13|0|0|13|11|0|0|2|0|0|0|13|12|1|13|12|10|0|0|2|0|0|0|1|1|0|0|0|0|0|0|13|11|0|0|2|0|0|13|12|10|0|0|2|0|0|1|1|0|0|0|0|0|13|13|11|0|0|2|0|0|0|0|0|0|0|0|0|0|0|0|0|0|0|0|0|0|0|0|0|0|0|0|0|0|0|0|0|0|0|0|0|0|0|0|0|0|0|0|0|0|0|0|0|0|0|0|0|0|0|0|0|0|0|0|0|0|0|0|0|0|0|0|0|13|1|12|12|10|0|0|2|0|0|0|0|0|0|0|0|0|0|0|0|0|0|0|0|0|0|0|0|0|0|0|0|0|0|0|0|0|0|0|0|0|0|0|0|0|0|0|0|0|0|0|0|0|0|0|0|0|0|0|0|0|0|0|0|0|0|0|0|0|0|0|0|0
DHCST|NY|000|05|0212355|0|0|0|0|0|0|0|0|0|0|0|0|0|0|0|0|0|0|0|0|0|0|0|0|0|0|0|0|0|0|0|0|0|0|0|0|0|0|0|0|0|0|0|0|0|0|0|0|0|0|0|0|0|0|0|0|0|0|0|0|0|0|0|0|0|0|0|0|0|0|0|0|0|0|0|0|0|0|0|0|0|0|0|0|0|0|0|0|0|0|0|0|0|0|0|0|0|0|0|0|0|0|0|0|0|0|0|0|0|0|0|0|0|0|0|0|0|0|0|0|0|0|0|0|0|0|0|0|0|0|0|0|0|0|0|0|0|0|0|0|0|0|0|0|0|0|0|0|0|0|0|0|0|0|0|0|0|0|0|0|0|0|0|0|0|0|0|0|0|0|0|0|0|0|0|0|0|0|0|0|0|0|0|0|0|0|0|0|0|0|0|0|0|0|0|0|0|0|0
DHCST|NY|000|05|0212356|0|0|0|0|0|0|0|0|0|0|0|0|0|0|0|0|0|0|0|0|0|0|0|0|0|0|0|0|0|0|0|0|0|0|0|0|0|0|0|0|0|0|0|0|0|0|0|0|0|0|0|0|0|0|0|0|0|0|0|0|0|0|0|0|0|0|0|0|0|0|0|0|0|0|0|0|0|0|0|0|0|0|0|0|0|0|0|0|0|0|0|0|0|0|0|0|0|0|0|0|0|0|0|0|0|0|0|0|0|0|0|0|0|0|0|0|0|0|0|0|0|0|0|0|0|0|0|0|0|0|0|0|0|0|0|0|0|0|0|0|0|0|0|0|0|0|0|0|0|0|0|0|0|0|0|0|0|0|0|0|0|0|0|0|0|0|0|0|0|0|0|0|0|0|0|0|0|0|0|0|0|0|0|0|0|0|0|0|0|0|0|0|0|0|0|0|0|0|0
DHCST|NY|000|05|0212357|0|0|0|0|0|0|0|0|0|0|0|0|0|0|0|0|0|0|0|0|0|0|0|0|0|0|0|0|0|0|0|0|0|0|0|0|0|0|0|0|0|0|0|0|0|0|0|0|0|0|0|0|0|0|0|0|0|0|0|0|0|0|0|0|0|0|0|0|0|0|0|0|0|0|0|0|0|0|0|0|0|0|0|0|0|0|0|0|0|0|0|0|0|0|0|0|0|0|0|0|0|0|0|0|0|0|0|0|0|0|0|0|0|0|0|0|0|0|0|0|0|0|0|0|0|0|0|0|0|0|0|0|0|0|0|0|0|0|0|0|0|0|0|0|0|0|0|0|0|0|0|0|0|0|0|0|0|0|0|0|0|0|0|0|0|0|0|0|0|0|0|0|0|0|0|0|0|0|0|0|0|0|0|0|0|0|0|0|0|0|0|0|0|0|0|0|0|0|0
DHCST|NY|000|05|0212358|0|0|0|0|0|0|0|0|0|0|0|0|0|0|0|0|0|0|0|0|0|0|0|0|0|0|0|0|0|0|0|0|0|0|0|0|0|0|0|0|0|0|0|0|0|0|0|0|0|0|0|0|0|0|0|0|0|0|0|0|0|0|0|0|0|0|0|0|0|0|0|0|0|0|0|0|0|0|0|0|0|0|0|0|0|0|0|0|0|0|0|0|0|0|0|0|0|0|0|0|0|0|0|0|0|0|0|0|0|0|0|0|0|0|0|0|0|0|0|0|0|0|0|0|0|0|0|0|0|0|0|0|0|0|0|0|0|0|0|0|0|0|0|0|0|0|0|0|0|0|0|0|0|0|0|0|0|0|0|0|0|0|0|0|0|0|0|0|0|0|0|0|0|0|0|0|0|0|0|0|0|0|0|0|0|0|0|0|0|0|0|0|0|0|0|0|0|0|0
DHCST|NY|000|05|0212359|0|0|0|0|0|0|0|0|0|0|0|0|0|0|0|0|0|0|0|0|0|0|0|0|0|0|0|0|0|0|0|0|0|0|0|0|0|0|0|0|0|0|0|0|0|0|0|0|0|0|0|0|0|0|0|0|0|0|0|0|0|0|0|0|0|0|0|0|0|0|0|0|0|0|0|0|0|0|0|0|0|0|0|0|0|0|0|0|0|0|0|0|0|0|0|0|0|0|0|0|0|0|0|0|0|0|0|0|0|0|0|0|0|0|0|0|0|0|0|0|0|0|0|0|0|0|0|0|0|0|0|0|0|0|0|0|0|0|0|0|0|0|0|0|0|0|0|0|0|0|0|0|0|0|0|0|0|0|0|0|0|0|0|0|0|0|0|0|0|0|0|0|0|0|0|0|0|0|0|0|0|0|0|0|0|0|0|0|0|0|0|0|0|0|0|0|0|0|0
DHCST|NY|000|05|0212360|0|0|0|0|0|0|0|0|0|0|0|0|0|0|0|0|0|0|0|0|0|0|0|0|0|0|0|0|0|0|0|0|0|0|0|0|0|0|0|0|0|0|0|0|0|0|0|0|0|0|0|0|0|0|0|0|0|0|0|0|0|0|0|0|0|0|0|0|0|0|0|0|0|0|0|0|0|0|0|0|0|0|0|0|0|0|0|0|0|0|0|0|0|0|0|0|0|0|0|0|0|0|0|0|0|0|0|0|0|0|0|0|0|0|0|0|0|0|0|0|0|0|0|0|0|0|0|0|0|0|0|0|0|0|0|0|0|0|0|0|0|0|0|0|0|0|0|0|0|0|0|0|0|0|0|0|0|0|0|0|0|0|0|0|0|0|0|0|0|0|0|0|0|0|0|0|0|0|0|0|0|0|0|0|0|0|0|0|0|0|0|0|0|0|0|0|0|0|0
DHCST|NY|000|05|0212361|0|0|0|0|0|0|0|0|0|0|0|0|0|0|0|0|0|0|0|0|0|0|0|0|0|0|0|0|0|0|0|0|0|0|0|0|0|0|0|0|0|0|0|0|0|0|0|0|0|0|0|0|0|0|0|0|0|0|0|0|0|0|0|0|0|0|0|0|0|0|0|0|0|0|0|0|0|0|0|0|0|0|0|0|0|0|0|0|0|0|0|0|0|0|0|0|0|0|0|0|0|0|0|0|0|0|0|0|0|0|0|0|0|0|0|0|0|0|0|0|0|0|0|0|0|0|0|0|0|0|0|0|0|0|0|0|0|0|0|0|0|0|0|0|0|0|0|0|0|0|0|0|0|0|0|0|0|0|0|0|0|0|0|0|0|0|0|0|0|0|0|0|0|0|0|0|0|0|0|0|0|0|0|0|0|0|0|0|0|0|0|0|0|0|0|0|0|0|0
DHCST|NY|000|05|0212362|0|0|0|0|0|0|0|0|0|0|0|0|0|0|0|0|0|0|0|0|0|0|0|0|0|0|0|0|0|0|0|0|0|0|0|0|0|0|0|0|0|0|0|0|0|0|0|0|0|0|0|0|0|0|0|0|0|0|0|0|0|0|0|0|0|0|0|0|0|0|0|0|0|0|0|0|0|0|0|0|0|0|0|0|0|0|0|0|0|0|0|0|0|0|0|0|0|0|0|0|0|0|0|0|0|0|0|0|0|0|0|0|0|0|0|0|0|0|0|0|0|0|0|0|0|0|0|0|0|0|0|0|0|0|0|0|0|0|0|0|0|0|0|0|0|0|0|0|0|0|0|0|0|0|0|0|0|0|0|0|0|0|0|0|0|0|0|0|0|0|0|0|0|0|0|0|0|0|0|0|0|0|0|0|0|0|0|0|0|0|0|0|0|0|0|0|0|0|0
DHCST|NY|000|05|0212363|0|0|0|0|0|0|0|0|0|0|0|0|0|0|0|0|0|0|0|0|0|0|0|0|0|0|0|0|0|0|0|0|0|0|0|0|0|0|0|0|0|0|0|0|0|0|0|0|0|0|0|0|0|0|0|0|0|0|0|0|0|0|0|0|0|0|0|0|0|0|0|0|0|0|0|0|0|0|0|0|0|0|0|0|0|0|0|0|0|0|0|0|0|0|0|0|0|0|0|0|0|0|0|0|0|0|0|0|0|0|0|0|0|0|0|0|0|0|0|0|0|0|0|0|0|0|0|0|0|0|0|0|0|0|0|0|0|0|0|0|0|0|0|0|0|0|0|0|0|0|0|0|0|0|0|0|0|0|0|0|0|0|0|0|0|0|0|0|0|0|0|0|0|0|0|0|0|0|0|0|0|0|0|0|0|0|0|0|0|0|0|0|0|0|0|0|0|0|0
DHCST|NY|000|05|0212364|0|0|0|0|0|0|0|0|0|0|0|0|0|0|0|0|0|0|0|0|0|0|0|0|0|0|0|0|0|0|0|0|0|0|0|0|0|0|0|0|0|0|0|0|0|0|0|0|0|0|0|0|0|0|0|0|0|0|0|0|0|0|0|0|0|0|0|0|0|0|0|0|0|0|0|0|0|0|0|0|0|0|0|0|0|0|0|0|0|0|0|0|0|0|0|0|0|0|0|0|0|0|0|0|0|0|0|0|0|0|0|0|0|0|0|0|0|0|0|0|0|0|0|0|0|0|0|0|0|0|0|0|0|0|0|0|0|0|0|0|0|0|0|0|0|0|0|0|0|0|0|0|0|0|0|0|0|0|0|0|0|0|0|0|0|0|0|0|0|0|0|0|0|0|0|0|0|0|0|0|0|0|0|0|0|0|0|0|0|0|0|0|0|0|0|0|0|0|0
DHCST|NY|000|05|0212365|0|0|0|0|0|0|0|0|0|0|0|0|0|0|0|0|0|0|0|0|0|0|0|0|0|0|0|0|0|0|0|0|0|0|0|0|0|0|0|0|0|0|0|0|0|0|0|0|0|0|0|0|0|0|0|0|0|0|0|0|0|0|0|0|0|0|0|0|0|0|0|0|0|0|0|0|0|0|0|0|0|0|0|0|0|0|0|0|0|0|0|0|0|0|0|0|0|0|0|0|0|0|0|0|0|0|0|0|0|0|0|0|0|0|0|0|0|0|0|0|0|0|0|0|0|0|0|0|0|0|0|0|0|0|0|0|0|0|0|0|0|0|0|0|0|0|0|0|0|0|0|0|0|0|0|0|0|0|0|0|0|0|0|0|0|0|0|0|0|0|0|0|0|0|0|0|0|0|0|0|0|0|0|0|0|0|0|0|0|0|0|0|0|0|0|0|0|0|0
DHCST|NY|000|05|0212366|0|0|0|0|0|0|0|0|0|0|0|0|0|0|0|0|0|0|0|0|0|0|0|0|0|0|0|0|0|0|0|0|0|0|0|0|0|0|0|0|0|0|0|0|0|0|0|0|0|0|0|0|0|0|0|0|0|0|0|0|0|0|0|0|0|0|0|0|0|0|0|0|0|0|0|0|0|0|0|0|0|0|0|0|0|0|0|0|0|0|0|0|0|0|0|0|0|0|0|0|0|0|0|0|0|0|0|0|0|0|0|0|0|0|0|0|0|0|0|0|0|0|0|0|0|0|0|0|0|0|0|0|0|0|0|0|0|0|0|0|0|0|0|0|0|0|0|0|0|0|0|0|0|0|0|0|0|0|0|0|0|0|0|0|0|0|0|0|0|0|0|0|0|0|0|0|0|0|0|0|0|0|0|0|0|0|0|0|0|0|0|0|0|0|0|0|0|0|0
DHCST|NY|000|05|0212367|0|0|0|0|0|0|0|0|0|0|0|0|0|0|0|0|0|0|0|0|0|0|0|0|0|0|0|0|0|0|0|0|0|0|0|0|0|0|0|0|0|0|0|0|0|0|0|0|0|0|0|0|0|0|0|0|0|0|0|0|0|0|0|0|0|0|0|0|0|0|0|0|0|0|0|0|0|0|0|0|0|0|0|0|0|0|0|0|0|0|0|0|0|0|0|0|0|0|0|0|0|0|0|0|0|0|0|0|0|0|0|0|0|0|0|0|0|0|0|0|0|0|0|0|0|0|0|0|0|0|0|0|0|0|0|0|0|0|0|0|0|0|0|0|0|0|0|0|0|0|0|0|0|0|0|0|0|0|0|0|0|0|0|0|0|0|0|0|0|0|0|0|0|0|0|0|0|0|0|0|0|0|0|0|0|0|0|0|0|0|0|0|0|0|0|0|0|0|0
DHCST|NY|000|05|0212368|0|0|0|0|0|0|0|0|0|0|0|0|0|0|0|0|0|0|0|0|0|0|0|0|0|0|0|0|0|0|0|0|0|0|0|0|0|0|0|0|0|0|0|0|0|0|0|0|0|0|0|0|0|0|0|0|0|0|0|0|0|0|0|0|0|0|0|0|0|0|0|0|0|0|0|0|0|0|0|0|0|0|0|0|0|0|0|0|0|0|0|0|0|0|0|0|0|0|0|0|0|0|0|0|0|0|0|0|0|0|0|0|0|0|0|0|0|0|0|0|0|0|0|0|0|0|0|0|0|0|0|0|0|0|0|0|0|0|0|0|0|0|0|0|0|0|0|0|0|0|0|0|0|0|0|0|0|0|0|0|0|0|0|0|0|0|0|0|0|0|0|0|0|0|0|0|0|0|0|0|0|0|0|0|0|0|0|0|0|0|0|0|0|0|0|0|0|0|0
DHCST|NY|000|05|0212369|0|0|0|0|0|0|0|0|0|0|0|0|0|0|0|0|0|0|0|0|0|0|0|0|0|0|0|0|0|0|0|0|0|0|0|0|0|0|0|0|0|0|0|0|0|0|0|0|0|0|0|0|0|0|0|0|0|0|0|0|0|0|0|0|0|0|0|0|0|0|0|0|0|0|0|0|0|0|0|0|0|0|0|0|0|0|0|0|0|0|0|0|0|0|0|0|0|0|0|0|0|0|0|0|0|0|0|0|0|0|0|0|0|0|0|0|0|0|0|0|0|0|0|0|0|0|0|0|0|0|0|0|0|0|0|0|0|0|0|0|0|0|0|0|0|0|0|0|0|0|0|0|0|0|0|0|0|0|0|0|0|0|0|0|0|0|0|0|0|0|0|0|0|0|0|0|0|0|0|0|0|0|0|0|0|0|0|0|0|0|0|0|0|0|0|0|0|0|0
DHCST|NY|000|05|0212370|205|205|205|0|0|205|178|12|0|13|0|0|2|205|201|4|205|201|175|12|0|13|0|0|1|4|3|0|0|0|0|0|1|209|178|12|1|15|2|1|209|202|175|12|0|14|1|0|7|3|0|1|1|1|1|205|203|178|12|0|13|0|0|2|1|0|0|0|0|0|0|0|0|0|0|0|0|1|0|0|0|0|0|0|0|0|0|0|0|0|0|0|0|0|0|0|0|0|0|0|0|1|0|0|0|0|0|0|0|0|0|0|0|0|0|0|1|0|0|0|0|0|0|0|0|0|205|4|201|200|175|12|0|13|0|0|1|1|0|0|0|0|0|0|0|0|0|0|0|0|1|0|0|0|0|0|0|0|0|0|0|0|0|0|0|0|0|0|0|0|0|0|0|0|0|0|0|0|0|0|0|0|0|0|0|0|0|0|0|0|0|0|0|0|0|0|0|0|0
DHCST|NY|000|05|0212371|110|110|110|0|0|110|103|1|0|0|2|3|1|110|107|3|110|107|103|0|0|0|2|1|1|3|0|1|0|0|0|2|0|111|104|1|0|0|2|4|111|108|104|0|0|0|2|2|3|0|1|0|0|0|2|110|109|103|1|0|0|2|3|1|1|0|0|0|0|1|0|0|0|0|0|0|0|0|0|0|0|0|0|0|0|0|0|0|0|0|0|0|0|0|0|0|0|0|0|0|0|0|0|0|0|0|0|0|0|0|0|0|0|0|0|0|0|0|0|0|0|0|0|0|0|0|110|3|107|106|103|0|0|0|2|1|1|1|0|0|0|0|1|0|0|0|0|0|0|0|0|0|0|0|0|0|0|0|0|0|0|0|0|0|0|0|0|0|0|0|0|0|0|0|0|0|0|0|0|0|0|0|0|0|0|0|0|0|0|0|0|0|0|0|0|0|0|0|0
DHCST|NY|000|05|0212372|34|34|34|0|0|34|21|7|0|0|0|0|6|34|28|6|34|28|21|5|0|0|0|0|2|6|0|2|0|0|0|0|4|40|27|7|2|0|0|4|40|30|23|5|2|0|0|0|10|4|2|0|0|0|4|34|28|21|7|0|0|0|0|6|6|0|2|0|0|4|0|0|0|0|0|0|0|0|0|0|0|0|0|0|0|0|0|0|0|0|0|0|0|0|0|0|0|0|0|0|0|0|0|0|0|0|0|0|0|0|0|0|0|0|0|0|0|0|0|0|0|0|0|0|0|0|34|6|28|26|21|5|0|0|0|0|2|2|0|2|0|0|0|0|0|0|0|0|0|0|0|0|0|0|0|0|0|0|0|0|0|0|0|0|0|0|0|0|0|0|0|0|0|0|0|0|0|0|0|0|0|0|0|0|0|0|0|0|0|0|0|0|0|0|0|0|0|0|0
DHCST|NY|000|05|0212373|0|0|0|0|0|0|0|0|0|0|0|0|0|0|0|0|0|0|0|0|0|0|0|0|0|0|0|0|0|0|0|0|0|0|0|0|0|0|0|0|0|0|0|0|0|0|0|0|0|0|0|0|0|0|0|0|0|0|0|0|0|0|0|0|0|0|0|0|0|0|0|0|0|0|0|0|0|0|0|0|0|0|0|0|0|0|0|0|0|0|0|0|0|0|0|0|0|0|0|0|0|0|0|0|0|0|0|0|0|0|0|0|0|0|0|0|0|0|0|0|0|0|0|0|0|0|0|0|0|0|0|0|0|0|0|0|0|0|0|0|0|0|0|0|0|0|0|0|0|0|0|0|0|0|0|0|0|0|0|0|0|0|0|0|0|0|0|0|0|0|0|0|0|0|0|0|0|0|0|0|0|0|0|0|0|0|0|0|0|0|0|0|0|0|0|0|0|0|0
DHCST|NY|000|05|0212374|0|0|0|0|0|0|0|0|0|0|0|0|0|0|0|0|0|0|0|0|0|0|0|0|0|0|0|0|0|0|0|0|0|0|0|0|0|0|0|0|0|0|0|0|0|0|0|0|0|0|0|0|0|0|0|0|0|0|0|0|0|0|0|0|0|0|0|0|0|0|0|0|0|0|0|0|0|0|0|0|0|0|0|0|0|0|0|0|0|0|0|0|0|0|0|0|0|0|0|0|0|0|0|0|0|0|0|0|0|0|0|0|0|0|0|0|0|0|0|0|0|0|0|0|0|0|0|0|0|0|0|0|0|0|0|0|0|0|0|0|0|0|0|0|0|0|0|0|0|0|0|0|0|0|0|0|0|0|0|0|0|0|0|0|0|0|0|0|0|0|0|0|0|0|0|0|0|0|0|0|0|0|0|0|0|0|0|0|0|0|0|0|0|0|0|0|0|0|0
DHCST|NY|000|05|0212375|31|31|31|0|0|31|8|11|0|5|0|0|7|31|29|2|31|29|8|11|0|5|0|0|5|2|0|0|0|0|0|0|2|39|13|14|3|5|0|4|39|35|11|14|3|5|0|2|4|2|0|0|0|0|2|31|24|8|11|0|5|0|0|7|6|0|2|0|0|2|0|0|0|2|0|0|0|0|0|0|1|1|0|0|0|0|0|0|0|0|0|0|0|0|0|0|0|0|0|0|0|0|0|0|0|0|0|0|0|0|0|0|0|0|0|0|0|0|0|0|0|0|0|0|0|0|31|2|29|24|8|11|0|5|0|0|5|4|0|2|0|0|0|0|0|0|2|0|0|0|0|0|0|1|1|0|0|0|0|0|0|0|0|0|0|0|0|0|0|0|0|0|0|0|0|0|0|0|0|0|0|0|0|0|0|0|0|0|0|0|0|0|0|0|0|0|0|0|0
DHCST|NY|000|05|0212376|0|0|0|0|0|0|0|0|0|0|0|0|0|0|0|0|0|0|0|0|0|0|0|0|0|0|0|0|0|0|0|0|0|0|0|0|0|0|0|0|0|0|0|0|0|0|0|0|0|0|0|0|0|0|0|0|0|0|0|0|0|0|0|0|0|0|0|0|0|0|0|0|0|0|0|0|0|0|0|0|0|0|0|0|0|0|0|0|0|0|0|0|0|0|0|0|0|0|0|0|0|0|0|0|0|0|0|0|0|0|0|0|0|0|0|0|0|0|0|0|0|0|0|0|0|0|0|0|0|0|0|0|0|0|0|0|0|0|0|0|0|0|0|0|0|0|0|0|0|0|0|0|0|0|0|0|0|0|0|0|0|0|0|0|0|0|0|0|0|0|0|0|0|0|0|0|0|0|0|0|0|0|0|0|0|0|0|0|0|0|0|0|0|0|0|0|0|0|0
DHCST|NY|000|05|0212377|54|54|54|0|0|54|29|8|7|0|0|5|5|54|50|4|54|50|29|8|7|0|0|1|5|4|0|0|0|0|0|4|0|62|34|11|7|5|0|5|62|58|34|11|7|5|0|1|4|0|0|0|0|0|4|54|49|29|8|7|0|0|5|5|2|0|0|2|0|0|0|0|0|0|0|0|0|0|0|0|3|0|3|0|0|0|0|0|0|0|0|0|0|0|0|0|0|0|0|0|0|0|0|0|0|0|0|0|0|0|0|0|0|0|0|0|0|0|0|0|0|0|0|0|0|0|54|4|50|45|29|8|7|0|0|1|5|2|0|0|2|0|0|0|0|0|0|0|0|0|0|0|0|3|0|3|0|0|0|0|0|0|0|0|0|0|0|0|0|0|0|0|0|0|0|0|0|0|0|0|0|0|0|0|0|0|0|0|0|0|0|0|0|0|0|0|0|0|0
DHCST|NY|000|05|0212378|62|62|62|0|0|62|32|21|0|1|0|0|8|62|61|1|62|61|31|21|0|1|0|0|8|1|1|0|0|0|0|0|0|70|40|27|0|3|0|0|70|69|39|27|0|3|0|0|1|1|0|0|0|0|0|62|54|32|21|0|1|0|0|8|8|6|0|2|0|0|0|0|0|0|0|0|0|0|0|0|0|0|0|0|0|0|0|0|0|0|0|0|0|0|0|0|0|0|0|0|0|0|0|0|0|0|0|0|0|0|0|0|0|0|0|0|0|0|0|0|0|0|0|0|0|0|62|1|61|53|31|21|0|1|0|0|8|8|6|0|2|0|0|0|0|0|0|0|0|0|0|0|0|0|0|0|0|0|0|0|0|0|0|0|0|0|0|0|0|0|0|0|0|0|0|0|0|0|0|0|0|0|0|0|0|0|0|0|0|0|0|0|0|0|0|0|0|0|0
DHCST|NY|000|05|0212379|0|0|0|0|0|0|0|0|0|0|0|0|0|0|0|0|0|0|0|0|0|0|0|0|0|0|0|0|0|0|0|0|0|0|0|0|0|0|0|0|0|0|0|0|0|0|0|0|0|0|0|0|0|0|0|0|0|0|0|0|0|0|0|0|0|0|0|0|0|0|0|0|0|0|0|0|0|0|0|0|0|0|0|0|0|0|0|0|0|0|0|0|0|0|0|0|0|0|0|0|0|0|0|0|0|0|0|0|0|0|0|0|0|0|0|0|0|0|0|0|0|0|0|0|0|0|0|0|0|0|0|0|0|0|0|0|0|0|0|0|0|0|0|0|0|0|0|0|0|0|0|0|0|0|0|0|0|0|0|0|0|0|0|0|0|0|0|0|0|0|0|0|0|0|0|0|0|0|0|0|0|0|0|0|0|0|0|0|0|0|0|0|0|0|0|0|0|0|0
DHCST|NY|000|05|0212380|52|52|52|0|0|52|32|6|0|5|0|3|6|52|44|8|52|44|30|1|0|5|0|3|5|8|2|5|0|0|0|0|1|58|38|9|1|5|0|5|58|49|35|4|0|5|0|5|9|3|5|1|0|0|0|52|46|32|6|0|5|0|3|6|6|3|1|0|0|2|0|0|0|0|0|0|0|0|0|0|0|0|0|0|0|0|0|0|0|0|0|0|0|0|0|0|0|0|0|0|0|0|0|0|0|0|0|0|0|0|0|0|0|0|0|0|0|0|0|0|0|0|0|0|0|0|52|8|44|39|30|1|0|5|0|3|5|5|3|0|0|0|2|0|0|0|0|0|0|0|0|0|0|0|0|0|0|0|0|0|0|0|0|0|0|0|0|0|0|0|0|0|0|0|0|0|0|0|0|0|0|0|0|0|0|0|0|0|0|0|0|0|0|0|0|0|0|0|0
DHCST|NY|000|05|0212381|27|27|27|0|0|27|15|2|0|2|0|5|3|27|23|4|27|23|15|2|0|2|0|2|2|4|0|0|0|0|0|3|1|32|18|4|0|4|0|6|32|27|17|4|0|4|0|2|5|1|0|0|0|0|4|27|24|15|2|0|2|0|5|3|1|0|0|0|0|1|0|0|0|0|0|0|0|0|0|0|2|0|2|0|0|0|0|0|0|0|0|0|0|0|0|0|0|0|0|0|0|0|0|0|0|0|0|0|0|0|0|0|0|0|0|0|0|0|0|0|0|0|0|0|0|0|27|4|23|21|15|2|0|2|0|2|2|0|0|0|0|0|0|0|0|0|0|0|0|0|0|0|0|2|0|2|0|0|0|0|0|0|0|0|0|0|0|0|0|0|0|0|0|0|0|0|0|0|0|0|0|0|0|0|0|0|0|0|0|0|0|0|0|0|0|0|0|0|0
DHCST|NY|000|05|0212382|0|0|0|0|0|0|0|0|0|0|0|0|0|0|0|0|0|0|0|0|0|0|0|0|0|0|0|0|0|0|0|0|0|0|0|0|0|0|0|0|0|0|0|0|0|0|0|0|0|0|0|0|0|0|0|0|0|0|0|0|0|0|0|0|0|0|0|0|0|0|0|0|0|0|0|0|0|0|0|0|0|0|0|0|0|0|0|0|0|0|0|0|0|0|0|0|0|0|0|0|0|0|0|0|0|0|0|0|0|0|0|0|0|0|0|0|0|0|0|0|0|0|0|0|0|0|0|0|0|0|0|0|0|0|0|0|0|0|0|0|0|0|0|0|0|0|0|0|0|0|0|0|0|0|0|0|0|0|0|0|0|0|0|0|0|0|0|0|0|0|0|0|0|0|0|0|0|0|0|0|0|0|0|0|0|0|0|0|0|0|0|0|0|0|0|0|0|0|0
DHCST|NY|000|05|0212383|30|30|30|0|0|30|19|2|0|5|0|1|3|30|27|3|30|27|19|0|0|5|0|0|3|3|0|2|0|0|0|1|0|33|22|5|0|5|0|1|33|30|22|3|0|5|0|0|3|0|2|0|0|0|1|30|27|19|2|0|5|0|1|3|3|3|0|0|0|0|0|0|0|0|0|0|0|0|0|0|0|0|0|0|0|0|0|0|0|0|0|0|0|0|0|0|0|0|0|0|0|0|0|0|0|0|0|0|0|0|0|0|0|0|0|0|0|0|0|0|0|0|0|0|0|0|30|3|27|24|19|0|0|5|0|0|3|3|3|0|0|0|0|0|0|0|0|0|0|0|0|0|0|0|0|0|0|0|0|0|0|0|0|0|0|0|0|0|0|0|0|0|0|0|0|0|0|0|0|0|0|0|0|0|0|0|0|0|0|0|0|0|0|0|0|0|0|0|0
DHCST|NY|000|05|0212384|46|46|46|0|0|46|32|0|5|0|0|6|3|46|39|7|46|39|31|0|5|0|0|0|3|7|1|0|0|0|0|6|0|51|35|2|7|0|0|7|51|44|34|2|7|0|0|1|7|1|0|0|0|0|6|46|43|32|0|5|0|0|6|3|1|0|0|0|0|1|0|0|0|0|0|0|0|0|0|0|2|2|0|0|0|0|0|0|0|0|0|0|0|0|0|0|0|0|0|0|0|0|0|0|0|0|0|0|0|0|0|0|0|0|0|0|0|0|0|0|0|0|0|0|0|0|46|7|39|36|31|0|5|0|0|0|3|1|0|0|0|0|1|0|0|0|0|0|0|0|0|0|0|2|2|0|0|0|0|0|0|0|0|0|0|0|0|0|0|0|0|0|0|0|0|0|0|0|0|0|0|0|0|0|0|0|0|0|0|0|0|0|0|0|0|0|0|0|0
DHCST|NY|000|05|0212385|90|90|90|0|0|90|55|10|0|12|0|6|7|90|85|5|90|85|55|10|0|12|0|1|7|5|0|0|0|0|0|5|0|98|62|11|5|14|0|6|98|93|62|11|5|14|0|1|5|0|0|0|0|0|5|90|83|55|10|0|12|0|6|7|6|0|5|1|0|0|0|0|0|0|0|0|0|0|0|0|1|0|1|0|0|0|0|0|0|0|0|0|0|0|0|0|0|0|0|0|0|0|0|0|0|0|0|0|0|0|0|0|0|0|0|0|0|0|0|0|0|0|0|0|0|0|90|5|85|78|55|10|0|12|0|1|7|6|0|5|1|0|0|0|0|0|0|0|0|0|0|0|0|1|0|1|0|0|0|0|0|0|0|0|0|0|0|0|0|0|0|0|0|0|0|0|0|0|0|0|0|0|0|0|0|0|0|0|0|0|0|0|0|0|0|0|0|0|0
DHCST|NY|000|05|0212386|17|17|17|0|0|17|6|5|0|0|0|1|5|17|11|6|17|11|5|5|0|0|0|0|1|6|1|0|0|0|0|1|4|22|11|6|1|0|0|4|22|12|6|6|0|0|0|0|10|5|0|1|0|0|4|17|12|6|5|0|0|0|1|5|5|1|1|0|0|3|0|0|0|0|0|0|0|0|0|0|0|0|0|0|0|0|0|0|0|0|0|0|0|0|0|0|0|0|0|0|0|0|0|0|0|0|0|0|0|0|0|0|0|0|0|0|0|0|0|0|0|0|0|0|0|0|17|6|11|10|5|5|0|0|0|0|1|1|1|0|0|0|0|0|0|0|0|0|0|0|0|0|0|0|0|0|0|0|0|0|0|0|0|0|0|0|0|0|0|0|0|0|0|0|0|0|0|0|0|0|0|0|0|0|0|0|0|0|0|0|0|0|0|0|0|0|0|0|0
DHCST|NY|000|05|0212387|87|87|87|0|0|87|29|6|1|45|0|3|3|87|76|11|87|76|23|6|0|45|0|0|2|11|6|0|1|0|0|3|1|90|32|6|2|46|0|4|90|78|25|6|1|46|0|0|12|7|0|1|0|0|4|87|84|29|6|1|45|0|3|3|3|0|1|1|0|1|0|0|0|0|0|0|0|0|0|0|0|0|0|0|0|0|0|0|0|0|0|0|0|0|0|0|0|0|0|0|0|0|0|0|0|0|0|0|0|0|0|0|0|0|0|0|0|0|0|0|0|0|0|0|0|0|87|11|76|74|23|6|0|45|0|0|2|2|0|1|1|0|0|0|0|0|0|0|0|0|0|0|0|0|0|0|0|0|0|0|0|0|0|0|0|0|0|0|0|0|0|0|0|0|0|0|0|0|0|0|0|0|0|0|0|0|0|0|0|0|0|0|0|0|0|0|0|0|0
DHCST|NY|000|05|0212388|59|59|59|0|0|59|19|4|0|24|0|2|10|59|54|5|59|54|18|2|0|24|0|0|10|5|1|2|0|0|0|2|0|69|29|14|0|24|0|2|69|64|28|12|0|24|0|0|5|1|2|0|0|0|2|59|49|19|4|0|24|0|2|10|10|10|0|0|0|0|0|0|0|0|0|0|0|0|0|0|0|0|0|0|0|0|0|0|0|0|0|0|0|0|0|0|0|0|0|0|0|0|0|0|0|0|0|0|0|0|0|0|0|0|0|0|0|0|0|0|0|0|0|0|0|0|59|5|54|44|18|2|0|24|0|0|10|10|10|0|0|0|0|0|0|0|0|0|0|0|0|0|0|0|0|0|0|0|0|0|0|0|0|0|0|0|0|0|0|0|0|0|0|0|0|0|0|0|0|0|0|0|0|0|0|0|0|0|0|0|0|0|0|0|0|0|0|0|0
DHCST|NY|000|05|0212389|39|39|39|0|0|39|16|7|0|6|0|9|1|39|30|9|39|30|16|6|0|6|0|2|0|9|0|1|0|0|0|7|1|40|17|7|0|6|0|10|40|30|16|6|0|6|0|2|10|1|1|0|0|0|8|39|38|16|7|0|6|0|9|1|1|0|0|0|0|1|0|0|0|0|0|0|0|0|0|0|0|0|0|0|0|0|0|0|0|0|0|0|0|0|0|0|0|0|0|0|0|0|0|0|0|0|0|0|0|0|0|0|0|0|0|0|0|0|0|0|0|0|0|0|0|0|39|9|30|30|16|6|0|6|0|2|0|0|0|0|0|0|0|0|0|0|0|0|0|0|0|0|0|0|0|0|0|0|0|0|0|0|0|0|0|0|0|0|0|0|0|0|0|0|0|0|0|0|0|0|0|0|0|0|0|0|0|0|0|0|0|0|0|0|0|0|0|0|0
DHCST|NY|000|05|0212390|92|92|92|0|0|92|51|15|0|13|0|2|11|92|88|4|92|88|51|15|0|13|0|0|9|4|0|0|0|0|0|2|2|103|61|21|2|15|0|4|103|97|59|20|2|15|0|1|6|2|1|0|0|0|3|92|81|51|15|0|13|0|2|11|11|5|2|1|0|2|0|1|0|0|0|0|0|0|0|0|0|0|0|0|0|0|0|0|0|0|0|0|0|0|0|0|0|0|0|0|0|0|0|0|0|0|0|0|0|0|0|0|0|0|0|0|0|0|0|0|0|0|0|0|0|0|92|4|88|79|51|15|0|13|0|0|9|9|4|2|1|0|1|0|1|0|0|0|0|0|0|0|0|0|0|0|0|0|0|0|0|0|0|0|0|0|0|0|0|0|0|0|0|0|0|0|0|0|0|0|0|0|0|0|0|0|0|0|0|0|0|0|0|0|0|0|0|0|0
DHCST|NY|000|05|0212391|112|112|112|0|0|112|59|40|4|2|0|0|7|112|102|10|112|102|50|40|3|2|0|0|7|10|9|0|1|0|0|0|0|119|66|40|11|2|0|0|119|109|57|40|10|2|0|0|10|9|0|1|0|0|0|112|105|59|40|4|2|0|0|7|7|0|7|0|0|0|0|0|0|0|0|0|0|0|0|0|0|0|0|0|0|0|0|0|0|0|0|0|0|0|0|0|0|0|0|0|0|0|0|0|0|0|0|0|0|0|0|0|0|0|0|0|0|0|0|0|0|0|0|0|0|0|112|10|102|95|50|40|3|2|0|0|7|7|0|7|0|0|0|0|0|0|0|0|0|0|0|0|0|0|0|0|0|0|0|0|0|0|0|0|0|0|0|0|0|0|0|0|0|0|0|0|0|0|0|0|0|0|0|0|0|0|0|0|0|0|0|0|0|0|0|0|0|0|0
DHCST|NY|000|05|0212392|151|151|151|0|0|151|48|47|4|45|0|1|6|151|139|12|151|139|45|42|4|45|0|0|3|12|3|5|0|0|0|1|3|157|53|49|5|46|0|4|157|142|47|44|5|46|0|0|15|6|5|0|0|0|4|151|145|48|47|4|45|0|1|6|6|1|1|0|0|3|0|1|0|0|0|0|0|0|0|0|0|0|0|0|0|0|0|0|0|0|0|0|0|0|0|0|0|0|0|0|0|0|0|0|0|0|0|0|0|0|0|0|0|0|0|0|0|0|0|0|0|0|0|0|0|0|151|12|139|136|45|42|4|45|0|0|3|3|1|1|0|0|0|0|1|0|0|0|0|0|0|0|0|0|0|0|0|0|0|0|0|0|0|0|0|0|0|0|0|0|0|0|0|0|0|0|0|0|0|0|0|0|0|0|0|0|0|0|0|0|0|0|0|0|0|0|0|0|0
DHCST|NY|000|05|0212393|51|51|51|0|0|51|38|3|0|1|0|4|5|51|39|12|51|39|31|3|0|1|0|2|2|12|7|0|0|0|0|2|3|56|40|8|0|1|0|7|56|41|33|5|0|1|0|2|15|7|3|0|0|0|5|51|46|38|3|0|1|0|4|5|5|2|0|0|0|0|0|0|0|3|0|0|0|0|0|0|0|0|0|0|0|0|0|0|0|0|0|0|0|0|0|0|0|0|0|0|0|0|0|0|0|0|0|0|0|0|0|0|0|0|0|0|0|0|0|0|0|0|0|0|0|0|51|12|39|37|31|3|0|1|0|2|2|2|2|0|0|0|0|0|0|0|0|0|0|0|0|0|0|0|0|0|0|0|0|0|0|0|0|0|0|0|0|0|0|0|0|0|0|0|0|0|0|0|0|0|0|0|0|0|0|0|0|0|0|0|0|0|0|0|0|0|0|0|0
DHCST|NY|000|05|0212394|67|67|67|0|0|67|31|31|0|1|0|0|4|67|65|2|67|65|29|31|0|1|0|0|4|2|2|0|0|0|0|0|0|71|35|31|3|2|0|0|71|69|33|31|3|2|0|0|2|2|0|0|0|0|0|67|63|31|31|0|1|0|0|4|4|0|3|1|0|0|0|0|0|0|0|0|0|0|0|0|0|0|0|0|0|0|0|0|0|0|0|0|0|0|0|0|0|0|0|0|0|0|0|0|0|0|0|0|0|0|0|0|0|0|0|0|0|0|0|0|0|0|0|0|0|0|67|2|65|61|29|31|0|1|0|0|4|4|0|3|1|0|0|0|0|0|0|0|0|0|0|0|0|0|0|0|0|0|0|0|0|0|0|0|0|0|0|0|0|0|0|0|0|0|0|0|0|0|0|0|0|0|0|0|0|0|0|0|0|0|0|0|0|0|0|0|0|0|0
DHCST|NY|000|05|0212395|42|42|42|0|0|42|37|1|0|3|0|0|1|42|41|1|42|41|37|1|0|3|0|0|0|1|0|0|0|0|0|0|1|43|38|1|0|3|0|1|43|41|37|1|0|3|0|0|2|1|0|0|0|0|1|42|41|37|1|0|3|0|0|1|1|0|0|0|0|1|0|0|0|0|0|0|0|0|0|0|0|0|0|0|0|0|0|0|0|0|0|0|0|0|0|0|0|0|0|0|0|0|0|0|0|0|0|0|0|0|0|0|0|0|0|0|0|0|0|0|0|0|0|0|0|0|42|1|41|41|37|1|0|3|0|0|0|0|0|0|0|0|0|0|0|0|0|0|0|0|0|0|0|0|0|0|0|0|0|0|0|0|0|0|0|0|0|0|0|0|0|0|0|0|0|0|0|0|0|0|0|0|0|0|0|0|0|0|0|0|0|0|0|0|0|0|0|0|0
DHCST|NY|000|05|0212396|45|45|45|0|0|45|23|20|0|0|0|0|2|45|45|0|45|45|23|20|0|0|0|0|2|0|0|0|0|0|0|0|0|47|25|21|0|1|0|0|47|47|25|21|0|1|0|0|0|0|0|0|0|0|0|45|43|23|20|0|0|0|0|2|2|1|0|1|0|0|0|0|0|0|0|0|0|0|0|0|0|0|0|0|0|0|0|0|0|0|0|0|0|0|0|0|0|0|0|0|0|0|0|0|0|0|0|0|0|0|0|0|0|0|0|0|0|0|0|0|0|0|0|0|0|0|45|0|45|43|23|20|0|0|0|0|2|2|1|0|1|0|0|0|0|0|0|0|0|0|0|0|0|0|0|0|0|0|0|0|0|0|0|0|0|0|0|0|0|0|0|0|0|0|0|0|0|0|0|0|0|0|0|0|0|0|0|0|0|0|0|0|0|0|0|0|0|0|0
DHCST|NY|000|05|0212397|80|80|80|0|0|80|53|22|1|0|0|2|2|80|73|7|80|73|53|18|1|0|0|0|1|7|0|4|0|0|0|2|1|83|54|23|2|1|0|3|83|75|54|19|1|1|0|0|8|0|4|1|0|0|3|80|78|53|22|1|0|0|2|2|1|0|0|0|0|0|0|0|0|0|0|0|1|0|0|0|1|0|1|0|0|0|0|0|0|0|0|0|0|0|0|0|0|0|0|0|0|0|0|0|0|0|0|0|0|0|0|0|0|0|0|0|0|0|0|0|0|0|0|0|0|0|80|7|73|72|53|18|1|0|0|0|1|0|0|0|0|0|0|0|0|0|0|0|0|0|0|0|0|1|0|1|0|0|0|0|0|0|0|0|0|0|0|0|0|0|0|0|0|0|0|0|0|0|0|0|0|0|0|0|0|0|0|0|0|0|0|0|0|0|0|0|0|0|0
DHCST|NY|000|05|0212398|80|80|80|0|0|80|25|41|0|7|0|0|7|80|80|0|80|80|25|41|0|7|0|0|7|0|0|0|0|0|0|0|0|87|32|48|0|7|0|0|87|87|32|48|0|7|0|0|0|0|0|0|0|0|0|80|73|25|41|0|7|0|0|7|7|7|0|0|0|0|0|0|0|0|0|0|0|0|0|0|0|0|0|0|0|0|0|0|0|0|0|0|0|0|0|0|0|0|0|0|0|0|0|0|0|0|0|0|0|0|0|0|0|0|0|0|0|0|0|0|0|0|0|0|0|0|80|0|80|73|25|41|0|7|0|0|7|7|7|0|0|0|0|0|0|0|0|0|0|0|0|0|0|0|0|0|0|0|0|0|0|0|0|0|0|0|0|0|0|0|0|0|0|0|0|0|0|0|0|0|0|0|0|0|0|0|0|0|0|0|0|0|0|0|0|0|0|0|0
DHCST|NY|000|05|0212399|0|0|0|0|0|0|0|0|0|0|0|0|0|0|0|0|0|0|0|0|0|0|0|0|0|0|0|0|0|0|0|0|0|0|0|0|0|0|0|0|0|0|0|0|0|0|0|0|0|0|0|0|0|0|0|0|0|0|0|0|0|0|0|0|0|0|0|0|0|0|0|0|0|0|0|0|0|0|0|0|0|0|0|0|0|0|0|0|0|0|0|0|0|0|0|0|0|0|0|0|0|0|0|0|0|0|0|0|0|0|0|0|0|0|0|0|0|0|0|0|0|0|0|0|0|0|0|0|0|0|0|0|0|0|0|0|0|0|0|0|0|0|0|0|0|0|0|0|0|0|0|0|0|0|0|0|0|0|0|0|0|0|0|0|0|0|0|0|0|0|0|0|0|0|0|0|0|0|0|0|0|0|0|0|0|0|0|0|0|0|0|0|0|0|0|0|0|0|0
DHCST|NY|000|05|0212400|50|50|50|0|0|50|26|2|3|8|0|0|11|50|44|6|50|44|23|2|3|8|0|0|8|6|3|0|0|0|0|0|3|63|37|8|3|8|0|7|63|54|31|8|3|8|0|4|9|6|0|0|0|0|3|50|39|26|2|3|8|0|0|11|9|4|0|0|0|5|0|0|0|0|0|0|0|0|0|0|2|0|0|0|2|0|0|0|0|0|0|0|0|0|0|0|0|0|0|0|0|0|0|0|0|0|0|0|0|0|0|0|0|0|0|0|0|0|0|0|0|0|0|0|0|0|50|6|44|36|23|2|3|8|0|0|8|6|4|0|0|0|2|0|0|0|0|0|0|0|0|0|0|2|0|0|0|2|0|0|0|0|0|0|0|0|0|0|0|0|0|0|0|0|0|0|0|0|0|0|0|0|0|0|0|0|0|0|0|0|0|0|0|0|0|0|0|0|0
DHCST|NY|000|05|0212401|85|85|85|0|0|85|37|10|0|21|0|13|4|85|69|16|85|69|37|10|0|21|0|0|1|16|0|0|0|0|0|13|3|91|41|11|2|21|0|16|91|70|38|11|0|21|0|0|21|3|0|2|0|0|16|85|81|37|10|0|21|0|13|4|2|1|0|0|0|1|0|0|0|0|0|0|0|0|0|0|2|0|0|0|0|0|0|2|0|0|0|0|0|0|0|0|0|0|0|0|0|0|0|0|0|0|0|0|0|0|0|0|0|0|0|0|0|0|0|0|0|0|0|0|0|0|85|16|69|68|37|10|0|21|0|0|1|1|1|0|0|0|0|0|0|0|0|0|0|0|0|0|0|0|0|0|0|0|0|0|0|0|0|0|0|0|0|0|0|0|0|0|0|0|0|0|0|0|0|0|0|0|0|0|0|0|0|0|0|0|0|0|0|0|0|0|0|0|0
DHCST|NY|000|05|0212402|86|86|86|0|0|86|36|15|1|22|1|2|9|86|78|8|86|78|36|15|1|22|0|0|4|8|0|0|0|0|1|2|5|95|44|19|2|23|1|6|95|82|40|18|2|22|0|0|13|4|1|0|1|1|6|86|77|36|15|1|22|1|2|9|9|4|1|0|0|3|0|0|0|0|0|0|0|0|1|0|0|0|0|0|0|0|0|0|0|0|0|0|0|0|0|0|0|0|0|0|0|0|0|0|0|0|0|0|0|0|0|0|0|0|0|0|0|0|0|0|0|0|0|0|0|0|86|8|78|74|36|15|1|22|0|0|4|4|3|1|0|0|0|0|0|0|0|0|0|0|0|0|0|0|0|0|0|0|0|0|0|0|0|0|0|0|0|0|0|0|0|0|0|0|0|0|0|0|0|0|0|0|0|0|0|0|0|0|0|0|0|0|0|0|0|0|0|0|0
DHCST|NY|000|05|0212403|59|59|59|0|0|59|32|8|0|16|0|0|3|59|56|3|59|56|31|8|0|16|0|0|1|3|1|0|0|0|0|0|2|62|35|8|0|17|0|2|62|57|32|8|0|17|0|0|5|3|0|0|0|0|2|59|56|32|8|0|16|0|0|3|3|0|0|1|0|2|0|0|0|0|0|0|0|0|0|0|0|0|0|0|0|0|0|0|0|0|0|0|0|0|0|0|0|0|0|0|0|0|0|0|0|0|0|0|0|0|0|0|0|0|0|0|0|0|0|0|0|0|0|0|0|0|59|3|56|55|31|8|0|16|0|0|1|1|0|0|1|0|0|0|0|0|0|0|0|0|0|0|0|0|0|0|0|0|0|0|0|0|0|0|0|0|0|0|0|0|0|0|0|0|0|0|0|0|0|0|0|0|0|0|0|0|0|0|0|0|0|0|0|0|0|0|0|0|0
DHCST|NY|000|05|0212404|0|0|0|0|0|0|0|0|0|0|0|0|0|0|0|0|0|0|0|0|0|0|0|0|0|0|0|0|0|0|0|0|0|0|0|0|0|0|0|0|0|0|0|0|0|0|0|0|0|0|0|0|0|0|0|0|0|0|0|0|0|0|0|0|0|0|0|0|0|0|0|0|0|0|0|0|0|0|0|0|0|0|0|0|0|0|0|0|0|0|0|0|0|0|0|0|0|0|0|0|0|0|0|0|0|0|0|0|0|0|0|0|0|0|0|0|0|0|0|0|0|0|0|0|0|0|0|0|0|0|0|0|0|0|0|0|0|0|0|0|0|0|0|0|0|0|0|0|0|0|0|0|0|0|0|0|0|0|0|0|0|0|0|0|0|0|0|0|0|0|0|0|0|0|0|0|0|0|0|0|0|0|0|0|0|0|0|0|0|0|0|0|0|0|0|0|0|0|0
DHCST|NY|000|05|0212405|55|55|55|0|0|55|36|9|0|7|0|3|0|55|47|8|55|47|34|6|0|7|0|0|0|8|2|3|0|0|0|3|0|55|36|9|0|7|0|3|55|47|34|6|0|7|0|0|8|2|3|0|0|0|3|55|55|36|9|0|7|0|3|0|0|0|0|0|0|0|0|0|0|0|0|0|0|0|0|0|0|0|0|0|0|0|0|0|0|0|0|0|0|0|0|0|0|0|0|0|0|0|0|0|0|0|0|0|0|0|0|0|0|0|0|0|0|0|0|0|0|0|0|0|0|0|55|8|47|47|34|6|0|7|0|0|0|0|0|0|0|0|0|0|0|0|0|0|0|0|0|0|0|0|0|0|0|0|0|0|0|0|0|0|0|0|0|0|0|0|0|0|0|0|0|0|0|0|0|0|0|0|0|0|0|0|0|0|0|0|0|0|0|0|0|0|0|0|0
DHCST|NY|000|05|0212406|91|91|91|0|0|91|49|26|4|1|0|0|11|91|82|9|91|82|49|25|0|1|0|0|7|9|0|1|4|0|0|0|4|102|58|30|9|2|0|3|102|89|55|27|5|1|0|1|13|3|3|4|1|0|2|91|80|49|26|4|1|0|0|11|11|2|5|0|0|2|0|1|0|1|0|0|0|0|0|0|0|0|0|0|0|0|0|0|0|0|0|0|0|0|0|0|0|0|0|0|0|0|0|0|0|0|0|0|0|0|0|0|0|0|0|0|0|0|0|0|0|0|0|0|0|0|91|9|82|75|49|25|0|1|0|0|7|7|1|5|0|0|0|0|0|0|1|0|0|0|0|0|0|0|0|0|0|0|0|0|0|0|0|0|0|0|0|0|0|0|0|0|0|0|0|0|0|0|0|0|0|0|0|0|0|0|0|0|0|0|0|0|0|0|0|0|0|0|0
DHCST|NY|000|05|0212407|116|116|116|0|0|116|40|43|0|9|0|11|13|116|101|15|116|101|40|42|0|9|0|0|10|15|0|1|0|0|0|11|3|129|52|44|2|9|0|22|129|111|49|43|2|9|0|8|18|3|1|0|0|0|14|116|103|40|43|0|9|0|11|13|13|0|2|0|0|10|0|0|0|1|0|0|0|0|0|0|0|0|0|0|0|0|0|0|0|0|0|0|0|0|0|0|0|0|0|0|0|0|0|0|0|0|0|0|0|0|0|0|0|0|0|0|0|0|0|0|0|0|0|0|0|0|116|15|101|91|40|42|0|9|0|0|10|10|0|2|0|0|7|0|0|0|1|0|0|0|0|0|0|0|0|0|0|0|0|0|0|0|0|0|0|0|0|0|0|0|0|0|0|0|0|0|0|0|0|0|0|0|0|0|0|0|0|0|0|0|0|0|0|0|0|0|0|0|0
DHCST|NY|000|05|0212408|65|65|65|0|0|65|32|17|2|0|0|5|9|65|59|6|65|59|32|15|2|0|0|1|9|6|0|2|0|0|0|4|0|74|41|23|4|1|0|5|74|68|41|21|4|1|0|1|6|0|2|0|0|0|4|65|56|32|17|2|0|0|5|9|9|6|2|1|0|0|0|0|0|0|0|0|0|0|0|0|0|0|0|0|0|0|0|0|0|0|0|0|0|0|0|0|0|0|0|0|0|0|0|0|0|0|0|0|0|0|0|0|0|0|0|0|0|0|0|0|0|0|0|0|0|0|65|6|59|50|32|15|2|0|0|1|9|9|6|2|1|0|0|0|0|0|0|0|0|0|0|0|0|0|0|0|0|0|0|0|0|0|0|0|0|0|0|0|0|0|0|0|0|0|0|0|0|0|0|0|0|0|0|0|0|0|0|0|0|0|0|0|0|0|0|0|0|0|0
DHCST|NY|000|05|0212409|98|98|98|0|0|98|62|19|0|2|0|12|3|98|84|14|98|84|61|19|0|2|0|0|2|14|1|0|0|0|0|12|1|101|65|20|0|2|0|14|101|86|63|20|0|2|0|1|15|2|0|0|0|0|13|98|95|62|19|0|2|0|12|3|3|1|0|0|0|2|0|0|0|0|0|0|0|0|0|0|0|0|0|0|0|0|0|0|0|0|0|0|0|0|0|0|0|0|0|0|0|0|0|0|0|0|0|0|0|0|0|0|0|0|0|0|0|0|0|0|0|0|0|0|0|0|98|14|84|82|61|19|0|2|0|0|2|2|1|0|0|0|1|0|0|0|0|0|0|0|0|0|0|0|0|0|0|0|0|0|0|0|0|0|0|0|0|0|0|0|0|0|0|0|0|0|0|0|0|0|0|0|0|0|0|0|0|0|0|0|0|0|0|0|0|0|0|0|0
DHCST|NY|000|05|0212410|81|81|81|0|0|81|42|9|4|5|0|6|15|81|74|7|81|74|42|9|4|5|0|0|14|7|0|0|0|0|0|6|1|97|57|17|5|11|0|7|97|88|56|17|4|11|0|0|9|1|0|1|0|0|7|81|66|42|9|4|5|0|6|15|14|8|0|6|0|0|0|0|0|0|0|0|0|0|0|0|1|0|0|0|0|0|0|1|0|0|0|0|0|0|0|0|0|0|0|0|0|0|0|0|0|0|0|0|0|0|0|0|0|0|0|0|0|0|0|0|0|0|0|0|0|0|81|7|74|60|42|9|4|5|0|0|14|14|8|0|6|0|0|0|0|0|0|0|0|0|0|0|0|0|0|0|0|0|0|0|0|0|0|0|0|0|0|0|0|0|0|0|0|0|0|0|0|0|0|0|0|0|0|0|0|0|0|0|0|0|0|0|0|0|0|0|0|0|0
DHCST|NY|000|05|0212411|136|136|136|0|0|136|40|41|2|44|0|2|7|136|134|2|136|134|40|41|2|44|0|0|7|2|0|0|0|0|0|2|0|147|47|45|6|47|0|2|147|145|47|45|6|47|0|0|2|0|0|0|0|0|2|136|129|40|41|2|44|0|2|7|3|0|0|3|0|0|0|0|0|0|0|0|0|0|0|0|4|4|0|0|0|0|0|0|0|0|0|0|0|0|0|0|0|0|0|0|0|0|0|0|0|0|0|0|0|0|0|0|0|0|0|0|0|0|0|0|0|0|0|0|0|0|136|2|134|127|40|41|2|44|0|0|7|3|0|0|3|0|0|0|0|0|0|0|0|0|0|0|0|4|4|0|0|0|0|0|0|0|0|0|0|0|0|0|0|0|0|0|0|0|0|0|0|0|0|0|0|0|0|0|0|0|0|0|0|0|0|0|0|0|0|0|0|0|0
DHCST|NY|000|05|0212412|145|145|145|0|0|145|86|33|0|4|0|6|16|145|137|8|145|137|84|28|0|4|0|5|16|8|2|5|0|0|0|1|0|161|102|37|12|4|0|6|161|153|100|32|12|4|0|5|8|2|5|0|0|0|1|145|129|86|33|0|4|0|6|16|16|4|12|0|0|0|0|0|0|0|0|0|0|0|0|0|0|0|0|0|0|0|0|0|0|0|0|0|0|0|0|0|0|0|0|0|0|0|0|0|0|0|0|0|0|0|0|0|0|0|0|0|0|0|0|0|0|0|0|0|0|0|145|8|137|121|84|28|0|4|0|5|16|16|4|12|0|0|0|0|0|0|0|0|0|0|0|0|0|0|0|0|0|0|0|0|0|0|0|0|0|0|0|0|0|0|0|0|0|0|0|0|0|0|0|0|0|0|0|0|0|0|0|0|0|0|0|0|0|0|0|0|0|0|0
DHCST|NY|000|05|0212413|92|92|92|0|0|92|26|44|1|18|0|0|3|92|88|4|92|88|22|44|1|18|0|0|3|4|4|0|0|0|0|0|0|95|29|44|4|18|0|0|95|91|25|44|4|18|0|0|4|4|0|0|0|0|0|92|89|26|44|1|18|0|0|3|3|0|3|0|0|0|0|0|0|0|0|0|0|0|0|0|0|0|0|0|0|0|0|0|0|0|0|0|0|0|0|0|0|0|0|0|0|0|0|0|0|0|0|0|0|0|0|0|0|0|0|0|0|0|0|0|0|0|0|0|0|0|92|4|88|85|22|44|1|18|0|0|3|3|0|3|0|0|0|0|0|0|0|0|0|0|0|0|0|0|0|0|0|0|0|0|0|0|0|0|0|0|0|0|0|0|0|0|0|0|0|0|0|0|0|0|0|0|0|0|0|0|0|0|0|0|0|0|0|0|0|0|0|0|0
DHCST|NY|000|05|0212414|40|40|40|0|0|40|20|7|4|5|0|0|4|40|40|0|40|40|20|7|4|5|0|0|4|0|0|0|0|0|0|0|0|45|24|8|4|9|0|0|45|45|24|8|4|9|0|0|0|0|0|0|0|0|0|40|36|20|7|4|5|0|0|4|3|0|0|3|0|0|0|0|0|0|0|0|0|0|0|0|1|0|1|0|0|0|0|0|0|0|0|0|0|0|0|0|0|0|0|0|0|0|0|0|0|0|0|0|0|0|0|0|0|0|0|0|0|0|0|0|0|0|0|0|0|0|40|0|40|36|20|7|4|5|0|0|4|3|0|0|3|0|0|0|0|0|0|0|0|0|0|0|0|1|0|1|0|0|0|0|0|0|0|0|0|0|0|0|0|0|0|0|0|0|0|0|0|0|0|0|0|0|0|0|0|0|0|0|0|0|0|0|0|0|0|0|0|0|0
DHCST|NY|000|05|0212415|84|84|84|0|0|84|43|29|0|6|0|0|6|84|80|4|84|80|43|29|0|6|0|0|2|4|0|0|0|0|0|0|4|90|49|32|2|6|0|1|90|82|45|29|2|6|0|0|8|4|3|0|0|0|1|84|78|43|29|0|6|0|0|6|6|3|2|0|0|1|0|0|0|0|0|0|0|0|0|0|0|0|0|0|0|0|0|0|0|0|0|0|0|0|0|0|0|0|0|0|0|0|0|0|0|0|0|0|0|0|0|0|0|0|0|0|0|0|0|0|0|0|0|0|0|0|84|4|80|78|43|29|0|6|0|0|2|2|0|2|0|0|0|0|0|0|0|0|0|0|0|0|0|0|0|0|0|0|0|0|0|0|0|0|0|0|0|0|0|0|0|0|0|0|0|0|0|0|0|0|0|0|0|0|0|0|0|0|0|0|0|0|0|0|0|0|0|0|0
DHCST|NY|000|05|0212416|129|129|129|0|0|129|66|45|6|2|0|0|10|129|123|6|129|123|65|42|6|2|0|0|8|6|1|3|0|0|0|0|2|139|76|52|6|3|0|2|139|131|73|49|6|3|0|0|8|3|3|0|0|0|2|129|119|66|45|6|2|0|0|10|10|7|0|1|0|2|0|0|0|0|0|0|0|0|0|0|0|0|0|0|0|0|0|0|0|0|0|0|0|0|0|0|0|0|0|0|0|0|0|0|0|0|0|0|0|0|0|0|0|0|0|0|0|0|0|0|0|0|0|0|0|0|129|6|123|115|65|42|6|2|0|0|8|8|7|0|1|0|0|0|0|0|0|0|0|0|0|0|0|0|0|0|0|0|0|0|0|0|0|0|0|0|0|0|0|0|0|0|0|0|0|0|0|0|0|0|0|0|0|0|0|0|0|0|0|0|0|0|0|0|0|0|0|0|0
DHCST|NY|000|05|0212417|139|139|139|0|0|139|81|45|3|2|0|0|8|139|135|4|139|135|80|45|3|2|0|0|5|4|1|0|0|0|0|0|3|148|89|48|4|4|0|3|148|141|85|48|4|4|0|0|7|4|0|0|0|0|3|139|131|81|45|3|2|0|0|8|7|2|0|2|0|3|0|0|0|0|0|0|0|0|0|0|1|1|0|0|0|0|0|0|0|0|0|0|0|0|0|0|0|0|0|0|0|0|0|0|0|0|0|0|0|0|0|0|0|0|0|0|0|0|0|0|0|0|0|0|0|0|139|4|135|130|80|45|3|2|0|0|5|4|2|0|2|0|0|0|0|0|0|0|0|0|0|0|0|1|1|0|0|0|0|0|0|0|0|0|0|0|0|0|0|0|0|0|0|0|0|0|0|0|0|0|0|0|0|0|0|0|0|0|0|0|0|0|0|0|0|0|0|0|0
DHCST|NY|000|05|0212418|79|79|79|0|0|79|44|8|0|16|0|0|11|79|66|13|79|66|36|8|0|16|0|0|6|13|8|0|0|0|0|0|5|90|50|18|1|16|0|5|90|72|42|13|1|16|0|0|18|8|5|0|0|0|5|79|68|44|8|0|16|0|0|11|11|5|1|0|0|0|0|0|0|5|0|0|0|0|0|0|0|0|0|0|0|0|0|0|0|0|0|0|0|0|0|0|0|0|0|0|0|0|0|0|0|0|0|0|0|0|0|0|0|0|0|0|0|0|0|0|0|0|0|0|0|0|79|13|66|60|36|8|0|16|0|0|6|6|5|1|0|0|0|0|0|0|0|0|0|0|0|0|0|0|0|0|0|0|0|0|0|0|0|0|0|0|0|0|0|0|0|0|0|0|0|0|0|0|0|0|0|0|0|0|0|0|0|0|0|0|0|0|0|0|0|0|0|0|0
DHCST|NY|000|05|0212419|23|23|23|0|0|23|10|5|1|2|0|0|5|23|19|4|23|19|9|2|1|2|0|0|5|4|1|3|0|0|0|0|0|28|15|9|1|3|0|0|28|24|14|6|1|3|0|0|4|1|3|0|0|0|0|23|18|10|5|1|2|0|0|5|5|4|0|1|0|0|0|0|0|0|0|0|0|0|0|0|0|0|0|0|0|0|0|0|0|0|0|0|0|0|0|0|0|0|0|0|0|0|0|0|0|0|0|0|0|0|0|0|0|0|0|0|0|0|0|0|0|0|0|0|0|0|23|4|19|14|9|2|1|2|0|0|5|5|4|0|1|0|0|0|0|0|0|0|0|0|0|0|0|0|0|0|0|0|0|0|0|0|0|0|0|0|0|0|0|0|0|0|0|0|0|0|0|0|0|0|0|0|0|0|0|0|0|0|0|0|0|0|0|0|0|0|0|0|0
DHCST|NY|000|05|0212420|39|39|39|0|0|39|9|18|0|5|0|0|7|39|38|1|39|38|9|18|0|5|0|0|6|1|0|0|0|0|0|0|1|46|16|24|0|5|0|1|46|44|15|24|0|5|0|0|2|1|0|0|0|0|1|39|32|9|18|0|5|0|0|7|7|6|0|0|0|1|0|0|0|0|0|0|0|0|0|0|0|0|0|0|0|0|0|0|0|0|0|0|0|0|0|0|0|0|0|0|0|0|0|0|0|0|0|0|0|0|0|0|0|0|0|0|0|0|0|0|0|0|0|0|0|0|39|1|38|32|9|18|0|5|0|0|6|6|6|0|0|0|0|0|0|0|0|0|0|0|0|0|0|0|0|0|0|0|0|0|0|0|0|0|0|0|0|0|0|0|0|0|0|0|0|0|0|0|0|0|0|0|0|0|0|0|0|0|0|0|0|0|0|0|0|0|0|0|0
DHCST|NY|000|05|0212421|25|25|25|0|0|25|10|12|0|2|0|0|1|25|23|2|25|23|8|12|0|2|0|0|1|2|2|0|0|0|0|0|0|26|11|12|1|2|0|0|26|24|9|12|1|2|0|0|2|2|0|0|0|0|0|25|24|10|12|0|2|0|0|1|1|0|1|0|0|0|0|0|0|0|0|0|0|0|0|0|0|0|0|0|0|0|0|0|0|0|0|0|0|0|0|0|0|0|0|0|0|0|0|0|0|0|0|0|0|0|0|0|0|0|0|0|0|0|0|0|0|0|0|0|0|0|25|2|23|22|8|12|0|2|0|0|1|1|0|1|0|0|0|0|0|0|0|0|0|0|0|0|0|0|0|0|0|0|0|0|0|0|0|0|0|0|0|0|0|0|0|0|0|0|0|0|0|0|0|0|0|0|0|0|0|0|0|0|0|0|0|0|0|0|0|0|0|0|0
DHCST|NY|000|05|0212422|42|42|42|0|0|42|13|14|2|5|0|2|6|42|38|4|42|38|13|14|0|5|0|0|6|4|0|0|2|0|0|2|0|48|18|18|2|5|0|5|48|44|18|18|0|5|0|3|4|0|0|2|0|0|2|42|36|13|14|2|5|0|2|6|6|3|0|0|0|2|0|0|0|1|0|0|0|0|0|0|0|0|0|0|0|0|0|0|0|0|0|0|0|0|0|0|0|0|0|0|0|0|0|0|0|0|0|0|0|0|0|0|0|0|0|0|0|0|0|0|0|0|0|0|0|0|42|4|38|32|13|14|0|5|0|0|6|6|3|0|0|0|2|0|0|0|1|0|0|0|0|0|0|0|0|0|0|0|0|0|0|0|0|0|0|0|0|0|0|0|0|0|0|0|0|0|0|0|0|0|0|0|0|0|0|0|0|0|0|0|0|0|0|0|0|0|0|0|0
DHCST|NY|000|05|0212423|62|62|62|0|0|62|32|22|2|0|0|4|2|62|54|8|62|54|32|22|0|0|0|0|0|8|0|0|2|0|0|4|2|64|34|22|2|0|0|6|64|54|32|22|0|0|0|0|10|2|0|2|0|0|6|62|60|32|22|2|0|0|4|2|2|0|0|0|0|2|0|0|0|0|0|0|0|0|0|0|0|0|0|0|0|0|0|0|0|0|0|0|0|0|0|0|0|0|0|0|0|0|0|0|0|0|0|0|0|0|0|0|0|0|0|0|0|0|0|0|0|0|0|0|0|0|62|8|54|54|32|22|0|0|0|0|0|0|0|0|0|0|0|0|0|0|0|0|0|0|0|0|0|0|0|0|0|0|0|0|0|0|0|0|0|0|0|0|0|0|0|0|0|0|0|0|0|0|0|0|0|0|0|0|0|0|0|0|0|0|0|0|0|0|0|0|0|0|0
DHCST|NY|000|05|0212424|154|154|154|0|0|154|65|60|0|8|0|3|18|154|146|8|154|146|65|60|0|8|0|0|13|8|0|0|0|0|0|3|5|173|81|68|9|8|0|7|173|159|78|65|8|8|0|0|14|3|3|1|0|0|7|154|136|65|60|0|8|0|3|18|17|6|8|0|0|1|0|0|0|2|0|0|0|0|0|0|1|0|0|0|0|0|0|1|0|0|0|0|0|0|0|0|0|0|0|0|0|0|0|0|0|0|0|0|0|0|0|0|0|0|0|0|0|0|0|0|0|0|0|0|0|0|154|8|146|133|65|60|0|8|0|0|13|13|5|8|0|0|0|0|0|0|0|0|0|0|0|0|0|0|0|0|0|0|0|0|0|0|0|0|0|0|0|0|0|0|0|0|0|0|0|0|0|0|0|0|0|0|0|0|0|0|0|0|0|0|0|0|0|0|0|0|0|0|0
DHCST|NY|000|05|0212425|53|53|53|0|0|53|22|8|3|9|0|3|8|53|46|7|53|46|20|8|3|9|0|0|6|7|2|0|0|0|0|3|2|61|28|14|5|9|0|5|61|52|24|14|5|9|0|0|9|4|0|0|0|0|5|53|45|22|8|3|9|0|3|8|8|4|0|0|0|2|2|0|0|0|0|0|0|0|0|0|0|0|0|0|0|0|0|0|0|0|0|0|0|0|0|0|0|0|0|0|0|0|0|0|0|0|0|0|0|0|0|0|0|0|0|0|0|0|0|0|0|0|0|0|0|0|53|7|46|40|20|8|3|9|0|0|6|6|4|0|0|0|0|2|0|0|0|0|0|0|0|0|0|0|0|0|0|0|0|0|0|0|0|0|0|0|0|0|0|0|0|0|0|0|0|0|0|0|0|0|0|0|0|0|0|0|0|0|0|0|0|0|0|0|0|0|0|0|0
DHCST|NY|000|05|0212426|52|52|52|0|0|52|29|7|4|3|0|4|5|52|44|8|52|44|28|7|4|3|0|0|2|8|1|0|0|0|0|4|3|57|34|7|5|3|0|8|57|46|30|7|5|3|0|1|11|4|0|0|0|0|7|52|47|29|7|4|3|0|4|5|5|0|1|0|0|4|0|0|0|0|0|0|0|0|0|0|0|0|0|0|0|0|0|0|0|0|0|0|0|0|0|0|0|0|0|0|0|0|0|0|0|0|0|0|0|0|0|0|0|0|0|0|0|0|0|0|0|0|0|0|0|0|52|8|44|42|28|7|4|3|0|0|2|2|0|1|0|0|1|0|0|0|0|0|0|0|0|0|0|0|0|0|0|0|0|0|0|0|0|0|0|0|0|0|0|0|0|0|0|0|0|0|0|0|0|0|0|0|0|0|0|0|0|0|0|0|0|0|0|0|0|0|0|0|0
DHCST|NY|000|05|0212427|105|105|105|0|0|105|34|28|5|17|0|5|16|105|86|19|105|86|34|24|5|17|0|0|6|19|0|4|0|0|0|5|10|122|49|34|8|17|0|14|122|93|40|29|7|17|0|0|29|9|5|1|0|0|14|105|89|34|28|5|17|0|5|16|15|4|2|0|0|8|0|0|0|1|0|0|0|0|0|0|1|1|0|0|0|0|0|0|0|0|0|0|0|0|0|0|0|0|0|0|0|0|0|0|0|0|0|0|0|0|0|0|0|0|0|0|0|0|0|0|0|0|0|0|0|0|105|19|86|80|34|24|5|17|0|0|6|5|4|1|0|0|0|0|0|0|0|0|0|0|0|0|0|1|1|0|0|0|0|0|0|0|0|0|0|0|0|0|0|0|0|0|0|0|0|0|0|0|0|0|0|0|0|0|0|0|0|0|0|0|0|0|0|0|0|0|0|0|0
DHCST|NY|000|05|0212428|80|80|80|0|0|80|14|44|1|18|0|0|3|80|80|0|80|80|14|44|1|18|0|0|3|0|0|0|0|0|0|0|0|83|17|46|2|18|0|0|83|83|17|46|2|18|0|0|0|0|0|0|0|0|0|80|77|14|44|1|18|0|0|3|3|2|1|0|0|0|0|0|0|0|0|0|0|0|0|0|0|0|0|0|0|0|0|0|0|0|0|0|0|0|0|0|0|0|0|0|0|0|0|0|0|0|0|0|0|0|0|0|0|0|0|0|0|0|0|0|0|0|0|0|0|0|80|0|80|77|14|44|1|18|0|0|3|3|2|1|0|0|0|0|0|0|0|0|0|0|0|0|0|0|0|0|0|0|0|0|0|0|0|0|0|0|0|0|0|0|0|0|0|0|0|0|0|0|0|0|0|0|0|0|0|0|0|0|0|0|0|0|0|0|0|0|0|0|0
DHCST|NY|000|05|0212429|0|0|0|0|0|0|0|0|0|0|0|0|0|0|0|0|0|0|0|0|0|0|0|0|0|0|0|0|0|0|0|0|0|0|0|0|0|0|0|0|0|0|0|0|0|0|0|0|0|0|0|0|0|0|0|0|0|0|0|0|0|0|0|0|0|0|0|0|0|0|0|0|0|0|0|0|0|0|0|0|0|0|0|0|0|0|0|0|0|0|0|0|0|0|0|0|0|0|0|0|0|0|0|0|0|0|0|0|0|0|0|0|0|0|0|0|0|0|0|0|0|0|0|0|0|0|0|0|0|0|0|0|0|0|0|0|0|0|0|0|0|0|0|0|0|0|0|0|0|0|0|0|0|0|0|0|0|0|0|0|0|0|0|0|0|0|0|0|0|0|0|0|0|0|0|0|0|0|0|0|0|0|0|0|0|0|0|0|0|0|0|0|0|0|0|0|0|0|0
DHCST|NY|000|05|0212430|30|30|30|0|0|30|13|9|0|0|0|4|4|30|22|8|30|22|11|9|0|0|0|0|2|8|2|0|0|0|0|4|2|34|16|11|2|0|0|5|34|24|13|10|1|0|0|0|10|3|1|1|0|0|5|30|26|13|9|0|0|0|4|4|4|2|1|0|0|0|0|0|0|0|0|0|1|0|0|0|0|0|0|0|0|0|0|0|0|0|0|0|0|0|0|0|0|0|0|0|0|0|0|0|0|0|0|0|0|0|0|0|0|0|0|0|0|0|0|0|0|0|0|0|0|0|30|8|22|20|11|9|0|0|0|0|2|2|1|1|0|0|0|0|0|0|0|0|0|0|0|0|0|0|0|0|0|0|0|0|0|0|0|0|0|0|0|0|0|0|0|0|0|0|0|0|0|0|0|0|0|0|0|0|0|0|0|0|0|0|0|0|0|0|0|0|0|0|0
DHCST|NY|000|05|0212431|15|15|15|0|0|15|7|2|0|3|0|0|3|15|11|4|15|11|6|2|0|3|0|0|0|4|1|0|0|0|0|0|3|18|8|4|0|3|0|3|18|11|6|2|0|3|0|0|7|2|2|0|0|0|3|15|12|7|2|0|3|0|0|3|3|0|0|0|0|1|0|0|0|2|0|0|0|0|0|0|0|0|0|0|0|0|0|0|0|0|0|0|0|0|0|0|0|0|0|0|0|0|0|0|0|0|0|0|0|0|0|0|0|0|0|0|0|0|0|0|0|0|0|0|0|0|15|4|11|11|6|2|0|3|0|0|0|0|0|0|0|0|0|0|0|0|0|0|0|0|0|0|0|0|0|0|0|0|0|0|0|0|0|0|0|0|0|0|0|0|0|0|0|0|0|0|0|0|0|0|0|0|0|0|0|0|0|0|0|0|0|0|0|0|0|0|0|0|0
DHCST|NY|000|05|0212432|0|0|0|0|0|0|0|0|0|0|0|0|0|0|0|0|0|0|0|0|0|0|0|0|0|0|0|0|0|0|0|0|0|0|0|0|0|0|0|0|0|0|0|0|0|0|0|0|0|0|0|0|0|0|0|0|0|0|0|0|0|0|0|0|0|0|0|0|0|0|0|0|0|0|0|0|0|0|0|0|0|0|0|0|0|0|0|0|0|0|0|0|0|0|0|0|0|0|0|0|0|0|0|0|0|0|0|0|0|0|0|0|0|0|0|0|0|0|0|0|0|0|0|0|0|0|0|0|0|0|0|0|0|0|0|0|0|0|0|0|0|0|0|0|0|0|0|0|0|0|0|0|0|0|0|0|0|0|0|0|0|0|0|0|0|0|0|0|0|0|0|0|0|0|0|0|0|0|0|0|0|0|0|0|0|0|0|0|0|0|0|0|0|0|0|0|0|0|0
DHCST|NY|000|05|0212433|18|18|18|0|0|18|7|4|2|0|0|1|4|18|16|2|18|16|7|4|2|0|0|0|3|2|0|0|0|0|0|1|1|23|10|5|3|1|0|4|23|19|9|5|2|1|0|2|4|1|0|1|0|0|2|18|14|7|4|2|0|0|1|4|3|0|0|0|0|2|0|1|0|0|0|0|0|0|0|0|1|0|0|0|0|0|0|1|0|0|0|0|0|0|0|0|0|0|0|0|0|0|0|0|0|0|0|0|0|0|0|0|0|0|0|0|0|0|0|0|0|0|0|0|0|0|18|2|16|13|7|4|2|0|0|0|3|3|0|0|0|0|2|0|1|0|0|0|0|0|0|0|0|0|0|0|0|0|0|0|0|0|0|0|0|0|0|0|0|0|0|0|0|0|0|0|0|0|0|0|0|0|0|0|0|0|0|0|0|0|0|0|0|0|0|0|0|0|0
DHCST|NY|000|05|0212434|33|33|33|0|0|33|25|0|0|1|0|0|7|33|25|8|33|25|22|0|0|1|0|0|2|8|3|0|0|0|0|0|5|42|31|2|1|3|0|5|42|28|23|1|1|3|0|0|14|8|1|0|0|0|5|33|26|25|0|0|1|0|0|7|5|0|0|0|0|4|0|1|0|0|0|0|0|0|0|0|2|0|0|0|1|1|0|0|0|0|0|0|0|0|0|0|0|0|0|0|0|0|0|0|0|0|0|0|0|0|0|0|0|0|0|0|0|0|0|0|0|0|0|0|0|0|33|8|25|23|22|0|0|1|0|0|2|1|0|0|0|0|0|0|1|0|0|0|0|0|0|0|0|1|0|0|0|0|1|0|0|0|0|0|0|0|0|0|0|0|0|0|0|0|0|0|0|0|0|0|0|0|0|0|0|0|0|0|0|0|0|0|0|0|0|0|0|0|0
DHCST|NY|000|05|0212435|40|40|40|0|0|40|35|2|0|3|0|0|0|40|39|1|40|39|34|2|0|3|0|0|0|1|1|0|0|0|0|0|0|40|35|2|0|3|0|0|40|39|34|2|0|3|0|0|1|1|0|0|0|0|0|40|40|35|2|0|3|0|0|0|0|0|0|0|0|0|0|0|0|0|0|0|0|0|0|0|0|0|0|0|0|0|0|0|0|0|0|0|0|0|0|0|0|0|0|0|0|0|0|0|0|0|0|0|0|0|0|0|0|0|0|0|0|0|0|0|0|0|0|0|0|0|40|1|39|39|34|2|0|3|0|0|0|0|0|0|0|0|0|0|0|0|0|0|0|0|0|0|0|0|0|0|0|0|0|0|0|0|0|0|0|0|0|0|0|0|0|0|0|0|0|0|0|0|0|0|0|0|0|0|0|0|0|0|0|0|0|0|0|0|0|0|0|0|0
DHCST|NY|000|05|0212436|56|56|56|0|0|56|26|18|0|1|0|0|11|56|53|3|56|53|26|18|0|1|0|0|8|3|0|0|0|0|0|0|3|68|37|23|4|1|0|3|68|62|34|23|4|1|0|0|6|3|0|0|0|0|3|56|45|26|18|0|1|0|0|11|10|4|3|0|0|3|0|0|0|0|0|0|0|0|0|0|1|1|0|0|0|0|0|0|0|0|0|0|0|0|0|0|0|0|0|0|0|0|0|0|0|0|0|0|0|0|0|0|0|0|0|0|0|0|0|0|0|0|0|0|0|0|56|3|53|45|26|18|0|1|0|0|8|7|4|3|0|0|0|0|0|0|0|0|0|0|0|0|0|1|1|0|0|0|0|0|0|0|0|0|0|0|0|0|0|0|0|0|0|0|0|0|0|0|0|0|0|0|0|0|0|0|0|0|0|0|0|0|0|0|0|0|0|0|0
DHCST|NY|000|05|0212437|53|53|53|0|0|53|46|2|0|4|0|0|1|53|51|2|53|51|44|2|0|4|0|0|1|2|2|0|0|0|0|0|0|54|47|2|1|4|0|0|54|52|45|2|1|4|0|0|2|2|0|0|0|0|0|53|52|46|2|0|4|0|0|1|1|0|1|0|0|0|0|0|0|0|0|0|0|0|0|0|0|0|0|0|0|0|0|0|0|0|0|0|0|0|0|0|0|0|0|0|0|0|0|0|0|0|0|0|0|0|0|0|0|0|0|0|0|0|0|0|0|0|0|0|0|0|53|2|51|50|44|2|0|4|0|0|1|1|0|1|0|0|0|0|0|0|0|0|0|0|0|0|0|0|0|0|0|0|0|0|0|0|0|0|0|0|0|0|0|0|0|0|0|0|0|0|0|0|0|0|0|0|0|0|0|0|0|0|0|0|0|0|0|0|0|0|0|0|0
DHCST|NY|000|05|0212438|52|52|52|0|0|52|39|5|1|1|0|2|4|52|47|5|52|47|39|5|0|1|0|2|0|5|0|0|1|0|0|0|4|56|43|5|2|1|0|5|56|47|39|5|0|1|0|2|9|4|0|2|0|0|3|52|48|39|5|1|1|0|2|4|4|0|1|0|0|3|0|0|0|0|0|0|0|0|0|0|0|0|0|0|0|0|0|0|0|0|0|0|0|0|0|0|0|0|0|0|0|0|0|0|0|0|0|0|0|0|0|0|0|0|0|0|0|0|0|0|0|0|0|0|0|0|52|5|47|47|39|5|0|1|0|2|0|0|0|0|0|0|0|0|0|0|0|0|0|0|0|0|0|0|0|0|0|0|0|0|0|0|0|0|0|0|0|0|0|0|0|0|0|0|0|0|0|0|0|0|0|0|0|0|0|0|0|0|0|0|0|0|0|0|0|0|0|0|0
DHCST|NY|000|05|0212439|65|65|65|0|0|65|43|18|0|1|0|1|2|65|60|5|65|60|41|16|0|1|0|1|1|5|2|2|0|0|0|0|1|67|44|19|1|1|0|2|67|61|42|16|1|1|0|1|6|2|3|0|0|0|1|65|63|43|18|0|1|0|1|2|2|0|1|0|0|0|0|0|0|1|0|0|0|0|0|0|0|0|0|0|0|0|0|0|0|0|0|0|0|0|0|0|0|0|0|0|0|0|0|0|0|0|0|0|0|0|0|0|0|0|0|0|0|0|0|0|0|0|0|0|0|0|65|5|60|59|41|16|0|1|0|1|1|1|0|1|0|0|0|0|0|0|0|0|0|0|0|0|0|0|0|0|0|0|0|0|0|0|0|0|0|0|0|0|0|0|0|0|0|0|0|0|0|0|0|0|0|0|0|0|0|0|0|0|0|0|0|0|0|0|0|0|0|0|0
DHCST|NY|000|05|0212440|54|54|54|0|0|54|35|0|0|11|0|1|7|54|52|2|54|52|35|0|0|11|0|1|5|2|0|0|0|0|0|0|2|63|41|6|1|12|0|3|63|57|39|4|1|12|0|1|6|2|2|0|0|0|2|54|47|35|0|0|11|0|1|7|5|3|1|0|0|0|0|1|0|0|0|0|0|0|0|0|2|0|0|0|2|0|0|0|0|0|0|0|0|0|0|0|0|0|0|0|0|0|0|0|0|0|0|0|0|0|0|0|0|0|0|0|0|0|0|0|0|0|0|0|0|0|54|2|52|47|35|0|0|11|0|1|5|5|3|1|0|0|0|0|1|0|0|0|0|0|0|0|0|0|0|0|0|0|0|0|0|0|0|0|0|0|0|0|0|0|0|0|0|0|0|0|0|0|0|0|0|0|0|0|0|0|0|0|0|0|0|0|0|0|0|0|0|0|0
DHCST|NY|000|05|0212441|62|62|62|0|0|62|36|10|2|5|0|3|6|62|59|3|62|59|36|10|2|5|0|3|3|3|0|0|0|0|0|0|3|68|42|10|2|5|0|9|68|62|39|10|2|5|0|6|6|3|0|0|0|0|3|62|56|36|10|2|5|0|3|6|6|0|0|0|0|6|0|0|0|0|0|0|0|0|0|0|0|0|0|0|0|0|0|0|0|0|0|0|0|0|0|0|0|0|0|0|0|0|0|0|0|0|0|0|0|0|0|0|0|0|0|0|0|0|0|0|0|0|0|0|0|0|62|3|59|56|36|10|2|5|0|3|3|3|0|0|0|0|3|0|0|0|0|0|0|0|0|0|0|0|0|0|0|0|0|0|0|0|0|0|0|0|0|0|0|0|0|0|0|0|0|0|0|0|0|0|0|0|0|0|0|0|0|0|0|0|0|0|0|0|0|0|0|0|0
DHCST|NY|000|05|0212442|68|68|68|0|0|68|46|2|1|8|0|1|10|68|63|5|68|63|46|2|1|8|0|1|5|5|0|0|0|0|0|0|5|81|56|2|2|11|0|10|81|71|51|2|2|11|0|5|10|5|0|0|0|0|5|68|58|46|2|1|8|0|1|10|7|0|0|0|0|7|0|0|0|0|0|0|0|0|0|0|3|0|0|0|0|1|0|0|0|2|0|0|0|0|0|0|0|0|0|0|0|0|0|0|0|0|0|0|0|0|0|0|0|0|0|0|0|0|0|0|0|0|0|0|0|0|68|5|63|58|46|2|1|8|0|1|5|2|0|0|0|0|2|0|0|0|0|0|0|0|0|0|0|3|0|0|0|0|1|0|0|0|2|0|0|0|0|0|0|0|0|0|0|0|0|0|0|0|0|0|0|0|0|0|0|0|0|0|0|0|0|0|0|0|0|0|0|0|0
DHCST|NY|000|05|0212443|91|91|91|0|0|91|50|5|0|26|0|0|10|91|83|8|91|83|49|5|0|26|0|0|3|8|1|0|0|0|0|0|7|102|60|6|3|26|0|7|102|87|52|6|3|26|0|0|15|8|0|0|0|0|7|91|81|50|5|0|26|0|0|10|9|0|2|0|0|7|0|0|0|0|0|0|0|0|0|0|1|1|0|0|0|0|0|0|0|0|0|0|0|0|0|0|0|0|0|0|0|0|0|0|0|0|0|0|0|0|0|0|0|0|0|0|0|0|0|0|0|0|0|0|0|0|91|8|83|80|49|5|0|26|0|0|3|2|0|2|0|0|0|0|0|0|0|0|0|0|0|0|0|1|1|0|0|0|0|0|0|0|0|0|0|0|0|0|0|0|0|0|0|0|0|0|0|0|0|0|0|0|0|0|0|0|0|0|0|0|0|0|0|0|0|0|0|0|0
DHCST|NY|000|05|0212444|88|88|88|0|0|88|63|22|1|1|0|0|1|88|85|3|88|85|63|21|0|1|0|0|0|3|0|1|1|0|0|0|1|91|64|23|2|1|0|1|91|85|63|21|0|1|0|0|6|1|2|2|0|0|1|88|87|63|22|1|1|0|0|1|0|0|0|0|0|0|0|0|0|0|0|0|0|0|0|0|0|0|0|0|0|0|0|0|0|0|0|0|0|0|0|0|0|0|0|0|0|1|0|0|1|0|0|0|0|0|0|0|0|0|0|0|0|0|0|0|0|0|0|0|0|0|88|3|85|85|63|21|0|1|0|0|0|0|0|0|0|0|0|0|0|0|0|0|0|0|0|0|0|0|0|0|0|0|0|0|0|0|0|0|0|0|0|0|0|0|0|0|0|0|0|0|0|0|0|0|0|0|0|0|0|0|0|0|0|0|0|0|0|0|0|0|0|0|0
DHCST|NY|000|05|0212445|109|109|109|0|0|109|55|24|0|15|0|0|15|109|105|4|109|105|55|24|0|15|0|0|11|4|0|0|0|0|0|0|4|124|68|35|1|15|0|5|124|116|64|35|1|15|0|1|8|4|0|0|0|0|4|109|94|55|24|0|15|0|0|15|15|9|0|0|0|4|1|0|0|1|0|0|0|0|0|0|0|0|0|0|0|0|0|0|0|0|0|0|0|0|0|0|0|0|0|0|0|0|0|0|0|0|0|0|0|0|0|0|0|0|0|0|0|0|0|0|0|0|0|0|0|0|109|4|105|94|55|24|0|15|0|0|11|11|9|0|0|0|0|1|0|0|1|0|0|0|0|0|0|0|0|0|0|0|0|0|0|0|0|0|0|0|0|0|0|0|0|0|0|0|0|0|0|0|0|0|0|0|0|0|0|0|0|0|0|0|0|0|0|0|0|0|0|0|0
DHCST|NY|000|05|0212446|0|0|0|0|0|0|0|0|0|0|0|0|0|0|0|0|0|0|0|0|0|0|0|0|0|0|0|0|0|0|0|0|0|0|0|0|0|0|0|0|0|0|0|0|0|0|0|0|0|0|0|0|0|0|0|0|0|0|0|0|0|0|0|0|0|0|0|0|0|0|0|0|0|0|0|0|0|0|0|0|0|0|0|0|0|0|0|0|0|0|0|0|0|0|0|0|0|0|0|0|0|0|0|0|0|0|0|0|0|0|0|0|0|0|0|0|0|0|0|0|0|0|0|0|0|0|0|0|0|0|0|0|0|0|0|0|0|0|0|0|0|0|0|0|0|0|0|0|0|0|0|0|0|0|0|0|0|0|0|0|0|0|0|0|0|0|0|0|0|0|0|0|0|0|0|0|0|0|0|0|0|0|0|0|0|0|0|0|0|0|0|0|0|0|0|0|0|0|0
DHCST|NY|000|05|0212447|59|59|59|0|0|59|41|0|5|6|0|2|5|59|45|14|59|45|31|0|4|6|0|1|3|14|10|0|1|0|0|1|2|64|44|3|5|8|0|4|64|48|34|1|4|8|0|1|16|10|2|1|0|0|3|59|54|41|0|5|6|0|2|5|5|1|0|2|0|0|0|0|0|2|0|0|0|0|0|0|0|0|0|0|0|0|0|0|0|0|0|0|0|0|0|0|0|0|0|0|0|0|0|0|0|0|0|0|0|0|0|0|0|0|0|0|0|0|0|0|0|0|0|0|0|0|59|14|45|42|31|0|4|6|0|1|3|3|1|0|2|0|0|0|0|0|0|0|0|0|0|0|0|0|0|0|0|0|0|0|0|0|0|0|0|0|0|0|0|0|0|0|0|0|0|0|0|0|0|0|0|0|0|0|0|0|0|0|0|0|0|0|0|0|0|0|0|0|0
DHCST|NY|000|05|0212448|204|204|204|0|0|204|130|40|1|16|0|4|13|204|193|11|204|193|129|37|1|16|0|1|9|11|1|3|0|0|0|3|4|217|141|46|1|17|2|10|217|202|138|43|1|16|0|4|15|3|3|0|1|2|6|204|191|130|40|1|16|0|4|13|13|6|0|0|0|5|0|0|0|0|0|0|0|1|0|1|0|0|0|0|0|0|0|0|0|0|0|0|0|0|0|0|0|0|0|0|0|0|0|0|0|0|0|0|0|0|0|0|0|0|0|0|0|0|0|0|0|0|0|0|0|0|204|11|193|184|129|37|1|16|0|1|9|9|6|0|0|0|3|0|0|0|0|0|0|0|0|0|0|0|0|0|0|0|0|0|0|0|0|0|0|0|0|0|0|0|0|0|0|0|0|0|0|0|0|0|0|0|0|0|0|0|0|0|0|0|0|0|0|0|0|0|0|0|0
DHCST|NY|000|05|0212449|120|120|120|0|0|120|87|19|0|5|0|1|8|120|113|7|120|113|86|15|0|5|0|0|7|7|1|4|0|0|0|1|1|131|95|26|1|6|0|3|131|122|93|21|1|6|0|1|9|2|5|0|0|0|2|120|112|87|19|0|5|0|1|8|5|4|1|0|0|0|0|0|0|0|0|0|0|0|0|0|3|0|1|0|2|0|0|0|0|0|0|0|0|0|0|0|0|0|0|0|0|0|0|0|0|0|0|0|0|0|0|0|0|0|0|0|0|0|0|0|0|0|0|0|0|0|120|7|113|106|86|15|0|5|0|0|7|5|4|1|0|0|0|0|0|0|0|0|0|0|0|0|0|2|0|1|0|1|0|0|0|0|0|0|0|0|0|0|0|0|0|0|0|0|0|0|0|0|0|0|0|0|0|0|0|0|0|0|0|0|0|0|0|0|0|0|0|0|0
DHCST|NY|000|05|0212450|88|88|88|0|0|88|41|26|0|8|0|3|10|88|81|7|88|81|39|26|0|8|0|0|8|7|2|0|0|0|0|3|2|104|51|30|5|11|3|4|104|95|47|29|5|11|3|0|9|4|1|0|0|0|4|88|78|41|26|0|8|0|3|10|4|1|2|0|0|1|0|0|0|0|0|0|0|0|0|0|6|3|0|0|0|0|0|0|3|0|0|0|0|0|0|0|0|0|0|0|0|0|0|0|0|0|0|0|0|0|0|0|0|0|0|0|0|0|0|0|0|0|0|0|0|0|88|7|81|73|39|26|0|8|0|0|8|2|0|2|0|0|0|0|0|0|0|0|0|0|0|0|0|6|3|0|0|0|0|0|0|3|0|0|0|0|0|0|0|0|0|0|0|0|0|0|0|0|0|0|0|0|0|0|0|0|0|0|0|0|0|0|0|0|0|0|0|0|0
DHCST|NY|000|05|0212451|35|35|35|0|0|35|22|8|0|4|0|0|1|35|34|1|35|34|22|8|0|4|0|0|0|1|0|0|0|0|0|0|1|36|23|8|0|4|0|1|36|34|22|8|0|4|0|0|2|1|0|0|0|0|1|35|34|22|8|0|4|0|0|1|1|0|0|0|0|1|0|0|0|0|0|0|0|0|0|0|0|0|0|0|0|0|0|0|0|0|0|0|0|0|0|0|0|0|0|0|0|0|0|0|0|0|0|0|0|0|0|0|0|0|0|0|0|0|0|0|0|0|0|0|0|0|35|1|34|34|22|8|0|4|0|0|0|0|0|0|0|0|0|0|0|0|0|0|0|0|0|0|0|0|0|0|0|0|0|0|0|0|0|0|0|0|0|0|0|0|0|0|0|0|0|0|0|0|0|0|0|0|0|0|0|0|0|0|0|0|0|0|0|0|0|0|0|0|0
DHCST|NY|000|05|0212452|66|66|66|0|0|66|41|0|0|6|1|5|13|66|58|8|66|58|40|0|0|6|1|0|11|8|1|0|0|0|0|5|2|84|54|6|8|9|1|6|84|73|51|4|8|9|1|0|11|3|2|0|0|0|6|66|53|41|0|0|6|1|5|13|8|1|4|3|0|0|0|0|0|0|0|0|0|0|0|0|5|4|0|0|1|0|0|0|0|0|0|0|0|0|0|0|0|0|0|0|0|0|0|0|0|0|0|0|0|0|0|0|0|0|0|0|0|0|0|0|0|0|0|0|0|0|66|8|58|47|40|0|0|6|1|0|11|7|0|4|3|0|0|0|0|0|0|0|0|0|0|0|0|4|4|0|0|0|0|0|0|0|0|0|0|0|0|0|0|0|0|0|0|0|0|0|0|0|0|0|0|0|0|0|0|0|0|0|0|0|0|0|0|0|0|0|0|0|0
DHCST|NY|000|05|0212453|180|180|180|0|0|180|26|67|3|65|0|15|4|180|161|19|180|161|23|67|3|65|0|0|3|19|3|0|0|0|0|15|1|185|29|71|3|66|0|16|185|165|26|70|3|66|0|0|20|3|1|0|0|0|16|180|176|26|67|3|65|0|15|4|3|2|0|0|0|0|0|0|0|1|0|0|0|0|0|0|1|0|1|0|0|0|0|0|0|0|0|0|0|0|0|0|0|0|0|0|0|0|0|0|0|0|0|0|0|0|0|0|0|0|0|0|0|0|0|0|0|0|0|0|0|0|180|19|161|158|23|67|3|65|0|0|3|2|2|0|0|0|0|0|0|0|0|0|0|0|0|0|0|1|0|1|0|0|0|0|0|0|0|0|0|0|0|0|0|0|0|0|0|0|0|0|0|0|0|0|0|0|0|0|0|0|0|0|0|0|0|0|0|0|0|0|0|0|0
DHCST|NY|000|05|0212454|42|42|42|0|0|42|16|5|0|21|0|0|0|42|42|0|42|42|16|5|0|21|0|0|0|0|0|0|0|0|0|0|0|42|16|5|0|21|0|0|42|42|16|5|0|21|0|0|0|0|0|0|0|0|0|42|42|16|5|0|21|0|0|0|0|0|0|0|0|0|0|0|0|0|0|0|0|0|0|0|0|0|0|0|0|0|0|0|0|0|0|0|0|0|0|0|0|0|0|0|0|0|0|0|0|0|0|0|0|0|0|0|0|0|0|0|0|0|0|0|0|0|0|0|0|0|42|0|42|42|16|5|0|21|0|0|0|0|0|0|0|0|0|0|0|0|0|0|0|0|0|0|0|0|0|0|0|0|0|0|0|0|0|0|0|0|0|0|0|0|0|0|0|0|0|0|0|0|0|0|0|0|0|0|0|0|0|0|0|0|0|0|0|0|0|0|0|0|0
DHCST|NY|000|05|0212455|91|91|91|0|0|91|65|11|0|13|0|0|2|91|88|3|91|88|65|10|0|13|0|0|0|3|0|1|0|0|0|0|2|93|67|11|0|13|0|2|93|88|65|10|0|13|0|0|5|2|1|0|0|0|2|91|89|65|11|0|13|0|0|2|2|0|0|0|0|2|0|0|0|0|0|0|0|0|0|0|0|0|0|0|0|0|0|0|0|0|0|0|0|0|0|0|0|0|0|0|0|0|0|0|0|0|0|0|0|0|0|0|0|0|0|0|0|0|0|0|0|0|0|0|0|0|91|3|88|88|65|10|0|13|0|0|0|0|0|0|0|0|0|0|0|0|0|0|0|0|0|0|0|0|0|0|0|0|0|0|0|0|0|0|0|0|0|0|0|0|0|0|0|0|0|0|0|0|0|0|0|0|0|0|0|0|0|0|0|0|0|0|0|0|0|0|0|0|0
DHCST|NY|000|05|0212456|38|38|38|0|0|38|37|0|0|0|0|1|0|38|38|0|38|38|37|0|0|0|0|1|0|0|0|0|0|0|0|0|0|38|37|0|0|0|0|1|38|38|37|0|0|0|0|1|0|0|0|0|0|0|0|38|38|37|0|0|0|0|1|0|0|0|0|0|0|0|0|0|0|0|0|0|0|0|0|0|0|0|0|0|0|0|0|0|0|0|0|0|0|0|0|0|0|0|0|0|0|0|0|0|0|0|0|0|0|0|0|0|0|0|0|0|0|0|0|0|0|0|0|0|0|0|38|0|38|38|37|0|0|0|0|1|0|0|0|0|0|0|0|0|0|0|0|0|0|0|0|0|0|0|0|0|0|0|0|0|0|0|0|0|0|0|0|0|0|0|0|0|0|0|0|0|0|0|0|0|0|0|0|0|0|0|0|0|0|0|0|0|0|0|0|0|0|0|0
DHCST|NY|000|05|0212457|44|44|44|0|0|44|26|9|0|2|0|0|7|44|42|2|44|42|26|9|0|2|0|0|5|2|0|0|0|0|0|0|2|53|32|13|2|4|0|2|53|49|31|12|2|4|0|0|4|1|1|0|0|0|2|44|37|26|9|0|2|0|0|7|5|1|0|2|0|1|0|0|0|1|0|0|0|0|0|0|2|2|0|0|0|0|0|0|0|0|0|0|0|0|0|0|0|0|0|0|0|0|0|0|0|0|0|0|0|0|0|0|0|0|0|0|0|0|0|0|0|0|0|0|0|0|44|2|42|37|26|9|0|2|0|0|5|3|1|0|2|0|0|0|0|0|0|0|0|0|0|0|0|2|2|0|0|0|0|0|0|0|0|0|0|0|0|0|0|0|0|0|0|0|0|0|0|0|0|0|0|0|0|0|0|0|0|0|0|0|0|0|0|0|0|0|0|0|0
DHCST|NY|000|05|0212458|49|49|49|0|0|49|34|4|0|7|0|1|3|49|46|3|49|46|34|2|0|7|0|1|2|3|0|2|0|0|0|0|1|54|37|7|1|7|0|2|54|48|36|4|0|7|0|1|6|1|3|1|0|0|1|49|46|34|4|0|7|0|1|3|2|2|0|0|0|0|0|0|0|0|0|0|0|0|0|0|0|0|0|0|0|0|0|0|0|0|0|0|0|0|0|0|0|0|0|0|0|1|0|0|1|0|0|0|0|0|0|0|0|0|0|0|0|0|0|0|0|0|0|0|0|0|49|3|46|44|34|2|0|7|0|1|2|2|2|0|0|0|0|0|0|0|0|0|0|0|0|0|0|0|0|0|0|0|0|0|0|0|0|0|0|0|0|0|0|0|0|0|0|0|0|0|0|0|0|0|0|0|0|0|0|0|0|0|0|0|0|0|0|0|0|0|0|0|0
DHCST|NY|000|05|0212459|11|11|11|0|0|11|3|0|0|0|0|0|8|11|11|0|11|11|3|0|0|0|0|0|8|0|0|0|0|0|0|0|0|19|11|2|6|0|0|0|19|19|11|2|6|0|0|0|0|0|0|0|0|0|0|11|3|3|0|0|0|0|0|8|8|2|6|0|0|0|0|0|0|0|0|0|0|0|0|0|0|0|0|0|0|0|0|0|0|0|0|0|0|0|0|0|0|0|0|0|0|0|0|0|0|0|0|0|0|0|0|0|0|0|0|0|0|0|0|0|0|0|0|0|0|0|11|0|11|3|3|0|0|0|0|0|8|8|2|6|0|0|0|0|0|0|0|0|0|0|0|0|0|0|0|0|0|0|0|0|0|0|0|0|0|0|0|0|0|0|0|0|0|0|0|0|0|0|0|0|0|0|0|0|0|0|0|0|0|0|0|0|0|0|0|0|0|0|0
DHCST|NY|000|05|0212460|71|71|71|0|0|71|47|4|0|15|0|2|3|71|68|3|71|68|47|3|0|15|0|0|3|3|0|1|0|0|0|2|0|74|48|6|1|15|0|4|74|71|48|5|1|15|0|2|3|0|1|0|0|0|2|71|68|47|4|0|15|0|2|3|3|0|1|0|0|0|0|0|0|2|0|0|0|0|0|0|0|0|0|0|0|0|0|0|0|0|0|0|0|0|0|0|0|0|0|0|0|0|0|0|0|0|0|0|0|0|0|0|0|0|0|0|0|0|0|0|0|0|0|0|0|0|71|3|68|65|47|3|0|15|0|0|3|3|0|1|0|0|0|0|0|0|2|0|0|0|0|0|0|0|0|0|0|0|0|0|0|0|0|0|0|0|0|0|0|0|0|0|0|0|0|0|0|0|0|0|0|0|0|0|0|0|0|0|0|0|0|0|0|0|0|0|0|0|0
DHCST|NY|000|05|0212461|74|74|74|0|0|74|53|12|0|1|0|3|5|74|68|6|74|68|53|12|0|1|0|0|2|6|0|0|0|0|0|3|3|79|55|17|0|1|0|6|79|70|55|14|0|1|0|0|9|0|3|0|0|0|6|74|69|53|12|0|1|0|3|5|5|2|0|0|0|0|0|0|0|3|0|0|0|0|0|0|0|0|0|0|0|0|0|0|0|0|0|0|0|0|0|0|0|0|0|0|0|0|0|0|0|0|0|0|0|0|0|0|0|0|0|0|0|0|0|0|0|0|0|0|0|0|74|6|68|66|53|12|0|1|0|0|2|2|2|0|0|0|0|0|0|0|0|0|0|0|0|0|0|0|0|0|0|0|0|0|0|0|0|0|0|0|0|0|0|0|0|0|0|0|0|0|0|0|0|0|0|0|0|0|0|0|0|0|0|0|0|0|0|0|0|0|0|0|0
DHCST|NY|000|05|0212462|29|29|29|0|0|29|10|5|0|3|0|4|7|29|23|6|29|23|8|5|0|3|0|0|7|6|2|0|0|0|0|4|0|36|16|7|2|6|0|5|36|30|14|7|2|6|0|1|6|2|0|0|0|0|4|29|22|10|5|0|3|0|4|7|7|2|1|2|0|1|0|0|0|0|1|0|0|0|0|0|0|0|0|0|0|0|0|0|0|0|0|0|0|0|0|0|0|0|0|0|0|0|0|0|0|0|0|0|0|0|0|0|0|0|0|0|0|0|0|0|0|0|0|0|0|0|29|6|23|16|8|5|0|3|0|0|7|7|2|1|2|0|1|0|0|0|0|1|0|0|0|0|0|0|0|0|0|0|0|0|0|0|0|0|0|0|0|0|0|0|0|0|0|0|0|0|0|0|0|0|0|0|0|0|0|0|0|0|0|0|0|0|0|0|0|0|0|0|0
DHCST|NY|000|05|0212463|67|67|67|0|0|67|47|6|0|4|1|0|9|67|62|5|67|62|47|3|0|4|1|0|7|5|0|3|0|0|0|0|2|76|56|12|1|4|1|2|76|69|54|9|1|4|1|0|7|2|3|0|0|0|2|67|58|47|6|0|4|1|0|9|9|6|1|0|0|2|0|0|0|0|0|0|0|0|0|0|0|0|0|0|0|0|0|0|0|0|0|0|0|0|0|0|0|0|0|0|0|0|0|0|0|0|0|0|0|0|0|0|0|0|0|0|0|0|0|0|0|0|0|0|0|0|67|5|62|55|47|3|0|4|1|0|7|7|6|1|0|0|0|0|0|0|0|0|0|0|0|0|0|0|0|0|0|0|0|0|0|0|0|0|0|0|0|0|0|0|0|0|0|0|0|0|0|0|0|0|0|0|0|0|0|0|0|0|0|0|0|0|0|0|0|0|0|0|0
DHCST|NY|000|05|0212464|58|58|58|0|0|58|47|2|1|5|0|0|3|58|56|2|58|56|45|2|1|5|0|0|3|2|2|0|0|0|0|0|0|61|50|2|4|5|0|0|61|59|48|2|4|5|0|0|2|2|0|0|0|0|0|58|55|47|2|1|5|0|0|3|3|0|3|0|0|0|0|0|0|0|0|0|0|0|0|0|0|0|0|0|0|0|0|0|0|0|0|0|0|0|0|0|0|0|0|0|0|0|0|0|0|0|0|0|0|0|0|0|0|0|0|0|0|0|0|0|0|0|0|0|0|0|58|2|56|53|45|2|1|5|0|0|3|3|0|3|0|0|0|0|0|0|0|0|0|0|0|0|0|0|0|0|0|0|0|0|0|0|0|0|0|0|0|0|0|0|0|0|0|0|0|0|0|0|0|0|0|0|0|0|0|0|0|0|0|0|0|0|0|0|0|0|0|0|0
DHCST|NY|000|05|0212465|40|40|40|0|0|40|28|4|0|1|0|5|2|40|32|8|40|32|28|1|0|1|0|0|2|8|0|3|0|0|0|5|0|43|30|5|0|3|0|5|43|35|30|2|0|3|0|0|8|0|3|0|0|0|5|40|38|28|4|0|1|0|5|2|1|0|0|1|0|0|0|0|0|0|0|0|0|0|0|0|1|0|1|0|0|0|0|0|0|0|0|0|0|0|0|0|0|0|0|0|0|0|0|0|0|0|0|0|0|0|0|0|0|0|0|0|0|0|0|0|0|0|0|0|0|0|40|8|32|30|28|1|0|1|0|0|2|1|0|0|1|0|0|0|0|0|0|0|0|0|0|0|0|1|0|1|0|0|0|0|0|0|0|0|0|0|0|0|0|0|0|0|0|0|0|0|0|0|0|0|0|0|0|0|0|0|0|0|0|0|0|0|0|0|0|0|0|0|0
DHCST|NY|000|05|0212466|30|30|30|0|0|30|20|1|0|2|0|0|7|30|23|7|30|23|20|1|0|2|0|0|0|7|0|0|0|0|0|0|7|37|27|1|0|2|0|7|37|23|20|1|0|2|0|0|14|7|0|0|0|0|7|30|23|20|1|0|2|0|0|7|7|0|0|0|0|7|0|0|0|0|0|0|0|0|0|0|0|0|0|0|0|0|0|0|0|0|0|0|0|0|0|0|0|0|0|0|0|0|0|0|0|0|0|0|0|0|0|0|0|0|0|0|0|0|0|0|0|0|0|0|0|0|30|7|23|23|20|1|0|2|0|0|0|0|0|0|0|0|0|0|0|0|0|0|0|0|0|0|0|0|0|0|0|0|0|0|0|0|0|0|0|0|0|0|0|0|0|0|0|0|0|0|0|0|0|0|0|0|0|0|0|0|0|0|0|0|0|0|0|0|0|0|0|0|0
DHCST|NY|000|05|0212467|172|172|172|0|0|172|121|29|0|16|0|5|1|172|166|6|172|166|120|29|0|16|0|0|1|6|1|0|0|0|0|5|0|173|122|30|0|16|0|5|173|167|121|30|0|16|0|0|6|1|0|0|0|0|5|172|171|121|29|0|16|0|5|1|1|1|0|0|0|0|0|0|0|0|0|0|0|0|0|0|0|0|0|0|0|0|0|0|0|0|0|0|0|0|0|0|0|0|0|0|0|0|0|0|0|0|0|0|0|0|0|0|0|0|0|0|0|0|0|0|0|0|0|0|0|0|172|6|166|165|120|29|0|16|0|0|1|1|1|0|0|0|0|0|0|0|0|0|0|0|0|0|0|0|0|0|0|0|0|0|0|0|0|0|0|0|0|0|0|0|0|0|0|0|0|0|0|0|0|0|0|0|0|0|0|0|0|0|0|0|0|0|0|0|0|0|0|0|0
DHCST|NY|000|05|0212468|48|48|48|0|0|48|29|5|0|0|0|6|8|48|38|10|48|38|28|5|0|0|0|0|5|10|1|0|0|0|0|6|3|56|37|7|2|0|0|10|56|43|33|7|2|0|0|1|13|4|0|0|0|0|9|48|40|29|5|0|0|0|6|8|8|2|2|0|0|4|0|0|0|0|0|0|0|0|0|0|0|0|0|0|0|0|0|0|0|0|0|0|0|0|0|0|0|0|0|0|0|0|0|0|0|0|0|0|0|0|0|0|0|0|0|0|0|0|0|0|0|0|0|0|0|0|48|10|38|33|28|5|0|0|0|0|5|5|2|2|0|0|1|0|0|0|0|0|0|0|0|0|0|0|0|0|0|0|0|0|0|0|0|0|0|0|0|0|0|0|0|0|0|0|0|0|0|0|0|0|0|0|0|0|0|0|0|0|0|0|0|0|0|0|0|0|0|0|0
DHCST|NY|000|05|0212469|106|106|106|0|0|106|55|26|0|20|0|0|5|106|104|2|106|104|55|26|0|20|0|0|3|2|0|0|0|0|0|0|2|112|59|27|2|20|0|4|112|107|58|26|1|20|0|2|5|1|1|1|0|0|2|106|101|55|26|0|20|0|0|5|4|0|1|0|0|2|0|0|0|1|0|0|0|0|0|0|1|0|0|0|0|0|0|1|0|0|0|0|0|0|0|0|0|0|0|0|0|0|0|0|0|0|0|0|0|0|0|0|0|0|0|0|0|0|0|0|0|0|0|0|0|0|106|2|104|101|55|26|0|20|0|0|3|3|0|1|0|0|2|0|0|0|0|0|0|0|0|0|0|0|0|0|0|0|0|0|0|0|0|0|0|0|0|0|0|0|0|0|0|0|0|0|0|0|0|0|0|0|0|0|0|0|0|0|0|0|0|0|0|0|0|0|0|0|0
DHCST|NY|000|05|0212470|70|70|70|0|0|70|59|3|0|2|0|4|2|70|67|3|70|67|59|3|0|2|0|1|2|3|0|0|0|0|0|3|0|72|61|3|2|2|0|4|72|69|61|3|2|2|0|1|3|0|0|0|0|0|3|70|68|59|3|0|2|0|4|2|2|0|2|0|0|0|0|0|0|0|0|0|0|0|0|0|0|0|0|0|0|0|0|0|0|0|0|0|0|0|0|0|0|0|0|0|0|0|0|0|0|0|0|0|0|0|0|0|0|0|0|0|0|0|0|0|0|0|0|0|0|0|70|3|67|65|59|3|0|2|0|1|2|2|0|2|0|0|0|0|0|0|0|0|0|0|0|0|0|0|0|0|0|0|0|0|0|0|0|0|0|0|0|0|0|0|0|0|0|0|0|0|0|0|0|0|0|0|0|0|0|0|0|0|0|0|0|0|0|0|0|0|0|0|0
DHCST|NY|000|05|0212471|56|56|56|0|0|56|42|6|3|2|0|2|1|56|54|2|56|54|42|6|3|2|0|0|1|2|0|0|0|0|0|2|0|57|43|7|3|2|0|2|57|55|43|7|3|2|0|0|2|0|0|0|0|0|2|56|55|42|6|3|2|0|2|1|1|1|0|0|0|0|0|0|0|0|0|0|0|0|0|0|0|0|0|0|0|0|0|0|0|0|0|0|0|0|0|0|0|0|0|0|0|0|0|0|0|0|0|0|0|0|0|0|0|0|0|0|0|0|0|0|0|0|0|0|0|0|56|2|54|53|42|6|3|2|0|0|1|1|1|0|0|0|0|0|0|0|0|0|0|0|0|0|0|0|0|0|0|0|0|0|0|0|0|0|0|0|0|0|0|0|0|0|0|0|0|0|0|0|0|0|0|0|0|0|0|0|0|0|0|0|0|0|0|0|0|0|0|0|0
DHCST|NY|000|05|0212472|112|112|112|0|0|112|72|31|1|2|0|1|5|112|109|3|112|109|70|31|1|2|0|0|5|3|2|0|0|0|0|1|0|117|76|35|2|2|0|2|117|114|74|35|2|2|0|1|3|2|0|0|0|0|1|112|107|72|31|1|2|0|1|5|5|3|1|0|0|0|0|0|0|1|0|0|0|0|0|0|0|0|0|0|0|0|0|0|0|0|0|0|0|0|0|0|0|0|0|0|0|0|0|0|0|0|0|0|0|0|0|0|0|0|0|0|0|0|0|0|0|0|0|0|0|0|112|3|109|104|70|31|1|2|0|0|5|5|3|1|0|0|0|0|0|0|1|0|0|0|0|0|0|0|0|0|0|0|0|0|0|0|0|0|0|0|0|0|0|0|0|0|0|0|0|0|0|0|0|0|0|0|0|0|0|0|0|0|0|0|0|0|0|0|0|0|0|0|0
DHCST|NY|000|05|0212473|86|86|86|0|0|86|68|9|0|0|0|4|5|86|82|4|86|82|68|9|0|0|0|0|5|4|0|0|0|0|0|4|0|91|73|10|4|0|0|4|91|87|73|10|4|0|0|0|4|0|0|0|0|0|4|86|81|68|9|0|0|0|4|5|5|1|4|0|0|0|0|0|0|0|0|0|0|0|0|0|0|0|0|0|0|0|0|0|0|0|0|0|0|0|0|0|0|0|0|0|0|0|0|0|0|0|0|0|0|0|0|0|0|0|0|0|0|0|0|0|0|0|0|0|0|0|86|4|82|77|68|9|0|0|0|0|5|5|1|4|0|0|0|0|0|0|0|0|0|0|0|0|0|0|0|0|0|0|0|0|0|0|0|0|0|0|0|0|0|0|0|0|0|0|0|0|0|0|0|0|0|0|0|0|0|0|0|0|0|0|0|0|0|0|0|0|0|0|0
DHCST|NY|000|05|0212474|104|104|104|0|0|104|71|20|0|0|0|6|7|104|93|11|104|93|69|20|0|0|0|0|4|11|2|0|0|0|0|6|3|111|77|24|0|0|0|10|111|97|73|23|0|0|0|1|14|4|1|0|0|0|9|104|97|71|20|0|0|0|6|7|7|3|0|0|0|3|0|0|0|1|0|0|0|0|0|0|0|0|0|0|0|0|0|0|0|0|0|0|0|0|0|0|0|0|0|0|0|0|0|0|0|0|0|0|0|0|0|0|0|0|0|0|0|0|0|0|0|0|0|0|0|0|104|11|93|89|69|20|0|0|0|0|4|4|3|0|0|0|1|0|0|0|0|0|0|0|0|0|0|0|0|0|0|0|0|0|0|0|0|0|0|0|0|0|0|0|0|0|0|0|0|0|0|0|0|0|0|0|0|0|0|0|0|0|0|0|0|0|0|0|0|0|0|0|0
DHCST|NY|000|05|0212475|139|139|139|0|0|139|83|26|2|9|0|0|19|139|126|13|139|126|78|25|1|9|0|0|13|13|5|1|1|0|0|0|6|161|94|39|6|12|1|9|161|142|85|36|4|12|1|4|19|9|3|2|0|0|5|139|120|83|26|2|9|0|0|19|18|4|2|0|0|4|1|2|0|5|0|0|0|0|0|0|0|0|0|0|0|0|0|0|0|0|0|0|0|0|0|0|0|0|0|0|0|0|0|0|0|0|0|0|0|0|0|0|0|0|0|0|0|1|1|0|0|0|0|0|0|0|139|13|126|113|78|25|1|9|0|0|13|12|4|2|0|0|0|0|2|0|4|0|0|0|0|0|0|0|0|0|0|0|0|0|0|0|0|0|0|0|0|0|0|0|0|0|0|0|0|0|0|0|0|0|0|0|0|0|0|0|0|0|0|0|1|1|0|0|0|0|0|0|0
DHCST|NY|000|05|0212476|107|107|107|0|0|107|83|16|0|5|0|0|3|107|102|5|107|102|78|16|0|5|0|0|3|5|5|0|0|0|0|0|0|110|86|18|1|5|0|0|110|105|81|18|1|5|0|0|5|5|0|0|0|0|0|107|104|83|16|0|5|0|0|3|3|2|1|0|0|0|0|0|0|0|0|0|0|0|0|0|0|0|0|0|0|0|0|0|0|0|0|0|0|0|0|0|0|0|0|0|0|0|0|0|0|0|0|0|0|0|0|0|0|0|0|0|0|0|0|0|0|0|0|0|0|0|107|5|102|99|78|16|0|5|0|0|3|3|2|1|0|0|0|0|0|0|0|0|0|0|0|0|0|0|0|0|0|0|0|0|0|0|0|0|0|0|0|0|0|0|0|0|0|0|0|0|0|0|0|0|0|0|0|0|0|0|0|0|0|0|0|0|0|0|0|0|0|0|0
DHCST|NY|000|05|0212477|120|120|120|0|0|120|62|23|0|13|0|5|17|120|109|11|120|109|62|23|0|13|0|0|11|11|0|0|0|0|0|5|6|139|79|34|2|13|0|11|139|120|73|34|0|13|0|0|19|6|0|2|0|0|11|120|103|62|23|0|13|0|5|17|15|11|0|0|0|4|0|0|0|0|0|0|0|0|0|0|2|0|0|0|0|0|0|2|0|0|0|0|0|0|0|0|0|0|0|0|0|0|0|0|0|0|0|0|0|0|0|0|0|0|0|0|0|0|0|0|0|0|0|0|0|0|120|11|109|98|62|23|0|13|0|0|11|11|11|0|0|0|0|0|0|0|0|0|0|0|0|0|0|0|0|0|0|0|0|0|0|0|0|0|0|0|0|0|0|0|0|0|0|0|0|0|0|0|0|0|0|0|0|0|0|0|0|0|0|0|0|0|0|0|0|0|0|0|0
DHCST|NY|000|05|0212478|87|87|87|0|0|87|68|7|0|4|0|2|6|87|85|2|87|85|68|7|0|4|0|1|5|2|0|0|0|0|0|1|1|93|74|12|0|4|0|3|93|90|73|12|0|4|0|1|3|1|0|0|0|0|2|87|81|68|7|0|4|0|2|6|6|5|0|0|0|1|0|0|0|0|0|0|0|0|0|0|0|0|0|0|0|0|0|0|0|0|0|0|0|0|0|0|0|0|0|0|0|0|0|0|0|0|0|0|0|0|0|0|0|0|0|0|0|0|0|0|0|0|0|0|0|0|87|2|85|80|68|7|0|4|0|1|5|5|5|0|0|0|0|0|0|0|0|0|0|0|0|0|0|0|0|0|0|0|0|0|0|0|0|0|0|0|0|0|0|0|0|0|0|0|0|0|0|0|0|0|0|0|0|0|0|0|0|0|0|0|0|0|0|0|0|0|0|0|0
DHCST|NY|000|05|0212479|70|70|70|0|0|70|53|5|0|3|0|0|9|70|65|5|70|65|52|5|0|3|0|0|5|5|1|0|0|0|0|0|4|79|62|10|0|3|0|4|79|70|57|10|0|3|0|0|9|5|0|0|0|0|4|70|61|53|5|0|3|0|0|9|9|5|0|0|0|4|0|0|0|0|0|0|0|0|0|0|0|0|0|0|0|0|0|0|0|0|0|0|0|0|0|0|0|0|0|0|0|0|0|0|0|0|0|0|0|0|0|0|0|0|0|0|0|0|0|0|0|0|0|0|0|0|70|5|65|60|52|5|0|3|0|0|5|5|5|0|0|0|0|0|0|0|0|0|0|0|0|0|0|0|0|0|0|0|0|0|0|0|0|0|0|0|0|0|0|0|0|0|0|0|0|0|0|0|0|0|0|0|0|0|0|0|0|0|0|0|0|0|0|0|0|0|0|0|0
DHCST|NY|000|05|0212480|87|87|87|0|0|87|58|16|4|3|0|1|5|87|84|3|87|84|58|15|4|3|0|0|4|3|0|1|0|0|0|1|1|92|62|19|6|3|0|2|92|88|62|17|6|3|0|0|4|0|2|0|0|0|2|87|82|58|16|4|3|0|1|5|5|2|2|0|0|0|0|0|0|1|0|0|0|0|0|0|0|0|0|0|0|0|0|0|0|0|0|0|0|0|0|0|0|0|0|0|0|0|0|0|0|0|0|0|0|0|0|0|0|0|0|0|0|0|0|0|0|0|0|0|0|0|87|3|84|80|58|15|4|3|0|0|4|4|2|2|0|0|0|0|0|0|0|0|0|0|0|0|0|0|0|0|0|0|0|0|0|0|0|0|0|0|0|0|0|0|0|0|0|0|0|0|0|0|0|0|0|0|0|0|0|0|0|0|0|0|0|0|0|0|0|0|0|0|0
DHCST|NY|000|05|0212481|87|87|87|0|0|87|51|21|0|0|0|9|6|87|77|10|87|77|51|21|0|0|0|1|4|10|0|0|0|0|0|8|2|93|57|23|0|0|0|13|93|81|55|23|0|0|0|3|12|2|0|0|0|0|10|87|81|51|21|0|0|0|9|6|6|2|0|0|0|4|0|0|0|0|0|0|0|0|0|0|0|0|0|0|0|0|0|0|0|0|0|0|0|0|0|0|0|0|0|0|0|0|0|0|0|0|0|0|0|0|0|0|0|0|0|0|0|0|0|0|0|0|0|0|0|0|87|10|77|73|51|21|0|0|0|1|4|4|2|0|0|0|2|0|0|0|0|0|0|0|0|0|0|0|0|0|0|0|0|0|0|0|0|0|0|0|0|0|0|0|0|0|0|0|0|0|0|0|0|0|0|0|0|0|0|0|0|0|0|0|0|0|0|0|0|0|0|0|0
DHCST|NY|000|05|0212482|108|108|108|0|0|108|71|1|1|24|0|0|11|108|103|5|108|103|68|0|1|24|0|0|10|5|3|1|0|0|0|0|1|119|82|7|1|24|0|5|119|113|78|6|1|24|0|4|6|4|1|0|0|0|1|108|97|71|1|1|24|0|0|11|11|6|0|0|0|5|0|0|0|0|0|0|0|0|0|0|0|0|0|0|0|0|0|0|0|0|0|0|0|0|0|0|0|0|0|0|0|0|0|0|0|0|0|0|0|0|0|0|0|0|0|0|0|0|0|0|0|0|0|0|0|0|108|5|103|93|68|0|1|24|0|0|10|10|6|0|0|0|4|0|0|0|0|0|0|0|0|0|0|0|0|0|0|0|0|0|0|0|0|0|0|0|0|0|0|0|0|0|0|0|0|0|0|0|0|0|0|0|0|0|0|0|0|0|0|0|0|0|0|0|0|0|0|0|0
DHCST|NY|000|05|0212483|127|127|127|0|0|127|72|20|3|15|0|4|13|127|121|6|127|121|72|20|3|15|0|0|11|6|0|0|0|0|0|4|2|140|84|23|6|22|0|5|140|132|82|23|4|22|0|1|8|2|0|2|0|0|4|127|114|72|20|3|15|0|4|13|13|2|3|7|0|0|0|0|0|1|0|0|0|0|0|0|0|0|0|0|0|0|0|0|0|0|0|0|0|0|0|0|0|0|0|0|0|0|0|0|0|0|0|0|0|0|0|0|0|0|0|0|0|0|0|0|0|0|0|0|0|0|127|6|121|110|72|20|3|15|0|0|11|11|2|1|7|0|0|0|0|0|1|0|0|0|0|0|0|0|0|0|0|0|0|0|0|0|0|0|0|0|0|0|0|0|0|0|0|0|0|0|0|0|0|0|0|0|0|0|0|0|0|0|0|0|0|0|0|0|0|0|0|0|0
DHCST|NY|000|05|0212484|112|112|112|0|0|112|34|47|2|16|0|3|10|112|109|3|112|109|34|47|2|16|0|0|10|3|0|0|0|0|0|3|0|122|44|50|9|16|0|3|122|119|44|50|9|16|0|0|3|0|0|0|0|0|3|112|102|34|47|2|16|0|3|10|10|3|7|0|0|0|0|0|0|0|0|0|0|0|0|0|0|0|0|0|0|0|0|0|0|0|0|0|0|0|0|0|0|0|0|0|0|0|0|0|0|0|0|0|0|0|0|0|0|0|0|0|0|0|0|0|0|0|0|0|0|0|112|3|109|99|34|47|2|16|0|0|10|10|3|7|0|0|0|0|0|0|0|0|0|0|0|0|0|0|0|0|0|0|0|0|0|0|0|0|0|0|0|0|0|0|0|0|0|0|0|0|0|0|0|0|0|0|0|0|0|0|0|0|0|0|0|0|0|0|0|0|0|0|0
DHCST|NY|000|05|0212485|117|117|117|0|0|117|56|22|1|30|0|3|5|117|114|3|117|114|56|22|1|30|0|0|5|3|0|0|0|0|0|3|0|123|61|25|2|31|0|4|123|120|61|25|2|31|0|1|3|0|0|0|0|0|3|117|112|56|22|1|30|0|3|5|4|2|0|1|0|1|0|0|0|0|0|0|0|0|0|0|1|1|0|0|0|0|0|0|0|0|0|0|0|0|0|0|0|0|0|0|0|0|0|0|0|0|0|0|0|0|0|0|0|0|0|0|0|0|0|0|0|0|0|0|0|0|117|3|114|109|56|22|1|30|0|0|5|4|2|0|1|0|1|0|0|0|0|0|0|0|0|0|0|1|1|0|0|0|0|0|0|0|0|0|0|0|0|0|0|0|0|0|0|0|0|0|0|0|0|0|0|0|0|0|0|0|0|0|0|0|0|0|0|0|0|0|0|0|0
DHCST|NY|000|05|0212486|68|68|68|0|0|68|20|15|0|24|0|0|9|68|62|6|68|62|20|15|0|24|0|0|3|6|0|0|0|0|0|0|6|77|26|18|5|24|0|4|77|65|23|15|3|24|0|0|12|3|3|2|0|0|4|68|59|20|15|0|24|0|0|9|9|0|5|0|0|1|0|0|0|3|0|0|0|0|0|0|0|0|0|0|0|0|0|0|0|0|0|0|0|0|0|0|0|0|0|0|0|0|0|0|0|0|0|0|0|0|0|0|0|0|0|0|0|0|0|0|0|0|0|0|0|0|68|6|62|59|20|15|0|24|0|0|3|3|0|3|0|0|0|0|0|0|0|0|0|0|0|0|0|0|0|0|0|0|0|0|0|0|0|0|0|0|0|0|0|0|0|0|0|0|0|0|0|0|0|0|0|0|0|0|0|0|0|0|0|0|0|0|0|0|0|0|0|0|0
DHCST|NY|000|05|0212487|71|71|71|0|0|71|47|17|0|5|0|0|2|71|68|3|71|68|47|15|0|5|0|0|1|3|0|2|0|0|0|0|1|73|49|18|0|5|0|1|73|69|48|16|0|5|0|0|4|1|2|0|0|0|1|71|69|47|17|0|5|0|0|2|2|1|0|0|0|1|0|0|0|0|0|0|0|0|0|0|0|0|0|0|0|0|0|0|0|0|0|0|0|0|0|0|0|0|0|0|0|0|0|0|0|0|0|0|0|0|0|0|0|0|0|0|0|0|0|0|0|0|0|0|0|0|71|3|68|67|47|15|0|5|0|0|1|1|1|0|0|0|0|0|0|0|0|0|0|0|0|0|0|0|0|0|0|0|0|0|0|0|0|0|0|0|0|0|0|0|0|0|0|0|0|0|0|0|0|0|0|0|0|0|0|0|0|0|0|0|0|0|0|0|0|0|0|0|0
DHCST|NY|000|05|0212488|32|32|32|0|0|32|23|1|0|0|0|7|1|32|26|6|32|26|22|0|0|0|0|3|1|6|1|1|0|0|0|4|0|34|24|2|0|0|1|7|34|28|23|1|0|0|1|3|6|1|1|0|0|0|4|32|31|23|1|0|0|0|7|1|0|0|0|0|0|0|0|0|0|0|0|0|0|0|0|0|1|0|0|1|0|0|0|0|0|0|0|0|0|0|0|0|0|0|0|0|0|0|0|0|0|0|0|0|0|0|0|0|0|0|0|0|0|0|0|0|0|0|0|0|0|0|32|6|26|25|22|0|0|0|0|3|1|0|0|0|0|0|0|0|0|0|0|0|0|0|0|0|0|1|0|0|1|0|0|0|0|0|0|0|0|0|0|0|0|0|0|0|0|0|0|0|0|0|0|0|0|0|0|0|0|0|0|0|0|0|0|0|0|0|0|0|0|0|0
DHCST|NY|000|05|0212489|78|78|78|0|0|78|40|20|3|4|0|5|6|78|67|11|78|67|40|20|2|4|0|0|1|11|0|0|1|0|0|5|5|84|45|21|4|4|0|10|84|68|41|20|3|4|0|0|16|4|1|1|0|0|10|78|72|40|20|3|4|0|5|6|6|0|1|0|0|4|0|0|0|1|0|0|0|0|0|0|0|0|0|0|0|0|0|0|0|0|0|0|0|0|0|0|0|0|0|0|0|0|0|0|0|0|0|0|0|0|0|0|0|0|0|0|0|0|0|0|0|0|0|0|0|0|78|11|67|66|40|20|2|4|0|0|1|1|0|1|0|0|0|0|0|0|0|0|0|0|0|0|0|0|0|0|0|0|0|0|0|0|0|0|0|0|0|0|0|0|0|0|0|0|0|0|0|0|0|0|0|0|0|0|0|0|0|0|0|0|0|0|0|0|0|0|0|0|0
DHCST|NY|000|05|0212490|47|47|47|0|0|47|26|1|0|15|0|2|3|47|45|2|47|45|26|0|0|15|0|1|3|2|0|1|0|0|0|1|0|53|29|4|1|16|1|2|53|51|29|3|1|16|1|1|2|0|1|0|0|0|1|47|44|26|1|0|15|0|2|3|2|2|0|0|0|0|0|0|0|0|0|0|0|0|0|0|0|0|0|0|0|0|0|0|0|0|0|0|0|0|0|0|0|0|0|0|0|0|0|0|0|0|0|0|0|0|0|0|0|0|0|0|0|1|1|0|0|0|0|0|0|0|47|2|45|42|26|0|0|15|0|1|3|2|2|0|0|0|0|0|0|0|0|0|0|0|0|0|0|0|0|0|0|0|0|0|0|0|0|0|0|0|0|0|0|0|0|0|0|0|0|0|0|0|0|0|0|0|0|0|0|0|0|0|0|0|1|1|0|0|0|0|0|0|0
DHCST|NY|000|05|0212491|56|56|56|0|0|56|35|12|0|6|0|0|3|56|55|1|56|55|35|12|0|6|0|0|2|1|0|0|0|0|0|0|1|59|38|12|2|6|0|1|59|57|37|12|2|6|0|0|2|1|0|0|0|0|1|56|53|35|12|0|6|0|0|3|3|0|2|0|0|1|0|0|0|0|0|0|0|0|0|0|0|0|0|0|0|0|0|0|0|0|0|0|0|0|0|0|0|0|0|0|0|0|0|0|0|0|0|0|0|0|0|0|0|0|0|0|0|0|0|0|0|0|0|0|0|0|56|1|55|53|35|12|0|6|0|0|2|2|0|2|0|0|0|0|0|0|0|0|0|0|0|0|0|0|0|0|0|0|0|0|0|0|0|0|0|0|0|0|0|0|0|0|0|0|0|0|0|0|0|0|0|0|0|0|0|0|0|0|0|0|0|0|0|0|0|0|0|0|0
DHCST|NY|000|05|0212492|127|127|127|0|0|127|73|38|0|3|0|0|13|127|121|6|127|121|69|37|0|3|0|0|12|6|4|1|0|0|0|0|1|140|85|48|4|3|0|0|140|133|81|46|3|3|0|0|7|4|2|1|0|0|0|127|114|73|38|0|3|0|0|13|13|9|3|0|0|0|1|0|0|0|0|0|0|0|0|0|0|0|0|0|0|0|0|0|0|0|0|0|0|0|0|0|0|0|0|0|0|0|0|0|0|0|0|0|0|0|0|0|0|0|0|0|0|0|0|0|0|0|0|0|0|0|127|6|121|109|69|37|0|3|0|0|12|12|9|3|0|0|0|0|0|0|0|0|0|0|0|0|0|0|0|0|0|0|0|0|0|0|0|0|0|0|0|0|0|0|0|0|0|0|0|0|0|0|0|0|0|0|0|0|0|0|0|0|0|0|0|0|0|0|0|0|0|0|0
DHCST|NY|000|05|0212493|42|42|42|0|0|42|23|4|0|4|0|5|6|42|34|8|42|34|23|4|0|4|0|0|3|8|0|0|0|0|0|5|3|48|28|4|0|5|0|11|48|37|25|4|0|5|0|3|11|3|0|0|0|0|8|42|36|23|4|0|4|0|5|6|6|0|0|0|0|5|0|0|0|0|0|0|0|0|1|0|0|0|0|0|0|0|0|0|0|0|0|0|0|0|0|0|0|0|0|0|0|0|0|0|0|0|0|0|0|0|0|0|0|0|0|0|0|0|0|0|0|0|0|0|0|0|42|8|34|31|23|4|0|4|0|0|3|3|0|0|0|0|2|0|0|0|0|0|0|0|0|1|0|0|0|0|0|0|0|0|0|0|0|0|0|0|0|0|0|0|0|0|0|0|0|0|0|0|0|0|0|0|0|0|0|0|0|0|0|0|0|0|0|0|0|0|0|0|0
DHCST|NY|000|05|0212494|213|213|213|0|0|213|147|31|0|30|0|2|3|213|211|2|213|211|147|31|0|30|0|0|3|2|0|0|0|0|0|2|0|216|150|32|0|32|0|2|216|214|150|32|0|32|0|0|2|0|0|0|0|0|2|213|210|147|31|0|30|0|2|3|3|1|0|2|0|0|0|0|0|0|0|0|0|0|0|0|0|0|0|0|0|0|0|0|0|0|0|0|0|0|0|0|0|0|0|0|0|0|0|0|0|0|0|0|0|0|0|0|0|0|0|0|0|0|0|0|0|0|0|0|0|0|213|2|211|208|147|31|0|30|0|0|3|3|1|0|2|0|0|0|0|0|0|0|0|0|0|0|0|0|0|0|0|0|0|0|0|0|0|0|0|0|0|0|0|0|0|0|0|0|0|0|0|0|0|0|0|0|0|0|0|0|0|0|0|0|0|0|0|0|0|0|0|0|0
DHCST|NY|000|05|0212495|140|140|140|0|0|140|84|26|0|13|0|9|8|140|123|17|140|123|81|26|0|13|0|0|3|17|3|0|0|0|0|9|5|148|90|28|0|14|0|16|148|126|83|27|0|14|0|2|22|7|1|0|0|0|14|140|132|84|26|0|13|0|9|8|8|0|0|0|0|6|0|1|0|1|0|0|0|0|0|0|0|0|0|0|0|0|0|0|0|0|0|0|0|0|0|0|0|0|0|0|0|0|0|0|0|0|0|0|0|0|0|0|0|0|0|0|0|0|0|0|0|0|0|0|0|0|140|17|123|120|81|26|0|13|0|0|3|3|0|0|0|0|2|0|1|0|0|0|0|0|0|0|0|0|0|0|0|0|0|0|0|0|0|0|0|0|0|0|0|0|0|0|0|0|0|0|0|0|0|0|0|0|0|0|0|0|0|0|0|0|0|0|0|0|0|0|0|0|0
DHCST|NY|000|05|0212496|99|99|99|0|0|99|71|10|1|5|0|4|8|99|87|12|99|87|67|6|0|5|0|3|6|12|4|4|1|0|0|1|2|107|77|15|2|7|0|6|107|93|73|9|1|7|0|3|14|4|6|1|0|0|3|99|91|71|10|1|5|0|4|8|8|3|1|2|0|0|0|0|0|2|0|0|0|0|0|0|0|0|0|0|0|0|0|0|0|0|0|0|0|0|0|0|0|0|0|0|0|0|0|0|0|0|0|0|0|0|0|0|0|0|0|0|0|0|0|0|0|0|0|0|0|0|99|12|87|81|67|6|0|5|0|3|6|6|3|1|2|0|0|0|0|0|0|0|0|0|0|0|0|0|0|0|0|0|0|0|0|0|0|0|0|0|0|0|0|0|0|0|0|0|0|0|0|0|0|0|0|0|0|0|0|0|0|0|0|0|0|0|0|0|0|0|0|0|0
DHCST|NY|000|05|0212497|0|0|0|0|0|0|0|0|0|0|0|0|0|0|0|0|0|0|0|0|0|0|0|0|0|0|0|0|0|0|0|0|0|0|0|0|0|0|0|0|0|0|0|0|0|0|0|0|0|0|0|0|0|0|0|0|0|0|0|0|0|0|0|0|0|0|0|0|0|0|0|0|0|0|0|0|0|0|0|0|0|0|0|0|0|0|0|0|0|0|0|0|0|0|0|0|0|0|0|0|0|0|0|0|0|0|0|0|0|0|0|0|0|0|0|0|0|0|0|0|0|0|0|0|0|0|0|0|0|0|0|0|0|0|0|0|0|0|0|0|0|0|0|0|0|0|0|0|0|0|0|0|0|0|0|0|0|0|0|0|0|0|0|0|0|0|0|0|0|0|0|0|0|0|0|0|0|0|0|0|0|0|0|0|0|0|0|0|0|0|0|0|0|0|0|0|0|0|0
DHCST|NY|000|05|0212498|230|230|230|0|0|230|133|25|5|43|1|6|17|230|209|21|230|209|128|25|1|43|1|1|10|21|5|0|4|0|0|5|7|249|150|30|11|45|1|12|249|220|138|29|6|45|1|1|29|12|1|5|0|0|11|230|213|133|25|5|43|1|6|17|15|3|4|2|0|6|0|0|0|0|0|0|0|0|0|0|2|2|0|0|0|0|0|0|0|0|0|0|0|0|0|0|0|0|0|0|0|0|0|0|0|0|0|0|0|0|0|0|0|0|0|0|0|0|0|0|0|0|0|0|0|0|230|21|209|199|128|25|1|43|1|1|10|9|3|4|2|0|0|0|0|0|0|0|0|0|0|0|0|1|1|0|0|0|0|0|0|0|0|0|0|0|0|0|0|0|0|0|0|0|0|0|0|0|0|0|0|0|0|0|0|0|0|0|0|0|0|0|0|0|0|0|0|0|0
DHCST|NY|000|05|0212499|187|187|187|0|0|187|69|59|0|53|0|0|6|187|184|3|187|184|68|57|0|53|0|0|6|3|1|2|0|0|0|0|0|193|74|63|2|54|0|0|193|190|73|61|2|54|0|0|3|1|2|0|0|0|0|187|181|69|59|0|53|0|0|6|6|4|1|0|0|0|0|0|0|0|1|0|0|0|0|0|0|0|0|0|0|0|0|0|0|0|0|0|0|0|0|0|0|0|0|0|0|0|0|0|0|0|0|0|0|0|0|0|0|0|0|0|0|0|0|0|0|0|0|0|0|0|187|3|184|178|68|57|0|53|0|0|6|6|4|1|0|0|0|0|0|0|0|1|0|0|0|0|0|0|0|0|0|0|0|0|0|0|0|0|0|0|0|0|0|0|0|0|0|0|0|0|0|0|0|0|0|0|0|0|0|0|0|0|0|0|0|0|0|0|0|0|0|0|0
DHCST|NY|000|05|0212500|0|0|0|0|0|0|0|0|0|0|0|0|0|0|0|0|0|0|0|0|0|0|0|0|0|0|0|0|0|0|0|0|0|0|0|0|0|0|0|0|0|0|0|0|0|0|0|0|0|0|0|0|0|0|0|0|0|0|0|0|0|0|0|0|0|0|0|0|0|0|0|0|0|0|0|0|0|0|0|0|0|0|0|0|0|0|0|0|0|0|0|0|0|0|0|0|0|0|0|0|0|0|0|0|0|0|0|0|0|0|0|0|0|0|0|0|0|0|0|0|0|0|0|0|0|0|0|0|0|0|0|0|0|0|0|0|0|0|0|0|0|0|0|0|0|0|0|0|0|0|0|0|0|0|0|0|0|0|0|0|0|0|0|0|0|0|0|0|0|0|0|0|0|0|0|0|0|0|0|0|0|0|0|0|0|0|0|0|0|0|0|0|0|0|0|0|0|0|0
DHCST|NY|000|05|0212501|25|25|25|0|0|25|10|9|0|0|0|1|5|25|22|3|25|22|10|9|0|0|0|0|3|3|0|0|0|0|0|1|2|30|14|12|1|1|0|2|30|25|13|11|0|1|0|0|5|1|1|1|0|0|2|25|20|10|9|0|0|0|1|5|5|2|0|1|0|1|1|0|0|0|0|0|0|0|0|0|0|0|0|0|0|0|0|0|0|0|0|0|0|0|0|0|0|0|0|0|0|0|0|0|0|0|0|0|0|0|0|0|0|0|0|0|0|0|0|0|0|0|0|0|0|0|25|3|22|19|10|9|0|0|0|0|3|3|2|0|1|0|0|0|0|0|0|0|0|0|0|0|0|0|0|0|0|0|0|0|0|0|0|0|0|0|0|0|0|0|0|0|0|0|0|0|0|0|0|0|0|0|0|0|0|0|0|0|0|0|0|0|0|0|0|0|0|0|0
DHCST|NY|000|05|0212502|0|0|0|0|0|0|0|0|0|0|0|0|0|0|0|0|0|0|0|0|0|0|0|0|0|0|0|0|0|0|0|0|0|0|0|0|0|0|0|0|0|0|0|0|0|0|0|0|0|0|0|0|0|0|0|0|0|0|0|0|0|0|0|0|0|0|0|0|0|0|0|0|0|0|0|0|0|0|0|0|0|0|0|0|0|0|0|0|0|0|0|0|0|0|0|0|0|0|0|0|0|0|0|0|0|0|0|0|0|0|0|0|0|0|0|0|0|0|0|0|0|0|0|0|0|0|0|0|0|0|0|0|0|0|0|0|0|0|0|0|0|0|0|0|0|0|0|0|0|0|0|0|0|0|0|0|0|0|0|0|0|0|0|0|0|0|0|0|0|0|0|0|0|0|0|0|0|0|0|0|0|0|0|0|0|0|0|0|0|0|0|0|0|0|0|0|0|0|0
DHCST|NY|000|05|0212503|18|18|18|0|0|18|4|9|0|1|0|2|2|18|18|0|18|18|4|9|0|1|0|2|2|0|0|0|0|0|0|0|0|20|6|10|1|1|0|2|20|20|6|10|1|1|0|2|0|0|0|0|0|0|0|18|16|4|9|0|1|0|2|2|2|1|1|0|0|0|0|0|0|0|0|0|0|0|0|0|0|0|0|0|0|0|0|0|0|0|0|0|0|0|0|0|0|0|0|0|0|0|0|0|0|0|0|0|0|0|0|0|0|0|0|0|0|0|0|0|0|0|0|0|0|0|18|0|18|16|4|9|0|1|0|2|2|2|1|1|0|0|0|0|0|0|0|0|0|0|0|0|0|0|0|0|0|0|0|0|0|0|0|0|0|0|0|0|0|0|0|0|0|0|0|0|0|0|0|0|0|0|0|0|0|0|0|0|0|0|0|0|0|0|0|0|0|0|0
DHCST|NY|000|05|0212504|109|109|109|0|0|109|75|16|2|2|0|9|5|109|92|17|109|92|75|13|2|2|0|0|0|17|0|3|0|0|0|9|5|115|76|21|3|2|0|13|115|92|75|13|2|2|0|0|23|1|8|1|0|0|13|109|104|75|16|2|2|0|9|5|4|0|0|0|0|0|0|0|0|4|0|0|0|0|0|0|1|1|0|0|0|0|0|0|0|0|0|0|0|0|0|0|0|0|0|0|0|0|0|0|0|0|0|0|0|0|0|0|0|0|0|0|0|0|0|0|0|0|0|0|0|0|109|17|92|92|75|13|2|2|0|0|0|0|0|0|0|0|0|0|0|0|0|0|0|0|0|0|0|0|0|0|0|0|0|0|0|0|0|0|0|0|0|0|0|0|0|0|0|0|0|0|0|0|0|0|0|0|0|0|0|0|0|0|0|0|0|0|0|0|0|0|0|0|0
DHCST|NY|000|05|0212505|42|42|42|0|0|42|0|15|2|19|0|3|3|42|39|3|42|39|0|15|2|19|0|0|3|3|0|0|0|0|0|3|0|45|3|18|2|19|0|3|45|42|3|18|2|19|0|0|3|0|0|0|0|0|3|42|39|0|15|2|19|0|3|3|3|3|0|0|0|0|0|0|0|0|0|0|0|0|0|0|0|0|0|0|0|0|0|0|0|0|0|0|0|0|0|0|0|0|0|0|0|0|0|0|0|0|0|0|0|0|0|0|0|0|0|0|0|0|0|0|0|0|0|0|0|0|42|3|39|36|0|15|2|19|0|0|3|3|3|0|0|0|0|0|0|0|0|0|0|0|0|0|0|0|0|0|0|0|0|0|0|0|0|0|0|0|0|0|0|0|0|0|0|0|0|0|0|0|0|0|0|0|0|0|0|0|0|0|0|0|0|0|0|0|0|0|0|0|0
DHCST|NY|000|05|0212506|34|34|34|0|0|34|22|3|0|0|0|1|8|34|29|5|34|29|22|3|0|0|0|0|4|5|0|0|0|0|0|1|4|42|30|4|5|0|0|3|42|33|26|4|3|0|0|0|9|4|0|2|0|0|3|34|26|22|3|0|0|0|1|8|8|1|5|0|0|2|0|0|0|0|0|0|0|0|0|0|0|0|0|0|0|0|0|0|0|0|0|0|0|0|0|0|0|0|0|0|0|0|0|0|0|0|0|0|0|0|0|0|0|0|0|0|0|0|0|0|0|0|0|0|0|0|34|5|29|25|22|3|0|0|0|0|4|4|1|3|0|0|0|0|0|0|0|0|0|0|0|0|0|0|0|0|0|0|0|0|0|0|0|0|0|0|0|0|0|0|0|0|0|0|0|0|0|0|0|0|0|0|0|0|0|0|0|0|0|0|0|0|0|0|0|0|0|0|0
DHCST|NY|000|05|0212507|39|39|39|0|0|39|19|5|0|3|0|0|12|39|38|1|39|38|19|5|0|3|0|0|11|1|0|0|0|0|0|0|1|52|29|16|4|3|0|0|52|50|28|15|4|3|0|0|2|1|1|0|0|0|0|39|27|19|5|0|3|0|0|12|11|8|1|0|0|0|2|0|0|0|0|0|0|0|0|0|1|1|0|0|0|0|0|0|0|0|0|0|0|0|0|0|0|0|0|0|0|0|0|0|0|0|0|0|0|0|0|0|0|0|0|0|0|0|0|0|0|0|0|0|0|0|39|1|38|27|19|5|0|3|0|0|11|10|7|1|0|0|0|2|0|0|0|0|0|0|0|0|0|1|1|0|0|0|0|0|0|0|0|0|0|0|0|0|0|0|0|0|0|0|0|0|0|0|0|0|0|0|0|0|0|0|0|0|0|0|0|0|0|0|0|0|0|0|0
DHCST|NY|000|05|0212508|55|55|55|0|0|55|27|15|1|1|0|8|3|55|46|9|55|46|27|15|1|1|0|0|2|9|0|0|0|0|0|8|1|58|30|15|1|3|0|9|58|48|29|15|1|3|0|0|10|1|0|0|0|0|9|55|52|27|15|1|1|0|8|3|3|0|0|2|0|1|0|0|0|0|0|0|0|0|0|0|0|0|0|0|0|0|0|0|0|0|0|0|0|0|0|0|0|0|0|0|0|0|0|0|0|0|0|0|0|0|0|0|0|0|0|0|0|0|0|0|0|0|0|0|0|0|55|9|46|44|27|15|1|1|0|0|2|2|0|0|2|0|0|0|0|0|0|0|0|0|0|0|0|0|0|0|0|0|0|0|0|0|0|0|0|0|0|0|0|0|0|0|0|0|0|0|0|0|0|0|0|0|0|0|0|0|0|0|0|0|0|0|0|0|0|0|0|0|0
DHCST|NY|000|05|0212509|0|0|0|0|0|0|0|0|0|0|0|0|0|0|0|0|0|0|0|0|0|0|0|0|0|0|0|0|0|0|0|0|0|0|0|0|0|0|0|0|0|0|0|0|0|0|0|0|0|0|0|0|0|0|0|0|0|0|0|0|0|0|0|0|0|0|0|0|0|0|0|0|0|0|0|0|0|0|0|0|0|0|0|0|0|0|0|0|0|0|0|0|0|0|0|0|0|0|0|0|0|0|0|0|0|0|0|0|0|0|0|0|0|0|0|0|0|0|0|0|0|0|0|0|0|0|0|0|0|0|0|0|0|0|0|0|0|0|0|0|0|0|0|0|0|0|0|0|0|0|0|0|0|0|0|0|0|0|0|0|0|0|0|0|0|0|0|0|0|0|0|0|0|0|0|0|0|0|0|0|0|0|0|0|0|0|0|0|0|0|0|0|0|0|0|0|0|0|0
DHCST|NY|000|05|0212510|0|0|0|0|0|0|0|0|0|0|0|0|0|0|0|0|0|0|0|0|0|0|0|0|0|0|0|0|0|0|0|0|0|0|0|0|0|0|0|0|0|0|0|0|0|0|0|0|0|0|0|0|0|0|0|0|0|0|0|0|0|0|0|0|0|0|0|0|0|0|0|0|0|0|0|0|0|0|0|0|0|0|0|0|0|0|0|0|0|0|0|0|0|0|0|0|0|0|0|0|0|0|0|0|0|0|0|0|0|0|0|0|0|0|0|0|0|0|0|0|0|0|0|0|0|0|0|0|0|0|0|0|0|0|0|0|0|0|0|0|0|0|0|0|0|0|0|0|0|0|0|0|0|0|0|0|0|0|0|0|0|0|0|0|0|0|0|0|0|0|0|0|0|0|0|0|0|0|0|0|0|0|0|0|0|0|0|0|0|0|0|0|0|0|0|0|0|0|0
DHCST|NY|000|05|0212511|0|0|0|0|0|0|0|0|0|0|0|0|0|0|0|0|0|0|0|0|0|0|0|0|0|0|0|0|0|0|0|0|0|0|0|0|0|0|0|0|0|0|0|0|0|0|0|0|0|0|0|0|0|0|0|0|0|0|0|0|0|0|0|0|0|0|0|0|0|0|0|0|0|0|0|0|0|0|0|0|0|0|0|0|0|0|0|0|0|0|0|0|0|0|0|0|0|0|0|0|0|0|0|0|0|0|0|0|0|0|0|0|0|0|0|0|0|0|0|0|0|0|0|0|0|0|0|0|0|0|0|0|0|0|0|0|0|0|0|0|0|0|0|0|0|0|0|0|0|0|0|0|0|0|0|0|0|0|0|0|0|0|0|0|0|0|0|0|0|0|0|0|0|0|0|0|0|0|0|0|0|0|0|0|0|0|0|0|0|0|0|0|0|0|0|0|0|0|0
DHCST|NY|000|05|0212512|0|0|0|0|0|0|0|0|0|0|0|0|0|0|0|0|0|0|0|0|0|0|0|0|0|0|0|0|0|0|0|0|0|0|0|0|0|0|0|0|0|0|0|0|0|0|0|0|0|0|0|0|0|0|0|0|0|0|0|0|0|0|0|0|0|0|0|0|0|0|0|0|0|0|0|0|0|0|0|0|0|0|0|0|0|0|0|0|0|0|0|0|0|0|0|0|0|0|0|0|0|0|0|0|0|0|0|0|0|0|0|0|0|0|0|0|0|0|0|0|0|0|0|0|0|0|0|0|0|0|0|0|0|0|0|0|0|0|0|0|0|0|0|0|0|0|0|0|0|0|0|0|0|0|0|0|0|0|0|0|0|0|0|0|0|0|0|0|0|0|0|0|0|0|0|0|0|0|0|0|0|0|0|0|0|0|0|0|0|0|0|0|0|0|0|0|0|0|0
DHCST|NY|000|05|0212513|54|54|54|0|0|54|27|10|0|2|0|8|7|54|47|7|54|47|24|10|0|2|0|6|5|7|3|0|0|0|0|2|2|61|34|13|0|2|0|12|61|52|29|13|0|2|0|8|9|5|0|0|0|0|4|54|47|27|10|0|2|0|8|7|7|3|0|0|0|4|0|0|0|0|0|0|0|0|0|0|0|0|0|0|0|0|0|0|0|0|0|0|0|0|0|0|0|0|0|0|0|0|0|0|0|0|0|0|0|0|0|0|0|0|0|0|0|0|0|0|0|0|0|0|0|0|54|7|47|42|24|10|0|2|0|6|5|5|3|0|0|0|2|0|0|0|0|0|0|0|0|0|0|0|0|0|0|0|0|0|0|0|0|0|0|0|0|0|0|0|0|0|0|0|0|0|0|0|0|0|0|0|0|0|0|0|0|0|0|0|0|0|0|0|0|0|0|0|0
DHCST|NY|000|05|0212514|0|0|0|0|0|0|0|0|0|0|0|0|0|0|0|0|0|0|0|0|0|0|0|0|0|0|0|0|0|0|0|0|0|0|0|0|0|0|0|0|0|0|0|0|0|0|0|0|0|0|0|0|0|0|0|0|0|0|0|0|0|0|0|0|0|0|0|0|0|0|0|0|0|0|0|0|0|0|0|0|0|0|0|0|0|0|0|0|0|0|0|0|0|0|0|0|0|0|0|0|0|0|0|0|0|0|0|0|0|0|0|0|0|0|0|0|0|0|0|0|0|0|0|0|0|0|0|0|0|0|0|0|0|0|0|0|0|0|0|0|0|0|0|0|0|0|0|0|0|0|0|0|0|0|0|0|0|0|0|0|0|0|0|0|0|0|0|0|0|0|0|0|0|0|0|0|0|0|0|0|0|0|0|0|0|0|0|0|0|0|0|0|0|0|0|0|0|0|0
DHCST|NY|000|05|0212515|73|73|73|0|0|73|27|30|2|5|0|0|9|73|65|8|73|65|26|27|2|5|0|0|5|8|1|3|0|0|0|0|4|83|34|36|3|5|0|5|83|71|31|31|3|5|0|1|12|3|5|0|0|0|4|73|64|27|30|2|5|0|0|9|8|4|0|0|0|2|0|0|0|2|0|0|0|0|0|0|1|0|0|0|0|0|0|1|0|0|0|0|0|0|0|0|0|0|0|0|0|0|0|0|0|0|0|0|0|0|0|0|0|0|0|0|0|0|0|0|0|0|0|0|0|0|73|8|65|60|26|27|2|5|0|0|5|4|4|0|0|0|0|0|0|0|0|0|0|0|0|0|0|1|0|0|0|0|0|0|1|0|0|0|0|0|0|0|0|0|0|0|0|0|0|0|0|0|0|0|0|0|0|0|0|0|0|0|0|0|0|0|0|0|0|0|0|0|0
DHCST|NY|000|05|0212516|72|72|72|0|0|72|33|16|0|6|0|4|13|72|54|18|72|54|22|16|0|6|0|0|10|18|11|0|0|0|0|4|3|85|46|26|0|6|0|7|85|64|32|26|0|6|0|0|21|14|0|0|0|0|7|72|59|33|16|0|6|0|4|13|13|10|0|0|0|3|0|0|0|0|0|0|0|0|0|0|0|0|0|0|0|0|0|0|0|0|0|0|0|0|0|0|0|0|0|0|0|0|0|0|0|0|0|0|0|0|0|0|0|0|0|0|0|0|0|0|0|0|0|0|0|0|72|18|54|44|22|16|0|6|0|0|10|10|10|0|0|0|0|0|0|0|0|0|0|0|0|0|0|0|0|0|0|0|0|0|0|0|0|0|0|0|0|0|0|0|0|0|0|0|0|0|0|0|0|0|0|0|0|0|0|0|0|0|0|0|0|0|0|0|0|0|0|0|0
DHCST|NY|000|05|0212517|0|0|0|0|0|0|0|0|0|0|0|0|0|0|0|0|0|0|0|0|0|0|0|0|0|0|0|0|0|0|0|0|0|0|0|0|0|0|0|0|0|0|0|0|0|0|0|0|0|0|0|0|0|0|0|0|0|0|0|0|0|0|0|0|0|0|0|0|0|0|0|0|0|0|0|0|0|0|0|0|0|0|0|0|0|0|0|0|0|0|0|0|0|0|0|0|0|0|0|0|0|0|0|0|0|0|0|0|0|0|0|0|0|0|0|0|0|0|0|0|0|0|0|0|0|0|0|0|0|0|0|0|0|0|0|0|0|0|0|0|0|0|0|0|0|0|0|0|0|0|0|0|0|0|0|0|0|0|0|0|0|0|0|0|0|0|0|0|0|0|0|0|0|0|0|0|0|0|0|0|0|0|0|0|0|0|0|0|0|0|0|0|0|0|0|0|0|0|0
DHCST|NY|000|05|0212518|90|90|90|0|0|90|40|9|1|11|0|10|19|90|61|29|90|61|32|4|1|11|0|2|11|29|8|5|0|0|0|8|8|109|57|20|5|12|0|15|109|72|43|13|3|11|0|2|37|14|7|2|1|0|13|90|71|40|9|1|11|0|10|19|19|10|2|0|0|5|1|0|0|0|1|0|0|0|0|0|0|0|0|0|0|0|0|0|0|0|0|0|0|0|0|0|0|0|0|0|0|0|0|0|0|0|0|0|0|0|0|0|0|0|0|0|0|0|0|0|0|0|0|0|0|0|90|29|61|50|32|4|1|11|0|2|11|11|9|2|0|0|0|0|0|0|0|0|0|0|0|0|0|0|0|0|0|0|0|0|0|0|0|0|0|0|0|0|0|0|0|0|0|0|0|0|0|0|0|0|0|0|0|0|0|0|0|0|0|0|0|0|0|0|0|0|0|0|0
DHCST|NY|000|05|0212519|24|24|24|0|0|24|2|4|0|3|0|3|12|24|14|10|24|14|2|4|0|3|0|0|5|10|0|0|0|0|0|3|7|41|13|9|5|5|0|9|41|21|7|6|4|4|0|0|20|6|3|1|1|0|9|24|12|2|4|0|3|0|3|12|8|1|3|0|0|3|0|0|0|0|1|0|0|0|0|0|3|0|0|0|3|0|0|0|0|0|0|0|0|0|0|0|0|0|0|0|0|1|1|0|0|0|0|0|0|0|0|0|0|0|0|0|0|0|0|0|0|0|0|0|0|0|24|10|14|9|2|4|0|3|0|0|5|4|1|3|0|0|0|0|0|0|0|0|0|0|0|0|0|0|0|0|0|0|0|0|0|0|0|0|0|0|0|0|0|0|0|0|0|0|1|1|0|0|0|0|0|0|0|0|0|0|0|0|0|0|0|0|0|0|0|0|0|0|0
DHCST|NY|000|05|0212520|100|100|100|0|0|100|54|18|0|21|0|0|7|100|89|11|100|89|48|15|0|21|0|0|5|11|6|3|0|0|0|0|2|107|61|19|0|26|0|1|107|94|53|15|0|26|0|0|13|8|4|0|0|0|1|100|93|54|18|0|21|0|0|7|7|1|0|5|0|1|0|0|0|0|0|0|0|0|0|0|0|0|0|0|0|0|0|0|0|0|0|0|0|0|0|0|0|0|0|0|0|0|0|0|0|0|0|0|0|0|0|0|0|0|0|0|0|0|0|0|0|0|0|0|0|0|100|11|89|84|48|15|0|21|0|0|5|5|0|0|5|0|0|0|0|0|0|0|0|0|0|0|0|0|0|0|0|0|0|0|0|0|0|0|0|0|0|0|0|0|0|0|0|0|0|0|0|0|0|0|0|0|0|0|0|0|0|0|0|0|0|0|0|0|0|0|0|0|0
DHCST|NY|000|05|0212521|0|0|0|0|0|0|0|0|0|0|0|0|0|0|0|0|0|0|0|0|0|0|0|0|0|0|0|0|0|0|0|0|0|0|0|0|0|0|0|0|0|0|0|0|0|0|0|0|0|0|0|0|0|0|0|0|0|0|0|0|0|0|0|0|0|0|0|0|0|0|0|0|0|0|0|0|0|0|0|0|0|0|0|0|0|0|0|0|0|0|0|0|0|0|0|0|0|0|0|0|0|0|0|0|0|0|0|0|0|0|0|0|0|0|0|0|0|0|0|0|0|0|0|0|0|0|0|0|0|0|0|0|0|0|0|0|0|0|0|0|0|0|0|0|0|0|0|0|0|0|0|0|0|0|0|0|0|0|0|0|0|0|0|0|0|0|0|0|0|0|0|0|0|0|0|0|0|0|0|0|0|0|0|0|0|0|0|0|0|0|0|0|0|0|0|0|0|0|0
DHCST|NY|000|05|0212522|42|42|42|0|0|42|10|20|2|0|0|3|7|42|38|4|42|38|10|20|1|0|0|0|7|4|0|0|1|0|0|3|0|49|17|27|2|0|0|3|49|45|17|27|1|0|0|0|4|0|0|1|0|0|3|42|35|10|20|2|0|0|3|7|7|7|0|0|0|0|0|0|0|0|0|0|0|0|0|0|0|0|0|0|0|0|0|0|0|0|0|0|0|0|0|0|0|0|0|0|0|0|0|0|0|0|0|0|0|0|0|0|0|0|0|0|0|0|0|0|0|0|0|0|0|0|42|4|38|31|10|20|1|0|0|0|7|7|7|0|0|0|0|0|0|0|0|0|0|0|0|0|0|0|0|0|0|0|0|0|0|0|0|0|0|0|0|0|0|0|0|0|0|0|0|0|0|0|0|0|0|0|0|0|0|0|0|0|0|0|0|0|0|0|0|0|0|0|0
DHCST|NY|000|05|0212523|0|0|0|0|0|0|0|0|0|0|0|0|0|0|0|0|0|0|0|0|0|0|0|0|0|0|0|0|0|0|0|0|0|0|0|0|0|0|0|0|0|0|0|0|0|0|0|0|0|0|0|0|0|0|0|0|0|0|0|0|0|0|0|0|0|0|0|0|0|0|0|0|0|0|0|0|0|0|0|0|0|0|0|0|0|0|0|0|0|0|0|0|0|0|0|0|0|0|0|0|0|0|0|0|0|0|0|0|0|0|0|0|0|0|0|0|0|0|0|0|0|0|0|0|0|0|0|0|0|0|0|0|0|0|0|0|0|0|0|0|0|0|0|0|0|0|0|0|0|0|0|0|0|0|0|0|0|0|0|0|0|0|0|0|0|0|0|0|0|0|0|0|0|0|0|0|0|0|0|0|0|0|0|0|0|0|0|0|0|0|0|0|0|0|0|0|0|0|0
DHCST|NY|000|05|0212524|0|0|0|0|0|0|0|0|0|0|0|0|0|0|0|0|0|0|0|0|0|0|0|0|0|0|0|0|0|0|0|0|0|0|0|0|0|0|0|0|0|0|0|0|0|0|0|0|0|0|0|0|0|0|0|0|0|0|0|0|0|0|0|0|0|0|0|0|0|0|0|0|0|0|0|0|0|0|0|0|0|0|0|0|0|0|0|0|0|0|0|0|0|0|0|0|0|0|0|0|0|0|0|0|0|0|0|0|0|0|0|0|0|0|0|0|0|0|0|0|0|0|0|0|0|0|0|0|0|0|0|0|0|0|0|0|0|0|0|0|0|0|0|0|0|0|0|0|0|0|0|0|0|0|0|0|0|0|0|0|0|0|0|0|0|0|0|0|0|0|0|0|0|0|0|0|0|0|0|0|0|0|0|0|0|0|0|0|0|0|0|0|0|0|0|0|0|0|0
DHCST|NY|000|05|0212525|0|0|0|0|0|0|0|0|0|0|0|0|0|0|0|0|0|0|0|0|0|0|0|0|0|0|0|0|0|0|0|0|0|0|0|0|0|0|0|0|0|0|0|0|0|0|0|0|0|0|0|0|0|0|0|0|0|0|0|0|0|0|0|0|0|0|0|0|0|0|0|0|0|0|0|0|0|0|0|0|0|0|0|0|0|0|0|0|0|0|0|0|0|0|0|0|0|0|0|0|0|0|0|0|0|0|0|0|0|0|0|0|0|0|0|0|0|0|0|0|0|0|0|0|0|0|0|0|0|0|0|0|0|0|0|0|0|0|0|0|0|0|0|0|0|0|0|0|0|0|0|0|0|0|0|0|0|0|0|0|0|0|0|0|0|0|0|0|0|0|0|0|0|0|0|0|0|0|0|0|0|0|0|0|0|0|0|0|0|0|0|0|0|0|0|0|0|0|0
DHCST|NY|000|05|0212526|175|175|175|0|0|175|43|73|0|33|0|8|18|175|172|3|175|172|43|73|0|33|0|6|17|3|0|0|0|0|0|2|1|193|60|82|0|37|1|13|193|189|59|81|0|37|1|11|4|1|1|0|0|0|2|175|157|43|73|0|33|0|8|18|18|8|0|4|0|5|0|0|1|0|0|0|0|0|0|0|0|0|0|0|0|0|0|0|0|0|0|0|0|0|0|0|0|0|0|0|0|0|0|0|0|0|0|0|0|0|0|0|0|0|0|0|0|0|0|0|0|0|0|0|0|0|175|3|172|155|43|73|0|33|0|6|17|17|7|0|4|0|5|0|0|1|0|0|0|0|0|0|0|0|0|0|0|0|0|0|0|0|0|0|0|0|0|0|0|0|0|0|0|0|0|0|0|0|0|0|0|0|0|0|0|0|0|0|0|0|0|0|0|0|0|0|0|0|0
DHCST|NY|000|05|0212527|78|78|78|0|0|78|36|14|0|13|0|2|13|78|69|9|78|69|36|12|0|13|0|0|8|9|0|2|0|0|0|2|5|91|47|16|5|16|0|7|91|77|44|12|4|16|0|1|14|3|4|1|0|0|6|78|65|36|14|0|13|0|2|13|13|0|4|3|0|4|1|0|0|1|0|0|0|0|0|0|0|0|0|0|0|0|0|0|0|0|0|0|0|0|0|0|0|0|0|0|0|0|0|0|0|0|0|0|0|0|0|0|0|0|0|0|0|0|0|0|0|0|0|0|0|0|78|9|69|61|36|12|0|13|0|0|8|8|0|4|3|0|1|0|0|0|0|0|0|0|0|0|0|0|0|0|0|0|0|0|0|0|0|0|0|0|0|0|0|0|0|0|0|0|0|0|0|0|0|0|0|0|0|0|0|0|0|0|0|0|0|0|0|0|0|0|0|0|0
DHCST|NY|000|05|0212528|0|0|0|0|0|0|0|0|0|0|0|0|0|0|0|0|0|0|0|0|0|0|0|0|0|0|0|0|0|0|0|0|0|0|0|0|0|0|0|0|0|0|0|0|0|0|0|0|0|0|0|0|0|0|0|0|0|0|0|0|0|0|0|0|0|0|0|0|0|0|0|0|0|0|0|0|0|0|0|0|0|0|0|0|0|0|0|0|0|0|0|0|0|0|0|0|0|0|0|0|0|0|0|0|0|0|0|0|0|0|0|0|0|0|0|0|0|0|0|0|0|0|0|0|0|0|0|0|0|0|0|0|0|0|0|0|0|0|0|0|0|0|0|0|0|0|0|0|0|0|0|0|0|0|0|0|0|0|0|0|0|0|0|0|0|0|0|0|0|0|0|0|0|0|0|0|0|0|0|0|0|0|0|0|0|0|0|0|0|0|0|0|0|0|0|0|0|0|0
DHCST|NY|000|05|0212529|0|0|0|0|0|0|0|0|0|0|0|0|0|0|0|0|0|0|0|0|0|0|0|0|0|0|0|0|0|0|0|0|0|0|0|0|0|0|0|0|0|0|0|0|0|0|0|0|0|0|0|0|0|0|0|0|0|0|0|0|0|0|0|0|0|0|0|0|0|0|0|0|0|0|0|0|0|0|0|0|0|0|0|0|0|0|0|0|0|0|0|0|0|0|0|0|0|0|0|0|0|0|0|0|0|0|0|0|0|0|0|0|0|0|0|0|0|0|0|0|0|0|0|0|0|0|0|0|0|0|0|0|0|0|0|0|0|0|0|0|0|0|0|0|0|0|0|0|0|0|0|0|0|0|0|0|0|0|0|0|0|0|0|0|0|0|0|0|0|0|0|0|0|0|0|0|0|0|0|0|0|0|0|0|0|0|0|0|0|0|0|0|0|0|0|0|0|0|0
DHCST|NY|000|05|0212530|93|93|93|0|0|93|51|23|0|2|0|3|14|93|83|10|93|83|50|21|0|2|0|1|9|10|1|2|0|0|0|2|5|107|65|28|3|2|0|9|107|92|59|26|3|2|0|2|15|6|2|0|0|0|7|93|79|51|23|0|2|0|3|14|14|5|3|0|0|6|0|0|0|0|0|0|0|0|0|0|0|0|0|0|0|0|0|0|0|0|0|0|0|0|0|0|0|0|0|0|0|0|0|0|0|0|0|0|0|0|0|0|0|0|0|0|0|0|0|0|0|0|0|0|0|0|93|10|83|74|50|21|0|2|0|1|9|9|5|3|0|0|1|0|0|0|0|0|0|0|0|0|0|0|0|0|0|0|0|0|0|0|0|0|0|0|0|0|0|0|0|0|0|0|0|0|0|0|0|0|0|0|0|0|0|0|0|0|0|0|0|0|0|0|0|0|0|0|0
DHCST|NY|000|05|0212531|0|0|0|0|0|0|0|0|0|0|0|0|0|0|0|0|0|0|0|0|0|0|0|0|0|0|0|0|0|0|0|0|0|0|0|0|0|0|0|0|0|0|0|0|0|0|0|0|0|0|0|0|0|0|0|0|0|0|0|0|0|0|0|0|0|0|0|0|0|0|0|0|0|0|0|0|0|0|0|0|0|0|0|0|0|0|0|0|0|0|0|0|0|0|0|0|0|0|0|0|0|0|0|0|0|0|0|0|0|0|0|0|0|0|0|0|0|0|0|0|0|0|0|0|0|0|0|0|0|0|0|0|0|0|0|0|0|0|0|0|0|0|0|0|0|0|0|0|0|0|0|0|0|0|0|0|0|0|0|0|0|0|0|0|0|0|0|0|0|0|0|0|0|0|0|0|0|0|0|0|0|0|0|0|0|0|0|0|0|0|0|0|0|0|0|0|0|0|0
DHCST|NY|000|05|0212532|80|80|80|0|0|80|18|46|1|5|0|1|9|80|64|16|80|64|16|37|1|5|0|0|5|16|2|9|0|0|0|1|4|89|27|50|1|5|0|6|89|69|21|37|1|5|0|5|20|6|13|0|0|0|1|80|71|18|46|1|5|0|1|9|9|4|0|0|0|5|0|0|0|0|0|0|0|0|0|0|0|0|0|0|0|0|0|0|0|0|0|0|0|0|0|0|0|0|0|0|0|0|0|0|0|0|0|0|0|0|0|0|0|0|0|0|0|0|0|0|0|0|0|0|0|0|80|16|64|59|16|37|1|5|0|0|5|5|0|0|0|0|5|0|0|0|0|0|0|0|0|0|0|0|0|0|0|0|0|0|0|0|0|0|0|0|0|0|0|0|0|0|0|0|0|0|0|0|0|0|0|0|0|0|0|0|0|0|0|0|0|0|0|0|0|0|0|0|0
DHCST|NY|000|05|0212533|89|89|89|0|0|89|50|12|0|14|0|3|10|89|86|3|89|86|50|12|0|14|0|0|10|3|0|0|0|0|0|3|0|100|60|16|4|14|0|6|100|97|60|16|4|14|0|3|3|0|0|0|0|0|3|89|79|50|12|0|14|0|3|10|9|3|3|0|0|3|0|0|0|0|0|0|0|0|0|0|1|1|0|0|0|0|0|0|0|0|0|0|0|0|0|0|0|0|0|0|0|0|0|0|0|0|0|0|0|0|0|0|0|0|0|0|0|0|0|0|0|0|0|0|0|0|89|3|86|76|50|12|0|14|0|0|10|9|3|3|0|0|3|0|0|0|0|0|0|0|0|0|0|1|1|0|0|0|0|0|0|0|0|0|0|0|0|0|0|0|0|0|0|0|0|0|0|0|0|0|0|0|0|0|0|0|0|0|0|0|0|0|0|0|0|0|0|0|0
DHCST|NY|000|05|0212534|108|108|108|0|0|108|28|58|2|10|0|3|7|108|103|5|108|103|28|58|2|10|0|2|3|5|0|0|0|0|0|1|4|115|31|62|5|11|0|6|115|106|31|59|4|10|0|2|9|0|3|1|1|0|4|108|101|28|58|2|10|0|3|7|7|1|2|0|0|0|0|0|0|3|1|0|0|0|0|0|0|0|0|0|0|0|0|0|0|0|0|0|0|0|0|0|0|0|0|0|0|0|0|0|0|0|0|0|0|0|0|0|0|0|0|0|0|0|0|0|0|0|0|0|0|0|108|5|103|100|28|58|2|10|0|2|3|3|1|2|0|0|0|0|0|0|0|0|0|0|0|0|0|0|0|0|0|0|0|0|0|0|0|0|0|0|0|0|0|0|0|0|0|0|0|0|0|0|0|0|0|0|0|0|0|0|0|0|0|0|0|0|0|0|0|0|0|0|0
DHCST|NY|000|05|0212535|51|51|51|0|0|51|24|19|0|4|0|0|4|51|50|1|51|50|24|19|0|4|0|0|3|1|0|0|0|0|0|0|1|55|27|20|1|5|0|2|55|53|26|19|1|5|0|2|2|1|1|0|0|0|0|51|47|24|19|0|4|0|0|4|4|1|0|0|0|2|0|0|0|0|1|0|0|0|0|0|0|0|0|0|0|0|0|0|0|0|0|0|0|0|0|0|0|0|0|0|0|0|0|0|0|0|0|0|0|0|0|0|0|0|0|0|0|0|0|0|0|0|0|0|0|0|51|1|50|47|24|19|0|4|0|0|3|3|0|0|0|0|2|0|0|0|0|1|0|0|0|0|0|0|0|0|0|0|0|0|0|0|0|0|0|0|0|0|0|0|0|0|0|0|0|0|0|0|0|0|0|0|0|0|0|0|0|0|0|0|0|0|0|0|0|0|0|0|0
DHCST|NY|000|05|0212536|80|80|80|0|0|80|15|21|0|41|0|0|3|80|72|8|80|72|11|18|0|41|0|0|2|8|4|3|0|0|0|0|1|83|17|24|0|41|0|1|83|74|13|20|0|41|0|0|9|4|4|0|0|0|1|80|77|15|21|0|41|0|0|3|3|2|0|0|0|0|0|0|0|1|0|0|0|0|0|0|0|0|0|0|0|0|0|0|0|0|0|0|0|0|0|0|0|0|0|0|0|0|0|0|0|0|0|0|0|0|0|0|0|0|0|0|0|0|0|0|0|0|0|0|0|0|80|8|72|70|11|18|0|41|0|0|2|2|2|0|0|0|0|0|0|0|0|0|0|0|0|0|0|0|0|0|0|0|0|0|0|0|0|0|0|0|0|0|0|0|0|0|0|0|0|0|0|0|0|0|0|0|0|0|0|0|0|0|0|0|0|0|0|0|0|0|0|0|0
DHCST|NY|000|05|0212537|94|94|94|0|0|94|29|21|0|38|0|4|2|94|85|9|94|85|24|21|0|38|0|0|2|9|5|0|0|0|0|4|0|96|31|22|1|38|0|4|96|87|26|22|1|38|0|0|9|5|0|0|0|0|4|94|92|29|21|0|38|0|4|2|2|1|1|0|0|0|0|0|0|0|0|0|0|0|0|0|0|0|0|0|0|0|0|0|0|0|0|0|0|0|0|0|0|0|0|0|0|0|0|0|0|0|0|0|0|0|0|0|0|0|0|0|0|0|0|0|0|0|0|0|0|0|94|9|85|83|24|21|0|38|0|0|2|2|1|1|0|0|0|0|0|0|0|0|0|0|0|0|0|0|0|0|0|0|0|0|0|0|0|0|0|0|0|0|0|0|0|0|0|0|0|0|0|0|0|0|0|0|0|0|0|0|0|0|0|0|0|0|0|0|0|0|0|0|0
DHCST|NY|000|05|0212538|6|6|6|0|0|6|1|1|0|1|0|0|3|6|5|1|6|5|1|0|0|1|0|0|3|1|0|1|0|0|0|0|0|10|4|3|1|1|0|1|10|9|4|2|1|1|0|1|1|0|1|0|0|0|0|6|3|1|1|0|1|0|0|3|2|2|0|0|0|0|0|0|0|0|0|0|0|0|0|0|1|0|0|0|0|0|0|1|0|0|0|0|0|0|0|0|0|0|0|0|0|0|0|0|0|0|0|0|0|0|0|0|0|0|0|0|0|0|0|0|0|0|0|0|0|0|6|1|5|2|1|0|0|1|0|0|3|2|2|0|0|0|0|0|0|0|0|0|0|0|0|0|0|1|0|0|0|0|0|0|1|0|0|0|0|0|0|0|0|0|0|0|0|0|0|0|0|0|0|0|0|0|0|0|0|0|0|0|0|0|0|0|0|0|0|0|0|0|0
DHCST|NY|000|05|0212539|96|96|96|0|0|96|22|19|0|48|0|0|7|96|95|1|96|95|22|19|0|48|0|0|6|1|0|0|0|0|0|0|1|108|27|20|5|50|0|6|108|105|26|19|4|50|0|6|3|1|1|1|0|0|0|96|89|22|19|0|48|0|0|7|2|0|0|0|0|0|0|0|0|0|0|0|0|0|2|0|5|1|0|0|0|0|0|4|0|0|0|0|0|0|0|0|0|0|0|0|0|0|0|0|0|0|0|0|0|0|0|0|0|0|0|0|0|0|0|0|0|0|0|0|0|0|96|1|95|89|22|19|0|48|0|0|6|2|0|0|0|0|0|0|0|0|0|0|0|0|0|2|0|4|0|0|0|0|0|0|4|0|0|0|0|0|0|0|0|0|0|0|0|0|0|0|0|0|0|0|0|0|0|0|0|0|0|0|0|0|0|0|0|0|0|0|0|0|0
DHCST|NY|000|05|0212540|82|82|82|0|0|82|6|22|0|53|0|0|1|82|81|1|82|81|6|22|0|53|0|0|0|1|0|0|0|0|0|0|1|83|7|22|0|53|0|1|83|81|6|22|0|53|0|0|2|1|0|0|0|0|1|82|81|6|22|0|53|0|0|1|1|0|0|0|0|1|0|0|0|0|0|0|0|0|0|0|0|0|0|0|0|0|0|0|0|0|0|0|0|0|0|0|0|0|0|0|0|0|0|0|0|0|0|0|0|0|0|0|0|0|0|0|0|0|0|0|0|0|0|0|0|0|82|1|81|81|6|22|0|53|0|0|0|0|0|0|0|0|0|0|0|0|0|0|0|0|0|0|0|0|0|0|0|0|0|0|0|0|0|0|0|0|0|0|0|0|0|0|0|0|0|0|0|0|0|0|0|0|0|0|0|0|0|0|0|0|0|0|0|0|0|0|0|0|0
DHCST|NY|000|05|0212541|80|80|80|0|0|80|31|25|1|21|0|2|0|80|74|6|80|74|27|25|0|21|0|1|0|6|4|0|1|0|0|1|0|80|31|25|1|21|0|2|80|74|27|25|0|21|0|1|6|4|0|1|0|0|1|80|80|31|25|1|21|0|2|0|0|0|0|0|0|0|0|0|0|0|0|0|0|0|0|0|0|0|0|0|0|0|0|0|0|0|0|0|0|0|0|0|0|0|0|0|0|0|0|0|0|0|0|0|0|0|0|0|0|0|0|0|0|0|0|0|0|0|0|0|0|0|80|6|74|74|27|25|0|21|0|1|0|0|0|0|0|0|0|0|0|0|0|0|0|0|0|0|0|0|0|0|0|0|0|0|0|0|0|0|0|0|0|0|0|0|0|0|0|0|0|0|0|0|0|0|0|0|0|0|0|0|0|0|0|0|0|0|0|0|0|0|0|0|0
DHCST|NY|000|05|0212542|50|50|50|0|0|50|34|9|0|0|0|7|0|50|42|8|50|42|34|7|0|0|0|1|0|8|0|2|0|0|0|6|0|50|34|9|0|0|0|7|50|42|34|7|0|0|0|1|8|0|2|0|0|0|6|50|50|34|9|0|0|0|7|0|0|0|0|0|0|0|0|0|0|0|0|0|0|0|0|0|0|0|0|0|0|0|0|0|0|0|0|0|0|0|0|0|0|0|0|0|0|0|0|0|0|0|0|0|0|0|0|0|0|0|0|0|0|0|0|0|0|0|0|0|0|0|50|8|42|42|34|7|0|0|0|1|0|0|0|0|0|0|0|0|0|0|0|0|0|0|0|0|0|0|0|0|0|0|0|0|0|0|0|0|0|0|0|0|0|0|0|0|0|0|0|0|0|0|0|0|0|0|0|0|0|0|0|0|0|0|0|0|0|0|0|0|0|0|0
DHCST|NY|000|05|0212543|44|44|44|0|0|44|28|12|0|0|0|3|1|44|40|4|44|40|28|12|0|0|0|0|0|4|0|0|0|0|0|3|1|45|28|13|0|0|0|4|45|40|28|12|0|0|0|0|5|0|1|0|0|0|4|44|43|28|12|0|0|0|3|1|1|0|0|0|0|0|0|0|0|1|0|0|0|0|0|0|0|0|0|0|0|0|0|0|0|0|0|0|0|0|0|0|0|0|0|0|0|0|0|0|0|0|0|0|0|0|0|0|0|0|0|0|0|0|0|0|0|0|0|0|0|0|44|4|40|40|28|12|0|0|0|0|0|0|0|0|0|0|0|0|0|0|0|0|0|0|0|0|0|0|0|0|0|0|0|0|0|0|0|0|0|0|0|0|0|0|0|0|0|0|0|0|0|0|0|0|0|0|0|0|0|0|0|0|0|0|0|0|0|0|0|0|0|0|0
DHCST|NY|000|05|0212544|32|32|32|0|0|32|10|11|0|8|0|2|1|32|27|5|32|27|7|11|0|8|0|1|0|5|3|0|0|0|0|1|1|34|11|12|1|8|0|2|34|27|7|11|0|8|0|1|7|4|1|1|0|0|1|32|31|10|11|0|8|0|2|1|0|0|0|0|0|0|0|0|0|0|0|0|0|0|0|0|1|1|0|0|0|0|0|0|0|0|0|0|0|0|0|0|0|0|0|0|0|0|0|0|0|0|0|0|0|0|0|0|0|0|0|0|0|0|0|0|0|0|0|0|0|0|32|5|27|27|7|11|0|8|0|1|0|0|0|0|0|0|0|0|0|0|0|0|0|0|0|0|0|0|0|0|0|0|0|0|0|0|0|0|0|0|0|0|0|0|0|0|0|0|0|0|0|0|0|0|0|0|0|0|0|0|0|0|0|0|0|0|0|0|0|0|0|0|0
DHCST|NY|000|05|0212545|11|11|11|0|0|11|2|0|0|6|0|0|3|11|10|1|11|10|2|0|0|6|0|0|2|1|0|0|0|0|0|0|1|14|4|1|1|6|0|2|14|12|4|0|0|6|0|2|2|0|1|1|0|0|0|11|8|2|0|0|6|0|0|3|3|0|0|0|0|2|1|0|0|0|0|0|0|0|0|0|0|0|0|0|0|0|0|0|0|0|0|0|0|0|0|0|0|0|0|0|0|0|0|0|0|0|0|0|0|0|0|0|0|0|0|0|0|0|0|0|0|0|0|0|0|0|11|1|10|8|2|0|0|6|0|0|2|2|0|0|0|0|2|0|0|0|0|0|0|0|0|0|0|0|0|0|0|0|0|0|0|0|0|0|0|0|0|0|0|0|0|0|0|0|0|0|0|0|0|0|0|0|0|0|0|0|0|0|0|0|0|0|0|0|0|0|0|0|0
DHCST|NY|000|05|0212546|0|0|0|0|0|0|0|0|0|0|0|0|0|0|0|0|0|0|0|0|0|0|0|0|0|0|0|0|0|0|0|0|0|0|0|0|0|0|0|0|0|0|0|0|0|0|0|0|0|0|0|0|0|0|0|0|0|0|0|0|0|0|0|0|0|0|0|0|0|0|0|0|0|0|0|0|0|0|0|0|0|0|0|0|0|0|0|0|0|0|0|0|0|0|0|0|0|0|0|0|0|0|0|0|0|0|0|0|0|0|0|0|0|0|0|0|0|0|0|0|0|0|0|0|0|0|0|0|0|0|0|0|0|0|0|0|0|0|0|0|0|0|0|0|0|0|0|0|0|0|0|0|0|0|0|0|0|0|0|0|0|0|0|0|0|0|0|0|0|0|0|0|0|0|0|0|0|0|0|0|0|0|0|0|0|0|0|0|0|0|0|0|0|0|0|0|0|0|0
DHCST|NY|000|05|0212547|0|0|0|0|0|0|0|0|0|0|0|0|0|0|0|0|0|0|0|0|0|0|0|0|0|0|0|0|0|0|0|0|0|0|0|0|0|0|0|0|0|0|0|0|0|0|0|0|0|0|0|0|0|0|0|0|0|0|0|0|0|0|0|0|0|0|0|0|0|0|0|0|0|0|0|0|0|0|0|0|0|0|0|0|0|0|0|0|0|0|0|0|0|0|0|0|0|0|0|0|0|0|0|0|0|0|0|0|0|0|0|0|0|0|0|0|0|0|0|0|0|0|0|0|0|0|0|0|0|0|0|0|0|0|0|0|0|0|0|0|0|0|0|0|0|0|0|0|0|0|0|0|0|0|0|0|0|0|0|0|0|0|0|0|0|0|0|0|0|0|0|0|0|0|0|0|0|0|0|0|0|0|0|0|0|0|0|0|0|0|0|0|0|0|0|0|0|0|0
DHCST|NY|000|05|0212548|29|29|29|0|0|29|7|5|2|14|0|0|1|29|29|0|29|29|7|5|2|14|0|0|1|0|0|0|0|0|0|0|0|30|8|5|2|14|0|1|30|30|8|5|2|14|0|1|0|0|0|0|0|0|0|29|28|7|5|2|14|0|0|1|1|0|0|0|0|1|0|0|0|0|0|0|0|0|0|0|0|0|0|0|0|0|0|0|0|0|0|0|0|0|0|0|0|0|0|0|0|0|0|0|0|0|0|0|0|0|0|0|0|0|0|0|0|0|0|0|0|0|0|0|0|0|29|0|29|28|7|5|2|14|0|0|1|1|0|0|0|0|1|0|0|0|0|0|0|0|0|0|0|0|0|0|0|0|0|0|0|0|0|0|0|0|0|0|0|0|0|0|0|0|0|0|0|0|0|0|0|0|0|0|0|0|0|0|0|0|0|0|0|0|0|0|0|0|0
DHCST|NY|000|05|0212549|59|59|59|0|0|59|7|13|2|25|0|7|5|59|40|19|59|40|2|11|0|25|0|0|2|19|5|2|2|0|0|7|3|65|12|15|3|25|0|10|65|43|4|13|1|25|0|0|22|8|2|2|0|0|10|59|54|7|13|2|25|0|7|5|4|1|0|0|0|3|0|0|0|0|0|0|0|0|0|0|1|1|0|0|0|0|0|0|0|0|0|0|0|0|0|0|0|0|0|0|0|0|0|0|0|0|0|0|0|0|0|0|0|0|0|0|0|0|0|0|0|0|0|0|0|0|59|19|40|38|2|11|0|25|0|0|2|1|1|0|0|0|0|0|0|0|0|0|0|0|0|0|0|1|1|0|0|0|0|0|0|0|0|0|0|0|0|0|0|0|0|0|0|0|0|0|0|0|0|0|0|0|0|0|0|0|0|0|0|0|0|0|0|0|0|0|0|0|0
DHCST|NY|000|05|0212550|84|84|84|0|0|84|11|41|0|25|0|1|6|84|81|3|84|81|11|40|0|25|0|0|5|3|0|1|0|0|0|1|1|90|17|42|1|25|0|5|90|86|16|40|1|25|0|4|4|1|2|0|0|0|1|84|78|11|41|0|25|0|1|6|6|1|1|0|0|4|0|0|0|0|0|0|0|0|0|0|0|0|0|0|0|0|0|0|0|0|0|0|0|0|0|0|0|0|0|0|0|0|0|0|0|0|0|0|0|0|0|0|0|0|0|0|0|0|0|0|0|0|0|0|0|0|84|3|81|76|11|40|0|25|0|0|5|5|0|1|0|0|4|0|0|0|0|0|0|0|0|0|0|0|0|0|0|0|0|0|0|0|0|0|0|0|0|0|0|0|0|0|0|0|0|0|0|0|0|0|0|0|0|0|0|0|0|0|0|0|0|0|0|0|0|0|0|0|0
DHCST|NY|000|05|0212551|45|45|45|0|0|45|22|13|1|2|0|2|5|45|39|6|45|39|22|13|0|2|0|1|1|6|0|0|1|0|0|1|4|50|24|17|4|2|0|3|50|40|23|13|0|2|0|2|10|1|4|4|0|0|1|45|40|22|13|1|2|0|2|5|5|1|0|0|0|1|3|0|0|0|0|0|0|0|0|0|0|0|0|0|0|0|0|0|0|0|0|0|0|0|0|0|0|0|0|0|0|0|0|0|0|0|0|0|0|0|0|0|0|0|0|0|0|0|0|0|0|0|0|0|0|0|45|6|39|38|22|13|0|2|0|1|1|1|0|0|0|0|1|0|0|0|0|0|0|0|0|0|0|0|0|0|0|0|0|0|0|0|0|0|0|0|0|0|0|0|0|0|0|0|0|0|0|0|0|0|0|0|0|0|0|0|0|0|0|0|0|0|0|0|0|0|0|0|0
DHCST|NY|000|05|0212552|10|10|10|0|0|10|0|0|0|4|0|0|6|10|10|0|10|10|0|0|0|4|0|0|6|0|0|0|0|0|0|0|0|16|6|0|4|4|0|2|16|16|6|0|4|4|0|2|0|0|0|0|0|0|0|10|4|0|0|0|4|0|0|6|6|0|4|0|0|2|0|0|0|0|0|0|0|0|0|0|0|0|0|0|0|0|0|0|0|0|0|0|0|0|0|0|0|0|0|0|0|0|0|0|0|0|0|0|0|0|0|0|0|0|0|0|0|0|0|0|0|0|0|0|0|0|10|0|10|4|0|0|0|4|0|0|6|6|0|4|0|0|2|0|0|0|0|0|0|0|0|0|0|0|0|0|0|0|0|0|0|0|0|0|0|0|0|0|0|0|0|0|0|0|0|0|0|0|0|0|0|0|0|0|0|0|0|0|0|0|0|0|0|0|0|0|0|0|0
DHCST|NY|000|05|0212553|31|31|31|0|0|31|24|1|2|1|0|1|2|31|27|4|31|27|23|0|2|1|0|1|0|4|1|1|0|0|0|0|2|33|25|3|3|1|0|1|33|27|23|0|2|1|0|1|6|2|3|1|0|0|0|31|29|24|1|2|1|0|1|2|2|1|0|0|0|0|1|0|0|0|0|0|0|0|0|0|0|0|0|0|0|0|0|0|0|0|0|0|0|0|0|0|0|0|0|0|0|0|0|0|0|0|0|0|0|0|0|0|0|0|0|0|0|0|0|0|0|0|0|0|0|0|31|4|27|27|23|0|2|1|0|1|0|0|0|0|0|0|0|0|0|0|0|0|0|0|0|0|0|0|0|0|0|0|0|0|0|0|0|0|0|0|0|0|0|0|0|0|0|0|0|0|0|0|0|0|0|0|0|0|0|0|0|0|0|0|0|0|0|0|0|0|0|0|0
DHCST|NY|000|05|0212554|500|500|500|0|0|500|196|153|9|73|0|17|52|500|462|38|500|462|196|153|9|73|0|0|31|38|0|0|0|0|0|17|21|552|244|176|24|75|1|32|552|493|223|171|23|75|1|0|59|21|5|1|0|0|32|500|448|196|153|9|73|0|17|52|52|20|12|1|0|15|3|0|0|0|0|0|0|1|0|0|0|0|0|0|0|0|0|0|0|0|0|0|0|0|0|0|0|0|0|0|0|0|0|0|0|0|0|0|0|0|0|0|0|0|0|0|0|0|0|0|0|0|0|0|0|0|500|38|462|431|196|153|9|73|0|0|31|31|15|11|1|0|0|3|0|0|0|0|0|0|1|0|0|0|0|0|0|0|0|0|0|0|0|0|0|0|0|0|0|0|0|0|0|0|0|0|0|0|0|0|0|0|0|0|0|0|0|0|0|0|0|0|0|0|0|0|0|0|0
DHCST|NY|000|05|0212555|248|248|248|0|0|248|109|51|1|50|1|11|25|248|237|11|248|237|107|51|1|50|1|2|25|11|2|0|0|0|0|9|0|275|133|66|11|51|1|13|275|264|131|66|11|51|1|4|11|2|0|0|0|0|9|248|223|109|51|1|50|1|11|25|23|13|8|0|0|1|0|0|0|0|0|0|0|0|1|0|2|2|0|0|0|0|0|0|0|0|0|0|0|0|0|0|0|0|0|0|0|0|0|0|0|0|0|0|0|0|0|0|0|0|0|0|0|0|0|0|0|0|0|0|0|0|248|11|237|212|107|51|1|50|1|2|25|23|13|8|0|0|1|0|0|0|0|0|0|0|0|1|0|2|2|0|0|0|0|0|0|0|0|0|0|0|0|0|0|0|0|0|0|0|0|0|0|0|0|0|0|0|0|0|0|0|0|0|0|0|0|0|0|0|0|0|0|0|0
DHCST|NY|000|05|0212556|188|188|188|0|0|188|117|51|0|0|0|2|18|188|156|32|188|156|99|51|0|0|0|0|6|32|18|0|0|0|0|2|12|206|134|58|0|1|1|12|206|162|104|56|0|1|1|0|44|30|2|0|0|0|12|188|170|117|51|0|0|0|2|18|18|7|0|0|0|10|0|0|0|0|0|0|0|1|0|0|0|0|0|0|0|0|0|0|0|0|0|0|0|0|0|0|0|0|0|0|0|0|0|0|0|0|0|0|0|0|0|0|0|0|0|0|0|0|0|0|0|0|0|0|0|0|188|32|156|150|99|51|0|0|0|0|6|6|5|0|0|0|0|0|0|0|0|0|0|0|1|0|0|0|0|0|0|0|0|0|0|0|0|0|0|0|0|0|0|0|0|0|0|0|0|0|0|0|0|0|0|0|0|0|0|0|0|0|0|0|0|0|0|0|0|0|0|0|0
DHCST|NY|000|05|0212557|80|80|80|0|0|80|28|17|0|16|0|5|14|80|70|10|80|70|28|17|0|16|0|0|9|10|0|0|0|0|0|5|5|100|39|27|8|19|0|7|100|84|35|23|6|19|0|1|16|4|4|2|0|0|6|80|66|28|17|0|16|0|5|14|10|4|3|0|0|0|1|1|0|0|0|0|1|0|0|0|2|1|0|0|1|0|0|0|0|0|0|0|0|0|0|0|0|0|0|0|0|2|2|0|0|0|0|0|0|0|0|0|0|0|0|0|0|0|0|0|0|0|0|0|0|0|80|10|70|61|28|17|0|16|0|0|9|6|1|3|0|0|0|1|1|0|0|0|0|0|0|0|0|1|0|0|0|1|0|0|0|0|0|0|0|0|0|0|0|0|0|0|0|0|2|2|0|0|0|0|0|0|0|0|0|0|0|0|0|0|0|0|0|0|0|0|0|0|0
DHCST|NY|000|05|0212558|52|52|52|0|0|52|11|11|1|19|0|3|7|52|47|5|52|47|11|11|1|19|0|3|2|5|0|0|0|0|0|0|5|61|17|14|3|21|0|6|61|51|13|12|3|20|0|3|10|4|2|0|1|0|3|52|45|11|11|1|19|0|3|7|6|1|1|0|0|3|0|1|0|0|0|0|0|0|0|0|0|0|0|0|0|0|0|0|0|0|0|0|0|0|0|0|0|0|0|0|0|1|1|0|0|0|0|0|0|0|0|0|0|0|0|0|0|0|0|0|0|0|0|0|0|0|52|5|47|45|11|11|1|19|0|3|2|1|0|1|0|0|0|0|0|0|0|0|0|0|0|0|0|0|0|0|0|0|0|0|0|0|0|0|0|0|0|0|0|0|0|0|0|0|1|1|0|0|0|0|0|0|0|0|0|0|0|0|0|0|0|0|0|0|0|0|0|0|0
DHCST|NY|000|05|0212559|129|129|129|0|0|129|61|32|6|9|0|8|13|129|114|15|129|114|59|32|4|9|0|2|8|15|2|0|2|0|0|6|5|143|72|38|9|10|1|13|143|123|66|37|7|10|1|2|20|6|1|2|0|0|11|129|116|61|32|6|9|0|8|13|12|4|2|0|0|4|0|1|0|1|0|0|0|0|0|0|1|0|0|0|0|0|1|0|0|0|0|0|0|0|0|0|0|0|0|0|0|0|0|0|0|0|0|0|0|0|0|0|0|0|0|0|0|0|0|0|0|0|0|0|0|0|129|15|114|106|59|32|4|9|0|2|8|7|4|2|0|0|0|0|1|0|0|0|0|0|0|0|0|1|0|0|0|0|0|1|0|0|0|0|0|0|0|0|0|0|0|0|0|0|0|0|0|0|0|0|0|0|0|0|0|0|0|0|0|0|0|0|0|0|0|0|0|0|0
DHCST|NY|000|05|0212560|120|120|120|0|0|120|53|44|0|10|0|8|5|120|107|13|120|107|48|44|0|10|0|0|5|13|5|0|0|0|0|8|0|125|57|45|0|11|0|12|125|112|52|45|0|11|0|4|13|5|0|0|0|0|8|120|115|53|44|0|10|0|8|5|5|0|0|0|0|4|0|1|0|0|0|0|0|0|0|0|0|0|0|0|0|0|0|0|0|0|0|0|0|0|0|0|0|0|0|0|0|0|0|0|0|0|0|0|0|0|0|0|0|0|0|0|0|0|0|0|0|0|0|0|0|0|120|13|107|102|48|44|0|10|0|0|5|5|0|0|0|0|4|0|1|0|0|0|0|0|0|0|0|0|0|0|0|0|0|0|0|0|0|0|0|0|0|0|0|0|0|0|0|0|0|0|0|0|0|0|0|0|0|0|0|0|0|0|0|0|0|0|0|0|0|0|0|0|0
DHCST|NY|000|05|0212561|151|151|151|0|0|151|40|68|12|11|0|4|16|151|137|14|151|137|40|63|7|11|0|0|16|14|0|5|5|0|0|4|0|169|55|80|13|13|1|7|169|155|55|75|8|13|1|3|14|0|5|5|0|0|4|151|135|40|68|12|11|0|4|16|14|10|0|0|0|3|0|1|0|0|0|0|0|0|0|0|2|0|1|0|0|0|1|0|0|0|0|0|0|0|0|0|0|0|0|0|0|0|0|0|0|0|0|0|0|0|0|0|0|0|0|0|0|0|0|0|0|0|0|0|0|0|151|14|137|121|40|63|7|11|0|0|16|14|10|0|0|0|3|0|1|0|0|0|0|0|0|0|0|2|0|1|0|0|0|1|0|0|0|0|0|0|0|0|0|0|0|0|0|0|0|0|0|0|0|0|0|0|0|0|0|0|0|0|0|0|0|0|0|0|0|0|0|0|0
DHCST|NY|000|05|0212562|139|139|139|0|0|139|56|31|8|11|0|12|21|139|119|20|139|119|51|29|8|11|0|0|20|20|5|2|0|0|0|12|1|160|72|51|11|14|0|12|160|139|67|49|10|13|0|0|21|5|2|1|1|0|12|139|118|56|31|8|11|0|12|21|21|16|0|0|0|0|2|2|0|0|1|0|0|0|0|0|0|0|0|0|0|0|0|0|0|0|0|0|0|0|0|0|0|0|0|0|0|0|0|0|0|0|0|0|0|0|0|0|0|0|0|0|0|0|0|0|0|0|0|0|0|0|139|20|119|99|51|29|8|11|0|0|20|20|16|0|0|0|0|2|2|0|0|0|0|0|0|0|0|0|0|0|0|0|0|0|0|0|0|0|0|0|0|0|0|0|0|0|0|0|0|0|0|0|0|0|0|0|0|0|0|0|0|0|0|0|0|0|0|0|0|0|0|0|0
DHCST|NY|000|05|0212563|132|132|132|0|0|132|49|44|2|16|0|6|15|132|116|16|132|116|41|44|2|16|0|0|13|16|8|0|0|0|0|6|2|150|62|59|5|18|0|6|150|132|53|57|4|18|0|0|18|9|2|1|0|0|6|132|117|49|44|2|16|0|6|15|12|10|0|0|0|0|1|1|0|0|0|0|0|0|0|0|3|2|1|0|0|0|0|0|0|0|0|0|0|0|0|0|0|0|0|0|0|0|0|0|0|0|0|0|0|0|0|0|0|0|0|0|0|0|0|0|0|0|0|0|0|0|132|16|116|103|41|44|2|16|0|0|13|10|9|0|0|0|0|0|1|0|0|0|0|0|0|0|0|3|2|1|0|0|0|0|0|0|0|0|0|0|0|0|0|0|0|0|0|0|0|0|0|0|0|0|0|0|0|0|0|0|0|0|0|0|0|0|0|0|0|0|0|0|0
DHCST|NY|000|05|0212564|148|148|148|0|0|148|37|60|3|21|0|9|18|148|133|15|148|133|36|59|3|21|0|3|11|15|1|1|0|0|0|6|7|167|53|69|6|23|0|16|167|145|47|64|6|23|0|5|22|6|5|0|0|0|11|148|130|37|60|3|21|0|9|18|17|6|3|1|0|5|0|0|0|2|0|0|0|0|0|0|1|0|1|0|0|0|0|0|0|0|0|0|0|0|0|0|0|0|0|0|0|0|0|0|0|0|0|0|0|0|0|0|0|0|0|0|0|0|0|0|0|0|0|0|0|0|148|15|133|122|36|59|3|21|0|3|11|10|4|3|1|0|2|0|0|0|0|0|0|0|0|0|0|1|0|1|0|0|0|0|0|0|0|0|0|0|0|0|0|0|0|0|0|0|0|0|0|0|0|0|0|0|0|0|0|0|0|0|0|0|0|0|0|0|0|0|0|0|0
DHCST|NY|000|05|0212565|104|104|104|0|0|104|25|21|2|38|1|3|14|104|94|10|104|94|25|19|0|38|1|0|11|10|0|2|2|0|0|3|3|122|32|33|4|42|2|9|122|107|30|29|1|41|2|4|15|2|4|3|1|0|5|104|90|25|21|2|38|1|3|14|11|3|0|0|0|1|1|2|0|3|0|0|0|1|0|0|2|0|0|0|2|0|0|0|0|0|0|0|0|0|0|0|0|0|0|0|0|1|1|0|0|0|0|0|0|0|0|0|0|0|0|0|0|0|0|0|0|0|0|0|0|0|104|10|94|83|25|19|0|38|1|0|11|9|3|0|0|0|0|1|2|0|2|0|0|0|1|0|0|2|0|0|0|2|0|0|0|0|0|0|0|0|0|0|0|0|0|0|0|0|0|0|0|0|0|0|0|0|0|0|0|0|0|0|0|0|0|0|0|0|0|0|0|0|0
DHCST|NY|000|05|0212566|89|89|89|0|0|89|22|49|1|6|0|1|10|89|83|6|89|83|20|48|0|6|0|0|9|6|2|1|1|0|0|1|1|101|28|57|8|6|1|1|101|94|25|56|6|6|1|0|7|3|1|2|0|0|1|89|79|22|49|1|6|0|1|10|8|3|1|0|0|0|4|0|0|0|0|0|0|0|0|0|2|1|0|0|0|0|1|0|0|0|0|0|0|0|0|0|0|0|0|0|0|0|0|0|0|0|0|0|0|0|0|0|0|0|0|0|0|0|0|0|0|0|0|0|0|0|89|6|83|74|20|48|0|6|0|0|9|7|3|0|0|0|0|4|0|0|0|0|0|0|0|0|0|2|1|0|0|0|0|1|0|0|0|0|0|0|0|0|0|0|0|0|0|0|0|0|0|0|0|0|0|0|0|0|0|0|0|0|0|0|0|0|0|0|0|0|0|0|0
DHCST|NY|000|05|0212567|182|182|182|0|0|182|79|61|0|38|0|1|3|182|177|5|182|177|79|57|0|38|0|0|3|5|0|4|0|0|0|1|0|187|82|63|1|38|0|3|187|182|82|59|1|38|0|2|5|0|4|0|0|0|1|182|179|79|61|0|38|0|1|3|1|0|0|0|0|1|0|0|0|0|0|0|0|0|0|0|2|1|0|0|1|0|0|0|0|0|0|0|0|0|0|0|0|0|0|0|0|0|0|0|0|0|0|0|0|0|0|0|0|0|0|0|0|0|0|0|0|0|0|0|0|0|182|5|177|174|79|57|0|38|0|0|3|1|0|0|0|0|1|0|0|0|0|0|0|0|0|0|0|2|1|0|0|1|0|0|0|0|0|0|0|0|0|0|0|0|0|0|0|0|0|0|0|0|0|0|0|0|0|0|0|0|0|0|0|0|0|0|0|0|0|0|0|0|0
DHCST|NY|000|05|0212568|254|254|254|0|0|254|46|109|2|79|0|5|13|254|246|8|254|246|44|109|2|79|0|0|12|8|2|0|0|0|0|5|1|271|54|121|10|80|0|6|271|261|52|120|9|80|0|0|10|2|1|1|0|0|6|254|241|46|109|2|79|0|5|13|9|4|0|1|0|0|4|0|0|0|0|0|0|0|0|0|4|3|0|0|0|0|0|0|0|0|0|0|0|1|0|0|0|0|0|0|0|0|0|0|0|0|0|0|0|0|0|0|0|0|0|0|0|0|0|0|0|0|0|0|0|0|254|8|246|234|44|109|2|79|0|0|12|9|4|0|1|0|0|4|0|0|0|0|0|0|0|0|0|3|3|0|0|0|0|0|0|0|0|0|0|0|0|0|0|0|0|0|0|0|0|0|0|0|0|0|0|0|0|0|0|0|0|0|0|0|0|0|0|0|0|0|0|0|0
DHCST|NY|000|05|0212569|193|193|193|0|0|193|43|85|2|47|0|7|9|193|188|5|193|188|42|85|2|47|0|3|9|5|1|0|0|0|0|4|0|203|49|91|3|51|0|9|203|198|48|91|3|51|0|5|5|1|0|0|0|0|4|193|184|43|85|2|47|0|7|9|8|5|0|0|0|0|0|0|0|0|1|0|0|0|2|0|1|0|1|0|0|0|0|0|0|0|0|0|0|0|0|0|0|0|0|0|0|0|0|0|0|0|0|0|0|0|0|0|0|0|0|0|0|0|0|0|0|0|0|0|0|0|193|5|188|179|42|85|2|47|0|3|9|8|5|0|0|0|0|0|0|0|0|1|0|0|0|2|0|1|0|1|0|0|0|0|0|0|0|0|0|0|0|0|0|0|0|0|0|0|0|0|0|0|0|0|0|0|0|0|0|0|0|0|0|0|0|0|0|0|0|0|0|0|0
DHCST|NY|000|05|0212570|180|180|180|0|0|180|32|66|3|59|0|6|14|180|167|13|180|167|32|66|3|59|0|0|7|13|0|0|0|0|0|6|7|196|44|69|5|65|0|13|196|174|37|67|3|65|0|2|22|7|2|2|0|0|11|180|166|32|66|3|59|0|6|14|12|1|0|4|0|5|0|0|0|0|0|0|0|0|2|0|2|2|0|0|0|0|0|0|0|0|0|0|0|0|0|0|0|0|0|0|0|0|0|0|0|0|0|0|0|0|0|0|0|0|0|0|0|0|0|0|0|0|0|0|0|0|180|13|167|160|32|66|3|59|0|0|7|7|1|0|4|0|0|0|0|0|0|0|0|0|0|2|0|0|0|0|0|0|0|0|0|0|0|0|0|0|0|0|0|0|0|0|0|0|0|0|0|0|0|0|0|0|0|0|0|0|0|0|0|0|0|0|0|0|0|0|0|0|0
DHCST|NY|000|05|0212571|34|34|34|0|0|34|17|12|0|0|0|0|5|34|28|6|34|28|17|9|0|0|0|0|2|6|0|3|0|0|0|0|3|39|22|14|0|0|0|3|39|30|19|11|0|0|0|0|9|3|3|0|0|0|3|34|29|17|12|0|0|0|0|5|5|2|0|0|0|3|0|0|0|0|0|0|0|0|0|0|0|0|0|0|0|0|0|0|0|0|0|0|0|0|0|0|0|0|0|0|0|0|0|0|0|0|0|0|0|0|0|0|0|0|0|0|0|0|0|0|0|0|0|0|0|0|34|6|28|26|17|9|0|0|0|0|2|2|2|0|0|0|0|0|0|0|0|0|0|0|0|0|0|0|0|0|0|0|0|0|0|0|0|0|0|0|0|0|0|0|0|0|0|0|0|0|0|0|0|0|0|0|0|0|0|0|0|0|0|0|0|0|0|0|0|0|0|0|0
DHCST|NY|000|05|0212572|174|174|174|0|0|174|72|63|3|15|0|6|15|174|155|19|174|155|67|63|0|15|0|2|8|19|5|0|3|0|0|4|7|191|81|74|7|16|0|13|191|163|71|67|4|16|0|5|28|10|7|3|0|0|8|174|159|72|63|3|15|0|6|15|13|3|4|0|0|0|0|1|0|5|0|0|0|0|0|0|2|0|0|0|2|0|0|0|0|0|0|0|0|0|0|0|0|0|0|0|0|0|0|0|0|0|0|0|0|0|0|0|0|0|0|0|0|0|0|0|0|0|0|0|0|0|174|19|155|147|67|63|0|15|0|2|8|8|0|4|0|0|0|0|1|0|3|0|0|0|0|0|0|0|0|0|0|0|0|0|0|0|0|0|0|0|0|0|0|0|0|0|0|0|0|0|0|0|0|0|0|0|0|0|0|0|0|0|0|0|0|0|0|0|0|0|0|0|0
DHCST|NY|000|05|0212573|160|160|160|0|0|160|23|79|0|35|0|5|18|160|147|13|160|147|22|75|0|35|0|0|15|13|1|4|0|0|0|5|3|181|36|94|4|35|2|10|181|164|33|87|3|35|2|4|17|3|7|1|0|0|6|160|142|23|79|0|35|0|5|18|15|9|1|0|0|0|0|0|0|5|0|0|0|0|0|0|3|1|0|0|0|0|2|0|0|0|0|0|0|0|0|0|0|0|0|0|0|0|0|0|0|0|0|0|0|0|0|0|0|0|0|0|0|0|0|0|0|0|0|0|0|0|160|13|147|132|22|75|0|35|0|0|15|13|8|1|0|0|0|0|0|0|4|0|0|0|0|0|0|2|0|0|0|0|0|2|0|0|0|0|0|0|0|0|0|0|0|0|0|0|0|0|0|0|0|0|0|0|0|0|0|0|0|0|0|0|0|0|0|0|0|0|0|0|0
DHCST|NY|000|05|0212574|202|202|202|0|0|202|58|72|4|52|0|6|10|202|183|19|202|183|55|64|4|52|0|1|7|19|3|8|0|0|0|5|3|212|67|79|5|53|0|8|212|190|62|71|4|52|0|1|22|5|8|1|1|0|7|202|192|58|72|4|52|0|6|10|10|7|0|0|0|2|0|0|0|0|1|0|0|0|0|0|0|0|0|0|0|0|0|0|0|0|0|0|0|0|0|0|0|0|0|0|0|0|0|0|0|0|0|0|0|0|0|0|0|0|0|0|0|0|0|0|0|0|0|0|0|0|202|19|183|176|55|64|4|52|0|1|7|7|7|0|0|0|0|0|0|0|0|0|0|0|0|0|0|0|0|0|0|0|0|0|0|0|0|0|0|0|0|0|0|0|0|0|0|0|0|0|0|0|0|0|0|0|0|0|0|0|0|0|0|0|0|0|0|0|0|0|0|0|0
DHCST|NY|000|05|0212575|205|205|205|0|0|205|38|66|0|79|0|2|20|205|198|7|205|198|35|66|0|79|0|2|16|7|3|0|0|0|0|0|4|226|53|77|8|82|2|4|226|215|48|76|5|80|2|4|11|5|1|3|2|0|0|205|185|38|66|0|79|0|2|20|19|7|6|0|1|0|1|1|0|2|1|0|0|0|0|0|1|0|0|0|0|0|0|0|1|0|0|0|0|0|0|0|0|0|0|0|0|0|0|0|0|0|0|0|0|0|0|0|0|0|0|0|0|0|0|0|0|0|0|0|0|0|205|7|198|182|35|66|0|79|0|2|16|15|7|4|0|1|0|1|0|0|2|0|0|0|0|0|0|1|0|0|0|0|0|0|0|1|0|0|0|0|0|0|0|0|0|0|0|0|0|0|0|0|0|0|0|0|0|0|0|0|0|0|0|0|0|0|0|0|0|0|0|0|0
DHCST|NY|000|05|0212576|59|59|59|0|0|59|17|23|2|7|0|1|9|59|54|5|59|54|17|22|2|7|0|0|6|5|0|1|0|0|0|1|3|69|23|28|9|7|0|2|69|60|22|24|6|7|0|1|9|1|4|3|0|0|1|59|50|17|23|2|7|0|1|9|8|2|3|0|0|0|2|0|0|0|0|0|1|0|0|0|1|1|0|0|0|0|0|0|0|0|0|0|0|0|0|0|0|0|0|0|0|0|0|0|0|0|0|0|0|0|0|0|0|0|0|0|0|0|0|0|0|0|0|0|0|0|59|5|54|48|17|22|2|7|0|0|6|6|2|3|0|0|0|0|0|0|0|0|0|1|0|0|0|0|0|0|0|0|0|0|0|0|0|0|0|0|0|0|0|0|0|0|0|0|0|0|0|0|0|0|0|0|0|0|0|0|0|0|0|0|0|0|0|0|0|0|0|0|0
DHCST|NY|000|05|0212577|74|74|74|0|0|74|20|34|1|13|0|5|1|74|65|9|74|65|16|34|1|13|0|1|0|9|4|0|0|0|0|4|1|75|21|35|1|13|0|5|75|65|16|34|1|13|0|1|10|5|1|0|0|0|4|74|73|20|34|1|13|0|5|1|1|1|0|0|0|0|0|0|0|0|0|0|0|0|0|0|0|0|0|0|0|0|0|0|0|0|0|0|0|0|0|0|0|0|0|0|0|0|0|0|0|0|0|0|0|0|0|0|0|0|0|0|0|0|0|0|0|0|0|0|0|0|74|9|65|65|16|34|1|13|0|1|0|0|0|0|0|0|0|0|0|0|0|0|0|0|0|0|0|0|0|0|0|0|0|0|0|0|0|0|0|0|0|0|0|0|0|0|0|0|0|0|0|0|0|0|0|0|0|0|0|0|0|0|0|0|0|0|0|0|0|0|0|0|0
DHCST|NY|000|05|0212578|76|76|76|0|0|76|44|16|1|10|0|0|5|76|75|1|76|75|44|16|0|10|0|0|5|1|0|0|1|0|0|0|0|82|49|17|5|10|0|1|82|81|49|17|4|10|0|1|1|0|0|1|0|0|0|76|71|44|16|1|10|0|0|5|4|0|3|0|0|1|0|0|0|0|0|0|0|0|0|0|1|1|0|0|0|0|0|0|0|0|0|0|0|0|0|0|0|0|0|0|0|0|0|0|0|0|0|0|0|0|0|0|0|0|0|0|0|0|0|0|0|0|0|0|0|0|76|1|75|70|44|16|0|10|0|0|5|4|0|3|0|0|1|0|0|0|0|0|0|0|0|0|0|1|1|0|0|0|0|0|0|0|0|0|0|0|0|0|0|0|0|0|0|0|0|0|0|0|0|0|0|0|0|0|0|0|0|0|0|0|0|0|0|0|0|0|0|0|0
DHCST|NY|000|05|0212579|60|60|60|0|0|60|20|13|0|18|0|0|9|60|57|3|60|57|17|13|0|18|0|0|9|3|3|0|0|0|0|0|0|72|29|22|2|19|0|0|72|69|26|22|2|19|0|0|3|3|0|0|0|0|0|60|51|20|13|0|18|0|0|9|6|6|0|0|0|0|0|0|0|0|0|0|0|0|0|0|3|2|1|0|0|0|0|0|0|0|0|0|0|0|0|0|0|0|0|0|0|0|0|0|0|0|0|0|0|0|0|0|0|0|0|0|0|0|0|0|0|0|0|0|0|0|60|3|57|48|17|13|0|18|0|0|9|6|6|0|0|0|0|0|0|0|0|0|0|0|0|0|0|3|2|1|0|0|0|0|0|0|0|0|0|0|0|0|0|0|0|0|0|0|0|0|0|0|0|0|0|0|0|0|0|0|0|0|0|0|0|0|0|0|0|0|0|0|0
DHCST|NY|000|05|0212580|181|181|181|0|0|181|61|68|0|33|1|8|10|181|159|22|181|159|57|67|0|33|1|0|1|22|4|1|0|0|0|8|9|191|71|68|0|34|1|17|191|160|58|67|0|34|1|0|31|13|1|0|0|0|17|181|171|61|68|0|33|1|8|10|10|0|0|1|0|9|0|0|0|0|0|0|0|0|0|0|0|0|0|0|0|0|0|0|0|0|0|0|0|0|0|0|0|0|0|0|0|0|0|0|0|0|0|0|0|0|0|0|0|0|0|0|0|0|0|0|0|0|0|0|0|0|181|22|159|158|57|67|0|33|1|0|1|1|0|0|1|0|0|0|0|0|0|0|0|0|0|0|0|0|0|0|0|0|0|0|0|0|0|0|0|0|0|0|0|0|0|0|0|0|0|0|0|0|0|0|0|0|0|0|0|0|0|0|0|0|0|0|0|0|0|0|0|0|0
DHCST|NY|000|05|0212581|198|198|198|0|0|198|85|56|3|29|0|6|19|198|178|20|198|178|79|56|3|29|0|2|9|20|6|0|0|0|0|4|10|219|103|70|8|30|1|7|219|189|87|61|8|30|1|2|30|16|9|0|0|0|5|198|179|85|56|3|29|0|6|19|17|12|3|0|0|1|0|0|0|0|0|0|0|1|0|0|2|2|0|0|0|0|0|0|0|0|0|0|0|0|0|0|0|0|0|0|0|0|0|0|0|0|0|0|0|0|0|0|0|0|0|0|0|0|0|0|0|0|0|0|0|0|198|20|178|169|79|56|3|29|0|2|9|7|3|3|0|0|0|0|0|0|0|0|0|0|1|0|0|2|2|0|0|0|0|0|0|0|0|0|0|0|0|0|0|0|0|0|0|0|0|0|0|0|0|0|0|0|0|0|0|0|0|0|0|0|0|0|0|0|0|0|0|0|0
DHCST|NY|000|05|0212582|217|217|217|0|0|217|55|105|0|34|0|7|16|217|205|12|217|205|55|102|0|34|0|0|14|12|0|3|0|0|0|7|2|234|68|114|4|35|0|13|234|220|67|110|4|35|0|4|14|1|4|0|0|0|9|217|201|55|105|0|34|0|7|16|15|5|4|0|0|3|0|0|0|3|0|0|0|0|0|0|1|0|1|0|0|0|0|0|0|0|0|0|0|0|0|0|0|0|0|0|0|0|0|0|0|0|0|0|0|0|0|0|0|0|0|0|0|0|0|0|0|0|0|0|0|0|217|12|205|191|55|102|0|34|0|0|14|13|5|4|0|0|2|0|0|0|2|0|0|0|0|0|0|1|0|1|0|0|0|0|0|0|0|0|0|0|0|0|0|0|0|0|0|0|0|0|0|0|0|0|0|0|0|0|0|0|0|0|0|0|0|0|0|0|0|0|0|0|0
DHCST|NY|000|05|0212583|60|60|60|0|0|60|22|5|0|23|0|10|0|60|55|5|60|55|22|5|0|23|0|5|0|5|0|0|0|0|0|5|0|60|22|5|0|23|0|10|60|55|22|5|0|23|0|5|5|0|0|0|0|0|5|60|60|22|5|0|23|0|10|0|0|0|0|0|0|0|0|0|0|0|0|0|0|0|0|0|0|0|0|0|0|0|0|0|0|0|0|0|0|0|0|0|0|0|0|0|0|0|0|0|0|0|0|0|0|0|0|0|0|0|0|0|0|0|0|0|0|0|0|0|0|0|60|5|55|55|22|5|0|23|0|5|0|0|0|0|0|0|0|0|0|0|0|0|0|0|0|0|0|0|0|0|0|0|0|0|0|0|0|0|0|0|0|0|0|0|0|0|0|0|0|0|0|0|0|0|0|0|0|0|0|0|0|0|0|0|0|0|0|0|0|0|0|0|0
DHCST|NY|000|05|0212584|69|69|69|0|0|69|21|14|1|25|0|0|8|69|62|7|69|62|21|14|1|25|0|0|1|7|0|0|0|0|0|0|7|78|28|16|2|26|0|6|78|63|22|15|1|25|0|0|15|6|1|1|1|0|6|69|61|21|14|1|25|0|0|8|7|1|0|0|0|5|0|0|0|0|1|0|0|0|0|0|1|0|0|0|1|0|0|0|0|0|0|0|0|0|0|0|0|0|0|0|0|0|0|0|0|0|0|0|0|0|0|0|0|0|0|0|0|0|0|0|0|0|0|0|0|0|69|7|62|61|21|14|1|25|0|0|1|1|1|0|0|0|0|0|0|0|0|0|0|0|0|0|0|0|0|0|0|0|0|0|0|0|0|0|0|0|0|0|0|0|0|0|0|0|0|0|0|0|0|0|0|0|0|0|0|0|0|0|0|0|0|0|0|0|0|0|0|0|0
DHCST|NY|000|05|0212585|67|67|67|0|0|67|9|28|3|17|0|6|4|67|54|13|67|54|5|28|0|17|0|0|4|13|4|0|3|0|0|6|0|72|13|32|4|17|0|6|72|59|9|32|1|17|0|0|13|4|0|3|0|0|6|67|63|9|28|3|17|0|6|4|3|3|0|0|0|0|0|0|0|0|0|0|0|0|0|0|1|1|0|0|0|0|0|0|0|0|0|0|0|0|0|0|0|0|0|0|0|0|0|0|0|0|0|0|0|0|0|0|0|0|0|0|0|0|0|0|0|0|0|0|0|0|67|13|54|50|5|28|0|17|0|0|4|3|3|0|0|0|0|0|0|0|0|0|0|0|0|0|0|1|1|0|0|0|0|0|0|0|0|0|0|0|0|0|0|0|0|0|0|0|0|0|0|0|0|0|0|0|0|0|0|0|0|0|0|0|0|0|0|0|0|0|0|0|0
DHCST|NY|000|05|0212586|117|117|117|0|0|117|26|58|1|25|0|1|6|117|113|4|117|113|23|58|1|25|0|0|6|4|3|0|0|0|0|1|0|129|31|62|6|27|1|2|129|125|28|62|6|27|1|1|4|3|0|0|0|0|1|117|111|26|58|1|25|0|1|6|1|0|0|0|0|0|0|0|0|0|0|0|0|0|1|0|4|4|0|0|0|0|0|0|0|0|0|0|0|0|0|0|0|0|0|0|0|1|0|0|0|0|0|0|1|0|0|0|0|0|0|0|0|0|0|0|0|0|0|0|0|0|117|4|113|107|23|58|1|25|0|0|6|1|0|0|0|0|0|0|0|0|0|0|0|0|0|1|0|4|4|0|0|0|0|0|0|0|0|0|0|0|0|0|0|0|0|0|0|0|1|0|0|0|0|0|0|1|0|0|0|0|0|0|0|0|0|0|0|0|0|0|0|0|0
DHCST|NY|000|05|0212587|68|68|68|0|0|68|30|14|1|15|0|0|8|68|55|13|68|55|26|5|1|15|0|0|8|13|4|9|0|0|0|0|0|76|37|21|2|15|0|1|76|63|33|12|2|15|0|1|13|4|9|0|0|0|0|68|60|30|14|1|15|0|0|8|8|6|0|0|0|1|1|0|0|0|0|0|0|0|0|0|0|0|0|0|0|0|0|0|0|0|0|0|0|0|0|0|0|0|0|0|0|0|0|0|0|0|0|0|0|0|0|0|0|0|0|0|0|0|0|0|0|0|0|0|0|0|68|13|55|47|26|5|1|15|0|0|8|8|6|0|0|0|1|1|0|0|0|0|0|0|0|0|0|0|0|0|0|0|0|0|0|0|0|0|0|0|0|0|0|0|0|0|0|0|0|0|0|0|0|0|0|0|0|0|0|0|0|0|0|0|0|0|0|0|0|0|0|0|0
DHCST|NY|000|05|0212588|80|80|80|0|0|80|17|35|3|16|0|6|3|80|77|3|80|77|16|34|3|16|0|6|2|3|1|1|0|0|0|0|1|83|19|38|3|16|0|7|83|79|18|36|3|16|0|6|4|1|2|0|0|0|1|80|77|17|35|3|16|0|6|3|3|2|0|0|0|0|0|0|0|1|0|0|0|0|0|0|0|0|0|0|0|0|0|0|0|0|0|0|0|0|0|0|0|0|0|0|0|0|0|0|0|0|0|0|0|0|0|0|0|0|0|0|0|0|0|0|0|0|0|0|0|0|80|3|77|75|16|34|3|16|0|6|2|2|2|0|0|0|0|0|0|0|0|0|0|0|0|0|0|0|0|0|0|0|0|0|0|0|0|0|0|0|0|0|0|0|0|0|0|0|0|0|0|0|0|0|0|0|0|0|0|0|0|0|0|0|0|0|0|0|0|0|0|0|0
DHCST|NY|000|05|0212589|38|38|38|0|0|38|10|11|0|8|0|7|2|38|28|10|38|28|10|9|0|8|0|1|0|10|0|2|0|0|0|6|2|40|10|13|0|9|0|8|40|28|10|9|0|8|0|1|12|0|4|0|1|0|7|38|36|10|11|0|8|0|7|2|2|0|0|0|0|0|0|1|0|1|0|0|0|0|0|0|0|0|0|0|0|0|0|0|0|0|0|0|0|0|0|0|0|0|0|0|0|0|0|0|0|0|0|0|0|0|0|0|0|0|0|0|0|0|0|0|0|0|0|0|0|0|38|10|28|28|10|9|0|8|0|1|0|0|0|0|0|0|0|0|0|0|0|0|0|0|0|0|0|0|0|0|0|0|0|0|0|0|0|0|0|0|0|0|0|0|0|0|0|0|0|0|0|0|0|0|0|0|0|0|0|0|0|0|0|0|0|0|0|0|0|0|0|0|0
DHCST|NY|000|05|0212590|46|46|46|0|0|46|7|2|0|33|0|2|2|46|40|6|46|40|5|0|0|33|0|0|2|6|2|2|0|0|0|2|0|48|9|3|0|33|0|3|48|42|7|1|0|33|0|1|6|2|2|0|0|0|2|46|44|7|2|0|33|0|2|2|2|1|0|0|0|1|0|0|0|0|0|0|0|0|0|0|0|0|0|0|0|0|0|0|0|0|0|0|0|0|0|0|0|0|0|0|0|0|0|0|0|0|0|0|0|0|0|0|0|0|0|0|0|0|0|0|0|0|0|0|0|0|46|6|40|38|5|0|0|33|0|0|2|2|1|0|0|0|1|0|0|0|0|0|0|0|0|0|0|0|0|0|0|0|0|0|0|0|0|0|0|0|0|0|0|0|0|0|0|0|0|0|0|0|0|0|0|0|0|0|0|0|0|0|0|0|0|0|0|0|0|0|0|0|0
DHCST|NY|000|05|0212591|68|68|68|0|0|68|21|23|0|11|0|4|9|68|64|4|68|64|21|22|0|11|0|4|6|4|0|1|0|0|0|0|3|77|28|29|2|11|0|7|77|70|25|28|2|11|0|4|7|3|1|0|0|0|3|68|59|21|23|0|11|0|4|9|9|4|0|0|0|3|2|0|0|0|0|0|0|0|0|0|0|0|0|0|0|0|0|0|0|0|0|0|0|0|0|0|0|0|0|0|0|0|0|0|0|0|0|0|0|0|0|0|0|0|0|0|0|0|0|0|0|0|0|0|0|0|68|4|64|58|21|22|0|11|0|4|6|6|4|0|0|0|0|2|0|0|0|0|0|0|0|0|0|0|0|0|0|0|0|0|0|0|0|0|0|0|0|0|0|0|0|0|0|0|0|0|0|0|0|0|0|0|0|0|0|0|0|0|0|0|0|0|0|0|0|0|0|0|0
DHCST|NY|000|05|0212592|66|66|66|0|0|66|25|15|0|14|0|3|9|66|54|12|66|54|25|12|0|14|0|0|3|12|0|3|0|0|0|3|6|75|31|18|0|17|0|9|75|57|28|12|0|17|0|0|18|3|6|0|0|0|9|66|57|25|15|0|14|0|3|9|9|0|0|3|0|3|0|0|0|3|0|0|0|0|0|0|0|0|0|0|0|0|0|0|0|0|0|0|0|0|0|0|0|0|0|0|0|0|0|0|0|0|0|0|0|0|0|0|0|0|0|0|0|0|0|0|0|0|0|0|0|0|66|12|54|51|25|12|0|14|0|0|3|3|0|0|3|0|0|0|0|0|0|0|0|0|0|0|0|0|0|0|0|0|0|0|0|0|0|0|0|0|0|0|0|0|0|0|0|0|0|0|0|0|0|0|0|0|0|0|0|0|0|0|0|0|0|0|0|0|0|0|0|0|0
DHCST|NY|000|05|0212593|78|78|78|0|0|78|22|33|1|5|0|5|12|78|60|18|78|60|19|31|1|5|0|0|4|18|3|2|0|0|0|5|8|92|34|35|1|7|0|15|92|66|23|33|1|7|0|2|26|11|2|0|0|0|13|78|66|22|33|1|5|0|5|12|10|0|0|2|0|8|0|0|0|0|0|0|0|0|0|0|2|0|0|0|2|0|0|0|0|0|0|0|0|0|0|0|0|0|0|0|0|0|0|0|0|0|0|0|0|0|0|0|0|0|0|0|0|0|0|0|0|0|0|0|0|0|78|18|60|56|19|31|1|5|0|0|4|2|0|0|2|0|0|0|0|0|0|0|0|0|0|0|0|2|0|0|0|2|0|0|0|0|0|0|0|0|0|0|0|0|0|0|0|0|0|0|0|0|0|0|0|0|0|0|0|0|0|0|0|0|0|0|0|0|0|0|0|0|0
DHCST|NY|000|05|0212594|124|124|124|0|0|124|38|34|0|19|0|4|29|124|120|4|124|120|37|34|0|19|0|2|28|4|1|0|0|0|0|2|1|154|57|54|12|19|0|12|154|148|55|53|12|19|0|9|6|2|1|0|0|0|3|124|95|38|34|0|19|0|4|29|28|9|6|0|0|3|6|0|0|4|0|0|0|0|0|0|1|0|0|0|1|0|0|0|0|0|0|0|0|0|0|0|0|0|0|0|0|0|0|0|0|0|0|0|0|0|0|0|0|0|0|0|0|0|0|0|0|0|0|0|0|0|124|4|120|92|37|34|0|19|0|2|28|28|9|6|0|0|3|6|0|0|4|0|0|0|0|0|0|0|0|0|0|0|0|0|0|0|0|0|0|0|0|0|0|0|0|0|0|0|0|0|0|0|0|0|0|0|0|0|0|0|0|0|0|0|0|0|0|0|0|0|0|0|0
DHCST|NY|000|05|0212595|146|146|146|0|0|146|48|40|1|41|0|0|16|146|135|11|146|135|46|40|0|41|0|0|8|11|2|0|1|0|0|0|8|166|63|42|8|44|1|8|166|147|53|42|5|44|1|2|19|10|0|3|0|0|6|146|130|48|40|1|41|0|0|16|12|0|5|0|0|6|0|0|0|0|0|0|0|1|0|0|4|2|0|0|0|0|0|0|0|2|0|0|0|0|0|0|0|0|0|0|0|0|0|0|0|0|0|0|0|0|0|0|0|0|0|0|0|0|0|0|0|0|0|0|0|0|146|11|135|127|46|40|0|41|0|0|8|4|0|3|0|0|0|0|0|0|0|0|0|0|1|0|0|4|2|0|0|0|0|0|0|0|2|0|0|0|0|0|0|0|0|0|0|0|0|0|0|0|0|0|0|0|0|0|0|0|0|0|0|0|0|0|0|0|0|0|0|0|0
DHCST|NY|000|05|0212596|28|28|28|0|0|28|4|18|1|1|0|2|2|28|25|3|28|25|4|18|0|1|0|0|2|3|0|0|1|0|0|2|0|30|6|18|3|1|0|2|30|27|6|18|2|1|0|0|3|0|0|1|0|0|2|28|26|4|18|1|1|0|2|2|2|0|2|0|0|0|0|0|0|0|0|0|0|0|0|0|0|0|0|0|0|0|0|0|0|0|0|0|0|0|0|0|0|0|0|0|0|0|0|0|0|0|0|0|0|0|0|0|0|0|0|0|0|0|0|0|0|0|0|0|0|0|28|3|25|23|4|18|0|1|0|0|2|2|0|2|0|0|0|0|0|0|0|0|0|0|0|0|0|0|0|0|0|0|0|0|0|0|0|0|0|0|0|0|0|0|0|0|0|0|0|0|0|0|0|0|0|0|0|0|0|0|0|0|0|0|0|0|0|0|0|0|0|0|0
DHCST|NY|000|05|0212597|20|20|20|0|0|20|8|4|1|1|0|0|6|20|18|2|20|18|8|4|0|1|0|0|5|2|0|0|1|0|0|0|1|26|12|7|5|1|0|1|26|23|12|6|4|1|0|0|3|0|1|1|0|0|1|20|14|8|4|1|1|0|0|6|6|1|3|0|0|0|1|0|0|1|0|0|0|0|0|0|0|0|0|0|0|0|0|0|0|0|0|0|0|0|0|0|0|0|0|0|0|0|0|0|0|0|0|0|0|0|0|0|0|0|0|0|0|0|0|0|0|0|0|0|0|0|20|2|18|13|8|4|0|1|0|0|5|5|1|3|0|0|0|1|0|0|0|0|0|0|0|0|0|0|0|0|0|0|0|0|0|0|0|0|0|0|0|0|0|0|0|0|0|0|0|0|0|0|0|0|0|0|0|0|0|0|0|0|0|0|0|0|0|0|0|0|0|0|0
DHCST|NY|000|05|0212598|24|24|24|0|0|24|10|1|1|4|0|0|8|24|21|3|24|21|8|1|0|4|0|0|8|3|2|0|1|0|0|0|0|36|17|9|5|5|0|0|36|33|15|9|4|5|0|0|3|2|0|1|0|0|0|24|16|10|1|1|4|0|0|8|4|3|0|0|0|0|0|1|0|0|0|0|0|0|0|0|4|4|0|0|0|0|0|0|0|0|0|0|0|0|0|0|0|0|0|0|0|0|0|0|0|0|0|0|0|0|0|0|0|0|0|0|0|0|0|0|0|0|0|0|0|0|24|3|21|13|8|1|0|4|0|0|8|4|3|0|0|0|0|0|1|0|0|0|0|0|0|0|0|4|4|0|0|0|0|0|0|0|0|0|0|0|0|0|0|0|0|0|0|0|0|0|0|0|0|0|0|0|0|0|0|0|0|0|0|0|0|0|0|0|0|0|0|0|0
DHCST|NY|000|05|0212599|20|20|20|0|0|20|13|3|0|2|0|0|2|20|14|6|20|14|8|3|0|1|0|0|2|6|5|0|0|1|0|0|0|22|13|5|0|4|0|0|22|16|8|5|0|3|0|0|6|5|0|0|1|0|0|20|18|13|3|0|2|0|0|2|2|0|0|0|0|0|0|2|0|0|0|0|0|0|0|0|0|0|0|0|0|0|0|0|0|0|0|0|0|0|0|0|0|0|0|0|0|0|0|0|0|0|0|0|0|0|0|0|0|0|0|0|0|0|0|0|0|0|0|0|0|0|20|6|14|12|8|3|0|1|0|0|2|2|0|0|0|0|0|0|2|0|0|0|0|0|0|0|0|0|0|0|0|0|0|0|0|0|0|0|0|0|0|0|0|0|0|0|0|0|0|0|0|0|0|0|0|0|0|0|0|0|0|0|0|0|0|0|0|0|0|0|0|0|0
DHCST|NY|000|05|0212600|56|56|56|0|0|56|20|10|0|20|0|4|2|56|42|14|56|42|16|6|0|18|0|0|2|14|4|4|0|2|0|4|0|58|22|12|0|20|0|4|58|44|18|8|0|18|0|0|14|4|4|0|2|0|4|56|54|20|10|0|20|0|4|2|2|2|0|0|0|0|0|0|0|0|0|0|0|0|0|0|0|0|0|0|0|0|0|0|0|0|0|0|0|0|0|0|0|0|0|0|0|0|0|0|0|0|0|0|0|0|0|0|0|0|0|0|0|0|0|0|0|0|0|0|0|0|56|14|42|40|16|6|0|18|0|0|2|2|2|0|0|0|0|0|0|0|0|0|0|0|0|0|0|0|0|0|0|0|0|0|0|0|0|0|0|0|0|0|0|0|0|0|0|0|0|0|0|0|0|0|0|0|0|0|0|0|0|0|0|0|0|0|0|0|0|0|0|0|0
DHCST|NY|000|05|0212601|32|32|32|0|0|32|8|10|0|2|0|0|12|32|29|3|32|29|8|10|0|1|0|0|10|3|0|0|0|1|0|0|2|46|19|15|9|3|0|0|46|41|17|13|9|2|0|0|5|2|2|0|1|0|0|32|20|8|10|0|2|0|0|12|10|2|7|0|0|0|0|1|0|0|0|0|0|0|0|0|2|2|0|0|0|0|0|0|0|0|0|0|0|0|0|0|0|0|0|0|0|0|0|0|0|0|0|0|0|0|0|0|0|0|0|0|0|0|0|0|0|0|0|0|0|0|32|3|29|19|8|10|0|1|0|0|10|8|0|7|0|0|0|0|1|0|0|0|0|0|0|0|0|2|2|0|0|0|0|0|0|0|0|0|0|0|0|0|0|0|0|0|0|0|0|0|0|0|0|0|0|0|0|0|0|0|0|0|0|0|0|0|0|0|0|0|0|0|0
DHCST|NY|000|05|0212602|28|28|28|0|0|28|14|4|0|2|0|0|8|28|18|10|28|18|6|4|0|2|0|0|6|10|8|0|0|0|0|0|2|38|18|10|2|4|2|2|38|24|8|10|0|4|2|0|14|10|0|2|0|0|2|28|20|14|4|0|2|0|0|8|6|2|0|0|0|0|0|2|2|0|0|0|0|0|0|0|2|0|0|0|0|0|0|2|0|0|0|0|0|0|0|0|0|0|0|0|0|0|0|0|0|0|0|0|0|0|0|0|0|0|0|0|0|0|0|0|0|0|0|0|0|0|28|10|18|12|6|4|0|2|0|0|6|6|2|0|0|0|0|0|2|2|0|0|0|0|0|0|0|0|0|0|0|0|0|0|0|0|0|0|0|0|0|0|0|0|0|0|0|0|0|0|0|0|0|0|0|0|0|0|0|0|0|0|0|0|0|0|0|0|0|0|0|0|0
DHCST|NY|000|05|0212603|0|0|0|0|0|0|0|0|0|0|0|0|0|0|0|0|0|0|0|0|0|0|0|0|0|0|0|0|0|0|0|0|0|0|0|0|0|0|0|0|0|0|0|0|0|0|0|0|0|0|0|0|0|0|0|0|0|0|0|0|0|0|0|0|0|0|0|0|0|0|0|0|0|0|0|0|0|0|0|0|0|0|0|0|0|0|0|0|0|0|0|0|0|0|0|0|0|0|0|0|0|0|0|0|0|0|0|0|0|0|0|0|0|0|0|0|0|0|0|0|0|0|0|0|0|0|0|0|0|0|0|0|0|0|0|0|0|0|0|0|0|0|0|0|0|0|0|0|0|0|0|0|0|0|0|0|0|0|0|0|0|0|0|0|0|0|0|0|0|0|0|0|0|0|0|0|0|0|0|0|0|0|0|0|0|0|0|0|0|0|0|0|0|0|0|0|0|0|0
DHCST|NY|000|05|0212604|87|87|87|0|0|87|32|35|0|10|0|1|9|87|77|10|87|77|28|35|0|10|0|0|4|10|4|0|0|0|0|1|5|96|39|40|0|12|0|5|96|81|30|39|0|12|0|0|15|9|1|0|0|0|5|87|78|32|35|0|10|0|1|9|9|3|0|0|0|4|0|2|0|0|0|0|0|0|0|0|0|0|0|0|0|0|0|0|0|0|0|0|0|0|0|0|0|0|0|0|0|0|0|0|0|0|0|0|0|0|0|0|0|0|0|0|0|0|0|0|0|0|0|0|0|0|87|10|77|73|28|35|0|10|0|0|4|4|2|0|0|0|0|0|2|0|0|0|0|0|0|0|0|0|0|0|0|0|0|0|0|0|0|0|0|0|0|0|0|0|0|0|0|0|0|0|0|0|0|0|0|0|0|0|0|0|0|0|0|0|0|0|0|0|0|0|0|0|0
DHCST|NY|000|05|0212605|36|36|36|0|0|36|18|11|0|4|0|0|3|36|36|0|36|36|18|11|0|4|0|0|3|0|0|0|0|0|0|0|0|39|19|13|1|6|0|0|39|39|19|13|1|6|0|0|0|0|0|0|0|0|0|36|33|18|11|0|4|0|0|3|3|0|1|0|0|0|0|2|0|0|0|0|0|0|0|0|0|0|0|0|0|0|0|0|0|0|0|0|0|0|0|0|0|0|0|0|0|0|0|0|0|0|0|0|0|0|0|0|0|0|0|0|0|0|0|0|0|0|0|0|0|0|36|0|36|33|18|11|0|4|0|0|3|3|0|1|0|0|0|0|2|0|0|0|0|0|0|0|0|0|0|0|0|0|0|0|0|0|0|0|0|0|0|0|0|0|0|0|0|0|0|0|0|0|0|0|0|0|0|0|0|0|0|0|0|0|0|0|0|0|0|0|0|0|0
DHCST|NY|000|05|0212606|33|33|33|0|0|33|14|3|3|3|0|0|10|33|28|5|33|28|14|3|3|2|0|0|6|5|0|0|0|1|0|0|4|43|22|10|4|3|1|3|43|34|19|9|3|2|1|0|9|3|1|1|1|0|3|33|23|14|3|3|3|0|0|10|10|5|0|0|0|3|1|0|1|0|0|0|0|0|0|0|0|0|0|0|0|0|0|0|0|0|0|0|0|0|0|0|0|0|0|0|0|0|0|0|0|0|0|0|0|0|0|0|0|0|0|0|0|0|0|0|0|0|0|0|0|0|33|5|28|22|14|3|3|2|0|0|6|6|5|0|0|0|0|0|0|1|0|0|0|0|0|0|0|0|0|0|0|0|0|0|0|0|0|0|0|0|0|0|0|0|0|0|0|0|0|0|0|0|0|0|0|0|0|0|0|0|0|0|0|0|0|0|0|0|0|0|0|0|0
DHCST|NY|000|05|0212607|26|26|26|0|0|26|14|2|1|3|0|3|3|26|22|4|26|22|14|2|1|3|0|0|2|4|0|0|0|0|0|3|1|31|17|4|1|5|0|4|31|26|16|4|1|5|0|0|5|1|0|0|0|0|4|26|23|14|2|1|3|0|3|3|1|0|0|0|0|1|0|0|0|0|0|0|0|0|0|0|2|0|2|0|0|0|0|0|0|0|0|0|0|0|0|0|0|0|0|0|0|0|0|0|0|0|0|0|0|0|0|0|0|0|0|0|0|0|0|0|0|0|0|0|0|0|26|4|22|20|14|2|1|3|0|0|2|0|0|0|0|0|0|0|0|0|0|0|0|0|0|0|0|2|0|2|0|0|0|0|0|0|0|0|0|0|0|0|0|0|0|0|0|0|0|0|0|0|0|0|0|0|0|0|0|0|0|0|0|0|0|0|0|0|0|0|0|0|0
DHCST|NY|000|05|0212608|50|50|50|0|0|50|20|3|3|14|0|2|8|50|43|7|50|43|16|3|3|14|0|0|7|7|4|0|0|0|0|2|1|58|23|11|6|15|1|2|58|50|18|10|6|15|1|0|8|5|1|0|0|0|2|50|42|20|3|3|14|0|2|8|8|3|0|0|0|0|3|1|1|0|0|0|0|0|0|0|0|0|0|0|0|0|0|0|0|0|0|0|0|0|0|0|0|0|0|0|0|0|0|0|0|0|0|0|0|0|0|0|0|0|0|0|0|0|0|0|0|0|0|0|0|0|50|7|43|36|16|3|3|14|0|0|7|7|2|0|0|0|0|3|1|1|0|0|0|0|0|0|0|0|0|0|0|0|0|0|0|0|0|0|0|0|0|0|0|0|0|0|0|0|0|0|0|0|0|0|0|0|0|0|0|0|0|0|0|0|0|0|0|0|0|0|0|0|0
DHCST|NY|000|05|0212609|65|65|65|0|0|65|33|28|0|0|0|0|4|65|64|1|65|64|33|27|0|0|0|0|4|1|0|1|0|0|0|0|0|69|36|31|1|0|0|1|69|68|36|30|1|0|0|1|1|0|1|0|0|0|0|65|61|33|28|0|0|0|0|4|4|2|1|0|0|0|0|0|0|1|0|0|0|0|0|0|0|0|0|0|0|0|0|0|0|0|0|0|0|0|0|0|0|0|0|0|0|0|0|0|0|0|0|0|0|0|0|0|0|0|0|0|0|0|0|0|0|0|0|0|0|0|65|1|64|60|33|27|0|0|0|0|4|4|2|1|0|0|0|0|0|0|1|0|0|0|0|0|0|0|0|0|0|0|0|0|0|0|0|0|0|0|0|0|0|0|0|0|0|0|0|0|0|0|0|0|0|0|0|0|0|0|0|0|0|0|0|0|0|0|0|0|0|0|0
DHCST|NY|000|05|0212610|90|90|90|0|0|90|46|28|0|11|0|3|2|90|82|8|90|82|46|24|0|10|0|0|2|8|0|4|0|1|0|3|0|92|48|30|0|11|0|3|92|84|48|26|0|10|0|0|8|0|4|0|1|0|3|90|88|46|28|0|11|0|3|2|2|2|0|0|0|0|0|0|0|0|0|0|0|0|0|0|0|0|0|0|0|0|0|0|0|0|0|0|0|0|0|0|0|0|0|0|0|0|0|0|0|0|0|0|0|0|0|0|0|0|0|0|0|0|0|0|0|0|0|0|0|0|90|8|82|80|46|24|0|10|0|0|2|2|2|0|0|0|0|0|0|0|0|0|0|0|0|0|0|0|0|0|0|0|0|0|0|0|0|0|0|0|0|0|0|0|0|0|0|0|0|0|0|0|0|0|0|0|0|0|0|0|0|0|0|0|0|0|0|0|0|0|0|0|0
DHCST|NY|000|05|0212611|94|94|94|0|0|94|41|42|1|7|0|3|0|94|88|6|94|88|41|41|0|6|0|0|0|6|0|1|1|1|0|3|0|94|41|42|1|7|0|3|94|88|41|41|0|6|0|0|6|0|1|1|1|0|3|94|94|41|42|1|7|0|3|0|0|0|0|0|0|0|0|0|0|0|0|0|0|0|0|0|0|0|0|0|0|0|0|0|0|0|0|0|0|0|0|0|0|0|0|0|0|0|0|0|0|0|0|0|0|0|0|0|0|0|0|0|0|0|0|0|0|0|0|0|0|0|94|6|88|88|41|41|0|6|0|0|0|0|0|0|0|0|0|0|0|0|0|0|0|0|0|0|0|0|0|0|0|0|0|0|0|0|0|0|0|0|0|0|0|0|0|0|0|0|0|0|0|0|0|0|0|0|0|0|0|0|0|0|0|0|0|0|0|0|0|0|0|0|0
DHCST|NY|000|05|0212612|84|84|84|0|0|84|47|30|1|6|0|0|0|84|82|2|84|82|45|30|1|6|0|0|0|2|2|0|0|0|0|0|0|84|47|30|1|6|0|0|84|82|45|30|1|6|0|0|2|2|0|0|0|0|0|84|84|47|30|1|6|0|0|0|0|0|0|0|0|0|0|0|0|0|0|0|0|0|0|0|0|0|0|0|0|0|0|0|0|0|0|0|0|0|0|0|0|0|0|0|0|0|0|0|0|0|0|0|0|0|0|0|0|0|0|0|0|0|0|0|0|0|0|0|0|0|84|2|82|82|45|30|1|6|0|0|0|0|0|0|0|0|0|0|0|0|0|0|0|0|0|0|0|0|0|0|0|0|0|0|0|0|0|0|0|0|0|0|0|0|0|0|0|0|0|0|0|0|0|0|0|0|0|0|0|0|0|0|0|0|0|0|0|0|0|0|0|0|0
DHCST|NY|000|05|0212613|83|83|83|0|0|83|55|16|3|7|0|0|2|83|73|10|83|73|49|16|0|6|0|0|2|10|6|0|3|1|0|0|0|85|57|18|3|7|0|0|85|75|51|18|0|6|0|0|10|6|0|3|1|0|0|83|81|55|16|3|7|0|0|2|2|2|0|0|0|0|0|0|0|0|0|0|0|0|0|0|0|0|0|0|0|0|0|0|0|0|0|0|0|0|0|0|0|0|0|0|0|0|0|0|0|0|0|0|0|0|0|0|0|0|0|0|0|0|0|0|0|0|0|0|0|0|83|10|73|71|49|16|0|6|0|0|2|2|2|0|0|0|0|0|0|0|0|0|0|0|0|0|0|0|0|0|0|0|0|0|0|0|0|0|0|0|0|0|0|0|0|0|0|0|0|0|0|0|0|0|0|0|0|0|0|0|0|0|0|0|0|0|0|0|0|0|0|0|0
DHCST|NY|000|05|0212614|52|52|52|0|0|52|1|31|0|11|0|0|9|52|47|5|52|47|0|31|0|10|0|0|6|5|1|0|0|1|0|0|3|61|7|36|0|13|1|4|61|53|3|36|0|12|1|1|8|4|0|0|1|0|3|52|43|1|31|0|11|0|0|9|9|3|0|0|0|3|0|1|1|0|0|0|0|0|1|0|0|0|0|0|0|0|0|0|0|0|0|0|0|0|0|0|0|0|0|0|0|0|0|0|0|0|0|0|0|0|0|0|0|0|0|0|0|0|0|0|0|0|0|0|0|0|52|5|47|41|0|31|0|10|0|0|6|6|3|0|0|0|0|0|1|1|0|0|0|0|0|1|0|0|0|0|0|0|0|0|0|0|0|0|0|0|0|0|0|0|0|0|0|0|0|0|0|0|0|0|0|0|0|0|0|0|0|0|0|0|0|0|0|0|0|0|0|0|0
DHCST|NY|000|05|0212615|34|34|34|0|0|34|7|12|0|9|0|0|6|34|33|1|34|33|7|12|0|9|0|0|5|1|0|0|0|0|0|0|1|40|11|17|1|9|2|0|40|38|10|17|0|9|2|0|2|1|0|1|0|0|0|34|28|7|12|0|9|0|0|6|6|3|1|0|0|0|0|0|2|0|0|0|0|0|0|0|0|0|0|0|0|0|0|0|0|0|0|0|0|0|0|0|0|0|0|0|0|0|0|0|0|0|0|0|0|0|0|0|0|0|0|0|0|0|0|0|0|0|0|0|0|0|34|1|33|28|7|12|0|9|0|0|5|5|3|0|0|0|0|0|0|2|0|0|0|0|0|0|0|0|0|0|0|0|0|0|0|0|0|0|0|0|0|0|0|0|0|0|0|0|0|0|0|0|0|0|0|0|0|0|0|0|0|0|0|0|0|0|0|0|0|0|0|0|0
DHCST|NY|000|05|0212616|76|76|76|0|0|76|52|14|0|2|0|7|1|76|64|12|76|64|52|11|0|1|0|0|0|12|0|3|0|1|0|7|1|77|52|15|0|2|0|8|77|64|52|11|0|1|0|0|13|0|4|0|1|0|8|76|75|52|14|0|2|0|7|1|1|0|0|0|0|0|0|0|0|1|0|0|0|0|0|0|0|0|0|0|0|0|0|0|0|0|0|0|0|0|0|0|0|0|0|0|0|0|0|0|0|0|0|0|0|0|0|0|0|0|0|0|0|0|0|0|0|0|0|0|0|0|76|12|64|64|52|11|0|1|0|0|0|0|0|0|0|0|0|0|0|0|0|0|0|0|0|0|0|0|0|0|0|0|0|0|0|0|0|0|0|0|0|0|0|0|0|0|0|0|0|0|0|0|0|0|0|0|0|0|0|0|0|0|0|0|0|0|0|0|0|0|0|0|0
DHCST|NY|000|05|0212617|68|68|68|0|0|68|36|6|0|16|0|0|10|68|58|10|68|58|32|6|0|16|0|0|4|10|4|0|0|0|0|0|6|78|43|11|2|16|0|6|78|62|34|10|2|16|0|0|16|9|1|0|0|0|6|68|58|36|6|0|16|0|0|10|10|2|0|0|0|5|2|0|0|1|0|0|0|0|0|0|0|0|0|0|0|0|0|0|0|0|0|0|0|0|0|0|0|0|0|0|0|0|0|0|0|0|0|0|0|0|0|0|0|0|0|0|0|0|0|0|0|0|0|0|0|0|68|10|58|54|32|6|0|16|0|0|4|4|2|0|0|0|0|2|0|0|0|0|0|0|0|0|0|0|0|0|0|0|0|0|0|0|0|0|0|0|0|0|0|0|0|0|0|0|0|0|0|0|0|0|0|0|0|0|0|0|0|0|0|0|0|0|0|0|0|0|0|0|0
DHCST|NY|000|05|0212618|60|60|60|0|0|60|28|5|4|7|0|7|9|60|47|13|60|47|25|5|4|7|0|3|3|13|3|0|0|0|0|4|6|70|35|10|6|7|0|12|70|51|28|8|5|7|0|3|19|7|2|1|0|0|9|60|51|28|5|4|7|0|7|9|8|3|0|0|0|3|0|0|0|1|0|0|1|0|0|0|1|1|0|0|0|0|0|0|0|0|0|0|0|0|0|0|0|0|0|0|0|0|0|0|0|0|0|0|0|0|0|0|0|0|0|0|0|0|0|0|0|0|0|0|0|0|60|13|47|44|25|5|4|7|0|3|3|2|2|0|0|0|0|0|0|0|0|0|0|0|0|0|0|1|1|0|0|0|0|0|0|0|0|0|0|0|0|0|0|0|0|0|0|0|0|0|0|0|0|0|0|0|0|0|0|0|0|0|0|0|0|0|0|0|0|0|0|0|0
DHCST|NY|000|05|0212619|50|50|50|0|0|50|15|10|0|5|0|9|11|50|32|18|50|32|13|10|0|5|0|0|4|18|2|0|0|0|0|9|7|62|25|12|3|5|0|17|62|37|17|11|3|5|0|1|25|8|1|0|0|0|16|50|39|15|10|0|5|0|9|11|10|0|2|0|0|7|0|0|0|1|0|0|0|0|0|0|1|1|0|0|0|0|0|0|0|0|0|0|0|0|0|0|0|0|0|0|0|0|0|0|0|0|0|0|0|0|0|0|0|0|0|0|0|0|0|0|0|0|0|0|0|0|50|18|32|28|13|10|0|5|0|0|4|3|0|2|0|0|1|0|0|0|0|0|0|0|0|0|0|1|1|0|0|0|0|0|0|0|0|0|0|0|0|0|0|0|0|0|0|0|0|0|0|0|0|0|0|0|0|0|0|0|0|0|0|0|0|0|0|0|0|0|0|0|0
DHCST|NY|000|05|0212620|51|51|51|0|0|51|28|5|0|5|0|1|12|51|45|6|51|45|27|3|0|5|0|1|9|6|1|2|0|0|0|0|3|63|39|12|0|7|0|5|63|54|35|10|0|7|0|2|9|4|2|0|0|0|3|51|39|28|5|0|5|0|1|12|12|6|0|1|0|4|0|1|0|0|0|0|0|0|0|0|0|0|0|0|0|0|0|0|0|0|0|0|0|0|0|0|0|0|0|0|0|0|0|0|0|0|0|0|0|0|0|0|0|0|0|0|0|0|0|0|0|0|0|0|0|0|51|6|45|36|27|3|0|5|0|1|9|9|6|0|1|0|1|0|1|0|0|0|0|0|0|0|0|0|0|0|0|0|0|0|0|0|0|0|0|0|0|0|0|0|0|0|0|0|0|0|0|0|0|0|0|0|0|0|0|0|0|0|0|0|0|0|0|0|0|0|0|0|0
DHCST|NY|000|05|0212621|83|83|83|0|0|83|61|9|0|3|0|1|9|83|76|7|83|76|56|9|0|3|0|0|8|7|5|0|0|0|0|1|1|92|70|14|2|4|0|2|92|84|64|14|2|4|0|0|8|6|0|0|0|0|2|83|74|61|9|0|3|0|1|9|9|5|2|1|0|1|0|0|0|0|0|0|0|0|0|0|0|0|0|0|0|0|0|0|0|0|0|0|0|0|0|0|0|0|0|0|0|0|0|0|0|0|0|0|0|0|0|0|0|0|0|0|0|0|0|0|0|0|0|0|0|0|83|7|76|68|56|9|0|3|0|0|8|8|5|2|1|0|0|0|0|0|0|0|0|0|0|0|0|0|0|0|0|0|0|0|0|0|0|0|0|0|0|0|0|0|0|0|0|0|0|0|0|0|0|0|0|0|0|0|0|0|0|0|0|0|0|0|0|0|0|0|0|0|0
DHCST|NY|000|05|0212622|93|93|93|0|0|93|34|41|0|10|0|0|8|93|90|3|93|90|34|38|0|10|0|0|8|3|0|3|0|0|0|0|0|101|42|47|2|10|0|0|101|98|42|44|2|10|0|0|3|0|3|0|0|0|0|93|85|34|41|0|10|0|0|8|8|6|2|0|0|0|0|0|0|0|0|0|0|0|0|0|0|0|0|0|0|0|0|0|0|0|0|0|0|0|0|0|0|0|0|0|0|0|0|0|0|0|0|0|0|0|0|0|0|0|0|0|0|0|0|0|0|0|0|0|0|0|93|3|90|82|34|38|0|10|0|0|8|8|6|2|0|0|0|0|0|0|0|0|0|0|0|0|0|0|0|0|0|0|0|0|0|0|0|0|0|0|0|0|0|0|0|0|0|0|0|0|0|0|0|0|0|0|0|0|0|0|0|0|0|0|0|0|0|0|0|0|0|0|0
DHCST|NY|000|05|0212623|0|0|0|0|0|0|0|0|0|0|0|0|0|0|0|0|0|0|0|0|0|0|0|0|0|0|0|0|0|0|0|0|0|0|0|0|0|0|0|0|0|0|0|0|0|0|0|0|0|0|0|0|0|0|0|0|0|0|0|0|0|0|0|0|0|0|0|0|0|0|0|0|0|0|0|0|0|0|0|0|0|0|0|0|0|0|0|0|0|0|0|0|0|0|0|0|0|0|0|0|0|0|0|0|0|0|0|0|0|0|0|0|0|0|0|0|0|0|0|0|0|0|0|0|0|0|0|0|0|0|0|0|0|0|0|0|0|0|0|0|0|0|0|0|0|0|0|0|0|0|0|0|0|0|0|0|0|0|0|0|0|0|0|0|0|0|0|0|0|0|0|0|0|0|0|0|0|0|0|0|0|0|0|0|0|0|0|0|0|0|0|0|0|0|0|0|0|0|0
DHCST|NY|000|05|0212624|157|157|157|0|0|157|61|15|0|47|0|1|33|157|139|18|157|139|59|11|0|47|0|0|22|18|2|4|0|0|0|1|11|192|93|29|3|55|0|12|192|162|81|24|2|55|0|0|30|12|5|1|0|0|12|157|124|61|15|0|47|0|1|33|31|12|1|8|0|9|0|0|0|1|0|0|0|0|0|0|2|1|0|0|0|0|0|1|0|0|0|0|0|0|0|0|0|0|0|0|0|0|0|0|0|0|0|0|0|0|0|0|0|0|0|0|0|0|0|0|0|0|0|0|0|0|157|18|139|117|59|11|0|47|0|0|22|21|12|1|8|0|0|0|0|0|0|0|0|0|0|0|0|1|1|0|0|0|0|0|0|0|0|0|0|0|0|0|0|0|0|0|0|0|0|0|0|0|0|0|0|0|0|0|0|0|0|0|0|0|0|0|0|0|0|0|0|0|0
DHCST|NY|000|05|0212625|124|124|124|0|0|124|13|96|0|1|0|4|10|124|114|10|124|114|10|96|0|1|0|1|6|10|3|0|0|0|0|3|4|134|21|104|0|1|0|8|134|120|16|102|0|1|0|1|14|5|2|0|0|0|7|124|114|13|96|0|1|0|4|10|10|6|0|0|0|2|0|0|0|2|0|0|0|0|0|0|0|0|0|0|0|0|0|0|0|0|0|0|0|0|0|0|0|0|0|0|0|0|0|0|0|0|0|0|0|0|0|0|0|0|0|0|0|0|0|0|0|0|0|0|0|0|124|10|114|108|10|96|0|1|0|1|6|6|6|0|0|0|0|0|0|0|0|0|0|0|0|0|0|0|0|0|0|0|0|0|0|0|0|0|0|0|0|0|0|0|0|0|0|0|0|0|0|0|0|0|0|0|0|0|0|0|0|0|0|0|0|0|0|0|0|0|0|0|0
DHCST|NY|000|05|0212626|95|95|95|0|0|95|13|53|2|12|0|1|14|95|82|13|95|82|12|52|2|12|0|0|4|13|1|1|0|0|0|1|10|111|27|63|2|12|0|7|111|88|16|56|2|12|0|2|23|11|7|0|0|0|5|95|81|13|53|2|12|0|1|14|12|8|0|0|0|4|0|0|0|0|0|0|0|0|0|0|2|0|0|0|2|0|0|0|0|0|0|0|0|0|0|0|0|0|0|0|0|0|0|0|0|0|0|0|0|0|0|0|0|0|0|0|0|0|0|0|0|0|0|0|0|0|95|13|82|78|12|52|2|12|0|0|4|2|2|0|0|0|0|0|0|0|0|0|0|0|0|0|0|2|0|0|0|2|0|0|0|0|0|0|0|0|0|0|0|0|0|0|0|0|0|0|0|0|0|0|0|0|0|0|0|0|0|0|0|0|0|0|0|0|0|0|0|0|0
DHCST|NY|000|05|0212627|108|108|108|0|0|108|39|32|0|23|0|5|9|108|95|13|108|95|32|32|0|23|0|0|8|13|7|0|0|0|0|5|1|117|46|37|4|24|0|6|117|103|39|37|3|24|0|0|14|7|0|1|0|0|6|108|99|39|32|0|23|0|5|9|9|4|3|0|0|0|0|1|0|0|0|0|1|0|0|0|0|0|0|0|0|0|0|0|0|0|0|0|0|0|0|0|0|0|0|0|0|0|0|0|0|0|0|0|0|0|0|0|0|0|0|0|0|0|0|0|0|0|0|0|0|0|108|13|95|87|32|32|0|23|0|0|8|8|4|3|0|0|0|0|1|0|0|0|0|0|0|0|0|0|0|0|0|0|0|0|0|0|0|0|0|0|0|0|0|0|0|0|0|0|0|0|0|0|0|0|0|0|0|0|0|0|0|0|0|0|0|0|0|0|0|0|0|0|0
DHCST|NY|000|05|0212628|123|123|123|0|0|123|55|41|0|8|0|7|12|123|113|10|123|113|55|41|0|8|0|0|9|10|0|0|0|0|0|7|3|138|64|46|5|8|0|15|138|122|64|43|2|8|0|5|16|0|3|3|0|0|10|123|111|55|41|0|8|0|7|12|9|2|2|0|0|5|0|0|0|0|0|0|0|0|0|0|3|0|0|0|0|0|0|0|0|0|0|0|0|3|0|0|0|0|0|0|0|0|0|0|0|0|0|0|0|0|0|0|0|0|0|0|0|0|0|0|0|0|0|0|0|0|123|10|113|104|55|41|0|8|0|0|9|9|2|2|0|0|5|0|0|0|0|0|0|0|0|0|0|0|0|0|0|0|0|0|0|0|0|0|0|0|0|0|0|0|0|0|0|0|0|0|0|0|0|0|0|0|0|0|0|0|0|0|0|0|0|0|0|0|0|0|0|0|0
DHCST|NY|000|05|0212629|45|45|45|0|0|45|11|11|5|15|0|0|3|45|41|4|45|41|11|9|5|15|0|0|1|4|0|2|0|0|0|0|2|48|13|12|7|15|0|1|48|42|11|10|6|15|0|0|6|2|2|1|0|0|1|45|42|11|11|5|15|0|0|3|3|0|1|0|0|1|1|0|0|0|0|0|0|0|0|0|0|0|0|0|0|0|0|0|0|0|0|0|0|0|0|0|0|0|0|0|0|0|0|0|0|0|0|0|0|0|0|0|0|0|0|0|0|0|0|0|0|0|0|0|0|0|45|4|41|40|11|9|5|15|0|0|1|1|0|0|0|0|0|1|0|0|0|0|0|0|0|0|0|0|0|0|0|0|0|0|0|0|0|0|0|0|0|0|0|0|0|0|0|0|0|0|0|0|0|0|0|0|0|0|0|0|0|0|0|0|0|0|0|0|0|0|0|0|0
DHCST|NY|000|05|0212630|60|60|60|0|0|60|45|5|2|0|0|3|5|60|56|4|60|56|45|5|2|0|0|3|1|4|0|0|0|0|0|0|4|65|46|7|5|0|0|7|65|57|46|5|3|0|0|3|8|0|2|2|0|0|4|60|55|45|5|2|0|0|3|5|5|0|1|0|0|0|0|0|0|2|0|0|2|0|0|0|0|0|0|0|0|0|0|0|0|0|0|0|0|0|0|0|0|0|0|0|0|0|0|0|0|0|0|0|0|0|0|0|0|0|0|0|0|0|0|0|0|0|0|0|0|0|60|4|56|55|45|5|2|0|0|3|1|1|0|1|0|0|0|0|0|0|0|0|0|0|0|0|0|0|0|0|0|0|0|0|0|0|0|0|0|0|0|0|0|0|0|0|0|0|0|0|0|0|0|0|0|0|0|0|0|0|0|0|0|0|0|0|0|0|0|0|0|0|0
DHCST|NY|000|05|0212631|72|72|72|0|0|72|21|29|0|1|0|13|8|72|54|18|72|54|20|29|0|1|0|1|3|18|1|0|0|0|0|12|5|80|27|31|2|2|0|18|80|57|21|31|2|2|0|1|23|6|0|0|0|0|17|72|64|21|29|0|1|0|13|8|8|0|1|0|0|5|1|1|0|0|0|0|0|0|0|0|0|0|0|0|0|0|0|0|0|0|0|0|0|0|0|0|0|0|0|0|0|0|0|0|0|0|0|0|0|0|0|0|0|0|0|0|0|0|0|0|0|0|0|0|0|0|72|18|54|51|20|29|0|1|0|1|3|3|0|1|0|0|0|1|1|0|0|0|0|0|0|0|0|0|0|0|0|0|0|0|0|0|0|0|0|0|0|0|0|0|0|0|0|0|0|0|0|0|0|0|0|0|0|0|0|0|0|0|0|0|0|0|0|0|0|0|0|0|0
DHCST|NY|000|05|0212632|67|67|67|0|0|67|41|12|0|7|0|5|2|67|56|11|67|56|40|10|0|6|0|0|0|11|1|2|0|1|0|5|2|69|41|14|0|7|0|7|69|56|40|10|0|6|0|0|13|1|4|0|1|0|7|67|65|41|12|0|7|0|5|2|2|0|0|0|0|0|0|0|0|2|0|0|0|0|0|0|0|0|0|0|0|0|0|0|0|0|0|0|0|0|0|0|0|0|0|0|0|0|0|0|0|0|0|0|0|0|0|0|0|0|0|0|0|0|0|0|0|0|0|0|0|0|67|11|56|56|40|10|0|6|0|0|0|0|0|0|0|0|0|0|0|0|0|0|0|0|0|0|0|0|0|0|0|0|0|0|0|0|0|0|0|0|0|0|0|0|0|0|0|0|0|0|0|0|0|0|0|0|0|0|0|0|0|0|0|0|0|0|0|0|0|0|0|0|0
DHCST|NY|000|05|0212633|112|112|112|0|0|112|38|31|9|21|0|0|13|112|104|8|112|104|38|30|9|21|0|0|6|8|0|1|0|0|0|0|7|125|50|34|9|22|2|8|125|110|43|32|9|22|1|3|15|7|2|0|0|1|5|112|99|38|31|9|21|0|0|13|13|3|0|0|1|8|0|0|0|0|0|0|0|1|0|0|0|0|0|0|0|0|0|0|0|0|0|0|0|0|0|0|0|0|0|0|0|0|0|0|0|0|0|0|0|0|0|0|0|0|0|0|0|0|0|0|0|0|0|0|0|0|112|8|104|98|38|30|9|21|0|0|6|6|2|0|0|0|3|0|0|0|0|0|0|0|1|0|0|0|0|0|0|0|0|0|0|0|0|0|0|0|0|0|0|0|0|0|0|0|0|0|0|0|0|0|0|0|0|0|0|0|0|0|0|0|0|0|0|0|0|0|0|0|0
DHCST|NY|000|05|0212634|106|106|106|0|0|106|36|53|2|8|0|0|7|106|98|8|106|98|34|52|2|8|0|0|2|8|2|1|0|0|0|0|5|114|43|54|3|9|0|5|114|101|36|53|3|9|0|0|13|7|1|0|0|0|5|106|99|36|53|2|8|0|0|7|6|0|1|0|0|5|0|0|0|0|0|0|0|0|0|0|1|0|1|0|0|0|0|0|0|0|0|0|0|0|0|0|0|0|0|0|0|0|0|0|0|0|0|0|0|0|0|0|0|0|0|0|0|0|0|0|0|0|0|0|0|0|106|8|98|96|34|52|2|8|0|0|2|1|0|1|0|0|0|0|0|0|0|0|0|0|0|0|0|1|0|1|0|0|0|0|0|0|0|0|0|0|0|0|0|0|0|0|0|0|0|0|0|0|0|0|0|0|0|0|0|0|0|0|0|0|0|0|0|0|0|0|0|0|0
DHCST|NY|000|05|0212635|155|155|155|0|0|155|43|38|2|54|0|7|11|155|143|12|155|143|43|38|2|54|0|0|6|12|0|0|0|0|0|7|5|166|50|47|2|55|0|12|166|149|48|44|2|55|0|0|17|2|3|0|0|0|12|155|144|43|38|2|54|0|7|11|11|5|0|0|0|2|0|1|0|3|0|0|0|0|0|0|0|0|0|0|0|0|0|0|0|0|0|0|0|0|0|0|0|0|0|0|0|0|0|0|0|0|0|0|0|0|0|0|0|0|0|0|0|0|0|0|0|0|0|0|0|0|155|12|143|137|43|38|2|54|0|0|6|6|5|0|0|0|0|0|1|0|0|0|0|0|0|0|0|0|0|0|0|0|0|0|0|0|0|0|0|0|0|0|0|0|0|0|0|0|0|0|0|0|0|0|0|0|0|0|0|0|0|0|0|0|0|0|0|0|0|0|0|0|0
DHCST|NY|000|05|0212636|192|192|192|0|0|192|20|69|1|84|0|1|17|192|188|4|192|188|20|68|1|84|0|0|15|4|0|1|0|0|0|1|2|211|35|83|2|86|2|3|211|205|33|82|2|86|2|0|6|2|1|0|0|0|3|192|175|20|69|1|84|0|1|17|15|12|0|0|0|2|0|1|0|0|0|0|0|0|0|0|2|0|0|0|0|0|0|0|1|0|0|0|1|0|0|0|0|0|0|0|0|0|0|0|0|0|0|0|0|0|0|0|0|0|0|0|0|0|0|0|0|0|0|0|0|0|192|4|188|173|20|68|1|84|0|0|15|13|12|0|0|0|0|0|1|0|0|0|0|0|0|0|0|2|0|0|0|0|0|0|0|1|0|0|0|1|0|0|0|0|0|0|0|0|0|0|0|0|0|0|0|0|0|0|0|0|0|0|0|0|0|0|0|0|0|0|0|0|0
DHCST|NY|000|05|0212637|74|74|74|0|0|74|30|20|1|11|0|0|12|74|70|4|74|70|28|19|1|11|0|0|11|4|2|1|0|0|0|0|1|86|38|30|3|14|0|1|86|81|35|28|3|14|0|1|5|3|2|0|0|0|0|74|62|30|20|1|11|0|0|12|12|6|0|1|0|1|2|2|0|0|0|0|0|0|0|0|0|0|0|0|0|0|0|0|0|0|0|0|0|0|0|0|0|0|0|0|0|0|0|0|0|0|0|0|0|0|0|0|0|0|0|0|0|0|0|0|0|0|0|0|0|0|74|4|70|59|28|19|1|11|0|0|11|11|5|0|1|0|1|2|2|0|0|0|0|0|0|0|0|0|0|0|0|0|0|0|0|0|0|0|0|0|0|0|0|0|0|0|0|0|0|0|0|0|0|0|0|0|0|0|0|0|0|0|0|0|0|0|0|0|0|0|0|0|0
DHCST|NY|000|05|0212638|113|113|113|0|0|113|49|38|0|1|0|4|21|113|102|11|113|102|48|38|0|1|0|2|13|11|1|0|0|0|0|2|8|135|68|49|7|1|0|10|135|115|61|45|6|1|0|2|20|7|4|1|0|0|8|113|92|49|38|0|1|0|4|21|20|8|6|0|0|4|0|0|0|2|0|0|0|0|0|0|1|1|0|0|0|0|0|0|0|0|0|0|0|0|0|0|0|0|0|0|0|0|0|0|0|0|0|0|0|0|0|0|0|0|0|0|0|0|0|0|0|0|0|0|0|0|113|11|102|89|48|38|0|1|0|2|13|13|7|6|0|0|0|0|0|0|0|0|0|0|0|0|0|0|0|0|0|0|0|0|0|0|0|0|0|0|0|0|0|0|0|0|0|0|0|0|0|0|0|0|0|0|0|0|0|0|0|0|0|0|0|0|0|0|0|0|0|0|0
DHCST|NY|000|05|0212639|97|97|97|0|0|97|61|14|2|8|0|5|7|97|94|3|97|94|61|14|2|8|0|5|4|3|0|0|0|0|0|0|3|104|67|16|3|8|0|10|104|98|64|16|3|8|0|7|6|3|0|0|0|0|3|97|90|61|14|2|8|0|5|7|7|1|0|0|0|5|1|0|0|0|0|0|0|0|0|0|0|0|0|0|0|0|0|0|0|0|0|0|0|0|0|0|0|0|0|0|0|0|0|0|0|0|0|0|0|0|0|0|0|0|0|0|0|0|0|0|0|0|0|0|0|0|97|3|94|90|61|14|2|8|0|5|4|4|1|0|0|0|2|1|0|0|0|0|0|0|0|0|0|0|0|0|0|0|0|0|0|0|0|0|0|0|0|0|0|0|0|0|0|0|0|0|0|0|0|0|0|0|0|0|0|0|0|0|0|0|0|0|0|0|0|0|0|0|0
DHCST|NY|000|05|0212640|131|131|131|0|0|131|96|22|0|1|0|0|12|131|121|10|131|121|94|20|0|1|0|0|6|10|2|2|0|0|0|0|6|143|107|24|0|5|0|7|143|127|99|22|0|5|0|1|16|8|2|0|0|0|6|131|119|96|22|0|1|0|0|12|12|1|0|4|0|6|0|0|0|1|0|0|0|0|0|0|0|0|0|0|0|0|0|0|0|0|0|0|0|0|0|0|0|0|0|0|0|0|0|0|0|0|0|0|0|0|0|0|0|0|0|0|0|0|0|0|0|0|0|0|0|0|131|10|121|115|94|20|0|1|0|0|6|6|1|0|4|0|0|0|0|0|1|0|0|0|0|0|0|0|0|0|0|0|0|0|0|0|0|0|0|0|0|0|0|0|0|0|0|0|0|0|0|0|0|0|0|0|0|0|0|0|0|0|0|0|0|0|0|0|0|0|0|0|0
DHCST|NY|000|05|0212641|131|131|131|0|0|131|96|11|0|7|0|4|13|131|111|20|131|111|92|7|0|7|0|0|5|20|4|4|0|0|0|4|8|144|105|19|1|7|0|12|144|116|97|11|1|7|0|0|28|8|8|0|0|0|12|131|118|96|11|0|7|0|4|13|13|4|1|0|0|4|0|0|0|4|0|0|0|0|0|0|0|0|0|0|0|0|0|0|0|0|0|0|0|0|0|0|0|0|0|0|0|0|0|0|0|0|0|0|0|0|0|0|0|0|0|0|0|0|0|0|0|0|0|0|0|0|131|20|111|106|92|7|0|7|0|0|5|5|4|1|0|0|0|0|0|0|0|0|0|0|0|0|0|0|0|0|0|0|0|0|0|0|0|0|0|0|0|0|0|0|0|0|0|0|0|0|0|0|0|0|0|0|0|0|0|0|0|0|0|0|0|0|0|0|0|0|0|0|0
DHCST|NY|000|05|0212642|236|236|236|0|0|236|148|41|0|11|0|7|29|236|212|24|236|212|143|40|0|11|0|0|18|24|5|1|0|0|0|7|11|265|175|54|2|16|0|18|265|230|161|51|2|16|0|0|35|14|3|0|0|0|18|236|207|148|41|0|11|0|7|29|29|11|2|5|0|9|0|0|0|2|0|0|0|0|0|0|0|0|0|0|0|0|0|0|0|0|0|0|0|0|0|0|0|0|0|0|0|0|0|0|0|0|0|0|0|0|0|0|0|0|0|0|0|0|0|0|0|0|0|0|0|0|236|24|212|194|143|40|0|11|0|0|18|18|11|2|5|0|0|0|0|0|0|0|0|0|0|0|0|0|0|0|0|0|0|0|0|0|0|0|0|0|0|0|0|0|0|0|0|0|0|0|0|0|0|0|0|0|0|0|0|0|0|0|0|0|0|0|0|0|0|0|0|0|0
DHCST|NY|000|05|0212643|145|145|145|0|0|145|93|40|0|2|0|2|8|145|141|4|145|141|93|40|0|2|0|2|4|4|0|0|0|0|0|0|4|153|101|40|2|3|0|7|153|145|97|40|2|3|0|3|8|4|0|0|0|0|4|145|137|93|40|0|2|0|2|8|8|0|2|1|0|5|0|0|0|0|0|0|0|0|0|0|0|0|0|0|0|0|0|0|0|0|0|0|0|0|0|0|0|0|0|0|0|0|0|0|0|0|0|0|0|0|0|0|0|0|0|0|0|0|0|0|0|0|0|0|0|0|145|4|141|137|93|40|0|2|0|2|4|4|0|2|1|0|1|0|0|0|0|0|0|0|0|0|0|0|0|0|0|0|0|0|0|0|0|0|0|0|0|0|0|0|0|0|0|0|0|0|0|0|0|0|0|0|0|0|0|0|0|0|0|0|0|0|0|0|0|0|0|0|0
DHCST|NY|000|05|0212644|94|94|94|0|0|94|74|9|0|4|0|1|6|94|92|2|94|92|74|9|0|4|0|1|4|2|0|0|0|0|0|0|2|100|78|13|2|4|0|3|100|96|76|13|2|4|0|1|4|2|0|0|0|0|2|94|88|74|9|0|4|0|1|6|6|2|0|0|0|2|2|0|0|0|0|0|0|0|0|0|0|0|0|0|0|0|0|0|0|0|0|0|0|0|0|0|0|0|0|0|0|0|0|0|0|0|0|0|0|0|0|0|0|0|0|0|0|0|0|0|0|0|0|0|0|0|94|2|92|88|74|9|0|4|0|1|4|4|2|0|0|0|0|2|0|0|0|0|0|0|0|0|0|0|0|0|0|0|0|0|0|0|0|0|0|0|0|0|0|0|0|0|0|0|0|0|0|0|0|0|0|0|0|0|0|0|0|0|0|0|0|0|0|0|0|0|0|0|0
DHCST|NY|000|05|0212645|0|0|0|0|0|0|0|0|0|0|0|0|0|0|0|0|0|0|0|0|0|0|0|0|0|0|0|0|0|0|0|0|0|0|0|0|0|0|0|0|0|0|0|0|0|0|0|0|0|0|0|0|0|0|0|0|0|0|0|0|0|0|0|0|0|0|0|0|0|0|0|0|0|0|0|0|0|0|0|0|0|0|0|0|0|0|0|0|0|0|0|0|0|0|0|0|0|0|0|0|0|0|0|0|0|0|0|0|0|0|0|0|0|0|0|0|0|0|0|0|0|0|0|0|0|0|0|0|0|0|0|0|0|0|0|0|0|0|0|0|0|0|0|0|0|0|0|0|0|0|0|0|0|0|0|0|0|0|0|0|0|0|0|0|0|0|0|0|0|0|0|0|0|0|0|0|0|0|0|0|0|0|0|0|0|0|0|0|0|0|0|0|0|0|0|0|0|0|0
DHCST|NY|000|05|0212646|51|51|51|0|0|51|38|4|0|4|0|0|5|51|46|5|51|46|38|0|0|4|0|0|4|5|0|4|0|0|0|0|1|56|40|7|4|4|0|1|56|50|39|3|3|4|0|1|6|1|4|1|0|0|0|51|46|38|4|0|4|0|0|5|5|0|1|0|0|1|3|0|0|0|0|0|0|0|0|0|0|0|0|0|0|0|0|0|0|0|0|0|0|0|0|0|0|0|0|0|0|0|0|0|0|0|0|0|0|0|0|0|0|0|0|0|0|0|0|0|0|0|0|0|0|0|51|5|46|42|38|0|0|4|0|0|4|4|0|0|0|0|1|3|0|0|0|0|0|0|0|0|0|0|0|0|0|0|0|0|0|0|0|0|0|0|0|0|0|0|0|0|0|0|0|0|0|0|0|0|0|0|0|0|0|0|0|0|0|0|0|0|0|0|0|0|0|0|0
DHCST|NY|000|05|0212647|37|37|37|0|0|37|19|5|0|0|0|1|12|37|23|14|37|23|16|2|0|0|0|0|5|14|3|3|0|0|0|1|7|50|31|12|1|1|0|5|50|29|21|6|1|1|0|0|21|10|6|0|0|0|5|37|25|19|5|0|0|0|1|12|11|7|0|0|0|4|0|0|0|0|0|0|0|0|0|0|1|0|0|0|0|1|0|0|0|0|0|0|0|0|0|0|0|0|0|0|0|0|0|0|0|0|0|0|0|0|0|0|0|0|0|0|0|0|0|0|0|0|0|0|0|0|37|14|23|18|16|2|0|0|0|0|5|4|4|0|0|0|0|0|0|0|0|0|0|0|0|0|0|1|0|0|0|0|1|0|0|0|0|0|0|0|0|0|0|0|0|0|0|0|0|0|0|0|0|0|0|0|0|0|0|0|0|0|0|0|0|0|0|0|0|0|0|0|0
DHCST|NY|000|05|0212648|86|86|86|0|0|86|69|10|0|0|0|0|7|86|82|4|86|82|69|7|0|0|0|0|6|4|0|3|0|0|0|0|1|93|75|12|0|1|0|5|93|88|74|9|0|1|0|4|5|1|3|0|0|0|1|86|79|69|10|0|0|0|0|7|7|2|0|0|0|4|0|0|0|0|0|0|0|0|1|0|0|0|0|0|0|0|0|0|0|0|0|0|0|0|0|0|0|0|0|0|0|0|0|0|0|0|0|0|0|0|0|0|0|0|0|0|0|0|0|0|0|0|0|0|0|0|86|4|82|76|69|7|0|0|0|0|6|6|2|0|0|0|3|0|0|0|0|0|0|0|0|1|0|0|0|0|0|0|0|0|0|0|0|0|0|0|0|0|0|0|0|0|0|0|0|0|0|0|0|0|0|0|0|0|0|0|0|0|0|0|0|0|0|0|0|0|0|0|0
DHCST|NY|000|05|0212649|122|122|122|0|0|122|107|11|0|1|0|2|1|122|117|5|122|117|107|8|0|1|0|1|0|5|0|3|0|0|0|1|1|123|107|12|0|1|0|3|123|117|107|8|0|1|0|1|6|0|4|0|0|0|2|122|121|107|11|0|1|0|2|1|1|0|0|0|0|0|0|0|0|1|0|0|0|0|0|0|0|0|0|0|0|0|0|0|0|0|0|0|0|0|0|0|0|0|0|0|0|0|0|0|0|0|0|0|0|0|0|0|0|0|0|0|0|0|0|0|0|0|0|0|0|0|122|5|117|117|107|8|0|1|0|1|0|0|0|0|0|0|0|0|0|0|0|0|0|0|0|0|0|0|0|0|0|0|0|0|0|0|0|0|0|0|0|0|0|0|0|0|0|0|0|0|0|0|0|0|0|0|0|0|0|0|0|0|0|0|0|0|0|0|0|0|0|0|0
DHCST|NY|000|05|0212650|33|33|33|0|0|33|13|1|0|5|0|0|14|33|29|4|33|29|13|0|0|5|0|0|11|4|0|1|0|0|0|0|3|47|23|6|3|9|0|6|47|40|20|5|0|9|0|6|7|3|1|3|0|0|0|33|19|13|1|0|5|0|0|14|14|1|3|4|0|2|0|0|0|4|0|0|0|0|0|0|0|0|0|0|0|0|0|0|0|0|0|0|0|0|0|0|0|0|0|0|0|0|0|0|0|0|0|0|0|0|0|0|0|0|0|0|0|0|0|0|0|0|0|0|0|0|33|4|29|18|13|0|0|5|0|0|11|11|1|0|4|0|2|0|0|0|4|0|0|0|0|0|0|0|0|0|0|0|0|0|0|0|0|0|0|0|0|0|0|0|0|0|0|0|0|0|0|0|0|0|0|0|0|0|0|0|0|0|0|0|0|0|0|0|0|0|0|0|0
DHCST|NY|000|05|0212651|26|26|26|0|0|26|20|1|0|0|0|0|5|26|22|4|26|22|20|0|0|0|0|0|2|4|0|1|0|0|0|0|3|31|22|6|0|0|0|3|31|24|22|2|0|0|0|0|7|0|4|0|0|0|3|26|21|20|1|0|0|0|0|5|5|2|0|0|0|0|0|0|0|3|0|0|0|0|0|0|0|0|0|0|0|0|0|0|0|0|0|0|0|0|0|0|0|0|0|0|0|0|0|0|0|0|0|0|0|0|0|0|0|0|0|0|0|0|0|0|0|0|0|0|0|0|26|4|22|20|20|0|0|0|0|0|2|2|2|0|0|0|0|0|0|0|0|0|0|0|0|0|0|0|0|0|0|0|0|0|0|0|0|0|0|0|0|0|0|0|0|0|0|0|0|0|0|0|0|0|0|0|0|0|0|0|0|0|0|0|0|0|0|0|0|0|0|0|0
DHCST|NY|000|05|0212652|91|91|91|0|0|91|82|2|0|4|0|0|3|91|88|3|91|88|82|1|0|4|0|0|1|3|0|1|0|0|0|0|2|96|84|3|0|6|0|3|96|90|82|2|0|5|0|1|6|2|1|0|1|0|2|91|88|82|2|0|4|0|0|3|1|0|0|0|0|1|0|0|0|0|0|0|0|0|0|0|2|0|0|0|0|0|0|0|0|1|0|0|0|0|0|1|0|0|0|0|0|0|0|0|0|0|0|0|0|0|0|0|0|0|0|0|0|0|0|0|0|0|0|0|0|0|91|3|88|87|82|1|0|4|0|0|1|0|0|0|0|0|0|0|0|0|0|0|0|0|0|0|0|1|0|0|0|0|0|0|0|0|0|0|0|0|0|0|1|0|0|0|0|0|0|0|0|0|0|0|0|0|0|0|0|0|0|0|0|0|0|0|0|0|0|0|0|0|0
DHCST|NY|000|05|0212653|81|81|81|0|0|81|69|4|0|3|0|0|5|81|77|4|81|77|68|4|0|3|0|0|2|4|1|0|0|0|0|0|3|86|73|5|2|3|0|3|86|79|70|4|2|3|0|0|7|3|1|0|0|0|3|81|76|69|4|0|3|0|0|5|5|0|2|0|0|2|0|0|0|1|0|0|0|0|0|0|0|0|0|0|0|0|0|0|0|0|0|0|0|0|0|0|0|0|0|0|0|0|0|0|0|0|0|0|0|0|0|0|0|0|0|0|0|0|0|0|0|0|0|0|0|0|81|4|77|75|68|4|0|3|0|0|2|2|0|2|0|0|0|0|0|0|0|0|0|0|0|0|0|0|0|0|0|0|0|0|0|0|0|0|0|0|0|0|0|0|0|0|0|0|0|0|0|0|0|0|0|0|0|0|0|0|0|0|0|0|0|0|0|0|0|0|0|0|0
DHCST|NY|000|05|0212654|0|0|0|0|0|0|0|0|0|0|0|0|0|0|0|0|0|0|0|0|0|0|0|0|0|0|0|0|0|0|0|0|0|0|0|0|0|0|0|0|0|0|0|0|0|0|0|0|0|0|0|0|0|0|0|0|0|0|0|0|0|0|0|0|0|0|0|0|0|0|0|0|0|0|0|0|0|0|0|0|0|0|0|0|0|0|0|0|0|0|0|0|0|0|0|0|0|0|0|0|0|0|0|0|0|0|0|0|0|0|0|0|0|0|0|0|0|0|0|0|0|0|0|0|0|0|0|0|0|0|0|0|0|0|0|0|0|0|0|0|0|0|0|0|0|0|0|0|0|0|0|0|0|0|0|0|0|0|0|0|0|0|0|0|0|0|0|0|0|0|0|0|0|0|0|0|0|0|0|0|0|0|0|0|0|0|0|0|0|0|0|0|0|0|0|0|0|0|0
DHCST|NY|000|05|0212655|100|100|100|0|0|100|80|3|0|2|0|3|12|100|88|12|100|88|78|2|0|2|0|0|6|12|2|1|0|0|0|3|6|112|87|9|3|2|0|11|112|94|84|2|3|2|0|3|18|3|7|0|0|0|8|100|88|80|3|0|2|0|3|12|12|1|3|0|0|3|0|0|0|5|0|0|0|0|0|0|0|0|0|0|0|0|0|0|0|0|0|0|0|0|0|0|0|0|0|0|0|0|0|0|0|0|0|0|0|0|0|0|0|0|0|0|0|0|0|0|0|0|0|0|0|0|100|12|88|82|78|2|0|2|0|0|6|6|0|3|0|0|3|0|0|0|0|0|0|0|0|0|0|0|0|0|0|0|0|0|0|0|0|0|0|0|0|0|0|0|0|0|0|0|0|0|0|0|0|0|0|0|0|0|0|0|0|0|0|0|0|0|0|0|0|0|0|0|0
DHCST|NY|000|05|0212656|48|48|48|0|0|48|35|3|0|2|0|1|7|48|46|2|48|46|35|3|0|2|0|1|5|2|0|0|0|0|0|0|2|59|42|10|2|2|0|3|59|51|40|8|0|2|0|1|8|2|2|2|0|0|2|48|41|35|3|0|2|0|1|7|5|5|0|0|0|0|0|0|0|0|0|0|0|0|0|0|0|0|0|0|0|0|0|0|0|0|0|0|0|0|0|0|0|0|0|0|0|2|0|0|2|0|0|0|0|0|0|0|0|0|0|0|0|0|0|0|0|0|0|0|0|0|48|2|46|41|35|3|0|2|0|1|5|5|5|0|0|0|0|0|0|0|0|0|0|0|0|0|0|0|0|0|0|0|0|0|0|0|0|0|0|0|0|0|0|0|0|0|0|0|0|0|0|0|0|0|0|0|0|0|0|0|0|0|0|0|0|0|0|0|0|0|0|0|0
DHCST|NY|000|05|0212657|38|38|38|0|0|38|32|2|0|0|0|3|1|38|35|3|38|35|32|2|0|0|0|0|1|3|0|0|0|0|0|3|0|39|33|2|1|0|0|3|39|36|33|2|1|0|0|0|3|0|0|0|0|0|3|38|37|32|2|0|0|0|3|1|1|0|1|0|0|0|0|0|0|0|0|0|0|0|0|0|0|0|0|0|0|0|0|0|0|0|0|0|0|0|0|0|0|0|0|0|0|0|0|0|0|0|0|0|0|0|0|0|0|0|0|0|0|0|0|0|0|0|0|0|0|0|38|3|35|34|32|2|0|0|0|0|1|1|0|1|0|0|0|0|0|0|0|0|0|0|0|0|0|0|0|0|0|0|0|0|0|0|0|0|0|0|0|0|0|0|0|0|0|0|0|0|0|0|0|0|0|0|0|0|0|0|0|0|0|0|0|0|0|0|0|0|0|0|0
DHCST|NY|000|05|0212658|0|0|0|0|0|0|0|0|0|0|0|0|0|0|0|0|0|0|0|0|0|0|0|0|0|0|0|0|0|0|0|0|0|0|0|0|0|0|0|0|0|0|0|0|0|0|0|0|0|0|0|0|0|0|0|0|0|0|0|0|0|0|0|0|0|0|0|0|0|0|0|0|0|0|0|0|0|0|0|0|0|0|0|0|0|0|0|0|0|0|0|0|0|0|0|0|0|0|0|0|0|0|0|0|0|0|0|0|0|0|0|0|0|0|0|0|0|0|0|0|0|0|0|0|0|0|0|0|0|0|0|0|0|0|0|0|0|0|0|0|0|0|0|0|0|0|0|0|0|0|0|0|0|0|0|0|0|0|0|0|0|0|0|0|0|0|0|0|0|0|0|0|0|0|0|0|0|0|0|0|0|0|0|0|0|0|0|0|0|0|0|0|0|0|0|0|0|0|0
DHCST|NY|000|05|0212659|55|55|55|0|0|55|45|3|1|2|0|0|4|55|51|4|55|51|45|3|0|2|0|0|1|4|0|0|1|0|0|0|3|59|49|3|2|2|0|3|59|52|46|3|1|2|0|0|7|3|0|1|0|0|3|55|51|45|3|1|2|0|0|4|4|0|1|0|0|3|0|0|0|0|0|0|0|0|0|0|0|0|0|0|0|0|0|0|0|0|0|0|0|0|0|0|0|0|0|0|0|0|0|0|0|0|0|0|0|0|0|0|0|0|0|0|0|0|0|0|0|0|0|0|0|0|55|4|51|50|45|3|0|2|0|0|1|1|0|1|0|0|0|0|0|0|0|0|0|0|0|0|0|0|0|0|0|0|0|0|0|0|0|0|0|0|0|0|0|0|0|0|0|0|0|0|0|0|0|0|0|0|0|0|0|0|0|0|0|0|0|0|0|0|0|0|0|0|0
DHCST|NY|000|05|0212660|92|92|92|0|0|92|87|4|0|0|0|0|1|92|90|2|92|90|85|4|0|0|0|0|1|2|2|0|0|0|0|0|0|93|88|5|0|0|0|0|93|91|86|5|0|0|0|0|2|2|0|0|0|0|0|92|91|87|4|0|0|0|0|1|1|1|0|0|0|0|0|0|0|0|0|0|0|0|0|0|0|0|0|0|0|0|0|0|0|0|0|0|0|0|0|0|0|0|0|0|0|0|0|0|0|0|0|0|0|0|0|0|0|0|0|0|0|0|0|0|0|0|0|0|0|0|92|2|90|89|85|4|0|0|0|0|1|1|1|0|0|0|0|0|0|0|0|0|0|0|0|0|0|0|0|0|0|0|0|0|0|0|0|0|0|0|0|0|0|0|0|0|0|0|0|0|0|0|0|0|0|0|0|0|0|0|0|0|0|0|0|0|0|0|0|0|0|0|0
DHCST|NY|000|05|0212661|64|64|64|0|0|64|56|1|0|0|0|2|5|64|64|0|64|64|56|1|0|0|0|2|5|0|0|0|0|0|0|0|0|69|61|1|5|0|0|2|69|69|61|1|5|0|0|2|0|0|0|0|0|0|0|64|59|56|1|0|0|0|2|5|5|0|5|0|0|0|0|0|0|0|0|0|0|0|0|0|0|0|0|0|0|0|0|0|0|0|0|0|0|0|0|0|0|0|0|0|0|0|0|0|0|0|0|0|0|0|0|0|0|0|0|0|0|0|0|0|0|0|0|0|0|0|64|0|64|59|56|1|0|0|0|2|5|5|0|5|0|0|0|0|0|0|0|0|0|0|0|0|0|0|0|0|0|0|0|0|0|0|0|0|0|0|0|0|0|0|0|0|0|0|0|0|0|0|0|0|0|0|0|0|0|0|0|0|0|0|0|0|0|0|0|0|0|0|0
DHCST|NY|000|05|0212662|0|0|0|0|0|0|0|0|0|0|0|0|0|0|0|0|0|0|0|0|0|0|0|0|0|0|0|0|0|0|0|0|0|0|0|0|0|0|0|0|0|0|0|0|0|0|0|0|0|0|0|0|0|0|0|0|0|0|0|0|0|0|0|0|0|0|0|0|0|0|0|0|0|0|0|0|0|0|0|0|0|0|0|0|0|0|0|0|0|0|0|0|0|0|0|0|0|0|0|0|0|0|0|0|0|0|0|0|0|0|0|0|0|0|0|0|0|0|0|0|0|0|0|0|0|0|0|0|0|0|0|0|0|0|0|0|0|0|0|0|0|0|0|0|0|0|0|0|0|0|0|0|0|0|0|0|0|0|0|0|0|0|0|0|0|0|0|0|0|0|0|0|0|0|0|0|0|0|0|0|0|0|0|0|0|0|0|0|0|0|0|0|0|0|0|0|0|0|0
DHCST|NY|000|05|0212663|91|91|91|0|0|91|76|1|0|0|0|0|14|91|90|1|91|90|76|0|0|0|0|0|14|1|0|1|0|0|0|0|0|105|90|9|6|0|0|0|105|104|90|8|6|0|0|0|1|0|1|0|0|0|0|91|77|76|1|0|0|0|0|14|14|8|6|0|0|0|0|0|0|0|0|0|0|0|0|0|0|0|0|0|0|0|0|0|0|0|0|0|0|0|0|0|0|0|0|0|0|0|0|0|0|0|0|0|0|0|0|0|0|0|0|0|0|0|0|0|0|0|0|0|0|0|91|1|90|76|76|0|0|0|0|0|14|14|8|6|0|0|0|0|0|0|0|0|0|0|0|0|0|0|0|0|0|0|0|0|0|0|0|0|0|0|0|0|0|0|0|0|0|0|0|0|0|0|0|0|0|0|0|0|0|0|0|0|0|0|0|0|0|0|0|0|0|0|0
DHCST|NY|000|05|0212664|59|59|59|0|0|59|33|0|0|7|0|9|10|59|46|13|59|46|33|0|0|7|0|0|6|13|0|0|0|0|0|9|4|72|43|5|5|8|0|11|72|53|39|3|3|8|0|0|19|4|2|2|0|0|11|59|49|33|0|0|7|0|9|10|7|2|3|0|0|2|0|0|0|0|0|0|0|0|0|0|3|2|1|0|0|0|0|0|0|0|0|0|0|0|0|0|0|0|0|0|0|0|0|0|0|0|0|0|0|0|0|0|0|0|0|0|0|0|0|0|0|0|0|0|0|0|59|13|46|40|33|0|0|7|0|0|6|5|2|3|0|0|0|0|0|0|0|0|0|0|0|0|0|1|0|1|0|0|0|0|0|0|0|0|0|0|0|0|0|0|0|0|0|0|0|0|0|0|0|0|0|0|0|0|0|0|0|0|0|0|0|0|0|0|0|0|0|0|0
DHCST|NY|000|05|0212665|22|22|22|0|0|22|14|2|0|3|0|0|3|22|21|1|22|21|14|1|0|3|0|0|3|1|0|1|0|0|0|0|0|26|17|3|0|6|0|0|26|25|17|2|0|6|0|0|1|0|1|0|0|0|0|22|19|14|2|0|3|0|0|3|2|0|0|2|0|0|0|0|0|0|0|0|0|0|0|0|1|0|1|0|0|0|0|0|0|0|0|0|0|0|0|0|0|0|0|0|0|0|0|0|0|0|0|0|0|0|0|0|0|0|0|0|0|0|0|0|0|0|0|0|0|0|22|1|21|18|14|1|0|3|0|0|3|2|0|0|2|0|0|0|0|0|0|0|0|0|0|0|0|1|0|1|0|0|0|0|0|0|0|0|0|0|0|0|0|0|0|0|0|0|0|0|0|0|0|0|0|0|0|0|0|0|0|0|0|0|0|0|0|0|0|0|0|0|0
DHCST|NY|000|05|0212666|43|43|43|0|0|43|34|0|2|2|0|0|5|43|41|2|43|41|34|0|2|2|0|0|3|2|0|0|0|0|0|0|2|49|39|3|3|2|0|2|49|45|37|3|3|2|0|0|4|2|0|0|0|0|2|43|38|34|0|2|2|0|0|5|4|2|0|0|0|2|0|0|0|0|0|0|0|0|0|0|1|1|0|0|0|0|0|0|0|0|0|0|0|0|0|0|0|0|0|0|0|0|0|0|0|0|0|0|0|0|0|0|0|0|0|0|0|0|0|0|0|0|0|0|0|0|43|2|41|38|34|0|2|2|0|0|3|2|2|0|0|0|0|0|0|0|0|0|0|0|0|0|0|1|1|0|0|0|0|0|0|0|0|0|0|0|0|0|0|0|0|0|0|0|0|0|0|0|0|0|0|0|0|0|0|0|0|0|0|0|0|0|0|0|0|0|0|0|0
DHCST|NY|000|05|0212667|34|34|34|0|0|34|15|2|0|14|0|1|2|34|33|1|34|33|15|2|0|14|0|0|2|1|0|0|0|0|0|1|0|38|17|4|0|16|0|1|38|37|17|4|0|16|0|0|1|0|0|0|0|0|1|34|32|15|2|0|14|0|1|2|0|0|0|0|0|0|0|0|0|0|0|0|0|0|0|0|2|0|2|0|0|0|0|0|0|0|0|0|0|0|0|0|0|0|0|0|0|0|0|0|0|0|0|0|0|0|0|0|0|0|0|0|0|0|0|0|0|0|0|0|0|0|34|1|33|31|15|2|0|14|0|0|2|0|0|0|0|0|0|0|0|0|0|0|0|0|0|0|0|2|0|2|0|0|0|0|0|0|0|0|0|0|0|0|0|0|0|0|0|0|0|0|0|0|0|0|0|0|0|0|0|0|0|0|0|0|0|0|0|0|0|0|0|0|0
DHCST|NY|000|05|0212668|46|46|46|0|0|46|34|10|0|0|0|0|2|46|43|3|46|43|34|9|0|0|0|0|0|3|0|1|0|0|0|0|2|48|36|10|0|0|0|2|48|43|34|9|0|0|0|0|5|2|1|0|0|0|2|46|44|34|10|0|0|0|0|2|2|0|0|0|0|2|0|0|0|0|0|0|0|0|0|0|0|0|0|0|0|0|0|0|0|0|0|0|0|0|0|0|0|0|0|0|0|0|0|0|0|0|0|0|0|0|0|0|0|0|0|0|0|0|0|0|0|0|0|0|0|0|46|3|43|43|34|9|0|0|0|0|0|0|0|0|0|0|0|0|0|0|0|0|0|0|0|0|0|0|0|0|0|0|0|0|0|0|0|0|0|0|0|0|0|0|0|0|0|0|0|0|0|0|0|0|0|0|0|0|0|0|0|0|0|0|0|0|0|0|0|0|0|0|0
DHCST|NY|000|05|0212669|143|143|143|0|0|143|100|19|0|22|0|0|2|143|142|1|143|142|100|18|0|22|0|0|2|1|0|1|0|0|0|0|0|145|102|21|0|22|0|0|145|144|102|20|0|22|0|0|1|0|1|0|0|0|0|143|141|100|19|0|22|0|0|2|2|2|0|0|0|0|0|0|0|0|0|0|0|0|0|0|0|0|0|0|0|0|0|0|0|0|0|0|0|0|0|0|0|0|0|0|0|0|0|0|0|0|0|0|0|0|0|0|0|0|0|0|0|0|0|0|0|0|0|0|0|0|143|1|142|140|100|18|0|22|0|0|2|2|2|0|0|0|0|0|0|0|0|0|0|0|0|0|0|0|0|0|0|0|0|0|0|0|0|0|0|0|0|0|0|0|0|0|0|0|0|0|0|0|0|0|0|0|0|0|0|0|0|0|0|0|0|0|0|0|0|0|0|0|0
DHCST|NY|000|05|0212670|104|104|104|0|0|104|77|18|0|8|0|0|1|104|102|2|104|102|77|16|0|8|0|0|1|2|0|2|0|0|0|0|0|106|78|19|0|9|0|0|106|104|78|17|0|9|0|0|2|0|2|0|0|0|0|104|103|77|18|0|8|0|0|1|0|0|0|0|0|0|0|0|0|0|0|0|0|0|0|0|1|0|1|0|0|0|0|0|0|0|0|0|0|0|0|0|0|0|0|0|0|0|0|0|0|0|0|0|0|0|0|0|0|0|0|0|0|0|0|0|0|0|0|0|0|0|104|2|102|101|77|16|0|8|0|0|1|0|0|0|0|0|0|0|0|0|0|0|0|0|0|0|0|1|0|1|0|0|0|0|0|0|0|0|0|0|0|0|0|0|0|0|0|0|0|0|0|0|0|0|0|0|0|0|0|0|0|0|0|0|0|0|0|0|0|0|0|0|0
DHCST|NY|000|05|0212671|81|81|81|0|0|81|68|8|0|0|0|2|3|81|75|6|81|75|68|5|0|0|0|1|1|6|0|3|0|0|0|1|2|84|71|10|0|1|0|2|84|76|69|5|0|1|0|1|8|2|5|0|0|0|1|81|78|68|8|0|0|0|2|3|3|2|0|1|0|0|0|0|0|0|0|0|0|0|0|0|0|0|0|0|0|0|0|0|0|0|0|0|0|0|0|0|0|0|0|0|0|0|0|0|0|0|0|0|0|0|0|0|0|0|0|0|0|0|0|0|0|0|0|0|0|0|81|6|75|74|68|5|0|0|0|1|1|1|0|0|1|0|0|0|0|0|0|0|0|0|0|0|0|0|0|0|0|0|0|0|0|0|0|0|0|0|0|0|0|0|0|0|0|0|0|0|0|0|0|0|0|0|0|0|0|0|0|0|0|0|0|0|0|0|0|0|0|0|0
DHCST|NY|000|05|0212672|81|81|81|0|0|81|47|15|0|15|0|0|4|81|75|6|81|75|45|12|0|15|0|0|3|6|2|3|0|0|0|0|1|85|51|16|1|16|0|1|85|78|48|13|1|16|0|0|7|3|3|0|0|0|1|81|77|47|15|0|15|0|0|4|4|1|1|1|0|1|0|0|0|0|0|0|0|0|0|0|0|0|0|0|0|0|0|0|0|0|0|0|0|0|0|0|0|0|0|0|0|0|0|0|0|0|0|0|0|0|0|0|0|0|0|0|0|0|0|0|0|0|0|0|0|0|81|6|75|72|45|12|0|15|0|0|3|3|1|1|1|0|0|0|0|0|0|0|0|0|0|0|0|0|0|0|0|0|0|0|0|0|0|0|0|0|0|0|0|0|0|0|0|0|0|0|0|0|0|0|0|0|0|0|0|0|0|0|0|0|0|0|0|0|0|0|0|0|0
DHCST|NY|000|05|0212673|63|63|63|0|0|63|22|21|0|16|0|0|4|63|60|3|63|60|20|20|0|16|0|0|4|3|2|1|0|0|0|0|0|68|26|24|1|16|0|1|68|65|24|23|1|16|0|1|3|2|1|0|0|0|0|63|59|22|21|0|16|0|0|4|3|3|0|0|0|0|0|0|0|0|0|0|0|0|0|0|1|0|0|0|0|0|0|1|0|0|0|0|0|0|0|0|0|0|0|0|0|0|0|0|0|0|0|0|0|0|0|0|0|0|0|0|0|0|0|0|0|0|0|0|0|0|63|3|60|56|20|20|0|16|0|0|4|3|3|0|0|0|0|0|0|0|0|0|0|0|0|0|0|1|0|0|0|0|0|0|1|0|0|0|0|0|0|0|0|0|0|0|0|0|0|0|0|0|0|0|0|0|0|0|0|0|0|0|0|0|0|0|0|0|0|0|0|0|0
DHCST|NY|000|05|0212674|237|237|237|0|0|237|167|32|0|12|0|0|26|237|211|26|237|211|159|29|0|12|0|0|11|26|8|3|0|0|0|0|15|263|188|45|1|15|0|14|263|222|170|37|0|15|0|0|41|18|8|1|0|0|14|237|211|167|32|0|12|0|0|26|26|8|1|3|0|9|0|0|0|5|0|0|0|0|0|0|0|0|0|0|0|0|0|0|0|0|0|0|0|0|0|0|0|0|0|0|0|0|0|0|0|0|0|0|0|0|0|0|0|0|0|0|0|0|0|0|0|0|0|0|0|0|237|26|211|200|159|29|0|12|0|0|11|11|8|0|3|0|0|0|0|0|0|0|0|0|0|0|0|0|0|0|0|0|0|0|0|0|0|0|0|0|0|0|0|0|0|0|0|0|0|0|0|0|0|0|0|0|0|0|0|0|0|0|0|0|0|0|0|0|0|0|0|0|0
DHCST|NY|000|05|0212675|34|34|34|0|0|34|18|7|0|6|0|0|3|34|34|0|34|34|18|7|0|6|0|0|3|0|0|0|0|0|0|0|0|37|21|9|1|6|0|0|37|37|21|9|1|6|0|0|0|0|0|0|0|0|0|34|31|18|7|0|6|0|0|3|3|2|1|0|0|0|0|0|0|0|0|0|0|0|0|0|0|0|0|0|0|0|0|0|0|0|0|0|0|0|0|0|0|0|0|0|0|0|0|0|0|0|0|0|0|0|0|0|0|0|0|0|0|0|0|0|0|0|0|0|0|0|34|0|34|31|18|7|0|6|0|0|3|3|2|1|0|0|0|0|0|0|0|0|0|0|0|0|0|0|0|0|0|0|0|0|0|0|0|0|0|0|0|0|0|0|0|0|0|0|0|0|0|0|0|0|0|0|0|0|0|0|0|0|0|0|0|0|0|0|0|0|0|0|0
DHCST|NY|000|05|0212676|15|15|15|0|0|15|11|2|0|0|0|0|2|15|14|1|15|14|11|2|0|0|0|0|1|1|0|0|0|0|0|0|1|18|12|4|1|0|0|1|18|16|12|3|1|0|0|0|2|0|1|0|0|0|1|15|13|11|2|0|0|0|0|2|1|0|0|0|0|0|0|0|0|1|0|0|0|0|0|0|1|1|0|0|0|0|0|0|0|0|0|0|0|0|0|0|0|0|0|0|0|0|0|0|0|0|0|0|0|0|0|0|0|0|0|0|0|0|0|0|0|0|0|0|0|0|15|1|14|13|11|2|0|0|0|0|1|0|0|0|0|0|0|0|0|0|0|0|0|0|0|0|0|1|1|0|0|0|0|0|0|0|0|0|0|0|0|0|0|0|0|0|0|0|0|0|0|0|0|0|0|0|0|0|0|0|0|0|0|0|0|0|0|0|0|0|0|0|0
DHCST|NY|000|05|0212677|88|88|88|0|0|88|70|8|0|7|0|0|3|88|88|0|88|88|70|8|0|7|0|0|3|0|0|0|0|0|0|0|0|91|73|8|0|7|0|3|91|91|73|8|0|7|0|3|0|0|0|0|0|0|0|88|85|70|8|0|7|0|0|3|3|0|0|0|0|3|0|0|0|0|0|0|0|0|0|0|0|0|0|0|0|0|0|0|0|0|0|0|0|0|0|0|0|0|0|0|0|0|0|0|0|0|0|0|0|0|0|0|0|0|0|0|0|0|0|0|0|0|0|0|0|0|88|0|88|85|70|8|0|7|0|0|3|3|0|0|0|0|3|0|0|0|0|0|0|0|0|0|0|0|0|0|0|0|0|0|0|0|0|0|0|0|0|0|0|0|0|0|0|0|0|0|0|0|0|0|0|0|0|0|0|0|0|0|0|0|0|0|0|0|0|0|0|0|0
DHCST|NY|000|05|0212678|72|72|72|0|0|72|60|6|0|5|0|0|1|72|71|1|72|71|59|6|0|5|0|0|1|1|1|0|0|0|0|0|0|73|61|6|0|6|0|0|73|72|60|6|0|6|0|0|1|1|0|0|0|0|0|72|71|60|6|0|5|0|0|1|1|0|0|1|0|0|0|0|0|0|0|0|0|0|0|0|0|0|0|0|0|0|0|0|0|0|0|0|0|0|0|0|0|0|0|0|0|0|0|0|0|0|0|0|0|0|0|0|0|0|0|0|0|0|0|0|0|0|0|0|0|0|72|1|71|70|59|6|0|5|0|0|1|1|0|0|1|0|0|0|0|0|0|0|0|0|0|0|0|0|0|0|0|0|0|0|0|0|0|0|0|0|0|0|0|0|0|0|0|0|0|0|0|0|0|0|0|0|0|0|0|0|0|0|0|0|0|0|0|0|0|0|0|0|0
DHCST|NY|000|05|0212679|36|36|36|0|0|36|30|2|0|0|0|3|1|36|30|6|36|30|30|0|0|0|0|0|0|6|0|2|0|0|0|3|1|37|31|2|1|0|0|3|37|30|30|0|0|0|0|0|7|1|2|1|0|0|3|36|35|30|2|0|0|0|3|1|1|0|1|0|0|0|0|0|0|0|0|0|0|0|0|0|0|0|0|0|0|0|0|0|0|0|0|0|0|0|0|0|0|0|0|0|0|0|0|0|0|0|0|0|0|0|0|0|0|0|0|0|0|0|0|0|0|0|0|0|0|0|36|6|30|30|30|0|0|0|0|0|0|0|0|0|0|0|0|0|0|0|0|0|0|0|0|0|0|0|0|0|0|0|0|0|0|0|0|0|0|0|0|0|0|0|0|0|0|0|0|0|0|0|0|0|0|0|0|0|0|0|0|0|0|0|0|0|0|0|0|0|0|0|0
DHCST|NY|000|05|0212680|169|169|169|0|0|169|96|51|4|1|0|0|17|169|161|8|169|161|94|51|2|1|0|0|13|8|2|0|2|0|0|0|4|186|110|57|14|1|1|3|186|174|105|56|10|1|1|1|12|5|1|4|0|0|2|169|152|96|51|4|1|0|0|17|17|4|8|0|0|2|2|0|0|0|0|0|0|0|0|1|0|0|0|0|0|0|0|0|0|0|0|0|0|0|0|0|0|0|0|0|0|0|0|0|0|0|0|0|0|0|0|0|0|0|0|0|0|0|0|0|0|0|0|0|0|0|169|8|161|148|94|51|2|1|0|0|13|13|4|7|0|0|0|1|0|0|0|0|0|0|0|0|1|0|0|0|0|0|0|0|0|0|0|0|0|0|0|0|0|0|0|0|0|0|0|0|0|0|0|0|0|0|0|0|0|0|0|0|0|0|0|0|0|0|0|0|0|0|0
DHCST|NY|000|05|0212681|102|102|102|0|0|102|72|6|2|0|0|8|14|102|86|16|102|86|71|6|2|0|0|0|7|16|1|0|0|0|0|8|7|117|82|14|6|0|0|15|117|93|78|9|6|0|0|0|24|4|5|0|0|0|15|102|88|72|6|2|0|0|8|14|13|3|4|0|0|2|0|0|0|4|0|0|0|0|0|0|1|0|0|0|1|0|0|0|0|0|0|0|0|0|0|0|0|0|0|0|0|0|0|0|0|0|0|0|0|0|0|0|0|0|0|0|0|0|0|0|0|0|0|0|0|0|102|16|86|79|71|6|2|0|0|0|7|7|3|4|0|0|0|0|0|0|0|0|0|0|0|0|0|0|0|0|0|0|0|0|0|0|0|0|0|0|0|0|0|0|0|0|0|0|0|0|0|0|0|0|0|0|0|0|0|0|0|0|0|0|0|0|0|0|0|0|0|0|0
DHCST|NY|000|05|0212682|86|86|86|0|0|86|66|10|3|3|0|0|4|86|84|2|86|84|65|10|3|3|0|0|3|2|1|0|0|0|0|0|1|91|69|12|6|3|0|1|91|88|67|12|5|3|0|1|3|2|0|1|0|0|0|86|82|66|10|3|3|0|0|4|3|0|2|0|0|0|0|0|0|1|0|0|0|0|0|0|1|1|0|0|0|0|0|0|0|0|0|0|0|0|0|0|0|0|0|0|0|0|0|0|0|0|0|0|0|0|0|0|0|0|0|0|0|0|0|0|0|0|0|0|0|0|86|2|84|81|65|10|3|3|0|0|3|2|0|1|0|0|0|0|0|0|1|0|0|0|0|0|0|1|1|0|0|0|0|0|0|0|0|0|0|0|0|0|0|0|0|0|0|0|0|0|0|0|0|0|0|0|0|0|0|0|0|0|0|0|0|0|0|0|0|0|0|0|0
DHCST|NY|000|05|0212683|179|179|179|0|0|179|123|28|4|2|0|8|14|179|156|23|179|156|123|26|1|2|0|0|4|23|0|2|3|0|0|8|10|195|136|31|5|4|1|18|195|161|127|28|2|4|0|0|34|9|3|3|0|1|18|179|165|123|28|4|2|0|8|14|12|1|0|2|0|8|0|0|0|0|0|0|0|0|0|1|2|1|0|0|1|0|0|0|0|0|0|0|0|0|0|0|0|0|0|0|0|0|0|0|0|0|0|0|0|0|0|0|0|0|0|0|0|0|0|0|0|0|0|0|0|0|179|23|156|152|123|26|1|2|0|0|4|3|1|0|2|0|0|0|0|0|0|0|0|0|0|0|0|1|1|0|0|0|0|0|0|0|0|0|0|0|0|0|0|0|0|0|0|0|0|0|0|0|0|0|0|0|0|0|0|0|0|0|0|0|0|0|0|0|0|0|0|0|0
DHCST|NY|000|05|0212684|79|79|79|0|0|79|63|11|0|0|0|3|2|79|73|6|79|73|62|11|0|0|0|0|0|6|1|0|0|0|0|3|2|81|63|13|0|0|0|5|81|73|62|11|0|0|0|0|8|1|2|0|0|0|5|79|77|63|11|0|0|0|3|2|2|0|0|0|0|0|0|0|0|2|0|0|0|0|0|0|0|0|0|0|0|0|0|0|0|0|0|0|0|0|0|0|0|0|0|0|0|0|0|0|0|0|0|0|0|0|0|0|0|0|0|0|0|0|0|0|0|0|0|0|0|0|79|6|73|73|62|11|0|0|0|0|0|0|0|0|0|0|0|0|0|0|0|0|0|0|0|0|0|0|0|0|0|0|0|0|0|0|0|0|0|0|0|0|0|0|0|0|0|0|0|0|0|0|0|0|0|0|0|0|0|0|0|0|0|0|0|0|0|0|0|0|0|0|0
DHCST|NY|000|05|0212685|56|56|56|0|0|56|39|1|1|4|0|9|2|56|52|4|56|52|39|1|1|4|0|5|2|4|0|0|0|0|0|4|0|58|41|3|1|4|0|9|58|54|41|3|1|4|0|5|4|0|0|0|0|0|4|56|54|39|1|1|4|0|9|2|2|2|0|0|0|0|0|0|0|0|0|0|0|0|0|0|0|0|0|0|0|0|0|0|0|0|0|0|0|0|0|0|0|0|0|0|0|0|0|0|0|0|0|0|0|0|0|0|0|0|0|0|0|0|0|0|0|0|0|0|0|0|56|4|52|50|39|1|1|4|0|5|2|2|2|0|0|0|0|0|0|0|0|0|0|0|0|0|0|0|0|0|0|0|0|0|0|0|0|0|0|0|0|0|0|0|0|0|0|0|0|0|0|0|0|0|0|0|0|0|0|0|0|0|0|0|0|0|0|0|0|0|0|0|0
DHCST|NY|000|05|0212686|0|0|0|0|0|0|0|0|0|0|0|0|0|0|0|0|0|0|0|0|0|0|0|0|0|0|0|0|0|0|0|0|0|0|0|0|0|0|0|0|0|0|0|0|0|0|0|0|0|0|0|0|0|0|0|0|0|0|0|0|0|0|0|0|0|0|0|0|0|0|0|0|0|0|0|0|0|0|0|0|0|0|0|0|0|0|0|0|0|0|0|0|0|0|0|0|0|0|0|0|0|0|0|0|0|0|0|0|0|0|0|0|0|0|0|0|0|0|0|0|0|0|0|0|0|0|0|0|0|0|0|0|0|0|0|0|0|0|0|0|0|0|0|0|0|0|0|0|0|0|0|0|0|0|0|0|0|0|0|0|0|0|0|0|0|0|0|0|0|0|0|0|0|0|0|0|0|0|0|0|0|0|0|0|0|0|0|0|0|0|0|0|0|0|0|0|0|0|0
DHCST|NY|000|05|0212687|0|0|0|0|0|0|0|0|0|0|0|0|0|0|0|0|0|0|0|0|0|0|0|0|0|0|0|0|0|0|0|0|0|0|0|0|0|0|0|0|0|0|0|0|0|0|0|0|0|0|0|0|0|0|0|0|0|0|0|0|0|0|0|0|0|0|0|0|0|0|0|0|0|0|0|0|0|0|0|0|0|0|0|0|0|0|0|0|0|0|0|0|0|0|0|0|0|0|0|0|0|0|0|0|0|0|0|0|0|0|0|0|0|0|0|0|0|0|0|0|0|0|0|0|0|0|0|0|0|0|0|0|0|0|0|0|0|0|0|0|0|0|0|0|0|0|0|0|0|0|0|0|0|0|0|0|0|0|0|0|0|0|0|0|0|0|0|0|0|0|0|0|0|0|0|0|0|0|0|0|0|0|0|0|0|0|0|0|0|0|0|0|0|0|0|0|0|0|0
DHCST|NY|000|05|0212688|92|92|92|0|0|92|44|30|2|0|0|3|13|92|86|6|92|86|43|30|0|0|0|3|10|6|1|0|2|0|0|0|3|106|56|39|2|1|0|8|106|96|52|38|0|1|0|5|10|4|1|2|0|0|3|92|79|44|30|2|0|0|3|13|12|8|0|0|0|3|0|0|0|0|0|0|0|0|1|0|1|0|0|0|1|0|0|0|0|0|0|0|0|0|0|0|0|0|0|0|0|0|0|0|0|0|0|0|0|0|0|0|0|0|0|0|0|0|0|0|0|0|0|0|0|0|92|6|86|76|43|30|0|0|0|3|10|10|8|0|0|0|1|0|0|0|0|0|0|0|0|1|0|0|0|0|0|0|0|0|0|0|0|0|0|0|0|0|0|0|0|0|0|0|0|0|0|0|0|0|0|0|0|0|0|0|0|0|0|0|0|0|0|0|0|0|0|0|0
DHCST|NY|000|05|0212689|117|117|117|0|0|117|86|13|0|1|0|7|10|117|106|11|117|106|84|13|0|1|0|2|6|11|2|0|0|0|0|5|4|129|91|20|2|3|1|12|129|112|89|16|2|1|1|3|17|2|4|0|2|0|9|117|107|86|13|0|1|0|7|10|8|3|2|0|0|0|0|0|0|2|0|0|0|0|0|1|2|0|0|0|0|0|0|0|0|0|0|0|0|0|0|2|0|0|0|0|0|0|0|0|0|0|0|0|0|0|0|0|0|0|0|0|0|0|0|0|0|0|0|0|0|0|117|11|106|100|84|13|0|1|0|2|6|6|3|2|0|0|0|0|0|0|0|0|0|0|0|0|1|0|0|0|0|0|0|0|0|0|0|0|0|0|0|0|0|0|0|0|0|0|0|0|0|0|0|0|0|0|0|0|0|0|0|0|0|0|0|0|0|0|0|0|0|0|0
DHCST|NY|000|05|0212690|107|107|107|0|0|107|73|7|2|7|0|5|13|107|102|5|107|102|70|7|2|7|0|5|11|5|3|0|0|0|0|0|2|122|86|15|6|7|0|8|122|113|81|13|6|7|0|6|9|5|2|0|0|0|2|107|94|73|7|2|7|0|5|13|11|6|4|0|0|1|0|0|0|0|0|0|0|0|0|0|2|0|0|0|2|0|0|0|0|0|0|0|0|0|0|0|0|0|0|0|0|0|0|0|0|0|0|0|0|0|0|0|0|0|0|0|0|0|0|0|0|0|0|0|0|0|107|5|102|91|70|7|2|7|0|5|11|11|6|4|0|0|1|0|0|0|0|0|0|0|0|0|0|0|0|0|0|0|0|0|0|0|0|0|0|0|0|0|0|0|0|0|0|0|0|0|0|0|0|0|0|0|0|0|0|0|0|0|0|0|0|0|0|0|0|0|0|0|0
DHCST|NY|000|05|0212691|113|113|113|0|0|113|66|18|4|11|0|2|12|113|105|8|113|105|60|18|4|11|0|2|10|8|6|0|0|0|0|0|2|125|75|21|8|15|1|5|125|115|69|19|8|15|1|3|10|6|2|0|0|0|2|113|101|66|18|4|11|0|2|12|12|1|4|4|0|0|0|0|0|2|0|0|0|0|0|1|0|0|0|0|0|0|0|0|0|0|0|0|0|0|0|0|0|0|0|0|0|0|0|0|0|0|0|0|0|0|0|0|0|0|0|0|0|0|0|0|0|0|0|0|0|0|113|8|105|95|60|18|4|11|0|2|10|10|1|4|4|0|0|0|0|0|0|0|0|0|0|0|1|0|0|0|0|0|0|0|0|0|0|0|0|0|0|0|0|0|0|0|0|0|0|0|0|0|0|0|0|0|0|0|0|0|0|0|0|0|0|0|0|0|0|0|0|0|0
DHCST|NY|000|05|0212692|100|100|100|0|0|100|66|17|0|5|0|3|9|100|95|5|100|95|64|16|0|4|0|3|8|5|2|1|0|1|0|0|1|113|73|18|4|9|4|5|113|107|71|17|4|8|3|4|6|2|1|0|1|1|1|100|91|66|17|0|5|0|3|9|5|0|3|0|0|0|0|0|0|0|0|0|0|0|1|1|4|1|0|0|0|0|0|0|3|0|0|0|0|0|0|0|0|0|0|0|0|0|0|0|0|0|0|0|0|0|0|0|0|0|0|0|0|0|0|0|0|0|0|0|0|0|100|5|95|87|64|16|0|4|0|3|8|4|0|3|0|0|0|0|0|0|0|0|0|0|0|1|0|4|1|0|0|0|0|0|0|3|0|0|0|0|0|0|0|0|0|0|0|0|0|0|0|0|0|0|0|0|0|0|0|0|0|0|0|0|0|0|0|0|0|0|0|0|0
DHCST|NY|000|05|0212693|102|102|102|0|0|102|78|16|0|4|0|0|4|102|99|3|102|99|78|15|0|4|0|0|2|3|0|1|0|0|0|0|2|106|80|16|0|4|2|4|106|101|80|15|0|4|0|2|5|0|1|0|0|2|2|102|98|78|16|0|4|0|0|4|4|0|0|0|0|2|0|0|0|0|0|0|0|0|0|2|0|0|0|0|0|0|0|0|0|0|0|0|0|0|0|0|0|0|0|0|0|0|0|0|0|0|0|0|0|0|0|0|0|0|0|0|0|0|0|0|0|0|0|0|0|0|102|3|99|97|78|15|0|4|0|0|2|2|0|0|0|0|2|0|0|0|0|0|0|0|0|0|0|0|0|0|0|0|0|0|0|0|0|0|0|0|0|0|0|0|0|0|0|0|0|0|0|0|0|0|0|0|0|0|0|0|0|0|0|0|0|0|0|0|0|0|0|0|0
DHCST|NY|000|05|0212694|59|59|59|0|0|59|34|10|0|1|0|4|10|59|51|8|59|51|30|10|0|1|0|0|10|8|4|0|0|0|0|4|0|69|41|14|3|3|0|8|69|61|37|14|3|3|0|4|8|4|0|0|0|0|4|59|49|34|10|0|1|0|4|10|10|2|1|1|0|3|2|0|0|0|0|0|0|0|1|0|0|0|0|0|0|0|0|0|0|0|0|0|0|0|0|0|0|0|0|0|0|0|0|0|0|0|0|0|0|0|0|0|0|0|0|0|0|0|0|0|0|0|0|0|0|0|59|8|51|41|30|10|0|1|0|0|10|10|2|1|1|0|3|2|0|0|0|0|0|0|0|1|0|0|0|0|0|0|0|0|0|0|0|0|0|0|0|0|0|0|0|0|0|0|0|0|0|0|0|0|0|0|0|0|0|0|0|0|0|0|0|0|0|0|0|0|0|0|0
DHCST|NY|000|05|0212695|125|125|125|0|0|125|84|17|0|5|0|1|18|125|117|8|125|117|78|17|0|5|0|0|17|8|6|0|0|0|0|1|1|144|101|28|6|5|0|4|144|135|94|28|6|5|0|2|9|7|0|0|0|0|2|125|107|84|17|0|5|0|1|18|17|9|5|0|0|2|0|0|0|1|0|0|0|0|0|0|1|1|0|0|0|0|0|0|0|0|0|0|0|0|0|0|0|0|0|0|0|0|0|0|0|0|0|0|0|0|0|0|0|0|0|0|0|0|0|0|0|0|0|0|0|0|125|8|117|100|78|17|0|5|0|0|17|16|9|5|0|0|1|0|0|0|1|0|0|0|0|0|0|1|1|0|0|0|0|0|0|0|0|0|0|0|0|0|0|0|0|0|0|0|0|0|0|0|0|0|0|0|0|0|0|0|0|0|0|0|0|0|0|0|0|0|0|0|0
DHCST|NY|000|05|0212696|99|99|99|0|0|99|36|36|0|0|0|3|24|99|95|4|99|95|35|36|0|0|0|0|24|4|1|0|0|0|0|3|0|126|59|53|11|0|0|3|126|122|58|53|11|0|0|0|4|1|0|0|0|0|3|99|75|36|36|0|0|0|3|24|21|13|7|0|0|0|1|0|0|0|0|0|0|0|0|0|3|3|0|0|0|0|0|0|0|0|0|0|0|0|0|0|0|0|0|0|0|0|0|0|0|0|0|0|0|0|0|0|0|0|0|0|0|0|0|0|0|0|0|0|0|0|99|4|95|71|35|36|0|0|0|0|24|21|13|7|0|0|0|1|0|0|0|0|0|0|0|0|0|3|3|0|0|0|0|0|0|0|0|0|0|0|0|0|0|0|0|0|0|0|0|0|0|0|0|0|0|0|0|0|0|0|0|0|0|0|0|0|0|0|0|0|0|0|0
DHCST|NY|000|05|0212697|70|70|70|0|0|70|37|10|0|5|0|4|14|70|57|13|70|57|33|7|0|5|0|0|12|13|4|3|0|0|0|4|2|85|49|18|1|7|0|10|85|70|43|15|1|7|0|4|15|6|3|0|0|0|6|70|56|37|10|0|5|0|4|14|13|5|0|0|0|6|0|2|0|0|0|0|0|0|0|0|1|1|0|0|0|0|0|0|0|0|0|0|0|0|0|0|0|0|0|0|0|0|0|0|0|0|0|0|0|0|0|0|0|0|0|0|0|0|0|0|0|0|0|0|0|0|70|13|57|45|33|7|0|5|0|0|12|11|5|0|0|0|4|0|2|0|0|0|0|0|0|0|0|1|1|0|0|0|0|0|0|0|0|0|0|0|0|0|0|0|0|0|0|0|0|0|0|0|0|0|0|0|0|0|0|0|0|0|0|0|0|0|0|0|0|0|0|0|0
DHCST|NY|000|05|0212698|73|73|73|0|0|73|38|14|0|6|0|3|12|73|68|5|73|68|38|13|0|6|0|2|9|5|0|1|0|0|0|1|3|85|50|18|6|6|0|5|85|77|47|17|5|6|0|2|8|3|1|1|0|0|3|73|61|38|14|0|6|0|3|12|12|4|6|0|0|2|0|0|0|0|0|0|0|0|0|0|0|0|0|0|0|0|0|0|0|0|0|0|0|0|0|0|0|0|0|0|0|0|0|0|0|0|0|0|0|0|0|0|0|0|0|0|0|0|0|0|0|0|0|0|0|0|73|5|68|59|38|13|0|6|0|2|9|9|4|5|0|0|0|0|0|0|0|0|0|0|0|0|0|0|0|0|0|0|0|0|0|0|0|0|0|0|0|0|0|0|0|0|0|0|0|0|0|0|0|0|0|0|0|0|0|0|0|0|0|0|0|0|0|0|0|0|0|0|0
DHCST|NY|000|05|0212699|41|41|41|0|0|41|30|4|0|2|0|0|5|41|31|10|41|31|24|4|0|2|0|0|1|10|6|0|0|0|0|0|4|47|35|4|0|3|1|4|47|33|25|4|0|3|1|0|14|10|0|0|0|0|4|41|36|30|4|0|2|0|0|5|4|0|0|0|0|4|0|0|0|0|0|0|0|0|0|0|1|0|0|0|0|0|0|0|1|0|0|0|0|0|0|0|0|0|0|0|0|0|0|0|0|0|0|0|0|0|0|0|0|0|0|0|0|0|0|0|0|0|0|0|0|0|41|10|31|30|24|4|0|2|0|0|1|0|0|0|0|0|0|0|0|0|0|0|0|0|0|0|0|1|0|0|0|0|0|0|0|1|0|0|0|0|0|0|0|0|0|0|0|0|0|0|0|0|0|0|0|0|0|0|0|0|0|0|0|0|0|0|0|0|0|0|0|0|0
DHCST|NY|000|05|0212700|88|88|88|0|0|88|42|37|0|0|0|0|9|88|81|7|88|81|42|36|0|0|0|0|3|7|0|1|0|0|0|0|6|97|51|38|2|0|0|6|97|84|45|37|2|0|0|0|13|6|1|0|0|0|6|88|79|42|37|0|0|0|0|9|9|1|2|0|0|6|0|0|0|0|0|0|0|0|0|0|0|0|0|0|0|0|0|0|0|0|0|0|0|0|0|0|0|0|0|0|0|0|0|0|0|0|0|0|0|0|0|0|0|0|0|0|0|0|0|0|0|0|0|0|0|0|88|7|81|78|42|36|0|0|0|0|3|3|1|2|0|0|0|0|0|0|0|0|0|0|0|0|0|0|0|0|0|0|0|0|0|0|0|0|0|0|0|0|0|0|0|0|0|0|0|0|0|0|0|0|0|0|0|0|0|0|0|0|0|0|0|0|0|0|0|0|0|0|0
DHCST|NY|000|05|0212701|46|46|46|0|0|46|21|14|0|0|0|4|7|46|41|5|46|41|21|14|0|0|0|1|5|5|0|0|0|0|0|3|2|53|28|14|2|1|0|8|53|46|26|14|2|1|0|3|7|2|0|0|0|0|5|46|39|21|14|0|0|0|4|7|7|0|2|1|0|4|0|0|0|0|0|0|0|0|0|0|0|0|0|0|0|0|0|0|0|0|0|0|0|0|0|0|0|0|0|0|0|0|0|0|0|0|0|0|0|0|0|0|0|0|0|0|0|0|0|0|0|0|0|0|0|0|46|5|41|36|21|14|0|0|0|1|5|5|0|2|1|0|2|0|0|0|0|0|0|0|0|0|0|0|0|0|0|0|0|0|0|0|0|0|0|0|0|0|0|0|0|0|0|0|0|0|0|0|0|0|0|0|0|0|0|0|0|0|0|0|0|0|0|0|0|0|0|0|0
DHCST|NY|000|05|0212702|62|62|62|0|0|62|46|4|1|0|0|3|8|62|59|3|62|59|46|4|1|0|0|0|8|3|0|0|0|0|0|3|0|70|54|6|7|0|0|3|70|67|54|6|7|0|0|0|3|0|0|0|0|0|3|62|54|46|4|1|0|0|3|8|8|2|6|0|0|0|0|0|0|0|0|0|0|0|0|0|0|0|0|0|0|0|0|0|0|0|0|0|0|0|0|0|0|0|0|0|0|0|0|0|0|0|0|0|0|0|0|0|0|0|0|0|0|0|0|0|0|0|0|0|0|0|62|3|59|51|46|4|1|0|0|0|8|8|2|6|0|0|0|0|0|0|0|0|0|0|0|0|0|0|0|0|0|0|0|0|0|0|0|0|0|0|0|0|0|0|0|0|0|0|0|0|0|0|0|0|0|0|0|0|0|0|0|0|0|0|0|0|0|0|0|0|0|0|0
DHCST|NY|000|05|0212703|57|57|57|0|0|57|34|15|0|0|0|0|8|57|50|7|57|50|30|15|0|0|0|0|5|7|4|0|0|0|0|0|3|66|42|16|0|0|0|8|66|55|35|15|0|0|0|5|11|7|1|0|0|0|3|57|49|34|15|0|0|0|0|8|7|0|0|0|0|7|0|0|0|0|0|0|0|0|0|0|1|0|0|0|1|0|0|0|0|0|0|0|0|0|0|0|0|0|0|0|0|0|0|0|0|0|0|0|0|0|0|0|0|0|0|0|0|0|0|0|0|0|0|0|0|0|57|7|50|45|30|15|0|0|0|0|5|5|0|0|0|0|5|0|0|0|0|0|0|0|0|0|0|0|0|0|0|0|0|0|0|0|0|0|0|0|0|0|0|0|0|0|0|0|0|0|0|0|0|0|0|0|0|0|0|0|0|0|0|0|0|0|0|0|0|0|0|0|0
DHCST|NY|000|05|0212704|115|115|115|0|0|115|66|29|0|4|0|3|13|115|109|6|115|109|65|29|0|4|0|0|11|6|1|0|0|0|0|3|2|128|79|36|4|4|0|5|128|120|76|36|4|4|0|0|8|3|0|0|0|0|5|115|102|66|29|0|4|0|3|13|13|7|4|0|0|2|0|0|0|0|0|0|0|0|0|0|0|0|0|0|0|0|0|0|0|0|0|0|0|0|0|0|0|0|0|0|0|0|0|0|0|0|0|0|0|0|0|0|0|0|0|0|0|0|0|0|0|0|0|0|0|0|115|6|109|98|65|29|0|4|0|0|11|11|7|4|0|0|0|0|0|0|0|0|0|0|0|0|0|0|0|0|0|0|0|0|0|0|0|0|0|0|0|0|0|0|0|0|0|0|0|0|0|0|0|0|0|0|0|0|0|0|0|0|0|0|0|0|0|0|0|0|0|0|0
DHCST|NY|000|05|0212705|77|77|77|0|0|77|48|9|0|1|0|6|13|77|63|14|77|63|48|9|0|1|0|0|5|14|0|0|0|0|0|6|8|90|60|13|0|4|0|13|90|68|53|9|0|4|0|2|22|7|4|0|0|0|11|77|64|48|9|0|1|0|6|13|13|3|0|3|0|6|0|0|0|1|0|0|0|0|0|0|0|0|0|0|0|0|0|0|0|0|0|0|0|0|0|0|0|0|0|0|0|0|0|0|0|0|0|0|0|0|0|0|0|0|0|0|0|0|0|0|0|0|0|0|0|0|77|14|63|58|48|9|0|1|0|0|5|5|0|0|3|0|2|0|0|0|0|0|0|0|0|0|0|0|0|0|0|0|0|0|0|0|0|0|0|0|0|0|0|0|0|0|0|0|0|0|0|0|0|0|0|0|0|0|0|0|0|0|0|0|0|0|0|0|0|0|0|0|0
DHCST|NY|000|05|0212706|69|69|69|0|0|69|52|0|0|3|0|5|9|69|60|9|69|60|52|0|0|3|0|0|5|9|0|0|0|0|0|5|4|81|60|4|0|4|0|13|81|66|56|2|0|4|0|4|15|4|2|0|0|0|9|69|60|52|0|0|3|0|5|9|6|0|0|0|0|5|0|1|0|0|0|0|0|0|0|0|3|0|0|0|3|0|0|0|0|0|0|0|0|0|0|0|0|0|0|0|0|0|0|0|0|0|0|0|0|0|0|0|0|0|0|0|0|0|0|0|0|0|0|0|0|0|69|9|60|55|52|0|0|3|0|0|5|4|0|0|0|0|3|0|1|0|0|0|0|0|0|0|0|1|0|0|0|1|0|0|0|0|0|0|0|0|0|0|0|0|0|0|0|0|0|0|0|0|0|0|0|0|0|0|0|0|0|0|0|0|0|0|0|0|0|0|0|0|0
DHCST|NY|000|05|0212707|73|73|73|0|0|73|57|2|2|8|0|0|4|73|71|2|73|71|57|2|2|8|0|0|2|2|0|0|0|0|0|0|2|77|60|3|2|9|0|3|77|73|59|2|2|9|0|1|4|1|1|0|0|0|2|73|69|57|2|2|8|0|0|4|4|0|0|1|0|2|0|0|0|1|0|0|0|0|0|0|0|0|0|0|0|0|0|0|0|0|0|0|0|0|0|0|0|0|0|0|0|0|0|0|0|0|0|0|0|0|0|0|0|0|0|0|0|0|0|0|0|0|0|0|0|0|73|2|71|69|57|2|2|8|0|0|2|2|0|0|1|0|1|0|0|0|0|0|0|0|0|0|0|0|0|0|0|0|0|0|0|0|0|0|0|0|0|0|0|0|0|0|0|0|0|0|0|0|0|0|0|0|0|0|0|0|0|0|0|0|0|0|0|0|0|0|0|0|0
DHCST|NY|000|05|0212708|46|46|46|0|0|46|28|1|0|10|0|3|4|46|40|6|46|40|26|0|0|10|0|2|2|6|2|1|0|0|0|1|2|50|32|1|2|10|0|5|50|42|28|0|2|10|0|2|8|4|1|0|0|0|3|46|42|28|1|0|10|0|3|4|4|0|2|0|0|2|0|0|0|0|0|0|0|0|0|0|0|0|0|0|0|0|0|0|0|0|0|0|0|0|0|0|0|0|0|0|0|0|0|0|0|0|0|0|0|0|0|0|0|0|0|0|0|0|0|0|0|0|0|0|0|0|46|6|40|38|26|0|0|10|0|2|2|2|0|2|0|0|0|0|0|0|0|0|0|0|0|0|0|0|0|0|0|0|0|0|0|0|0|0|0|0|0|0|0|0|0|0|0|0|0|0|0|0|0|0|0|0|0|0|0|0|0|0|0|0|0|0|0|0|0|0|0|0|0
DHCST|NY|000|05|0212709|80|80|80|0|0|80|32|23|0|9|0|5|11|80|67|13|80|67|32|14|0|9|0|5|7|13|0|9|0|0|0|0|4|92|42|28|1|11|0|10|92|75|38|19|1|11|0|6|17|4|9|0|0|0|4|80|69|32|23|0|9|0|5|11|10|4|0|1|0|4|0|0|0|0|0|0|0|0|1|0|1|1|0|0|0|0|0|0|0|0|0|0|0|0|0|0|0|0|0|0|0|0|0|0|0|0|0|0|0|0|0|0|0|0|0|0|0|0|0|0|0|0|0|0|0|0|80|13|67|60|32|14|0|9|0|5|7|6|4|0|1|0|0|0|0|0|0|0|0|0|0|1|0|1|1|0|0|0|0|0|0|0|0|0|0|0|0|0|0|0|0|0|0|0|0|0|0|0|0|0|0|0|0|0|0|0|0|0|0|0|0|0|0|0|0|0|0|0|0
DHCST|NY|000|05|0212710|335|335|335|0|0|335|56|197|2|0|0|50|30|335|259|76|335|259|49|188|2|0|0|0|20|76|7|9|0|0|0|50|10|365|79|221|4|1|0|60|365|279|69|205|4|1|0|0|86|10|16|0|0|0|60|335|305|56|197|2|0|0|50|30|30|17|2|1|0|3|0|0|0|7|0|0|0|0|0|0|0|0|0|0|0|0|0|0|0|0|0|0|0|0|0|0|0|0|0|0|0|0|0|0|0|0|0|0|0|0|0|0|0|0|0|0|0|0|0|0|0|0|0|0|0|0|335|76|259|239|49|188|2|0|0|0|20|20|17|2|1|0|0|0|0|0|0|0|0|0|0|0|0|0|0|0|0|0|0|0|0|0|0|0|0|0|0|0|0|0|0|0|0|0|0|0|0|0|0|0|0|0|0|0|0|0|0|0|0|0|0|0|0|0|0|0|0|0|0
DHCST|NY|000|05|0212711|0|0|0|0|0|0|0|0|0|0|0|0|0|0|0|0|0|0|0|0|0|0|0|0|0|0|0|0|0|0|0|0|0|0|0|0|0|0|0|0|0|0|0|0|0|0|0|0|0|0|0|0|0|0|0|0|0|0|0|0|0|0|0|0|0|0|0|0|0|0|0|0|0|0|0|0|0|0|0|0|0|0|0|0|0|0|0|0|0|0|0|0|0|0|0|0|0|0|0|0|0|0|0|0|0|0|0|0|0|0|0|0|0|0|0|0|0|0|0|0|0|0|0|0|0|0|0|0|0|0|0|0|0|0|0|0|0|0|0|0|0|0|0|0|0|0|0|0|0|0|0|0|0|0|0|0|0|0|0|0|0|0|0|0|0|0|0|0|0|0|0|0|0|0|0|0|0|0|0|0|0|0|0|0|0|0|0|0|0|0|0|0|0|0|0|0|0|0|0
DHCST|NY|000|05|0212712|25|25|25|0|0|25|12|8|0|0|0|2|3|25|15|10|25|15|11|4|0|0|0|0|0|10|1|4|0|0|0|2|3|28|12|10|0|0|1|5|28|15|11|4|0|0|0|0|13|1|6|0|0|1|5|25|22|12|8|0|0|0|2|3|3|0|0|0|0|0|0|0|0|2|0|0|0|0|0|1|0|0|0|0|0|0|0|0|0|0|0|0|0|0|0|0|0|0|0|0|0|0|0|0|0|0|0|0|0|0|0|0|0|0|0|0|0|0|0|0|0|0|0|0|0|0|25|10|15|15|11|4|0|0|0|0|0|0|0|0|0|0|0|0|0|0|0|0|0|0|0|0|0|0|0|0|0|0|0|0|0|0|0|0|0|0|0|0|0|0|0|0|0|0|0|0|0|0|0|0|0|0|0|0|0|0|0|0|0|0|0|0|0|0|0|0|0|0|0
DHCST|NY|000|05|0212713|67|67|67|0|0|67|27|15|4|14|0|2|5|67|64|3|67|64|26|15|4|14|0|0|5|3|1|0|0|0|0|2|0|72|32|18|4|15|0|3|72|69|31|18|4|15|0|1|3|1|0|0|0|0|2|67|62|27|15|4|14|0|2|5|5|3|0|1|0|1|0|0|0|0|0|0|0|0|0|0|0|0|0|0|0|0|0|0|0|0|0|0|0|0|0|0|0|0|0|0|0|0|0|0|0|0|0|0|0|0|0|0|0|0|0|0|0|0|0|0|0|0|0|0|0|0|67|3|64|59|26|15|4|14|0|0|5|5|3|0|1|0|1|0|0|0|0|0|0|0|0|0|0|0|0|0|0|0|0|0|0|0|0|0|0|0|0|0|0|0|0|0|0|0|0|0|0|0|0|0|0|0|0|0|0|0|0|0|0|0|0|0|0|0|0|0|0|0|0
DHCST|NY|000|05|0212714|31|31|31|0|0|31|21|2|0|2|0|2|4|31|29|2|31|29|21|2|0|2|0|0|4|2|0|0|0|0|0|2|0|35|25|2|3|2|0|3|35|33|25|2|3|2|0|1|2|0|0|0|0|0|2|31|27|21|2|0|2|0|2|4|4|0|3|0|0|1|0|0|0|0|0|0|0|0|0|0|0|0|0|0|0|0|0|0|0|0|0|0|0|0|0|0|0|0|0|0|0|0|0|0|0|0|0|0|0|0|0|0|0|0|0|0|0|0|0|0|0|0|0|0|0|0|31|2|29|25|21|2|0|2|0|0|4|4|0|3|0|0|1|0|0|0|0|0|0|0|0|0|0|0|0|0|0|0|0|0|0|0|0|0|0|0|0|0|0|0|0|0|0|0|0|0|0|0|0|0|0|0|0|0|0|0|0|0|0|0|0|0|0|0|0|0|0|0|0
DHCST|NY|000|05|0212715|39|39|39|0|0|39|12|4|0|4|0|8|11|39|27|12|39|27|12|3|0|4|0|1|7|12|0|1|0|0|0|7|4|50|20|10|3|4|0|13|50|34|16|9|3|4|0|2|16|4|1|0|0|0|11|39|28|12|4|0|4|0|8|11|11|3|0|0|0|5|3|0|0|0|0|0|0|0|0|0|0|0|0|0|0|0|0|0|0|0|0|0|0|0|0|0|0|0|0|0|0|0|0|0|0|0|0|0|0|0|0|0|0|0|0|0|0|0|0|0|0|0|0|0|0|0|39|12|27|20|12|3|0|4|0|1|7|7|3|0|0|0|1|3|0|0|0|0|0|0|0|0|0|0|0|0|0|0|0|0|0|0|0|0|0|0|0|0|0|0|0|0|0|0|0|0|0|0|0|0|0|0|0|0|0|0|0|0|0|0|0|0|0|0|0|0|0|0|0
DHCST|NY|000|05|0212716|50|50|50|0|0|50|20|22|0|0|0|4|4|50|42|8|50|42|18|21|0|0|0|0|3|8|2|1|0|0|0|4|1|54|23|24|0|2|0|5|54|45|21|22|0|2|0|0|9|2|2|0|0|0|5|50|46|20|22|0|0|0|4|4|4|1|0|2|0|0|0|0|0|1|0|0|0|0|0|0|0|0|0|0|0|0|0|0|0|0|0|0|0|0|0|0|0|0|0|0|0|0|0|0|0|0|0|0|0|0|0|0|0|0|0|0|0|0|0|0|0|0|0|0|0|0|50|8|42|39|18|21|0|0|0|0|3|3|1|0|2|0|0|0|0|0|0|0|0|0|0|0|0|0|0|0|0|0|0|0|0|0|0|0|0|0|0|0|0|0|0|0|0|0|0|0|0|0|0|0|0|0|0|0|0|0|0|0|0|0|0|0|0|0|0|0|0|0|0
DHCST|NY|000|05|0212717|115|115|115|0|0|115|57|30|0|1|0|8|19|115|99|16|115|99|56|28|0|1|0|0|14|16|1|2|0|0|0|8|5|136|75|38|8|1|0|14|136|115|70|35|7|1|0|2|21|5|3|1|0|0|12|115|96|57|30|0|1|0|8|19|17|5|5|0|0|6|1|0|0|0|0|0|0|0|0|0|2|2|0|0|0|0|0|0|0|0|0|0|0|0|0|0|0|0|0|0|0|0|0|0|0|0|0|0|0|0|0|0|0|0|0|0|0|0|0|0|0|0|0|0|0|0|115|16|99|85|56|28|0|1|0|0|14|12|5|5|0|0|2|0|0|0|0|0|0|0|0|0|0|2|2|0|0|0|0|0|0|0|0|0|0|0|0|0|0|0|0|0|0|0|0|0|0|0|0|0|0|0|0|0|0|0|0|0|0|0|0|0|0|0|0|0|0|0|0
DHCST|NY|000|05|0212718|414|414|414|0|0|414|198|167|4|14|0|8|23|414|396|18|414|396|193|164|1|14|0|3|21|18|5|3|3|0|0|5|2|439|221|177|15|15|0|11|439|419|214|172|12|15|0|6|20|7|5|3|0|0|5|414|391|198|167|4|14|0|8|23|21|8|11|1|0|1|0|0|0|0|0|0|0|0|0|0|2|0|0|0|2|0|0|0|0|0|0|0|0|0|0|0|0|0|0|0|0|0|0|0|0|0|0|0|0|0|0|0|0|0|0|0|0|0|0|0|0|0|0|0|0|0|414|18|396|375|193|164|1|14|0|3|21|19|6|11|1|0|1|0|0|0|0|0|0|0|0|0|0|2|0|0|0|2|0|0|0|0|0|0|0|0|0|0|0|0|0|0|0|0|0|0|0|0|0|0|0|0|0|0|0|0|0|0|0|0|0|0|0|0|0|0|0|0|0
DHCST|NY|000|05|0212719|155|155|155|0|0|155|56|81|0|1|0|8|9|155|151|4|155|151|56|81|0|1|0|6|7|4|0|0|0|0|0|2|2|164|65|85|2|1|0|11|164|158|63|85|2|1|0|7|6|2|0|0|0|0|4|155|146|56|81|0|1|0|8|9|9|4|2|0|0|3|0|0|0|0|0|0|0|0|0|0|0|0|0|0|0|0|0|0|0|0|0|0|0|0|0|0|0|0|0|0|0|0|0|0|0|0|0|0|0|0|0|0|0|0|0|0|0|0|0|0|0|0|0|0|0|0|155|4|151|144|56|81|0|1|0|6|7|7|4|2|0|0|1|0|0|0|0|0|0|0|0|0|0|0|0|0|0|0|0|0|0|0|0|0|0|0|0|0|0|0|0|0|0|0|0|0|0|0|0|0|0|0|0|0|0|0|0|0|0|0|0|0|0|0|0|0|0|0|0
DHCST|NY|000|05|0212720|156|156|156|0|0|156|66|59|10|1|0|1|19|156|152|4|156|152|66|59|10|1|0|0|16|4|0|0|0|0|0|1|3|175|84|70|16|1|0|4|175|168|82|69|16|1|0|0|7|2|1|0|0|0|4|156|137|66|59|10|1|0|1|19|19|10|6|0|0|2|0|0|0|1|0|0|0|0|0|0|0|0|0|0|0|0|0|0|0|0|0|0|0|0|0|0|0|0|0|0|0|0|0|0|0|0|0|0|0|0|0|0|0|0|0|0|0|0|0|0|0|0|0|0|0|0|156|4|152|136|66|59|10|1|0|0|16|16|10|6|0|0|0|0|0|0|0|0|0|0|0|0|0|0|0|0|0|0|0|0|0|0|0|0|0|0|0|0|0|0|0|0|0|0|0|0|0|0|0|0|0|0|0|0|0|0|0|0|0|0|0|0|0|0|0|0|0|0|0
DHCST|NY|000|05|0212722|0|0|0|0|0|0|0|0|0|0|0|0|0|0|0|0|0|0|0|0|0|0|0|0|0|0|0|0|0|0|0|0|0|0|0|0|0|0|0|0|0|0|0|0|0|0|0|0|0|0|0|0|0|0|0|0|0|0|0|0|0|0|0|0|0|0|0|0|0|0|0|0|0|0|0|0|0|0|0|0|0|0|0|0|0|0|0|0|0|0|0|0|0|0|0|0|0|0|0|0|0|0|0|0|0|0|0|0|0|0|0|0|0|0|0|0|0|0|0|0|0|0|0|0|0|0|0|0|0|0|0|0|0|0|0|0|0|0|0|0|0|0|0|0|0|0|0|0|0|0|0|0|0|0|0|0|0|0|0|0|0|0|0|0|0|0|0|0|0|0|0|0|0|0|0|0|0|0|0|0|0|0|0|0|0|0|0|0|0|0|0|0|0|0|0|0|0|0|0
DHCST|NY|000|05|0212723|19|19|19|0|0|19|4|9|0|0|0|0|6|19|14|5|19|14|1|9|0|0|0|0|4|5|3|0|0|0|0|0|2|25|5|13|4|0|1|2|25|18|1|13|4|0|0|0|7|4|0|0|0|1|2|19|13|4|9|0|0|0|0|6|6|0|0|0|0|1|4|0|0|0|0|0|0|0|0|1|0|0|0|0|0|0|0|0|0|0|0|0|0|0|0|0|0|0|0|0|0|0|0|0|0|0|0|0|0|0|0|0|0|0|0|0|0|0|0|0|0|0|0|0|0|0|19|5|14|10|1|9|0|0|0|0|4|4|0|0|0|0|0|4|0|0|0|0|0|0|0|0|0|0|0|0|0|0|0|0|0|0|0|0|0|0|0|0|0|0|0|0|0|0|0|0|0|0|0|0|0|0|0|0|0|0|0|0|0|0|0|0|0|0|0|0|0|0|0
DHCST|NY|000|05|0212724|125|125|125|0|0|125|67|51|0|2|0|0|5|125|119|6|125|119|63|49|0|2|0|0|5|6|4|2|0|0|0|0|0|130|72|55|1|2|0|0|130|124|68|53|1|2|0|0|6|4|2|0|0|0|0|125|120|67|51|0|2|0|0|5|5|4|1|0|0|0|0|0|0|0|0|0|0|0|0|0|0|0|0|0|0|0|0|0|0|0|0|0|0|0|0|0|0|0|0|0|0|0|0|0|0|0|0|0|0|0|0|0|0|0|0|0|0|0|0|0|0|0|0|0|0|0|125|6|119|114|63|49|0|2|0|0|5|5|4|1|0|0|0|0|0|0|0|0|0|0|0|0|0|0|0|0|0|0|0|0|0|0|0|0|0|0|0|0|0|0|0|0|0|0|0|0|0|0|0|0|0|0|0|0|0|0|0|0|0|0|0|0|0|0|0|0|0|0|0
DHCST|NY|000|05|0212725|143|143|143|0|0|143|30|58|3|38|0|3|11|143|139|4|143|139|30|56|3|38|0|3|9|4|0|2|0|0|0|0|2|155|41|60|4|45|0|5|155|149|39|58|4|45|0|3|6|2|2|0|0|0|2|143|132|30|58|3|38|0|3|11|10|1|0|7|0|2|0|0|0|0|0|0|0|0|0|0|1|1|0|0|0|0|0|0|0|0|0|0|0|0|0|0|0|0|0|0|0|0|0|0|0|0|0|0|0|0|0|0|0|0|0|0|0|0|0|0|0|0|0|0|0|0|143|4|139|130|30|56|3|38|0|3|9|8|1|0|7|0|0|0|0|0|0|0|0|0|0|0|0|1|1|0|0|0|0|0|0|0|0|0|0|0|0|0|0|0|0|0|0|0|0|0|0|0|0|0|0|0|0|0|0|0|0|0|0|0|0|0|0|0|0|0|0|0|0
DHCST|NY|000|05|0212726|236|236|236|0|0|236|67|84|0|72|0|4|9|236|225|11|236|225|62|82|0|72|0|2|7|11|5|2|0|0|0|2|2|245|73|86|4|75|0|7|245|232|67|83|3|75|0|4|13|6|3|1|0|0|3|236|227|67|84|0|72|0|4|9|9|0|3|2|0|1|1|0|0|1|0|0|0|0|1|0|0|0|0|0|0|0|0|0|0|0|0|0|0|0|0|0|0|0|0|0|0|0|0|0|0|0|0|0|0|0|0|0|0|0|0|0|0|0|0|0|0|0|0|0|0|0|236|11|225|218|62|82|0|72|0|2|7|7|0|3|2|0|0|0|0|0|1|0|0|0|0|1|0|0|0|0|0|0|0|0|0|0|0|0|0|0|0|0|0|0|0|0|0|0|0|0|0|0|0|0|0|0|0|0|0|0|0|0|0|0|0|0|0|0|0|0|0|0|0
DHCST|NY|000|05|0212727|64|64|64|0|0|64|14|31|5|1|0|0|13|64|55|9|64|55|14|26|5|1|0|0|9|9|0|5|0|0|0|0|4|77|23|43|5|1|0|5|77|64|22|35|5|1|0|1|13|1|8|0|0|0|4|64|51|14|31|5|1|0|0|13|13|8|0|0|0|1|0|0|0|4|0|0|0|0|0|0|0|0|0|0|0|0|0|0|0|0|0|0|0|0|0|0|0|0|0|0|0|0|0|0|0|0|0|0|0|0|0|0|0|0|0|0|0|0|0|0|0|0|0|0|0|0|64|9|55|46|14|26|5|1|0|0|9|9|8|0|0|0|0|0|0|0|1|0|0|0|0|0|0|0|0|0|0|0|0|0|0|0|0|0|0|0|0|0|0|0|0|0|0|0|0|0|0|0|0|0|0|0|0|0|0|0|0|0|0|0|0|0|0|0|0|0|0|0|0
DHCST|NY|000|05|0212728|185|185|185|0|0|185|35|30|0|106|0|4|10|185|177|8|185|177|34|30|0|106|0|1|6|8|1|0|0|0|0|3|4|198|45|34|4|109|0|6|198|186|40|32|4|109|0|1|12|5|2|0|0|0|5|185|175|35|30|0|106|0|4|10|7|3|1|1|0|2|0|0|0|0|0|0|0|0|0|0|3|1|0|0|0|2|0|0|0|0|0|0|0|0|0|0|0|0|0|0|0|0|0|0|0|0|0|0|0|0|0|0|0|0|0|0|0|0|0|0|0|0|0|0|0|0|185|8|177|171|34|30|0|106|0|1|6|3|1|1|1|0|0|0|0|0|0|0|0|0|0|0|0|3|1|0|0|0|2|0|0|0|0|0|0|0|0|0|0|0|0|0|0|0|0|0|0|0|0|0|0|0|0|0|0|0|0|0|0|0|0|0|0|0|0|0|0|0|0
DHCST|NY|000|05|0212729|191|191|191|0|0|191|49|46|3|83|0|4|6|191|183|8|191|183|49|45|2|83|0|0|4|8|0|1|1|0|0|4|2|197|55|49|3|84|0|6|197|187|53|48|2|84|0|0|10|2|1|1|0|0|6|191|185|49|46|3|83|0|4|6|6|3|0|1|0|2|0|0|0|0|0|0|0|0|0|0|0|0|0|0|0|0|0|0|0|0|0|0|0|0|0|0|0|0|0|0|0|0|0|0|0|0|0|0|0|0|0|0|0|0|0|0|0|0|0|0|0|0|0|0|0|0|191|8|183|179|49|45|2|83|0|0|4|4|3|0|1|0|0|0|0|0|0|0|0|0|0|0|0|0|0|0|0|0|0|0|0|0|0|0|0|0|0|0|0|0|0|0|0|0|0|0|0|0|0|0|0|0|0|0|0|0|0|0|0|0|0|0|0|0|0|0|0|0|0
DHCST|NY|000|05|0212730|135|135|135|0|0|135|15|42|1|64|0|3|10|135|129|6|135|129|15|39|1|64|0|0|10|6|0|3|0|0|0|3|0|145|23|44|3|72|0|3|145|139|23|41|3|72|0|0|6|0|3|0|0|0|3|135|125|15|42|1|64|0|3|10|10|0|0|8|0|0|2|0|0|0|0|0|0|0|0|0|0|0|0|0|0|0|0|0|0|0|0|0|0|0|0|0|0|0|0|0|0|0|0|0|0|0|0|0|0|0|0|0|0|0|0|0|0|0|0|0|0|0|0|0|0|0|135|6|129|119|15|39|1|64|0|0|10|10|0|0|8|0|0|2|0|0|0|0|0|0|0|0|0|0|0|0|0|0|0|0|0|0|0|0|0|0|0|0|0|0|0|0|0|0|0|0|0|0|0|0|0|0|0|0|0|0|0|0|0|0|0|0|0|0|0|0|0|0|0
DHCST|NY|000|05|0212731|190|190|190|0|0|190|38|76|7|50|0|6|13|190|174|16|190|174|36|70|7|50|0|0|11|16|2|6|0|0|0|6|2|204|48|80|18|50|0|8|204|186|44|74|18|50|0|0|18|4|6|0|0|0|8|190|177|38|76|7|50|0|6|13|12|0|7|0|0|2|3|0|0|0|0|0|0|0|0|0|1|1|0|0|0|0|0|0|0|0|0|0|0|0|0|0|0|0|0|0|0|0|0|0|0|0|0|0|0|0|0|0|0|0|0|0|0|0|0|0|0|0|0|0|0|0|190|16|174|163|36|70|7|50|0|0|11|10|0|7|0|0|0|3|0|0|0|0|0|0|0|0|0|1|1|0|0|0|0|0|0|0|0|0|0|0|0|0|0|0|0|0|0|0|0|0|0|0|0|0|0|0|0|0|0|0|0|0|0|0|0|0|0|0|0|0|0|0|0
DHCST|NY|000|05|0212732|117|117|117|0|0|117|17|49|0|47|0|0|4|117|111|6|117|111|17|44|0|47|0|0|3|6|0|5|0|0|0|0|1|121|20|50|2|48|0|1|121|114|19|45|2|48|0|0|7|1|5|0|0|0|1|117|113|17|49|0|47|0|0|4|4|0|1|1|0|1|1|0|0|0|0|0|0|0|0|0|0|0|0|0|0|0|0|0|0|0|0|0|0|0|0|0|0|0|0|0|0|0|0|0|0|0|0|0|0|0|0|0|0|0|0|0|0|0|0|0|0|0|0|0|0|0|117|6|111|108|17|44|0|47|0|0|3|3|0|1|1|0|0|1|0|0|0|0|0|0|0|0|0|0|0|0|0|0|0|0|0|0|0|0|0|0|0|0|0|0|0|0|0|0|0|0|0|0|0|0|0|0|0|0|0|0|0|0|0|0|0|0|0|0|0|0|0|0|0
DHCST|NY|000|05|0212733|261|261|261|0|0|261|66|67|3|96|0|6|23|261|244|17|261|244|65|65|1|96|0|2|15|17|1|2|2|0|0|4|8|285|87|81|4|96|0|17|285|259|80|75|1|96|0|7|26|7|6|3|0|0|10|261|238|66|67|3|96|0|6|23|22|12|0|0|0|8|0|0|0|2|0|0|0|0|0|0|1|0|0|0|0|0|0|1|0|0|0|0|0|0|0|0|0|0|0|0|0|0|0|0|0|0|0|0|0|0|0|0|0|0|0|0|0|0|0|0|0|0|0|0|0|0|261|17|244|229|65|65|1|96|0|2|15|15|10|0|0|0|5|0|0|0|0|0|0|0|0|0|0|0|0|0|0|0|0|0|0|0|0|0|0|0|0|0|0|0|0|0|0|0|0|0|0|0|0|0|0|0|0|0|0|0|0|0|0|0|0|0|0|0|0|0|0|0|0
DHCST|NY|000|05|0212734|281|281|281|0|0|281|85|49|3|123|0|0|21|281|271|10|281|271|79|49|3|123|0|0|17|10|6|0|0|0|0|0|4|302|106|64|3|125|0|4|302|288|96|64|3|125|0|0|14|10|0|0|0|0|4|281|260|85|49|3|123|0|0|21|21|15|0|2|0|4|0|0|0|0|0|0|0|0|0|0|0|0|0|0|0|0|0|0|0|0|0|0|0|0|0|0|0|0|0|0|0|0|0|0|0|0|0|0|0|0|0|0|0|0|0|0|0|0|0|0|0|0|0|0|0|0|281|10|271|254|79|49|3|123|0|0|17|17|15|0|2|0|0|0|0|0|0|0|0|0|0|0|0|0|0|0|0|0|0|0|0|0|0|0|0|0|0|0|0|0|0|0|0|0|0|0|0|0|0|0|0|0|0|0|0|0|0|0|0|0|0|0|0|0|0|0|0|0|0
DHCST|NY|000|05|0212735|389|389|389|0|0|389|103|151|0|70|0|10|55|389|356|33|389|356|100|151|0|69|0|1|35|33|3|0|0|1|0|9|20|444|155|160|12|78|0|39|444|391|133|158|10|77|0|13|53|22|2|2|1|0|26|389|334|103|151|0|70|0|10|55|55|6|12|8|0|26|0|0|0|3|0|0|0|0|0|0|0|0|0|0|0|0|0|0|0|0|0|0|0|0|0|0|0|0|0|0|0|0|0|0|0|0|0|0|0|0|0|0|0|0|0|0|0|0|0|0|0|0|0|0|0|0|389|33|356|321|100|151|0|69|0|1|35|35|5|10|8|0|10|0|0|0|2|0|0|0|0|0|0|0|0|0|0|0|0|0|0|0|0|0|0|0|0|0|0|0|0|0|0|0|0|0|0|0|0|0|0|0|0|0|0|0|0|0|0|0|0|0|0|0|0|0|0|0|0
DHCST|NY|000|05|0212736|213|213|213|0|0|213|27|122|2|54|0|1|7|213|208|5|213|208|26|122|2|54|0|0|4|5|1|0|0|0|0|1|3|221|34|126|2|54|0|5|221|213|30|126|2|54|0|1|8|4|0|0|0|0|4|213|206|27|122|2|54|0|1|7|6|3|0|0|0|3|0|0|0|0|0|0|0|0|0|0|1|0|0|0|1|0|0|0|0|0|0|0|0|0|0|0|0|0|0|0|0|0|0|0|0|0|0|0|0|0|0|0|0|0|0|0|0|0|0|0|0|0|0|0|0|0|213|5|208|204|26|122|2|54|0|0|4|3|3|0|0|0|0|0|0|0|0|0|0|0|0|0|0|1|0|0|0|1|0|0|0|0|0|0|0|0|0|0|0|0|0|0|0|0|0|0|0|0|0|0|0|0|0|0|0|0|0|0|0|0|0|0|0|0|0|0|0|0|0
DHCST|NY|000|05|0212737|79|79|79|0|0|79|24|32|0|8|0|4|11|79|67|12|79|67|20|31|0|8|0|0|8|12|4|1|0|0|0|4|3|93|32|39|3|10|0|9|93|78|25|37|3|10|0|3|15|7|2|0|0|0|6|79|68|24|32|0|8|0|4|11|8|3|0|0|0|2|0|0|0|1|0|0|0|0|2|0|3|3|0|0|0|0|0|0|0|0|0|0|0|0|0|0|0|0|0|0|0|0|0|0|0|0|0|0|0|0|0|0|0|0|0|0|0|0|0|0|0|0|0|0|0|0|79|12|67|59|20|31|0|8|0|0|8|5|2|0|0|0|0|0|0|0|1|0|0|0|0|2|0|3|3|0|0|0|0|0|0|0|0|0|0|0|0|0|0|0|0|0|0|0|0|0|0|0|0|0|0|0|0|0|0|0|0|0|0|0|0|0|0|0|0|0|0|0|0
DHCST|NY|000|05|0212738|110|110|110|0|0|110|14|40|0|44|0|3|9|110|106|4|110|106|14|40|0|44|0|0|8|4|0|0|0|0|0|3|1|120|23|44|2|44|0|7|120|114|22|43|1|44|0|4|6|1|1|1|0|0|3|110|101|14|40|0|44|0|3|9|8|3|1|0|0|4|0|0|0|0|0|0|0|0|0|0|1|1|0|0|0|0|0|0|0|0|0|0|0|0|0|0|0|0|0|0|0|0|0|0|0|0|0|0|0|0|0|0|0|0|0|0|0|0|0|0|0|0|0|0|0|0|110|4|106|98|14|40|0|44|0|0|8|8|3|1|0|0|4|0|0|0|0|0|0|0|0|0|0|0|0|0|0|0|0|0|0|0|0|0|0|0|0|0|0|0|0|0|0|0|0|0|0|0|0|0|0|0|0|0|0|0|0|0|0|0|0|0|0|0|0|0|0|0|0
DHCST|NY|000|05|0212739|77|77|77|0|0|77|28|13|0|25|0|2|9|77|68|9|77|68|27|13|0|25|0|1|2|9|1|0|0|0|0|1|7|86|35|19|1|25|0|6|86|70|29|15|0|25|0|1|16|6|4|1|0|0|5|77|68|28|13|0|25|0|2|9|9|4|1|0|0|2|0|0|0|2|0|0|0|0|0|0|0|0|0|0|0|0|0|0|0|0|0|0|0|0|0|0|0|0|0|0|0|0|0|0|0|0|0|0|0|0|0|0|0|0|0|0|0|0|0|0|0|0|0|0|0|0|77|9|68|66|27|13|0|25|0|1|2|2|2|0|0|0|0|0|0|0|0|0|0|0|0|0|0|0|0|0|0|0|0|0|0|0|0|0|0|0|0|0|0|0|0|0|0|0|0|0|0|0|0|0|0|0|0|0|0|0|0|0|0|0|0|0|0|0|0|0|0|0|0
DHCST|NY|000|05|0212740|120|120|120|0|0|120|4|62|0|49|0|3|2|120|115|5|120|115|4|62|0|49|0|0|0|5|0|0|0|0|0|3|2|122|6|64|0|49|0|3|122|115|4|62|0|49|0|0|7|2|2|0|0|0|3|120|118|4|62|0|49|0|3|2|2|2|0|0|0|0|0|0|0|0|0|0|0|0|0|0|0|0|0|0|0|0|0|0|0|0|0|0|0|0|0|0|0|0|0|0|0|0|0|0|0|0|0|0|0|0|0|0|0|0|0|0|0|0|0|0|0|0|0|0|0|0|120|5|115|115|4|62|0|49|0|0|0|0|0|0|0|0|0|0|0|0|0|0|0|0|0|0|0|0|0|0|0|0|0|0|0|0|0|0|0|0|0|0|0|0|0|0|0|0|0|0|0|0|0|0|0|0|0|0|0|0|0|0|0|0|0|0|0|0|0|0|0|0|0
DHCST|NY|000|05|0212741|171|171|171|0|0|171|43|48|4|56|0|0|20|171|155|16|171|155|38|48|4|56|0|0|9|16|5|0|0|0|0|0|11|193|60|64|5|57|0|7|193|165|47|56|4|57|0|1|28|13|8|1|0|0|6|171|151|43|48|4|56|0|0|20|18|12|0|1|0|2|0|0|0|3|0|0|0|0|0|0|2|0|0|0|1|0|0|1|0|0|0|0|0|0|0|0|0|0|0|0|0|0|0|0|0|0|0|0|0|0|0|0|0|0|0|0|0|0|0|0|0|0|0|0|0|0|171|16|155|146|38|48|4|56|0|0|9|8|7|0|1|0|0|0|0|0|0|0|0|0|0|0|0|1|0|0|0|1|0|0|0|0|0|0|0|0|0|0|0|0|0|0|0|0|0|0|0|0|0|0|0|0|0|0|0|0|0|0|0|0|0|0|0|0|0|0|0|0|0
DHCST|NY|000|05|0212742|80|80|80|0|0|80|33|37|2|2|0|2|4|80|73|7|80|73|32|36|2|2|0|0|1|7|1|1|0|0|0|2|3|84|34|40|3|2|0|5|84|74|33|36|3|2|0|0|10|1|4|0|0|0|5|80|76|33|37|2|2|0|2|4|4|0|1|0|0|0|0|0|0|3|0|0|0|0|0|0|0|0|0|0|0|0|0|0|0|0|0|0|0|0|0|0|0|0|0|0|0|0|0|0|0|0|0|0|0|0|0|0|0|0|0|0|0|0|0|0|0|0|0|0|0|0|80|7|73|72|32|36|2|2|0|0|1|1|0|1|0|0|0|0|0|0|0|0|0|0|0|0|0|0|0|0|0|0|0|0|0|0|0|0|0|0|0|0|0|0|0|0|0|0|0|0|0|0|0|0|0|0|0|0|0|0|0|0|0|0|0|0|0|0|0|0|0|0|0
DHCST|NY|000|05|0212743|92|92|92|0|0|92|22|23|0|23|0|1|23|92|82|10|92|82|20|22|0|23|0|0|17|10|2|1|0|0|0|1|6|115|42|38|1|28|1|5|115|99|36|34|1|27|0|1|16|6|4|0|1|1|4|92|69|22|23|0|23|0|1|23|23|13|1|4|0|2|0|0|0|2|0|0|0|1|0|0|0|0|0|0|0|0|0|0|0|0|0|0|0|0|0|0|0|0|0|0|0|0|0|0|0|0|0|0|0|0|0|0|0|0|0|0|0|0|0|0|0|0|0|0|0|0|92|10|82|65|20|22|0|23|0|0|17|17|11|1|4|0|0|0|0|0|1|0|0|0|0|0|0|0|0|0|0|0|0|0|0|0|0|0|0|0|0|0|0|0|0|0|0|0|0|0|0|0|0|0|0|0|0|0|0|0|0|0|0|0|0|0|0|0|0|0|0|0|0
DHCST|NY|000|05|0212744|91|91|91|0|0|91|27|34|1|21|0|2|6|91|87|4|91|87|26|34|1|21|0|1|4|4|1|0|0|0|0|1|2|98|32|38|3|22|0|3|98|91|29|37|2|22|0|1|7|3|1|1|0|0|2|91|85|27|34|1|21|0|2|6|5|2|0|1|0|1|1|0|0|0|0|0|0|0|0|0|1|1|0|0|0|0|0|0|0|0|0|0|0|0|0|0|0|0|0|0|0|0|0|0|0|0|0|0|0|0|0|0|0|0|0|0|0|0|0|0|0|0|0|0|0|0|91|4|87|83|26|34|1|21|0|1|4|4|2|0|1|0|0|1|0|0|0|0|0|0|0|0|0|0|0|0|0|0|0|0|0|0|0|0|0|0|0|0|0|0|0|0|0|0|0|0|0|0|0|0|0|0|0|0|0|0|0|0|0|0|0|0|0|0|0|0|0|0|0
DHCST|NY|000|05|0212745|81|81|81|0|0|81|34|13|0|15|0|3|16|81|66|15|81|66|29|13|0|15|0|0|9|15|5|0|0|0|0|3|7|100|45|26|4|15|0|10|100|76|38|19|4|15|0|0|24|7|7|0|0|0|10|81|65|34|13|0|15|0|3|16|13|5|3|0|0|0|0|0|0|5|0|0|0|0|0|0|3|1|0|0|2|0|0|0|0|0|0|0|0|0|0|0|0|0|0|0|0|0|0|0|0|0|0|0|0|0|0|0|0|0|0|0|0|0|0|0|0|0|0|0|0|0|81|15|66|57|29|13|0|15|0|0|9|8|5|3|0|0|0|0|0|0|0|0|0|0|0|0|0|1|1|0|0|0|0|0|0|0|0|0|0|0|0|0|0|0|0|0|0|0|0|0|0|0|0|0|0|0|0|0|0|0|0|0|0|0|0|0|0|0|0|0|0|0|0
DHCST|NY|000|05|0212746|65|65|65|0|0|65|22|18|0|9|0|2|14|65|56|9|65|56|20|18|0|9|0|1|8|9|2|0|0|0|0|1|6|81|34|27|3|9|0|8|81|66|27|26|3|9|0|1|15|7|1|0|0|0|7|65|51|22|18|0|9|0|2|14|12|5|0|0|0|5|1|0|0|1|0|0|0|0|0|0|2|2|0|0|0|0|0|0|0|0|0|0|0|0|0|0|0|0|0|0|0|0|0|0|0|0|0|0|0|0|0|0|0|0|0|0|0|0|0|0|0|0|0|0|0|0|65|9|56|48|20|18|0|9|0|1|8|6|5|0|0|0|0|1|0|0|0|0|0|0|0|0|0|2|2|0|0|0|0|0|0|0|0|0|0|0|0|0|0|0|0|0|0|0|0|0|0|0|0|0|0|0|0|0|0|0|0|0|0|0|0|0|0|0|0|0|0|0|0
DHCST|NY|000|05|0212747|54|54|54|0|0|54|30|14|0|3|0|1|6|54|46|8|54|46|25|12|0|3|0|0|6|8|5|2|0|0|0|1|0|60|35|20|0|3|0|2|60|52|30|18|0|3|0|1|8|5|2|0|0|0|1|54|48|30|14|0|3|0|1|6|6|5|0|0|0|0|0|0|0|1|0|0|0|0|0|0|0|0|0|0|0|0|0|0|0|0|0|0|0|0|0|0|0|0|0|0|0|0|0|0|0|0|0|0|0|0|0|0|0|0|0|0|0|0|0|0|0|0|0|0|0|0|54|8|46|40|25|12|0|3|0|0|6|6|5|0|0|0|0|0|0|0|1|0|0|0|0|0|0|0|0|0|0|0|0|0|0|0|0|0|0|0|0|0|0|0|0|0|0|0|0|0|0|0|0|0|0|0|0|0|0|0|0|0|0|0|0|0|0|0|0|0|0|0|0
DHCST|NY|000|05|0212748|60|60|60|0|0|60|30|17|1|1|0|4|7|60|53|7|60|53|27|17|1|1|0|0|7|7|3|0|0|0|0|4|0|75|35|23|8|4|1|4|75|68|32|23|8|4|1|0|7|3|0|0|0|0|4|60|53|30|17|1|1|0|4|7|3|0|1|0|0|0|2|0|0|0|0|0|0|0|0|0|1|1|0|0|0|0|0|0|0|0|0|0|0|0|0|0|0|0|0|0|0|2|2|0|0|0|0|0|0|0|0|0|0|0|0|0|0|1|1|0|0|0|0|0|0|0|60|7|53|46|27|17|1|1|0|0|7|3|0|1|0|0|0|2|0|0|0|0|0|0|0|0|0|1|1|0|0|0|0|0|0|0|0|0|0|0|0|0|0|0|0|0|0|0|2|2|0|0|0|0|0|0|0|0|0|0|0|0|0|0|1|1|0|0|0|0|0|0|0
DHCST|NY|000|05|0212749|225|225|225|0|0|225|79|128|8|6|0|1|3|225|220|5|225|220|76|127|8|6|0|0|3|5|3|1|0|0|0|1|0|229|82|129|9|8|0|1|229|224|79|128|9|8|0|0|5|3|1|0|0|0|1|225|222|79|128|8|6|0|1|3|2|0|1|1|0|0|0|0|0|0|0|0|0|0|0|0|1|0|1|0|0|0|0|0|0|0|0|0|0|0|0|0|0|0|0|0|0|0|0|0|0|0|0|0|0|0|0|0|0|0|0|0|0|0|0|0|0|0|0|0|0|0|225|5|220|217|76|127|8|6|0|0|3|2|0|1|1|0|0|0|0|0|0|0|0|0|0|0|0|1|0|1|0|0|0|0|0|0|0|0|0|0|0|0|0|0|0|0|0|0|0|0|0|0|0|0|0|0|0|0|0|0|0|0|0|0|0|0|0|0|0|0|0|0|0
DHCST|NY|000|05|0212750|176|176|176|0|0|176|104|43|4|3|0|0|22|176|164|12|176|164|102|43|2|3|0|0|14|12|2|0|2|0|0|0|8|202|126|59|8|3|0|6|202|178|116|53|5|3|0|1|24|10|6|3|0|0|5|176|154|104|43|4|3|0|0|22|18|12|4|0|0|2|0|0|0|0|0|0|0|0|0|0|4|0|0|0|4|0|0|0|0|0|0|0|0|0|0|0|0|0|0|0|0|0|0|0|0|0|0|0|0|0|0|0|0|0|0|0|0|0|0|0|0|0|0|0|0|0|176|12|164|150|102|43|2|3|0|0|14|14|10|3|0|0|1|0|0|0|0|0|0|0|0|0|0|0|0|0|0|0|0|0|0|0|0|0|0|0|0|0|0|0|0|0|0|0|0|0|0|0|0|0|0|0|0|0|0|0|0|0|0|0|0|0|0|0|0|0|0|0|0
DHCST|NY|000|05|0212751|99|99|99|0|0|99|31|44|0|7|0|2|15|99|92|7|99|92|30|44|0|7|0|0|11|7|1|0|0|0|0|2|4|115|46|54|5|8|0|2|115|104|41|54|1|8|0|0|11|5|0|4|0|0|2|99|84|31|44|0|7|0|2|15|14|9|4|1|0|0|0|0|0|0|0|0|0|0|0|0|1|1|0|0|0|0|0|0|0|0|0|0|0|0|0|0|0|0|0|0|0|0|0|0|0|0|0|0|0|0|0|0|0|0|0|0|0|0|0|0|0|0|0|0|0|0|99|7|92|81|30|44|0|7|0|0|11|10|9|0|1|0|0|0|0|0|0|0|0|0|0|0|0|1|1|0|0|0|0|0|0|0|0|0|0|0|0|0|0|0|0|0|0|0|0|0|0|0|0|0|0|0|0|0|0|0|0|0|0|0|0|0|0|0|0|0|0|0|0
DHCST|NY|000|05|0212752|102|102|102|0|0|102|37|45|0|6|0|0|14|102|99|3|102|99|36|44|0|6|0|0|13|3|1|1|0|0|0|0|1|123|50|59|5|8|0|1|123|119|49|57|5|8|0|0|4|1|2|0|0|0|1|102|88|37|45|0|6|0|0|14|9|8|0|0|0|0|0|0|0|1|0|0|0|0|0|0|3|3|0|0|0|0|0|0|0|0|0|0|0|0|0|0|0|0|0|0|0|2|2|0|0|0|0|0|0|0|0|0|0|0|0|0|0|0|0|0|0|0|0|0|0|0|102|3|99|86|36|44|0|6|0|0|13|8|8|0|0|0|0|0|0|0|0|0|0|0|0|0|0|3|3|0|0|0|0|0|0|0|0|0|0|0|0|0|0|0|0|0|0|0|2|2|0|0|0|0|0|0|0|0|0|0|0|0|0|0|0|0|0|0|0|0|0|0|0
DHCST|NY|000|05|0212753|112|112|112|0|0|112|40|32|1|23|0|0|16|112|97|15|112|97|36|32|0|23|0|0|6|15|4|0|1|0|0|0|10|128|56|34|3|23|0|12|128|103|42|34|2|23|0|2|25|14|0|1|0|0|10|112|96|40|32|1|23|0|0|16|16|2|2|0|0|12|0|0|0|0|0|0|0|0|0|0|0|0|0|0|0|0|0|0|0|0|0|0|0|0|0|0|0|0|0|0|0|0|0|0|0|0|0|0|0|0|0|0|0|0|0|0|0|0|0|0|0|0|0|0|0|0|112|15|97|91|36|32|0|23|0|0|6|6|2|2|0|0|2|0|0|0|0|0|0|0|0|0|0|0|0|0|0|0|0|0|0|0|0|0|0|0|0|0|0|0|0|0|0|0|0|0|0|0|0|0|0|0|0|0|0|0|0|0|0|0|0|0|0|0|0|0|0|0|0
DHCST|NY|000|05|0212754|77|77|77|0|0|77|43|26|0|3|0|2|3|77|75|2|77|75|43|26|0|3|0|0|3|2|0|0|0|0|0|2|0|82|46|28|2|4|0|2|82|80|46|28|2|4|0|0|2|0|0|0|0|0|2|77|74|43|26|0|3|0|2|3|1|0|1|0|0|0|0|0|0|0|0|0|0|0|0|0|2|1|1|0|0|0|0|0|0|0|0|0|0|0|0|0|0|0|0|0|0|0|0|0|0|0|0|0|0|0|0|0|0|0|0|0|0|0|0|0|0|0|0|0|0|0|77|2|75|72|43|26|0|3|0|0|3|1|0|1|0|0|0|0|0|0|0|0|0|0|0|0|0|2|1|1|0|0|0|0|0|0|0|0|0|0|0|0|0|0|0|0|0|0|0|0|0|0|0|0|0|0|0|0|0|0|0|0|0|0|0|0|0|0|0|0|0|0|0
DHCST|NY|000|05|0212755|101|101|101|0|0|101|35|28|2|26|0|4|6|101|86|15|101|86|32|19|2|26|0|2|5|15|3|9|0|0|0|2|1|108|41|30|5|28|0|4|108|92|37|21|4|28|0|2|16|4|9|1|0|0|2|101|95|35|28|2|26|0|4|6|5|1|2|2|0|0|0|0|0|0|0|0|0|0|0|0|1|1|0|0|0|0|0|0|0|0|0|0|0|0|0|0|0|0|0|0|0|0|0|0|0|0|0|0|0|0|0|0|0|0|0|0|0|0|0|0|0|0|0|0|0|0|101|15|86|81|32|19|2|26|0|2|5|4|1|1|2|0|0|0|0|0|0|0|0|0|0|0|0|1|1|0|0|0|0|0|0|0|0|0|0|0|0|0|0|0|0|0|0|0|0|0|0|0|0|0|0|0|0|0|0|0|0|0|0|0|0|0|0|0|0|0|0|0|0
DHCST|NY|000|05|0212756|117|117|117|0|0|117|52|43|0|1|0|0|21|117|112|5|117|112|49|41|0|1|0|0|21|5|3|2|0|0|0|0|0|138|70|54|4|7|0|3|138|133|67|52|4|7|0|3|5|3|2|0|0|0|0|117|96|52|43|0|1|0|0|21|21|8|4|3|0|3|0|3|0|0|0|0|0|0|0|0|0|0|0|0|0|0|0|0|0|0|0|0|0|0|0|0|0|0|0|0|0|0|0|0|0|0|0|0|0|0|0|0|0|0|0|0|0|0|0|0|0|0|0|0|0|0|117|5|112|91|49|41|0|1|0|0|21|21|8|4|3|0|3|0|3|0|0|0|0|0|0|0|0|0|0|0|0|0|0|0|0|0|0|0|0|0|0|0|0|0|0|0|0|0|0|0|0|0|0|0|0|0|0|0|0|0|0|0|0|0|0|0|0|0|0|0|0|0|0
DHCST|NY|000|05|0212757|0|0|0|0|0|0|0|0|0|0|0|0|0|0|0|0|0|0|0|0|0|0|0|0|0|0|0|0|0|0|0|0|0|0|0|0|0|0|0|0|0|0|0|0|0|0|0|0|0|0|0|0|0|0|0|0|0|0|0|0|0|0|0|0|0|0|0|0|0|0|0|0|0|0|0|0|0|0|0|0|0|0|0|0|0|0|0|0|0|0|0|0|0|0|0|0|0|0|0|0|0|0|0|0|0|0|0|0|0|0|0|0|0|0|0|0|0|0|0|0|0|0|0|0|0|0|0|0|0|0|0|0|0|0|0|0|0|0|0|0|0|0|0|0|0|0|0|0|0|0|0|0|0|0|0|0|0|0|0|0|0|0|0|0|0|0|0|0|0|0|0|0|0|0|0|0|0|0|0|0|0|0|0|0|0|0|0|0|0|0|0|0|0|0|0|0|0|0|0
DHCST|NY|000|05|0212758|0|0|0|0|0|0|0|0|0|0|0|0|0|0|0|0|0|0|0|0|0|0|0|0|0|0|0|0|0|0|0|0|0|0|0|0|0|0|0|0|0|0|0|0|0|0|0|0|0|0|0|0|0|0|0|0|0|0|0|0|0|0|0|0|0|0|0|0|0|0|0|0|0|0|0|0|0|0|0|0|0|0|0|0|0|0|0|0|0|0|0|0|0|0|0|0|0|0|0|0|0|0|0|0|0|0|0|0|0|0|0|0|0|0|0|0|0|0|0|0|0|0|0|0|0|0|0|0|0|0|0|0|0|0|0|0|0|0|0|0|0|0|0|0|0|0|0|0|0|0|0|0|0|0|0|0|0|0|0|0|0|0|0|0|0|0|0|0|0|0|0|0|0|0|0|0|0|0|0|0|0|0|0|0|0|0|0|0|0|0|0|0|0|0|0|0|0|0|0
DHCST|NY|000|05|0212759|105|105|105|0|0|105|22|19|2|22|0|15|25|105|71|34|105|71|21|18|2|22|0|0|8|34|1|1|0|0|0|15|17|133|47|22|8|24|0|32|133|82|29|21|8|24|0|0|51|18|1|0|0|0|32|105|80|22|19|2|22|0|15|25|23|1|4|1|0|17|0|0|0|0|0|0|0|0|0|0|1|1|0|0|0|0|0|0|0|0|0|0|0|0|0|0|0|0|0|0|0|1|1|0|0|0|0|0|0|0|0|0|0|0|0|0|0|0|0|0|0|0|0|0|0|0|105|34|71|63|21|18|2|22|0|0|8|6|1|4|1|0|0|0|0|0|0|0|0|0|0|0|0|1|1|0|0|0|0|0|0|0|0|0|0|0|0|0|0|0|0|0|0|0|1|1|0|0|0|0|0|0|0|0|0|0|0|0|0|0|0|0|0|0|0|0|0|0|0
DHCST|NY|000|05|0212760|52|52|52|0|0|52|8|20|1|0|0|4|19|52|45|7|52|45|5|20|1|0|0|0|19|7|3|0|0|0|0|4|0|72|24|36|5|1|0|6|72|65|21|36|5|1|0|2|7|3|0|0|0|0|4|52|33|8|20|1|0|0|4|19|18|12|1|0|0|2|3|0|0|0|0|0|0|0|0|0|1|0|1|0|0|0|0|0|0|0|0|0|0|0|0|0|0|0|0|0|0|0|0|0|0|0|0|0|0|0|0|0|0|0|0|0|0|0|0|0|0|0|0|0|0|0|52|7|45|26|5|20|1|0|0|0|19|18|12|1|0|0|2|3|0|0|0|0|0|0|0|0|0|1|0|1|0|0|0|0|0|0|0|0|0|0|0|0|0|0|0|0|0|0|0|0|0|0|0|0|0|0|0|0|0|0|0|0|0|0|0|0|0|0|0|0|0|0|0
DHCST|NY|000|05|0212761|68|68|68|0|0|68|25|23|0|7|0|2|11|68|64|4|68|64|25|23|0|7|0|0|9|4|0|0|0|0|0|2|2|79|36|31|0|7|0|5|79|73|34|31|0|7|0|1|6|2|0|0|0|0|4|68|57|25|23|0|7|0|2|11|11|8|0|0|0|3|0|0|0|0|0|0|0|0|0|0|0|0|0|0|0|0|0|0|0|0|0|0|0|0|0|0|0|0|0|0|0|0|0|0|0|0|0|0|0|0|0|0|0|0|0|0|0|0|0|0|0|0|0|0|0|0|68|4|64|55|25|23|0|7|0|0|9|9|8|0|0|0|1|0|0|0|0|0|0|0|0|0|0|0|0|0|0|0|0|0|0|0|0|0|0|0|0|0|0|0|0|0|0|0|0|0|0|0|0|0|0|0|0|0|0|0|0|0|0|0|0|0|0|0|0|0|0|0|0
DHCST|NY|000|05|0212762|98|98|98|0|0|98|20|42|2|21|0|5|8|98|84|14|98|84|18|39|0|21|0|3|3|14|2|3|2|0|0|2|5|107|28|47|2|22|0|8|107|87|21|42|0|21|0|3|20|7|5|2|1|0|5|98|90|20|42|2|21|0|5|8|7|5|0|0|0|2|0|0|0|0|0|0|0|0|0|0|1|0|0|0|0|0|0|0|0|1|0|0|0|0|0|0|0|0|0|0|0|0|0|0|0|0|0|0|0|0|0|0|0|0|0|0|0|0|0|0|0|0|0|0|0|0|98|14|84|81|18|39|0|21|0|3|3|3|3|0|0|0|0|0|0|0|0|0|0|0|0|0|0|0|0|0|0|0|0|0|0|0|0|0|0|0|0|0|0|0|0|0|0|0|0|0|0|0|0|0|0|0|0|0|0|0|0|0|0|0|0|0|0|0|0|0|0|0|0
DHCST|NY|000|05|0212763|120|120|120|0|0|120|22|75|3|18|0|1|1|120|117|3|120|117|21|75|3|18|0|0|0|3|1|0|0|0|0|1|1|122|23|76|3|18|0|2|122|117|21|75|3|18|0|0|5|2|1|0|0|0|2|120|119|22|75|3|18|0|1|1|0|0|0|0|0|0|0|0|0|0|0|0|0|0|0|0|1|0|0|0|1|0|0|0|0|0|0|0|0|0|0|0|0|0|0|0|0|0|0|0|0|0|0|0|0|0|0|0|0|0|0|0|0|0|0|0|0|0|0|0|0|0|120|3|117|117|21|75|3|18|0|0|0|0|0|0|0|0|0|0|0|0|0|0|0|0|0|0|0|0|0|0|0|0|0|0|0|0|0|0|0|0|0|0|0|0|0|0|0|0|0|0|0|0|0|0|0|0|0|0|0|0|0|0|0|0|0|0|0|0|0|0|0|0|0
DHCST|NY|000|05|0212764|123|123|123|0|0|123|70|32|0|4|0|0|17|123|113|10|123|113|69|30|0|4|0|0|10|10|1|2|0|0|0|0|7|149|87|48|4|5|0|5|149|127|79|39|4|5|0|0|22|8|9|0|0|0|5|123|106|70|32|0|4|0|0|17|8|7|0|1|0|0|0|0|0|0|0|0|0|0|0|0|9|4|0|0|5|0|0|0|0|0|0|0|0|0|0|0|0|0|0|0|0|0|0|0|0|0|0|0|0|0|0|0|0|0|0|0|0|0|0|0|0|0|0|0|0|0|123|10|113|103|69|30|0|4|0|0|10|6|5|0|1|0|0|0|0|0|0|0|0|0|0|0|0|4|4|0|0|0|0|0|0|0|0|0|0|0|0|0|0|0|0|0|0|0|0|0|0|0|0|0|0|0|0|0|0|0|0|0|0|0|0|0|0|0|0|0|0|0|0
DHCST|NY|000|05|0212765|31|31|31|0|0|31|6|3|2|6|0|2|12|31|22|9|31|22|6|2|0|6|0|0|8|9|0|1|2|0|0|2|4|47|16|7|4|14|1|5|47|32|12|4|1|13|1|1|15|4|3|3|1|0|4|31|19|6|3|2|6|0|2|12|9|1|0|5|0|1|0|1|0|0|0|0|0|1|0|0|2|0|0|0|1|0|0|1|0|0|0|0|0|0|0|0|0|0|0|0|0|1|1|0|0|0|0|0|0|0|0|0|0|0|0|0|0|0|0|0|0|0|0|0|0|0|31|9|22|14|6|2|0|6|0|0|8|7|0|0|4|0|1|0|1|0|0|0|0|0|1|0|0|0|0|0|0|0|0|0|0|0|0|0|0|0|0|0|0|0|0|0|0|0|1|1|0|0|0|0|0|0|0|0|0|0|0|0|0|0|0|0|0|0|0|0|0|0|0
DHCST|NY|000|05|0212766|171|171|171|0|0|171|42|61|1|53|0|10|4|171|158|13|171|158|41|60|1|53|0|0|3|13|1|1|0|0|0|10|1|177|46|65|1|54|1|10|177|163|44|63|1|54|1|0|14|2|2|0|0|0|10|171|167|42|61|1|53|0|10|4|3|3|0|0|0|0|0|0|0|0|0|0|0|0|0|0|0|0|0|0|0|0|0|0|0|0|0|0|0|0|0|0|0|0|0|0|0|1|0|0|0|1|0|0|0|0|0|0|0|0|0|0|0|0|0|0|0|0|0|0|0|0|171|13|158|155|41|60|1|53|0|0|3|2|2|0|0|0|0|0|0|0|0|0|0|0|0|0|0|0|0|0|0|0|0|0|0|0|0|0|0|0|0|0|0|0|0|0|0|0|1|0|0|0|1|0|0|0|0|0|0|0|0|0|0|0|0|0|0|0|0|0|0|0|0
DHCST|NY|000|05|0212767|56|56|56|0|0|56|17|11|0|23|0|0|5|56|56|0|56|56|17|11|0|23|0|0|5|0|0|0|0|0|0|0|0|61|21|13|1|25|0|1|61|61|21|13|1|25|0|1|0|0|0|0|0|0|0|56|51|17|11|0|23|0|0|5|5|1|1|2|0|0|0|0|0|1|0|0|0|0|0|0|0|0|0|0|0|0|0|0|0|0|0|0|0|0|0|0|0|0|0|0|0|0|0|0|0|0|0|0|0|0|0|0|0|0|0|0|0|0|0|0|0|0|0|0|0|0|56|0|56|51|17|11|0|23|0|0|5|5|1|1|2|0|0|0|0|0|1|0|0|0|0|0|0|0|0|0|0|0|0|0|0|0|0|0|0|0|0|0|0|0|0|0|0|0|0|0|0|0|0|0|0|0|0|0|0|0|0|0|0|0|0|0|0|0|0|0|0|0|0
DHCST|NY|000|05|0212768|84|84|84|0|0|84|21|15|0|31|0|3|14|84|78|6|84|78|19|15|0|31|0|1|12|6|2|0|0|0|0|2|2|98|31|26|2|31|0|8|98|90|28|25|2|31|0|4|8|3|1|0|0|0|4|84|70|21|15|0|31|0|3|14|14|7|2|0|0|1|0|0|0|4|0|0|0|0|0|0|0|0|0|0|0|0|0|0|0|0|0|0|0|0|0|0|0|0|0|0|0|0|0|0|0|0|0|0|0|0|0|0|0|0|0|0|0|0|0|0|0|0|0|0|0|0|84|6|78|66|19|15|0|31|0|1|12|12|7|2|0|0|0|0|0|0|3|0|0|0|0|0|0|0|0|0|0|0|0|0|0|0|0|0|0|0|0|0|0|0|0|0|0|0|0|0|0|0|0|0|0|0|0|0|0|0|0|0|0|0|0|0|0|0|0|0|0|0|0
DHCST|NY|000|05|0212769|157|157|157|0|0|157|25|81|3|26|0|0|22|157|154|3|157|154|25|81|3|26|0|0|19|3|0|0|0|0|0|0|3|181|39|95|11|28|0|8|181|175|38|95|9|27|0|6|6|1|0|2|1|0|2|157|135|25|81|3|26|0|0|22|21|7|5|1|0|0|0|0|0|6|0|0|2|0|0|0|0|0|0|0|0|0|0|0|0|0|0|0|0|0|0|0|0|0|0|0|0|1|1|0|0|0|0|0|0|0|0|0|0|0|0|0|0|0|0|0|0|0|0|0|0|0|157|3|154|135|25|81|3|26|0|0|19|18|7|5|0|0|0|0|0|0|6|0|0|0|0|0|0|0|0|0|0|0|0|0|0|0|0|0|0|0|0|0|0|0|0|0|0|0|1|1|0|0|0|0|0|0|0|0|0|0|0|0|0|0|0|0|0|0|0|0|0|0|0
DHCST|NY|000|05|0212770|158|158|158|0|0|158|26|48|2|76|0|0|6|158|157|1|158|157|26|48|1|76|0|0|6|1|0|0|1|0|0|0|0|164|32|52|3|77|0|0|164|163|32|52|2|77|0|0|1|0|0|1|0|0|0|158|152|26|48|2|76|0|0|6|6|4|1|1|0|0|0|0|0|0|0|0|0|0|0|0|0|0|0|0|0|0|0|0|0|0|0|0|0|0|0|0|0|0|0|0|0|0|0|0|0|0|0|0|0|0|0|0|0|0|0|0|0|0|0|0|0|0|0|0|0|0|158|1|157|151|26|48|1|76|0|0|6|6|4|1|1|0|0|0|0|0|0|0|0|0|0|0|0|0|0|0|0|0|0|0|0|0|0|0|0|0|0|0|0|0|0|0|0|0|0|0|0|0|0|0|0|0|0|0|0|0|0|0|0|0|0|0|0|0|0|0|0|0|0
DHCST|NY|000|05|0212771|66|66|66|0|0|66|7|20|0|38|0|1|0|66|64|2|66|64|6|20|0|38|0|0|0|2|1|0|0|0|0|1|0|66|7|20|0|38|0|1|66|64|6|20|0|38|0|0|2|1|0|0|0|0|1|66|66|7|20|0|38|0|1|0|0|0|0|0|0|0|0|0|0|0|0|0|0|0|0|0|0|0|0|0|0|0|0|0|0|0|0|0|0|0|0|0|0|0|0|0|0|0|0|0|0|0|0|0|0|0|0|0|0|0|0|0|0|0|0|0|0|0|0|0|0|0|66|2|64|64|6|20|0|38|0|0|0|0|0|0|0|0|0|0|0|0|0|0|0|0|0|0|0|0|0|0|0|0|0|0|0|0|0|0|0|0|0|0|0|0|0|0|0|0|0|0|0|0|0|0|0|0|0|0|0|0|0|0|0|0|0|0|0|0|0|0|0|0|0
DHCST|NY|000|05|0212772|223|223|223|0|0|223|34|103|0|71|0|2|13|223|211|12|223|211|32|101|0|71|0|1|6|12|2|2|0|0|0|1|7|236|46|107|1|71|0|11|236|217|37|105|1|71|0|3|19|9|2|0|0|0|8|223|210|34|103|0|71|0|2|13|13|3|1|0|0|8|0|0|0|1|0|0|0|0|0|0|0|0|0|0|0|0|0|0|0|0|0|0|0|0|0|0|0|0|0|0|0|0|0|0|0|0|0|0|0|0|0|0|0|0|0|0|0|0|0|0|0|0|0|0|0|0|223|12|211|205|32|101|0|71|0|1|6|6|3|1|0|0|1|0|0|0|1|0|0|0|0|0|0|0|0|0|0|0|0|0|0|0|0|0|0|0|0|0|0|0|0|0|0|0|0|0|0|0|0|0|0|0|0|0|0|0|0|0|0|0|0|0|0|0|0|0|0|0|0
DHCST|NY|000|05|0212773|218|218|218|0|0|218|113|80|1|2|0|1|21|218|207|11|218|207|108|80|1|2|0|0|16|11|5|0|0|0|0|1|5|240|132|89|7|2|0|10|240|223|122|88|6|2|0|5|17|10|1|1|0|0|5|218|197|113|80|1|2|0|1|21|20|6|3|0|0|9|2|0|0|0|0|0|0|0|0|0|1|1|0|0|0|0|0|0|0|0|0|0|0|0|0|0|0|0|0|0|0|0|0|0|0|0|0|0|0|0|0|0|0|0|0|0|0|0|0|0|0|0|0|0|0|0|218|11|207|191|108|80|1|2|0|0|16|16|6|3|0|0|5|2|0|0|0|0|0|0|0|0|0|0|0|0|0|0|0|0|0|0|0|0|0|0|0|0|0|0|0|0|0|0|0|0|0|0|0|0|0|0|0|0|0|0|0|0|0|0|0|0|0|0|0|0|0|0|0
DHCST|NY|000|05|0212774|531|531|531|0|0|531|279|161|2|13|3|26|47|531|480|51|531|480|267|159|2|13|3|6|30|51|12|2|0|0|0|20|17|587|320|185|16|15|8|43|587|512|293|177|14|13|7|8|75|27|8|2|2|1|35|531|484|279|161|2|13|3|26|47|39|12|10|1|0|10|2|0|2|2|0|0|0|0|0|0|7|1|0|2|3|0|0|1|0|0|0|0|0|0|0|0|0|0|0|0|0|1|0|0|0|0|0|0|0|0|0|1|0|0|0|0|0|0|0|0|0|0|0|0|0|0|531|51|480|450|267|159|2|13|3|6|30|28|12|10|0|0|2|2|0|2|0|0|0|0|0|0|0|2|0|0|2|0|0|0|0|0|0|0|0|0|0|0|0|0|0|0|0|0|0|0|0|0|0|0|0|0|0|0|0|0|0|0|0|0|0|0|0|0|0|0|0|0|0
DHCST|NY|000|05|0212775|0|0|0|0|0|0|0|0|0|0|0|0|0|0|0|0|0|0|0|0|0|0|0|0|0|0|0|0|0|0|0|0|0|0|0|0|0|0|0|0|0|0|0|0|0|0|0|0|0|0|0|0|0|0|0|0|0|0|0|0|0|0|0|0|0|0|0|0|0|0|0|0|0|0|0|0|0|0|0|0|0|0|0|0|0|0|0|0|0|0|0|0|0|0|0|0|0|0|0|0|0|0|0|0|0|0|0|0|0|0|0|0|0|0|0|0|0|0|0|0|0|0|0|0|0|0|0|0|0|0|0|0|0|0|0|0|0|0|0|0|0|0|0|0|0|0|0|0|0|0|0|0|0|0|0|0|0|0|0|0|0|0|0|0|0|0|0|0|0|0|0|0|0|0|0|0|0|0|0|0|0|0|0|0|0|0|0|0|0|0|0|0|0|0|0|0|0|0|0
DHCST|NY|000|05|0212776|622|622|622|0|0|622|423|142|4|9|0|19|25|622|569|53|622|569|409|135|2|9|0|3|11|53|14|7|2|0|0|16|14|647|444|154|7|9|0|33|647|580|417|146|5|9|0|3|67|27|8|2|0|0|30|622|597|423|142|4|9|0|19|25|25|8|0|0|0|13|3|0|0|1|0|0|0|0|0|0|0|0|0|0|0|0|0|0|0|0|0|0|0|0|0|0|0|0|0|0|0|0|0|0|0|0|0|0|0|0|0|0|0|0|0|0|0|0|0|0|0|0|0|0|0|0|622|53|569|558|409|135|2|9|0|3|11|11|8|0|0|0|0|3|0|0|0|0|0|0|0|0|0|0|0|0|0|0|0|0|0|0|0|0|0|0|0|0|0|0|0|0|0|0|0|0|0|0|0|0|0|0|0|0|0|0|0|0|0|0|0|0|0|0|0|0|0|0|0
DHCST|NY|000|05|0212777|385|385|385|0|0|385|253|59|0|18|0|26|29|385|328|57|385|328|240|57|0|18|0|4|9|57|13|2|0|0|0|22|20|417|282|66|5|20|0|44|417|340|249|64|3|20|0|4|77|33|2|2|0|0|40|385|356|253|59|0|18|0|26|29|26|4|2|2|0|18|0|0|0|0|0|0|0|0|0|0|3|3|0|0|0|0|0|0|0|0|0|0|0|0|0|0|0|0|0|0|0|0|0|0|0|0|0|0|0|0|0|0|0|0|0|0|0|0|0|0|0|0|0|0|0|0|385|57|328|319|240|57|0|18|0|4|9|6|4|0|2|0|0|0|0|0|0|0|0|0|0|0|0|3|3|0|0|0|0|0|0|0|0|0|0|0|0|0|0|0|0|0|0|0|0|0|0|0|0|0|0|0|0|0|0|0|0|0|0|0|0|0|0|0|0|0|0|0|0
DHCST|NY|000|05|0212778|398|398|398|0|0|398|166|167|6|7|0|34|18|398|351|47|398|351|162|152|5|7|0|9|16|47|4|15|1|0|0|25|2|418|179|179|15|8|1|36|418|369|173|162|14|8|1|11|49|6|17|1|0|0|25|398|380|166|167|6|7|0|34|18|16|6|3|1|0|1|4|0|0|0|0|1|0|0|0|0|2|1|0|0|1|0|0|0|0|0|0|0|0|0|0|0|0|0|0|0|0|0|0|0|0|0|0|0|0|0|0|0|0|0|0|0|0|0|0|0|0|0|0|0|0|0|398|47|351|335|162|152|5|7|0|9|16|14|4|3|1|0|1|4|0|0|0|0|1|0|0|0|0|2|1|0|0|1|0|0|0|0|0|0|0|0|0|0|0|0|0|0|0|0|0|0|0|0|0|0|0|0|0|0|0|0|0|0|0|0|0|0|0|0|0|0|0|0|0
DHCST|NY|000|05|0212779|67|67|67|0|0|67|36|21|1|5|0|2|2|67|62|5|67|62|36|19|1|5|0|0|1|5|0|2|0|0|0|2|1|70|37|23|2|5|0|3|70|64|37|20|2|5|0|0|6|0|3|0|0|0|3|67|65|36|21|1|5|0|2|2|1|0|0|0|0|0|0|0|0|1|0|0|0|0|0|0|1|1|0|0|0|0|0|0|0|0|0|0|0|0|0|0|0|0|0|0|0|0|0|0|0|0|0|0|0|0|0|0|0|0|0|0|0|0|0|0|0|0|0|0|0|0|67|5|62|61|36|19|1|5|0|0|1|0|0|0|0|0|0|0|0|0|0|0|0|0|0|0|0|1|1|0|0|0|0|0|0|0|0|0|0|0|0|0|0|0|0|0|0|0|0|0|0|0|0|0|0|0|0|0|0|0|0|0|0|0|0|0|0|0|0|0|0|0|0
DHCST|NY|000|05|0212780|244|244|244|0|0|244|120|98|5|7|0|5|9|244|230|14|244|230|116|94|5|7|0|0|8|14|4|4|0|0|0|5|1|255|126|105|10|7|1|6|255|240|121|101|10|7|1|0|15|5|4|0|0|0|6|244|235|120|98|5|7|0|5|9|7|3|0|0|0|1|2|0|0|0|0|1|0|0|0|0|2|2|0|0|0|0|0|0|0|0|0|0|0|0|0|0|0|0|0|0|0|0|0|0|0|0|0|0|0|0|0|0|0|0|0|0|0|0|0|0|0|0|0|0|0|0|244|14|230|222|116|94|5|7|0|0|8|6|3|0|0|0|0|2|0|0|0|0|1|0|0|0|0|2|2|0|0|0|0|0|0|0|0|0|0|0|0|0|0|0|0|0|0|0|0|0|0|0|0|0|0|0|0|0|0|0|0|0|0|0|0|0|0|0|0|0|0|0|0
DHCST|NY|000|05|0212781|385|385|385|0|0|385|187|118|3|46|2|6|23|385|370|15|385|370|178|118|3|46|2|2|21|15|9|0|0|0|0|4|2|408|210|126|8|48|2|14|408|391|199|126|8|48|2|8|17|11|0|0|0|0|6|385|362|187|118|3|46|2|6|23|23|8|5|2|0|8|0|0|0|0|0|0|0|0|0|0|0|0|0|0|0|0|0|0|0|0|0|0|0|0|0|0|0|0|0|0|0|0|0|0|0|0|0|0|0|0|0|0|0|0|0|0|0|0|0|0|0|0|0|0|0|0|385|15|370|349|178|118|3|46|2|2|21|21|8|5|2|0|6|0|0|0|0|0|0|0|0|0|0|0|0|0|0|0|0|0|0|0|0|0|0|0|0|0|0|0|0|0|0|0|0|0|0|0|0|0|0|0|0|0|0|0|0|0|0|0|0|0|0|0|0|0|0|0|0
DHCST|NY|000|05|0212782|132|132|132|0|0|132|81|30|0|8|0|2|11|132|118|14|132|118|78|30|0|8|0|0|2|14|3|0|0|0|0|2|9|144|91|32|1|8|0|12|144|120|79|31|1|8|0|1|24|12|1|0|0|0|11|132|121|81|30|0|8|0|2|11|10|1|0|0|0|8|0|0|0|0|0|0|1|0|0|0|1|0|0|0|1|0|0|0|0|0|0|0|0|0|0|0|0|0|0|0|0|0|0|0|0|0|0|0|0|0|0|0|0|0|0|0|0|0|0|0|0|0|0|0|0|0|132|14|118|116|78|30|0|8|0|0|2|2|1|0|0|0|0|0|0|0|0|0|0|1|0|0|0|0|0|0|0|0|0|0|0|0|0|0|0|0|0|0|0|0|0|0|0|0|0|0|0|0|0|0|0|0|0|0|0|0|0|0|0|0|0|0|0|0|0|0|0|0|0
DHCST|NY|000|05|0212783|105|105|105|0|0|105|80|10|1|2|1|5|6|105|93|12|105|93|80|8|0|2|1|0|2|12|0|2|1|0|0|5|4|111|85|11|3|2|1|9|111|95|82|9|1|2|1|0|16|3|2|2|0|0|9|105|99|80|10|1|2|1|5|6|6|1|1|0|0|3|0|0|0|0|0|0|1|0|0|0|0|0|0|0|0|0|0|0|0|0|0|0|0|0|0|0|0|0|0|0|0|0|0|0|0|0|0|0|0|0|0|0|0|0|0|0|0|0|0|0|0|0|0|0|0|0|105|12|93|91|80|8|0|2|1|0|2|2|1|1|0|0|0|0|0|0|0|0|0|0|0|0|0|0|0|0|0|0|0|0|0|0|0|0|0|0|0|0|0|0|0|0|0|0|0|0|0|0|0|0|0|0|0|0|0|0|0|0|0|0|0|0|0|0|0|0|0|0|0
DHCST|NY|000|05|0212784|62|62|62|0|0|62|25|23|0|0|0|0|14|62|58|4|62|58|22|23|0|0|0|0|13|4|3|0|0|0|0|0|1|79|34|33|6|0|0|6|79|74|31|33|5|0|0|5|5|3|0|1|0|0|1|62|48|25|23|0|0|0|0|14|11|3|2|0|0|1|0|0|0|4|0|0|1|0|0|0|3|3|0|0|0|0|0|0|0|0|0|0|0|0|0|0|0|0|0|0|0|0|0|0|0|0|0|0|0|0|0|0|0|0|0|0|0|0|0|0|0|0|0|0|0|0|62|4|58|45|22|23|0|0|0|0|13|10|3|2|0|0|1|0|0|0|4|0|0|0|0|0|0|3|3|0|0|0|0|0|0|0|0|0|0|0|0|0|0|0|0|0|0|0|0|0|0|0|0|0|0|0|0|0|0|0|0|0|0|0|0|0|0|0|0|0|0|0|0
DHCST|NY|000|05|0212785|62|62|62|0|0|62|21|22|0|0|0|2|17|62|53|9|62|53|21|22|0|0|0|0|10|9|0|0|0|0|0|2|7|79|36|27|3|4|0|9|79|63|29|27|3|4|0|0|16|7|0|0|0|0|9|62|45|21|22|0|0|0|2|17|17|3|1|4|0|7|2|0|0|0|0|0|0|0|0|0|0|0|0|0|0|0|0|0|0|0|0|0|0|0|0|0|0|0|0|0|0|0|0|0|0|0|0|0|0|0|0|0|0|0|0|0|0|0|0|0|0|0|0|0|0|0|62|9|53|43|21|22|0|0|0|0|10|10|3|1|4|0|0|2|0|0|0|0|0|0|0|0|0|0|0|0|0|0|0|0|0|0|0|0|0|0|0|0|0|0|0|0|0|0|0|0|0|0|0|0|0|0|0|0|0|0|0|0|0|0|0|0|0|0|0|0|0|0|0
DHCST|NY|000|05|0212786|0|0|0|0|0|0|0|0|0|0|0|0|0|0|0|0|0|0|0|0|0|0|0|0|0|0|0|0|0|0|0|0|0|0|0|0|0|0|0|0|0|0|0|0|0|0|0|0|0|0|0|0|0|0|0|0|0|0|0|0|0|0|0|0|0|0|0|0|0|0|0|0|0|0|0|0|0|0|0|0|0|0|0|0|0|0|0|0|0|0|0|0|0|0|0|0|0|0|0|0|0|0|0|0|0|0|0|0|0|0|0|0|0|0|0|0|0|0|0|0|0|0|0|0|0|0|0|0|0|0|0|0|0|0|0|0|0|0|0|0|0|0|0|0|0|0|0|0|0|0|0|0|0|0|0|0|0|0|0|0|0|0|0|0|0|0|0|0|0|0|0|0|0|0|0|0|0|0|0|0|0|0|0|0|0|0|0|0|0|0|0|0|0|0|0|0|0|0|0
DHCST|NY|000|05|0212787|9|9|9|0|0|9|3|3|0|1|0|2|0|9|7|2|9|7|3|3|0|1|0|0|0|2|0|0|0|0|0|2|0|9|3|3|0|1|0|2|9|7|3|3|0|1|0|0|2|0|0|0|0|0|2|9|9|3|3|0|1|0|2|0|0|0|0|0|0|0|0|0|0|0|0|0|0|0|0|0|0|0|0|0|0|0|0|0|0|0|0|0|0|0|0|0|0|0|0|0|0|0|0|0|0|0|0|0|0|0|0|0|0|0|0|0|0|0|0|0|0|0|0|0|0|0|9|2|7|7|3|3|0|1|0|0|0|0|0|0|0|0|0|0|0|0|0|0|0|0|0|0|0|0|0|0|0|0|0|0|0|0|0|0|0|0|0|0|0|0|0|0|0|0|0|0|0|0|0|0|0|0|0|0|0|0|0|0|0|0|0|0|0|0|0|0|0|0|0
DHCST|NY|000|05|0212788|26|26|26|0|0|26|6|3|1|0|0|1|15|26|14|12|26|14|6|2|0|0|0|1|5|12|0|1|1|0|0|0|10|41|18|6|4|3|1|9|41|19|11|3|1|3|0|1|22|7|3|3|0|1|8|26|11|6|3|1|0|0|1|15|15|1|3|3|0|5|0|0|0|2|0|0|0|0|0|1|0|0|0|0|0|0|0|0|0|0|0|0|0|0|0|0|0|0|0|0|0|0|0|0|0|0|0|0|0|0|0|0|0|0|0|0|0|0|0|0|0|0|0|0|0|0|26|12|14|9|6|2|0|0|0|1|5|5|1|1|3|0|0|0|0|0|0|0|0|0|0|0|0|0|0|0|0|0|0|0|0|0|0|0|0|0|0|0|0|0|0|0|0|0|0|0|0|0|0|0|0|0|0|0|0|0|0|0|0|0|0|0|0|0|0|0|0|0|0
DHCST|NY|000|05|0212789|24|24|24|0|0|24|14|4|0|0|0|3|3|24|21|3|24|21|14|4|0|0|0|0|3|3|0|0|0|0|0|3|0|27|16|7|0|0|0|4|27|24|16|7|0|0|0|1|3|0|0|0|0|0|3|24|21|14|4|0|0|0|3|3|3|2|0|0|0|0|0|0|0|1|0|0|0|0|0|0|0|0|0|0|0|0|0|0|0|0|0|0|0|0|0|0|0|0|0|0|0|0|0|0|0|0|0|0|0|0|0|0|0|0|0|0|0|0|0|0|0|0|0|0|0|0|24|3|21|18|14|4|0|0|0|0|3|3|2|0|0|0|0|0|0|0|1|0|0|0|0|0|0|0|0|0|0|0|0|0|0|0|0|0|0|0|0|0|0|0|0|0|0|0|0|0|0|0|0|0|0|0|0|0|0|0|0|0|0|0|0|0|0|0|0|0|0|0|0
DHCST|NY|000|05|0212790|0|0|0|0|0|0|0|0|0|0|0|0|0|0|0|0|0|0|0|0|0|0|0|0|0|0|0|0|0|0|0|0|0|0|0|0|0|0|0|0|0|0|0|0|0|0|0|0|0|0|0|0|0|0|0|0|0|0|0|0|0|0|0|0|0|0|0|0|0|0|0|0|0|0|0|0|0|0|0|0|0|0|0|0|0|0|0|0|0|0|0|0|0|0|0|0|0|0|0|0|0|0|0|0|0|0|0|0|0|0|0|0|0|0|0|0|0|0|0|0|0|0|0|0|0|0|0|0|0|0|0|0|0|0|0|0|0|0|0|0|0|0|0|0|0|0|0|0|0|0|0|0|0|0|0|0|0|0|0|0|0|0|0|0|0|0|0|0|0|0|0|0|0|0|0|0|0|0|0|0|0|0|0|0|0|0|0|0|0|0|0|0|0|0|0|0|0|0|0
DHCST|NY|000|05|0212791|0|0|0|0|0|0|0|0|0|0|0|0|0|0|0|0|0|0|0|0|0|0|0|0|0|0|0|0|0|0|0|0|0|0|0|0|0|0|0|0|0|0|0|0|0|0|0|0|0|0|0|0|0|0|0|0|0|0|0|0|0|0|0|0|0|0|0|0|0|0|0|0|0|0|0|0|0|0|0|0|0|0|0|0|0|0|0|0|0|0|0|0|0|0|0|0|0|0|0|0|0|0|0|0|0|0|0|0|0|0|0|0|0|0|0|0|0|0|0|0|0|0|0|0|0|0|0|0|0|0|0|0|0|0|0|0|0|0|0|0|0|0|0|0|0|0|0|0|0|0|0|0|0|0|0|0|0|0|0|0|0|0|0|0|0|0|0|0|0|0|0|0|0|0|0|0|0|0|0|0|0|0|0|0|0|0|0|0|0|0|0|0|0|0|0|0|0|0|0
DHCST|NY|000|05|0212792|89|89|89|0|0|89|55|19|6|1|0|0|8|89|78|11|89|78|49|18|6|0|0|0|5|11|6|1|0|1|0|0|3|98|61|25|6|1|0|5|98|83|54|21|6|0|0|2|15|7|4|0|1|0|3|89|81|55|19|6|1|0|0|8|7|3|0|0|0|2|0|0|0|2|0|0|0|0|0|0|1|0|0|0|1|0|0|0|0|0|0|0|0|0|0|0|0|0|0|0|0|0|0|0|0|0|0|0|0|0|0|0|0|0|0|0|0|0|0|0|0|0|0|0|0|0|89|11|78|73|49|18|6|0|0|0|5|5|3|0|0|0|2|0|0|0|0|0|0|0|0|0|0|0|0|0|0|0|0|0|0|0|0|0|0|0|0|0|0|0|0|0|0|0|0|0|0|0|0|0|0|0|0|0|0|0|0|0|0|0|0|0|0|0|0|0|0|0|0
DHCST|NY|000|05|0212793|51|51|51|0|0|51|22|8|2|1|0|7|11|51|34|17|51|34|21|7|0|1|0|0|5|17|1|1|2|0|0|7|6|63|32|11|3|5|0|12|63|39|25|9|0|5|0|0|24|7|2|3|0|0|12|51|40|22|8|2|1|0|7|11|10|1|0|3|0|5|0|1|0|0|0|0|0|0|0|0|1|1|0|0|0|0|0|0|0|0|0|0|0|0|0|0|0|0|0|0|0|0|0|0|0|0|0|0|0|0|0|0|0|0|0|0|0|0|0|0|0|0|0|0|0|0|51|17|34|29|21|7|0|1|0|0|5|5|1|0|3|0|0|0|1|0|0|0|0|0|0|0|0|0|0|0|0|0|0|0|0|0|0|0|0|0|0|0|0|0|0|0|0|0|0|0|0|0|0|0|0|0|0|0|0|0|0|0|0|0|0|0|0|0|0|0|0|0|0
DHCST|NY|000|05|0212794|33|33|33|0|0|33|22|9|0|1|0|0|1|33|33|0|33|33|22|9|0|1|0|0|1|0|0|0|0|0|0|0|0|34|22|10|0|2|0|0|34|34|22|10|0|2|0|0|0|0|0|0|0|0|0|33|32|22|9|0|1|0|0|1|1|0|0|0|0|0|0|1|0|0|0|0|0|0|0|0|0|0|0|0|0|0|0|0|0|0|0|0|0|0|0|0|0|0|0|0|0|0|0|0|0|0|0|0|0|0|0|0|0|0|0|0|0|0|0|0|0|0|0|0|0|0|33|0|33|32|22|9|0|1|0|0|1|1|0|0|0|0|0|0|1|0|0|0|0|0|0|0|0|0|0|0|0|0|0|0|0|0|0|0|0|0|0|0|0|0|0|0|0|0|0|0|0|0|0|0|0|0|0|0|0|0|0|0|0|0|0|0|0|0|0|0|0|0|0
DHCST|NY|000|05|0212795|42|42|42|0|0|42|30|2|1|0|0|1|8|42|34|8|42|34|30|2|1|0|0|0|1|8|0|0|0|0|0|1|7|51|38|2|1|1|0|9|51|36|31|2|1|1|0|1|15|7|0|0|0|0|8|42|34|30|2|1|0|0|1|8|7|0|0|0|0|7|0|0|0|0|0|0|0|0|0|0|1|0|0|0|0|0|0|0|0|1|0|0|0|0|0|0|0|0|0|0|0|0|0|0|0|0|0|0|0|0|0|0|0|0|0|0|0|0|0|0|0|0|0|0|0|0|42|8|34|33|30|2|1|0|0|0|1|0|0|0|0|0|0|0|0|0|0|0|0|0|0|0|0|1|0|0|0|0|0|0|0|0|1|0|0|0|0|0|0|0|0|0|0|0|0|0|0|0|0|0|0|0|0|0|0|0|0|0|0|0|0|0|0|0|0|0|0|0|0
DHCST|NY|000|05|0212796|73|73|73|0|0|73|43|17|0|5|0|0|8|73|64|9|73|64|42|14|0|5|0|0|3|9|1|3|0|0|0|0|5|81|50|19|0|6|1|5|81|67|45|16|0|5|0|1|14|5|3|0|1|1|4|73|65|43|17|0|5|0|0|8|8|2|0|0|0|5|0|0|0|0|0|0|0|1|0|0|0|0|0|0|0|0|0|0|0|0|0|0|0|0|0|0|0|0|0|0|0|0|0|0|0|0|0|0|0|0|0|0|0|0|0|0|0|0|0|0|0|0|0|0|0|0|73|9|64|61|42|14|0|5|0|0|3|3|2|0|0|0|1|0|0|0|0|0|0|0|0|0|0|0|0|0|0|0|0|0|0|0|0|0|0|0|0|0|0|0|0|0|0|0|0|0|0|0|0|0|0|0|0|0|0|0|0|0|0|0|0|0|0|0|0|0|0|0|0
DHCST|NY|000|05|0212797|64|64|64|0|0|64|43|17|2|1|0|1|0|64|64|0|64|64|43|17|2|1|0|1|0|0|0|0|0|0|0|0|0|64|43|17|2|1|0|1|64|64|43|17|2|1|0|1|0|0|0|0|0|0|0|64|64|43|17|2|1|0|1|0|0|0|0|0|0|0|0|0|0|0|0|0|0|0|0|0|0|0|0|0|0|0|0|0|0|0|0|0|0|0|0|0|0|0|0|0|0|0|0|0|0|0|0|0|0|0|0|0|0|0|0|0|0|0|0|0|0|0|0|0|0|0|64|0|64|64|43|17|2|1|0|1|0|0|0|0|0|0|0|0|0|0|0|0|0|0|0|0|0|0|0|0|0|0|0|0|0|0|0|0|0|0|0|0|0|0|0|0|0|0|0|0|0|0|0|0|0|0|0|0|0|0|0|0|0|0|0|0|0|0|0|0|0|0|0
DHCST|NY|000|05|0212798|51|51|51|0|0|51|38|5|2|0|0|3|3|51|47|4|51|47|38|4|2|0|0|0|3|4|0|1|0|0|0|3|0|56|41|7|4|0|0|4|56|52|41|6|4|0|0|1|4|0|1|0|0|0|3|51|48|38|5|2|0|0|3|3|1|0|0|0|0|1|0|0|0|0|0|0|0|0|0|0|2|2|0|0|0|0|0|0|0|0|0|0|0|0|0|0|0|0|0|0|0|0|0|0|0|0|0|0|0|0|0|0|0|0|0|0|0|0|0|0|0|0|0|0|0|0|51|4|47|44|38|4|2|0|0|0|3|1|0|0|0|0|1|0|0|0|0|0|0|0|0|0|0|2|2|0|0|0|0|0|0|0|0|0|0|0|0|0|0|0|0|0|0|0|0|0|0|0|0|0|0|0|0|0|0|0|0|0|0|0|0|0|0|0|0|0|0|0|0
DHCST|NY|000|05|0212799|74|74|74|0|0|74|52|10|0|5|0|0|7|74|70|4|74|70|50|10|0|5|0|0|5|4|2|0|0|0|0|0|2|81|57|12|1|5|0|6|81|75|55|10|1|5|0|4|6|2|2|0|0|0|2|74|67|52|10|0|5|0|0|7|7|0|1|0|0|4|0|0|0|2|0|0|0|0|0|0|0|0|0|0|0|0|0|0|0|0|0|0|0|0|0|0|0|0|0|0|0|0|0|0|0|0|0|0|0|0|0|0|0|0|0|0|0|0|0|0|0|0|0|0|0|0|74|4|70|65|50|10|0|5|0|0|5|5|0|1|0|0|4|0|0|0|0|0|0|0|0|0|0|0|0|0|0|0|0|0|0|0|0|0|0|0|0|0|0|0|0|0|0|0|0|0|0|0|0|0|0|0|0|0|0|0|0|0|0|0|0|0|0|0|0|0|0|0|0
DHCST|NY|000|05|0212800|81|81|81|0|0|81|48|21|1|0|0|1|10|81|78|3|81|78|47|21|1|0|0|0|9|3|1|0|0|0|0|1|1|91|58|26|5|0|0|2|91|87|56|26|5|0|0|0|4|2|0|0|0|0|2|81|71|48|21|1|0|0|1|10|10|5|4|0|0|1|0|0|0|0|0|0|0|0|0|0|0|0|0|0|0|0|0|0|0|0|0|0|0|0|0|0|0|0|0|0|0|0|0|0|0|0|0|0|0|0|0|0|0|0|0|0|0|0|0|0|0|0|0|0|0|0|81|3|78|69|47|21|1|0|0|0|9|9|5|4|0|0|0|0|0|0|0|0|0|0|0|0|0|0|0|0|0|0|0|0|0|0|0|0|0|0|0|0|0|0|0|0|0|0|0|0|0|0|0|0|0|0|0|0|0|0|0|0|0|0|0|0|0|0|0|0|0|0|0
DHCST|NY|000|05|0212801|63|63|63|0|0|63|34|15|0|0|0|2|12|63|53|10|63|53|33|8|0|0|0|0|12|10|1|7|0|0|0|2|0|77|46|26|2|1|0|2|77|67|45|19|2|1|0|0|10|1|7|0|0|0|2|63|51|34|15|0|0|0|2|12|10|9|0|1|0|0|0|0|0|0|0|0|0|0|0|0|2|2|0|0|0|0|0|0|0|0|0|0|0|0|0|0|0|0|0|0|0|0|0|0|0|0|0|0|0|0|0|0|0|0|0|0|0|0|0|0|0|0|0|0|0|0|63|10|53|41|33|8|0|0|0|0|12|10|9|0|1|0|0|0|0|0|0|0|0|0|0|0|0|2|2|0|0|0|0|0|0|0|0|0|0|0|0|0|0|0|0|0|0|0|0|0|0|0|0|0|0|0|0|0|0|0|0|0|0|0|0|0|0|0|0|0|0|0|0
DHCST|NY|000|05|0212802|68|68|68|0|0|68|32|10|1|17|0|1|7|68|61|7|68|61|30|10|1|17|0|0|3|7|2|0|0|0|0|1|4|75|35|15|3|17|0|5|75|64|33|11|3|17|0|0|11|2|4|0|0|0|5|68|61|32|10|1|17|0|1|7|7|1|2|0|0|0|0|0|0|4|0|0|0|0|0|0|0|0|0|0|0|0|0|0|0|0|0|0|0|0|0|0|0|0|0|0|0|0|0|0|0|0|0|0|0|0|0|0|0|0|0|0|0|0|0|0|0|0|0|0|0|0|68|7|61|58|30|10|1|17|0|0|3|3|1|2|0|0|0|0|0|0|0|0|0|0|0|0|0|0|0|0|0|0|0|0|0|0|0|0|0|0|0|0|0|0|0|0|0|0|0|0|0|0|0|0|0|0|0|0|0|0|0|0|0|0|0|0|0|0|0|0|0|0|0
DHCST|NY|000|05|0212803|52|52|52|0|0|52|31|14|0|0|0|2|5|52|46|6|52|46|27|14|0|0|0|0|5|6|4|0|0|0|0|2|0|58|36|19|0|0|0|3|58|52|32|19|0|0|0|1|6|4|0|0|0|0|2|52|47|31|14|0|0|0|2|5|4|4|0|0|0|0|0|0|0|0|0|0|0|0|0|0|1|0|0|0|1|0|0|0|0|0|0|0|0|0|0|0|0|0|0|0|0|0|0|0|0|0|0|0|0|0|0|0|0|0|0|0|0|0|0|0|0|0|0|0|0|0|52|6|46|41|27|14|0|0|0|0|5|4|4|0|0|0|0|0|0|0|0|0|0|0|0|0|0|1|0|0|0|1|0|0|0|0|0|0|0|0|0|0|0|0|0|0|0|0|0|0|0|0|0|0|0|0|0|0|0|0|0|0|0|0|0|0|0|0|0|0|0|0|0
DHCST|NY|000|05|0212804|60|60|60|0|0|60|46|4|0|5|1|0|4|60|59|1|60|59|46|4|0|5|0|0|4|1|0|0|0|0|1|0|0|64|50|7|1|5|1|0|64|63|50|7|1|5|0|0|1|0|0|0|0|1|0|60|56|46|4|0|5|1|0|4|4|3|1|0|0|0|0|0|0|0|0|0|0|0|0|0|0|0|0|0|0|0|0|0|0|0|0|0|0|0|0|0|0|0|0|0|0|0|0|0|0|0|0|0|0|0|0|0|0|0|0|0|0|0|0|0|0|0|0|0|0|0|60|1|59|55|46|4|0|5|0|0|4|4|3|1|0|0|0|0|0|0|0|0|0|0|0|0|0|0|0|0|0|0|0|0|0|0|0|0|0|0|0|0|0|0|0|0|0|0|0|0|0|0|0|0|0|0|0|0|0|0|0|0|0|0|0|0|0|0|0|0|0|0|0
DHCST|NY|000|05|0212805|28|28|28|0|0|28|7|4|2|0|1|0|14|28|26|2|28|26|6|3|2|0|1|0|14|2|1|1|0|0|0|0|0|43|20|15|5|1|1|1|43|41|19|14|5|1|1|1|2|1|1|0|0|0|0|28|14|7|4|2|0|1|0|14|13|10|2|0|0|0|1|0|0|0|0|0|0|0|0|0|1|0|0|0|0|0|0|0|0|1|0|0|0|0|0|0|0|0|0|0|0|0|0|0|0|0|0|0|0|0|0|0|0|0|0|0|0|0|0|0|0|0|0|0|0|0|28|2|26|12|6|3|2|0|1|0|14|13|10|2|0|0|0|1|0|0|0|0|0|0|0|0|0|1|0|0|0|0|0|0|0|0|1|0|0|0|0|0|0|0|0|0|0|0|0|0|0|0|0|0|0|0|0|0|0|0|0|0|0|0|0|0|0|0|0|0|0|0|0
DHCST|NY|000|05|0212806|80|80|80|0|0|80|38|27|0|4|0|4|7|80|65|15|80|65|35|24|0|4|0|0|2|15|3|3|0|0|0|4|5|88|45|28|1|6|0|8|88|67|37|24|0|6|0|0|21|8|4|1|0|0|8|80|73|38|27|0|4|0|4|7|6|0|0|2|0|4|0|0|0|0|0|0|0|0|0|0|1|1|0|0|0|0|0|0|0|0|0|0|0|0|0|0|0|0|0|0|0|0|0|0|0|0|0|0|0|0|0|0|0|0|0|0|0|0|0|0|0|0|0|0|0|0|80|15|65|63|35|24|0|4|0|0|2|2|0|0|2|0|0|0|0|0|0|0|0|0|0|0|0|0|0|0|0|0|0|0|0|0|0|0|0|0|0|0|0|0|0|0|0|0|0|0|0|0|0|0|0|0|0|0|0|0|0|0|0|0|0|0|0|0|0|0|0|0|0
DHCST|NY|000|05|0212807|74|74|74|0|0|74|44|18|0|2|0|0|10|74|69|5|74|69|40|18|0|2|0|0|9|5|4|0|0|0|0|0|1|86|54|28|1|2|0|1|86|78|49|27|0|2|0|0|8|5|1|1|0|0|1|74|64|44|18|0|2|0|0|10|9|9|0|0|0|0|0|0|0|0|0|0|0|0|0|0|0|0|0|0|0|0|0|0|0|0|0|0|0|0|0|0|0|0|0|0|0|1|0|0|1|0|0|0|0|0|0|0|0|0|0|0|0|0|0|0|0|0|0|0|0|0|74|5|69|60|40|18|0|2|0|0|9|9|9|0|0|0|0|0|0|0|0|0|0|0|0|0|0|0|0|0|0|0|0|0|0|0|0|0|0|0|0|0|0|0|0|0|0|0|0|0|0|0|0|0|0|0|0|0|0|0|0|0|0|0|0|0|0|0|0|0|0|0|0
DHCST|NY|000|05|0212808|51|51|51|0|0|51|29|2|0|8|0|0|12|51|44|7|51|44|26|2|0|8|0|0|8|7|3|0|0|0|0|0|4|64|41|8|2|9|0|4|64|53|34|8|2|9|0|0|11|7|0|0|0|0|4|51|39|29|2|0|8|0|0|12|11|5|2|0|0|4|0|0|0|0|0|0|0|0|0|0|1|0|1|0|0|0|0|0|0|0|0|0|0|0|0|0|0|0|0|0|0|0|0|0|0|0|0|0|0|0|0|0|0|0|0|0|0|0|0|0|0|0|0|0|0|0|51|7|44|36|26|2|0|8|0|0|8|7|5|2|0|0|0|0|0|0|0|0|0|0|0|0|0|1|0|1|0|0|0|0|0|0|0|0|0|0|0|0|0|0|0|0|0|0|0|0|0|0|0|0|0|0|0|0|0|0|0|0|0|0|0|0|0|0|0|0|0|0|0
DHCST|NY|000|05|0212809|175|175|175|0|0|175|86|54|0|9|0|2|24|175|164|11|175|164|81|54|0|9|0|1|19|11|5|0|0|0|0|1|5|199|110|73|0|9|0|7|199|183|100|73|0|9|0|1|16|10|0|0|0|0|6|175|151|86|54|0|9|0|2|24|24|19|0|0|0|5|0|0|0|0|0|0|0|0|0|0|0|0|0|0|0|0|0|0|0|0|0|0|0|0|0|0|0|0|0|0|0|0|0|0|0|0|0|0|0|0|0|0|0|0|0|0|0|0|0|0|0|0|0|0|0|0|175|11|164|145|81|54|0|9|0|1|19|19|19|0|0|0|0|0|0|0|0|0|0|0|0|0|0|0|0|0|0|0|0|0|0|0|0|0|0|0|0|0|0|0|0|0|0|0|0|0|0|0|0|0|0|0|0|0|0|0|0|0|0|0|0|0|0|0|0|0|0|0|0
DHCST|NY|000|05|0212810|35|35|35|0|0|35|18|6|0|0|0|2|9|35|27|8|35|27|16|6|0|0|0|2|3|8|2|0|0|0|0|0|6|44|25|14|1|0|0|4|44|30|19|8|1|0|0|2|14|6|6|0|0|0|2|35|26|18|6|0|0|0|2|9|9|6|1|0|0|0|0|0|0|2|0|0|0|0|0|0|0|0|0|0|0|0|0|0|0|0|0|0|0|0|0|0|0|0|0|0|0|0|0|0|0|0|0|0|0|0|0|0|0|0|0|0|0|0|0|0|0|0|0|0|0|0|35|8|27|24|16|6|0|0|0|2|3|3|2|1|0|0|0|0|0|0|0|0|0|0|0|0|0|0|0|0|0|0|0|0|0|0|0|0|0|0|0|0|0|0|0|0|0|0|0|0|0|0|0|0|0|0|0|0|0|0|0|0|0|0|0|0|0|0|0|0|0|0|0
DHCST|NY|000|05|0212811|53|53|53|0|0|53|35|10|2|0|0|0|6|53|50|3|53|50|35|9|2|0|0|0|4|3|0|1|0|0|0|0|2|59|38|15|2|2|0|2|59|54|37|13|2|2|0|0|5|1|2|0|0|0|2|53|47|35|10|2|0|0|0|6|6|2|0|0|0|1|0|2|0|1|0|0|0|0|0|0|0|0|0|0|0|0|0|0|0|0|0|0|0|0|0|0|0|0|0|0|0|0|0|0|0|0|0|0|0|0|0|0|0|0|0|0|0|0|0|0|0|0|0|0|0|0|53|3|50|46|35|9|2|0|0|0|4|4|2|0|0|0|0|0|2|0|0|0|0|0|0|0|0|0|0|0|0|0|0|0|0|0|0|0|0|0|0|0|0|0|0|0|0|0|0|0|0|0|0|0|0|0|0|0|0|0|0|0|0|0|0|0|0|0|0|0|0|0|0
DHCST|NY|000|05|0212812|123|123|123|0|0|123|56|55|0|0|0|1|11|123|118|5|123|118|56|55|0|0|0|0|7|5|0|0|0|0|0|1|4|137|67|62|2|1|0|5|137|128|63|62|2|1|0|0|9|4|0|0|0|0|5|123|112|56|55|0|0|0|1|11|8|4|0|0|0|4|0|0|0|0|0|0|0|0|0|0|3|2|1|0|0|0|0|0|0|0|0|0|0|0|0|0|0|0|0|0|0|0|0|0|0|0|0|0|0|0|0|0|0|0|0|0|0|0|0|0|0|0|0|0|0|0|123|5|118|111|56|55|0|0|0|0|7|4|4|0|0|0|0|0|0|0|0|0|0|0|0|0|0|3|2|1|0|0|0|0|0|0|0|0|0|0|0|0|0|0|0|0|0|0|0|0|0|0|0|0|0|0|0|0|0|0|0|0|0|0|0|0|0|0|0|0|0|0|0
DHCST|NY|000|05|0212813|0|0|0|0|0|0|0|0|0|0|0|0|0|0|0|0|0|0|0|0|0|0|0|0|0|0|0|0|0|0|0|0|0|0|0|0|0|0|0|0|0|0|0|0|0|0|0|0|0|0|0|0|0|0|0|0|0|0|0|0|0|0|0|0|0|0|0|0|0|0|0|0|0|0|0|0|0|0|0|0|0|0|0|0|0|0|0|0|0|0|0|0|0|0|0|0|0|0|0|0|0|0|0|0|0|0|0|0|0|0|0|0|0|0|0|0|0|0|0|0|0|0|0|0|0|0|0|0|0|0|0|0|0|0|0|0|0|0|0|0|0|0|0|0|0|0|0|0|0|0|0|0|0|0|0|0|0|0|0|0|0|0|0|0|0|0|0|0|0|0|0|0|0|0|0|0|0|0|0|0|0|0|0|0|0|0|0|0|0|0|0|0|0|0|0|0|0|0|0
DHCST|NY|000|05|0212814|88|88|88|0|0|88|60|2|2|5|0|3|16|88|77|11|88|77|58|2|0|5|0|0|12|11|2|0|2|0|0|3|4|106|75|16|3|5|0|7|106|89|70|13|1|5|0|0|17|5|3|2|0|0|7|88|72|60|2|2|5|0|3|16|14|11|1|0|0|1|0|0|0|1|0|0|0|0|0|0|2|0|0|0|2|0|0|0|0|0|0|0|0|0|0|0|0|0|0|0|0|0|0|0|0|0|0|0|0|0|0|0|0|0|0|0|0|0|0|0|0|0|0|0|0|0|88|11|77|65|58|2|0|5|0|0|12|12|11|1|0|0|0|0|0|0|0|0|0|0|0|0|0|0|0|0|0|0|0|0|0|0|0|0|0|0|0|0|0|0|0|0|0|0|0|0|0|0|0|0|0|0|0|0|0|0|0|0|0|0|0|0|0|0|0|0|0|0|0
DHCST|NY|000|05|0212815|172|172|172|0|0|172|64|49|2|22|0|8|27|172|150|22|172|150|64|48|0|22|0|0|16|22|0|1|2|0|0|8|11|200|88|63|8|22|0|19|200|167|80|59|6|22|0|0|33|8|4|2|0|0|19|172|145|64|49|2|22|0|8|27|26|10|5|0|0|8|0|0|0|3|0|0|0|0|0|0|1|1|0|0|0|0|0|0|0|0|0|0|0|0|0|0|0|0|0|0|0|0|0|0|0|0|0|0|0|0|0|0|0|0|0|0|0|0|0|0|0|0|0|0|0|0|172|22|150|134|64|48|0|22|0|0|16|15|10|5|0|0|0|0|0|0|0|0|0|0|0|0|0|1|1|0|0|0|0|0|0|0|0|0|0|0|0|0|0|0|0|0|0|0|0|0|0|0|0|0|0|0|0|0|0|0|0|0|0|0|0|0|0|0|0|0|0|0|0
DHCST|NY|000|05|0212816|233|233|233|0|0|233|74|50|9|9|0|29|62|233|153|80|233|153|71|49|9|9|0|0|15|80|3|1|0|0|0|29|47|295|132|60|11|16|0|76|295|168|86|55|11|16|0|0|127|46|5|0|0|0|76|233|171|74|50|9|9|0|29|62|62|6|2|7|0|43|0|0|0|4|0|0|0|0|0|0|0|0|0|0|0|0|0|0|0|0|0|0|0|0|0|0|0|0|0|0|0|0|0|0|0|0|0|0|0|0|0|0|0|0|0|0|0|0|0|0|0|0|0|0|0|0|233|80|153|138|71|49|9|9|0|0|15|15|6|2|7|0|0|0|0|0|0|0|0|0|0|0|0|0|0|0|0|0|0|0|0|0|0|0|0|0|0|0|0|0|0|0|0|0|0|0|0|0|0|0|0|0|0|0|0|0|0|0|0|0|0|0|0|0|0|0|0|0|0
DHCST|NY|000|05|0212817|173|173|173|0|0|173|69|64|4|0|0|24|12|173|138|35|173|138|67|62|3|0|0|0|6|35|2|2|1|0|0|24|6|187|81|70|5|1|0|30|187|145|73|67|4|1|0|0|42|8|3|1|0|0|30|173|161|69|64|4|0|0|24|12|10|4|1|0|0|5|0|0|0|0|0|0|0|0|0|0|2|0|1|0|1|0|0|0|0|0|0|0|0|0|0|0|0|0|0|0|0|0|0|0|0|0|0|0|0|0|0|0|0|0|0|0|0|0|0|0|0|0|0|0|0|0|173|35|138|132|67|62|3|0|0|0|6|5|4|1|0|0|0|0|0|0|0|0|0|0|0|0|0|1|0|1|0|0|0|0|0|0|0|0|0|0|0|0|0|0|0|0|0|0|0|0|0|0|0|0|0|0|0|0|0|0|0|0|0|0|0|0|0|0|0|0|0|0|0
DHCST|NY|000|05|0212818|37|37|37|0|0|37|11|12|1|5|0|0|8|37|37|0|37|37|11|12|1|5|0|0|8|0|0|0|0|0|0|0|0|45|19|16|2|6|0|2|45|45|19|16|2|6|0|2|0|0|0|0|0|0|0|37|29|11|12|1|5|0|0|8|8|4|1|1|0|2|0|0|0|0|0|0|0|0|0|0|0|0|0|0|0|0|0|0|0|0|0|0|0|0|0|0|0|0|0|0|0|0|0|0|0|0|0|0|0|0|0|0|0|0|0|0|0|0|0|0|0|0|0|0|0|0|37|0|37|29|11|12|1|5|0|0|8|8|4|1|1|0|2|0|0|0|0|0|0|0|0|0|0|0|0|0|0|0|0|0|0|0|0|0|0|0|0|0|0|0|0|0|0|0|0|0|0|0|0|0|0|0|0|0|0|0|0|0|0|0|0|0|0|0|0|0|0|0|0
DHCST|NY|000|05|0212819|48|48|48|0|0|48|26|17|0|0|0|0|5|48|36|12|48|36|21|11|0|0|0|0|4|12|5|6|0|0|0|0|1|53|30|18|1|3|0|1|53|40|25|11|1|3|0|0|13|5|7|0|0|0|1|48|43|26|17|0|0|0|0|5|5|0|1|3|0|0|0|0|0|1|0|0|0|0|0|0|0|0|0|0|0|0|0|0|0|0|0|0|0|0|0|0|0|0|0|0|0|0|0|0|0|0|0|0|0|0|0|0|0|0|0|0|0|0|0|0|0|0|0|0|0|0|48|12|36|32|21|11|0|0|0|0|4|4|0|1|3|0|0|0|0|0|0|0|0|0|0|0|0|0|0|0|0|0|0|0|0|0|0|0|0|0|0|0|0|0|0|0|0|0|0|0|0|0|0|0|0|0|0|0|0|0|0|0|0|0|0|0|0|0|0|0|0|0|0
DHCST|NY|000|05|0212820|29|29|29|0|0|29|16|6|2|0|2|1|2|29|25|4|29|25|15|6|0|0|2|1|1|4|1|0|2|0|0|0|1|34|18|8|4|0|2|2|34|27|16|7|1|0|2|1|7|2|1|3|0|0|1|29|27|16|6|2|0|2|1|2|0|0|0|0|0|0|0|0|0|0|0|0|0|0|0|0|1|1|0|0|0|0|0|0|0|0|0|0|0|0|0|0|0|0|0|0|0|1|0|0|1|0|0|0|0|0|0|0|0|0|0|0|0|0|0|0|0|0|0|0|0|0|29|4|25|24|15|6|0|0|2|1|1|0|0|0|0|0|0|0|0|0|0|0|0|0|0|0|0|1|1|0|0|0|0|0|0|0|0|0|0|0|0|0|0|0|0|0|0|0|0|0|0|0|0|0|0|0|0|0|0|0|0|0|0|0|0|0|0|0|0|0|0|0|0
DHCST|NY|000|05|0212821|51|51|51|0|0|51|26|6|6|2|0|1|10|51|43|8|51|43|24|6|6|2|0|0|5|8|2|0|0|0|0|1|5|63|32|13|10|2|0|6|63|48|29|9|8|2|0|0|15|3|4|2|0|0|6|51|41|26|6|6|2|0|1|10|9|3|2|0|0|0|0|0|0|3|0|0|1|0|0|0|0|0|0|0|0|0|0|0|0|0|0|0|0|0|0|0|0|0|0|0|0|1|0|0|1|0|0|0|0|0|0|0|0|0|0|0|0|0|0|0|0|0|0|0|0|0|51|8|43|38|24|6|6|2|0|0|5|5|3|2|0|0|0|0|0|0|0|0|0|0|0|0|0|0|0|0|0|0|0|0|0|0|0|0|0|0|0|0|0|0|0|0|0|0|0|0|0|0|0|0|0|0|0|0|0|0|0|0|0|0|0|0|0|0|0|0|0|0|0
DHCST|NY|000|05|0212822|53|53|53|0|0|53|23|17|3|2|0|0|8|53|48|5|53|48|23|17|1|2|0|0|5|5|0|0|2|0|0|0|3|62|29|24|3|2|0|4|62|54|28|22|1|2|0|1|8|1|2|2|0|0|3|53|45|23|17|3|2|0|0|8|7|4|0|0|0|1|0|0|0|2|0|0|0|0|0|0|1|0|0|0|1|0|0|0|0|0|0|0|0|0|0|0|0|0|0|0|0|0|0|0|0|0|0|0|0|0|0|0|0|0|0|0|0|0|0|0|0|0|0|0|0|0|53|5|48|43|23|17|1|2|0|0|5|4|4|0|0|0|0|0|0|0|0|0|0|0|0|0|0|1|0|0|0|1|0|0|0|0|0|0|0|0|0|0|0|0|0|0|0|0|0|0|0|0|0|0|0|0|0|0|0|0|0|0|0|0|0|0|0|0|0|0|0|0|0
DHCST|NY|000|05|0212823|37|37|37|0|0|37|14|6|1|8|0|0|8|37|29|8|37|29|14|3|0|8|0|0|4|8|0|3|1|0|0|0|4|48|20|11|2|10|0|5|48|33|18|5|0|9|0|1|15|2|6|2|1|0|4|37|29|14|6|1|8|0|0|8|6|2|0|1|0|1|0|0|0|2|0|0|0|0|0|0|1|0|0|0|0|0|0|0|0|1|0|0|0|0|0|0|0|0|0|0|0|1|0|0|1|0|0|0|0|0|0|0|0|0|0|0|0|0|0|0|0|0|0|0|0|0|37|8|29|25|14|3|0|8|0|0|4|4|2|0|1|0|1|0|0|0|0|0|0|0|0|0|0|0|0|0|0|0|0|0|0|0|0|0|0|0|0|0|0|0|0|0|0|0|0|0|0|0|0|0|0|0|0|0|0|0|0|0|0|0|0|0|0|0|0|0|0|0|0
DHCST|NY|000|05|0212824|20|20|20|0|0|20|5|2|1|2|0|4|6|20|18|2|20|18|5|2|0|2|0|4|5|2|0|0|1|0|0|0|1|28|11|5|2|2|0|8|28|24|10|4|1|2|0|7|4|1|1|1|0|0|1|20|14|5|2|1|2|0|4|6|4|1|1|0|0|2|0|0|0|0|0|0|0|0|0|0|2|0|0|0|2|0|0|0|0|0|0|0|0|0|0|0|0|0|0|0|0|0|0|0|0|0|0|0|0|0|0|0|0|0|0|0|0|0|0|0|0|0|0|0|0|0|20|2|18|13|5|2|0|2|0|4|5|4|1|1|0|0|2|0|0|0|0|0|0|0|0|0|0|1|0|0|0|1|0|0|0|0|0|0|0|0|0|0|0|0|0|0|0|0|0|0|0|0|0|0|0|0|0|0|0|0|0|0|0|0|0|0|0|0|0|0|0|0|0
DHCST|NY|000|05|0212825|47|47|47|0|0|47|22|14|2|0|0|0|9|47|44|3|47|44|19|14|2|0|0|0|9|3|3|0|0|0|0|0|0|56|31|16|3|6|0|0|56|53|28|16|3|6|0|0|3|3|0|0|0|0|0|47|38|22|14|2|0|0|0|9|9|2|1|6|0|0|0|0|0|0|0|0|0|0|0|0|0|0|0|0|0|0|0|0|0|0|0|0|0|0|0|0|0|0|0|0|0|0|0|0|0|0|0|0|0|0|0|0|0|0|0|0|0|0|0|0|0|0|0|0|0|0|47|3|44|35|19|14|2|0|0|0|9|9|2|1|6|0|0|0|0|0|0|0|0|0|0|0|0|0|0|0|0|0|0|0|0|0|0|0|0|0|0|0|0|0|0|0|0|0|0|0|0|0|0|0|0|0|0|0|0|0|0|0|0|0|0|0|0|0|0|0|0|0|0
DHCST|NY|000|05|0212826|37|37|37|0|0|37|15|0|5|4|0|4|9|37|29|8|37|29|14|0|4|4|0|0|7|8|1|0|1|0|0|4|2|46|23|3|10|4|0|6|46|36|21|2|9|4|0|0|10|2|1|1|0|0|6|37|28|15|0|5|4|0|4|9|9|2|5|0|0|1|0|0|0|1|0|0|0|0|0|0|0|0|0|0|0|0|0|0|0|0|0|0|0|0|0|0|0|0|0|0|0|0|0|0|0|0|0|0|0|0|0|0|0|0|0|0|0|0|0|0|0|0|0|0|0|0|37|8|29|22|14|0|4|4|0|0|7|7|2|5|0|0|0|0|0|0|0|0|0|0|0|0|0|0|0|0|0|0|0|0|0|0|0|0|0|0|0|0|0|0|0|0|0|0|0|0|0|0|0|0|0|0|0|0|0|0|0|0|0|0|0|0|0|0|0|0|0|0|0
DHCST|NY|000|05|0212827|15|15|15|0|0|15|5|4|0|0|0|0|6|15|13|2|15|13|5|4|0|0|0|0|4|2|0|0|0|0|0|0|2|23|11|6|4|0|0|2|23|17|9|4|4|0|0|0|6|2|2|0|0|0|2|15|9|5|4|0|0|0|0|6|4|0|4|0|0|0|0|0|0|0|0|0|0|0|0|0|2|0|0|0|2|0|0|0|0|0|0|0|0|0|0|0|0|0|0|0|0|0|0|0|0|0|0|0|0|0|0|0|0|0|0|0|0|0|0|0|0|0|0|0|0|0|15|2|13|9|5|4|0|0|0|0|4|4|0|4|0|0|0|0|0|0|0|0|0|0|0|0|0|0|0|0|0|0|0|0|0|0|0|0|0|0|0|0|0|0|0|0|0|0|0|0|0|0|0|0|0|0|0|0|0|0|0|0|0|0|0|0|0|0|0|0|0|0|0
DHCST|NY|000|05|0212828|0|0|0|0|0|0|0|0|0|0|0|0|0|0|0|0|0|0|0|0|0|0|0|0|0|0|0|0|0|0|0|0|0|0|0|0|0|0|0|0|0|0|0|0|0|0|0|0|0|0|0|0|0|0|0|0|0|0|0|0|0|0|0|0|0|0|0|0|0|0|0|0|0|0|0|0|0|0|0|0|0|0|0|0|0|0|0|0|0|0|0|0|0|0|0|0|0|0|0|0|0|0|0|0|0|0|0|0|0|0|0|0|0|0|0|0|0|0|0|0|0|0|0|0|0|0|0|0|0|0|0|0|0|0|0|0|0|0|0|0|0|0|0|0|0|0|0|0|0|0|0|0|0|0|0|0|0|0|0|0|0|0|0|0|0|0|0|0|0|0|0|0|0|0|0|0|0|0|0|0|0|0|0|0|0|0|0|0|0|0|0|0|0|0|0|0|0|0|0
DHCST|NY|000|05|0212829|0|0|0|0|0|0|0|0|0|0|0|0|0|0|0|0|0|0|0|0|0|0|0|0|0|0|0|0|0|0|0|0|0|0|0|0|0|0|0|0|0|0|0|0|0|0|0|0|0|0|0|0|0|0|0|0|0|0|0|0|0|0|0|0|0|0|0|0|0|0|0|0|0|0|0|0|0|0|0|0|0|0|0|0|0|0|0|0|0|0|0|0|0|0|0|0|0|0|0|0|0|0|0|0|0|0|0|0|0|0|0|0|0|0|0|0|0|0|0|0|0|0|0|0|0|0|0|0|0|0|0|0|0|0|0|0|0|0|0|0|0|0|0|0|0|0|0|0|0|0|0|0|0|0|0|0|0|0|0|0|0|0|0|0|0|0|0|0|0|0|0|0|0|0|0|0|0|0|0|0|0|0|0|0|0|0|0|0|0|0|0|0|0|0|0|0|0|0|0
DHCST|NY|000|05|0212830|213|213|213|0|0|213|182|16|0|1|0|1|13|213|204|9|213|204|174|16|0|1|0|1|12|9|8|0|0|0|0|0|1|226|193|20|3|8|0|2|226|216|185|20|2|8|0|1|10|8|0|1|0|0|1|213|200|182|16|0|1|0|1|13|13|3|1|7|0|0|1|0|0|0|0|0|1|0|0|0|0|0|0|0|0|0|0|0|0|0|0|0|0|0|0|0|0|0|0|0|0|0|0|0|0|0|0|0|0|0|0|0|0|0|0|0|0|0|0|0|0|0|0|0|0|0|213|9|204|192|174|16|0|1|0|1|12|12|3|1|7|0|0|1|0|0|0|0|0|0|0|0|0|0|0|0|0|0|0|0|0|0|0|0|0|0|0|0|0|0|0|0|0|0|0|0|0|0|0|0|0|0|0|0|0|0|0|0|0|0|0|0|0|0|0|0|0|0|0
DHCST|NY|000|05|0212831|150|150|150|0|0|150|110|26|0|5|0|2|7|150|143|7|150|143|106|25|0|5|0|2|5|7|4|1|0|0|0|0|2|159|115|28|0|8|2|6|159|150|111|25|0|8|2|4|9|4|3|0|0|0|2|150|143|110|26|0|5|0|2|7|5|0|0|1|0|2|0|0|0|2|0|0|0|0|0|0|2|0|0|0|0|0|0|0|2|0|0|0|0|0|0|0|0|0|0|0|0|0|0|0|0|0|0|0|0|0|0|0|0|0|0|0|0|0|0|0|0|0|0|0|0|0|150|7|143|138|106|25|0|5|0|2|5|3|0|0|1|0|2|0|0|0|0|0|0|0|0|0|0|2|0|0|0|0|0|0|0|2|0|0|0|0|0|0|0|0|0|0|0|0|0|0|0|0|0|0|0|0|0|0|0|0|0|0|0|0|0|0|0|0|0|0|0|0|0
DHCST|NY|000|05|0212832|127|127|127|0|0|127|95|23|1|0|0|0|8|127|125|2|127|125|93|23|1|0|0|0|8|2|2|0|0|0|0|0|0|135|102|24|5|0|0|4|135|133|100|24|5|0|0|4|2|2|0|0|0|0|0|127|119|95|23|1|0|0|0|8|8|0|3|0|0|4|1|0|0|0|0|0|0|0|0|0|0|0|0|0|0|0|0|0|0|0|0|0|0|0|0|0|0|0|0|0|0|0|0|0|0|0|0|0|0|0|0|0|0|0|0|0|0|0|0|0|0|0|0|0|0|0|127|2|125|117|93|23|1|0|0|0|8|8|0|3|0|0|4|1|0|0|0|0|0|0|0|0|0|0|0|0|0|0|0|0|0|0|0|0|0|0|0|0|0|0|0|0|0|0|0|0|0|0|0|0|0|0|0|0|0|0|0|0|0|0|0|0|0|0|0|0|0|0|0
DHCST|NY|000|05|0212833|115|115|115|0|0|115|82|18|2|0|0|0|13|115|103|12|115|103|82|15|0|0|0|0|6|12|0|3|2|0|0|0|7|129|92|24|4|2|0|7|129|110|88|18|2|2|0|0|19|4|6|2|0|0|7|115|102|82|18|2|0|0|0|13|12|2|2|1|0|4|0|0|0|3|0|0|0|0|0|0|1|0|1|0|0|0|0|0|0|0|0|0|0|0|0|0|0|0|0|0|0|0|0|0|0|0|0|0|0|0|0|0|0|0|0|0|0|0|0|0|0|0|0|0|0|0|115|12|103|97|82|15|0|0|0|0|6|5|2|2|1|0|0|0|0|0|0|0|0|0|0|0|0|1|0|1|0|0|0|0|0|0|0|0|0|0|0|0|0|0|0|0|0|0|0|0|0|0|0|0|0|0|0|0|0|0|0|0|0|0|0|0|0|0|0|0|0|0|0
DHCST|NY|000|05|0212834|113|113|113|0|0|113|80|18|0|0|0|5|10|113|102|11|113|102|77|18|0|0|0|0|7|11|3|0|0|0|0|5|3|125|90|23|1|0|0|11|125|109|84|22|0|0|0|3|16|6|1|1|0|0|8|113|103|80|18|0|0|0|5|10|9|4|0|0|0|5|0|0|0|0|0|0|0|0|0|0|0|0|0|0|0|0|0|0|0|0|0|0|0|0|0|0|0|0|0|0|0|1|0|0|1|0|0|0|0|0|0|0|0|0|0|0|0|0|0|0|0|0|0|0|0|0|113|11|102|95|77|18|0|0|0|0|7|7|4|0|0|0|3|0|0|0|0|0|0|0|0|0|0|0|0|0|0|0|0|0|0|0|0|0|0|0|0|0|0|0|0|0|0|0|0|0|0|0|0|0|0|0|0|0|0|0|0|0|0|0|0|0|0|0|0|0|0|0|0
DHCST|NY|000|05|0212835|45|45|45|0|0|45|14|6|5|0|0|3|17|45|33|12|45|33|10|6|5|0|0|0|12|12|4|0|0|0|0|3|5|62|26|20|6|2|0|8|62|45|22|15|6|2|0|0|17|4|5|0|0|0|8|45|28|14|6|5|0|0|3|17|17|9|1|2|0|0|0|0|0|5|0|0|0|0|0|0|0|0|0|0|0|0|0|0|0|0|0|0|0|0|0|0|0|0|0|0|0|0|0|0|0|0|0|0|0|0|0|0|0|0|0|0|0|0|0|0|0|0|0|0|0|0|45|12|33|21|10|6|5|0|0|0|12|12|9|1|2|0|0|0|0|0|0|0|0|0|0|0|0|0|0|0|0|0|0|0|0|0|0|0|0|0|0|0|0|0|0|0|0|0|0|0|0|0|0|0|0|0|0|0|0|0|0|0|0|0|0|0|0|0|0|0|0|0|0
DHCST|NY|000|05|0212836|0|0|0|0|0|0|0|0|0|0|0|0|0|0|0|0|0|0|0|0|0|0|0|0|0|0|0|0|0|0|0|0|0|0|0|0|0|0|0|0|0|0|0|0|0|0|0|0|0|0|0|0|0|0|0|0|0|0|0|0|0|0|0|0|0|0|0|0|0|0|0|0|0|0|0|0|0|0|0|0|0|0|0|0|0|0|0|0|0|0|0|0|0|0|0|0|0|0|0|0|0|0|0|0|0|0|0|0|0|0|0|0|0|0|0|0|0|0|0|0|0|0|0|0|0|0|0|0|0|0|0|0|0|0|0|0|0|0|0|0|0|0|0|0|0|0|0|0|0|0|0|0|0|0|0|0|0|0|0|0|0|0|0|0|0|0|0|0|0|0|0|0|0|0|0|0|0|0|0|0|0|0|0|0|0|0|0|0|0|0|0|0|0|0|0|0|0|0|0
DHCST|NY|000|05|0212837|0|0|0|0|0|0|0|0|0|0|0|0|0|0|0|0|0|0|0|0|0|0|0|0|0|0|0|0|0|0|0|0|0|0|0|0|0|0|0|0|0|0|0|0|0|0|0|0|0|0|0|0|0|0|0|0|0|0|0|0|0|0|0|0|0|0|0|0|0|0|0|0|0|0|0|0|0|0|0|0|0|0|0|0|0|0|0|0|0|0|0|0|0|0|0|0|0|0|0|0|0|0|0|0|0|0|0|0|0|0|0|0|0|0|0|0|0|0|0|0|0|0|0|0|0|0|0|0|0|0|0|0|0|0|0|0|0|0|0|0|0|0|0|0|0|0|0|0|0|0|0|0|0|0|0|0|0|0|0|0|0|0|0|0|0|0|0|0|0|0|0|0|0|0|0|0|0|0|0|0|0|0|0|0|0|0|0|0|0|0|0|0|0|0|0|0|0|0|0
DHCST|NY|000|05|0212838|0|0|0|0|0|0|0|0|0|0|0|0|0|0|0|0|0|0|0|0|0|0|0|0|0|0|0|0|0|0|0|0|0|0|0|0|0|0|0|0|0|0|0|0|0|0|0|0|0|0|0|0|0|0|0|0|0|0|0|0|0|0|0|0|0|0|0|0|0|0|0|0|0|0|0|0|0|0|0|0|0|0|0|0|0|0|0|0|0|0|0|0|0|0|0|0|0|0|0|0|0|0|0|0|0|0|0|0|0|0|0|0|0|0|0|0|0|0|0|0|0|0|0|0|0|0|0|0|0|0|0|0|0|0|0|0|0|0|0|0|0|0|0|0|0|0|0|0|0|0|0|0|0|0|0|0|0|0|0|0|0|0|0|0|0|0|0|0|0|0|0|0|0|0|0|0|0|0|0|0|0|0|0|0|0|0|0|0|0|0|0|0|0|0|0|0|0|0|0
DHCST|NY|000|05|0212839|0|0|0|0|0|0|0|0|0|0|0|0|0|0|0|0|0|0|0|0|0|0|0|0|0|0|0|0|0|0|0|0|0|0|0|0|0|0|0|0|0|0|0|0|0|0|0|0|0|0|0|0|0|0|0|0|0|0|0|0|0|0|0|0|0|0|0|0|0|0|0|0|0|0|0|0|0|0|0|0|0|0|0|0|0|0|0|0|0|0|0|0|0|0|0|0|0|0|0|0|0|0|0|0|0|0|0|0|0|0|0|0|0|0|0|0|0|0|0|0|0|0|0|0|0|0|0|0|0|0|0|0|0|0|0|0|0|0|0|0|0|0|0|0|0|0|0|0|0|0|0|0|0|0|0|0|0|0|0|0|0|0|0|0|0|0|0|0|0|0|0|0|0|0|0|0|0|0|0|0|0|0|0|0|0|0|0|0|0|0|0|0|0|0|0|0|0|0|0
DHCST|NY|000|05|0212840|449|449|449|0|0|449|320|76|3|17|0|3|30|449|436|13|449|436|311|76|3|17|0|3|26|13|9|0|0|0|0|0|4|479|348|84|18|23|0|6|479|462|335|84|18|22|0|3|17|13|0|0|1|0|3|449|419|320|76|3|17|0|3|30|30|6|15|4|0|3|0|2|0|0|0|0|0|0|0|0|0|0|0|0|0|0|0|0|0|0|0|0|0|0|0|0|0|0|0|0|0|0|0|0|0|0|0|0|0|0|0|0|0|0|0|0|0|0|0|0|0|0|0|0|0|0|449|13|436|410|311|76|3|17|0|3|26|26|6|15|3|0|0|0|2|0|0|0|0|0|0|0|0|0|0|0|0|0|0|0|0|0|0|0|0|0|0|0|0|0|0|0|0|0|0|0|0|0|0|0|0|0|0|0|0|0|0|0|0|0|0|0|0|0|0|0|0|0|0
DHCST|NY|000|05|0212841|89|89|89|0|0|89|41|30|3|0|0|8|7|89|76|13|89|76|41|30|3|0|0|0|2|13|0|0|0|0|0|8|5|96|47|33|4|0|0|12|96|78|43|32|3|0|0|0|18|4|1|1|0|0|12|89|82|41|30|3|0|0|8|7|7|2|0|0|0|4|1|0|0|0|0|0|0|0|0|0|0|0|0|0|0|0|0|0|0|0|0|0|0|0|0|0|0|0|0|0|0|0|0|0|0|0|0|0|0|0|0|0|0|0|0|0|0|0|0|0|0|0|0|0|0|0|89|13|76|74|41|30|3|0|0|0|2|2|2|0|0|0|0|0|0|0|0|0|0|0|0|0|0|0|0|0|0|0|0|0|0|0|0|0|0|0|0|0|0|0|0|0|0|0|0|0|0|0|0|0|0|0|0|0|0|0|0|0|0|0|0|0|0|0|0|0|0|0|0
DHCST|NY|000|05|0212842|122|122|122|0|0|122|57|41|0|7|0|3|14|122|100|22|122|100|45|40|0|7|0|0|8|22|12|1|0|0|0|3|6|138|71|44|2|9|0|12|138|110|53|43|2|9|0|3|28|18|1|0|0|0|9|122|108|57|41|0|7|0|3|14|13|2|1|1|0|9|0|0|0|0|0|0|0|0|0|0|0|0|0|0|0|0|0|0|0|0|0|0|0|0|0|0|0|0|0|0|0|1|1|0|0|0|0|0|0|0|0|0|0|0|0|0|0|0|0|0|0|0|0|0|0|0|122|22|100|92|45|40|0|7|0|0|8|7|2|1|1|0|3|0|0|0|0|0|0|0|0|0|0|0|0|0|0|0|0|0|0|0|0|0|0|0|0|0|0|0|0|0|0|0|1|1|0|0|0|0|0|0|0|0|0|0|0|0|0|0|0|0|0|0|0|0|0|0|0
DHCST|NY|000|05|0212843|52|52|52|0|0|52|31|14|0|1|0|2|4|52|52|0|52|52|31|14|0|1|0|2|4|0|0|0|0|0|0|0|0|56|34|15|2|2|0|3|56|56|34|15|2|2|0|3|0|0|0|0|0|0|0|52|48|31|14|0|1|0|2|4|4|0|2|0|0|1|0|1|0|0|0|0|0|0|0|0|0|0|0|0|0|0|0|0|0|0|0|0|0|0|0|0|0|0|0|0|0|0|0|0|0|0|0|0|0|0|0|0|0|0|0|0|0|0|0|0|0|0|0|0|0|0|52|0|52|48|31|14|0|1|0|2|4|4|0|2|0|0|1|0|1|0|0|0|0|0|0|0|0|0|0|0|0|0|0|0|0|0|0|0|0|0|0|0|0|0|0|0|0|0|0|0|0|0|0|0|0|0|0|0|0|0|0|0|0|0|0|0|0|0|0|0|0|0|0
DHCST|NY|000|05|0212844|100|100|100|0|0|100|53|26|3|8|0|3|7|100|95|5|100|95|53|26|3|8|0|1|4|5|0|0|0|0|0|2|3|107|60|27|6|8|0|6|107|99|57|27|6|8|0|1|8|3|0|0|0|0|5|100|93|53|26|3|8|0|3|7|7|1|3|0|0|3|0|0|0|0|0|0|0|0|0|0|0|0|0|0|0|0|0|0|0|0|0|0|0|0|0|0|0|0|0|0|0|0|0|0|0|0|0|0|0|0|0|0|0|0|0|0|0|0|0|0|0|0|0|0|0|0|100|5|95|91|53|26|3|8|0|1|4|4|1|3|0|0|0|0|0|0|0|0|0|0|0|0|0|0|0|0|0|0|0|0|0|0|0|0|0|0|0|0|0|0|0|0|0|0|0|0|0|0|0|0|0|0|0|0|0|0|0|0|0|0|0|0|0|0|0|0|0|0|0
DHCST|NY|000|05|0212845|106|106|106|0|0|106|29|60|3|4|0|0|10|106|94|12|106|94|26|59|3|4|0|0|2|12|3|1|0|0|0|0|8|116|39|61|4|4|0|8|116|96|28|60|4|4|0|0|20|11|1|0|0|0|8|106|96|29|60|3|4|0|0|10|10|1|1|0|0|8|0|0|0|0|0|0|0|0|0|0|0|0|0|0|0|0|0|0|0|0|0|0|0|0|0|0|0|0|0|0|0|0|0|0|0|0|0|0|0|0|0|0|0|0|0|0|0|0|0|0|0|0|0|0|0|0|106|12|94|92|26|59|3|4|0|0|2|2|1|1|0|0|0|0|0|0|0|0|0|0|0|0|0|0|0|0|0|0|0|0|0|0|0|0|0|0|0|0|0|0|0|0|0|0|0|0|0|0|0|0|0|0|0|0|0|0|0|0|0|0|0|0|0|0|0|0|0|0|0
DHCST|NY|000|05|0212846|41|41|41|0|0|41|17|10|0|2|0|2|10|41|29|12|41|29|17|10|0|2|0|0|0|12|0|0|0|0|0|2|10|51|22|15|1|2|0|11|51|29|17|10|0|2|0|0|22|5|5|1|0|0|11|41|31|17|10|0|2|0|2|10|10|0|1|0|0|4|0|0|0|5|0|0|0|0|0|0|0|0|0|0|0|0|0|0|0|0|0|0|0|0|0|0|0|0|0|0|0|0|0|0|0|0|0|0|0|0|0|0|0|0|0|0|0|0|0|0|0|0|0|0|0|0|41|12|29|29|17|10|0|2|0|0|0|0|0|0|0|0|0|0|0|0|0|0|0|0|0|0|0|0|0|0|0|0|0|0|0|0|0|0|0|0|0|0|0|0|0|0|0|0|0|0|0|0|0|0|0|0|0|0|0|0|0|0|0|0|0|0|0|0|0|0|0|0|0
DHCST|NY|000|05|0212847|79|79|79|0|0|79|40|13|3|7|0|1|15|79|71|8|79|71|40|9|1|7|0|1|13|8|0|4|2|0|0|0|2|99|55|23|10|8|0|3|99|87|53|17|6|8|0|3|12|2|6|4|0|0|0|79|64|40|13|3|7|0|1|15|10|5|2|1|0|2|0|0|0|0|0|0|0|0|0|0|5|5|0|0|0|0|0|0|0|0|0|0|0|0|0|0|0|0|0|0|0|0|0|0|0|0|0|0|0|0|0|0|0|0|0|0|0|0|0|0|0|0|0|0|0|0|79|8|71|58|40|9|1|7|0|1|13|10|5|2|1|0|2|0|0|0|0|0|0|0|0|0|0|3|3|0|0|0|0|0|0|0|0|0|0|0|0|0|0|0|0|0|0|0|0|0|0|0|0|0|0|0|0|0|0|0|0|0|0|0|0|0|0|0|0|0|0|0|0
DHCST|NY|000|05|0212848|86|86|86|0|0|86|47|21|0|7|0|2|9|86|73|13|86|73|43|13|0|7|0|2|8|13|4|8|0|0|0|0|1|95|56|24|3|8|0|4|95|81|51|16|3|8|0|3|14|5|8|0|0|0|1|86|77|47|21|0|7|0|2|9|9|3|3|1|0|2|0|0|0|0|0|0|0|0|0|0|0|0|0|0|0|0|0|0|0|0|0|0|0|0|0|0|0|0|0|0|0|0|0|0|0|0|0|0|0|0|0|0|0|0|0|0|0|0|0|0|0|0|0|0|0|0|86|13|73|65|43|13|0|7|0|2|8|8|3|3|1|0|1|0|0|0|0|0|0|0|0|0|0|0|0|0|0|0|0|0|0|0|0|0|0|0|0|0|0|0|0|0|0|0|0|0|0|0|0|0|0|0|0|0|0|0|0|0|0|0|0|0|0|0|0|0|0|0|0
DHCST|NY|000|05|0212849|53|53|53|0|0|53|20|7|0|9|0|3|14|53|44|9|53|44|20|7|0|9|0|0|8|9|0|0|0|0|0|3|6|67|28|21|0|9|0|9|67|52|28|15|0|9|0|0|15|0|6|0|0|0|9|53|39|20|7|0|9|0|3|14|14|8|0|0|0|0|0|0|0|6|0|0|0|0|0|0|0|0|0|0|0|0|0|0|0|0|0|0|0|0|0|0|0|0|0|0|0|0|0|0|0|0|0|0|0|0|0|0|0|0|0|0|0|0|0|0|0|0|0|0|0|0|53|9|44|36|20|7|0|9|0|0|8|8|8|0|0|0|0|0|0|0|0|0|0|0|0|0|0|0|0|0|0|0|0|0|0|0|0|0|0|0|0|0|0|0|0|0|0|0|0|0|0|0|0|0|0|0|0|0|0|0|0|0|0|0|0|0|0|0|0|0|0|0|0
DHCST|NY|000|05|0212850|199|199|199|0|0|199|133|34|0|3|0|14|15|199|170|29|199|170|124|34|0|3|0|0|9|29|9|0|0|0|0|14|6|214|146|48|0|3|0|17|214|179|133|42|0|3|0|1|35|13|6|0|0|0|16|199|184|133|34|0|3|0|14|15|15|12|0|0|0|1|0|0|0|2|0|0|0|0|0|0|0|0|0|0|0|0|0|0|0|0|0|0|0|0|0|0|0|0|0|0|0|0|0|0|0|0|0|0|0|0|0|0|0|0|0|0|0|0|0|0|0|0|0|0|0|0|199|29|170|161|124|34|0|3|0|0|9|9|8|0|0|0|1|0|0|0|0|0|0|0|0|0|0|0|0|0|0|0|0|0|0|0|0|0|0|0|0|0|0|0|0|0|0|0|0|0|0|0|0|0|0|0|0|0|0|0|0|0|0|0|0|0|0|0|0|0|0|0|0
DHCST|NY|000|05|0212851|80|80|80|0|0|80|36|16|0|1|0|11|16|80|74|6|80|74|36|16|0|1|0|5|16|6|0|0|0|0|0|6|0|96|50|29|0|1|0|16|96|90|50|29|0|1|0|10|6|0|0|0|0|0|6|80|64|36|16|0|1|0|11|16|16|11|0|0|0|3|0|0|0|2|0|0|0|0|0|0|0|0|0|0|0|0|0|0|0|0|0|0|0|0|0|0|0|0|0|0|0|0|0|0|0|0|0|0|0|0|0|0|0|0|0|0|0|0|0|0|0|0|0|0|0|0|80|6|74|58|36|16|0|1|0|5|16|16|11|0|0|0|3|0|0|0|2|0|0|0|0|0|0|0|0|0|0|0|0|0|0|0|0|0|0|0|0|0|0|0|0|0|0|0|0|0|0|0|0|0|0|0|0|0|0|0|0|0|0|0|0|0|0|0|0|0|0|0|0
DHCST|NY|000|05|0212852|88|88|88|0|0|88|49|28|0|0|0|2|9|88|80|8|88|80|48|27|0|0|0|0|5|8|1|1|0|0|0|2|4|97|58|31|2|0|0|6|97|85|53|30|1|0|0|1|12|5|1|1|0|0|5|88|79|49|28|0|0|0|2|9|9|3|2|0|0|4|0|0|0|0|0|0|0|0|0|0|0|0|0|0|0|0|0|0|0|0|0|0|0|0|0|0|0|0|0|0|0|0|0|0|0|0|0|0|0|0|0|0|0|0|0|0|0|0|0|0|0|0|0|0|0|0|88|8|80|75|48|27|0|0|0|0|5|5|3|1|0|0|1|0|0|0|0|0|0|0|0|0|0|0|0|0|0|0|0|0|0|0|0|0|0|0|0|0|0|0|0|0|0|0|0|0|0|0|0|0|0|0|0|0|0|0|0|0|0|0|0|0|0|0|0|0|0|0|0
DHCST|NY|000|05|0212853|113|113|113|0|0|113|49|39|1|2|0|10|12|113|95|18|113|95|48|36|1|2|0|0|8|18|1|3|0|0|0|10|4|128|61|44|7|3|0|13|128|106|56|41|7|2|0|0|22|5|3|0|1|0|13|113|101|49|39|1|2|0|10|12|9|2|3|1|0|3|0|0|0|0|0|0|0|0|0|0|3|3|0|0|0|0|0|0|0|0|0|0|0|0|0|0|0|0|0|0|0|0|0|0|0|0|0|0|0|0|0|0|0|0|0|0|0|0|0|0|0|0|0|0|0|0|113|18|95|87|48|36|1|2|0|0|8|5|2|3|0|0|0|0|0|0|0|0|0|0|0|0|0|3|3|0|0|0|0|0|0|0|0|0|0|0|0|0|0|0|0|0|0|0|0|0|0|0|0|0|0|0|0|0|0|0|0|0|0|0|0|0|0|0|0|0|0|0|0
DHCST|NY|000|05|0212854|101|101|101|0|0|101|60|21|1|3|0|4|12|101|88|13|101|88|55|19|1|3|0|2|8|13|5|2|0|0|0|2|4|115|72|22|5|6|0|10|115|97|63|20|4|6|0|4|18|9|2|1|0|0|6|101|89|60|21|1|3|0|4|12|10|0|2|3|0|5|0|0|0|0|0|0|0|0|0|0|2|1|0|0|0|0|0|1|0|0|0|0|0|0|0|0|0|0|0|0|0|0|0|0|0|0|0|0|0|0|0|0|0|0|0|0|0|0|0|0|0|0|0|0|0|0|101|13|88|80|55|19|1|3|0|2|8|7|0|2|3|0|2|0|0|0|0|0|0|0|0|0|0|1|1|0|0|0|0|0|0|0|0|0|0|0|0|0|0|0|0|0|0|0|0|0|0|0|0|0|0|0|0|0|0|0|0|0|0|0|0|0|0|0|0|0|0|0|0
DHCST|NY|000|05|0212855|10|10|10|0|0|10|6|1|0|0|0|0|3|10|10|0|10|10|6|1|0|0|0|0|3|0|0|0|0|0|0|0|0|13|9|1|0|0|0|3|13|13|9|1|0|0|0|3|0|0|0|0|0|0|0|10|7|6|1|0|0|0|0|3|3|0|0|0|0|3|0|0|0|0|0|0|0|0|0|0|0|0|0|0|0|0|0|0|0|0|0|0|0|0|0|0|0|0|0|0|0|0|0|0|0|0|0|0|0|0|0|0|0|0|0|0|0|0|0|0|0|0|0|0|0|0|10|0|10|7|6|1|0|0|0|0|3|3|0|0|0|0|3|0|0|0|0|0|0|0|0|0|0|0|0|0|0|0|0|0|0|0|0|0|0|0|0|0|0|0|0|0|0|0|0|0|0|0|0|0|0|0|0|0|0|0|0|0|0|0|0|0|0|0|0|0|0|0|0
DHCST|NY|000|05|0212856|41|41|41|0|0|41|13|15|0|0|0|4|9|41|20|21|41|20|12|5|0|0|0|1|2|21|1|10|0|0|0|3|7|50|17|19|2|3|0|9|50|22|12|7|1|1|0|1|28|5|12|1|2|0|8|41|32|13|15|0|0|0|4|9|9|0|0|2|0|2|1|1|0|2|0|0|1|0|0|0|0|0|0|0|0|0|0|0|0|0|0|0|0|0|0|0|0|0|0|0|0|0|0|0|0|0|0|0|0|0|0|0|0|0|0|0|0|0|0|0|0|0|0|0|0|0|41|21|20|18|12|5|0|0|0|1|2|2|0|0|0|0|0|1|1|0|0|0|0|0|0|0|0|0|0|0|0|0|0|0|0|0|0|0|0|0|0|0|0|0|0|0|0|0|0|0|0|0|0|0|0|0|0|0|0|0|0|0|0|0|0|0|0|0|0|0|0|0|0
DHCST|NY|000|05|0212857|0|0|0|0|0|0|0|0|0|0|0|0|0|0|0|0|0|0|0|0|0|0|0|0|0|0|0|0|0|0|0|0|0|0|0|0|0|0|0|0|0|0|0|0|0|0|0|0|0|0|0|0|0|0|0|0|0|0|0|0|0|0|0|0|0|0|0|0|0|0|0|0|0|0|0|0|0|0|0|0|0|0|0|0|0|0|0|0|0|0|0|0|0|0|0|0|0|0|0|0|0|0|0|0|0|0|0|0|0|0|0|0|0|0|0|0|0|0|0|0|0|0|0|0|0|0|0|0|0|0|0|0|0|0|0|0|0|0|0|0|0|0|0|0|0|0|0|0|0|0|0|0|0|0|0|0|0|0|0|0|0|0|0|0|0|0|0|0|0|0|0|0|0|0|0|0|0|0|0|0|0|0|0|0|0|0|0|0|0|0|0|0|0|0|0|0|0|0|0
DHCST|NY|000|05|0212858|143|143|143|0|0|143|85|44|1|1|0|7|5|143|129|14|143|129|81|44|0|1|0|0|3|14|4|0|1|0|0|7|2|149|90|47|3|1|0|8|149|132|84|46|1|1|0|0|17|6|1|2|0|0|8|143|138|85|44|1|1|0|7|5|4|2|1|0|0|1|0|0|0|0|0|0|0|0|0|0|1|1|0|0|0|0|0|0|0|0|0|0|0|0|0|0|0|0|0|0|0|0|0|0|0|0|0|0|0|0|0|0|0|0|0|0|0|0|0|0|0|0|0|0|0|0|143|14|129|126|81|44|0|1|0|0|3|3|2|1|0|0|0|0|0|0|0|0|0|0|0|0|0|0|0|0|0|0|0|0|0|0|0|0|0|0|0|0|0|0|0|0|0|0|0|0|0|0|0|0|0|0|0|0|0|0|0|0|0|0|0|0|0|0|0|0|0|0|0
DHCST|NY|000|05|0212859|138|138|138|0|0|138|79|37|2|1|0|5|14|138|130|8|138|130|79|37|2|1|0|0|11|8|0|0|0|0|0|5|3|154|93|46|9|1|0|5|154|141|90|43|7|1|0|0|13|3|3|2|0|0|5|138|124|79|37|2|1|0|5|14|12|7|5|0|0|0|0|0|0|0|0|0|0|0|0|0|2|2|0|0|0|0|0|0|0|0|0|0|0|0|0|0|0|0|0|0|0|0|0|0|0|0|0|0|0|0|0|0|0|0|0|0|0|0|0|0|0|0|0|0|0|0|138|8|130|119|79|37|2|1|0|0|11|11|6|5|0|0|0|0|0|0|0|0|0|0|0|0|0|0|0|0|0|0|0|0|0|0|0|0|0|0|0|0|0|0|0|0|0|0|0|0|0|0|0|0|0|0|0|0|0|0|0|0|0|0|0|0|0|0|0|0|0|0|0
DHCST|NY|000|05|0212860|133|133|133|0|0|133|103|12|1|2|0|1|14|133|124|9|133|124|103|8|0|2|0|1|10|9|0|4|1|0|0|0|4|150|117|20|4|2|0|7|150|137|113|15|3|2|0|4|13|4|5|1|0|0|3|133|119|103|12|1|2|0|1|14|11|5|0|0|0|6|0|0|0|0|0|0|0|0|0|0|3|3|0|0|0|0|0|0|0|0|0|0|0|0|0|0|0|0|0|0|0|0|0|0|0|0|0|0|0|0|0|0|0|0|0|0|0|0|0|0|0|0|0|0|0|0|133|9|124|114|103|8|0|2|0|1|10|7|4|0|0|0|3|0|0|0|0|0|0|0|0|0|0|3|3|0|0|0|0|0|0|0|0|0|0|0|0|0|0|0|0|0|0|0|0|0|0|0|0|0|0|0|0|0|0|0|0|0|0|0|0|0|0|0|0|0|0|0|0
DHCST|NY|000|05|0212861|123|123|123|0|0|123|67|31|0|3|0|0|22|123|117|6|123|117|67|31|0|2|0|0|17|6|0|0|0|1|0|0|5|145|89|42|6|3|0|5|145|134|84|42|6|2|0|0|11|5|0|0|1|0|5|123|101|67|31|0|3|0|0|22|22|11|6|0|0|5|0|0|0|0|0|0|0|0|0|0|0|0|0|0|0|0|0|0|0|0|0|0|0|0|0|0|0|0|0|0|0|0|0|0|0|0|0|0|0|0|0|0|0|0|0|0|0|0|0|0|0|0|0|0|0|0|123|6|117|100|67|31|0|2|0|0|17|17|11|6|0|0|0|0|0|0|0|0|0|0|0|0|0|0|0|0|0|0|0|0|0|0|0|0|0|0|0|0|0|0|0|0|0|0|0|0|0|0|0|0|0|0|0|0|0|0|0|0|0|0|0|0|0|0|0|0|0|0|0
DHCST|NY|000|05|0212862|0|0|0|0|0|0|0|0|0|0|0|0|0|0|0|0|0|0|0|0|0|0|0|0|0|0|0|0|0|0|0|0|0|0|0|0|0|0|0|0|0|0|0|0|0|0|0|0|0|0|0|0|0|0|0|0|0|0|0|0|0|0|0|0|0|0|0|0|0|0|0|0|0|0|0|0|0|0|0|0|0|0|0|0|0|0|0|0|0|0|0|0|0|0|0|0|0|0|0|0|0|0|0|0|0|0|0|0|0|0|0|0|0|0|0|0|0|0|0|0|0|0|0|0|0|0|0|0|0|0|0|0|0|0|0|0|0|0|0|0|0|0|0|0|0|0|0|0|0|0|0|0|0|0|0|0|0|0|0|0|0|0|0|0|0|0|0|0|0|0|0|0|0|0|0|0|0|0|0|0|0|0|0|0|0|0|0|0|0|0|0|0|0|0|0|0|0|0|0
DHCST|NY|000|05|0212863|90|90|90|0|0|90|56|7|1|2|0|7|17|90|72|18|90|72|54|7|1|1|0|3|6|18|2|0|0|1|0|4|11|109|71|11|3|2|0|22|109|78|60|7|1|1|0|9|31|11|4|2|1|0|13|90|73|56|7|1|2|0|7|17|15|0|0|0|0|13|0|0|0|2|0|0|0|0|0|0|2|2|0|0|0|0|0|0|0|0|0|0|0|0|0|0|0|0|0|0|0|0|0|0|0|0|0|0|0|0|0|0|0|0|0|0|0|0|0|0|0|0|0|0|0|0|90|18|72|66|54|7|1|1|0|3|6|6|0|0|0|0|6|0|0|0|0|0|0|0|0|0|0|0|0|0|0|0|0|0|0|0|0|0|0|0|0|0|0|0|0|0|0|0|0|0|0|0|0|0|0|0|0|0|0|0|0|0|0|0|0|0|0|0|0|0|0|0|0
DHCST|NY|000|05|0212864|59|59|59|0|0|59|39|5|0|3|0|3|9|59|59|0|59|59|39|5|0|3|0|3|9|0|0|0|0|0|0|0|0|68|48|11|0|3|0|6|68|68|48|11|0|3|0|6|0|0|0|0|0|0|0|59|50|39|5|0|3|0|3|9|9|6|0|0|0|3|0|0|0|0|0|0|0|0|0|0|0|0|0|0|0|0|0|0|0|0|0|0|0|0|0|0|0|0|0|0|0|0|0|0|0|0|0|0|0|0|0|0|0|0|0|0|0|0|0|0|0|0|0|0|0|0|59|0|59|50|39|5|0|3|0|3|9|9|6|0|0|0|3|0|0|0|0|0|0|0|0|0|0|0|0|0|0|0|0|0|0|0|0|0|0|0|0|0|0|0|0|0|0|0|0|0|0|0|0|0|0|0|0|0|0|0|0|0|0|0|0|0|0|0|0|0|0|0|0
DHCST|NY|000|05|0212865|70|70|70|0|0|70|54|9|1|0|0|4|2|70|67|3|70|67|53|9|1|0|0|3|1|3|1|0|0|0|0|1|1|72|56|10|1|0|0|5|72|68|54|10|1|0|0|3|4|2|0|0|0|0|2|70|68|54|9|1|0|0|4|2|2|1|0|0|0|1|0|0|0|0|0|0|0|0|0|0|0|0|0|0|0|0|0|0|0|0|0|0|0|0|0|0|0|0|0|0|0|0|0|0|0|0|0|0|0|0|0|0|0|0|0|0|0|0|0|0|0|0|0|0|0|0|70|3|67|66|53|9|1|0|0|3|1|1|1|0|0|0|0|0|0|0|0|0|0|0|0|0|0|0|0|0|0|0|0|0|0|0|0|0|0|0|0|0|0|0|0|0|0|0|0|0|0|0|0|0|0|0|0|0|0|0|0|0|0|0|0|0|0|0|0|0|0|0|0
DHCST|NY|000|05|0212866|77|77|77|0|0|77|44|13|6|6|0|0|8|77|75|2|77|75|42|13|6|6|0|0|8|2|2|0|0|0|0|0|0|86|52|19|7|6|0|2|86|84|50|19|7|6|0|2|2|2|0|0|0|0|0|77|69|44|13|6|6|0|0|8|7|5|0|0|0|2|0|0|0|0|0|0|0|0|0|0|1|1|0|0|0|0|0|0|0|0|0|0|0|0|0|0|0|0|0|0|0|0|0|0|0|0|0|0|0|0|0|0|0|0|0|0|0|0|0|0|0|0|0|0|0|0|77|2|75|67|42|13|6|6|0|0|8|7|5|0|0|0|2|0|0|0|0|0|0|0|0|0|0|1|1|0|0|0|0|0|0|0|0|0|0|0|0|0|0|0|0|0|0|0|0|0|0|0|0|0|0|0|0|0|0|0|0|0|0|0|0|0|0|0|0|0|0|0|0
DHCST|NY|000|05|0212867|130|130|130|0|0|130|77|22|0|6|0|3|22|130|112|18|130|112|77|16|0|6|0|1|12|18|0|6|0|0|0|2|10|156|98|30|11|6|0|11|156|124|88|23|6|6|0|1|32|10|7|5|0|0|10|130|108|77|22|0|6|0|3|22|18|6|6|0|0|5|1|0|0|0|0|0|0|0|0|0|4|1|0|0|0|0|0|3|0|0|0|0|0|0|0|0|0|0|0|0|0|0|0|0|0|0|0|0|0|0|0|0|0|0|0|0|0|0|0|0|0|0|0|0|0|0|130|18|112|100|77|16|0|6|0|1|12|12|6|5|0|0|0|1|0|0|0|0|0|0|0|0|0|0|0|0|0|0|0|0|0|0|0|0|0|0|0|0|0|0|0|0|0|0|0|0|0|0|0|0|0|0|0|0|0|0|0|0|0|0|0|0|0|0|0|0|0|0|0
DHCST|NY|000|05|0212868|103|103|103|0|0|103|84|3|0|4|0|2|10|103|100|3|103|100|84|3|0|4|0|0|9|3|0|0|0|0|0|2|1|114|94|5|1|11|0|3|114|110|93|5|1|11|0|0|4|1|0|0|0|0|3|103|93|84|3|0|4|0|2|10|9|1|0|7|0|1|0|0|0|0|0|0|0|0|0|0|1|1|0|0|0|0|0|0|0|0|0|0|0|0|0|0|0|0|0|0|0|0|0|0|0|0|0|0|0|0|0|0|0|0|0|0|0|0|0|0|0|0|0|0|0|0|103|3|100|91|84|3|0|4|0|0|9|8|1|0|7|0|0|0|0|0|0|0|0|0|0|0|0|1|1|0|0|0|0|0|0|0|0|0|0|0|0|0|0|0|0|0|0|0|0|0|0|0|0|0|0|0|0|0|0|0|0|0|0|0|0|0|0|0|0|0|0|0|0
DHCST|NY|000|05|0212869|0|0|0|0|0|0|0|0|0|0|0|0|0|0|0|0|0|0|0|0|0|0|0|0|0|0|0|0|0|0|0|0|0|0|0|0|0|0|0|0|0|0|0|0|0|0|0|0|0|0|0|0|0|0|0|0|0|0|0|0|0|0|0|0|0|0|0|0|0|0|0|0|0|0|0|0|0|0|0|0|0|0|0|0|0|0|0|0|0|0|0|0|0|0|0|0|0|0|0|0|0|0|0|0|0|0|0|0|0|0|0|0|0|0|0|0|0|0|0|0|0|0|0|0|0|0|0|0|0|0|0|0|0|0|0|0|0|0|0|0|0|0|0|0|0|0|0|0|0|0|0|0|0|0|0|0|0|0|0|0|0|0|0|0|0|0|0|0|0|0|0|0|0|0|0|0|0|0|0|0|0|0|0|0|0|0|0|0|0|0|0|0|0|0|0|0|0|0|0
DHCST|NY|000|05|0212870|129|129|129|0|0|129|94|8|0|12|0|4|11|129|116|13|129|116|92|6|0|12|0|2|4|13|2|2|0|0|0|2|7|142|105|11|2|12|0|12|142|121|96|8|1|12|0|4|21|9|3|1|0|0|8|129|118|94|8|0|12|0|4|11|9|2|0|0|0|7|0|0|0|0|0|0|0|0|0|0|2|1|0|0|0|0|0|1|0|0|0|0|0|0|0|0|0|0|0|0|0|0|0|0|0|0|0|0|0|0|0|0|0|0|0|0|0|0|0|0|0|0|0|0|0|0|129|13|116|112|92|6|0|12|0|2|4|3|1|0|0|0|2|0|0|0|0|0|0|0|0|0|0|1|1|0|0|0|0|0|0|0|0|0|0|0|0|0|0|0|0|0|0|0|0|0|0|0|0|0|0|0|0|0|0|0|0|0|0|0|0|0|0|0|0|0|0|0|0
DHCST|NY|000|05|0212871|89|89|89|0|0|89|70|11|0|0|0|0|8|89|82|7|89|82|68|9|0|0|0|0|5|7|2|2|0|0|0|0|3|98|77|16|1|1|0|3|98|88|72|14|1|1|0|0|10|5|2|0|0|0|3|89|81|70|11|0|0|0|0|8|7|3|0|0|0|3|1|0|0|0|0|0|0|0|0|0|1|0|1|0|0|0|0|0|0|0|0|0|0|0|0|0|0|0|0|0|0|0|0|0|0|0|0|0|0|0|0|0|0|0|0|0|0|0|0|0|0|0|0|0|0|0|89|7|82|77|68|9|0|0|0|0|5|4|3|0|0|0|0|1|0|0|0|0|0|0|0|0|0|1|0|1|0|0|0|0|0|0|0|0|0|0|0|0|0|0|0|0|0|0|0|0|0|0|0|0|0|0|0|0|0|0|0|0|0|0|0|0|0|0|0|0|0|0|0
DHCST|NY|000|05|0212872|109|109|109|0|0|109|81|7|0|12|0|3|6|109|103|6|109|103|78|7|0|12|0|0|6|6|3|0|0|0|0|3|0|115|87|9|3|12|0|4|115|109|84|9|3|12|0|1|6|3|0|0|0|0|3|109|103|81|7|0|12|0|3|6|6|2|3|0|0|1|0|0|0|0|0|0|0|0|0|0|0|0|0|0|0|0|0|0|0|0|0|0|0|0|0|0|0|0|0|0|0|0|0|0|0|0|0|0|0|0|0|0|0|0|0|0|0|0|0|0|0|0|0|0|0|0|109|6|103|97|78|7|0|12|0|0|6|6|2|3|0|0|1|0|0|0|0|0|0|0|0|0|0|0|0|0|0|0|0|0|0|0|0|0|0|0|0|0|0|0|0|0|0|0|0|0|0|0|0|0|0|0|0|0|0|0|0|0|0|0|0|0|0|0|0|0|0|0|0
DHCST|NY|000|05|0212873|107|107|107|0|0|107|79|17|0|8|0|1|2|107|102|5|107|102|75|17|0|8|0|1|1|5|4|0|0|0|0|0|1|110|81|18|1|8|0|2|110|103|76|17|0|8|0|2|7|5|1|1|0|0|0|107|105|79|17|0|8|0|1|2|1|0|0|0|0|1|0|0|0|0|0|0|0|0|0|0|1|1|0|0|0|0|0|0|0|0|0|0|0|0|0|0|0|0|0|0|0|0|0|0|0|0|0|0|0|0|0|0|0|0|0|0|0|0|0|0|0|0|0|0|0|0|107|5|102|101|75|17|0|8|0|1|1|1|0|0|0|0|1|0|0|0|0|0|0|0|0|0|0|0|0|0|0|0|0|0|0|0|0|0|0|0|0|0|0|0|0|0|0|0|0|0|0|0|0|0|0|0|0|0|0|0|0|0|0|0|0|0|0|0|0|0|0|0|0
DHCST|NY|000|05|0212874|115|115|115|0|0|115|72|19|4|4|0|0|16|115|107|8|115|107|66|19|4|4|0|0|14|8|6|0|0|0|0|0|2|132|87|33|6|4|0|2|132|122|79|33|6|4|0|0|10|8|0|0|0|0|2|115|99|72|19|4|4|0|0|16|15|12|0|0|0|2|1|0|0|0|0|0|0|0|0|0|1|1|0|0|0|0|0|0|0|0|0|0|0|0|0|0|0|0|0|0|0|0|0|0|0|0|0|0|0|0|0|0|0|0|0|0|0|0|0|0|0|0|0|0|0|0|115|8|107|93|66|19|4|4|0|0|14|13|12|0|0|0|0|1|0|0|0|0|0|0|0|0|0|1|1|0|0|0|0|0|0|0|0|0|0|0|0|0|0|0|0|0|0|0|0|0|0|0|0|0|0|0|0|0|0|0|0|0|0|0|0|0|0|0|0|0|0|0|0
DHCST|NY|000|05|0212875|108|108|108|0|0|108|85|8|2|1|0|1|11|108|100|8|108|100|85|8|2|1|0|0|4|8|0|0|0|0|0|1|7|122|96|11|3|4|0|8|122|107|89|11|3|4|0|0|15|7|0|0|0|0|8|108|97|85|8|2|1|0|1|11|8|0|1|0|0|7|0|0|0|0|0|0|0|0|0|0|3|0|3|0|0|0|0|0|0|0|0|0|0|0|0|0|0|0|0|0|0|0|0|0|0|0|0|0|0|0|0|0|0|0|0|0|0|0|0|0|0|0|0|0|0|0|108|8|100|96|85|8|2|1|0|0|4|1|0|1|0|0|0|0|0|0|0|0|0|0|0|0|0|3|0|3|0|0|0|0|0|0|0|0|0|0|0|0|0|0|0|0|0|0|0|0|0|0|0|0|0|0|0|0|0|0|0|0|0|0|0|0|0|0|0|0|0|0|0
DHCST|NY|000|05|0212876|0|0|0|0|0|0|0|0|0|0|0|0|0|0|0|0|0|0|0|0|0|0|0|0|0|0|0|0|0|0|0|0|0|0|0|0|0|0|0|0|0|0|0|0|0|0|0|0|0|0|0|0|0|0|0|0|0|0|0|0|0|0|0|0|0|0|0|0|0|0|0|0|0|0|0|0|0|0|0|0|0|0|0|0|0|0|0|0|0|0|0|0|0|0|0|0|0|0|0|0|0|0|0|0|0|0|0|0|0|0|0|0|0|0|0|0|0|0|0|0|0|0|0|0|0|0|0|0|0|0|0|0|0|0|0|0|0|0|0|0|0|0|0|0|0|0|0|0|0|0|0|0|0|0|0|0|0|0|0|0|0|0|0|0|0|0|0|0|0|0|0|0|0|0|0|0|0|0|0|0|0|0|0|0|0|0|0|0|0|0|0|0|0|0|0|0|0|0|0
DHCST|NY|000|05|0212877|107|107|107|0|0|107|69|19|2|4|0|0|13|107|101|6|107|101|69|19|2|4|0|0|7|6|0|0|0|0|0|0|6|124|82|24|6|7|0|5|124|110|76|22|4|7|0|1|14|6|2|2|0|0|4|107|94|69|19|2|4|0|0|13|9|1|0|3|0|5|0|0|0|0|0|0|0|0|0|0|4|4|0|0|0|0|0|0|0|0|0|0|0|0|0|0|0|0|0|0|0|0|0|0|0|0|0|0|0|0|0|0|0|0|0|0|0|0|0|0|0|0|0|0|0|0|107|6|101|94|69|19|2|4|0|0|7|5|1|0|3|0|1|0|0|0|0|0|0|0|0|0|0|2|2|0|0|0|0|0|0|0|0|0|0|0|0|0|0|0|0|0|0|0|0|0|0|0|0|0|0|0|0|0|0|0|0|0|0|0|0|0|0|0|0|0|0|0|0
DHCST|NY|000|05|0212878|76|76|76|0|0|76|49|8|0|6|0|2|11|76|69|7|76|69|46|8|0|6|0|0|9|7|3|0|0|0|0|2|2|87|60|14|1|8|0|4|87|78|55|14|1|8|0|0|9|5|0|0|0|0|4|76|65|49|8|0|6|0|2|11|11|6|1|2|0|2|0|0|0|0|0|0|0|0|0|0|0|0|0|0|0|0|0|0|0|0|0|0|0|0|0|0|0|0|0|0|0|0|0|0|0|0|0|0|0|0|0|0|0|0|0|0|0|0|0|0|0|0|0|0|0|0|76|7|69|60|46|8|0|6|0|0|9|9|6|1|2|0|0|0|0|0|0|0|0|0|0|0|0|0|0|0|0|0|0|0|0|0|0|0|0|0|0|0|0|0|0|0|0|0|0|0|0|0|0|0|0|0|0|0|0|0|0|0|0|0|0|0|0|0|0|0|0|0|0
DHCST|NY|000|05|0212879|106|106|106|0|0|106|86|6|0|3|0|2|9|106|106|0|106|106|86|6|0|3|0|2|9|0|0|0|0|0|0|0|0|115|95|15|0|3|0|2|115|115|95|15|0|3|0|2|0|0|0|0|0|0|0|106|97|86|6|0|3|0|2|9|9|9|0|0|0|0|0|0|0|0|0|0|0|0|0|0|0|0|0|0|0|0|0|0|0|0|0|0|0|0|0|0|0|0|0|0|0|0|0|0|0|0|0|0|0|0|0|0|0|0|0|0|0|0|0|0|0|0|0|0|0|0|106|0|106|97|86|6|0|3|0|2|9|9|9|0|0|0|0|0|0|0|0|0|0|0|0|0|0|0|0|0|0|0|0|0|0|0|0|0|0|0|0|0|0|0|0|0|0|0|0|0|0|0|0|0|0|0|0|0|0|0|0|0|0|0|0|0|0|0|0|0|0|0|0
DHCST|NY|000|05|0212880|220|220|220|0|0|220|170|36|0|6|0|0|8|220|215|5|220|215|168|36|0|6|0|0|5|5|2|0|0|0|0|0|3|228|178|39|2|6|0|3|228|220|173|39|2|6|0|0|8|5|0|0|0|0|3|220|212|170|36|0|6|0|0|8|8|3|2|0|0|3|0|0|0|0|0|0|0|0|0|0|0|0|0|0|0|0|0|0|0|0|0|0|0|0|0|0|0|0|0|0|0|0|0|0|0|0|0|0|0|0|0|0|0|0|0|0|0|0|0|0|0|0|0|0|0|0|220|5|215|210|168|36|0|6|0|0|5|5|3|2|0|0|0|0|0|0|0|0|0|0|0|0|0|0|0|0|0|0|0|0|0|0|0|0|0|0|0|0|0|0|0|0|0|0|0|0|0|0|0|0|0|0|0|0|0|0|0|0|0|0|0|0|0|0|0|0|0|0|0
DHCST|NY|000|05|0212881|100|100|100|0|0|100|62|22|2|4|0|0|10|100|85|15|100|85|57|22|1|4|0|0|1|15|5|0|1|0|0|0|9|110|72|22|2|4|0|10|110|86|58|22|1|4|0|1|24|14|0|1|0|0|9|100|90|62|22|2|4|0|0|10|10|0|0|0|0|10|0|0|0|0|0|0|0|0|0|0|0|0|0|0|0|0|0|0|0|0|0|0|0|0|0|0|0|0|0|0|0|0|0|0|0|0|0|0|0|0|0|0|0|0|0|0|0|0|0|0|0|0|0|0|0|0|100|15|85|84|57|22|1|4|0|0|1|1|0|0|0|0|1|0|0|0|0|0|0|0|0|0|0|0|0|0|0|0|0|0|0|0|0|0|0|0|0|0|0|0|0|0|0|0|0|0|0|0|0|0|0|0|0|0|0|0|0|0|0|0|0|0|0|0|0|0|0|0|0
DHCST|NY|000|05|0212882|91|91|91|0|0|91|41|26|3|7|0|3|11|91|74|17|91|74|41|22|3|7|0|0|1|17|0|4|0|0|0|3|10|102|51|28|3|7|0|13|102|75|42|22|3|7|0|1|27|9|6|0|0|0|12|91|80|41|26|3|7|0|3|11|11|1|0|0|0|9|0|0|0|1|0|0|0|0|0|0|0|0|0|0|0|0|0|0|0|0|0|0|0|0|0|0|0|0|0|0|0|0|0|0|0|0|0|0|0|0|0|0|0|0|0|0|0|0|0|0|0|0|0|0|0|0|91|17|74|73|41|22|3|7|0|0|1|1|0|0|0|0|1|0|0|0|0|0|0|0|0|0|0|0|0|0|0|0|0|0|0|0|0|0|0|0|0|0|0|0|0|0|0|0|0|0|0|0|0|0|0|0|0|0|0|0|0|0|0|0|0|0|0|0|0|0|0|0|0
DHCST|NY|000|05|0212883|103|103|103|0|0|103|67|13|0|4|0|7|12|103|95|8|103|95|67|13|0|4|0|0|11|8|0|0|0|0|0|7|1|115|78|24|0|4|1|8|115|106|78|24|0|4|0|0|9|0|0|0|0|1|8|103|91|67|13|0|4|0|7|12|12|11|0|0|0|0|0|0|0|0|0|0|0|0|0|1|0|0|0|0|0|0|0|0|0|0|0|0|0|0|0|0|0|0|0|0|0|0|0|0|0|0|0|0|0|0|0|0|0|0|0|0|0|0|0|0|0|0|0|0|0|0|103|8|95|84|67|13|0|4|0|0|11|11|11|0|0|0|0|0|0|0|0|0|0|0|0|0|0|0|0|0|0|0|0|0|0|0|0|0|0|0|0|0|0|0|0|0|0|0|0|0|0|0|0|0|0|0|0|0|0|0|0|0|0|0|0|0|0|0|0|0|0|0|0
DHCST|NY|000|05|0212884|47|47|47|0|0|47|30|4|1|2|0|1|9|47|45|2|47|45|30|4|0|2|0|0|9|2|0|0|1|0|0|1|0|56|39|11|2|2|0|2|56|54|39|11|1|2|0|1|2|0|0|1|0|0|1|47|38|30|4|1|2|0|1|9|9|7|1|0|0|1|0|0|0|0|0|0|0|0|0|0|0|0|0|0|0|0|0|0|0|0|0|0|0|0|0|0|0|0|0|0|0|0|0|0|0|0|0|0|0|0|0|0|0|0|0|0|0|0|0|0|0|0|0|0|0|0|47|2|45|36|30|4|0|2|0|0|9|9|7|1|0|0|1|0|0|0|0|0|0|0|0|0|0|0|0|0|0|0|0|0|0|0|0|0|0|0|0|0|0|0|0|0|0|0|0|0|0|0|0|0|0|0|0|0|0|0|0|0|0|0|0|0|0|0|0|0|0|0|0
DHCST|NY|000|05|0212885|36|36|36|0|0|36|27|0|0|3|0|2|4|36|29|7|36|29|24|0|0|3|0|0|2|7|3|0|0|0|0|2|2|40|29|0|0|5|2|4|40|31|26|0|0|5|0|0|9|3|0|0|0|2|4|36|32|27|0|0|3|0|2|4|4|0|0|2|0|0|0|0|0|0|0|0|0|0|0|2|0|0|0|0|0|0|0|0|0|0|0|0|0|0|0|0|0|0|0|0|0|0|0|0|0|0|0|0|0|0|0|0|0|0|0|0|0|0|0|0|0|0|0|0|0|0|36|7|29|27|24|0|0|3|0|0|2|2|0|0|2|0|0|0|0|0|0|0|0|0|0|0|0|0|0|0|0|0|0|0|0|0|0|0|0|0|0|0|0|0|0|0|0|0|0|0|0|0|0|0|0|0|0|0|0|0|0|0|0|0|0|0|0|0|0|0|0|0|0
DHCST|NY|000|05|0212886|30|30|30|0|0|30|23|4|1|0|0|0|2|30|28|2|30|28|23|3|1|0|0|0|1|2|0|1|0|0|0|0|1|32|24|5|1|0|0|2|32|29|24|3|1|0|0|1|3|0|2|0|0|0|1|30|28|23|4|1|0|0|0|2|2|0|0|0|0|1|0|0|0|1|0|0|0|0|0|0|0|0|0|0|0|0|0|0|0|0|0|0|0|0|0|0|0|0|0|0|0|0|0|0|0|0|0|0|0|0|0|0|0|0|0|0|0|0|0|0|0|0|0|0|0|0|30|2|28|27|23|3|1|0|0|0|1|1|0|0|0|0|1|0|0|0|0|0|0|0|0|0|0|0|0|0|0|0|0|0|0|0|0|0|0|0|0|0|0|0|0|0|0|0|0|0|0|0|0|0|0|0|0|0|0|0|0|0|0|0|0|0|0|0|0|0|0|0|0
DHCST|NY|000|05|0212887|6|6|6|0|0|6|2|1|0|0|0|0|3|6|4|2|6|4|2|1|0|0|0|0|1|2|0|0|0|0|0|0|2|9|5|1|1|0|0|2|9|5|3|1|1|0|0|0|4|2|0|0|0|0|2|6|3|2|1|0|0|0|0|3|3|0|1|0|0|2|0|0|0|0|0|0|0|0|0|0|0|0|0|0|0|0|0|0|0|0|0|0|0|0|0|0|0|0|0|0|0|0|0|0|0|0|0|0|0|0|0|0|0|0|0|0|0|0|0|0|0|0|0|0|0|0|6|2|4|3|2|1|0|0|0|0|1|1|0|1|0|0|0|0|0|0|0|0|0|0|0|0|0|0|0|0|0|0|0|0|0|0|0|0|0|0|0|0|0|0|0|0|0|0|0|0|0|0|0|0|0|0|0|0|0|0|0|0|0|0|0|0|0|0|0|0|0|0|0
DHCST|NY|000|05|0212888|0|0|0|0|0|0|0|0|0|0|0|0|0|0|0|0|0|0|0|0|0|0|0|0|0|0|0|0|0|0|0|0|0|0|0|0|0|0|0|0|0|0|0|0|0|0|0|0|0|0|0|0|0|0|0|0|0|0|0|0|0|0|0|0|0|0|0|0|0|0|0|0|0|0|0|0|0|0|0|0|0|0|0|0|0|0|0|0|0|0|0|0|0|0|0|0|0|0|0|0|0|0|0|0|0|0|0|0|0|0|0|0|0|0|0|0|0|0|0|0|0|0|0|0|0|0|0|0|0|0|0|0|0|0|0|0|0|0|0|0|0|0|0|0|0|0|0|0|0|0|0|0|0|0|0|0|0|0|0|0|0|0|0|0|0|0|0|0|0|0|0|0|0|0|0|0|0|0|0|0|0|0|0|0|0|0|0|0|0|0|0|0|0|0|0|0|0|0|0
DHCST|NY|000|05|0212889|68|68|68|0|0|68|52|0|2|5|0|1|8|68|62|6|68|62|48|0|2|5|0|1|6|6|4|0|0|0|0|0|2|78|60|5|4|6|0|3|78|70|54|5|4|6|0|1|8|6|0|0|0|0|2|68|60|52|0|2|5|0|1|8|6|3|1|0|0|2|0|0|0|0|0|0|0|0|0|0|2|1|1|0|0|0|0|0|0|0|0|0|0|0|0|0|0|0|0|0|0|0|0|0|0|0|0|0|0|0|0|0|0|0|0|0|0|0|0|0|0|0|0|0|0|0|68|6|62|56|48|0|2|5|0|1|6|4|3|1|0|0|0|0|0|0|0|0|0|0|0|0|0|2|1|1|0|0|0|0|0|0|0|0|0|0|0|0|0|0|0|0|0|0|0|0|0|0|0|0|0|0|0|0|0|0|0|0|0|0|0|0|0|0|0|0|0|0|0
DHCST|NY|000|05|0212890|34|34|34|0|0|34|16|2|0|2|0|3|11|34|25|9|34|25|16|2|0|2|0|0|5|9|0|0|0|0|0|3|6|45|27|2|5|2|0|9|45|30|21|2|5|2|0|0|15|6|0|0|0|0|9|34|23|16|2|0|2|0|3|11|11|0|5|0|0|6|0|0|0|0|0|0|0|0|0|0|0|0|0|0|0|0|0|0|0|0|0|0|0|0|0|0|0|0|0|0|0|0|0|0|0|0|0|0|0|0|0|0|0|0|0|0|0|0|0|0|0|0|0|0|0|0|34|9|25|20|16|2|0|2|0|0|5|5|0|5|0|0|0|0|0|0|0|0|0|0|0|0|0|0|0|0|0|0|0|0|0|0|0|0|0|0|0|0|0|0|0|0|0|0|0|0|0|0|0|0|0|0|0|0|0|0|0|0|0|0|0|0|0|0|0|0|0|0|0
DHCST|NY|000|05|0212891|56|56|56|0|0|56|35|4|0|0|0|8|9|56|42|14|56|42|31|4|0|0|0|4|3|14|4|0|0|0|0|4|6|66|43|5|0|1|0|17|66|45|34|4|0|0|0|7|21|9|1|0|1|0|10|56|47|35|4|0|0|0|8|9|8|0|0|0|0|8|0|0|0|0|0|0|0|0|0|0|1|0|0|0|0|0|0|0|0|0|0|0|0|0|0|1|0|0|0|0|0|0|0|0|0|0|0|0|0|0|0|0|0|0|0|0|0|0|0|0|0|0|0|0|0|0|56|14|42|39|31|4|0|0|0|4|3|3|0|0|0|0|3|0|0|0|0|0|0|0|0|0|0|0|0|0|0|0|0|0|0|0|0|0|0|0|0|0|0|0|0|0|0|0|0|0|0|0|0|0|0|0|0|0|0|0|0|0|0|0|0|0|0|0|0|0|0|0|0
DHCST|NY|000|05|0212892|67|67|67|0|0|67|57|0|0|0|0|0|10|67|64|3|67|64|55|0|0|0|0|0|9|3|2|0|0|0|0|0|1|77|67|3|4|0|0|3|77|73|64|3|4|0|0|2|4|3|0|0|0|0|1|67|57|57|0|0|0|0|0|10|10|3|4|0|0|3|0|0|0|0|0|0|0|0|0|0|0|0|0|0|0|0|0|0|0|0|0|0|0|0|0|0|0|0|0|0|0|0|0|0|0|0|0|0|0|0|0|0|0|0|0|0|0|0|0|0|0|0|0|0|0|0|67|3|64|55|55|0|0|0|0|0|9|9|3|4|0|0|2|0|0|0|0|0|0|0|0|0|0|0|0|0|0|0|0|0|0|0|0|0|0|0|0|0|0|0|0|0|0|0|0|0|0|0|0|0|0|0|0|0|0|0|0|0|0|0|0|0|0|0|0|0|0|0|0
DHCST|NY|000|05|0212893|62|62|62|0|0|62|38|10|0|0|0|5|9|62|54|8|62|54|38|7|0|0|0|1|8|8|0|3|0|0|0|4|1|71|46|19|0|0|0|6|71|62|46|15|0|0|0|1|9|0|4|0|0|0|5|62|53|38|10|0|0|0|5|9|9|8|0|0|0|0|0|0|0|1|0|0|0|0|0|0|0|0|0|0|0|0|0|0|0|0|0|0|0|0|0|0|0|0|0|0|0|0|0|0|0|0|0|0|0|0|0|0|0|0|0|0|0|0|0|0|0|0|0|0|0|0|62|8|54|46|38|7|0|0|0|1|8|8|8|0|0|0|0|0|0|0|0|0|0|0|0|0|0|0|0|0|0|0|0|0|0|0|0|0|0|0|0|0|0|0|0|0|0|0|0|0|0|0|0|0|0|0|0|0|0|0|0|0|0|0|0|0|0|0|0|0|0|0|0
DHCST|NY|000|05|0212894|63|63|63|0|0|63|46|5|0|3|0|0|9|63|61|2|63|61|44|5|0|3|0|0|9|2|2|0|0|0|0|0|0|72|55|5|9|3|0|0|72|70|53|5|9|3|0|0|2|2|0|0|0|0|0|63|54|46|5|0|3|0|0|9|9|0|9|0|0|0|0|0|0|0|0|0|0|0|0|0|0|0|0|0|0|0|0|0|0|0|0|0|0|0|0|0|0|0|0|0|0|0|0|0|0|0|0|0|0|0|0|0|0|0|0|0|0|0|0|0|0|0|0|0|0|0|63|2|61|52|44|5|0|3|0|0|9|9|0|9|0|0|0|0|0|0|0|0|0|0|0|0|0|0|0|0|0|0|0|0|0|0|0|0|0|0|0|0|0|0|0|0|0|0|0|0|0|0|0|0|0|0|0|0|0|0|0|0|0|0|0|0|0|0|0|0|0|0|0
DHCST|NY|000|05|0212895|56|56|56|0|0|56|33|7|2|5|0|2|7|56|50|6|56|50|33|7|2|5|0|0|3|6|0|0|0|0|0|2|4|65|40|9|5|5|0|6|65|53|36|7|5|5|0|0|12|4|2|0|0|0|6|56|49|33|7|2|5|0|2|7|5|0|3|0|0|2|0|0|0|0|0|0|0|0|0|0|2|0|0|0|2|0|0|0|0|0|0|0|0|0|0|0|0|0|0|0|0|0|0|0|0|0|0|0|0|0|0|0|0|0|0|0|0|0|0|0|0|0|0|0|0|0|56|6|50|47|33|7|2|5|0|0|3|3|0|3|0|0|0|0|0|0|0|0|0|0|0|0|0|0|0|0|0|0|0|0|0|0|0|0|0|0|0|0|0|0|0|0|0|0|0|0|0|0|0|0|0|0|0|0|0|0|0|0|0|0|0|0|0|0|0|0|0|0|0
DHCST|NY|000|05|0212896|31|31|31|0|0|31|24|1|3|0|0|0|3|31|29|2|31|29|22|1|3|0|0|0|3|2|2|0|0|0|0|0|0|34|26|3|3|0|0|2|34|32|24|3|3|0|0|2|2|2|0|0|0|0|0|31|28|24|1|3|0|0|0|3|3|1|0|0|0|1|0|0|0|1|0|0|0|0|0|0|0|0|0|0|0|0|0|0|0|0|0|0|0|0|0|0|0|0|0|0|0|0|0|0|0|0|0|0|0|0|0|0|0|0|0|0|0|0|0|0|0|0|0|0|0|0|31|2|29|26|22|1|3|0|0|0|3|3|1|0|0|0|1|0|0|0|1|0|0|0|0|0|0|0|0|0|0|0|0|0|0|0|0|0|0|0|0|0|0|0|0|0|0|0|0|0|0|0|0|0|0|0|0|0|0|0|0|0|0|0|0|0|0|0|0|0|0|0|0
DHCST|NY|000|05|0212897|47|47|47|0|0|47|38|6|0|0|0|1|2|47|46|1|47|46|38|5|0|0|0|1|2|1|0|1|0|0|0|0|0|49|40|6|0|0|0|3|49|48|40|5|0|0|0|3|1|0|1|0|0|0|0|47|45|38|6|0|0|0|1|2|2|0|0|0|0|2|0|0|0|0|0|0|0|0|0|0|0|0|0|0|0|0|0|0|0|0|0|0|0|0|0|0|0|0|0|0|0|0|0|0|0|0|0|0|0|0|0|0|0|0|0|0|0|0|0|0|0|0|0|0|0|0|47|1|46|44|38|5|0|0|0|1|2|2|0|0|0|0|2|0|0|0|0|0|0|0|0|0|0|0|0|0|0|0|0|0|0|0|0|0|0|0|0|0|0|0|0|0|0|0|0|0|0|0|0|0|0|0|0|0|0|0|0|0|0|0|0|0|0|0|0|0|0|0|0
DHCST|NY|000|05|0212898|64|64|64|0|0|64|38|21|0|0|0|5|0|64|59|5|64|59|38|21|0|0|0|0|0|5|0|0|0|0|0|5|0|64|38|21|0|0|0|5|64|59|38|21|0|0|0|0|5|0|0|0|0|0|5|64|64|38|21|0|0|0|5|0|0|0|0|0|0|0|0|0|0|0|0|0|0|0|0|0|0|0|0|0|0|0|0|0|0|0|0|0|0|0|0|0|0|0|0|0|0|0|0|0|0|0|0|0|0|0|0|0|0|0|0|0|0|0|0|0|0|0|0|0|0|0|64|5|59|59|38|21|0|0|0|0|0|0|0|0|0|0|0|0|0|0|0|0|0|0|0|0|0|0|0|0|0|0|0|0|0|0|0|0|0|0|0|0|0|0|0|0|0|0|0|0|0|0|0|0|0|0|0|0|0|0|0|0|0|0|0|0|0|0|0|0|0|0|0
DHCST|NY|000|05|0212899|89|89|89|0|0|89|55|22|0|2|0|1|9|89|85|4|89|85|55|22|0|2|0|1|5|4|0|0|0|0|0|0|4|98|64|26|0|2|0|6|98|90|60|26|0|2|0|2|8|4|0|0|0|0|4|89|80|55|22|0|2|0|1|9|9|4|0|0|0|5|0|0|0|0|0|0|0|0|0|0|0|0|0|0|0|0|0|0|0|0|0|0|0|0|0|0|0|0|0|0|0|0|0|0|0|0|0|0|0|0|0|0|0|0|0|0|0|0|0|0|0|0|0|0|0|0|89|4|85|80|55|22|0|2|0|1|5|5|4|0|0|0|1|0|0|0|0|0|0|0|0|0|0|0|0|0|0|0|0|0|0|0|0|0|0|0|0|0|0|0|0|0|0|0|0|0|0|0|0|0|0|0|0|0|0|0|0|0|0|0|0|0|0|0|0|0|0|0|0
DHCST|NY|000|05|0212900|63|63|63|0|0|63|36|16|0|0|0|4|7|63|57|6|63|57|35|16|0|0|0|0|6|6|1|0|0|0|0|4|1|70|43|16|1|0|0|10|70|63|41|16|1|0|0|5|7|2|0|0|0|0|5|63|56|36|16|0|0|0|4|7|7|0|1|0|0|6|0|0|0|0|0|0|0|0|0|0|0|0|0|0|0|0|0|0|0|0|0|0|0|0|0|0|0|0|0|0|0|0|0|0|0|0|0|0|0|0|0|0|0|0|0|0|0|0|0|0|0|0|0|0|0|0|63|6|57|51|35|16|0|0|0|0|6|6|0|1|0|0|5|0|0|0|0|0|0|0|0|0|0|0|0|0|0|0|0|0|0|0|0|0|0|0|0|0|0|0|0|0|0|0|0|0|0|0|0|0|0|0|0|0|0|0|0|0|0|0|0|0|0|0|0|0|0|0|0
DHCST|NY|000|05|0212901|36|36|36|0|0|36|23|0|3|1|0|6|3|36|28|8|36|28|22|0|2|1|0|0|3|8|1|0|1|0|0|6|0|39|26|3|3|1|0|6|39|31|25|3|2|1|0|0|8|1|0|1|0|0|6|36|33|23|0|3|1|0|6|3|3|3|0|0|0|0|0|0|0|0|0|0|0|0|0|0|0|0|0|0|0|0|0|0|0|0|0|0|0|0|0|0|0|0|0|0|0|0|0|0|0|0|0|0|0|0|0|0|0|0|0|0|0|0|0|0|0|0|0|0|0|0|36|8|28|25|22|0|2|1|0|0|3|3|3|0|0|0|0|0|0|0|0|0|0|0|0|0|0|0|0|0|0|0|0|0|0|0|0|0|0|0|0|0|0|0|0|0|0|0|0|0|0|0|0|0|0|0|0|0|0|0|0|0|0|0|0|0|0|0|0|0|0|0|0
DHCST|NY|000|05|0212902|54|54|54|0|0|54|40|9|0|0|0|0|5|54|54|0|54|54|40|9|0|0|0|0|5|0|0|0|0|0|0|0|0|59|45|9|1|1|0|3|59|59|45|9|1|1|0|3|0|0|0|0|0|0|0|54|49|40|9|0|0|0|0|5|5|0|1|1|0|3|0|0|0|0|0|0|0|0|0|0|0|0|0|0|0|0|0|0|0|0|0|0|0|0|0|0|0|0|0|0|0|0|0|0|0|0|0|0|0|0|0|0|0|0|0|0|0|0|0|0|0|0|0|0|0|0|54|0|54|49|40|9|0|0|0|0|5|5|0|1|1|0|3|0|0|0|0|0|0|0|0|0|0|0|0|0|0|0|0|0|0|0|0|0|0|0|0|0|0|0|0|0|0|0|0|0|0|0|0|0|0|0|0|0|0|0|0|0|0|0|0|0|0|0|0|0|0|0|0
DHCST|NY|000|05|0212903|66|66|66|0|0|66|48|12|0|1|0|0|5|66|63|3|66|63|45|12|0|1|0|0|5|3|3|0|0|0|0|0|0|71|53|17|0|1|0|0|71|68|50|17|0|1|0|0|3|3|0|0|0|0|0|66|61|48|12|0|1|0|0|5|5|5|0|0|0|0|0|0|0|0|0|0|0|0|0|0|0|0|0|0|0|0|0|0|0|0|0|0|0|0|0|0|0|0|0|0|0|0|0|0|0|0|0|0|0|0|0|0|0|0|0|0|0|0|0|0|0|0|0|0|0|0|66|3|63|58|45|12|0|1|0|0|5|5|5|0|0|0|0|0|0|0|0|0|0|0|0|0|0|0|0|0|0|0|0|0|0|0|0|0|0|0|0|0|0|0|0|0|0|0|0|0|0|0|0|0|0|0|0|0|0|0|0|0|0|0|0|0|0|0|0|0|0|0|0
DHCST|NY|000|05|0212904|0|0|0|0|0|0|0|0|0|0|0|0|0|0|0|0|0|0|0|0|0|0|0|0|0|0|0|0|0|0|0|0|0|0|0|0|0|0|0|0|0|0|0|0|0|0|0|0|0|0|0|0|0|0|0|0|0|0|0|0|0|0|0|0|0|0|0|0|0|0|0|0|0|0|0|0|0|0|0|0|0|0|0|0|0|0|0|0|0|0|0|0|0|0|0|0|0|0|0|0|0|0|0|0|0|0|0|0|0|0|0|0|0|0|0|0|0|0|0|0|0|0|0|0|0|0|0|0|0|0|0|0|0|0|0|0|0|0|0|0|0|0|0|0|0|0|0|0|0|0|0|0|0|0|0|0|0|0|0|0|0|0|0|0|0|0|0|0|0|0|0|0|0|0|0|0|0|0|0|0|0|0|0|0|0|0|0|0|0|0|0|0|0|0|0|0|0|0|0
DHCST|NY|000|05|0212905|65|65|65|0|0|65|29|30|0|4|0|0|2|65|63|2|65|63|28|30|0|4|0|0|1|2|1|0|0|0|0|0|1|67|31|30|1|4|0|1|67|64|29|30|1|4|0|0|3|2|0|0|0|0|1|65|63|29|30|0|4|0|0|2|2|0|1|0|0|1|0|0|0|0|0|0|0|0|0|0|0|0|0|0|0|0|0|0|0|0|0|0|0|0|0|0|0|0|0|0|0|0|0|0|0|0|0|0|0|0|0|0|0|0|0|0|0|0|0|0|0|0|0|0|0|0|65|2|63|62|28|30|0|4|0|0|1|1|0|1|0|0|0|0|0|0|0|0|0|0|0|0|0|0|0|0|0|0|0|0|0|0|0|0|0|0|0|0|0|0|0|0|0|0|0|0|0|0|0|0|0|0|0|0|0|0|0|0|0|0|0|0|0|0|0|0|0|0|0
DHCST|NY|000|05|0212906|40|40|40|0|0|40|28|12|0|0|0|0|0|40|39|1|40|39|27|12|0|0|0|0|0|1|1|0|0|0|0|0|0|40|28|12|0|0|0|0|40|39|27|12|0|0|0|0|1|1|0|0|0|0|0|40|40|28|12|0|0|0|0|0|0|0|0|0|0|0|0|0|0|0|0|0|0|0|0|0|0|0|0|0|0|0|0|0|0|0|0|0|0|0|0|0|0|0|0|0|0|0|0|0|0|0|0|0|0|0|0|0|0|0|0|0|0|0|0|0|0|0|0|0|0|0|40|1|39|39|27|12|0|0|0|0|0|0|0|0|0|0|0|0|0|0|0|0|0|0|0|0|0|0|0|0|0|0|0|0|0|0|0|0|0|0|0|0|0|0|0|0|0|0|0|0|0|0|0|0|0|0|0|0|0|0|0|0|0|0|0|0|0|0|0|0|0|0|0
DHCST|NY|000|05|0212907|27|27|27|0|0|27|19|7|0|0|0|0|1|27|25|2|27|25|18|7|0|0|0|0|0|2|1|0|0|0|0|0|1|29|20|7|1|1|0|0|29|25|18|7|0|0|0|0|4|2|0|1|1|0|0|27|26|19|7|0|0|0|0|1|0|0|0|0|0|0|0|0|0|0|0|0|0|0|0|0|1|0|0|0|0|1|0|0|0|0|0|0|0|0|0|0|0|0|0|0|0|0|0|0|0|0|0|0|0|0|0|0|0|0|0|0|0|0|0|0|0|0|0|0|0|0|27|2|25|25|18|7|0|0|0|0|0|0|0|0|0|0|0|0|0|0|0|0|0|0|0|0|0|0|0|0|0|0|0|0|0|0|0|0|0|0|0|0|0|0|0|0|0|0|0|0|0|0|0|0|0|0|0|0|0|0|0|0|0|0|0|0|0|0|0|0|0|0|0
DHCST|NY|000|05|0212908|75|75|75|0|0|75|43|27|0|2|0|1|2|75|75|0|75|75|43|27|0|2|0|1|2|0|0|0|0|0|0|0|0|77|45|27|0|4|0|1|77|77|45|27|0|4|0|1|0|0|0|0|0|0|0|75|73|43|27|0|2|0|1|2|2|0|0|2|0|0|0|0|0|0|0|0|0|0|0|0|0|0|0|0|0|0|0|0|0|0|0|0|0|0|0|0|0|0|0|0|0|0|0|0|0|0|0|0|0|0|0|0|0|0|0|0|0|0|0|0|0|0|0|0|0|0|75|0|75|73|43|27|0|2|0|1|2|2|0|0|2|0|0|0|0|0|0|0|0|0|0|0|0|0|0|0|0|0|0|0|0|0|0|0|0|0|0|0|0|0|0|0|0|0|0|0|0|0|0|0|0|0|0|0|0|0|0|0|0|0|0|0|0|0|0|0|0|0|0
DHCST|NY|000|05|0212909|38|38|38|0|0|38|16|10|0|3|0|2|7|38|34|4|38|34|16|10|0|3|0|0|5|4|0|0|0|0|0|2|2|45|23|10|5|3|0|4|45|39|21|10|5|3|0|0|6|2|0|0|0|0|4|38|31|16|10|0|3|0|2|7|7|0|5|0|0|2|0|0|0|0|0|0|0|0|0|0|0|0|0|0|0|0|0|0|0|0|0|0|0|0|0|0|0|0|0|0|0|0|0|0|0|0|0|0|0|0|0|0|0|0|0|0|0|0|0|0|0|0|0|0|0|0|38|4|34|29|16|10|0|3|0|0|5|5|0|5|0|0|0|0|0|0|0|0|0|0|0|0|0|0|0|0|0|0|0|0|0|0|0|0|0|0|0|0|0|0|0|0|0|0|0|0|0|0|0|0|0|0|0|0|0|0|0|0|0|0|0|0|0|0|0|0|0|0|0
DHCST|NY|000|05|0212910|57|57|57|0|0|57|30|21|0|0|0|0|6|57|53|4|57|53|28|21|0|0|0|0|4|4|2|0|0|0|0|0|2|63|36|25|0|0|0|2|63|57|32|25|0|0|0|0|6|4|0|0|0|0|2|57|51|30|21|0|0|0|0|6|6|4|0|0|0|2|0|0|0|0|0|0|0|0|0|0|0|0|0|0|0|0|0|0|0|0|0|0|0|0|0|0|0|0|0|0|0|0|0|0|0|0|0|0|0|0|0|0|0|0|0|0|0|0|0|0|0|0|0|0|0|0|57|4|53|49|28|21|0|0|0|0|4|4|4|0|0|0|0|0|0|0|0|0|0|0|0|0|0|0|0|0|0|0|0|0|0|0|0|0|0|0|0|0|0|0|0|0|0|0|0|0|0|0|0|0|0|0|0|0|0|0|0|0|0|0|0|0|0|0|0|0|0|0|0
DHCST|NY|000|05|0212911|0|0|0|0|0|0|0|0|0|0|0|0|0|0|0|0|0|0|0|0|0|0|0|0|0|0|0|0|0|0|0|0|0|0|0|0|0|0|0|0|0|0|0|0|0|0|0|0|0|0|0|0|0|0|0|0|0|0|0|0|0|0|0|0|0|0|0|0|0|0|0|0|0|0|0|0|0|0|0|0|0|0|0|0|0|0|0|0|0|0|0|0|0|0|0|0|0|0|0|0|0|0|0|0|0|0|0|0|0|0|0|0|0|0|0|0|0|0|0|0|0|0|0|0|0|0|0|0|0|0|0|0|0|0|0|0|0|0|0|0|0|0|0|0|0|0|0|0|0|0|0|0|0|0|0|0|0|0|0|0|0|0|0|0|0|0|0|0|0|0|0|0|0|0|0|0|0|0|0|0|0|0|0|0|0|0|0|0|0|0|0|0|0|0|0|0|0|0|0
DHCST|NY|000|05|0212912|0|0|0|0|0|0|0|0|0|0|0|0|0|0|0|0|0|0|0|0|0|0|0|0|0|0|0|0|0|0|0|0|0|0|0|0|0|0|0|0|0|0|0|0|0|0|0|0|0|0|0|0|0|0|0|0|0|0|0|0|0|0|0|0|0|0|0|0|0|0|0|0|0|0|0|0|0|0|0|0|0|0|0|0|0|0|0|0|0|0|0|0|0|0|0|0|0|0|0|0|0|0|0|0|0|0|0|0|0|0|0|0|0|0|0|0|0|0|0|0|0|0|0|0|0|0|0|0|0|0|0|0|0|0|0|0|0|0|0|0|0|0|0|0|0|0|0|0|0|0|0|0|0|0|0|0|0|0|0|0|0|0|0|0|0|0|0|0|0|0|0|0|0|0|0|0|0|0|0|0|0|0|0|0|0|0|0|0|0|0|0|0|0|0|0|0|0|0|0
DHCST|NY|000|05|0212913|0|0|0|0|0|0|0|0|0|0|0|0|0|0|0|0|0|0|0|0|0|0|0|0|0|0|0|0|0|0|0|0|0|0|0|0|0|0|0|0|0|0|0|0|0|0|0|0|0|0|0|0|0|0|0|0|0|0|0|0|0|0|0|0|0|0|0|0|0|0|0|0|0|0|0|0|0|0|0|0|0|0|0|0|0|0|0|0|0|0|0|0|0|0|0|0|0|0|0|0|0|0|0|0|0|0|0|0|0|0|0|0|0|0|0|0|0|0|0|0|0|0|0|0|0|0|0|0|0|0|0|0|0|0|0|0|0|0|0|0|0|0|0|0|0|0|0|0|0|0|0|0|0|0|0|0|0|0|0|0|0|0|0|0|0|0|0|0|0|0|0|0|0|0|0|0|0|0|0|0|0|0|0|0|0|0|0|0|0|0|0|0|0|0|0|0|0|0|0
DHCST|NY|000|05|0212914|26|26|26|0|0|26|21|0|0|3|0|0|2|26|26|0|26|26|21|0|0|3|0|0|2|0|0|0|0|0|0|0|0|28|23|0|2|3|0|0|28|28|23|0|2|3|0|0|0|0|0|0|0|0|0|26|24|21|0|0|3|0|0|2|2|0|2|0|0|0|0|0|0|0|0|0|0|0|0|0|0|0|0|0|0|0|0|0|0|0|0|0|0|0|0|0|0|0|0|0|0|0|0|0|0|0|0|0|0|0|0|0|0|0|0|0|0|0|0|0|0|0|0|0|0|0|26|0|26|24|21|0|0|3|0|0|2|2|0|2|0|0|0|0|0|0|0|0|0|0|0|0|0|0|0|0|0|0|0|0|0|0|0|0|0|0|0|0|0|0|0|0|0|0|0|0|0|0|0|0|0|0|0|0|0|0|0|0|0|0|0|0|0|0|0|0|0|0|0
DHCST|NY|000|05|0212915|47|47|47|0|0|47|26|10|0|0|0|0|11|47|39|8|47|39|26|9|0|0|0|0|4|8|0|1|0|0|0|0|7|58|37|11|1|0|0|9|58|43|30|10|1|0|0|2|15|7|1|0|0|0|7|47|36|26|10|0|0|0|0|11|11|1|1|0|0|9|0|0|0|0|0|0|0|0|0|0|0|0|0|0|0|0|0|0|0|0|0|0|0|0|0|0|0|0|0|0|0|0|0|0|0|0|0|0|0|0|0|0|0|0|0|0|0|0|0|0|0|0|0|0|0|0|47|8|39|35|26|9|0|0|0|0|4|4|1|1|0|0|2|0|0|0|0|0|0|0|0|0|0|0|0|0|0|0|0|0|0|0|0|0|0|0|0|0|0|0|0|0|0|0|0|0|0|0|0|0|0|0|0|0|0|0|0|0|0|0|0|0|0|0|0|0|0|0|0
DHCST|NY|000|05|0212916|59|59|59|0|0|59|45|5|0|3|0|0|6|59|55|4|59|55|45|5|0|3|0|0|2|4|0|0|0|0|0|0|4|66|51|7|0|5|0|3|66|57|47|5|0|5|0|0|9|4|2|0|0|0|3|59|53|45|5|0|3|0|0|6|5|1|0|2|0|2|0|0|0|0|0|0|0|0|0|0|1|0|0|0|1|0|0|0|0|0|0|0|0|0|0|0|0|0|0|0|0|0|0|0|0|0|0|0|0|0|0|0|0|0|0|0|0|0|0|0|0|0|0|0|0|0|59|4|55|53|45|5|0|3|0|0|2|2|0|0|2|0|0|0|0|0|0|0|0|0|0|0|0|0|0|0|0|0|0|0|0|0|0|0|0|0|0|0|0|0|0|0|0|0|0|0|0|0|0|0|0|0|0|0|0|0|0|0|0|0|0|0|0|0|0|0|0|0|0
DHCST|NY|000|05|0212917|0|0|0|0|0|0|0|0|0|0|0|0|0|0|0|0|0|0|0|0|0|0|0|0|0|0|0|0|0|0|0|0|0|0|0|0|0|0|0|0|0|0|0|0|0|0|0|0|0|0|0|0|0|0|0|0|0|0|0|0|0|0|0|0|0|0|0|0|0|0|0|0|0|0|0|0|0|0|0|0|0|0|0|0|0|0|0|0|0|0|0|0|0|0|0|0|0|0|0|0|0|0|0|0|0|0|0|0|0|0|0|0|0|0|0|0|0|0|0|0|0|0|0|0|0|0|0|0|0|0|0|0|0|0|0|0|0|0|0|0|0|0|0|0|0|0|0|0|0|0|0|0|0|0|0|0|0|0|0|0|0|0|0|0|0|0|0|0|0|0|0|0|0|0|0|0|0|0|0|0|0|0|0|0|0|0|0|0|0|0|0|0|0|0|0|0|0|0|0
DHCST|NY|000|05|0212918|30|30|30|0|0|30|12|14|1|0|0|0|3|30|27|3|30|27|12|14|1|0|0|0|0|3|0|0|0|0|0|0|3|33|14|15|1|0|0|3|33|27|12|14|1|0|0|0|6|2|1|0|0|0|3|30|27|12|14|1|0|0|0|3|3|0|0|0|0|2|0|0|0|1|0|0|0|0|0|0|0|0|0|0|0|0|0|0|0|0|0|0|0|0|0|0|0|0|0|0|0|0|0|0|0|0|0|0|0|0|0|0|0|0|0|0|0|0|0|0|0|0|0|0|0|0|30|3|27|27|12|14|1|0|0|0|0|0|0|0|0|0|0|0|0|0|0|0|0|0|0|0|0|0|0|0|0|0|0|0|0|0|0|0|0|0|0|0|0|0|0|0|0|0|0|0|0|0|0|0|0|0|0|0|0|0|0|0|0|0|0|0|0|0|0|0|0|0|0
DHCST|NY|000|05|0212919|67|67|67|0|0|67|32|27|0|0|0|1|7|67|62|5|67|62|32|24|0|0|0|0|6|5|0|3|0|0|0|1|1|74|39|28|5|0|0|2|74|68|38|25|5|0|0|0|6|1|3|0|0|0|2|67|60|32|27|0|0|0|1|7|7|1|5|0|0|1|0|0|0|0|0|0|0|0|0|0|0|0|0|0|0|0|0|0|0|0|0|0|0|0|0|0|0|0|0|0|0|0|0|0|0|0|0|0|0|0|0|0|0|0|0|0|0|0|0|0|0|0|0|0|0|0|67|5|62|56|32|24|0|0|0|0|6|6|1|5|0|0|0|0|0|0|0|0|0|0|0|0|0|0|0|0|0|0|0|0|0|0|0|0|0|0|0|0|0|0|0|0|0|0|0|0|0|0|0|0|0|0|0|0|0|0|0|0|0|0|0|0|0|0|0|0|0|0|0
DHCST|NY|000|05|0212920|69|69|69|0|0|69|38|10|2|1|0|1|17|69|58|11|69|58|38|10|2|1|0|1|6|11|0|0|0|0|0|0|11|88|55|13|6|3|0|11|88|64|44|11|4|3|0|2|24|11|2|2|0|0|9|69|52|38|10|2|1|0|1|17|15|1|2|2|0|10|0|0|0|0|0|0|0|0|0|0|2|2|0|0|0|0|0|0|0|0|0|0|0|0|0|0|0|0|0|0|0|0|0|0|0|0|0|0|0|0|0|0|0|0|0|0|0|0|0|0|0|0|0|0|0|0|69|11|58|52|38|10|2|1|0|1|6|6|1|2|2|0|1|0|0|0|0|0|0|0|0|0|0|0|0|0|0|0|0|0|0|0|0|0|0|0|0|0|0|0|0|0|0|0|0|0|0|0|0|0|0|0|0|0|0|0|0|0|0|0|0|0|0|0|0|0|0|0|0
DHCST|NY|000|05|0212921|82|82|82|0|0|82|59|8|0|6|0|0|9|82|76|6|82|76|59|5|0|6|0|0|6|6|0|3|0|0|0|0|3|91|68|8|0|10|0|5|91|82|65|5|0|10|0|2|9|3|3|0|0|0|3|82|73|59|8|0|6|0|0|9|9|0|0|4|0|5|0|0|0|0|0|0|0|0|0|0|0|0|0|0|0|0|0|0|0|0|0|0|0|0|0|0|0|0|0|0|0|0|0|0|0|0|0|0|0|0|0|0|0|0|0|0|0|0|0|0|0|0|0|0|0|0|82|6|76|70|59|5|0|6|0|0|6|6|0|0|4|0|2|0|0|0|0|0|0|0|0|0|0|0|0|0|0|0|0|0|0|0|0|0|0|0|0|0|0|0|0|0|0|0|0|0|0|0|0|0|0|0|0|0|0|0|0|0|0|0|0|0|0|0|0|0|0|0|0
DHCST|NY|000|05|0212922|64|64|64|0|0|64|48|9|0|0|0|2|5|64|61|3|64|61|48|8|0|0|0|2|3|3|0|1|0|0|0|0|2|72|52|13|3|0|0|4|72|66|51|10|3|0|0|2|6|1|3|0|0|0|2|64|59|48|9|0|0|0|2|5|2|0|1|0|0|0|0|0|0|1|0|0|0|0|0|0|3|2|0|0|1|0|0|0|0|0|0|0|0|0|0|0|0|0|0|0|0|0|0|0|0|0|0|0|0|0|0|0|0|0|0|0|0|0|0|0|0|0|0|0|0|0|64|3|61|58|48|8|0|0|0|2|3|1|0|1|0|0|0|0|0|0|0|0|0|0|0|0|0|2|2|0|0|0|0|0|0|0|0|0|0|0|0|0|0|0|0|0|0|0|0|0|0|0|0|0|0|0|0|0|0|0|0|0|0|0|0|0|0|0|0|0|0|0|0
DHCST|NY|000|05|0212923|59|59|59|0|0|59|45|3|1|0|0|0|10|59|54|5|59|54|45|3|1|0|0|0|5|5|0|0|0|0|0|0|5|69|55|5|1|0|0|8|69|59|50|5|1|0|0|3|10|5|0|0|0|0|5|59|49|45|3|1|0|0|0|10|10|2|0|0|0|8|0|0|0|0|0|0|0|0|0|0|0|0|0|0|0|0|0|0|0|0|0|0|0|0|0|0|0|0|0|0|0|0|0|0|0|0|0|0|0|0|0|0|0|0|0|0|0|0|0|0|0|0|0|0|0|0|59|5|54|49|45|3|1|0|0|0|5|5|2|0|0|0|3|0|0|0|0|0|0|0|0|0|0|0|0|0|0|0|0|0|0|0|0|0|0|0|0|0|0|0|0|0|0|0|0|0|0|0|0|0|0|0|0|0|0|0|0|0|0|0|0|0|0|0|0|0|0|0|0
DHCST|NY|000|05|0212924|53|53|53|0|0|53|40|6|0|0|0|0|7|53|52|1|53|52|39|6|0|0|0|0|7|1|1|0|0|0|0|0|0|62|47|11|3|0|0|1|62|61|46|11|3|0|0|1|1|1|0|0|0|0|0|53|46|40|6|0|0|0|0|7|6|4|2|0|0|0|0|0|0|0|0|0|0|0|0|0|0|0|0|0|0|0|0|0|0|0|0|0|0|0|0|0|0|0|0|0|0|1|0|0|1|0|0|0|0|0|0|0|0|0|0|0|0|0|0|0|0|0|0|0|0|0|53|1|52|45|39|6|0|0|0|0|7|6|4|2|0|0|0|0|0|0|0|0|0|0|0|0|0|0|0|0|0|0|0|0|0|0|0|0|0|0|0|0|0|0|0|0|0|0|1|0|0|1|0|0|0|0|0|0|0|0|0|0|0|0|0|0|0|0|0|0|0|0|0
DHCST|NY|000|05|0212925|67|67|67|0|0|67|57|4|0|0|0|2|4|67|63|4|67|63|57|4|0|0|0|0|2|4|0|0|0|0|0|2|2|71|60|5|1|0|0|5|71|65|58|5|1|0|0|1|6|2|0|0|0|0|4|67|63|57|4|0|0|0|2|4|4|0|0|0|0|3|1|0|0|0|0|0|0|0|0|0|0|0|0|0|0|0|0|0|0|0|0|0|0|0|0|0|0|0|0|0|0|0|0|0|0|0|0|0|0|0|0|0|0|0|0|0|0|0|0|0|0|0|0|0|0|0|67|4|63|61|57|4|0|0|0|0|2|2|0|0|0|0|1|1|0|0|0|0|0|0|0|0|0|0|0|0|0|0|0|0|0|0|0|0|0|0|0|0|0|0|0|0|0|0|0|0|0|0|0|0|0|0|0|0|0|0|0|0|0|0|0|0|0|0|0|0|0|0|0
DHCST|NY|000|05|0212926|55|55|55|0|0|55|46|5|0|0|0|0|4|55|52|3|55|52|46|5|0|0|0|0|1|3|0|0|0|0|0|0|3|59|50|5|0|1|0|3|59|53|47|5|0|1|0|0|6|3|0|0|0|0|3|55|51|46|5|0|0|0|0|4|4|0|0|1|0|3|0|0|0|0|0|0|0|0|0|0|0|0|0|0|0|0|0|0|0|0|0|0|0|0|0|0|0|0|0|0|0|0|0|0|0|0|0|0|0|0|0|0|0|0|0|0|0|0|0|0|0|0|0|0|0|0|55|3|52|51|46|5|0|0|0|0|1|1|0|0|1|0|0|0|0|0|0|0|0|0|0|0|0|0|0|0|0|0|0|0|0|0|0|0|0|0|0|0|0|0|0|0|0|0|0|0|0|0|0|0|0|0|0|0|0|0|0|0|0|0|0|0|0|0|0|0|0|0|0
DHCST|NY|000|05|0212927|101|101|101|0|0|101|79|7|0|0|0|1|14|101|95|6|101|95|77|5|0|0|0|0|13|6|2|2|0|0|0|1|1|115|93|17|0|0|0|5|115|108|90|15|0|0|0|3|7|3|2|0|0|0|2|101|87|79|7|0|0|0|1|14|14|10|0|0|0|4|0|0|0|0|0|0|0|0|0|0|0|0|0|0|0|0|0|0|0|0|0|0|0|0|0|0|0|0|0|0|0|0|0|0|0|0|0|0|0|0|0|0|0|0|0|0|0|0|0|0|0|0|0|0|0|0|101|6|95|82|77|5|0|0|0|0|13|13|10|0|0|0|3|0|0|0|0|0|0|0|0|0|0|0|0|0|0|0|0|0|0|0|0|0|0|0|0|0|0|0|0|0|0|0|0|0|0|0|0|0|0|0|0|0|0|0|0|0|0|0|0|0|0|0|0|0|0|0|0
DHCST|NY|000|05|0212928|59|59|59|0|0|59|48|0|0|3|0|4|4|59|53|6|59|53|48|0|0|3|0|0|2|6|0|0|0|0|0|4|2|63|52|0|0|5|0|6|63|55|50|0|0|5|0|0|8|2|0|0|0|0|6|59|55|48|0|0|3|0|4|4|4|0|0|2|0|2|0|0|0|0|0|0|0|0|0|0|0|0|0|0|0|0|0|0|0|0|0|0|0|0|0|0|0|0|0|0|0|0|0|0|0|0|0|0|0|0|0|0|0|0|0|0|0|0|0|0|0|0|0|0|0|0|59|6|53|51|48|0|0|3|0|0|2|2|0|0|2|0|0|0|0|0|0|0|0|0|0|0|0|0|0|0|0|0|0|0|0|0|0|0|0|0|0|0|0|0|0|0|0|0|0|0|0|0|0|0|0|0|0|0|0|0|0|0|0|0|0|0|0|0|0|0|0|0|0
DHCST|NY|000|05|0212929|96|96|96|0|0|96|66|23|1|0|0|0|6|96|94|2|96|94|66|23|0|0|0|0|5|2|0|0|1|0|0|0|1|103|71|25|3|3|0|1|103|100|70|25|1|3|0|1|3|1|0|2|0|0|0|96|90|66|23|1|0|0|0|6|5|0|1|3|0|0|0|0|0|1|0|0|0|0|0|0|1|1|0|0|0|0|0|0|0|0|0|0|0|0|0|0|0|0|0|0|0|0|0|0|0|0|0|0|0|0|0|0|0|0|0|0|0|0|0|0|0|0|0|0|0|0|96|2|94|89|66|23|0|0|0|0|5|4|0|0|3|0|0|0|0|0|1|0|0|0|0|0|0|1|1|0|0|0|0|0|0|0|0|0|0|0|0|0|0|0|0|0|0|0|0|0|0|0|0|0|0|0|0|0|0|0|0|0|0|0|0|0|0|0|0|0|0|0|0
DHCST|NY|000|05|0212930|87|87|87|0|0|87|62|19|0|1|0|0|5|87|84|3|87|84|62|16|0|1|0|0|5|3|0|3|0|0|0|0|0|96|67|23|2|1|0|3|96|93|67|20|2|1|0|3|3|0|3|0|0|0|0|87|82|62|19|0|1|0|0|5|3|2|0|0|0|1|0|0|0|0|0|0|0|0|0|0|0|0|0|0|0|0|0|0|0|0|0|0|0|0|0|0|0|0|0|0|0|2|0|0|2|0|0|0|0|0|0|0|0|0|0|0|0|0|0|0|0|0|0|0|0|0|87|3|84|79|62|16|0|1|0|0|5|3|2|0|0|0|1|0|0|0|0|0|0|0|0|0|0|0|0|0|0|0|0|0|0|0|0|0|0|0|0|0|0|0|0|0|0|0|2|0|0|2|0|0|0|0|0|0|0|0|0|0|0|0|0|0|0|0|0|0|0|0|0
DHCST|NY|000|05|0212931|0|0|0|0|0|0|0|0|0|0|0|0|0|0|0|0|0|0|0|0|0|0|0|0|0|0|0|0|0|0|0|0|0|0|0|0|0|0|0|0|0|0|0|0|0|0|0|0|0|0|0|0|0|0|0|0|0|0|0|0|0|0|0|0|0|0|0|0|0|0|0|0|0|0|0|0|0|0|0|0|0|0|0|0|0|0|0|0|0|0|0|0|0|0|0|0|0|0|0|0|0|0|0|0|0|0|0|0|0|0|0|0|0|0|0|0|0|0|0|0|0|0|0|0|0|0|0|0|0|0|0|0|0|0|0|0|0|0|0|0|0|0|0|0|0|0|0|0|0|0|0|0|0|0|0|0|0|0|0|0|0|0|0|0|0|0|0|0|0|0|0|0|0|0|0|0|0|0|0|0|0|0|0|0|0|0|0|0|0|0|0|0|0|0|0|0|0|0|0
DHCST|NY|000|05|0212932|33|33|33|0|0|33|20|8|1|0|0|0|4|33|31|2|33|31|20|8|0|0|0|0|3|2|0|0|1|0|0|0|1|38|23|9|1|4|0|1|38|34|23|8|0|3|0|0|4|0|1|1|1|0|1|33|29|20|8|1|0|0|0|4|3|0|0|3|0|0|0|0|0|0|0|0|0|0|0|0|1|0|0|0|0|0|0|0|0|0|0|0|0|0|0|1|0|0|0|0|0|0|0|0|0|0|0|0|0|0|0|0|0|0|0|0|0|0|0|0|0|0|0|0|0|0|33|2|31|28|20|8|0|0|0|0|3|3|0|0|3|0|0|0|0|0|0|0|0|0|0|0|0|0|0|0|0|0|0|0|0|0|0|0|0|0|0|0|0|0|0|0|0|0|0|0|0|0|0|0|0|0|0|0|0|0|0|0|0|0|0|0|0|0|0|0|0|0|0
DHCST|NY|000|05|0212933|14|14|14|0|0|14|11|0|0|1|0|0|2|14|13|1|14|13|11|0|0|1|0|0|1|1|0|0|0|0|0|0|1|16|13|1|0|1|0|1|16|14|12|1|0|1|0|0|2|1|0|0|0|0|1|14|12|11|0|0|1|0|0|2|2|1|0|0|0|1|0|0|0|0|0|0|0|0|0|0|0|0|0|0|0|0|0|0|0|0|0|0|0|0|0|0|0|0|0|0|0|0|0|0|0|0|0|0|0|0|0|0|0|0|0|0|0|0|0|0|0|0|0|0|0|0|14|1|13|12|11|0|0|1|0|0|1|1|1|0|0|0|0|0|0|0|0|0|0|0|0|0|0|0|0|0|0|0|0|0|0|0|0|0|0|0|0|0|0|0|0|0|0|0|0|0|0|0|0|0|0|0|0|0|0|0|0|0|0|0|0|0|0|0|0|0|0|0|0
DHCST|NY|000|05|0212934|25|25|25|0|0|25|10|11|0|2|0|2|0|25|25|0|25|25|10|11|0|2|0|2|0|0|0|0|0|0|0|0|0|25|10|11|0|2|0|2|25|25|10|11|0|2|0|2|0|0|0|0|0|0|0|25|25|10|11|0|2|0|2|0|0|0|0|0|0|0|0|0|0|0|0|0|0|0|0|0|0|0|0|0|0|0|0|0|0|0|0|0|0|0|0|0|0|0|0|0|0|0|0|0|0|0|0|0|0|0|0|0|0|0|0|0|0|0|0|0|0|0|0|0|0|0|25|0|25|25|10|11|0|2|0|2|0|0|0|0|0|0|0|0|0|0|0|0|0|0|0|0|0|0|0|0|0|0|0|0|0|0|0|0|0|0|0|0|0|0|0|0|0|0|0|0|0|0|0|0|0|0|0|0|0|0|0|0|0|0|0|0|0|0|0|0|0|0|0
DHCST|NY|000|05|0212935|28|28|28|0|0|28|17|4|0|0|0|6|1|28|25|3|28|25|16|4|0|0|0|4|1|3|1|0|0|0|0|2|0|31|18|5|1|0|0|7|31|28|17|5|1|0|0|5|3|1|0|0|0|0|2|28|27|17|4|0|0|0|6|1|0|0|0|0|0|0|0|0|0|0|0|0|0|0|0|0|0|0|0|0|0|0|0|0|0|0|0|0|0|0|0|0|0|0|0|0|0|1|0|0|1|0|0|0|0|0|0|0|0|0|0|0|0|0|0|0|0|0|0|0|0|0|28|3|25|24|16|4|0|0|0|4|1|0|0|0|0|0|0|0|0|0|0|0|0|0|0|0|0|0|0|0|0|0|0|0|0|0|0|0|0|0|0|0|0|0|0|0|0|0|1|0|0|1|0|0|0|0|0|0|0|0|0|0|0|0|0|0|0|0|0|0|0|0|0
DHCST|NY|000|05|0212936|36|36|36|0|0|36|31|0|0|1|0|0|4|36|36|0|36|36|31|0|0|1|0|0|4|0|0|0|0|0|0|0|0|40|35|2|2|1|0|0|40|40|35|2|2|1|0|0|0|0|0|0|0|0|0|36|32|31|0|0|1|0|0|4|4|2|2|0|0|0|0|0|0|0|0|0|0|0|0|0|0|0|0|0|0|0|0|0|0|0|0|0|0|0|0|0|0|0|0|0|0|0|0|0|0|0|0|0|0|0|0|0|0|0|0|0|0|0|0|0|0|0|0|0|0|0|36|0|36|32|31|0|0|1|0|0|4|4|2|2|0|0|0|0|0|0|0|0|0|0|0|0|0|0|0|0|0|0|0|0|0|0|0|0|0|0|0|0|0|0|0|0|0|0|0|0|0|0|0|0|0|0|0|0|0|0|0|0|0|0|0|0|0|0|0|0|0|0|0
DHCST|NY|000|05|0212937|50|50|50|0|0|50|19|29|0|0|0|0|2|50|50|0|50|50|19|29|0|0|0|0|2|0|0|0|0|0|0|0|0|52|20|30|1|1|0|0|52|52|20|30|1|1|0|0|0|0|0|0|0|0|0|50|48|19|29|0|0|0|0|2|2|0|0|1|0|0|1|0|0|0|0|0|0|0|0|0|0|0|0|0|0|0|0|0|0|0|0|0|0|0|0|0|0|0|0|0|0|0|0|0|0|0|0|0|0|0|0|0|0|0|0|0|0|0|0|0|0|0|0|0|0|0|50|0|50|48|19|29|0|0|0|0|2|2|0|0|1|0|0|1|0|0|0|0|0|0|0|0|0|0|0|0|0|0|0|0|0|0|0|0|0|0|0|0|0|0|0|0|0|0|0|0|0|0|0|0|0|0|0|0|0|0|0|0|0|0|0|0|0|0|0|0|0|0|0
DHCST|NY|000|05|0212938|69|69|69|0|0|69|64|0|0|1|0|1|3|69|68|1|69|68|64|0|0|1|0|0|3|1|0|0|0|0|0|1|0|73|67|2|1|1|0|2|73|72|67|2|1|1|0|1|1|0|0|0|0|0|1|69|66|64|0|0|1|0|1|3|2|1|0|0|0|1|0|0|0|0|0|0|0|0|0|0|1|1|0|0|0|0|0|0|0|0|0|0|0|0|0|0|0|0|0|0|0|0|0|0|0|0|0|0|0|0|0|0|0|0|0|0|0|0|0|0|0|0|0|0|0|0|69|1|68|65|64|0|0|1|0|0|3|2|1|0|0|0|1|0|0|0|0|0|0|0|0|0|0|1|1|0|0|0|0|0|0|0|0|0|0|0|0|0|0|0|0|0|0|0|0|0|0|0|0|0|0|0|0|0|0|0|0|0|0|0|0|0|0|0|0|0|0|0|0
DHCST|NY|000|05|0212939|59|59|59|0|0|59|50|4|0|0|0|5|0|59|59|0|59|59|50|4|0|0|0|5|0|0|0|0|0|0|0|0|0|59|50|4|0|0|0|5|59|59|50|4|0|0|0|5|0|0|0|0|0|0|0|59|59|50|4|0|0|0|5|0|0|0|0|0|0|0|0|0|0|0|0|0|0|0|0|0|0|0|0|0|0|0|0|0|0|0|0|0|0|0|0|0|0|0|0|0|0|0|0|0|0|0|0|0|0|0|0|0|0|0|0|0|0|0|0|0|0|0|0|0|0|0|59|0|59|59|50|4|0|0|0|5|0|0|0|0|0|0|0|0|0|0|0|0|0|0|0|0|0|0|0|0|0|0|0|0|0|0|0|0|0|0|0|0|0|0|0|0|0|0|0|0|0|0|0|0|0|0|0|0|0|0|0|0|0|0|0|0|0|0|0|0|0|0|0
DHCST|NY|000|05|0212940|54|54|54|0|0|54|43|8|0|0|0|0|3|54|52|2|54|52|43|8|0|0|0|0|1|2|0|0|0|0|0|0|2|57|46|8|0|0|0|3|57|53|44|8|0|0|0|1|4|2|0|0|0|0|2|54|51|43|8|0|0|0|0|3|3|0|0|0|0|3|0|0|0|0|0|0|0|0|0|0|0|0|0|0|0|0|0|0|0|0|0|0|0|0|0|0|0|0|0|0|0|0|0|0|0|0|0|0|0|0|0|0|0|0|0|0|0|0|0|0|0|0|0|0|0|0|54|2|52|51|43|8|0|0|0|0|1|1|0|0|0|0|1|0|0|0|0|0|0|0|0|0|0|0|0|0|0|0|0|0|0|0|0|0|0|0|0|0|0|0|0|0|0|0|0|0|0|0|0|0|0|0|0|0|0|0|0|0|0|0|0|0|0|0|0|0|0|0|0
DHCST|NY|000|05|0212941|77|77|77|0|0|77|70|2|0|0|0|0|5|77|76|1|77|76|70|2|0|0|0|0|4|1|0|0|0|0|0|0|1|83|75|3|4|0|0|1|83|81|74|3|4|0|0|0|2|1|0|0|0|0|1|77|72|70|2|0|0|0|0|5|4|0|3|0|0|1|0|0|0|0|0|0|0|0|0|0|1|1|0|0|0|0|0|0|0|0|0|0|0|0|0|0|0|0|0|0|0|0|0|0|0|0|0|0|0|0|0|0|0|0|0|0|0|0|0|0|0|0|0|0|0|0|77|1|76|72|70|2|0|0|0|0|4|3|0|3|0|0|0|0|0|0|0|0|0|0|0|0|0|1|1|0|0|0|0|0|0|0|0|0|0|0|0|0|0|0|0|0|0|0|0|0|0|0|0|0|0|0|0|0|0|0|0|0|0|0|0|0|0|0|0|0|0|0|0
DHCST|NY|000|05|0212942|47|47|47|0|0|47|42|0|0|0|0|1|4|47|44|3|47|44|42|0|0|0|0|0|2|3|0|0|0|0|0|1|2|51|46|2|0|0|0|3|51|46|44|2|0|0|0|0|5|2|0|0|0|0|3|47|43|42|0|0|0|0|1|4|4|2|0|0|0|2|0|0|0|0|0|0|0|0|0|0|0|0|0|0|0|0|0|0|0|0|0|0|0|0|0|0|0|0|0|0|0|0|0|0|0|0|0|0|0|0|0|0|0|0|0|0|0|0|0|0|0|0|0|0|0|0|47|3|44|42|42|0|0|0|0|0|2|2|2|0|0|0|0|0|0|0|0|0|0|0|0|0|0|0|0|0|0|0|0|0|0|0|0|0|0|0|0|0|0|0|0|0|0|0|0|0|0|0|0|0|0|0|0|0|0|0|0|0|0|0|0|0|0|0|0|0|0|0|0
DHCST|NY|000|05|0212943|87|87|87|0|0|87|72|10|4|0|0|0|1|87|86|1|87|86|72|10|4|0|0|0|0|1|0|0|0|0|0|0|1|88|73|10|5|0|0|0|88|86|72|10|4|0|0|0|2|1|0|1|0|0|0|87|86|72|10|4|0|0|0|1|1|0|1|0|0|0|0|0|0|0|0|0|0|0|0|0|0|0|0|0|0|0|0|0|0|0|0|0|0|0|0|0|0|0|0|0|0|0|0|0|0|0|0|0|0|0|0|0|0|0|0|0|0|0|0|0|0|0|0|0|0|0|87|1|86|86|72|10|4|0|0|0|0|0|0|0|0|0|0|0|0|0|0|0|0|0|0|0|0|0|0|0|0|0|0|0|0|0|0|0|0|0|0|0|0|0|0|0|0|0|0|0|0|0|0|0|0|0|0|0|0|0|0|0|0|0|0|0|0|0|0|0|0|0|0
DHCST|NY|000|05|0212944|93|93|93|0|0|93|71|8|1|3|0|4|6|93|84|9|93|84|69|8|1|3|0|0|3|9|2|0|0|0|0|4|3|101|75|10|1|6|1|8|101|87|72|8|1|5|0|1|14|3|2|0|1|1|7|93|87|71|8|1|3|0|4|6|5|0|0|2|0|1|0|0|0|2|0|0|0|0|0|0|0|0|0|0|0|0|0|0|0|0|0|0|0|0|0|0|0|0|0|0|0|1|0|0|0|0|0|0|0|0|0|1|0|0|0|0|0|0|0|0|0|0|0|0|0|0|93|9|84|81|69|8|1|3|0|0|3|3|0|0|2|0|1|0|0|0|0|0|0|0|0|0|0|0|0|0|0|0|0|0|0|0|0|0|0|0|0|0|0|0|0|0|0|0|0|0|0|0|0|0|0|0|0|0|0|0|0|0|0|0|0|0|0|0|0|0|0|0|0
DHCST|NY|000|05|0212945|61|61|61|0|0|61|47|11|0|0|0|0|3|61|60|1|61|60|46|11|0|0|0|0|3|1|1|0|0|0|0|0|0|64|50|11|1|0|0|2|64|63|49|11|1|0|0|2|1|1|0|0|0|0|0|61|58|47|11|0|0|0|0|3|3|0|1|0|0|2|0|0|0|0|0|0|0|0|0|0|0|0|0|0|0|0|0|0|0|0|0|0|0|0|0|0|0|0|0|0|0|0|0|0|0|0|0|0|0|0|0|0|0|0|0|0|0|0|0|0|0|0|0|0|0|0|61|1|60|57|46|11|0|0|0|0|3|3|0|1|0|0|2|0|0|0|0|0|0|0|0|0|0|0|0|0|0|0|0|0|0|0|0|0|0|0|0|0|0|0|0|0|0|0|0|0|0|0|0|0|0|0|0|0|0|0|0|0|0|0|0|0|0|0|0|0|0|0|0
DHCST|NY|000|05|0212946|78|78|78|0|0|78|69|1|0|1|0|0|7|78|74|4|78|74|67|0|0|1|0|0|6|4|2|1|0|0|0|0|1|85|76|5|3|1|0|0|85|80|73|4|2|1|0|0|5|3|1|1|0|0|0|78|71|69|1|0|1|0|0|7|7|4|3|0|0|0|0|0|0|0|0|0|0|0|0|0|0|0|0|0|0|0|0|0|0|0|0|0|0|0|0|0|0|0|0|0|0|0|0|0|0|0|0|0|0|0|0|0|0|0|0|0|0|0|0|0|0|0|0|0|0|0|78|4|74|68|67|0|0|1|0|0|6|6|4|2|0|0|0|0|0|0|0|0|0|0|0|0|0|0|0|0|0|0|0|0|0|0|0|0|0|0|0|0|0|0|0|0|0|0|0|0|0|0|0|0|0|0|0|0|0|0|0|0|0|0|0|0|0|0|0|0|0|0|0
DHCST|NY|000|05|0212947|72|72|72|0|0|72|49|4|0|12|0|0|7|72|66|6|72|66|46|4|0|12|0|0|4|6|3|0|0|0|0|0|3|79|53|7|1|12|0|6|79|70|50|4|0|12|0|4|9|3|3|1|0|0|2|72|65|49|4|0|12|0|0|7|7|0|0|0|0|4|1|0|0|2|0|0|0|0|0|0|0|0|0|0|0|0|0|0|0|0|0|0|0|0|0|0|0|0|0|0|0|0|0|0|0|0|0|0|0|0|0|0|0|0|0|0|0|0|0|0|0|0|0|0|0|0|72|6|66|62|46|4|0|12|0|0|4|4|0|0|0|0|4|0|0|0|0|0|0|0|0|0|0|0|0|0|0|0|0|0|0|0|0|0|0|0|0|0|0|0|0|0|0|0|0|0|0|0|0|0|0|0|0|0|0|0|0|0|0|0|0|0|0|0|0|0|0|0|0
DHCST|NY|000|05|0212948|67|67|67|0|0|67|52|10|2|0|0|0|3|67|67|0|67|67|52|10|2|0|0|0|3|0|0|0|0|0|0|0|0|70|55|13|2|0|0|0|70|70|55|13|2|0|0|0|0|0|0|0|0|0|0|67|64|52|10|2|0|0|0|3|3|3|0|0|0|0|0|0|0|0|0|0|0|0|0|0|0|0|0|0|0|0|0|0|0|0|0|0|0|0|0|0|0|0|0|0|0|0|0|0|0|0|0|0|0|0|0|0|0|0|0|0|0|0|0|0|0|0|0|0|0|0|67|0|67|64|52|10|2|0|0|0|3|3|3|0|0|0|0|0|0|0|0|0|0|0|0|0|0|0|0|0|0|0|0|0|0|0|0|0|0|0|0|0|0|0|0|0|0|0|0|0|0|0|0|0|0|0|0|0|0|0|0|0|0|0|0|0|0|0|0|0|0|0|0
DHCST|NY|000|05|0212949|46|46|46|0|0|46|40|0|0|0|0|4|2|46|40|6|46|40|39|0|0|0|0|0|1|6|1|0|0|0|0|4|1|49|41|2|2|0|0|4|49|41|39|1|1|0|0|0|8|2|1|1|0|0|4|46|44|40|0|0|0|0|4|2|1|0|0|0|0|0|1|0|0|0|0|0|0|0|0|0|1|1|0|0|0|0|0|0|0|0|0|0|0|0|0|0|0|0|0|0|0|0|0|0|0|0|0|0|0|0|0|0|0|0|0|0|0|0|0|0|0|0|0|0|0|0|46|6|40|39|39|0|0|0|0|0|1|1|0|0|0|0|0|1|0|0|0|0|0|0|0|0|0|0|0|0|0|0|0|0|0|0|0|0|0|0|0|0|0|0|0|0|0|0|0|0|0|0|0|0|0|0|0|0|0|0|0|0|0|0|0|0|0|0|0|0|0|0|0
DHCST|NY|000|05|0212950|74|74|74|0|0|74|56|5|1|0|0|5|7|74|64|10|74|64|55|5|1|0|0|0|3|10|1|0|0|0|0|5|4|81|60|8|1|0|0|12|81|67|55|8|1|0|0|3|14|5|0|0|0|0|9|74|67|56|5|1|0|0|5|7|7|0|0|0|0|4|0|0|0|3|0|0|0|0|0|0|0|0|0|0|0|0|0|0|0|0|0|0|0|0|0|0|0|0|0|0|0|0|0|0|0|0|0|0|0|0|0|0|0|0|0|0|0|0|0|0|0|0|0|0|0|0|74|10|64|61|55|5|1|0|0|0|3|3|0|0|0|0|0|0|0|0|3|0|0|0|0|0|0|0|0|0|0|0|0|0|0|0|0|0|0|0|0|0|0|0|0|0|0|0|0|0|0|0|0|0|0|0|0|0|0|0|0|0|0|0|0|0|0|0|0|0|0|0|0
DHCST|NY|000|05|0212951|76|76|76|0|0|76|69|5|0|2|0|0|0|76|74|2|76|74|67|5|0|2|0|0|0|2|2|0|0|0|0|0|0|76|69|5|0|2|0|0|76|74|67|5|0|2|0|0|2|2|0|0|0|0|0|76|76|69|5|0|2|0|0|0|0|0|0|0|0|0|0|0|0|0|0|0|0|0|0|0|0|0|0|0|0|0|0|0|0|0|0|0|0|0|0|0|0|0|0|0|0|0|0|0|0|0|0|0|0|0|0|0|0|0|0|0|0|0|0|0|0|0|0|0|0|0|76|2|74|74|67|5|0|2|0|0|0|0|0|0|0|0|0|0|0|0|0|0|0|0|0|0|0|0|0|0|0|0|0|0|0|0|0|0|0|0|0|0|0|0|0|0|0|0|0|0|0|0|0|0|0|0|0|0|0|0|0|0|0|0|0|0|0|0|0|0|0|0|0
DHCST|NY|000|05|0212952|42|42|42|0|0|42|36|2|1|0|0|0|3|42|40|2|42|40|34|2|1|0|0|0|3|2|2|0|0|0|0|0|0|45|39|4|1|0|0|1|45|43|37|4|1|0|0|1|2|2|0|0|0|0|0|42|39|36|2|1|0|0|0|3|3|2|0|0|0|1|0|0|0|0|0|0|0|0|0|0|0|0|0|0|0|0|0|0|0|0|0|0|0|0|0|0|0|0|0|0|0|0|0|0|0|0|0|0|0|0|0|0|0|0|0|0|0|0|0|0|0|0|0|0|0|0|42|2|40|37|34|2|1|0|0|0|3|3|2|0|0|0|1|0|0|0|0|0|0|0|0|0|0|0|0|0|0|0|0|0|0|0|0|0|0|0|0|0|0|0|0|0|0|0|0|0|0|0|0|0|0|0|0|0|0|0|0|0|0|0|0|0|0|0|0|0|0|0|0
DHCST|NY|000|05|0212953|62|62|62|0|0|62|49|5|0|1|0|4|3|62|55|7|62|55|49|5|0|1|0|0|0|7|0|0|0|0|0|4|3|71|52|8|0|4|0|7|71|55|49|5|0|1|0|0|16|3|3|0|3|0|7|62|59|49|5|0|1|0|4|3|0|0|0|0|0|0|0|0|0|0|0|0|0|0|0|0|0|0|0|0|0|0|0|0|0|0|0|0|0|0|0|0|0|0|0|0|0|3|0|0|0|0|3|0|0|0|0|0|0|0|0|0|0|0|0|0|0|0|0|0|0|0|62|7|55|55|49|5|0|1|0|0|0|0|0|0|0|0|0|0|0|0|0|0|0|0|0|0|0|0|0|0|0|0|0|0|0|0|0|0|0|0|0|0|0|0|0|0|0|0|0|0|0|0|0|0|0|0|0|0|0|0|0|0|0|0|0|0|0|0|0|0|0|0|0
DHCST|NY|000|05|0212954|65|65|65|0|0|65|47|10|0|2|0|4|2|65|65|0|65|65|47|10|0|2|0|4|2|0|0|0|0|0|0|0|0|67|49|11|0|2|0|5|67|67|49|11|0|2|0|5|0|0|0|0|0|0|0|65|63|47|10|0|2|0|4|2|2|1|0|0|0|1|0|0|0|0|0|0|0|0|0|0|0|0|0|0|0|0|0|0|0|0|0|0|0|0|0|0|0|0|0|0|0|0|0|0|0|0|0|0|0|0|0|0|0|0|0|0|0|0|0|0|0|0|0|0|0|0|65|0|65|63|47|10|0|2|0|4|2|2|1|0|0|0|1|0|0|0|0|0|0|0|0|0|0|0|0|0|0|0|0|0|0|0|0|0|0|0|0|0|0|0|0|0|0|0|0|0|0|0|0|0|0|0|0|0|0|0|0|0|0|0|0|0|0|0|0|0|0|0|0
DHCST|NY|000|05|0212955|85|85|85|0|0|85|67|2|1|2|0|8|5|85|76|9|85|76|67|2|1|2|0|1|3|9|0|0|0|0|0|7|2|90|72|2|3|2|0|11|90|79|70|2|3|2|0|2|11|2|0|0|0|0|9|85|80|67|2|1|2|0|8|5|5|0|2|0|0|3|0|0|0|0|0|0|0|0|0|0|0|0|0|0|0|0|0|0|0|0|0|0|0|0|0|0|0|0|0|0|0|0|0|0|0|0|0|0|0|0|0|0|0|0|0|0|0|0|0|0|0|0|0|0|0|0|85|9|76|73|67|2|1|2|0|1|3|3|0|2|0|0|1|0|0|0|0|0|0|0|0|0|0|0|0|0|0|0|0|0|0|0|0|0|0|0|0|0|0|0|0|0|0|0|0|0|0|0|0|0|0|0|0|0|0|0|0|0|0|0|0|0|0|0|0|0|0|0|0
DHCST|NY|000|05|0212956|91|91|91|0|0|91|56|11|0|8|0|1|15|91|84|7|91|84|56|7|0|8|0|1|12|7|0|4|0|0|0|0|3|106|69|14|9|8|0|6|106|96|66|10|9|8|0|3|10|3|4|0|0|0|3|91|76|56|11|0|8|0|1|15|15|1|9|0|0|3|0|0|0|2|0|0|0|0|0|0|0|0|0|0|0|0|0|0|0|0|0|0|0|0|0|0|0|0|0|0|0|0|0|0|0|0|0|0|0|0|0|0|0|0|0|0|0|0|0|0|0|0|0|0|0|0|91|7|84|72|56|7|0|8|0|1|12|12|1|9|0|0|0|0|0|0|2|0|0|0|0|0|0|0|0|0|0|0|0|0|0|0|0|0|0|0|0|0|0|0|0|0|0|0|0|0|0|0|0|0|0|0|0|0|0|0|0|0|0|0|0|0|0|0|0|0|0|0|0
DHCST|NY|000|05|0212957|85|85|85|0|0|85|54|13|0|5|0|1|12|85|82|3|85|82|54|13|0|5|0|0|10|3|0|0|0|0|0|1|2|101|61|22|7|7|0|4|101|96|59|22|7|7|0|1|5|2|0|0|0|0|3|85|73|54|13|0|5|0|1|12|10|2|0|1|0|2|5|0|0|0|0|0|0|0|0|0|0|0|0|0|0|0|0|0|0|0|0|0|0|0|0|0|0|0|0|0|0|2|1|0|1|0|0|0|0|0|0|0|0|0|0|0|0|0|0|0|0|0|0|0|0|0|85|3|82|72|54|13|0|5|0|0|10|8|2|0|1|0|0|5|0|0|0|0|0|0|0|0|0|0|0|0|0|0|0|0|0|0|0|0|0|0|0|0|0|0|0|0|0|0|2|1|0|1|0|0|0|0|0|0|0|0|0|0|0|0|0|0|0|0|0|0|0|0|0
DHCST|NY|000|05|0212958|53|53|53|0|0|53|45|2|3|0|0|2|1|53|50|3|53|50|45|1|3|0|0|0|1|3|0|1|0|0|0|2|0|54|45|3|4|0|0|2|54|51|45|2|4|0|0|0|3|0|1|0|0|0|2|53|52|45|2|3|0|0|2|1|1|0|0|0|0|0|1|0|0|0|0|0|0|0|0|0|0|0|0|0|0|0|0|0|0|0|0|0|0|0|0|0|0|0|0|0|0|0|0|0|0|0|0|0|0|0|0|0|0|0|0|0|0|0|0|0|0|0|0|0|0|0|53|3|50|49|45|1|3|0|0|0|1|1|0|0|0|0|0|1|0|0|0|0|0|0|0|0|0|0|0|0|0|0|0|0|0|0|0|0|0|0|0|0|0|0|0|0|0|0|0|0|0|0|0|0|0|0|0|0|0|0|0|0|0|0|0|0|0|0|0|0|0|0|0
DHCST|NY|000|05|0212959|32|32|32|0|0|32|31|0|0|0|0|0|1|32|32|0|32|32|31|0|0|0|0|0|1|0|0|0|0|0|0|0|0|33|32|0|0|0|0|1|33|33|32|0|0|0|0|1|0|0|0|0|0|0|0|32|31|31|0|0|0|0|0|1|1|0|0|0|0|1|0|0|0|0|0|0|0|0|0|0|0|0|0|0|0|0|0|0|0|0|0|0|0|0|0|0|0|0|0|0|0|0|0|0|0|0|0|0|0|0|0|0|0|0|0|0|0|0|0|0|0|0|0|0|0|0|32|0|32|31|31|0|0|0|0|0|1|1|0|0|0|0|1|0|0|0|0|0|0|0|0|0|0|0|0|0|0|0|0|0|0|0|0|0|0|0|0|0|0|0|0|0|0|0|0|0|0|0|0|0|0|0|0|0|0|0|0|0|0|0|0|0|0|0|0|0|0|0|0
DHCST|NY|000|05|0212960|0|0|0|0|0|0|0|0|0|0|0|0|0|0|0|0|0|0|0|0|0|0|0|0|0|0|0|0|0|0|0|0|0|0|0|0|0|0|0|0|0|0|0|0|0|0|0|0|0|0|0|0|0|0|0|0|0|0|0|0|0|0|0|0|0|0|0|0|0|0|0|0|0|0|0|0|0|0|0|0|0|0|0|0|0|0|0|0|0|0|0|0|0|0|0|0|0|0|0|0|0|0|0|0|0|0|0|0|0|0|0|0|0|0|0|0|0|0|0|0|0|0|0|0|0|0|0|0|0|0|0|0|0|0|0|0|0|0|0|0|0|0|0|0|0|0|0|0|0|0|0|0|0|0|0|0|0|0|0|0|0|0|0|0|0|0|0|0|0|0|0|0|0|0|0|0|0|0|0|0|0|0|0|0|0|0|0|0|0|0|0|0|0|0|0|0|0|0|0
DHCST|NY|000|05|0212961|28|28|28|0|0|28|13|3|1|2|0|0|9|28|22|6|28|22|9|3|0|2|0|0|8|6|4|0|1|0|0|0|1|37|19|10|3|2|0|3|37|30|14|10|1|2|0|3|7|5|0|2|0|0|0|28|19|13|3|1|2|0|0|9|9|4|2|0|0|0|0|0|0|3|0|0|0|0|0|0|0|0|0|0|0|0|0|0|0|0|0|0|0|0|0|0|0|0|0|0|0|0|0|0|0|0|0|0|0|0|0|0|0|0|0|0|0|0|0|0|0|0|0|0|0|0|28|6|22|14|9|3|0|2|0|0|8|8|4|1|0|0|0|0|0|0|3|0|0|0|0|0|0|0|0|0|0|0|0|0|0|0|0|0|0|0|0|0|0|0|0|0|0|0|0|0|0|0|0|0|0|0|0|0|0|0|0|0|0|0|0|0|0|0|0|0|0|0|0
DHCST|NY|000|05|0212962|24|24|24|0|0|24|17|1|0|4|0|0|2|24|24|0|24|24|17|1|0|4|0|0|2|0|0|0|0|0|0|0|0|26|19|3|0|4|0|0|26|26|19|3|0|4|0|0|0|0|0|0|0|0|0|24|22|17|1|0|4|0|0|2|2|2|0|0|0|0|0|0|0|0|0|0|0|0|0|0|0|0|0|0|0|0|0|0|0|0|0|0|0|0|0|0|0|0|0|0|0|0|0|0|0|0|0|0|0|0|0|0|0|0|0|0|0|0|0|0|0|0|0|0|0|0|24|0|24|22|17|1|0|4|0|0|2|2|2|0|0|0|0|0|0|0|0|0|0|0|0|0|0|0|0|0|0|0|0|0|0|0|0|0|0|0|0|0|0|0|0|0|0|0|0|0|0|0|0|0|0|0|0|0|0|0|0|0|0|0|0|0|0|0|0|0|0|0|0
DHCST|NY|000|05|0212963|29|29|29|0|0|29|7|10|2|0|0|5|5|29|26|3|29|26|7|10|2|0|0|4|3|3|0|0|0|0|0|1|2|35|11|13|3|0|0|8|35|30|10|12|3|0|0|5|5|1|1|0|0|0|3|29|24|7|10|2|0|0|5|5|4|1|1|0|0|1|0|0|0|1|0|0|0|0|0|0|1|0|0|0|1|0|0|0|0|0|0|0|0|0|0|0|0|0|0|0|0|0|0|0|0|0|0|0|0|0|0|0|0|0|0|0|0|0|0|0|0|0|0|0|0|0|29|3|26|23|7|10|2|0|0|4|3|2|1|1|0|0|0|0|0|0|0|0|0|0|0|0|0|1|0|0|0|1|0|0|0|0|0|0|0|0|0|0|0|0|0|0|0|0|0|0|0|0|0|0|0|0|0|0|0|0|0|0|0|0|0|0|0|0|0|0|0|0|0
DHCST|NY|000|05|0212964|82|82|82|0|0|82|53|24|2|0|0|0|3|82|81|1|82|81|53|23|2|0|0|0|3|1|0|1|0|0|0|0|0|85|54|27|4|0|0|0|85|84|54|26|4|0|0|0|1|0|1|0|0|0|0|82|79|53|24|2|0|0|0|3|3|1|0|0|0|0|2|0|0|0|0|0|0|0|0|0|0|0|0|0|0|0|0|0|0|0|0|0|0|0|0|0|0|0|0|0|0|0|0|0|0|0|0|0|0|0|0|0|0|0|0|0|0|0|0|0|0|0|0|0|0|0|82|1|81|78|53|23|2|0|0|0|3|3|1|0|0|0|0|2|0|0|0|0|0|0|0|0|0|0|0|0|0|0|0|0|0|0|0|0|0|0|0|0|0|0|0|0|0|0|0|0|0|0|0|0|0|0|0|0|0|0|0|0|0|0|0|0|0|0|0|0|0|0|0
DHCST|NY|000|05|0212965|0|0|0|0|0|0|0|0|0|0|0|0|0|0|0|0|0|0|0|0|0|0|0|0|0|0|0|0|0|0|0|0|0|0|0|0|0|0|0|0|0|0|0|0|0|0|0|0|0|0|0|0|0|0|0|0|0|0|0|0|0|0|0|0|0|0|0|0|0|0|0|0|0|0|0|0|0|0|0|0|0|0|0|0|0|0|0|0|0|0|0|0|0|0|0|0|0|0|0|0|0|0|0|0|0|0|0|0|0|0|0|0|0|0|0|0|0|0|0|0|0|0|0|0|0|0|0|0|0|0|0|0|0|0|0|0|0|0|0|0|0|0|0|0|0|0|0|0|0|0|0|0|0|0|0|0|0|0|0|0|0|0|0|0|0|0|0|0|0|0|0|0|0|0|0|0|0|0|0|0|0|0|0|0|0|0|0|0|0|0|0|0|0|0|0|0|0|0|0
DHCST|NY|000|05|0212966|0|0|0|0|0|0|0|0|0|0|0|0|0|0|0|0|0|0|0|0|0|0|0|0|0|0|0|0|0|0|0|0|0|0|0|0|0|0|0|0|0|0|0|0|0|0|0|0|0|0|0|0|0|0|0|0|0|0|0|0|0|0|0|0|0|0|0|0|0|0|0|0|0|0|0|0|0|0|0|0|0|0|0|0|0|0|0|0|0|0|0|0|0|0|0|0|0|0|0|0|0|0|0|0|0|0|0|0|0|0|0|0|0|0|0|0|0|0|0|0|0|0|0|0|0|0|0|0|0|0|0|0|0|0|0|0|0|0|0|0|0|0|0|0|0|0|0|0|0|0|0|0|0|0|0|0|0|0|0|0|0|0|0|0|0|0|0|0|0|0|0|0|0|0|0|0|0|0|0|0|0|0|0|0|0|0|0|0|0|0|0|0|0|0|0|0|0|0|0
DHCST|NY|000|05|0212967|0|0|0|0|0|0|0|0|0|0|0|0|0|0|0|0|0|0|0|0|0|0|0|0|0|0|0|0|0|0|0|0|0|0|0|0|0|0|0|0|0|0|0|0|0|0|0|0|0|0|0|0|0|0|0|0|0|0|0|0|0|0|0|0|0|0|0|0|0|0|0|0|0|0|0|0|0|0|0|0|0|0|0|0|0|0|0|0|0|0|0|0|0|0|0|0|0|0|0|0|0|0|0|0|0|0|0|0|0|0|0|0|0|0|0|0|0|0|0|0|0|0|0|0|0|0|0|0|0|0|0|0|0|0|0|0|0|0|0|0|0|0|0|0|0|0|0|0|0|0|0|0|0|0|0|0|0|0|0|0|0|0|0|0|0|0|0|0|0|0|0|0|0|0|0|0|0|0|0|0|0|0|0|0|0|0|0|0|0|0|0|0|0|0|0|0|0|0|0
DHCST|NY|000|05|0212968|25|25|25|0|0|25|14|3|2|0|0|0|6|25|19|6|25|19|11|3|2|0|0|0|3|6|3|0|0|0|0|0|3|31|19|8|2|0|0|2|31|22|14|6|2|0|0|0|9|5|2|0|0|0|2|25|19|14|3|2|0|0|0|6|6|4|0|0|0|1|0|0|0|1|0|0|0|0|0|0|0|0|0|0|0|0|0|0|0|0|0|0|0|0|0|0|0|0|0|0|0|0|0|0|0|0|0|0|0|0|0|0|0|0|0|0|0|0|0|0|0|0|0|0|0|0|25|6|19|16|11|3|2|0|0|0|3|3|3|0|0|0|0|0|0|0|0|0|0|0|0|0|0|0|0|0|0|0|0|0|0|0|0|0|0|0|0|0|0|0|0|0|0|0|0|0|0|0|0|0|0|0|0|0|0|0|0|0|0|0|0|0|0|0|0|0|0|0|0
DHCST|NY|000|05|0212969|58|58|58|0|0|58|17|25|0|0|0|1|15|58|48|10|58|48|17|23|0|0|0|0|8|10|0|2|0|0|0|1|7|73|26|35|3|0|0|9|73|56|25|27|2|0|0|2|17|1|8|1|0|0|7|58|43|17|25|0|0|0|1|15|15|4|3|0|0|2|0|0|0|6|0|0|0|0|0|0|0|0|0|0|0|0|0|0|0|0|0|0|0|0|0|0|0|0|0|0|0|0|0|0|0|0|0|0|0|0|0|0|0|0|0|0|0|0|0|0|0|0|0|0|0|0|58|10|48|40|17|23|0|0|0|0|8|8|4|2|0|0|2|0|0|0|0|0|0|0|0|0|0|0|0|0|0|0|0|0|0|0|0|0|0|0|0|0|0|0|0|0|0|0|0|0|0|0|0|0|0|0|0|0|0|0|0|0|0|0|0|0|0|0|0|0|0|0|0
DHCST|NY|000|05|0212970|202|202|202|0|0|202|149|29|1|0|0|4|19|202|180|22|202|180|140|28|1|0|0|0|11|22|9|1|0|0|0|4|8|221|168|38|3|0|0|12|221|191|151|37|3|0|0|0|30|17|1|0|0|0|12|202|183|149|29|1|0|0|4|19|19|9|2|0|0|8|0|0|0|0|0|0|0|0|0|0|0|0|0|0|0|0|0|0|0|0|0|0|0|0|0|0|0|0|0|0|0|0|0|0|0|0|0|0|0|0|0|0|0|0|0|0|0|0|0|0|0|0|0|0|0|0|202|22|180|169|140|28|1|0|0|0|11|11|9|2|0|0|0|0|0|0|0|0|0|0|0|0|0|0|0|0|0|0|0|0|0|0|0|0|0|0|0|0|0|0|0|0|0|0|0|0|0|0|0|0|0|0|0|0|0|0|0|0|0|0|0|0|0|0|0|0|0|0|0
DHCST|NY|000|05|0212971|49|49|49|0|0|49|24|16|0|0|0|1|8|49|40|9|49|40|24|12|0|0|0|1|3|9|0|4|0|0|0|0|5|57|32|21|0|0|0|4|57|43|27|15|0|0|0|1|14|5|6|0|0|0|3|49|41|24|16|0|0|0|1|8|8|5|0|0|0|3|0|0|0|0|0|0|0|0|0|0|0|0|0|0|0|0|0|0|0|0|0|0|0|0|0|0|0|0|0|0|0|0|0|0|0|0|0|0|0|0|0|0|0|0|0|0|0|0|0|0|0|0|0|0|0|0|49|9|40|37|24|12|0|0|0|1|3|3|3|0|0|0|0|0|0|0|0|0|0|0|0|0|0|0|0|0|0|0|0|0|0|0|0|0|0|0|0|0|0|0|0|0|0|0|0|0|0|0|0|0|0|0|0|0|0|0|0|0|0|0|0|0|0|0|0|0|0|0|0
DHCST|NY|000|05|0212972|59|59|59|0|0|59|35|18|0|0|0|0|6|59|57|2|59|57|35|18|0|0|0|0|4|2|0|0|0|0|0|0|2|65|41|22|0|0|0|2|65|61|39|22|0|0|0|0|4|2|0|0|0|0|2|59|53|35|18|0|0|0|0|6|6|4|0|0|0|2|0|0|0|0|0|0|0|0|0|0|0|0|0|0|0|0|0|0|0|0|0|0|0|0|0|0|0|0|0|0|0|0|0|0|0|0|0|0|0|0|0|0|0|0|0|0|0|0|0|0|0|0|0|0|0|0|59|2|57|53|35|18|0|0|0|0|4|4|4|0|0|0|0|0|0|0|0|0|0|0|0|0|0|0|0|0|0|0|0|0|0|0|0|0|0|0|0|0|0|0|0|0|0|0|0|0|0|0|0|0|0|0|0|0|0|0|0|0|0|0|0|0|0|0|0|0|0|0|0
DHCST|NY|000|05|0212973|18|18|18|0|0|18|4|7|1|0|0|0|6|18|17|1|18|17|4|7|1|0|0|0|5|1|0|0|0|0|0|0|1|24|10|9|1|0|0|4|24|22|9|8|1|0|0|4|2|1|1|0|0|0|0|18|12|4|7|1|0|0|0|6|6|2|0|0|0|4|0|0|0|0|0|0|0|0|0|0|0|0|0|0|0|0|0|0|0|0|0|0|0|0|0|0|0|0|0|0|0|0|0|0|0|0|0|0|0|0|0|0|0|0|0|0|0|0|0|0|0|0|0|0|0|0|18|1|17|12|4|7|1|0|0|0|5|5|1|0|0|0|4|0|0|0|0|0|0|0|0|0|0|0|0|0|0|0|0|0|0|0|0|0|0|0|0|0|0|0|0|0|0|0|0|0|0|0|0|0|0|0|0|0|0|0|0|0|0|0|0|0|0|0|0|0|0|0|0
DHCST|NY|000|05|0212974|61|61|61|0|0|61|41|14|1|0|0|0|5|61|60|1|61|60|41|14|1|0|0|0|4|1|0|0|0|0|0|0|1|66|46|17|2|0|0|1|66|64|45|17|2|0|0|0|2|1|0|0|0|0|1|61|56|41|14|1|0|0|0|5|5|3|1|0|0|1|0|0|0|0|0|0|0|0|0|0|0|0|0|0|0|0|0|0|0|0|0|0|0|0|0|0|0|0|0|0|0|0|0|0|0|0|0|0|0|0|0|0|0|0|0|0|0|0|0|0|0|0|0|0|0|0|61|1|60|56|41|14|1|0|0|0|4|4|3|1|0|0|0|0|0|0|0|0|0|0|0|0|0|0|0|0|0|0|0|0|0|0|0|0|0|0|0|0|0|0|0|0|0|0|0|0|0|0|0|0|0|0|0|0|0|0|0|0|0|0|0|0|0|0|0|0|0|0|0
DHCST|NY|000|05|0212975|63|63|63|0|0|63|42|5|4|0|0|4|8|63|58|5|63|58|40|5|4|0|0|1|8|5|2|0|0|0|0|3|0|71|50|13|4|0|0|4|71|66|48|13|4|0|0|1|5|2|0|0|0|0|3|63|55|42|5|4|0|0|4|8|8|8|0|0|0|0|0|0|0|0|0|0|0|0|0|0|0|0|0|0|0|0|0|0|0|0|0|0|0|0|0|0|0|0|0|0|0|0|0|0|0|0|0|0|0|0|0|0|0|0|0|0|0|0|0|0|0|0|0|0|0|0|63|5|58|50|40|5|4|0|0|1|8|8|8|0|0|0|0|0|0|0|0|0|0|0|0|0|0|0|0|0|0|0|0|0|0|0|0|0|0|0|0|0|0|0|0|0|0|0|0|0|0|0|0|0|0|0|0|0|0|0|0|0|0|0|0|0|0|0|0|0|0|0|0
DHCST|NY|000|05|0212976|38|38|38|0|0|38|29|0|1|0|0|3|5|38|35|3|38|35|27|0|1|0|0|2|5|3|2|0|0|0|0|1|0|46|34|4|5|0|0|3|46|43|32|4|5|0|0|2|3|2|0|0|0|0|1|38|33|29|0|1|0|0|3|5|2|1|1|0|0|0|0|0|0|0|0|0|0|0|0|0|3|3|0|0|0|0|0|0|0|0|0|0|0|0|0|0|0|0|0|0|0|0|0|0|0|0|0|0|0|0|0|0|0|0|0|0|0|0|0|0|0|0|0|0|0|0|38|3|35|30|27|0|1|0|0|2|5|2|1|1|0|0|0|0|0|0|0|0|0|0|0|0|0|3|3|0|0|0|0|0|0|0|0|0|0|0|0|0|0|0|0|0|0|0|0|0|0|0|0|0|0|0|0|0|0|0|0|0|0|0|0|0|0|0|0|0|0|0|0
DHCST|NY|000|05|0212977|130|130|130|0|0|130|93|16|0|0|0|1|20|130|126|4|130|126|90|16|0|0|0|0|20|4|3|0|0|0|0|1|0|150|113|32|4|0|0|1|150|146|110|32|4|0|0|0|4|3|0|0|0|0|1|130|110|93|16|0|0|0|1|20|20|16|4|0|0|0|0|0|0|0|0|0|0|0|0|0|0|0|0|0|0|0|0|0|0|0|0|0|0|0|0|0|0|0|0|0|0|0|0|0|0|0|0|0|0|0|0|0|0|0|0|0|0|0|0|0|0|0|0|0|0|0|130|4|126|106|90|16|0|0|0|0|20|20|16|4|0|0|0|0|0|0|0|0|0|0|0|0|0|0|0|0|0|0|0|0|0|0|0|0|0|0|0|0|0|0|0|0|0|0|0|0|0|0|0|0|0|0|0|0|0|0|0|0|0|0|0|0|0|0|0|0|0|0|0
DHCST|NY|000|05|0212978|41|41|41|0|0|41|25|5|0|2|0|3|6|41|34|7|41|34|25|4|0|2|0|0|3|7|0|1|0|0|0|3|3|47|29|7|2|2|0|7|47|37|26|6|2|2|0|1|10|3|1|0|0|0|6|41|35|25|5|0|2|0|3|6|6|0|0|0|0|4|2|0|0|0|0|0|0|0|0|0|0|0|0|0|0|0|0|0|0|0|0|0|0|0|0|0|0|0|0|0|0|0|0|0|0|0|0|0|0|0|0|0|0|0|0|0|0|0|0|0|0|0|0|0|0|0|41|7|34|31|25|4|0|2|0|0|3|3|0|0|0|0|1|2|0|0|0|0|0|0|0|0|0|0|0|0|0|0|0|0|0|0|0|0|0|0|0|0|0|0|0|0|0|0|0|0|0|0|0|0|0|0|0|0|0|0|0|0|0|0|0|0|0|0|0|0|0|0|0
DHCST|NY|000|05|0212979|25|25|25|0|0|25|15|0|0|1|0|3|6|25|17|8|25|17|12|0|0|1|0|0|4|8|3|0|0|0|0|3|2|31|21|4|2|1|0|3|31|21|16|2|2|1|0|0|10|5|2|0|0|0|3|25|19|15|0|0|1|0|3|6|6|4|2|0|0|0|0|0|0|0|0|0|0|0|0|0|0|0|0|0|0|0|0|0|0|0|0|0|0|0|0|0|0|0|0|0|0|0|0|0|0|0|0|0|0|0|0|0|0|0|0|0|0|0|0|0|0|0|0|0|0|0|25|8|17|13|12|0|0|1|0|0|4|4|2|2|0|0|0|0|0|0|0|0|0|0|0|0|0|0|0|0|0|0|0|0|0|0|0|0|0|0|0|0|0|0|0|0|0|0|0|0|0|0|0|0|0|0|0|0|0|0|0|0|0|0|0|0|0|0|0|0|0|0|0
DHCST|NY|000|05|0212980|76|76|76|0|0|76|41|11|1|0|0|6|17|76|56|20|76|56|36|11|1|0|0|0|8|20|5|0|0|0|0|6|9|93|58|22|4|0|0|9|93|64|44|16|4|0|0|0|29|14|6|0|0|0|9|76|59|41|11|1|0|0|6|17|17|11|3|0|0|3|0|0|0|0|0|0|0|0|0|0|0|0|0|0|0|0|0|0|0|0|0|0|0|0|0|0|0|0|0|0|0|0|0|0|0|0|0|0|0|0|0|0|0|0|0|0|0|0|0|0|0|0|0|0|0|0|76|20|56|48|36|11|1|0|0|0|8|8|5|3|0|0|0|0|0|0|0|0|0|0|0|0|0|0|0|0|0|0|0|0|0|0|0|0|0|0|0|0|0|0|0|0|0|0|0|0|0|0|0|0|0|0|0|0|0|0|0|0|0|0|0|0|0|0|0|0|0|0|0
DHCST|NY|000|05|0212981|0|0|0|0|0|0|0|0|0|0|0|0|0|0|0|0|0|0|0|0|0|0|0|0|0|0|0|0|0|0|0|0|0|0|0|0|0|0|0|0|0|0|0|0|0|0|0|0|0|0|0|0|0|0|0|0|0|0|0|0|0|0|0|0|0|0|0|0|0|0|0|0|0|0|0|0|0|0|0|0|0|0|0|0|0|0|0|0|0|0|0|0|0|0|0|0|0|0|0|0|0|0|0|0|0|0|0|0|0|0|0|0|0|0|0|0|0|0|0|0|0|0|0|0|0|0|0|0|0|0|0|0|0|0|0|0|0|0|0|0|0|0|0|0|0|0|0|0|0|0|0|0|0|0|0|0|0|0|0|0|0|0|0|0|0|0|0|0|0|0|0|0|0|0|0|0|0|0|0|0|0|0|0|0|0|0|0|0|0|0|0|0|0|0|0|0|0|0|0
DHCST|NY|000|05|0212982|0|0|0|0|0|0|0|0|0|0|0|0|0|0|0|0|0|0|0|0|0|0|0|0|0|0|0|0|0|0|0|0|0|0|0|0|0|0|0|0|0|0|0|0|0|0|0|0|0|0|0|0|0|0|0|0|0|0|0|0|0|0|0|0|0|0|0|0|0|0|0|0|0|0|0|0|0|0|0|0|0|0|0|0|0|0|0|0|0|0|0|0|0|0|0|0|0|0|0|0|0|0|0|0|0|0|0|0|0|0|0|0|0|0|0|0|0|0|0|0|0|0|0|0|0|0|0|0|0|0|0|0|0|0|0|0|0|0|0|0|0|0|0|0|0|0|0|0|0|0|0|0|0|0|0|0|0|0|0|0|0|0|0|0|0|0|0|0|0|0|0|0|0|0|0|0|0|0|0|0|0|0|0|0|0|0|0|0|0|0|0|0|0|0|0|0|0|0|0
DHCST|NY|000|05|0212983|20|20|20|0|0|20|7|3|1|0|0|0|9|20|16|4|20|16|6|3|1|0|0|0|6|4|1|0|0|0|0|0|3|29|15|5|6|0|0|3|29|22|11|5|6|0|0|0|7|4|0|0|0|0|3|20|11|7|3|1|0|0|0|9|9|1|4|0|0|3|1|0|0|0|0|0|0|0|0|0|0|0|0|0|0|0|0|0|0|0|0|0|0|0|0|0|0|0|0|0|0|0|0|0|0|0|0|0|0|0|0|0|0|0|0|0|0|0|0|0|0|0|0|0|0|0|20|4|16|10|6|3|1|0|0|0|6|6|1|4|0|0|0|1|0|0|0|0|0|0|0|0|0|0|0|0|0|0|0|0|0|0|0|0|0|0|0|0|0|0|0|0|0|0|0|0|0|0|0|0|0|0|0|0|0|0|0|0|0|0|0|0|0|0|0|0|0|0|0
DHCST|NY|000|05|0212984|24|24|24|0|0|24|3|11|0|0|0|5|5|24|18|6|24|18|3|9|0|0|0|1|5|6|0|2|0|0|0|4|0|33|8|16|4|0|0|5|33|27|8|14|4|0|0|1|6|0|2|0|0|0|4|24|19|3|11|0|0|0|5|5|1|1|0|0|0|0|0|0|0|0|0|0|0|0|0|0|4|4|0|0|0|0|0|0|0|0|0|0|0|0|0|0|0|0|0|0|0|0|0|0|0|0|0|0|0|0|0|0|0|0|0|0|0|0|0|0|0|0|0|0|0|0|24|6|18|13|3|9|0|0|0|1|5|1|1|0|0|0|0|0|0|0|0|0|0|0|0|0|0|4|4|0|0|0|0|0|0|0|0|0|0|0|0|0|0|0|0|0|0|0|0|0|0|0|0|0|0|0|0|0|0|0|0|0|0|0|0|0|0|0|0|0|0|0|0
DHCST|NY|000|05|0212985|27|27|27|0|0|27|15|5|0|3|0|0|4|27|23|4|27|23|15|1|0|3|0|0|4|4|0|4|0|0|0|0|0|31|19|9|0|3|0|0|31|27|19|5|0|3|0|0|4|0|4|0|0|0|0|27|23|15|5|0|3|0|0|4|4|4|0|0|0|0|0|0|0|0|0|0|0|0|0|0|0|0|0|0|0|0|0|0|0|0|0|0|0|0|0|0|0|0|0|0|0|0|0|0|0|0|0|0|0|0|0|0|0|0|0|0|0|0|0|0|0|0|0|0|0|0|27|4|23|19|15|1|0|3|0|0|4|4|4|0|0|0|0|0|0|0|0|0|0|0|0|0|0|0|0|0|0|0|0|0|0|0|0|0|0|0|0|0|0|0|0|0|0|0|0|0|0|0|0|0|0|0|0|0|0|0|0|0|0|0|0|0|0|0|0|0|0|0|0
DHCST|NY|000|05|0212986|8|8|8|0|0|8|8|0|0|0|0|0|0|8|7|1|8|7|7|0|0|0|0|0|0|1|1|0|0|0|0|0|0|8|8|0|0|0|0|0|8|7|7|0|0|0|0|0|1|1|0|0|0|0|0|8|8|8|0|0|0|0|0|0|0|0|0|0|0|0|0|0|0|0|0|0|0|0|0|0|0|0|0|0|0|0|0|0|0|0|0|0|0|0|0|0|0|0|0|0|0|0|0|0|0|0|0|0|0|0|0|0|0|0|0|0|0|0|0|0|0|0|0|0|0|0|8|1|7|7|7|0|0|0|0|0|0|0|0|0|0|0|0|0|0|0|0|0|0|0|0|0|0|0|0|0|0|0|0|0|0|0|0|0|0|0|0|0|0|0|0|0|0|0|0|0|0|0|0|0|0|0|0|0|0|0|0|0|0|0|0|0|0|0|0|0|0|0|0
DHCST|NY|000|05|0212987|8|8|8|0|0|8|4|0|1|0|0|1|2|8|8|0|8|8|4|0|1|0|0|1|2|0|0|0|0|0|0|0|0|10|6|2|1|0|0|1|10|10|6|2|1|0|0|1|0|0|0|0|0|0|0|8|6|4|0|1|0|0|1|2|2|2|0|0|0|0|0|0|0|0|0|0|0|0|0|0|0|0|0|0|0|0|0|0|0|0|0|0|0|0|0|0|0|0|0|0|0|0|0|0|0|0|0|0|0|0|0|0|0|0|0|0|0|0|0|0|0|0|0|0|0|0|8|0|8|6|4|0|1|0|0|1|2|2|2|0|0|0|0|0|0|0|0|0|0|0|0|0|0|0|0|0|0|0|0|0|0|0|0|0|0|0|0|0|0|0|0|0|0|0|0|0|0|0|0|0|0|0|0|0|0|0|0|0|0|0|0|0|0|0|0|0|0|0|0
DHCST|NY|000|05|0212988|0|0|0|0|0|0|0|0|0|0|0|0|0|0|0|0|0|0|0|0|0|0|0|0|0|0|0|0|0|0|0|0|0|0|0|0|0|0|0|0|0|0|0|0|0|0|0|0|0|0|0|0|0|0|0|0|0|0|0|0|0|0|0|0|0|0|0|0|0|0|0|0|0|0|0|0|0|0|0|0|0|0|0|0|0|0|0|0|0|0|0|0|0|0|0|0|0|0|0|0|0|0|0|0|0|0|0|0|0|0|0|0|0|0|0|0|0|0|0|0|0|0|0|0|0|0|0|0|0|0|0|0|0|0|0|0|0|0|0|0|0|0|0|0|0|0|0|0|0|0|0|0|0|0|0|0|0|0|0|0|0|0|0|0|0|0|0|0|0|0|0|0|0|0|0|0|0|0|0|0|0|0|0|0|0|0|0|0|0|0|0|0|0|0|0|0|0|0|0
DHCST|NY|000|05|0212989|0|0|0|0|0|0|0|0|0|0|0|0|0|0|0|0|0|0|0|0|0|0|0|0|0|0|0|0|0|0|0|0|0|0|0|0|0|0|0|0|0|0|0|0|0|0|0|0|0|0|0|0|0|0|0|0|0|0|0|0|0|0|0|0|0|0|0|0|0|0|0|0|0|0|0|0|0|0|0|0|0|0|0|0|0|0|0|0|0|0|0|0|0|0|0|0|0|0|0|0|0|0|0|0|0|0|0|0|0|0|0|0|0|0|0|0|0|0|0|0|0|0|0|0|0|0|0|0|0|0|0|0|0|0|0|0|0|0|0|0|0|0|0|0|0|0|0|0|0|0|0|0|0|0|0|0|0|0|0|0|0|0|0|0|0|0|0|0|0|0|0|0|0|0|0|0|0|0|0|0|0|0|0|0|0|0|0|0|0|0|0|0|0|0|0|0|0|0|0
DHCST|NY|000|05|0212990|206|206|206|0|0|206|145|26|0|2|0|13|20|206|176|30|206|176|135|19|0|2|0|0|20|30|10|7|0|0|0|13|0|226|164|40|7|2|0|13|226|196|154|33|7|2|0|0|30|10|7|0|0|0|13|206|186|145|26|0|2|0|13|20|20|13|6|0|0|0|1|0|0|0|0|0|0|0|0|0|0|0|0|0|0|0|0|0|0|0|0|0|0|0|0|0|0|0|0|0|0|0|0|0|0|0|0|0|0|0|0|0|0|0|0|0|0|0|0|0|0|0|0|0|0|0|206|30|176|156|135|19|0|2|0|0|20|20|13|6|0|0|0|1|0|0|0|0|0|0|0|0|0|0|0|0|0|0|0|0|0|0|0|0|0|0|0|0|0|0|0|0|0|0|0|0|0|0|0|0|0|0|0|0|0|0|0|0|0|0|0|0|0|0|0|0|0|0|0
DHCST|NY|000|05|0212991|74|74|74|0|0|74|57|5|4|0|0|5|3|74|64|10|74|64|52|5|4|0|0|0|3|10|5|0|0|0|0|5|0|77|60|7|5|0|0|5|77|67|55|7|5|0|0|0|10|5|0|0|0|0|5|74|71|57|5|4|0|0|5|3|3|2|1|0|0|0|0|0|0|0|0|0|0|0|0|0|0|0|0|0|0|0|0|0|0|0|0|0|0|0|0|0|0|0|0|0|0|0|0|0|0|0|0|0|0|0|0|0|0|0|0|0|0|0|0|0|0|0|0|0|0|0|74|10|64|61|52|5|4|0|0|0|3|3|2|1|0|0|0|0|0|0|0|0|0|0|0|0|0|0|0|0|0|0|0|0|0|0|0|0|0|0|0|0|0|0|0|0|0|0|0|0|0|0|0|0|0|0|0|0|0|0|0|0|0|0|0|0|0|0|0|0|0|0|0
DHCST|NY|000|05|0212992|51|51|51|0|0|51|25|3|3|0|0|5|15|51|40|11|51|40|25|3|3|0|0|0|9|11|0|0|0|0|0|5|6|66|38|12|9|0|0|7|66|49|34|10|5|0|0|0|17|4|2|4|0|0|7|51|36|25|3|3|0|0|5|15|15|7|6|0|0|0|0|0|0|2|0|0|0|0|0|0|0|0|0|0|0|0|0|0|0|0|0|0|0|0|0|0|0|0|0|0|0|0|0|0|0|0|0|0|0|0|0|0|0|0|0|0|0|0|0|0|0|0|0|0|0|0|51|11|40|31|25|3|3|0|0|0|9|9|7|2|0|0|0|0|0|0|0|0|0|0|0|0|0|0|0|0|0|0|0|0|0|0|0|0|0|0|0|0|0|0|0|0|0|0|0|0|0|0|0|0|0|0|0|0|0|0|0|0|0|0|0|0|0|0|0|0|0|0|0
DHCST|NY|000|05|0212993|106|106|106|0|0|106|84|17|0|0|0|0|5|106|102|4|106|102|81|17|0|0|0|0|4|4|3|0|0|0|0|0|1|111|88|18|4|0|0|1|111|106|85|17|4|0|0|0|5|3|1|0|0|0|1|106|101|84|17|0|0|0|0|5|5|0|4|0|0|0|0|0|0|1|0|0|0|0|0|0|0|0|0|0|0|0|0|0|0|0|0|0|0|0|0|0|0|0|0|0|0|0|0|0|0|0|0|0|0|0|0|0|0|0|0|0|0|0|0|0|0|0|0|0|0|0|106|4|102|98|81|17|0|0|0|0|4|4|0|4|0|0|0|0|0|0|0|0|0|0|0|0|0|0|0|0|0|0|0|0|0|0|0|0|0|0|0|0|0|0|0|0|0|0|0|0|0|0|0|0|0|0|0|0|0|0|0|0|0|0|0|0|0|0|0|0|0|0|0
DHCST|NY|000|05|0212994|142|142|142|0|0|142|91|35|0|0|0|1|15|142|120|22|142|120|81|27|0|0|0|0|12|22|10|8|0|0|0|1|3|157|106|42|6|0|0|3|157|132|93|32|6|0|0|1|25|13|10|0|0|0|2|142|127|91|35|0|0|0|1|15|15|7|6|0|0|2|0|0|0|0|0|0|0|0|0|0|0|0|0|0|0|0|0|0|0|0|0|0|0|0|0|0|0|0|0|0|0|0|0|0|0|0|0|0|0|0|0|0|0|0|0|0|0|0|0|0|0|0|0|0|0|0|142|22|120|108|81|27|0|0|0|0|12|12|5|6|0|0|1|0|0|0|0|0|0|0|0|0|0|0|0|0|0|0|0|0|0|0|0|0|0|0|0|0|0|0|0|0|0|0|0|0|0|0|0|0|0|0|0|0|0|0|0|0|0|0|0|0|0|0|0|0|0|0|0
DHCST|NY|000|05|0212995|203|203|203|0|0|203|121|48|1|0|0|7|26|203|179|24|203|179|118|43|1|0|0|0|17|24|3|5|0|0|0|7|9|231|147|63|7|0|0|14|231|198|135|56|7|0|0|0|33|12|7|0|0|0|14|203|177|121|48|1|0|0|7|26|24|13|4|0|0|7|0|0|0|0|0|0|0|0|0|0|2|2|0|0|0|0|0|0|0|0|0|0|0|0|0|0|0|0|0|0|0|0|0|0|0|0|0|0|0|0|0|0|0|0|0|0|0|0|0|0|0|0|0|0|0|0|203|24|179|162|118|43|1|0|0|0|17|15|11|4|0|0|0|0|0|0|0|0|0|0|0|0|0|2|2|0|0|0|0|0|0|0|0|0|0|0|0|0|0|0|0|0|0|0|0|0|0|0|0|0|0|0|0|0|0|0|0|0|0|0|0|0|0|0|0|0|0|0|0
DHCST|NY|000|05|0212996|30|30|30|0|0|30|20|3|0|0|0|0|7|30|22|8|30|22|16|3|0|0|0|0|3|8|4|0|0|0|0|0|4|38|25|8|0|0|0|5|38|26|19|6|0|0|0|1|12|6|2|0|0|0|4|30|23|20|3|0|0|0|0|7|6|2|0|0|0|2|0|0|0|2|0|0|0|0|0|0|1|0|0|0|1|0|0|0|0|0|0|0|0|0|0|0|0|0|0|0|0|0|0|0|0|0|0|0|0|0|0|0|0|0|0|0|0|0|0|0|0|0|0|0|0|0|30|8|22|19|16|3|0|0|0|0|3|2|2|0|0|0|0|0|0|0|0|0|0|0|0|0|0|1|0|0|0|1|0|0|0|0|0|0|0|0|0|0|0|0|0|0|0|0|0|0|0|0|0|0|0|0|0|0|0|0|0|0|0|0|0|0|0|0|0|0|0|0|0
DHCST|NY|000|05|0212997|82|82|82|0|0|82|62|9|0|0|0|3|8|82|72|10|82|72|57|9|0|0|0|0|6|10|5|0|0|0|0|3|2|90|67|12|5|0|0|6|90|78|60|12|4|0|0|2|12|7|0|1|0|0|4|82|74|62|9|0|0|0|3|8|8|0|2|0|0|3|3|0|0|0|0|0|0|0|0|0|0|0|0|0|0|0|0|0|0|0|0|0|0|0|0|0|0|0|0|0|0|0|0|0|0|0|0|0|0|0|0|0|0|0|0|0|0|0|0|0|0|0|0|0|0|0|82|10|72|66|57|9|0|0|0|0|6|6|0|1|0|0|2|3|0|0|0|0|0|0|0|0|0|0|0|0|0|0|0|0|0|0|0|0|0|0|0|0|0|0|0|0|0|0|0|0|0|0|0|0|0|0|0|0|0|0|0|0|0|0|0|0|0|0|0|0|0|0|0
DHCST|NY|000|05|0212998|19|19|19|0|0|19|12|5|0|0|0|0|2|19|15|4|19|15|8|5|0|0|0|0|2|4|4|0|0|0|0|0|0|21|14|7|0|0|0|0|21|17|10|7|0|0|0|0|4|4|0|0|0|0|0|19|17|12|5|0|0|0|0|2|2|2|0|0|0|0|0|0|0|0|0|0|0|0|0|0|0|0|0|0|0|0|0|0|0|0|0|0|0|0|0|0|0|0|0|0|0|0|0|0|0|0|0|0|0|0|0|0|0|0|0|0|0|0|0|0|0|0|0|0|0|0|19|4|15|13|8|5|0|0|0|0|2|2|2|0|0|0|0|0|0|0|0|0|0|0|0|0|0|0|0|0|0|0|0|0|0|0|0|0|0|0|0|0|0|0|0|0|0|0|0|0|0|0|0|0|0|0|0|0|0|0|0|0|0|0|0|0|0|0|0|0|0|0|0
DHCST|NY|000|05|0212999|86|86|86|0|0|86|55|15|1|2|0|2|11|86|74|12|86|74|50|15|1|2|0|0|6|12|5|0|0|0|0|2|5|98|63|23|2|2|0|8|98|81|55|21|2|2|0|1|17|8|2|0|0|0|7|86|75|55|15|1|2|0|2|11|10|4|0|0|0|3|1|0|0|2|0|0|0|0|0|0|1|0|0|0|1|0|0|0|0|0|0|0|0|0|0|0|0|0|0|0|0|0|0|0|0|0|0|0|0|0|0|0|0|0|0|0|0|0|0|0|0|0|0|0|0|0|86|12|74|68|50|15|1|2|0|0|6|5|4|0|0|0|0|1|0|0|0|0|0|0|0|0|0|1|0|0|0|1|0|0|0|0|0|0|0|0|0|0|0|0|0|0|0|0|0|0|0|0|0|0|0|0|0|0|0|0|0|0|0|0|0|0|0|0|0|0|0|0|0
DHCST|NY|000|05|0213000|59|59|59|0|0|59|31|20|1|0|0|1|6|59|55|4|59|55|31|20|1|0|0|0|3|4|0|0|0|0|0|1|3|65|36|22|4|0|0|3|65|58|34|21|3|0|0|0|7|2|1|1|0|0|3|59|53|31|20|1|0|0|1|6|6|1|3|0|0|1|0|0|0|1|0|0|0|0|0|0|0|0|0|0|0|0|0|0|0|0|0|0|0|0|0|0|0|0|0|0|0|0|0|0|0|0|0|0|0|0|0|0|0|0|0|0|0|0|0|0|0|0|0|0|0|0|59|4|55|52|31|20|1|0|0|0|3|3|1|2|0|0|0|0|0|0|0|0|0|0|0|0|0|0|0|0|0|0|0|0|0|0|0|0|0|0|0|0|0|0|0|0|0|0|0|0|0|0|0|0|0|0|0|0|0|0|0|0|0|0|0|0|0|0|0|0|0|0|0
DHCST|NY|000|05|0213001|54|54|54|0|0|54|39|6|0|0|0|3|6|54|45|9|54|45|35|4|0|0|0|0|6|9|4|2|0|0|0|3|0|61|45|8|4|0|0|4|61|52|41|6|4|0|0|1|9|4|2|0|0|0|3|54|48|39|6|0|0|0|3|6|5|1|4|0|0|0|0|0|0|0|0|0|0|0|0|0|1|0|0|0|1|0|0|0|0|0|0|0|0|0|0|0|0|0|0|0|0|0|0|0|0|0|0|0|0|0|0|0|0|0|0|0|0|0|0|0|0|0|0|0|0|0|54|9|45|39|35|4|0|0|0|0|6|5|1|4|0|0|0|0|0|0|0|0|0|0|0|0|0|1|0|0|0|1|0|0|0|0|0|0|0|0|0|0|0|0|0|0|0|0|0|0|0|0|0|0|0|0|0|0|0|0|0|0|0|0|0|0|0|0|0|0|0|0|0
DHCST|NY|000|05|0213002|16|16|16|0|0|16|13|0|0|0|0|0|3|16|9|7|16|9|7|0|0|0|0|0|2|7|6|0|0|0|0|0|1|19|15|2|1|0|0|1|19|11|9|2|0|0|0|0|8|6|0|1|0|0|1|16|13|13|0|0|0|0|0|3|3|2|0|0|0|0|0|0|0|0|0|0|1|0|0|0|0|0|0|0|0|0|0|0|0|0|0|0|0|0|0|0|0|0|0|0|0|0|0|0|0|0|0|0|0|0|0|0|0|0|0|0|0|0|0|0|0|0|0|0|0|0|16|7|9|7|7|0|0|0|0|0|2|2|2|0|0|0|0|0|0|0|0|0|0|0|0|0|0|0|0|0|0|0|0|0|0|0|0|0|0|0|0|0|0|0|0|0|0|0|0|0|0|0|0|0|0|0|0|0|0|0|0|0|0|0|0|0|0|0|0|0|0|0|0
DHCST|NY|000|05|0213003|0|0|0|0|0|0|0|0|0|0|0|0|0|0|0|0|0|0|0|0|0|0|0|0|0|0|0|0|0|0|0|0|0|0|0|0|0|0|0|0|0|0|0|0|0|0|0|0|0|0|0|0|0|0|0|0|0|0|0|0|0|0|0|0|0|0|0|0|0|0|0|0|0|0|0|0|0|0|0|0|0|0|0|0|0|0|0|0|0|0|0|0|0|0|0|0|0|0|0|0|0|0|0|0|0|0|0|0|0|0|0|0|0|0|0|0|0|0|0|0|0|0|0|0|0|0|0|0|0|0|0|0|0|0|0|0|0|0|0|0|0|0|0|0|0|0|0|0|0|0|0|0|0|0|0|0|0|0|0|0|0|0|0|0|0|0|0|0|0|0|0|0|0|0|0|0|0|0|0|0|0|0|0|0|0|0|0|0|0|0|0|0|0|0|0|0|0|0|0
DHCST|NY|000|05|0213004|100|100|100|0|0|100|59|35|1|0|0|0|5|100|99|1|100|99|59|35|0|0|0|0|5|1|0|0|1|0|0|0|0|106|64|37|3|1|1|0|106|105|64|37|2|1|1|0|1|0|0|1|0|0|0|100|95|59|35|1|0|0|0|5|4|2|2|0|0|0|0|0|0|0|0|0|0|0|0|0|1|0|0|0|0|0|0|0|1|0|0|0|0|0|0|0|0|0|0|0|0|0|0|0|0|0|0|0|0|0|0|0|0|0|0|0|0|0|0|0|0|0|0|0|0|0|100|1|99|94|59|35|0|0|0|0|5|4|2|2|0|0|0|0|0|0|0|0|0|0|0|0|0|1|0|0|0|0|0|0|0|1|0|0|0|0|0|0|0|0|0|0|0|0|0|0|0|0|0|0|0|0|0|0|0|0|0|0|0|0|0|0|0|0|0|0|0|0|0
DHCST|NY|000|05|0213005|80|80|80|0|0|80|37|13|6|0|0|7|17|80|70|10|80|70|37|12|6|0|0|0|15|10|0|1|0|0|0|7|2|101|53|21|17|0|0|10|101|89|52|19|16|0|0|2|12|1|2|1|0|0|8|80|63|37|13|6|0|0|7|17|13|3|6|0|0|3|1|0|0|0|0|0|0|0|0|0|4|4|0|0|0|0|0|0|0|0|0|0|0|0|0|0|0|0|0|0|0|0|0|0|0|0|0|0|0|0|0|0|0|0|0|0|0|0|0|0|0|0|0|0|0|0|80|10|70|55|37|12|6|0|0|0|15|11|3|6|0|0|2|0|0|0|0|0|0|0|0|0|0|4|4|0|0|0|0|0|0|0|0|0|0|0|0|0|0|0|0|0|0|0|0|0|0|0|0|0|0|0|0|0|0|0|0|0|0|0|0|0|0|0|0|0|0|0|0
DHCST|NY|000|05|0213006|0|0|0|0|0|0|0|0|0|0|0|0|0|0|0|0|0|0|0|0|0|0|0|0|0|0|0|0|0|0|0|0|0|0|0|0|0|0|0|0|0|0|0|0|0|0|0|0|0|0|0|0|0|0|0|0|0|0|0|0|0|0|0|0|0|0|0|0|0|0|0|0|0|0|0|0|0|0|0|0|0|0|0|0|0|0|0|0|0|0|0|0|0|0|0|0|0|0|0|0|0|0|0|0|0|0|0|0|0|0|0|0|0|0|0|0|0|0|0|0|0|0|0|0|0|0|0|0|0|0|0|0|0|0|0|0|0|0|0|0|0|0|0|0|0|0|0|0|0|0|0|0|0|0|0|0|0|0|0|0|0|0|0|0|0|0|0|0|0|0|0|0|0|0|0|0|0|0|0|0|0|0|0|0|0|0|0|0|0|0|0|0|0|0|0|0|0|0|0
DHCST|NY|000|05|0213007|12|12|12|0|0|12|5|4|0|0|0|1|2|12|10|2|12|10|4|4|0|0|0|0|2|2|1|0|0|0|0|1|0|14|7|4|0|0|0|3|14|12|6|4|0|0|0|2|2|1|0|0|0|0|1|12|10|5|4|0|0|0|1|2|2|0|0|0|0|2|0|0|0|0|0|0|0|0|0|0|0|0|0|0|0|0|0|0|0|0|0|0|0|0|0|0|0|0|0|0|0|0|0|0|0|0|0|0|0|0|0|0|0|0|0|0|0|0|0|0|0|0|0|0|0|0|12|2|10|8|4|4|0|0|0|0|2|2|0|0|0|0|2|0|0|0|0|0|0|0|0|0|0|0|0|0|0|0|0|0|0|0|0|0|0|0|0|0|0|0|0|0|0|0|0|0|0|0|0|0|0|0|0|0|0|0|0|0|0|0|0|0|0|0|0|0|0|0|0
DHCST|NY|000|05|0213008|0|0|0|0|0|0|0|0|0|0|0|0|0|0|0|0|0|0|0|0|0|0|0|0|0|0|0|0|0|0|0|0|0|0|0|0|0|0|0|0|0|0|0|0|0|0|0|0|0|0|0|0|0|0|0|0|0|0|0|0|0|0|0|0|0|0|0|0|0|0|0|0|0|0|0|0|0|0|0|0|0|0|0|0|0|0|0|0|0|0|0|0|0|0|0|0|0|0|0|0|0|0|0|0|0|0|0|0|0|0|0|0|0|0|0|0|0|0|0|0|0|0|0|0|0|0|0|0|0|0|0|0|0|0|0|0|0|0|0|0|0|0|0|0|0|0|0|0|0|0|0|0|0|0|0|0|0|0|0|0|0|0|0|0|0|0|0|0|0|0|0|0|0|0|0|0|0|0|0|0|0|0|0|0|0|0|0|0|0|0|0|0|0|0|0|0|0|0|0
DHCST|NY|000|05|0213009|52|52|52|0|0|52|27|22|0|0|0|1|2|52|44|8|52|44|23|19|0|0|0|0|2|8|4|3|0|0|0|1|0|54|29|23|0|0|0|2|54|46|25|20|0|0|0|1|8|4|3|0|0|0|1|52|50|27|22|0|0|0|1|2|2|1|0|0|0|1|0|0|0|0|0|0|0|0|0|0|0|0|0|0|0|0|0|0|0|0|0|0|0|0|0|0|0|0|0|0|0|0|0|0|0|0|0|0|0|0|0|0|0|0|0|0|0|0|0|0|0|0|0|0|0|0|52|8|44|42|23|19|0|0|0|0|2|2|1|0|0|0|1|0|0|0|0|0|0|0|0|0|0|0|0|0|0|0|0|0|0|0|0|0|0|0|0|0|0|0|0|0|0|0|0|0|0|0|0|0|0|0|0|0|0|0|0|0|0|0|0|0|0|0|0|0|0|0|0
DHCST|NY|000|05|0213010|92|92|92|0|0|92|33|39|0|0|2|6|12|92|69|23|92|69|27|37|0|0|0|0|5|23|6|2|0|0|2|6|7|105|41|44|5|0|2|13|105|75|31|39|4|0|0|1|30|10|5|1|0|2|12|92|80|33|39|0|0|2|6|12|11|0|3|0|0|4|2|0|0|2|0|0|0|0|0|0|1|0|0|0|1|0|0|0|0|0|0|0|0|0|0|0|0|0|0|0|0|0|0|0|0|0|0|0|0|0|0|0|0|0|0|0|0|0|0|0|0|0|0|0|0|0|92|23|69|64|27|37|0|0|0|0|5|4|0|3|0|0|0|1|0|0|0|0|0|0|0|0|0|1|0|0|0|1|0|0|0|0|0|0|0|0|0|0|0|0|0|0|0|0|0|0|0|0|0|0|0|0|0|0|0|0|0|0|0|0|0|0|0|0|0|0|0|0|0
DHCST|NY|000|05|0213011|103|103|103|0|0|103|30|47|0|0|0|10|16|103|93|10|103|93|29|47|0|0|0|3|14|10|1|0|0|0|0|7|2|121|45|61|2|0|0|13|121|107|42|59|2|0|0|4|14|3|2|0|0|0|9|103|87|30|47|0|0|0|10|16|14|11|2|0|0|0|0|0|0|1|0|0|0|0|0|0|2|0|0|0|2|0|0|0|0|0|0|0|0|0|0|0|0|0|0|0|0|0|0|0|0|0|0|0|0|0|0|0|0|0|0|0|0|0|0|0|0|0|0|0|0|0|103|10|93|79|29|47|0|0|0|3|14|14|11|2|0|0|0|0|0|0|1|0|0|0|0|0|0|0|0|0|0|0|0|0|0|0|0|0|0|0|0|0|0|0|0|0|0|0|0|0|0|0|0|0|0|0|0|0|0|0|0|0|0|0|0|0|0|0|0|0|0|0|0
DHCST|NY|000|05|0213012|93|93|93|0|0|93|40|39|0|1|0|0|13|93|81|12|93|81|40|32|0|1|0|0|8|12|0|7|0|0|0|0|5|106|51|47|2|1|0|5|106|89|48|38|2|1|0|0|17|3|9|0|0|0|5|93|80|40|39|0|1|0|0|13|13|6|2|0|0|3|0|0|0|2|0|0|0|0|0|0|0|0|0|0|0|0|0|0|0|0|0|0|0|0|0|0|0|0|0|0|0|0|0|0|0|0|0|0|0|0|0|0|0|0|0|0|0|0|0|0|0|0|0|0|0|0|93|12|81|73|40|32|0|1|0|0|8|8|6|2|0|0|0|0|0|0|0|0|0|0|0|0|0|0|0|0|0|0|0|0|0|0|0|0|0|0|0|0|0|0|0|0|0|0|0|0|0|0|0|0|0|0|0|0|0|0|0|0|0|0|0|0|0|0|0|0|0|0|0
DHCST|NY|000|05|0213013|69|69|69|0|0|69|34|16|1|3|0|3|12|69|55|14|69|55|32|16|1|3|0|0|3|14|2|0|0|0|0|3|9|81|45|20|1|4|0|11|81|58|35|19|1|3|0|0|23|10|1|0|1|0|11|69|57|34|16|1|3|0|3|12|12|3|0|0|0|8|0|1|0|0|0|0|0|0|0|0|0|0|0|0|0|0|0|0|0|0|0|0|0|0|0|0|0|0|0|0|0|0|0|0|0|0|0|0|0|0|0|0|0|0|0|0|0|0|0|0|0|0|0|0|0|0|69|14|55|52|32|16|1|3|0|0|3|3|3|0|0|0|0|0|0|0|0|0|0|0|0|0|0|0|0|0|0|0|0|0|0|0|0|0|0|0|0|0|0|0|0|0|0|0|0|0|0|0|0|0|0|0|0|0|0|0|0|0|0|0|0|0|0|0|0|0|0|0|0
DHCST|NY|000|05|0213014|46|46|46|0|0|46|31|4|5|1|0|2|3|46|41|5|46|41|31|2|5|0|0|0|3|5|0|2|0|1|0|2|0|49|34|7|5|1|0|2|49|44|34|5|5|0|0|0|5|0|2|0|1|0|2|46|43|31|4|5|1|0|2|3|3|3|0|0|0|0|0|0|0|0|0|0|0|0|0|0|0|0|0|0|0|0|0|0|0|0|0|0|0|0|0|0|0|0|0|0|0|0|0|0|0|0|0|0|0|0|0|0|0|0|0|0|0|0|0|0|0|0|0|0|0|0|46|5|41|38|31|2|5|0|0|0|3|3|3|0|0|0|0|0|0|0|0|0|0|0|0|0|0|0|0|0|0|0|0|0|0|0|0|0|0|0|0|0|0|0|0|0|0|0|0|0|0|0|0|0|0|0|0|0|0|0|0|0|0|0|0|0|0|0|0|0|0|0|0
DHCST|NY|000|05|0213015|0|0|0|0|0|0|0|0|0|0|0|0|0|0|0|0|0|0|0|0|0|0|0|0|0|0|0|0|0|0|0|0|0|0|0|0|0|0|0|0|0|0|0|0|0|0|0|0|0|0|0|0|0|0|0|0|0|0|0|0|0|0|0|0|0|0|0|0|0|0|0|0|0|0|0|0|0|0|0|0|0|0|0|0|0|0|0|0|0|0|0|0|0|0|0|0|0|0|0|0|0|0|0|0|0|0|0|0|0|0|0|0|0|0|0|0|0|0|0|0|0|0|0|0|0|0|0|0|0|0|0|0|0|0|0|0|0|0|0|0|0|0|0|0|0|0|0|0|0|0|0|0|0|0|0|0|0|0|0|0|0|0|0|0|0|0|0|0|0|0|0|0|0|0|0|0|0|0|0|0|0|0|0|0|0|0|0|0|0|0|0|0|0|0|0|0|0|0|0
DHCST|NY|000|05|0213016|10|10|10|0|0|10|5|0|0|0|1|1|3|10|6|4|10|6|5|0|0|0|1|0|0|4|0|0|0|0|0|1|3|13|7|1|0|0|1|4|13|6|5|0|0|0|1|0|7|2|1|0|0|0|4|10|7|5|0|0|0|1|1|3|3|0|0|0|0|2|0|0|0|1|0|0|0|0|0|0|0|0|0|0|0|0|0|0|0|0|0|0|0|0|0|0|0|0|0|0|0|0|0|0|0|0|0|0|0|0|0|0|0|0|0|0|0|0|0|0|0|0|0|0|0|0|10|4|6|6|5|0|0|0|1|0|0|0|0|0|0|0|0|0|0|0|0|0|0|0|0|0|0|0|0|0|0|0|0|0|0|0|0|0|0|0|0|0|0|0|0|0|0|0|0|0|0|0|0|0|0|0|0|0|0|0|0|0|0|0|0|0|0|0|0|0|0|0|0
DHCST|NY|000|05|0213017|35|35|35|0|0|35|12|14|2|4|0|0|3|35|34|1|35|34|12|14|2|4|0|0|2|1|0|0|0|0|0|0|1|40|15|14|3|5|1|2|40|38|14|14|3|5|1|1|2|1|0|0|0|0|1|35|32|12|14|2|4|0|0|3|2|0|1|0|0|1|0|0|0|0|0|0|0|0|0|0|0|0|0|0|0|0|0|0|0|0|0|0|0|0|0|0|0|0|0|0|0|1|0|0|0|0|0|0|0|0|0|1|0|0|0|0|0|0|0|0|0|0|0|0|0|0|35|1|34|32|12|14|2|4|0|0|2|1|0|1|0|0|0|0|0|0|0|0|0|0|0|0|0|0|0|0|0|0|0|0|0|0|0|0|0|0|0|0|0|0|0|0|0|0|1|0|0|0|0|0|0|0|0|0|1|0|0|0|0|0|0|0|0|0|0|0|0|0|0
DHCST|NY|000|05|0213018|0|0|0|0|0|0|0|0|0|0|0|0|0|0|0|0|0|0|0|0|0|0|0|0|0|0|0|0|0|0|0|0|0|0|0|0|0|0|0|0|0|0|0|0|0|0|0|0|0|0|0|0|0|0|0|0|0|0|0|0|0|0|0|0|0|0|0|0|0|0|0|0|0|0|0|0|0|0|0|0|0|0|0|0|0|0|0|0|0|0|0|0|0|0|0|0|0|0|0|0|0|0|0|0|0|0|0|0|0|0|0|0|0|0|0|0|0|0|0|0|0|0|0|0|0|0|0|0|0|0|0|0|0|0|0|0|0|0|0|0|0|0|0|0|0|0|0|0|0|0|0|0|0|0|0|0|0|0|0|0|0|0|0|0|0|0|0|0|0|0|0|0|0|0|0|0|0|0|0|0|0|0|0|0|0|0|0|0|0|0|0|0|0|0|0|0|0|0|0
DHCST|NY|000|05|0213019|0|0|0|0|0|0|0|0|0|0|0|0|0|0|0|0|0|0|0|0|0|0|0|0|0|0|0|0|0|0|0|0|0|0|0|0|0|0|0|0|0|0|0|0|0|0|0|0|0|0|0|0|0|0|0|0|0|0|0|0|0|0|0|0|0|0|0|0|0|0|0|0|0|0|0|0|0|0|0|0|0|0|0|0|0|0|0|0|0|0|0|0|0|0|0|0|0|0|0|0|0|0|0|0|0|0|0|0|0|0|0|0|0|0|0|0|0|0|0|0|0|0|0|0|0|0|0|0|0|0|0|0|0|0|0|0|0|0|0|0|0|0|0|0|0|0|0|0|0|0|0|0|0|0|0|0|0|0|0|0|0|0|0|0|0|0|0|0|0|0|0|0|0|0|0|0|0|0|0|0|0|0|0|0|0|0|0|0|0|0|0|0|0|0|0|0|0|0|0
DHCST|NY|000|05|0213020|0|0|0|0|0|0|0|0|0|0|0|0|0|0|0|0|0|0|0|0|0|0|0|0|0|0|0|0|0|0|0|0|0|0|0|0|0|0|0|0|0|0|0|0|0|0|0|0|0|0|0|0|0|0|0|0|0|0|0|0|0|0|0|0|0|0|0|0|0|0|0|0|0|0|0|0|0|0|0|0|0|0|0|0|0|0|0|0|0|0|0|0|0|0|0|0|0|0|0|0|0|0|0|0|0|0|0|0|0|0|0|0|0|0|0|0|0|0|0|0|0|0|0|0|0|0|0|0|0|0|0|0|0|0|0|0|0|0|0|0|0|0|0|0|0|0|0|0|0|0|0|0|0|0|0|0|0|0|0|0|0|0|0|0|0|0|0|0|0|0|0|0|0|0|0|0|0|0|0|0|0|0|0|0|0|0|0|0|0|0|0|0|0|0|0|0|0|0|0
DHCST|NY|000|05|0213021|0|0|0|0|0|0|0|0|0|0|0|0|0|0|0|0|0|0|0|0|0|0|0|0|0|0|0|0|0|0|0|0|0|0|0|0|0|0|0|0|0|0|0|0|0|0|0|0|0|0|0|0|0|0|0|0|0|0|0|0|0|0|0|0|0|0|0|0|0|0|0|0|0|0|0|0|0|0|0|0|0|0|0|0|0|0|0|0|0|0|0|0|0|0|0|0|0|0|0|0|0|0|0|0|0|0|0|0|0|0|0|0|0|0|0|0|0|0|0|0|0|0|0|0|0|0|0|0|0|0|0|0|0|0|0|0|0|0|0|0|0|0|0|0|0|0|0|0|0|0|0|0|0|0|0|0|0|0|0|0|0|0|0|0|0|0|0|0|0|0|0|0|0|0|0|0|0|0|0|0|0|0|0|0|0|0|0|0|0|0|0|0|0|0|0|0|0|0|0
DHCST|NY|000|05|0213022|49|49|49|0|0|49|23|14|6|0|0|1|5|49|48|1|49|48|23|14|6|0|0|1|4|1|0|0|0|0|0|0|1|54|26|19|7|0|0|2|54|52|26|18|7|0|0|1|2|0|1|0|0|0|1|49|44|23|14|6|0|0|1|5|5|3|0|0|0|0|1|0|0|1|0|0|0|0|0|0|0|0|0|0|0|0|0|0|0|0|0|0|0|0|0|0|0|0|0|0|0|0|0|0|0|0|0|0|0|0|0|0|0|0|0|0|0|0|0|0|0|0|0|0|0|0|49|1|48|44|23|14|6|0|0|1|4|4|3|0|0|0|0|1|0|0|0|0|0|0|0|0|0|0|0|0|0|0|0|0|0|0|0|0|0|0|0|0|0|0|0|0|0|0|0|0|0|0|0|0|0|0|0|0|0|0|0|0|0|0|0|0|0|0|0|0|0|0|0
DHCST|NY|000|05|0213023|11|11|11|0|0|11|2|0|1|0|0|2|6|11|4|7|11|4|2|0|1|0|0|0|1|7|0|0|0|0|0|2|5|17|8|1|1|0|0|7|17|5|3|1|1|0|0|0|12|5|0|0|0|0|7|11|5|2|0|1|0|0|2|6|6|1|0|0|0|5|0|0|0|0|0|0|0|0|0|0|0|0|0|0|0|0|0|0|0|0|0|0|0|0|0|0|0|0|0|0|0|0|0|0|0|0|0|0|0|0|0|0|0|0|0|0|0|0|0|0|0|0|0|0|0|0|11|7|4|3|2|0|1|0|0|0|1|1|1|0|0|0|0|0|0|0|0|0|0|0|0|0|0|0|0|0|0|0|0|0|0|0|0|0|0|0|0|0|0|0|0|0|0|0|0|0|0|0|0|0|0|0|0|0|0|0|0|0|0|0|0|0|0|0|0|0|0|0|0
DHCST|NY|000|05|0213024|23|23|23|0|0|23|7|9|0|0|0|0|7|23|22|1|23|22|7|9|0|0|0|0|6|1|0|0|0|0|0|0|1|31|14|11|4|0|0|2|31|29|13|11|4|0|0|1|2|1|0|0|0|0|1|23|16|7|9|0|0|0|0|7|6|1|3|0|0|2|0|0|0|0|0|0|0|0|0|0|1|1|0|0|0|0|0|0|0|0|0|0|0|0|0|0|0|0|0|0|0|0|0|0|0|0|0|0|0|0|0|0|0|0|0|0|0|0|0|0|0|0|0|0|0|0|23|1|22|16|7|9|0|0|0|0|6|5|1|3|0|0|1|0|0|0|0|0|0|0|0|0|0|1|1|0|0|0|0|0|0|0|0|0|0|0|0|0|0|0|0|0|0|0|0|0|0|0|0|0|0|0|0|0|0|0|0|0|0|0|0|0|0|0|0|0|0|0|0
DHCST|NY|000|05|0213025|15|15|15|0|0|15|11|1|0|0|0|0|3|15|14|1|15|14|11|1|0|0|0|0|2|1|0|0|0|0|0|0|1|18|14|2|2|0|0|0|18|16|13|1|2|0|0|0|2|1|1|0|0|0|0|15|12|11|1|0|0|0|0|3|3|1|2|0|0|0|0|0|0|0|0|0|0|0|0|0|0|0|0|0|0|0|0|0|0|0|0|0|0|0|0|0|0|0|0|0|0|0|0|0|0|0|0|0|0|0|0|0|0|0|0|0|0|0|0|0|0|0|0|0|0|0|15|1|14|12|11|1|0|0|0|0|2|2|0|2|0|0|0|0|0|0|0|0|0|0|0|0|0|0|0|0|0|0|0|0|0|0|0|0|0|0|0|0|0|0|0|0|0|0|0|0|0|0|0|0|0|0|0|0|0|0|0|0|0|0|0|0|0|0|0|0|0|0|0
DHCST|NY|000|05|0213026|33|33|33|0|0|33|18|6|0|0|0|0|9|33|27|6|33|27|17|6|0|0|0|0|4|6|1|0|0|0|0|0|5|42|25|8|2|0|0|7|42|31|19|8|2|0|0|2|11|6|0|0|0|0|5|33|24|18|6|0|0|0|0|9|9|0|0|0|0|7|2|0|0|0|0|0|0|0|0|0|0|0|0|0|0|0|0|0|0|0|0|0|0|0|0|0|0|0|0|0|0|0|0|0|0|0|0|0|0|0|0|0|0|0|0|0|0|0|0|0|0|0|0|0|0|0|33|6|27|23|17|6|0|0|0|0|4|4|0|0|0|0|2|2|0|0|0|0|0|0|0|0|0|0|0|0|0|0|0|0|0|0|0|0|0|0|0|0|0|0|0|0|0|0|0|0|0|0|0|0|0|0|0|0|0|0|0|0|0|0|0|0|0|0|0|0|0|0|0
DHCST|NY|000|05|0213027|38|38|38|0|0|38|25|2|0|0|0|2|9|38|35|3|38|35|25|2|0|0|0|1|7|3|0|0|0|0|0|1|2|48|32|11|0|0|0|5|48|43|32|9|0|0|0|2|5|0|2|0|0|0|3|38|29|25|2|0|0|0|2|9|8|6|0|0|0|0|0|0|0|2|0|0|0|0|0|0|1|0|0|0|1|0|0|0|0|0|0|0|0|0|0|0|0|0|0|0|0|0|0|0|0|0|0|0|0|0|0|0|0|0|0|0|0|0|0|0|0|0|0|0|0|0|38|3|35|28|25|2|0|0|0|1|7|6|6|0|0|0|0|0|0|0|0|0|0|0|0|0|0|1|0|0|0|1|0|0|0|0|0|0|0|0|0|0|0|0|0|0|0|0|0|0|0|0|0|0|0|0|0|0|0|0|0|0|0|0|0|0|0|0|0|0|0|0|0
DHCST|NY|000|05|0213028|0|0|0|0|0|0|0|0|0|0|0|0|0|0|0|0|0|0|0|0|0|0|0|0|0|0|0|0|0|0|0|0|0|0|0|0|0|0|0|0|0|0|0|0|0|0|0|0|0|0|0|0|0|0|0|0|0|0|0|0|0|0|0|0|0|0|0|0|0|0|0|0|0|0|0|0|0|0|0|0|0|0|0|0|0|0|0|0|0|0|0|0|0|0|0|0|0|0|0|0|0|0|0|0|0|0|0|0|0|0|0|0|0|0|0|0|0|0|0|0|0|0|0|0|0|0|0|0|0|0|0|0|0|0|0|0|0|0|0|0|0|0|0|0|0|0|0|0|0|0|0|0|0|0|0|0|0|0|0|0|0|0|0|0|0|0|0|0|0|0|0|0|0|0|0|0|0|0|0|0|0|0|0|0|0|0|0|0|0|0|0|0|0|0|0|0|0|0|0
DHCST|NY|000|05|0213029|90|90|90|0|0|90|62|21|2|0|0|2|3|90|86|4|90|86|62|21|0|0|0|0|3|4|0|0|2|0|0|2|0|93|65|24|2|0|0|2|93|89|65|24|0|0|0|0|4|0|0|2|0|0|2|90|87|62|21|2|0|0|2|3|3|3|0|0|0|0|0|0|0|0|0|0|0|0|0|0|0|0|0|0|0|0|0|0|0|0|0|0|0|0|0|0|0|0|0|0|0|0|0|0|0|0|0|0|0|0|0|0|0|0|0|0|0|0|0|0|0|0|0|0|0|0|90|4|86|83|62|21|0|0|0|0|3|3|3|0|0|0|0|0|0|0|0|0|0|0|0|0|0|0|0|0|0|0|0|0|0|0|0|0|0|0|0|0|0|0|0|0|0|0|0|0|0|0|0|0|0|0|0|0|0|0|0|0|0|0|0|0|0|0|0|0|0|0|0
DHCST|NY|000|05|0213030|82|82|82|0|0|82|58|15|3|0|0|0|6|82|76|6|82|76|53|15|3|0|0|0|5|6|5|0|0|0|0|0|1|89|63|18|8|0|0|0|89|82|58|17|7|0|0|0|7|5|1|1|0|0|0|82|76|58|15|3|0|0|0|6|5|1|3|0|0|0|1|0|0|0|0|0|0|0|0|0|1|1|0|0|0|0|0|0|0|0|0|0|0|0|0|0|0|0|0|0|0|0|0|0|0|0|0|0|0|0|0|0|0|0|0|0|0|0|0|0|0|0|0|0|0|0|82|6|76|71|53|15|3|0|0|0|5|4|1|3|0|0|0|0|0|0|0|0|0|0|0|0|0|1|1|0|0|0|0|0|0|0|0|0|0|0|0|0|0|0|0|0|0|0|0|0|0|0|0|0|0|0|0|0|0|0|0|0|0|0|0|0|0|0|0|0|0|0|0
DHCST|NY|000|05|0213031|0|0|0|0|0|0|0|0|0|0|0|0|0|0|0|0|0|0|0|0|0|0|0|0|0|0|0|0|0|0|0|0|0|0|0|0|0|0|0|0|0|0|0|0|0|0|0|0|0|0|0|0|0|0|0|0|0|0|0|0|0|0|0|0|0|0|0|0|0|0|0|0|0|0|0|0|0|0|0|0|0|0|0|0|0|0|0|0|0|0|0|0|0|0|0|0|0|0|0|0|0|0|0|0|0|0|0|0|0|0|0|0|0|0|0|0|0|0|0|0|0|0|0|0|0|0|0|0|0|0|0|0|0|0|0|0|0|0|0|0|0|0|0|0|0|0|0|0|0|0|0|0|0|0|0|0|0|0|0|0|0|0|0|0|0|0|0|0|0|0|0|0|0|0|0|0|0|0|0|0|0|0|0|0|0|0|0|0|0|0|0|0|0|0|0|0|0|0|0
DHCST|NY|000|05|0213032|20|20|20|0|0|20|1|12|0|0|0|3|4|20|20|0|20|20|1|12|0|0|0|3|4|0|0|0|0|0|0|0|0|30|4|16|4|0|0|6|30|30|4|16|4|0|0|6|0|0|0|0|0|0|0|20|16|1|12|0|0|0|3|4|1|0|0|0|0|0|1|0|0|0|0|0|0|0|0|0|0|0|0|0|0|0|0|0|0|0|0|0|0|0|0|0|0|0|0|0|0|3|0|0|3|0|0|0|0|0|0|0|0|0|0|0|0|0|0|0|0|0|0|0|0|0|20|0|20|16|1|12|0|0|0|3|4|1|0|0|0|0|0|1|0|0|0|0|0|0|0|0|0|0|0|0|0|0|0|0|0|0|0|0|0|0|0|0|0|0|0|0|0|0|3|0|0|3|0|0|0|0|0|0|0|0|0|0|0|0|0|0|0|0|0|0|0|0|0
DHCST|NY|000|05|0213033|0|0|0|0|0|0|0|0|0|0|0|0|0|0|0|0|0|0|0|0|0|0|0|0|0|0|0|0|0|0|0|0|0|0|0|0|0|0|0|0|0|0|0|0|0|0|0|0|0|0|0|0|0|0|0|0|0|0|0|0|0|0|0|0|0|0|0|0|0|0|0|0|0|0|0|0|0|0|0|0|0|0|0|0|0|0|0|0|0|0|0|0|0|0|0|0|0|0|0|0|0|0|0|0|0|0|0|0|0|0|0|0|0|0|0|0|0|0|0|0|0|0|0|0|0|0|0|0|0|0|0|0|0|0|0|0|0|0|0|0|0|0|0|0|0|0|0|0|0|0|0|0|0|0|0|0|0|0|0|0|0|0|0|0|0|0|0|0|0|0|0|0|0|0|0|0|0|0|0|0|0|0|0|0|0|0|0|0|0|0|0|0|0|0|0|0|0|0|0
DHCST|NY|000|05|0213034|0|0|0|0|0|0|0|0|0|0|0|0|0|0|0|0|0|0|0|0|0|0|0|0|0|0|0|0|0|0|0|0|0|0|0|0|0|0|0|0|0|0|0|0|0|0|0|0|0|0|0|0|0|0|0|0|0|0|0|0|0|0|0|0|0|0|0|0|0|0|0|0|0|0|0|0|0|0|0|0|0|0|0|0|0|0|0|0|0|0|0|0|0|0|0|0|0|0|0|0|0|0|0|0|0|0|0|0|0|0|0|0|0|0|0|0|0|0|0|0|0|0|0|0|0|0|0|0|0|0|0|0|0|0|0|0|0|0|0|0|0|0|0|0|0|0|0|0|0|0|0|0|0|0|0|0|0|0|0|0|0|0|0|0|0|0|0|0|0|0|0|0|0|0|0|0|0|0|0|0|0|0|0|0|0|0|0|0|0|0|0|0|0|0|0|0|0|0|0
DHCST|NY|000|05|0213035|86|86|86|0|0|86|60|14|0|2|0|0|10|86|84|2|86|84|60|14|0|2|0|0|8|2|0|0|0|0|0|0|2|96|70|14|5|4|0|3|96|92|68|14|5|4|0|1|4|2|0|0|0|0|2|86|76|60|14|0|2|0|0|10|10|0|5|2|0|3|0|0|0|0|0|0|0|0|0|0|0|0|0|0|0|0|0|0|0|0|0|0|0|0|0|0|0|0|0|0|0|0|0|0|0|0|0|0|0|0|0|0|0|0|0|0|0|0|0|0|0|0|0|0|0|0|86|2|84|76|60|14|0|2|0|0|8|8|0|5|2|0|1|0|0|0|0|0|0|0|0|0|0|0|0|0|0|0|0|0|0|0|0|0|0|0|0|0|0|0|0|0|0|0|0|0|0|0|0|0|0|0|0|0|0|0|0|0|0|0|0|0|0|0|0|0|0|0|0
DHCST|NY|000|05|0213036|0|0|0|0|0|0|0|0|0|0|0|0|0|0|0|0|0|0|0|0|0|0|0|0|0|0|0|0|0|0|0|0|0|0|0|0|0|0|0|0|0|0|0|0|0|0|0|0|0|0|0|0|0|0|0|0|0|0|0|0|0|0|0|0|0|0|0|0|0|0|0|0|0|0|0|0|0|0|0|0|0|0|0|0|0|0|0|0|0|0|0|0|0|0|0|0|0|0|0|0|0|0|0|0|0|0|0|0|0|0|0|0|0|0|0|0|0|0|0|0|0|0|0|0|0|0|0|0|0|0|0|0|0|0|0|0|0|0|0|0|0|0|0|0|0|0|0|0|0|0|0|0|0|0|0|0|0|0|0|0|0|0|0|0|0|0|0|0|0|0|0|0|0|0|0|0|0|0|0|0|0|0|0|0|0|0|0|0|0|0|0|0|0|0|0|0|0|0|0
DHCST|NY|000|05|0213037|135|135|135|0|0|135|99|18|2|8|0|0|8|135|123|12|135|123|96|16|0|7|0|0|4|12|3|2|2|1|0|0|4|144|103|24|4|8|1|4|144|127|99|19|1|7|0|1|17|4|5|3|1|1|3|135|127|99|18|2|8|0|0|8|7|2|0|0|0|1|1|0|0|2|0|0|0|0|0|1|1|1|0|0|0|0|0|0|0|0|0|0|0|0|0|0|0|0|0|0|0|0|0|0|0|0|0|0|0|0|0|0|0|0|0|0|0|0|0|0|0|0|0|0|0|0|135|12|123|119|96|16|0|7|0|0|4|4|2|0|0|0|1|1|0|0|0|0|0|0|0|0|0|0|0|0|0|0|0|0|0|0|0|0|0|0|0|0|0|0|0|0|0|0|0|0|0|0|0|0|0|0|0|0|0|0|0|0|0|0|0|0|0|0|0|0|0|0|0
DHCST|NY|000|05|0213038|0|0|0|0|0|0|0|0|0|0|0|0|0|0|0|0|0|0|0|0|0|0|0|0|0|0|0|0|0|0|0|0|0|0|0|0|0|0|0|0|0|0|0|0|0|0|0|0|0|0|0|0|0|0|0|0|0|0|0|0|0|0|0|0|0|0|0|0|0|0|0|0|0|0|0|0|0|0|0|0|0|0|0|0|0|0|0|0|0|0|0|0|0|0|0|0|0|0|0|0|0|0|0|0|0|0|0|0|0|0|0|0|0|0|0|0|0|0|0|0|0|0|0|0|0|0|0|0|0|0|0|0|0|0|0|0|0|0|0|0|0|0|0|0|0|0|0|0|0|0|0|0|0|0|0|0|0|0|0|0|0|0|0|0|0|0|0|0|0|0|0|0|0|0|0|0|0|0|0|0|0|0|0|0|0|0|0|0|0|0|0|0|0|0|0|0|0|0|0
DHCST|NY|000|05|0213039|0|0|0|0|0|0|0|0|0|0|0|0|0|0|0|0|0|0|0|0|0|0|0|0|0|0|0|0|0|0|0|0|0|0|0|0|0|0|0|0|0|0|0|0|0|0|0|0|0|0|0|0|0|0|0|0|0|0|0|0|0|0|0|0|0|0|0|0|0|0|0|0|0|0|0|0|0|0|0|0|0|0|0|0|0|0|0|0|0|0|0|0|0|0|0|0|0|0|0|0|0|0|0|0|0|0|0|0|0|0|0|0|0|0|0|0|0|0|0|0|0|0|0|0|0|0|0|0|0|0|0|0|0|0|0|0|0|0|0|0|0|0|0|0|0|0|0|0|0|0|0|0|0|0|0|0|0|0|0|0|0|0|0|0|0|0|0|0|0|0|0|0|0|0|0|0|0|0|0|0|0|0|0|0|0|0|0|0|0|0|0|0|0|0|0|0|0|0|0
DHCST|NY|000|05|0213040|62|62|62|0|0|62|31|11|1|10|0|0|9|62|52|10|62|52|31|8|1|10|0|0|2|10|0|3|0|0|0|0|7|72|36|19|2|10|0|5|72|54|32|10|2|10|0|0|18|4|9|0|0|0|5|62|53|31|11|1|10|0|0|9|8|3|0|0|0|1|1|0|0|3|0|0|0|0|0|0|1|0|0|0|1|0|0|0|0|0|0|0|0|0|0|0|0|0|0|0|0|0|0|0|0|0|0|0|0|0|0|0|0|0|0|0|0|0|0|0|0|0|0|0|0|0|62|10|52|50|31|8|1|10|0|0|2|2|1|0|0|0|0|1|0|0|0|0|0|0|0|0|0|0|0|0|0|0|0|0|0|0|0|0|0|0|0|0|0|0|0|0|0|0|0|0|0|0|0|0|0|0|0|0|0|0|0|0|0|0|0|0|0|0|0|0|0|0|0
DHCST|NY|000|05|0213041|0|0|0|0|0|0|0|0|0|0|0|0|0|0|0|0|0|0|0|0|0|0|0|0|0|0|0|0|0|0|0|0|0|0|0|0|0|0|0|0|0|0|0|0|0|0|0|0|0|0|0|0|0|0|0|0|0|0|0|0|0|0|0|0|0|0|0|0|0|0|0|0|0|0|0|0|0|0|0|0|0|0|0|0|0|0|0|0|0|0|0|0|0|0|0|0|0|0|0|0|0|0|0|0|0|0|0|0|0|0|0|0|0|0|0|0|0|0|0|0|0|0|0|0|0|0|0|0|0|0|0|0|0|0|0|0|0|0|0|0|0|0|0|0|0|0|0|0|0|0|0|0|0|0|0|0|0|0|0|0|0|0|0|0|0|0|0|0|0|0|0|0|0|0|0|0|0|0|0|0|0|0|0|0|0|0|0|0|0|0|0|0|0|0|0|0|0|0|0
DHCST|NY|000|05|0213042|190|190|190|0|0|190|115|32|1|0|0|13|29|190|161|29|190|161|114|23|1|0|0|0|23|29|1|9|0|0|0|13|6|219|141|42|11|3|0|22|219|184|134|33|11|3|0|3|35|7|9|0|0|0|19|190|161|115|32|1|0|0|13|29|29|7|7|3|0|9|3|0|0|0|0|0|0|0|0|0|0|0|0|0|0|0|0|0|0|0|0|0|0|0|0|0|0|0|0|0|0|0|0|0|0|0|0|0|0|0|0|0|0|0|0|0|0|0|0|0|0|0|0|0|0|0|190|29|161|138|114|23|1|0|0|0|23|23|7|7|3|0|3|3|0|0|0|0|0|0|0|0|0|0|0|0|0|0|0|0|0|0|0|0|0|0|0|0|0|0|0|0|0|0|0|0|0|0|0|0|0|0|0|0|0|0|0|0|0|0|0|0|0|0|0|0|0|0|0
DHCST|NY|000|05|0213043|171|171|171|0|0|171|94|33|7|3|0|12|22|171|140|31|171|140|82|30|6|2|0|0|20|31|12|3|1|1|0|12|2|193|115|41|15|3|0|19|193|160|102|37|13|2|0|6|33|13|4|2|1|0|13|171|149|94|33|7|3|0|12|22|22|7|7|0|0|7|1|0|0|0|0|0|0|0|0|0|0|0|0|0|0|0|0|0|0|0|0|0|0|0|0|0|0|0|0|0|0|0|0|0|0|0|0|0|0|0|0|0|0|0|0|0|0|0|0|0|0|0|0|0|0|0|171|31|140|120|82|30|6|2|0|0|20|20|7|7|0|0|6|0|0|0|0|0|0|0|0|0|0|0|0|0|0|0|0|0|0|0|0|0|0|0|0|0|0|0|0|0|0|0|0|0|0|0|0|0|0|0|0|0|0|0|0|0|0|0|0|0|0|0|0|0|0|0|0
DHCST|NY|000|05|0213044|47|47|47|0|0|47|26|6|1|3|0|8|3|47|31|16|47|31|22|4|1|3|0|0|1|16|4|2|0|0|0|8|2|50|29|7|1|4|0|9|50|32|23|4|1|4|0|0|18|6|3|0|0|0|9|47|44|26|6|1|3|0|8|3|3|1|0|1|0|1|0|0|0|0|0|0|0|0|0|0|0|0|0|0|0|0|0|0|0|0|0|0|0|0|0|0|0|0|0|0|0|0|0|0|0|0|0|0|0|0|0|0|0|0|0|0|0|0|0|0|0|0|0|0|0|0|47|16|31|30|22|4|1|3|0|0|1|1|0|0|1|0|0|0|0|0|0|0|0|0|0|0|0|0|0|0|0|0|0|0|0|0|0|0|0|0|0|0|0|0|0|0|0|0|0|0|0|0|0|0|0|0|0|0|0|0|0|0|0|0|0|0|0|0|0|0|0|0|0
DHCST|NY|000|05|0213045|0|0|0|0|0|0|0|0|0|0|0|0|0|0|0|0|0|0|0|0|0|0|0|0|0|0|0|0|0|0|0|0|0|0|0|0|0|0|0|0|0|0|0|0|0|0|0|0|0|0|0|0|0|0|0|0|0|0|0|0|0|0|0|0|0|0|0|0|0|0|0|0|0|0|0|0|0|0|0|0|0|0|0|0|0|0|0|0|0|0|0|0|0|0|0|0|0|0|0|0|0|0|0|0|0|0|0|0|0|0|0|0|0|0|0|0|0|0|0|0|0|0|0|0|0|0|0|0|0|0|0|0|0|0|0|0|0|0|0|0|0|0|0|0|0|0|0|0|0|0|0|0|0|0|0|0|0|0|0|0|0|0|0|0|0|0|0|0|0|0|0|0|0|0|0|0|0|0|0|0|0|0|0|0|0|0|0|0|0|0|0|0|0|0|0|0|0|0|0
DHCST|NY|000|05|0213046|0|0|0|0|0|0|0|0|0|0|0|0|0|0|0|0|0|0|0|0|0|0|0|0|0|0|0|0|0|0|0|0|0|0|0|0|0|0|0|0|0|0|0|0|0|0|0|0|0|0|0|0|0|0|0|0|0|0|0|0|0|0|0|0|0|0|0|0|0|0|0|0|0|0|0|0|0|0|0|0|0|0|0|0|0|0|0|0|0|0|0|0|0|0|0|0|0|0|0|0|0|0|0|0|0|0|0|0|0|0|0|0|0|0|0|0|0|0|0|0|0|0|0|0|0|0|0|0|0|0|0|0|0|0|0|0|0|0|0|0|0|0|0|0|0|0|0|0|0|0|0|0|0|0|0|0|0|0|0|0|0|0|0|0|0|0|0|0|0|0|0|0|0|0|0|0|0|0|0|0|0|0|0|0|0|0|0|0|0|0|0|0|0|0|0|0|0|0|0
DHCST|NY|000|05|0213047|190|190|190|0|0|190|91|51|3|0|0|15|30|190|151|39|190|151|81|36|3|0|0|2|29|39|10|15|0|0|0|13|1|220|121|66|15|0|0|18|220|180|110|51|15|0|0|4|40|11|15|0|0|0|14|190|160|91|51|3|0|0|15|30|30|15|12|0|0|3|0|0|0|0|0|0|0|0|0|0|0|0|0|0|0|0|0|0|0|0|0|0|0|0|0|0|0|0|0|0|0|0|0|0|0|0|0|0|0|0|0|0|0|0|0|0|0|0|0|0|0|0|0|0|0|0|190|39|151|122|81|36|3|0|0|2|29|29|15|12|0|0|2|0|0|0|0|0|0|0|0|0|0|0|0|0|0|0|0|0|0|0|0|0|0|0|0|0|0|0|0|0|0|0|0|0|0|0|0|0|0|0|0|0|0|0|0|0|0|0|0|0|0|0|0|0|0|0|0
DHCST|NY|000|05|0213048|115|115|115|0|0|115|38|33|0|1|0|17|26|115|84|31|115|84|36|25|0|1|0|0|22|31|2|8|0|0|0|17|4|145|63|50|13|1|0|18|145|110|57|38|13|1|0|1|35|6|12|0|0|0|17|115|89|38|33|0|1|0|17|26|22|12|9|0|0|0|0|0|0|1|0|0|0|0|0|0|4|4|0|0|0|0|0|0|0|0|0|0|0|0|0|0|0|0|0|0|0|0|0|0|0|0|0|0|0|0|0|0|0|0|0|0|0|0|0|0|0|0|0|0|0|0|115|31|84|62|36|25|0|1|0|0|22|18|8|9|0|0|0|0|0|0|1|0|0|0|0|0|0|4|4|0|0|0|0|0|0|0|0|0|0|0|0|0|0|0|0|0|0|0|0|0|0|0|0|0|0|0|0|0|0|0|0|0|0|0|0|0|0|0|0|0|0|0|0
DHCST|NY|000|05|0213049|321|321|321|0|0|321|174|77|14|0|0|12|44|321|268|53|321|268|150|76|13|0|0|4|25|53|24|1|1|0|0|8|19|368|217|97|17|4|0|33|368|294|174|94|16|4|0|6|74|43|3|1|0|0|27|321|277|174|77|14|0|0|12|44|41|17|1|4|0|18|0|0|0|0|0|0|1|0|0|0|3|1|0|0|2|0|0|0|0|0|0|0|0|0|0|0|0|0|0|0|0|0|0|0|0|0|0|0|0|0|0|0|0|0|0|0|0|0|0|0|0|0|0|0|0|0|321|53|268|243|150|76|13|0|0|4|25|24|17|1|4|0|1|0|0|0|0|0|0|1|0|0|0|1|1|0|0|0|0|0|0|0|0|0|0|0|0|0|0|0|0|0|0|0|0|0|0|0|0|0|0|0|0|0|0|0|0|0|0|0|0|0|0|0|0|0|0|0|0
DHCST|NY|000|05|0213050|129|129|129|0|0|129|89|27|0|0|0|2|11|129|120|9|129|120|87|25|0|0|0|0|8|9|2|2|0|0|0|2|3|142|98|35|1|1|1|6|142|129|95|30|0|1|1|2|13|3|5|1|0|0|4|129|118|89|27|0|0|0|2|11|9|5|0|0|0|2|0|0|0|2|0|0|0|0|0|0|2|1|0|0|0|0|0|0|1|0|0|0|0|0|0|0|0|0|0|0|0|0|0|0|0|0|0|0|0|0|0|0|0|0|0|0|0|0|0|0|0|0|0|0|0|0|129|9|120|112|87|25|0|0|0|0|8|7|5|0|0|0|2|0|0|0|0|0|0|0|0|0|0|1|0|0|0|0|0|0|0|1|0|0|0|0|0|0|0|0|0|0|0|0|0|0|0|0|0|0|0|0|0|0|0|0|0|0|0|0|0|0|0|0|0|0|0|0|0
DHCST|NY|000|05|0213051|156|156|156|0|0|156|61|31|9|3|0|5|47|156|148|8|156|148|60|29|9|3|0|2|45|8|1|2|0|0|0|3|2|207|105|66|22|4|1|9|207|197|102|64|22|4|1|4|10|3|2|0|0|0|5|156|109|61|31|9|3|0|5|47|43|30|7|1|0|2|0|0|0|1|0|1|1|0|0|0|4|4|0|0|0|0|0|0|0|0|0|0|0|0|0|0|0|0|0|0|0|0|0|0|0|0|0|0|0|0|0|0|0|0|0|0|0|0|0|0|0|0|0|0|0|0|156|8|148|103|60|29|9|3|0|2|45|41|30|7|1|0|0|0|0|0|1|0|1|1|0|0|0|4|4|0|0|0|0|0|0|0|0|0|0|0|0|0|0|0|0|0|0|0|0|0|0|0|0|0|0|0|0|0|0|0|0|0|0|0|0|0|0|0|0|0|0|0|0
DHCST|NY|000|05|0213052|134|134|134|0|0|134|52|42|5|1|1|5|28|134|115|19|134|115|51|40|5|0|1|0|18|19|1|2|0|1|0|5|10|162|80|54|10|1|1|16|162|133|69|52|10|0|1|1|29|11|2|0|1|0|15|134|106|52|42|5|1|1|5|28|28|12|5|0|0|11|0|0|0|0|0|0|0|0|0|0|0|0|0|0|0|0|0|0|0|0|0|0|0|0|0|0|0|0|0|0|0|0|0|0|0|0|0|0|0|0|0|0|0|0|0|0|0|0|0|0|0|0|0|0|0|0|134|19|115|97|51|40|5|0|1|0|18|18|12|5|0|0|1|0|0|0|0|0|0|0|0|0|0|0|0|0|0|0|0|0|0|0|0|0|0|0|0|0|0|0|0|0|0|0|0|0|0|0|0|0|0|0|0|0|0|0|0|0|0|0|0|0|0|0|0|0|0|0|0
DHCST|NY|000|05|0213053|0|0|0|0|0|0|0|0|0|0|0|0|0|0|0|0|0|0|0|0|0|0|0|0|0|0|0|0|0|0|0|0|0|0|0|0|0|0|0|0|0|0|0|0|0|0|0|0|0|0|0|0|0|0|0|0|0|0|0|0|0|0|0|0|0|0|0|0|0|0|0|0|0|0|0|0|0|0|0|0|0|0|0|0|0|0|0|0|0|0|0|0|0|0|0|0|0|0|0|0|0|0|0|0|0|0|0|0|0|0|0|0|0|0|0|0|0|0|0|0|0|0|0|0|0|0|0|0|0|0|0|0|0|0|0|0|0|0|0|0|0|0|0|0|0|0|0|0|0|0|0|0|0|0|0|0|0|0|0|0|0|0|0|0|0|0|0|0|0|0|0|0|0|0|0|0|0|0|0|0|0|0|0|0|0|0|0|0|0|0|0|0|0|0|0|0|0|0|0
DHCST|NY|000|05|0213054|10|10|10|0|0|10|1|0|0|2|1|3|3|10|6|4|10|6|1|0|0|2|1|0|2|4|0|0|0|0|0|3|1|14|3|1|1|3|1|5|14|9|3|1|1|2|1|1|5|0|0|0|1|0|4|10|7|1|0|0|2|1|3|3|2|0|0|0|0|1|0|0|0|0|0|0|0|0|1|0|1|1|0|0|0|0|0|0|0|0|0|0|0|0|0|0|0|0|0|0|0|0|0|0|0|0|0|0|0|0|0|0|0|0|0|0|0|0|0|0|0|0|0|0|0|0|10|4|6|4|1|0|0|2|1|0|2|1|0|0|0|0|1|0|0|0|0|0|0|0|0|0|0|1|1|0|0|0|0|0|0|0|0|0|0|0|0|0|0|0|0|0|0|0|0|0|0|0|0|0|0|0|0|0|0|0|0|0|0|0|0|0|0|0|0|0|0|0|0
DHCST|NY|000|05|0213055|78|78|78|0|0|78|54|13|0|0|0|0|11|78|74|4|78|74|52|13|0|0|0|0|9|4|2|0|0|0|0|0|2|89|65|18|4|0|0|2|89|83|61|18|4|0|0|0|6|4|0|0|0|0|2|78|67|54|13|0|0|0|0|11|11|5|4|0|0|2|0|0|0|0|0|0|0|0|0|0|0|0|0|0|0|0|0|0|0|0|0|0|0|0|0|0|0|0|0|0|0|0|0|0|0|0|0|0|0|0|0|0|0|0|0|0|0|0|0|0|0|0|0|0|0|0|78|4|74|65|52|13|0|0|0|0|9|9|5|4|0|0|0|0|0|0|0|0|0|0|0|0|0|0|0|0|0|0|0|0|0|0|0|0|0|0|0|0|0|0|0|0|0|0|0|0|0|0|0|0|0|0|0|0|0|0|0|0|0|0|0|0|0|0|0|0|0|0|0
DHCST|NY|000|05|0213056|310|310|310|0|0|310|43|206|1|46|0|0|14|310|287|23|310|287|43|189|0|46|0|0|9|23|0|17|1|0|0|0|5|324|55|215|1|46|0|7|324|296|50|198|0|46|0|2|28|5|17|1|0|0|5|310|296|43|206|1|46|0|0|14|14|7|0|0|0|5|0|0|0|2|0|0|0|0|0|0|0|0|0|0|0|0|0|0|0|0|0|0|0|0|0|0|0|0|0|0|0|0|0|0|0|0|0|0|0|0|0|0|0|0|0|0|0|0|0|0|0|0|0|0|0|0|310|23|287|278|43|189|0|46|0|0|9|9|7|0|0|0|0|0|0|0|2|0|0|0|0|0|0|0|0|0|0|0|0|0|0|0|0|0|0|0|0|0|0|0|0|0|0|0|0|0|0|0|0|0|0|0|0|0|0|0|0|0|0|0|0|0|0|0|0|0|0|0|0
DHCST|NY|000|05|0213057|164|164|164|0|0|164|61|62|0|10|0|12|19|164|150|14|164|150|55|62|0|8|0|6|19|14|6|0|0|2|0|6|0|183|80|73|7|10|0|13|183|169|74|73|7|8|0|7|14|6|0|0|2|0|6|164|145|61|62|0|10|0|12|19|19|11|7|0|0|1|0|0|0|0|0|0|0|0|0|0|0|0|0|0|0|0|0|0|0|0|0|0|0|0|0|0|0|0|0|0|0|0|0|0|0|0|0|0|0|0|0|0|0|0|0|0|0|0|0|0|0|0|0|0|0|0|164|14|150|131|55|62|0|8|0|6|19|19|11|7|0|0|1|0|0|0|0|0|0|0|0|0|0|0|0|0|0|0|0|0|0|0|0|0|0|0|0|0|0|0|0|0|0|0|0|0|0|0|0|0|0|0|0|0|0|0|0|0|0|0|0|0|0|0|0|0|0|0|0
DHCST|NY|000|05|0213058|68|68|68|0|0|68|20|28|1|12|0|1|6|68|64|4|68|64|19|27|0|12|0|0|6|4|1|1|1|0|0|1|0|74|24|34|3|12|0|1|74|70|23|33|2|12|0|0|4|1|1|1|0|0|1|68|62|20|28|1|12|0|1|6|6|4|0|0|0|0|2|0|0|0|0|0|0|0|0|0|0|0|0|0|0|0|0|0|0|0|0|0|0|0|0|0|0|0|0|0|0|0|0|0|0|0|0|0|0|0|0|0|0|0|0|0|0|0|0|0|0|0|0|0|0|0|68|4|64|58|19|27|0|12|0|0|6|6|4|0|0|0|0|2|0|0|0|0|0|0|0|0|0|0|0|0|0|0|0|0|0|0|0|0|0|0|0|0|0|0|0|0|0|0|0|0|0|0|0|0|0|0|0|0|0|0|0|0|0|0|0|0|0|0|0|0|0|0|0
DHCST|NY|000|05|0213059|33|33|33|0|0|33|11|9|0|12|0|1|0|33|32|1|33|32|11|9|0|12|0|0|0|1|0|0|0|0|0|1|0|33|11|9|0|12|0|1|33|32|11|9|0|12|0|0|1|0|0|0|0|0|1|33|33|11|9|0|12|0|1|0|0|0|0|0|0|0|0|0|0|0|0|0|0|0|0|0|0|0|0|0|0|0|0|0|0|0|0|0|0|0|0|0|0|0|0|0|0|0|0|0|0|0|0|0|0|0|0|0|0|0|0|0|0|0|0|0|0|0|0|0|0|0|33|1|32|32|11|9|0|12|0|0|0|0|0|0|0|0|0|0|0|0|0|0|0|0|0|0|0|0|0|0|0|0|0|0|0|0|0|0|0|0|0|0|0|0|0|0|0|0|0|0|0|0|0|0|0|0|0|0|0|0|0|0|0|0|0|0|0|0|0|0|0|0|0
DHCST|NY|000|05|0213060|104|104|104|0|0|104|19|71|0|5|0|4|5|104|97|7|104|97|19|70|0|5|0|0|3|7|0|1|0|0|0|4|2|109|21|74|1|6|1|6|109|100|20|72|1|6|1|0|9|1|2|0|0|0|6|104|99|19|71|0|5|0|4|5|5|1|0|0|0|1|1|0|0|1|0|0|0|1|0|0|0|0|0|0|0|0|0|0|0|0|0|0|0|0|0|0|0|0|0|0|0|0|0|0|0|0|0|0|0|0|0|0|0|0|0|0|0|0|0|0|0|0|0|0|0|0|104|7|97|94|19|70|0|5|0|0|3|3|1|0|0|0|0|1|0|0|0|0|0|0|1|0|0|0|0|0|0|0|0|0|0|0|0|0|0|0|0|0|0|0|0|0|0|0|0|0|0|0|0|0|0|0|0|0|0|0|0|0|0|0|0|0|0|0|0|0|0|0|0
DHCST|NY|000|05|0213061|0|0|0|0|0|0|0|0|0|0|0|0|0|0|0|0|0|0|0|0|0|0|0|0|0|0|0|0|0|0|0|0|0|0|0|0|0|0|0|0|0|0|0|0|0|0|0|0|0|0|0|0|0|0|0|0|0|0|0|0|0|0|0|0|0|0|0|0|0|0|0|0|0|0|0|0|0|0|0|0|0|0|0|0|0|0|0|0|0|0|0|0|0|0|0|0|0|0|0|0|0|0|0|0|0|0|0|0|0|0|0|0|0|0|0|0|0|0|0|0|0|0|0|0|0|0|0|0|0|0|0|0|0|0|0|0|0|0|0|0|0|0|0|0|0|0|0|0|0|0|0|0|0|0|0|0|0|0|0|0|0|0|0|0|0|0|0|0|0|0|0|0|0|0|0|0|0|0|0|0|0|0|0|0|0|0|0|0|0|0|0|0|0|0|0|0|0|0|0
DHCST|NY|000|05|0213062|81|81|81|0|0|81|17|48|0|8|0|2|6|81|79|2|81|79|17|48|0|8|0|2|4|2|0|0|0|0|0|0|2|88|19|52|1|8|0|8|88|83|17|52|0|8|0|6|5|2|0|1|0|0|2|81|75|17|48|0|8|0|2|6|5|0|0|0|0|1|0|0|0|4|0|0|0|0|0|0|1|0|0|0|0|0|0|1|0|0|0|0|0|0|0|0|0|0|0|0|0|0|0|0|0|0|0|0|0|0|0|0|0|0|0|0|0|0|0|0|0|0|0|0|0|0|81|2|79|75|17|48|0|8|0|2|4|4|0|0|0|0|0|0|0|0|4|0|0|0|0|0|0|0|0|0|0|0|0|0|0|0|0|0|0|0|0|0|0|0|0|0|0|0|0|0|0|0|0|0|0|0|0|0|0|0|0|0|0|0|0|0|0|0|0|0|0|0|0
DHCST|NY|000|05|0213063|150|150|150|0|0|150|83|41|3|7|1|1|14|150|144|6|150|144|81|41|3|7|0|1|11|6|2|0|0|0|1|0|3|169|95|49|9|7|1|8|169|160|90|49|9|7|0|5|9|5|0|0|0|1|3|150|136|83|41|3|7|1|1|14|9|1|0|0|0|6|1|0|0|1|0|0|0|0|0|0|5|5|0|0|0|0|0|0|0|0|0|0|0|0|0|0|0|0|0|0|0|0|0|0|0|0|0|0|0|0|0|0|0|0|0|0|0|0|0|0|0|0|0|0|0|0|150|6|144|133|81|41|3|7|0|1|11|6|1|0|0|0|3|1|0|0|1|0|0|0|0|0|0|5|5|0|0|0|0|0|0|0|0|0|0|0|0|0|0|0|0|0|0|0|0|0|0|0|0|0|0|0|0|0|0|0|0|0|0|0|0|0|0|0|0|0|0|0|0
DHCST|NY|000|05|0213064|89|89|89|0|0|89|50|11|0|15|0|0|13|89|82|7|89|82|47|11|0|15|0|0|9|7|3|0|0|0|0|0|4|102|63|14|2|15|0|8|102|91|56|14|2|15|0|4|11|7|0|0|0|0|4|89|76|50|11|0|15|0|0|13|13|3|2|0|0|8|0|0|0|0|0|0|0|0|0|0|0|0|0|0|0|0|0|0|0|0|0|0|0|0|0|0|0|0|0|0|0|0|0|0|0|0|0|0|0|0|0|0|0|0|0|0|0|0|0|0|0|0|0|0|0|0|89|7|82|73|47|11|0|15|0|0|9|9|3|2|0|0|4|0|0|0|0|0|0|0|0|0|0|0|0|0|0|0|0|0|0|0|0|0|0|0|0|0|0|0|0|0|0|0|0|0|0|0|0|0|0|0|0|0|0|0|0|0|0|0|0|0|0|0|0|0|0|0|0
DHCST|NY|000|05|0213065|33|33|33|0|0|33|15|5|0|7|0|0|6|33|33|0|33|33|15|5|0|7|0|0|6|0|0|0|0|0|0|0|0|39|21|9|2|7|0|0|39|39|21|9|2|7|0|0|0|0|0|0|0|0|0|33|27|15|5|0|7|0|0|6|6|4|2|0|0|0|0|0|0|0|0|0|0|0|0|0|0|0|0|0|0|0|0|0|0|0|0|0|0|0|0|0|0|0|0|0|0|0|0|0|0|0|0|0|0|0|0|0|0|0|0|0|0|0|0|0|0|0|0|0|0|0|33|0|33|27|15|5|0|7|0|0|6|6|4|2|0|0|0|0|0|0|0|0|0|0|0|0|0|0|0|0|0|0|0|0|0|0|0|0|0|0|0|0|0|0|0|0|0|0|0|0|0|0|0|0|0|0|0|0|0|0|0|0|0|0|0|0|0|0|0|0|0|0|0
DHCST|NY|000|05|0213066|0|0|0|0|0|0|0|0|0|0|0|0|0|0|0|0|0|0|0|0|0|0|0|0|0|0|0|0|0|0|0|0|0|0|0|0|0|0|0|0|0|0|0|0|0|0|0|0|0|0|0|0|0|0|0|0|0|0|0|0|0|0|0|0|0|0|0|0|0|0|0|0|0|0|0|0|0|0|0|0|0|0|0|0|0|0|0|0|0|0|0|0|0|0|0|0|0|0|0|0|0|0|0|0|0|0|0|0|0|0|0|0|0|0|0|0|0|0|0|0|0|0|0|0|0|0|0|0|0|0|0|0|0|0|0|0|0|0|0|0|0|0|0|0|0|0|0|0|0|0|0|0|0|0|0|0|0|0|0|0|0|0|0|0|0|0|0|0|0|0|0|0|0|0|0|0|0|0|0|0|0|0|0|0|0|0|0|0|0|0|0|0|0|0|0|0|0|0|0
DHCST|NY|000|05|0213067|32|32|32|0|0|32|13|10|0|1|0|4|4|32|21|11|32|21|13|4|0|1|0|0|3|11|0|6|0|0|0|4|1|36|16|11|0|2|1|6|36|24|16|5|0|1|1|1|12|0|6|0|1|0|5|32|28|13|10|0|1|0|4|4|4|1|0|0|1|1|0|0|0|0|0|0|0|0|1|0|0|0|0|0|0|0|0|0|0|0|0|0|0|0|0|0|0|0|0|0|0|0|0|0|0|0|0|0|0|0|0|0|0|0|0|0|0|0|0|0|0|0|0|0|0|0|32|11|21|18|13|4|0|1|0|0|3|3|1|0|0|1|1|0|0|0|0|0|0|0|0|0|0|0|0|0|0|0|0|0|0|0|0|0|0|0|0|0|0|0|0|0|0|0|0|0|0|0|0|0|0|0|0|0|0|0|0|0|0|0|0|0|0|0|0|0|0|0|0
DHCST|NY|000|05|0213068|0|0|0|0|0|0|0|0|0|0|0|0|0|0|0|0|0|0|0|0|0|0|0|0|0|0|0|0|0|0|0|0|0|0|0|0|0|0|0|0|0|0|0|0|0|0|0|0|0|0|0|0|0|0|0|0|0|0|0|0|0|0|0|0|0|0|0|0|0|0|0|0|0|0|0|0|0|0|0|0|0|0|0|0|0|0|0|0|0|0|0|0|0|0|0|0|0|0|0|0|0|0|0|0|0|0|0|0|0|0|0|0|0|0|0|0|0|0|0|0|0|0|0|0|0|0|0|0|0|0|0|0|0|0|0|0|0|0|0|0|0|0|0|0|0|0|0|0|0|0|0|0|0|0|0|0|0|0|0|0|0|0|0|0|0|0|0|0|0|0|0|0|0|0|0|0|0|0|0|0|0|0|0|0|0|0|0|0|0|0|0|0|0|0|0|0|0|0|0
DHCST|NY|000|05|0213069|23|23|23|0|0|23|8|5|0|3|0|2|5|23|16|7|23|16|5|5|0|3|0|0|3|7|3|0|0|0|0|2|2|28|11|10|0|3|0|4|28|19|8|8|0|3|0|0|9|3|2|0|0|0|4|23|18|8|5|0|3|0|2|5|5|3|0|0|0|0|0|0|0|2|0|0|0|0|0|0|0|0|0|0|0|0|0|0|0|0|0|0|0|0|0|0|0|0|0|0|0|0|0|0|0|0|0|0|0|0|0|0|0|0|0|0|0|0|0|0|0|0|0|0|0|0|23|7|16|13|5|5|0|3|0|0|3|3|3|0|0|0|0|0|0|0|0|0|0|0|0|0|0|0|0|0|0|0|0|0|0|0|0|0|0|0|0|0|0|0|0|0|0|0|0|0|0|0|0|0|0|0|0|0|0|0|0|0|0|0|0|0|0|0|0|0|0|0|0
DHCST|NY|000|05|0213070|15|15|15|0|0|15|9|2|2|0|0|2|0|15|10|5|15|10|9|0|0|0|0|1|0|5|0|2|2|0|0|1|0|15|9|2|2|0|0|2|15|10|9|0|0|0|0|1|5|0|2|2|0|0|1|15|15|9|2|2|0|0|2|0|0|0|0|0|0|0|0|0|0|0|0|0|0|0|0|0|0|0|0|0|0|0|0|0|0|0|0|0|0|0|0|0|0|0|0|0|0|0|0|0|0|0|0|0|0|0|0|0|0|0|0|0|0|0|0|0|0|0|0|0|0|0|15|5|10|10|9|0|0|0|0|1|0|0|0|0|0|0|0|0|0|0|0|0|0|0|0|0|0|0|0|0|0|0|0|0|0|0|0|0|0|0|0|0|0|0|0|0|0|0|0|0|0|0|0|0|0|0|0|0|0|0|0|0|0|0|0|0|0|0|0|0|0|0|0
DHCST|NY|000|05|0213071|0|0|0|0|0|0|0|0|0|0|0|0|0|0|0|0|0|0|0|0|0|0|0|0|0|0|0|0|0|0|0|0|0|0|0|0|0|0|0|0|0|0|0|0|0|0|0|0|0|0|0|0|0|0|0|0|0|0|0|0|0|0|0|0|0|0|0|0|0|0|0|0|0|0|0|0|0|0|0|0|0|0|0|0|0|0|0|0|0|0|0|0|0|0|0|0|0|0|0|0|0|0|0|0|0|0|0|0|0|0|0|0|0|0|0|0|0|0|0|0|0|0|0|0|0|0|0|0|0|0|0|0|0|0|0|0|0|0|0|0|0|0|0|0|0|0|0|0|0|0|0|0|0|0|0|0|0|0|0|0|0|0|0|0|0|0|0|0|0|0|0|0|0|0|0|0|0|0|0|0|0|0|0|0|0|0|0|0|0|0|0|0|0|0|0|0|0|0|0
DHCST|NY|000|05|0213072|16|16|16|0|0|16|3|5|0|5|0|0|3|16|15|1|16|15|3|4|0|5|0|0|3|1|0|1|0|0|0|0|0|19|6|8|0|5|0|0|19|18|6|7|0|5|0|0|1|0|1|0|0|0|0|16|13|3|5|0|5|0|0|3|3|3|0|0|0|0|0|0|0|0|0|0|0|0|0|0|0|0|0|0|0|0|0|0|0|0|0|0|0|0|0|0|0|0|0|0|0|0|0|0|0|0|0|0|0|0|0|0|0|0|0|0|0|0|0|0|0|0|0|0|0|0|16|1|15|12|3|4|0|5|0|0|3|3|3|0|0|0|0|0|0|0|0|0|0|0|0|0|0|0|0|0|0|0|0|0|0|0|0|0|0|0|0|0|0|0|0|0|0|0|0|0|0|0|0|0|0|0|0|0|0|0|0|0|0|0|0|0|0|0|0|0|0|0|0
DHCST|NY|000|05|0213073|34|34|34|0|0|34|16|7|0|1|0|2|8|34|31|3|34|31|14|7|0|1|0|2|7|3|2|0|0|0|0|0|1|43|24|9|4|3|0|3|43|39|21|9|4|3|0|2|4|3|0|0|0|0|1|34|26|16|7|0|1|0|2|8|7|1|3|2|0|1|0|0|0|0|0|0|0|0|0|0|1|1|0|0|0|0|0|0|0|0|0|0|0|0|0|0|0|0|0|0|0|0|0|0|0|0|0|0|0|0|0|0|0|0|0|0|0|0|0|0|0|0|0|0|0|0|34|3|31|24|14|7|0|1|0|2|7|6|1|3|2|0|0|0|0|0|0|0|0|0|0|0|0|1|1|0|0|0|0|0|0|0|0|0|0|0|0|0|0|0|0|0|0|0|0|0|0|0|0|0|0|0|0|0|0|0|0|0|0|0|0|0|0|0|0|0|0|0|0
DHCST|NY|000|05|0213074|0|0|0|0|0|0|0|0|0|0|0|0|0|0|0|0|0|0|0|0|0|0|0|0|0|0|0|0|0|0|0|0|0|0|0|0|0|0|0|0|0|0|0|0|0|0|0|0|0|0|0|0|0|0|0|0|0|0|0|0|0|0|0|0|0|0|0|0|0|0|0|0|0|0|0|0|0|0|0|0|0|0|0|0|0|0|0|0|0|0|0|0|0|0|0|0|0|0|0|0|0|0|0|0|0|0|0|0|0|0|0|0|0|0|0|0|0|0|0|0|0|0|0|0|0|0|0|0|0|0|0|0|0|0|0|0|0|0|0|0|0|0|0|0|0|0|0|0|0|0|0|0|0|0|0|0|0|0|0|0|0|0|0|0|0|0|0|0|0|0|0|0|0|0|0|0|0|0|0|0|0|0|0|0|0|0|0|0|0|0|0|0|0|0|0|0|0|0|0
DHCST|NY|000|05|0213075|0|0|0|0|0|0|0|0|0|0|0|0|0|0|0|0|0|0|0|0|0|0|0|0|0|0|0|0|0|0|0|0|0|0|0|0|0|0|0|0|0|0|0|0|0|0|0|0|0|0|0|0|0|0|0|0|0|0|0|0|0|0|0|0|0|0|0|0|0|0|0|0|0|0|0|0|0|0|0|0|0|0|0|0|0|0|0|0|0|0|0|0|0|0|0|0|0|0|0|0|0|0|0|0|0|0|0|0|0|0|0|0|0|0|0|0|0|0|0|0|0|0|0|0|0|0|0|0|0|0|0|0|0|0|0|0|0|0|0|0|0|0|0|0|0|0|0|0|0|0|0|0|0|0|0|0|0|0|0|0|0|0|0|0|0|0|0|0|0|0|0|0|0|0|0|0|0|0|0|0|0|0|0|0|0|0|0|0|0|0|0|0|0|0|0|0|0|0|0
DHCST|NY|000|05|0213076|0|0|0|0|0|0|0|0|0|0|0|0|0|0|0|0|0|0|0|0|0|0|0|0|0|0|0|0|0|0|0|0|0|0|0|0|0|0|0|0|0|0|0|0|0|0|0|0|0|0|0|0|0|0|0|0|0|0|0|0|0|0|0|0|0|0|0|0|0|0|0|0|0|0|0|0|0|0|0|0|0|0|0|0|0|0|0|0|0|0|0|0|0|0|0|0|0|0|0|0|0|0|0|0|0|0|0|0|0|0|0|0|0|0|0|0|0|0|0|0|0|0|0|0|0|0|0|0|0|0|0|0|0|0|0|0|0|0|0|0|0|0|0|0|0|0|0|0|0|0|0|0|0|0|0|0|0|0|0|0|0|0|0|0|0|0|0|0|0|0|0|0|0|0|0|0|0|0|0|0|0|0|0|0|0|0|0|0|0|0|0|0|0|0|0|0|0|0|0
DHCST|NY|000|05|0213077|0|0|0|0|0|0|0|0|0|0|0|0|0|0|0|0|0|0|0|0|0|0|0|0|0|0|0|0|0|0|0|0|0|0|0|0|0|0|0|0|0|0|0|0|0|0|0|0|0|0|0|0|0|0|0|0|0|0|0|0|0|0|0|0|0|0|0|0|0|0|0|0|0|0|0|0|0|0|0|0|0|0|0|0|0|0|0|0|0|0|0|0|0|0|0|0|0|0|0|0|0|0|0|0|0|0|0|0|0|0|0|0|0|0|0|0|0|0|0|0|0|0|0|0|0|0|0|0|0|0|0|0|0|0|0|0|0|0|0|0|0|0|0|0|0|0|0|0|0|0|0|0|0|0|0|0|0|0|0|0|0|0|0|0|0|0|0|0|0|0|0|0|0|0|0|0|0|0|0|0|0|0|0|0|0|0|0|0|0|0|0|0|0|0|0|0|0|0|0
DHCST|NY|000|05|0213078|0|0|0|0|0|0|0|0|0|0|0|0|0|0|0|0|0|0|0|0|0|0|0|0|0|0|0|0|0|0|0|0|0|0|0|0|0|0|0|0|0|0|0|0|0|0|0|0|0|0|0|0|0|0|0|0|0|0|0|0|0|0|0|0|0|0|0|0|0|0|0|0|0|0|0|0|0|0|0|0|0|0|0|0|0|0|0|0|0|0|0|0|0|0|0|0|0|0|0|0|0|0|0|0|0|0|0|0|0|0|0|0|0|0|0|0|0|0|0|0|0|0|0|0|0|0|0|0|0|0|0|0|0|0|0|0|0|0|0|0|0|0|0|0|0|0|0|0|0|0|0|0|0|0|0|0|0|0|0|0|0|0|0|0|0|0|0|0|0|0|0|0|0|0|0|0|0|0|0|0|0|0|0|0|0|0|0|0|0|0|0|0|0|0|0|0|0|0|0
DHCST|NY|000|05|0213079|0|0|0|0|0|0|0|0|0|0|0|0|0|0|0|0|0|0|0|0|0|0|0|0|0|0|0|0|0|0|0|0|0|0|0|0|0|0|0|0|0|0|0|0|0|0|0|0|0|0|0|0|0|0|0|0|0|0|0|0|0|0|0|0|0|0|0|0|0|0|0|0|0|0|0|0|0|0|0|0|0|0|0|0|0|0|0|0|0|0|0|0|0|0|0|0|0|0|0|0|0|0|0|0|0|0|0|0|0|0|0|0|0|0|0|0|0|0|0|0|0|0|0|0|0|0|0|0|0|0|0|0|0|0|0|0|0|0|0|0|0|0|0|0|0|0|0|0|0|0|0|0|0|0|0|0|0|0|0|0|0|0|0|0|0|0|0|0|0|0|0|0|0|0|0|0|0|0|0|0|0|0|0|0|0|0|0|0|0|0|0|0|0|0|0|0|0|0|0
DHCST|NY|000|05|0213080|0|0|0|0|0|0|0|0|0|0|0|0|0|0|0|0|0|0|0|0|0|0|0|0|0|0|0|0|0|0|0|0|0|0|0|0|0|0|0|0|0|0|0|0|0|0|0|0|0|0|0|0|0|0|0|0|0|0|0|0|0|0|0|0|0|0|0|0|0|0|0|0|0|0|0|0|0|0|0|0|0|0|0|0|0|0|0|0|0|0|0|0|0|0|0|0|0|0|0|0|0|0|0|0|0|0|0|0|0|0|0|0|0|0|0|0|0|0|0|0|0|0|0|0|0|0|0|0|0|0|0|0|0|0|0|0|0|0|0|0|0|0|0|0|0|0|0|0|0|0|0|0|0|0|0|0|0|0|0|0|0|0|0|0|0|0|0|0|0|0|0|0|0|0|0|0|0|0|0|0|0|0|0|0|0|0|0|0|0|0|0|0|0|0|0|0|0|0|0
DHCST|NY|000|05|0213081|0|0|0|0|0|0|0|0|0|0|0|0|0|0|0|0|0|0|0|0|0|0|0|0|0|0|0|0|0|0|0|0|0|0|0|0|0|0|0|0|0|0|0|0|0|0|0|0|0|0|0|0|0|0|0|0|0|0|0|0|0|0|0|0|0|0|0|0|0|0|0|0|0|0|0|0|0|0|0|0|0|0|0|0|0|0|0|0|0|0|0|0|0|0|0|0|0|0|0|0|0|0|0|0|0|0|0|0|0|0|0|0|0|0|0|0|0|0|0|0|0|0|0|0|0|0|0|0|0|0|0|0|0|0|0|0|0|0|0|0|0|0|0|0|0|0|0|0|0|0|0|0|0|0|0|0|0|0|0|0|0|0|0|0|0|0|0|0|0|0|0|0|0|0|0|0|0|0|0|0|0|0|0|0|0|0|0|0|0|0|0|0|0|0|0|0|0|0|0
DHCST|NY|000|05|0213082|20|20|20|0|0|20|14|3|0|0|0|1|2|20|20|0|20|20|14|3|0|0|0|1|2|0|0|0|0|0|0|0|0|22|16|5|0|0|0|1|22|22|16|5|0|0|0|1|0|0|0|0|0|0|0|20|18|14|3|0|0|0|1|2|2|2|0|0|0|0|0|0|0|0|0|0|0|0|0|0|0|0|0|0|0|0|0|0|0|0|0|0|0|0|0|0|0|0|0|0|0|0|0|0|0|0|0|0|0|0|0|0|0|0|0|0|0|0|0|0|0|0|0|0|0|0|20|0|20|18|14|3|0|0|0|1|2|2|2|0|0|0|0|0|0|0|0|0|0|0|0|0|0|0|0|0|0|0|0|0|0|0|0|0|0|0|0|0|0|0|0|0|0|0|0|0|0|0|0|0|0|0|0|0|0|0|0|0|0|0|0|0|0|0|0|0|0|0|0
DHCST|NY|000|05|0213083|33|33|33|0|0|33|4|15|0|7|0|3|4|33|30|3|33|30|4|15|0|7|0|0|4|3|0|0|0|0|0|3|0|37|8|18|0|7|0|4|37|34|8|18|0|7|0|1|3|0|0|0|0|0|3|33|29|4|15|0|7|0|3|4|4|3|0|0|0|1|0|0|0|0|0|0|0|0|0|0|0|0|0|0|0|0|0|0|0|0|0|0|0|0|0|0|0|0|0|0|0|0|0|0|0|0|0|0|0|0|0|0|0|0|0|0|0|0|0|0|0|0|0|0|0|0|33|3|30|26|4|15|0|7|0|0|4|4|3|0|0|0|1|0|0|0|0|0|0|0|0|0|0|0|0|0|0|0|0|0|0|0|0|0|0|0|0|0|0|0|0|0|0|0|0|0|0|0|0|0|0|0|0|0|0|0|0|0|0|0|0|0|0|0|0|0|0|0|0
DHCST|NY|000|05|0213084|21|21|21|0|0|21|3|5|0|0|0|1|12|21|12|9|21|12|3|0|0|0|0|1|8|9|0|5|0|0|0|0|4|34|12|8|4|4|0|6|34|20|8|3|0|4|0|5|14|4|5|4|0|0|1|21|9|3|5|0|0|0|1|12|11|0|3|4|0|1|0|0|0|3|0|0|0|0|0|0|1|0|0|0|0|0|0|1|0|0|0|0|0|0|0|0|0|0|0|0|0|0|0|0|0|0|0|0|0|0|0|0|0|0|0|0|0|0|0|0|0|0|0|0|0|0|21|9|12|4|3|0|0|0|0|1|8|8|0|0|4|0|1|0|0|0|3|0|0|0|0|0|0|0|0|0|0|0|0|0|0|0|0|0|0|0|0|0|0|0|0|0|0|0|0|0|0|0|0|0|0|0|0|0|0|0|0|0|0|0|0|0|0|0|0|0|0|0|0
DHCST|NY|000|05|0213085|0|0|0|0|0|0|0|0|0|0|0|0|0|0|0|0|0|0|0|0|0|0|0|0|0|0|0|0|0|0|0|0|0|0|0|0|0|0|0|0|0|0|0|0|0|0|0|0|0|0|0|0|0|0|0|0|0|0|0|0|0|0|0|0|0|0|0|0|0|0|0|0|0|0|0|0|0|0|0|0|0|0|0|0|0|0|0|0|0|0|0|0|0|0|0|0|0|0|0|0|0|0|0|0|0|0|0|0|0|0|0|0|0|0|0|0|0|0|0|0|0|0|0|0|0|0|0|0|0|0|0|0|0|0|0|0|0|0|0|0|0|0|0|0|0|0|0|0|0|0|0|0|0|0|0|0|0|0|0|0|0|0|0|0|0|0|0|0|0|0|0|0|0|0|0|0|0|0|0|0|0|0|0|0|0|0|0|0|0|0|0|0|0|0|0|0|0|0|0
DHCST|NY|000|05|0213086|70|70|70|0|0|70|52|3|4|7|0|0|4|70|68|2|70|68|52|3|3|7|0|0|3|2|0|0|1|0|0|0|1|74|56|4|4|9|0|1|74|71|55|4|3|9|0|0|3|1|0|1|0|0|1|70|66|52|3|4|7|0|0|4|4|1|0|2|0|1|0|0|0|0|0|0|0|0|0|0|0|0|0|0|0|0|0|0|0|0|0|0|0|0|0|0|0|0|0|0|0|0|0|0|0|0|0|0|0|0|0|0|0|0|0|0|0|0|0|0|0|0|0|0|0|0|70|2|68|65|52|3|3|7|0|0|3|3|1|0|2|0|0|0|0|0|0|0|0|0|0|0|0|0|0|0|0|0|0|0|0|0|0|0|0|0|0|0|0|0|0|0|0|0|0|0|0|0|0|0|0|0|0|0|0|0|0|0|0|0|0|0|0|0|0|0|0|0|0
DHCST|NY|000|05|0213087|37|37|37|0|0|37|17|7|0|2|0|6|5|37|30|7|37|30|17|7|0|2|0|0|4|7|0|0|0|0|0|6|1|42|21|8|1|5|0|7|42|34|20|8|1|5|0|0|8|1|0|0|0|0|7|37|32|17|7|0|2|0|6|5|5|0|0|3|0|1|1|0|0|0|0|0|0|0|0|0|0|0|0|0|0|0|0|0|0|0|0|0|0|0|0|0|0|0|0|0|0|0|0|0|0|0|0|0|0|0|0|0|0|0|0|0|0|0|0|0|0|0|0|0|0|0|37|7|30|26|17|7|0|2|0|0|4|4|0|0|3|0|0|1|0|0|0|0|0|0|0|0|0|0|0|0|0|0|0|0|0|0|0|0|0|0|0|0|0|0|0|0|0|0|0|0|0|0|0|0|0|0|0|0|0|0|0|0|0|0|0|0|0|0|0|0|0|0|0
DHCST|NY|000|05|0213088|0|0|0|0|0|0|0|0|0|0|0|0|0|0|0|0|0|0|0|0|0|0|0|0|0|0|0|0|0|0|0|0|0|0|0|0|0|0|0|0|0|0|0|0|0|0|0|0|0|0|0|0|0|0|0|0|0|0|0|0|0|0|0|0|0|0|0|0|0|0|0|0|0|0|0|0|0|0|0|0|0|0|0|0|0|0|0|0|0|0|0|0|0|0|0|0|0|0|0|0|0|0|0|0|0|0|0|0|0|0|0|0|0|0|0|0|0|0|0|0|0|0|0|0|0|0|0|0|0|0|0|0|0|0|0|0|0|0|0|0|0|0|0|0|0|0|0|0|0|0|0|0|0|0|0|0|0|0|0|0|0|0|0|0|0|0|0|0|0|0|0|0|0|0|0|0|0|0|0|0|0|0|0|0|0|0|0|0|0|0|0|0|0|0|0|0|0|0|0
DHCST|NY|000|05|0213089|0|0|0|0|0|0|0|0|0|0|0|0|0|0|0|0|0|0|0|0|0|0|0|0|0|0|0|0|0|0|0|0|0|0|0|0|0|0|0|0|0|0|0|0|0|0|0|0|0|0|0|0|0|0|0|0|0|0|0|0|0|0|0|0|0|0|0|0|0|0|0|0|0|0|0|0|0|0|0|0|0|0|0|0|0|0|0|0|0|0|0|0|0|0|0|0|0|0|0|0|0|0|0|0|0|0|0|0|0|0|0|0|0|0|0|0|0|0|0|0|0|0|0|0|0|0|0|0|0|0|0|0|0|0|0|0|0|0|0|0|0|0|0|0|0|0|0|0|0|0|0|0|0|0|0|0|0|0|0|0|0|0|0|0|0|0|0|0|0|0|0|0|0|0|0|0|0|0|0|0|0|0|0|0|0|0|0|0|0|0|0|0|0|0|0|0|0|0|0
DHCST|NY|000|05|0213090|0|0|0|0|0|0|0|0|0|0|0|0|0|0|0|0|0|0|0|0|0|0|0|0|0|0|0|0|0|0|0|0|0|0|0|0|0|0|0|0|0|0|0|0|0|0|0|0|0|0|0|0|0|0|0|0|0|0|0|0|0|0|0|0|0|0|0|0|0|0|0|0|0|0|0|0|0|0|0|0|0|0|0|0|0|0|0|0|0|0|0|0|0|0|0|0|0|0|0|0|0|0|0|0|0|0|0|0|0|0|0|0|0|0|0|0|0|0|0|0|0|0|0|0|0|0|0|0|0|0|0|0|0|0|0|0|0|0|0|0|0|0|0|0|0|0|0|0|0|0|0|0|0|0|0|0|0|0|0|0|0|0|0|0|0|0|0|0|0|0|0|0|0|0|0|0|0|0|0|0|0|0|0|0|0|0|0|0|0|0|0|0|0|0|0|0|0|0|0
DHCST|NY|000|05|0213091|0|0|0|0|0|0|0|0|0|0|0|0|0|0|0|0|0|0|0|0|0|0|0|0|0|0|0|0|0|0|0|0|0|0|0|0|0|0|0|0|0|0|0|0|0|0|0|0|0|0|0|0|0|0|0|0|0|0|0|0|0|0|0|0|0|0|0|0|0|0|0|0|0|0|0|0|0|0|0|0|0|0|0|0|0|0|0|0|0|0|0|0|0|0|0|0|0|0|0|0|0|0|0|0|0|0|0|0|0|0|0|0|0|0|0|0|0|0|0|0|0|0|0|0|0|0|0|0|0|0|0|0|0|0|0|0|0|0|0|0|0|0|0|0|0|0|0|0|0|0|0|0|0|0|0|0|0|0|0|0|0|0|0|0|0|0|0|0|0|0|0|0|0|0|0|0|0|0|0|0|0|0|0|0|0|0|0|0|0|0|0|0|0|0|0|0|0|0|0
DHCST|NY|000|05|0213092|0|0|0|0|0|0|0|0|0|0|0|0|0|0|0|0|0|0|0|0|0|0|0|0|0|0|0|0|0|0|0|0|0|0|0|0|0|0|0|0|0|0|0|0|0|0|0|0|0|0|0|0|0|0|0|0|0|0|0|0|0|0|0|0|0|0|0|0|0|0|0|0|0|0|0|0|0|0|0|0|0|0|0|0|0|0|0|0|0|0|0|0|0|0|0|0|0|0|0|0|0|0|0|0|0|0|0|0|0|0|0|0|0|0|0|0|0|0|0|0|0|0|0|0|0|0|0|0|0|0|0|0|0|0|0|0|0|0|0|0|0|0|0|0|0|0|0|0|0|0|0|0|0|0|0|0|0|0|0|0|0|0|0|0|0|0|0|0|0|0|0|0|0|0|0|0|0|0|0|0|0|0|0|0|0|0|0|0|0|0|0|0|0|0|0|0|0|0|0
DHCST|NY|000|05|0213093|0|0|0|0|0|0|0|0|0|0|0|0|0|0|0|0|0|0|0|0|0|0|0|0|0|0|0|0|0|0|0|0|0|0|0|0|0|0|0|0|0|0|0|0|0|0|0|0|0|0|0|0|0|0|0|0|0|0|0|0|0|0|0|0|0|0|0|0|0|0|0|0|0|0|0|0|0|0|0|0|0|0|0|0|0|0|0|0|0|0|0|0|0|0|0|0|0|0|0|0|0|0|0|0|0|0|0|0|0|0|0|0|0|0|0|0|0|0|0|0|0|0|0|0|0|0|0|0|0|0|0|0|0|0|0|0|0|0|0|0|0|0|0|0|0|0|0|0|0|0|0|0|0|0|0|0|0|0|0|0|0|0|0|0|0|0|0|0|0|0|0|0|0|0|0|0|0|0|0|0|0|0|0|0|0|0|0|0|0|0|0|0|0|0|0|0|0|0|0
DHCST|NY|000|05|0213094|0|0|0|0|0|0|0|0|0|0|0|0|0|0|0|0|0|0|0|0|0|0|0|0|0|0|0|0|0|0|0|0|0|0|0|0|0|0|0|0|0|0|0|0|0|0|0|0|0|0|0|0|0|0|0|0|0|0|0|0|0|0|0|0|0|0|0|0|0|0|0|0|0|0|0|0|0|0|0|0|0|0|0|0|0|0|0|0|0|0|0|0|0|0|0|0|0|0|0|0|0|0|0|0|0|0|0|0|0|0|0|0|0|0|0|0|0|0|0|0|0|0|0|0|0|0|0|0|0|0|0|0|0|0|0|0|0|0|0|0|0|0|0|0|0|0|0|0|0|0|0|0|0|0|0|0|0|0|0|0|0|0|0|0|0|0|0|0|0|0|0|0|0|0|0|0|0|0|0|0|0|0|0|0|0|0|0|0|0|0|0|0|0|0|0|0|0|0|0
DHCST|NY|000|05|0213095|0|0|0|0|0|0|0|0|0|0|0|0|0|0|0|0|0|0|0|0|0|0|0|0|0|0|0|0|0|0|0|0|0|0|0|0|0|0|0|0|0|0|0|0|0|0|0|0|0|0|0|0|0|0|0|0|0|0|0|0|0|0|0|0|0|0|0|0|0|0|0|0|0|0|0|0|0|0|0|0|0|0|0|0|0|0|0|0|0|0|0|0|0|0|0|0|0|0|0|0|0|0|0|0|0|0|0|0|0|0|0|0|0|0|0|0|0|0|0|0|0|0|0|0|0|0|0|0|0|0|0|0|0|0|0|0|0|0|0|0|0|0|0|0|0|0|0|0|0|0|0|0|0|0|0|0|0|0|0|0|0|0|0|0|0|0|0|0|0|0|0|0|0|0|0|0|0|0|0|0|0|0|0|0|0|0|0|0|0|0|0|0|0|0|0|0|0|0|0
DHCST|NY|000|05|0213096|0|0|0|0|0|0|0|0|0|0|0|0|0|0|0|0|0|0|0|0|0|0|0|0|0|0|0|0|0|0|0|0|0|0|0|0|0|0|0|0|0|0|0|0|0|0|0|0|0|0|0|0|0|0|0|0|0|0|0|0|0|0|0|0|0|0|0|0|0|0|0|0|0|0|0|0|0|0|0|0|0|0|0|0|0|0|0|0|0|0|0|0|0|0|0|0|0|0|0|0|0|0|0|0|0|0|0|0|0|0|0|0|0|0|0|0|0|0|0|0|0|0|0|0|0|0|0|0|0|0|0|0|0|0|0|0|0|0|0|0|0|0|0|0|0|0|0|0|0|0|0|0|0|0|0|0|0|0|0|0|0|0|0|0|0|0|0|0|0|0|0|0|0|0|0|0|0|0|0|0|0|0|0|0|0|0|0|0|0|0|0|0|0|0|0|0|0|0|0
DHCST|NY|000|05|0213097|0|0|0|0|0|0|0|0|0|0|0|0|0|0|0|0|0|0|0|0|0|0|0|0|0|0|0|0|0|0|0|0|0|0|0|0|0|0|0|0|0|0|0|0|0|0|0|0|0|0|0|0|0|0|0|0|0|0|0|0|0|0|0|0|0|0|0|0|0|0|0|0|0|0|0|0|0|0|0|0|0|0|0|0|0|0|0|0|0|0|0|0|0|0|0|0|0|0|0|0|0|0|0|0|0|0|0|0|0|0|0|0|0|0|0|0|0|0|0|0|0|0|0|0|0|0|0|0|0|0|0|0|0|0|0|0|0|0|0|0|0|0|0|0|0|0|0|0|0|0|0|0|0|0|0|0|0|0|0|0|0|0|0|0|0|0|0|0|0|0|0|0|0|0|0|0|0|0|0|0|0|0|0|0|0|0|0|0|0|0|0|0|0|0|0|0|0|0|0
DHCST|NY|000|05|0213098|146|146|146|0|0|146|96|30|6|0|0|7|7|146|141|5|146|141|96|30|6|0|0|4|5|5|0|0|0|0|0|3|2|154|102|32|10|0|0|10|154|147|100|32|10|0|0|5|7|2|0|0|0|0|5|146|139|96|30|6|0|0|7|7|6|0|3|0|0|2|0|0|0|1|0|0|0|0|0|0|1|1|0|0|0|0|0|0|0|0|0|0|0|0|0|0|0|0|0|0|0|0|0|0|0|0|0|0|0|0|0|0|0|0|0|0|0|0|0|0|0|0|0|0|0|0|146|5|141|136|96|30|6|0|0|4|5|4|0|3|0|0|0|0|0|0|1|0|0|0|0|0|0|1|1|0|0|0|0|0|0|0|0|0|0|0|0|0|0|0|0|0|0|0|0|0|0|0|0|0|0|0|0|0|0|0|0|0|0|0|0|0|0|0|0|0|0|0|0
DHCST|NY|000|05|0213099|56|56|56|0|0|56|34|10|1|0|0|3|8|56|49|7|56|49|34|7|1|0|0|1|6|7|0|3|0|0|0|2|2|66|40|16|3|0|2|5|66|57|38|13|3|0|2|1|9|2|3|0|0|0|4|56|48|34|10|1|0|0|3|8|6|2|0|0|0|2|2|0|0|0|0|0|0|0|0|0|2|0|0|2|0|0|0|0|0|0|0|0|0|0|0|0|0|0|0|0|0|0|0|0|0|0|0|0|0|0|0|0|0|0|0|0|0|0|0|0|0|0|0|0|0|0|56|7|49|43|34|7|1|0|0|1|6|4|2|0|0|0|0|2|0|0|0|0|0|0|0|0|0|2|0|0|2|0|0|0|0|0|0|0|0|0|0|0|0|0|0|0|0|0|0|0|0|0|0|0|0|0|0|0|0|0|0|0|0|0|0|0|0|0|0|0|0|0|0
DHCST|NY|000|05|0213100|12|12|12|0|0|12|1|4|0|0|0|0|7|12|11|1|12|11|0|4|0|0|0|0|7|1|1|0|0|0|0|0|0|20|7|10|2|1|0|0|20|19|6|10|2|1|0|0|1|1|0|0|0|0|0|12|5|1|4|0|0|0|0|7|6|4|1|0|0|0|0|1|0|0|0|0|0|0|0|0|1|1|0|0|0|0|0|0|0|0|0|0|0|0|0|0|0|0|0|0|0|0|0|0|0|0|0|0|0|0|0|0|0|0|0|0|0|0|0|0|0|0|0|0|0|0|12|1|11|4|0|4|0|0|0|0|7|6|4|1|0|0|0|0|1|0|0|0|0|0|0|0|0|1|1|0|0|0|0|0|0|0|0|0|0|0|0|0|0|0|0|0|0|0|0|0|0|0|0|0|0|0|0|0|0|0|0|0|0|0|0|0|0|0|0|0|0|0|0
DHCST|NY|000|05|0213101|0|0|0|0|0|0|0|0|0|0|0|0|0|0|0|0|0|0|0|0|0|0|0|0|0|0|0|0|0|0|0|0|0|0|0|0|0|0|0|0|0|0|0|0|0|0|0|0|0|0|0|0|0|0|0|0|0|0|0|0|0|0|0|0|0|0|0|0|0|0|0|0|0|0|0|0|0|0|0|0|0|0|0|0|0|0|0|0|0|0|0|0|0|0|0|0|0|0|0|0|0|0|0|0|0|0|0|0|0|0|0|0|0|0|0|0|0|0|0|0|0|0|0|0|0|0|0|0|0|0|0|0|0|0|0|0|0|0|0|0|0|0|0|0|0|0|0|0|0|0|0|0|0|0|0|0|0|0|0|0|0|0|0|0|0|0|0|0|0|0|0|0|0|0|0|0|0|0|0|0|0|0|0|0|0|0|0|0|0|0|0|0|0|0|0|0|0|0|0
DHCST|NY|000|05|0213102|0|0|0|0|0|0|0|0|0|0|0|0|0|0|0|0|0|0|0|0|0|0|0|0|0|0|0|0|0|0|0|0|0|0|0|0|0|0|0|0|0|0|0|0|0|0|0|0|0|0|0|0|0|0|0|0|0|0|0|0|0|0|0|0|0|0|0|0|0|0|0|0|0|0|0|0|0|0|0|0|0|0|0|0|0|0|0|0|0|0|0|0|0|0|0|0|0|0|0|0|0|0|0|0|0|0|0|0|0|0|0|0|0|0|0|0|0|0|0|0|0|0|0|0|0|0|0|0|0|0|0|0|0|0|0|0|0|0|0|0|0|0|0|0|0|0|0|0|0|0|0|0|0|0|0|0|0|0|0|0|0|0|0|0|0|0|0|0|0|0|0|0|0|0|0|0|0|0|0|0|0|0|0|0|0|0|0|0|0|0|0|0|0|0|0|0|0|0|0
DHCST|NY|000|05|0213103|19|19|19|0|0|19|2|8|3|0|0|0|6|19|16|3|19|16|2|8|3|0|0|0|3|3|0|0|0|0|0|0|3|25|7|9|3|1|0|5|25|19|4|9|3|1|0|2|6|3|0|0|0|0|3|19|13|2|8|3|0|0|0|6|6|0|0|0|0|5|0|1|0|0|0|0|0|0|0|0|0|0|0|0|0|0|0|0|0|0|0|0|0|0|0|0|0|0|0|0|0|0|0|0|0|0|0|0|0|0|0|0|0|0|0|0|0|0|0|0|0|0|0|0|0|0|19|3|16|13|2|8|3|0|0|0|3|3|0|0|0|0|2|0|1|0|0|0|0|0|0|0|0|0|0|0|0|0|0|0|0|0|0|0|0|0|0|0|0|0|0|0|0|0|0|0|0|0|0|0|0|0|0|0|0|0|0|0|0|0|0|0|0|0|0|0|0|0|0
DHCST|NY|000|05|0213104|11|11|11|0|0|11|4|0|0|5|0|2|0|11|6|5|11|6|1|0|0|5|0|0|0|5|3|0|0|0|0|2|0|11|4|0|0|5|0|2|11|6|1|0|0|5|0|0|5|3|0|0|0|0|2|11|11|4|0|0|5|0|2|0|0|0|0|0|0|0|0|0|0|0|0|0|0|0|0|0|0|0|0|0|0|0|0|0|0|0|0|0|0|0|0|0|0|0|0|0|0|0|0|0|0|0|0|0|0|0|0|0|0|0|0|0|0|0|0|0|0|0|0|0|0|0|11|5|6|6|1|0|0|5|0|0|0|0|0|0|0|0|0|0|0|0|0|0|0|0|0|0|0|0|0|0|0|0|0|0|0|0|0|0|0|0|0|0|0|0|0|0|0|0|0|0|0|0|0|0|0|0|0|0|0|0|0|0|0|0|0|0|0|0|0|0|0|0|0
DHCST|NY|000|05|0213105|0|0|0|0|0|0|0|0|0|0|0|0|0|0|0|0|0|0|0|0|0|0|0|0|0|0|0|0|0|0|0|0|0|0|0|0|0|0|0|0|0|0|0|0|0|0|0|0|0|0|0|0|0|0|0|0|0|0|0|0|0|0|0|0|0|0|0|0|0|0|0|0|0|0|0|0|0|0|0|0|0|0|0|0|0|0|0|0|0|0|0|0|0|0|0|0|0|0|0|0|0|0|0|0|0|0|0|0|0|0|0|0|0|0|0|0|0|0|0|0|0|0|0|0|0|0|0|0|0|0|0|0|0|0|0|0|0|0|0|0|0|0|0|0|0|0|0|0|0|0|0|0|0|0|0|0|0|0|0|0|0|0|0|0|0|0|0|0|0|0|0|0|0|0|0|0|0|0|0|0|0|0|0|0|0|0|0|0|0|0|0|0|0|0|0|0|0|0|0
DHCST|NY|000|05|0213106|0|0|0|0|0|0|0|0|0|0|0|0|0|0|0|0|0|0|0|0|0|0|0|0|0|0|0|0|0|0|0|0|0|0|0|0|0|0|0|0|0|0|0|0|0|0|0|0|0|0|0|0|0|0|0|0|0|0|0|0|0|0|0|0|0|0|0|0|0|0|0|0|0|0|0|0|0|0|0|0|0|0|0|0|0|0|0|0|0|0|0|0|0|0|0|0|0|0|0|0|0|0|0|0|0|0|0|0|0|0|0|0|0|0|0|0|0|0|0|0|0|0|0|0|0|0|0|0|0|0|0|0|0|0|0|0|0|0|0|0|0|0|0|0|0|0|0|0|0|0|0|0|0|0|0|0|0|0|0|0|0|0|0|0|0|0|0|0|0|0|0|0|0|0|0|0|0|0|0|0|0|0|0|0|0|0|0|0|0|0|0|0|0|0|0|0|0|0|0
DHCST|NY|000|05|0213107|0|0|0|0|0|0|0|0|0|0|0|0|0|0|0|0|0|0|0|0|0|0|0|0|0|0|0|0|0|0|0|0|0|0|0|0|0|0|0|0|0|0|0|0|0|0|0|0|0|0|0|0|0|0|0|0|0|0|0|0|0|0|0|0|0|0|0|0|0|0|0|0|0|0|0|0|0|0|0|0|0|0|0|0|0|0|0|0|0|0|0|0|0|0|0|0|0|0|0|0|0|0|0|0|0|0|0|0|0|0|0|0|0|0|0|0|0|0|0|0|0|0|0|0|0|0|0|0|0|0|0|0|0|0|0|0|0|0|0|0|0|0|0|0|0|0|0|0|0|0|0|0|0|0|0|0|0|0|0|0|0|0|0|0|0|0|0|0|0|0|0|0|0|0|0|0|0|0|0|0|0|0|0|0|0|0|0|0|0|0|0|0|0|0|0|0|0|0|0
DHCST|NY|000|05|0213108|261|261|261|0|0|261|64|130|2|24|0|14|27|261|226|35|261|226|61|130|2|24|0|0|9|35|3|0|0|0|0|14|18|290|91|139|4|25|0|31|290|237|70|138|4|25|0|0|53|21|1|0|0|0|31|261|234|64|130|2|24|0|14|27|25|7|0|1|0|17|0|0|0|0|0|0|0|0|0|0|2|2|0|0|0|0|0|0|0|0|0|0|0|0|0|0|0|0|0|0|0|0|0|0|0|0|0|0|0|0|0|0|0|0|0|0|0|0|0|0|0|0|0|0|0|0|261|35|226|217|61|130|2|24|0|0|9|7|6|0|1|0|0|0|0|0|0|0|0|0|0|0|0|2|2|0|0|0|0|0|0|0|0|0|0|0|0|0|0|0|0|0|0|0|0|0|0|0|0|0|0|0|0|0|0|0|0|0|0|0|0|0|0|0|0|0|0|0|0
DHCST|NY|000|05|0213109|270|270|270|0|0|270|104|45|0|13|0|49|59|270|142|128|270|142|77|37|0|13|0|4|11|128|27|8|0|0|0|45|48|329|154|60|0|17|1|97|329|153|87|43|0|17|1|5|176|67|17|0|0|0|92|270|211|104|45|0|13|0|49|59|59|6|0|4|0|40|0|0|1|8|0|0|0|0|0|0|0|0|0|0|0|0|0|0|0|0|0|0|0|0|0|0|0|0|0|0|0|0|0|0|0|0|0|0|0|0|0|0|0|0|0|0|0|0|0|0|0|0|0|0|0|0|270|128|142|131|77|37|0|13|0|4|11|11|5|0|4|0|1|0|0|1|0|0|0|0|0|0|0|0|0|0|0|0|0|0|0|0|0|0|0|0|0|0|0|0|0|0|0|0|0|0|0|0|0|0|0|0|0|0|0|0|0|0|0|0|0|0|0|0|0|0|0|0|0
DHCST|NY|000|05|0213110|94|94|94|0|0|94|34|9|0|12|0|17|22|94|69|25|94|69|32|9|0|12|0|3|13|25|2|0|0|0|0|14|9|116|56|18|0|16|0|26|116|82|45|18|0|16|0|3|34|11|0|0|0|0|23|94|72|34|9|0|12|0|17|22|22|9|0|4|0|9|0|0|0|0|0|0|0|0|0|0|0|0|0|0|0|0|0|0|0|0|0|0|0|0|0|0|0|0|0|0|0|0|0|0|0|0|0|0|0|0|0|0|0|0|0|0|0|0|0|0|0|0|0|0|0|0|94|25|69|56|32|9|0|12|0|3|13|13|9|0|4|0|0|0|0|0|0|0|0|0|0|0|0|0|0|0|0|0|0|0|0|0|0|0|0|0|0|0|0|0|0|0|0|0|0|0|0|0|0|0|0|0|0|0|0|0|0|0|0|0|0|0|0|0|0|0|0|0|0
DHCST|NY|000|05|0213111|27|27|27|0|0|27|12|5|1|3|0|0|6|27|21|6|27|21|12|5|0|3|0|0|1|6|0|0|1|0|0|0|5|33|15|7|1|3|1|6|33|22|12|5|0|3|1|1|11|3|2|1|0|0|5|27|21|12|5|1|3|0|0|6|6|0|0|0|0|3|0|0|0|2|0|0|0|0|0|1|0|0|0|0|0|0|0|0|0|0|0|0|0|0|0|0|0|0|0|0|0|0|0|0|0|0|0|0|0|0|0|0|0|0|0|0|0|0|0|0|0|0|0|0|0|0|27|6|21|20|12|5|0|3|0|0|1|1|0|0|0|0|0|0|0|0|0|0|0|0|0|0|1|0|0|0|0|0|0|0|0|0|0|0|0|0|0|0|0|0|0|0|0|0|0|0|0|0|0|0|0|0|0|0|0|0|0|0|0|0|0|0|0|0|0|0|0|0|0
DHCST|NY|000|05|0213112|75|75|75|0|0|75|30|19|4|10|0|4|8|75|67|8|75|67|30|17|4|10|0|0|6|8|0|2|0|0|0|4|2|87|38|23|9|11|0|6|87|75|36|20|9|10|0|0|12|2|3|0|1|0|6|75|67|30|19|4|10|0|4|8|5|1|3|0|0|1|0|0|0|0|0|0|0|0|0|0|2|2|0|0|0|0|0|0|0|0|0|0|0|0|0|0|0|0|0|0|0|1|0|0|0|0|1|0|0|0|0|0|0|0|0|0|0|0|0|0|0|0|0|0|0|0|75|8|67|61|30|17|4|10|0|0|6|4|1|3|0|0|0|0|0|0|0|0|0|0|0|0|0|2|2|0|0|0|0|0|0|0|0|0|0|0|0|0|0|0|0|0|0|0|0|0|0|0|0|0|0|0|0|0|0|0|0|0|0|0|0|0|0|0|0|0|0|0|0
DHCST|NY|000|05|0213113|46|46|46|0|0|46|25|9|0|1|0|1|10|46|37|9|46|37|24|9|0|0|0|0|4|9|1|0|0|1|0|1|6|57|34|13|2|1|0|7|57|41|28|12|1|0|0|0|16|6|1|1|1|0|7|46|36|25|9|0|1|0|1|10|9|3|1|0|0|4|0|0|0|1|0|0|0|0|0|0|1|0|0|0|0|0|0|1|0|0|0|0|0|0|0|0|0|0|0|0|0|0|0|0|0|0|0|0|0|0|0|0|0|0|0|0|0|0|0|0|0|0|0|0|0|0|46|9|37|33|24|9|0|0|0|0|4|4|3|1|0|0|0|0|0|0|0|0|0|0|0|0|0|0|0|0|0|0|0|0|0|0|0|0|0|0|0|0|0|0|0|0|0|0|0|0|0|0|0|0|0|0|0|0|0|0|0|0|0|0|0|0|0|0|0|0|0|0|0
DHCST|NY|000|05|0213114|0|0|0|0|0|0|0|0|0|0|0|0|0|0|0|0|0|0|0|0|0|0|0|0|0|0|0|0|0|0|0|0|0|0|0|0|0|0|0|0|0|0|0|0|0|0|0|0|0|0|0|0|0|0|0|0|0|0|0|0|0|0|0|0|0|0|0|0|0|0|0|0|0|0|0|0|0|0|0|0|0|0|0|0|0|0|0|0|0|0|0|0|0|0|0|0|0|0|0|0|0|0|0|0|0|0|0|0|0|0|0|0|0|0|0|0|0|0|0|0|0|0|0|0|0|0|0|0|0|0|0|0|0|0|0|0|0|0|0|0|0|0|0|0|0|0|0|0|0|0|0|0|0|0|0|0|0|0|0|0|0|0|0|0|0|0|0|0|0|0|0|0|0|0|0|0|0|0|0|0|0|0|0|0|0|0|0|0|0|0|0|0|0|0|0|0|0|0|0
DHCST|NY|000|05|0213115|0|0|0|0|0|0|0|0|0|0|0|0|0|0|0|0|0|0|0|0|0|0|0|0|0|0|0|0|0|0|0|0|0|0|0|0|0|0|0|0|0|0|0|0|0|0|0|0|0|0|0|0|0|0|0|0|0|0|0|0|0|0|0|0|0|0|0|0|0|0|0|0|0|0|0|0|0|0|0|0|0|0|0|0|0|0|0|0|0|0|0|0|0|0|0|0|0|0|0|0|0|0|0|0|0|0|0|0|0|0|0|0|0|0|0|0|0|0|0|0|0|0|0|0|0|0|0|0|0|0|0|0|0|0|0|0|0|0|0|0|0|0|0|0|0|0|0|0|0|0|0|0|0|0|0|0|0|0|0|0|0|0|0|0|0|0|0|0|0|0|0|0|0|0|0|0|0|0|0|0|0|0|0|0|0|0|0|0|0|0|0|0|0|0|0|0|0|0|0
DHCST|NY|000|05|0213116|0|0|0|0|0|0|0|0|0|0|0|0|0|0|0|0|0|0|0|0|0|0|0|0|0|0|0|0|0|0|0|0|0|0|0|0|0|0|0|0|0|0|0|0|0|0|0|0|0|0|0|0|0|0|0|0|0|0|0|0|0|0|0|0|0|0|0|0|0|0|0|0|0|0|0|0|0|0|0|0|0|0|0|0|0|0|0|0|0|0|0|0|0|0|0|0|0|0|0|0|0|0|0|0|0|0|0|0|0|0|0|0|0|0|0|0|0|0|0|0|0|0|0|0|0|0|0|0|0|0|0|0|0|0|0|0|0|0|0|0|0|0|0|0|0|0|0|0|0|0|0|0|0|0|0|0|0|0|0|0|0|0|0|0|0|0|0|0|0|0|0|0|0|0|0|0|0|0|0|0|0|0|0|0|0|0|0|0|0|0|0|0|0|0|0|0|0|0|0
DHCST|NY|000|05|0213117|110|110|110|0|0|110|45|31|12|14|0|6|2|110|101|9|110|101|42|31|12|14|0|0|2|9|3|0|0|0|0|6|0|112|45|33|12|14|2|6|112|103|42|33|12|14|2|0|9|3|0|0|0|0|6|110|108|45|31|12|14|0|6|2|2|0|0|0|0|0|0|0|2|0|0|0|0|0|0|0|0|0|0|0|0|0|0|0|0|0|0|0|0|0|0|0|0|0|0|0|0|0|0|0|0|0|0|0|0|0|0|0|0|0|0|0|0|0|0|0|0|0|0|0|0|0|110|9|101|99|42|31|12|14|0|0|2|2|0|0|0|0|0|0|0|2|0|0|0|0|0|0|0|0|0|0|0|0|0|0|0|0|0|0|0|0|0|0|0|0|0|0|0|0|0|0|0|0|0|0|0|0|0|0|0|0|0|0|0|0|0|0|0|0|0|0|0|0|0
DHCST|NY|000|05|0213118|131|131|131|0|0|131|66|37|2|18|0|0|8|131|129|2|131|129|66|37|1|18|0|0|7|2|0|0|1|0|0|0|1|140|74|45|2|18|0|1|140|136|73|44|1|18|0|0|4|1|1|1|0|0|1|131|123|66|37|2|18|0|0|8|7|7|0|0|0|0|0|0|0|0|0|0|0|0|0|0|1|0|0|0|1|0|0|0|0|0|0|0|0|0|0|0|0|0|0|0|0|0|0|0|0|0|0|0|0|0|0|0|0|0|0|0|0|0|0|0|0|0|0|0|0|0|131|2|129|122|66|37|1|18|0|0|7|7|7|0|0|0|0|0|0|0|0|0|0|0|0|0|0|0|0|0|0|0|0|0|0|0|0|0|0|0|0|0|0|0|0|0|0|0|0|0|0|0|0|0|0|0|0|0|0|0|0|0|0|0|0|0|0|0|0|0|0|0|0
DHCST|NY|000|05|0213119|97|97|97|0|0|97|47|35|0|1|0|8|6|97|78|19|97|78|47|28|0|1|0|0|2|19|0|7|0|0|0|8|4|105|53|37|0|3|0|12|105|82|49|30|0|3|0|0|23|4|7|0|0|0|12|97|91|47|35|0|1|0|8|6|4|0|0|0|0|4|0|0|0|0|0|0|0|0|0|0|2|0|2|0|0|0|0|0|0|0|0|0|0|0|0|0|0|0|0|0|0|0|0|0|0|0|0|0|0|0|0|0|0|0|0|0|0|0|0|0|0|0|0|0|0|0|97|19|78|76|47|28|0|1|0|0|2|0|0|0|0|0|0|0|0|0|0|0|0|0|0|0|0|2|0|2|0|0|0|0|0|0|0|0|0|0|0|0|0|0|0|0|0|0|0|0|0|0|0|0|0|0|0|0|0|0|0|0|0|0|0|0|0|0|0|0|0|0|0
DHCST|NY|000|05|0213120|164|164|164|0|0|164|58|78|0|15|0|2|11|164|149|15|164|149|54|74|0|15|0|0|6|15|4|4|0|0|0|2|5|175|65|87|2|15|0|6|175|155|60|79|1|15|0|0|20|5|8|1|0|0|6|164|153|58|78|0|15|0|2|11|11|5|2|0|0|0|0|0|0|4|0|0|0|0|0|0|0|0|0|0|0|0|0|0|0|0|0|0|0|0|0|0|0|0|0|0|0|0|0|0|0|0|0|0|0|0|0|0|0|0|0|0|0|0|0|0|0|0|0|0|0|0|164|15|149|143|54|74|0|15|0|0|6|6|5|1|0|0|0|0|0|0|0|0|0|0|0|0|0|0|0|0|0|0|0|0|0|0|0|0|0|0|0|0|0|0|0|0|0|0|0|0|0|0|0|0|0|0|0|0|0|0|0|0|0|0|0|0|0|0|0|0|0|0|0
DHCST|NY|000|05|0213121|81|81|81|0|0|81|33|29|0|5|0|4|10|81|70|11|81|70|31|29|0|5|0|2|3|11|2|0|0|0|0|2|7|93|40|35|2|5|0|11|93|73|34|31|1|5|0|2|20|6|4|1|0|0|9|81|71|33|29|0|5|0|4|10|8|2|1|0|0|2|0|0|0|3|0|0|0|0|0|0|2|0|0|0|1|0|0|1|0|0|0|0|0|0|0|0|0|0|0|0|0|0|0|0|0|0|0|0|0|0|0|0|0|0|0|0|0|0|0|0|0|0|0|0|0|0|81|11|70|67|31|29|0|5|0|2|3|3|2|1|0|0|0|0|0|0|0|0|0|0|0|0|0|0|0|0|0|0|0|0|0|0|0|0|0|0|0|0|0|0|0|0|0|0|0|0|0|0|0|0|0|0|0|0|0|0|0|0|0|0|0|0|0|0|0|0|0|0|0
DHCST|NY|000|05|0213122|91|91|91|0|0|91|40|16|1|10|0|1|23|91|89|2|91|89|40|16|1|10|0|1|21|2|0|0|0|0|0|0|2|116|60|31|4|10|0|11|116|110|58|29|4|10|0|9|6|2|2|0|0|0|2|91|68|40|16|1|10|0|1|23|21|10|1|0|0|7|2|0|0|1|0|0|0|0|0|0|2|0|0|0|2|0|0|0|0|0|0|0|0|0|0|0|0|0|0|0|0|0|0|0|0|0|0|0|0|0|0|0|0|0|0|0|0|0|0|0|0|0|0|0|0|0|91|2|89|68|40|16|1|10|0|1|21|21|10|1|0|0|7|2|0|0|1|0|0|0|0|0|0|0|0|0|0|0|0|0|0|0|0|0|0|0|0|0|0|0|0|0|0|0|0|0|0|0|0|0|0|0|0|0|0|0|0|0|0|0|0|0|0|0|0|0|0|0|0
DHCST|NY|000|05|0213123|123|123|123|0|0|123|68|31|0|1|0|11|12|123|104|19|123|104|63|31|0|1|0|1|8|19|5|0|0|0|0|10|4|137|79|39|3|1|0|15|137|114|70|39|2|1|0|2|23|9|0|1|0|0|13|123|111|68|31|0|1|0|11|12|10|6|1|0|0|3|0|0|0|0|0|0|0|0|0|0|2|1|0|0|0|0|0|0|0|0|0|0|0|1|0|0|0|0|0|0|0|0|0|0|0|0|0|0|0|0|0|0|0|0|0|0|0|0|0|0|0|0|0|0|0|0|123|19|104|96|63|31|0|1|0|1|8|6|6|0|0|0|0|0|0|0|0|0|0|0|0|0|0|2|1|0|0|0|0|0|0|0|0|0|0|0|1|0|0|0|0|0|0|0|0|0|0|0|0|0|0|0|0|0|0|0|0|0|0|0|0|0|0|0|0|0|0|0|0
DHCST|NY|000|05|0213124|46|46|46|0|0|46|7|9|6|7|0|3|14|46|43|3|46|43|7|9|6|7|0|0|14|3|0|0|0|0|0|3|0|61|21|18|11|8|0|3|61|58|21|18|11|8|0|0|3|0|0|0|0|0|3|46|32|7|9|6|7|0|3|14|13|8|4|1|0|0|0|0|0|0|0|0|0|0|0|0|1|1|0|0|0|0|0|0|0|0|0|0|0|0|0|0|0|0|0|0|0|0|0|0|0|0|0|0|0|0|0|0|0|0|0|0|0|0|0|0|0|0|0|0|0|0|46|3|43|29|7|9|6|7|0|0|14|13|8|4|1|0|0|0|0|0|0|0|0|0|0|0|0|1|1|0|0|0|0|0|0|0|0|0|0|0|0|0|0|0|0|0|0|0|0|0|0|0|0|0|0|0|0|0|0|0|0|0|0|0|0|0|0|0|0|0|0|0|0
DHCST|NY|000|05|0213125|85|85|85|0|0|85|39|25|0|1|0|6|14|85|76|9|85|76|39|25|0|1|0|1|10|9|0|0|0|0|0|5|4|100|52|30|4|5|0|9|100|87|48|30|3|5|0|1|13|4|0|1|0|0|8|85|71|39|25|0|1|0|6|14|13|3|2|4|0|3|1|0|0|0|0|0|0|0|0|0|1|1|0|0|0|0|0|0|0|0|0|0|0|0|0|0|0|0|0|0|0|0|0|0|0|0|0|0|0|0|0|0|0|0|0|0|0|0|0|0|0|0|0|0|0|0|85|9|76|66|39|25|0|1|0|1|10|9|3|1|4|0|0|1|0|0|0|0|0|0|0|0|0|1|1|0|0|0|0|0|0|0|0|0|0|0|0|0|0|0|0|0|0|0|0|0|0|0|0|0|0|0|0|0|0|0|0|0|0|0|0|0|0|0|0|0|0|0|0
DHCST|NY|000|05|0213126|136|136|136|0|0|136|68|35|0|7|0|4|22|136|120|16|136|120|68|35|0|7|0|1|9|16|0|0|0|0|0|3|13|158|89|44|2|10|0|13|158|129|76|40|2|10|0|1|29|13|4|0|0|0|12|136|114|68|35|0|7|0|4|22|22|8|1|3|0|9|1|0|0|0|0|0|0|0|0|0|0|0|0|0|0|0|0|0|0|0|0|0|0|0|0|0|0|0|0|0|0|0|0|0|0|0|0|0|0|0|0|0|0|0|0|0|0|0|0|0|0|0|0|0|0|0|136|16|120|111|68|35|0|7|0|1|9|9|4|1|3|0|0|1|0|0|0|0|0|0|0|0|0|0|0|0|0|0|0|0|0|0|0|0|0|0|0|0|0|0|0|0|0|0|0|0|0|0|0|0|0|0|0|0|0|0|0|0|0|0|0|0|0|0|0|0|0|0|0
DHCST|NY|000|05|0213127|100|100|100|0|0|100|71|14|0|3|0|5|7|100|87|13|100|87|65|14|0|3|0|0|5|13|6|0|0|0|0|5|2|107|75|18|0|4|0|10|107|92|67|18|0|4|0|3|15|8|0|0|0|0|7|100|93|71|14|0|3|0|5|7|7|1|0|1|0|2|0|0|0|3|0|0|0|0|0|0|0|0|0|0|0|0|0|0|0|0|0|0|0|0|0|0|0|0|0|0|0|0|0|0|0|0|0|0|0|0|0|0|0|0|0|0|0|0|0|0|0|0|0|0|0|0|100|13|87|82|65|14|0|3|0|0|5|5|1|0|1|0|0|0|0|0|3|0|0|0|0|0|0|0|0|0|0|0|0|0|0|0|0|0|0|0|0|0|0|0|0|0|0|0|0|0|0|0|0|0|0|0|0|0|0|0|0|0|0|0|0|0|0|0|0|0|0|0|0
DHCST|NY|000|05|0213128|61|61|61|0|0|61|43|2|2|0|0|1|13|61|57|4|61|57|43|2|2|0|0|0|10|4|0|0|0|0|0|1|3|75|53|11|6|0|0|5|75|68|50|11|3|0|0|4|7|3|0|3|0|0|1|61|48|43|2|2|0|0|1|13|12|5|3|0|0|1|0|0|0|3|0|0|0|0|0|0|1|1|0|0|0|0|0|0|0|0|0|0|0|0|0|0|0|0|0|0|0|0|0|0|0|0|0|0|0|0|0|0|0|0|0|0|0|0|0|0|0|0|0|0|0|0|61|4|57|47|43|2|2|0|0|0|10|9|5|0|0|0|1|0|0|0|3|0|0|0|0|0|0|1|1|0|0|0|0|0|0|0|0|0|0|0|0|0|0|0|0|0|0|0|0|0|0|0|0|0|0|0|0|0|0|0|0|0|0|0|0|0|0|0|0|0|0|0|0
DHCST|NY|000|05|0213129|82|82|82|0|0|82|49|18|0|0|0|6|9|82|74|8|82|74|48|18|0|0|0|0|8|8|1|0|0|0|0|6|1|92|58|26|0|0|0|8|92|83|56|26|0|0|0|1|9|2|0|0|0|0|7|82|73|49|18|0|0|0|6|9|8|7|0|0|0|1|0|0|0|0|0|0|0|0|0|0|1|0|0|0|1|0|0|0|0|0|0|0|0|0|0|0|0|0|0|0|0|0|0|0|0|0|0|0|0|0|0|0|0|0|0|0|0|0|0|0|0|0|0|0|0|0|82|8|74|66|48|18|0|0|0|0|8|7|7|0|0|0|0|0|0|0|0|0|0|0|0|0|0|1|0|0|0|1|0|0|0|0|0|0|0|0|0|0|0|0|0|0|0|0|0|0|0|0|0|0|0|0|0|0|0|0|0|0|0|0|0|0|0|0|0|0|0|0|0
DHCST|NY|000|05|0213130|144|144|144|0|0|144|112|21|0|1|0|4|6|144|138|6|144|138|110|21|0|1|0|0|6|6|2|0|0|0|0|4|0|150|118|27|0|1|0|4|150|144|116|27|0|1|0|0|6|2|0|0|0|0|4|144|138|112|21|0|1|0|4|6|6|6|0|0|0|0|0|0|0|0|0|0|0|0|0|0|0|0|0|0|0|0|0|0|0|0|0|0|0|0|0|0|0|0|0|0|0|0|0|0|0|0|0|0|0|0|0|0|0|0|0|0|0|0|0|0|0|0|0|0|0|0|144|6|138|132|110|21|0|1|0|0|6|6|6|0|0|0|0|0|0|0|0|0|0|0|0|0|0|0|0|0|0|0|0|0|0|0|0|0|0|0|0|0|0|0|0|0|0|0|0|0|0|0|0|0|0|0|0|0|0|0|0|0|0|0|0|0|0|0|0|0|0|0|0
DHCST|NY|000|05|0213131|135|135|135|0|0|135|86|24|3|0|0|2|20|135|122|13|135|122|83|21|3|0|0|2|13|13|3|3|0|0|0|0|7|155|105|29|12|0|0|9|155|135|95|26|11|0|0|3|20|10|3|1|0|0|6|135|115|86|24|3|0|0|2|20|20|4|9|0|0|6|0|0|0|1|0|0|0|0|0|0|0|0|0|0|0|0|0|0|0|0|0|0|0|0|0|0|0|0|0|0|0|0|0|0|0|0|0|0|0|0|0|0|0|0|0|0|0|0|0|0|0|0|0|0|0|0|135|13|122|109|83|21|3|0|0|2|13|13|4|8|0|0|0|0|0|0|1|0|0|0|0|0|0|0|0|0|0|0|0|0|0|0|0|0|0|0|0|0|0|0|0|0|0|0|0|0|0|0|0|0|0|0|0|0|0|0|0|0|0|0|0|0|0|0|0|0|0|0|0
DHCST|NY|000|05|0213132|71|71|71|0|0|71|45|19|0|0|0|0|7|71|70|1|71|70|45|19|0|0|0|0|6|1|0|0|0|0|0|0|1|78|52|25|0|0|0|1|78|76|51|25|0|0|0|0|2|1|0|0|0|0|1|71|64|45|19|0|0|0|0|7|7|6|0|0|0|1|0|0|0|0|0|0|0|0|0|0|0|0|0|0|0|0|0|0|0|0|0|0|0|0|0|0|0|0|0|0|0|0|0|0|0|0|0|0|0|0|0|0|0|0|0|0|0|0|0|0|0|0|0|0|0|0|71|1|70|64|45|19|0|0|0|0|6|6|6|0|0|0|0|0|0|0|0|0|0|0|0|0|0|0|0|0|0|0|0|0|0|0|0|0|0|0|0|0|0|0|0|0|0|0|0|0|0|0|0|0|0|0|0|0|0|0|0|0|0|0|0|0|0|0|0|0|0|0|0
DHCST|NY|000|05|0213133|67|67|67|0|0|67|40|20|1|0|0|0|6|67|64|3|67|64|40|19|1|0|0|0|4|3|0|1|0|0|0|0|2|75|44|23|2|2|1|3|75|70|44|20|2|2|1|1|5|0|3|0|0|0|2|67|61|40|20|1|0|0|0|6|5|0|0|1|1|1|0|0|0|2|0|0|0|0|0|0|0|0|0|0|0|0|0|0|0|0|0|0|0|0|0|0|0|0|0|0|0|1|1|0|0|0|0|0|0|0|0|0|0|0|0|0|0|0|0|0|0|0|0|0|0|0|67|3|64|60|40|19|1|0|0|0|4|3|0|0|1|1|1|0|0|0|0|0|0|0|0|0|0|0|0|0|0|0|0|0|0|0|0|0|0|0|0|0|0|0|0|0|0|0|1|1|0|0|0|0|0|0|0|0|0|0|0|0|0|0|0|0|0|0|0|0|0|0|0
DHCST|NY|000|05|0213134|88|88|88|0|0|88|65|11|0|3|0|0|9|88|82|6|88|82|63|8|0|3|0|0|8|6|2|3|0|0|0|0|1|97|71|18|2|3|0|3|97|90|68|15|1|3|0|3|7|3|3|1|0|0|0|88|79|65|11|0|3|0|0|9|9|4|2|0|0|0|0|0|0|3|0|0|0|0|0|0|0|0|0|0|0|0|0|0|0|0|0|0|0|0|0|0|0|0|0|0|0|0|0|0|0|0|0|0|0|0|0|0|0|0|0|0|0|0|0|0|0|0|0|0|0|0|88|6|82|74|63|8|0|3|0|0|8|8|4|1|0|0|0|0|0|0|3|0|0|0|0|0|0|0|0|0|0|0|0|0|0|0|0|0|0|0|0|0|0|0|0|0|0|0|0|0|0|0|0|0|0|0|0|0|0|0|0|0|0|0|0|0|0|0|0|0|0|0|0
DHCST|NY|000|05|0213135|0|0|0|0|0|0|0|0|0|0|0|0|0|0|0|0|0|0|0|0|0|0|0|0|0|0|0|0|0|0|0|0|0|0|0|0|0|0|0|0|0|0|0|0|0|0|0|0|0|0|0|0|0|0|0|0|0|0|0|0|0|0|0|0|0|0|0|0|0|0|0|0|0|0|0|0|0|0|0|0|0|0|0|0|0|0|0|0|0|0|0|0|0|0|0|0|0|0|0|0|0|0|0|0|0|0|0|0|0|0|0|0|0|0|0|0|0|0|0|0|0|0|0|0|0|0|0|0|0|0|0|0|0|0|0|0|0|0|0|0|0|0|0|0|0|0|0|0|0|0|0|0|0|0|0|0|0|0|0|0|0|0|0|0|0|0|0|0|0|0|0|0|0|0|0|0|0|0|0|0|0|0|0|0|0|0|0|0|0|0|0|0|0|0|0|0|0|0|0
DHCST|NY|000|05|0213136|79|79|79|0|0|79|35|33|2|0|0|7|2|79|72|7|79|72|35|32|2|0|0|1|2|7|0|1|0|0|0|6|0|81|37|35|2|0|0|7|81|74|37|34|2|0|0|1|7|0|1|0|0|0|6|79|77|35|33|2|0|0|7|2|2|2|0|0|0|0|0|0|0|0|0|0|0|0|0|0|0|0|0|0|0|0|0|0|0|0|0|0|0|0|0|0|0|0|0|0|0|0|0|0|0|0|0|0|0|0|0|0|0|0|0|0|0|0|0|0|0|0|0|0|0|0|79|7|72|70|35|32|2|0|0|1|2|2|2|0|0|0|0|0|0|0|0|0|0|0|0|0|0|0|0|0|0|0|0|0|0|0|0|0|0|0|0|0|0|0|0|0|0|0|0|0|0|0|0|0|0|0|0|0|0|0|0|0|0|0|0|0|0|0|0|0|0|0|0
DHCST|NY|000|05|0213137|64|64|64|0|0|64|54|8|1|0|0|0|1|64|54|10|64|54|47|6|1|0|0|0|0|10|7|2|0|0|0|0|1|65|55|8|1|0|0|1|65|54|47|6|1|0|0|0|11|8|2|0|0|0|1|64|63|54|8|1|0|0|0|1|1|0|0|0|0|1|0|0|0|0|0|0|0|0|0|0|0|0|0|0|0|0|0|0|0|0|0|0|0|0|0|0|0|0|0|0|0|0|0|0|0|0|0|0|0|0|0|0|0|0|0|0|0|0|0|0|0|0|0|0|0|0|64|10|54|54|47|6|1|0|0|0|0|0|0|0|0|0|0|0|0|0|0|0|0|0|0|0|0|0|0|0|0|0|0|0|0|0|0|0|0|0|0|0|0|0|0|0|0|0|0|0|0|0|0|0|0|0|0|0|0|0|0|0|0|0|0|0|0|0|0|0|0|0|0
DHCST|NY|000|05|0213138|104|104|104|0|0|104|65|24|0|0|0|5|10|104|90|14|104|90|60|21|0|0|0|0|9|14|5|3|0|0|0|5|1|114|75|27|3|3|0|6|114|99|69|24|3|3|0|0|15|6|3|0|0|0|6|104|94|65|24|0|0|0|5|10|10|3|3|3|0|1|0|0|0|0|0|0|0|0|0|0|0|0|0|0|0|0|0|0|0|0|0|0|0|0|0|0|0|0|0|0|0|0|0|0|0|0|0|0|0|0|0|0|0|0|0|0|0|0|0|0|0|0|0|0|0|0|104|14|90|81|60|21|0|0|0|0|9|9|3|3|3|0|0|0|0|0|0|0|0|0|0|0|0|0|0|0|0|0|0|0|0|0|0|0|0|0|0|0|0|0|0|0|0|0|0|0|0|0|0|0|0|0|0|0|0|0|0|0|0|0|0|0|0|0|0|0|0|0|0
DHCST|NY|000|05|0213139|11|11|11|0|0|11|3|2|0|0|0|0|6|11|8|3|11|8|2|2|0|0|0|0|4|3|1|0|0|0|0|0|2|17|9|3|0|0|0|5|17|12|6|3|0|0|0|3|5|3|0|0|0|0|2|11|5|3|2|0|0|0|0|6|6|1|0|0|0|5|0|0|0|0|0|0|0|0|0|0|0|0|0|0|0|0|0|0|0|0|0|0|0|0|0|0|0|0|0|0|0|0|0|0|0|0|0|0|0|0|0|0|0|0|0|0|0|0|0|0|0|0|0|0|0|0|11|3|8|4|2|2|0|0|0|0|4|4|1|0|0|0|3|0|0|0|0|0|0|0|0|0|0|0|0|0|0|0|0|0|0|0|0|0|0|0|0|0|0|0|0|0|0|0|0|0|0|0|0|0|0|0|0|0|0|0|0|0|0|0|0|0|0|0|0|0|0|0|0
DHCST|NY|000|05|0213140|85|85|85|0|0|85|74|1|0|1|0|0|9|85|81|4|85|81|74|1|0|1|0|0|5|4|0|0|0|0|0|0|4|94|83|3|6|1|1|0|94|86|79|3|2|1|1|0|8|4|0|4|0|0|0|85|76|74|1|0|1|0|0|9|9|2|6|0|1|0|0|0|0|0|0|0|0|0|0|0|0|0|0|0|0|0|0|0|0|0|0|0|0|0|0|0|0|0|0|0|0|0|0|0|0|0|0|0|0|0|0|0|0|0|0|0|0|0|0|0|0|0|0|0|0|0|85|4|81|76|74|1|0|1|0|0|5|5|2|2|0|1|0|0|0|0|0|0|0|0|0|0|0|0|0|0|0|0|0|0|0|0|0|0|0|0|0|0|0|0|0|0|0|0|0|0|0|0|0|0|0|0|0|0|0|0|0|0|0|0|0|0|0|0|0|0|0|0|0
DHCST|NY|000|05|0213141|73|73|73|0|0|73|63|2|0|1|0|0|7|73|71|2|73|71|62|2|0|1|0|0|6|2|1|0|0|0|0|0|1|80|70|2|6|1|0|1|80|77|68|2|6|1|0|0|3|2|0|0|0|0|1|73|66|63|2|0|1|0|0|7|7|0|6|0|0|1|0|0|0|0|0|0|0|0|0|0|0|0|0|0|0|0|0|0|0|0|0|0|0|0|0|0|0|0|0|0|0|0|0|0|0|0|0|0|0|0|0|0|0|0|0|0|0|0|0|0|0|0|0|0|0|0|73|2|71|65|62|2|0|1|0|0|6|6|0|6|0|0|0|0|0|0|0|0|0|0|0|0|0|0|0|0|0|0|0|0|0|0|0|0|0|0|0|0|0|0|0|0|0|0|0|0|0|0|0|0|0|0|0|0|0|0|0|0|0|0|0|0|0|0|0|0|0|0|0
DHCST|NY|000|05|0213142|74|74|74|0|0|74|39|21|3|2|0|1|8|74|70|4|74|70|38|20|3|2|0|0|7|4|1|1|0|0|0|1|1|83|47|27|5|2|0|2|83|78|45|26|5|2|0|0|5|2|1|0|0|0|2|74|66|39|21|3|2|0|1|8|7|5|1|0|0|1|0|0|0|0|0|0|0|0|0|0|1|1|0|0|0|0|0|0|0|0|0|0|0|0|0|0|0|0|0|0|0|0|0|0|0|0|0|0|0|0|0|0|0|0|0|0|0|0|0|0|0|0|0|0|0|0|74|4|70|63|38|20|3|2|0|0|7|6|5|1|0|0|0|0|0|0|0|0|0|0|0|0|0|1|1|0|0|0|0|0|0|0|0|0|0|0|0|0|0|0|0|0|0|0|0|0|0|0|0|0|0|0|0|0|0|0|0|0|0|0|0|0|0|0|0|0|0|0|0
DHCST|NY|000|05|0213143|47|47|47|0|0|47|36|4|0|0|0|4|3|47|39|8|47|39|34|4|0|0|0|0|1|8|2|0|0|0|0|4|2|50|37|5|0|1|2|5|50|40|35|5|0|0|0|0|10|2|0|0|1|2|5|47|44|36|4|0|0|0|4|3|3|1|0|0|0|0|0|0|0|0|0|0|0|1|0|1|0|0|0|0|0|0|0|0|0|0|0|0|0|0|0|0|0|0|0|0|0|0|0|0|0|0|0|0|0|0|0|0|0|0|0|0|0|0|0|0|0|0|0|0|0|0|47|8|39|38|34|4|0|0|0|0|1|1|1|0|0|0|0|0|0|0|0|0|0|0|0|0|0|0|0|0|0|0|0|0|0|0|0|0|0|0|0|0|0|0|0|0|0|0|0|0|0|0|0|0|0|0|0|0|0|0|0|0|0|0|0|0|0|0|0|0|0|0|0
DHCST|NY|000|05|0213144|79|79|79|0|0|79|70|5|0|0|1|1|2|79|76|3|79|76|70|5|0|0|0|1|0|3|0|0|0|0|1|0|2|81|71|5|0|0|2|3|81|76|70|5|0|0|0|1|5|1|0|0|0|2|2|79|77|70|5|0|0|1|1|2|2|0|0|0|0|1|0|0|0|0|0|0|0|0|0|1|0|0|0|0|0|0|0|0|0|0|0|0|0|0|0|0|0|0|0|0|0|0|0|0|0|0|0|0|0|0|0|0|0|0|0|0|0|0|0|0|0|0|0|0|0|0|79|3|76|76|70|5|0|0|0|1|0|0|0|0|0|0|0|0|0|0|0|0|0|0|0|0|0|0|0|0|0|0|0|0|0|0|0|0|0|0|0|0|0|0|0|0|0|0|0|0|0|0|0|0|0|0|0|0|0|0|0|0|0|0|0|0|0|0|0|0|0|0|0
DHCST|NY|000|05|0213145|95|95|95|0|0|95|61|22|0|6|0|0|6|95|81|14|95|81|53|19|0|6|0|0|3|14|8|3|0|0|0|0|3|103|66|25|2|6|0|4|103|84|56|21|0|6|0|1|19|10|4|2|0|0|3|95|89|61|22|0|6|0|0|6|4|2|0|0|0|1|0|0|0|1|0|0|0|0|0|0|2|0|0|0|0|0|0|2|0|0|0|0|0|0|0|0|0|0|0|0|0|0|0|0|0|0|0|0|0|0|0|0|0|0|0|0|0|0|0|0|0|0|0|0|0|0|95|14|81|78|53|19|0|6|0|0|3|3|2|0|0|0|1|0|0|0|0|0|0|0|0|0|0|0|0|0|0|0|0|0|0|0|0|0|0|0|0|0|0|0|0|0|0|0|0|0|0|0|0|0|0|0|0|0|0|0|0|0|0|0|0|0|0|0|0|0|0|0|0
DHCST|NY|000|05|0213146|47|47|47|0|0|47|38|6|0|0|0|0|3|47|47|0|47|47|38|6|0|0|0|0|3|0|0|0|0|0|0|0|0|50|41|6|3|0|0|0|50|50|41|6|3|0|0|0|0|0|0|0|0|0|0|47|44|38|6|0|0|0|0|3|3|0|3|0|0|0|0|0|0|0|0|0|0|0|0|0|0|0|0|0|0|0|0|0|0|0|0|0|0|0|0|0|0|0|0|0|0|0|0|0|0|0|0|0|0|0|0|0|0|0|0|0|0|0|0|0|0|0|0|0|0|0|47|0|47|44|38|6|0|0|0|0|3|3|0|3|0|0|0|0|0|0|0|0|0|0|0|0|0|0|0|0|0|0|0|0|0|0|0|0|0|0|0|0|0|0|0|0|0|0|0|0|0|0|0|0|0|0|0|0|0|0|0|0|0|0|0|0|0|0|0|0|0|0|0
DHCST|NY|000|05|0213147|54|54|54|0|0|54|42|2|1|0|0|2|7|54|48|6|54|48|42|2|1|0|0|0|3|6|0|0|0|0|0|2|4|61|49|2|4|0|0|6|61|51|45|2|4|0|0|0|10|4|0|0|0|0|6|54|47|42|2|1|0|0|2|7|7|0|3|0|0|4|0|0|0|0|0|0|0|0|0|0|0|0|0|0|0|0|0|0|0|0|0|0|0|0|0|0|0|0|0|0|0|0|0|0|0|0|0|0|0|0|0|0|0|0|0|0|0|0|0|0|0|0|0|0|0|0|54|6|48|45|42|2|1|0|0|0|3|3|0|3|0|0|0|0|0|0|0|0|0|0|0|0|0|0|0|0|0|0|0|0|0|0|0|0|0|0|0|0|0|0|0|0|0|0|0|0|0|0|0|0|0|0|0|0|0|0|0|0|0|0|0|0|0|0|0|0|0|0|0
DHCST|NY|000|05|0213148|58|58|58|0|0|58|53|1|0|0|0|1|3|58|55|3|58|55|51|1|0|0|0|0|3|3|2|0|0|0|0|1|0|61|56|2|2|0|0|1|61|58|54|2|2|0|0|0|3|2|0|0|0|0|1|58|55|53|1|0|0|0|1|3|3|1|2|0|0|0|0|0|0|0|0|0|0|0|0|0|0|0|0|0|0|0|0|0|0|0|0|0|0|0|0|0|0|0|0|0|0|0|0|0|0|0|0|0|0|0|0|0|0|0|0|0|0|0|0|0|0|0|0|0|0|0|58|3|55|52|51|1|0|0|0|0|3|3|1|2|0|0|0|0|0|0|0|0|0|0|0|0|0|0|0|0|0|0|0|0|0|0|0|0|0|0|0|0|0|0|0|0|0|0|0|0|0|0|0|0|0|0|0|0|0|0|0|0|0|0|0|0|0|0|0|0|0|0|0
DHCST|NY|000|05|0213149|56|56|56|0|0|56|48|2|5|0|0|0|1|56|54|2|56|54|47|2|5|0|0|0|0|2|1|0|0|0|0|0|1|57|48|3|6|0|0|0|57|54|47|2|5|0|0|0|3|1|1|1|0|0|0|56|55|48|2|5|0|0|0|1|1|0|0|0|0|0|1|0|0|0|0|0|0|0|0|0|0|0|0|0|0|0|0|0|0|0|0|0|0|0|0|0|0|0|0|0|0|0|0|0|0|0|0|0|0|0|0|0|0|0|0|0|0|0|0|0|0|0|0|0|0|0|56|2|54|54|47|2|5|0|0|0|0|0|0|0|0|0|0|0|0|0|0|0|0|0|0|0|0|0|0|0|0|0|0|0|0|0|0|0|0|0|0|0|0|0|0|0|0|0|0|0|0|0|0|0|0|0|0|0|0|0|0|0|0|0|0|0|0|0|0|0|0|0|0
DHCST|NY|000|05|0213150|62|62|62|0|0|62|58|0|0|0|0|0|4|62|56|6|62|56|55|0|0|0|0|0|1|6|3|0|0|0|0|0|3|67|62|1|1|0|0|3|67|58|56|1|1|0|0|0|9|6|0|0|0|0|3|62|58|58|0|0|0|0|0|4|3|0|0|0|0|3|0|0|0|0|0|0|0|0|0|0|1|1|0|0|0|0|0|0|0|0|0|0|0|0|0|0|0|0|0|0|0|0|0|0|0|0|0|0|0|0|0|0|0|0|0|0|0|0|0|0|0|0|0|0|0|0|62|6|56|55|55|0|0|0|0|0|1|0|0|0|0|0|0|0|0|0|0|0|0|0|0|0|0|1|1|0|0|0|0|0|0|0|0|0|0|0|0|0|0|0|0|0|0|0|0|0|0|0|0|0|0|0|0|0|0|0|0|0|0|0|0|0|0|0|0|0|0|0|0
DHCST|NY|000|05|0213151|83|83|83|0|0|83|71|8|0|0|0|4|0|83|79|4|83|79|71|8|0|0|0|0|0|4|0|0|0|0|0|4|0|83|71|8|0|0|0|4|83|79|71|8|0|0|0|0|4|0|0|0|0|0|4|83|83|71|8|0|0|0|4|0|0|0|0|0|0|0|0|0|0|0|0|0|0|0|0|0|0|0|0|0|0|0|0|0|0|0|0|0|0|0|0|0|0|0|0|0|0|0|0|0|0|0|0|0|0|0|0|0|0|0|0|0|0|0|0|0|0|0|0|0|0|0|83|4|79|79|71|8|0|0|0|0|0|0|0|0|0|0|0|0|0|0|0|0|0|0|0|0|0|0|0|0|0|0|0|0|0|0|0|0|0|0|0|0|0|0|0|0|0|0|0|0|0|0|0|0|0|0|0|0|0|0|0|0|0|0|0|0|0|0|0|0|0|0|0
DHCST|NY|000|05|0213152|194|194|194|0|0|194|156|16|0|3|0|1|18|194|186|8|194|186|151|16|0|3|0|0|16|8|5|0|0|0|0|1|2|213|173|22|2|11|1|4|213|203|166|22|2|11|1|1|10|7|0|0|0|0|3|194|176|156|16|0|3|0|1|18|17|5|2|7|0|3|0|0|0|0|0|0|0|0|0|0|1|0|0|0|0|0|0|0|0|0|0|0|0|0|1|0|0|0|0|0|0|0|0|0|0|0|0|0|0|0|0|0|0|0|0|0|0|0|0|0|0|0|0|0|0|0|194|8|186|170|151|16|0|3|0|0|16|15|5|2|7|0|1|0|0|0|0|0|0|0|0|0|0|1|0|0|0|0|0|0|0|0|0|0|0|0|0|1|0|0|0|0|0|0|0|0|0|0|0|0|0|0|0|0|0|0|0|0|0|0|0|0|0|0|0|0|0|0|0
DHCST|NY|000|05|0213153|79|79|79|0|0|79|73|5|1|0|0|0|0|79|72|7|79|72|69|2|1|0|0|0|0|7|4|3|0|0|0|0|0|79|73|5|1|0|0|0|79|72|69|2|1|0|0|0|7|4|3|0|0|0|0|79|79|73|5|1|0|0|0|0|0|0|0|0|0|0|0|0|0|0|0|0|0|0|0|0|0|0|0|0|0|0|0|0|0|0|0|0|0|0|0|0|0|0|0|0|0|0|0|0|0|0|0|0|0|0|0|0|0|0|0|0|0|0|0|0|0|0|0|0|0|0|79|7|72|72|69|2|1|0|0|0|0|0|0|0|0|0|0|0|0|0|0|0|0|0|0|0|0|0|0|0|0|0|0|0|0|0|0|0|0|0|0|0|0|0|0|0|0|0|0|0|0|0|0|0|0|0|0|0|0|0|0|0|0|0|0|0|0|0|0|0|0|0|0
DHCST|NY|000|05|0213154|76|76|76|0|0|76|71|1|0|0|0|0|4|76|74|2|76|74|70|0|0|0|0|0|4|2|1|1|0|0|0|0|0|80|75|1|0|0|3|1|80|78|74|0|0|0|3|1|2|1|1|0|0|0|0|76|72|71|1|0|0|0|0|4|4|0|0|0|3|1|0|0|0|0|0|0|0|0|0|0|0|0|0|0|0|0|0|0|0|0|0|0|0|0|0|0|0|0|0|0|0|0|0|0|0|0|0|0|0|0|0|0|0|0|0|0|0|0|0|0|0|0|0|0|0|0|76|2|74|70|70|0|0|0|0|0|4|4|0|0|0|3|1|0|0|0|0|0|0|0|0|0|0|0|0|0|0|0|0|0|0|0|0|0|0|0|0|0|0|0|0|0|0|0|0|0|0|0|0|0|0|0|0|0|0|0|0|0|0|0|0|0|0|0|0|0|0|0|0
DHCST|NY|000|05|0213155|55|55|55|0|0|55|51|0|0|0|0|0|4|55|55|0|55|55|51|0|0|0|0|0|4|0|0|0|0|0|0|0|0|59|55|1|0|3|0|0|59|59|55|1|0|3|0|0|0|0|0|0|0|0|0|55|51|51|0|0|0|0|0|4|4|1|0|3|0|0|0|0|0|0|0|0|0|0|0|0|0|0|0|0|0|0|0|0|0|0|0|0|0|0|0|0|0|0|0|0|0|0|0|0|0|0|0|0|0|0|0|0|0|0|0|0|0|0|0|0|0|0|0|0|0|0|55|0|55|51|51|0|0|0|0|0|4|4|1|0|3|0|0|0|0|0|0|0|0|0|0|0|0|0|0|0|0|0|0|0|0|0|0|0|0|0|0|0|0|0|0|0|0|0|0|0|0|0|0|0|0|0|0|0|0|0|0|0|0|0|0|0|0|0|0|0|0|0|0
DHCST|NY|000|05|0213156|59|59|59|0|0|59|44|0|2|0|0|6|7|59|49|10|59|49|42|0|2|0|0|0|5|10|2|0|0|0|0|6|2|66|51|1|3|1|0|10|66|54|47|1|3|1|0|2|12|4|0|0|0|0|8|59|52|44|0|2|0|0|6|7|7|1|1|1|0|4|0|0|0|0|0|0|0|0|0|0|0|0|0|0|0|0|0|0|0|0|0|0|0|0|0|0|0|0|0|0|0|0|0|0|0|0|0|0|0|0|0|0|0|0|0|0|0|0|0|0|0|0|0|0|0|0|59|10|49|44|42|0|2|0|0|0|5|5|1|1|1|0|2|0|0|0|0|0|0|0|0|0|0|0|0|0|0|0|0|0|0|0|0|0|0|0|0|0|0|0|0|0|0|0|0|0|0|0|0|0|0|0|0|0|0|0|0|0|0|0|0|0|0|0|0|0|0|0|0
DHCST|NY|000|05|0213157|49|49|49|0|0|49|36|1|0|2|0|0|10|49|45|4|49|45|33|0|0|2|0|0|10|4|3|1|0|0|0|0|0|60|46|4|6|3|0|1|60|56|43|3|6|3|0|1|4|3|1|0|0|0|0|49|39|36|1|0|2|0|0|10|9|3|6|0|0|0|0|0|0|0|0|0|0|0|0|0|1|0|0|0|0|0|0|0|0|1|0|0|0|0|0|0|0|0|0|0|0|0|0|0|0|0|0|0|0|0|0|0|0|0|0|0|0|0|0|0|0|0|0|0|0|0|49|4|45|35|33|0|0|2|0|0|10|9|3|6|0|0|0|0|0|0|0|0|0|0|0|0|0|1|0|0|0|0|0|0|0|0|1|0|0|0|0|0|0|0|0|0|0|0|0|0|0|0|0|0|0|0|0|0|0|0|0|0|0|0|0|0|0|0|0|0|0|0|0
DHCST|NY|000|05|0213158|34|34|34|0|0|34|30|4|0|0|0|0|0|34|34|0|34|34|30|4|0|0|0|0|0|0|0|0|0|0|0|0|0|34|30|4|0|0|0|0|34|34|30|4|0|0|0|0|0|0|0|0|0|0|0|34|34|30|4|0|0|0|0|0|0|0|0|0|0|0|0|0|0|0|0|0|0|0|0|0|0|0|0|0|0|0|0|0|0|0|0|0|0|0|0|0|0|0|0|0|0|0|0|0|0|0|0|0|0|0|0|0|0|0|0|0|0|0|0|0|0|0|0|0|0|0|34|0|34|34|30|4|0|0|0|0|0|0|0|0|0|0|0|0|0|0|0|0|0|0|0|0|0|0|0|0|0|0|0|0|0|0|0|0|0|0|0|0|0|0|0|0|0|0|0|0|0|0|0|0|0|0|0|0|0|0|0|0|0|0|0|0|0|0|0|0|0|0|0
DHCST|NY|000|05|0213159|43|43|43|0|0|43|31|6|0|0|0|1|5|43|42|1|43|42|31|6|0|0|0|0|5|1|0|0|0|0|0|1|0|48|36|6|5|0|0|1|48|47|36|6|5|0|0|0|1|0|0|0|0|0|1|43|38|31|6|0|0|0|1|5|5|0|5|0|0|0|0|0|0|0|0|0|0|0|0|0|0|0|0|0|0|0|0|0|0|0|0|0|0|0|0|0|0|0|0|0|0|0|0|0|0|0|0|0|0|0|0|0|0|0|0|0|0|0|0|0|0|0|0|0|0|0|43|1|42|37|31|6|0|0|0|0|5|5|0|5|0|0|0|0|0|0|0|0|0|0|0|0|0|0|0|0|0|0|0|0|0|0|0|0|0|0|0|0|0|0|0|0|0|0|0|0|0|0|0|0|0|0|0|0|0|0|0|0|0|0|0|0|0|0|0|0|0|0|0
DHCST|NY|000|05|0213160|180|180|180|0|0|180|150|15|0|4|0|0|11|180|167|13|180|167|144|15|0|4|0|0|4|13|6|0|0|0|0|0|7|192|161|16|0|4|0|11|192|171|148|15|0|4|0|4|21|13|1|0|0|0|7|180|169|150|15|0|4|0|0|11|10|0|0|0|0|10|0|0|0|0|0|0|0|0|0|0|1|0|0|0|1|0|0|0|0|0|0|0|0|0|0|0|0|0|0|0|0|0|0|0|0|0|0|0|0|0|0|0|0|0|0|0|0|0|0|0|0|0|0|0|0|0|180|13|167|163|144|15|0|4|0|0|4|4|0|0|0|0|4|0|0|0|0|0|0|0|0|0|0|0|0|0|0|0|0|0|0|0|0|0|0|0|0|0|0|0|0|0|0|0|0|0|0|0|0|0|0|0|0|0|0|0|0|0|0|0|0|0|0|0|0|0|0|0|0
DHCST|NY|000|05|0213161|209|209|209|0|0|209|191|8|2|0|0|0|8|209|208|1|209|208|190|8|2|0|0|0|8|1|1|0|0|0|0|0|0|217|199|8|7|1|0|2|217|216|198|8|7|1|0|2|1|1|0|0|0|0|0|209|201|191|8|2|0|0|0|8|8|0|5|1|0|2|0|0|0|0|0|0|0|0|0|0|0|0|0|0|0|0|0|0|0|0|0|0|0|0|0|0|0|0|0|0|0|0|0|0|0|0|0|0|0|0|0|0|0|0|0|0|0|0|0|0|0|0|0|0|0|0|209|1|208|200|190|8|2|0|0|0|8|8|0|5|1|0|2|0|0|0|0|0|0|0|0|0|0|0|0|0|0|0|0|0|0|0|0|0|0|0|0|0|0|0|0|0|0|0|0|0|0|0|0|0|0|0|0|0|0|0|0|0|0|0|0|0|0|0|0|0|0|0|0
DHCST|NY|000|05|0213162|188|188|188|0|0|188|167|14|2|2|0|0|3|188|176|12|188|176|158|11|2|2|0|0|3|12|9|3|0|0|0|0|0|194|170|17|4|3|0|0|194|182|161|14|4|3|0|0|12|9|3|0|0|0|0|188|185|167|14|2|2|0|0|3|0|0|0|0|0|0|0|0|0|0|0|0|0|0|0|0|3|2|1|0|0|0|0|0|0|0|0|0|0|0|0|0|0|0|0|0|0|0|0|0|0|0|0|0|0|0|0|0|0|0|0|0|0|0|0|0|0|0|0|0|0|0|188|12|176|173|158|11|2|2|0|0|3|0|0|0|0|0|0|0|0|0|0|0|0|0|0|0|0|3|2|1|0|0|0|0|0|0|0|0|0|0|0|0|0|0|0|0|0|0|0|0|0|0|0|0|0|0|0|0|0|0|0|0|0|0|0|0|0|0|0|0|0|0|0
DHCST|NY|000|05|0213163|140|140|140|0|0|140|131|3|2|0|0|0|4|140|140|0|140|140|131|3|2|0|0|0|4|0|0|0|0|0|0|0|0|144|135|3|2|3|0|1|144|144|135|3|2|3|0|1|0|0|0|0|0|0|0|140|136|131|3|2|0|0|0|4|4|0|0|3|0|1|0|0|0|0|0|0|0|0|0|0|0|0|0|0|0|0|0|0|0|0|0|0|0|0|0|0|0|0|0|0|0|0|0|0|0|0|0|0|0|0|0|0|0|0|0|0|0|0|0|0|0|0|0|0|0|0|140|0|140|136|131|3|2|0|0|0|4|4|0|0|3|0|1|0|0|0|0|0|0|0|0|0|0|0|0|0|0|0|0|0|0|0|0|0|0|0|0|0|0|0|0|0|0|0|0|0|0|0|0|0|0|0|0|0|0|0|0|0|0|0|0|0|0|0|0|0|0|0|0
DHCST|NY|000|05|0213164|112|112|112|0|0|112|104|0|0|1|0|1|6|112|111|1|112|111|104|0|0|1|0|0|6|1|0|0|0|0|0|1|0|118|110|0|1|1|0|6|118|117|110|0|1|1|0|5|1|0|0|0|0|0|1|112|106|104|0|0|1|0|1|6|6|0|1|0|0|5|0|0|0|0|0|0|0|0|0|0|0|0|0|0|0|0|0|0|0|0|0|0|0|0|0|0|0|0|0|0|0|0|0|0|0|0|0|0|0|0|0|0|0|0|0|0|0|0|0|0|0|0|0|0|0|0|112|1|111|105|104|0|0|1|0|0|6|6|0|1|0|0|5|0|0|0|0|0|0|0|0|0|0|0|0|0|0|0|0|0|0|0|0|0|0|0|0|0|0|0|0|0|0|0|0|0|0|0|0|0|0|0|0|0|0|0|0|0|0|0|0|0|0|0|0|0|0|0|0
DHCST|NY|000|05|0213165|149|149|149|0|0|149|122|17|2|0|0|0|8|149|145|4|149|145|122|17|0|0|0|0|6|4|0|0|2|0|0|0|2|161|129|20|5|3|2|2|161|154|127|20|2|3|2|0|7|2|0|3|0|0|2|149|141|122|17|2|0|0|0|8|4|1|0|1|0|1|1|0|0|0|0|0|0|0|0|0|4|1|0|0|0|0|0|1|2|0|0|0|0|0|0|0|0|0|0|0|0|0|0|0|0|0|0|0|0|0|0|0|0|0|0|0|0|0|0|0|0|0|0|0|0|0|149|4|145|139|122|17|0|0|0|0|6|3|1|0|1|0|0|1|0|0|0|0|0|0|0|0|0|3|1|0|0|0|0|0|0|2|0|0|0|0|0|0|0|0|0|0|0|0|0|0|0|0|0|0|0|0|0|0|0|0|0|0|0|0|0|0|0|0|0|0|0|0|0
DHCST|NY|000|05|0213166|128|128|128|0|0|128|100|12|4|2|0|8|2|128|117|11|128|117|98|12|4|2|0|0|1|11|2|0|0|0|0|8|1|130|101|13|4|2|0|10|130|118|99|12|4|2|0|1|12|2|1|0|0|0|9|128|126|100|12|4|2|0|8|2|2|0|0|0|0|1|0|0|0|1|0|0|0|0|0|0|0|0|0|0|0|0|0|0|0|0|0|0|0|0|0|0|0|0|0|0|0|0|0|0|0|0|0|0|0|0|0|0|0|0|0|0|0|0|0|0|0|0|0|0|0|0|128|11|117|116|98|12|4|2|0|0|1|1|0|0|0|0|1|0|0|0|0|0|0|0|0|0|0|0|0|0|0|0|0|0|0|0|0|0|0|0|0|0|0|0|0|0|0|0|0|0|0|0|0|0|0|0|0|0|0|0|0|0|0|0|0|0|0|0|0|0|0|0|0
DHCST|NY|000|05|0213167|0|0|0|0|0|0|0|0|0|0|0|0|0|0|0|0|0|0|0|0|0|0|0|0|0|0|0|0|0|0|0|0|0|0|0|0|0|0|0|0|0|0|0|0|0|0|0|0|0|0|0|0|0|0|0|0|0|0|0|0|0|0|0|0|0|0|0|0|0|0|0|0|0|0|0|0|0|0|0|0|0|0|0|0|0|0|0|0|0|0|0|0|0|0|0|0|0|0|0|0|0|0|0|0|0|0|0|0|0|0|0|0|0|0|0|0|0|0|0|0|0|0|0|0|0|0|0|0|0|0|0|0|0|0|0|0|0|0|0|0|0|0|0|0|0|0|0|0|0|0|0|0|0|0|0|0|0|0|0|0|0|0|0|0|0|0|0|0|0|0|0|0|0|0|0|0|0|0|0|0|0|0|0|0|0|0|0|0|0|0|0|0|0|0|0|0|0|0|0
DHCST|NY|000|05|0213168|23|23|23|0|0|23|5|11|0|0|0|0|7|23|17|6|23|17|2|8|0|0|0|0|7|6|3|3|0|0|0|0|0|31|10|16|2|1|1|1|31|25|7|13|2|1|1|1|6|3|3|0|0|0|0|23|16|5|11|0|0|0|0|7|6|3|0|1|0|0|2|0|0|0|0|0|0|0|0|0|1|0|0|0|0|0|0|0|0|0|1|0|0|0|0|0|0|0|0|0|0|0|0|0|0|0|0|0|0|0|0|0|0|0|0|0|0|0|0|0|0|0|0|0|0|0|23|6|17|10|2|8|0|0|0|0|7|6|3|0|1|0|0|2|0|0|0|0|0|0|0|0|0|1|0|0|0|0|0|0|0|0|0|1|0|0|0|0|0|0|0|0|0|0|0|0|0|0|0|0|0|0|0|0|0|0|0|0|0|0|0|0|0|0|0|0|0|0|0
DHCST|NY|000|05|0213169|0|0|0|0|0|0|0|0|0|0|0|0|0|0|0|0|0|0|0|0|0|0|0|0|0|0|0|0|0|0|0|0|0|0|0|0|0|0|0|0|0|0|0|0|0|0|0|0|0|0|0|0|0|0|0|0|0|0|0|0|0|0|0|0|0|0|0|0|0|0|0|0|0|0|0|0|0|0|0|0|0|0|0|0|0|0|0|0|0|0|0|0|0|0|0|0|0|0|0|0|0|0|0|0|0|0|0|0|0|0|0|0|0|0|0|0|0|0|0|0|0|0|0|0|0|0|0|0|0|0|0|0|0|0|0|0|0|0|0|0|0|0|0|0|0|0|0|0|0|0|0|0|0|0|0|0|0|0|0|0|0|0|0|0|0|0|0|0|0|0|0|0|0|0|0|0|0|0|0|0|0|0|0|0|0|0|0|0|0|0|0|0|0|0|0|0|0|0|0
DHCST|NY|000|05|0213170|0|0|0|0|0|0|0|0|0|0|0|0|0|0|0|0|0|0|0|0|0|0|0|0|0|0|0|0|0|0|0|0|0|0|0|0|0|0|0|0|0|0|0|0|0|0|0|0|0|0|0|0|0|0|0|0|0|0|0|0|0|0|0|0|0|0|0|0|0|0|0|0|0|0|0|0|0|0|0|0|0|0|0|0|0|0|0|0|0|0|0|0|0|0|0|0|0|0|0|0|0|0|0|0|0|0|0|0|0|0|0|0|0|0|0|0|0|0|0|0|0|0|0|0|0|0|0|0|0|0|0|0|0|0|0|0|0|0|0|0|0|0|0|0|0|0|0|0|0|0|0|0|0|0|0|0|0|0|0|0|0|0|0|0|0|0|0|0|0|0|0|0|0|0|0|0|0|0|0|0|0|0|0|0|0|0|0|0|0|0|0|0|0|0|0|0|0|0|0
DHCST|NY|000|05|0213171|0|0|0|0|0|0|0|0|0|0|0|0|0|0|0|0|0|0|0|0|0|0|0|0|0|0|0|0|0|0|0|0|0|0|0|0|0|0|0|0|0|0|0|0|0|0|0|0|0|0|0|0|0|0|0|0|0|0|0|0|0|0|0|0|0|0|0|0|0|0|0|0|0|0|0|0|0|0|0|0|0|0|0|0|0|0|0|0|0|0|0|0|0|0|0|0|0|0|0|0|0|0|0|0|0|0|0|0|0|0|0|0|0|0|0|0|0|0|0|0|0|0|0|0|0|0|0|0|0|0|0|0|0|0|0|0|0|0|0|0|0|0|0|0|0|0|0|0|0|0|0|0|0|0|0|0|0|0|0|0|0|0|0|0|0|0|0|0|0|0|0|0|0|0|0|0|0|0|0|0|0|0|0|0|0|0|0|0|0|0|0|0|0|0|0|0|0|0|0
DHCST|NY|000|05|0213172|0|0|0|0|0|0|0|0|0|0|0|0|0|0|0|0|0|0|0|0|0|0|0|0|0|0|0|0|0|0|0|0|0|0|0|0|0|0|0|0|0|0|0|0|0|0|0|0|0|0|0|0|0|0|0|0|0|0|0|0|0|0|0|0|0|0|0|0|0|0|0|0|0|0|0|0|0|0|0|0|0|0|0|0|0|0|0|0|0|0|0|0|0|0|0|0|0|0|0|0|0|0|0|0|0|0|0|0|0|0|0|0|0|0|0|0|0|0|0|0|0|0|0|0|0|0|0|0|0|0|0|0|0|0|0|0|0|0|0|0|0|0|0|0|0|0|0|0|0|0|0|0|0|0|0|0|0|0|0|0|0|0|0|0|0|0|0|0|0|0|0|0|0|0|0|0|0|0|0|0|0|0|0|0|0|0|0|0|0|0|0|0|0|0|0|0|0|0|0
DHCST|NY|000|05|0213173|54|54|54|0|0|54|33|14|0|3|0|4|0|54|46|8|54|46|33|10|0|3|0|0|0|8|0|4|0|0|0|4|0|54|33|14|0|3|0|4|54|46|33|10|0|3|0|0|8|0|4|0|0|0|4|54|54|33|14|0|3|0|4|0|0|0|0|0|0|0|0|0|0|0|0|0|0|0|0|0|0|0|0|0|0|0|0|0|0|0|0|0|0|0|0|0|0|0|0|0|0|0|0|0|0|0|0|0|0|0|0|0|0|0|0|0|0|0|0|0|0|0|0|0|0|0|54|8|46|46|33|10|0|3|0|0|0|0|0|0|0|0|0|0|0|0|0|0|0|0|0|0|0|0|0|0|0|0|0|0|0|0|0|0|0|0|0|0|0|0|0|0|0|0|0|0|0|0|0|0|0|0|0|0|0|0|0|0|0|0|0|0|0|0|0|0|0|0|0
DHCST|NY|000|05|0213174|47|47|47|0|0|47|39|2|0|0|0|5|1|47|41|6|47|41|39|2|0|0|0|0|0|6|0|0|0|0|0|5|1|48|40|2|1|0|0|5|48|41|39|2|0|0|0|0|7|1|0|1|0|0|5|47|46|39|2|0|0|0|5|1|1|0|1|0|0|0|0|0|0|0|0|0|0|0|0|0|0|0|0|0|0|0|0|0|0|0|0|0|0|0|0|0|0|0|0|0|0|0|0|0|0|0|0|0|0|0|0|0|0|0|0|0|0|0|0|0|0|0|0|0|0|0|47|6|41|41|39|2|0|0|0|0|0|0|0|0|0|0|0|0|0|0|0|0|0|0|0|0|0|0|0|0|0|0|0|0|0|0|0|0|0|0|0|0|0|0|0|0|0|0|0|0|0|0|0|0|0|0|0|0|0|0|0|0|0|0|0|0|0|0|0|0|0|0|0
DHCST|NY|000|05|0213175|39|39|39|0|0|39|27|7|0|1|0|0|4|39|37|2|39|37|27|6|0|1|0|0|3|2|0|1|0|0|0|0|1|44|31|8|2|1|0|2|44|40|30|6|2|1|0|1|4|1|2|0|0|0|1|39|35|27|7|0|1|0|0|4|3|0|2|0|0|1|0|0|0|0|0|0|0|0|0|0|1|0|0|0|1|0|0|0|0|0|0|0|0|0|0|0|0|0|0|0|0|0|0|0|0|0|0|0|0|0|0|0|0|0|0|0|0|0|0|0|0|0|0|0|0|0|39|2|37|34|27|6|0|1|0|0|3|3|0|2|0|0|1|0|0|0|0|0|0|0|0|0|0|0|0|0|0|0|0|0|0|0|0|0|0|0|0|0|0|0|0|0|0|0|0|0|0|0|0|0|0|0|0|0|0|0|0|0|0|0|0|0|0|0|0|0|0|0|0
DHCST|NY|000|05|0213176|35|35|35|0|0|35|19|3|0|2|0|4|7|35|26|9|35|26|15|3|0|2|0|0|6|9|4|0|0|0|0|4|1|42|26|6|3|2|0|5|42|32|21|6|3|2|0|0|10|5|0|0|0|0|5|35|28|19|3|0|2|0|4|7|7|3|3|0|0|1|0|0|0|0|0|0|0|0|0|0|0|0|0|0|0|0|0|0|0|0|0|0|0|0|0|0|0|0|0|0|0|0|0|0|0|0|0|0|0|0|0|0|0|0|0|0|0|0|0|0|0|0|0|0|0|0|35|9|26|20|15|3|0|2|0|0|6|6|3|3|0|0|0|0|0|0|0|0|0|0|0|0|0|0|0|0|0|0|0|0|0|0|0|0|0|0|0|0|0|0|0|0|0|0|0|0|0|0|0|0|0|0|0|0|0|0|0|0|0|0|0|0|0|0|0|0|0|0|0
DHCST|NY|000|05|0213177|66|66|66|0|0|66|50|3|2|0|0|2|9|66|61|5|66|61|49|3|2|0|0|0|7|5|1|0|0|0|0|2|2|75|59|7|5|0|0|4|75|68|56|7|5|0|0|0|7|3|0|0|0|0|4|66|57|50|3|2|0|0|2|9|9|4|3|0|0|2|0|0|0|0|0|0|0|0|0|0|0|0|0|0|0|0|0|0|0|0|0|0|0|0|0|0|0|0|0|0|0|0|0|0|0|0|0|0|0|0|0|0|0|0|0|0|0|0|0|0|0|0|0|0|0|0|66|5|61|54|49|3|2|0|0|0|7|7|4|3|0|0|0|0|0|0|0|0|0|0|0|0|0|0|0|0|0|0|0|0|0|0|0|0|0|0|0|0|0|0|0|0|0|0|0|0|0|0|0|0|0|0|0|0|0|0|0|0|0|0|0|0|0|0|0|0|0|0|0
DHCST|NY|000|05|0213178|50|50|50|0|0|50|42|6|0|0|0|0|2|50|47|3|50|47|40|5|0|0|0|0|2|3|2|1|0|0|0|0|0|54|44|8|1|1|0|0|54|51|42|7|1|1|0|0|3|2|1|0|0|0|0|50|48|42|6|0|0|0|0|2|0|0|0|0|0|0|0|0|0|0|0|0|0|0|0|0|2|1|1|0|0|0|0|0|0|0|0|0|0|0|0|0|0|0|0|0|0|0|0|0|0|0|0|0|0|0|0|0|0|0|0|0|0|0|0|0|0|0|0|0|0|0|50|3|47|45|40|5|0|0|0|0|2|0|0|0|0|0|0|0|0|0|0|0|0|0|0|0|0|2|1|1|0|0|0|0|0|0|0|0|0|0|0|0|0|0|0|0|0|0|0|0|0|0|0|0|0|0|0|0|0|0|0|0|0|0|0|0|0|0|0|0|0|0|0
DHCST|NY|000|05|0213179|82|82|82|0|0|82|64|12|0|1|0|0|5|82|79|3|82|79|64|11|0|1|0|0|3|3|0|1|0|0|0|0|2|88|69|13|2|2|1|1|88|82|67|12|1|1|1|0|6|2|1|1|1|0|1|82|77|64|12|0|1|0|0|5|4|1|1|0|1|1|0|0|0|0|0|0|0|0|0|0|1|0|0|0|0|1|0|0|0|0|0|0|0|0|0|0|0|0|0|0|0|0|0|0|0|0|0|0|0|0|0|0|0|0|0|0|0|0|0|0|0|0|0|0|0|0|82|3|79|76|64|11|0|1|0|0|3|3|1|1|0|1|0|0|0|0|0|0|0|0|0|0|0|0|0|0|0|0|0|0|0|0|0|0|0|0|0|0|0|0|0|0|0|0|0|0|0|0|0|0|0|0|0|0|0|0|0|0|0|0|0|0|0|0|0|0|0|0|0
DHCST|NY|000|05|0213180|47|47|47|0|0|47|30|2|7|2|0|2|4|47|41|6|47|41|30|2|7|2|0|0|0|6|0|0|0|0|0|2|4|51|33|3|7|2|0|6|51|41|30|2|7|2|0|0|10|3|1|0|0|0|6|47|43|30|2|7|2|0|2|4|4|0|0|0|0|3|0|0|0|1|0|0|0|0|0|0|0|0|0|0|0|0|0|0|0|0|0|0|0|0|0|0|0|0|0|0|0|0|0|0|0|0|0|0|0|0|0|0|0|0|0|0|0|0|0|0|0|0|0|0|0|0|47|6|41|41|30|2|7|2|0|0|0|0|0|0|0|0|0|0|0|0|0|0|0|0|0|0|0|0|0|0|0|0|0|0|0|0|0|0|0|0|0|0|0|0|0|0|0|0|0|0|0|0|0|0|0|0|0|0|0|0|0|0|0|0|0|0|0|0|0|0|0|0|0
DHCST|NY|000|05|0213181|158|158|158|0|0|158|118|22|2|0|0|6|10|158|120|38|158|120|101|12|2|0|0|1|4|38|17|10|0|0|0|5|6|171|128|26|7|0|0|10|171|124|105|15|3|0|0|1|47|23|11|4|0|0|9|158|148|118|22|2|0|0|6|10|7|3|2|0|0|2|0|0|0|0|0|0|0|0|0|0|3|1|0|0|0|0|0|2|0|0|0|0|0|0|0|0|0|0|0|0|0|0|0|0|0|0|0|0|0|0|0|0|0|0|0|0|0|0|0|0|0|0|0|0|0|0|158|38|120|116|101|12|2|0|0|1|4|4|3|1|0|0|0|0|0|0|0|0|0|0|0|0|0|0|0|0|0|0|0|0|0|0|0|0|0|0|0|0|0|0|0|0|0|0|0|0|0|0|0|0|0|0|0|0|0|0|0|0|0|0|0|0|0|0|0|0|0|0|0
DHCST|NY|000|05|0213182|83|83|83|0|0|83|64|10|0|2|0|4|3|83|72|11|83|72|62|7|0|2|0|0|1|11|2|3|0|0|0|4|2|86|67|10|1|2|0|6|86|73|63|7|1|2|0|0|13|4|3|0|0|0|6|83|80|64|10|0|2|0|4|3|3|0|1|0|0|2|0|0|0|0|0|0|0|0|0|0|0|0|0|0|0|0|0|0|0|0|0|0|0|0|0|0|0|0|0|0|0|0|0|0|0|0|0|0|0|0|0|0|0|0|0|0|0|0|0|0|0|0|0|0|0|0|83|11|72|71|62|7|0|2|0|0|1|1|0|1|0|0|0|0|0|0|0|0|0|0|0|0|0|0|0|0|0|0|0|0|0|0|0|0|0|0|0|0|0|0|0|0|0|0|0|0|0|0|0|0|0|0|0|0|0|0|0|0|0|0|0|0|0|0|0|0|0|0|0
DHCST|NY|000|05|0213183|51|51|51|0|0|51|43|8|0|0|0|0|0|51|50|1|51|50|43|7|0|0|0|0|0|1|0|1|0|0|0|0|0|51|43|8|0|0|0|0|51|50|43|7|0|0|0|0|1|0|1|0|0|0|0|51|51|43|8|0|0|0|0|0|0|0|0|0|0|0|0|0|0|0|0|0|0|0|0|0|0|0|0|0|0|0|0|0|0|0|0|0|0|0|0|0|0|0|0|0|0|0|0|0|0|0|0|0|0|0|0|0|0|0|0|0|0|0|0|0|0|0|0|0|0|0|51|1|50|50|43|7|0|0|0|0|0|0|0|0|0|0|0|0|0|0|0|0|0|0|0|0|0|0|0|0|0|0|0|0|0|0|0|0|0|0|0|0|0|0|0|0|0|0|0|0|0|0|0|0|0|0|0|0|0|0|0|0|0|0|0|0|0|0|0|0|0|0|0
DHCST|NY|000|05|0213184|88|88|88|0|0|88|71|8|0|1|0|4|4|88|82|6|88|82|71|8|0|1|0|0|2|6|0|0|0|0|0|4|2|93|75|12|1|1|0|4|93|85|73|10|1|1|0|0|8|2|2|0|0|0|4|88|84|71|8|0|1|0|4|4|3|3|0|0|0|0|0|0|0|0|0|0|0|0|0|0|1|1|0|0|0|0|0|0|0|0|0|0|0|0|0|0|0|0|0|0|0|0|0|0|0|0|0|0|0|0|0|0|0|0|0|0|0|0|0|0|0|0|0|0|0|0|88|6|82|80|71|8|0|1|0|0|2|1|1|0|0|0|0|0|0|0|0|0|0|0|0|0|0|1|1|0|0|0|0|0|0|0|0|0|0|0|0|0|0|0|0|0|0|0|0|0|0|0|0|0|0|0|0|0|0|0|0|0|0|0|0|0|0|0|0|0|0|0|0
DHCST|NY|000|05|0213185|0|0|0|0|0|0|0|0|0|0|0|0|0|0|0|0|0|0|0|0|0|0|0|0|0|0|0|0|0|0|0|0|0|0|0|0|0|0|0|0|0|0|0|0|0|0|0|0|0|0|0|0|0|0|0|0|0|0|0|0|0|0|0|0|0|0|0|0|0|0|0|0|0|0|0|0|0|0|0|0|0|0|0|0|0|0|0|0|0|0|0|0|0|0|0|0|0|0|0|0|0|0|0|0|0|0|0|0|0|0|0|0|0|0|0|0|0|0|0|0|0|0|0|0|0|0|0|0|0|0|0|0|0|0|0|0|0|0|0|0|0|0|0|0|0|0|0|0|0|0|0|0|0|0|0|0|0|0|0|0|0|0|0|0|0|0|0|0|0|0|0|0|0|0|0|0|0|0|0|0|0|0|0|0|0|0|0|0|0|0|0|0|0|0|0|0|0|0|0
DHCST|NY|000|05|0213186|31|31|31|0|0|31|21|3|0|0|0|1|6|31|28|3|31|28|21|3|0|0|0|0|4|3|0|0|0|0|0|1|2|37|27|6|2|0|0|2|37|32|25|4|2|0|0|1|5|2|2|0|0|0|1|31|25|21|3|0|0|0|1|6|6|3|2|0|0|1|0|0|0|0|0|0|0|0|0|0|0|0|0|0|0|0|0|0|0|0|0|0|0|0|0|0|0|0|0|0|0|0|0|0|0|0|0|0|0|0|0|0|0|0|0|0|0|0|0|0|0|0|0|0|0|0|31|3|28|24|21|3|0|0|0|0|4|4|1|2|0|0|1|0|0|0|0|0|0|0|0|0|0|0|0|0|0|0|0|0|0|0|0|0|0|0|0|0|0|0|0|0|0|0|0|0|0|0|0|0|0|0|0|0|0|0|0|0|0|0|0|0|0|0|0|0|0|0|0
DHCST|NY|000|05|0213187|25|25|25|0|0|25|10|0|2|0|0|7|6|25|17|8|25|17|10|0|2|0|0|0|5|8|0|0|0|0|0|7|1|31|16|5|2|1|0|7|31|22|15|4|2|1|0|0|9|1|1|0|0|0|7|25|19|10|0|2|0|0|7|6|6|5|0|1|0|0|0|0|0|0|0|0|0|0|0|0|0|0|0|0|0|0|0|0|0|0|0|0|0|0|0|0|0|0|0|0|0|0|0|0|0|0|0|0|0|0|0|0|0|0|0|0|0|0|0|0|0|0|0|0|0|0|25|8|17|12|10|0|2|0|0|0|5|5|4|0|1|0|0|0|0|0|0|0|0|0|0|0|0|0|0|0|0|0|0|0|0|0|0|0|0|0|0|0|0|0|0|0|0|0|0|0|0|0|0|0|0|0|0|0|0|0|0|0|0|0|0|0|0|0|0|0|0|0|0
DHCST|NY|000|05|0213188|0|0|0|0|0|0|0|0|0|0|0|0|0|0|0|0|0|0|0|0|0|0|0|0|0|0|0|0|0|0|0|0|0|0|0|0|0|0|0|0|0|0|0|0|0|0|0|0|0|0|0|0|0|0|0|0|0|0|0|0|0|0|0|0|0|0|0|0|0|0|0|0|0|0|0|0|0|0|0|0|0|0|0|0|0|0|0|0|0|0|0|0|0|0|0|0|0|0|0|0|0|0|0|0|0|0|0|0|0|0|0|0|0|0|0|0|0|0|0|0|0|0|0|0|0|0|0|0|0|0|0|0|0|0|0|0|0|0|0|0|0|0|0|0|0|0|0|0|0|0|0|0|0|0|0|0|0|0|0|0|0|0|0|0|0|0|0|0|0|0|0|0|0|0|0|0|0|0|0|0|0|0|0|0|0|0|0|0|0|0|0|0|0|0|0|0|0|0|0
DHCST|NY|000|05|0213189|47|47|47|0|0|47|41|0|0|0|0|0|6|47|45|2|47|45|39|0|0|0|0|0|6|2|2|0|0|0|0|0|0|53|47|3|2|1|0|0|53|51|45|3|2|1|0|0|2|2|0|0|0|0|0|47|41|41|0|0|0|0|0|6|6|3|2|1|0|0|0|0|0|0|0|0|0|0|0|0|0|0|0|0|0|0|0|0|0|0|0|0|0|0|0|0|0|0|0|0|0|0|0|0|0|0|0|0|0|0|0|0|0|0|0|0|0|0|0|0|0|0|0|0|0|0|47|2|45|39|39|0|0|0|0|0|6|6|3|2|1|0|0|0|0|0|0|0|0|0|0|0|0|0|0|0|0|0|0|0|0|0|0|0|0|0|0|0|0|0|0|0|0|0|0|0|0|0|0|0|0|0|0|0|0|0|0|0|0|0|0|0|0|0|0|0|0|0|0
DHCST|NY|000|05|0213190|7|7|7|0|0|7|0|2|0|0|0|0|5|7|6|1|7|6|0|2|0|0|0|0|4|1|0|0|0|0|0|0|1|12|5|5|0|1|0|1|12|10|4|5|0|1|0|0|2|1|0|0|0|0|1|7|2|0|2|0|0|0|0|5|5|3|0|1|0|1|0|0|0|0|0|0|0|0|0|0|0|0|0|0|0|0|0|0|0|0|0|0|0|0|0|0|0|0|0|0|0|0|0|0|0|0|0|0|0|0|0|0|0|0|0|0|0|0|0|0|0|0|0|0|0|0|7|1|6|2|0|2|0|0|0|0|4|4|3|0|1|0|0|0|0|0|0|0|0|0|0|0|0|0|0|0|0|0|0|0|0|0|0|0|0|0|0|0|0|0|0|0|0|0|0|0|0|0|0|0|0|0|0|0|0|0|0|0|0|0|0|0|0|0|0|0|0|0|0
DHCST|NY|000|05|0213191|0|0|0|0|0|0|0|0|0|0|0|0|0|0|0|0|0|0|0|0|0|0|0|0|0|0|0|0|0|0|0|0|0|0|0|0|0|0|0|0|0|0|0|0|0|0|0|0|0|0|0|0|0|0|0|0|0|0|0|0|0|0|0|0|0|0|0|0|0|0|0|0|0|0|0|0|0|0|0|0|0|0|0|0|0|0|0|0|0|0|0|0|0|0|0|0|0|0|0|0|0|0|0|0|0|0|0|0|0|0|0|0|0|0|0|0|0|0|0|0|0|0|0|0|0|0|0|0|0|0|0|0|0|0|0|0|0|0|0|0|0|0|0|0|0|0|0|0|0|0|0|0|0|0|0|0|0|0|0|0|0|0|0|0|0|0|0|0|0|0|0|0|0|0|0|0|0|0|0|0|0|0|0|0|0|0|0|0|0|0|0|0|0|0|0|0|0|0|0
DHCST|NY|000|05|0213192|0|0|0|0|0|0|0|0|0|0|0|0|0|0|0|0|0|0|0|0|0|0|0|0|0|0|0|0|0|0|0|0|0|0|0|0|0|0|0|0|0|0|0|0|0|0|0|0|0|0|0|0|0|0|0|0|0|0|0|0|0|0|0|0|0|0|0|0|0|0|0|0|0|0|0|0|0|0|0|0|0|0|0|0|0|0|0|0|0|0|0|0|0|0|0|0|0|0|0|0|0|0|0|0|0|0|0|0|0|0|0|0|0|0|0|0|0|0|0|0|0|0|0|0|0|0|0|0|0|0|0|0|0|0|0|0|0|0|0|0|0|0|0|0|0|0|0|0|0|0|0|0|0|0|0|0|0|0|0|0|0|0|0|0|0|0|0|0|0|0|0|0|0|0|0|0|0|0|0|0|0|0|0|0|0|0|0|0|0|0|0|0|0|0|0|0|0|0|0
DHCST|NY|000|05|0213193|0|0|0|0|0|0|0|0|0|0|0|0|0|0|0|0|0|0|0|0|0|0|0|0|0|0|0|0|0|0|0|0|0|0|0|0|0|0|0|0|0|0|0|0|0|0|0|0|0|0|0|0|0|0|0|0|0|0|0|0|0|0|0|0|0|0|0|0|0|0|0|0|0|0|0|0|0|0|0|0|0|0|0|0|0|0|0|0|0|0|0|0|0|0|0|0|0|0|0|0|0|0|0|0|0|0|0|0|0|0|0|0|0|0|0|0|0|0|0|0|0|0|0|0|0|0|0|0|0|0|0|0|0|0|0|0|0|0|0|0|0|0|0|0|0|0|0|0|0|0|0|0|0|0|0|0|0|0|0|0|0|0|0|0|0|0|0|0|0|0|0|0|0|0|0|0|0|0|0|0|0|0|0|0|0|0|0|0|0|0|0|0|0|0|0|0|0|0|0
DHCST|NY|000|05|0213194|0|0|0|0|0|0|0|0|0|0|0|0|0|0|0|0|0|0|0|0|0|0|0|0|0|0|0|0|0|0|0|0|0|0|0|0|0|0|0|0|0|0|0|0|0|0|0|0|0|0|0|0|0|0|0|0|0|0|0|0|0|0|0|0|0|0|0|0|0|0|0|0|0|0|0|0|0|0|0|0|0|0|0|0|0|0|0|0|0|0|0|0|0|0|0|0|0|0|0|0|0|0|0|0|0|0|0|0|0|0|0|0|0|0|0|0|0|0|0|0|0|0|0|0|0|0|0|0|0|0|0|0|0|0|0|0|0|0|0|0|0|0|0|0|0|0|0|0|0|0|0|0|0|0|0|0|0|0|0|0|0|0|0|0|0|0|0|0|0|0|0|0|0|0|0|0|0|0|0|0|0|0|0|0|0|0|0|0|0|0|0|0|0|0|0|0|0|0|0
DHCST|NY|000|05|0213195|0|0|0|0|0|0|0|0|0|0|0|0|0|0|0|0|0|0|0|0|0|0|0|0|0|0|0|0|0|0|0|0|0|0|0|0|0|0|0|0|0|0|0|0|0|0|0|0|0|0|0|0|0|0|0|0|0|0|0|0|0|0|0|0|0|0|0|0|0|0|0|0|0|0|0|0|0|0|0|0|0|0|0|0|0|0|0|0|0|0|0|0|0|0|0|0|0|0|0|0|0|0|0|0|0|0|0|0|0|0|0|0|0|0|0|0|0|0|0|0|0|0|0|0|0|0|0|0|0|0|0|0|0|0|0|0|0|0|0|0|0|0|0|0|0|0|0|0|0|0|0|0|0|0|0|0|0|0|0|0|0|0|0|0|0|0|0|0|0|0|0|0|0|0|0|0|0|0|0|0|0|0|0|0|0|0|0|0|0|0|0|0|0|0|0|0|0|0|0
DHCST|NY|000|05|0213196|0|0|0|0|0|0|0|0|0|0|0|0|0|0|0|0|0|0|0|0|0|0|0|0|0|0|0|0|0|0|0|0|0|0|0|0|0|0|0|0|0|0|0|0|0|0|0|0|0|0|0|0|0|0|0|0|0|0|0|0|0|0|0|0|0|0|0|0|0|0|0|0|0|0|0|0|0|0|0|0|0|0|0|0|0|0|0|0|0|0|0|0|0|0|0|0|0|0|0|0|0|0|0|0|0|0|0|0|0|0|0|0|0|0|0|0|0|0|0|0|0|0|0|0|0|0|0|0|0|0|0|0|0|0|0|0|0|0|0|0|0|0|0|0|0|0|0|0|0|0|0|0|0|0|0|0|0|0|0|0|0|0|0|0|0|0|0|0|0|0|0|0|0|0|0|0|0|0|0|0|0|0|0|0|0|0|0|0|0|0|0|0|0|0|0|0|0|0|0
DHCST|NY|000|05|0213197|21|21|21|0|0|21|8|5|0|0|0|3|5|21|3|18|21|3|3|0|0|0|0|0|0|18|5|5|0|0|0|3|5|27|12|6|1|0|0|8|27|3|3|0|0|0|0|0|24|9|6|1|0|0|8|21|16|8|5|0|0|0|3|5|4|0|0|0|0|3|0|0|0|0|0|0|1|0|0|0|1|0|0|0|1|0|0|0|0|0|0|0|0|0|0|0|0|0|0|0|0|0|0|0|0|0|0|0|0|0|0|0|0|0|0|0|0|0|0|0|0|0|0|0|0|0|21|18|3|3|3|0|0|0|0|0|0|0|0|0|0|0|0|0|0|0|0|0|0|0|0|0|0|0|0|0|0|0|0|0|0|0|0|0|0|0|0|0|0|0|0|0|0|0|0|0|0|0|0|0|0|0|0|0|0|0|0|0|0|0|0|0|0|0|0|0|0|0|0
DHCST|NY|000|05|0213198|29|29|29|0|0|29|15|7|0|0|0|2|5|29|21|8|29|21|11|7|0|0|0|0|3|8|4|0|0|0|0|2|2|34|20|9|3|0|0|2|34|24|14|7|3|0|0|0|10|6|2|0|0|0|2|29|24|15|7|0|0|0|2|5|5|2|3|0|0|0|0|0|0|0|0|0|0|0|0|0|0|0|0|0|0|0|0|0|0|0|0|0|0|0|0|0|0|0|0|0|0|0|0|0|0|0|0|0|0|0|0|0|0|0|0|0|0|0|0|0|0|0|0|0|0|0|29|8|21|18|11|7|0|0|0|0|3|3|0|3|0|0|0|0|0|0|0|0|0|0|0|0|0|0|0|0|0|0|0|0|0|0|0|0|0|0|0|0|0|0|0|0|0|0|0|0|0|0|0|0|0|0|0|0|0|0|0|0|0|0|0|0|0|0|0|0|0|0|0
DHCST|NY|000|05|0213199|0|0|0|0|0|0|0|0|0|0|0|0|0|0|0|0|0|0|0|0|0|0|0|0|0|0|0|0|0|0|0|0|0|0|0|0|0|0|0|0|0|0|0|0|0|0|0|0|0|0|0|0|0|0|0|0|0|0|0|0|0|0|0|0|0|0|0|0|0|0|0|0|0|0|0|0|0|0|0|0|0|0|0|0|0|0|0|0|0|0|0|0|0|0|0|0|0|0|0|0|0|0|0|0|0|0|0|0|0|0|0|0|0|0|0|0|0|0|0|0|0|0|0|0|0|0|0|0|0|0|0|0|0|0|0|0|0|0|0|0|0|0|0|0|0|0|0|0|0|0|0|0|0|0|0|0|0|0|0|0|0|0|0|0|0|0|0|0|0|0|0|0|0|0|0|0|0|0|0|0|0|0|0|0|0|0|0|0|0|0|0|0|0|0|0|0|0|0|0
DHCST|NY|000|05|0213200|0|0|0|0|0|0|0|0|0|0|0|0|0|0|0|0|0|0|0|0|0|0|0|0|0|0|0|0|0|0|0|0|0|0|0|0|0|0|0|0|0|0|0|0|0|0|0|0|0|0|0|0|0|0|0|0|0|0|0|0|0|0|0|0|0|0|0|0|0|0|0|0|0|0|0|0|0|0|0|0|0|0|0|0|0|0|0|0|0|0|0|0|0|0|0|0|0|0|0|0|0|0|0|0|0|0|0|0|0|0|0|0|0|0|0|0|0|0|0|0|0|0|0|0|0|0|0|0|0|0|0|0|0|0|0|0|0|0|0|0|0|0|0|0|0|0|0|0|0|0|0|0|0|0|0|0|0|0|0|0|0|0|0|0|0|0|0|0|0|0|0|0|0|0|0|0|0|0|0|0|0|0|0|0|0|0|0|0|0|0|0|0|0|0|0|0|0|0|0
DHCST|NY|000|05|0213201|0|0|0|0|0|0|0|0|0|0|0|0|0|0|0|0|0|0|0|0|0|0|0|0|0|0|0|0|0|0|0|0|0|0|0|0|0|0|0|0|0|0|0|0|0|0|0|0|0|0|0|0|0|0|0|0|0|0|0|0|0|0|0|0|0|0|0|0|0|0|0|0|0|0|0|0|0|0|0|0|0|0|0|0|0|0|0|0|0|0|0|0|0|0|0|0|0|0|0|0|0|0|0|0|0|0|0|0|0|0|0|0|0|0|0|0|0|0|0|0|0|0|0|0|0|0|0|0|0|0|0|0|0|0|0|0|0|0|0|0|0|0|0|0|0|0|0|0|0|0|0|0|0|0|0|0|0|0|0|0|0|0|0|0|0|0|0|0|0|0|0|0|0|0|0|0|0|0|0|0|0|0|0|0|0|0|0|0|0|0|0|0|0|0|0|0|0|0|0
DHCST|NY|000|05|0213202|0|0|0|0|0|0|0|0|0|0|0|0|0|0|0|0|0|0|0|0|0|0|0|0|0|0|0|0|0|0|0|0|0|0|0|0|0|0|0|0|0|0|0|0|0|0|0|0|0|0|0|0|0|0|0|0|0|0|0|0|0|0|0|0|0|0|0|0|0|0|0|0|0|0|0|0|0|0|0|0|0|0|0|0|0|0|0|0|0|0|0|0|0|0|0|0|0|0|0|0|0|0|0|0|0|0|0|0|0|0|0|0|0|0|0|0|0|0|0|0|0|0|0|0|0|0|0|0|0|0|0|0|0|0|0|0|0|0|0|0|0|0|0|0|0|0|0|0|0|0|0|0|0|0|0|0|0|0|0|0|0|0|0|0|0|0|0|0|0|0|0|0|0|0|0|0|0|0|0|0|0|0|0|0|0|0|0|0|0|0|0|0|0|0|0|0|0|0|0
DHCST|NY|000|05|0213203|0|0|0|0|0|0|0|0|0|0|0|0|0|0|0|0|0|0|0|0|0|0|0|0|0|0|0|0|0|0|0|0|0|0|0|0|0|0|0|0|0|0|0|0|0|0|0|0|0|0|0|0|0|0|0|0|0|0|0|0|0|0|0|0|0|0|0|0|0|0|0|0|0|0|0|0|0|0|0|0|0|0|0|0|0|0|0|0|0|0|0|0|0|0|0|0|0|0|0|0|0|0|0|0|0|0|0|0|0|0|0|0|0|0|0|0|0|0|0|0|0|0|0|0|0|0|0|0|0|0|0|0|0|0|0|0|0|0|0|0|0|0|0|0|0|0|0|0|0|0|0|0|0|0|0|0|0|0|0|0|0|0|0|0|0|0|0|0|0|0|0|0|0|0|0|0|0|0|0|0|0|0|0|0|0|0|0|0|0|0|0|0|0|0|0|0|0|0|0
DHCST|NY|000|05|0213204|22|22|22|0|0|22|2|3|1|0|0|6|10|22|11|11|22|11|2|3|1|0|0|0|5|11|0|0|0|0|0|6|5|32|9|6|2|2|0|13|32|16|6|4|2|2|0|2|16|3|2|0|0|0|11|22|12|2|3|1|0|0|6|10|10|0|0|2|0|5|1|0|0|2|0|0|0|0|0|0|0|0|0|0|0|0|0|0|0|0|0|0|0|0|0|0|0|0|0|0|0|0|0|0|0|0|0|0|0|0|0|0|0|0|0|0|0|0|0|0|0|0|0|0|0|0|22|11|11|6|2|3|1|0|0|0|5|5|0|0|2|0|2|1|0|0|0|0|0|0|0|0|0|0|0|0|0|0|0|0|0|0|0|0|0|0|0|0|0|0|0|0|0|0|0|0|0|0|0|0|0|0|0|0|0|0|0|0|0|0|0|0|0|0|0|0|0|0|0
DHCST|NY|000|05|0213205|150|150|150|0|0|150|55|67|0|5|0|15|8|150|136|14|150|136|55|65|0|5|0|5|6|14|0|2|0|0|0|10|2|159|63|74|2|5|0|15|159|143|61|71|1|5|0|5|16|2|3|1|0|0|10|150|142|55|67|0|5|0|15|8|7|6|1|0|0|0|0|0|0|0|0|0|0|0|0|0|1|1|0|0|0|0|0|0|0|0|0|0|0|0|0|0|0|0|0|0|0|0|0|0|0|0|0|0|0|0|0|0|0|0|0|0|0|0|0|0|0|0|0|0|0|0|150|14|136|130|55|65|0|5|0|5|6|5|5|0|0|0|0|0|0|0|0|0|0|0|0|0|0|1|1|0|0|0|0|0|0|0|0|0|0|0|0|0|0|0|0|0|0|0|0|0|0|0|0|0|0|0|0|0|0|0|0|0|0|0|0|0|0|0|0|0|0|0|0
DHCST|NY|000|05|0213206|198|198|198|0|0|198|115|71|0|1|0|7|4|198|182|16|198|182|108|71|0|1|0|0|2|16|7|0|0|0|0|7|2|202|117|73|2|1|0|9|202|184|110|71|2|1|0|0|18|7|2|0|0|0|9|198|194|115|71|0|1|0|7|4|4|0|2|0|0|0|0|0|0|2|0|0|0|0|0|0|0|0|0|0|0|0|0|0|0|0|0|0|0|0|0|0|0|0|0|0|0|0|0|0|0|0|0|0|0|0|0|0|0|0|0|0|0|0|0|0|0|0|0|0|0|0|198|16|182|180|108|71|0|1|0|0|2|2|0|2|0|0|0|0|0|0|0|0|0|0|0|0|0|0|0|0|0|0|0|0|0|0|0|0|0|0|0|0|0|0|0|0|0|0|0|0|0|0|0|0|0|0|0|0|0|0|0|0|0|0|0|0|0|0|0|0|0|0|0
DHCST|NY|000|05|0213207|13|13|13|0|0|13|7|4|0|0|0|0|2|13|10|3|13|10|6|4|0|0|0|0|0|3|1|0|0|0|0|0|2|15|8|5|0|0|0|2|15|10|6|4|0|0|0|0|5|2|1|0|0|0|2|13|11|7|4|0|0|0|0|2|2|0|0|0|0|1|0|0|0|1|0|0|0|0|0|0|0|0|0|0|0|0|0|0|0|0|0|0|0|0|0|0|0|0|0|0|0|0|0|0|0|0|0|0|0|0|0|0|0|0|0|0|0|0|0|0|0|0|0|0|0|0|13|3|10|10|6|4|0|0|0|0|0|0|0|0|0|0|0|0|0|0|0|0|0|0|0|0|0|0|0|0|0|0|0|0|0|0|0|0|0|0|0|0|0|0|0|0|0|0|0|0|0|0|0|0|0|0|0|0|0|0|0|0|0|0|0|0|0|0|0|0|0|0|0
DHCST|NY|000|05|0213208|29|29|29|0|0|29|6|7|1|0|0|3|12|29|21|8|29|21|6|7|1|0|0|0|7|8|0|0|0|0|0|3|5|44|17|16|4|0|0|7|44|28|13|13|1|0|0|1|16|4|3|3|0|0|6|29|17|6|7|1|0|0|3|12|10|6|1|0|0|2|0|0|0|1|0|0|0|0|0|0|1|1|0|0|0|0|0|0|0|0|0|0|0|0|0|0|0|0|0|0|0|1|0|0|1|0|0|0|0|0|0|0|0|0|0|0|0|0|0|0|0|0|0|0|0|0|29|8|21|14|6|7|1|0|0|0|7|7|6|0|0|0|1|0|0|0|0|0|0|0|0|0|0|0|0|0|0|0|0|0|0|0|0|0|0|0|0|0|0|0|0|0|0|0|0|0|0|0|0|0|0|0|0|0|0|0|0|0|0|0|0|0|0|0|0|0|0|0|0
DHCST|NY|000|05|0213209|63|63|63|0|0|63|28|14|4|0|0|6|11|63|45|18|63|45|23|12|4|0|0|0|6|18|5|2|0|0|0|6|5|74|31|21|5|3|2|12|74|51|25|15|5|3|2|1|23|6|6|0|0|0|11|63|52|28|14|4|0|0|6|11|11|2|0|0|0|1|1|0|0|4|0|0|0|2|1|0|0|0|0|0|0|0|0|0|0|0|0|0|0|0|0|0|0|0|0|0|0|0|0|0|0|0|0|0|0|0|0|0|0|0|0|0|0|0|0|0|0|0|0|0|0|0|63|18|45|39|23|12|4|0|0|0|6|6|2|0|0|0|0|1|0|0|0|0|0|0|2|1|0|0|0|0|0|0|0|0|0|0|0|0|0|0|0|0|0|0|0|0|0|0|0|0|0|0|0|0|0|0|0|0|0|0|0|0|0|0|0|0|0|0|0|0|0|0|0
DHCST|NY|000|05|0213210|14|14|14|0|0|14|1|9|0|0|0|0|4|14|11|3|14|11|1|7|0|0|0|0|3|3|0|2|0|0|0|0|1|19|5|12|0|1|0|1|19|14|4|9|0|1|0|0|5|1|3|0|0|0|1|14|10|1|9|0|0|0|0|4|3|2|0|1|0|0|0|0|0|0|0|0|0|0|0|0|1|0|0|0|1|0|0|0|0|0|0|0|0|0|0|0|0|0|0|0|0|0|0|0|0|0|0|0|0|0|0|0|0|0|0|0|0|0|0|0|0|0|0|0|0|0|14|3|11|8|1|7|0|0|0|0|3|3|2|0|1|0|0|0|0|0|0|0|0|0|0|0|0|0|0|0|0|0|0|0|0|0|0|0|0|0|0|0|0|0|0|0|0|0|0|0|0|0|0|0|0|0|0|0|0|0|0|0|0|0|0|0|0|0|0|0|0|0|0
DHCST|NY|000|05|0213211|14|14|14|0|0|14|4|4|1|0|0|0|5|14|6|8|14|6|3|1|0|0|0|0|2|8|1|3|1|0|0|0|3|19|6|7|5|0|0|1|19|8|3|3|2|0|0|0|11|3|4|3|0|0|1|14|9|4|4|1|0|0|0|5|5|0|2|0|0|0|2|0|0|1|0|0|0|0|0|0|0|0|0|0|0|0|0|0|0|0|0|0|0|0|0|0|0|0|0|0|0|0|0|0|0|0|0|0|0|0|0|0|0|0|0|0|0|0|0|0|0|0|0|0|0|0|14|8|6|4|3|1|0|0|0|0|2|2|0|0|0|0|0|2|0|0|0|0|0|0|0|0|0|0|0|0|0|0|0|0|0|0|0|0|0|0|0|0|0|0|0|0|0|0|0|0|0|0|0|0|0|0|0|0|0|0|0|0|0|0|0|0|0|0|0|0|0|0|0
DHCST|NY|000|05|0213212|12|12|12|0|0|12|0|10|0|0|0|0|2|12|8|4|12|8|0|6|0|0|0|0|2|4|0|4|0|0|0|0|0|15|2|12|0|1|0|0|15|11|2|8|0|1|0|0|4|0|4|0|0|0|0|12|10|0|10|0|0|0|0|2|1|1|0|0|0|0|0|0|0|0|0|0|0|0|0|0|1|0|1|0|0|0|0|0|0|0|0|0|0|0|0|0|0|0|0|0|0|0|0|0|0|0|0|0|0|0|0|0|0|0|0|0|0|0|0|0|0|0|0|0|0|0|12|4|8|6|0|6|0|0|0|0|2|1|1|0|0|0|0|0|0|0|0|0|0|0|0|0|0|1|0|1|0|0|0|0|0|0|0|0|0|0|0|0|0|0|0|0|0|0|0|0|0|0|0|0|0|0|0|0|0|0|0|0|0|0|0|0|0|0|0|0|0|0|0
DHCST|NY|000|05|0213213|18|18|18|0|0|18|12|3|0|1|0|0|2|18|15|3|18|15|12|1|0|1|0|0|1|3|0|2|0|0|0|0|1|20|13|4|1|1|0|1|20|16|12|2|1|1|0|0|4|1|2|0|0|0|1|18|16|12|3|0|1|0|0|2|2|0|0|0|0|1|1|0|0|0|0|0|0|0|0|0|0|0|0|0|0|0|0|0|0|0|0|0|0|0|0|0|0|0|0|0|0|0|0|0|0|0|0|0|0|0|0|0|0|0|0|0|0|0|0|0|0|0|0|0|0|0|18|3|15|14|12|1|0|1|0|0|1|1|0|0|0|0|0|1|0|0|0|0|0|0|0|0|0|0|0|0|0|0|0|0|0|0|0|0|0|0|0|0|0|0|0|0|0|0|0|0|0|0|0|0|0|0|0|0|0|0|0|0|0|0|0|0|0|0|0|0|0|0|0
DHCST|NY|000|05|0213214|27|27|27|0|0|27|12|8|3|2|0|1|1|27|23|4|27|23|9|8|3|2|0|0|1|4|3|0|0|0|0|1|0|29|13|9|4|2|0|1|29|25|10|9|4|2|0|0|4|3|0|0|0|0|1|27|26|12|8|3|2|0|1|1|0|0|0|0|0|0|0|0|0|0|0|0|0|0|0|0|1|1|0|0|0|0|0|0|0|0|0|0|0|0|0|0|0|0|0|0|0|0|0|0|0|0|0|0|0|0|0|0|0|0|0|0|0|0|0|0|0|0|0|0|0|0|27|4|23|22|9|8|3|2|0|0|1|0|0|0|0|0|0|0|0|0|0|0|0|0|0|0|0|1|1|0|0|0|0|0|0|0|0|0|0|0|0|0|0|0|0|0|0|0|0|0|0|0|0|0|0|0|0|0|0|0|0|0|0|0|0|0|0|0|0|0|0|0|0
DHCST|NY|000|05|0213215|58|58|58|0|0|58|14|17|0|0|0|10|17|58|18|40|58|18|10|7|0|0|0|0|1|40|4|10|0|0|0|10|16|76|28|21|0|1|0|26|76|20|11|8|0|1|0|0|56|17|13|0|0|0|26|58|41|14|17|0|0|0|10|17|16|0|0|0|0|13|0|0|0|3|0|0|0|0|0|0|1|0|1|0|0|0|0|0|0|0|0|0|0|0|0|0|0|0|0|0|0|0|0|0|0|0|0|0|0|0|0|0|0|0|0|0|0|0|0|0|0|0|0|0|0|0|58|40|18|17|10|7|0|0|0|0|1|0|0|0|0|0|0|0|0|0|0|0|0|0|0|0|0|1|0|1|0|0|0|0|0|0|0|0|0|0|0|0|0|0|0|0|0|0|0|0|0|0|0|0|0|0|0|0|0|0|0|0|0|0|0|0|0|0|0|0|0|0|0
DHCST|NY|000|05|0213216|309|309|309|0|0|309|13|150|0|0|0|98|48|309|141|168|309|141|8|117|0|0|0|0|16|168|5|33|0|0|0|98|32|357|39|193|2|3|0|120|357|157|24|131|0|2|0|0|200|15|62|2|1|0|120|309|261|13|150|0|0|0|98|48|48|23|0|3|0|0|0|0|0|20|0|0|2|0|0|0|0|0|0|0|0|0|0|0|0|0|0|0|0|0|0|0|0|0|0|0|0|0|0|0|0|0|0|0|0|0|0|0|0|0|0|0|0|0|0|0|0|0|0|0|0|0|309|168|141|125|8|117|0|0|0|0|16|16|14|0|2|0|0|0|0|0|0|0|0|0|0|0|0|0|0|0|0|0|0|0|0|0|0|0|0|0|0|0|0|0|0|0|0|0|0|0|0|0|0|0|0|0|0|0|0|0|0|0|0|0|0|0|0|0|0|0|0|0|0
DHCST|NY|000|05|0213217|0|0|0|0|0|0|0|0|0|0|0|0|0|0|0|0|0|0|0|0|0|0|0|0|0|0|0|0|0|0|0|0|0|0|0|0|0|0|0|0|0|0|0|0|0|0|0|0|0|0|0|0|0|0|0|0|0|0|0|0|0|0|0|0|0|0|0|0|0|0|0|0|0|0|0|0|0|0|0|0|0|0|0|0|0|0|0|0|0|0|0|0|0|0|0|0|0|0|0|0|0|0|0|0|0|0|0|0|0|0|0|0|0|0|0|0|0|0|0|0|0|0|0|0|0|0|0|0|0|0|0|0|0|0|0|0|0|0|0|0|0|0|0|0|0|0|0|0|0|0|0|0|0|0|0|0|0|0|0|0|0|0|0|0|0|0|0|0|0|0|0|0|0|0|0|0|0|0|0|0|0|0|0|0|0|0|0|0|0|0|0|0|0|0|0|0|0|0|0
DHCST|NY|000|05|0213218|29|29|29|0|0|29|13|14|0|0|0|0|2|29|27|2|29|27|12|13|0|0|0|0|2|2|1|1|0|0|0|0|0|31|15|15|0|1|0|0|31|29|14|14|0|1|0|0|2|1|1|0|0|0|0|29|27|13|14|0|0|0|0|2|2|1|0|1|0|0|0|0|0|0|0|0|0|0|0|0|0|0|0|0|0|0|0|0|0|0|0|0|0|0|0|0|0|0|0|0|0|0|0|0|0|0|0|0|0|0|0|0|0|0|0|0|0|0|0|0|0|0|0|0|0|0|29|2|27|25|12|13|0|0|0|0|2|2|1|0|1|0|0|0|0|0|0|0|0|0|0|0|0|0|0|0|0|0|0|0|0|0|0|0|0|0|0|0|0|0|0|0|0|0|0|0|0|0|0|0|0|0|0|0|0|0|0|0|0|0|0|0|0|0|0|0|0|0|0
DHCST|NY|000|05|0213219|76|76|76|0|0|76|30|32|0|0|0|4|10|76|69|7|76|69|30|29|0|0|0|1|9|7|0|3|0|0|0|3|1|87|40|42|1|0|0|4|87|78|39|38|0|0|0|1|9|1|4|1|0|0|3|76|66|30|32|0|0|0|4|10|9|9|0|0|0|0|0|0|0|0|0|0|0|0|0|0|1|1|0|0|0|0|0|0|0|0|0|0|0|0|0|0|0|0|0|0|0|0|0|0|0|0|0|0|0|0|0|0|0|0|0|0|0|0|0|0|0|0|0|0|0|0|76|7|69|60|30|29|0|0|0|1|9|9|9|0|0|0|0|0|0|0|0|0|0|0|0|0|0|0|0|0|0|0|0|0|0|0|0|0|0|0|0|0|0|0|0|0|0|0|0|0|0|0|0|0|0|0|0|0|0|0|0|0|0|0|0|0|0|0|0|0|0|0|0
DHCST|NY|000|05|0213220|50|50|50|0|0|50|32|5|2|0|0|1|10|50|35|15|50|35|28|1|0|0|0|0|6|15|4|4|2|0|0|1|4|60|38|13|3|0|0|6|60|41|33|6|1|0|0|1|19|5|7|2|0|0|5|50|40|32|5|2|0|0|1|10|10|5|0|0|0|1|0|0|0|3|0|0|1|0|0|0|0|0|0|0|0|0|0|0|0|0|0|0|0|0|0|0|0|0|0|0|0|0|0|0|0|0|0|0|0|0|0|0|0|0|0|0|0|0|0|0|0|0|0|0|0|0|50|15|35|29|28|1|0|0|0|0|6|6|5|0|0|0|0|0|0|0|0|0|0|1|0|0|0|0|0|0|0|0|0|0|0|0|0|0|0|0|0|0|0|0|0|0|0|0|0|0|0|0|0|0|0|0|0|0|0|0|0|0|0|0|0|0|0|0|0|0|0|0|0
DHCST|NY|000|05|0213221|0|0|0|0|0|0|0|0|0|0|0|0|0|0|0|0|0|0|0|0|0|0|0|0|0|0|0|0|0|0|0|0|0|0|0|0|0|0|0|0|0|0|0|0|0|0|0|0|0|0|0|0|0|0|0|0|0|0|0|0|0|0|0|0|0|0|0|0|0|0|0|0|0|0|0|0|0|0|0|0|0|0|0|0|0|0|0|0|0|0|0|0|0|0|0|0|0|0|0|0|0|0|0|0|0|0|0|0|0|0|0|0|0|0|0|0|0|0|0|0|0|0|0|0|0|0|0|0|0|0|0|0|0|0|0|0|0|0|0|0|0|0|0|0|0|0|0|0|0|0|0|0|0|0|0|0|0|0|0|0|0|0|0|0|0|0|0|0|0|0|0|0|0|0|0|0|0|0|0|0|0|0|0|0|0|0|0|0|0|0|0|0|0|0|0|0|0|0|0
DHCST|NY|000|05|0213222|50|50|50|0|0|50|11|23|0|0|0|15|1|50|28|22|50|28|5|23|0|0|0|0|0|22|6|0|0|0|0|15|1|52|12|24|1|0|0|15|52|28|5|23|0|0|0|0|24|7|1|1|0|0|15|50|49|11|23|0|0|0|15|1|0|0|0|0|0|0|0|0|0|0|0|0|0|0|0|0|1|1|0|0|0|0|0|0|0|0|0|0|0|0|0|0|0|0|0|0|0|0|0|0|0|0|0|0|0|0|0|0|0|0|0|0|0|0|0|0|0|0|0|0|0|0|50|22|28|28|5|23|0|0|0|0|0|0|0|0|0|0|0|0|0|0|0|0|0|0|0|0|0|0|0|0|0|0|0|0|0|0|0|0|0|0|0|0|0|0|0|0|0|0|0|0|0|0|0|0|0|0|0|0|0|0|0|0|0|0|0|0|0|0|0|0|0|0|0
DHCST|NY|000|05|0213223|0|0|0|0|0|0|0|0|0|0|0|0|0|0|0|0|0|0|0|0|0|0|0|0|0|0|0|0|0|0|0|0|0|0|0|0|0|0|0|0|0|0|0|0|0|0|0|0|0|0|0|0|0|0|0|0|0|0|0|0|0|0|0|0|0|0|0|0|0|0|0|0|0|0|0|0|0|0|0|0|0|0|0|0|0|0|0|0|0|0|0|0|0|0|0|0|0|0|0|0|0|0|0|0|0|0|0|0|0|0|0|0|0|0|0|0|0|0|0|0|0|0|0|0|0|0|0|0|0|0|0|0|0|0|0|0|0|0|0|0|0|0|0|0|0|0|0|0|0|0|0|0|0|0|0|0|0|0|0|0|0|0|0|0|0|0|0|0|0|0|0|0|0|0|0|0|0|0|0|0|0|0|0|0|0|0|0|0|0|0|0|0|0|0|0|0|0|0|0
DHCST|NY|000|05|0213224|65|65|65|0|0|65|30|16|0|0|0|1|18|65|52|13|65|52|29|15|0|0|0|0|8|13|1|1|0|0|0|1|10|85|45|25|5|2|0|8|85|60|37|21|0|1|0|1|25|8|4|5|1|0|7|65|47|30|16|0|0|0|1|18|16|7|0|1|0|5|1|0|0|0|0|0|2|0|0|0|2|1|0|0|0|1|0|0|0|0|0|0|0|0|0|0|0|0|0|0|0|0|0|0|0|0|0|0|0|0|0|0|0|0|0|0|0|0|0|0|0|0|0|0|0|0|65|13|52|44|29|15|0|0|0|0|8|8|6|0|1|0|1|0|0|0|0|0|0|0|0|0|0|0|0|0|0|0|0|0|0|0|0|0|0|0|0|0|0|0|0|0|0|0|0|0|0|0|0|0|0|0|0|0|0|0|0|0|0|0|0|0|0|0|0|0|0|0|0
DHCST|NY|000|05|0213225|0|0|0|0|0|0|0|0|0|0|0|0|0|0|0|0|0|0|0|0|0|0|0|0|0|0|0|0|0|0|0|0|0|0|0|0|0|0|0|0|0|0|0|0|0|0|0|0|0|0|0|0|0|0|0|0|0|0|0|0|0|0|0|0|0|0|0|0|0|0|0|0|0|0|0|0|0|0|0|0|0|0|0|0|0|0|0|0|0|0|0|0|0|0|0|0|0|0|0|0|0|0|0|0|0|0|0|0|0|0|0|0|0|0|0|0|0|0|0|0|0|0|0|0|0|0|0|0|0|0|0|0|0|0|0|0|0|0|0|0|0|0|0|0|0|0|0|0|0|0|0|0|0|0|0|0|0|0|0|0|0|0|0|0|0|0|0|0|0|0|0|0|0|0|0|0|0|0|0|0|0|0|0|0|0|0|0|0|0|0|0|0|0|0|0|0|0|0|0
DHCST|NY|000|05|0213226|0|0|0|0|0|0|0|0|0|0|0|0|0|0|0|0|0|0|0|0|0|0|0|0|0|0|0|0|0|0|0|0|0|0|0|0|0|0|0|0|0|0|0|0|0|0|0|0|0|0|0|0|0|0|0|0|0|0|0|0|0|0|0|0|0|0|0|0|0|0|0|0|0|0|0|0|0|0|0|0|0|0|0|0|0|0|0|0|0|0|0|0|0|0|0|0|0|0|0|0|0|0|0|0|0|0|0|0|0|0|0|0|0|0|0|0|0|0|0|0|0|0|0|0|0|0|0|0|0|0|0|0|0|0|0|0|0|0|0|0|0|0|0|0|0|0|0|0|0|0|0|0|0|0|0|0|0|0|0|0|0|0|0|0|0|0|0|0|0|0|0|0|0|0|0|0|0|0|0|0|0|0|0|0|0|0|0|0|0|0|0|0|0|0|0|0|0|0|0
DHCST|NY|000|05|0213227|310|310|310|0|0|310|21|164|3|0|0|99|23|310|160|150|310|160|11|140|3|0|0|0|6|150|10|24|0|0|0|99|17|333|41|170|3|2|0|117|333|166|17|145|3|0|0|1|167|24|25|0|2|0|116|310|287|21|164|3|0|0|99|23|23|5|0|0|0|15|0|0|0|1|0|0|0|0|2|0|0|0|0|0|0|0|0|0|0|0|0|0|0|0|0|0|0|0|0|0|0|0|0|0|0|0|0|0|0|0|0|0|0|0|0|0|0|0|0|0|0|0|0|0|0|0|310|150|160|154|11|140|3|0|0|0|6|6|5|0|0|0|1|0|0|0|0|0|0|0|0|0|0|0|0|0|0|0|0|0|0|0|0|0|0|0|0|0|0|0|0|0|0|0|0|0|0|0|0|0|0|0|0|0|0|0|0|0|0|0|0|0|0|0|0|0|0|0|0
DHCST|NY|000|05|0213228|42|42|42|0|0|42|24|2|4|0|0|4|8|42|23|19|42|23|18|1|3|0|0|1|0|19|6|1|1|0|0|3|8|50|24|9|4|1|0|12|50|23|18|1|3|0|0|1|27|6|8|1|1|0|11|42|34|24|2|4|0|0|4|8|8|0|0|0|0|0|0|0|0|7|0|0|0|0|1|0|0|0|0|0|0|0|0|0|0|0|0|0|0|0|0|0|0|0|0|0|0|0|0|0|0|0|0|0|0|0|0|0|0|0|0|0|0|0|0|0|0|0|0|0|0|0|42|19|23|23|18|1|3|0|0|1|0|0|0|0|0|0|0|0|0|0|0|0|0|0|0|0|0|0|0|0|0|0|0|0|0|0|0|0|0|0|0|0|0|0|0|0|0|0|0|0|0|0|0|0|0|0|0|0|0|0|0|0|0|0|0|0|0|0|0|0|0|0|0
DHCST|NY|000|05|0213229|93|93|93|0|0|93|25|24|0|0|0|18|26|93|46|47|93|46|22|23|0|0|0|0|1|47|3|1|0|0|0|18|25|119|49|27|0|0|0|43|119|47|23|24|0|0|0|0|72|26|3|0|0|0|43|93|67|25|24|0|0|0|18|26|26|1|0|0|0|23|0|0|0|2|0|0|0|0|0|0|0|0|0|0|0|0|0|0|0|0|0|0|0|0|0|0|0|0|0|0|0|0|0|0|0|0|0|0|0|0|0|0|0|0|0|0|0|0|0|0|0|0|0|0|0|0|93|47|46|45|22|23|0|0|0|0|1|1|1|0|0|0|0|0|0|0|0|0|0|0|0|0|0|0|0|0|0|0|0|0|0|0|0|0|0|0|0|0|0|0|0|0|0|0|0|0|0|0|0|0|0|0|0|0|0|0|0|0|0|0|0|0|0|0|0|0|0|0|0
DHCST|NY|000|05|0213230|98|98|98|0|0|98|36|36|1|2|0|12|11|98|72|26|98|72|26|35|0|2|0|0|9|26|10|1|1|0|0|12|2|111|47|46|2|2|0|14|111|81|35|44|0|2|0|0|30|12|2|2|0|0|14|98|87|36|36|1|2|0|12|11|10|9|0|0|0|1|0|0|0|0|0|0|0|0|0|0|0|0|0|0|0|0|0|0|0|0|0|0|0|0|0|0|0|0|0|0|0|1|0|0|1|0|0|0|0|0|0|0|0|0|0|0|0|0|0|0|0|0|0|0|0|0|98|26|72|63|26|35|0|2|0|0|9|9|9|0|0|0|0|0|0|0|0|0|0|0|0|0|0|0|0|0|0|0|0|0|0|0|0|0|0|0|0|0|0|0|0|0|0|0|0|0|0|0|0|0|0|0|0|0|0|0|0|0|0|0|0|0|0|0|0|0|0|0|0
DHCST|NY|000|05|0213231|261|261|261|0|0|261|29|136|7|0|0|49|40|261|150|111|261|150|17|129|1|0|0|0|3|111|12|7|6|0|0|49|37|302|56|151|10|1|1|83|302|154|19|131|2|1|1|0|148|37|20|8|0|0|83|261|221|29|136|7|0|0|49|40|39|2|2|0|0|22|0|0|0|12|0|0|0|1|0|0|1|1|0|0|0|0|0|0|0|0|0|0|0|0|0|0|0|0|0|0|0|0|0|0|0|0|0|0|0|0|0|0|0|0|0|0|0|0|0|0|0|0|0|0|0|0|261|111|150|147|17|129|1|0|0|0|3|2|1|0|0|0|0|0|0|0|0|0|0|0|1|0|0|1|1|0|0|0|0|0|0|0|0|0|0|0|0|0|0|0|0|0|0|0|0|0|0|0|0|0|0|0|0|0|0|0|0|0|0|0|0|0|0|0|0|0|0|0|0
DHCST|NY|000|05|0213232|20|20|20|0|0|20|4|10|0|1|0|1|4|20|7|13|20|7|3|3|0|1|0|0|0|13|1|7|0|0|0|1|4|24|8|11|3|1|0|1|24|7|3|3|0|1|0|0|17|5|8|3|0|0|1|20|16|4|10|0|1|0|1|4|4|1|3|0|0|0|0|0|0|0|0|0|0|0|0|0|0|0|0|0|0|0|0|0|0|0|0|0|0|0|0|0|0|0|0|0|0|0|0|0|0|0|0|0|0|0|0|0|0|0|0|0|0|0|0|0|0|0|0|0|0|0|20|13|7|7|3|3|0|1|0|0|0|0|0|0|0|0|0|0|0|0|0|0|0|0|0|0|0|0|0|0|0|0|0|0|0|0|0|0|0|0|0|0|0|0|0|0|0|0|0|0|0|0|0|0|0|0|0|0|0|0|0|0|0|0|0|0|0|0|0|0|0|0|0
DHCST|NY|000|05|0213233|66|66|66|0|0|66|31|18|0|0|0|11|6|66|49|17|66|49|28|18|0|0|0|0|3|17|3|0|0|0|0|11|3|74|36|21|1|0|0|16|74|52|30|19|1|0|0|2|22|6|2|0|0|0|14|66|60|31|18|0|0|0|11|6|4|0|0|0|0|3|1|0|0|0|0|0|0|0|0|0|2|0|0|0|2|0|0|0|0|0|0|0|0|0|0|0|0|0|0|0|0|0|0|0|0|0|0|0|0|0|0|0|0|0|0|0|0|0|0|0|0|0|0|0|0|0|66|17|49|46|28|18|0|0|0|0|3|3|0|0|0|0|2|1|0|0|0|0|0|0|0|0|0|0|0|0|0|0|0|0|0|0|0|0|0|0|0|0|0|0|0|0|0|0|0|0|0|0|0|0|0|0|0|0|0|0|0|0|0|0|0|0|0|0|0|0|0|0|0
DHCST|NY|000|05|0213234|0|0|0|0|0|0|0|0|0|0|0|0|0|0|0|0|0|0|0|0|0|0|0|0|0|0|0|0|0|0|0|0|0|0|0|0|0|0|0|0|0|0|0|0|0|0|0|0|0|0|0|0|0|0|0|0|0|0|0|0|0|0|0|0|0|0|0|0|0|0|0|0|0|0|0|0|0|0|0|0|0|0|0|0|0|0|0|0|0|0|0|0|0|0|0|0|0|0|0|0|0|0|0|0|0|0|0|0|0|0|0|0|0|0|0|0|0|0|0|0|0|0|0|0|0|0|0|0|0|0|0|0|0|0|0|0|0|0|0|0|0|0|0|0|0|0|0|0|0|0|0|0|0|0|0|0|0|0|0|0|0|0|0|0|0|0|0|0|0|0|0|0|0|0|0|0|0|0|0|0|0|0|0|0|0|0|0|0|0|0|0|0|0|0|0|0|0|0|0
DHCST|NY|000|05|0213235|36|36|36|0|0|36|31|0|0|4|0|1|0|36|35|1|36|35|31|0|0|4|0|0|0|1|0|0|0|0|0|1|0|36|31|0|0|4|0|1|36|35|31|0|0|4|0|0|1|0|0|0|0|0|1|36|36|31|0|0|4|0|1|0|0|0|0|0|0|0|0|0|0|0|0|0|0|0|0|0|0|0|0|0|0|0|0|0|0|0|0|0|0|0|0|0|0|0|0|0|0|0|0|0|0|0|0|0|0|0|0|0|0|0|0|0|0|0|0|0|0|0|0|0|0|0|36|1|35|35|31|0|0|4|0|0|0|0|0|0|0|0|0|0|0|0|0|0|0|0|0|0|0|0|0|0|0|0|0|0|0|0|0|0|0|0|0|0|0|0|0|0|0|0|0|0|0|0|0|0|0|0|0|0|0|0|0|0|0|0|0|0|0|0|0|0|0|0|0
DHCST|NY|000|05|0213236|0|0|0|0|0|0|0|0|0|0|0|0|0|0|0|0|0|0|0|0|0|0|0|0|0|0|0|0|0|0|0|0|0|0|0|0|0|0|0|0|0|0|0|0|0|0|0|0|0|0|0|0|0|0|0|0|0|0|0|0|0|0|0|0|0|0|0|0|0|0|0|0|0|0|0|0|0|0|0|0|0|0|0|0|0|0|0|0|0|0|0|0|0|0|0|0|0|0|0|0|0|0|0|0|0|0|0|0|0|0|0|0|0|0|0|0|0|0|0|0|0|0|0|0|0|0|0|0|0|0|0|0|0|0|0|0|0|0|0|0|0|0|0|0|0|0|0|0|0|0|0|0|0|0|0|0|0|0|0|0|0|0|0|0|0|0|0|0|0|0|0|0|0|0|0|0|0|0|0|0|0|0|0|0|0|0|0|0|0|0|0|0|0|0|0|0|0|0|0
DHCST|NY|000|05|0213237|0|0|0|0|0|0|0|0|0|0|0|0|0|0|0|0|0|0|0|0|0|0|0|0|0|0|0|0|0|0|0|0|0|0|0|0|0|0|0|0|0|0|0|0|0|0|0|0|0|0|0|0|0|0|0|0|0|0|0|0|0|0|0|0|0|0|0|0|0|0|0|0|0|0|0|0|0|0|0|0|0|0|0|0|0|0|0|0|0|0|0|0|0|0|0|0|0|0|0|0|0|0|0|0|0|0|0|0|0|0|0|0|0|0|0|0|0|0|0|0|0|0|0|0|0|0|0|0|0|0|0|0|0|0|0|0|0|0|0|0|0|0|0|0|0|0|0|0|0|0|0|0|0|0|0|0|0|0|0|0|0|0|0|0|0|0|0|0|0|0|0|0|0|0|0|0|0|0|0|0|0|0|0|0|0|0|0|0|0|0|0|0|0|0|0|0|0|0|0
DHCST|NY|000|05|0213238|5|5|5|0|0|5|0|0|0|2|0|0|3|5|5|0|5|5|0|0|0|2|0|0|3|0|0|0|0|0|0|0|0|8|3|0|0|5|0|0|8|8|3|0|0|5|0|0|0|0|0|0|0|0|0|5|2|0|0|0|2|0|0|3|3|0|0|3|0|0|0|0|0|0|0|0|0|0|0|0|0|0|0|0|0|0|0|0|0|0|0|0|0|0|0|0|0|0|0|0|0|0|0|0|0|0|0|0|0|0|0|0|0|0|0|0|0|0|0|0|0|0|0|0|0|0|5|0|5|2|0|0|0|2|0|0|3|3|0|0|3|0|0|0|0|0|0|0|0|0|0|0|0|0|0|0|0|0|0|0|0|0|0|0|0|0|0|0|0|0|0|0|0|0|0|0|0|0|0|0|0|0|0|0|0|0|0|0|0|0|0|0|0|0|0|0|0|0|0
DHCST|NY|000|05|0213239|8|8|8|0|0|8|3|0|0|4|0|0|1|8|7|1|8|7|3|0|0|3|0|0|1|1|0|0|0|1|0|0|0|10|4|1|1|4|0|0|10|9|4|1|1|3|0|0|1|0|0|0|1|0|0|8|7|3|0|0|4|0|0|1|0|0|0|0|0|0|0|0|0|0|0|0|0|0|0|0|1|1|0|0|0|0|0|0|0|0|0|0|0|0|0|0|0|0|0|0|0|0|0|0|0|0|0|0|0|0|0|0|0|0|0|0|0|0|0|0|0|0|0|0|0|0|8|1|7|6|3|0|0|3|0|0|1|0|0|0|0|0|0|0|0|0|0|0|0|0|0|0|0|1|1|0|0|0|0|0|0|0|0|0|0|0|0|0|0|0|0|0|0|0|0|0|0|0|0|0|0|0|0|0|0|0|0|0|0|0|0|0|0|0|0|0|0|0|0
DHCST|NY|000|05|0213240|53|53|53|0|0|53|45|3|0|2|0|1|2|53|52|1|53|52|44|3|0|2|0|1|2|1|1|0|0|0|0|0|0|55|47|3|2|2|0|1|55|54|46|3|2|2|0|1|1|1|0|0|0|0|0|53|51|45|3|0|2|0|1|2|2|0|2|0|0|0|0|0|0|0|0|0|0|0|0|0|0|0|0|0|0|0|0|0|0|0|0|0|0|0|0|0|0|0|0|0|0|0|0|0|0|0|0|0|0|0|0|0|0|0|0|0|0|0|0|0|0|0|0|0|0|0|53|1|52|50|44|3|0|2|0|1|2|2|0|2|0|0|0|0|0|0|0|0|0|0|0|0|0|0|0|0|0|0|0|0|0|0|0|0|0|0|0|0|0|0|0|0|0|0|0|0|0|0|0|0|0|0|0|0|0|0|0|0|0|0|0|0|0|0|0|0|0|0|0
DHCST|NY|000|05|0213241|0|0|0|0|0|0|0|0|0|0|0|0|0|0|0|0|0|0|0|0|0|0|0|0|0|0|0|0|0|0|0|0|0|0|0|0|0|0|0|0|0|0|0|0|0|0|0|0|0|0|0|0|0|0|0|0|0|0|0|0|0|0|0|0|0|0|0|0|0|0|0|0|0|0|0|0|0|0|0|0|0|0|0|0|0|0|0|0|0|0|0|0|0|0|0|0|0|0|0|0|0|0|0|0|0|0|0|0|0|0|0|0|0|0|0|0|0|0|0|0|0|0|0|0|0|0|0|0|0|0|0|0|0|0|0|0|0|0|0|0|0|0|0|0|0|0|0|0|0|0|0|0|0|0|0|0|0|0|0|0|0|0|0|0|0|0|0|0|0|0|0|0|0|0|0|0|0|0|0|0|0|0|0|0|0|0|0|0|0|0|0|0|0|0|0|0|0|0|0
DHCST|NY|000|05|0213242|0|0|0|0|0|0|0|0|0|0|0|0|0|0|0|0|0|0|0|0|0|0|0|0|0|0|0|0|0|0|0|0|0|0|0|0|0|0|0|0|0|0|0|0|0|0|0|0|0|0|0|0|0|0|0|0|0|0|0|0|0|0|0|0|0|0|0|0|0|0|0|0|0|0|0|0|0|0|0|0|0|0|0|0|0|0|0|0|0|0|0|0|0|0|0|0|0|0|0|0|0|0|0|0|0|0|0|0|0|0|0|0|0|0|0|0|0|0|0|0|0|0|0|0|0|0|0|0|0|0|0|0|0|0|0|0|0|0|0|0|0|0|0|0|0|0|0|0|0|0|0|0|0|0|0|0|0|0|0|0|0|0|0|0|0|0|0|0|0|0|0|0|0|0|0|0|0|0|0|0|0|0|0|0|0|0|0|0|0|0|0|0|0|0|0|0|0|0|0
DHCST|NY|000|05|0213243|0|0|0|0|0|0|0|0|0|0|0|0|0|0|0|0|0|0|0|0|0|0|0|0|0|0|0|0|0|0|0|0|0|0|0|0|0|0|0|0|0|0|0|0|0|0|0|0|0|0|0|0|0|0|0|0|0|0|0|0|0|0|0|0|0|0|0|0|0|0|0|0|0|0|0|0|0|0|0|0|0|0|0|0|0|0|0|0|0|0|0|0|0|0|0|0|0|0|0|0|0|0|0|0|0|0|0|0|0|0|0|0|0|0|0|0|0|0|0|0|0|0|0|0|0|0|0|0|0|0|0|0|0|0|0|0|0|0|0|0|0|0|0|0|0|0|0|0|0|0|0|0|0|0|0|0|0|0|0|0|0|0|0|0|0|0|0|0|0|0|0|0|0|0|0|0|0|0|0|0|0|0|0|0|0|0|0|0|0|0|0|0|0|0|0|0|0|0|0
DHCST|NY|000|05|0213244|55|55|55|0|0|55|40|5|0|4|0|0|6|55|50|5|55|50|36|5|0|4|0|0|5|5|4|0|0|0|0|0|1|64|46|7|1|5|0|5|64|56|41|6|0|5|0|4|8|5|1|1|0|0|1|55|49|40|5|0|4|0|0|6|4|0|0|0|0|4|0|0|0|0|0|0|0|0|0|0|1|0|1|0|0|0|0|0|0|0|0|0|0|0|0|0|0|0|0|0|0|1|0|0|1|0|0|0|0|0|0|0|0|0|0|0|0|0|0|0|0|0|0|0|0|0|55|5|50|45|36|5|0|4|0|0|5|4|0|0|0|0|4|0|0|0|0|0|0|0|0|0|0|1|0|1|0|0|0|0|0|0|0|0|0|0|0|0|0|0|0|0|0|0|0|0|0|0|0|0|0|0|0|0|0|0|0|0|0|0|0|0|0|0|0|0|0|0|0
DHCST|NY|000|05|0213245|0|0|0|0|0|0|0|0|0|0|0|0|0|0|0|0|0|0|0|0|0|0|0|0|0|0|0|0|0|0|0|0|0|0|0|0|0|0|0|0|0|0|0|0|0|0|0|0|0|0|0|0|0|0|0|0|0|0|0|0|0|0|0|0|0|0|0|0|0|0|0|0|0|0|0|0|0|0|0|0|0|0|0|0|0|0|0|0|0|0|0|0|0|0|0|0|0|0|0|0|0|0|0|0|0|0|0|0|0|0|0|0|0|0|0|0|0|0|0|0|0|0|0|0|0|0|0|0|0|0|0|0|0|0|0|0|0|0|0|0|0|0|0|0|0|0|0|0|0|0|0|0|0|0|0|0|0|0|0|0|0|0|0|0|0|0|0|0|0|0|0|0|0|0|0|0|0|0|0|0|0|0|0|0|0|0|0|0|0|0|0|0|0|0|0|0|0|0|0
DHCST|NY|000|05|0213246|0|0|0|0|0|0|0|0|0|0|0|0|0|0|0|0|0|0|0|0|0|0|0|0|0|0|0|0|0|0|0|0|0|0|0|0|0|0|0|0|0|0|0|0|0|0|0|0|0|0|0|0|0|0|0|0|0|0|0|0|0|0|0|0|0|0|0|0|0|0|0|0|0|0|0|0|0|0|0|0|0|0|0|0|0|0|0|0|0|0|0|0|0|0|0|0|0|0|0|0|0|0|0|0|0|0|0|0|0|0|0|0|0|0|0|0|0|0|0|0|0|0|0|0|0|0|0|0|0|0|0|0|0|0|0|0|0|0|0|0|0|0|0|0|0|0|0|0|0|0|0|0|0|0|0|0|0|0|0|0|0|0|0|0|0|0|0|0|0|0|0|0|0|0|0|0|0|0|0|0|0|0|0|0|0|0|0|0|0|0|0|0|0|0|0|0|0|0|0
DHCST|NY|000|05|0213247|0|0|0|0|0|0|0|0|0|0|0|0|0|0|0|0|0|0|0|0|0|0|0|0|0|0|0|0|0|0|0|0|0|0|0|0|0|0|0|0|0|0|0|0|0|0|0|0|0|0|0|0|0|0|0|0|0|0|0|0|0|0|0|0|0|0|0|0|0|0|0|0|0|0|0|0|0|0|0|0|0|0|0|0|0|0|0|0|0|0|0|0|0|0|0|0|0|0|0|0|0|0|0|0|0|0|0|0|0|0|0|0|0|0|0|0|0|0|0|0|0|0|0|0|0|0|0|0|0|0|0|0|0|0|0|0|0|0|0|0|0|0|0|0|0|0|0|0|0|0|0|0|0|0|0|0|0|0|0|0|0|0|0|0|0|0|0|0|0|0|0|0|0|0|0|0|0|0|0|0|0|0|0|0|0|0|0|0|0|0|0|0|0|0|0|0|0|0|0
DHCST|NY|000|05|0213248|0|0|0|0|0|0|0|0|0|0|0|0|0|0|0|0|0|0|0|0|0|0|0|0|0|0|0|0|0|0|0|0|0|0|0|0|0|0|0|0|0|0|0|0|0|0|0|0|0|0|0|0|0|0|0|0|0|0|0|0|0|0|0|0|0|0|0|0|0|0|0|0|0|0|0|0|0|0|0|0|0|0|0|0|0|0|0|0|0|0|0|0|0|0|0|0|0|0|0|0|0|0|0|0|0|0|0|0|0|0|0|0|0|0|0|0|0|0|0|0|0|0|0|0|0|0|0|0|0|0|0|0|0|0|0|0|0|0|0|0|0|0|0|0|0|0|0|0|0|0|0|0|0|0|0|0|0|0|0|0|0|0|0|0|0|0|0|0|0|0|0|0|0|0|0|0|0|0|0|0|0|0|0|0|0|0|0|0|0|0|0|0|0|0|0|0|0|0|0
DHCST|NY|000|05|0213249|37|37|37|0|0|37|25|2|0|0|0|6|4|37|30|7|37|30|25|2|0|0|0|0|3|7|0|0|0|0|0|6|1|41|29|5|0|0|0|7|41|33|28|5|0|0|0|0|8|1|0|0|0|0|7|37|33|25|2|0|0|0|6|4|4|3|0|0|0|1|0|0|0|0|0|0|0|0|0|0|0|0|0|0|0|0|0|0|0|0|0|0|0|0|0|0|0|0|0|0|0|0|0|0|0|0|0|0|0|0|0|0|0|0|0|0|0|0|0|0|0|0|0|0|0|0|37|7|30|27|25|2|0|0|0|0|3|3|3|0|0|0|0|0|0|0|0|0|0|0|0|0|0|0|0|0|0|0|0|0|0|0|0|0|0|0|0|0|0|0|0|0|0|0|0|0|0|0|0|0|0|0|0|0|0|0|0|0|0|0|0|0|0|0|0|0|0|0|0
DHCST|NY|000|05|0213250|0|0|0|0|0|0|0|0|0|0|0|0|0|0|0|0|0|0|0|0|0|0|0|0|0|0|0|0|0|0|0|0|0|0|0|0|0|0|0|0|0|0|0|0|0|0|0|0|0|0|0|0|0|0|0|0|0|0|0|0|0|0|0|0|0|0|0|0|0|0|0|0|0|0|0|0|0|0|0|0|0|0|0|0|0|0|0|0|0|0|0|0|0|0|0|0|0|0|0|0|0|0|0|0|0|0|0|0|0|0|0|0|0|0|0|0|0|0|0|0|0|0|0|0|0|0|0|0|0|0|0|0|0|0|0|0|0|0|0|0|0|0|0|0|0|0|0|0|0|0|0|0|0|0|0|0|0|0|0|0|0|0|0|0|0|0|0|0|0|0|0|0|0|0|0|0|0|0|0|0|0|0|0|0|0|0|0|0|0|0|0|0|0|0|0|0|0|0|0
DHCST|NY|000|05|0213251|0|0|0|0|0|0|0|0|0|0|0|0|0|0|0|0|0|0|0|0|0|0|0|0|0|0|0|0|0|0|0|0|0|0|0|0|0|0|0|0|0|0|0|0|0|0|0|0|0|0|0|0|0|0|0|0|0|0|0|0|0|0|0|0|0|0|0|0|0|0|0|0|0|0|0|0|0|0|0|0|0|0|0|0|0|0|0|0|0|0|0|0|0|0|0|0|0|0|0|0|0|0|0|0|0|0|0|0|0|0|0|0|0|0|0|0|0|0|0|0|0|0|0|0|0|0|0|0|0|0|0|0|0|0|0|0|0|0|0|0|0|0|0|0|0|0|0|0|0|0|0|0|0|0|0|0|0|0|0|0|0|0|0|0|0|0|0|0|0|0|0|0|0|0|0|0|0|0|0|0|0|0|0|0|0|0|0|0|0|0|0|0|0|0|0|0|0|0|0
DHCST|NY|000|05|0213252|66|66|66|0|0|66|45|1|3|7|0|4|6|66|59|7|66|59|45|0|2|7|0|0|5|7|0|1|1|0|0|4|1|73|50|3|5|8|0|7|73|65|49|2|3|8|0|3|8|1|1|2|0|0|4|66|60|45|1|3|7|0|4|6|5|0|2|0|0|2|0|0|0|1|0|0|0|0|0|0|1|0|1|0|0|0|0|0|0|0|0|0|0|0|0|0|0|0|0|0|0|0|0|0|0|0|0|0|0|0|0|0|0|0|0|0|0|0|0|0|0|0|0|0|0|0|66|7|59|54|45|0|2|7|0|0|5|4|0|1|0|0|2|0|0|0|1|0|0|0|0|0|0|1|0|1|0|0|0|0|0|0|0|0|0|0|0|0|0|0|0|0|0|0|0|0|0|0|0|0|0|0|0|0|0|0|0|0|0|0|0|0|0|0|0|0|0|0|0
DHCST|NY|000|05|0213253|103|103|103|0|0|103|60|12|0|27|0|0|4|103|103|0|103|103|60|12|0|27|0|0|4|0|0|0|0|0|0|0|0|107|64|14|0|27|0|2|107|107|64|14|0|27|0|2|0|0|0|0|0|0|0|103|99|60|12|0|27|0|0|4|4|2|0|0|0|2|0|0|0|0|0|0|0|0|0|0|0|0|0|0|0|0|0|0|0|0|0|0|0|0|0|0|0|0|0|0|0|0|0|0|0|0|0|0|0|0|0|0|0|0|0|0|0|0|0|0|0|0|0|0|0|0|103|0|103|99|60|12|0|27|0|0|4|4|2|0|0|0|2|0|0|0|0|0|0|0|0|0|0|0|0|0|0|0|0|0|0|0|0|0|0|0|0|0|0|0|0|0|0|0|0|0|0|0|0|0|0|0|0|0|0|0|0|0|0|0|0|0|0|0|0|0|0|0|0
DHCST|NY|000|05|0213254|0|0|0|0|0|0|0|0|0|0|0|0|0|0|0|0|0|0|0|0|0|0|0|0|0|0|0|0|0|0|0|0|0|0|0|0|0|0|0|0|0|0|0|0|0|0|0|0|0|0|0|0|0|0|0|0|0|0|0|0|0|0|0|0|0|0|0|0|0|0|0|0|0|0|0|0|0|0|0|0|0|0|0|0|0|0|0|0|0|0|0|0|0|0|0|0|0|0|0|0|0|0|0|0|0|0|0|0|0|0|0|0|0|0|0|0|0|0|0|0|0|0|0|0|0|0|0|0|0|0|0|0|0|0|0|0|0|0|0|0|0|0|0|0|0|0|0|0|0|0|0|0|0|0|0|0|0|0|0|0|0|0|0|0|0|0|0|0|0|0|0|0|0|0|0|0|0|0|0|0|0|0|0|0|0|0|0|0|0|0|0|0|0|0|0|0|0|0|0
DHCST|NY|000|05|0213255|0|0|0|0|0|0|0|0|0|0|0|0|0|0|0|0|0|0|0|0|0|0|0|0|0|0|0|0|0|0|0|0|0|0|0|0|0|0|0|0|0|0|0|0|0|0|0|0|0|0|0|0|0|0|0|0|0|0|0|0|0|0|0|0|0|0|0|0|0|0|0|0|0|0|0|0|0|0|0|0|0|0|0|0|0|0|0|0|0|0|0|0|0|0|0|0|0|0|0|0|0|0|0|0|0|0|0|0|0|0|0|0|0|0|0|0|0|0|0|0|0|0|0|0|0|0|0|0|0|0|0|0|0|0|0|0|0|0|0|0|0|0|0|0|0|0|0|0|0|0|0|0|0|0|0|0|0|0|0|0|0|0|0|0|0|0|0|0|0|0|0|0|0|0|0|0|0|0|0|0|0|0|0|0|0|0|0|0|0|0|0|0|0|0|0|0|0|0|0
DHCST|NY|000|05|0213256|29|29|29|0|0|29|26|0|0|2|0|0|1|29|29|0|29|29|26|0|0|2|0|0|1|0|0|0|0|0|0|0|0|30|27|0|1|2|0|0|30|30|27|0|1|2|0|0|0|0|0|0|0|0|0|29|28|26|0|0|2|0|0|1|1|0|1|0|0|0|0|0|0|0|0|0|0|0|0|0|0|0|0|0|0|0|0|0|0|0|0|0|0|0|0|0|0|0|0|0|0|0|0|0|0|0|0|0|0|0|0|0|0|0|0|0|0|0|0|0|0|0|0|0|0|0|29|0|29|28|26|0|0|2|0|0|1|1|0|1|0|0|0|0|0|0|0|0|0|0|0|0|0|0|0|0|0|0|0|0|0|0|0|0|0|0|0|0|0|0|0|0|0|0|0|0|0|0|0|0|0|0|0|0|0|0|0|0|0|0|0|0|0|0|0|0|0|0|0
DHCST|NY|000|05|0213257|0|0|0|0|0|0|0|0|0|0|0|0|0|0|0|0|0|0|0|0|0|0|0|0|0|0|0|0|0|0|0|0|0|0|0|0|0|0|0|0|0|0|0|0|0|0|0|0|0|0|0|0|0|0|0|0|0|0|0|0|0|0|0|0|0|0|0|0|0|0|0|0|0|0|0|0|0|0|0|0|0|0|0|0|0|0|0|0|0|0|0|0|0|0|0|0|0|0|0|0|0|0|0|0|0|0|0|0|0|0|0|0|0|0|0|0|0|0|0|0|0|0|0|0|0|0|0|0|0|0|0|0|0|0|0|0|0|0|0|0|0|0|0|0|0|0|0|0|0|0|0|0|0|0|0|0|0|0|0|0|0|0|0|0|0|0|0|0|0|0|0|0|0|0|0|0|0|0|0|0|0|0|0|0|0|0|0|0|0|0|0|0|0|0|0|0|0|0|0
DHCST|NY|000|05|0213258|25|25|25|0|0|25|19|0|0|5|0|1|0|25|24|1|25|24|18|0|0|5|0|1|0|1|1|0|0|0|0|0|0|25|19|0|0|5|0|1|25|24|18|0|0|5|0|1|1|1|0|0|0|0|0|25|25|19|0|0|5|0|1|0|0|0|0|0|0|0|0|0|0|0|0|0|0|0|0|0|0|0|0|0|0|0|0|0|0|0|0|0|0|0|0|0|0|0|0|0|0|0|0|0|0|0|0|0|0|0|0|0|0|0|0|0|0|0|0|0|0|0|0|0|0|0|25|1|24|24|18|0|0|5|0|1|0|0|0|0|0|0|0|0|0|0|0|0|0|0|0|0|0|0|0|0|0|0|0|0|0|0|0|0|0|0|0|0|0|0|0|0|0|0|0|0|0|0|0|0|0|0|0|0|0|0|0|0|0|0|0|0|0|0|0|0|0|0|0
DHCST|NY|000|05|0213259|39|39|39|0|0|39|31|1|0|2|0|0|5|39|36|3|39|36|31|1|0|2|0|0|2|3|0|0|0|0|0|0|3|44|36|3|0|2|0|3|44|38|33|3|0|2|0|0|6|3|0|0|0|0|3|39|34|31|1|0|2|0|0|5|5|2|0|0|0|3|0|0|0|0|0|0|0|0|0|0|0|0|0|0|0|0|0|0|0|0|0|0|0|0|0|0|0|0|0|0|0|0|0|0|0|0|0|0|0|0|0|0|0|0|0|0|0|0|0|0|0|0|0|0|0|0|39|3|36|34|31|1|0|2|0|0|2|2|2|0|0|0|0|0|0|0|0|0|0|0|0|0|0|0|0|0|0|0|0|0|0|0|0|0|0|0|0|0|0|0|0|0|0|0|0|0|0|0|0|0|0|0|0|0|0|0|0|0|0|0|0|0|0|0|0|0|0|0|0
DHCST|NY|000|05|0213260|95|95|95|0|0|95|77|3|0|3|0|0|12|95|83|12|95|83|76|3|0|3|0|0|1|12|1|0|0|0|0|0|11|107|89|4|0|3|0|11|107|84|77|4|0|3|0|0|23|12|0|0|0|0|11|95|83|77|3|0|3|0|0|12|12|1|0|0|0|11|0|0|0|0|0|0|0|0|0|0|0|0|0|0|0|0|0|0|0|0|0|0|0|0|0|0|0|0|0|0|0|0|0|0|0|0|0|0|0|0|0|0|0|0|0|0|0|0|0|0|0|0|0|0|0|0|95|12|83|82|76|3|0|3|0|0|1|1|1|0|0|0|0|0|0|0|0|0|0|0|0|0|0|0|0|0|0|0|0|0|0|0|0|0|0|0|0|0|0|0|0|0|0|0|0|0|0|0|0|0|0|0|0|0|0|0|0|0|0|0|0|0|0|0|0|0|0|0|0
DHCST|NY|000|05|0213261|0|0|0|0|0|0|0|0|0|0|0|0|0|0|0|0|0|0|0|0|0|0|0|0|0|0|0|0|0|0|0|0|0|0|0|0|0|0|0|0|0|0|0|0|0|0|0|0|0|0|0|0|0|0|0|0|0|0|0|0|0|0|0|0|0|0|0|0|0|0|0|0|0|0|0|0|0|0|0|0|0|0|0|0|0|0|0|0|0|0|0|0|0|0|0|0|0|0|0|0|0|0|0|0|0|0|0|0|0|0|0|0|0|0|0|0|0|0|0|0|0|0|0|0|0|0|0|0|0|0|0|0|0|0|0|0|0|0|0|0|0|0|0|0|0|0|0|0|0|0|0|0|0|0|0|0|0|0|0|0|0|0|0|0|0|0|0|0|0|0|0|0|0|0|0|0|0|0|0|0|0|0|0|0|0|0|0|0|0|0|0|0|0|0|0|0|0|0|0
DHCST|NY|000|05|0213262|87|87|87|0|0|87|57|10|0|19|0|0|1|87|86|1|87|86|57|10|0|19|0|0|0|1|0|0|0|0|0|0|1|88|58|10|0|19|0|1|88|86|57|10|0|19|0|0|2|1|0|0|0|0|1|87|86|57|10|0|19|0|0|1|1|0|0|0|0|1|0|0|0|0|0|0|0|0|0|0|0|0|0|0|0|0|0|0|0|0|0|0|0|0|0|0|0|0|0|0|0|0|0|0|0|0|0|0|0|0|0|0|0|0|0|0|0|0|0|0|0|0|0|0|0|0|87|1|86|86|57|10|0|19|0|0|0|0|0|0|0|0|0|0|0|0|0|0|0|0|0|0|0|0|0|0|0|0|0|0|0|0|0|0|0|0|0|0|0|0|0|0|0|0|0|0|0|0|0|0|0|0|0|0|0|0|0|0|0|0|0|0|0|0|0|0|0|0|0
DHCST|NY|000|05|0213263|19|19|19|0|0|19|8|0|0|5|0|0|6|19|12|7|19|12|6|0|0|5|0|0|1|7|2|0|0|0|0|0|5|30|14|3|3|5|0|5|30|14|7|1|1|5|0|0|16|7|2|2|0|0|5|19|13|8|0|0|5|0|0|6|3|0|0|0|0|3|0|0|0|0|0|0|0|0|0|0|1|1|0|0|0|0|0|0|0|0|0|0|0|0|0|0|0|0|0|0|0|2|0|0|2|0|0|0|0|0|0|0|0|0|0|0|0|0|0|0|0|0|0|0|0|0|19|7|12|11|6|0|0|5|0|0|1|0|0|0|0|0|0|0|0|0|0|0|0|0|0|0|0|1|1|0|0|0|0|0|0|0|0|0|0|0|0|0|0|0|0|0|0|0|0|0|0|0|0|0|0|0|0|0|0|0|0|0|0|0|0|0|0|0|0|0|0|0|0
DHCST|NY|000|05|0213264|0|0|0|0|0|0|0|0|0|0|0|0|0|0|0|0|0|0|0|0|0|0|0|0|0|0|0|0|0|0|0|0|0|0|0|0|0|0|0|0|0|0|0|0|0|0|0|0|0|0|0|0|0|0|0|0|0|0|0|0|0|0|0|0|0|0|0|0|0|0|0|0|0|0|0|0|0|0|0|0|0|0|0|0|0|0|0|0|0|0|0|0|0|0|0|0|0|0|0|0|0|0|0|0|0|0|0|0|0|0|0|0|0|0|0|0|0|0|0|0|0|0|0|0|0|0|0|0|0|0|0|0|0|0|0|0|0|0|0|0|0|0|0|0|0|0|0|0|0|0|0|0|0|0|0|0|0|0|0|0|0|0|0|0|0|0|0|0|0|0|0|0|0|0|0|0|0|0|0|0|0|0|0|0|0|0|0|0|0|0|0|0|0|0|0|0|0|0|0
DHCST|NY|000|05|0213265|0|0|0|0|0|0|0|0|0|0|0|0|0|0|0|0|0|0|0|0|0|0|0|0|0|0|0|0|0|0|0|0|0|0|0|0|0|0|0|0|0|0|0|0|0|0|0|0|0|0|0|0|0|0|0|0|0|0|0|0|0|0|0|0|0|0|0|0|0|0|0|0|0|0|0|0|0|0|0|0|0|0|0|0|0|0|0|0|0|0|0|0|0|0|0|0|0|0|0|0|0|0|0|0|0|0|0|0|0|0|0|0|0|0|0|0|0|0|0|0|0|0|0|0|0|0|0|0|0|0|0|0|0|0|0|0|0|0|0|0|0|0|0|0|0|0|0|0|0|0|0|0|0|0|0|0|0|0|0|0|0|0|0|0|0|0|0|0|0|0|0|0|0|0|0|0|0|0|0|0|0|0|0|0|0|0|0|0|0|0|0|0|0|0|0|0|0|0|0
DHCST|NY|000|05|0213266|0|0|0|0|0|0|0|0|0|0|0|0|0|0|0|0|0|0|0|0|0|0|0|0|0|0|0|0|0|0|0|0|0|0|0|0|0|0|0|0|0|0|0|0|0|0|0|0|0|0|0|0|0|0|0|0|0|0|0|0|0|0|0|0|0|0|0|0|0|0|0|0|0|0|0|0|0|0|0|0|0|0|0|0|0|0|0|0|0|0|0|0|0|0|0|0|0|0|0|0|0|0|0|0|0|0|0|0|0|0|0|0|0|0|0|0|0|0|0|0|0|0|0|0|0|0|0|0|0|0|0|0|0|0|0|0|0|0|0|0|0|0|0|0|0|0|0|0|0|0|0|0|0|0|0|0|0|0|0|0|0|0|0|0|0|0|0|0|0|0|0|0|0|0|0|0|0|0|0|0|0|0|0|0|0|0|0|0|0|0|0|0|0|0|0|0|0|0|0
DHCST|NY|000|05|0213267|33|33|33|0|0|33|20|2|0|6|0|0|5|33|31|2|33|31|20|2|0|6|0|0|3|2|0|0|0|0|0|0|2|38|24|4|2|6|0|2|38|34|23|3|2|6|0|0|4|1|1|0|0|0|2|33|28|20|2|0|6|0|0|5|5|1|2|0|0|1|0|0|0|1|0|0|0|0|0|0|0|0|0|0|0|0|0|0|0|0|0|0|0|0|0|0|0|0|0|0|0|0|0|0|0|0|0|0|0|0|0|0|0|0|0|0|0|0|0|0|0|0|0|0|0|0|33|2|31|28|20|2|0|6|0|0|3|3|1|2|0|0|0|0|0|0|0|0|0|0|0|0|0|0|0|0|0|0|0|0|0|0|0|0|0|0|0|0|0|0|0|0|0|0|0|0|0|0|0|0|0|0|0|0|0|0|0|0|0|0|0|0|0|0|0|0|0|0|0
DHCST|NY|000|05|0213268|65|65|65|0|0|65|61|0|0|4|0|0|0|65|59|6|65|59|55|0|0|4|0|0|0|6|6|0|0|0|0|0|0|65|61|0|0|4|0|0|65|59|55|0|0|4|0|0|6|6|0|0|0|0|0|65|65|61|0|0|4|0|0|0|0|0|0|0|0|0|0|0|0|0|0|0|0|0|0|0|0|0|0|0|0|0|0|0|0|0|0|0|0|0|0|0|0|0|0|0|0|0|0|0|0|0|0|0|0|0|0|0|0|0|0|0|0|0|0|0|0|0|0|0|0|0|65|6|59|59|55|0|0|4|0|0|0|0|0|0|0|0|0|0|0|0|0|0|0|0|0|0|0|0|0|0|0|0|0|0|0|0|0|0|0|0|0|0|0|0|0|0|0|0|0|0|0|0|0|0|0|0|0|0|0|0|0|0|0|0|0|0|0|0|0|0|0|0|0
DHCST|NY|000|05|0213269|164|164|164|0|0|164|129|14|0|17|0|0|4|164|164|0|164|164|129|14|0|17|0|0|4|0|0|0|0|0|0|0|0|168|132|15|0|18|0|3|168|168|132|15|0|18|0|3|0|0|0|0|0|0|0|164|160|129|14|0|17|0|0|4|4|0|0|0|0|3|0|1|0|0|0|0|0|0|0|0|0|0|0|0|0|0|0|0|0|0|0|0|0|0|0|0|0|0|0|0|0|0|0|0|0|0|0|0|0|0|0|0|0|0|0|0|0|0|0|0|0|0|0|0|0|0|164|0|164|160|129|14|0|17|0|0|4|4|0|0|0|0|3|0|1|0|0|0|0|0|0|0|0|0|0|0|0|0|0|0|0|0|0|0|0|0|0|0|0|0|0|0|0|0|0|0|0|0|0|0|0|0|0|0|0|0|0|0|0|0|0|0|0|0|0|0|0|0|0
DHCST|NY|000|05|0213270|54|54|54|0|0|54|41|4|0|9|0|0|0|54|50|4|54|50|37|4|0|9|0|0|0|4|4|0|0|0|0|0|0|54|41|4|0|9|0|0|54|50|37|4|0|9|0|0|4|4|0|0|0|0|0|54|54|41|4|0|9|0|0|0|0|0|0|0|0|0|0|0|0|0|0|0|0|0|0|0|0|0|0|0|0|0|0|0|0|0|0|0|0|0|0|0|0|0|0|0|0|0|0|0|0|0|0|0|0|0|0|0|0|0|0|0|0|0|0|0|0|0|0|0|0|0|54|4|50|50|37|4|0|9|0|0|0|0|0|0|0|0|0|0|0|0|0|0|0|0|0|0|0|0|0|0|0|0|0|0|0|0|0|0|0|0|0|0|0|0|0|0|0|0|0|0|0|0|0|0|0|0|0|0|0|0|0|0|0|0|0|0|0|0|0|0|0|0|0
DHCST|NY|000|05|0213271|121|121|121|0|0|121|82|5|0|24|0|3|7|121|116|5|121|116|81|5|0|24|0|0|6|5|1|0|0|0|0|3|1|128|88|6|5|24|0|5|128|122|87|5|5|24|0|1|6|1|1|0|0|0|4|121|114|82|5|0|24|0|3|7|7|0|5|0|0|1|0|0|0|1|0|0|0|0|0|0|0|0|0|0|0|0|0|0|0|0|0|0|0|0|0|0|0|0|0|0|0|0|0|0|0|0|0|0|0|0|0|0|0|0|0|0|0|0|0|0|0|0|0|0|0|0|121|5|116|110|81|5|0|24|0|0|6|6|0|5|0|0|1|0|0|0|0|0|0|0|0|0|0|0|0|0|0|0|0|0|0|0|0|0|0|0|0|0|0|0|0|0|0|0|0|0|0|0|0|0|0|0|0|0|0|0|0|0|0|0|0|0|0|0|0|0|0|0|0
DHCST|NY|000|05|0213272|205|205|205|0|0|205|131|58|0|0|0|10|6|205|188|17|205|188|124|56|0|0|0|5|3|17|7|2|0|0|0|5|3|211|133|62|2|0|0|14|211|191|124|59|2|0|0|6|20|9|3|0|0|0|8|205|199|131|58|0|0|0|10|6|6|0|0|0|0|2|2|0|0|2|0|0|0|0|0|0|0|0|0|0|0|0|0|0|0|0|0|0|0|0|0|0|0|0|0|0|0|0|0|0|0|0|0|0|0|0|0|0|0|0|0|0|0|0|0|0|0|0|0|0|0|0|205|17|188|185|124|56|0|0|0|5|3|3|0|0|0|0|0|2|0|0|1|0|0|0|0|0|0|0|0|0|0|0|0|0|0|0|0|0|0|0|0|0|0|0|0|0|0|0|0|0|0|0|0|0|0|0|0|0|0|0|0|0|0|0|0|0|0|0|0|0|0|0|0
DHCST|NY|000|05|0213273|0|0|0|0|0|0|0|0|0|0|0|0|0|0|0|0|0|0|0|0|0|0|0|0|0|0|0|0|0|0|0|0|0|0|0|0|0|0|0|0|0|0|0|0|0|0|0|0|0|0|0|0|0|0|0|0|0|0|0|0|0|0|0|0|0|0|0|0|0|0|0|0|0|0|0|0|0|0|0|0|0|0|0|0|0|0|0|0|0|0|0|0|0|0|0|0|0|0|0|0|0|0|0|0|0|0|0|0|0|0|0|0|0|0|0|0|0|0|0|0|0|0|0|0|0|0|0|0|0|0|0|0|0|0|0|0|0|0|0|0|0|0|0|0|0|0|0|0|0|0|0|0|0|0|0|0|0|0|0|0|0|0|0|0|0|0|0|0|0|0|0|0|0|0|0|0|0|0|0|0|0|0|0|0|0|0|0|0|0|0|0|0|0|0|0|0|0|0|0
DHCST|NY|000|05|0213274|31|31|31|0|0|31|22|0|0|2|0|0|7|31|30|1|31|30|22|0|0|2|0|0|6|1|0|0|0|0|0|0|1|38|27|5|0|2|1|3|38|36|27|4|0|2|1|2|2|0|1|0|0|0|1|31|24|22|0|0|2|0|0|7|7|3|0|0|0|2|0|0|1|1|0|0|0|0|0|0|0|0|0|0|0|0|0|0|0|0|0|0|0|0|0|0|0|0|0|0|0|0|0|0|0|0|0|0|0|0|0|0|0|0|0|0|0|0|0|0|0|0|0|0|0|0|31|1|30|24|22|0|0|2|0|0|6|6|3|0|0|0|2|0|0|1|0|0|0|0|0|0|0|0|0|0|0|0|0|0|0|0|0|0|0|0|0|0|0|0|0|0|0|0|0|0|0|0|0|0|0|0|0|0|0|0|0|0|0|0|0|0|0|0|0|0|0|0|0
DHCST|NY|000|05|0213275|66|66|66|0|0|66|50|0|0|10|0|2|4|66|59|7|66|59|47|0|0|10|0|1|1|7|3|0|0|0|0|1|3|70|52|3|0|10|0|5|70|60|48|1|0|10|0|1|10|4|2|0|0|0|4|66|62|50|0|0|10|0|2|4|4|1|0|0|0|1|0|0|0|2|0|0|0|0|0|0|0|0|0|0|0|0|0|0|0|0|0|0|0|0|0|0|0|0|0|0|0|0|0|0|0|0|0|0|0|0|0|0|0|0|0|0|0|0|0|0|0|0|0|0|0|0|66|7|59|58|47|0|0|10|0|1|1|1|1|0|0|0|0|0|0|0|0|0|0|0|0|0|0|0|0|0|0|0|0|0|0|0|0|0|0|0|0|0|0|0|0|0|0|0|0|0|0|0|0|0|0|0|0|0|0|0|0|0|0|0|0|0|0|0|0|0|0|0|0
DHCST|NY|000|05|0213276|32|32|32|0|0|32|14|7|0|9|0|1|1|32|30|2|32|30|14|5|0|9|0|1|1|2|0|2|0|0|0|0|0|33|15|8|0|9|0|1|33|31|15|6|0|9|0|1|2|0|2|0|0|0|0|32|31|14|7|0|9|0|1|1|1|1|0|0|0|0|0|0|0|0|0|0|0|0|0|0|0|0|0|0|0|0|0|0|0|0|0|0|0|0|0|0|0|0|0|0|0|0|0|0|0|0|0|0|0|0|0|0|0|0|0|0|0|0|0|0|0|0|0|0|0|0|32|2|30|29|14|5|0|9|0|1|1|1|1|0|0|0|0|0|0|0|0|0|0|0|0|0|0|0|0|0|0|0|0|0|0|0|0|0|0|0|0|0|0|0|0|0|0|0|0|0|0|0|0|0|0|0|0|0|0|0|0|0|0|0|0|0|0|0|0|0|0|0|0
DHCST|NY|000|05|0213277|111|111|111|0|0|111|88|4|0|9|0|7|3|111|101|10|111|101|86|4|0|9|0|1|1|10|2|0|0|0|0|6|2|114|90|5|0|9|0|10|114|102|87|4|0|9|0|2|12|3|1|0|0|0|8|111|108|88|4|0|9|0|7|3|3|0|0|0|0|2|0|0|0|1|0|0|0|0|0|0|0|0|0|0|0|0|0|0|0|0|0|0|0|0|0|0|0|0|0|0|0|0|0|0|0|0|0|0|0|0|0|0|0|0|0|0|0|0|0|0|0|0|0|0|0|0|111|10|101|100|86|4|0|9|0|1|1|1|0|0|0|0|1|0|0|0|0|0|0|0|0|0|0|0|0|0|0|0|0|0|0|0|0|0|0|0|0|0|0|0|0|0|0|0|0|0|0|0|0|0|0|0|0|0|0|0|0|0|0|0|0|0|0|0|0|0|0|0|0
DHCST|NY|000|05|0213278|40|40|40|0|0|40|15|10|0|2|0|5|8|40|34|6|40|34|15|10|0|2|0|1|6|6|0|0|0|0|0|4|2|50|19|15|1|6|1|8|50|41|18|14|0|6|1|2|9|1|1|1|0|0|6|40|32|15|10|0|2|0|5|8|6|0|0|2|0|0|0|2|1|1|0|0|0|0|0|0|2|0|0|0|1|0|0|1|0|0|0|0|0|0|0|0|0|0|0|0|0|0|0|0|0|0|0|0|0|0|0|0|0|0|0|0|0|0|0|0|0|0|0|0|0|0|40|6|34|28|15|10|0|2|0|1|6|5|0|0|2|0|0|0|2|1|0|0|0|0|0|0|0|1|0|0|0|1|0|0|0|0|0|0|0|0|0|0|0|0|0|0|0|0|0|0|0|0|0|0|0|0|0|0|0|0|0|0|0|0|0|0|0|0|0|0|0|0|0
DHCST|NY|000|05|0213279|0|0|0|0|0|0|0|0|0|0|0|0|0|0|0|0|0|0|0|0|0|0|0|0|0|0|0|0|0|0|0|0|0|0|0|0|0|0|0|0|0|0|0|0|0|0|0|0|0|0|0|0|0|0|0|0|0|0|0|0|0|0|0|0|0|0|0|0|0|0|0|0|0|0|0|0|0|0|0|0|0|0|0|0|0|0|0|0|0|0|0|0|0|0|0|0|0|0|0|0|0|0|0|0|0|0|0|0|0|0|0|0|0|0|0|0|0|0|0|0|0|0|0|0|0|0|0|0|0|0|0|0|0|0|0|0|0|0|0|0|0|0|0|0|0|0|0|0|0|0|0|0|0|0|0|0|0|0|0|0|0|0|0|0|0|0|0|0|0|0|0|0|0|0|0|0|0|0|0|0|0|0|0|0|0|0|0|0|0|0|0|0|0|0|0|0|0|0|0
DHCST|NY|000|05|0213280|0|0|0|0|0|0|0|0|0|0|0|0|0|0|0|0|0|0|0|0|0|0|0|0|0|0|0|0|0|0|0|0|0|0|0|0|0|0|0|0|0|0|0|0|0|0|0|0|0|0|0|0|0|0|0|0|0|0|0|0|0|0|0|0|0|0|0|0|0|0|0|0|0|0|0|0|0|0|0|0|0|0|0|0|0|0|0|0|0|0|0|0|0|0|0|0|0|0|0|0|0|0|0|0|0|0|0|0|0|0|0|0|0|0|0|0|0|0|0|0|0|0|0|0|0|0|0|0|0|0|0|0|0|0|0|0|0|0|0|0|0|0|0|0|0|0|0|0|0|0|0|0|0|0|0|0|0|0|0|0|0|0|0|0|0|0|0|0|0|0|0|0|0|0|0|0|0|0|0|0|0|0|0|0|0|0|0|0|0|0|0|0|0|0|0|0|0|0|0
DHCST|NY|000|05|0213281|0|0|0|0|0|0|0|0|0|0|0|0|0|0|0|0|0|0|0|0|0|0|0|0|0|0|0|0|0|0|0|0|0|0|0|0|0|0|0|0|0|0|0|0|0|0|0|0|0|0|0|0|0|0|0|0|0|0|0|0|0|0|0|0|0|0|0|0|0|0|0|0|0|0|0|0|0|0|0|0|0|0|0|0|0|0|0|0|0|0|0|0|0|0|0|0|0|0|0|0|0|0|0|0|0|0|0|0|0|0|0|0|0|0|0|0|0|0|0|0|0|0|0|0|0|0|0|0|0|0|0|0|0|0|0|0|0|0|0|0|0|0|0|0|0|0|0|0|0|0|0|0|0|0|0|0|0|0|0|0|0|0|0|0|0|0|0|0|0|0|0|0|0|0|0|0|0|0|0|0|0|0|0|0|0|0|0|0|0|0|0|0|0|0|0|0|0|0|0
DHCST|NY|000|05|0213282|0|0|0|0|0|0|0|0|0|0|0|0|0|0|0|0|0|0|0|0|0|0|0|0|0|0|0|0|0|0|0|0|0|0|0|0|0|0|0|0|0|0|0|0|0|0|0|0|0|0|0|0|0|0|0|0|0|0|0|0|0|0|0|0|0|0|0|0|0|0|0|0|0|0|0|0|0|0|0|0|0|0|0|0|0|0|0|0|0|0|0|0|0|0|0|0|0|0|0|0|0|0|0|0|0|0|0|0|0|0|0|0|0|0|0|0|0|0|0|0|0|0|0|0|0|0|0|0|0|0|0|0|0|0|0|0|0|0|0|0|0|0|0|0|0|0|0|0|0|0|0|0|0|0|0|0|0|0|0|0|0|0|0|0|0|0|0|0|0|0|0|0|0|0|0|0|0|0|0|0|0|0|0|0|0|0|0|0|0|0|0|0|0|0|0|0|0|0|0
DHCST|NY|000|05|0213283|0|0|0|0|0|0|0|0|0|0|0|0|0|0|0|0|0|0|0|0|0|0|0|0|0|0|0|0|0|0|0|0|0|0|0|0|0|0|0|0|0|0|0|0|0|0|0|0|0|0|0|0|0|0|0|0|0|0|0|0|0|0|0|0|0|0|0|0|0|0|0|0|0|0|0|0|0|0|0|0|0|0|0|0|0|0|0|0|0|0|0|0|0|0|0|0|0|0|0|0|0|0|0|0|0|0|0|0|0|0|0|0|0|0|0|0|0|0|0|0|0|0|0|0|0|0|0|0|0|0|0|0|0|0|0|0|0|0|0|0|0|0|0|0|0|0|0|0|0|0|0|0|0|0|0|0|0|0|0|0|0|0|0|0|0|0|0|0|0|0|0|0|0|0|0|0|0|0|0|0|0|0|0|0|0|0|0|0|0|0|0|0|0|0|0|0|0|0|0
DHCST|NY|000|05|0213284|345|345|345|0|0|345|103|182|3|2|0|21|34|345|301|44|345|301|95|181|3|2|0|0|20|44|8|1|0|0|0|21|14|380|128|199|14|4|0|35|380|322|107|197|14|4|0|0|58|21|2|0|0|0|35|345|311|103|182|3|2|0|21|34|33|7|4|0|0|13|6|2|0|1|0|0|0|0|0|0|1|1|0|0|0|0|0|0|0|0|0|0|0|0|0|0|0|0|0|0|0|0|0|0|0|0|0|0|0|0|0|0|0|0|0|0|0|0|0|0|0|0|0|0|0|0|345|44|301|281|95|181|3|2|0|0|20|19|7|4|0|0|0|6|2|0|0|0|0|0|0|0|0|1|1|0|0|0|0|0|0|0|0|0|0|0|0|0|0|0|0|0|0|0|0|0|0|0|0|0|0|0|0|0|0|0|0|0|0|0|0|0|0|0|0|0|0|0|0
DHCST|NY|000|05|0213285|0|0|0|0|0|0|0|0|0|0|0|0|0|0|0|0|0|0|0|0|0|0|0|0|0|0|0|0|0|0|0|0|0|0|0|0|0|0|0|0|0|0|0|0|0|0|0|0|0|0|0|0|0|0|0|0|0|0|0|0|0|0|0|0|0|0|0|0|0|0|0|0|0|0|0|0|0|0|0|0|0|0|0|0|0|0|0|0|0|0|0|0|0|0|0|0|0|0|0|0|0|0|0|0|0|0|0|0|0|0|0|0|0|0|0|0|0|0|0|0|0|0|0|0|0|0|0|0|0|0|0|0|0|0|0|0|0|0|0|0|0|0|0|0|0|0|0|0|0|0|0|0|0|0|0|0|0|0|0|0|0|0|0|0|0|0|0|0|0|0|0|0|0|0|0|0|0|0|0|0|0|0|0|0|0|0|0|0|0|0|0|0|0|0|0|0|0|0|0
DHCST|NY|000|05|0213286|0|0|0|0|0|0|0|0|0|0|0|0|0|0|0|0|0|0|0|0|0|0|0|0|0|0|0|0|0|0|0|0|0|0|0|0|0|0|0|0|0|0|0|0|0|0|0|0|0|0|0|0|0|0|0|0|0|0|0|0|0|0|0|0|0|0|0|0|0|0|0|0|0|0|0|0|0|0|0|0|0|0|0|0|0|0|0|0|0|0|0|0|0|0|0|0|0|0|0|0|0|0|0|0|0|0|0|0|0|0|0|0|0|0|0|0|0|0|0|0|0|0|0|0|0|0|0|0|0|0|0|0|0|0|0|0|0|0|0|0|0|0|0|0|0|0|0|0|0|0|0|0|0|0|0|0|0|0|0|0|0|0|0|0|0|0|0|0|0|0|0|0|0|0|0|0|0|0|0|0|0|0|0|0|0|0|0|0|0|0|0|0|0|0|0|0|0|0|0
DHCST|NY|000|05|0213287|0|0|0|0|0|0|0|0|0|0|0|0|0|0|0|0|0|0|0|0|0|0|0|0|0|0|0|0|0|0|0|0|0|0|0|0|0|0|0|0|0|0|0|0|0|0|0|0|0|0|0|0|0|0|0|0|0|0|0|0|0|0|0|0|0|0|0|0|0|0|0|0|0|0|0|0|0|0|0|0|0|0|0|0|0|0|0|0|0|0|0|0|0|0|0|0|0|0|0|0|0|0|0|0|0|0|0|0|0|0|0|0|0|0|0|0|0|0|0|0|0|0|0|0|0|0|0|0|0|0|0|0|0|0|0|0|0|0|0|0|0|0|0|0|0|0|0|0|0|0|0|0|0|0|0|0|0|0|0|0|0|0|0|0|0|0|0|0|0|0|0|0|0|0|0|0|0|0|0|0|0|0|0|0|0|0|0|0|0|0|0|0|0|0|0|0|0|0|0
DHCST|NY|000|05|0213288|45|45|45|0|0|45|14|3|1|12|0|5|10|45|36|9|45|36|14|3|0|11|0|2|6|9|0|0|1|1|0|3|4|55|19|9|1|14|0|12|55|42|15|9|0|13|0|5|13|4|0|1|1|0|7|45|35|14|3|1|12|0|5|10|10|1|0|0|0|4|0|2|0|3|0|0|0|0|0|0|0|0|0|0|0|0|0|0|0|0|0|0|0|0|0|0|0|0|0|0|0|0|0|0|0|0|0|0|0|0|0|0|0|0|0|0|0|0|0|0|0|0|0|0|0|0|45|9|36|30|14|3|0|11|0|2|6|6|1|0|0|0|0|0|2|0|3|0|0|0|0|0|0|0|0|0|0|0|0|0|0|0|0|0|0|0|0|0|0|0|0|0|0|0|0|0|0|0|0|0|0|0|0|0|0|0|0|0|0|0|0|0|0|0|0|0|0|0|0
DHCST|NY|000|05|0213289|0|0|0|0|0|0|0|0|0|0|0|0|0|0|0|0|0|0|0|0|0|0|0|0|0|0|0|0|0|0|0|0|0|0|0|0|0|0|0|0|0|0|0|0|0|0|0|0|0|0|0|0|0|0|0|0|0|0|0|0|0|0|0|0|0|0|0|0|0|0|0|0|0|0|0|0|0|0|0|0|0|0|0|0|0|0|0|0|0|0|0|0|0|0|0|0|0|0|0|0|0|0|0|0|0|0|0|0|0|0|0|0|0|0|0|0|0|0|0|0|0|0|0|0|0|0|0|0|0|0|0|0|0|0|0|0|0|0|0|0|0|0|0|0|0|0|0|0|0|0|0|0|0|0|0|0|0|0|0|0|0|0|0|0|0|0|0|0|0|0|0|0|0|0|0|0|0|0|0|0|0|0|0|0|0|0|0|0|0|0|0|0|0|0|0|0|0|0|0
DHCST|NY|000|05|0213290|0|0|0|0|0|0|0|0|0|0|0|0|0|0|0|0|0|0|0|0|0|0|0|0|0|0|0|0|0|0|0|0|0|0|0|0|0|0|0|0|0|0|0|0|0|0|0|0|0|0|0|0|0|0|0|0|0|0|0|0|0|0|0|0|0|0|0|0|0|0|0|0|0|0|0|0|0|0|0|0|0|0|0|0|0|0|0|0|0|0|0|0|0|0|0|0|0|0|0|0|0|0|0|0|0|0|0|0|0|0|0|0|0|0|0|0|0|0|0|0|0|0|0|0|0|0|0|0|0|0|0|0|0|0|0|0|0|0|0|0|0|0|0|0|0|0|0|0|0|0|0|0|0|0|0|0|0|0|0|0|0|0|0|0|0|0|0|0|0|0|0|0|0|0|0|0|0|0|0|0|0|0|0|0|0|0|0|0|0|0|0|0|0|0|0|0|0|0|0
DHCST|NY|000|05|0213291|0|0|0|0|0|0|0|0|0|0|0|0|0|0|0|0|0|0|0|0|0|0|0|0|0|0|0|0|0|0|0|0|0|0|0|0|0|0|0|0|0|0|0|0|0|0|0|0|0|0|0|0|0|0|0|0|0|0|0|0|0|0|0|0|0|0|0|0|0|0|0|0|0|0|0|0|0|0|0|0|0|0|0|0|0|0|0|0|0|0|0|0|0|0|0|0|0|0|0|0|0|0|0|0|0|0|0|0|0|0|0|0|0|0|0|0|0|0|0|0|0|0|0|0|0|0|0|0|0|0|0|0|0|0|0|0|0|0|0|0|0|0|0|0|0|0|0|0|0|0|0|0|0|0|0|0|0|0|0|0|0|0|0|0|0|0|0|0|0|0|0|0|0|0|0|0|0|0|0|0|0|0|0|0|0|0|0|0|0|0|0|0|0|0|0|0|0|0|0
DHCST|NY|000|05|0213292|0|0|0|0|0|0|0|0|0|0|0|0|0|0|0|0|0|0|0|0|0|0|0|0|0|0|0|0|0|0|0|0|0|0|0|0|0|0|0|0|0|0|0|0|0|0|0|0|0|0|0|0|0|0|0|0|0|0|0|0|0|0|0|0|0|0|0|0|0|0|0|0|0|0|0|0|0|0|0|0|0|0|0|0|0|0|0|0|0|0|0|0|0|0|0|0|0|0|0|0|0|0|0|0|0|0|0|0|0|0|0|0|0|0|0|0|0|0|0|0|0|0|0|0|0|0|0|0|0|0|0|0|0|0|0|0|0|0|0|0|0|0|0|0|0|0|0|0|0|0|0|0|0|0|0|0|0|0|0|0|0|0|0|0|0|0|0|0|0|0|0|0|0|0|0|0|0|0|0|0|0|0|0|0|0|0|0|0|0|0|0|0|0|0|0|0|0|0|0
DHCST|NY|000|05|0213293|0|0|0|0|0|0|0|0|0|0|0|0|0|0|0|0|0|0|0|0|0|0|0|0|0|0|0|0|0|0|0|0|0|0|0|0|0|0|0|0|0|0|0|0|0|0|0|0|0|0|0|0|0|0|0|0|0|0|0|0|0|0|0|0|0|0|0|0|0|0|0|0|0|0|0|0|0|0|0|0|0|0|0|0|0|0|0|0|0|0|0|0|0|0|0|0|0|0|0|0|0|0|0|0|0|0|0|0|0|0|0|0|0|0|0|0|0|0|0|0|0|0|0|0|0|0|0|0|0|0|0|0|0|0|0|0|0|0|0|0|0|0|0|0|0|0|0|0|0|0|0|0|0|0|0|0|0|0|0|0|0|0|0|0|0|0|0|0|0|0|0|0|0|0|0|0|0|0|0|0|0|0|0|0|0|0|0|0|0|0|0|0|0|0|0|0|0|0|0
DHCST|NY|000|05|0213294|13|13|13|0|0|13|8|3|0|0|0|0|2|13|8|5|13|8|6|0|0|0|0|0|2|5|2|3|0|0|0|0|0|15|8|5|0|2|0|0|15|10|6|2|0|2|0|0|5|2|3|0|0|0|0|13|11|8|3|0|0|0|0|2|2|0|0|0|0|0|0|2|0|0|0|0|0|0|0|0|0|0|0|0|0|0|0|0|0|0|0|0|0|0|0|0|0|0|0|0|0|0|0|0|0|0|0|0|0|0|0|0|0|0|0|0|0|0|0|0|0|0|0|0|0|0|13|5|8|6|6|0|0|0|0|0|2|2|0|0|0|0|0|0|2|0|0|0|0|0|0|0|0|0|0|0|0|0|0|0|0|0|0|0|0|0|0|0|0|0|0|0|0|0|0|0|0|0|0|0|0|0|0|0|0|0|0|0|0|0|0|0|0|0|0|0|0|0|0
DHCST|NY|000|05|0213295|0|0|0|0|0|0|0|0|0|0|0|0|0|0|0|0|0|0|0|0|0|0|0|0|0|0|0|0|0|0|0|0|0|0|0|0|0|0|0|0|0|0|0|0|0|0|0|0|0|0|0|0|0|0|0|0|0|0|0|0|0|0|0|0|0|0|0|0|0|0|0|0|0|0|0|0|0|0|0|0|0|0|0|0|0|0|0|0|0|0|0|0|0|0|0|0|0|0|0|0|0|0|0|0|0|0|0|0|0|0|0|0|0|0|0|0|0|0|0|0|0|0|0|0|0|0|0|0|0|0|0|0|0|0|0|0|0|0|0|0|0|0|0|0|0|0|0|0|0|0|0|0|0|0|0|0|0|0|0|0|0|0|0|0|0|0|0|0|0|0|0|0|0|0|0|0|0|0|0|0|0|0|0|0|0|0|0|0|0|0|0|0|0|0|0|0|0|0|0
DHCST|NY|000|05|0213296|0|0|0|0|0|0|0|0|0|0|0|0|0|0|0|0|0|0|0|0|0|0|0|0|0|0|0|0|0|0|0|0|0|0|0|0|0|0|0|0|0|0|0|0|0|0|0|0|0|0|0|0|0|0|0|0|0|0|0|0|0|0|0|0|0|0|0|0|0|0|0|0|0|0|0|0|0|0|0|0|0|0|0|0|0|0|0|0|0|0|0|0|0|0|0|0|0|0|0|0|0|0|0|0|0|0|0|0|0|0|0|0|0|0|0|0|0|0|0|0|0|0|0|0|0|0|0|0|0|0|0|0|0|0|0|0|0|0|0|0|0|0|0|0|0|0|0|0|0|0|0|0|0|0|0|0|0|0|0|0|0|0|0|0|0|0|0|0|0|0|0|0|0|0|0|0|0|0|0|0|0|0|0|0|0|0|0|0|0|0|0|0|0|0|0|0|0|0|0
DHCST|NY|000|05|0213297|0|0|0|0|0|0|0|0|0|0|0|0|0|0|0|0|0|0|0|0|0|0|0|0|0|0|0|0|0|0|0|0|0|0|0|0|0|0|0|0|0|0|0|0|0|0|0|0|0|0|0|0|0|0|0|0|0|0|0|0|0|0|0|0|0|0|0|0|0|0|0|0|0|0|0|0|0|0|0|0|0|0|0|0|0|0|0|0|0|0|0|0|0|0|0|0|0|0|0|0|0|0|0|0|0|0|0|0|0|0|0|0|0|0|0|0|0|0|0|0|0|0|0|0|0|0|0|0|0|0|0|0|0|0|0|0|0|0|0|0|0|0|0|0|0|0|0|0|0|0|0|0|0|0|0|0|0|0|0|0|0|0|0|0|0|0|0|0|0|0|0|0|0|0|0|0|0|0|0|0|0|0|0|0|0|0|0|0|0|0|0|0|0|0|0|0|0|0|0
DHCST|NY|000|05|0213298|0|0|0|0|0|0|0|0|0|0|0|0|0|0|0|0|0|0|0|0|0|0|0|0|0|0|0|0|0|0|0|0|0|0|0|0|0|0|0|0|0|0|0|0|0|0|0|0|0|0|0|0|0|0|0|0|0|0|0|0|0|0|0|0|0|0|0|0|0|0|0|0|0|0|0|0|0|0|0|0|0|0|0|0|0|0|0|0|0|0|0|0|0|0|0|0|0|0|0|0|0|0|0|0|0|0|0|0|0|0|0|0|0|0|0|0|0|0|0|0|0|0|0|0|0|0|0|0|0|0|0|0|0|0|0|0|0|0|0|0|0|0|0|0|0|0|0|0|0|0|0|0|0|0|0|0|0|0|0|0|0|0|0|0|0|0|0|0|0|0|0|0|0|0|0|0|0|0|0|0|0|0|0|0|0|0|0|0|0|0|0|0|0|0|0|0|0|0|0
DHCST|NY|000|05|0213299|4|4|4|0|0|4|1|0|0|2|0|0|1|4|3|1|4|3|1|0|0|2|0|0|0|1|0|0|0|0|0|0|1|7|2|1|1|2|0|1|7|3|1|0|0|2|0|0|4|1|1|1|0|0|1|4|3|1|0|0|2|0|0|1|0|0|0|0|0|0|0|0|0|0|0|0|0|0|0|0|0|0|0|0|0|0|0|0|0|0|0|0|0|0|0|0|0|0|0|0|0|1|0|0|1|0|0|0|0|0|0|0|0|0|0|0|0|0|0|0|0|0|0|0|0|0|4|1|3|3|1|0|0|2|0|0|0|0|0|0|0|0|0|0|0|0|0|0|0|0|0|0|0|0|0|0|0|0|0|0|0|0|0|0|0|0|0|0|0|0|0|0|0|0|0|0|0|0|0|0|0|0|0|0|0|0|0|0|0|0|0|0|0|0|0|0|0|0|0
DHCST|NY|000|05|0213300|0|0|0|0|0|0|0|0|0|0|0|0|0|0|0|0|0|0|0|0|0|0|0|0|0|0|0|0|0|0|0|0|0|0|0|0|0|0|0|0|0|0|0|0|0|0|0|0|0|0|0|0|0|0|0|0|0|0|0|0|0|0|0|0|0|0|0|0|0|0|0|0|0|0|0|0|0|0|0|0|0|0|0|0|0|0|0|0|0|0|0|0|0|0|0|0|0|0|0|0|0|0|0|0|0|0|0|0|0|0|0|0|0|0|0|0|0|0|0|0|0|0|0|0|0|0|0|0|0|0|0|0|0|0|0|0|0|0|0|0|0|0|0|0|0|0|0|0|0|0|0|0|0|0|0|0|0|0|0|0|0|0|0|0|0|0|0|0|0|0|0|0|0|0|0|0|0|0|0|0|0|0|0|0|0|0|0|0|0|0|0|0|0|0|0|0|0|0|0
DHCST|NY|000|05|0213301|0|0|0|0|0|0|0|0|0|0|0|0|0|0|0|0|0|0|0|0|0|0|0|0|0|0|0|0|0|0|0|0|0|0|0|0|0|0|0|0|0|0|0|0|0|0|0|0|0|0|0|0|0|0|0|0|0|0|0|0|0|0|0|0|0|0|0|0|0|0|0|0|0|0|0|0|0|0|0|0|0|0|0|0|0|0|0|0|0|0|0|0|0|0|0|0|0|0|0|0|0|0|0|0|0|0|0|0|0|0|0|0|0|0|0|0|0|0|0|0|0|0|0|0|0|0|0|0|0|0|0|0|0|0|0|0|0|0|0|0|0|0|0|0|0|0|0|0|0|0|0|0|0|0|0|0|0|0|0|0|0|0|0|0|0|0|0|0|0|0|0|0|0|0|0|0|0|0|0|0|0|0|0|0|0|0|0|0|0|0|0|0|0|0|0|0|0|0|0
DHCST|NY|000|05|0213302|0|0|0|0|0|0|0|0|0|0|0|0|0|0|0|0|0|0|0|0|0|0|0|0|0|0|0|0|0|0|0|0|0|0|0|0|0|0|0|0|0|0|0|0|0|0|0|0|0|0|0|0|0|0|0|0|0|0|0|0|0|0|0|0|0|0|0|0|0|0|0|0|0|0|0|0|0|0|0|0|0|0|0|0|0|0|0|0|0|0|0|0|0|0|0|0|0|0|0|0|0|0|0|0|0|0|0|0|0|0|0|0|0|0|0|0|0|0|0|0|0|0|0|0|0|0|0|0|0|0|0|0|0|0|0|0|0|0|0|0|0|0|0|0|0|0|0|0|0|0|0|0|0|0|0|0|0|0|0|0|0|0|0|0|0|0|0|0|0|0|0|0|0|0|0|0|0|0|0|0|0|0|0|0|0|0|0|0|0|0|0|0|0|0|0|0|0|0|0
DHCST|NY|000|05|0213303|0|0|0|0|0|0|0|0|0|0|0|0|0|0|0|0|0|0|0|0|0|0|0|0|0|0|0|0|0|0|0|0|0|0|0|0|0|0|0|0|0|0|0|0|0|0|0|0|0|0|0|0|0|0|0|0|0|0|0|0|0|0|0|0|0|0|0|0|0|0|0|0|0|0|0|0|0|0|0|0|0|0|0|0|0|0|0|0|0|0|0|0|0|0|0|0|0|0|0|0|0|0|0|0|0|0|0|0|0|0|0|0|0|0|0|0|0|0|0|0|0|0|0|0|0|0|0|0|0|0|0|0|0|0|0|0|0|0|0|0|0|0|0|0|0|0|0|0|0|0|0|0|0|0|0|0|0|0|0|0|0|0|0|0|0|0|0|0|0|0|0|0|0|0|0|0|0|0|0|0|0|0|0|0|0|0|0|0|0|0|0|0|0|0|0|0|0|0|0
DHCST|NY|000|05|0213304|0|0|0|0|0|0|0|0|0|0|0|0|0|0|0|0|0|0|0|0|0|0|0|0|0|0|0|0|0|0|0|0|0|0|0|0|0|0|0|0|0|0|0|0|0|0|0|0|0|0|0|0|0|0|0|0|0|0|0|0|0|0|0|0|0|0|0|0|0|0|0|0|0|0|0|0|0|0|0|0|0|0|0|0|0|0|0|0|0|0|0|0|0|0|0|0|0|0|0|0|0|0|0|0|0|0|0|0|0|0|0|0|0|0|0|0|0|0|0|0|0|0|0|0|0|0|0|0|0|0|0|0|0|0|0|0|0|0|0|0|0|0|0|0|0|0|0|0|0|0|0|0|0|0|0|0|0|0|0|0|0|0|0|0|0|0|0|0|0|0|0|0|0|0|0|0|0|0|0|0|0|0|0|0|0|0|0|0|0|0|0|0|0|0|0|0|0|0|0
DHCST|NY|000|05|0213305|5|5|5|0|0|5|0|0|0|0|0|4|1|5|3|2|5|3|0|0|0|0|0|2|1|2|0|0|0|0|0|2|0|7|1|1|1|0|0|4|7|5|1|1|1|0|0|2|2|0|0|0|0|0|2|5|4|0|0|0|0|0|4|1|0|0|0|0|0|0|0|0|0|0|0|0|0|0|0|0|1|1|0|0|0|0|0|0|0|0|0|0|0|0|0|0|0|0|0|0|0|0|0|0|0|0|0|0|0|0|0|0|0|0|0|0|0|0|0|0|0|0|0|0|0|0|5|2|3|2|0|0|0|0|0|2|1|0|0|0|0|0|0|0|0|0|0|0|0|0|0|0|0|1|1|0|0|0|0|0|0|0|0|0|0|0|0|0|0|0|0|0|0|0|0|0|0|0|0|0|0|0|0|0|0|0|0|0|0|0|0|0|0|0|0|0|0|0|0
DHCST|NY|000|05|0213306|0|0|0|0|0|0|0|0|0|0|0|0|0|0|0|0|0|0|0|0|0|0|0|0|0|0|0|0|0|0|0|0|0|0|0|0|0|0|0|0|0|0|0|0|0|0|0|0|0|0|0|0|0|0|0|0|0|0|0|0|0|0|0|0|0|0|0|0|0|0|0|0|0|0|0|0|0|0|0|0|0|0|0|0|0|0|0|0|0|0|0|0|0|0|0|0|0|0|0|0|0|0|0|0|0|0|0|0|0|0|0|0|0|0|0|0|0|0|0|0|0|0|0|0|0|0|0|0|0|0|0|0|0|0|0|0|0|0|0|0|0|0|0|0|0|0|0|0|0|0|0|0|0|0|0|0|0|0|0|0|0|0|0|0|0|0|0|0|0|0|0|0|0|0|0|0|0|0|0|0|0|0|0|0|0|0|0|0|0|0|0|0|0|0|0|0|0|0|0
DHCST|NY|000|05|0213307|9|9|9|0|0|9|0|4|0|4|0|0|1|9|7|2|9|7|0|3|0|4|0|0|0|2|0|1|0|0|0|0|1|10|1|4|0|4|0|1|10|7|0|3|0|4|0|0|3|1|1|0|0|0|1|9|8|0|4|0|4|0|0|1|1|0|0|0|0|1|0|0|0|0|0|0|0|0|0|0|0|0|0|0|0|0|0|0|0|0|0|0|0|0|0|0|0|0|0|0|0|0|0|0|0|0|0|0|0|0|0|0|0|0|0|0|0|0|0|0|0|0|0|0|0|0|9|2|7|7|0|3|0|4|0|0|0|0|0|0|0|0|0|0|0|0|0|0|0|0|0|0|0|0|0|0|0|0|0|0|0|0|0|0|0|0|0|0|0|0|0|0|0|0|0|0|0|0|0|0|0|0|0|0|0|0|0|0|0|0|0|0|0|0|0|0|0|0|0
DHCST|NY|000|05|0213308|0|0|0|0|0|0|0|0|0|0|0|0|0|0|0|0|0|0|0|0|0|0|0|0|0|0|0|0|0|0|0|0|0|0|0|0|0|0|0|0|0|0|0|0|0|0|0|0|0|0|0|0|0|0|0|0|0|0|0|0|0|0|0|0|0|0|0|0|0|0|0|0|0|0|0|0|0|0|0|0|0|0|0|0|0|0|0|0|0|0|0|0|0|0|0|0|0|0|0|0|0|0|0|0|0|0|0|0|0|0|0|0|0|0|0|0|0|0|0|0|0|0|0|0|0|0|0|0|0|0|0|0|0|0|0|0|0|0|0|0|0|0|0|0|0|0|0|0|0|0|0|0|0|0|0|0|0|0|0|0|0|0|0|0|0|0|0|0|0|0|0|0|0|0|0|0|0|0|0|0|0|0|0|0|0|0|0|0|0|0|0|0|0|0|0|0|0|0|0
DHCST|NY|000|05|0213309|0|0|0|0|0|0|0|0|0|0|0|0|0|0|0|0|0|0|0|0|0|0|0|0|0|0|0|0|0|0|0|0|0|0|0|0|0|0|0|0|0|0|0|0|0|0|0|0|0|0|0|0|0|0|0|0|0|0|0|0|0|0|0|0|0|0|0|0|0|0|0|0|0|0|0|0|0|0|0|0|0|0|0|0|0|0|0|0|0|0|0|0|0|0|0|0|0|0|0|0|0|0|0|0|0|0|0|0|0|0|0|0|0|0|0|0|0|0|0|0|0|0|0|0|0|0|0|0|0|0|0|0|0|0|0|0|0|0|0|0|0|0|0|0|0|0|0|0|0|0|0|0|0|0|0|0|0|0|0|0|0|0|0|0|0|0|0|0|0|0|0|0|0|0|0|0|0|0|0|0|0|0|0|0|0|0|0|0|0|0|0|0|0|0|0|0|0|0|0
DHCST|NY|000|05|0213310|38|38|38|0|0|38|20|6|1|3|0|0|8|38|33|5|38|33|19|6|1|3|0|0|4|5|1|0|0|0|0|0|4|47|28|6|2|7|0|4|47|37|23|6|1|7|0|0|10|5|0|1|0|0|4|38|30|20|6|1|3|0|0|8|7|0|0|4|0|3|0|0|0|0|0|0|0|0|0|0|1|0|0|0|0|0|0|1|0|0|0|0|0|0|0|0|0|0|0|0|0|0|0|0|0|0|0|0|0|0|0|0|0|0|0|0|0|0|0|0|0|0|0|0|0|0|38|5|33|29|19|6|1|3|0|0|4|4|0|0|4|0|0|0|0|0|0|0|0|0|0|0|0|0|0|0|0|0|0|0|0|0|0|0|0|0|0|0|0|0|0|0|0|0|0|0|0|0|0|0|0|0|0|0|0|0|0|0|0|0|0|0|0|0|0|0|0|0|0
DHCST|NY|000|05|0213311|0|0|0|0|0|0|0|0|0|0|0|0|0|0|0|0|0|0|0|0|0|0|0|0|0|0|0|0|0|0|0|0|0|0|0|0|0|0|0|0|0|0|0|0|0|0|0|0|0|0|0|0|0|0|0|0|0|0|0|0|0|0|0|0|0|0|0|0|0|0|0|0|0|0|0|0|0|0|0|0|0|0|0|0|0|0|0|0|0|0|0|0|0|0|0|0|0|0|0|0|0|0|0|0|0|0|0|0|0|0|0|0|0|0|0|0|0|0|0|0|0|0|0|0|0|0|0|0|0|0|0|0|0|0|0|0|0|0|0|0|0|0|0|0|0|0|0|0|0|0|0|0|0|0|0|0|0|0|0|0|0|0|0|0|0|0|0|0|0|0|0|0|0|0|0|0|0|0|0|0|0|0|0|0|0|0|0|0|0|0|0|0|0|0|0|0|0|0|0
DHCST|NY|000|05|0213312|0|0|0|0|0|0|0|0|0|0|0|0|0|0|0|0|0|0|0|0|0|0|0|0|0|0|0|0|0|0|0|0|0|0|0|0|0|0|0|0|0|0|0|0|0|0|0|0|0|0|0|0|0|0|0|0|0|0|0|0|0|0|0|0|0|0|0|0|0|0|0|0|0|0|0|0|0|0|0|0|0|0|0|0|0|0|0|0|0|0|0|0|0|0|0|0|0|0|0|0|0|0|0|0|0|0|0|0|0|0|0|0|0|0|0|0|0|0|0|0|0|0|0|0|0|0|0|0|0|0|0|0|0|0|0|0|0|0|0|0|0|0|0|0|0|0|0|0|0|0|0|0|0|0|0|0|0|0|0|0|0|0|0|0|0|0|0|0|0|0|0|0|0|0|0|0|0|0|0|0|0|0|0|0|0|0|0|0|0|0|0|0|0|0|0|0|0|0|0
DHCST|NY|000|05|0213313|323|323|323|0|0|323|126|183|4|2|0|2|6|323|298|25|323|298|113|173|4|2|0|0|6|25|13|10|0|0|0|2|0|329|132|189|4|2|0|2|329|304|119|179|4|2|0|0|25|13|10|0|0|0|2|323|317|126|183|4|2|0|2|6|6|6|0|0|0|0|0|0|0|0|0|0|0|0|0|0|0|0|0|0|0|0|0|0|0|0|0|0|0|0|0|0|0|0|0|0|0|0|0|0|0|0|0|0|0|0|0|0|0|0|0|0|0|0|0|0|0|0|0|0|0|0|323|25|298|292|113|173|4|2|0|0|6|6|6|0|0|0|0|0|0|0|0|0|0|0|0|0|0|0|0|0|0|0|0|0|0|0|0|0|0|0|0|0|0|0|0|0|0|0|0|0|0|0|0|0|0|0|0|0|0|0|0|0|0|0|0|0|0|0|0|0|0|0|0
DHCST|NY|000|05|0213314|0|0|0|0|0|0|0|0|0|0|0|0|0|0|0|0|0|0|0|0|0|0|0|0|0|0|0|0|0|0|0|0|0|0|0|0|0|0|0|0|0|0|0|0|0|0|0|0|0|0|0|0|0|0|0|0|0|0|0|0|0|0|0|0|0|0|0|0|0|0|0|0|0|0|0|0|0|0|0|0|0|0|0|0|0|0|0|0|0|0|0|0|0|0|0|0|0|0|0|0|0|0|0|0|0|0|0|0|0|0|0|0|0|0|0|0|0|0|0|0|0|0|0|0|0|0|0|0|0|0|0|0|0|0|0|0|0|0|0|0|0|0|0|0|0|0|0|0|0|0|0|0|0|0|0|0|0|0|0|0|0|0|0|0|0|0|0|0|0|0|0|0|0|0|0|0|0|0|0|0|0|0|0|0|0|0|0|0|0|0|0|0|0|0|0|0|0|0|0
DHCST|NY|000|05|0213315|867|867|867|0|0|867|324|109|1|359|0|35|39|867|813|54|867|813|308|107|1|359|0|15|23|54|16|2|0|0|0|20|16|907|359|119|7|364|1|57|907|837|327|116|7|364|0|23|70|32|3|0|0|1|34|867|828|324|109|1|359|0|35|39|38|7|6|2|1|18|0|1|0|1|0|0|0|0|2|0|1|0|0|0|1|0|0|0|0|0|0|0|0|0|0|0|0|0|0|0|0|0|0|0|0|0|0|0|0|0|0|0|0|0|0|0|0|0|0|0|0|0|0|0|0|0|867|54|813|790|308|107|1|359|0|15|23|22|6|6|2|0|4|0|1|0|1|0|0|0|0|2|0|1|0|0|0|1|0|0|0|0|0|0|0|0|0|0|0|0|0|0|0|0|0|0|0|0|0|0|0|0|0|0|0|0|0|0|0|0|0|0|0|0|0|0|0|0|0
DHCST|NY|000|05|0213316|237|237|237|0|0|237|110|96|0|8|0|13|10|237|216|21|237|216|103|95|0|8|0|1|9|21|7|1|0|0|0|12|1|248|119|101|3|9|2|14|248|226|111|100|3|9|2|1|22|8|1|0|0|0|13|237|227|110|96|0|8|0|13|10|9|4|2|1|0|1|0|0|1|0|0|0|0|0|0|0|1|0|0|0|0|0|1|0|0|0|0|0|0|0|0|0|0|0|0|0|0|0|0|0|0|0|0|0|0|0|0|0|0|0|0|0|0|0|0|0|0|0|0|0|0|0|237|21|216|207|103|95|0|8|0|1|9|8|4|2|1|0|0|0|0|1|0|0|0|0|0|0|0|1|0|0|0|0|0|1|0|0|0|0|0|0|0|0|0|0|0|0|0|0|0|0|0|0|0|0|0|0|0|0|0|0|0|0|0|0|0|0|0|0|0|0|0|0|0
DHCST|NY|000|05|0213317|0|0|0|0|0|0|0|0|0|0|0|0|0|0|0|0|0|0|0|0|0|0|0|0|0|0|0|0|0|0|0|0|0|0|0|0|0|0|0|0|0|0|0|0|0|0|0|0|0|0|0|0|0|0|0|0|0|0|0|0|0|0|0|0|0|0|0|0|0|0|0|0|0|0|0|0|0|0|0|0|0|0|0|0|0|0|0|0|0|0|0|0|0|0|0|0|0|0|0|0|0|0|0|0|0|0|0|0|0|0|0|0|0|0|0|0|0|0|0|0|0|0|0|0|0|0|0|0|0|0|0|0|0|0|0|0|0|0|0|0|0|0|0|0|0|0|0|0|0|0|0|0|0|0|0|0|0|0|0|0|0|0|0|0|0|0|0|0|0|0|0|0|0|0|0|0|0|0|0|0|0|0|0|0|0|0|0|0|0|0|0|0|0|0|0|0|0|0|0
DHCST|NY|000|05|0213318|0|0|0|0|0|0|0|0|0|0|0|0|0|0|0|0|0|0|0|0|0|0|0|0|0|0|0|0|0|0|0|0|0|0|0|0|0|0|0|0|0|0|0|0|0|0|0|0|0|0|0|0|0|0|0|0|0|0|0|0|0|0|0|0|0|0|0|0|0|0|0|0|0|0|0|0|0|0|0|0|0|0|0|0|0|0|0|0|0|0|0|0|0|0|0|0|0|0|0|0|0|0|0|0|0|0|0|0|0|0|0|0|0|0|0|0|0|0|0|0|0|0|0|0|0|0|0|0|0|0|0|0|0|0|0|0|0|0|0|0|0|0|0|0|0|0|0|0|0|0|0|0|0|0|0|0|0|0|0|0|0|0|0|0|0|0|0|0|0|0|0|0|0|0|0|0|0|0|0|0|0|0|0|0|0|0|0|0|0|0|0|0|0|0|0|0|0|0|0
DHCST|NY|000|05|0213319|0|0|0|0|0|0|0|0|0|0|0|0|0|0|0|0|0|0|0|0|0|0|0|0|0|0|0|0|0|0|0|0|0|0|0|0|0|0|0|0|0|0|0|0|0|0|0|0|0|0|0|0|0|0|0|0|0|0|0|0|0|0|0|0|0|0|0|0|0|0|0|0|0|0|0|0|0|0|0|0|0|0|0|0|0|0|0|0|0|0|0|0|0|0|0|0|0|0|0|0|0|0|0|0|0|0|0|0|0|0|0|0|0|0|0|0|0|0|0|0|0|0|0|0|0|0|0|0|0|0|0|0|0|0|0|0|0|0|0|0|0|0|0|0|0|0|0|0|0|0|0|0|0|0|0|0|0|0|0|0|0|0|0|0|0|0|0|0|0|0|0|0|0|0|0|0|0|0|0|0|0|0|0|0|0|0|0|0|0|0|0|0|0|0|0|0|0|0|0
DHCST|NY|000|05|0213320|0|0|0|0|0|0|0|0|0|0|0|0|0|0|0|0|0|0|0|0|0|0|0|0|0|0|0|0|0|0|0|0|0|0|0|0|0|0|0|0|0|0|0|0|0|0|0|0|0|0|0|0|0|0|0|0|0|0|0|0|0|0|0|0|0|0|0|0|0|0|0|0|0|0|0|0|0|0|0|0|0|0|0|0|0|0|0|0|0|0|0|0|0|0|0|0|0|0|0|0|0|0|0|0|0|0|0|0|0|0|0|0|0|0|0|0|0|0|0|0|0|0|0|0|0|0|0|0|0|0|0|0|0|0|0|0|0|0|0|0|0|0|0|0|0|0|0|0|0|0|0|0|0|0|0|0|0|0|0|0|0|0|0|0|0|0|0|0|0|0|0|0|0|0|0|0|0|0|0|0|0|0|0|0|0|0|0|0|0|0|0|0|0|0|0|0|0|0|0
DHCST|NY|000|05|0213321|0|0|0|0|0|0|0|0|0|0|0|0|0|0|0|0|0|0|0|0|0|0|0|0|0|0|0|0|0|0|0|0|0|0|0|0|0|0|0|0|0|0|0|0|0|0|0|0|0|0|0|0|0|0|0|0|0|0|0|0|0|0|0|0|0|0|0|0|0|0|0|0|0|0|0|0|0|0|0|0|0|0|0|0|0|0|0|0|0|0|0|0|0|0|0|0|0|0|0|0|0|0|0|0|0|0|0|0|0|0|0|0|0|0|0|0|0|0|0|0|0|0|0|0|0|0|0|0|0|0|0|0|0|0|0|0|0|0|0|0|0|0|0|0|0|0|0|0|0|0|0|0|0|0|0|0|0|0|0|0|0|0|0|0|0|0|0|0|0|0|0|0|0|0|0|0|0|0|0|0|0|0|0|0|0|0|0|0|0|0|0|0|0|0|0|0|0|0|0
DHCST|NY|000|05|0213322|0|0|0|0|0|0|0|0|0|0|0|0|0|0|0|0|0|0|0|0|0|0|0|0|0|0|0|0|0|0|0|0|0|0|0|0|0|0|0|0|0|0|0|0|0|0|0|0|0|0|0|0|0|0|0|0|0|0|0|0|0|0|0|0|0|0|0|0|0|0|0|0|0|0|0|0|0|0|0|0|0|0|0|0|0|0|0|0|0|0|0|0|0|0|0|0|0|0|0|0|0|0|0|0|0|0|0|0|0|0|0|0|0|0|0|0|0|0|0|0|0|0|0|0|0|0|0|0|0|0|0|0|0|0|0|0|0|0|0|0|0|0|0|0|0|0|0|0|0|0|0|0|0|0|0|0|0|0|0|0|0|0|0|0|0|0|0|0|0|0|0|0|0|0|0|0|0|0|0|0|0|0|0|0|0|0|0|0|0|0|0|0|0|0|0|0|0|0|0
DHCST|NY|000|05|0213323|157|157|157|0|0|157|42|96|0|9|0|1|9|157|155|2|157|155|42|96|0|9|0|1|7|2|0|0|0|0|0|0|2|168|51|100|2|9|2|4|168|162|49|98|0|9|2|4|6|2|2|2|0|0|0|157|148|42|96|0|9|0|1|9|7|2|0|0|2|3|0|0|0|0|0|0|0|0|0|0|2|2|0|0|0|0|0|0|0|0|0|0|0|0|0|0|0|0|0|0|0|0|0|0|0|0|0|0|0|0|0|0|0|0|0|0|0|0|0|0|0|0|0|0|0|0|157|2|155|148|42|96|0|9|0|1|7|7|2|0|0|2|3|0|0|0|0|0|0|0|0|0|0|0|0|0|0|0|0|0|0|0|0|0|0|0|0|0|0|0|0|0|0|0|0|0|0|0|0|0|0|0|0|0|0|0|0|0|0|0|0|0|0|0|0|0|0|0|0
DHCST|NY|000|05|0213324|124|124|124|0|0|124|57|21|1|38|0|4|3|124|115|9|124|115|57|18|0|38|0|0|2|9|0|3|1|0|0|4|1|128|60|24|2|38|0|4|128|117|59|20|0|38|0|0|11|1|4|2|0|0|4|124|121|57|21|1|38|0|4|3|2|2|0|0|0|0|0|0|0|0|0|0|0|0|0|0|1|1|0|0|0|0|0|0|0|0|0|0|0|0|0|0|0|0|0|0|0|0|0|0|0|0|0|0|0|0|0|0|0|0|0|0|0|0|0|0|0|0|0|0|0|0|124|9|115|113|57|18|0|38|0|0|2|2|2|0|0|0|0|0|0|0|0|0|0|0|0|0|0|0|0|0|0|0|0|0|0|0|0|0|0|0|0|0|0|0|0|0|0|0|0|0|0|0|0|0|0|0|0|0|0|0|0|0|0|0|0|0|0|0|0|0|0|0|0
DHCST|NY|000|05|0213325|194|194|194|0|0|194|127|3|0|55|0|3|6|194|185|9|194|185|121|3|0|55|0|0|6|9|6|0|0|0|0|3|0|200|133|8|1|55|0|3|200|191|127|8|1|55|0|0|9|6|0|0|0|0|3|194|188|127|3|0|55|0|3|6|6|5|1|0|0|0|0|0|0|0|0|0|0|0|0|0|0|0|0|0|0|0|0|0|0|0|0|0|0|0|0|0|0|0|0|0|0|0|0|0|0|0|0|0|0|0|0|0|0|0|0|0|0|0|0|0|0|0|0|0|0|0|194|9|185|179|121|3|0|55|0|0|6|6|5|1|0|0|0|0|0|0|0|0|0|0|0|0|0|0|0|0|0|0|0|0|0|0|0|0|0|0|0|0|0|0|0|0|0|0|0|0|0|0|0|0|0|0|0|0|0|0|0|0|0|0|0|0|0|0|0|0|0|0|0
DHCST|NY|000|05|0213326|184|184|184|0|0|184|87|33|3|54|0|2|5|184|182|2|184|182|87|33|3|54|0|0|5|2|0|0|0|0|0|2|0|189|92|33|8|54|0|2|189|187|92|33|8|54|0|0|2|0|0|0|0|0|2|184|179|87|33|3|54|0|2|5|5|0|5|0|0|0|0|0|0|0|0|0|0|0|0|0|0|0|0|0|0|0|0|0|0|0|0|0|0|0|0|0|0|0|0|0|0|0|0|0|0|0|0|0|0|0|0|0|0|0|0|0|0|0|0|0|0|0|0|0|0|0|184|2|182|177|87|33|3|54|0|0|5|5|0|5|0|0|0|0|0|0|0|0|0|0|0|0|0|0|0|0|0|0|0|0|0|0|0|0|0|0|0|0|0|0|0|0|0|0|0|0|0|0|0|0|0|0|0|0|0|0|0|0|0|0|0|0|0|0|0|0|0|0|0
DHCST|NY|000|05|0213327|133|133|133|0|0|133|90|1|0|18|0|14|10|133|115|18|133|115|90|1|0|18|0|1|5|18|0|0|0|0|0|13|5|143|95|9|1|18|1|19|143|120|95|4|1|18|1|1|23|0|5|0|0|0|18|133|123|90|1|0|18|0|14|10|10|3|1|0|1|0|0|0|0|5|0|0|0|0|0|0|0|0|0|0|0|0|0|0|0|0|0|0|0|0|0|0|0|0|0|0|0|0|0|0|0|0|0|0|0|0|0|0|0|0|0|0|0|0|0|0|0|0|0|0|0|0|133|18|115|110|90|1|0|18|0|1|5|5|3|1|0|1|0|0|0|0|0|0|0|0|0|0|0|0|0|0|0|0|0|0|0|0|0|0|0|0|0|0|0|0|0|0|0|0|0|0|0|0|0|0|0|0|0|0|0|0|0|0|0|0|0|0|0|0|0|0|0|0|0
DHCST|NY|000|05|0213328|27|27|27|0|0|27|9|0|0|4|0|2|12|27|12|15|27|12|2|0|0|4|0|0|6|15|7|0|0|0|0|2|6|43|19|9|2|8|1|4|43|20|6|3|1|7|1|2|23|13|6|1|1|0|2|27|15|9|0|0|4|0|2|12|9|4|0|2|1|0|0|0|0|2|0|0|0|0|0|0|2|1|1|0|0|0|0|0|0|0|0|0|0|0|0|0|0|0|0|0|0|1|1|0|0|0|0|0|0|0|0|0|0|0|0|0|0|0|0|0|0|0|0|0|0|0|27|15|12|6|2|0|0|4|0|0|6|5|0|0|2|1|0|0|0|0|2|0|0|0|0|0|0|0|0|0|0|0|0|0|0|0|0|0|0|0|0|0|0|0|0|0|0|0|1|1|0|0|0|0|0|0|0|0|0|0|0|0|0|0|0|0|0|0|0|0|0|0|0
DHCST|NY|000|05|0213329|113|113|113|0|0|113|56|16|0|26|0|1|14|113|99|14|113|99|52|11|0|26|0|0|10|14|4|5|0|0|0|1|4|128|69|24|0|26|3|6|128|109|62|17|0|26|3|1|19|7|7|0|0|0|5|113|99|56|16|0|26|0|1|14|13|6|0|0|3|3|0|0|0|1|0|0|0|0|0|0|1|0|0|0|1|0|0|0|0|0|0|0|0|0|0|0|0|0|0|0|0|0|0|0|0|0|0|0|0|0|0|0|0|0|0|0|0|0|0|0|0|0|0|0|0|0|113|14|99|89|52|11|0|26|0|0|10|10|6|0|0|3|1|0|0|0|0|0|0|0|0|0|0|0|0|0|0|0|0|0|0|0|0|0|0|0|0|0|0|0|0|0|0|0|0|0|0|0|0|0|0|0|0|0|0|0|0|0|0|0|0|0|0|0|0|0|0|0|0
DHCST|NY|000|05|0213330|44|44|44|0|0|44|26|8|0|4|0|0|6|44|40|4|44|40|26|7|0|4|0|0|3|4|0|1|0|0|0|0|3|50|31|11|0|5|0|3|50|43|29|9|0|5|0|0|7|2|2|0|0|0|3|44|38|26|8|0|4|0|0|6|6|2|0|1|0|2|0|0|0|1|0|0|0|0|0|0|0|0|0|0|0|0|0|0|0|0|0|0|0|0|0|0|0|0|0|0|0|0|0|0|0|0|0|0|0|0|0|0|0|0|0|0|0|0|0|0|0|0|0|0|0|0|44|4|40|37|26|7|0|4|0|0|3|3|2|0|1|0|0|0|0|0|0|0|0|0|0|0|0|0|0|0|0|0|0|0|0|0|0|0|0|0|0|0|0|0|0|0|0|0|0|0|0|0|0|0|0|0|0|0|0|0|0|0|0|0|0|0|0|0|0|0|0|0|0
DHCST|NY|000|05|0213331|0|0|0|0|0|0|0|0|0|0|0|0|0|0|0|0|0|0|0|0|0|0|0|0|0|0|0|0|0|0|0|0|0|0|0|0|0|0|0|0|0|0|0|0|0|0|0|0|0|0|0|0|0|0|0|0|0|0|0|0|0|0|0|0|0|0|0|0|0|0|0|0|0|0|0|0|0|0|0|0|0|0|0|0|0|0|0|0|0|0|0|0|0|0|0|0|0|0|0|0|0|0|0|0|0|0|0|0|0|0|0|0|0|0|0|0|0|0|0|0|0|0|0|0|0|0|0|0|0|0|0|0|0|0|0|0|0|0|0|0|0|0|0|0|0|0|0|0|0|0|0|0|0|0|0|0|0|0|0|0|0|0|0|0|0|0|0|0|0|0|0|0|0|0|0|0|0|0|0|0|0|0|0|0|0|0|0|0|0|0|0|0|0|0|0|0|0|0|0
DHCST|NY|000|05|0213332|0|0|0|0|0|0|0|0|0|0|0|0|0|0|0|0|0|0|0|0|0|0|0|0|0|0|0|0|0|0|0|0|0|0|0|0|0|0|0|0|0|0|0|0|0|0|0|0|0|0|0|0|0|0|0|0|0|0|0|0|0|0|0|0|0|0|0|0|0|0|0|0|0|0|0|0|0|0|0|0|0|0|0|0|0|0|0|0|0|0|0|0|0|0|0|0|0|0|0|0|0|0|0|0|0|0|0|0|0|0|0|0|0|0|0|0|0|0|0|0|0|0|0|0|0|0|0|0|0|0|0|0|0|0|0|0|0|0|0|0|0|0|0|0|0|0|0|0|0|0|0|0|0|0|0|0|0|0|0|0|0|0|0|0|0|0|0|0|0|0|0|0|0|0|0|0|0|0|0|0|0|0|0|0|0|0|0|0|0|0|0|0|0|0|0|0|0|0|0
DHCST|NY|000|05|0213333|0|0|0|0|0|0|0|0|0|0|0|0|0|0|0|0|0|0|0|0|0|0|0|0|0|0|0|0|0|0|0|0|0|0|0|0|0|0|0|0|0|0|0|0|0|0|0|0|0|0|0|0|0|0|0|0|0|0|0|0|0|0|0|0|0|0|0|0|0|0|0|0|0|0|0|0|0|0|0|0|0|0|0|0|0|0|0|0|0|0|0|0|0|0|0|0|0|0|0|0|0|0|0|0|0|0|0|0|0|0|0|0|0|0|0|0|0|0|0|0|0|0|0|0|0|0|0|0|0|0|0|0|0|0|0|0|0|0|0|0|0|0|0|0|0|0|0|0|0|0|0|0|0|0|0|0|0|0|0|0|0|0|0|0|0|0|0|0|0|0|0|0|0|0|0|0|0|0|0|0|0|0|0|0|0|0|0|0|0|0|0|0|0|0|0|0|0|0|0
DHCST|NY|000|05|0213334|0|0|0|0|0|0|0|0|0|0|0|0|0|0|0|0|0|0|0|0|0|0|0|0|0|0|0|0|0|0|0|0|0|0|0|0|0|0|0|0|0|0|0|0|0|0|0|0|0|0|0|0|0|0|0|0|0|0|0|0|0|0|0|0|0|0|0|0|0|0|0|0|0|0|0|0|0|0|0|0|0|0|0|0|0|0|0|0|0|0|0|0|0|0|0|0|0|0|0|0|0|0|0|0|0|0|0|0|0|0|0|0|0|0|0|0|0|0|0|0|0|0|0|0|0|0|0|0|0|0|0|0|0|0|0|0|0|0|0|0|0|0|0|0|0|0|0|0|0|0|0|0|0|0|0|0|0|0|0|0|0|0|0|0|0|0|0|0|0|0|0|0|0|0|0|0|0|0|0|0|0|0|0|0|0|0|0|0|0|0|0|0|0|0|0|0|0|0|0
DHCST|NY|000|05|0213335|0|0|0|0|0|0|0|0|0|0|0|0|0|0|0|0|0|0|0|0|0|0|0|0|0|0|0|0|0|0|0|0|0|0|0|0|0|0|0|0|0|0|0|0|0|0|0|0|0|0|0|0|0|0|0|0|0|0|0|0|0|0|0|0|0|0|0|0|0|0|0|0|0|0|0|0|0|0|0|0|0|0|0|0|0|0|0|0|0|0|0|0|0|0|0|0|0|0|0|0|0|0|0|0|0|0|0|0|0|0|0|0|0|0|0|0|0|0|0|0|0|0|0|0|0|0|0|0|0|0|0|0|0|0|0|0|0|0|0|0|0|0|0|0|0|0|0|0|0|0|0|0|0|0|0|0|0|0|0|0|0|0|0|0|0|0|0|0|0|0|0|0|0|0|0|0|0|0|0|0|0|0|0|0|0|0|0|0|0|0|0|0|0|0|0|0|0|0|0
DHCST|NY|000|05|0213336|0|0|0|0|0|0|0|0|0|0|0|0|0|0|0|0|0|0|0|0|0|0|0|0|0|0|0|0|0|0|0|0|0|0|0|0|0|0|0|0|0|0|0|0|0|0|0|0|0|0|0|0|0|0|0|0|0|0|0|0|0|0|0|0|0|0|0|0|0|0|0|0|0|0|0|0|0|0|0|0|0|0|0|0|0|0|0|0|0|0|0|0|0|0|0|0|0|0|0|0|0|0|0|0|0|0|0|0|0|0|0|0|0|0|0|0|0|0|0|0|0|0|0|0|0|0|0|0|0|0|0|0|0|0|0|0|0|0|0|0|0|0|0|0|0|0|0|0|0|0|0|0|0|0|0|0|0|0|0|0|0|0|0|0|0|0|0|0|0|0|0|0|0|0|0|0|0|0|0|0|0|0|0|0|0|0|0|0|0|0|0|0|0|0|0|0|0|0|0
DHCST|NY|000|05|0213337|0|0|0|0|0|0|0|0|0|0|0|0|0|0|0|0|0|0|0|0|0|0|0|0|0|0|0|0|0|0|0|0|0|0|0|0|0|0|0|0|0|0|0|0|0|0|0|0|0|0|0|0|0|0|0|0|0|0|0|0|0|0|0|0|0|0|0|0|0|0|0|0|0|0|0|0|0|0|0|0|0|0|0|0|0|0|0|0|0|0|0|0|0|0|0|0|0|0|0|0|0|0|0|0|0|0|0|0|0|0|0|0|0|0|0|0|0|0|0|0|0|0|0|0|0|0|0|0|0|0|0|0|0|0|0|0|0|0|0|0|0|0|0|0|0|0|0|0|0|0|0|0|0|0|0|0|0|0|0|0|0|0|0|0|0|0|0|0|0|0|0|0|0|0|0|0|0|0|0|0|0|0|0|0|0|0|0|0|0|0|0|0|0|0|0|0|0|0|0
DHCST|NY|000|05|0213338|0|0|0|0|0|0|0|0|0|0|0|0|0|0|0|0|0|0|0|0|0|0|0|0|0|0|0|0|0|0|0|0|0|0|0|0|0|0|0|0|0|0|0|0|0|0|0|0|0|0|0|0|0|0|0|0|0|0|0|0|0|0|0|0|0|0|0|0|0|0|0|0|0|0|0|0|0|0|0|0|0|0|0|0|0|0|0|0|0|0|0|0|0|0|0|0|0|0|0|0|0|0|0|0|0|0|0|0|0|0|0|0|0|0|0|0|0|0|0|0|0|0|0|0|0|0|0|0|0|0|0|0|0|0|0|0|0|0|0|0|0|0|0|0|0|0|0|0|0|0|0|0|0|0|0|0|0|0|0|0|0|0|0|0|0|0|0|0|0|0|0|0|0|0|0|0|0|0|0|0|0|0|0|0|0|0|0|0|0|0|0|0|0|0|0|0|0|0|0
DHCST|NY|000|05|0213339|0|0|0|0|0|0|0|0|0|0|0|0|0|0|0|0|0|0|0|0|0|0|0|0|0|0|0|0|0|0|0|0|0|0|0|0|0|0|0|0|0|0|0|0|0|0|0|0|0|0|0|0|0|0|0|0|0|0|0|0|0|0|0|0|0|0|0|0|0|0|0|0|0|0|0|0|0|0|0|0|0|0|0|0|0|0|0|0|0|0|0|0|0|0|0|0|0|0|0|0|0|0|0|0|0|0|0|0|0|0|0|0|0|0|0|0|0|0|0|0|0|0|0|0|0|0|0|0|0|0|0|0|0|0|0|0|0|0|0|0|0|0|0|0|0|0|0|0|0|0|0|0|0|0|0|0|0|0|0|0|0|0|0|0|0|0|0|0|0|0|0|0|0|0|0|0|0|0|0|0|0|0|0|0|0|0|0|0|0|0|0|0|0|0|0|0|0|0|0
DHCST|NY|000|05|0213340|0|0|0|0|0|0|0|0|0|0|0|0|0|0|0|0|0|0|0|0|0|0|0|0|0|0|0|0|0|0|0|0|0|0|0|0|0|0|0|0|0|0|0|0|0|0|0|0|0|0|0|0|0|0|0|0|0|0|0|0|0|0|0|0|0|0|0|0|0|0|0|0|0|0|0|0|0|0|0|0|0|0|0|0|0|0|0|0|0|0|0|0|0|0|0|0|0|0|0|0|0|0|0|0|0|0|0|0|0|0|0|0|0|0|0|0|0|0|0|0|0|0|0|0|0|0|0|0|0|0|0|0|0|0|0|0|0|0|0|0|0|0|0|0|0|0|0|0|0|0|0|0|0|0|0|0|0|0|0|0|0|0|0|0|0|0|0|0|0|0|0|0|0|0|0|0|0|0|0|0|0|0|0|0|0|0|0|0|0|0|0|0|0|0|0|0|0|0|0
DHCST|NY|000|05|0213341|0|0|0|0|0|0|0|0|0|0|0|0|0|0|0|0|0|0|0|0|0|0|0|0|0|0|0|0|0|0|0|0|0|0|0|0|0|0|0|0|0|0|0|0|0|0|0|0|0|0|0|0|0|0|0|0|0|0|0|0|0|0|0|0|0|0|0|0|0|0|0|0|0|0|0|0|0|0|0|0|0|0|0|0|0|0|0|0|0|0|0|0|0|0|0|0|0|0|0|0|0|0|0|0|0|0|0|0|0|0|0|0|0|0|0|0|0|0|0|0|0|0|0|0|0|0|0|0|0|0|0|0|0|0|0|0|0|0|0|0|0|0|0|0|0|0|0|0|0|0|0|0|0|0|0|0|0|0|0|0|0|0|0|0|0|0|0|0|0|0|0|0|0|0|0|0|0|0|0|0|0|0|0|0|0|0|0|0|0|0|0|0|0|0|0|0|0|0|0
DHCST|NY|000|05|0213342|0|0|0|0|0|0|0|0|0|0|0|0|0|0|0|0|0|0|0|0|0|0|0|0|0|0|0|0|0|0|0|0|0|0|0|0|0|0|0|0|0|0|0|0|0|0|0|0|0|0|0|0|0|0|0|0|0|0|0|0|0|0|0|0|0|0|0|0|0|0|0|0|0|0|0|0|0|0|0|0|0|0|0|0|0|0|0|0|0|0|0|0|0|0|0|0|0|0|0|0|0|0|0|0|0|0|0|0|0|0|0|0|0|0|0|0|0|0|0|0|0|0|0|0|0|0|0|0|0|0|0|0|0|0|0|0|0|0|0|0|0|0|0|0|0|0|0|0|0|0|0|0|0|0|0|0|0|0|0|0|0|0|0|0|0|0|0|0|0|0|0|0|0|0|0|0|0|0|0|0|0|0|0|0|0|0|0|0|0|0|0|0|0|0|0|0|0|0|0
DHCST|NY|000|05|0213343|0|0|0|0|0|0|0|0|0|0|0|0|0|0|0|0|0|0|0|0|0|0|0|0|0|0|0|0|0|0|0|0|0|0|0|0|0|0|0|0|0|0|0|0|0|0|0|0|0|0|0|0|0|0|0|0|0|0|0|0|0|0|0|0|0|0|0|0|0|0|0|0|0|0|0|0|0|0|0|0|0|0|0|0|0|0|0|0|0|0|0|0|0|0|0|0|0|0|0|0|0|0|0|0|0|0|0|0|0|0|0|0|0|0|0|0|0|0|0|0|0|0|0|0|0|0|0|0|0|0|0|0|0|0|0|0|0|0|0|0|0|0|0|0|0|0|0|0|0|0|0|0|0|0|0|0|0|0|0|0|0|0|0|0|0|0|0|0|0|0|0|0|0|0|0|0|0|0|0|0|0|0|0|0|0|0|0|0|0|0|0|0|0|0|0|0|0|0|0
DHCST|NY|000|05|0213344|0|0|0|0|0|0|0|0|0|0|0|0|0|0|0|0|0|0|0|0|0|0|0|0|0|0|0|0|0|0|0|0|0|0|0|0|0|0|0|0|0|0|0|0|0|0|0|0|0|0|0|0|0|0|0|0|0|0|0|0|0|0|0|0|0|0|0|0|0|0|0|0|0|0|0|0|0|0|0|0|0|0|0|0|0|0|0|0|0|0|0|0|0|0|0|0|0|0|0|0|0|0|0|0|0|0|0|0|0|0|0|0|0|0|0|0|0|0|0|0|0|0|0|0|0|0|0|0|0|0|0|0|0|0|0|0|0|0|0|0|0|0|0|0|0|0|0|0|0|0|0|0|0|0|0|0|0|0|0|0|0|0|0|0|0|0|0|0|0|0|0|0|0|0|0|0|0|0|0|0|0|0|0|0|0|0|0|0|0|0|0|0|0|0|0|0|0|0|0
DHCST|NY|000|05|0213345|17|17|17|0|0|17|6|2|0|7|0|0|2|17|16|1|17|16|6|1|0|7|0|0|2|1|0|1|0|0|0|0|0|19|8|4|0|7|0|0|19|18|8|3|0|7|0|0|1|0|1|0|0|0|0|17|15|6|2|0|7|0|0|2|2|2|0|0|0|0|0|0|0|0|0|0|0|0|0|0|0|0|0|0|0|0|0|0|0|0|0|0|0|0|0|0|0|0|0|0|0|0|0|0|0|0|0|0|0|0|0|0|0|0|0|0|0|0|0|0|0|0|0|0|0|0|17|1|16|14|6|1|0|7|0|0|2|2|2|0|0|0|0|0|0|0|0|0|0|0|0|0|0|0|0|0|0|0|0|0|0|0|0|0|0|0|0|0|0|0|0|0|0|0|0|0|0|0|0|0|0|0|0|0|0|0|0|0|0|0|0|0|0|0|0|0|0|0|0
DHCST|NY|000|05|0213346|0|0|0|0|0|0|0|0|0|0|0|0|0|0|0|0|0|0|0|0|0|0|0|0|0|0|0|0|0|0|0|0|0|0|0|0|0|0|0|0|0|0|0|0|0|0|0|0|0|0|0|0|0|0|0|0|0|0|0|0|0|0|0|0|0|0|0|0|0|0|0|0|0|0|0|0|0|0|0|0|0|0|0|0|0|0|0|0|0|0|0|0|0|0|0|0|0|0|0|0|0|0|0|0|0|0|0|0|0|0|0|0|0|0|0|0|0|0|0|0|0|0|0|0|0|0|0|0|0|0|0|0|0|0|0|0|0|0|0|0|0|0|0|0|0|0|0|0|0|0|0|0|0|0|0|0|0|0|0|0|0|0|0|0|0|0|0|0|0|0|0|0|0|0|0|0|0|0|0|0|0|0|0|0|0|0|0|0|0|0|0|0|0|0|0|0|0|0|0
DHCST|NY|000|05|0213347|0|0|0|0|0|0|0|0|0|0|0|0|0|0|0|0|0|0|0|0|0|0|0|0|0|0|0|0|0|0|0|0|0|0|0|0|0|0|0|0|0|0|0|0|0|0|0|0|0|0|0|0|0|0|0|0|0|0|0|0|0|0|0|0|0|0|0|0|0|0|0|0|0|0|0|0|0|0|0|0|0|0|0|0|0|0|0|0|0|0|0|0|0|0|0|0|0|0|0|0|0|0|0|0|0|0|0|0|0|0|0|0|0|0|0|0|0|0|0|0|0|0|0|0|0|0|0|0|0|0|0|0|0|0|0|0|0|0|0|0|0|0|0|0|0|0|0|0|0|0|0|0|0|0|0|0|0|0|0|0|0|0|0|0|0|0|0|0|0|0|0|0|0|0|0|0|0|0|0|0|0|0|0|0|0|0|0|0|0|0|0|0|0|0|0|0|0|0|0
DHCST|NY|000|05|0213348|0|0|0|0|0|0|0|0|0|0|0|0|0|0|0|0|0|0|0|0|0|0|0|0|0|0|0|0|0|0|0|0|0|0|0|0|0|0|0|0|0|0|0|0|0|0|0|0|0|0|0|0|0|0|0|0|0|0|0|0|0|0|0|0|0|0|0|0|0|0|0|0|0|0|0|0|0|0|0|0|0|0|0|0|0|0|0|0|0|0|0|0|0|0|0|0|0|0|0|0|0|0|0|0|0|0|0|0|0|0|0|0|0|0|0|0|0|0|0|0|0|0|0|0|0|0|0|0|0|0|0|0|0|0|0|0|0|0|0|0|0|0|0|0|0|0|0|0|0|0|0|0|0|0|0|0|0|0|0|0|0|0|0|0|0|0|0|0|0|0|0|0|0|0|0|0|0|0|0|0|0|0|0|0|0|0|0|0|0|0|0|0|0|0|0|0|0|0|0
DHCST|NY|000|05|0213349|0|0|0|0|0|0|0|0|0|0|0|0|0|0|0|0|0|0|0|0|0|0|0|0|0|0|0|0|0|0|0|0|0|0|0|0|0|0|0|0|0|0|0|0|0|0|0|0|0|0|0|0|0|0|0|0|0|0|0|0|0|0|0|0|0|0|0|0|0|0|0|0|0|0|0|0|0|0|0|0|0|0|0|0|0|0|0|0|0|0|0|0|0|0|0|0|0|0|0|0|0|0|0|0|0|0|0|0|0|0|0|0|0|0|0|0|0|0|0|0|0|0|0|0|0|0|0|0|0|0|0|0|0|0|0|0|0|0|0|0|0|0|0|0|0|0|0|0|0|0|0|0|0|0|0|0|0|0|0|0|0|0|0|0|0|0|0|0|0|0|0|0|0|0|0|0|0|0|0|0|0|0|0|0|0|0|0|0|0|0|0|0|0|0|0|0|0|0|0
DHCST|NY|000|05|0213350|0|0|0|0|0|0|0|0|0|0|0|0|0|0|0|0|0|0|0|0|0|0|0|0|0|0|0|0|0|0|0|0|0|0|0|0|0|0|0|0|0|0|0|0|0|0|0|0|0|0|0|0|0|0|0|0|0|0|0|0|0|0|0|0|0|0|0|0|0|0|0|0|0|0|0|0|0|0|0|0|0|0|0|0|0|0|0|0|0|0|0|0|0|0|0|0|0|0|0|0|0|0|0|0|0|0|0|0|0|0|0|0|0|0|0|0|0|0|0|0|0|0|0|0|0|0|0|0|0|0|0|0|0|0|0|0|0|0|0|0|0|0|0|0|0|0|0|0|0|0|0|0|0|0|0|0|0|0|0|0|0|0|0|0|0|0|0|0|0|0|0|0|0|0|0|0|0|0|0|0|0|0|0|0|0|0|0|0|0|0|0|0|0|0|0|0|0|0|0
DHCST|NY|000|05|0213351|0|0|0|0|0|0|0|0|0|0|0|0|0|0|0|0|0|0|0|0|0|0|0|0|0|0|0|0|0|0|0|0|0|0|0|0|0|0|0|0|0|0|0|0|0|0|0|0|0|0|0|0|0|0|0|0|0|0|0|0|0|0|0|0|0|0|0|0|0|0|0|0|0|0|0|0|0|0|0|0|0|0|0|0|0|0|0|0|0|0|0|0|0|0|0|0|0|0|0|0|0|0|0|0|0|0|0|0|0|0|0|0|0|0|0|0|0|0|0|0|0|0|0|0|0|0|0|0|0|0|0|0|0|0|0|0|0|0|0|0|0|0|0|0|0|0|0|0|0|0|0|0|0|0|0|0|0|0|0|0|0|0|0|0|0|0|0|0|0|0|0|0|0|0|0|0|0|0|0|0|0|0|0|0|0|0|0|0|0|0|0|0|0|0|0|0|0|0|0
DHCST|NY|000|05|0213352|0|0|0|0|0|0|0|0|0|0|0|0|0|0|0|0|0|0|0|0|0|0|0|0|0|0|0|0|0|0|0|0|0|0|0|0|0|0|0|0|0|0|0|0|0|0|0|0|0|0|0|0|0|0|0|0|0|0|0|0|0|0|0|0|0|0|0|0|0|0|0|0|0|0|0|0|0|0|0|0|0|0|0|0|0|0|0|0|0|0|0|0|0|0|0|0|0|0|0|0|0|0|0|0|0|0|0|0|0|0|0|0|0|0|0|0|0|0|0|0|0|0|0|0|0|0|0|0|0|0|0|0|0|0|0|0|0|0|0|0|0|0|0|0|0|0|0|0|0|0|0|0|0|0|0|0|0|0|0|0|0|0|0|0|0|0|0|0|0|0|0|0|0|0|0|0|0|0|0|0|0|0|0|0|0|0|0|0|0|0|0|0|0|0|0|0|0|0|0
DHCST|NY|000|05|0213353|30|30|30|0|0|30|3|9|0|16|0|0|2|30|27|3|30|27|3|7|0|15|0|0|2|3|0|2|0|1|0|0|0|32|5|10|0|16|0|1|32|29|5|8|0|15|0|1|3|0|2|0|1|0|0|30|28|3|9|0|16|0|0|2|2|1|0|0|0|1|0|0|0|0|0|0|0|0|0|0|0|0|0|0|0|0|0|0|0|0|0|0|0|0|0|0|0|0|0|0|0|0|0|0|0|0|0|0|0|0|0|0|0|0|0|0|0|0|0|0|0|0|0|0|0|0|30|3|27|25|3|7|0|15|0|0|2|2|1|0|0|0|1|0|0|0|0|0|0|0|0|0|0|0|0|0|0|0|0|0|0|0|0|0|0|0|0|0|0|0|0|0|0|0|0|0|0|0|0|0|0|0|0|0|0|0|0|0|0|0|0|0|0|0|0|0|0|0|0
DHCST|NY|000|05|0213354|44|44|44|0|0|44|14|17|0|1|0|9|3|44|30|14|44|30|10|17|0|0|0|1|2|14|4|0|0|1|0|8|1|48|17|18|1|2|0|10|48|32|12|17|0|1|0|2|16|5|1|1|1|0|8|44|41|14|17|0|1|0|9|3|2|0|0|1|0|1|0|0|0|0|0|0|0|0|0|0|1|1|0|0|0|0|0|0|0|0|0|0|0|0|0|0|0|0|0|0|0|0|0|0|0|0|0|0|0|0|0|0|0|0|0|0|0|0|0|0|0|0|0|0|0|0|44|14|30|28|10|17|0|0|0|1|2|2|0|0|1|0|1|0|0|0|0|0|0|0|0|0|0|0|0|0|0|0|0|0|0|0|0|0|0|0|0|0|0|0|0|0|0|0|0|0|0|0|0|0|0|0|0|0|0|0|0|0|0|0|0|0|0|0|0|0|0|0|0
DHCST|NY|000|05|0213355|0|0|0|0|0|0|0|0|0|0|0|0|0|0|0|0|0|0|0|0|0|0|0|0|0|0|0|0|0|0|0|0|0|0|0|0|0|0|0|0|0|0|0|0|0|0|0|0|0|0|0|0|0|0|0|0|0|0|0|0|0|0|0|0|0|0|0|0|0|0|0|0|0|0|0|0|0|0|0|0|0|0|0|0|0|0|0|0|0|0|0|0|0|0|0|0|0|0|0|0|0|0|0|0|0|0|0|0|0|0|0|0|0|0|0|0|0|0|0|0|0|0|0|0|0|0|0|0|0|0|0|0|0|0|0|0|0|0|0|0|0|0|0|0|0|0|0|0|0|0|0|0|0|0|0|0|0|0|0|0|0|0|0|0|0|0|0|0|0|0|0|0|0|0|0|0|0|0|0|0|0|0|0|0|0|0|0|0|0|0|0|0|0|0|0|0|0|0|0
DHCST|NY|000|05|0213356|0|0|0|0|0|0|0|0|0|0|0|0|0|0|0|0|0|0|0|0|0|0|0|0|0|0|0|0|0|0|0|0|0|0|0|0|0|0|0|0|0|0|0|0|0|0|0|0|0|0|0|0|0|0|0|0|0|0|0|0|0|0|0|0|0|0|0|0|0|0|0|0|0|0|0|0|0|0|0|0|0|0|0|0|0|0|0|0|0|0|0|0|0|0|0|0|0|0|0|0|0|0|0|0|0|0|0|0|0|0|0|0|0|0|0|0|0|0|0|0|0|0|0|0|0|0|0|0|0|0|0|0|0|0|0|0|0|0|0|0|0|0|0|0|0|0|0|0|0|0|0|0|0|0|0|0|0|0|0|0|0|0|0|0|0|0|0|0|0|0|0|0|0|0|0|0|0|0|0|0|0|0|0|0|0|0|0|0|0|0|0|0|0|0|0|0|0|0|0
DHCST|NY|000|05|0213357|0|0|0|0|0|0|0|0|0|0|0|0|0|0|0|0|0|0|0|0|0|0|0|0|0|0|0|0|0|0|0|0|0|0|0|0|0|0|0|0|0|0|0|0|0|0|0|0|0|0|0|0|0|0|0|0|0|0|0|0|0|0|0|0|0|0|0|0|0|0|0|0|0|0|0|0|0|0|0|0|0|0|0|0|0|0|0|0|0|0|0|0|0|0|0|0|0|0|0|0|0|0|0|0|0|0|0|0|0|0|0|0|0|0|0|0|0|0|0|0|0|0|0|0|0|0|0|0|0|0|0|0|0|0|0|0|0|0|0|0|0|0|0|0|0|0|0|0|0|0|0|0|0|0|0|0|0|0|0|0|0|0|0|0|0|0|0|0|0|0|0|0|0|0|0|0|0|0|0|0|0|0|0|0|0|0|0|0|0|0|0|0|0|0|0|0|0|0|0
DHCST|NY|000|05|0213358|0|0|0|0|0|0|0|0|0|0|0|0|0|0|0|0|0|0|0|0|0|0|0|0|0|0|0|0|0|0|0|0|0|0|0|0|0|0|0|0|0|0|0|0|0|0|0|0|0|0|0|0|0|0|0|0|0|0|0|0|0|0|0|0|0|0|0|0|0|0|0|0|0|0|0|0|0|0|0|0|0|0|0|0|0|0|0|0|0|0|0|0|0|0|0|0|0|0|0|0|0|0|0|0|0|0|0|0|0|0|0|0|0|0|0|0|0|0|0|0|0|0|0|0|0|0|0|0|0|0|0|0|0|0|0|0|0|0|0|0|0|0|0|0|0|0|0|0|0|0|0|0|0|0|0|0|0|0|0|0|0|0|0|0|0|0|0|0|0|0|0|0|0|0|0|0|0|0|0|0|0|0|0|0|0|0|0|0|0|0|0|0|0|0|0|0|0|0|0
DHCST|NY|000|05|0213359|0|0|0|0|0|0|0|0|0|0|0|0|0|0|0|0|0|0|0|0|0|0|0|0|0|0|0|0|0|0|0|0|0|0|0|0|0|0|0|0|0|0|0|0|0|0|0|0|0|0|0|0|0|0|0|0|0|0|0|0|0|0|0|0|0|0|0|0|0|0|0|0|0|0|0|0|0|0|0|0|0|0|0|0|0|0|0|0|0|0|0|0|0|0|0|0|0|0|0|0|0|0|0|0|0|0|0|0|0|0|0|0|0|0|0|0|0|0|0|0|0|0|0|0|0|0|0|0|0|0|0|0|0|0|0|0|0|0|0|0|0|0|0|0|0|0|0|0|0|0|0|0|0|0|0|0|0|0|0|0|0|0|0|0|0|0|0|0|0|0|0|0|0|0|0|0|0|0|0|0|0|0|0|0|0|0|0|0|0|0|0|0|0|0|0|0|0|0|0
DHCST|NY|000|05|0213360|0|0|0|0|0|0|0|0|0|0|0|0|0|0|0|0|0|0|0|0|0|0|0|0|0|0|0|0|0|0|0|0|0|0|0|0|0|0|0|0|0|0|0|0|0|0|0|0|0|0|0|0|0|0|0|0|0|0|0|0|0|0|0|0|0|0|0|0|0|0|0|0|0|0|0|0|0|0|0|0|0|0|0|0|0|0|0|0|0|0|0|0|0|0|0|0|0|0|0|0|0|0|0|0|0|0|0|0|0|0|0|0|0|0|0|0|0|0|0|0|0|0|0|0|0|0|0|0|0|0|0|0|0|0|0|0|0|0|0|0|0|0|0|0|0|0|0|0|0|0|0|0|0|0|0|0|0|0|0|0|0|0|0|0|0|0|0|0|0|0|0|0|0|0|0|0|0|0|0|0|0|0|0|0|0|0|0|0|0|0|0|0|0|0|0|0|0|0|0
DHCST|NY|000|05|0213361|0|0|0|0|0|0|0|0|0|0|0|0|0|0|0|0|0|0|0|0|0|0|0|0|0|0|0|0|0|0|0|0|0|0|0|0|0|0|0|0|0|0|0|0|0|0|0|0|0|0|0|0|0|0|0|0|0|0|0|0|0|0|0|0|0|0|0|0|0|0|0|0|0|0|0|0|0|0|0|0|0|0|0|0|0|0|0|0|0|0|0|0|0|0|0|0|0|0|0|0|0|0|0|0|0|0|0|0|0|0|0|0|0|0|0|0|0|0|0|0|0|0|0|0|0|0|0|0|0|0|0|0|0|0|0|0|0|0|0|0|0|0|0|0|0|0|0|0|0|0|0|0|0|0|0|0|0|0|0|0|0|0|0|0|0|0|0|0|0|0|0|0|0|0|0|0|0|0|0|0|0|0|0|0|0|0|0|0|0|0|0|0|0|0|0|0|0|0|0
DHCST|NY|000|05|0213362|0|0|0|0|0|0|0|0|0|0|0|0|0|0|0|0|0|0|0|0|0|0|0|0|0|0|0|0|0|0|0|0|0|0|0|0|0|0|0|0|0|0|0|0|0|0|0|0|0|0|0|0|0|0|0|0|0|0|0|0|0|0|0|0|0|0|0|0|0|0|0|0|0|0|0|0|0|0|0|0|0|0|0|0|0|0|0|0|0|0|0|0|0|0|0|0|0|0|0|0|0|0|0|0|0|0|0|0|0|0|0|0|0|0|0|0|0|0|0|0|0|0|0|0|0|0|0|0|0|0|0|0|0|0|0|0|0|0|0|0|0|0|0|0|0|0|0|0|0|0|0|0|0|0|0|0|0|0|0|0|0|0|0|0|0|0|0|0|0|0|0|0|0|0|0|0|0|0|0|0|0|0|0|0|0|0|0|0|0|0|0|0|0|0|0|0|0|0|0
DHCST|NY|000|05|0213363|24|24|24|0|0|24|3|9|0|0|0|4|8|24|16|8|24|16|2|9|0|0|0|0|5|8|1|0|0|0|0|4|3|34|11|11|0|5|0|7|34|21|7|9|0|5|0|0|13|4|2|0|0|0|7|24|16|3|9|0|0|0|4|8|6|0|0|5|0|1|0|0|0|0|0|0|0|0|0|0|2|0|0|0|2|0|0|0|0|0|0|0|0|0|0|0|0|0|0|0|0|0|0|0|0|0|0|0|0|0|0|0|0|0|0|0|0|0|0|0|0|0|0|0|0|0|24|8|16|11|2|9|0|0|0|0|5|5|0|0|5|0|0|0|0|0|0|0|0|0|0|0|0|0|0|0|0|0|0|0|0|0|0|0|0|0|0|0|0|0|0|0|0|0|0|0|0|0|0|0|0|0|0|0|0|0|0|0|0|0|0|0|0|0|0|0|0|0|0
DHCST|NY|000|05|0213364|59|59|59|0|0|59|27|10|0|10|0|3|9|59|44|15|59|44|20|10|0|10|0|0|4|15|7|0|0|0|0|3|5|68|34|13|0|13|0|8|68|48|24|11|0|13|0|0|20|10|2|0|0|0|8|59|50|27|10|0|10|0|3|9|9|1|0|3|0|3|0|0|0|2|0|0|0|0|0|0|0|0|0|0|0|0|0|0|0|0|0|0|0|0|0|0|0|0|0|0|0|0|0|0|0|0|0|0|0|0|0|0|0|0|0|0|0|0|0|0|0|0|0|0|0|0|59|15|44|40|20|10|0|10|0|0|4|4|1|0|3|0|0|0|0|0|0|0|0|0|0|0|0|0|0|0|0|0|0|0|0|0|0|0|0|0|0|0|0|0|0|0|0|0|0|0|0|0|0|0|0|0|0|0|0|0|0|0|0|0|0|0|0|0|0|0|0|0|0
DHCST|NY|000|05|0213365|0|0|0|0|0|0|0|0|0|0|0|0|0|0|0|0|0|0|0|0|0|0|0|0|0|0|0|0|0|0|0|0|0|0|0|0|0|0|0|0|0|0|0|0|0|0|0|0|0|0|0|0|0|0|0|0|0|0|0|0|0|0|0|0|0|0|0|0|0|0|0|0|0|0|0|0|0|0|0|0|0|0|0|0|0|0|0|0|0|0|0|0|0|0|0|0|0|0|0|0|0|0|0|0|0|0|0|0|0|0|0|0|0|0|0|0|0|0|0|0|0|0|0|0|0|0|0|0|0|0|0|0|0|0|0|0|0|0|0|0|0|0|0|0|0|0|0|0|0|0|0|0|0|0|0|0|0|0|0|0|0|0|0|0|0|0|0|0|0|0|0|0|0|0|0|0|0|0|0|0|0|0|0|0|0|0|0|0|0|0|0|0|0|0|0|0|0|0|0
DHCST|NY|000|05|0213366|0|0|0|0|0|0|0|0|0|0|0|0|0|0|0|0|0|0|0|0|0|0|0|0|0|0|0|0|0|0|0|0|0|0|0|0|0|0|0|0|0|0|0|0|0|0|0|0|0|0|0|0|0|0|0|0|0|0|0|0|0|0|0|0|0|0|0|0|0|0|0|0|0|0|0|0|0|0|0|0|0|0|0|0|0|0|0|0|0|0|0|0|0|0|0|0|0|0|0|0|0|0|0|0|0|0|0|0|0|0|0|0|0|0|0|0|0|0|0|0|0|0|0|0|0|0|0|0|0|0|0|0|0|0|0|0|0|0|0|0|0|0|0|0|0|0|0|0|0|0|0|0|0|0|0|0|0|0|0|0|0|0|0|0|0|0|0|0|0|0|0|0|0|0|0|0|0|0|0|0|0|0|0|0|0|0|0|0|0|0|0|0|0|0|0|0|0|0|0
DHCST|NY|000|05|0213367|759|759|759|0|0|759|404|118|0|157|0|59|21|759|678|81|759|678|402|111|0|157|0|0|8|81|2|7|0|0|0|59|13|782|425|126|2|157|0|72|782|686|410|117|0|157|0|2|96|15|9|2|0|0|70|759|738|404|118|0|157|0|59|21|19|6|0|0|0|13|0|0|0|0|0|0|0|0|0|0|2|2|0|0|0|0|0|0|0|0|0|0|0|0|0|0|0|0|0|0|0|0|0|0|0|0|0|0|0|0|0|0|0|0|0|0|0|0|0|0|0|0|0|0|0|0|759|81|678|670|402|111|0|157|0|0|8|8|6|0|0|0|2|0|0|0|0|0|0|0|0|0|0|0|0|0|0|0|0|0|0|0|0|0|0|0|0|0|0|0|0|0|0|0|0|0|0|0|0|0|0|0|0|0|0|0|0|0|0|0|0|0|0|0|0|0|0|0|0
DHCST|NY|000|05|0213368|205|205|205|0|0|205|82|41|0|76|0|1|5|205|201|4|205|201|82|38|0|76|0|0|5|4|0|3|0|0|0|1|0|210|87|45|1|76|0|1|210|206|87|42|1|76|0|0|4|0|3|0|0|0|1|205|200|82|41|0|76|0|1|5|5|4|1|0|0|0|0|0|0|0|0|0|0|0|0|0|0|0|0|0|0|0|0|0|0|0|0|0|0|0|0|0|0|0|0|0|0|0|0|0|0|0|0|0|0|0|0|0|0|0|0|0|0|0|0|0|0|0|0|0|0|0|205|4|201|196|82|38|0|76|0|0|5|5|4|1|0|0|0|0|0|0|0|0|0|0|0|0|0|0|0|0|0|0|0|0|0|0|0|0|0|0|0|0|0|0|0|0|0|0|0|0|0|0|0|0|0|0|0|0|0|0|0|0|0|0|0|0|0|0|0|0|0|0|0
DHCST|NY|000|05|0213369|56|56|56|0|0|56|13|37|0|1|0|0|5|56|54|2|56|54|13|36|0|1|0|0|4|2|0|1|0|0|0|0|1|61|18|39|1|2|0|1|61|58|17|38|1|2|0|0|3|1|1|0|0|0|1|56|51|13|37|0|1|0|0|5|5|2|1|1|0|1|0|0|0|0|0|0|0|0|0|0|0|0|0|0|0|0|0|0|0|0|0|0|0|0|0|0|0|0|0|0|0|0|0|0|0|0|0|0|0|0|0|0|0|0|0|0|0|0|0|0|0|0|0|0|0|0|56|2|54|50|13|36|0|1|0|0|4|4|2|1|1|0|0|0|0|0|0|0|0|0|0|0|0|0|0|0|0|0|0|0|0|0|0|0|0|0|0|0|0|0|0|0|0|0|0|0|0|0|0|0|0|0|0|0|0|0|0|0|0|0|0|0|0|0|0|0|0|0|0
DHCST|NY|000|05|0213370|88|88|88|0|0|88|30|46|0|10|0|2|0|88|81|7|88|81|27|44|0|10|0|0|0|7|3|2|0|0|0|2|0|88|30|46|0|10|0|2|88|81|27|44|0|10|0|0|7|3|2|0|0|0|2|88|88|30|46|0|10|0|2|0|0|0|0|0|0|0|0|0|0|0|0|0|0|0|0|0|0|0|0|0|0|0|0|0|0|0|0|0|0|0|0|0|0|0|0|0|0|0|0|0|0|0|0|0|0|0|0|0|0|0|0|0|0|0|0|0|0|0|0|0|0|0|88|7|81|81|27|44|0|10|0|0|0|0|0|0|0|0|0|0|0|0|0|0|0|0|0|0|0|0|0|0|0|0|0|0|0|0|0|0|0|0|0|0|0|0|0|0|0|0|0|0|0|0|0|0|0|0|0|0|0|0|0|0|0|0|0|0|0|0|0|0|0|0|0
DHCST|NY|000|05|0213371|0|0|0|0|0|0|0|0|0|0|0|0|0|0|0|0|0|0|0|0|0|0|0|0|0|0|0|0|0|0|0|0|0|0|0|0|0|0|0|0|0|0|0|0|0|0|0|0|0|0|0|0|0|0|0|0|0|0|0|0|0|0|0|0|0|0|0|0|0|0|0|0|0|0|0|0|0|0|0|0|0|0|0|0|0|0|0|0|0|0|0|0|0|0|0|0|0|0|0|0|0|0|0|0|0|0|0|0|0|0|0|0|0|0|0|0|0|0|0|0|0|0|0|0|0|0|0|0|0|0|0|0|0|0|0|0|0|0|0|0|0|0|0|0|0|0|0|0|0|0|0|0|0|0|0|0|0|0|0|0|0|0|0|0|0|0|0|0|0|0|0|0|0|0|0|0|0|0|0|0|0|0|0|0|0|0|0|0|0|0|0|0|0|0|0|0|0|0|0
DHCST|NY|000|05|0213372|0|0|0|0|0|0|0|0|0|0|0|0|0|0|0|0|0|0|0|0|0|0|0|0|0|0|0|0|0|0|0|0|0|0|0|0|0|0|0|0|0|0|0|0|0|0|0|0|0|0|0|0|0|0|0|0|0|0|0|0|0|0|0|0|0|0|0|0|0|0|0|0|0|0|0|0|0|0|0|0|0|0|0|0|0|0|0|0|0|0|0|0|0|0|0|0|0|0|0|0|0|0|0|0|0|0|0|0|0|0|0|0|0|0|0|0|0|0|0|0|0|0|0|0|0|0|0|0|0|0|0|0|0|0|0|0|0|0|0|0|0|0|0|0|0|0|0|0|0|0|0|0|0|0|0|0|0|0|0|0|0|0|0|0|0|0|0|0|0|0|0|0|0|0|0|0|0|0|0|0|0|0|0|0|0|0|0|0|0|0|0|0|0|0|0|0|0|0|0
DHCST|NY|000|05|0213373|31|31|31|0|0|31|11|2|0|5|0|8|5|31|24|7|31|24|10|2|0|5|0|6|1|7|1|0|0|0|0|2|4|36|14|5|0|5|0|12|36|25|11|3|0|5|0|6|11|3|2|0|0|0|6|31|26|11|2|0|5|0|8|5|5|1|0|0|0|2|0|0|0|2|0|0|0|0|0|0|0|0|0|0|0|0|0|0|0|0|0|0|0|0|0|0|0|0|0|0|0|0|0|0|0|0|0|0|0|0|0|0|0|0|0|0|0|0|0|0|0|0|0|0|0|0|31|7|24|23|10|2|0|5|0|6|1|1|1|0|0|0|0|0|0|0|0|0|0|0|0|0|0|0|0|0|0|0|0|0|0|0|0|0|0|0|0|0|0|0|0|0|0|0|0|0|0|0|0|0|0|0|0|0|0|0|0|0|0|0|0|0|0|0|0|0|0|0|0
DHCST|NY|000|05|0213374|0|0|0|0|0|0|0|0|0|0|0|0|0|0|0|0|0|0|0|0|0|0|0|0|0|0|0|0|0|0|0|0|0|0|0|0|0|0|0|0|0|0|0|0|0|0|0|0|0|0|0|0|0|0|0|0|0|0|0|0|0|0|0|0|0|0|0|0|0|0|0|0|0|0|0|0|0|0|0|0|0|0|0|0|0|0|0|0|0|0|0|0|0|0|0|0|0|0|0|0|0|0|0|0|0|0|0|0|0|0|0|0|0|0|0|0|0|0|0|0|0|0|0|0|0|0|0|0|0|0|0|0|0|0|0|0|0|0|0|0|0|0|0|0|0|0|0|0|0|0|0|0|0|0|0|0|0|0|0|0|0|0|0|0|0|0|0|0|0|0|0|0|0|0|0|0|0|0|0|0|0|0|0|0|0|0|0|0|0|0|0|0|0|0|0|0|0|0|0
DHCST|NY|000|05|0213375|75|75|75|0|0|75|14|54|0|0|0|2|5|75|75|0|75|75|14|54|0|0|0|2|5|0|0|0|0|0|0|0|0|80|19|54|1|4|0|2|80|80|19|54|1|4|0|2|0|0|0|0|0|0|0|75|70|14|54|0|0|0|2|5|5|0|1|4|0|0|0|0|0|0|0|0|0|0|0|0|0|0|0|0|0|0|0|0|0|0|0|0|0|0|0|0|0|0|0|0|0|0|0|0|0|0|0|0|0|0|0|0|0|0|0|0|0|0|0|0|0|0|0|0|0|0|75|0|75|70|14|54|0|0|0|2|5|5|0|1|4|0|0|0|0|0|0|0|0|0|0|0|0|0|0|0|0|0|0|0|0|0|0|0|0|0|0|0|0|0|0|0|0|0|0|0|0|0|0|0|0|0|0|0|0|0|0|0|0|0|0|0|0|0|0|0|0|0|0
DHCST|NY|000|05|0213376|114|114|114|0|0|114|8|83|0|16|0|0|7|114|108|6|114|108|8|81|0|16|0|0|3|6|0|2|0|0|0|0|4|124|12|90|2|16|0|4|124|113|11|84|2|16|0|0|11|1|6|0|0|0|4|114|107|8|83|0|16|0|0|7|4|1|0|0|0|0|0|0|0|3|0|0|0|0|0|0|3|2|0|0|1|0|0|0|0|0|0|0|0|0|0|0|0|0|0|0|0|0|0|0|0|0|0|0|0|0|0|0|0|0|0|0|0|0|0|0|0|0|0|0|0|0|114|6|108|105|8|81|0|16|0|0|3|1|1|0|0|0|0|0|0|0|0|0|0|0|0|0|0|2|2|0|0|0|0|0|0|0|0|0|0|0|0|0|0|0|0|0|0|0|0|0|0|0|0|0|0|0|0|0|0|0|0|0|0|0|0|0|0|0|0|0|0|0|0
DHCST|NY|000|05|0213377|74|74|74|0|0|74|30|32|1|2|0|5|4|74|68|6|74|68|30|32|1|2|0|0|3|6|0|0|0|0|0|5|1|79|33|34|4|3|0|5|79|71|32|33|4|2|0|0|8|1|1|0|1|0|5|74|70|30|32|1|2|0|5|4|3|0|2|0|0|0|1|0|0|0|0|0|0|0|0|0|1|0|1|0|0|0|0|0|0|0|0|0|0|0|0|0|0|0|0|0|0|0|0|0|0|0|0|0|0|0|0|0|0|0|0|0|0|0|0|0|0|0|0|0|0|0|74|6|68|65|30|32|1|2|0|0|3|3|0|2|0|0|0|1|0|0|0|0|0|0|0|0|0|0|0|0|0|0|0|0|0|0|0|0|0|0|0|0|0|0|0|0|0|0|0|0|0|0|0|0|0|0|0|0|0|0|0|0|0|0|0|0|0|0|0|0|0|0|0
DHCST|NY|000|05|0213378|67|67|67|0|0|67|31|10|1|16|0|5|4|67|61|6|67|61|30|10|1|16|0|1|3|6|1|0|0|0|0|4|1|72|33|13|4|16|1|5|72|64|31|12|3|16|1|1|8|2|1|1|0|0|4|67|63|31|10|1|16|0|5|4|3|0|0|0|1|0|2|0|0|0|0|0|0|0|0|0|1|1|0|0|0|0|0|0|0|0|0|0|0|0|0|0|0|0|0|0|0|0|0|0|0|0|0|0|0|0|0|0|0|0|0|0|0|0|0|0|0|0|0|0|0|0|67|6|61|58|30|10|1|16|0|1|3|3|0|0|0|1|0|2|0|0|0|0|0|0|0|0|0|0|0|0|0|0|0|0|0|0|0|0|0|0|0|0|0|0|0|0|0|0|0|0|0|0|0|0|0|0|0|0|0|0|0|0|0|0|0|0|0|0|0|0|0|0|0
DHCST|NY|000|05|0213379|54|54|54|0|0|54|40|1|0|10|0|3|0|54|54|0|54|54|40|1|0|10|0|3|0|0|0|0|0|0|0|0|0|54|40|1|0|10|0|3|54|54|40|1|0|10|0|3|0|0|0|0|0|0|0|54|54|40|1|0|10|0|3|0|0|0|0|0|0|0|0|0|0|0|0|0|0|0|0|0|0|0|0|0|0|0|0|0|0|0|0|0|0|0|0|0|0|0|0|0|0|0|0|0|0|0|0|0|0|0|0|0|0|0|0|0|0|0|0|0|0|0|0|0|0|0|54|0|54|54|40|1|0|10|0|3|0|0|0|0|0|0|0|0|0|0|0|0|0|0|0|0|0|0|0|0|0|0|0|0|0|0|0|0|0|0|0|0|0|0|0|0|0|0|0|0|0|0|0|0|0|0|0|0|0|0|0|0|0|0|0|0|0|0|0|0|0|0|0
DHCST|NY|000|05|0213380|145|145|145|0|0|145|49|84|0|0|0|3|9|145|135|10|145|135|46|82|0|0|0|0|7|10|3|2|0|0|0|3|2|157|57|88|3|1|0|8|157|143|52|85|1|1|0|4|14|5|3|2|0|0|4|145|136|49|84|0|0|0|3|9|7|1|1|0|0|4|0|1|0|0|0|0|0|0|0|0|1|1|0|0|0|0|0|0|0|0|0|0|0|0|0|0|0|0|0|0|0|1|0|0|1|0|0|0|0|0|0|0|0|0|0|0|0|0|0|0|0|0|0|0|0|0|145|10|135|128|46|82|0|0|0|0|7|6|1|0|0|0|4|0|1|0|0|0|0|0|0|0|0|1|1|0|0|0|0|0|0|0|0|0|0|0|0|0|0|0|0|0|0|0|0|0|0|0|0|0|0|0|0|0|0|0|0|0|0|0|0|0|0|0|0|0|0|0|0
DHCST|NY|000|05|0213381|233|233|233|0|0|233|80|128|2|5|0|10|8|233|219|14|233|219|80|123|2|5|0|4|5|14|0|5|0|0|0|6|3|241|84|136|3|5|0|13|241|224|84|128|3|5|0|4|17|0|8|0|0|0|9|233|225|80|128|2|5|0|10|8|8|4|0|0|0|0|1|0|0|3|0|0|0|0|0|0|0|0|0|0|0|0|0|0|0|0|0|0|0|0|0|0|0|0|0|0|0|0|0|0|0|0|0|0|0|0|0|0|0|0|0|0|0|0|0|0|0|0|0|0|0|0|233|14|219|214|80|123|2|5|0|4|5|5|4|0|0|0|0|1|0|0|0|0|0|0|0|0|0|0|0|0|0|0|0|0|0|0|0|0|0|0|0|0|0|0|0|0|0|0|0|0|0|0|0|0|0|0|0|0|0|0|0|0|0|0|0|0|0|0|0|0|0|0|0
DHCST|NY|000|05|0213382|125|125|125|0|0|125|32|53|2|19|0|7|12|125|112|13|125|112|30|53|2|19|0|2|6|13|2|0|0|0|0|5|6|137|42|59|2|20|0|14|137|118|36|57|2|20|0|3|19|6|2|0|0|0|11|125|113|32|53|2|19|0|7|12|12|4|0|1|0|5|0|0|0|2|0|0|0|0|0|0|0|0|0|0|0|0|0|0|0|0|0|0|0|0|0|0|0|0|0|0|0|0|0|0|0|0|0|0|0|0|0|0|0|0|0|0|0|0|0|0|0|0|0|0|0|0|125|13|112|106|30|53|2|19|0|2|6|6|4|0|1|0|1|0|0|0|0|0|0|0|0|0|0|0|0|0|0|0|0|0|0|0|0|0|0|0|0|0|0|0|0|0|0|0|0|0|0|0|0|0|0|0|0|0|0|0|0|0|0|0|0|0|0|0|0|0|0|0|0
DHCST|NY|000|05|0213383|0|0|0|0|0|0|0|0|0|0|0|0|0|0|0|0|0|0|0|0|0|0|0|0|0|0|0|0|0|0|0|0|0|0|0|0|0|0|0|0|0|0|0|0|0|0|0|0|0|0|0|0|0|0|0|0|0|0|0|0|0|0|0|0|0|0|0|0|0|0|0|0|0|0|0|0|0|0|0|0|0|0|0|0|0|0|0|0|0|0|0|0|0|0|0|0|0|0|0|0|0|0|0|0|0|0|0|0|0|0|0|0|0|0|0|0|0|0|0|0|0|0|0|0|0|0|0|0|0|0|0|0|0|0|0|0|0|0|0|0|0|0|0|0|0|0|0|0|0|0|0|0|0|0|0|0|0|0|0|0|0|0|0|0|0|0|0|0|0|0|0|0|0|0|0|0|0|0|0|0|0|0|0|0|0|0|0|0|0|0|0|0|0|0|0|0|0|0|0
DHCST|NY|000|05|0213384|123|123|123|0|0|123|69|30|4|0|0|10|10|123|111|12|123|111|66|26|4|0|0|7|8|12|3|4|0|0|0|3|2|135|75|35|11|0|2|12|135|119|72|29|11|0|0|7|16|3|6|0|0|2|5|123|113|69|30|4|0|0|10|10|8|1|5|0|0|0|2|0|0|0|0|0|0|0|0|0|2|0|0|0|0|0|0|0|0|0|0|0|0|0|0|0|2|0|0|0|0|0|0|0|0|0|0|0|0|0|0|0|0|0|0|0|0|0|0|0|0|0|0|0|0|0|123|12|111|103|66|26|4|0|0|7|8|8|1|5|0|0|0|2|0|0|0|0|0|0|0|0|0|0|0|0|0|0|0|0|0|0|0|0|0|0|0|0|0|0|0|0|0|0|0|0|0|0|0|0|0|0|0|0|0|0|0|0|0|0|0|0|0|0|0|0|0|0|0
DHCST|NY|000|05|0213385|142|142|142|0|0|142|93|26|1|6|0|5|11|142|129|13|142|129|90|26|1|6|0|1|5|13|3|0|0|0|0|4|6|157|104|28|6|8|0|11|157|136|95|26|6|8|0|1|21|9|2|0|0|0|10|142|131|93|26|1|6|0|5|11|7|0|3|0|0|4|0|0|0|0|0|0|0|0|0|0|4|0|0|0|2|2|0|0|0|0|0|0|0|0|0|0|0|0|0|0|0|0|0|0|0|0|0|0|0|0|0|0|0|0|0|0|0|0|0|0|0|0|0|0|0|0|142|13|129|124|90|26|1|6|0|1|5|3|0|3|0|0|0|0|0|0|0|0|0|0|0|0|0|2|0|0|0|0|2|0|0|0|0|0|0|0|0|0|0|0|0|0|0|0|0|0|0|0|0|0|0|0|0|0|0|0|0|0|0|0|0|0|0|0|0|0|0|0|0
DHCST|NY|000|05|0213386|117|117|117|0|0|117|95|7|0|1|0|2|12|117|109|8|117|109|95|7|0|1|0|0|6|8|0|0|0|0|0|2|6|129|107|13|1|1|0|7|129|115|101|12|1|1|0|0|14|6|1|0|0|0|7|117|105|95|7|0|1|0|2|12|12|6|1|0|0|5|0|0|0|0|0|0|0|0|0|0|0|0|0|0|0|0|0|0|0|0|0|0|0|0|0|0|0|0|0|0|0|0|0|0|0|0|0|0|0|0|0|0|0|0|0|0|0|0|0|0|0|0|0|0|0|0|117|8|109|103|95|7|0|1|0|0|6|6|5|1|0|0|0|0|0|0|0|0|0|0|0|0|0|0|0|0|0|0|0|0|0|0|0|0|0|0|0|0|0|0|0|0|0|0|0|0|0|0|0|0|0|0|0|0|0|0|0|0|0|0|0|0|0|0|0|0|0|0|0
DHCST|NY|000|05|0213387|161|161|161|0|0|161|99|27|0|27|0|0|8|161|149|12|161|149|94|24|0|27|0|0|4|12|5|3|0|0|0|0|4|169|107|30|1|27|0|4|169|153|98|27|1|27|0|0|16|9|3|0|0|0|4|161|153|99|27|0|27|0|0|8|8|3|1|0|0|4|0|0|0|0|0|0|0|0|0|0|0|0|0|0|0|0|0|0|0|0|0|0|0|0|0|0|0|0|0|0|0|0|0|0|0|0|0|0|0|0|0|0|0|0|0|0|0|0|0|0|0|0|0|0|0|0|161|12|149|145|94|24|0|27|0|0|4|4|3|1|0|0|0|0|0|0|0|0|0|0|0|0|0|0|0|0|0|0|0|0|0|0|0|0|0|0|0|0|0|0|0|0|0|0|0|0|0|0|0|0|0|0|0|0|0|0|0|0|0|0|0|0|0|0|0|0|0|0|0
DHCST|NY|000|05|0213388|126|126|126|0|0|126|50|19|1|52|0|2|2|126|121|5|126|121|47|19|1|52|0|0|2|5|3|0|0|0|0|2|0|129|52|21|1|53|0|2|129|124|49|21|1|53|0|0|5|3|0|0|0|0|2|126|124|50|19|1|52|0|2|2|1|1|0|0|0|0|0|0|0|0|0|0|0|0|0|0|1|0|1|0|0|0|0|0|0|0|0|0|0|0|0|0|0|0|0|0|0|0|0|0|0|0|0|0|0|0|0|0|0|0|0|0|0|0|0|0|0|0|0|0|0|0|126|5|121|119|47|19|1|52|0|0|2|1|1|0|0|0|0|0|0|0|0|0|0|0|0|0|0|1|0|1|0|0|0|0|0|0|0|0|0|0|0|0|0|0|0|0|0|0|0|0|0|0|0|0|0|0|0|0|0|0|0|0|0|0|0|0|0|0|0|0|0|0|0
DHCST|NY|000|05|0213389|67|67|67|0|0|67|31|18|2|7|0|0|9|67|61|6|67|61|30|18|0|7|0|0|6|6|1|0|2|0|0|0|3|76|38|21|6|8|0|3|76|67|36|21|2|8|0|0|9|2|0|4|0|0|3|67|58|31|18|2|7|0|0|9|9|3|2|1|0|1|0|0|0|0|0|0|2|0|0|0|0|0|0|0|0|0|0|0|0|0|0|0|0|0|0|0|0|0|0|0|0|0|0|0|0|0|0|0|0|0|0|0|0|0|0|0|0|0|0|0|0|0|0|0|0|0|67|6|61|55|30|18|0|7|0|0|6|6|3|2|1|0|0|0|0|0|0|0|0|0|0|0|0|0|0|0|0|0|0|0|0|0|0|0|0|0|0|0|0|0|0|0|0|0|0|0|0|0|0|0|0|0|0|0|0|0|0|0|0|0|0|0|0|0|0|0|0|0|0
DHCST|NY|000|05|0213390|109|109|109|0|0|109|9|88|0|2|0|7|3|109|100|9|109|100|7|87|0|2|0|1|3|9|2|1|0|0|0|6|0|112|12|91|0|2|0|7|112|103|10|90|0|2|0|1|9|2|1|0|0|0|6|109|106|9|88|0|2|0|7|3|3|3|0|0|0|0|0|0|0|0|0|0|0|0|0|0|0|0|0|0|0|0|0|0|0|0|0|0|0|0|0|0|0|0|0|0|0|0|0|0|0|0|0|0|0|0|0|0|0|0|0|0|0|0|0|0|0|0|0|0|0|0|109|9|100|97|7|87|0|2|0|1|3|3|3|0|0|0|0|0|0|0|0|0|0|0|0|0|0|0|0|0|0|0|0|0|0|0|0|0|0|0|0|0|0|0|0|0|0|0|0|0|0|0|0|0|0|0|0|0|0|0|0|0|0|0|0|0|0|0|0|0|0|0|0
DHCST|NY|000|05|0213391|107|107|107|0|0|107|30|70|2|2|0|1|2|107|99|8|107|99|26|69|0|2|0|0|2|8|4|1|2|0|0|1|0|110|31|72|3|3|0|1|110|102|27|71|1|3|0|0|8|4|1|2|0|0|1|107|105|30|70|2|2|0|1|2|1|0|0|0|0|0|0|1|0|0|0|0|0|0|0|0|1|1|0|0|0|0|0|0|0|0|0|0|0|0|0|0|0|0|0|0|0|0|0|0|0|0|0|0|0|0|0|0|0|0|0|0|0|0|0|0|0|0|0|0|0|0|107|8|99|97|26|69|0|2|0|0|2|1|0|0|0|0|0|0|1|0|0|0|0|0|0|0|0|1|1|0|0|0|0|0|0|0|0|0|0|0|0|0|0|0|0|0|0|0|0|0|0|0|0|0|0|0|0|0|0|0|0|0|0|0|0|0|0|0|0|0|0|0|0
DHCST|NY|000|05|0213392|0|0|0|0|0|0|0|0|0|0|0|0|0|0|0|0|0|0|0|0|0|0|0|0|0|0|0|0|0|0|0|0|0|0|0|0|0|0|0|0|0|0|0|0|0|0|0|0|0|0|0|0|0|0|0|0|0|0|0|0|0|0|0|0|0|0|0|0|0|0|0|0|0|0|0|0|0|0|0|0|0|0|0|0|0|0|0|0|0|0|0|0|0|0|0|0|0|0|0|0|0|0|0|0|0|0|0|0|0|0|0|0|0|0|0|0|0|0|0|0|0|0|0|0|0|0|0|0|0|0|0|0|0|0|0|0|0|0|0|0|0|0|0|0|0|0|0|0|0|0|0|0|0|0|0|0|0|0|0|0|0|0|0|0|0|0|0|0|0|0|0|0|0|0|0|0|0|0|0|0|0|0|0|0|0|0|0|0|0|0|0|0|0|0|0|0|0|0|0
DHCST|NY|000|05|0213393|0|0|0|0|0|0|0|0|0|0|0|0|0|0|0|0|0|0|0|0|0|0|0|0|0|0|0|0|0|0|0|0|0|0|0|0|0|0|0|0|0|0|0|0|0|0|0|0|0|0|0|0|0|0|0|0|0|0|0|0|0|0|0|0|0|0|0|0|0|0|0|0|0|0|0|0|0|0|0|0|0|0|0|0|0|0|0|0|0|0|0|0|0|0|0|0|0|0|0|0|0|0|0|0|0|0|0|0|0|0|0|0|0|0|0|0|0|0|0|0|0|0|0|0|0|0|0|0|0|0|0|0|0|0|0|0|0|0|0|0|0|0|0|0|0|0|0|0|0|0|0|0|0|0|0|0|0|0|0|0|0|0|0|0|0|0|0|0|0|0|0|0|0|0|0|0|0|0|0|0|0|0|0|0|0|0|0|0|0|0|0|0|0|0|0|0|0|0|0
DHCST|NY|000|05|0213394|0|0|0|0|0|0|0|0|0|0|0|0|0|0|0|0|0|0|0|0|0|0|0|0|0|0|0|0|0|0|0|0|0|0|0|0|0|0|0|0|0|0|0|0|0|0|0|0|0|0|0|0|0|0|0|0|0|0|0|0|0|0|0|0|0|0|0|0|0|0|0|0|0|0|0|0|0|0|0|0|0|0|0|0|0|0|0|0|0|0|0|0|0|0|0|0|0|0|0|0|0|0|0|0|0|0|0|0|0|0|0|0|0|0|0|0|0|0|0|0|0|0|0|0|0|0|0|0|0|0|0|0|0|0|0|0|0|0|0|0|0|0|0|0|0|0|0|0|0|0|0|0|0|0|0|0|0|0|0|0|0|0|0|0|0|0|0|0|0|0|0|0|0|0|0|0|0|0|0|0|0|0|0|0|0|0|0|0|0|0|0|0|0|0|0|0|0|0|0
DHCST|NY|000|05|0213395|9|9|9|0|0|9|2|0|0|0|0|0|7|9|9|0|9|9|2|0|0|0|0|0|7|0|0|0|0|0|0|0|0|17|7|4|6|0|0|0|17|17|7|4|6|0|0|0|0|0|0|0|0|0|0|9|2|2|0|0|0|0|0|7|6|1|3|0|0|0|2|0|0|0|0|0|0|0|0|0|1|1|0|0|0|0|0|0|0|0|0|0|0|0|0|0|0|0|0|0|0|0|0|0|0|0|0|0|0|0|0|0|0|0|0|0|0|0|0|0|0|0|0|0|0|0|9|0|9|2|2|0|0|0|0|0|7|6|1|3|0|0|0|2|0|0|0|0|0|0|0|0|0|1|1|0|0|0|0|0|0|0|0|0|0|0|0|0|0|0|0|0|0|0|0|0|0|0|0|0|0|0|0|0|0|0|0|0|0|0|0|0|0|0|0|0|0|0|0
DHCST|NY|000|05|0213396|0|0|0|0|0|0|0|0|0|0|0|0|0|0|0|0|0|0|0|0|0|0|0|0|0|0|0|0|0|0|0|0|0|0|0|0|0|0|0|0|0|0|0|0|0|0|0|0|0|0|0|0|0|0|0|0|0|0|0|0|0|0|0|0|0|0|0|0|0|0|0|0|0|0|0|0|0|0|0|0|0|0|0|0|0|0|0|0|0|0|0|0|0|0|0|0|0|0|0|0|0|0|0|0|0|0|0|0|0|0|0|0|0|0|0|0|0|0|0|0|0|0|0|0|0|0|0|0|0|0|0|0|0|0|0|0|0|0|0|0|0|0|0|0|0|0|0|0|0|0|0|0|0|0|0|0|0|0|0|0|0|0|0|0|0|0|0|0|0|0|0|0|0|0|0|0|0|0|0|0|0|0|0|0|0|0|0|0|0|0|0|0|0|0|0|0|0|0|0
DHCST|NY|000|05|0213397|0|0|0|0|0|0|0|0|0|0|0|0|0|0|0|0|0|0|0|0|0|0|0|0|0|0|0|0|0|0|0|0|0|0|0|0|0|0|0|0|0|0|0|0|0|0|0|0|0|0|0|0|0|0|0|0|0|0|0|0|0|0|0|0|0|0|0|0|0|0|0|0|0|0|0|0|0|0|0|0|0|0|0|0|0|0|0|0|0|0|0|0|0|0|0|0|0|0|0|0|0|0|0|0|0|0|0|0|0|0|0|0|0|0|0|0|0|0|0|0|0|0|0|0|0|0|0|0|0|0|0|0|0|0|0|0|0|0|0|0|0|0|0|0|0|0|0|0|0|0|0|0|0|0|0|0|0|0|0|0|0|0|0|0|0|0|0|0|0|0|0|0|0|0|0|0|0|0|0|0|0|0|0|0|0|0|0|0|0|0|0|0|0|0|0|0|0|0|0
DHCST|NY|000|05|0213398|390|390|390|0|0|390|38|172|3|0|0|125|52|390|164|226|390|164|20|140|1|0|0|0|3|226|18|32|2|0|0|125|49|444|76|188|4|2|1|173|444|167|23|140|1|2|0|1|277|53|48|3|0|1|172|390|338|38|172|3|0|0|125|52|51|1|0|2|0|34|0|0|0|14|0|0|0|0|0|0|0|0|0|0|0|0|0|0|0|0|0|0|0|0|0|0|0|0|0|0|0|1|0|1|0|0|0|0|0|0|0|0|0|0|0|0|0|0|0|0|0|0|0|0|0|0|390|226|164|161|20|140|1|0|0|0|3|3|0|0|2|0|1|0|0|0|0|0|0|0|0|0|0|0|0|0|0|0|0|0|0|0|0|0|0|0|0|0|0|0|0|0|0|0|0|0|0|0|0|0|0|0|0|0|0|0|0|0|0|0|0|0|0|0|0|0|0|0|0
DHCST|NY|000|05|0213399|0|0|0|0|0|0|0|0|0|0|0|0|0|0|0|0|0|0|0|0|0|0|0|0|0|0|0|0|0|0|0|0|0|0|0|0|0|0|0|0|0|0|0|0|0|0|0|0|0|0|0|0|0|0|0|0|0|0|0|0|0|0|0|0|0|0|0|0|0|0|0|0|0|0|0|0|0|0|0|0|0|0|0|0|0|0|0|0|0|0|0|0|0|0|0|0|0|0|0|0|0|0|0|0|0|0|0|0|0|0|0|0|0|0|0|0|0|0|0|0|0|0|0|0|0|0|0|0|0|0|0|0|0|0|0|0|0|0|0|0|0|0|0|0|0|0|0|0|0|0|0|0|0|0|0|0|0|0|0|0|0|0|0|0|0|0|0|0|0|0|0|0|0|0|0|0|0|0|0|0|0|0|0|0|0|0|0|0|0|0|0|0|0|0|0|0|0|0|0
DHCST|NY|000|05|0213400|32|32|32|0|0|32|14|4|0|3|0|6|5|32|20|12|32|20|14|1|0|3|0|0|2|12|0|3|0|0|0|6|3|37|19|4|0|5|0|9|37|22|16|1|0|5|0|0|15|3|3|0|0|0|9|32|27|14|4|0|3|0|6|5|5|0|0|2|0|3|0|0|0|0|0|0|0|0|0|0|0|0|0|0|0|0|0|0|0|0|0|0|0|0|0|0|0|0|0|0|0|0|0|0|0|0|0|0|0|0|0|0|0|0|0|0|0|0|0|0|0|0|0|0|0|0|32|12|20|18|14|1|0|3|0|0|2|2|0|0|2|0|0|0|0|0|0|0|0|0|0|0|0|0|0|0|0|0|0|0|0|0|0|0|0|0|0|0|0|0|0|0|0|0|0|0|0|0|0|0|0|0|0|0|0|0|0|0|0|0|0|0|0|0|0|0|0|0|0
DHCST|NY|000|05|0213401|0|0|0|0|0|0|0|0|0|0|0|0|0|0|0|0|0|0|0|0|0|0|0|0|0|0|0|0|0|0|0|0|0|0|0|0|0|0|0|0|0|0|0|0|0|0|0|0|0|0|0|0|0|0|0|0|0|0|0|0|0|0|0|0|0|0|0|0|0|0|0|0|0|0|0|0|0|0|0|0|0|0|0|0|0|0|0|0|0|0|0|0|0|0|0|0|0|0|0|0|0|0|0|0|0|0|0|0|0|0|0|0|0|0|0|0|0|0|0|0|0|0|0|0|0|0|0|0|0|0|0|0|0|0|0|0|0|0|0|0|0|0|0|0|0|0|0|0|0|0|0|0|0|0|0|0|0|0|0|0|0|0|0|0|0|0|0|0|0|0|0|0|0|0|0|0|0|0|0|0|0|0|0|0|0|0|0|0|0|0|0|0|0|0|0|0|0|0|0
DHCST|NY|000|05|0213402|0|0|0|0|0|0|0|0|0|0|0|0|0|0|0|0|0|0|0|0|0|0|0|0|0|0|0|0|0|0|0|0|0|0|0|0|0|0|0|0|0|0|0|0|0|0|0|0|0|0|0|0|0|0|0|0|0|0|0|0|0|0|0|0|0|0|0|0|0|0|0|0|0|0|0|0|0|0|0|0|0|0|0|0|0|0|0|0|0|0|0|0|0|0|0|0|0|0|0|0|0|0|0|0|0|0|0|0|0|0|0|0|0|0|0|0|0|0|0|0|0|0|0|0|0|0|0|0|0|0|0|0|0|0|0|0|0|0|0|0|0|0|0|0|0|0|0|0|0|0|0|0|0|0|0|0|0|0|0|0|0|0|0|0|0|0|0|0|0|0|0|0|0|0|0|0|0|0|0|0|0|0|0|0|0|0|0|0|0|0|0|0|0|0|0|0|0|0|0
DHCST|NY|000|05|0213403|12|12|12|0|0|12|1|0|0|6|0|2|3|12|12|0|12|12|1|0|0|6|0|2|3|0|0|0|0|0|0|0|0|15|4|0|0|9|0|2|15|15|4|0|0|9|0|2|0|0|0|0|0|0|0|12|9|1|0|0|6|0|2|3|3|0|0|3|0|0|0|0|0|0|0|0|0|0|0|0|0|0|0|0|0|0|0|0|0|0|0|0|0|0|0|0|0|0|0|0|0|0|0|0|0|0|0|0|0|0|0|0|0|0|0|0|0|0|0|0|0|0|0|0|0|0|12|0|12|9|1|0|0|6|0|2|3|3|0|0|3|0|0|0|0|0|0|0|0|0|0|0|0|0|0|0|0|0|0|0|0|0|0|0|0|0|0|0|0|0|0|0|0|0|0|0|0|0|0|0|0|0|0|0|0|0|0|0|0|0|0|0|0|0|0|0|0|0|0
DHCST|NY|000|05|0213404|0|0|0|0|0|0|0|0|0|0|0|0|0|0|0|0|0|0|0|0|0|0|0|0|0|0|0|0|0|0|0|0|0|0|0|0|0|0|0|0|0|0|0|0|0|0|0|0|0|0|0|0|0|0|0|0|0|0|0|0|0|0|0|0|0|0|0|0|0|0|0|0|0|0|0|0|0|0|0|0|0|0|0|0|0|0|0|0|0|0|0|0|0|0|0|0|0|0|0|0|0|0|0|0|0|0|0|0|0|0|0|0|0|0|0|0|0|0|0|0|0|0|0|0|0|0|0|0|0|0|0|0|0|0|0|0|0|0|0|0|0|0|0|0|0|0|0|0|0|0|0|0|0|0|0|0|0|0|0|0|0|0|0|0|0|0|0|0|0|0|0|0|0|0|0|0|0|0|0|0|0|0|0|0|0|0|0|0|0|0|0|0|0|0|0|0|0|0|0
DHCST|NY|000|05|0213405|28|28|28|0|0|28|0|4|0|10|0|8|6|28|20|8|28|20|0|3|0|10|0|1|6|8|0|1|0|0|0|7|0|35|5|8|2|10|0|10|35|27|5|7|2|10|0|3|8|0|1|0|0|0|7|28|22|0|4|0|10|0|8|6|5|3|0|0|0|1|1|0|0|0|0|0|0|0|0|0|1|0|0|0|0|0|0|1|0|0|0|0|0|0|0|0|0|0|0|0|0|0|0|0|0|0|0|0|0|0|0|0|0|0|0|0|0|0|0|0|0|0|0|0|0|0|28|8|20|14|0|3|0|10|0|1|6|5|3|0|0|0|1|1|0|0|0|0|0|0|0|0|0|1|0|0|0|0|0|0|1|0|0|0|0|0|0|0|0|0|0|0|0|0|0|0|0|0|0|0|0|0|0|0|0|0|0|0|0|0|0|0|0|0|0|0|0|0|0
DHCST|NY|000|05|0213406|45|45|45|0|0|45|2|21|0|5|0|4|13|45|35|10|45|35|1|17|0|5|0|2|10|10|1|4|0|0|0|2|3|60|13|30|2|8|0|7|60|47|11|24|2|8|0|2|13|2|6|0|0|0|5|45|32|2|21|0|5|0|4|13|11|5|0|3|0|1|0|0|0|2|0|0|0|0|0|0|2|2|0|0|0|0|0|0|0|0|0|0|0|0|0|0|0|0|0|0|0|0|0|0|0|0|0|0|0|0|0|0|0|0|0|0|0|0|0|0|0|0|0|0|0|0|45|10|35|25|1|17|0|5|0|2|10|8|5|0|3|0|0|0|0|0|0|0|0|0|0|0|0|2|2|0|0|0|0|0|0|0|0|0|0|0|0|0|0|0|0|0|0|0|0|0|0|0|0|0|0|0|0|0|0|0|0|0|0|0|0|0|0|0|0|0|0|0|0
DHCST|NY|000|05|0213407|163|163|163|0|0|163|92|49|0|9|0|5|8|163|146|17|163|146|89|45|0|9|0|0|3|17|3|4|0|0|0|5|5|171|99|51|1|9|1|10|171|149|92|47|1|9|0|0|22|7|4|0|0|1|10|163|155|92|49|0|9|0|5|8|8|2|1|0|0|4|0|0|0|0|0|0|0|0|0|1|0|0|0|0|0|0|0|0|0|0|0|0|0|0|0|0|0|0|0|0|0|0|0|0|0|0|0|0|0|0|0|0|0|0|0|0|0|0|0|0|0|0|0|0|0|0|163|17|146|143|89|45|0|9|0|0|3|3|2|1|0|0|0|0|0|0|0|0|0|0|0|0|0|0|0|0|0|0|0|0|0|0|0|0|0|0|0|0|0|0|0|0|0|0|0|0|0|0|0|0|0|0|0|0|0|0|0|0|0|0|0|0|0|0|0|0|0|0|0
DHCST|NY|000|05|0213408|98|98|98|0|0|98|27|48|0|13|0|5|5|98|89|9|98|89|27|48|0|13|0|1|0|9|0|0|0|0|0|4|5|103|27|53|0|13|0|10|103|89|27|48|0|13|0|1|14|0|5|0|0|0|9|98|93|27|48|0|13|0|5|5|5|0|0|0|0|0|0|0|0|5|0|0|0|0|0|0|0|0|0|0|0|0|0|0|0|0|0|0|0|0|0|0|0|0|0|0|0|0|0|0|0|0|0|0|0|0|0|0|0|0|0|0|0|0|0|0|0|0|0|0|0|0|98|9|89|89|27|48|0|13|0|1|0|0|0|0|0|0|0|0|0|0|0|0|0|0|0|0|0|0|0|0|0|0|0|0|0|0|0|0|0|0|0|0|0|0|0|0|0|0|0|0|0|0|0|0|0|0|0|0|0|0|0|0|0|0|0|0|0|0|0|0|0|0|0
DHCST|NY|000|05|0213409|85|85|85|0|0|85|20|48|1|11|0|1|4|85|81|4|85|81|17|48|1|11|0|0|4|4|3|0|0|0|0|1|0|89|24|52|1|11|0|1|89|85|21|52|1|11|0|0|4|3|0|0|0|0|1|85|81|20|48|1|11|0|1|4|4|4|0|0|0|0|0|0|0|0|0|0|0|0|0|0|0|0|0|0|0|0|0|0|0|0|0|0|0|0|0|0|0|0|0|0|0|0|0|0|0|0|0|0|0|0|0|0|0|0|0|0|0|0|0|0|0|0|0|0|0|0|85|4|81|77|17|48|1|11|0|0|4|4|4|0|0|0|0|0|0|0|0|0|0|0|0|0|0|0|0|0|0|0|0|0|0|0|0|0|0|0|0|0|0|0|0|0|0|0|0|0|0|0|0|0|0|0|0|0|0|0|0|0|0|0|0|0|0|0|0|0|0|0|0
DHCST|NY|000|05|0213410|12|12|12|0|0|12|5|4|0|0|0|1|2|12|9|3|12|9|3|4|0|0|0|0|2|3|2|0|0|0|0|1|0|14|7|4|1|0|0|2|14|11|5|4|1|0|0|1|3|2|0|0|0|0|1|12|10|5|4|0|0|0|1|2|2|0|1|0|0|1|0|0|0|0|0|0|0|0|0|0|0|0|0|0|0|0|0|0|0|0|0|0|0|0|0|0|0|0|0|0|0|0|0|0|0|0|0|0|0|0|0|0|0|0|0|0|0|0|0|0|0|0|0|0|0|0|12|3|9|7|3|4|0|0|0|0|2|2|0|1|0|0|1|0|0|0|0|0|0|0|0|0|0|0|0|0|0|0|0|0|0|0|0|0|0|0|0|0|0|0|0|0|0|0|0|0|0|0|0|0|0|0|0|0|0|0|0|0|0|0|0|0|0|0|0|0|0|0|0
DHCST|NY|000|05|0213411|0|0|0|0|0|0|0|0|0|0|0|0|0|0|0|0|0|0|0|0|0|0|0|0|0|0|0|0|0|0|0|0|0|0|0|0|0|0|0|0|0|0|0|0|0|0|0|0|0|0|0|0|0|0|0|0|0|0|0|0|0|0|0|0|0|0|0|0|0|0|0|0|0|0|0|0|0|0|0|0|0|0|0|0|0|0|0|0|0|0|0|0|0|0|0|0|0|0|0|0|0|0|0|0|0|0|0|0|0|0|0|0|0|0|0|0|0|0|0|0|0|0|0|0|0|0|0|0|0|0|0|0|0|0|0|0|0|0|0|0|0|0|0|0|0|0|0|0|0|0|0|0|0|0|0|0|0|0|0|0|0|0|0|0|0|0|0|0|0|0|0|0|0|0|0|0|0|0|0|0|0|0|0|0|0|0|0|0|0|0|0|0|0|0|0|0|0|0|0
DHCST|NY|000|05|0213412|54|54|54|0|0|54|11|36|1|1|0|4|1|54|33|21|54|33|9|22|1|1|0|0|0|21|2|14|0|0|0|4|1|55|11|36|1|1|1|5|55|33|9|22|1|1|0|0|22|2|14|0|0|1|5|54|53|11|36|1|1|0|4|1|1|0|0|0|0|0|0|0|0|0|0|0|0|0|0|1|0|0|0|0|0|0|0|0|0|0|0|0|0|0|0|0|0|0|0|0|0|0|0|0|0|0|0|0|0|0|0|0|0|0|0|0|0|0|0|0|0|0|0|0|0|0|54|21|33|33|9|22|1|1|0|0|0|0|0|0|0|0|0|0|0|0|0|0|0|0|0|0|0|0|0|0|0|0|0|0|0|0|0|0|0|0|0|0|0|0|0|0|0|0|0|0|0|0|0|0|0|0|0|0|0|0|0|0|0|0|0|0|0|0|0|0|0|0|0
DHCST|NY|000|05|0213413|69|69|69|0|0|69|22|33|0|5|0|6|3|69|66|3|69|66|22|33|0|5|0|3|3|3|0|0|0|0|0|3|0|73|25|35|1|5|0|7|73|70|25|35|1|5|0|4|3|0|0|0|0|0|3|69|66|22|33|0|5|0|6|3|2|2|0|0|0|0|0|0|0|0|0|0|0|0|0|0|1|0|0|0|0|0|0|1|0|0|0|0|0|0|0|0|0|0|0|0|0|0|0|0|0|0|0|0|0|0|0|0|0|0|0|0|0|0|0|0|0|0|0|0|0|0|69|3|66|63|22|33|0|5|0|3|3|2|2|0|0|0|0|0|0|0|0|0|0|0|0|0|0|1|0|0|0|0|0|0|1|0|0|0|0|0|0|0|0|0|0|0|0|0|0|0|0|0|0|0|0|0|0|0|0|0|0|0|0|0|0|0|0|0|0|0|0|0|0
DHCST|NY|000|05|0213414|0|0|0|0|0|0|0|0|0|0|0|0|0|0|0|0|0|0|0|0|0|0|0|0|0|0|0|0|0|0|0|0|0|0|0|0|0|0|0|0|0|0|0|0|0|0|0|0|0|0|0|0|0|0|0|0|0|0|0|0|0|0|0|0|0|0|0|0|0|0|0|0|0|0|0|0|0|0|0|0|0|0|0|0|0|0|0|0|0|0|0|0|0|0|0|0|0|0|0|0|0|0|0|0|0|0|0|0|0|0|0|0|0|0|0|0|0|0|0|0|0|0|0|0|0|0|0|0|0|0|0|0|0|0|0|0|0|0|0|0|0|0|0|0|0|0|0|0|0|0|0|0|0|0|0|0|0|0|0|0|0|0|0|0|0|0|0|0|0|0|0|0|0|0|0|0|0|0|0|0|0|0|0|0|0|0|0|0|0|0|0|0|0|0|0|0|0|0|0
DHCST|NY|000|05|0213415|19|19|19|0|0|19|16|2|0|0|0|0|1|19|17|2|19|17|14|2|0|0|0|0|1|2|2|0|0|0|0|0|0|20|17|2|0|1|0|0|20|18|15|2|0|1|0|0|2|2|0|0|0|0|0|19|18|16|2|0|0|0|0|1|1|0|0|1|0|0|0|0|0|0|0|0|0|0|0|0|0|0|0|0|0|0|0|0|0|0|0|0|0|0|0|0|0|0|0|0|0|0|0|0|0|0|0|0|0|0|0|0|0|0|0|0|0|0|0|0|0|0|0|0|0|0|19|2|17|16|14|2|0|0|0|0|1|1|0|0|1|0|0|0|0|0|0|0|0|0|0|0|0|0|0|0|0|0|0|0|0|0|0|0|0|0|0|0|0|0|0|0|0|0|0|0|0|0|0|0|0|0|0|0|0|0|0|0|0|0|0|0|0|0|0|0|0|0|0
DHCST|NY|000|05|0213416|0|0|0|0|0|0|0|0|0|0|0|0|0|0|0|0|0|0|0|0|0|0|0|0|0|0|0|0|0|0|0|0|0|0|0|0|0|0|0|0|0|0|0|0|0|0|0|0|0|0|0|0|0|0|0|0|0|0|0|0|0|0|0|0|0|0|0|0|0|0|0|0|0|0|0|0|0|0|0|0|0|0|0|0|0|0|0|0|0|0|0|0|0|0|0|0|0|0|0|0|0|0|0|0|0|0|0|0|0|0|0|0|0|0|0|0|0|0|0|0|0|0|0|0|0|0|0|0|0|0|0|0|0|0|0|0|0|0|0|0|0|0|0|0|0|0|0|0|0|0|0|0|0|0|0|0|0|0|0|0|0|0|0|0|0|0|0|0|0|0|0|0|0|0|0|0|0|0|0|0|0|0|0|0|0|0|0|0|0|0|0|0|0|0|0|0|0|0|0
DHCST|NY|000|05|0213417|0|0|0|0|0|0|0|0|0|0|0|0|0|0|0|0|0|0|0|0|0|0|0|0|0|0|0|0|0|0|0|0|0|0|0|0|0|0|0|0|0|0|0|0|0|0|0|0|0|0|0|0|0|0|0|0|0|0|0|0|0|0|0|0|0|0|0|0|0|0|0|0|0|0|0|0|0|0|0|0|0|0|0|0|0|0|0|0|0|0|0|0|0|0|0|0|0|0|0|0|0|0|0|0|0|0|0|0|0|0|0|0|0|0|0|0|0|0|0|0|0|0|0|0|0|0|0|0|0|0|0|0|0|0|0|0|0|0|0|0|0|0|0|0|0|0|0|0|0|0|0|0|0|0|0|0|0|0|0|0|0|0|0|0|0|0|0|0|0|0|0|0|0|0|0|0|0|0|0|0|0|0|0|0|0|0|0|0|0|0|0|0|0|0|0|0|0|0|0
DHCST|NY|000|05|0213418|0|0|0|0|0|0|0|0|0|0|0|0|0|0|0|0|0|0|0|0|0|0|0|0|0|0|0|0|0|0|0|0|0|0|0|0|0|0|0|0|0|0|0|0|0|0|0|0|0|0|0|0|0|0|0|0|0|0|0|0|0|0|0|0|0|0|0|0|0|0|0|0|0|0|0|0|0|0|0|0|0|0|0|0|0|0|0|0|0|0|0|0|0|0|0|0|0|0|0|0|0|0|0|0|0|0|0|0|0|0|0|0|0|0|0|0|0|0|0|0|0|0|0|0|0|0|0|0|0|0|0|0|0|0|0|0|0|0|0|0|0|0|0|0|0|0|0|0|0|0|0|0|0|0|0|0|0|0|0|0|0|0|0|0|0|0|0|0|0|0|0|0|0|0|0|0|0|0|0|0|0|0|0|0|0|0|0|0|0|0|0|0|0|0|0|0|0|0|0
DHCST|NY|000|05|0213419|0|0|0|0|0|0|0|0|0|0|0|0|0|0|0|0|0|0|0|0|0|0|0|0|0|0|0|0|0|0|0|0|0|0|0|0|0|0|0|0|0|0|0|0|0|0|0|0|0|0|0|0|0|0|0|0|0|0|0|0|0|0|0|0|0|0|0|0|0|0|0|0|0|0|0|0|0|0|0|0|0|0|0|0|0|0|0|0|0|0|0|0|0|0|0|0|0|0|0|0|0|0|0|0|0|0|0|0|0|0|0|0|0|0|0|0|0|0|0|0|0|0|0|0|0|0|0|0|0|0|0|0|0|0|0|0|0|0|0|0|0|0|0|0|0|0|0|0|0|0|0|0|0|0|0|0|0|0|0|0|0|0|0|0|0|0|0|0|0|0|0|0|0|0|0|0|0|0|0|0|0|0|0|0|0|0|0|0|0|0|0|0|0|0|0|0|0|0|0
DHCST|NY|000|05|0213420|49|49|49|0|0|49|14|18|1|0|0|4|12|49|38|11|49|38|14|18|1|0|0|0|5|11|0|0|0|0|0|4|7|62|24|23|2|0|0|13|62|44|17|23|2|0|0|2|18|7|0|0|0|0|11|49|37|14|18|1|0|0|4|12|11|2|0|0|0|7|0|0|0|2|0|0|0|0|0|0|1|1|0|0|0|0|0|0|0|0|0|0|0|0|0|0|0|0|0|0|0|0|0|0|0|0|0|0|0|0|0|0|0|0|0|0|0|0|0|0|0|0|0|0|0|0|49|11|38|33|14|18|1|0|0|0|5|4|2|0|0|0|0|0|0|0|2|0|0|0|0|0|0|1|1|0|0|0|0|0|0|0|0|0|0|0|0|0|0|0|0|0|0|0|0|0|0|0|0|0|0|0|0|0|0|0|0|0|0|0|0|0|0|0|0|0|0|0|0
DHCST|NY|000|05|0213421|186|186|186|0|0|186|63|106|1|12|0|2|2|186|174|12|186|174|61|98|1|12|0|0|2|12|2|8|0|0|0|2|0|188|65|108|1|12|0|2|188|176|63|100|1|12|0|0|12|2|8|0|0|0|2|186|184|63|106|1|12|0|2|2|2|2|0|0|0|0|0|0|0|0|0|0|0|0|0|0|0|0|0|0|0|0|0|0|0|0|0|0|0|0|0|0|0|0|0|0|0|0|0|0|0|0|0|0|0|0|0|0|0|0|0|0|0|0|0|0|0|0|0|0|0|0|186|12|174|172|61|98|1|12|0|0|2|2|2|0|0|0|0|0|0|0|0|0|0|0|0|0|0|0|0|0|0|0|0|0|0|0|0|0|0|0|0|0|0|0|0|0|0|0|0|0|0|0|0|0|0|0|0|0|0|0|0|0|0|0|0|0|0|0|0|0|0|0|0
DHCST|NY|000|05|0213422|68|68|68|0|0|68|9|38|0|7|0|10|4|68|50|18|68|50|7|36|0|7|0|0|0|18|2|2|0|0|0|10|4|72|11|40|1|7|0|13|72|50|7|36|0|7|0|0|22|4|4|1|0|0|13|68|64|9|38|0|7|0|10|4|4|0|1|0|0|1|0|0|0|2|0|0|0|0|0|0|0|0|0|0|0|0|0|0|0|0|0|0|0|0|0|0|0|0|0|0|0|0|0|0|0|0|0|0|0|0|0|0|0|0|0|0|0|0|0|0|0|0|0|0|0|0|68|18|50|50|7|36|0|7|0|0|0|0|0|0|0|0|0|0|0|0|0|0|0|0|0|0|0|0|0|0|0|0|0|0|0|0|0|0|0|0|0|0|0|0|0|0|0|0|0|0|0|0|0|0|0|0|0|0|0|0|0|0|0|0|0|0|0|0|0|0|0|0|0
DHCST|NY|000|05|0213423|114|114|114|0|0|114|26|64|0|1|0|12|11|114|95|19|114|95|24|61|0|1|0|5|4|19|2|3|0|0|0|7|7|125|35|69|1|1|0|19|125|99|27|65|1|1|0|5|26|8|4|0|0|0|14|114|103|26|64|0|1|0|12|11|11|3|0|0|0|6|1|0|0|1|0|0|0|0|0|0|0|0|0|0|0|0|0|0|0|0|0|0|0|0|0|0|0|0|0|0|0|0|0|0|0|0|0|0|0|0|0|0|0|0|0|0|0|0|0|0|0|0|0|0|0|0|114|19|95|91|24|61|0|1|0|5|4|4|3|0|0|0|0|1|0|0|0|0|0|0|0|0|0|0|0|0|0|0|0|0|0|0|0|0|0|0|0|0|0|0|0|0|0|0|0|0|0|0|0|0|0|0|0|0|0|0|0|0|0|0|0|0|0|0|0|0|0|0|0
DHCST|NY|000|05|0213424|80|80|80|0|0|80|9|63|0|3|0|4|1|80|77|3|80|77|6|63|0|3|0|4|1|3|3|0|0|0|0|0|0|81|10|64|0|3|0|4|81|78|7|64|0|3|0|4|3|3|0|0|0|0|0|80|79|9|63|0|3|0|4|1|1|1|0|0|0|0|0|0|0|0|0|0|0|0|0|0|0|0|0|0|0|0|0|0|0|0|0|0|0|0|0|0|0|0|0|0|0|0|0|0|0|0|0|0|0|0|0|0|0|0|0|0|0|0|0|0|0|0|0|0|0|0|80|3|77|76|6|63|0|3|0|4|1|1|1|0|0|0|0|0|0|0|0|0|0|0|0|0|0|0|0|0|0|0|0|0|0|0|0|0|0|0|0|0|0|0|0|0|0|0|0|0|0|0|0|0|0|0|0|0|0|0|0|0|0|0|0|0|0|0|0|0|0|0|0
DHCST|NY|000|05|0213425|375|375|375|0|0|375|32|181|0|0|0|116|46|375|208|167|375|208|23|166|0|0|0|1|18|167|9|15|0|0|0|115|28|423|73|199|3|2|0|146|423|228|41|179|3|2|0|3|195|32|20|0|0|0|143|375|329|32|181|0|0|0|116|46|44|13|3|0|0|23|0|0|0|5|0|0|0|0|0|0|2|0|0|0|0|0|0|0|0|2|0|0|0|0|0|0|0|0|0|0|0|0|0|0|0|0|0|0|0|0|0|0|0|0|0|0|0|0|0|0|0|0|0|0|0|0|375|167|208|190|23|166|0|0|0|1|18|16|13|3|0|0|0|0|0|0|0|0|0|0|0|0|0|2|0|0|0|0|0|0|0|0|2|0|0|0|0|0|0|0|0|0|0|0|0|0|0|0|0|0|0|0|0|0|0|0|0|0|0|0|0|0|0|0|0|0|0|0|0
DHCST|NY|000|05|0213426|79|79|79|0|0|79|19|46|0|0|1|7|6|79|73|6|79|73|19|45|0|0|1|5|3|6|0|1|0|0|0|2|3|86|21|51|2|0|1|11|86|77|21|47|2|0|1|6|9|0|4|0|0|0|5|79|73|19|46|0|0|1|7|6|5|0|1|0|0|0|1|0|0|3|0|0|0|0|0|0|1|0|0|0|1|0|0|0|0|0|0|0|0|0|0|0|0|0|0|0|0|0|0|0|0|0|0|0|0|0|0|0|0|0|0|0|0|0|0|0|0|0|0|0|0|0|79|6|73|70|19|45|0|0|1|5|3|2|0|1|0|0|0|1|0|0|0|0|0|0|0|0|0|1|0|0|0|1|0|0|0|0|0|0|0|0|0|0|0|0|0|0|0|0|0|0|0|0|0|0|0|0|0|0|0|0|0|0|0|0|0|0|0|0|0|0|0|0|0
DHCST|NY|000|05|0213427|83|83|83|0|0|83|37|40|0|0|0|1|5|83|75|8|83|75|35|39|0|0|0|0|1|8|2|1|0|0|0|1|4|88|41|42|0|0|0|5|88|76|36|40|0|0|0|0|12|5|2|0|0|0|5|83|78|37|40|0|0|0|1|5|5|1|0|0|0|3|0|0|0|1|0|0|0|0|0|0|0|0|0|0|0|0|0|0|0|0|0|0|0|0|0|0|0|0|0|0|0|0|0|0|0|0|0|0|0|0|0|0|0|0|0|0|0|0|0|0|0|0|0|0|0|0|83|8|75|74|35|39|0|0|0|0|1|1|1|0|0|0|0|0|0|0|0|0|0|0|0|0|0|0|0|0|0|0|0|0|0|0|0|0|0|0|0|0|0|0|0|0|0|0|0|0|0|0|0|0|0|0|0|0|0|0|0|0|0|0|0|0|0|0|0|0|0|0|0
DHCST|NY|000|05|0213428|45|45|45|0|0|45|15|15|0|0|0|8|7|45|31|14|45|31|14|12|0|0|0|4|1|14|1|3|0|0|0|4|6|53|22|17|2|0|0|12|53|32|15|13|0|0|0|4|21|7|4|2|0|0|8|45|38|15|15|0|0|0|8|7|6|1|1|0|0|4|0|0|0|0|0|0|0|0|0|0|1|1|0|0|0|0|0|0|0|0|0|0|0|0|0|0|0|0|0|0|0|0|0|0|0|0|0|0|0|0|0|0|0|0|0|0|0|0|0|0|0|0|0|0|0|0|45|14|31|30|14|12|0|0|0|4|1|1|1|0|0|0|0|0|0|0|0|0|0|0|0|0|0|0|0|0|0|0|0|0|0|0|0|0|0|0|0|0|0|0|0|0|0|0|0|0|0|0|0|0|0|0|0|0|0|0|0|0|0|0|0|0|0|0|0|0|0|0|0
DHCST|NY|000|05|0213429|120|120|120|0|0|120|44|55|2|0|0|4|15|120|110|10|120|110|44|48|2|0|0|3|13|10|0|7|0|0|0|1|2|136|58|69|2|0|0|7|136|124|56|61|2|0|0|5|12|2|8|0|0|0|2|120|105|44|55|2|0|0|4|15|14|12|0|0|0|1|0|0|0|1|0|0|0|0|0|0|1|0|0|0|1|0|0|0|0|0|0|0|0|0|0|0|0|0|0|0|0|0|0|0|0|0|0|0|0|0|0|0|0|0|0|0|0|0|0|0|0|0|0|0|0|0|120|10|110|97|44|48|2|0|0|3|13|12|11|0|0|0|0|0|0|0|1|0|0|0|0|0|0|1|0|0|0|1|0|0|0|0|0|0|0|0|0|0|0|0|0|0|0|0|0|0|0|0|0|0|0|0|0|0|0|0|0|0|0|0|0|0|0|0|0|0|0|0|0
DHCST|NY|000|05|0213430|146|146|146|0|0|146|38|88|0|0|0|3|17|146|142|4|146|142|38|88|0|0|0|1|15|4|0|0|0|0|0|2|2|165|51|102|4|2|0|6|165|159|49|102|3|2|0|3|6|2|0|1|0|0|3|146|129|38|88|0|0|0|3|17|15|10|1|0|0|1|3|0|0|0|0|0|0|0|0|0|2|0|0|0|0|0|0|0|0|1|0|0|0|0|0|1|0|0|0|0|0|0|0|0|0|0|0|0|0|0|0|0|0|0|0|0|0|0|0|0|0|0|0|0|0|0|146|4|142|127|38|88|0|0|0|1|15|13|10|0|0|0|0|3|0|0|0|0|0|0|0|0|0|2|0|0|0|0|0|0|0|0|1|0|0|0|0|0|1|0|0|0|0|0|0|0|0|0|0|0|0|0|0|0|0|0|0|0|0|0|0|0|0|0|0|0|0|0|0
DHCST|NY|000|05|0213431|151|151|151|0|0|151|39|86|6|0|0|4|16|151|134|17|151|134|35|86|6|0|0|0|7|17|4|0|0|0|0|4|9|170|53|92|8|2|1|14|170|144|40|92|8|2|1|1|26|13|0|0|0|0|13|151|135|39|86|6|0|0|4|16|13|3|0|0|0|9|1|0|0|0|0|0|0|0|0|0|3|1|0|0|0|0|0|0|1|0|0|0|0|0|0|1|0|0|0|0|0|0|0|0|0|0|0|0|0|0|0|0|0|0|0|0|0|0|0|0|0|0|0|0|0|0|151|17|134|127|35|86|6|0|0|0|7|4|3|0|0|0|0|1|0|0|0|0|0|0|0|0|0|3|1|0|0|0|0|0|0|1|0|0|0|0|0|0|1|0|0|0|0|0|0|0|0|0|0|0|0|0|0|0|0|0|0|0|0|0|0|0|0|0|0|0|0|0|0
DHCST|NY|000|05|0213432|107|107|107|0|0|107|25|77|3|0|0|0|2|107|100|7|107|100|25|71|3|0|0|0|1|7|0|6|0|0|0|0|1|109|26|79|4|0|0|0|109|101|26|72|3|0|0|0|8|0|7|1|0|0|0|107|105|25|77|3|0|0|0|2|2|1|0|0|0|0|1|0|0|0|0|0|0|0|0|0|0|0|0|0|0|0|0|0|0|0|0|0|0|0|0|0|0|0|0|0|0|0|0|0|0|0|0|0|0|0|0|0|0|0|0|0|0|0|0|0|0|0|0|0|0|0|107|7|100|99|25|71|3|0|0|0|1|1|1|0|0|0|0|0|0|0|0|0|0|0|0|0|0|0|0|0|0|0|0|0|0|0|0|0|0|0|0|0|0|0|0|0|0|0|0|0|0|0|0|0|0|0|0|0|0|0|0|0|0|0|0|0|0|0|0|0|0|0|0
DHCST|NY|000|05|0213433|122|122|122|0|0|122|19|78|8|0|0|4|13|122|114|8|122|114|17|76|8|0|0|1|12|8|2|2|0|0|0|3|1|138|32|90|8|0|0|8|138|129|29|88|8|0|0|4|9|3|2|0|0|0|4|122|109|19|78|8|0|0|4|13|10|9|0|0|0|1|0|0|0|0|0|0|0|0|0|0|3|0|0|0|3|0|0|0|0|0|0|0|0|0|0|0|0|0|0|0|0|0|0|0|0|0|0|0|0|0|0|0|0|0|0|0|0|0|0|0|0|0|0|0|0|0|122|8|114|102|17|76|8|0|0|1|12|9|9|0|0|0|0|0|0|0|0|0|0|0|0|0|0|3|0|0|0|3|0|0|0|0|0|0|0|0|0|0|0|0|0|0|0|0|0|0|0|0|0|0|0|0|0|0|0|0|0|0|0|0|0|0|0|0|0|0|0|0|0
DHCST|NY|000|05|0213434|72|72|72|0|0|72|14|37|0|0|0|7|14|72|46|26|72|46|9|32|0|0|0|0|5|26|5|5|0|0|0|7|9|86|23|43|3|0|1|16|86|51|13|34|3|0|1|0|35|10|9|0|0|0|16|72|58|14|37|0|0|0|7|14|14|1|3|0|0|5|0|0|1|4|0|0|0|0|0|0|0|0|0|0|0|0|0|0|0|0|0|0|0|0|0|0|0|0|0|0|0|0|0|0|0|0|0|0|0|0|0|0|0|0|0|0|0|0|0|0|0|0|0|0|0|0|72|26|46|41|9|32|0|0|0|0|5|5|1|3|0|0|0|0|0|1|0|0|0|0|0|0|0|0|0|0|0|0|0|0|0|0|0|0|0|0|0|0|0|0|0|0|0|0|0|0|0|0|0|0|0|0|0|0|0|0|0|0|0|0|0|0|0|0|0|0|0|0|0
DHCST|NY|000|05|0213435|48|48|48|0|0|48|10|28|1|2|0|4|3|48|42|6|48|42|9|27|1|2|0|1|2|6|1|1|0|0|0|3|1|51|12|30|2|2|0|5|51|44|10|29|2|2|0|1|7|2|1|0|0|0|4|48|45|10|28|1|2|0|4|3|3|1|0|0|0|1|1|0|0|0|0|0|0|0|0|0|0|0|0|0|0|0|0|0|0|0|0|0|0|0|0|0|0|0|0|0|0|0|0|0|0|0|0|0|0|0|0|0|0|0|0|0|0|0|0|0|0|0|0|0|0|0|48|6|42|40|9|27|1|2|0|1|2|2|1|0|0|0|0|1|0|0|0|0|0|0|0|0|0|0|0|0|0|0|0|0|0|0|0|0|0|0|0|0|0|0|0|0|0|0|0|0|0|0|0|0|0|0|0|0|0|0|0|0|0|0|0|0|0|0|0|0|0|0|0
DHCST|NY|000|05|0213436|29|29|29|0|0|29|1|7|0|4|0|5|12|29|14|15|29|14|1|5|0|4|0|0|4|15|0|2|0|0|0|5|8|41|9|11|4|4|0|13|41|18|1|9|4|4|0|0|23|8|2|0|0|0|13|29|17|1|7|0|4|0|5|12|12|0|0|0|0|8|4|0|0|0|0|0|0|0|0|0|0|0|0|0|0|0|0|0|0|0|0|0|0|0|0|0|0|0|0|0|0|0|0|0|0|0|0|0|0|0|0|0|0|0|0|0|0|0|0|0|0|0|0|0|0|0|29|15|14|10|1|5|0|4|0|0|4|4|0|0|0|0|0|4|0|0|0|0|0|0|0|0|0|0|0|0|0|0|0|0|0|0|0|0|0|0|0|0|0|0|0|0|0|0|0|0|0|0|0|0|0|0|0|0|0|0|0|0|0|0|0|0|0|0|0|0|0|0|0
DHCST|NY|000|05|0213437|136|136|136|0|0|136|26|88|0|0|0|8|14|136|114|22|136|114|23|81|0|0|0|0|10|22|3|7|0|0|0|8|4|150|36|97|1|5|0|11|150|124|33|86|0|5|0|0|26|3|11|1|0|0|11|136|122|26|88|0|0|0|8|14|14|5|0|5|0|0|1|0|0|3|0|0|0|0|0|0|0|0|0|0|0|0|0|0|0|0|0|0|0|0|0|0|0|0|0|0|0|0|0|0|0|0|0|0|0|0|0|0|0|0|0|0|0|0|0|0|0|0|0|0|0|0|136|22|114|104|23|81|0|0|0|0|10|10|5|0|5|0|0|0|0|0|0|0|0|0|0|0|0|0|0|0|0|0|0|0|0|0|0|0|0|0|0|0|0|0|0|0|0|0|0|0|0|0|0|0|0|0|0|0|0|0|0|0|0|0|0|0|0|0|0|0|0|0|0
DHCST|NY|000|05|0213438|44|44|44|0|0|44|21|9|1|3|0|1|9|44|35|9|44|35|20|8|0|3|0|0|4|9|1|1|1|0|0|1|5|58|25|16|9|4|1|3|58|43|24|10|4|4|1|0|15|1|6|5|0|0|3|44|35|21|9|1|3|0|1|9|6|0|2|0|0|0|3|0|0|1|0|0|0|0|0|0|2|1|0|0|0|0|0|0|0|0|0|0|0|1|0|0|0|0|0|0|0|0|0|0|0|0|0|0|0|0|0|0|0|0|0|0|0|1|1|0|0|0|0|0|0|0|44|9|35|31|20|8|0|3|0|0|4|2|0|2|0|0|0|0|0|0|0|0|0|0|0|0|0|1|1|0|0|0|0|0|0|0|0|0|0|0|0|0|0|0|0|0|0|0|0|0|0|0|0|0|0|0|0|0|0|0|0|0|0|0|1|1|0|0|0|0|0|0|0
DHCST|NY|000|05|0213439|114|114|114|0|0|114|29|59|0|2|0|8|16|114|99|15|114|99|29|53|0|2|0|0|15|15|0|6|0|0|0|8|1|130|43|68|6|4|1|8|130|114|43|61|5|4|1|0|16|0|7|1|0|0|8|114|98|29|59|0|2|0|8|16|16|7|4|2|1|0|2|0|0|0|0|0|0|0|0|0|0|0|0|0|0|0|0|0|0|0|0|0|0|0|0|0|0|0|0|0|0|0|0|0|0|0|0|0|0|0|0|0|0|0|0|0|0|0|0|0|0|0|0|0|0|0|114|15|99|84|29|53|0|2|0|0|15|15|7|4|2|1|0|1|0|0|0|0|0|0|0|0|0|0|0|0|0|0|0|0|0|0|0|0|0|0|0|0|0|0|0|0|0|0|0|0|0|0|0|0|0|0|0|0|0|0|0|0|0|0|0|0|0|0|0|0|0|0|0
DHCST|NY|000|05|0213440|125|125|125|0|0|125|23|84|2|0|0|0|16|125|120|5|125|120|21|84|2|0|0|0|13|5|2|0|0|0|0|0|3|143|39|89|9|2|0|4|143|135|34|89|8|2|0|2|8|5|0|1|0|0|2|125|109|23|84|2|0|0|0|16|14|5|7|0|0|2|0|0|0|0|0|0|0|0|0|0|2|0|0|0|0|0|0|0|0|2|0|0|0|0|0|0|0|0|0|0|0|0|0|0|0|0|0|0|0|0|0|0|0|0|0|0|0|0|0|0|0|0|0|0|0|0|125|5|120|107|21|84|2|0|0|0|13|11|5|6|0|0|0|0|0|0|0|0|0|0|0|0|0|2|0|0|0|0|0|0|0|0|2|0|0|0|0|0|0|0|0|0|0|0|0|0|0|0|0|0|0|0|0|0|0|0|0|0|0|0|0|0|0|0|0|0|0|0|0
DHCST|NY|000|05|0213441|11|11|11|0|0|11|4|3|0|1|0|0|3|11|9|2|11|9|3|3|0|1|0|0|2|2|1|0|0|0|0|0|1|14|6|6|0|1|0|1|14|11|5|5|0|1|0|0|3|1|1|0|0|0|1|11|8|4|3|0|1|0|0|3|3|2|0|0|0|0|0|0|0|1|0|0|0|0|0|0|0|0|0|0|0|0|0|0|0|0|0|0|0|0|0|0|0|0|0|0|0|0|0|0|0|0|0|0|0|0|0|0|0|0|0|0|0|0|0|0|0|0|0|0|0|0|11|2|9|7|3|3|0|1|0|0|2|2|2|0|0|0|0|0|0|0|0|0|0|0|0|0|0|0|0|0|0|0|0|0|0|0|0|0|0|0|0|0|0|0|0|0|0|0|0|0|0|0|0|0|0|0|0|0|0|0|0|0|0|0|0|0|0|0|0|0|0|0|0
DHCST|NY|000|05|0213442|0|0|0|0|0|0|0|0|0|0|0|0|0|0|0|0|0|0|0|0|0|0|0|0|0|0|0|0|0|0|0|0|0|0|0|0|0|0|0|0|0|0|0|0|0|0|0|0|0|0|0|0|0|0|0|0|0|0|0|0|0|0|0|0|0|0|0|0|0|0|0|0|0|0|0|0|0|0|0|0|0|0|0|0|0|0|0|0|0|0|0|0|0|0|0|0|0|0|0|0|0|0|0|0|0|0|0|0|0|0|0|0|0|0|0|0|0|0|0|0|0|0|0|0|0|0|0|0|0|0|0|0|0|0|0|0|0|0|0|0|0|0|0|0|0|0|0|0|0|0|0|0|0|0|0|0|0|0|0|0|0|0|0|0|0|0|0|0|0|0|0|0|0|0|0|0|0|0|0|0|0|0|0|0|0|0|0|0|0|0|0|0|0|0|0|0|0|0|0
DHCST|NY|000|05|0213443|0|0|0|0|0|0|0|0|0|0|0|0|0|0|0|0|0|0|0|0|0|0|0|0|0|0|0|0|0|0|0|0|0|0|0|0|0|0|0|0|0|0|0|0|0|0|0|0|0|0|0|0|0|0|0|0|0|0|0|0|0|0|0|0|0|0|0|0|0|0|0|0|0|0|0|0|0|0|0|0|0|0|0|0|0|0|0|0|0|0|0|0|0|0|0|0|0|0|0|0|0|0|0|0|0|0|0|0|0|0|0|0|0|0|0|0|0|0|0|0|0|0|0|0|0|0|0|0|0|0|0|0|0|0|0|0|0|0|0|0|0|0|0|0|0|0|0|0|0|0|0|0|0|0|0|0|0|0|0|0|0|0|0|0|0|0|0|0|0|0|0|0|0|0|0|0|0|0|0|0|0|0|0|0|0|0|0|0|0|0|0|0|0|0|0|0|0|0|0
DHCST|NY|000|05|0213444|0|0|0|0|0|0|0|0|0|0|0|0|0|0|0|0|0|0|0|0|0|0|0|0|0|0|0|0|0|0|0|0|0|0|0|0|0|0|0|0|0|0|0|0|0|0|0|0|0|0|0|0|0|0|0|0|0|0|0|0|0|0|0|0|0|0|0|0|0|0|0|0|0|0|0|0|0|0|0|0|0|0|0|0|0|0|0|0|0|0|0|0|0|0|0|0|0|0|0|0|0|0|0|0|0|0|0|0|0|0|0|0|0|0|0|0|0|0|0|0|0|0|0|0|0|0|0|0|0|0|0|0|0|0|0|0|0|0|0|0|0|0|0|0|0|0|0|0|0|0|0|0|0|0|0|0|0|0|0|0|0|0|0|0|0|0|0|0|0|0|0|0|0|0|0|0|0|0|0|0|0|0|0|0|0|0|0|0|0|0|0|0|0|0|0|0|0|0|0
DHCST|NY|000|05|0213445|0|0|0|0|0|0|0|0|0|0|0|0|0|0|0|0|0|0|0|0|0|0|0|0|0|0|0|0|0|0|0|0|0|0|0|0|0|0|0|0|0|0|0|0|0|0|0|0|0|0|0|0|0|0|0|0|0|0|0|0|0|0|0|0|0|0|0|0|0|0|0|0|0|0|0|0|0|0|0|0|0|0|0|0|0|0|0|0|0|0|0|0|0|0|0|0|0|0|0|0|0|0|0|0|0|0|0|0|0|0|0|0|0|0|0|0|0|0|0|0|0|0|0|0|0|0|0|0|0|0|0|0|0|0|0|0|0|0|0|0|0|0|0|0|0|0|0|0|0|0|0|0|0|0|0|0|0|0|0|0|0|0|0|0|0|0|0|0|0|0|0|0|0|0|0|0|0|0|0|0|0|0|0|0|0|0|0|0|0|0|0|0|0|0|0|0|0|0|0
DHCST|NY|000|05|0213446|60|60|60|0|0|60|18|20|0|6|0|8|8|60|44|16|60|44|18|20|0|6|0|0|0|16|0|0|0|0|0|8|8|68|25|21|0|6|0|16|68|44|18|20|0|6|0|0|24|7|1|0|0|0|16|60|52|18|20|0|6|0|8|8|8|0|0|0|0|7|0|0|0|1|0|0|0|0|0|0|0|0|0|0|0|0|0|0|0|0|0|0|0|0|0|0|0|0|0|0|0|0|0|0|0|0|0|0|0|0|0|0|0|0|0|0|0|0|0|0|0|0|0|0|0|0|60|16|44|44|18|20|0|6|0|0|0|0|0|0|0|0|0|0|0|0|0|0|0|0|0|0|0|0|0|0|0|0|0|0|0|0|0|0|0|0|0|0|0|0|0|0|0|0|0|0|0|0|0|0|0|0|0|0|0|0|0|0|0|0|0|0|0|0|0|0|0|0|0
DHCST|NY|000|05|0213447|0|0|0|0|0|0|0|0|0|0|0|0|0|0|0|0|0|0|0|0|0|0|0|0|0|0|0|0|0|0|0|0|0|0|0|0|0|0|0|0|0|0|0|0|0|0|0|0|0|0|0|0|0|0|0|0|0|0|0|0|0|0|0|0|0|0|0|0|0|0|0|0|0|0|0|0|0|0|0|0|0|0|0|0|0|0|0|0|0|0|0|0|0|0|0|0|0|0|0|0|0|0|0|0|0|0|0|0|0|0|0|0|0|0|0|0|0|0|0|0|0|0|0|0|0|0|0|0|0|0|0|0|0|0|0|0|0|0|0|0|0|0|0|0|0|0|0|0|0|0|0|0|0|0|0|0|0|0|0|0|0|0|0|0|0|0|0|0|0|0|0|0|0|0|0|0|0|0|0|0|0|0|0|0|0|0|0|0|0|0|0|0|0|0|0|0|0|0|0
DHCST|NY|000|05|0213448|483|483|483|0|0|483|106|294|0|10|0|37|36|483|420|63|483|420|106|284|0|10|0|0|20|63|0|10|0|0|0|37|16|521|139|300|2|27|0|53|521|442|126|287|2|27|0|0|79|13|13|0|0|0|53|483|447|106|294|0|10|0|37|36|34|1|0|17|0|13|0|0|0|3|0|0|0|0|0|0|2|2|0|0|0|0|0|0|0|0|0|0|0|0|0|0|0|0|0|0|0|0|0|0|0|0|0|0|0|0|0|0|0|0|0|0|0|0|0|0|0|0|0|0|0|0|483|63|420|400|106|284|0|10|0|0|20|18|1|0|17|0|0|0|0|0|0|0|0|0|0|0|0|2|2|0|0|0|0|0|0|0|0|0|0|0|0|0|0|0|0|0|0|0|0|0|0|0|0|0|0|0|0|0|0|0|0|0|0|0|0|0|0|0|0|0|0|0|0
DHCST|NY|000|05|0213449|0|0|0|0|0|0|0|0|0|0|0|0|0|0|0|0|0|0|0|0|0|0|0|0|0|0|0|0|0|0|0|0|0|0|0|0|0|0|0|0|0|0|0|0|0|0|0|0|0|0|0|0|0|0|0|0|0|0|0|0|0|0|0|0|0|0|0|0|0|0|0|0|0|0|0|0|0|0|0|0|0|0|0|0|0|0|0|0|0|0|0|0|0|0|0|0|0|0|0|0|0|0|0|0|0|0|0|0|0|0|0|0|0|0|0|0|0|0|0|0|0|0|0|0|0|0|0|0|0|0|0|0|0|0|0|0|0|0|0|0|0|0|0|0|0|0|0|0|0|0|0|0|0|0|0|0|0|0|0|0|0|0|0|0|0|0|0|0|0|0|0|0|0|0|0|0|0|0|0|0|0|0|0|0|0|0|0|0|0|0|0|0|0|0|0|0|0|0|0
DHCST|NY|000|05|0213450|181|181|181|0|0|181|29|108|0|5|0|13|26|181|149|32|181|149|26|108|0|5|0|0|10|32|3|0|0|0|0|13|16|207|55|110|4|9|0|29|207|159|36|110|4|9|0|0|48|19|0|0|0|0|29|181|155|29|108|0|5|0|13|26|26|2|4|4|0|16|0|0|0|0|0|0|0|0|0|0|0|0|0|0|0|0|0|0|0|0|0|0|0|0|0|0|0|0|0|0|0|0|0|0|0|0|0|0|0|0|0|0|0|0|0|0|0|0|0|0|0|0|0|0|0|0|181|32|149|139|26|108|0|5|0|0|10|10|2|4|4|0|0|0|0|0|0|0|0|0|0|0|0|0|0|0|0|0|0|0|0|0|0|0|0|0|0|0|0|0|0|0|0|0|0|0|0|0|0|0|0|0|0|0|0|0|0|0|0|0|0|0|0|0|0|0|0|0|0
DHCST|NY|000|05|0213451|52|52|52|0|0|52|9|29|0|1|0|0|13|52|42|10|52|42|9|29|0|0|0|0|4|10|0|0|0|1|0|0|9|65|20|33|2|1|0|9|65|46|11|33|2|0|0|0|19|9|0|0|1|0|9|52|39|9|29|0|1|0|0|13|13|2|0|0|0|9|2|0|0|0|0|0|0|0|0|0|0|0|0|0|0|0|0|0|0|0|0|0|0|0|0|0|0|0|0|0|0|0|0|0|0|0|0|0|0|0|0|0|0|0|0|0|0|0|0|0|0|0|0|0|0|0|52|10|42|38|9|29|0|0|0|0|4|4|2|0|0|0|0|2|0|0|0|0|0|0|0|0|0|0|0|0|0|0|0|0|0|0|0|0|0|0|0|0|0|0|0|0|0|0|0|0|0|0|0|0|0|0|0|0|0|0|0|0|0|0|0|0|0|0|0|0|0|0|0
DHCST|NY|000|05|0213452|58|58|58|0|0|58|4|37|0|1|0|10|6|58|48|10|58|48|4|32|0|1|0|7|4|10|0|5|0|0|0|3|2|66|10|41|2|1|0|12|66|54|8|36|2|1|0|7|12|2|5|0|0|0|5|58|52|4|37|0|1|0|10|6|4|2|0|0|0|2|0|0|0|0|0|0|0|0|0|0|2|2|0|0|0|0|0|0|0|0|0|0|0|0|0|0|0|0|0|0|0|0|0|0|0|0|0|0|0|0|0|0|0|0|0|0|0|0|0|0|0|0|0|0|0|0|58|10|48|44|4|32|0|1|0|7|4|2|2|0|0|0|0|0|0|0|0|0|0|0|0|0|0|2|2|0|0|0|0|0|0|0|0|0|0|0|0|0|0|0|0|0|0|0|0|0|0|0|0|0|0|0|0|0|0|0|0|0|0|0|0|0|0|0|0|0|0|0|0
DHCST|NY|000|05|0213453|80|80|80|0|0|80|14|54|3|0|0|4|5|80|69|11|80|69|12|54|3|0|0|0|0|11|2|0|0|0|0|4|5|86|19|55|4|0|0|8|86|69|12|54|3|0|0|0|17|7|1|1|0|0|8|80|75|14|54|3|0|0|4|5|4|0|0|0|0|4|0|0|0|0|0|0|0|0|0|0|1|1|0|0|0|0|0|0|0|0|0|0|0|0|0|0|0|0|0|0|0|0|0|0|0|0|0|0|0|0|0|0|0|0|0|0|0|0|0|0|0|0|0|0|0|0|80|11|69|69|12|54|3|0|0|0|0|0|0|0|0|0|0|0|0|0|0|0|0|0|0|0|0|0|0|0|0|0|0|0|0|0|0|0|0|0|0|0|0|0|0|0|0|0|0|0|0|0|0|0|0|0|0|0|0|0|0|0|0|0|0|0|0|0|0|0|0|0|0
DHCST|NY|000|05|0213454|22|22|22|0|0|22|0|12|3|2|0|1|4|22|21|1|22|21|0|12|3|2|0|0|4|1|0|0|0|0|0|1|0|26|4|16|3|2|0|1|26|25|4|16|3|2|0|0|1|0|0|0|0|0|1|22|18|0|12|3|2|0|1|4|4|4|0|0|0|0|0|0|0|0|0|0|0|0|0|0|0|0|0|0|0|0|0|0|0|0|0|0|0|0|0|0|0|0|0|0|0|0|0|0|0|0|0|0|0|0|0|0|0|0|0|0|0|0|0|0|0|0|0|0|0|0|22|1|21|17|0|12|3|2|0|0|4|4|4|0|0|0|0|0|0|0|0|0|0|0|0|0|0|0|0|0|0|0|0|0|0|0|0|0|0|0|0|0|0|0|0|0|0|0|0|0|0|0|0|0|0|0|0|0|0|0|0|0|0|0|0|0|0|0|0|0|0|0|0
DHCST|NY|000|05|0213455|29|29|29|0|0|29|0|16|0|0|0|3|10|29|18|11|29|18|0|14|0|0|0|0|4|11|0|2|0|0|0|3|6|45|7|22|4|3|1|8|45|25|3|15|3|2|1|1|20|4|7|1|1|0|7|29|19|0|16|0|0|0|3|10|6|1|2|0|0|0|0|0|0|2|0|0|0|0|1|0|3|0|0|0|2|1|0|0|0|0|0|0|0|0|0|0|0|0|0|0|0|0|0|0|0|0|0|0|0|0|0|0|0|0|0|0|0|1|1|0|0|0|0|0|0|0|29|11|18|14|0|14|0|0|0|0|4|3|0|2|0|0|0|0|0|0|0|0|0|0|0|1|0|0|0|0|0|0|0|0|0|0|0|0|0|0|0|0|0|0|0|0|0|0|0|0|0|0|0|0|0|0|0|0|0|0|0|0|0|0|1|1|0|0|0|0|0|0|0
DHCST|NY|000|05|0213456|62|62|62|0|0|62|25|26|0|3|0|1|7|62|56|6|62|56|25|26|0|3|0|1|1|6|0|0|0|0|0|0|6|69|31|29|1|3|1|4|69|57|25|27|1|3|0|1|12|6|2|0|0|1|3|62|55|25|26|0|3|0|1|7|7|2|0|0|1|3|1|0|0|0|0|0|0|0|0|0|0|0|0|0|0|0|0|0|0|0|0|0|0|0|0|0|0|0|0|0|0|0|0|0|0|0|0|0|0|0|0|0|0|0|0|0|0|0|0|0|0|0|0|0|0|0|62|6|56|55|25|26|0|3|0|1|1|1|0|0|0|0|0|1|0|0|0|0|0|0|0|0|0|0|0|0|0|0|0|0|0|0|0|0|0|0|0|0|0|0|0|0|0|0|0|0|0|0|0|0|0|0|0|0|0|0|0|0|0|0|0|0|0|0|0|0|0|0|0
DHCST|NY|000|05|0213457|82|82|82|0|0|82|25|44|0|0|0|4|9|82|77|5|82|77|24|44|0|0|0|0|9|5|1|0|0|0|0|4|0|91|34|50|0|3|0|4|91|86|33|50|0|3|0|0|5|1|0|0|0|0|4|82|73|25|44|0|0|0|4|9|9|6|0|3|0|0|0|0|0|0|0|0|0|0|0|0|0|0|0|0|0|0|0|0|0|0|0|0|0|0|0|0|0|0|0|0|0|0|0|0|0|0|0|0|0|0|0|0|0|0|0|0|0|0|0|0|0|0|0|0|0|0|82|5|77|68|24|44|0|0|0|0|9|9|6|0|3|0|0|0|0|0|0|0|0|0|0|0|0|0|0|0|0|0|0|0|0|0|0|0|0|0|0|0|0|0|0|0|0|0|0|0|0|0|0|0|0|0|0|0|0|0|0|0|0|0|0|0|0|0|0|0|0|0|0
DHCST|NY|000|05|0213458|15|15|15|0|0|15|1|1|0|5|0|0|8|15|8|7|15|8|1|1|0|5|0|0|1|7|0|0|0|0|0|0|7|26|8|6|2|5|0|5|26|9|2|2|0|5|0|0|17|6|4|2|0|0|5|15|7|1|1|0|5|0|0|8|5|1|1|0|0|2|0|0|0|1|0|0|0|0|0|0|3|1|0|0|2|0|0|0|0|0|0|0|0|0|0|0|0|0|0|0|0|0|0|0|0|0|0|0|0|0|0|0|0|0|0|0|0|0|0|0|0|0|0|0|0|0|15|7|8|7|1|1|0|5|0|0|1|1|1|0|0|0|0|0|0|0|0|0|0|0|0|0|0|0|0|0|0|0|0|0|0|0|0|0|0|0|0|0|0|0|0|0|0|0|0|0|0|0|0|0|0|0|0|0|0|0|0|0|0|0|0|0|0|0|0|0|0|0|0
DHCST|NY|000|05|0213459|31|31|31|0|0|31|7|9|0|10|0|1|4|31|28|3|31|28|7|9|0|9|0|0|3|3|0|0|0|1|0|1|1|35|11|12|0|10|1|1|35|31|10|12|0|9|0|0|4|1|0|0|1|1|1|31|27|7|9|0|10|0|1|4|4|3|0|0|1|0|0|0|0|0|0|0|0|0|0|0|0|0|0|0|0|0|0|0|0|0|0|0|0|0|0|0|0|0|0|0|0|0|0|0|0|0|0|0|0|0|0|0|0|0|0|0|0|0|0|0|0|0|0|0|0|0|31|3|28|25|7|9|0|9|0|0|3|3|3|0|0|0|0|0|0|0|0|0|0|0|0|0|0|0|0|0|0|0|0|0|0|0|0|0|0|0|0|0|0|0|0|0|0|0|0|0|0|0|0|0|0|0|0|0|0|0|0|0|0|0|0|0|0|0|0|0|0|0|0
DHCST|NY|000|05|0213460|34|34|34|0|0|34|4|22|2|1|0|3|2|34|29|5|34|29|4|21|2|0|0|0|2|5|0|1|0|1|0|3|0|36|4|24|3|2|0|3|36|31|4|23|3|1|0|0|5|0|1|0|1|0|3|34|32|4|22|2|1|0|3|2|2|0|0|0|0|0|1|1|0|0|0|0|0|0|0|0|0|0|0|0|0|0|0|0|0|0|0|0|0|0|0|0|0|0|0|0|0|0|0|0|0|0|0|0|0|0|0|0|0|0|0|0|0|0|0|0|0|0|0|0|0|0|34|5|29|27|4|21|2|0|0|0|2|2|0|0|0|0|0|1|1|0|0|0|0|0|0|0|0|0|0|0|0|0|0|0|0|0|0|0|0|0|0|0|0|0|0|0|0|0|0|0|0|0|0|0|0|0|0|0|0|0|0|0|0|0|0|0|0|0|0|0|0|0|0
DHCST|NY|000|05|0213461|0|0|0|0|0|0|0|0|0|0|0|0|0|0|0|0|0|0|0|0|0|0|0|0|0|0|0|0|0|0|0|0|0|0|0|0|0|0|0|0|0|0|0|0|0|0|0|0|0|0|0|0|0|0|0|0|0|0|0|0|0|0|0|0|0|0|0|0|0|0|0|0|0|0|0|0|0|0|0|0|0|0|0|0|0|0|0|0|0|0|0|0|0|0|0|0|0|0|0|0|0|0|0|0|0|0|0|0|0|0|0|0|0|0|0|0|0|0|0|0|0|0|0|0|0|0|0|0|0|0|0|0|0|0|0|0|0|0|0|0|0|0|0|0|0|0|0|0|0|0|0|0|0|0|0|0|0|0|0|0|0|0|0|0|0|0|0|0|0|0|0|0|0|0|0|0|0|0|0|0|0|0|0|0|0|0|0|0|0|0|0|0|0|0|0|0|0|0|0
DHCST|NY|000|05|0213462|38|38|38|0|0|38|9|19|0|2|0|7|1|38|28|10|38|28|9|19|0|0|0|0|0|10|0|0|0|2|0|7|1|41|10|20|1|2|0|8|41|28|9|19|0|0|0|0|13|1|1|1|2|0|8|38|37|9|19|0|2|0|7|1|0|0|0|0|0|0|0|0|0|0|0|0|0|0|0|0|0|0|0|0|0|0|0|0|0|0|0|0|0|0|0|0|0|0|0|0|0|1|0|0|1|0|0|0|0|0|0|0|0|0|0|0|0|0|0|0|0|0|0|0|0|0|38|10|28|28|9|19|0|0|0|0|0|0|0|0|0|0|0|0|0|0|0|0|0|0|0|0|0|0|0|0|0|0|0|0|0|0|0|0|0|0|0|0|0|0|0|0|0|0|0|0|0|0|0|0|0|0|0|0|0|0|0|0|0|0|0|0|0|0|0|0|0|0|0
DHCST|NY|000|05|0213463|36|36|36|0|0|36|7|25|2|0|0|0|2|36|34|2|36|34|7|25|0|0|0|0|2|2|0|0|2|0|0|0|0|38|9|25|2|2|0|0|38|36|9|25|0|2|0|0|2|0|0|2|0|0|0|36|34|7|25|2|0|0|0|2|2|0|0|2|0|0|0|0|0|0|0|0|0|0|0|0|0|0|0|0|0|0|0|0|0|0|0|0|0|0|0|0|0|0|0|0|0|0|0|0|0|0|0|0|0|0|0|0|0|0|0|0|0|0|0|0|0|0|0|0|0|0|36|2|34|32|7|25|0|0|0|0|2|2|0|0|2|0|0|0|0|0|0|0|0|0|0|0|0|0|0|0|0|0|0|0|0|0|0|0|0|0|0|0|0|0|0|0|0|0|0|0|0|0|0|0|0|0|0|0|0|0|0|0|0|0|0|0|0|0|0|0|0|0|0
DHCST|NY|000|05|0213464|55|55|55|0|0|55|8|37|0|1|0|0|9|55|50|5|55|50|8|36|0|1|0|0|5|5|0|1|0|0|0|0|4|64|17|39|1|4|0|3|64|55|13|38|1|3|0|0|9|4|1|0|1|0|3|55|46|8|37|0|1|0|0|9|9|2|1|3|0|3|0|0|0|0|0|0|0|0|0|0|0|0|0|0|0|0|0|0|0|0|0|0|0|0|0|0|0|0|0|0|0|0|0|0|0|0|0|0|0|0|0|0|0|0|0|0|0|0|0|0|0|0|0|0|0|0|55|5|50|45|8|36|0|1|0|0|5|5|2|1|2|0|0|0|0|0|0|0|0|0|0|0|0|0|0|0|0|0|0|0|0|0|0|0|0|0|0|0|0|0|0|0|0|0|0|0|0|0|0|0|0|0|0|0|0|0|0|0|0|0|0|0|0|0|0|0|0|0|0
DHCST|NY|000|05|0213465|77|77|77|0|0|77|10|53|0|0|0|1|13|77|65|12|77|65|8|52|0|0|0|0|5|12|2|1|0|0|0|1|8|91|16|64|2|0|0|9|91|71|12|57|2|0|0|0|20|4|7|0|0|0|9|77|64|10|53|0|0|0|1|13|12|3|0|0|0|2|1|0|0|6|0|0|0|0|0|0|1|1|0|0|0|0|0|0|0|0|0|0|0|0|0|0|0|0|0|0|0|0|0|0|0|0|0|0|0|0|0|0|0|0|0|0|0|0|0|0|0|0|0|0|0|0|77|12|65|60|8|52|0|0|0|0|5|4|3|0|0|0|0|1|0|0|0|0|0|0|0|0|0|1|1|0|0|0|0|0|0|0|0|0|0|0|0|0|0|0|0|0|0|0|0|0|0|0|0|0|0|0|0|0|0|0|0|0|0|0|0|0|0|0|0|0|0|0|0
DHCST|NY|000|05|0213466|90|90|90|0|0|90|24|34|0|7|0|10|15|90|78|12|90|78|24|34|0|5|0|1|14|12|0|0|0|2|0|9|1|105|39|48|0|7|0|11|105|92|38|48|0|5|0|1|13|1|0|0|2|0|10|90|75|24|34|0|7|0|10|15|15|14|0|0|0|1|0|0|0|0|0|0|0|0|0|0|0|0|0|0|0|0|0|0|0|0|0|0|0|0|0|0|0|0|0|0|0|0|0|0|0|0|0|0|0|0|0|0|0|0|0|0|0|0|0|0|0|0|0|0|0|0|90|12|78|64|24|34|0|5|0|1|14|14|14|0|0|0|0|0|0|0|0|0|0|0|0|0|0|0|0|0|0|0|0|0|0|0|0|0|0|0|0|0|0|0|0|0|0|0|0|0|0|0|0|0|0|0|0|0|0|0|0|0|0|0|0|0|0|0|0|0|0|0|0
DHCST|NY|000|05|0213467|68|68|68|0|0|68|15|43|0|0|0|0|10|68|60|8|68|60|15|39|0|0|0|0|6|8|0|4|0|0|0|0|4|78|22|49|3|1|0|3|78|66|18|44|3|1|0|0|12|4|5|0|0|0|3|68|58|15|43|0|0|0|0|10|10|3|0|1|0|3|3|0|0|0|0|0|0|0|0|0|0|0|0|0|0|0|0|0|0|0|0|0|0|0|0|0|0|0|0|0|0|0|0|0|0|0|0|0|0|0|0|0|0|0|0|0|0|0|0|0|0|0|0|0|0|0|68|8|60|54|15|39|0|0|0|0|6|6|2|0|1|0|0|3|0|0|0|0|0|0|0|0|0|0|0|0|0|0|0|0|0|0|0|0|0|0|0|0|0|0|0|0|0|0|0|0|0|0|0|0|0|0|0|0|0|0|0|0|0|0|0|0|0|0|0|0|0|0|0
DHCST|NY|000|05|0213468|33|33|33|0|0|33|12|18|0|1|0|0|2|33|30|3|33|30|11|18|0|1|0|0|0|3|1|0|0|0|0|0|2|35|13|18|0|1|2|1|35|30|11|18|0|1|0|0|5|2|0|0|0|2|1|33|31|12|18|0|1|0|0|2|2|0|0|0|1|0|0|0|0|0|0|0|0|0|0|1|0|0|0|0|0|0|0|0|0|0|0|0|0|0|0|0|0|0|0|0|0|0|0|0|0|0|0|0|0|0|0|0|0|0|0|0|0|0|0|0|0|0|0|0|0|0|33|3|30|30|11|18|0|1|0|0|0|0|0|0|0|0|0|0|0|0|0|0|0|0|0|0|0|0|0|0|0|0|0|0|0|0|0|0|0|0|0|0|0|0|0|0|0|0|0|0|0|0|0|0|0|0|0|0|0|0|0|0|0|0|0|0|0|0|0|0|0|0|0
DHCST|NY|000|05|0213469|43|43|43|0|0|43|21|13|0|5|0|0|4|43|40|3|43|40|21|12|0|5|0|0|2|3|0|1|0|0|0|0|2|47|25|16|0|5|0|1|47|42|23|14|0|5|0|0|5|2|2|0|0|0|1|43|39|21|13|0|5|0|0|4|4|3|0|0|0|1|0|0|0|0|0|0|0|0|0|0|0|0|0|0|0|0|0|0|0|0|0|0|0|0|0|0|0|0|0|0|0|0|0|0|0|0|0|0|0|0|0|0|0|0|0|0|0|0|0|0|0|0|0|0|0|0|43|3|40|38|21|12|0|5|0|0|2|2|2|0|0|0|0|0|0|0|0|0|0|0|0|0|0|0|0|0|0|0|0|0|0|0|0|0|0|0|0|0|0|0|0|0|0|0|0|0|0|0|0|0|0|0|0|0|0|0|0|0|0|0|0|0|0|0|0|0|0|0|0
DHCST|NY|000|05|0213470|47|47|47|0|0|47|19|22|0|0|0|4|2|47|38|9|47|38|17|21|0|0|0|0|0|9|2|1|0|0|0|4|2|49|19|24|0|0|0|6|49|38|17|21|0|0|0|0|11|2|3|0|0|0|6|47|45|19|22|0|0|0|4|2|2|0|0|0|0|0|0|0|0|2|0|0|0|0|0|0|0|0|0|0|0|0|0|0|0|0|0|0|0|0|0|0|0|0|0|0|0|0|0|0|0|0|0|0|0|0|0|0|0|0|0|0|0|0|0|0|0|0|0|0|0|0|47|9|38|38|17|21|0|0|0|0|0|0|0|0|0|0|0|0|0|0|0|0|0|0|0|0|0|0|0|0|0|0|0|0|0|0|0|0|0|0|0|0|0|0|0|0|0|0|0|0|0|0|0|0|0|0|0|0|0|0|0|0|0|0|0|0|0|0|0|0|0|0|0
DHCST|NY|000|05|0213471|51|51|51|0|0|51|23|16|1|0|0|2|9|51|46|5|51|46|21|15|1|0|0|1|8|5|2|1|0|0|0|1|1|61|32|19|2|5|0|3|61|54|29|18|1|5|0|1|7|3|1|1|0|0|2|51|42|23|16|1|0|0|2|9|8|3|0|5|0|0|0|0|0|0|0|0|0|0|0|0|1|0|0|0|0|0|0|1|0|0|0|0|0|0|0|0|0|0|0|0|0|0|0|0|0|0|0|0|0|0|0|0|0|0|0|0|0|0|0|0|0|0|0|0|0|0|51|5|46|38|21|15|1|0|0|1|8|8|3|0|5|0|0|0|0|0|0|0|0|0|0|0|0|0|0|0|0|0|0|0|0|0|0|0|0|0|0|0|0|0|0|0|0|0|0|0|0|0|0|0|0|0|0|0|0|0|0|0|0|0|0|0|0|0|0|0|0|0|0
DHCST|NY|000|05|0213472|0|0|0|0|0|0|0|0|0|0|0|0|0|0|0|0|0|0|0|0|0|0|0|0|0|0|0|0|0|0|0|0|0|0|0|0|0|0|0|0|0|0|0|0|0|0|0|0|0|0|0|0|0|0|0|0|0|0|0|0|0|0|0|0|0|0|0|0|0|0|0|0|0|0|0|0|0|0|0|0|0|0|0|0|0|0|0|0|0|0|0|0|0|0|0|0|0|0|0|0|0|0|0|0|0|0|0|0|0|0|0|0|0|0|0|0|0|0|0|0|0|0|0|0|0|0|0|0|0|0|0|0|0|0|0|0|0|0|0|0|0|0|0|0|0|0|0|0|0|0|0|0|0|0|0|0|0|0|0|0|0|0|0|0|0|0|0|0|0|0|0|0|0|0|0|0|0|0|0|0|0|0|0|0|0|0|0|0|0|0|0|0|0|0|0|0|0|0|0
DHCST|NY|000|05|0213473|59|59|59|0|0|59|46|3|0|0|0|7|3|59|52|7|59|52|46|3|0|0|0|0|3|7|0|0|0|0|0|7|0|62|49|5|0|1|0|7|62|55|49|5|0|1|0|0|7|0|0|0|0|0|7|59|56|46|3|0|0|0|7|3|3|2|0|1|0|0|0|0|0|0|0|0|0|0|0|0|0|0|0|0|0|0|0|0|0|0|0|0|0|0|0|0|0|0|0|0|0|0|0|0|0|0|0|0|0|0|0|0|0|0|0|0|0|0|0|0|0|0|0|0|0|0|59|7|52|49|46|3|0|0|0|0|3|3|2|0|1|0|0|0|0|0|0|0|0|0|0|0|0|0|0|0|0|0|0|0|0|0|0|0|0|0|0|0|0|0|0|0|0|0|0|0|0|0|0|0|0|0|0|0|0|0|0|0|0|0|0|0|0|0|0|0|0|0|0
DHCST|NY|000|05|0213474|73|73|73|0|0|73|17|49|0|0|0|0|7|73|69|4|73|69|17|49|0|0|0|0|3|4|0|0|0|0|0|0|4|82|24|50|2|3|0|3|82|73|20|50|1|2|0|0|9|4|0|1|1|0|3|73|66|17|49|0|0|0|0|7|5|0|0|2|0|3|0|0|0|0|0|0|0|0|0|0|2|1|0|0|0|1|0|0|0|0|0|0|0|0|0|0|0|0|0|0|0|0|0|0|0|0|0|0|0|0|0|0|0|0|0|0|0|0|0|0|0|0|0|0|0|0|73|4|69|66|17|49|0|0|0|0|3|2|0|0|2|0|0|0|0|0|0|0|0|0|0|0|0|1|1|0|0|0|0|0|0|0|0|0|0|0|0|0|0|0|0|0|0|0|0|0|0|0|0|0|0|0|0|0|0|0|0|0|0|0|0|0|0|0|0|0|0|0|0
DHCST|NY|000|05|0213475|82|82|82|0|0|82|33|37|0|1|0|2|9|82|78|4|82|78|33|37|0|0|0|0|8|4|0|0|0|1|0|2|1|91|41|41|1|5|1|2|91|86|40|40|1|4|1|0|5|1|1|0|1|0|2|82|73|33|37|0|1|0|2|9|9|3|0|4|1|0|1|0|0|0|0|0|0|0|0|0|0|0|0|0|0|0|0|0|0|0|0|0|0|0|0|0|0|0|0|0|0|0|0|0|0|0|0|0|0|0|0|0|0|0|0|0|0|0|0|0|0|0|0|0|0|0|82|4|78|70|33|37|0|0|0|0|8|8|2|0|4|1|0|1|0|0|0|0|0|0|0|0|0|0|0|0|0|0|0|0|0|0|0|0|0|0|0|0|0|0|0|0|0|0|0|0|0|0|0|0|0|0|0|0|0|0|0|0|0|0|0|0|0|0|0|0|0|0|0
DHCST|NY|000|05|0213476|50|50|50|0|0|50|25|16|0|3|0|0|6|50|49|1|50|49|25|16|0|3|0|0|5|1|0|0|0|0|0|0|1|56|29|20|3|3|0|1|56|54|29|19|3|3|0|0|2|0|1|0|0|0|1|50|44|25|16|0|3|0|0|6|6|2|2|0|0|0|1|0|0|1|0|0|0|0|0|0|0|0|0|0|0|0|0|0|0|0|0|0|0|0|0|0|0|0|0|0|0|0|0|0|0|0|0|0|0|0|0|0|0|0|0|0|0|0|0|0|0|0|0|0|0|0|50|1|49|44|25|16|0|3|0|0|5|5|2|2|0|0|0|1|0|0|0|0|0|0|0|0|0|0|0|0|0|0|0|0|0|0|0|0|0|0|0|0|0|0|0|0|0|0|0|0|0|0|0|0|0|0|0|0|0|0|0|0|0|0|0|0|0|0|0|0|0|0|0
DHCST|NY|000|05|0213477|45|45|45|0|0|45|10|20|0|0|0|9|6|45|33|12|45|33|10|19|0|0|0|0|4|12|0|1|0|0|0|9|2|51|16|24|0|1|0|10|51|37|14|23|0|0|0|0|14|2|1|0|1|0|10|45|39|10|20|0|0|0|9|6|6|4|0|1|0|1|0|0|0|0|0|0|0|0|0|0|0|0|0|0|0|0|0|0|0|0|0|0|0|0|0|0|0|0|0|0|0|0|0|0|0|0|0|0|0|0|0|0|0|0|0|0|0|0|0|0|0|0|0|0|0|0|45|12|33|29|10|19|0|0|0|0|4|4|4|0|0|0|0|0|0|0|0|0|0|0|0|0|0|0|0|0|0|0|0|0|0|0|0|0|0|0|0|0|0|0|0|0|0|0|0|0|0|0|0|0|0|0|0|0|0|0|0|0|0|0|0|0|0|0|0|0|0|0|0
DHCST|NY|000|05|0213478|85|85|85|0|0|85|30|49|0|0|0|1|5|85|82|3|85|82|30|48|0|0|0|0|4|3|0|1|0|0|0|1|1|93|35|52|3|1|0|2|93|89|34|51|3|1|0|0|4|1|1|0|0|0|2|85|80|30|49|0|0|0|1|5|2|0|0|1|0|1|0|0|0|0|0|0|0|0|0|0|3|3|0|0|0|0|0|0|0|0|0|0|0|0|0|0|0|0|0|0|0|0|0|0|0|0|0|0|0|0|0|0|0|0|0|0|0|0|0|0|0|0|0|0|0|0|85|3|82|78|30|48|0|0|0|0|4|1|0|0|1|0|0|0|0|0|0|0|0|0|0|0|0|3|3|0|0|0|0|0|0|0|0|0|0|0|0|0|0|0|0|0|0|0|0|0|0|0|0|0|0|0|0|0|0|0|0|0|0|0|0|0|0|0|0|0|0|0|0
DHCST|NY|000|05|0213479|33|33|33|0|0|33|20|0|0|0|0|3|10|33|26|7|33|26|20|0|0|0|0|0|6|7|0|0|0|0|0|3|4|43|26|8|2|0|0|7|43|32|26|4|2|0|0|0|11|0|4|0|0|0|7|33|23|20|0|0|0|0|3|10|10|4|2|0|0|0|0|0|0|4|0|0|0|0|0|0|0|0|0|0|0|0|0|0|0|0|0|0|0|0|0|0|0|0|0|0|0|0|0|0|0|0|0|0|0|0|0|0|0|0|0|0|0|0|0|0|0|0|0|0|0|0|33|7|26|20|20|0|0|0|0|0|6|6|4|2|0|0|0|0|0|0|0|0|0|0|0|0|0|0|0|0|0|0|0|0|0|0|0|0|0|0|0|0|0|0|0|0|0|0|0|0|0|0|0|0|0|0|0|0|0|0|0|0|0|0|0|0|0|0|0|0|0|0|0
DHCST|NY|000|05|0213480|14|14|14|0|0|14|0|2|1|0|0|3|8|14|6|8|14|6|0|2|1|0|0|0|3|8|0|0|0|0|0|3|5|22|8|6|1|0|0|7|22|9|3|5|1|0|0|0|13|5|1|0|0|0|7|14|6|0|2|1|0|0|3|8|8|4|0|0|0|4|0|0|0|0|0|0|0|0|0|0|0|0|0|0|0|0|0|0|0|0|0|0|0|0|0|0|0|0|0|0|0|0|0|0|0|0|0|0|0|0|0|0|0|0|0|0|0|0|0|0|0|0|0|0|0|0|14|8|6|3|0|2|1|0|0|0|3|3|3|0|0|0|0|0|0|0|0|0|0|0|0|0|0|0|0|0|0|0|0|0|0|0|0|0|0|0|0|0|0|0|0|0|0|0|0|0|0|0|0|0|0|0|0|0|0|0|0|0|0|0|0|0|0|0|0|0|0|0|0
DHCST|NY|000|05|0213481|41|41|41|0|0|41|8|12|4|0|0|3|14|41|29|12|41|29|6|12|0|0|0|3|8|12|2|0|4|0|0|0|6|57|22|22|6|0|0|7|57|37|14|20|0|0|0|3|20|8|2|6|0|0|4|41|27|8|12|4|0|0|3|14|12|8|0|0|0|4|0|0|0|0|0|0|0|0|0|0|2|2|0|0|0|0|0|0|0|0|0|0|0|0|0|0|0|0|0|0|0|0|0|0|0|0|0|0|0|0|0|0|0|0|0|0|0|0|0|0|0|0|0|0|0|0|41|12|29|21|6|12|0|0|0|3|8|8|8|0|0|0|0|0|0|0|0|0|0|0|0|0|0|0|0|0|0|0|0|0|0|0|0|0|0|0|0|0|0|0|0|0|0|0|0|0|0|0|0|0|0|0|0|0|0|0|0|0|0|0|0|0|0|0|0|0|0|0|0
DHCST|NY|000|05|0213482|42|42|42|0|0|42|10|16|0|0|0|2|14|42|36|6|42|36|10|16|0|0|0|0|10|6|0|0|0|0|0|2|4|56|23|27|0|1|0|5|56|46|19|23|0|1|0|3|10|4|4|0|0|0|2|42|28|10|16|0|0|0|2|14|14|10|0|0|0|3|0|1|0|0|0|0|0|0|0|0|0|0|0|0|0|0|0|0|0|0|0|0|0|0|0|0|0|0|0|0|0|0|0|0|0|0|0|0|0|0|0|0|0|0|0|0|0|0|0|0|0|0|0|0|0|0|42|6|36|26|10|16|0|0|0|0|10|10|6|0|0|0|3|0|1|0|0|0|0|0|0|0|0|0|0|0|0|0|0|0|0|0|0|0|0|0|0|0|0|0|0|0|0|0|0|0|0|0|0|0|0|0|0|0|0|0|0|0|0|0|0|0|0|0|0|0|0|0|0
DHCST|NY|000|05|0213483|54|54|54|0|0|54|11|23|0|0|0|7|13|54|17|37|54|17|6|11|0|0|0|0|0|37|5|12|0|0|0|7|13|69|24|26|2|0|0|17|69|17|6|11|0|0|0|0|52|18|15|2|0|0|17|54|41|11|23|0|0|0|7|13|11|1|0|0|0|10|0|0|0|0|0|0|0|0|0|0|2|2|0|0|0|0|0|0|0|0|0|0|0|0|0|0|0|0|0|0|0|0|0|0|0|0|0|0|0|0|0|0|0|0|0|0|0|0|0|0|0|0|0|0|0|0|54|37|17|17|6|11|0|0|0|0|0|0|0|0|0|0|0|0|0|0|0|0|0|0|0|0|0|0|0|0|0|0|0|0|0|0|0|0|0|0|0|0|0|0|0|0|0|0|0|0|0|0|0|0|0|0|0|0|0|0|0|0|0|0|0|0|0|0|0|0|0|0|0
DHCST|NY|000|05|0213484|90|90|90|0|0|90|21|30|0|0|0|15|24|90|54|36|90|54|21|30|0|0|0|0|3|36|0|0|0|0|0|15|21|116|40|38|3|0|0|35|116|59|24|33|2|0|0|0|57|16|5|1|0|0|35|90|66|21|30|0|0|0|15|24|22|1|0|0|0|16|1|0|0|4|0|0|0|0|0|0|2|2|0|0|0|0|0|0|0|0|0|0|0|0|0|0|0|0|0|0|0|0|0|0|0|0|0|0|0|0|0|0|0|0|0|0|0|0|0|0|0|0|0|0|0|0|90|36|54|51|21|30|0|0|0|0|3|1|1|0|0|0|0|0|0|0|0|0|0|0|0|0|0|2|2|0|0|0|0|0|0|0|0|0|0|0|0|0|0|0|0|0|0|0|0|0|0|0|0|0|0|0|0|0|0|0|0|0|0|0|0|0|0|0|0|0|0|0|0
DHCST|NY|000|05|0213485|94|94|94|0|0|94|43|14|0|1|0|12|24|94|62|32|94|62|38|12|0|0|0|0|12|32|5|2|0|1|0|12|12|120|61|30|2|1|0|26|120|76|50|22|2|0|0|2|44|11|8|0|1|0|24|94|70|43|14|0|1|0|12|24|22|8|0|0|0|8|0|0|0|6|0|0|0|0|0|0|2|2|0|0|0|0|0|0|0|0|0|0|0|0|0|0|0|0|0|0|0|0|0|0|0|0|0|0|0|0|0|0|0|0|0|0|0|0|0|0|0|0|0|0|0|0|94|32|62|50|38|12|0|0|0|0|12|10|8|0|0|0|2|0|0|0|0|0|0|0|0|0|0|2|2|0|0|0|0|0|0|0|0|0|0|0|0|0|0|0|0|0|0|0|0|0|0|0|0|0|0|0|0|0|0|0|0|0|0|0|0|0|0|0|0|0|0|0|0
DHCST|NY|000|05|0213486|19|19|19|0|0|19|6|4|0|1|0|0|8|19|14|5|19|14|6|0|0|0|0|0|8|5|0|4|0|1|0|0|0|27|14|10|0|1|0|2|27|22|14|6|0|0|0|2|5|0|4|0|1|0|0|19|11|6|4|0|1|0|0|8|8|6|0|0|0|2|0|0|0|0|0|0|0|0|0|0|0|0|0|0|0|0|0|0|0|0|0|0|0|0|0|0|0|0|0|0|0|0|0|0|0|0|0|0|0|0|0|0|0|0|0|0|0|0|0|0|0|0|0|0|0|0|19|5|14|6|6|0|0|0|0|0|8|8|6|0|0|0|2|0|0|0|0|0|0|0|0|0|0|0|0|0|0|0|0|0|0|0|0|0|0|0|0|0|0|0|0|0|0|0|0|0|0|0|0|0|0|0|0|0|0|0|0|0|0|0|0|0|0|0|0|0|0|0|0
DHCST|NY|000|05|0213487|44|44|44|0|0|44|7|28|1|0|0|0|8|44|34|10|44|34|6|27|0|0|0|0|1|10|1|1|1|0|0|0|7|52|14|30|1|0|0|7|52|35|7|28|0|0|0|0|17|7|2|1|0|0|7|44|36|7|28|1|0|0|0|8|8|1|0|0|0|6|0|0|0|1|0|0|0|0|0|0|0|0|0|0|0|0|0|0|0|0|0|0|0|0|0|0|0|0|0|0|0|0|0|0|0|0|0|0|0|0|0|0|0|0|0|0|0|0|0|0|0|0|0|0|0|0|44|10|34|33|6|27|0|0|0|0|1|1|1|0|0|0|0|0|0|0|0|0|0|0|0|0|0|0|0|0|0|0|0|0|0|0|0|0|0|0|0|0|0|0|0|0|0|0|0|0|0|0|0|0|0|0|0|0|0|0|0|0|0|0|0|0|0|0|0|0|0|0|0
DHCST|NY|000|05|0213488|92|92|92|0|0|92|41|29|1|0|0|4|17|92|80|12|92|80|37|25|1|0|0|0|17|12|4|4|0|0|0|4|0|109|58|44|3|0|0|4|109|97|54|40|3|0|0|0|12|4|4|0|0|0|4|92|75|41|29|1|0|0|4|17|17|15|2|0|0|0|0|0|0|0|0|0|0|0|0|0|0|0|0|0|0|0|0|0|0|0|0|0|0|0|0|0|0|0|0|0|0|0|0|0|0|0|0|0|0|0|0|0|0|0|0|0|0|0|0|0|0|0|0|0|0|0|92|12|80|63|37|25|1|0|0|0|17|17|15|2|0|0|0|0|0|0|0|0|0|0|0|0|0|0|0|0|0|0|0|0|0|0|0|0|0|0|0|0|0|0|0|0|0|0|0|0|0|0|0|0|0|0|0|0|0|0|0|0|0|0|0|0|0|0|0|0|0|0|0
DHCST|NY|000|05|0213489|77|77|77|0|0|77|19|30|2|1|0|19|6|77|52|25|77|52|19|26|2|1|0|1|3|25|0|4|0|0|0|18|3|83|25|32|2|1|0|23|83|55|22|28|2|1|0|2|28|3|4|0|0|0|21|77|71|19|30|2|1|0|19|6|6|2|0|0|0|4|0|0|0|0|0|0|0|0|0|0|0|0|0|0|0|0|0|0|0|0|0|0|0|0|0|0|0|0|0|0|0|0|0|0|0|0|0|0|0|0|0|0|0|0|0|0|0|0|0|0|0|0|0|0|0|0|77|25|52|49|19|26|2|1|0|1|3|3|2|0|0|0|1|0|0|0|0|0|0|0|0|0|0|0|0|0|0|0|0|0|0|0|0|0|0|0|0|0|0|0|0|0|0|0|0|0|0|0|0|0|0|0|0|0|0|0|0|0|0|0|0|0|0|0|0|0|0|0|0
DHCST|NY|000|05|0213490|0|0|0|0|0|0|0|0|0|0|0|0|0|0|0|0|0|0|0|0|0|0|0|0|0|0|0|0|0|0|0|0|0|0|0|0|0|0|0|0|0|0|0|0|0|0|0|0|0|0|0|0|0|0|0|0|0|0|0|0|0|0|0|0|0|0|0|0|0|0|0|0|0|0|0|0|0|0|0|0|0|0|0|0|0|0|0|0|0|0|0|0|0|0|0|0|0|0|0|0|0|0|0|0|0|0|0|0|0|0|0|0|0|0|0|0|0|0|0|0|0|0|0|0|0|0|0|0|0|0|0|0|0|0|0|0|0|0|0|0|0|0|0|0|0|0|0|0|0|0|0|0|0|0|0|0|0|0|0|0|0|0|0|0|0|0|0|0|0|0|0|0|0|0|0|0|0|0|0|0|0|0|0|0|0|0|0|0|0|0|0|0|0|0|0|0|0|0|0
DHCST|NY|000|05|0213491|34|34|34|0|0|34|11|12|1|2|0|5|3|34|27|7|34|27|11|8|0|2|0|3|3|7|0|4|1|0|0|2|0|37|14|15|1|2|0|5|37|30|14|11|0|2|0|3|7|0|4|1|0|0|2|34|31|11|12|1|2|0|5|3|3|3|0|0|0|0|0|0|0|0|0|0|0|0|0|0|0|0|0|0|0|0|0|0|0|0|0|0|0|0|0|0|0|0|0|0|0|0|0|0|0|0|0|0|0|0|0|0|0|0|0|0|0|0|0|0|0|0|0|0|0|0|34|7|27|24|11|8|0|2|0|3|3|3|3|0|0|0|0|0|0|0|0|0|0|0|0|0|0|0|0|0|0|0|0|0|0|0|0|0|0|0|0|0|0|0|0|0|0|0|0|0|0|0|0|0|0|0|0|0|0|0|0|0|0|0|0|0|0|0|0|0|0|0|0
DHCST|NY|000|05|0213492|44|44|44|0|0|44|18|20|0|0|0|0|6|44|41|3|44|41|18|20|0|0|0|0|3|3|0|0|0|0|0|0|3|50|24|20|1|2|0|3|50|44|21|20|1|2|0|0|6|3|0|0|0|0|3|44|38|18|20|0|0|0|0|6|6|0|1|2|0|3|0|0|0|0|0|0|0|0|0|0|0|0|0|0|0|0|0|0|0|0|0|0|0|0|0|0|0|0|0|0|0|0|0|0|0|0|0|0|0|0|0|0|0|0|0|0|0|0|0|0|0|0|0|0|0|0|44|3|41|38|18|20|0|0|0|0|3|3|0|1|2|0|0|0|0|0|0|0|0|0|0|0|0|0|0|0|0|0|0|0|0|0|0|0|0|0|0|0|0|0|0|0|0|0|0|0|0|0|0|0|0|0|0|0|0|0|0|0|0|0|0|0|0|0|0|0|0|0|0
DHCST|NY|000|05|0213493|58|58|58|0|0|58|24|8|0|0|0|14|12|58|42|16|58|42|24|8|0|0|0|0|10|16|0|0|0|0|0|14|2|70|36|10|10|0|0|14|70|52|34|10|8|0|0|0|18|2|0|2|0|0|14|58|46|24|8|0|0|0|14|12|12|2|10|0|0|0|0|0|0|0|0|0|0|0|0|0|0|0|0|0|0|0|0|0|0|0|0|0|0|0|0|0|0|0|0|0|0|0|0|0|0|0|0|0|0|0|0|0|0|0|0|0|0|0|0|0|0|0|0|0|0|0|58|16|42|32|24|8|0|0|0|0|10|10|2|8|0|0|0|0|0|0|0|0|0|0|0|0|0|0|0|0|0|0|0|0|0|0|0|0|0|0|0|0|0|0|0|0|0|0|0|0|0|0|0|0|0|0|0|0|0|0|0|0|0|0|0|0|0|0|0|0|0|0|0
DHCST|NY|000|05|0213494|59|59|59|0|0|59|16|30|6|0|0|0|7|59|52|7|59|52|16|27|6|0|0|0|3|7|0|3|0|0|0|0|4|67|19|36|8|0|0|4|67|56|19|29|7|0|0|1|11|0|7|1|0|0|3|59|52|16|30|6|0|0|0|7|6|1|0|0|0|1|1|0|0|3|0|0|0|0|0|0|1|1|0|0|0|0|0|0|0|0|0|0|0|0|0|0|0|0|0|0|0|0|0|0|0|0|0|0|0|0|0|0|0|0|0|0|0|0|0|0|0|0|0|0|0|0|59|7|52|49|16|27|6|0|0|0|3|2|1|0|0|0|1|0|0|0|0|0|0|0|0|0|0|1|1|0|0|0|0|0|0|0|0|0|0|0|0|0|0|0|0|0|0|0|0|0|0|0|0|0|0|0|0|0|0|0|0|0|0|0|0|0|0|0|0|0|0|0|0
DHCST|NY|000|05|0213495|112|112|112|0|0|112|34|44|0|1|0|12|21|112|71|41|112|71|25|37|0|1|0|1|7|41|9|7|0|0|0|11|14|134|52|53|2|2|0|25|134|78|31|43|1|2|0|1|56|21|10|1|0|0|24|112|91|34|44|0|1|0|12|21|20|5|1|0|0|11|1|1|0|1|0|0|0|0|0|0|1|0|0|0|1|0|0|0|0|0|0|0|0|0|0|0|0|0|0|0|0|0|0|0|0|0|0|0|0|0|0|0|0|0|0|0|0|0|0|0|0|0|0|0|0|0|112|41|71|64|25|37|0|1|0|1|7|7|5|1|0|0|0|0|1|0|0|0|0|0|0|0|0|0|0|0|0|0|0|0|0|0|0|0|0|0|0|0|0|0|0|0|0|0|0|0|0|0|0|0|0|0|0|0|0|0|0|0|0|0|0|0|0|0|0|0|0|0|0
DHCST|NY|000|05|0213496|179|179|179|0|0|179|43|87|0|0|0|20|29|179|146|33|179|146|41|86|0|0|0|1|18|33|2|1|0|0|0|19|11|211|64|116|4|0|0|27|211|164|59|104|0|0|0|1|47|5|12|4|0|0|26|179|150|43|87|0|0|0|20|29|26|18|0|0|0|0|1|0|0|7|0|0|0|0|0|0|3|3|0|0|0|0|0|0|0|0|0|0|0|0|0|0|0|0|0|0|0|0|0|0|0|0|0|0|0|0|0|0|0|0|0|0|0|0|0|0|0|0|0|0|0|0|179|33|146|128|41|86|0|0|0|1|18|18|18|0|0|0|0|0|0|0|0|0|0|0|0|0|0|0|0|0|0|0|0|0|0|0|0|0|0|0|0|0|0|0|0|0|0|0|0|0|0|0|0|0|0|0|0|0|0|0|0|0|0|0|0|0|0|0|0|0|0|0|0
DHCST|NY|000|05|0213497|31|31|31|0|0|31|7|13|2|0|0|5|4|31|24|7|31|24|6|13|2|0|0|0|3|7|1|0|0|0|0|5|1|35|11|13|4|0|1|6|35|27|9|13|4|0|1|0|8|2|0|0|0|0|6|31|27|7|13|2|0|0|5|4|4|0|2|0|1|1|0|0|0|0|0|0|0|0|0|0|0|0|0|0|0|0|0|0|0|0|0|0|0|0|0|0|0|0|0|0|0|0|0|0|0|0|0|0|0|0|0|0|0|0|0|0|0|0|0|0|0|0|0|0|0|0|31|7|24|21|6|13|2|0|0|0|3|3|0|2|0|1|0|0|0|0|0|0|0|0|0|0|0|0|0|0|0|0|0|0|0|0|0|0|0|0|0|0|0|0|0|0|0|0|0|0|0|0|0|0|0|0|0|0|0|0|0|0|0|0|0|0|0|0|0|0|0|0|0
DHCST|NY|000|05|0213498|124|124|124|0|0|124|41|38|1|2|0|24|18|124|82|42|124|82|36|36|1|2|0|0|7|42|5|2|0|0|0|24|11|142|57|40|5|2|0|38|142|89|41|38|5|2|0|3|53|16|2|0|0|0|35|124|106|41|38|1|2|0|24|18|18|0|4|0|0|12|0|0|0|2|0|0|0|0|0|0|0|0|0|0|0|0|0|0|0|0|0|0|0|0|0|0|0|0|0|0|0|0|0|0|0|0|0|0|0|0|0|0|0|0|0|0|0|0|0|0|0|0|0|0|0|0|124|42|82|75|36|36|1|2|0|0|7|7|0|4|0|0|1|0|0|0|2|0|0|0|0|0|0|0|0|0|0|0|0|0|0|0|0|0|0|0|0|0|0|0|0|0|0|0|0|0|0|0|0|0|0|0|0|0|0|0|0|0|0|0|0|0|0|0|0|0|0|0|0
DHCST|NY|000|05|0213499|138|138|138|0|0|138|39|53|0|3|0|20|23|138|96|42|138|96|33|47|0|3|0|6|7|42|6|6|0|0|0|14|16|161|57|62|5|3|0|34|161|103|35|54|5|3|0|6|58|22|8|0|0|0|28|138|115|39|53|0|3|0|20|23|23|4|0|0|0|14|5|0|0|0|0|0|0|0|0|0|0|0|0|0|0|0|0|0|0|0|0|0|0|0|0|0|0|0|0|0|0|0|0|0|0|0|0|0|0|0|0|0|0|0|0|0|0|0|0|0|0|0|0|0|0|0|138|42|96|89|33|47|0|3|0|6|7|7|2|0|0|0|0|5|0|0|0|0|0|0|0|0|0|0|0|0|0|0|0|0|0|0|0|0|0|0|0|0|0|0|0|0|0|0|0|0|0|0|0|0|0|0|0|0|0|0|0|0|0|0|0|0|0|0|0|0|0|0|0
DHCST|NY|000|05|0213500|137|137|137|0|0|137|45|37|2|0|0|20|33|137|82|55|137|82|31|37|2|0|0|0|12|55|14|0|0|0|0|20|21|170|78|49|2|0|0|41|170|94|43|49|2|0|0|0|76|35|0|0|0|0|41|137|104|45|37|2|0|0|20|33|33|12|0|0|0|21|0|0|0|0|0|0|0|0|0|0|0|0|0|0|0|0|0|0|0|0|0|0|0|0|0|0|0|0|0|0|0|0|0|0|0|0|0|0|0|0|0|0|0|0|0|0|0|0|0|0|0|0|0|0|0|0|137|55|82|70|31|37|2|0|0|0|12|12|12|0|0|0|0|0|0|0|0|0|0|0|0|0|0|0|0|0|0|0|0|0|0|0|0|0|0|0|0|0|0|0|0|0|0|0|0|0|0|0|0|0|0|0|0|0|0|0|0|0|0|0|0|0|0|0|0|0|0|0|0
DHCST|NY|000|05|0213501|231|231|231|0|0|231|101|69|1|2|0|22|36|231|180|51|231|180|89|65|0|2|0|0|24|51|12|4|1|0|0|22|12|268|135|91|9|2|0|31|268|204|113|82|7|2|0|0|64|22|9|2|0|0|31|231|195|101|69|1|2|0|22|36|35|19|7|0|0|7|0|0|0|2|0|0|0|0|0|0|1|1|0|0|0|0|0|0|0|0|0|0|0|0|0|0|0|0|0|0|0|0|0|0|0|0|0|0|0|0|0|0|0|0|0|0|0|0|0|0|0|0|0|0|0|0|231|51|180|156|89|65|0|2|0|0|24|24|17|7|0|0|0|0|0|0|0|0|0|0|0|0|0|0|0|0|0|0|0|0|0|0|0|0|0|0|0|0|0|0|0|0|0|0|0|0|0|0|0|0|0|0|0|0|0|0|0|0|0|0|0|0|0|0|0|0|0|0|0
DHCST|NY|000|05|0213502|97|97|97|0|0|97|34|39|8|0|0|9|7|97|83|14|97|83|34|31|8|0|0|4|6|14|0|8|0|0|0|5|1|107|41|43|13|0|0|10|107|92|40|35|13|0|0|4|15|1|8|0|0|0|6|97|90|34|39|8|0|0|9|7|4|1|2|0|0|1|0|0|0|0|0|0|0|0|0|0|3|3|0|0|0|0|0|0|0|0|0|0|0|0|0|0|0|0|0|0|0|0|0|0|0|0|0|0|0|0|0|0|0|0|0|0|0|0|0|0|0|0|0|0|0|0|97|14|83|77|34|31|8|0|0|4|6|3|1|2|0|0|0|0|0|0|0|0|0|0|0|0|0|3|3|0|0|0|0|0|0|0|0|0|0|0|0|0|0|0|0|0|0|0|0|0|0|0|0|0|0|0|0|0|0|0|0|0|0|0|0|0|0|0|0|0|0|0|0
DHCST|NY|000|05|0213503|92|92|92|0|0|92|20|48|4|0|0|3|17|92|79|13|92|79|20|48|2|0|0|0|9|13|0|0|2|0|0|3|8|111|35|50|7|2|0|17|111|90|28|49|4|2|0|7|21|7|1|3|0|0|10|92|75|20|48|4|0|0|3|17|15|1|0|0|0|12|0|0|0|1|0|0|1|0|0|0|2|0|0|0|0|2|0|0|0|0|0|0|0|0|0|0|0|0|0|0|0|0|0|0|0|0|0|0|0|0|0|0|0|0|0|0|0|0|0|0|0|0|0|0|0|0|92|13|79|70|20|48|2|0|0|0|9|7|0|0|0|0|6|0|0|0|1|0|0|0|0|0|0|2|0|0|0|0|2|0|0|0|0|0|0|0|0|0|0|0|0|0|0|0|0|0|0|0|0|0|0|0|0|0|0|0|0|0|0|0|0|0|0|0|0|0|0|0|0
DHCST|NY|000|05|0213504|103|103|103|0|0|103|26|40|0|0|0|4|33|103|82|21|103|82|20|40|0|0|0|0|22|21|6|0|0|0|0|4|11|138|57|65|3|0|0|13|138|104|40|62|2|0|0|0|34|17|3|1|0|0|13|103|70|26|40|0|0|0|4|33|31|21|0|0|0|8|2|0|0|0|0|0|0|0|0|0|2|1|0|0|1|0|0|0|0|0|0|0|0|0|0|0|0|0|0|0|0|0|0|0|0|0|0|0|0|0|0|0|0|0|0|0|0|0|0|0|0|0|0|0|0|0|103|21|82|60|20|40|0|0|0|0|22|22|20|0|0|0|0|2|0|0|0|0|0|0|0|0|0|0|0|0|0|0|0|0|0|0|0|0|0|0|0|0|0|0|0|0|0|0|0|0|0|0|0|0|0|0|0|0|0|0|0|0|0|0|0|0|0|0|0|0|0|0|0
DHCST|NY|000|05|0213505|146|146|146|0|0|146|33|87|0|1|0|11|14|146|130|16|146|130|33|83|0|1|0|0|13|16|0|4|0|0|0|11|1|161|46|98|4|2|0|11|161|144|46|93|3|2|0|0|17|0|5|1|0|0|11|146|132|33|87|0|1|0|11|14|13|9|2|1|0|0|1|0|0|0|0|0|0|0|0|0|1|1|0|0|0|0|0|0|0|0|0|0|0|0|0|0|0|0|0|0|0|0|0|0|0|0|0|0|0|0|0|0|0|0|0|0|0|0|0|0|0|0|0|0|0|0|146|16|130|117|33|83|0|1|0|0|13|12|9|2|1|0|0|0|0|0|0|0|0|0|0|0|0|1|1|0|0|0|0|0|0|0|0|0|0|0|0|0|0|0|0|0|0|0|0|0|0|0|0|0|0|0|0|0|0|0|0|0|0|0|0|0|0|0|0|0|0|0|0
DHCST|NY|000|05|0213506|192|192|192|0|0|192|41|100|0|0|0|22|29|192|137|55|192|137|34|90|0|0|0|0|13|55|7|10|0|0|0|22|16|223|67|111|4|2|0|39|223|150|44|99|3|2|0|2|73|23|12|1|0|0|37|192|163|41|100|0|0|0|22|29|27|7|1|1|0|15|2|0|0|0|0|0|0|0|1|0|2|1|0|0|1|0|0|0|0|0|0|0|0|0|0|0|0|0|0|0|0|0|0|0|0|0|0|0|0|0|0|0|0|0|0|0|0|0|0|0|0|0|0|0|0|0|192|55|137|124|34|90|0|0|0|0|13|13|7|1|1|0|1|2|0|0|0|0|0|0|0|1|0|0|0|0|0|0|0|0|0|0|0|0|0|0|0|0|0|0|0|0|0|0|0|0|0|0|0|0|0|0|0|0|0|0|0|0|0|0|0|0|0|0|0|0|0|0|0
DHCST|NY|000|05|0213507|56|56|56|0|0|56|5|19|1|0|0|10|21|56|23|33|56|23|3|13|0|0|0|0|7|33|2|6|1|0|0|10|14|77|21|31|1|0|0|24|77|30|10|20|0|0|0|0|47|11|11|1|0|0|24|56|35|5|19|1|0|0|10|21|21|7|0|0|0|9|0|0|0|5|0|0|0|0|0|0|0|0|0|0|0|0|0|0|0|0|0|0|0|0|0|0|0|0|0|0|0|0|0|0|0|0|0|0|0|0|0|0|0|0|0|0|0|0|0|0|0|0|0|0|0|0|56|33|23|16|3|13|0|0|0|0|7|7|7|0|0|0|0|0|0|0|0|0|0|0|0|0|0|0|0|0|0|0|0|0|0|0|0|0|0|0|0|0|0|0|0|0|0|0|0|0|0|0|0|0|0|0|0|0|0|0|0|0|0|0|0|0|0|0|0|0|0|0|0
DHCST|NY|000|05|0213508|74|74|74|0|0|74|26|12|0|0|0|23|13|74|26|48|74|26|13|11|0|0|0|0|2|48|13|1|0|0|0|23|11|87|31|23|0|0|0|33|87|28|15|13|0|0|0|0|59|16|10|0|0|0|33|74|61|26|12|0|0|0|23|13|13|3|0|0|0|2|0|0|0|8|0|0|0|0|0|0|0|0|0|0|0|0|0|0|0|0|0|0|0|0|0|0|0|0|0|0|0|0|0|0|0|0|0|0|0|0|0|0|0|0|0|0|0|0|0|0|0|0|0|0|0|0|74|48|26|24|13|11|0|0|0|0|2|2|2|0|0|0|0|0|0|0|0|0|0|0|0|0|0|0|0|0|0|0|0|0|0|0|0|0|0|0|0|0|0|0|0|0|0|0|0|0|0|0|0|0|0|0|0|0|0|0|0|0|0|0|0|0|0|0|0|0|0|0|0
DHCST|NY|000|05|0213509|55|55|55|0|0|55|5|22|0|0|0|13|15|55|28|27|55|28|3|16|0|0|0|0|9|27|2|6|0|0|0|13|6|70|18|31|2|0|0|19|70|37|10|25|2|0|0|0|33|8|6|0|0|0|19|55|40|5|22|0|0|0|13|15|15|7|0|0|0|6|2|0|0|0|0|0|0|0|0|0|0|0|0|0|0|0|0|0|0|0|0|0|0|0|0|0|0|0|0|0|0|0|0|0|0|0|0|0|0|0|0|0|0|0|0|0|0|0|0|0|0|0|0|0|0|0|55|27|28|19|3|16|0|0|0|0|9|9|7|0|0|0|0|2|0|0|0|0|0|0|0|0|0|0|0|0|0|0|0|0|0|0|0|0|0|0|0|0|0|0|0|0|0|0|0|0|0|0|0|0|0|0|0|0|0|0|0|0|0|0|0|0|0|0|0|0|0|0|0
DHCST|NY|000|05|0213510|149|149|149|0|0|149|71|28|2|0|0|35|13|149|100|49|149|100|63|27|2|0|0|2|6|49|8|1|0|0|0|33|7|162|78|37|2|1|2|42|162|106|69|32|2|1|0|2|56|9|5|0|0|2|40|149|136|71|28|2|0|0|35|13|13|5|0|1|0|1|0|0|0|4|0|0|0|0|0|2|0|0|0|0|0|0|0|0|0|0|0|0|0|0|0|0|0|0|0|0|0|0|0|0|0|0|0|0|0|0|0|0|0|0|0|0|0|0|0|0|0|0|0|0|0|0|149|49|100|94|63|27|2|0|0|2|6|6|5|0|1|0|0|0|0|0|0|0|0|0|0|0|0|0|0|0|0|0|0|0|0|0|0|0|0|0|0|0|0|0|0|0|0|0|0|0|0|0|0|0|0|0|0|0|0|0|0|0|0|0|0|0|0|0|0|0|0|0|0
DHCST|NY|000|05|0213511|71|71|71|0|0|71|20|23|1|0|0|9|18|71|40|31|71|40|10|23|1|0|0|0|6|31|10|0|0|0|0|9|12|91|35|26|5|0|2|23|91|48|16|25|5|0|0|2|43|19|1|0|0|2|21|71|53|20|23|1|0|0|9|18|16|0|4|0|0|9|0|0|0|1|0|0|0|0|0|2|2|0|0|0|2|0|0|0|0|0|0|0|0|0|0|0|0|0|0|0|0|0|0|0|0|0|0|0|0|0|0|0|0|0|0|0|0|0|0|0|0|0|0|0|0|0|71|31|40|34|10|23|1|0|0|0|6|4|0|4|0|0|0|0|0|0|0|0|0|0|0|0|0|2|0|0|0|2|0|0|0|0|0|0|0|0|0|0|0|0|0|0|0|0|0|0|0|0|0|0|0|0|0|0|0|0|0|0|0|0|0|0|0|0|0|0|0|0|0
DHCST|NY|000|05|0213512|75|75|75|0|0|75|18|32|1|0|1|9|14|75|43|32|75|43|9|30|0|0|1|0|3|32|9|2|1|0|0|9|11|90|25|40|2|0|6|17|90|46|12|33|0|0|1|0|44|13|7|2|0|5|17|75|61|18|32|1|0|1|9|14|13|5|0|0|0|1|0|0|0|2|0|0|0|0|0|5|1|1|0|0|0|0|0|0|0|0|0|0|0|0|0|0|0|0|0|0|0|0|0|0|0|0|0|0|0|0|0|0|0|0|0|0|0|0|0|0|0|0|0|0|0|0|75|32|43|40|9|30|0|0|1|0|3|3|3|0|0|0|0|0|0|0|0|0|0|0|0|0|0|0|0|0|0|0|0|0|0|0|0|0|0|0|0|0|0|0|0|0|0|0|0|0|0|0|0|0|0|0|0|0|0|0|0|0|0|0|0|0|0|0|0|0|0|0|0
DHCST|NY|000|05|0213513|93|93|93|0|0|93|20|43|0|0|0|17|13|93|68|25|93|68|17|42|0|0|0|0|9|25|3|1|0|0|0|17|4|114|33|55|8|0|0|18|114|82|26|51|5|0|0|0|32|7|4|3|0|0|18|93|80|20|43|0|0|0|17|13|5|4|0|0|0|1|0|0|0|0|0|0|0|0|0|0|8|8|0|0|0|0|0|0|0|0|0|0|0|0|0|0|0|0|0|0|0|0|0|0|0|0|0|0|0|0|0|0|0|0|0|0|0|0|0|0|0|0|0|0|0|0|93|25|68|59|17|42|0|0|0|0|9|4|4|0|0|0|0|0|0|0|0|0|0|0|0|0|0|5|5|0|0|0|0|0|0|0|0|0|0|0|0|0|0|0|0|0|0|0|0|0|0|0|0|0|0|0|0|0|0|0|0|0|0|0|0|0|0|0|0|0|0|0|0
DHCST|NY|000|05|0213514|74|74|74|0|0|74|22|23|0|2|0|24|3|74|39|35|74|39|15|19|0|2|0|0|3|35|7|4|0|0|0|24|0|78|23|26|3|2|0|24|78|43|16|22|3|2|0|0|35|7|4|0|0|0|24|74|71|22|23|0|2|0|24|3|2|0|0|0|0|0|2|0|0|0|0|0|0|0|0|0|1|1|0|0|0|0|0|0|0|0|0|0|0|0|0|0|0|0|0|0|0|0|0|0|0|0|0|0|0|0|0|0|0|0|0|0|0|0|0|0|0|0|0|0|0|0|74|35|39|36|15|19|0|2|0|0|3|2|0|0|0|0|0|2|0|0|0|0|0|0|0|0|0|1|1|0|0|0|0|0|0|0|0|0|0|0|0|0|0|0|0|0|0|0|0|0|0|0|0|0|0|0|0|0|0|0|0|0|0|0|0|0|0|0|0|0|0|0|0
DHCST|NY|000|05|0213515|94|94|94|0|0|94|21|62|0|4|0|2|5|94|84|10|94|84|18|62|0|4|0|0|0|10|3|0|0|0|0|2|5|99|25|65|0|4|0|5|99|84|18|62|0|4|0|0|15|7|3|0|0|0|5|94|89|21|62|0|4|0|2|5|5|2|0|0|0|2|0|0|0|1|0|0|0|0|0|0|0|0|0|0|0|0|0|0|0|0|0|0|0|0|0|0|0|0|0|0|0|0|0|0|0|0|0|0|0|0|0|0|0|0|0|0|0|0|0|0|0|0|0|0|0|0|94|10|84|84|18|62|0|4|0|0|0|0|0|0|0|0|0|0|0|0|0|0|0|0|0|0|0|0|0|0|0|0|0|0|0|0|0|0|0|0|0|0|0|0|0|0|0|0|0|0|0|0|0|0|0|0|0|0|0|0|0|0|0|0|0|0|0|0|0|0|0|0|0
DHCST|NY|000|05|0213516|129|129|129|0|0|129|57|47|1|0|0|9|15|129|100|29|129|100|50|44|0|0|0|0|6|29|7|3|1|0|0|9|9|145|71|54|6|2|0|12|145|107|56|50|1|0|0|0|38|15|4|5|2|0|12|129|114|57|47|1|0|0|9|15|14|5|3|2|0|3|1|0|0|0|0|0|0|0|0|0|1|1|0|0|0|0|0|0|0|0|0|0|0|0|0|0|0|0|0|0|0|0|0|0|0|0|0|0|0|0|0|0|0|0|0|0|0|0|0|0|0|0|0|0|0|0|129|29|100|94|50|44|0|0|0|0|6|5|5|0|0|0|0|0|0|0|0|0|0|0|0|0|0|1|1|0|0|0|0|0|0|0|0|0|0|0|0|0|0|0|0|0|0|0|0|0|0|0|0|0|0|0|0|0|0|0|0|0|0|0|0|0|0|0|0|0|0|0|0
DHCST|NY|000|05|0213517|167|167|167|0|0|167|62|57|4|0|0|10|34|167|142|25|167|142|61|52|4|0|0|1|24|25|1|5|0|0|0|9|10|201|90|78|13|0|0|20|201|166|83|71|11|0|0|1|35|7|7|2|0|0|19|167|133|62|57|4|0|0|10|34|34|17|5|0|0|6|2|0|0|2|0|0|2|0|0|0|0|0|0|0|0|0|0|0|0|0|0|0|0|0|0|0|0|0|0|0|0|0|0|0|0|0|0|0|0|0|0|0|0|0|0|0|0|0|0|0|0|0|0|0|0|0|167|25|142|118|61|52|4|0|0|1|24|24|17|5|0|0|0|2|0|0|0|0|0|0|0|0|0|0|0|0|0|0|0|0|0|0|0|0|0|0|0|0|0|0|0|0|0|0|0|0|0|0|0|0|0|0|0|0|0|0|0|0|0|0|0|0|0|0|0|0|0|0|0
DHCST|NY|000|05|0213518|115|115|115|0|0|115|45|41|1|0|0|19|9|115|83|32|115|83|37|40|1|0|0|0|5|32|8|1|0|0|0|19|4|124|52|46|3|0|0|23|124|88|42|43|3|0|0|0|36|10|3|0|0|0|23|115|106|45|41|1|0|0|19|9|9|3|2|0|0|2|0|0|0|2|0|0|0|0|0|0|0|0|0|0|0|0|0|0|0|0|0|0|0|0|0|0|0|0|0|0|0|0|0|0|0|0|0|0|0|0|0|0|0|0|0|0|0|0|0|0|0|0|0|0|0|0|115|32|83|78|37|40|1|0|0|0|5|5|3|2|0|0|0|0|0|0|0|0|0|0|0|0|0|0|0|0|0|0|0|0|0|0|0|0|0|0|0|0|0|0|0|0|0|0|0|0|0|0|0|0|0|0|0|0|0|0|0|0|0|0|0|0|0|0|0|0|0|0|0
DHCST|NY|000|05|0213519|59|59|59|0|0|59|19|8|6|0|0|12|14|59|44|15|59|44|19|8|5|0|0|1|11|15|0|0|1|0|0|11|3|74|32|15|7|2|1|17|74|55|30|14|5|2|0|4|19|2|1|2|0|1|13|59|45|19|8|6|0|0|12|14|13|6|0|2|0|4|0|0|0|0|0|0|0|0|0|1|1|1|0|0|0|0|0|0|0|0|0|0|0|0|0|0|0|0|0|0|0|0|0|0|0|0|0|0|0|0|0|0|0|0|0|0|0|0|0|0|0|0|0|0|0|0|59|15|44|33|19|8|5|0|0|1|11|11|6|0|2|0|3|0|0|0|0|0|0|0|0|0|0|0|0|0|0|0|0|0|0|0|0|0|0|0|0|0|0|0|0|0|0|0|0|0|0|0|0|0|0|0|0|0|0|0|0|0|0|0|0|0|0|0|0|0|0|0|0
DHCST|NY|000|05|0213520|0|0|0|0|0|0|0|0|0|0|0|0|0|0|0|0|0|0|0|0|0|0|0|0|0|0|0|0|0|0|0|0|0|0|0|0|0|0|0|0|0|0|0|0|0|0|0|0|0|0|0|0|0|0|0|0|0|0|0|0|0|0|0|0|0|0|0|0|0|0|0|0|0|0|0|0|0|0|0|0|0|0|0|0|0|0|0|0|0|0|0|0|0|0|0|0|0|0|0|0|0|0|0|0|0|0|0|0|0|0|0|0|0|0|0|0|0|0|0|0|0|0|0|0|0|0|0|0|0|0|0|0|0|0|0|0|0|0|0|0|0|0|0|0|0|0|0|0|0|0|0|0|0|0|0|0|0|0|0|0|0|0|0|0|0|0|0|0|0|0|0|0|0|0|0|0|0|0|0|0|0|0|0|0|0|0|0|0|0|0|0|0|0|0|0|0|0|0|0
DHCST|NY|000|05|0213521|106|106|106|0|0|106|15|43|11|0|0|24|13|106|74|32|106|74|12|40|11|0|0|5|6|32|3|3|0|0|0|19|7|123|20|56|16|0|0|31|123|83|16|46|16|0|0|5|40|4|10|0|0|0|26|106|93|15|43|11|0|0|24|13|9|1|0|0|0|0|2|0|0|6|0|0|0|0|0|0|4|3|0|0|1|0|0|0|0|0|0|0|0|0|0|0|0|0|0|0|0|0|0|0|0|0|0|0|0|0|0|0|0|0|0|0|0|0|0|0|0|0|0|0|0|0|106|32|74|68|12|40|11|0|0|5|6|3|1|0|0|0|0|2|0|0|0|0|0|0|0|0|0|3|3|0|0|0|0|0|0|0|0|0|0|0|0|0|0|0|0|0|0|0|0|0|0|0|0|0|0|0|0|0|0|0|0|0|0|0|0|0|0|0|0|0|0|0|0
DHCST|NY|000|05|0213522|47|47|47|0|0|47|15|14|0|1|0|3|14|47|30|17|47|30|12|6|0|0|0|0|12|17|3|8|0|1|0|3|2|61|25|28|2|1|0|5|61|42|22|18|2|0|0|0|19|3|10|0|1|0|5|47|33|15|14|0|1|0|3|14|14|10|0|0|0|0|2|0|0|2|0|0|0|0|0|0|0|0|0|0|0|0|0|0|0|0|0|0|0|0|0|0|0|0|0|0|0|0|0|0|0|0|0|0|0|0|0|0|0|0|0|0|0|0|0|0|0|0|0|0|0|0|47|17|30|18|12|6|0|0|0|0|12|12|10|0|0|0|0|2|0|0|0|0|0|0|0|0|0|0|0|0|0|0|0|0|0|0|0|0|0|0|0|0|0|0|0|0|0|0|0|0|0|0|0|0|0|0|0|0|0|0|0|0|0|0|0|0|0|0|0|0|0|0|0
DHCST|NY|000|05|0213523|60|60|60|0|0|60|15|18|4|0|0|9|14|60|38|22|60|38|14|17|3|0|0|3|1|22|1|1|1|0|0|6|13|79|28|26|10|2|0|13|79|39|14|18|4|0|0|3|40|14|8|6|2|0|10|60|46|15|18|4|0|0|9|14|9|2|0|2|0|4|1|0|0|0|0|0|0|0|0|0|5|5|0|0|0|0|0|0|0|0|0|0|0|0|0|0|0|0|0|0|0|0|0|0|0|0|0|0|0|0|0|0|0|0|0|0|0|0|0|0|0|0|0|0|0|0|60|22|38|37|14|17|3|0|0|3|1|1|0|0|0|0|0|1|0|0|0|0|0|0|0|0|0|0|0|0|0|0|0|0|0|0|0|0|0|0|0|0|0|0|0|0|0|0|0|0|0|0|0|0|0|0|0|0|0|0|0|0|0|0|0|0|0|0|0|0|0|0|0
DHCST|NY|000|05|0213524|0|0|0|0|0|0|0|0|0|0|0|0|0|0|0|0|0|0|0|0|0|0|0|0|0|0|0|0|0|0|0|0|0|0|0|0|0|0|0|0|0|0|0|0|0|0|0|0|0|0|0|0|0|0|0|0|0|0|0|0|0|0|0|0|0|0|0|0|0|0|0|0|0|0|0|0|0|0|0|0|0|0|0|0|0|0|0|0|0|0|0|0|0|0|0|0|0|0|0|0|0|0|0|0|0|0|0|0|0|0|0|0|0|0|0|0|0|0|0|0|0|0|0|0|0|0|0|0|0|0|0|0|0|0|0|0|0|0|0|0|0|0|0|0|0|0|0|0|0|0|0|0|0|0|0|0|0|0|0|0|0|0|0|0|0|0|0|0|0|0|0|0|0|0|0|0|0|0|0|0|0|0|0|0|0|0|0|0|0|0|0|0|0|0|0|0|0|0|0
DHCST|NY|000|05|0213525|43|43|43|0|0|43|5|7|1|1|0|16|13|43|13|30|43|13|2|7|1|0|0|1|2|30|3|0|0|1|0|15|11|56|18|9|1|1|0|27|56|15|4|7|1|0|0|3|41|14|2|0|1|0|24|43|30|5|7|1|1|0|16|13|13|2|0|0|0|11|0|0|0|0|0|0|0|0|0|0|0|0|0|0|0|0|0|0|0|0|0|0|0|0|0|0|0|0|0|0|0|0|0|0|0|0|0|0|0|0|0|0|0|0|0|0|0|0|0|0|0|0|0|0|0|0|43|30|13|11|2|7|1|0|0|1|2|2|0|0|0|0|2|0|0|0|0|0|0|0|0|0|0|0|0|0|0|0|0|0|0|0|0|0|0|0|0|0|0|0|0|0|0|0|0|0|0|0|0|0|0|0|0|0|0|0|0|0|0|0|0|0|0|0|0|0|0|0|0
DHCST|NY|000|05|0213526|60|60|60|0|0|60|15|35|0|0|0|2|8|60|54|6|60|54|15|35|0|0|0|0|4|6|0|0|0|0|0|2|4|68|22|38|0|1|0|7|68|58|18|38|0|1|0|1|10|4|0|0|0|0|6|60|52|15|35|0|0|0|2|8|8|3|0|0|0|4|0|0|0|0|0|0|0|0|1|0|0|0|0|0|0|0|0|0|0|0|0|0|0|0|0|0|0|0|0|0|0|0|0|0|0|0|0|0|0|0|0|0|0|0|0|0|0|0|0|0|0|0|0|0|0|0|60|6|54|50|15|35|0|0|0|0|4|4|3|0|0|0|0|0|0|0|0|0|0|0|0|1|0|0|0|0|0|0|0|0|0|0|0|0|0|0|0|0|0|0|0|0|0|0|0|0|0|0|0|0|0|0|0|0|0|0|0|0|0|0|0|0|0|0|0|0|0|0|0
DHCST|NY|000|05|0213527|116|116|116|0|0|116|17|66|2|1|0|17|13|116|82|34|116|82|17|54|2|0|0|2|7|34|0|12|0|1|0|15|6|131|27|75|3|3|1|22|131|91|24|60|3|1|1|2|40|3|15|0|2|0|20|116|103|17|66|2|1|0|17|13|12|6|0|1|0|2|0|0|0|3|0|0|0|0|0|0|0|0|0|0|0|0|0|0|0|0|0|0|0|0|0|0|0|0|0|0|0|1|0|0|0|0|0|0|1|0|0|0|0|0|0|0|0|0|0|0|0|0|0|0|0|0|116|34|82|75|17|54|2|0|0|2|7|6|6|0|0|0|0|0|0|0|0|0|0|0|0|0|0|0|0|0|0|0|0|0|0|0|0|0|0|0|0|0|0|0|0|0|0|0|1|0|0|0|0|0|0|1|0|0|0|0|0|0|0|0|0|0|0|0|0|0|0|0|0
DHCST|NY|000|05|0213528|168|168|168|0|0|168|24|98|0|1|0|12|33|168|142|26|168|142|20|94|0|1|0|1|26|26|4|4|0|0|0|11|7|201|56|118|7|1|0|19|201|168|46|113|7|1|0|1|33|10|5|0|0|0|18|168|135|24|98|0|1|0|12|33|33|19|7|0|0|6|0|0|0|1|0|0|0|0|0|0|0|0|0|0|0|0|0|0|0|0|0|0|0|0|0|0|0|0|0|0|0|0|0|0|0|0|0|0|0|0|0|0|0|0|0|0|0|0|0|0|0|0|0|0|0|0|168|26|142|116|20|94|0|1|0|1|26|26|19|7|0|0|0|0|0|0|0|0|0|0|0|0|0|0|0|0|0|0|0|0|0|0|0|0|0|0|0|0|0|0|0|0|0|0|0|0|0|0|0|0|0|0|0|0|0|0|0|0|0|0|0|0|0|0|0|0|0|0|0
DHCST|NY|000|05|0213529|104|104|104|0|0|104|23|71|0|0|0|1|9|104|98|6|104|98|19|71|0|0|0|1|7|6|4|0|0|0|0|0|2|113|27|78|4|0|0|4|113|105|23|76|4|0|0|2|8|4|2|0|0|0|2|104|95|23|71|0|0|0|1|9|9|2|1|0|0|1|3|0|0|2|0|0|0|0|0|0|0|0|0|0|0|0|0|0|0|0|0|0|0|0|0|0|0|0|0|0|0|0|0|0|0|0|0|0|0|0|0|0|0|0|0|0|0|0|0|0|0|0|0|0|0|0|104|6|98|91|19|71|0|0|0|1|7|7|2|1|0|0|1|3|0|0|0|0|0|0|0|0|0|0|0|0|0|0|0|0|0|0|0|0|0|0|0|0|0|0|0|0|0|0|0|0|0|0|0|0|0|0|0|0|0|0|0|0|0|0|0|0|0|0|0|0|0|0|0
DHCST|NY|000|05|0213530|72|72|72|0|0|72|15|28|1|0|0|11|17|72|49|23|72|49|15|21|1|0|0|0|12|23|0|7|0|0|0|11|5|96|24|44|11|0|1|16|96|67|23|33|11|0|0|0|29|1|11|0|0|1|16|72|55|15|28|1|0|0|11|17|10|2|0|0|0|0|4|0|0|3|0|0|0|0|0|1|7|6|0|0|1|0|0|0|0|0|0|0|0|0|0|0|0|0|0|0|0|0|0|0|0|0|0|0|0|0|0|0|0|0|0|0|0|0|0|0|0|0|0|0|0|0|72|23|49|37|15|21|1|0|0|0|12|6|2|0|0|0|0|4|0|0|0|0|0|0|0|0|0|6|6|0|0|0|0|0|0|0|0|0|0|0|0|0|0|0|0|0|0|0|0|0|0|0|0|0|0|0|0|0|0|0|0|0|0|0|0|0|0|0|0|0|0|0|0
DHCST|NY|000|05|0213531|92|92|92|0|0|92|27|47|0|2|0|1|15|92|85|7|92|85|25|47|0|1|0|0|12|7|2|0|0|1|0|1|3|109|42|60|4|2|0|1|109|98|37|58|2|1|0|0|11|5|2|2|1|0|1|92|77|27|47|0|2|0|1|15|13|11|2|0|0|0|0|0|0|0|0|0|0|0|0|0|2|2|0|0|0|0|0|0|0|0|0|0|0|0|0|0|0|0|0|0|0|0|0|0|0|0|0|0|0|0|0|0|0|0|0|0|0|0|0|0|0|0|0|0|0|0|92|7|85|73|25|47|0|1|0|0|12|11|10|1|0|0|0|0|0|0|0|0|0|0|0|0|0|1|1|0|0|0|0|0|0|0|0|0|0|0|0|0|0|0|0|0|0|0|0|0|0|0|0|0|0|0|0|0|0|0|0|0|0|0|0|0|0|0|0|0|0|0|0
DHCST|NY|000|05|0213532|137|137|137|0|0|137|43|86|1|0|0|0|7|137|119|18|137|119|36|78|0|0|0|0|5|18|7|8|1|0|0|0|2|146|49|91|2|2|0|2|146|126|40|82|1|2|0|1|20|9|9|1|0|0|1|137|130|43|86|1|0|0|0|7|5|2|0|1|0|1|0|1|0|0|0|0|0|0|0|0|2|1|0|0|1|0|0|0|0|0|0|0|0|0|0|0|0|0|0|0|0|0|0|0|0|0|0|0|0|0|0|0|0|0|0|0|0|0|0|0|0|0|0|0|0|0|137|18|119|114|36|78|0|0|0|0|5|3|1|0|1|0|0|0|1|0|0|0|0|0|0|0|0|2|1|0|0|1|0|0|0|0|0|0|0|0|0|0|0|0|0|0|0|0|0|0|0|0|0|0|0|0|0|0|0|0|0|0|0|0|0|0|0|0|0|0|0|0|0
DHCST|NY|000|05|0213533|212|212|212|0|0|212|46|117|9|1|0|10|29|212|174|38|212|174|46|107|9|1|0|0|11|38|0|10|0|0|0|10|18|242|70|133|14|2|0|23|242|185|52|117|14|2|0|0|57|18|16|0|0|0|23|212|183|46|117|9|1|0|10|29|28|10|1|0|0|12|4|1|0|0|0|0|0|0|0|0|1|0|0|0|1|0|0|0|0|0|0|0|0|0|0|0|0|0|0|0|0|0|0|0|0|0|0|0|0|0|0|0|0|0|0|0|0|0|0|0|0|0|0|0|0|0|212|38|174|163|46|107|9|1|0|0|11|11|5|1|0|0|0|4|1|0|0|0|0|0|0|0|0|0|0|0|0|0|0|0|0|0|0|0|0|0|0|0|0|0|0|0|0|0|0|0|0|0|0|0|0|0|0|0|0|0|0|0|0|0|0|0|0|0|0|0|0|0|0
DHCST|NY|000|05|0213534|51|51|51|0|0|51|8|23|0|0|0|7|13|51|42|9|51|42|7|21|0|0|0|4|10|9|1|2|0|0|0|3|3|64|17|34|5|0|0|8|64|52|14|29|5|0|0|4|12|3|5|0|0|0|4|51|38|8|23|0|0|0|7|13|13|7|2|0|0|0|3|0|0|1|0|0|0|0|0|0|0|0|0|0|0|0|0|0|0|0|0|0|0|0|0|0|0|0|0|0|0|0|0|0|0|0|0|0|0|0|0|0|0|0|0|0|0|0|0|0|0|0|0|0|0|0|51|9|42|32|7|21|0|0|0|4|10|10|5|2|0|0|0|3|0|0|0|0|0|0|0|0|0|0|0|0|0|0|0|0|0|0|0|0|0|0|0|0|0|0|0|0|0|0|0|0|0|0|0|0|0|0|0|0|0|0|0|0|0|0|0|0|0|0|0|0|0|0|0
DHCST|NY|000|05|0213535|35|35|35|0|0|35|12|14|0|0|0|0|9|35|31|4|35|31|12|14|0|0|0|0|5|4|0|0|0|0|0|0|4|44|20|15|0|3|0|6|44|36|17|14|0|2|0|3|8|3|1|0|1|0|3|35|26|12|14|0|0|0|0|9|9|0|0|2|0|6|0|1|0|0|0|0|0|0|0|0|0|0|0|0|0|0|0|0|0|0|0|0|0|0|0|0|0|0|0|0|0|0|0|0|0|0|0|0|0|0|0|0|0|0|0|0|0|0|0|0|0|0|0|0|0|0|35|4|31|26|12|14|0|0|0|0|5|5|0|0|2|0|3|0|0|0|0|0|0|0|0|0|0|0|0|0|0|0|0|0|0|0|0|0|0|0|0|0|0|0|0|0|0|0|0|0|0|0|0|0|0|0|0|0|0|0|0|0|0|0|0|0|0|0|0|0|0|0|0
DHCST|NY|000|05|0213536|83|83|83|0|0|83|31|27|1|0|0|18|6|83|51|32|83|51|23|25|0|0|0|0|3|32|8|2|1|0|0|18|3|90|37|30|2|0|0|21|90|55|26|28|1|0|0|0|35|11|2|1|0|0|21|83|77|31|27|1|0|0|18|6|5|2|0|0|0|3|0|0|0|0|0|0|0|0|0|0|1|1|0|0|0|0|0|0|0|0|0|0|0|0|0|0|0|0|0|0|0|0|0|0|0|0|0|0|0|0|0|0|0|0|0|0|0|0|0|0|0|0|0|0|0|0|83|32|51|48|23|25|0|0|0|0|3|2|2|0|0|0|0|0|0|0|0|0|0|0|0|0|0|1|1|0|0|0|0|0|0|0|0|0|0|0|0|0|0|0|0|0|0|0|0|0|0|0|0|0|0|0|0|0|0|0|0|0|0|0|0|0|0|0|0|0|0|0|0
DHCST|NY|000|05|0213537|90|90|90|0|0|90|13|25|6|0|0|35|11|90|34|56|90|34|5|18|2|0|0|0|9|56|8|7|4|0|0|35|2|101|22|34|8|0|0|37|101|43|12|27|4|0|0|0|58|10|7|4|0|0|37|90|79|13|25|6|0|0|35|11|11|7|0|0|0|2|2|0|0|0|0|0|0|0|0|0|0|0|0|0|0|0|0|0|0|0|0|0|0|0|0|0|0|0|0|0|0|0|0|0|0|0|0|0|0|0|0|0|0|0|0|0|0|0|0|0|0|0|0|0|0|0|90|56|34|25|5|18|2|0|0|0|9|9|7|0|0|0|0|2|0|0|0|0|0|0|0|0|0|0|0|0|0|0|0|0|0|0|0|0|0|0|0|0|0|0|0|0|0|0|0|0|0|0|0|0|0|0|0|0|0|0|0|0|0|0|0|0|0|0|0|0|0|0|0
DHCST|NY|000|05|0213538|78|78|78|0|0|78|37|17|0|0|0|9|15|78|32|46|78|32|5|17|0|0|0|0|10|46|32|0|0|0|0|9|5|96|49|25|4|2|2|14|96|45|14|25|4|2|0|0|51|35|0|0|0|2|14|78|63|37|17|0|0|0|9|15|12|4|2|0|0|3|1|0|0|0|0|0|0|0|0|2|3|1|2|0|0|0|0|0|0|0|0|0|0|0|0|0|0|0|0|0|0|0|0|0|0|0|0|0|0|0|0|0|0|0|0|0|0|0|0|0|0|0|0|0|0|0|78|46|32|22|5|17|0|0|0|0|10|7|4|2|0|0|0|1|0|0|0|0|0|0|0|0|0|3|1|2|0|0|0|0|0|0|0|0|0|0|0|0|0|0|0|0|0|0|0|0|0|0|0|0|0|0|0|0|0|0|0|0|0|0|0|0|0|0|0|0|0|0|0
DHCST|NY|000|05|0213539|116|116|116|0|0|116|20|80|0|0|0|4|12|116|101|15|116|101|16|78|0|0|0|0|7|15|4|2|0|0|0|4|5|128|30|89|1|0|0|8|128|108|23|85|0|0|0|0|20|7|4|1|0|0|8|116|104|20|80|0|0|0|4|12|12|7|1|0|0|2|0|0|0|2|0|0|0|0|0|0|0|0|0|0|0|0|0|0|0|0|0|0|0|0|0|0|0|0|0|0|0|0|0|0|0|0|0|0|0|0|0|0|0|0|0|0|0|0|0|0|0|0|0|0|0|0|116|15|101|94|16|78|0|0|0|0|7|7|7|0|0|0|0|0|0|0|0|0|0|0|0|0|0|0|0|0|0|0|0|0|0|0|0|0|0|0|0|0|0|0|0|0|0|0|0|0|0|0|0|0|0|0|0|0|0|0|0|0|0|0|0|0|0|0|0|0|0|0|0
DHCST|NY|000|05|0213540|75|75|75|0|0|75|22|42|1|0|0|5|5|75|70|5|75|70|22|42|1|0|0|1|4|5|0|0|0|0|0|4|1|80|26|43|2|2|1|6|80|74|25|43|2|2|1|1|6|1|0|0|0|0|5|75|70|22|42|1|0|0|5|5|5|1|0|2|0|1|0|0|0|0|0|1|0|0|0|0|0|0|0|0|0|0|0|0|0|0|0|0|0|0|0|0|0|0|0|0|0|0|0|0|0|0|0|0|0|0|0|0|0|0|0|0|0|0|0|0|0|0|0|0|0|0|75|5|70|66|22|42|1|0|0|1|4|4|1|0|2|0|0|0|0|0|0|0|1|0|0|0|0|0|0|0|0|0|0|0|0|0|0|0|0|0|0|0|0|0|0|0|0|0|0|0|0|0|0|0|0|0|0|0|0|0|0|0|0|0|0|0|0|0|0|0|0|0|0
DHCST|NY|000|05|0213541|76|76|76|0|0|76|4|51|1|1|0|7|12|76|64|12|76|64|1|51|0|0|0|1|11|12|3|0|1|1|0|6|1|92|16|62|5|2|0|7|92|79|12|62|4|0|0|1|13|4|0|1|2|0|6|76|64|4|51|1|1|0|7|12|8|7|0|1|0|0|0|0|0|0|0|0|0|0|0|0|4|4|0|0|0|0|0|0|0|0|0|0|0|0|0|0|0|0|0|0|0|0|0|0|0|0|0|0|0|0|0|0|0|0|0|0|0|0|0|0|0|0|0|0|0|0|76|12|64|53|1|51|0|0|0|1|11|7|7|0|0|0|0|0|0|0|0|0|0|0|0|0|0|4|4|0|0|0|0|0|0|0|0|0|0|0|0|0|0|0|0|0|0|0|0|0|0|0|0|0|0|0|0|0|0|0|0|0|0|0|0|0|0|0|0|0|0|0|0
DHCST|NY|000|05|0213542|77|77|77|0|0|77|18|54|0|1|0|1|3|77|74|3|77|74|15|54|0|1|0|1|3|3|3|0|0|0|0|0|0|83|20|57|1|2|1|2|83|80|17|57|1|2|1|2|3|3|0|0|0|0|0|77|74|18|54|0|1|0|1|3|2|2|0|0|0|0|0|0|0|0|0|0|0|0|0|0|0|0|0|0|0|0|0|0|0|0|0|0|0|0|0|0|0|0|0|0|0|0|0|0|0|0|0|0|0|0|0|0|0|0|0|0|0|1|0|0|0|0|0|1|0|0|77|3|74|71|15|54|0|1|0|1|3|2|2|0|0|0|0|0|0|0|0|0|0|0|0|0|0|0|0|0|0|0|0|0|0|0|0|0|0|0|0|0|0|0|0|0|0|0|0|0|0|0|0|0|0|0|0|0|0|0|0|0|0|0|1|0|0|0|0|0|1|0|0
DHCST|NY|000|05|0213543|83|83|83|0|0|83|13|46|3|0|0|11|10|83|55|28|83|55|6|42|0|0|0|3|4|28|7|4|3|0|0|8|6|93|22|49|4|0|1|17|93|59|10|45|1|0|0|3|34|12|4|3|0|1|14|83|73|13|46|3|0|0|11|10|10|3|1|0|0|5|0|0|0|0|0|0|0|0|0|1|0|0|0|0|0|0|0|0|0|0|0|0|0|0|0|0|0|0|0|0|0|0|0|0|0|0|0|0|0|0|0|0|0|0|0|0|0|0|0|0|0|0|0|0|0|0|83|28|55|51|6|42|0|0|0|3|4|4|3|1|0|0|0|0|0|0|0|0|0|0|0|0|0|0|0|0|0|0|0|0|0|0|0|0|0|0|0|0|0|0|0|0|0|0|0|0|0|0|0|0|0|0|0|0|0|0|0|0|0|0|0|0|0|0|0|0|0|0|0
DHCST|NY|000|05|0213544|9|9|9|0|0|9|5|2|0|0|0|0|2|9|8|1|9|8|5|1|0|0|0|0|2|1|0|1|0|0|0|0|0|11|7|2|0|2|0|0|11|10|7|1|0|2|0|0|1|0|1|0|0|0|0|9|7|5|2|0|0|0|0|2|2|0|0|2|0|0|0|0|0|0|0|0|0|0|0|0|0|0|0|0|0|0|0|0|0|0|0|0|0|0|0|0|0|0|0|0|0|0|0|0|0|0|0|0|0|0|0|0|0|0|0|0|0|0|0|0|0|0|0|0|0|0|9|1|8|6|5|1|0|0|0|0|2|2|0|0|2|0|0|0|0|0|0|0|0|0|0|0|0|0|0|0|0|0|0|0|0|0|0|0|0|0|0|0|0|0|0|0|0|0|0|0|0|0|0|0|0|0|0|0|0|0|0|0|0|0|0|0|0|0|0|0|0|0|0
DHCST|NY|000|05|0213545|33|33|33|0|0|33|10|11|0|1|0|1|10|33|26|7|33|26|9|11|0|0|0|0|6|7|1|0|0|1|0|1|4|45|20|19|3|1|0|2|45|32|15|17|0|0|0|0|13|5|2|3|1|0|2|33|23|10|11|0|1|0|1|10|8|6|1|0|0|1|0|0|0|0|0|0|0|0|0|0|2|2|0|0|0|0|0|0|0|0|0|0|0|0|0|0|0|0|0|0|0|0|0|0|0|0|0|0|0|0|0|0|0|0|0|0|0|0|0|0|0|0|0|0|0|0|33|7|26|20|9|11|0|0|0|0|6|6|6|0|0|0|0|0|0|0|0|0|0|0|0|0|0|0|0|0|0|0|0|0|0|0|0|0|0|0|0|0|0|0|0|0|0|0|0|0|0|0|0|0|0|0|0|0|0|0|0|0|0|0|0|0|0|0|0|0|0|0|0
DHCST|NY|000|05|0213546|0|0|0|0|0|0|0|0|0|0|0|0|0|0|0|0|0|0|0|0|0|0|0|0|0|0|0|0|0|0|0|0|0|0|0|0|0|0|0|0|0|0|0|0|0|0|0|0|0|0|0|0|0|0|0|0|0|0|0|0|0|0|0|0|0|0|0|0|0|0|0|0|0|0|0|0|0|0|0|0|0|0|0|0|0|0|0|0|0|0|0|0|0|0|0|0|0|0|0|0|0|0|0|0|0|0|0|0|0|0|0|0|0|0|0|0|0|0|0|0|0|0|0|0|0|0|0|0|0|0|0|0|0|0|0|0|0|0|0|0|0|0|0|0|0|0|0|0|0|0|0|0|0|0|0|0|0|0|0|0|0|0|0|0|0|0|0|0|0|0|0|0|0|0|0|0|0|0|0|0|0|0|0|0|0|0|0|0|0|0|0|0|0|0|0|0|0|0|0
DHCST|NY|000|05|0213547|31|31|31|0|0|31|5|14|2|1|0|5|4|31|14|17|31|14|1|9|2|0|0|0|2|17|4|5|0|1|0|5|2|35|9|16|4|1|0|5|35|16|3|9|4|0|0|0|19|6|7|0|1|0|5|31|27|5|14|2|1|0|5|4|4|2|2|0|0|0|0|0|0|0|0|0|0|0|0|0|0|0|0|0|0|0|0|0|0|0|0|0|0|0|0|0|0|0|0|0|0|0|0|0|0|0|0|0|0|0|0|0|0|0|0|0|0|0|0|0|0|0|0|0|0|0|31|17|14|12|1|9|2|0|0|0|2|2|0|2|0|0|0|0|0|0|0|0|0|0|0|0|0|0|0|0|0|0|0|0|0|0|0|0|0|0|0|0|0|0|0|0|0|0|0|0|0|0|0|0|0|0|0|0|0|0|0|0|0|0|0|0|0|0|0|0|0|0|0
DHCST|NY|000|05|0213548|124|124|124|0|0|124|25|67|12|0|0|5|15|124|97|27|124|97|11|64|12|0|0|0|10|27|14|3|0|0|0|5|5|146|38|77|19|2|0|10|146|110|21|69|18|2|0|0|36|17|8|1|0|0|10|124|109|25|67|12|0|0|5|15|9|2|5|0|0|0|0|0|0|2|0|0|0|0|0|0|5|1|2|0|2|0|0|0|0|0|0|0|0|0|0|0|0|0|0|0|0|1|0|0|1|0|0|0|0|0|0|0|0|0|0|0|0|0|0|0|0|0|0|0|0|0|124|27|97|87|11|64|12|0|0|0|10|7|2|5|0|0|0|0|0|0|0|0|0|0|0|0|0|3|1|2|0|0|0|0|0|0|0|0|0|0|0|0|0|0|0|0|0|0|0|0|0|0|0|0|0|0|0|0|0|0|0|0|0|0|0|0|0|0|0|0|0|0|0
DHCST|NY|000|05|0213549|233|233|233|0|0|233|59|97|0|1|0|52|24|233|149|84|233|149|53|91|0|1|0|1|3|84|6|6|0|0|0|51|21|257|74|110|1|1|0|71|257|152|54|93|1|1|0|3|105|20|17|0|0|0|68|233|209|59|97|0|1|0|52|24|24|4|1|0|0|10|0|0|0|9|0|0|0|0|0|0|0|0|0|0|0|0|0|0|0|0|0|0|0|0|0|0|0|0|0|0|0|0|0|0|0|0|0|0|0|0|0|0|0|0|0|0|0|0|0|0|0|0|0|0|0|0|233|84|149|146|53|91|0|1|0|1|3|3|0|1|0|0|0|0|0|0|2|0|0|0|0|0|0|0|0|0|0|0|0|0|0|0|0|0|0|0|0|0|0|0|0|0|0|0|0|0|0|0|0|0|0|0|0|0|0|0|0|0|0|0|0|0|0|0|0|0|0|0|0
DHCST|NY|000|05|0213550|171|171|171|0|0|171|51|76|1|4|0|5|34|171|121|50|171|121|41|63|1|4|0|2|10|50|10|13|0|0|0|3|24|213|80|102|11|4|0|16|213|134|50|73|4|4|0|3|79|30|29|7|0|0|13|171|137|51|76|1|4|0|5|34|26|14|2|0|0|6|0|0|0|4|0|0|0|0|0|0|8|7|0|0|0|0|0|0|0|0|0|0|0|1|0|0|0|0|0|0|0|0|0|0|0|0|0|0|0|0|0|0|0|0|0|0|0|0|0|0|0|0|0|0|0|0|171|50|121|111|41|63|1|4|0|2|10|7|7|0|0|0|0|0|0|0|0|0|0|0|0|0|0|3|2|0|0|0|0|0|0|0|0|0|0|0|1|0|0|0|0|0|0|0|0|0|0|0|0|0|0|0|0|0|0|0|0|0|0|0|0|0|0|0|0|0|0|0|0
DHCST|NY|000|05|0213551|104|104|104|0|0|104|34|36|0|0|0|13|21|104|73|31|104|73|31|31|0|0|0|0|11|31|3|5|0|0|0|13|10|125|48|57|0|0|0|20|125|84|42|42|0|0|0|0|41|6|15|0|0|0|20|104|83|34|36|0|0|0|13|21|21|14|0|0|0|0|0|0|0|7|0|0|0|0|0|0|0|0|0|0|0|0|0|0|0|0|0|0|0|0|0|0|0|0|0|0|0|0|0|0|0|0|0|0|0|0|0|0|0|0|0|0|0|0|0|0|0|0|0|0|0|0|104|31|73|62|31|31|0|0|0|0|11|11|11|0|0|0|0|0|0|0|0|0|0|0|0|0|0|0|0|0|0|0|0|0|0|0|0|0|0|0|0|0|0|0|0|0|0|0|0|0|0|0|0|0|0|0|0|0|0|0|0|0|0|0|0|0|0|0|0|0|0|0|0
DHCST|NY|000|05|0213552|29|29|29|0|0|29|8|17|0|0|0|1|3|29|19|10|29|19|0|17|0|0|0|0|2|10|8|0|0|0|0|1|1|32|10|18|0|0|0|4|32|21|2|17|0|0|0|2|11|8|1|0|0|0|2|29|26|8|17|0|0|0|1|3|3|0|0|0|0|2|0|0|0|1|0|0|0|0|0|0|0|0|0|0|0|0|0|0|0|0|0|0|0|0|0|0|0|0|0|0|0|0|0|0|0|0|0|0|0|0|0|0|0|0|0|0|0|0|0|0|0|0|0|0|0|0|29|10|19|17|0|17|0|0|0|0|2|2|0|0|0|0|2|0|0|0|0|0|0|0|0|0|0|0|0|0|0|0|0|0|0|0|0|0|0|0|0|0|0|0|0|0|0|0|0|0|0|0|0|0|0|0|0|0|0|0|0|0|0|0|0|0|0|0|0|0|0|0|0
DHCST|NY|000|05|0213553|0|0|0|0|0|0|0|0|0|0|0|0|0|0|0|0|0|0|0|0|0|0|0|0|0|0|0|0|0|0|0|0|0|0|0|0|0|0|0|0|0|0|0|0|0|0|0|0|0|0|0|0|0|0|0|0|0|0|0|0|0|0|0|0|0|0|0|0|0|0|0|0|0|0|0|0|0|0|0|0|0|0|0|0|0|0|0|0|0|0|0|0|0|0|0|0|0|0|0|0|0|0|0|0|0|0|0|0|0|0|0|0|0|0|0|0|0|0|0|0|0|0|0|0|0|0|0|0|0|0|0|0|0|0|0|0|0|0|0|0|0|0|0|0|0|0|0|0|0|0|0|0|0|0|0|0|0|0|0|0|0|0|0|0|0|0|0|0|0|0|0|0|0|0|0|0|0|0|0|0|0|0|0|0|0|0|0|0|0|0|0|0|0|0|0|0|0|0|0
DHCST|NY|000|05|0213554|55|55|55|0|0|55|17|23|1|0|0|6|8|55|37|18|55|37|14|20|0|0|0|0|3|18|3|3|1|0|0|6|5|64|24|25|4|0|0|11|64|41|17|21|1|0|0|2|23|7|4|3|0|0|9|55|47|17|23|1|0|0|6|8|7|0|2|0|0|4|0|0|0|1|0|0|0|0|0|0|1|1|0|0|0|0|0|0|0|0|0|0|0|0|0|0|0|0|0|0|0|0|0|0|0|0|0|0|0|0|0|0|0|0|0|0|0|0|0|0|0|0|0|0|0|0|55|18|37|34|14|20|0|0|0|0|3|2|0|0|0|0|2|0|0|0|0|0|0|0|0|0|0|1|1|0|0|0|0|0|0|0|0|0|0|0|0|0|0|0|0|0|0|0|0|0|0|0|0|0|0|0|0|0|0|0|0|0|0|0|0|0|0|0|0|0|0|0|0
DHCST|NY|000|05|0213555|0|0|0|0|0|0|0|0|0|0|0|0|0|0|0|0|0|0|0|0|0|0|0|0|0|0|0|0|0|0|0|0|0|0|0|0|0|0|0|0|0|0|0|0|0|0|0|0|0|0|0|0|0|0|0|0|0|0|0|0|0|0|0|0|0|0|0|0|0|0|0|0|0|0|0|0|0|0|0|0|0|0|0|0|0|0|0|0|0|0|0|0|0|0|0|0|0|0|0|0|0|0|0|0|0|0|0|0|0|0|0|0|0|0|0|0|0|0|0|0|0|0|0|0|0|0|0|0|0|0|0|0|0|0|0|0|0|0|0|0|0|0|0|0|0|0|0|0|0|0|0|0|0|0|0|0|0|0|0|0|0|0|0|0|0|0|0|0|0|0|0|0|0|0|0|0|0|0|0|0|0|0|0|0|0|0|0|0|0|0|0|0|0|0|0|0|0|0|0
DHCST|NY|000|05|0213556|50|50|50|0|0|50|26|9|6|0|0|0|9|50|36|14|50|36|24|8|0|0|0|0|4|14|2|1|6|0|0|0|5|59|31|16|12|0|0|0|59|40|24|12|4|0|0|0|19|7|4|8|0|0|0|50|41|26|9|6|0|0|0|9|9|3|2|0|0|0|4|0|0|0|0|0|0|0|0|0|0|0|0|0|0|0|0|0|0|0|0|0|0|0|0|0|0|0|0|0|0|0|0|0|0|0|0|0|0|0|0|0|0|0|0|0|0|0|0|0|0|0|0|0|0|0|50|14|36|32|24|8|0|0|0|0|4|4|0|0|0|0|0|4|0|0|0|0|0|0|0|0|0|0|0|0|0|0|0|0|0|0|0|0|0|0|0|0|0|0|0|0|0|0|0|0|0|0|0|0|0|0|0|0|0|0|0|0|0|0|0|0|0|0|0|0|0|0|0
DHCST|NY|000|05|0213557|18|18|18|0|0|18|1|2|0|0|0|2|13|18|8|10|18|8|1|0|0|0|0|0|7|10|0|2|0|0|0|2|6|31|14|8|5|0|0|4|31|15|8|2|3|0|0|2|16|6|6|2|0|0|2|18|5|1|2|0|0|0|2|13|13|6|5|0|0|2|0|0|0|0|0|0|0|0|0|0|0|0|0|0|0|0|0|0|0|0|0|0|0|0|0|0|0|0|0|0|0|0|0|0|0|0|0|0|0|0|0|0|0|0|0|0|0|0|0|0|0|0|0|0|0|0|18|10|8|1|1|0|0|0|0|0|7|7|2|3|0|0|2|0|0|0|0|0|0|0|0|0|0|0|0|0|0|0|0|0|0|0|0|0|0|0|0|0|0|0|0|0|0|0|0|0|0|0|0|0|0|0|0|0|0|0|0|0|0|0|0|0|0|0|0|0|0|0|0
DHCST|NY|000|05|0213558|90|90|90|0|0|90|17|49|0|3|0|9|12|90|70|20|90|70|14|45|0|3|0|0|8|20|3|4|0|0|0|9|4|102|29|51|0|3|0|19|102|78|22|47|0|3|0|6|24|7|4|0|0|0|13|90|78|17|49|0|3|0|9|12|12|2|0|0|0|10|0|0|0|0|0|0|0|0|0|0|0|0|0|0|0|0|0|0|0|0|0|0|0|0|0|0|0|0|0|0|0|0|0|0|0|0|0|0|0|0|0|0|0|0|0|0|0|0|0|0|0|0|0|0|0|0|90|20|70|62|14|45|0|3|0|0|8|8|2|0|0|0|6|0|0|0|0|0|0|0|0|0|0|0|0|0|0|0|0|0|0|0|0|0|0|0|0|0|0|0|0|0|0|0|0|0|0|0|0|0|0|0|0|0|0|0|0|0|0|0|0|0|0|0|0|0|0|0|0
DHCST|NY|000|05|0213559|80|80|80|0|0|80|19|44|0|2|0|3|12|80|59|21|80|59|8|40|0|2|0|0|9|21|11|4|0|0|0|3|3|95|31|53|4|2|0|5|95|70|17|48|2|2|0|1|25|14|5|2|0|0|4|80|68|19|44|0|2|0|3|12|9|6|2|0|0|1|0|0|0|0|0|0|0|0|0|0|3|2|0|0|1|0|0|0|0|0|0|0|0|0|0|0|0|0|0|0|0|0|0|0|0|0|0|0|0|0|0|0|0|0|0|0|0|0|0|0|0|0|0|0|0|0|80|21|59|50|8|40|0|2|0|0|9|7|6|0|0|0|1|0|0|0|0|0|0|0|0|0|0|2|2|0|0|0|0|0|0|0|0|0|0|0|0|0|0|0|0|0|0|0|0|0|0|0|0|0|0|0|0|0|0|0|0|0|0|0|0|0|0|0|0|0|0|0|0
DHCST|NY|000|05|0213560|61|61|61|0|0|61|2|14|0|0|1|36|8|61|21|40|61|21|1|14|0|0|0|2|4|40|1|0|0|0|1|34|4|70|6|22|1|0|1|40|70|26|5|18|1|0|0|2|44|1|4|0|0|1|38|61|53|2|14|0|0|1|36|8|7|3|0|0|0|0|0|0|0|4|0|0|0|0|0|0|1|1|0|0|0|0|0|0|0|0|0|0|0|0|0|0|0|0|0|0|0|0|0|0|0|0|0|0|0|0|0|0|0|0|0|0|0|0|0|0|0|0|0|0|0|0|61|40|21|17|1|14|0|0|0|2|4|3|3|0|0|0|0|0|0|0|0|0|0|0|0|0|0|1|1|0|0|0|0|0|0|0|0|0|0|0|0|0|0|0|0|0|0|0|0|0|0|0|0|0|0|0|0|0|0|0|0|0|0|0|0|0|0|0|0|0|0|0|0
DHCST|NY|000|05|0213561|199|199|199|0|0|199|64|68|2|6|0|25|34|199|137|62|199|137|49|64|2|6|0|0|16|62|15|4|0|0|0|25|18|233|85|93|6|6|0|43|233|153|65|76|6|6|0|0|80|20|17|0|0|0|43|199|165|64|68|2|6|0|25|34|34|12|4|0|0|5|0|0|0|13|0|0|0|0|0|0|0|0|0|0|0|0|0|0|0|0|0|0|0|0|0|0|0|0|0|0|0|0|0|0|0|0|0|0|0|0|0|0|0|0|0|0|0|0|0|0|0|0|0|0|0|0|199|62|137|121|49|64|2|6|0|0|16|16|12|4|0|0|0|0|0|0|0|0|0|0|0|0|0|0|0|0|0|0|0|0|0|0|0|0|0|0|0|0|0|0|0|0|0|0|0|0|0|0|0|0|0|0|0|0|0|0|0|0|0|0|0|0|0|0|0|0|0|0|0
DHCST|NY|000|05|0213562|54|54|54|0|0|54|13|24|0|0|0|9|8|54|31|23|54|31|6|20|0|0|0|1|4|23|7|4|0|0|0|8|4|62|14|32|4|0|0|12|62|35|6|24|4|0|0|1|27|8|8|0|0|0|11|54|46|13|24|0|0|0|9|8|8|1|0|0|0|0|4|0|0|3|0|0|0|0|0|0|0|0|0|0|0|0|0|0|0|0|0|0|0|0|0|0|0|0|0|0|0|0|0|0|0|0|0|0|0|0|0|0|0|0|0|0|0|0|0|0|0|0|0|0|0|0|54|23|31|27|6|20|0|0|0|1|4|4|0|0|0|0|0|4|0|0|0|0|0|0|0|0|0|0|0|0|0|0|0|0|0|0|0|0|0|0|0|0|0|0|0|0|0|0|0|0|0|0|0|0|0|0|0|0|0|0|0|0|0|0|0|0|0|0|0|0|0|0|0
DHCST|NY|000|05|0213563|0|0|0|0|0|0|0|0|0|0|0|0|0|0|0|0|0|0|0|0|0|0|0|0|0|0|0|0|0|0|0|0|0|0|0|0|0|0|0|0|0|0|0|0|0|0|0|0|0|0|0|0|0|0|0|0|0|0|0|0|0|0|0|0|0|0|0|0|0|0|0|0|0|0|0|0|0|0|0|0|0|0|0|0|0|0|0|0|0|0|0|0|0|0|0|0|0|0|0|0|0|0|0|0|0|0|0|0|0|0|0|0|0|0|0|0|0|0|0|0|0|0|0|0|0|0|0|0|0|0|0|0|0|0|0|0|0|0|0|0|0|0|0|0|0|0|0|0|0|0|0|0|0|0|0|0|0|0|0|0|0|0|0|0|0|0|0|0|0|0|0|0|0|0|0|0|0|0|0|0|0|0|0|0|0|0|0|0|0|0|0|0|0|0|0|0|0|0|0
DHCST|NY|000|05|0213564|193|193|193|0|0|193|18|113|4|0|0|31|27|193|127|66|193|127|2|113|3|0|0|0|9|66|16|0|1|0|0|31|18|220|39|127|5|0|0|49|220|136|10|122|4|0|0|0|84|29|5|1|0|0|49|193|166|18|113|4|0|0|31|27|27|8|0|0|0|13|1|0|0|5|0|0|0|0|0|0|0|0|0|0|0|0|0|0|0|0|0|0|0|0|0|0|0|0|0|0|0|0|0|0|0|0|0|0|0|0|0|0|0|0|0|0|0|0|0|0|0|0|0|0|0|0|193|66|127|118|2|113|3|0|0|0|9|9|8|0|0|0|0|1|0|0|0|0|0|0|0|0|0|0|0|0|0|0|0|0|0|0|0|0|0|0|0|0|0|0|0|0|0|0|0|0|0|0|0|0|0|0|0|0|0|0|0|0|0|0|0|0|0|0|0|0|0|0|0
DHCST|NY|000|05|0213565|96|96|96|0|0|96|8|74|0|0|0|3|11|96|77|19|96|77|0|71|0|0|0|3|3|19|8|3|0|0|0|0|8|107|18|76|1|1|0|11|107|80|2|73|1|1|0|3|27|16|3|0|0|0|8|96|85|8|74|0|0|0|3|11|11|2|0|0|0|8|0|0|0|0|1|0|0|0|0|0|0|0|0|0|0|0|0|0|0|0|0|0|0|0|0|0|0|0|0|0|0|0|0|0|0|0|0|0|0|0|0|0|0|0|0|0|0|0|0|0|0|0|0|0|0|0|96|19|77|74|0|71|0|0|0|3|3|3|2|0|0|0|0|0|0|0|0|1|0|0|0|0|0|0|0|0|0|0|0|0|0|0|0|0|0|0|0|0|0|0|0|0|0|0|0|0|0|0|0|0|0|0|0|0|0|0|0|0|0|0|0|0|0|0|0|0|0|0|0
DHCST|NY|000|05|0213566|79|79|79|0|0|79|1|68|0|1|0|7|2|79|69|10|79|69|1|66|0|1|0|0|1|10|0|2|0|0|0|7|1|81|3|69|0|1|0|8|81|70|2|67|0|1|0|0|11|1|2|0|0|0|8|79|77|1|68|0|1|0|7|2|2|1|0|0|0|1|0|0|0|0|0|0|0|0|0|0|0|0|0|0|0|0|0|0|0|0|0|0|0|0|0|0|0|0|0|0|0|0|0|0|0|0|0|0|0|0|0|0|0|0|0|0|0|0|0|0|0|0|0|0|0|0|79|10|69|68|1|66|0|1|0|0|1|1|1|0|0|0|0|0|0|0|0|0|0|0|0|0|0|0|0|0|0|0|0|0|0|0|0|0|0|0|0|0|0|0|0|0|0|0|0|0|0|0|0|0|0|0|0|0|0|0|0|0|0|0|0|0|0|0|0|0|0|0|0
DHCST|NY|000|05|0213567|347|347|347|0|0|347|32|259|0|0|0|30|26|347|270|77|347|270|9|246|0|0|0|1|14|77|23|13|0|0|0|29|12|373|48|278|3|0|0|44|373|284|18|260|3|0|0|3|89|30|18|0|0|0|41|347|321|32|259|0|0|0|30|26|26|9|0|0|0|7|3|0|0|7|0|0|0|0|0|0|0|0|0|0|0|0|0|0|0|0|0|0|0|0|0|0|0|0|0|0|0|0|0|0|0|0|0|0|0|0|0|0|0|0|0|0|0|0|0|0|0|0|0|0|0|0|347|77|270|256|9|246|0|0|0|1|14|14|9|0|0|0|0|3|0|0|2|0|0|0|0|0|0|0|0|0|0|0|0|0|0|0|0|0|0|0|0|0|0|0|0|0|0|0|0|0|0|0|0|0|0|0|0|0|0|0|0|0|0|0|0|0|0|0|0|0|0|0|0
DHCST|NY|000|05|0213568|117|117|117|0|0|117|3|104|1|0|0|5|4|117|107|10|117|107|0|102|1|0|0|0|4|10|3|2|0|0|0|5|0|121|6|108|2|0|0|5|121|111|3|106|2|0|0|0|10|3|2|0|0|0|5|117|113|3|104|1|0|0|5|4|4|3|0|0|0|0|1|0|0|0|0|0|0|0|0|0|0|0|0|0|0|0|0|0|0|0|0|0|0|0|0|0|0|0|0|0|0|0|0|0|0|0|0|0|0|0|0|0|0|0|0|0|0|0|0|0|0|0|0|0|0|0|117|10|107|103|0|102|1|0|0|0|4|4|3|0|0|0|0|1|0|0|0|0|0|0|0|0|0|0|0|0|0|0|0|0|0|0|0|0|0|0|0|0|0|0|0|0|0|0|0|0|0|0|0|0|0|0|0|0|0|0|0|0|0|0|0|0|0|0|0|0|0|0|0
DHCST|NY|000|05|0213569|0|0|0|0|0|0|0|0|0|0|0|0|0|0|0|0|0|0|0|0|0|0|0|0|0|0|0|0|0|0|0|0|0|0|0|0|0|0|0|0|0|0|0|0|0|0|0|0|0|0|0|0|0|0|0|0|0|0|0|0|0|0|0|0|0|0|0|0|0|0|0|0|0|0|0|0|0|0|0|0|0|0|0|0|0|0|0|0|0|0|0|0|0|0|0|0|0|0|0|0|0|0|0|0|0|0|0|0|0|0|0|0|0|0|0|0|0|0|0|0|0|0|0|0|0|0|0|0|0|0|0|0|0|0|0|0|0|0|0|0|0|0|0|0|0|0|0|0|0|0|0|0|0|0|0|0|0|0|0|0|0|0|0|0|0|0|0|0|0|0|0|0|0|0|0|0|0|0|0|0|0|0|0|0|0|0|0|0|0|0|0|0|0|0|0|0|0|0|0
DHCST|NY|000|05|0213570|0|0|0|0|0|0|0|0|0|0|0|0|0|0|0|0|0|0|0|0|0|0|0|0|0|0|0|0|0|0|0|0|0|0|0|0|0|0|0|0|0|0|0|0|0|0|0|0|0|0|0|0|0|0|0|0|0|0|0|0|0|0|0|0|0|0|0|0|0|0|0|0|0|0|0|0|0|0|0|0|0|0|0|0|0|0|0|0|0|0|0|0|0|0|0|0|0|0|0|0|0|0|0|0|0|0|0|0|0|0|0|0|0|0|0|0|0|0|0|0|0|0|0|0|0|0|0|0|0|0|0|0|0|0|0|0|0|0|0|0|0|0|0|0|0|0|0|0|0|0|0|0|0|0|0|0|0|0|0|0|0|0|0|0|0|0|0|0|0|0|0|0|0|0|0|0|0|0|0|0|0|0|0|0|0|0|0|0|0|0|0|0|0|0|0|0|0|0|0
DHCST|NY|000|05|0213571|0|0|0|0|0|0|0|0|0|0|0|0|0|0|0|0|0|0|0|0|0|0|0|0|0|0|0|0|0|0|0|0|0|0|0|0|0|0|0|0|0|0|0|0|0|0|0|0|0|0|0|0|0|0|0|0|0|0|0|0|0|0|0|0|0|0|0|0|0|0|0|0|0|0|0|0|0|0|0|0|0|0|0|0|0|0|0|0|0|0|0|0|0|0|0|0|0|0|0|0|0|0|0|0|0|0|0|0|0|0|0|0|0|0|0|0|0|0|0|0|0|0|0|0|0|0|0|0|0|0|0|0|0|0|0|0|0|0|0|0|0|0|0|0|0|0|0|0|0|0|0|0|0|0|0|0|0|0|0|0|0|0|0|0|0|0|0|0|0|0|0|0|0|0|0|0|0|0|0|0|0|0|0|0|0|0|0|0|0|0|0|0|0|0|0|0|0|0|0
DHCST|NY|000|05|0213572|257|257|257|0|0|257|14|153|1|1|0|43|45|257|152|105|257|152|6|137|0|1|0|0|8|105|8|16|1|0|0|43|37|302|37|181|3|1|0|80|302|160|12|145|2|1|0|0|142|25|36|1|0|0|80|257|212|14|153|1|1|0|43|45|45|6|0|0|0|17|2|0|0|20|0|0|0|0|0|0|0|0|0|0|0|0|0|0|0|0|0|0|0|0|0|0|0|0|0|0|0|0|0|0|0|0|0|0|0|0|0|0|0|0|0|0|0|0|0|0|0|0|0|0|0|0|257|105|152|144|6|137|0|1|0|0|8|8|6|0|0|0|0|2|0|0|0|0|0|0|0|0|0|0|0|0|0|0|0|0|0|0|0|0|0|0|0|0|0|0|0|0|0|0|0|0|0|0|0|0|0|0|0|0|0|0|0|0|0|0|0|0|0|0|0|0|0|0|0
DHCST|NY|000|05|0213573|0|0|0|0|0|0|0|0|0|0|0|0|0|0|0|0|0|0|0|0|0|0|0|0|0|0|0|0|0|0|0|0|0|0|0|0|0|0|0|0|0|0|0|0|0|0|0|0|0|0|0|0|0|0|0|0|0|0|0|0|0|0|0|0|0|0|0|0|0|0|0|0|0|0|0|0|0|0|0|0|0|0|0|0|0|0|0|0|0|0|0|0|0|0|0|0|0|0|0|0|0|0|0|0|0|0|0|0|0|0|0|0|0|0|0|0|0|0|0|0|0|0|0|0|0|0|0|0|0|0|0|0|0|0|0|0|0|0|0|0|0|0|0|0|0|0|0|0|0|0|0|0|0|0|0|0|0|0|0|0|0|0|0|0|0|0|0|0|0|0|0|0|0|0|0|0|0|0|0|0|0|0|0|0|0|0|0|0|0|0|0|0|0|0|0|0|0|0|0
DHCST|NY|000|05|0213574|45|45|45|0|0|45|3|23|3|0|0|5|11|45|31|14|45|31|2|20|3|0|0|0|6|14|1|3|0|0|0|5|5|56|10|28|6|0|0|12|56|37|6|23|6|0|0|2|19|4|5|0|0|0|10|45|34|3|23|3|0|0|5|11|11|1|3|0|0|3|0|0|0|4|0|0|0|0|0|0|0|0|0|0|0|0|0|0|0|0|0|0|0|0|0|0|0|0|0|0|0|0|0|0|0|0|0|0|0|0|0|0|0|0|0|0|0|0|0|0|0|0|0|0|0|0|45|14|31|25|2|20|3|0|0|0|6|6|1|3|0|0|0|0|0|0|2|0|0|0|0|0|0|0|0|0|0|0|0|0|0|0|0|0|0|0|0|0|0|0|0|0|0|0|0|0|0|0|0|0|0|0|0|0|0|0|0|0|0|0|0|0|0|0|0|0|0|0|0
DHCST|NY|000|05|0213575|0|0|0|0|0|0|0|0|0|0|0|0|0|0|0|0|0|0|0|0|0|0|0|0|0|0|0|0|0|0|0|0|0|0|0|0|0|0|0|0|0|0|0|0|0|0|0|0|0|0|0|0|0|0|0|0|0|0|0|0|0|0|0|0|0|0|0|0|0|0|0|0|0|0|0|0|0|0|0|0|0|0|0|0|0|0|0|0|0|0|0|0|0|0|0|0|0|0|0|0|0|0|0|0|0|0|0|0|0|0|0|0|0|0|0|0|0|0|0|0|0|0|0|0|0|0|0|0|0|0|0|0|0|0|0|0|0|0|0|0|0|0|0|0|0|0|0|0|0|0|0|0|0|0|0|0|0|0|0|0|0|0|0|0|0|0|0|0|0|0|0|0|0|0|0|0|0|0|0|0|0|0|0|0|0|0|0|0|0|0|0|0|0|0|0|0|0|0|0
DHCST|NY|000|05|0213576|0|0|0|0|0|0|0|0|0|0|0|0|0|0|0|0|0|0|0|0|0|0|0|0|0|0|0|0|0|0|0|0|0|0|0|0|0|0|0|0|0|0|0|0|0|0|0|0|0|0|0|0|0|0|0|0|0|0|0|0|0|0|0|0|0|0|0|0|0|0|0|0|0|0|0|0|0|0|0|0|0|0|0|0|0|0|0|0|0|0|0|0|0|0|0|0|0|0|0|0|0|0|0|0|0|0|0|0|0|0|0|0|0|0|0|0|0|0|0|0|0|0|0|0|0|0|0|0|0|0|0|0|0|0|0|0|0|0|0|0|0|0|0|0|0|0|0|0|0|0|0|0|0|0|0|0|0|0|0|0|0|0|0|0|0|0|0|0|0|0|0|0|0|0|0|0|0|0|0|0|0|0|0|0|0|0|0|0|0|0|0|0|0|0|0|0|0|0|0
DHCST|NY|000|05|0213577|0|0|0|0|0|0|0|0|0|0|0|0|0|0|0|0|0|0|0|0|0|0|0|0|0|0|0|0|0|0|0|0|0|0|0|0|0|0|0|0|0|0|0|0|0|0|0|0|0|0|0|0|0|0|0|0|0|0|0|0|0|0|0|0|0|0|0|0|0|0|0|0|0|0|0|0|0|0|0|0|0|0|0|0|0|0|0|0|0|0|0|0|0|0|0|0|0|0|0|0|0|0|0|0|0|0|0|0|0|0|0|0|0|0|0|0|0|0|0|0|0|0|0|0|0|0|0|0|0|0|0|0|0|0|0|0|0|0|0|0|0|0|0|0|0|0|0|0|0|0|0|0|0|0|0|0|0|0|0|0|0|0|0|0|0|0|0|0|0|0|0|0|0|0|0|0|0|0|0|0|0|0|0|0|0|0|0|0|0|0|0|0|0|0|0|0|0|0|0
DHCST|NY|000|05|0213578|0|0|0|0|0|0|0|0|0|0|0|0|0|0|0|0|0|0|0|0|0|0|0|0|0|0|0|0|0|0|0|0|0|0|0|0|0|0|0|0|0|0|0|0|0|0|0|0|0|0|0|0|0|0|0|0|0|0|0|0|0|0|0|0|0|0|0|0|0|0|0|0|0|0|0|0|0|0|0|0|0|0|0|0|0|0|0|0|0|0|0|0|0|0|0|0|0|0|0|0|0|0|0|0|0|0|0|0|0|0|0|0|0|0|0|0|0|0|0|0|0|0|0|0|0|0|0|0|0|0|0|0|0|0|0|0|0|0|0|0|0|0|0|0|0|0|0|0|0|0|0|0|0|0|0|0|0|0|0|0|0|0|0|0|0|0|0|0|0|0|0|0|0|0|0|0|0|0|0|0|0|0|0|0|0|0|0|0|0|0|0|0|0|0|0|0|0|0|0
DHCST|NY|000|05|0213579|0|0|0|0|0|0|0|0|0|0|0|0|0|0|0|0|0|0|0|0|0|0|0|0|0|0|0|0|0|0|0|0|0|0|0|0|0|0|0|0|0|0|0|0|0|0|0|0|0|0|0|0|0|0|0|0|0|0|0|0|0|0|0|0|0|0|0|0|0|0|0|0|0|0|0|0|0|0|0|0|0|0|0|0|0|0|0|0|0|0|0|0|0|0|0|0|0|0|0|0|0|0|0|0|0|0|0|0|0|0|0|0|0|0|0|0|0|0|0|0|0|0|0|0|0|0|0|0|0|0|0|0|0|0|0|0|0|0|0|0|0|0|0|0|0|0|0|0|0|0|0|0|0|0|0|0|0|0|0|0|0|0|0|0|0|0|0|0|0|0|0|0|0|0|0|0|0|0|0|0|0|0|0|0|0|0|0|0|0|0|0|0|0|0|0|0|0|0|0
DHCST|NY|000|05|0213580|0|0|0|0|0|0|0|0|0|0|0|0|0|0|0|0|0|0|0|0|0|0|0|0|0|0|0|0|0|0|0|0|0|0|0|0|0|0|0|0|0|0|0|0|0|0|0|0|0|0|0|0|0|0|0|0|0|0|0|0|0|0|0|0|0|0|0|0|0|0|0|0|0|0|0|0|0|0|0|0|0|0|0|0|0|0|0|0|0|0|0|0|0|0|0|0|0|0|0|0|0|0|0|0|0|0|0|0|0|0|0|0|0|0|0|0|0|0|0|0|0|0|0|0|0|0|0|0|0|0|0|0|0|0|0|0|0|0|0|0|0|0|0|0|0|0|0|0|0|0|0|0|0|0|0|0|0|0|0|0|0|0|0|0|0|0|0|0|0|0|0|0|0|0|0|0|0|0|0|0|0|0|0|0|0|0|0|0|0|0|0|0|0|0|0|0|0|0|0
DHCST|NY|000|05|0213581|0|0|0|0|0|0|0|0|0|0|0|0|0|0|0|0|0|0|0|0|0|0|0|0|0|0|0|0|0|0|0|0|0|0|0|0|0|0|0|0|0|0|0|0|0|0|0|0|0|0|0|0|0|0|0|0|0|0|0|0|0|0|0|0|0|0|0|0|0|0|0|0|0|0|0|0|0|0|0|0|0|0|0|0|0|0|0|0|0|0|0|0|0|0|0|0|0|0|0|0|0|0|0|0|0|0|0|0|0|0|0|0|0|0|0|0|0|0|0|0|0|0|0|0|0|0|0|0|0|0|0|0|0|0|0|0|0|0|0|0|0|0|0|0|0|0|0|0|0|0|0|0|0|0|0|0|0|0|0|0|0|0|0|0|0|0|0|0|0|0|0|0|0|0|0|0|0|0|0|0|0|0|0|0|0|0|0|0|0|0|0|0|0|0|0|0|0|0|0
DHCST|NY|000|05|0213582|0|0|0|0|0|0|0|0|0|0|0|0|0|0|0|0|0|0|0|0|0|0|0|0|0|0|0|0|0|0|0|0|0|0|0|0|0|0|0|0|0|0|0|0|0|0|0|0|0|0|0|0|0|0|0|0|0|0|0|0|0|0|0|0|0|0|0|0|0|0|0|0|0|0|0|0|0|0|0|0|0|0|0|0|0|0|0|0|0|0|0|0|0|0|0|0|0|0|0|0|0|0|0|0|0|0|0|0|0|0|0|0|0|0|0|0|0|0|0|0|0|0|0|0|0|0|0|0|0|0|0|0|0|0|0|0|0|0|0|0|0|0|0|0|0|0|0|0|0|0|0|0|0|0|0|0|0|0|0|0|0|0|0|0|0|0|0|0|0|0|0|0|0|0|0|0|0|0|0|0|0|0|0|0|0|0|0|0|0|0|0|0|0|0|0|0|0|0|0
DHCST|NY|000|05|0213583|0|0|0|0|0|0|0|0|0|0|0|0|0|0|0|0|0|0|0|0|0|0|0|0|0|0|0|0|0|0|0|0|0|0|0|0|0|0|0|0|0|0|0|0|0|0|0|0|0|0|0|0|0|0|0|0|0|0|0|0|0|0|0|0|0|0|0|0|0|0|0|0|0|0|0|0|0|0|0|0|0|0|0|0|0|0|0|0|0|0|0|0|0|0|0|0|0|0|0|0|0|0|0|0|0|0|0|0|0|0|0|0|0|0|0|0|0|0|0|0|0|0|0|0|0|0|0|0|0|0|0|0|0|0|0|0|0|0|0|0|0|0|0|0|0|0|0|0|0|0|0|0|0|0|0|0|0|0|0|0|0|0|0|0|0|0|0|0|0|0|0|0|0|0|0|0|0|0|0|0|0|0|0|0|0|0|0|0|0|0|0|0|0|0|0|0|0|0|0
DHCST|NY|000|05|0213584|0|0|0|0|0|0|0|0|0|0|0|0|0|0|0|0|0|0|0|0|0|0|0|0|0|0|0|0|0|0|0|0|0|0|0|0|0|0|0|0|0|0|0|0|0|0|0|0|0|0|0|0|0|0|0|0|0|0|0|0|0|0|0|0|0|0|0|0|0|0|0|0|0|0|0|0|0|0|0|0|0|0|0|0|0|0|0|0|0|0|0|0|0|0|0|0|0|0|0|0|0|0|0|0|0|0|0|0|0|0|0|0|0|0|0|0|0|0|0|0|0|0|0|0|0|0|0|0|0|0|0|0|0|0|0|0|0|0|0|0|0|0|0|0|0|0|0|0|0|0|0|0|0|0|0|0|0|0|0|0|0|0|0|0|0|0|0|0|0|0|0|0|0|0|0|0|0|0|0|0|0|0|0|0|0|0|0|0|0|0|0|0|0|0|0|0|0|0|0
DHCST|NY|000|05|0213585|0|0|0|0|0|0|0|0|0|0|0|0|0|0|0|0|0|0|0|0|0|0|0|0|0|0|0|0|0|0|0|0|0|0|0|0|0|0|0|0|0|0|0|0|0|0|0|0|0|0|0|0|0|0|0|0|0|0|0|0|0|0|0|0|0|0|0|0|0|0|0|0|0|0|0|0|0|0|0|0|0|0|0|0|0|0|0|0|0|0|0|0|0|0|0|0|0|0|0|0|0|0|0|0|0|0|0|0|0|0|0|0|0|0|0|0|0|0|0|0|0|0|0|0|0|0|0|0|0|0|0|0|0|0|0|0|0|0|0|0|0|0|0|0|0|0|0|0|0|0|0|0|0|0|0|0|0|0|0|0|0|0|0|0|0|0|0|0|0|0|0|0|0|0|0|0|0|0|0|0|0|0|0|0|0|0|0|0|0|0|0|0|0|0|0|0|0|0|0
DHCST|NY|000|05|0213586|0|0|0|0|0|0|0|0|0|0|0|0|0|0|0|0|0|0|0|0|0|0|0|0|0|0|0|0|0|0|0|0|0|0|0|0|0|0|0|0|0|0|0|0|0|0|0|0|0|0|0|0|0|0|0|0|0|0|0|0|0|0|0|0|0|0|0|0|0|0|0|0|0|0|0|0|0|0|0|0|0|0|0|0|0|0|0|0|0|0|0|0|0|0|0|0|0|0|0|0|0|0|0|0|0|0|0|0|0|0|0|0|0|0|0|0|0|0|0|0|0|0|0|0|0|0|0|0|0|0|0|0|0|0|0|0|0|0|0|0|0|0|0|0|0|0|0|0|0|0|0|0|0|0|0|0|0|0|0|0|0|0|0|0|0|0|0|0|0|0|0|0|0|0|0|0|0|0|0|0|0|0|0|0|0|0|0|0|0|0|0|0|0|0|0|0|0|0|0
DHCST|NY|000|05|0213587|0|0|0|0|0|0|0|0|0|0|0|0|0|0|0|0|0|0|0|0|0|0|0|0|0|0|0|0|0|0|0|0|0|0|0|0|0|0|0|0|0|0|0|0|0|0|0|0|0|0|0|0|0|0|0|0|0|0|0|0|0|0|0|0|0|0|0|0|0|0|0|0|0|0|0|0|0|0|0|0|0|0|0|0|0|0|0|0|0|0|0|0|0|0|0|0|0|0|0|0|0|0|0|0|0|0|0|0|0|0|0|0|0|0|0|0|0|0|0|0|0|0|0|0|0|0|0|0|0|0|0|0|0|0|0|0|0|0|0|0|0|0|0|0|0|0|0|0|0|0|0|0|0|0|0|0|0|0|0|0|0|0|0|0|0|0|0|0|0|0|0|0|0|0|0|0|0|0|0|0|0|0|0|0|0|0|0|0|0|0|0|0|0|0|0|0|0|0|0
DHCST|NY|000|05|0213588|493|493|493|0|0|493|64|346|0|4|0|55|24|493|387|106|493|387|48|325|0|4|0|5|5|106|16|21|0|0|0|50|19|517|79|355|1|4|0|78|517|392|49|329|1|4|0|9|125|30|26|0|0|0|69|493|469|64|346|0|4|0|55|24|24|0|1|0|0|14|0|0|0|9|0|0|0|0|0|0|0|0|0|0|0|0|0|0|0|0|0|0|0|0|0|0|0|0|0|0|0|0|0|0|0|0|0|0|0|0|0|0|0|0|0|0|0|0|0|0|0|0|0|0|0|0|493|106|387|382|48|325|0|4|0|5|5|5|0|1|0|0|0|0|0|0|4|0|0|0|0|0|0|0|0|0|0|0|0|0|0|0|0|0|0|0|0|0|0|0|0|0|0|0|0|0|0|0|0|0|0|0|0|0|0|0|0|0|0|0|0|0|0|0|0|0|0|0|0
DHCST|NY|000|05|0213589|131|131|131|0|0|131|21|75|2|0|0|19|14|131|110|21|131|110|17|75|0|0|0|7|11|21|4|0|2|0|0|12|3|145|35|86|2|0|0|22|145|121|28|86|0|0|0|7|24|7|0|2|0|0|15|131|117|21|75|2|0|0|19|14|14|11|0|0|0|3|0|0|0|0|0|0|0|0|0|0|0|0|0|0|0|0|0|0|0|0|0|0|0|0|0|0|0|0|0|0|0|0|0|0|0|0|0|0|0|0|0|0|0|0|0|0|0|0|0|0|0|0|0|0|0|0|131|21|110|99|17|75|0|0|0|7|11|11|11|0|0|0|0|0|0|0|0|0|0|0|0|0|0|0|0|0|0|0|0|0|0|0|0|0|0|0|0|0|0|0|0|0|0|0|0|0|0|0|0|0|0|0|0|0|0|0|0|0|0|0|0|0|0|0|0|0|0|0|0
DHCST|NY|000|05|0213590|0|0|0|0|0|0|0|0|0|0|0|0|0|0|0|0|0|0|0|0|0|0|0|0|0|0|0|0|0|0|0|0|0|0|0|0|0|0|0|0|0|0|0|0|0|0|0|0|0|0|0|0|0|0|0|0|0|0|0|0|0|0|0|0|0|0|0|0|0|0|0|0|0|0|0|0|0|0|0|0|0|0|0|0|0|0|0|0|0|0|0|0|0|0|0|0|0|0|0|0|0|0|0|0|0|0|0|0|0|0|0|0|0|0|0|0|0|0|0|0|0|0|0|0|0|0|0|0|0|0|0|0|0|0|0|0|0|0|0|0|0|0|0|0|0|0|0|0|0|0|0|0|0|0|0|0|0|0|0|0|0|0|0|0|0|0|0|0|0|0|0|0|0|0|0|0|0|0|0|0|0|0|0|0|0|0|0|0|0|0|0|0|0|0|0|0|0|0|0
DHCST|NY|000|05|0213591|25|25|25|0|0|25|1|11|3|0|0|4|6|25|16|9|25|16|1|11|2|0|0|0|2|9|0|0|1|0|0|4|4|31|6|14|3|1|0|7|31|18|3|13|2|0|0|0|13|3|1|1|1|0|7|25|19|1|11|3|0|0|4|6|6|2|0|0|0|3|0|1|0|0|0|0|0|0|0|0|0|0|0|0|0|0|0|0|0|0|0|0|0|0|0|0|0|0|0|0|0|0|0|0|0|0|0|0|0|0|0|0|0|0|0|0|0|0|0|0|0|0|0|0|0|0|25|9|16|14|1|11|2|0|0|0|2|2|2|0|0|0|0|0|0|0|0|0|0|0|0|0|0|0|0|0|0|0|0|0|0|0|0|0|0|0|0|0|0|0|0|0|0|0|0|0|0|0|0|0|0|0|0|0|0|0|0|0|0|0|0|0|0|0|0|0|0|0|0
DHCST|NY|000|05|0213592|37|37|37|0|0|37|4|21|0|0|0|4|8|37|23|14|37|23|0|16|0|0|0|1|6|14|4|5|0|0|0|3|2|45|5|28|4|0|0|8|45|29|1|21|4|0|0|3|16|4|7|0|0|0|5|37|29|4|21|0|0|0|4|8|8|0|1|0|0|0|3|0|0|4|0|0|0|0|0|0|0|0|0|0|0|0|0|0|0|0|0|0|0|0|0|0|0|0|0|0|0|0|0|0|0|0|0|0|0|0|0|0|0|0|0|0|0|0|0|0|0|0|0|0|0|0|37|14|23|17|0|16|0|0|0|1|6|6|0|1|0|0|0|3|0|0|2|0|0|0|0|0|0|0|0|0|0|0|0|0|0|0|0|0|0|0|0|0|0|0|0|0|0|0|0|0|0|0|0|0|0|0|0|0|0|0|0|0|0|0|0|0|0|0|0|0|0|0|0
DHCST|NY|000|05|0213593|59|59|59|0|0|59|2|38|0|0|0|7|12|59|43|16|59|43|2|36|0|0|0|3|2|16|0|2|0|0|0|4|10|71|14|40|0|0|0|17|71|45|4|37|0|0|0|4|26|10|3|0|0|0|13|59|47|2|38|0|0|0|7|12|12|2|0|0|0|10|0|0|0|0|0|0|0|0|0|0|0|0|0|0|0|0|0|0|0|0|0|0|0|0|0|0|0|0|0|0|0|0|0|0|0|0|0|0|0|0|0|0|0|0|0|0|0|0|0|0|0|0|0|0|0|0|59|16|43|41|2|36|0|0|0|3|2|2|1|0|0|0|1|0|0|0|0|0|0|0|0|0|0|0|0|0|0|0|0|0|0|0|0|0|0|0|0|0|0|0|0|0|0|0|0|0|0|0|0|0|0|0|0|0|0|0|0|0|0|0|0|0|0|0|0|0|0|0|0
DHCST|NY|000|05|0213594|0|0|0|0|0|0|0|0|0|0|0|0|0|0|0|0|0|0|0|0|0|0|0|0|0|0|0|0|0|0|0|0|0|0|0|0|0|0|0|0|0|0|0|0|0|0|0|0|0|0|0|0|0|0|0|0|0|0|0|0|0|0|0|0|0|0|0|0|0|0|0|0|0|0|0|0|0|0|0|0|0|0|0|0|0|0|0|0|0|0|0|0|0|0|0|0|0|0|0|0|0|0|0|0|0|0|0|0|0|0|0|0|0|0|0|0|0|0|0|0|0|0|0|0|0|0|0|0|0|0|0|0|0|0|0|0|0|0|0|0|0|0|0|0|0|0|0|0|0|0|0|0|0|0|0|0|0|0|0|0|0|0|0|0|0|0|0|0|0|0|0|0|0|0|0|0|0|0|0|0|0|0|0|0|0|0|0|0|0|0|0|0|0|0|0|0|0|0|0
DHCST|NY|000|05|0213595|0|0|0|0|0|0|0|0|0|0|0|0|0|0|0|0|0|0|0|0|0|0|0|0|0|0|0|0|0|0|0|0|0|0|0|0|0|0|0|0|0|0|0|0|0|0|0|0|0|0|0|0|0|0|0|0|0|0|0|0|0|0|0|0|0|0|0|0|0|0|0|0|0|0|0|0|0|0|0|0|0|0|0|0|0|0|0|0|0|0|0|0|0|0|0|0|0|0|0|0|0|0|0|0|0|0|0|0|0|0|0|0|0|0|0|0|0|0|0|0|0|0|0|0|0|0|0|0|0|0|0|0|0|0|0|0|0|0|0|0|0|0|0|0|0|0|0|0|0|0|0|0|0|0|0|0|0|0|0|0|0|0|0|0|0|0|0|0|0|0|0|0|0|0|0|0|0|0|0|0|0|0|0|0|0|0|0|0|0|0|0|0|0|0|0|0|0|0|0
DHCST|NY|000|05|0213596|20|20|20|0|0|20|7|7|0|0|0|0|6|20|14|6|20|14|7|7|0|0|0|0|0|6|0|0|0|0|0|0|6|26|11|9|0|0|0|6|26|14|7|7|0|0|0|0|12|4|2|0|0|0|6|20|14|7|7|0|0|0|0|6|6|0|0|0|0|4|0|0|0|2|0|0|0|0|0|0|0|0|0|0|0|0|0|0|0|0|0|0|0|0|0|0|0|0|0|0|0|0|0|0|0|0|0|0|0|0|0|0|0|0|0|0|0|0|0|0|0|0|0|0|0|0|20|6|14|14|7|7|0|0|0|0|0|0|0|0|0|0|0|0|0|0|0|0|0|0|0|0|0|0|0|0|0|0|0|0|0|0|0|0|0|0|0|0|0|0|0|0|0|0|0|0|0|0|0|0|0|0|0|0|0|0|0|0|0|0|0|0|0|0|0|0|0|0|0
DHCST|NY|000|05|0213597|16|16|16|0|0|16|1|15|0|0|0|0|0|16|12|4|16|12|0|12|0|0|0|0|0|4|1|3|0|0|0|0|0|16|1|15|0|0|0|0|16|12|0|12|0|0|0|0|4|1|3|0|0|0|0|16|16|1|15|0|0|0|0|0|0|0|0|0|0|0|0|0|0|0|0|0|0|0|0|0|0|0|0|0|0|0|0|0|0|0|0|0|0|0|0|0|0|0|0|0|0|0|0|0|0|0|0|0|0|0|0|0|0|0|0|0|0|0|0|0|0|0|0|0|0|0|16|4|12|12|0|12|0|0|0|0|0|0|0|0|0|0|0|0|0|0|0|0|0|0|0|0|0|0|0|0|0|0|0|0|0|0|0|0|0|0|0|0|0|0|0|0|0|0|0|0|0|0|0|0|0|0|0|0|0|0|0|0|0|0|0|0|0|0|0|0|0|0|0
DHCST|NY|000|05|0213598|64|64|64|0|0|64|26|27|0|1|0|3|7|64|49|15|64|49|19|24|0|0|0|2|4|15|7|3|0|1|0|1|3|71|31|33|0|1|0|6|71|53|23|28|0|0|0|2|18|8|5|0|1|0|4|64|57|26|27|0|1|0|3|7|7|4|0|0|0|1|0|0|0|2|0|0|0|0|0|0|0|0|0|0|0|0|0|0|0|0|0|0|0|0|0|0|0|0|0|0|0|0|0|0|0|0|0|0|0|0|0|0|0|0|0|0|0|0|0|0|0|0|0|0|0|0|64|15|49|45|19|24|0|0|0|2|4|4|4|0|0|0|0|0|0|0|0|0|0|0|0|0|0|0|0|0|0|0|0|0|0|0|0|0|0|0|0|0|0|0|0|0|0|0|0|0|0|0|0|0|0|0|0|0|0|0|0|0|0|0|0|0|0|0|0|0|0|0|0
DHCST|NY|000|05|0213599|0|0|0|0|0|0|0|0|0|0|0|0|0|0|0|0|0|0|0|0|0|0|0|0|0|0|0|0|0|0|0|0|0|0|0|0|0|0|0|0|0|0|0|0|0|0|0|0|0|0|0|0|0|0|0|0|0|0|0|0|0|0|0|0|0|0|0|0|0|0|0|0|0|0|0|0|0|0|0|0|0|0|0|0|0|0|0|0|0|0|0|0|0|0|0|0|0|0|0|0|0|0|0|0|0|0|0|0|0|0|0|0|0|0|0|0|0|0|0|0|0|0|0|0|0|0|0|0|0|0|0|0|0|0|0|0|0|0|0|0|0|0|0|0|0|0|0|0|0|0|0|0|0|0|0|0|0|0|0|0|0|0|0|0|0|0|0|0|0|0|0|0|0|0|0|0|0|0|0|0|0|0|0|0|0|0|0|0|0|0|0|0|0|0|0|0|0|0|0
DHCST|NY|000|05|0213600|36|36|36|0|0|36|3|24|0|0|0|3|6|36|30|6|36|30|2|24|0|0|0|1|3|6|1|0|0|0|0|2|3|42|5|29|1|0|1|6|42|33|3|27|1|0|1|1|9|2|2|0|0|0|5|36|30|3|24|0|0|0|3|6|6|1|0|0|0|1|1|0|1|2|0|0|0|0|0|0|0|0|0|0|0|0|0|0|0|0|0|0|0|0|0|0|0|0|0|0|0|0|0|0|0|0|0|0|0|0|0|0|0|0|0|0|0|0|0|0|0|0|0|0|0|0|36|6|30|27|2|24|0|0|0|1|3|3|1|0|0|0|0|1|0|1|0|0|0|0|0|0|0|0|0|0|0|0|0|0|0|0|0|0|0|0|0|0|0|0|0|0|0|0|0|0|0|0|0|0|0|0|0|0|0|0|0|0|0|0|0|0|0|0|0|0|0|0|0
DHCST|NY|000|05|0213601|117|117|117|0|0|117|8|85|0|0|0|6|18|117|100|17|117|100|3|85|0|0|0|0|12|17|5|0|0|0|0|6|6|136|25|94|2|1|1|13|136|113|14|94|2|1|1|1|23|11|0|0|0|0|12|117|99|8|85|0|0|0|6|18|17|8|2|0|0|6|0|0|0|1|0|0|0|0|0|0|1|0|0|0|0|0|0|0|1|0|0|0|0|0|0|0|0|0|0|0|0|0|0|0|0|0|0|0|0|0|0|0|0|0|0|0|0|0|0|0|0|0|0|0|0|0|117|17|100|88|3|85|0|0|0|0|12|11|8|2|0|0|0|0|0|0|1|0|0|0|0|0|0|1|0|0|0|0|0|0|0|1|0|0|0|0|0|0|0|0|0|0|0|0|0|0|0|0|0|0|0|0|0|0|0|0|0|0|0|0|0|0|0|0|0|0|0|0|0
DHCST|NY|000|05|0213602|0|0|0|0|0|0|0|0|0|0|0|0|0|0|0|0|0|0|0|0|0|0|0|0|0|0|0|0|0|0|0|0|0|0|0|0|0|0|0|0|0|0|0|0|0|0|0|0|0|0|0|0|0|0|0|0|0|0|0|0|0|0|0|0|0|0|0|0|0|0|0|0|0|0|0|0|0|0|0|0|0|0|0|0|0|0|0|0|0|0|0|0|0|0|0|0|0|0|0|0|0|0|0|0|0|0|0|0|0|0|0|0|0|0|0|0|0|0|0|0|0|0|0|0|0|0|0|0|0|0|0|0|0|0|0|0|0|0|0|0|0|0|0|0|0|0|0|0|0|0|0|0|0|0|0|0|0|0|0|0|0|0|0|0|0|0|0|0|0|0|0|0|0|0|0|0|0|0|0|0|0|0|0|0|0|0|0|0|0|0|0|0|0|0|0|0|0|0|0
DHCST|NY|000|05|0213603|18|18|18|0|0|18|0|8|0|0|0|2|8|18|6|12|18|6|0|3|0|0|0|1|2|12|0|5|0|0|0|1|6|27|8|11|0|0|0|8|27|8|2|5|0|0|0|1|19|6|6|0|0|0|7|18|10|0|8|0|0|0|2|8|7|2|0|0|0|5|0|0|0|0|0|0|0|0|0|0|1|0|0|0|1|0|0|0|0|0|0|0|0|0|0|0|0|0|0|0|0|0|0|0|0|0|0|0|0|0|0|0|0|0|0|0|0|0|0|0|0|0|0|0|0|0|18|12|6|4|0|3|0|0|0|1|2|2|2|0|0|0|0|0|0|0|0|0|0|0|0|0|0|0|0|0|0|0|0|0|0|0|0|0|0|0|0|0|0|0|0|0|0|0|0|0|0|0|0|0|0|0|0|0|0|0|0|0|0|0|0|0|0|0|0|0|0|0|0
DHCST|NY|000|05|0213604|76|76|76|0|0|76|43|22|1|2|0|1|7|76|72|4|76|72|43|20|0|2|0|1|6|4|0|2|1|0|0|0|1|83|47|28|2|2|2|2|83|78|47|25|1|2|2|1|5|0|3|1|0|0|1|76|69|43|22|1|2|0|1|7|7|4|0|0|0|0|0|0|1|1|0|1|0|0|0|0|0|0|0|0|0|0|0|0|0|0|0|0|0|0|0|0|0|0|0|0|0|0|0|0|0|0|0|0|0|0|0|0|0|0|0|0|0|0|0|0|0|0|0|0|0|0|76|4|72|66|43|20|0|2|0|1|6|6|4|0|0|0|0|0|0|1|0|0|1|0|0|0|0|0|0|0|0|0|0|0|0|0|0|0|0|0|0|0|0|0|0|0|0|0|0|0|0|0|0|0|0|0|0|0|0|0|0|0|0|0|0|0|0|0|0|0|0|0|0
DHCST|NY|000|05|0213605|0|0|0|0|0|0|0|0|0|0|0|0|0|0|0|0|0|0|0|0|0|0|0|0|0|0|0|0|0|0|0|0|0|0|0|0|0|0|0|0|0|0|0|0|0|0|0|0|0|0|0|0|0|0|0|0|0|0|0|0|0|0|0|0|0|0|0|0|0|0|0|0|0|0|0|0|0|0|0|0|0|0|0|0|0|0|0|0|0|0|0|0|0|0|0|0|0|0|0|0|0|0|0|0|0|0|0|0|0|0|0|0|0|0|0|0|0|0|0|0|0|0|0|0|0|0|0|0|0|0|0|0|0|0|0|0|0|0|0|0|0|0|0|0|0|0|0|0|0|0|0|0|0|0|0|0|0|0|0|0|0|0|0|0|0|0|0|0|0|0|0|0|0|0|0|0|0|0|0|0|0|0|0|0|0|0|0|0|0|0|0|0|0|0|0|0|0|0|0
DHCST|NY|000|05|0213606|0|0|0|0|0|0|0|0|0|0|0|0|0|0|0|0|0|0|0|0|0|0|0|0|0|0|0|0|0|0|0|0|0|0|0|0|0|0|0|0|0|0|0|0|0|0|0|0|0|0|0|0|0|0|0|0|0|0|0|0|0|0|0|0|0|0|0|0|0|0|0|0|0|0|0|0|0|0|0|0|0|0|0|0|0|0|0|0|0|0|0|0|0|0|0|0|0|0|0|0|0|0|0|0|0|0|0|0|0|0|0|0|0|0|0|0|0|0|0|0|0|0|0|0|0|0|0|0|0|0|0|0|0|0|0|0|0|0|0|0|0|0|0|0|0|0|0|0|0|0|0|0|0|0|0|0|0|0|0|0|0|0|0|0|0|0|0|0|0|0|0|0|0|0|0|0|0|0|0|0|0|0|0|0|0|0|0|0|0|0|0|0|0|0|0|0|0|0|0
DHCST|NY|000|05|0213607|6|6|6|0|0|6|0|4|0|0|0|1|1|6|4|2|6|4|0|4|0|0|0|0|0|2|0|0|0|0|0|1|1|7|1|4|1|0|0|1|7|4|0|4|0|0|0|0|3|1|0|1|0|0|1|6|5|0|4|0|0|0|1|1|1|0|1|0|0|0|0|0|0|0|0|0|0|0|0|0|0|0|0|0|0|0|0|0|0|0|0|0|0|0|0|0|0|0|0|0|0|0|0|0|0|0|0|0|0|0|0|0|0|0|0|0|0|0|0|0|0|0|0|0|0|0|6|2|4|4|0|4|0|0|0|0|0|0|0|0|0|0|0|0|0|0|0|0|0|0|0|0|0|0|0|0|0|0|0|0|0|0|0|0|0|0|0|0|0|0|0|0|0|0|0|0|0|0|0|0|0|0|0|0|0|0|0|0|0|0|0|0|0|0|0|0|0|0|0
DHCST|NY|000|05|0213608|32|32|32|0|0|32|32|0|0|0|0|0|0|32|30|2|32|30|30|0|0|0|0|0|0|2|2|0|0|0|0|0|0|32|32|0|0|0|0|0|32|30|30|0|0|0|0|0|2|2|0|0|0|0|0|32|32|32|0|0|0|0|0|0|0|0|0|0|0|0|0|0|0|0|0|0|0|0|0|0|0|0|0|0|0|0|0|0|0|0|0|0|0|0|0|0|0|0|0|0|0|0|0|0|0|0|0|0|0|0|0|0|0|0|0|0|0|0|0|0|0|0|0|0|0|0|32|2|30|30|30|0|0|0|0|0|0|0|0|0|0|0|0|0|0|0|0|0|0|0|0|0|0|0|0|0|0|0|0|0|0|0|0|0|0|0|0|0|0|0|0|0|0|0|0|0|0|0|0|0|0|0|0|0|0|0|0|0|0|0|0|0|0|0|0|0|0|0|0
DHCST|NY|000|05|0213609|95|95|95|0|0|95|2|62|0|0|0|21|10|95|65|30|95|65|0|60|0|0|0|2|3|30|2|2|0|0|0|19|7|105|7|69|1|0|0|28|105|68|2|63|1|0|0|2|37|5|6|0|0|0|26|95|85|2|62|0|0|0|21|10|10|2|0|0|0|3|1|0|0|4|0|0|0|0|0|0|0|0|0|0|0|0|0|0|0|0|0|0|0|0|0|0|0|0|0|0|0|0|0|0|0|0|0|0|0|0|0|0|0|0|0|0|0|0|0|0|0|0|0|0|0|0|95|30|65|62|0|60|0|0|0|2|3|3|2|0|0|0|0|1|0|0|0|0|0|0|0|0|0|0|0|0|0|0|0|0|0|0|0|0|0|0|0|0|0|0|0|0|0|0|0|0|0|0|0|0|0|0|0|0|0|0|0|0|0|0|0|0|0|0|0|0|0|0|0
DHCST|NY|000|05|0213610|0|0|0|0|0|0|0|0|0|0|0|0|0|0|0|0|0|0|0|0|0|0|0|0|0|0|0|0|0|0|0|0|0|0|0|0|0|0|0|0|0|0|0|0|0|0|0|0|0|0|0|0|0|0|0|0|0|0|0|0|0|0|0|0|0|0|0|0|0|0|0|0|0|0|0|0|0|0|0|0|0|0|0|0|0|0|0|0|0|0|0|0|0|0|0|0|0|0|0|0|0|0|0|0|0|0|0|0|0|0|0|0|0|0|0|0|0|0|0|0|0|0|0|0|0|0|0|0|0|0|0|0|0|0|0|0|0|0|0|0|0|0|0|0|0|0|0|0|0|0|0|0|0|0|0|0|0|0|0|0|0|0|0|0|0|0|0|0|0|0|0|0|0|0|0|0|0|0|0|0|0|0|0|0|0|0|0|0|0|0|0|0|0|0|0|0|0|0|0
DHCST|NY|000|05|0213611|192|192|192|0|0|192|14|140|0|0|0|19|19|192|142|50|192|142|7|128|0|0|0|1|6|50|7|12|0|0|0|18|13|213|27|153|3|0|0|30|213|148|13|133|1|0|0|1|65|14|20|2|0|0|29|192|173|14|140|0|0|0|19|19|17|5|1|0|0|5|0|0|0|6|0|0|0|0|0|0|2|2|0|0|0|0|0|0|0|0|0|0|0|0|0|0|0|0|0|0|0|0|0|0|0|0|0|0|0|0|0|0|0|0|0|0|0|0|0|0|0|0|0|0|0|0|192|50|142|136|7|128|0|0|0|1|6|6|5|1|0|0|0|0|0|0|0|0|0|0|0|0|0|0|0|0|0|0|0|0|0|0|0|0|0|0|0|0|0|0|0|0|0|0|0|0|0|0|0|0|0|0|0|0|0|0|0|0|0|0|0|0|0|0|0|0|0|0|0
DHCST|NY|000|05|0213612|0|0|0|0|0|0|0|0|0|0|0|0|0|0|0|0|0|0|0|0|0|0|0|0|0|0|0|0|0|0|0|0|0|0|0|0|0|0|0|0|0|0|0|0|0|0|0|0|0|0|0|0|0|0|0|0|0|0|0|0|0|0|0|0|0|0|0|0|0|0|0|0|0|0|0|0|0|0|0|0|0|0|0|0|0|0|0|0|0|0|0|0|0|0|0|0|0|0|0|0|0|0|0|0|0|0|0|0|0|0|0|0|0|0|0|0|0|0|0|0|0|0|0|0|0|0|0|0|0|0|0|0|0|0|0|0|0|0|0|0|0|0|0|0|0|0|0|0|0|0|0|0|0|0|0|0|0|0|0|0|0|0|0|0|0|0|0|0|0|0|0|0|0|0|0|0|0|0|0|0|0|0|0|0|0|0|0|0|0|0|0|0|0|0|0|0|0|0|0
DHCST|NY|000|05|0213613|0|0|0|0|0|0|0|0|0|0|0|0|0|0|0|0|0|0|0|0|0|0|0|0|0|0|0|0|0|0|0|0|0|0|0|0|0|0|0|0|0|0|0|0|0|0|0|0|0|0|0|0|0|0|0|0|0|0|0|0|0|0|0|0|0|0|0|0|0|0|0|0|0|0|0|0|0|0|0|0|0|0|0|0|0|0|0|0|0|0|0|0|0|0|0|0|0|0|0|0|0|0|0|0|0|0|0|0|0|0|0|0|0|0|0|0|0|0|0|0|0|0|0|0|0|0|0|0|0|0|0|0|0|0|0|0|0|0|0|0|0|0|0|0|0|0|0|0|0|0|0|0|0|0|0|0|0|0|0|0|0|0|0|0|0|0|0|0|0|0|0|0|0|0|0|0|0|0|0|0|0|0|0|0|0|0|0|0|0|0|0|0|0|0|0|0|0|0|0
DHCST|NY|000|05|0213614|121|121|121|0|0|121|35|64|0|0|0|16|6|121|97|24|121|97|30|64|0|0|0|1|2|24|5|0|0|0|0|15|4|131|39|68|2|1|1|20|131|103|32|66|2|1|1|1|28|7|2|0|0|0|19|121|115|35|64|0|0|0|16|6|4|0|0|0|0|2|0|0|0|2|0|0|0|0|0|0|1|1|0|0|0|0|0|0|0|0|0|0|0|0|0|0|0|0|0|0|0|0|0|0|0|0|0|0|0|0|0|0|0|0|0|0|0|1|1|0|0|0|0|0|0|0|121|24|97|95|30|64|0|0|0|1|2|0|0|0|0|0|0|0|0|0|0|0|0|0|0|0|0|1|1|0|0|0|0|0|0|0|0|0|0|0|0|0|0|0|0|0|0|0|0|0|0|0|0|0|0|0|0|0|0|0|0|0|0|0|1|1|0|0|0|0|0|0|0
DHCST|NY|000|05|0213615|0|0|0|0|0|0|0|0|0|0|0|0|0|0|0|0|0|0|0|0|0|0|0|0|0|0|0|0|0|0|0|0|0|0|0|0|0|0|0|0|0|0|0|0|0|0|0|0|0|0|0|0|0|0|0|0|0|0|0|0|0|0|0|0|0|0|0|0|0|0|0|0|0|0|0|0|0|0|0|0|0|0|0|0|0|0|0|0|0|0|0|0|0|0|0|0|0|0|0|0|0|0|0|0|0|0|0|0|0|0|0|0|0|0|0|0|0|0|0|0|0|0|0|0|0|0|0|0|0|0|0|0|0|0|0|0|0|0|0|0|0|0|0|0|0|0|0|0|0|0|0|0|0|0|0|0|0|0|0|0|0|0|0|0|0|0|0|0|0|0|0|0|0|0|0|0|0|0|0|0|0|0|0|0|0|0|0|0|0|0|0|0|0|0|0|0|0|0|0
DHCST|NY|000|05|0213616|0|0|0|0|0|0|0|0|0|0|0|0|0|0|0|0|0|0|0|0|0|0|0|0|0|0|0|0|0|0|0|0|0|0|0|0|0|0|0|0|0|0|0|0|0|0|0|0|0|0|0|0|0|0|0|0|0|0|0|0|0|0|0|0|0|0|0|0|0|0|0|0|0|0|0|0|0|0|0|0|0|0|0|0|0|0|0|0|0|0|0|0|0|0|0|0|0|0|0|0|0|0|0|0|0|0|0|0|0|0|0|0|0|0|0|0|0|0|0|0|0|0|0|0|0|0|0|0|0|0|0|0|0|0|0|0|0|0|0|0|0|0|0|0|0|0|0|0|0|0|0|0|0|0|0|0|0|0|0|0|0|0|0|0|0|0|0|0|0|0|0|0|0|0|0|0|0|0|0|0|0|0|0|0|0|0|0|0|0|0|0|0|0|0|0|0|0|0|0
DHCST|NY|000|05|0213617|879|879|879|0|0|879|605|172|0|12|0|53|37|879|799|80|879|799|587|170|0|12|0|6|24|80|18|2|0|0|0|47|13|924|634|201|15|12|0|62|924|830|604|194|14|12|0|6|94|30|7|1|0|0|56|879|842|605|172|0|12|0|53|37|29|14|0|0|0|7|7|0|0|1|0|0|0|0|0|0|8|7|0|0|0|0|0|1|0|0|0|0|0|0|0|0|0|0|0|0|0|0|0|0|0|0|0|0|0|0|0|0|0|0|0|0|0|0|0|0|0|0|0|0|0|0|879|80|799|775|587|170|0|12|0|6|24|17|10|0|0|0|0|7|0|0|0|0|0|0|0|0|0|7|7|0|0|0|0|0|0|0|0|0|0|0|0|0|0|0|0|0|0|0|0|0|0|0|0|0|0|0|0|0|0|0|0|0|0|0|0|0|0|0|0|0|0|0|0
DHCST|NY|000|05|0213618|0|0|0|0|0|0|0|0|0|0|0|0|0|0|0|0|0|0|0|0|0|0|0|0|0|0|0|0|0|0|0|0|0|0|0|0|0|0|0|0|0|0|0|0|0|0|0|0|0|0|0|0|0|0|0|0|0|0|0|0|0|0|0|0|0|0|0|0|0|0|0|0|0|0|0|0|0|0|0|0|0|0|0|0|0|0|0|0|0|0|0|0|0|0|0|0|0|0|0|0|0|0|0|0|0|0|0|0|0|0|0|0|0|0|0|0|0|0|0|0|0|0|0|0|0|0|0|0|0|0|0|0|0|0|0|0|0|0|0|0|0|0|0|0|0|0|0|0|0|0|0|0|0|0|0|0|0|0|0|0|0|0|0|0|0|0|0|0|0|0|0|0|0|0|0|0|0|0|0|0|0|0|0|0|0|0|0|0|0|0|0|0|0|0|0|0|0|0|0
DHCST|NY|000|05|0213619|0|0|0|0|0|0|0|0|0|0|0|0|0|0|0|0|0|0|0|0|0|0|0|0|0|0|0|0|0|0|0|0|0|0|0|0|0|0|0|0|0|0|0|0|0|0|0|0|0|0|0|0|0|0|0|0|0|0|0|0|0|0|0|0|0|0|0|0|0|0|0|0|0|0|0|0|0|0|0|0|0|0|0|0|0|0|0|0|0|0|0|0|0|0|0|0|0|0|0|0|0|0|0|0|0|0|0|0|0|0|0|0|0|0|0|0|0|0|0|0|0|0|0|0|0|0|0|0|0|0|0|0|0|0|0|0|0|0|0|0|0|0|0|0|0|0|0|0|0|0|0|0|0|0|0|0|0|0|0|0|0|0|0|0|0|0|0|0|0|0|0|0|0|0|0|0|0|0|0|0|0|0|0|0|0|0|0|0|0|0|0|0|0|0|0|0|0|0|0
DHCST|NY|000|05|0213620|0|0|0|0|0|0|0|0|0|0|0|0|0|0|0|0|0|0|0|0|0|0|0|0|0|0|0|0|0|0|0|0|0|0|0|0|0|0|0|0|0|0|0|0|0|0|0|0|0|0|0|0|0|0|0|0|0|0|0|0|0|0|0|0|0|0|0|0|0|0|0|0|0|0|0|0|0|0|0|0|0|0|0|0|0|0|0|0|0|0|0|0|0|0|0|0|0|0|0|0|0|0|0|0|0|0|0|0|0|0|0|0|0|0|0|0|0|0|0|0|0|0|0|0|0|0|0|0|0|0|0|0|0|0|0|0|0|0|0|0|0|0|0|0|0|0|0|0|0|0|0|0|0|0|0|0|0|0|0|0|0|0|0|0|0|0|0|0|0|0|0|0|0|0|0|0|0|0|0|0|0|0|0|0|0|0|0|0|0|0|0|0|0|0|0|0|0|0|0
DHCST|NY|000|05|0213621|552|552|552|0|0|552|210|197|1|54|0|68|22|552|459|93|552|459|193|190|1|54|0|7|14|93|17|7|0|0|0|61|8|577|224|215|4|56|1|77|577|474|205|201|3|55|1|9|103|19|14|1|1|0|68|552|530|210|197|1|54|0|68|22|20|9|0|0|0|3|1|0|0|6|0|0|0|1|0|0|1|1|0|0|0|0|0|0|0|0|0|0|0|0|0|0|0|0|0|0|0|1|1|0|0|0|0|0|0|0|0|0|0|0|0|0|0|0|0|0|0|0|0|0|0|0|552|93|459|445|193|190|1|54|0|7|14|13|9|0|0|0|2|1|0|0|0|0|0|0|1|0|0|1|1|0|0|0|0|0|0|0|0|0|0|0|0|0|0|0|0|0|0|0|0|0|0|0|0|0|0|0|0|0|0|0|0|0|0|0|0|0|0|0|0|0|0|0|0
DHCST|NY|000|05|0213622|0|0|0|0|0|0|0|0|0|0|0|0|0|0|0|0|0|0|0|0|0|0|0|0|0|0|0|0|0|0|0|0|0|0|0|0|0|0|0|0|0|0|0|0|0|0|0|0|0|0|0|0|0|0|0|0|0|0|0|0|0|0|0|0|0|0|0|0|0|0|0|0|0|0|0|0|0|0|0|0|0|0|0|0|0|0|0|0|0|0|0|0|0|0|0|0|0|0|0|0|0|0|0|0|0|0|0|0|0|0|0|0|0|0|0|0|0|0|0|0|0|0|0|0|0|0|0|0|0|0|0|0|0|0|0|0|0|0|0|0|0|0|0|0|0|0|0|0|0|0|0|0|0|0|0|0|0|0|0|0|0|0|0|0|0|0|0|0|0|0|0|0|0|0|0|0|0|0|0|0|0|0|0|0|0|0|0|0|0|0|0|0|0|0|0|0|0|0|0
DHCST|NY|000|05|0213623|17|17|17|0|0|17|6|5|1|0|0|1|4|17|8|9|17|8|5|1|0|0|0|1|1|9|1|4|1|0|0|0|3|21|10|6|1|0|0|4|21|9|6|2|0|0|0|1|12|4|4|1|0|0|3|17|13|6|5|1|0|0|1|4|4|1|0|0|0|3|0|0|0|0|0|0|0|0|0|0|0|0|0|0|0|0|0|0|0|0|0|0|0|0|0|0|0|0|0|0|0|0|0|0|0|0|0|0|0|0|0|0|0|0|0|0|0|0|0|0|0|0|0|0|0|0|17|9|8|7|5|1|0|0|0|1|1|1|1|0|0|0|0|0|0|0|0|0|0|0|0|0|0|0|0|0|0|0|0|0|0|0|0|0|0|0|0|0|0|0|0|0|0|0|0|0|0|0|0|0|0|0|0|0|0|0|0|0|0|0|0|0|0|0|0|0|0|0|0
DHCST|NY|000|05|0213624|17|17|17|0|0|17|4|3|0|0|0|3|7|17|10|7|17|10|3|3|0|0|0|0|4|7|1|0|0|0|0|3|3|24|8|7|1|0|1|7|24|14|7|4|1|0|1|1|10|1|3|0|0|0|6|17|10|4|3|0|0|0|3|7|7|1|1|0|1|1|0|0|0|3|0|0|0|0|0|0|0|0|0|0|0|0|0|0|0|0|0|0|0|0|0|0|0|0|0|0|0|0|0|0|0|0|0|0|0|0|0|0|0|0|0|0|0|0|0|0|0|0|0|0|0|0|17|7|10|6|3|3|0|0|0|0|4|4|1|1|0|1|1|0|0|0|0|0|0|0|0|0|0|0|0|0|0|0|0|0|0|0|0|0|0|0|0|0|0|0|0|0|0|0|0|0|0|0|0|0|0|0|0|0|0|0|0|0|0|0|0|0|0|0|0|0|0|0|0
DHCST|NY|000|05|0213625|0|0|0|0|0|0|0|0|0|0|0|0|0|0|0|0|0|0|0|0|0|0|0|0|0|0|0|0|0|0|0|0|0|0|0|0|0|0|0|0|0|0|0|0|0|0|0|0|0|0|0|0|0|0|0|0|0|0|0|0|0|0|0|0|0|0|0|0|0|0|0|0|0|0|0|0|0|0|0|0|0|0|0|0|0|0|0|0|0|0|0|0|0|0|0|0|0|0|0|0|0|0|0|0|0|0|0|0|0|0|0|0|0|0|0|0|0|0|0|0|0|0|0|0|0|0|0|0|0|0|0|0|0|0|0|0|0|0|0|0|0|0|0|0|0|0|0|0|0|0|0|0|0|0|0|0|0|0|0|0|0|0|0|0|0|0|0|0|0|0|0|0|0|0|0|0|0|0|0|0|0|0|0|0|0|0|0|0|0|0|0|0|0|0|0|0|0|0|0
DHCST|NY|000|05|0213626|0|0|0|0|0|0|0|0|0|0|0|0|0|0|0|0|0|0|0|0|0|0|0|0|0|0|0|0|0|0|0|0|0|0|0|0|0|0|0|0|0|0|0|0|0|0|0|0|0|0|0|0|0|0|0|0|0|0|0|0|0|0|0|0|0|0|0|0|0|0|0|0|0|0|0|0|0|0|0|0|0|0|0|0|0|0|0|0|0|0|0|0|0|0|0|0|0|0|0|0|0|0|0|0|0|0|0|0|0|0|0|0|0|0|0|0|0|0|0|0|0|0|0|0|0|0|0|0|0|0|0|0|0|0|0|0|0|0|0|0|0|0|0|0|0|0|0|0|0|0|0|0|0|0|0|0|0|0|0|0|0|0|0|0|0|0|0|0|0|0|0|0|0|0|0|0|0|0|0|0|0|0|0|0|0|0|0|0|0|0|0|0|0|0|0|0|0|0|0
DHCST|NY|000|05|0213627|0|0|0|0|0|0|0|0|0|0|0|0|0|0|0|0|0|0|0|0|0|0|0|0|0|0|0|0|0|0|0|0|0|0|0|0|0|0|0|0|0|0|0|0|0|0|0|0|0|0|0|0|0|0|0|0|0|0|0|0|0|0|0|0|0|0|0|0|0|0|0|0|0|0|0|0|0|0|0|0|0|0|0|0|0|0|0|0|0|0|0|0|0|0|0|0|0|0|0|0|0|0|0|0|0|0|0|0|0|0|0|0|0|0|0|0|0|0|0|0|0|0|0|0|0|0|0|0|0|0|0|0|0|0|0|0|0|0|0|0|0|0|0|0|0|0|0|0|0|0|0|0|0|0|0|0|0|0|0|0|0|0|0|0|0|0|0|0|0|0|0|0|0|0|0|0|0|0|0|0|0|0|0|0|0|0|0|0|0|0|0|0|0|0|0|0|0|0|0
DHCST|NY|000|05|0213628|214|214|214|0|0|214|99|26|0|69|0|10|10|214|188|26|214|188|90|25|0|69|0|0|4|26|9|1|0|0|0|10|6|224|105|30|4|69|0|16|224|192|90|29|4|69|0|0|32|15|1|0|0|0|16|214|204|99|26|0|69|0|10|10|10|0|0|0|0|6|4|0|0|0|0|0|0|0|0|0|0|0|0|0|0|0|0|0|0|0|0|0|0|0|0|0|0|0|0|0|0|0|0|0|0|0|0|0|0|0|0|0|0|0|0|0|0|0|0|0|0|0|0|0|0|0|214|26|188|184|90|25|0|69|0|0|4|4|0|0|0|0|0|4|0|0|0|0|0|0|0|0|0|0|0|0|0|0|0|0|0|0|0|0|0|0|0|0|0|0|0|0|0|0|0|0|0|0|0|0|0|0|0|0|0|0|0|0|0|0|0|0|0|0|0|0|0|0|0
DHCST|NY|000|05|0213629|76|76|76|0|0|76|41|14|0|2|0|15|4|76|60|16|76|60|41|13|0|2|0|0|4|16|0|1|0|0|0|15|0|80|43|16|0|6|0|15|80|64|43|15|0|6|0|0|16|0|1|0|0|0|15|76|72|41|14|0|2|0|15|4|4|0|0|2|0|0|0|2|0|0|0|0|0|0|0|0|0|0|0|0|0|0|0|0|0|0|0|0|0|0|0|0|0|0|0|0|0|0|0|0|0|0|0|0|0|0|0|0|0|0|0|0|0|0|0|0|0|0|0|0|0|0|76|16|60|56|41|13|0|2|0|0|4|4|0|0|2|0|0|0|2|0|0|0|0|0|0|0|0|0|0|0|0|0|0|0|0|0|0|0|0|0|0|0|0|0|0|0|0|0|0|0|0|0|0|0|0|0|0|0|0|0|0|0|0|0|0|0|0|0|0|0|0|0|0
DHCST|NY|000|05|0213630|0|0|0|0|0|0|0|0|0|0|0|0|0|0|0|0|0|0|0|0|0|0|0|0|0|0|0|0|0|0|0|0|0|0|0|0|0|0|0|0|0|0|0|0|0|0|0|0|0|0|0|0|0|0|0|0|0|0|0|0|0|0|0|0|0|0|0|0|0|0|0|0|0|0|0|0|0|0|0|0|0|0|0|0|0|0|0|0|0|0|0|0|0|0|0|0|0|0|0|0|0|0|0|0|0|0|0|0|0|0|0|0|0|0|0|0|0|0|0|0|0|0|0|0|0|0|0|0|0|0|0|0|0|0|0|0|0|0|0|0|0|0|0|0|0|0|0|0|0|0|0|0|0|0|0|0|0|0|0|0|0|0|0|0|0|0|0|0|0|0|0|0|0|0|0|0|0|0|0|0|0|0|0|0|0|0|0|0|0|0|0|0|0|0|0|0|0|0|0
DHCST|NY|000|05|0213631|23|23|23|0|0|23|7|7|0|3|0|0|6|23|19|4|23|19|4|7|0|3|0|0|5|4|3|0|0|0|0|0|1|34|13|12|5|3|0|1|34|29|9|12|5|3|0|0|5|4|0|0|0|0|1|23|17|7|7|0|3|0|0|6|1|0|0|0|0|1|0|0|0|0|0|0|0|0|0|0|5|5|0|0|0|0|0|0|0|0|0|0|0|0|0|0|0|0|0|0|0|0|0|0|0|0|0|0|0|0|0|0|0|0|0|0|0|0|0|0|0|0|0|0|0|0|23|4|19|14|4|7|0|3|0|0|5|0|0|0|0|0|0|0|0|0|0|0|0|0|0|0|0|5|5|0|0|0|0|0|0|0|0|0|0|0|0|0|0|0|0|0|0|0|0|0|0|0|0|0|0|0|0|0|0|0|0|0|0|0|0|0|0|0|0|0|0|0|0
DHCST|NY|000|05|0213632|153|153|153|0|0|153|58|5|0|78|0|1|11|153|150|3|153|150|58|5|0|78|0|0|9|3|0|0|0|0|0|1|2|165|68|12|1|79|0|5|165|160|66|12|1|79|0|2|5|2|0|0|0|0|3|153|142|58|5|0|78|0|1|11|10|6|0|0|0|3|0|0|0|1|0|0|0|0|0|0|1|0|0|0|0|1|0|0|0|0|0|0|0|0|0|0|0|0|0|0|0|0|0|0|0|0|0|0|0|0|0|0|0|0|0|0|0|0|0|0|0|0|0|0|0|0|153|3|150|141|58|5|0|78|0|0|9|8|6|0|0|0|1|0|0|0|1|0|0|0|0|0|0|1|0|0|0|0|1|0|0|0|0|0|0|0|0|0|0|0|0|0|0|0|0|0|0|0|0|0|0|0|0|0|0|0|0|0|0|0|0|0|0|0|0|0|0|0|0
DHCST|NY|000|05|0213633|171|171|171|0|0|171|55|9|0|79|0|3|25|171|161|10|171|161|51|9|0|79|0|0|22|10|4|0|0|0|0|3|3|198|78|20|5|86|0|9|198|185|71|19|5|86|0|4|13|7|1|0|0|0|5|171|146|55|9|0|79|0|3|25|23|8|1|6|0|6|2|0|0|0|0|0|0|0|0|0|2|1|0|0|0|1|0|0|0|0|0|0|0|0|0|0|0|0|0|0|0|0|0|0|0|0|0|0|0|0|0|0|0|0|0|0|0|0|0|0|0|0|0|0|0|0|171|10|161|139|51|9|0|79|0|0|22|20|7|1|6|0|4|2|0|0|0|0|0|0|0|0|0|2|1|0|0|0|1|0|0|0|0|0|0|0|0|0|0|0|0|0|0|0|0|0|0|0|0|0|0|0|0|0|0|0|0|0|0|0|0|0|0|0|0|0|0|0|0
DHCST|NY|000|05|0213634|0|0|0|0|0|0|0|0|0|0|0|0|0|0|0|0|0|0|0|0|0|0|0|0|0|0|0|0|0|0|0|0|0|0|0|0|0|0|0|0|0|0|0|0|0|0|0|0|0|0|0|0|0|0|0|0|0|0|0|0|0|0|0|0|0|0|0|0|0|0|0|0|0|0|0|0|0|0|0|0|0|0|0|0|0|0|0|0|0|0|0|0|0|0|0|0|0|0|0|0|0|0|0|0|0|0|0|0|0|0|0|0|0|0|0|0|0|0|0|0|0|0|0|0|0|0|0|0|0|0|0|0|0|0|0|0|0|0|0|0|0|0|0|0|0|0|0|0|0|0|0|0|0|0|0|0|0|0|0|0|0|0|0|0|0|0|0|0|0|0|0|0|0|0|0|0|0|0|0|0|0|0|0|0|0|0|0|0|0|0|0|0|0|0|0|0|0|0|0
DHCST|NY|000|05|0213635|0|0|0|0|0|0|0|0|0|0|0|0|0|0|0|0|0|0|0|0|0|0|0|0|0|0|0|0|0|0|0|0|0|0|0|0|0|0|0|0|0|0|0|0|0|0|0|0|0|0|0|0|0|0|0|0|0|0|0|0|0|0|0|0|0|0|0|0|0|0|0|0|0|0|0|0|0|0|0|0|0|0|0|0|0|0|0|0|0|0|0|0|0|0|0|0|0|0|0|0|0|0|0|0|0|0|0|0|0|0|0|0|0|0|0|0|0|0|0|0|0|0|0|0|0|0|0|0|0|0|0|0|0|0|0|0|0|0|0|0|0|0|0|0|0|0|0|0|0|0|0|0|0|0|0|0|0|0|0|0|0|0|0|0|0|0|0|0|0|0|0|0|0|0|0|0|0|0|0|0|0|0|0|0|0|0|0|0|0|0|0|0|0|0|0|0|0|0|0
DHCST|NY|000|05|0213636|0|0|0|0|0|0|0|0|0|0|0|0|0|0|0|0|0|0|0|0|0|0|0|0|0|0|0|0|0|0|0|0|0|0|0|0|0|0|0|0|0|0|0|0|0|0|0|0|0|0|0|0|0|0|0|0|0|0|0|0|0|0|0|0|0|0|0|0|0|0|0|0|0|0|0|0|0|0|0|0|0|0|0|0|0|0|0|0|0|0|0|0|0|0|0|0|0|0|0|0|0|0|0|0|0|0|0|0|0|0|0|0|0|0|0|0|0|0|0|0|0|0|0|0|0|0|0|0|0|0|0|0|0|0|0|0|0|0|0|0|0|0|0|0|0|0|0|0|0|0|0|0|0|0|0|0|0|0|0|0|0|0|0|0|0|0|0|0|0|0|0|0|0|0|0|0|0|0|0|0|0|0|0|0|0|0|0|0|0|0|0|0|0|0|0|0|0|0|0
DHCST|NY|000|05|0213637|0|0|0|0|0|0|0|0|0|0|0|0|0|0|0|0|0|0|0|0|0|0|0|0|0|0|0|0|0|0|0|0|0|0|0|0|0|0|0|0|0|0|0|0|0|0|0|0|0|0|0|0|0|0|0|0|0|0|0|0|0|0|0|0|0|0|0|0|0|0|0|0|0|0|0|0|0|0|0|0|0|0|0|0|0|0|0|0|0|0|0|0|0|0|0|0|0|0|0|0|0|0|0|0|0|0|0|0|0|0|0|0|0|0|0|0|0|0|0|0|0|0|0|0|0|0|0|0|0|0|0|0|0|0|0|0|0|0|0|0|0|0|0|0|0|0|0|0|0|0|0|0|0|0|0|0|0|0|0|0|0|0|0|0|0|0|0|0|0|0|0|0|0|0|0|0|0|0|0|0|0|0|0|0|0|0|0|0|0|0|0|0|0|0|0|0|0|0|0
DHCST|NY|000|05|0213638|0|0|0|0|0|0|0|0|0|0|0|0|0|0|0|0|0|0|0|0|0|0|0|0|0|0|0|0|0|0|0|0|0|0|0|0|0|0|0|0|0|0|0|0|0|0|0|0|0|0|0|0|0|0|0|0|0|0|0|0|0|0|0|0|0|0|0|0|0|0|0|0|0|0|0|0|0|0|0|0|0|0|0|0|0|0|0|0|0|0|0|0|0|0|0|0|0|0|0|0|0|0|0|0|0|0|0|0|0|0|0|0|0|0|0|0|0|0|0|0|0|0|0|0|0|0|0|0|0|0|0|0|0|0|0|0|0|0|0|0|0|0|0|0|0|0|0|0|0|0|0|0|0|0|0|0|0|0|0|0|0|0|0|0|0|0|0|0|0|0|0|0|0|0|0|0|0|0|0|0|0|0|0|0|0|0|0|0|0|0|0|0|0|0|0|0|0|0|0
DHCST|NY|000|05|0213639|0|0|0|0|0|0|0|0|0|0|0|0|0|0|0|0|0|0|0|0|0|0|0|0|0|0|0|0|0|0|0|0|0|0|0|0|0|0|0|0|0|0|0|0|0|0|0|0|0|0|0|0|0|0|0|0|0|0|0|0|0|0|0|0|0|0|0|0|0|0|0|0|0|0|0|0|0|0|0|0|0|0|0|0|0|0|0|0|0|0|0|0|0|0|0|0|0|0|0|0|0|0|0|0|0|0|0|0|0|0|0|0|0|0|0|0|0|0|0|0|0|0|0|0|0|0|0|0|0|0|0|0|0|0|0|0|0|0|0|0|0|0|0|0|0|0|0|0|0|0|0|0|0|0|0|0|0|0|0|0|0|0|0|0|0|0|0|0|0|0|0|0|0|0|0|0|0|0|0|0|0|0|0|0|0|0|0|0|0|0|0|0|0|0|0|0|0|0|0
DHCST|NY|000|05|0213640|298|298|298|0|0|298|203|19|0|58|0|0|18|298|274|24|298|274|195|19|0|58|0|0|2|24|8|0|0|0|0|0|16|318|219|25|0|60|0|14|318|276|197|19|0|60|0|0|42|22|6|0|0|0|14|298|280|203|19|0|58|0|0|18|16|2|0|2|0|10|0|0|0|2|0|0|0|0|0|0|2|0|0|0|2|0|0|0|0|0|0|0|0|0|0|0|0|0|0|0|0|0|0|0|0|0|0|0|0|0|0|0|0|0|0|0|0|0|0|0|0|0|0|0|0|0|298|24|274|272|195|19|0|58|0|0|2|2|0|0|2|0|0|0|0|0|0|0|0|0|0|0|0|0|0|0|0|0|0|0|0|0|0|0|0|0|0|0|0|0|0|0|0|0|0|0|0|0|0|0|0|0|0|0|0|0|0|0|0|0|0|0|0|0|0|0|0|0|0
DHCST|NY|000|05|0213641|412|412|412|0|0|412|316|40|0|20|0|18|18|412|378|34|412|378|303|40|0|20|0|0|15|34|13|0|0|0|0|18|3|437|334|51|7|25|0|20|437|400|318|50|7|25|0|0|37|16|1|0|0|0|20|412|394|316|40|0|20|0|18|18|11|5|0|4|0|2|0|0|0|0|0|0|0|0|0|0|7|6|0|0|0|1|0|0|0|0|0|0|0|0|0|0|0|0|0|0|0|0|0|0|0|0|0|0|0|0|0|0|0|0|0|0|0|0|0|0|0|0|0|0|0|0|412|34|378|363|303|40|0|20|0|0|15|8|4|0|4|0|0|0|0|0|0|0|0|0|0|0|0|7|6|0|0|0|1|0|0|0|0|0|0|0|0|0|0|0|0|0|0|0|0|0|0|0|0|0|0|0|0|0|0|0|0|0|0|0|0|0|0|0|0|0|0|0|0
DHCST|NY|000|05|0213642|43|43|43|0|0|43|30|12|0|0|0|0|1|43|42|1|43|42|30|12|0|0|0|0|0|1|0|0|0|0|0|0|1|44|30|12|1|1|0|0|44|42|30|12|0|0|0|0|2|0|0|1|1|0|0|43|42|30|12|0|0|0|0|1|1|0|0|0|0|0|0|0|0|0|1|0|0|0|0|0|0|0|0|0|0|0|0|0|0|0|0|0|0|0|0|0|0|0|0|0|0|0|0|0|0|0|0|0|0|0|0|0|0|0|0|0|0|0|0|0|0|0|0|0|0|0|43|1|42|42|30|12|0|0|0|0|0|0|0|0|0|0|0|0|0|0|0|0|0|0|0|0|0|0|0|0|0|0|0|0|0|0|0|0|0|0|0|0|0|0|0|0|0|0|0|0|0|0|0|0|0|0|0|0|0|0|0|0|0|0|0|0|0|0|0|0|0|0|0
DHCST|NY|000|05|0213643|0|0|0|0|0|0|0|0|0|0|0|0|0|0|0|0|0|0|0|0|0|0|0|0|0|0|0|0|0|0|0|0|0|0|0|0|0|0|0|0|0|0|0|0|0|0|0|0|0|0|0|0|0|0|0|0|0|0|0|0|0|0|0|0|0|0|0|0|0|0|0|0|0|0|0|0|0|0|0|0|0|0|0|0|0|0|0|0|0|0|0|0|0|0|0|0|0|0|0|0|0|0|0|0|0|0|0|0|0|0|0|0|0|0|0|0|0|0|0|0|0|0|0|0|0|0|0|0|0|0|0|0|0|0|0|0|0|0|0|0|0|0|0|0|0|0|0|0|0|0|0|0|0|0|0|0|0|0|0|0|0|0|0|0|0|0|0|0|0|0|0|0|0|0|0|0|0|0|0|0|0|0|0|0|0|0|0|0|0|0|0|0|0|0|0|0|0|0|0
DHCST|NY|000|05|0213644|69|69|69|0|0|69|35|16|0|3|0|11|4|69|51|18|69|51|28|16|0|3|0|0|4|18|7|0|0|0|0|11|0|73|39|16|0|3|0|15|73|55|32|16|0|3|0|4|18|7|0|0|0|0|11|69|65|35|16|0|3|0|11|4|4|0|0|0|0|4|0|0|0|0|0|0|0|0|0|0|0|0|0|0|0|0|0|0|0|0|0|0|0|0|0|0|0|0|0|0|0|0|0|0|0|0|0|0|0|0|0|0|0|0|0|0|0|0|0|0|0|0|0|0|0|0|69|18|51|47|28|16|0|3|0|0|4|4|0|0|0|0|4|0|0|0|0|0|0|0|0|0|0|0|0|0|0|0|0|0|0|0|0|0|0|0|0|0|0|0|0|0|0|0|0|0|0|0|0|0|0|0|0|0|0|0|0|0|0|0|0|0|0|0|0|0|0|0|0
DHCST|NY|000|05|0213645|29|29|29|0|0|29|17|6|0|0|0|2|4|29|25|4|29|25|17|3|0|0|0|2|3|4|0|3|0|0|0|0|1|33|20|7|0|3|0|3|33|28|19|4|0|3|0|2|5|1|3|0|0|0|1|29|25|17|6|0|0|0|2|4|4|0|0|2|0|1|0|1|0|0|0|0|0|0|0|0|0|0|0|0|0|0|0|0|0|0|0|0|0|0|0|0|0|0|0|0|0|0|0|0|0|0|0|0|0|0|0|0|0|0|0|0|0|0|0|0|0|0|0|0|0|0|29|4|25|22|17|3|0|0|0|2|3|3|0|0|2|0|0|0|1|0|0|0|0|0|0|0|0|0|0|0|0|0|0|0|0|0|0|0|0|0|0|0|0|0|0|0|0|0|0|0|0|0|0|0|0|0|0|0|0|0|0|0|0|0|0|0|0|0|0|0|0|0|0
DHCST|NY|000|05|0213646|18|18|18|0|0|18|5|6|0|0|0|5|2|18|13|5|18|13|5|6|0|0|0|0|2|5|0|0|0|0|0|5|0|20|7|6|1|0|0|6|20|15|7|6|1|0|0|1|5|0|0|0|0|0|5|18|16|5|6|0|0|0|5|2|2|0|1|0|0|1|0|0|0|0|0|0|0|0|0|0|0|0|0|0|0|0|0|0|0|0|0|0|0|0|0|0|0|0|0|0|0|0|0|0|0|0|0|0|0|0|0|0|0|0|0|0|0|0|0|0|0|0|0|0|0|0|18|5|13|11|5|6|0|0|0|0|2|2|0|1|0|0|1|0|0|0|0|0|0|0|0|0|0|0|0|0|0|0|0|0|0|0|0|0|0|0|0|0|0|0|0|0|0|0|0|0|0|0|0|0|0|0|0|0|0|0|0|0|0|0|0|0|0|0|0|0|0|0|0
DHCST|NY|000|05|0213647|93|93|93|0|0|93|50|27|0|4|0|11|1|93|78|15|93|78|48|26|0|4|0|0|0|15|2|1|0|0|0|11|1|94|51|27|0|4|0|12|94|78|48|26|0|4|0|0|16|3|1|0|0|0|12|93|92|50|27|0|4|0|11|1|1|0|0|0|0|1|0|0|0|0|0|0|0|0|0|0|0|0|0|0|0|0|0|0|0|0|0|0|0|0|0|0|0|0|0|0|0|0|0|0|0|0|0|0|0|0|0|0|0|0|0|0|0|0|0|0|0|0|0|0|0|0|93|15|78|78|48|26|0|4|0|0|0|0|0|0|0|0|0|0|0|0|0|0|0|0|0|0|0|0|0|0|0|0|0|0|0|0|0|0|0|0|0|0|0|0|0|0|0|0|0|0|0|0|0|0|0|0|0|0|0|0|0|0|0|0|0|0|0|0|0|0|0|0|0
DHCST|NY|000|05|0213648|0|0|0|0|0|0|0|0|0|0|0|0|0|0|0|0|0|0|0|0|0|0|0|0|0|0|0|0|0|0|0|0|0|0|0|0|0|0|0|0|0|0|0|0|0|0|0|0|0|0|0|0|0|0|0|0|0|0|0|0|0|0|0|0|0|0|0|0|0|0|0|0|0|0|0|0|0|0|0|0|0|0|0|0|0|0|0|0|0|0|0|0|0|0|0|0|0|0|0|0|0|0|0|0|0|0|0|0|0|0|0|0|0|0|0|0|0|0|0|0|0|0|0|0|0|0|0|0|0|0|0|0|0|0|0|0|0|0|0|0|0|0|0|0|0|0|0|0|0|0|0|0|0|0|0|0|0|0|0|0|0|0|0|0|0|0|0|0|0|0|0|0|0|0|0|0|0|0|0|0|0|0|0|0|0|0|0|0|0|0|0|0|0|0|0|0|0|0|0
DHCST|NY|000|05|0213649|108|108|108|0|0|108|92|5|0|5|0|3|3|108|101|7|108|101|92|4|0|5|0|0|0|7|0|1|0|0|0|3|3|111|95|5|2|5|0|4|111|101|92|4|0|5|0|0|10|3|1|2|0|0|4|108|105|92|5|0|5|0|3|3|3|0|2|0|0|1|0|0|0|0|0|0|0|0|0|0|0|0|0|0|0|0|0|0|0|0|0|0|0|0|0|0|0|0|0|0|0|0|0|0|0|0|0|0|0|0|0|0|0|0|0|0|0|0|0|0|0|0|0|0|0|0|108|7|101|101|92|4|0|5|0|0|0|0|0|0|0|0|0|0|0|0|0|0|0|0|0|0|0|0|0|0|0|0|0|0|0|0|0|0|0|0|0|0|0|0|0|0|0|0|0|0|0|0|0|0|0|0|0|0|0|0|0|0|0|0|0|0|0|0|0|0|0|0|0
DHCST|NY|000|05|0213650|259|259|259|0|0|259|192|31|0|10|0|17|9|259|231|28|259|231|183|31|0|10|0|0|7|28|9|0|0|0|0|17|2|269|199|32|6|12|0|20|269|239|188|32|6|12|0|1|30|11|0|0|0|0|19|259|250|192|31|0|10|0|17|9|8|0|3|0|0|3|0|0|0|0|2|0|0|0|0|0|1|1|0|0|0|0|0|0|0|0|0|0|0|0|0|0|0|0|0|0|0|0|0|0|0|0|0|0|0|0|0|0|0|0|0|0|0|0|0|0|0|0|0|0|0|0|259|28|231|224|183|31|0|10|0|0|7|6|0|3|0|0|1|0|0|0|0|2|0|0|0|0|0|1|1|0|0|0|0|0|0|0|0|0|0|0|0|0|0|0|0|0|0|0|0|0|0|0|0|0|0|0|0|0|0|0|0|0|0|0|0|0|0|0|0|0|0|0|0
DHCST|NY|000|05|0213651|269|269|269|0|0|269|207|24|0|6|0|25|7|269|239|30|269|239|201|24|0|6|0|1|7|30|6|0|0|0|0|24|0|276|214|24|0|13|0|25|276|246|208|24|0|13|0|1|30|6|0|0|0|0|24|269|262|207|24|0|6|0|25|7|7|0|0|7|0|0|0|0|0|0|0|0|0|0|0|0|0|0|0|0|0|0|0|0|0|0|0|0|0|0|0|0|0|0|0|0|0|0|0|0|0|0|0|0|0|0|0|0|0|0|0|0|0|0|0|0|0|0|0|0|0|0|269|30|239|232|201|24|0|6|0|1|7|7|0|0|7|0|0|0|0|0|0|0|0|0|0|0|0|0|0|0|0|0|0|0|0|0|0|0|0|0|0|0|0|0|0|0|0|0|0|0|0|0|0|0|0|0|0|0|0|0|0|0|0|0|0|0|0|0|0|0|0|0|0
DHCST|NY|000|05|0213652|684|684|684|0|0|684|502|72|0|36|0|48|26|684|610|74|684|610|485|70|0|36|0|0|19|74|17|2|0|0|0|48|7|718|527|92|8|36|0|55|718|637|504|89|8|36|0|0|81|23|3|0|0|0|55|684|658|502|72|0|36|0|48|26|18|11|0|0|0|6|0|0|0|1|0|0|0|0|0|0|8|8|0|0|0|0|0|0|0|0|0|0|0|0|0|0|0|0|0|0|0|0|0|0|0|0|0|0|0|0|0|0|0|0|0|0|0|0|0|0|0|0|0|0|0|0|684|74|610|591|485|70|0|36|0|0|19|11|11|0|0|0|0|0|0|0|0|0|0|0|0|0|0|8|8|0|0|0|0|0|0|0|0|0|0|0|0|0|0|0|0|0|0|0|0|0|0|0|0|0|0|0|0|0|0|0|0|0|0|0|0|0|0|0|0|0|0|0|0
DHCST|NY|000|05|0213653|487|487|487|0|0|487|361|46|0|38|0|29|13|487|422|65|487|422|337|46|0|38|0|0|1|65|24|0|0|0|0|29|12|500|374|46|0|39|0|41|500|423|338|46|0|39|0|0|77|36|0|0|0|0|41|487|474|361|46|0|38|0|29|13|13|0|0|1|0|12|0|0|0|0|0|0|0|0|0|0|0|0|0|0|0|0|0|0|0|0|0|0|0|0|0|0|0|0|0|0|0|0|0|0|0|0|0|0|0|0|0|0|0|0|0|0|0|0|0|0|0|0|0|0|0|0|487|65|422|421|337|46|0|38|0|0|1|1|0|0|1|0|0|0|0|0|0|0|0|0|0|0|0|0|0|0|0|0|0|0|0|0|0|0|0|0|0|0|0|0|0|0|0|0|0|0|0|0|0|0|0|0|0|0|0|0|0|0|0|0|0|0|0|0|0|0|0|0|0
DHCST|NY|000|05|0213654|0|0|0|0|0|0|0|0|0|0|0|0|0|0|0|0|0|0|0|0|0|0|0|0|0|0|0|0|0|0|0|0|0|0|0|0|0|0|0|0|0|0|0|0|0|0|0|0|0|0|0|0|0|0|0|0|0|0|0|0|0|0|0|0|0|0|0|0|0|0|0|0|0|0|0|0|0|0|0|0|0|0|0|0|0|0|0|0|0|0|0|0|0|0|0|0|0|0|0|0|0|0|0|0|0|0|0|0|0|0|0|0|0|0|0|0|0|0|0|0|0|0|0|0|0|0|0|0|0|0|0|0|0|0|0|0|0|0|0|0|0|0|0|0|0|0|0|0|0|0|0|0|0|0|0|0|0|0|0|0|0|0|0|0|0|0|0|0|0|0|0|0|0|0|0|0|0|0|0|0|0|0|0|0|0|0|0|0|0|0|0|0|0|0|0|0|0|0|0
DHCST|NY|000|05|0213655|170|170|170|0|0|170|113|16|0|28|0|2|11|170|157|13|170|157|108|15|0|28|0|0|6|13|5|1|0|0|0|2|5|182|121|24|1|31|0|5|182|164|114|18|1|31|0|0|18|7|6|0|0|0|5|170|159|113|16|0|28|0|2|11|10|5|0|2|0|0|0|0|0|3|0|0|0|0|0|0|1|0|0|0|0|1|0|0|0|0|0|0|0|0|0|0|0|0|0|0|0|0|0|0|0|0|0|0|0|0|0|0|0|0|0|0|0|0|0|0|0|0|0|0|0|0|170|13|157|151|108|15|0|28|0|0|6|5|3|0|2|0|0|0|0|0|0|0|0|0|0|0|0|1|0|0|0|0|1|0|0|0|0|0|0|0|0|0|0|0|0|0|0|0|0|0|0|0|0|0|0|0|0|0|0|0|0|0|0|0|0|0|0|0|0|0|0|0|0
DHCST|NY|000|05|0213656|188|188|188|0|0|188|138|15|0|23|0|8|4|188|177|11|188|177|135|14|0|23|0|4|1|11|3|1|0|0|0|4|3|193|141|19|1|23|0|9|193|179|136|15|1|23|0|4|14|5|4|0|0|0|5|188|184|138|15|0|23|0|8|4|3|2|0|0|0|0|0|0|0|1|0|0|0|0|0|0|1|1|0|0|0|0|0|0|0|0|0|0|0|0|0|0|0|0|0|0|0|0|0|0|0|0|0|0|0|0|0|0|0|0|0|0|0|0|0|0|0|0|0|0|0|0|188|11|177|176|135|14|0|23|0|4|1|0|0|0|0|0|0|0|0|0|0|0|0|0|0|0|0|1|1|0|0|0|0|0|0|0|0|0|0|0|0|0|0|0|0|0|0|0|0|0|0|0|0|0|0|0|0|0|0|0|0|0|0|0|0|0|0|0|0|0|0|0|0
DHCST|NY|000|05|0213657|268|268|268|0|0|268|145|55|1|43|0|8|16|268|241|27|268|241|138|54|1|43|0|0|5|27|7|1|0|0|0|8|11|284|161|56|2|47|0|18|284|246|143|54|1|47|0|1|38|18|2|1|0|0|17|268|252|145|55|1|43|0|8|16|16|1|1|4|0|10|0|0|0|0|0|0|0|0|0|0|0|0|0|0|0|0|0|0|0|0|0|0|0|0|0|0|0|0|0|0|0|0|0|0|0|0|0|0|0|0|0|0|0|0|0|0|0|0|0|0|0|0|0|0|0|0|268|27|241|236|138|54|1|43|0|0|5|5|0|0|4|0|1|0|0|0|0|0|0|0|0|0|0|0|0|0|0|0|0|0|0|0|0|0|0|0|0|0|0|0|0|0|0|0|0|0|0|0|0|0|0|0|0|0|0|0|0|0|0|0|0|0|0|0|0|0|0|0|0
DHCST|NY|000|05|0213658|224|224|224|0|0|224|83|103|1|20|0|11|6|224|205|19|224|205|79|100|1|20|0|2|3|19|4|3|0|0|0|9|3|230|88|103|3|20|1|15|230|208|81|100|2|20|1|4|22|7|3|1|0|0|11|224|218|83|103|1|20|0|11|6|6|0|1|0|0|4|0|0|0|0|0|1|0|0|0|0|0|0|0|0|0|0|0|0|0|0|0|0|0|0|0|0|0|0|0|0|0|0|0|0|0|0|0|0|0|0|0|0|0|0|0|0|0|0|0|0|0|0|0|0|0|0|224|19|205|202|79|100|1|20|0|2|3|3|0|0|0|0|2|0|0|0|0|0|1|0|0|0|0|0|0|0|0|0|0|0|0|0|0|0|0|0|0|0|0|0|0|0|0|0|0|0|0|0|0|0|0|0|0|0|0|0|0|0|0|0|0|0|0|0|0|0|0|0|0
DHCST|NY|000|05|0213659|0|0|0|0|0|0|0|0|0|0|0|0|0|0|0|0|0|0|0|0|0|0|0|0|0|0|0|0|0|0|0|0|0|0|0|0|0|0|0|0|0|0|0|0|0|0|0|0|0|0|0|0|0|0|0|0|0|0|0|0|0|0|0|0|0|0|0|0|0|0|0|0|0|0|0|0|0|0|0|0|0|0|0|0|0|0|0|0|0|0|0|0|0|0|0|0|0|0|0|0|0|0|0|0|0|0|0|0|0|0|0|0|0|0|0|0|0|0|0|0|0|0|0|0|0|0|0|0|0|0|0|0|0|0|0|0|0|0|0|0|0|0|0|0|0|0|0|0|0|0|0|0|0|0|0|0|0|0|0|0|0|0|0|0|0|0|0|0|0|0|0|0|0|0|0|0|0|0|0|0|0|0|0|0|0|0|0|0|0|0|0|0|0|0|0|0|0|0|0
DHCST|NY|000|05|0213660|0|0|0|0|0|0|0|0|0|0|0|0|0|0|0|0|0|0|0|0|0|0|0|0|0|0|0|0|0|0|0|0|0|0|0|0|0|0|0|0|0|0|0|0|0|0|0|0|0|0|0|0|0|0|0|0|0|0|0|0|0|0|0|0|0|0|0|0|0|0|0|0|0|0|0|0|0|0|0|0|0|0|0|0|0|0|0|0|0|0|0|0|0|0|0|0|0|0|0|0|0|0|0|0|0|0|0|0|0|0|0|0|0|0|0|0|0|0|0|0|0|0|0|0|0|0|0|0|0|0|0|0|0|0|0|0|0|0|0|0|0|0|0|0|0|0|0|0|0|0|0|0|0|0|0|0|0|0|0|0|0|0|0|0|0|0|0|0|0|0|0|0|0|0|0|0|0|0|0|0|0|0|0|0|0|0|0|0|0|0|0|0|0|0|0|0|0|0|0
DHCST|NY|000|05|0213661|0|0|0|0|0|0|0|0|0|0|0|0|0|0|0|0|0|0|0|0|0|0|0|0|0|0|0|0|0|0|0|0|0|0|0|0|0|0|0|0|0|0|0|0|0|0|0|0|0|0|0|0|0|0|0|0|0|0|0|0|0|0|0|0|0|0|0|0|0|0|0|0|0|0|0|0|0|0|0|0|0|0|0|0|0|0|0|0|0|0|0|0|0|0|0|0|0|0|0|0|0|0|0|0|0|0|0|0|0|0|0|0|0|0|0|0|0|0|0|0|0|0|0|0|0|0|0|0|0|0|0|0|0|0|0|0|0|0|0|0|0|0|0|0|0|0|0|0|0|0|0|0|0|0|0|0|0|0|0|0|0|0|0|0|0|0|0|0|0|0|0|0|0|0|0|0|0|0|0|0|0|0|0|0|0|0|0|0|0|0|0|0|0|0|0|0|0|0|0
DHCST|NY|000|05|0213662|0|0|0|0|0|0|0|0|0|0|0|0|0|0|0|0|0|0|0|0|0|0|0|0|0|0|0|0|0|0|0|0|0|0|0|0|0|0|0|0|0|0|0|0|0|0|0|0|0|0|0|0|0|0|0|0|0|0|0|0|0|0|0|0|0|0|0|0|0|0|0|0|0|0|0|0|0|0|0|0|0|0|0|0|0|0|0|0|0|0|0|0|0|0|0|0|0|0|0|0|0|0|0|0|0|0|0|0|0|0|0|0|0|0|0|0|0|0|0|0|0|0|0|0|0|0|0|0|0|0|0|0|0|0|0|0|0|0|0|0|0|0|0|0|0|0|0|0|0|0|0|0|0|0|0|0|0|0|0|0|0|0|0|0|0|0|0|0|0|0|0|0|0|0|0|0|0|0|0|0|0|0|0|0|0|0|0|0|0|0|0|0|0|0|0|0|0|0|0
DHCST|NY|000|05|0213663|0|0|0|0|0|0|0|0|0|0|0|0|0|0|0|0|0|0|0|0|0|0|0|0|0|0|0|0|0|0|0|0|0|0|0|0|0|0|0|0|0|0|0|0|0|0|0|0|0|0|0|0|0|0|0|0|0|0|0|0|0|0|0|0|0|0|0|0|0|0|0|0|0|0|0|0|0|0|0|0|0|0|0|0|0|0|0|0|0|0|0|0|0|0|0|0|0|0|0|0|0|0|0|0|0|0|0|0|0|0|0|0|0|0|0|0|0|0|0|0|0|0|0|0|0|0|0|0|0|0|0|0|0|0|0|0|0|0|0|0|0|0|0|0|0|0|0|0|0|0|0|0|0|0|0|0|0|0|0|0|0|0|0|0|0|0|0|0|0|0|0|0|0|0|0|0|0|0|0|0|0|0|0|0|0|0|0|0|0|0|0|0|0|0|0|0|0|0|0
DHCST|NY|000|05|0213664|0|0|0|0|0|0|0|0|0|0|0|0|0|0|0|0|0|0|0|0|0|0|0|0|0|0|0|0|0|0|0|0|0|0|0|0|0|0|0|0|0|0|0|0|0|0|0|0|0|0|0|0|0|0|0|0|0|0|0|0|0|0|0|0|0|0|0|0|0|0|0|0|0|0|0|0|0|0|0|0|0|0|0|0|0|0|0|0|0|0|0|0|0|0|0|0|0|0|0|0|0|0|0|0|0|0|0|0|0|0|0|0|0|0|0|0|0|0|0|0|0|0|0|0|0|0|0|0|0|0|0|0|0|0|0|0|0|0|0|0|0|0|0|0|0|0|0|0|0|0|0|0|0|0|0|0|0|0|0|0|0|0|0|0|0|0|0|0|0|0|0|0|0|0|0|0|0|0|0|0|0|0|0|0|0|0|0|0|0|0|0|0|0|0|0|0|0|0|0
DHCST|NY|000|05|0213665|0|0|0|0|0|0|0|0|0|0|0|0|0|0|0|0|0|0|0|0|0|0|0|0|0|0|0|0|0|0|0|0|0|0|0|0|0|0|0|0|0|0|0|0|0|0|0|0|0|0|0|0|0|0|0|0|0|0|0|0|0|0|0|0|0|0|0|0|0|0|0|0|0|0|0|0|0|0|0|0|0|0|0|0|0|0|0|0|0|0|0|0|0|0|0|0|0|0|0|0|0|0|0|0|0|0|0|0|0|0|0|0|0|0|0|0|0|0|0|0|0|0|0|0|0|0|0|0|0|0|0|0|0|0|0|0|0|0|0|0|0|0|0|0|0|0|0|0|0|0|0|0|0|0|0|0|0|0|0|0|0|0|0|0|0|0|0|0|0|0|0|0|0|0|0|0|0|0|0|0|0|0|0|0|0|0|0|0|0|0|0|0|0|0|0|0|0|0|0
DHCST|NY|000|05|0213666|0|0|0|0|0|0|0|0|0|0|0|0|0|0|0|0|0|0|0|0|0|0|0|0|0|0|0|0|0|0|0|0|0|0|0|0|0|0|0|0|0|0|0|0|0|0|0|0|0|0|0|0|0|0|0|0|0|0|0|0|0|0|0|0|0|0|0|0|0|0|0|0|0|0|0|0|0|0|0|0|0|0|0|0|0|0|0|0|0|0|0|0|0|0|0|0|0|0|0|0|0|0|0|0|0|0|0|0|0|0|0|0|0|0|0|0|0|0|0|0|0|0|0|0|0|0|0|0|0|0|0|0|0|0|0|0|0|0|0|0|0|0|0|0|0|0|0|0|0|0|0|0|0|0|0|0|0|0|0|0|0|0|0|0|0|0|0|0|0|0|0|0|0|0|0|0|0|0|0|0|0|0|0|0|0|0|0|0|0|0|0|0|0|0|0|0|0|0|0
DHCST|NY|000|05|0213667|0|0|0|0|0|0|0|0|0|0|0|0|0|0|0|0|0|0|0|0|0|0|0|0|0|0|0|0|0|0|0|0|0|0|0|0|0|0|0|0|0|0|0|0|0|0|0|0|0|0|0|0|0|0|0|0|0|0|0|0|0|0|0|0|0|0|0|0|0|0|0|0|0|0|0|0|0|0|0|0|0|0|0|0|0|0|0|0|0|0|0|0|0|0|0|0|0|0|0|0|0|0|0|0|0|0|0|0|0|0|0|0|0|0|0|0|0|0|0|0|0|0|0|0|0|0|0|0|0|0|0|0|0|0|0|0|0|0|0|0|0|0|0|0|0|0|0|0|0|0|0|0|0|0|0|0|0|0|0|0|0|0|0|0|0|0|0|0|0|0|0|0|0|0|0|0|0|0|0|0|0|0|0|0|0|0|0|0|0|0|0|0|0|0|0|0|0|0|0
DHCST|NY|000|05|0213668|216|216|216|0|0|216|131|37|0|12|0|18|18|216|169|47|216|169|117|34|0|12|0|0|6|47|14|3|0|0|0|18|12|234|145|45|3|14|0|27|234|175|120|36|3|14|0|2|59|25|9|0|0|0|25|216|198|131|37|0|12|0|18|18|18|7|0|0|0|7|0|0|0|1|2|0|1|0|0|0|0|0|0|0|0|0|0|0|0|0|0|0|0|0|0|0|0|0|0|0|0|0|0|0|0|0|0|0|0|0|0|0|0|0|0|0|0|0|0|0|0|0|0|0|0|0|216|47|169|163|117|34|0|12|0|0|6|6|2|0|0|0|1|0|0|0|0|2|0|1|0|0|0|0|0|0|0|0|0|0|0|0|0|0|0|0|0|0|0|0|0|0|0|0|0|0|0|0|0|0|0|0|0|0|0|0|0|0|0|0|0|0|0|0|0|0|0|0|0
DHCST|NY|000|05|0213669|118|118|118|0|0|118|72|18|0|6|0|16|6|118|90|28|118|90|63|17|0|6|0|0|4|28|9|1|0|0|0|16|2|124|78|18|0|7|1|20|124|94|67|17|0|7|1|2|30|11|1|0|0|0|18|118|112|72|18|0|6|0|16|6|6|0|0|1|1|4|0|0|0|0|0|0|0|0|0|0|0|0|0|0|0|0|0|0|0|0|0|0|0|0|0|0|0|0|0|0|0|0|0|0|0|0|0|0|0|0|0|0|0|0|0|0|0|0|0|0|0|0|0|0|0|0|118|28|90|86|63|17|0|6|0|0|4|4|0|0|1|1|2|0|0|0|0|0|0|0|0|0|0|0|0|0|0|0|0|0|0|0|0|0|0|0|0|0|0|0|0|0|0|0|0|0|0|0|0|0|0|0|0|0|0|0|0|0|0|0|0|0|0|0|0|0|0|0|0
DHCST|NY|000|05|0213670|9|9|9|0|0|9|0|1|0|0|0|0|8|9|6|3|9|6|0|1|0|0|0|0|5|3|0|0|0|0|0|0|3|18|8|2|1|3|0|4|18|12|5|2|1|3|0|1|6|3|0|0|0|0|3|9|1|0|1|0|0|0|0|8|7|0|0|3|0|4|0|0|0|0|0|0|0|0|0|0|1|1|0|0|0|0|0|0|0|0|0|0|0|0|0|0|0|0|0|0|0|0|0|0|0|0|0|0|0|0|0|0|0|0|0|0|0|0|0|0|0|0|0|0|0|0|9|3|6|1|0|1|0|0|0|0|5|4|0|0|3|0|1|0|0|0|0|0|0|0|0|0|0|1|1|0|0|0|0|0|0|0|0|0|0|0|0|0|0|0|0|0|0|0|0|0|0|0|0|0|0|0|0|0|0|0|0|0|0|0|0|0|0|0|0|0|0|0|0
DHCST|NY|000|05|0213671|1090|1090|1090|0|0|1090|789|93|0|100|0|31|77|1090|1001|89|1090|1001|769|73|0|100|0|0|59|89|20|20|0|0|0|31|18|1167|864|104|8|112|0|79|1167|1060|826|84|8|112|0|30|107|38|20|0|0|0|49|1090|1013|789|93|0|100|0|31|77|77|11|6|10|0|48|0|0|0|0|2|0|0|0|0|0|0|0|0|0|0|0|0|0|0|0|0|0|0|0|0|0|0|0|0|0|0|0|0|0|0|0|0|0|0|0|0|0|0|0|0|0|0|0|0|0|0|0|0|0|0|0|1090|89|1001|942|769|73|0|100|0|0|59|59|11|6|10|0|30|0|0|0|0|2|0|0|0|0|0|0|0|0|0|0|0|0|0|0|0|0|0|0|0|0|0|0|0|0|0|0|0|0|0|0|0|0|0|0|0|0|0|0|0|0|0|0|0|0|0|0|0|0|0|0|0
DHCST|NY|000|05|0213672|505|505|505|0|0|505|370|28|0|39|0|22|46|505|455|50|505|455|363|21|0|39|0|4|28|50|7|7|0|0|0|18|18|553|416|40|2|47|0|48|553|485|391|33|2|47|0|12|68|25|7|0|0|0|36|505|459|370|28|0|39|0|22|46|44|10|0|8|0|26|0|0|0|0|0|0|0|0|0|0|2|2|0|0|0|0|0|0|0|0|0|0|0|0|0|0|0|0|0|0|0|0|0|0|0|0|0|0|0|0|0|0|0|0|0|0|0|0|0|0|0|0|0|0|0|0|505|50|455|427|363|21|0|39|0|4|28|26|10|0|8|0|8|0|0|0|0|0|0|0|0|0|0|2|2|0|0|0|0|0|0|0|0|0|0|0|0|0|0|0|0|0|0|0|0|0|0|0|0|0|0|0|0|0|0|0|0|0|0|0|0|0|0|0|0|0|0|0|0
DHCST|NY|000|05|0213673|11|11|11|0|0|11|1|0|0|1|0|1|8|11|5|6|11|5|0|0|0|1|0|1|3|6|1|0|0|0|0|0|5|21|6|7|3|2|0|3|21|8|0|2|3|2|0|1|13|6|5|0|0|0|2|11|3|1|0|0|1|0|1|8|6|3|0|0|0|0|2|0|0|0|1|0|0|0|0|0|2|0|0|0|2|0|0|0|0|0|0|0|0|0|0|0|0|0|0|0|0|0|0|0|0|0|0|0|0|0|0|0|0|0|0|0|0|0|0|0|0|0|0|0|0|0|11|6|5|2|0|0|0|1|0|1|3|3|0|0|0|0|0|2|0|0|0|1|0|0|0|0|0|0|0|0|0|0|0|0|0|0|0|0|0|0|0|0|0|0|0|0|0|0|0|0|0|0|0|0|0|0|0|0|0|0|0|0|0|0|0|0|0|0|0|0|0|0|0
DHCST|NY|000|05|0213674|415|415|415|0|0|415|304|49|0|22|1|31|8|415|368|47|415|368|287|49|0|22|1|3|6|47|17|0|0|0|0|28|2|423|312|51|4|22|1|33|423|374|293|49|4|22|1|5|49|19|2|0|0|0|28|415|407|304|49|0|22|1|31|8|8|2|4|0|0|2|0|0|0|0|0|0|0|0|0|0|0|0|0|0|0|0|0|0|0|0|0|0|0|0|0|0|0|0|0|0|0|0|0|0|0|0|0|0|0|0|0|0|0|0|0|0|0|0|0|0|0|0|0|0|0|0|415|47|368|362|287|49|0|22|1|3|6|6|0|4|0|0|2|0|0|0|0|0|0|0|0|0|0|0|0|0|0|0|0|0|0|0|0|0|0|0|0|0|0|0|0|0|0|0|0|0|0|0|0|0|0|0|0|0|0|0|0|0|0|0|0|0|0|0|0|0|0|0|0
DHCST|NY|000|05|0213675|0|0|0|0|0|0|0|0|0|0|0|0|0|0|0|0|0|0|0|0|0|0|0|0|0|0|0|0|0|0|0|0|0|0|0|0|0|0|0|0|0|0|0|0|0|0|0|0|0|0|0|0|0|0|0|0|0|0|0|0|0|0|0|0|0|0|0|0|0|0|0|0|0|0|0|0|0|0|0|0|0|0|0|0|0|0|0|0|0|0|0|0|0|0|0|0|0|0|0|0|0|0|0|0|0|0|0|0|0|0|0|0|0|0|0|0|0|0|0|0|0|0|0|0|0|0|0|0|0|0|0|0|0|0|0|0|0|0|0|0|0|0|0|0|0|0|0|0|0|0|0|0|0|0|0|0|0|0|0|0|0|0|0|0|0|0|0|0|0|0|0|0|0|0|0|0|0|0|0|0|0|0|0|0|0|0|0|0|0|0|0|0|0|0|0|0|0|0|0
DHCST|NY|000|05|0213676|0|0|0|0|0|0|0|0|0|0|0|0|0|0|0|0|0|0|0|0|0|0|0|0|0|0|0|0|0|0|0|0|0|0|0|0|0|0|0|0|0|0|0|0|0|0|0|0|0|0|0|0|0|0|0|0|0|0|0|0|0|0|0|0|0|0|0|0|0|0|0|0|0|0|0|0|0|0|0|0|0|0|0|0|0|0|0|0|0|0|0|0|0|0|0|0|0|0|0|0|0|0|0|0|0|0|0|0|0|0|0|0|0|0|0|0|0|0|0|0|0|0|0|0|0|0|0|0|0|0|0|0|0|0|0|0|0|0|0|0|0|0|0|0|0|0|0|0|0|0|0|0|0|0|0|0|0|0|0|0|0|0|0|0|0|0|0|0|0|0|0|0|0|0|0|0|0|0|0|0|0|0|0|0|0|0|0|0|0|0|0|0|0|0|0|0|0|0|0
DHCST|NY|000|05|0213677|0|0|0|0|0|0|0|0|0|0|0|0|0|0|0|0|0|0|0|0|0|0|0|0|0|0|0|0|0|0|0|0|0|0|0|0|0|0|0|0|0|0|0|0|0|0|0|0|0|0|0|0|0|0|0|0|0|0|0|0|0|0|0|0|0|0|0|0|0|0|0|0|0|0|0|0|0|0|0|0|0|0|0|0|0|0|0|0|0|0|0|0|0|0|0|0|0|0|0|0|0|0|0|0|0|0|0|0|0|0|0|0|0|0|0|0|0|0|0|0|0|0|0|0|0|0|0|0|0|0|0|0|0|0|0|0|0|0|0|0|0|0|0|0|0|0|0|0|0|0|0|0|0|0|0|0|0|0|0|0|0|0|0|0|0|0|0|0|0|0|0|0|0|0|0|0|0|0|0|0|0|0|0|0|0|0|0|0|0|0|0|0|0|0|0|0|0|0|0
DHCST|NY|000|05|0213678|986|986|986|0|0|986|741|81|0|72|1|28|63|986|905|81|986|905|718|63|0|72|1|0|51|81|23|18|0|0|0|28|12|1049|803|97|2|85|1|61|1049|956|769|78|0|85|1|23|93|34|19|2|0|0|38|986|923|741|81|0|72|1|28|63|63|15|1|13|0|33|1|0|0|0|0|0|0|0|0|0|0|0|0|0|0|0|0|0|0|0|0|0|0|0|0|0|0|0|0|0|0|0|0|0|0|0|0|0|0|0|0|0|0|0|0|0|0|0|0|0|0|0|0|0|0|0|986|81|905|854|718|63|0|72|1|0|51|51|15|0|13|0|23|0|0|0|0|0|0|0|0|0|0|0|0|0|0|0|0|0|0|0|0|0|0|0|0|0|0|0|0|0|0|0|0|0|0|0|0|0|0|0|0|0|0|0|0|0|0|0|0|0|0|0|0|0|0|0|0
DHCST|NY|000|05|0213679|219|219|219|0|0|219|119|15|0|60|0|7|18|219|208|11|219|208|119|15|0|60|0|0|14|11|0|0|0|0|0|7|4|237|134|31|0|60|0|12|237|222|133|28|0|60|0|1|15|1|3|0|0|0|11|219|201|119|15|0|60|0|7|18|18|13|0|0|0|2|0|0|0|3|0|0|0|0|0|0|0|0|0|0|0|0|0|0|0|0|0|0|0|0|0|0|0|0|0|0|0|0|0|0|0|0|0|0|0|0|0|0|0|0|0|0|0|0|0|0|0|0|0|0|0|0|219|11|208|194|119|15|0|60|0|0|14|14|13|0|0|0|1|0|0|0|0|0|0|0|0|0|0|0|0|0|0|0|0|0|0|0|0|0|0|0|0|0|0|0|0|0|0|0|0|0|0|0|0|0|0|0|0|0|0|0|0|0|0|0|0|0|0|0|0|0|0|0|0
DHCST|NY|000|05|0213680|244|244|244|0|0|244|190|1|0|38|0|5|10|244|228|16|244|228|183|0|0|38|0|3|4|16|7|1|0|0|0|2|6|254|200|1|3|38|0|12|254|232|187|0|3|38|0|4|22|13|1|0|0|0|8|244|234|190|1|0|38|0|5|10|10|0|3|0|0|7|0|0|0|0|0|0|0|0|0|0|0|0|0|0|0|0|0|0|0|0|0|0|0|0|0|0|0|0|0|0|0|0|0|0|0|0|0|0|0|0|0|0|0|0|0|0|0|0|0|0|0|0|0|0|0|0|244|16|228|224|183|0|0|38|0|3|4|4|0|3|0|0|1|0|0|0|0|0|0|0|0|0|0|0|0|0|0|0|0|0|0|0|0|0|0|0|0|0|0|0|0|0|0|0|0|0|0|0|0|0|0|0|0|0|0|0|0|0|0|0|0|0|0|0|0|0|0|0|0
DHCST|NY|000|05|0213681|72|72|72|0|0|72|56|8|0|0|0|5|3|72|66|6|72|66|56|8|0|0|0|1|1|6|0|0|0|0|0|4|2|75|59|9|0|0|0|7|75|67|57|8|0|0|0|2|8|2|1|0|0|0|5|72|69|56|8|0|0|0|5|3|3|1|0|0|0|2|0|0|0|0|0|0|0|0|0|0|0|0|0|0|0|0|0|0|0|0|0|0|0|0|0|0|0|0|0|0|0|0|0|0|0|0|0|0|0|0|0|0|0|0|0|0|0|0|0|0|0|0|0|0|0|0|72|6|66|65|56|8|0|0|0|1|1|1|0|0|0|0|1|0|0|0|0|0|0|0|0|0|0|0|0|0|0|0|0|0|0|0|0|0|0|0|0|0|0|0|0|0|0|0|0|0|0|0|0|0|0|0|0|0|0|0|0|0|0|0|0|0|0|0|0|0|0|0|0
DHCST|NY|000|05|0213682|75|75|75|0|0|75|61|0|0|1|0|4|9|75|65|10|75|65|58|0|0|1|0|0|6|10|3|0|0|0|0|4|3|84|69|4|1|3|0|7|84|71|63|4|1|3|0|0|13|6|0|0|0|0|7|75|66|61|0|0|1|0|4|9|9|4|0|1|0|3|0|0|0|0|1|0|0|0|0|0|0|0|0|0|0|0|0|0|0|0|0|0|0|0|0|0|0|0|0|0|0|0|0|0|0|0|0|0|0|0|0|0|0|0|0|0|0|0|0|0|0|0|0|0|0|0|75|10|65|59|58|0|0|1|0|0|6|6|4|0|1|0|0|0|0|0|0|1|0|0|0|0|0|0|0|0|0|0|0|0|0|0|0|0|0|0|0|0|0|0|0|0|0|0|0|0|0|0|0|0|0|0|0|0|0|0|0|0|0|0|0|0|0|0|0|0|0|0|0
DHCST|NY|000|05|0213683|92|92|92|0|0|92|54|6|0|19|0|4|9|92|86|6|92|86|54|6|0|19|0|0|7|6|0|0|0|0|0|4|2|103|61|10|2|19|0|11|103|95|61|8|2|19|0|5|8|0|2|0|0|0|6|92|83|54|6|0|19|0|4|9|7|0|0|0|0|5|0|0|0|2|0|0|0|0|0|0|2|2|0|0|0|0|0|0|0|0|0|0|0|0|0|0|0|0|0|0|0|0|0|0|0|0|0|0|0|0|0|0|0|0|0|0|0|0|0|0|0|0|0|0|0|0|92|6|86|79|54|6|0|19|0|0|7|5|0|0|0|0|5|0|0|0|0|0|0|0|0|0|0|2|2|0|0|0|0|0|0|0|0|0|0|0|0|0|0|0|0|0|0|0|0|0|0|0|0|0|0|0|0|0|0|0|0|0|0|0|0|0|0|0|0|0|0|0|0
DHCST|NY|000|05|0213684|58|58|58|0|0|58|42|3|0|9|0|0|4|58|55|3|58|55|42|2|0|9|0|0|2|3|0|1|0|0|0|0|2|62|46|5|0|9|0|2|62|57|44|4|0|9|0|0|5|2|1|0|0|0|2|58|54|42|3|0|9|0|0|4|4|2|0|0|0|2|0|0|0|0|0|0|0|0|0|0|0|0|0|0|0|0|0|0|0|0|0|0|0|0|0|0|0|0|0|0|0|0|0|0|0|0|0|0|0|0|0|0|0|0|0|0|0|0|0|0|0|0|0|0|0|0|58|3|55|53|42|2|0|9|0|0|2|2|2|0|0|0|0|0|0|0|0|0|0|0|0|0|0|0|0|0|0|0|0|0|0|0|0|0|0|0|0|0|0|0|0|0|0|0|0|0|0|0|0|0|0|0|0|0|0|0|0|0|0|0|0|0|0|0|0|0|0|0|0
DHCST|NY|000|05|0213685|164|164|164|0|0|164|125|9|0|15|0|0|15|164|155|9|164|155|124|9|0|15|0|0|7|9|1|0|0|0|0|0|8|179|140|9|2|18|0|10|179|162|131|9|2|18|0|2|17|9|0|0|0|0|8|164|149|125|9|0|15|0|0|15|15|0|2|3|0|10|0|0|0|0|0|0|0|0|0|0|0|0|0|0|0|0|0|0|0|0|0|0|0|0|0|0|0|0|0|0|0|0|0|0|0|0|0|0|0|0|0|0|0|0|0|0|0|0|0|0|0|0|0|0|0|0|164|9|155|148|124|9|0|15|0|0|7|7|0|2|3|0|2|0|0|0|0|0|0|0|0|0|0|0|0|0|0|0|0|0|0|0|0|0|0|0|0|0|0|0|0|0|0|0|0|0|0|0|0|0|0|0|0|0|0|0|0|0|0|0|0|0|0|0|0|0|0|0|0
DHCST|NY|000|05|0213686|178|178|178|0|0|178|140|1|1|23|0|3|10|178|163|15|178|163|134|1|1|23|0|0|4|15|6|0|0|0|0|3|6|188|149|2|1|27|0|9|188|167|138|1|1|27|0|0|21|11|1|0|0|0|9|178|168|140|1|1|23|0|3|10|10|0|0|4|0|5|0|0|0|1|0|0|0|0|0|0|0|0|0|0|0|0|0|0|0|0|0|0|0|0|0|0|0|0|0|0|0|0|0|0|0|0|0|0|0|0|0|0|0|0|0|0|0|0|0|0|0|0|0|0|0|0|178|15|163|159|134|1|1|23|0|0|4|4|0|0|4|0|0|0|0|0|0|0|0|0|0|0|0|0|0|0|0|0|0|0|0|0|0|0|0|0|0|0|0|0|0|0|0|0|0|0|0|0|0|0|0|0|0|0|0|0|0|0|0|0|0|0|0|0|0|0|0|0|0
DHCST|NY|000|05|0213687|145|145|145|0|0|145|126|2|0|9|0|0|8|145|138|7|145|138|126|2|0|9|0|0|1|7|0|0|0|0|0|0|7|154|133|4|1|9|0|7|154|139|127|3|0|9|0|0|15|6|1|1|0|0|7|145|137|126|2|0|9|0|0|8|7|1|0|0|0|5|0|0|0|1|0|0|0|0|0|0|1|0|0|0|0|0|0|1|0|0|0|0|0|0|0|0|0|0|0|0|0|0|0|0|0|0|0|0|0|0|0|0|0|0|0|0|0|0|0|0|0|0|0|0|0|0|145|7|138|137|126|2|0|9|0|0|1|1|1|0|0|0|0|0|0|0|0|0|0|0|0|0|0|0|0|0|0|0|0|0|0|0|0|0|0|0|0|0|0|0|0|0|0|0|0|0|0|0|0|0|0|0|0|0|0|0|0|0|0|0|0|0|0|0|0|0|0|0|0
DHCST|NY|000|05|0213688|164|164|164|0|0|164|132|4|0|17|0|6|5|164|151|13|164|151|130|4|0|16|0|1|0|13|2|0|0|1|0|5|5|169|137|4|0|17|0|11|169|151|130|4|0|16|0|1|18|7|0|0|1|0|10|164|159|132|4|0|17|0|6|5|5|0|0|0|0|5|0|0|0|0|0|0|0|0|0|0|0|0|0|0|0|0|0|0|0|0|0|0|0|0|0|0|0|0|0|0|0|0|0|0|0|0|0|0|0|0|0|0|0|0|0|0|0|0|0|0|0|0|0|0|0|0|164|13|151|151|130|4|0|16|0|1|0|0|0|0|0|0|0|0|0|0|0|0|0|0|0|0|0|0|0|0|0|0|0|0|0|0|0|0|0|0|0|0|0|0|0|0|0|0|0|0|0|0|0|0|0|0|0|0|0|0|0|0|0|0|0|0|0|0|0|0|0|0|0
DHCST|NY|000|05|0213689|188|188|188|0|0|188|102|13|1|42|0|2|28|188|174|14|188|174|94|13|1|42|0|0|24|14|8|0|0|0|0|2|4|216|130|34|1|45|0|6|216|198|118|34|1|45|0|0|18|12|0|0|0|0|6|188|160|102|13|1|42|0|2|28|28|21|0|3|0|4|0|0|0|0|0|0|0|0|0|0|0|0|0|0|0|0|0|0|0|0|0|0|0|0|0|0|0|0|0|0|0|0|0|0|0|0|0|0|0|0|0|0|0|0|0|0|0|0|0|0|0|0|0|0|0|0|188|14|174|150|94|13|1|42|0|0|24|24|21|0|3|0|0|0|0|0|0|0|0|0|0|0|0|0|0|0|0|0|0|0|0|0|0|0|0|0|0|0|0|0|0|0|0|0|0|0|0|0|0|0|0|0|0|0|0|0|0|0|0|0|0|0|0|0|0|0|0|0|0
DHCST|NY|000|05|0213690|100|100|100|0|0|100|85|7|0|6|0|2|0|100|98|2|100|98|85|7|0|6|0|0|0|2|0|0|0|0|0|2|0|100|85|7|0|6|0|2|100|98|85|7|0|6|0|0|2|0|0|0|0|0|2|100|100|85|7|0|6|0|2|0|0|0|0|0|0|0|0|0|0|0|0|0|0|0|0|0|0|0|0|0|0|0|0|0|0|0|0|0|0|0|0|0|0|0|0|0|0|0|0|0|0|0|0|0|0|0|0|0|0|0|0|0|0|0|0|0|0|0|0|0|0|0|100|2|98|98|85|7|0|6|0|0|0|0|0|0|0|0|0|0|0|0|0|0|0|0|0|0|0|0|0|0|0|0|0|0|0|0|0|0|0|0|0|0|0|0|0|0|0|0|0|0|0|0|0|0|0|0|0|0|0|0|0|0|0|0|0|0|0|0|0|0|0|0|0
DHCST|NY|000|05|0213691|61|61|61|0|0|61|55|0|0|2|0|0|4|61|58|3|61|58|54|0|0|2|0|0|2|3|1|0|0|0|0|0|2|65|59|0|0|2|0|4|65|60|56|0|0|2|0|2|5|3|0|0|0|0|2|61|57|55|0|0|2|0|0|4|4|0|0|0|0|4|0|0|0|0|0|0|0|0|0|0|0|0|0|0|0|0|0|0|0|0|0|0|0|0|0|0|0|0|0|0|0|0|0|0|0|0|0|0|0|0|0|0|0|0|0|0|0|0|0|0|0|0|0|0|0|0|61|3|58|56|54|0|0|2|0|0|2|2|0|0|0|0|2|0|0|0|0|0|0|0|0|0|0|0|0|0|0|0|0|0|0|0|0|0|0|0|0|0|0|0|0|0|0|0|0|0|0|0|0|0|0|0|0|0|0|0|0|0|0|0|0|0|0|0|0|0|0|0|0
DHCST|NY|000|05|0213692|134|134|134|0|0|134|116|4|0|5|0|2|7|134|127|7|134|127|112|4|0|5|0|1|5|7|4|0|0|0|0|1|2|141|122|7|0|8|0|4|141|132|117|6|0|8|0|1|9|5|1|0|0|0|3|134|127|116|4|0|5|0|2|7|7|2|0|3|0|1|0|0|0|1|0|0|0|0|0|0|0|0|0|0|0|0|0|0|0|0|0|0|0|0|0|0|0|0|0|0|0|0|0|0|0|0|0|0|0|0|0|0|0|0|0|0|0|0|0|0|0|0|0|0|0|0|134|7|127|122|112|4|0|5|0|1|5|5|2|0|3|0|0|0|0|0|0|0|0|0|0|0|0|0|0|0|0|0|0|0|0|0|0|0|0|0|0|0|0|0|0|0|0|0|0|0|0|0|0|0|0|0|0|0|0|0|0|0|0|0|0|0|0|0|0|0|0|0|0
DHCST|NY|000|05|0213693|135|135|135|0|0|135|108|3|0|14|0|7|3|135|126|9|135|126|108|3|0|14|0|0|1|9|0|0|0|0|0|7|2|138|111|3|1|14|0|9|138|127|109|3|1|14|0|0|11|2|0|0|0|0|9|135|132|108|3|0|14|0|7|3|3|0|1|0|0|2|0|0|0|0|0|0|0|0|0|0|0|0|0|0|0|0|0|0|0|0|0|0|0|0|0|0|0|0|0|0|0|0|0|0|0|0|0|0|0|0|0|0|0|0|0|0|0|0|0|0|0|0|0|0|0|0|135|9|126|125|108|3|0|14|0|0|1|1|0|1|0|0|0|0|0|0|0|0|0|0|0|0|0|0|0|0|0|0|0|0|0|0|0|0|0|0|0|0|0|0|0|0|0|0|0|0|0|0|0|0|0|0|0|0|0|0|0|0|0|0|0|0|0|0|0|0|0|0|0
DHCST|NY|000|05|0213694|98|98|98|0|0|98|59|10|0|19|0|4|6|98|90|8|98|90|59|10|0|19|0|0|2|8|0|0|0|0|0|4|4|104|65|10|0|21|0|8|104|92|61|10|0|21|0|0|12|4|0|0|0|0|8|98|92|59|10|0|19|0|4|6|6|0|0|2|0|4|0|0|0|0|0|0|0|0|0|0|0|0|0|0|0|0|0|0|0|0|0|0|0|0|0|0|0|0|0|0|0|0|0|0|0|0|0|0|0|0|0|0|0|0|0|0|0|0|0|0|0|0|0|0|0|0|98|8|90|88|59|10|0|19|0|0|2|2|0|0|2|0|0|0|0|0|0|0|0|0|0|0|0|0|0|0|0|0|0|0|0|0|0|0|0|0|0|0|0|0|0|0|0|0|0|0|0|0|0|0|0|0|0|0|0|0|0|0|0|0|0|0|0|0|0|0|0|0|0
DHCST|NY|000|05|0213695|53|53|53|0|0|53|40|1|0|1|0|3|8|53|48|5|53|48|40|1|0|1|0|0|6|5|0|0|0|0|0|3|2|62|47|8|0|2|0|5|62|54|46|7|0|1|0|0|8|1|1|0|1|0|5|53|45|40|1|0|1|0|3|8|7|6|0|0|0|1|0|0|0|0|0|0|0|0|0|0|1|0|0|0|0|0|0|0|0|0|0|0|0|0|0|1|0|0|0|0|0|0|0|0|0|0|0|0|0|0|0|0|0|0|0|0|0|0|0|0|0|0|0|0|0|0|53|5|48|42|40|1|0|1|0|0|6|6|6|0|0|0|0|0|0|0|0|0|0|0|0|0|0|0|0|0|0|0|0|0|0|0|0|0|0|0|0|0|0|0|0|0|0|0|0|0|0|0|0|0|0|0|0|0|0|0|0|0|0|0|0|0|0|0|0|0|0|0|0
DHCST|NY|000|05|0213696|27|27|27|0|0|27|24|0|0|0|0|0|3|27|24|3|27|24|21|0|0|0|0|0|3|3|3|0|0|0|0|0|0|30|27|1|2|0|0|0|30|27|24|1|2|0|0|0|3|3|0|0|0|0|0|27|24|24|0|0|0|0|0|3|3|1|2|0|0|0|0|0|0|0|0|0|0|0|0|0|0|0|0|0|0|0|0|0|0|0|0|0|0|0|0|0|0|0|0|0|0|0|0|0|0|0|0|0|0|0|0|0|0|0|0|0|0|0|0|0|0|0|0|0|0|0|27|3|24|21|21|0|0|0|0|0|3|3|1|2|0|0|0|0|0|0|0|0|0|0|0|0|0|0|0|0|0|0|0|0|0|0|0|0|0|0|0|0|0|0|0|0|0|0|0|0|0|0|0|0|0|0|0|0|0|0|0|0|0|0|0|0|0|0|0|0|0|0|0
DHCST|NY|000|05|0213697|88|88|88|0|0|88|76|5|0|6|0|1|0|88|83|5|88|83|72|5|0|6|0|0|0|5|4|0|0|0|0|1|0|88|76|5|0|6|0|1|88|83|72|5|0|6|0|0|5|4|0|0|0|0|1|88|88|76|5|0|6|0|1|0|0|0|0|0|0|0|0|0|0|0|0|0|0|0|0|0|0|0|0|0|0|0|0|0|0|0|0|0|0|0|0|0|0|0|0|0|0|0|0|0|0|0|0|0|0|0|0|0|0|0|0|0|0|0|0|0|0|0|0|0|0|0|88|5|83|83|72|5|0|6|0|0|0|0|0|0|0|0|0|0|0|0|0|0|0|0|0|0|0|0|0|0|0|0|0|0|0|0|0|0|0|0|0|0|0|0|0|0|0|0|0|0|0|0|0|0|0|0|0|0|0|0|0|0|0|0|0|0|0|0|0|0|0|0|0
DHCST|NY|000|05|0213698|0|0|0|0|0|0|0|0|0|0|0|0|0|0|0|0|0|0|0|0|0|0|0|0|0|0|0|0|0|0|0|0|0|0|0|0|0|0|0|0|0|0|0|0|0|0|0|0|0|0|0|0|0|0|0|0|0|0|0|0|0|0|0|0|0|0|0|0|0|0|0|0|0|0|0|0|0|0|0|0|0|0|0|0|0|0|0|0|0|0|0|0|0|0|0|0|0|0|0|0|0|0|0|0|0|0|0|0|0|0|0|0|0|0|0|0|0|0|0|0|0|0|0|0|0|0|0|0|0|0|0|0|0|0|0|0|0|0|0|0|0|0|0|0|0|0|0|0|0|0|0|0|0|0|0|0|0|0|0|0|0|0|0|0|0|0|0|0|0|0|0|0|0|0|0|0|0|0|0|0|0|0|0|0|0|0|0|0|0|0|0|0|0|0|0|0|0|0|0
DHCST|NY|000|05|0213699|84|84|84|0|0|84|64|13|0|2|0|1|4|84|80|4|84|80|64|13|0|2|0|1|0|4|0|0|0|0|0|0|4|91|67|15|2|2|0|5|91|80|64|13|0|2|0|1|11|3|2|2|0|0|4|84|80|64|13|0|2|0|1|4|1|0|0|0|0|0|0|0|0|1|0|0|0|0|0|0|3|0|0|0|1|0|0|2|0|0|0|0|0|0|0|0|0|0|0|0|0|0|0|0|0|0|0|0|0|0|0|0|0|0|0|0|0|0|0|0|0|0|0|0|0|0|84|4|80|80|64|13|0|2|0|1|0|0|0|0|0|0|0|0|0|0|0|0|0|0|0|0|0|0|0|0|0|0|0|0|0|0|0|0|0|0|0|0|0|0|0|0|0|0|0|0|0|0|0|0|0|0|0|0|0|0|0|0|0|0|0|0|0|0|0|0|0|0|0
DHCST|NY|000|05|0213700|102|102|102|0|0|102|78|8|0|1|0|0|15|102|91|11|102|91|72|8|0|1|0|0|10|11|6|0|0|0|0|0|5|117|93|11|2|2|0|9|117|101|82|11|2|2|0|4|16|11|0|0|0|0|5|102|87|78|8|0|1|0|0|15|15|3|2|1|0|9|0|0|0|0|0|0|0|0|0|0|0|0|0|0|0|0|0|0|0|0|0|0|0|0|0|0|0|0|0|0|0|0|0|0|0|0|0|0|0|0|0|0|0|0|0|0|0|0|0|0|0|0|0|0|0|0|102|11|91|81|72|8|0|1|0|0|10|10|3|2|1|0|4|0|0|0|0|0|0|0|0|0|0|0|0|0|0|0|0|0|0|0|0|0|0|0|0|0|0|0|0|0|0|0|0|0|0|0|0|0|0|0|0|0|0|0|0|0|0|0|0|0|0|0|0|0|0|0|0
DHCST|NY|000|05|0213701|46|46|46|0|0|46|36|1|0|0|0|0|9|46|44|2|46|44|36|1|0|0|0|0|7|2|0|0|0|0|0|0|2|55|45|4|4|2|0|0|55|51|43|2|4|2|0|0|4|2|2|0|0|0|0|46|37|36|1|0|0|0|0|9|9|3|4|2|0|0|0|0|0|0|0|0|0|0|0|0|0|0|0|0|0|0|0|0|0|0|0|0|0|0|0|0|0|0|0|0|0|0|0|0|0|0|0|0|0|0|0|0|0|0|0|0|0|0|0|0|0|0|0|0|0|0|46|2|44|37|36|1|0|0|0|0|7|7|1|4|2|0|0|0|0|0|0|0|0|0|0|0|0|0|0|0|0|0|0|0|0|0|0|0|0|0|0|0|0|0|0|0|0|0|0|0|0|0|0|0|0|0|0|0|0|0|0|0|0|0|0|0|0|0|0|0|0|0|0
DHCST|NY|000|05|0213702|64|64|64|0|0|64|54|0|0|3|0|4|3|64|60|4|64|60|54|0|0|3|0|0|3|4|0|0|0|0|0|4|0|67|54|3|0|6|0|4|67|63|54|3|0|6|0|0|4|0|0|0|0|0|4|64|61|54|0|0|3|0|4|3|3|0|0|0|0|0|0|3|0|0|0|0|0|0|0|0|0|0|0|0|0|0|0|0|0|0|0|0|0|0|0|0|0|0|0|0|0|0|0|0|0|0|0|0|0|0|0|0|0|0|0|0|0|0|0|0|0|0|0|0|0|0|64|4|60|57|54|0|0|3|0|0|3|3|0|0|0|0|0|0|3|0|0|0|0|0|0|0|0|0|0|0|0|0|0|0|0|0|0|0|0|0|0|0|0|0|0|0|0|0|0|0|0|0|0|0|0|0|0|0|0|0|0|0|0|0|0|0|0|0|0|0|0|0|0
DHCST|NY|000|05|0213703|46|46|46|0|0|46|16|8|0|18|0|2|2|46|44|2|46|44|16|8|0|18|0|0|2|2|0|0|0|0|0|2|0|48|18|10|0|18|0|2|48|46|18|10|0|18|0|0|2|0|0|0|0|0|2|46|44|16|8|0|18|0|2|2|2|2|0|0|0|0|0|0|0|0|0|0|0|0|0|0|0|0|0|0|0|0|0|0|0|0|0|0|0|0|0|0|0|0|0|0|0|0|0|0|0|0|0|0|0|0|0|0|0|0|0|0|0|0|0|0|0|0|0|0|0|0|46|2|44|42|16|8|0|18|0|0|2|2|2|0|0|0|0|0|0|0|0|0|0|0|0|0|0|0|0|0|0|0|0|0|0|0|0|0|0|0|0|0|0|0|0|0|0|0|0|0|0|0|0|0|0|0|0|0|0|0|0|0|0|0|0|0|0|0|0|0|0|0|0
DHCST|NY|000|05|0213704|90|90|90|0|0|90|76|3|0|6|0|0|5|90|89|1|90|89|76|3|0|6|0|0|4|1|0|0|0|0|0|0|1|96|81|3|2|9|0|1|96|93|80|3|1|9|0|0|3|1|0|1|0|0|1|90|85|76|3|0|6|0|0|5|4|0|1|3|0|0|0|0|0|0|0|0|0|0|0|0|1|0|0|0|0|0|0|1|0|0|0|0|0|0|0|0|0|0|0|0|0|0|0|0|0|0|0|0|0|0|0|0|0|0|0|0|0|0|0|0|0|0|0|0|0|0|90|1|89|85|76|3|0|6|0|0|4|4|0|1|3|0|0|0|0|0|0|0|0|0|0|0|0|0|0|0|0|0|0|0|0|0|0|0|0|0|0|0|0|0|0|0|0|0|0|0|0|0|0|0|0|0|0|0|0|0|0|0|0|0|0|0|0|0|0|0|0|0|0
DHCST|NY|000|05|0213705|79|79|79|0|0|79|65|2|0|11|0|0|1|79|78|1|79|78|65|2|0|11|0|0|0|1|0|0|0|0|0|0|1|80|66|2|0|11|0|1|80|78|65|2|0|11|0|0|2|1|0|0|0|0|1|79|78|65|2|0|11|0|0|1|1|0|0|0|0|1|0|0|0|0|0|0|0|0|0|0|0|0|0|0|0|0|0|0|0|0|0|0|0|0|0|0|0|0|0|0|0|0|0|0|0|0|0|0|0|0|0|0|0|0|0|0|0|0|0|0|0|0|0|0|0|0|79|1|78|78|65|2|0|11|0|0|0|0|0|0|0|0|0|0|0|0|0|0|0|0|0|0|0|0|0|0|0|0|0|0|0|0|0|0|0|0|0|0|0|0|0|0|0|0|0|0|0|0|0|0|0|0|0|0|0|0|0|0|0|0|0|0|0|0|0|0|0|0|0
DHCST|NY|000|05|0213706|123|123|123|0|0|123|87|16|1|5|0|4|10|123|119|4|123|119|87|16|1|5|0|0|10|4|0|0|0|0|0|4|0|133|97|22|1|9|0|4|133|129|97|22|1|9|0|0|4|0|0|0|0|0|4|123|113|87|16|1|5|0|4|10|10|6|0|4|0|0|0|0|0|0|0|0|0|0|0|0|0|0|0|0|0|0|0|0|0|0|0|0|0|0|0|0|0|0|0|0|0|0|0|0|0|0|0|0|0|0|0|0|0|0|0|0|0|0|0|0|0|0|0|0|0|0|123|4|119|109|87|16|1|5|0|0|10|10|6|0|4|0|0|0|0|0|0|0|0|0|0|0|0|0|0|0|0|0|0|0|0|0|0|0|0|0|0|0|0|0|0|0|0|0|0|0|0|0|0|0|0|0|0|0|0|0|0|0|0|0|0|0|0|0|0|0|0|0|0
DHCST|NY|000|05|0213707|75|75|75|0|0|75|60|9|0|3|0|1|2|75|71|4|75|71|57|9|0|3|0|0|2|4|3|0|0|0|0|1|0|77|62|10|0|4|0|1|77|73|59|10|0|4|0|0|4|3|0|0|0|0|1|75|73|60|9|0|3|0|1|2|2|1|0|1|0|0|0|0|0|0|0|0|0|0|0|0|0|0|0|0|0|0|0|0|0|0|0|0|0|0|0|0|0|0|0|0|0|0|0|0|0|0|0|0|0|0|0|0|0|0|0|0|0|0|0|0|0|0|0|0|0|0|75|4|71|69|57|9|0|3|0|0|2|2|1|0|1|0|0|0|0|0|0|0|0|0|0|0|0|0|0|0|0|0|0|0|0|0|0|0|0|0|0|0|0|0|0|0|0|0|0|0|0|0|0|0|0|0|0|0|0|0|0|0|0|0|0|0|0|0|0|0|0|0|0
DHCST|NY|000|05|0213708|70|70|70|0|0|70|53|16|0|0|0|0|1|70|67|3|70|67|50|16|0|0|0|0|1|3|3|0|0|0|0|0|0|71|54|16|0|1|0|0|71|68|51|16|0|1|0|0|3|3|0|0|0|0|0|70|69|53|16|0|0|0|0|1|1|0|0|1|0|0|0|0|0|0|0|0|0|0|0|0|0|0|0|0|0|0|0|0|0|0|0|0|0|0|0|0|0|0|0|0|0|0|0|0|0|0|0|0|0|0|0|0|0|0|0|0|0|0|0|0|0|0|0|0|0|0|70|3|67|66|50|16|0|0|0|0|1|1|0|0|1|0|0|0|0|0|0|0|0|0|0|0|0|0|0|0|0|0|0|0|0|0|0|0|0|0|0|0|0|0|0|0|0|0|0|0|0|0|0|0|0|0|0|0|0|0|0|0|0|0|0|0|0|0|0|0|0|0|0
DHCST|NY|000|05|0213709|16|16|16|0|0|16|10|3|0|2|0|0|1|16|15|1|16|15|10|2|0|2|0|0|1|1|0|1|0|0|0|0|0|17|11|4|0|2|0|0|17|16|11|3|0|2|0|0|1|0|1|0|0|0|0|16|15|10|3|0|2|0|0|1|1|1|0|0|0|0|0|0|0|0|0|0|0|0|0|0|0|0|0|0|0|0|0|0|0|0|0|0|0|0|0|0|0|0|0|0|0|0|0|0|0|0|0|0|0|0|0|0|0|0|0|0|0|0|0|0|0|0|0|0|0|0|16|1|15|14|10|2|0|2|0|0|1|1|1|0|0|0|0|0|0|0|0|0|0|0|0|0|0|0|0|0|0|0|0|0|0|0|0|0|0|0|0|0|0|0|0|0|0|0|0|0|0|0|0|0|0|0|0|0|0|0|0|0|0|0|0|0|0|0|0|0|0|0|0
DHCST|NY|000|05|0213710|0|0|0|0|0|0|0|0|0|0|0|0|0|0|0|0|0|0|0|0|0|0|0|0|0|0|0|0|0|0|0|0|0|0|0|0|0|0|0|0|0|0|0|0|0|0|0|0|0|0|0|0|0|0|0|0|0|0|0|0|0|0|0|0|0|0|0|0|0|0|0|0|0|0|0|0|0|0|0|0|0|0|0|0|0|0|0|0|0|0|0|0|0|0|0|0|0|0|0|0|0|0|0|0|0|0|0|0|0|0|0|0|0|0|0|0|0|0|0|0|0|0|0|0|0|0|0|0|0|0|0|0|0|0|0|0|0|0|0|0|0|0|0|0|0|0|0|0|0|0|0|0|0|0|0|0|0|0|0|0|0|0|0|0|0|0|0|0|0|0|0|0|0|0|0|0|0|0|0|0|0|0|0|0|0|0|0|0|0|0|0|0|0|0|0|0|0|0|0
DHCST|NY|000|05|0213711|0|0|0|0|0|0|0|0|0|0|0|0|0|0|0|0|0|0|0|0|0|0|0|0|0|0|0|0|0|0|0|0|0|0|0|0|0|0|0|0|0|0|0|0|0|0|0|0|0|0|0|0|0|0|0|0|0|0|0|0|0|0|0|0|0|0|0|0|0|0|0|0|0|0|0|0|0|0|0|0|0|0|0|0|0|0|0|0|0|0|0|0|0|0|0|0|0|0|0|0|0|0|0|0|0|0|0|0|0|0|0|0|0|0|0|0|0|0|0|0|0|0|0|0|0|0|0|0|0|0|0|0|0|0|0|0|0|0|0|0|0|0|0|0|0|0|0|0|0|0|0|0|0|0|0|0|0|0|0|0|0|0|0|0|0|0|0|0|0|0|0|0|0|0|0|0|0|0|0|0|0|0|0|0|0|0|0|0|0|0|0|0|0|0|0|0|0|0|0
DHCST|NY|000|05|0213712|7|7|7|0|0|7|0|0|0|0|0|1|6|7|3|4|7|3|0|0|0|0|0|1|2|4|0|0|0|0|0|0|4|13|4|3|0|1|0|5|13|5|2|1|0|1|0|1|8|2|2|0|0|0|4|7|1|0|0|0|0|0|1|6|6|1|0|1|0|2|0|0|0|2|0|0|0|0|0|0|0|0|0|0|0|0|0|0|0|0|0|0|0|0|0|0|0|0|0|0|0|0|0|0|0|0|0|0|0|0|0|0|0|0|0|0|0|0|0|0|0|0|0|0|0|0|7|4|3|1|0|0|0|0|0|1|2|2|1|0|1|0|0|0|0|0|0|0|0|0|0|0|0|0|0|0|0|0|0|0|0|0|0|0|0|0|0|0|0|0|0|0|0|0|0|0|0|0|0|0|0|0|0|0|0|0|0|0|0|0|0|0|0|0|0|0|0|0|0
DHCST|NY|000|05|0213713|21|21|21|0|0|21|15|5|0|0|0|0|1|21|21|0|21|21|15|5|0|0|0|0|1|0|0|0|0|0|0|0|0|22|16|6|0|0|0|0|22|22|16|6|0|0|0|0|0|0|0|0|0|0|0|21|20|15|5|0|0|0|0|1|1|1|0|0|0|0|0|0|0|0|0|0|0|0|0|0|0|0|0|0|0|0|0|0|0|0|0|0|0|0|0|0|0|0|0|0|0|0|0|0|0|0|0|0|0|0|0|0|0|0|0|0|0|0|0|0|0|0|0|0|0|0|21|0|21|20|15|5|0|0|0|0|1|1|1|0|0|0|0|0|0|0|0|0|0|0|0|0|0|0|0|0|0|0|0|0|0|0|0|0|0|0|0|0|0|0|0|0|0|0|0|0|0|0|0|0|0|0|0|0|0|0|0|0|0|0|0|0|0|0|0|0|0|0|0
DHCST|NY|000|05|0213714|0|0|0|0|0|0|0|0|0|0|0|0|0|0|0|0|0|0|0|0|0|0|0|0|0|0|0|0|0|0|0|0|0|0|0|0|0|0|0|0|0|0|0|0|0|0|0|0|0|0|0|0|0|0|0|0|0|0|0|0|0|0|0|0|0|0|0|0|0|0|0|0|0|0|0|0|0|0|0|0|0|0|0|0|0|0|0|0|0|0|0|0|0|0|0|0|0|0|0|0|0|0|0|0|0|0|0|0|0|0|0|0|0|0|0|0|0|0|0|0|0|0|0|0|0|0|0|0|0|0|0|0|0|0|0|0|0|0|0|0|0|0|0|0|0|0|0|0|0|0|0|0|0|0|0|0|0|0|0|0|0|0|0|0|0|0|0|0|0|0|0|0|0|0|0|0|0|0|0|0|0|0|0|0|0|0|0|0|0|0|0|0|0|0|0|0|0|0|0
DHCST|NY|000|05|0213715|0|0|0|0|0|0|0|0|0|0|0|0|0|0|0|0|0|0|0|0|0|0|0|0|0|0|0|0|0|0|0|0|0|0|0|0|0|0|0|0|0|0|0|0|0|0|0|0|0|0|0|0|0|0|0|0|0|0|0|0|0|0|0|0|0|0|0|0|0|0|0|0|0|0|0|0|0|0|0|0|0|0|0|0|0|0|0|0|0|0|0|0|0|0|0|0|0|0|0|0|0|0|0|0|0|0|0|0|0|0|0|0|0|0|0|0|0|0|0|0|0|0|0|0|0|0|0|0|0|0|0|0|0|0|0|0|0|0|0|0|0|0|0|0|0|0|0|0|0|0|0|0|0|0|0|0|0|0|0|0|0|0|0|0|0|0|0|0|0|0|0|0|0|0|0|0|0|0|0|0|0|0|0|0|0|0|0|0|0|0|0|0|0|0|0|0|0|0|0
DHCST|NY|000|05|0213716|34|34|34|0|0|34|10|6|1|12|0|0|5|34|29|5|34|29|10|6|1|12|0|0|0|5|0|0|0|0|0|0|5|39|15|6|1|12|0|5|39|29|10|6|1|12|0|0|10|5|0|0|0|0|5|34|29|10|6|1|12|0|0|5|5|0|0|0|0|5|0|0|0|0|0|0|0|0|0|0|0|0|0|0|0|0|0|0|0|0|0|0|0|0|0|0|0|0|0|0|0|0|0|0|0|0|0|0|0|0|0|0|0|0|0|0|0|0|0|0|0|0|0|0|0|0|34|5|29|29|10|6|1|12|0|0|0|0|0|0|0|0|0|0|0|0|0|0|0|0|0|0|0|0|0|0|0|0|0|0|0|0|0|0|0|0|0|0|0|0|0|0|0|0|0|0|0|0|0|0|0|0|0|0|0|0|0|0|0|0|0|0|0|0|0|0|0|0|0
DHCST|NY|000|05|0213717|41|41|41|0|0|41|25|7|0|1|0|3|5|41|34|7|41|34|25|7|0|1|0|1|0|7|0|0|0|0|0|2|5|46|30|7|0|1|0|8|46|34|25|7|0|1|0|1|12|5|0|0|0|0|7|41|36|25|7|0|1|0|3|5|5|0|0|0|0|5|0|0|0|0|0|0|0|0|0|0|0|0|0|0|0|0|0|0|0|0|0|0|0|0|0|0|0|0|0|0|0|0|0|0|0|0|0|0|0|0|0|0|0|0|0|0|0|0|0|0|0|0|0|0|0|0|41|7|34|34|25|7|0|1|0|1|0|0|0|0|0|0|0|0|0|0|0|0|0|0|0|0|0|0|0|0|0|0|0|0|0|0|0|0|0|0|0|0|0|0|0|0|0|0|0|0|0|0|0|0|0|0|0|0|0|0|0|0|0|0|0|0|0|0|0|0|0|0|0
DHCST|NY|000|05|0213718|91|91|91|0|0|91|55|20|1|0|0|3|12|91|88|3|91|88|55|20|1|0|0|3|9|3|0|0|0|0|0|0|3|103|64|26|4|0|1|8|103|97|63|24|4|0|0|6|6|1|2|0|0|1|2|91|79|55|20|1|0|0|3|12|12|4|2|0|0|3|1|0|0|1|0|0|0|0|0|1|0|0|0|0|0|0|0|0|0|0|0|0|0|0|0|0|0|0|0|0|0|0|0|0|0|0|0|0|0|0|0|0|0|0|0|0|0|0|0|0|0|0|0|0|0|0|91|3|88|79|55|20|1|0|0|3|9|9|3|2|0|0|3|1|0|0|0|0|0|0|0|0|0|0|0|0|0|0|0|0|0|0|0|0|0|0|0|0|0|0|0|0|0|0|0|0|0|0|0|0|0|0|0|0|0|0|0|0|0|0|0|0|0|0|0|0|0|0|0
DHCST|NY|000|05|0213719|98|98|98|0|0|98|71|4|0|9|0|3|11|98|94|4|98|94|69|4|0|9|0|2|10|4|2|0|0|0|0|1|1|109|82|7|5|9|0|6|109|104|79|7|5|9|0|4|5|3|0|0|0|0|2|98|87|71|4|0|9|0|3|11|11|3|5|0|0|3|0|0|0|0|0|0|0|0|0|0|0|0|0|0|0|0|0|0|0|0|0|0|0|0|0|0|0|0|0|0|0|0|0|0|0|0|0|0|0|0|0|0|0|0|0|0|0|0|0|0|0|0|0|0|0|0|98|4|94|84|69|4|0|9|0|2|10|10|3|5|0|0|2|0|0|0|0|0|0|0|0|0|0|0|0|0|0|0|0|0|0|0|0|0|0|0|0|0|0|0|0|0|0|0|0|0|0|0|0|0|0|0|0|0|0|0|0|0|0|0|0|0|0|0|0|0|0|0|0
DHCST|NY|000|05|0213720|54|54|54|0|0|54|43|5|0|0|0|5|1|54|48|6|54|48|43|5|0|0|0|0|0|6|0|0|0|0|0|5|1|55|44|5|0|0|0|6|55|48|43|5|0|0|0|0|7|1|0|0|0|0|6|54|53|43|5|0|0|0|5|1|1|0|0|0|0|1|0|0|0|0|0|0|0|0|0|0|0|0|0|0|0|0|0|0|0|0|0|0|0|0|0|0|0|0|0|0|0|0|0|0|0|0|0|0|0|0|0|0|0|0|0|0|0|0|0|0|0|0|0|0|0|0|54|6|48|48|43|5|0|0|0|0|0|0|0|0|0|0|0|0|0|0|0|0|0|0|0|0|0|0|0|0|0|0|0|0|0|0|0|0|0|0|0|0|0|0|0|0|0|0|0|0|0|0|0|0|0|0|0|0|0|0|0|0|0|0|0|0|0|0|0|0|0|0|0
DHCST|NY|000|05|0213721|44|44|44|0|0|44|31|5|0|1|0|1|6|44|41|3|44|41|31|5|0|1|0|1|3|3|0|0|0|0|0|0|3|50|37|7|0|2|0|4|50|44|34|7|0|2|0|1|6|3|0|0|0|0|3|44|38|31|5|0|1|0|1|6|6|2|0|1|0|3|0|0|0|0|0|0|0|0|0|0|0|0|0|0|0|0|0|0|0|0|0|0|0|0|0|0|0|0|0|0|0|0|0|0|0|0|0|0|0|0|0|0|0|0|0|0|0|0|0|0|0|0|0|0|0|0|44|3|41|38|31|5|0|1|0|1|3|3|2|0|1|0|0|0|0|0|0|0|0|0|0|0|0|0|0|0|0|0|0|0|0|0|0|0|0|0|0|0|0|0|0|0|0|0|0|0|0|0|0|0|0|0|0|0|0|0|0|0|0|0|0|0|0|0|0|0|0|0|0
DHCST|NY|000|05|0213722|0|0|0|0|0|0|0|0|0|0|0|0|0|0|0|0|0|0|0|0|0|0|0|0|0|0|0|0|0|0|0|0|0|0|0|0|0|0|0|0|0|0|0|0|0|0|0|0|0|0|0|0|0|0|0|0|0|0|0|0|0|0|0|0|0|0|0|0|0|0|0|0|0|0|0|0|0|0|0|0|0|0|0|0|0|0|0|0|0|0|0|0|0|0|0|0|0|0|0|0|0|0|0|0|0|0|0|0|0|0|0|0|0|0|0|0|0|0|0|0|0|0|0|0|0|0|0|0|0|0|0|0|0|0|0|0|0|0|0|0|0|0|0|0|0|0|0|0|0|0|0|0|0|0|0|0|0|0|0|0|0|0|0|0|0|0|0|0|0|0|0|0|0|0|0|0|0|0|0|0|0|0|0|0|0|0|0|0|0|0|0|0|0|0|0|0|0|0|0
DHCST|NY|000|05|0213723|18|18|18|0|0|18|7|0|0|4|0|0|7|18|15|3|18|15|7|0|0|4|0|0|4|3|0|0|0|0|0|0|3|26|14|2|1|4|0|5|26|19|11|1|0|4|0|3|7|3|1|1|0|0|2|18|11|7|0|0|4|0|0|7|6|1|0|0|0|5|0|0|0|0|0|0|0|0|0|0|1|1|0|0|0|0|0|0|0|0|0|0|0|0|0|0|0|0|0|0|0|0|0|0|0|0|0|0|0|0|0|0|0|0|0|0|0|0|0|0|0|0|0|0|0|0|18|3|15|11|7|0|0|4|0|0|4|4|1|0|0|0|3|0|0|0|0|0|0|0|0|0|0|0|0|0|0|0|0|0|0|0|0|0|0|0|0|0|0|0|0|0|0|0|0|0|0|0|0|0|0|0|0|0|0|0|0|0|0|0|0|0|0|0|0|0|0|0|0
DHCST|NY|000|05|0213724|10|10|10|0|0|10|4|2|0|0|0|1|3|10|10|0|10|10|4|2|0|0|0|1|3|0|0|0|0|0|0|0|0|13|7|4|0|0|0|2|13|13|7|4|0|0|0|2|0|0|0|0|0|0|0|10|7|4|2|0|0|0|1|3|3|2|0|0|0|1|0|0|0|0|0|0|0|0|0|0|0|0|0|0|0|0|0|0|0|0|0|0|0|0|0|0|0|0|0|0|0|0|0|0|0|0|0|0|0|0|0|0|0|0|0|0|0|0|0|0|0|0|0|0|0|0|10|0|10|7|4|2|0|0|0|1|3|3|2|0|0|0|1|0|0|0|0|0|0|0|0|0|0|0|0|0|0|0|0|0|0|0|0|0|0|0|0|0|0|0|0|0|0|0|0|0|0|0|0|0|0|0|0|0|0|0|0|0|0|0|0|0|0|0|0|0|0|0|0
DHCST|NY|000|05|0213725|150|150|150|0|0|150|109|21|0|11|0|1|8|150|143|7|150|143|108|20|0|10|0|0|5|7|1|1|0|1|0|1|3|158|117|21|2|13|0|5|158|148|113|20|2|12|0|1|10|4|1|0|1|0|4|150|142|109|21|0|11|0|1|8|8|0|2|2|0|4|0|0|0|0|0|0|0|0|0|0|0|0|0|0|0|0|0|0|0|0|0|0|0|0|0|0|0|0|0|0|0|0|0|0|0|0|0|0|0|0|0|0|0|0|0|0|0|0|0|0|0|0|0|0|0|0|150|7|143|138|108|20|0|10|0|0|5|5|0|2|2|0|1|0|0|0|0|0|0|0|0|0|0|0|0|0|0|0|0|0|0|0|0|0|0|0|0|0|0|0|0|0|0|0|0|0|0|0|0|0|0|0|0|0|0|0|0|0|0|0|0|0|0|0|0|0|0|0|0
DHCST|NY|000|05|0213726|89|89|89|0|0|89|75|6|1|0|0|4|3|89|85|4|89|85|75|6|1|0|0|3|0|4|0|0|0|0|0|1|3|92|78|6|2|0|0|6|92|85|75|6|1|0|0|3|7|3|0|1|0|0|3|89|86|75|6|1|0|0|4|3|3|0|1|0|0|2|0|0|0|0|0|0|0|0|0|0|0|0|0|0|0|0|0|0|0|0|0|0|0|0|0|0|0|0|0|0|0|0|0|0|0|0|0|0|0|0|0|0|0|0|0|0|0|0|0|0|0|0|0|0|0|0|89|4|85|85|75|6|1|0|0|3|0|0|0|0|0|0|0|0|0|0|0|0|0|0|0|0|0|0|0|0|0|0|0|0|0|0|0|0|0|0|0|0|0|0|0|0|0|0|0|0|0|0|0|0|0|0|0|0|0|0|0|0|0|0|0|0|0|0|0|0|0|0|0
DHCST|NY|000|05|0213727|105|105|105|0|0|105|61|12|0|21|0|4|7|105|97|8|105|97|57|12|0|21|0|0|7|8|4|0|0|0|0|4|0|112|66|13|0|27|0|6|112|104|62|13|0|27|0|2|8|4|0|0|0|0|4|105|98|61|12|0|21|0|4|7|7|0|0|4|0|1|0|1|0|0|0|0|0|0|1|0|0|0|0|0|0|0|0|0|0|0|0|0|0|0|0|0|0|0|0|0|0|0|0|0|0|0|0|0|0|0|0|0|0|0|0|0|0|0|0|0|0|0|0|0|0|0|105|8|97|90|57|12|0|21|0|0|7|7|0|0|4|0|1|0|1|0|0|0|0|0|0|1|0|0|0|0|0|0|0|0|0|0|0|0|0|0|0|0|0|0|0|0|0|0|0|0|0|0|0|0|0|0|0|0|0|0|0|0|0|0|0|0|0|0|0|0|0|0|0
DHCST|NY|000|05|0213728|79|79|79|0|0|79|56|0|0|15|0|0|8|79|70|9|79|70|52|0|0|15|0|0|3|9|4|0|0|0|0|0|5|88|63|2|1|15|1|6|88|73|55|1|1|15|0|1|15|8|1|0|0|1|5|79|71|56|0|0|15|0|0|8|7|1|1|0|0|4|0|0|0|0|0|0|0|0|0|1|1|0|0|0|1|0|0|0|0|0|0|0|0|0|0|0|0|0|0|0|0|0|0|0|0|0|0|0|0|0|0|0|0|0|0|0|0|0|0|0|0|0|0|0|0|0|79|9|70|67|52|0|0|15|0|0|3|3|1|1|0|0|1|0|0|0|0|0|0|0|0|0|0|0|0|0|0|0|0|0|0|0|0|0|0|0|0|0|0|0|0|0|0|0|0|0|0|0|0|0|0|0|0|0|0|0|0|0|0|0|0|0|0|0|0|0|0|0|0
DHCST|NY|000|05|0213729|70|70|70|0|0|70|43|9|0|7|0|3|8|70|60|10|70|60|43|7|0|6|0|2|2|10|0|2|0|1|0|1|6|78|51|12|0|9|0|6|78|62|45|7|0|8|0|2|16|6|5|0|1|0|4|70|62|43|9|0|7|0|3|8|8|3|0|2|0|3|0|0|0|0|0|0|0|0|0|0|0|0|0|0|0|0|0|0|0|0|0|0|0|0|0|0|0|0|0|0|0|0|0|0|0|0|0|0|0|0|0|0|0|0|0|0|0|0|0|0|0|0|0|0|0|0|70|10|60|58|43|7|0|6|0|2|2|2|0|0|2|0|0|0|0|0|0|0|0|0|0|0|0|0|0|0|0|0|0|0|0|0|0|0|0|0|0|0|0|0|0|0|0|0|0|0|0|0|0|0|0|0|0|0|0|0|0|0|0|0|0|0|0|0|0|0|0|0|0
DHCST|NY|000|05|0213730|74|74|74|0|0|74|40|0|0|17|0|2|15|74|63|11|74|63|40|0|0|17|0|0|6|11|0|0|0|0|0|2|9|90|55|1|1|19|0|14|90|70|46|1|1|19|0|3|20|9|0|0|0|0|11|74|59|40|0|0|17|0|2|15|14|0|0|2|0|12|0|0|0|0|0|0|0|0|0|0|1|1|0|0|0|0|0|0|0|0|0|0|0|0|0|0|0|0|0|0|0|0|0|0|0|0|0|0|0|0|0|0|0|0|0|0|0|0|0|0|0|0|0|0|0|0|74|11|63|57|40|0|0|17|0|0|6|5|0|0|2|0|3|0|0|0|0|0|0|0|0|0|0|1|1|0|0|0|0|0|0|0|0|0|0|0|0|0|0|0|0|0|0|0|0|0|0|0|0|0|0|0|0|0|0|0|0|0|0|0|0|0|0|0|0|0|0|0|0
DHCST|NY|000|05|0213731|122|122|122|0|0|122|81|17|0|8|0|1|15|122|112|10|122|112|79|17|0|8|0|1|7|10|2|0|0|0|0|0|8|137|96|24|0|8|0|9|137|119|86|24|0|8|0|1|18|10|0|0|0|0|8|122|107|81|17|0|8|0|1|15|15|7|0|0|0|8|0|0|0|0|0|0|0|0|0|0|0|0|0|0|0|0|0|0|0|0|0|0|0|0|0|0|0|0|0|0|0|0|0|0|0|0|0|0|0|0|0|0|0|0|0|0|0|0|0|0|0|0|0|0|0|0|122|10|112|105|79|17|0|8|0|1|7|7|7|0|0|0|0|0|0|0|0|0|0|0|0|0|0|0|0|0|0|0|0|0|0|0|0|0|0|0|0|0|0|0|0|0|0|0|0|0|0|0|0|0|0|0|0|0|0|0|0|0|0|0|0|0|0|0|0|0|0|0|0
DHCST|NY|000|05|0213732|90|90|90|0|0|90|58|16|2|6|0|5|3|90|73|17|90|73|54|11|2|6|0|0|0|17|4|5|0|0|0|5|3|93|61|17|2|6|0|7|93|73|54|11|2|6|0|0|20|7|6|0|0|0|7|90|87|58|16|2|6|0|5|3|3|1|0|0|0|2|0|0|0|0|0|0|0|0|0|0|0|0|0|0|0|0|0|0|0|0|0|0|0|0|0|0|0|0|0|0|0|0|0|0|0|0|0|0|0|0|0|0|0|0|0|0|0|0|0|0|0|0|0|0|0|0|90|17|73|73|54|11|2|6|0|0|0|0|0|0|0|0|0|0|0|0|0|0|0|0|0|0|0|0|0|0|0|0|0|0|0|0|0|0|0|0|0|0|0|0|0|0|0|0|0|0|0|0|0|0|0|0|0|0|0|0|0|0|0|0|0|0|0|0|0|0|0|0|0
DHCST|NY|000|05|0213733|158|158|158|0|0|158|76|5|1|61|0|4|11|158|146|12|158|146|76|3|1|61|0|1|4|12|0|2|0|0|0|3|7|169|87|9|4|61|0|8|169|150|80|7|1|61|0|1|19|7|2|3|0|0|7|158|147|76|5|1|61|0|4|11|11|4|3|0|0|4|0|0|0|0|0|0|0|0|0|0|0|0|0|0|0|0|0|0|0|0|0|0|0|0|0|0|0|0|0|0|0|0|0|0|0|0|0|0|0|0|0|0|0|0|0|0|0|0|0|0|0|0|0|0|0|0|158|12|146|142|76|3|1|61|0|1|4|4|4|0|0|0|0|0|0|0|0|0|0|0|0|0|0|0|0|0|0|0|0|0|0|0|0|0|0|0|0|0|0|0|0|0|0|0|0|0|0|0|0|0|0|0|0|0|0|0|0|0|0|0|0|0|0|0|0|0|0|0|0
DHCST|NY|000|05|0213734|131|131|131|0|0|131|97|11|0|23|0|0|0|131|129|2|131|129|95|11|0|23|0|0|0|2|2|0|0|0|0|0|0|131|97|11|0|23|0|0|131|129|95|11|0|23|0|0|2|2|0|0|0|0|0|131|131|97|11|0|23|0|0|0|0|0|0|0|0|0|0|0|0|0|0|0|0|0|0|0|0|0|0|0|0|0|0|0|0|0|0|0|0|0|0|0|0|0|0|0|0|0|0|0|0|0|0|0|0|0|0|0|0|0|0|0|0|0|0|0|0|0|0|0|0|0|131|2|129|129|95|11|0|23|0|0|0|0|0|0|0|0|0|0|0|0|0|0|0|0|0|0|0|0|0|0|0|0|0|0|0|0|0|0|0|0|0|0|0|0|0|0|0|0|0|0|0|0|0|0|0|0|0|0|0|0|0|0|0|0|0|0|0|0|0|0|0|0|0
DHCST|NY|000|05|0213735|102|102|102|0|0|102|81|10|0|0|0|7|4|102|84|18|102|84|72|10|0|0|0|0|2|18|9|0|0|0|0|7|2|107|84|11|1|1|0|10|107|87|73|11|1|1|0|1|20|11|0|0|0|0|9|102|98|81|10|0|0|0|7|4|3|0|0|1|0|2|0|0|0|0|0|0|0|0|0|0|1|0|0|0|0|0|0|0|0|0|0|0|0|1|0|0|0|0|0|0|0|0|0|0|0|0|0|0|0|0|0|0|0|0|0|0|0|0|0|0|0|0|0|0|0|0|102|18|84|82|72|10|0|0|0|0|2|1|0|0|1|0|0|0|0|0|0|0|0|0|0|0|0|1|0|0|0|0|0|0|0|0|0|0|0|0|1|0|0|0|0|0|0|0|0|0|0|0|0|0|0|0|0|0|0|0|0|0|0|0|0|0|0|0|0|0|0|0|0
DHCST|NY|000|05|0213736|87|87|87|0|0|87|64|11|0|6|0|0|6|87|87|0|87|87|64|11|0|6|0|0|6|0|0|0|0|0|0|0|0|93|70|11|0|12|0|0|93|93|70|11|0|12|0|0|0|0|0|0|0|0|0|87|81|64|11|0|6|0|0|6|6|0|0|6|0|0|0|0|0|0|0|0|0|0|0|0|0|0|0|0|0|0|0|0|0|0|0|0|0|0|0|0|0|0|0|0|0|0|0|0|0|0|0|0|0|0|0|0|0|0|0|0|0|0|0|0|0|0|0|0|0|0|87|0|87|81|64|11|0|6|0|0|6|6|0|0|6|0|0|0|0|0|0|0|0|0|0|0|0|0|0|0|0|0|0|0|0|0|0|0|0|0|0|0|0|0|0|0|0|0|0|0|0|0|0|0|0|0|0|0|0|0|0|0|0|0|0|0|0|0|0|0|0|0|0
DHCST|NY|000|05|0213737|145|145|145|0|0|145|85|22|0|20|3|2|13|145|137|8|145|137|84|21|0|20|3|1|8|8|1|1|0|0|0|1|5|163|94|29|6|23|4|7|163|147|90|26|2|23|4|2|16|4|3|4|0|0|5|145|132|85|22|0|20|3|2|13|8|2|0|2|0|0|1|0|0|2|0|0|0|1|0|0|5|2|0|0|0|0|0|3|0|0|0|0|0|0|0|0|0|0|0|0|0|0|0|0|0|0|0|0|0|0|0|0|0|0|0|0|0|0|0|0|0|0|0|0|0|0|145|8|137|129|84|21|0|20|3|1|8|6|2|0|2|0|0|0|0|0|1|0|0|0|1|0|0|2|2|0|0|0|0|0|0|0|0|0|0|0|0|0|0|0|0|0|0|0|0|0|0|0|0|0|0|0|0|0|0|0|0|0|0|0|0|0|0|0|0|0|0|0|0
DHCST|NY|000|05|0213738|121|121|121|0|0|121|87|16|0|7|0|0|11|121|108|13|121|108|77|16|0|7|0|0|8|13|10|0|0|0|0|0|3|134|97|24|1|9|0|3|134|118|84|24|1|9|0|0|16|13|0|0|0|0|3|121|110|87|16|0|7|0|0|11|9|5|0|0|0|3|1|0|0|0|0|0|0|0|0|0|2|0|2|0|0|0|0|0|0|0|0|0|0|0|0|0|0|0|0|0|0|0|0|0|0|0|0|0|0|0|0|0|0|0|0|0|0|0|0|0|0|0|0|0|0|0|121|13|108|100|77|16|0|7|0|0|8|6|5|0|0|0|0|1|0|0|0|0|0|0|0|0|0|2|0|2|0|0|0|0|0|0|0|0|0|0|0|0|0|0|0|0|0|0|0|0|0|0|0|0|0|0|0|0|0|0|0|0|0|0|0|0|0|0|0|0|0|0|0
DHCST|NY|000|05|0213739|146|146|146|0|0|146|93|15|1|13|0|9|15|146|129|17|146|129|90|15|1|13|0|4|6|17|3|0|0|0|0|5|9|165|102|19|5|18|0|21|165|135|92|17|2|17|0|7|30|10|2|3|1|0|14|146|131|93|15|1|13|0|9|15|12|1|0|0|0|5|0|1|0|1|1|0|1|0|2|0|2|0|0|0|0|0|0|1|0|1|0|0|0|0|0|0|0|0|0|0|0|1|0|0|1|0|0|0|0|0|0|0|0|0|0|0|0|0|0|0|0|0|0|0|0|0|146|17|129|123|90|15|1|13|0|4|6|6|1|0|0|0|1|0|1|0|0|1|0|0|0|2|0|0|0|0|0|0|0|0|0|0|0|0|0|0|0|0|0|0|0|0|0|0|0|0|0|0|0|0|0|0|0|0|0|0|0|0|0|0|0|0|0|0|0|0|0|0|0
DHCST|NY|000|05|0213740|98|98|98|0|0|98|50|24|0|9|0|5|10|98|91|7|98|91|50|23|0|9|0|1|8|7|0|1|0|0|0|4|2|108|60|24|0|9|0|15|108|99|58|23|0|9|0|9|9|2|1|0|0|0|6|98|88|50|24|0|9|0|5|10|10|0|0|0|0|10|0|0|0|0|0|0|0|0|0|0|0|0|0|0|0|0|0|0|0|0|0|0|0|0|0|0|0|0|0|0|0|0|0|0|0|0|0|0|0|0|0|0|0|0|0|0|0|0|0|0|0|0|0|0|0|0|98|7|91|83|50|23|0|9|0|1|8|8|0|0|0|0|8|0|0|0|0|0|0|0|0|0|0|0|0|0|0|0|0|0|0|0|0|0|0|0|0|0|0|0|0|0|0|0|0|0|0|0|0|0|0|0|0|0|0|0|0|0|0|0|0|0|0|0|0|0|0|0|0
DHCST|NY|000|05|0213741|72|72|72|0|0|72|32|33|0|3|0|0|4|72|71|1|72|71|32|32|0|3|0|0|4|1|0|1|0|0|0|0|0|78|35|37|2|3|0|1|78|77|35|36|2|3|0|1|1|0|1|0|0|0|0|72|68|32|33|0|3|0|0|4|2|2|0|0|0|0|0|0|0|0|0|0|0|0|0|0|2|1|0|0|0|0|0|0|0|0|0|0|0|1|0|0|0|0|0|0|0|0|0|0|0|0|0|0|0|0|0|0|0|0|0|0|0|0|0|0|0|0|0|0|0|0|72|1|71|67|32|32|0|3|0|0|4|2|2|0|0|0|0|0|0|0|0|0|0|0|0|0|0|2|1|0|0|0|0|0|0|0|0|0|0|0|1|0|0|0|0|0|0|0|0|0|0|0|0|0|0|0|0|0|0|0|0|0|0|0|0|0|0|0|0|0|0|0|0
DHCST|NY|000|05|0213742|0|0|0|0|0|0|0|0|0|0|0|0|0|0|0|0|0|0|0|0|0|0|0|0|0|0|0|0|0|0|0|0|0|0|0|0|0|0|0|0|0|0|0|0|0|0|0|0|0|0|0|0|0|0|0|0|0|0|0|0|0|0|0|0|0|0|0|0|0|0|0|0|0|0|0|0|0|0|0|0|0|0|0|0|0|0|0|0|0|0|0|0|0|0|0|0|0|0|0|0|0|0|0|0|0|0|0|0|0|0|0|0|0|0|0|0|0|0|0|0|0|0|0|0|0|0|0|0|0|0|0|0|0|0|0|0|0|0|0|0|0|0|0|0|0|0|0|0|0|0|0|0|0|0|0|0|0|0|0|0|0|0|0|0|0|0|0|0|0|0|0|0|0|0|0|0|0|0|0|0|0|0|0|0|0|0|0|0|0|0|0|0|0|0|0|0|0|0|0
DHCST|NY|000|05|0213743|121|121|121|0|0|121|59|20|3|29|0|0|10|121|116|5|121|116|59|18|0|29|0|0|10|5|0|2|3|0|0|0|0|131|68|28|4|31|0|0|131|126|68|26|1|31|0|0|5|0|2|3|0|0|0|121|111|59|20|3|29|0|0|10|10|8|0|1|0|0|0|0|0|0|1|0|0|0|0|0|0|0|0|0|0|0|0|0|0|0|0|0|0|0|0|0|0|0|0|0|0|0|0|0|0|0|0|0|0|0|0|0|0|0|0|0|0|0|0|0|0|0|0|0|0|0|121|5|116|106|59|18|0|29|0|0|10|10|8|0|1|0|0|0|0|0|0|1|0|0|0|0|0|0|0|0|0|0|0|0|0|0|0|0|0|0|0|0|0|0|0|0|0|0|0|0|0|0|0|0|0|0|0|0|0|0|0|0|0|0|0|0|0|0|0|0|0|0|0
DHCST|NY|000|05|0213744|59|59|59|0|0|59|32|6|3|12|0|0|6|59|53|6|59|53|31|4|0|12|0|0|6|6|1|2|3|0|0|0|0|66|37|7|6|15|0|1|66|60|36|5|3|15|0|1|6|1|2|3|0|0|0|59|53|32|6|3|12|0|0|6|5|0|3|1|0|0|0|0|0|0|0|0|0|0|1|0|1|0|1|0|0|0|0|0|0|0|0|0|0|0|0|0|0|0|0|0|0|0|0|0|0|0|0|0|0|0|0|0|0|0|0|0|0|0|0|0|0|0|0|0|0|0|59|6|53|47|31|4|0|12|0|0|6|5|0|3|1|0|0|0|0|0|0|0|0|0|0|1|0|1|0|1|0|0|0|0|0|0|0|0|0|0|0|0|0|0|0|0|0|0|0|0|0|0|0|0|0|0|0|0|0|0|0|0|0|0|0|0|0|0|0|0|0|0|0
DHCST|NY|000|05|0213745|147|147|147|0|0|147|50|11|0|78|0|0|8|147|144|3|147|144|50|11|0|78|0|0|5|3|0|0|0|0|0|0|3|155|58|12|1|81|0|3|155|149|55|12|1|81|0|0|6|3|0|0|0|0|3|147|139|50|11|0|78|0|0|8|8|1|1|3|0|3|0|0|0|0|0|0|0|0|0|0|0|0|0|0|0|0|0|0|0|0|0|0|0|0|0|0|0|0|0|0|0|0|0|0|0|0|0|0|0|0|0|0|0|0|0|0|0|0|0|0|0|0|0|0|0|0|147|3|144|139|50|11|0|78|0|0|5|5|1|1|3|0|0|0|0|0|0|0|0|0|0|0|0|0|0|0|0|0|0|0|0|0|0|0|0|0|0|0|0|0|0|0|0|0|0|0|0|0|0|0|0|0|0|0|0|0|0|0|0|0|0|0|0|0|0|0|0|0|0
DHCST|NY|000|05|0213746|63|63|63|0|0|63|22|7|0|18|0|3|13|63|51|12|63|51|21|7|0|18|0|3|2|12|1|0|0|0|0|0|11|77|35|9|1|18|0|14|77|53|23|9|0|18|0|3|24|12|0|1|0|0|11|63|50|22|7|0|18|0|3|13|12|2|0|0|0|10|0|0|0|0|0|0|0|0|0|0|1|0|0|0|0|0|0|1|0|0|0|0|0|0|0|0|0|0|0|0|0|0|0|0|0|0|0|0|0|0|0|0|0|0|0|0|0|0|0|0|0|0|0|0|0|0|63|12|51|49|21|7|0|18|0|3|2|2|2|0|0|0|0|0|0|0|0|0|0|0|0|0|0|0|0|0|0|0|0|0|0|0|0|0|0|0|0|0|0|0|0|0|0|0|0|0|0|0|0|0|0|0|0|0|0|0|0|0|0|0|0|0|0|0|0|0|0|0|0
DHCST|NY|000|05|0213747|0|0|0|0|0|0|0|0|0|0|0|0|0|0|0|0|0|0|0|0|0|0|0|0|0|0|0|0|0|0|0|0|0|0|0|0|0|0|0|0|0|0|0|0|0|0|0|0|0|0|0|0|0|0|0|0|0|0|0|0|0|0|0|0|0|0|0|0|0|0|0|0|0|0|0|0|0|0|0|0|0|0|0|0|0|0|0|0|0|0|0|0|0|0|0|0|0|0|0|0|0|0|0|0|0|0|0|0|0|0|0|0|0|0|0|0|0|0|0|0|0|0|0|0|0|0|0|0|0|0|0|0|0|0|0|0|0|0|0|0|0|0|0|0|0|0|0|0|0|0|0|0|0|0|0|0|0|0|0|0|0|0|0|0|0|0|0|0|0|0|0|0|0|0|0|0|0|0|0|0|0|0|0|0|0|0|0|0|0|0|0|0|0|0|0|0|0|0|0
DHCST|NY|000|05|0213748|0|0|0|0|0|0|0|0|0|0|0|0|0|0|0|0|0|0|0|0|0|0|0|0|0|0|0|0|0|0|0|0|0|0|0|0|0|0|0|0|0|0|0|0|0|0|0|0|0|0|0|0|0|0|0|0|0|0|0|0|0|0|0|0|0|0|0|0|0|0|0|0|0|0|0|0|0|0|0|0|0|0|0|0|0|0|0|0|0|0|0|0|0|0|0|0|0|0|0|0|0|0|0|0|0|0|0|0|0|0|0|0|0|0|0|0|0|0|0|0|0|0|0|0|0|0|0|0|0|0|0|0|0|0|0|0|0|0|0|0|0|0|0|0|0|0|0|0|0|0|0|0|0|0|0|0|0|0|0|0|0|0|0|0|0|0|0|0|0|0|0|0|0|0|0|0|0|0|0|0|0|0|0|0|0|0|0|0|0|0|0|0|0|0|0|0|0|0|0
DHCST|NY|000|05|0213749|0|0|0|0|0|0|0|0|0|0|0|0|0|0|0|0|0|0|0|0|0|0|0|0|0|0|0|0|0|0|0|0|0|0|0|0|0|0|0|0|0|0|0|0|0|0|0|0|0|0|0|0|0|0|0|0|0|0|0|0|0|0|0|0|0|0|0|0|0|0|0|0|0|0|0|0|0|0|0|0|0|0|0|0|0|0|0|0|0|0|0|0|0|0|0|0|0|0|0|0|0|0|0|0|0|0|0|0|0|0|0|0|0|0|0|0|0|0|0|0|0|0|0|0|0|0|0|0|0|0|0|0|0|0|0|0|0|0|0|0|0|0|0|0|0|0|0|0|0|0|0|0|0|0|0|0|0|0|0|0|0|0|0|0|0|0|0|0|0|0|0|0|0|0|0|0|0|0|0|0|0|0|0|0|0|0|0|0|0|0|0|0|0|0|0|0|0|0|0
DHCST|NY|000|05|0213750|38|38|38|0|0|38|24|0|0|8|0|0|6|38|37|1|38|37|24|0|0|8|0|0|5|1|0|0|0|0|0|0|1|45|29|4|0|10|1|1|45|42|28|3|0|10|1|0|3|1|1|0|0|0|1|38|32|24|0|0|8|0|0|6|5|2|0|2|0|0|0|0|1|0|0|0|0|0|0|0|1|0|0|0|1|0|0|0|0|0|0|0|0|0|0|0|0|0|0|0|0|0|0|0|0|0|0|0|0|0|0|0|0|0|0|0|0|0|0|0|0|0|0|0|0|0|38|1|37|32|24|0|0|8|0|0|5|5|2|0|2|0|0|0|0|1|0|0|0|0|0|0|0|0|0|0|0|0|0|0|0|0|0|0|0|0|0|0|0|0|0|0|0|0|0|0|0|0|0|0|0|0|0|0|0|0|0|0|0|0|0|0|0|0|0|0|0|0|0
DHCST|NY|000|05|0213751|41|41|41|0|0|41|25|7|0|0|0|5|4|41|36|5|41|36|25|7|0|0|0|1|3|5|0|0|0|0|0|4|1|46|29|9|1|0|0|7|46|39|28|9|0|0|0|2|7|1|0|1|0|0|5|41|37|25|7|0|0|0|5|4|3|2|0|0|0|1|0|0|0|0|0|0|0|0|0|0|1|0|0|0|0|0|0|1|0|0|0|0|0|0|0|0|0|0|0|0|0|0|0|0|0|0|0|0|0|0|0|0|0|0|0|0|0|0|0|0|0|0|0|0|0|0|41|5|36|33|25|7|0|0|0|1|3|3|2|0|0|0|1|0|0|0|0|0|0|0|0|0|0|0|0|0|0|0|0|0|0|0|0|0|0|0|0|0|0|0|0|0|0|0|0|0|0|0|0|0|0|0|0|0|0|0|0|0|0|0|0|0|0|0|0|0|0|0|0
DHCST|NY|000|05|0213752|0|0|0|0|0|0|0|0|0|0|0|0|0|0|0|0|0|0|0|0|0|0|0|0|0|0|0|0|0|0|0|0|0|0|0|0|0|0|0|0|0|0|0|0|0|0|0|0|0|0|0|0|0|0|0|0|0|0|0|0|0|0|0|0|0|0|0|0|0|0|0|0|0|0|0|0|0|0|0|0|0|0|0|0|0|0|0|0|0|0|0|0|0|0|0|0|0|0|0|0|0|0|0|0|0|0|0|0|0|0|0|0|0|0|0|0|0|0|0|0|0|0|0|0|0|0|0|0|0|0|0|0|0|0|0|0|0|0|0|0|0|0|0|0|0|0|0|0|0|0|0|0|0|0|0|0|0|0|0|0|0|0|0|0|0|0|0|0|0|0|0|0|0|0|0|0|0|0|0|0|0|0|0|0|0|0|0|0|0|0|0|0|0|0|0|0|0|0|0
DHCST|NY|000|05|0213753|137|137|137|0|0|137|109|6|0|15|0|2|5|137|128|9|137|128|107|6|0|15|0|0|0|9|2|0|0|0|0|2|5|142|114|6|0|15|0|7|142|128|107|6|0|15|0|0|14|7|0|0|0|0|7|137|132|109|6|0|15|0|2|5|5|0|0|0|0|5|0|0|0|0|0|0|0|0|0|0|0|0|0|0|0|0|0|0|0|0|0|0|0|0|0|0|0|0|0|0|0|0|0|0|0|0|0|0|0|0|0|0|0|0|0|0|0|0|0|0|0|0|0|0|0|0|137|9|128|128|107|6|0|15|0|0|0|0|0|0|0|0|0|0|0|0|0|0|0|0|0|0|0|0|0|0|0|0|0|0|0|0|0|0|0|0|0|0|0|0|0|0|0|0|0|0|0|0|0|0|0|0|0|0|0|0|0|0|0|0|0|0|0|0|0|0|0|0|0
DHCST|NY|000|05|0213754|61|61|61|0|0|61|44|3|0|11|0|2|1|61|58|3|61|58|44|3|0|11|0|0|0|3|0|0|0|0|0|2|1|62|45|3|0|11|1|2|62|58|44|3|0|11|0|0|4|1|0|0|0|1|2|61|60|44|3|0|11|0|2|1|1|0|0|0|1|0|0|0|0|0|0|0|0|0|0|0|0|0|0|0|0|0|0|0|0|0|0|0|0|0|0|0|0|0|0|0|0|0|0|0|0|0|0|0|0|0|0|0|0|0|0|0|0|0|0|0|0|0|0|0|0|0|61|3|58|58|44|3|0|11|0|0|0|0|0|0|0|0|0|0|0|0|0|0|0|0|0|0|0|0|0|0|0|0|0|0|0|0|0|0|0|0|0|0|0|0|0|0|0|0|0|0|0|0|0|0|0|0|0|0|0|0|0|0|0|0|0|0|0|0|0|0|0|0|0
DHCST|NY|000|05|0213755|112|112|112|0|0|112|58|20|0|28|0|5|1|112|109|3|112|109|55|20|0|28|0|5|1|3|3|0|0|0|0|0|0|113|59|20|1|28|0|5|113|110|56|20|1|28|0|5|3|3|0|0|0|0|0|112|111|58|20|0|28|0|5|1|1|0|1|0|0|0|0|0|0|0|0|0|0|0|0|0|0|0|0|0|0|0|0|0|0|0|0|0|0|0|0|0|0|0|0|0|0|0|0|0|0|0|0|0|0|0|0|0|0|0|0|0|0|0|0|0|0|0|0|0|0|0|112|3|109|108|55|20|0|28|0|5|1|1|0|1|0|0|0|0|0|0|0|0|0|0|0|0|0|0|0|0|0|0|0|0|0|0|0|0|0|0|0|0|0|0|0|0|0|0|0|0|0|0|0|0|0|0|0|0|0|0|0|0|0|0|0|0|0|0|0|0|0|0|0
DHCST|NY|000|05|0213756|92|92|92|0|0|92|59|7|0|21|0|3|2|92|88|4|92|88|58|7|0|21|0|0|2|4|1|0|0|0|0|3|0|94|61|7|0|23|0|3|94|90|60|7|0|23|0|0|4|1|0|0|0|0|3|92|90|59|7|0|21|0|3|2|2|0|0|2|0|0|0|0|0|0|0|0|0|0|0|0|0|0|0|0|0|0|0|0|0|0|0|0|0|0|0|0|0|0|0|0|0|0|0|0|0|0|0|0|0|0|0|0|0|0|0|0|0|0|0|0|0|0|0|0|0|0|92|4|88|86|58|7|0|21|0|0|2|2|0|0|2|0|0|0|0|0|0|0|0|0|0|0|0|0|0|0|0|0|0|0|0|0|0|0|0|0|0|0|0|0|0|0|0|0|0|0|0|0|0|0|0|0|0|0|0|0|0|0|0|0|0|0|0|0|0|0|0|0|0
DHCST|NY|000|05|0213757|85|85|85|0|0|85|69|6|0|3|0|4|3|85|80|5|85|80|66|4|0|3|0|4|3|5|3|2|0|0|0|0|0|88|72|9|0|3|0|4|88|83|69|7|0|3|0|4|5|3|2|0|0|0|0|85|82|69|6|0|3|0|4|3|3|3|0|0|0|0|0|0|0|0|0|0|0|0|0|0|0|0|0|0|0|0|0|0|0|0|0|0|0|0|0|0|0|0|0|0|0|0|0|0|0|0|0|0|0|0|0|0|0|0|0|0|0|0|0|0|0|0|0|0|0|0|85|5|80|77|66|4|0|3|0|4|3|3|3|0|0|0|0|0|0|0|0|0|0|0|0|0|0|0|0|0|0|0|0|0|0|0|0|0|0|0|0|0|0|0|0|0|0|0|0|0|0|0|0|0|0|0|0|0|0|0|0|0|0|0|0|0|0|0|0|0|0|0|0
DHCST|NY|000|05|0213758|73|73|73|0|0|73|32|0|3|0|1|7|30|73|44|29|73|44|28|0|3|0|1|0|12|29|4|0|0|0|0|7|18|108|57|18|8|5|1|19|108|61|40|8|8|3|1|1|47|17|10|0|2|0|18|73|43|32|0|3|0|1|7|30|25|10|0|3|0|7|0|0|0|3|0|0|0|0|2|0|5|5|0|0|0|0|0|0|0|0|0|0|0|0|0|0|0|0|0|0|0|0|0|0|0|0|0|0|0|0|0|0|0|0|0|0|0|0|0|0|0|0|0|0|0|0|73|29|44|32|28|0|3|0|1|0|12|7|3|0|3|0|1|0|0|0|0|0|0|0|0|0|0|5|5|0|0|0|0|0|0|0|0|0|0|0|0|0|0|0|0|0|0|0|0|0|0|0|0|0|0|0|0|0|0|0|0|0|0|0|0|0|0|0|0|0|0|0|0
DHCST|NY|000|05|0213759|24|24|24|0|0|24|12|6|0|5|0|0|1|24|20|4|24|20|9|6|0|5|0|0|0|4|3|0|0|0|0|0|1|25|13|6|0|5|0|1|25|20|9|6|0|5|0|0|5|4|0|0|0|0|1|24|23|12|6|0|5|0|0|1|1|0|0|0|0|1|0|0|0|0|0|0|0|0|0|0|0|0|0|0|0|0|0|0|0|0|0|0|0|0|0|0|0|0|0|0|0|0|0|0|0|0|0|0|0|0|0|0|0|0|0|0|0|0|0|0|0|0|0|0|0|0|24|4|20|20|9|6|0|5|0|0|0|0|0|0|0|0|0|0|0|0|0|0|0|0|0|0|0|0|0|0|0|0|0|0|0|0|0|0|0|0|0|0|0|0|0|0|0|0|0|0|0|0|0|0|0|0|0|0|0|0|0|0|0|0|0|0|0|0|0|0|0|0|0
DHCST|NY|000|05|0213760|430|430|430|0|0|430|349|38|0|12|0|9|22|430|406|24|430|406|340|38|0|12|0|2|14|24|9|0|0|0|0|7|8|454|368|45|5|15|1|20|454|422|354|42|5|15|1|5|32|14|3|0|0|0|15|430|408|349|38|0|12|0|9|22|20|3|3|3|0|8|0|0|0|3|0|0|0|0|0|0|2|1|0|0|0|0|1|0|0|0|0|0|0|0|0|0|0|0|0|0|0|0|0|0|0|0|0|0|0|0|0|0|0|0|0|0|0|0|0|0|0|0|0|0|0|0|430|24|406|392|340|38|0|12|0|2|14|12|3|3|3|0|3|0|0|0|0|0|0|0|0|0|0|2|1|0|0|0|0|1|0|0|0|0|0|0|0|0|0|0|0|0|0|0|0|0|0|0|0|0|0|0|0|0|0|0|0|0|0|0|0|0|0|0|0|0|0|0|0
DHCST|NY|000|05|0213761|25|25|25|0|0|25|21|2|0|0|0|0|2|25|25|0|25|25|21|2|0|0|0|0|2|0|0|0|0|0|0|0|0|27|23|4|0|0|0|0|27|27|23|4|0|0|0|0|0|0|0|0|0|0|0|25|23|21|2|0|0|0|0|2|2|2|0|0|0|0|0|0|0|0|0|0|0|0|0|0|0|0|0|0|0|0|0|0|0|0|0|0|0|0|0|0|0|0|0|0|0|0|0|0|0|0|0|0|0|0|0|0|0|0|0|0|0|0|0|0|0|0|0|0|0|0|25|0|25|23|21|2|0|0|0|0|2|2|2|0|0|0|0|0|0|0|0|0|0|0|0|0|0|0|0|0|0|0|0|0|0|0|0|0|0|0|0|0|0|0|0|0|0|0|0|0|0|0|0|0|0|0|0|0|0|0|0|0|0|0|0|0|0|0|0|0|0|0|0
DHCST|NY|000|05|0213762|71|71|71|0|0|71|45|22|0|3|0|0|1|71|65|6|71|65|40|22|0|3|0|0|0|6|5|0|0|0|0|0|1|72|46|22|0|3|0|1|72|65|40|22|0|3|0|0|7|6|0|0|0|0|1|71|70|45|22|0|3|0|0|1|1|0|0|0|0|1|0|0|0|0|0|0|0|0|0|0|0|0|0|0|0|0|0|0|0|0|0|0|0|0|0|0|0|0|0|0|0|0|0|0|0|0|0|0|0|0|0|0|0|0|0|0|0|0|0|0|0|0|0|0|0|0|71|6|65|65|40|22|0|3|0|0|0|0|0|0|0|0|0|0|0|0|0|0|0|0|0|0|0|0|0|0|0|0|0|0|0|0|0|0|0|0|0|0|0|0|0|0|0|0|0|0|0|0|0|0|0|0|0|0|0|0|0|0|0|0|0|0|0|0|0|0|0|0|0
DHCST|NY|000|05|0213763|0|0|0|0|0|0|0|0|0|0|0|0|0|0|0|0|0|0|0|0|0|0|0|0|0|0|0|0|0|0|0|0|0|0|0|0|0|0|0|0|0|0|0|0|0|0|0|0|0|0|0|0|0|0|0|0|0|0|0|0|0|0|0|0|0|0|0|0|0|0|0|0|0|0|0|0|0|0|0|0|0|0|0|0|0|0|0|0|0|0|0|0|0|0|0|0|0|0|0|0|0|0|0|0|0|0|0|0|0|0|0|0|0|0|0|0|0|0|0|0|0|0|0|0|0|0|0|0|0|0|0|0|0|0|0|0|0|0|0|0|0|0|0|0|0|0|0|0|0|0|0|0|0|0|0|0|0|0|0|0|0|0|0|0|0|0|0|0|0|0|0|0|0|0|0|0|0|0|0|0|0|0|0|0|0|0|0|0|0|0|0|0|0|0|0|0|0|0|0
DHCST|NY|000|05|0213764|27|27|27|0|0|27|25|0|0|0|0|0|2|27|23|4|27|23|22|0|0|0|0|0|1|4|3|0|0|0|0|0|1|29|27|1|0|0|0|1|29|24|23|1|0|0|0|0|5|4|0|0|0|0|1|27|25|25|0|0|0|0|0|2|2|1|0|0|0|1|0|0|0|0|0|0|0|0|0|0|0|0|0|0|0|0|0|0|0|0|0|0|0|0|0|0|0|0|0|0|0|0|0|0|0|0|0|0|0|0|0|0|0|0|0|0|0|0|0|0|0|0|0|0|0|0|27|4|23|22|22|0|0|0|0|0|1|1|1|0|0|0|0|0|0|0|0|0|0|0|0|0|0|0|0|0|0|0|0|0|0|0|0|0|0|0|0|0|0|0|0|0|0|0|0|0|0|0|0|0|0|0|0|0|0|0|0|0|0|0|0|0|0|0|0|0|0|0|0
DHCST|NY|000|05|0213765|41|41|41|0|0|41|23|9|0|4|0|0|5|41|38|3|41|38|23|8|0|4|0|0|3|3|0|1|0|0|0|0|2|46|28|11|1|5|0|1|46|41|26|10|0|5|0|0|5|2|1|1|0|0|1|41|36|23|9|0|4|0|0|5|5|2|1|1|0|1|0|0|0|0|0|0|0|0|0|0|0|0|0|0|0|0|0|0|0|0|0|0|0|0|0|0|0|0|0|0|0|0|0|0|0|0|0|0|0|0|0|0|0|0|0|0|0|0|0|0|0|0|0|0|0|0|41|3|38|35|23|8|0|4|0|0|3|3|2|0|1|0|0|0|0|0|0|0|0|0|0|0|0|0|0|0|0|0|0|0|0|0|0|0|0|0|0|0|0|0|0|0|0|0|0|0|0|0|0|0|0|0|0|0|0|0|0|0|0|0|0|0|0|0|0|0|0|0|0
DHCST|NY|000|05|0213766|56|56|56|0|0|56|36|19|0|0|0|0|1|56|55|1|56|55|36|19|0|0|0|0|0|1|0|0|0|0|0|0|1|57|36|20|0|0|0|1|57|55|36|19|0|0|0|0|2|0|1|0|0|0|1|56|55|36|19|0|0|0|0|1|1|0|0|0|0|0|0|0|0|1|0|0|0|0|0|0|0|0|0|0|0|0|0|0|0|0|0|0|0|0|0|0|0|0|0|0|0|0|0|0|0|0|0|0|0|0|0|0|0|0|0|0|0|0|0|0|0|0|0|0|0|0|56|1|55|55|36|19|0|0|0|0|0|0|0|0|0|0|0|0|0|0|0|0|0|0|0|0|0|0|0|0|0|0|0|0|0|0|0|0|0|0|0|0|0|0|0|0|0|0|0|0|0|0|0|0|0|0|0|0|0|0|0|0|0|0|0|0|0|0|0|0|0|0|0
DHCST|NY|000|05|0213767|8|8|8|0|0|8|2|3|0|0|0|0|3|8|8|0|8|8|2|3|0|0|0|0|3|0|0|0|0|0|0|0|0|11|5|5|1|0|0|0|11|11|5|5|1|0|0|0|0|0|0|0|0|0|0|8|5|2|3|0|0|0|0|3|3|2|1|0|0|0|0|0|0|0|0|0|0|0|0|0|0|0|0|0|0|0|0|0|0|0|0|0|0|0|0|0|0|0|0|0|0|0|0|0|0|0|0|0|0|0|0|0|0|0|0|0|0|0|0|0|0|0|0|0|0|0|8|0|8|5|2|3|0|0|0|0|3|3|2|1|0|0|0|0|0|0|0|0|0|0|0|0|0|0|0|0|0|0|0|0|0|0|0|0|0|0|0|0|0|0|0|0|0|0|0|0|0|0|0|0|0|0|0|0|0|0|0|0|0|0|0|0|0|0|0|0|0|0|0
DHCST|NY|000|05|0213768|13|13|13|0|0|13|10|3|0|0|0|0|0|13|13|0|13|13|10|3|0|0|0|0|0|0|0|0|0|0|0|0|0|13|10|3|0|0|0|0|13|13|10|3|0|0|0|0|0|0|0|0|0|0|0|13|13|10|3|0|0|0|0|0|0|0|0|0|0|0|0|0|0|0|0|0|0|0|0|0|0|0|0|0|0|0|0|0|0|0|0|0|0|0|0|0|0|0|0|0|0|0|0|0|0|0|0|0|0|0|0|0|0|0|0|0|0|0|0|0|0|0|0|0|0|0|13|0|13|13|10|3|0|0|0|0|0|0|0|0|0|0|0|0|0|0|0|0|0|0|0|0|0|0|0|0|0|0|0|0|0|0|0|0|0|0|0|0|0|0|0|0|0|0|0|0|0|0|0|0|0|0|0|0|0|0|0|0|0|0|0|0|0|0|0|0|0|0|0
DHCST|NY|000|05|0213769|44|44|44|0|0|44|27|0|0|0|0|3|14|44|44|0|44|44|27|0|0|0|0|3|14|0|0|0|0|0|0|0|0|58|39|8|3|3|0|5|58|58|39|8|3|3|0|5|0|0|0|0|0|0|0|44|30|27|0|0|0|0|3|14|14|6|3|1|0|2|0|2|0|0|0|0|0|0|0|0|0|0|0|0|0|0|0|0|0|0|0|0|0|0|0|0|0|0|0|0|0|0|0|0|0|0|0|0|0|0|0|0|0|0|0|0|0|0|0|0|0|0|0|0|0|0|44|0|44|30|27|0|0|0|0|3|14|14|6|3|1|0|2|0|2|0|0|0|0|0|0|0|0|0|0|0|0|0|0|0|0|0|0|0|0|0|0|0|0|0|0|0|0|0|0|0|0|0|0|0|0|0|0|0|0|0|0|0|0|0|0|0|0|0|0|0|0|0|0
DHCST|NY|000|05|0213770|47|47|47|0|0|47|33|11|0|0|0|0|3|47|47|0|47|47|33|11|0|0|0|0|3|0|0|0|0|0|0|0|0|50|36|13|0|1|0|0|50|50|36|13|0|1|0|0|0|0|0|0|0|0|0|47|44|33|11|0|0|0|0|3|3|2|0|1|0|0|0|0|0|0|0|0|0|0|0|0|0|0|0|0|0|0|0|0|0|0|0|0|0|0|0|0|0|0|0|0|0|0|0|0|0|0|0|0|0|0|0|0|0|0|0|0|0|0|0|0|0|0|0|0|0|0|47|0|47|44|33|11|0|0|0|0|3|3|2|0|1|0|0|0|0|0|0|0|0|0|0|0|0|0|0|0|0|0|0|0|0|0|0|0|0|0|0|0|0|0|0|0|0|0|0|0|0|0|0|0|0|0|0|0|0|0|0|0|0|0|0|0|0|0|0|0|0|0|0
DHCST|NY|000|05|0213771|35|35|35|0|0|35|26|4|0|3|0|0|2|35|34|1|35|34|26|4|0|3|0|0|1|1|0|0|0|0|0|0|1|37|28|4|0|3|0|2|37|35|27|4|0|3|0|1|2|1|0|0|0|0|1|35|33|26|4|0|3|0|0|2|2|0|0|0|0|2|0|0|0|0|0|0|0|0|0|0|0|0|0|0|0|0|0|0|0|0|0|0|0|0|0|0|0|0|0|0|0|0|0|0|0|0|0|0|0|0|0|0|0|0|0|0|0|0|0|0|0|0|0|0|0|0|35|1|34|33|26|4|0|3|0|0|1|1|0|0|0|0|1|0|0|0|0|0|0|0|0|0|0|0|0|0|0|0|0|0|0|0|0|0|0|0|0|0|0|0|0|0|0|0|0|0|0|0|0|0|0|0|0|0|0|0|0|0|0|0|0|0|0|0|0|0|0|0|0
DHCST|NY|000|05|0213772|0|0|0|0|0|0|0|0|0|0|0|0|0|0|0|0|0|0|0|0|0|0|0|0|0|0|0|0|0|0|0|0|0|0|0|0|0|0|0|0|0|0|0|0|0|0|0|0|0|0|0|0|0|0|0|0|0|0|0|0|0|0|0|0|0|0|0|0|0|0|0|0|0|0|0|0|0|0|0|0|0|0|0|0|0|0|0|0|0|0|0|0|0|0|0|0|0|0|0|0|0|0|0|0|0|0|0|0|0|0|0|0|0|0|0|0|0|0|0|0|0|0|0|0|0|0|0|0|0|0|0|0|0|0|0|0|0|0|0|0|0|0|0|0|0|0|0|0|0|0|0|0|0|0|0|0|0|0|0|0|0|0|0|0|0|0|0|0|0|0|0|0|0|0|0|0|0|0|0|0|0|0|0|0|0|0|0|0|0|0|0|0|0|0|0|0|0|0|0
DHCST|NY|000|05|0213773|0|0|0|0|0|0|0|0|0|0|0|0|0|0|0|0|0|0|0|0|0|0|0|0|0|0|0|0|0|0|0|0|0|0|0|0|0|0|0|0|0|0|0|0|0|0|0|0|0|0|0|0|0|0|0|0|0|0|0|0|0|0|0|0|0|0|0|0|0|0|0|0|0|0|0|0|0|0|0|0|0|0|0|0|0|0|0|0|0|0|0|0|0|0|0|0|0|0|0|0|0|0|0|0|0|0|0|0|0|0|0|0|0|0|0|0|0|0|0|0|0|0|0|0|0|0|0|0|0|0|0|0|0|0|0|0|0|0|0|0|0|0|0|0|0|0|0|0|0|0|0|0|0|0|0|0|0|0|0|0|0|0|0|0|0|0|0|0|0|0|0|0|0|0|0|0|0|0|0|0|0|0|0|0|0|0|0|0|0|0|0|0|0|0|0|0|0|0|0
DHCST|NY|000|05|0213774|51|51|51|0|0|51|20|29|0|0|0|0|2|51|50|1|51|50|20|29|0|0|0|0|1|1|0|0|0|0|0|0|1|53|21|31|0|0|0|1|53|51|20|30|0|0|0|1|2|1|1|0|0|0|0|51|49|20|29|0|0|0|0|2|2|1|0|0|0|0|0|0|0|1|0|0|0|0|0|0|0|0|0|0|0|0|0|0|0|0|0|0|0|0|0|0|0|0|0|0|0|0|0|0|0|0|0|0|0|0|0|0|0|0|0|0|0|0|0|0|0|0|0|0|0|0|51|1|50|49|20|29|0|0|0|0|1|1|0|0|0|0|0|0|0|0|1|0|0|0|0|0|0|0|0|0|0|0|0|0|0|0|0|0|0|0|0|0|0|0|0|0|0|0|0|0|0|0|0|0|0|0|0|0|0|0|0|0|0|0|0|0|0|0|0|0|0|0|0
DHCST|NY|000|05|0213775|68|68|68|0|0|68|39|28|0|0|0|0|1|68|68|0|68|68|39|28|0|0|0|0|1|0|0|0|0|0|0|0|0|69|39|29|0|0|0|1|69|69|39|29|0|0|0|1|0|0|0|0|0|0|0|68|67|39|28|0|0|0|0|1|1|0|0|0|0|0|0|0|0|1|0|0|0|0|0|0|0|0|0|0|0|0|0|0|0|0|0|0|0|0|0|0|0|0|0|0|0|0|0|0|0|0|0|0|0|0|0|0|0|0|0|0|0|0|0|0|0|0|0|0|0|0|68|0|68|67|39|28|0|0|0|0|1|1|0|0|0|0|0|0|0|0|1|0|0|0|0|0|0|0|0|0|0|0|0|0|0|0|0|0|0|0|0|0|0|0|0|0|0|0|0|0|0|0|0|0|0|0|0|0|0|0|0|0|0|0|0|0|0|0|0|0|0|0|0
DHCST|NY|000|05|0213776|16|16|16|0|0|16|13|0|0|1|0|0|2|16|14|2|16|14|12|0|0|1|0|0|1|2|1|0|0|0|0|0|1|18|15|0|0|1|0|2|18|15|13|0|0|1|0|1|3|2|0|0|0|0|1|16|14|13|0|0|1|0|0|2|2|0|0|0|0|2|0|0|0|0|0|0|0|0|0|0|0|0|0|0|0|0|0|0|0|0|0|0|0|0|0|0|0|0|0|0|0|0|0|0|0|0|0|0|0|0|0|0|0|0|0|0|0|0|0|0|0|0|0|0|0|0|16|2|14|13|12|0|0|1|0|0|1|1|0|0|0|0|1|0|0|0|0|0|0|0|0|0|0|0|0|0|0|0|0|0|0|0|0|0|0|0|0|0|0|0|0|0|0|0|0|0|0|0|0|0|0|0|0|0|0|0|0|0|0|0|0|0|0|0|0|0|0|0|0
DHCST|NY|000|05|0213777|21|21|21|0|0|21|7|10|0|3|0|0|1|21|21|0|21|21|7|10|0|3|0|0|1|0|0|0|0|0|0|0|0|22|8|10|0|3|0|1|22|22|8|10|0|3|0|1|0|0|0|0|0|0|0|21|20|7|10|0|3|0|0|1|1|0|0|0|0|1|0|0|0|0|0|0|0|0|0|0|0|0|0|0|0|0|0|0|0|0|0|0|0|0|0|0|0|0|0|0|0|0|0|0|0|0|0|0|0|0|0|0|0|0|0|0|0|0|0|0|0|0|0|0|0|0|21|0|21|20|7|10|0|3|0|0|1|1|0|0|0|0|1|0|0|0|0|0|0|0|0|0|0|0|0|0|0|0|0|0|0|0|0|0|0|0|0|0|0|0|0|0|0|0|0|0|0|0|0|0|0|0|0|0|0|0|0|0|0|0|0|0|0|0|0|0|0|0|0
DHCST|NY|000|05|0213778|0|0|0|0|0|0|0|0|0|0|0|0|0|0|0|0|0|0|0|0|0|0|0|0|0|0|0|0|0|0|0|0|0|0|0|0|0|0|0|0|0|0|0|0|0|0|0|0|0|0|0|0|0|0|0|0|0|0|0|0|0|0|0|0|0|0|0|0|0|0|0|0|0|0|0|0|0|0|0|0|0|0|0|0|0|0|0|0|0|0|0|0|0|0|0|0|0|0|0|0|0|0|0|0|0|0|0|0|0|0|0|0|0|0|0|0|0|0|0|0|0|0|0|0|0|0|0|0|0|0|0|0|0|0|0|0|0|0|0|0|0|0|0|0|0|0|0|0|0|0|0|0|0|0|0|0|0|0|0|0|0|0|0|0|0|0|0|0|0|0|0|0|0|0|0|0|0|0|0|0|0|0|0|0|0|0|0|0|0|0|0|0|0|0|0|0|0|0|0
DHCST|NY|000|05|0213779|0|0|0|0|0|0|0|0|0|0|0|0|0|0|0|0|0|0|0|0|0|0|0|0|0|0|0|0|0|0|0|0|0|0|0|0|0|0|0|0|0|0|0|0|0|0|0|0|0|0|0|0|0|0|0|0|0|0|0|0|0|0|0|0|0|0|0|0|0|0|0|0|0|0|0|0|0|0|0|0|0|0|0|0|0|0|0|0|0|0|0|0|0|0|0|0|0|0|0|0|0|0|0|0|0|0|0|0|0|0|0|0|0|0|0|0|0|0|0|0|0|0|0|0|0|0|0|0|0|0|0|0|0|0|0|0|0|0|0|0|0|0|0|0|0|0|0|0|0|0|0|0|0|0|0|0|0|0|0|0|0|0|0|0|0|0|0|0|0|0|0|0|0|0|0|0|0|0|0|0|0|0|0|0|0|0|0|0|0|0|0|0|0|0|0|0|0|0|0
DHCST|NY|000|05|0213780|37|37|37|0|0|37|13|17|0|3|0|0|4|37|36|1|37|36|13|16|0|3|0|0|4|1|0|1|0|0|0|0|0|41|16|18|1|6|0|0|41|40|16|17|1|6|0|0|1|0|1|0|0|0|0|37|33|13|17|0|3|0|0|4|4|0|0|3|0|0|1|0|0|0|0|0|0|0|0|0|0|0|0|0|0|0|0|0|0|0|0|0|0|0|0|0|0|0|0|0|0|0|0|0|0|0|0|0|0|0|0|0|0|0|0|0|0|0|0|0|0|0|0|0|0|0|37|1|36|32|13|16|0|3|0|0|4|4|0|0|3|0|0|1|0|0|0|0|0|0|0|0|0|0|0|0|0|0|0|0|0|0|0|0|0|0|0|0|0|0|0|0|0|0|0|0|0|0|0|0|0|0|0|0|0|0|0|0|0|0|0|0|0|0|0|0|0|0|0
DHCST|NY|000|05|0213781|177|177|177|0|0|177|168|4|2|0|0|1|2|177|175|2|177|175|168|4|2|0|0|0|1|2|0|0|0|0|0|1|1|179|169|4|3|0|1|2|179|176|169|4|2|0|0|1|3|0|0|1|0|1|1|177|175|168|4|2|0|0|1|2|2|0|0|0|0|1|0|0|0|0|0|1|0|0|0|0|0|0|0|0|0|0|0|0|0|0|0|0|0|0|0|0|0|0|0|0|0|0|0|0|0|0|0|0|0|0|0|0|0|0|0|0|0|0|0|0|0|0|0|0|0|0|177|2|175|174|168|4|2|0|0|0|1|1|0|0|0|0|1|0|0|0|0|0|0|0|0|0|0|0|0|0|0|0|0|0|0|0|0|0|0|0|0|0|0|0|0|0|0|0|0|0|0|0|0|0|0|0|0|0|0|0|0|0|0|0|0|0|0|0|0|0|0|0|0
DHCST|NY|000|05|0213782|22|22|22|0|0|22|15|4|0|0|0|0|3|22|22|0|22|22|15|4|0|0|0|0|3|0|0|0|0|0|0|0|0|25|18|6|0|0|0|1|25|25|18|6|0|0|0|1|0|0|0|0|0|0|0|22|19|15|4|0|0|0|0|3|3|2|0|0|0|1|0|0|0|0|0|0|0|0|0|0|0|0|0|0|0|0|0|0|0|0|0|0|0|0|0|0|0|0|0|0|0|0|0|0|0|0|0|0|0|0|0|0|0|0|0|0|0|0|0|0|0|0|0|0|0|0|22|0|22|19|15|4|0|0|0|0|3|3|2|0|0|0|1|0|0|0|0|0|0|0|0|0|0|0|0|0|0|0|0|0|0|0|0|0|0|0|0|0|0|0|0|0|0|0|0|0|0|0|0|0|0|0|0|0|0|0|0|0|0|0|0|0|0|0|0|0|0|0|0
DHCST|NY|000|05|0213783|44|44|44|0|0|44|29|6|0|1|0|1|7|44|37|7|44|37|29|5|0|1|0|0|2|7|0|1|0|0|0|1|5|52|34|8|1|1|0|8|52|39|29|7|0|1|0|2|13|5|1|1|0|0|6|44|37|29|6|0|1|0|1|7|6|0|0|0|0|4|0|0|0|2|0|0|0|0|0|0|1|0|0|0|0|0|0|1|0|0|0|0|0|0|0|0|0|0|0|0|0|0|0|0|0|0|0|0|0|0|0|0|0|0|0|0|0|0|0|0|0|0|0|0|0|0|44|7|37|35|29|5|0|1|0|0|2|2|0|0|0|0|0|0|0|0|2|0|0|0|0|0|0|0|0|0|0|0|0|0|0|0|0|0|0|0|0|0|0|0|0|0|0|0|0|0|0|0|0|0|0|0|0|0|0|0|0|0|0|0|0|0|0|0|0|0|0|0|0
DHCST|NY|000|05|0213784|80|80|80|0|0|80|57|19|0|0|0|0|4|80|76|4|80|76|57|19|0|0|0|0|0|4|0|0|0|0|0|0|4|85|61|20|1|0|0|3|85|76|57|19|0|0|0|0|9|4|1|1|0|0|3|80|76|57|19|0|0|0|0|4|3|0|0|0|0|3|0|0|0|0|0|0|0|0|0|0|1|1|0|0|0|0|0|0|0|0|0|0|0|0|0|0|0|0|0|0|0|0|0|0|0|0|0|0|0|0|0|0|0|0|0|0|0|0|0|0|0|0|0|0|0|0|80|4|76|76|57|19|0|0|0|0|0|0|0|0|0|0|0|0|0|0|0|0|0|0|0|0|0|0|0|0|0|0|0|0|0|0|0|0|0|0|0|0|0|0|0|0|0|0|0|0|0|0|0|0|0|0|0|0|0|0|0|0|0|0|0|0|0|0|0|0|0|0|0
DHCST|NY|000|05|0213785|38|38|38|0|0|38|25|10|0|2|0|0|1|38|38|0|38|38|25|10|0|2|0|0|1|0|0|0|0|0|0|0|0|39|26|11|0|2|0|0|39|39|26|11|0|2|0|0|0|0|0|0|0|0|0|38|37|25|10|0|2|0|0|1|1|1|0|0|0|0|0|0|0|0|0|0|0|0|0|0|0|0|0|0|0|0|0|0|0|0|0|0|0|0|0|0|0|0|0|0|0|0|0|0|0|0|0|0|0|0|0|0|0|0|0|0|0|0|0|0|0|0|0|0|0|0|38|0|38|37|25|10|0|2|0|0|1|1|1|0|0|0|0|0|0|0|0|0|0|0|0|0|0|0|0|0|0|0|0|0|0|0|0|0|0|0|0|0|0|0|0|0|0|0|0|0|0|0|0|0|0|0|0|0|0|0|0|0|0|0|0|0|0|0|0|0|0|0|0
DHCST|NY|000|05|0213786|0|0|0|0|0|0|0|0|0|0|0|0|0|0|0|0|0|0|0|0|0|0|0|0|0|0|0|0|0|0|0|0|0|0|0|0|0|0|0|0|0|0|0|0|0|0|0|0|0|0|0|0|0|0|0|0|0|0|0|0|0|0|0|0|0|0|0|0|0|0|0|0|0|0|0|0|0|0|0|0|0|0|0|0|0|0|0|0|0|0|0|0|0|0|0|0|0|0|0|0|0|0|0|0|0|0|0|0|0|0|0|0|0|0|0|0|0|0|0|0|0|0|0|0|0|0|0|0|0|0|0|0|0|0|0|0|0|0|0|0|0|0|0|0|0|0|0|0|0|0|0|0|0|0|0|0|0|0|0|0|0|0|0|0|0|0|0|0|0|0|0|0|0|0|0|0|0|0|0|0|0|0|0|0|0|0|0|0|0|0|0|0|0|0|0|0|0|0|0
DHCST|NY|000|05|0213787|20|20|20|0|0|20|6|10|0|2|0|0|2|20|17|3|20|17|6|7|0|2|0|0|2|3|0|3|0|0|0|0|0|22|8|10|2|2|0|0|22|19|8|7|2|2|0|0|3|0|3|0|0|0|0|20|18|6|10|0|2|0|0|2|2|0|2|0|0|0|0|0|0|0|0|0|0|0|0|0|0|0|0|0|0|0|0|0|0|0|0|0|0|0|0|0|0|0|0|0|0|0|0|0|0|0|0|0|0|0|0|0|0|0|0|0|0|0|0|0|0|0|0|0|0|0|20|3|17|15|6|7|0|2|0|0|2|2|0|2|0|0|0|0|0|0|0|0|0|0|0|0|0|0|0|0|0|0|0|0|0|0|0|0|0|0|0|0|0|0|0|0|0|0|0|0|0|0|0|0|0|0|0|0|0|0|0|0|0|0|0|0|0|0|0|0|0|0|0
DHCST|NY|000|05|0213788|45|45|45|0|0|45|30|9|0|0|0|2|4|45|41|4|45|41|30|9|0|0|0|0|2|4|0|0|0|0|0|2|2|49|34|9|0|2|0|4|49|43|32|9|0|2|0|0|6|2|0|0|0|0|4|45|41|30|9|0|0|0|2|4|4|0|0|2|0|2|0|0|0|0|0|0|0|0|0|0|0|0|0|0|0|0|0|0|0|0|0|0|0|0|0|0|0|0|0|0|0|0|0|0|0|0|0|0|0|0|0|0|0|0|0|0|0|0|0|0|0|0|0|0|0|0|45|4|41|39|30|9|0|0|0|0|2|2|0|0|2|0|0|0|0|0|0|0|0|0|0|0|0|0|0|0|0|0|0|0|0|0|0|0|0|0|0|0|0|0|0|0|0|0|0|0|0|0|0|0|0|0|0|0|0|0|0|0|0|0|0|0|0|0|0|0|0|0|0
DHCST|NY|000|05|0213789|0|0|0|0|0|0|0|0|0|0|0|0|0|0|0|0|0|0|0|0|0|0|0|0|0|0|0|0|0|0|0|0|0|0|0|0|0|0|0|0|0|0|0|0|0|0|0|0|0|0|0|0|0|0|0|0|0|0|0|0|0|0|0|0|0|0|0|0|0|0|0|0|0|0|0|0|0|0|0|0|0|0|0|0|0|0|0|0|0|0|0|0|0|0|0|0|0|0|0|0|0|0|0|0|0|0|0|0|0|0|0|0|0|0|0|0|0|0|0|0|0|0|0|0|0|0|0|0|0|0|0|0|0|0|0|0|0|0|0|0|0|0|0|0|0|0|0|0|0|0|0|0|0|0|0|0|0|0|0|0|0|0|0|0|0|0|0|0|0|0|0|0|0|0|0|0|0|0|0|0|0|0|0|0|0|0|0|0|0|0|0|0|0|0|0|0|0|0|0
DHCST|NY|000|05|0213790|49|49|49|0|0|49|30|7|0|0|0|2|10|49|41|8|49|41|30|7|0|0|0|2|2|8|0|0|0|0|0|0|8|59|40|8|0|0|0|11|59|43|32|8|0|0|0|3|16|8|0|0|0|0|8|49|39|30|7|0|0|0|2|10|10|1|0|0|0|9|0|0|0|0|0|0|0|0|0|0|0|0|0|0|0|0|0|0|0|0|0|0|0|0|0|0|0|0|0|0|0|0|0|0|0|0|0|0|0|0|0|0|0|0|0|0|0|0|0|0|0|0|0|0|0|0|49|8|41|39|30|7|0|0|0|2|2|2|1|0|0|0|1|0|0|0|0|0|0|0|0|0|0|0|0|0|0|0|0|0|0|0|0|0|0|0|0|0|0|0|0|0|0|0|0|0|0|0|0|0|0|0|0|0|0|0|0|0|0|0|0|0|0|0|0|0|0|0|0
DHCST|NY|000|05|0213791|166|166|166|0|0|166|130|24|0|2|0|1|9|166|164|2|166|164|130|24|0|2|0|0|8|2|0|0|0|0|0|1|1|175|138|28|0|3|0|6|175|172|137|28|0|3|0|4|3|1|0|0|0|0|2|166|157|130|24|0|2|0|1|9|9|3|0|0|0|5|0|1|0|0|0|0|0|0|0|0|0|0|0|0|0|0|0|0|0|0|0|0|0|0|0|0|0|0|0|0|0|0|0|0|0|0|0|0|0|0|0|0|0|0|0|0|0|0|0|0|0|0|0|0|0|0|166|2|164|156|130|24|0|2|0|0|8|8|3|0|0|0|4|0|1|0|0|0|0|0|0|0|0|0|0|0|0|0|0|0|0|0|0|0|0|0|0|0|0|0|0|0|0|0|0|0|0|0|0|0|0|0|0|0|0|0|0|0|0|0|0|0|0|0|0|0|0|0|0
DHCST|NY|000|05|0213792|54|54|54|0|0|54|31|14|0|0|0|0|9|54|54|0|54|54|31|14|0|0|0|0|9|0|0|0|0|0|0|0|0|63|40|16|4|1|0|2|63|63|40|16|4|1|0|2|0|0|0|0|0|0|0|54|45|31|14|0|0|0|0|9|9|2|4|1|0|2|0|0|0|0|0|0|0|0|0|0|0|0|0|0|0|0|0|0|0|0|0|0|0|0|0|0|0|0|0|0|0|0|0|0|0|0|0|0|0|0|0|0|0|0|0|0|0|0|0|0|0|0|0|0|0|0|54|0|54|45|31|14|0|0|0|0|9|9|2|4|1|0|2|0|0|0|0|0|0|0|0|0|0|0|0|0|0|0|0|0|0|0|0|0|0|0|0|0|0|0|0|0|0|0|0|0|0|0|0|0|0|0|0|0|0|0|0|0|0|0|0|0|0|0|0|0|0|0|0
DHCST|NY|000|05|0213793|47|47|47|0|0|47|41|2|0|3|0|0|1|47|44|3|47|44|39|2|0|3|0|0|0|3|2|0|0|0|0|0|1|48|41|3|0|3|0|1|48|44|39|2|0|3|0|0|4|2|1|0|0|0|1|47|46|41|2|0|3|0|0|1|1|0|0|0|0|0|0|0|0|1|0|0|0|0|0|0|0|0|0|0|0|0|0|0|0|0|0|0|0|0|0|0|0|0|0|0|0|0|0|0|0|0|0|0|0|0|0|0|0|0|0|0|0|0|0|0|0|0|0|0|0|0|47|3|44|44|39|2|0|3|0|0|0|0|0|0|0|0|0|0|0|0|0|0|0|0|0|0|0|0|0|0|0|0|0|0|0|0|0|0|0|0|0|0|0|0|0|0|0|0|0|0|0|0|0|0|0|0|0|0|0|0|0|0|0|0|0|0|0|0|0|0|0|0|0
DHCST|NY|000|05|0213794|39|39|39|0|0|39|23|10|0|2|0|1|3|39|36|3|39|36|23|10|0|2|0|1|0|3|0|0|0|0|0|0|3|42|26|10|0|2|0|4|42|36|23|10|0|2|0|1|6|3|0|0|0|0|3|39|36|23|10|0|2|0|1|3|3|0|0|0|0|3|0|0|0|0|0|0|0|0|0|0|0|0|0|0|0|0|0|0|0|0|0|0|0|0|0|0|0|0|0|0|0|0|0|0|0|0|0|0|0|0|0|0|0|0|0|0|0|0|0|0|0|0|0|0|0|0|39|3|36|36|23|10|0|2|0|1|0|0|0|0|0|0|0|0|0|0|0|0|0|0|0|0|0|0|0|0|0|0|0|0|0|0|0|0|0|0|0|0|0|0|0|0|0|0|0|0|0|0|0|0|0|0|0|0|0|0|0|0|0|0|0|0|0|0|0|0|0|0|0
DHCST|NY|000|05|0213795|55|55|55|0|0|55|42|2|0|2|0|5|4|55|54|1|55|54|42|2|0|2|0|4|4|1|0|0|0|0|0|1|0|63|46|6|2|2|0|7|63|62|46|6|2|2|0|6|1|0|0|0|0|0|1|55|51|42|2|0|2|0|5|4|2|2|0|0|0|0|0|0|0|0|0|0|0|0|0|0|0|0|0|0|0|0|0|0|0|0|0|0|0|0|0|0|0|0|0|0|0|2|0|0|2|0|0|0|0|0|0|0|0|0|0|0|0|0|0|0|0|0|0|0|0|0|55|1|54|50|42|2|0|2|0|4|4|2|2|0|0|0|0|0|0|0|0|0|0|0|0|0|0|0|0|0|0|0|0|0|0|0|0|0|0|0|0|0|0|0|0|0|0|0|2|0|0|2|0|0|0|0|0|0|0|0|0|0|0|0|0|0|0|0|0|0|0|0|0
DHCST|NY|000|05|0213796|52|52|52|0|0|52|39|8|0|0|0|0|5|52|49|3|52|49|39|8|0|0|0|0|2|3|0|0|0|0|0|0|3|57|44|8|2|0|0|3|57|51|41|8|2|0|0|0|6|3|0|0|0|0|3|52|47|39|8|0|0|0|0|5|5|0|2|0|0|3|0|0|0|0|0|0|0|0|0|0|0|0|0|0|0|0|0|0|0|0|0|0|0|0|0|0|0|0|0|0|0|0|0|0|0|0|0|0|0|0|0|0|0|0|0|0|0|0|0|0|0|0|0|0|0|0|52|3|49|47|39|8|0|0|0|0|2|2|0|2|0|0|0|0|0|0|0|0|0|0|0|0|0|0|0|0|0|0|0|0|0|0|0|0|0|0|0|0|0|0|0|0|0|0|0|0|0|0|0|0|0|0|0|0|0|0|0|0|0|0|0|0|0|0|0|0|0|0|0
DHCST|NY|000|05|0213797|60|60|60|0|0|60|34|23|0|0|0|2|1|60|55|5|60|55|31|23|0|0|0|0|1|5|3|0|0|0|0|2|0|61|35|23|0|1|0|2|61|56|32|23|0|1|0|0|5|3|0|0|0|0|2|60|59|34|23|0|0|0|2|1|1|0|0|1|0|0|0|0|0|0|0|0|0|0|0|0|0|0|0|0|0|0|0|0|0|0|0|0|0|0|0|0|0|0|0|0|0|0|0|0|0|0|0|0|0|0|0|0|0|0|0|0|0|0|0|0|0|0|0|0|0|0|60|5|55|54|31|23|0|0|0|0|1|1|0|0|1|0|0|0|0|0|0|0|0|0|0|0|0|0|0|0|0|0|0|0|0|0|0|0|0|0|0|0|0|0|0|0|0|0|0|0|0|0|0|0|0|0|0|0|0|0|0|0|0|0|0|0|0|0|0|0|0|0|0
DHCST|NY|000|05|0213798|57|57|57|0|0|57|43|9|0|1|0|2|2|57|55|2|57|55|43|9|0|1|0|0|2|2|0|0|0|0|0|2|0|59|45|11|0|1|0|2|59|57|45|11|0|1|0|0|2|0|0|0|0|0|2|57|55|43|9|0|1|0|2|2|2|2|0|0|0|0|0|0|0|0|0|0|0|0|0|0|0|0|0|0|0|0|0|0|0|0|0|0|0|0|0|0|0|0|0|0|0|0|0|0|0|0|0|0|0|0|0|0|0|0|0|0|0|0|0|0|0|0|0|0|0|0|57|2|55|53|43|9|0|1|0|0|2|2|2|0|0|0|0|0|0|0|0|0|0|0|0|0|0|0|0|0|0|0|0|0|0|0|0|0|0|0|0|0|0|0|0|0|0|0|0|0|0|0|0|0|0|0|0|0|0|0|0|0|0|0|0|0|0|0|0|0|0|0|0
DHCST|NY|000|05|0213799|89|89|89|0|0|89|67|9|0|6|0|2|5|89|84|5|89|84|67|9|0|6|0|1|1|5|0|0|0|0|0|1|4|94|72|9|0|7|0|6|94|85|68|9|0|7|0|1|9|4|0|0|0|0|5|89|84|67|9|0|6|0|2|5|5|0|0|1|0|4|0|0|0|0|0|0|0|0|0|0|0|0|0|0|0|0|0|0|0|0|0|0|0|0|0|0|0|0|0|0|0|0|0|0|0|0|0|0|0|0|0|0|0|0|0|0|0|0|0|0|0|0|0|0|0|0|89|5|84|83|67|9|0|6|0|1|1|1|0|0|1|0|0|0|0|0|0|0|0|0|0|0|0|0|0|0|0|0|0|0|0|0|0|0|0|0|0|0|0|0|0|0|0|0|0|0|0|0|0|0|0|0|0|0|0|0|0|0|0|0|0|0|0|0|0|0|0|0|0
DHCST|NY|000|05|0213800|31|31|31|0|0|31|24|0|0|3|0|1|3|31|29|2|31|29|24|0|0|3|0|0|2|2|0|0|0|0|0|1|1|34|26|1|0|3|0|4|34|31|26|0|0|3|0|2|3|0|1|0|0|0|2|31|28|24|0|0|3|0|1|3|3|0|0|0|0|2|0|0|0|1|0|0|0|0|0|0|0|0|0|0|0|0|0|0|0|0|0|0|0|0|0|0|0|0|0|0|0|0|0|0|0|0|0|0|0|0|0|0|0|0|0|0|0|0|0|0|0|0|0|0|0|0|31|2|29|27|24|0|0|3|0|0|2|2|0|0|0|0|2|0|0|0|0|0|0|0|0|0|0|0|0|0|0|0|0|0|0|0|0|0|0|0|0|0|0|0|0|0|0|0|0|0|0|0|0|0|0|0|0|0|0|0|0|0|0|0|0|0|0|0|0|0|0|0|0
DHCST|NY|000|05|0213801|0|0|0|0|0|0|0|0|0|0|0|0|0|0|0|0|0|0|0|0|0|0|0|0|0|0|0|0|0|0|0|0|0|0|0|0|0|0|0|0|0|0|0|0|0|0|0|0|0|0|0|0|0|0|0|0|0|0|0|0|0|0|0|0|0|0|0|0|0|0|0|0|0|0|0|0|0|0|0|0|0|0|0|0|0|0|0|0|0|0|0|0|0|0|0|0|0|0|0|0|0|0|0|0|0|0|0|0|0|0|0|0|0|0|0|0|0|0|0|0|0|0|0|0|0|0|0|0|0|0|0|0|0|0|0|0|0|0|0|0|0|0|0|0|0|0|0|0|0|0|0|0|0|0|0|0|0|0|0|0|0|0|0|0|0|0|0|0|0|0|0|0|0|0|0|0|0|0|0|0|0|0|0|0|0|0|0|0|0|0|0|0|0|0|0|0|0|0|0
DHCST|NY|000|05|0213802|19|19|19|0|0|19|11|0|0|2|0|1|5|19|15|4|19|15|11|0|0|2|0|1|1|4|0|0|0|0|0|0|4|26|16|2|0|3|0|5|26|16|12|1|0|2|0|1|10|4|1|0|1|0|4|19|14|11|0|0|2|0|1|5|4|1|0|0|0|3|0|0|0|0|0|0|0|0|0|0|0|0|0|0|0|0|0|0|0|0|0|0|0|0|0|0|0|0|0|0|0|1|0|0|0|0|1|0|0|0|0|0|0|0|0|0|0|0|0|0|0|0|0|0|0|0|19|4|15|14|11|0|0|2|0|1|1|1|1|0|0|0|0|0|0|0|0|0|0|0|0|0|0|0|0|0|0|0|0|0|0|0|0|0|0|0|0|0|0|0|0|0|0|0|0|0|0|0|0|0|0|0|0|0|0|0|0|0|0|0|0|0|0|0|0|0|0|0|0
DHCST|NY|000|05|0213803|0|0|0|0|0|0|0|0|0|0|0|0|0|0|0|0|0|0|0|0|0|0|0|0|0|0|0|0|0|0|0|0|0|0|0|0|0|0|0|0|0|0|0|0|0|0|0|0|0|0|0|0|0|0|0|0|0|0|0|0|0|0|0|0|0|0|0|0|0|0|0|0|0|0|0|0|0|0|0|0|0|0|0|0|0|0|0|0|0|0|0|0|0|0|0|0|0|0|0|0|0|0|0|0|0|0|0|0|0|0|0|0|0|0|0|0|0|0|0|0|0|0|0|0|0|0|0|0|0|0|0|0|0|0|0|0|0|0|0|0|0|0|0|0|0|0|0|0|0|0|0|0|0|0|0|0|0|0|0|0|0|0|0|0|0|0|0|0|0|0|0|0|0|0|0|0|0|0|0|0|0|0|0|0|0|0|0|0|0|0|0|0|0|0|0|0|0|0|0
DHCST|NY|000|05|0213804|0|0|0|0|0|0|0|0|0|0|0|0|0|0|0|0|0|0|0|0|0|0|0|0|0|0|0|0|0|0|0|0|0|0|0|0|0|0|0|0|0|0|0|0|0|0|0|0|0|0|0|0|0|0|0|0|0|0|0|0|0|0|0|0|0|0|0|0|0|0|0|0|0|0|0|0|0|0|0|0|0|0|0|0|0|0|0|0|0|0|0|0|0|0|0|0|0|0|0|0|0|0|0|0|0|0|0|0|0|0|0|0|0|0|0|0|0|0|0|0|0|0|0|0|0|0|0|0|0|0|0|0|0|0|0|0|0|0|0|0|0|0|0|0|0|0|0|0|0|0|0|0|0|0|0|0|0|0|0|0|0|0|0|0|0|0|0|0|0|0|0|0|0|0|0|0|0|0|0|0|0|0|0|0|0|0|0|0|0|0|0|0|0|0|0|0|0|0|0
DHCST|NY|000|05|0213805|0|0|0|0|0|0|0|0|0|0|0|0|0|0|0|0|0|0|0|0|0|0|0|0|0|0|0|0|0|0|0|0|0|0|0|0|0|0|0|0|0|0|0|0|0|0|0|0|0|0|0|0|0|0|0|0|0|0|0|0|0|0|0|0|0|0|0|0|0|0|0|0|0|0|0|0|0|0|0|0|0|0|0|0|0|0|0|0|0|0|0|0|0|0|0|0|0|0|0|0|0|0|0|0|0|0|0|0|0|0|0|0|0|0|0|0|0|0|0|0|0|0|0|0|0|0|0|0|0|0|0|0|0|0|0|0|0|0|0|0|0|0|0|0|0|0|0|0|0|0|0|0|0|0|0|0|0|0|0|0|0|0|0|0|0|0|0|0|0|0|0|0|0|0|0|0|0|0|0|0|0|0|0|0|0|0|0|0|0|0|0|0|0|0|0|0|0|0|0
DHCST|NY|000|05|0213806|0|0|0|0|0|0|0|0|0|0|0|0|0|0|0|0|0|0|0|0|0|0|0|0|0|0|0|0|0|0|0|0|0|0|0|0|0|0|0|0|0|0|0|0|0|0|0|0|0|0|0|0|0|0|0|0|0|0|0|0|0|0|0|0|0|0|0|0|0|0|0|0|0|0|0|0|0|0|0|0|0|0|0|0|0|0|0|0|0|0|0|0|0|0|0|0|0|0|0|0|0|0|0|0|0|0|0|0|0|0|0|0|0|0|0|0|0|0|0|0|0|0|0|0|0|0|0|0|0|0|0|0|0|0|0|0|0|0|0|0|0|0|0|0|0|0|0|0|0|0|0|0|0|0|0|0|0|0|0|0|0|0|0|0|0|0|0|0|0|0|0|0|0|0|0|0|0|0|0|0|0|0|0|0|0|0|0|0|0|0|0|0|0|0|0|0|0|0|0
DHCST|NY|000|05|0213807|32|32|32|0|0|32|18|11|0|0|0|1|2|32|30|2|32|30|18|11|0|0|0|0|1|2|0|0|0|0|0|1|1|34|19|12|1|0|0|2|34|31|18|12|1|0|0|0|3|1|0|0|0|0|2|32|30|18|11|0|0|0|1|2|2|0|0|0|0|1|1|0|0|0|0|0|0|0|0|0|0|0|0|0|0|0|0|0|0|0|0|0|0|0|0|0|0|0|0|0|0|0|0|0|0|0|0|0|0|0|0|0|0|0|0|0|0|0|0|0|0|0|0|0|0|0|32|2|30|29|18|11|0|0|0|0|1|1|0|0|0|0|0|1|0|0|0|0|0|0|0|0|0|0|0|0|0|0|0|0|0|0|0|0|0|0|0|0|0|0|0|0|0|0|0|0|0|0|0|0|0|0|0|0|0|0|0|0|0|0|0|0|0|0|0|0|0|0|0
DHCST|NY|000|05|0213808|37|37|37|0|0|37|23|10|0|1|0|0|3|37|37|0|37|37|23|10|0|1|0|0|3|0|0|0|0|0|0|0|0|40|26|12|1|1|0|0|40|40|26|12|1|1|0|0|0|0|0|0|0|0|0|37|34|23|10|0|1|0|0|3|3|2|1|0|0|0|0|0|0|0|0|0|0|0|0|0|0|0|0|0|0|0|0|0|0|0|0|0|0|0|0|0|0|0|0|0|0|0|0|0|0|0|0|0|0|0|0|0|0|0|0|0|0|0|0|0|0|0|0|0|0|0|37|0|37|34|23|10|0|1|0|0|3|3|2|1|0|0|0|0|0|0|0|0|0|0|0|0|0|0|0|0|0|0|0|0|0|0|0|0|0|0|0|0|0|0|0|0|0|0|0|0|0|0|0|0|0|0|0|0|0|0|0|0|0|0|0|0|0|0|0|0|0|0|0
DHCST|NY|000|05|0213809|54|54|54|0|0|54|41|9|0|2|0|0|2|54|51|3|54|51|40|9|0|2|0|0|0|3|1|0|0|0|0|0|2|56|43|9|0|2|0|2|56|51|40|9|0|2|0|0|5|3|0|0|0|0|2|54|52|41|9|0|2|0|0|2|2|0|0|0|0|2|0|0|0|0|0|0|0|0|0|0|0|0|0|0|0|0|0|0|0|0|0|0|0|0|0|0|0|0|0|0|0|0|0|0|0|0|0|0|0|0|0|0|0|0|0|0|0|0|0|0|0|0|0|0|0|0|54|3|51|51|40|9|0|2|0|0|0|0|0|0|0|0|0|0|0|0|0|0|0|0|0|0|0|0|0|0|0|0|0|0|0|0|0|0|0|0|0|0|0|0|0|0|0|0|0|0|0|0|0|0|0|0|0|0|0|0|0|0|0|0|0|0|0|0|0|0|0|0|0
DHCST|NY|000|05|0213810|28|28|28|0|0|28|22|5|0|0|0|0|1|28|28|0|28|28|22|5|0|0|0|0|1|0|0|0|0|0|0|0|0|29|22|6|0|0|0|1|29|29|22|6|0|0|0|1|0|0|0|0|0|0|0|28|27|22|5|0|0|0|0|1|1|0|0|0|0|0|0|0|0|1|0|0|0|0|0|0|0|0|0|0|0|0|0|0|0|0|0|0|0|0|0|0|0|0|0|0|0|0|0|0|0|0|0|0|0|0|0|0|0|0|0|0|0|0|0|0|0|0|0|0|0|0|28|0|28|27|22|5|0|0|0|0|1|1|0|0|0|0|0|0|0|0|1|0|0|0|0|0|0|0|0|0|0|0|0|0|0|0|0|0|0|0|0|0|0|0|0|0|0|0|0|0|0|0|0|0|0|0|0|0|0|0|0|0|0|0|0|0|0|0|0|0|0|0|0
DHCST|NY|000|05|0213811|38|38|38|0|0|38|26|9|0|0|0|2|1|38|38|0|38|38|26|9|0|0|0|2|1|0|0|0|0|0|0|0|0|39|26|10|1|0|0|2|39|39|26|10|1|0|0|2|0|0|0|0|0|0|0|38|37|26|9|0|0|0|2|1|1|0|0|0|0|0|1|0|0|0|0|0|0|0|0|0|0|0|0|0|0|0|0|0|0|0|0|0|0|0|0|0|0|0|0|0|0|0|0|0|0|0|0|0|0|0|0|0|0|0|0|0|0|0|0|0|0|0|0|0|0|0|38|0|38|37|26|9|0|0|0|2|1|1|0|0|0|0|0|1|0|0|0|0|0|0|0|0|0|0|0|0|0|0|0|0|0|0|0|0|0|0|0|0|0|0|0|0|0|0|0|0|0|0|0|0|0|0|0|0|0|0|0|0|0|0|0|0|0|0|0|0|0|0|0
DHCST|NY|000|05|0213812|38|38|38|0|0|38|29|1|0|1|0|4|3|38|34|4|38|34|29|1|0|1|0|0|3|4|0|0|0|0|0|4|0|41|32|1|2|2|0|4|41|37|32|1|2|2|0|0|4|0|0|0|0|0|4|38|35|29|1|0|1|0|4|3|3|0|2|1|0|0|0|0|0|0|0|0|0|0|0|0|0|0|0|0|0|0|0|0|0|0|0|0|0|0|0|0|0|0|0|0|0|0|0|0|0|0|0|0|0|0|0|0|0|0|0|0|0|0|0|0|0|0|0|0|0|0|38|4|34|31|29|1|0|1|0|0|3|3|0|2|1|0|0|0|0|0|0|0|0|0|0|0|0|0|0|0|0|0|0|0|0|0|0|0|0|0|0|0|0|0|0|0|0|0|0|0|0|0|0|0|0|0|0|0|0|0|0|0|0|0|0|0|0|0|0|0|0|0|0
DHCST|NY|000|05|0213813|61|61|61|0|0|61|55|1|0|0|0|2|3|61|56|5|61|56|55|1|0|0|0|0|0|5|0|0|0|0|0|2|3|64|58|2|0|0|0|4|64|56|55|1|0|0|0|0|8|3|1|0|0|0|4|61|58|55|1|0|0|0|2|3|3|1|0|0|0|2|0|0|0|0|0|0|0|0|0|0|0|0|0|0|0|0|0|0|0|0|0|0|0|0|0|0|0|0|0|0|0|0|0|0|0|0|0|0|0|0|0|0|0|0|0|0|0|0|0|0|0|0|0|0|0|0|61|5|56|56|55|1|0|0|0|0|0|0|0|0|0|0|0|0|0|0|0|0|0|0|0|0|0|0|0|0|0|0|0|0|0|0|0|0|0|0|0|0|0|0|0|0|0|0|0|0|0|0|0|0|0|0|0|0|0|0|0|0|0|0|0|0|0|0|0|0|0|0|0
DHCST|NY|000|05|0213814|108|108|108|0|0|108|93|7|0|5|0|0|3|108|108|0|108|108|93|7|0|5|0|0|3|0|0|0|0|0|0|0|0|111|96|7|0|8|0|0|111|111|96|7|0|8|0|0|0|0|0|0|0|0|0|108|105|93|7|0|5|0|0|3|3|0|0|3|0|0|0|0|0|0|0|0|0|0|0|0|0|0|0|0|0|0|0|0|0|0|0|0|0|0|0|0|0|0|0|0|0|0|0|0|0|0|0|0|0|0|0|0|0|0|0|0|0|0|0|0|0|0|0|0|0|0|108|0|108|105|93|7|0|5|0|0|3|3|0|0|3|0|0|0|0|0|0|0|0|0|0|0|0|0|0|0|0|0|0|0|0|0|0|0|0|0|0|0|0|0|0|0|0|0|0|0|0|0|0|0|0|0|0|0|0|0|0|0|0|0|0|0|0|0|0|0|0|0|0
DHCST|NY|000|05|0213815|0|0|0|0|0|0|0|0|0|0|0|0|0|0|0|0|0|0|0|0|0|0|0|0|0|0|0|0|0|0|0|0|0|0|0|0|0|0|0|0|0|0|0|0|0|0|0|0|0|0|0|0|0|0|0|0|0|0|0|0|0|0|0|0|0|0|0|0|0|0|0|0|0|0|0|0|0|0|0|0|0|0|0|0|0|0|0|0|0|0|0|0|0|0|0|0|0|0|0|0|0|0|0|0|0|0|0|0|0|0|0|0|0|0|0|0|0|0|0|0|0|0|0|0|0|0|0|0|0|0|0|0|0|0|0|0|0|0|0|0|0|0|0|0|0|0|0|0|0|0|0|0|0|0|0|0|0|0|0|0|0|0|0|0|0|0|0|0|0|0|0|0|0|0|0|0|0|0|0|0|0|0|0|0|0|0|0|0|0|0|0|0|0|0|0|0|0|0|0
DHCST|NY|000|05|0213816|0|0|0|0|0|0|0|0|0|0|0|0|0|0|0|0|0|0|0|0|0|0|0|0|0|0|0|0|0|0|0|0|0|0|0|0|0|0|0|0|0|0|0|0|0|0|0|0|0|0|0|0|0|0|0|0|0|0|0|0|0|0|0|0|0|0|0|0|0|0|0|0|0|0|0|0|0|0|0|0|0|0|0|0|0|0|0|0|0|0|0|0|0|0|0|0|0|0|0|0|0|0|0|0|0|0|0|0|0|0|0|0|0|0|0|0|0|0|0|0|0|0|0|0|0|0|0|0|0|0|0|0|0|0|0|0|0|0|0|0|0|0|0|0|0|0|0|0|0|0|0|0|0|0|0|0|0|0|0|0|0|0|0|0|0|0|0|0|0|0|0|0|0|0|0|0|0|0|0|0|0|0|0|0|0|0|0|0|0|0|0|0|0|0|0|0|0|0|0
DHCST|NY|000|05|0213817|43|43|43|0|0|43|42|0|0|0|0|0|1|43|43|0|43|43|42|0|0|0|0|0|1|0|0|0|0|0|0|0|0|44|43|0|0|0|0|1|44|44|43|0|0|0|0|1|0|0|0|0|0|0|0|43|42|42|0|0|0|0|0|1|1|0|0|0|0|1|0|0|0|0|0|0|0|0|0|0|0|0|0|0|0|0|0|0|0|0|0|0|0|0|0|0|0|0|0|0|0|0|0|0|0|0|0|0|0|0|0|0|0|0|0|0|0|0|0|0|0|0|0|0|0|0|43|0|43|42|42|0|0|0|0|0|1|1|0|0|0|0|1|0|0|0|0|0|0|0|0|0|0|0|0|0|0|0|0|0|0|0|0|0|0|0|0|0|0|0|0|0|0|0|0|0|0|0|0|0|0|0|0|0|0|0|0|0|0|0|0|0|0|0|0|0|0|0|0
DHCST|NY|000|05|0213818|90|90|90|0|0|90|78|1|0|9|0|0|2|90|88|2|90|88|78|1|0|9|0|0|0|2|0|0|0|0|0|0|2|92|80|1|0|9|0|2|92|88|78|1|0|9|0|0|4|2|0|0|0|0|2|90|88|78|1|0|9|0|0|2|2|0|0|0|0|2|0|0|0|0|0|0|0|0|0|0|0|0|0|0|0|0|0|0|0|0|0|0|0|0|0|0|0|0|0|0|0|0|0|0|0|0|0|0|0|0|0|0|0|0|0|0|0|0|0|0|0|0|0|0|0|0|90|2|88|88|78|1|0|9|0|0|0|0|0|0|0|0|0|0|0|0|0|0|0|0|0|0|0|0|0|0|0|0|0|0|0|0|0|0|0|0|0|0|0|0|0|0|0|0|0|0|0|0|0|0|0|0|0|0|0|0|0|0|0|0|0|0|0|0|0|0|0|0|0
DHCST|NY|000|05|0213819|51|51|51|0|0|51|38|8|0|0|0|0|5|51|49|2|51|49|37|8|0|0|0|0|4|2|1|0|0|0|0|0|1|56|43|9|0|0|0|4|56|53|41|8|0|0|0|4|3|2|1|0|0|0|0|51|46|38|8|0|0|0|0|5|5|1|0|0|0|4|0|0|0|0|0|0|0|0|0|0|0|0|0|0|0|0|0|0|0|0|0|0|0|0|0|0|0|0|0|0|0|0|0|0|0|0|0|0|0|0|0|0|0|0|0|0|0|0|0|0|0|0|0|0|0|0|51|2|49|45|37|8|0|0|0|0|4|4|0|0|0|0|4|0|0|0|0|0|0|0|0|0|0|0|0|0|0|0|0|0|0|0|0|0|0|0|0|0|0|0|0|0|0|0|0|0|0|0|0|0|0|0|0|0|0|0|0|0|0|0|0|0|0|0|0|0|0|0|0
DHCST|NY|000|05|0213820|0|0|0|0|0|0|0|0|0|0|0|0|0|0|0|0|0|0|0|0|0|0|0|0|0|0|0|0|0|0|0|0|0|0|0|0|0|0|0|0|0|0|0|0|0|0|0|0|0|0|0|0|0|0|0|0|0|0|0|0|0|0|0|0|0|0|0|0|0|0|0|0|0|0|0|0|0|0|0|0|0|0|0|0|0|0|0|0|0|0|0|0|0|0|0|0|0|0|0|0|0|0|0|0|0|0|0|0|0|0|0|0|0|0|0|0|0|0|0|0|0|0|0|0|0|0|0|0|0|0|0|0|0|0|0|0|0|0|0|0|0|0|0|0|0|0|0|0|0|0|0|0|0|0|0|0|0|0|0|0|0|0|0|0|0|0|0|0|0|0|0|0|0|0|0|0|0|0|0|0|0|0|0|0|0|0|0|0|0|0|0|0|0|0|0|0|0|0|0
DHCST|NY|000|05|0213821|0|0|0|0|0|0|0|0|0|0|0|0|0|0|0|0|0|0|0|0|0|0|0|0|0|0|0|0|0|0|0|0|0|0|0|0|0|0|0|0|0|0|0|0|0|0|0|0|0|0|0|0|0|0|0|0|0|0|0|0|0|0|0|0|0|0|0|0|0|0|0|0|0|0|0|0|0|0|0|0|0|0|0|0|0|0|0|0|0|0|0|0|0|0|0|0|0|0|0|0|0|0|0|0|0|0|0|0|0|0|0|0|0|0|0|0|0|0|0|0|0|0|0|0|0|0|0|0|0|0|0|0|0|0|0|0|0|0|0|0|0|0|0|0|0|0|0|0|0|0|0|0|0|0|0|0|0|0|0|0|0|0|0|0|0|0|0|0|0|0|0|0|0|0|0|0|0|0|0|0|0|0|0|0|0|0|0|0|0|0|0|0|0|0|0|0|0|0|0
DHCST|NY|000|05|0213822|0|0|0|0|0|0|0|0|0|0|0|0|0|0|0|0|0|0|0|0|0|0|0|0|0|0|0|0|0|0|0|0|0|0|0|0|0|0|0|0|0|0|0|0|0|0|0|0|0|0|0|0|0|0|0|0|0|0|0|0|0|0|0|0|0|0|0|0|0|0|0|0|0|0|0|0|0|0|0|0|0|0|0|0|0|0|0|0|0|0|0|0|0|0|0|0|0|0|0|0|0|0|0|0|0|0|0|0|0|0|0|0|0|0|0|0|0|0|0|0|0|0|0|0|0|0|0|0|0|0|0|0|0|0|0|0|0|0|0|0|0|0|0|0|0|0|0|0|0|0|0|0|0|0|0|0|0|0|0|0|0|0|0|0|0|0|0|0|0|0|0|0|0|0|0|0|0|0|0|0|0|0|0|0|0|0|0|0|0|0|0|0|0|0|0|0|0|0|0
DHCST|NY|000|05|0213823|39|39|39|0|0|39|34|2|0|1|0|1|1|39|36|3|39|36|34|0|0|1|0|0|1|3|0|2|0|0|0|1|0|40|34|3|1|1|0|1|40|37|34|1|1|1|0|0|3|0|2|0|0|0|1|39|38|34|2|0|1|0|1|1|1|0|0|0|0|0|1|0|0|0|0|0|0|0|0|0|0|0|0|0|0|0|0|0|0|0|0|0|0|0|0|0|0|0|0|0|0|0|0|0|0|0|0|0|0|0|0|0|0|0|0|0|0|0|0|0|0|0|0|0|0|0|39|3|36|35|34|0|0|1|0|0|1|1|0|0|0|0|0|1|0|0|0|0|0|0|0|0|0|0|0|0|0|0|0|0|0|0|0|0|0|0|0|0|0|0|0|0|0|0|0|0|0|0|0|0|0|0|0|0|0|0|0|0|0|0|0|0|0|0|0|0|0|0|0
DHCST|NY|000|05|0213824|41|41|41|0|0|41|28|0|0|0|0|6|7|41|36|5|41|36|27|0|0|0|0|3|6|5|1|0|0|0|0|3|1|48|34|1|2|0|0|11|48|42|33|0|2|0|0|7|6|1|1|0|0|0|4|41|34|28|0|0|0|0|6|7|7|0|2|0|0|4|0|0|0|1|0|0|0|0|0|0|0|0|0|0|0|0|0|0|0|0|0|0|0|0|0|0|0|0|0|0|0|0|0|0|0|0|0|0|0|0|0|0|0|0|0|0|0|0|0|0|0|0|0|0|0|0|41|5|36|30|27|0|0|0|0|3|6|6|0|2|0|0|4|0|0|0|0|0|0|0|0|0|0|0|0|0|0|0|0|0|0|0|0|0|0|0|0|0|0|0|0|0|0|0|0|0|0|0|0|0|0|0|0|0|0|0|0|0|0|0|0|0|0|0|0|0|0|0|0
DHCST|NY|000|05|0213825|31|31|31|0|0|31|18|3|5|1|0|0|4|31|25|6|31|25|18|3|0|1|0|0|3|6|0|0|5|0|0|0|1|35|20|6|7|1|0|1|35|28|19|5|2|1|0|1|7|1|1|5|0|0|0|31|27|18|3|5|1|0|0|4|4|1|0|0|0|1|2|0|0|0|0|0|0|0|0|0|0|0|0|0|0|0|0|0|0|0|0|0|0|0|0|0|0|0|0|0|0|0|0|0|0|0|0|0|0|0|0|0|0|0|0|0|0|0|0|0|0|0|0|0|0|0|31|6|25|22|18|3|0|1|0|0|3|3|0|0|0|0|1|2|0|0|0|0|0|0|0|0|0|0|0|0|0|0|0|0|0|0|0|0|0|0|0|0|0|0|0|0|0|0|0|0|0|0|0|0|0|0|0|0|0|0|0|0|0|0|0|0|0|0|0|0|0|0|0
DHCST|NY|000|05|0213826|27|27|27|0|0|27|12|0|1|3|0|2|9|27|19|8|27|19|12|0|0|3|0|0|4|8|0|0|1|0|0|2|5|37|19|5|1|3|0|9|37|23|14|4|0|3|0|2|14|5|1|1|0|0|7|27|18|12|0|1|3|0|2|9|8|2|0|0|0|4|0|0|0|2|0|0|0|0|0|0|1|0|0|0|1|0|0|0|0|0|0|0|0|0|0|0|0|0|0|0|0|0|0|0|0|0|0|0|0|0|0|0|0|0|0|0|0|0|0|0|0|0|0|0|0|0|27|8|19|15|12|0|0|3|0|0|4|4|2|0|0|0|0|0|0|0|2|0|0|0|0|0|0|0|0|0|0|0|0|0|0|0|0|0|0|0|0|0|0|0|0|0|0|0|0|0|0|0|0|0|0|0|0|0|0|0|0|0|0|0|0|0|0|0|0|0|0|0|0
DHCST|NY|000|05|0213827|0|0|0|0|0|0|0|0|0|0|0|0|0|0|0|0|0|0|0|0|0|0|0|0|0|0|0|0|0|0|0|0|0|0|0|0|0|0|0|0|0|0|0|0|0|0|0|0|0|0|0|0|0|0|0|0|0|0|0|0|0|0|0|0|0|0|0|0|0|0|0|0|0|0|0|0|0|0|0|0|0|0|0|0|0|0|0|0|0|0|0|0|0|0|0|0|0|0|0|0|0|0|0|0|0|0|0|0|0|0|0|0|0|0|0|0|0|0|0|0|0|0|0|0|0|0|0|0|0|0|0|0|0|0|0|0|0|0|0|0|0|0|0|0|0|0|0|0|0|0|0|0|0|0|0|0|0|0|0|0|0|0|0|0|0|0|0|0|0|0|0|0|0|0|0|0|0|0|0|0|0|0|0|0|0|0|0|0|0|0|0|0|0|0|0|0|0|0|0
DHCST|NY|000|05|0213828|57|57|57|0|0|57|49|7|0|0|0|0|1|57|55|2|57|55|49|5|0|0|0|0|1|2|0|2|0|0|0|0|0|58|50|7|0|0|0|1|58|56|50|5|0|0|0|1|2|0|2|0|0|0|0|57|56|49|7|0|0|0|0|1|1|0|0|0|0|1|0|0|0|0|0|0|0|0|0|0|0|0|0|0|0|0|0|0|0|0|0|0|0|0|0|0|0|0|0|0|0|0|0|0|0|0|0|0|0|0|0|0|0|0|0|0|0|0|0|0|0|0|0|0|0|0|57|2|55|54|49|5|0|0|0|0|1|1|0|0|0|0|1|0|0|0|0|0|0|0|0|0|0|0|0|0|0|0|0|0|0|0|0|0|0|0|0|0|0|0|0|0|0|0|0|0|0|0|0|0|0|0|0|0|0|0|0|0|0|0|0|0|0|0|0|0|0|0|0
DHCST|NY|000|05|0213829|43|43|43|0|0|43|29|10|0|0|0|1|3|43|37|6|43|37|27|10|0|0|0|0|0|6|2|0|0|0|0|1|3|46|30|10|0|1|1|4|46|37|27|10|0|0|0|0|9|3|0|0|1|1|4|43|40|29|10|0|0|0|1|3|3|0|0|0|0|1|0|0|0|0|0|0|0|0|1|1|0|0|0|0|0|0|0|0|0|0|0|0|0|0|0|0|0|0|0|0|0|0|0|0|0|0|0|0|0|0|0|0|0|0|0|0|0|0|0|0|0|0|0|0|0|0|43|6|37|37|27|10|0|0|0|0|0|0|0|0|0|0|0|0|0|0|0|0|0|0|0|0|0|0|0|0|0|0|0|0|0|0|0|0|0|0|0|0|0|0|0|0|0|0|0|0|0|0|0|0|0|0|0|0|0|0|0|0|0|0|0|0|0|0|0|0|0|0|0
DHCST|NY|000|05|0213830|142|142|142|0|0|142|130|3|0|3|0|1|5|142|136|6|142|136|130|2|0|3|0|0|1|6|0|1|0|0|0|1|4|147|135|4|1|3|0|4|147|137|131|3|0|3|0|0|10|4|1|1|0|0|4|142|137|130|3|0|3|0|1|5|5|1|1|0|0|3|0|0|0|0|0|0|0|0|0|0|0|0|0|0|0|0|0|0|0|0|0|0|0|0|0|0|0|0|0|0|0|0|0|0|0|0|0|0|0|0|0|0|0|0|0|0|0|0|0|0|0|0|0|0|0|0|142|6|136|135|130|2|0|3|0|0|1|1|1|0|0|0|0|0|0|0|0|0|0|0|0|0|0|0|0|0|0|0|0|0|0|0|0|0|0|0|0|0|0|0|0|0|0|0|0|0|0|0|0|0|0|0|0|0|0|0|0|0|0|0|0|0|0|0|0|0|0|0|0
DHCST|NY|000|05|0213831|33|33|33|0|0|33|23|7|0|0|0|1|2|33|28|5|33|28|23|3|0|0|0|0|2|5|0|4|0|0|0|1|0|35|25|7|0|0|0|3|35|30|25|3|0|0|0|2|5|0|4|0|0|0|1|33|31|23|7|0|0|0|1|2|2|0|0|0|0|2|0|0|0|0|0|0|0|0|0|0|0|0|0|0|0|0|0|0|0|0|0|0|0|0|0|0|0|0|0|0|0|0|0|0|0|0|0|0|0|0|0|0|0|0|0|0|0|0|0|0|0|0|0|0|0|0|33|5|28|26|23|3|0|0|0|0|2|2|0|0|0|0|2|0|0|0|0|0|0|0|0|0|0|0|0|0|0|0|0|0|0|0|0|0|0|0|0|0|0|0|0|0|0|0|0|0|0|0|0|0|0|0|0|0|0|0|0|0|0|0|0|0|0|0|0|0|0|0|0
DHCST|NY|000|05|0213832|50|50|50|0|0|50|45|0|0|1|0|0|4|50|50|0|50|50|45|0|0|1|0|0|4|0|0|0|0|0|0|0|0|54|48|1|0|2|0|3|54|54|48|1|0|2|0|3|0|0|0|0|0|0|0|50|46|45|0|0|1|0|0|4|4|0|0|1|0|2|0|0|0|1|0|0|0|0|0|0|0|0|0|0|0|0|0|0|0|0|0|0|0|0|0|0|0|0|0|0|0|0|0|0|0|0|0|0|0|0|0|0|0|0|0|0|0|0|0|0|0|0|0|0|0|0|50|0|50|46|45|0|0|1|0|0|4|4|0|0|1|0|2|0|0|0|1|0|0|0|0|0|0|0|0|0|0|0|0|0|0|0|0|0|0|0|0|0|0|0|0|0|0|0|0|0|0|0|0|0|0|0|0|0|0|0|0|0|0|0|0|0|0|0|0|0|0|0|0
DHCST|NY|000|05|0213833|43|43|43|0|0|43|27|12|0|3|0|1|0|43|40|3|43|40|27|10|0|3|0|0|0|3|0|2|0|0|0|1|0|43|27|12|0|3|0|1|43|40|27|10|0|3|0|0|3|0|2|0|0|0|1|43|43|27|12|0|3|0|1|0|0|0|0|0|0|0|0|0|0|0|0|0|0|0|0|0|0|0|0|0|0|0|0|0|0|0|0|0|0|0|0|0|0|0|0|0|0|0|0|0|0|0|0|0|0|0|0|0|0|0|0|0|0|0|0|0|0|0|0|0|0|0|43|3|40|40|27|10|0|3|0|0|0|0|0|0|0|0|0|0|0|0|0|0|0|0|0|0|0|0|0|0|0|0|0|0|0|0|0|0|0|0|0|0|0|0|0|0|0|0|0|0|0|0|0|0|0|0|0|0|0|0|0|0|0|0|0|0|0|0|0|0|0|0|0
DHCST|NY|000|05|0213834|22|22|22|0|0|22|14|3|0|0|0|0|5|22|22|0|22|22|14|3|0|0|0|0|5|0|0|0|0|0|0|0|0|27|19|5|3|0|0|0|27|27|19|5|3|0|0|0|0|0|0|0|0|0|0|22|17|14|3|0|0|0|0|5|5|2|3|0|0|0|0|0|0|0|0|0|0|0|0|0|0|0|0|0|0|0|0|0|0|0|0|0|0|0|0|0|0|0|0|0|0|0|0|0|0|0|0|0|0|0|0|0|0|0|0|0|0|0|0|0|0|0|0|0|0|0|22|0|22|17|14|3|0|0|0|0|5|5|2|3|0|0|0|0|0|0|0|0|0|0|0|0|0|0|0|0|0|0|0|0|0|0|0|0|0|0|0|0|0|0|0|0|0|0|0|0|0|0|0|0|0|0|0|0|0|0|0|0|0|0|0|0|0|0|0|0|0|0|0
DHCST|NY|000|05|0213835|36|36|36|0|0|36|23|6|0|3|0|1|3|36|33|3|36|33|23|6|0|3|0|1|0|3|0|0|0|0|0|0|3|39|26|6|0|3|0|4|39|33|23|6|0|3|0|1|6|3|0|0|0|0|3|36|33|23|6|0|3|0|1|3|3|0|0|0|0|3|0|0|0|0|0|0|0|0|0|0|0|0|0|0|0|0|0|0|0|0|0|0|0|0|0|0|0|0|0|0|0|0|0|0|0|0|0|0|0|0|0|0|0|0|0|0|0|0|0|0|0|0|0|0|0|0|36|3|33|33|23|6|0|3|0|1|0|0|0|0|0|0|0|0|0|0|0|0|0|0|0|0|0|0|0|0|0|0|0|0|0|0|0|0|0|0|0|0|0|0|0|0|0|0|0|0|0|0|0|0|0|0|0|0|0|0|0|0|0|0|0|0|0|0|0|0|0|0|0
DHCST|NY|000|05|0213836|37|37|37|0|0|37|21|12|0|2|0|0|2|37|37|0|37|37|21|12|0|2|0|0|2|0|0|0|0|0|0|0|0|39|23|13|0|3|0|0|39|39|23|13|0|3|0|0|0|0|0|0|0|0|0|37|35|21|12|0|2|0|0|2|2|1|0|1|0|0|0|0|0|0|0|0|0|0|0|0|0|0|0|0|0|0|0|0|0|0|0|0|0|0|0|0|0|0|0|0|0|0|0|0|0|0|0|0|0|0|0|0|0|0|0|0|0|0|0|0|0|0|0|0|0|0|37|0|37|35|21|12|0|2|0|0|2|2|1|0|1|0|0|0|0|0|0|0|0|0|0|0|0|0|0|0|0|0|0|0|0|0|0|0|0|0|0|0|0|0|0|0|0|0|0|0|0|0|0|0|0|0|0|0|0|0|0|0|0|0|0|0|0|0|0|0|0|0|0
DHCST|NY|000|05|0213837|28|28|28|0|0|28|25|0|0|0|0|1|2|28|25|3|28|25|25|0|0|0|0|0|0|3|0|0|0|0|0|1|2|30|27|0|0|0|0|3|30|25|25|0|0|0|0|0|5|2|0|0|0|0|3|28|26|25|0|0|0|0|1|2|2|0|0|0|0|2|0|0|0|0|0|0|0|0|0|0|0|0|0|0|0|0|0|0|0|0|0|0|0|0|0|0|0|0|0|0|0|0|0|0|0|0|0|0|0|0|0|0|0|0|0|0|0|0|0|0|0|0|0|0|0|0|28|3|25|25|25|0|0|0|0|0|0|0|0|0|0|0|0|0|0|0|0|0|0|0|0|0|0|0|0|0|0|0|0|0|0|0|0|0|0|0|0|0|0|0|0|0|0|0|0|0|0|0|0|0|0|0|0|0|0|0|0|0|0|0|0|0|0|0|0|0|0|0|0
DHCST|NY|000|05|0213838|0|0|0|0|0|0|0|0|0|0|0|0|0|0|0|0|0|0|0|0|0|0|0|0|0|0|0|0|0|0|0|0|0|0|0|0|0|0|0|0|0|0|0|0|0|0|0|0|0|0|0|0|0|0|0|0|0|0|0|0|0|0|0|0|0|0|0|0|0|0|0|0|0|0|0|0|0|0|0|0|0|0|0|0|0|0|0|0|0|0|0|0|0|0|0|0|0|0|0|0|0|0|0|0|0|0|0|0|0|0|0|0|0|0|0|0|0|0|0|0|0|0|0|0|0|0|0|0|0|0|0|0|0|0|0|0|0|0|0|0|0|0|0|0|0|0|0|0|0|0|0|0|0|0|0|0|0|0|0|0|0|0|0|0|0|0|0|0|0|0|0|0|0|0|0|0|0|0|0|0|0|0|0|0|0|0|0|0|0|0|0|0|0|0|0|0|0|0|0
DHCST|NY|000|05|0213839|85|85|85|0|0|85|44|25|0|9|0|0|7|85|81|4|85|81|44|25|0|9|0|0|3|4|0|0|0|0|0|0|4|92|51|28|0|9|0|4|92|84|47|28|0|9|0|0|8|4|0|0|0|0|4|85|78|44|25|0|9|0|0|7|7|3|0|0|0|4|0|0|0|0|0|0|0|0|0|0|0|0|0|0|0|0|0|0|0|0|0|0|0|0|0|0|0|0|0|0|0|0|0|0|0|0|0|0|0|0|0|0|0|0|0|0|0|0|0|0|0|0|0|0|0|0|85|4|81|78|44|25|0|9|0|0|3|3|3|0|0|0|0|0|0|0|0|0|0|0|0|0|0|0|0|0|0|0|0|0|0|0|0|0|0|0|0|0|0|0|0|0|0|0|0|0|0|0|0|0|0|0|0|0|0|0|0|0|0|0|0|0|0|0|0|0|0|0|0
DHCST|NY|000|05|0213840|35|35|35|0|0|35|14|11|0|3|0|0|7|35|30|5|35|30|14|11|0|3|0|0|2|5|0|0|0|0|0|0|5|44|21|11|0|5|2|5|44|34|16|11|0|5|2|0|10|5|0|0|0|0|5|35|28|14|11|0|3|0|0|7|5|0|0|0|0|5|0|0|0|0|0|0|0|0|0|0|2|0|0|0|0|0|0|0|2|0|0|0|0|0|0|0|0|0|0|0|0|0|0|0|0|0|0|0|0|0|0|0|0|0|0|0|0|0|0|0|0|0|0|0|0|0|35|5|30|28|14|11|0|3|0|0|2|0|0|0|0|0|0|0|0|0|0|0|0|0|0|0|0|2|0|0|0|0|0|0|0|2|0|0|0|0|0|0|0|0|0|0|0|0|0|0|0|0|0|0|0|0|0|0|0|0|0|0|0|0|0|0|0|0|0|0|0|0|0
DHCST|NY|000|05|0213841|32|32|32|0|0|32|25|0|0|1|0|5|1|32|27|5|32|27|25|0|0|1|0|0|1|5|0|0|0|0|0|5|0|33|26|1|0|1|0|5|33|28|26|1|0|1|0|0|5|0|0|0|0|0|5|32|31|25|0|0|1|0|5|1|1|1|0|0|0|0|0|0|0|0|0|0|0|0|0|0|0|0|0|0|0|0|0|0|0|0|0|0|0|0|0|0|0|0|0|0|0|0|0|0|0|0|0|0|0|0|0|0|0|0|0|0|0|0|0|0|0|0|0|0|0|0|32|5|27|26|25|0|0|1|0|0|1|1|1|0|0|0|0|0|0|0|0|0|0|0|0|0|0|0|0|0|0|0|0|0|0|0|0|0|0|0|0|0|0|0|0|0|0|0|0|0|0|0|0|0|0|0|0|0|0|0|0|0|0|0|0|0|0|0|0|0|0|0|0
DHCST|NY|000|05|0213842|59|59|59|0|0|59|46|6|0|0|0|0|7|59|57|2|59|57|44|6|0|0|0|0|7|2|2|0|0|0|0|0|0|66|50|11|0|2|0|3|66|64|48|11|0|2|0|3|2|2|0|0|0|0|0|59|52|46|6|0|0|0|0|7|7|2|0|2|0|0|0|0|0|3|0|0|0|0|0|0|0|0|0|0|0|0|0|0|0|0|0|0|0|0|0|0|0|0|0|0|0|0|0|0|0|0|0|0|0|0|0|0|0|0|0|0|0|0|0|0|0|0|0|0|0|0|59|2|57|50|44|6|0|0|0|0|7|7|2|0|2|0|0|0|0|0|3|0|0|0|0|0|0|0|0|0|0|0|0|0|0|0|0|0|0|0|0|0|0|0|0|0|0|0|0|0|0|0|0|0|0|0|0|0|0|0|0|0|0|0|0|0|0|0|0|0|0|0|0
DHCST|NY|000|05|0213843|0|0|0|0|0|0|0|0|0|0|0|0|0|0|0|0|0|0|0|0|0|0|0|0|0|0|0|0|0|0|0|0|0|0|0|0|0|0|0|0|0|0|0|0|0|0|0|0|0|0|0|0|0|0|0|0|0|0|0|0|0|0|0|0|0|0|0|0|0|0|0|0|0|0|0|0|0|0|0|0|0|0|0|0|0|0|0|0|0|0|0|0|0|0|0|0|0|0|0|0|0|0|0|0|0|0|0|0|0|0|0|0|0|0|0|0|0|0|0|0|0|0|0|0|0|0|0|0|0|0|0|0|0|0|0|0|0|0|0|0|0|0|0|0|0|0|0|0|0|0|0|0|0|0|0|0|0|0|0|0|0|0|0|0|0|0|0|0|0|0|0|0|0|0|0|0|0|0|0|0|0|0|0|0|0|0|0|0|0|0|0|0|0|0|0|0|0|0|0
DHCST|NY|000|05|0213844|83|83|83|0|0|83|55|22|0|2|0|0|4|83|81|2|83|81|55|20|0|2|0|0|4|2|0|2|0|0|0|0|0|87|59|22|0|2|0|4|87|85|59|20|0|2|0|4|2|0|2|0|0|0|0|83|79|55|22|0|2|0|0|4|4|0|0|0|0|4|0|0|0|0|0|0|0|0|0|0|0|0|0|0|0|0|0|0|0|0|0|0|0|0|0|0|0|0|0|0|0|0|0|0|0|0|0|0|0|0|0|0|0|0|0|0|0|0|0|0|0|0|0|0|0|0|83|2|81|77|55|20|0|2|0|0|4|4|0|0|0|0|4|0|0|0|0|0|0|0|0|0|0|0|0|0|0|0|0|0|0|0|0|0|0|0|0|0|0|0|0|0|0|0|0|0|0|0|0|0|0|0|0|0|0|0|0|0|0|0|0|0|0|0|0|0|0|0|0
DHCST|NY|000|05|0213845|181|181|181|0|0|181|77|86|0|4|0|0|14|181|170|11|181|170|77|83|0|4|0|0|6|11|0|3|0|0|0|0|8|195|91|86|0|4|0|14|195|176|83|83|0|4|0|6|19|8|3|0|0|0|8|181|167|77|86|0|4|0|0|14|14|0|0|0|0|14|0|0|0|0|0|0|0|0|0|0|0|0|0|0|0|0|0|0|0|0|0|0|0|0|0|0|0|0|0|0|0|0|0|0|0|0|0|0|0|0|0|0|0|0|0|0|0|0|0|0|0|0|0|0|0|0|181|11|170|164|77|83|0|4|0|0|6|6|0|0|0|0|6|0|0|0|0|0|0|0|0|0|0|0|0|0|0|0|0|0|0|0|0|0|0|0|0|0|0|0|0|0|0|0|0|0|0|0|0|0|0|0|0|0|0|0|0|0|0|0|0|0|0|0|0|0|0|0|0
DHCST|NY|000|05|0213846|50|50|50|0|0|50|38|1|0|1|0|0|10|50|48|2|50|48|38|1|0|1|0|0|8|2|0|0|0|0|0|0|2|60|45|5|0|4|0|6|60|56|43|5|0|4|0|4|4|2|0|0|0|0|2|50|40|38|1|0|1|0|0|10|10|1|0|0|0|6|0|3|0|0|0|0|0|0|0|0|0|0|0|0|0|0|0|0|0|0|0|0|0|0|0|0|0|0|0|0|0|0|0|0|0|0|0|0|0|0|0|0|0|0|0|0|0|0|0|0|0|0|0|0|0|0|50|2|48|40|38|1|0|1|0|0|8|8|1|0|0|0|4|0|3|0|0|0|0|0|0|0|0|0|0|0|0|0|0|0|0|0|0|0|0|0|0|0|0|0|0|0|0|0|0|0|0|0|0|0|0|0|0|0|0|0|0|0|0|0|0|0|0|0|0|0|0|0|0
DHCST|NY|000|05|0213847|36|36|36|0|0|36|30|4|0|0|0|0|2|36|36|0|36|36|30|4|0|0|0|0|2|0|0|0|0|0|0|0|0|38|32|5|0|1|0|0|38|38|32|5|0|1|0|0|0|0|0|0|0|0|0|36|34|30|4|0|0|0|0|2|2|1|0|1|0|0|0|0|0|0|0|0|0|0|0|0|0|0|0|0|0|0|0|0|0|0|0|0|0|0|0|0|0|0|0|0|0|0|0|0|0|0|0|0|0|0|0|0|0|0|0|0|0|0|0|0|0|0|0|0|0|0|36|0|36|34|30|4|0|0|0|0|2|2|1|0|1|0|0|0|0|0|0|0|0|0|0|0|0|0|0|0|0|0|0|0|0|0|0|0|0|0|0|0|0|0|0|0|0|0|0|0|0|0|0|0|0|0|0|0|0|0|0|0|0|0|0|0|0|0|0|0|0|0|0
DHCST|NY|000|05|0213848|38|38|38|0|0|38|31|6|0|0|0|0|1|38|38|0|38|38|31|6|0|0|0|0|1|0|0|0|0|0|0|0|0|39|32|6|1|0|0|0|39|39|32|6|1|0|0|0|0|0|0|0|0|0|0|38|37|31|6|0|0|0|0|1|1|0|1|0|0|0|0|0|0|0|0|0|0|0|0|0|0|0|0|0|0|0|0|0|0|0|0|0|0|0|0|0|0|0|0|0|0|0|0|0|0|0|0|0|0|0|0|0|0|0|0|0|0|0|0|0|0|0|0|0|0|0|38|0|38|37|31|6|0|0|0|0|1|1|0|1|0|0|0|0|0|0|0|0|0|0|0|0|0|0|0|0|0|0|0|0|0|0|0|0|0|0|0|0|0|0|0|0|0|0|0|0|0|0|0|0|0|0|0|0|0|0|0|0|0|0|0|0|0|0|0|0|0|0|0
DHCST|NY|000|05|0213849|48|48|48|0|0|48|44|3|0|0|0|0|1|48|47|1|48|47|44|3|0|0|0|0|0|1|0|0|0|0|0|0|1|49|45|3|1|0|0|0|49|47|44|3|0|0|0|0|2|1|0|1|0|0|0|48|47|44|3|0|0|0|0|1|1|0|1|0|0|0|0|0|0|0|0|0|0|0|0|0|0|0|0|0|0|0|0|0|0|0|0|0|0|0|0|0|0|0|0|0|0|0|0|0|0|0|0|0|0|0|0|0|0|0|0|0|0|0|0|0|0|0|0|0|0|0|48|1|47|47|44|3|0|0|0|0|0|0|0|0|0|0|0|0|0|0|0|0|0|0|0|0|0|0|0|0|0|0|0|0|0|0|0|0|0|0|0|0|0|0|0|0|0|0|0|0|0|0|0|0|0|0|0|0|0|0|0|0|0|0|0|0|0|0|0|0|0|0|0
DHCST|NY|000|05|0213850|66|66|66|0|0|66|59|1|0|0|0|0|6|66|62|4|66|62|57|1|0|0|0|0|4|4|2|0|0|0|0|0|2|73|65|2|1|2|0|3|73|66|61|1|0|2|0|2|7|4|1|1|0|0|1|66|60|59|1|0|0|0|0|6|5|0|0|2|0|3|0|0|0|0|0|0|0|0|0|0|1|1|0|0|0|0|0|0|0|0|0|0|0|0|0|0|0|0|0|0|0|0|0|0|0|0|0|0|0|0|0|0|0|0|0|0|0|0|0|0|0|0|0|0|0|0|66|4|62|58|57|1|0|0|0|0|4|4|0|0|2|0|2|0|0|0|0|0|0|0|0|0|0|0|0|0|0|0|0|0|0|0|0|0|0|0|0|0|0|0|0|0|0|0|0|0|0|0|0|0|0|0|0|0|0|0|0|0|0|0|0|0|0|0|0|0|0|0|0
DHCST|NY|000|05|0213851|44|44|44|0|0|44|41|0|0|1|0|2|0|44|44|0|44|44|41|0|0|1|0|2|0|0|0|0|0|0|0|0|0|44|41|0|0|1|0|2|44|44|41|0|0|1|0|2|0|0|0|0|0|0|0|44|44|41|0|0|1|0|2|0|0|0|0|0|0|0|0|0|0|0|0|0|0|0|0|0|0|0|0|0|0|0|0|0|0|0|0|0|0|0|0|0|0|0|0|0|0|0|0|0|0|0|0|0|0|0|0|0|0|0|0|0|0|0|0|0|0|0|0|0|0|0|44|0|44|44|41|0|0|1|0|2|0|0|0|0|0|0|0|0|0|0|0|0|0|0|0|0|0|0|0|0|0|0|0|0|0|0|0|0|0|0|0|0|0|0|0|0|0|0|0|0|0|0|0|0|0|0|0|0|0|0|0|0|0|0|0|0|0|0|0|0|0|0|0
DHCST|NY|000|05|0213852|0|0|0|0|0|0|0|0|0|0|0|0|0|0|0|0|0|0|0|0|0|0|0|0|0|0|0|0|0|0|0|0|0|0|0|0|0|0|0|0|0|0|0|0|0|0|0|0|0|0|0|0|0|0|0|0|0|0|0|0|0|0|0|0|0|0|0|0|0|0|0|0|0|0|0|0|0|0|0|0|0|0|0|0|0|0|0|0|0|0|0|0|0|0|0|0|0|0|0|0|0|0|0|0|0|0|0|0|0|0|0|0|0|0|0|0|0|0|0|0|0|0|0|0|0|0|0|0|0|0|0|0|0|0|0|0|0|0|0|0|0|0|0|0|0|0|0|0|0|0|0|0|0|0|0|0|0|0|0|0|0|0|0|0|0|0|0|0|0|0|0|0|0|0|0|0|0|0|0|0|0|0|0|0|0|0|0|0|0|0|0|0|0|0|0|0|0|0|0
DHCST|NY|000|05|0213853|37|37|37|0|0|37|19|11|0|0|0|3|4|37|34|3|37|34|19|11|0|0|0|2|2|3|0|0|0|0|0|1|2|42|21|14|2|0|0|5|42|36|19|13|2|0|0|2|6|2|1|0|0|0|3|37|33|19|11|0|0|0|3|4|3|0|0|0|0|1|2|0|0|0|0|0|0|0|0|0|1|0|0|0|1|0|0|0|0|0|0|0|0|0|0|0|0|0|0|0|0|0|0|0|0|0|0|0|0|0|0|0|0|0|0|0|0|0|0|0|0|0|0|0|0|0|37|3|34|32|19|11|0|0|0|2|2|2|0|0|0|0|0|2|0|0|0|0|0|0|0|0|0|0|0|0|0|0|0|0|0|0|0|0|0|0|0|0|0|0|0|0|0|0|0|0|0|0|0|0|0|0|0|0|0|0|0|0|0|0|0|0|0|0|0|0|0|0|0
DHCST|NY|000|05|0213854|70|70|70|0|0|70|62|2|0|2|0|0|4|70|69|1|70|69|62|2|0|2|0|0|3|1|0|0|0|0|0|0|1|74|65|3|0|4|0|2|74|72|64|3|0|4|0|1|2|1|0|0|0|0|1|70|66|62|2|0|2|0|0|4|4|0|0|2|0|1|0|0|0|1|0|0|0|0|0|0|0|0|0|0|0|0|0|0|0|0|0|0|0|0|0|0|0|0|0|0|0|0|0|0|0|0|0|0|0|0|0|0|0|0|0|0|0|0|0|0|0|0|0|0|0|0|70|1|69|66|62|2|0|2|0|0|3|3|0|0|2|0|0|0|0|0|1|0|0|0|0|0|0|0|0|0|0|0|0|0|0|0|0|0|0|0|0|0|0|0|0|0|0|0|0|0|0|0|0|0|0|0|0|0|0|0|0|0|0|0|0|0|0|0|0|0|0|0|0
DHCST|NY|000|05|0213855|73|73|73|0|0|73|68|2|0|0|0|0|3|73|70|3|73|70|66|2|0|0|0|0|2|3|2|0|0|0|0|0|1|78|71|2|3|0|0|2|78|73|68|2|2|0|0|1|5|3|0|1|0|0|1|73|70|68|2|0|0|0|0|3|1|0|1|0|0|0|0|0|0|0|0|0|0|0|0|0|2|0|0|0|0|0|0|2|0|0|0|0|0|0|0|0|0|0|0|0|0|0|0|0|0|0|0|0|0|0|0|0|0|0|0|0|0|0|0|0|0|0|0|0|0|0|73|3|70|68|66|2|0|0|0|0|2|1|0|1|0|0|0|0|0|0|0|0|0|0|0|0|0|1|0|0|0|0|0|0|1|0|0|0|0|0|0|0|0|0|0|0|0|0|0|0|0|0|0|0|0|0|0|0|0|0|0|0|0|0|0|0|0|0|0|0|0|0|0
DHCST|NY|000|05|0213856|186|186|186|0|0|186|110|58|0|7|0|2|9|186|183|3|186|183|110|58|0|7|0|0|8|3|0|0|0|0|0|2|1|196|119|65|2|7|0|3|196|191|118|65|1|7|0|0|5|1|0|1|0|0|3|186|177|110|58|0|7|0|2|9|8|7|1|0|0|0|0|0|0|0|0|0|0|0|0|0|1|0|0|0|0|0|0|1|0|0|0|0|0|0|0|0|0|0|0|0|0|0|0|0|0|0|0|0|0|0|0|0|0|0|0|0|0|0|0|0|0|0|0|0|0|0|186|3|183|175|110|58|0|7|0|0|8|8|7|1|0|0|0|0|0|0|0|0|0|0|0|0|0|0|0|0|0|0|0|0|0|0|0|0|0|0|0|0|0|0|0|0|0|0|0|0|0|0|0|0|0|0|0|0|0|0|0|0|0|0|0|0|0|0|0|0|0|0|0
DHCST|NY|000|05|0213857|403|403|403|0|0|403|228|122|1|12|0|8|32|403|386|17|403|386|227|121|0|12|0|3|23|17|1|1|1|0|0|5|9|436|254|144|3|17|0|18|436|410|246|141|1|17|0|5|26|8|3|2|0|0|13|403|371|228|122|1|12|0|8|32|31|15|2|0|0|8|0|4|0|2|0|0|0|0|0|0|1|0|1|0|0|0|0|0|0|0|0|0|0|0|0|0|0|0|0|0|0|0|0|0|0|0|0|0|0|0|0|0|0|0|0|0|0|0|0|0|0|0|0|0|0|0|403|17|386|363|227|121|0|12|0|3|23|22|15|1|0|0|2|0|4|0|0|0|0|0|0|0|0|1|0|1|0|0|0|0|0|0|0|0|0|0|0|0|0|0|0|0|0|0|0|0|0|0|0|0|0|0|0|0|0|0|0|0|0|0|0|0|0|0|0|0|0|0|0
DHCST|NY|000|05|0213858|0|0|0|0|0|0|0|0|0|0|0|0|0|0|0|0|0|0|0|0|0|0|0|0|0|0|0|0|0|0|0|0|0|0|0|0|0|0|0|0|0|0|0|0|0|0|0|0|0|0|0|0|0|0|0|0|0|0|0|0|0|0|0|0|0|0|0|0|0|0|0|0|0|0|0|0|0|0|0|0|0|0|0|0|0|0|0|0|0|0|0|0|0|0|0|0|0|0|0|0|0|0|0|0|0|0|0|0|0|0|0|0|0|0|0|0|0|0|0|0|0|0|0|0|0|0|0|0|0|0|0|0|0|0|0|0|0|0|0|0|0|0|0|0|0|0|0|0|0|0|0|0|0|0|0|0|0|0|0|0|0|0|0|0|0|0|0|0|0|0|0|0|0|0|0|0|0|0|0|0|0|0|0|0|0|0|0|0|0|0|0|0|0|0|0|0|0|0|0
DHCST|NY|000|05|0213859|78|78|78|0|0|78|56|14|0|4|0|0|4|78|76|2|78|76|56|13|0|4|0|0|3|2|0|1|0|0|0|0|1|82|59|15|0|6|1|1|82|79|58|14|0|6|1|0|3|1|1|0|0|0|1|78|74|56|14|0|4|0|0|4|4|0|0|2|0|1|0|0|1|0|0|0|0|0|0|0|0|0|0|0|0|0|0|0|0|0|0|0|0|0|0|0|0|0|0|0|0|0|0|0|0|0|0|0|0|0|0|0|0|0|0|0|0|0|0|0|0|0|0|0|0|0|78|2|76|73|56|13|0|4|0|0|3|3|0|0|2|0|0|0|0|1|0|0|0|0|0|0|0|0|0|0|0|0|0|0|0|0|0|0|0|0|0|0|0|0|0|0|0|0|0|0|0|0|0|0|0|0|0|0|0|0|0|0|0|0|0|0|0|0|0|0|0|0|0
DHCST|NY|000|05|0213860|40|40|40|0|0|40|23|13|0|3|0|0|1|40|39|1|40|39|23|13|0|3|0|0|0|1|0|0|0|0|0|0|1|41|24|13|0|3|0|1|41|39|23|13|0|3|0|0|2|1|0|0|0|0|1|40|39|23|13|0|3|0|0|1|1|0|0|0|0|1|0|0|0|0|0|0|0|0|0|0|0|0|0|0|0|0|0|0|0|0|0|0|0|0|0|0|0|0|0|0|0|0|0|0|0|0|0|0|0|0|0|0|0|0|0|0|0|0|0|0|0|0|0|0|0|0|40|1|39|39|23|13|0|3|0|0|0|0|0|0|0|0|0|0|0|0|0|0|0|0|0|0|0|0|0|0|0|0|0|0|0|0|0|0|0|0|0|0|0|0|0|0|0|0|0|0|0|0|0|0|0|0|0|0|0|0|0|0|0|0|0|0|0|0|0|0|0|0|0
DHCST|NY|000|05|0213861|41|41|41|0|0|41|23|15|0|0|0|0|3|41|39|2|41|39|23|13|0|0|0|0|3|2|0|2|0|0|0|0|0|44|24|17|1|0|0|2|44|42|24|15|1|0|0|2|2|0|2|0|0|0|0|41|38|23|15|0|0|0|0|3|3|0|0|0|0|1|1|0|0|1|0|0|0|0|0|0|0|0|0|0|0|0|0|0|0|0|0|0|0|0|0|0|0|0|0|0|0|0|0|0|0|0|0|0|0|0|0|0|0|0|0|0|0|0|0|0|0|0|0|0|0|0|41|2|39|36|23|13|0|0|0|0|3|3|0|0|0|0|1|1|0|0|1|0|0|0|0|0|0|0|0|0|0|0|0|0|0|0|0|0|0|0|0|0|0|0|0|0|0|0|0|0|0|0|0|0|0|0|0|0|0|0|0|0|0|0|0|0|0|0|0|0|0|0|0
DHCST|NY|000|05|0213862|25|25|25|0|0|25|18|2|0|0|0|1|4|25|21|4|25|21|18|2|0|0|0|0|1|4|0|0|0|0|0|1|3|29|22|3|0|0|0|4|29|22|19|3|0|0|0|0|7|3|0|0|0|0|4|25|21|18|2|0|0|0|1|4|4|1|0|0|0|3|0|0|0|0|0|0|0|0|0|0|0|0|0|0|0|0|0|0|0|0|0|0|0|0|0|0|0|0|0|0|0|0|0|0|0|0|0|0|0|0|0|0|0|0|0|0|0|0|0|0|0|0|0|0|0|0|25|4|21|20|18|2|0|0|0|0|1|1|1|0|0|0|0|0|0|0|0|0|0|0|0|0|0|0|0|0|0|0|0|0|0|0|0|0|0|0|0|0|0|0|0|0|0|0|0|0|0|0|0|0|0|0|0|0|0|0|0|0|0|0|0|0|0|0|0|0|0|0|0
DHCST|NY|000|05|0213863|0|0|0|0|0|0|0|0|0|0|0|0|0|0|0|0|0|0|0|0|0|0|0|0|0|0|0|0|0|0|0|0|0|0|0|0|0|0|0|0|0|0|0|0|0|0|0|0|0|0|0|0|0|0|0|0|0|0|0|0|0|0|0|0|0|0|0|0|0|0|0|0|0|0|0|0|0|0|0|0|0|0|0|0|0|0|0|0|0|0|0|0|0|0|0|0|0|0|0|0|0|0|0|0|0|0|0|0|0|0|0|0|0|0|0|0|0|0|0|0|0|0|0|0|0|0|0|0|0|0|0|0|0|0|0|0|0|0|0|0|0|0|0|0|0|0|0|0|0|0|0|0|0|0|0|0|0|0|0|0|0|0|0|0|0|0|0|0|0|0|0|0|0|0|0|0|0|0|0|0|0|0|0|0|0|0|0|0|0|0|0|0|0|0|0|0|0|0|0
DHCST|NY|000|05|0213864|0|0|0|0|0|0|0|0|0|0|0|0|0|0|0|0|0|0|0|0|0|0|0|0|0|0|0|0|0|0|0|0|0|0|0|0|0|0|0|0|0|0|0|0|0|0|0|0|0|0|0|0|0|0|0|0|0|0|0|0|0|0|0|0|0|0|0|0|0|0|0|0|0|0|0|0|0|0|0|0|0|0|0|0|0|0|0|0|0|0|0|0|0|0|0|0|0|0|0|0|0|0|0|0|0|0|0|0|0|0|0|0|0|0|0|0|0|0|0|0|0|0|0|0|0|0|0|0|0|0|0|0|0|0|0|0|0|0|0|0|0|0|0|0|0|0|0|0|0|0|0|0|0|0|0|0|0|0|0|0|0|0|0|0|0|0|0|0|0|0|0|0|0|0|0|0|0|0|0|0|0|0|0|0|0|0|0|0|0|0|0|0|0|0|0|0|0|0|0
DHCST|NY|000|05|0213865|16|16|16|0|0|16|9|2|0|0|0|2|3|16|14|2|16|14|7|2|0|0|0|2|3|2|2|0|0|0|0|0|0|19|12|3|0|0|0|4|19|17|10|3|0|0|0|4|2|2|0|0|0|0|0|16|13|9|2|0|0|0|2|3|3|1|0|0|0|2|0|0|0|0|0|0|0|0|0|0|0|0|0|0|0|0|0|0|0|0|0|0|0|0|0|0|0|0|0|0|0|0|0|0|0|0|0|0|0|0|0|0|0|0|0|0|0|0|0|0|0|0|0|0|0|0|16|2|14|11|7|2|0|0|0|2|3|3|1|0|0|0|2|0|0|0|0|0|0|0|0|0|0|0|0|0|0|0|0|0|0|0|0|0|0|0|0|0|0|0|0|0|0|0|0|0|0|0|0|0|0|0|0|0|0|0|0|0|0|0|0|0|0|0|0|0|0|0|0
DHCST|NY|000|05|0213866|22|22|22|0|0|22|19|0|1|0|1|1|0|22|21|1|22|21|19|0|1|0|1|0|0|1|0|0|0|0|0|1|0|22|19|0|1|0|1|1|22|21|19|0|1|0|1|0|1|0|0|0|0|0|1|22|22|19|0|1|0|1|1|0|0|0|0|0|0|0|0|0|0|0|0|0|0|0|0|0|0|0|0|0|0|0|0|0|0|0|0|0|0|0|0|0|0|0|0|0|0|0|0|0|0|0|0|0|0|0|0|0|0|0|0|0|0|0|0|0|0|0|0|0|0|0|22|1|21|21|19|0|1|0|1|0|0|0|0|0|0|0|0|0|0|0|0|0|0|0|0|0|0|0|0|0|0|0|0|0|0|0|0|0|0|0|0|0|0|0|0|0|0|0|0|0|0|0|0|0|0|0|0|0|0|0|0|0|0|0|0|0|0|0|0|0|0|0|0
DHCST|NY|000|05|0213867|13|13|13|0|0|13|12|0|0|0|0|0|1|13|13|0|13|13|12|0|0|0|0|0|1|0|0|0|0|0|0|0|0|14|13|0|1|0|0|0|14|14|13|0|1|0|0|0|0|0|0|0|0|0|0|13|12|12|0|0|0|0|0|1|1|0|1|0|0|0|0|0|0|0|0|0|0|0|0|0|0|0|0|0|0|0|0|0|0|0|0|0|0|0|0|0|0|0|0|0|0|0|0|0|0|0|0|0|0|0|0|0|0|0|0|0|0|0|0|0|0|0|0|0|0|0|13|0|13|12|12|0|0|0|0|0|1|1|0|1|0|0|0|0|0|0|0|0|0|0|0|0|0|0|0|0|0|0|0|0|0|0|0|0|0|0|0|0|0|0|0|0|0|0|0|0|0|0|0|0|0|0|0|0|0|0|0|0|0|0|0|0|0|0|0|0|0|0|0
DHCST|NY|000|05|0213868|42|42|42|0|0|42|22|13|2|0|0|0|5|42|38|4|42|38|22|13|0|0|0|0|3|4|0|0|2|0|0|0|2|49|26|16|2|3|0|2|49|43|24|16|0|3|0|0|6|2|0|2|0|0|2|42|37|22|13|2|0|0|0|5|3|0|0|0|0|2|0|1|0|0|0|0|0|0|0|0|2|0|2|0|0|0|0|0|0|0|0|0|0|0|0|0|0|0|0|0|0|0|0|0|0|0|0|0|0|0|0|0|0|0|0|0|0|0|0|0|0|0|0|0|0|0|42|4|38|35|22|13|0|0|0|0|3|1|0|0|0|0|0|0|1|0|0|0|0|0|0|0|0|2|0|2|0|0|0|0|0|0|0|0|0|0|0|0|0|0|0|0|0|0|0|0|0|0|0|0|0|0|0|0|0|0|0|0|0|0|0|0|0|0|0|0|0|0|0
DHCST|NY|000|05|0213869|31|31|31|0|0|31|25|3|2|0|0|0|1|31|30|1|31|30|25|3|2|0|0|0|0|1|0|0|0|0|0|0|1|33|26|3|3|0|0|1|33|30|25|3|2|0|0|0|3|1|0|1|0|0|1|31|30|25|3|2|0|0|0|1|0|0|0|0|0|0|0|0|0|0|0|0|0|0|0|0|1|0|0|0|0|0|0|1|0|0|0|0|0|0|0|0|0|0|0|0|0|0|0|0|0|0|0|0|0|0|0|0|0|0|0|0|0|0|0|0|0|0|0|0|0|0|31|1|30|30|25|3|2|0|0|0|0|0|0|0|0|0|0|0|0|0|0|0|0|0|0|0|0|0|0|0|0|0|0|0|0|0|0|0|0|0|0|0|0|0|0|0|0|0|0|0|0|0|0|0|0|0|0|0|0|0|0|0|0|0|0|0|0|0|0|0|0|0|0
DHCST|NY|000|05|0213870|86|86|86|0|0|86|63|17|0|0|0|4|2|86|82|4|86|82|63|17|0|0|0|0|2|4|0|0|0|0|0|4|0|88|65|19|0|0|0|4|88|84|65|19|0|0|0|0|4|0|0|0|0|0|4|86|84|63|17|0|0|0|4|2|2|2|0|0|0|0|0|0|0|0|0|0|0|0|0|0|0|0|0|0|0|0|0|0|0|0|0|0|0|0|0|0|0|0|0|0|0|0|0|0|0|0|0|0|0|0|0|0|0|0|0|0|0|0|0|0|0|0|0|0|0|0|86|4|82|80|63|17|0|0|0|0|2|2|2|0|0|0|0|0|0|0|0|0|0|0|0|0|0|0|0|0|0|0|0|0|0|0|0|0|0|0|0|0|0|0|0|0|0|0|0|0|0|0|0|0|0|0|0|0|0|0|0|0|0|0|0|0|0|0|0|0|0|0|0
DHCST|NY|000|05|0213871|111|111|111|0|0|111|91|13|0|0|0|0|7|111|108|3|111|108|91|13|0|0|0|0|4|3|0|0|0|0|0|0|3|121|94|20|0|4|0|3|121|112|91|17|0|4|0|0|9|3|3|0|0|0|3|111|104|91|13|0|0|0|0|7|4|0|0|0|0|0|0|4|0|0|0|0|0|0|0|0|3|0|0|0|3|0|0|0|0|0|0|0|0|0|0|0|0|0|0|0|0|0|0|0|0|0|0|0|0|0|0|0|0|0|0|0|0|0|0|0|0|0|0|0|0|0|111|3|108|104|91|13|0|0|0|0|4|4|0|0|0|0|0|0|4|0|0|0|0|0|0|0|0|0|0|0|0|0|0|0|0|0|0|0|0|0|0|0|0|0|0|0|0|0|0|0|0|0|0|0|0|0|0|0|0|0|0|0|0|0|0|0|0|0|0|0|0|0|0
DHCST|NY|000|05|0213872|21|21|21|0|0|21|14|4|0|0|0|0|3|21|19|2|21|19|14|4|0|0|0|0|1|2|0|0|0|0|0|0|2|24|15|6|0|0|0|3|24|20|15|4|0|0|0|1|4|0|2|0|0|0|2|21|18|14|4|0|0|0|0|3|3|0|0|0|0|1|0|0|0|2|0|0|0|0|0|0|0|0|0|0|0|0|0|0|0|0|0|0|0|0|0|0|0|0|0|0|0|0|0|0|0|0|0|0|0|0|0|0|0|0|0|0|0|0|0|0|0|0|0|0|0|0|21|2|19|18|14|4|0|0|0|0|1|1|0|0|0|0|1|0|0|0|0|0|0|0|0|0|0|0|0|0|0|0|0|0|0|0|0|0|0|0|0|0|0|0|0|0|0|0|0|0|0|0|0|0|0|0|0|0|0|0|0|0|0|0|0|0|0|0|0|0|0|0|0
DHCST|NY|000|05|0213873|26|26|26|0|0|26|10|4|0|1|0|0|11|26|22|4|26|22|10|4|0|1|0|0|7|4|0|0|0|0|0|0|4|39|19|11|2|3|0|4|39|31|15|11|2|3|0|0|8|4|0|0|0|0|4|26|15|10|4|0|1|0|0|11|9|3|0|0|0|4|0|2|0|0|0|0|0|0|0|0|2|2|0|0|0|0|0|0|0|0|0|0|0|0|0|0|0|0|0|0|0|0|0|0|0|0|0|0|0|0|0|0|0|0|0|0|0|0|0|0|0|0|0|0|0|0|26|4|22|15|10|4|0|1|0|0|7|5|3|0|0|0|0|0|2|0|0|0|0|0|0|0|0|2|2|0|0|0|0|0|0|0|0|0|0|0|0|0|0|0|0|0|0|0|0|0|0|0|0|0|0|0|0|0|0|0|0|0|0|0|0|0|0|0|0|0|0|0|0
DHCST|NY|000|05|0213874|40|40|40|0|0|40|28|9|0|0|0|0|3|40|37|3|40|37|26|9|0|0|0|0|2|3|2|0|0|0|0|0|1|43|31|9|0|2|0|1|43|39|28|9|0|2|0|0|4|3|0|0|0|0|1|40|37|28|9|0|0|0|0|3|3|0|0|2|0|1|0|0|0|0|0|0|0|0|0|0|0|0|0|0|0|0|0|0|0|0|0|0|0|0|0|0|0|0|0|0|0|0|0|0|0|0|0|0|0|0|0|0|0|0|0|0|0|0|0|0|0|0|0|0|0|0|40|3|37|35|26|9|0|0|0|0|2|2|0|0|2|0|0|0|0|0|0|0|0|0|0|0|0|0|0|0|0|0|0|0|0|0|0|0|0|0|0|0|0|0|0|0|0|0|0|0|0|0|0|0|0|0|0|0|0|0|0|0|0|0|0|0|0|0|0|0|0|0|0
DHCST|NY|000|05|0213875|38|38|38|0|0|38|34|2|1|0|0|0|1|38|37|1|38|37|34|2|1|0|0|0|0|1|0|0|0|0|0|0|1|39|34|3|1|0|0|1|39|37|34|2|1|0|0|0|2|0|1|0|0|0|1|38|37|34|2|1|0|0|0|1|1|0|0|0|0|0|0|0|0|1|0|0|0|0|0|0|0|0|0|0|0|0|0|0|0|0|0|0|0|0|0|0|0|0|0|0|0|0|0|0|0|0|0|0|0|0|0|0|0|0|0|0|0|0|0|0|0|0|0|0|0|0|38|1|37|37|34|2|1|0|0|0|0|0|0|0|0|0|0|0|0|0|0|0|0|0|0|0|0|0|0|0|0|0|0|0|0|0|0|0|0|0|0|0|0|0|0|0|0|0|0|0|0|0|0|0|0|0|0|0|0|0|0|0|0|0|0|0|0|0|0|0|0|0|0
DHCST|NY|000|05|0213876|45|45|45|0|0|45|37|3|0|2|0|0|3|45|45|0|45|45|37|3|0|2|0|0|3|0|0|0|0|0|0|0|0|48|40|4|0|2|0|2|48|48|40|4|0|2|0|2|0|0|0|0|0|0|0|45|42|37|3|0|2|0|0|3|3|1|0|0|0|2|0|0|0|0|0|0|0|0|0|0|0|0|0|0|0|0|0|0|0|0|0|0|0|0|0|0|0|0|0|0|0|0|0|0|0|0|0|0|0|0|0|0|0|0|0|0|0|0|0|0|0|0|0|0|0|0|45|0|45|42|37|3|0|2|0|0|3|3|1|0|0|0|2|0|0|0|0|0|0|0|0|0|0|0|0|0|0|0|0|0|0|0|0|0|0|0|0|0|0|0|0|0|0|0|0|0|0|0|0|0|0|0|0|0|0|0|0|0|0|0|0|0|0|0|0|0|0|0|0
DHCST|NY|000|05|0213877|49|49|49|0|0|49|40|0|0|0|0|3|6|49|47|2|49|47|40|0|0|0|0|3|4|2|0|0|0|0|0|0|2|55|46|3|0|0|0|6|55|51|44|3|0|0|0|4|4|2|0|0|0|0|2|49|43|40|0|0|0|0|3|6|6|3|0|0|0|3|0|0|0|0|0|0|0|0|0|0|0|0|0|0|0|0|0|0|0|0|0|0|0|0|0|0|0|0|0|0|0|0|0|0|0|0|0|0|0|0|0|0|0|0|0|0|0|0|0|0|0|0|0|0|0|0|49|2|47|43|40|0|0|0|0|3|4|4|3|0|0|0|1|0|0|0|0|0|0|0|0|0|0|0|0|0|0|0|0|0|0|0|0|0|0|0|0|0|0|0|0|0|0|0|0|0|0|0|0|0|0|0|0|0|0|0|0|0|0|0|0|0|0|0|0|0|0|0|0
DHCST|NY|000|05|0213878|37|37|37|0|0|37|31|3|1|0|0|0|2|37|32|5|37|32|27|3|0|0|0|0|2|5|4|0|1|0|0|0|0|39|33|3|2|1|0|0|39|34|29|3|1|1|0|0|5|4|0|1|0|0|0|37|35|31|3|1|0|0|0|2|2|0|1|1|0|0|0|0|0|0|0|0|0|0|0|0|0|0|0|0|0|0|0|0|0|0|0|0|0|0|0|0|0|0|0|0|0|0|0|0|0|0|0|0|0|0|0|0|0|0|0|0|0|0|0|0|0|0|0|0|0|0|37|5|32|30|27|3|0|0|0|0|2|2|0|1|1|0|0|0|0|0|0|0|0|0|0|0|0|0|0|0|0|0|0|0|0|0|0|0|0|0|0|0|0|0|0|0|0|0|0|0|0|0|0|0|0|0|0|0|0|0|0|0|0|0|0|0|0|0|0|0|0|0|0
DHCST|NY|000|05|0213879|61|61|61|0|0|61|59|0|0|0|0|1|1|61|59|2|61|59|57|0|0|0|0|1|1|2|2|0|0|0|0|0|0|63|60|0|1|1|0|1|63|61|58|0|1|1|0|1|2|2|0|0|0|0|0|61|60|59|0|0|0|0|1|1|0|0|0|0|0|0|0|0|0|0|0|0|0|0|0|0|1|0|0|0|0|1|0|0|0|0|0|0|0|0|0|0|0|0|0|0|0|0|0|0|0|0|0|0|0|0|0|0|0|0|0|0|0|0|0|0|0|0|0|0|0|0|61|2|59|58|57|0|0|0|0|1|1|0|0|0|0|0|0|0|0|0|0|0|0|0|0|0|0|1|0|0|0|0|1|0|0|0|0|0|0|0|0|0|0|0|0|0|0|0|0|0|0|0|0|0|0|0|0|0|0|0|0|0|0|0|0|0|0|0|0|0|0|0|0
DHCST|NY|000|05|0213880|0|0|0|0|0|0|0|0|0|0|0|0|0|0|0|0|0|0|0|0|0|0|0|0|0|0|0|0|0|0|0|0|0|0|0|0|0|0|0|0|0|0|0|0|0|0|0|0|0|0|0|0|0|0|0|0|0|0|0|0|0|0|0|0|0|0|0|0|0|0|0|0|0|0|0|0|0|0|0|0|0|0|0|0|0|0|0|0|0|0|0|0|0|0|0|0|0|0|0|0|0|0|0|0|0|0|0|0|0|0|0|0|0|0|0|0|0|0|0|0|0|0|0|0|0|0|0|0|0|0|0|0|0|0|0|0|0|0|0|0|0|0|0|0|0|0|0|0|0|0|0|0|0|0|0|0|0|0|0|0|0|0|0|0|0|0|0|0|0|0|0|0|0|0|0|0|0|0|0|0|0|0|0|0|0|0|0|0|0|0|0|0|0|0|0|0|0|0|0
DHCST|NY|000|05|0213881|114|114|114|0|0|114|83|20|0|3|0|1|7|114|106|8|114|106|80|20|0|3|0|0|3|8|3|0|0|0|0|1|4|121|90|20|1|3|0|7|121|109|83|20|1|3|0|2|12|7|0|0|0|0|5|114|107|83|20|0|3|0|1|7|7|0|1|0|0|6|0|0|0|0|0|0|0|0|0|0|0|0|0|0|0|0|0|0|0|0|0|0|0|0|0|0|0|0|0|0|0|0|0|0|0|0|0|0|0|0|0|0|0|0|0|0|0|0|0|0|0|0|0|0|0|0|114|8|106|103|80|20|0|3|0|0|3|3|0|1|0|0|2|0|0|0|0|0|0|0|0|0|0|0|0|0|0|0|0|0|0|0|0|0|0|0|0|0|0|0|0|0|0|0|0|0|0|0|0|0|0|0|0|0|0|0|0|0|0|0|0|0|0|0|0|0|0|0|0
DHCST|NY|000|05|0213882|21|21|21|0|0|21|20|0|0|0|0|0|1|21|21|0|21|21|20|0|0|0|0|0|1|0|0|0|0|0|0|0|0|22|21|0|0|0|1|0|22|22|21|0|0|0|1|0|0|0|0|0|0|0|0|21|20|20|0|0|0|0|0|1|1|0|0|0|1|0|0|0|0|0|0|0|0|0|0|0|0|0|0|0|0|0|0|0|0|0|0|0|0|0|0|0|0|0|0|0|0|0|0|0|0|0|0|0|0|0|0|0|0|0|0|0|0|0|0|0|0|0|0|0|0|0|21|0|21|20|20|0|0|0|0|0|1|1|0|0|0|1|0|0|0|0|0|0|0|0|0|0|0|0|0|0|0|0|0|0|0|0|0|0|0|0|0|0|0|0|0|0|0|0|0|0|0|0|0|0|0|0|0|0|0|0|0|0|0|0|0|0|0|0|0|0|0|0|0
DHCST|NY|000|05|0213883|64|64|64|0|0|64|57|5|0|0|0|0|2|64|63|1|64|63|57|5|0|0|0|0|1|1|0|0|0|0|0|0|1|66|59|5|1|0|0|1|66|64|58|5|1|0|0|0|2|1|0|0|0|0|1|64|62|57|5|0|0|0|0|2|2|0|1|0|0|1|0|0|0|0|0|0|0|0|0|0|0|0|0|0|0|0|0|0|0|0|0|0|0|0|0|0|0|0|0|0|0|0|0|0|0|0|0|0|0|0|0|0|0|0|0|0|0|0|0|0|0|0|0|0|0|0|64|1|63|62|57|5|0|0|0|0|1|1|0|1|0|0|0|0|0|0|0|0|0|0|0|0|0|0|0|0|0|0|0|0|0|0|0|0|0|0|0|0|0|0|0|0|0|0|0|0|0|0|0|0|0|0|0|0|0|0|0|0|0|0|0|0|0|0|0|0|0|0|0
DHCST|NY|000|05|0213884|68|68|68|0|0|68|41|15|0|1|0|6|5|68|58|10|68|58|39|15|0|1|0|0|3|10|2|0|0|0|0|6|2|73|46|15|4|1|0|7|73|61|42|15|3|1|0|0|12|4|0|1|0|0|7|68|63|41|15|0|1|0|6|5|5|0|4|0|0|1|0|0|0|0|0|0|0|0|0|0|0|0|0|0|0|0|0|0|0|0|0|0|0|0|0|0|0|0|0|0|0|0|0|0|0|0|0|0|0|0|0|0|0|0|0|0|0|0|0|0|0|0|0|0|0|0|68|10|58|55|39|15|0|1|0|0|3|3|0|3|0|0|0|0|0|0|0|0|0|0|0|0|0|0|0|0|0|0|0|0|0|0|0|0|0|0|0|0|0|0|0|0|0|0|0|0|0|0|0|0|0|0|0|0|0|0|0|0|0|0|0|0|0|0|0|0|0|0|0
DHCST|NY|000|05|0213885|16|16|16|0|0|16|14|2|0|0|0|0|0|16|16|0|16|16|14|2|0|0|0|0|0|0|0|0|0|0|0|0|0|16|14|2|0|0|0|0|16|16|14|2|0|0|0|0|0|0|0|0|0|0|0|16|16|14|2|0|0|0|0|0|0|0|0|0|0|0|0|0|0|0|0|0|0|0|0|0|0|0|0|0|0|0|0|0|0|0|0|0|0|0|0|0|0|0|0|0|0|0|0|0|0|0|0|0|0|0|0|0|0|0|0|0|0|0|0|0|0|0|0|0|0|0|16|0|16|16|14|2|0|0|0|0|0|0|0|0|0|0|0|0|0|0|0|0|0|0|0|0|0|0|0|0|0|0|0|0|0|0|0|0|0|0|0|0|0|0|0|0|0|0|0|0|0|0|0|0|0|0|0|0|0|0|0|0|0|0|0|0|0|0|0|0|0|0|0
DHCST|NY|000|05|0213886|21|21|21|0|0|21|18|1|0|0|0|0|2|21|20|1|21|20|18|1|0|0|0|0|1|1|0|0|0|0|0|0|1|23|20|1|0|1|0|1|23|21|19|1|0|0|0|1|2|1|0|0|1|0|0|21|19|18|1|0|0|0|0|2|2|0|0|1|0|1|0|0|0|0|0|0|0|0|0|0|0|0|0|0|0|0|0|0|0|0|0|0|0|0|0|0|0|0|0|0|0|0|0|0|0|0|0|0|0|0|0|0|0|0|0|0|0|0|0|0|0|0|0|0|0|0|21|1|20|19|18|1|0|0|0|0|1|1|0|0|0|0|1|0|0|0|0|0|0|0|0|0|0|0|0|0|0|0|0|0|0|0|0|0|0|0|0|0|0|0|0|0|0|0|0|0|0|0|0|0|0|0|0|0|0|0|0|0|0|0|0|0|0|0|0|0|0|0|0
DHCST|NY|000|05|0213887|37|37|37|0|0|37|28|4|1|0|0|0|4|37|37|0|37|37|28|4|1|0|0|0|4|0|0|0|0|0|0|0|0|42|32|5|1|1|3|0|42|42|32|5|1|1|3|0|0|0|0|0|0|0|0|37|33|28|4|1|0|0|0|4|3|0|0|0|3|0|0|0|0|0|0|0|0|0|0|0|1|0|1|0|0|0|0|0|0|0|0|0|0|0|0|0|0|0|0|0|0|0|0|0|0|0|0|0|0|0|0|0|0|0|0|0|0|0|0|0|0|0|0|0|0|0|37|0|37|33|28|4|1|0|0|0|4|3|0|0|0|3|0|0|0|0|0|0|0|0|0|0|0|1|0|1|0|0|0|0|0|0|0|0|0|0|0|0|0|0|0|0|0|0|0|0|0|0|0|0|0|0|0|0|0|0|0|0|0|0|0|0|0|0|0|0|0|0|0
DHCST|NY|000|05|0213888|32|32|32|0|0|32|30|0|0|0|0|0|2|32|32|0|32|32|30|0|0|0|0|0|2|0|0|0|0|0|0|0|0|34|32|0|0|2|0|0|34|34|32|0|0|2|0|0|0|0|0|0|0|0|0|32|30|30|0|0|0|0|0|2|2|0|0|2|0|0|0|0|0|0|0|0|0|0|0|0|0|0|0|0|0|0|0|0|0|0|0|0|0|0|0|0|0|0|0|0|0|0|0|0|0|0|0|0|0|0|0|0|0|0|0|0|0|0|0|0|0|0|0|0|0|0|32|0|32|30|30|0|0|0|0|0|2|2|0|0|2|0|0|0|0|0|0|0|0|0|0|0|0|0|0|0|0|0|0|0|0|0|0|0|0|0|0|0|0|0|0|0|0|0|0|0|0|0|0|0|0|0|0|0|0|0|0|0|0|0|0|0|0|0|0|0|0|0|0
DHCST|NY|000|05|0213889|62|62|62|0|0|62|54|0|2|0|0|4|2|62|62|0|62|62|54|0|2|0|0|4|2|0|0|0|0|0|0|0|0|64|56|0|4|0|0|4|64|64|56|0|4|0|0|4|0|0|0|0|0|0|0|62|60|54|0|2|0|0|4|2|2|0|2|0|0|0|0|0|0|0|0|0|0|0|0|0|0|0|0|0|0|0|0|0|0|0|0|0|0|0|0|0|0|0|0|0|0|0|0|0|0|0|0|0|0|0|0|0|0|0|0|0|0|0|0|0|0|0|0|0|0|0|62|0|62|60|54|0|2|0|0|4|2|2|0|2|0|0|0|0|0|0|0|0|0|0|0|0|0|0|0|0|0|0|0|0|0|0|0|0|0|0|0|0|0|0|0|0|0|0|0|0|0|0|0|0|0|0|0|0|0|0|0|0|0|0|0|0|0|0|0|0|0|0|0
DHCST|NY|000|05|0213890|54|54|54|0|0|54|51|2|0|0|0|1|0|54|54|0|54|54|51|2|0|0|0|1|0|0|0|0|0|0|0|0|0|54|51|2|0|0|0|1|54|54|51|2|0|0|0|1|0|0|0|0|0|0|0|54|54|51|2|0|0|0|1|0|0|0|0|0|0|0|0|0|0|0|0|0|0|0|0|0|0|0|0|0|0|0|0|0|0|0|0|0|0|0|0|0|0|0|0|0|0|0|0|0|0|0|0|0|0|0|0|0|0|0|0|0|0|0|0|0|0|0|0|0|0|0|54|0|54|54|51|2|0|0|0|1|0|0|0|0|0|0|0|0|0|0|0|0|0|0|0|0|0|0|0|0|0|0|0|0|0|0|0|0|0|0|0|0|0|0|0|0|0|0|0|0|0|0|0|0|0|0|0|0|0|0|0|0|0|0|0|0|0|0|0|0|0|0|0
DHCST|NY|000|05|0213891|72|72|72|0|0|72|70|0|0|0|0|2|0|72|72|0|72|72|70|0|0|0|0|2|0|0|0|0|0|0|0|0|0|72|70|0|0|0|0|2|72|72|70|0|0|0|0|2|0|0|0|0|0|0|0|72|72|70|0|0|0|0|2|0|0|0|0|0|0|0|0|0|0|0|0|0|0|0|0|0|0|0|0|0|0|0|0|0|0|0|0|0|0|0|0|0|0|0|0|0|0|0|0|0|0|0|0|0|0|0|0|0|0|0|0|0|0|0|0|0|0|0|0|0|0|0|72|0|72|72|70|0|0|0|0|2|0|0|0|0|0|0|0|0|0|0|0|0|0|0|0|0|0|0|0|0|0|0|0|0|0|0|0|0|0|0|0|0|0|0|0|0|0|0|0|0|0|0|0|0|0|0|0|0|0|0|0|0|0|0|0|0|0|0|0|0|0|0|0
DHCST|NY|000|05|0213892|51|51|51|0|0|51|49|2|0|0|0|0|0|51|51|0|51|51|49|2|0|0|0|0|0|0|0|0|0|0|0|0|0|51|49|2|0|0|0|0|51|51|49|2|0|0|0|0|0|0|0|0|0|0|0|51|51|49|2|0|0|0|0|0|0|0|0|0|0|0|0|0|0|0|0|0|0|0|0|0|0|0|0|0|0|0|0|0|0|0|0|0|0|0|0|0|0|0|0|0|0|0|0|0|0|0|0|0|0|0|0|0|0|0|0|0|0|0|0|0|0|0|0|0|0|0|51|0|51|51|49|2|0|0|0|0|0|0|0|0|0|0|0|0|0|0|0|0|0|0|0|0|0|0|0|0|0|0|0|0|0|0|0|0|0|0|0|0|0|0|0|0|0|0|0|0|0|0|0|0|0|0|0|0|0|0|0|0|0|0|0|0|0|0|0|0|0|0|0
DHCST|NY|000|05|0213893|44|44|44|0|0|44|44|0|0|0|0|0|0|44|44|0|44|44|44|0|0|0|0|0|0|0|0|0|0|0|0|0|0|44|44|0|0|0|0|0|44|44|44|0|0|0|0|0|0|0|0|0|0|0|0|44|44|44|0|0|0|0|0|0|0|0|0|0|0|0|0|0|0|0|0|0|0|0|0|0|0|0|0|0|0|0|0|0|0|0|0|0|0|0|0|0|0|0|0|0|0|0|0|0|0|0|0|0|0|0|0|0|0|0|0|0|0|0|0|0|0|0|0|0|0|0|44|0|44|44|44|0|0|0|0|0|0|0|0|0|0|0|0|0|0|0|0|0|0|0|0|0|0|0|0|0|0|0|0|0|0|0|0|0|0|0|0|0|0|0|0|0|0|0|0|0|0|0|0|0|0|0|0|0|0|0|0|0|0|0|0|0|0|0|0|0|0|0|0
DHCST|NY|000|05|0213894|17|17|17|0|0|17|16|0|0|1|0|0|0|17|17|0|17|17|16|0|0|1|0|0|0|0|0|0|0|0|0|0|0|17|16|0|0|1|0|0|17|17|16|0|0|1|0|0|0|0|0|0|0|0|0|17|17|16|0|0|1|0|0|0|0|0|0|0|0|0|0|0|0|0|0|0|0|0|0|0|0|0|0|0|0|0|0|0|0|0|0|0|0|0|0|0|0|0|0|0|0|0|0|0|0|0|0|0|0|0|0|0|0|0|0|0|0|0|0|0|0|0|0|0|0|0|17|0|17|17|16|0|0|1|0|0|0|0|0|0|0|0|0|0|0|0|0|0|0|0|0|0|0|0|0|0|0|0|0|0|0|0|0|0|0|0|0|0|0|0|0|0|0|0|0|0|0|0|0|0|0|0|0|0|0|0|0|0|0|0|0|0|0|0|0|0|0|0|0
DHCST|NY|000|05|0213895|27|27|27|0|0|27|27|0|0|0|0|0|0|27|27|0|27|27|27|0|0|0|0|0|0|0|0|0|0|0|0|0|0|27|27|0|0|0|0|0|27|27|27|0|0|0|0|0|0|0|0|0|0|0|0|27|27|27|0|0|0|0|0|0|0|0|0|0|0|0|0|0|0|0|0|0|0|0|0|0|0|0|0|0|0|0|0|0|0|0|0|0|0|0|0|0|0|0|0|0|0|0|0|0|0|0|0|0|0|0|0|0|0|0|0|0|0|0|0|0|0|0|0|0|0|0|27|0|27|27|27|0|0|0|0|0|0|0|0|0|0|0|0|0|0|0|0|0|0|0|0|0|0|0|0|0|0|0|0|0|0|0|0|0|0|0|0|0|0|0|0|0|0|0|0|0|0|0|0|0|0|0|0|0|0|0|0|0|0|0|0|0|0|0|0|0|0|0|0
DHCST|NY|000|05|0213896|13|13|13|0|0|13|12|0|0|0|0|0|1|13|13|0|13|13|12|0|0|0|0|0|1|0|0|0|0|0|0|0|0|14|13|0|0|0|1|0|14|14|13|0|0|0|1|0|0|0|0|0|0|0|0|13|12|12|0|0|0|0|0|1|1|0|0|0|1|0|0|0|0|0|0|0|0|0|0|0|0|0|0|0|0|0|0|0|0|0|0|0|0|0|0|0|0|0|0|0|0|0|0|0|0|0|0|0|0|0|0|0|0|0|0|0|0|0|0|0|0|0|0|0|0|0|13|0|13|12|12|0|0|0|0|0|1|1|0|0|0|1|0|0|0|0|0|0|0|0|0|0|0|0|0|0|0|0|0|0|0|0|0|0|0|0|0|0|0|0|0|0|0|0|0|0|0|0|0|0|0|0|0|0|0|0|0|0|0|0|0|0|0|0|0|0|0|0|0
DHCST|NY|000|05|0213897|49|49|49|0|0|49|13|18|0|14|0|1|3|49|46|3|49|46|12|18|0|14|0|0|2|3|1|0|0|0|0|1|1|52|15|21|0|14|0|2|52|48|14|20|0|14|0|0|4|1|1|0|0|0|2|49|46|13|18|0|14|0|1|3|3|2|0|0|0|0|0|0|0|1|0|0|0|0|0|0|0|0|0|0|0|0|0|0|0|0|0|0|0|0|0|0|0|0|0|0|0|0|0|0|0|0|0|0|0|0|0|0|0|0|0|0|0|0|0|0|0|0|0|0|0|0|49|3|46|44|12|18|0|14|0|0|2|2|2|0|0|0|0|0|0|0|0|0|0|0|0|0|0|0|0|0|0|0|0|0|0|0|0|0|0|0|0|0|0|0|0|0|0|0|0|0|0|0|0|0|0|0|0|0|0|0|0|0|0|0|0|0|0|0|0|0|0|0|0
DHCST|NY|000|05|0213898|25|25|25|0|0|25|8|8|0|1|0|2|6|25|20|5|25|20|8|7|0|1|0|0|4|5|0|1|0|0|0|2|2|32|12|12|1|1|0|6|32|25|10|11|1|1|0|2|7|2|1|0|0|0|4|25|19|8|8|0|1|0|2|6|5|1|0|0|0|2|0|0|0|2|0|0|0|0|0|0|1|1|0|0|0|0|0|0|0|0|0|0|0|0|0|0|0|0|0|0|0|0|0|0|0|0|0|0|0|0|0|0|0|0|0|0|0|0|0|0|0|0|0|0|0|0|25|5|20|16|8|7|0|1|0|0|4|3|1|0|0|0|0|0|0|0|2|0|0|0|0|0|0|1|1|0|0|0|0|0|0|0|0|0|0|0|0|0|0|0|0|0|0|0|0|0|0|0|0|0|0|0|0|0|0|0|0|0|0|0|0|0|0|0|0|0|0|0|0
DHCST|NY|000|05|0213899|45|45|45|0|0|45|15|9|5|2|0|2|12|45|36|9|45|36|15|4|5|2|0|2|8|9|0|5|0|0|0|0|4|57|23|19|7|2|0|6|57|44|21|12|7|2|0|2|13|2|7|0|0|0|4|45|33|15|9|5|2|0|2|12|12|6|0|0|0|2|2|0|0|2|0|0|0|0|0|0|0|0|0|0|0|0|0|0|0|0|0|0|0|0|0|0|0|0|0|0|0|0|0|0|0|0|0|0|0|0|0|0|0|0|0|0|0|0|0|0|0|0|0|0|0|0|45|9|36|28|15|4|5|2|0|2|8|8|6|0|0|0|0|2|0|0|0|0|0|0|0|0|0|0|0|0|0|0|0|0|0|0|0|0|0|0|0|0|0|0|0|0|0|0|0|0|0|0|0|0|0|0|0|0|0|0|0|0|0|0|0|0|0|0|0|0|0|0|0
DHCST|NY|000|05|0213900|23|23|23|0|0|23|16|1|0|0|0|2|4|23|20|3|23|20|15|0|0|0|0|2|3|3|1|1|0|0|0|0|1|28|20|2|1|2|0|3|28|23|18|1|0|1|0|3|5|2|1|1|1|0|0|23|19|16|1|0|0|0|2|4|3|1|0|1|0|1|0|0|0|0|0|0|0|0|0|0|1|0|0|0|0|1|0|0|0|0|0|0|0|0|0|0|0|0|0|0|0|0|0|0|0|0|0|0|0|0|0|0|0|0|0|0|0|0|0|0|0|0|0|0|0|0|23|3|20|17|15|0|0|0|0|2|3|3|1|0|1|0|1|0|0|0|0|0|0|0|0|0|0|0|0|0|0|0|0|0|0|0|0|0|0|0|0|0|0|0|0|0|0|0|0|0|0|0|0|0|0|0|0|0|0|0|0|0|0|0|0|0|0|0|0|0|0|0|0
DHCST|NY|000|05|0213901|34|34|34|0|0|34|8|10|3|0|0|7|6|34|22|12|34|22|3|9|3|0|0|2|5|12|5|1|0|0|0|5|1|41|12|15|6|0|0|8|41|28|6|14|6|0|0|2|13|6|1|0|0|0|6|34|28|8|10|3|0|0|7|6|5|2|0|0|0|1|2|0|0|0|0|0|0|0|0|0|1|1|0|0|0|0|0|0|0|0|0|0|0|0|0|0|0|0|0|0|0|0|0|0|0|0|0|0|0|0|0|0|0|0|0|0|0|0|0|0|0|0|0|0|0|0|34|12|22|17|3|9|3|0|0|2|5|4|2|0|0|0|0|2|0|0|0|0|0|0|0|0|0|1|1|0|0|0|0|0|0|0|0|0|0|0|0|0|0|0|0|0|0|0|0|0|0|0|0|0|0|0|0|0|0|0|0|0|0|0|0|0|0|0|0|0|0|0|0
DHCST|NY|000|05|0213902|36|36|36|0|0|36|1|22|0|2|0|4|7|36|28|8|36|28|0|20|0|2|0|0|6|8|1|2|0|0|0|4|1|46|8|29|2|2|0|5|46|35|6|26|1|2|0|0|11|2|3|1|0|0|5|36|29|1|22|0|2|0|4|7|5|5|0|0|0|0|0|0|0|0|0|0|0|0|0|0|1|1|0|0|0|0|0|0|0|0|0|0|0|0|0|0|0|0|0|0|0|1|0|0|1|0|0|0|0|0|0|0|0|0|0|0|0|0|0|0|0|0|0|0|0|0|36|8|28|22|0|20|0|2|0|0|6|5|5|0|0|0|0|0|0|0|0|0|0|0|0|0|0|1|1|0|0|0|0|0|0|0|0|0|0|0|0|0|0|0|0|0|0|0|0|0|0|0|0|0|0|0|0|0|0|0|0|0|0|0|0|0|0|0|0|0|0|0|0
DHCST|NY|000|05|0213903|26|26|26|0|0|26|8|11|0|0|0|0|7|26|19|7|26|19|5|11|0|0|0|0|3|7|3|0|0|0|0|0|4|33|11|16|0|0|0|6|33|22|8|12|0|0|0|2|11|3|4|0|0|0|4|26|19|8|11|0|0|0|0|7|7|1|0|0|0|2|0|0|0|4|0|0|0|0|0|0|0|0|0|0|0|0|0|0|0|0|0|0|0|0|0|0|0|0|0|0|0|0|0|0|0|0|0|0|0|0|0|0|0|0|0|0|0|0|0|0|0|0|0|0|0|0|26|7|19|16|5|11|0|0|0|0|3|3|1|0|0|0|2|0|0|0|0|0|0|0|0|0|0|0|0|0|0|0|0|0|0|0|0|0|0|0|0|0|0|0|0|0|0|0|0|0|0|0|0|0|0|0|0|0|0|0|0|0|0|0|0|0|0|0|0|0|0|0|0
DHCST|NY|000|05|0213904|117|117|117|0|0|117|60|34|0|0|0|14|9|117|97|20|117|97|60|34|0|0|0|1|2|20|0|0|0|0|0|13|7|126|69|35|3|0|0|19|126|99|62|34|2|0|0|1|27|7|1|1|0|0|18|117|108|60|34|0|0|0|14|9|9|1|3|0|0|5|0|0|0|0|0|0|0|0|0|0|0|0|0|0|0|0|0|0|0|0|0|0|0|0|0|0|0|0|0|0|0|0|0|0|0|0|0|0|0|0|0|0|0|0|0|0|0|0|0|0|0|0|0|0|0|0|117|20|97|95|60|34|0|0|0|1|2|2|0|2|0|0|0|0|0|0|0|0|0|0|0|0|0|0|0|0|0|0|0|0|0|0|0|0|0|0|0|0|0|0|0|0|0|0|0|0|0|0|0|0|0|0|0|0|0|0|0|0|0|0|0|0|0|0|0|0|0|0|0
DHCST|NY|000|05|0213905|96|96|96|0|0|96|46|29|0|0|0|6|15|96|78|18|96|78|39|29|0|0|0|2|8|18|7|0|0|0|0|4|7|115|61|40|1|0|0|13|115|87|47|37|1|0|0|2|28|14|3|0|0|0|11|96|81|46|29|0|0|0|6|15|11|7|0|0|0|4|0|0|0|0|0|0|0|0|0|0|4|1|0|0|3|0|0|0|0|0|0|0|0|0|0|0|0|0|0|0|0|0|0|0|0|0|0|0|0|0|0|0|0|0|0|0|0|0|0|0|0|0|0|0|0|0|96|18|78|70|39|29|0|0|0|2|8|7|7|0|0|0|0|0|0|0|0|0|0|0|0|0|0|1|1|0|0|0|0|0|0|0|0|0|0|0|0|0|0|0|0|0|0|0|0|0|0|0|0|0|0|0|0|0|0|0|0|0|0|0|0|0|0|0|0|0|0|0|0
DHCST|NY|000|05|0213906|97|97|97|0|0|97|44|34|0|1|0|2|16|97|80|17|97|80|43|28|0|1|0|0|8|17|1|6|0|0|0|2|8|115|58|44|2|1|1|9|115|88|51|36|0|1|0|0|27|7|8|2|0|1|9|97|81|44|34|0|1|0|2|16|15|8|1|0|0|4|0|0|0|1|0|0|0|0|0|1|0|0|0|0|0|0|0|0|0|0|0|0|0|0|0|0|0|0|0|0|0|1|0|0|1|0|0|0|0|0|0|0|0|0|0|0|0|0|0|0|0|0|0|0|0|0|97|17|80|72|43|28|0|1|0|0|8|8|8|0|0|0|0|0|0|0|0|0|0|0|0|0|0|0|0|0|0|0|0|0|0|0|0|0|0|0|0|0|0|0|0|0|0|0|0|0|0|0|0|0|0|0|0|0|0|0|0|0|0|0|0|0|0|0|0|0|0|0|0
DHCST|NY|000|05|0213907|21|21|21|0|0|21|13|8|0|0|0|0|0|21|16|5|21|16|9|7|0|0|0|0|0|5|4|1|0|0|0|0|0|21|13|8|0|0|0|0|21|16|9|7|0|0|0|0|5|4|1|0|0|0|0|21|21|13|8|0|0|0|0|0|0|0|0|0|0|0|0|0|0|0|0|0|0|0|0|0|0|0|0|0|0|0|0|0|0|0|0|0|0|0|0|0|0|0|0|0|0|0|0|0|0|0|0|0|0|0|0|0|0|0|0|0|0|0|0|0|0|0|0|0|0|0|21|5|16|16|9|7|0|0|0|0|0|0|0|0|0|0|0|0|0|0|0|0|0|0|0|0|0|0|0|0|0|0|0|0|0|0|0|0|0|0|0|0|0|0|0|0|0|0|0|0|0|0|0|0|0|0|0|0|0|0|0|0|0|0|0|0|0|0|0|0|0|0|0
DHCST|NY|000|05|0213908|25|25|25|0|0|25|7|4|0|0|0|1|13|25|21|4|25|21|7|2|0|0|0|1|11|4|0|2|0|0|0|0|2|41|20|12|4|3|0|2|41|35|18|10|4|2|0|1|6|2|2|0|1|0|1|25|12|7|4|0|0|0|1|13|10|5|1|3|0|1|0|0|0|0|0|0|0|0|0|0|3|3|0|0|0|0|0|0|0|0|0|0|0|0|0|0|0|0|0|0|0|0|0|0|0|0|0|0|0|0|0|0|0|0|0|0|0|0|0|0|0|0|0|0|0|0|25|4|21|10|7|2|0|0|0|1|11|8|5|1|2|0|0|0|0|0|0|0|0|0|0|0|0|3|3|0|0|0|0|0|0|0|0|0|0|0|0|0|0|0|0|0|0|0|0|0|0|0|0|0|0|0|0|0|0|0|0|0|0|0|0|0|0|0|0|0|0|0|0
DHCST|NY|000|05|0213909|55|55|55|0|0|55|23|21|0|0|0|7|4|55|47|8|55|47|23|21|0|0|0|0|3|8|0|0|0|0|0|7|1|61|27|24|1|1|0|8|61|51|26|23|1|1|0|0|10|1|1|0|0|0|8|55|51|23|21|0|0|0|7|4|2|2|0|0|0|0|0|0|0|0|0|0|0|0|0|0|2|0|0|0|1|1|0|0|0|0|0|0|0|0|0|0|0|0|0|0|0|0|0|0|0|0|0|0|0|0|0|0|0|0|0|0|0|0|0|0|0|0|0|0|0|0|55|8|47|44|23|21|0|0|0|0|3|2|2|0|0|0|0|0|0|0|0|0|0|0|0|0|0|1|0|0|0|0|1|0|0|0|0|0|0|0|0|0|0|0|0|0|0|0|0|0|0|0|0|0|0|0|0|0|0|0|0|0|0|0|0|0|0|0|0|0|0|0|0
DHCST|NY|000|05|0213910|94|94|94|0|0|94|43|37|4|0|0|4|6|94|81|13|94|81|35|37|4|0|0|0|5|13|8|0|0|0|0|4|1|103|49|43|7|0|0|4|103|89|40|42|7|0|0|0|14|9|1|0|0|0|4|94|88|43|37|4|0|0|4|6|3|3|0|0|0|0|0|0|0|0|0|0|0|0|0|0|3|3|0|0|0|0|0|0|0|0|0|0|0|0|0|0|0|0|0|0|0|0|0|0|0|0|0|0|0|0|0|0|0|0|0|0|0|0|0|0|0|0|0|0|0|0|94|13|81|76|35|37|4|0|0|0|5|2|2|0|0|0|0|0|0|0|0|0|0|0|0|0|0|3|3|0|0|0|0|0|0|0|0|0|0|0|0|0|0|0|0|0|0|0|0|0|0|0|0|0|0|0|0|0|0|0|0|0|0|0|0|0|0|0|0|0|0|0|0
DHCST|NY|000|05|0213911|77|77|77|0|0|77|17|40|1|3|0|9|7|77|58|19|77|58|17|34|0|3|0|0|4|19|0|6|1|0|0|9|3|86|24|42|4|4|0|12|86|62|21|34|3|4|0|0|24|3|8|1|0|0|12|77|70|17|40|1|3|0|9|7|5|0|3|1|0|1|0|0|0|0|0|0|0|0|0|0|2|0|0|0|2|0|0|0|0|0|0|0|0|0|0|0|0|0|0|0|0|0|0|0|0|0|0|0|0|0|0|0|0|0|0|0|0|0|0|0|0|0|0|0|0|0|77|19|58|54|17|34|0|3|0|0|4|4|0|3|1|0|0|0|0|0|0|0|0|0|0|0|0|0|0|0|0|0|0|0|0|0|0|0|0|0|0|0|0|0|0|0|0|0|0|0|0|0|0|0|0|0|0|0|0|0|0|0|0|0|0|0|0|0|0|0|0|0|0
DHCST|NY|000|05|0213912|44|44|44|0|0|44|18|21|0|0|0|2|3|44|38|6|44|38|18|19|0|0|0|1|0|6|0|2|0|0|0|1|3|47|21|21|0|0|0|5|47|38|18|19|0|0|0|1|9|3|2|0|0|0|4|44|41|18|21|0|0|0|2|3|3|0|0|0|0|3|0|0|0|0|0|0|0|0|0|0|0|0|0|0|0|0|0|0|0|0|0|0|0|0|0|0|0|0|0|0|0|0|0|0|0|0|0|0|0|0|0|0|0|0|0|0|0|0|0|0|0|0|0|0|0|0|44|6|38|38|18|19|0|0|0|1|0|0|0|0|0|0|0|0|0|0|0|0|0|0|0|0|0|0|0|0|0|0|0|0|0|0|0|0|0|0|0|0|0|0|0|0|0|0|0|0|0|0|0|0|0|0|0|0|0|0|0|0|0|0|0|0|0|0|0|0|0|0|0
DHCST|NY|000|05|0213913|90|90|90|0|0|90|50|17|1|0|0|3|19|90|81|9|90|81|50|16|0|0|0|0|15|9|0|1|1|0|0|3|4|110|69|35|2|0|0|4|110|96|65|31|0|0|0|0|14|4|4|2|0|0|4|90|71|50|17|1|0|0|3|19|18|17|1|0|0|0|0|0|0|0|0|0|0|0|0|0|1|0|0|0|1|0|0|0|0|0|0|0|0|0|0|0|0|0|0|0|0|0|0|0|0|0|0|0|0|0|0|0|0|0|0|0|0|0|0|0|0|0|0|0|0|0|90|9|81|66|50|16|0|0|0|0|15|15|15|0|0|0|0|0|0|0|0|0|0|0|0|0|0|0|0|0|0|0|0|0|0|0|0|0|0|0|0|0|0|0|0|0|0|0|0|0|0|0|0|0|0|0|0|0|0|0|0|0|0|0|0|0|0|0|0|0|0|0|0
DHCST|NY|000|05|0213914|125|125|125|0|0|125|94|11|7|0|0|3|10|125|116|9|125|116|90|11|7|0|0|0|8|9|4|0|0|0|0|3|2|135|104|13|7|4|0|7|135|124|98|13|7|4|0|2|11|6|0|0|0|0|5|125|115|94|11|7|0|0|3|10|10|2|0|4|0|4|0|0|0|0|0|0|0|0|0|0|0|0|0|0|0|0|0|0|0|0|0|0|0|0|0|0|0|0|0|0|0|0|0|0|0|0|0|0|0|0|0|0|0|0|0|0|0|0|0|0|0|0|0|0|0|0|125|9|116|108|90|11|7|0|0|0|8|8|2|0|4|0|2|0|0|0|0|0|0|0|0|0|0|0|0|0|0|0|0|0|0|0|0|0|0|0|0|0|0|0|0|0|0|0|0|0|0|0|0|0|0|0|0|0|0|0|0|0|0|0|0|0|0|0|0|0|0|0|0
DHCST|NY|000|05|0213915|39|39|39|0|0|39|25|2|0|4|0|1|7|39|36|3|39|36|25|2|0|4|0|0|5|3|0|0|0|0|0|1|2|47|32|7|1|4|0|3|47|42|30|7|1|4|0|0|5|2|0|0|0|0|3|39|32|25|2|0|4|0|1|7|6|4|0|0|0|2|0|0|0|0|0|0|0|0|0|0|1|1|0|0|0|0|0|0|0|0|0|0|0|0|0|0|0|0|0|0|0|0|0|0|0|0|0|0|0|0|0|0|0|0|0|0|0|0|0|0|0|0|0|0|0|0|39|3|36|31|25|2|0|4|0|0|5|4|4|0|0|0|0|0|0|0|0|0|0|0|0|0|0|1|1|0|0|0|0|0|0|0|0|0|0|0|0|0|0|0|0|0|0|0|0|0|0|0|0|0|0|0|0|0|0|0|0|0|0|0|0|0|0|0|0|0|0|0|0
DHCST|NY|000|05|0213916|82|82|82|0|0|82|47|23|0|0|0|3|9|82|77|5|82|77|47|23|0|0|0|1|6|5|0|0|0|0|0|2|3|92|56|30|1|0|0|5|92|83|53|29|0|0|0|1|9|3|1|1|0|0|4|82|73|47|23|0|0|0|3|9|8|6|0|0|0|2|0|0|0|0|0|0|0|0|0|0|1|1|0|0|0|0|0|0|0|0|0|0|0|0|0|0|0|0|0|0|0|0|0|0|0|0|0|0|0|0|0|0|0|0|0|0|0|0|0|0|0|0|0|0|0|0|82|5|77|71|47|23|0|0|0|1|6|6|6|0|0|0|0|0|0|0|0|0|0|0|0|0|0|0|0|0|0|0|0|0|0|0|0|0|0|0|0|0|0|0|0|0|0|0|0|0|0|0|0|0|0|0|0|0|0|0|0|0|0|0|0|0|0|0|0|0|0|0|0
DHCST|NY|000|05|0213917|82|82|82|0|0|82|63|1|0|2|0|0|16|82|66|16|82|66|60|0|0|2|0|0|4|16|3|1|0|0|0|0|12|98|79|5|0|2|0|12|98|70|64|4|0|2|0|0|28|15|1|0|0|0|12|82|66|63|1|0|2|0|0|16|16|4|0|0|0|12|0|0|0|0|0|0|0|0|0|0|0|0|0|0|0|0|0|0|0|0|0|0|0|0|0|0|0|0|0|0|0|0|0|0|0|0|0|0|0|0|0|0|0|0|0|0|0|0|0|0|0|0|0|0|0|0|82|16|66|62|60|0|0|2|0|0|4|4|4|0|0|0|0|0|0|0|0|0|0|0|0|0|0|0|0|0|0|0|0|0|0|0|0|0|0|0|0|0|0|0|0|0|0|0|0|0|0|0|0|0|0|0|0|0|0|0|0|0|0|0|0|0|0|0|0|0|0|0|0
DHCST|NY|000|05|0213918|23|23|23|0|0|23|16|5|0|0|0|0|2|23|22|1|23|22|16|5|0|0|0|0|1|1|0|0|0|0|0|0|1|25|18|5|1|0|0|1|25|23|17|5|1|0|0|0|2|1|0|0|0|0|1|23|21|16|5|0|0|0|0|2|2|0|1|0|0|1|0|0|0|0|0|0|0|0|0|0|0|0|0|0|0|0|0|0|0|0|0|0|0|0|0|0|0|0|0|0|0|0|0|0|0|0|0|0|0|0|0|0|0|0|0|0|0|0|0|0|0|0|0|0|0|0|23|1|22|21|16|5|0|0|0|0|1|1|0|1|0|0|0|0|0|0|0|0|0|0|0|0|0|0|0|0|0|0|0|0|0|0|0|0|0|0|0|0|0|0|0|0|0|0|0|0|0|0|0|0|0|0|0|0|0|0|0|0|0|0|0|0|0|0|0|0|0|0|0
DHCST|NY|000|05|0213919|69|69|69|0|0|69|56|1|0|1|0|0|11|69|65|4|69|65|54|1|0|1|0|0|9|4|2|0|0|0|0|0|2|82|67|11|1|2|0|1|82|76|63|9|1|2|0|1|6|4|2|0|0|0|0|69|58|56|1|0|1|0|0|11|10|10|0|0|0|0|0|0|0|0|0|0|0|0|0|0|0|0|0|0|0|0|0|0|0|0|0|0|0|0|0|0|0|0|0|0|0|1|0|0|0|0|0|0|0|1|0|0|0|0|0|0|0|0|0|0|0|0|0|0|0|0|69|4|65|56|54|1|0|1|0|0|9|8|8|0|0|0|0|0|0|0|0|0|0|0|0|0|0|0|0|0|0|0|0|0|0|0|0|0|0|0|0|0|0|0|0|0|0|0|1|0|0|0|0|0|0|0|1|0|0|0|0|0|0|0|0|0|0|0|0|0|0|0|0
DHCST|NY|000|05|0213920|54|54|54|0|0|54|50|1|0|0|0|1|2|54|50|4|54|50|48|0|0|0|0|0|2|4|2|1|0|0|0|1|0|56|52|2|1|0|0|1|56|52|50|1|1|0|0|0|4|2|1|0|0|0|1|54|52|50|1|0|0|0|1|2|2|1|1|0|0|0|0|0|0|0|0|0|0|0|0|0|0|0|0|0|0|0|0|0|0|0|0|0|0|0|0|0|0|0|0|0|0|0|0|0|0|0|0|0|0|0|0|0|0|0|0|0|0|0|0|0|0|0|0|0|0|0|54|4|50|48|48|0|0|0|0|0|2|2|1|1|0|0|0|0|0|0|0|0|0|0|0|0|0|0|0|0|0|0|0|0|0|0|0|0|0|0|0|0|0|0|0|0|0|0|0|0|0|0|0|0|0|0|0|0|0|0|0|0|0|0|0|0|0|0|0|0|0|0|0
DHCST|NY|000|05|0213921|59|59|59|0|0|59|43|5|0|2|0|0|9|59|58|1|59|58|43|5|0|2|0|0|8|1|0|0|0|0|0|0|1|68|52|13|0|2|0|1|68|66|51|13|0|2|0|0|2|1|0|0|0|0|1|59|50|43|5|0|2|0|0|9|9|8|0|0|0|1|0|0|0|0|0|0|0|0|0|0|0|0|0|0|0|0|0|0|0|0|0|0|0|0|0|0|0|0|0|0|0|0|0|0|0|0|0|0|0|0|0|0|0|0|0|0|0|0|0|0|0|0|0|0|0|0|59|1|58|50|43|5|0|2|0|0|8|8|8|0|0|0|0|0|0|0|0|0|0|0|0|0|0|0|0|0|0|0|0|0|0|0|0|0|0|0|0|0|0|0|0|0|0|0|0|0|0|0|0|0|0|0|0|0|0|0|0|0|0|0|0|0|0|0|0|0|0|0|0
DHCST|NY|000|05|0213922|53|53|53|0|0|53|40|7|0|0|2|2|2|53|53|0|53|53|40|7|0|0|2|2|2|0|0|0|0|0|0|0|0|56|41|9|0|1|2|3|56|56|41|9|0|1|2|3|0|0|0|0|0|0|0|53|51|40|7|0|0|2|2|2|1|0|0|0|0|0|0|0|0|1|0|0|0|0|0|0|1|0|1|0|0|0|0|0|0|0|0|0|0|0|0|0|0|0|0|0|0|0|0|0|0|0|0|0|0|0|0|0|0|0|0|0|0|0|0|0|0|0|0|0|0|0|53|0|53|51|40|7|0|0|2|2|2|1|0|0|0|0|0|0|0|0|1|0|0|0|0|0|0|1|0|1|0|0|0|0|0|0|0|0|0|0|0|0|0|0|0|0|0|0|0|0|0|0|0|0|0|0|0|0|0|0|0|0|0|0|0|0|0|0|0|0|0|0|0
DHCST|NY|000|05|0213923|0|0|0|0|0|0|0|0|0|0|0|0|0|0|0|0|0|0|0|0|0|0|0|0|0|0|0|0|0|0|0|0|0|0|0|0|0|0|0|0|0|0|0|0|0|0|0|0|0|0|0|0|0|0|0|0|0|0|0|0|0|0|0|0|0|0|0|0|0|0|0|0|0|0|0|0|0|0|0|0|0|0|0|0|0|0|0|0|0|0|0|0|0|0|0|0|0|0|0|0|0|0|0|0|0|0|0|0|0|0|0|0|0|0|0|0|0|0|0|0|0|0|0|0|0|0|0|0|0|0|0|0|0|0|0|0|0|0|0|0|0|0|0|0|0|0|0|0|0|0|0|0|0|0|0|0|0|0|0|0|0|0|0|0|0|0|0|0|0|0|0|0|0|0|0|0|0|0|0|0|0|0|0|0|0|0|0|0|0|0|0|0|0|0|0|0|0|0|0
DHCST|NY|000|05|0213924|9|9|9|0|0|9|3|4|0|0|0|0|2|9|8|1|9|8|2|4|0|0|0|0|2|1|1|0|0|0|0|0|0|11|5|4|0|2|0|0|11|10|4|4|0|2|0|0|1|1|0|0|0|0|0|9|7|3|4|0|0|0|0|2|2|0|0|2|0|0|0|0|0|0|0|0|0|0|0|0|0|0|0|0|0|0|0|0|0|0|0|0|0|0|0|0|0|0|0|0|0|0|0|0|0|0|0|0|0|0|0|0|0|0|0|0|0|0|0|0|0|0|0|0|0|0|9|1|8|6|2|4|0|0|0|0|2|2|0|0|2|0|0|0|0|0|0|0|0|0|0|0|0|0|0|0|0|0|0|0|0|0|0|0|0|0|0|0|0|0|0|0|0|0|0|0|0|0|0|0|0|0|0|0|0|0|0|0|0|0|0|0|0|0|0|0|0|0|0
DHCST|NY|000|05|0213925|5|5|5|0|0|5|1|0|0|0|0|0|4|5|2|3|5|2|1|0|0|0|0|0|1|3|0|0|0|0|0|0|3|9|3|2|0|0|0|4|9|3|2|0|0|0|0|1|6|1|2|0|0|0|3|5|1|1|0|0|0|0|0|4|4|0|0|0|0|2|0|0|0|2|0|0|0|0|0|0|0|0|0|0|0|0|0|0|0|0|0|0|0|0|0|0|0|0|0|0|0|0|0|0|0|0|0|0|0|0|0|0|0|0|0|0|0|0|0|0|0|0|0|0|0|0|5|3|2|1|1|0|0|0|0|0|1|1|0|0|0|0|1|0|0|0|0|0|0|0|0|0|0|0|0|0|0|0|0|0|0|0|0|0|0|0|0|0|0|0|0|0|0|0|0|0|0|0|0|0|0|0|0|0|0|0|0|0|0|0|0|0|0|0|0|0|0|0|0
DHCST|NY|000|05|0213926|99|99|99|0|0|99|56|26|3|4|0|6|4|99|93|6|99|93|55|25|3|4|0|4|2|6|1|1|0|0|0|2|2|104|57|29|4|4|0|10|104|95|55|27|3|4|0|6|9|2|2|1|0|0|4|99|95|56|26|3|4|0|6|4|3|0|0|0|0|0|0|0|0|3|0|0|0|0|0|0|1|0|0|0|0|0|0|1|0|0|0|0|0|0|0|0|0|0|0|0|0|0|0|0|0|0|0|0|0|0|0|0|0|0|0|0|0|0|0|0|0|0|0|0|0|0|99|6|93|91|55|25|3|4|0|4|2|2|0|0|0|0|0|0|0|0|2|0|0|0|0|0|0|0|0|0|0|0|0|0|0|0|0|0|0|0|0|0|0|0|0|0|0|0|0|0|0|0|0|0|0|0|0|0|0|0|0|0|0|0|0|0|0|0|0|0|0|0|0
DHCST|NY|000|05|0213927|46|46|46|0|0|46|28|11|0|0|0|4|3|46|43|3|46|43|27|11|0|0|0|4|1|3|1|0|0|0|0|0|2|50|30|13|1|0|0|6|50|44|27|12|1|0|0|4|6|3|1|0|0|0|2|46|43|28|11|0|0|0|4|3|2|0|0|0|0|1|1|0|0|0|0|0|0|0|0|0|1|0|0|0|1|0|0|0|0|0|0|0|0|0|0|0|0|0|0|0|0|0|0|0|0|0|0|0|0|0|0|0|0|0|0|0|0|0|0|0|0|0|0|0|0|0|46|3|43|42|27|11|0|0|0|4|1|1|0|0|0|0|0|1|0|0|0|0|0|0|0|0|0|0|0|0|0|0|0|0|0|0|0|0|0|0|0|0|0|0|0|0|0|0|0|0|0|0|0|0|0|0|0|0|0|0|0|0|0|0|0|0|0|0|0|0|0|0|0
DHCST|NY|000|05|0213928|29|29|29|0|0|29|12|3|0|3|0|0|11|29|23|6|29|23|11|2|0|3|0|0|7|6|1|1|0|0|0|0|4|42|23|9|0|6|0|4|42|30|18|6|0|6|0|0|12|5|3|0|0|0|4|29|18|12|3|0|3|0|0|11|9|4|0|3|0|2|0|0|0|0|0|0|0|0|0|0|2|0|0|0|2|0|0|0|0|0|0|0|0|0|0|0|0|0|0|0|0|0|0|0|0|0|0|0|0|0|0|0|0|0|0|0|0|0|0|0|0|0|0|0|0|0|29|6|23|16|11|2|0|3|0|0|7|7|4|0|3|0|0|0|0|0|0|0|0|0|0|0|0|0|0|0|0|0|0|0|0|0|0|0|0|0|0|0|0|0|0|0|0|0|0|0|0|0|0|0|0|0|0|0|0|0|0|0|0|0|0|0|0|0|0|0|0|0|0
DHCST|NY|000|05|0213929|0|0|0|0|0|0|0|0|0|0|0|0|0|0|0|0|0|0|0|0|0|0|0|0|0|0|0|0|0|0|0|0|0|0|0|0|0|0|0|0|0|0|0|0|0|0|0|0|0|0|0|0|0|0|0|0|0|0|0|0|0|0|0|0|0|0|0|0|0|0|0|0|0|0|0|0|0|0|0|0|0|0|0|0|0|0|0|0|0|0|0|0|0|0|0|0|0|0|0|0|0|0|0|0|0|0|0|0|0|0|0|0|0|0|0|0|0|0|0|0|0|0|0|0|0|0|0|0|0|0|0|0|0|0|0|0|0|0|0|0|0|0|0|0|0|0|0|0|0|0|0|0|0|0|0|0|0|0|0|0|0|0|0|0|0|0|0|0|0|0|0|0|0|0|0|0|0|0|0|0|0|0|0|0|0|0|0|0|0|0|0|0|0|0|0|0|0|0|0
DHCST|NY|000|05|0213930|118|118|118|0|0|118|36|69|0|3|0|0|10|118|115|3|118|115|36|69|0|3|0|0|7|3|0|0|0|0|0|0|3|130|45|76|0|6|0|3|130|122|42|74|0|5|0|1|8|3|2|0|1|0|2|118|108|36|69|0|3|0|0|10|8|4|0|2|0|1|0|0|0|1|0|0|0|0|0|0|2|0|1|0|1|0|0|0|0|0|0|0|0|0|0|0|0|0|0|0|0|0|0|0|0|0|0|0|0|0|0|0|0|0|0|0|0|0|0|0|0|0|0|0|0|0|118|3|115|108|36|69|0|3|0|0|7|7|4|0|2|0|0|0|0|0|1|0|0|0|0|0|0|0|0|0|0|0|0|0|0|0|0|0|0|0|0|0|0|0|0|0|0|0|0|0|0|0|0|0|0|0|0|0|0|0|0|0|0|0|0|0|0|0|0|0|0|0|0
DHCST|NY|000|05|0213931|1|1|1|0|0|1|0|0|0|0|0|0|1|1|1|0|1|1|0|0|0|0|0|0|1|0|0|0|0|0|0|0|0|2|1|0|0|0|0|1|2|2|1|0|0|0|0|1|0|0|0|0|0|0|0|1|0|0|0|0|0|0|0|1|1|0|0|0|0|1|0|0|0|0|0|0|0|0|0|0|0|0|0|0|0|0|0|0|0|0|0|0|0|0|0|0|0|0|0|0|0|0|0|0|0|0|0|0|0|0|0|0|0|0|0|0|0|0|0|0|0|0|0|0|0|0|1|0|1|0|0|0|0|0|0|0|1|1|0|0|0|0|1|0|0|0|0|0|0|0|0|0|0|0|0|0|0|0|0|0|0|0|0|0|0|0|0|0|0|0|0|0|0|0|0|0|0|0|0|0|0|0|0|0|0|0|0|0|0|0|0|0|0|0|0|0|0|0|0
DHCST|NY|000|05|0213932|41|41|41|0|0|41|11|18|0|1|0|0|11|41|35|6|41|35|11|14|0|1|0|0|9|6|0|4|0|0|0|0|2|54|21|23|7|1|0|2|54|45|20|18|6|1|0|0|9|1|5|1|0|0|2|41|30|11|18|0|1|0|0|11|9|3|5|0|0|0|0|0|0|1|0|0|0|0|0|0|2|1|0|0|0|0|0|1|0|0|0|0|0|0|0|0|0|0|0|0|0|0|0|0|0|0|0|0|0|0|0|0|0|0|0|0|0|0|0|0|0|0|0|0|0|0|41|6|35|26|11|14|0|1|0|0|9|8|3|5|0|0|0|0|0|0|0|0|0|0|0|0|0|1|1|0|0|0|0|0|0|0|0|0|0|0|0|0|0|0|0|0|0|0|0|0|0|0|0|0|0|0|0|0|0|0|0|0|0|0|0|0|0|0|0|0|0|0|0
DHCST|NY|000|05|0213933|32|32|32|0|0|32|4|13|2|0|0|9|4|32|26|6|32|26|4|9|2|0|0|7|4|6|0|4|0|0|0|2|0|39|8|16|5|1|0|9|39|33|8|12|5|1|0|7|6|0|4|0|0|0|2|32|28|4|13|2|0|0|9|4|1|0|0|1|0|0|0|0|0|0|0|0|0|0|0|0|3|3|0|0|0|0|0|0|0|0|0|0|0|0|0|0|0|0|0|0|0|0|0|0|0|0|0|0|0|0|0|0|0|0|0|0|0|0|0|0|0|0|0|0|0|0|32|6|26|22|4|9|2|0|0|7|4|1|0|0|1|0|0|0|0|0|0|0|0|0|0|0|0|3|3|0|0|0|0|0|0|0|0|0|0|0|0|0|0|0|0|0|0|0|0|0|0|0|0|0|0|0|0|0|0|0|0|0|0|0|0|0|0|0|0|0|0|0|0
DHCST|NY|000|05|0213934|42|42|42|0|0|42|8|29|0|0|0|0|5|42|39|3|42|39|8|26|0|0|0|0|5|3|0|3|0|0|0|0|0|47|13|34|0|0|0|0|47|44|13|31|0|0|0|0|3|0|3|0|0|0|0|42|37|8|29|0|0|0|0|5|5|5|0|0|0|0|0|0|0|0|0|0|0|0|0|0|0|0|0|0|0|0|0|0|0|0|0|0|0|0|0|0|0|0|0|0|0|0|0|0|0|0|0|0|0|0|0|0|0|0|0|0|0|0|0|0|0|0|0|0|0|0|42|3|39|34|8|26|0|0|0|0|5|5|5|0|0|0|0|0|0|0|0|0|0|0|0|0|0|0|0|0|0|0|0|0|0|0|0|0|0|0|0|0|0|0|0|0|0|0|0|0|0|0|0|0|0|0|0|0|0|0|0|0|0|0|0|0|0|0|0|0|0|0|0
DHCST|NY|000|05|0213935|21|21|21|0|0|21|1|13|2|0|0|0|5|21|18|3|21|18|1|11|2|0|0|0|4|3|0|2|0|0|0|0|1|26|5|18|2|0|0|1|26|22|5|15|2|0|0|0|4|0|3|0|0|0|1|21|16|1|13|2|0|0|0|5|5|4|0|0|0|0|0|0|0|1|0|0|0|0|0|0|0|0|0|0|0|0|0|0|0|0|0|0|0|0|0|0|0|0|0|0|0|0|0|0|0|0|0|0|0|0|0|0|0|0|0|0|0|0|0|0|0|0|0|0|0|0|21|3|18|14|1|11|2|0|0|0|4|4|4|0|0|0|0|0|0|0|0|0|0|0|0|0|0|0|0|0|0|0|0|0|0|0|0|0|0|0|0|0|0|0|0|0|0|0|0|0|0|0|0|0|0|0|0|0|0|0|0|0|0|0|0|0|0|0|0|0|0|0|0
DHCST|NY|000|05|0213936|0|0|0|0|0|0|0|0|0|0|0|0|0|0|0|0|0|0|0|0|0|0|0|0|0|0|0|0|0|0|0|0|0|0|0|0|0|0|0|0|0|0|0|0|0|0|0|0|0|0|0|0|0|0|0|0|0|0|0|0|0|0|0|0|0|0|0|0|0|0|0|0|0|0|0|0|0|0|0|0|0|0|0|0|0|0|0|0|0|0|0|0|0|0|0|0|0|0|0|0|0|0|0|0|0|0|0|0|0|0|0|0|0|0|0|0|0|0|0|0|0|0|0|0|0|0|0|0|0|0|0|0|0|0|0|0|0|0|0|0|0|0|0|0|0|0|0|0|0|0|0|0|0|0|0|0|0|0|0|0|0|0|0|0|0|0|0|0|0|0|0|0|0|0|0|0|0|0|0|0|0|0|0|0|0|0|0|0|0|0|0|0|0|0|0|0|0|0|0
DHCST|NY|000|05|0213937|16|16|16|0|0|16|6|0|1|0|0|3|6|16|10|6|16|10|6|0|1|0|0|0|3|6|0|0|0|0|0|3|3|22|12|0|1|2|0|7|22|13|9|0|1|2|0|1|9|3|0|0|0|0|6|16|10|6|0|1|0|0|3|6|6|0|0|2|0|4|0|0|0|0|0|0|0|0|0|0|0|0|0|0|0|0|0|0|0|0|0|0|0|0|0|0|0|0|0|0|0|0|0|0|0|0|0|0|0|0|0|0|0|0|0|0|0|0|0|0|0|0|0|0|0|0|16|6|10|7|6|0|1|0|0|0|3|3|0|0|2|0|1|0|0|0|0|0|0|0|0|0|0|0|0|0|0|0|0|0|0|0|0|0|0|0|0|0|0|0|0|0|0|0|0|0|0|0|0|0|0|0|0|0|0|0|0|0|0|0|0|0|0|0|0|0|0|0|0
DHCST|NY|000|05|0213938|82|82|82|0|0|82|22|50|0|0|0|1|9|82|77|5|82|77|18|50|0|0|0|0|9|5|4|0|0|0|0|1|0|92|31|57|2|1|0|1|92|87|27|57|2|1|0|0|5|4|0|0|0|0|1|82|73|22|50|0|0|0|1|9|8|6|1|1|0|0|0|0|0|0|0|0|0|0|0|0|1|1|0|0|0|0|0|0|0|0|0|0|0|0|0|0|0|0|0|0|0|0|0|0|0|0|0|0|0|0|0|0|0|0|0|0|0|0|0|0|0|0|0|0|0|0|82|5|77|68|18|50|0|0|0|0|9|8|6|1|1|0|0|0|0|0|0|0|0|0|0|0|0|1|1|0|0|0|0|0|0|0|0|0|0|0|0|0|0|0|0|0|0|0|0|0|0|0|0|0|0|0|0|0|0|0|0|0|0|0|0|0|0|0|0|0|0|0|0
DHCST|NY|000|05|0213939|89|89|89|0|0|89|50|14|0|3|0|12|10|89|65|24|89|65|47|11|0|3|0|0|4|24|3|3|0|0|0|12|6|101|59|18|3|3|0|18|101|69|51|12|3|3|0|0|32|8|6|0|0|0|18|89|79|50|14|0|3|0|12|10|8|1|3|0|0|3|0|0|0|1|0|0|0|0|0|0|2|0|0|0|2|0|0|0|0|0|0|0|0|0|0|0|0|0|0|0|0|0|0|0|0|0|0|0|0|0|0|0|0|0|0|0|0|0|0|0|0|0|0|0|0|0|89|24|65|61|47|11|0|3|0|0|4|4|1|3|0|0|0|0|0|0|0|0|0|0|0|0|0|0|0|0|0|0|0|0|0|0|0|0|0|0|0|0|0|0|0|0|0|0|0|0|0|0|0|0|0|0|0|0|0|0|0|0|0|0|0|0|0|0|0|0|0|0|0
DHCST|NY|000|05|0213940|65|65|65|0|0|65|39|18|0|0|0|0|8|65|56|9|65|56|33|18|0|0|0|0|5|9|6|0|0|0|0|0|3|73|47|21|2|0|0|3|73|61|38|21|2|0|0|0|12|9|0|0|0|0|3|65|57|39|18|0|0|0|0|8|8|3|2|0|0|3|0|0|0|0|0|0|0|0|0|0|0|0|0|0|0|0|0|0|0|0|0|0|0|0|0|0|0|0|0|0|0|0|0|0|0|0|0|0|0|0|0|0|0|0|0|0|0|0|0|0|0|0|0|0|0|0|65|9|56|51|33|18|0|0|0|0|5|5|3|2|0|0|0|0|0|0|0|0|0|0|0|0|0|0|0|0|0|0|0|0|0|0|0|0|0|0|0|0|0|0|0|0|0|0|0|0|0|0|0|0|0|0|0|0|0|0|0|0|0|0|0|0|0|0|0|0|0|0|0
DHCST|NY|000|05|0213941|56|56|56|0|0|56|31|15|2|0|0|1|7|56|50|6|56|50|31|14|2|0|0|0|3|6|0|1|0|0|0|1|4|63|37|19|2|0|0|5|63|53|34|17|2|0|0|0|10|3|2|0|0|0|5|56|49|31|15|2|0|0|1|7|7|3|0|0|0|3|0|0|0|1|0|0|0|0|0|0|0|0|0|0|0|0|0|0|0|0|0|0|0|0|0|0|0|0|0|0|0|0|0|0|0|0|0|0|0|0|0|0|0|0|0|0|0|0|0|0|0|0|0|0|0|0|56|6|50|47|31|14|2|0|0|0|3|3|3|0|0|0|0|0|0|0|0|0|0|0|0|0|0|0|0|0|0|0|0|0|0|0|0|0|0|0|0|0|0|0|0|0|0|0|0|0|0|0|0|0|0|0|0|0|0|0|0|0|0|0|0|0|0|0|0|0|0|0|0
DHCST|NY|000|05|0213942|5|5|5|0|0|5|5|0|0|0|0|0|0|5|5|0|5|5|5|0|0|0|0|0|0|0|0|0|0|0|0|0|0|5|5|0|0|0|0|0|5|5|5|0|0|0|0|0|0|0|0|0|0|0|0|5|5|5|0|0|0|0|0|0|0|0|0|0|0|0|0|0|0|0|0|0|0|0|0|0|0|0|0|0|0|0|0|0|0|0|0|0|0|0|0|0|0|0|0|0|0|0|0|0|0|0|0|0|0|0|0|0|0|0|0|0|0|0|0|0|0|0|0|0|0|0|5|0|5|5|5|0|0|0|0|0|0|0|0|0|0|0|0|0|0|0|0|0|0|0|0|0|0|0|0|0|0|0|0|0|0|0|0|0|0|0|0|0|0|0|0|0|0|0|0|0|0|0|0|0|0|0|0|0|0|0|0|0|0|0|0|0|0|0|0|0|0|0|0
DHCST|NY|000|05|0213943|101|101|101|0|0|101|42|24|0|1|0|21|13|101|72|29|101|72|40|23|0|1|0|0|8|29|2|1|0|0|0|21|5|116|52|35|1|2|0|26|116|80|48|30|0|2|0|0|36|4|5|1|0|0|26|101|88|42|24|0|1|0|21|13|11|7|0|1|0|1|0|0|0|2|0|0|0|0|0|0|2|0|0|0|1|0|0|0|0|0|0|0|0|1|0|0|0|0|0|0|0|0|0|0|0|0|0|0|0|0|0|0|0|0|0|0|0|0|0|0|0|0|0|0|0|0|101|29|72|64|40|23|0|1|0|0|8|8|7|0|1|0|0|0|0|0|0|0|0|0|0|0|0|0|0|0|0|0|0|0|0|0|0|0|0|0|0|0|0|0|0|0|0|0|0|0|0|0|0|0|0|0|0|0|0|0|0|0|0|0|0|0|0|0|0|0|0|0|0
DHCST|NY|000|05|0213944|80|80|80|0|0|80|46|13|0|0|0|3|18|80|68|12|80|68|46|13|0|0|0|0|9|12|0|0|0|0|0|3|9|98|60|21|0|0|0|17|98|77|55|17|0|0|0|5|21|5|4|0|0|0|12|80|62|46|13|0|0|0|3|18|18|4|0|0|0|10|0|0|0|4|0|0|0|0|0|0|0|0|0|0|0|0|0|0|0|0|0|0|0|0|0|0|0|0|0|0|0|0|0|0|0|0|0|0|0|0|0|0|0|0|0|0|0|0|0|0|0|0|0|0|0|0|80|12|68|59|46|13|0|0|0|0|9|9|4|0|0|0|5|0|0|0|0|0|0|0|0|0|0|0|0|0|0|0|0|0|0|0|0|0|0|0|0|0|0|0|0|0|0|0|0|0|0|0|0|0|0|0|0|0|0|0|0|0|0|0|0|0|0|0|0|0|0|0|0
DHCST|NY|000|05|0213945|54|54|54|0|0|54|49|3|0|0|0|0|2|54|51|3|54|51|47|3|0|0|0|0|1|3|2|0|0|0|0|0|1|58|51|4|1|1|0|1|58|52|48|3|0|1|0|0|6|3|1|1|0|0|1|54|52|49|3|0|0|0|0|2|1|0|0|1|0|0|0|0|0|0|0|0|0|0|0|0|0|0|0|0|0|0|0|0|0|0|0|0|0|0|0|0|0|0|0|0|0|1|0|0|1|0|0|0|0|0|0|0|0|0|0|0|0|0|0|0|0|0|0|0|0|0|54|3|51|50|47|3|0|0|0|0|1|1|0|0|1|0|0|0|0|0|0|0|0|0|0|0|0|0|0|0|0|0|0|0|0|0|0|0|0|0|0|0|0|0|0|0|0|0|0|0|0|0|0|0|0|0|0|0|0|0|0|0|0|0|0|0|0|0|0|0|0|0|0
DHCST|NY|000|05|0213946|82|82|82|0|0|82|63|12|0|0|0|3|4|82|77|5|82|77|63|12|0|0|0|0|2|5|0|0|0|0|0|3|2|87|66|14|2|0|0|5|87|79|65|12|2|0|0|0|8|1|2|0|0|0|5|82|78|63|12|0|0|0|3|4|3|0|2|0|0|0|0|0|0|1|0|0|0|0|0|0|1|0|0|0|1|0|0|0|0|0|0|0|0|0|0|0|0|0|0|0|0|0|0|0|0|0|0|0|0|0|0|0|0|0|0|0|0|0|0|0|0|0|0|0|0|0|82|5|77|75|63|12|0|0|0|0|2|2|0|2|0|0|0|0|0|0|0|0|0|0|0|0|0|0|0|0|0|0|0|0|0|0|0|0|0|0|0|0|0|0|0|0|0|0|0|0|0|0|0|0|0|0|0|0|0|0|0|0|0|0|0|0|0|0|0|0|0|0|0
DHCST|NY|000|05|0213947|0|0|0|0|0|0|0|0|0|0|0|0|0|0|0|0|0|0|0|0|0|0|0|0|0|0|0|0|0|0|0|0|0|0|0|0|0|0|0|0|0|0|0|0|0|0|0|0|0|0|0|0|0|0|0|0|0|0|0|0|0|0|0|0|0|0|0|0|0|0|0|0|0|0|0|0|0|0|0|0|0|0|0|0|0|0|0|0|0|0|0|0|0|0|0|0|0|0|0|0|0|0|0|0|0|0|0|0|0|0|0|0|0|0|0|0|0|0|0|0|0|0|0|0|0|0|0|0|0|0|0|0|0|0|0|0|0|0|0|0|0|0|0|0|0|0|0|0|0|0|0|0|0|0|0|0|0|0|0|0|0|0|0|0|0|0|0|0|0|0|0|0|0|0|0|0|0|0|0|0|0|0|0|0|0|0|0|0|0|0|0|0|0|0|0|0|0|0|0
DHCST|NY|000|05|0213948|0|0|0|0|0|0|0|0|0|0|0|0|0|0|0|0|0|0|0|0|0|0|0|0|0|0|0|0|0|0|0|0|0|0|0|0|0|0|0|0|0|0|0|0|0|0|0|0|0|0|0|0|0|0|0|0|0|0|0|0|0|0|0|0|0|0|0|0|0|0|0|0|0|0|0|0|0|0|0|0|0|0|0|0|0|0|0|0|0|0|0|0|0|0|0|0|0|0|0|0|0|0|0|0|0|0|0|0|0|0|0|0|0|0|0|0|0|0|0|0|0|0|0|0|0|0|0|0|0|0|0|0|0|0|0|0|0|0|0|0|0|0|0|0|0|0|0|0|0|0|0|0|0|0|0|0|0|0|0|0|0|0|0|0|0|0|0|0|0|0|0|0|0|0|0|0|0|0|0|0|0|0|0|0|0|0|0|0|0|0|0|0|0|0|0|0|0|0|0
DHCST|NY|000|05|0213949|0|0|0|0|0|0|0|0|0|0|0|0|0|0|0|0|0|0|0|0|0|0|0|0|0|0|0|0|0|0|0|0|0|0|0|0|0|0|0|0|0|0|0|0|0|0|0|0|0|0|0|0|0|0|0|0|0|0|0|0|0|0|0|0|0|0|0|0|0|0|0|0|0|0|0|0|0|0|0|0|0|0|0|0|0|0|0|0|0|0|0|0|0|0|0|0|0|0|0|0|0|0|0|0|0|0|0|0|0|0|0|0|0|0|0|0|0|0|0|0|0|0|0|0|0|0|0|0|0|0|0|0|0|0|0|0|0|0|0|0|0|0|0|0|0|0|0|0|0|0|0|0|0|0|0|0|0|0|0|0|0|0|0|0|0|0|0|0|0|0|0|0|0|0|0|0|0|0|0|0|0|0|0|0|0|0|0|0|0|0|0|0|0|0|0|0|0|0|0
DHCST|NY|000|05|0213950|0|0|0|0|0|0|0|0|0|0|0|0|0|0|0|0|0|0|0|0|0|0|0|0|0|0|0|0|0|0|0|0|0|0|0|0|0|0|0|0|0|0|0|0|0|0|0|0|0|0|0|0|0|0|0|0|0|0|0|0|0|0|0|0|0|0|0|0|0|0|0|0|0|0|0|0|0|0|0|0|0|0|0|0|0|0|0|0|0|0|0|0|0|0|0|0|0|0|0|0|0|0|0|0|0|0|0|0|0|0|0|0|0|0|0|0|0|0|0|0|0|0|0|0|0|0|0|0|0|0|0|0|0|0|0|0|0|0|0|0|0|0|0|0|0|0|0|0|0|0|0|0|0|0|0|0|0|0|0|0|0|0|0|0|0|0|0|0|0|0|0|0|0|0|0|0|0|0|0|0|0|0|0|0|0|0|0|0|0|0|0|0|0|0|0|0|0|0|0
DHCST|NY|000|05|0213951|26|26|26|0|0|26|16|7|0|0|0|0|3|26|26|0|26|26|16|7|0|0|0|0|3|0|0|0|0|0|0|0|0|29|19|7|0|0|0|3|29|29|19|7|0|0|0|3|0|0|0|0|0|0|0|26|23|16|7|0|0|0|0|3|3|0|0|0|0|3|0|0|0|0|0|0|0|0|0|0|0|0|0|0|0|0|0|0|0|0|0|0|0|0|0|0|0|0|0|0|0|0|0|0|0|0|0|0|0|0|0|0|0|0|0|0|0|0|0|0|0|0|0|0|0|0|26|0|26|23|16|7|0|0|0|0|3|3|0|0|0|0|3|0|0|0|0|0|0|0|0|0|0|0|0|0|0|0|0|0|0|0|0|0|0|0|0|0|0|0|0|0|0|0|0|0|0|0|0|0|0|0|0|0|0|0|0|0|0|0|0|0|0|0|0|0|0|0|0
DHCST|NY|000|05|0213952|66|66|66|0|0|66|37|29|0|0|0|0|0|66|64|2|66|64|35|29|0|0|0|0|0|2|2|0|0|0|0|0|0|66|37|29|0|0|0|0|66|64|35|29|0|0|0|0|2|2|0|0|0|0|0|66|66|37|29|0|0|0|0|0|0|0|0|0|0|0|0|0|0|0|0|0|0|0|0|0|0|0|0|0|0|0|0|0|0|0|0|0|0|0|0|0|0|0|0|0|0|0|0|0|0|0|0|0|0|0|0|0|0|0|0|0|0|0|0|0|0|0|0|0|0|0|66|2|64|64|35|29|0|0|0|0|0|0|0|0|0|0|0|0|0|0|0|0|0|0|0|0|0|0|0|0|0|0|0|0|0|0|0|0|0|0|0|0|0|0|0|0|0|0|0|0|0|0|0|0|0|0|0|0|0|0|0|0|0|0|0|0|0|0|0|0|0|0|0
DHCST|NY|000|05|0213953|69|69|69|0|0|69|56|10|0|0|0|0|3|69|65|4|69|65|55|10|0|0|0|0|0|4|1|0|0|0|0|0|3|72|59|10|0|0|0|3|72|65|55|10|0|0|0|0|7|4|0|0|0|0|3|69|66|56|10|0|0|0|0|3|3|0|0|0|0|3|0|0|0|0|0|0|0|0|0|0|0|0|0|0|0|0|0|0|0|0|0|0|0|0|0|0|0|0|0|0|0|0|0|0|0|0|0|0|0|0|0|0|0|0|0|0|0|0|0|0|0|0|0|0|0|0|69|4|65|65|55|10|0|0|0|0|0|0|0|0|0|0|0|0|0|0|0|0|0|0|0|0|0|0|0|0|0|0|0|0|0|0|0|0|0|0|0|0|0|0|0|0|0|0|0|0|0|0|0|0|0|0|0|0|0|0|0|0|0|0|0|0|0|0|0|0|0|0|0
DHCST|NY|000|05|0213954|44|44|44|0|0|44|26|16|0|0|0|0|2|44|43|1|44|43|26|16|0|0|0|0|1|1|0|0|0|0|0|0|1|46|28|18|0|0|0|0|46|44|27|17|0|0|0|0|2|1|1|0|0|0|0|44|42|26|16|0|0|0|0|2|2|2|0|0|0|0|0|0|0|0|0|0|0|0|0|0|0|0|0|0|0|0|0|0|0|0|0|0|0|0|0|0|0|0|0|0|0|0|0|0|0|0|0|0|0|0|0|0|0|0|0|0|0|0|0|0|0|0|0|0|0|0|44|1|43|42|26|16|0|0|0|0|1|1|1|0|0|0|0|0|0|0|0|0|0|0|0|0|0|0|0|0|0|0|0|0|0|0|0|0|0|0|0|0|0|0|0|0|0|0|0|0|0|0|0|0|0|0|0|0|0|0|0|0|0|0|0|0|0|0|0|0|0|0|0
DHCST|NY|000|05|0213955|35|35|35|0|0|35|25|2|0|0|0|1|7|35|33|2|35|33|24|2|0|0|0|0|7|2|1|0|0|0|0|1|0|50|32|9|7|0|0|2|50|48|31|9|7|0|0|1|2|1|0|0|0|0|1|35|28|25|2|0|0|0|1|7|0|0|0|0|0|0|0|0|0|0|0|0|0|0|0|0|6|6|0|0|0|0|0|0|0|0|0|0|0|0|0|0|0|0|0|0|0|1|0|0|1|0|0|0|0|0|0|0|0|0|0|0|0|0|0|0|0|0|0|0|0|0|35|2|33|26|24|2|0|0|0|0|7|0|0|0|0|0|0|0|0|0|0|0|0|0|0|0|0|6|6|0|0|0|0|0|0|0|0|0|0|0|0|0|0|0|0|0|0|0|1|0|0|1|0|0|0|0|0|0|0|0|0|0|0|0|0|0|0|0|0|0|0|0|0
DHCST|NY|000|05|0213956|38|38|38|0|0|38|19|10|1|0|0|4|4|38|30|8|38|30|18|10|1|0|0|0|1|8|1|0|0|0|0|4|3|42|23|10|1|0|0|8|42|31|19|10|1|0|0|1|11|4|0|0|0|0|7|38|34|19|10|1|0|0|4|4|4|0|0|0|0|4|0|0|0|0|0|0|0|0|0|0|0|0|0|0|0|0|0|0|0|0|0|0|0|0|0|0|0|0|0|0|0|0|0|0|0|0|0|0|0|0|0|0|0|0|0|0|0|0|0|0|0|0|0|0|0|0|38|8|30|29|18|10|1|0|0|0|1|1|0|0|0|0|1|0|0|0|0|0|0|0|0|0|0|0|0|0|0|0|0|0|0|0|0|0|0|0|0|0|0|0|0|0|0|0|0|0|0|0|0|0|0|0|0|0|0|0|0|0|0|0|0|0|0|0|0|0|0|0|0
DHCST|NY|000|05|0213957|121|121|121|0|0|121|113|4|0|0|0|0|4|121|117|4|121|117|113|4|0|0|0|0|0|4|0|0|0|0|0|0|4|125|117|4|0|0|0|4|125|117|113|4|0|0|0|0|8|4|0|0|0|0|4|121|117|113|4|0|0|0|0|4|4|0|0|0|0|4|0|0|0|0|0|0|0|0|0|0|0|0|0|0|0|0|0|0|0|0|0|0|0|0|0|0|0|0|0|0|0|0|0|0|0|0|0|0|0|0|0|0|0|0|0|0|0|0|0|0|0|0|0|0|0|0|121|4|117|117|113|4|0|0|0|0|0|0|0|0|0|0|0|0|0|0|0|0|0|0|0|0|0|0|0|0|0|0|0|0|0|0|0|0|0|0|0|0|0|0|0|0|0|0|0|0|0|0|0|0|0|0|0|0|0|0|0|0|0|0|0|0|0|0|0|0|0|0|0
DHCST|NY|000|05|0213958|103|103|103|0|0|103|82|18|0|1|0|1|1|103|99|4|103|99|80|17|0|1|0|0|1|4|2|1|0|0|0|1|0|104|83|18|1|1|0|1|104|100|81|17|1|1|0|0|4|2|1|0|0|0|1|103|102|82|18|0|1|0|1|1|1|0|1|0|0|0|0|0|0|0|0|0|0|0|0|0|0|0|0|0|0|0|0|0|0|0|0|0|0|0|0|0|0|0|0|0|0|0|0|0|0|0|0|0|0|0|0|0|0|0|0|0|0|0|0|0|0|0|0|0|0|0|103|4|99|98|80|17|0|1|0|0|1|1|0|1|0|0|0|0|0|0|0|0|0|0|0|0|0|0|0|0|0|0|0|0|0|0|0|0|0|0|0|0|0|0|0|0|0|0|0|0|0|0|0|0|0|0|0|0|0|0|0|0|0|0|0|0|0|0|0|0|0|0|0
DHCST|NY|000|05|0213959|70|70|70|0|0|70|45|13|0|0|0|2|10|70|64|6|70|64|43|13|0|0|0|0|8|6|2|0|0|0|0|2|2|81|55|14|0|4|0|8|81|72|51|13|0|4|0|4|9|4|1|0|0|0|4|70|60|45|13|0|0|0|2|10|9|0|0|4|0|5|0|0|0|0|0|0|0|0|0|0|1|0|0|0|1|0|0|0|0|0|0|0|0|0|0|0|0|0|0|0|0|0|0|0|0|0|0|0|0|0|0|0|0|0|0|0|0|0|0|0|0|0|0|0|0|0|70|6|64|56|43|13|0|0|0|0|8|8|0|0|4|0|4|0|0|0|0|0|0|0|0|0|0|0|0|0|0|0|0|0|0|0|0|0|0|0|0|0|0|0|0|0|0|0|0|0|0|0|0|0|0|0|0|0|0|0|0|0|0|0|0|0|0|0|0|0|0|0|0
DHCST|NY|000|05|0213960|93|93|93|0|0|93|74|9|0|2|0|2|6|93|90|3|93|90|74|9|0|2|0|0|5|3|0|0|0|0|0|2|1|99|79|12|0|4|0|4|99|95|78|12|0|4|0|1|4|1|0|0|0|0|3|93|87|74|9|0|2|0|2|6|6|2|0|2|0|1|0|0|0|1|0|0|0|0|0|0|0|0|0|0|0|0|0|0|0|0|0|0|0|0|0|0|0|0|0|0|0|0|0|0|0|0|0|0|0|0|0|0|0|0|0|0|0|0|0|0|0|0|0|0|0|0|93|3|90|85|74|9|0|2|0|0|5|5|2|0|2|0|0|0|0|0|1|0|0|0|0|0|0|0|0|0|0|0|0|0|0|0|0|0|0|0|0|0|0|0|0|0|0|0|0|0|0|0|0|0|0|0|0|0|0|0|0|0|0|0|0|0|0|0|0|0|0|0|0
DHCST|NY|000|05|0213961|93|93|93|0|0|93|69|17|0|5|0|1|1|93|92|1|93|92|69|17|0|5|0|0|1|1|0|0|0|0|0|1|0|94|70|18|0|5|0|1|94|93|70|18|0|5|0|0|1|0|0|0|0|0|1|93|92|69|17|0|5|0|1|1|1|1|0|0|0|0|0|0|0|0|0|0|0|0|0|0|0|0|0|0|0|0|0|0|0|0|0|0|0|0|0|0|0|0|0|0|0|0|0|0|0|0|0|0|0|0|0|0|0|0|0|0|0|0|0|0|0|0|0|0|0|0|93|1|92|91|69|17|0|5|0|0|1|1|1|0|0|0|0|0|0|0|0|0|0|0|0|0|0|0|0|0|0|0|0|0|0|0|0|0|0|0|0|0|0|0|0|0|0|0|0|0|0|0|0|0|0|0|0|0|0|0|0|0|0|0|0|0|0|0|0|0|0|0|0
DHCST|NY|000|05|0213962|47|47|47|0|0|47|39|0|0|2|0|1|5|47|44|3|47|44|37|0|0|2|0|0|5|3|2|0|0|0|0|1|0|52|44|1|0|3|0|4|52|49|42|1|0|3|0|3|3|2|0|0|0|0|1|47|42|39|0|0|2|0|1|5|5|1|0|1|0|3|0|0|0|0|0|0|0|0|0|0|0|0|0|0|0|0|0|0|0|0|0|0|0|0|0|0|0|0|0|0|0|0|0|0|0|0|0|0|0|0|0|0|0|0|0|0|0|0|0|0|0|0|0|0|0|0|47|3|44|39|37|0|0|2|0|0|5|5|1|0|1|0|3|0|0|0|0|0|0|0|0|0|0|0|0|0|0|0|0|0|0|0|0|0|0|0|0|0|0|0|0|0|0|0|0|0|0|0|0|0|0|0|0|0|0|0|0|0|0|0|0|0|0|0|0|0|0|0|0
DHCST|NY|000|05|0213963|53|53|53|0|0|53|43|0|0|1|0|0|9|53|42|11|53|42|40|0|0|1|0|0|1|11|3|0|0|0|0|0|8|62|52|1|0|1|0|8|62|43|41|1|0|1|0|0|19|11|0|0|0|0|8|53|44|43|0|0|1|0|0|9|9|1|0|0|0|8|0|0|0|0|0|0|0|0|0|0|0|0|0|0|0|0|0|0|0|0|0|0|0|0|0|0|0|0|0|0|0|0|0|0|0|0|0|0|0|0|0|0|0|0|0|0|0|0|0|0|0|0|0|0|0|0|53|11|42|41|40|0|0|1|0|0|1|1|1|0|0|0|0|0|0|0|0|0|0|0|0|0|0|0|0|0|0|0|0|0|0|0|0|0|0|0|0|0|0|0|0|0|0|0|0|0|0|0|0|0|0|0|0|0|0|0|0|0|0|0|0|0|0|0|0|0|0|0|0
DHCST|NY|000|05|0213964|52|52|52|0|0|52|38|11|0|0|0|0|3|52|47|5|52|47|38|8|0|0|0|0|1|5|0|3|0|0|0|0|2|58|41|13|2|0|0|2|58|48|39|9|0|0|0|0|10|2|4|2|0|0|2|52|49|38|11|0|0|0|0|3|1|1|0|0|0|0|0|0|0|0|0|0|0|0|0|0|1|0|0|0|0|0|0|1|0|0|0|0|0|0|0|0|0|0|0|0|0|1|0|0|1|0|0|0|0|0|0|0|0|0|0|0|0|0|0|0|0|0|0|0|0|0|52|5|47|46|38|8|0|0|0|0|1|1|1|0|0|0|0|0|0|0|0|0|0|0|0|0|0|0|0|0|0|0|0|0|0|0|0|0|0|0|0|0|0|0|0|0|0|0|0|0|0|0|0|0|0|0|0|0|0|0|0|0|0|0|0|0|0|0|0|0|0|0|0
DHCST|NY|000|05|0213965|57|57|57|0|0|57|47|0|0|1|0|7|2|57|48|9|57|48|45|0|0|1|0|0|2|9|2|0|0|0|0|7|0|59|49|2|0|1|0|7|59|50|47|2|0|1|0|0|9|2|0|0|0|0|7|57|55|47|0|0|1|0|7|2|2|2|0|0|0|0|0|0|0|0|0|0|0|0|0|0|0|0|0|0|0|0|0|0|0|0|0|0|0|0|0|0|0|0|0|0|0|0|0|0|0|0|0|0|0|0|0|0|0|0|0|0|0|0|0|0|0|0|0|0|0|0|57|9|48|46|45|0|0|1|0|0|2|2|2|0|0|0|0|0|0|0|0|0|0|0|0|0|0|0|0|0|0|0|0|0|0|0|0|0|0|0|0|0|0|0|0|0|0|0|0|0|0|0|0|0|0|0|0|0|0|0|0|0|0|0|0|0|0|0|0|0|0|0|0
DHCST|NY|000|05|0213966|56|56|56|0|0|56|31|19|0|0|0|2|4|56|50|6|56|50|30|16|0|0|0|0|4|6|1|3|0|0|0|2|0|60|34|23|1|0|0|2|60|54|33|20|1|0|0|0|6|1|3|0|0|0|2|56|52|31|19|0|0|0|2|4|4|3|0|0|0|0|1|0|0|0|0|0|0|0|0|0|0|0|0|0|0|0|0|0|0|0|0|0|0|0|0|0|0|0|0|0|0|0|0|0|0|0|0|0|0|0|0|0|0|0|0|0|0|0|0|0|0|0|0|0|0|0|56|6|50|46|30|16|0|0|0|0|4|4|3|0|0|0|0|1|0|0|0|0|0|0|0|0|0|0|0|0|0|0|0|0|0|0|0|0|0|0|0|0|0|0|0|0|0|0|0|0|0|0|0|0|0|0|0|0|0|0|0|0|0|0|0|0|0|0|0|0|0|0|0
DHCST|NY|000|05|0213967|60|60|60|0|0|60|29|25|0|3|0|2|1|60|59|1|60|59|28|25|0|3|0|2|1|1|1|0|0|0|0|0|0|61|29|26|0|4|0|2|61|60|28|26|0|4|0|2|1|1|0|0|0|0|0|60|59|29|25|0|3|0|2|1|1|0|0|0|0|0|0|1|0|0|0|0|0|0|0|0|0|0|0|0|0|0|0|0|0|0|0|0|0|0|0|0|0|0|0|0|0|0|0|0|0|0|0|0|0|0|0|0|0|0|0|0|0|0|0|0|0|0|0|0|0|0|60|1|59|58|28|25|0|3|0|2|1|1|0|0|0|0|0|0|1|0|0|0|0|0|0|0|0|0|0|0|0|0|0|0|0|0|0|0|0|0|0|0|0|0|0|0|0|0|0|0|0|0|0|0|0|0|0|0|0|0|0|0|0|0|0|0|0|0|0|0|0|0|0
DHCST|NY|000|05|0213968|48|48|48|0|0|48|30|12|0|0|0|0|6|48|43|5|48|43|28|11|0|0|0|0|4|5|2|1|0|0|0|0|2|55|36|15|1|1|0|2|55|47|32|14|1|0|0|0|8|4|1|0|1|0|2|48|42|30|12|0|0|0|0|6|5|3|1|0|0|1|0|0|0|0|0|0|0|0|0|0|1|0|0|0|0|0|0|0|0|1|0|0|0|0|0|0|0|0|0|0|0|0|0|0|0|0|0|0|0|0|0|0|0|0|0|0|0|0|0|0|0|0|0|0|0|0|48|5|43|39|28|11|0|0|0|0|4|4|3|1|0|0|0|0|0|0|0|0|0|0|0|0|0|0|0|0|0|0|0|0|0|0|0|0|0|0|0|0|0|0|0|0|0|0|0|0|0|0|0|0|0|0|0|0|0|0|0|0|0|0|0|0|0|0|0|0|0|0|0
DHCST|NY|000|05|0213969|61|61|61|0|0|61|34|24|0|0|0|0|3|61|55|6|61|55|33|20|0|0|0|0|2|6|1|4|0|0|0|0|1|65|36|26|1|1|0|1|65|57|34|21|1|1|0|0|8|2|5|0|0|0|1|61|58|34|24|0|0|0|0|3|2|0|0|1|0|0|1|0|0|0|0|0|0|0|0|0|1|0|0|0|1|0|0|0|0|0|0|0|0|0|0|0|0|0|0|0|0|0|0|0|0|0|0|0|0|0|0|0|0|0|0|0|0|0|0|0|0|0|0|0|0|0|61|6|55|53|33|20|0|0|0|0|2|2|0|0|1|0|0|1|0|0|0|0|0|0|0|0|0|0|0|0|0|0|0|0|0|0|0|0|0|0|0|0|0|0|0|0|0|0|0|0|0|0|0|0|0|0|0|0|0|0|0|0|0|0|0|0|0|0|0|0|0|0|0
DHCST|NY|000|05|0213970|46|46|46|0|0|46|32|1|0|2|0|5|6|46|39|7|46|39|30|1|0|2|0|3|3|7|2|0|0|0|0|2|3|54|36|5|0|5|0|8|54|44|33|3|0|5|0|3|10|3|2|0|0|0|5|46|40|32|1|0|2|0|5|6|4|0|0|1|0|1|0|0|0|2|0|0|0|0|0|0|2|0|2|0|0|0|0|0|0|0|0|0|0|0|0|0|0|0|0|0|0|0|0|0|0|0|0|0|0|0|0|0|0|0|0|0|0|0|0|0|0|0|0|0|0|0|46|7|39|36|30|1|0|2|0|3|3|1|0|0|1|0|0|0|0|0|0|0|0|0|0|0|0|2|0|2|0|0|0|0|0|0|0|0|0|0|0|0|0|0|0|0|0|0|0|0|0|0|0|0|0|0|0|0|0|0|0|0|0|0|0|0|0|0|0|0|0|0|0
DHCST|NY|000|05|0213971|64|64|64|0|0|64|46|8|0|0|0|0|10|64|64|0|64|64|46|8|0|0|0|0|10|0|0|0|0|0|0|0|0|74|53|17|0|1|0|3|74|74|53|17|0|1|0|3|0|0|0|0|0|0|0|64|54|46|8|0|0|0|0|10|10|6|0|1|0|0|0|0|0|3|0|0|0|0|0|0|0|0|0|0|0|0|0|0|0|0|0|0|0|0|0|0|0|0|0|0|0|0|0|0|0|0|0|0|0|0|0|0|0|0|0|0|0|0|0|0|0|0|0|0|0|0|64|0|64|54|46|8|0|0|0|0|10|10|6|0|1|0|0|0|0|0|3|0|0|0|0|0|0|0|0|0|0|0|0|0|0|0|0|0|0|0|0|0|0|0|0|0|0|0|0|0|0|0|0|0|0|0|0|0|0|0|0|0|0|0|0|0|0|0|0|0|0|0|0
DHCST|NY|000|05|0213972|48|48|48|0|0|48|32|13|1|0|0|2|0|48|46|2|48|46|32|13|1|0|0|0|0|2|0|0|0|0|0|2|0|48|32|13|1|0|0|2|48|46|32|13|1|0|0|0|2|0|0|0|0|0|2|48|48|32|13|1|0|0|2|0|0|0|0|0|0|0|0|0|0|0|0|0|0|0|0|0|0|0|0|0|0|0|0|0|0|0|0|0|0|0|0|0|0|0|0|0|0|0|0|0|0|0|0|0|0|0|0|0|0|0|0|0|0|0|0|0|0|0|0|0|0|0|48|2|46|46|32|13|1|0|0|0|0|0|0|0|0|0|0|0|0|0|0|0|0|0|0|0|0|0|0|0|0|0|0|0|0|0|0|0|0|0|0|0|0|0|0|0|0|0|0|0|0|0|0|0|0|0|0|0|0|0|0|0|0|0|0|0|0|0|0|0|0|0|0
DHCST|NY|000|05|0213973|68|68|68|0|0|68|61|1|0|0|0|0|6|68|63|5|68|63|61|1|0|0|0|0|1|5|0|0|0|0|0|0|5|75|67|2|1|0|0|5|75|65|62|2|1|0|0|0|10|5|0|0|0|0|5|68|62|61|1|0|0|0|0|6|5|0|0|0|0|5|0|0|0|0|0|0|0|0|0|0|1|1|0|0|0|0|0|0|0|0|0|0|0|0|0|0|0|0|0|0|0|0|0|0|0|0|0|0|0|0|0|0|0|0|0|0|0|0|0|0|0|0|0|0|0|0|68|5|63|62|61|1|0|0|0|0|1|0|0|0|0|0|0|0|0|0|0|0|0|0|0|0|0|1|1|0|0|0|0|0|0|0|0|0|0|0|0|0|0|0|0|0|0|0|0|0|0|0|0|0|0|0|0|0|0|0|0|0|0|0|0|0|0|0|0|0|0|0|0
DHCST|NY|000|05|0213974|49|49|49|0|0|49|42|1|0|0|0|0|6|49|46|3|49|46|42|1|0|0|0|0|3|3|0|0|0|0|0|0|3|57|46|3|2|0|0|6|57|49|44|2|0|0|0|3|8|2|1|2|0|0|3|49|43|42|1|0|0|0|0|6|4|0|0|0|0|2|0|0|0|2|0|0|0|0|0|0|2|0|0|0|0|0|0|2|0|0|0|0|0|0|0|0|0|0|0|0|0|0|0|0|0|0|0|0|0|0|0|0|0|0|0|0|0|0|0|0|0|0|0|0|0|0|49|3|46|43|42|1|0|0|0|0|3|3|0|0|0|0|2|0|0|0|1|0|0|0|0|0|0|0|0|0|0|0|0|0|0|0|0|0|0|0|0|0|0|0|0|0|0|0|0|0|0|0|0|0|0|0|0|0|0|0|0|0|0|0|0|0|0|0|0|0|0|0|0
DHCST|NY|000|05|0213975|61|61|61|0|0|61|52|3|0|0|0|1|5|61|56|5|61|56|48|3|0|0|0|0|5|5|4|0|0|0|0|1|0|68|57|5|5|0|0|1|68|63|53|5|5|0|0|0|5|4|0|0|0|0|1|61|56|52|3|0|0|0|1|5|3|0|3|0|0|0|0|0|0|0|0|0|0|0|0|0|2|2|0|0|0|0|0|0|0|0|0|0|0|0|0|0|0|0|0|0|0|0|0|0|0|0|0|0|0|0|0|0|0|0|0|0|0|0|0|0|0|0|0|0|0|0|61|5|56|51|48|3|0|0|0|0|5|3|0|3|0|0|0|0|0|0|0|0|0|0|0|0|0|2|2|0|0|0|0|0|0|0|0|0|0|0|0|0|0|0|0|0|0|0|0|0|0|0|0|0|0|0|0|0|0|0|0|0|0|0|0|0|0|0|0|0|0|0|0
DHCST|NY|000|05|0213976|30|30|30|0|0|30|28|0|0|1|0|0|1|30|30|0|30|30|28|0|0|1|0|0|1|0|0|0|0|0|0|0|0|31|28|1|1|1|0|0|31|31|28|1|1|1|0|0|0|0|0|0|0|0|0|30|29|28|0|0|1|0|0|1|1|0|0|0|0|0|1|0|0|0|0|0|0|0|0|0|0|0|0|0|0|0|0|0|0|0|0|0|0|0|0|0|0|0|0|0|0|0|0|0|0|0|0|0|0|0|0|0|0|0|0|0|0|0|0|0|0|0|0|0|0|0|30|0|30|29|28|0|0|1|0|0|1|1|0|0|0|0|0|1|0|0|0|0|0|0|0|0|0|0|0|0|0|0|0|0|0|0|0|0|0|0|0|0|0|0|0|0|0|0|0|0|0|0|0|0|0|0|0|0|0|0|0|0|0|0|0|0|0|0|0|0|0|0|0
DHCST|NY|000|05|0213977|0|0|0|0|0|0|0|0|0|0|0|0|0|0|0|0|0|0|0|0|0|0|0|0|0|0|0|0|0|0|0|0|0|0|0|0|0|0|0|0|0|0|0|0|0|0|0|0|0|0|0|0|0|0|0|0|0|0|0|0|0|0|0|0|0|0|0|0|0|0|0|0|0|0|0|0|0|0|0|0|0|0|0|0|0|0|0|0|0|0|0|0|0|0|0|0|0|0|0|0|0|0|0|0|0|0|0|0|0|0|0|0|0|0|0|0|0|0|0|0|0|0|0|0|0|0|0|0|0|0|0|0|0|0|0|0|0|0|0|0|0|0|0|0|0|0|0|0|0|0|0|0|0|0|0|0|0|0|0|0|0|0|0|0|0|0|0|0|0|0|0|0|0|0|0|0|0|0|0|0|0|0|0|0|0|0|0|0|0|0|0|0|0|0|0|0|0|0|0
DHCST|NY|000|05|0213978|48|48|48|0|0|48|12|27|0|0|0|2|7|48|41|7|48|41|10|27|0|0|0|0|4|7|2|0|0|0|0|2|3|57|19|31|2|0|0|5|57|45|14|29|0|0|0|2|12|5|2|2|0|0|3|48|41|12|27|0|0|0|2|7|5|2|0|0|0|3|0|0|0|0|0|0|0|0|0|0|2|2|0|0|0|0|0|0|0|0|0|0|0|0|0|0|0|0|0|0|0|0|0|0|0|0|0|0|0|0|0|0|0|0|0|0|0|0|0|0|0|0|0|0|0|0|48|7|41|37|10|27|0|0|0|0|4|4|2|0|0|0|2|0|0|0|0|0|0|0|0|0|0|0|0|0|0|0|0|0|0|0|0|0|0|0|0|0|0|0|0|0|0|0|0|0|0|0|0|0|0|0|0|0|0|0|0|0|0|0|0|0|0|0|0|0|0|0|0
DHCST|NY|000|05|0213979|0|0|0|0|0|0|0|0|0|0|0|0|0|0|0|0|0|0|0|0|0|0|0|0|0|0|0|0|0|0|0|0|0|0|0|0|0|0|0|0|0|0|0|0|0|0|0|0|0|0|0|0|0|0|0|0|0|0|0|0|0|0|0|0|0|0|0|0|0|0|0|0|0|0|0|0|0|0|0|0|0|0|0|0|0|0|0|0|0|0|0|0|0|0|0|0|0|0|0|0|0|0|0|0|0|0|0|0|0|0|0|0|0|0|0|0|0|0|0|0|0|0|0|0|0|0|0|0|0|0|0|0|0|0|0|0|0|0|0|0|0|0|0|0|0|0|0|0|0|0|0|0|0|0|0|0|0|0|0|0|0|0|0|0|0|0|0|0|0|0|0|0|0|0|0|0|0|0|0|0|0|0|0|0|0|0|0|0|0|0|0|0|0|0|0|0|0|0|0
DHCST|NY|000|05|0213980|0|0|0|0|0|0|0|0|0|0|0|0|0|0|0|0|0|0|0|0|0|0|0|0|0|0|0|0|0|0|0|0|0|0|0|0|0|0|0|0|0|0|0|0|0|0|0|0|0|0|0|0|0|0|0|0|0|0|0|0|0|0|0|0|0|0|0|0|0|0|0|0|0|0|0|0|0|0|0|0|0|0|0|0|0|0|0|0|0|0|0|0|0|0|0|0|0|0|0|0|0|0|0|0|0|0|0|0|0|0|0|0|0|0|0|0|0|0|0|0|0|0|0|0|0|0|0|0|0|0|0|0|0|0|0|0|0|0|0|0|0|0|0|0|0|0|0|0|0|0|0|0|0|0|0|0|0|0|0|0|0|0|0|0|0|0|0|0|0|0|0|0|0|0|0|0|0|0|0|0|0|0|0|0|0|0|0|0|0|0|0|0|0|0|0|0|0|0|0
DHCST|NY|000|05|0213981|292|292|292|0|0|292|44|180|0|0|0|45|23|292|208|84|292|208|23|168|0|0|0|0|17|84|21|12|0|0|0|45|6|317|61|198|7|0|0|51|317|226|34|185|7|0|0|0|91|27|13|0|0|0|51|292|269|44|180|0|0|0|45|23|21|10|0|0|0|5|6|0|0|0|0|0|0|0|0|0|2|1|0|0|1|0|0|0|0|0|0|0|0|0|0|0|0|0|0|0|0|0|0|0|0|0|0|0|0|0|0|0|0|0|0|0|0|0|0|0|0|0|0|0|0|0|292|84|208|191|23|168|0|0|0|0|17|16|10|0|0|0|0|6|0|0|0|0|0|0|0|0|0|1|1|0|0|0|0|0|0|0|0|0|0|0|0|0|0|0|0|0|0|0|0|0|0|0|0|0|0|0|0|0|0|0|0|0|0|0|0|0|0|0|0|0|0|0|0
DHCST|NY|000|05|0213982|66|66|66|0|0|66|19|32|3|0|0|6|6|66|53|13|66|53|14|32|3|0|0|0|4|13|5|0|0|0|0|6|2|73|24|36|3|1|0|9|73|58|17|36|3|1|0|1|15|7|0|0|0|0|8|66|60|19|32|3|0|0|6|6|5|2|0|0|0|2|0|0|0|1|0|0|0|0|0|0|1|0|1|0|0|0|0|0|0|0|0|0|0|0|0|0|0|0|0|0|0|0|0|0|0|0|0|0|0|0|0|0|0|0|0|0|0|0|0|0|0|0|0|0|0|0|66|13|53|49|14|32|3|0|0|0|4|3|2|0|0|0|0|0|0|0|1|0|0|0|0|0|0|1|0|1|0|0|0|0|0|0|0|0|0|0|0|0|0|0|0|0|0|0|0|0|0|0|0|0|0|0|0|0|0|0|0|0|0|0|0|0|0|0|0|0|0|0|0
DHCST|NY|000|05|0213983|72|72|72|0|0|72|7|53|0|1|0|6|5|72|68|4|72|68|7|53|0|0|0|6|2|4|0|0|0|1|0|0|3|78|10|57|2|1|0|8|78|70|9|54|1|0|0|6|8|1|3|1|1|0|2|72|67|7|53|0|1|0|6|5|4|1|1|0|0|0|0|0|0|2|0|0|0|0|0|0|1|1|0|0|0|0|0|0|0|0|0|0|0|0|0|0|0|0|0|0|0|0|0|0|0|0|0|0|0|0|0|0|0|0|0|0|0|0|0|0|0|0|0|0|0|0|72|4|68|66|7|53|0|0|0|6|2|2|1|1|0|0|0|0|0|0|0|0|0|0|0|0|0|0|0|0|0|0|0|0|0|0|0|0|0|0|0|0|0|0|0|0|0|0|0|0|0|0|0|0|0|0|0|0|0|0|0|0|0|0|0|0|0|0|0|0|0|0|0
DHCST|NY|000|05|0213984|61|61|61|0|0|61|10|41|2|0|0|1|7|61|53|8|61|53|5|40|2|0|0|1|5|8|5|1|0|0|0|0|2|70|17|46|3|1|0|3|70|59|10|44|2|1|0|2|11|7|2|1|0|0|1|61|54|10|41|2|0|0|1|7|5|4|0|0|0|1|0|0|0|0|0|0|0|0|0|0|2|0|1|0|0|0|0|1|0|0|0|0|0|0|0|0|0|0|0|0|0|0|0|0|0|0|0|0|0|0|0|0|0|0|0|0|0|0|0|0|0|0|0|0|0|0|61|8|53|48|5|40|2|0|0|1|5|4|3|0|0|0|1|0|0|0|0|0|0|0|0|0|0|1|0|1|0|0|0|0|0|0|0|0|0|0|0|0|0|0|0|0|0|0|0|0|0|0|0|0|0|0|0|0|0|0|0|0|0|0|0|0|0|0|0|0|0|0|0
DHCST|NY|000|05|0213985|147|147|147|0|0|147|8|129|4|0|0|0|6|147|136|11|147|136|8|120|4|0|0|0|4|11|0|9|0|0|0|0|2|155|12|132|4|2|0|5|155|142|10|122|4|2|0|4|13|2|10|0|0|0|1|147|141|8|129|4|0|0|0|6|4|1|0|0|0|1|0|0|0|2|0|0|0|0|0|0|2|0|0|0|0|0|0|0|0|2|0|0|0|0|0|0|0|0|0|0|0|0|0|0|0|0|0|0|0|0|0|0|0|0|0|0|0|0|0|0|0|0|0|0|0|0|147|11|136|132|8|120|4|0|0|0|4|2|0|0|0|0|0|0|0|0|2|0|0|0|0|0|0|2|0|0|0|0|0|0|0|0|2|0|0|0|0|0|0|0|0|0|0|0|0|0|0|0|0|0|0|0|0|0|0|0|0|0|0|0|0|0|0|0|0|0|0|0|0
DHCST|NY|000|05|0213986|0|0|0|0|0|0|0|0|0|0|0|0|0|0|0|0|0|0|0|0|0|0|0|0|0|0|0|0|0|0|0|0|0|0|0|0|0|0|0|0|0|0|0|0|0|0|0|0|0|0|0|0|0|0|0|0|0|0|0|0|0|0|0|0|0|0|0|0|0|0|0|0|0|0|0|0|0|0|0|0|0|0|0|0|0|0|0|0|0|0|0|0|0|0|0|0|0|0|0|0|0|0|0|0|0|0|0|0|0|0|0|0|0|0|0|0|0|0|0|0|0|0|0|0|0|0|0|0|0|0|0|0|0|0|0|0|0|0|0|0|0|0|0|0|0|0|0|0|0|0|0|0|0|0|0|0|0|0|0|0|0|0|0|0|0|0|0|0|0|0|0|0|0|0|0|0|0|0|0|0|0|0|0|0|0|0|0|0|0|0|0|0|0|0|0|0|0|0|0
DHCST|NY|000|05|0213987|0|0|0|0|0|0|0|0|0|0|0|0|0|0|0|0|0|0|0|0|0|0|0|0|0|0|0|0|0|0|0|0|0|0|0|0|0|0|0|0|0|0|0|0|0|0|0|0|0|0|0|0|0|0|0|0|0|0|0|0|0|0|0|0|0|0|0|0|0|0|0|0|0|0|0|0|0|0|0|0|0|0|0|0|0|0|0|0|0|0|0|0|0|0|0|0|0|0|0|0|0|0|0|0|0|0|0|0|0|0|0|0|0|0|0|0|0|0|0|0|0|0|0|0|0|0|0|0|0|0|0|0|0|0|0|0|0|0|0|0|0|0|0|0|0|0|0|0|0|0|0|0|0|0|0|0|0|0|0|0|0|0|0|0|0|0|0|0|0|0|0|0|0|0|0|0|0|0|0|0|0|0|0|0|0|0|0|0|0|0|0|0|0|0|0|0|0|0|0
DHCST|NY|000|05|0213988|0|0|0|0|0|0|0|0|0|0|0|0|0|0|0|0|0|0|0|0|0|0|0|0|0|0|0|0|0|0|0|0|0|0|0|0|0|0|0|0|0|0|0|0|0|0|0|0|0|0|0|0|0|0|0|0|0|0|0|0|0|0|0|0|0|0|0|0|0|0|0|0|0|0|0|0|0|0|0|0|0|0|0|0|0|0|0|0|0|0|0|0|0|0|0|0|0|0|0|0|0|0|0|0|0|0|0|0|0|0|0|0|0|0|0|0|0|0|0|0|0|0|0|0|0|0|0|0|0|0|0|0|0|0|0|0|0|0|0|0|0|0|0|0|0|0|0|0|0|0|0|0|0|0|0|0|0|0|0|0|0|0|0|0|0|0|0|0|0|0|0|0|0|0|0|0|0|0|0|0|0|0|0|0|0|0|0|0|0|0|0|0|0|0|0|0|0|0|0
DHCST|NY|000|05|0213989|97|97|97|0|0|97|2|71|6|0|0|10|8|97|83|14|97|83|2|68|5|0|0|3|5|14|0|3|1|0|0|7|3|105|10|75|7|0|0|13|105|88|7|72|6|0|0|3|17|3|3|1|0|0|10|97|89|2|71|6|0|0|10|8|8|4|1|0|0|3|0|0|0|0|0|0|0|0|0|0|0|0|0|0|0|0|0|0|0|0|0|0|0|0|0|0|0|0|0|0|0|0|0|0|0|0|0|0|0|0|0|0|0|0|0|0|0|0|0|0|0|0|0|0|0|0|97|14|83|78|2|68|5|0|0|3|5|5|4|1|0|0|0|0|0|0|0|0|0|0|0|0|0|0|0|0|0|0|0|0|0|0|0|0|0|0|0|0|0|0|0|0|0|0|0|0|0|0|0|0|0|0|0|0|0|0|0|0|0|0|0|0|0|0|0|0|0|0|0
DHCST|NY|000|05|0213990|87|87|87|0|0|87|17|64|0|0|0|0|6|87|78|9|87|78|17|61|0|0|0|0|0|9|0|3|0|0|0|0|6|93|18|69|0|0|0|6|93|78|17|61|0|0|0|0|15|1|8|0|0|0|6|87|81|17|64|0|0|0|0|6|6|0|0|0|0|1|0|0|0|5|0|0|0|0|0|0|0|0|0|0|0|0|0|0|0|0|0|0|0|0|0|0|0|0|0|0|0|0|0|0|0|0|0|0|0|0|0|0|0|0|0|0|0|0|0|0|0|0|0|0|0|0|87|9|78|78|17|61|0|0|0|0|0|0|0|0|0|0|0|0|0|0|0|0|0|0|0|0|0|0|0|0|0|0|0|0|0|0|0|0|0|0|0|0|0|0|0|0|0|0|0|0|0|0|0|0|0|0|0|0|0|0|0|0|0|0|0|0|0|0|0|0|0|0|0
DHCST|NY|000|05|0213991|55|55|55|0|0|55|2|37|1|0|0|0|15|55|45|10|55|45|1|37|1|0|0|0|6|10|1|0|0|0|0|0|9|71|15|45|2|0|1|8|71|51|5|42|2|0|1|1|20|10|3|0|0|0|7|55|40|2|37|1|0|0|0|15|14|6|0|0|0|6|1|0|0|0|0|0|0|0|0|1|1|0|0|0|1|0|0|0|0|0|0|0|0|0|0|0|0|0|0|0|0|0|0|0|0|0|0|0|0|0|0|0|0|0|0|0|0|0|0|0|0|0|0|0|0|0|55|10|45|39|1|37|1|0|0|0|6|6|4|0|0|0|0|1|0|0|0|0|0|0|0|0|1|0|0|0|0|0|0|0|0|0|0|0|0|0|0|0|0|0|0|0|0|0|0|0|0|0|0|0|0|0|0|0|0|0|0|0|0|0|0|0|0|0|0|0|0|0|0
DHCST|NY|000|05|0213992|79|79|79|0|0|79|2|62|1|0|0|2|12|79|64|15|79|64|2|59|0|0|0|0|3|15|0|3|1|0|0|2|9|91|14|65|1|0|0|11|91|67|5|62|0|0|0|0|24|9|3|1|0|0|11|79|67|2|62|1|0|0|2|12|12|3|0|0|0|9|0|0|0|0|0|0|0|0|0|0|0|0|0|0|0|0|0|0|0|0|0|0|0|0|0|0|0|0|0|0|0|0|0|0|0|0|0|0|0|0|0|0|0|0|0|0|0|0|0|0|0|0|0|0|0|0|79|15|64|61|2|59|0|0|0|0|3|3|3|0|0|0|0|0|0|0|0|0|0|0|0|0|0|0|0|0|0|0|0|0|0|0|0|0|0|0|0|0|0|0|0|0|0|0|0|0|0|0|0|0|0|0|0|0|0|0|0|0|0|0|0|0|0|0|0|0|0|0|0
DHCST|NY|000|05|0213993|0|0|0|0|0|0|0|0|0|0|0|0|0|0|0|0|0|0|0|0|0|0|0|0|0|0|0|0|0|0|0|0|0|0|0|0|0|0|0|0|0|0|0|0|0|0|0|0|0|0|0|0|0|0|0|0|0|0|0|0|0|0|0|0|0|0|0|0|0|0|0|0|0|0|0|0|0|0|0|0|0|0|0|0|0|0|0|0|0|0|0|0|0|0|0|0|0|0|0|0|0|0|0|0|0|0|0|0|0|0|0|0|0|0|0|0|0|0|0|0|0|0|0|0|0|0|0|0|0|0|0|0|0|0|0|0|0|0|0|0|0|0|0|0|0|0|0|0|0|0|0|0|0|0|0|0|0|0|0|0|0|0|0|0|0|0|0|0|0|0|0|0|0|0|0|0|0|0|0|0|0|0|0|0|0|0|0|0|0|0|0|0|0|0|0|0|0|0|0
DHCST|NY|000|05|0213994|0|0|0|0|0|0|0|0|0|0|0|0|0|0|0|0|0|0|0|0|0|0|0|0|0|0|0|0|0|0|0|0|0|0|0|0|0|0|0|0|0|0|0|0|0|0|0|0|0|0|0|0|0|0|0|0|0|0|0|0|0|0|0|0|0|0|0|0|0|0|0|0|0|0|0|0|0|0|0|0|0|0|0|0|0|0|0|0|0|0|0|0|0|0|0|0|0|0|0|0|0|0|0|0|0|0|0|0|0|0|0|0|0|0|0|0|0|0|0|0|0|0|0|0|0|0|0|0|0|0|0|0|0|0|0|0|0|0|0|0|0|0|0|0|0|0|0|0|0|0|0|0|0|0|0|0|0|0|0|0|0|0|0|0|0|0|0|0|0|0|0|0|0|0|0|0|0|0|0|0|0|0|0|0|0|0|0|0|0|0|0|0|0|0|0|0|0|0|0
DHCST|NY|000|05|0213995|69|69|69|0|0|69|11|56|0|0|0|1|1|69|56|13|69|56|4|51|0|0|0|0|1|13|7|5|0|0|0|1|0|70|12|57|0|0|0|1|70|57|5|52|0|0|0|0|13|7|5|0|0|0|1|69|68|11|56|0|0|0|1|1|1|1|0|0|0|0|0|0|0|0|0|0|0|0|0|0|0|0|0|0|0|0|0|0|0|0|0|0|0|0|0|0|0|0|0|0|0|0|0|0|0|0|0|0|0|0|0|0|0|0|0|0|0|0|0|0|0|0|0|0|0|0|69|13|56|55|4|51|0|0|0|0|1|1|1|0|0|0|0|0|0|0|0|0|0|0|0|0|0|0|0|0|0|0|0|0|0|0|0|0|0|0|0|0|0|0|0|0|0|0|0|0|0|0|0|0|0|0|0|0|0|0|0|0|0|0|0|0|0|0|0|0|0|0|0
DHCST|NY|000|05|0213996|74|74|74|0|0|74|6|59|6|0|0|2|1|74|73|1|74|73|6|59|5|0|0|2|1|1|0|0|1|0|0|0|0|75|7|60|6|0|0|2|75|74|7|60|5|0|0|2|1|0|0|1|0|0|0|74|73|6|59|6|0|0|2|1|1|1|0|0|0|0|0|0|0|0|0|0|0|0|0|0|0|0|0|0|0|0|0|0|0|0|0|0|0|0|0|0|0|0|0|0|0|0|0|0|0|0|0|0|0|0|0|0|0|0|0|0|0|0|0|0|0|0|0|0|0|0|74|1|73|72|6|59|5|0|0|2|1|1|1|0|0|0|0|0|0|0|0|0|0|0|0|0|0|0|0|0|0|0|0|0|0|0|0|0|0|0|0|0|0|0|0|0|0|0|0|0|0|0|0|0|0|0|0|0|0|0|0|0|0|0|0|0|0|0|0|0|0|0|0
DHCST|NY|000|05|0213997|7|7|7|0|0|7|2|4|0|0|0|1|0|7|6|1|7|6|2|4|0|0|0|0|0|1|0|0|0|0|0|1|0|7|2|4|0|0|0|1|7|6|2|4|0|0|0|0|1|0|0|0|0|0|1|7|7|2|4|0|0|0|1|0|0|0|0|0|0|0|0|0|0|0|0|0|0|0|0|0|0|0|0|0|0|0|0|0|0|0|0|0|0|0|0|0|0|0|0|0|0|0|0|0|0|0|0|0|0|0|0|0|0|0|0|0|0|0|0|0|0|0|0|0|0|0|7|1|6|6|2|4|0|0|0|0|0|0|0|0|0|0|0|0|0|0|0|0|0|0|0|0|0|0|0|0|0|0|0|0|0|0|0|0|0|0|0|0|0|0|0|0|0|0|0|0|0|0|0|0|0|0|0|0|0|0|0|0|0|0|0|0|0|0|0|0|0|0|0
DHCST|NY|000|05|0213998|35|35|35|0|0|35|15|13|0|0|0|0|7|35|29|6|35|29|15|9|0|0|0|0|5|6|0|4|0|0|0|0|2|44|19|18|6|0|0|1|44|34|17|12|4|0|0|1|10|2|6|2|0|0|0|35|28|15|13|0|0|0|0|7|5|1|1|0|0|0|2|0|0|0|0|0|1|0|0|0|2|2|0|0|0|0|0|0|0|0|0|0|0|0|0|0|0|0|0|0|0|0|0|0|0|0|0|0|0|0|0|0|0|0|0|0|0|0|0|0|0|0|0|0|0|0|35|6|29|24|15|9|0|0|0|0|5|5|1|1|0|0|0|2|0|0|0|0|0|1|0|0|0|0|0|0|0|0|0|0|0|0|0|0|0|0|0|0|0|0|0|0|0|0|0|0|0|0|0|0|0|0|0|0|0|0|0|0|0|0|0|0|0|0|0|0|0|0|0
DHCST|NY|000|05|0213999|64|64|64|0|0|64|30|26|0|0|0|1|7|64|55|9|64|55|30|21|0|0|0|0|4|9|0|5|0|0|0|1|3|72|37|29|1|0|0|5|72|59|34|22|0|0|0|3|13|3|7|1|0|0|2|64|57|30|26|0|0|0|1|7|6|3|0|0|0|3|0|0|0|0|0|0|0|0|0|0|1|0|0|0|0|0|0|1|0|0|0|0|0|0|0|0|0|0|0|0|0|0|0|0|0|0|0|0|0|0|0|0|0|0|0|0|0|0|0|0|0|0|0|0|0|0|64|9|55|51|30|21|0|0|0|0|4|4|1|0|0|0|3|0|0|0|0|0|0|0|0|0|0|0|0|0|0|0|0|0|0|0|0|0|0|0|0|0|0|0|0|0|0|0|0|0|0|0|0|0|0|0|0|0|0|0|0|0|0|0|0|0|0|0|0|0|0|0|0
DHCST|NY|000|05|0214000|95|95|95|0|0|95|36|47|0|0|0|5|7|95|81|14|95|81|27|47|0|0|0|0|7|14|9|0|0|0|0|5|0|102|43|54|0|0|0|5|102|88|34|54|0|0|0|0|14|9|0|0|0|0|5|95|88|36|47|0|0|0|5|7|7|7|0|0|0|0|0|0|0|0|0|0|0|0|0|0|0|0|0|0|0|0|0|0|0|0|0|0|0|0|0|0|0|0|0|0|0|0|0|0|0|0|0|0|0|0|0|0|0|0|0|0|0|0|0|0|0|0|0|0|0|0|95|14|81|74|27|47|0|0|0|0|7|7|7|0|0|0|0|0|0|0|0|0|0|0|0|0|0|0|0|0|0|0|0|0|0|0|0|0|0|0|0|0|0|0|0|0|0|0|0|0|0|0|0|0|0|0|0|0|0|0|0|0|0|0|0|0|0|0|0|0|0|0|0
DHCST|NY|000|05|0214001|76|76|76|0|0|76|27|29|0|0|0|5|15|76|71|5|76|71|27|29|0|0|0|0|15|5|0|0|0|0|0|5|0|91|41|38|3|0|0|9|91|86|41|38|3|0|0|4|5|0|0|0|0|0|5|76|61|27|29|0|0|0|5|15|15|8|2|0|0|4|1|0|0|0|0|0|0|0|0|0|0|0|0|0|0|0|0|0|0|0|0|0|0|0|0|0|0|0|0|0|0|0|0|0|0|0|0|0|0|0|0|0|0|0|0|0|0|0|0|0|0|0|0|0|0|0|76|5|71|56|27|29|0|0|0|0|15|15|8|2|0|0|4|1|0|0|0|0|0|0|0|0|0|0|0|0|0|0|0|0|0|0|0|0|0|0|0|0|0|0|0|0|0|0|0|0|0|0|0|0|0|0|0|0|0|0|0|0|0|0|0|0|0|0|0|0|0|0|0
DHCST|NY|000|05|0214002|79|79|79|0|0|79|46|23|7|0|0|0|3|79|75|4|79|75|46|21|7|0|0|0|1|4|0|2|0|0|0|0|2|82|47|25|8|0|0|2|82|76|47|21|8|0|0|0|6|0|4|0|0|0|2|79|76|46|23|7|0|0|0|3|3|0|1|0|0|0|0|0|0|2|0|0|0|0|0|0|0|0|0|0|0|0|0|0|0|0|0|0|0|0|0|0|0|0|0|0|0|0|0|0|0|0|0|0|0|0|0|0|0|0|0|0|0|0|0|0|0|0|0|0|0|0|79|4|75|74|46|21|7|0|0|0|1|1|0|1|0|0|0|0|0|0|0|0|0|0|0|0|0|0|0|0|0|0|0|0|0|0|0|0|0|0|0|0|0|0|0|0|0|0|0|0|0|0|0|0|0|0|0|0|0|0|0|0|0|0|0|0|0|0|0|0|0|0|0
DHCST|NY|000|05|0214003|109|109|109|0|0|109|38|47|0|0|0|19|5|109|86|23|109|86|36|46|0|0|0|0|4|23|2|1|0|0|0|19|1|114|42|47|4|0|0|21|114|90|39|46|4|0|0|1|24|3|1|0|0|0|20|109|104|38|47|0|0|0|19|5|5|0|3|0|0|1|0|0|0|0|0|0|1|0|0|0|0|0|0|0|0|0|0|0|0|0|0|0|0|0|0|0|0|0|0|0|0|0|0|0|0|0|0|0|0|0|0|0|0|0|0|0|0|0|0|0|0|0|0|0|0|0|109|23|86|82|36|46|0|0|0|0|4|4|0|3|0|0|0|0|0|0|0|0|0|1|0|0|0|0|0|0|0|0|0|0|0|0|0|0|0|0|0|0|0|0|0|0|0|0|0|0|0|0|0|0|0|0|0|0|0|0|0|0|0|0|0|0|0|0|0|0|0|0|0
DHCST|NY|000|05|0214004|164|164|164|0|0|164|56|85|0|0|0|3|20|164|145|19|164|145|49|83|0|0|0|0|13|19|7|2|0|0|0|3|7|184|75|96|5|0|1|7|184|158|62|92|4|0|0|0|26|13|4|1|0|1|7|164|144|56|85|0|0|0|3|20|20|11|4|0|0|4|0|0|0|0|0|1|0|0|0|0|0|0|0|0|0|0|0|0|0|0|0|0|0|0|0|0|0|0|0|0|0|0|0|0|0|0|0|0|0|0|0|0|0|0|0|0|0|0|0|0|0|0|0|0|0|0|164|19|145|132|49|83|0|0|0|0|13|13|9|4|0|0|0|0|0|0|0|0|0|0|0|0|0|0|0|0|0|0|0|0|0|0|0|0|0|0|0|0|0|0|0|0|0|0|0|0|0|0|0|0|0|0|0|0|0|0|0|0|0|0|0|0|0|0|0|0|0|0|0
DHCST|NY|000|05|0214005|102|102|102|0|0|102|28|57|2|1|0|6|8|102|92|10|102|92|28|57|2|1|0|0|4|10|0|0|0|0|0|6|4|112|34|61|4|3|0|10|112|98|30|61|4|3|0|0|14|4|0|0|0|0|10|102|94|28|57|2|1|0|6|8|6|0|0|0|0|4|2|0|0|0|0|0|0|0|0|0|2|0|2|0|0|0|0|0|0|0|0|0|0|0|0|0|0|0|0|0|0|0|0|0|0|0|0|0|0|0|0|0|0|0|0|0|0|0|0|0|0|0|0|0|0|0|102|10|92|88|28|57|2|1|0|0|4|2|0|0|0|0|0|2|0|0|0|0|0|0|0|0|0|2|0|2|0|0|0|0|0|0|0|0|0|0|0|0|0|0|0|0|0|0|0|0|0|0|0|0|0|0|0|0|0|0|0|0|0|0|0|0|0|0|0|0|0|0|0
DHCST|NY|000|05|0214006|146|146|146|0|0|146|39|82|3|0|0|9|13|146|116|30|146|116|31|72|3|0|0|0|10|30|8|10|0|0|0|9|3|160|52|89|6|0|0|13|160|127|41|79|6|0|0|1|33|11|10|0|0|0|12|146|133|39|82|3|0|0|9|13|12|7|2|0|0|3|0|0|0|0|0|0|0|0|0|0|1|0|0|0|0|0|0|1|0|0|0|0|0|0|0|0|0|0|0|0|0|0|0|0|0|0|0|0|0|0|0|0|0|0|0|0|0|0|0|0|0|0|0|0|0|0|146|30|116|106|31|72|3|0|0|0|10|9|7|2|0|0|0|0|0|0|0|0|0|0|0|0|0|1|0|0|0|0|0|0|1|0|0|0|0|0|0|0|0|0|0|0|0|0|0|0|0|0|0|0|0|0|0|0|0|0|0|0|0|0|0|0|0|0|0|0|0|0|0
DHCST|NY|000|05|0214007|96|96|96|0|0|96|13|59|1|0|0|7|16|96|72|24|96|72|10|55|0|0|0|0|7|24|3|4|1|0|0|7|9|112|29|66|1|0|0|16|112|79|17|62|0|0|0|0|33|12|4|1|0|0|16|96|80|13|59|1|0|0|7|16|16|7|0|0|0|9|0|0|0|0|0|0|0|0|0|0|0|0|0|0|0|0|0|0|0|0|0|0|0|0|0|0|0|0|0|0|0|0|0|0|0|0|0|0|0|0|0|0|0|0|0|0|0|0|0|0|0|0|0|0|0|0|96|24|72|65|10|55|0|0|0|0|7|7|7|0|0|0|0|0|0|0|0|0|0|0|0|0|0|0|0|0|0|0|0|0|0|0|0|0|0|0|0|0|0|0|0|0|0|0|0|0|0|0|0|0|0|0|0|0|0|0|0|0|0|0|0|0|0|0|0|0|0|0|0
DHCST|NY|000|05|0214008|98|98|98|0|0|98|19|60|0|0|0|10|9|98|79|19|98|79|19|56|0|0|0|0|4|19|0|4|0|0|0|10|5|115|27|67|4|2|0|15|115|83|23|58|2|0|0|0|32|4|9|2|2|0|15|98|89|19|60|0|0|0|10|9|5|2|2|0|0|0|0|0|0|1|0|0|0|0|0|0|2|0|0|0|2|0|0|0|0|0|0|0|0|0|0|0|0|0|0|0|0|0|0|0|0|0|0|0|0|0|0|0|0|0|0|0|0|2|0|2|0|0|0|0|0|0|98|19|79|75|19|56|0|0|0|0|4|4|2|2|0|0|0|0|0|0|0|0|0|0|0|0|0|0|0|0|0|0|0|0|0|0|0|0|0|0|0|0|0|0|0|0|0|0|0|0|0|0|0|0|0|0|0|0|0|0|0|0|0|0|0|0|0|0|0|0|0|0|0
DHCST|NY|000|05|0214009|37|37|37|0|0|37|2|31|0|0|0|0|4|37|26|11|37|26|0|24|0|0|0|0|2|11|2|7|0|0|0|0|2|47|6|35|4|1|0|1|47|30|2|26|2|0|0|0|17|4|9|2|1|0|1|37|33|2|31|0|0|0|0|4|0|0|0|0|0|0|0|0|0|0|0|0|0|0|0|0|3|3|0|0|0|0|0|0|0|0|0|0|0|0|0|0|0|0|0|0|0|0|0|0|0|0|0|0|0|0|0|0|0|0|0|0|0|1|0|1|0|0|0|0|0|0|37|11|26|24|0|24|0|0|0|0|2|0|0|0|0|0|0|0|0|0|0|0|0|0|0|0|0|2|2|0|0|0|0|0|0|0|0|0|0|0|0|0|0|0|0|0|0|0|0|0|0|0|0|0|0|0|0|0|0|0|0|0|0|0|0|0|0|0|0|0|0|0|0
DHCST|NY|000|05|0214010|32|32|32|0|0|32|2|16|1|0|0|0|13|32|29|3|32|29|2|16|1|0|0|0|10|3|0|0|0|0|0|0|3|45|10|24|7|0|0|4|45|39|10|21|4|0|0|4|6|0|3|3|0|0|0|32|19|2|16|1|0|0|0|13|13|3|1|0|0|4|5|0|0|0|0|0|0|0|0|0|0|0|0|0|0|0|0|0|0|0|0|0|0|0|0|0|0|0|0|0|0|0|0|0|0|0|0|0|0|0|0|0|0|0|0|0|0|0|0|0|0|0|0|0|0|0|32|3|29|19|2|16|1|0|0|0|10|10|3|1|0|0|4|2|0|0|0|0|0|0|0|0|0|0|0|0|0|0|0|0|0|0|0|0|0|0|0|0|0|0|0|0|0|0|0|0|0|0|0|0|0|0|0|0|0|0|0|0|0|0|0|0|0|0|0|0|0|0|0
DHCST|NY|000|05|0214011|79|79|79|0|0|79|10|66|0|0|0|1|2|79|73|6|79|73|5|66|0|0|0|0|2|6|5|0|0|0|0|1|0|81|12|68|0|0|0|1|81|75|7|68|0|0|0|0|6|5|0|0|0|0|1|79|77|10|66|0|0|0|1|2|2|2|0|0|0|0|0|0|0|0|0|0|0|0|0|0|0|0|0|0|0|0|0|0|0|0|0|0|0|0|0|0|0|0|0|0|0|0|0|0|0|0|0|0|0|0|0|0|0|0|0|0|0|0|0|0|0|0|0|0|0|0|79|6|73|71|5|66|0|0|0|0|2|2|2|0|0|0|0|0|0|0|0|0|0|0|0|0|0|0|0|0|0|0|0|0|0|0|0|0|0|0|0|0|0|0|0|0|0|0|0|0|0|0|0|0|0|0|0|0|0|0|0|0|0|0|0|0|0|0|0|0|0|0|0
DHCST|NY|000|05|0214012|75|75|75|0|0|75|4|60|0|0|1|6|4|75|67|8|75|67|3|60|0|0|1|0|3|8|1|0|0|0|0|6|1|79|7|61|0|3|1|7|79|70|6|61|0|2|1|0|9|1|0|0|1|0|7|75|71|4|60|0|0|1|6|4|4|1|0|2|0|0|0|0|0|0|0|0|0|0|1|0|0|0|0|0|0|0|0|0|0|0|0|0|0|0|0|0|0|0|0|0|0|0|0|0|0|0|0|0|0|0|0|0|0|0|0|0|0|0|0|0|0|0|0|0|0|0|75|8|67|64|3|60|0|0|1|0|3|3|1|0|2|0|0|0|0|0|0|0|0|0|0|0|0|0|0|0|0|0|0|0|0|0|0|0|0|0|0|0|0|0|0|0|0|0|0|0|0|0|0|0|0|0|0|0|0|0|0|0|0|0|0|0|0|0|0|0|0|0|0
DHCST|NY|000|05|0214013|35|35|35|0|0|35|1|29|0|0|0|0|5|35|34|1|35|34|1|29|0|0|0|0|4|1|0|0|0|0|0|0|1|41|6|33|1|0|0|1|41|39|5|33|1|0|0|0|2|1|0|0|0|0|1|35|30|1|29|0|0|0|0|5|4|3|0|0|0|1|0|0|0|0|0|0|0|0|0|0|1|1|0|0|0|0|0|0|0|0|0|0|0|0|0|0|0|0|0|0|0|0|0|0|0|0|0|0|0|0|0|0|0|0|0|0|0|0|0|0|0|0|0|0|0|0|35|1|34|30|1|29|0|0|0|0|4|3|3|0|0|0|0|0|0|0|0|0|0|0|0|0|0|1|1|0|0|0|0|0|0|0|0|0|0|0|0|0|0|0|0|0|0|0|0|0|0|0|0|0|0|0|0|0|0|0|0|0|0|0|0|0|0|0|0|0|0|0|0
DHCST|NY|000|05|0214014|63|63|63|0|0|63|4|51|3|0|0|1|4|63|57|6|63|57|4|50|0|0|0|0|3|6|0|1|3|0|0|1|1|69|7|55|6|0|0|1|69|62|6|53|3|0|0|0|7|1|2|3|0|0|1|63|59|4|51|3|0|0|1|4|2|1|0|0|0|0|1|0|0|0|0|0|0|0|0|0|2|2|0|0|0|0|0|0|0|0|0|0|0|0|0|0|0|0|0|0|0|0|0|0|0|0|0|0|0|0|0|0|0|0|0|0|0|0|0|0|0|0|0|0|0|0|63|6|57|54|4|50|0|0|0|0|3|1|0|0|0|0|0|1|0|0|0|0|0|0|0|0|0|2|2|0|0|0|0|0|0|0|0|0|0|0|0|0|0|0|0|0|0|0|0|0|0|0|0|0|0|0|0|0|0|0|0|0|0|0|0|0|0|0|0|0|0|0|0
DHCST|NY|000|05|0214015|94|94|94|0|0|94|13|60|0|0|0|17|4|94|68|26|94|68|6|60|0|0|0|0|2|26|7|0|0|0|0|17|2|100|17|62|2|0|0|19|100|72|8|62|2|0|0|0|28|9|0|0|0|0|19|94|90|13|60|0|0|0|17|4|2|0|0|0|0|2|0|0|0|0|0|0|0|0|0|0|2|2|0|0|0|0|0|0|0|0|0|0|0|0|0|0|0|0|0|0|0|0|0|0|0|0|0|0|0|0|0|0|0|0|0|0|0|0|0|0|0|0|0|0|0|0|94|26|68|66|6|60|0|0|0|0|2|0|0|0|0|0|0|0|0|0|0|0|0|0|0|0|0|2|2|0|0|0|0|0|0|0|0|0|0|0|0|0|0|0|0|0|0|0|0|0|0|0|0|0|0|0|0|0|0|0|0|0|0|0|0|0|0|0|0|0|0|0|0
DHCST|NY|000|05|0214016|87|87|87|0|0|87|17|53|0|0|0|9|8|87|64|23|87|64|10|51|0|0|0|0|3|23|7|2|0|0|0|9|5|95|20|61|0|0|0|14|95|67|13|54|0|0|0|0|28|7|7|0|0|0|14|87|79|17|53|0|0|0|9|8|8|3|0|0|0|0|0|0|0|5|0|0|0|0|0|0|0|0|0|0|0|0|0|0|0|0|0|0|0|0|0|0|0|0|0|0|0|0|0|0|0|0|0|0|0|0|0|0|0|0|0|0|0|0|0|0|0|0|0|0|0|0|87|23|64|61|10|51|0|0|0|0|3|3|3|0|0|0|0|0|0|0|0|0|0|0|0|0|0|0|0|0|0|0|0|0|0|0|0|0|0|0|0|0|0|0|0|0|0|0|0|0|0|0|0|0|0|0|0|0|0|0|0|0|0|0|0|0|0|0|0|0|0|0|0
DHCST|NY|000|05|0214017|75|75|75|0|0|75|6|46|0|0|0|4|19|75|64|11|75|64|6|45|0|0|0|1|12|11|0|1|0|0|0|3|7|94|23|58|2|0|0|11|94|76|16|57|2|0|0|1|18|7|1|0|0|0|10|75|56|6|46|0|0|0|4|19|19|10|0|0|0|7|2|0|0|0|0|0|0|0|0|0|0|0|0|0|0|0|0|0|0|0|0|0|0|0|0|0|0|0|0|0|0|0|0|0|0|0|0|0|0|0|0|0|0|0|0|0|0|0|0|0|0|0|0|0|0|0|75|11|64|52|6|45|0|0|0|1|12|12|10|0|0|0|0|2|0|0|0|0|0|0|0|0|0|0|0|0|0|0|0|0|0|0|0|0|0|0|0|0|0|0|0|0|0|0|0|0|0|0|0|0|0|0|0|0|0|0|0|0|0|0|0|0|0|0|0|0|0|0|0
DHCST|NY|000|05|0214018|60|60|60|0|0|60|4|44|0|0|0|8|4|60|52|8|60|52|4|44|0|0|0|0|4|8|0|0|0|0|0|8|0|64|6|48|0|2|0|8|64|56|6|48|0|2|0|0|8|0|0|0|0|0|8|60|56|4|44|0|0|0|8|4|4|2|0|0|0|0|0|2|0|0|0|0|0|0|0|0|0|0|0|0|0|0|0|0|0|0|0|0|0|0|0|0|0|0|0|0|0|0|0|0|0|0|0|0|0|0|0|0|0|0|0|0|0|0|0|0|0|0|0|0|0|0|60|8|52|48|4|44|0|0|0|0|4|4|2|0|0|0|0|0|2|0|0|0|0|0|0|0|0|0|0|0|0|0|0|0|0|0|0|0|0|0|0|0|0|0|0|0|0|0|0|0|0|0|0|0|0|0|0|0|0|0|0|0|0|0|0|0|0|0|0|0|0|0|0
DHCST|NY|000|05|0214019|55|55|55|0|0|55|6|40|0|0|0|4|5|55|49|6|55|49|6|40|0|0|0|0|3|6|0|0|0|0|0|4|2|61|8|45|1|0|1|6|61|53|8|43|1|0|1|0|8|0|2|0|0|0|6|55|50|6|40|0|0|0|4|5|4|1|0|0|0|0|1|0|0|2|0|0|0|0|0|0|1|0|0|1|0|0|0|0|0|0|0|0|0|0|0|0|0|0|0|0|0|0|0|0|0|0|0|0|0|0|0|0|0|0|0|0|0|0|0|0|0|0|0|0|0|0|55|6|49|46|6|40|0|0|0|0|3|2|1|0|0|0|0|1|0|0|0|0|0|0|0|0|0|1|0|0|1|0|0|0|0|0|0|0|0|0|0|0|0|0|0|0|0|0|0|0|0|0|0|0|0|0|0|0|0|0|0|0|0|0|0|0|0|0|0|0|0|0|0
DHCST|NY|000|05|0214020|38|38|38|0|0|38|2|30|1|0|0|0|5|38|35|3|38|35|0|30|1|0|0|0|4|3|2|0|0|0|0|0|1|43|3|35|5|0|0|0|43|39|0|34|5|0|0|0|4|3|1|0|0|0|0|38|33|2|30|1|0|0|0|5|5|1|0|0|0|0|4|0|0|0|0|0|0|0|0|0|0|0|0|0|0|0|0|0|0|0|0|0|0|0|0|0|0|0|0|0|0|0|0|0|0|0|0|0|0|0|0|0|0|0|0|0|0|0|0|0|0|0|0|0|0|0|38|3|35|31|0|30|1|0|0|0|4|4|0|0|0|0|0|4|0|0|0|0|0|0|0|0|0|0|0|0|0|0|0|0|0|0|0|0|0|0|0|0|0|0|0|0|0|0|0|0|0|0|0|0|0|0|0|0|0|0|0|0|0|0|0|0|0|0|0|0|0|0|0
DHCST|NY|000|05|0214021|72|72|72|0|0|72|7|55|0|0|0|8|2|72|63|9|72|63|6|53|0|0|0|2|2|9|1|2|0|0|0|6|0|74|9|55|2|0|0|8|74|65|8|53|2|0|0|2|9|1|2|0|0|0|6|72|70|7|55|0|0|0|8|2|2|0|2|0|0|0|0|0|0|0|0|0|0|0|0|0|0|0|0|0|0|0|0|0|0|0|0|0|0|0|0|0|0|0|0|0|0|0|0|0|0|0|0|0|0|0|0|0|0|0|0|0|0|0|0|0|0|0|0|0|0|0|72|9|63|61|6|53|0|0|0|2|2|2|0|2|0|0|0|0|0|0|0|0|0|0|0|0|0|0|0|0|0|0|0|0|0|0|0|0|0|0|0|0|0|0|0|0|0|0|0|0|0|0|0|0|0|0|0|0|0|0|0|0|0|0|0|0|0|0|0|0|0|0|0
DHCST|NY|000|05|0214022|13|13|13|0|0|13|0|7|0|1|0|0|5|13|13|0|13|13|0|7|0|1|0|0|5|0|0|0|0|0|0|0|0|18|3|12|2|1|0|0|18|18|3|12|2|1|0|0|0|0|0|0|0|0|0|13|8|0|7|0|1|0|0|5|5|3|0|0|0|0|2|0|0|0|0|0|0|0|0|0|0|0|0|0|0|0|0|0|0|0|0|0|0|0|0|0|0|0|0|0|0|0|0|0|0|0|0|0|0|0|0|0|0|0|0|0|0|0|0|0|0|0|0|0|0|0|13|0|13|8|0|7|0|1|0|0|5|5|3|0|0|0|0|2|0|0|0|0|0|0|0|0|0|0|0|0|0|0|0|0|0|0|0|0|0|0|0|0|0|0|0|0|0|0|0|0|0|0|0|0|0|0|0|0|0|0|0|0|0|0|0|0|0|0|0|0|0|0|0
DHCST|NY|000|05|0214023|14|14|14|0|0|14|2|6|1|0|0|2|3|14|12|2|14|12|2|6|1|0|0|0|3|2|0|0|0|0|0|2|0|17|4|9|1|0|0|3|17|15|4|9|1|0|0|1|2|0|0|0|0|0|2|14|11|2|6|1|0|0|2|3|3|2|0|0|0|0|0|0|0|1|0|0|0|0|0|0|0|0|0|0|0|0|0|0|0|0|0|0|0|0|0|0|0|0|0|0|0|0|0|0|0|0|0|0|0|0|0|0|0|0|0|0|0|0|0|0|0|0|0|0|0|0|14|2|12|9|2|6|1|0|0|0|3|3|2|0|0|0|0|0|0|0|1|0|0|0|0|0|0|0|0|0|0|0|0|0|0|0|0|0|0|0|0|0|0|0|0|0|0|0|0|0|0|0|0|0|0|0|0|0|0|0|0|0|0|0|0|0|0|0|0|0|0|0|0
DHCST|NY|000|05|0214024|41|41|41|0|0|41|12|20|0|0|0|1|8|41|38|3|41|38|12|18|0|0|0|0|8|3|0|2|0|0|0|1|0|50|20|28|1|0|0|1|50|47|20|26|1|0|0|0|3|0|2|0|0|0|1|41|33|12|20|0|0|0|1|8|7|7|0|0|0|0|0|0|0|0|0|0|0|0|0|0|1|1|0|0|0|0|0|0|0|0|0|0|0|0|0|0|0|0|0|0|0|0|0|0|0|0|0|0|0|0|0|0|0|0|0|0|0|0|0|0|0|0|0|0|0|0|41|3|38|30|12|18|0|0|0|0|8|7|7|0|0|0|0|0|0|0|0|0|0|0|0|0|0|1|1|0|0|0|0|0|0|0|0|0|0|0|0|0|0|0|0|0|0|0|0|0|0|0|0|0|0|0|0|0|0|0|0|0|0|0|0|0|0|0|0|0|0|0|0
DHCST|NY|000|05|0214025|41|41|41|0|0|41|3|27|0|0|0|0|11|41|41|0|41|41|3|27|0|0|0|0|11|0|0|0|0|0|0|0|0|52|14|38|0|0|0|0|52|52|14|38|0|0|0|0|0|0|0|0|0|0|0|41|30|3|27|0|0|0|0|11|11|11|0|0|0|0|0|0|0|0|0|0|0|0|0|0|0|0|0|0|0|0|0|0|0|0|0|0|0|0|0|0|0|0|0|0|0|0|0|0|0|0|0|0|0|0|0|0|0|0|0|0|0|0|0|0|0|0|0|0|0|0|41|0|41|30|3|27|0|0|0|0|11|11|11|0|0|0|0|0|0|0|0|0|0|0|0|0|0|0|0|0|0|0|0|0|0|0|0|0|0|0|0|0|0|0|0|0|0|0|0|0|0|0|0|0|0|0|0|0|0|0|0|0|0|0|0|0|0|0|0|0|0|0|0
DHCST|NY|000|05|0214026|36|36|36|0|0|36|0|20|0|1|0|6|9|36|27|9|36|27|0|20|0|1|0|0|6|9|0|0|0|0|0|6|3|47|9|24|1|2|0|11|47|33|6|24|0|1|0|2|14|3|0|1|1|0|9|36|27|0|20|0|1|0|6|9|8|4|0|0|0|4|0|0|0|0|0|0|0|0|0|0|0|0|0|0|0|0|0|0|0|0|0|0|0|0|0|0|0|0|0|0|0|1|0|0|0|0|0|0|0|1|0|0|0|0|0|0|0|0|0|0|0|0|0|0|0|0|36|9|27|21|0|20|0|1|0|0|6|6|4|0|0|0|2|0|0|0|0|0|0|0|0|0|0|0|0|0|0|0|0|0|0|0|0|0|0|0|0|0|0|0|0|0|0|0|0|0|0|0|0|0|0|0|0|0|0|0|0|0|0|0|0|0|0|0|0|0|0|0|0
DHCST|NY|000|05|0214027|34|34|34|0|0|34|0|18|0|2|0|2|12|34|32|2|34|32|0|18|0|2|0|2|10|2|0|0|0|0|0|0|2|47|10|28|2|3|0|4|47|43|8|27|2|3|0|3|4|2|1|0|0|0|1|34|22|0|18|0|2|0|2|12|11|8|0|0|0|1|2|0|0|0|0|0|0|0|0|0|1|0|0|0|0|0|0|0|0|1|0|0|0|0|0|0|0|0|0|0|0|0|0|0|0|0|0|0|0|0|0|0|0|0|0|0|0|0|0|0|0|0|0|0|0|0|34|2|32|22|0|18|0|2|0|2|10|9|7|0|0|0|0|2|0|0|0|0|0|0|0|0|0|1|0|0|0|0|0|0|0|0|1|0|0|0|0|0|0|0|0|0|0|0|0|0|0|0|0|0|0|0|0|0|0|0|0|0|0|0|0|0|0|0|0|0|0|0|0
DHCST|NY|000|05|0214028|54|54|54|0|0|54|5|42|0|0|0|2|5|54|47|7|54|47|5|41|0|0|0|0|1|7|0|1|0|0|0|2|4|61|8|45|0|1|1|6|61|48|6|42|0|0|0|0|13|2|3|0|1|1|6|54|49|5|42|0|0|0|2|5|4|1|0|0|0|1|0|0|0|2|0|0|0|0|0|0|0|0|0|0|0|0|0|0|0|0|0|0|0|0|0|0|0|0|0|0|0|1|0|0|0|0|0|0|0|0|0|1|0|0|0|0|0|0|0|0|0|0|0|0|0|0|54|7|47|46|5|41|0|0|0|0|1|1|1|0|0|0|0|0|0|0|0|0|0|0|0|0|0|0|0|0|0|0|0|0|0|0|0|0|0|0|0|0|0|0|0|0|0|0|0|0|0|0|0|0|0|0|0|0|0|0|0|0|0|0|0|0|0|0|0|0|0|0|0
DHCST|NY|000|05|0214029|36|36|36|0|0|36|2|34|0|0|0|0|0|36|33|3|36|33|0|33|0|0|0|0|0|3|2|1|0|0|0|0|0|36|2|34|0|0|0|0|36|33|0|33|0|0|0|0|3|2|1|0|0|0|0|36|36|2|34|0|0|0|0|0|0|0|0|0|0|0|0|0|0|0|0|0|0|0|0|0|0|0|0|0|0|0|0|0|0|0|0|0|0|0|0|0|0|0|0|0|0|0|0|0|0|0|0|0|0|0|0|0|0|0|0|0|0|0|0|0|0|0|0|0|0|0|36|3|33|33|0|33|0|0|0|0|0|0|0|0|0|0|0|0|0|0|0|0|0|0|0|0|0|0|0|0|0|0|0|0|0|0|0|0|0|0|0|0|0|0|0|0|0|0|0|0|0|0|0|0|0|0|0|0|0|0|0|0|0|0|0|0|0|0|0|0|0|0|0
DHCST|NY|000|05|0214030|23|23|23|0|0|23|3|8|1|0|0|8|3|23|16|7|23|16|2|5|1|0|0|5|3|7|1|3|0|0|0|3|0|26|6|10|1|0|0|9|26|19|5|7|1|0|0|6|7|1|3|0|0|0|3|23|20|3|8|1|0|0|8|3|3|2|0|0|0|1|0|0|0|0|0|0|0|0|0|0|0|0|0|0|0|0|0|0|0|0|0|0|0|0|0|0|0|0|0|0|0|0|0|0|0|0|0|0|0|0|0|0|0|0|0|0|0|0|0|0|0|0|0|0|0|0|23|7|16|13|2|5|1|0|0|5|3|3|2|0|0|0|1|0|0|0|0|0|0|0|0|0|0|0|0|0|0|0|0|0|0|0|0|0|0|0|0|0|0|0|0|0|0|0|0|0|0|0|0|0|0|0|0|0|0|0|0|0|0|0|0|0|0|0|0|0|0|0|0
DHCST|NY|000|05|0214031|32|32|32|0|0|32|5|19|0|0|0|0|8|32|23|9|32|23|1|18|0|0|0|0|4|9|4|1|0|0|0|0|4|40|10|26|0|0|0|4|40|27|5|22|0|0|0|0|13|5|4|0|0|0|4|32|24|5|19|0|0|0|0|8|8|4|0|0|0|1|0|0|0|3|0|0|0|0|0|0|0|0|0|0|0|0|0|0|0|0|0|0|0|0|0|0|0|0|0|0|0|0|0|0|0|0|0|0|0|0|0|0|0|0|0|0|0|0|0|0|0|0|0|0|0|0|32|9|23|19|1|18|0|0|0|0|4|4|4|0|0|0|0|0|0|0|0|0|0|0|0|0|0|0|0|0|0|0|0|0|0|0|0|0|0|0|0|0|0|0|0|0|0|0|0|0|0|0|0|0|0|0|0|0|0|0|0|0|0|0|0|0|0|0|0|0|0|0|0
DHCST|NY|000|05|0214032|0|0|0|0|0|0|0|0|0|0|0|0|0|0|0|0|0|0|0|0|0|0|0|0|0|0|0|0|0|0|0|0|0|0|0|0|0|0|0|0|0|0|0|0|0|0|0|0|0|0|0|0|0|0|0|0|0|0|0|0|0|0|0|0|0|0|0|0|0|0|0|0|0|0|0|0|0|0|0|0|0|0|0|0|0|0|0|0|0|0|0|0|0|0|0|0|0|0|0|0|0|0|0|0|0|0|0|0|0|0|0|0|0|0|0|0|0|0|0|0|0|0|0|0|0|0|0|0|0|0|0|0|0|0|0|0|0|0|0|0|0|0|0|0|0|0|0|0|0|0|0|0|0|0|0|0|0|0|0|0|0|0|0|0|0|0|0|0|0|0|0|0|0|0|0|0|0|0|0|0|0|0|0|0|0|0|0|0|0|0|0|0|0|0|0|0|0|0|0
DHCST|NY|000|05|0214033|39|39|39|0|0|39|11|19|0|0|0|1|8|39|30|9|39|30|11|15|0|0|0|0|4|9|0|4|0|0|0|1|4|48|18|27|0|1|1|1|48|34|15|19|0|0|0|0|14|3|8|0|1|1|1|39|31|11|19|0|0|0|1|8|7|7|0|0|0|0|0|0|0|0|0|0|0|0|0|0|1|0|0|0|0|0|0|0|0|0|0|0|0|0|1|0|0|0|0|0|0|0|0|0|0|0|0|0|0|0|0|0|0|0|0|0|0|0|0|0|0|0|0|0|0|0|39|9|30|26|11|15|0|0|0|0|4|4|4|0|0|0|0|0|0|0|0|0|0|0|0|0|0|0|0|0|0|0|0|0|0|0|0|0|0|0|0|0|0|0|0|0|0|0|0|0|0|0|0|0|0|0|0|0|0|0|0|0|0|0|0|0|0|0|0|0|0|0|0
DHCST|NY|000|05|0214034|87|87|87|0|0|87|12|71|0|0|0|0|4|87|81|6|87|81|10|69|0|0|0|0|2|6|2|2|0|0|0|0|2|92|14|74|0|1|0|3|92|84|12|70|0|1|0|1|8|2|4|0|0|0|2|87|83|12|71|0|0|0|0|4|3|1|0|0|0|0|0|0|0|2|0|0|0|0|0|0|1|0|0|0|0|0|0|0|0|1|0|0|0|0|0|0|0|0|0|0|0|0|0|0|0|0|0|0|0|0|0|0|0|0|0|0|0|0|0|0|0|0|0|0|0|0|87|6|81|79|10|69|0|0|0|0|2|1|1|0|0|0|0|0|0|0|0|0|0|0|0|0|0|1|0|0|0|0|0|0|0|0|1|0|0|0|0|0|0|0|0|0|0|0|0|0|0|0|0|0|0|0|0|0|0|0|0|0|0|0|0|0|0|0|0|0|0|0|0
DHCST|NY|000|05|0214035|68|68|68|0|0|68|0|58|0|0|0|7|3|68|63|5|68|63|0|58|0|0|0|4|1|5|0|0|0|0|0|3|2|72|3|59|1|0|0|9|72|65|1|59|1|0|0|4|7|2|0|0|0|0|5|68|65|0|58|0|0|0|7|3|2|0|0|0|0|2|0|0|0|0|0|0|0|0|0|0|1|1|0|0|0|0|0|0|0|0|0|0|0|0|0|0|0|0|0|0|0|0|0|0|0|0|0|0|0|0|0|0|0|0|0|0|0|0|0|0|0|0|0|0|0|0|68|5|63|62|0|58|0|0|0|4|1|0|0|0|0|0|0|0|0|0|0|0|0|0|0|0|0|1|1|0|0|0|0|0|0|0|0|0|0|0|0|0|0|0|0|0|0|0|0|0|0|0|0|0|0|0|0|0|0|0|0|0|0|0|0|0|0|0|0|0|0|0|0
DHCST|NY|000|05|0214036|79|79|79|0|0|79|6|69|0|0|0|2|2|79|62|17|79|62|6|53|0|0|0|2|1|17|0|16|0|0|0|0|1|82|8|71|0|0|0|3|82|63|7|54|0|0|0|2|19|1|17|0|0|0|1|79|77|6|69|0|0|0|2|2|1|1|0|0|0|0|0|0|0|0|0|0|0|0|0|0|1|0|0|0|1|0|0|0|0|0|0|0|0|0|0|0|0|0|0|0|0|0|0|0|0|0|0|0|0|0|0|0|0|0|0|0|0|0|0|0|0|0|0|0|0|0|79|17|62|61|6|53|0|0|0|2|1|1|1|0|0|0|0|0|0|0|0|0|0|0|0|0|0|0|0|0|0|0|0|0|0|0|0|0|0|0|0|0|0|0|0|0|0|0|0|0|0|0|0|0|0|0|0|0|0|0|0|0|0|0|0|0|0|0|0|0|0|0|0
DHCST|NY|000|05|0214037|38|38|38|0|0|38|10|28|0|0|0|0|0|38|28|10|38|28|2|26|0|0|0|0|0|10|8|2|0|0|0|0|0|38|10|28|0|0|0|0|38|28|2|26|0|0|0|0|10|8|2|0|0|0|0|38|38|10|28|0|0|0|0|0|0|0|0|0|0|0|0|0|0|0|0|0|0|0|0|0|0|0|0|0|0|0|0|0|0|0|0|0|0|0|0|0|0|0|0|0|0|0|0|0|0|0|0|0|0|0|0|0|0|0|0|0|0|0|0|0|0|0|0|0|0|0|38|10|28|28|2|26|0|0|0|0|0|0|0|0|0|0|0|0|0|0|0|0|0|0|0|0|0|0|0|0|0|0|0|0|0|0|0|0|0|0|0|0|0|0|0|0|0|0|0|0|0|0|0|0|0|0|0|0|0|0|0|0|0|0|0|0|0|0|0|0|0|0|0
DHCST|NY|000|05|0214038|0|0|0|0|0|0|0|0|0|0|0|0|0|0|0|0|0|0|0|0|0|0|0|0|0|0|0|0|0|0|0|0|0|0|0|0|0|0|0|0|0|0|0|0|0|0|0|0|0|0|0|0|0|0|0|0|0|0|0|0|0|0|0|0|0|0|0|0|0|0|0|0|0|0|0|0|0|0|0|0|0|0|0|0|0|0|0|0|0|0|0|0|0|0|0|0|0|0|0|0|0|0|0|0|0|0|0|0|0|0|0|0|0|0|0|0|0|0|0|0|0|0|0|0|0|0|0|0|0|0|0|0|0|0|0|0|0|0|0|0|0|0|0|0|0|0|0|0|0|0|0|0|0|0|0|0|0|0|0|0|0|0|0|0|0|0|0|0|0|0|0|0|0|0|0|0|0|0|0|0|0|0|0|0|0|0|0|0|0|0|0|0|0|0|0|0|0|0|0
DHCST|NY|000|05|0214039|65|65|65|0|0|65|2|52|0|0|0|6|5|65|57|8|65|57|1|52|0|0|0|0|4|8|1|0|0|0|0|6|1|70|7|54|0|0|0|9|70|61|5|54|0|0|0|2|9|2|0|0|0|0|7|65|60|2|52|0|0|0|6|5|5|2|0|0|0|3|0|0|0|0|0|0|0|0|0|0|0|0|0|0|0|0|0|0|0|0|0|0|0|0|0|0|0|0|0|0|0|0|0|0|0|0|0|0|0|0|0|0|0|0|0|0|0|0|0|0|0|0|0|0|0|0|65|8|57|53|1|52|0|0|0|0|4|4|2|0|0|0|2|0|0|0|0|0|0|0|0|0|0|0|0|0|0|0|0|0|0|0|0|0|0|0|0|0|0|0|0|0|0|0|0|0|0|0|0|0|0|0|0|0|0|0|0|0|0|0|0|0|0|0|0|0|0|0|0
DHCST|NY|000|05|0214040|44|44|44|0|0|44|0|34|0|0|0|3|7|44|42|2|44|42|0|34|0|0|0|1|7|2|0|0|0|0|0|2|0|51|7|40|0|0|0|4|51|49|7|40|0|0|0|2|2|0|0|0|0|0|2|44|37|0|34|0|0|0|3|7|7|6|0|0|0|1|0|0|0|0|0|0|0|0|0|0|0|0|0|0|0|0|0|0|0|0|0|0|0|0|0|0|0|0|0|0|0|0|0|0|0|0|0|0|0|0|0|0|0|0|0|0|0|0|0|0|0|0|0|0|0|0|44|2|42|35|0|34|0|0|0|1|7|7|6|0|0|0|1|0|0|0|0|0|0|0|0|0|0|0|0|0|0|0|0|0|0|0|0|0|0|0|0|0|0|0|0|0|0|0|0|0|0|0|0|0|0|0|0|0|0|0|0|0|0|0|0|0|0|0|0|0|0|0|0
DHCST|NY|000|05|0214041|172|172|172|0|0|172|9|157|1|0|0|0|5|172|164|8|172|164|9|153|0|0|0|0|2|8|0|4|1|0|0|0|3|179|14|158|3|0|1|3|179|166|11|153|0|0|0|2|13|3|5|3|0|1|1|172|167|9|157|1|0|0|0|5|4|0|1|0|0|3|0|0|0|0|0|0|0|0|0|0|0|0|0|0|0|0|0|0|0|0|0|0|0|0|0|0|0|0|0|0|0|1|0|1|0|0|0|0|0|0|0|0|0|0|0|0|0|0|0|0|0|0|0|0|0|0|172|8|164|162|9|153|0|0|0|0|2|2|0|0|0|0|2|0|0|0|0|0|0|0|0|0|0|0|0|0|0|0|0|0|0|0|0|0|0|0|0|0|0|0|0|0|0|0|0|0|0|0|0|0|0|0|0|0|0|0|0|0|0|0|0|0|0|0|0|0|0|0|0
DHCST|NY|000|05|0214042|63|63|63|0|0|63|4|53|2|0|0|2|2|63|59|4|63|59|4|52|2|0|0|0|1|4|0|1|0|0|0|2|1|65|5|55|2|0|0|3|65|60|5|53|2|0|0|0|5|0|2|0|0|0|3|63|61|4|53|2|0|0|2|2|2|1|0|0|0|0|0|0|0|1|0|0|0|0|0|0|0|0|0|0|0|0|0|0|0|0|0|0|0|0|0|0|0|0|0|0|0|0|0|0|0|0|0|0|0|0|0|0|0|0|0|0|0|0|0|0|0|0|0|0|0|0|63|4|59|58|4|52|2|0|0|0|1|1|1|0|0|0|0|0|0|0|0|0|0|0|0|0|0|0|0|0|0|0|0|0|0|0|0|0|0|0|0|0|0|0|0|0|0|0|0|0|0|0|0|0|0|0|0|0|0|0|0|0|0|0|0|0|0|0|0|0|0|0|0
DHCST|NY|000|05|0214043|45|45|45|0|0|45|5|23|0|0|0|0|17|45|38|7|45|38|5|23|0|0|0|0|10|7|0|0|0|0|0|0|7|62|15|39|0|1|0|7|62|48|14|32|0|1|0|1|14|1|7|0|0|0|6|45|28|5|23|0|0|0|0|17|17|10|0|0|0|0|0|0|0|6|0|0|0|0|1|0|0|0|0|0|0|0|0|0|0|0|0|0|0|0|0|0|0|0|0|0|0|0|0|0|0|0|0|0|0|0|0|0|0|0|0|0|0|0|0|0|0|0|0|0|0|0|45|7|38|28|5|23|0|0|0|0|10|10|9|0|0|0|0|0|0|0|0|0|0|0|0|1|0|0|0|0|0|0|0|0|0|0|0|0|0|0|0|0|0|0|0|0|0|0|0|0|0|0|0|0|0|0|0|0|0|0|0|0|0|0|0|0|0|0|0|0|0|0|0
DHCST|NY|000|05|0214044|38|38|38|0|0|38|3|33|1|0|0|0|1|38|33|5|38|33|0|32|0|0|0|0|1|5|3|1|1|0|0|0|0|39|3|33|2|0|0|1|39|34|0|32|1|0|0|1|5|3|1|1|0|0|0|38|37|3|33|1|0|0|0|1|1|0|0|0|0|0|0|0|0|0|0|0|1|0|0|0|0|0|0|0|0|0|0|0|0|0|0|0|0|0|0|0|0|0|0|0|0|0|0|0|0|0|0|0|0|0|0|0|0|0|0|0|0|0|0|0|0|0|0|0|0|0|38|5|33|32|0|32|0|0|0|0|1|1|0|0|0|0|0|0|0|0|0|0|0|1|0|0|0|0|0|0|0|0|0|0|0|0|0|0|0|0|0|0|0|0|0|0|0|0|0|0|0|0|0|0|0|0|0|0|0|0|0|0|0|0|0|0|0|0|0|0|0|0|0
DHCST|NY|000|05|0214045|79|79|79|0|0|79|14|60|0|0|0|4|1|79|72|7|79|72|13|58|0|0|0|0|1|7|1|2|0|0|0|4|0|80|15|60|0|0|0|5|80|73|14|58|0|0|0|1|7|1|2|0|0|0|4|79|78|14|60|0|0|0|4|1|1|0|0|0|0|1|0|0|0|0|0|0|0|0|0|0|0|0|0|0|0|0|0|0|0|0|0|0|0|0|0|0|0|0|0|0|0|0|0|0|0|0|0|0|0|0|0|0|0|0|0|0|0|0|0|0|0|0|0|0|0|0|79|7|72|71|13|58|0|0|0|0|1|1|0|0|0|0|1|0|0|0|0|0|0|0|0|0|0|0|0|0|0|0|0|0|0|0|0|0|0|0|0|0|0|0|0|0|0|0|0|0|0|0|0|0|0|0|0|0|0|0|0|0|0|0|0|0|0|0|0|0|0|0|0
DHCST|NY|000|05|0214046|0|0|0|0|0|0|0|0|0|0|0|0|0|0|0|0|0|0|0|0|0|0|0|0|0|0|0|0|0|0|0|0|0|0|0|0|0|0|0|0|0|0|0|0|0|0|0|0|0|0|0|0|0|0|0|0|0|0|0|0|0|0|0|0|0|0|0|0|0|0|0|0|0|0|0|0|0|0|0|0|0|0|0|0|0|0|0|0|0|0|0|0|0|0|0|0|0|0|0|0|0|0|0|0|0|0|0|0|0|0|0|0|0|0|0|0|0|0|0|0|0|0|0|0|0|0|0|0|0|0|0|0|0|0|0|0|0|0|0|0|0|0|0|0|0|0|0|0|0|0|0|0|0|0|0|0|0|0|0|0|0|0|0|0|0|0|0|0|0|0|0|0|0|0|0|0|0|0|0|0|0|0|0|0|0|0|0|0|0|0|0|0|0|0|0|0|0|0|0
DHCST|NY|000|05|0214047|23|23|23|0|0|23|4|14|0|0|0|3|2|23|22|1|23|22|4|14|0|0|0|3|1|1|0|0|0|0|0|0|1|25|5|15|0|0|0|5|25|23|5|14|0|0|0|4|2|0|1|0|0|0|1|23|21|4|14|0|0|0|3|2|2|0|0|0|0|1|0|0|0|1|0|0|0|0|0|0|0|0|0|0|0|0|0|0|0|0|0|0|0|0|0|0|0|0|0|0|0|0|0|0|0|0|0|0|0|0|0|0|0|0|0|0|0|0|0|0|0|0|0|0|0|0|23|1|22|21|4|14|0|0|0|3|1|1|0|0|0|0|1|0|0|0|0|0|0|0|0|0|0|0|0|0|0|0|0|0|0|0|0|0|0|0|0|0|0|0|0|0|0|0|0|0|0|0|0|0|0|0|0|0|0|0|0|0|0|0|0|0|0|0|0|0|0|0|0
DHCST|NY|000|05|0214048|19|19|19|0|0|19|0|14|0|0|0|1|4|19|18|1|19|18|0|14|0|0|0|1|3|1|0|0|0|0|0|0|1|23|1|16|0|2|0|4|23|21|1|15|0|2|0|3|2|0|1|0|0|0|1|19|15|0|14|0|0|0|1|4|4|1|0|0|0|0|0|0|0|1|0|0|0|0|2|0|0|0|0|0|0|0|0|0|0|0|0|0|0|0|0|0|0|0|0|0|0|0|0|0|0|0|0|0|0|0|0|0|0|0|0|0|0|0|0|0|0|0|0|0|0|0|19|1|18|15|0|14|0|0|0|1|3|3|1|0|0|0|0|0|0|0|0|0|0|0|0|2|0|0|0|0|0|0|0|0|0|0|0|0|0|0|0|0|0|0|0|0|0|0|0|0|0|0|0|0|0|0|0|0|0|0|0|0|0|0|0|0|0|0|0|0|0|0|0
DHCST|NY|000|05|0214049|14|14|14|0|0|14|1|13|0|0|0|0|0|14|14|0|14|14|1|13|0|0|0|0|0|0|0|0|0|0|0|0|0|14|1|13|0|0|0|0|14|14|1|13|0|0|0|0|0|0|0|0|0|0|0|14|14|1|13|0|0|0|0|0|0|0|0|0|0|0|0|0|0|0|0|0|0|0|0|0|0|0|0|0|0|0|0|0|0|0|0|0|0|0|0|0|0|0|0|0|0|0|0|0|0|0|0|0|0|0|0|0|0|0|0|0|0|0|0|0|0|0|0|0|0|0|14|0|14|14|1|13|0|0|0|0|0|0|0|0|0|0|0|0|0|0|0|0|0|0|0|0|0|0|0|0|0|0|0|0|0|0|0|0|0|0|0|0|0|0|0|0|0|0|0|0|0|0|0|0|0|0|0|0|0|0|0|0|0|0|0|0|0|0|0|0|0|0|0
DHCST|NY|000|05|0214050|59|59|59|0|0|59|10|37|0|0|0|0|12|59|58|1|59|58|9|37|0|0|0|0|12|1|1|0|0|0|0|0|0|71|19|47|0|3|0|2|71|70|18|47|0|3|0|2|1|1|0|0|0|0|0|59|47|10|37|0|0|0|0|12|12|9|0|0|0|0|0|1|0|0|0|0|0|0|2|0|0|0|0|0|0|0|0|0|0|0|0|0|0|0|0|0|0|0|0|0|0|0|0|0|0|0|0|0|0|0|0|0|0|0|0|0|0|0|0|0|0|0|0|0|0|0|59|1|58|46|9|37|0|0|0|0|12|12|9|0|0|0|0|0|1|0|0|0|0|0|0|2|0|0|0|0|0|0|0|0|0|0|0|0|0|0|0|0|0|0|0|0|0|0|0|0|0|0|0|0|0|0|0|0|0|0|0|0|0|0|0|0|0|0|0|0|0|0|0
DHCST|NY|000|05|0214051|61|61|61|0|0|61|3|52|0|0|0|0|6|61|61|0|61|61|3|52|0|0|0|0|6|0|0|0|0|0|0|0|0|67|7|56|2|0|0|2|67|67|7|56|2|0|0|2|0|0|0|0|0|0|0|61|55|3|52|0|0|0|0|6|6|4|0|0|0|0|0|0|0|0|0|0|2|0|0|0|0|0|0|0|0|0|0|0|0|0|0|0|0|0|0|0|0|0|0|0|0|0|0|0|0|0|0|0|0|0|0|0|0|0|0|0|0|0|0|0|0|0|0|0|0|0|61|0|61|55|3|52|0|0|0|0|6|6|4|0|0|0|0|0|0|0|0|0|0|2|0|0|0|0|0|0|0|0|0|0|0|0|0|0|0|0|0|0|0|0|0|0|0|0|0|0|0|0|0|0|0|0|0|0|0|0|0|0|0|0|0|0|0|0|0|0|0|0|0
DHCST|NY|000|05|0214052|153|153|153|0|0|153|21|113|0|1|0|0|18|153|152|1|153|152|21|112|0|1|0|0|18|1|0|1|0|0|0|0|0|171|31|128|5|1|0|6|171|170|31|127|5|1|0|6|1|0|1|0|0|0|0|153|135|21|113|0|1|0|0|18|18|7|3|0|0|0|2|0|0|6|0|0|0|0|0|0|0|0|0|0|0|0|0|0|0|0|0|0|0|0|0|0|0|0|0|0|0|0|0|0|0|0|0|0|0|0|0|0|0|0|0|0|0|0|0|0|0|0|0|0|0|0|153|1|152|134|21|112|0|1|0|0|18|18|7|3|0|0|0|2|0|0|6|0|0|0|0|0|0|0|0|0|0|0|0|0|0|0|0|0|0|0|0|0|0|0|0|0|0|0|0|0|0|0|0|0|0|0|0|0|0|0|0|0|0|0|0|0|0|0|0|0|0|0|0
DHCST|NY|000|05|0214053|65|65|65|0|0|65|13|49|0|0|0|0|3|65|61|4|65|61|9|49|0|0|0|0|3|4|4|0|0|0|0|0|0|68|13|52|1|0|0|2|68|64|9|52|1|0|0|2|4|4|0|0|0|0|0|65|62|13|49|0|0|0|0|3|3|0|0|0|0|0|1|0|0|2|0|0|0|0|0|0|0|0|0|0|0|0|0|0|0|0|0|0|0|0|0|0|0|0|0|0|0|0|0|0|0|0|0|0|0|0|0|0|0|0|0|0|0|0|0|0|0|0|0|0|0|0|65|4|61|58|9|49|0|0|0|0|3|3|0|0|0|0|0|1|0|0|2|0|0|0|0|0|0|0|0|0|0|0|0|0|0|0|0|0|0|0|0|0|0|0|0|0|0|0|0|0|0|0|0|0|0|0|0|0|0|0|0|0|0|0|0|0|0|0|0|0|0|0|0
DHCST|NY|000|05|0214054|86|86|86|0|0|86|17|52|1|2|0|6|8|86|74|12|86|74|12|52|1|2|0|2|5|12|5|0|0|0|0|4|3|94|23|60|1|3|0|7|94|79|16|57|1|3|0|2|15|7|3|0|0|0|5|86|78|17|52|1|2|0|6|8|8|6|0|0|0|0|0|1|0|1|0|0|0|0|0|0|0|0|0|0|0|0|0|0|0|0|0|0|0|0|0|0|0|0|0|0|0|0|0|0|0|0|0|0|0|0|0|0|0|0|0|0|0|0|0|0|0|0|0|0|0|0|86|12|74|69|12|52|1|2|0|2|5|5|4|0|0|0|0|0|1|0|0|0|0|0|0|0|0|0|0|0|0|0|0|0|0|0|0|0|0|0|0|0|0|0|0|0|0|0|0|0|0|0|0|0|0|0|0|0|0|0|0|0|0|0|0|0|0|0|0|0|0|0|0
DHCST|NY|000|05|0214055|103|103|103|0|0|103|5|93|0|0|0|1|4|103|96|7|103|96|0|93|0|0|0|0|3|7|5|0|0|0|0|1|1|107|6|96|2|0|0|3|107|99|0|96|2|0|0|1|8|6|0|0|0|0|2|103|99|5|93|0|0|0|1|4|4|0|0|0|0|1|2|0|0|1|0|0|0|0|0|0|0|0|0|0|0|0|0|0|0|0|0|0|0|0|0|0|0|0|0|0|0|0|0|0|0|0|0|0|0|0|0|0|0|0|0|0|0|0|0|0|0|0|0|0|0|0|103|7|96|93|0|93|0|0|0|0|3|3|0|0|0|0|0|2|0|0|1|0|0|0|0|0|0|0|0|0|0|0|0|0|0|0|0|0|0|0|0|0|0|0|0|0|0|0|0|0|0|0|0|0|0|0|0|0|0|0|0|0|0|0|0|0|0|0|0|0|0|0|0
DHCST|NY|000|05|0214056|54|54|54|0|0|54|6|36|0|1|0|4|7|54|47|7|54|47|6|34|0|1|0|0|6|7|0|2|0|0|0|4|1|63|10|43|1|2|0|7|63|55|10|40|1|2|0|2|8|0|3|0|0|0|5|54|47|6|36|0|1|0|4|7|6|3|0|0|0|0|0|1|0|2|0|0|0|0|0|0|0|0|0|0|0|0|0|0|0|0|0|0|0|0|0|0|0|0|0|0|0|1|0|0|1|0|0|0|0|0|0|0|0|0|0|0|0|0|0|0|0|0|0|0|0|0|54|7|47|41|6|34|0|1|0|0|6|5|3|0|0|0|0|0|1|0|1|0|0|0|0|0|0|0|0|0|0|0|0|0|0|0|0|0|0|0|0|0|0|0|0|0|0|0|1|0|0|1|0|0|0|0|0|0|0|0|0|0|0|0|0|0|0|0|0|0|0|0|0
DHCST|NY|000|05|0214057|24|24|24|0|0|24|2|17|2|0|0|0|3|24|22|2|24|22|1|16|2|0|0|0|3|2|1|1|0|0|0|0|0|27|2|20|3|0|0|2|27|25|1|19|3|0|0|2|2|1|1|0|0|0|0|24|21|2|17|2|0|0|0|3|3|0|0|0|0|0|1|0|0|2|0|0|0|0|0|0|0|0|0|0|0|0|0|0|0|0|0|0|0|0|0|0|0|0|0|0|0|0|0|0|0|0|0|0|0|0|0|0|0|0|0|0|0|0|0|0|0|0|0|0|0|0|24|2|22|19|1|16|2|0|0|0|3|3|0|0|0|0|0|1|0|0|2|0|0|0|0|0|0|0|0|0|0|0|0|0|0|0|0|0|0|0|0|0|0|0|0|0|0|0|0|0|0|0|0|0|0|0|0|0|0|0|0|0|0|0|0|0|0|0|0|0|0|0|0
DHCST|NY|000|05|0214058|51|51|51|0|0|51|0|46|0|0|0|0|5|51|45|6|51|45|0|44|0|0|0|0|1|6|0|2|0|0|0|0|4|56|2|49|0|0|0|5|56|46|0|45|0|0|0|1|10|2|4|0|0|0|4|51|46|0|46|0|0|0|0|5|5|0|0|0|0|2|0|0|0|3|0|0|0|0|0|0|0|0|0|0|0|0|0|0|0|0|0|0|0|0|0|0|0|0|0|0|0|0|0|0|0|0|0|0|0|0|0|0|0|0|0|0|0|0|0|0|0|0|0|0|0|0|51|6|45|44|0|44|0|0|0|0|1|1|0|0|0|0|0|0|0|0|1|0|0|0|0|0|0|0|0|0|0|0|0|0|0|0|0|0|0|0|0|0|0|0|0|0|0|0|0|0|0|0|0|0|0|0|0|0|0|0|0|0|0|0|0|0|0|0|0|0|0|0|0
DHCST|NY|000|05|0214059|0|0|0|0|0|0|0|0|0|0|0|0|0|0|0|0|0|0|0|0|0|0|0|0|0|0|0|0|0|0|0|0|0|0|0|0|0|0|0|0|0|0|0|0|0|0|0|0|0|0|0|0|0|0|0|0|0|0|0|0|0|0|0|0|0|0|0|0|0|0|0|0|0|0|0|0|0|0|0|0|0|0|0|0|0|0|0|0|0|0|0|0|0|0|0|0|0|0|0|0|0|0|0|0|0|0|0|0|0|0|0|0|0|0|0|0|0|0|0|0|0|0|0|0|0|0|0|0|0|0|0|0|0|0|0|0|0|0|0|0|0|0|0|0|0|0|0|0|0|0|0|0|0|0|0|0|0|0|0|0|0|0|0|0|0|0|0|0|0|0|0|0|0|0|0|0|0|0|0|0|0|0|0|0|0|0|0|0|0|0|0|0|0|0|0|0|0|0|0
DHCST|NY|000|05|0214060|0|0|0|0|0|0|0|0|0|0|0|0|0|0|0|0|0|0|0|0|0|0|0|0|0|0|0|0|0|0|0|0|0|0|0|0|0|0|0|0|0|0|0|0|0|0|0|0|0|0|0|0|0|0|0|0|0|0|0|0|0|0|0|0|0|0|0|0|0|0|0|0|0|0|0|0|0|0|0|0|0|0|0|0|0|0|0|0|0|0|0|0|0|0|0|0|0|0|0|0|0|0|0|0|0|0|0|0|0|0|0|0|0|0|0|0|0|0|0|0|0|0|0|0|0|0|0|0|0|0|0|0|0|0|0|0|0|0|0|0|0|0|0|0|0|0|0|0|0|0|0|0|0|0|0|0|0|0|0|0|0|0|0|0|0|0|0|0|0|0|0|0|0|0|0|0|0|0|0|0|0|0|0|0|0|0|0|0|0|0|0|0|0|0|0|0|0|0|0
DHCST|NY|000|05|0214061|381|381|381|0|0|381|0|333|0|0|0|44|4|381|338|43|381|338|0|333|0|0|0|3|2|43|0|0|0|0|0|41|2|385|2|335|0|0|0|48|385|340|0|335|0|0|0|5|45|2|0|0|0|0|43|381|377|0|333|0|0|0|44|4|4|0|0|0|0|2|0|0|0|2|0|0|0|0|0|0|0|0|0|0|0|0|0|0|0|0|0|0|0|0|0|0|0|0|0|0|0|0|0|0|0|0|0|0|0|0|0|0|0|0|0|0|0|0|0|0|0|0|0|0|0|0|381|43|338|336|0|333|0|0|0|3|2|2|0|0|0|0|0|0|0|0|2|0|0|0|0|0|0|0|0|0|0|0|0|0|0|0|0|0|0|0|0|0|0|0|0|0|0|0|0|0|0|0|0|0|0|0|0|0|0|0|0|0|0|0|0|0|0|0|0|0|0|0|0
DHCST|NY|000|05|0214062|0|0|0|0|0|0|0|0|0|0|0|0|0|0|0|0|0|0|0|0|0|0|0|0|0|0|0|0|0|0|0|0|0|0|0|0|0|0|0|0|0|0|0|0|0|0|0|0|0|0|0|0|0|0|0|0|0|0|0|0|0|0|0|0|0|0|0|0|0|0|0|0|0|0|0|0|0|0|0|0|0|0|0|0|0|0|0|0|0|0|0|0|0|0|0|0|0|0|0|0|0|0|0|0|0|0|0|0|0|0|0|0|0|0|0|0|0|0|0|0|0|0|0|0|0|0|0|0|0|0|0|0|0|0|0|0|0|0|0|0|0|0|0|0|0|0|0|0|0|0|0|0|0|0|0|0|0|0|0|0|0|0|0|0|0|0|0|0|0|0|0|0|0|0|0|0|0|0|0|0|0|0|0|0|0|0|0|0|0|0|0|0|0|0|0|0|0|0|0
DHCST|NY|000|05|0214063|54|54|54|0|0|54|3|47|0|0|0|0|4|54|53|1|54|53|3|47|0|0|0|0|3|1|0|0|0|0|0|0|1|58|7|48|0|0|0|3|58|56|6|48|0|0|0|2|2|1|0|0|0|0|1|54|50|3|47|0|0|0|0|4|4|1|0|0|0|3|0|0|0|0|0|0|0|0|0|0|0|0|0|0|0|0|0|0|0|0|0|0|0|0|0|0|0|0|0|0|0|0|0|0|0|0|0|0|0|0|0|0|0|0|0|0|0|0|0|0|0|0|0|0|0|0|54|1|53|50|3|47|0|0|0|0|3|3|1|0|0|0|2|0|0|0|0|0|0|0|0|0|0|0|0|0|0|0|0|0|0|0|0|0|0|0|0|0|0|0|0|0|0|0|0|0|0|0|0|0|0|0|0|0|0|0|0|0|0|0|0|0|0|0|0|0|0|0|0
DHCST|NY|000|05|0214064|281|281|281|0|0|281|156|108|2|5|1|2|7|281|274|7|281|274|155|106|2|5|0|0|6|7|1|2|0|0|1|2|1|288|161|114|3|5|1|4|288|280|159|112|3|5|0|1|8|2|2|0|0|1|3|281|274|156|108|2|5|1|2|7|7|4|0|0|0|1|1|0|0|1|0|0|0|0|0|0|0|0|0|0|0|0|0|0|0|0|0|0|0|0|0|0|0|0|0|0|0|0|0|0|0|0|0|0|0|0|0|0|0|0|0|0|0|0|0|0|0|0|0|0|0|0|281|7|274|268|155|106|2|5|0|0|6|6|4|0|0|0|0|1|0|0|1|0|0|0|0|0|0|0|0|0|0|0|0|0|0|0|0|0|0|0|0|0|0|0|0|0|0|0|0|0|0|0|0|0|0|0|0|0|0|0|0|0|0|0|0|0|0|0|0|0|0|0|0
DHCST|NY|000|05|0214065|62|62|62|0|0|62|10|40|0|4|0|1|7|62|53|9|62|53|6|39|0|4|0|0|4|9|4|1|0|0|0|1|3|72|17|44|3|4|0|4|72|60|10|43|3|4|0|0|12|7|1|0|0|0|4|62|55|10|40|0|4|0|1|7|4|1|0|0|0|3|0|0|0|0|0|0|0|0|0|0|3|3|0|0|0|0|0|0|0|0|0|0|0|0|0|0|0|0|0|0|0|0|0|0|0|0|0|0|0|0|0|0|0|0|0|0|0|0|0|0|0|0|0|0|0|0|62|9|53|49|6|39|0|4|0|0|4|1|1|0|0|0|0|0|0|0|0|0|0|0|0|0|0|3|3|0|0|0|0|0|0|0|0|0|0|0|0|0|0|0|0|0|0|0|0|0|0|0|0|0|0|0|0|0|0|0|0|0|0|0|0|0|0|0|0|0|0|0|0
DHCST|NY|000|05|0214066|33|33|33|0|0|33|4|24|2|0|0|0|3|33|30|3|33|30|4|21|2|0|0|0|3|3|0|3|0|0|0|0|0|37|6|27|3|0|0|1|37|34|6|24|3|0|0|1|3|0|3|0|0|0|0|33|30|4|24|2|0|0|0|3|2|1|0|0|0|0|0|0|0|1|0|0|0|0|0|0|1|1|0|0|0|0|0|0|0|0|0|0|0|0|0|0|0|0|0|0|0|0|0|0|0|0|0|0|0|0|0|0|0|0|0|0|0|0|0|0|0|0|0|0|0|0|33|3|30|27|4|21|2|0|0|0|3|2|1|0|0|0|0|0|0|0|1|0|0|0|0|0|0|1|1|0|0|0|0|0|0|0|0|0|0|0|0|0|0|0|0|0|0|0|0|0|0|0|0|0|0|0|0|0|0|0|0|0|0|0|0|0|0|0|0|0|0|0|0
DHCST|NY|000|05|0214067|60|60|60|0|0|60|3|46|0|0|0|5|6|60|48|12|60|48|2|44|0|0|0|0|2|12|1|2|0|0|0|5|4|66|6|49|1|0|0|10|66|50|3|45|1|0|0|1|16|3|4|0|0|0|9|60|54|3|46|0|0|0|5|6|6|0|0|0|0|3|1|0|0|2|0|0|0|0|0|0|0|0|0|0|0|0|0|0|0|0|0|0|0|0|0|0|0|0|0|0|0|0|0|0|0|0|0|0|0|0|0|0|0|0|0|0|0|0|0|0|0|0|0|0|0|0|60|12|48|46|2|44|0|0|0|0|2|2|0|0|0|0|1|1|0|0|0|0|0|0|0|0|0|0|0|0|0|0|0|0|0|0|0|0|0|0|0|0|0|0|0|0|0|0|0|0|0|0|0|0|0|0|0|0|0|0|0|0|0|0|0|0|0|0|0|0|0|0|0
DHCST|NY|000|05|0214068|203|203|203|0|0|203|57|100|0|0|0|34|12|203|161|42|203|161|53|99|0|0|0|4|5|42|4|1|0|0|0|30|7|216|62|107|7|0|0|40|216|166|53|104|5|0|0|4|50|9|3|2|0|0|36|203|191|57|100|0|0|0|34|12|11|1|0|0|0|4|5|0|0|0|0|0|1|0|0|0|1|0|0|0|0|0|0|0|0|0|0|0|0|1|0|0|0|0|0|0|0|0|0|0|0|0|0|0|0|0|0|0|0|0|0|0|0|0|0|0|0|0|0|0|0|0|203|42|161|156|53|99|0|0|0|4|5|5|0|0|0|0|0|5|0|0|0|0|0|0|0|0|0|0|0|0|0|0|0|0|0|0|0|0|0|0|0|0|0|0|0|0|0|0|0|0|0|0|0|0|0|0|0|0|0|0|0|0|0|0|0|0|0|0|0|0|0|0|0
DHCST|NY|000|05|0214069|22|22|22|0|0|22|7|12|0|0|0|0|3|22|19|3|22|19|5|12|0|0|0|0|2|3|2|0|0|0|0|0|1|25|9|14|0|0|1|1|25|21|6|14|0|0|1|0|4|3|0|0|0|0|1|22|19|7|12|0|0|0|0|3|3|1|0|0|0|1|0|0|1|0|0|0|0|0|0|0|0|0|0|0|0|0|0|0|0|0|0|0|0|0|0|0|0|0|0|0|0|0|0|0|0|0|0|0|0|0|0|0|0|0|0|0|0|0|0|0|0|0|0|0|0|0|22|3|19|17|5|12|0|0|0|0|2|2|1|0|0|0|0|0|0|1|0|0|0|0|0|0|0|0|0|0|0|0|0|0|0|0|0|0|0|0|0|0|0|0|0|0|0|0|0|0|0|0|0|0|0|0|0|0|0|0|0|0|0|0|0|0|0|0|0|0|0|0|0
DHCST|NY|000|05|0214070|105|105|105|0|0|105|9|90|0|0|0|4|2|105|90|15|105|90|6|83|0|0|0|0|1|15|3|7|0|0|0|4|1|107|11|91|0|0|0|5|107|91|7|84|0|0|0|0|16|4|7|0|0|0|5|105|103|9|90|0|0|0|4|2|2|1|0|0|0|1|0|0|0|0|0|0|0|0|0|0|0|0|0|0|0|0|0|0|0|0|0|0|0|0|0|0|0|0|0|0|0|0|0|0|0|0|0|0|0|0|0|0|0|0|0|0|0|0|0|0|0|0|0|0|0|0|105|15|90|89|6|83|0|0|0|0|1|1|1|0|0|0|0|0|0|0|0|0|0|0|0|0|0|0|0|0|0|0|0|0|0|0|0|0|0|0|0|0|0|0|0|0|0|0|0|0|0|0|0|0|0|0|0|0|0|0|0|0|0|0|0|0|0|0|0|0|0|0|0
DHCST|NY|000|05|0214071|9|9|9|0|0|9|3|4|0|0|0|0|2|9|6|3|9|6|0|4|0|0|0|0|2|3|3|0|0|0|0|0|0|13|5|6|1|0|0|1|13|10|2|6|1|0|0|1|3|3|0|0|0|0|0|9|7|3|4|0|0|0|0|2|1|1|0|0|0|0|0|0|0|0|0|0|0|0|0|0|0|0|0|0|0|0|0|0|0|0|0|0|0|0|0|0|0|0|0|0|0|1|0|0|1|0|0|0|0|0|0|0|0|0|0|0|0|0|0|0|0|0|0|0|0|0|9|3|6|4|0|4|0|0|0|0|2|1|1|0|0|0|0|0|0|0|0|0|0|0|0|0|0|0|0|0|0|0|0|0|0|0|0|0|0|0|0|0|0|0|0|0|0|0|1|0|0|1|0|0|0|0|0|0|0|0|0|0|0|0|0|0|0|0|0|0|0|0|0
DHCST|NY|000|05|0214072|80|80|80|0|0|80|7|66|1|0|0|0|6|80|78|2|80|78|7|66|0|0|0|0|5|2|0|0|1|0|0|0|1|88|13|72|3|0|0|0|88|85|12|71|2|0|0|0|3|1|1|1|0|0|0|80|74|7|66|1|0|0|0|6|4|4|0|0|0|0|0|0|0|0|0|0|0|0|0|0|2|2|0|0|0|0|0|0|0|0|0|0|0|0|0|0|0|0|0|0|0|0|0|0|0|0|0|0|0|0|0|0|0|0|0|0|0|0|0|0|0|0|0|0|0|0|80|2|78|73|7|66|0|0|0|0|5|3|3|0|0|0|0|0|0|0|0|0|0|0|0|0|0|2|2|0|0|0|0|0|0|0|0|0|0|0|0|0|0|0|0|0|0|0|0|0|0|0|0|0|0|0|0|0|0|0|0|0|0|0|0|0|0|0|0|0|0|0|0
DHCST|NY|000|05|0214073|76|76|76|0|0|76|2|61|0|0|0|3|10|76|70|6|76|70|2|58|0|0|0|2|8|6|0|3|0|0|0|1|2|88|11|69|2|1|0|5|88|78|9|66|1|0|0|2|10|2|3|1|1|0|3|76|66|2|61|0|0|0|3|10|8|7|0|0|0|0|1|0|0|0|0|0|0|0|0|0|2|0|0|0|0|0|0|1|0|1|0|0|0|0|0|0|0|0|0|0|0|0|0|0|0|0|0|0|0|0|0|0|0|0|0|0|0|0|0|0|0|0|0|0|0|0|76|6|70|62|2|58|0|0|0|2|8|8|7|0|0|0|0|1|0|0|0|0|0|0|0|0|0|0|0|0|0|0|0|0|0|0|0|0|0|0|0|0|0|0|0|0|0|0|0|0|0|0|0|0|0|0|0|0|0|0|0|0|0|0|0|0|0|0|0|0|0|0|0
DHCST|NY|000|05|0214074|55|55|55|0|0|55|2|42|4|0|0|1|6|55|54|1|55|54|2|41|4|0|0|1|6|1|0|1|0|0|0|0|0|62|3|48|9|0|0|2|62|61|3|47|9|0|0|2|1|0|1|0|0|0|0|55|49|2|42|4|0|0|1|6|5|0|0|0|0|0|5|0|0|0|0|0|0|0|0|0|1|0|0|0|1|0|0|0|0|0|0|0|0|0|0|0|0|0|0|0|0|0|0|0|0|0|0|0|0|0|0|0|0|0|0|0|0|0|0|0|0|0|0|0|0|0|55|1|54|48|2|41|4|0|0|1|6|5|0|0|0|0|0|5|0|0|0|0|0|0|0|0|0|1|0|0|0|1|0|0|0|0|0|0|0|0|0|0|0|0|0|0|0|0|0|0|0|0|0|0|0|0|0|0|0|0|0|0|0|0|0|0|0|0|0|0|0|0|0
DHCST|NY|000|05|0214075|38|38|38|0|0|38|7|23|0|0|0|2|6|38|37|1|38|37|7|23|0|0|0|1|6|1|0|0|0|0|0|1|0|45|12|29|1|0|0|3|45|44|12|29|1|0|0|2|1|0|0|0|0|0|1|38|32|7|23|0|0|0|2|6|5|4|0|0|0|0|1|0|0|0|0|0|0|0|0|0|1|0|0|0|1|0|0|0|0|0|0|0|0|0|0|0|0|0|0|0|0|0|0|0|0|0|0|0|0|0|0|0|0|0|0|0|0|0|0|0|0|0|0|0|0|0|38|1|37|31|7|23|0|0|0|1|6|5|4|0|0|0|0|1|0|0|0|0|0|0|0|0|0|1|0|0|0|1|0|0|0|0|0|0|0|0|0|0|0|0|0|0|0|0|0|0|0|0|0|0|0|0|0|0|0|0|0|0|0|0|0|0|0|0|0|0|0|0|0
DHCST|NY|000|05|0214076|90|90|90|0|0|90|3|76|0|0|0|5|6|90|88|2|90|88|3|75|0|0|0|4|6|2|0|1|0|0|0|1|0|97|7|82|2|1|0|5|97|95|7|81|2|1|0|4|2|0|1|0|0|0|1|90|84|3|76|0|0|0|5|6|5|3|0|0|0|0|2|0|0|0|0|0|0|0|0|0|1|0|1|0|0|0|0|0|0|0|0|0|0|0|0|0|0|0|0|0|0|0|0|0|0|0|0|0|0|0|0|0|0|0|0|0|0|0|0|0|0|0|0|0|0|0|90|2|88|82|3|75|0|0|0|4|6|5|3|0|0|0|0|2|0|0|0|0|0|0|0|0|0|1|0|1|0|0|0|0|0|0|0|0|0|0|0|0|0|0|0|0|0|0|0|0|0|0|0|0|0|0|0|0|0|0|0|0|0|0|0|0|0|0|0|0|0|0|0
DHCST|NY|000|05|0214077|111|111|111|0|0|111|3|94|3|0|0|4|7|111|93|18|111|93|1|85|3|0|0|0|4|18|2|9|0|0|0|4|3|122|10|98|7|0|0|7|122|101|5|89|7|0|0|0|21|5|9|0|0|0|7|111|104|3|94|3|0|0|4|7|3|0|0|0|0|3|0|0|0|0|0|0|0|0|0|0|4|4|0|0|0|0|0|0|0|0|0|0|0|0|0|0|0|0|0|0|0|0|0|0|0|0|0|0|0|0|0|0|0|0|0|0|0|0|0|0|0|0|0|0|0|0|111|18|93|89|1|85|3|0|0|0|4|0|0|0|0|0|0|0|0|0|0|0|0|0|0|0|0|4|4|0|0|0|0|0|0|0|0|0|0|0|0|0|0|0|0|0|0|0|0|0|0|0|0|0|0|0|0|0|0|0|0|0|0|0|0|0|0|0|0|0|0|0|0
DHCST|NY|000|05|0214078|114|114|114|0|0|114|15|84|0|0|0|3|12|114|96|18|114|96|15|78|0|0|0|0|3|18|0|6|0|0|0|3|9|126|27|87|0|0|0|12|126|99|18|81|0|0|0|0|27|9|6|0|0|0|12|114|102|15|84|0|0|0|3|12|12|3|0|0|0|9|0|0|0|0|0|0|0|0|0|0|0|0|0|0|0|0|0|0|0|0|0|0|0|0|0|0|0|0|0|0|0|0|0|0|0|0|0|0|0|0|0|0|0|0|0|0|0|0|0|0|0|0|0|0|0|0|114|18|96|93|15|78|0|0|0|0|3|3|3|0|0|0|0|0|0|0|0|0|0|0|0|0|0|0|0|0|0|0|0|0|0|0|0|0|0|0|0|0|0|0|0|0|0|0|0|0|0|0|0|0|0|0|0|0|0|0|0|0|0|0|0|0|0|0|0|0|0|0|0
DHCST|NY|000|05|0214079|55|55|55|0|0|55|6|42|2|0|0|0|5|55|52|3|55|52|5|42|1|0|0|0|4|3|1|0|1|0|0|0|1|65|10|47|6|1|0|1|65|60|9|46|5|0|0|0|5|1|1|1|1|0|1|55|50|6|42|2|0|0|0|5|0|0|0|0|0|0|0|0|0|0|0|0|0|0|0|0|5|4|0|0|0|0|0|0|0|0|0|0|0|0|0|1|0|0|0|0|0|0|0|0|0|0|0|0|0|0|0|0|0|0|0|0|0|0|0|0|0|0|0|0|0|0|55|3|52|48|5|42|1|0|0|0|4|0|0|0|0|0|0|0|0|0|0|0|0|0|0|0|0|4|4|0|0|0|0|0|0|0|0|0|0|0|0|0|0|0|0|0|0|0|0|0|0|0|0|0|0|0|0|0|0|0|0|0|0|0|0|0|0|0|0|0|0|0|0
DHCST|NY|000|05|0214080|191|191|191|0|0|191|7|165|0|0|0|16|3|191|166|25|191|166|6|160|0|0|0|0|0|25|1|5|0|0|0|16|3|195|9|166|0|1|0|19|195|166|6|160|0|0|0|0|29|3|6|0|1|0|19|191|188|7|165|0|0|0|16|3|2|0|0|0|0|2|0|0|0|0|0|0|0|0|0|0|1|0|0|0|0|0|0|0|0|0|0|0|0|0|0|1|0|0|0|0|0|0|0|0|0|0|0|0|0|0|0|0|0|0|0|0|0|0|0|0|0|0|0|0|0|0|191|25|166|166|6|160|0|0|0|0|0|0|0|0|0|0|0|0|0|0|0|0|0|0|0|0|0|0|0|0|0|0|0|0|0|0|0|0|0|0|0|0|0|0|0|0|0|0|0|0|0|0|0|0|0|0|0|0|0|0|0|0|0|0|0|0|0|0|0|0|0|0|0
DHCST|NY|000|05|0214081|63|63|63|0|0|63|5|44|0|0|0|5|9|63|57|6|63|57|5|44|0|0|0|0|8|6|0|0|0|0|0|5|1|73|12|52|1|0|0|8|73|65|11|52|0|0|0|2|8|1|0|1|0|0|6|63|54|5|44|0|0|0|5|9|8|6|0|0|0|0|0|0|0|2|0|0|0|0|0|0|1|0|0|0|0|0|0|1|0|0|0|0|0|0|0|0|0|0|0|0|0|0|0|0|0|0|0|0|0|0|0|0|0|0|0|0|0|0|0|0|0|0|0|0|0|0|63|6|57|49|5|44|0|0|0|0|8|8|6|0|0|0|0|0|0|0|2|0|0|0|0|0|0|0|0|0|0|0|0|0|0|0|0|0|0|0|0|0|0|0|0|0|0|0|0|0|0|0|0|0|0|0|0|0|0|0|0|0|0|0|0|0|0|0|0|0|0|0|0
DHCST|NY|000|05|0214082|39|39|39|0|0|39|4|25|2|0|0|7|1|39|26|13|39|26|4|20|2|0|0|0|0|13|0|5|0|0|0|7|1|40|5|25|2|0|0|8|40|26|4|20|2|0|0|0|14|1|5|0|0|0|8|39|38|4|25|2|0|0|7|1|1|0|0|0|0|1|0|0|0|0|0|0|0|0|0|0|0|0|0|0|0|0|0|0|0|0|0|0|0|0|0|0|0|0|0|0|0|0|0|0|0|0|0|0|0|0|0|0|0|0|0|0|0|0|0|0|0|0|0|0|0|0|39|13|26|26|4|20|2|0|0|0|0|0|0|0|0|0|0|0|0|0|0|0|0|0|0|0|0|0|0|0|0|0|0|0|0|0|0|0|0|0|0|0|0|0|0|0|0|0|0|0|0|0|0|0|0|0|0|0|0|0|0|0|0|0|0|0|0|0|0|0|0|0|0
DHCST|NY|000|05|0214083|48|48|48|0|0|48|3|29|2|0|0|0|14|48|46|2|48|46|3|27|2|0|0|0|14|2|0|2|0|0|0|0|0|63|14|43|6|0|0|0|63|61|14|41|6|0|0|0|2|0|2|0|0|0|0|48|34|3|29|2|0|0|0|14|13|10|0|0|0|0|3|0|0|0|0|0|0|0|0|0|1|1|0|0|0|0|0|0|0|0|0|0|0|0|0|0|0|0|0|0|0|0|0|0|0|0|0|0|0|0|0|0|0|0|0|0|0|0|0|0|0|0|0|0|0|0|48|2|46|32|3|27|2|0|0|0|14|13|10|0|0|0|0|3|0|0|0|0|0|0|0|0|0|1|1|0|0|0|0|0|0|0|0|0|0|0|0|0|0|0|0|0|0|0|0|0|0|0|0|0|0|0|0|0|0|0|0|0|0|0|0|0|0|0|0|0|0|0|0
DHCST|NY|000|05|0214084|137|137|137|0|0|137|2|120|0|0|0|4|11|137|134|3|137|134|2|120|0|0|0|1|11|3|0|0|0|0|0|3|0|148|9|126|6|0|0|7|148|145|9|126|6|0|0|4|3|0|0|0|0|0|3|137|126|2|120|0|0|0|4|11|11|2|2|0|0|3|4|0|0|0|0|0|0|0|0|0|0|0|0|0|0|0|0|0|0|0|0|0|0|0|0|0|0|0|0|0|0|0|0|0|0|0|0|0|0|0|0|0|0|0|0|0|0|0|0|0|0|0|0|0|0|0|137|3|134|123|2|120|0|0|0|1|11|11|2|2|0|0|3|4|0|0|0|0|0|0|0|0|0|0|0|0|0|0|0|0|0|0|0|0|0|0|0|0|0|0|0|0|0|0|0|0|0|0|0|0|0|0|0|0|0|0|0|0|0|0|0|0|0|0|0|0|0|0|0
DHCST|NY|000|05|0214085|54|54|54|0|0|54|2|46|0|0|0|2|4|54|50|4|54|50|2|46|0|0|0|0|2|4|0|0|0|0|0|2|2|58|6|50|0|0|0|2|58|52|4|48|0|0|0|0|6|2|2|0|0|0|2|54|50|2|46|0|0|0|2|4|4|4|0|0|0|0|0|0|0|0|0|0|0|0|0|0|0|0|0|0|0|0|0|0|0|0|0|0|0|0|0|0|0|0|0|0|0|0|0|0|0|0|0|0|0|0|0|0|0|0|0|0|0|0|0|0|0|0|0|0|0|0|54|4|50|48|2|46|0|0|0|0|2|2|2|0|0|0|0|0|0|0|0|0|0|0|0|0|0|0|0|0|0|0|0|0|0|0|0|0|0|0|0|0|0|0|0|0|0|0|0|0|0|0|0|0|0|0|0|0|0|0|0|0|0|0|0|0|0|0|0|0|0|0|0
DHCST|NY|000|05|0214086|124|124|124|0|0|124|14|84|1|0|0|14|11|124|102|22|124|102|13|84|1|0|0|0|4|22|1|0|0|0|0|14|7|137|25|92|3|0|0|17|137|108|17|88|3|0|0|0|29|8|4|0|0|0|17|124|113|14|84|1|0|0|14|11|9|6|0|0|0|3|0|0|0|0|0|0|0|0|0|0|2|2|0|0|0|0|0|0|0|0|0|0|0|0|0|0|0|0|0|0|0|0|0|0|0|0|0|0|0|0|0|0|0|0|0|0|0|0|0|0|0|0|0|0|0|0|124|22|102|98|13|84|1|0|0|0|4|2|2|0|0|0|0|0|0|0|0|0|0|0|0|0|0|2|2|0|0|0|0|0|0|0|0|0|0|0|0|0|0|0|0|0|0|0|0|0|0|0|0|0|0|0|0|0|0|0|0|0|0|0|0|0|0|0|0|0|0|0|0
DHCST|NY|000|05|0214087|46|46|46|0|0|46|5|35|0|0|0|3|3|46|42|4|46|42|5|35|0|0|0|0|2|4|0|0|0|0|0|3|1|50|7|38|1|0|0|4|50|45|6|37|1|0|0|1|5|1|1|0|0|0|3|46|43|5|35|0|0|0|3|3|2|1|0|0|0|0|1|0|0|0|0|0|0|0|0|0|1|0|0|0|1|0|0|0|0|0|0|0|0|0|0|0|0|0|0|0|0|0|0|0|0|0|0|0|0|0|0|0|0|0|0|0|0|0|0|0|0|0|0|0|0|0|46|4|42|40|5|35|0|0|0|0|2|1|0|0|0|0|0|1|0|0|0|0|0|0|0|0|0|1|0|0|0|1|0|0|0|0|0|0|0|0|0|0|0|0|0|0|0|0|0|0|0|0|0|0|0|0|0|0|0|0|0|0|0|0|0|0|0|0|0|0|0|0|0
DHCST|NY|000|05|0214088|84|84|84|0|0|84|3|77|0|0|0|0|4|84|82|2|84|82|3|75|0|0|0|0|4|2|0|2|0|0|0|0|0|88|7|77|4|0|0|0|88|86|7|75|4|0|0|0|2|0|2|0|0|0|0|84|80|3|77|0|0|0|0|4|4|0|4|0|0|0|0|0|0|0|0|0|0|0|0|0|0|0|0|0|0|0|0|0|0|0|0|0|0|0|0|0|0|0|0|0|0|0|0|0|0|0|0|0|0|0|0|0|0|0|0|0|0|0|0|0|0|0|0|0|0|0|84|2|82|78|3|75|0|0|0|0|4|4|0|4|0|0|0|0|0|0|0|0|0|0|0|0|0|0|0|0|0|0|0|0|0|0|0|0|0|0|0|0|0|0|0|0|0|0|0|0|0|0|0|0|0|0|0|0|0|0|0|0|0|0|0|0|0|0|0|0|0|0|0
DHCST|NY|000|05|0214089|32|32|32|0|0|32|2|28|1|0|0|0|1|32|29|3|32|29|2|26|1|0|0|0|0|3|0|2|0|0|0|0|1|33|3|28|1|0|0|1|33|29|2|26|1|0|0|0|4|1|2|0|0|0|1|32|31|2|28|1|0|0|0|1|1|0|0|0|0|1|0|0|0|0|0|0|0|0|0|0|0|0|0|0|0|0|0|0|0|0|0|0|0|0|0|0|0|0|0|0|0|0|0|0|0|0|0|0|0|0|0|0|0|0|0|0|0|0|0|0|0|0|0|0|0|0|32|3|29|29|2|26|1|0|0|0|0|0|0|0|0|0|0|0|0|0|0|0|0|0|0|0|0|0|0|0|0|0|0|0|0|0|0|0|0|0|0|0|0|0|0|0|0|0|0|0|0|0|0|0|0|0|0|0|0|0|0|0|0|0|0|0|0|0|0|0|0|0|0
DHCST|NY|000|05|0214090|0|0|0|0|0|0|0|0|0|0|0|0|0|0|0|0|0|0|0|0|0|0|0|0|0|0|0|0|0|0|0|0|0|0|0|0|0|0|0|0|0|0|0|0|0|0|0|0|0|0|0|0|0|0|0|0|0|0|0|0|0|0|0|0|0|0|0|0|0|0|0|0|0|0|0|0|0|0|0|0|0|0|0|0|0|0|0|0|0|0|0|0|0|0|0|0|0|0|0|0|0|0|0|0|0|0|0|0|0|0|0|0|0|0|0|0|0|0|0|0|0|0|0|0|0|0|0|0|0|0|0|0|0|0|0|0|0|0|0|0|0|0|0|0|0|0|0|0|0|0|0|0|0|0|0|0|0|0|0|0|0|0|0|0|0|0|0|0|0|0|0|0|0|0|0|0|0|0|0|0|0|0|0|0|0|0|0|0|0|0|0|0|0|0|0|0|0|0|0
DHCST|NY|000|05|0214091|60|60|60|0|0|60|4|52|0|0|0|0|4|60|57|3|60|57|4|49|0|0|0|0|4|3|0|3|0|0|0|0|0|64|8|56|0|0|0|0|64|61|8|53|0|0|0|0|3|0|3|0|0|0|0|60|56|4|52|0|0|0|0|4|4|4|0|0|0|0|0|0|0|0|0|0|0|0|0|0|0|0|0|0|0|0|0|0|0|0|0|0|0|0|0|0|0|0|0|0|0|0|0|0|0|0|0|0|0|0|0|0|0|0|0|0|0|0|0|0|0|0|0|0|0|0|60|3|57|53|4|49|0|0|0|0|4|4|4|0|0|0|0|0|0|0|0|0|0|0|0|0|0|0|0|0|0|0|0|0|0|0|0|0|0|0|0|0|0|0|0|0|0|0|0|0|0|0|0|0|0|0|0|0|0|0|0|0|0|0|0|0|0|0|0|0|0|0|0
DHCST|NY|000|05|0214092|0|0|0|0|0|0|0|0|0|0|0|0|0|0|0|0|0|0|0|0|0|0|0|0|0|0|0|0|0|0|0|0|0|0|0|0|0|0|0|0|0|0|0|0|0|0|0|0|0|0|0|0|0|0|0|0|0|0|0|0|0|0|0|0|0|0|0|0|0|0|0|0|0|0|0|0|0|0|0|0|0|0|0|0|0|0|0|0|0|0|0|0|0|0|0|0|0|0|0|0|0|0|0|0|0|0|0|0|0|0|0|0|0|0|0|0|0|0|0|0|0|0|0|0|0|0|0|0|0|0|0|0|0|0|0|0|0|0|0|0|0|0|0|0|0|0|0|0|0|0|0|0|0|0|0|0|0|0|0|0|0|0|0|0|0|0|0|0|0|0|0|0|0|0|0|0|0|0|0|0|0|0|0|0|0|0|0|0|0|0|0|0|0|0|0|0|0|0|0
DHCST|NY|000|05|0214093|54|54|54|0|0|54|3|47|0|0|0|0|4|54|51|3|54|51|3|47|0|0|0|0|1|3|0|0|0|0|0|0|3|60|6|49|1|0|0|4|60|52|3|48|0|0|0|1|8|3|1|1|0|0|3|54|50|3|47|0|0|0|0|4|3|0|0|0|0|2|0|0|0|1|0|0|0|0|0|0|0|0|0|0|0|0|0|0|0|0|0|0|0|0|0|0|0|0|0|0|0|1|0|0|1|0|0|0|0|0|0|0|0|0|0|0|0|0|0|0|0|0|0|0|0|0|54|3|51|50|3|47|0|0|0|0|1|1|0|0|0|0|0|0|0|0|1|0|0|0|0|0|0|0|0|0|0|0|0|0|0|0|0|0|0|0|0|0|0|0|0|0|0|0|0|0|0|0|0|0|0|0|0|0|0|0|0|0|0|0|0|0|0|0|0|0|0|0|0
DHCST|NY|000|05|0214094|97|97|97|0|0|97|29|62|0|0|0|2|4|97|89|8|97|89|24|62|0|0|0|0|3|8|5|0|0|0|0|2|1|101|32|63|3|0|0|3|101|92|26|63|3|0|0|0|9|6|0|0|0|0|3|97|93|29|62|0|0|0|2|4|4|0|2|0|0|1|1|0|0|0|0|0|0|0|0|0|0|0|0|0|0|0|0|0|0|0|0|0|0|0|0|0|0|0|0|0|0|0|0|0|0|0|0|0|0|0|0|0|0|0|0|0|0|0|0|0|0|0|0|0|0|0|97|8|89|86|24|62|0|0|0|0|3|3|0|2|0|0|0|1|0|0|0|0|0|0|0|0|0|0|0|0|0|0|0|0|0|0|0|0|0|0|0|0|0|0|0|0|0|0|0|0|0|0|0|0|0|0|0|0|0|0|0|0|0|0|0|0|0|0|0|0|0|0|0
DHCST|NY|000|05|0214095|81|81|81|0|0|81|22|44|0|0|0|4|11|81|75|6|81|75|22|44|0|0|0|0|9|6|0|0|0|0|0|4|2|93|33|49|6|1|0|4|93|85|31|47|6|1|0|0|8|2|2|0|0|0|4|81|70|22|44|0|0|0|4|11|10|4|6|0|0|0|0|0|0|0|0|0|0|0|0|0|1|0|1|0|0|0|0|0|0|0|0|0|0|0|0|0|0|0|0|0|0|0|0|0|0|0|0|0|0|0|0|0|0|0|0|0|0|0|0|0|0|0|0|0|0|0|81|6|75|66|22|44|0|0|0|0|9|8|2|6|0|0|0|0|0|0|0|0|0|0|0|0|0|1|0|1|0|0|0|0|0|0|0|0|0|0|0|0|0|0|0|0|0|0|0|0|0|0|0|0|0|0|0|0|0|0|0|0|0|0|0|0|0|0|0|0|0|0|0
DHCST|NY|000|05|0214096|138|138|138|0|0|138|20|110|0|0|0|3|5|138|132|6|138|132|17|110|0|0|0|3|2|6|3|0|0|0|0|0|3|143|24|115|1|0|0|3|143|134|18|112|1|0|0|3|9|6|3|0|0|0|0|138|133|20|110|0|0|0|3|5|5|4|0|0|0|0|1|0|0|0|0|0|0|0|0|0|0|0|0|0|0|0|0|0|0|0|0|0|0|0|0|0|0|0|0|0|0|0|0|0|0|0|0|0|0|0|0|0|0|0|0|0|0|0|0|0|0|0|0|0|0|0|138|6|132|130|17|110|0|0|0|3|2|2|1|0|0|0|0|1|0|0|0|0|0|0|0|0|0|0|0|0|0|0|0|0|0|0|0|0|0|0|0|0|0|0|0|0|0|0|0|0|0|0|0|0|0|0|0|0|0|0|0|0|0|0|0|0|0|0|0|0|0|0|0
DHCST|NY|000|05|0214097|116|116|116|0|0|116|3|101|0|0|0|7|5|116|109|7|116|109|3|101|0|0|0|0|5|7|0|0|0|0|0|7|0|121|8|106|0|0|0|7|121|114|8|106|0|0|0|0|7|0|0|0|0|0|7|116|111|3|101|0|0|0|7|5|5|5|0|0|0|0|0|0|0|0|0|0|0|0|0|0|0|0|0|0|0|0|0|0|0|0|0|0|0|0|0|0|0|0|0|0|0|0|0|0|0|0|0|0|0|0|0|0|0|0|0|0|0|0|0|0|0|0|0|0|0|0|116|7|109|104|3|101|0|0|0|0|5|5|5|0|0|0|0|0|0|0|0|0|0|0|0|0|0|0|0|0|0|0|0|0|0|0|0|0|0|0|0|0|0|0|0|0|0|0|0|0|0|0|0|0|0|0|0|0|0|0|0|0|0|0|0|0|0|0|0|0|0|0|0
DHCST|NY|000|05|0214098|120|120|120|0|0|120|19|91|0|0|0|1|9|120|114|6|120|114|17|89|0|0|0|0|8|6|2|2|0|0|0|1|1|129|26|100|2|0|0|1|129|122|23|97|2|0|0|0|7|3|3|0|0|0|1|120|111|19|91|0|0|0|1|9|9|7|0|0|0|0|2|0|0|0|0|0|0|0|0|0|0|0|0|0|0|0|0|0|0|0|0|0|0|0|0|0|0|0|0|0|0|0|0|0|0|0|0|0|0|0|0|0|0|0|0|0|0|0|0|0|0|0|0|0|0|0|120|6|114|106|17|89|0|0|0|0|8|8|6|0|0|0|0|2|0|0|0|0|0|0|0|0|0|0|0|0|0|0|0|0|0|0|0|0|0|0|0|0|0|0|0|0|0|0|0|0|0|0|0|0|0|0|0|0|0|0|0|0|0|0|0|0|0|0|0|0|0|0|0
DHCST|NY|000|05|0214099|61|61|61|0|0|61|6|44|2|1|0|1|7|61|58|3|61|58|6|41|2|1|0|1|7|3|0|3|0|0|0|0|0|68|12|49|4|1|0|2|68|65|12|46|4|1|0|2|3|0|3|0|0|0|0|61|54|6|44|2|1|0|1|7|7|4|2|0|0|0|0|0|0|1|0|0|0|0|0|0|0|0|0|0|0|0|0|0|0|0|0|0|0|0|0|0|0|0|0|0|0|0|0|0|0|0|0|0|0|0|0|0|0|0|0|0|0|0|0|0|0|0|0|0|0|0|61|3|58|51|6|41|2|1|0|1|7|7|4|2|0|0|0|0|0|0|1|0|0|0|0|0|0|0|0|0|0|0|0|0|0|0|0|0|0|0|0|0|0|0|0|0|0|0|0|0|0|0|0|0|0|0|0|0|0|0|0|0|0|0|0|0|0|0|0|0|0|0|0
DHCST|NY|000|05|0214100|70|70|70|0|0|70|33|33|0|0|0|0|4|70|60|10|70|60|27|31|0|0|0|0|2|10|6|2|0|0|0|0|2|74|35|35|2|0|0|2|74|62|27|33|2|0|0|0|12|8|2|0|0|0|2|70|66|33|33|0|0|0|0|4|4|0|0|0|0|2|2|0|0|0|0|0|0|0|0|0|0|0|0|0|0|0|0|0|0|0|0|0|0|0|0|0|0|0|0|0|0|0|0|0|0|0|0|0|0|0|0|0|0|0|0|0|0|0|0|0|0|0|0|0|0|0|70|10|60|58|27|31|0|0|0|0|2|2|0|0|0|0|0|2|0|0|0|0|0|0|0|0|0|0|0|0|0|0|0|0|0|0|0|0|0|0|0|0|0|0|0|0|0|0|0|0|0|0|0|0|0|0|0|0|0|0|0|0|0|0|0|0|0|0|0|0|0|0|0
DHCST|NY|000|05|0214101|32|32|32|0|0|32|0|32|0|0|0|0|0|32|28|4|32|28|0|28|0|0|0|0|0|4|0|4|0|0|0|0|0|32|0|32|0|0|0|0|32|28|0|28|0|0|0|0|4|0|4|0|0|0|0|32|32|0|32|0|0|0|0|0|0|0|0|0|0|0|0|0|0|0|0|0|0|0|0|0|0|0|0|0|0|0|0|0|0|0|0|0|0|0|0|0|0|0|0|0|0|0|0|0|0|0|0|0|0|0|0|0|0|0|0|0|0|0|0|0|0|0|0|0|0|0|32|4|28|28|0|28|0|0|0|0|0|0|0|0|0|0|0|0|0|0|0|0|0|0|0|0|0|0|0|0|0|0|0|0|0|0|0|0|0|0|0|0|0|0|0|0|0|0|0|0|0|0|0|0|0|0|0|0|0|0|0|0|0|0|0|0|0|0|0|0|0|0|0
DHCST|NY|000|05|0214102|51|51|51|0|0|51|6|40|0|1|0|0|4|51|47|4|51|47|6|36|0|1|0|0|4|4|0|4|0|0|0|0|0|55|9|43|0|1|0|2|55|51|9|39|0|1|0|2|4|0|4|0|0|0|0|51|47|6|40|0|1|0|0|4|4|2|0|0|0|1|0|0|0|1|0|0|0|0|0|0|0|0|0|0|0|0|0|0|0|0|0|0|0|0|0|0|0|0|0|0|0|0|0|0|0|0|0|0|0|0|0|0|0|0|0|0|0|0|0|0|0|0|0|0|0|0|51|4|47|43|6|36|0|1|0|0|4|4|2|0|0|0|1|0|0|0|1|0|0|0|0|0|0|0|0|0|0|0|0|0|0|0|0|0|0|0|0|0|0|0|0|0|0|0|0|0|0|0|0|0|0|0|0|0|0|0|0|0|0|0|0|0|0|0|0|0|0|0|0
DHCST|NY|000|05|0214103|44|44|44|0|0|44|3|38|0|0|0|0|3|44|40|4|44|40|3|34|0|0|0|0|3|4|0|4|0|0|0|0|0|47|6|38|1|1|0|1|47|43|6|34|1|1|0|1|4|0|4|0|0|0|0|44|41|3|38|0|0|0|0|3|3|0|1|1|0|1|0|0|0|0|0|0|0|0|0|0|0|0|0|0|0|0|0|0|0|0|0|0|0|0|0|0|0|0|0|0|0|0|0|0|0|0|0|0|0|0|0|0|0|0|0|0|0|0|0|0|0|0|0|0|0|0|44|4|40|37|3|34|0|0|0|0|3|3|0|1|1|0|1|0|0|0|0|0|0|0|0|0|0|0|0|0|0|0|0|0|0|0|0|0|0|0|0|0|0|0|0|0|0|0|0|0|0|0|0|0|0|0|0|0|0|0|0|0|0|0|0|0|0|0|0|0|0|0|0
DHCST|NY|000|05|0214104|42|42|42|0|0|42|0|42|0|0|0|0|0|42|41|1|42|41|0|41|0|0|0|0|0|1|0|1|0|0|0|0|0|42|0|42|0|0|0|0|42|41|0|41|0|0|0|0|1|0|1|0|0|0|0|42|42|0|42|0|0|0|0|0|0|0|0|0|0|0|0|0|0|0|0|0|0|0|0|0|0|0|0|0|0|0|0|0|0|0|0|0|0|0|0|0|0|0|0|0|0|0|0|0|0|0|0|0|0|0|0|0|0|0|0|0|0|0|0|0|0|0|0|0|0|0|42|1|41|41|0|41|0|0|0|0|0|0|0|0|0|0|0|0|0|0|0|0|0|0|0|0|0|0|0|0|0|0|0|0|0|0|0|0|0|0|0|0|0|0|0|0|0|0|0|0|0|0|0|0|0|0|0|0|0|0|0|0|0|0|0|0|0|0|0|0|0|0|0
DHCST|NY|000|05|0214105|322|322|322|0|0|322|167|87|0|44|0|6|18|322|313|9|322|313|167|87|0|44|0|6|9|9|0|0|0|0|0|0|9|341|183|93|1|46|1|17|341|323|174|93|1|46|1|8|18|9|0|0|0|0|9|322|304|167|87|0|44|0|6|18|17|4|1|1|0|9|0|0|0|2|0|0|0|0|0|0|1|0|0|0|0|0|0|0|1|0|0|0|0|0|0|0|0|0|0|0|0|0|0|0|0|0|0|0|0|0|0|0|0|0|0|0|0|0|0|0|0|0|0|0|0|0|322|9|313|304|167|87|0|44|0|6|9|8|4|1|1|0|0|0|0|0|2|0|0|0|0|0|0|1|0|0|0|0|0|0|0|1|0|0|0|0|0|0|0|0|0|0|0|0|0|0|0|0|0|0|0|0|0|0|0|0|0|0|0|0|0|0|0|0|0|0|0|0|0
DHCST|NY|000|05|0214106|24|24|24|0|0|24|5|14|0|3|0|2|0|24|22|2|24|22|5|12|0|3|0|2|0|2|0|2|0|0|0|0|0|24|5|14|0|3|0|2|24|22|5|12|0|3|0|2|2|0|2|0|0|0|0|24|24|5|14|0|3|0|2|0|0|0|0|0|0|0|0|0|0|0|0|0|0|0|0|0|0|0|0|0|0|0|0|0|0|0|0|0|0|0|0|0|0|0|0|0|0|0|0|0|0|0|0|0|0|0|0|0|0|0|0|0|0|0|0|0|0|0|0|0|0|0|24|2|22|22|5|12|0|3|0|2|0|0|0|0|0|0|0|0|0|0|0|0|0|0|0|0|0|0|0|0|0|0|0|0|0|0|0|0|0|0|0|0|0|0|0|0|0|0|0|0|0|0|0|0|0|0|0|0|0|0|0|0|0|0|0|0|0|0|0|0|0|0|0
DHCST|NY|000|05|0214107|83|83|83|0|0|83|29|31|0|14|0|2|7|83|77|6|83|77|29|27|0|14|0|0|7|6|0|4|0|0|0|2|0|91|33|38|1|17|0|2|91|85|33|34|1|17|0|0|6|0|4|0|0|0|2|83|76|29|31|0|14|0|2|7|6|3|0|0|0|0|0|3|0|0|0|0|0|0|0|0|1|1|0|0|0|0|0|0|0|0|0|0|0|0|0|0|0|0|0|0|0|0|0|0|0|0|0|0|0|0|0|0|0|0|0|0|0|0|0|0|0|0|0|0|0|0|83|6|77|70|29|27|0|14|0|0|7|6|3|0|0|0|0|0|3|0|0|0|0|0|0|0|0|1|1|0|0|0|0|0|0|0|0|0|0|0|0|0|0|0|0|0|0|0|0|0|0|0|0|0|0|0|0|0|0|0|0|0|0|0|0|0|0|0|0|0|0|0|0
DHCST|NY|000|05|0214108|27|27|27|0|0|27|16|8|0|0|0|0|3|27|25|2|27|25|16|8|0|0|0|0|1|2|0|0|0|0|0|0|2|31|18|10|1|0|0|2|31|26|16|9|1|0|0|0|5|2|1|0|0|0|2|27|24|16|8|0|0|0|0|3|2|0|0|0|0|1|1|0|0|0|0|0|0|0|0|0|1|0|0|0|1|0|0|0|0|0|0|0|0|0|0|0|0|0|0|0|0|0|0|0|0|0|0|0|0|0|0|0|0|0|0|0|0|0|0|0|0|0|0|0|0|0|27|2|25|24|16|8|0|0|0|0|1|1|0|0|0|0|0|1|0|0|0|0|0|0|0|0|0|0|0|0|0|0|0|0|0|0|0|0|0|0|0|0|0|0|0|0|0|0|0|0|0|0|0|0|0|0|0|0|0|0|0|0|0|0|0|0|0|0|0|0|0|0|0
DHCST|NY|000|05|0214109|0|0|0|0|0|0|0|0|0|0|0|0|0|0|0|0|0|0|0|0|0|0|0|0|0|0|0|0|0|0|0|0|0|0|0|0|0|0|0|0|0|0|0|0|0|0|0|0|0|0|0|0|0|0|0|0|0|0|0|0|0|0|0|0|0|0|0|0|0|0|0|0|0|0|0|0|0|0|0|0|0|0|0|0|0|0|0|0|0|0|0|0|0|0|0|0|0|0|0|0|0|0|0|0|0|0|0|0|0|0|0|0|0|0|0|0|0|0|0|0|0|0|0|0|0|0|0|0|0|0|0|0|0|0|0|0|0|0|0|0|0|0|0|0|0|0|0|0|0|0|0|0|0|0|0|0|0|0|0|0|0|0|0|0|0|0|0|0|0|0|0|0|0|0|0|0|0|0|0|0|0|0|0|0|0|0|0|0|0|0|0|0|0|0|0|0|0|0|0
DHCST|NY|000|05|0214110|0|0|0|0|0|0|0|0|0|0|0|0|0|0|0|0|0|0|0|0|0|0|0|0|0|0|0|0|0|0|0|0|0|0|0|0|0|0|0|0|0|0|0|0|0|0|0|0|0|0|0|0|0|0|0|0|0|0|0|0|0|0|0|0|0|0|0|0|0|0|0|0|0|0|0|0|0|0|0|0|0|0|0|0|0|0|0|0|0|0|0|0|0|0|0|0|0|0|0|0|0|0|0|0|0|0|0|0|0|0|0|0|0|0|0|0|0|0|0|0|0|0|0|0|0|0|0|0|0|0|0|0|0|0|0|0|0|0|0|0|0|0|0|0|0|0|0|0|0|0|0|0|0|0|0|0|0|0|0|0|0|0|0|0|0|0|0|0|0|0|0|0|0|0|0|0|0|0|0|0|0|0|0|0|0|0|0|0|0|0|0|0|0|0|0|0|0|0|0
DHCST|NY|000|05|0214111|39|39|39|0|0|39|19|4|0|10|0|0|6|39|34|5|39|34|19|4|0|10|0|0|1|5|0|0|0|0|0|0|5|45|24|7|0|10|0|4|45|35|20|4|0|10|0|1|10|4|3|0|0|0|3|39|33|19|4|0|10|0|0|6|6|2|0|0|0|3|0|0|0|1|0|0|0|0|0|0|0|0|0|0|0|0|0|0|0|0|0|0|0|0|0|0|0|0|0|0|0|0|0|0|0|0|0|0|0|0|0|0|0|0|0|0|0|0|0|0|0|0|0|0|0|0|39|5|34|33|19|4|0|10|0|0|1|1|0|0|0|0|1|0|0|0|0|0|0|0|0|0|0|0|0|0|0|0|0|0|0|0|0|0|0|0|0|0|0|0|0|0|0|0|0|0|0|0|0|0|0|0|0|0|0|0|0|0|0|0|0|0|0|0|0|0|0|0|0
DHCST|NY|000|05|0214112|87|87|87|0|0|87|37|24|0|5|0|5|16|87|78|9|87|78|36|24|0|5|0|1|12|9|1|0|0|0|0|4|4|105|49|35|3|5|0|13|105|92|48|31|3|5|0|5|13|1|4|0|0|0|8|87|71|37|24|0|5|0|5|16|14|5|3|0|0|2|0|0|0|4|0|0|0|0|0|0|2|0|0|0|2|0|0|0|0|0|0|0|0|0|0|0|0|0|0|0|0|0|0|0|0|0|0|0|0|0|0|0|0|0|0|0|0|0|0|0|0|0|0|0|0|0|87|9|78|66|36|24|0|5|0|1|12|10|5|3|0|0|2|0|0|0|0|0|0|0|0|0|0|2|0|0|0|2|0|0|0|0|0|0|0|0|0|0|0|0|0|0|0|0|0|0|0|0|0|0|0|0|0|0|0|0|0|0|0|0|0|0|0|0|0|0|0|0|0
DHCST|NY|000|05|0214113|102|102|102|0|0|102|64|14|0|2|0|4|18|102|87|15|102|87|64|10|0|2|0|0|11|15|0|4|0|0|0|4|7|124|77|22|6|7|1|11|124|100|70|16|4|7|1|2|24|7|6|2|0|0|9|102|84|64|14|0|2|0|4|18|14|0|0|4|0|5|4|0|0|0|0|0|0|1|0|0|4|2|0|0|2|0|0|0|0|0|0|0|0|0|0|0|0|0|0|0|0|0|0|0|0|0|0|0|0|0|0|0|0|0|0|0|0|0|0|0|0|0|0|0|0|0|102|15|87|76|64|10|0|2|0|0|11|9|0|0|4|0|0|4|0|0|0|0|0|0|1|0|0|2|0|0|0|2|0|0|0|0|0|0|0|0|0|0|0|0|0|0|0|0|0|0|0|0|0|0|0|0|0|0|0|0|0|0|0|0|0|0|0|0|0|0|0|0|0
DHCST|NY|000|05|0214114|95|95|95|0|0|95|66|17|0|3|0|5|4|95|92|3|95|92|66|14|0|3|0|5|4|3|0|3|0|0|0|0|0|100|70|21|1|3|0|5|100|97|70|18|1|3|0|5|3|0|3|0|0|0|0|95|91|66|17|0|3|0|5|4|3|3|0|0|0|0|0|0|0|0|0|0|0|0|0|0|1|1|0|0|0|0|0|0|0|0|0|0|0|0|0|0|0|0|0|0|0|0|0|0|0|0|0|0|0|0|0|0|0|0|0|0|0|0|0|0|0|0|0|0|0|0|95|3|92|88|66|14|0|3|0|5|4|3|3|0|0|0|0|0|0|0|0|0|0|0|0|0|0|1|1|0|0|0|0|0|0|0|0|0|0|0|0|0|0|0|0|0|0|0|0|0|0|0|0|0|0|0|0|0|0|0|0|0|0|0|0|0|0|0|0|0|0|0|0
DHCST|NY|000|05|0214115|420|420|420|0|0|420|134|234|0|34|0|3|15|420|409|11|420|409|131|232|0|34|0|1|11|11|3|2|0|0|0|2|4|435|149|242|0|34|0|10|435|420|142|239|0|34|0|5|15|7|3|0|0|0|5|420|405|134|234|0|34|0|3|15|15|8|0|0|0|7|0|0|0|0|0|0|0|0|0|0|0|0|0|0|0|0|0|0|0|0|0|0|0|0|0|0|0|0|0|0|0|0|0|0|0|0|0|0|0|0|0|0|0|0|0|0|0|0|0|0|0|0|0|0|0|0|420|11|409|398|131|232|0|34|0|1|11|11|7|0|0|0|4|0|0|0|0|0|0|0|0|0|0|0|0|0|0|0|0|0|0|0|0|0|0|0|0|0|0|0|0|0|0|0|0|0|0|0|0|0|0|0|0|0|0|0|0|0|0|0|0|0|0|0|0|0|0|0|0
DHCST|NY|000|05|0214116|1071|1071|1071|0|0|1071|283|479|9|114|20|47|119|1071|979|92|1071|979|276|463|7|114|20|5|94|92|7|16|2|0|0|42|25|1197|393|540|31|129|20|84|1197|1077|366|518|26|126|20|21|120|27|22|5|3|0|63|1071|952|283|479|9|114|20|47|119|112|47|14|9|0|33|1|5|0|2|0|0|1|0|0|0|7|6|0|0|0|0|0|0|0|1|0|0|0|0|0|0|0|0|0|0|0|0|0|0|0|0|0|0|0|0|0|0|0|0|0|0|0|0|0|0|0|0|0|0|0|0|1071|92|979|885|276|463|7|114|20|5|94|90|47|14|9|0|16|1|3|0|0|0|0|0|0|0|0|4|4|0|0|0|0|0|0|0|0|0|0|0|0|0|0|0|0|0|0|0|0|0|0|0|0|0|0|0|0|0|0|0|0|0|0|0|0|0|0|0|0|0|0|0|0
DHCST|NY|000|05|0214117|16|16|16|0|0|16|5|1|0|5|0|2|3|16|16|0|16|16|5|1|0|5|0|2|3|0|0|0|0|0|0|0|0|19|8|4|0|5|0|2|19|19|8|4|0|5|0|2|0|0|0|0|0|0|0|16|13|5|1|0|5|0|2|3|3|3|0|0|0|0|0|0|0|0|0|0|0|0|0|0|0|0|0|0|0|0|0|0|0|0|0|0|0|0|0|0|0|0|0|0|0|0|0|0|0|0|0|0|0|0|0|0|0|0|0|0|0|0|0|0|0|0|0|0|0|0|16|0|16|13|5|1|0|5|0|2|3|3|3|0|0|0|0|0|0|0|0|0|0|0|0|0|0|0|0|0|0|0|0|0|0|0|0|0|0|0|0|0|0|0|0|0|0|0|0|0|0|0|0|0|0|0|0|0|0|0|0|0|0|0|0|0|0|0|0|0|0|0|0
DHCST|NY|000|05|0214118|115|115|115|0|0|115|23|73|1|1|0|2|15|115|107|8|115|107|21|73|1|1|0|0|11|8|2|0|0|0|0|2|4|134|35|86|4|2|0|7|134|122|32|83|4|2|0|1|12|3|3|0|0|0|6|115|100|23|73|1|1|0|2|15|11|6|0|1|0|1|0|0|0|3|0|0|0|0|0|0|4|3|0|0|1|0|0|0|0|0|0|0|0|0|0|0|0|0|0|0|0|0|0|0|0|0|0|0|0|0|0|0|0|0|0|0|0|0|0|0|0|0|0|0|0|0|115|8|107|96|21|73|1|1|0|0|11|7|6|0|1|0|0|0|0|0|0|0|0|0|0|0|0|4|3|0|0|1|0|0|0|0|0|0|0|0|0|0|0|0|0|0|0|0|0|0|0|0|0|0|0|0|0|0|0|0|0|0|0|0|0|0|0|0|0|0|0|0|0
DHCST|NY|000|05|0214119|39|39|39|0|0|39|3|29|0|0|0|0|7|39|39|0|39|39|3|29|0|0|0|0|7|0|0|0|0|0|0|0|0|46|8|31|0|3|0|4|46|46|8|31|0|3|0|4|0|0|0|0|0|0|0|39|32|3|29|0|0|0|0|7|7|0|0|3|0|2|0|0|0|2|0|0|0|0|0|0|0|0|0|0|0|0|0|0|0|0|0|0|0|0|0|0|0|0|0|0|0|0|0|0|0|0|0|0|0|0|0|0|0|0|0|0|0|0|0|0|0|0|0|0|0|0|39|0|39|32|3|29|0|0|0|0|7|7|0|0|3|0|2|0|0|0|2|0|0|0|0|0|0|0|0|0|0|0|0|0|0|0|0|0|0|0|0|0|0|0|0|0|0|0|0|0|0|0|0|0|0|0|0|0|0|0|0|0|0|0|0|0|0|0|0|0|0|0|0
DHCST|NY|000|05|0214120|82|82|82|0|0|82|50|7|1|11|0|4|9|82|76|6|82|76|49|7|1|11|0|0|8|6|1|0|0|0|0|4|1|92|59|11|5|12|0|5|92|84|57|10|5|12|0|0|8|2|1|0|0|0|5|82|73|50|7|1|11|0|4|9|8|3|4|1|0|0|0|0|0|0|0|0|0|0|0|0|1|0|0|0|1|0|0|0|0|0|0|0|0|0|0|0|0|0|0|0|0|0|0|0|0|0|0|0|0|0|0|0|0|0|0|0|0|0|0|0|0|0|0|0|0|0|82|6|76|68|49|7|1|11|0|0|8|8|3|4|1|0|0|0|0|0|0|0|0|0|0|0|0|0|0|0|0|0|0|0|0|0|0|0|0|0|0|0|0|0|0|0|0|0|0|0|0|0|0|0|0|0|0|0|0|0|0|0|0|0|0|0|0|0|0|0|0|0|0
DHCST|NY|000|05|0214121|15|15|15|0|0|15|6|1|0|0|0|5|3|15|9|6|15|9|6|1|0|0|0|0|2|6|0|0|0|0|0|5|1|20|9|2|1|1|0|7|20|11|8|1|0|1|0|1|9|1|1|1|0|0|6|15|12|6|1|0|0|0|5|3|2|0|0|1|0|1|0|0|0|0|0|0|0|0|0|0|0|0|0|0|0|0|0|0|0|0|0|0|0|0|0|0|0|0|0|0|0|1|0|0|1|0|0|0|0|0|0|0|0|0|0|0|0|0|0|0|0|0|0|0|0|0|15|6|9|7|6|1|0|0|0|0|2|2|0|0|1|0|1|0|0|0|0|0|0|0|0|0|0|0|0|0|0|0|0|0|0|0|0|0|0|0|0|0|0|0|0|0|0|0|0|0|0|0|0|0|0|0|0|0|0|0|0|0|0|0|0|0|0|0|0|0|0|0|0
DHCST|NY|000|05|0214122|49|49|49|0|0|49|30|11|2|0|0|1|5|49|44|5|49|44|30|10|2|0|0|0|2|5|0|1|0|0|0|1|3|54|35|13|2|0|0|4|54|46|32|12|2|0|0|0|8|3|1|0|0|0|4|49|44|30|11|2|0|0|1|5|5|2|0|0|0|3|0|0|0|0|0|0|0|0|0|0|0|0|0|0|0|0|0|0|0|0|0|0|0|0|0|0|0|0|0|0|0|0|0|0|0|0|0|0|0|0|0|0|0|0|0|0|0|0|0|0|0|0|0|0|0|0|49|5|44|42|30|10|2|0|0|0|2|2|2|0|0|0|0|0|0|0|0|0|0|0|0|0|0|0|0|0|0|0|0|0|0|0|0|0|0|0|0|0|0|0|0|0|0|0|0|0|0|0|0|0|0|0|0|0|0|0|0|0|0|0|0|0|0|0|0|0|0|0|0
DHCST|NY|000|05|0214123|48|48|48|0|0|48|12|11|6|6|0|4|9|48|41|7|48|41|12|9|6|6|0|0|8|7|0|2|0|0|0|4|1|57|19|13|9|10|0|6|57|49|18|11|9|10|0|1|8|1|2|0|0|0|5|48|39|12|11|6|6|0|4|9|9|0|3|2|0|2|0|2|0|0|0|0|0|0|0|0|0|0|0|0|0|0|0|0|0|0|0|0|0|0|0|0|0|0|0|0|0|0|0|0|0|0|0|0|0|0|0|0|0|0|0|0|0|0|0|0|0|0|0|0|0|0|48|7|41|33|12|9|6|6|0|0|8|8|0|3|2|0|1|0|2|0|0|0|0|0|0|0|0|0|0|0|0|0|0|0|0|0|0|0|0|0|0|0|0|0|0|0|0|0|0|0|0|0|0|0|0|0|0|0|0|0|0|0|0|0|0|0|0|0|0|0|0|0|0
DHCST|NY|000|05|0214124|55|55|55|0|0|55|23|23|0|1|0|1|7|55|45|10|55|45|20|21|0|1|0|0|3|10|3|2|0|0|0|1|4|64|26|27|2|2|0|7|64|48|22|22|1|1|0|2|16|4|5|1|1|0|5|55|48|23|23|0|1|0|1|7|6|0|0|0|0|2|1|0|0|2|0|0|0|0|1|0|0|0|0|0|0|0|0|0|0|0|0|0|0|0|0|0|0|0|0|0|0|1|0|0|1|0|0|0|0|0|0|0|0|0|0|0|0|0|0|0|0|0|0|0|0|0|55|10|45|42|20|21|0|1|0|0|3|3|0|0|0|0|2|1|0|0|0|0|0|0|0|0|0|0|0|0|0|0|0|0|0|0|0|0|0|0|0|0|0|0|0|0|0|0|0|0|0|0|0|0|0|0|0|0|0|0|0|0|0|0|0|0|0|0|0|0|0|0|0
DHCST|NY|000|05|0214125|0|0|0|0|0|0|0|0|0|0|0|0|0|0|0|0|0|0|0|0|0|0|0|0|0|0|0|0|0|0|0|0|0|0|0|0|0|0|0|0|0|0|0|0|0|0|0|0|0|0|0|0|0|0|0|0|0|0|0|0|0|0|0|0|0|0|0|0|0|0|0|0|0|0|0|0|0|0|0|0|0|0|0|0|0|0|0|0|0|0|0|0|0|0|0|0|0|0|0|0|0|0|0|0|0|0|0|0|0|0|0|0|0|0|0|0|0|0|0|0|0|0|0|0|0|0|0|0|0|0|0|0|0|0|0|0|0|0|0|0|0|0|0|0|0|0|0|0|0|0|0|0|0|0|0|0|0|0|0|0|0|0|0|0|0|0|0|0|0|0|0|0|0|0|0|0|0|0|0|0|0|0|0|0|0|0|0|0|0|0|0|0|0|0|0|0|0|0|0
DHCST|NY|000|05|0214126|0|0|0|0|0|0|0|0|0|0|0|0|0|0|0|0|0|0|0|0|0|0|0|0|0|0|0|0|0|0|0|0|0|0|0|0|0|0|0|0|0|0|0|0|0|0|0|0|0|0|0|0|0|0|0|0|0|0|0|0|0|0|0|0|0|0|0|0|0|0|0|0|0|0|0|0|0|0|0|0|0|0|0|0|0|0|0|0|0|0|0|0|0|0|0|0|0|0|0|0|0|0|0|0|0|0|0|0|0|0|0|0|0|0|0|0|0|0|0|0|0|0|0|0|0|0|0|0|0|0|0|0|0|0|0|0|0|0|0|0|0|0|0|0|0|0|0|0|0|0|0|0|0|0|0|0|0|0|0|0|0|0|0|0|0|0|0|0|0|0|0|0|0|0|0|0|0|0|0|0|0|0|0|0|0|0|0|0|0|0|0|0|0|0|0|0|0|0|0
DHCST|NY|000|05|0214127|1066|1066|1066|0|0|1066|375|474|4|161|0|11|41|1066|1020|46|1066|1020|366|460|1|161|0|0|32|46|9|14|3|0|0|11|9|1109|407|496|11|167|0|28|1109|1052|389|481|6|167|0|9|57|18|15|5|0|0|19|1066|1025|375|474|4|161|0|11|41|39|12|3|6|0|9|2|0|0|7|0|0|0|0|0|0|2|1|0|0|0|0|0|1|0|0|0|0|0|0|0|0|0|0|0|0|0|0|0|0|0|0|0|0|0|0|0|0|0|0|0|0|0|0|0|0|0|0|0|0|0|0|1066|46|1020|988|366|460|1|161|0|0|32|32|12|3|6|0|2|2|0|0|7|0|0|0|0|0|0|0|0|0|0|0|0|0|0|0|0|0|0|0|0|0|0|0|0|0|0|0|0|0|0|0|0|0|0|0|0|0|0|0|0|0|0|0|0|0|0|0|0|0|0|0|0
DHCST|NY|000|05|0214128|50|50|50|0|0|50|24|0|0|17|0|0|9|50|45|5|50|45|23|0|0|17|0|0|5|5|1|0|0|0|0|0|4|59|30|6|1|18|1|3|59|50|26|4|1|18|1|0|9|4|2|0|0|0|3|50|41|24|0|0|17|0|0|9|9|4|0|0|0|2|1|0|0|1|0|0|0|1|0|0|0|0|0|0|0|0|0|0|0|0|0|0|0|0|0|0|0|0|0|0|0|0|0|0|0|0|0|0|0|0|0|0|0|0|0|0|0|0|0|0|0|0|0|0|0|0|50|5|45|40|23|0|0|17|0|0|5|5|3|0|0|0|0|1|0|0|0|0|0|0|1|0|0|0|0|0|0|0|0|0|0|0|0|0|0|0|0|0|0|0|0|0|0|0|0|0|0|0|0|0|0|0|0|0|0|0|0|0|0|0|0|0|0|0|0|0|0|0|0
DHCST|NY|000|05|0214129|296|296|296|0|0|296|102|123|0|32|0|14|25|296|258|38|296|258|89|122|0|32|0|6|9|38|13|1|0|0|0|8|16|324|121|131|4|37|0|31|324|267|93|127|2|37|0|8|57|28|4|2|0|0|23|296|271|102|123|0|32|0|14|25|23|0|0|2|0|15|2|3|0|1|0|0|0|0|0|0|1|1|0|0|0|0|0|0|0|0|0|0|0|0|0|0|0|0|0|0|0|1|0|0|1|0|0|0|0|0|0|0|0|0|0|0|0|0|0|0|0|0|0|0|0|0|296|38|258|249|89|122|0|32|0|6|9|9|0|0|2|0|2|2|3|0|0|0|0|0|0|0|0|0|0|0|0|0|0|0|0|0|0|0|0|0|0|0|0|0|0|0|0|0|0|0|0|0|0|0|0|0|0|0|0|0|0|0|0|0|0|0|0|0|0|0|0|0|0
DHCST|NY|000|05|0214130|64|64|64|0|0|64|14|30|0|2|0|3|15|64|55|9|64|55|13|26|0|2|0|2|12|9|1|4|0|0|0|1|3|82|26|35|2|11|2|6|82|70|23|30|2|11|2|2|12|3|5|0|0|0|4|64|49|14|30|0|2|0|3|15|12|1|0|6|0|2|1|1|0|1|0|0|0|0|0|0|3|1|0|0|0|0|0|0|2|0|0|0|0|0|0|0|0|0|0|0|0|0|0|0|0|0|0|0|0|0|0|0|0|0|0|0|0|0|0|0|0|0|0|0|0|0|64|9|55|43|13|26|0|2|0|2|12|9|1|0|6|0|0|1|1|0|0|0|0|0|0|0|0|3|1|0|0|0|0|0|0|2|0|0|0|0|0|0|0|0|0|0|0|0|0|0|0|0|0|0|0|0|0|0|0|0|0|0|0|0|0|0|0|0|0|0|0|0|0
DHCST|NY|000|05|0214131|555|555|555|0|0|555|516|29|0|9|0|0|1|555|554|1|555|554|516|29|0|9|0|0|0|1|0|0|0|0|0|0|1|556|517|29|0|9|0|1|556|554|516|29|0|9|0|0|2|1|0|0|0|0|1|555|554|516|29|0|9|0|0|1|1|0|0|0|0|1|0|0|0|0|0|0|0|0|0|0|0|0|0|0|0|0|0|0|0|0|0|0|0|0|0|0|0|0|0|0|0|0|0|0|0|0|0|0|0|0|0|0|0|0|0|0|0|0|0|0|0|0|0|0|0|0|555|1|554|554|516|29|0|9|0|0|0|0|0|0|0|0|0|0|0|0|0|0|0|0|0|0|0|0|0|0|0|0|0|0|0|0|0|0|0|0|0|0|0|0|0|0|0|0|0|0|0|0|0|0|0|0|0|0|0|0|0|0|0|0|0|0|0|0|0|0|0|0|0
DHCST|NY|000|05|0214132|0|0|0|0|0|0|0|0|0|0|0|0|0|0|0|0|0|0|0|0|0|0|0|0|0|0|0|0|0|0|0|0|0|0|0|0|0|0|0|0|0|0|0|0|0|0|0|0|0|0|0|0|0|0|0|0|0|0|0|0|0|0|0|0|0|0|0|0|0|0|0|0|0|0|0|0|0|0|0|0|0|0|0|0|0|0|0|0|0|0|0|0|0|0|0|0|0|0|0|0|0|0|0|0|0|0|0|0|0|0|0|0|0|0|0|0|0|0|0|0|0|0|0|0|0|0|0|0|0|0|0|0|0|0|0|0|0|0|0|0|0|0|0|0|0|0|0|0|0|0|0|0|0|0|0|0|0|0|0|0|0|0|0|0|0|0|0|0|0|0|0|0|0|0|0|0|0|0|0|0|0|0|0|0|0|0|0|0|0|0|0|0|0|0|0|0|0|0|0
DHCST|NY|000|05|0214133|0|0|0|0|0|0|0|0|0|0|0|0|0|0|0|0|0|0|0|0|0|0|0|0|0|0|0|0|0|0|0|0|0|0|0|0|0|0|0|0|0|0|0|0|0|0|0|0|0|0|0|0|0|0|0|0|0|0|0|0|0|0|0|0|0|0|0|0|0|0|0|0|0|0|0|0|0|0|0|0|0|0|0|0|0|0|0|0|0|0|0|0|0|0|0|0|0|0|0|0|0|0|0|0|0|0|0|0|0|0|0|0|0|0|0|0|0|0|0|0|0|0|0|0|0|0|0|0|0|0|0|0|0|0|0|0|0|0|0|0|0|0|0|0|0|0|0|0|0|0|0|0|0|0|0|0|0|0|0|0|0|0|0|0|0|0|0|0|0|0|0|0|0|0|0|0|0|0|0|0|0|0|0|0|0|0|0|0|0|0|0|0|0|0|0|0|0|0|0
DHCST|NY|000|05|0214134|0|0|0|0|0|0|0|0|0|0|0|0|0|0|0|0|0|0|0|0|0|0|0|0|0|0|0|0|0|0|0|0|0|0|0|0|0|0|0|0|0|0|0|0|0|0|0|0|0|0|0|0|0|0|0|0|0|0|0|0|0|0|0|0|0|0|0|0|0|0|0|0|0|0|0|0|0|0|0|0|0|0|0|0|0|0|0|0|0|0|0|0|0|0|0|0|0|0|0|0|0|0|0|0|0|0|0|0|0|0|0|0|0|0|0|0|0|0|0|0|0|0|0|0|0|0|0|0|0|0|0|0|0|0|0|0|0|0|0|0|0|0|0|0|0|0|0|0|0|0|0|0|0|0|0|0|0|0|0|0|0|0|0|0|0|0|0|0|0|0|0|0|0|0|0|0|0|0|0|0|0|0|0|0|0|0|0|0|0|0|0|0|0|0|0|0|0|0|0
DHCST|NY|000|05|0214135|34|34|34|0|0|34|8|0|0|4|0|10|12|34|20|14|34|20|8|0|0|4|0|0|8|14|0|0|0|0|0|10|4|52|17|8|3|7|0|17|52|30|13|5|0|7|0|5|22|4|3|3|0|0|12|34|22|8|0|0|4|0|10|12|7|2|0|0|0|2|0|1|0|0|0|0|0|0|2|0|4|2|0|0|2|0|0|0|0|0|0|0|0|0|0|0|0|0|0|0|0|1|0|0|1|0|0|0|0|0|0|0|0|0|0|0|0|0|0|0|0|0|0|0|0|0|34|14|20|12|8|0|0|4|0|0|8|6|2|0|0|0|1|0|1|0|0|0|0|0|0|2|0|2|0|0|0|2|0|0|0|0|0|0|0|0|0|0|0|0|0|0|0|0|0|0|0|0|0|0|0|0|0|0|0|0|0|0|0|0|0|0|0|0|0|0|0|0|0
DHCST|NY|000|05|0214136|28|28|28|0|0|28|20|0|0|8|0|0|0|28|28|0|28|28|20|0|0|8|0|0|0|0|0|0|0|0|0|0|0|28|20|0|0|8|0|0|28|28|20|0|0|8|0|0|0|0|0|0|0|0|0|28|28|20|0|0|8|0|0|0|0|0|0|0|0|0|0|0|0|0|0|0|0|0|0|0|0|0|0|0|0|0|0|0|0|0|0|0|0|0|0|0|0|0|0|0|0|0|0|0|0|0|0|0|0|0|0|0|0|0|0|0|0|0|0|0|0|0|0|0|0|0|28|0|28|28|20|0|0|8|0|0|0|0|0|0|0|0|0|0|0|0|0|0|0|0|0|0|0|0|0|0|0|0|0|0|0|0|0|0|0|0|0|0|0|0|0|0|0|0|0|0|0|0|0|0|0|0|0|0|0|0|0|0|0|0|0|0|0|0|0|0|0|0|0
DHCST|NY|000|05|0214137|26|26|26|0|0|26|22|2|0|2|0|0|0|26|26|0|26|26|22|2|0|2|0|0|0|0|0|0|0|0|0|0|0|26|22|2|0|2|0|0|26|26|22|2|0|2|0|0|0|0|0|0|0|0|0|26|26|22|2|0|2|0|0|0|0|0|0|0|0|0|0|0|0|0|0|0|0|0|0|0|0|0|0|0|0|0|0|0|0|0|0|0|0|0|0|0|0|0|0|0|0|0|0|0|0|0|0|0|0|0|0|0|0|0|0|0|0|0|0|0|0|0|0|0|0|0|26|0|26|26|22|2|0|2|0|0|0|0|0|0|0|0|0|0|0|0|0|0|0|0|0|0|0|0|0|0|0|0|0|0|0|0|0|0|0|0|0|0|0|0|0|0|0|0|0|0|0|0|0|0|0|0|0|0|0|0|0|0|0|0|0|0|0|0|0|0|0|0|0
DHCST|NY|000|05|0214138|46|46|46|0|0|46|30|5|0|1|0|2|8|46|42|4|46|42|30|5|0|1|0|0|6|4|0|0|0|0|0|2|2|54|38|9|0|3|0|4|54|48|36|9|0|3|0|0|6|2|0|0|0|0|4|46|38|30|5|0|1|0|2|8|8|4|0|2|0|2|0|0|0|0|0|0|0|0|0|0|0|0|0|0|0|0|0|0|0|0|0|0|0|0|0|0|0|0|0|0|0|0|0|0|0|0|0|0|0|0|0|0|0|0|0|0|0|0|0|0|0|0|0|0|0|0|46|4|42|36|30|5|0|1|0|0|6|6|4|0|2|0|0|0|0|0|0|0|0|0|0|0|0|0|0|0|0|0|0|0|0|0|0|0|0|0|0|0|0|0|0|0|0|0|0|0|0|0|0|0|0|0|0|0|0|0|0|0|0|0|0|0|0|0|0|0|0|0|0
DHCST|NY|000|05|0214139|48|48|48|0|0|48|38|4|0|5|0|0|1|48|47|1|48|47|38|4|0|5|0|0|0|1|0|0|0|0|0|0|1|49|38|5|0|5|0|1|49|47|38|4|0|5|0|0|2|0|1|0|0|0|1|48|47|38|4|0|5|0|0|1|1|0|0|0|0|0|0|0|0|1|0|0|0|0|0|0|0|0|0|0|0|0|0|0|0|0|0|0|0|0|0|0|0|0|0|0|0|0|0|0|0|0|0|0|0|0|0|0|0|0|0|0|0|0|0|0|0|0|0|0|0|0|48|1|47|47|38|4|0|5|0|0|0|0|0|0|0|0|0|0|0|0|0|0|0|0|0|0|0|0|0|0|0|0|0|0|0|0|0|0|0|0|0|0|0|0|0|0|0|0|0|0|0|0|0|0|0|0|0|0|0|0|0|0|0|0|0|0|0|0|0|0|0|0|0
DHCST|NY|000|05|0214140|121|121|121|0|0|121|109|1|0|0|0|4|7|121|114|7|121|114|107|1|0|0|0|0|6|7|2|0|0|0|0|4|1|128|116|4|0|3|0|5|128|120|113|4|0|3|0|0|8|3|0|0|0|0|5|121|114|109|1|0|0|0|4|7|7|3|0|3|0|1|0|0|0|0|0|0|0|0|0|0|0|0|0|0|0|0|0|0|0|0|0|0|0|0|0|0|0|0|0|0|0|0|0|0|0|0|0|0|0|0|0|0|0|0|0|0|0|0|0|0|0|0|0|0|0|0|121|7|114|108|107|1|0|0|0|0|6|6|3|0|3|0|0|0|0|0|0|0|0|0|0|0|0|0|0|0|0|0|0|0|0|0|0|0|0|0|0|0|0|0|0|0|0|0|0|0|0|0|0|0|0|0|0|0|0|0|0|0|0|0|0|0|0|0|0|0|0|0|0
DHCST|NY|000|05|0214141|0|0|0|0|0|0|0|0|0|0|0|0|0|0|0|0|0|0|0|0|0|0|0|0|0|0|0|0|0|0|0|0|0|0|0|0|0|0|0|0|0|0|0|0|0|0|0|0|0|0|0|0|0|0|0|0|0|0|0|0|0|0|0|0|0|0|0|0|0|0|0|0|0|0|0|0|0|0|0|0|0|0|0|0|0|0|0|0|0|0|0|0|0|0|0|0|0|0|0|0|0|0|0|0|0|0|0|0|0|0|0|0|0|0|0|0|0|0|0|0|0|0|0|0|0|0|0|0|0|0|0|0|0|0|0|0|0|0|0|0|0|0|0|0|0|0|0|0|0|0|0|0|0|0|0|0|0|0|0|0|0|0|0|0|0|0|0|0|0|0|0|0|0|0|0|0|0|0|0|0|0|0|0|0|0|0|0|0|0|0|0|0|0|0|0|0|0|0|0
DHCST|NY|000|05|0214142|0|0|0|0|0|0|0|0|0|0|0|0|0|0|0|0|0|0|0|0|0|0|0|0|0|0|0|0|0|0|0|0|0|0|0|0|0|0|0|0|0|0|0|0|0|0|0|0|0|0|0|0|0|0|0|0|0|0|0|0|0|0|0|0|0|0|0|0|0|0|0|0|0|0|0|0|0|0|0|0|0|0|0|0|0|0|0|0|0|0|0|0|0|0|0|0|0|0|0|0|0|0|0|0|0|0|0|0|0|0|0|0|0|0|0|0|0|0|0|0|0|0|0|0|0|0|0|0|0|0|0|0|0|0|0|0|0|0|0|0|0|0|0|0|0|0|0|0|0|0|0|0|0|0|0|0|0|0|0|0|0|0|0|0|0|0|0|0|0|0|0|0|0|0|0|0|0|0|0|0|0|0|0|0|0|0|0|0|0|0|0|0|0|0|0|0|0|0|0
DHCST|NY|000|05|0214143|41|41|41|0|0|41|30|3|0|4|0|0|4|41|40|1|41|40|30|3|0|4|0|0|3|1|0|0|0|0|0|0|1|45|34|3|0|7|0|1|45|43|33|3|0|7|0|0|2|1|0|0|0|0|1|41|37|30|3|0|4|0|0|4|4|0|0|3|0|1|0|0|0|0|0|0|0|0|0|0|0|0|0|0|0|0|0|0|0|0|0|0|0|0|0|0|0|0|0|0|0|0|0|0|0|0|0|0|0|0|0|0|0|0|0|0|0|0|0|0|0|0|0|0|0|0|41|1|40|37|30|3|0|4|0|0|3|3|0|0|3|0|0|0|0|0|0|0|0|0|0|0|0|0|0|0|0|0|0|0|0|0|0|0|0|0|0|0|0|0|0|0|0|0|0|0|0|0|0|0|0|0|0|0|0|0|0|0|0|0|0|0|0|0|0|0|0|0|0
DHCST|NY|000|05|0214144|95|95|95|0|0|95|75|5|0|3|0|10|2|95|89|6|95|89|75|5|0|3|0|4|2|6|0|0|0|0|0|6|0|97|77|5|0|5|0|10|97|91|77|5|0|5|0|4|6|0|0|0|0|0|6|95|93|75|5|0|3|0|10|2|2|0|0|2|0|0|0|0|0|0|0|0|0|0|0|0|0|0|0|0|0|0|0|0|0|0|0|0|0|0|0|0|0|0|0|0|0|0|0|0|0|0|0|0|0|0|0|0|0|0|0|0|0|0|0|0|0|0|0|0|0|0|95|6|89|87|75|5|0|3|0|4|2|2|0|0|2|0|0|0|0|0|0|0|0|0|0|0|0|0|0|0|0|0|0|0|0|0|0|0|0|0|0|0|0|0|0|0|0|0|0|0|0|0|0|0|0|0|0|0|0|0|0|0|0|0|0|0|0|0|0|0|0|0|0
DHCST|NY|000|05|0214145|95|95|95|0|0|95|76|4|0|12|0|0|3|95|93|2|95|93|76|4|0|12|0|0|1|2|0|0|0|0|0|0|2|98|77|6|0|13|0|2|98|94|77|4|0|13|0|0|4|0|2|0|0|0|2|95|92|76|4|0|12|0|0|3|3|0|0|1|0|0|0|0|0|2|0|0|0|0|0|0|0|0|0|0|0|0|0|0|0|0|0|0|0|0|0|0|0|0|0|0|0|0|0|0|0|0|0|0|0|0|0|0|0|0|0|0|0|0|0|0|0|0|0|0|0|0|95|2|93|92|76|4|0|12|0|0|1|1|0|0|1|0|0|0|0|0|0|0|0|0|0|0|0|0|0|0|0|0|0|0|0|0|0|0|0|0|0|0|0|0|0|0|0|0|0|0|0|0|0|0|0|0|0|0|0|0|0|0|0|0|0|0|0|0|0|0|0|0|0
DHCST|NY|000|05|0214146|97|97|97|0|0|97|67|16|0|10|0|0|4|97|94|3|97|94|65|16|0|10|0|0|3|3|2|0|0|0|0|0|1|101|71|17|0|10|0|3|101|97|68|16|0|10|0|3|4|3|1|0|0|0|0|97|93|67|16|0|10|0|0|4|4|1|0|0|0|3|0|0|0|0|0|0|0|0|0|0|0|0|0|0|0|0|0|0|0|0|0|0|0|0|0|0|0|0|0|0|0|0|0|0|0|0|0|0|0|0|0|0|0|0|0|0|0|0|0|0|0|0|0|0|0|0|97|3|94|91|65|16|0|10|0|0|3|3|0|0|0|0|3|0|0|0|0|0|0|0|0|0|0|0|0|0|0|0|0|0|0|0|0|0|0|0|0|0|0|0|0|0|0|0|0|0|0|0|0|0|0|0|0|0|0|0|0|0|0|0|0|0|0|0|0|0|0|0|0
DHCST|NY|000|05|0214147|54|54|54|0|0|54|47|3|0|3|0|0|1|54|54|0|54|54|47|3|0|3|0|0|1|0|0|0|0|0|0|0|0|55|48|4|0|3|0|0|55|55|48|4|0|3|0|0|0|0|0|0|0|0|0|54|53|47|3|0|3|0|0|1|1|1|0|0|0|0|0|0|0|0|0|0|0|0|0|0|0|0|0|0|0|0|0|0|0|0|0|0|0|0|0|0|0|0|0|0|0|0|0|0|0|0|0|0|0|0|0|0|0|0|0|0|0|0|0|0|0|0|0|0|0|0|54|0|54|53|47|3|0|3|0|0|1|1|1|0|0|0|0|0|0|0|0|0|0|0|0|0|0|0|0|0|0|0|0|0|0|0|0|0|0|0|0|0|0|0|0|0|0|0|0|0|0|0|0|0|0|0|0|0|0|0|0|0|0|0|0|0|0|0|0|0|0|0|0
DHCST|NY|000|05|0214148|0|0|0|0|0|0|0|0|0|0|0|0|0|0|0|0|0|0|0|0|0|0|0|0|0|0|0|0|0|0|0|0|0|0|0|0|0|0|0|0|0|0|0|0|0|0|0|0|0|0|0|0|0|0|0|0|0|0|0|0|0|0|0|0|0|0|0|0|0|0|0|0|0|0|0|0|0|0|0|0|0|0|0|0|0|0|0|0|0|0|0|0|0|0|0|0|0|0|0|0|0|0|0|0|0|0|0|0|0|0|0|0|0|0|0|0|0|0|0|0|0|0|0|0|0|0|0|0|0|0|0|0|0|0|0|0|0|0|0|0|0|0|0|0|0|0|0|0|0|0|0|0|0|0|0|0|0|0|0|0|0|0|0|0|0|0|0|0|0|0|0|0|0|0|0|0|0|0|0|0|0|0|0|0|0|0|0|0|0|0|0|0|0|0|0|0|0|0|0
DHCST|NY|000|05|0214149|28|28|28|0|0|28|19|4|0|1|0|2|2|28|25|3|28|25|19|4|0|1|0|0|1|3|0|0|0|0|0|2|1|30|20|5|0|2|0|3|30|26|20|5|0|1|0|0|4|0|0|0|1|0|3|28|26|19|4|0|1|0|2|2|2|1|0|0|0|0|0|0|0|0|0|0|0|0|1|0|0|0|0|0|0|0|0|0|0|0|0|0|0|0|0|0|0|0|0|0|0|0|0|0|0|0|0|0|0|0|0|0|0|0|0|0|0|0|0|0|0|0|0|0|0|0|28|3|25|24|19|4|0|1|0|0|1|1|1|0|0|0|0|0|0|0|0|0|0|0|0|0|0|0|0|0|0|0|0|0|0|0|0|0|0|0|0|0|0|0|0|0|0|0|0|0|0|0|0|0|0|0|0|0|0|0|0|0|0|0|0|0|0|0|0|0|0|0|0
DHCST|NY|000|05|0214150|37|37|37|0|0|37|25|4|0|2|0|2|4|37|33|4|37|33|24|4|0|2|0|2|1|4|1|0|0|0|0|0|3|41|28|5|0|3|0|5|41|34|25|4|0|3|0|2|7|3|1|0|0|0|3|37|33|25|4|0|2|0|2|4|4|0|0|1|0|2|0|0|0|1|0|0|0|0|0|0|0|0|0|0|0|0|0|0|0|0|0|0|0|0|0|0|0|0|0|0|0|0|0|0|0|0|0|0|0|0|0|0|0|0|0|0|0|0|0|0|0|0|0|0|0|0|37|4|33|32|24|4|0|2|0|2|1|1|0|0|1|0|0|0|0|0|0|0|0|0|0|0|0|0|0|0|0|0|0|0|0|0|0|0|0|0|0|0|0|0|0|0|0|0|0|0|0|0|0|0|0|0|0|0|0|0|0|0|0|0|0|0|0|0|0|0|0|0|0
DHCST|NY|000|05|0214151|0|0|0|0|0|0|0|0|0|0|0|0|0|0|0|0|0|0|0|0|0|0|0|0|0|0|0|0|0|0|0|0|0|0|0|0|0|0|0|0|0|0|0|0|0|0|0|0|0|0|0|0|0|0|0|0|0|0|0|0|0|0|0|0|0|0|0|0|0|0|0|0|0|0|0|0|0|0|0|0|0|0|0|0|0|0|0|0|0|0|0|0|0|0|0|0|0|0|0|0|0|0|0|0|0|0|0|0|0|0|0|0|0|0|0|0|0|0|0|0|0|0|0|0|0|0|0|0|0|0|0|0|0|0|0|0|0|0|0|0|0|0|0|0|0|0|0|0|0|0|0|0|0|0|0|0|0|0|0|0|0|0|0|0|0|0|0|0|0|0|0|0|0|0|0|0|0|0|0|0|0|0|0|0|0|0|0|0|0|0|0|0|0|0|0|0|0|0|0
DHCST|NY|000|05|0214152|0|0|0|0|0|0|0|0|0|0|0|0|0|0|0|0|0|0|0|0|0|0|0|0|0|0|0|0|0|0|0|0|0|0|0|0|0|0|0|0|0|0|0|0|0|0|0|0|0|0|0|0|0|0|0|0|0|0|0|0|0|0|0|0|0|0|0|0|0|0|0|0|0|0|0|0|0|0|0|0|0|0|0|0|0|0|0|0|0|0|0|0|0|0|0|0|0|0|0|0|0|0|0|0|0|0|0|0|0|0|0|0|0|0|0|0|0|0|0|0|0|0|0|0|0|0|0|0|0|0|0|0|0|0|0|0|0|0|0|0|0|0|0|0|0|0|0|0|0|0|0|0|0|0|0|0|0|0|0|0|0|0|0|0|0|0|0|0|0|0|0|0|0|0|0|0|0|0|0|0|0|0|0|0|0|0|0|0|0|0|0|0|0|0|0|0|0|0|0
DHCST|NY|000|05|0214153|0|0|0|0|0|0|0|0|0|0|0|0|0|0|0|0|0|0|0|0|0|0|0|0|0|0|0|0|0|0|0|0|0|0|0|0|0|0|0|0|0|0|0|0|0|0|0|0|0|0|0|0|0|0|0|0|0|0|0|0|0|0|0|0|0|0|0|0|0|0|0|0|0|0|0|0|0|0|0|0|0|0|0|0|0|0|0|0|0|0|0|0|0|0|0|0|0|0|0|0|0|0|0|0|0|0|0|0|0|0|0|0|0|0|0|0|0|0|0|0|0|0|0|0|0|0|0|0|0|0|0|0|0|0|0|0|0|0|0|0|0|0|0|0|0|0|0|0|0|0|0|0|0|0|0|0|0|0|0|0|0|0|0|0|0|0|0|0|0|0|0|0|0|0|0|0|0|0|0|0|0|0|0|0|0|0|0|0|0|0|0|0|0|0|0|0|0|0|0
DHCST|NY|000|05|0214154|65|65|65|0|0|65|50|4|0|7|0|2|2|65|62|3|65|62|49|4|0|7|0|0|2|3|1|0|0|0|0|2|0|68|52|4|1|9|0|2|68|65|51|4|1|9|0|0|3|1|0|0|0|0|2|65|63|50|4|0|7|0|2|2|1|0|0|1|0|0|0|0|0|0|0|0|0|0|0|0|1|0|0|0|0|1|0|0|0|0|0|0|0|0|0|0|0|0|0|0|0|0|0|0|0|0|0|0|0|0|0|0|0|0|0|0|0|0|0|0|0|0|0|0|0|0|65|3|62|60|49|4|0|7|0|0|2|1|0|0|1|0|0|0|0|0|0|0|0|0|0|0|0|1|0|0|0|0|1|0|0|0|0|0|0|0|0|0|0|0|0|0|0|0|0|0|0|0|0|0|0|0|0|0|0|0|0|0|0|0|0|0|0|0|0|0|0|0|0
DHCST|NY|000|05|0214155|64|64|64|0|0|64|38|6|0|8|0|1|11|64|60|4|64|60|35|6|0|8|0|0|11|4|3|0|0|0|0|1|0|78|49|11|0|12|3|3|78|74|46|11|0|12|3|2|4|3|0|0|0|0|1|64|53|38|6|0|8|0|1|11|8|5|0|1|0|2|0|0|0|0|0|0|0|0|0|0|3|0|0|0|0|0|0|0|3|0|0|0|0|0|0|0|0|0|0|0|0|0|0|0|0|0|0|0|0|0|0|0|0|0|0|0|0|0|0|0|0|0|0|0|0|0|64|4|60|49|35|6|0|8|0|0|11|8|5|0|1|0|2|0|0|0|0|0|0|0|0|0|0|3|0|0|0|0|0|0|0|3|0|0|0|0|0|0|0|0|0|0|0|0|0|0|0|0|0|0|0|0|0|0|0|0|0|0|0|0|0|0|0|0|0|0|0|0|0
DHCST|NY|000|05|0214156|0|0|0|0|0|0|0|0|0|0|0|0|0|0|0|0|0|0|0|0|0|0|0|0|0|0|0|0|0|0|0|0|0|0|0|0|0|0|0|0|0|0|0|0|0|0|0|0|0|0|0|0|0|0|0|0|0|0|0|0|0|0|0|0|0|0|0|0|0|0|0|0|0|0|0|0|0|0|0|0|0|0|0|0|0|0|0|0|0|0|0|0|0|0|0|0|0|0|0|0|0|0|0|0|0|0|0|0|0|0|0|0|0|0|0|0|0|0|0|0|0|0|0|0|0|0|0|0|0|0|0|0|0|0|0|0|0|0|0|0|0|0|0|0|0|0|0|0|0|0|0|0|0|0|0|0|0|0|0|0|0|0|0|0|0|0|0|0|0|0|0|0|0|0|0|0|0|0|0|0|0|0|0|0|0|0|0|0|0|0|0|0|0|0|0|0|0|0|0
DHCST|NY|000|05|0214157|123|123|123|0|0|123|87|23|0|1|0|4|8|123|118|5|123|118|87|23|0|1|0|3|4|5|0|0|0|0|0|1|4|131|94|28|1|1|0|7|131|122|90|27|1|1|0|3|9|4|1|0|0|0|4|123|115|87|23|0|1|0|4|8|8|4|0|0|0|3|1|0|0|0|0|0|0|0|0|0|0|0|0|0|0|0|0|0|0|0|0|0|0|0|0|0|0|0|0|0|0|0|0|0|0|0|0|0|0|0|0|0|0|0|0|0|0|0|0|0|0|0|0|0|0|0|123|5|118|114|87|23|0|1|0|3|4|4|3|0|0|0|0|1|0|0|0|0|0|0|0|0|0|0|0|0|0|0|0|0|0|0|0|0|0|0|0|0|0|0|0|0|0|0|0|0|0|0|0|0|0|0|0|0|0|0|0|0|0|0|0|0|0|0|0|0|0|0|0
DHCST|NY|000|05|0214158|78|78|78|0|0|78|39|13|0|7|0|0|19|78|73|5|78|73|39|13|0|7|0|0|14|5|0|0|0|0|0|0|5|100|57|22|4|12|0|5|100|90|52|22|4|12|0|0|10|5|0|0|0|0|5|78|59|39|13|0|7|0|0|19|16|5|0|5|0|5|1|0|0|0|0|0|0|0|0|0|3|3|0|0|0|0|0|0|0|0|0|0|0|0|0|0|0|0|0|0|0|0|0|0|0|0|0|0|0|0|0|0|0|0|0|0|0|0|0|0|0|0|0|0|0|0|78|5|73|59|39|13|0|7|0|0|14|11|5|0|5|0|0|1|0|0|0|0|0|0|0|0|0|3|3|0|0|0|0|0|0|0|0|0|0|0|0|0|0|0|0|0|0|0|0|0|0|0|0|0|0|0|0|0|0|0|0|0|0|0|0|0|0|0|0|0|0|0|0
DHCST|NY|000|05|0214159|17|17|17|0|0|17|7|0|0|0|0|4|6|17|11|6|17|11|7|0|0|0|0|3|1|6|0|0|0|0|0|1|5|23|13|0|0|1|0|9|23|12|8|0|0|1|0|3|11|5|0|0|0|0|6|17|11|7|0|0|0|0|4|6|6|0|0|1|0|5|0|0|0|0|0|0|0|0|0|0|0|0|0|0|0|0|0|0|0|0|0|0|0|0|0|0|0|0|0|0|0|0|0|0|0|0|0|0|0|0|0|0|0|0|0|0|0|0|0|0|0|0|0|0|0|0|17|6|11|10|7|0|0|0|0|3|1|1|0|0|1|0|0|0|0|0|0|0|0|0|0|0|0|0|0|0|0|0|0|0|0|0|0|0|0|0|0|0|0|0|0|0|0|0|0|0|0|0|0|0|0|0|0|0|0|0|0|0|0|0|0|0|0|0|0|0|0|0|0
DHCST|NY|000|05|0214160|36|36|36|0|0|36|21|8|0|0|0|2|5|36|34|2|36|34|21|8|0|0|0|0|5|2|0|0|0|0|0|2|0|41|26|12|1|0|0|2|41|39|26|12|1|0|0|0|2|0|0|0|0|0|2|36|31|21|8|0|0|0|2|5|5|4|1|0|0|0|0|0|0|0|0|0|0|0|0|0|0|0|0|0|0|0|0|0|0|0|0|0|0|0|0|0|0|0|0|0|0|0|0|0|0|0|0|0|0|0|0|0|0|0|0|0|0|0|0|0|0|0|0|0|0|0|36|2|34|29|21|8|0|0|0|0|5|5|4|1|0|0|0|0|0|0|0|0|0|0|0|0|0|0|0|0|0|0|0|0|0|0|0|0|0|0|0|0|0|0|0|0|0|0|0|0|0|0|0|0|0|0|0|0|0|0|0|0|0|0|0|0|0|0|0|0|0|0|0
DHCST|NY|000|05|0214161|52|52|52|0|0|52|40|5|0|3|0|0|4|52|52|0|52|52|40|5|0|3|0|0|4|0|0|0|0|0|0|0|0|57|44|5|1|7|0|0|57|57|44|5|1|7|0|0|0|0|0|0|0|0|0|52|48|40|5|0|3|0|0|4|3|0|0|3|0|0|0|0|0|0|0|0|0|0|0|0|1|0|0|0|0|1|0|0|0|0|0|0|0|0|0|0|0|0|0|0|0|0|0|0|0|0|0|0|0|0|0|0|0|0|0|0|0|0|0|0|0|0|0|0|0|0|52|0|52|48|40|5|0|3|0|0|4|3|0|0|3|0|0|0|0|0|0|0|0|0|0|0|0|1|0|0|0|0|1|0|0|0|0|0|0|0|0|0|0|0|0|0|0|0|0|0|0|0|0|0|0|0|0|0|0|0|0|0|0|0|0|0|0|0|0|0|0|0|0
DHCST|NY|000|05|0214162|21|21|21|0|0|21|18|0|0|2|0|0|1|21|21|0|21|21|18|0|0|2|0|0|1|0|0|0|0|0|0|0|0|22|19|1|0|2|0|0|22|22|19|1|0|2|0|0|0|0|0|0|0|0|0|21|20|18|0|0|2|0|0|1|1|1|0|0|0|0|0|0|0|0|0|0|0|0|0|0|0|0|0|0|0|0|0|0|0|0|0|0|0|0|0|0|0|0|0|0|0|0|0|0|0|0|0|0|0|0|0|0|0|0|0|0|0|0|0|0|0|0|0|0|0|0|21|0|21|20|18|0|0|2|0|0|1|1|1|0|0|0|0|0|0|0|0|0|0|0|0|0|0|0|0|0|0|0|0|0|0|0|0|0|0|0|0|0|0|0|0|0|0|0|0|0|0|0|0|0|0|0|0|0|0|0|0|0|0|0|0|0|0|0|0|0|0|0|0
DHCST|NY|000|05|0214163|47|47|47|0|0|47|30|8|0|1|0|3|5|47|43|4|47|43|29|7|0|1|0|2|4|4|1|1|0|0|0|1|1|53|34|10|2|1|0|6|53|48|32|9|2|1|0|4|5|2|1|0|0|0|2|47|42|30|8|0|1|0|3|5|4|1|1|0|0|1|0|0|0|1|0|0|0|0|0|0|1|0|0|0|0|0|0|1|0|0|0|0|0|0|0|0|0|0|0|0|0|0|0|0|0|0|0|0|0|0|0|0|0|0|0|0|0|0|0|0|0|0|0|0|0|0|47|4|43|39|29|7|0|1|0|2|4|3|1|1|0|0|0|0|0|0|1|0|0|0|0|0|0|1|0|0|0|0|0|0|1|0|0|0|0|0|0|0|0|0|0|0|0|0|0|0|0|0|0|0|0|0|0|0|0|0|0|0|0|0|0|0|0|0|0|0|0|0|0
DHCST|NY|000|05|0214164|0|0|0|0|0|0|0|0|0|0|0|0|0|0|0|0|0|0|0|0|0|0|0|0|0|0|0|0|0|0|0|0|0|0|0|0|0|0|0|0|0|0|0|0|0|0|0|0|0|0|0|0|0|0|0|0|0|0|0|0|0|0|0|0|0|0|0|0|0|0|0|0|0|0|0|0|0|0|0|0|0|0|0|0|0|0|0|0|0|0|0|0|0|0|0|0|0|0|0|0|0|0|0|0|0|0|0|0|0|0|0|0|0|0|0|0|0|0|0|0|0|0|0|0|0|0|0|0|0|0|0|0|0|0|0|0|0|0|0|0|0|0|0|0|0|0|0|0|0|0|0|0|0|0|0|0|0|0|0|0|0|0|0|0|0|0|0|0|0|0|0|0|0|0|0|0|0|0|0|0|0|0|0|0|0|0|0|0|0|0|0|0|0|0|0|0|0|0|0
DHCST|NY|000|05|0214165|0|0|0|0|0|0|0|0|0|0|0|0|0|0|0|0|0|0|0|0|0|0|0|0|0|0|0|0|0|0|0|0|0|0|0|0|0|0|0|0|0|0|0|0|0|0|0|0|0|0|0|0|0|0|0|0|0|0|0|0|0|0|0|0|0|0|0|0|0|0|0|0|0|0|0|0|0|0|0|0|0|0|0|0|0|0|0|0|0|0|0|0|0|0|0|0|0|0|0|0|0|0|0|0|0|0|0|0|0|0|0|0|0|0|0|0|0|0|0|0|0|0|0|0|0|0|0|0|0|0|0|0|0|0|0|0|0|0|0|0|0|0|0|0|0|0|0|0|0|0|0|0|0|0|0|0|0|0|0|0|0|0|0|0|0|0|0|0|0|0|0|0|0|0|0|0|0|0|0|0|0|0|0|0|0|0|0|0|0|0|0|0|0|0|0|0|0|0|0
DHCST|NY|000|05|0214166|34|34|34|0|0|34|23|5|2|3|0|0|1|34|34|0|34|34|23|5|2|3|0|0|1|0|0|0|0|0|0|0|0|35|24|6|2|3|0|0|35|35|24|6|2|3|0|0|0|0|0|0|0|0|0|34|33|23|5|2|3|0|0|1|1|1|0|0|0|0|0|0|0|0|0|0|0|0|0|0|0|0|0|0|0|0|0|0|0|0|0|0|0|0|0|0|0|0|0|0|0|0|0|0|0|0|0|0|0|0|0|0|0|0|0|0|0|0|0|0|0|0|0|0|0|0|34|0|34|33|23|5|2|3|0|0|1|1|1|0|0|0|0|0|0|0|0|0|0|0|0|0|0|0|0|0|0|0|0|0|0|0|0|0|0|0|0|0|0|0|0|0|0|0|0|0|0|0|0|0|0|0|0|0|0|0|0|0|0|0|0|0|0|0|0|0|0|0|0
DHCST|NY|000|05|0214167|26|26|26|0|0|26|24|0|0|2|0|0|0|26|26|0|26|26|24|0|0|2|0|0|0|0|0|0|0|0|0|0|0|26|24|0|0|2|0|0|26|26|24|0|0|2|0|0|0|0|0|0|0|0|0|26|26|24|0|0|2|0|0|0|0|0|0|0|0|0|0|0|0|0|0|0|0|0|0|0|0|0|0|0|0|0|0|0|0|0|0|0|0|0|0|0|0|0|0|0|0|0|0|0|0|0|0|0|0|0|0|0|0|0|0|0|0|0|0|0|0|0|0|0|0|0|26|0|26|26|24|0|0|2|0|0|0|0|0|0|0|0|0|0|0|0|0|0|0|0|0|0|0|0|0|0|0|0|0|0|0|0|0|0|0|0|0|0|0|0|0|0|0|0|0|0|0|0|0|0|0|0|0|0|0|0|0|0|0|0|0|0|0|0|0|0|0|0|0
DHCST|NY|000|05|0214168|0|0|0|0|0|0|0|0|0|0|0|0|0|0|0|0|0|0|0|0|0|0|0|0|0|0|0|0|0|0|0|0|0|0|0|0|0|0|0|0|0|0|0|0|0|0|0|0|0|0|0|0|0|0|0|0|0|0|0|0|0|0|0|0|0|0|0|0|0|0|0|0|0|0|0|0|0|0|0|0|0|0|0|0|0|0|0|0|0|0|0|0|0|0|0|0|0|0|0|0|0|0|0|0|0|0|0|0|0|0|0|0|0|0|0|0|0|0|0|0|0|0|0|0|0|0|0|0|0|0|0|0|0|0|0|0|0|0|0|0|0|0|0|0|0|0|0|0|0|0|0|0|0|0|0|0|0|0|0|0|0|0|0|0|0|0|0|0|0|0|0|0|0|0|0|0|0|0|0|0|0|0|0|0|0|0|0|0|0|0|0|0|0|0|0|0|0|0|0
DHCST|NY|000|05|0214169|31|31|31|0|0|31|22|3|1|5|0|0|0|31|31|0|31|31|22|3|1|5|0|0|0|0|0|0|0|0|0|0|0|31|22|3|1|5|0|0|31|31|22|3|1|5|0|0|0|0|0|0|0|0|0|31|31|22|3|1|5|0|0|0|0|0|0|0|0|0|0|0|0|0|0|0|0|0|0|0|0|0|0|0|0|0|0|0|0|0|0|0|0|0|0|0|0|0|0|0|0|0|0|0|0|0|0|0|0|0|0|0|0|0|0|0|0|0|0|0|0|0|0|0|0|0|31|0|31|31|22|3|1|5|0|0|0|0|0|0|0|0|0|0|0|0|0|0|0|0|0|0|0|0|0|0|0|0|0|0|0|0|0|0|0|0|0|0|0|0|0|0|0|0|0|0|0|0|0|0|0|0|0|0|0|0|0|0|0|0|0|0|0|0|0|0|0|0|0
DHCST|NY|000|05|0214170|58|58|58|0|0|58|41|15|0|0|0|0|2|58|57|1|58|57|41|15|0|0|0|0|1|1|0|0|0|0|0|0|1|62|43|16|1|0|0|2|62|58|42|15|0|0|0|1|4|1|1|1|0|0|1|58|56|41|15|0|0|0|0|2|1|0|0|0|0|1|0|0|0|0|0|0|0|0|0|0|0|0|0|0|0|0|0|0|0|0|0|0|0|0|0|0|0|0|0|0|0|1|0|0|1|0|0|0|0|0|0|0|0|0|0|0|0|0|0|0|0|0|0|0|0|0|58|1|57|56|41|15|0|0|0|0|1|1|0|0|0|0|1|0|0|0|0|0|0|0|0|0|0|0|0|0|0|0|0|0|0|0|0|0|0|0|0|0|0|0|0|0|0|0|0|0|0|0|0|0|0|0|0|0|0|0|0|0|0|0|0|0|0|0|0|0|0|0|0
DHCST|NY|000|05|0214171|16|16|16|0|0|16|4|6|0|0|0|0|6|16|16|0|16|16|4|6|0|0|0|0|6|0|0|0|0|0|0|0|0|23|10|9|1|3|0|0|23|23|10|9|1|3|0|0|0|0|0|0|0|0|0|16|10|4|6|0|0|0|0|6|5|3|0|2|0|0|0|0|0|0|0|0|0|0|0|0|1|0|0|0|0|1|0|0|0|0|0|0|0|0|0|0|0|0|0|0|0|0|0|0|0|0|0|0|0|0|0|0|0|0|0|0|0|0|0|0|0|0|0|0|0|0|16|0|16|10|4|6|0|0|0|0|6|5|3|0|2|0|0|0|0|0|0|0|0|0|0|0|0|1|0|0|0|0|1|0|0|0|0|0|0|0|0|0|0|0|0|0|0|0|0|0|0|0|0|0|0|0|0|0|0|0|0|0|0|0|0|0|0|0|0|0|0|0|0
DHCST|NY|000|05|0214172|0|0|0|0|0|0|0|0|0|0|0|0|0|0|0|0|0|0|0|0|0|0|0|0|0|0|0|0|0|0|0|0|0|0|0|0|0|0|0|0|0|0|0|0|0|0|0|0|0|0|0|0|0|0|0|0|0|0|0|0|0|0|0|0|0|0|0|0|0|0|0|0|0|0|0|0|0|0|0|0|0|0|0|0|0|0|0|0|0|0|0|0|0|0|0|0|0|0|0|0|0|0|0|0|0|0|0|0|0|0|0|0|0|0|0|0|0|0|0|0|0|0|0|0|0|0|0|0|0|0|0|0|0|0|0|0|0|0|0|0|0|0|0|0|0|0|0|0|0|0|0|0|0|0|0|0|0|0|0|0|0|0|0|0|0|0|0|0|0|0|0|0|0|0|0|0|0|0|0|0|0|0|0|0|0|0|0|0|0|0|0|0|0|0|0|0|0|0|0
DHCST|NY|000|05|0214173|34|34|34|0|0|34|24|5|0|2|0|3|0|34|34|0|34|34|24|5|0|2|0|3|0|0|0|0|0|0|0|0|0|34|24|5|0|2|0|3|34|34|24|5|0|2|0|3|0|0|0|0|0|0|0|34|34|24|5|0|2|0|3|0|0|0|0|0|0|0|0|0|0|0|0|0|0|0|0|0|0|0|0|0|0|0|0|0|0|0|0|0|0|0|0|0|0|0|0|0|0|0|0|0|0|0|0|0|0|0|0|0|0|0|0|0|0|0|0|0|0|0|0|0|0|0|34|0|34|34|24|5|0|2|0|3|0|0|0|0|0|0|0|0|0|0|0|0|0|0|0|0|0|0|0|0|0|0|0|0|0|0|0|0|0|0|0|0|0|0|0|0|0|0|0|0|0|0|0|0|0|0|0|0|0|0|0|0|0|0|0|0|0|0|0|0|0|0|0
DHCST|NY|000|05|0214174|82|82|82|0|0|82|60|20|0|2|0|0|0|82|82|0|82|82|60|20|0|2|0|0|0|0|0|0|0|0|0|0|0|82|60|20|0|2|0|0|82|82|60|20|0|2|0|0|0|0|0|0|0|0|0|82|82|60|20|0|2|0|0|0|0|0|0|0|0|0|0|0|0|0|0|0|0|0|0|0|0|0|0|0|0|0|0|0|0|0|0|0|0|0|0|0|0|0|0|0|0|0|0|0|0|0|0|0|0|0|0|0|0|0|0|0|0|0|0|0|0|0|0|0|0|0|82|0|82|82|60|20|0|2|0|0|0|0|0|0|0|0|0|0|0|0|0|0|0|0|0|0|0|0|0|0|0|0|0|0|0|0|0|0|0|0|0|0|0|0|0|0|0|0|0|0|0|0|0|0|0|0|0|0|0|0|0|0|0|0|0|0|0|0|0|0|0|0|0
DHCST|NY|000|05|0214175|39|39|39|0|0|39|15|14|0|9|0|0|1|39|39|0|39|39|15|14|0|9|0|0|1|0|0|0|0|0|0|0|0|40|16|14|0|10|0|0|40|40|16|14|0|10|0|0|0|0|0|0|0|0|0|39|38|15|14|0|9|0|0|1|1|0|0|1|0|0|0|0|0|0|0|0|0|0|0|0|0|0|0|0|0|0|0|0|0|0|0|0|0|0|0|0|0|0|0|0|0|0|0|0|0|0|0|0|0|0|0|0|0|0|0|0|0|0|0|0|0|0|0|0|0|0|39|0|39|38|15|14|0|9|0|0|1|1|0|0|1|0|0|0|0|0|0|0|0|0|0|0|0|0|0|0|0|0|0|0|0|0|0|0|0|0|0|0|0|0|0|0|0|0|0|0|0|0|0|0|0|0|0|0|0|0|0|0|0|0|0|0|0|0|0|0|0|0|0
DHCST|NY|000|05|0214176|572|572|572|0|0|572|418|62|0|32|0|16|44|572|537|35|572|537|400|62|0|32|0|0|43|35|18|0|0|0|0|16|1|627|462|85|1|44|13|22|627|591|443|85|1|44|13|5|36|19|0|0|0|0|17|572|528|418|62|0|32|0|16|44|37|17|0|8|11|1|0|0|0|0|0|0|0|0|0|0|3|0|0|2|0|0|0|1|0|0|0|0|0|0|0|0|0|0|0|0|0|4|0|0|0|0|4|0|0|0|0|0|0|0|0|0|0|0|0|0|0|0|0|0|0|0|572|35|537|494|400|62|0|32|0|0|43|36|17|0|8|11|0|0|0|0|0|0|0|0|0|0|0|3|0|0|2|0|0|0|1|0|0|0|0|0|0|0|0|0|0|0|0|0|4|0|0|0|0|4|0|0|0|0|0|0|0|0|0|0|0|0|0|0|0|0|0|0|0
DHCST|NY|000|05|0214177|15|15|15|0|0|15|12|0|0|3|0|0|0|15|15|0|15|15|12|0|0|3|0|0|0|0|0|0|0|0|0|0|0|15|12|0|0|3|0|0|15|15|12|0|0|3|0|0|0|0|0|0|0|0|0|15|15|12|0|0|3|0|0|0|0|0|0|0|0|0|0|0|0|0|0|0|0|0|0|0|0|0|0|0|0|0|0|0|0|0|0|0|0|0|0|0|0|0|0|0|0|0|0|0|0|0|0|0|0|0|0|0|0|0|0|0|0|0|0|0|0|0|0|0|0|0|15|0|15|15|12|0|0|3|0|0|0|0|0|0|0|0|0|0|0|0|0|0|0|0|0|0|0|0|0|0|0|0|0|0|0|0|0|0|0|0|0|0|0|0|0|0|0|0|0|0|0|0|0|0|0|0|0|0|0|0|0|0|0|0|0|0|0|0|0|0|0|0|0
DHCST|NY|000|05|0214178|0|0|0|0|0|0|0|0|0|0|0|0|0|0|0|0|0|0|0|0|0|0|0|0|0|0|0|0|0|0|0|0|0|0|0|0|0|0|0|0|0|0|0|0|0|0|0|0|0|0|0|0|0|0|0|0|0|0|0|0|0|0|0|0|0|0|0|0|0|0|0|0|0|0|0|0|0|0|0|0|0|0|0|0|0|0|0|0|0|0|0|0|0|0|0|0|0|0|0|0|0|0|0|0|0|0|0|0|0|0|0|0|0|0|0|0|0|0|0|0|0|0|0|0|0|0|0|0|0|0|0|0|0|0|0|0|0|0|0|0|0|0|0|0|0|0|0|0|0|0|0|0|0|0|0|0|0|0|0|0|0|0|0|0|0|0|0|0|0|0|0|0|0|0|0|0|0|0|0|0|0|0|0|0|0|0|0|0|0|0|0|0|0|0|0|0|0|0|0
DHCST|NY|000|05|0214179|274|274|274|0|0|274|203|37|1|18|2|6|7|274|261|13|274|261|194|37|0|18|2|4|6|13|9|0|1|0|0|2|1|286|210|41|2|19|6|8|286|272|200|41|1|19|6|5|14|10|0|1|0|0|3|274|267|203|37|1|18|2|6|7|2|0|0|1|0|1|0|0|0|0|0|0|0|0|0|0|5|0|0|4|0|0|0|1|0|0|0|0|0|0|0|0|0|0|0|0|0|0|0|0|0|0|0|0|0|0|0|0|0|0|0|0|0|0|0|0|0|0|0|0|0|0|274|13|261|255|194|37|0|18|2|4|6|1|0|0|1|0|0|0|0|0|0|0|0|0|0|0|0|5|0|0|4|0|0|0|1|0|0|0|0|0|0|0|0|0|0|0|0|0|0|0|0|0|0|0|0|0|0|0|0|0|0|0|0|0|0|0|0|0|0|0|0|0|0
DHCST|NY|000|05|0214180|52|52|52|0|0|52|38|13|0|0|0|0|1|52|51|1|52|51|38|13|0|0|0|0|0|1|0|0|0|0|0|0|1|53|39|13|0|0|0|1|53|51|38|13|0|0|0|0|2|1|0|0|0|0|1|52|51|38|13|0|0|0|0|1|1|0|0|0|0|1|0|0|0|0|0|0|0|0|0|0|0|0|0|0|0|0|0|0|0|0|0|0|0|0|0|0|0|0|0|0|0|0|0|0|0|0|0|0|0|0|0|0|0|0|0|0|0|0|0|0|0|0|0|0|0|0|52|1|51|51|38|13|0|0|0|0|0|0|0|0|0|0|0|0|0|0|0|0|0|0|0|0|0|0|0|0|0|0|0|0|0|0|0|0|0|0|0|0|0|0|0|0|0|0|0|0|0|0|0|0|0|0|0|0|0|0|0|0|0|0|0|0|0|0|0|0|0|0|0
DHCST|NY|000|05|0214181|0|0|0|0|0|0|0|0|0|0|0|0|0|0|0|0|0|0|0|0|0|0|0|0|0|0|0|0|0|0|0|0|0|0|0|0|0|0|0|0|0|0|0|0|0|0|0|0|0|0|0|0|0|0|0|0|0|0|0|0|0|0|0|0|0|0|0|0|0|0|0|0|0|0|0|0|0|0|0|0|0|0|0|0|0|0|0|0|0|0|0|0|0|0|0|0|0|0|0|0|0|0|0|0|0|0|0|0|0|0|0|0|0|0|0|0|0|0|0|0|0|0|0|0|0|0|0|0|0|0|0|0|0|0|0|0|0|0|0|0|0|0|0|0|0|0|0|0|0|0|0|0|0|0|0|0|0|0|0|0|0|0|0|0|0|0|0|0|0|0|0|0|0|0|0|0|0|0|0|0|0|0|0|0|0|0|0|0|0|0|0|0|0|0|0|0|0|0|0
DHCST|NY|000|05|0214182|63|63|63|0|0|63|41|6|0|3|0|3|10|63|58|5|63|58|38|6|0|3|0|1|10|5|3|0|0|0|0|2|0|83|51|13|0|6|7|6|83|78|48|13|0|6|7|4|5|3|0|0|0|0|2|63|53|41|6|0|3|0|3|10|3|0|0|0|3|0|0|0|0|0|0|0|0|0|0|0|4|0|0|4|0|0|0|0|0|0|0|0|0|0|0|0|0|0|0|0|0|3|0|0|0|0|3|0|0|0|0|0|0|0|0|0|0|0|0|0|0|0|0|0|0|0|63|5|58|48|38|6|0|3|0|1|10|3|0|0|0|3|0|0|0|0|0|0|0|0|0|0|0|4|0|0|4|0|0|0|0|0|0|0|0|0|0|0|0|0|0|0|0|0|3|0|0|0|0|3|0|0|0|0|0|0|0|0|0|0|0|0|0|0|0|0|0|0|0
DHCST|NY|000|05|0214183|50|50|50|0|0|50|40|6|0|1|0|3|0|50|43|7|50|43|36|6|0|1|0|0|0|7|4|0|0|0|0|3|0|50|40|6|0|1|0|3|50|43|36|6|0|1|0|0|7|4|0|0|0|0|3|50|50|40|6|0|1|0|3|0|0|0|0|0|0|0|0|0|0|0|0|0|0|0|0|0|0|0|0|0|0|0|0|0|0|0|0|0|0|0|0|0|0|0|0|0|0|0|0|0|0|0|0|0|0|0|0|0|0|0|0|0|0|0|0|0|0|0|0|0|0|0|50|7|43|43|36|6|0|1|0|0|0|0|0|0|0|0|0|0|0|0|0|0|0|0|0|0|0|0|0|0|0|0|0|0|0|0|0|0|0|0|0|0|0|0|0|0|0|0|0|0|0|0|0|0|0|0|0|0|0|0|0|0|0|0|0|0|0|0|0|0|0|0|0
DHCST|NY|000|05|0214184|39|39|39|0|0|39|28|3|0|3|0|0|5|39|38|1|39|38|28|3|0|2|0|0|5|1|0|0|0|1|0|0|0|46|33|8|0|3|1|1|46|45|33|8|0|2|1|1|1|0|0|0|1|0|0|39|34|28|3|0|3|0|0|5|3|3|0|0|0|0|0|0|0|0|0|0|0|0|0|0|2|0|0|1|1|0|0|0|0|0|0|0|0|0|0|0|0|0|0|0|0|0|0|0|0|0|0|0|0|0|0|0|0|0|0|0|0|0|0|0|0|0|0|0|0|0|39|1|38|33|28|3|0|2|0|0|5|3|3|0|0|0|0|0|0|0|0|0|0|0|0|0|0|2|0|0|1|1|0|0|0|0|0|0|0|0|0|0|0|0|0|0|0|0|0|0|0|0|0|0|0|0|0|0|0|0|0|0|0|0|0|0|0|0|0|0|0|0|0
DHCST|NY|000|05|0214185|342|342|342|0|0|342|259|45|1|8|0|13|16|342|306|36|342|306|241|43|0|8|0|0|14|36|18|2|1|0|0|13|2|359|275|54|2|13|0|15|359|321|255|52|0|13|0|1|38|20|2|2|0|0|14|342|326|259|45|1|8|0|13|16|15|9|1|4|0|1|0|0|0|0|0|0|0|0|0|0|1|0|0|0|0|0|0|0|0|1|0|0|0|0|0|0|0|0|0|0|0|0|0|0|0|0|0|0|0|0|0|0|0|0|0|0|0|0|0|0|0|0|0|0|0|0|342|36|306|292|241|43|0|8|0|0|14|13|9|0|4|0|0|0|0|0|0|0|0|0|0|0|0|1|0|0|0|0|0|0|0|0|1|0|0|0|0|0|0|0|0|0|0|0|0|0|0|0|0|0|0|0|0|0|0|0|0|0|0|0|0|0|0|0|0|0|0|0|0
DHCST|NY|000|05|0214186|0|0|0|0|0|0|0|0|0|0|0|0|0|0|0|0|0|0|0|0|0|0|0|0|0|0|0|0|0|0|0|0|0|0|0|0|0|0|0|0|0|0|0|0|0|0|0|0|0|0|0|0|0|0|0|0|0|0|0|0|0|0|0|0|0|0|0|0|0|0|0|0|0|0|0|0|0|0|0|0|0|0|0|0|0|0|0|0|0|0|0|0|0|0|0|0|0|0|0|0|0|0|0|0|0|0|0|0|0|0|0|0|0|0|0|0|0|0|0|0|0|0|0|0|0|0|0|0|0|0|0|0|0|0|0|0|0|0|0|0|0|0|0|0|0|0|0|0|0|0|0|0|0|0|0|0|0|0|0|0|0|0|0|0|0|0|0|0|0|0|0|0|0|0|0|0|0|0|0|0|0|0|0|0|0|0|0|0|0|0|0|0|0|0|0|0|0|0|0
DHCST|NY|000|05|0214187|125|125|125|0|0|125|84|18|0|8|0|6|9|125|114|11|125|114|82|17|0|8|0|1|6|11|2|1|0|0|0|5|3|134|92|20|0|11|2|9|134|120|88|18|0|11|2|1|14|4|2|0|0|0|8|125|116|84|18|0|8|0|6|9|9|1|0|3|2|2|0|0|0|1|0|0|0|0|0|0|0|0|0|0|0|0|0|0|0|0|0|0|0|0|0|0|0|0|0|0|0|0|0|0|0|0|0|0|0|0|0|0|0|0|0|0|0|0|0|0|0|0|0|0|0|0|125|11|114|108|82|17|0|8|0|1|6|6|1|0|3|2|0|0|0|0|0|0|0|0|0|0|0|0|0|0|0|0|0|0|0|0|0|0|0|0|0|0|0|0|0|0|0|0|0|0|0|0|0|0|0|0|0|0|0|0|0|0|0|0|0|0|0|0|0|0|0|0|0
DHCST|NY|000|05|0214188|117|117|117|0|0|117|100|7|0|5|1|3|1|117|103|14|117|103|90|7|0|5|0|0|1|14|10|0|0|0|1|3|0|118|101|7|0|6|1|3|118|104|91|7|0|6|0|0|14|10|0|0|0|1|3|117|116|100|7|0|5|1|3|1|1|0|0|1|0|0|0|0|0|0|0|0|0|0|0|0|0|0|0|0|0|0|0|0|0|0|0|0|0|0|0|0|0|0|0|0|0|0|0|0|0|0|0|0|0|0|0|0|0|0|0|0|0|0|0|0|0|0|0|0|0|0|117|14|103|102|90|7|0|5|0|0|1|1|0|0|1|0|0|0|0|0|0|0|0|0|0|0|0|0|0|0|0|0|0|0|0|0|0|0|0|0|0|0|0|0|0|0|0|0|0|0|0|0|0|0|0|0|0|0|0|0|0|0|0|0|0|0|0|0|0|0|0|0|0
DHCST|NY|000|05|0214189|160|160|160|0|0|160|113|14|1|9|0|10|13|160|139|21|160|139|105|14|0|9|0|0|11|21|8|0|1|0|0|10|2|177|126|18|3|15|3|12|177|153|116|17|1|15|3|1|24|10|1|2|0|0|11|160|147|113|14|1|9|0|10|13|9|0|0|6|2|1|0|0|0|0|0|0|0|0|0|0|4|2|0|1|1|0|0|0|0|0|0|0|0|0|0|0|0|0|0|0|0|0|0|0|0|0|0|0|0|0|0|0|0|0|0|0|0|0|0|0|0|0|0|0|0|0|160|21|139|128|105|14|0|9|0|0|11|8|0|0|6|2|0|0|0|0|0|0|0|0|0|0|0|3|1|0|1|1|0|0|0|0|0|0|0|0|0|0|0|0|0|0|0|0|0|0|0|0|0|0|0|0|0|0|0|0|0|0|0|0|0|0|0|0|0|0|0|0|0
DHCST|NY|000|05|0214190|627|627|627|0|0|627|460|73|0|36|1|27|30|627|564|63|627|564|437|73|0|36|0|3|15|63|23|0|0|0|1|24|15|660|490|80|0|44|4|42|660|582|452|80|0|44|3|3|78|38|0|0|0|1|39|627|597|460|73|0|36|1|27|30|27|4|0|8|0|15|0|0|0|0|0|0|0|0|0|0|3|0|0|3|0|0|0|0|0|0|0|0|0|0|0|0|0|0|0|0|0|0|0|0|0|0|0|0|0|0|0|0|0|0|0|0|0|0|0|0|0|0|0|0|0|0|627|63|564|549|437|73|0|36|0|3|15|12|4|0|8|0|0|0|0|0|0|0|0|0|0|0|0|3|0|0|3|0|0|0|0|0|0|0|0|0|0|0|0|0|0|0|0|0|0|0|0|0|0|0|0|0|0|0|0|0|0|0|0|0|0|0|0|0|0|0|0|0|0
DHCST|NY|000|05|0214191|280|280|280|0|0|280|193|39|0|12|0|17|19|280|251|29|280|251|184|39|0|12|0|1|15|29|9|0|0|0|0|16|4|302|212|49|0|21|3|17|302|269|199|45|0|21|3|1|33|13|4|0|0|0|16|280|261|193|39|0|12|0|17|19|16|7|0|9|0|0|0|0|0|0|0|0|0|0|0|0|3|0|0|3|0|0|0|0|0|0|0|0|0|0|0|0|0|0|0|0|0|0|0|0|0|0|0|0|0|0|0|0|0|0|0|0|0|0|0|0|0|0|0|0|0|0|280|29|251|236|184|39|0|12|0|1|15|12|3|0|9|0|0|0|0|0|0|0|0|0|0|0|0|3|0|0|3|0|0|0|0|0|0|0|0|0|0|0|0|0|0|0|0|0|0|0|0|0|0|0|0|0|0|0|0|0|0|0|0|0|0|0|0|0|0|0|0|0|0
DHCST|NY|000|05|0214192|153|153|153|0|0|153|119|15|0|6|0|4|9|153|145|8|153|145|115|15|0|6|0|0|9|8|4|0|0|0|0|4|0|170|128|24|0|9|2|7|170|162|124|24|0|9|2|3|8|4|0|0|0|0|4|153|144|119|15|0|6|0|4|9|4|4|0|0|0|0|0|0|0|0|0|0|0|0|0|0|2|0|0|2|0|0|0|0|0|0|0|0|0|0|0|0|0|0|0|0|0|3|0|0|0|0|3|0|0|0|0|0|0|0|0|0|0|0|0|0|0|0|0|0|0|0|153|8|145|136|115|15|0|6|0|0|9|4|4|0|0|0|0|0|0|0|0|0|0|0|0|0|0|2|0|0|2|0|0|0|0|0|0|0|0|0|0|0|0|0|0|0|0|0|3|0|0|0|0|3|0|0|0|0|0|0|0|0|0|0|0|0|0|0|0|0|0|0|0
DHCST|NY|000|05|0214193|38|38|38|0|0|38|4|29|0|0|0|2|3|38|31|7|38|31|1|29|0|0|0|0|1|7|3|0|0|0|0|2|2|44|7|30|3|0|0|4|44|33|2|30|1|0|0|0|11|5|0|2|0|0|4|38|35|4|29|0|0|0|2|3|0|0|0|0|0|0|0|0|0|0|0|0|0|0|0|0|3|1|0|0|0|0|0|2|0|0|0|0|0|0|0|0|0|0|0|0|0|0|0|0|0|0|0|0|0|0|0|0|0|0|0|0|0|0|0|0|0|0|0|0|0|0|38|7|31|30|1|29|0|0|0|0|1|0|0|0|0|0|0|0|0|0|0|0|0|0|0|0|0|1|1|0|0|0|0|0|0|0|0|0|0|0|0|0|0|0|0|0|0|0|0|0|0|0|0|0|0|0|0|0|0|0|0|0|0|0|0|0|0|0|0|0|0|0|0
DHCST|NY|000|05|0214194|332|332|332|0|0|332|191|115|4|0|0|11|11|332|318|14|332|318|189|115|3|0|0|0|11|14|2|0|1|0|0|11|0|343|202|126|4|0|0|11|343|329|200|126|3|0|0|0|14|2|0|1|0|0|11|332|321|191|115|4|0|0|11|11|11|11|0|0|0|0|0|0|0|0|0|0|0|0|0|0|0|0|0|0|0|0|0|0|0|0|0|0|0|0|0|0|0|0|0|0|0|0|0|0|0|0|0|0|0|0|0|0|0|0|0|0|0|0|0|0|0|0|0|0|0|0|332|14|318|307|189|115|3|0|0|0|11|11|11|0|0|0|0|0|0|0|0|0|0|0|0|0|0|0|0|0|0|0|0|0|0|0|0|0|0|0|0|0|0|0|0|0|0|0|0|0|0|0|0|0|0|0|0|0|0|0|0|0|0|0|0|0|0|0|0|0|0|0|0
DHCST|NY|000|05|0214195|58|58|58|0|0|58|19|20|8|1|0|5|5|58|45|13|58|45|19|17|3|1|0|0|5|13|0|3|5|0|0|5|0|63|23|21|12|2|0|5|63|50|23|18|7|2|0|0|13|0|3|5|0|0|5|58|53|19|20|8|1|0|5|5|5|0|4|0|0|0|0|1|0|0|0|0|0|0|0|0|0|0|0|0|0|0|0|0|0|0|0|0|0|0|0|0|0|0|0|0|0|0|0|0|0|0|0|0|0|0|0|0|0|0|0|0|0|0|0|0|0|0|0|0|0|0|58|13|45|40|19|17|3|1|0|0|5|5|0|4|0|0|0|0|1|0|0|0|0|0|0|0|0|0|0|0|0|0|0|0|0|0|0|0|0|0|0|0|0|0|0|0|0|0|0|0|0|0|0|0|0|0|0|0|0|0|0|0|0|0|0|0|0|0|0|0|0|0|0
DHCST|NY|000|05|0214196|34|34|34|0|0|34|13|12|0|0|0|0|9|34|30|4|34|30|13|12|0|0|0|0|5|4|0|0|0|0|0|0|4|44|22|16|2|2|0|2|44|36|18|16|2|0|0|0|8|4|0|0|2|0|2|34|25|13|12|0|0|0|0|9|8|3|1|2|0|2|0|0|0|0|0|0|0|0|0|0|1|1|0|0|0|0|0|0|0|0|0|0|0|0|0|0|0|0|0|0|0|0|0|0|0|0|0|0|0|0|0|0|0|0|0|0|0|0|0|0|0|0|0|0|0|0|34|4|30|25|13|12|0|0|0|0|5|4|3|1|0|0|0|0|0|0|0|0|0|0|0|0|0|1|1|0|0|0|0|0|0|0|0|0|0|0|0|0|0|0|0|0|0|0|0|0|0|0|0|0|0|0|0|0|0|0|0|0|0|0|0|0|0|0|0|0|0|0|0
DHCST|NY|000|05|0214197|37|37|37|0|0|37|15|18|1|0|0|0|3|37|34|3|37|34|13|18|1|0|0|0|2|3|2|0|0|0|0|0|1|40|17|21|1|0|0|1|40|36|15|20|1|0|0|0|4|2|1|0|0|0|1|37|34|15|18|1|0|0|0|3|3|2|0|0|0|0|0|0|0|1|0|0|0|0|0|0|0|0|0|0|0|0|0|0|0|0|0|0|0|0|0|0|0|0|0|0|0|0|0|0|0|0|0|0|0|0|0|0|0|0|0|0|0|0|0|0|0|0|0|0|0|0|37|3|34|32|13|18|1|0|0|0|2|2|2|0|0|0|0|0|0|0|0|0|0|0|0|0|0|0|0|0|0|0|0|0|0|0|0|0|0|0|0|0|0|0|0|0|0|0|0|0|0|0|0|0|0|0|0|0|0|0|0|0|0|0|0|0|0|0|0|0|0|0|0
DHCST|NY|000|05|0214198|32|32|32|0|0|32|18|5|0|2|0|3|4|32|28|4|32|28|18|4|0|2|0|2|2|4|0|1|0|0|0|1|2|36|21|6|1|3|0|5|36|30|19|5|1|3|0|2|6|2|1|0|0|0|3|32|28|18|5|0|2|0|3|4|4|0|0|1|0|2|1|0|0|0|0|0|0|0|0|0|0|0|0|0|0|0|0|0|0|0|0|0|0|0|0|0|0|0|0|0|0|0|0|0|0|0|0|0|0|0|0|0|0|0|0|0|0|0|0|0|0|0|0|0|0|0|32|4|28|26|18|4|0|2|0|2|2|2|0|0|1|0|0|1|0|0|0|0|0|0|0|0|0|0|0|0|0|0|0|0|0|0|0|0|0|0|0|0|0|0|0|0|0|0|0|0|0|0|0|0|0|0|0|0|0|0|0|0|0|0|0|0|0|0|0|0|0|0|0
DHCST|NY|000|05|0214199|100|100|100|0|0|100|39|50|0|0|0|0|11|100|97|3|100|97|39|48|0|0|0|0|10|3|0|2|0|0|0|0|1|114|42|61|10|0|0|1|114|110|42|58|10|0|0|0|4|0|3|0|0|0|1|100|89|39|50|0|0|0|0|11|8|0|0|0|0|0|7|0|0|1|0|0|0|0|0|0|3|3|0|0|0|0|0|0|0|0|0|0|0|0|0|0|0|0|0|0|0|0|0|0|0|0|0|0|0|0|0|0|0|0|0|0|0|0|0|0|0|0|0|0|0|0|100|3|97|87|39|48|0|0|0|0|10|7|0|0|0|0|0|7|0|0|0|0|0|0|0|0|0|3|3|0|0|0|0|0|0|0|0|0|0|0|0|0|0|0|0|0|0|0|0|0|0|0|0|0|0|0|0|0|0|0|0|0|0|0|0|0|0|0|0|0|0|0|0
DHCST|NY|000|05|0214200|54|54|54|0|0|54|21|22|0|1|0|2|8|54|49|5|54|49|21|22|0|1|0|0|5|5|0|0|0|0|0|2|3|62|27|29|0|3|0|3|62|54|25|26|0|2|0|1|8|2|3|0|1|0|2|54|46|21|22|0|1|0|2|8|8|6|0|0|0|0|0|1|0|0|0|0|0|0|1|0|0|0|0|0|0|0|0|0|0|0|0|0|0|0|0|0|0|0|0|0|0|0|0|0|0|0|0|0|0|0|0|0|0|0|0|0|0|0|0|0|0|0|0|0|0|0|54|5|49|44|21|22|0|1|0|0|5|5|4|0|0|0|0|0|0|0|0|0|0|0|0|1|0|0|0|0|0|0|0|0|0|0|0|0|0|0|0|0|0|0|0|0|0|0|0|0|0|0|0|0|0|0|0|0|0|0|0|0|0|0|0|0|0|0|0|0|0|0|0
DHCST|NY|000|05|0214201|119|119|119|0|0|119|65|41|3|0|0|7|3|119|112|7|119|112|65|41|3|0|0|0|3|7|0|0|0|0|0|7|0|123|68|43|3|1|0|8|123|116|68|43|3|1|0|1|7|0|0|0|0|0|7|119|116|65|41|3|0|0|7|3|2|1|0|1|0|0|0|0|0|0|0|0|0|0|0|0|1|0|0|0|1|0|0|0|0|0|0|0|0|0|0|0|0|0|0|0|0|0|0|0|0|0|0|0|0|0|0|0|0|0|0|0|0|0|0|0|0|0|0|0|0|0|119|7|112|109|65|41|3|0|0|0|3|2|1|0|1|0|0|0|0|0|0|0|0|0|0|0|0|1|0|0|0|1|0|0|0|0|0|0|0|0|0|0|0|0|0|0|0|0|0|0|0|0|0|0|0|0|0|0|0|0|0|0|0|0|0|0|0|0|0|0|0|0|0
DHCST|NY|000|05|0214202|0|0|0|0|0|0|0|0|0|0|0|0|0|0|0|0|0|0|0|0|0|0|0|0|0|0|0|0|0|0|0|0|0|0|0|0|0|0|0|0|0|0|0|0|0|0|0|0|0|0|0|0|0|0|0|0|0|0|0|0|0|0|0|0|0|0|0|0|0|0|0|0|0|0|0|0|0|0|0|0|0|0|0|0|0|0|0|0|0|0|0|0|0|0|0|0|0|0|0|0|0|0|0|0|0|0|0|0|0|0|0|0|0|0|0|0|0|0|0|0|0|0|0|0|0|0|0|0|0|0|0|0|0|0|0|0|0|0|0|0|0|0|0|0|0|0|0|0|0|0|0|0|0|0|0|0|0|0|0|0|0|0|0|0|0|0|0|0|0|0|0|0|0|0|0|0|0|0|0|0|0|0|0|0|0|0|0|0|0|0|0|0|0|0|0|0|0|0|0
DHCST|NY|000|05|0214203|0|0|0|0|0|0|0|0|0|0|0|0|0|0|0|0|0|0|0|0|0|0|0|0|0|0|0|0|0|0|0|0|0|0|0|0|0|0|0|0|0|0|0|0|0|0|0|0|0|0|0|0|0|0|0|0|0|0|0|0|0|0|0|0|0|0|0|0|0|0|0|0|0|0|0|0|0|0|0|0|0|0|0|0|0|0|0|0|0|0|0|0|0|0|0|0|0|0|0|0|0|0|0|0|0|0|0|0|0|0|0|0|0|0|0|0|0|0|0|0|0|0|0|0|0|0|0|0|0|0|0|0|0|0|0|0|0|0|0|0|0|0|0|0|0|0|0|0|0|0|0|0|0|0|0|0|0|0|0|0|0|0|0|0|0|0|0|0|0|0|0|0|0|0|0|0|0|0|0|0|0|0|0|0|0|0|0|0|0|0|0|0|0|0|0|0|0|0|0
DHCST|NY|000|05|0214204|94|94|94|0|0|94|12|70|2|0|0|1|9|94|87|7|94|87|12|70|2|0|0|1|2|7|0|0|0|0|0|0|7|103|19|75|5|1|0|3|103|89|14|70|3|1|0|1|14|5|5|2|0|0|2|94|85|12|70|2|0|0|1|9|9|5|1|1|0|0|0|0|0|0|0|0|2|0|0|0|0|0|0|0|0|0|0|0|0|0|0|0|0|0|0|0|0|0|0|0|0|0|0|0|0|0|0|0|0|0|0|0|0|0|0|0|0|0|0|0|0|0|0|0|0|0|94|7|87|85|12|70|2|0|0|1|2|2|0|1|1|0|0|0|0|0|0|0|0|0|0|0|0|0|0|0|0|0|0|0|0|0|0|0|0|0|0|0|0|0|0|0|0|0|0|0|0|0|0|0|0|0|0|0|0|0|0|0|0|0|0|0|0|0|0|0|0|0|0
DHCST|NY|000|05|0214205|64|64|64|0|0|64|11|41|2|0|0|2|8|64|61|3|64|61|11|41|2|0|0|0|7|3|0|0|0|0|0|2|1|75|16|44|4|5|3|3|75|71|16|43|4|5|3|0|4|0|1|0|0|0|3|64|56|11|41|2|0|0|2|8|5|0|0|2|0|0|2|0|0|1|0|0|0|0|0|0|3|0|0|0|0|0|0|0|3|0|0|0|0|0|0|0|0|0|0|0|0|0|0|0|0|0|0|0|0|0|0|0|0|0|0|0|0|0|0|0|0|0|0|0|0|0|64|3|61|54|11|41|2|0|0|0|7|4|0|0|2|0|0|2|0|0|0|0|0|0|0|0|0|3|0|0|0|0|0|0|0|3|0|0|0|0|0|0|0|0|0|0|0|0|0|0|0|0|0|0|0|0|0|0|0|0|0|0|0|0|0|0|0|0|0|0|0|0|0
DHCST|NY|000|05|0214206|25|25|25|0|0|25|6|7|0|0|0|0|12|25|19|6|25|19|0|7|0|0|0|0|12|6|6|0|0|0|0|0|0|37|16|8|5|6|1|1|37|31|10|8|5|6|1|1|6|6|0|0|0|0|0|25|13|6|7|0|0|0|0|12|12|0|4|6|0|0|1|0|0|0|0|0|0|0|0|1|0|0|0|0|0|0|0|0|0|0|0|0|0|0|0|0|0|0|0|0|0|0|0|0|0|0|0|0|0|0|0|0|0|0|0|0|0|0|0|0|0|0|0|0|0|0|25|6|19|7|0|7|0|0|0|0|12|12|0|4|6|0|0|1|0|0|0|0|0|0|0|0|1|0|0|0|0|0|0|0|0|0|0|0|0|0|0|0|0|0|0|0|0|0|0|0|0|0|0|0|0|0|0|0|0|0|0|0|0|0|0|0|0|0|0|0|0|0|0
DHCST|NY|000|05|0214207|115|115|115|0|0|115|16|76|1|0|0|12|10|115|92|23|115|92|16|69|0|0|0|0|7|23|0|7|1|0|0|12|3|125|22|83|4|0|0|16|125|99|22|74|2|0|0|1|26|0|9|2|0|0|15|115|105|16|76|1|0|0|12|10|10|4|2|0|0|0|0|0|0|3|0|0|1|0|0|0|0|0|0|0|0|0|0|0|0|0|0|0|0|0|0|0|0|0|0|0|0|0|0|0|0|0|0|0|0|0|0|0|0|0|0|0|0|0|0|0|0|0|0|0|0|0|115|23|92|85|16|69|0|0|0|0|7|7|4|2|0|0|0|0|0|0|1|0|0|0|0|0|0|0|0|0|0|0|0|0|0|0|0|0|0|0|0|0|0|0|0|0|0|0|0|0|0|0|0|0|0|0|0|0|0|0|0|0|0|0|0|0|0|0|0|0|0|0|0
DHCST|NY|000|05|0214208|75|75|75|0|0|75|12|50|1|0|0|6|6|75|65|10|75|65|10|49|0|0|0|0|6|10|2|1|1|0|0|6|0|81|18|56|1|0|0|6|81|71|16|55|0|0|0|0|10|2|1|1|0|0|6|75|69|12|50|1|0|0|6|6|6|6|0|0|0|0|0|0|0|0|0|0|0|0|0|0|0|0|0|0|0|0|0|0|0|0|0|0|0|0|0|0|0|0|0|0|0|0|0|0|0|0|0|0|0|0|0|0|0|0|0|0|0|0|0|0|0|0|0|0|0|0|75|10|65|59|10|49|0|0|0|0|6|6|6|0|0|0|0|0|0|0|0|0|0|0|0|0|0|0|0|0|0|0|0|0|0|0|0|0|0|0|0|0|0|0|0|0|0|0|0|0|0|0|0|0|0|0|0|0|0|0|0|0|0|0|0|0|0|0|0|0|0|0|0
DHCST|NY|000|05|0214209|63|63|63|0|0|63|8|51|1|0|0|2|1|63|53|10|63|53|2|49|1|0|0|0|1|10|6|2|0|0|0|2|0|64|8|52|1|1|0|2|64|54|2|50|1|1|0|0|10|6|2|0|0|0|2|63|62|8|51|1|0|0|2|1|1|0|0|0|0|0|0|1|0|0|0|0|0|0|0|0|0|0|0|0|0|0|0|0|0|0|0|0|0|0|0|0|0|0|0|0|0|0|0|0|0|0|0|0|0|0|0|0|0|0|0|0|0|0|0|0|0|0|0|0|0|0|63|10|53|52|2|49|1|0|0|0|1|1|0|0|0|0|0|0|1|0|0|0|0|0|0|0|0|0|0|0|0|0|0|0|0|0|0|0|0|0|0|0|0|0|0|0|0|0|0|0|0|0|0|0|0|0|0|0|0|0|0|0|0|0|0|0|0|0|0|0|0|0|0
DHCST|NY|000|05|0214210|18|18|18|0|0|18|4|10|0|0|0|2|2|18|16|2|18|16|4|10|0|0|0|0|2|2|0|0|0|0|0|2|0|20|6|10|0|0|0|4|20|18|6|10|0|0|0|2|2|0|0|0|0|0|2|18|16|4|10|0|0|0|2|2|2|0|0|0|0|2|0|0|0|0|0|0|0|0|0|0|0|0|0|0|0|0|0|0|0|0|0|0|0|0|0|0|0|0|0|0|0|0|0|0|0|0|0|0|0|0|0|0|0|0|0|0|0|0|0|0|0|0|0|0|0|0|18|2|16|14|4|10|0|0|0|0|2|2|0|0|0|0|2|0|0|0|0|0|0|0|0|0|0|0|0|0|0|0|0|0|0|0|0|0|0|0|0|0|0|0|0|0|0|0|0|0|0|0|0|0|0|0|0|0|0|0|0|0|0|0|0|0|0|0|0|0|0|0|0
DHCST|NY|000|05|0214211|0|0|0|0|0|0|0|0|0|0|0|0|0|0|0|0|0|0|0|0|0|0|0|0|0|0|0|0|0|0|0|0|0|0|0|0|0|0|0|0|0|0|0|0|0|0|0|0|0|0|0|0|0|0|0|0|0|0|0|0|0|0|0|0|0|0|0|0|0|0|0|0|0|0|0|0|0|0|0|0|0|0|0|0|0|0|0|0|0|0|0|0|0|0|0|0|0|0|0|0|0|0|0|0|0|0|0|0|0|0|0|0|0|0|0|0|0|0|0|0|0|0|0|0|0|0|0|0|0|0|0|0|0|0|0|0|0|0|0|0|0|0|0|0|0|0|0|0|0|0|0|0|0|0|0|0|0|0|0|0|0|0|0|0|0|0|0|0|0|0|0|0|0|0|0|0|0|0|0|0|0|0|0|0|0|0|0|0|0|0|0|0|0|0|0|0|0|0|0
DHCST|NY|000|05|0214212|143|143|143|0|0|143|20|97|3|0|0|15|8|143|126|17|143|126|18|95|3|0|0|2|8|17|2|2|0|0|0|13|0|154|28|105|5|0|0|16|154|137|26|103|5|0|0|3|17|2|2|0|0|0|13|143|135|20|97|3|0|0|15|8|5|5|0|0|0|0|0|0|0|0|0|0|0|0|0|0|3|2|0|0|1|0|0|0|0|0|0|0|0|0|0|0|0|0|0|0|0|0|0|0|0|0|0|0|0|0|0|0|0|0|0|0|0|0|0|0|0|0|0|0|0|0|143|17|126|118|18|95|3|0|0|2|8|5|5|0|0|0|0|0|0|0|0|0|0|0|0|0|0|3|2|0|0|1|0|0|0|0|0|0|0|0|0|0|0|0|0|0|0|0|0|0|0|0|0|0|0|0|0|0|0|0|0|0|0|0|0|0|0|0|0|0|0|0|0
DHCST|NY|000|05|0214213|63|63|63|0|0|63|1|54|0|0|0|5|3|63|59|4|63|59|1|54|0|0|0|1|3|4|0|0|0|0|0|4|0|66|4|54|3|0|0|5|66|62|4|54|3|0|0|1|4|0|0|0|0|0|4|63|60|1|54|0|0|0|5|3|3|0|3|0|0|0|0|0|0|0|0|0|0|0|0|0|0|0|0|0|0|0|0|0|0|0|0|0|0|0|0|0|0|0|0|0|0|0|0|0|0|0|0|0|0|0|0|0|0|0|0|0|0|0|0|0|0|0|0|0|0|0|63|4|59|56|1|54|0|0|0|1|3|3|0|3|0|0|0|0|0|0|0|0|0|0|0|0|0|0|0|0|0|0|0|0|0|0|0|0|0|0|0|0|0|0|0|0|0|0|0|0|0|0|0|0|0|0|0|0|0|0|0|0|0|0|0|0|0|0|0|0|0|0|0
DHCST|NY|000|05|0214214|72|72|72|0|0|72|13|53|0|0|0|1|5|72|70|2|72|70|13|52|0|0|0|0|5|2|0|1|0|0|0|1|0|77|16|54|0|2|1|4|77|75|16|53|0|2|1|3|2|0|1|0|0|0|1|72|67|13|53|0|0|0|1|5|5|1|0|1|0|1|0|0|0|0|0|0|0|0|1|1|0|0|0|0|0|0|0|0|0|0|0|0|0|0|0|0|0|0|0|0|0|0|0|0|0|0|0|0|0|0|0|0|0|0|0|0|0|0|0|0|0|0|0|0|0|0|72|2|70|65|13|52|0|0|0|0|5|5|1|0|1|0|1|0|0|0|0|0|0|0|0|1|1|0|0|0|0|0|0|0|0|0|0|0|0|0|0|0|0|0|0|0|0|0|0|0|0|0|0|0|0|0|0|0|0|0|0|0|0|0|0|0|0|0|0|0|0|0|0
DHCST|NY|000|05|0214215|75|75|75|0|0|75|15|41|0|0|0|7|12|75|64|11|75|64|13|40|0|0|0|0|11|11|2|1|0|0|0|7|1|87|17|51|10|1|0|8|87|75|15|50|9|1|0|0|12|2|1|1|0|0|8|75|63|15|41|0|0|0|7|12|12|1|0|1|0|0|9|0|0|0|0|0|1|0|0|0|0|0|0|0|0|0|0|0|0|0|0|0|0|0|0|0|0|0|0|0|0|0|0|0|0|0|0|0|0|0|0|0|0|0|0|0|0|0|0|0|0|0|0|0|0|0|75|11|64|53|13|40|0|0|0|0|11|11|1|0|1|0|0|9|0|0|0|0|0|0|0|0|0|0|0|0|0|0|0|0|0|0|0|0|0|0|0|0|0|0|0|0|0|0|0|0|0|0|0|0|0|0|0|0|0|0|0|0|0|0|0|0|0|0|0|0|0|0|0
DHCST|NY|000|05|0214216|71|71|71|0|0|71|35|25|5|0|0|3|3|71|63|8|71|63|35|20|5|0|0|0|3|8|0|5|0|0|0|3|0|74|38|26|6|0|0|4|74|66|38|21|6|0|0|1|8|0|5|0|0|0|3|71|68|35|25|5|0|0|3|3|3|1|1|0|0|1|0|0|0|0|0|0|0|0|0|0|0|0|0|0|0|0|0|0|0|0|0|0|0|0|0|0|0|0|0|0|0|0|0|0|0|0|0|0|0|0|0|0|0|0|0|0|0|0|0|0|0|0|0|0|0|0|71|8|63|60|35|20|5|0|0|0|3|3|1|1|0|0|1|0|0|0|0|0|0|0|0|0|0|0|0|0|0|0|0|0|0|0|0|0|0|0|0|0|0|0|0|0|0|0|0|0|0|0|0|0|0|0|0|0|0|0|0|0|0|0|0|0|0|0|0|0|0|0|0
DHCST|NY|000|05|0214217|56|56|56|0|0|56|19|30|0|0|0|1|6|56|56|0|56|56|19|30|0|0|0|1|6|0|0|0|0|0|0|0|0|62|25|35|1|0|0|1|62|62|25|35|1|0|0|1|0|0|0|0|0|0|0|56|50|19|30|0|0|0|1|6|6|5|1|0|0|0|0|0|0|0|0|0|0|0|0|0|0|0|0|0|0|0|0|0|0|0|0|0|0|0|0|0|0|0|0|0|0|0|0|0|0|0|0|0|0|0|0|0|0|0|0|0|0|0|0|0|0|0|0|0|0|0|56|0|56|50|19|30|0|0|0|1|6|6|5|1|0|0|0|0|0|0|0|0|0|0|0|0|0|0|0|0|0|0|0|0|0|0|0|0|0|0|0|0|0|0|0|0|0|0|0|0|0|0|0|0|0|0|0|0|0|0|0|0|0|0|0|0|0|0|0|0|0|0|0
DHCST|NY|000|05|0214218|61|61|61|0|0|61|24|29|0|0|0|3|5|61|58|3|61|58|24|29|0|0|0|0|5|3|0|0|0|0|0|3|0|66|29|31|2|1|0|3|66|63|29|31|2|1|0|0|3|0|0|0|0|0|3|61|56|24|29|0|0|0|3|5|5|2|2|1|0|0|0|0|0|0|0|0|0|0|0|0|0|0|0|0|0|0|0|0|0|0|0|0|0|0|0|0|0|0|0|0|0|0|0|0|0|0|0|0|0|0|0|0|0|0|0|0|0|0|0|0|0|0|0|0|0|0|61|3|58|53|24|29|0|0|0|0|5|5|2|2|1|0|0|0|0|0|0|0|0|0|0|0|0|0|0|0|0|0|0|0|0|0|0|0|0|0|0|0|0|0|0|0|0|0|0|0|0|0|0|0|0|0|0|0|0|0|0|0|0|0|0|0|0|0|0|0|0|0|0
DHCST|NY|000|05|0214219|66|66|66|0|0|66|10|45|0|1|0|0|10|66|57|9|66|57|8|45|0|1|0|0|3|9|2|0|0|0|0|0|7|76|17|54|0|2|0|3|76|60|10|48|0|2|0|0|16|7|6|0|0|0|3|66|56|10|45|0|1|0|0|10|10|6|0|0|0|1|0|1|0|2|0|0|0|0|0|0|0|0|0|0|0|0|0|0|0|0|0|0|0|0|0|0|0|0|0|0|0|0|0|0|0|0|0|0|0|0|0|0|0|0|0|0|0|0|0|0|0|0|0|0|0|0|66|9|57|54|8|45|0|1|0|0|3|3|2|0|0|0|0|0|1|0|0|0|0|0|0|0|0|0|0|0|0|0|0|0|0|0|0|0|0|0|0|0|0|0|0|0|0|0|0|0|0|0|0|0|0|0|0|0|0|0|0|0|0|0|0|0|0|0|0|0|0|0|0
DHCST|NY|000|05|0214220|76|76|76|0|0|76|12|54|0|0|0|6|4|76|70|6|76|70|12|54|0|0|0|0|4|6|0|0|0|0|0|6|0|80|16|57|0|0|0|7|80|74|16|57|0|0|0|1|6|0|0|0|0|0|6|76|72|12|54|0|0|0|6|4|4|3|0|0|0|1|0|0|0|0|0|0|0|0|0|0|0|0|0|0|0|0|0|0|0|0|0|0|0|0|0|0|0|0|0|0|0|0|0|0|0|0|0|0|0|0|0|0|0|0|0|0|0|0|0|0|0|0|0|0|0|0|76|6|70|66|12|54|0|0|0|0|4|4|3|0|0|0|1|0|0|0|0|0|0|0|0|0|0|0|0|0|0|0|0|0|0|0|0|0|0|0|0|0|0|0|0|0|0|0|0|0|0|0|0|0|0|0|0|0|0|0|0|0|0|0|0|0|0|0|0|0|0|0|0
DHCST|NY|000|05|0214221|153|153|153|0|0|153|9|140|1|0|0|2|1|153|149|4|153|149|8|139|1|0|0|0|1|4|1|1|0|0|0|2|0|154|9|141|1|0|0|3|154|150|8|140|1|0|0|1|4|1|1|0|0|0|2|153|152|9|140|1|0|0|2|1|1|0|0|0|0|0|0|0|0|1|0|0|0|0|0|0|0|0|0|0|0|0|0|0|0|0|0|0|0|0|0|0|0|0|0|0|0|0|0|0|0|0|0|0|0|0|0|0|0|0|0|0|0|0|0|0|0|0|0|0|0|0|153|4|149|148|8|139|1|0|0|0|1|1|0|0|0|0|0|0|0|0|1|0|0|0|0|0|0|0|0|0|0|0|0|0|0|0|0|0|0|0|0|0|0|0|0|0|0|0|0|0|0|0|0|0|0|0|0|0|0|0|0|0|0|0|0|0|0|0|0|0|0|0|0
DHCST|NY|000|05|0214222|118|118|118|0|0|118|14|103|1|0|0|0|0|118|117|1|118|117|14|102|1|0|0|0|0|1|0|1|0|0|0|0|0|118|14|103|1|0|0|0|118|117|14|102|1|0|0|0|1|0|1|0|0|0|0|118|118|14|103|1|0|0|0|0|0|0|0|0|0|0|0|0|0|0|0|0|0|0|0|0|0|0|0|0|0|0|0|0|0|0|0|0|0|0|0|0|0|0|0|0|0|0|0|0|0|0|0|0|0|0|0|0|0|0|0|0|0|0|0|0|0|0|0|0|0|0|118|1|117|117|14|102|1|0|0|0|0|0|0|0|0|0|0|0|0|0|0|0|0|0|0|0|0|0|0|0|0|0|0|0|0|0|0|0|0|0|0|0|0|0|0|0|0|0|0|0|0|0|0|0|0|0|0|0|0|0|0|0|0|0|0|0|0|0|0|0|0|0|0
DHCST|NY|000|05|0214223|16|16|16|0|0|16|5|6|0|0|0|1|4|16|14|2|16|14|5|5|0|0|0|0|4|2|0|1|0|0|0|1|0|20|9|9|0|0|0|2|20|18|9|8|0|0|0|1|2|0|1|0|0|0|1|16|12|5|6|0|0|0|1|4|4|3|0|0|0|1|0|0|0|0|0|0|0|0|0|0|0|0|0|0|0|0|0|0|0|0|0|0|0|0|0|0|0|0|0|0|0|0|0|0|0|0|0|0|0|0|0|0|0|0|0|0|0|0|0|0|0|0|0|0|0|0|16|2|14|10|5|5|0|0|0|0|4|4|3|0|0|0|1|0|0|0|0|0|0|0|0|0|0|0|0|0|0|0|0|0|0|0|0|0|0|0|0|0|0|0|0|0|0|0|0|0|0|0|0|0|0|0|0|0|0|0|0|0|0|0|0|0|0|0|0|0|0|0|0
DHCST|NY|000|05|0214224|38|38|38|0|0|38|3|26|0|0|0|7|2|38|30|8|38|30|3|26|0|0|0|0|1|8|0|0|0|0|0|7|1|41|4|28|1|0|0|8|41|32|4|27|1|0|0|0|9|0|1|0|0|0|8|38|36|3|26|0|0|0|7|2|1|0|0|0|0|0|0|0|0|1|0|0|0|0|0|0|1|1|0|0|0|0|0|0|0|0|0|0|0|0|0|0|0|0|0|0|0|0|0|0|0|0|0|0|0|0|0|0|0|0|0|0|0|0|0|0|0|0|0|0|0|0|38|8|30|29|3|26|0|0|0|0|1|0|0|0|0|0|0|0|0|0|0|0|0|0|0|0|0|1|1|0|0|0|0|0|0|0|0|0|0|0|0|0|0|0|0|0|0|0|0|0|0|0|0|0|0|0|0|0|0|0|0|0|0|0|0|0|0|0|0|0|0|0|0
DHCST|NY|000|05|0214225|30|30|30|0|0|30|2|23|0|1|0|1|3|30|28|2|30|28|2|22|0|1|0|0|3|2|0|1|0|0|0|1|0|33|5|23|2|1|0|2|33|31|5|22|2|1|0|1|2|0|1|0|0|0|1|30|27|2|23|0|1|0|1|3|3|0|2|0|0|1|0|0|0|0|0|0|0|0|0|0|0|0|0|0|0|0|0|0|0|0|0|0|0|0|0|0|0|0|0|0|0|0|0|0|0|0|0|0|0|0|0|0|0|0|0|0|0|0|0|0|0|0|0|0|0|0|30|2|28|25|2|22|0|1|0|0|3|3|0|2|0|0|1|0|0|0|0|0|0|0|0|0|0|0|0|0|0|0|0|0|0|0|0|0|0|0|0|0|0|0|0|0|0|0|0|0|0|0|0|0|0|0|0|0|0|0|0|0|0|0|0|0|0|0|0|0|0|0|0
DHCST|NY|000|05|0214226|54|54|54|0|0|54|1|51|1|0|0|0|1|54|53|1|54|53|0|51|1|0|0|0|1|1|1|0|0|0|0|0|0|55|1|52|2|0|0|0|55|54|0|52|2|0|0|0|1|1|0|0|0|0|0|54|53|1|51|1|0|0|0|1|1|0|0|0|0|0|1|0|0|0|0|0|0|0|0|0|0|0|0|0|0|0|0|0|0|0|0|0|0|0|0|0|0|0|0|0|0|0|0|0|0|0|0|0|0|0|0|0|0|0|0|0|0|0|0|0|0|0|0|0|0|0|54|1|53|52|0|51|1|0|0|0|1|1|0|0|0|0|0|1|0|0|0|0|0|0|0|0|0|0|0|0|0|0|0|0|0|0|0|0|0|0|0|0|0|0|0|0|0|0|0|0|0|0|0|0|0|0|0|0|0|0|0|0|0|0|0|0|0|0|0|0|0|0|0
DHCST|NY|000|05|0214227|86|86|86|0|0|86|19|67|0|0|0|0|0|86|79|7|86|79|12|67|0|0|0|0|0|7|7|0|0|0|0|0|0|86|19|67|0|0|0|0|86|79|12|67|0|0|0|0|7|7|0|0|0|0|0|86|86|19|67|0|0|0|0|0|0|0|0|0|0|0|0|0|0|0|0|0|0|0|0|0|0|0|0|0|0|0|0|0|0|0|0|0|0|0|0|0|0|0|0|0|0|0|0|0|0|0|0|0|0|0|0|0|0|0|0|0|0|0|0|0|0|0|0|0|0|0|86|7|79|79|12|67|0|0|0|0|0|0|0|0|0|0|0|0|0|0|0|0|0|0|0|0|0|0|0|0|0|0|0|0|0|0|0|0|0|0|0|0|0|0|0|0|0|0|0|0|0|0|0|0|0|0|0|0|0|0|0|0|0|0|0|0|0|0|0|0|0|0|0
DHCST|NY|000|05|0214228|138|138|138|0|0|138|8|129|0|0|0|0|1|138|138|0|138|138|8|129|0|0|0|0|1|0|0|0|0|0|0|0|0|139|9|130|0|0|0|0|139|139|9|130|0|0|0|0|0|0|0|0|0|0|0|138|137|8|129|0|0|0|0|1|1|1|0|0|0|0|0|0|0|0|0|0|0|0|0|0|0|0|0|0|0|0|0|0|0|0|0|0|0|0|0|0|0|0|0|0|0|0|0|0|0|0|0|0|0|0|0|0|0|0|0|0|0|0|0|0|0|0|0|0|0|0|138|0|138|137|8|129|0|0|0|0|1|1|1|0|0|0|0|0|0|0|0|0|0|0|0|0|0|0|0|0|0|0|0|0|0|0|0|0|0|0|0|0|0|0|0|0|0|0|0|0|0|0|0|0|0|0|0|0|0|0|0|0|0|0|0|0|0|0|0|0|0|0|0
DHCST|NY|000|05|0214229|40|40|40|0|0|40|6|30|0|0|0|0|4|40|40|0|40|40|6|30|0|0|0|0|4|0|0|0|0|0|0|0|0|44|10|34|0|0|0|0|44|44|10|34|0|0|0|0|0|0|0|0|0|0|0|40|36|6|30|0|0|0|0|4|4|4|0|0|0|0|0|0|0|0|0|0|0|0|0|0|0|0|0|0|0|0|0|0|0|0|0|0|0|0|0|0|0|0|0|0|0|0|0|0|0|0|0|0|0|0|0|0|0|0|0|0|0|0|0|0|0|0|0|0|0|0|40|0|40|36|6|30|0|0|0|0|4|4|4|0|0|0|0|0|0|0|0|0|0|0|0|0|0|0|0|0|0|0|0|0|0|0|0|0|0|0|0|0|0|0|0|0|0|0|0|0|0|0|0|0|0|0|0|0|0|0|0|0|0|0|0|0|0|0|0|0|0|0|0
DHCST|NY|000|05|0214230|66|66|66|0|0|66|2|54|0|0|0|1|9|66|64|2|66|64|2|54|0|0|0|0|8|2|0|0|0|0|0|1|1|76|11|62|2|0|0|1|76|72|10|61|1|0|0|0|4|1|1|1|0|0|1|66|57|2|54|0|0|0|1|9|8|7|1|0|0|0|0|0|0|0|0|0|0|0|0|0|1|1|0|0|0|0|0|0|0|0|0|0|0|0|0|0|0|0|0|0|0|0|0|0|0|0|0|0|0|0|0|0|0|0|0|0|0|0|0|0|0|0|0|0|0|0|66|2|64|56|2|54|0|0|0|0|8|8|7|1|0|0|0|0|0|0|0|0|0|0|0|0|0|0|0|0|0|0|0|0|0|0|0|0|0|0|0|0|0|0|0|0|0|0|0|0|0|0|0|0|0|0|0|0|0|0|0|0|0|0|0|0|0|0|0|0|0|0|0
DHCST|NY|000|05|0214231|0|0|0|0|0|0|0|0|0|0|0|0|0|0|0|0|0|0|0|0|0|0|0|0|0|0|0|0|0|0|0|0|0|0|0|0|0|0|0|0|0|0|0|0|0|0|0|0|0|0|0|0|0|0|0|0|0|0|0|0|0|0|0|0|0|0|0|0|0|0|0|0|0|0|0|0|0|0|0|0|0|0|0|0|0|0|0|0|0|0|0|0|0|0|0|0|0|0|0|0|0|0|0|0|0|0|0|0|0|0|0|0|0|0|0|0|0|0|0|0|0|0|0|0|0|0|0|0|0|0|0|0|0|0|0|0|0|0|0|0|0|0|0|0|0|0|0|0|0|0|0|0|0|0|0|0|0|0|0|0|0|0|0|0|0|0|0|0|0|0|0|0|0|0|0|0|0|0|0|0|0|0|0|0|0|0|0|0|0|0|0|0|0|0|0|0|0|0|0
DHCST|NY|000|05|0214232|41|41|41|0|0|41|6|26|1|0|0|1|7|41|33|8|41|33|6|24|0|0|0|0|3|8|0|2|1|0|0|1|4|51|13|32|4|0|0|2|51|36|9|27|0|0|0|0|15|4|5|4|0|0|2|41|34|6|26|1|0|0|1|7|4|3|0|0|0|1|0|0|0|0|0|0|0|0|0|0|3|3|0|0|0|0|0|0|0|0|0|0|0|0|0|0|0|0|0|0|0|0|0|0|0|0|0|0|0|0|0|0|0|0|0|0|0|0|0|0|0|0|0|0|0|0|41|8|33|30|6|24|0|0|0|0|3|3|3|0|0|0|0|0|0|0|0|0|0|0|0|0|0|0|0|0|0|0|0|0|0|0|0|0|0|0|0|0|0|0|0|0|0|0|0|0|0|0|0|0|0|0|0|0|0|0|0|0|0|0|0|0|0|0|0|0|0|0|0
DHCST|NY|000|05|0214233|0|0|0|0|0|0|0|0|0|0|0|0|0|0|0|0|0|0|0|0|0|0|0|0|0|0|0|0|0|0|0|0|0|0|0|0|0|0|0|0|0|0|0|0|0|0|0|0|0|0|0|0|0|0|0|0|0|0|0|0|0|0|0|0|0|0|0|0|0|0|0|0|0|0|0|0|0|0|0|0|0|0|0|0|0|0|0|0|0|0|0|0|0|0|0|0|0|0|0|0|0|0|0|0|0|0|0|0|0|0|0|0|0|0|0|0|0|0|0|0|0|0|0|0|0|0|0|0|0|0|0|0|0|0|0|0|0|0|0|0|0|0|0|0|0|0|0|0|0|0|0|0|0|0|0|0|0|0|0|0|0|0|0|0|0|0|0|0|0|0|0|0|0|0|0|0|0|0|0|0|0|0|0|0|0|0|0|0|0|0|0|0|0|0|0|0|0|0|0
DHCST|NY|000|05|0214234|29|29|29|0|0|29|5|19|0|0|0|2|3|29|27|2|29|27|5|19|0|0|0|0|3|2|0|0|0|0|0|2|0|32|8|19|3|0|0|2|32|30|8|19|3|0|0|0|2|0|0|0|0|0|2|29|26|5|19|0|0|0|2|3|3|0|3|0|0|0|0|0|0|0|0|0|0|0|0|0|0|0|0|0|0|0|0|0|0|0|0|0|0|0|0|0|0|0|0|0|0|0|0|0|0|0|0|0|0|0|0|0|0|0|0|0|0|0|0|0|0|0|0|0|0|0|29|2|27|24|5|19|0|0|0|0|3|3|0|3|0|0|0|0|0|0|0|0|0|0|0|0|0|0|0|0|0|0|0|0|0|0|0|0|0|0|0|0|0|0|0|0|0|0|0|0|0|0|0|0|0|0|0|0|0|0|0|0|0|0|0|0|0|0|0|0|0|0|0
DHCST|NY|000|05|0214235|107|107|107|0|0|107|21|81|0|0|0|0|5|107|101|6|107|101|16|80|0|0|0|0|5|6|5|1|0|0|0|0|0|112|26|86|0|0|0|0|112|106|21|85|0|0|0|0|6|5|1|0|0|0|0|107|102|21|81|0|0|0|0|5|5|5|0|0|0|0|0|0|0|0|0|0|0|0|0|0|0|0|0|0|0|0|0|0|0|0|0|0|0|0|0|0|0|0|0|0|0|0|0|0|0|0|0|0|0|0|0|0|0|0|0|0|0|0|0|0|0|0|0|0|0|0|107|6|101|96|16|80|0|0|0|0|5|5|5|0|0|0|0|0|0|0|0|0|0|0|0|0|0|0|0|0|0|0|0|0|0|0|0|0|0|0|0|0|0|0|0|0|0|0|0|0|0|0|0|0|0|0|0|0|0|0|0|0|0|0|0|0|0|0|0|0|0|0|0
DHCST|NY|000|05|0214236|0|0|0|0|0|0|0|0|0|0|0|0|0|0|0|0|0|0|0|0|0|0|0|0|0|0|0|0|0|0|0|0|0|0|0|0|0|0|0|0|0|0|0|0|0|0|0|0|0|0|0|0|0|0|0|0|0|0|0|0|0|0|0|0|0|0|0|0|0|0|0|0|0|0|0|0|0|0|0|0|0|0|0|0|0|0|0|0|0|0|0|0|0|0|0|0|0|0|0|0|0|0|0|0|0|0|0|0|0|0|0|0|0|0|0|0|0|0|0|0|0|0|0|0|0|0|0|0|0|0|0|0|0|0|0|0|0|0|0|0|0|0|0|0|0|0|0|0|0|0|0|0|0|0|0|0|0|0|0|0|0|0|0|0|0|0|0|0|0|0|0|0|0|0|0|0|0|0|0|0|0|0|0|0|0|0|0|0|0|0|0|0|0|0|0|0|0|0|0
DHCST|NY|000|05|0214237|11|11|11|0|0|11|0|8|0|0|0|0|3|11|10|1|11|10|0|7|0|0|0|0|3|1|0|1|0|0|0|0|0|14|3|11|0|0|0|0|14|13|3|10|0|0|0|0|1|0|1|0|0|0|0|11|8|0|8|0|0|0|0|3|3|3|0|0|0|0|0|0|0|0|0|0|0|0|0|0|0|0|0|0|0|0|0|0|0|0|0|0|0|0|0|0|0|0|0|0|0|0|0|0|0|0|0|0|0|0|0|0|0|0|0|0|0|0|0|0|0|0|0|0|0|0|11|1|10|7|0|7|0|0|0|0|3|3|3|0|0|0|0|0|0|0|0|0|0|0|0|0|0|0|0|0|0|0|0|0|0|0|0|0|0|0|0|0|0|0|0|0|0|0|0|0|0|0|0|0|0|0|0|0|0|0|0|0|0|0|0|0|0|0|0|0|0|0|0
DHCST|NY|000|05|0214238|36|36|36|0|0|36|1|29|0|0|0|2|4|36|25|11|36|25|0|23|0|0|0|0|2|11|1|6|0|0|0|2|2|41|4|33|2|0|0|2|41|27|2|25|0|0|0|0|14|2|8|2|0|0|2|36|32|1|29|0|0|0|2|4|3|2|0|0|0|0|1|0|0|0|0|0|0|0|0|0|1|1|0|0|0|0|0|0|0|0|0|0|0|0|0|0|0|0|0|0|0|0|0|0|0|0|0|0|0|0|0|0|0|0|0|0|0|0|0|0|0|0|0|0|0|0|36|11|25|23|0|23|0|0|0|0|2|2|2|0|0|0|0|0|0|0|0|0|0|0|0|0|0|0|0|0|0|0|0|0|0|0|0|0|0|0|0|0|0|0|0|0|0|0|0|0|0|0|0|0|0|0|0|0|0|0|0|0|0|0|0|0|0|0|0|0|0|0|0
DHCST|NY|000|05|0214239|10|10|10|0|0|10|2|4|2|0|0|1|1|10|5|5|10|5|0|3|2|0|0|0|0|5|2|1|0|0|0|1|1|11|2|4|2|1|0|2|11|5|0|3|2|0|0|0|6|2|1|0|1|0|2|10|9|2|4|2|0|0|1|1|1|0|0|0|0|0|0|0|0|0|0|0|0|0|1|0|0|0|0|0|0|0|0|0|0|0|0|0|0|0|0|0|0|0|0|0|0|0|0|0|0|0|0|0|0|0|0|0|0|0|0|0|0|0|0|0|0|0|0|0|0|0|10|5|5|5|0|3|2|0|0|0|0|0|0|0|0|0|0|0|0|0|0|0|0|0|0|0|0|0|0|0|0|0|0|0|0|0|0|0|0|0|0|0|0|0|0|0|0|0|0|0|0|0|0|0|0|0|0|0|0|0|0|0|0|0|0|0|0|0|0|0|0|0|0
DHCST|NY|000|05|0214240|48|48|48|0|0|48|7|33|3|1|0|1|3|48|46|2|48|46|7|33|3|1|0|0|2|2|0|0|0|0|0|1|1|51|8|36|4|1|0|2|51|48|8|35|4|1|0|0|3|0|1|0|0|0|2|48|45|7|33|3|1|0|1|3|3|1|0|0|0|0|1|0|0|1|0|0|0|0|0|0|0|0|0|0|0|0|0|0|0|0|0|0|0|0|0|0|0|0|0|0|0|0|0|0|0|0|0|0|0|0|0|0|0|0|0|0|0|0|0|0|0|0|0|0|0|0|48|2|46|44|7|33|3|1|0|0|2|2|1|0|0|0|0|1|0|0|0|0|0|0|0|0|0|0|0|0|0|0|0|0|0|0|0|0|0|0|0|0|0|0|0|0|0|0|0|0|0|0|0|0|0|0|0|0|0|0|0|0|0|0|0|0|0|0|0|0|0|0|0
DHCST|NY|000|05|0214241|0|0|0|0|0|0|0|0|0|0|0|0|0|0|0|0|0|0|0|0|0|0|0|0|0|0|0|0|0|0|0|0|0|0|0|0|0|0|0|0|0|0|0|0|0|0|0|0|0|0|0|0|0|0|0|0|0|0|0|0|0|0|0|0|0|0|0|0|0|0|0|0|0|0|0|0|0|0|0|0|0|0|0|0|0|0|0|0|0|0|0|0|0|0|0|0|0|0|0|0|0|0|0|0|0|0|0|0|0|0|0|0|0|0|0|0|0|0|0|0|0|0|0|0|0|0|0|0|0|0|0|0|0|0|0|0|0|0|0|0|0|0|0|0|0|0|0|0|0|0|0|0|0|0|0|0|0|0|0|0|0|0|0|0|0|0|0|0|0|0|0|0|0|0|0|0|0|0|0|0|0|0|0|0|0|0|0|0|0|0|0|0|0|0|0|0|0|0|0
DHCST|NY|000|05|0214242|101|101|101|0|0|101|20|61|2|0|0|10|8|101|83|18|101|83|16|60|0|0|0|0|7|18|4|1|2|0|0|10|1|110|25|65|7|2|0|11|110|90|20|63|5|2|0|0|20|5|2|2|0|0|11|101|93|20|61|2|0|0|10|8|7|0|2|2|0|0|3|0|0|0|0|0|0|0|0|0|1|0|0|0|1|0|0|0|0|0|0|0|0|0|0|0|0|0|0|0|0|0|0|0|0|0|0|0|0|0|0|0|0|0|0|0|0|0|0|0|0|0|0|0|0|0|101|18|83|76|16|60|0|0|0|0|7|7|0|2|2|0|0|3|0|0|0|0|0|0|0|0|0|0|0|0|0|0|0|0|0|0|0|0|0|0|0|0|0|0|0|0|0|0|0|0|0|0|0|0|0|0|0|0|0|0|0|0|0|0|0|0|0|0|0|0|0|0|0
DHCST|NY|000|05|0214243|56|56|56|0|0|56|10|40|1|0|0|0|5|56|47|9|56|47|2|40|1|0|0|0|4|9|8|0|0|0|0|0|1|62|13|45|1|0|0|3|62|51|4|44|1|0|0|2|11|9|1|0|0|0|1|56|51|10|40|1|0|0|0|5|4|2|0|0|0|0|0|0|0|2|0|0|0|0|0|0|1|0|0|0|1|0|0|0|0|0|0|0|0|0|0|0|0|0|0|0|0|0|0|0|0|0|0|0|0|0|0|0|0|0|0|0|0|0|0|0|0|0|0|0|0|0|56|9|47|43|2|40|1|0|0|0|4|4|2|0|0|0|0|0|0|0|2|0|0|0|0|0|0|0|0|0|0|0|0|0|0|0|0|0|0|0|0|0|0|0|0|0|0|0|0|0|0|0|0|0|0|0|0|0|0|0|0|0|0|0|0|0|0|0|0|0|0|0|0
DHCST|NY|000|05|0214244|171|171|171|0|0|171|27|121|0|2|0|3|18|171|159|12|171|159|27|120|0|2|0|0|10|12|0|1|0|0|0|3|8|193|45|130|5|2|0|11|193|169|37|125|5|2|0|0|24|8|5|0|0|0|11|171|153|27|121|0|2|0|3|18|14|5|5|0|0|4|0|0|0|0|0|0|0|0|0|0|4|0|0|0|4|0|0|0|0|0|0|0|0|0|0|0|0|0|0|0|0|0|0|0|0|0|0|0|0|0|0|0|0|0|0|0|0|0|0|0|0|0|0|0|0|0|171|12|159|149|27|120|0|2|0|0|10|10|5|5|0|0|0|0|0|0|0|0|0|0|0|0|0|0|0|0|0|0|0|0|0|0|0|0|0|0|0|0|0|0|0|0|0|0|0|0|0|0|0|0|0|0|0|0|0|0|0|0|0|0|0|0|0|0|0|0|0|0|0
DHCST|NY|000|05|0214245|312|312|312|0|0|312|34|234|2|0|0|16|26|312|289|23|312|289|31|234|2|0|0|1|21|23|3|0|0|0|0|15|5|347|53|258|17|0|0|19|347|319|49|254|14|0|0|2|28|4|4|3|0|0|17|312|286|34|234|2|0|0|16|26|17|8|0|0|0|2|6|0|0|1|0|0|0|0|0|0|9|9|0|0|0|0|0|0|0|0|0|0|0|0|0|0|0|0|0|0|0|0|0|0|0|0|0|0|0|0|0|0|0|0|0|0|0|0|0|0|0|0|0|0|0|0|312|23|289|268|31|234|2|0|0|1|21|12|8|0|0|0|1|3|0|0|0|0|0|0|0|0|0|9|9|0|0|0|0|0|0|0|0|0|0|0|0|0|0|0|0|0|0|0|0|0|0|0|0|0|0|0|0|0|0|0|0|0|0|0|0|0|0|0|0|0|0|0|0
DHCST|NY|000|05|0214246|149|149|149|0|0|149|32|76|5|1|0|17|18|149|126|23|149|126|28|76|5|1|0|0|16|23|4|0|0|0|0|17|2|170|42|94|13|2|0|19|170|145|38|92|13|2|0|0|25|4|2|0|0|0|19|149|131|32|76|5|1|0|17|18|15|7|0|0|0|0|5|1|0|2|0|0|0|0|0|0|3|3|0|0|0|0|0|0|0|0|0|0|0|0|0|0|0|0|0|0|0|0|0|0|0|0|0|0|0|0|0|0|0|0|0|0|0|0|0|0|0|0|0|0|0|0|149|23|126|110|28|76|5|1|0|0|16|13|7|0|0|0|0|5|1|0|0|0|0|0|0|0|0|3|3|0|0|0|0|0|0|0|0|0|0|0|0|0|0|0|0|0|0|0|0|0|0|0|0|0|0|0|0|0|0|0|0|0|0|0|0|0|0|0|0|0|0|0|0
DHCST|NY|000|05|0214247|127|127|127|0|0|127|21|93|1|0|0|8|4|127|110|17|127|110|19|89|1|0|0|0|1|17|2|4|0|0|0|8|3|132|23|96|2|1|0|10|132|111|19|90|2|0|0|0|21|4|6|0|1|0|10|127|123|21|93|1|0|0|8|4|3|1|0|0|0|0|1|0|0|0|0|0|0|0|1|0|1|0|0|0|1|0|0|0|0|0|0|0|0|0|0|0|0|0|0|0|0|0|0|0|0|0|0|0|0|0|0|0|0|0|0|0|0|0|0|0|0|0|0|0|0|0|127|17|110|109|19|89|1|0|0|0|1|1|0|0|0|0|0|1|0|0|0|0|0|0|0|0|0|0|0|0|0|0|0|0|0|0|0|0|0|0|0|0|0|0|0|0|0|0|0|0|0|0|0|0|0|0|0|0|0|0|0|0|0|0|0|0|0|0|0|0|0|0|0
DHCST|NY|000|05|0214248|184|184|184|0|0|184|25|143|0|2|0|6|8|184|163|21|184|163|21|139|0|2|0|0|1|21|4|4|0|0|0|6|7|195|33|148|2|3|0|9|195|165|22|140|1|2|0|0|30|11|8|1|1|0|9|184|176|25|143|0|2|0|6|8|6|3|0|0|0|3|0|0|0|0|0|0|0|0|0|0|1|1|0|0|0|0|0|0|0|0|0|0|0|0|0|0|0|0|0|0|0|1|1|0|0|0|0|0|0|0|0|0|0|0|0|0|0|0|0|0|0|0|0|0|0|0|184|21|163|162|21|139|0|2|0|0|1|0|0|0|0|0|0|0|0|0|0|0|0|0|0|0|0|1|1|0|0|0|0|0|0|0|0|0|0|0|0|0|0|0|0|0|0|0|0|0|0|0|0|0|0|0|0|0|0|0|0|0|0|0|0|0|0|0|0|0|0|0|0
DHCST|NY|000|05|0214249|0|0|0|0|0|0|0|0|0|0|0|0|0|0|0|0|0|0|0|0|0|0|0|0|0|0|0|0|0|0|0|0|0|0|0|0|0|0|0|0|0|0|0|0|0|0|0|0|0|0|0|0|0|0|0|0|0|0|0|0|0|0|0|0|0|0|0|0|0|0|0|0|0|0|0|0|0|0|0|0|0|0|0|0|0|0|0|0|0|0|0|0|0|0|0|0|0|0|0|0|0|0|0|0|0|0|0|0|0|0|0|0|0|0|0|0|0|0|0|0|0|0|0|0|0|0|0|0|0|0|0|0|0|0|0|0|0|0|0|0|0|0|0|0|0|0|0|0|0|0|0|0|0|0|0|0|0|0|0|0|0|0|0|0|0|0|0|0|0|0|0|0|0|0|0|0|0|0|0|0|0|0|0|0|0|0|0|0|0|0|0|0|0|0|0|0|0|0|0
DHCST|NY|000|05|0214250|0|0|0|0|0|0|0|0|0|0|0|0|0|0|0|0|0|0|0|0|0|0|0|0|0|0|0|0|0|0|0|0|0|0|0|0|0|0|0|0|0|0|0|0|0|0|0|0|0|0|0|0|0|0|0|0|0|0|0|0|0|0|0|0|0|0|0|0|0|0|0|0|0|0|0|0|0|0|0|0|0|0|0|0|0|0|0|0|0|0|0|0|0|0|0|0|0|0|0|0|0|0|0|0|0|0|0|0|0|0|0|0|0|0|0|0|0|0|0|0|0|0|0|0|0|0|0|0|0|0|0|0|0|0|0|0|0|0|0|0|0|0|0|0|0|0|0|0|0|0|0|0|0|0|0|0|0|0|0|0|0|0|0|0|0|0|0|0|0|0|0|0|0|0|0|0|0|0|0|0|0|0|0|0|0|0|0|0|0|0|0|0|0|0|0|0|0|0|0
DHCST|NY|000|05|0214251|56|56|56|0|0|56|6|43|0|0|1|0|6|56|53|3|56|53|6|43|0|0|1|0|3|3|0|0|0|0|0|0|3|65|9|49|3|1|1|2|65|56|6|46|2|1|1|0|9|3|3|1|0|0|2|56|50|6|43|0|0|1|0|6|3|0|0|0|0|0|2|1|0|0|0|0|0|0|0|0|3|1|0|0|2|0|0|0|0|0|0|0|0|0|0|0|0|0|0|0|0|0|0|0|0|0|0|0|0|0|0|0|0|0|0|0|0|0|0|0|0|0|0|0|0|0|56|3|53|50|6|43|0|0|1|0|3|3|0|0|0|0|0|2|1|0|0|0|0|0|0|0|0|0|0|0|0|0|0|0|0|0|0|0|0|0|0|0|0|0|0|0|0|0|0|0|0|0|0|0|0|0|0|0|0|0|0|0|0|0|0|0|0|0|0|0|0|0|0
DHCST|NY|000|05|0214252|58|58|58|0|0|58|7|43|0|0|0|3|5|58|49|9|58|49|3|40|0|0|0|3|3|9|4|3|0|0|0|0|2|63|11|45|1|0|1|5|63|52|5|42|1|0|1|3|11|6|3|0|0|0|2|58|53|7|43|0|0|0|3|5|5|1|0|0|1|2|1|0|0|0|0|0|0|0|0|0|0|0|0|0|0|0|0|0|0|0|0|0|0|0|0|0|0|0|0|0|0|0|0|0|0|0|0|0|0|0|0|0|0|0|0|0|0|0|0|0|0|0|0|0|0|0|58|9|49|46|3|40|0|0|0|3|3|3|1|0|0|1|0|1|0|0|0|0|0|0|0|0|0|0|0|0|0|0|0|0|0|0|0|0|0|0|0|0|0|0|0|0|0|0|0|0|0|0|0|0|0|0|0|0|0|0|0|0|0|0|0|0|0|0|0|0|0|0|0
DHCST|NY|000|05|0214253|114|114|114|0|0|114|23|48|0|0|0|26|17|114|76|38|114|76|19|41|0|0|0|3|13|38|4|7|0|0|0|23|4|131|38|64|0|0|0|29|131|89|32|54|0|0|0|3|42|6|10|0|0|0|26|114|97|23|48|0|0|0|26|17|17|14|0|0|0|1|0|0|0|2|0|0|0|0|0|0|0|0|0|0|0|0|0|0|0|0|0|0|0|0|0|0|0|0|0|0|0|0|0|0|0|0|0|0|0|0|0|0|0|0|0|0|0|0|0|0|0|0|0|0|0|0|114|38|76|63|19|41|0|0|0|3|13|13|13|0|0|0|0|0|0|0|0|0|0|0|0|0|0|0|0|0|0|0|0|0|0|0|0|0|0|0|0|0|0|0|0|0|0|0|0|0|0|0|0|0|0|0|0|0|0|0|0|0|0|0|0|0|0|0|0|0|0|0|0
DHCST|NY|000|05|0214254|103|103|103|0|0|103|26|62|0|0|0|7|8|103|90|13|103|90|23|60|0|0|0|7|0|13|3|2|0|0|0|0|8|112|34|62|1|1|0|14|112|90|23|60|0|0|0|7|22|11|2|1|1|0|7|103|95|26|62|0|0|0|7|8|7|0|0|0|0|7|0|0|0|0|0|0|0|0|0|0|1|0|0|0|0|1|0|0|0|0|0|0|0|0|0|0|0|0|0|0|0|0|0|0|0|0|0|0|0|0|0|0|0|0|0|0|0|0|0|0|0|0|0|0|0|0|103|13|90|90|23|60|0|0|0|7|0|0|0|0|0|0|0|0|0|0|0|0|0|0|0|0|0|0|0|0|0|0|0|0|0|0|0|0|0|0|0|0|0|0|0|0|0|0|0|0|0|0|0|0|0|0|0|0|0|0|0|0|0|0|0|0|0|0|0|0|0|0|0
DHCST|NY|000|05|0214255|75|75|75|0|0|75|1|66|0|0|0|0|8|75|71|4|75|71|1|64|0|0|0|0|6|4|0|2|0|0|0|0|2|83|5|74|0|0|2|2|83|77|5|70|0|0|2|0|6|0|4|0|0|0|2|75|67|1|66|0|0|0|0|8|8|4|0|0|0|0|0|0|2|2|0|0|0|0|0|0|0|0|0|0|0|0|0|0|0|0|0|0|0|0|0|0|0|0|0|0|0|0|0|0|0|0|0|0|0|0|0|0|0|0|0|0|0|0|0|0|0|0|0|0|0|0|75|4|71|65|1|64|0|0|0|0|6|6|4|0|0|0|0|0|0|2|0|0|0|0|0|0|0|0|0|0|0|0|0|0|0|0|0|0|0|0|0|0|0|0|0|0|0|0|0|0|0|0|0|0|0|0|0|0|0|0|0|0|0|0|0|0|0|0|0|0|0|0|0
DHCST|NY|000|05|0214256|66|66|66|0|0|66|3|60|0|0|0|2|1|66|64|2|66|64|3|60|0|0|0|1|0|2|0|0|0|0|0|1|1|67|4|60|0|0|0|3|67|64|3|60|0|0|0|1|3|1|0|0|0|0|2|66|65|3|60|0|0|0|2|1|1|0|0|0|0|1|0|0|0|0|0|0|0|0|0|0|0|0|0|0|0|0|0|0|0|0|0|0|0|0|0|0|0|0|0|0|0|0|0|0|0|0|0|0|0|0|0|0|0|0|0|0|0|0|0|0|0|0|0|0|0|0|66|2|64|64|3|60|0|0|0|1|0|0|0|0|0|0|0|0|0|0|0|0|0|0|0|0|0|0|0|0|0|0|0|0|0|0|0|0|0|0|0|0|0|0|0|0|0|0|0|0|0|0|0|0|0|0|0|0|0|0|0|0|0|0|0|0|0|0|0|0|0|0|0
DHCST|NY|000|05|0214257|62|62|62|0|0|62|19|37|0|0|0|0|6|62|59|3|62|59|19|37|0|0|0|0|3|3|0|0|0|0|0|0|3|74|25|42|4|2|0|1|74|66|22|40|2|2|0|0|8|3|2|2|0|0|1|62|56|19|37|0|0|0|0|6|2|1|0|0|0|1|0|0|0|0|0|0|0|0|0|0|2|2|0|0|0|0|0|0|0|0|0|0|0|0|0|0|0|0|0|0|0|2|2|0|0|0|0|0|0|0|0|0|0|0|0|0|0|0|0|0|0|0|0|0|0|0|62|3|59|56|19|37|0|0|0|0|3|1|1|0|0|0|0|0|0|0|0|0|0|0|0|0|0|0|0|0|0|0|0|0|0|0|0|0|0|0|0|0|0|0|0|0|0|0|2|2|0|0|0|0|0|0|0|0|0|0|0|0|0|0|0|0|0|0|0|0|0|0|0
DHCST|NY|000|05|0214258|116|116|116|0|0|116|7|106|0|0|0|3|0|116|104|12|116|104|7|97|0|0|0|0|0|12|0|9|0|0|0|3|0|116|7|106|0|0|0|3|116|104|7|97|0|0|0|0|12|0|9|0|0|0|3|116|116|7|106|0|0|0|3|0|0|0|0|0|0|0|0|0|0|0|0|0|0|0|0|0|0|0|0|0|0|0|0|0|0|0|0|0|0|0|0|0|0|0|0|0|0|0|0|0|0|0|0|0|0|0|0|0|0|0|0|0|0|0|0|0|0|0|0|0|0|0|116|12|104|104|7|97|0|0|0|0|0|0|0|0|0|0|0|0|0|0|0|0|0|0|0|0|0|0|0|0|0|0|0|0|0|0|0|0|0|0|0|0|0|0|0|0|0|0|0|0|0|0|0|0|0|0|0|0|0|0|0|0|0|0|0|0|0|0|0|0|0|0|0
DHCST|NY|000|05|0214259|66|66|66|0|0|66|0|58|0|0|0|4|4|66|58|8|66|58|0|54|0|0|0|1|3|8|0|4|0|0|0|3|1|70|4|61|1|0|0|4|70|61|3|56|1|0|0|1|9|1|5|0|0|0|3|66|62|0|58|0|0|0|4|4|4|3|1|0|0|0|0|0|0|0|0|0|0|0|0|0|0|0|0|0|0|0|0|0|0|0|0|0|0|0|0|0|0|0|0|0|0|0|0|0|0|0|0|0|0|0|0|0|0|0|0|0|0|0|0|0|0|0|0|0|0|0|66|8|58|55|0|54|0|0|0|1|3|3|2|1|0|0|0|0|0|0|0|0|0|0|0|0|0|0|0|0|0|0|0|0|0|0|0|0|0|0|0|0|0|0|0|0|0|0|0|0|0|0|0|0|0|0|0|0|0|0|0|0|0|0|0|0|0|0|0|0|0|0|0
DHCST|NY|000|05|0214260|44|44|44|0|0|44|7|19|0|0|0|7|11|44|30|14|44|30|7|19|0|0|0|3|1|14|0|0|0|0|0|4|10|56|7|30|0|1|1|17|56|32|7|20|0|1|1|3|24|0|10|0|0|0|14|44|33|7|19|0|0|0|7|11|10|0|0|0|0|0|0|0|0|10|0|0|0|0|0|0|1|0|0|0|0|0|0|0|0|0|0|0|0|0|1|0|0|0|0|0|0|0|0|0|0|0|0|0|0|0|0|0|0|0|0|0|0|0|0|0|0|0|0|0|0|0|44|14|30|29|7|19|0|0|0|3|1|0|0|0|0|0|0|0|0|0|0|0|0|0|0|0|0|1|0|0|0|0|0|0|0|0|0|0|0|0|0|1|0|0|0|0|0|0|0|0|0|0|0|0|0|0|0|0|0|0|0|0|0|0|0|0|0|0|0|0|0|0|0
DHCST|NY|000|05|0214261|15|15|15|0|0|15|1|4|1|2|0|0|7|15|12|3|15|12|1|4|1|2|0|0|4|3|0|0|0|0|0|0|3|22|7|5|3|4|0|3|22|16|4|5|2|4|0|1|6|3|0|1|0|0|2|15|8|1|4|1|2|0|0|7|7|0|2|2|0|2|0|0|0|1|0|0|0|0|0|0|0|0|0|0|0|0|0|0|0|0|0|0|0|0|0|0|0|0|0|0|0|0|0|0|0|0|0|0|0|0|0|0|0|0|0|0|0|0|0|0|0|0|0|0|0|0|15|3|12|8|1|4|1|2|0|0|4|4|0|1|2|0|0|0|0|0|1|0|0|0|0|0|0|0|0|0|0|0|0|0|0|0|0|0|0|0|0|0|0|0|0|0|0|0|0|0|0|0|0|0|0|0|0|0|0|0|0|0|0|0|0|0|0|0|0|0|0|0|0
DHCST|NY|000|05|0214262|109|109|109|0|0|109|4|84|1|0|0|5|15|109|96|13|109|96|4|83|1|0|0|0|8|13|0|1|0|0|0|5|7|126|13|95|5|1|1|11|126|105|8|91|4|1|1|0|21|5|4|1|0|0|11|109|94|4|84|1|0|0|5|15|13|4|0|0|0|4|3|0|0|2|0|0|0|0|0|0|2|1|0|0|0|0|0|0|0|0|0|0|0|0|1|0|0|0|0|0|0|0|0|0|0|0|0|0|0|0|0|0|0|0|0|0|0|0|0|0|0|0|0|0|0|0|109|13|96|88|4|83|1|0|0|0|8|7|4|0|0|0|0|3|0|0|0|0|0|0|0|0|0|1|0|0|0|0|0|0|0|0|0|0|0|0|0|1|0|0|0|0|0|0|0|0|0|0|0|0|0|0|0|0|0|0|0|0|0|0|0|0|0|0|0|0|0|0|0
DHCST|NY|000|05|0214263|101|101|101|0|0|101|26|63|0|0|0|1|11|101|90|11|101|90|24|55|0|0|0|0|11|11|2|8|0|0|0|1|0|117|34|74|3|3|1|2|117|106|32|66|3|3|1|1|11|2|8|0|0|0|1|101|90|26|63|0|0|0|1|11|8|5|0|0|0|0|3|0|0|0|0|0|0|0|0|0|2|0|2|0|0|0|0|0|0|0|0|0|0|0|0|0|0|0|0|0|0|0|0|0|0|0|0|0|0|0|0|0|0|0|0|0|0|1|0|0|0|1|0|0|0|0|101|11|90|79|24|55|0|0|0|0|11|8|5|0|0|0|0|3|0|0|0|0|0|0|0|0|0|2|0|2|0|0|0|0|0|0|0|0|0|0|0|0|0|0|0|0|0|0|0|0|0|0|0|0|0|0|0|0|0|0|0|0|0|0|1|0|0|0|1|0|0|0|0
DHCST|NY|000|05|0214264|218|218|218|0|0|218|24|169|4|0|0|10|11|218|199|19|218|199|24|166|4|0|0|0|5|19|0|3|0|0|0|10|6|229|30|179|4|0|0|16|229|204|29|171|4|0|0|0|25|1|8|0|0|0|16|218|207|24|169|4|0|0|10|11|11|5|0|0|0|1|0|0|0|5|0|0|0|0|0|0|0|0|0|0|0|0|0|0|0|0|0|0|0|0|0|0|0|0|0|0|0|0|0|0|0|0|0|0|0|0|0|0|0|0|0|0|0|0|0|0|0|0|0|0|0|0|218|19|199|194|24|166|4|0|0|0|5|5|5|0|0|0|0|0|0|0|0|0|0|0|0|0|0|0|0|0|0|0|0|0|0|0|0|0|0|0|0|0|0|0|0|0|0|0|0|0|0|0|0|0|0|0|0|0|0|0|0|0|0|0|0|0|0|0|0|0|0|0|0
DHCST|NY|000|05|0214265|238|238|238|0|0|238|38|187|0|0|0|3|10|238|219|19|238|219|31|183|0|0|0|0|5|19|7|4|0|0|0|3|5|250|44|197|3|0|0|6|250|224|35|188|1|0|0|0|26|9|9|2|0|0|6|238|228|38|187|0|0|0|3|10|8|4|0|0|0|0|1|0|0|3|0|0|0|0|0|0|2|2|0|0|0|0|0|0|0|0|0|0|0|0|0|0|0|0|0|0|0|0|0|0|0|0|0|0|0|0|0|0|0|0|0|0|0|0|0|0|0|0|0|0|0|0|238|19|219|214|31|183|0|0|0|0|5|5|4|0|0|0|0|1|0|0|0|0|0|0|0|0|0|0|0|0|0|0|0|0|0|0|0|0|0|0|0|0|0|0|0|0|0|0|0|0|0|0|0|0|0|0|0|0|0|0|0|0|0|0|0|0|0|0|0|0|0|0|0
DHCST|NY|000|05|0214266|228|228|228|0|0|228|34|148|10|4|0|21|11|228|186|42|228|186|29|132|8|3|0|4|10|42|5|16|2|1|0|17|1|240|44|154|11|4|1|26|240|197|38|138|9|3|1|8|43|6|16|2|1|0|18|228|217|34|148|10|4|0|21|11|10|4|0|0|0|5|0|0|1|0|0|0|0|0|0|0|1|1|0|0|0|0|0|0|0|0|0|0|0|0|0|0|0|0|0|0|0|0|0|0|0|0|0|0|0|0|0|0|0|0|0|0|0|0|0|0|0|0|0|0|0|0|228|42|186|176|29|132|8|3|0|4|10|9|4|0|0|0|4|0|0|1|0|0|0|0|0|0|0|1|1|0|0|0|0|0|0|0|0|0|0|0|0|0|0|0|0|0|0|0|0|0|0|0|0|0|0|0|0|0|0|0|0|0|0|0|0|0|0|0|0|0|0|0|0
DHCST|NY|000|05|0214267|67|67|67|0|0|67|15|35|4|0|0|0|13|67|64|3|67|64|15|33|4|0|0|0|12|3|0|2|0|0|0|0|1|83|27|42|6|3|0|5|83|78|26|40|6|2|0|4|5|1|2|0|1|0|1|67|54|15|35|4|0|0|0|13|10|5|0|1|0|3|1|0|0|0|0|0|0|0|0|0|3|1|0|0|0|0|0|0|0|2|0|0|0|0|0|0|0|0|0|0|0|0|0|0|0|0|0|0|0|0|0|0|0|0|0|0|0|0|0|0|0|0|0|0|0|0|67|3|64|52|15|33|4|0|0|0|12|10|5|0|1|0|3|1|0|0|0|0|0|0|0|0|0|2|1|0|0|0|0|0|0|0|1|0|0|0|0|0|0|0|0|0|0|0|0|0|0|0|0|0|0|0|0|0|0|0|0|0|0|0|0|0|0|0|0|0|0|0|0
DHCST|NY|000|05|0214268|0|0|0|0|0|0|0|0|0|0|0|0|0|0|0|0|0|0|0|0|0|0|0|0|0|0|0|0|0|0|0|0|0|0|0|0|0|0|0|0|0|0|0|0|0|0|0|0|0|0|0|0|0|0|0|0|0|0|0|0|0|0|0|0|0|0|0|0|0|0|0|0|0|0|0|0|0|0|0|0|0|0|0|0|0|0|0|0|0|0|0|0|0|0|0|0|0|0|0|0|0|0|0|0|0|0|0|0|0|0|0|0|0|0|0|0|0|0|0|0|0|0|0|0|0|0|0|0|0|0|0|0|0|0|0|0|0|0|0|0|0|0|0|0|0|0|0|0|0|0|0|0|0|0|0|0|0|0|0|0|0|0|0|0|0|0|0|0|0|0|0|0|0|0|0|0|0|0|0|0|0|0|0|0|0|0|0|0|0|0|0|0|0|0|0|0|0|0|0
DHCST|NY|000|05|0214269|67|67|67|0|0|67|31|17|1|1|0|8|9|67|54|13|67|54|31|17|1|1|0|0|4|13|0|0|0|0|0|8|5|76|36|23|4|1|0|12|76|58|35|19|3|1|0|0|18|1|4|1|0|0|12|67|58|31|17|1|1|0|8|9|9|2|3|0|0|0|0|0|0|4|0|0|0|0|0|0|0|0|0|0|0|0|0|0|0|0|0|0|0|0|0|0|0|0|0|0|0|0|0|0|0|0|0|0|0|0|0|0|0|0|0|0|0|0|0|0|0|0|0|0|0|0|67|13|54|50|31|17|1|1|0|0|4|4|2|2|0|0|0|0|0|0|0|0|0|0|0|0|0|0|0|0|0|0|0|0|0|0|0|0|0|0|0|0|0|0|0|0|0|0|0|0|0|0|0|0|0|0|0|0|0|0|0|0|0|0|0|0|0|0|0|0|0|0|0
DHCST|NY|000|05|0214270|59|59|59|0|0|59|8|43|1|0|0|0|7|59|56|3|59|56|8|43|0|0|0|0|5|3|0|0|1|0|0|0|2|70|14|48|6|0|0|2|70|65|13|47|4|0|0|1|5|1|1|2|0|0|1|59|52|8|43|1|0|0|0|7|3|0|2|0|0|0|0|0|0|1|0|0|0|0|0|0|4|3|0|0|1|0|0|0|0|0|0|0|0|0|0|0|0|0|0|0|0|0|0|0|0|0|0|0|0|0|0|0|0|0|0|0|0|0|0|0|0|0|0|0|0|0|59|3|56|51|8|43|0|0|0|0|5|1|0|1|0|0|0|0|0|0|0|0|0|0|0|0|0|4|3|0|0|1|0|0|0|0|0|0|0|0|0|0|0|0|0|0|0|0|0|0|0|0|0|0|0|0|0|0|0|0|0|0|0|0|0|0|0|0|0|0|0|0|0
DHCST|NY|000|05|0214271|19|19|19|0|0|19|4|5|0|0|0|4|6|19|14|5|19|14|3|5|0|0|0|0|6|5|1|0|0|0|0|4|0|25|9|11|1|0|0|4|25|20|8|11|1|0|0|0|5|1|0|0|0|0|4|19|13|4|5|0|0|0|4|6|6|5|0|0|0|0|1|0|0|0|0|0|0|0|0|0|0|0|0|0|0|0|0|0|0|0|0|0|0|0|0|0|0|0|0|0|0|0|0|0|0|0|0|0|0|0|0|0|0|0|0|0|0|0|0|0|0|0|0|0|0|0|19|5|14|8|3|5|0|0|0|0|6|6|5|0|0|0|0|1|0|0|0|0|0|0|0|0|0|0|0|0|0|0|0|0|0|0|0|0|0|0|0|0|0|0|0|0|0|0|0|0|0|0|0|0|0|0|0|0|0|0|0|0|0|0|0|0|0|0|0|0|0|0|0
DHCST|NY|000|05|0214272|186|186|186|0|0|186|95|61|10|0|1|13|6|186|175|11|186|175|95|61|10|0|1|2|6|11|0|0|0|0|0|11|0|192|101|67|10|0|1|13|192|181|101|67|10|0|1|2|11|0|0|0|0|0|11|186|180|95|61|10|0|1|13|6|6|6|0|0|0|0|0|0|0|0|0|0|0|0|0|0|0|0|0|0|0|0|0|0|0|0|0|0|0|0|0|0|0|0|0|0|0|0|0|0|0|0|0|0|0|0|0|0|0|0|0|0|0|0|0|0|0|0|0|0|0|0|186|11|175|169|95|61|10|0|1|2|6|6|6|0|0|0|0|0|0|0|0|0|0|0|0|0|0|0|0|0|0|0|0|0|0|0|0|0|0|0|0|0|0|0|0|0|0|0|0|0|0|0|0|0|0|0|0|0|0|0|0|0|0|0|0|0|0|0|0|0|0|0|0
DHCST|NY|000|05|0214273|56|56|56|0|0|56|15|30|3|1|0|3|4|56|47|9|56|47|15|24|3|1|0|0|4|9|0|6|0|0|0|3|0|60|19|31|6|1|0|3|60|51|19|25|6|1|0|0|9|0|6|0|0|0|3|56|52|15|30|3|1|0|3|4|4|1|3|0|0|0|0|0|0|0|0|0|0|0|0|0|0|0|0|0|0|0|0|0|0|0|0|0|0|0|0|0|0|0|0|0|0|0|0|0|0|0|0|0|0|0|0|0|0|0|0|0|0|0|0|0|0|0|0|0|0|0|56|9|47|43|15|24|3|1|0|0|4|4|1|3|0|0|0|0|0|0|0|0|0|0|0|0|0|0|0|0|0|0|0|0|0|0|0|0|0|0|0|0|0|0|0|0|0|0|0|0|0|0|0|0|0|0|0|0|0|0|0|0|0|0|0|0|0|0|0|0|0|0|0
DHCST|NY|000|05|0214274|52|52|52|0|0|52|7|26|3|0|0|1|15|52|48|4|52|48|5|26|3|0|0|0|14|4|2|0|0|0|0|1|1|67|22|38|3|0|0|4|67|62|19|38|3|0|0|2|5|3|0|0|0|0|2|52|37|7|26|3|0|0|1|15|15|12|0|0|0|3|0|0|0|0|0|0|0|0|0|0|0|0|0|0|0|0|0|0|0|0|0|0|0|0|0|0|0|0|0|0|0|0|0|0|0|0|0|0|0|0|0|0|0|0|0|0|0|0|0|0|0|0|0|0|0|0|52|4|48|34|5|26|3|0|0|0|14|14|12|0|0|0|2|0|0|0|0|0|0|0|0|0|0|0|0|0|0|0|0|0|0|0|0|0|0|0|0|0|0|0|0|0|0|0|0|0|0|0|0|0|0|0|0|0|0|0|0|0|0|0|0|0|0|0|0|0|0|0|0
DHCST|NY|000|05|0214275|67|67|67|0|0|67|13|38|4|0|0|5|7|67|61|6|67|61|13|38|4|0|0|2|4|6|0|0|0|0|0|3|3|77|19|43|9|0|0|6|77|65|16|40|6|0|0|3|12|3|3|3|0|0|3|67|60|13|38|4|0|0|5|7|4|1|2|0|0|0|0|0|0|1|0|0|0|0|0|0|3|3|0|0|0|0|0|0|0|0|0|0|0|0|0|0|0|0|0|0|0|0|0|0|0|0|0|0|0|0|0|0|0|0|0|0|0|0|0|0|0|0|0|0|0|0|67|6|61|57|13|38|4|0|0|2|4|4|1|2|0|0|0|0|0|0|1|0|0|0|0|0|0|0|0|0|0|0|0|0|0|0|0|0|0|0|0|0|0|0|0|0|0|0|0|0|0|0|0|0|0|0|0|0|0|0|0|0|0|0|0|0|0|0|0|0|0|0|0
DHCST|NY|000|05|0214276|51|51|51|0|0|51|14|29|0|0|0|7|1|51|44|7|51|44|14|29|0|0|0|0|1|7|0|0|0|0|0|7|0|52|15|30|0|0|0|7|52|45|15|30|0|0|0|0|7|0|0|0|0|0|7|51|50|14|29|0|0|0|7|1|1|1|0|0|0|0|0|0|0|0|0|0|0|0|0|0|0|0|0|0|0|0|0|0|0|0|0|0|0|0|0|0|0|0|0|0|0|0|0|0|0|0|0|0|0|0|0|0|0|0|0|0|0|0|0|0|0|0|0|0|0|0|51|7|44|43|14|29|0|0|0|0|1|1|1|0|0|0|0|0|0|0|0|0|0|0|0|0|0|0|0|0|0|0|0|0|0|0|0|0|0|0|0|0|0|0|0|0|0|0|0|0|0|0|0|0|0|0|0|0|0|0|0|0|0|0|0|0|0|0|0|0|0|0|0
DHCST|NY|000|05|0214277|32|32|32|0|0|32|6|21|0|0|0|3|2|32|27|5|32|27|5|21|0|0|0|0|1|5|1|0|0|0|0|3|1|34|7|22|0|1|0|4|34|28|6|21|0|1|0|0|6|1|1|0|0|0|4|32|30|6|21|0|0|0|3|2|2|0|0|1|0|0|0|0|0|1|0|0|0|0|0|0|0|0|0|0|0|0|0|0|0|0|0|0|0|0|0|0|0|0|0|0|0|0|0|0|0|0|0|0|0|0|0|0|0|0|0|0|0|0|0|0|0|0|0|0|0|0|32|5|27|26|5|21|0|0|0|0|1|1|0|0|1|0|0|0|0|0|0|0|0|0|0|0|0|0|0|0|0|0|0|0|0|0|0|0|0|0|0|0|0|0|0|0|0|0|0|0|0|0|0|0|0|0|0|0|0|0|0|0|0|0|0|0|0|0|0|0|0|0|0
DHCST|NY|000|05|0214278|15|15|15|0|0|15|0|10|0|0|0|2|3|15|13|2|15|13|0|10|0|0|0|0|3|2|0|0|0|0|0|2|0|20|3|13|2|0|0|2|20|18|3|13|2|0|0|0|2|0|0|0|0|0|2|15|12|0|10|0|0|0|2|3|1|1|0|0|0|0|0|0|0|0|0|0|0|0|0|0|2|2|0|0|0|0|0|0|0|0|0|0|0|0|0|0|0|0|0|0|0|0|0|0|0|0|0|0|0|0|0|0|0|0|0|0|0|0|0|0|0|0|0|0|0|0|15|2|13|10|0|10|0|0|0|0|3|1|1|0|0|0|0|0|0|0|0|0|0|0|0|0|0|2|2|0|0|0|0|0|0|0|0|0|0|0|0|0|0|0|0|0|0|0|0|0|0|0|0|0|0|0|0|0|0|0|0|0|0|0|0|0|0|0|0|0|0|0|0
DHCST|NY|000|05|0214279|16|16|16|0|0|16|1|11|3|0|0|1|0|16|15|1|16|15|1|11|3|0|0|0|0|1|0|0|0|0|0|1|0|16|1|11|3|0|0|1|16|15|1|11|3|0|0|0|1|0|0|0|0|0|1|16|16|1|11|3|0|0|1|0|0|0|0|0|0|0|0|0|0|0|0|0|0|0|0|0|0|0|0|0|0|0|0|0|0|0|0|0|0|0|0|0|0|0|0|0|0|0|0|0|0|0|0|0|0|0|0|0|0|0|0|0|0|0|0|0|0|0|0|0|0|0|16|1|15|15|1|11|3|0|0|0|0|0|0|0|0|0|0|0|0|0|0|0|0|0|0|0|0|0|0|0|0|0|0|0|0|0|0|0|0|0|0|0|0|0|0|0|0|0|0|0|0|0|0|0|0|0|0|0|0|0|0|0|0|0|0|0|0|0|0|0|0|0|0
DHCST|NY|000|05|0214280|0|0|0|0|0|0|0|0|0|0|0|0|0|0|0|0|0|0|0|0|0|0|0|0|0|0|0|0|0|0|0|0|0|0|0|0|0|0|0|0|0|0|0|0|0|0|0|0|0|0|0|0|0|0|0|0|0|0|0|0|0|0|0|0|0|0|0|0|0|0|0|0|0|0|0|0|0|0|0|0|0|0|0|0|0|0|0|0|0|0|0|0|0|0|0|0|0|0|0|0|0|0|0|0|0|0|0|0|0|0|0|0|0|0|0|0|0|0|0|0|0|0|0|0|0|0|0|0|0|0|0|0|0|0|0|0|0|0|0|0|0|0|0|0|0|0|0|0|0|0|0|0|0|0|0|0|0|0|0|0|0|0|0|0|0|0|0|0|0|0|0|0|0|0|0|0|0|0|0|0|0|0|0|0|0|0|0|0|0|0|0|0|0|0|0|0|0|0|0
DHCST|NY|000|05|0214281|205|205|205|0|0|205|132|64|0|0|0|5|4|205|189|16|205|189|131|56|0|0|0|0|2|16|1|8|0|0|0|5|2|213|136|68|3|1|0|5|213|193|133|58|1|1|0|0|20|3|10|2|0|0|5|205|201|132|64|0|0|0|5|4|1|1|0|0|0|0|0|0|0|0|0|0|0|0|0|0|2|2|0|0|0|0|0|0|0|0|0|0|0|0|0|0|0|0|0|0|0|1|1|0|0|0|0|0|0|0|0|0|0|0|0|0|0|0|0|0|0|0|0|0|0|0|205|16|189|187|131|56|0|0|0|0|2|1|1|0|0|0|0|0|0|0|0|0|0|0|0|0|0|0|0|0|0|0|0|0|0|0|0|0|0|0|0|0|0|0|0|0|0|0|1|1|0|0|0|0|0|0|0|0|0|0|0|0|0|0|0|0|0|0|0|0|0|0|0
DHCST|NY|000|05|0214282|42|42|42|0|0|42|14|13|1|0|0|5|9|42|35|7|42|35|14|9|1|0|0|2|9|7|0|4|0|0|0|3|0|53|23|20|3|0|0|7|53|46|23|16|3|0|0|4|7|0|4|0|0|0|3|42|33|14|13|1|0|0|5|9|7|5|0|0|0|2|0|0|0|0|0|0|0|0|0|0|2|2|0|0|0|0|0|0|0|0|0|0|0|0|0|0|0|0|0|0|0|0|0|0|0|0|0|0|0|0|0|0|0|0|0|0|0|0|0|0|0|0|0|0|0|0|42|7|35|26|14|9|1|0|0|2|9|7|5|0|0|0|2|0|0|0|0|0|0|0|0|0|0|2|2|0|0|0|0|0|0|0|0|0|0|0|0|0|0|0|0|0|0|0|0|0|0|0|0|0|0|0|0|0|0|0|0|0|0|0|0|0|0|0|0|0|0|0|0
DHCST|NY|000|05|0214283|47|47|47|0|0|47|31|6|0|0|0|1|9|47|45|2|47|45|31|6|0|0|0|1|7|2|0|0|0|0|0|0|2|56|40|11|1|1|0|3|56|52|38|11|1|1|0|1|4|2|0|0|0|0|2|47|38|31|6|0|0|0|1|9|9|5|1|1|0|2|0|0|0|0|0|0|0|0|0|0|0|0|0|0|0|0|0|0|0|0|0|0|0|0|0|0|0|0|0|0|0|0|0|0|0|0|0|0|0|0|0|0|0|0|0|0|0|0|0|0|0|0|0|0|0|0|47|2|45|38|31|6|0|0|0|1|7|7|5|1|1|0|0|0|0|0|0|0|0|0|0|0|0|0|0|0|0|0|0|0|0|0|0|0|0|0|0|0|0|0|0|0|0|0|0|0|0|0|0|0|0|0|0|0|0|0|0|0|0|0|0|0|0|0|0|0|0|0|0
DHCST|NY|000|05|0214284|62|62|62|0|0|62|32|23|0|0|0|3|4|62|56|6|62|56|32|21|0|0|0|0|3|6|0|2|0|0|0|3|1|66|36|26|0|0|0|4|66|59|35|24|0|0|0|0|7|1|2|0|0|0|4|62|58|32|23|0|0|0|3|4|4|3|0|0|0|1|0|0|0|0|0|0|0|0|0|0|0|0|0|0|0|0|0|0|0|0|0|0|0|0|0|0|0|0|0|0|0|0|0|0|0|0|0|0|0|0|0|0|0|0|0|0|0|0|0|0|0|0|0|0|0|0|62|6|56|53|32|21|0|0|0|0|3|3|3|0|0|0|0|0|0|0|0|0|0|0|0|0|0|0|0|0|0|0|0|0|0|0|0|0|0|0|0|0|0|0|0|0|0|0|0|0|0|0|0|0|0|0|0|0|0|0|0|0|0|0|0|0|0|0|0|0|0|0|0
DHCST|NY|000|05|0214285|39|39|39|0|0|39|26|3|4|0|0|0|6|39|37|2|39|37|24|3|4|0|0|0|6|2|2|0|0|0|0|0|0|46|31|9|5|1|0|0|46|44|29|9|5|1|0|0|2|2|0|0|0|0|0|39|33|26|3|4|0|0|0|6|5|4|0|0|0|0|1|0|0|0|0|0|0|0|0|0|1|0|1|0|0|0|0|0|0|0|0|0|0|0|0|0|0|0|0|0|0|0|0|0|0|0|0|0|0|0|0|0|0|0|0|0|0|0|0|0|0|0|0|0|0|0|39|2|37|31|24|3|4|0|0|0|6|5|4|0|0|0|0|1|0|0|0|0|0|0|0|0|0|1|0|1|0|0|0|0|0|0|0|0|0|0|0|0|0|0|0|0|0|0|0|0|0|0|0|0|0|0|0|0|0|0|0|0|0|0|0|0|0|0|0|0|0|0|0
DHCST|NY|000|05|0214286|55|55|55|0|0|55|34|13|0|1|0|0|7|55|53|2|55|53|32|13|0|1|0|0|7|2|2|0|0|0|0|0|0|62|39|14|4|4|1|0|62|60|37|14|4|4|1|0|2|2|0|0|0|0|0|55|48|34|13|0|1|0|0|7|7|0|3|2|0|0|1|0|0|0|0|0|0|1|0|0|0|0|0|0|0|0|0|0|0|0|0|0|0|0|0|0|0|0|0|0|0|0|0|0|0|0|0|0|0|0|0|0|0|0|0|0|0|0|0|0|0|0|0|0|0|0|55|2|53|46|32|13|0|1|0|0|7|7|0|3|2|0|0|1|0|0|0|0|0|0|1|0|0|0|0|0|0|0|0|0|0|0|0|0|0|0|0|0|0|0|0|0|0|0|0|0|0|0|0|0|0|0|0|0|0|0|0|0|0|0|0|0|0|0|0|0|0|0|0
DHCST|NY|000|05|0214287|13|13|0|13|0|13|6|3|0|0|0|0|4|13|9|4|13|9|6|2|0|0|0|0|1|4|0|1|0|0|0|0|3|17|10|4|0|0|0|3|17|10|7|3|0|0|0|0|7|3|1|0|0|0|3|13|9|6|3|0|0|0|0|4|4|1|0|0|0|3|0|0|0|0|0|0|0|0|0|0|0|0|0|0|0|0|0|0|0|0|0|0|0|0|0|0|0|0|0|0|0|0|0|0|0|0|0|0|0|0|0|0|0|0|0|0|0|0|0|0|0|0|0|0|0|0|13|4|9|8|6|2|0|0|0|0|1|1|1|0|0|0|0|0|0|0|0|0|0|0|0|0|0|0|0|0|0|0|0|0|0|0|0|0|0|0|0|0|0|0|0|0|0|0|0|0|0|0|0|0|0|0|0|0|0|0|0|0|0|0|0|0|0|0|0|0|0|0|0
DHCST|NY|000|05|0214288|186|186|186|0|0|186|119|32|6|0|0|10|19|186|172|14|186|172|119|32|6|0|0|0|15|14|0|0|0|0|0|10|4|205|136|38|16|0|1|14|205|187|132|38|16|0|1|0|18|4|0|0|0|0|14|186|167|119|32|6|0|0|10|19|19|4|9|0|0|4|1|0|1|0|0|0|0|0|0|0|0|0|0|0|0|0|0|0|0|0|0|0|0|0|0|0|0|0|0|0|0|0|0|0|0|0|0|0|0|0|0|0|0|0|0|0|0|0|0|0|0|0|0|0|0|0|186|14|172|157|119|32|6|0|0|0|15|15|4|9|0|0|0|1|0|1|0|0|0|0|0|0|0|0|0|0|0|0|0|0|0|0|0|0|0|0|0|0|0|0|0|0|0|0|0|0|0|0|0|0|0|0|0|0|0|0|0|0|0|0|0|0|0|0|0|0|0|0|0
DHCST|NY|000|05|0214289|55|55|55|0|0|55|43|10|0|0|0|1|1|55|54|1|55|54|43|10|0|0|0|0|1|1|0|0|0|0|0|1|0|56|43|11|1|0|0|1|56|55|43|11|1|0|0|0|1|0|0|0|0|0|1|55|54|43|10|0|0|0|1|1|1|0|0|0|0|0|1|0|0|0|0|0|0|0|0|0|0|0|0|0|0|0|0|0|0|0|0|0|0|0|0|0|0|0|0|0|0|0|0|0|0|0|0|0|0|0|0|0|0|0|0|0|0|0|0|0|0|0|0|0|0|0|55|1|54|53|43|10|0|0|0|0|1|1|0|0|0|0|0|1|0|0|0|0|0|0|0|0|0|0|0|0|0|0|0|0|0|0|0|0|0|0|0|0|0|0|0|0|0|0|0|0|0|0|0|0|0|0|0|0|0|0|0|0|0|0|0|0|0|0|0|0|0|0|0
DHCST|NY|000|05|0214290|0|0|0|0|0|0|0|0|0|0|0|0|0|0|0|0|0|0|0|0|0|0|0|0|0|0|0|0|0|0|0|0|0|0|0|0|0|0|0|0|0|0|0|0|0|0|0|0|0|0|0|0|0|0|0|0|0|0|0|0|0|0|0|0|0|0|0|0|0|0|0|0|0|0|0|0|0|0|0|0|0|0|0|0|0|0|0|0|0|0|0|0|0|0|0|0|0|0|0|0|0|0|0|0|0|0|0|0|0|0|0|0|0|0|0|0|0|0|0|0|0|0|0|0|0|0|0|0|0|0|0|0|0|0|0|0|0|0|0|0|0|0|0|0|0|0|0|0|0|0|0|0|0|0|0|0|0|0|0|0|0|0|0|0|0|0|0|0|0|0|0|0|0|0|0|0|0|0|0|0|0|0|0|0|0|0|0|0|0|0|0|0|0|0|0|0|0|0|0
DHCST|NY|000|05|0214291|50|50|50|0|0|50|18|25|1|0|0|0|6|50|48|2|50|48|18|23|1|0|0|0|6|2|0|2|0|0|0|0|0|56|22|28|3|3|0|0|56|54|22|26|3|3|0|0|2|0|2|0|0|0|0|50|44|18|25|1|0|0|0|6|6|1|0|3|0|0|2|0|0|0|0|0|0|0|0|0|0|0|0|0|0|0|0|0|0|0|0|0|0|0|0|0|0|0|0|0|0|0|0|0|0|0|0|0|0|0|0|0|0|0|0|0|0|0|0|0|0|0|0|0|0|0|50|2|48|42|18|23|1|0|0|0|6|6|1|0|3|0|0|2|0|0|0|0|0|0|0|0|0|0|0|0|0|0|0|0|0|0|0|0|0|0|0|0|0|0|0|0|0|0|0|0|0|0|0|0|0|0|0|0|0|0|0|0|0|0|0|0|0|0|0|0|0|0|0
DHCST|NY|000|05|0214292|57|57|57|0|0|57|10|41|0|0|0|4|2|57|53|4|57|53|10|41|0|0|0|0|2|4|0|0|0|0|0|4|0|59|12|41|0|2|0|4|59|55|12|41|0|2|0|0|4|0|0|0|0|0|4|57|55|10|41|0|0|0|4|2|2|0|0|2|0|0|0|0|0|0|0|0|0|0|0|0|0|0|0|0|0|0|0|0|0|0|0|0|0|0|0|0|0|0|0|0|0|0|0|0|0|0|0|0|0|0|0|0|0|0|0|0|0|0|0|0|0|0|0|0|0|0|57|4|53|51|10|41|0|0|0|0|2|2|0|0|2|0|0|0|0|0|0|0|0|0|0|0|0|0|0|0|0|0|0|0|0|0|0|0|0|0|0|0|0|0|0|0|0|0|0|0|0|0|0|0|0|0|0|0|0|0|0|0|0|0|0|0|0|0|0|0|0|0|0
DHCST|NY|000|05|0214293|69|69|69|0|0|69|27|34|0|0|0|4|4|69|61|8|69|61|26|33|0|0|0|0|2|8|1|1|0|0|0|4|2|74|29|38|1|0|0|6|74|64|28|35|1|0|0|0|10|1|3|0|0|0|6|69|65|27|34|0|0|0|4|4|3|1|0|0|0|0|0|0|0|2|0|0|0|0|0|0|1|1|0|0|0|0|0|0|0|0|0|0|0|0|0|0|0|0|0|0|0|0|0|0|0|0|0|0|0|0|0|0|0|0|0|0|0|0|0|0|0|0|0|0|0|0|69|8|61|59|26|33|0|0|0|0|2|1|1|0|0|0|0|0|0|0|0|0|0|0|0|0|0|1|1|0|0|0|0|0|0|0|0|0|0|0|0|0|0|0|0|0|0|0|0|0|0|0|0|0|0|0|0|0|0|0|0|0|0|0|0|0|0|0|0|0|0|0|0
DHCST|NY|000|05|0214294|23|23|23|0|0|23|4|14|0|0|0|3|2|23|19|4|23|19|4|14|0|0|0|0|1|4|0|0|0|0|0|3|1|25|6|15|1|0|0|3|25|20|5|14|1|0|0|0|5|1|1|0|0|0|3|23|21|4|14|0|0|0|3|2|2|1|1|0|0|0|0|0|0|0|0|0|0|0|0|0|0|0|0|0|0|0|0|0|0|0|0|0|0|0|0|0|0|0|0|0|0|0|0|0|0|0|0|0|0|0|0|0|0|0|0|0|0|0|0|0|0|0|0|0|0|0|23|4|19|18|4|14|0|0|0|0|1|1|0|1|0|0|0|0|0|0|0|0|0|0|0|0|0|0|0|0|0|0|0|0|0|0|0|0|0|0|0|0|0|0|0|0|0|0|0|0|0|0|0|0|0|0|0|0|0|0|0|0|0|0|0|0|0|0|0|0|0|0|0
DHCST|NY|000|05|0214295|71|71|71|0|0|71|36|28|0|0|0|0|7|71|68|3|71|68|36|28|0|0|0|0|4|3|0|0|0|0|0|0|3|81|43|32|5|0|0|1|81|73|40|30|3|0|0|0|8|3|2|2|0|0|1|71|64|36|28|0|0|0|0|7|4|1|2|0|0|1|0|0|0|0|0|0|0|0|0|0|3|3|0|0|0|0|0|0|0|0|0|0|0|0|0|0|0|0|0|0|0|0|0|0|0|0|0|0|0|0|0|0|0|0|0|0|0|0|0|0|0|0|0|0|0|0|71|3|68|64|36|28|0|0|0|0|4|3|1|2|0|0|0|0|0|0|0|0|0|0|0|0|0|1|1|0|0|0|0|0|0|0|0|0|0|0|0|0|0|0|0|0|0|0|0|0|0|0|0|0|0|0|0|0|0|0|0|0|0|0|0|0|0|0|0|0|0|0|0
DHCST|NY|000|05|0214296|30|30|30|0|0|30|7|19|0|0|0|2|2|30|28|2|30|28|7|19|0|0|0|0|2|2|0|0|0|0|0|2|0|32|9|19|2|0|0|2|32|30|9|19|2|0|0|0|2|0|0|0|0|0|2|30|28|7|19|0|0|0|2|2|2|0|2|0|0|0|0|0|0|0|0|0|0|0|0|0|0|0|0|0|0|0|0|0|0|0|0|0|0|0|0|0|0|0|0|0|0|0|0|0|0|0|0|0|0|0|0|0|0|0|0|0|0|0|0|0|0|0|0|0|0|0|30|2|28|26|7|19|0|0|0|0|2|2|0|2|0|0|0|0|0|0|0|0|0|0|0|0|0|0|0|0|0|0|0|0|0|0|0|0|0|0|0|0|0|0|0|0|0|0|0|0|0|0|0|0|0|0|0|0|0|0|0|0|0|0|0|0|0|0|0|0|0|0|0
DHCST|NY|000|05|0214297|80|80|80|0|0|80|12|53|0|2|0|4|9|80|72|8|80|72|10|52|0|2|0|0|8|8|2|1|0|0|0|4|1|89|21|56|4|3|0|5|89|80|18|55|4|2|0|1|9|3|1|0|1|0|4|80|71|12|53|0|2|0|4|9|9|3|4|1|0|1|0|0|0|0|0|0|0|0|0|0|0|0|0|0|0|0|0|0|0|0|0|0|0|0|0|0|0|0|0|0|0|0|0|0|0|0|0|0|0|0|0|0|0|0|0|0|0|0|0|0|0|0|0|0|0|0|80|8|72|64|10|52|0|2|0|0|8|8|3|4|0|0|1|0|0|0|0|0|0|0|0|0|0|0|0|0|0|0|0|0|0|0|0|0|0|0|0|0|0|0|0|0|0|0|0|0|0|0|0|0|0|0|0|0|0|0|0|0|0|0|0|0|0|0|0|0|0|0|0
DHCST|NY|000|05|0214298|112|112|112|0|0|112|48|55|0|4|0|2|3|112|110|2|112|110|48|55|0|4|0|1|2|2|0|0|0|0|0|1|1|117|51|57|1|5|0|3|117|112|50|57|0|4|0|1|5|1|0|1|1|0|2|112|109|48|55|0|4|0|2|3|2|2|0|0|0|0|0|0|0|0|0|0|0|0|0|0|0|0|0|0|0|0|0|0|0|0|0|0|0|0|0|0|0|0|0|0|0|1|0|0|0|0|0|0|0|1|0|0|0|0|0|0|0|0|0|0|0|0|0|0|0|0|112|2|110|108|48|55|0|4|0|1|2|2|2|0|0|0|0|0|0|0|0|0|0|0|0|0|0|0|0|0|0|0|0|0|0|0|0|0|0|0|0|0|0|0|0|0|0|0|0|0|0|0|0|0|0|0|0|0|0|0|0|0|0|0|0|0|0|0|0|0|0|0|0
DHCST|NY|000|05|0214299|62|62|62|0|0|62|28|28|0|0|0|0|6|62|60|2|62|60|27|28|0|0|0|0|5|2|1|0|0|0|0|0|1|70|33|31|1|2|0|3|70|67|32|30|1|2|0|2|3|1|1|0|0|0|1|62|56|28|28|0|0|0|0|6|4|2|1|0|0|0|0|0|0|1|0|0|0|0|0|0|2|0|0|0|0|0|0|0|0|2|0|0|0|0|0|0|0|0|0|0|0|0|0|0|0|0|0|0|0|0|0|0|0|0|0|0|0|0|0|0|0|0|0|0|0|0|62|2|60|55|27|28|0|0|0|0|5|3|2|1|0|0|0|0|0|0|0|0|0|0|0|0|0|2|0|0|0|0|0|0|0|0|2|0|0|0|0|0|0|0|0|0|0|0|0|0|0|0|0|0|0|0|0|0|0|0|0|0|0|0|0|0|0|0|0|0|0|0|0
DHCST|NY|000|05|0214300|82|82|82|0|0|82|22|55|3|0|0|1|1|82|76|6|82|76|18|55|3|0|0|0|0|6|4|0|0|0|0|1|1|83|22|56|3|0|0|2|83|76|18|55|3|0|0|0|7|4|1|0|0|0|2|82|81|22|55|3|0|0|1|1|1|0|0|0|0|0|0|0|0|1|0|0|0|0|0|0|0|0|0|0|0|0|0|0|0|0|0|0|0|0|0|0|0|0|0|0|0|0|0|0|0|0|0|0|0|0|0|0|0|0|0|0|0|0|0|0|0|0|0|0|0|0|82|6|76|76|18|55|3|0|0|0|0|0|0|0|0|0|0|0|0|0|0|0|0|0|0|0|0|0|0|0|0|0|0|0|0|0|0|0|0|0|0|0|0|0|0|0|0|0|0|0|0|0|0|0|0|0|0|0|0|0|0|0|0|0|0|0|0|0|0|0|0|0|0
DHCST|NY|000|05|0214301|33|33|33|0|0|33|10|14|2|0|0|7|0|33|25|8|33|25|10|13|2|0|0|0|0|8|0|1|0|0|0|7|0|33|10|14|2|0|0|7|33|25|10|13|2|0|0|0|8|0|1|0|0|0|7|33|33|10|14|2|0|0|7|0|0|0|0|0|0|0|0|0|0|0|0|0|0|0|0|0|0|0|0|0|0|0|0|0|0|0|0|0|0|0|0|0|0|0|0|0|0|0|0|0|0|0|0|0|0|0|0|0|0|0|0|0|0|0|0|0|0|0|0|0|0|0|33|8|25|25|10|13|2|0|0|0|0|0|0|0|0|0|0|0|0|0|0|0|0|0|0|0|0|0|0|0|0|0|0|0|0|0|0|0|0|0|0|0|0|0|0|0|0|0|0|0|0|0|0|0|0|0|0|0|0|0|0|0|0|0|0|0|0|0|0|0|0|0|0
DHCST|NY|000|05|0214302|46|46|46|0|0|46|12|18|0|3|0|4|9|46|41|5|46|41|12|18|0|3|0|0|8|5|0|0|0|0|0|4|1|55|20|23|3|4|0|5|55|49|19|23|2|4|0|1|6|1|0|1|0|0|4|46|37|12|18|0|3|0|4|9|9|4|2|1|0|1|1|0|0|0|0|0|0|0|0|0|0|0|0|0|0|0|0|0|0|0|0|0|0|0|0|0|0|0|0|0|0|0|0|0|0|0|0|0|0|0|0|0|0|0|0|0|0|0|0|0|0|0|0|0|0|0|46|5|41|33|12|18|0|3|0|0|8|8|4|1|1|0|1|1|0|0|0|0|0|0|0|0|0|0|0|0|0|0|0|0|0|0|0|0|0|0|0|0|0|0|0|0|0|0|0|0|0|0|0|0|0|0|0|0|0|0|0|0|0|0|0|0|0|0|0|0|0|0|0
DHCST|NY|000|05|0214303|69|69|69|0|0|69|8|39|0|0|0|12|10|69|56|13|69|56|8|39|0|0|0|0|9|13|0|0|0|0|0|12|1|79|17|47|2|0|0|13|79|65|16|46|2|0|0|1|14|1|1|0|0|0|12|69|59|8|39|0|0|0|12|10|10|8|1|0|0|0|0|0|0|0|0|0|1|0|0|0|0|0|0|0|0|0|0|0|0|0|0|0|0|0|0|0|0|0|0|0|0|0|0|0|0|0|0|0|0|0|0|0|0|0|0|0|0|0|0|0|0|0|0|0|0|0|69|13|56|47|8|39|0|0|0|0|9|9|7|1|0|0|0|0|0|0|0|0|0|1|0|0|0|0|0|0|0|0|0|0|0|0|0|0|0|0|0|0|0|0|0|0|0|0|0|0|0|0|0|0|0|0|0|0|0|0|0|0|0|0|0|0|0|0|0|0|0|0|0
DHCST|NY|000|05|0214304|193|193|193|0|0|193|74|97|2|0|0|6|14|193|166|27|193|166|64|92|2|0|0|0|8|27|10|5|0|0|0|6|6|209|82|110|9|0|0|8|209|176|68|99|9|0|0|0|33|14|11|0|0|0|8|193|179|74|97|2|0|0|6|14|12|5|1|0|0|0|4|0|0|2|0|0|0|0|0|0|2|2|0|0|0|0|0|0|0|0|0|0|0|0|0|0|0|0|0|0|0|0|0|0|0|0|0|0|0|0|0|0|0|0|0|0|0|0|0|0|0|0|0|0|0|0|193|27|166|158|64|92|2|0|0|0|8|6|1|1|0|0|0|4|0|0|0|0|0|0|0|0|0|2|2|0|0|0|0|0|0|0|0|0|0|0|0|0|0|0|0|0|0|0|0|0|0|0|0|0|0|0|0|0|0|0|0|0|0|0|0|0|0|0|0|0|0|0|0
DHCST|NY|000|05|0214305|69|69|69|0|0|69|5|53|0|0|0|3|8|69|66|3|69|66|4|53|0|0|0|1|8|3|1|0|0|0|0|2|0|77|11|55|1|0|0|10|77|74|10|55|1|0|0|8|3|1|0|0|0|0|2|69|61|5|53|0|0|0|3|8|8|0|1|0|0|5|0|0|0|2|0|0|0|0|0|0|0|0|0|0|0|0|0|0|0|0|0|0|0|0|0|0|0|0|0|0|0|0|0|0|0|0|0|0|0|0|0|0|0|0|0|0|0|0|0|0|0|0|0|0|0|0|69|3|66|58|4|53|0|0|0|1|8|8|0|1|0|0|5|0|0|0|2|0|0|0|0|0|0|0|0|0|0|0|0|0|0|0|0|0|0|0|0|0|0|0|0|0|0|0|0|0|0|0|0|0|0|0|0|0|0|0|0|0|0|0|0|0|0|0|0|0|0|0|0
DHCST|NY|000|05|0214306|38|38|38|0|0|38|7|23|0|0|0|4|4|38|33|5|38|33|7|23|0|0|0|0|3|5|0|0|0|0|0|4|1|44|10|26|3|0|0|5|44|37|9|25|2|0|0|1|7|1|1|1|0|0|4|38|34|7|23|0|0|0|4|4|2|0|1|0|0|0|0|0|0|1|0|0|0|0|0|0|2|2|0|0|0|0|0|0|0|0|0|0|0|0|0|0|0|0|0|0|0|0|0|0|0|0|0|0|0|0|0|0|0|0|0|0|0|0|0|0|0|0|0|0|0|0|38|5|33|30|7|23|0|0|0|0|3|2|0|1|0|0|0|0|0|0|1|0|0|0|0|0|0|1|1|0|0|0|0|0|0|0|0|0|0|0|0|0|0|0|0|0|0|0|0|0|0|0|0|0|0|0|0|0|0|0|0|0|0|0|0|0|0|0|0|0|0|0|0
DHCST|NY|000|05|0214307|49|49|49|0|0|49|25|14|1|0|0|4|5|49|39|10|49|39|25|13|1|0|0|0|0|10|0|1|0|0|0|4|5|54|30|14|1|1|0|8|54|39|25|13|1|0|0|0|15|5|1|0|1|0|8|49|44|25|14|1|0|0|4|5|5|0|0|1|0|4|0|0|0|0|0|0|0|0|0|0|0|0|0|0|0|0|0|0|0|0|0|0|0|0|0|0|0|0|0|0|0|0|0|0|0|0|0|0|0|0|0|0|0|0|0|0|0|0|0|0|0|0|0|0|0|0|49|10|39|39|25|13|1|0|0|0|0|0|0|0|0|0|0|0|0|0|0|0|0|0|0|0|0|0|0|0|0|0|0|0|0|0|0|0|0|0|0|0|0|0|0|0|0|0|0|0|0|0|0|0|0|0|0|0|0|0|0|0|0|0|0|0|0|0|0|0|0|0|0
DHCST|NY|000|05|0214308|44|44|44|0|0|44|12|27|0|0|0|3|2|44|33|11|44|33|12|19|0|0|0|0|2|11|0|8|0|0|0|3|0|46|13|29|1|0|0|3|46|35|13|21|1|0|0|0|11|0|8|0|0|0|3|44|42|12|27|0|0|0|3|2|2|1|0|0|0|0|1|0|0|0|0|0|0|0|0|0|0|0|0|0|0|0|0|0|0|0|0|0|0|0|0|0|0|0|0|0|0|0|0|0|0|0|0|0|0|0|0|0|0|0|0|0|0|0|0|0|0|0|0|0|0|0|44|11|33|31|12|19|0|0|0|0|2|2|1|0|0|0|0|1|0|0|0|0|0|0|0|0|0|0|0|0|0|0|0|0|0|0|0|0|0|0|0|0|0|0|0|0|0|0|0|0|0|0|0|0|0|0|0|0|0|0|0|0|0|0|0|0|0|0|0|0|0|0|0
DHCST|NY|000|05|0214309|51|51|51|0|0|51|29|16|0|0|0|1|5|51|50|1|51|50|29|16|0|0|0|0|5|1|0|0|0|0|0|1|0|56|34|20|0|0|0|2|56|55|34|20|0|0|0|1|1|0|0|0|0|0|1|51|46|29|16|0|0|0|1|5|5|4|0|0|0|1|0|0|0|0|0|0|0|0|0|0|0|0|0|0|0|0|0|0|0|0|0|0|0|0|0|0|0|0|0|0|0|0|0|0|0|0|0|0|0|0|0|0|0|0|0|0|0|0|0|0|0|0|0|0|0|0|51|1|50|45|29|16|0|0|0|0|5|5|4|0|0|0|1|0|0|0|0|0|0|0|0|0|0|0|0|0|0|0|0|0|0|0|0|0|0|0|0|0|0|0|0|0|0|0|0|0|0|0|0|0|0|0|0|0|0|0|0|0|0|0|0|0|0|0|0|0|0|0|0
DHCST|NY|000|05|0214310|38|38|38|0|0|38|19|4|0|1|0|4|10|38|34|4|38|34|17|4|0|1|0|3|9|4|2|0|0|0|0|1|1|48|29|7|0|4|0|8|48|43|26|6|0|4|0|7|5|3|1|0|0|0|1|38|28|19|4|0|1|0|4|10|10|3|0|3|0|4|0|0|0|0|0|0|0|0|0|0|0|0|0|0|0|0|0|0|0|0|0|0|0|0|0|0|0|0|0|0|0|0|0|0|0|0|0|0|0|0|0|0|0|0|0|0|0|0|0|0|0|0|0|0|0|0|38|4|34|25|17|4|0|1|0|3|9|9|2|0|3|0|4|0|0|0|0|0|0|0|0|0|0|0|0|0|0|0|0|0|0|0|0|0|0|0|0|0|0|0|0|0|0|0|0|0|0|0|0|0|0|0|0|0|0|0|0|0|0|0|0|0|0|0|0|0|0|0|0
DHCST|NY|000|05|0214311|73|73|73|0|0|73|47|23|0|0|0|0|3|73|64|9|73|64|38|23|0|0|0|0|3|9|9|0|0|0|0|0|0|77|50|24|3|0|0|0|77|68|41|24|3|0|0|0|9|9|0|0|0|0|0|73|70|47|23|0|0|0|0|3|2|0|2|0|0|0|0|0|0|0|0|0|0|0|0|0|1|1|0|0|0|0|0|0|0|0|0|0|0|0|0|0|0|0|0|0|0|0|0|0|0|0|0|0|0|0|0|0|0|0|0|0|0|0|0|0|0|0|0|0|0|0|73|9|64|61|38|23|0|0|0|0|3|2|0|2|0|0|0|0|0|0|0|0|0|0|0|0|0|1|1|0|0|0|0|0|0|0|0|0|0|0|0|0|0|0|0|0|0|0|0|0|0|0|0|0|0|0|0|0|0|0|0|0|0|0|0|0|0|0|0|0|0|0|0
DHCST|NY|000|05|0214312|73|73|73|0|0|73|46|19|0|0|0|2|6|73|65|8|73|65|41|19|0|0|0|0|5|8|5|0|0|0|0|2|1|79|52|22|0|1|0|4|79|70|46|22|0|1|0|1|9|6|0|0|0|0|3|73|67|46|19|0|0|0|2|6|6|3|0|1|0|2|0|0|0|0|0|0|0|0|0|0|0|0|0|0|0|0|0|0|0|0|0|0|0|0|0|0|0|0|0|0|0|0|0|0|0|0|0|0|0|0|0|0|0|0|0|0|0|0|0|0|0|0|0|0|0|0|73|8|65|60|41|19|0|0|0|0|5|5|3|0|1|0|1|0|0|0|0|0|0|0|0|0|0|0|0|0|0|0|0|0|0|0|0|0|0|0|0|0|0|0|0|0|0|0|0|0|0|0|0|0|0|0|0|0|0|0|0|0|0|0|0|0|0|0|0|0|0|0|0
DHCST|NY|000|05|0214313|52|52|52|0|0|52|18|22|3|0|0|1|8|52|49|3|52|49|16|22|3|0|0|1|7|3|2|0|0|0|0|0|1|62|26|28|5|1|1|1|62|58|23|28|5|0|1|1|4|3|0|0|1|0|0|52|44|18|22|3|0|0|1|8|6|5|0|1|0|0|0|0|0|0|0|0|0|0|0|0|2|1|0|0|0|0|1|0|0|0|0|0|0|0|0|0|0|0|0|0|0|0|0|0|0|0|0|0|0|0|0|0|0|0|0|0|0|0|0|0|0|0|0|0|0|0|52|3|49|42|16|22|3|0|0|1|7|5|5|0|0|0|0|0|0|0|0|0|0|0|0|0|0|2|1|0|0|0|0|1|0|0|0|0|0|0|0|0|0|0|0|0|0|0|0|0|0|0|0|0|0|0|0|0|0|0|0|0|0|0|0|0|0|0|0|0|0|0|0
DHCST|NY|000|05|0214314|84|84|84|0|0|84|25|30|3|1|0|6|19|84|70|14|84|70|24|25|3|1|0|0|17|14|1|5|0|0|0|6|2|103|40|43|10|1|0|9|103|87|39|36|10|1|0|1|16|1|7|0|0|0|8|84|65|25|30|3|1|0|6|19|19|9|6|0|0|0|1|0|0|3|0|0|0|0|0|0|0|0|0|0|0|0|0|0|0|0|0|0|0|0|0|0|0|0|0|0|0|0|0|0|0|0|0|0|0|0|0|0|0|0|0|0|0|0|0|0|0|0|0|0|0|0|84|14|70|53|24|25|3|1|0|0|17|17|9|6|0|0|0|1|0|0|1|0|0|0|0|0|0|0|0|0|0|0|0|0|0|0|0|0|0|0|0|0|0|0|0|0|0|0|0|0|0|0|0|0|0|0|0|0|0|0|0|0|0|0|0|0|0|0|0|0|0|0|0
DHCST|NY|000|05|0214315|210|210|210|0|0|210|72|103|11|0|1|2|21|210|197|13|210|197|72|100|11|0|1|2|11|13|0|3|0|0|0|0|10|231|90|108|14|2|2|15|231|208|80|105|14|1|2|6|23|10|3|0|1|0|9|210|189|72|103|11|0|1|2|21|21|3|1|1|0|13|2|0|0|0|0|0|0|1|0|0|0|0|0|0|0|0|0|0|0|0|0|0|0|0|0|0|0|0|0|0|0|0|0|0|0|0|0|0|0|0|0|0|0|0|0|0|0|0|0|0|0|0|0|0|0|0|210|13|197|186|72|100|11|0|1|2|11|11|3|1|0|0|4|2|0|0|0|0|0|0|1|0|0|0|0|0|0|0|0|0|0|0|0|0|0|0|0|0|0|0|0|0|0|0|0|0|0|0|0|0|0|0|0|0|0|0|0|0|0|0|0|0|0|0|0|0|0|0|0
DHCST|NY|000|05|0214316|60|60|60|0|0|60|9|33|2|0|0|3|13|60|47|13|60|47|8|33|0|0|0|0|6|13|1|0|2|0|0|3|7|74|22|45|2|1|0|4|74|54|14|38|0|1|0|1|20|8|7|2|0|0|3|60|47|9|33|2|0|0|3|13|12|12|0|0|0|0|0|0|0|0|0|0|0|0|0|0|1|0|0|0|0|0|0|0|0|1|0|0|0|0|0|0|0|0|0|0|0|0|0|0|0|0|0|0|0|0|0|0|0|0|0|0|0|0|0|0|0|0|0|0|0|0|60|13|47|41|8|33|0|0|0|0|6|5|5|0|0|0|0|0|0|0|0|0|0|0|0|0|0|1|0|0|0|0|0|0|0|0|1|0|0|0|0|0|0|0|0|0|0|0|0|0|0|0|0|0|0|0|0|0|0|0|0|0|0|0|0|0|0|0|0|0|0|0|0
DHCST|NY|000|05|0214317|59|59|59|0|0|59|23|18|0|0|0|5|13|59|47|12|59|47|22|18|0|0|0|0|7|12|1|0|0|0|0|5|6|72|32|28|4|0|0|8|72|54|28|22|4|0|0|0|18|4|6|0|0|0|8|59|46|23|18|0|0|0|5|13|13|6|3|0|0|0|1|0|0|3|0|0|0|0|0|0|0|0|0|0|0|0|0|0|0|0|0|0|0|0|0|0|0|0|0|0|0|0|0|0|0|0|0|0|0|0|0|0|0|0|0|0|0|0|0|0|0|0|0|0|0|0|59|12|47|40|22|18|0|0|0|0|7|7|3|3|0|0|0|1|0|0|0|0|0|0|0|0|0|0|0|0|0|0|0|0|0|0|0|0|0|0|0|0|0|0|0|0|0|0|0|0|0|0|0|0|0|0|0|0|0|0|0|0|0|0|0|0|0|0|0|0|0|0|0
DHCST|NY|000|05|0214318|174|174|174|0|0|174|62|90|1|0|0|2|19|174|166|8|174|166|62|88|1|0|0|0|15|8|0|2|0|0|0|2|4|195|76|105|7|1|0|6|195|181|72|100|6|1|0|2|14|4|5|1|0|0|4|174|155|62|90|1|0|0|2|19|18|9|2|1|0|1|3|0|0|2|0|0|0|0|0|0|0|0|0|0|0|0|0|0|0|0|0|0|0|0|0|0|0|0|0|0|0|1|0|0|1|0|0|0|0|0|0|0|0|0|0|0|0|0|0|0|0|0|0|0|0|0|174|8|166|151|62|88|1|0|0|0|15|15|7|2|1|0|0|3|0|0|2|0|0|0|0|0|0|0|0|0|0|0|0|0|0|0|0|0|0|0|0|0|0|0|0|0|0|0|0|0|0|0|0|0|0|0|0|0|0|0|0|0|0|0|0|0|0|0|0|0|0|0|0
DHCST|NY|000|05|0214319|89|89|89|0|0|89|51|23|1|0|0|1|13|89|86|3|89|86|50|23|1|0|0|0|12|3|1|0|0|0|0|1|1|108|60|36|7|0|0|5|108|104|58|35|7|0|0|4|4|2|1|0|0|0|1|89|76|51|23|1|0|0|1|13|7|3|0|0|0|0|0|0|0|4|0|0|0|0|0|0|6|6|0|0|0|0|0|0|0|0|0|0|0|0|0|0|0|0|0|0|0|0|0|0|0|0|0|0|0|0|0|0|0|0|0|0|0|0|0|0|0|0|0|0|0|0|89|3|86|74|50|23|1|0|0|0|12|6|2|0|0|0|0|0|0|0|4|0|0|0|0|0|0|6|6|0|0|0|0|0|0|0|0|0|0|0|0|0|0|0|0|0|0|0|0|0|0|0|0|0|0|0|0|0|0|0|0|0|0|0|0|0|0|0|0|0|0|0|0
DHCST|NY|000|05|0214320|136|136|136|0|0|136|66|55|5|0|0|0|10|136|134|2|136|134|64|55|5|0|0|0|10|2|2|0|0|0|0|0|0|146|71|61|10|0|0|4|146|144|69|61|10|0|0|4|2|2|0|0|0|0|0|136|126|66|55|5|0|0|0|10|10|1|1|0|0|3|4|0|0|1|0|0|0|0|0|0|0|0|0|0|0|0|0|0|0|0|0|0|0|0|0|0|0|0|0|0|0|0|0|0|0|0|0|0|0|0|0|0|0|0|0|0|0|0|0|0|0|0|0|0|0|0|136|2|134|124|64|55|5|0|0|0|10|10|1|1|0|0|3|4|0|0|1|0|0|0|0|0|0|0|0|0|0|0|0|0|0|0|0|0|0|0|0|0|0|0|0|0|0|0|0|0|0|0|0|0|0|0|0|0|0|0|0|0|0|0|0|0|0|0|0|0|0|0|0
DHCST|NY|000|05|0214321|0|0|0|0|0|0|0|0|0|0|0|0|0|0|0|0|0|0|0|0|0|0|0|0|0|0|0|0|0|0|0|0|0|0|0|0|0|0|0|0|0|0|0|0|0|0|0|0|0|0|0|0|0|0|0|0|0|0|0|0|0|0|0|0|0|0|0|0|0|0|0|0|0|0|0|0|0|0|0|0|0|0|0|0|0|0|0|0|0|0|0|0|0|0|0|0|0|0|0|0|0|0|0|0|0|0|0|0|0|0|0|0|0|0|0|0|0|0|0|0|0|0|0|0|0|0|0|0|0|0|0|0|0|0|0|0|0|0|0|0|0|0|0|0|0|0|0|0|0|0|0|0|0|0|0|0|0|0|0|0|0|0|0|0|0|0|0|0|0|0|0|0|0|0|0|0|0|0|0|0|0|0|0|0|0|0|0|0|0|0|0|0|0|0|0|0|0|0|0
DHCST|NY|000|05|0214322|175|175|175|0|0|175|32|109|6|0|0|4|24|175|167|8|175|167|31|107|6|0|0|0|23|8|1|2|0|0|0|4|1|201|55|120|16|1|0|9|201|192|54|117|16|1|0|4|9|1|3|0|0|0|5|175|151|32|109|6|0|0|4|24|22|9|9|0|0|3|0|0|0|1|0|0|0|0|0|0|2|1|0|0|0|0|0|0|0|1|0|0|0|0|0|0|0|0|0|0|0|0|0|0|0|0|0|0|0|0|0|0|0|0|0|0|0|0|0|0|0|0|0|0|0|0|175|8|167|144|31|107|6|0|0|0|23|21|9|9|0|0|3|0|0|0|0|0|0|0|0|0|0|2|1|0|0|0|0|0|0|0|1|0|0|0|0|0|0|0|0|0|0|0|0|0|0|0|0|0|0|0|0|0|0|0|0|0|0|0|0|0|0|0|0|0|0|0|0
DHCST|NY|000|05|0214323|173|173|173|0|0|173|9|148|2|0|0|6|8|173|169|4|173|169|9|148|2|0|0|2|8|4|0|0|0|0|0|4|0|181|17|156|2|0|0|6|181|177|17|156|2|0|0|2|4|0|0|0|0|0|4|173|165|9|148|2|0|0|6|8|8|8|0|0|0|0|0|0|0|0|0|0|0|0|0|0|0|0|0|0|0|0|0|0|0|0|0|0|0|0|0|0|0|0|0|0|0|0|0|0|0|0|0|0|0|0|0|0|0|0|0|0|0|0|0|0|0|0|0|0|0|0|173|4|169|161|9|148|2|0|0|2|8|8|8|0|0|0|0|0|0|0|0|0|0|0|0|0|0|0|0|0|0|0|0|0|0|0|0|0|0|0|0|0|0|0|0|0|0|0|0|0|0|0|0|0|0|0|0|0|0|0|0|0|0|0|0|0|0|0|0|0|0|0|0
DHCST|NY|000|05|0214324|97|97|97|0|0|97|23|69|0|0|0|0|5|97|94|3|97|94|23|66|0|0|0|0|5|3|0|3|0|0|0|0|0|102|28|72|0|0|0|2|102|99|28|69|0|0|0|2|3|0|3|0|0|0|0|97|92|23|69|0|0|0|0|5|5|3|0|0|0|2|0|0|0|0|0|0|0|0|0|0|0|0|0|0|0|0|0|0|0|0|0|0|0|0|0|0|0|0|0|0|0|0|0|0|0|0|0|0|0|0|0|0|0|0|0|0|0|0|0|0|0|0|0|0|0|0|97|3|94|89|23|66|0|0|0|0|5|5|3|0|0|0|2|0|0|0|0|0|0|0|0|0|0|0|0|0|0|0|0|0|0|0|0|0|0|0|0|0|0|0|0|0|0|0|0|0|0|0|0|0|0|0|0|0|0|0|0|0|0|0|0|0|0|0|0|0|0|0|0
DHCST|NY|000|05|0214325|0|0|0|0|0|0|0|0|0|0|0|0|0|0|0|0|0|0|0|0|0|0|0|0|0|0|0|0|0|0|0|0|0|0|0|0|0|0|0|0|0|0|0|0|0|0|0|0|0|0|0|0|0|0|0|0|0|0|0|0|0|0|0|0|0|0|0|0|0|0|0|0|0|0|0|0|0|0|0|0|0|0|0|0|0|0|0|0|0|0|0|0|0|0|0|0|0|0|0|0|0|0|0|0|0|0|0|0|0|0|0|0|0|0|0|0|0|0|0|0|0|0|0|0|0|0|0|0|0|0|0|0|0|0|0|0|0|0|0|0|0|0|0|0|0|0|0|0|0|0|0|0|0|0|0|0|0|0|0|0|0|0|0|0|0|0|0|0|0|0|0|0|0|0|0|0|0|0|0|0|0|0|0|0|0|0|0|0|0|0|0|0|0|0|0|0|0|0|0
DHCST|NY|000|05|0214326|44|44|44|0|0|44|7|23|3|0|0|2|9|44|38|6|44|38|7|22|3|0|0|0|6|6|0|1|0|0|0|2|3|53|16|24|7|0|0|6|53|44|13|23|7|0|0|1|9|3|1|0|0|0|5|44|35|7|23|3|0|0|2|9|9|1|4|0|0|4|0|0|0|0|0|0|0|0|0|0|0|0|0|0|0|0|0|0|0|0|0|0|0|0|0|0|0|0|0|0|0|0|0|0|0|0|0|0|0|0|0|0|0|0|0|0|0|0|0|0|0|0|0|0|0|0|44|6|38|32|7|22|3|0|0|0|6|6|1|4|0|0|1|0|0|0|0|0|0|0|0|0|0|0|0|0|0|0|0|0|0|0|0|0|0|0|0|0|0|0|0|0|0|0|0|0|0|0|0|0|0|0|0|0|0|0|0|0|0|0|0|0|0|0|0|0|0|0|0
DHCST|NY|000|05|0214327|53|53|53|0|0|53|9|33|2|0|0|1|8|53|47|6|53|47|7|33|2|0|0|0|5|6|2|0|0|0|0|1|3|61|14|41|5|0|0|1|61|52|11|38|3|0|0|0|9|3|3|2|0|0|1|53|45|9|33|2|0|0|1|8|8|5|0|0|0|0|3|0|0|0|0|0|0|0|0|0|0|0|0|0|0|0|0|0|0|0|0|0|0|0|0|0|0|0|0|0|0|0|0|0|0|0|0|0|0|0|0|0|0|0|0|0|0|0|0|0|0|0|0|0|0|0|53|6|47|42|7|33|2|0|0|0|5|5|4|0|0|0|0|1|0|0|0|0|0|0|0|0|0|0|0|0|0|0|0|0|0|0|0|0|0|0|0|0|0|0|0|0|0|0|0|0|0|0|0|0|0|0|0|0|0|0|0|0|0|0|0|0|0|0|0|0|0|0|0
DHCST|NY|000|05|0214328|150|150|150|0|0|150|19|111|0|0|0|4|16|150|140|10|150|140|16|110|0|0|0|0|14|10|3|1|0|0|0|4|2|167|29|120|2|2|0|14|167|155|25|119|2|1|0|8|12|4|1|0|1|0|6|150|134|19|111|0|0|0|4|16|15|5|0|0|0|4|1|0|0|3|0|0|1|0|1|0|1|0|0|0|0|0|0|0|0|1|0|0|0|0|0|0|0|0|0|0|0|0|0|0|0|0|0|0|0|0|0|0|0|0|0|0|0|0|0|0|0|0|0|0|0|0|150|10|140|126|16|110|0|0|0|0|14|13|5|0|0|0|3|1|0|0|3|0|0|1|0|0|0|1|0|0|0|0|0|0|0|0|1|0|0|0|0|0|0|0|0|0|0|0|0|0|0|0|0|0|0|0|0|0|0|0|0|0|0|0|0|0|0|0|0|0|0|0|0
DHCST|NY|000|05|0214329|37|37|37|0|0|37|13|19|1|0|0|1|3|37|35|2|37|35|13|19|1|0|0|1|1|2|0|0|0|0|0|0|2|42|15|22|2|0|0|3|42|36|14|20|1|0|0|1|6|1|2|1|0|0|2|37|34|13|19|1|0|0|1|3|2|1|0|0|0|0|0|0|0|1|0|0|0|0|0|0|0|0|0|0|0|0|0|0|0|0|0|0|0|0|0|0|0|0|0|0|0|1|0|0|1|0|0|0|0|0|0|0|0|0|0|0|0|0|0|0|0|0|0|0|0|0|37|2|35|34|13|19|1|0|0|1|1|1|1|0|0|0|0|0|0|0|0|0|0|0|0|0|0|0|0|0|0|0|0|0|0|0|0|0|0|0|0|0|0|0|0|0|0|0|0|0|0|0|0|0|0|0|0|0|0|0|0|0|0|0|0|0|0|0|0|0|0|0|0
DHCST|NY|000|05|0214330|112|112|112|0|0|112|27|62|0|0|0|7|16|112|106|6|112|106|27|62|0|0|0|1|16|6|0|0|0|0|0|6|0|134|41|78|6|0|0|9|134|128|41|78|6|0|0|3|6|0|0|0|0|0|6|112|96|27|62|0|0|0|7|16|10|8|0|0|0|0|0|0|0|2|0|0|0|0|0|0|6|6|0|0|0|0|0|0|0|0|0|0|0|0|0|0|0|0|0|0|0|0|0|0|0|0|0|0|0|0|0|0|0|0|0|0|0|0|0|0|0|0|0|0|0|0|112|6|106|90|27|62|0|0|0|1|16|10|8|0|0|0|0|0|0|0|2|0|0|0|0|0|0|6|6|0|0|0|0|0|0|0|0|0|0|0|0|0|0|0|0|0|0|0|0|0|0|0|0|0|0|0|0|0|0|0|0|0|0|0|0|0|0|0|0|0|0|0|0
DHCST|NY|000|05|0214331|0|0|0|0|0|0|0|0|0|0|0|0|0|0|0|0|0|0|0|0|0|0|0|0|0|0|0|0|0|0|0|0|0|0|0|0|0|0|0|0|0|0|0|0|0|0|0|0|0|0|0|0|0|0|0|0|0|0|0|0|0|0|0|0|0|0|0|0|0|0|0|0|0|0|0|0|0|0|0|0|0|0|0|0|0|0|0|0|0|0|0|0|0|0|0|0|0|0|0|0|0|0|0|0|0|0|0|0|0|0|0|0|0|0|0|0|0|0|0|0|0|0|0|0|0|0|0|0|0|0|0|0|0|0|0|0|0|0|0|0|0|0|0|0|0|0|0|0|0|0|0|0|0|0|0|0|0|0|0|0|0|0|0|0|0|0|0|0|0|0|0|0|0|0|0|0|0|0|0|0|0|0|0|0|0|0|0|0|0|0|0|0|0|0|0|0|0|0|0
DHCST|NY|000|05|0214332|57|57|57|0|0|57|8|43|0|0|0|0|6|57|51|6|57|51|7|38|0|0|0|0|6|6|1|5|0|0|0|0|0|66|13|47|5|0|0|1|66|60|12|42|5|0|0|1|6|1|5|0|0|0|0|57|51|8|43|0|0|0|0|6|3|0|2|0|0|0|0|0|0|1|0|0|0|0|0|0|3|3|0|0|0|0|0|0|0|0|0|0|0|0|0|0|0|0|0|0|0|0|0|0|0|0|0|0|0|0|0|0|0|0|0|0|0|0|0|0|0|0|0|0|0|0|57|6|51|45|7|38|0|0|0|0|6|3|0|2|0|0|0|0|0|0|1|0|0|0|0|0|0|3|3|0|0|0|0|0|0|0|0|0|0|0|0|0|0|0|0|0|0|0|0|0|0|0|0|0|0|0|0|0|0|0|0|0|0|0|0|0|0|0|0|0|0|0|0
DHCST|NY|000|05|0214333|27|27|27|0|0|27|5|17|0|0|0|0|5|27|23|4|27|23|5|17|0|0|0|0|1|4|0|0|0|0|0|0|4|32|10|19|0|0|0|3|32|24|6|18|0|0|0|0|8|4|1|0|0|0|3|27|22|5|17|0|0|0|0|5|5|2|0|0|0|3|0|0|0|0|0|0|0|0|0|0|0|0|0|0|0|0|0|0|0|0|0|0|0|0|0|0|0|0|0|0|0|0|0|0|0|0|0|0|0|0|0|0|0|0|0|0|0|0|0|0|0|0|0|0|0|0|27|4|23|22|5|17|0|0|0|0|1|1|1|0|0|0|0|0|0|0|0|0|0|0|0|0|0|0|0|0|0|0|0|0|0|0|0|0|0|0|0|0|0|0|0|0|0|0|0|0|0|0|0|0|0|0|0|0|0|0|0|0|0|0|0|0|0|0|0|0|0|0|0
DHCST|NY|000|05|0214334|1305|1305|1305|0|0|1305|1093|171|1|15|0|4|21|1305|1295|10|1305|1295|1092|168|1|13|0|2|19|10|1|3|0|2|0|2|2|1330|1111|184|7|17|0|11|1330|1318|1109|180|7|15|0|7|12|2|4|0|2|0|4|1305|1284|1093|171|1|15|0|4|21|18|8|1|2|0|4|1|0|0|1|0|0|1|0|0|0|2|2|0|0|0|0|0|0|0|0|0|0|0|0|0|0|0|0|0|0|0|1|0|0|1|0|0|0|0|0|0|0|0|0|0|0|0|0|0|0|0|0|0|0|0|0|1305|10|1295|1276|1092|168|1|13|0|2|19|16|8|1|2|0|3|1|0|0|0|0|0|1|0|0|0|2|2|0|0|0|0|0|0|0|0|0|0|0|0|0|0|0|0|0|0|0|1|0|0|1|0|0|0|0|0|0|0|0|0|0|0|0|0|0|0|0|0|0|0|0|0
DHCST|NY|000|05|0214335|47|47|47|0|0|47|15|23|1|0|0|4|4|47|38|9|47|38|11|22|1|0|0|0|4|9|4|1|0|0|0|4|0|51|18|27|2|0|0|4|51|42|14|26|2|0|0|0|9|4|1|0|0|0|4|47|43|15|23|1|0|0|4|4|4|3|0|0|0|0|1|0|0|0|0|0|0|0|0|0|0|0|0|0|0|0|0|0|0|0|0|0|0|0|0|0|0|0|0|0|0|0|0|0|0|0|0|0|0|0|0|0|0|0|0|0|0|0|0|0|0|0|0|0|0|0|47|9|38|34|11|22|1|0|0|0|4|4|3|0|0|0|0|1|0|0|0|0|0|0|0|0|0|0|0|0|0|0|0|0|0|0|0|0|0|0|0|0|0|0|0|0|0|0|0|0|0|0|0|0|0|0|0|0|0|0|0|0|0|0|0|0|0|0|0|0|0|0|0
DHCST|NY|000|05|0214336|57|57|57|0|0|57|9|40|0|0|0|0|8|57|55|2|57|55|8|40|0|0|0|0|7|2|1|0|0|0|0|0|1|67|17|48|1|0|0|1|67|62|15|47|0|0|0|0|5|2|1|1|0|0|1|57|49|9|40|0|0|0|0|8|7|7|0|0|0|0|0|0|0|0|0|0|0|0|0|0|0|0|0|0|0|0|0|0|0|0|0|0|0|0|0|0|0|0|0|0|0|1|0|0|1|0|0|0|0|0|0|0|0|0|0|0|0|0|0|0|0|0|0|0|0|0|57|2|55|48|8|40|0|0|0|0|7|7|7|0|0|0|0|0|0|0|0|0|0|0|0|0|0|0|0|0|0|0|0|0|0|0|0|0|0|0|0|0|0|0|0|0|0|0|0|0|0|0|0|0|0|0|0|0|0|0|0|0|0|0|0|0|0|0|0|0|0|0|0
DHCST|NY|000|05|0214337|42|42|42|0|0|42|12|23|0|0|0|2|5|42|40|2|42|40|12|23|0|0|0|0|5|2|0|0|0|0|0|2|0|47|17|23|0|0|0|7|47|45|17|23|0|0|0|5|2|0|0|0|0|0|2|42|37|12|23|0|0|0|2|5|5|0|0|0|0|5|0|0|0|0|0|0|0|0|0|0|0|0|0|0|0|0|0|0|0|0|0|0|0|0|0|0|0|0|0|0|0|0|0|0|0|0|0|0|0|0|0|0|0|0|0|0|0|0|0|0|0|0|0|0|0|0|42|2|40|35|12|23|0|0|0|0|5|5|0|0|0|0|5|0|0|0|0|0|0|0|0|0|0|0|0|0|0|0|0|0|0|0|0|0|0|0|0|0|0|0|0|0|0|0|0|0|0|0|0|0|0|0|0|0|0|0|0|0|0|0|0|0|0|0|0|0|0|0|0
DHCST|NY|000|05|0214338|25|25|25|0|0|25|11|10|0|0|0|0|4|25|23|2|25|23|11|10|0|0|0|0|2|2|0|0|0|0|0|0|2|30|12|14|1|0|0|3|30|26|12|12|1|0|0|1|4|0|2|0|0|0|2|25|21|11|10|0|0|0|0|4|3|0|0|0|0|0|0|0|0|3|0|0|0|0|0|0|1|1|0|0|0|0|0|0|0|0|0|0|0|0|0|0|0|0|0|0|0|0|0|0|0|0|0|0|0|0|0|0|0|0|0|0|0|0|0|0|0|0|0|0|0|0|25|2|23|21|11|10|0|0|0|0|2|1|0|0|0|0|0|0|0|0|1|0|0|0|0|0|0|1|1|0|0|0|0|0|0|0|0|0|0|0|0|0|0|0|0|0|0|0|0|0|0|0|0|0|0|0|0|0|0|0|0|0|0|0|0|0|0|0|0|0|0|0|0
DHCST|NY|000|05|0214339|66|66|66|0|0|66|24|24|6|0|0|2|10|66|60|6|66|60|24|23|6|0|0|0|7|6|0|1|0|0|0|2|3|83|34|32|10|0|0|7|83|68|31|28|7|0|0|2|15|3|4|3|0|0|5|66|56|24|24|6|0|0|2|10|6|4|0|0|0|2|0|0|0|0|0|0|0|0|0|0|1|1|0|0|0|0|0|0|0|0|0|0|0|0|0|0|0|0|0|0|0|3|0|0|3|0|0|0|0|0|0|0|0|0|0|0|0|0|0|0|0|0|0|0|0|0|66|6|60|53|24|23|6|0|0|0|7|6|4|0|0|0|2|0|0|0|0|0|0|0|0|0|0|1|1|0|0|0|0|0|0|0|0|0|0|0|0|0|0|0|0|0|0|0|0|0|0|0|0|0|0|0|0|0|0|0|0|0|0|0|0|0|0|0|0|0|0|0|0
DHCST|NY|000|05|0214340|22|22|22|0|0|22|8|12|0|0|0|0|2|22|22|0|22|22|8|12|0|0|0|0|2|0|0|0|0|0|0|0|0|24|10|14|0|0|0|0|24|24|10|14|0|0|0|0|0|0|0|0|0|0|0|22|20|8|12|0|0|0|0|2|2|2|0|0|0|0|0|0|0|0|0|0|0|0|0|0|0|0|0|0|0|0|0|0|0|0|0|0|0|0|0|0|0|0|0|0|0|0|0|0|0|0|0|0|0|0|0|0|0|0|0|0|0|0|0|0|0|0|0|0|0|0|22|0|22|20|8|12|0|0|0|0|2|2|2|0|0|0|0|0|0|0|0|0|0|0|0|0|0|0|0|0|0|0|0|0|0|0|0|0|0|0|0|0|0|0|0|0|0|0|0|0|0|0|0|0|0|0|0|0|0|0|0|0|0|0|0|0|0|0|0|0|0|0|0
DHCST|NY|000|05|0214341|12|12|12|0|0|12|5|6|0|0|0|0|1|12|10|2|12|10|5|4|0|0|0|0|1|2|0|2|0|0|0|0|0|14|6|6|0|1|0|1|14|12|6|4|0|1|0|1|2|0|2|0|0|0|0|12|11|5|6|0|0|0|0|1|0|0|0|0|0|0|0|0|0|0|0|0|0|0|0|0|1|0|0|0|0|0|0|0|0|1|0|0|0|0|0|0|0|0|0|0|0|0|0|0|0|0|0|0|0|0|0|0|0|0|0|0|0|0|0|0|0|0|0|0|0|0|12|2|10|9|5|4|0|0|0|0|1|0|0|0|0|0|0|0|0|0|0|0|0|0|0|0|0|1|0|0|0|0|0|0|0|0|1|0|0|0|0|0|0|0|0|0|0|0|0|0|0|0|0|0|0|0|0|0|0|0|0|0|0|0|0|0|0|0|0|0|0|0|0
DHCST|NY|000|05|0214342|114|114|114|0|0|114|14|92|0|0|0|3|5|114|110|4|114|110|14|92|0|0|0|0|4|4|0|0|0|0|0|3|1|121|17|96|4|0|0|4|121|114|16|95|3|0|0|0|7|1|1|1|0|0|4|114|109|14|92|0|0|0|3|5|4|1|1|0|0|0|2|0|0|0|0|0|0|0|0|0|0|0|0|0|0|0|0|0|0|0|0|0|0|0|0|0|0|0|0|0|0|1|0|0|1|0|0|0|0|0|0|0|0|0|0|0|0|0|0|0|0|0|0|0|0|0|114|4|110|106|14|92|0|0|0|0|4|4|1|1|0|0|0|2|0|0|0|0|0|0|0|0|0|0|0|0|0|0|0|0|0|0|0|0|0|0|0|0|0|0|0|0|0|0|0|0|0|0|0|0|0|0|0|0|0|0|0|0|0|0|0|0|0|0|0|0|0|0|0
DHCST|NY|000|05|0214343|310|310|310|0|0|310|60|221|2|0|0|7|20|310|298|12|310|298|60|221|2|0|0|3|12|12|0|0|0|0|0|4|8|331|80|231|3|2|0|15|331|311|72|231|3|2|0|3|20|8|0|0|0|0|12|310|290|60|221|2|0|0|7|20|19|9|0|2|0|8|0|0|0|0|0|0|0|0|0|0|1|1|0|0|0|0|0|0|0|0|0|0|0|0|0|0|0|0|0|0|0|0|0|0|0|0|0|0|0|0|0|0|0|0|0|0|0|0|0|0|0|0|0|0|0|0|310|12|298|286|60|221|2|0|0|3|12|11|9|0|2|0|0|0|0|0|0|0|0|0|0|0|0|1|1|0|0|0|0|0|0|0|0|0|0|0|0|0|0|0|0|0|0|0|0|0|0|0|0|0|0|0|0|0|0|0|0|0|0|0|0|0|0|0|0|0|0|0|0
DHCST|NY|000|05|0214344|57|57|57|0|0|57|18|20|5|0|0|1|13|57|53|4|57|53|18|20|5|0|0|0|10|4|0|0|0|0|0|1|3|72|26|25|10|1|5|5|72|65|24|24|10|1|3|3|7|2|1|0|0|2|2|57|44|18|20|5|0|0|1|13|11|0|4|0|2|1|0|0|2|2|0|0|0|0|0|0|2|0|0|0|0|0|0|0|1|0|0|0|0|1|0|0|0|0|0|0|0|0|0|0|0|0|0|0|0|0|0|0|0|0|0|0|0|0|0|0|0|0|0|0|0|0|57|4|53|43|18|20|5|0|0|0|10|8|0|4|0|0|1|0|0|2|1|0|0|0|0|0|0|2|0|0|0|0|0|0|0|1|0|0|0|0|1|0|0|0|0|0|0|0|0|0|0|0|0|0|0|0|0|0|0|0|0|0|0|0|0|0|0|0|0|0|0|0|0
DHCST|NY|000|05|0214345|65|65|65|0|0|65|21|28|3|2|0|6|5|65|54|11|65|54|18|25|3|2|0|1|5|11|3|3|0|0|0|5|0|71|26|33|4|2|0|6|71|60|23|30|4|2|0|1|11|3|3|0|0|0|5|65|60|21|28|3|2|0|6|5|4|4|0|0|0|0|0|0|0|0|0|0|0|0|0|0|1|1|0|0|0|0|0|0|0|0|0|0|0|0|0|0|0|0|0|0|0|0|0|0|0|0|0|0|0|0|0|0|0|0|0|0|0|0|0|0|0|0|0|0|0|0|65|11|54|49|18|25|3|2|0|1|5|4|4|0|0|0|0|0|0|0|0|0|0|0|0|0|0|1|1|0|0|0|0|0|0|0|0|0|0|0|0|0|0|0|0|0|0|0|0|0|0|0|0|0|0|0|0|0|0|0|0|0|0|0|0|0|0|0|0|0|0|0|0
DHCST|NY|000|05|0214346|114|114|114|0|0|114|10|86|1|0|0|2|15|114|106|8|114|106|10|80|1|0|0|0|15|8|0|6|0|0|0|2|0|134|19|97|12|0|1|5|134|126|19|91|12|0|1|3|8|0|6|0|0|0|2|114|99|10|86|1|0|0|2|15|10|0|4|0|0|0|2|0|1|3|0|0|0|0|0|0|5|5|0|0|0|0|0|0|0|0|0|0|0|0|0|0|0|0|0|0|0|0|0|0|0|0|0|0|0|0|0|0|0|0|0|0|0|0|0|0|0|0|0|0|0|0|114|8|106|91|10|80|1|0|0|0|15|10|0|4|0|0|0|2|0|1|3|0|0|0|0|0|0|5|5|0|0|0|0|0|0|0|0|0|0|0|0|0|0|0|0|0|0|0|0|0|0|0|0|0|0|0|0|0|0|0|0|0|0|0|0|0|0|0|0|0|0|0|0
DHCST|NY|000|05|0214347|262|262|262|0|0|262|11|223|0|0|0|11|17|262|247|15|262|247|11|215|0|0|0|6|15|15|0|8|0|0|0|5|2|280|24|237|1|1|2|15|280|262|23|228|0|0|2|9|18|1|9|1|1|0|6|262|245|11|223|0|0|0|11|17|16|10|0|0|0|2|0|0|2|1|0|0|0|0|1|0|1|1|0|0|0|0|0|0|0|0|0|0|0|0|0|0|0|0|0|0|0|0|0|0|0|0|0|0|0|0|0|0|0|0|0|0|0|0|0|0|0|0|0|0|0|0|262|15|247|232|11|215|0|0|0|6|15|15|10|0|0|0|2|0|0|2|1|0|0|0|0|0|0|0|0|0|0|0|0|0|0|0|0|0|0|0|0|0|0|0|0|0|0|0|0|0|0|0|0|0|0|0|0|0|0|0|0|0|0|0|0|0|0|0|0|0|0|0|0
DHCST|NY|000|05|0214348|111|111|111|0|0|111|34|61|3|0|0|3|10|111|104|7|111|104|33|61|3|0|0|2|5|7|1|0|0|0|0|1|5|121|42|65|3|0|2|9|121|109|36|65|3|0|2|3|12|6|0|0|0|0|6|111|101|34|61|3|0|0|3|10|10|2|0|0|0|6|0|0|2|0|0|0|0|0|0|0|0|0|0|0|0|0|0|0|0|0|0|0|0|0|0|0|0|0|0|0|0|0|0|0|0|0|0|0|0|0|0|0|0|0|0|0|0|0|0|0|0|0|0|0|0|0|111|7|104|99|33|61|3|0|0|2|5|5|2|0|0|0|1|0|0|2|0|0|0|0|0|0|0|0|0|0|0|0|0|0|0|0|0|0|0|0|0|0|0|0|0|0|0|0|0|0|0|0|0|0|0|0|0|0|0|0|0|0|0|0|0|0|0|0|0|0|0|0|0
DHCST|NY|000|05|0214349|279|279|279|0|0|279|37|201|2|0|0|10|29|279|270|9|279|270|37|198|2|0|0|7|26|9|0|3|0|0|0|3|3|314|60|228|13|0|1|12|314|301|57|224|12|0|1|7|13|3|4|1|0|0|5|279|250|37|201|2|0|0|10|29|23|15|0|0|0|2|5|0|1|0|0|0|0|0|0|0|6|6|0|0|0|0|0|0|0|0|0|0|0|0|0|0|0|0|0|0|0|0|0|0|0|0|0|0|0|0|0|0|0|0|0|0|0|0|0|0|0|0|0|0|0|0|279|9|270|244|37|198|2|0|0|7|26|21|15|0|0|0|0|5|0|1|0|0|0|0|0|0|0|5|5|0|0|0|0|0|0|0|0|0|0|0|0|0|0|0|0|0|0|0|0|0|0|0|0|0|0|0|0|0|0|0|0|0|0|0|0|0|0|0|0|0|0|0|0
DHCST|NY|000|05|0214350|105|105|105|0|0|105|45|43|0|1|0|9|7|105|92|13|105|92|45|41|0|1|0|0|5|13|0|2|0|0|0|9|2|112|51|48|1|2|1|9|112|97|49|45|1|2|0|0|15|2|3|0|0|1|9|105|98|45|43|0|1|0|9|7|7|4|0|1|1|0|1|0|0|0|0|0|0|0|0|0|0|0|0|0|0|0|0|0|0|0|0|0|0|0|0|0|0|0|0|0|0|0|0|0|0|0|0|0|0|0|0|0|0|0|0|0|0|0|0|0|0|0|0|0|0|0|105|13|92|87|45|41|0|1|0|0|5|5|3|0|1|0|0|1|0|0|0|0|0|0|0|0|0|0|0|0|0|0|0|0|0|0|0|0|0|0|0|0|0|0|0|0|0|0|0|0|0|0|0|0|0|0|0|0|0|0|0|0|0|0|0|0|0|0|0|0|0|0|0
DHCST|NY|000|05|0214351|266|266|266|0|0|266|51|189|5|0|0|1|20|266|259|7|266|259|51|185|5|0|0|0|18|7|0|4|0|0|0|1|2|286|68|207|6|1|0|4|286|277|67|202|6|0|0|2|9|1|5|0|1|0|2|266|246|51|189|5|0|0|1|20|20|15|1|0|0|1|0|1|0|2|0|0|0|0|0|0|0|0|0|0|0|0|0|0|0|0|0|0|0|0|0|0|0|0|0|0|0|0|0|0|0|0|0|0|0|0|0|0|0|0|0|0|0|0|0|0|0|0|0|0|0|0|266|7|259|241|51|185|5|0|0|0|18|18|15|1|0|0|0|0|0|0|2|0|0|0|0|0|0|0|0|0|0|0|0|0|0|0|0|0|0|0|0|0|0|0|0|0|0|0|0|0|0|0|0|0|0|0|0|0|0|0|0|0|0|0|0|0|0|0|0|0|0|0|0
DHCST|NY|000|05|0214352|267|267|267|0|0|267|107|129|15|0|0|1|15|267|261|6|267|261|107|126|15|0|0|0|13|6|0|3|0|0|0|1|2|283|119|138|19|0|0|7|283|275|117|134|19|0|0|5|8|2|4|0|0|0|2|267|252|107|129|15|0|0|1|15|14|5|0|0|0|6|3|0|0|0|0|0|0|0|0|0|1|1|0|0|0|0|0|0|0|0|0|0|0|0|0|0|0|0|0|0|0|0|0|0|0|0|0|0|0|0|0|0|0|0|0|0|0|0|0|0|0|0|0|0|0|0|267|6|261|248|107|126|15|0|0|0|13|12|4|0|0|0|5|3|0|0|0|0|0|0|0|0|0|1|1|0|0|0|0|0|0|0|0|0|0|0|0|0|0|0|0|0|0|0|0|0|0|0|0|0|0|0|0|0|0|0|0|0|0|0|0|0|0|0|0|0|0|0|0
DHCST|NY|000|05|0214353|0|0|0|0|0|0|0|0|0|0|0|0|0|0|0|0|0|0|0|0|0|0|0|0|0|0|0|0|0|0|0|0|0|0|0|0|0|0|0|0|0|0|0|0|0|0|0|0|0|0|0|0|0|0|0|0|0|0|0|0|0|0|0|0|0|0|0|0|0|0|0|0|0|0|0|0|0|0|0|0|0|0|0|0|0|0|0|0|0|0|0|0|0|0|0|0|0|0|0|0|0|0|0|0|0|0|0|0|0|0|0|0|0|0|0|0|0|0|0|0|0|0|0|0|0|0|0|0|0|0|0|0|0|0|0|0|0|0|0|0|0|0|0|0|0|0|0|0|0|0|0|0|0|0|0|0|0|0|0|0|0|0|0|0|0|0|0|0|0|0|0|0|0|0|0|0|0|0|0|0|0|0|0|0|0|0|0|0|0|0|0|0|0|0|0|0|0|0|0
DHCST|NY|000|05|0214354|37|37|37|0|0|37|20|4|0|0|0|2|11|37|30|7|37|30|20|4|0|0|0|2|4|7|0|0|0|0|0|0|7|54|30|8|4|3|0|9|54|35|24|5|2|0|0|4|19|6|3|2|3|0|5|37|26|20|4|0|0|0|2|11|6|0|1|0|0|4|0|1|0|0|0|0|0|0|0|0|4|1|1|0|0|0|0|2|0|0|0|0|0|0|0|0|0|0|0|0|0|1|0|0|0|0|1|0|0|0|0|0|0|0|0|0|0|0|0|0|0|0|0|0|0|0|37|7|30|26|20|4|0|0|0|2|4|3|0|1|0|0|2|0|0|0|0|0|0|0|0|0|0|1|1|0|0|0|0|0|0|0|0|0|0|0|0|0|0|0|0|0|0|0|0|0|0|0|0|0|0|0|0|0|0|0|0|0|0|0|0|0|0|0|0|0|0|0|0
DHCST|NY|000|05|0214355|0|0|0|0|0|0|0|0|0|0|0|0|0|0|0|0|0|0|0|0|0|0|0|0|0|0|0|0|0|0|0|0|0|0|0|0|0|0|0|0|0|0|0|0|0|0|0|0|0|0|0|0|0|0|0|0|0|0|0|0|0|0|0|0|0|0|0|0|0|0|0|0|0|0|0|0|0|0|0|0|0|0|0|0|0|0|0|0|0|0|0|0|0|0|0|0|0|0|0|0|0|0|0|0|0|0|0|0|0|0|0|0|0|0|0|0|0|0|0|0|0|0|0|0|0|0|0|0|0|0|0|0|0|0|0|0|0|0|0|0|0|0|0|0|0|0|0|0|0|0|0|0|0|0|0|0|0|0|0|0|0|0|0|0|0|0|0|0|0|0|0|0|0|0|0|0|0|0|0|0|0|0|0|0|0|0|0|0|0|0|0|0|0|0|0|0|0|0|0
DHCST|NY|000|05|0214356|575|575|575|0|0|575|381|132|8|10|0|1|43|575|554|21|575|554|377|123|7|10|0|0|37|21|4|9|1|0|0|1|6|622|421|150|22|17|0|12|622|591|411|135|21|17|0|7|31|10|15|1|0|0|5|575|532|381|132|8|10|0|1|43|39|11|13|7|0|5|1|0|0|2|0|0|0|0|0|0|4|0|0|0|4|0|0|0|0|0|0|0|0|0|0|0|0|0|0|0|0|0|0|0|0|0|0|0|0|0|0|0|0|0|0|0|0|0|0|0|0|0|0|0|0|0|575|21|554|517|377|123|7|10|0|0|37|37|9|13|7|0|5|1|0|0|2|0|0|0|0|0|0|0|0|0|0|0|0|0|0|0|0|0|0|0|0|0|0|0|0|0|0|0|0|0|0|0|0|0|0|0|0|0|0|0|0|0|0|0|0|0|0|0|0|0|0|0|0
DHCST|NY|000|05|0214357|197|197|197|0|0|197|88|75|5|10|0|11|8|197|172|25|197|172|78|75|5|8|0|0|6|25|10|0|0|2|0|11|2|206|94|81|6|11|0|14|206|178|82|80|5|8|0|3|28|12|1|1|3|0|11|197|189|88|75|5|10|0|11|8|7|3|1|0|0|1|0|0|0|2|0|0|0|0|0|0|1|0|1|0|0|0|0|0|0|0|0|0|0|0|0|0|0|0|0|0|0|0|0|0|0|0|0|0|0|0|0|0|0|0|0|0|0|0|0|0|0|0|0|0|0|0|197|25|172|166|78|75|5|8|0|0|6|6|3|0|0|0|1|0|0|0|2|0|0|0|0|0|0|0|0|0|0|0|0|0|0|0|0|0|0|0|0|0|0|0|0|0|0|0|0|0|0|0|0|0|0|0|0|0|0|0|0|0|0|0|0|0|0|0|0|0|0|0|0
DHCST|NY|000|05|0214358|52|52|52|0|0|52|29|1|0|0|0|2|20|52|42|10|52|42|29|1|0|0|0|1|11|10|0|0|0|0|0|1|9|73|45|4|8|2|0|14|73|53|38|3|5|2|0|5|20|7|1|3|0|0|9|52|32|29|1|0|0|0|2|20|19|0|3|2|0|10|2|0|0|0|0|0|2|0|0|0|1|1|0|0|0|0|0|0|0|0|0|0|0|0|0|0|0|0|0|0|0|0|0|0|0|0|0|0|0|0|0|0|0|0|0|0|0|0|0|0|0|0|0|0|0|0|52|10|42|31|29|1|0|0|0|1|11|11|0|3|2|0|4|2|0|0|0|0|0|0|0|0|0|0|0|0|0|0|0|0|0|0|0|0|0|0|0|0|0|0|0|0|0|0|0|0|0|0|0|0|0|0|0|0|0|0|0|0|0|0|0|0|0|0|0|0|0|0|0
DHCST|NY|000|05|0214359|12|12|12|0|0|12|3|2|0|0|0|1|6|12|4|8|12|4|1|2|0|0|0|0|1|8|2|0|0|0|0|1|5|18|4|7|0|2|0|5|18|5|1|3|0|1|0|0|13|3|4|0|1|0|5|12|6|3|2|0|0|0|1|6|6|0|0|1|0|0|0|1|0|4|0|0|0|0|0|0|0|0|0|0|0|0|0|0|0|0|0|0|0|0|0|0|0|0|0|0|0|0|0|0|0|0|0|0|0|0|0|0|0|0|0|0|0|0|0|0|0|0|0|0|0|0|12|8|4|3|1|2|0|0|0|0|1|1|0|0|0|0|0|0|1|0|0|0|0|0|0|0|0|0|0|0|0|0|0|0|0|0|0|0|0|0|0|0|0|0|0|0|0|0|0|0|0|0|0|0|0|0|0|0|0|0|0|0|0|0|0|0|0|0|0|0|0|0|0
DHCST|NY|000|05|0214360|1111|1111|1111|0|0|1111|374|280|5|390|0|27|35|1111|1069|42|1111|1069|371|279|5|390|0|6|18|42|3|1|0|0|0|21|17|1147|403|292|11|396|0|45|1147|1087|384|286|11|395|0|11|60|19|6|0|1|0|34|1111|1076|374|280|5|390|0|27|35|34|5|1|6|0|16|5|0|0|1|0|0|0|0|0|0|1|0|0|0|1|0|0|0|0|0|0|0|0|0|0|0|0|0|0|0|0|0|0|0|0|0|0|0|0|0|0|0|0|0|0|0|0|0|0|0|0|0|0|0|0|0|1111|42|1069|1051|371|279|5|390|0|6|18|18|2|1|5|0|5|5|0|0|0|0|0|0|0|0|0|0|0|0|0|0|0|0|0|0|0|0|0|0|0|0|0|0|0|0|0|0|0|0|0|0|0|0|0|0|0|0|0|0|0|0|0|0|0|0|0|0|0|0|0|0|0
DHCST|NY|000|05|0214361|164|164|164|0|0|164|92|63|1|0|0|0|8|164|158|6|164|158|91|63|1|0|0|0|3|6|1|0|0|0|0|0|5|174|95|68|3|1|0|7|174|161|91|66|1|1|0|2|13|4|2|2|0|0|5|164|156|92|63|1|0|0|0|8|7|0|0|0|0|2|0|1|0|3|0|0|1|0|0|0|0|0|0|0|0|0|0|0|0|0|0|0|0|0|0|0|0|0|0|0|0|1|0|0|1|0|0|0|0|0|0|0|0|0|0|0|0|0|0|0|0|0|0|0|0|0|164|6|158|155|91|63|1|0|0|0|3|3|0|0|0|0|0|0|1|0|2|0|0|0|0|0|0|0|0|0|0|0|0|0|0|0|0|0|0|0|0|0|0|0|0|0|0|0|0|0|0|0|0|0|0|0|0|0|0|0|0|0|0|0|0|0|0|0|0|0|0|0|0
DHCST|NY|000|05|0214362|37|37|37|0|0|37|25|7|0|1|0|0|4|37|37|0|37|37|25|7|0|1|0|0|4|0|0|0|0|0|0|0|0|41|29|7|2|1|0|2|41|41|29|7|2|1|0|2|0|0|0|0|0|0|0|37|33|25|7|0|1|0|0|4|4|0|2|0|0|2|0|0|0|0|0|0|0|0|0|0|0|0|0|0|0|0|0|0|0|0|0|0|0|0|0|0|0|0|0|0|0|0|0|0|0|0|0|0|0|0|0|0|0|0|0|0|0|0|0|0|0|0|0|0|0|0|37|0|37|33|25|7|0|1|0|0|4|4|0|2|0|0|2|0|0|0|0|0|0|0|0|0|0|0|0|0|0|0|0|0|0|0|0|0|0|0|0|0|0|0|0|0|0|0|0|0|0|0|0|0|0|0|0|0|0|0|0|0|0|0|0|0|0|0|0|0|0|0|0
DHCST|NY|000|05|0214363|185|185|185|0|0|185|82|67|6|9|0|8|13|185|171|14|185|171|76|67|6|9|0|0|13|14|6|0|0|0|0|8|0|200|94|72|9|15|2|8|200|186|88|72|9|15|2|0|14|6|0|0|0|0|8|185|172|82|67|6|9|0|8|13|11|3|3|4|0|0|0|0|1|0|0|0|0|0|0|0|2|0|1|0|0|0|0|0|1|0|0|0|0|0|0|0|0|0|0|0|0|0|0|0|0|0|0|0|0|0|0|0|0|0|0|0|0|0|0|0|0|0|0|0|0|0|185|14|171|158|76|67|6|9|0|0|13|11|3|3|4|0|0|0|0|1|0|0|0|0|0|0|0|2|0|1|0|0|0|0|0|1|0|0|0|0|0|0|0|0|0|0|0|0|0|0|0|0|0|0|0|0|0|0|0|0|0|0|0|0|0|0|0|0|0|0|0|0|0
DHCST|NY|000|05|0214364|118|118|118|0|0|118|71|26|3|0|0|3|15|118|107|11|118|107|65|24|3|0|0|0|15|11|6|2|0|0|0|3|0|133|84|31|7|2|0|9|133|122|78|29|7|2|0|6|11|6|2|0|0|0|3|118|103|71|26|3|0|0|3|15|15|3|4|0|0|6|0|2|0|0|0|0|0|0|0|0|0|0|0|0|0|0|0|0|0|0|0|0|0|0|0|0|0|0|0|0|0|0|0|0|0|0|0|0|0|0|0|0|0|0|0|0|0|0|0|0|0|0|0|0|0|0|118|11|107|92|65|24|3|0|0|0|15|15|3|4|0|0|6|0|2|0|0|0|0|0|0|0|0|0|0|0|0|0|0|0|0|0|0|0|0|0|0|0|0|0|0|0|0|0|0|0|0|0|0|0|0|0|0|0|0|0|0|0|0|0|0|0|0|0|0|0|0|0|0
DHCST|NY|000|05|0214365|8|8|8|0|0|8|5|0|1|0|0|0|2|8|8|0|8|8|5|0|1|0|0|0|2|0|0|0|0|0|0|0|0|11|7|1|3|0|0|0|11|11|7|1|3|0|0|0|0|0|0|0|0|0|0|8|6|5|0|1|0|0|0|2|1|0|1|0|0|0|0|0|0|0|0|0|0|0|0|0|1|1|0|0|0|0|0|0|0|0|0|0|0|0|0|0|0|0|0|0|0|0|0|0|0|0|0|0|0|0|0|0|0|0|0|0|0|0|0|0|0|0|0|0|0|0|8|0|8|6|5|0|1|0|0|0|2|1|0|1|0|0|0|0|0|0|0|0|0|0|0|0|0|1|1|0|0|0|0|0|0|0|0|0|0|0|0|0|0|0|0|0|0|0|0|0|0|0|0|0|0|0|0|0|0|0|0|0|0|0|0|0|0|0|0|0|0|0|0
DHCST|NY|000|05|0214366|49|49|49|0|0|49|32|14|1|0|0|0|2|49|49|0|49|49|32|14|1|0|0|0|2|0|0|0|0|0|0|0|0|51|34|16|1|0|0|0|51|51|34|16|1|0|0|0|0|0|0|0|0|0|0|49|47|32|14|1|0|0|0|2|2|2|0|0|0|0|0|0|0|0|0|0|0|0|0|0|0|0|0|0|0|0|0|0|0|0|0|0|0|0|0|0|0|0|0|0|0|0|0|0|0|0|0|0|0|0|0|0|0|0|0|0|0|0|0|0|0|0|0|0|0|0|49|0|49|47|32|14|1|0|0|0|2|2|2|0|0|0|0|0|0|0|0|0|0|0|0|0|0|0|0|0|0|0|0|0|0|0|0|0|0|0|0|0|0|0|0|0|0|0|0|0|0|0|0|0|0|0|0|0|0|0|0|0|0|0|0|0|0|0|0|0|0|0|0
DHCST|NY|000|05|0214367|22|22|22|0|0|22|17|2|0|0|0|0|3|22|19|3|22|19|17|2|0|0|0|0|0|3|0|0|0|0|0|0|3|26|20|2|1|0|1|2|26|19|17|2|0|0|0|0|7|3|0|1|0|1|2|22|19|17|2|0|0|0|0|3|2|0|0|0|1|1|0|0|0|0|0|0|0|0|0|0|1|0|0|0|0|0|0|1|0|0|0|0|0|0|0|0|0|0|0|0|0|0|0|0|0|0|0|0|0|0|0|0|0|0|0|0|0|0|0|0|0|0|0|0|0|0|22|3|19|19|17|2|0|0|0|0|0|0|0|0|0|0|0|0|0|0|0|0|0|0|0|0|0|0|0|0|0|0|0|0|0|0|0|0|0|0|0|0|0|0|0|0|0|0|0|0|0|0|0|0|0|0|0|0|0|0|0|0|0|0|0|0|0|0|0|0|0|0|0
DHCST|NY|000|05|0214368|23|23|23|0|0|23|12|3|0|3|0|1|4|23|21|2|23|21|12|3|0|2|0|0|4|2|0|0|0|1|0|1|0|27|16|4|0|3|0|4|27|25|16|4|0|2|0|3|2|0|0|0|1|0|1|23|19|12|3|0|3|0|1|4|4|1|0|0|0|3|0|0|0|0|0|0|0|0|0|0|0|0|0|0|0|0|0|0|0|0|0|0|0|0|0|0|0|0|0|0|0|0|0|0|0|0|0|0|0|0|0|0|0|0|0|0|0|0|0|0|0|0|0|0|0|0|23|2|21|17|12|3|0|2|0|0|4|4|1|0|0|0|3|0|0|0|0|0|0|0|0|0|0|0|0|0|0|0|0|0|0|0|0|0|0|0|0|0|0|0|0|0|0|0|0|0|0|0|0|0|0|0|0|0|0|0|0|0|0|0|0|0|0|0|0|0|0|0|0
DHCST|NY|000|05|0214369|68|68|68|0|0|68|44|11|2|0|0|4|7|68|64|4|68|64|44|11|2|0|0|0|7|4|0|0|0|0|0|4|0|75|51|14|6|0|0|4|75|71|51|14|6|0|0|0|4|0|0|0|0|0|4|68|61|44|11|2|0|0|4|7|7|3|4|0|0|0|0|0|0|0|0|0|0|0|0|0|0|0|0|0|0|0|0|0|0|0|0|0|0|0|0|0|0|0|0|0|0|0|0|0|0|0|0|0|0|0|0|0|0|0|0|0|0|0|0|0|0|0|0|0|0|0|68|4|64|57|44|11|2|0|0|0|7|7|3|4|0|0|0|0|0|0|0|0|0|0|0|0|0|0|0|0|0|0|0|0|0|0|0|0|0|0|0|0|0|0|0|0|0|0|0|0|0|0|0|0|0|0|0|0|0|0|0|0|0|0|0|0|0|0|0|0|0|0|0
DHCST|NY|000|05|0214370|59|59|59|0|0|59|48|1|2|0|0|0|8|59|59|0|59|59|48|1|2|0|0|0|8|0|0|0|0|0|0|0|0|69|56|8|5|0|0|0|69|69|56|8|5|0|0|0|0|0|0|0|0|0|0|59|51|48|1|2|0|0|0|8|6|5|1|0|0|0|0|0|0|0|0|0|0|0|0|0|2|2|0|0|0|0|0|0|0|0|0|0|0|0|0|0|0|0|0|0|0|0|0|0|0|0|0|0|0|0|0|0|0|0|0|0|0|0|0|0|0|0|0|0|0|0|59|0|59|51|48|1|2|0|0|0|8|6|5|1|0|0|0|0|0|0|0|0|0|0|0|0|0|2|2|0|0|0|0|0|0|0|0|0|0|0|0|0|0|0|0|0|0|0|0|0|0|0|0|0|0|0|0|0|0|0|0|0|0|0|0|0|0|0|0|0|0|0|0
DHCST|NY|000|05|0214371|64|64|64|0|0|64|35|18|3|0|0|2|6|64|61|3|64|61|35|18|3|0|0|0|5|3|0|0|0|0|0|2|1|70|41|18|7|0|0|4|70|66|40|18|7|0|0|1|4|1|0|0|0|0|3|64|58|35|18|3|0|0|2|6|6|0|4|0|0|2|0|0|0|0|0|0|0|0|0|0|0|0|0|0|0|0|0|0|0|0|0|0|0|0|0|0|0|0|0|0|0|0|0|0|0|0|0|0|0|0|0|0|0|0|0|0|0|0|0|0|0|0|0|0|0|0|64|3|61|56|35|18|3|0|0|0|5|5|0|4|0|0|1|0|0|0|0|0|0|0|0|0|0|0|0|0|0|0|0|0|0|0|0|0|0|0|0|0|0|0|0|0|0|0|0|0|0|0|0|0|0|0|0|0|0|0|0|0|0|0|0|0|0|0|0|0|0|0|0
DHCST|NY|000|05|0214372|49|49|49|0|0|49|26|3|4|0|0|5|11|49|39|10|49|39|22|2|4|0|0|3|8|10|4|1|0|0|0|2|3|60|37|7|5|0|0|11|60|47|30|6|5|0|0|6|13|7|1|0|0|0|5|49|38|26|3|4|0|0|5|11|11|4|1|0|0|6|0|0|0|0|0|0|0|0|0|0|0|0|0|0|0|0|0|0|0|0|0|0|0|0|0|0|0|0|0|0|0|0|0|0|0|0|0|0|0|0|0|0|0|0|0|0|0|0|0|0|0|0|0|0|0|0|49|10|39|31|22|2|4|0|0|3|8|8|4|1|0|0|3|0|0|0|0|0|0|0|0|0|0|0|0|0|0|0|0|0|0|0|0|0|0|0|0|0|0|0|0|0|0|0|0|0|0|0|0|0|0|0|0|0|0|0|0|0|0|0|0|0|0|0|0|0|0|0|0
DHCST|NY|000|05|0214373|26|26|26|0|0|26|18|1|0|0|0|0|7|26|22|4|26|22|18|1|0|0|0|0|3|4|0|0|0|0|0|0|4|36|25|1|5|0|0|5|36|25|21|1|2|0|0|1|11|4|0|3|0|0|4|26|19|18|1|0|0|0|0|7|4|0|2|0|0|2|0|0|0|0|0|0|0|0|0|0|3|0|0|0|0|0|0|3|0|0|0|0|0|0|0|0|0|0|0|0|0|0|0|0|0|0|0|0|0|0|0|0|0|0|0|0|0|0|0|0|0|0|0|0|0|0|26|4|22|19|18|1|0|0|0|0|3|3|0|2|0|0|1|0|0|0|0|0|0|0|0|0|0|0|0|0|0|0|0|0|0|0|0|0|0|0|0|0|0|0|0|0|0|0|0|0|0|0|0|0|0|0|0|0|0|0|0|0|0|0|0|0|0|0|0|0|0|0|0
DHCST|NY|000|05|0214374|78|78|78|0|0|78|68|8|0|0|0|0|2|78|77|1|78|77|68|7|0|0|0|0|2|1|0|1|0|0|0|0|0|80|70|9|1|0|0|0|80|79|70|8|1|0|0|0|1|0|1|0|0|0|0|78|76|68|8|0|0|0|0|2|2|1|1|0|0|0|0|0|0|0|0|0|0|0|0|0|0|0|0|0|0|0|0|0|0|0|0|0|0|0|0|0|0|0|0|0|0|0|0|0|0|0|0|0|0|0|0|0|0|0|0|0|0|0|0|0|0|0|0|0|0|0|78|1|77|75|68|7|0|0|0|0|2|2|1|1|0|0|0|0|0|0|0|0|0|0|0|0|0|0|0|0|0|0|0|0|0|0|0|0|0|0|0|0|0|0|0|0|0|0|0|0|0|0|0|0|0|0|0|0|0|0|0|0|0|0|0|0|0|0|0|0|0|0|0
DHCST|NY|000|05|0214375|77|77|77|0|0|77|66|6|0|0|0|1|4|77|76|1|77|76|66|6|0|0|0|0|4|1|0|0|0|0|0|1|0|82|70|7|4|0|0|1|82|81|70|7|4|0|0|0|1|0|0|0|0|0|1|77|73|66|6|0|0|0|1|4|3|0|3|0|0|0|0|0|0|0|0|0|0|0|0|0|1|1|0|0|0|0|0|0|0|0|0|0|0|0|0|0|0|0|0|0|0|0|0|0|0|0|0|0|0|0|0|0|0|0|0|0|0|0|0|0|0|0|0|0|0|0|77|1|76|72|66|6|0|0|0|0|4|3|0|3|0|0|0|0|0|0|0|0|0|0|0|0|0|1|1|0|0|0|0|0|0|0|0|0|0|0|0|0|0|0|0|0|0|0|0|0|0|0|0|0|0|0|0|0|0|0|0|0|0|0|0|0|0|0|0|0|0|0|0
DHCST|NY|000|05|0214376|28|28|28|0|0|28|15|9|1|0|0|1|2|28|27|1|28|27|15|9|1|0|0|0|2|1|0|0|0|0|0|1|0|30|17|9|3|0|0|1|30|29|17|9|3|0|0|0|1|0|0|0|0|0|1|28|26|15|9|1|0|0|1|2|2|0|2|0|0|0|0|0|0|0|0|0|0|0|0|0|0|0|0|0|0|0|0|0|0|0|0|0|0|0|0|0|0|0|0|0|0|0|0|0|0|0|0|0|0|0|0|0|0|0|0|0|0|0|0|0|0|0|0|0|0|0|28|1|27|25|15|9|1|0|0|0|2|2|0|2|0|0|0|0|0|0|0|0|0|0|0|0|0|0|0|0|0|0|0|0|0|0|0|0|0|0|0|0|0|0|0|0|0|0|0|0|0|0|0|0|0|0|0|0|0|0|0|0|0|0|0|0|0|0|0|0|0|0|0
DHCST|NY|000|05|0214377|457|457|457|0|0|457|344|67|6|14|0|10|16|457|447|10|457|447|344|67|6|13|0|2|15|10|0|0|0|1|0|8|1|474|355|70|13|17|2|17|474|463|355|70|13|16|1|8|11|0|0|0|1|1|9|457|441|344|67|6|14|0|10|16|15|1|5|0|0|4|1|0|0|0|1|0|0|0|1|2|1|0|1|0|0|0|0|0|0|0|0|0|0|0|0|0|0|0|0|0|0|0|0|0|0|0|0|0|0|0|0|0|0|0|0|0|0|0|0|0|0|0|0|0|0|0|457|10|447|432|344|67|6|13|0|2|15|14|1|5|0|0|4|1|0|0|0|1|0|0|0|1|1|1|0|1|0|0|0|0|0|0|0|0|0|0|0|0|0|0|0|0|0|0|0|0|0|0|0|0|0|0|0|0|0|0|0|0|0|0|0|0|0|0|0|0|0|0|0
DHCST|NY|000|05|0214378|61|61|61|0|0|61|32|15|2|1|0|2|9|61|59|2|61|59|32|15|2|1|0|0|9|2|0|0|0|0|0|2|0|71|41|16|11|1|0|2|71|69|41|16|11|1|0|0|2|0|0|0|0|0|2|61|52|32|15|2|1|0|2|9|8|0|8|0|0|0|0|0|0|0|0|0|0|0|0|0|1|1|0|0|0|0|0|0|0|0|0|0|0|0|0|0|0|0|0|0|0|0|0|0|0|0|0|0|0|0|0|0|0|0|0|0|0|0|0|0|0|0|0|0|0|0|61|2|59|50|32|15|2|1|0|0|9|8|0|8|0|0|0|0|0|0|0|0|0|0|0|0|0|1|1|0|0|0|0|0|0|0|0|0|0|0|0|0|0|0|0|0|0|0|0|0|0|0|0|0|0|0|0|0|0|0|0|0|0|0|0|0|0|0|0|0|0|0|0
DHCST|NY|000|05|0214379|87|87|87|0|0|87|51|21|3|2|0|5|5|87|78|9|87|78|51|20|0|2|0|1|4|9|0|1|3|0|0|4|1|92|55|21|8|2|0|6|92|82|55|20|4|2|0|1|10|0|1|4|0|0|5|87|82|51|21|3|2|0|5|5|5|0|4|0|0|0|0|0|0|0|0|0|1|0|0|0|0|0|0|0|0|0|0|0|0|0|0|0|0|0|0|0|0|0|0|0|0|0|0|0|0|0|0|0|0|0|0|0|0|0|0|0|0|0|0|0|0|0|0|0|0|0|87|9|78|74|51|20|0|2|0|1|4|4|0|4|0|0|0|0|0|0|0|0|0|0|0|0|0|0|0|0|0|0|0|0|0|0|0|0|0|0|0|0|0|0|0|0|0|0|0|0|0|0|0|0|0|0|0|0|0|0|0|0|0|0|0|0|0|0|0|0|0|0|0
DHCST|NY|000|05|0214380|54|54|54|0|0|54|39|8|1|0|0|0|6|54|52|2|54|52|38|8|0|0|0|0|6|2|1|0|1|0|0|0|0|61|44|10|5|1|0|1|61|59|43|10|4|1|0|1|2|1|0|1|0|0|0|54|48|39|8|1|0|0|0|6|5|0|4|0|0|0|0|0|0|1|0|0|0|0|0|0|1|0|1|0|0|0|0|0|0|0|0|0|0|0|0|0|0|0|0|0|0|0|0|0|0|0|0|0|0|0|0|0|0|0|0|0|0|0|0|0|0|0|0|0|0|0|54|2|52|46|38|8|0|0|0|0|6|5|0|4|0|0|0|0|0|0|1|0|0|0|0|0|0|1|0|1|0|0|0|0|0|0|0|0|0|0|0|0|0|0|0|0|0|0|0|0|0|0|0|0|0|0|0|0|0|0|0|0|0|0|0|0|0|0|0|0|0|0|0
DHCST|NY|000|05|0214381|519|519|519|0|0|519|307|130|9|0|0|15|58|519|500|19|519|500|307|130|9|0|0|2|52|19|0|0|0|0|0|13|6|584|360|161|28|8|2|25|584|555|355|159|24|8|2|7|29|5|2|4|0|0|18|519|461|307|130|9|0|0|15|58|52|22|10|8|0|7|3|0|2|0|0|0|0|0|0|0|5|3|0|0|0|0|0|2|0|0|0|0|0|0|0|0|0|0|0|0|0|1|0|0|1|0|0|0|0|0|0|0|0|0|0|0|0|0|0|0|0|0|0|0|0|0|519|19|500|448|307|130|9|0|0|2|52|49|22|10|8|0|5|2|0|2|0|0|0|0|0|0|0|3|3|0|0|0|0|0|0|0|0|0|0|0|0|0|0|0|0|0|0|0|0|0|0|0|0|0|0|0|0|0|0|0|0|0|0|0|0|0|0|0|0|0|0|0|0
DHCST|NY|000|05|0214382|43|43|43|0|0|43|35|5|0|0|0|1|2|43|42|1|43|42|35|5|0|0|0|0|2|1|0|0|0|0|0|1|0|45|36|6|1|0|0|2|45|44|36|6|1|0|0|1|1|0|0|0|0|0|1|43|41|35|5|0|0|0|1|2|2|0|1|0|0|0|0|0|0|1|0|0|0|0|0|0|0|0|0|0|0|0|0|0|0|0|0|0|0|0|0|0|0|0|0|0|0|0|0|0|0|0|0|0|0|0|0|0|0|0|0|0|0|0|0|0|0|0|0|0|0|0|43|1|42|40|35|5|0|0|0|0|2|2|0|1|0|0|0|0|0|0|1|0|0|0|0|0|0|0|0|0|0|0|0|0|0|0|0|0|0|0|0|0|0|0|0|0|0|0|0|0|0|0|0|0|0|0|0|0|0|0|0|0|0|0|0|0|0|0|0|0|0|0|0
DHCST|NY|000|05|0214383|38|38|38|0|0|38|20|12|4|0|0|2|0|38|36|2|38|36|20|12|4|0|0|0|0|2|0|0|0|0|0|2|0|38|20|12|4|0|0|2|38|36|20|12|4|0|0|0|2|0|0|0|0|0|2|38|38|20|12|4|0|0|2|0|0|0|0|0|0|0|0|0|0|0|0|0|0|0|0|0|0|0|0|0|0|0|0|0|0|0|0|0|0|0|0|0|0|0|0|0|0|0|0|0|0|0|0|0|0|0|0|0|0|0|0|0|0|0|0|0|0|0|0|0|0|0|38|2|36|36|20|12|4|0|0|0|0|0|0|0|0|0|0|0|0|0|0|0|0|0|0|0|0|0|0|0|0|0|0|0|0|0|0|0|0|0|0|0|0|0|0|0|0|0|0|0|0|0|0|0|0|0|0|0|0|0|0|0|0|0|0|0|0|0|0|0|0|0|0
DHCST|NY|000|05|0214384|40|40|40|0|0|40|21|17|0|0|0|0|2|40|40|0|40|40|21|17|0|0|0|0|2|0|0|0|0|0|0|0|0|42|22|18|1|0|0|1|42|42|22|18|1|0|0|1|0|0|0|0|0|0|0|40|38|21|17|0|0|0|0|2|2|0|1|0|0|0|0|0|0|1|0|0|0|0|0|0|0|0|0|0|0|0|0|0|0|0|0|0|0|0|0|0|0|0|0|0|0|0|0|0|0|0|0|0|0|0|0|0|0|0|0|0|0|0|0|0|0|0|0|0|0|0|40|0|40|38|21|17|0|0|0|0|2|2|0|1|0|0|0|0|0|0|1|0|0|0|0|0|0|0|0|0|0|0|0|0|0|0|0|0|0|0|0|0|0|0|0|0|0|0|0|0|0|0|0|0|0|0|0|0|0|0|0|0|0|0|0|0|0|0|0|0|0|0|0
DHCST|NY|000|05|0214385|125|125|125|0|0|125|70|34|2|2|0|2|15|125|120|5|125|120|70|34|2|2|0|0|12|5|0|0|0|0|0|2|3|142|81|39|5|6|2|9|142|132|80|38|5|5|0|4|10|1|1|0|1|2|5|125|110|70|34|2|2|0|2|15|14|2|2|2|0|4|1|1|0|0|0|0|0|0|0|2|0|0|0|0|0|0|0|0|0|0|0|0|0|0|0|0|0|0|0|0|0|1|0|0|0|0|1|0|0|0|0|0|0|0|0|0|0|0|0|0|0|0|0|0|0|0|125|5|120|108|70|34|2|2|0|0|12|12|2|2|2|0|4|1|1|0|0|0|0|0|0|0|0|0|0|0|0|0|0|0|0|0|0|0|0|0|0|0|0|0|0|0|0|0|0|0|0|0|0|0|0|0|0|0|0|0|0|0|0|0|0|0|0|0|0|0|0|0|0
DHCST|NY|000|05|0214386|30|30|30|0|0|30|23|3|0|0|0|0|4|30|25|5|30|25|22|3|0|0|0|0|0|5|1|0|0|0|0|0|4|34|27|7|0|0|0|0|34|25|22|3|0|0|0|0|9|5|4|0|0|0|0|30|26|23|3|0|0|0|0|4|4|4|0|0|0|0|0|0|0|0|0|0|0|0|0|0|0|0|0|0|0|0|0|0|0|0|0|0|0|0|0|0|0|0|0|0|0|0|0|0|0|0|0|0|0|0|0|0|0|0|0|0|0|0|0|0|0|0|0|0|0|0|30|5|25|25|22|3|0|0|0|0|0|0|0|0|0|0|0|0|0|0|0|0|0|0|0|0|0|0|0|0|0|0|0|0|0|0|0|0|0|0|0|0|0|0|0|0|0|0|0|0|0|0|0|0|0|0|0|0|0|0|0|0|0|0|0|0|0|0|0|0|0|0|0
DHCST|NY|000|05|0214387|24|24|24|0|0|24|15|4|0|0|0|0|5|24|21|3|24|21|15|4|0|0|0|0|2|3|0|0|0|0|0|0|3|31|20|9|1|1|0|0|31|23|17|6|0|0|0|0|8|3|3|1|1|0|0|24|19|15|4|0|0|0|0|5|4|4|0|0|0|0|0|0|0|0|0|0|0|0|0|0|0|0|0|0|0|0|0|0|0|0|0|0|0|0|0|0|0|0|0|0|0|1|1|0|0|0|0|0|0|0|0|0|0|0|0|0|0|0|0|0|0|0|0|0|0|0|24|3|21|19|15|4|0|0|0|0|2|2|2|0|0|0|0|0|0|0|0|0|0|0|0|0|0|0|0|0|0|0|0|0|0|0|0|0|0|0|0|0|0|0|0|0|0|0|0|0|0|0|0|0|0|0|0|0|0|0|0|0|0|0|0|0|0|0|0|0|0|0|0
DHCST|NY|000|05|0214388|0|0|0|0|0|0|0|0|0|0|0|0|0|0|0|0|0|0|0|0|0|0|0|0|0|0|0|0|0|0|0|0|0|0|0|0|0|0|0|0|0|0|0|0|0|0|0|0|0|0|0|0|0|0|0|0|0|0|0|0|0|0|0|0|0|0|0|0|0|0|0|0|0|0|0|0|0|0|0|0|0|0|0|0|0|0|0|0|0|0|0|0|0|0|0|0|0|0|0|0|0|0|0|0|0|0|0|0|0|0|0|0|0|0|0|0|0|0|0|0|0|0|0|0|0|0|0|0|0|0|0|0|0|0|0|0|0|0|0|0|0|0|0|0|0|0|0|0|0|0|0|0|0|0|0|0|0|0|0|0|0|0|0|0|0|0|0|0|0|0|0|0|0|0|0|0|0|0|0|0|0|0|0|0|0|0|0|0|0|0|0|0|0|0|0|0|0|0|0
DHCST|NY|000|05|0217241|2|2|2|0|0|2|1|0|0|1|0|0|0|2|2|0|2|2|1|0|0|1|0|0|0|0|0|0|0|0|0|0|0|2|1|0|0|1|0|0|2|2|1|0|0|1|0|0|0|0|0|0|0|0|0|2|2|1|0|0|1|0|0|0|0|0|0|0|0|0|0|0|0|0|0|0|0|0|0|0|0|0|0|0|0|0|0|0|0|0|0|0|0|0|0|0|0|0|0|0|0|0|0|0|0|0|0|0|0|0|0|0|0|0|0|0|0|0|0|0|0|0|0|0|0|0|2|0|2|2|1|0|0|1|0|0|0|0|0|0|0|0|0|0|0|0|0|0|0|0|0|0|0|0|0|0|0|0|0|0|0|0|0|0|0|0|0|0|0|0|0|0|0|0|0|0|0|0|0|0|0|0|0|0|0|0|0|0|0|0|0|0|0|0|0|0|0|0|0
DHCST|NY|000|05|0217242|0|0|0|0|0|0|0|0|0|0|0|0|0|0|0|0|0|0|0|0|0|0|0|0|0|0|0|0|0|0|0|0|0|0|0|0|0|0|0|0|0|0|0|0|0|0|0|0|0|0|0|0|0|0|0|0|0|0|0|0|0|0|0|0|0|0|0|0|0|0|0|0|0|0|0|0|0|0|0|0|0|0|0|0|0|0|0|0|0|0|0|0|0|0|0|0|0|0|0|0|0|0|0|0|0|0|0|0|0|0|0|0|0|0|0|0|0|0|0|0|0|0|0|0|0|0|0|0|0|0|0|0|0|0|0|0|0|0|0|0|0|0|0|0|0|0|0|0|0|0|0|0|0|0|0|0|0|0|0|0|0|0|0|0|0|0|0|0|0|0|0|0|0|0|0|0|0|0|0|0|0|0|0|0|0|0|0|0|0|0|0|0|0|0|0|0|0|0|0
DHCST|NY|000|05|0217248|0|0|0|0|0|0|0|0|0|0|0|0|0|0|0|0|0|0|0|0|0|0|0|0|0|0|0|0|0|0|0|0|0|0|0|0|0|0|0|0|0|0|0|0|0|0|0|0|0|0|0|0|0|0|0|0|0|0|0|0|0|0|0|0|0|0|0|0|0|0|0|0|0|0|0|0|0|0|0|0|0|0|0|0|0|0|0|0|0|0|0|0|0|0|0|0|0|0|0|0|0|0|0|0|0|0|0|0|0|0|0|0|0|0|0|0|0|0|0|0|0|0|0|0|0|0|0|0|0|0|0|0|0|0|0|0|0|0|0|0|0|0|0|0|0|0|0|0|0|0|0|0|0|0|0|0|0|0|0|0|0|0|0|0|0|0|0|0|0|0|0|0|0|0|0|0|0|0|0|0|0|0|0|0|0|0|0|0|0|0|0|0|0|0|0|0|0|0|0
DHCST|NY|000|05|0217249|0|0|0|0|0|0|0|0|0|0|0|0|0|0|0|0|0|0|0|0|0|0|0|0|0|0|0|0|0|0|0|0|0|0|0|0|0|0|0|0|0|0|0|0|0|0|0|0|0|0|0|0|0|0|0|0|0|0|0|0|0|0|0|0|0|0|0|0|0|0|0|0|0|0|0|0|0|0|0|0|0|0|0|0|0|0|0|0|0|0|0|0|0|0|0|0|0|0|0|0|0|0|0|0|0|0|0|0|0|0|0|0|0|0|0|0|0|0|0|0|0|0|0|0|0|0|0|0|0|0|0|0|0|0|0|0|0|0|0|0|0|0|0|0|0|0|0|0|0|0|0|0|0|0|0|0|0|0|0|0|0|0|0|0|0|0|0|0|0|0|0|0|0|0|0|0|0|0|0|0|0|0|0|0|0|0|0|0|0|0|0|0|0|0|0|0|0|0|0
DHCST|NY|000|05|0217250|0|0|0|0|0|0|0|0|0|0|0|0|0|0|0|0|0|0|0|0|0|0|0|0|0|0|0|0|0|0|0|0|0|0|0|0|0|0|0|0|0|0|0|0|0|0|0|0|0|0|0|0|0|0|0|0|0|0|0|0|0|0|0|0|0|0|0|0|0|0|0|0|0|0|0|0|0|0|0|0|0|0|0|0|0|0|0|0|0|0|0|0|0|0|0|0|0|0|0|0|0|0|0|0|0|0|0|0|0|0|0|0|0|0|0|0|0|0|0|0|0|0|0|0|0|0|0|0|0|0|0|0|0|0|0|0|0|0|0|0|0|0|0|0|0|0|0|0|0|0|0|0|0|0|0|0|0|0|0|0|0|0|0|0|0|0|0|0|0|0|0|0|0|0|0|0|0|0|0|0|0|0|0|0|0|0|0|0|0|0|0|0|0|0|0|0|0|0|0
DHCST|NY|000|05|0217280|2|2|2|0|0|2|2|0|0|0|0|0|0|2|2|0|2|2|2|0|0|0|0|0|0|0|0|0|0|0|0|0|0|2|2|0|0|0|0|0|2|2|2|0|0|0|0|0|0|0|0|0|0|0|0|2|2|2|0|0|0|0|0|0|0|0|0|0|0|0|0|0|0|0|0|0|0|0|0|0|0|0|0|0|0|0|0|0|0|0|0|0|0|0|0|0|0|0|0|0|0|0|0|0|0|0|0|0|0|0|0|0|0|0|0|0|0|0|0|0|0|0|0|0|0|0|2|0|2|2|2|0|0|0|0|0|0|0|0|0|0|0|0|0|0|0|0|0|0|0|0|0|0|0|0|0|0|0|0|0|0|0|0|0|0|0|0|0|0|0|0|0|0|0|0|0|0|0|0|0|0|0|0|0|0|0|0|0|0|0|0|0|0|0|0|0|0|0|0
DHCST|NY|000|05|0217281|0|0|0|0|0|0|0|0|0|0|0|0|0|0|0|0|0|0|0|0|0|0|0|0|0|0|0|0|0|0|0|0|0|0|0|0|0|0|0|0|0|0|0|0|0|0|0|0|0|0|0|0|0|0|0|0|0|0|0|0|0|0|0|0|0|0|0|0|0|0|0|0|0|0|0|0|0|0|0|0|0|0|0|0|0|0|0|0|0|0|0|0|0|0|0|0|0|0|0|0|0|0|0|0|0|0|0|0|0|0|0|0|0|0|0|0|0|0|0|0|0|0|0|0|0|0|0|0|0|0|0|0|0|0|0|0|0|0|0|0|0|0|0|0|0|0|0|0|0|0|0|0|0|0|0|0|0|0|0|0|0|0|0|0|0|0|0|0|0|0|0|0|0|0|0|0|0|0|0|0|0|0|0|0|0|0|0|0|0|0|0|0|0|0|0|0|0|0|0
DHCST|NY|000|05|0217311|0|0|0|0|0|0|0|0|0|0|0|0|0|0|0|0|0|0|0|0|0|0|0|0|0|0|0|0|0|0|0|0|0|0|0|0|0|0|0|0|0|0|0|0|0|0|0|0|0|0|0|0|0|0|0|0|0|0|0|0|0|0|0|0|0|0|0|0|0|0|0|0|0|0|0|0|0|0|0|0|0|0|0|0|0|0|0|0|0|0|0|0|0|0|0|0|0|0|0|0|0|0|0|0|0|0|0|0|0|0|0|0|0|0|0|0|0|0|0|0|0|0|0|0|0|0|0|0|0|0|0|0|0|0|0|0|0|0|0|0|0|0|0|0|0|0|0|0|0|0|0|0|0|0|0|0|0|0|0|0|0|0|0|0|0|0|0|0|0|0|0|0|0|0|0|0|0|0|0|0|0|0|0|0|0|0|0|0|0|0|0|0|0|0|0|0|0|0|0
DHCST|NY|000|05|0217312|0|0|0|0|0|0|0|0|0|0|0|0|0|0|0|0|0|0|0|0|0|0|0|0|0|0|0|0|0|0|0|0|0|0|0|0|0|0|0|0|0|0|0|0|0|0|0|0|0|0|0|0|0|0|0|0|0|0|0|0|0|0|0|0|0|0|0|0|0|0|0|0|0|0|0|0|0|0|0|0|0|0|0|0|0|0|0|0|0|0|0|0|0|0|0|0|0|0|0|0|0|0|0|0|0|0|0|0|0|0|0|0|0|0|0|0|0|0|0|0|0|0|0|0|0|0|0|0|0|0|0|0|0|0|0|0|0|0|0|0|0|0|0|0|0|0|0|0|0|0|0|0|0|0|0|0|0|0|0|0|0|0|0|0|0|0|0|0|0|0|0|0|0|0|0|0|0|0|0|0|0|0|0|0|0|0|0|0|0|0|0|0|0|0|0|0|0|0|0
DHCST|NY|000|05|0384889|148620|148620|148607|13|0|148620|71175|45588|1408|10403|67|6574|13405|148620|132995|15625|148620|132995|68206|43568|1170|10346|57|897|8751|15625|2969|2020|238|57|10|5677|4654|163321|82659|52574|4282|11726|326|11754|163321|142561|76003|49003|3566|11554|253|2182|20760|6656|3571|716|172|73|9572|148620|135215|71175|45588|1408|10403|67|6574|13405|12237|4322|1518|843|55|3609|496|137|37|1013|24|8|50|22|57|46|1052|558|77|26|185|25|8|81|30|32|1|0|1|12|4|10|2|0|0|0|0|104|22|2|52|1|17|0|2|3|0|4|0|0|0|0|1|12|7|3|0|1|0|1|0|0|148620|15625|132995|124244|68206|43568|1170|10346|57|897|8751|8001|3945|1387|817|45|866|447|125|37|230|16|6|14|18|40|8|694|437|72|26|52|18|8|14|30|24|1|0|1|5|3|3|0|0|0|0|0|47|18|0|14|1|10|0|2|1|0|1|0|0|0|0|0|9|7|0|0|1|0|1|0|0
