geoid,P1_001N,P3_001N,P3_002N,P3_003N,P3_004N,P3_005N,P3_006N,P3_007N,P3_008N,P4_001N,P4_002N,P4_003N,P12_001N,P12_002N,P12_003N,P12_004N,P12_005N,P12_006N,P12_007N,P12_008N,P12_009N,P12_010N,P12_011N,P12_012N,P12_013N,P12_014N,P12_015N,P12_016N,P12_017N,P12_018N,P12_019N,P12_020N,P12_021N,P12_022N,P12_023N,P12_024N,P12_025N,P12_026N,P12_027N,P12_028N,P12_029N,P12_030N,P12_031N,P12_032N,P12_033N,P12_034N,P12_035N,P12_036N,P12_037N,P12_038N,P12_039N,P12_040N,P12_041N,P12_042N,P12_043N,P12_044N,P12_045N,P12_046N,P12_047N,P12_048N,P12_049N
360670001001000,0,0,0,0,0,0,0,0,0,0,0,0,0,0,0,0,0,0,0,0,0,0,0,0,0,0,0,0,0,0,0,0,0,0,0,0,0,0,0,0,0,0,0,0,0,0,0,0,0,0,0,0,0,0,0,0,0,0,0,0,0
360670001001001,0,0,0,0,0,0,0,0,0,0,0,0,0,0,0,0,0,0,0,0,0,0,0,0,0,0,0,0,0,0,0,0,0,0,0,0,0,0,0,0,0,0,0,0,0,0,0,0,0,0,0,0,0,0,0,0,0,0,0,0,0
360670001001002,0,0,0,0,0,0,0,0,0,0,0,0,0,0,0,0,0,0,0,0,0,0,0,0,0,0,0,0,0,0,0,0,0,0,0,0,0,0,0,0,0,0,0,0,0,0,0,0,0,0,0,0,0,0,0,0,0,0,0,0,0
360670001001003,11,11,3,2,1,0,0,1,4,11,7,4,11,4,0,0,0,2,0,0,0,1,0,0,0,0,1,0,0,0,0,0,0,0,0,0,0,7,2,0,0,0,0,0,0,2,0,1,0,1,0,0,0,0,0,0,0,0,1,0,0
360670001001004,0,0,0,0,0,0,0,0,0,0,0,0,0,0,0,0,0,0,0,0,0,0,0,0,0,0,0,0,0,0,0,0,0,0,0,0,0,0,0,0,0,0,0,0,0,0,0,0,0,0,0,0,0,0,0,0,0,0,0,0,0
360670001001005,0,0,0,0,0,0,0,0,0,0,0,0,0,0,0,0,0,0,0,0,0,0,0,0,0,0,0,0,0,0,0,0,0,0,0,0,0,0,0,0,0,0,0,0,0,0,0,0,0,0,0,0,0,0,0,0,0,0,0,0,0
360670001001006,0,0,0,0,0,0,0,0,0,0,0,0,0,0,0,0,0,0,0,0,0,0,0,0,0,0,0,0,0,0,0,0,0,0,0,0,0,0,0,0,0,0,0,0,0,0,0,0,0,0,0,0,0,0,0,0,0,0,0,0,0
360670001001007,50,50,37,6,0,5,0,0,2,50,47,3,50,22,1,0,1,0,0,0,0,2,6,0,1,0,0,0,2,7,2,0,0,0,0,0,0,28,0,1,0,0,0,0,0,0,13,8,0,0,0,0,0,0,0,0,5,0,1,0,0
360670001001008,0,0,0,0,0,0,0,0,0,0,0,0,0,0,0,0,0,0,0,0,0,0,0,0,0,0,0,0,0,0,0,0,0,0,0,0,0,0,0,0,0,0,0,0,0,0,0,0,0,0,0,0,0,0,0,0,0,0,0,0,0
360670001001009,0,0,0,0,0,0,0,0,0,0,0,0,0,0,0,0,0,0,0,0,0,0,0,0,0,0,0,0,0,0,0,0,0,0,0,0,0,0,0,0,0,0,0,0,0,0,0,0,0,0,0,0,0,0,0,0,0,0,0,0,0
360670001001010,0,0,0,0,0,0,0,0,0,0,0,0,0,0,0,0,0,0,0,0,0,0,0,0,0,0,0,0,0,0,0,0,0,0,0,0,0,0,0,0,0,0,0,0,0,0,0,0,0,0,0,0,0,0,0,0,0,0,0,0,0
360670001001011,0,0,0,0,0,0,0,0,0,0,0,0,0,0,0,0,0,0,0,0,0,0,0,0,0,0,0,0,0,0,0,0,0,0,0,0,0,0,0,0,0,0,0,0,0,0,0,0,0,0,0,0,0,0,0,0,0,0,0,0,0
360670001001012,0,0,0,0,0,0,0,0,0,0,0,0,0,0,0,0,0,0,0,0,0,0,0,0,0,0,0,0,0,0,0,0,0,0,0,0,0,0,0,0,0,0,0,0,0,0,0,0,0,0,0,0,0,0,0,0,0,0,0,0,0
360670001001013,0,0,0,0,0,0,0,0,0,0,0,0,0,0,0,0,0,0,0,0,0,0,0,0,0,0,0,0,0,0,0,0,0,0,0,0,0,0,0,0,0,0,0,0,0,0,0,0,0,0,0,0,0,0,0,0,0,0,0,0,0
360670001001014,0,0,0,0,0,0,0,0,0,0,0,0,0,0,0,0,0,0,0,0,0,0,0,0,0,0,0,0,0,0,0,0,0,0,0,0,0,0,0,0,0,0,0,0,0,0,0,0,0,0,0,0,0,0,0,0,0,0,0,0,0
360670001001015,0,0,0,0,0,0,0,0,0,0,0,0,0,0,0,0,0,0,0,0,0,0,0,0,0,0,0,0,0,0,0,0,0,0,0,0,0,0,0,0,0,0,0,0,0,0,0,0,0,0,0,0,0,0,0,0,0,0,0,0,0
360670001001016,0,0,0,0,0,0,0,0,0,0,0,0,0,0,0,0,0,0,0,0,0,0,0,0,0,0,0,0,0,0,0,0,0,0,0,0,0,0,0,0,0,0,0,0,0,0,0,0,0,0,0,0,0,0,0,0,0,0,0,0,0
360670001001017,0,0,0,0,0,0,0,0,0,0,0,0,0,0,0,0,0,0,0,0,0,0,0,0,0,0,0,0,0,0,0,0,0,0,0,0,0,0,0,0,0,0,0,0,0,0,0,0,0,0,0,0,0,0,0,0,0,0,0,0,0
360670001001018,0,0,0,0,0,0,0,0,0,0,0,0,0,0,0,0,0,0,0,0,0,0,0,0,0,0,0,0,0,0,0,0,0,0,0,0,0,0,0,0,0,0,0,0,0,0,0,0,0,0,0,0,0,0,0,0,0,0,0,0,0
360670001001019,0,0,0,0,0,0,0,0,0,0,0,0,0,0,0,0,0,0,0,0,0,0,0,0,0,0,0,0,0,0,0,0,0,0,0,0,0,0,0,0,0,0,0,0,0,0,0,0,0,0,0,0,0,0,0,0,0,0,0,0,0
360670001001020,0,0,0,0,0,0,0,0,0,0,0,0,0,0,0,0,0,0,0,0,0,0,0,0,0,0,0,0,0,0,0,0,0,0,0,0,0,0,0,0,0,0,0,0,0,0,0,0,0,0,0,0,0,0,0,0,0,0,0,0,0
360670001001021,0,0,0,0,0,0,0,0,0,0,0,0,0,0,0,0,0,0,0,0,0,0,0,0,0,0,0,0,0,0,0,0,0,0,0,0,0,0,0,0,0,0,0,0,0,0,0,0,0,0,0,0,0,0,0,0,0,0,0,0,0
360670001001022,0,0,0,0,0,0,0,0,0,0,0,0,0,0,0,0,0,0,0,0,0,0,0,0,0,0,0,0,0,0,0,0,0,0,0,0,0,0,0,0,0,0,0,0,0,0,0,0,0,0,0,0,0,0,0,0,0,0,0,0,0
360670001001023,0,0,0,0,0,0,0,0,0,0,0,0,0,0,0,0,0,0,0,0,0,0,0,0,0,0,0,0,0,0,0,0,0,0,0,0,0,0,0,0,0,0,0,0,0,0,0,0,0,0,0,0,0,0,0,0,0,0,0,0,0
360670001001024,0,0,0,0,0,0,0,0,0,0,0,0,0,0,0,0,0,0,0,0,0,0,0,0,0,0,0,0,0,0,0,0,0,0,0,0,0,0,0,0,0,0,0,0,0,0,0,0,0,0,0,0,0,0,0,0,0,0,0,0,0
360670001001025,0,0,0,0,0,0,0,0,0,0,0,0,0,0,0,0,0,0,0,0,0,0,0,0,0,0,0,0,0,0,0,0,0,0,0,0,0,0,0,0,0,0,0,0,0,0,0,0,0,0,0,0,0,0,0,0,0,0,0,0,0
360670001001026,0,0,0,0,0,0,0,0,0,0,0,0,0,0,0,0,0,0,0,0,0,0,0,0,0,0,0,0,0,0,0,0,0,0,0,0,0,0,0,0,0,0,0,0,0,0,0,0,0,0,0,0,0,0,0,0,0,0,0,0,0
360670001001027,0,0,0,0,0,0,0,0,0,0,0,0,0,0,0,0,0,0,0,0,0,0,0,0,0,0,0,0,0,0,0,0,0,0,0,0,0,0,0,0,0,0,0,0,0,0,0,0,0,0,0,0,0,0,0,0,0,0,0,0,0
360670001001028,0,0,0,0,0,0,0,0,0,0,0,0,0,0,0,0,0,0,0,0,0,0,0,0,0,0,0,0,0,0,0,0,0,0,0,0,0,0,0,0,0,0,0,0,0,0,0,0,0,0,0,0,0,0,0,0,0,0,0,0,0
360670001001029,0,0,0,0,0,0,0,0,0,0,0,0,0,0,0,0,0,0,0,0,0,0,0,0,0,0,0,0,0,0,0,0,0,0,0,0,0,0,0,0,0,0,0,0,0,0,0,0,0,0,0,0,0,0,0,0,0,0,0,0,0
360670001001030,0,0,0,0,0,0,0,0,0,0,0,0,0,0,0,0,0,0,0,0,0,0,0,0,0,0,0,0,0,0,0,0,0,0,0,0,0,0,0,0,0,0,0,0,0,0,0,0,0,0,0,0,0,0,0,0,0,0,0,0,0
360670001001031,0,0,0,0,0,0,0,0,0,0,0,0,0,0,0,0,0,0,0,0,0,0,0,0,0,0,0,0,0,0,0,0,0,0,0,0,0,0,0,0,0,0,0,0,0,0,0,0,0,0,0,0,0,0,0,0,0,0,0,0,0
360670001001032,0,0,0,0,0,0,0,0,0,0,0,0,0,0,0,0,0,0,0,0,0,0,0,0,0,0,0,0,0,0,0,0,0,0,0,0,0,0,0,0,0,0,0,0,0,0,0,0,0,0,0,0,0,0,0,0,0,0,0,0,0
360670001001033,0,0,0,0,0,0,0,0,0,0,0,0,0,0,0,0,0,0,0,0,0,0,0,0,0,0,0,0,0,0,0,0,0,0,0,0,0,0,0,0,0,0,0,0,0,0,0,0,0,0,0,0,0,0,0,0,0,0,0,0,0
360670001001034,0,0,0,0,0,0,0,0,0,0,0,0,0,0,0,0,0,0,0,0,0,0,0,0,0,0,0,0,0,0,0,0,0,0,0,0,0,0,0,0,0,0,0,0,0,0,0,0,0,0,0,0,0,0,0,0,0,0,0,0,0
360670001001035,0,0,0,0,0,0,0,0,0,0,0,0,0,0,0,0,0,0,0,0,0,0,0,0,0,0,0,0,0,0,0,0,0,0,0,0,0,0,0,0,0,0,0,0,0,0,0,0,0,0,0,0,0,0,0,0,0,0,0,0,0
360670001001036,0,0,0,0,0,0,0,0,0,0,0,0,0,0,0,0,0,0,0,0,0,0,0,0,0,0,0,0,0,0,0,0,0,0,0,0,0,0,0,0,0,0,0,0,0,0,0,0,0,0,0,0,0,0,0,0,0,0,0,0,0
360670001001037,0,0,0,0,0,0,0,0,0,0,0,0,0,0,0,0,0,0,0,0,0,0,0,0,0,0,0,0,0,0,0,0,0,0,0,0,0,0,0,0,0,0,0,0,0,0,0,0,0,0,0,0,0,0,0,0,0,0,0,0,0
360670001001038,39,39,23,10,0,4,0,0,2,39,38,1,39,25,0,1,0,0,0,0,2,0,7,3,4,0,0,2,1,3,2,0,0,0,0,0,0,14,4,0,3,1,0,0,0,0,0,0,4,2,0,0,0,0,0,0,0,0,0,0,0
360670001001039,20,20,13,0,0,0,0,1,6,20,17,3,20,10,1,0,0,0,0,0,0,5,0,0,1,0,1,2,0,0,0,0,0,0,0,0,0,10,4,0,1,2,1,0,0,0,1,0,0,0,0,0,0,0,1,0,0,0,0,0,0
360670001001040,29,29,26,1,2,0,0,0,0,29,29,0,29,28,1,5,0,1,0,0,0,0,3,0,4,0,0,1,0,0,0,0,0,13,0,0,0,1,0,0,1,0,0,0,0,0,0,0,0,0,0,0,0,0,0,0,0,0,0,0,0
360670001001041,0,0,0,0,0,0,0,0,0,0,0,0,0,0,0,0,0,0,0,0,0,0,0,0,0,0,0,0,0,0,0,0,0,0,0,0,0,0,0,0,0,0,0,0,0,0,0,0,0,0,0,0,0,0,0,0,0,0,0,0,0
360670001001042,0,0,0,0,0,0,0,0,0,0,0,0,0,0,0,0,0,0,0,0,0,0,0,0,0,0,0,0,0,0,0,0,0,0,0,0,0,0,0,0,0,0,0,0,0,0,0,0,0,0,0,0,0,0,0,0,0,0,0,0,0
360670001001043,0,0,0,0,0,0,0,0,0,0,0,0,0,0,0,0,0,0,0,0,0,0,0,0,0,0,0,0,0,0,0,0,0,0,0,0,0,0,0,0,0,0,0,0,0,0,0,0,0,0,0,0,0,0,0,0,0,0,0,0,0
360670001001044,0,0,0,0,0,0,0,0,0,0,0,0,0,0,0,0,0,0,0,0,0,0,0,0,0,0,0,0,0,0,0,0,0,0,0,0,0,0,0,0,0,0,0,0,0,0,0,0,0,0,0,0,0,0,0,0,0,0,0,0,0
360670001001045,0,0,0,0,0,0,0,0,0,0,0,0,0,0,0,0,0,0,0,0,0,0,0,0,0,0,0,0,0,0,0,0,0,0,0,0,0,0,0,0,0,0,0,0,0,0,0,0,0,0,0,0,0,0,0,0,0,0,0,0,0
360670001001046,0,0,0,0,0,0,0,0,0,0,0,0,0,0,0,0,0,0,0,0,0,0,0,0,0,0,0,0,0,0,0,0,0,0,0,0,0,0,0,0,0,0,0,0,0,0,0,0,0,0,0,0,0,0,0,0,0,0,0,0,0
360670001001047,0,0,0,0,0,0,0,0,0,0,0,0,0,0,0,0,0,0,0,0,0,0,0,0,0,0,0,0,0,0,0,0,0,0,0,0,0,0,0,0,0,0,0,0,0,0,0,0,0,0,0,0,0,0,0,0,0,0,0,0,0
360670001001048,0,0,0,0,0,0,0,0,0,0,0,0,0,0,0,0,0,0,0,0,0,0,0,0,0,0,0,0,0,0,0,0,0,0,0,0,0,0,0,0,0,0,0,0,0,0,0,0,0,0,0,0,0,0,0,0,0,0,0,0,0
360670001001049,78,78,68,1,1,6,0,1,1,78,76,2,78,20,1,0,0,0,0,0,0,0,11,6,0,0,0,0,0,0,2,0,0,0,0,0,0,58,0,0,0,1,0,0,0,12,0,30,1,1,0,2,0,0,4,0,0,0,0,5,2
360670001001050,4,4,3,0,0,0,0,0,1,4,3,1,4,0,0,0,0,0,0,0,0,0,0,0,0,0,0,0,0,0,0,0,0,0,0,0,0,4,0,0,0,0,0,0,0,0,1,3,0,0,0,0,0,0,0,0,0,0,0,0,0
360670001001051,0,0,0,0,0,0,0,0,0,0,0,0,0,0,0,0,0,0,0,0,0,0,0,0,0,0,0,0,0,0,0,0,0,0,0,0,0,0,0,0,0,0,0,0,0,0,0,0,0,0,0,0,0,0,0,0,0,0,0,0,0
360670001001052,199,199,157,18,0,11,0,5,8,199,183,16,199,105,0,0,0,0,1,1,2,15,36,29,3,1,4,0,3,0,1,8,1,0,0,0,0,94,0,1,0,0,1,0,2,1,35,14,3,6,0,4,8,4,10,0,1,1,0,0,3
360670001001053,51,51,47,0,0,0,0,0,4,51,51,0,51,17,0,0,1,0,0,0,0,0,12,1,2,0,0,0,0,0,1,0,0,0,0,0,0,34,0,2,0,0,0,0,0,0,24,0,3,0,0,4,0,1,0,0,0,0,0,0,0
360670001001054,0,0,0,0,0,0,0,0,0,0,0,0,0,0,0,0,0,0,0,0,0,0,0,0,0,0,0,0,0,0,0,0,0,0,0,0,0,0,0,0,0,0,0,0,0,0,0,0,0,0,0,0,0,0,0,0,0,0,0,0,0
360670001001055,0,0,0,0,0,0,0,0,0,0,0,0,0,0,0,0,0,0,0,0,0,0,0,0,0,0,0,0,0,0,0,0,0,0,0,0,0,0,0,0,0,0,0,0,0,0,0,0,0,0,0,0,0,0,0,0,0,0,0,0,0
360670001001056,0,0,0,0,0,0,0,0,0,0,0,0,0,0,0,0,0,0,0,0,0,0,0,0,0,0,0,0,0,0,0,0,0,0,0,0,0,0,0,0,0,0,0,0,0,0,0,0,0,0,0,0,0,0,0,0,0,0,0,0,0
360670001001057,138,138,109,11,0,8,0,3,7,138,137,1,138,78,0,0,0,0,0,0,2,10,25,22,8,0,8,1,0,0,1,1,0,0,0,0,0,60,0,1,0,0,0,1,0,6,11,18,7,2,3,0,10,0,1,0,0,0,0,0,0
360670001001058,26,26,14,2,0,0,0,3,7,26,23,3,26,14,4,1,0,2,0,0,0,0,0,5,0,0,0,0,0,0,0,0,0,0,2,0,0,12,0,0,0,0,0,0,1,0,2,3,1,3,0,0,0,2,0,0,0,0,0,0,0
360670001001059,0,0,0,0,0,0,0,0,0,0,0,0,0,0,0,0,0,0,0,0,0,0,0,0,0,0,0,0,0,0,0,0,0,0,0,0,0,0,0,0,0,0,0,0,0,0,0,0,0,0,0,0,0,0,0,0,0,0,0,0,0
360670001001060,0,0,0,0,0,0,0,0,0,0,0,0,0,0,0,0,0,0,0,0,0,0,0,0,0,0,0,0,0,0,0,0,0,0,0,0,0,0,0,0,0,0,0,0,0,0,0,0,0,0,0,0,0,0,0,0,0,0,0,0,0
360670001001061,0,0,0,0,0,0,0,0,0,0,0,0,0,0,0,0,0,0,0,0,0,0,0,0,0,0,0,0,0,0,0,0,0,0,0,0,0,0,0,0,0,0,0,0,0,0,0,0,0,0,0,0,0,0,0,0,0,0,0,0,0
360670001001062,0,0,0,0,0,0,0,0,0,0,0,0,0,0,0,0,0,0,0,0,0,0,0,0,0,0,0,0,0,0,0,0,0,0,0,0,0,0,0,0,0,0,0,0,0,0,0,0,0,0,0,0,0,0,0,0,0,0,0,0,0
360670001001063,0,0,0,0,0,0,0,0,0,0,0,0,0,0,0,0,0,0,0,0,0,0,0,0,0,0,0,0,0,0,0,0,0,0,0,0,0,0,0,0,0,0,0,0,0,0,0,0,0,0,0,0,0,0,0,0,0,0,0,0,0
360670001001064,0,0,0,0,0,0,0,0,0,0,0,0,0,0,0,0,0,0,0,0,0,0,0,0,0,0,0,0,0,0,0,0,0,0,0,0,0,0,0,0,0,0,0,0,0,0,0,0,0,0,0,0,0,0,0,0,0,0,0,0,0
360670001001065,42,42,19,16,2,4,0,0,1,42,40,2,42,22,1,0,0,2,0,0,0,0,9,2,1,0,0,0,0,0,0,1,3,0,1,0,2,20,2,3,0,0,0,0,0,0,5,1,2,1,1,0,0,0,0,0,2,0,2,0,1
360670001001066,13,13,11,0,0,2,0,0,0,13,12,1,13,9,0,3,2,0,0,0,0,0,0,0,0,0,0,1,0,0,0,0,0,0,3,0,0,4,1,0,0,0,0,0,0,1,0,1,1,0,0,0,0,0,0,0,0,0,0,0,0
360670001001067,0,0,0,0,0,0,0,0,0,0,0,0,0,0,0,0,0,0,0,0,0,0,0,0,0,0,0,0,0,0,0,0,0,0,0,0,0,0,0,0,0,0,0,0,0,0,0,0,0,0,0,0,0,0,0,0,0,0,0,0,0
360670001001068,0,0,0,0,0,0,0,0,0,0,0,0,0,0,0,0,0,0,0,0,0,0,0,0,0,0,0,0,0,0,0,0,0,0,0,0,0,0,0,0,0,0,0,0,0,0,0,0,0,0,0,0,0,0,0,0,0,0,0,0,0
360670001001069,0,0,0,0,0,0,0,0,0,0,0,0,0,0,0,0,0,0,0,0,0,0,0,0,0,0,0,0,0,0,0,0,0,0,0,0,0,0,0,0,0,0,0,0,0,0,0,0,0,0,0,0,0,0,0,0,0,0,0,0,0
360670001001070,0,0,0,0,0,0,0,0,0,0,0,0,0,0,0,0,0,0,0,0,0,0,0,0,0,0,0,0,0,0,0,0,0,0,0,0,0,0,0,0,0,0,0,0,0,0,0,0,0,0,0,0,0,0,0,0,0,0,0,0,0
360670001001071,0,0,0,0,0,0,0,0,0,0,0,0,0,0,0,0,0,0,0,0,0,0,0,0,0,0,0,0,0,0,0,0,0,0,0,0,0,0,0,0,0,0,0,0,0,0,0,0,0,0,0,0,0,0,0,0,0,0,0,0,0
360670001001072,0,0,0,0,0,0,0,0,0,0,0,0,0,0,0,0,0,0,0,0,0,0,0,0,0,0,0,0,0,0,0,0,0,0,0,0,0,0,0,0,0,0,0,0,0,0,0,0,0,0,0,0,0,0,0,0,0,0,0,0,0
360670001001073,0,0,0,0,0,0,0,0,0,0,0,0,0,0,0,0,0,0,0,0,0,0,0,0,0,0,0,0,0,0,0,0,0,0,0,0,0,0,0,0,0,0,0,0,0,0,0,0,0,0,0,0,0,0,0,0,0,0,0,0,0
360670001001074,0,0,0,0,0,0,0,0,0,0,0,0,0,0,0,0,0,0,0,0,0,0,0,0,0,0,0,0,0,0,0,0,0,0,0,0,0,0,0,0,0,0,0,0,0,0,0,0,0,0,0,0,0,0,0,0,0,0,0,0,0
360670001001075,0,0,0,0,0,0,0,0,0,0,0,0,0,0,0,0,0,0,0,0,0,0,0,0,0,0,0,0,0,0,0,0,0,0,0,0,0,0,0,0,0,0,0,0,0,0,0,0,0,0,0,0,0,0,0,0,0,0,0,0,0
360670001001076,0,0,0,0,0,0,0,0,0,0,0,0,0,0,0,0,0,0,0,0,0,0,0,0,0,0,0,0,0,0,0,0,0,0,0,0,0,0,0,0,0,0,0,0,0,0,0,0,0,0,0,0,0,0,0,0,0,0,0,0,0
360670001001077,0,0,0,0,0,0,0,0,0,0,0,0,0,0,0,0,0,0,0,0,0,0,0,0,0,0,0,0,0,0,0,0,0,0,0,0,0,0,0,0,0,0,0,0,0,0,0,0,0,0,0,0,0,0,0,0,0,0,0,0,0
360670001001078,0,0,0,0,0,0,0,0,0,0,0,0,0,0,0,0,0,0,0,0,0,0,0,0,0,0,0,0,0,0,0,0,0,0,0,0,0,0,0,0,0,0,0,0,0,0,0,0,0,0,0,0,0,0,0,0,0,0,0,0,0
360670001001079,0,0,0,0,0,0,0,0,0,0,0,0,0,0,0,0,0,0,0,0,0,0,0,0,0,0,0,0,0,0,0,0,0,0,0,0,0,0,0,0,0,0,0,0,0,0,0,0,0,0,0,0,0,0,0,0,0,0,0,0,0
360670001001080,0,0,0,0,0,0,0,0,0,0,0,0,0,0,0,0,0,0,0,0,0,0,0,0,0,0,0,0,0,0,0,0,0,0,0,0,0,0,0,0,0,0,0,0,0,0,0,0,0,0,0,0,0,0,0,0,0,0,0,0,0
360670001001081,0,0,0,0,0,0,0,0,0,0,0,0,0,0,0,0,0,0,0,0,0,0,0,0,0,0,0,0,0,0,0,0,0,0,0,0,0,0,0,0,0,0,0,0,0,0,0,0,0,0,0,0,0,0,0,0,0,0,0,0,0
360670001001082,205,205,178,12,0,13,0,0,2,205,201,4,205,87,0,0,0,0,1,0,1,1,27,7,9,15,3,16,5,0,0,0,0,0,2,0,0,118,0,0,2,0,0,0,4,23,42,9,10,1,0,0,0,7,0,0,0,11,1,8,0
360670001001083,110,110,103,1,0,0,2,3,1,110,107,3,110,65,0,2,1,0,0,1,1,9,15,1,14,2,2,1,6,0,3,0,0,4,3,0,0,45,1,3,0,0,0,1,0,17,0,9,0,3,2,8,0,0,0,0,0,0,0,1,0
360670001001084,34,34,21,7,0,0,0,0,6,34,28,6,34,13,0,0,0,1,0,0,0,0,6,6,0,0,0,0,0,0,0,0,0,0,0,0,0,21,0,1,0,0,0,2,0,2,3,5,0,0,1,0,1,0,0,2,2,0,0,0,2
360670001001085,0,0,0,0,0,0,0,0,0,0,0,0,0,0,0,0,0,0,0,0,0,0,0,0,0,0,0,0,0,0,0,0,0,0,0,0,0,0,0,0,0,0,0,0,0,0,0,0,0,0,0,0,0,0,0,0,0,0,0,0,0
360670001001086,0,0,0,0,0,0,0,0,0,0,0,0,0,0,0,0,0,0,0,0,0,0,0,0,0,0,0,0,0,0,0,0,0,0,0,0,0,0,0,0,0,0,0,0,0,0,0,0,0,0,0,0,0,0,0,0,0,0,0,0,0
360670002001000,31,31,8,11,0,5,0,0,7,31,29,2,31,18,0,4,2,8,0,0,1,0,0,0,0,0,0,0,0,0,0,1,0,2,0,0,0,13,0,0,0,0,5,0,0,0,2,0,0,3,3,0,0,0,0,0,0,0,0,0,0
360670002001001,0,0,0,0,0,0,0,0,0,0,0,0,0,0,0,0,0,0,0,0,0,0,0,0,0,0,0,0,0,0,0,0,0,0,0,0,0,0,0,0,0,0,0,0,0,0,0,0,0,0,0,0,0,0,0,0,0,0,0,0,0
360670002001002,54,54,29,8,7,0,0,5,5,54,50,4,54,35,3,0,0,0,2,0,1,4,2,0,0,4,0,2,13,3,0,0,0,1,0,0,0,19,0,0,0,0,0,0,0,0,2,1,2,0,0,0,1,0,0,0,2,6,0,1,4
360670002001003,62,62,32,21,0,1,0,0,8,62,61,1,62,33,1,2,4,4,0,0,0,0,0,5,0,0,0,0,2,0,12,0,0,1,0,2,0,29,0,1,1,1,0,0,0,0,5,4,2,0,0,8,0,4,2,0,0,1,0,0,0
360670002001004,0,0,0,0,0,0,0,0,0,0,0,0,0,0,0,0,0,0,0,0,0,0,0,0,0,0,0,0,0,0,0,0,0,0,0,0,0,0,0,0,0,0,0,0,0,0,0,0,0,0,0,0,0,0,0,0,0,0,0,0,0
360670002001005,52,52,32,6,0,5,0,3,6,52,44,8,52,26,0,4,0,3,0,0,0,2,1,0,3,0,2,3,1,0,0,3,0,2,1,0,1,26,2,1,4,1,2,0,0,0,0,6,0,4,3,1,1,0,1,0,0,0,0,0,0
360670002001006,27,27,15,2,0,2,0,5,3,27,23,4,27,19,3,0,0,1,1,0,0,0,6,1,0,1,0,0,2,0,0,0,1,0,3,0,0,8,0,0,0,0,0,0,0,1,0,2,0,1,0,1,3,0,0,0,0,0,0,0,0
360670002001007,0,0,0,0,0,0,0,0,0,0,0,0,0,0,0,0,0,0,0,0,0,0,0,0,0,0,0,0,0,0,0,0,0,0,0,0,0,0,0,0,0,0,0,0,0,0,0,0,0,0,0,0,0,0,0,0,0,0,0,0,0
360670002001008,30,30,19,2,0,5,0,1,3,30,27,3,30,20,4,1,6,1,0,0,0,0,0,0,3,5,0,0,0,0,0,0,0,0,0,0,0,10,0,0,0,0,0,0,0,2,0,0,0,0,0,0,0,0,0,0,4,0,3,0,1
360670002001009,46,46,32,0,5,0,0,6,3,46,39,7,46,23,1,1,0,2,2,0,0,0,1,2,5,2,2,3,0,0,0,0,0,1,0,0,1,23,4,0,0,1,7,0,0,0,3,0,4,2,0,0,0,0,0,2,0,0,0,0,0
360670002001010,90,90,55,10,0,12,0,6,7,90,85,5,90,11,0,2,0,0,0,2,0,1,4,2,0,0,0,0,0,0,0,0,0,0,0,0,0,79,2,0,4,0,0,0,2,7,4,0,25,8,9,1,1,0,0,1,5,2,8,0,0
360670002001011,17,17,6,5,0,0,0,1,5,17,11,6,17,13,1,0,0,0,0,1,0,0,5,3,0,0,0,0,1,1,0,0,0,0,0,0,1,4,0,0,0,0,0,0,0,0,1,0,1,0,0,0,0,0,0,0,1,0,1,0,0
360670002001012,87,87,29,6,1,45,0,3,3,87,76,11,87,43,3,1,0,1,1,2,4,5,0,1,14,7,2,1,0,1,0,0,0,0,0,0,0,44,6,3,7,3,2,0,0,2,1,6,5,1,1,0,6,0,0,0,0,1,0,0,0
360670002001013,59,59,19,4,0,24,0,2,10,59,54,5,59,35,0,7,0,1,1,0,0,0,5,7,0,3,0,0,5,3,0,0,2,1,0,0,0,24,4,6,3,0,0,0,0,0,1,3,1,0,0,5,0,0,0,0,0,0,0,0,1
360670002001014,39,39,16,7,0,6,0,9,1,39,30,9,39,20,2,4,1,5,1,0,0,0,0,1,0,0,0,0,0,0,0,2,0,2,0,0,2,19,2,2,2,0,0,0,0,0,0,8,0,0,2,1,0,0,0,0,2,0,0,0,0
360670002001015,92,92,51,15,0,13,0,2,11,92,88,4,92,47,2,3,1,4,0,2,0,0,4,4,1,5,1,9,0,0,2,3,5,1,0,0,0,45,3,1,9,1,0,0,0,0,0,0,1,2,2,10,2,0,5,1,0,6,0,2,0
360670002001016,112,112,59,40,4,2,0,0,7,112,102,10,112,44,8,0,4,2,2,0,0,0,6,1,2,1,0,4,5,0,0,0,8,1,0,0,0,68,9,2,6,5,0,0,0,1,2,21,1,0,6,1,9,1,0,0,1,1,1,0,1
360670002001017,151,151,48,47,4,45,0,1,6,151,139,12,151,86,9,4,22,1,0,3,3,0,1,0,1,3,1,21,10,0,0,2,0,2,3,0,0,65,3,12,9,3,0,1,1,1,9,6,2,4,2,8,1,1,0,0,0,0,1,1,0
360670002001018,51,51,38,3,0,1,0,4,5,51,39,12,51,34,9,2,2,2,0,0,2,1,3,4,1,1,1,1,0,0,4,0,0,1,0,0,0,17,0,5,1,0,0,0,0,0,2,1,2,3,0,0,1,0,2,0,0,0,0,0,0
360670002001019,67,67,31,31,0,1,0,0,4,67,65,2,67,45,2,6,4,0,0,2,0,1,10,0,0,4,4,1,0,11,0,0,0,0,0,0,0,22,2,0,0,0,0,0,0,0,3,0,1,5,2,9,0,0,0,0,0,0,0,0,0
360670002001020,42,42,37,1,0,3,0,0,1,42,41,1,42,13,2,4,0,0,0,0,0,0,0,0,0,0,4,3,0,0,0,0,0,0,0,0,0,29,1,1,1,0,0,4,0,3,0,0,0,7,1,0,5,1,0,1,1,0,3,0,0
360670002001021,45,45,23,20,0,0,0,0,2,45,45,0,45,24,1,0,1,0,0,0,0,0,0,2,0,0,3,4,2,0,0,3,0,6,1,0,1,21,0,4,1,2,0,0,0,0,1,5,0,1,5,2,0,0,0,0,0,0,0,0,0
360670002001022,80,80,53,22,1,0,0,2,2,80,73,7,80,37,5,0,1,0,4,0,0,0,2,0,0,3,9,5,0,0,0,0,6,0,0,2,0,43,6,6,4,0,1,0,4,3,2,1,0,4,1,0,8,0,1,2,0,0,0,0,0
360670002001023,80,80,25,41,0,7,0,0,7,80,80,0,80,32,0,20,7,0,0,0,0,0,1,0,1,2,0,1,0,0,0,0,0,0,0,0,0,48,2,3,3,0,1,3,0,0,6,0,5,1,0,3,11,6,4,0,0,0,0,0,0
360670002001024,0,0,0,0,0,0,0,0,0,0,0,0,0,0,0,0,0,0,0,0,0,0,0,0,0,0,0,0,0,0,0,0,0,0,0,0,0,0,0,0,0,0,0,0,0,0,0,0,0,0,0,0,0,0,0,0,0,0,0,0,0
360670002001025,50,50,26,2,3,8,0,0,11,50,44,6,50,22,3,3,4,0,0,0,0,1,1,3,0,0,3,2,0,0,0,0,0,0,2,0,0,28,2,5,3,0,0,0,0,0,7,1,3,0,2,0,5,0,0,0,0,0,0,0,0
360670002001026,85,85,37,10,0,21,0,13,4,85,69,16,85,33,1,12,0,3,0,1,0,0,1,4,0,0,0,1,6,0,2,0,0,0,1,0,1,52,0,6,2,0,0,1,3,10,7,1,0,0,0,7,8,0,0,0,0,1,1,0,5
360670002001027,86,86,36,15,1,22,1,2,9,86,78,8,86,32,0,1,1,0,0,0,0,6,8,7,0,2,4,0,0,0,2,0,1,0,0,0,0,54,2,3,3,0,2,0,0,6,0,3,3,3,7,1,0,3,0,4,0,0,9,0,5
360670002001028,59,59,32,8,0,16,0,0,3,59,56,3,59,20,1,0,3,1,1,0,0,0,0,1,0,1,0,1,4,0,2,5,0,0,0,0,0,39,6,2,4,0,0,0,0,0,6,2,5,5,2,1,4,0,0,0,0,0,0,1,1
360670002001029,0,0,0,0,0,0,0,0,0,0,0,0,0,0,0,0,0,0,0,0,0,0,0,0,0,0,0,0,0,0,0,0,0,0,0,0,0,0,0,0,0,0,0,0,0,0,0,0,0,0,0,0,0,0,0,0,0,0,0,0,0
360670002001030,55,55,36,9,0,7,0,3,0,55,47,8,55,32,1,0,0,0,6,0,0,0,2,0,1,0,2,7,10,0,0,0,0,0,2,0,1,23,0,1,0,0,0,0,1,5,3,0,0,0,2,1,0,0,2,4,4,0,0,0,0
360670002001031,91,91,49,26,4,1,0,0,11,91,82,9,91,44,2,2,1,4,0,3,3,6,5,4,6,1,0,1,2,0,0,1,3,0,0,0,0,47,11,8,1,2,2,0,0,2,0,3,1,4,9,1,1,0,0,2,0,0,0,0,0
360670002001032,116,116,40,43,0,9,0,11,13,116,101,15,116,70,6,4,7,1,3,0,0,1,5,3,15,4,12,8,0,1,0,0,0,0,0,0,0,46,5,3,4,1,0,0,0,1,3,2,9,3,1,5,0,0,0,0,6,0,1,2,0
360670002001033,65,65,32,17,2,0,0,5,9,65,59,6,65,27,0,7,0,1,0,0,0,1,6,5,0,1,1,2,2,0,0,0,0,0,0,0,1,38,0,1,1,0,4,0,1,1,2,5,1,2,1,1,0,5,4,0,1,4,4,0,0
360670002002000,98,98,62,19,0,2,0,12,3,98,84,14,98,35,1,0,7,0,0,0,0,0,1,8,0,0,0,11,2,0,0,0,0,0,1,0,4,63,1,9,1,0,4,0,0,3,18,8,5,2,1,4,1,3,0,0,0,0,2,1,0
360670002002001,81,81,42,9,4,5,0,6,15,81,74,7,81,27,0,1,2,0,0,0,0,0,5,0,0,9,3,0,0,2,0,2,3,0,0,0,0,54,11,0,3,5,1,0,1,0,15,1,0,10,2,3,0,0,1,0,0,1,0,0,0
360670002002002,136,136,40,41,2,44,0,2,7,136,134,2,136,51,5,0,3,8,0,0,0,1,12,3,3,2,9,5,0,0,0,0,0,0,0,0,0,85,3,1,13,0,5,0,1,9,11,5,5,7,10,4,0,3,8,0,0,0,0,0,0
360670002002003,145,145,86,33,0,4,0,6,16,145,137,8,145,91,1,3,17,12,3,0,0,2,20,1,4,8,14,2,2,1,0,0,0,0,0,0,1,54,0,1,1,0,12,0,0,0,2,1,12,0,6,12,0,0,0,0,0,6,1,0,0
360670002002004,92,92,26,44,1,18,0,0,3,92,88,4,92,45,5,5,1,0,6,0,0,1,0,10,0,0,0,0,7,0,10,0,0,0,0,0,0,47,1,9,10,0,0,1,1,5,7,0,0,5,2,0,2,0,4,0,0,0,0,0,0
360670002002005,40,40,20,7,4,5,0,0,4,40,40,0,40,24,2,1,2,0,0,0,0,0,1,3,6,1,0,0,5,2,0,1,0,0,0,0,0,16,3,0,0,0,0,0,1,0,0,0,0,0,3,1,8,0,0,0,0,0,0,0,0
360670002002006,84,84,43,29,0,6,0,0,6,84,80,4,84,46,3,2,3,3,2,0,0,0,3,1,2,7,0,2,5,3,4,0,0,4,0,0,2,38,8,1,3,6,0,0,0,3,5,3,3,0,1,1,0,0,3,0,0,0,0,0,1
360670002002007,129,129,66,45,6,2,0,0,10,129,123,6,129,51,0,2,7,0,0,3,0,9,16,2,1,0,0,10,1,0,0,0,0,0,0,0,0,78,3,9,5,16,0,0,0,1,1,10,1,2,7,5,0,3,3,0,0,5,4,3,0
360670002002008,139,139,81,45,3,2,0,0,8,139,135,4,139,74,12,11,0,0,0,7,1,6,4,1,0,0,1,0,2,0,0,7,8,5,6,3,0,65,11,9,1,3,0,1,1,1,0,2,0,6,0,5,2,0,6,0,6,8,1,0,2
360670002002009,79,79,44,8,0,16,0,0,11,79,66,13,79,38,1,4,0,5,0,0,0,1,0,4,1,0,1,2,5,0,10,0,0,0,3,0,1,41,0,12,2,3,0,0,0,2,2,6,9,0,4,1,0,0,0,0,0,0,0,0,0
360670002002010,23,23,10,5,1,2,0,0,5,23,19,4,23,11,2,0,2,1,0,0,0,0,0,0,5,1,0,0,0,0,0,0,0,0,0,0,0,12,0,0,0,0,1,0,0,2,1,0,0,0,4,0,4,0,0,0,0,0,0,0,0
360670002002011,39,39,9,18,0,5,0,0,7,39,38,1,39,20,0,1,2,2,0,0,0,1,0,2,0,0,2,0,0,0,1,2,0,0,6,0,1,19,4,1,0,7,0,0,0,0,4,1,0,2,0,0,0,0,0,0,0,0,0,0,0
360670002002012,25,25,10,12,0,2,0,0,1,25,23,2,25,17,8,0,2,1,0,0,0,0,2,3,0,0,0,1,0,0,0,0,0,0,0,0,0,8,1,0,0,0,0,0,0,0,0,0,1,0,0,0,0,0,0,3,1,0,2,0,0
360670002002013,42,42,13,14,2,5,0,2,6,42,38,4,42,16,3,3,2,2,0,2,0,0,0,0,4,0,0,0,0,0,0,0,0,0,0,0,0,26,0,1,0,1,0,3,0,5,0,0,1,4,7,0,1,0,0,0,2,0,0,0,1
360670002002014,62,62,32,22,2,0,0,4,2,62,54,8,62,36,1,1,1,0,0,0,0,0,7,2,0,4,0,11,0,9,0,0,0,0,0,0,0,26,12,0,0,0,0,0,0,0,6,0,1,3,1,1,0,1,0,0,0,0,0,0,1
360670002002015,154,154,65,60,0,8,0,3,18,154,146,8,154,86,10,14,15,1,2,0,0,5,2,3,9,5,8,6,0,0,0,3,0,3,0,0,0,68,8,10,15,0,2,1,4,0,0,0,7,0,0,1,1,0,2,0,1,8,0,4,4
360670002002016,53,53,22,8,3,9,0,3,8,53,46,7,53,27,4,2,4,0,1,4,3,2,2,1,0,0,0,1,1,0,0,0,0,0,0,2,0,26,2,2,0,0,0,1,2,3,3,0,4,0,0,1,4,4,0,0,0,0,0,0,0
360670002002017,52,52,29,7,4,3,0,4,5,52,44,8,52,30,1,1,0,0,0,4,1,4,1,3,0,1,2,0,4,1,0,0,0,6,0,0,1,22,1,0,2,0,0,0,0,0,0,4,2,4,5,1,1,0,2,0,0,0,0,0,0
360670002002018,105,105,34,28,5,17,0,5,16,105,86,19,105,56,8,5,10,0,1,0,0,0,3,0,13,2,2,0,1,0,0,2,8,0,0,0,1,49,6,4,8,0,1,0,0,1,1,10,0,5,3,3,2,2,0,0,3,0,0,0,0
360670002002019,80,80,14,44,1,18,0,0,3,80,80,0,80,38,7,0,2,1,0,0,2,2,5,6,5,2,0,0,0,0,0,1,0,3,0,0,2,42,1,6,6,4,0,0,0,2,0,5,4,4,0,2,7,0,0,0,1,0,0,0,0
360670002002020,0,0,0,0,0,0,0,0,0,0,0,0,0,0,0,0,0,0,0,0,0,0,0,0,0,0,0,0,0,0,0,0,0,0,0,0,0,0,0,0,0,0,0,0,0,0,0,0,0,0,0,0,0,0,0,0,0,0,0,0,0
360670002002021,30,30,13,9,0,0,0,4,4,30,22,8,30,16,1,6,2,0,1,0,0,0,1,0,0,2,0,0,0,0,0,3,0,0,0,0,0,14,0,0,0,0,0,0,0,0,3,0,0,1,3,3,4,0,0,0,0,0,0,0,0
360670002002022,15,15,7,2,0,3,0,0,3,15,11,4,15,9,0,0,0,1,2,0,0,0,2,0,0,0,0,0,0,0,0,0,1,0,0,0,3,6,0,0,0,0,0,1,0,0,1,0,1,0,0,0,1,0,0,0,0,0,1,0,1
360670002002023,0,0,0,0,0,0,0,0,0,0,0,0,0,0,0,0,0,0,0,0,0,0,0,0,0,0,0,0,0,0,0,0,0,0,0,0,0,0,0,0,0,0,0,0,0,0,0,0,0,0,0,0,0,0,0,0,0,0,0,0,0
360670002002024,18,18,7,4,2,0,0,1,4,18,16,2,18,5,3,0,0,2,0,0,0,0,0,0,0,0,0,0,0,0,0,0,0,0,0,0,0,13,2,0,2,0,3,1,0,0,0,2,0,1,0,1,0,0,0,0,0,1,0,0,0
360670003001000,33,33,25,0,0,1,0,0,7,33,25,8,33,16,0,1,0,0,0,0,0,0,1,0,2,1,4,3,4,0,0,0,0,0,0,0,0,17,0,0,1,0,1,0,0,0,0,0,0,0,0,0,0,0,1,0,0,6,0,0,8
360670003001001,40,40,35,2,0,3,0,0,0,40,39,1,40,22,2,1,0,0,0,2,1,0,1,2,6,3,0,1,0,0,0,0,0,2,0,1,0,18,1,0,0,0,0,0,0,0,0,0,3,0,0,0,1,0,9,0,0,0,0,4,0
360670003001002,56,56,26,18,0,1,0,0,11,56,53,3,56,20,0,1,1,1,0,0,0,0,0,0,5,0,0,1,6,0,0,0,3,0,0,2,0,36,3,2,5,1,0,0,0,1,0,3,2,6,0,0,5,2,0,6,0,0,0,0,0
360670003001003,53,53,46,2,0,4,0,0,1,53,51,2,53,46,1,3,4,6,0,0,0,0,5,5,1,0,0,3,12,1,0,2,3,0,0,0,0,7,3,0,0,0,0,0,0,0,0,0,0,0,3,1,0,0,0,0,0,0,0,0,0
360670003001004,52,52,39,5,1,1,0,2,4,52,47,5,52,10,0,2,0,0,0,0,0,0,0,1,0,3,2,0,0,0,0,0,0,2,0,0,0,42,0,1,0,0,4,2,0,0,2,3,0,0,5,6,1,3,0,0,10,1,4,0,0
360670003001005,65,65,43,18,0,1,0,1,2,65,60,5,65,29,0,3,4,1,5,2,1,1,4,0,2,1,0,5,0,0,0,0,0,0,0,0,0,36,0,3,5,2,0,0,0,0,7,5,0,1,0,3,6,0,0,0,0,2,0,1,1
360670003001006,54,54,35,0,0,11,0,1,7,54,52,2,54,23,2,1,8,2,0,0,0,0,3,0,0,1,1,3,0,0,1,0,1,0,0,0,0,31,4,0,3,2,0,0,0,0,1,0,1,7,7,0,0,3,2,1,0,0,0,0,0
360670003001007,62,62,36,10,2,5,0,3,6,62,59,3,62,28,1,1,1,0,3,0,0,0,1,7,0,5,1,1,1,0,2,0,3,0,0,0,1,34,1,2,1,0,8,0,1,1,1,0,5,1,2,0,0,0,3,1,1,5,0,1,0
360670003001008,68,68,46,2,1,8,0,1,10,68,63,5,68,37,3,0,0,2,3,0,0,0,2,7,3,4,0,3,3,1,1,1,0,3,1,0,0,31,1,1,1,2,0,0,0,1,1,2,1,1,1,0,5,0,0,0,3,4,5,1,1
360670003001009,91,91,50,5,0,26,0,0,10,91,83,8,91,49,6,2,3,1,0,2,0,2,8,0,4,0,2,4,0,1,1,5,0,4,4,0,0,42,6,4,0,0,0,0,0,0,5,0,4,3,1,3,0,1,4,0,0,7,0,2,2
360670003001010,88,88,63,22,1,1,0,0,1,88,85,3,88,35,3,4,4,0,1,0,3,5,0,8,3,0,2,0,2,0,0,0,0,0,0,0,0,53,2,0,4,1,0,0,0,0,9,1,15,1,1,8,1,2,0,4,0,0,0,2,2
360670003001011,109,109,55,24,0,15,0,0,15,109,105,4,109,58,7,2,2,0,1,0,0,0,0,0,8,4,14,4,0,2,6,0,0,4,0,0,4,51,3,4,3,5,2,1,0,0,0,17,2,7,0,3,1,0,2,0,0,0,0,1,0
360670003002000,0,0,0,0,0,0,0,0,0,0,0,0,0,0,0,0,0,0,0,0,0,0,0,0,0,0,0,0,0,0,0,0,0,0,0,0,0,0,0,0,0,0,0,0,0,0,0,0,0,0,0,0,0,0,0,0,0,0,0,0,0
360670003002001,59,59,41,0,5,6,0,2,5,59,45,14,59,26,1,0,3,0,0,0,3,0,1,5,0,0,0,7,0,5,1,0,0,0,0,0,0,33,2,2,2,0,0,1,1,1,3,3,3,0,3,7,1,0,0,0,1,0,3,0,0
360670003002002,204,204,130,40,1,16,0,4,13,204,193,11,204,102,3,3,3,3,0,1,0,4,13,5,10,7,3,10,10,6,7,0,6,6,0,2,0,102,1,3,2,0,0,3,0,0,9,2,2,5,3,12,7,5,19,6,3,10,5,2,3
360670003002003,120,120,87,19,0,5,0,1,8,120,113,7,120,56,5,5,0,0,1,0,0,0,5,4,2,6,0,1,4,0,5,3,2,0,9,2,2,64,1,9,5,3,2,0,1,1,1,14,5,6,0,0,6,0,2,1,2,0,0,2,3
360670003002004,88,88,41,26,0,8,0,3,10,88,81,7,88,42,4,2,2,1,3,1,0,0,4,0,4,8,1,3,3,0,5,0,1,0,0,0,0,46,3,2,5,0,0,0,1,3,2,7,1,3,0,0,6,0,2,0,0,4,0,3,4
360670003002005,35,35,22,8,0,4,0,0,1,35,34,1,35,17,3,0,4,2,0,0,0,0,0,0,5,0,0,2,0,0,1,0,0,0,0,0,0,18,6,1,1,0,0,0,0,0,0,1,0,0,0,0,0,3,4,0,0,0,2,0,0
360670003002006,66,66,41,0,0,6,1,5,13,66,58,8,66,38,2,0,0,0,0,1,6,2,2,1,8,0,0,3,2,0,0,3,0,1,5,2,0,28,2,1,0,1,2,0,0,4,4,2,0,0,2,0,1,0,1,2,3,3,0,0,0
360670003002007,180,180,26,67,3,65,0,15,4,180,161,19,180,97,7,17,12,1,6,0,1,1,8,19,2,12,1,4,1,2,2,0,0,0,0,1,0,83,9,8,1,8,2,1,0,3,5,9,5,8,9,5,5,2,1,0,0,2,0,0,0
360670003002008,42,42,16,5,0,21,0,0,0,42,42,0,42,17,3,1,2,2,1,0,0,2,0,0,1,0,0,0,0,0,0,0,1,0,0,4,0,25,6,3,1,0,1,0,0,1,0,0,3,4,0,0,2,0,1,1,0,0,0,0,2
360670004001000,91,91,65,11,0,13,0,0,2,91,88,3,91,49,0,11,2,0,0,0,1,0,0,0,0,0,1,7,15,6,0,4,0,0,0,0,2,42,0,3,3,0,0,0,0,0,0,9,0,0,4,2,7,0,0,3,0,2,7,2,0
360670004001001,38,38,37,0,0,0,0,1,0,38,38,0,38,16,0,0,0,0,0,1,0,0,0,0,4,0,0,3,0,0,0,3,3,1,0,1,0,22,0,0,3,5,0,0,0,0,5,0,6,0,0,0,0,0,0,0,0,0,0,2,1
360670004001002,44,44,26,9,0,2,0,0,7,44,42,2,44,9,1,0,0,0,0,2,0,0,2,0,0,2,0,0,0,0,0,0,0,1,0,0,1,35,1,1,1,1,0,0,0,0,8,16,0,4,0,0,2,0,0,0,1,0,0,0,0
360670004001003,49,49,34,4,0,7,0,1,3,49,46,3,49,24,5,1,0,0,0,0,0,0,0,1,0,0,8,2,0,1,5,0,0,1,0,0,0,25,6,0,0,0,0,0,0,0,0,3,7,7,0,1,0,0,0,0,1,0,0,0,0
360670004001004,11,11,3,0,0,0,0,0,8,11,11,0,11,7,0,0,1,1,0,1,1,0,1,2,0,0,0,0,0,0,0,0,0,0,0,0,0,4,0,1,0,0,0,0,0,0,0,0,0,0,0,0,3,0,0,0,0,0,0,0,0
360670004001005,71,71,47,4,0,15,0,2,3,71,68,3,71,16,2,2,1,0,0,0,0,0,1,1,0,3,1,0,0,0,1,2,2,0,0,0,0,55,0,2,0,0,0,0,2,3,3,7,6,2,4,0,10,5,0,4,0,1,0,5,1
360670004001006,74,74,53,12,0,1,0,3,5,74,68,6,74,29,0,1,1,1,0,0,0,1,0,1,4,0,7,0,9,0,4,0,0,0,0,0,0,45,1,8,2,0,0,0,0,2,11,0,2,8,0,5,2,1,2,0,0,1,0,0,0
360670004001007,29,29,10,5,0,3,0,4,7,29,23,6,29,16,0,0,0,4,5,0,0,0,0,2,1,0,1,1,0,0,0,0,0,0,0,0,2,13,1,2,1,0,0,0,0,0,3,2,0,0,0,0,1,0,0,0,1,2,0,0,0
360670004001008,67,67,47,6,0,4,1,0,9,67,62,5,67,33,0,2,0,0,1,4,0,7,6,4,1,0,0,0,4,1,0,1,0,0,0,2,0,34,1,1,1,0,0,0,0,1,3,1,9,2,3,1,0,0,1,0,0,0,5,0,5
360670004001009,58,58,47,2,1,5,0,0,3,58,56,2,58,27,0,0,1,0,0,0,1,0,2,12,2,0,1,0,2,0,0,0,0,6,0,0,0,31,0,2,2,1,1,3,0,1,12,2,1,0,0,0,1,0,0,0,2,1,0,0,2
360670004001010,40,40,28,4,0,1,0,5,2,40,32,8,40,21,1,0,0,1,0,0,0,0,0,0,0,0,0,8,2,0,0,1,5,2,1,0,0,19,0,0,0,2,0,0,0,0,0,0,3,1,1,0,1,0,0,0,1,0,0,6,4
360670004001011,30,30,20,1,0,2,0,0,7,30,23,7,30,16,0,0,0,1,1,0,0,0,10,1,0,0,0,0,0,0,0,0,1,0,0,1,1,14,2,0,0,0,0,1,0,2,0,1,0,0,0,0,3,0,0,0,5,0,0,0,0
360670004001012,172,172,121,29,0,16,0,5,1,172,166,6,172,99,5,2,6,5,1,0,0,0,13,18,4,3,0,7,4,2,5,0,0,0,7,7,10,73,3,4,3,1,0,0,3,1,3,1,7,10,9,0,11,5,4,5,3,0,0,0,0
360670004001013,48,48,29,5,0,0,0,6,8,48,38,10,48,29,0,2,0,0,0,0,2,0,0,0,1,4,3,2,2,3,2,0,0,6,2,0,0,19,0,0,1,0,2,0,5,5,0,1,0,0,0,0,2,2,1,0,0,0,0,0,0
360670004001014,106,106,55,26,0,20,0,0,5,106,104,2,106,65,1,9,9,1,3,0,4,0,2,4,13,12,0,0,0,0,2,1,0,0,2,1,1,41,2,2,5,0,1,0,0,0,2,0,0,0,7,1,4,1,3,2,4,5,0,0,2
360670004001015,70,70,59,3,0,2,0,4,2,70,67,3,70,28,0,2,0,0,0,0,0,0,0,3,0,5,0,0,9,0,0,0,3,3,0,2,1,42,6,0,1,0,0,0,0,0,0,0,1,0,0,7,8,4,0,3,6,4,1,0,1
360670004001016,56,56,42,6,3,2,0,2,1,56,54,2,56,29,2,1,4,1,0,0,0,0,8,0,0,1,0,0,1,6,0,0,0,5,0,0,0,27,1,0,0,0,4,0,0,1,3,3,2,5,0,0,0,0,8,0,0,0,0,0,0
360670004001017,112,112,72,31,1,2,0,1,5,112,109,3,112,48,1,11,3,0,0,1,0,2,1,4,3,3,4,2,1,0,4,0,0,6,0,0,2,64,3,0,4,5,0,0,0,0,0,3,9,0,12,16,2,0,3,4,0,1,0,1,1
360670004001018,86,86,68,9,0,0,0,4,5,86,82,4,86,29,0,1,0,0,5,2,1,2,2,3,0,3,0,8,2,0,0,0,0,0,0,0,0,57,1,10,1,7,0,0,0,0,3,1,4,3,0,1,6,6,2,0,1,0,9,1,1
360670004001019,104,104,71,20,0,0,0,6,7,104,93,11,104,46,3,0,2,1,1,0,0,0,0,0,10,3,2,4,4,0,8,0,7,0,0,0,1,58,3,3,1,0,1,0,0,1,6,0,8,1,11,5,2,5,4,0,0,3,1,1,2
360670004001020,139,139,83,26,2,9,0,0,19,139,126,13,139,63,9,3,3,2,1,0,0,0,1,4,6,11,2,1,3,9,0,1,0,2,3,0,2,76,6,3,4,0,1,6,1,0,2,12,8,12,2,3,1,0,2,3,0,2,6,1,1
360670004001021,107,107,83,16,0,5,0,0,3,107,102,5,107,47,1,9,1,3,6,0,0,5,2,2,1,0,1,9,0,0,2,0,0,5,0,0,0,60,4,2,0,4,2,1,0,5,0,4,3,6,0,7,11,4,5,0,0,0,0,2,0
360670004001022,120,120,62,23,0,13,0,5,17,120,109,11,120,53,0,7,1,3,3,2,3,1,3,6,7,0,5,0,0,0,0,2,10,0,0,0,0,67,8,6,4,5,0,1,2,6,4,2,2,7,1,0,3,1,1,3,5,0,4,1,1
360670004001023,87,87,68,7,0,4,0,2,6,87,85,2,87,48,3,6,3,0,1,0,1,4,2,10,0,0,2,5,0,6,0,2,1,0,1,1,0,39,3,0,1,0,0,1,0,0,2,5,9,1,2,4,1,1,1,0,4,2,1,0,1
360670004001024,70,70,53,5,0,3,0,0,9,70,65,5,70,34,6,2,5,1,0,0,0,0,0,3,0,0,4,2,0,0,0,1,0,4,6,0,0,36,1,0,2,0,0,0,0,3,0,0,1,3,5,1,7,1,3,3,0,0,0,5,1
360670004002000,87,87,58,16,4,3,0,1,5,87,84,3,87,53,0,1,11,1,0,0,0,0,11,2,17,2,1,1,0,0,5,0,0,1,0,0,0,34,3,4,2,0,0,1,0,0,0,0,15,0,0,2,2,0,0,3,2,0,0,0,0
360670004002001,87,87,51,21,0,0,0,9,6,87,77,10,87,39,5,0,4,1,2,1,2,4,1,3,0,0,2,9,0,1,0,1,0,0,2,0,1,48,3,5,1,4,2,0,0,2,4,10,2,10,1,0,0,3,1,0,0,0,0,0,0
360670004002002,108,108,71,1,1,24,0,0,11,108,103,5,108,54,0,6,10,2,0,0,0,0,3,1,8,0,3,1,5,1,0,6,0,4,0,4,0,54,1,5,2,6,0,0,0,0,6,0,0,3,10,11,2,0,5,0,0,1,1,0,1
360670004002003,127,127,72,20,3,15,0,4,13,127,121,6,127,69,2,6,6,1,2,0,0,3,2,21,0,7,9,0,7,1,2,0,0,0,0,0,0,58,2,1,4,2,1,0,0,0,0,0,10,5,0,0,10,0,0,1,5,9,4,0,4
360670004002004,112,112,34,47,2,16,0,3,10,112,109,3,112,36,3,1,1,2,0,0,0,0,5,0,3,16,0,2,2,0,0,0,0,0,1,0,0,76,6,5,11,2,1,0,1,5,3,10,5,0,1,10,3,7,5,1,0,0,0,0,0
360670004002005,117,117,56,22,1,30,0,3,5,117,114,3,117,63,3,1,5,0,2,0,0,0,1,6,0,4,4,11,13,3,0,1,0,5,2,2,0,54,1,1,5,3,5,0,0,5,7,4,1,0,9,0,0,1,1,1,0,5,1,0,4
360670004002006,68,68,20,15,0,24,0,0,9,68,62,6,68,35,5,3,4,2,0,0,0,1,7,2,1,3,1,1,0,1,3,0,0,0,0,1,0,33,2,4,0,1,0,0,0,0,6,3,0,0,0,1,0,2,8,0,0,3,1,0,2
360670004002007,71,71,47,17,0,5,0,0,2,71,68,3,71,31,3,1,4,0,0,0,1,0,1,3,1,0,3,3,1,4,1,0,1,1,0,1,2,40,1,2,2,1,0,0,2,4,2,4,0,0,3,1,0,3,0,0,4,3,3,0,5
360670004002008,32,32,23,1,0,0,0,7,1,32,26,6,32,9,0,0,0,0,0,1,1,1,0,2,1,0,1,0,0,0,0,0,0,2,0,0,0,23,0,0,0,0,2,0,0,0,2,0,5,0,0,0,0,1,0,4,1,3,4,1,0
360670004002009,78,78,40,20,3,4,0,5,6,78,67,11,78,32,1,4,2,0,6,0,0,0,1,0,1,1,1,1,4,3,3,1,0,0,0,0,3,46,5,1,4,1,1,0,0,2,6,0,3,3,6,11,1,0,0,0,2,0,0,0,0
360670004003000,47,47,26,1,0,15,0,2,3,47,45,2,47,19,0,0,0,2,0,3,0,9,0,2,0,0,0,1,0,0,0,0,2,0,0,0,0,28,0,0,1,0,1,0,2,4,1,4,0,0,0,0,1,1,0,2,3,2,4,2,0
360670004003001,56,56,35,12,0,6,0,0,3,56,55,1,56,26,2,2,2,0,0,0,0,0,3,0,0,3,2,6,0,0,0,1,0,3,1,0,1,30,2,1,0,0,1,0,0,3,3,4,3,2,0,0,2,3,0,1,0,1,1,1,2
360670004003002,127,127,73,38,0,3,0,0,13,127,121,6,127,61,8,5,7,3,0,0,0,0,1,17,0,4,6,4,2,1,0,3,0,0,0,0,0,66,8,8,3,4,0,2,0,0,0,2,6,6,1,0,2,4,0,3,9,0,0,8,0
360670004003003,42,42,23,4,0,4,0,5,6,42,34,8,42,35,1,2,0,1,1,0,1,0,1,3,0,2,10,3,0,1,0,1,7,1,0,0,0,7,1,1,2,0,0,0,0,0,0,0,0,2,0,1,0,0,0,0,0,0,0,0,0
360670004003004,213,213,147,31,0,30,0,2,3,213,211,2,213,96,13,8,6,6,3,0,6,2,3,0,0,8,2,8,7,1,1,0,5,12,1,2,2,117,4,4,6,0,4,0,0,0,17,5,3,3,13,19,10,2,6,0,8,4,0,0,9
360670004003005,140,140,84,26,0,13,0,9,8,140,123,17,140,52,4,1,2,0,2,0,0,0,8,0,0,8,0,2,17,3,3,0,0,0,1,1,0,88,16,1,5,2,1,1,0,1,3,3,6,15,1,2,5,4,0,0,2,13,7,0,0
360670004003006,99,99,71,10,1,5,0,4,8,99,87,12,99,35,2,0,0,0,2,0,1,0,3,0,5,9,6,0,0,0,0,0,0,0,6,0,1,64,5,14,1,0,0,0,1,1,0,10,3,1,19,1,1,1,0,0,1,0,0,1,4
360670004003007,0,0,0,0,0,0,0,0,0,0,0,0,0,0,0,0,0,0,0,0,0,0,0,0,0,0,0,0,0,0,0,0,0,0,0,0,0,0,0,0,0,0,0,0,0,0,0,0,0,0,0,0,0,0,0,0,0,0,0,0,0
360670004003008,230,230,133,25,5,43,1,6,17,230,209,21,230,124,4,5,10,3,1,3,0,2,3,11,19,7,4,13,9,0,5,4,5,6,1,7,2,106,4,12,5,7,8,0,0,0,6,19,3,5,5,3,9,5,7,2,0,2,3,0,1
360670005011000,187,187,69,59,0,53,0,0,6,187,184,3,187,97,12,11,5,5,0,0,2,10,4,10,9,0,6,3,2,13,4,0,0,0,0,0,1,90,8,11,5,1,0,1,5,6,5,0,14,2,0,12,13,4,0,3,0,0,0,0,0
360670005011001,0,0,0,0,0,0,0,0,0,0,0,0,0,0,0,0,0,0,0,0,0,0,0,0,0,0,0,0,0,0,0,0,0,0,0,0,0,0,0,0,0,0,0,0,0,0,0,0,0,0,0,0,0,0,0,0,0,0,0,0,0
360670005011002,25,25,10,9,0,0,0,1,5,25,22,3,25,5,0,1,0,0,0,0,0,0,4,0,0,0,0,0,0,0,0,0,0,0,0,0,0,20,2,1,0,2,1,3,0,0,6,0,3,0,0,2,0,0,0,0,0,0,0,0,0
360670005011003,0,0,0,0,0,0,0,0,0,0,0,0,0,0,0,0,0,0,0,0,0,0,0,0,0,0,0,0,0,0,0,0,0,0,0,0,0,0,0,0,0,0,0,0,0,0,0,0,0,0,0,0,0,0,0,0,0,0,0,0,0
360670005011004,18,18,4,9,0,1,0,2,2,18,18,0,18,13,2,2,0,0,0,0,0,0,4,4,0,0,0,0,0,0,0,0,1,0,0,0,0,5,0,0,0,0,0,0,0,0,0,2,1,1,1,0,0,0,0,0,0,0,0,0,0
360670005011005,109,109,75,16,2,2,0,9,5,109,92,17,109,48,5,0,6,2,1,0,0,0,0,12,0,4,0,7,5,0,6,0,0,0,0,0,0,61,7,10,4,3,2,0,1,3,3,0,2,0,6,0,9,1,6,0,3,0,1,0,0
360670005011006,42,42,0,15,2,19,0,3,3,42,39,3,42,14,2,0,1,0,0,1,0,6,0,0,3,0,0,1,0,0,0,0,0,0,0,0,0,28,8,3,0,2,0,2,0,1,3,0,0,2,5,2,0,0,0,0,0,0,0,0,0
360670005011007,34,34,22,3,0,0,0,1,8,34,29,5,34,24,7,1,3,0,0,0,0,0,0,7,0,1,0,2,2,0,1,0,0,0,0,0,0,10,0,1,1,0,0,0,0,0,1,0,0,3,0,0,0,0,0,1,0,0,0,0,3
360670005011008,39,39,19,5,0,3,0,0,12,39,38,1,39,13,1,1,1,2,0,0,0,0,1,0,0,0,4,0,0,0,0,0,0,0,0,1,2,26,9,0,1,0,0,0,0,0,4,0,2,3,0,0,0,0,0,0,2,3,1,0,1
360670005011009,55,55,27,15,1,1,0,8,3,55,46,9,55,39,3,3,0,1,3,0,1,5,10,3,0,4,3,0,1,0,2,0,0,0,0,0,0,16,0,0,2,2,0,2,0,0,6,1,0,0,0,0,2,0,0,0,0,0,0,1,0
360670005011010,0,0,0,0,0,0,0,0,0,0,0,0,0,0,0,0,0,0,0,0,0,0,0,0,0,0,0,0,0,0,0,0,0,0,0,0,0,0,0,0,0,0,0,0,0,0,0,0,0,0,0,0,0,0,0,0,0,0,0,0,0
360670005011011,0,0,0,0,0,0,0,0,0,0,0,0,0,0,0,0,0,0,0,0,0,0,0,0,0,0,0,0,0,0,0,0,0,0,0,0,0,0,0,0,0,0,0,0,0,0,0,0,0,0,0,0,0,0,0,0,0,0,0,0,0
360670005011012,0,0,0,0,0,0,0,0,0,0,0,0,0,0,0,0,0,0,0,0,0,0,0,0,0,0,0,0,0,0,0,0,0,0,0,0,0,0,0,0,0,0,0,0,0,0,0,0,0,0,0,0,0,0,0,0,0,0,0,0,0
360670005011013,0,0,0,0,0,0,0,0,0,0,0,0,0,0,0,0,0,0,0,0,0,0,0,0,0,0,0,0,0,0,0,0,0,0,0,0,0,0,0,0,0,0,0,0,0,0,0,0,0,0,0,0,0,0,0,0,0,0,0,0,0
360670005011014,54,54,27,10,0,2,0,8,7,54,47,7,54,31,1,3,5,0,0,0,0,1,3,0,9,4,0,0,0,0,0,1,0,2,0,2,0,23,3,3,2,0,0,0,0,0,0,5,3,1,1,0,0,0,0,2,1,0,1,0,1
360670005011015,0,0,0,0,0,0,0,0,0,0,0,0,0,0,0,0,0,0,0,0,0,0,0,0,0,0,0,0,0,0,0,0,0,0,0,0,0,0,0,0,0,0,0,0,0,0,0,0,0,0,0,0,0,0,0,0,0,0,0,0,0
360670005011016,73,73,27,30,2,5,0,0,9,73,65,8,73,25,4,3,1,0,1,0,0,0,0,0,2,0,1,0,8,1,3,0,1,0,0,0,0,48,0,4,0,0,6,0,0,1,9,0,5,7,2,5,0,4,4,0,0,0,0,0,1
360670005011017,72,72,33,16,0,6,0,4,13,72,54,18,72,27,4,7,5,0,0,1,0,0,1,1,0,2,2,0,2,1,1,0,0,0,0,0,0,45,3,3,4,3,0,0,1,4,7,7,1,0,9,0,2,0,1,0,0,0,0,0,0
360670005011018,0,0,0,0,0,0,0,0,0,0,0,0,0,0,0,0,0,0,0,0,0,0,0,0,0,0,0,0,0,0,0,0,0,0,0,0,0,0,0,0,0,0,0,0,0,0,0,0,0,0,0,0,0,0,0,0,0,0,0,0,0
360670005011019,90,90,40,9,1,11,0,10,19,90,61,29,90,61,11,5,10,4,1,0,1,0,12,0,9,1,6,0,1,0,0,0,0,0,0,0,0,29,8,2,1,2,0,0,0,2,5,0,0,0,3,0,0,0,0,0,3,0,0,3,0
360670005011020,24,24,2,4,0,3,0,3,12,24,14,10,24,3,0,1,1,0,0,0,0,0,0,0,0,0,0,0,1,0,0,0,0,0,0,0,0,21,4,4,0,4,2,0,0,0,0,1,2,0,1,0,3,0,0,0,0,0,0,0,0
360670005011021,100,100,54,18,0,21,0,0,7,100,89,11,100,60,6,3,6,3,0,0,2,0,0,6,4,0,0,21,0,2,2,0,1,0,0,3,1,40,1,2,11,0,0,1,0,4,1,0,7,0,4,2,2,0,1,0,0,4,0,0,0
360670005011022,0,0,0,0,0,0,0,0,0,0,0,0,0,0,0,0,0,0,0,0,0,0,0,0,0,0,0,0,0,0,0,0,0,0,0,0,0,0,0,0,0,0,0,0,0,0,0,0,0,0,0,0,0,0,0,0,0,0,0,0,0
360670005011023,42,42,10,20,2,0,0,3,7,42,38,4,42,31,8,1,0,1,1,3,0,4,7,4,0,1,0,0,0,0,1,0,0,0,0,0,0,11,5,0,3,0,0,0,0,0,0,0,0,1,0,0,0,0,0,0,0,0,2,0,0
360670005011024,0,0,0,0,0,0,0,0,0,0,0,0,0,0,0,0,0,0,0,0,0,0,0,0,0,0,0,0,0,0,0,0,0,0,0,0,0,0,0,0,0,0,0,0,0,0,0,0,0,0,0,0,0,0,0,0,0,0,0,0,0
360670005011025,0,0,0,0,0,0,0,0,0,0,0,0,0,0,0,0,0,0,0,0,0,0,0,0,0,0,0,0,0,0,0,0,0,0,0,0,0,0,0,0,0,0,0,0,0,0,0,0,0,0,0,0,0,0,0,0,0,0,0,0,0
360670005011026,0,0,0,0,0,0,0,0,0,0,0,0,0,0,0,0,0,0,0,0,0,0,0,0,0,0,0,0,0,0,0,0,0,0,0,0,0,0,0,0,0,0,0,0,0,0,0,0,0,0,0,0,0,0,0,0,0,0,0,0,0
360670005011027,175,175,43,73,0,33,0,8,18,175,172,3,175,87,4,12,13,1,4,0,0,0,6,7,0,5,5,9,8,3,3,1,1,5,0,0,0,88,10,9,1,5,5,0,0,0,9,19,8,11,0,2,3,0,1,0,2,1,0,2,0
360670005011028,78,78,36,14,0,13,0,2,13,78,69,9,78,46,10,9,3,2,0,0,0,0,1,0,7,1,2,2,7,2,0,0,0,0,0,0,0,32,0,2,4,0,1,0,0,0,12,3,1,7,0,0,2,0,0,0,0,0,0,0,0
360670005011029,0,0,0,0,0,0,0,0,0,0,0,0,0,0,0,0,0,0,0,0,0,0,0,0,0,0,0,0,0,0,0,0,0,0,0,0,0,0,0,0,0,0,0,0,0,0,0,0,0,0,0,0,0,0,0,0,0,0,0,0,0
360670005011030,0,0,0,0,0,0,0,0,0,0,0,0,0,0,0,0,0,0,0,0,0,0,0,0,0,0,0,0,0,0,0,0,0,0,0,0,0,0,0,0,0,0,0,0,0,0,0,0,0,0,0,0,0,0,0,0,0,0,0,0,0
360670005011031,93,93,51,23,0,2,0,3,14,93,83,10,93,50,1,4,0,7,0,0,2,1,1,0,1,11,0,0,4,4,5,2,7,0,0,0,0,43,8,6,0,6,0,0,1,11,0,1,4,0,0,1,0,0,1,2,2,0,0,0,0
360670005011032,0,0,0,0,0,0,0,0,0,0,0,0,0,0,0,0,0,0,0,0,0,0,0,0,0,0,0,0,0,0,0,0,0,0,0,0,0,0,0,0,0,0,0,0,0,0,0,0,0,0,0,0,0,0,0,0,0,0,0,0,0
360670005012000,80,80,18,46,1,5,0,1,9,80,64,16,80,42,9,10,0,3,3,0,0,2,5,8,0,0,0,0,1,0,1,0,0,0,0,0,0,38,4,4,0,0,1,0,1,1,7,0,1,12,5,2,0,0,0,0,0,0,0,0,0
360670005012001,89,89,50,12,0,14,0,3,10,89,86,3,89,50,0,1,0,0,0,0,0,3,10,6,4,0,4,2,7,1,5,4,0,2,0,1,0,39,0,1,0,1,2,0,0,3,9,10,7,2,0,0,2,0,0,1,0,0,0,0,1
360670005012002,108,108,28,58,2,10,0,3,7,108,103,5,108,55,7,4,6,0,0,0,0,0,2,0,10,0,10,5,5,2,4,0,0,0,0,0,0,53,1,4,4,1,0,0,1,1,5,19,1,9,0,0,1,0,5,0,0,0,0,1,0
360670005012003,51,51,24,19,0,4,0,0,4,51,50,1,51,34,1,6,2,3,0,0,0,3,3,0,0,2,0,1,3,2,0,1,0,3,3,1,0,17,0,2,1,1,0,0,0,0,6,2,0,0,0,1,0,0,0,0,0,4,0,0,0
360670005012004,80,80,15,21,0,41,0,0,3,80,72,8,80,29,1,2,4,2,1,0,1,1,0,0,1,3,5,0,4,1,0,2,0,0,1,0,0,51,5,3,7,2,0,0,0,0,8,1,3,3,0,2,5,3,0,0,0,5,2,0,2
360670005012005,94,94,29,21,0,38,0,4,2,94,85,9,94,47,4,0,1,0,0,0,0,4,6,1,8,2,1,0,10,0,5,0,0,4,0,1,0,47,3,3,2,0,0,0,0,0,5,1,0,0,2,16,9,0,0,3,0,0,0,2,1
360670005012006,6,6,1,1,0,1,0,0,3,6,5,1,6,1,0,0,0,0,0,0,0,0,0,0,0,0,0,0,0,1,0,0,0,0,0,0,0,5,1,0,0,0,0,0,0,1,0,1,1,0,0,0,1,0,0,0,0,0,0,0,0
360670005012007,96,96,22,19,0,48,0,0,7,96,95,1,96,62,0,1,5,2,0,0,0,1,11,12,4,10,0,4,1,0,6,1,1,0,3,0,0,34,0,10,4,3,0,0,0,0,5,4,5,0,0,0,2,0,0,0,0,1,0,0,0
360670005012008,82,82,6,22,0,53,0,0,1,82,81,1,82,43,12,6,0,0,2,0,5,0,4,1,3,0,8,2,0,0,0,0,0,0,0,0,0,39,10,6,0,5,2,0,0,2,7,1,2,0,0,0,1,0,1,0,2,0,0,0,0
360670005012009,80,80,31,25,1,21,0,2,0,80,74,6,80,44,6,0,3,0,4,0,0,4,8,0,1,1,1,3,6,0,0,1,6,0,0,0,0,36,3,3,0,1,0,0,0,2,1,2,14,1,0,0,0,0,1,0,0,2,0,6,0
360670005012010,50,50,34,9,0,0,0,7,0,50,42,8,50,21,0,2,0,1,0,0,0,0,1,4,0,6,0,1,2,0,4,0,0,0,0,0,0,29,0,1,1,0,0,0,7,8,0,0,0,0,5,5,0,0,0,0,1,0,0,1,0
360670005012011,44,44,28,12,0,0,0,3,1,44,40,4,44,22,0,3,2,0,2,0,0,0,4,0,1,0,9,1,0,0,0,0,0,0,0,0,0,22,2,2,3,0,0,0,0,0,0,0,0,3,0,0,3,2,0,3,0,3,0,0,1
360670005012012,32,32,10,11,0,8,0,2,1,32,27,5,32,25,0,4,3,1,4,0,0,1,5,3,4,0,0,0,0,0,0,0,0,0,0,0,0,7,0,0,1,0,0,0,0,0,5,0,0,1,0,0,0,0,0,0,0,0,0,0,0
360670005012013,11,11,2,0,0,6,0,0,3,11,10,1,11,1,0,0,0,0,0,0,0,0,0,0,0,0,0,0,0,0,0,0,0,0,1,0,0,10,4,2,0,0,0,4,0,0,0,0,0,0,0,0,0,0,0,0,0,0,0,0,0
360670005012014,0,0,0,0,0,0,0,0,0,0,0,0,0,0,0,0,0,0,0,0,0,0,0,0,0,0,0,0,0,0,0,0,0,0,0,0,0,0,0,0,0,0,0,0,0,0,0,0,0,0,0,0,0,0,0,0,0,0,0,0,0
360670005012015,0,0,0,0,0,0,0,0,0,0,0,0,0,0,0,0,0,0,0,0,0,0,0,0,0,0,0,0,0,0,0,0,0,0,0,0,0,0,0,0,0,0,0,0,0,0,0,0,0,0,0,0,0,0,0,0,0,0,0,0,0
360670005012016,29,29,7,5,2,14,0,0,1,29,29,0,29,12,1,3,2,0,1,0,0,5,0,0,0,0,0,0,0,0,0,0,0,0,0,0,0,17,3,0,1,0,0,0,0,0,2,0,0,0,9,0,2,0,0,0,0,0,0,0,0
360670005012017,59,59,7,13,2,25,0,7,5,59,40,19,59,32,1,0,5,0,0,0,1,1,1,7,0,4,2,4,0,0,0,0,0,1,4,1,0,27,0,0,1,0,0,0,3,4,1,4,7,2,1,0,3,1,0,0,0,0,0,0,0
360670005012018,84,84,11,41,0,25,0,1,6,84,81,3,84,41,8,3,3,0,0,1,0,0,2,1,8,1,4,6,0,2,0,1,1,0,0,0,0,43,4,6,6,0,0,0,2,5,8,0,4,1,0,0,3,0,3,0,0,0,0,0,1
360670005012019,45,45,22,13,1,2,0,2,5,45,39,6,45,12,1,1,0,0,1,0,0,0,0,7,1,0,0,0,0,0,1,0,0,0,0,0,0,33,0,1,1,0,1,2,1,0,0,1,0,0,0,5,7,0,1,0,4,0,9,0,0
360670005012020,10,10,0,0,0,4,0,0,6,10,10,0,10,4,0,2,0,0,0,0,0,1,1,0,0,0,0,0,0,0,0,0,0,0,0,0,0,6,0,0,0,0,0,0,0,0,2,1,1,0,0,0,0,0,0,1,1,0,0,0,0
360670005012021,31,31,24,1,2,1,0,1,2,31,27,4,31,20,1,0,1,0,0,0,0,0,7,0,3,1,3,0,1,0,0,0,0,3,0,0,0,11,0,0,1,0,1,1,0,0,4,0,0,0,0,0,0,1,0,0,0,3,0,0,0
360670006001000,500,500,196,153,9,73,0,17,52,500,462,38,500,234,20,14,29,18,3,8,8,3,2,8,14,7,1,18,18,9,13,10,7,10,10,0,4,266,10,6,2,12,8,1,7,13,15,19,10,33,19,28,20,14,2,3,4,13,15,6,6
360670006001001,248,248,109,51,1,50,1,11,25,248,237,11,248,110,7,15,7,10,8,2,6,7,8,15,3,2,3,0,2,4,6,1,0,1,0,1,2,138,9,14,17,0,5,2,0,8,11,11,11,6,12,0,17,0,3,4,1,1,0,0,6
360670006001002,188,188,117,51,0,0,0,2,18,188,156,32,188,96,5,0,1,6,0,0,0,1,29,7,11,4,6,4,7,2,6,1,2,4,0,0,0,92,7,6,2,11,4,0,0,3,5,12,1,1,0,12,2,7,0,2,1,5,0,3,8
360670006001003,80,80,28,17,0,16,0,5,14,80,70,10,80,41,4,8,0,0,3,0,0,0,3,6,0,10,0,0,7,0,0,0,0,0,0,0,0,39,1,7,8,0,1,0,0,0,10,1,2,0,0,0,0,0,0,0,7,0,0,1,1
360670006001004,52,52,11,11,1,19,0,3,7,52,47,5,52,30,1,2,1,0,0,0,0,0,5,8,0,1,1,0,5,0,3,1,2,0,0,0,0,22,5,3,9,1,0,0,0,0,3,0,0,0,1,0,0,0,0,0,0,0,0,0,0
360670006001005,129,129,61,32,6,9,0,8,13,129,114,15,129,50,8,5,2,5,1,0,1,2,0,0,12,1,7,0,0,1,0,0,1,0,0,4,0,79,3,8,3,1,2,0,0,1,13,0,14,3,1,2,3,0,13,7,0,4,0,0,1
360670006001006,120,120,53,44,0,10,0,8,5,120,107,13,120,74,3,5,1,0,4,0,1,6,7,4,9,4,12,3,0,1,7,3,1,2,0,1,0,46,1,6,1,0,2,1,0,5,2,0,7,0,5,5,0,4,3,1,1,0,0,0,2
360670006002000,151,151,40,68,12,11,0,4,16,151,137,14,151,78,6,18,15,2,4,0,0,0,12,0,0,1,0,3,0,0,4,1,0,9,0,0,3,73,9,9,5,1,0,2,0,1,3,0,0,2,1,5,10,8,3,0,2,5,2,5,0
360670006002001,139,139,56,31,8,11,0,12,21,139,119,20,139,59,0,5,6,10,2,0,2,4,8,2,3,1,2,3,8,1,2,0,0,0,0,0,0,80,6,8,11,4,1,1,2,3,1,20,5,14,0,1,0,0,1,0,0,0,0,1,1
360670006002002,132,132,49,44,2,16,0,6,15,132,116,16,132,47,10,9,0,1,4,0,0,1,7,1,2,0,0,0,8,0,1,1,2,0,0,0,0,85,12,9,8,3,2,2,0,2,14,5,1,3,5,8,9,0,0,0,0,2,0,0,0
360670006002003,148,148,37,60,3,21,0,9,18,148,133,15,148,99,2,11,13,7,4,0,0,1,2,12,11,5,10,12,0,2,1,5,1,0,0,0,0,49,8,2,8,0,1,0,0,0,3,11,2,0,3,1,0,0,1,5,2,1,0,1,0
360670006002004,104,104,25,21,2,38,1,3,14,104,94,10,104,51,0,3,4,2,1,0,1,1,13,5,1,3,5,5,1,1,0,1,1,0,1,1,1,53,6,1,5,1,2,1,0,3,9,3,3,2,7,0,4,2,2,0,0,0,0,0,2
360670006002005,89,89,22,49,1,6,0,1,10,89,83,6,89,44,5,4,3,3,1,3,0,1,4,2,4,1,8,2,0,0,2,1,0,0,0,0,0,45,5,6,4,7,0,0,2,0,5,3,3,1,2,1,0,0,4,0,1,1,0,0,0
360670006002006,182,182,79,61,0,38,0,1,3,182,177,5,182,101,7,13,3,1,0,5,3,20,0,4,3,5,6,3,10,0,1,3,0,7,4,3,0,81,22,0,0,0,0,1,4,12,6,1,2,15,5,5,0,0,0,0,0,4,4,0,0
360670006002007,254,254,46,109,2,79,0,5,13,254,246,8,254,121,19,15,13,2,2,1,0,0,10,12,21,8,1,4,4,1,3,0,2,2,0,1,0,133,2,21,17,8,12,1,3,8,7,9,18,5,0,14,4,3,0,0,1,0,0,0,0
360670006003000,193,193,43,85,2,47,0,7,9,193,188,5,193,107,21,15,6,0,0,3,4,8,5,13,9,4,3,1,6,0,4,0,5,0,0,0,0,86,1,12,10,9,0,4,2,10,5,3,1,11,0,1,10,0,1,0,4,1,0,0,1
360670006003001,180,180,32,66,3,59,0,6,14,180,167,13,180,90,14,11,8,3,11,0,0,0,20,0,1,9,0,4,6,1,0,0,0,1,1,0,0,90,8,5,12,7,1,3,8,7,18,1,7,6,0,2,5,0,0,0,0,0,0,0,0
360670006003002,34,34,17,12,0,0,0,0,5,34,28,6,34,19,3,0,1,0,0,0,1,1,4,0,0,0,0,1,3,1,0,0,0,1,3,0,0,15,4,0,1,2,0,0,0,0,2,0,0,0,0,1,0,2,1,0,0,2,0,0,0
360670006003003,174,174,72,63,3,15,0,6,15,174,155,19,174,80,6,4,10,5,0,1,1,0,5,4,5,6,4,21,3,0,5,0,0,0,0,0,0,94,5,10,6,2,1,1,0,0,11,3,3,4,10,4,8,4,7,2,10,3,0,0,0
360670006003004,160,160,23,79,0,35,0,5,18,160,147,13,160,79,6,5,8,6,0,6,1,13,1,11,0,2,0,4,7,0,3,1,0,2,3,0,0,81,19,2,11,4,0,0,0,5,2,7,5,10,9,0,1,1,0,0,1,3,0,0,1
360670006003005,202,202,58,72,4,52,0,6,10,202,183,19,202,104,16,1,11,7,4,2,3,12,1,7,1,9,1,13,3,1,4,0,5,1,2,0,0,98,13,4,6,7,1,0,1,2,7,7,15,0,5,22,0,2,2,4,0,0,0,0,0
360670006003006,205,205,38,66,0,79,0,2,20,205,198,7,205,114,13,17,6,7,3,0,1,0,7,12,10,7,8,7,4,8,0,0,3,0,1,0,0,91,3,15,6,3,1,0,0,8,2,11,1,0,12,16,4,2,1,0,3,1,0,0,2
360670007001000,59,59,17,23,2,7,0,1,9,59,54,5,59,27,1,8,1,0,3,0,2,1,2,2,0,0,2,0,0,0,0,0,0,0,4,1,0,32,3,1,5,1,0,4,0,3,2,4,2,0,3,1,0,0,0,0,0,2,0,1,0
360670007001001,74,74,20,34,1,13,0,5,1,74,65,9,74,35,5,4,4,3,0,7,0,2,0,0,0,0,0,1,0,0,0,0,0,7,0,2,0,39,9,10,5,2,0,0,0,1,0,2,0,1,1,0,0,0,0,2,1,2,1,0,2
360670007001002,76,76,44,16,1,10,0,0,5,76,75,1,76,31,5,3,2,3,0,0,0,0,3,0,1,1,8,1,1,0,0,0,3,0,0,0,0,45,0,5,2,5,0,0,1,2,5,0,3,3,4,3,7,1,0,0,0,4,0,0,0
360670007001003,60,60,20,13,0,18,0,0,9,60,57,3,60,32,1,0,3,1,0,0,1,0,9,0,0,2,6,0,6,1,2,0,0,0,0,0,0,28,1,7,1,1,0,0,0,0,1,0,10,2,0,0,4,0,0,0,0,0,0,1,0
360670007001004,181,181,61,68,0,33,1,8,10,181,159,22,181,84,6,19,14,4,1,0,1,1,5,0,1,7,9,0,8,2,0,0,4,1,0,0,1,97,4,5,16,3,12,0,0,0,6,4,3,23,1,4,0,1,1,0,1,7,5,0,1
360670007001005,198,198,85,56,3,29,0,6,19,198,178,20,198,120,14,8,8,5,3,4,2,6,3,18,8,13,3,6,6,3,0,1,4,0,0,3,2,78,5,9,6,6,5,0,0,6,2,8,6,1,7,6,5,0,1,2,2,0,0,0,1
360670007001006,217,217,55,105,0,34,0,7,16,217,205,12,217,118,3,6,22,5,12,2,0,2,2,9,7,10,8,18,3,2,0,0,0,2,4,0,1,99,21,7,3,7,5,1,0,10,7,11,1,5,7,3,0,0,9,2,0,0,0,0,0
360670007001007,60,60,22,5,0,23,0,10,0,60,55,5,60,22,0,1,0,0,3,0,0,3,1,6,1,0,1,0,4,0,0,0,2,0,0,0,0,38,0,0,2,0,0,0,0,3,3,2,0,0,13,5,0,4,3,1,1,0,1,0,0
360670007001008,69,69,21,14,1,25,0,0,8,69,62,7,69,32,10,3,0,6,0,0,0,0,2,0,0,0,0,2,0,1,0,0,1,0,0,3,4,37,4,0,0,0,1,0,0,0,8,1,8,0,0,10,1,1,1,0,0,0,0,0,2
360670007002000,67,67,9,28,3,17,0,6,4,67,54,13,67,42,2,0,4,10,0,0,0,0,0,0,4,7,2,2,0,0,1,4,0,4,2,0,0,25,3,0,0,1,0,1,0,0,0,1,4,4,9,0,0,0,0,0,2,0,0,0,0
360670007002001,117,117,26,58,1,25,0,1,6,117,113,4,117,65,10,9,7,2,0,1,3,8,8,3,6,1,0,1,0,0,1,3,1,0,0,1,0,52,4,3,7,4,7,0,0,6,3,0,4,4,0,0,5,0,0,1,0,2,0,2,0
360670007002002,68,68,30,14,1,15,0,0,8,68,55,13,68,31,1,0,4,1,1,0,0,0,4,5,10,1,2,0,2,0,0,0,0,0,0,0,0,37,7,4,2,2,0,0,0,0,4,0,0,3,2,1,7,4,1,0,0,0,0,0,0
360670007002003,80,80,17,35,3,16,0,6,3,80,77,3,80,46,4,4,5,1,0,0,0,1,0,0,0,3,6,7,13,0,2,0,0,0,0,0,0,34,4,6,0,0,2,0,0,0,0,0,5,3,4,7,0,1,0,1,0,0,0,1,0
360670007002004,38,38,10,11,0,8,0,7,2,38,28,10,38,16,2,0,1,0,0,1,1,1,0,3,0,0,0,0,6,0,0,1,0,0,0,0,0,22,0,0,0,0,0,0,0,0,9,0,0,2,1,1,2,2,1,0,0,0,4,0,0
360670007002005,46,46,7,2,0,33,0,2,2,46,40,6,46,15,1,0,0,1,1,0,0,0,1,4,1,0,3,3,0,0,0,0,0,0,0,0,0,31,0,5,6,2,1,3,0,5,1,3,1,0,0,1,0,2,0,0,0,1,0,0,0
360670007002006,68,68,21,23,0,11,0,4,9,68,64,4,68,41,1,2,5,0,13,0,0,0,1,0,1,2,7,3,4,0,2,0,0,0,0,0,0,27,1,1,2,1,1,4,2,0,1,0,6,1,3,1,0,0,1,0,1,0,0,1,0
360670007002007,66,66,25,15,0,14,0,3,9,66,54,12,66,27,0,3,0,5,0,0,2,3,5,5,1,2,0,0,1,0,0,0,0,0,0,0,0,39,2,1,5,0,0,0,0,2,5,3,1,1,4,7,2,0,0,4,2,0,0,0,0
360670007002008,78,78,22,33,1,5,0,5,12,78,60,18,78,40,4,9,3,1,0,0,3,4,3,4,0,2,0,0,0,0,0,1,3,0,0,0,3,38,1,4,1,1,0,0,1,2,4,14,0,1,3,3,1,0,1,0,1,0,0,0,0
360670007002009,124,124,38,34,0,19,0,4,29,124,120,4,124,51,2,8,5,9,0,0,4,0,8,1,4,3,0,5,0,2,0,0,0,0,0,0,0,73,13,11,4,1,0,4,1,13,2,7,7,0,0,0,1,0,3,0,2,0,4,0,0
360670007002010,146,146,48,40,1,41,0,0,16,146,135,11,146,88,3,3,18,1,8,0,3,4,4,13,6,4,1,10,3,0,1,0,1,4,1,0,0,58,6,6,2,1,4,0,1,0,1,5,5,3,0,4,3,2,4,2,0,8,0,1,0
360670008001000,28,28,4,18,1,1,0,2,2,28,25,3,28,9,0,2,5,0,1,0,0,0,0,0,0,0,0,0,0,1,0,0,0,0,0,0,0,19,0,1,0,0,0,0,0,0,8,4,4,2,0,0,0,0,0,0,0,0,0,0,0
360670008001001,20,20,8,4,1,1,0,0,6,20,18,2,20,0,0,0,0,0,0,0,0,0,0,0,0,0,0,0,0,0,0,0,0,0,0,0,0,20,1,4,1,1,0,0,0,5,2,0,1,1,0,2,0,0,0,0,0,0,1,0,1
360670008001002,24,24,10,1,1,4,0,0,8,24,21,3,24,17,0,2,1,0,0,0,0,0,1,4,2,0,1,4,1,0,0,0,0,1,0,0,0,7,1,0,0,0,0,0,0,0,0,2,0,0,0,0,2,0,1,1,0,0,0,0,0
360670008001003,20,20,13,3,0,2,0,0,2,20,14,6,20,9,1,0,4,2,0,0,0,0,0,0,0,0,0,0,0,0,0,0,0,2,0,0,0,11,2,3,0,0,0,0,0,0,0,0,0,0,0,0,0,0,0,1,0,0,2,0,3
360670008001004,56,56,20,10,0,20,0,4,2,56,42,14,56,31,1,7,0,2,2,1,0,1,2,5,2,2,4,0,0,0,0,0,0,0,0,2,0,25,0,3,4,0,1,0,2,2,1,7,0,2,0,0,0,3,0,0,0,0,0,0,0
360670008001005,32,32,8,10,0,2,0,0,12,32,29,3,32,18,0,6,0,0,1,0,0,0,0,0,1,0,0,0,1,5,0,0,2,0,0,0,2,14,1,1,0,0,0,1,0,0,0,1,4,0,2,0,1,0,2,0,0,1,0,0,0
360670008001006,28,28,14,4,0,2,0,0,8,28,18,10,28,14,0,9,1,1,0,0,0,0,0,0,0,0,2,1,0,0,0,0,0,0,0,0,0,14,3,1,1,1,0,1,0,0,0,0,0,0,5,0,1,0,0,0,0,0,1,0,0
360670008001007,0,0,0,0,0,0,0,0,0,0,0,0,0,0,0,0,0,0,0,0,0,0,0,0,0,0,0,0,0,0,0,0,0,0,0,0,0,0,0,0,0,0,0,0,0,0,0,0,0,0,0,0,0,0,0,0,0,0,0,0,0
360670008001008,87,87,32,35,0,10,0,1,9,87,77,10,87,33,2,2,1,0,0,0,0,2,10,7,0,1,0,5,0,0,0,0,1,0,2,0,0,54,6,10,14,0,6,0,0,0,2,1,0,7,1,4,0,0,0,1,2,0,0,0,0
360670008001009,36,36,18,11,0,4,0,0,3,36,36,0,36,15,3,0,0,0,0,0,0,0,7,0,1,0,0,0,1,0,0,0,0,3,0,0,0,21,1,0,0,0,3,0,0,0,0,0,0,6,1,8,2,0,0,0,0,0,0,0,0
360670008001010,33,33,14,3,3,3,0,0,10,33,28,5,33,22,2,2,0,1,0,0,1,0,2,0,0,6,2,4,0,1,0,0,0,1,0,0,0,11,5,1,0,2,0,0,1,0,0,0,0,0,1,0,1,0,0,0,0,0,0,0,0
360670008001011,26,26,14,2,1,3,0,3,3,26,22,4,26,13,0,2,0,0,1,0,0,0,0,1,0,0,4,1,2,0,1,1,0,0,0,0,0,13,0,0,2,0,0,0,0,0,1,0,0,0,5,0,4,0,1,0,0,0,0,0,0
360670008001012,50,50,20,3,3,14,0,2,8,50,43,7,50,15,0,0,0,0,0,0,0,0,1,1,4,2,0,4,0,0,0,0,2,1,0,0,0,35,2,3,0,3,0,0,0,0,3,4,1,1,5,0,2,7,1,0,0,3,0,0,0
360670008001013,65,65,33,28,0,0,0,0,4,65,64,1,65,26,7,2,0,0,0,0,0,1,1,0,0,0,4,0,1,0,0,2,0,3,5,0,0,39,2,3,1,5,0,1,0,2,12,1,0,4,6,1,0,1,0,0,0,0,0,0,0
360670008001014,90,90,46,28,0,11,0,3,2,90,82,8,90,51,1,10,1,7,0,3,4,3,10,0,5,0,1,3,2,0,1,0,0,0,0,0,0,39,0,4,0,0,0,1,0,0,3,8,1,3,3,0,0,1,2,4,0,9,0,0,0
360670008001015,94,94,41,42,1,7,0,3,0,94,88,6,94,37,7,0,5,5,0,0,0,3,7,4,2,0,0,1,3,0,0,0,0,0,0,0,0,57,8,1,2,9,2,1,1,3,7,1,0,7,0,3,0,0,1,0,8,1,1,0,1
360670008001016,84,84,47,30,1,6,0,0,0,84,82,2,84,42,7,0,2,0,0,0,1,2,0,3,4,11,0,2,6,4,0,0,0,0,0,0,0,42,0,3,2,2,0,0,0,2,3,10,1,2,7,6,4,0,0,0,0,0,0,0,0
360670008001017,83,83,55,16,3,7,0,0,2,83,73,10,83,52,7,3,0,0,10,0,1,4,0,0,4,0,3,0,9,5,0,1,2,2,0,0,1,31,0,1,0,0,4,0,0,0,2,0,13,1,0,0,2,0,3,0,0,0,1,1,3
360670008001018,52,52,1,31,0,11,0,0,9,52,47,5,52,31,1,0,0,13,0,0,0,2,4,7,2,0,1,0,0,0,0,0,0,0,1,0,0,21,5,2,3,2,1,0,0,0,5,0,0,0,0,0,0,0,0,0,1,0,2,0,0
360670008001019,34,34,7,12,0,9,0,0,6,34,33,1,34,15,3,5,3,1,0,0,0,0,0,1,0,0,1,1,0,0,0,0,0,0,0,0,0,19,0,6,0,0,0,1,0,2,1,3,0,0,1,2,0,0,0,3,0,0,0,0,0
360670008001020,76,76,52,14,0,2,0,7,1,76,64,12,76,43,0,4,1,2,0,7,1,2,5,0,4,0,2,4,8,1,1,0,0,0,0,1,0,33,2,2,1,0,2,2,2,2,6,2,7,0,0,0,3,1,0,0,1,0,0,0,0
360670008001021,68,68,36,6,0,16,0,0,10,68,58,10,68,37,6,0,1,1,2,0,0,2,0,4,4,5,2,1,1,0,3,1,2,0,1,1,0,31,1,8,1,0,5,0,0,0,1,5,0,0,1,0,0,4,0,0,1,2,1,1,0
360670008001022,60,60,28,5,4,7,0,7,9,60,47,13,60,19,2,0,2,0,1,0,0,0,0,0,2,1,4,1,4,0,0,0,1,1,0,0,0,41,3,1,0,2,1,2,1,1,1,8,0,0,0,11,4,0,3,1,2,0,0,0,0
360670008001023,50,50,15,10,0,5,0,9,11,50,32,18,50,36,2,0,3,0,4,1,0,1,0,3,2,0,1,1,1,1,3,0,7,3,1,2,0,14,1,0,2,0,0,0,0,1,0,1,0,4,0,0,0,0,2,1,0,2,0,0,0
360670008001024,51,51,28,5,0,5,0,1,12,51,45,6,51,19,3,2,2,0,0,0,0,0,0,2,0,1,3,3,2,0,0,0,0,0,0,1,0,32,2,1,3,0,1,0,1,0,0,4,0,0,0,5,2,0,4,4,0,0,0,0,5
360670008001025,83,83,61,9,0,3,0,1,9,83,76,7,83,33,3,1,5,1,0,2,0,0,2,4,4,3,0,3,0,0,0,0,2,1,2,0,0,50,4,0,2,0,2,0,0,1,6,0,0,7,0,10,6,0,0,1,4,5,2,0,0
360670008001026,93,93,34,41,0,10,0,0,8,93,90,3,93,43,8,2,2,2,0,0,0,0,11,3,2,0,0,0,7,3,0,0,0,0,2,1,0,50,2,8,3,2,0,1,0,4,6,7,2,1,0,0,3,0,0,4,1,3,0,2,1
360670008002000,0,0,0,0,0,0,0,0,0,0,0,0,0,0,0,0,0,0,0,0,0,0,0,0,0,0,0,0,0,0,0,0,0,0,0,0,0,0,0,0,0,0,0,0,0,0,0,0,0,0,0,0,0,0,0,0,0,0,0,0,0
360670008002001,157,157,61,15,0,47,0,1,33,157,139,18,157,88,15,22,2,2,9,0,0,0,20,1,2,0,8,6,0,1,0,0,0,0,0,0,0,69,13,3,2,1,1,0,0,0,17,19,2,3,4,1,2,0,0,0,0,0,0,1,0
360670008002002,124,124,13,96,0,1,0,4,10,124,114,10,124,50,1,2,7,1,0,2,0,3,12,0,3,11,3,0,3,1,1,0,0,0,0,0,0,74,9,10,10,5,0,0,2,4,6,5,3,13,2,2,1,1,1,0,0,0,0,0,0
360670008002003,95,95,13,53,2,12,0,1,14,95,82,13,95,38,4,9,3,3,0,0,0,0,1,6,1,3,2,3,0,2,0,0,1,0,0,0,0,57,3,3,8,3,1,0,0,7,7,4,1,11,2,0,3,1,0,3,0,0,0,0,0
360670008002004,108,108,39,32,0,23,0,5,9,108,95,13,108,62,8,3,8,10,0,0,2,0,3,3,2,10,2,3,0,3,2,0,0,1,0,0,2,46,8,2,3,2,0,0,0,1,0,0,12,2,11,4,1,0,0,0,0,0,0,0,0
360670008002005,123,123,55,41,0,8,0,7,12,123,113,10,123,58,4,8,13,0,2,0,2,6,4,1,0,0,1,2,9,3,1,0,0,2,0,0,0,65,5,6,1,2,2,0,1,6,4,7,5,5,2,0,0,7,2,0,2,3,5,0,0
360670008002006,45,45,11,11,5,15,0,0,3,45,41,4,45,15,1,0,0,2,1,0,0,0,0,1,5,2,3,0,0,0,0,0,0,0,0,0,0,30,6,3,3,2,0,0,0,0,2,3,0,0,0,5,1,5,0,0,0,0,0,0,0
360670008002007,60,60,45,5,2,0,0,3,5,60,56,4,60,34,0,0,1,0,2,0,0,0,0,1,9,0,3,0,2,0,4,0,1,6,5,0,0,26,1,4,2,0,1,0,0,0,0,1,6,2,3,2,0,0,0,4,0,0,0,0,0
360670008002008,72,72,21,29,0,1,0,13,8,72,54,18,72,40,5,2,2,14,0,0,0,0,0,0,11,0,0,2,1,0,0,3,0,0,0,0,0,32,4,1,2,0,1,2,0,0,6,2,2,0,6,0,2,0,0,3,1,0,0,0,0
360670008002009,67,67,41,12,0,7,0,5,2,67,56,11,67,43,0,2,2,3,1,1,0,0,0,3,6,0,0,11,9,4,0,0,0,0,1,0,0,24,3,4,5,0,0,0,0,0,0,0,2,0,5,1,0,1,3,0,0,0,0,0,0
360670008002010,112,112,38,31,9,21,0,0,13,112,104,8,112,39,2,7,5,0,0,0,0,0,0,3,0,4,0,5,1,2,4,4,0,0,0,1,1,73,13,1,11,5,10,0,0,0,0,0,3,9,2,1,14,1,0,0,1,0,0,2,0
360670008002011,106,106,36,53,2,8,0,0,7,106,98,8,106,51,9,0,0,0,10,2,2,1,0,4,3,0,0,0,1,0,4,1,6,2,1,1,4,55,6,5,5,3,1,1,0,0,1,1,2,3,1,13,0,0,7,1,0,5,0,0,0
360670008002012,155,155,43,38,2,54,0,7,11,155,143,12,155,52,12,2,12,0,0,0,0,1,2,0,4,0,2,6,0,0,0,4,1,4,1,0,1,103,0,21,0,1,4,5,1,4,3,18,10,0,5,5,8,0,0,1,2,6,4,1,4
360670008002013,192,192,20,69,1,84,0,1,17,192,188,4,192,115,11,29,3,0,3,5,8,3,0,18,10,9,7,0,1,0,0,2,1,0,5,0,0,77,13,14,4,3,0,2,1,0,5,11,6,2,0,3,7,0,3,0,0,2,1,0,0
360670008002014,74,74,30,20,1,11,0,0,12,74,70,4,74,26,1,4,11,3,0,0,0,0,0,2,1,1,0,0,3,0,0,0,0,0,0,0,0,48,0,3,2,0,5,2,4,18,2,3,1,0,3,0,0,3,0,2,0,0,0,0,0
360670009001000,113,113,49,38,0,1,0,4,21,113,102,11,113,45,5,3,10,0,2,0,0,4,0,0,3,0,13,0,1,0,1,0,0,0,1,2,0,68,1,4,2,1,1,0,0,0,1,3,0,13,14,8,7,7,1,0,0,3,0,0,2
360670009001001,97,97,61,14,2,8,0,5,7,97,94,3,97,60,10,4,0,1,0,4,1,14,8,10,3,1,2,1,0,0,0,1,0,0,0,0,0,37,1,3,0,1,0,1,0,5,1,4,3,0,2,9,7,0,0,0,0,0,0,0,0
360670009001002,131,131,96,22,0,1,0,0,12,131,121,10,131,59,1,3,2,0,0,0,1,1,6,12,17,4,0,2,2,4,0,0,0,0,3,0,1,72,0,9,3,4,2,0,0,0,7,8,4,2,1,5,5,0,11,0,0,1,4,3,3
360670009001003,131,131,96,11,0,7,0,4,13,131,111,20,131,41,0,2,1,1,8,0,1,2,3,0,0,9,1,3,0,1,0,1,2,5,0,0,1,90,11,9,4,2,0,0,0,3,28,6,0,5,4,0,2,3,2,3,1,3,4,0,0
360670009001004,236,236,148,41,0,11,0,7,29,236,212,24,236,107,3,12,12,2,4,0,0,2,9,11,1,4,10,18,6,1,4,6,0,2,0,0,0,129,8,3,16,1,2,0,2,9,14,16,10,0,7,11,6,8,0,3,10,0,2,0,1
360670009001005,145,145,93,40,0,2,0,2,8,145,141,4,145,71,1,4,6,1,2,0,1,3,17,0,8,5,0,1,8,0,11,0,0,3,0,0,0,74,3,4,9,5,1,0,0,7,9,13,1,7,2,4,3,0,3,1,2,0,0,0,0
360670009001006,94,94,74,9,0,4,0,1,6,94,92,2,94,46,4,1,2,2,0,0,0,1,0,1,1,0,9,3,10,1,0,0,6,0,0,5,0,48,0,7,1,0,0,0,0,0,5,0,16,2,1,0,8,1,1,3,0,2,0,1,0
360670009001007,0,0,0,0,0,0,0,0,0,0,0,0,0,0,0,0,0,0,0,0,0,0,0,0,0,0,0,0,0,0,0,0,0,0,0,0,0,0,0,0,0,0,0,0,0,0,0,0,0,0,0,0,0,0,0,0,0,0,0,0,0
360670009002000,51,51,38,4,0,4,0,0,5,51,46,5,51,25,2,6,2,1,0,0,0,0,2,0,0,0,0,0,0,0,0,5,0,2,0,0,5,26,2,2,1,1,1,0,0,0,0,0,0,0,1,2,0,0,8,0,0,5,3,0,0
360670009002001,37,37,19,5,0,0,0,1,12,37,23,14,37,15,1,2,2,2,0,0,0,0,1,1,0,0,0,0,0,0,0,0,0,2,0,0,4,22,3,0,1,0,2,0,0,0,2,0,0,0,0,0,4,0,1,1,2,3,0,2,1
360670009002002,86,86,69,10,0,0,0,0,7,86,82,4,86,39,3,1,0,0,0,0,0,3,0,2,0,0,1,0,1,4,6,3,0,13,1,0,1,47,0,0,0,7,0,1,1,3,6,16,0,1,2,0,0,0,0,8,0,2,0,0,0
360670009002003,122,122,107,11,0,1,0,2,1,122,117,5,122,56,0,3,3,6,2,0,0,0,1,0,0,3,0,7,0,0,9,2,15,5,0,0,0,66,0,6,0,0,0,0,0,0,0,2,2,18,8,5,5,11,0,0,0,1,0,5,3
360670009002004,33,33,13,1,0,5,0,0,14,33,29,4,33,10,1,2,1,1,0,0,0,0,0,0,2,0,0,1,1,0,0,1,0,0,0,0,0,23,1,3,1,3,0,0,0,0,0,0,7,0,0,0,1,0,2,0,0,5,0,0,0
360670009002005,26,26,20,1,0,0,0,0,5,26,22,4,26,15,1,0,0,0,0,0,0,0,0,1,0,0,1,1,0,0,0,0,6,1,0,4,0,11,2,0,0,0,0,0,0,0,0,0,6,1,2,0,0,0,0,0,0,0,0,0,0
360670009002006,91,91,82,2,0,4,0,0,3,91,88,3,91,46,0,1,3,0,0,2,2,6,8,1,0,0,10,1,9,0,0,0,0,3,0,0,0,45,3,0,1,1,0,0,0,1,0,1,1,1,9,1,0,6,1,8,4,1,1,3,2
360670009002007,81,81,69,4,0,3,0,0,5,81,77,4,81,55,7,1,0,1,1,0,0,0,6,1,0,5,3,10,3,6,1,1,2,0,7,0,0,26,1,0,1,0,0,0,0,1,1,7,0,0,0,2,13,0,0,0,0,0,0,0,0
360670009002008,0,0,0,0,0,0,0,0,0,0,0,0,0,0,0,0,0,0,0,0,0,0,0,0,0,0,0,0,0,0,0,0,0,0,0,0,0,0,0,0,0,0,0,0,0,0,0,0,0,0,0,0,0,0,0,0,0,0,0,0,0
360670009002009,100,100,80,3,0,2,0,3,12,100,88,12,100,32,0,0,0,0,0,0,0,1,0,5,5,0,0,0,0,0,0,1,0,15,0,4,1,68,6,1,11,2,0,0,2,7,4,1,4,1,1,4,0,4,8,1,1,6,1,1,2
360670009002010,48,48,35,3,0,2,0,1,7,48,46,2,48,18,0,0,0,0,0,0,6,3,0,0,2,1,0,0,0,0,0,4,0,0,0,0,2,30,0,0,3,3,0,0,0,0,2,0,0,0,0,0,0,0,2,4,8,1,7,0,0
360670009002011,38,38,32,2,0,0,0,3,1,38,35,3,38,25,2,4,0,0,0,0,0,2,0,6,0,8,0,0,1,0,0,2,0,0,0,0,0,13,0,0,0,2,0,0,0,0,0,0,5,0,4,0,0,0,0,0,2,0,0,0,0
360670009002012,0,0,0,0,0,0,0,0,0,0,0,0,0,0,0,0,0,0,0,0,0,0,0,0,0,0,0,0,0,0,0,0,0,0,0,0,0,0,0,0,0,0,0,0,0,0,0,0,0,0,0,0,0,0,0,0,0,0,0,0,0
360670009002013,55,55,45,3,1,2,0,0,4,55,51,4,55,11,0,0,0,0,0,0,0,0,1,0,8,0,0,1,1,0,0,0,0,0,0,0,0,44,1,1,0,0,0,0,0,1,4,5,0,0,5,2,10,0,2,1,0,4,2,0,6
360670009002014,92,92,87,4,0,0,0,0,1,92,90,2,92,55,8,1,2,2,2,0,0,2,2,3,8,0,2,0,0,0,7,0,0,4,11,0,1,37,1,0,0,0,4,0,1,0,2,5,0,0,1,4,0,0,1,0,0,4,0,6,8
360670009002015,64,64,56,1,0,0,0,2,5,64,64,0,64,45,4,0,1,2,0,0,2,2,0,1,0,1,5,2,12,1,5,0,1,0,1,5,0,19,4,1,0,0,0,0,0,2,0,0,0,0,0,0,11,0,0,0,0,1,0,0,0
360670009002016,0,0,0,0,0,0,0,0,0,0,0,0,0,0,0,0,0,0,0,0,0,0,0,0,0,0,0,0,0,0,0,0,0,0,0,0,0,0,0,0,0,0,0,0,0,0,0,0,0,0,0,0,0,0,0,0,0,0,0,0,0
360670009002017,91,91,76,1,0,0,0,0,14,91,90,1,91,50,0,0,1,0,2,0,0,0,7,14,2,2,1,8,2,1,2,2,6,0,0,0,0,41,4,1,0,1,0,2,0,1,4,0,0,0,0,1,0,0,17,0,1,8,0,0,1
360670009003000,59,59,33,0,0,7,0,9,10,59,46,13,59,23,0,0,2,2,0,0,0,0,0,0,5,0,0,0,1,0,0,0,0,1,6,0,6,36,0,0,3,0,0,0,0,2,5,7,1,1,0,0,6,3,0,0,0,0,8,0,0
360670009003001,22,22,14,2,0,3,0,0,3,22,21,1,22,17,0,1,0,0,0,0,0,0,0,2,0,0,0,4,0,1,4,0,2,0,2,0,1,5,0,0,0,0,1,0,0,0,0,0,2,0,0,0,0,0,0,0,1,0,0,1,0
360670009003002,43,43,34,0,2,2,0,0,5,43,41,2,43,11,2,2,0,0,0,0,0,0,0,0,1,0,0,0,5,0,1,0,0,0,0,0,0,32,2,0,0,0,0,0,0,0,0,0,1,1,4,6,2,3,0,0,0,0,0,5,8
360670009003003,34,34,15,2,0,14,0,1,2,34,33,1,34,18,2,0,0,1,1,0,0,0,0,6,3,0,0,0,1,0,0,0,0,0,3,0,1,16,3,1,1,0,0,0,0,0,0,6,1,0,0,3,0,0,0,0,1,0,0,0,0
360670009003004,46,46,34,10,0,0,0,0,2,46,43,3,46,14,0,0,1,0,0,0,0,0,0,0,0,0,0,5,2,0,0,0,2,4,0,0,0,32,5,1,1,1,0,0,0,0,0,3,1,0,1,0,15,0,0,0,0,1,0,1,2
360670009003005,143,143,100,19,0,22,0,0,2,143,142,1,143,80,2,8,1,1,0,5,3,4,16,6,4,6,0,2,4,0,0,4,2,11,1,0,0,63,1,5,1,1,0,1,0,2,13,0,5,0,1,0,5,0,0,3,1,5,3,3,13
360670009003006,104,104,77,18,0,8,0,0,1,104,102,2,104,34,0,0,0,0,0,0,0,2,2,6,10,1,0,3,0,6,1,0,0,0,3,0,0,70,2,3,8,2,0,1,0,5,1,5,5,0,0,6,0,13,0,1,0,18,0,0,0
360670009003007,81,81,68,8,0,0,0,2,3,81,75,6,81,26,0,5,11,1,0,0,0,0,0,0,0,0,0,1,0,4,2,0,0,1,1,0,0,55,1,0,1,0,3,0,0,0,4,9,15,0,3,1,0,1,0,0,7,8,1,1,0
360670009003008,81,81,47,15,0,15,0,0,4,81,75,6,81,42,1,2,0,0,4,0,1,0,0,3,3,12,0,1,15,0,0,0,0,0,0,0,0,39,3,3,0,0,0,2,0,2,1,8,1,7,0,3,1,0,8,0,0,0,0,0,0
360670009003009,63,63,22,21,0,16,0,0,4,63,60,3,63,39,2,7,4,1,1,1,0,1,3,0,0,1,13,0,0,0,0,0,1,3,0,0,1,24,1,2,0,3,0,0,0,0,0,7,9,0,0,0,0,0,0,2,0,0,0,0,0
360670009003010,237,237,167,32,0,12,0,0,26,237,211,26,237,97,3,0,4,0,1,0,1,7,25,12,9,8,0,5,1,0,11,5,4,1,0,0,0,140,8,0,4,1,0,5,3,23,28,3,14,4,2,11,19,0,0,5,1,6,3,0,0
360670009003011,34,34,18,7,0,6,0,0,3,34,34,0,34,15,0,0,0,0,0,0,0,0,1,1,6,1,0,1,0,5,0,0,0,0,0,0,0,19,2,1,1,0,1,0,0,0,1,0,0,0,3,0,3,0,0,4,0,0,0,3,0
360670009003012,15,15,11,2,0,0,0,0,2,15,14,1,15,15,1,0,1,0,1,0,0,0,0,1,0,0,5,0,1,0,0,0,5,0,0,0,0,0,0,0,0,0,0,0,0,0,0,0,0,0,0,0,0,0,0,0,0,0,0,0,0
360670009003013,88,88,70,8,0,7,0,0,3,88,88,0,88,28,2,0,1,3,0,0,2,0,0,4,0,2,2,2,1,0,3,0,0,0,5,0,1,60,0,4,0,2,4,2,0,2,1,14,3,0,3,0,3,0,5,3,12,1,0,0,1
360670009003014,72,72,60,6,0,5,0,0,1,72,71,1,72,25,0,0,1,0,0,0,0,1,0,0,0,0,0,0,0,0,0,0,8,13,0,0,2,47,3,2,1,0,1,2,0,8,0,0,1,8,3,0,0,0,0,0,9,1,0,7,1
360670009003015,36,36,30,2,0,0,0,3,1,36,30,6,36,25,0,2,2,0,0,0,0,0,0,2,1,0,4,0,0,0,4,0,1,1,0,8,0,11,0,1,0,0,0,0,0,0,0,0,0,3,1,0,0,6,0,0,0,0,0,0,0
360670010001000,169,169,96,51,4,1,0,0,17,169,161,8,169,93,7,1,4,0,1,0,0,5,9,10,9,5,8,13,10,5,6,0,0,0,0,0,0,76,1,1,3,4,2,0,1,1,12,10,2,3,4,2,3,0,6,1,5,10,0,4,1
360670010001001,102,102,72,6,2,0,0,8,14,102,86,16,102,42,4,4,1,3,0,0,1,1,0,11,1,7,1,0,1,0,0,3,1,1,0,0,2,60,6,0,3,0,5,1,2,5,1,12,1,5,1,5,0,0,1,0,2,4,6,0,0
360670010001002,86,86,66,10,3,3,0,0,4,86,84,2,86,45,6,1,2,0,0,5,0,3,12,3,4,2,0,3,0,4,0,0,0,0,0,0,0,41,2,2,2,2,1,0,0,0,0,2,1,1,14,3,3,0,0,0,2,0,3,0,3
360670010001003,179,179,123,28,4,2,0,8,14,179,156,23,179,84,1,3,3,0,0,0,1,2,5,2,7,7,10,2,4,6,14,1,5,3,2,4,2,95,1,5,3,1,0,0,1,4,5,5,5,4,7,7,8,1,2,2,4,7,7,4,12
360670010001004,79,79,63,11,0,0,0,3,2,79,73,6,79,38,1,1,2,0,0,0,1,1,3,0,4,0,0,7,2,1,2,3,3,1,4,0,2,41,0,2,4,1,0,2,0,3,1,2,0,0,0,9,9,3,2,1,0,0,0,0,2
360670010001005,56,56,39,1,1,4,0,9,2,56,52,4,56,30,2,1,2,0,0,0,0,0,0,0,2,1,2,0,2,2,0,0,1,7,7,0,1,26,1,2,0,2,0,0,0,4,0,1,5,1,1,2,0,2,4,1,0,0,0,0,0
360670010001006,0,0,0,0,0,0,0,0,0,0,0,0,0,0,0,0,0,0,0,0,0,0,0,0,0,0,0,0,0,0,0,0,0,0,0,0,0,0,0,0,0,0,0,0,0,0,0,0,0,0,0,0,0,0,0,0,0,0,0,0,0
360670010001007,0,0,0,0,0,0,0,0,0,0,0,0,0,0,0,0,0,0,0,0,0,0,0,0,0,0,0,0,0,0,0,0,0,0,0,0,0,0,0,0,0,0,0,0,0,0,0,0,0,0,0,0,0,0,0,0,0,0,0,0,0
360670010001008,92,92,44,30,2,0,0,3,13,92,86,6,92,44,3,5,2,1,0,1,0,0,7,2,2,0,1,4,5,0,0,6,4,1,0,0,0,48,3,3,5,3,0,0,0,1,9,6,6,3,0,0,2,1,0,1,2,2,1,0,0
360670010002000,117,117,86,13,0,1,0,7,10,117,106,11,117,46,3,4,5,1,0,0,0,1,4,1,5,2,0,2,5,1,0,11,0,0,1,0,0,71,2,2,0,4,0,0,0,1,12,7,1,9,1,5,4,9,0,3,0,4,6,1,0
360670010002001,107,107,73,7,2,7,0,5,13,107,102,5,107,49,4,1,3,1,2,2,4,4,6,1,0,1,3,1,0,1,4,1,3,3,1,0,3,58,3,2,1,3,5,1,0,0,10,2,7,5,3,0,1,0,6,4,0,4,0,0,1
360670010002002,113,113,66,18,4,11,0,2,12,113,105,8,113,48,9,5,1,0,6,0,0,0,1,15,3,2,1,0,1,2,0,0,0,1,1,0,0,65,7,6,1,0,5,2,2,0,0,2,0,16,0,0,11,0,0,3,6,2,2,0,0
360670010002003,100,100,66,17,0,5,0,3,9,100,95,5,100,48,1,14,1,2,2,0,0,0,0,1,10,0,0,0,7,0,3,0,0,4,0,0,3,52,0,4,1,0,0,0,0,0,6,0,8,0,17,5,9,0,2,0,0,0,0,0,0
360670010002004,102,102,78,16,0,4,0,0,4,102,99,3,102,61,4,2,5,0,0,0,1,3,6,11,0,0,0,2,9,1,0,1,4,0,8,3,1,41,0,0,2,0,0,0,0,0,4,17,1,6,2,0,7,0,0,0,0,0,0,0,2
360670010002005,59,59,34,10,0,1,0,4,10,59,51,8,59,39,0,5,0,1,0,0,0,1,1,1,11,5,1,0,3,1,5,0,0,2,2,0,0,20,0,2,1,0,0,0,0,0,1,5,4,0,0,5,0,0,1,0,0,0,1,0,0
360670010002006,125,125,84,17,0,5,0,1,18,125,117,8,125,70,3,0,1,0,2,1,3,4,0,13,2,15,0,17,1,0,4,1,0,1,0,0,2,55,8,3,7,2,0,0,1,4,0,8,1,0,1,0,7,0,0,2,2,8,1,0,0
360670010002007,99,99,36,36,0,0,0,3,24,99,95,4,99,64,4,1,9,5,1,0,2,0,0,8,4,4,3,0,8,0,9,0,0,6,0,0,0,35,3,4,2,2,6,0,0,1,0,5,0,3,0,0,0,0,0,2,0,6,0,1,0
360670010002008,70,70,37,10,0,5,0,4,14,70,57,13,70,20,2,2,2,0,0,0,0,2,0,0,7,1,2,0,0,0,0,0,2,0,0,0,0,50,5,3,3,0,3,1,0,3,3,8,8,0,1,3,0,1,7,1,0,0,0,0,0
360670010002009,73,73,38,14,0,6,0,3,12,73,68,5,73,38,2,0,4,0,0,0,0,0,7,12,0,4,1,0,6,1,0,1,0,0,0,0,0,35,0,1,0,0,0,0,0,2,23,8,0,0,0,0,0,0,1,0,0,0,0,0,0
360670010002010,41,41,30,4,0,2,0,0,5,41,31,10,41,22,0,1,1,1,0,0,0,0,0,0,0,1,10,0,6,1,0,0,0,0,1,0,0,19,1,1,2,1,0,0,2,6,0,0,0,0,1,0,0,0,3,0,0,0,1,0,1
360670010002011,88,88,42,37,0,0,0,0,9,88,81,7,88,23,3,5,0,0,0,3,1,3,0,0,2,0,1,0,2,1,0,2,0,0,0,0,0,65,3,4,8,0,0,0,0,0,3,2,5,2,6,2,1,2,14,5,3,3,0,1,1
360670010002012,46,46,21,14,0,0,0,4,7,46,41,5,46,15,0,0,2,0,0,0,0,0,0,1,0,6,0,6,0,0,0,0,0,0,0,0,0,31,2,0,3,2,0,0,0,0,0,8,0,1,0,1,0,0,2,4,5,0,0,3,0
360670010002013,62,62,46,4,1,0,0,3,8,62,59,3,62,29,1,0,2,4,0,0,1,6,0,1,0,2,0,0,0,0,0,1,3,0,8,0,0,33,0,0,4,0,2,1,1,1,1,0,4,0,2,5,5,0,0,0,1,0,0,1,5
360670010002014,57,57,34,15,0,0,0,0,8,57,50,7,57,36,0,4,2,0,0,1,0,2,9,0,0,6,12,0,0,0,0,0,0,0,0,0,0,21,1,0,3,0,0,0,0,0,6,2,6,1,0,0,0,0,2,0,0,0,0,0,0
360670010003000,115,115,66,29,0,4,0,3,13,115,109,6,115,47,5,1,4,7,0,2,2,3,2,2,4,0,0,8,4,2,1,0,0,0,0,0,0,68,2,0,1,3,1,0,2,3,13,14,3,4,6,1,6,1,0,1,0,0,6,0,1
360670010003001,77,77,48,9,0,1,0,6,13,77,63,14,77,18,0,0,1,0,3,0,0,2,1,1,0,7,0,0,0,1,0,0,0,0,0,0,2,59,8,1,8,0,3,0,0,0,3,9,1,0,2,6,7,3,0,3,0,2,0,3,0
360670010003002,69,69,52,0,0,3,0,5,9,69,60,9,69,36,0,0,0,5,0,0,0,3,5,1,0,0,2,4,0,2,2,0,3,4,2,3,0,33,2,2,0,0,0,0,0,1,2,2,6,2,0,13,0,0,2,1,0,0,0,0,0
360670010003003,73,73,57,2,2,8,0,0,4,73,71,2,73,41,1,2,2,0,0,0,0,0,0,0,0,0,4,1,23,0,3,1,1,2,0,0,1,32,0,1,2,0,0,0,0,3,5,6,0,0,5,0,0,0,0,1,7,1,1,0,0
360670010003004,46,46,28,1,0,10,0,3,4,46,40,6,46,19,2,4,0,0,0,0,0,0,8,0,4,0,0,0,1,0,0,0,0,0,0,0,0,27,3,3,5,0,0,0,0,1,4,2,1,0,0,0,0,3,0,1,0,1,0,1,2
360670010003005,80,80,32,23,0,9,0,5,11,80,67,13,80,45,1,1,2,1,3,4,0,1,11,6,3,0,2,2,0,0,5,0,3,0,0,0,0,35,3,5,1,3,2,2,0,0,1,3,5,1,1,0,8,0,0,0,0,0,0,0,0
360670010003006,335,335,56,197,2,0,0,50,30,335,259,76,335,140,13,12,36,7,9,2,0,2,12,3,12,1,12,6,8,0,2,0,0,0,0,3,0,195,12,17,30,16,0,1,2,11,10,14,13,13,7,14,9,1,12,3,0,6,2,1,1
360670010003007,0,0,0,0,0,0,0,0,0,0,0,0,0,0,0,0,0,0,0,0,0,0,0,0,0,0,0,0,0,0,0,0,0,0,0,0,0,0,0,0,0,0,0,0,0,0,0,0,0,0,0,0,0,0,0,0,0,0,0,0,0
360670010003008,25,25,12,8,0,0,0,2,3,25,15,10,25,17,0,5,1,1,0,0,0,0,1,7,0,1,0,0,0,0,1,0,0,0,0,0,0,8,0,1,0,0,0,0,0,0,0,1,1,0,0,0,5,0,0,0,0,0,0,0,0
360670010003009,67,67,27,15,4,14,0,2,5,67,64,3,67,34,0,1,4,0,1,0,0,0,2,15,1,0,3,0,0,0,1,1,0,0,0,3,2,33,0,2,4,0,0,0,0,0,7,3,0,2,1,4,0,0,0,0,0,8,0,0,2
360670010003010,31,31,21,2,0,2,0,2,4,31,29,2,31,21,4,0,2,0,0,0,0,1,0,0,0,0,1,5,0,0,1,1,5,0,0,1,0,10,0,0,0,0,0,0,0,1,0,2,2,0,0,0,1,0,0,0,0,0,0,2,2
360670010003011,39,39,12,4,0,4,0,8,11,39,27,12,39,19,0,2,4,0,0,0,0,0,0,3,2,1,0,3,0,0,0,0,3,0,0,0,1,20,4,0,0,0,5,0,0,2,1,0,3,0,3,0,2,0,0,0,0,0,0,0,0
360670010003012,50,50,20,22,0,0,0,4,4,50,42,8,50,27,0,0,2,2,0,3,2,12,1,3,0,0,0,0,1,1,0,0,0,0,0,0,0,23,1,5,1,0,0,0,0,0,0,4,0,2,1,1,0,0,3,0,0,0,1,0,4
360670010003013,115,115,57,30,0,1,0,8,19,115,99,16,115,38,1,4,0,0,0,0,0,0,0,0,4,11,0,4,0,3,0,4,0,1,6,0,0,77,5,2,8,1,6,0,0,0,9,5,1,4,3,9,3,2,0,4,4,10,0,1,0
360670010004000,414,414,198,167,4,14,0,8,23,414,396,18,414,201,13,1,5,4,2,2,2,15,12,0,26,10,6,19,10,0,19,13,9,17,5,4,7,213,6,8,9,0,2,3,5,32,14,13,15,8,2,17,15,8,6,9,4,16,12,5,4
360670010004001,155,155,56,81,0,1,0,8,9,155,151,4,155,69,0,0,2,1,0,6,0,11,4,0,4,8,11,4,4,3,1,2,8,0,0,0,0,86,2,7,1,0,0,2,0,2,12,1,15,4,8,4,0,5,7,0,8,0,0,3,5
360670010004002,156,156,66,59,10,1,0,1,19,156,152,4,156,92,4,5,2,0,2,2,0,5,17,11,7,6,5,3,12,3,7,1,0,0,0,0,0,64,1,7,1,0,0,0,0,0,27,5,0,0,2,6,3,0,6,0,1,1,2,2,0
360670010004004,0,0,0,0,0,0,0,0,0,0,0,0,0,0,0,0,0,0,0,0,0,0,0,0,0,0,0,0,0,0,0,0,0,0,0,0,0,0,0,0,0,0,0,0,0,0,0,0,0,0,0,0,0,0,0,0,0,0,0,0,0
360670010004005,19,19,4,9,0,0,0,0,6,19,14,5,19,7,0,2,1,0,2,0,0,0,0,1,1,0,0,0,0,0,0,0,0,0,0,0,0,12,0,0,1,1,0,0,0,4,5,1,0,0,0,0,0,0,0,0,0,0,0,0,0
360670010004006,125,125,67,51,0,2,0,0,5,125,119,6,125,61,8,2,4,6,0,0,2,3,4,10,12,2,0,0,6,0,0,2,0,0,0,0,0,64,0,6,2,0,0,0,0,1,0,0,10,0,10,5,25,0,0,3,0,1,0,1,0
360670014001000,143,143,30,58,3,38,0,3,11,143,139,4,143,70,10,3,5,1,4,1,0,2,0,10,3,11,1,0,8,0,9,0,0,2,0,0,0,73,8,10,7,0,0,0,9,2,2,13,5,4,1,1,7,0,2,1,1,0,0,0,0
360670014001001,236,236,67,84,0,72,0,4,9,236,225,11,236,123,14,11,8,14,2,0,0,0,13,15,4,0,10,8,0,7,0,4,5,3,2,0,3,113,16,10,13,7,0,1,0,3,5,5,4,19,0,5,6,0,1,6,0,0,7,2,3
360670014001002,64,64,14,31,5,1,0,0,13,64,55,9,64,35,4,1,17,1,0,0,1,0,1,0,0,4,1,4,0,0,0,0,0,1,0,0,0,29,2,4,2,0,0,0,1,2,0,0,0,3,8,0,2,3,0,0,1,0,1,0,0
360670014001003,185,185,35,30,0,106,0,4,10,185,177,8,185,89,9,6,16,5,9,2,0,2,3,4,3,11,6,6,0,2,0,0,2,3,0,0,0,96,10,8,9,12,8,3,0,11,2,7,0,5,7,1,1,0,1,0,3,4,4,0,0
360670014001004,191,191,49,46,3,83,0,4,6,191,183,8,191,98,4,17,8,0,1,0,3,12,15,4,11,2,0,5,11,0,1,0,0,0,1,0,3,93,14,4,12,4,2,1,1,1,13,8,20,0,0,3,0,0,0,0,6,2,1,1,0
360670014001005,135,135,15,42,1,64,0,3,10,135,129,6,135,68,6,15,5,8,0,2,0,8,5,8,0,0,2,3,0,2,0,1,3,0,0,0,0,67,5,5,11,9,0,4,0,0,16,0,0,0,2,10,2,0,0,1,0,1,0,0,1
360670014001006,190,190,38,76,7,50,0,6,13,190,174,16,190,92,11,7,7,7,1,3,0,5,0,0,11,8,2,4,9,0,1,0,2,6,6,0,2,98,3,20,9,11,12,0,0,0,1,11,11,6,5,1,1,1,2,0,3,0,0,0,1
360670014001007,117,117,17,49,0,47,0,0,4,117,111,6,117,62,0,20,5,1,5,7,0,1,9,1,1,4,4,0,3,0,0,0,0,0,0,0,1,55,1,3,3,0,0,7,0,0,4,0,10,3,6,2,5,7,0,0,0,3,0,0,1
360670014002000,261,261,66,67,3,96,0,6,23,261,244,17,261,144,11,28,9,4,10,0,0,1,17,15,18,9,8,0,0,2,1,4,0,2,5,0,0,117,21,14,6,4,3,13,0,2,10,5,12,0,1,1,16,0,1,2,0,0,0,6,0
360670014002001,281,281,85,49,3,123,0,0,21,281,271,10,281,134,21,15,25,5,4,1,1,13,7,0,14,11,0,0,0,1,2,0,6,8,0,0,0,147,22,13,22,4,2,1,0,2,17,10,13,6,18,3,3,3,4,4,0,0,0,0,0
360670014002002,389,389,103,151,0,70,0,10,55,389,356,33,389,184,12,23,19,5,7,4,3,14,2,6,3,9,12,5,7,6,5,8,9,10,7,6,2,205,15,16,11,10,9,3,0,5,10,20,10,15,5,12,10,7,5,8,6,5,15,1,7
360670014002003,213,213,27,122,2,54,0,1,7,213,208,5,213,99,19,3,4,7,0,0,0,3,11,9,4,2,8,28,0,1,0,0,0,0,0,0,0,114,5,9,25,8,8,0,2,7,1,15,3,13,2,1,1,0,10,0,1,0,0,1,2
360670014003000,79,79,24,32,0,8,0,4,11,79,67,12,79,35,3,0,5,16,0,0,0,0,0,4,0,0,0,0,0,0,2,2,1,1,1,0,0,44,0,5,1,0,2,3,3,6,1,2,0,2,3,11,0,0,0,0,0,3,2,0,0
360670014003001,110,110,14,40,0,44,0,3,9,110,106,4,110,56,6,1,7,7,0,1,0,0,0,13,1,5,4,3,0,0,0,0,0,5,0,2,1,54,10,5,7,2,3,0,0,5,2,1,4,2,1,4,1,3,1,1,0,0,0,1,1
360670014003002,77,77,28,13,0,25,0,2,9,77,68,9,77,41,4,6,10,3,1,1,2,3,3,4,1,0,1,0,2,0,0,0,0,0,0,0,0,36,3,4,2,3,0,0,0,8,9,1,0,0,1,0,2,0,0,0,0,0,0,3,0
360670014003003,120,120,4,62,0,49,0,3,2,120,115,5,120,67,2,9,1,10,0,2,2,3,8,2,5,5,3,3,6,0,5,0,1,0,0,0,0,53,2,5,12,14,0,0,0,3,6,1,3,0,5,0,0,0,0,0,0,2,0,0,0
360670014003004,171,171,43,48,4,56,0,0,20,171,155,16,171,98,16,8,7,0,1,1,2,9,10,2,8,0,7,10,11,1,0,2,0,1,0,0,2,73,6,12,7,1,5,0,2,4,0,3,8,0,1,0,3,0,7,0,1,3,4,4,2
360670014003005,80,80,33,37,2,2,0,2,4,80,73,7,80,47,4,5,3,6,2,0,0,1,0,11,1,1,2,0,3,6,0,0,0,0,2,0,0,33,5,1,1,6,0,0,0,2,5,6,3,4,0,0,0,0,0,0,0,0,0,0,0
360670014003006,92,92,22,23,0,23,0,1,23,92,82,10,92,37,6,1,5,3,1,2,1,1,2,0,5,0,0,2,5,1,0,0,1,0,1,0,0,55,10,6,0,1,3,0,1,2,11,3,1,4,9,1,1,1,0,0,0,0,0,0,1
360670014003007,91,91,27,34,1,21,0,2,6,91,87,4,91,30,4,1,2,0,0,0,0,0,0,7,6,1,0,1,0,5,0,0,2,0,1,0,0,61,3,11,1,0,0,0,0,0,4,5,12,0,8,0,11,2,2,1,0,1,0,0,0
360670015001000,81,81,34,13,0,15,0,3,16,81,66,15,81,34,6,1,0,0,1,0,0,5,2,0,9,0,4,0,3,0,0,0,0,0,1,2,0,47,5,3,2,4,1,1,0,0,11,9,4,1,3,1,0,0,0,0,0,2,0,0,0
360670015001001,65,65,22,18,0,9,0,2,14,65,56,9,65,38,2,3,1,2,0,0,0,1,13,0,2,4,0,2,5,0,1,0,0,2,0,0,0,27,1,2,5,1,0,0,0,1,0,0,5,1,2,1,0,0,1,0,2,0,2,3,0
360670015001002,54,54,30,14,0,3,0,1,6,54,46,8,54,20,0,3,0,0,0,0,2,1,1,0,7,1,0,0,0,4,1,0,0,0,0,0,0,34,0,7,4,1,7,0,0,0,3,0,2,7,0,0,0,0,0,0,0,0,0,0,3
360670015001003,60,60,30,17,1,1,0,4,7,60,53,7,60,27,1,4,5,7,1,0,0,0,0,1,3,0,2,0,0,0,1,0,1,1,0,0,0,33,0,2,1,0,1,0,0,1,1,0,0,5,4,2,0,0,3,0,3,5,3,1,1
360670015001004,225,225,79,128,8,6,0,1,3,225,220,5,225,103,10,25,3,0,1,4,6,6,3,3,4,2,4,15,7,2,1,0,6,0,0,1,0,122,19,6,9,5,4,1,5,12,1,1,19,5,1,16,1,0,11,0,1,1,4,0,0
360670015001005,176,176,104,43,4,3,0,0,22,176,164,12,176,81,2,2,8,3,17,0,1,4,3,10,7,8,0,6,2,0,0,0,2,5,0,1,0,95,11,7,8,3,2,0,1,0,15,16,1,3,0,0,11,1,0,3,8,0,0,0,5
360670015001006,99,99,31,44,0,7,0,2,15,99,92,7,99,38,4,2,5,0,3,0,0,0,2,2,4,2,3,5,2,1,2,0,0,1,0,0,0,61,4,8,3,3,1,0,2,4,7,3,3,1,4,2,5,2,0,2,4,0,1,2,0
360670015001007,102,102,37,45,0,6,0,0,14,102,99,3,102,52,4,7,14,1,0,0,2,0,0,0,0,0,0,5,1,0,0,4,0,4,8,0,2,50,2,6,0,1,0,0,0,2,5,0,0,5,5,12,1,1,5,2,0,0,1,0,2
360670015001008,112,112,40,32,1,23,0,0,16,112,97,15,112,49,0,1,12,0,0,0,2,2,0,4,13,3,1,5,2,0,0,2,1,1,0,0,0,63,1,2,5,0,0,3,0,2,2,0,4,0,15,16,8,1,2,1,0,0,0,0,1
360670015001009,77,77,43,26,0,3,0,2,3,77,75,2,77,39,3,8,3,9,0,1,0,2,0,6,0,0,0,0,4,0,3,0,0,0,0,0,0,38,0,0,1,0,2,0,0,0,2,20,1,1,7,0,0,0,1,3,0,0,0,0,0
360670015001010,101,101,35,28,2,26,0,4,6,101,86,15,101,39,2,2,1,3,1,1,0,0,0,4,1,2,7,3,12,0,0,0,0,0,0,0,0,62,2,3,4,5,0,1,11,13,0,5,1,0,2,4,4,3,0,1,0,3,0,0,0
360670015001011,117,117,52,43,0,1,0,0,21,117,112,5,117,70,13,3,1,2,1,0,0,2,15,14,6,1,1,2,4,0,4,0,0,0,1,0,0,47,5,13,3,1,2,0,1,0,6,3,8,0,0,0,1,4,0,0,0,0,0,0,0
360670015001012,0,0,0,0,0,0,0,0,0,0,0,0,0,0,0,0,0,0,0,0,0,0,0,0,0,0,0,0,0,0,0,0,0,0,0,0,0,0,0,0,0,0,0,0,0,0,0,0,0,0,0,0,0,0,0,0,0,0,0,0,0
360670015001013,0,0,0,0,0,0,0,0,0,0,0,0,0,0,0,0,0,0,0,0,0,0,0,0,0,0,0,0,0,0,0,0,0,0,0,0,0,0,0,0,0,0,0,0,0,0,0,0,0,0,0,0,0,0,0,0,0,0,0,0,0
360670015001014,105,105,22,19,2,22,0,15,25,105,71,34,105,55,1,11,5,0,1,0,0,0,9,4,4,7,0,0,1,3,3,0,1,0,5,0,0,50,6,9,5,0,1,0,0,0,1,9,2,3,2,2,0,4,1,0,2,1,0,0,2
360670015001015,52,52,8,20,1,0,0,4,19,52,45,7,52,28,8,4,1,0,0,0,0,0,0,0,1,2,3,1,0,0,0,4,3,0,0,1,0,24,1,6,6,0,3,0,0,0,0,1,0,0,4,1,0,0,1,0,0,0,0,0,1
360670015001016,68,68,25,23,0,7,0,2,11,68,64,4,68,33,5,4,1,4,0,0,0,0,1,0,0,2,9,1,0,3,0,0,1,0,0,2,0,35,0,6,1,7,0,2,0,0,2,0,1,3,2,1,2,0,0,0,0,5,3,0,0
360670015002000,98,98,20,42,2,21,0,5,8,98,84,14,98,52,8,6,1,10,0,0,0,1,0,11,2,0,0,0,0,0,6,0,0,1,5,0,1,46,8,2,4,0,2,0,0,0,1,11,5,1,2,0,8,2,0,0,0,0,0,0,0
360670015002001,120,120,22,75,3,18,0,1,1,120,117,3,120,46,3,3,5,1,0,1,1,1,7,5,0,0,8,0,8,0,0,0,1,2,0,0,0,74,6,4,9,11,16,0,0,5,13,3,1,0,0,0,0,0,1,0,0,0,2,0,3
360670015002002,123,123,70,32,0,4,0,0,17,123,113,10,123,65,3,7,11,3,2,0,1,2,1,4,9,14,0,0,5,3,0,0,0,0,0,0,0,58,14,5,13,4,0,1,2,2,3,0,3,1,1,0,2,0,0,0,0,5,0,0,2
360670015002003,31,31,6,3,2,6,0,2,12,31,22,9,31,27,9,1,2,1,2,1,0,0,1,1,0,0,3,3,1,1,0,1,0,0,0,0,0,4,1,0,0,0,0,0,0,0,1,0,0,0,0,1,1,0,0,0,0,0,0,0,0
360670015002004,171,171,42,61,1,53,0,10,4,171,158,13,171,80,3,9,14,1,0,0,1,0,1,10,2,6,2,11,10,0,0,5,1,4,0,0,0,91,20,13,1,0,6,0,1,4,5,0,14,2,3,15,2,0,1,0,0,2,0,0,2
360670015002005,56,56,17,11,0,23,0,0,5,56,56,0,56,28,0,2,2,0,1,3,0,3,4,3,0,1,0,0,1,0,0,0,7,1,0,0,0,28,1,4,4,0,0,0,0,0,6,0,1,1,1,0,4,3,0,0,0,1,1,0,1
360670015002006,84,84,21,15,0,31,0,3,14,84,78,6,84,31,8,2,5,2,0,2,1,2,0,0,1,5,0,0,0,2,0,0,0,0,0,1,0,53,5,4,6,0,0,0,1,2,2,11,6,12,0,3,1,0,0,0,0,0,0,0,0
360670015002007,157,157,25,81,3,26,0,0,22,157,154,3,157,90,19,9,5,14,0,0,0,3,1,3,10,3,4,10,1,0,5,1,2,0,0,0,0,67,6,11,7,1,0,0,0,3,3,3,1,7,11,0,1,0,2,1,3,3,2,2,0
360670015002008,158,158,26,48,2,76,0,0,6,158,157,1,158,77,8,3,16,16,0,0,1,2,1,8,3,1,4,1,2,0,0,5,1,2,3,0,0,81,1,13,1,5,5,2,6,8,7,6,3,2,2,3,1,2,2,3,6,3,0,0,0
360670015002009,66,66,7,20,0,38,0,1,0,66,64,2,66,27,0,1,3,1,0,0,1,2,3,1,6,0,7,0,1,1,0,0,0,0,0,0,0,39,3,6,5,3,0,0,0,1,4,0,4,4,5,2,2,0,0,0,0,0,0,0,0
360670015002010,223,223,34,103,0,71,0,2,13,223,211,12,223,122,6,18,19,2,17,7,4,6,20,0,6,8,1,4,0,0,2,2,0,0,0,0,0,101,8,14,20,6,2,5,0,2,7,4,2,13,0,7,9,0,1,0,1,0,0,0,0
360670016001000,218,218,113,80,1,2,0,1,21,218,207,11,218,144,2,2,1,0,0,3,1,7,10,24,9,11,15,16,6,6,9,7,10,4,1,0,0,74,3,1,1,1,0,2,3,1,16,0,0,1,17,8,10,3,3,0,3,0,1,0,0
360670016001001,531,531,279,161,2,13,3,26,47,531,480,51,531,285,5,7,4,4,19,6,12,18,18,12,33,17,13,23,31,12,10,2,13,9,6,6,5,246,7,2,3,1,26,12,7,25,11,18,16,7,15,13,10,11,11,12,10,4,14,5,6
360670016001002,0,0,0,0,0,0,0,0,0,0,0,0,0,0,0,0,0,0,0,0,0,0,0,0,0,0,0,0,0,0,0,0,0,0,0,0,0,0,0,0,0,0,0,0,0,0,0,0,0,0,0,0,0,0,0,0,0,0,0,0,0
360670016001003,622,622,423,142,4,9,0,19,25,622,569,53,622,305,0,1,0,1,0,1,0,3,5,1,6,14,7,13,34,7,22,13,19,47,28,18,65,317,1,4,1,0,0,0,1,3,7,2,8,12,4,11,23,14,15,6,2,41,14,38,110
360670016001004,385,385,253,59,0,18,0,26,29,385,328,57,385,151,5,3,3,3,0,0,1,7,13,11,6,17,10,2,2,2,0,1,14,3,19,23,6,234,13,4,4,3,7,0,2,5,16,9,5,2,4,5,9,11,19,12,29,13,13,2,47
360670016002000,398,398,166,167,6,7,0,34,18,398,351,47,398,199,7,2,1,2,1,0,2,6,14,19,3,18,27,34,35,13,1,6,1,3,3,0,1,199,14,2,8,0,7,1,4,5,22,7,9,4,15,8,19,1,16,7,15,10,10,12,3
360670016002001,67,67,36,21,1,5,0,2,2,67,62,5,67,26,0,0,1,0,0,0,4,1,16,0,2,0,0,0,1,0,1,0,0,0,0,0,0,41,3,1,0,0,1,0,0,14,4,0,5,0,6,0,0,0,6,0,0,1,0,0,0
360670016002002,244,244,120,98,5,7,0,5,9,244,230,14,244,129,10,4,3,6,0,0,0,9,38,5,13,6,14,6,12,0,0,0,2,0,1,0,0,115,1,3,0,2,0,2,2,1,25,26,5,6,2,8,12,16,1,0,3,0,0,0,0
360670016002003,385,385,187,118,3,46,2,6,23,385,370,15,385,190,6,1,6,8,1,1,2,14,21,15,26,4,2,11,7,4,18,6,13,11,2,9,2,195,9,3,7,2,0,0,6,14,8,11,8,18,16,32,21,5,6,4,4,8,1,0,12
360670016002004,132,132,81,30,0,8,0,2,11,132,118,14,132,72,5,6,1,0,2,0,0,0,0,28,1,0,0,4,6,3,14,0,0,0,2,0,0,60,1,0,0,0,1,3,0,6,25,2,2,2,0,3,4,2,3,3,0,0,2,0,1
360670016002005,105,105,80,10,1,2,1,5,6,105,93,12,105,68,3,1,2,0,1,2,0,2,14,5,1,4,1,7,6,0,6,3,1,5,2,2,0,37,7,0,1,1,0,0,0,2,6,4,4,4,4,1,1,1,0,0,0,1,0,0,0
360670016002006,62,62,25,23,0,0,0,0,14,62,58,4,62,28,1,1,5,0,0,0,4,4,5,1,0,1,0,0,0,0,0,0,0,5,0,0,1,34,5,0,1,2,0,0,2,3,3,0,0,0,3,0,1,0,1,0,2,11,0,0,0
360670016002007,62,62,21,22,0,0,0,2,17,62,53,9,62,31,3,2,1,1,0,0,0,1,1,0,0,0,3,5,2,0,1,1,1,1,8,0,0,31,0,0,0,0,1,0,1,7,2,0,3,1,6,8,1,1,0,0,0,0,0,0,0
360670016002008,0,0,0,0,0,0,0,0,0,0,0,0,0,0,0,0,0,0,0,0,0,0,0,0,0,0,0,0,0,0,0,0,0,0,0,0,0,0,0,0,0,0,0,0,0,0,0,0,0,0,0,0,0,0,0,0,0,0,0,0,0
360670016002009,9,9,3,3,0,1,0,2,0,9,7,2,9,7,0,1,1,0,0,0,0,1,1,0,0,0,0,0,0,0,0,0,3,0,0,0,0,2,0,0,0,0,0,0,0,0,0,0,1,0,0,0,1,0,0,0,0,0,0,0,0
360670016002010,26,26,6,3,1,0,0,1,15,26,14,12,26,12,1,1,2,1,0,0,0,0,1,0,0,0,2,0,4,0,0,0,0,0,0,0,0,14,2,0,3,3,0,0,0,0,2,1,1,1,0,1,0,0,0,0,0,0,0,0,0
360670016002011,24,24,14,4,0,0,0,3,3,24,21,3,24,13,0,0,0,0,0,0,0,0,5,0,5,2,0,1,0,0,0,0,0,0,0,0,0,11,0,0,0,0,0,0,1,1,0,2,1,3,2,0,1,0,0,0,0,0,0,0,0
360670016002012,0,0,0,0,0,0,0,0,0,0,0,0,0,0,0,0,0,0,0,0,0,0,0,0,0,0,0,0,0,0,0,0,0,0,0,0,0,0,0,0,0,0,0,0,0,0,0,0,0,0,0,0,0,0,0,0,0,0,0,0,0
360670016002013,0,0,0,0,0,0,0,0,0,0,0,0,0,0,0,0,0,0,0,0,0,0,0,0,0,0,0,0,0,0,0,0,0,0,0,0,0,0,0,0,0,0,0,0,0,0,0,0,0,0,0,0,0,0,0,0,0,0,0,0,0
360670017011000,89,89,55,19,6,1,0,0,8,89,78,11,89,47,1,0,2,0,1,0,0,2,0,10,1,7,0,9,8,4,1,0,0,0,0,0,1,42,2,7,5,1,0,0,0,5,0,8,2,1,0,3,0,0,3,1,3,0,0,1,0
360670017011001,51,51,22,8,2,1,0,7,11,51,34,17,51,20,1,3,3,2,1,0,0,0,0,3,3,0,0,0,0,1,2,1,0,0,0,0,0,31,1,0,0,6,0,0,0,1,12,2,1,0,4,2,0,0,0,0,0,2,0,0,0
360670017011002,33,33,22,9,0,1,0,0,1,33,33,0,33,12,0,0,1,1,0,0,1,0,1,2,0,0,2,1,0,0,0,1,0,0,1,0,1,21,0,1,4,1,0,0,0,1,0,2,1,0,0,2,0,3,0,1,0,4,0,0,1
360670017011003,42,42,30,2,1,0,0,1,8,42,34,8,42,33,1,1,1,0,0,2,0,0,0,1,13,0,0,0,0,4,0,0,0,5,5,0,0,9,1,3,0,2,0,0,0,0,0,1,0,1,0,0,0,0,1,0,0,0,0,0,0
360670017011004,73,73,43,17,0,5,0,0,8,73,64,9,73,38,4,7,5,0,1,0,0,0,3,1,0,2,6,0,0,2,0,6,0,0,0,1,0,35,5,2,2,0,0,0,0,0,5,1,2,1,3,0,0,1,1,0,5,0,7,0,0
360670017011005,64,64,43,17,2,1,0,1,0,64,64,0,64,33,4,0,1,0,9,0,0,0,4,4,0,0,0,0,0,4,6,0,0,0,1,0,0,31,0,0,1,0,0,0,0,0,4,1,3,7,8,0,0,0,7,0,0,0,0,0,0
360670017011006,51,51,38,5,2,0,0,3,3,51,47,4,51,29,1,4,1,0,0,0,0,0,1,0,0,3,0,0,0,0,0,0,2,12,4,1,0,22,1,0,4,0,0,0,0,0,1,0,1,0,0,0,6,5,0,1,0,1,2,0,0
360670017011007,74,74,52,10,0,5,0,0,7,74,70,4,74,44,0,9,3,0,0,0,0,2,2,1,1,0,0,5,2,3,10,0,5,1,0,0,0,30,0,0,0,0,0,2,0,2,5,0,0,1,6,0,3,4,5,0,1,1,0,0,0
360670017011008,81,81,48,21,1,0,0,1,10,81,78,3,81,37,1,3,6,1,0,0,2,4,3,3,3,1,0,6,0,0,1,1,0,0,0,2,0,44,2,10,2,0,0,0,0,0,1,11,0,1,0,2,1,0,1,2,2,0,0,8,1
360670017011009,63,63,34,15,0,0,0,2,12,63,53,10,63,37,3,0,6,0,0,0,1,2,2,6,2,1,0,4,7,0,3,0,0,0,0,0,0,26,3,6,3,2,0,0,0,0,5,0,0,0,0,1,0,0,0,0,0,3,0,3,0
360670017011010,68,68,32,10,1,17,0,1,7,68,61,7,68,39,2,6,3,0,1,0,0,0,0,6,5,9,1,3,0,2,1,0,0,0,0,0,0,29,5,1,0,4,0,0,2,0,2,1,0,8,3,0,0,0,0,0,1,0,0,0,2
360670017011011,52,52,31,14,0,0,0,2,5,52,46,6,52,32,0,3,0,0,0,0,0,0,14,3,8,0,0,2,2,0,0,0,0,0,0,0,0,20,0,1,3,0,0,4,0,3,1,4,0,3,0,0,1,0,0,0,0,0,0,0,0
360670017011012,60,60,46,4,0,5,1,0,4,60,59,1,60,40,4,2,2,1,0,2,0,4,0,1,2,7,0,0,10,0,4,0,0,1,0,0,0,20,0,0,0,0,0,0,0,0,2,0,1,1,0,9,0,0,7,0,0,0,0,0,0
360670017011013,28,28,7,4,2,0,1,0,14,28,26,2,28,12,1,1,1,2,4,0,0,0,2,0,0,0,0,0,0,0,0,1,0,0,0,0,0,16,1,0,0,1,0,1,0,0,6,1,1,0,1,0,1,0,0,0,2,0,0,0,1
360670017011014,80,80,38,27,0,4,0,4,7,80,65,15,80,24,3,5,0,0,3,0,1,0,1,0,2,1,4,1,3,0,0,0,0,0,0,0,0,56,3,6,3,0,2,1,0,0,1,7,21,3,1,0,1,2,0,0,0,4,1,0,0
360670017011015,74,74,44,18,0,2,0,0,10,74,69,5,74,52,16,11,3,0,0,0,0,0,0,7,2,5,4,1,0,1,1,0,1,0,0,0,0,22,2,0,1,1,0,1,0,3,0,0,4,0,0,0,3,0,0,0,0,7,0,0,0
360670017011016,51,51,29,2,0,8,0,0,12,51,44,7,51,30,4,2,1,2,0,1,3,2,0,0,0,0,0,0,4,1,1,0,0,6,0,0,3,21,0,0,1,0,1,0,0,2,0,5,0,1,0,2,0,0,1,4,1,2,1,0,0
360670017011017,175,175,86,54,0,9,0,2,24,175,164,11,175,73,2,2,5,19,1,0,0,7,1,0,4,4,9,9,0,1,0,1,3,1,0,0,4,102,1,8,12,7,0,2,5,5,8,7,19,8,4,1,10,0,2,0,1,0,2,0,0
360670017012000,35,35,18,6,0,0,0,2,9,35,27,8,35,26,3,4,2,4,0,0,0,0,0,0,5,6,0,0,0,0,0,0,2,0,0,0,0,9,3,0,0,1,0,0,0,0,0,1,2,0,2,0,0,0,0,0,0,0,0,0,0
360670017012001,53,53,35,10,2,0,0,0,6,53,50,3,53,20,3,3,1,0,3,0,0,0,4,0,1,1,1,0,0,0,3,0,0,0,0,0,0,33,7,1,4,2,0,0,0,0,3,7,9,0,0,0,0,0,0,0,0,0,0,0,0
360670017012002,123,123,56,55,0,0,0,1,11,123,118,5,123,58,11,5,11,0,0,0,0,0,3,8,1,2,6,0,2,1,2,0,6,0,0,0,0,65,8,9,6,5,3,0,1,0,5,8,4,0,6,1,4,0,2,0,0,0,0,2,1
360670017012003,0,0,0,0,0,0,0,0,0,0,0,0,0,0,0,0,0,0,0,0,0,0,0,0,0,0,0,0,0,0,0,0,0,0,0,0,0,0,0,0,0,0,0,0,0,0,0,0,0,0,0,0,0,0,0,0,0,0,0,0,0
360670017012004,88,88,60,2,2,5,0,3,16,88,77,11,88,51,1,3,3,10,2,0,4,4,6,3,0,3,0,0,0,1,0,1,0,6,0,3,1,37,0,0,0,0,2,3,4,5,7,0,1,9,0,2,1,0,0,1,0,0,2,0,0
360670017012005,172,172,64,49,2,22,0,8,27,172,150,22,172,86,8,10,4,0,2,1,0,6,0,0,0,11,10,13,5,7,0,1,0,4,3,1,0,86,12,7,11,7,1,0,2,6,1,3,5,1,1,8,9,0,0,1,0,11,0,0,0
360670017012006,233,233,74,50,9,9,0,29,62,233,153,80,233,102,4,5,7,7,1,2,3,6,23,6,11,6,0,4,4,0,4,1,4,2,0,1,1,131,3,13,11,7,5,3,3,9,11,8,1,3,17,9,6,2,3,1,3,6,2,1,4
360670017012007,173,173,69,64,4,0,0,24,12,173,138,35,173,92,1,14,9,5,4,0,0,2,3,12,6,7,8,5,2,8,2,4,0,0,0,0,0,81,2,7,0,4,3,2,0,7,1,1,19,6,7,3,1,5,6,1,0,0,1,5,0
360670017012008,37,37,11,12,1,5,0,0,8,37,37,0,37,15,0,0,0,0,0,0,0,0,1,0,4,1,3,4,0,1,0,0,0,0,0,1,0,22,1,0,4,0,0,2,1,0,1,0,1,1,0,0,0,2,3,0,3,0,2,1,0
360670017012009,48,48,26,17,0,0,0,0,5,48,36,12,48,25,7,4,0,0,0,0,0,0,2,0,3,0,2,0,1,0,0,0,3,0,0,3,0,23,1,4,3,0,2,0,0,0,4,1,4,0,1,0,2,0,0,0,0,0,0,1,0
360670017012010,29,29,16,6,2,0,2,1,2,29,25,4,29,17,1,0,1,0,1,0,0,0,3,1,2,1,2,2,1,0,0,0,0,0,0,0,2,12,1,0,0,0,0,0,0,0,0,1,0,0,2,2,0,1,0,1,2,1,0,1,0
360670017012011,51,51,26,6,6,2,0,1,10,51,43,8,51,17,1,1,1,0,1,0,0,0,0,6,0,1,0,3,2,0,0,1,0,0,0,0,0,34,1,0,2,1,1,0,0,0,2,7,5,7,4,0,1,1,0,0,0,1,0,0,1
360670017012012,53,53,23,17,3,2,0,0,8,53,48,5,53,26,2,0,2,1,0,0,0,0,1,3,1,0,0,1,13,2,0,0,0,0,0,0,0,27,0,0,3,1,3,0,0,1,4,0,0,1,2,2,8,0,0,1,1,0,0,0,0
360670017012013,37,37,14,6,1,8,0,0,8,37,29,8,37,28,4,1,3,3,1,0,0,0,1,1,9,0,1,0,0,0,2,0,0,2,0,0,0,9,0,0,1,0,0,0,0,0,0,1,0,1,0,1,3,2,0,0,0,0,0,0,0
360670017012014,20,20,5,2,1,2,0,4,6,20,18,2,20,12,3,0,3,0,0,0,0,0,0,3,1,0,0,0,0,0,0,0,1,1,0,0,0,8,0,0,2,1,0,0,0,0,0,0,0,0,1,0,0,0,1,0,0,2,0,0,1
360670017012015,47,47,22,14,2,0,0,0,9,47,44,3,47,29,0,0,0,0,0,3,0,1,4,2,4,0,1,0,1,0,0,5,0,8,0,0,0,18,0,0,0,0,0,0,1,3,0,2,1,1,0,4,0,2,0,2,0,1,1,0,0
360670017012016,37,37,15,0,5,4,0,4,9,37,29,8,37,20,2,0,2,1,0,0,0,0,0,0,0,0,5,7,0,0,2,0,1,0,0,0,0,17,3,2,2,5,0,0,0,0,1,0,0,2,0,0,1,0,0,0,0,0,0,0,1
360670017012017,15,15,5,4,0,0,0,0,6,15,13,2,15,1,1,0,0,0,0,0,0,0,0,0,0,0,0,0,0,0,0,0,0,0,0,0,0,14,0,2,0,0,0,0,1,0,2,0,0,2,1,0,4,0,0,0,0,0,0,0,2
360670017012018,0,0,0,0,0,0,0,0,0,0,0,0,0,0,0,0,0,0,0,0,0,0,0,0,0,0,0,0,0,0,0,0,0,0,0,0,0,0,0,0,0,0,0,0,0,0,0,0,0,0,0,0,0,0,0,0,0,0,0,0,0
360670017012019,0,0,0,0,0,0,0,0,0,0,0,0,0,0,0,0,0,0,0,0,0,0,0,0,0,0,0,0,0,0,0,0,0,0,0,0,0,0,0,0,0,0,0,0,0,0,0,0,0,0,0,0,0,0,0,0,0,0,0,0,0
360670017021000,213,213,182,16,0,1,0,1,13,213,204,9,213,94,2,2,2,1,6,0,0,0,3,6,13,14,5,10,8,7,0,0,6,8,0,1,0,119,4,11,1,4,0,0,3,3,4,21,17,5,10,3,10,8,9,0,0,5,0,1,0
360670017021001,150,150,110,26,0,5,0,2,7,150,143,7,150,78,4,11,1,2,0,0,0,0,4,16,4,1,4,1,11,5,3,0,4,1,5,0,1,72,4,4,2,6,9,0,2,0,3,5,1,0,3,11,0,0,4,0,6,10,2,0,0
360670017021002,127,127,95,23,1,0,0,0,8,127,125,2,127,60,17,2,1,4,0,0,0,0,9,3,5,2,0,0,3,0,7,0,0,7,0,0,0,67,2,2,3,2,2,1,1,0,4,5,0,9,2,6,0,5,7,13,3,0,0,0,0
360670017021003,115,115,82,18,2,0,0,0,13,115,103,12,115,59,5,2,3,2,0,0,0,2,2,1,3,9,1,6,1,2,1,14,1,0,0,0,4,56,1,1,6,4,1,0,0,0,9,1,0,0,6,0,0,1,1,5,0,3,3,8,6
360670017021004,113,113,80,18,0,0,0,5,10,113,102,11,113,48,5,1,3,1,0,2,4,2,8,1,3,3,0,8,2,0,0,3,0,2,0,0,0,65,1,2,2,0,0,7,1,8,13,0,0,6,0,6,8,0,4,1,3,1,1,0,1
360670017021005,45,45,14,6,5,0,0,3,17,45,33,12,45,22,1,1,2,0,3,0,1,1,4,0,2,0,2,1,0,0,0,0,0,1,3,0,0,23,3,1,1,1,1,0,0,0,2,2,0,2,0,2,5,0,3,0,0,0,0,0,0
360670017021006,0,0,0,0,0,0,0,0,0,0,0,0,0,0,0,0,0,0,0,0,0,0,0,0,0,0,0,0,0,0,0,0,0,0,0,0,0,0,0,0,0,0,0,0,0,0,0,0,0,0,0,0,0,0,0,0,0,0,0,0,0
360670017021007,0,0,0,0,0,0,0,0,0,0,0,0,0,0,0,0,0,0,0,0,0,0,0,0,0,0,0,0,0,0,0,0,0,0,0,0,0,0,0,0,0,0,0,0,0,0,0,0,0,0,0,0,0,0,0,0,0,0,0,0,0
360670017021008,0,0,0,0,0,0,0,0,0,0,0,0,0,0,0,0,0,0,0,0,0,0,0,0,0,0,0,0,0,0,0,0,0,0,0,0,0,0,0,0,0,0,0,0,0,0,0,0,0,0,0,0,0,0,0,0,0,0,0,0,0
360670017022000,0,0,0,0,0,0,0,0,0,0,0,0,0,0,0,0,0,0,0,0,0,0,0,0,0,0,0,0,0,0,0,0,0,0,0,0,0,0,0,0,0,0,0,0,0,0,0,0,0,0,0,0,0,0,0,0,0,0,0,0,0
360670017022001,449,449,320,76,3,17,0,3,30,449,436,13,449,205,5,9,14,13,6,2,0,7,10,15,24,5,26,12,22,7,10,1,9,8,0,0,0,244,24,14,14,7,5,3,4,7,36,19,29,4,5,1,16,5,22,0,5,11,3,7,3
360670017022002,89,89,41,30,3,0,0,8,7,89,76,13,89,56,7,7,4,0,7,0,0,0,0,0,3,4,2,1,1,5,0,0,11,0,2,0,2,33,0,0,1,1,0,2,0,2,0,4,10,4,0,0,1,0,0,0,1,1,1,5,0
360670017022003,122,122,57,41,0,7,0,3,14,122,100,22,122,71,8,1,2,2,5,0,1,0,10,1,4,6,8,6,14,1,0,0,0,0,1,0,1,51,7,4,7,1,6,1,1,3,7,0,7,1,2,0,1,2,0,0,1,0,0,0,0
360670017022004,52,52,31,14,0,1,0,2,4,52,52,0,52,22,0,0,0,0,4,0,0,1,7,0,4,0,1,1,0,0,0,0,0,0,2,2,0,30,2,1,0,0,0,0,0,0,1,0,1,0,0,0,6,0,0,5,6,0,7,0,1
360670017022005,100,100,53,26,3,8,0,3,7,100,95,5,100,50,2,8,8,2,1,0,1,4,1,17,0,2,0,4,0,0,0,0,0,0,0,0,0,50,8,2,6,0,0,0,0,1,1,14,8,0,0,4,1,1,2,0,0,0,2,0,0
360670017022006,106,106,29,60,3,4,0,0,10,106,94,12,106,54,6,4,14,4,0,0,0,0,15,1,1,2,0,0,0,4,0,0,1,1,1,0,0,52,6,1,3,0,2,0,0,1,7,3,3,10,13,0,0,0,0,1,0,0,0,0,2
360670017022007,41,41,17,10,0,2,0,2,10,41,29,12,41,22,0,2,0,1,0,0,0,2,0,4,6,0,0,4,0,0,0,0,0,1,0,2,0,19,1,2,2,0,0,0,0,1,0,6,0,0,0,2,0,0,0,0,5,0,0,0,0
360670017022008,79,79,40,13,3,7,0,1,15,79,71,8,79,45,0,11,6,2,3,0,1,4,0,0,7,0,0,2,5,0,0,1,0,3,0,0,0,34,1,9,0,4,1,0,2,1,0,2,0,1,4,0,0,1,0,1,2,5,0,0,0
360670017022009,86,86,47,21,0,7,0,2,9,86,73,13,86,40,2,0,3,5,0,8,6,1,11,3,0,0,0,0,0,0,0,1,0,0,0,0,0,46,3,5,2,0,2,1,0,2,2,2,0,1,0,3,18,0,0,0,0,0,0,1,4
360670017022010,53,53,20,7,0,9,0,3,14,53,44,9,53,8,0,1,0,2,0,0,0,1,0,0,1,0,0,0,1,0,0,0,0,2,0,0,0,45,3,3,1,1,0,2,0,3,2,0,14,3,3,0,2,0,0,0,0,6,2,0,0
360670017022011,199,199,133,34,0,3,0,14,15,199,170,29,199,121,13,5,5,1,3,4,2,6,15,15,6,3,6,14,0,2,13,7,0,0,1,0,0,78,0,2,4,0,1,0,0,8,11,3,2,8,14,2,3,6,0,7,1,4,0,0,2
360670017022012,80,80,36,16,0,1,0,11,16,80,74,6,80,29,0,0,0,0,0,1,0,1,2,0,2,3,2,0,2,0,0,0,1,4,5,2,4,51,2,2,1,6,3,0,0,0,0,5,0,10,3,8,8,0,0,0,0,0,1,0,2
360670017022013,88,88,49,28,0,0,0,2,9,88,80,8,88,41,5,7,0,2,0,0,0,2,3,4,2,9,0,7,0,0,0,0,0,0,0,0,0,47,1,1,0,4,0,0,0,1,7,4,7,12,1,8,0,1,0,0,0,0,0,0,0
360670017022014,113,113,49,39,1,2,0,10,12,113,95,18,113,47,2,4,0,2,1,2,0,0,0,19,1,2,7,4,3,0,0,0,0,0,0,0,0,66,7,2,10,4,0,2,2,11,5,3,3,2,0,4,6,0,0,0,5,0,0,0,0
360670017022015,101,101,60,21,1,3,0,4,12,101,88,13,101,44,8,3,0,0,1,2,2,7,1,7,1,6,2,3,0,0,0,0,0,0,1,0,0,57,1,4,5,8,0,2,0,2,5,6,0,0,9,15,0,0,0,0,0,0,0,0,0
360670017022016,10,10,6,1,0,0,0,0,3,10,10,0,10,8,4,0,0,0,0,0,0,0,1,0,1,0,0,0,0,0,0,0,0,2,0,0,0,2,0,0,0,0,0,0,0,0,0,0,0,0,0,0,1,0,1,0,0,0,0,0,0
360670017022017,41,41,13,15,0,0,0,4,9,41,20,21,41,27,3,3,3,1,1,0,0,1,0,2,1,2,0,2,5,0,0,2,0,1,0,0,0,14,1,2,0,2,0,0,0,2,1,0,2,0,1,0,1,1,0,0,0,0,0,0,1
360670017022018,0,0,0,0,0,0,0,0,0,0,0,0,0,0,0,0,0,0,0,0,0,0,0,0,0,0,0,0,0,0,0,0,0,0,0,0,0,0,0,0,0,0,0,0,0,0,0,0,0,0,0,0,0,0,0,0,0,0,0,0,0
360670018001000,143,143,85,44,1,1,0,7,5,143,129,14,143,67,1,1,2,2,0,0,0,1,4,3,10,7,6,6,3,0,5,3,2,10,0,0,1,76,9,11,1,1,0,0,0,0,2,6,9,3,0,9,10,10,0,0,2,3,0,0,0
360670018001001,138,138,79,37,2,1,0,5,14,138,130,8,138,55,10,0,0,0,2,0,1,0,1,5,8,10,0,8,1,3,4,2,0,0,0,0,0,83,1,8,4,3,0,0,0,6,1,0,10,17,5,0,13,4,1,0,1,3,5,1,0
360670018001002,133,133,103,12,1,2,0,1,14,133,124,9,133,69,1,3,6,2,0,0,3,5,16,9,5,0,1,2,5,5,0,3,0,1,0,0,2,64,0,2,2,3,0,0,3,5,3,14,0,2,12,3,5,0,9,0,0,0,0,0,1
360670018001003,123,123,67,31,0,3,0,0,22,123,117,6,123,81,6,5,4,2,0,2,1,6,2,13,4,0,19,6,8,0,0,0,0,0,0,0,3,42,1,3,2,1,0,0,0,5,18,5,0,3,1,0,2,0,1,0,0,0,0,0,0
360670018001004,0,0,0,0,0,0,0,0,0,0,0,0,0,0,0,0,0,0,0,0,0,0,0,0,0,0,0,0,0,0,0,0,0,0,0,0,0,0,0,0,0,0,0,0,0,0,0,0,0,0,0,0,0,0,0,0,0,0,0,0,0
360670018001005,90,90,56,7,1,2,0,7,17,90,72,18,90,38,3,3,3,3,0,0,0,1,0,1,1,14,0,0,1,1,6,0,0,0,0,1,0,52,5,1,2,1,1,0,3,1,2,3,4,3,1,8,6,0,0,2,7,0,0,2,0
360670018001006,59,59,39,5,0,3,0,3,9,59,59,0,59,24,2,0,6,0,0,0,0,0,1,1,1,1,1,1,0,1,1,1,3,0,4,0,0,35,0,5,4,0,0,0,0,0,1,0,0,4,6,8,0,1,4,0,0,0,1,0,1
360670018002000,70,70,54,9,1,0,0,4,2,70,67,3,70,34,0,3,1,0,0,0,0,0,2,3,0,8,10,0,0,0,7,0,0,0,0,0,0,36,0,3,0,0,0,0,0,3,1,5,3,1,0,5,5,0,7,0,0,0,3,0,0
360670018002001,77,77,44,13,6,6,0,0,8,77,75,2,77,42,5,2,1,0,4,0,0,3,14,1,1,3,1,0,3,0,1,2,0,1,0,0,0,35,3,4,1,0,0,1,0,1,1,1,0,1,1,0,0,0,0,3,5,3,0,7,3
360670018002002,130,130,77,22,0,6,0,3,22,130,112,18,130,53,5,5,4,1,1,0,0,0,2,13,6,4,0,0,1,0,0,0,0,6,1,2,2,77,4,4,3,4,0,0,0,3,7,8,4,8,0,5,7,6,2,0,4,2,1,0,5
360670018002003,103,103,84,3,0,4,0,2,10,103,100,3,103,28,1,0,0,0,0,1,0,0,0,1,2,0,2,12,0,1,0,0,1,1,6,0,0,75,0,0,3,1,0,3,3,8,28,7,3,3,3,1,6,0,2,0,1,2,1,0,0
360670018002004,0,0,0,0,0,0,0,0,0,0,0,0,0,0,0,0,0,0,0,0,0,0,0,0,0,0,0,0,0,0,0,0,0,0,0,0,0,0,0,0,0,0,0,0,0,0,0,0,0,0,0,0,0,0,0,0,0,0,0,0,0
360670018002005,129,129,94,8,0,12,0,4,11,129,116,13,129,60,6,3,4,1,0,2,0,1,13,2,9,0,5,4,3,2,2,0,0,1,2,0,0,69,2,3,7,2,6,2,0,4,0,5,9,12,3,9,1,0,2,0,0,0,2,0,0
360670018002006,89,89,70,11,0,0,0,0,8,89,82,7,89,50,2,2,0,1,0,1,1,8,0,6,9,0,0,2,12,2,0,0,4,0,0,0,0,39,3,0,2,2,0,0,1,1,4,3,1,0,9,4,5,0,0,0,2,1,0,0,1
360670018003000,109,109,81,7,0,12,0,3,6,109,103,6,109,36,2,1,0,0,4,0,0,0,9,3,5,1,0,0,1,0,7,0,0,3,0,0,0,73,11,1,1,3,1,2,2,5,1,5,5,2,2,1,0,0,0,1,8,12,5,0,5
360670018003001,107,107,79,17,0,8,0,1,2,107,102,5,107,58,4,2,0,0,0,2,0,6,0,11,7,1,0,1,0,6,9,0,3,2,4,0,0,49,3,11,0,2,0,0,0,7,9,1,5,0,0,2,0,0,0,1,0,1,0,7,0
360670018003002,115,115,72,19,4,4,0,0,16,115,107,8,115,49,0,0,3,5,0,0,0,0,0,7,2,0,0,1,14,0,0,1,4,4,3,4,1,66,5,6,9,0,3,0,1,0,3,3,3,9,2,2,14,1,0,1,0,1,0,0,3
360670018003003,108,108,85,8,2,1,0,1,11,108,100,8,108,59,4,6,8,2,0,0,0,0,0,0,1,0,0,9,1,0,5,3,15,0,1,0,4,49,1,5,1,2,0,0,0,0,4,0,14,2,0,11,2,5,2,0,0,0,0,0,0
360670018003004,0,0,0,0,0,0,0,0,0,0,0,0,0,0,0,0,0,0,0,0,0,0,0,0,0,0,0,0,0,0,0,0,0,0,0,0,0,0,0,0,0,0,0,0,0,0,0,0,0,0,0,0,0,0,0,0,0,0,0,0,0
360670018003005,107,107,69,19,2,4,0,0,13,107,101,6,107,39,2,6,0,4,2,0,1,0,1,10,0,0,0,3,8,0,0,0,1,0,0,1,0,68,1,5,1,2,0,0,2,1,13,9,7,12,5,0,1,0,2,1,2,0,0,0,4
360670018003006,76,76,49,8,0,6,0,2,11,76,69,7,76,44,1,0,0,0,0,0,0,5,7,2,3,7,11,5,3,0,0,0,0,0,0,0,0,32,1,0,0,4,0,0,0,0,2,3,1,2,0,0,0,5,0,2,6,6,0,0,0
360670018003007,106,106,86,6,0,3,0,2,9,106,106,0,106,39,13,2,2,0,2,4,1,6,0,4,0,1,0,1,0,1,0,0,0,2,0,0,0,67,8,3,0,0,0,0,0,1,8,2,1,2,0,0,0,5,1,17,0,8,6,0,5
360670018003008,220,220,170,36,0,6,0,0,8,220,215,5,220,139,2,16,4,0,0,0,0,1,24,17,11,19,6,3,6,9,14,4,1,0,1,0,1,81,14,0,6,0,0,0,1,7,8,1,0,2,2,19,0,1,16,0,0,0,4,0,0
360670018003009,100,100,62,22,2,4,0,0,10,100,85,15,100,56,3,3,9,1,4,0,1,6,0,1,4,1,2,9,5,5,0,1,0,0,0,0,1,44,0,0,9,2,0,0,2,2,6,3,0,1,0,0,2,1,16,0,0,0,0,0,0
360670018003010,91,91,41,26,3,7,0,3,11,91,74,17,91,60,12,5,2,0,4,0,0,0,4,5,3,6,4,2,4,0,1,0,2,5,0,1,0,31,3,0,1,0,0,0,1,0,4,0,3,0,14,3,1,1,0,0,0,0,0,0,0
360670018003011,103,103,67,13,0,4,0,7,12,103,95,8,103,72,2,1,1,5,3,0,5,11,14,5,1,16,3,1,1,2,1,0,0,0,0,0,0,31,1,2,7,1,0,0,0,1,4,0,0,0,0,1,10,0,0,0,0,0,0,3,1
360670018003012,47,47,30,4,1,2,0,1,9,47,45,2,47,25,1,4,2,0,0,0,0,0,1,0,4,0,0,2,7,0,0,0,4,0,0,0,0,22,0,0,0,1,3,0,1,2,0,1,2,9,1,1,1,0,0,0,0,0,0,0,0
360670018003013,36,36,27,0,0,3,0,2,4,36,29,7,36,0,0,0,0,0,0,0,0,0,0,0,0,0,0,0,0,0,0,0,0,0,0,0,0,36,1,0,0,1,0,0,0,0,1,6,15,2,0,2,1,0,0,0,7,0,0,0,0
360670018003014,30,30,23,4,1,0,0,0,2,30,28,2,30,21,3,0,0,0,0,0,0,1,0,0,0,0,0,0,0,1,0,0,0,11,2,3,0,9,0,0,0,0,0,0,0,0,0,0,0,0,0,0,7,0,1,0,0,1,0,0,0
360670018003015,6,6,2,1,0,0,0,0,3,6,4,2,6,3,2,1,0,0,0,0,0,0,0,0,0,0,0,0,0,0,0,0,0,0,0,0,0,3,0,0,0,0,0,0,0,0,3,0,0,0,0,0,0,0,0,0,0,0,0,0,0
360670018003016,0,0,0,0,0,0,0,0,0,0,0,0,0,0,0,0,0,0,0,0,0,0,0,0,0,0,0,0,0,0,0,0,0,0,0,0,0,0,0,0,0,0,0,0,0,0,0,0,0,0,0,0,0,0,0,0,0,0,0,0,0
360670018003017,68,68,52,0,2,5,0,1,8,68,62,6,68,23,1,2,2,4,0,0,0,0,1,1,10,0,0,1,0,0,1,0,0,0,0,0,0,45,1,0,0,1,0,0,0,0,0,16,2,0,9,0,12,0,0,1,0,0,0,0,3
360670019001000,34,34,16,2,0,2,0,3,11,34,25,9,34,19,2,0,4,4,0,0,1,0,0,4,0,0,2,0,2,0,0,0,0,0,0,0,0,15,1,0,0,0,0,0,0,1,0,0,1,5,1,1,5,0,0,0,0,0,0,0,0
360670019001001,56,56,35,4,0,0,0,8,9,56,42,14,56,40,1,1,7,0,2,0,0,3,2,0,0,1,6,7,2,0,0,3,2,0,0,0,3,16,0,1,0,0,0,0,0,4,2,0,1,0,1,1,1,1,0,0,0,1,1,2,0
360670019001002,67,67,57,0,0,0,0,0,10,67,64,3,67,28,0,1,0,1,6,2,0,1,5,5,0,2,3,0,2,0,0,0,0,0,0,0,0,39,1,1,0,0,0,1,0,4,1,6,1,0,4,2,1,0,6,0,0,0,0,11,0
360670019001003,62,62,38,10,0,0,0,5,9,62,54,8,62,24,0,0,1,0,2,1,2,2,6,3,0,5,0,0,0,2,0,0,0,0,0,0,0,38,4,2,2,0,0,0,0,2,0,0,5,5,1,0,0,2,3,0,4,0,5,0,3
360670019001004,63,63,46,5,0,3,0,0,9,63,61,2,63,33,0,0,1,0,0,0,0,0,0,11,0,8,1,0,4,2,4,0,0,2,0,0,0,30,0,1,0,0,0,0,0,1,1,4,1,0,0,9,1,0,0,1,1,3,0,1,6
360670019001005,56,56,33,7,2,5,0,2,7,56,50,6,56,25,0,4,0,0,0,0,0,1,1,6,2,2,4,3,0,0,1,0,0,0,1,0,0,31,3,3,8,0,0,0,0,1,0,8,0,5,0,0,0,3,0,0,0,0,0,0,0
360670019001006,31,31,24,1,3,0,0,0,3,31,29,2,31,9,0,0,0,0,0,0,0,0,1,0,1,0,0,0,0,0,0,1,0,2,4,0,0,22,1,0,1,0,0,0,0,1,0,6,0,5,0,0,2,1,2,0,0,2,0,0,1
360670019001007,47,47,38,6,0,0,0,1,2,47,46,1,47,28,2,0,3,0,0,0,1,1,9,2,0,0,0,0,1,0,0,5,0,1,3,0,0,19,0,0,0,0,0,0,0,3,8,4,0,0,0,0,0,0,1,0,0,1,1,0,1
360670019001008,64,64,38,21,0,0,0,5,0,64,59,5,64,39,2,0,0,1,1,0,0,0,0,0,4,4,7,2,0,2,1,2,7,0,1,2,3,25,3,0,5,0,0,0,0,1,0,0,2,2,2,3,5,0,2,0,0,0,0,0,0
360670019001009,89,89,55,22,0,2,0,1,9,89,85,4,89,35,4,2,1,1,0,0,0,1,0,1,3,5,1,0,5,4,1,0,4,0,0,2,0,54,1,9,3,1,1,0,0,0,4,6,2,1,10,2,2,4,0,3,3,0,2,0,0
360670019001010,63,63,36,16,0,0,0,4,7,63,57,6,63,41,4,1,3,4,0,0,0,0,3,3,13,1,4,0,2,0,1,0,0,0,2,0,0,22,1,0,2,0,0,0,0,0,2,4,0,1,0,2,1,0,3,0,0,0,0,0,6
360670019002000,36,36,23,0,3,1,0,6,3,36,28,8,36,16,0,0,1,4,0,1,0,0,0,1,0,0,1,5,0,0,0,0,0,1,0,2,0,20,2,0,0,0,1,0,0,0,1,2,3,0,1,1,0,2,0,3,0,0,2,0,2
360670019002001,54,54,40,9,0,0,0,0,5,54,54,0,54,20,3,0,0,5,0,0,0,1,1,4,1,0,0,0,0,0,0,0,0,2,0,2,1,34,1,0,0,0,0,0,0,0,5,7,0,0,0,5,2,2,0,0,0,4,0,6,2
360670019002002,66,66,48,12,0,1,0,0,5,66,63,3,66,43,1,0,3,7,0,2,2,0,9,4,4,3,5,0,2,0,0,0,0,0,0,1,0,23,0,2,0,1,0,1,1,12,0,5,0,0,1,0,0,0,0,0,0,0,0,0,0
360670019002003,0,0,0,0,0,0,0,0,0,0,0,0,0,0,0,0,0,0,0,0,0,0,0,0,0,0,0,0,0,0,0,0,0,0,0,0,0,0,0,0,0,0,0,0,0,0,0,0,0,0,0,0,0,0,0,0,0,0,0,0,0
360670019002004,65,65,29,30,0,4,0,0,2,65,63,2,65,31,0,0,1,0,0,0,0,1,1,1,8,6,0,5,6,1,0,0,0,0,0,1,0,34,0,1,4,0,0,0,1,4,10,0,2,4,0,3,1,1,1,0,2,0,0,0,0
360670019002005,40,40,28,12,0,0,0,0,0,40,39,1,40,24,0,0,0,0,0,0,1,0,3,0,5,5,0,10,0,0,0,0,0,0,0,0,0,16,0,0,0,0,0,0,0,1,5,0,0,0,0,7,0,0,0,0,3,0,0,0,0
360670019002006,27,27,19,7,0,0,0,0,1,27,25,2,27,17,0,3,2,0,0,0,0,0,1,7,0,0,0,0,1,0,0,3,0,0,0,0,0,10,0,0,0,0,0,0,0,0,0,0,5,1,4,0,0,0,0,0,0,0,0,0,0
360670019002007,75,75,43,27,0,2,0,1,2,75,75,0,75,39,0,2,0,1,3,0,0,4,5,0,0,1,3,4,8,0,5,0,3,0,0,0,0,36,2,2,3,6,0,0,0,2,7,0,0,0,0,3,0,2,0,2,4,0,0,2,1
360670019002008,38,38,16,10,0,3,0,2,7,38,34,4,38,23,1,3,5,1,0,1,0,0,3,1,2,0,6,0,0,0,0,0,0,0,0,0,0,15,2,1,1,0,0,0,0,0,1,0,2,2,2,3,0,1,0,0,0,0,0,0,0
360670019002009,57,57,30,21,0,0,0,0,6,57,53,4,57,28,0,0,0,0,0,0,0,0,0,3,0,1,0,1,1,5,12,0,1,0,0,0,4,29,2,0,1,1,5,0,0,1,1,2,0,0,5,1,6,0,3,0,0,0,0,0,1
360670019002010,0,0,0,0,0,0,0,0,0,0,0,0,0,0,0,0,0,0,0,0,0,0,0,0,0,0,0,0,0,0,0,0,0,0,0,0,0,0,0,0,0,0,0,0,0,0,0,0,0,0,0,0,0,0,0,0,0,0,0,0,0
360670019002011,0,0,0,0,0,0,0,0,0,0,0,0,0,0,0,0,0,0,0,0,0,0,0,0,0,0,0,0,0,0,0,0,0,0,0,0,0,0,0,0,0,0,0,0,0,0,0,0,0,0,0,0,0,0,0,0,0,0,0,0,0
360670019002012,0,0,0,0,0,0,0,0,0,0,0,0,0,0,0,0,0,0,0,0,0,0,0,0,0,0,0,0,0,0,0,0,0,0,0,0,0,0,0,0,0,0,0,0,0,0,0,0,0,0,0,0,0,0,0,0,0,0,0,0,0
360670019002013,26,26,21,0,0,3,0,0,2,26,26,0,26,15,0,0,2,1,0,0,0,0,0,1,1,0,0,0,0,0,1,3,1,2,1,2,0,11,2,0,0,0,0,0,2,0,1,0,1,0,0,0,0,1,0,0,0,4,0,0,0
360670019002014,47,47,26,10,0,0,0,0,11,47,39,8,47,16,2,1,0,1,0,0,0,2,0,1,0,0,0,3,3,0,0,0,1,2,0,0,0,31,3,1,0,1,1,0,0,0,4,0,6,4,0,2,4,1,0,1,1,2,0,0,0
360670019002015,59,59,45,5,0,3,0,0,6,59,55,4,59,14,4,2,0,0,0,0,0,0,3,0,0,0,0,0,0,0,5,0,0,0,0,0,0,45,1,8,2,3,0,2,0,2,6,1,0,0,0,8,9,0,1,1,0,0,1,0,0
360670019002016,0,0,0,0,0,0,0,0,0,0,0,0,0,0,0,0,0,0,0,0,0,0,0,0,0,0,0,0,0,0,0,0,0,0,0,0,0,0,0,0,0,0,0,0,0,0,0,0,0,0,0,0,0,0,0,0,0,0,0,0,0
360670019002017,30,30,12,14,1,0,0,0,3,30,27,3,30,17,0,0,0,8,0,0,1,3,0,2,0,0,0,0,0,0,2,0,0,1,0,0,0,13,1,1,1,0,0,0,0,0,0,2,0,0,0,0,0,0,0,2,0,6,0,0,0
360670019002018,67,67,32,27,0,0,0,1,7,67,62,5,67,25,1,2,0,0,0,2,0,0,1,3,4,1,1,3,2,1,2,1,0,0,0,1,0,42,2,1,4,2,0,0,0,0,2,3,4,1,6,4,1,0,2,7,1,1,1,0,0
360670019002019,69,69,38,10,2,1,0,1,17,69,58,11,69,34,3,2,1,0,1,0,0,0,1,10,0,1,0,4,2,0,0,5,0,3,1,0,0,35,0,1,6,5,0,0,0,1,0,5,0,6,3,0,1,2,4,0,0,1,0,0,0
360670019003000,82,82,59,8,0,6,0,0,9,82,76,6,82,31,2,4,1,1,1,0,0,1,2,2,2,1,0,0,0,4,6,0,0,1,0,1,2,51,1,0,3,0,2,0,0,0,4,2,3,4,0,4,9,0,4,6,3,0,4,0,2
360670019003001,64,64,48,9,0,0,0,2,5,64,61,3,64,21,1,1,0,0,0,1,1,7,1,0,0,1,0,1,1,0,3,0,3,0,0,0,0,43,0,4,1,2,0,0,0,0,3,0,10,0,6,3,0,0,0,0,0,10,0,4,0
360670019003002,59,59,45,3,1,0,0,0,10,59,54,5,59,29,0,4,3,0,0,0,0,0,3,5,4,0,5,0,1,0,0,1,3,0,0,0,0,30,0,1,0,4,0,1,0,2,0,0,0,0,0,0,2,5,2,0,11,2,0,0,0
360670019003003,53,53,40,6,0,0,0,0,7,53,52,1,53,30,1,7,0,1,0,0,1,0,4,2,3,6,0,2,0,2,0,0,1,0,0,0,0,23,0,0,1,0,0,0,0,0,4,5,0,10,2,0,0,0,1,0,0,0,0,0,0
360670019003004,67,67,57,4,0,0,0,2,4,67,63,4,67,30,1,11,0,0,0,3,3,3,0,3,0,1,0,0,0,0,0,0,0,5,0,0,0,37,0,0,0,0,2,0,0,0,1,11,7,3,0,1,1,0,5,0,0,0,1,4,1
360670019003005,55,55,46,5,0,0,0,0,4,55,52,3,55,11,0,0,0,0,0,0,0,1,0,0,1,4,0,0,1,0,0,0,0,0,1,3,0,44,4,2,4,0,0,6,1,3,7,0,4,2,0,6,0,4,0,0,0,0,0,1,0
360670019003006,101,101,79,7,0,0,0,1,14,101,95,6,101,46,3,1,4,9,0,0,0,0,3,10,2,1,3,2,1,0,3,0,0,2,2,0,0,55,0,4,3,1,0,0,0,5,0,8,1,0,0,4,5,0,3,0,1,1,7,3,9
360670019003007,59,59,48,0,0,3,0,4,4,59,53,6,59,33,2,1,2,1,0,0,0,0,2,0,1,0,0,11,5,0,3,0,1,0,4,0,0,26,0,0,5,2,0,0,0,0,0,4,2,2,0,4,0,0,0,0,0,6,0,0,1
360670019003008,96,96,66,23,1,0,0,0,6,96,94,2,96,45,2,2,1,1,0,1,0,1,7,8,5,4,2,3,0,4,2,0,0,2,0,0,0,51,7,0,5,1,10,1,0,2,0,1,6,1,0,0,3,0,3,2,6,1,1,0,1
360670019003009,87,87,62,19,0,1,0,0,5,87,84,3,87,62,0,1,8,0,2,0,0,0,0,1,11,1,5,9,9,4,2,2,3,1,0,3,0,25,4,1,1,0,2,0,0,0,0,1,0,0,0,0,6,2,3,0,4,1,0,0,0
360670019003010,0,0,0,0,0,0,0,0,0,0,0,0,0,0,0,0,0,0,0,0,0,0,0,0,0,0,0,0,0,0,0,0,0,0,0,0,0,0,0,0,0,0,0,0,0,0,0,0,0,0,0,0,0,0,0,0,0,0,0,0,0
360670019003011,33,33,20,8,1,0,0,0,4,33,31,2,33,16,0,0,0,0,3,0,0,0,4,1,0,1,4,0,0,0,0,0,0,0,0,1,2,17,0,0,0,0,0,0,0,0,5,2,0,0,2,3,0,0,0,0,0,0,5,0,0
360670019003012,14,14,11,0,0,1,0,0,2,14,13,1,14,6,0,1,0,0,0,0,0,0,0,1,0,1,0,0,3,0,0,0,0,0,0,0,0,8,0,0,0,0,0,0,1,0,1,0,0,0,1,0,0,0,4,0,0,1,0,0,0
360670019003013,25,25,10,11,0,2,0,2,0,25,25,0,25,19,3,1,1,0,0,0,0,0,0,0,5,0,0,4,2,0,0,0,0,0,0,0,3,6,0,3,0,1,0,0,0,0,0,0,0,0,0,0,0,0,0,0,0,2,0,0,0
360670019003014,28,28,17,4,0,0,0,6,1,28,25,3,28,16,4,0,0,0,0,0,0,0,0,0,0,0,1,0,1,0,3,0,0,5,1,0,1,12,0,3,0,0,0,1,0,0,0,3,2,2,1,0,0,0,0,0,0,0,0,0,0
360670019003015,36,36,31,0,0,1,0,0,4,36,36,0,36,16,0,0,0,0,0,1,0,2,0,2,0,7,0,1,3,0,0,0,0,0,0,0,0,20,5,0,1,3,0,0,0,2,0,3,0,0,1,0,0,5,0,0,0,0,0,0,0
360670019003016,50,50,19,29,0,0,0,0,2,50,50,0,50,19,0,0,0,0,0,0,0,0,0,0,3,4,0,6,0,1,1,0,0,0,0,0,4,31,0,0,0,0,0,0,0,0,0,0,0,4,0,1,6,0,4,4,2,2,1,3,4
360670019004000,69,69,64,0,0,1,0,1,3,69,68,1,69,25,0,0,0,2,0,0,0,0,5,9,4,0,2,2,1,0,0,0,0,0,0,0,0,44,3,1,2,0,0,0,0,0,11,6,1,0,9,0,0,0,0,4,0,0,4,1,2
360670019004001,59,59,50,4,0,0,0,5,0,59,59,0,59,27,0,0,0,3,0,0,1,6,0,1,7,0,0,8,0,1,0,0,0,0,0,0,0,32,5,0,0,0,0,0,1,1,0,1,7,0,7,0,0,0,1,3,0,0,3,2,1
360670019004002,54,54,43,8,0,0,0,0,3,54,52,2,54,8,0,1,0,0,0,0,0,0,0,0,0,1,0,1,0,0,0,0,3,0,2,0,0,46,0,1,4,0,0,1,0,0,0,4,0,0,0,9,5,0,0,1,0,13,4,4,0
360670019004003,77,77,70,2,0,0,0,0,5,77,76,1,77,34,2,3,2,0,0,0,0,0,0,8,3,0,0,1,7,2,0,0,0,4,1,0,1,43,0,6,0,0,0,1,0,0,2,6,6,4,1,5,3,1,0,0,2,3,0,0,3
360670019004004,47,47,42,0,0,0,0,1,4,47,44,3,47,31,1,2,5,3,0,0,0,0,0,0,3,2,0,8,1,5,1,0,0,0,0,0,0,16,0,0,1,1,0,0,0,0,0,0,7,0,0,1,1,0,4,0,1,0,0,0,0
360670019004005,87,87,72,10,4,0,0,0,1,87,86,1,87,34,0,2,0,1,1,0,1,1,1,5,0,4,1,1,2,2,0,0,5,0,4,3,0,53,2,7,7,2,2,0,8,2,0,1,2,3,1,3,0,2,1,1,9,0,0,0,0
360670019004006,93,93,71,8,1,3,0,4,6,93,84,9,93,64,7,0,2,0,0,0,0,1,6,0,14,0,15,0,11,1,0,0,0,0,4,0,3,29,1,2,1,0,0,0,0,0,1,2,2,2,1,0,0,12,1,3,0,0,0,1,0
360670019004007,61,61,47,11,0,0,0,0,3,61,60,1,61,19,0,2,0,1,0,0,0,0,0,2,5,4,1,0,2,0,0,0,2,0,0,0,0,42,2,0,5,0,1,0,1,4,1,10,7,0,4,0,1,4,0,0,0,2,0,0,0
360670019004008,78,78,69,1,0,1,0,0,7,78,74,4,78,36,3,2,4,0,0,0,0,0,0,0,1,1,1,0,7,0,0,4,0,8,1,4,0,42,1,0,0,0,0,0,0,0,6,0,0,5,0,14,3,1,11,0,0,0,1,0,0
360670019004009,72,72,49,4,0,12,0,0,7,72,66,6,72,44,7,1,1,3,0,0,0,0,3,0,1,1,1,1,0,0,7,12,0,6,0,0,0,28,1,1,1,1,1,0,0,2,1,3,4,2,1,0,9,0,0,1,0,0,0,0,0
360670019004010,67,67,52,10,2,0,0,0,3,67,67,0,67,34,2,1,5,1,1,1,0,1,9,2,0,1,0,2,0,0,6,0,2,0,0,0,0,33,1,0,0,6,0,0,0,0,0,0,0,0,0,1,11,0,0,3,8,3,0,0,0
360670019004011,46,46,40,0,0,0,0,4,2,46,40,6,46,14,0,0,1,0,0,2,0,0,0,4,0,2,1,1,1,1,1,0,0,0,0,0,0,32,0,1,2,1,0,0,0,0,1,5,2,2,0,2,0,0,10,0,0,5,1,0,0
360670019005000,74,74,56,5,1,0,0,5,7,74,64,10,74,42,1,0,1,0,0,2,0,1,3,3,8,2,3,3,5,1,0,0,4,3,0,1,1,32,4,4,1,1,0,0,1,2,1,2,6,4,1,0,1,0,1,2,0,0,0,0,1
360670019005001,76,76,69,5,0,2,0,0,0,76,74,2,76,43,3,0,2,0,0,1,1,6,0,6,3,2,3,8,3,0,0,0,3,1,0,0,1,33,1,2,1,0,0,1,0,9,0,2,0,0,0,1,12,4,0,0,0,0,0,0,0
360670019005002,42,42,36,2,1,0,0,0,3,42,40,2,42,16,0,1,1,0,0,0,0,0,2,1,0,0,3,0,0,0,0,3,2,3,0,0,0,26,1,0,1,0,0,0,0,0,0,5,5,2,1,1,7,0,0,0,1,2,0,0,0
360670019005003,62,62,49,5,0,1,0,4,3,62,55,7,62,26,2,0,1,0,0,0,0,0,0,0,0,1,1,0,5,0,0,0,0,2,9,5,0,36,2,1,0,1,0,0,1,0,0,2,5,3,1,0,0,0,1,0,1,1,9,6,2
360670019005004,65,65,47,10,0,2,0,4,2,65,65,0,65,35,5,4,0,2,3,0,0,0,0,1,0,10,6,0,0,4,0,0,0,0,0,0,0,30,0,2,0,0,0,0,0,0,5,2,4,0,1,0,12,0,4,0,0,0,0,0,0
360670019005005,85,85,67,2,1,2,0,8,5,85,76,9,85,33,0,6,1,0,2,0,1,5,3,4,4,0,4,0,0,1,0,0,0,2,0,0,0,52,0,5,4,1,0,0,0,0,5,0,2,0,15,1,1,1,10,0,0,5,0,1,1
360670019005006,91,91,56,11,0,8,0,1,15,91,84,7,91,31,0,2,3,0,3,1,2,1,0,3,0,0,2,0,4,0,1,0,4,1,0,4,0,60,3,5,1,4,0,0,1,2,2,1,9,3,2,13,0,0,0,6,4,0,0,2,2
360670019005007,85,85,54,13,0,5,0,1,12,85,82,3,85,57,3,6,2,0,0,0,0,2,6,1,6,1,0,3,2,4,4,5,0,6,1,1,4,28,1,0,3,0,0,0,2,0,2,1,1,1,5,0,0,0,0,0,0,10,0,1,1
360670019005008,53,53,45,2,3,0,0,2,1,53,50,3,53,22,0,1,0,0,1,0,0,0,2,6,0,4,1,0,6,0,0,0,0,0,1,0,0,31,1,0,0,1,0,0,0,0,0,4,0,1,0,2,0,5,2,4,2,5,2,0,2
360670019005009,32,32,31,0,0,0,0,0,1,32,32,0,32,18,0,0,0,0,0,0,1,0,0,0,0,3,0,0,7,0,0,0,0,7,0,0,0,14,0,0,0,0,0,0,0,0,3,6,0,0,0,0,0,0,0,0,5,0,0,0,0
360670019005010,0,0,0,0,0,0,0,0,0,0,0,0,0,0,0,0,0,0,0,0,0,0,0,0,0,0,0,0,0,0,0,0,0,0,0,0,0,0,0,0,0,0,0,0,0,0,0,0,0,0,0,0,0,0,0,0,0,0,0,0,0
360670019005011,28,28,13,3,1,2,0,0,9,28,22,6,28,14,1,2,0,1,0,1,0,1,3,4,0,0,0,0,0,0,0,0,0,1,0,0,0,14,0,3,1,0,0,0,0,1,0,2,2,0,0,0,2,0,0,0,2,0,1,0,0
360670019005012,24,24,17,1,0,4,0,0,2,24,24,0,24,12,3,0,0,0,0,0,2,0,0,1,2,0,0,2,0,1,0,0,0,1,0,0,0,12,3,2,0,0,0,0,0,0,5,0,0,1,0,0,0,0,0,0,0,0,0,1,0
360670020001000,29,29,7,10,2,0,0,5,5,29,26,3,29,9,0,0,0,1,0,0,0,0,0,1,0,5,1,0,0,0,0,0,1,0,0,0,0,20,3,1,5,1,0,0,1,1,0,7,0,0,0,0,1,0,0,0,0,0,0,0,0
360670020001001,82,82,53,24,2,0,0,0,3,82,81,1,82,46,9,3,9,0,0,0,0,0,10,0,4,0,0,0,0,0,0,2,0,5,3,0,1,36,0,3,2,0,5,0,2,5,1,10,1,0,0,0,1,0,0,0,0,6,0,0,0
360670020001002,0,0,0,0,0,0,0,0,0,0,0,0,0,0,0,0,0,0,0,0,0,0,0,0,0,0,0,0,0,0,0,0,0,0,0,0,0,0,0,0,0,0,0,0,0,0,0,0,0,0,0,0,0,0,0,0,0,0,0,0,0
360670020001003,0,0,0,0,0,0,0,0,0,0,0,0,0,0,0,0,0,0,0,0,0,0,0,0,0,0,0,0,0,0,0,0,0,0,0,0,0,0,0,0,0,0,0,0,0,0,0,0,0,0,0,0,0,0,0,0,0,0,0,0,0
360670020001004,0,0,0,0,0,0,0,0,0,0,0,0,0,0,0,0,0,0,0,0,0,0,0,0,0,0,0,0,0,0,0,0,0,0,0,0,0,0,0,0,0,0,0,0,0,0,0,0,0,0,0,0,0,0,0,0,0,0,0,0,0
360670020001005,25,25,14,3,2,0,0,0,6,25,19,6,25,12,3,0,0,1,0,0,0,0,0,7,0,0,0,0,0,0,0,1,0,0,0,0,0,13,3,3,0,2,0,0,0,0,0,0,0,1,1,1,0,0,2,0,0,0,0,0,0
360670020001006,58,58,17,25,0,0,0,1,15,58,48,10,58,40,5,5,7,0,0,0,0,0,2,5,0,2,0,1,9,0,1,0,3,0,0,0,0,18,3,3,1,0,0,0,0,1,1,4,2,0,0,0,1,0,0,1,1,0,0,0,0
360670020001007,202,202,149,29,1,0,0,4,19,202,180,22,202,94,2,13,8,2,2,2,7,2,10,10,2,3,6,14,3,0,3,0,0,5,0,0,0,108,9,3,13,10,1,2,1,10,21,0,2,4,10,1,3,5,0,3,5,0,0,1,4
360670020001008,49,49,24,16,0,0,0,1,8,49,40,9,49,41,6,4,3,4,0,0,1,1,2,3,0,2,0,6,0,0,0,0,0,5,4,0,0,8,0,1,0,0,0,0,0,0,3,2,0,0,0,0,0,0,0,0,0,0,1,1,0
360670020001009,59,59,35,18,0,0,0,0,6,59,57,2,59,27,1,0,0,0,0,1,0,2,5,4,7,2,0,0,0,5,0,0,0,0,0,0,0,32,5,0,0,0,0,1,1,6,7,0,0,4,2,1,0,2,0,0,2,1,0,0,0
360670020001010,18,18,4,7,1,0,0,0,6,18,17,1,18,8,1,0,1,0,1,0,0,0,0,1,0,0,0,0,0,1,0,0,2,0,0,0,1,10,0,1,0,0,0,0,0,0,3,0,0,0,0,0,1,0,0,2,3,0,0,0,0
360670020001011,61,61,41,14,1,0,0,0,5,61,60,1,61,30,1,1,7,4,0,0,0,0,5,1,5,0,4,0,0,0,0,0,1,0,1,0,0,31,1,3,1,3,0,0,0,0,0,2,1,12,0,1,1,0,0,3,1,0,2,0,0
360670020001012,63,63,42,5,4,0,0,4,8,63,58,5,63,44,1,5,1,0,1,0,0,3,0,5,2,1,2,0,3,8,6,0,1,1,0,4,0,19,0,8,1,0,0,0,0,0,2,0,1,2,4,0,1,0,0,0,0,0,0,0,0
360670020001013,38,38,29,0,1,0,0,3,5,38,35,3,38,15,2,0,1,0,0,0,0,0,0,1,3,0,0,5,0,2,1,0,0,0,0,0,0,23,3,1,1,2,3,1,0,0,7,0,1,0,0,3,0,0,0,0,1,0,0,0,0
360670020001014,130,130,93,16,0,0,0,1,20,130,126,4,130,37,5,0,1,3,0,0,0,1,2,1,0,0,12,4,5,0,3,0,0,0,0,0,0,93,11,7,0,1,0,0,0,2,3,8,31,2,0,1,7,0,8,3,0,8,1,0,0
360670020001015,41,41,25,5,0,2,0,3,6,41,34,7,41,7,2,1,0,1,0,0,0,1,0,0,0,1,0,0,0,0,1,0,0,0,0,0,0,34,0,0,2,0,0,0,1,0,0,1,0,1,4,10,9,1,3,2,0,0,0,0,0
360670020001016,25,25,15,0,0,1,0,3,6,25,17,8,25,3,0,0,2,0,0,0,0,0,0,1,0,0,0,0,0,0,0,0,0,0,0,0,0,22,0,4,1,1,0,0,0,1,5,2,3,1,0,0,0,0,1,0,1,0,0,2,0
360670020001017,76,76,41,11,1,0,0,6,17,76,56,20,76,44,6,3,3,2,0,1,7,0,0,1,4,4,2,0,11,0,0,0,0,0,0,0,0,32,2,1,1,2,0,1,0,2,1,10,1,1,1,4,1,4,0,0,0,0,0,0,0
360670020001018,0,0,0,0,0,0,0,0,0,0,0,0,0,0,0,0,0,0,0,0,0,0,0,0,0,0,0,0,0,0,0,0,0,0,0,0,0,0,0,0,0,0,0,0,0,0,0,0,0,0,0,0,0,0,0,0,0,0,0,0,0
360670020001019,0,0,0,0,0,0,0,0,0,0,0,0,0,0,0,0,0,0,0,0,0,0,0,0,0,0,0,0,0,0,0,0,0,0,0,0,0,0,0,0,0,0,0,0,0,0,0,0,0,0,0,0,0,0,0,0,0,0,0,0,0
360670020001020,20,20,7,3,1,0,0,0,9,20,16,4,20,9,2,1,2,1,1,0,0,0,0,0,0,0,0,1,1,0,0,0,0,0,0,0,0,11,0,0,1,0,1,0,0,0,0,0,0,4,0,4,1,0,0,0,0,0,0,0,0
360670020001021,24,24,3,11,0,0,0,5,5,24,18,6,24,7,0,0,0,0,0,0,2,1,3,0,0,0,0,0,0,1,0,0,0,0,0,0,0,17,4,1,8,0,0,0,0,0,0,0,2,1,0,0,0,0,1,0,0,0,0,0,0
360670020001022,27,27,15,5,0,3,0,0,4,27,23,4,27,6,0,0,1,0,0,0,0,0,0,2,0,2,1,0,0,0,0,0,0,0,0,0,0,21,0,3,1,1,0,0,0,0,2,0,3,0,3,1,2,0,5,0,0,0,0,0,0
360670020001023,8,8,8,0,0,0,0,0,0,8,7,1,8,3,2,0,1,0,0,0,0,0,0,0,0,0,0,0,0,0,0,0,0,0,0,0,0,5,4,0,1,0,0,0,0,0,0,0,0,0,0,0,0,0,0,0,0,0,0,0,0
360670020001024,8,8,4,0,1,0,0,1,2,8,8,0,8,2,0,0,1,1,0,0,0,0,0,0,0,0,0,0,0,0,0,0,0,0,0,0,0,6,1,2,2,1,0,0,0,0,0,0,0,0,0,0,0,0,0,0,0,0,0,0,0
360670020002000,0,0,0,0,0,0,0,0,0,0,0,0,0,0,0,0,0,0,0,0,0,0,0,0,0,0,0,0,0,0,0,0,0,0,0,0,0,0,0,0,0,0,0,0,0,0,0,0,0,0,0,0,0,0,0,0,0,0,0,0,0
360670020002001,0,0,0,0,0,0,0,0,0,0,0,0,0,0,0,0,0,0,0,0,0,0,0,0,0,0,0,0,0,0,0,0,0,0,0,0,0,0,0,0,0,0,0,0,0,0,0,0,0,0,0,0,0,0,0,0,0,0,0,0,0
360670020002002,206,206,145,26,0,2,0,13,20,206,176,30,206,100,3,11,9,4,0,5,0,8,2,5,7,12,3,10,16,0,4,0,0,0,0,0,1,106,6,6,18,11,3,0,0,0,15,21,14,7,0,2,0,0,3,0,0,0,0,0,0
360670020002003,74,74,57,5,4,0,0,5,3,74,64,10,74,58,0,2,13,3,0,0,0,0,8,2,0,0,0,6,9,5,0,0,8,1,1,0,0,16,0,0,1,0,0,0,0,1,3,1,5,4,0,0,0,1,0,0,0,0,0,0,0
360670020002004,51,51,25,3,3,0,0,5,15,51,40,11,51,20,3,0,0,1,4,0,0,0,3,2,1,0,2,4,0,0,0,0,0,0,0,0,0,31,5,0,3,3,0,0,2,4,0,0,1,0,1,3,9,0,0,0,0,0,0,0,0
360670020002005,106,106,84,17,0,0,0,0,5,106,102,4,106,48,1,10,1,0,0,0,0,0,5,9,0,0,10,0,2,3,0,5,0,0,0,0,2,58,4,5,1,1,5,5,1,4,2,7,8,3,2,0,2,2,0,1,0,1,0,0,4
360670020002006,142,142,91,35,0,0,0,1,15,142,120,22,142,69,8,8,8,2,4,1,0,5,7,0,10,2,1,3,0,1,0,0,0,6,1,0,2,73,1,11,2,0,1,1,0,3,19,3,1,5,3,0,4,0,12,0,1,6,0,0,0
360670020002007,203,203,121,48,1,0,0,7,26,203,179,24,203,91,1,10,4,0,6,1,4,1,8,15,13,3,1,9,0,0,1,8,1,4,1,0,0,112,3,3,6,8,0,2,0,6,22,0,5,19,7,0,14,0,0,6,0,8,0,0,3
360670020002008,30,30,20,3,0,0,0,0,7,30,22,8,30,18,0,4,0,0,0,0,0,0,1,0,0,4,0,0,4,0,1,0,1,3,0,0,0,12,3,2,0,0,0,0,0,0,0,0,2,0,0,0,0,3,0,0,0,0,2,0,0
360670020002009,82,82,62,9,0,0,0,3,8,82,72,10,82,49,2,0,2,1,0,0,0,0,13,3,7,7,3,0,5,0,0,0,0,0,6,0,0,33,7,4,1,1,0,1,0,1,4,0,0,0,0,10,1,1,0,0,2,0,0,0,0
360670020002010,19,19,12,5,0,0,0,0,2,19,15,4,19,0,0,0,0,0,0,0,0,0,0,0,0,0,0,0,0,0,0,0,0,0,0,0,0,19,5,2,0,1,0,0,1,3,0,1,3,1,0,0,0,0,0,0,0,0,0,0,2
360670020002011,86,86,55,15,1,2,0,2,11,86,74,12,86,20,0,0,7,1,0,0,0,2,0,6,4,0,0,0,0,0,0,0,0,0,0,0,0,66,2,2,3,0,0,0,1,6,1,19,2,1,4,0,1,3,5,5,0,4,3,4,0
360670020002012,59,59,31,20,1,0,0,1,6,59,55,4,59,42,9,1,0,5,0,0,0,0,5,1,3,1,8,0,6,0,2,0,1,0,0,0,0,17,0,1,0,1,0,0,0,0,0,0,2,0,7,0,0,0,0,0,4,1,0,0,1
360670020002013,54,54,39,6,0,0,0,3,6,54,45,9,54,13,0,1,0,0,0,0,1,6,1,1,0,1,0,2,0,0,0,0,0,0,0,0,0,41,8,1,7,0,0,0,0,1,2,4,0,0,1,11,0,0,2,1,0,0,3,0,0
360670020002014,16,16,13,0,0,0,0,0,3,16,9,7,16,5,1,0,3,0,0,0,0,0,0,0,1,0,0,0,0,0,0,0,0,0,0,0,0,11,2,0,2,1,0,0,0,0,0,0,0,0,0,0,1,4,0,0,0,0,0,0,1
360670021011000,0,0,0,0,0,0,0,0,0,0,0,0,0,0,0,0,0,0,0,0,0,0,0,0,0,0,0,0,0,0,0,0,0,0,0,0,0,0,0,0,0,0,0,0,0,0,0,0,0,0,0,0,0,0,0,0,0,0,0,0,0
360670021011001,100,100,59,35,1,0,0,0,5,100,99,1,100,36,6,0,6,2,0,2,0,1,0,0,8,0,2,0,1,4,0,1,1,0,0,2,0,64,10,2,9,1,0,1,2,5,2,2,3,0,0,9,0,2,9,3,2,0,0,0,2
360670021011002,80,80,37,13,6,0,0,7,17,80,70,10,80,32,1,2,3,0,0,0,0,3,1,10,1,0,0,2,0,3,0,4,0,1,1,0,0,48,5,1,3,0,3,1,3,3,4,5,5,3,4,0,4,0,1,3,0,0,0,0,0
360670021011003,0,0,0,0,0,0,0,0,0,0,0,0,0,0,0,0,0,0,0,0,0,0,0,0,0,0,0,0,0,0,0,0,0,0,0,0,0,0,0,0,0,0,0,0,0,0,0,0,0,0,0,0,0,0,0,0,0,0,0,0,0
360670021011004,12,12,5,4,0,0,0,1,2,12,10,2,12,12,2,1,1,0,0,0,0,1,4,0,0,1,1,1,0,0,0,0,0,0,0,0,0,0,0,0,0,0,0,0,0,0,0,0,0,0,0,0,0,0,0,0,0,0,0,0,0
360670021011005,0,0,0,0,0,0,0,0,0,0,0,0,0,0,0,0,0,0,0,0,0,0,0,0,0,0,0,0,0,0,0,0,0,0,0,0,0,0,0,0,0,0,0,0,0,0,0,0,0,0,0,0,0,0,0,0,0,0,0,0,0
360670021011006,52,52,27,22,0,0,0,1,2,52,44,8,52,15,0,4,1,2,0,2,0,0,1,0,0,0,0,0,3,1,0,0,0,1,0,0,0,37,2,1,3,2,2,0,1,1,2,6,0,2,0,4,0,6,5,0,0,0,0,0,0
360670021011007,92,92,33,39,0,0,2,6,12,92,69,23,92,37,3,1,1,2,0,1,1,2,2,2,2,5,1,0,7,0,4,1,1,0,1,0,0,55,2,2,1,0,0,0,1,5,5,4,9,8,3,4,5,2,1,1,1,0,0,1,0
360670021011008,103,103,30,47,0,0,0,10,16,103,93,10,103,49,3,4,7,1,0,0,0,1,0,0,2,4,5,3,0,0,3,1,0,9,0,6,0,54,6,7,9,5,1,0,0,4,2,0,7,6,2,2,0,0,0,0,3,0,0,0,0
360670021011009,93,93,40,39,0,1,0,0,13,93,81,12,93,67,4,3,0,0,9,1,1,0,2,8,1,7,1,8,9,1,10,0,0,0,2,0,0,26,0,10,1,0,4,0,0,0,3,0,3,0,5,0,0,0,0,0,0,0,0,0,0
360670021011010,69,69,34,16,1,3,0,3,12,69,55,14,69,30,1,0,1,0,0,0,0,0,4,5,0,6,4,7,2,0,0,0,0,0,0,0,0,39,0,0,4,0,2,0,0,0,9,3,1,3,3,2,8,1,0,0,0,3,0,0,0
360670021011011,46,46,31,4,5,1,0,2,3,46,41,5,46,22,0,1,1,1,0,0,0,0,4,3,0,3,0,0,2,3,2,1,0,0,1,0,0,24,2,0,1,0,0,1,0,1,3,6,2,1,0,2,1,0,0,0,0,2,0,2,0
360670021012000,0,0,0,0,0,0,0,0,0,0,0,0,0,0,0,0,0,0,0,0,0,0,0,0,0,0,0,0,0,0,0,0,0,0,0,0,0,0,0,0,0,0,0,0,0,0,0,0,0,0,0,0,0,0,0,0,0,0,0,0,0
360670021012001,10,10,5,0,0,0,1,1,3,10,6,4,10,4,1,0,0,0,0,0,0,0,1,0,1,0,0,0,0,1,0,0,0,0,0,0,0,6,0,3,1,0,1,0,0,0,0,0,0,0,0,0,0,0,0,0,0,0,1,0,0
360670021012002,35,35,12,14,2,4,0,0,3,35,34,1,35,7,0,1,5,0,0,0,0,0,0,0,0,0,0,0,0,0,1,0,0,0,0,0,0,28,1,4,0,0,0,0,0,1,2,10,0,2,0,8,0,0,0,0,0,0,0,0,0
360670021012003,0,0,0,0,0,0,0,0,0,0,0,0,0,0,0,0,0,0,0,0,0,0,0,0,0,0,0,0,0,0,0,0,0,0,0,0,0,0,0,0,0,0,0,0,0,0,0,0,0,0,0,0,0,0,0,0,0,0,0,0,0
360670021012004,0,0,0,0,0,0,0,0,0,0,0,0,0,0,0,0,0,0,0,0,0,0,0,0,0,0,0,0,0,0,0,0,0,0,0,0,0,0,0,0,0,0,0,0,0,0,0,0,0,0,0,0,0,0,0,0,0,0,0,0,0
360670021012005,0,0,0,0,0,0,0,0,0,0,0,0,0,0,0,0,0,0,0,0,0,0,0,0,0,0,0,0,0,0,0,0,0,0,0,0,0,0,0,0,0,0,0,0,0,0,0,0,0,0,0,0,0,0,0,0,0,0,0,0,0
360670021012006,0,0,0,0,0,0,0,0,0,0,0,0,0,0,0,0,0,0,0,0,0,0,0,0,0,0,0,0,0,0,0,0,0,0,0,0,0,0,0,0,0,0,0,0,0,0,0,0,0,0,0,0,0,0,0,0,0,0,0,0,0
360670021012007,49,49,23,14,6,0,0,1,5,49,48,1,49,40,0,0,3,0,0,0,0,3,3,1,10,0,4,7,0,8,0,1,0,0,0,0,0,9,0,0,0,0,0,0,0,0,0,0,5,0,2,0,0,0,2,0,0,0,0,0,0
360670021012008,11,11,2,0,1,0,0,2,6,11,4,7,11,4,0,0,0,1,0,0,0,0,0,0,2,0,0,0,1,0,0,0,0,0,0,0,0,7,1,1,1,1,0,0,0,0,0,0,1,2,0,0,0,0,0,0,0,0,0,0,0
360670021012009,23,23,7,9,0,0,0,0,7,23,22,1,23,1,0,0,1,0,0,0,0,0,0,0,0,0,0,0,0,0,0,0,0,0,0,0,0,22,2,6,3,2,0,0,0,1,2,0,1,2,2,0,1,0,0,0,0,0,0,0,0
360670021012010,15,15,11,1,0,0,0,0,3,15,14,1,15,15,1,0,1,2,1,0,0,0,0,0,2,0,0,0,0,0,6,0,0,0,2,0,0,0,0,0,0,0,0,0,0,0,0,0,0,0,0,0,0,0,0,0,0,0,0,0,0
360670021012011,33,33,18,6,0,0,0,0,9,33,27,6,33,14,5,2,1,1,0,0,0,0,0,1,0,1,0,0,3,0,0,0,0,0,0,0,0,19,0,0,0,2,0,0,0,0,0,2,1,0,0,4,0,0,9,0,0,0,0,1,0
360670021012012,38,38,25,2,0,0,0,2,9,38,35,3,38,17,4,1,3,1,1,0,0,6,0,0,0,0,1,0,0,0,0,0,0,0,0,0,0,21,2,1,0,0,1,0,0,0,0,11,2,0,4,0,0,0,0,0,0,0,0,0,0
360670021012013,0,0,0,0,0,0,0,0,0,0,0,0,0,0,0,0,0,0,0,0,0,0,0,0,0,0,0,0,0,0,0,0,0,0,0,0,0,0,0,0,0,0,0,0,0,0,0,0,0,0,0,0,0,0,0,0,0,0,0,0,0
360670021012014,90,90,62,21,2,0,0,2,3,90,86,4,90,61,2,2,9,1,0,0,0,0,1,0,3,17,5,4,13,1,0,1,2,0,0,0,0,29,2,0,0,1,0,4,2,6,0,0,0,2,6,2,0,0,0,4,0,0,0,0,0
360670021012015,82,82,58,15,3,0,0,0,6,82,76,6,82,36,1,1,0,5,3,4,2,15,0,1,0,0,0,0,1,0,0,0,2,0,1,0,0,46,2,2,2,0,2,2,0,4,24,0,0,0,1,6,1,0,0,0,0,0,0,0,0
360670021012016,0,0,0,0,0,0,0,0,0,0,0,0,0,0,0,0,0,0,0,0,0,0,0,0,0,0,0,0,0,0,0,0,0,0,0,0,0,0,0,0,0,0,0,0,0,0,0,0,0,0,0,0,0,0,0,0,0,0,0,0,0
360670021012017,20,20,1,12,0,0,0,3,4,20,20,0,20,7,1,0,0,0,1,0,0,0,1,0,1,2,0,1,0,0,0,0,0,0,0,0,0,13,0,0,0,0,0,1,0,1,0,1,1,0,0,1,5,0,1,0,0,0,2,0,0
360670021012018,0,0,0,0,0,0,0,0,0,0,0,0,0,0,0,0,0,0,0,0,0,0,0,0,0,0,0,0,0,0,0,0,0,0,0,0,0,0,0,0,0,0,0,0,0,0,0,0,0,0,0,0,0,0,0,0,0,0,0,0,0
360670021012019,0,0,0,0,0,0,0,0,0,0,0,0,0,0,0,0,0,0,0,0,0,0,0,0,0,0,0,0,0,0,0,0,0,0,0,0,0,0,0,0,0,0,0,0,0,0,0,0,0,0,0,0,0,0,0,0,0,0,0,0,0
360670021012020,86,86,60,14,0,2,0,0,10,86,84,2,86,31,0,2,0,0,0,0,0,1,1,12,7,1,0,0,1,0,0,4,0,1,0,1,0,55,0,5,0,6,0,0,2,2,3,15,1,0,0,8,3,0,3,0,6,1,0,0,0
360670021012021,0,0,0,0,0,0,0,0,0,0,0,0,0,0,0,0,0,0,0,0,0,0,0,0,0,0,0,0,0,0,0,0,0,0,0,0,0,0,0,0,0,0,0,0,0,0,0,0,0,0,0,0,0,0,0,0,0,0,0,0,0
360670021012022,135,135,99,18,2,8,0,0,8,135,123,12,135,75,4,2,1,1,0,0,0,1,14,20,0,3,0,1,4,0,7,0,7,10,0,0,0,60,0,1,6,1,2,0,0,3,16,2,11,6,6,1,1,0,2,0,0,2,0,0,0
360670021012023,0,0,0,0,0,0,0,0,0,0,0,0,0,0,0,0,0,0,0,0,0,0,0,0,0,0,0,0,0,0,0,0,0,0,0,0,0,0,0,0,0,0,0,0,0,0,0,0,0,0,0,0,0,0,0,0,0,0,0,0,0
360670021012024,0,0,0,0,0,0,0,0,0,0,0,0,0,0,0,0,0,0,0,0,0,0,0,0,0,0,0,0,0,0,0,0,0,0,0,0,0,0,0,0,0,0,0,0,0,0,0,0,0,0,0,0,0,0,0,0,0,0,0,0,0
360670021012025,62,62,31,11,1,10,0,0,9,62,52,10,62,38,0,1,0,1,3,0,1,0,20,3,3,1,0,0,2,0,1,0,0,2,0,0,0,24,4,1,0,0,0,0,0,0,5,4,1,2,0,0,0,0,0,1,0,4,2,0,0
360670021012026,0,0,0,0,0,0,0,0,0,0,0,0,0,0,0,0,0,0,0,0,0,0,0,0,0,0,0,0,0,0,0,0,0,0,0,0,0,0,0,0,0,0,0,0,0,0,0,0,0,0,0,0,0,0,0,0,0,0,0,0,0
360670021012027,190,190,115,32,1,0,0,13,29,190,161,29,190,125,7,5,3,2,1,0,1,7,28,30,3,8,9,2,12,2,0,3,2,0,0,0,0,65,11,4,0,2,0,0,0,1,2,3,9,8,7,0,15,0,0,1,0,1,0,0,1
360670021012028,171,171,94,33,7,3,0,12,22,171,140,31,171,78,12,4,3,2,3,0,0,0,20,11,8,0,9,3,2,0,0,1,0,0,0,0,0,93,3,7,11,4,4,0,0,3,26,17,1,1,4,1,5,5,0,0,0,0,1,0,0
360670021012029,47,47,26,6,1,3,0,8,3,47,31,16,47,28,0,0,1,1,7,1,0,5,1,2,3,0,0,1,2,2,0,0,0,0,2,0,0,19,2,0,1,1,0,0,1,4,2,1,1,1,0,0,2,0,0,0,3,0,0,0,0
360670021012030,0,0,0,0,0,0,0,0,0,0,0,0,0,0,0,0,0,0,0,0,0,0,0,0,0,0,0,0,0,0,0,0,0,0,0,0,0,0,0,0,0,0,0,0,0,0,0,0,0,0,0,0,0,0,0,0,0,0,0,0,0
360670021012031,0,0,0,0,0,0,0,0,0,0,0,0,0,0,0,0,0,0,0,0,0,0,0,0,0,0,0,0,0,0,0,0,0,0,0,0,0,0,0,0,0,0,0,0,0,0,0,0,0,0,0,0,0,0,0,0,0,0,0,0,0
360670021013000,190,190,91,51,3,0,0,15,30,190,151,39,190,94,3,9,6,3,2,1,2,2,15,8,3,2,0,15,10,7,1,0,2,2,1,0,0,96,17,7,11,0,2,2,0,6,19,6,6,8,0,3,1,0,0,2,0,0,0,1,5
360670021013001,115,115,38,33,0,1,0,17,26,115,84,31,115,73,15,1,10,9,0,1,0,0,14,10,0,3,0,2,0,1,5,0,2,0,0,0,0,42,5,4,2,2,0,0,0,1,6,12,1,5,0,1,0,0,0,3,0,0,0,0,0
360670021013002,321,321,174,77,14,0,0,12,44,321,268,53,321,150,19,19,15,7,7,0,1,2,8,14,12,15,9,1,10,3,1,3,2,2,0,0,0,171,5,16,21,13,3,1,3,10,9,3,21,7,13,12,15,2,0,0,7,9,1,0,0
360670021013003,129,129,89,27,0,0,0,2,11,129,120,9,129,62,4,2,6,0,0,0,0,4,1,3,6,4,7,10,2,2,0,2,0,5,3,1,0,67,3,2,5,1,1,3,0,3,9,5,1,7,4,7,2,1,3,0,1,5,2,2,0
360670021013004,156,156,61,31,9,3,0,5,47,156,148,8,156,54,3,7,7,4,1,3,3,6,0,3,3,0,3,0,0,0,4,0,3,0,4,0,0,102,3,13,16,12,1,0,5,2,8,3,2,3,4,1,9,10,1,0,0,2,1,1,5
360670021013005,134,134,52,42,5,1,1,5,28,134,115,19,134,57,1,5,6,0,0,5,1,6,0,2,2,1,14,4,9,0,1,0,0,0,0,0,0,77,8,8,5,8,3,0,0,1,6,13,1,15,1,0,5,0,2,0,0,0,0,0,1
360670021013006,0,0,0,0,0,0,0,0,0,0,0,0,0,0,0,0,0,0,0,0,0,0,0,0,0,0,0,0,0,0,0,0,0,0,0,0,0,0,0,0,0,0,0,0,0,0,0,0,0,0,0,0,0,0,0,0,0,0,0,0,0
360670023001000,10,10,1,0,0,2,1,3,3,10,6,4,10,2,0,0,0,0,0,0,0,1,1,0,0,0,0,0,0,0,0,0,0,0,0,0,0,8,1,1,1,1,0,0,0,1,3,0,0,0,0,0,0,0,0,0,0,0,0,0,0
360670023001001,78,78,54,13,0,0,0,0,11,78,74,4,78,46,3,5,11,2,0,0,0,3,3,2,6,0,0,1,3,0,6,0,1,0,0,0,0,32,7,2,4,2,0,0,0,0,1,0,1,5,4,1,4,0,1,0,0,0,0,0,0
360670023001002,310,310,43,206,1,46,0,0,14,310,287,23,310,173,17,24,20,12,0,8,4,10,2,1,10,13,23,6,9,0,4,0,1,3,4,1,1,137,18,10,20,10,9,7,6,7,1,9,0,6,12,10,3,5,2,1,0,0,1,0,0
360670023001003,164,164,61,62,0,10,0,12,19,164,150,14,164,64,12,0,5,2,5,2,0,1,4,8,0,2,2,10,3,1,2,2,2,1,0,0,0,100,10,6,6,3,1,2,0,0,11,0,8,16,0,13,8,0,4,1,0,7,0,3,1
360670023001004,68,68,20,28,1,12,0,1,6,68,64,4,68,31,0,7,0,0,0,1,0,0,0,9,2,0,1,3,2,4,0,0,0,1,1,0,0,37,7,8,0,0,2,0,0,1,0,14,2,0,2,0,0,0,0,0,1,0,0,0,0
360670023001005,33,33,11,9,0,12,0,1,0,33,32,1,33,16,0,0,0,0,0,0,0,4,0,3,5,1,0,2,1,0,0,0,0,0,0,0,0,17,1,0,0,0,1,0,0,1,3,4,0,6,1,0,0,0,0,0,0,0,0,0,0
360670023001006,104,104,19,71,0,5,0,4,5,104,97,7,104,35,1,1,6,5,5,0,0,0,1,1,11,3,0,1,0,0,0,0,0,0,0,0,0,69,1,10,7,0,5,0,0,0,8,1,13,0,8,5,6,1,2,1,0,0,0,0,1
360670023001007,0,0,0,0,0,0,0,0,0,0,0,0,0,0,0,0,0,0,0,0,0,0,0,0,0,0,0,0,0,0,0,0,0,0,0,0,0,0,0,0,0,0,0,0,0,0,0,0,0,0,0,0,0,0,0,0,0,0,0,0,0
360670023001008,81,81,17,48,0,8,0,2,6,81,79,2,81,35,13,3,4,1,0,0,0,2,0,0,2,3,0,0,3,0,4,0,0,0,0,0,0,46,0,4,9,1,0,0,0,0,6,1,6,1,0,1,10,0,2,1,0,2,0,0,2
360670023002000,150,150,83,41,3,7,1,1,14,150,144,6,150,69,3,0,1,1,1,1,1,0,2,3,3,1,3,0,6,2,1,12,8,16,3,0,1,81,1,3,1,0,1,0,0,0,1,0,1,3,0,0,2,0,3,4,16,13,16,4,12
360670023002001,89,89,50,11,0,15,0,0,13,89,82,7,89,51,2,1,1,0,1,0,0,0,4,1,3,2,13,8,12,1,0,0,0,0,0,1,1,38,2,0,2,0,0,1,3,7,1,2,1,6,0,1,9,1,2,0,0,0,0,0,0
360670023002002,33,33,15,5,0,7,0,0,6,33,33,0,33,4,2,0,0,0,0,0,0,2,0,0,0,0,0,0,0,0,0,0,0,0,0,0,0,29,1,0,0,0,0,0,0,0,1,2,0,0,11,4,4,3,0,2,0,0,0,1,0
360670023002003,0,0,0,0,0,0,0,0,0,0,0,0,0,0,0,0,0,0,0,0,0,0,0,0,0,0,0,0,0,0,0,0,0,0,0,0,0,0,0,0,0,0,0,0,0,0,0,0,0,0,0,0,0,0,0,0,0,0,0,0,0
360670023002004,32,32,13,10,0,1,0,4,4,32,21,11,32,8,0,0,0,0,5,0,1,0,2,0,0,0,0,0,0,0,0,0,0,0,0,0,0,24,0,0,0,0,2,9,6,4,0,2,0,0,1,0,0,0,0,0,0,0,0,0,0
360670023002005,0,0,0,0,0,0,0,0,0,0,0,0,0,0,0,0,0,0,0,0,0,0,0,0,0,0,0,0,0,0,0,0,0,0,0,0,0,0,0,0,0,0,0,0,0,0,0,0,0,0,0,0,0,0,0,0,0,0,0,0,0
360670023002006,23,23,8,5,0,3,0,2,5,23,16,7,23,10,0,2,3,0,0,0,0,0,2,1,0,0,0,1,0,0,0,1,0,0,0,0,0,13,3,1,0,1,0,0,0,1,0,4,1,0,0,0,2,0,0,0,0,0,0,0,0
360670023002007,15,15,9,2,2,0,0,2,0,15,10,5,15,10,0,0,0,1,0,0,0,0,0,9,0,0,0,0,0,0,0,0,0,0,0,0,0,5,1,0,2,0,0,0,0,1,0,0,0,0,0,1,0,0,0,0,0,0,0,0,0
360670023002008,0,0,0,0,0,0,0,0,0,0,0,0,0,0,0,0,0,0,0,0,0,0,0,0,0,0,0,0,0,0,0,0,0,0,0,0,0,0,0,0,0,0,0,0,0,0,0,0,0,0,0,0,0,0,0,0,0,0,0,0,0
360670023002009,16,16,3,5,0,5,0,0,3,16,15,1,16,11,0,0,0,0,0,0,0,0,2,1,0,1,2,0,5,0,0,0,0,0,0,0,0,5,0,0,0,0,0,1,0,0,1,0,0,1,0,0,0,0,0,0,2,0,0,0,0
360670023002010,34,34,16,7,0,1,0,2,8,34,31,3,34,26,1,0,0,0,0,1,0,2,0,4,3,0,0,1,0,0,0,1,4,6,1,2,0,8,0,0,1,1,3,0,0,0,3,0,0,0,0,0,0,0,0,0,0,0,0,0,0
360670023002011,0,0,0,0,0,0,0,0,0,0,0,0,0,0,0,0,0,0,0,0,0,0,0,0,0,0,0,0,0,0,0,0,0,0,0,0,0,0,0,0,0,0,0,0,0,0,0,0,0,0,0,0,0,0,0,0,0,0,0,0,0
360670023002012,0,0,0,0,0,0,0,0,0,0,0,0,0,0,0,0,0,0,0,0,0,0,0,0,0,0,0,0,0,0,0,0,0,0,0,0,0,0,0,0,0,0,0,0,0,0,0,0,0,0,0,0,0,0,0,0,0,0,0,0,0
360670023002013,0,0,0,0,0,0,0,0,0,0,0,0,0,0,0,0,0,0,0,0,0,0,0,0,0,0,0,0,0,0,0,0,0,0,0,0,0,0,0,0,0,0,0,0,0,0,0,0,0,0,0,0,0,0,0,0,0,0,0,0,0
360670023002014,0,0,0,0,0,0,0,0,0,0,0,0,0,0,0,0,0,0,0,0,0,0,0,0,0,0,0,0,0,0,0,0,0,0,0,0,0,0,0,0,0,0,0,0,0,0,0,0,0,0,0,0,0,0,0,0,0,0,0,0,0
360670023002015,0,0,0,0,0,0,0,0,0,0,0,0,0,0,0,0,0,0,0,0,0,0,0,0,0,0,0,0,0,0,0,0,0,0,0,0,0,0,0,0,0,0,0,0,0,0,0,0,0,0,0,0,0,0,0,0,0,0,0,0,0
360670023002016,0,0,0,0,0,0,0,0,0,0,0,0,0,0,0,0,0,0,0,0,0,0,0,0,0,0,0,0,0,0,0,0,0,0,0,0,0,0,0,0,0,0,0,0,0,0,0,0,0,0,0,0,0,0,0,0,0,0,0,0,0
360670023002017,0,0,0,0,0,0,0,0,0,0,0,0,0,0,0,0,0,0,0,0,0,0,0,0,0,0,0,0,0,0,0,0,0,0,0,0,0,0,0,0,0,0,0,0,0,0,0,0,0,0,0,0,0,0,0,0,0,0,0,0,0
360670023002018,0,0,0,0,0,0,0,0,0,0,0,0,0,0,0,0,0,0,0,0,0,0,0,0,0,0,0,0,0,0,0,0,0,0,0,0,0,0,0,0,0,0,0,0,0,0,0,0,0,0,0,0,0,0,0,0,0,0,0,0,0
360670023002019,20,20,14,3,0,0,0,1,2,20,20,0,20,17,0,0,0,0,0,0,0,0,1,2,1,3,0,2,3,0,2,1,0,2,0,0,0,3,1,0,0,0,0,0,0,0,0,0,1,0,0,0,0,0,0,1,0,0,0,0,0
360670023002020,33,33,4,15,0,7,0,3,4,33,30,3,33,26,3,2,1,2,1,0,0,0,4,0,8,0,3,1,0,0,1,0,0,0,0,0,0,7,0,0,0,0,1,0,0,0,0,2,0,0,2,0,0,0,0,1,0,1,0,0,0
360670023002021,21,21,3,5,0,0,0,1,12,21,12,9,21,15,4,1,0,0,0,0,0,1,2,4,0,0,3,0,0,0,0,0,0,0,0,0,0,6,0,3,1,0,0,0,0,1,1,0,0,0,0,0,0,0,0,0,0,0,0,0,0
360670023002022,0,0,0,0,0,0,0,0,0,0,0,0,0,0,0,0,0,0,0,0,0,0,0,0,0,0,0,0,0,0,0,0,0,0,0,0,0,0,0,0,0,0,0,0,0,0,0,0,0,0,0,0,0,0,0,0,0,0,0,0,0
360670023002023,70,70,52,3,4,7,0,0,4,70,68,2,70,42,0,2,1,0,0,0,1,2,1,7,5,13,3,0,0,1,0,0,0,6,0,0,0,28,4,2,0,0,0,0,0,1,6,0,0,11,0,1,0,0,2,0,0,0,0,0,1
360670023002024,37,37,17,7,0,2,0,6,5,37,30,7,37,6,0,0,0,0,0,0,0,2,0,0,0,0,0,0,0,0,0,0,4,0,0,0,0,31,0,0,1,1,0,0,1,1,13,9,2,1,0,0,0,0,0,0,1,1,0,0,0
360670023002025,0,0,0,0,0,0,0,0,0,0,0,0,0,0,0,0,0,0,0,0,0,0,0,0,0,0,0,0,0,0,0,0,0,0,0,0,0,0,0,0,0,0,0,0,0,0,0,0,0,0,0,0,0,0,0,0,0,0,0,0,0
360670023002026,0,0,0,0,0,0,0,0,0,0,0,0,0,0,0,0,0,0,0,0,0,0,0,0,0,0,0,0,0,0,0,0,0,0,0,0,0,0,0,0,0,0,0,0,0,0,0,0,0,0,0,0,0,0,0,0,0,0,0,0,0
360670023002027,0,0,0,0,0,0,0,0,0,0,0,0,0,0,0,0,0,0,0,0,0,0,0,0,0,0,0,0,0,0,0,0,0,0,0,0,0,0,0,0,0,0,0,0,0,0,0,0,0,0,0,0,0,0,0,0,0,0,0,0,0
360670023002028,0,0,0,0,0,0,0,0,0,0,0,0,0,0,0,0,0,0,0,0,0,0,0,0,0,0,0,0,0,0,0,0,0,0,0,0,0,0,0,0,0,0,0,0,0,0,0,0,0,0,0,0,0,0,0,0,0,0,0,0,0
360670023002029,0,0,0,0,0,0,0,0,0,0,0,0,0,0,0,0,0,0,0,0,0,0,0,0,0,0,0,0,0,0,0,0,0,0,0,0,0,0,0,0,0,0,0,0,0,0,0,0,0,0,0,0,0,0,0,0,0,0,0,0,0
360670023002030,0,0,0,0,0,0,0,0,0,0,0,0,0,0,0,0,0,0,0,0,0,0,0,0,0,0,0,0,0,0,0,0,0,0,0,0,0,0,0,0,0,0,0,0,0,0,0,0,0,0,0,0,0,0,0,0,0,0,0,0,0
360670023002031,0,0,0,0,0,0,0,0,0,0,0,0,0,0,0,0,0,0,0,0,0,0,0,0,0,0,0,0,0,0,0,0,0,0,0,0,0,0,0,0,0,0,0,0,0,0,0,0,0,0,0,0,0,0,0,0,0,0,0,0,0
360670023002032,0,0,0,0,0,0,0,0,0,0,0,0,0,0,0,0,0,0,0,0,0,0,0,0,0,0,0,0,0,0,0,0,0,0,0,0,0,0,0,0,0,0,0,0,0,0,0,0,0,0,0,0,0,0,0,0,0,0,0,0,0
360670023002033,0,0,0,0,0,0,0,0,0,0,0,0,0,0,0,0,0,0,0,0,0,0,0,0,0,0,0,0,0,0,0,0,0,0,0,0,0,0,0,0,0,0,0,0,0,0,0,0,0,0,0,0,0,0,0,0,0,0,0,0,0
360670023002034,0,0,0,0,0,0,0,0,0,0,0,0,0,0,0,0,0,0,0,0,0,0,0,0,0,0,0,0,0,0,0,0,0,0,0,0,0,0,0,0,0,0,0,0,0,0,0,0,0,0,0,0,0,0,0,0,0,0,0,0,0
360670023002035,146,146,96,30,6,0,0,7,7,146,141,5,146,129,1,1,0,0,1,1,0,2,27,9,9,2,0,24,19,1,12,0,17,1,1,1,0,17,0,0,0,1,0,0,0,1,2,1,0,0,0,3,2,0,0,0,2,3,2,0,0
360670023002036,56,56,34,10,1,0,0,3,8,56,49,7,56,33,0,1,0,0,1,0,1,0,3,1,1,0,0,0,1,0,5,6,0,1,8,2,2,23,0,0,0,0,0,0,2,1,3,5,2,0,1,3,1,0,2,0,0,2,1,0,0
360670023002037,12,12,1,4,0,0,0,0,7,12,11,1,12,12,0,2,0,0,0,0,1,0,3,0,4,0,2,0,0,0,0,0,0,0,0,0,0,0,0,0,0,0,0,0,0,0,0,0,0,0,0,0,0,0,0,0,0,0,0,0,0
360670023002038,0,0,0,0,0,0,0,0,0,0,0,0,0,0,0,0,0,0,0,0,0,0,0,0,0,0,0,0,0,0,0,0,0,0,0,0,0,0,0,0,0,0,0,0,0,0,0,0,0,0,0,0,0,0,0,0,0,0,0,0,0
360670023002039,0,0,0,0,0,0,0,0,0,0,0,0,0,0,0,0,0,0,0,0,0,0,0,0,0,0,0,0,0,0,0,0,0,0,0,0,0,0,0,0,0,0,0,0,0,0,0,0,0,0,0,0,0,0,0,0,0,0,0,0,0
360670023002040,19,19,2,8,3,0,0,0,6,19,16,3,19,11,1,0,0,0,0,0,0,1,0,0,1,0,0,0,7,1,0,0,0,0,0,0,0,8,0,0,2,3,0,0,0,1,0,2,0,0,0,0,0,0,0,0,0,0,0,0,0
360670023002041,11,11,4,0,0,5,0,2,0,11,6,5,11,4,0,0,0,0,0,0,0,0,0,1,0,0,0,1,0,0,0,2,0,0,0,0,0,7,0,0,0,0,0,0,0,0,0,0,3,0,0,0,0,0,0,0,4,0,0,0,0
360670023002042,0,0,0,0,0,0,0,0,0,0,0,0,0,0,0,0,0,0,0,0,0,0,0,0,0,0,0,0,0,0,0,0,0,0,0,0,0,0,0,0,0,0,0,0,0,0,0,0,0,0,0,0,0,0,0,0,0,0,0,0,0
360670023002043,0,0,0,0,0,0,0,0,0,0,0,0,0,0,0,0,0,0,0,0,0,0,0,0,0,0,0,0,0,0,0,0,0,0,0,0,0,0,0,0,0,0,0,0,0,0,0,0,0,0,0,0,0,0,0,0,0,0,0,0,0
360670023002044,0,0,0,0,0,0,0,0,0,0,0,0,0,0,0,0,0,0,0,0,0,0,0,0,0,0,0,0,0,0,0,0,0,0,0,0,0,0,0,0,0,0,0,0,0,0,0,0,0,0,0,0,0,0,0,0,0,0,0,0,0
360670024001000,261,261,64,130,2,24,0,14,27,261,226,35,261,125,6,11,14,11,4,8,4,9,5,10,5,7,0,11,16,3,1,0,0,0,0,0,0,136,21,10,9,1,2,1,1,1,28,15,11,17,0,8,5,1,0,0,0,3,0,2,0
360670024001001,270,270,104,45,0,13,0,49,59,270,142,128,270,124,8,13,8,2,0,3,4,13,11,14,6,5,6,13,5,0,0,4,4,3,2,0,0,146,12,8,3,1,6,0,0,6,3,1,11,4,18,20,12,11,8,3,10,6,2,0,1
360670024001002,94,94,34,9,0,12,0,17,22,94,69,25,94,42,1,2,5,4,1,1,0,0,5,15,1,0,5,0,0,0,0,0,0,1,0,1,0,52,1,0,0,2,4,4,1,3,1,11,5,2,4,0,8,0,1,0,0,2,0,0,3
360670024001003,27,27,12,5,1,3,0,0,6,27,21,6,27,24,1,4,1,1,2,0,0,0,9,1,0,0,1,0,1,0,0,0,1,0,0,0,2,3,0,0,0,0,0,0,0,0,3,0,0,0,0,0,0,0,0,0,0,0,0,0,0
360670024001004,75,75,30,19,4,10,0,4,8,75,67,8,75,34,4,0,2,0,4,2,0,2,7,2,3,0,1,0,0,0,6,0,0,1,0,0,0,41,1,11,3,1,0,0,0,0,18,0,2,0,3,0,0,0,0,0,0,0,0,2,0
360670024001005,46,46,25,9,0,1,0,1,10,46,37,9,46,26,6,1,0,0,0,2,2,1,6,5,1,0,0,2,0,0,0,0,0,0,0,0,0,20,3,0,1,0,0,1,2,4,0,7,0,0,0,0,1,0,1,0,0,0,0,0,0
360670024001006,0,0,0,0,0,0,0,0,0,0,0,0,0,0,0,0,0,0,0,0,0,0,0,0,0,0,0,0,0,0,0,0,0,0,0,0,0,0,0,0,0,0,0,0,0,0,0,0,0,0,0,0,0,0,0,0,0,0,0,0,0
360670024001007,0,0,0,0,0,0,0,0,0,0,0,0,0,0,0,0,0,0,0,0,0,0,0,0,0,0,0,0,0,0,0,0,0,0,0,0,0,0,0,0,0,0,0,0,0,0,0,0,0,0,0,0,0,0,0,0,0,0,0,0,0
360670024001008,0,0,0,0,0,0,0,0,0,0,0,0,0,0,0,0,0,0,0,0,0,0,0,0,0,0,0,0,0,0,0,0,0,0,0,0,0,0,0,0,0,0,0,0,0,0,0,0,0,0,0,0,0,0,0,0,0,0,0,0,0
360670024001009,110,110,45,31,12,14,0,6,2,110,101,9,110,66,3,3,3,0,0,0,0,3,8,2,8,2,4,1,18,0,3,3,4,1,0,0,0,44,4,7,4,4,0,1,0,1,1,1,8,2,0,5,0,0,1,1,1,1,0,2,0
360670024001010,131,131,66,37,2,18,0,0,8,131,129,2,131,84,12,2,3,3,3,1,0,3,7,8,9,7,6,8,0,4,2,0,0,5,0,1,0,47,1,1,0,5,0,1,1,2,6,1,8,1,13,1,0,0,0,1,0,4,0,1,0
360670024001011,97,97,47,35,0,1,0,8,6,97,78,19,97,42,1,0,1,8,0,0,0,2,8,0,6,0,5,4,0,0,3,0,4,0,0,0,0,55,3,1,0,9,0,3,2,5,1,3,6,2,0,5,1,3,2,3,0,0,5,1,0
360670024002000,164,164,58,78,0,15,0,2,11,164,149,15,164,88,5,9,5,13,1,0,1,7,16,3,7,2,2,0,4,0,0,5,1,0,4,3,0,76,6,4,5,4,2,4,2,1,6,2,7,7,3,12,3,0,3,0,3,2,0,0,0
360670024002001,81,81,33,29,0,5,0,4,10,81,70,11,81,26,1,0,0,0,0,0,0,4,7,2,2,0,3,0,2,0,0,1,0,0,1,0,3,55,0,6,1,2,0,3,2,1,10,6,0,6,3,0,3,0,0,2,2,3,2,0,3
360670024002002,91,91,40,16,1,10,0,1,23,91,89,2,91,46,2,0,1,3,0,0,4,2,7,7,0,3,4,2,1,0,3,0,5,2,0,0,0,45,5,1,3,0,3,1,0,9,9,4,1,3,2,1,0,0,0,2,0,0,0,1,0
360670024002003,123,123,68,31,0,1,0,11,12,123,104,19,123,71,6,0,0,3,0,1,0,0,9,11,12,2,0,3,11,0,10,0,3,0,0,0,0,52,7,3,5,1,0,0,0,2,15,4,2,3,2,0,3,1,0,0,0,4,0,0,0
360670024002004,46,46,7,9,6,7,0,3,14,46,43,3,46,28,1,5,3,1,1,1,0,1,3,2,0,1,3,5,0,0,0,1,0,0,0,0,0,18,1,0,1,3,1,0,0,0,1,4,1,2,0,0,2,2,0,0,0,0,0,0,0
360670024002005,85,85,39,25,0,1,0,6,14,85,76,9,85,48,0,7,9,0,3,0,1,11,2,4,3,3,0,4,0,0,0,1,0,0,0,0,0,37,1,2,2,4,0,0,0,16,4,5,1,0,0,0,2,0,0,0,0,0,0,0,0
360670024002006,136,136,68,35,0,7,0,4,22,136,120,16,136,76,12,2,3,1,1,0,1,12,6,6,1,8,4,5,1,11,0,0,0,0,2,0,0,60,3,3,4,1,4,2,0,3,10,0,4,6,12,4,0,0,1,0,2,0,0,0,1
360670027001000,100,100,71,14,0,3,0,5,7,100,87,13,100,60,4,4,2,0,4,0,1,1,0,5,7,10,2,0,4,9,0,1,0,0,6,0,0,40,5,3,0,0,0,1,1,4,1,4,1,5,1,4,6,1,2,0,0,0,0,0,1
360670027001001,61,61,43,2,2,0,0,1,13,61,57,4,61,17,3,1,1,0,0,0,0,3,2,0,0,1,6,0,0,0,0,0,0,0,0,0,0,44,7,2,3,4,0,0,1,1,2,2,0,2,11,0,0,0,0,0,0,4,3,0,2
360670027001002,82,82,49,18,0,0,0,6,9,82,74,8,82,50,5,1,8,0,0,0,0,7,5,1,3,8,1,3,1,0,4,3,0,0,0,0,0,32,2,1,0,1,0,0,0,3,8,1,13,2,0,0,0,0,1,0,0,0,0,0,0
360670027001003,144,144,112,21,0,1,0,4,6,144,138,6,144,82,3,10,4,0,1,0,0,3,12,6,16,0,1,8,10,2,0,0,5,1,0,0,0,62,0,6,4,0,0,0,1,0,24,4,0,0,1,4,1,1,8,0,2,1,2,1,2
360670027001004,135,135,86,24,3,0,0,2,20,135,122,13,135,72,0,0,7,1,0,0,0,4,14,13,5,1,0,15,0,0,3,8,0,1,0,0,0,63,1,0,4,2,3,0,0,1,12,23,5,0,0,1,0,4,6,0,0,0,0,1,0
360670027001005,71,71,45,19,0,0,0,0,7,71,70,1,71,27,0,0,0,0,0,0,0,8,11,0,0,0,5,0,1,0,0,0,0,2,0,0,0,44,3,5,5,0,0,6,4,8,4,3,2,0,1,1,0,0,0,0,2,0,0,0,0
360670027001006,67,67,40,20,1,0,0,0,6,67,64,3,67,13,1,7,2,0,0,0,0,0,0,1,0,0,0,0,0,0,0,0,2,0,0,0,0,54,2,3,5,1,1,0,0,0,4,2,2,1,11,5,6,0,0,0,1,9,0,1,0
360670027002000,88,88,65,11,0,3,0,0,9,88,82,6,88,37,0,2,4,2,0,0,0,0,0,5,1,2,6,0,0,0,1,5,3,2,2,1,1,51,9,2,1,2,1,0,4,7,2,9,0,1,3,1,7,1,1,0,0,0,0,0,0
360670027002001,0,0,0,0,0,0,0,0,0,0,0,0,0,0,0,0,0,0,0,0,0,0,0,0,0,0,0,0,0,0,0,0,0,0,0,0,0,0,0,0,0,0,0,0,0,0,0,0,0,0,0,0,0,0,0,0,0,0,0,0,0
360670027002002,79,79,35,33,2,0,0,7,2,79,72,7,79,39,3,3,4,4,2,4,3,3,0,3,3,2,0,0,2,3,0,0,0,0,0,0,0,40,4,0,1,10,0,0,0,1,1,0,0,1,0,0,0,0,0,5,3,0,4,1,9
360670027002003,64,64,54,8,1,0,0,0,1,64,54,10,64,43,0,2,1,0,2,0,0,1,18,1,8,0,0,0,0,2,0,0,2,0,1,5,0,21,0,5,0,0,0,0,0,0,2,2,0,0,0,0,0,0,5,0,0,0,0,7,0
360670027002004,104,104,65,24,0,0,0,5,10,104,90,14,104,45,2,1,4,0,3,0,2,10,3,0,0,10,0,0,6,3,0,1,0,0,0,0,0,59,3,0,3,0,0,3,0,2,13,9,1,3,13,1,0,7,0,1,0,0,0,0,0
360670027002005,11,11,3,2,0,0,0,0,6,11,8,3,11,6,2,0,2,0,0,0,0,0,1,1,0,0,0,0,0,0,0,0,0,0,0,0,0,5,0,0,0,0,0,0,0,0,0,0,1,3,1,0,0,0,0,0,0,0,0,0,0
360670027002006,85,85,74,1,0,1,0,0,9,85,81,4,85,32,7,0,4,0,0,3,0,0,14,0,0,1,0,0,0,0,3,0,0,0,0,0,0,53,4,0,4,0,0,0,0,1,31,3,7,0,0,3,0,0,0,0,0,0,0,0,0
360670027002007,73,73,63,2,0,1,0,0,7,73,71,2,73,39,1,7,2,2,0,0,0,0,0,23,0,0,1,2,0,0,1,0,0,0,0,0,0,34,3,0,0,0,0,0,1,2,6,11,1,0,8,0,0,0,0,1,0,0,1,0,0
360670027002008,74,74,39,21,3,2,0,1,8,74,70,4,74,22,0,0,0,0,0,0,0,9,7,1,0,4,1,0,0,0,0,0,0,0,0,0,0,52,4,0,4,3,4,3,1,10,1,0,8,1,0,1,2,0,7,0,3,0,0,0,0
360670027002009,47,47,36,4,0,0,0,4,3,47,39,8,47,25,2,0,1,1,2,0,0,4,0,1,1,1,1,0,6,0,1,1,1,0,2,0,0,22,2,0,0,0,0,0,0,0,2,3,0,2,1,2,2,1,1,0,2,0,2,1,1
360670027002010,79,79,70,5,0,0,1,1,2,79,76,3,79,37,3,0,0,0,2,0,0,0,3,1,8,0,11,2,5,0,0,0,0,2,0,0,0,42,2,0,0,0,7,0,0,4,16,0,5,0,0,3,1,0,0,0,0,0,4,0,0
360670027002011,95,95,61,22,0,6,0,0,6,95,81,14,95,47,1,2,2,2,0,0,0,2,18,0,1,0,0,0,1,0,6,0,1,11,0,0,0,48,1,5,16,2,0,0,0,1,1,1,4,5,0,1,1,0,0,3,0,7,0,0,0
360670027002012,47,47,38,6,0,0,0,0,3,47,47,0,47,39,5,0,0,3,1,0,0,0,12,1,1,2,0,0,0,0,2,0,0,12,0,0,0,8,2,0,0,0,1,0,0,0,0,1,0,0,0,0,0,3,1,0,0,0,0,0,0
360670027002013,54,54,42,2,1,0,0,2,7,54,48,6,54,25,1,0,1,0,0,0,0,0,1,21,0,0,0,1,0,0,0,0,0,0,0,0,0,29,0,3,0,0,0,0,0,1,1,3,0,3,1,0,6,6,2,0,0,3,0,0,0
360670027002014,58,58,53,1,0,0,0,1,3,58,55,3,58,27,3,4,1,2,0,0,0,0,0,0,0,8,0,3,0,0,0,0,0,0,6,0,0,31,2,0,2,2,0,0,0,0,0,0,6,8,0,1,0,0,0,0,4,4,0,0,2
360670027002015,56,56,48,2,5,0,0,0,1,56,54,2,56,31,0,0,1,1,0,0,0,2,0,0,5,0,1,11,2,0,8,0,0,0,0,0,0,25,0,0,1,0,0,0,0,3,0,3,0,4,0,0,1,0,6,4,2,0,1,0,0
360670027002016,62,62,58,0,0,0,0,0,4,62,56,6,62,43,1,1,2,0,0,0,0,2,1,0,15,0,0,2,10,0,1,0,8,0,0,0,0,19,0,0,0,0,0,1,0,7,4,0,0,0,0,0,0,0,0,0,0,2,1,1,3
360670027002017,83,83,71,8,0,0,0,4,0,83,79,4,83,60,1,1,5,0,0,0,0,3,15,1,10,10,4,0,1,7,0,2,0,0,0,0,0,23,0,0,4,0,0,0,0,2,1,11,1,0,0,0,0,1,0,0,0,3,0,0,0
360670029011000,194,194,156,16,0,3,0,1,18,194,186,8,194,92,1,6,1,0,2,0,0,1,52,9,4,7,0,0,0,9,0,0,0,0,0,0,0,102,3,1,2,3,0,0,4,20,9,1,13,14,8,1,1,6,6,4,6,0,0,0,0
360670029011001,79,79,73,5,1,0,0,0,0,79,72,7,79,53,4,0,0,0,0,0,0,0,20,22,0,5,0,0,0,0,0,0,0,0,0,1,1,26,1,1,0,2,0,0,0,0,2,0,7,0,0,0,1,0,4,0,0,1,0,4,3
360670029011002,76,76,71,1,0,0,0,0,4,76,74,2,76,46,0,0,4,0,0,0,0,0,6,11,0,1,0,0,14,0,10,0,0,0,0,0,0,30,2,0,0,0,0,0,1,0,15,2,2,0,4,0,0,4,0,0,0,0,0,0,0
360670029011003,55,55,51,0,0,0,0,0,4,55,55,0,55,27,0,0,0,6,0,0,0,0,4,5,4,2,3,2,1,0,0,0,0,0,0,0,0,28,2,0,1,0,0,0,0,0,22,0,0,0,1,0,0,1,0,0,0,0,0,1,0
360670029011004,59,59,44,0,2,0,0,6,7,59,49,10,59,50,1,1,2,0,1,0,0,0,15,4,1,0,0,5,0,0,7,6,6,0,1,0,0,9,0,0,2,0,0,0,0,1,2,2,0,0,0,2,0,0,0,0,0,0,0,0,0
360670029011005,49,49,36,1,0,2,0,0,10,49,45,4,49,28,2,1,2,0,0,1,0,4,4,5,0,1,7,0,0,0,0,0,0,0,0,1,0,21,0,1,0,0,0,0,0,0,2,0,2,0,0,0,0,0,5,3,0,0,0,8,0
360670029011006,34,34,30,4,0,0,0,0,0,34,34,0,34,28,1,1,0,0,0,0,0,3,2,0,1,8,1,11,0,0,0,0,0,0,0,0,0,6,0,0,3,0,0,0,0,0,0,0,0,0,0,3,0,0,0,0,0,0,0,0,0
360670029011007,43,43,31,6,0,0,0,1,5,43,42,1,43,27,3,2,1,0,0,0,0,0,0,10,1,3,1,6,0,0,0,0,0,0,0,0,0,16,3,2,0,0,0,0,0,1,1,0,5,0,0,0,2,0,0,0,1,1,0,0,0
360670029011008,180,180,150,15,0,4,0,0,11,180,167,13,180,91,2,10,2,0,6,0,0,15,9,20,9,6,0,1,0,0,0,0,3,4,3,1,0,89,4,2,1,0,3,0,0,6,30,16,0,6,0,2,8,0,6,0,3,0,2,0,0
360670029011009,209,209,191,8,2,0,0,0,8,209,208,1,209,108,0,1,4,4,0,0,5,15,20,6,17,6,2,0,15,2,0,1,0,7,0,2,1,101,2,4,0,1,0,6,2,5,30,8,0,9,12,11,3,0,0,0,0,0,0,1,7
360670029011010,188,188,167,14,2,2,0,0,3,188,176,12,188,112,9,3,1,0,3,0,1,30,23,12,23,0,4,0,0,0,3,0,0,0,0,0,0,76,10,1,2,2,0,0,0,9,9,25,11,2,0,3,0,0,0,0,0,2,0,0,0
360670029011011,140,140,131,3,2,0,0,0,4,140,140,0,140,41,0,0,2,0,0,0,0,1,7,6,0,0,3,1,0,0,0,6,9,6,0,0,0,99,0,6,2,0,2,0,0,19,38,18,0,2,0,0,8,0,1,0,0,2,0,0,1
360670029011012,112,112,104,0,0,1,0,1,6,112,111,1,112,63,0,0,0,1,0,0,0,0,19,7,13,0,12,0,0,0,7,1,0,0,0,1,2,49,1,6,0,0,0,0,0,1,4,8,16,0,1,0,1,1,0,7,2,0,0,0,1
360670029011013,149,149,122,17,2,0,0,0,8,149,145,4,149,69,5,8,7,0,0,2,1,11,7,4,9,0,5,2,0,3,0,0,0,0,0,5,0,80,2,3,1,5,0,0,3,18,19,0,0,0,0,2,4,1,1,3,7,7,2,1,1
360670029011014,128,128,100,12,4,2,0,8,2,128,117,11,128,64,1,3,0,3,0,0,0,0,22,1,10,6,5,7,5,0,1,0,0,0,0,0,0,64,6,0,1,2,0,0,1,5,11,8,6,1,7,9,5,1,0,0,0,0,0,0,1
360670029012000,0,0,0,0,0,0,0,0,0,0,0,0,0,0,0,0,0,0,0,0,0,0,0,0,0,0,0,0,0,0,0,0,0,0,0,0,0,0,0,0,0,0,0,0,0,0,0,0,0,0,0,0,0,0,0,0,0,0,0,0,0
360670029012001,23,23,5,11,0,0,0,0,7,23,17,6,23,11,0,0,0,0,2,0,2,0,1,1,0,2,0,2,0,0,0,0,0,1,0,0,0,12,0,0,0,0,0,0,0,3,3,1,0,0,0,1,0,0,2,0,0,0,0,0,2
360670029012002,0,0,0,0,0,0,0,0,0,0,0,0,0,0,0,0,0,0,0,0,0,0,0,0,0,0,0,0,0,0,0,0,0,0,0,0,0,0,0,0,0,0,0,0,0,0,0,0,0,0,0,0,0,0,0,0,0,0,0,0,0
360670029012003,0,0,0,0,0,0,0,0,0,0,0,0,0,0,0,0,0,0,0,0,0,0,0,0,0,0,0,0,0,0,0,0,0,0,0,0,0,0,0,0,0,0,0,0,0,0,0,0,0,0,0,0,0,0,0,0,0,0,0,0,0
360670029012004,0,0,0,0,0,0,0,0,0,0,0,0,0,0,0,0,0,0,0,0,0,0,0,0,0,0,0,0,0,0,0,0,0,0,0,0,0,0,0,0,0,0,0,0,0,0,0,0,0,0,0,0,0,0,0,0,0,0,0,0,0
360670029012005,0,0,0,0,0,0,0,0,0,0,0,0,0,0,0,0,0,0,0,0,0,0,0,0,0,0,0,0,0,0,0,0,0,0,0,0,0,0,0,0,0,0,0,0,0,0,0,0,0,0,0,0,0,0,0,0,0,0,0,0,0
360670029012006,54,54,33,14,0,3,0,4,0,54,46,8,54,19,0,0,0,0,0,0,0,0,11,0,0,1,3,0,0,1,0,0,0,0,0,0,3,35,0,3,4,1,1,0,0,0,7,2,5,4,0,0,2,0,0,0,0,4,0,1,1
360670029012007,47,47,39,2,0,0,0,5,1,47,41,6,47,19,4,0,0,5,0,0,0,0,0,0,0,1,0,4,0,0,5,0,0,0,0,0,0,28,0,2,0,0,0,0,0,0,7,4,4,1,2,0,3,0,3,0,2,0,0,0,0
360670029012008,39,39,27,7,0,1,0,0,4,39,37,2,39,22,1,0,1,0,2,0,0,1,8,0,1,0,0,0,1,4,0,2,0,1,0,0,0,17,1,1,0,0,0,0,0,0,2,4,3,2,0,0,0,1,0,1,0,2,0,0,0
360670029012009,35,35,19,3,0,2,0,4,7,35,26,9,35,11,1,3,1,0,0,0,0,0,1,1,0,1,0,0,0,0,0,0,3,0,0,0,0,24,2,2,0,0,1,0,0,5,4,1,0,0,3,1,0,1,0,1,1,2,0,0,0
360670029012010,66,66,50,3,2,0,0,2,9,66,61,5,66,28,1,0,0,0,0,1,2,10,0,7,0,1,4,2,0,0,0,0,0,0,0,0,0,38,0,2,1,3,4,0,0,6,9,0,0,1,4,0,1,2,1,0,2,0,2,0,0
360670029012011,50,50,42,6,0,0,0,0,2,50,47,3,50,38,0,0,0,0,0,0,0,0,3,1,25,0,0,0,4,0,0,0,2,0,2,0,1,12,0,1,1,0,0,0,0,1,0,1,2,0,0,0,4,0,0,0,0,0,2,0,0
360670029012012,82,82,64,12,0,1,0,0,5,82,79,3,82,53,2,3,3,0,0,0,4,5,25,2,5,4,0,0,0,0,0,0,0,0,0,0,0,29,2,3,0,0,0,0,0,0,0,1,1,4,0,7,0,0,0,4,1,0,4,2,0
360670029012013,47,47,30,2,7,2,0,2,4,47,41,6,47,27,0,1,0,1,1,0,0,0,8,7,1,0,5,2,0,0,1,0,0,0,0,0,0,20,1,3,3,1,0,1,0,0,4,5,0,0,0,0,2,0,0,0,0,0,0,0,0
360670029012014,158,158,118,22,2,0,0,6,10,158,120,38,158,88,2,15,11,1,1,0,0,0,2,20,4,0,1,2,3,11,6,7,1,0,0,1,0,70,11,17,4,0,0,0,1,7,22,1,0,1,0,0,0,0,0,0,4,2,0,0,0
360670029012015,83,83,64,10,0,2,0,4,3,83,72,11,83,47,4,0,0,0,0,3,0,3,13,6,11,0,4,0,3,0,0,0,0,0,0,0,0,36,3,1,0,0,3,5,1,6,3,2,2,0,1,0,0,0,2,2,0,4,0,0,1
360670029012016,51,51,43,8,0,0,0,0,0,51,50,1,51,30,0,1,0,0,0,0,0,2,2,0,0,7,1,0,4,0,0,1,6,5,0,1,0,21,0,0,2,0,0,0,0,0,1,12,0,1,2,0,0,0,0,0,0,3,0,0,0
360670029012017,88,88,71,8,0,1,0,4,4,88,82,6,88,35,4,2,4,1,0,1,0,3,10,0,0,0,5,0,0,0,0,0,0,0,0,2,3,53,3,4,2,1,0,0,0,0,9,15,3,0,2,8,0,0,0,0,0,2,3,0,1
360670029012018,0,0,0,0,0,0,0,0,0,0,0,0,0,0,0,0,0,0,0,0,0,0,0,0,0,0,0,0,0,0,0,0,0,0,0,0,0,0,0,0,0,0,0,0,0,0,0,0,0,0,0,0,0,0,0,0,0,0,0,0,0
360670029012019,31,31,21,3,0,0,0,1,6,31,28,3,31,15,0,0,0,2,0,0,0,0,1,6,0,0,1,0,0,0,0,0,0,5,0,0,0,16,1,0,0,3,0,0,1,1,2,4,0,1,0,1,0,0,0,2,0,0,0,0,0
360670029012020,25,25,10,0,2,0,0,7,6,25,17,8,25,11,0,0,0,3,0,0,0,0,0,0,1,2,0,0,0,0,5,0,0,0,0,0,0,14,0,2,1,0,0,0,0,0,2,0,2,3,2,1,0,1,0,0,0,0,0,0,0
360670029012021,0,0,0,0,0,0,0,0,0,0,0,0,0,0,0,0,0,0,0,0,0,0,0,0,0,0,0,0,0,0,0,0,0,0,0,0,0,0,0,0,0,0,0,0,0,0,0,0,0,0,0,0,0,0,0,0,0,0,0,0,0
360670029012022,47,47,41,0,0,0,0,0,6,47,45,2,47,30,1,0,0,0,4,0,1,5,13,5,0,0,0,0,0,0,0,0,0,0,0,0,1,17,0,0,0,0,0,0,2,2,11,1,1,0,0,0,0,0,0,0,0,0,0,0,0
360670029012023,7,7,0,2,0,0,0,0,5,7,6,1,7,2,0,0,0,1,0,0,1,0,0,0,0,0,0,0,0,0,0,0,0,0,0,0,0,5,3,1,0,0,0,0,0,0,0,0,0,0,0,0,0,0,1,0,0,0,0,0,0
360670029012024,0,0,0,0,0,0,0,0,0,0,0,0,0,0,0,0,0,0,0,0,0,0,0,0,0,0,0,0,0,0,0,0,0,0,0,0,0,0,0,0,0,0,0,0,0,0,0,0,0,0,0,0,0,0,0,0,0,0,0,0,0
360670029012025,0,0,0,0,0,0,0,0,0,0,0,0,0,0,0,0,0,0,0,0,0,0,0,0,0,0,0,0,0,0,0,0,0,0,0,0,0,0,0,0,0,0,0,0,0,0,0,0,0,0,0,0,0,0,0,0,0,0,0,0,0
360670029012026,0,0,0,0,0,0,0,0,0,0,0,0,0,0,0,0,0,0,0,0,0,0,0,0,0,0,0,0,0,0,0,0,0,0,0,0,0,0,0,0,0,0,0,0,0,0,0,0,0,0,0,0,0,0,0,0,0,0,0,0,0
360670030001000,0,0,0,0,0,0,0,0,0,0,0,0,0,0,0,0,0,0,0,0,0,0,0,0,0,0,0,0,0,0,0,0,0,0,0,0,0,0,0,0,0,0,0,0,0,0,0,0,0,0,0,0,0,0,0,0,0,0,0,0,0
360670030001001,0,0,0,0,0,0,0,0,0,0,0,0,0,0,0,0,0,0,0,0,0,0,0,0,0,0,0,0,0,0,0,0,0,0,0,0,0,0,0,0,0,0,0,0,0,0,0,0,0,0,0,0,0,0,0,0,0,0,0,0,0
360670030001002,0,0,0,0,0,0,0,0,0,0,0,0,0,0,0,0,0,0,0,0,0,0,0,0,0,0,0,0,0,0,0,0,0,0,0,0,0,0,0,0,0,0,0,0,0,0,0,0,0,0,0,0,0,0,0,0,0,0,0,0,0
360670030001003,21,21,8,5,0,0,0,3,5,21,3,18,21,7,1,1,1,3,0,0,0,0,0,0,0,0,1,0,0,0,0,0,0,0,0,0,0,14,1,0,2,1,0,0,0,0,1,1,0,6,1,0,0,0,1,0,0,0,0,0,0
360670030001004,29,29,15,7,0,0,0,2,5,29,21,8,29,14,4,1,0,0,0,0,0,0,0,0,2,0,2,3,0,0,2,0,0,0,0,0,0,15,3,4,0,0,0,0,0,4,1,0,0,0,0,0,0,0,0,0,0,0,2,0,1
360670030001005,0,0,0,0,0,0,0,0,0,0,0,0,0,0,0,0,0,0,0,0,0,0,0,0,0,0,0,0,0,0,0,0,0,0,0,0,0,0,0,0,0,0,0,0,0,0,0,0,0,0,0,0,0,0,0,0,0,0,0,0,0
360670030001006,0,0,0,0,0,0,0,0,0,0,0,0,0,0,0,0,0,0,0,0,0,0,0,0,0,0,0,0,0,0,0,0,0,0,0,0,0,0,0,0,0,0,0,0,0,0,0,0,0,0,0,0,0,0,0,0,0,0,0,0,0
360670030001007,0,0,0,0,0,0,0,0,0,0,0,0,0,0,0,0,0,0,0,0,0,0,0,0,0,0,0,0,0,0,0,0,0,0,0,0,0,0,0,0,0,0,0,0,0,0,0,0,0,0,0,0,0,0,0,0,0,0,0,0,0
360670030001008,0,0,0,0,0,0,0,0,0,0,0,0,0,0,0,0,0,0,0,0,0,0,0,0,0,0,0,0,0,0,0,0,0,0,0,0,0,0,0,0,0,0,0,0,0,0,0,0,0,0,0,0,0,0,0,0,0,0,0,0,0
360670030001009,0,0,0,0,0,0,0,0,0,0,0,0,0,0,0,0,0,0,0,0,0,0,0,0,0,0,0,0,0,0,0,0,0,0,0,0,0,0,0,0,0,0,0,0,0,0,0,0,0,0,0,0,0,0,0,0,0,0,0,0,0
360670030001010,22,22,2,3,1,0,0,6,10,22,11,11,22,7,1,0,0,0,0,0,0,1,0,0,0,2,2,0,1,0,0,0,0,0,0,0,0,15,2,0,0,4,1,0,0,0,1,0,0,0,1,4,0,0,2,0,0,0,0,0,0
360670030001011,150,150,55,67,0,5,0,15,8,150,136,14,150,117,1,1,1,2,0,4,0,2,11,4,15,14,6,24,17,0,5,2,0,1,4,1,2,33,0,3,1,0,0,0,0,2,2,4,5,1,8,1,0,0,0,1,0,0,0,4,1
360670030001012,198,198,115,71,0,1,0,7,4,198,182,16,198,156,0,1,2,0,4,4,0,11,13,25,22,6,19,12,19,8,6,0,0,3,0,1,0,42,1,0,0,0,1,1,0,4,3,6,9,6,2,3,4,0,2,0,0,0,0,0,0
360670030001013,13,13,7,4,0,0,0,0,2,13,10,3,13,12,1,0,2,0,0,0,0,1,0,1,1,0,1,4,0,1,0,0,0,0,0,0,0,1,0,0,0,0,0,0,0,0,0,0,0,0,1,0,0,0,0,0,0,0,0,0,0
360670030001014,29,29,6,7,1,0,0,3,12,29,21,8,29,13,0,1,1,2,1,0,1,0,2,0,1,0,0,1,0,0,0,0,0,2,0,1,0,16,0,1,0,1,4,1,0,0,1,2,2,0,2,0,0,0,2,0,0,0,0,0,0
360670030001015,63,63,28,14,4,0,0,6,11,63,45,18,63,37,0,0,2,2,0,2,0,1,0,2,2,5,5,0,0,6,5,2,2,0,1,0,0,26,1,0,1,1,2,0,0,1,2,1,0,1,2,5,4,0,0,1,3,0,0,0,1
360670030001016,14,14,1,9,0,0,0,0,4,14,11,3,14,3,0,0,2,0,0,0,0,0,0,0,0,0,0,1,0,0,0,0,0,0,0,0,0,11,1,2,2,0,0,2,0,0,0,0,2,1,0,0,0,1,0,0,0,0,0,0,0
360670030001017,14,14,4,4,1,0,0,0,5,14,6,8,14,3,0,1,0,0,0,0,0,0,0,0,0,0,1,0,0,0,0,0,0,1,0,0,0,11,1,1,0,1,0,0,0,0,2,1,0,0,1,0,0,0,0,0,2,2,0,0,0
360670030001018,12,12,0,10,0,0,0,0,2,12,8,4,12,8,3,0,0,2,0,0,0,0,1,1,0,0,0,0,0,0,1,0,0,0,0,0,0,4,0,0,0,2,0,0,1,0,1,0,0,0,0,0,0,0,0,0,0,0,0,0,0
360670030001019,18,18,12,3,0,1,0,0,2,18,15,3,18,11,0,4,2,1,0,0,0,0,0,1,0,0,0,0,3,0,0,0,0,0,0,0,0,7,1,0,0,0,0,0,0,0,0,1,1,0,2,0,2,0,0,0,0,0,0,0,0
360670030001020,27,27,12,8,3,2,0,1,1,27,23,4,27,4,1,0,1,0,0,0,0,0,0,0,0,0,0,0,0,1,0,0,0,0,1,0,0,23,1,0,0,0,0,1,1,0,4,0,3,5,0,1,1,1,0,0,0,1,1,3,0
360670030001021,58,58,14,17,0,0,0,10,17,58,18,40,58,32,6,2,3,1,1,4,2,3,0,2,0,1,1,2,0,0,0,1,2,0,1,0,0,26,1,2,1,0,0,0,0,0,1,2,2,1,2,2,0,5,1,3,0,3,0,0,0
360670030001022,309,309,13,150,0,0,0,98,48,309,141,168,309,133,20,31,30,7,0,1,0,1,16,9,1,5,2,4,3,0,3,0,0,0,0,0,0,176,23,14,19,3,3,1,7,14,18,16,12,10,7,14,10,1,2,0,1,1,0,0,0
360670030001023,0,0,0,0,0,0,0,0,0,0,0,0,0,0,0,0,0,0,0,0,0,0,0,0,0,0,0,0,0,0,0,0,0,0,0,0,0,0,0,0,0,0,0,0,0,0,0,0,0,0,0,0,0,0,0,0,0,0,0,0,0
360670030001024,29,29,13,14,0,0,0,0,2,29,27,2,29,13,0,0,1,2,0,0,0,0,0,0,0,1,0,1,7,0,0,0,0,1,0,0,0,16,4,0,0,0,0,0,0,0,1,5,1,1,2,0,0,2,0,0,0,0,0,0,0
360670030001025,76,76,30,32,0,0,0,4,10,76,69,7,76,47,3,5,6,6,0,0,0,5,2,4,8,1,3,0,0,0,0,0,2,2,0,0,0,29,8,3,2,1,0,0,0,1,0,4,0,2,0,3,0,0,0,2,0,1,2,0,0
360670030001026,50,50,32,5,2,0,0,1,10,50,35,15,50,19,1,0,5,2,3,0,0,0,0,1,0,0,4,1,0,0,0,1,0,1,0,0,0,31,0,2,9,2,0,0,0,0,4,4,4,0,3,2,0,0,0,0,0,1,0,0,0
360670030001027,0,0,0,0,0,0,0,0,0,0,0,0,0,0,0,0,0,0,0,0,0,0,0,0,0,0,0,0,0,0,0,0,0,0,0,0,0,0,0,0,0,0,0,0,0,0,0,0,0,0,0,0,0,0,0,0,0,0,0,0,0
360670030001028,50,50,11,23,0,0,0,15,1,50,28,22,50,21,1,0,2,0,5,0,4,2,0,0,4,0,0,1,1,0,1,0,0,0,0,0,0,29,2,1,4,1,3,0,0,1,0,5,1,4,0,4,0,1,0,2,0,0,0,0,0
360670030001029,0,0,0,0,0,0,0,0,0,0,0,0,0,0,0,0,0,0,0,0,0,0,0,0,0,0,0,0,0,0,0,0,0,0,0,0,0,0,0,0,0,0,0,0,0,0,0,0,0,0,0,0,0,0,0,0,0,0,0,0,0
360670030001030,65,65,30,16,0,0,0,1,18,65,52,13,65,35,2,2,2,0,1,0,2,2,0,3,7,1,0,0,4,4,3,0,1,1,0,0,0,30,2,11,2,2,2,0,0,0,5,2,1,2,0,0,1,0,0,0,0,0,0,0,0
360670030002000,0,0,0,0,0,0,0,0,0,0,0,0,0,0,0,0,0,0,0,0,0,0,0,0,0,0,0,0,0,0,0,0,0,0,0,0,0,0,0,0,0,0,0,0,0,0,0,0,0,0,0,0,0,0,0,0,0,0,0,0,0
360670030002001,0,0,0,0,0,0,0,0,0,0,0,0,0,0,0,0,0,0,0,0,0,0,0,0,0,0,0,0,0,0,0,0,0,0,0,0,0,0,0,0,0,0,0,0,0,0,0,0,0,0,0,0,0,0,0,0,0,0,0,0,0
360670030002002,310,310,21,164,3,0,0,99,23,310,160,150,310,110,2,21,8,0,6,0,0,0,9,6,10,6,5,0,12,3,10,2,6,0,0,1,3,200,13,18,13,0,0,3,2,11,20,7,8,9,4,21,28,1,6,12,8,3,8,5,0
360670030002003,42,42,24,2,4,0,0,4,8,42,23,19,42,24,1,4,1,0,3,0,0,0,3,5,2,0,1,2,0,1,0,0,0,0,1,0,0,18,0,0,4,2,2,0,0,0,0,1,2,0,1,3,0,0,0,0,2,0,0,1,0
360670030002004,93,93,25,24,0,0,0,18,26,93,46,47,93,54,7,5,6,2,0,4,1,3,0,1,0,2,1,8,7,5,1,1,0,0,0,0,0,39,4,6,4,1,0,0,1,2,0,6,0,1,11,0,2,0,0,0,0,0,1,0,0
360670030002005,98,98,36,36,1,2,0,12,11,98,72,26,98,61,0,4,1,6,4,3,0,4,2,1,0,8,6,5,4,5,2,0,0,0,0,5,1,37,9,1,5,0,0,0,0,0,4,2,0,6,0,2,2,1,2,0,0,3,0,0,0
360670030002006,261,261,29,136,7,0,0,49,40,261,150,111,261,121,11,5,6,6,0,2,0,2,6,8,2,3,6,18,11,4,4,5,5,6,9,2,0,140,2,20,7,2,8,0,0,2,2,7,13,1,7,11,4,16,4,4,8,17,2,0,3
360670030002007,20,20,4,10,0,1,0,1,4,20,7,13,20,3,1,0,1,0,0,0,0,0,0,0,0,0,0,0,1,0,0,0,0,0,0,0,0,17,1,0,2,1,0,0,0,1,6,1,1,0,1,2,0,1,0,0,0,0,0,0,0
360670030002008,66,66,31,18,0,0,0,11,6,66,49,17,66,40,3,0,2,0,0,1,0,0,6,0,3,7,3,4,6,1,0,0,2,2,0,0,0,26,1,1,0,0,0,0,0,2,2,4,3,3,0,3,2,1,1,0,2,0,1,0,0
360670032001000,0,0,0,0,0,0,0,0,0,0,0,0,0,0,0,0,0,0,0,0,0,0,0,0,0,0,0,0,0,0,0,0,0,0,0,0,0,0,0,0,0,0,0,0,0,0,0,0,0,0,0,0,0,0,0,0,0,0,0,0,0
360670032001001,36,36,31,0,0,4,0,1,0,36,35,1,36,26,1,0,0,0,0,0,0,0,9,5,10,0,1,0,0,0,0,0,0,0,0,0,0,10,0,0,0,0,0,0,0,0,6,1,2,0,0,0,0,0,1,0,0,0,0,0,0
360670032001002,0,0,0,0,0,0,0,0,0,0,0,0,0,0,0,0,0,0,0,0,0,0,0,0,0,0,0,0,0,0,0,0,0,0,0,0,0,0,0,0,0,0,0,0,0,0,0,0,0,0,0,0,0,0,0,0,0,0,0,0,0
360670032001003,0,0,0,0,0,0,0,0,0,0,0,0,0,0,0,0,0,0,0,0,0,0,0,0,0,0,0,0,0,0,0,0,0,0,0,0,0,0,0,0,0,0,0,0,0,0,0,0,0,0,0,0,0,0,0,0,0,0,0,0,0
360670032001004,5,5,0,0,0,2,0,0,3,5,5,0,5,2,0,0,0,0,0,0,0,0,0,0,0,1,0,0,1,0,0,0,0,0,0,0,0,3,0,0,0,0,1,0,0,2,0,0,0,0,0,0,0,0,0,0,0,0,0,0,0
360670032001005,8,8,3,0,0,4,0,0,1,8,7,1,8,1,0,0,0,0,0,0,0,0,0,0,0,0,0,0,1,0,0,0,0,0,0,0,0,7,0,1,0,1,0,0,0,0,2,3,0,0,0,0,0,0,0,0,0,0,0,0,0
360670032001006,53,53,45,3,0,2,0,1,2,53,52,1,53,29,0,0,1,0,0,0,0,0,2,21,4,0,0,1,0,0,0,0,0,0,0,0,0,24,2,0,0,0,0,1,2,6,0,1,6,0,0,0,1,0,0,0,5,0,0,0,0
360670032001007,0,0,0,0,0,0,0,0,0,0,0,0,0,0,0,0,0,0,0,0,0,0,0,0,0,0,0,0,0,0,0,0,0,0,0,0,0,0,0,0,0,0,0,0,0,0,0,0,0,0,0,0,0,0,0,0,0,0,0,0,0
360670032001008,0,0,0,0,0,0,0,0,0,0,0,0,0,0,0,0,0,0,0,0,0,0,0,0,0,0,0,0,0,0,0,0,0,0,0,0,0,0,0,0,0,0,0,0,0,0,0,0,0,0,0,0,0,0,0,0,0,0,0,0,0
360670032001009,0,0,0,0,0,0,0,0,0,0,0,0,0,0,0,0,0,0,0,0,0,0,0,0,0,0,0,0,0,0,0,0,0,0,0,0,0,0,0,0,0,0,0,0,0,0,0,0,0,0,0,0,0,0,0,0,0,0,0,0,0
360670032001010,55,55,40,5,0,4,0,0,6,55,50,5,55,29,0,1,0,0,0,0,0,3,13,1,3,0,0,2,0,1,1,4,0,0,0,0,0,26,1,0,0,0,0,0,1,7,10,2,0,0,2,2,0,0,0,0,1,0,0,0,0
360670032001011,0,0,0,0,0,0,0,0,0,0,0,0,0,0,0,0,0,0,0,0,0,0,0,0,0,0,0,0,0,0,0,0,0,0,0,0,0,0,0,0,0,0,0,0,0,0,0,0,0,0,0,0,0,0,0,0,0,0,0,0,0
360670032001012,0,0,0,0,0,0,0,0,0,0,0,0,0,0,0,0,0,0,0,0,0,0,0,0,0,0,0,0,0,0,0,0,0,0,0,0,0,0,0,0,0,0,0,0,0,0,0,0,0,0,0,0,0,0,0,0,0,0,0,0,0
360670032001013,0,0,0,0,0,0,0,0,0,0,0,0,0,0,0,0,0,0,0,0,0,0,0,0,0,0,0,0,0,0,0,0,0,0,0,0,0,0,0,0,0,0,0,0,0,0,0,0,0,0,0,0,0,0,0,0,0,0,0,0,0
360670032001014,0,0,0,0,0,0,0,0,0,0,0,0,0,0,0,0,0,0,0,0,0,0,0,0,0,0,0,0,0,0,0,0,0,0,0,0,0,0,0,0,0,0,0,0,0,0,0,0,0,0,0,0,0,0,0,0,0,0,0,0,0
360670032001015,37,37,25,2,0,0,0,6,4,37,30,7,37,29,0,0,0,0,0,1,0,2,3,2,13,0,0,7,0,0,1,0,0,0,0,0,0,8,1,0,0,1,0,0,0,0,2,3,1,0,0,0,0,0,0,0,0,0,0,0,0
360670032001016,0,0,0,0,0,0,0,0,0,0,0,0,0,0,0,0,0,0,0,0,0,0,0,0,0,0,0,0,0,0,0,0,0,0,0,0,0,0,0,0,0,0,0,0,0,0,0,0,0,0,0,0,0,0,0,0,0,0,0,0,0
360670032001017,0,0,0,0,0,0,0,0,0,0,0,0,0,0,0,0,0,0,0,0,0,0,0,0,0,0,0,0,0,0,0,0,0,0,0,0,0,0,0,0,0,0,0,0,0,0,0,0,0,0,0,0,0,0,0,0,0,0,0,0,0
360670032001018,66,66,45,1,3,7,0,4,6,66,59,7,66,29,0,0,0,0,2,1,0,0,2,21,0,0,1,0,0,0,2,0,0,0,0,0,0,37,0,0,0,0,0,0,0,1,16,12,0,1,0,0,5,1,1,0,0,0,0,0,0
360670032001019,103,103,60,12,0,27,0,0,4,103,103,0,103,69,2,0,2,1,0,1,1,6,30,12,0,11,0,1,0,0,2,0,0,0,0,0,0,34,1,0,0,0,0,0,0,2,10,18,0,3,0,0,0,0,0,0,0,0,0,0,0
360670032001020,0,0,0,0,0,0,0,0,0,0,0,0,0,0,0,0,0,0,0,0,0,0,0,0,0,0,0,0,0,0,0,0,0,0,0,0,0,0,0,0,0,0,0,0,0,0,0,0,0,0,0,0,0,0,0,0,0,0,0,0,0
360670032001021,0,0,0,0,0,0,0,0,0,0,0,0,0,0,0,0,0,0,0,0,0,0,0,0,0,0,0,0,0,0,0,0,0,0,0,0,0,0,0,0,0,0,0,0,0,0,0,0,0,0,0,0,0,0,0,0,0,0,0,0,0
360670032001022,29,29,26,0,0,2,0,0,1,29,29,0,29,25,6,0,0,0,0,1,0,0,9,2,0,0,7,0,0,0,0,0,0,0,0,0,0,4,1,0,0,0,0,0,0,0,0,3,0,0,0,0,0,0,0,0,0,0,0,0,0
360670032001023,0,0,0,0,0,0,0,0,0,0,0,0,0,0,0,0,0,0,0,0,0,0,0,0,0,0,0,0,0,0,0,0,0,0,0,0,0,0,0,0,0,0,0,0,0,0,0,0,0,0,0,0,0,0,0,0,0,0,0,0,0
360670032001024,25,25,19,0,0,5,0,1,0,25,24,1,25,4,1,0,0,0,0,0,0,0,0,0,1,0,0,0,1,0,0,0,0,1,0,0,0,21,0,0,0,1,0,0,0,0,0,7,7,2,0,3,0,1,0,0,0,0,0,0,0
360670032001025,39,39,31,1,0,2,0,0,5,39,36,3,39,14,1,0,0,0,0,0,0,1,7,0,1,0,0,0,1,3,0,0,0,0,0,0,0,25,2,0,1,0,0,0,3,2,15,0,1,0,0,0,0,0,0,0,1,0,0,0,0
360670032001026,95,95,77,3,0,3,0,0,12,95,83,12,95,42,0,1,0,0,0,1,0,2,2,0,5,4,0,0,11,7,0,0,2,6,0,0,1,53,0,0,0,0,0,0,3,19,15,5,5,0,0,3,2,0,1,0,0,0,0,0,0
360670032001027,0,0,0,0,0,0,0,0,0,0,0,0,0,0,0,0,0,0,0,0,0,0,0,0,0,0,0,0,0,0,0,0,0,0,0,0,0,0,0,0,0,0,0,0,0,0,0,0,0,0,0,0,0,0,0,0,0,0,0,0,0
360670032001028,87,87,57,10,0,19,0,0,1,87,86,1,87,40,0,0,1,0,0,0,0,0,14,4,13,0,3,0,1,0,0,0,0,4,0,0,0,47,0,0,0,0,0,2,0,0,20,2,15,4,0,0,0,0,4,0,0,0,0,0,0
360670032001029,19,19,8,0,0,5,0,0,6,19,12,7,19,15,0,1,0,0,0,0,0,0,0,7,2,0,4,0,0,0,1,0,0,0,0,0,0,4,0,1,0,0,0,0,0,0,1,1,0,0,0,0,0,0,0,0,1,0,0,0,0
360670032001030,0,0,0,0,0,0,0,0,0,0,0,0,0,0,0,0,0,0,0,0,0,0,0,0,0,0,0,0,0,0,0,0,0,0,0,0,0,0,0,0,0,0,0,0,0,0,0,0,0,0,0,0,0,0,0,0,0,0,0,0,0
360670032001031,0,0,0,0,0,0,0,0,0,0,0,0,0,0,0,0,0,0,0,0,0,0,0,0,0,0,0,0,0,0,0,0,0,0,0,0,0,0,0,0,0,0,0,0,0,0,0,0,0,0,0,0,0,0,0,0,0,0,0,0,0
360670032001032,0,0,0,0,0,0,0,0,0,0,0,0,0,0,0,0,0,0,0,0,0,0,0,0,0,0,0,0,0,0,0,0,0,0,0,0,0,0,0,0,0,0,0,0,0,0,0,0,0,0,0,0,0,0,0,0,0,0,0,0,0
360670032001033,33,33,20,2,0,6,0,0,5,33,31,2,33,28,1,0,0,0,1,2,2,1,1,0,1,1,4,14,0,0,0,0,0,0,0,0,0,5,0,1,0,0,0,0,0,0,2,2,0,0,0,0,0,0,0,0,0,0,0,0,0
360670032001034,65,65,61,0,0,4,0,0,0,65,59,6,65,40,1,1,0,0,0,1,0,12,1,21,0,0,0,3,0,0,0,0,0,0,0,0,0,25,0,0,0,0,0,1,0,5,19,0,0,0,0,0,0,0,0,0,0,0,0,0,0
360670032001035,164,164,129,14,0,17,0,0,4,164,164,0,164,83,2,0,0,1,0,0,0,0,50,1,11,8,0,1,5,0,0,2,2,0,0,0,0,81,2,0,0,0,0,0,0,8,14,30,1,9,4,3,0,6,2,0,0,2,0,0,0
360670032001036,54,54,41,4,0,9,0,0,0,54,50,4,54,32,0,0,0,0,2,0,1,3,4,18,0,2,0,1,1,0,0,0,0,0,0,0,0,22,2,0,1,0,0,0,0,7,11,0,0,0,0,0,0,1,0,0,0,0,0,0,0
360670032001037,121,121,82,5,0,24,0,3,7,121,116,5,121,67,0,1,0,0,0,2,0,6,5,14,6,5,2,2,13,1,1,2,7,0,0,0,0,54,0,0,0,0,0,0,4,14,7,8,4,2,0,1,1,10,0,0,0,2,1,0,0
360670032001038,205,205,131,58,0,0,0,10,6,205,188,17,205,164,1,1,0,0,0,0,1,9,28,0,9,20,20,32,9,0,17,8,1,3,4,1,0,41,2,0,0,0,0,0,0,0,5,8,4,3,3,0,9,3,0,0,3,0,1,0,0
360670032001039,0,0,0,0,0,0,0,0,0,0,0,0,0,0,0,0,0,0,0,0,0,0,0,0,0,0,0,0,0,0,0,0,0,0,0,0,0,0,0,0,0,0,0,0,0,0,0,0,0,0,0,0,0,0,0,0,0,0,0,0,0
360670032001040,31,31,22,0,0,2,0,0,7,31,30,1,31,6,0,0,0,0,0,0,0,0,0,1,0,0,0,1,1,0,0,0,0,3,0,0,0,25,0,0,0,0,0,0,0,0,0,6,2,0,4,0,0,0,3,0,0,3,0,1,6
360670032001041,66,66,50,0,0,10,0,2,4,66,59,7,66,30,3,0,0,0,0,1,0,1,3,2,8,3,2,1,1,0,1,1,2,0,0,1,0,36,0,0,0,0,1,2,0,2,2,1,1,1,2,2,18,0,0,4,0,0,0,0,0
360670032001042,32,32,14,7,0,9,0,1,1,32,30,2,32,24,0,0,0,0,0,0,0,7,0,3,6,0,1,4,3,0,0,0,0,0,0,0,0,8,0,0,0,0,0,0,1,1,4,0,0,0,2,0,0,0,0,0,0,0,0,0,0
360670032001043,111,111,88,4,0,9,0,7,3,111,101,10,111,70,1,0,0,0,0,0,0,6,37,8,1,1,3,0,2,2,2,1,2,2,0,0,2,41,0,1,0,0,0,1,0,11,16,2,3,3,0,4,0,0,0,0,0,0,0,0,0
360670032001044,40,40,15,10,0,2,0,5,8,40,34,6,40,23,2,0,1,0,0,0,0,2,5,1,3,0,0,4,0,0,1,1,1,1,1,0,0,17,0,0,1,1,0,0,2,2,2,1,1,0,0,0,1,3,0,1,0,0,0,1,1
360670032001045,0,0,0,0,0,0,0,0,0,0,0,0,0,0,0,0,0,0,0,0,0,0,0,0,0,0,0,0,0,0,0,0,0,0,0,0,0,0,0,0,0,0,0,0,0,0,0,0,0,0,0,0,0,0,0,0,0,0,0,0,0
360670032001046,0,0,0,0,0,0,0,0,0,0,0,0,0,0,0,0,0,0,0,0,0,0,0,0,0,0,0,0,0,0,0,0,0,0,0,0,0,0,0,0,0,0,0,0,0,0,0,0,0,0,0,0,0,0,0,0,0,0,0,0,0
360670032001047,0,0,0,0,0,0,0,0,0,0,0,0,0,0,0,0,0,0,0,0,0,0,0,0,0,0,0,0,0,0,0,0,0,0,0,0,0,0,0,0,0,0,0,0,0,0,0,0,0,0,0,0,0,0,0,0,0,0,0,0,0
360670032001048,0,0,0,0,0,0,0,0,0,0,0,0,0,0,0,0,0,0,0,0,0,0,0,0,0,0,0,0,0,0,0,0,0,0,0,0,0,0,0,0,0,0,0,0,0,0,0,0,0,0,0,0,0,0,0,0,0,0,0,0,0
360670032001049,0,0,0,0,0,0,0,0,0,0,0,0,0,0,0,0,0,0,0,0,0,0,0,0,0,0,0,0,0,0,0,0,0,0,0,0,0,0,0,0,0,0,0,0,0,0,0,0,0,0,0,0,0,0,0,0,0,0,0,0,0
360670032001050,345,345,103,182,3,2,0,21,34,345,301,44,345,218,12,6,2,2,0,0,1,11,13,36,18,13,7,5,38,18,16,6,8,2,3,1,0,127,10,6,0,1,0,1,5,3,15,17,17,4,6,20,8,2,8,2,0,0,0,0,2
360670032001051,0,0,0,0,0,0,0,0,0,0,0,0,0,0,0,0,0,0,0,0,0,0,0,0,0,0,0,0,0,0,0,0,0,0,0,0,0,0,0,0,0,0,0,0,0,0,0,0,0,0,0,0,0,0,0,0,0,0,0,0,0
360670032001052,0,0,0,0,0,0,0,0,0,0,0,0,0,0,0,0,0,0,0,0,0,0,0,0,0,0,0,0,0,0,0,0,0,0,0,0,0,0,0,0,0,0,0,0,0,0,0,0,0,0,0,0,0,0,0,0,0,0,0,0,0
360670032001053,0,0,0,0,0,0,0,0,0,0,0,0,0,0,0,0,0,0,0,0,0,0,0,0,0,0,0,0,0,0,0,0,0,0,0,0,0,0,0,0,0,0,0,0,0,0,0,0,0,0,0,0,0,0,0,0,0,0,0,0,0
360670032001054,45,45,14,3,1,12,0,5,10,45,36,9,45,30,4,1,1,0,0,0,0,0,8,6,0,2,1,1,2,0,0,3,1,0,0,0,0,15,0,1,0,0,0,0,0,0,3,2,3,3,3,0,0,0,0,0,0,0,0,0,0
360670032001055,0,0,0,0,0,0,0,0,0,0,0,0,0,0,0,0,0,0,0,0,0,0,0,0,0,0,0,0,0,0,0,0,0,0,0,0,0,0,0,0,0,0,0,0,0,0,0,0,0,0,0,0,0,0,0,0,0,0,0,0,0
360670032001056,0,0,0,0,0,0,0,0,0,0,0,0,0,0,0,0,0,0,0,0,0,0,0,0,0,0,0,0,0,0,0,0,0,0,0,0,0,0,0,0,0,0,0,0,0,0,0,0,0,0,0,0,0,0,0,0,0,0,0,0,0
360670032001057,0,0,0,0,0,0,0,0,0,0,0,0,0,0,0,0,0,0,0,0,0,0,0,0,0,0,0,0,0,0,0,0,0,0,0,0,0,0,0,0,0,0,0,0,0,0,0,0,0,0,0,0,0,0,0,0,0,0,0,0,0
360670032002000,0,0,0,0,0,0,0,0,0,0,0,0,0,0,0,0,0,0,0,0,0,0,0,0,0,0,0,0,0,0,0,0,0,0,0,0,0,0,0,0,0,0,0,0,0,0,0,0,0,0,0,0,0,0,0,0,0,0,0,0,0
360670032002001,0,0,0,0,0,0,0,0,0,0,0,0,0,0,0,0,0,0,0,0,0,0,0,0,0,0,0,0,0,0,0,0,0,0,0,0,0,0,0,0,0,0,0,0,0,0,0,0,0,0,0,0,0,0,0,0,0,0,0,0,0
360670032002002,13,13,8,3,0,0,0,0,2,13,8,5,13,6,1,0,0,0,0,0,0,1,1,0,1,0,0,0,0,0,0,0,2,0,0,0,0,7,3,0,1,0,0,0,1,2,0,0,0,0,0,0,0,0,0,0,0,0,0,0,0
360670032002003,0,0,0,0,0,0,0,0,0,0,0,0,0,0,0,0,0,0,0,0,0,0,0,0,0,0,0,0,0,0,0,0,0,0,0,0,0,0,0,0,0,0,0,0,0,0,0,0,0,0,0,0,0,0,0,0,0,0,0,0,0
360670032002004,0,0,0,0,0,0,0,0,0,0,0,0,0,0,0,0,0,0,0,0,0,0,0,0,0,0,0,0,0,0,0,0,0,0,0,0,0,0,0,0,0,0,0,0,0,0,0,0,0,0,0,0,0,0,0,0,0,0,0,0,0
360670032002005,0,0,0,0,0,0,0,0,0,0,0,0,0,0,0,0,0,0,0,0,0,0,0,0,0,0,0,0,0,0,0,0,0,0,0,0,0,0,0,0,0,0,0,0,0,0,0,0,0,0,0,0,0,0,0,0,0,0,0,0,0
360670032002006,0,0,0,0,0,0,0,0,0,0,0,0,0,0,0,0,0,0,0,0,0,0,0,0,0,0,0,0,0,0,0,0,0,0,0,0,0,0,0,0,0,0,0,0,0,0,0,0,0,0,0,0,0,0,0,0,0,0,0,0,0
360670032002007,4,4,1,0,0,2,0,0,1,4,3,1,4,2,0,0,0,1,0,0,0,0,0,1,0,0,0,0,0,0,0,0,0,0,0,0,0,2,0,1,0,0,0,0,0,0,1,0,0,0,0,0,0,0,0,0,0,0,0,0,0
360670032002008,0,0,0,0,0,0,0,0,0,0,0,0,0,0,0,0,0,0,0,0,0,0,0,0,0,0,0,0,0,0,0,0,0,0,0,0,0,0,0,0,0,0,0,0,0,0,0,0,0,0,0,0,0,0,0,0,0,0,0,0,0
360670032002009,0,0,0,0,0,0,0,0,0,0,0,0,0,0,0,0,0,0,0,0,0,0,0,0,0,0,0,0,0,0,0,0,0,0,0,0,0,0,0,0,0,0,0,0,0,0,0,0,0,0,0,0,0,0,0,0,0,0,0,0,0
360670032002010,0,0,0,0,0,0,0,0,0,0,0,0,0,0,0,0,0,0,0,0,0,0,0,0,0,0,0,0,0,0,0,0,0,0,0,0,0,0,0,0,0,0,0,0,0,0,0,0,0,0,0,0,0,0,0,0,0,0,0,0,0
360670032002011,0,0,0,0,0,0,0,0,0,0,0,0,0,0,0,0,0,0,0,0,0,0,0,0,0,0,0,0,0,0,0,0,0,0,0,0,0,0,0,0,0,0,0,0,0,0,0,0,0,0,0,0,0,0,0,0,0,0,0,0,0
360670032002012,0,0,0,0,0,0,0,0,0,0,0,0,0,0,0,0,0,0,0,0,0,0,0,0,0,0,0,0,0,0,0,0,0,0,0,0,0,0,0,0,0,0,0,0,0,0,0,0,0,0,0,0,0,0,0,0,0,0,0,0,0
360670032002013,5,5,0,0,0,0,0,4,1,5,3,2,5,5,0,0,0,0,1,0,0,1,2,0,1,0,0,0,0,0,0,0,0,0,0,0,0,0,0,0,0,0,0,0,0,0,0,0,0,0,0,0,0,0,0,0,0,0,0,0,0
360670032002014,0,0,0,0,0,0,0,0,0,0,0,0,0,0,0,0,0,0,0,0,0,0,0,0,0,0,0,0,0,0,0,0,0,0,0,0,0,0,0,0,0,0,0,0,0,0,0,0,0,0,0,0,0,0,0,0,0,0,0,0,0
360670032002015,9,9,0,4,0,4,0,0,1,9,7,2,9,3,0,0,0,0,0,0,0,0,0,0,0,0,0,0,0,0,0,0,2,1,0,0,0,6,0,0,0,0,0,0,0,0,1,0,3,0,1,0,0,0,0,0,0,0,0,1,0
360670032002016,0,0,0,0,0,0,0,0,0,0,0,0,0,0,0,0,0,0,0,0,0,0,0,0,0,0,0,0,0,0,0,0,0,0,0,0,0,0,0,0,0,0,0,0,0,0,0,0,0,0,0,0,0,0,0,0,0,0,0,0,0
360670032002017,0,0,0,0,0,0,0,0,0,0,0,0,0,0,0,0,0,0,0,0,0,0,0,0,0,0,0,0,0,0,0,0,0,0,0,0,0,0,0,0,0,0,0,0,0,0,0,0,0,0,0,0,0,0,0,0,0,0,0,0,0
360670032002018,38,38,20,6,1,3,0,0,8,38,33,5,38,17,0,0,0,1,0,1,0,2,1,7,0,3,0,1,0,0,0,0,0,1,0,0,0,21,1,0,0,3,0,0,0,3,5,4,2,0,1,1,0,0,0,0,0,0,0,1,0
360670032002019,0,0,0,0,0,0,0,0,0,0,0,0,0,0,0,0,0,0,0,0,0,0,0,0,0,0,0,0,0,0,0,0,0,0,0,0,0,0,0,0,0,0,0,0,0,0,0,0,0,0,0,0,0,0,0,0,0,0,0,0,0
360670032002020,0,0,0,0,0,0,0,0,0,0,0,0,0,0,0,0,0,0,0,0,0,0,0,0,0,0,0,0,0,0,0,0,0,0,0,0,0,0,0,0,0,0,0,0,0,0,0,0,0,0,0,0,0,0,0,0,0,0,0,0,0
360670032002021,323,323,126,183,4,2,0,2,6,323,298,25,323,290,0,1,0,0,9,12,7,42,63,53,25,23,18,12,9,4,7,0,0,2,1,1,1,33,2,3,0,2,0,0,0,6,3,3,1,4,2,6,0,0,0,0,0,1,0,0,0
360670032002022,0,0,0,0,0,0,0,0,0,0,0,0,0,0,0,0,0,0,0,0,0,0,0,0,0,0,0,0,0,0,0,0,0,0,0,0,0,0,0,0,0,0,0,0,0,0,0,0,0,0,0,0,0,0,0,0,0,0,0,0,0
360670032002023,867,867,324,109,1,359,0,35,39,867,813,54,867,448,12,4,6,0,0,6,22,45,154,100,48,14,1,7,2,5,5,1,4,4,8,0,0,419,19,2,7,4,0,9,3,50,159,78,23,10,6,14,5,2,8,5,5,5,2,1,2
360670032002024,237,237,110,96,0,8,0,13,10,237,216,21,237,106,0,0,0,4,42,6,18,24,6,3,0,1,1,0,0,0,0,0,0,1,0,0,0,131,3,0,1,6,56,13,18,27,3,1,0,0,1,0,0,1,0,0,0,1,0,0,0
360670032002025,0,0,0,0,0,0,0,0,0,0,0,0,0,0,0,0,0,0,0,0,0,0,0,0,0,0,0,0,0,0,0,0,0,0,0,0,0,0,0,0,0,0,0,0,0,0,0,0,0,0,0,0,0,0,0,0,0,0,0,0,0
360670032002026,0,0,0,0,0,0,0,0,0,0,0,0,0,0,0,0,0,0,0,0,0,0,0,0,0,0,0,0,0,0,0,0,0,0,0,0,0,0,0,0,0,0,0,0,0,0,0,0,0,0,0,0,0,0,0,0,0,0,0,0,0
360670032002027,0,0,0,0,0,0,0,0,0,0,0,0,0,0,0,0,0,0,0,0,0,0,0,0,0,0,0,0,0,0,0,0,0,0,0,0,0,0,0,0,0,0,0,0,0,0,0,0,0,0,0,0,0,0,0,0,0,0,0,0,0
360670032002028,0,0,0,0,0,0,0,0,0,0,0,0,0,0,0,0,0,0,0,0,0,0,0,0,0,0,0,0,0,0,0,0,0,0,0,0,0,0,0,0,0,0,0,0,0,0,0,0,0,0,0,0,0,0,0,0,0,0,0,0,0
360670032002029,0,0,0,0,0,0,0,0,0,0,0,0,0,0,0,0,0,0,0,0,0,0,0,0,0,0,0,0,0,0,0,0,0,0,0,0,0,0,0,0,0,0,0,0,0,0,0,0,0,0,0,0,0,0,0,0,0,0,0,0,0
360670032002030,0,0,0,0,0,0,0,0,0,0,0,0,0,0,0,0,0,0,0,0,0,0,0,0,0,0,0,0,0,0,0,0,0,0,0,0,0,0,0,0,0,0,0,0,0,0,0,0,0,0,0,0,0,0,0,0,0,0,0,0,0
360670034001000,157,157,42,96,0,9,0,1,9,157,155,2,157,74,1,6,4,0,3,0,4,8,21,2,7,4,6,4,1,2,1,0,0,0,0,0,0,83,11,3,11,3,2,1,0,12,4,10,6,2,6,0,5,3,4,0,0,0,0,0,0
360670034001001,124,124,57,21,1,38,0,4,3,124,115,9,124,36,1,0,1,4,0,1,3,3,14,3,0,2,0,0,3,1,0,0,0,0,0,0,0,88,2,4,1,2,0,13,3,19,31,1,0,0,0,4,5,0,0,0,0,1,1,1,0
360670034001002,194,194,127,3,0,55,0,3,6,194,185,9,194,70,5,0,0,0,0,13,21,23,0,4,3,0,1,0,0,0,0,0,0,0,0,0,0,124,3,3,1,0,0,10,38,45,10,6,0,3,1,1,0,2,1,0,0,0,0,0,0
360670034001003,184,184,87,33,3,54,0,2,5,184,182,2,184,95,3,0,8,2,0,0,0,28,27,15,4,3,5,0,0,0,0,0,0,0,0,0,0,89,4,1,0,0,4,5,3,22,11,22,5,1,1,0,6,1,1,0,0,2,0,0,0
360670034001004,133,133,90,1,0,18,0,14,10,133,115,18,133,65,2,2,3,0,0,0,13,13,15,12,3,0,0,0,0,0,0,1,0,0,0,0,1,68,2,0,0,0,2,6,38,13,3,0,0,3,0,0,0,1,0,0,0,0,0,0,0
360670034001005,27,27,9,0,0,4,0,2,12,27,12,15,27,16,2,2,0,0,0,0,5,2,4,1,0,0,0,0,0,0,0,0,0,0,0,0,0,11,0,1,2,1,0,0,1,3,3,0,0,0,0,0,0,0,0,0,0,0,0,0,0
360670034001006,113,113,56,16,0,26,0,1,14,113,99,14,113,72,1,3,2,0,3,9,5,29,7,2,1,0,0,0,5,1,0,0,1,3,0,0,0,41,1,0,1,0,0,5,11,15,1,0,4,0,0,0,0,0,0,0,0,2,0,1,0
360670034001007,44,44,26,8,0,4,0,0,6,44,40,4,44,35,2,1,0,0,0,1,6,15,0,2,0,3,0,5,0,0,0,0,0,0,0,0,0,9,4,0,1,0,0,0,1,3,0,0,0,0,0,0,0,0,0,0,0,0,0,0,0
360670034002000,0,0,0,0,0,0,0,0,0,0,0,0,0,0,0,0,0,0,0,0,0,0,0,0,0,0,0,0,0,0,0,0,0,0,0,0,0,0,0,0,0,0,0,0,0,0,0,0,0,0,0,0,0,0,0,0,0,0,0,0,0
360670034002001,0,0,0,0,0,0,0,0,0,0,0,0,0,0,0,0,0,0,0,0,0,0,0,0,0,0,0,0,0,0,0,0,0,0,0,0,0,0,0,0,0,0,0,0,0,0,0,0,0,0,0,0,0,0,0,0,0,0,0,0,0
360670034002002,0,0,0,0,0,0,0,0,0,0,0,0,0,0,0,0,0,0,0,0,0,0,0,0,0,0,0,0,0,0,0,0,0,0,0,0,0,0,0,0,0,0,0,0,0,0,0,0,0,0,0,0,0,0,0,0,0,0,0,0,0
360670034002003,0,0,0,0,0,0,0,0,0,0,0,0,0,0,0,0,0,0,0,0,0,0,0,0,0,0,0,0,0,0,0,0,0,0,0,0,0,0,0,0,0,0,0,0,0,0,0,0,0,0,0,0,0,0,0,0,0,0,0,0,0
360670034002004,0,0,0,0,0,0,0,0,0,0,0,0,0,0,0,0,0,0,0,0,0,0,0,0,0,0,0,0,0,0,0,0,0,0,0,0,0,0,0,0,0,0,0,0,0,0,0,0,0,0,0,0,0,0,0,0,0,0,0,0,0
360670034002005,0,0,0,0,0,0,0,0,0,0,0,0,0,0,0,0,0,0,0,0,0,0,0,0,0,0,0,0,0,0,0,0,0,0,0,0,0,0,0,0,0,0,0,0,0,0,0,0,0,0,0,0,0,0,0,0,0,0,0,0,0
360670034002006,0,0,0,0,0,0,0,0,0,0,0,0,0,0,0,0,0,0,0,0,0,0,0,0,0,0,0,0,0,0,0,0,0,0,0,0,0,0,0,0,0,0,0,0,0,0,0,0,0,0,0,0,0,0,0,0,0,0,0,0,0
360670034002007,0,0,0,0,0,0,0,0,0,0,0,0,0,0,0,0,0,0,0,0,0,0,0,0,0,0,0,0,0,0,0,0,0,0,0,0,0,0,0,0,0,0,0,0,0,0,0,0,0,0,0,0,0,0,0,0,0,0,0,0,0
360670034002008,0,0,0,0,0,0,0,0,0,0,0,0,0,0,0,0,0,0,0,0,0,0,0,0,0,0,0,0,0,0,0,0,0,0,0,0,0,0,0,0,0,0,0,0,0,0,0,0,0,0,0,0,0,0,0,0,0,0,0,0,0
360670034002009,0,0,0,0,0,0,0,0,0,0,0,0,0,0,0,0,0,0,0,0,0,0,0,0,0,0,0,0,0,0,0,0,0,0,0,0,0,0,0,0,0,0,0,0,0,0,0,0,0,0,0,0,0,0,0,0,0,0,0,0,0
360670034002010,0,0,0,0,0,0,0,0,0,0,0,0,0,0,0,0,0,0,0,0,0,0,0,0,0,0,0,0,0,0,0,0,0,0,0,0,0,0,0,0,0,0,0,0,0,0,0,0,0,0,0,0,0,0,0,0,0,0,0,0,0
360670034002011,0,0,0,0,0,0,0,0,0,0,0,0,0,0,0,0,0,0,0,0,0,0,0,0,0,0,0,0,0,0,0,0,0,0,0,0,0,0,0,0,0,0,0,0,0,0,0,0,0,0,0,0,0,0,0,0,0,0,0,0,0
360670034002012,0,0,0,0,0,0,0,0,0,0,0,0,0,0,0,0,0,0,0,0,0,0,0,0,0,0,0,0,0,0,0,0,0,0,0,0,0,0,0,0,0,0,0,0,0,0,0,0,0,0,0,0,0,0,0,0,0,0,0,0,0
360670034002013,0,0,0,0,0,0,0,0,0,0,0,0,0,0,0,0,0,0,0,0,0,0,0,0,0,0,0,0,0,0,0,0,0,0,0,0,0,0,0,0,0,0,0,0,0,0,0,0,0,0,0,0,0,0,0,0,0,0,0,0,0
360670034002014,17,17,6,2,0,7,0,0,2,17,16,1,17,4,0,2,0,1,0,1,0,0,0,0,0,0,0,0,0,0,0,0,0,0,0,0,0,13,0,1,1,1,0,0,0,0,10,0,0,0,0,0,0,0,0,0,0,0,0,0,0
360670034002015,0,0,0,0,0,0,0,0,0,0,0,0,0,0,0,0,0,0,0,0,0,0,0,0,0,0,0,0,0,0,0,0,0,0,0,0,0,0,0,0,0,0,0,0,0,0,0,0,0,0,0,0,0,0,0,0,0,0,0,0,0
360670034002016,0,0,0,0,0,0,0,0,0,0,0,0,0,0,0,0,0,0,0,0,0,0,0,0,0,0,0,0,0,0,0,0,0,0,0,0,0,0,0,0,0,0,0,0,0,0,0,0,0,0,0,0,0,0,0,0,0,0,0,0,0
360670034002017,0,0,0,0,0,0,0,0,0,0,0,0,0,0,0,0,0,0,0,0,0,0,0,0,0,0,0,0,0,0,0,0,0,0,0,0,0,0,0,0,0,0,0,0,0,0,0,0,0,0,0,0,0,0,0,0,0,0,0,0,0
360670034002018,0,0,0,0,0,0,0,0,0,0,0,0,0,0,0,0,0,0,0,0,0,0,0,0,0,0,0,0,0,0,0,0,0,0,0,0,0,0,0,0,0,0,0,0,0,0,0,0,0,0,0,0,0,0,0,0,0,0,0,0,0
360670034002019,0,0,0,0,0,0,0,0,0,0,0,0,0,0,0,0,0,0,0,0,0,0,0,0,0,0,0,0,0,0,0,0,0,0,0,0,0,0,0,0,0,0,0,0,0,0,0,0,0,0,0,0,0,0,0,0,0,0,0,0,0
360670034002020,0,0,0,0,0,0,0,0,0,0,0,0,0,0,0,0,0,0,0,0,0,0,0,0,0,0,0,0,0,0,0,0,0,0,0,0,0,0,0,0,0,0,0,0,0,0,0,0,0,0,0,0,0,0,0,0,0,0,0,0,0
360670034002021,0,0,0,0,0,0,0,0,0,0,0,0,0,0,0,0,0,0,0,0,0,0,0,0,0,0,0,0,0,0,0,0,0,0,0,0,0,0,0,0,0,0,0,0,0,0,0,0,0,0,0,0,0,0,0,0,0,0,0,0,0
360670034002022,30,30,3,9,0,16,0,0,2,30,27,3,30,15,0,0,0,0,0,0,0,0,13,0,0,0,1,0,1,0,0,0,0,0,0,0,0,15,1,2,2,0,0,0,0,6,0,2,0,1,0,0,0,0,0,1,0,0,0,0,0
360670034002023,44,44,14,17,0,1,0,9,3,44,30,14,44,22,0,1,0,0,0,0,1,2,1,3,3,0,0,0,5,0,1,2,2,0,1,0,0,22,0,0,1,0,1,0,0,1,6,0,0,3,1,3,4,0,0,0,0,1,0,1,0
360670034002024,0,0,0,0,0,0,0,0,0,0,0,0,0,0,0,0,0,0,0,0,0,0,0,0,0,0,0,0,0,0,0,0,0,0,0,0,0,0,0,0,0,0,0,0,0,0,0,0,0,0,0,0,0,0,0,0,0,0,0,0,0
360670034002025,0,0,0,0,0,0,0,0,0,0,0,0,0,0,0,0,0,0,0,0,0,0,0,0,0,0,0,0,0,0,0,0,0,0,0,0,0,0,0,0,0,0,0,0,0,0,0,0,0,0,0,0,0,0,0,0,0,0,0,0,0
360670034002026,0,0,0,0,0,0,0,0,0,0,0,0,0,0,0,0,0,0,0,0,0,0,0,0,0,0,0,0,0,0,0,0,0,0,0,0,0,0,0,0,0,0,0,0,0,0,0,0,0,0,0,0,0,0,0,0,0,0,0,0,0
360670034002027,0,0,0,0,0,0,0,0,0,0,0,0,0,0,0,0,0,0,0,0,0,0,0,0,0,0,0,0,0,0,0,0,0,0,0,0,0,0,0,0,0,0,0,0,0,0,0,0,0,0,0,0,0,0,0,0,0,0,0,0,0
360670034002028,0,0,0,0,0,0,0,0,0,0,0,0,0,0,0,0,0,0,0,0,0,0,0,0,0,0,0,0,0,0,0,0,0,0,0,0,0,0,0,0,0,0,0,0,0,0,0,0,0,0,0,0,0,0,0,0,0,0,0,0,0
360670034002029,0,0,0,0,0,0,0,0,0,0,0,0,0,0,0,0,0,0,0,0,0,0,0,0,0,0,0,0,0,0,0,0,0,0,0,0,0,0,0,0,0,0,0,0,0,0,0,0,0,0,0,0,0,0,0,0,0,0,0,0,0
360670034002030,0,0,0,0,0,0,0,0,0,0,0,0,0,0,0,0,0,0,0,0,0,0,0,0,0,0,0,0,0,0,0,0,0,0,0,0,0,0,0,0,0,0,0,0,0,0,0,0,0,0,0,0,0,0,0,0,0,0,0,0,0
360670034002031,0,0,0,0,0,0,0,0,0,0,0,0,0,0,0,0,0,0,0,0,0,0,0,0,0,0,0,0,0,0,0,0,0,0,0,0,0,0,0,0,0,0,0,0,0,0,0,0,0,0,0,0,0,0,0,0,0,0,0,0,0
360670034002032,24,24,3,9,0,0,0,4,8,24,16,8,24,15,0,2,5,1,0,0,1,0,5,0,1,0,0,0,0,0,0,0,0,0,0,0,0,9,1,0,0,0,0,0,0,2,6,0,0,0,0,0,0,0,0,0,0,0,0,0,0
360670034002033,59,59,27,10,0,10,0,3,9,59,44,15,59,23,0,0,0,0,2,0,9,3,3,0,0,2,1,0,2,0,0,1,0,0,0,0,0,36,0,1,0,1,5,0,2,10,4,9,0,0,0,0,1,0,0,0,0,1,0,0,2
360670034002034,0,0,0,0,0,0,0,0,0,0,0,0,0,0,0,0,0,0,0,0,0,0,0,0,0,0,0,0,0,0,0,0,0,0,0,0,0,0,0,0,0,0,0,0,0,0,0,0,0,0,0,0,0,0,0,0,0,0,0,0,0
360670034002035,0,0,0,0,0,0,0,0,0,0,0,0,0,0,0,0,0,0,0,0,0,0,0,0,0,0,0,0,0,0,0,0,0,0,0,0,0,0,0,0,0,0,0,0,0,0,0,0,0,0,0,0,0,0,0,0,0,0,0,0,0
360670034002036,759,759,404,118,0,157,0,59,21,759,678,81,759,416,15,9,8,8,12,46,50,126,72,31,17,3,0,4,3,5,4,0,2,1,0,0,0,343,8,12,9,2,9,17,33,109,97,4,0,8,10,4,1,5,6,2,1,2,3,0,1
360670034002037,205,205,82,41,0,76,0,1,5,205,201,4,205,111,0,2,0,3,0,7,13,36,14,11,5,2,3,5,4,0,0,0,0,4,0,0,2,94,3,3,4,0,0,6,18,37,8,9,3,0,0,0,0,1,0,0,0,0,0,0,2
360670034002038,56,56,13,37,0,1,0,0,5,56,54,2,56,21,0,0,0,4,1,0,1,7,4,1,1,0,1,0,1,0,0,0,0,0,0,0,0,35,8,1,2,0,4,0,2,2,9,0,0,0,3,2,0,0,2,0,0,0,0,0,0
360670034002039,88,88,30,46,0,10,0,2,0,88,81,7,88,15,0,0,1,4,0,0,0,1,1,2,0,1,3,1,0,0,0,0,1,0,0,0,0,73,4,12,14,0,0,0,0,0,5,18,10,0,1,2,3,4,0,0,0,0,0,0,0
360670034002040,0,0,0,0,0,0,0,0,0,0,0,0,0,0,0,0,0,0,0,0,0,0,0,0,0,0,0,0,0,0,0,0,0,0,0,0,0,0,0,0,0,0,0,0,0,0,0,0,0,0,0,0,0,0,0,0,0,0,0,0,0
360670034002041,0,0,0,0,0,0,0,0,0,0,0,0,0,0,0,0,0,0,0,0,0,0,0,0,0,0,0,0,0,0,0,0,0,0,0,0,0,0,0,0,0,0,0,0,0,0,0,0,0,0,0,0,0,0,0,0,0,0,0,0,0
360670034002042,31,31,11,2,0,5,0,8,5,31,24,7,31,8,0,1,0,0,0,0,0,0,4,1,0,0,0,0,0,0,0,0,1,1,0,0,0,23,6,3,1,2,0,0,1,6,3,0,0,0,1,0,0,0,0,0,0,0,0,0,0
360670034002043,0,0,0,0,0,0,0,0,0,0,0,0,0,0,0,0,0,0,0,0,0,0,0,0,0,0,0,0,0,0,0,0,0,0,0,0,0,0,0,0,0,0,0,0,0,0,0,0,0,0,0,0,0,0,0,0,0,0,0,0,0
360670034002044,75,75,14,54,0,0,0,2,5,75,75,0,75,41,4,2,3,2,0,0,0,0,14,6,0,0,0,2,4,0,0,0,0,3,1,0,0,34,1,0,1,3,0,1,5,6,1,11,0,2,1,0,1,0,0,0,0,0,0,1,0
360670034002045,114,114,8,83,0,16,0,0,7,114,108,6,114,68,4,11,2,7,3,2,0,8,23,0,1,0,0,1,0,0,4,1,0,0,1,0,0,46,5,8,0,4,1,2,0,4,1,0,0,2,2,1,15,0,0,0,0,0,0,0,1
360670034002046,74,74,30,32,1,2,0,5,4,74,68,6,74,53,1,3,2,2,1,3,0,2,6,4,1,1,2,8,4,0,7,4,1,1,0,0,0,21,1,0,1,3,1,0,0,1,2,1,1,1,0,1,0,0,0,0,3,3,0,0,2
360670034002047,67,67,31,10,1,16,0,5,4,67,61,6,67,16,1,0,0,0,0,0,0,0,0,3,2,1,0,1,2,0,0,0,1,1,4,0,0,51,0,0,0,0,2,1,3,6,21,4,0,2,0,1,2,0,3,1,1,1,0,0,3
360670034002048,54,54,40,1,0,10,0,3,0,54,54,0,54,40,2,0,0,0,1,1,2,0,24,9,0,0,0,0,0,0,0,0,1,0,0,0,0,14,0,0,0,0,1,3,2,2,2,3,0,0,1,0,0,0,0,0,0,0,0,0,0
360670035001000,145,145,49,84,0,0,0,3,9,145,135,10,145,75,5,0,8,0,1,4,6,9,2,1,0,5,2,3,10,9,6,3,0,0,0,1,0,70,2,0,6,0,0,0,4,3,2,4,4,4,9,10,3,1,2,2,0,3,0,5,6
360670035001001,233,233,80,128,2,5,0,10,8,233,219,14,233,101,6,11,18,2,1,1,4,4,0,0,12,0,3,5,17,4,4,0,8,0,0,0,1,132,4,11,12,1,0,9,1,13,15,17,2,0,4,1,12,7,7,4,7,1,3,0,1
360670035001002,125,125,32,53,2,19,0,7,12,125,112,13,125,56,3,1,3,2,0,0,2,4,11,17,0,1,2,1,0,0,6,1,1,1,0,0,0,69,0,0,6,4,2,0,2,2,10,6,12,7,8,5,1,0,0,3,0,1,0,0,0
360670035001003,0,0,0,0,0,0,0,0,0,0,0,0,0,0,0,0,0,0,0,0,0,0,0,0,0,0,0,0,0,0,0,0,0,0,0,0,0,0,0,0,0,0,0,0,0,0,0,0,0,0,0,0,0,0,0,0,0,0,0,0,0
360670035001004,123,123,69,30,4,0,0,10,10,123,111,12,123,62,1,1,7,4,0,0,0,1,0,3,3,2,6,1,8,0,6,0,6,10,3,0,0,61,2,1,6,2,1,0,0,1,13,3,10,5,0,4,8,2,0,0,0,3,0,0,0
360670035001005,142,142,93,26,1,6,0,5,11,142,129,13,142,73,2,4,8,3,4,2,0,4,8,8,6,0,2,7,7,0,1,0,0,1,4,2,0,69,2,5,4,5,1,1,0,4,12,7,3,1,3,5,2,7,0,2,0,1,2,1,1
360670035001006,117,117,95,7,0,1,0,2,12,117,109,8,117,58,0,5,0,0,3,0,0,5,16,1,12,3,5,0,2,4,0,2,0,0,0,0,0,59,3,8,2,6,0,1,0,0,7,0,5,0,6,1,8,0,0,2,5,1,2,1,1
360670035001007,161,161,99,27,0,27,0,0,8,161,149,12,161,95,1,1,0,0,4,1,8,17,20,14,3,1,4,10,4,0,1,1,1,3,1,0,0,66,2,5,4,1,9,0,3,4,11,7,2,0,0,0,9,1,0,1,3,4,0,0,0
360670035001008,126,126,50,19,1,52,0,2,2,126,121,5,126,66,0,0,0,2,1,2,4,16,24,3,1,0,4,2,0,0,2,0,2,1,2,0,0,60,0,0,1,0,0,2,5,26,7,5,5,0,0,0,1,3,2,1,1,1,0,0,0
360670035001009,67,67,31,18,2,7,0,0,9,67,61,6,67,26,5,1,0,4,0,2,0,4,0,1,0,0,0,6,1,0,2,0,0,0,0,0,0,41,0,0,0,1,0,5,7,11,2,12,2,0,1,0,0,0,0,0,0,0,0,0,0
360670035001010,109,109,9,88,0,2,0,7,3,109,100,9,109,62,8,16,3,4,7,0,2,0,6,3,3,0,0,2,0,3,2,3,0,0,0,0,0,47,11,0,8,8,0,1,0,1,7,0,3,5,0,0,0,0,3,0,0,0,0,0,0
360670035001011,107,107,30,70,2,2,0,1,2,107,99,8,107,58,3,5,1,9,1,0,1,9,7,1,5,5,7,0,1,0,0,0,0,2,1,0,0,49,12,1,5,7,0,4,0,12,0,0,1,1,1,0,0,0,0,0,0,3,2,0,0
360670035002000,0,0,0,0,0,0,0,0,0,0,0,0,0,0,0,0,0,0,0,0,0,0,0,0,0,0,0,0,0,0,0,0,0,0,0,0,0,0,0,0,0,0,0,0,0,0,0,0,0,0,0,0,0,0,0,0,0,0,0,0,0
360670035002001,0,0,0,0,0,0,0,0,0,0,0,0,0,0,0,0,0,0,0,0,0,0,0,0,0,0,0,0,0,0,0,0,0,0,0,0,0,0,0,0,0,0,0,0,0,0,0,0,0,0,0,0,0,0,0,0,0,0,0,0,0
360670035002002,0,0,0,0,0,0,0,0,0,0,0,0,0,0,0,0,0,0,0,0,0,0,0,0,0,0,0,0,0,0,0,0,0,0,0,0,0,0,0,0,0,0,0,0,0,0,0,0,0,0,0,0,0,0,0,0,0,0,0,0,0
360670035002003,9,9,2,0,0,0,0,0,7,9,9,0,9,2,0,1,0,0,0,0,0,0,0,0,0,0,0,0,0,0,1,0,0,0,0,0,0,7,0,0,0,0,0,0,0,0,1,1,0,0,2,1,2,0,0,0,0,0,0,0,0
360670035002004,0,0,0,0,0,0,0,0,0,0,0,0,0,0,0,0,0,0,0,0,0,0,0,0,0,0,0,0,0,0,0,0,0,0,0,0,0,0,0,0,0,0,0,0,0,0,0,0,0,0,0,0,0,0,0,0,0,0,0,0,0
360670035002005,0,0,0,0,0,0,0,0,0,0,0,0,0,0,0,0,0,0,0,0,0,0,0,0,0,0,0,0,0,0,0,0,0,0,0,0,0,0,0,0,0,0,0,0,0,0,0,0,0,0,0,0,0,0,0,0,0,0,0,0,0
360670035002006,390,390,38,172,3,0,0,125,52,390,164,226,390,159,22,14,16,12,1,0,0,7,12,12,14,12,14,8,4,2,1,6,2,0,0,0,0,231,12,30,27,11,2,2,6,22,24,13,15,7,26,9,14,4,2,2,0,0,0,0,3
360670035002007,0,0,0,0,0,0,0,0,0,0,0,0,0,0,0,0,0,0,0,0,0,0,0,0,0,0,0,0,0,0,0,0,0,0,0,0,0,0,0,0,0,0,0,0,0,0,0,0,0,0,0,0,0,0,0,0,0,0,0,0,0
360670035002008,32,32,14,4,0,3,0,6,5,32,20,12,32,23,3,3,1,0,2,0,0,4,7,0,2,0,0,0,0,0,0,0,0,0,0,1,0,9,0,1,0,0,0,0,0,1,1,0,0,0,0,0,2,0,0,1,1,0,0,2,0
360670035002009,0,0,0,0,0,0,0,0,0,0,0,0,0,0,0,0,0,0,0,0,0,0,0,0,0,0,0,0,0,0,0,0,0,0,0,0,0,0,0,0,0,0,0,0,0,0,0,0,0,0,0,0,0,0,0,0,0,0,0,0,0
360670035002010,0,0,0,0,0,0,0,0,0,0,0,0,0,0,0,0,0,0,0,0,0,0,0,0,0,0,0,0,0,0,0,0,0,0,0,0,0,0,0,0,0,0,0,0,0,0,0,0,0,0,0,0,0,0,0,0,0,0,0,0,0
360670035002011,12,12,1,0,0,6,0,2,3,12,12,0,12,9,2,1,0,2,0,1,0,0,3,0,0,0,0,0,0,0,0,0,0,0,0,0,0,3,0,2,1,0,0,0,0,0,0,0,0,0,0,0,0,0,0,0,0,0,0,0,0
360670035002012,0,0,0,0,0,0,0,0,0,0,0,0,0,0,0,0,0,0,0,0,0,0,0,0,0,0,0,0,0,0,0,0,0,0,0,0,0,0,0,0,0,0,0,0,0,0,0,0,0,0,0,0,0,0,0,0,0,0,0,0,0
360670035002013,28,28,0,4,0,10,0,8,6,28,20,8,28,7,0,0,1,0,0,0,0,1,0,1,0,1,0,0,2,0,0,0,0,0,1,0,0,21,1,1,0,0,1,0,0,2,3,1,5,2,0,0,0,0,0,0,1,1,2,0,1
360670035002014,45,45,2,21,0,5,0,4,13,45,35,10,45,27,0,1,0,0,1,0,0,3,10,4,2,1,1,2,2,0,0,0,0,0,0,0,0,18,1,5,1,0,1,0,0,0,2,2,0,0,0,2,1,0,0,0,3,0,0,0,0
360670035002015,163,163,92,49,0,9,0,5,8,163,146,17,163,106,4,0,4,3,0,1,2,2,11,4,7,8,13,6,16,2,10,0,5,6,1,1,0,57,1,6,1,3,0,2,0,2,2,4,0,8,1,10,2,5,1,0,3,3,2,0,1
360670035002016,98,98,27,48,0,13,0,5,5,98,89,9,98,61,3,4,2,1,2,0,2,1,15,12,12,0,0,2,1,2,2,0,0,0,0,0,0,37,4,1,0,0,2,1,2,7,8,3,0,2,2,2,2,0,0,0,0,0,1,0,0
360670035002017,85,85,20,48,1,11,0,1,4,85,81,4,85,35,12,0,5,3,0,0,0,0,4,0,0,10,0,0,1,0,0,0,0,0,0,0,0,50,4,2,8,8,0,0,0,5,6,1,2,0,2,1,8,0,3,0,0,0,0,0,0
360670035002018,12,12,5,4,0,0,0,1,2,12,9,3,12,9,3,0,2,0,1,0,0,1,0,0,0,0,0,0,0,0,0,0,1,1,0,0,0,3,0,0,0,0,0,0,0,0,0,0,0,0,0,0,1,0,2,0,0,0,0,0,0
360670035002019,0,0,0,0,0,0,0,0,0,0,0,0,0,0,0,0,0,0,0,0,0,0,0,0,0,0,0,0,0,0,0,0,0,0,0,0,0,0,0,0,0,0,0,0,0,0,0,0,0,0,0,0,0,0,0,0,0,0,0,0,0
360670035002020,54,54,11,36,1,1,0,4,1,54,33,21,54,25,1,8,8,0,0,3,1,0,1,1,0,0,0,1,1,0,0,0,0,0,0,0,0,29,3,1,1,0,0,0,1,9,3,6,1,0,0,4,0,0,0,0,0,0,0,0,0
360670035002021,69,69,22,33,0,5,0,6,3,69,66,3,69,48,7,2,0,0,3,0,4,6,3,10,3,5,0,3,0,1,0,0,0,0,0,1,0,21,4,0,0,0,1,0,0,1,1,1,2,7,0,1,0,0,0,3,0,0,0,0,0
360670036011000,0,0,0,0,0,0,0,0,0,0,0,0,0,0,0,0,0,0,0,0,0,0,0,0,0,0,0,0,0,0,0,0,0,0,0,0,0,0,0,0,0,0,0,0,0,0,0,0,0,0,0,0,0,0,0,0,0,0,0,0,0
360670036011001,19,19,16,2,0,0,0,0,1,19,17,2,19,15,0,0,0,0,0,0,0,0,1,1,1,4,1,5,1,0,1,0,0,0,0,0,0,4,0,0,0,0,0,0,0,0,0,0,0,0,3,1,0,0,0,0,0,0,0,0,0
360670036011002,0,0,0,0,0,0,0,0,0,0,0,0,0,0,0,0,0,0,0,0,0,0,0,0,0,0,0,0,0,0,0,0,0,0,0,0,0,0,0,0,0,0,0,0,0,0,0,0,0,0,0,0,0,0,0,0,0,0,0,0,0
360670036011003,0,0,0,0,0,0,0,0,0,0,0,0,0,0,0,0,0,0,0,0,0,0,0,0,0,0,0,0,0,0,0,0,0,0,0,0,0,0,0,0,0,0,0,0,0,0,0,0,0,0,0,0,0,0,0,0,0,0,0,0,0
360670036011004,0,0,0,0,0,0,0,0,0,0,0,0,0,0,0,0,0,0,0,0,0,0,0,0,0,0,0,0,0,0,0,0,0,0,0,0,0,0,0,0,0,0,0,0,0,0,0,0,0,0,0,0,0,0,0,0,0,0,0,0,0
360670036011005,0,0,0,0,0,0,0,0,0,0,0,0,0,0,0,0,0,0,0,0,0,0,0,0,0,0,0,0,0,0,0,0,0,0,0,0,0,0,0,0,0,0,0,0,0,0,0,0,0,0,0,0,0,0,0,0,0,0,0,0,0
360670036011006,49,49,14,18,1,0,0,4,12,49,38,11,49,9,3,0,1,0,0,0,0,0,1,1,1,0,0,0,0,0,1,1,0,0,0,0,0,40,2,0,0,1,1,0,0,0,0,4,15,0,2,0,5,0,2,2,0,4,0,2,0
360670036011007,186,186,63,106,1,12,0,2,2,186,174,12,186,77,8,2,3,3,0,0,0,5,13,4,0,1,4,1,6,10,0,0,5,7,4,1,0,109,13,5,0,0,1,7,0,20,11,1,3,6,14,8,3,2,5,0,0,0,1,8,1
360670036011008,68,68,9,38,0,7,0,10,4,68,50,18,68,28,5,2,0,0,4,0,0,0,1,5,5,0,0,0,0,0,0,0,0,2,2,1,1,40,2,1,0,1,0,0,0,0,7,8,3,4,0,6,5,3,0,0,0,0,0,0,0
360670036011009,114,114,26,64,0,1,0,12,11,114,95,19,114,65,3,5,2,7,1,0,0,2,4,6,8,11,0,6,1,0,0,3,1,0,0,5,0,49,1,4,16,4,0,1,2,4,3,6,1,0,1,1,0,1,0,0,1,0,2,0,1
360670036011010,80,80,9,63,0,3,0,4,1,80,77,3,80,28,0,1,0,0,4,0,0,0,3,5,0,1,4,0,6,1,1,0,2,0,0,0,0,52,8,2,4,0,6,1,1,1,0,1,0,12,0,1,0,0,1,0,2,0,12,0,0
360670036011011,375,375,32,181,0,0,0,116,46,375,208,167,375,164,31,24,13,4,1,11,5,19,15,8,4,4,11,2,7,1,2,1,0,0,0,0,1,211,14,22,16,8,12,2,6,17,24,18,7,7,7,8,11,4,8,0,7,7,3,0,3
360670036011012,79,79,19,46,0,0,1,7,6,79,73,6,79,42,2,0,4,1,0,0,0,2,1,0,1,1,2,1,20,2,0,0,0,5,0,0,0,37,1,0,5,1,0,0,0,0,1,6,2,3,4,5,1,0,7,0,0,0,0,0,1
360670036011013,83,83,37,40,0,0,0,1,5,83,75,8,83,39,1,5,0,2,0,0,0,2,0,0,4,5,1,10,0,1,3,0,0,3,0,0,2,44,4,3,3,1,0,2,0,1,1,0,0,5,0,11,1,0,2,0,2,0,8,0,0
360670036012000,45,45,15,15,0,0,0,8,7,45,31,14,45,20,0,0,6,1,0,1,0,0,1,1,0,1,5,2,0,0,0,0,1,0,0,1,0,25,1,1,0,0,0,1,0,1,4,4,1,2,0,5,0,0,0,0,0,0,0,1,4
360670036012001,120,120,44,55,2,0,0,4,15,120,110,10,120,56,6,7,0,2,2,1,3,3,2,2,5,6,0,4,0,2,5,4,0,1,1,0,0,64,2,3,11,5,4,2,0,4,6,2,0,7,5,4,0,0,3,0,0,1,4,1,0
360670036012002,146,146,38,88,0,0,0,3,17,146,142,4,146,63,3,6,2,10,0,5,0,0,0,9,5,2,0,0,3,0,0,3,4,5,0,6,0,83,3,3,10,3,1,4,0,7,6,0,5,2,2,14,1,2,0,0,8,8,0,4,0
360670036012003,151,151,39,86,6,0,0,4,16,151,134,17,151,99,5,2,24,0,7,0,1,2,24,9,1,10,8,1,2,0,1,0,0,0,2,0,0,52,1,2,1,0,3,1,0,2,10,10,4,7,1,4,0,1,5,0,0,0,0,0,0
360670036012004,107,107,25,77,3,0,0,0,2,107,100,7,107,39,1,0,5,0,0,0,0,0,2,2,1,0,1,0,3,0,10,6,1,0,3,0,4,68,4,9,0,9,3,0,2,0,5,14,7,0,9,0,3,1,0,0,0,0,2,0,0
360670036012005,122,122,19,78,8,0,0,4,13,122,114,8,122,52,0,12,6,0,0,1,0,0,5,0,3,3,7,1,6,0,0,0,0,6,0,0,2,70,8,4,6,8,0,5,4,4,2,0,0,6,5,0,2,1,0,2,0,2,4,4,3
360670036012006,72,72,14,37,0,0,0,7,14,72,46,26,72,34,2,3,1,2,3,3,0,6,0,1,0,0,0,8,1,0,2,0,0,0,1,1,0,38,5,3,1,2,0,1,1,3,1,9,0,1,0,0,6,1,0,2,0,0,2,0,0
360670036012007,48,48,10,28,1,2,0,4,3,48,42,6,48,20,0,0,3,3,1,5,0,4,0,0,1,0,0,0,0,0,0,1,0,0,2,0,0,28,0,5,0,5,3,0,0,0,4,0,0,0,0,2,3,0,0,0,0,0,0,2,4
360670036012008,29,29,1,7,0,4,0,5,12,29,14,15,29,14,0,1,1,0,0,0,0,0,0,4,3,1,0,0,0,0,0,1,0,2,1,0,0,15,1,1,0,1,1,0,0,0,0,4,0,2,0,1,0,0,0,0,3,0,0,1,0
360670036012009,136,136,26,88,0,0,0,8,14,136,114,22,136,83,13,13,5,8,0,1,2,11,7,1,5,1,5,9,2,0,0,0,0,0,0,0,0,53,0,12,6,2,0,0,0,0,2,9,0,14,0,2,0,0,0,0,0,6,0,0,0
360670036012010,44,44,21,9,1,3,0,1,9,44,35,9,44,8,0,0,1,1,0,0,0,0,0,0,4,0,0,0,0,1,1,0,0,0,0,0,0,36,0,2,4,2,1,2,0,2,2,4,7,2,1,1,0,5,0,0,0,0,1,0,0
360670036012011,114,114,29,59,0,2,0,8,16,114,99,15,114,37,4,2,1,1,2,0,1,0,0,0,2,2,0,0,6,0,4,5,4,0,2,0,1,77,17,3,4,1,1,0,1,3,2,0,14,0,1,0,8,2,7,0,0,8,4,0,1
360670036012012,125,125,23,84,2,0,0,0,16,125,120,5,125,51,2,1,6,6,3,1,1,5,0,8,3,3,0,3,3,4,0,0,0,0,1,1,0,74,9,6,7,3,3,0,0,0,6,5,3,2,3,0,12,1,0,12,0,1,0,1,0
360670036021000,11,11,4,3,0,1,0,0,3,11,9,2,11,3,2,0,0,0,0,0,0,0,0,1,0,0,0,0,0,0,0,0,0,0,0,0,0,8,3,1,0,1,0,0,0,0,0,0,0,0,0,3,0,0,0,0,0,0,0,0,0
360670036021001,0,0,0,0,0,0,0,0,0,0,0,0,0,0,0,0,0,0,0,0,0,0,0,0,0,0,0,0,0,0,0,0,0,0,0,0,0,0,0,0,0,0,0,0,0,0,0,0,0,0,0,0,0,0,0,0,0,0,0,0,0
360670036021002,0,0,0,0,0,0,0,0,0,0,0,0,0,0,0,0,0,0,0,0,0,0,0,0,0,0,0,0,0,0,0,0,0,0,0,0,0,0,0,0,0,0,0,0,0,0,0,0,0,0,0,0,0,0,0,0,0,0,0,0,0
360670036021003,0,0,0,0,0,0,0,0,0,0,0,0,0,0,0,0,0,0,0,0,0,0,0,0,0,0,0,0,0,0,0,0,0,0,0,0,0,0,0,0,0,0,0,0,0,0,0,0,0,0,0,0,0,0,0,0,0,0,0,0,0
360670036021004,0,0,0,0,0,0,0,0,0,0,0,0,0,0,0,0,0,0,0,0,0,0,0,0,0,0,0,0,0,0,0,0,0,0,0,0,0,0,0,0,0,0,0,0,0,0,0,0,0,0,0,0,0,0,0,0,0,0,0,0,0
360670036021005,60,60,18,20,0,6,0,8,8,60,44,16,60,37,0,4,0,0,0,0,0,4,5,1,2,2,4,4,5,2,0,0,0,1,2,1,0,23,0,1,2,0,0,0,0,0,1,0,7,3,0,7,1,1,0,0,0,0,0,0,0
360670036021006,0,0,0,0,0,0,0,0,0,0,0,0,0,0,0,0,0,0,0,0,0,0,0,0,0,0,0,0,0,0,0,0,0,0,0,0,0,0,0,0,0,0,0,0,0,0,0,0,0,0,0,0,0,0,0,0,0,0,0,0,0
360670036021007,483,483,106,294,0,10,0,37,36,483,420,63,483,209,12,20,17,8,6,1,4,4,15,19,14,12,10,17,18,1,16,0,2,7,4,0,2,274,12,14,24,16,7,4,3,16,28,23,23,9,8,2,18,7,12,2,7,20,11,3,5
360670036021008,0,0,0,0,0,0,0,0,0,0,0,0,0,0,0,0,0,0,0,0,0,0,0,0,0,0,0,0,0,0,0,0,0,0,0,0,0,0,0,0,0,0,0,0,0,0,0,0,0,0,0,0,0,0,0,0,0,0,0,0,0
360670036021009,181,181,29,108,0,5,0,13,26,181,149,32,181,105,11,0,2,1,0,4,1,7,4,8,16,11,5,19,1,10,0,0,0,4,1,0,0,76,1,7,4,0,0,0,0,0,20,9,0,9,2,18,2,0,0,0,2,0,0,1,1
360670036021010,52,52,9,29,0,1,0,0,13,52,42,10,52,37,4,2,4,2,0,0,1,5,3,2,0,0,6,0,0,0,7,0,0,0,0,0,1,15,2,2,0,0,0,0,0,1,1,8,0,0,1,0,0,0,0,0,0,0,0,0,0
360670036021011,58,58,4,37,0,1,0,10,6,58,48,10,58,22,2,0,3,0,0,1,0,1,3,6,0,3,0,0,3,0,0,0,0,0,0,0,0,36,2,4,2,3,0,0,0,1,1,2,4,1,7,0,9,0,0,0,0,0,0,0,0
360670036021012,80,80,14,54,3,0,0,4,5,80,69,11,80,42,5,6,0,0,0,0,0,1,17,0,0,0,2,0,0,4,0,1,4,0,1,1,0,38,1,1,0,0,0,1,2,2,0,1,1,0,9,2,4,6,0,6,0,1,0,1,0
360670036021013,22,22,0,12,3,2,0,1,4,22,21,1,22,8,2,1,0,0,0,0,0,0,0,0,0,0,2,0,0,0,0,0,0,0,0,0,3,14,1,0,0,3,0,0,0,0,1,0,4,0,1,0,1,0,0,3,0,0,0,0,0
360670036021014,29,29,0,16,0,0,0,3,10,29,18,11,29,8,2,1,2,0,0,0,1,0,2,0,0,0,0,0,0,0,0,0,0,0,0,0,0,21,1,2,2,4,0,3,0,1,3,3,0,0,0,0,2,0,0,0,0,0,0,0,0
360670036021015,62,62,25,26,0,3,0,1,7,62,56,6,62,31,0,0,0,0,0,2,0,5,0,4,1,2,1,3,1,1,2,2,1,4,1,1,0,31,0,3,1,1,1,0,0,0,1,0,2,4,0,0,7,0,0,1,2,1,4,2,1
360670036021016,82,82,25,44,0,0,0,4,9,82,77,5,82,44,3,5,0,6,1,0,0,1,6,1,2,6,5,0,5,1,0,0,2,0,0,0,0,38,6,1,2,1,4,0,0,3,0,3,1,0,10,0,0,3,0,1,0,0,0,3,0
360670036021017,15,15,1,1,0,5,0,0,8,15,8,7,15,5,1,0,1,3,0,0,0,0,0,0,0,0,0,0,0,0,0,0,0,0,0,0,0,10,1,1,2,1,0,0,0,1,1,0,1,0,2,0,0,0,0,0,0,0,0,0,0
360670036022000,31,31,7,9,0,10,0,1,4,31,28,3,31,13,1,0,0,0,0,0,0,1,2,0,4,0,0,0,1,0,0,1,3,0,0,0,0,18,0,0,4,0,3,1,0,0,1,0,5,0,0,0,0,0,3,0,0,0,1,0,0
360670036022001,34,34,4,22,2,1,0,3,2,34,29,5,34,20,1,1,2,0,0,0,0,4,1,0,0,0,0,0,6,0,0,2,2,0,1,0,0,14,1,0,2,0,0,0,0,0,0,0,0,2,0,0,0,0,0,0,1,7,1,0,0
360670036022002,0,0,0,0,0,0,0,0,0,0,0,0,0,0,0,0,0,0,0,0,0,0,0,0,0,0,0,0,0,0,0,0,0,0,0,0,0,0,0,0,0,0,0,0,0,0,0,0,0,0,0,0,0,0,0,0,0,0,0,0,0
360670036022003,38,38,9,19,0,2,0,7,1,38,28,10,38,14,0,1,0,2,0,0,0,3,2,0,0,1,0,0,0,1,0,0,4,0,0,0,0,24,1,3,1,0,0,1,5,7,0,1,0,0,0,0,0,0,0,0,5,0,0,0,0
360670036022004,36,36,7,25,2,0,0,0,2,36,34,2,36,19,0,0,0,0,5,0,0,0,0,0,0,0,10,2,0,0,0,0,0,2,0,0,0,17,2,2,1,0,0,0,0,0,0,0,1,3,0,4,0,0,4,0,0,0,0,0,0
360670036022005,55,55,8,37,0,1,0,0,9,55,50,5,55,23,1,1,7,0,1,0,0,1,6,0,0,0,0,1,0,0,0,4,1,0,0,0,0,32,0,0,0,0,0,0,0,1,13,0,1,4,2,0,1,0,0,0,2,6,0,2,0
360670036022006,77,77,10,53,0,0,0,1,13,77,65,12,77,28,0,2,1,5,0,0,0,0,0,0,2,2,3,3,2,2,0,0,2,4,0,0,0,49,4,0,2,5,0,1,0,1,1,1,3,2,11,4,0,2,0,11,1,0,0,0,0
360670036022007,90,90,24,34,0,7,0,10,15,90,78,12,90,49,2,3,6,1,0,3,1,7,5,0,1,0,0,3,0,2,0,7,2,2,2,0,2,41,1,3,0,1,0,0,0,1,1,0,7,0,6,0,1,0,3,0,2,6,5,4,0
360670036022008,68,68,15,43,0,0,0,0,10,68,60,8,68,40,1,1,3,1,0,0,0,0,7,7,0,0,5,12,2,0,1,0,0,0,0,0,0,28,2,4,5,3,0,0,0,0,4,0,0,0,0,5,1,0,2,0,0,0,1,0,1
360670036022009,33,33,12,18,0,1,0,0,2,33,30,3,33,16,0,1,0,0,7,0,0,0,0,4,0,1,0,0,0,0,0,0,1,0,0,2,0,17,1,1,0,0,1,3,2,0,1,0,5,0,0,1,0,0,0,0,1,0,0,0,1
360670036022010,43,43,21,13,0,5,0,0,4,43,40,3,43,15,0,1,1,2,0,0,0,1,7,1,0,1,0,0,0,0,1,0,0,0,0,0,0,28,0,0,2,0,1,0,0,0,0,6,1,0,0,0,0,0,0,1,6,4,7,0,0
360670036022011,47,47,19,22,0,0,0,4,2,47,38,9,47,25,2,5,2,2,0,0,0,4,0,5,2,2,0,0,0,0,1,0,0,0,0,0,0,22,2,0,0,2,1,0,0,0,1,3,0,0,1,7,2,0,0,2,1,0,0,0,0
360670036022012,51,51,23,16,1,0,0,2,9,51,46,5,51,22,0,0,0,0,3,7,4,7,0,0,1,0,0,0,0,0,0,0,0,0,0,0,0,29,1,0,2,0,1,2,1,10,0,1,2,1,0,1,1,0,0,0,0,5,0,1,0
360670036022013,0,0,0,0,0,0,0,0,0,0,0,0,0,0,0,0,0,0,0,0,0,0,0,0,0,0,0,0,0,0,0,0,0,0,0,0,0,0,0,0,0,0,0,0,0,0,0,0,0,0,0,0,0,0,0,0,0,0,0,0,0
360670036022014,59,59,46,3,0,0,0,7,3,59,52,7,59,7,0,0,0,0,1,1,3,2,0,0,0,0,0,0,0,0,0,0,0,0,0,0,0,52,0,0,0,0,1,11,29,11,0,0,0,0,0,0,0,0,0,0,0,0,0,0,0
360670036022015,73,73,17,49,0,0,0,0,7,73,69,4,73,41,2,1,0,0,1,1,5,4,3,0,4,8,5,0,0,2,0,0,3,0,2,0,0,32,2,0,0,2,3,0,0,1,0,9,4,0,2,0,0,0,0,1,1,0,0,3,4
360670036022016,82,82,33,37,0,1,0,2,9,82,78,4,82,31,0,1,6,0,0,0,0,1,0,5,0,1,0,1,0,0,1,0,5,4,0,6,0,51,4,2,0,3,0,0,0,0,0,4,0,20,0,2,6,0,2,3,1,3,0,1,0
360670036022017,50,50,25,16,0,3,0,0,6,50,49,1,50,28,0,5,3,2,0,1,1,2,7,1,4,0,0,1,0,0,0,0,0,0,0,0,1,22,1,1,3,0,0,0,0,0,6,0,2,1,3,4,0,0,1,0,0,0,0,0,0
360670036022018,45,45,10,20,0,0,0,9,6,45,33,12,45,14,3,0,0,0,0,0,0,0,0,0,1,1,3,0,2,0,0,0,0,1,3,0,0,31,0,1,0,2,2,1,1,5,3,2,1,0,1,3,7,0,1,0,0,0,1,0,0
360670036022019,85,85,30,49,0,0,0,1,5,85,82,3,85,31,3,2,0,7,0,0,0,3,0,0,11,0,0,0,3,1,0,0,0,0,0,1,0,54,3,0,0,0,0,0,0,0,2,8,3,2,1,1,12,1,3,0,8,4,0,6,0
360670038001000,33,33,20,0,0,0,0,3,10,33,26,7,33,22,3,0,6,6,0,0,0,0,3,0,0,0,1,1,0,0,0,2,0,0,0,0,0,11,2,0,0,0,1,0,0,0,1,0,2,4,0,0,0,0,1,0,0,0,0,0,0
360670038001001,14,14,0,2,1,0,0,3,8,14,6,8,14,6,2,0,0,0,0,1,0,0,1,0,2,0,0,0,0,0,0,0,0,0,0,0,0,8,0,3,1,0,0,0,0,1,0,1,0,0,0,0,1,0,0,0,0,0,0,1,0
360670038001002,41,41,8,12,4,0,0,3,14,41,29,12,41,23,5,2,1,2,3,0,0,3,4,0,0,0,0,2,1,0,0,0,0,0,0,0,0,18,4,0,0,0,0,1,0,2,0,6,2,1,0,1,0,0,1,0,0,0,0,0,0
360670038001003,42,42,10,16,0,0,0,2,14,42,36,6,42,20,0,1,3,3,0,0,0,0,2,4,0,0,0,6,0,0,0,0,1,0,0,0,0,22,0,1,5,0,3,1,0,0,2,0,2,1,0,1,3,1,0,0,2,0,0,0,0
360670038001004,54,54,11,23,0,0,0,7,13,54,17,37,54,24,4,6,1,3,2,0,0,0,3,2,0,0,0,0,1,0,1,0,0,1,0,0,0,30,1,7,0,1,0,0,0,4,13,1,0,1,0,0,0,0,1,0,0,0,1,0,0
360670038001005,90,90,21,30,0,0,0,15,24,90,54,36,90,37,0,8,5,0,3,2,3,1,0,2,3,2,2,3,0,0,0,1,1,0,1,0,0,53,1,0,3,0,7,1,0,0,3,5,4,2,7,0,2,0,6,11,0,0,1,0,0
360670038001006,94,94,43,14,0,1,0,12,24,94,62,32,94,43,3,3,8,9,0,0,0,1,6,0,5,2,1,1,3,0,1,0,0,0,0,0,0,51,2,5,2,0,0,0,0,0,0,10,9,10,0,1,4,1,7,0,0,0,0,0,0
360670038001007,19,19,6,4,0,1,0,0,8,19,14,5,19,13,0,2,3,1,2,1,0,1,1,0,1,0,0,0,1,0,0,0,0,0,0,0,0,6,0,0,0,1,1,0,0,0,0,3,0,1,0,0,0,0,0,0,0,0,0,0,0
360670038001008,44,44,7,28,1,0,0,0,8,44,34,10,44,30,2,1,2,0,0,0,1,0,0,0,1,7,1,0,3,1,4,0,2,1,4,0,0,14,0,3,2,0,0,0,0,1,0,3,0,0,0,0,4,1,0,0,0,0,0,0,0
360670038001009,92,92,41,29,1,0,0,4,17,92,80,12,92,56,6,6,4,0,0,0,0,4,2,0,1,5,7,0,3,1,0,4,1,2,2,0,8,36,2,6,2,3,0,0,0,0,1,5,0,9,6,0,0,0,0,0,0,0,0,2,0
360670038001010,77,77,19,30,2,1,0,19,6,77,52,25,77,27,0,0,1,1,0,0,0,0,0,3,5,2,2,0,13,0,0,0,0,0,0,0,0,50,2,2,9,6,0,0,0,1,15,0,0,4,2,3,4,0,0,0,0,1,0,1,0
360670038001011,0,0,0,0,0,0,0,0,0,0,0,0,0,0,0,0,0,0,0,0,0,0,0,0,0,0,0,0,0,0,0,0,0,0,0,0,0,0,0,0,0,0,0,0,0,0,0,0,0,0,0,0,0,0,0,0,0,0,0,0,0
360670038001012,34,34,11,12,1,2,0,5,3,34,27,7,34,23,7,1,2,0,1,0,0,3,1,2,2,0,0,1,3,0,0,0,0,0,0,0,0,11,0,0,3,1,0,0,0,0,0,2,2,1,0,0,0,0,0,1,0,0,0,1,0
360670038001013,44,44,18,20,0,0,0,0,6,44,41,3,44,18,0,2,7,0,0,0,0,3,3,0,0,0,0,0,0,0,0,0,3,0,0,0,0,26,0,1,2,1,0,0,0,0,1,0,0,0,0,9,11,0,0,0,0,1,0,0,0
360670038001014,58,58,24,8,0,0,0,14,12,58,42,16,58,42,2,0,3,2,3,2,1,1,3,7,0,1,0,8,1,2,6,0,0,0,0,0,0,16,0,0,0,2,1,0,0,0,0,4,2,1,0,6,0,0,0,0,0,0,0,0,0
360670038001015,59,59,16,30,6,0,0,0,7,59,52,7,59,27,1,0,1,0,0,0,0,1,1,5,4,0,8,3,1,1,0,0,0,1,0,0,0,32,4,7,6,0,2,0,0,0,3,1,0,1,4,1,0,2,1,0,0,0,0,0,0
360670038001016,112,112,34,44,0,1,0,12,21,112,71,41,112,51,9,3,5,0,9,1,1,0,1,0,5,0,0,4,5,0,4,1,1,1,0,1,0,61,4,11,1,7,0,0,0,2,2,1,2,5,0,0,5,1,2,0,10,1,1,6,0
360670038001017,179,179,43,87,0,0,0,20,29,179,146,33,179,63,1,15,6,1,1,2,3,8,0,3,4,2,3,6,4,0,0,0,0,1,3,0,0,116,20,13,10,2,0,3,7,10,0,10,4,2,4,7,6,7,0,0,7,4,0,0,0
360670038001018,31,31,7,13,2,0,0,5,4,31,24,7,31,6,1,1,2,1,0,1,0,0,0,0,0,0,0,0,0,0,0,0,0,0,0,0,0,25,1,2,2,2,5,0,0,0,0,1,9,0,0,2,0,0,1,0,0,0,0,0,0
360670038002000,124,124,41,38,1,2,0,24,18,124,82,42,124,63,6,8,7,0,3,0,0,1,6,5,10,0,2,1,0,2,0,8,0,0,4,0,0,61,0,8,8,2,3,0,1,1,0,6,1,2,1,2,2,0,4,2,7,3,5,0,3
360670038002001,138,138,39,53,0,3,0,20,23,138,96,42,138,41,2,0,0,0,4,1,1,8,4,0,4,0,3,3,4,0,0,0,1,4,1,0,1,97,5,5,15,4,0,1,10,12,4,3,11,8,1,4,1,3,0,0,0,3,1,6,0
360670038002002,137,137,45,37,2,0,0,20,33,137,82,55,137,77,5,15,11,6,2,0,2,3,0,7,6,5,0,6,5,1,0,1,0,0,0,2,0,60,3,8,6,4,1,0,0,0,4,6,3,9,7,5,1,0,0,0,1,0,2,0,0
360670038002003,231,231,101,69,1,2,0,22,36,231,180,51,231,115,9,2,5,3,1,1,1,6,13,10,4,8,11,8,5,8,2,6,1,8,2,1,0,116,8,13,4,3,1,0,0,3,1,0,0,4,7,8,5,3,2,3,0,24,20,7,0
360670038002004,97,97,34,39,8,0,0,9,7,97,83,14,97,40,3,1,5,1,0,0,0,4,5,8,0,2,0,3,0,2,0,0,0,2,0,2,2,57,6,8,9,0,3,0,0,0,7,0,7,1,1,0,6,0,0,1,6,1,1,0,0
360670038002005,92,92,20,48,4,0,0,3,17,92,79,13,92,44,1,6,9,5,1,0,3,2,1,1,1,1,4,0,0,0,0,4,0,0,3,0,2,48,0,3,3,2,0,0,0,3,4,13,2,2,2,0,4,4,0,2,1,1,1,0,1
360670038002006,103,103,26,40,0,0,0,4,33,103,82,21,103,52,14,20,3,0,1,0,0,1,1,2,3,0,1,1,0,0,4,0,0,0,0,0,1,51,3,4,3,0,0,0,2,3,10,11,7,3,3,0,2,0,0,0,0,0,0,0,0
360670038002007,146,146,33,87,0,1,0,11,14,146,130,16,146,67,10,6,1,12,5,7,2,0,4,1,3,2,0,1,1,0,0,0,8,1,0,0,3,79,7,5,4,4,0,0,1,9,0,7,7,8,2,6,7,5,1,0,0,0,6,0,0
360670038002008,192,192,41,100,0,0,0,22,29,192,137,55,192,87,2,4,9,5,0,5,0,6,19,4,8,4,1,10,0,0,2,0,2,6,0,0,0,105,8,3,18,13,3,1,1,3,10,8,5,5,5,7,4,0,6,2,1,0,1,0,1
360670039001000,56,56,5,19,1,0,0,10,21,56,23,33,56,32,2,8,1,4,1,0,0,1,0,3,1,0,1,3,3,2,0,1,0,0,1,0,0,24,1,2,1,2,1,1,0,0,2,4,3,0,0,0,5,0,0,0,0,1,0,0,1
360670039001001,74,74,26,12,0,0,0,23,13,74,26,48,74,51,3,3,9,2,1,2,0,0,10,3,1,5,1,3,8,0,0,0,0,0,0,0,0,23,3,3,0,0,0,0,0,0,10,2,0,0,0,2,1,2,0,0,0,0,0,0,0
360670039001002,55,55,5,22,0,0,0,13,15,55,28,27,55,31,8,1,0,5,0,1,0,2,2,1,1,3,0,6,0,1,0,0,0,0,0,0,0,24,3,0,1,3,0,1,0,0,1,2,4,0,2,2,1,4,0,0,0,0,0,0,0
360670039001003,149,149,71,28,2,0,0,35,13,149,100,49,149,89,8,11,5,0,4,1,1,2,3,6,7,5,2,2,6,0,9,6,0,7,3,0,1,60,2,5,3,2,0,0,0,2,4,2,8,2,6,8,2,5,7,1,0,1,0,0,0
360670039001004,71,71,20,23,1,0,0,9,18,71,40,31,71,28,1,11,1,0,1,2,1,1,0,0,2,3,0,3,1,0,1,0,0,0,0,0,0,43,13,5,3,2,3,1,0,2,0,1,3,0,0,3,1,0,0,2,0,0,3,1,0
360670039001005,75,75,18,32,1,0,1,9,14,75,43,32,75,31,8,3,1,2,0,0,0,1,1,1,6,2,0,0,1,3,2,0,0,0,0,0,0,44,3,3,6,0,0,0,1,6,2,0,1,3,2,9,2,0,0,0,1,0,5,0,0
360670039001006,93,93,20,43,0,0,0,17,13,93,68,25,93,46,5,5,12,2,5,0,0,2,3,4,2,0,2,0,0,0,1,0,2,0,1,0,0,47,5,4,1,3,0,0,0,1,4,3,2,13,0,4,0,3,0,0,0,2,0,0,2
360670039001007,74,74,22,23,0,2,0,24,3,74,39,35,74,27,5,1,2,0,2,3,0,1,0,2,0,3,2,2,2,0,0,0,2,0,0,0,0,47,10,3,0,1,2,0,0,0,12,0,8,9,0,0,0,0,0,1,1,0,0,0,0
360670039001008,94,94,21,62,0,4,0,2,5,94,84,10,94,48,9,2,8,1,0,0,1,7,6,1,1,1,0,1,0,3,0,2,2,3,0,0,0,46,2,4,5,7,3,2,1,2,2,0,1,0,5,5,3,0,1,0,0,1,0,0,2
360670039001009,129,129,57,47,1,0,0,9,15,129,100,29,129,65,3,2,5,5,2,0,0,1,3,0,3,8,0,6,4,1,6,5,3,2,3,0,3,64,3,5,2,9,1,3,0,3,6,5,7,0,4,0,2,0,0,4,4,2,2,1,1
360670039001010,167,167,62,57,4,0,0,10,34,167,142,25,167,70,5,5,10,1,1,0,2,8,7,7,5,5,5,1,3,0,2,0,2,1,0,0,0,97,1,15,21,5,5,0,1,1,12,13,2,0,0,8,2,4,2,0,2,0,2,1,0
360670039002000,115,115,45,41,1,0,0,19,9,115,83,32,115,70,8,9,7,7,0,3,0,0,5,2,5,0,1,13,4,0,3,0,3,0,0,0,0,45,3,0,1,1,0,0,0,1,13,5,0,2,0,0,1,0,1,5,6,3,1,0,2
360670039002001,59,59,19,8,6,0,0,12,14,59,44,15,59,26,3,5,6,0,0,0,0,0,1,2,0,0,1,1,3,0,0,0,0,4,0,0,0,33,0,2,0,0,3,1,0,1,1,0,3,18,2,2,0,0,0,0,0,0,0,0,0
360670039002002,0,0,0,0,0,0,0,0,0,0,0,0,0,0,0,0,0,0,0,0,0,0,0,0,0,0,0,0,0,0,0,0,0,0,0,0,0,0,0,0,0,0,0,0,0,0,0,0,0,0,0,0,0,0,0,0,0,0,0,0,0
360670039002003,106,106,15,43,11,0,0,24,13,106,74,32,106,48,4,4,5,1,4,1,0,3,0,6,4,1,7,1,3,0,2,2,0,0,0,0,0,58,6,19,1,2,0,0,1,1,2,1,2,1,1,9,7,0,3,0,2,0,0,0,0
360670039002004,47,47,15,14,0,1,0,3,14,47,30,17,47,26,5,3,1,1,0,1,0,2,4,3,3,0,0,0,0,0,3,0,0,0,0,0,0,21,1,1,3,2,4,0,0,2,5,0,2,0,0,0,0,0,1,0,0,0,0,0,0
360670039002005,60,60,15,18,4,0,0,9,14,60,38,22,60,23,1,7,2,0,0,1,2,2,0,4,0,0,0,2,0,0,0,2,0,0,0,0,0,37,3,3,4,1,0,3,1,2,4,1,0,10,4,1,0,0,0,0,0,0,0,0,0
360670039002006,0,0,0,0,0,0,0,0,0,0,0,0,0,0,0,0,0,0,0,0,0,0,0,0,0,0,0,0,0,0,0,0,0,0,0,0,0,0,0,0,0,0,0,0,0,0,0,0,0,0,0,0,0,0,0,0,0,0,0,0,0
360670039002007,43,43,5,7,1,1,0,16,13,43,13,30,43,15,5,1,0,0,0,2,1,0,2,1,0,0,0,0,0,0,0,0,0,3,0,0,0,28,4,1,2,1,1,3,0,4,7,1,1,2,0,0,0,0,1,0,0,0,0,0,0
360670039002008,60,60,15,35,0,0,0,2,8,60,54,6,60,38,5,5,5,1,0,1,0,2,0,0,2,5,1,3,4,0,4,0,0,0,0,0,0,22,1,1,1,0,0,0,0,1,0,5,0,5,0,5,2,0,0,0,1,0,0,0,0
360670039002009,116,116,17,66,2,1,0,17,13,116,82,34,116,49,1,3,0,4,11,0,0,1,0,2,0,4,0,4,5,7,2,2,2,0,0,1,0,67,7,11,3,9,0,0,0,4,2,9,8,1,0,0,1,3,4,0,2,1,1,1,0
360670039002010,168,168,24,98,0,1,0,12,33,168,142,26,168,98,11,5,14,11,0,0,0,7,8,6,11,5,9,5,0,0,0,0,0,0,6,0,0,70,3,6,6,9,0,2,0,2,4,2,6,0,0,7,6,15,0,0,1,1,0,0,0
360670039002011,104,104,23,71,0,0,0,1,9,104,98,6,104,25,0,3,3,0,0,0,0,0,5,1,5,1,0,0,0,0,2,3,0,0,1,1,0,79,0,6,23,0,6,0,0,6,6,12,1,0,8,4,3,1,1,0,0,0,2,0,0
360670039002012,72,72,15,28,1,0,0,11,17,72,49,23,72,39,10,6,6,1,0,0,0,0,2,0,1,0,0,0,0,1,0,0,3,5,2,2,0,33,5,0,0,2,0,2,0,0,3,1,4,8,2,0,1,0,4,1,0,0,0,0,0
360670039003000,92,92,27,47,0,2,0,1,15,92,85,7,92,41,2,1,4,3,1,0,0,2,0,4,10,1,2,0,5,0,0,0,0,0,1,4,1,51,3,9,5,1,0,2,0,2,1,0,7,2,4,2,4,0,0,1,2,6,0,0,0
360670039003001,137,137,43,86,1,0,0,0,7,137,119,18,137,80,1,3,3,3,0,0,3,0,19,8,2,3,6,7,1,2,2,4,2,2,4,1,4,57,10,0,1,0,0,1,2,7,10,3,0,1,3,3,7,1,5,1,0,0,0,1,1
360670039003002,212,212,46,117,9,1,0,10,29,212,174,38,212,97,4,4,9,3,6,3,0,0,1,3,6,6,5,10,21,4,11,0,1,0,0,0,0,115,5,5,7,4,1,1,0,1,12,10,7,14,8,10,9,8,0,1,5,5,0,2,0
360670039003003,51,51,8,23,0,0,0,7,13,51,42,9,51,26,1,8,2,0,2,0,0,1,1,3,0,6,0,1,0,0,0,0,0,0,1,0,0,25,2,0,0,0,0,1,2,2,6,1,0,1,0,1,2,5,0,1,0,0,1,0,0
360670039003004,35,35,12,14,0,0,0,0,9,35,31,4,35,21,5,3,0,1,6,3,0,0,0,2,0,0,0,0,0,1,0,0,0,0,0,0,0,14,0,1,0,0,2,0,0,1,6,0,0,0,0,0,0,1,0,0,1,0,1,1,0
360670039003005,83,83,31,27,1,0,0,18,6,83,51,32,83,23,3,1,1,0,0,0,0,0,1,5,4,1,2,2,2,1,0,0,0,0,0,0,0,60,5,3,16,3,0,0,1,0,2,11,1,4,0,3,4,0,0,0,1,5,0,1,0
360670039003006,90,90,13,25,6,0,0,35,11,90,34,56,90,54,16,6,4,1,0,0,2,0,4,0,6,9,3,0,1,0,1,1,0,0,0,0,0,36,3,1,0,0,3,0,0,3,3,0,7,1,13,0,0,0,0,0,0,0,0,1,1
360670039003007,78,78,37,17,0,0,0,9,15,78,32,46,78,39,0,4,7,3,0,0,0,6,4,2,1,1,3,5,0,0,3,0,0,0,0,0,0,39,5,3,5,1,0,0,1,2,0,3,2,2,5,0,0,0,3,0,1,2,3,1,0
360670039003008,116,116,20,80,0,0,0,4,12,116,101,15,116,40,4,2,2,14,0,0,0,0,1,1,0,0,2,3,9,0,0,2,0,0,0,0,0,76,4,1,6,4,0,1,0,2,0,2,15,9,3,1,13,2,10,0,0,1,0,2,0
360670039003009,75,75,22,42,1,0,0,5,5,75,70,5,75,40,6,0,1,2,1,0,0,1,3,0,0,9,5,7,1,1,0,0,2,1,0,0,0,35,0,1,0,0,2,0,0,0,1,7,4,13,1,1,3,0,0,1,1,0,0,0,0
360670039003010,76,76,4,51,1,1,0,7,12,76,64,12,76,21,1,0,2,0,0,2,2,3,1,0,4,0,4,0,1,0,0,0,1,0,0,0,0,55,10,8,2,2,5,0,2,5,1,4,3,0,3,1,2,1,0,0,0,1,5,0,0
360670039003011,77,77,18,54,0,1,0,1,3,77,74,3,77,47,2,6,5,5,0,0,2,0,9,0,4,0,0,1,0,0,1,0,4,3,4,0,1,30,2,3,2,0,0,0,0,0,6,0,0,1,6,5,4,0,0,0,0,1,0,0,0
360670039003012,83,83,13,46,3,0,0,11,10,83,55,28,83,39,6,7,0,0,0,4,0,2,1,4,0,6,1,4,0,0,1,0,3,0,0,0,0,44,5,0,9,0,0,0,0,4,6,2,3,1,0,2,1,0,1,0,5,4,0,1,0
360670040001000,9,9,5,2,0,0,0,0,2,9,8,1,9,6,0,1,1,0,0,0,0,0,0,0,0,0,0,0,0,3,0,1,0,0,0,0,0,3,1,0,0,1,0,0,0,0,0,1,0,0,0,0,0,0,0,0,0,0,0,0,0
360670040001001,33,33,10,11,0,1,0,1,10,33,26,7,33,5,1,0,0,0,0,0,0,0,2,0,1,0,0,0,0,0,0,0,0,0,1,0,0,28,0,0,0,2,0,0,0,0,8,0,6,0,2,1,5,0,2,0,0,0,1,0,1
360670040001002,0,0,0,0,0,0,0,0,0,0,0,0,0,0,0,0,0,0,0,0,0,0,0,0,0,0,0,0,0,0,0,0,0,0,0,0,0,0,0,0,0,0,0,0,0,0,0,0,0,0,0,0,0,0,0,0,0,0,0,0,0
360670040001003,31,31,5,14,2,1,0,5,4,31,14,17,31,22,3,2,4,1,0,0,0,0,0,0,1,1,3,1,2,1,1,0,1,0,1,0,0,9,4,1,1,0,1,0,0,0,2,0,0,0,0,0,0,0,0,0,0,0,0,0,0
360670040001004,124,124,25,67,12,0,0,5,15,124,97,27,124,54,6,0,7,4,1,0,0,0,3,7,3,0,4,3,2,1,9,0,2,0,0,2,0,70,7,9,8,4,2,1,1,1,5,3,0,7,1,15,3,1,0,1,0,1,0,0,0
360670040001005,233,233,59,97,0,1,0,52,24,233,149,84,233,101,12,12,14,8,7,0,3,2,0,5,3,3,3,4,16,2,0,3,2,2,0,0,0,132,4,7,17,0,4,3,1,9,7,17,8,8,11,5,1,3,6,0,5,1,10,3,2
360670040001006,171,171,51,76,1,4,0,5,34,171,121,50,171,86,11,12,12,4,0,2,4,9,6,8,2,0,0,3,5,0,0,5,1,0,2,0,0,85,10,24,4,0,1,2,1,2,2,4,11,5,2,4,3,0,1,0,5,4,0,0,0
360670040001007,104,104,34,36,0,0,0,13,21,104,73,31,104,35,8,1,3,3,0,0,1,4,3,2,0,1,0,0,2,2,0,0,5,0,0,0,0,69,4,7,10,7,0,0,1,3,5,5,0,3,9,2,1,4,2,5,0,0,1,0,0
360670040001008,29,29,8,17,0,0,0,1,3,29,19,10,29,13,2,1,3,1,0,1,0,1,0,2,0,0,1,0,1,0,0,0,0,0,0,0,0,16,2,3,2,0,0,0,0,0,0,0,0,0,5,0,0,1,0,0,3,0,0,0,0
360670040001009,0,0,0,0,0,0,0,0,0,0,0,0,0,0,0,0,0,0,0,0,0,0,0,0,0,0,0,0,0,0,0,0,0,0,0,0,0,0,0,0,0,0,0,0,0,0,0,0,0,0,0,0,0,0,0,0,0,0,0,0,0
360670040001010,55,55,17,23,1,0,0,6,8,55,37,18,55,28,0,0,0,1,1,0,0,2,13,0,4,0,0,1,2,4,0,0,0,0,0,0,0,27,3,5,0,0,0,0,3,2,7,0,0,2,0,2,2,0,0,0,1,0,0,0,0
360670040001011,0,0,0,0,0,0,0,0,0,0,0,0,0,0,0,0,0,0,0,0,0,0,0,0,0,0,0,0,0,0,0,0,0,0,0,0,0,0,0,0,0,0,0,0,0,0,0,0,0,0,0,0,0,0,0,0,0,0,0,0,0
360670040001012,50,50,26,9,6,0,0,0,9,50,36,14,50,10,3,0,0,0,0,1,1,0,0,0,2,1,0,1,0,1,0,0,0,0,0,0,0,40,0,1,2,0,7,0,0,3,5,4,2,4,0,2,2,2,0,1,0,4,0,0,1
360670040001013,18,18,1,2,0,0,0,2,13,18,8,10,18,15,2,0,4,0,0,0,0,1,2,3,1,0,0,2,0,0,0,0,0,0,0,0,0,3,0,0,0,0,0,0,0,0,1,0,0,1,0,1,0,0,0,0,0,0,0,0,0
360670040001014,90,90,17,49,0,3,0,9,12,90,70,20,90,28,0,3,0,0,0,0,0,1,2,2,5,0,2,2,5,1,1,0,0,2,0,0,2,62,4,2,1,6,1,0,0,0,0,7,6,14,2,7,12,0,0,0,0,0,0,0,0
360670040001015,80,80,19,44,0,2,0,3,12,80,59,21,80,37,1,9,2,0,3,0,0,5,4,1,0,0,4,7,0,0,1,0,0,0,0,0,0,43,12,5,2,1,1,0,2,4,13,0,2,0,0,0,0,0,0,0,0,1,0,0,0
360670040001016,61,61,2,14,0,0,1,36,8,61,21,40,61,34,2,5,0,2,0,0,0,1,0,5,0,1,0,0,0,4,4,0,3,6,0,0,1,27,4,0,3,3,1,0,1,6,1,0,0,0,0,0,1,0,3,0,0,3,0,0,1
360670040001017,199,199,64,68,2,6,0,25,34,199,137,62,199,101,12,16,4,4,1,2,0,3,4,8,0,12,18,1,9,2,0,0,0,0,1,1,3,98,10,3,3,7,11,0,1,2,8,19,1,1,7,1,13,5,0,0,0,3,3,0,0
360670040001018,54,54,13,24,0,0,0,9,8,54,31,23,54,29,1,7,8,0,5,0,0,0,3,0,1,1,1,0,0,0,0,0,2,0,0,0,0,25,7,0,0,0,1,0,0,0,1,0,3,0,3,10,0,0,0,0,0,0,0,0,0
360670040001019,0,0,0,0,0,0,0,0,0,0,0,0,0,0,0,0,0,0,0,0,0,0,0,0,0,0,0,0,0,0,0,0,0,0,0,0,0,0,0,0,0,0,0,0,0,0,0,0,0,0,0,0,0,0,0,0,0,0,0,0,0
360670042001000,193,193,18,113,4,0,0,31,27,193,127,66,193,109,4,39,4,0,6,1,1,0,2,12,18,5,7,2,4,0,1,3,0,0,0,0,0,84,9,11,0,0,3,0,0,0,9,30,4,0,3,5,6,0,0,0,1,2,0,0,1
360670042001001,96,96,8,74,0,0,0,3,11,96,77,19,96,38,11,12,1,2,0,0,0,1,4,0,1,2,0,0,0,0,1,0,0,2,0,1,0,58,13,2,1,0,2,0,1,6,13,0,5,7,0,1,0,0,0,1,0,5,1,0,0
360670042001002,79,79,1,68,0,1,0,7,2,79,69,10,79,9,1,2,0,0,0,0,0,0,1,0,0,3,1,0,0,0,0,0,0,1,0,0,0,70,8,14,10,2,0,0,0,0,2,3,11,8,5,1,1,1,0,0,0,2,2,0,0
360670042001003,347,347,32,259,0,0,0,30,26,347,270,77,347,133,15,17,26,10,0,0,0,0,7,4,2,7,12,6,16,9,2,0,0,0,0,0,0,214,30,19,13,5,0,4,0,15,47,13,5,6,15,17,13,1,2,0,1,0,4,4,0
360670042001004,117,117,3,104,1,0,0,5,4,117,107,10,117,63,15,0,7,3,0,1,2,1,5,0,0,4,2,16,0,2,2,0,0,0,0,3,0,54,8,7,5,0,5,0,0,2,12,0,0,1,1,0,0,11,2,0,0,0,0,0,0
360670042001005,0,0,0,0,0,0,0,0,0,0,0,0,0,0,0,0,0,0,0,0,0,0,0,0,0,0,0,0,0,0,0,0,0,0,0,0,0,0,0,0,0,0,0,0,0,0,0,0,0,0,0,0,0,0,0,0,0,0,0,0,0
360670042001006,0,0,0,0,0,0,0,0,0,0,0,0,0,0,0,0,0,0,0,0,0,0,0,0,0,0,0,0,0,0,0,0,0,0,0,0,0,0,0,0,0,0,0,0,0,0,0,0,0,0,0,0,0,0,0,0,0,0,0,0,0
360670042001007,0,0,0,0,0,0,0,0,0,0,0,0,0,0,0,0,0,0,0,0,0,0,0,0,0,0,0,0,0,0,0,0,0,0,0,0,0,0,0,0,0,0,0,0,0,0,0,0,0,0,0,0,0,0,0,0,0,0,0,0,0
360670042002000,257,257,14,153,1,1,0,43,45,257,152,105,257,92,15,18,31,6,2,0,0,5,2,4,1,4,1,0,0,0,2,0,0,1,0,0,0,165,17,20,30,16,2,1,4,10,6,30,10,0,1,4,4,0,3,1,0,1,1,3,1
360670042002001,0,0,0,0,0,0,0,0,0,0,0,0,0,0,0,0,0,0,0,0,0,0,0,0,0,0,0,0,0,0,0,0,0,0,0,0,0,0,0,0,0,0,0,0,0,0,0,0,0,0,0,0,0,0,0,0,0,0,0,0,0
360670042002002,45,45,3,23,3,0,0,5,11,45,31,14,45,22,2,4,0,3,0,0,0,2,0,1,0,2,5,1,0,2,0,0,0,0,0,0,0,23,3,0,2,4,2,0,4,0,1,0,3,0,0,2,1,1,0,0,0,0,0,0,0
360670042002003,0,0,0,0,0,0,0,0,0,0,0,0,0,0,0,0,0,0,0,0,0,0,0,0,0,0,0,0,0,0,0,0,0,0,0,0,0,0,0,0,0,0,0,0,0,0,0,0,0,0,0,0,0,0,0,0,0,0,0,0,0
360670042002004,0,0,0,0,0,0,0,0,0,0,0,0,0,0,0,0,0,0,0,0,0,0,0,0,0,0,0,0,0,0,0,0,0,0,0,0,0,0,0,0,0,0,0,0,0,0,0,0,0,0,0,0,0,0,0,0,0,0,0,0,0
360670042002005,0,0,0,0,0,0,0,0,0,0,0,0,0,0,0,0,0,0,0,0,0,0,0,0,0,0,0,0,0,0,0,0,0,0,0,0,0,0,0,0,0,0,0,0,0,0,0,0,0,0,0,0,0,0,0,0,0,0,0,0,0
360670042002006,0,0,0,0,0,0,0,0,0,0,0,0,0,0,0,0,0,0,0,0,0,0,0,0,0,0,0,0,0,0,0,0,0,0,0,0,0,0,0,0,0,0,0,0,0,0,0,0,0,0,0,0,0,0,0,0,0,0,0,0,0
360670042002007,0,0,0,0,0,0,0,0,0,0,0,0,0,0,0,0,0,0,0,0,0,0,0,0,0,0,0,0,0,0,0,0,0,0,0,0,0,0,0,0,0,0,0,0,0,0,0,0,0,0,0,0,0,0,0,0,0,0,0,0,0
360670042002008,0,0,0,0,0,0,0,0,0,0,0,0,0,0,0,0,0,0,0,0,0,0,0,0,0,0,0,0,0,0,0,0,0,0,0,0,0,0,0,0,0,0,0,0,0,0,0,0,0,0,0,0,0,0,0,0,0,0,0,0,0
360670042002009,0,0,0,0,0,0,0,0,0,0,0,0,0,0,0,0,0,0,0,0,0,0,0,0,0,0,0,0,0,0,0,0,0,0,0,0,0,0,0,0,0,0,0,0,0,0,0,0,0,0,0,0,0,0,0,0,0,0,0,0,0
360670042002010,0,0,0,0,0,0,0,0,0,0,0,0,0,0,0,0,0,0,0,0,0,0,0,0,0,0,0,0,0,0,0,0,0,0,0,0,0,0,0,0,0,0,0,0,0,0,0,0,0,0,0,0,0,0,0,0,0,0,0,0,0
360670042002011,0,0,0,0,0,0,0,0,0,0,0,0,0,0,0,0,0,0,0,0,0,0,0,0,0,0,0,0,0,0,0,0,0,0,0,0,0,0,0,0,0,0,0,0,0,0,0,0,0,0,0,0,0,0,0,0,0,0,0,0,0
360670042002012,0,0,0,0,0,0,0,0,0,0,0,0,0,0,0,0,0,0,0,0,0,0,0,0,0,0,0,0,0,0,0,0,0,0,0,0,0,0,0,0,0,0,0,0,0,0,0,0,0,0,0,0,0,0,0,0,0,0,0,0,0
360670042002013,0,0,0,0,0,0,0,0,0,0,0,0,0,0,0,0,0,0,0,0,0,0,0,0,0,0,0,0,0,0,0,0,0,0,0,0,0,0,0,0,0,0,0,0,0,0,0,0,0,0,0,0,0,0,0,0,0,0,0,0,0
360670042002014,0,0,0,0,0,0,0,0,0,0,0,0,0,0,0,0,0,0,0,0,0,0,0,0,0,0,0,0,0,0,0,0,0,0,0,0,0,0,0,0,0,0,0,0,0,0,0,0,0,0,0,0,0,0,0,0,0,0,0,0,0
360670042002015,0,0,0,0,0,0,0,0,0,0,0,0,0,0,0,0,0,0,0,0,0,0,0,0,0,0,0,0,0,0,0,0,0,0,0,0,0,0,0,0,0,0,0,0,0,0,0,0,0,0,0,0,0,0,0,0,0,0,0,0,0
360670042002016,493,493,64,346,0,4,0,55,24,493,387,106,493,203,22,11,9,8,6,2,5,4,10,6,14,5,12,21,27,6,10,8,1,7,3,5,1,290,13,24,26,16,5,0,4,13,20,16,6,17,14,23,29,3,13,10,9,14,5,6,4
360670042002017,131,131,21,75,2,0,0,19,14,131,110,21,131,53,8,6,2,4,3,4,0,1,0,0,1,1,1,3,6,0,0,1,4,6,2,0,0,78,9,1,6,12,4,1,0,1,6,5,15,14,1,1,1,0,0,0,0,0,1,0,0
360670042002018,0,0,0,0,0,0,0,0,0,0,0,0,0,0,0,0,0,0,0,0,0,0,0,0,0,0,0,0,0,0,0,0,0,0,0,0,0,0,0,0,0,0,0,0,0,0,0,0,0,0,0,0,0,0,0,0,0,0,0,0,0
360670042002019,25,25,1,11,3,0,0,4,6,25,16,9,25,13,1,0,3,0,0,0,0,0,0,5,1,1,0,1,1,0,0,0,0,0,0,0,0,12,0,3,4,0,1,0,0,0,0,0,2,0,0,0,0,2,0,0,0,0,0,0,0
360670042002020,37,37,4,21,0,0,0,4,8,37,23,14,37,9,0,0,3,0,0,0,0,0,2,0,1,0,0,0,0,1,1,1,0,0,0,0,0,28,2,1,5,1,0,0,0,0,0,2,4,1,1,1,4,0,0,1,0,4,0,0,1
360670042002021,59,59,2,38,0,0,0,7,12,59,43,16,59,38,7,4,7,3,1,0,0,0,1,1,1,4,1,1,6,1,0,0,0,0,0,0,0,21,0,1,0,0,0,0,0,4,0,0,4,2,0,0,1,1,0,0,2,4,0,1,1
360670042002022,0,0,0,0,0,0,0,0,0,0,0,0,0,0,0,0,0,0,0,0,0,0,0,0,0,0,0,0,0,0,0,0,0,0,0,0,0,0,0,0,0,0,0,0,0,0,0,0,0,0,0,0,0,0,0,0,0,0,0,0,0
360670042002023,0,0,0,0,0,0,0,0,0,0,0,0,0,0,0,0,0,0,0,0,0,0,0,0,0,0,0,0,0,0,0,0,0,0,0,0,0,0,0,0,0,0,0,0,0,0,0,0,0,0,0,0,0,0,0,0,0,0,0,0,0
360670042002024,20,20,7,7,0,0,0,0,6,20,14,6,20,6,0,0,0,3,0,0,0,0,0,0,0,0,3,0,0,0,0,0,0,0,0,0,0,14,0,1,0,0,0,0,0,1,0,2,1,0,0,3,3,0,3,0,0,0,0,0,0
360670042002025,16,16,1,15,0,0,0,0,0,16,12,4,16,8,0,0,0,3,0,0,0,0,3,0,1,0,0,0,0,0,1,0,0,0,0,0,0,8,0,2,0,0,0,0,0,0,0,0,0,1,0,0,5,0,0,0,0,0,0,0,0
360670042002026,64,64,26,27,0,1,0,3,7,64,49,15,64,53,3,1,2,1,0,0,0,2,1,1,7,13,7,9,0,4,2,0,0,0,0,0,0,11,4,0,1,1,0,0,0,0,1,0,0,1,1,1,0,0,0,0,1,0,0,0,0
360670042002027,0,0,0,0,0,0,0,0,0,0,0,0,0,0,0,0,0,0,0,0,0,0,0,0,0,0,0,0,0,0,0,0,0,0,0,0,0,0,0,0,0,0,0,0,0,0,0,0,0,0,0,0,0,0,0,0,0,0,0,0,0
360670042002028,36,36,3,24,0,0,0,3,6,36,30,6,36,35,7,1,2,6,1,3,3,2,2,4,1,0,0,0,0,0,1,0,0,2,0,0,0,1,0,0,0,0,0,0,0,0,0,0,0,0,0,0,0,0,0,0,0,0,0,1,0
360670042002029,117,117,8,85,0,0,0,6,18,117,100,17,117,50,2,12,5,2,1,3,0,0,6,3,2,6,1,1,0,0,2,2,1,0,1,0,0,67,11,10,3,0,1,0,6,0,12,2,0,3,12,3,0,2,0,0,0,1,1,0,0
360670042002030,0,0,0,0,0,0,0,0,0,0,0,0,0,0,0,0,0,0,0,0,0,0,0,0,0,0,0,0,0,0,0,0,0,0,0,0,0,0,0,0,0,0,0,0,0,0,0,0,0,0,0,0,0,0,0,0,0,0,0,0,0
360670042002031,18,18,0,8,0,0,0,2,8,18,6,12,18,5,0,3,0,0,2,0,0,0,0,0,0,0,0,0,0,0,0,0,0,0,0,0,0,13,0,3,2,1,0,0,0,0,1,0,1,0,0,1,2,2,0,0,0,0,0,0,0
360670042002032,76,76,43,22,1,2,0,1,7,76,72,4,76,53,1,2,2,0,2,0,0,0,1,3,3,21,3,1,5,2,0,0,0,6,0,0,1,23,1,2,0,0,10,0,2,1,3,0,2,0,0,0,0,0,0,1,0,1,0,0,0
360670042002033,0,0,0,0,0,0,0,0,0,0,0,0,0,0,0,0,0,0,0,0,0,0,0,0,0,0,0,0,0,0,0,0,0,0,0,0,0,0,0,0,0,0,0,0,0,0,0,0,0,0,0,0,0,0,0,0,0,0,0,0,0
360670042002034,0,0,0,0,0,0,0,0,0,0,0,0,0,0,0,0,0,0,0,0,0,0,0,0,0,0,0,0,0,0,0,0,0,0,0,0,0,0,0,0,0,0,0,0,0,0,0,0,0,0,0,0,0,0,0,0,0,0,0,0,0
360670043011000,6,6,0,4,0,0,0,1,1,6,4,2,6,5,0,0,2,0,0,0,0,0,2,1,0,0,0,0,0,0,0,0,0,0,0,0,0,1,0,0,1,0,0,0,0,0,0,0,0,0,0,0,0,0,0,0,0,0,0,0,0
360670043011001,32,32,32,0,0,0,0,0,0,32,30,2,32,28,0,0,0,0,0,0,0,0,0,0,0,0,0,0,0,1,1,0,2,7,11,2,4,4,0,0,0,0,0,0,0,0,0,0,0,0,0,0,2,0,0,0,0,0,0,2,0
360670043011002,95,95,2,62,0,0,0,21,10,95,65,30,95,42,9,1,9,2,0,0,0,7,3,3,0,0,0,2,0,0,4,1,0,1,0,0,0,53,5,5,3,4,3,0,0,1,3,8,4,0,6,0,1,5,0,0,3,0,2,0,0
360670043011003,0,0,0,0,0,0,0,0,0,0,0,0,0,0,0,0,0,0,0,0,0,0,0,0,0,0,0,0,0,0,0,0,0,0,0,0,0,0,0,0,0,0,0,0,0,0,0,0,0,0,0,0,0,0,0,0,0,0,0,0,0
360670043011004,192,192,14,140,0,0,0,19,19,192,142,50,192,70,14,15,15,4,3,2,0,3,1,2,3,2,2,0,2,0,0,1,0,1,0,0,0,122,6,17,8,3,1,6,0,3,29,4,14,6,1,0,6,2,13,0,3,0,0,0,0
360670043011005,0,0,0,0,0,0,0,0,0,0,0,0,0,0,0,0,0,0,0,0,0,0,0,0,0,0,0,0,0,0,0,0,0,0,0,0,0,0,0,0,0,0,0,0,0,0,0,0,0,0,0,0,0,0,0,0,0,0,0,0,0
360670043011006,0,0,0,0,0,0,0,0,0,0,0,0,0,0,0,0,0,0,0,0,0,0,0,0,0,0,0,0,0,0,0,0,0,0,0,0,0,0,0,0,0,0,0,0,0,0,0,0,0,0,0,0,0,0,0,0,0,0,0,0,0
360670043011007,121,121,35,64,0,0,0,16,6,121,97,24,121,69,0,1,2,0,1,1,0,1,4,2,1,3,0,8,15,4,8,10,3,3,0,2,0,52,2,1,3,0,0,0,0,0,0,1,1,3,2,12,6,8,0,2,1,6,0,4,0
360670043011008,0,0,0,0,0,0,0,0,0,0,0,0,0,0,0,0,0,0,0,0,0,0,0,0,0,0,0,0,0,0,0,0,0,0,0,0,0,0,0,0,0,0,0,0,0,0,0,0,0,0,0,0,0,0,0,0,0,0,0,0,0
360670043011009,0,0,0,0,0,0,0,0,0,0,0,0,0,0,0,0,0,0,0,0,0,0,0,0,0,0,0,0,0,0,0,0,0,0,0,0,0,0,0,0,0,0,0,0,0,0,0,0,0,0,0,0,0,0,0,0,0,0,0,0,0
360670043011010,879,879,605,172,0,12,0,53,37,879,799,80,879,395,4,3,0,0,86,29,110,66,14,0,0,0,5,12,16,10,9,12,14,4,0,1,0,484,1,1,3,0,68,77,175,82,5,14,0,2,2,1,13,1,8,5,9,10,3,3,1
360670043011011,0,0,0,0,0,0,0,0,0,0,0,0,0,0,0,0,0,0,0,0,0,0,0,0,0,0,0,0,0,0,0,0,0,0,0,0,0,0,0,0,0,0,0,0,0,0,0,0,0,0,0,0,0,0,0,0,0,0,0,0,0
360670043011012,0,0,0,0,0,0,0,0,0,0,0,0,0,0,0,0,0,0,0,0,0,0,0,0,0,0,0,0,0,0,0,0,0,0,0,0,0,0,0,0,0,0,0,0,0,0,0,0,0,0,0,0,0,0,0,0,0,0,0,0,0
360670043011013,0,0,0,0,0,0,0,0,0,0,0,0,0,0,0,0,0,0,0,0,0,0,0,0,0,0,0,0,0,0,0,0,0,0,0,0,0,0,0,0,0,0,0,0,0,0,0,0,0,0,0,0,0,0,0,0,0,0,0,0,0
360670043011014,552,552,210,197,1,54,0,68,22,552,459,93,552,232,7,8,13,4,10,24,43,57,20,9,1,4,1,1,11,1,1,4,5,3,2,0,3,320,3,5,2,5,13,20,93,112,22,5,3,6,5,8,8,1,5,0,0,2,0,2,0
360670043011015,0,0,0,0,0,0,0,0,0,0,0,0,0,0,0,0,0,0,0,0,0,0,0,0,0,0,0,0,0,0,0,0,0,0,0,0,0,0,0,0,0,0,0,0,0,0,0,0,0,0,0,0,0,0,0,0,0,0,0,0,0
360670043011016,17,17,6,5,1,0,0,1,4,17,8,9,17,7,0,1,0,0,0,0,0,0,1,2,0,2,0,0,0,0,1,0,0,0,0,0,0,10,1,2,0,0,0,0,0,2,2,1,0,0,2,0,0,0,0,0,0,0,0,0,0
360670043011017,17,17,4,3,0,0,0,3,7,17,10,7,17,12,0,3,1,0,0,0,0,0,2,2,1,1,0,0,1,0,0,0,0,1,0,0,0,5,2,1,0,1,0,0,0,0,0,1,0,0,0,0,0,0,0,0,0,0,0,0,0
360670043011018,0,0,0,0,0,0,0,0,0,0,0,0,0,0,0,0,0,0,0,0,0,0,0,0,0,0,0,0,0,0,0,0,0,0,0,0,0,0,0,0,0,0,0,0,0,0,0,0,0,0,0,0,0,0,0,0,0,0,0,0,0
360670043011019,0,0,0,0,0,0,0,0,0,0,0,0,0,0,0,0,0,0,0,0,0,0,0,0,0,0,0,0,0,0,0,0,0,0,0,0,0,0,0,0,0,0,0,0,0,0,0,0,0,0,0,0,0,0,0,0,0,0,0,0,0
360670043011020,0,0,0,0,0,0,0,0,0,0,0,0,0,0,0,0,0,0,0,0,0,0,0,0,0,0,0,0,0,0,0,0,0,0,0,0,0,0,0,0,0,0,0,0,0,0,0,0,0,0,0,0,0,0,0,0,0,0,0,0,0
360670043021000,214,214,99,26,0,69,0,10,10,214,188,26,214,109,5,3,0,3,4,2,17,45,7,7,6,6,2,1,1,0,0,0,0,0,0,0,0,105,3,7,1,0,0,17,20,36,10,4,4,0,1,2,0,0,0,0,0,0,0,0,0
360670043021001,76,76,41,14,0,2,0,15,4,76,60,16,76,21,0,0,0,0,4,2,7,4,3,0,0,0,0,0,0,0,0,0,0,0,0,0,1,55,0,0,0,0,10,11,18,15,0,0,0,0,0,0,0,1,0,0,0,0,0,0,0
360670043021002,0,0,0,0,0,0,0,0,0,0,0,0,0,0,0,0,0,0,0,0,0,0,0,0,0,0,0,0,0,0,0,0,0,0,0,0,0,0,0,0,0,0,0,0,0,0,0,0,0,0,0,0,0,0,0,0,0,0,0,0,0
360670043021003,23,23,7,7,0,3,0,0,6,23,19,4,23,6,0,0,0,0,1,3,1,1,0,0,0,0,0,0,0,0,0,0,0,0,0,0,0,17,0,0,0,0,5,8,2,1,0,1,0,0,0,0,0,0,0,0,0,0,0,0,0
360670043021004,153,153,58,5,0,78,0,1,11,153,150,3,153,89,0,0,0,0,1,10,11,16,25,15,3,0,1,3,0,0,3,0,0,0,0,1,0,64,1,0,0,0,2,10,7,13,10,18,2,0,1,0,0,0,0,0,0,0,0,0,0
360670043021005,171,171,55,9,0,79,0,3,25,171,161,10,171,75,5,2,1,3,0,1,6,18,22,3,2,4,1,1,2,0,3,1,0,0,0,0,0,96,8,3,5,2,1,6,9,28,12,9,6,0,2,1,0,1,2,0,0,1,0,0,0
360670043021006,0,0,0,0,0,0,0,0,0,0,0,0,0,0,0,0,0,0,0,0,0,0,0,0,0,0,0,0,0,0,0,0,0,0,0,0,0,0,0,0,0,0,0,0,0,0,0,0,0,0,0,0,0,0,0,0,0,0,0,0,0
360670043021007,0,0,0,0,0,0,0,0,0,0,0,0,0,0,0,0,0,0,0,0,0,0,0,0,0,0,0,0,0,0,0,0,0,0,0,0,0,0,0,0,0,0,0,0,0,0,0,0,0,0,0,0,0,0,0,0,0,0,0,0,0
360670043021008,0,0,0,0,0,0,0,0,0,0,0,0,0,0,0,0,0,0,0,0,0,0,0,0,0,0,0,0,0,0,0,0,0,0,0,0,0,0,0,0,0,0,0,0,0,0,0,0,0,0,0,0,0,0,0,0,0,0,0,0,0
360670043021009,0,0,0,0,0,0,0,0,0,0,0,0,0,0,0,0,0,0,0,0,0,0,0,0,0,0,0,0,0,0,0,0,0,0,0,0,0,0,0,0,0,0,0,0,0,0,0,0,0,0,0,0,0,0,0,0,0,0,0,0,0
360670043021010,0,0,0,0,0,0,0,0,0,0,0,0,0,0,0,0,0,0,0,0,0,0,0,0,0,0,0,0,0,0,0,0,0,0,0,0,0,0,0,0,0,0,0,0,0,0,0,0,0,0,0,0,0,0,0,0,0,0,0,0,0
360670043021011,0,0,0,0,0,0,0,0,0,0,0,0,0,0,0,0,0,0,0,0,0,0,0,0,0,0,0,0,0,0,0,0,0,0,0,0,0,0,0,0,0,0,0,0,0,0,0,0,0,0,0,0,0,0,0,0,0,0,0,0,0
360670043022000,298,298,203,19,0,58,0,0,18,298,274,24,298,117,5,0,2,1,7,7,41,38,11,3,0,0,0,0,1,0,1,0,0,0,0,0,0,181,0,1,0,6,21,20,94,27,10,1,0,0,0,1,0,0,0,0,0,0,0,0,0
360670043022001,412,412,316,40,0,20,0,18,18,412,378,34,412,203,0,0,0,0,52,44,84,22,0,1,0,0,0,0,0,0,0,0,0,0,0,0,0,209,0,0,0,0,54,18,90,47,0,0,0,0,0,0,0,0,0,0,0,0,0,0,0
360670043022002,43,43,30,12,0,0,0,0,1,43,42,1,43,34,0,0,0,0,11,21,0,2,0,0,0,0,0,0,0,0,0,0,0,0,0,0,0,9,0,0,0,0,1,0,7,0,0,0,1,0,0,0,0,0,0,0,0,0,0,0,0
360670043022003,0,0,0,0,0,0,0,0,0,0,0,0,0,0,0,0,0,0,0,0,0,0,0,0,0,0,0,0,0,0,0,0,0,0,0,0,0,0,0,0,0,0,0,0,0,0,0,0,0,0,0,0,0,0,0,0,0,0,0,0,0
360670043022004,69,69,35,16,0,3,0,11,4,69,51,18,69,20,0,0,0,0,18,0,1,0,1,0,0,0,0,0,0,0,0,0,0,0,0,0,0,49,0,0,0,0,10,4,8,27,0,0,0,0,0,0,0,0,0,0,0,0,0,0,0
360670043022005,29,29,17,6,0,0,0,2,4,29,25,4,29,13,2,0,0,1,7,0,0,0,3,0,0,0,0,0,0,0,0,0,0,0,0,0,0,16,1,1,0,0,0,0,8,6,0,0,0,0,0,0,0,0,0,0,0,0,0,0,0
360670043022006,18,18,5,6,0,0,0,5,2,18,13,5,18,13,0,4,0,1,0,3,0,2,0,1,0,0,0,0,2,0,0,0,0,0,0,0,0,5,1,0,0,1,0,1,1,0,0,1,0,0,0,0,0,0,0,0,0,0,0,0,0
360670043022007,93,93,50,27,0,4,0,11,1,93,78,15,93,25,0,0,0,0,7,8,10,0,0,0,0,0,0,0,0,0,0,0,0,0,0,0,0,68,0,0,0,0,25,0,41,0,0,2,0,0,0,0,0,0,0,0,0,0,0,0,0
360670043022008,0,0,0,0,0,0,0,0,0,0,0,0,0,0,0,0,0,0,0,0,0,0,0,0,0,0,0,0,0,0,0,0,0,0,0,0,0,0,0,0,0,0,0,0,0,0,0,0,0,0,0,0,0,0,0,0,0,0,0,0,0
360670043022009,108,108,92,5,0,5,0,3,3,108,101,7,108,15,0,0,0,0,1,0,2,10,1,0,0,0,0,1,0,0,0,0,0,0,0,0,0,93,1,0,0,0,5,37,17,28,0,2,1,0,1,0,0,1,0,0,0,0,0,0,0
360670043022010,259,259,192,31,0,10,0,17,9,259,231,28,259,120,0,0,2,0,42,6,1,68,1,0,0,0,0,0,0,0,0,0,0,0,0,0,0,139,2,0,3,0,3,21,92,18,0,0,0,0,0,0,0,0,0,0,0,0,0,0,0
360670043022011,269,269,207,24,0,6,0,25,7,269,239,30,269,112,0,0,0,0,33,8,25,40,4,0,0,0,1,0,1,0,0,0,0,0,0,0,0,157,0,0,0,0,26,52,46,20,3,10,0,0,0,0,0,0,0,0,0,0,0,0,0
360670043022012,684,684,502,72,0,36,0,48,26,684,610,74,684,286,0,2,0,0,81,50,80,55,17,0,0,0,0,0,0,1,0,0,0,0,0,0,0,398,2,0,1,0,77,40,220,58,0,0,0,0,0,0,0,0,0,0,0,0,0,0,0
360670043022013,487,487,361,46,0,38,0,29,13,487,422,65,487,244,0,0,2,1,67,44,110,14,3,0,0,0,0,3,0,0,0,0,0,0,0,0,0,243,1,0,5,2,52,77,31,71,1,3,0,0,0,0,0,0,0,0,0,0,0,0,0
360670043022014,0,0,0,0,0,0,0,0,0,0,0,0,0,0,0,0,0,0,0,0,0,0,0,0,0,0,0,0,0,0,0,0,0,0,0,0,0,0,0,0,0,0,0,0,0,0,0,0,0,0,0,0,0,0,0,0,0,0,0,0,0
360670043023000,170,170,113,16,0,28,0,2,11,170,157,13,170,82,2,3,1,1,0,15,7,29,12,0,0,2,0,0,0,0,8,0,2,0,0,0,0,88,7,7,4,0,3,12,9,10,11,1,3,2,2,1,8,2,4,2,0,0,0,0,0
360670043023001,188,188,138,15,0,23,0,8,4,188,177,11,188,73,3,1,1,0,7,2,12,29,6,6,0,0,2,0,2,0,0,0,0,0,0,0,2,115,3,0,0,0,13,7,30,34,11,10,3,0,1,0,0,0,0,0,0,1,1,1,0
360670043023002,268,268,145,55,1,43,0,8,16,268,241,27,268,157,21,12,7,2,5,7,3,37,21,3,2,11,3,3,3,1,1,0,1,9,0,0,5,111,8,1,3,3,7,2,25,4,13,12,4,0,1,5,3,8,1,1,2,2,1,2,3
360670043023003,224,224,83,103,1,20,0,11,6,224,205,19,224,142,0,1,2,0,2,1,17,16,1,0,5,2,6,14,7,6,7,13,21,9,6,4,2,82,1,1,0,0,3,0,3,7,3,1,11,2,0,1,7,0,6,8,4,10,11,3,0
360670043023004,0,0,0,0,0,0,0,0,0,0,0,0,0,0,0,0,0,0,0,0,0,0,0,0,0,0,0,0,0,0,0,0,0,0,0,0,0,0,0,0,0,0,0,0,0,0,0,0,0,0,0,0,0,0,0,0,0,0,0,0,0
360670043023005,0,0,0,0,0,0,0,0,0,0,0,0,0,0,0,0,0,0,0,0,0,0,0,0,0,0,0,0,0,0,0,0,0,0,0,0,0,0,0,0,0,0,0,0,0,0,0,0,0,0,0,0,0,0,0,0,0,0,0,0,0
360670043023006,0,0,0,0,0,0,0,0,0,0,0,0,0,0,0,0,0,0,0,0,0,0,0,0,0,0,0,0,0,0,0,0,0,0,0,0,0,0,0,0,0,0,0,0,0,0,0,0,0,0,0,0,0,0,0,0,0,0,0,0,0
360670043023007,0,0,0,0,0,0,0,0,0,0,0,0,0,0,0,0,0,0,0,0,0,0,0,0,0,0,0,0,0,0,0,0,0,0,0,0,0,0,0,0,0,0,0,0,0,0,0,0,0,0,0,0,0,0,0,0,0,0,0,0,0
360670043023008,0,0,0,0,0,0,0,0,0,0,0,0,0,0,0,0,0,0,0,0,0,0,0,0,0,0,0,0,0,0,0,0,0,0,0,0,0,0,0,0,0,0,0,0,0,0,0,0,0,0,0,0,0,0,0,0,0,0,0,0,0
360670043023009,0,0,0,0,0,0,0,0,0,0,0,0,0,0,0,0,0,0,0,0,0,0,0,0,0,0,0,0,0,0,0,0,0,0,0,0,0,0,0,0,0,0,0,0,0,0,0,0,0,0,0,0,0,0,0,0,0,0,0,0,0
360670043023010,0,0,0,0,0,0,0,0,0,0,0,0,0,0,0,0,0,0,0,0,0,0,0,0,0,0,0,0,0,0,0,0,0,0,0,0,0,0,0,0,0,0,0,0,0,0,0,0,0,0,0,0,0,0,0,0,0,0,0,0,0
360670043023011,0,0,0,0,0,0,0,0,0,0,0,0,0,0,0,0,0,0,0,0,0,0,0,0,0,0,0,0,0,0,0,0,0,0,0,0,0,0,0,0,0,0,0,0,0,0,0,0,0,0,0,0,0,0,0,0,0,0,0,0,0
360670043023012,0,0,0,0,0,0,0,0,0,0,0,0,0,0,0,0,0,0,0,0,0,0,0,0,0,0,0,0,0,0,0,0,0,0,0,0,0,0,0,0,0,0,0,0,0,0,0,0,0,0,0,0,0,0,0,0,0,0,0,0,0
360670043024000,216,216,131,37,0,12,0,18,18,216,169,47,216,144,0,0,3,0,39,72,23,5,1,0,0,0,0,0,0,0,0,0,0,0,0,0,1,72,3,1,0,0,20,31,5,5,5,0,0,0,1,0,0,0,1,0,0,0,0,0,0
360670043024001,118,118,72,18,0,6,0,16,6,118,90,28,118,68,16,1,2,0,36,7,6,0,0,0,0,0,0,0,0,0,0,0,0,0,0,0,0,50,0,0,0,2,10,0,34,2,0,2,0,0,0,0,0,0,0,0,0,0,0,0,0
360670043024002,9,9,0,1,0,0,0,0,8,9,6,3,9,5,0,1,0,0,0,0,0,2,1,0,0,0,0,0,1,0,0,0,0,0,0,0,0,4,0,0,0,0,0,1,0,1,1,0,1,0,0,0,0,0,0,0,0,0,0,0,0
360670043024003,1090,1090,789,93,0,100,0,31,77,1090,1001,89,1090,530,0,0,0,0,393,74,46,16,0,0,0,0,0,0,0,0,1,0,0,0,0,0,0,560,1,0,0,0,441,81,33,2,2,0,0,0,0,0,0,0,0,0,0,0,0,0,0
360670043024004,505,505,370,28,0,39,0,22,46,505,455,50,505,251,3,1,0,0,188,57,1,1,0,0,0,0,0,0,0,0,0,0,0,0,0,0,0,254,0,0,0,0,199,41,10,2,2,0,0,0,0,0,0,0,0,0,0,0,0,0,0
360670043024005,11,11,1,0,0,1,0,1,8,11,5,6,11,6,0,0,3,0,0,0,0,0,2,0,0,0,1,0,0,0,0,0,0,0,0,0,0,5,2,0,0,0,0,0,0,0,0,0,0,0,1,1,0,0,0,0,0,0,1,0,0
360670043024006,415,415,304,49,0,22,1,31,8,415,368,47,415,234,0,0,0,0,80,52,102,0,0,0,0,0,0,0,0,0,0,0,0,0,0,0,0,181,0,0,0,0,27,61,89,3,0,1,0,0,0,0,0,0,0,0,0,0,0,0,0
360670043024007,0,0,0,0,0,0,0,0,0,0,0,0,0,0,0,0,0,0,0,0,0,0,0,0,0,0,0,0,0,0,0,0,0,0,0,0,0,0,0,0,0,0,0,0,0,0,0,0,0,0,0,0,0,0,0,0,0,0,0,0,0
360670043024008,0,0,0,0,0,0,0,0,0,0,0,0,0,0,0,0,0,0,0,0,0,0,0,0,0,0,0,0,0,0,0,0,0,0,0,0,0,0,0,0,0,0,0,0,0,0,0,0,0,0,0,0,0,0,0,0,0,0,0,0,0
360670043024009,0,0,0,0,0,0,0,0,0,0,0,0,0,0,0,0,0,0,0,0,0,0,0,0,0,0,0,0,0,0,0,0,0,0,0,0,0,0,0,0,0,0,0,0,0,0,0,0,0,0,0,0,0,0,0,0,0,0,0,0,0
360670043024010,986,986,741,81,0,72,1,28,63,986,905,81,986,400,0,0,0,0,287,57,26,30,0,0,0,0,0,0,0,0,0,0,0,0,0,0,0,586,1,0,0,0,454,17,55,59,0,0,0,0,0,0,0,0,0,0,0,0,0,0,0
360670044011000,219,219,119,15,0,60,0,7,18,219,208,11,219,119,12,3,6,1,0,4,0,22,20,10,0,2,11,3,0,0,0,5,8,2,6,3,1,100,7,3,3,2,4,11,2,8,7,23,9,3,1,8,9,0,0,0,0,0,0,0,0
360670044011001,244,244,190,1,0,38,0,5,10,244,228,16,244,159,5,2,3,1,2,1,21,37,20,20,7,11,3,7,10,3,2,0,1,0,3,0,0,85,9,4,1,0,0,0,4,23,5,1,5,4,9,7,5,0,2,0,2,3,0,0,1
360670044011002,72,72,56,8,0,0,0,5,3,72,66,6,72,46,3,1,3,4,0,3,5,2,15,0,1,1,1,0,1,0,6,0,0,0,0,0,0,26,0,2,0,1,0,6,3,1,0,0,0,0,1,0,6,0,0,4,0,2,0,0,0
360670044011003,75,75,61,0,0,1,0,4,9,75,65,10,75,21,6,1,0,0,0,0,0,11,0,0,1,1,0,0,0,0,0,0,0,1,0,0,0,54,5,0,0,4,0,0,4,10,17,1,0,0,0,0,0,0,4,0,0,0,6,0,3
360670044011004,92,92,54,6,0,19,0,4,9,92,86,6,92,30,1,0,0,0,1,0,0,0,9,1,6,1,5,3,0,0,1,0,0,0,0,0,2,62,0,0,0,0,0,1,4,11,20,0,2,0,2,1,3,7,0,0,6,0,3,1,1
360670044011005,58,58,42,3,0,9,0,0,4,58,55,3,58,35,1,5,0,1,0,0,9,6,0,0,1,3,0,0,3,3,2,1,0,0,0,0,0,23,1,0,2,2,2,0,2,1,3,0,2,4,0,0,0,0,0,0,3,0,0,0,1
360670044012000,164,164,125,9,0,15,0,0,15,164,155,9,164,66,4,5,2,0,0,4,9,36,0,2,0,1,0,1,0,1,0,0,1,0,0,0,0,98,1,0,0,0,2,25,44,5,4,14,0,0,0,0,1,0,0,0,0,1,1,0,0
360670044012001,178,178,140,1,1,23,0,3,10,178,163,15,178,77,0,0,0,0,2,6,53,5,6,4,0,0,0,0,0,0,0,1,0,0,0,0,0,101,5,4,3,1,3,8,34,25,3,0,2,0,0,0,4,0,0,1,5,3,0,0,0
360670044012002,145,145,126,2,0,9,0,0,8,145,138,7,145,79,0,0,5,0,0,16,27,0,7,0,0,7,0,4,2,0,0,3,4,2,0,0,2,66,3,1,0,2,4,24,6,15,3,0,0,0,0,0,0,0,0,2,2,0,3,0,1
360670044012003,164,164,132,4,0,17,0,6,5,164,151,13,164,68,4,3,0,0,0,6,17,15,1,1,10,1,0,0,0,0,2,2,1,1,4,0,0,96,0,0,0,0,0,30,34,23,6,0,0,0,2,0,0,0,1,0,0,0,0,0,0
360670044012004,188,188,102,13,1,42,0,2,28,188,174,14,188,83,0,0,3,0,0,24,6,35,6,0,4,1,0,0,1,0,3,0,0,0,0,0,0,105,6,2,9,4,0,9,30,11,5,3,8,0,0,1,2,1,6,0,3,0,5,0,0
360670044012005,100,100,85,7,0,6,0,2,0,100,98,2,100,52,0,5,1,0,1,3,0,9,0,0,5,2,0,5,15,2,0,0,3,0,0,0,1,48,4,3,0,0,0,0,0,16,0,4,0,8,0,3,0,6,0,2,2,0,0,0,0
360670044012006,61,61,55,0,0,2,0,0,4,61,58,3,61,33,0,1,1,0,10,2,8,1,3,0,0,0,2,0,0,0,0,1,0,0,0,4,0,28,5,0,0,0,0,0,0,15,0,1,0,1,0,0,6,0,0,0,0,0,0,0,0
360670044012007,134,134,116,4,0,5,0,2,7,134,127,7,134,60,5,0,1,0,2,10,3,24,0,0,0,5,1,0,0,0,0,0,3,0,6,0,0,74,0,0,1,1,6,0,40,4,0,1,5,0,1,2,0,0,13,0,0,0,0,0,0
360670044012008,135,135,108,3,0,14,0,7,3,135,126,9,135,57,6,1,0,0,1,5,17,21,3,0,0,0,0,0,0,0,3,0,0,0,0,0,0,78,0,1,0,1,2,6,21,4,16,5,0,1,2,1,2,2,0,0,0,4,1,9,0
360670044012009,98,98,59,10,0,19,0,4,6,98,90,8,98,71,2,0,2,3,0,9,2,3,25,2,0,0,10,0,2,0,1,0,2,5,0,0,3,27,11,0,0,1,0,0,5,2,0,0,0,1,0,0,2,0,1,0,0,4,0,0,0
360670044012010,53,53,40,1,0,1,0,3,8,53,48,5,53,18,1,0,0,0,1,7,1,2,1,1,2,1,0,1,0,0,0,0,0,0,0,0,0,35,1,9,1,0,0,1,3,8,0,0,0,6,3,0,0,0,0,1,0,0,0,0,2
360670044012011,27,27,24,0,0,0,0,0,3,27,24,3,27,6,0,0,0,0,0,2,0,1,0,1,0,0,0,0,0,0,0,2,0,0,0,0,0,21,0,3,1,0,0,1,0,0,0,0,0,0,0,9,0,0,0,0,3,4,0,0,0
360670044012012,88,88,76,5,0,6,0,1,0,88,83,5,88,72,0,5,4,1,0,2,16,0,11,13,1,3,0,0,1,0,0,1,0,13,0,0,1,16,2,2,0,0,0,1,0,0,0,0,0,0,0,0,0,0,0,0,2,7,2,0,0
360670044012013,0,0,0,0,0,0,0,0,0,0,0,0,0,0,0,0,0,0,0,0,0,0,0,0,0,0,0,0,0,0,0,0,0,0,0,0,0,0,0,0,0,0,0,0,0,0,0,0,0,0,0,0,0,0,0,0,0,0,0,0,0
360670044013000,84,84,64,13,0,2,0,1,4,84,80,4,84,34,1,0,0,7,0,0,0,0,6,3,4,0,1,0,4,0,2,0,0,2,4,0,0,50,4,7,4,2,1,5,0,5,2,1,1,4,1,1,2,1,1,0,0,3,4,0,1
360670044013001,102,102,78,8,0,1,0,0,15,102,91,11,102,62,3,1,1,0,1,0,3,6,11,10,0,1,0,15,0,7,0,0,0,2,0,1,0,40,1,4,8,2,0,0,1,1,0,19,2,0,0,0,0,0,2,0,0,0,0,0,0
360670044013002,46,46,36,1,0,0,0,0,9,46,44,2,46,18,0,0,0,0,0,3,0,8,0,5,0,2,0,0,0,0,0,0,0,0,0,0,0,28,2,2,1,0,0,3,0,5,0,7,3,0,0,3,1,0,0,0,1,0,0,0,0
360670044013003,64,64,54,0,0,3,0,4,3,64,60,4,64,30,2,0,1,0,0,4,0,4,3,0,8,0,2,1,0,0,0,0,0,0,5,0,0,34,5,1,2,0,0,0,0,0,23,0,0,0,0,1,2,0,0,0,0,0,0,0,0
360670044013004,46,46,16,8,0,18,0,2,2,46,44,2,46,18,0,2,0,0,0,1,0,4,0,9,1,0,0,0,0,0,0,0,0,0,0,1,0,28,0,0,0,2,1,0,0,0,12,6,0,0,1,0,5,0,1,0,0,0,0,0,0
360670044013005,90,90,76,3,0,6,0,0,5,90,89,1,90,46,1,3,0,3,0,0,0,1,1,5,9,13,0,0,0,0,1,2,0,7,0,0,0,44,1,0,0,0,1,2,2,5,7,9,1,0,4,4,0,0,1,3,0,2,2,0,0
360670044013006,79,79,65,2,0,11,0,0,1,79,78,1,79,22,0,0,0,0,0,1,1,2,4,0,0,0,9,0,2,0,1,1,0,0,1,0,0,57,0,0,1,0,2,0,0,0,13,4,9,0,16,0,5,0,0,1,0,4,1,1,0
360670044013007,123,123,87,16,1,5,0,4,10,123,119,4,123,78,8,4,3,1,0,0,0,0,9,0,1,2,7,7,15,0,7,0,10,1,2,1,0,45,3,0,0,1,0,2,6,12,0,1,0,0,2,2,7,1,5,1,0,2,0,0,0
360670044013008,75,75,60,9,0,3,0,1,2,75,71,4,75,44,3,1,0,3,0,0,1,9,17,0,5,2,3,0,0,0,0,0,0,0,0,0,0,31,0,0,0,0,4,0,0,4,4,0,2,0,4,0,5,0,6,0,0,2,0,0,0
360670044013009,70,70,53,16,0,0,0,0,1,70,67,3,70,33,3,1,6,0,0,0,0,0,0,5,5,0,0,0,0,0,0,0,9,4,0,0,0,37,0,3,1,0,0,0,0,7,0,0,0,0,5,0,0,0,2,4,4,0,3,6,2
360670044013010,16,16,10,3,0,2,0,0,1,16,15,1,16,6,0,0,0,0,0,0,0,0,1,0,4,0,0,0,0,0,1,0,0,0,0,0,0,10,1,1,0,2,0,0,0,0,0,0,0,0,0,2,0,0,0,0,4,0,0,0,0
360670044013011,0,0,0,0,0,0,0,0,0,0,0,0,0,0,0,0,0,0,0,0,0,0,0,0,0,0,0,0,0,0,0,0,0,0,0,0,0,0,0,0,0,0,0,0,0,0,0,0,0,0,0,0,0,0,0,0,0,0,0,0,0
360670044013012,0,0,0,0,0,0,0,0,0,0,0,0,0,0,0,0,0,0,0,0,0,0,0,0,0,0,0,0,0,0,0,0,0,0,0,0,0,0,0,0,0,0,0,0,0,0,0,0,0,0,0,0,0,0,0,0,0,0,0,0,0
360670044013013,7,7,0,0,0,0,0,1,6,7,3,4,7,6,0,1,1,0,0,0,0,1,1,0,0,0,0,1,0,0,0,0,0,1,0,0,0,1,0,0,0,0,1,0,0,0,0,0,0,0,0,0,0,0,0,0,0,0,0,0,0
360670044013014,21,21,15,5,0,0,0,0,1,21,21,0,21,12,2,0,0,0,0,0,1,9,0,0,0,0,0,0,0,0,0,0,0,0,0,0,0,9,0,0,1,2,0,0,0,0,0,1,3,0,1,0,0,0,0,0,0,0,0,0,1
360670044013015,0,0,0,0,0,0,0,0,0,0,0,0,0,0,0,0,0,0,0,0,0,0,0,0,0,0,0,0,0,0,0,0,0,0,0,0,0,0,0,0,0,0,0,0,0,0,0,0,0,0,0,0,0,0,0,0,0,0,0,0,0
360670044013016,0,0,0,0,0,0,0,0,0,0,0,0,0,0,0,0,0,0,0,0,0,0,0,0,0,0,0,0,0,0,0,0,0,0,0,0,0,0,0,0,0,0,0,0,0,0,0,0,0,0,0,0,0,0,0,0,0,0,0,0,0
360670044013017,34,34,10,6,1,12,0,0,5,34,29,5,34,9,0,0,0,1,0,0,0,6,0,1,0,0,0,0,1,0,0,0,0,0,0,0,0,25,0,0,0,3,0,1,0,3,0,3,1,3,0,0,1,0,3,0,0,7,0,0,0
360670044013018,41,41,25,7,0,1,0,3,5,41,34,7,41,13,3,1,2,0,0,3,1,0,0,0,0,0,1,1,0,0,1,0,0,0,0,0,0,28,2,0,0,2,0,0,0,4,3,1,0,8,4,3,1,0,0,0,0,0,0,0,0
360670044013019,91,91,55,20,1,0,0,3,12,91,88,3,91,43,7,1,4,0,0,1,0,4,3,14,1,3,2,0,1,1,0,0,0,1,0,0,0,48,5,2,1,5,2,1,1,5,6,6,1,6,1,1,3,0,0,0,1,0,1,0,0
360670044013020,98,98,71,4,0,9,0,3,11,98,94,4,98,56,4,2,2,0,0,4,0,12,5,4,6,3,0,1,1,0,4,0,1,3,0,4,0,42,2,1,0,0,0,0,8,1,15,1,5,8,1,0,0,0,0,0,0,0,0,0,0
360670044013021,54,54,43,5,0,0,0,5,1,54,48,6,54,26,0,0,1,0,0,1,0,0,19,0,2,0,0,0,0,0,0,1,0,0,0,2,0,28,1,1,0,0,3,0,0,0,8,0,6,0,1,0,2,0,1,0,0,5,0,0,0
360670044013022,44,44,31,5,0,1,0,1,6,44,41,3,44,18,0,0,0,0,0,0,0,0,1,6,0,0,2,0,0,1,0,4,2,1,0,1,0,26,0,2,0,0,0,2,1,3,0,6,1,0,0,0,0,0,0,1,3,7,0,0,0
360670044013023,0,0,0,0,0,0,0,0,0,0,0,0,0,0,0,0,0,0,0,0,0,0,0,0,0,0,0,0,0,0,0,0,0,0,0,0,0,0,0,0,0,0,0,0,0,0,0,0,0,0,0,0,0,0,0,0,0,0,0,0,0
360670044013024,18,18,7,0,0,4,0,0,7,18,15,3,18,6,0,0,0,1,0,0,0,0,0,0,2,0,2,0,0,0,1,0,0,0,0,0,0,12,1,1,0,0,0,0,0,1,0,0,2,2,1,1,0,3,0,0,0,0,0,0,0
360670044013025,10,10,4,2,0,0,0,1,3,10,10,0,10,1,0,1,0,0,0,0,0,0,0,0,0,0,0,0,0,0,0,0,0,0,0,0,0,9,2,2,1,0,0,0,0,4,0,0,0,0,0,0,0,0,0,0,0,0,0,0,0
360670045001000,150,150,109,21,0,11,0,1,8,150,143,7,150,83,0,3,1,0,2,2,0,2,23,15,21,0,2,4,1,0,6,0,0,0,0,1,0,67,0,5,0,0,0,0,0,1,22,14,10,0,0,3,3,3,1,0,1,0,4,0,0
360670045001001,89,89,75,6,1,0,0,4,3,89,85,4,89,38,4,0,0,0,5,1,0,0,1,0,1,0,2,3,0,0,5,2,9,3,2,0,0,51,4,1,2,0,2,0,3,2,10,10,0,0,0,0,3,0,2,2,0,9,1,0,0
360670045001002,105,105,61,12,0,21,0,4,7,105,97,8,105,64,4,2,0,3,0,3,3,25,9,0,1,7,0,3,4,0,0,0,0,0,0,0,0,41,0,1,5,0,0,0,0,11,8,5,5,2,0,0,0,0,4,0,0,0,0,0,0
360670045001003,79,79,56,0,0,15,0,0,8,79,70,9,79,30,1,1,0,6,0,0,0,4,0,1,11,0,3,1,2,0,0,0,0,0,0,0,0,49,1,2,0,0,0,1,0,17,6,0,0,18,1,0,2,1,0,0,0,0,0,0,0
360670045001004,70,70,43,9,0,7,0,3,8,70,60,10,70,20,5,1,2,1,0,0,1,1,0,0,1,0,0,2,0,6,0,0,0,0,0,0,0,50,4,3,4,3,0,3,0,8,2,3,1,0,6,0,4,0,0,0,5,0,4,0,0
360670045001005,74,74,40,0,0,17,0,2,15,74,63,11,74,53,5,0,2,1,5,1,1,0,10,3,6,2,0,1,10,0,3,0,0,0,2,1,0,21,2,5,1,1,0,0,0,0,2,0,2,0,5,0,0,0,1,1,1,0,0,0,0
360670045001006,122,122,81,17,0,8,0,1,15,122,112,10,122,55,4,0,0,0,6,0,1,0,4,1,8,6,0,3,4,0,2,5,1,9,0,1,0,67,0,2,4,0,2,1,2,10,10,1,4,8,0,1,2,2,0,1,4,2,7,2,2
360670045001007,90,90,58,16,2,6,0,5,3,90,73,17,90,41,1,1,1,0,1,1,2,3,5,9,0,9,6,1,0,0,0,0,1,0,0,0,0,49,3,0,3,5,0,0,0,10,0,1,4,3,0,10,4,0,6,0,0,0,0,0,0
360670045002000,158,158,76,5,1,61,0,4,11,158,146,12,158,80,1,0,4,1,2,2,13,31,12,9,0,0,0,1,2,1,0,0,1,0,0,0,0,78,0,4,1,5,6,8,8,12,22,6,0,0,1,0,0,3,0,1,0,0,0,0,1
360670045002001,131,131,97,11,0,23,0,0,0,131,129,2,131,63,8,0,2,0,0,0,21,14,6,4,0,2,0,0,0,0,0,0,0,0,0,3,3,68,0,0,1,0,4,11,12,9,6,2,0,2,0,0,12,0,1,1,1,0,0,5,1
360670045002002,102,102,81,10,0,0,0,7,4,102,84,18,102,32,0,1,1,0,5,4,6,4,4,1,1,0,0,1,0,1,0,0,0,2,0,1,0,70,2,0,0,0,2,14,18,22,6,2,2,0,0,0,0,0,0,0,0,0,0,0,2
360670045002003,87,87,64,11,0,6,0,0,6,87,87,0,87,62,5,6,4,0,0,15,2,14,7,3,0,0,0,1,0,0,1,0,0,0,0,0,4,25,4,1,0,0,0,0,7,3,4,0,0,0,1,0,1,0,0,1,1,0,0,2,0
360670045002004,145,145,85,22,0,20,3,2,13,145,137,8,145,78,7,2,3,3,12,4,18,12,3,2,2,1,2,1,0,0,2,3,0,1,0,0,0,67,3,2,0,2,18,7,13,15,3,0,0,0,0,0,0,3,1,0,0,0,0,0,0
360670045002005,121,121,87,16,0,7,0,0,11,121,108,13,121,95,1,1,1,1,6,8,13,14,12,7,3,6,8,6,7,0,1,0,0,0,0,0,0,26,0,0,0,0,0,15,2,3,3,0,1,0,1,0,0,0,0,0,0,0,0,0,1
360670045002006,146,146,93,15,1,13,0,9,15,146,129,17,146,87,2,2,4,0,2,18,25,20,5,4,1,0,0,0,0,1,0,0,2,0,1,0,0,59,0,3,3,2,1,7,10,17,8,5,0,0,0,1,1,1,0,0,0,0,0,0,0
360670045003000,98,98,50,24,0,9,0,5,10,98,91,7,98,49,2,1,0,3,0,0,3,2,17,1,3,3,3,5,1,2,0,2,0,1,0,0,0,49,6,0,0,0,2,3,0,4,1,2,3,1,12,8,0,0,1,0,0,1,0,1,4
360670045003001,72,72,32,33,0,3,0,0,4,72,71,1,72,41,4,9,1,1,1,0,7,4,1,4,0,2,0,0,4,0,1,0,0,2,0,0,0,31,5,2,2,0,0,2,2,2,2,3,1,4,0,0,0,0,0,3,0,0,0,2,1
360670045003002,0,0,0,0,0,0,0,0,0,0,0,0,0,0,0,0,0,0,0,0,0,0,0,0,0,0,0,0,0,0,0,0,0,0,0,0,0,0,0,0,0,0,0,0,0,0,0,0,0,0,0,0,0,0,0,0,0,0,0,0,0
360670045003003,121,121,59,20,3,29,0,0,10,121,116,5,121,73,1,2,3,0,0,1,0,10,19,1,12,5,0,6,5,1,0,0,0,0,5,0,2,48,1,0,1,0,4,3,1,4,9,2,9,7,0,3,1,0,1,1,0,0,0,0,1
360670045003004,59,59,32,6,3,12,0,0,6,59,53,6,59,32,0,0,0,0,0,0,1,0,21,3,3,1,3,0,0,0,0,0,0,0,0,0,0,27,0,2,0,3,0,0,0,1,3,13,0,1,2,1,0,0,0,1,0,0,0,0,0
360670045003005,147,147,50,11,0,78,0,0,8,147,144,3,147,80,1,1,0,0,0,2,0,53,2,1,3,1,0,1,6,0,0,0,0,9,0,0,0,67,0,7,0,2,4,2,0,29,1,6,8,0,0,0,3,0,0,0,1,0,3,1,0
360670045003006,63,63,22,7,0,18,0,3,13,63,51,12,63,24,2,0,3,2,0,0,0,3,7,6,0,0,0,0,0,0,0,0,0,1,0,0,0,39,3,3,3,1,0,1,1,4,11,2,4,1,3,0,1,0,0,0,0,0,0,0,1
360670045003007,0,0,0,0,0,0,0,0,0,0,0,0,0,0,0,0,0,0,0,0,0,0,0,0,0,0,0,0,0,0,0,0,0,0,0,0,0,0,0,0,0,0,0,0,0,0,0,0,0,0,0,0,0,0,0,0,0,0,0,0,0
360670045003008,0,0,0,0,0,0,0,0,0,0,0,0,0,0,0,0,0,0,0,0,0,0,0,0,0,0,0,0,0,0,0,0,0,0,0,0,0,0,0,0,0,0,0,0,0,0,0,0,0,0,0,0,0,0,0,0,0,0,0,0,0
360670045003009,0,0,0,0,0,0,0,0,0,0,0,0,0,0,0,0,0,0,0,0,0,0,0,0,0,0,0,0,0,0,0,0,0,0,0,0,0,0,0,0,0,0,0,0,0,0,0,0,0,0,0,0,0,0,0,0,0,0,0,0,0
360670045003010,38,38,24,0,0,8,0,0,6,38,37,1,38,25,2,1,1,1,1,0,0,7,7,0,0,0,1,0,0,0,1,0,0,3,0,0,0,13,4,0,0,2,0,0,0,0,1,0,0,0,0,0,1,0,0,0,0,4,0,0,1
360670045003011,41,41,25,7,0,0,0,5,4,41,36,5,41,26,1,1,1,1,0,0,0,13,4,2,1,1,1,0,0,0,0,0,0,0,0,0,0,15,1,1,0,0,9,0,2,0,0,0,0,0,0,0,2,0,0,0,0,0,0,0,0
360670045003012,0,0,0,0,0,0,0,0,0,0,0,0,0,0,0,0,0,0,0,0,0,0,0,0,0,0,0,0,0,0,0,0,0,0,0,0,0,0,0,0,0,0,0,0,0,0,0,0,0,0,0,0,0,0,0,0,0,0,0,0,0
360670045003013,137,137,109,6,0,15,0,2,5,137,128,9,137,51,7,2,0,0,0,2,5,1,6,8,3,12,0,1,0,0,3,0,0,1,0,0,0,86,8,0,0,2,0,2,0,11,41,0,1,3,1,2,4,6,4,0,0,0,0,0,1
360670045003014,61,61,44,3,0,11,0,2,1,61,58,3,61,39,0,0,4,0,2,0,4,17,0,9,2,1,0,0,0,0,0,0,0,0,0,0,0,22,0,0,1,0,0,0,0,0,7,6,4,0,0,0,0,0,0,3,0,0,0,0,1
360670045003015,112,112,58,20,0,28,0,5,1,112,109,3,112,73,0,3,6,2,0,0,3,15,22,13,0,4,1,0,0,0,1,0,2,1,0,0,0,39,0,1,3,2,1,0,7,11,7,1,0,0,0,4,0,0,0,0,0,1,0,0,1
360670045003016,92,92,59,7,0,21,0,3,2,92,88,4,92,56,0,0,1,2,0,4,7,20,17,2,1,0,2,0,0,0,0,0,0,0,0,0,0,36,0,0,0,0,0,4,15,5,11,1,0,0,0,0,0,0,0,0,0,0,0,0,0
360670045003017,85,85,69,6,0,3,0,4,3,85,80,5,85,62,2,0,0,0,0,11,0,31,14,2,0,0,0,0,0,0,1,1,0,0,0,0,0,23,0,0,1,1,0,0,1,10,2,0,0,0,0,0,0,0,0,0,4,4,0,0,0
360670046001000,73,73,32,0,3,0,1,7,30,73,44,29,73,36,0,0,0,0,22,4,6,3,1,0,0,0,0,0,0,0,0,0,0,0,0,0,0,37,0,0,0,2,14,12,2,7,0,0,0,0,0,0,0,0,0,0,0,0,0,0,0
360670046001001,24,24,12,6,0,5,0,0,1,24,20,4,24,17,0,0,0,1,0,0,0,0,0,3,2,1,1,0,2,0,0,0,4,3,0,0,0,7,2,0,0,0,0,0,0,0,1,2,1,0,0,0,1,0,0,0,0,0,0,0,0
360670046001002,430,430,349,38,0,12,0,9,22,430,406,24,430,161,0,0,0,1,79,52,20,4,5,0,0,0,0,0,0,0,0,0,0,0,0,0,0,269,0,0,0,2,203,46,13,2,1,0,0,1,0,0,1,0,0,0,0,0,0,0,0
360670046001003,25,25,21,2,0,0,0,0,2,25,25,0,25,21,0,0,0,0,0,0,0,0,0,1,4,3,0,0,0,0,0,2,4,7,0,0,0,4,0,0,1,0,0,0,0,0,1,0,2,0,0,0,0,0,0,0,0,0,0,0,0
360670046001004,71,71,45,22,0,3,0,0,1,71,65,6,71,18,0,0,0,0,0,2,0,1,2,4,2,3,2,1,0,0,1,0,0,0,0,0,0,53,0,2,0,0,0,3,0,2,3,2,4,4,1,1,9,0,2,6,6,6,2,0,0
360670046001005,0,0,0,0,0,0,0,0,0,0,0,0,0,0,0,0,0,0,0,0,0,0,0,0,0,0,0,0,0,0,0,0,0,0,0,0,0,0,0,0,0,0,0,0,0,0,0,0,0,0,0,0,0,0,0,0,0,0,0,0,0
360670046001006,27,27,25,0,0,0,0,0,2,27,23,4,27,13,0,0,1,0,0,0,0,0,0,0,2,0,3,2,1,3,1,0,0,0,0,0,0,14,0,0,0,0,0,1,0,0,0,2,2,0,8,0,1,0,0,0,0,0,0,0,0
360670046001007,41,41,23,9,0,4,0,0,5,41,38,3,41,21,0,0,5,0,0,0,0,0,3,0,1,3,1,2,0,1,0,0,0,5,0,0,0,20,1,0,0,0,0,0,0,1,0,0,8,0,5,0,1,0,0,0,4,0,0,0,0
360670046001008,56,56,36,19,0,0,0,0,1,56,55,1,56,25,0,0,3,2,0,2,0,2,1,8,0,0,0,0,0,6,0,0,0,1,0,0,0,31,4,2,0,0,0,3,0,0,0,1,0,7,0,1,3,5,5,0,0,0,0,0,0
360670046001009,8,8,2,3,0,0,0,0,3,8,8,0,8,6,0,0,1,0,0,2,0,0,0,0,0,0,1,2,0,0,0,0,0,0,0,0,0,2,1,1,0,0,0,0,0,0,0,0,0,0,0,0,0,0,0,0,0,0,0,0,0
360670046001010,13,13,10,3,0,0,0,0,0,13,13,0,13,7,2,0,0,0,0,0,0,0,4,0,0,0,0,0,0,0,0,0,1,0,0,0,0,6,0,0,0,0,0,0,0,0,2,0,1,1,0,2,0,0,0,0,0,0,0,0,0
360670046001011,44,44,27,0,0,0,0,3,14,44,44,0,44,22,0,5,2,1,0,0,0,1,2,0,0,0,0,0,1,2,0,0,1,0,7,0,0,22,4,0,0,0,0,1,0,3,0,0,0,0,1,0,0,0,0,3,2,6,1,0,1
360670046001012,47,47,33,11,0,0,0,0,3,47,47,0,47,28,0,0,10,2,0,0,0,2,0,0,0,1,0,0,7,0,0,0,4,0,2,0,0,19,0,0,2,0,0,6,1,2,0,0,0,0,1,0,1,6,0,0,0,0,0,0,0
360670046001013,35,35,26,4,0,3,0,0,2,35,34,1,35,8,0,2,0,0,0,1,0,2,0,0,0,0,0,0,1,0,0,0,2,0,0,0,0,27,0,0,0,0,0,0,0,0,4,0,0,2,0,2,6,2,1,0,3,0,2,0,5
360670046001014,0,0,0,0,0,0,0,0,0,0,0,0,0,0,0,0,0,0,0,0,0,0,0,0,0,0,0,0,0,0,0,0,0,0,0,0,0,0,0,0,0,0,0,0,0,0,0,0,0,0,0,0,0,0,0,0,0,0,0,0,0
360670046001015,0,0,0,0,0,0,0,0,0,0,0,0,0,0,0,0,0,0,0,0,0,0,0,0,0,0,0,0,0,0,0,0,0,0,0,0,0,0,0,0,0,0,0,0,0,0,0,0,0,0,0,0,0,0,0,0,0,0,0,0,0
360670046001016,51,51,20,29,0,0,0,0,2,51,50,1,51,18,1,0,0,4,0,0,0,1,0,0,2,0,0,0,0,0,0,0,0,2,5,3,0,33,1,2,0,0,0,0,0,1,0,7,1,0,1,0,0,5,0,0,0,10,4,0,1
360670046001017,68,68,39,28,0,0,0,0,1,68,68,0,68,44,1,0,0,5,0,0,0,3,4,8,0,1,4,0,11,0,5,0,0,0,0,0,2,24,0,0,4,2,6,0,0,0,1,0,0,1,0,6,0,0,0,0,0,0,2,2,0
360670046001018,16,16,13,0,0,1,0,0,2,16,14,2,16,7,0,0,3,0,0,0,0,0,0,0,1,0,0,0,1,0,1,1,0,0,0,0,0,9,2,2,0,0,0,0,0,0,0,0,2,0,0,0,3,0,0,0,0,0,0,0,0
360670046001019,21,21,7,10,0,3,0,0,1,21,21,0,21,16,0,1,0,0,0,0,0,0,3,0,0,0,1,6,3,0,0,1,0,1,0,0,0,5,0,1,2,1,0,0,0,0,0,0,0,0,0,0,1,0,0,0,0,0,0,0,0
360670046001020,0,0,0,0,0,0,0,0,0,0,0,0,0,0,0,0,0,0,0,0,0,0,0,0,0,0,0,0,0,0,0,0,0,0,0,0,0,0,0,0,0,0,0,0,0,0,0,0,0,0,0,0,0,0,0,0,0,0,0,0,0
360670046001021,0,0,0,0,0,0,0,0,0,0,0,0,0,0,0,0,0,0,0,0,0,0,0,0,0,0,0,0,0,0,0,0,0,0,0,0,0,0,0,0,0,0,0,0,0,0,0,0,0,0,0,0,0,0,0,0,0,0,0,0,0
360670046001022,37,37,13,17,0,3,0,0,4,37,36,1,37,20,0,0,0,0,0,0,0,3,3,1,1,0,2,1,4,0,3,0,2,0,0,0,0,17,0,0,0,0,1,0,0,2,4,0,0,0,0,1,0,1,2,0,1,1,3,1,0
360670046001023,177,177,168,4,2,0,0,1,2,177,175,2,177,53,0,0,0,0,0,0,0,0,0,2,0,0,1,1,0,1,0,1,2,2,10,8,25,124,0,0,0,0,1,0,0,1,0,0,2,2,3,0,3,2,6,1,3,2,9,14,75
360670046002000,22,22,15,4,0,0,0,0,3,22,22,0,22,16,0,0,0,0,0,0,0,0,5,4,2,0,1,0,1,0,0,0,0,0,2,0,1,6,0,0,0,0,1,0,0,0,0,0,0,2,2,0,0,0,0,1,0,0,0,0,0
360670046002001,44,44,29,6,0,1,0,1,7,44,37,7,44,41,2,1,1,2,2,1,0,5,0,1,1,0,0,0,17,0,0,0,5,3,0,0,0,3,1,0,0,0,0,0,0,1,0,0,0,0,1,0,0,0,0,0,0,0,0,0,0
360670046002002,80,80,57,19,0,0,0,0,4,80,76,4,80,30,2,1,1,2,0,0,0,0,0,0,0,0,9,6,0,2,0,0,0,0,2,4,1,50,1,0,0,5,0,0,0,0,0,0,0,1,3,1,10,0,5,0,6,10,4,1,3
360670046002003,38,38,25,10,0,2,0,0,1,38,38,0,38,20,3,0,1,0,0,0,0,1,2,1,0,2,5,0,0,0,1,2,0,0,1,1,0,18,0,4,1,0,0,0,0,0,0,0,0,0,0,0,0,0,0,0,8,5,0,0,0
360670046002004,0,0,0,0,0,0,0,0,0,0,0,0,0,0,0,0,0,0,0,0,0,0,0,0,0,0,0,0,0,0,0,0,0,0,0,0,0,0,0,0,0,0,0,0,0,0,0,0,0,0,0,0,0,0,0,0,0,0,0,0,0
360670046002005,20,20,6,10,0,2,0,0,2,20,17,3,20,16,0,1,2,0,0,0,0,0,1,0,0,1,3,0,5,1,1,0,0,0,0,0,1,4,0,0,0,0,0,0,0,1,0,1,0,0,0,0,0,0,0,0,0,2,0,0,0
360670046002006,45,45,30,9,0,0,0,2,4,45,41,4,45,24,0,0,1,0,0,0,0,1,1,0,5,0,0,2,0,6,0,0,0,1,6,1,0,21,1,2,1,1,0,1,0,0,0,5,3,1,5,0,0,0,0,0,0,0,0,0,1
360670046002007,0,0,0,0,0,0,0,0,0,0,0,0,0,0,0,0,0,0,0,0,0,0,0,0,0,0,0,0,0,0,0,0,0,0,0,0,0,0,0,0,0,0,0,0,0,0,0,0,0,0,0,0,0,0,0,0,0,0,0,0,0
360670046002008,49,49,30,7,0,0,0,2,10,49,41,8,49,42,4,7,1,0,0,2,0,0,1,0,3,8,2,1,3,0,1,0,6,2,0,0,1,7,0,0,0,1,0,0,0,0,0,0,0,0,0,1,0,0,0,0,0,0,0,2,3
360670046002009,166,166,130,24,0,2,0,1,9,166,164,2,166,84,1,1,1,0,0,0,0,1,10,10,2,4,5,12,4,2,15,0,4,12,0,0,0,82,1,3,5,0,1,0,0,3,5,7,2,15,4,1,1,3,5,3,6,5,5,2,5
360670046002010,54,54,31,14,0,0,0,0,9,54,54,0,54,23,0,8,1,0,0,0,0,1,0,0,0,0,0,0,0,0,0,0,0,2,0,10,1,31,2,1,1,1,0,0,0,1,0,0,0,0,1,0,1,0,13,0,9,0,0,0,1
360670046002011,47,47,41,2,0,3,0,0,1,47,44,3,47,12,0,0,3,0,0,0,0,1,0,1,0,1,0,1,0,0,1,0,0,0,0,0,4,35,2,1,0,1,0,0,0,2,0,1,0,0,0,0,6,1,6,1,2,0,0,7,5
360670046002012,39,39,23,10,0,2,0,1,3,39,36,3,39,19,0,0,0,0,0,1,0,1,0,1,2,0,2,0,3,0,1,1,3,1,1,1,1,20,2,0,0,0,1,0,0,1,4,2,0,2,1,2,0,3,0,0,1,0,0,1,0
360670046002013,55,55,42,2,0,2,0,5,4,55,54,1,55,13,1,0,2,0,0,0,0,0,0,2,1,0,0,1,0,0,1,0,5,0,0,0,0,42,2,0,1,2,0,0,1,1,0,0,0,0,7,2,1,0,1,7,0,14,1,2,0
360670046002014,52,52,39,8,0,0,0,0,5,52,49,3,52,33,1,0,0,0,0,0,0,0,0,0,3,0,3,12,1,0,4,4,0,1,4,0,0,19,0,0,0,0,0,0,2,4,0,1,0,1,0,10,0,0,0,0,0,1,0,0,0
360670046002015,60,60,34,23,0,0,0,2,1,60,55,5,60,12,1,0,1,0,2,1,0,4,2,0,0,0,0,0,0,0,1,0,0,0,0,0,0,48,0,3,0,0,0,1,0,4,6,13,2,2,0,9,7,0,1,0,0,0,0,0,0
360670046002016,57,57,43,9,0,1,0,2,2,57,55,2,57,17,0,0,1,1,0,0,1,0,0,2,0,0,0,1,0,1,0,0,1,5,0,3,1,40,0,0,4,0,0,3,0,0,4,0,0,5,16,0,2,0,0,3,1,0,0,1,1
360670046002017,89,89,67,9,0,6,0,2,5,89,84,5,89,51,2,1,0,4,2,2,0,1,0,0,1,0,0,0,6,0,0,1,4,16,3,2,6,38,0,1,0,1,0,2,0,1,3,0,0,0,0,0,17,0,0,0,0,3,10,0,0
360670046002018,31,31,24,0,0,3,0,1,3,31,29,2,31,22,0,2,0,0,0,0,0,0,1,6,0,0,0,0,1,0,0,0,0,10,0,0,2,9,2,1,0,0,0,0,0,0,2,0,1,0,0,0,0,0,0,0,0,0,0,3,0
360670046002019,0,0,0,0,0,0,0,0,0,0,0,0,0,0,0,0,0,0,0,0,0,0,0,0,0,0,0,0,0,0,0,0,0,0,0,0,0,0,0,0,0,0,0,0,0,0,0,0,0,0,0,0,0,0,0,0,0,0,0,0,0
360670046002020,19,19,11,0,0,2,0,1,5,19,15,4,19,9,0,0,0,0,0,0,0,3,0,0,0,0,0,1,3,0,0,0,1,0,0,0,1,10,0,0,1,1,0,0,0,0,4,0,0,0,1,3,0,0,0,0,0,0,0,0,0
360670046003000,0,0,0,0,0,0,0,0,0,0,0,0,0,0,0,0,0,0,0,0,0,0,0,0,0,0,0,0,0,0,0,0,0,0,0,0,0,0,0,0,0,0,0,0,0,0,0,0,0,0,0,0,0,0,0,0,0,0,0,0,0
360670046003001,0,0,0,0,0,0,0,0,0,0,0,0,0,0,0,0,0,0,0,0,0,0,0,0,0,0,0,0,0,0,0,0,0,0,0,0,0,0,0,0,0,0,0,0,0,0,0,0,0,0,0,0,0,0,0,0,0,0,0,0,0
360670046003002,0,0,0,0,0,0,0,0,0,0,0,0,0,0,0,0,0,0,0,0,0,0,0,0,0,0,0,0,0,0,0,0,0,0,0,0,0,0,0,0,0,0,0,0,0,0,0,0,0,0,0,0,0,0,0,0,0,0,0,0,0
360670046003003,0,0,0,0,0,0,0,0,0,0,0,0,0,0,0,0,0,0,0,0,0,0,0,0,0,0,0,0,0,0,0,0,0,0,0,0,0,0,0,0,0,0,0,0,0,0,0,0,0,0,0,0,0,0,0,0,0,0,0,0,0
360670046003004,32,32,18,11,0,0,0,1,2,32,30,2,32,13,0,0,0,0,0,0,0,0,1,1,0,0,0,0,0,0,4,0,7,0,0,0,0,19,0,0,3,0,0,0,0,1,0,1,0,0,0,3,0,1,1,0,3,4,0,2,0
360670046003005,37,37,23,10,0,1,0,0,3,37,37,0,37,32,0,0,0,0,0,0,0,0,1,0,4,2,1,6,0,0,11,0,0,7,0,0,0,5,0,0,0,1,0,0,0,0,1,0,0,0,1,0,2,0,0,0,0,0,0,0,0
360670046003006,54,54,41,9,0,2,0,0,2,54,51,3,54,21,0,0,0,0,0,0,0,0,4,10,1,1,0,0,0,0,0,0,0,0,4,1,0,33,0,0,1,1,0,2,0,2,0,2,4,0,0,0,0,0,0,3,12,1,5,0,0
360670046003007,28,28,22,5,0,0,0,0,1,28,28,0,28,14,0,0,0,0,0,0,0,0,0,1,0,0,2,0,0,0,0,0,9,0,0,2,0,14,4,0,0,0,0,0,0,0,0,0,0,0,0,0,0,1,4,0,0,1,4,0,0
360670046003008,38,38,26,9,0,0,0,2,1,38,38,0,38,10,0,0,1,0,0,0,0,0,0,1,0,0,0,1,1,3,3,0,0,0,0,0,0,28,0,0,2,4,0,0,3,0,3,0,0,0,0,0,10,0,0,2,0,0,0,2,2
360670046003009,38,38,29,1,0,1,0,4,3,38,34,4,38,5,1,1,0,1,0,0,0,0,0,1,1,0,0,0,0,0,0,0,0,0,0,0,0,33,0,0,4,2,0,0,0,0,0,0,15,10,1,0,0,1,0,0,0,0,0,0,0
360670046003010,61,61,55,1,0,0,0,2,3,61,56,5,61,27,4,1,1,0,0,0,0,0,0,0,3,4,0,3,0,0,6,4,0,0,0,1,0,34,0,1,0,1,0,0,0,0,0,2,3,1,0,1,9,1,2,0,0,1,8,4,0
360670046003011,108,108,93,7,0,5,0,0,3,108,108,0,108,57,2,1,3,0,0,0,0,9,11,2,0,10,0,0,0,0,0,0,0,5,14,0,0,51,5,2,1,0,0,1,5,7,1,2,0,5,0,1,3,0,1,4,1,8,4,0,0
360670046003012,0,0,0,0,0,0,0,0,0,0,0,0,0,0,0,0,0,0,0,0,0,0,0,0,0,0,0,0,0,0,0,0,0,0,0,0,0,0,0,0,0,0,0,0,0,0,0,0,0,0,0,0,0,0,0,0,0,0,0,0,0
360670046003013,0,0,0,0,0,0,0,0,0,0,0,0,0,0,0,0,0,0,0,0,0,0,0,0,0,0,0,0,0,0,0,0,0,0,0,0,0,0,0,0,0,0,0,0,0,0,0,0,0,0,0,0,0,0,0,0,0,0,0,0,0
360670046003014,43,43,42,0,0,0,0,0,1,43,43,0,43,29,0,0,0,0,0,0,0,0,0,0,0,0,9,0,4,0,1,0,1,8,0,6,0,14,0,3,0,0,0,0,0,0,0,0,0,1,0,1,1,3,5,0,0,0,0,0,0
360670046003015,90,90,78,1,0,9,0,0,2,90,88,2,90,47,8,4,1,6,0,0,0,0,6,2,0,1,0,0,2,1,0,9,0,6,0,1,0,43,0,1,0,0,0,0,0,0,5,7,0,0,4,4,5,0,0,8,1,7,0,0,1
360670046003016,51,51,38,8,0,0,0,0,5,51,49,2,51,20,4,2,2,1,0,0,0,0,0,0,0,0,1,0,0,7,2,0,0,0,0,0,1,31,1,0,0,0,1,0,0,0,0,0,0,1,0,2,0,13,0,3,9,1,0,0,0
360670046003017,0,0,0,0,0,0,0,0,0,0,0,0,0,0,0,0,0,0,0,0,0,0,0,0,0,0,0,0,0,0,0,0,0,0,0,0,0,0,0,0,0,0,0,0,0,0,0,0,0,0,0,0,0,0,0,0,0,0,0,0,0
360670046003018,0,0,0,0,0,0,0,0,0,0,0,0,0,0,0,0,0,0,0,0,0,0,0,0,0,0,0,0,0,0,0,0,0,0,0,0,0,0,0,0,0,0,0,0,0,0,0,0,0,0,0,0,0,0,0,0,0,0,0,0,0
360670046003019,0,0,0,0,0,0,0,0,0,0,0,0,0,0,0,0,0,0,0,0,0,0,0,0,0,0,0,0,0,0,0,0,0,0,0,0,0,0,0,0,0,0,0,0,0,0,0,0,0,0,0,0,0,0,0,0,0,0,0,0,0
360670046003020,39,39,34,2,0,1,0,1,1,39,36,3,39,6,0,3,0,0,0,0,0,0,1,0,0,0,2,0,0,0,0,0,0,0,0,0,0,33,0,1,7,5,0,1,0,7,0,3,1,0,3,4,0,0,1,0,0,0,0,0,0
360670046003021,41,41,28,0,0,0,0,6,7,41,36,5,41,38,1,1,0,2,0,0,0,1,0,3,12,2,2,0,0,0,7,0,7,0,0,0,0,3,0,2,0,0,0,0,0,0,0,0,0,0,0,1,0,0,0,0,0,0,0,0,0
360670046003022,31,31,18,3,5,1,0,0,4,31,25,6,31,23,0,0,1,0,0,0,0,2,0,0,3,0,0,1,5,1,2,0,1,7,0,0,0,8,0,1,0,2,0,0,0,0,0,0,0,0,1,1,0,1,1,0,0,1,0,0,0
360670046003023,27,27,12,0,1,3,0,2,9,27,19,8,27,9,1,0,0,2,0,0,0,0,3,0,0,1,0,1,0,0,0,0,0,1,0,0,0,18,1,0,0,3,0,0,0,0,0,1,0,0,0,0,0,0,0,0,2,0,9,2,0
360670046003024,0,0,0,0,0,0,0,0,0,0,0,0,0,0,0,0,0,0,0,0,0,0,0,0,0,0,0,0,0,0,0,0,0,0,0,0,0,0,0,0,0,0,0,0,0,0,0,0,0,0,0,0,0,0,0,0,0,0,0,0,0
360670046003025,57,57,49,7,0,0,0,0,1,57,55,2,57,25,1,0,2,4,2,0,0,1,0,0,0,0,0,0,4,1,0,0,0,10,0,0,0,32,1,0,2,4,1,0,0,5,8,0,0,0,0,0,0,0,3,0,0,5,0,1,2
360670046003026,43,43,29,10,0,0,0,1,3,43,37,6,43,23,0,0,1,3,0,0,0,0,2,1,0,3,0,1,5,2,0,1,2,0,0,2,0,20,2,1,0,0,0,0,0,1,1,2,1,0,0,0,0,3,0,0,4,0,3,0,2
360670046003027,142,142,130,3,0,3,0,1,5,142,136,6,142,73,3,1,9,1,2,0,1,4,2,6,5,3,6,1,2,5,1,2,3,13,0,3,0,69,2,2,2,2,0,0,0,1,5,5,7,2,8,1,3,0,6,4,2,9,8,0,0
360670046003028,33,33,23,7,0,0,0,1,2,33,28,5,33,9,2,0,0,0,0,0,0,0,0,0,0,0,0,2,4,1,0,0,0,0,0,0,0,24,3,3,0,1,0,0,0,0,0,0,0,0,0,0,0,0,0,2,0,15,0,0,0
360670046003029,50,50,45,0,0,1,0,0,4,50,50,0,50,22,1,0,0,1,6,0,0,0,0,0,0,0,0,3,0,0,0,0,4,0,0,3,4,28,0,0,0,2,1,0,0,0,3,0,0,0,0,16,0,0,0,2,0,1,0,2,1
360670046003030,43,43,27,12,0,3,0,1,0,43,40,3,43,27,3,5,2,3,3,0,0,0,0,2,0,0,0,0,1,0,4,0,0,3,0,1,0,16,0,0,1,0,0,0,0,0,0,1,0,1,2,0,3,0,0,0,4,0,0,4,0
360670046003031,22,22,14,3,0,0,0,0,5,22,22,0,22,0,0,0,0,0,0,0,0,0,0,0,0,0,0,0,0,0,0,0,0,0,0,0,0,22,1,0,2,0,0,0,0,0,2,4,0,0,1,0,2,1,1,0,2,1,0,5,0
360670046003032,36,36,23,6,0,3,0,1,3,36,33,3,36,22,0,0,0,0,0,2,0,1,2,3,0,0,0,0,0,9,0,5,0,0,0,0,0,14,0,0,0,0,3,0,0,0,4,0,1,0,0,4,0,1,0,0,0,1,0,0,0
360670046003033,37,37,21,12,0,2,0,0,2,37,37,0,37,11,0,0,0,0,1,0,0,2,1,5,0,0,0,1,1,0,0,0,0,0,0,0,0,26,1,1,0,1,0,0,0,5,1,0,0,1,8,2,0,0,0,2,0,0,0,0,4
360670046003034,28,28,25,0,0,0,0,1,2,28,25,3,28,7,0,0,0,0,0,0,0,0,0,0,0,0,0,0,1,0,0,0,1,3,0,2,0,21,1,0,0,0,0,1,0,0,0,0,0,1,7,0,1,1,0,0,3,3,1,2,0
360670046003035,0,0,0,0,0,0,0,0,0,0,0,0,0,0,0,0,0,0,0,0,0,0,0,0,0,0,0,0,0,0,0,0,0,0,0,0,0,0,0,0,0,0,0,0,0,0,0,0,0,0,0,0,0,0,0,0,0,0,0,0,0
360670046004000,85,85,44,25,0,9,0,0,7,85,81,4,85,51,0,1,2,3,0,0,0,0,6,2,4,4,3,12,5,0,1,0,1,6,0,1,0,34,0,2,0,0,1,1,1,0,1,6,3,0,0,1,5,0,0,4,0,3,6,0,0
360670046004001,35,35,14,11,0,3,0,0,7,35,30,5,35,20,0,1,0,0,0,1,1,0,1,0,3,1,3,1,1,1,0,1,1,1,3,0,0,15,0,1,0,2,0,0,0,0,1,1,0,0,1,0,2,0,0,1,0,6,0,0,0
360670046004002,32,32,25,0,0,1,0,5,1,32,27,5,32,11,0,0,0,0,0,0,0,0,0,0,1,0,0,0,0,1,0,5,0,3,0,1,0,21,0,0,0,0,0,3,0,0,0,2,5,0,1,2,5,0,0,2,0,0,1,0,0
360670046004003,59,59,46,6,0,0,0,0,7,59,57,2,59,36,6,3,2,1,0,5,0,0,0,2,0,1,1,0,2,0,0,0,8,5,0,0,0,23,2,3,0,0,1,0,0,0,1,0,0,7,0,0,0,0,0,0,0,5,4,0,0
360670046004004,0,0,0,0,0,0,0,0,0,0,0,0,0,0,0,0,0,0,0,0,0,0,0,0,0,0,0,0,0,0,0,0,0,0,0,0,0,0,0,0,0,0,0,0,0,0,0,0,0,0,0,0,0,0,0,0,0,0,0,0,0
360670046004005,83,83,55,22,0,2,0,0,4,83,81,2,83,51,0,2,0,0,0,0,1,2,2,12,3,2,0,0,2,5,1,0,8,3,1,5,2,32,0,0,0,0,0,0,1,0,1,15,4,0,0,3,6,0,1,0,0,0,1,0,0
360670046004006,181,181,77,86,0,4,0,0,14,181,170,11,181,77,2,9,9,1,0,0,0,4,5,2,15,9,6,8,0,1,4,1,1,0,0,0,0,104,2,10,10,4,0,2,0,3,12,7,5,3,15,8,2,4,1,1,10,3,0,0,2
360670046004007,50,50,38,1,0,1,0,0,10,50,48,2,50,20,1,0,6,1,0,0,0,1,3,6,0,0,0,0,0,1,0,0,0,0,0,0,1,30,2,0,0,0,0,0,0,0,0,0,1,7,2,1,5,0,11,0,1,0,0,0,0
360670046004008,36,36,30,4,0,0,0,0,2,36,36,0,36,8,0,2,1,0,0,0,0,1,1,0,0,0,0,0,0,1,1,0,0,0,0,0,1,28,1,0,0,1,0,1,1,0,6,1,5,2,1,0,1,0,2,0,0,0,6,0,0
360670046004009,38,38,31,6,0,0,0,0,1,38,38,0,38,12,0,4,0,0,0,0,0,0,6,0,2,0,0,0,0,0,0,0,0,0,0,0,0,26,2,3,0,0,0,0,0,0,6,0,0,0,0,0,0,0,6,0,4,3,0,1,1
360670046004010,48,48,44,3,0,0,0,0,1,48,47,1,48,27,3,0,0,2,0,1,1,1,0,0,0,12,2,0,5,0,0,0,0,0,0,0,0,21,6,1,1,1,0,0,0,0,0,0,0,3,7,0,0,0,0,1,0,0,0,1,0
360670046004011,66,66,59,1,0,0,0,0,6,66,62,4,66,19,1,7,2,0,0,0,0,0,0,1,4,0,0,2,0,0,0,0,0,0,1,1,0,47,1,6,1,0,0,2,0,1,3,0,10,0,4,0,4,2,0,2,5,5,0,0,1
360670046004012,44,44,41,0,0,1,0,2,0,44,44,0,44,39,0,1,1,0,0,0,5,1,13,1,2,0,0,0,0,1,0,0,8,6,0,0,0,5,0,0,0,0,0,0,0,0,4,0,0,0,0,0,1,0,0,0,0,0,0,0,0
360670046004013,0,0,0,0,0,0,0,0,0,0,0,0,0,0,0,0,0,0,0,0,0,0,0,0,0,0,0,0,0,0,0,0,0,0,0,0,0,0,0,0,0,0,0,0,0,0,0,0,0,0,0,0,0,0,0,0,0,0,0,0,0
360670046004014,37,37,19,11,0,0,0,3,4,37,34,3,37,19,0,0,1,2,0,1,0,0,7,5,0,2,0,0,0,0,0,0,0,0,1,0,0,18,0,0,0,0,0,0,0,0,0,8,0,0,0,0,0,0,0,0,10,0,0,0,0
360670046004015,70,70,62,2,0,2,0,0,4,70,69,1,70,27,6,2,0,0,0,0,0,2,2,1,2,0,1,1,8,0,2,0,0,0,0,0,0,43,0,0,6,2,0,0,2,9,1,2,3,2,2,1,0,7,0,0,0,4,0,0,2
360670046004016,73,73,68,2,0,0,0,0,3,73,70,3,73,41,0,1,2,2,0,0,0,0,1,0,10,1,5,1,2,0,3,0,0,0,11,1,1,32,6,1,0,0,0,0,0,0,1,3,0,7,0,0,0,1,4,2,0,0,6,1,0
360670046005000,186,186,110,58,0,7,0,2,9,186,183,3,186,100,2,4,3,3,1,1,2,1,11,7,3,7,4,7,8,3,2,0,10,3,10,3,5,86,2,1,8,1,0,0,1,2,0,4,3,4,0,9,10,5,6,4,4,4,6,5,7
360670046005001,403,403,228,122,1,12,0,8,32,403,386,17,403,204,23,10,21,13,3,2,5,6,10,5,11,7,4,15,9,2,12,7,4,16,3,3,13,199,11,6,4,11,1,2,2,5,16,12,8,6,2,13,10,5,6,3,11,22,12,21,10
360670046005002,0,0,0,0,0,0,0,0,0,0,0,0,0,0,0,0,0,0,0,0,0,0,0,0,0,0,0,0,0,0,0,0,0,0,0,0,0,0,0,0,0,0,0,0,0,0,0,0,0,0,0,0,0,0,0,0,0,0,0,0,0
360670046005003,78,78,56,14,0,4,0,0,4,78,76,2,78,40,7,4,2,0,1,0,0,4,0,5,1,4,2,2,0,3,0,0,2,0,3,0,0,38,5,1,2,1,1,3,0,3,0,8,1,0,5,2,1,1,2,1,0,0,0,0,1
360670046005004,40,40,23,13,0,3,0,0,1,40,39,1,40,21,0,0,0,0,0,1,0,1,0,1,9,0,0,1,4,1,2,0,0,0,1,0,0,19,2,0,0,0,0,0,0,0,0,0,5,1,3,0,4,0,0,0,0,1,1,1,1
360670046005005,41,41,23,15,0,0,0,0,3,41,39,2,41,16,0,0,0,0,1,0,0,0,2,0,1,0,2,1,3,0,0,0,0,1,1,0,4,25,0,0,2,0,1,0,0,2,0,0,1,4,0,0,0,0,0,0,4,8,2,1,0
360670046005006,25,25,18,2,0,0,0,1,4,25,21,4,25,14,0,3,2,0,0,0,0,0,0,0,2,0,1,0,0,0,0,0,1,0,1,3,1,11,0,0,1,0,1,0,0,0,0,0,0,1,0,0,5,0,0,0,0,0,0,0,3
360670046005007,0,0,0,0,0,0,0,0,0,0,0,0,0,0,0,0,0,0,0,0,0,0,0,0,0,0,0,0,0,0,0,0,0,0,0,0,0,0,0,0,0,0,0,0,0,0,0,0,0,0,0,0,0,0,0,0,0,0,0,0,0
360670046005008,0,0,0,0,0,0,0,0,0,0,0,0,0,0,0,0,0,0,0,0,0,0,0,0,0,0,0,0,0,0,0,0,0,0,0,0,0,0,0,0,0,0,0,0,0,0,0,0,0,0,0,0,0,0,0,0,0,0,0,0,0
360670048001000,16,16,9,2,0,0,0,2,3,16,14,2,16,10,0,2,1,3,0,0,0,0,3,1,0,0,0,0,0,0,0,0,0,0,0,0,0,6,3,0,0,0,0,1,0,0,1,0,0,0,0,0,0,0,0,0,1,0,0,0,0
360670048001001,22,22,19,0,1,0,1,1,0,22,21,1,22,19,1,1,0,3,0,1,0,1,0,0,0,7,0,0,0,0,0,0,0,0,5,0,0,3,0,0,0,0,0,0,0,0,0,1,1,0,1,0,0,0,0,0,0,0,0,0,0
360670048001002,13,13,12,0,0,0,0,0,1,13,13,0,13,12,0,4,0,0,0,0,0,0,0,2,0,0,0,0,4,0,0,1,0,0,0,0,1,1,0,0,0,0,0,0,0,0,0,0,0,0,0,0,0,1,0,0,0,0,0,0,0
360670048001003,42,42,22,13,2,0,0,0,5,42,38,4,42,12,1,0,0,0,0,0,0,3,0,4,0,0,0,2,0,2,0,0,0,0,0,0,0,30,2,4,1,4,0,0,0,0,2,1,1,2,0,1,5,0,5,0,1,0,1,0,0
360670048001004,31,31,25,3,2,0,0,0,1,31,30,1,31,16,0,2,2,1,0,0,0,0,3,0,0,0,0,8,0,0,0,0,0,0,0,0,0,15,0,0,0,0,0,0,0,0,0,0,1,2,0,0,0,0,0,0,0,4,6,2,0
360670048001005,86,86,63,17,0,0,0,4,2,86,82,4,86,27,0,0,0,0,0,0,0,0,0,0,1,8,0,0,6,0,4,0,5,1,1,1,0,59,0,2,3,3,2,0,1,0,0,13,10,5,4,1,0,2,1,3,1,5,2,0,1
360670048001006,111,111,91,13,0,0,0,0,7,111,108,3,111,43,0,4,1,0,0,0,1,2,4,0,8,0,9,0,0,0,3,0,0,8,0,3,0,68,3,2,5,0,2,2,2,1,10,7,0,5,3,7,6,1,6,0,1,0,0,2,3
360670048001007,21,21,14,4,0,0,0,0,3,21,19,2,21,8,0,1,0,0,0,0,0,0,0,0,0,1,0,0,0,0,3,3,0,0,0,0,0,13,1,0,0,0,2,0,0,1,1,0,0,0,0,0,3,0,3,0,2,0,0,0,0
360670048001008,26,26,10,4,0,1,0,0,11,26,22,4,26,16,4,1,2,0,0,0,0,0,0,0,4,3,0,1,1,0,0,0,0,0,0,0,0,10,0,1,1,0,0,0,0,0,1,0,1,1,0,0,0,0,5,0,0,0,0,0,0
360670048001009,40,40,28,9,0,0,0,0,3,40,37,3,40,26,0,1,1,0,0,0,0,0,4,5,2,2,0,9,1,0,1,0,0,0,0,0,0,14,0,0,3,2,0,0,0,0,2,0,1,0,0,0,1,0,4,0,0,0,1,0,0
360670048001010,38,38,34,2,1,0,0,0,1,38,37,1,38,15,0,0,0,0,0,0,0,1,0,1,1,2,0,2,0,0,3,3,0,1,1,0,0,23,0,0,1,0,0,0,3,0,5,1,1,0,2,4,2,0,0,0,2,0,2,0,0
360670048001011,45,45,37,3,0,2,0,0,3,45,45,0,45,26,1,1,0,0,0,0,1,1,0,0,13,0,0,0,6,0,3,0,0,0,0,0,0,19,1,2,1,0,0,0,0,0,3,1,0,0,0,1,0,5,0,0,0,0,5,0,0
360670048001012,49,49,40,0,0,0,0,3,6,49,47,2,49,23,0,0,2,0,0,2,0,0,5,5,0,0,0,1,0,1,0,2,1,1,2,0,1,26,2,0,0,0,1,0,0,0,2,0,0,2,0,8,0,0,0,0,0,10,0,1,0
360670048001013,37,37,31,3,1,0,0,0,2,37,32,5,37,15,0,1,1,0,0,1,0,0,1,7,1,0,0,0,1,0,0,2,0,0,0,0,0,22,2,0,0,0,0,1,0,1,1,1,5,0,7,2,0,0,0,1,0,1,0,0,0
360670048001014,61,61,59,0,0,0,0,1,1,61,59,2,61,27,0,0,0,0,0,0,0,2,0,7,0,2,2,5,2,4,0,0,0,0,3,0,0,34,2,2,0,0,0,0,0,0,3,2,1,6,8,5,1,0,0,0,3,0,0,0,1
360670048002000,0,0,0,0,0,0,0,0,0,0,0,0,0,0,0,0,0,0,0,0,0,0,0,0,0,0,0,0,0,0,0,0,0,0,0,0,0,0,0,0,0,0,0,0,0,0,0,0,0,0,0,0,0,0,0,0,0,0,0,0,0
360670048002001,114,114,83,20,0,3,0,1,7,114,106,8,114,39,0,1,1,1,0,0,5,2,0,6,2,0,1,7,1,1,0,0,3,8,0,0,0,75,0,2,0,2,4,0,0,3,0,4,2,0,10,1,3,1,4,13,7,1,6,7,5
360670048002002,21,21,20,0,0,0,0,0,1,21,21,0,21,0,0,0,0,0,0,0,0,0,0,0,0,0,0,0,0,0,0,0,0,0,0,0,0,21,0,0,1,0,0,0,0,1,0,10,1,0,1,3,0,1,1,0,0,0,2,0,0
360670048002003,64,64,57,5,0,0,0,0,2,64,63,1,64,28,2,1,4,0,0,0,0,1,0,3,0,0,0,0,2,11,2,0,1,0,0,1,0,36,1,1,0,4,0,0,3,1,1,0,0,0,0,10,0,2,0,0,0,13,0,0,0
360670048002004,68,68,41,15,0,1,0,6,5,68,58,10,68,28,1,3,4,4,0,0,0,0,1,0,4,0,2,0,8,0,0,0,1,0,0,0,0,40,3,2,3,2,3,0,0,0,0,6,0,5,1,0,0,0,3,0,5,4,2,0,1
360670048002005,16,16,14,2,0,0,0,0,0,16,16,0,16,3,0,0,0,0,0,0,0,0,0,0,0,0,0,1,0,0,0,1,0,0,0,1,0,13,1,0,0,2,0,0,0,0,0,0,0,0,2,0,6,0,0,0,2,0,0,0,0
360670048002006,21,21,18,1,0,0,0,0,2,21,20,1,21,6,1,0,0,0,0,0,0,0,0,0,0,0,0,4,0,0,0,0,0,1,0,0,0,15,4,0,0,0,0,0,0,0,0,0,0,0,0,0,0,0,0,2,1,7,0,1,0
360670048002007,37,37,28,4,1,0,0,0,4,37,37,0,37,22,0,0,0,0,0,0,0,0,6,0,4,0,1,0,0,0,0,2,0,1,2,5,1,15,0,2,0,1,0,0,2,1,0,1,0,0,1,1,0,1,0,1,3,1,0,0,0
360670048002008,32,32,30,0,0,0,0,0,2,32,32,0,32,22,0,0,0,0,3,3,1,1,0,1,0,2,0,0,5,6,0,0,0,0,0,0,0,10,0,0,0,0,0,0,1,0,0,0,1,0,0,0,5,0,0,0,0,3,0,0,0
360670048002009,62,62,54,0,2,0,0,4,2,62,62,0,62,35,1,0,0,1,0,0,0,0,2,0,6,5,1,1,6,0,12,0,0,0,0,0,0,27,0,0,5,0,6,0,0,0,1,0,1,0,0,0,0,0,0,0,0,3,7,2,2
360670048002010,54,54,51,2,0,0,0,1,0,54,54,0,54,32,3,0,0,2,0,0,0,0,0,2,0,0,0,0,7,0,1,0,5,1,8,0,3,22,0,0,0,2,0,0,0,0,0,0,3,1,1,0,4,0,5,0,3,0,2,1,0
360670048002011,72,72,70,0,0,0,0,2,0,72,72,0,72,41,0,0,2,1,0,0,0,1,5,0,0,0,22,9,1,0,0,0,0,0,0,0,0,31,1,0,7,0,0,0,0,2,0,0,5,0,0,0,3,3,1,0,0,4,0,0,5
360670048002012,51,51,49,2,0,0,0,0,0,51,51,0,51,28,0,1,0,8,0,0,1,0,0,4,3,0,0,0,0,0,0,2,0,8,1,0,0,23,0,0,0,1,0,0,0,0,3,0,0,2,0,4,1,1,0,0,3,2,1,5,0
360670048002013,44,44,44,0,0,0,0,0,0,44,44,0,44,10,0,0,0,0,0,0,0,0,0,0,0,0,0,0,0,0,0,0,10,0,0,0,0,34,2,0,3,4,0,0,0,0,0,1,0,9,0,0,6,8,0,0,0,1,0,0,0
360670048002014,17,17,16,0,0,1,0,0,0,17,17,0,17,5,0,0,0,0,0,0,0,0,0,0,0,0,0,0,0,0,0,0,0,4,0,0,1,12,0,0,0,0,0,0,0,0,1,0,0,0,0,4,0,0,0,2,0,5,0,0,0
360670048002015,27,27,27,0,0,0,0,0,0,27,27,0,27,11,2,1,3,0,0,0,0,3,0,2,0,0,0,0,0,0,0,0,0,0,0,0,0,16,2,1,2,0,0,0,0,0,0,0,0,0,4,0,0,0,0,0,1,0,0,0,6
360670048002016,13,13,12,0,0,0,0,0,1,13,13,0,13,9,2,0,0,0,0,0,0,0,0,0,0,0,0,0,1,0,0,3,0,0,0,3,0,4,0,0,1,0,0,0,0,0,0,0,0,0,1,0,2,0,0,0,0,0,0,0,0
360670049001000,49,49,13,18,0,14,0,1,3,49,46,3,49,31,0,1,2,1,4,4,1,3,1,2,2,4,3,0,0,0,3,0,0,0,0,0,0,18,1,0,1,5,0,0,0,1,0,0,0,0,7,1,0,0,0,0,0,0,1,0,1
360670049001001,25,25,8,8,0,1,0,2,6,25,20,5,25,17,0,1,2,4,0,0,0,0,0,0,0,1,0,4,0,0,0,3,0,2,0,0,0,8,2,1,1,0,0,0,0,1,0,0,2,1,0,0,0,0,0,0,0,0,0,0,0
360670049001002,45,45,15,9,5,2,0,2,12,45,36,9,45,16,0,1,0,1,0,0,0,0,4,1,0,2,0,0,4,0,0,0,2,0,1,0,0,29,0,0,2,1,0,0,0,1,7,1,0,3,1,2,1,0,2,0,5,3,0,0,0
360670049001003,23,23,16,1,0,0,0,2,4,23,20,3,23,6,0,0,0,2,0,0,0,0,2,0,0,2,0,0,0,0,0,0,0,0,0,0,0,17,3,3,0,1,0,0,0,0,0,1,1,8,0,0,0,0,0,0,0,0,0,0,0
360670049001004,34,34,8,10,3,0,0,7,6,34,22,12,34,9,1,0,0,0,1,0,0,1,3,1,0,2,0,0,0,0,0,0,0,0,0,0,0,25,2,8,5,1,0,0,1,5,1,0,1,0,0,0,0,0,0,1,0,0,0,0,0
360670049001005,36,36,1,22,0,2,0,4,7,36,28,8,36,16,1,4,1,0,0,0,0,0,5,3,0,1,0,0,0,0,0,0,0,1,0,0,0,20,0,1,5,1,2,0,4,0,1,0,6,0,0,0,0,0,0,0,0,0,0,0,0
360670049001006,26,26,8,11,0,0,0,0,7,26,19,7,26,5,0,0,2,0,0,0,0,0,0,0,1,1,0,0,0,0,1,0,0,0,0,0,0,21,3,1,1,1,1,1,3,1,1,0,2,0,1,2,0,2,0,0,1,0,0,0,0
360670049001007,117,117,60,34,0,0,0,14,9,117,97,20,117,32,0,2,5,2,0,0,0,1,5,1,5,0,2,1,1,0,3,2,0,0,2,0,0,85,7,7,6,8,7,1,0,1,10,3,6,1,2,1,14,0,1,7,0,0,3,0,0
360670049001008,96,96,46,29,0,0,0,6,15,96,78,18,96,53,3,3,6,0,0,2,3,2,2,7,5,2,0,6,3,1,2,0,0,2,4,0,0,43,9,2,3,5,0,1,0,0,0,12,0,0,5,0,0,1,2,0,0,1,1,0,1
360670049001009,97,97,44,34,0,1,0,2,16,97,80,17,97,49,11,1,7,1,2,3,0,1,4,1,1,5,0,0,6,0,0,0,2,1,0,0,3,48,3,1,0,0,2,0,0,0,3,14,0,3,4,1,6,2,0,3,2,3,0,0,1
360670049001010,21,21,13,8,0,0,0,0,0,21,16,5,21,18,0,5,2,0,0,0,0,0,5,0,6,0,0,0,0,0,0,0,0,0,0,0,0,3,1,2,0,0,0,0,0,0,0,0,0,0,0,0,0,0,0,0,0,0,0,0,0
360670049001011,25,25,7,4,0,0,0,1,13,25,21,4,25,17,1,0,0,2,0,0,0,1,2,1,1,1,0,0,4,0,0,1,2,1,0,0,0,8,0,0,1,2,0,0,0,0,2,1,0,1,0,0,0,0,0,1,0,0,0,0,0
360670049001012,55,55,23,21,0,0,0,7,4,55,47,8,55,10,0,1,0,0,0,0,0,0,0,2,0,0,5,2,0,0,0,0,0,0,0,0,0,45,4,4,0,0,6,1,0,3,2,5,7,9,2,0,1,0,0,0,1,0,0,0,0
360670049001013,94,94,43,37,4,0,0,4,6,94,81,13,94,50,9,3,4,5,1,1,0,0,1,6,0,1,4,0,4,1,0,6,4,0,0,0,0,44,3,1,5,2,2,1,4,2,8,1,0,1,0,6,2,4,2,0,0,0,0,0,0
360670049001014,77,77,17,40,1,3,0,9,7,77,58,19,77,35,9,2,5,0,1,0,0,0,0,7,0,3,2,0,0,0,0,2,3,1,0,0,0,42,7,4,3,2,1,0,0,1,6,2,2,0,2,0,5,1,1,0,3,2,0,0,0
360670049001015,44,44,18,21,0,0,0,2,3,44,38,6,44,29,3,9,2,4,0,4,3,3,0,1,0,0,0,0,0,0,0,0,0,0,0,0,0,15,1,2,2,1,0,0,0,0,8,1,0,0,0,0,0,0,0,0,0,0,0,0,0
360670049001016,90,90,50,17,1,0,0,3,19,90,81,9,90,36,3,0,9,6,5,0,0,2,0,1,6,1,0,0,0,2,0,0,0,0,0,0,1,54,1,2,5,5,1,0,2,1,3,0,9,10,2,7,0,0,3,0,1,0,0,1,1
360670049002000,125,125,94,11,7,0,0,3,10,125,116,9,125,66,1,4,3,3,0,0,0,0,0,11,0,4,3,0,11,4,3,5,6,1,4,0,3,59,1,3,9,3,0,0,0,0,3,2,2,4,3,10,0,3,3,0,5,3,1,0,4
360670049002001,39,39,25,2,0,4,0,1,7,39,36,3,39,19,3,1,0,0,0,0,0,0,0,1,7,0,0,0,0,0,0,0,0,7,0,0,0,20,3,3,2,0,1,1,1,0,0,0,0,0,3,0,0,1,0,1,3,0,0,0,1
360670049002002,82,82,47,23,0,0,0,3,9,82,77,5,82,45,2,1,3,4,0,0,1,1,2,4,8,9,1,7,0,0,2,0,0,0,0,0,0,37,0,7,1,1,0,0,4,0,2,0,2,0,7,0,5,0,1,0,2,4,0,0,1
360670049002003,82,82,63,1,0,2,0,0,16,82,66,16,82,42,5,3,6,0,2,0,0,0,6,0,1,0,0,4,2,1,2,0,0,9,0,0,1,40,0,1,1,0,0,0,0,0,3,10,1,3,7,3,1,1,1,2,0,6,0,0,0
360670049002004,23,23,16,5,0,0,0,0,2,23,22,1,23,10,0,1,0,0,0,0,1,0,2,2,1,0,1,1,0,1,0,0,0,0,0,0,0,13,0,0,0,3,0,0,0,1,0,3,1,1,0,0,0,4,0,0,0,0,0,0,0
360670049002005,69,69,56,1,0,1,0,0,11,69,65,4,69,26,2,1,0,3,0,0,0,0,0,6,0,4,0,1,0,0,5,0,0,3,0,0,1,43,0,0,0,0,2,0,0,0,1,8,4,7,3,5,1,0,2,0,1,7,0,1,1
360670049002006,54,54,50,1,0,0,0,1,2,54,50,4,54,20,5,3,2,0,0,0,0,0,2,2,0,2,0,0,2,1,0,0,0,0,1,0,0,34,0,0,0,0,0,0,0,1,0,5,10,0,1,0,5,0,5,4,3,0,0,0,0
360670049002007,59,59,43,5,0,2,0,0,9,59,58,1,59,21,4,0,0,3,0,0,0,0,0,1,3,0,2,5,3,0,0,0,0,0,0,0,0,38,3,2,5,7,0,0,0,0,3,0,0,0,0,0,9,0,0,2,0,4,2,0,1
360670049002008,53,53,40,7,0,0,2,2,2,53,53,0,53,27,1,1,2,2,0,0,0,0,1,1,1,2,0,0,1,4,4,0,2,5,0,0,0,26,2,0,0,6,1,0,0,0,0,0,0,0,1,2,2,3,0,0,3,1,2,0,3
360670049002009,0,0,0,0,0,0,0,0,0,0,0,0,0,0,0,0,0,0,0,0,0,0,0,0,0,0,0,0,0,0,0,0,0,0,0,0,0,0,0,0,0,0,0,0,0,0,0,0,0,0,0,0,0,0,0,0,0,0,0,0,0
360670049002010,9,9,3,4,0,0,0,0,2,9,8,1,9,7,0,0,0,0,0,0,1,0,5,0,1,0,0,0,0,0,0,0,0,0,0,0,0,2,0,0,0,0,0,0,0,1,0,0,1,0,0,0,0,0,0,0,0,0,0,0,0
360670049002011,5,5,1,0,0,0,0,0,4,5,2,3,5,1,0,0,0,1,0,0,0,0,0,0,0,0,0,0,0,0,0,0,0,0,0,0,0,4,0,0,2,0,0,0,0,0,0,0,1,0,0,0,0,1,0,0,0,0,0,0,0
360670050001000,99,99,56,26,3,4,0,6,4,99,93,6,99,25,0,0,2,0,2,3,1,3,0,5,2,0,0,1,4,1,0,0,0,1,0,0,0,74,4,5,4,1,1,0,0,1,9,3,5,0,0,4,6,0,2,0,1,9,11,3,5
360670050001001,46,46,28,11,0,0,0,4,3,46,43,3,46,24,1,1,3,0,2,0,0,0,0,0,0,5,0,0,2,0,0,0,3,7,0,0,0,22,6,0,1,2,0,0,0,2,0,0,0,0,0,0,4,0,4,2,0,0,0,0,1
360670050001002,29,29,12,3,0,3,0,0,11,29,23,6,29,11,2,4,3,0,0,0,0,0,0,0,1,0,0,0,1,0,0,0,0,0,0,0,0,18,0,0,2,2,0,0,0,1,2,1,4,1,5,0,0,0,0,0,0,0,0,0,0
360670050001003,0,0,0,0,0,0,0,0,0,0,0,0,0,0,0,0,0,0,0,0,0,0,0,0,0,0,0,0,0,0,0,0,0,0,0,0,0,0,0,0,0,0,0,0,0,0,0,0,0,0,0,0,0,0,0,0,0,0,0,0,0
360670050001004,118,118,36,69,0,3,0,0,10,118,115,3,118,50,2,4,18,0,0,0,1,4,2,0,5,5,0,0,0,0,6,0,1,0,0,0,2,68,0,5,5,4,4,0,0,1,0,6,1,7,11,0,17,2,1,0,0,0,1,3,0
360670050001005,1,1,0,0,0,0,0,0,1,1,1,0,1,1,0,0,0,0,0,0,0,0,0,1,0,0,0,0,0,0,0,0,0,0,0,0,0,0,0,0,0,0,0,0,0,0,0,0,0,0,0,0,0,0,0,0,0,0,0,0,0
360670050001006,41,41,11,18,0,1,0,0,11,41,35,6,41,33,4,2,1,8,0,0,1,1,0,12,1,1,0,0,1,0,0,0,1,0,0,0,0,8,5,0,0,0,0,0,1,0,0,2,0,0,0,0,0,0,0,0,0,0,0,0,0
360670050001007,32,32,4,13,2,0,0,9,4,32,26,6,32,5,0,0,0,0,0,0,0,1,0,0,1,0,0,0,0,3,0,0,0,0,0,0,0,27,6,2,1,1,0,0,4,1,0,8,0,3,1,0,0,0,0,0,0,0,0,0,0
360670050001008,42,42,8,29,0,0,0,0,5,42,39,3,42,20,0,0,0,0,0,0,0,0,0,0,5,7,2,3,0,0,0,0,0,0,3,0,0,22,1,4,0,6,0,0,0,0,0,0,1,0,4,1,0,0,0,0,2,0,0,3,0
360670050001009,21,21,1,13,2,0,0,0,5,21,18,3,21,11,5,0,1,0,0,0,2,0,0,0,1,0,0,0,0,0,1,0,0,0,1,0,0,10,0,0,2,0,0,0,0,1,1,2,0,1,1,2,0,0,0,0,0,0,0,0,0
360670050001010,0,0,0,0,0,0,0,0,0,0,0,0,0,0,0,0,0,0,0,0,0,0,0,0,0,0,0,0,0,0,0,0,0,0,0,0,0,0,0,0,0,0,0,0,0,0,0,0,0,0,0,0,0,0,0,0,0,0,0,0,0
360670050001011,16,16,6,0,1,0,0,3,6,16,10,6,16,6,0,0,0,0,0,0,0,2,0,1,0,0,0,1,0,0,0,0,0,0,0,2,0,10,0,3,0,2,0,0,0,1,0,0,0,1,0,0,0,0,0,2,0,1,0,0,0
360670050001012,82,82,22,50,0,0,0,1,9,82,77,5,82,46,3,1,0,5,0,1,0,1,2,4,2,4,0,7,9,0,0,1,2,4,0,0,0,36,1,9,7,2,0,0,0,0,0,2,0,0,0,5,0,0,6,4,0,0,0,0,0
360670050001013,89,89,50,14,0,3,0,12,10,89,65,24,89,34,1,0,0,1,0,0,0,0,10,5,0,1,10,0,5,0,1,0,0,0,0,0,0,55,2,6,4,0,4,0,0,2,1,5,7,6,3,7,4,1,0,2,0,1,0,0,0
360670050001014,65,65,39,18,0,0,0,0,8,65,56,9,65,26,0,1,0,0,0,1,0,2,5,4,8,1,1,2,0,0,0,1,0,0,0,0,0,39,2,1,2,0,1,2,4,5,6,4,1,5,0,0,1,1,0,0,0,4,0,0,0
360670050001015,56,56,31,15,2,0,0,1,7,56,50,6,56,28,0,2,1,0,0,0,0,0,1,0,3,0,8,3,0,1,7,0,1,1,0,0,0,28,0,0,0,0,0,0,0,0,2,0,3,3,1,1,3,9,1,0,1,1,0,0,3
360670050001016,5,5,5,0,0,0,0,0,0,5,5,0,5,4,0,0,0,0,0,2,0,0,0,0,0,0,2,0,0,0,0,0,0,0,0,0,0,1,0,0,0,0,0,0,1,0,0,0,0,0,0,0,0,0,0,0,0,0,0,0,0
360670050001017,101,101,42,24,0,1,0,21,13,101,72,29,101,58,2,11,10,3,0,0,0,1,1,14,0,8,0,3,2,1,0,0,0,0,2,0,0,43,2,4,2,0,0,0,0,1,2,8,7,3,1,1,0,2,0,3,0,7,0,0,0
360670050001018,80,80,46,13,0,0,0,3,18,80,68,12,80,35,0,1,1,3,0,1,1,2,4,1,0,2,0,0,4,0,6,0,8,1,0,0,0,45,6,2,4,2,1,3,3,0,0,2,8,0,4,1,1,1,0,0,3,4,0,0,0
360670050001019,54,54,49,3,0,0,0,0,2,54,51,3,54,43,1,6,4,0,0,0,0,6,0,0,2,0,1,0,3,4,0,0,0,5,6,0,5,11,0,0,0,0,0,0,0,0,4,1,1,1,0,0,0,0,0,0,3,0,0,1,0
360670050001020,82,82,63,12,0,0,0,3,4,82,77,5,82,42,5,0,2,4,0,0,0,0,3,1,9,0,0,8,1,5,0,1,0,0,1,2,0,40,1,2,0,2,0,1,0,3,10,3,3,1,0,0,0,0,0,5,2,3,3,0,1
360670050001021,0,0,0,0,0,0,0,0,0,0,0,0,0,0,0,0,0,0,0,0,0,0,0,0,0,0,0,0,0,0,0,0,0,0,0,0,0,0,0,0,0,0,0,0,0,0,0,0,0,0,0,0,0,0,0,0,0,0,0,0,0
360670050001022,0,0,0,0,0,0,0,0,0,0,0,0,0,0,0,0,0,0,0,0,0,0,0,0,0,0,0,0,0,0,0,0,0,0,0,0,0,0,0,0,0,0,0,0,0,0,0,0,0,0,0,0,0,0,0,0,0,0,0,0,0
360670050001023,0,0,0,0,0,0,0,0,0,0,0,0,0,0,0,0,0,0,0,0,0,0,0,0,0,0,0,0,0,0,0,0,0,0,0,0,0,0,0,0,0,0,0,0,0,0,0,0,0,0,0,0,0,0,0,0,0,0,0,0,0
360670050001024,0,0,0,0,0,0,0,0,0,0,0,0,0,0,0,0,0,0,0,0,0,0,0,0,0,0,0,0,0,0,0,0,0,0,0,0,0,0,0,0,0,0,0,0,0,0,0,0,0,0,0,0,0,0,0,0,0,0,0,0,0
360670050001025,26,26,16,7,0,0,0,0,3,26,26,0,26,19,0,2,1,1,0,0,0,0,8,2,0,0,1,0,0,3,1,0,0,0,0,0,0,7,1,0,2,0,0,0,0,0,0,0,1,0,0,0,0,0,2,1,0,0,0,0,0
360670050001026,66,66,37,29,0,0,0,0,0,66,64,2,66,24,0,0,3,3,3,0,0,2,1,0,0,0,0,5,0,0,2,1,0,3,1,0,0,42,5,5,0,0,0,0,0,0,9,0,9,1,1,7,0,3,1,0,1,0,0,0,0
360670050001027,69,69,56,10,0,0,0,0,3,69,65,4,69,40,3,2,1,0,0,0,0,4,7,7,0,1,2,1,7,0,1,0,0,0,1,0,3,29,0,0,1,0,1,0,0,2,2,2,0,0,3,4,4,0,0,3,5,0,0,1,1
360670050001028,44,44,26,16,0,0,0,0,2,44,43,1,44,24,0,0,2,0,0,0,0,3,4,1,3,4,0,2,4,0,0,0,1,0,0,0,0,20,5,0,0,0,0,0,1,4,1,0,6,2,1,0,0,0,0,0,0,0,0,0,0
360670050001029,35,35,25,2,0,0,0,1,7,35,33,2,35,24,0,4,2,4,0,0,0,0,1,1,2,1,0,1,3,0,0,3,0,0,1,0,1,11,0,0,0,0,0,0,2,1,0,0,5,2,0,0,0,0,1,0,0,0,0,0,0
360670050001030,38,38,19,10,1,0,0,4,4,38,30,8,38,11,0,3,2,0,0,0,0,0,0,0,1,0,2,3,0,0,0,0,0,0,0,0,0,27,3,0,2,0,0,0,0,1,1,2,1,8,0,0,0,0,2,1,2,3,1,0,0
360670050002000,121,121,113,4,0,0,0,0,4,121,117,4,121,47,0,1,0,0,3,0,4,3,8,5,0,0,1,8,0,0,11,1,0,2,0,0,0,74,11,5,5,1,5,5,0,5,1,1,0,0,1,5,0,2,0,0,10,11,3,3,0
360670050002001,103,103,82,18,0,1,0,1,1,103,99,4,103,52,3,1,0,9,0,0,0,0,4,8,0,2,0,5,0,0,6,6,0,6,0,0,2,51,3,8,1,7,0,0,0,0,3,1,0,0,0,0,2,1,5,13,2,1,0,1,3
360670050002002,70,70,45,13,0,0,0,2,10,70,64,6,70,29,1,1,3,1,1,0,1,3,0,0,0,2,3,3,3,3,3,0,0,0,1,0,0,41,0,0,2,1,1,4,0,4,3,8,9,1,1,0,0,0,0,0,1,2,4,0,0
360670050002003,93,93,74,9,0,2,0,2,6,93,90,3,93,38,2,2,1,1,0,0,0,1,3,2,0,0,4,0,1,0,0,4,12,5,0,0,0,55,0,8,3,0,0,0,0,0,3,0,13,11,0,0,0,5,2,0,0,10,0,0,0
360670050002004,93,93,69,17,0,5,0,1,1,93,92,1,93,46,4,0,0,0,3,0,0,0,11,0,4,3,2,6,0,2,0,0,7,3,1,0,0,47,0,2,9,0,0,0,3,5,0,0,0,0,10,1,12,0,0,5,0,0,0,0,0
360670050002005,47,47,39,0,0,2,0,1,5,47,44,3,47,21,0,0,5,0,0,0,0,0,0,0,0,0,2,2,1,0,4,0,2,5,0,0,0,26,4,0,0,0,0,0,1,0,0,5,0,0,0,10,0,2,0,0,0,1,0,2,1
360670050002006,53,53,43,0,0,1,0,0,9,53,42,11,53,33,1,1,3,0,0,1,0,1,0,1,6,0,5,8,4,0,0,0,0,2,0,0,0,20,7,0,0,0,0,0,0,0,0,1,4,0,3,0,0,0,0,2,3,0,0,0,0
360670050002007,52,52,38,11,0,0,0,0,3,52,47,5,52,37,5,5,1,1,0,0,1,0,0,4,6,1,1,0,1,0,1,0,0,0,1,7,2,15,0,2,0,0,0,0,0,1,1,1,3,5,0,0,0,0,1,0,1,0,0,0,0
360670050002008,57,57,47,0,0,1,0,7,2,57,48,9,57,27,9,0,3,1,1,0,1,1,1,0,3,0,0,1,0,0,0,0,4,2,0,0,0,30,1,0,2,0,0,0,0,0,0,0,5,0,6,0,2,5,4,0,5,0,0,0,0
360670050002009,56,56,31,19,0,0,0,2,4,56,50,6,56,34,6,1,2,1,3,0,0,1,0,1,1,0,3,0,1,0,4,7,2,0,0,1,0,22,0,1,0,0,0,0,0,0,0,14,0,1,0,3,0,0,3,0,0,0,0,0,0
360670050002010,60,60,29,25,0,3,0,2,1,60,59,1,60,27,0,8,1,0,2,0,0,0,1,4,0,1,0,0,0,0,3,0,0,3,0,3,1,33,0,1,2,3,2,0,0,0,4,7,0,0,2,0,2,0,0,1,4,0,0,5,0
360670050002011,48,48,30,12,0,0,0,0,6,48,43,5,48,18,3,0,0,3,0,0,0,1,0,3,1,1,4,1,0,0,0,0,1,0,0,0,0,30,1,0,1,2,0,0,0,1,15,2,1,0,0,0,0,1,1,0,2,1,2,0,0
360670050002012,61,61,34,24,0,0,0,0,3,61,55,6,61,37,2,6,7,0,0,0,0,0,0,4,11,0,2,0,0,0,0,0,0,2,3,0,0,24,0,3,5,0,0,0,0,0,0,0,0,0,2,9,0,0,0,0,3,0,2,0,0
360670050002013,46,46,32,1,0,2,0,5,6,46,39,7,46,14,0,4,0,1,0,0,0,0,4,0,0,0,1,0,0,0,0,2,0,2,0,0,0,32,2,0,0,1,0,0,0,1,1,2,0,1,3,7,4,0,10,0,0,0,0,0,0
360670050002014,64,64,46,8,0,0,0,0,10,64,64,0,64,24,10,1,4,1,1,0,0,0,1,2,4,0,0,0,0,0,0,0,0,0,0,0,0,40,3,2,2,0,0,0,1,1,0,1,0,2,12,0,7,0,8,0,0,0,1,0,0
360670050002015,48,48,32,13,1,0,0,2,0,48,46,2,48,18,0,0,1,1,0,0,0,0,0,0,7,0,0,0,0,0,0,0,0,9,0,0,0,30,0,0,3,2,0,2,0,3,0,0,0,11,1,0,0,0,8,0,0,0,0,0,0
360670050002016,68,68,61,1,0,0,0,0,6,68,63,5,68,46,0,3,5,4,0,0,1,9,3,1,0,6,0,0,10,0,0,3,0,1,0,0,0,22,0,0,3,3,0,0,0,0,0,0,0,2,0,0,0,0,0,1,0,9,3,0,1
360670050002017,49,49,42,1,0,0,0,0,6,49,46,3,49,26,2,0,1,0,0,0,0,0,1,0,1,6,0,0,0,10,0,0,0,5,0,0,0,23,6,0,0,4,1,0,0,0,0,0,1,0,2,0,0,0,0,0,3,0,4,0,2
360670050002018,61,61,52,3,0,0,0,1,5,61,56,5,61,31,1,2,2,11,0,0,0,0,0,2,0,8,0,4,0,1,0,0,0,0,0,0,0,30,0,0,2,1,0,0,0,0,0,2,9,0,1,1,14,0,0,0,0,0,0,0,0
360670050002019,30,30,28,0,0,1,0,0,1,30,30,0,30,18,3,0,1,0,1,0,1,0,1,2,0,0,2,0,0,1,0,0,1,1,1,1,2,12,0,0,0,0,0,0,0,0,0,0,2,0,3,3,2,0,0,0,1,1,0,0,0
360670050002020,0,0,0,0,0,0,0,0,0,0,0,0,0,0,0,0,0,0,0,0,0,0,0,0,0,0,0,0,0,0,0,0,0,0,0,0,0,0,0,0,0,0,0,0,0,0,0,0,0,0,0,0,0,0,0,0,0,0,0,0,0
360670051001000,48,48,12,27,0,0,0,2,7,48,41,7,48,20,0,2,2,2,0,3,3,3,4,0,0,0,0,0,0,0,1,0,0,0,0,0,0,28,3,0,2,0,2,0,0,0,6,1,6,1,0,0,0,0,2,0,0,0,0,5,0
360670051001001,0,0,0,0,0,0,0,0,0,0,0,0,0,0,0,0,0,0,0,0,0,0,0,0,0,0,0,0,0,0,0,0,0,0,0,0,0,0,0,0,0,0,0,0,0,0,0,0,0,0,0,0,0,0,0,0,0,0,0,0,0
360670051001002,0,0,0,0,0,0,0,0,0,0,0,0,0,0,0,0,0,0,0,0,0,0,0,0,0,0,0,0,0,0,0,0,0,0,0,0,0,0,0,0,0,0,0,0,0,0,0,0,0,0,0,0,0,0,0,0,0,0,0,0,0
360670051001003,292,292,44,180,0,0,0,45,23,292,208,84,292,119,19,10,15,2,1,4,2,9,8,5,5,4,5,9,5,5,5,0,4,1,1,0,0,173,17,14,5,12,12,3,3,2,5,19,11,22,1,9,12,7,5,4,3,5,2,0,0
360670051001004,66,66,19,32,3,0,0,6,6,66,53,13,66,33,12,7,0,1,3,0,0,1,3,1,2,0,0,0,1,0,1,0,0,0,0,0,1,33,1,0,1,0,0,0,1,1,8,6,3,1,2,4,3,0,0,0,0,2,0,0,0
360670051001005,72,72,7,53,0,1,0,6,5,72,68,4,72,33,3,4,1,1,1,0,0,4,0,0,1,2,2,0,3,2,5,2,0,0,1,1,0,39,1,4,3,3,0,0,0,0,1,1,2,2,5,0,6,0,0,0,5,1,1,4,0
360670051001006,61,61,10,41,2,0,0,1,7,61,53,8,61,30,0,6,1,0,0,0,0,0,0,2,1,1,0,0,11,2,1,0,1,1,2,0,1,31,6,0,2,0,1,0,1,0,3,0,0,0,7,2,0,5,1,0,2,0,0,0,1
360670051001007,147,147,8,129,4,0,0,0,6,147,136,11,147,67,1,2,3,0,3,1,1,1,1,11,12,12,10,0,3,0,0,0,3,1,2,0,0,80,12,9,11,1,0,0,5,12,1,4,1,0,1,8,8,0,3,2,1,0,0,1,0
360670051001008,0,0,0,0,0,0,0,0,0,0,0,0,0,0,0,0,0,0,0,0,0,0,0,0,0,0,0,0,0,0,0,0,0,0,0,0,0,0,0,0,0,0,0,0,0,0,0,0,0,0,0,0,0,0,0,0,0,0,0,0,0
360670051002000,0,0,0,0,0,0,0,0,0,0,0,0,0,0,0,0,0,0,0,0,0,0,0,0,0,0,0,0,0,0,0,0,0,0,0,0,0,0,0,0,0,0,0,0,0,0,0,0,0,0,0,0,0,0,0,0,0,0,0,0,0
360670051002001,0,0,0,0,0,0,0,0,0,0,0,0,0,0,0,0,0,0,0,0,0,0,0,0,0,0,0,0,0,0,0,0,0,0,0,0,0,0,0,0,0,0,0,0,0,0,0,0,0,0,0,0,0,0,0,0,0,0,0,0,0
360670051002002,97,97,2,71,6,0,0,10,8,97,83,14,97,37,5,2,6,5,0,0,0,0,0,0,8,2,2,1,0,0,0,1,1,4,0,0,0,60,0,6,2,0,0,1,0,0,3,1,1,15,2,1,12,1,0,0,4,6,4,1,0
360670051002003,87,87,17,64,0,0,0,0,6,87,78,9,87,39,2,3,0,1,1,1,0,0,6,4,4,0,0,8,3,1,3,1,0,1,0,0,0,48,2,3,5,2,0,0,0,3,3,4,2,1,1,0,1,1,2,8,4,0,0,3,3
360670051002004,55,55,2,37,1,0,0,0,15,55,45,10,55,35,6,0,0,5,3,6,4,5,0,2,1,2,0,0,0,0,1,0,0,0,0,0,0,20,1,1,0,8,0,0,0,0,1,1,1,0,0,6,0,0,1,0,0,0,0,0,0
360670051002005,79,79,2,62,1,0,0,2,12,79,64,15,79,33,4,2,1,3,0,0,0,0,5,1,4,8,2,0,3,0,0,0,0,0,0,0,0,46,5,6,6,0,0,0,0,0,0,5,7,5,4,3,0,1,2,0,0,2,0,0,0
360670051002006,0,0,0,0,0,0,0,0,0,0,0,0,0,0,0,0,0,0,0,0,0,0,0,0,0,0,0,0,0,0,0,0,0,0,0,0,0,0,0,0,0,0,0,0,0,0,0,0,0,0,0,0,0,0,0,0,0,0,0,0,0
360670051002007,0,0,0,0,0,0,0,0,0,0,0,0,0,0,0,0,0,0,0,0,0,0,0,0,0,0,0,0,0,0,0,0,0,0,0,0,0,0,0,0,0,0,0,0,0,0,0,0,0,0,0,0,0,0,0,0,0,0,0,0,0
360670051002008,69,69,11,56,0,0,0,1,1,69,56,13,69,28,0,2,2,9,0,0,1,1,0,0,0,0,6,4,1,0,1,0,1,0,0,0,0,41,2,0,0,0,0,3,1,4,11,2,12,0,4,1,1,0,0,0,0,0,0,0,0
360670051002009,74,74,6,59,6,0,0,2,1,74,73,1,74,36,3,4,7,1,0,0,0,0,1,1,0,0,0,0,3,0,3,0,8,1,4,0,0,38,2,0,8,4,3,0,0,0,0,2,0,0,0,0,9,6,4,0,0,0,0,0,0
360670051002010,7,7,2,4,0,0,0,1,0,7,6,1,7,4,1,1,0,0,0,0,0,0,0,0,0,0,0,2,0,0,0,0,0,0,0,0,0,3,1,0,0,2,0,0,0,0,0,0,0,0,0,0,0,0,0,0,0,0,0,0,0
360670051002011,35,35,15,13,0,0,0,0,7,35,29,6,35,15,1,2,1,0,5,0,0,0,0,0,3,0,0,1,0,0,0,1,0,0,0,0,1,20,1,0,3,1,0,0,0,1,2,1,6,0,0,1,0,0,2,0,0,1,1,0,0
360670051002012,64,64,30,26,0,0,0,1,7,64,55,9,64,26,3,6,2,1,6,0,0,0,2,1,1,1,0,1,0,0,0,0,1,0,1,0,0,38,3,1,1,1,3,2,0,0,1,6,3,1,3,6,0,0,1,0,0,4,2,0,0
360670051002013,95,95,36,47,0,0,0,5,7,95,81,14,95,50,7,7,1,0,2,0,5,3,3,2,3,2,3,3,4,0,3,0,2,0,0,0,0,45,1,7,4,1,1,3,1,2,1,0,0,0,5,10,0,0,2,3,0,1,0,3,0
360670051002014,76,76,27,29,0,0,0,5,15,76,71,5,76,31,4,0,2,1,0,0,2,0,0,3,1,5,3,2,0,3,3,2,0,0,0,0,0,45,4,2,6,5,0,0,0,0,10,4,2,5,0,1,0,4,1,0,0,1,0,0,0
360670051002015,79,79,46,23,7,0,0,0,3,79,75,4,79,42,0,2,2,1,0,2,3,6,5,3,0,2,0,0,0,0,0,0,7,6,2,1,0,37,0,3,7,5,0,3,0,0,1,0,0,4,3,1,1,0,1,0,0,6,1,0,1
360670051003000,109,109,38,47,0,0,0,19,5,109,86,23,109,50,3,8,4,3,0,0,0,0,1,1,10,1,0,2,13,3,0,0,1,0,0,0,0,59,3,3,9,1,3,2,4,4,0,0,6,2,0,0,11,1,1,3,3,0,2,1,0
360670051003001,164,164,56,85,0,0,0,3,20,164,145,19,164,80,6,8,31,1,0,4,4,6,0,1,4,1,0,4,2,1,1,0,3,1,1,1,0,84,6,5,6,1,0,1,1,4,2,9,3,6,15,0,4,4,2,0,3,5,3,1,3
360670051003002,102,102,28,57,2,1,0,6,8,102,92,10,102,61,8,0,7,11,1,0,0,0,2,0,10,3,1,4,3,4,3,0,0,0,4,0,0,41,5,1,2,1,0,0,1,2,1,1,7,1,5,5,4,1,0,0,4,0,0,0,0
360670051003003,146,146,39,82,3,0,0,9,13,146,116,30,146,66,9,1,10,0,2,0,0,0,1,13,1,1,8,2,3,0,4,0,2,6,0,3,0,80,10,7,8,2,1,0,0,3,9,11,1,7,0,8,6,0,5,1,0,1,0,0,0
360670051003004,96,96,13,59,1,0,0,7,16,96,72,24,96,37,3,3,1,0,0,2,1,4,9,1,2,3,0,1,5,0,0,2,0,0,0,0,0,59,6,6,4,9,0,1,1,1,1,8,9,9,1,0,0,0,0,0,0,0,0,1,2
360670051003005,98,98,19,60,0,0,0,10,9,98,79,19,98,52,0,10,2,3,2,0,0,0,3,11,0,3,0,8,8,2,0,0,0,0,0,0,0,46,5,14,5,2,0,0,0,0,2,10,5,0,1,0,0,0,0,0,0,2,0,0,0
360670051003006,37,37,2,31,0,0,0,0,4,37,26,11,37,24,5,6,2,3,1,1,2,0,1,0,0,0,0,0,0,0,0,3,0,0,0,0,0,13,1,0,0,0,0,0,0,0,5,0,2,1,1,0,0,2,1,0,0,0,0,0,0
360670051003007,32,32,2,16,1,0,0,0,13,32,29,3,32,16,0,3,2,0,3,0,0,0,2,2,0,0,0,1,0,1,0,2,0,0,0,0,0,16,0,3,0,0,7,0,0,0,2,0,1,0,0,0,0,0,0,1,1,0,1,0,0
360670052001000,79,79,10,66,0,0,0,1,2,79,73,6,79,33,0,0,0,9,0,0,0,0,5,0,5,1,4,2,0,3,0,0,1,3,0,0,0,46,10,11,0,1,0,0,0,0,1,10,1,0,0,0,7,0,3,0,1,0,0,1,0
360670052001001,75,75,4,60,0,0,1,6,4,75,67,8,75,42,4,15,4,9,6,0,1,0,1,1,1,0,0,0,0,0,0,0,0,0,0,0,0,33,1,1,5,1,0,0,0,0,4,8,0,5,6,0,0,0,2,0,0,0,0,0,0
360670052001002,35,35,1,29,0,0,0,0,5,35,34,1,35,22,11,0,0,0,0,2,0,1,0,1,0,0,0,1,2,0,0,4,0,0,0,0,0,13,0,1,1,1,0,0,0,0,0,0,0,0,0,1,1,2,0,3,0,0,2,1,0
360670052001003,63,63,4,51,3,0,0,1,4,63,57,6,63,51,8,1,4,4,3,0,0,2,1,1,6,2,0,0,8,0,1,0,1,7,0,1,1,12,2,0,3,0,0,0,0,0,2,0,0,2,0,0,0,0,0,0,1,0,1,1,0
360670052001004,94,94,13,60,0,0,0,17,4,94,68,26,94,30,4,4,3,0,0,1,0,4,10,0,0,1,0,1,2,0,0,0,0,0,0,0,0,64,4,2,9,0,2,0,0,2,17,0,0,2,7,2,3,5,0,0,3,5,1,0,0
360670052001005,87,87,17,53,0,0,0,9,8,87,64,23,87,30,1,3,3,1,0,0,0,0,0,7,1,1,3,2,5,0,3,0,0,0,0,0,0,57,9,5,1,0,3,0,0,1,7,5,6,4,5,0,4,2,1,0,3,0,0,1,0
360670052001006,75,75,6,46,0,0,0,4,19,75,64,11,75,35,1,11,2,2,2,0,0,0,5,2,2,2,1,3,0,1,1,0,0,0,0,0,0,40,3,5,3,0,3,2,0,0,1,4,0,0,4,0,11,0,0,0,0,0,1,3,0
360670052001007,60,60,4,44,0,0,0,8,4,60,52,8,60,23,7,0,4,2,1,0,0,1,0,0,0,0,0,0,3,0,3,0,1,0,0,1,0,37,0,3,0,0,0,0,0,0,4,3,15,5,0,0,0,0,0,2,0,5,0,0,0
360670052001008,55,55,6,40,0,0,0,4,5,55,49,6,55,17,0,0,0,0,1,4,0,3,0,1,1,0,4,0,0,2,0,0,0,0,0,0,1,38,11,0,0,0,0,0,1,1,2,0,5,3,2,12,0,1,0,0,0,0,0,0,0
360670052001009,38,38,2,30,1,0,0,0,5,38,35,3,38,4,0,2,0,1,0,0,0,0,0,0,0,0,0,0,1,0,0,0,0,0,0,0,0,34,0,8,1,1,0,0,0,1,0,0,0,0,0,2,1,9,8,0,2,1,0,0,0
360670052001010,72,72,7,55,0,0,0,8,2,72,63,9,72,16,1,1,1,3,0,1,0,2,0,0,1,0,0,6,0,0,0,0,0,0,0,0,0,56,0,5,12,4,9,0,0,2,0,12,0,4,1,1,0,0,3,0,0,0,3,0,0
360670052001011,13,13,0,7,0,1,0,0,5,13,13,0,13,12,2,0,6,0,0,0,0,0,0,0,1,0,0,1,0,0,1,0,0,1,0,0,0,1,0,0,0,0,0,0,0,0,0,0,0,0,0,0,0,1,0,0,0,0,0,0,0
360670052001012,14,14,2,6,1,0,0,2,3,14,12,2,14,10,3,1,0,1,0,0,1,0,0,0,0,0,0,0,0,0,0,0,3,0,0,0,1,4,3,0,0,0,0,0,0,0,0,0,0,0,0,0,0,0,0,0,1,0,0,0,0
360670052001013,41,41,12,20,0,0,0,1,8,41,38,3,41,19,3,6,2,0,0,0,0,0,3,0,3,0,0,0,0,0,0,0,0,0,0,0,2,22,1,3,1,4,0,0,0,0,0,1,1,3,0,0,0,0,0,0,4,0,1,1,2
360670052001014,41,41,3,27,0,0,0,0,11,41,41,0,41,30,1,2,6,0,4,0,0,0,8,1,2,1,0,0,4,0,0,0,0,0,1,0,0,11,2,0,5,0,0,0,0,0,1,0,1,1,0,0,0,0,0,0,0,0,1,0,0
360670052001015,36,36,0,20,0,1,0,6,9,36,27,9,36,23,2,0,0,0,0,0,0,3,5,11,1,0,0,0,0,0,0,0,1,0,0,0,0,13,0,3,0,0,3,1,0,3,0,0,0,0,0,0,0,0,0,3,0,0,0,0,0
360670052001016,34,34,0,18,0,2,0,2,12,34,32,2,34,9,0,2,0,0,0,0,0,0,0,0,2,5,0,0,0,0,0,0,0,0,0,0,0,25,5,6,3,2,1,1,1,3,0,1,1,0,0,0,0,0,0,0,0,0,0,1,0
360670052001017,54,54,5,42,0,0,0,2,5,54,47,7,54,24,1,2,0,1,1,0,0,0,0,0,0,0,5,1,0,2,0,5,0,0,5,0,1,30,0,1,0,9,0,0,0,0,1,0,2,0,0,2,4,1,0,0,0,3,3,4,0
360670052001018,36,36,2,34,0,0,0,0,0,36,33,3,36,28,3,7,6,0,0,0,0,0,3,2,0,2,1,2,0,0,1,0,0,0,0,1,0,8,0,1,0,2,0,0,0,0,0,0,0,0,3,1,0,0,0,0,1,0,0,0,0
360670052001019,23,23,3,8,1,0,0,8,3,23,16,7,23,1,0,0,0,1,0,0,0,0,0,0,0,0,0,0,0,0,0,0,0,0,0,0,0,22,1,3,0,0,0,1,3,2,0,1,3,0,0,0,0,1,6,0,0,0,1,0,0
360670052001020,32,32,5,19,0,0,0,0,8,32,23,9,32,17,2,4,2,3,0,0,0,0,3,1,0,0,0,0,1,0,0,0,0,0,0,1,0,15,1,0,2,3,0,0,0,0,0,5,1,0,0,0,0,0,0,0,0,1,2,0,0
360670052001021,0,0,0,0,0,0,0,0,0,0,0,0,0,0,0,0,0,0,0,0,0,0,0,0,0,0,0,0,0,0,0,0,0,0,0,0,0,0,0,0,0,0,0,0,0,0,0,0,0,0,0,0,0,0,0,0,0,0,0,0,0
360670052001022,39,39,11,19,0,0,0,1,8,39,30,9,39,17,3,0,1,0,2,0,0,0,0,2,1,1,1,0,2,2,0,0,0,0,1,0,1,22,2,2,1,0,1,3,0,0,4,3,1,1,0,2,1,1,0,0,0,0,0,0,0
360670052001023,87,87,12,71,0,0,0,0,4,87,81,6,87,46,5,0,3,1,0,0,3,3,2,3,7,7,1,3,4,2,1,0,0,0,0,0,1,41,0,13,5,0,7,1,0,0,0,0,2,0,2,1,0,0,0,0,0,7,1,0,2
360670052001024,68,68,0,58,0,0,0,7,3,68,63,5,68,27,0,7,3,4,1,0,0,0,5,1,2,0,0,1,0,0,0,1,2,0,0,0,0,41,3,2,1,4,0,2,0,2,2,2,0,2,8,4,0,1,3,0,2,1,0,0,2
360670052001025,79,79,6,69,0,0,0,2,2,79,62,17,79,35,11,9,5,1,2,0,0,0,0,1,1,1,2,0,1,1,0,0,0,0,0,0,0,44,1,5,1,0,0,0,1,0,11,0,4,5,0,2,9,2,2,0,0,1,0,0,0
360670052001026,38,38,10,28,0,0,0,0,0,38,28,10,38,16,0,2,3,0,4,0,0,0,0,0,0,0,0,0,0,0,0,0,0,4,0,3,0,22,0,5,0,0,1,3,1,1,0,3,0,2,1,1,0,4,0,0,0,0,0,0,0
360670052002000,0,0,0,0,0,0,0,0,0,0,0,0,0,0,0,0,0,0,0,0,0,0,0,0,0,0,0,0,0,0,0,0,0,0,0,0,0,0,0,0,0,0,0,0,0,0,0,0,0,0,0,0,0,0,0,0,0,0,0,0,0
360670052002001,65,65,2,52,0,0,0,6,5,65,57,8,65,21,7,2,1,0,0,0,0,4,4,1,0,1,1,0,0,0,0,0,0,0,0,0,0,44,6,3,7,1,0,4,0,1,6,1,3,2,0,0,9,1,0,0,0,0,0,0,0
360670052002002,44,44,0,34,0,0,0,3,7,44,42,2,44,19,6,2,0,2,0,0,0,0,0,0,1,1,4,3,0,0,0,0,0,0,0,0,0,25,1,0,6,1,0,0,0,1,0,15,0,0,0,0,0,0,0,1,0,0,0,0,0
360670052002003,172,172,9,157,1,0,0,0,5,172,164,8,172,72,6,6,21,0,3,0,0,0,4,7,0,0,5,9,0,4,2,5,0,0,0,0,0,100,9,7,10,1,0,6,0,10,3,0,13,6,2,8,1,1,2,4,2,5,3,7,0
360670052002004,63,63,4,53,2,0,0,2,2,63,59,4,63,35,1,1,7,2,0,3,0,0,11,1,1,0,1,0,2,0,1,0,3,1,0,0,0,28,3,0,12,2,0,1,0,0,0,7,0,0,1,1,0,1,0,0,0,0,0,0,0
360670052002005,45,45,5,23,0,0,0,0,17,45,38,7,45,17,4,0,1,2,0,0,0,0,2,0,6,0,0,0,0,0,0,0,0,2,0,0,0,28,0,3,0,2,1,0,0,0,0,3,3,11,3,0,0,0,0,0,0,0,2,0,0
360670052002006,38,38,3,33,1,0,0,0,1,38,33,5,38,7,0,0,0,0,0,0,0,0,0,0,0,0,0,0,0,0,0,0,0,0,4,3,0,31,5,1,7,6,1,0,0,0,0,2,0,1,0,0,2,1,5,0,0,0,0,0,0
360670052002007,79,79,14,60,0,0,0,4,1,79,72,7,79,38,5,5,4,5,0,0,0,0,4,0,2,1,0,3,7,0,0,0,0,0,0,0,2,41,5,3,2,1,0,0,0,0,7,0,3,0,8,6,2,0,0,0,1,3,0,0,0
360670052002008,0,0,0,0,0,0,0,0,0,0,0,0,0,0,0,0,0,0,0,0,0,0,0,0,0,0,0,0,0,0,0,0,0,0,0,0,0,0,0,0,0,0,0,0,0,0,0,0,0,0,0,0,0,0,0,0,0,0,0,0,0
360670052002009,23,23,4,14,0,0,0,3,2,23,22,1,23,21,1,0,4,0,0,0,0,0,1,1,1,6,2,0,0,0,4,0,0,0,0,1,0,2,1,0,0,0,0,0,0,0,1,0,0,0,0,0,0,0,0,0,0,0,0,0,0
360670052002010,19,19,0,14,0,0,0,1,4,19,18,1,19,15,1,3,2,0,0,0,0,0,0,6,0,1,2,0,0,0,0,0,0,0,0,0,0,4,0,0,0,0,0,1,0,0,0,0,1,0,0,0,0,0,1,1,0,0,0,0,0
360670052002011,14,14,1,13,0,0,0,0,0,14,14,0,14,5,0,0,0,0,0,0,0,1,0,0,0,0,0,0,0,0,0,0,3,0,0,1,0,9,0,2,0,0,5,0,0,0,0,0,0,0,0,0,0,0,1,0,0,0,0,1,0
360670053001000,59,59,10,37,0,0,0,0,12,59,58,1,59,34,4,7,2,3,1,0,1,0,0,3,0,0,3,7,0,0,1,0,0,0,1,1,0,25,5,1,1,2,0,1,0,1,1,1,2,0,7,0,3,0,0,0,0,0,0,0,0
360670053001001,61,61,3,52,0,0,0,0,6,61,61,0,61,21,0,1,0,1,1,0,0,0,7,2,0,1,3,0,0,3,1,0,1,0,0,0,0,40,0,11,3,0,6,0,0,0,1,4,0,0,0,2,7,0,0,0,3,2,0,1,0
360670053001002,153,153,21,113,0,1,0,0,18,153,152,1,153,63,5,5,13,3,1,0,0,0,2,0,8,6,0,1,2,1,3,2,3,2,2,3,1,90,11,11,5,10,6,2,0,1,9,6,11,1,1,1,8,2,0,0,0,4,1,0,0
360670053001003,65,65,13,49,0,0,0,0,3,65,61,4,65,26,0,0,0,0,0,0,0,7,4,5,0,4,2,1,0,0,2,0,0,0,0,1,0,39,0,1,8,1,0,0,0,0,4,5,6,2,0,3,1,2,0,1,3,1,0,0,1
360670053001004,86,86,17,52,1,2,0,6,8,86,74,12,86,46,3,4,1,1,2,5,0,1,6,0,5,1,0,3,3,1,2,1,2,2,2,0,1,40,6,4,2,3,2,0,1,1,1,1,1,1,3,5,0,0,0,1,1,2,1,3,1
360670053001005,103,103,5,93,0,0,0,1,4,103,96,7,103,41,3,0,4,1,0,1,0,3,3,0,5,0,7,2,0,2,0,0,3,6,0,0,1,62,5,6,2,1,3,0,0,0,0,2,0,13,9,2,0,2,0,0,1,11,4,1,0
360670053001006,54,54,6,36,0,1,0,4,7,54,47,7,54,26,3,1,2,3,1,0,0,0,2,0,7,3,0,3,0,0,0,1,0,0,0,0,0,28,3,0,1,0,4,0,0,1,4,1,1,3,4,2,2,1,1,0,0,0,0,0,0
360670053001007,24,24,2,17,2,0,0,0,3,24,22,2,24,19,0,0,0,5,0,1,2,2,0,5,0,0,3,0,1,0,0,0,0,0,0,0,0,5,0,0,0,0,0,0,0,1,1,0,2,0,0,0,0,0,0,1,0,0,0,0,0
360670053001008,51,51,0,46,0,0,0,0,5,51,45,6,51,32,0,9,8,6,1,0,0,0,0,0,0,0,7,0,0,0,0,0,0,0,0,0,1,19,0,1,0,0,0,0,0,0,1,0,0,0,0,6,0,0,5,3,0,0,0,3,0
360670053002000,0,0,0,0,0,0,0,0,0,0,0,0,0,0,0,0,0,0,0,0,0,0,0,0,0,0,0,0,0,0,0,0,0,0,0,0,0,0,0,0,0,0,0,0,0,0,0,0,0,0,0,0,0,0,0,0,0,0,0,0,0
360670053002001,0,0,0,0,0,0,0,0,0,0,0,0,0,0,0,0,0,0,0,0,0,0,0,0,0,0,0,0,0,0,0,0,0,0,0,0,0,0,0,0,0,0,0,0,0,0,0,0,0,0,0,0,0,0,0,0,0,0,0,0,0
360670053002002,381,381,0,333,0,0,0,44,4,381,338,43,381,177,20,17,54,13,5,0,4,19,5,10,5,2,4,3,7,2,0,2,0,5,0,0,0,204,31,33,25,12,15,5,1,9,4,11,3,15,2,14,3,3,9,0,2,4,3,0,0
360670053002003,0,0,0,0,0,0,0,0,0,0,0,0,0,0,0,0,0,0,0,0,0,0,0,0,0,0,0,0,0,0,0,0,0,0,0,0,0,0,0,0,0,0,0,0,0,0,0,0,0,0,0,0,0,0,0,0,0,0,0,0,0
360670053002004,54,54,3,47,0,0,0,0,4,54,53,1,54,18,1,8,0,0,0,1,0,0,0,0,0,4,0,1,1,0,1,1,0,0,0,0,0,36,0,1,10,0,0,0,0,1,0,10,0,0,2,7,1,0,3,0,1,0,0,0,0
360670053002005,281,281,156,108,2,5,1,2,7,281,274,7,281,92,0,3,7,2,4,1,0,3,2,6,3,1,1,3,4,3,2,3,1,2,2,15,24,189,12,4,7,3,0,1,5,12,4,6,6,0,1,0,2,1,1,1,3,2,9,18,91
360670053002006,62,62,10,40,0,4,0,1,7,62,53,9,62,36,2,8,1,2,2,0,0,0,4,2,0,1,6,0,7,1,0,0,0,0,0,0,0,26,0,1,3,1,2,0,0,0,8,0,2,3,0,0,4,0,0,0,0,0,1,0,1
360670053002007,33,33,4,24,2,0,0,0,3,33,30,3,33,15,3,2,0,1,1,0,0,2,0,1,1,2,0,0,0,0,1,0,0,1,0,0,0,18,0,1,4,2,0,0,0,0,2,5,2,0,0,2,0,0,0,0,0,0,0,0,0
360670053002008,60,60,3,46,0,0,0,5,6,60,48,12,60,34,3,12,0,4,2,0,0,1,0,0,1,2,2,0,0,0,0,2,2,1,1,1,0,26,1,0,0,0,5,6,3,6,1,0,1,1,0,0,0,0,1,0,1,0,0,0,0
360670053002009,203,203,57,100,0,0,0,34,12,203,161,42,203,123,8,8,7,12,7,0,0,14,14,5,8,9,2,6,5,6,6,0,1,2,0,2,1,80,8,6,7,3,8,0,5,6,5,5,4,5,3,5,1,2,2,1,4,0,0,0,0
360670053002010,22,22,7,12,0,0,0,0,3,22,19,3,22,10,2,2,0,0,0,0,0,0,0,0,0,1,0,0,3,0,2,0,0,0,0,0,0,12,1,0,1,0,0,0,0,0,2,0,0,3,3,0,1,1,0,0,0,0,0,0,0
360670053002011,105,105,9,90,0,0,0,4,2,105,90,15,105,60,9,2,6,11,2,0,0,0,5,3,6,0,0,4,5,0,2,0,3,2,0,0,0,45,3,5,3,1,0,2,0,3,0,5,10,0,7,0,5,0,0,0,1,0,0,0,0
360670053002012,9,9,3,4,0,0,0,0,2,9,6,3,9,1,0,1,0,0,0,0,0,0,0,0,0,0,0,0,0,0,0,0,0,0,0,0,0,8,0,0,1,0,0,0,0,1,0,0,4,0,2,0,0,0,0,0,0,0,0,0,0
360670054001000,80,80,7,66,1,0,0,0,6,80,78,2,80,42,5,0,0,0,0,4,1,8,0,0,0,2,2,0,4,0,0,3,6,4,2,1,0,38,2,1,2,5,0,0,3,3,1,0,0,3,0,1,0,0,0,2,0,5,6,4,0
360670054001001,76,76,2,61,0,0,0,3,10,76,70,6,76,55,0,9,0,2,11,0,0,0,4,1,8,9,2,0,6,1,1,0,1,0,0,0,0,21,2,7,0,0,0,2,0,4,1,0,1,2,1,1,0,0,0,0,0,0,0,0,0
360670054001002,55,55,2,42,4,0,0,1,6,55,54,1,55,10,0,1,1,2,0,0,0,0,3,0,1,1,0,0,0,1,0,0,0,0,0,0,0,45,2,6,5,0,0,1,0,2,2,7,2,6,0,0,3,0,1,0,1,0,0,7,0
360670054001003,38,38,7,23,0,0,0,2,6,38,37,1,38,19,1,1,1,0,1,0,0,1,0,1,1,1,1,2,2,1,1,0,4,0,0,0,0,19,0,0,0,0,0,0,0,0,0,6,3,2,1,3,1,0,3,0,0,0,0,0,0
360670054001004,90,90,3,76,0,0,0,5,6,90,88,2,90,22,2,1,0,0,2,1,0,0,6,1,1,0,1,0,0,2,3,0,0,0,0,1,1,68,6,5,12,1,0,0,1,0,5,17,0,2,0,8,2,0,1,0,0,8,0,0,0
360670054001005,111,111,3,94,3,0,0,4,7,111,93,18,111,54,0,3,0,0,0,1,0,6,2,2,13,3,5,10,6,2,0,1,0,0,0,0,0,57,7,6,15,7,6,0,0,1,0,0,0,4,2,0,0,4,0,0,5,0,0,0,0
360670054001006,114,114,15,84,0,0,0,3,12,114,96,18,114,57,6,1,14,0,1,0,1,2,4,10,0,1,3,1,2,4,2,2,0,0,3,0,0,57,1,9,4,6,0,0,0,0,0,13,1,2,3,8,7,0,0,0,1,0,1,0,1
360670054001007,55,55,6,42,2,0,0,0,5,55,52,3,55,30,4,5,3,1,0,0,0,0,0,2,0,4,0,2,2,1,4,0,0,0,0,2,0,25,0,3,0,3,0,3,0,0,1,2,2,2,0,0,1,0,3,2,0,0,3,0,0
360670054001008,191,191,7,165,0,0,0,16,3,191,166,25,191,83,6,11,31,4,0,1,1,0,1,0,3,2,1,12,0,0,5,1,3,0,0,1,0,108,13,1,6,2,0,0,3,4,17,1,19,2,14,2,21,0,1,0,1,0,0,1,0
360670054001009,63,63,5,44,0,0,0,5,9,63,57,6,63,30,10,1,0,8,0,0,0,0,0,0,0,0,2,0,1,0,0,0,0,0,8,0,0,33,1,0,6,0,4,0,3,4,0,2,0,5,0,5,0,0,0,0,0,2,1,0,0
360670054001010,39,39,4,25,2,0,0,7,1,39,26,13,39,21,0,2,2,1,0,0,0,1,0,3,1,1,3,2,2,0,0,3,0,0,0,0,0,18,0,0,0,0,0,0,0,0,2,0,3,0,0,0,0,1,1,1,4,0,6,0,0
360670054001011,48,48,3,29,2,0,0,0,14,48,46,2,48,17,6,1,1,8,0,0,0,0,0,0,0,0,0,0,0,0,0,1,0,0,0,0,0,31,2,0,4,3,1,0,1,3,1,0,6,7,2,0,0,0,1,0,0,0,0,0,0
360670054001012,137,137,2,120,0,0,0,4,11,137,134,3,137,65,5,15,10,0,0,3,0,2,0,7,0,0,7,1,6,0,0,1,1,6,0,0,1,72,1,15,5,2,3,6,0,0,5,3,3,1,9,5,0,0,0,1,0,5,1,1,6
360670054001013,54,54,2,46,0,0,0,2,4,54,50,4,54,22,3,1,3,0,0,0,0,0,0,1,5,2,0,6,0,0,0,0,0,0,0,1,0,32,5,2,1,0,2,0,0,0,2,0,2,0,1,4,3,2,1,2,0,4,0,0,1
360670054002000,124,124,14,84,1,0,0,14,11,124,102,22,124,67,9,3,5,2,20,1,0,2,2,5,0,1,0,1,3,0,1,3,0,9,0,0,0,57,3,2,8,4,1,0,0,1,0,9,1,0,0,8,7,0,0,4,0,6,0,1,2
360670054002001,46,46,5,35,0,0,0,3,3,46,42,4,46,26,3,3,2,0,0,0,0,0,1,0,10,0,0,0,0,7,0,0,0,0,0,0,0,20,0,0,6,1,7,0,0,0,2,0,0,0,0,1,0,0,0,0,3,0,0,0,0
360670054002002,84,84,3,77,0,0,0,0,4,84,82,2,84,52,1,12,2,0,0,0,0,0,6,5,6,7,0,0,1,3,4,0,2,1,0,0,2,32,10,0,1,2,0,0,0,0,0,3,0,10,2,0,0,1,0,0,0,0,0,0,3
360670054002003,32,32,2,28,1,0,0,0,1,32,29,3,32,22,0,0,0,0,0,0,0,0,1,0,0,0,6,7,8,0,0,0,0,0,0,0,0,10,3,0,0,0,0,0,2,0,1,0,2,2,0,0,0,0,0,0,0,0,0,0,0
360670054002004,0,0,0,0,0,0,0,0,0,0,0,0,0,0,0,0,0,0,0,0,0,0,0,0,0,0,0,0,0,0,0,0,0,0,0,0,0,0,0,0,0,0,0,0,0,0,0,0,0,0,0,0,0,0,0,0,0,0,0,0,0
360670054002005,60,60,4,52,0,0,0,0,4,60,57,3,60,19,0,0,0,0,1,0,4,6,1,0,0,5,1,0,0,0,0,0,0,0,0,0,1,41,0,7,1,0,3,0,0,0,4,0,9,0,4,0,13,0,0,0,0,0,0,0,0
360670054002006,0,0,0,0,0,0,0,0,0,0,0,0,0,0,0,0,0,0,0,0,0,0,0,0,0,0,0,0,0,0,0,0,0,0,0,0,0,0,0,0,0,0,0,0,0,0,0,0,0,0,0,0,0,0,0,0,0,0,0,0,0
360670054002007,54,54,3,47,0,0,0,0,4,54,51,3,54,25,2,3,1,5,1,0,0,3,0,0,0,0,2,1,1,1,1,2,1,1,0,0,0,29,2,0,0,2,3,0,0,0,1,5,0,0,6,0,1,0,3,0,0,0,3,1,2
360670054002008,97,97,29,62,0,0,0,2,4,97,89,8,97,55,11,3,8,0,0,0,0,0,1,8,11,4,5,2,0,0,2,0,0,0,0,0,0,42,2,4,9,0,1,3,0,3,4,0,1,0,1,2,8,0,1,0,3,0,0,0,0
360670054002009,81,81,22,44,0,0,0,4,11,81,75,6,81,42,4,8,0,0,0,0,0,0,0,1,0,5,5,2,1,0,8,1,5,0,1,0,1,39,1,0,0,3,6,0,0,0,0,0,0,1,2,0,3,0,12,1,2,5,3,0,0
360670054002010,138,138,20,110,0,0,0,3,5,138,132,6,138,69,6,3,15,9,1,0,0,4,1,0,4,5,4,0,6,0,1,1,3,0,2,1,3,69,4,4,7,0,0,0,0,0,3,9,7,1,15,2,0,8,5,0,0,4,0,0,0
360670054002011,116,116,3,101,0,0,0,7,5,116,109,7,116,59,4,2,6,5,0,0,0,3,14,5,2,0,5,0,1,8,0,0,1,3,0,0,0,57,7,14,3,0,1,0,0,0,0,5,7,1,5,0,2,6,0,0,2,0,4,0,0
360670054002012,120,120,19,91,0,0,0,1,9,120,114,6,120,42,2,0,7,0,0,1,7,6,1,0,1,1,3,0,10,0,3,0,0,0,0,0,0,78,8,13,8,5,0,0,3,9,2,1,2,4,0,3,3,2,0,1,0,10,0,4,0
360670054002013,61,61,6,44,2,1,0,1,7,61,58,3,61,26,6,2,2,0,0,3,2,3,4,0,0,0,0,2,0,1,0,1,0,0,0,0,0,35,0,1,3,0,0,0,0,0,19,3,3,2,0,0,3,0,0,0,0,1,0,0,0
360670054002014,70,70,33,33,0,0,0,0,4,70,60,10,70,13,0,0,0,0,2,0,0,1,5,0,0,0,0,0,1,0,0,0,1,3,0,0,0,57,12,2,3,0,5,0,3,5,13,3,0,1,1,1,6,0,0,0,0,0,0,0,2
360670054002015,32,32,0,32,0,0,0,0,0,32,28,4,32,17,1,5,2,3,1,0,0,0,1,0,0,1,0,1,2,0,0,0,0,0,0,0,0,15,1,3,1,0,0,0,0,0,0,0,3,3,0,0,3,0,0,0,0,0,0,1,0
360670054002016,51,51,6,40,0,1,0,0,4,51,47,4,51,22,2,6,7,0,3,0,0,0,0,2,0,0,0,2,0,0,0,0,0,0,0,0,0,29,2,2,0,0,0,0,0,0,3,10,0,1,0,9,0,0,0,1,0,0,1,0,0
360670054002017,44,44,3,38,0,0,0,0,3,44,40,4,44,20,0,1,0,0,0,0,0,0,6,2,0,1,1,1,0,0,0,5,0,0,0,3,0,24,0,1,2,13,0,0,0,0,0,0,0,3,5,0,0,0,0,0,0,0,0,0,0
360670054002018,42,42,0,42,0,0,0,0,0,42,41,1,42,32,5,1,9,0,0,0,0,0,0,0,0,0,1,0,4,3,0,0,5,4,0,0,0,10,1,0,0,0,0,0,0,0,0,0,0,4,0,0,0,1,0,0,1,2,0,0,1
360670055001000,322,322,167,87,0,44,0,6,18,322,313,9,322,143,4,2,5,1,0,4,10,25,25,23,8,13,6,2,3,1,3,0,0,0,4,0,4,179,8,5,6,0,3,1,4,39,21,30,11,12,4,8,9,2,2,0,1,6,6,1,0
360670055001001,24,24,5,14,0,3,0,2,0,24,22,2,24,13,2,1,0,1,0,0,0,2,5,0,0,0,0,0,0,0,0,0,2,0,0,0,0,11,2,0,1,0,2,0,0,0,0,0,0,0,0,0,4,0,0,1,0,1,0,0,0
360670055001002,83,83,29,31,0,14,0,2,7,83,77,6,83,23,5,4,0,2,0,0,0,0,7,0,2,0,0,0,0,0,0,3,0,0,0,0,0,60,6,2,6,2,0,6,3,18,4,5,0,1,1,0,0,0,0,3,1,2,0,0,0
360670055001003,27,27,16,8,0,0,0,0,3,27,25,2,27,13,1,1,0,0,0,1,0,0,1,3,0,5,1,0,0,0,0,0,0,0,0,0,0,14,0,0,0,0,1,0,0,3,4,1,2,0,0,0,0,3,0,0,0,0,0,0,0
360670055001004,0,0,0,0,0,0,0,0,0,0,0,0,0,0,0,0,0,0,0,0,0,0,0,0,0,0,0,0,0,0,0,0,0,0,0,0,0,0,0,0,0,0,0,0,0,0,0,0,0,0,0,0,0,0,0,0,0,0,0,0,0
360670055001005,0,0,0,0,0,0,0,0,0,0,0,0,0,0,0,0,0,0,0,0,0,0,0,0,0,0,0,0,0,0,0,0,0,0,0,0,0,0,0,0,0,0,0,0,0,0,0,0,0,0,0,0,0,0,0,0,0,0,0,0,0
360670055001006,39,39,19,4,0,10,0,0,6,39,34,5,39,18,1,0,0,0,0,0,1,8,3,0,2,0,1,0,0,1,0,0,0,0,1,0,0,21,1,0,0,0,0,0,0,0,7,1,0,1,2,5,2,0,0,0,2,0,0,0,0
360670055001007,87,87,37,24,0,5,0,5,16,87,78,9,87,48,0,7,1,0,0,0,2,11,6,4,5,0,4,0,0,3,3,0,0,2,0,0,0,39,5,5,1,2,0,1,0,1,15,3,3,0,1,0,0,1,0,1,0,0,0,0,0
360670055001008,102,102,64,14,0,2,0,4,18,102,87,15,102,58,3,3,1,3,0,0,3,14,0,2,3,1,8,0,2,2,0,0,0,11,0,0,2,44,2,5,0,1,2,2,2,7,1,2,1,2,2,3,0,0,0,1,0,9,1,1,0
360670055001009,95,95,66,17,0,3,0,5,4,95,92,3,95,58,2,0,1,0,0,0,1,3,16,14,5,0,1,7,0,0,2,1,3,2,0,0,0,37,2,0,0,0,1,0,4,4,1,12,0,0,0,0,6,0,2,0,1,0,0,0,4
360670055002000,420,420,134,234,0,34,0,3,15,420,409,11,420,183,11,22,18,8,3,0,2,10,11,23,34,16,18,0,2,2,3,0,0,0,0,0,0,237,18,1,9,0,5,2,7,7,33,34,5,25,19,23,23,10,5,0,5,4,0,0,2
360670055002001,1071,1071,283,479,9,114,20,47,119,1071,979,92,1071,512,41,25,19,12,10,5,31,79,86,40,14,16,23,23,23,14,15,7,9,10,7,3,0,559,27,27,21,15,19,16,30,123,65,27,53,14,7,5,29,5,29,0,13,21,2,1,10
360670055002002,16,16,5,1,0,5,0,2,3,16,16,0,16,4,1,0,2,0,0,0,0,0,0,0,1,0,0,0,0,0,0,0,0,0,0,0,0,12,3,0,7,0,0,0,0,0,0,2,0,0,0,0,0,0,0,0,0,0,0,0,0
360670055002003,115,115,23,73,1,1,0,2,15,115,107,8,115,58,1,0,1,2,8,0,1,2,12,4,5,1,0,4,5,1,0,2,4,0,0,4,1,57,7,5,1,12,0,3,2,2,4,2,5,3,0,7,0,0,0,2,0,1,0,0,1
360670055002004,39,39,3,29,0,0,0,0,7,39,39,0,39,13,0,3,0,0,0,0,0,0,2,2,3,0,0,0,0,0,0,0,1,0,2,0,0,26,4,2,4,0,0,0,0,1,0,1,2,0,7,2,2,0,0,1,0,0,0,0,0
360670055002005,82,82,50,7,1,11,0,4,9,82,76,6,82,43,1,0,0,0,0,4,7,8,3,3,5,0,0,0,1,0,0,2,2,5,0,1,1,39,2,0,0,0,0,0,0,2,2,2,0,9,4,0,1,5,0,4,0,6,1,0,1
360670055002006,15,15,6,1,0,0,0,5,3,15,9,6,15,9,0,1,1,3,0,0,0,0,0,1,1,0,0,0,0,0,0,0,2,0,0,0,0,6,0,0,0,0,0,0,0,0,0,0,0,0,0,0,3,0,0,1,0,1,1,0,0
360670055002007,49,49,30,11,2,0,0,1,5,49,44,5,49,23,0,1,0,0,0,0,0,0,0,6,5,0,0,0,4,0,2,2,1,0,0,0,2,26,1,0,2,0,0,0,0,4,0,4,3,0,3,5,0,0,1,0,0,0,0,3,0
360670055002008,48,48,12,11,6,6,0,4,9,48,41,7,48,17,0,0,0,1,0,0,0,0,11,1,0,0,0,0,0,0,0,0,0,3,1,0,0,31,2,2,5,0,0,0,1,0,6,6,0,0,0,0,0,0,0,4,2,0,1,0,2
360670055002009,55,55,23,23,0,1,0,1,7,55,45,10,55,26,0,1,1,1,1,0,3,1,1,1,2,2,1,0,0,2,1,3,1,2,2,0,0,29,7,0,0,0,0,1,1,1,0,0,0,4,1,0,5,3,0,1,3,0,0,2,0
360670055002010,0,0,0,0,0,0,0,0,0,0,0,0,0,0,0,0,0,0,0,0,0,0,0,0,0,0,0,0,0,0,0,0,0,0,0,0,0,0,0,0,0,0,0,0,0,0,0,0,0,0,0,0,0,0,0,0,0,0,0,0,0
360670055002011,0,0,0,0,0,0,0,0,0,0,0,0,0,0,0,0,0,0,0,0,0,0,0,0,0,0,0,0,0,0,0,0,0,0,0,0,0,0,0,0,0,0,0,0,0,0,0,0,0,0,0,0,0,0,0,0,0,0,0,0,0
360670055003000,1066,1066,375,474,4,161,0,11,41,1066,1020,46,1066,541,29,14,12,2,15,19,12,77,138,40,41,23,28,16,31,3,11,8,5,7,3,0,7,525,20,11,7,5,8,22,11,70,131,70,28,13,35,20,14,9,10,3,12,10,7,1,8
360670055003001,50,50,24,0,0,17,0,0,9,50,45,5,50,25,1,0,0,2,0,0,3,3,7,8,1,0,0,0,0,0,0,0,0,0,0,0,0,25,1,1,0,0,0,0,1,8,7,4,0,0,1,0,2,0,0,0,0,0,0,0,0
360670055003002,296,296,102,123,0,32,0,14,25,296,258,38,296,138,7,6,13,3,1,1,0,15,33,37,14,3,0,0,1,0,2,0,2,0,0,0,0,158,10,7,10,3,10,6,4,21,28,10,1,17,4,2,6,0,6,0,1,8,1,3,0
360670055003003,64,64,14,30,0,2,0,3,15,64,55,9,64,22,1,3,1,0,0,1,0,3,0,3,1,6,0,0,0,0,0,0,1,0,1,0,1,42,2,4,3,0,0,1,0,0,0,1,9,0,0,5,3,6,5,0,0,1,1,0,1
360670055003004,555,555,516,29,0,9,0,0,1,555,554,1,555,159,0,0,0,0,0,0,0,0,0,0,0,0,0,1,0,0,1,1,1,0,0,45,110,396,0,0,0,0,0,0,0,0,0,0,0,0,0,0,0,0,0,0,1,0,30,53,312
360670055003005,0,0,0,0,0,0,0,0,0,0,0,0,0,0,0,0,0,0,0,0,0,0,0,0,0,0,0,0,0,0,0,0,0,0,0,0,0,0,0,0,0,0,0,0,0,0,0,0,0,0,0,0,0,0,0,0,0,0,0,0,0
360670055003006,0,0,0,0,0,0,0,0,0,0,0,0,0,0,0,0,0,0,0,0,0,0,0,0,0,0,0,0,0,0,0,0,0,0,0,0,0,0,0,0,0,0,0,0,0,0,0,0,0,0,0,0,0,0,0,0,0,0,0,0,0
360670055003007,0,0,0,0,0,0,0,0,0,0,0,0,0,0,0,0,0,0,0,0,0,0,0,0,0,0,0,0,0,0,0,0,0,0,0,0,0,0,0,0,0,0,0,0,0,0,0,0,0,0,0,0,0,0,0,0,0,0,0,0,0
360670055003008,34,34,8,0,0,4,0,10,12,34,20,14,34,21,6,0,0,1,1,0,1,0,0,9,1,0,0,0,0,0,0,0,0,1,1,0,0,13,3,0,1,1,0,0,1,1,3,2,0,0,1,0,0,0,0,0,0,0,0,0,0
360670056011000,28,28,20,0,0,8,0,0,0,28,28,0,28,20,0,0,0,0,0,0,0,0,2,9,0,0,0,0,1,0,1,0,5,1,0,0,1,8,0,0,0,0,0,0,0,0,4,0,0,0,0,1,1,0,0,0,0,0,2,0,0
360670056011001,26,26,22,2,0,2,0,0,0,26,26,0,26,23,1,3,0,1,1,0,0,0,7,2,0,1,0,0,4,0,0,0,3,0,0,0,0,3,0,0,0,0,0,0,0,0,0,0,0,0,0,0,0,0,0,0,0,0,0,3,0
360670056011002,46,46,30,5,0,1,0,2,8,46,42,4,46,17,0,0,0,0,0,3,1,5,0,0,0,0,0,0,0,2,2,0,0,0,3,1,0,29,0,0,0,1,0,0,3,13,4,0,0,0,1,0,2,0,1,4,0,0,0,0,0
360670056011003,48,48,38,4,0,5,0,0,1,48,47,1,48,16,0,4,2,0,0,0,0,0,1,0,0,0,0,2,0,0,0,0,0,5,0,0,2,32,0,0,0,0,0,1,0,3,11,0,3,0,0,5,1,0,2,0,0,6,0,0,0
360670056011004,121,121,109,1,0,0,0,4,7,121,114,7,121,56,0,0,2,2,0,1,0,2,1,1,15,7,0,2,0,0,0,0,1,14,6,0,2,65,5,4,1,1,3,0,3,0,9,2,2,4,0,0,1,5,5,0,8,12,0,0,0
360670056011005,0,0,0,0,0,0,0,0,0,0,0,0,0,0,0,0,0,0,0,0,0,0,0,0,0,0,0,0,0,0,0,0,0,0,0,0,0,0,0,0,0,0,0,0,0,0,0,0,0,0,0,0,0,0,0,0,0,0,0,0,0
360670056011006,0,0,0,0,0,0,0,0,0,0,0,0,0,0,0,0,0,0,0,0,0,0,0,0,0,0,0,0,0,0,0,0,0,0,0,0,0,0,0,0,0,0,0,0,0,0,0,0,0,0,0,0,0,0,0,0,0,0,0,0,0
360670056011007,41,41,30,3,0,4,0,0,4,41,40,1,41,9,0,0,1,0,1,0,0,0,0,6,0,1,0,0,0,0,0,0,0,0,0,0,0,32,0,1,0,0,0,0,0,0,4,13,0,0,0,5,9,0,0,0,0,0,0,0,0
360670056011008,95,95,75,5,0,3,0,10,2,95,89,6,95,52,6,0,1,1,0,3,3,2,21,6,1,0,0,8,0,0,0,0,0,0,0,0,0,43,5,1,4,1,1,0,0,0,6,13,6,4,1,0,1,0,0,0,0,0,0,0,0
360670056011009,95,95,76,4,0,12,0,0,3,95,93,2,95,40,0,0,0,0,2,2,0,2,11,0,0,3,1,0,0,0,1,6,0,8,1,0,3,55,4,0,0,5,2,0,0,1,19,3,0,4,4,0,4,0,2,0,5,1,0,0,1
360670056011010,97,97,67,16,0,10,0,0,4,97,94,3,97,63,1,7,2,0,0,5,7,3,11,3,5,0,2,3,2,2,2,0,4,0,0,4,0,34,0,0,1,0,0,0,1,2,1,0,0,6,13,0,1,0,1,0,0,1,0,7,0
360670056011011,54,54,47,3,0,3,0,0,1,54,54,0,54,36,0,0,0,1,0,0,0,0,0,0,3,13,0,7,3,0,1,4,0,0,4,0,0,18,0,0,4,0,0,0,0,0,2,0,0,0,2,10,0,0,0,0,0,0,0,0,0
360670056011012,0,0,0,0,0,0,0,0,0,0,0,0,0,0,0,0,0,0,0,0,0,0,0,0,0,0,0,0,0,0,0,0,0,0,0,0,0,0,0,0,0,0,0,0,0,0,0,0,0,0,0,0,0,0,0,0,0,0,0,0,0
360670056011013,28,28,19,4,0,1,0,2,2,28,25,3,28,4,1,0,2,0,0,0,0,0,0,0,1,0,0,0,0,0,0,0,0,0,0,0,0,24,2,1,5,0,2,0,3,1,4,1,0,0,1,0,0,1,0,2,0,1,0,0,0
360670056011014,37,37,25,4,0,2,0,2,4,37,33,4,37,20,0,0,0,0,1,0,0,0,5,0,1,5,2,2,3,0,0,0,1,0,0,0,0,17,0,1,0,1,0,0,0,4,0,0,5,0,1,0,0,0,1,0,0,0,0,0,4
360670056011015,0,0,0,0,0,0,0,0,0,0,0,0,0,0,0,0,0,0,0,0,0,0,0,0,0,0,0,0,0,0,0,0,0,0,0,0,0,0,0,0,0,0,0,0,0,0,0,0,0,0,0,0,0,0,0,0,0,0,0,0,0
360670056011016,0,0,0,0,0,0,0,0,0,0,0,0,0,0,0,0,0,0,0,0,0,0,0,0,0,0,0,0,0,0,0,0,0,0,0,0,0,0,0,0,0,0,0,0,0,0,0,0,0,0,0,0,0,0,0,0,0,0,0,0,0
360670056011017,0,0,0,0,0,0,0,0,0,0,0,0,0,0,0,0,0,0,0,0,0,0,0,0,0,0,0,0,0,0,0,0,0,0,0,0,0,0,0,0,0,0,0,0,0,0,0,0,0,0,0,0,0,0,0,0,0,0,0,0,0
360670056011018,65,65,50,4,0,7,0,2,2,65,62,3,65,42,5,0,3,2,0,0,0,0,0,3,1,0,2,0,1,4,6,7,4,2,0,2,0,23,1,0,0,1,1,0,0,0,2,11,0,1,0,5,0,0,0,0,0,1,0,0,0
360670056011019,64,64,38,6,0,8,0,1,11,64,60,4,64,25,1,5,2,0,0,0,0,0,0,3,0,1,10,2,1,0,0,0,0,0,0,0,0,39,3,1,1,0,1,0,0,0,0,3,5,0,3,1,2,2,2,2,1,4,1,1,6
360670056011020,0,0,0,0,0,0,0,0,0,0,0,0,0,0,0,0,0,0,0,0,0,0,0,0,0,0,0,0,0,0,0,0,0,0,0,0,0,0,0,0,0,0,0,0,0,0,0,0,0,0,0,0,0,0,0,0,0,0,0,0,0
360670056011021,123,123,87,23,0,1,0,4,8,123,118,5,123,53,4,2,2,4,0,1,0,5,4,1,8,3,7,2,4,2,3,0,0,1,0,0,0,70,1,0,0,0,1,0,0,0,1,14,9,6,0,8,5,3,10,4,4,1,2,0,1
360670056011022,78,78,39,13,0,7,0,0,19,78,73,5,78,37,2,0,0,2,1,2,4,4,9,7,2,1,1,0,0,2,0,0,0,0,0,0,0,41,2,4,2,4,1,1,0,3,6,0,1,6,2,0,9,0,0,0,0,0,0,0,0
360670056011023,17,17,7,0,0,0,0,4,6,17,11,6,17,8,3,0,1,0,0,0,2,0,1,0,0,0,0,1,0,0,0,0,0,0,0,0,0,9,0,0,0,1,1,1,0,5,1,0,0,0,0,0,0,0,0,0,0,0,0,0,0
360670056011024,36,36,21,8,0,0,0,2,5,36,34,2,36,16,1,1,2,1,0,0,0,0,1,8,0,0,0,0,0,0,2,0,0,0,0,0,0,20,1,0,1,0,0,1,0,3,0,1,0,0,1,1,1,0,1,0,3,3,2,1,0
360670056011025,52,52,40,5,0,3,0,0,4,52,52,0,52,14,2,4,0,0,1,0,0,1,2,0,2,0,0,0,2,0,0,0,0,0,0,0,0,38,0,4,4,1,0,0,1,0,0,0,0,0,0,5,0,0,0,8,3,5,7,0,0
360670056011026,21,21,18,0,0,2,0,0,1,21,21,0,21,16,0,0,0,0,0,0,1,1,0,0,0,3,0,0,3,0,1,0,0,7,0,0,0,5,0,0,0,0,0,0,0,0,0,0,0,0,0,0,2,0,0,0,0,0,0,0,3
360670056011027,47,47,30,8,0,1,0,3,5,47,43,4,47,17,2,1,0,0,0,0,0,0,1,4,0,0,0,1,3,0,0,2,0,0,1,2,0,30,1,1,0,1,0,0,0,1,0,0,2,5,4,0,4,0,5,0,1,0,2,1,2
360670056011028,0,0,0,0,0,0,0,0,0,0,0,0,0,0,0,0,0,0,0,0,0,0,0,0,0,0,0,0,0,0,0,0,0,0,0,0,0,0,0,0,0,0,0,0,0,0,0,0,0,0,0,0,0,0,0,0,0,0,0,0,0
360670056011029,0,0,0,0,0,0,0,0,0,0,0,0,0,0,0,0,0,0,0,0,0,0,0,0,0,0,0,0,0,0,0,0,0,0,0,0,0,0,0,0,0,0,0,0,0,0,0,0,0,0,0,0,0,0,0,0,0,0,0,0,0
360670056011030,34,34,23,5,2,3,0,0,1,34,34,0,34,9,3,1,0,0,0,0,0,0,2,0,1,1,0,0,0,0,1,0,0,0,0,0,0,25,0,0,4,0,0,0,0,0,12,1,0,0,0,2,1,0,4,0,1,0,0,0,0
360670056011031,26,26,24,0,0,2,0,0,0,26,26,0,26,16,0,0,0,0,0,0,0,0,5,0,2,0,2,2,0,0,0,2,0,1,0,2,0,10,1,0,0,0,1,0,0,4,0,3,0,0,0,0,0,0,0,0,1,0,0,0,0
360670056011032,0,0,0,0,0,0,0,0,0,0,0,0,0,0,0,0,0,0,0,0,0,0,0,0,0,0,0,0,0,0,0,0,0,0,0,0,0,0,0,0,0,0,0,0,0,0,0,0,0,0,0,0,0,0,0,0,0,0,0,0,0
360670056011033,31,31,22,3,1,5,0,0,0,31,31,0,31,25,1,0,3,0,0,0,0,0,1,1,1,0,1,6,7,3,0,0,0,0,1,0,0,6,0,3,0,0,0,0,0,0,1,1,0,0,0,1,0,0,0,0,0,0,0,0,0
360670056011034,58,58,41,15,0,0,0,0,2,58,57,1,58,33,0,2,0,0,0,0,0,0,0,6,1,1,1,4,3,0,3,0,8,0,2,0,2,25,7,0,2,0,0,0,0,0,1,0,1,0,1,3,0,0,1,3,1,0,0,2,3
360670056011035,16,16,4,6,0,0,0,0,6,16,16,0,16,5,0,0,0,0,1,0,0,0,0,0,1,0,1,2,0,0,0,0,0,0,0,0,0,11,0,0,0,0,2,0,0,3,0,1,1,1,1,1,0,1,0,0,0,0,0,0,0
360670056011036,0,0,0,0,0,0,0,0,0,0,0,0,0,0,0,0,0,0,0,0,0,0,0,0,0,0,0,0,0,0,0,0,0,0,0,0,0,0,0,0,0,0,0,0,0,0,0,0,0,0,0,0,0,0,0,0,0,0,0,0,0
360670056011037,34,34,24,5,0,2,0,3,0,34,34,0,34,18,1,2,1,0,0,0,0,2,9,1,1,1,0,0,0,0,0,0,0,0,0,0,0,16,2,0,1,0,0,0,0,0,5,2,0,0,0,0,3,0,0,0,0,3,0,0,0
360670056011038,82,82,60,20,0,2,0,0,0,82,82,0,82,30,2,3,1,5,0,1,0,4,2,3,0,0,2,1,0,1,0,0,2,0,3,0,0,52,0,1,0,1,1,0,0,1,3,0,6,2,0,5,3,1,0,4,8,6,9,1,0
360670056011039,39,39,15,14,0,9,0,0,1,39,39,0,39,10,1,0,0,3,0,0,0,0,3,2,1,0,0,0,0,0,0,0,0,0,0,0,0,29,1,3,1,0,1,0,1,1,1,6,5,1,2,0,3,0,0,0,0,3,0,0,0
360670056021000,572,572,418,62,0,32,0,16,44,572,537,35,572,218,0,0,0,2,152,9,10,22,7,1,2,1,4,2,0,2,1,1,0,1,0,0,1,354,1,0,1,3,288,5,8,12,9,0,6,0,1,0,1,6,4,0,2,2,0,4,1
360670056021001,15,15,12,0,0,3,0,0,0,15,15,0,15,4,0,0,1,1,0,1,0,0,1,0,0,0,0,0,0,0,0,0,0,0,0,0,0,11,1,0,0,0,0,4,0,3,1,0,0,2,0,0,0,0,0,0,0,0,0,0,0
360670056021002,0,0,0,0,0,0,0,0,0,0,0,0,0,0,0,0,0,0,0,0,0,0,0,0,0,0,0,0,0,0,0,0,0,0,0,0,0,0,0,0,0,0,0,0,0,0,0,0,0,0,0,0,0,0,0,0,0,0,0,0,0
360670056021003,274,274,203,37,1,18,2,6,7,274,261,13,274,192,0,0,0,1,115,36,23,13,0,2,0,1,0,0,0,0,0,1,0,0,0,0,0,82,1,0,0,0,50,19,5,6,1,0,0,0,0,0,0,0,0,0,0,0,0,0,0
360670056021004,52,52,38,13,0,0,0,0,1,52,51,1,52,34,0,0,0,0,30,3,0,0,0,0,0,0,1,0,0,0,0,0,0,0,0,0,0,18,0,0,0,0,12,0,4,1,0,0,0,0,0,0,0,1,0,0,0,0,0,0,0
360670056021005,0,0,0,0,0,0,0,0,0,0,0,0,0,0,0,0,0,0,0,0,0,0,0,0,0,0,0,0,0,0,0,0,0,0,0,0,0,0,0,0,0,0,0,0,0,0,0,0,0,0,0,0,0,0,0,0,0,0,0,0,0
360670056021006,63,63,41,6,0,3,0,3,10,63,58,5,63,31,0,0,0,0,23,3,3,1,0,0,0,0,0,0,1,0,0,0,0,0,0,0,0,32,1,1,0,0,20,6,0,0,3,1,0,0,0,0,0,0,0,0,0,0,0,0,0
360670056021007,50,50,40,6,0,1,0,3,0,50,43,7,50,28,0,0,0,0,20,8,0,0,0,0,0,0,0,0,0,0,0,0,0,0,0,0,0,22,0,0,0,0,22,0,0,0,0,0,0,0,0,0,0,0,0,0,0,0,0,0,0
360670056021008,39,39,28,3,0,3,0,0,5,39,38,1,39,24,1,1,0,0,9,11,0,0,0,0,0,0,0,1,0,0,0,1,0,0,0,0,0,15,0,0,0,0,6,3,5,0,0,0,0,0,0,0,0,0,0,0,0,0,0,1,0
360670056021009,342,342,259,45,1,8,0,13,16,342,306,36,342,139,2,0,0,0,131,1,1,1,1,0,0,0,0,0,2,0,0,0,0,0,0,0,0,203,0,0,0,0,175,14,5,6,0,0,0,0,0,0,1,1,0,0,1,0,0,0,0
360670056021010,0,0,0,0,0,0,0,0,0,0,0,0,0,0,0,0,0,0,0,0,0,0,0,0,0,0,0,0,0,0,0,0,0,0,0,0,0,0,0,0,0,0,0,0,0,0,0,0,0,0,0,0,0,0,0,0,0,0,0,0,0
360670056021011,125,125,84,18,0,8,0,6,9,125,114,11,125,50,2,1,2,0,39,6,0,0,0,0,0,0,0,0,0,0,0,0,0,0,0,0,0,75,2,1,3,1,42,13,11,0,0,1,0,0,1,0,0,0,0,0,0,0,0,0,0
360670056021012,117,117,100,7,0,5,1,3,1,117,103,14,117,45,0,0,0,0,26,10,8,1,0,0,0,0,0,0,0,0,0,0,0,0,0,0,0,72,0,0,0,0,43,29,0,0,0,0,0,0,0,0,0,0,0,0,0,0,0,0,0
360670056021013,160,160,113,14,1,9,0,10,13,160,139,21,160,62,0,0,0,0,40,20,0,1,0,0,0,0,0,0,0,0,0,0,0,0,0,0,1,98,0,0,0,1,80,13,2,0,1,0,0,0,0,0,0,0,0,0,0,1,0,0,0
360670056021014,627,627,460,73,0,36,1,27,30,627,564,63,627,257,0,1,0,0,201,35,0,8,1,0,2,1,2,0,2,0,4,0,0,0,0,0,0,370,1,0,0,0,334,4,4,25,0,0,2,0,0,0,0,0,0,0,0,0,0,0,0
360670056021015,280,280,193,39,0,12,0,17,19,280,251,29,280,122,3,0,0,0,112,2,2,1,2,0,0,0,0,0,0,0,0,0,0,0,0,0,0,158,2,0,0,0,121,14,11,7,1,0,0,0,0,0,2,0,0,0,0,0,0,0,0
360670056021016,153,153,119,15,0,6,0,4,9,153,145,8,153,78,0,0,0,0,55,16,3,4,0,0,0,0,0,0,0,0,0,0,0,0,0,0,0,75,0,0,0,0,66,9,0,0,0,0,0,0,0,0,0,0,0,0,0,0,0,0,0
360670057001000,38,38,4,29,0,0,0,2,3,38,31,7,38,20,0,1,2,1,0,0,0,0,0,0,5,0,0,7,3,1,0,0,0,0,0,0,0,18,2,6,5,0,0,0,0,0,1,0,0,0,0,2,0,0,0,2,0,0,0,0,0
360670057001001,332,332,191,115,4,0,0,11,11,332,318,14,332,156,15,5,8,8,3,0,0,4,13,22,11,8,4,9,11,9,0,5,6,7,5,0,3,176,16,13,10,6,6,0,0,0,9,17,9,12,7,21,24,0,8,2,1,6,5,0,4
360670057001002,58,58,19,20,8,1,0,5,5,58,45,13,58,28,2,3,3,6,0,0,0,0,4,2,0,0,0,0,2,0,0,1,0,4,1,0,0,30,1,0,3,4,2,1,0,1,0,1,8,0,1,0,1,2,0,0,5,0,0,0,0
360670057001003,34,34,13,12,0,0,0,0,9,34,30,4,34,20,1,0,1,0,0,2,4,5,0,0,0,0,0,0,0,2,0,5,0,0,0,0,0,14,0,0,0,1,0,0,0,0,2,1,0,0,1,2,1,0,2,0,0,1,0,1,2
360670057001004,37,37,15,18,1,0,0,0,3,37,34,3,37,15,1,1,1,0,0,0,0,0,1,1,4,2,0,3,0,0,1,0,0,0,0,0,0,22,0,9,2,0,0,0,0,0,0,0,0,0,9,0,1,0,0,0,0,1,0,0,0
360670057001005,32,32,18,5,0,2,0,3,4,32,28,4,32,10,0,2,0,0,0,1,0,0,1,1,1,0,0,0,0,0,0,1,3,0,0,0,0,22,1,3,0,0,0,1,0,0,2,1,2,0,0,0,2,0,0,2,5,0,0,3,0
360670057001006,100,100,39,50,0,0,0,0,11,100,97,3,100,40,4,7,9,0,0,1,0,1,0,6,2,2,0,1,1,0,0,3,3,0,0,0,0,60,0,0,4,0,1,2,2,1,6,4,11,16,2,0,0,7,2,0,1,0,0,1,0
360670057001007,54,54,21,22,0,1,0,2,8,54,49,5,54,39,2,0,2,0,3,0,0,2,3,0,3,2,6,4,4,2,3,0,1,0,0,0,2,15,2,0,4,0,0,0,0,0,1,0,2,0,3,1,2,0,0,0,0,0,0,0,0
360670057001008,119,119,65,41,3,0,0,7,3,119,112,7,119,62,2,7,3,1,1,0,0,0,0,1,2,8,7,0,7,4,3,4,3,6,2,1,0,57,3,3,0,2,2,2,0,5,3,8,1,0,2,4,0,2,4,4,2,1,9,0,0
360670057002000,0,0,0,0,0,0,0,0,0,0,0,0,0,0,0,0,0,0,0,0,0,0,0,0,0,0,0,0,0,0,0,0,0,0,0,0,0,0,0,0,0,0,0,0,0,0,0,0,0,0,0,0,0,0,0,0,0,0,0,0,0
360670057002001,0,0,0,0,0,0,0,0,0,0,0,0,0,0,0,0,0,0,0,0,0,0,0,0,0,0,0,0,0,0,0,0,0,0,0,0,0,0,0,0,0,0,0,0,0,0,0,0,0,0,0,0,0,0,0,0,0,0,0,0,0
360670057002002,94,94,12,70,2,0,0,1,9,94,87,7,94,40,2,6,1,6,0,0,1,1,0,5,1,2,0,7,8,0,0,0,0,0,0,0,0,54,3,5,6,0,0,0,0,2,4,0,1,19,0,0,6,1,7,0,0,0,0,0,0
360670057002003,64,64,11,41,2,0,0,2,8,64,61,3,64,39,3,4,5,7,1,0,0,0,1,4,0,0,4,0,0,4,6,0,0,0,0,0,0,25,0,1,1,0,1,0,0,1,3,8,10,0,0,0,0,0,0,0,0,0,0,0,0
360670057002004,25,25,6,7,0,0,0,0,12,25,19,6,25,12,1,3,1,3,0,0,0,0,2,0,0,1,0,1,0,0,0,0,0,0,0,0,0,13,1,3,3,0,0,0,0,2,0,3,0,0,0,1,0,0,0,0,0,0,0,0,0
360670057002005,115,115,16,76,1,0,0,12,10,115,92,23,115,59,1,10,9,0,0,0,1,0,2,4,4,5,0,5,2,2,3,4,2,5,0,0,0,56,5,8,7,0,0,2,1,1,0,4,6,2,11,1,2,4,1,0,1,0,0,0,0
360670057002006,75,75,12,50,1,0,0,6,6,75,65,10,75,34,2,0,8,2,0,0,0,0,3,0,0,5,3,1,0,7,1,0,1,1,0,0,0,41,5,3,3,3,0,0,0,0,2,6,0,1,0,1,5,1,0,5,2,3,0,1,0
360670057002007,63,63,8,51,1,0,0,2,1,63,53,10,63,33,8,4,3,3,1,0,0,0,0,3,6,0,3,1,0,0,1,0,0,0,0,0,0,30,5,0,0,2,0,0,0,0,0,0,2,0,0,5,0,0,10,6,0,0,0,0,0
360670057002008,18,18,4,10,0,0,0,2,2,18,16,2,18,7,0,0,0,0,0,0,0,0,5,0,0,1,0,1,0,0,0,0,0,0,0,0,0,11,1,0,0,0,0,0,0,0,0,0,0,3,5,0,1,0,1,0,0,0,0,0,0
360670057002009,0,0,0,0,0,0,0,0,0,0,0,0,0,0,0,0,0,0,0,0,0,0,0,0,0,0,0,0,0,0,0,0,0,0,0,0,0,0,0,0,0,0,0,0,0,0,0,0,0,0,0,0,0,0,0,0,0,0,0,0,0
360670057002010,143,143,20,97,3,0,0,15,8,143,126,17,143,57,5,7,6,1,8,1,0,0,0,0,2,0,0,7,0,1,2,3,1,0,3,10,0,86,1,1,16,3,0,0,1,6,1,11,7,1,3,2,8,0,6,1,0,9,6,1,2
360670057002011,63,63,1,54,0,0,0,5,3,63,59,4,63,14,0,0,0,0,0,0,0,0,5,1,0,7,0,1,0,0,0,0,0,0,0,0,0,49,3,0,0,11,0,0,0,3,21,0,2,2,2,3,2,0,0,0,0,0,0,0,0
360670057002012,72,72,13,53,0,0,0,1,5,72,70,2,72,24,4,4,3,1,4,0,0,1,1,0,0,0,0,0,1,2,0,0,0,3,0,0,0,48,2,3,1,3,1,1,1,3,4,4,2,4,1,3,2,1,3,3,1,3,1,1,0
360670057002013,75,75,15,41,0,0,0,7,12,75,64,11,75,43,3,0,6,1,1,0,1,1,9,6,4,2,3,1,2,0,3,0,0,0,0,0,0,32,2,1,1,3,11,0,0,1,1,1,0,1,3,1,6,0,0,0,0,0,0,0,0
360670057002014,71,71,35,25,5,0,0,3,3,71,63,8,71,44,1,3,3,6,3,7,0,6,0,0,0,0,2,0,0,2,4,0,3,2,0,2,0,27,1,1,0,1,1,2,2,4,0,9,1,3,0,0,1,0,1,0,0,0,0,0,0
360670057002015,56,56,19,30,0,0,0,1,6,56,56,0,56,40,6,3,7,1,0,0,0,0,5,2,1,1,7,0,7,0,0,0,0,0,0,0,0,16,4,0,1,0,1,0,0,0,3,0,0,2,1,0,1,0,0,0,0,3,0,0,0
360670057002016,61,61,24,29,0,0,0,3,5,61,58,3,61,24,0,1,0,0,1,0,3,0,4,1,3,3,0,0,0,0,0,0,7,0,0,0,1,37,0,1,3,4,3,0,0,0,4,0,1,6,0,3,1,5,0,1,0,0,2,2,1
360670057002017,66,66,10,45,0,1,0,0,10,66,57,9,66,19,1,4,0,2,0,0,0,1,2,4,0,0,1,0,0,0,0,1,0,3,0,0,0,47,2,6,7,1,0,3,5,6,0,2,0,2,0,7,6,0,0,0,0,0,0,0,0
360670057002018,76,76,12,54,0,0,0,6,4,76,70,6,76,48,2,9,1,1,0,1,0,2,1,0,11,1,4,7,8,0,0,0,0,0,0,0,0,28,0,0,1,0,0,0,0,1,3,1,0,2,2,0,5,1,3,0,9,0,0,0,0
360670058001000,153,153,9,140,1,0,0,2,1,153,149,4,153,80,3,0,5,0,0,0,0,3,4,9,0,0,5,18,18,0,0,4,1,6,4,0,0,73,11,2,4,6,2,0,0,0,4,0,10,2,4,1,8,0,2,0,2,11,0,1,3
360670058001001,118,118,14,103,1,0,0,0,0,118,117,1,118,70,6,11,5,11,1,3,2,6,5,2,0,0,5,0,3,1,2,2,1,0,4,0,0,48,7,0,0,2,0,0,0,0,0,7,1,7,7,0,0,0,2,0,0,0,4,5,6
360670058001002,16,16,5,6,0,0,0,1,4,16,14,2,16,8,1,1,2,1,0,0,0,0,0,0,0,0,0,0,0,0,0,0,3,0,0,0,0,8,0,3,1,2,0,0,0,0,0,1,1,0,0,0,0,0,0,0,0,0,0,0,0
360670058001003,38,38,3,26,0,0,0,7,2,38,30,8,38,23,4,7,2,4,0,0,0,0,3,2,1,0,0,0,0,0,0,0,0,0,0,0,0,15,0,1,1,1,2,0,0,3,1,0,1,0,1,1,2,1,0,0,0,0,0,0,0
360670058001004,30,30,2,23,0,1,0,1,3,30,28,2,30,11,2,3,0,1,1,0,0,0,3,0,1,0,0,0,0,0,0,0,0,0,0,0,0,19,1,1,0,0,1,0,0,1,1,0,0,0,10,0,0,4,0,0,0,0,0,0,0
360670058001005,54,54,1,51,1,0,0,0,1,54,53,1,54,19,0,0,0,0,0,0,4,4,8,0,0,2,0,0,0,1,0,0,0,0,0,0,0,35,1,3,0,1,2,0,0,0,5,2,4,3,3,1,1,2,4,0,0,3,0,0,0
360670058001006,86,86,19,67,0,0,0,0,0,86,79,7,86,37,2,0,3,2,1,0,0,0,3,0,1,3,0,1,6,0,8,0,0,6,0,0,1,49,0,3,4,3,0,0,4,6,1,0,2,0,2,3,2,0,3,3,6,3,1,1,2
360670058001007,138,138,8,129,0,0,0,0,1,138,138,0,138,44,12,0,9,0,2,0,0,2,0,2,2,1,0,3,0,0,0,5,4,1,1,0,0,94,0,14,5,2,1,5,0,10,9,12,0,7,1,10,3,0,0,2,3,0,9,0,1
360670058001008,40,40,6,30,0,0,0,0,4,40,40,0,40,4,2,0,0,0,2,0,0,0,0,0,0,0,0,0,0,0,0,0,0,0,0,0,0,36,1,4,0,0,10,1,0,1,2,1,0,11,2,0,2,0,0,0,0,0,0,0,1
360670058001009,66,66,2,54,0,0,0,1,9,66,64,2,66,44,0,0,2,2,1,1,2,5,0,3,9,9,2,0,0,7,0,1,0,0,0,0,0,22,0,0,4,3,0,0,0,0,3,3,2,0,1,2,3,0,0,0,1,0,0,0,0
360670058001010,0,0,0,0,0,0,0,0,0,0,0,0,0,0,0,0,0,0,0,0,0,0,0,0,0,0,0,0,0,0,0,0,0,0,0,0,0,0,0,0,0,0,0,0,0,0,0,0,0,0,0,0,0,0,0,0,0,0,0,0,0
360670058002000,41,41,6,26,1,0,0,1,7,41,33,8,41,23,2,0,3,0,0,1,1,7,1,0,1,0,0,5,0,0,0,0,1,0,0,1,0,18,1,1,9,0,0,0,0,0,0,1,0,0,2,0,0,0,0,3,1,0,0,0,0
360670058002001,0,0,0,0,0,0,0,0,0,0,0,0,0,0,0,0,0,0,0,0,0,0,0,0,0,0,0,0,0,0,0,0,0,0,0,0,0,0,0,0,0,0,0,0,0,0,0,0,0,0,0,0,0,0,0,0,0,0,0,0,0
360670058002002,29,29,5,19,0,0,0,2,3,29,27,2,29,15,0,1,1,0,0,0,0,0,1,1,0,0,0,1,0,7,3,0,0,0,0,0,0,14,0,0,0,3,1,0,0,3,0,0,2,0,1,0,1,0,1,2,0,0,0,0,0
360670058002003,107,107,21,81,0,0,0,0,5,107,101,6,107,50,2,4,5,1,5,4,0,2,2,0,11,1,0,0,11,0,2,0,0,0,0,0,0,57,5,8,6,1,0,0,0,3,0,2,2,10,5,0,0,2,4,1,0,1,7,0,0
360670058002004,0,0,0,0,0,0,0,0,0,0,0,0,0,0,0,0,0,0,0,0,0,0,0,0,0,0,0,0,0,0,0,0,0,0,0,0,0,0,0,0,0,0,0,0,0,0,0,0,0,0,0,0,0,0,0,0,0,0,0,0,0
360670058002005,11,11,0,8,0,0,0,0,3,11,10,1,11,7,3,2,0,0,0,0,0,0,0,0,0,0,2,0,0,0,0,0,0,0,0,0,0,4,1,1,2,0,0,0,0,0,0,0,0,0,0,0,0,0,0,0,0,0,0,0,0
360670058002006,36,36,1,29,0,0,0,2,4,36,25,11,36,19,1,2,8,3,0,0,0,0,2,0,0,0,0,0,0,1,0,0,2,0,0,0,0,17,4,1,3,3,0,0,0,0,0,0,4,0,0,0,0,0,0,0,1,1,0,0,0
360670058002007,10,10,2,4,2,0,0,1,1,10,5,5,10,4,0,0,0,1,0,0,0,0,0,0,2,1,0,0,0,0,0,0,0,0,0,0,0,6,0,0,0,1,1,0,0,0,1,1,1,0,1,0,0,0,0,0,0,0,0,0,0
360670058002008,48,48,7,33,3,1,0,1,3,48,46,2,48,37,3,2,0,2,0,0,0,1,0,3,0,6,2,1,1,5,4,1,3,2,0,1,0,11,0,0,3,0,1,0,0,3,1,0,0,0,0,0,1,2,0,0,0,0,0,0,0
360670058002009,0,0,0,0,0,0,0,0,0,0,0,0,0,0,0,0,0,0,0,0,0,0,0,0,0,0,0,0,0,0,0,0,0,0,0,0,0,0,0,0,0,0,0,0,0,0,0,0,0,0,0,0,0,0,0,0,0,0,0,0,0
360670058002010,101,101,20,61,2,0,0,10,8,101,83,18,101,44,9,6,2,4,0,1,0,1,2,4,1,0,0,4,7,0,1,0,2,0,0,0,0,57,1,4,5,0,1,0,0,0,11,0,2,0,6,12,3,2,5,1,2,0,2,0,0
360670058002011,56,56,10,40,1,0,0,0,5,56,47,9,56,29,3,5,3,1,0,0,0,1,0,9,2,0,0,3,0,0,0,0,2,0,0,0,0,27,2,1,4,0,0,1,0,2,1,1,0,0,0,1,6,0,0,4,0,0,0,4,0
360670058002012,171,171,27,121,0,2,0,3,18,171,159,12,171,75,10,2,9,1,4,0,0,0,14,9,7,0,10,3,1,1,0,0,0,2,2,0,0,96,12,5,7,9,1,1,0,3,10,9,9,1,1,0,17,0,0,1,2,4,0,1,3
360670058003000,312,312,34,234,2,0,0,16,26,312,289,23,312,144,12,21,27,12,3,2,0,8,4,1,0,4,2,3,16,5,6,6,2,7,0,2,1,168,9,15,11,2,1,6,0,14,6,3,23,3,14,9,12,12,7,5,8,4,2,0,2
360670058003001,149,149,32,76,5,1,0,17,18,149,126,23,149,87,4,11,8,1,4,0,2,4,1,5,12,13,3,1,4,2,0,4,1,1,3,3,0,62,7,4,9,4,0,0,0,0,2,1,1,1,9,0,7,1,2,0,1,6,5,2,0
360670058003002,127,127,21,93,1,0,0,8,4,127,110,17,127,54,6,4,10,2,0,0,0,0,0,1,1,5,6,11,0,3,2,0,2,0,1,0,0,73,11,12,2,4,4,0,2,6,2,4,1,10,5,5,0,0,2,1,0,1,0,1,0
360670058003003,184,184,25,143,0,2,0,6,8,184,163,21,184,72,6,6,2,11,8,0,0,5,10,10,3,2,0,0,0,0,2,0,3,2,2,0,0,112,9,3,17,11,9,0,1,0,9,9,2,13,0,2,13,0,9,1,2,0,0,2,0
360670058003004,0,0,0,0,0,0,0,0,0,0,0,0,0,0,0,0,0,0,0,0,0,0,0,0,0,0,0,0,0,0,0,0,0,0,0,0,0,0,0,0,0,0,0,0,0,0,0,0,0,0,0,0,0,0,0,0,0,0,0,0,0
360670059001000,0,0,0,0,0,0,0,0,0,0,0,0,0,0,0,0,0,0,0,0,0,0,0,0,0,0,0,0,0,0,0,0,0,0,0,0,0,0,0,0,0,0,0,0,0,0,0,0,0,0,0,0,0,0,0,0,0,0,0,0,0
360670059001001,56,56,6,43,0,0,1,0,6,56,53,3,56,28,2,4,2,2,1,0,0,2,0,2,0,2,0,2,1,0,1,0,1,1,3,1,1,28,6,0,2,0,0,0,0,2,1,6,1,0,0,6,0,1,0,3,0,0,0,0,0
360670059001002,58,58,7,43,0,0,0,3,5,58,49,9,58,26,4,0,6,1,0,0,0,0,0,1,0,1,0,1,12,0,0,0,0,0,0,0,0,32,0,3,3,0,1,4,1,0,1,0,0,1,4,0,0,10,0,1,0,0,1,2,0
360670059001003,114,114,23,48,0,0,0,26,17,114,76,38,114,55,2,2,4,3,1,2,0,15,2,0,3,0,7,11,3,0,0,0,0,0,0,0,0,59,6,7,6,2,0,1,2,4,1,6,0,3,3,2,1,0,1,1,5,8,0,0,0
360670059001004,103,103,26,62,0,0,0,7,8,103,90,13,103,43,2,2,0,4,0,0,0,1,8,4,2,6,2,1,0,0,9,0,0,0,1,0,1,60,7,6,13,3,0,0,0,0,14,1,0,0,4,4,7,0,0,1,0,0,0,0,0
360670059001005,75,75,1,66,0,0,0,0,8,75,71,4,75,24,3,2,0,0,0,0,0,3,0,6,1,0,2,2,1,0,0,0,1,0,3,0,0,51,7,13,3,2,0,0,0,0,1,1,6,9,0,4,1,0,3,0,0,1,0,0,0
360670059001006,66,66,3,60,0,0,0,2,1,66,64,2,66,33,1,2,1,5,0,0,0,0,9,2,0,1,4,3,0,1,0,2,0,0,2,0,0,33,0,0,0,0,0,0,0,1,3,9,0,2,0,0,13,0,0,2,0,0,0,3,0
360670059001007,62,62,19,37,0,0,0,0,6,62,59,3,62,27,0,1,1,2,8,2,0,2,2,0,0,0,3,3,3,0,0,0,0,0,0,0,0,35,4,10,0,0,0,0,0,1,1,4,1,0,0,5,2,0,2,2,2,0,0,0,1
360670059001008,116,116,7,106,0,0,0,3,0,116,104,12,116,67,1,18,9,2,8,1,0,0,1,4,8,3,5,1,0,0,3,2,0,1,0,0,0,49,0,5,0,4,0,0,2,2,9,2,0,2,4,1,0,4,2,0,0,0,9,2,1
360670059001009,66,66,0,58,0,0,0,4,4,66,58,8,66,23,0,5,3,2,0,0,0,1,2,0,2,2,0,2,1,0,0,0,2,1,0,0,0,43,5,2,3,1,4,0,0,3,2,2,0,1,0,6,12,1,0,1,0,0,0,0,0
360670059001010,44,44,7,19,0,0,0,7,11,44,30,14,44,20,0,0,3,0,0,0,0,0,0,1,3,2,0,4,4,0,1,0,0,2,0,0,0,24,1,3,0,1,2,1,0,2,6,0,1,6,1,0,0,0,0,0,0,0,0,0,0
360670059002000,15,15,1,4,1,2,0,0,7,15,12,3,15,10,1,1,0,1,0,0,0,0,0,0,0,1,0,1,1,4,0,0,0,0,0,0,0,5,1,1,0,0,0,0,0,0,1,0,1,0,0,1,0,0,0,0,0,0,0,0,0
360670059002001,109,109,4,84,1,0,0,5,15,109,96,13,109,42,7,5,4,3,1,0,0,0,1,4,0,3,0,3,8,0,2,0,1,0,0,0,0,67,5,3,6,7,0,0,7,9,0,1,6,8,5,5,2,2,0,0,0,1,0,0,0
360670059002002,101,101,26,63,0,0,0,1,11,101,90,11,101,58,4,1,1,0,6,1,0,2,4,8,2,4,0,0,0,1,7,3,3,11,0,0,0,43,11,6,2,7,0,0,0,0,1,3,1,0,0,6,0,0,0,0,4,0,2,0,0
360670059002003,218,218,24,169,4,0,0,10,11,218,199,19,218,114,11,15,4,2,3,0,3,5,12,2,12,9,0,9,10,6,4,1,1,1,4,0,0,104,13,2,10,9,2,0,0,4,1,5,3,0,15,8,9,0,0,6,3,9,5,0,0
360670059002004,238,238,38,187,0,0,0,3,10,238,219,19,238,78,7,14,26,3,0,7,1,5,4,0,1,0,1,0,5,0,2,0,0,1,0,0,1,160,3,21,13,0,3,1,0,7,25,15,9,1,1,5,13,1,11,10,3,1,12,0,5
360670059002005,228,228,34,148,10,4,0,21,11,228,186,42,228,111,9,15,14,16,1,0,0,3,2,9,2,5,6,3,3,1,0,4,4,2,11,0,1,117,11,9,11,7,0,0,1,2,5,12,18,16,6,8,3,0,2,0,2,1,0,2,1
360670060001000,67,67,15,35,4,0,0,0,13,67,64,3,67,11,2,0,0,2,0,0,0,0,2,1,1,0,0,0,0,0,0,2,0,0,1,0,0,56,4,2,1,0,0,5,0,2,2,9,6,10,0,1,6,0,0,3,1,2,0,2,0
360670060001001,0,0,0,0,0,0,0,0,0,0,0,0,0,0,0,0,0,0,0,0,0,0,0,0,0,0,0,0,0,0,0,0,0,0,0,0,0,0,0,0,0,0,0,0,0,0,0,0,0,0,0,0,0,0,0,0,0,0,0,0,0
360670060001002,67,67,31,17,1,1,0,8,9,67,54,13,67,25,1,2,4,0,0,1,1,2,0,0,2,4,0,2,1,0,1,0,1,3,0,0,0,42,0,2,2,3,1,0,0,1,0,0,5,1,8,2,3,3,1,0,1,0,6,2,1
360670060001003,59,59,8,43,1,0,0,0,7,59,56,3,59,43,3,5,8,0,0,1,0,3,3,0,3,2,5,6,0,1,0,0,0,3,0,0,0,16,0,8,0,0,0,1,0,0,0,0,0,2,0,0,0,0,0,0,2,0,2,1,0
360670060001004,19,19,4,5,0,0,0,4,6,19,14,5,19,6,0,0,0,0,0,0,0,0,0,1,0,0,3,2,0,0,0,0,0,0,0,0,0,13,1,3,1,0,0,0,0,1,1,0,3,0,0,0,0,0,0,0,0,0,0,3,0
360670060001005,186,186,95,61,10,0,1,13,6,186,175,11,186,109,3,6,9,11,2,2,7,3,5,9,5,10,6,0,3,6,4,2,4,5,5,2,0,77,1,7,3,1,6,0,0,2,4,0,11,5,0,4,5,6,11,2,0,6,2,1,0
360670060001006,56,56,15,30,3,1,0,3,4,56,47,9,56,33,2,5,5,1,1,0,0,1,2,3,0,1,0,1,5,0,4,2,0,0,0,0,0,23,0,1,0,0,3,2,0,3,0,0,0,1,2,0,0,0,0,8,0,0,3,0,0
360670060001007,52,52,7,26,3,0,0,1,15,52,48,4,52,16,0,2,1,1,0,0,0,0,1,0,0,0,2,0,4,0,0,0,0,2,3,0,0,36,1,5,12,1,0,1,0,0,1,10,1,0,1,0,1,1,0,0,0,1,0,0,0
360670060001008,67,67,13,38,4,0,0,5,7,67,61,6,67,32,0,3,1,2,5,1,0,0,2,0,2,6,3,0,4,2,0,0,0,0,0,0,1,35,2,5,8,0,0,0,0,0,0,0,1,0,10,0,9,0,0,0,0,0,0,0,0
360670060001009,51,51,14,29,0,0,0,7,1,51,44,7,51,11,0,0,1,0,0,0,0,0,0,0,7,0,1,0,0,0,0,0,0,0,2,0,0,40,1,3,0,5,0,0,0,0,7,0,10,2,0,1,3,0,6,1,0,0,0,0,1
360670060001010,32,32,6,21,0,0,0,3,2,32,27,5,32,15,0,3,2,1,0,0,0,0,0,0,1,2,5,0,0,0,0,1,0,0,0,0,0,17,1,3,1,0,0,0,0,0,0,0,1,0,0,8,0,0,3,0,0,0,0,0,0
360670060001011,15,15,0,10,0,0,0,2,3,15,13,2,15,6,0,1,2,0,0,0,0,0,0,0,1,0,1,0,0,0,0,1,0,0,0,0,0,9,0,0,2,1,0,0,0,0,0,0,0,0,3,3,0,0,0,0,0,0,0,0,0
360670060001012,16,16,1,11,3,0,0,1,0,16,15,1,16,7,0,0,4,0,0,0,0,0,1,0,0,2,0,0,0,0,0,0,0,0,0,0,0,9,1,1,1,0,0,0,0,0,2,0,0,4,0,0,0,0,0,0,0,0,0,0,0
360670060001013,0,0,0,0,0,0,0,0,0,0,0,0,0,0,0,0,0,0,0,0,0,0,0,0,0,0,0,0,0,0,0,0,0,0,0,0,0,0,0,0,0,0,0,0,0,0,0,0,0,0,0,0,0,0,0,0,0,0,0,0,0
360670060002000,205,205,132,64,0,0,0,5,4,205,189,16,205,94,2,6,0,4,5,0,0,2,7,4,4,5,4,6,12,0,5,8,11,6,0,2,1,111,2,7,5,5,1,0,2,8,5,8,2,9,5,8,7,4,14,4,3,2,6,2,2
360670060002001,42,42,14,13,1,0,0,5,9,42,35,7,42,14,0,0,3,1,0,0,0,0,2,1,3,1,0,1,1,1,0,0,0,0,0,0,0,28,8,3,1,1,0,0,0,0,1,0,0,0,0,0,0,0,0,4,4,0,5,1,0
360670060002002,47,47,31,6,0,0,0,1,9,47,45,2,47,34,1,5,1,2,5,1,1,0,3,0,5,0,0,0,1,5,0,1,1,0,0,0,2,13,0,0,1,0,1,0,0,2,0,4,0,0,1,0,2,1,0,1,0,0,0,0,0
360670060002003,62,62,32,23,0,0,0,3,4,62,56,6,62,25,1,0,3,0,0,1,0,1,2,5,3,0,0,0,0,2,0,1,0,0,1,4,1,37,3,1,1,2,3,0,0,3,0,3,6,6,2,3,0,1,1,1,0,0,0,1,0
360670060002004,39,39,26,3,4,0,0,0,6,39,37,2,39,16,0,1,1,0,0,0,0,0,1,1,0,0,1,5,3,0,2,1,0,0,0,0,0,23,1,1,1,1,0,0,0,0,0,0,0,0,3,4,0,0,2,3,0,5,0,2,0
360670060002005,55,55,34,13,0,1,0,0,7,55,53,2,55,20,0,0,1,3,0,0,0,0,0,1,4,1,2,3,2,0,0,1,0,0,2,0,0,35,1,2,3,0,2,0,2,1,2,2,2,1,1,1,1,0,1,1,3,7,0,2,0
360670060002006,13,13,6,3,0,0,0,0,4,13,9,4,13,6,0,0,0,1,0,0,0,0,0,0,0,0,0,0,0,0,0,2,3,0,0,0,0,7,1,0,1,2,0,0,0,0,0,0,0,0,0,2,0,0,0,1,0,0,0,0,0
360670060002007,186,186,119,32,6,0,0,10,19,186,172,14,186,88,5,4,4,1,2,0,3,1,1,11,3,2,1,10,10,2,7,0,8,5,1,5,2,98,7,1,2,3,0,0,1,0,10,10,2,8,6,3,17,4,12,0,4,2,3,0,3
360670060002008,55,55,43,10,0,0,0,1,1,55,54,1,55,26,1,0,2,2,0,0,0,0,0,3,3,1,0,4,0,1,0,2,2,2,3,0,0,29,0,3,0,1,0,1,0,3,1,0,1,0,0,2,0,0,0,0,5,6,3,0,3
360670060002009,0,0,0,0,0,0,0,0,0,0,0,0,0,0,0,0,0,0,0,0,0,0,0,0,0,0,0,0,0,0,0,0,0,0,0,0,0,0,0,0,0,0,0,0,0,0,0,0,0,0,0,0,0,0,0,0,0,0,0,0,0
360670060003000,50,50,18,25,1,0,0,0,6,50,48,2,50,27,8,4,2,0,0,0,0,1,0,0,0,3,6,1,0,0,2,0,0,0,0,0,0,23,6,0,2,5,0,0,0,0,3,0,1,0,0,0,4,0,0,0,0,0,0,0,2
360670060003001,57,57,10,41,0,0,0,4,2,57,53,4,57,10,2,2,1,0,0,0,0,0,0,0,2,0,1,0,1,0,1,0,0,0,0,0,0,47,0,5,6,4,0,0,0,0,0,0,15,9,0,0,7,1,0,0,0,0,0,0,0
360670060003002,69,69,27,34,0,0,0,4,4,69,61,8,69,36,1,2,1,5,0,2,0,1,0,1,0,3,0,0,12,0,2,0,0,6,0,0,0,33,2,1,2,0,0,0,0,3,5,2,0,1,1,0,0,0,4,0,2,7,0,0,3
360670060003003,23,23,4,14,0,0,0,3,2,23,19,4,23,11,1,3,1,0,0,0,0,0,0,1,1,0,0,0,3,0,0,0,0,1,0,0,0,12,0,1,0,0,0,0,0,0,0,0,2,0,0,8,0,1,0,0,0,0,0,0,0
360670060003004,71,71,36,28,0,0,0,0,7,71,68,3,71,32,2,1,1,0,0,0,0,2,4,5,1,0,1,15,0,0,0,0,0,0,0,0,0,39,2,8,8,0,0,2,3,4,2,3,0,1,0,0,0,6,0,0,0,0,0,0,0
360670060003005,30,30,7,19,0,0,0,2,2,30,28,2,30,18,0,3,0,0,0,0,0,0,2,0,0,0,2,8,0,1,2,0,0,0,0,0,0,12,0,0,0,0,0,0,0,0,2,0,0,0,0,2,0,0,0,3,0,0,3,1,1
360670060003006,80,80,12,53,0,2,0,4,9,80,72,8,80,24,3,0,2,1,7,0,0,0,0,0,0,0,1,0,2,0,0,7,0,0,0,1,0,56,0,5,0,2,0,3,3,6,6,0,1,0,0,7,2,4,4,0,3,0,3,5,2
360670060003007,112,112,48,55,0,4,0,2,3,112,110,2,112,66,0,0,0,1,1,0,0,3,0,22,5,0,3,3,1,0,10,7,0,6,4,0,0,46,11,2,1,4,0,0,0,0,0,0,2,0,12,4,9,1,0,0,0,0,0,0,0
360670060003008,62,62,28,28,0,0,0,0,6,62,60,2,62,13,0,0,0,0,1,0,0,0,0,0,4,0,3,0,0,0,0,5,0,0,0,0,0,49,7,4,1,2,0,0,3,0,2,1,0,2,0,0,10,0,6,1,1,6,1,0,2
360670060003009,82,82,22,55,3,0,0,1,1,82,76,6,82,35,10,3,0,0,0,0,0,0,2,3,1,4,0,10,2,0,0,0,0,0,0,0,0,47,0,5,0,0,0,0,0,0,3,0,1,0,17,14,6,1,0,0,0,0,0,0,0
360670060003010,33,33,10,14,2,0,0,7,0,33,25,8,33,19,2,2,2,0,0,0,2,3,1,1,0,2,2,2,0,0,0,0,0,0,0,0,0,14,0,1,0,1,0,0,2,0,0,3,0,0,4,0,0,0,0,3,0,0,0,0,0
360670060003011,46,46,12,18,0,3,0,4,9,46,41,5,46,27,3,4,2,6,0,0,0,0,1,1,2,4,0,0,0,0,0,0,4,0,0,0,0,19,1,0,0,0,0,2,0,1,0,2,0,2,1,4,0,0,0,0,0,1,0,4,1
360670060003012,69,69,8,39,0,0,0,12,10,69,56,13,69,49,7,2,7,2,1,1,0,2,6,1,0,4,0,6,3,3,0,0,2,2,0,0,0,20,5,0,6,1,1,0,1,1,0,0,0,0,0,3,0,0,0,2,0,0,0,0,0
360670060003013,193,193,74,97,2,0,0,6,14,193,166,27,193,81,0,5,17,8,2,0,0,0,8,0,7,3,3,0,3,19,2,0,0,2,0,0,2,112,4,10,0,4,2,3,1,1,11,14,11,24,4,1,2,4,3,7,6,0,0,0,0
360670060003014,69,69,5,53,0,0,0,3,8,69,66,3,69,17,2,1,1,0,0,0,0,0,0,0,1,3,2,0,3,0,0,0,0,4,0,0,0,52,3,3,4,0,1,0,0,3,9,0,0,2,0,7,8,1,7,1,2,0,1,0,0
360670060003015,38,38,7,23,0,0,0,4,4,38,33,5,38,19,1,0,0,8,0,0,0,4,0,1,0,5,0,0,0,0,0,0,0,0,0,0,0,19,1,0,0,0,0,0,0,0,0,12,0,0,0,0,0,0,4,1,1,0,0,0,0
360670060003016,49,49,25,14,1,0,0,4,5,49,39,10,49,28,0,4,3,1,0,1,0,3,7,1,0,0,2,0,6,0,0,0,0,0,0,0,0,21,1,0,0,0,0,0,3,2,0,3,3,1,0,1,0,1,0,2,3,0,0,0,1
360670060003017,44,44,12,27,0,0,0,3,2,44,33,11,44,4,1,0,0,0,0,0,0,0,1,1,0,0,1,0,0,0,0,0,0,0,0,0,0,40,0,1,0,6,0,0,1,2,11,1,6,0,0,7,0,0,1,0,0,3,1,0,0
360670060003018,51,51,29,16,0,0,0,1,5,51,50,1,51,39,2,3,0,1,0,2,1,6,2,3,1,0,4,0,5,0,2,5,0,0,0,0,2,12,1,5,1,0,0,1,0,0,0,1,0,0,0,0,1,1,0,0,0,0,0,0,1
360670060003019,38,38,19,4,0,1,0,4,10,38,34,4,38,21,1,1,1,4,0,0,1,0,5,2,0,0,2,0,0,0,0,0,0,3,0,0,1,17,1,0,0,1,0,0,0,2,5,3,1,0,0,1,3,0,0,0,0,0,0,0,0
360670060003020,73,73,47,23,0,0,0,0,3,73,64,9,73,34,0,3,0,2,0,3,0,0,2,6,4,1,0,2,0,1,5,1,4,0,0,0,0,39,0,0,0,1,2,1,3,3,6,4,0,0,0,7,4,1,2,0,0,1,2,1,1
360670060004000,73,73,46,19,0,0,0,2,6,73,65,8,73,41,0,1,4,0,0,0,0,0,0,7,0,4,0,0,0,0,11,3,6,3,0,1,1,32,5,3,2,1,0,0,0,0,1,9,3,0,0,6,1,1,0,0,0,0,0,0,0
360670060004001,52,52,18,22,3,0,0,1,8,52,49,3,52,23,3,5,0,3,0,2,0,0,3,0,1,0,0,0,0,0,0,1,4,0,1,0,0,29,0,3,2,0,0,0,0,2,13,0,0,0,1,3,0,0,1,0,3,1,0,0,0
360670060004002,84,84,25,30,3,1,0,6,19,84,70,14,84,36,3,1,2,0,1,0,0,2,0,8,1,2,0,6,2,0,0,1,2,4,0,1,0,48,3,6,5,1,0,0,0,5,9,5,2,0,0,3,0,0,0,0,6,0,0,0,3
360670060004003,210,210,72,103,11,0,1,2,21,210,197,13,210,104,7,11,3,6,2,4,0,4,8,5,11,4,4,14,8,5,1,0,3,1,0,1,2,106,9,4,14,7,2,0,5,1,2,8,0,13,11,12,4,0,1,4,2,0,0,0,7
360670060004004,60,60,9,33,2,0,0,3,13,60,47,13,60,27,4,5,2,3,3,0,1,0,1,0,3,2,0,2,0,0,1,0,0,0,0,0,0,33,6,0,2,0,2,0,0,0,0,0,0,0,0,0,16,2,3,0,1,0,1,0,0
360670060004005,59,59,23,18,0,0,0,5,13,59,47,12,59,35,7,10,7,0,0,0,0,0,2,1,0,0,0,1,6,0,1,0,0,0,0,0,0,24,0,2,0,0,0,0,0,0,1,2,1,0,8,1,0,0,4,0,0,5,0,0,0
360670060004006,174,174,62,90,1,0,0,2,19,174,166,8,174,51,2,2,0,1,0,0,0,5,3,4,2,2,1,6,3,0,3,1,2,11,3,0,0,123,5,1,10,7,7,0,0,3,5,9,11,21,3,21,14,1,2,2,0,1,0,0,0
360670060004007,89,89,51,23,1,0,0,1,13,89,86,3,89,53,5,2,3,0,0,0,0,1,0,0,11,4,10,0,5,0,6,0,0,6,0,0,0,36,1,9,0,1,0,1,0,2,3,4,5,5,0,0,3,0,0,0,0,2,0,0,0
360670060004008,136,136,66,55,5,0,0,0,10,136,134,2,136,61,9,2,1,2,3,2,3,4,8,1,4,0,5,1,7,4,1,0,0,1,0,3,0,75,5,2,4,0,5,0,0,0,3,7,0,0,1,0,7,4,2,1,15,3,4,5,7
360670061011000,0,0,0,0,0,0,0,0,0,0,0,0,0,0,0,0,0,0,0,0,0,0,0,0,0,0,0,0,0,0,0,0,0,0,0,0,0,0,0,0,0,0,0,0,0,0,0,0,0,0,0,0,0,0,0,0,0,0,0,0,0
360670061011001,175,175,32,109,6,0,0,4,24,175,167,8,175,57,2,3,4,1,2,0,1,5,0,9,0,0,1,0,11,1,0,0,5,7,3,2,0,118,14,7,11,2,2,0,1,1,13,2,12,6,2,6,7,1,6,10,2,2,9,2,0
360670061011002,173,173,9,148,2,0,0,6,8,173,169,4,173,76,5,9,13,7,2,0,0,5,0,3,7,3,5,0,11,4,0,0,2,0,0,0,0,97,8,5,7,4,2,1,3,4,4,7,2,7,10,14,1,2,7,0,6,0,0,3,0
360670061011003,97,97,23,69,0,0,0,0,5,97,94,3,97,52,2,4,3,1,9,1,0,1,6,7,0,0,2,4,3,0,5,4,0,0,0,0,0,45,1,4,0,6,0,0,1,0,2,15,0,0,0,0,6,0,0,0,2,1,5,0,2
360670061011004,0,0,0,0,0,0,0,0,0,0,0,0,0,0,0,0,0,0,0,0,0,0,0,0,0,0,0,0,0,0,0,0,0,0,0,0,0,0,0,0,0,0,0,0,0,0,0,0,0,0,0,0,0,0,0,0,0,0,0,0,0
360670061011005,44,44,7,23,3,0,0,2,9,44,38,6,44,21,3,1,0,0,0,0,0,0,7,1,1,4,0,2,0,0,1,1,0,0,0,0,0,23,2,0,0,0,1,0,1,0,0,1,0,0,1,0,0,0,1,3,10,0,0,0,3
360670061011006,53,53,9,33,2,0,0,1,8,53,47,6,53,31,6,11,1,3,0,0,0,1,0,5,0,0,0,0,1,0,0,0,3,0,0,0,0,22,1,2,4,1,0,0,0,1,3,0,0,0,0,0,0,1,0,0,0,4,1,3,1
360670061011007,150,150,19,111,0,0,0,4,16,150,140,10,150,66,3,10,5,2,0,0,0,0,4,5,1,10,1,5,11,6,0,1,2,0,0,0,0,84,4,0,9,6,3,1,0,4,5,4,9,10,3,0,9,0,6,1,2,7,1,0,0
360670061011008,37,37,13,19,1,0,0,1,3,37,35,2,37,28,0,4,0,0,0,0,0,0,1,1,1,0,0,1,0,0,0,0,6,12,2,0,0,9,1,0,0,2,1,0,0,0,3,0,0,1,0,0,0,1,0,0,0,0,0,0,0
360670061011009,112,112,27,62,0,0,0,7,16,112,106,6,112,43,1,0,0,2,0,8,1,7,8,5,1,0,0,6,0,0,0,1,0,1,0,2,0,69,2,2,0,2,4,0,1,4,2,0,7,1,4,11,5,2,4,3,0,9,2,0,4
360670061011010,0,0,0,0,0,0,0,0,0,0,0,0,0,0,0,0,0,0,0,0,0,0,0,0,0,0,0,0,0,0,0,0,0,0,0,0,0,0,0,0,0,0,0,0,0,0,0,0,0,0,0,0,0,0,0,0,0,0,0,0,0
360670061011011,57,57,8,43,0,0,0,0,6,57,51,6,57,18,3,1,0,0,0,0,2,4,5,0,0,0,0,0,2,0,0,0,0,1,0,0,0,39,0,1,2,4,2,1,1,1,2,0,1,0,0,0,13,1,0,1,1,3,2,2,1
360670061011012,27,27,5,17,0,0,0,0,5,27,23,4,27,24,0,1,0,0,0,0,0,0,2,0,6,0,0,6,2,1,3,0,0,0,0,2,1,3,0,0,0,0,0,0,0,0,0,1,0,0,0,1,0,0,1,0,0,0,0,0,0
360670061011013,1305,1305,1093,171,1,15,0,4,21,1305,1295,10,1305,435,4,5,3,1,3,2,0,5,8,12,1,4,2,9,22,7,19,12,19,32,31,72,162,870,1,6,6,5,1,0,0,5,3,2,2,7,6,13,12,7,23,16,28,41,73,108,505
360670061012000,47,47,15,23,1,0,0,4,4,47,38,9,47,33,2,1,2,0,0,0,0,0,1,12,0,0,1,5,0,0,0,0,1,4,2,0,2,14,0,4,0,0,0,0,0,0,0,2,1,0,6,1,0,0,0,0,0,0,0,0,0
360670061012001,57,57,9,40,0,0,0,0,8,57,55,2,57,20,1,0,7,0,0,4,0,0,0,1,0,0,2,2,2,0,1,0,0,0,0,0,0,37,0,0,0,0,0,0,0,1,0,0,12,1,7,3,1,0,2,5,0,0,4,0,1
360670061012002,42,42,12,23,0,0,0,2,5,42,40,2,42,28,0,0,0,0,0,2,5,1,6,1,0,3,1,4,2,0,3,0,0,0,0,0,0,14,1,0,1,0,0,0,1,6,2,0,0,0,1,0,1,0,0,0,0,1,0,0,0
360670061012003,25,25,11,10,0,0,0,0,4,25,23,2,25,8,0,0,0,0,0,0,1,0,0,0,0,0,0,1,0,0,0,3,0,0,0,3,0,17,1,2,0,1,1,2,0,0,1,0,0,3,0,3,0,0,1,2,0,0,0,0,0
360670061012004,66,66,24,24,6,0,0,2,10,66,60,6,66,26,5,0,2,1,1,0,1,1,0,0,0,7,0,0,0,2,2,3,1,0,0,0,0,40,7,1,8,1,0,0,0,0,1,1,1,0,0,2,4,2,3,2,1,2,4,0,0
360670061012005,22,22,8,12,0,0,0,0,2,22,22,0,22,19,5,0,1,0,0,1,0,1,4,3,0,2,0,0,1,1,0,0,0,0,0,0,0,3,1,2,0,0,0,0,0,0,0,0,0,0,0,0,0,0,0,0,0,0,0,0,0
360670061012006,12,12,5,6,0,0,0,0,1,12,10,2,12,6,1,1,1,0,0,0,0,0,0,0,0,0,0,1,0,0,0,1,1,0,0,0,0,6,0,0,3,0,0,0,0,2,1,0,0,0,0,0,0,0,0,0,0,0,0,0,0
360670061012007,114,114,14,92,0,0,0,3,5,114,110,4,114,43,8,4,2,0,1,0,0,1,2,3,1,3,5,3,1,2,0,0,4,3,0,0,0,71,5,6,7,4,1,0,0,1,9,9,0,1,3,4,14,6,0,0,1,0,0,0,0
360670061012008,310,310,60,221,2,0,0,7,20,310,298,12,310,158,24,19,15,7,8,3,3,0,17,2,12,0,9,7,18,7,4,0,0,0,3,0,0,152,15,11,12,6,9,1,0,2,22,20,14,10,5,3,0,9,3,0,5,1,0,0,4
360670061012009,57,57,18,20,5,0,0,1,13,57,53,4,57,15,2,1,0,1,1,0,0,2,1,2,0,0,0,3,0,0,1,0,0,1,0,0,0,42,1,2,0,1,0,0,3,4,4,0,0,1,1,2,5,0,1,0,2,6,4,1,4
360670061012010,65,65,21,28,3,2,0,6,5,65,54,11,65,24,1,0,2,1,0,0,0,2,4,2,0,0,1,0,1,0,0,4,0,1,2,0,3,41,7,4,9,0,0,0,0,3,4,1,0,2,0,1,6,0,4,0,0,0,0,0,0
360670061013000,114,114,10,86,1,0,0,2,15,114,106,8,114,55,1,6,3,0,0,0,0,0,0,10,4,2,1,8,6,2,0,0,2,8,2,0,0,59,0,6,9,0,2,1,0,2,1,8,1,2,4,3,6,3,1,0,4,0,1,1,4
360670061013001,262,262,11,223,0,0,0,11,17,262,247,15,262,123,13,13,12,7,0,2,0,3,13,1,8,0,0,17,13,4,1,0,1,10,4,1,0,139,17,5,12,0,3,0,2,10,39,0,5,7,9,10,6,1,3,2,3,0,0,2,3
360670061013002,111,111,34,61,3,0,0,3,10,111,104,7,111,34,2,0,3,3,0,0,0,1,2,7,0,0,0,1,10,0,2,0,3,0,0,0,0,77,0,2,7,1,8,3,0,11,0,1,14,4,3,3,2,0,0,0,6,3,6,2,1
360670061013003,279,279,37,201,2,0,0,10,29,279,270,9,279,101,16,7,9,5,6,4,8,11,2,12,3,3,8,0,1,0,2,4,0,0,0,0,0,178,28,23,12,4,3,0,0,0,11,16,1,15,3,19,20,7,0,1,1,5,7,0,2
360670061013004,105,105,45,43,0,1,0,9,7,105,92,13,105,60,13,4,5,3,0,0,0,1,12,1,0,1,2,0,0,0,0,0,6,2,5,1,4,45,0,2,2,1,2,0,2,5,4,3,0,3,1,3,1,0,2,2,0,9,0,3,0
360670061013005,266,266,51,189,5,0,0,1,20,266,259,7,266,115,2,14,15,4,8,1,4,14,9,5,2,10,4,1,6,2,12,0,2,0,0,0,0,151,15,17,6,21,2,0,2,2,11,18,6,3,14,0,7,4,13,0,1,2,7,0,0
360670061013006,267,267,107,129,15,0,0,1,15,267,261,6,267,106,5,5,4,5,0,1,1,3,6,1,5,8,13,3,4,13,13,5,4,0,0,7,0,161,1,8,14,1,1,1,0,2,0,4,11,8,6,17,23,10,22,10,0,9,3,6,4
360670061021000,0,0,0,0,0,0,0,0,0,0,0,0,0,0,0,0,0,0,0,0,0,0,0,0,0,0,0,0,0,0,0,0,0,0,0,0,0,0,0,0,0,0,0,0,0,0,0,0,0,0,0,0,0,0,0,0,0,0,0,0,0
360670061021001,37,37,20,4,0,0,0,2,11,37,30,7,37,23,0,2,1,0,0,0,0,0,6,1,0,0,0,0,2,0,1,5,3,0,0,2,0,14,1,0,0,0,0,0,0,0,1,1,0,2,0,0,0,1,0,0,5,3,0,0,0
360670061021002,0,0,0,0,0,0,0,0,0,0,0,0,0,0,0,0,0,0,0,0,0,0,0,0,0,0,0,0,0,0,0,0,0,0,0,0,0,0,0,0,0,0,0,0,0,0,0,0,0,0,0,0,0,0,0,0,0,0,0,0,0
360670061021003,575,575,381,132,8,10,0,1,43,575,554,21,575,235,3,2,0,0,0,0,2,3,4,6,3,2,3,4,6,13,37,24,41,46,25,5,6,340,4,0,0,0,1,1,1,7,4,1,6,5,11,4,34,25,34,32,22,62,30,23,33
360670061021004,197,197,88,75,5,10,0,11,8,197,172,25,197,98,5,7,2,3,4,0,0,7,6,13,2,3,1,3,23,4,3,1,2,3,1,1,4,99,4,9,3,4,1,3,0,5,4,12,4,7,0,4,2,0,16,3,4,7,3,3,1
360670061022000,52,52,29,1,0,0,0,2,20,52,42,10,52,24,0,1,0,0,1,0,0,1,4,2,9,0,0,0,1,0,0,0,2,2,1,0,0,28,2,0,0,0,1,0,1,0,1,2,0,0,2,1,9,0,3,0,0,0,0,3,3
360670061022001,12,12,3,2,0,0,0,1,6,12,4,8,12,0,0,0,0,0,0,0,0,0,0,0,0,0,0,0,0,0,0,0,0,0,0,0,0,12,3,2,1,1,0,0,0,0,0,0,0,0,0,3,0,0,0,0,0,0,0,0,2
360670061022002,1111,1111,374,280,5,390,0,27,35,1111,1069,42,1111,546,24,24,15,3,5,15,13,68,148,70,21,27,20,12,21,9,18,4,4,3,12,5,5,565,34,16,11,9,5,11,12,80,114,78,23,18,14,23,27,14,13,8,18,11,15,3,8
360670061031000,164,164,92,63,1,0,0,0,8,164,158,6,164,81,0,3,2,0,7,2,2,0,3,12,16,1,4,4,3,0,0,5,0,0,15,2,0,83,1,4,6,2,1,1,0,0,0,0,13,10,4,6,9,0,5,5,0,5,9,2,0
360670061031001,37,37,25,7,0,1,0,0,4,37,37,0,37,12,0,0,0,2,1,0,0,0,5,1,0,0,0,0,0,0,0,0,3,0,0,0,0,25,1,0,0,0,0,0,0,0,3,0,0,0,6,0,6,0,4,0,0,2,3,0,0
360670061031002,185,185,82,67,6,9,0,8,13,185,171,14,185,85,8,1,10,1,1,1,2,5,5,4,4,3,6,6,1,0,7,12,5,1,0,1,1,100,10,9,1,4,5,1,0,0,7,5,11,0,5,0,19,2,0,7,8,4,0,2,0
360670061031003,118,118,71,26,3,0,0,3,15,118,107,11,118,58,3,1,0,0,1,3,0,0,10,8,0,2,9,14,0,0,5,2,0,0,0,0,0,60,2,2,2,0,0,2,0,7,2,0,2,5,9,3,4,3,0,2,0,12,2,0,1
360670061031004,8,8,5,0,1,0,0,0,2,8,8,0,8,1,0,1,0,0,0,0,0,0,0,0,0,0,0,0,0,0,0,0,0,0,0,0,0,7,0,0,0,0,0,0,0,0,0,0,0,0,1,1,1,0,0,4,0,0,0,0,0
360670061031005,49,49,32,14,1,0,0,0,2,49,49,0,49,15,0,1,1,0,1,0,0,0,0,0,0,0,0,3,0,1,0,0,0,7,0,0,1,34,0,3,0,0,0,0,0,1,0,2,0,0,0,4,2,1,1,1,9,1,0,2,7
360670061031006,22,22,17,2,0,0,0,0,3,22,19,3,22,17,0,0,2,0,0,0,0,0,0,0,0,9,5,0,0,0,0,0,1,0,0,0,0,5,1,0,1,0,1,0,0,0,0,0,1,1,0,0,0,0,0,0,0,0,0,0,0
360670061031007,23,23,12,3,0,3,0,1,4,23,21,2,23,12,3,0,1,0,0,0,0,0,0,0,0,0,0,1,3,3,0,0,0,0,0,1,0,11,0,0,0,1,0,0,0,0,0,0,1,0,1,0,1,0,7,0,0,0,0,0,0
360670061031008,68,68,44,11,2,0,0,4,7,68,64,4,68,35,7,0,3,0,0,0,0,0,0,0,0,2,0,0,20,3,0,0,0,0,0,0,0,33,2,0,0,0,0,0,0,1,7,0,2,0,3,0,5,1,0,0,1,8,3,0,0
360670061031009,59,59,48,1,2,0,0,0,8,59,59,0,59,30,3,3,1,2,0,0,0,0,1,1,0,0,0,6,0,1,5,0,0,7,0,0,0,29,1,0,1,0,0,0,1,0,2,0,0,0,0,0,2,12,4,0,5,0,0,0,1
360670061031010,64,64,35,18,3,0,0,2,6,64,61,3,64,23,2,0,0,0,0,0,0,0,3,0,0,1,3,7,0,1,0,1,1,0,1,3,0,41,1,2,0,1,0,0,0,0,4,7,2,1,0,8,2,1,7,2,1,0,2,0,0
360670061031011,49,49,26,3,4,0,0,5,11,49,39,10,49,12,0,1,1,0,0,0,0,3,4,0,0,0,0,0,1,0,2,0,0,0,0,0,0,37,0,3,3,3,0,0,0,0,2,8,4,3,1,1,2,1,0,1,1,1,0,0,3
360670061031012,26,26,18,1,0,0,0,0,7,26,22,4,26,4,0,1,0,1,0,0,0,0,0,0,0,0,0,0,1,0,0,0,0,0,0,0,1,22,0,0,1,0,0,0,0,2,0,1,0,0,0,0,0,0,0,0,10,8,0,0,0
360670061031013,78,78,68,8,0,0,0,0,2,78,77,1,78,26,0,0,1,0,0,1,3,0,4,3,0,3,1,2,1,0,3,0,0,0,0,3,1,52,0,5,2,0,0,0,2,0,4,0,2,2,4,14,6,4,1,0,4,0,0,1,1
360670061031014,77,77,66,6,0,0,0,1,4,77,76,1,77,19,2,0,1,0,0,0,0,0,1,0,0,0,3,0,2,0,0,0,0,10,0,0,0,58,0,0,4,0,4,0,4,0,1,3,4,1,1,0,7,1,3,6,0,0,12,3,4
360670061031015,28,28,15,9,1,0,0,1,2,28,27,1,28,18,1,0,0,3,6,0,0,0,1,3,3,0,0,0,0,0,1,0,0,0,0,0,0,10,0,0,0,0,0,0,0,0,0,0,0,1,0,0,5,2,0,0,1,1,0,0,0
360670061031016,457,457,344,67,6,14,0,10,16,457,447,10,457,210,9,9,15,4,3,0,0,7,11,18,27,12,9,10,15,14,4,5,5,24,3,0,6,247,7,6,16,9,2,8,0,11,13,18,9,15,7,27,9,15,14,11,3,25,9,4,9
360670061031017,61,61,32,15,2,1,0,2,9,61,59,2,61,40,1,0,0,0,0,1,0,0,1,1,4,1,2,2,0,4,0,5,9,7,2,0,0,21,1,0,0,2,0,1,0,1,6,0,1,4,0,1,0,0,0,0,0,1,3,0,0
360670061031018,87,87,51,21,3,2,0,5,5,87,78,9,87,58,1,3,0,5,1,2,1,6,0,4,2,2,0,3,7,0,9,0,10,0,0,1,1,29,1,1,4,1,0,1,0,0,0,1,0,4,4,0,0,3,0,0,0,8,0,0,1
360670061031019,54,54,39,8,1,0,0,0,6,54,52,2,54,15,3,3,4,0,0,0,0,0,0,0,1,1,0,0,0,0,0,0,2,0,1,0,0,39,1,1,2,0,0,0,3,0,5,3,0,0,5,0,0,0,1,4,7,7,0,0,0
360670061032000,519,519,307,130,9,0,0,15,58,519,500,19,519,285,14,18,17,16,5,2,4,14,24,14,14,18,17,18,29,8,9,4,12,6,7,12,3,234,9,13,6,9,4,1,3,8,12,10,17,16,20,19,21,10,21,3,8,8,7,0,9
360670061032001,43,43,35,5,0,0,0,1,2,43,42,1,43,26,5,0,0,1,0,0,0,5,4,1,0,0,4,0,1,2,2,0,1,0,0,0,0,17,0,0,0,1,0,1,0,2,0,1,0,1,1,4,0,0,3,3,0,0,0,0,0
360670061032002,38,38,20,12,4,0,0,2,0,38,36,2,38,21,1,0,3,4,0,1,0,1,1,0,2,0,2,0,0,0,0,3,3,0,0,0,0,17,0,1,0,0,0,0,0,1,2,3,0,1,5,0,1,0,0,1,0,1,1,0,0
360670061032003,40,40,21,17,0,0,0,0,2,40,40,0,40,29,0,2,2,0,3,0,0,1,4,6,2,0,3,0,2,1,3,0,0,0,0,0,0,11,0,0,2,0,0,0,0,0,0,3,0,2,0,0,0,0,1,0,3,0,0,0,0
360670061032004,125,125,70,34,2,2,0,2,15,125,120,5,125,47,0,4,8,5,0,0,0,0,3,1,4,0,2,0,3,1,1,7,0,0,4,1,3,78,3,5,4,1,2,0,0,1,1,6,1,1,2,5,14,6,1,6,0,8,3,4,4
360670061032005,30,30,23,3,0,0,0,0,4,30,25,5,30,7,1,0,0,1,0,0,0,0,0,0,0,0,2,0,0,2,0,0,0,1,0,0,0,23,3,0,0,0,0,0,0,0,6,1,2,1,3,0,0,0,0,2,0,3,2,0,0
360670061032006,24,24,15,4,0,0,0,0,5,24,21,3,24,12,0,2,0,2,0,0,0,2,0,0,4,0,0,1,1,0,0,0,0,0,0,0,0,12,1,3,2,1,0,0,0,0,0,0,0,2,2,0,0,0,0,0,1,0,0,0,0
360670061032007,0,0,0,0,0,0,0,0,0,0,0,0,0,0,0,0,0,0,0,0,0,0,0,0,0,0,0,0,0,0,0,0,0,0,0,0,0,0,0,0,0,0,0,0,0,0,0,0,0,0,0,0,0,0,0,0,0,0,0,0,0
360670132001002,2,2,1,0,0,1,0,0,0,2,2,0,2,1,0,0,0,0,0,0,0,0,0,1,0,0,0,0,0,0,0,0,0,0,0,0,0,1,0,0,0,0,0,0,0,0,0,0,0,0,0,0,0,0,0,0,0,1,0,0,0
360670132001003,0,0,0,0,0,0,0,0,0,0,0,0,0,0,0,0,0,0,0,0,0,0,0,0,0,0,0,0,0,0,0,0,0,0,0,0,0,0,0,0,0,0,0,0,0,0,0,0,0,0,0,0,0,0,0,0,0,0,0,0,0
360670132001009,0,0,0,0,0,0,0,0,0,0,0,0,0,0,0,0,0,0,0,0,0,0,0,0,0,0,0,0,0,0,0,0,0,0,0,0,0,0,0,0,0,0,0,0,0,0,0,0,0,0,0,0,0,0,0,0,0,0,0,0,0
360670132001010,0,0,0,0,0,0,0,0,0,0,0,0,0,0,0,0,0,0,0,0,0,0,0,0,0,0,0,0,0,0,0,0,0,0,0,0,0,0,0,0,0,0,0,0,0,0,0,0,0,0,0,0,0,0,0,0,0,0,0,0,0
360670132001011,0,0,0,0,0,0,0,0,0,0,0,0,0,0,0,0,0,0,0,0,0,0,0,0,0,0,0,0,0,0,0,0,0,0,0,0,0,0,0,0,0,0,0,0,0,0,0,0,0,0,0,0,0,0,0,0,0,0,0,0,0
360670132002001,2,2,2,0,0,0,0,0,0,2,2,0,2,2,0,0,0,0,1,0,0,0,0,1,0,0,0,0,0,0,0,0,0,0,0,0,0,0,0,0,0,0,0,0,0,0,0,0,0,0,0,0,0,0,0,0,0,0,0,0,0
360670132002002,0,0,0,0,0,0,0,0,0,0,0,0,0,0,0,0,0,0,0,0,0,0,0,0,0,0,0,0,0,0,0,0,0,0,0,0,0,0,0,0,0,0,0,0,0,0,0,0,0,0,0,0,0,0,0,0,0,0,0,0,0
360670132002032,0,0,0,0,0,0,0,0,0,0,0,0,0,0,0,0,0,0,0,0,0,0,0,0,0,0,0,0,0,0,0,0,0,0,0,0,0,0,0,0,0,0,0,0,0,0,0,0,0,0,0,0,0,0,0,0,0,0,0,0,0
360670132002033,0,0,0,0,0,0,0,0,0,0,0,0,0,0,0,0,0,0,0,0,0,0,0,0,0,0,0,0,0,0,0,0,0,0,0,0,0,0,0,0,0,0,0,0,0,0,0,0,0,0,0,0,0,0,0,0,0,0,0,0,0
city,148620,148620,71175,45588,1408,10403,67,6574,13405,148620,132995,15625,148620,71629,4590,4523,4444,2538,4141,1999,2251,4514,6619,5288,4377,3421,3128,3669,3948,1592,2227,1337,1786,2163,1236,834,1004,76991,4546,4403,4196,2443,4708,2031,2797,4853,6799,5602,4369,3766,3522,3721,4160,1742,2381,1416,1890,2537,1629,1227,2253
