DHCST|NY|100|00|00|000|00|0212288|1000000US360670001001000|360670001001000|1|2|36|01779796|067|H1|00974132|73000|C5|00979539|99999|99|99999999||||99999|99|99999999|73000|C5|00979539|000100|1|1000|9999|9|99999|99|99999999|999|99999|99|99999999|999999|9|99999|99|99999999|45060|1|532|99999|99999|9|999|99999|Y|N|86302|U|U|24|||||050|||||129|||||000282|A|13208|99999|99999|28590|00701|134682|0|1000|Block 1000|S||0|0|+43.0823495|-076.1647067|BK||99999
DHCST|NY|100|00|00|000|00|0212289|1000000US360670001001001|360670001001001|1|2|36|01779796|067|H1|00974132|73000|C5|00979539|99999|99|99999999||||99999|99|99999999|73000|C5|00979539|000100|1|1001|9999|9|99999|99|99999999|999|99999|99|99999999|999999|9|99999|99|99999999|45060|1|532|99999|99999|9|999|99999|Y|N|86302|U|U|24|||||050|||||129|||||000282|A|13208|99999|99999|28590|00701|321800|0|1001|Block 1001|S||0|0|+43.0806218|-076.1632125|BK||99999
DHCST|NY|100|00|00|000|00|0212290|1000000US360670001001002|360670001001002|1|2|36|01779796|067|H1|00974132|73000|C5|00979539|99999|99|99999999||||99999|99|99999999|73000|C5|00979539|000100|1|1002|9999|9|99999|99|99999999|999|99999|99|99999999|999999|9|99999|99|99999999|45060|1|532|99999|99999|9|999|99999|Y|N|86302|U|U|24|||||053|||||129|||||000280|A|13208|99999|99999|28590|00701|7437|0|1002|Block 1002|S||0|0|+43.0782369|-076.1612803|BK||99999
DHCST|NY|100|00|00|000|00|0212291|1000000US360670001001003|360670001001003|1|2|36|01779796|067|H1|00974132|73000|C5|00979539|99999|99|99999999||||99999|99|99999999|73000|C5|00979539|000100|1|1003|9999|9|99999|99|99999999|999|99999|99|99999999|999999|9|99999|99|99999999|45060|1|532|99999|99999|9|999|99999|Y|N|86302|U|U|24|||||053|||||129|||||000280|A|13208|99999|99999|28590|00701|15328|0|1003|Block 1003|S||11|3|+43.0800628|-076.1599260|BK||99999
DHCST|NY|100|00|00|000|00|0212292|1000000US360670001001004|360670001001004|1|2|36|01779796|067|H1|00974132|73000|C5|00979539|99999|99|99999999||||99999|99|99999999|73000|C5|00979539|000100|1|1004|9999|9|99999|99|99999999|999|99999|99|99999999|999999|9|99999|99|99999999|45060|1|532|99999|99999|9|999|99999|Y|N|86302|U|U|24|||||053|||||129|||||000280|A|13208|99999|99999|28590|00701|8412|0|1004|Block 1004|S||0|0|+43.0820259|-076.1584097|BK||99999
DHCST|NY|100|00|00|000|00|0212293|1000000US360670001001005|360670001001005|1|2|36|01779796|067|H1|00974132|73000|C5|00979539|99999|99|99999999||||99999|99|99999999|73000|C5|00979539|000100|1|1005|9999|9|99999|99|99999999|999|99999|99|99999999|999999|9|99999|99|99999999|45060|1|532|99999|99999|9|999|99999|Y|N|86302|U|U|24|||||050|||||129|||||000282|A|13208|99999|99999|28590|00701|13880|0|1005|Block 1005|S||0|0|+43.0762201|-076.1639302|BK||99999
DHCST|NY|100|00|00|000|00|0212294|1000000US360670001001006|360670001001006|1|2|36|01779796|067|H1|00974132|73000|C5|00979539|99999|99|99999999||||99999|99|99999999|73000|C5|00979539|000100|1|1006|9999|9|99999|99|99999999|999|99999|99|99999999|999999|9|99999|99|99999999|45060|1|532|99999|99999|9|999|99999|Y|N|86302|U|U|24|||||050|||||129|||||000282|A|13208|99999|99999|28590|00701|49650|0|1006|Block 1006|S||0|0|+43.0777565|-076.1635853|BK||99999
DHCST|NY|100|00|00|000|00|0212295|1000000US360670001001007|360670001001007|1|2|36|01779796|067|H1|00974132|73000|C5|00979539|99999|99|99999999||||99999|99|99999999|73000|C5|00979539|000100|1|1007|9999|9|99999|99|99999999|999|99999|99|99999999|999999|9|99999|99|99999999|45060|1|532|99999|99999|9|999|99999|Y|N|86302|U|U|24|||||053|||||129|||||000280|A|13208|99999|99999|28590|00701|7164|0|1007|Block 1007|S||50|40|+43.0770258|-076.1621742|BK||99999
DHCST|NY|100|00|00|000|00|0212296|1000000US360670001001008|360670001001008|1|2|36|01779796|067|H1|00974132|73000|C5|00979539|99999|99|99999999||||99999|99|99999999|73000|C5|00979539|000100|1|1008|9999|9|99999|99|99999999|999|99999|99|99999999|999999|9|99999|99|99999999|45060|1|532|99999|99999|9|999|99999|Y|N|86302|U|U|24|||||053|||||129|||||000280|A|13208|99999|99999|28590|00701|6604|0|1008|Block 1008|S||0|0|+43.0758258|-076.1630494|BK||99999
DHCST|NY|100|00|00|000|00|0212297|1000000US360670001001009|360670001001009|1|2|36|01779796|067|H1|00974132|73000|C5|00979539|99999|99|99999999||||99999|99|99999999|73000|C5|00979539|000100|1|1009|9999|9|99999|99|99999999|999|99999|99|99999999|999999|9|99999|99|99999999|45060|1|532|99999|99999|9|999|99999|Y|N|86302|U|U|24|||||050|||||129|||||000282|A|13208|99999|99999|28590|00701|14643|0|1009|Block 1009|S||0|0|+43.0737404|-076.1645604|BK||99999
DHCST|NY|100|00|00|000|00|0212298|1000000US360670001001010|360670001001010|1|2|36|01779796|067|H1|00974132|73000|C5|00979539|99999|99|99999999||||99999|99|99999999|73000|C5|00979539|000100|1|1010|9999|9|99999|99|99999999|999|99999|99|99999999|999999|9|99999|99|99999999|45060|1|532|99999|99999|9|999|99999|Y|N|86302|U|U|24|||||050|||||129|||||000282|A|13208|99999|99999|28590|00701|95234|0|1010|Block 1010|S||0|0|+43.0740672|-076.1659425|BK||99999
DHCST|NY|100|00|00|000|00|0212299|1000000US360670001001011|360670001001011|1|2|36|01779796|067|H1|00974132|73000|C5|00979539|99999|99|99999999||||99999|99|99999999|73000|C5|00979539|000100|1|1011|9999|9|99999|99|99999999|999|99999|99|99999999|999999|9|99999|99|99999999|45060|1|532|99999|99999|9|999|99999|Y|N|86302|U|U|24|||||050|||||129|||||000282|A|13208|99999|99999|28590|00701|99418|0|1011|Block 1011|S||0|0|+43.0767371|-076.1682217|BK||99999
DHCST|NY|100|00|00|000|00|0212300|1000000US360670001001012|360670001001012|1|2|36|01779796|067|H1|00974132|73000|C5|00979539|99999|99|99999999||||99999|99|99999999|73000|C5|00979539|000100|1|1012|9999|9|99999|99|99999999|999|99999|99|99999999|999999|9|99999|99|99999999|45060|1|532|99999|99999|9|999|99999|Y|N|86302|U|U|24|||||050|||||129|||||000282|A|13208|99999|99999|28590|00701|79298|0|1012|Block 1012|S||0|0|+43.0746797|-076.1684613|BK||99999
DHCST|NY|100|00|00|000|00|0212301|1000000US360670001001013|360670001001013|1|2|36|01779796|067|H1|00974132|73000|C5|00979539|99999|99|99999999||||99999|99|99999999|73000|C5|00979539|000100|1|1013|9999|9|99999|99|99999999|999|99999|99|99999999|999999|9|99999|99|99999999|45060|1|532|99999|99999|9|999|99999|Y|N|86302|U|U|24|||||050|||||129|||||000291|A|13208|99999|99999|28590|00701|5455|0|1013|Block 1013|S||0|0|+43.0759711|-076.1715423|BK||99999
DHCST|NY|100|00|00|000|00|0212302|1000000US360670001001014|360670001001014|1|2|36|01779796|067|H1|00974132|73000|C5|00979539|99999|99|99999999||||99999|99|99999999|73000|C5|00979539|000100|1|1014|9999|9|99999|99|99999999|999|99999|99|99999999|999999|9|99999|99|99999999|45060|1|532|99999|99999|9|999|99999|Y|N|86302|U|U|24|||||050|||||129|||||000291|A|13208|99999|99999|28590|00701|43726|0|1014|Block 1014|S||0|0|+43.0772225|-076.1736340|BK||99999
DHCST|NY|100|00|00|000|00|0212303|1000000US360670001001015|360670001001015|1|2|36|01779796|067|H1|00974132|73000|C5|00979539|99999|99|99999999||||99999|99|99999999|73000|C5|00979539|000100|1|1015|9999|9|99999|99|99999999|999|99999|99|99999999|999999|9|99999|99|99999999|45060|1|532|99999|99999|9|999|99999|Y|N|86302|U|U|24|||||050|||||129|||||000291|A|13208|99999|99999|28590|00701|14578|0|1015|Block 1015|S||0|0|+43.0777260|-076.1755862|BK||99999
DHCST|NY|100|00|00|000|00|0212304|1000000US360670001001016|360670001001016|1|2|36|01779796|067|H1|00974132|73000|C5|00979539|99999|99|99999999||||99999|99|99999999|73000|C5|00979539|000100|1|1016|9999|9|99999|99|99999999|999|99999|99|99999999|999999|9|99999|99|99999999|45060|1|532|99999|99999|9|999|99999|Y|N|86302|U|U|24|||||050|||||129|||||000291|A|13290|99999|99999|28590|00701|21222|0|1016|Block 1016|S||0|0|+43.0769126|-076.1749049|BK||99999
DHCST|NY|100|00|00|000|00|0212305|1000000US360670001001017|360670001001017|1|2|36|01779796|067|H1|00974132|73000|C5|00979539|99999|99|99999999||||99999|99|99999999|73000|C5|00979539|000100|1|1017|9999|9|99999|99|99999999|999|99999|99|99999999|999999|9|99999|99|99999999|45060|1|532|99999|99999|9|999|99999|Y|N|86302|U|U|24|||||050|||||129|||||000291|A|13290|99999|99999|28590|00701|84823|358|1017|Block 1017|S||0|0|+43.0759588|-076.1754075|BK||99999
DHCST|NY|100|00|00|000|00|0212306|1000000US360670001001018|360670001001018|1|2|36|01779796|067|H1|00974132|73000|C5|00979539|99999|99|99999999||||99999|99|99999999|73000|C5|00979539|000100|1|1018|9999|9|99999|99|99999999|999|99999|99|99999999|999999|9|99999|99|99999999|45060|1|532|99999|99999|9|999|99999|Y|N|86302|U|U|24|||||050|||||129|||||000291|A|13290|99999|99999|28590|00701|120306|0|1018|Block 1018|S||0|0|+43.0723935|-076.1759178|BK||99999
DHCST|NY|100|00|00|000|00|0212307|1000000US360670001001019|360670001001019|1|2|36|01779796|067|H1|00974132|73000|C5|00979539|99999|99|99999999||||99999|99|99999999|73000|C5|00979539|000100|1|1019|9999|9|99999|99|99999999|999|99999|99|99999999|999999|9|99999|99|99999999|45060|1|532|99999|99999|9|999|99999|Y|N|86302|U|U|24|||||050|||||129|||||000291|A|13290|99999|99999|28590|00701|58683|0|1019|Block 1019|S||0|0|+43.0682389|-076.1773017|BK||99999
DHCST|NY|100|00|00|000|00|0212308|1000000US360670001001020|360670001001020|1|2|36|01779796|067|H1|00974132|73000|C5|00979539|99999|99|99999999||||99999|99|99999999|73000|C5|00979539|000100|1|1020|9999|9|99999|99|99999999|999|99999|99|99999999|999999|9|99999|99|99999999|45060|1|532|99999|99999|9|999|99999|Y|N|86302|U|U|24|||||050|||||129|||||000291|A|13290|99999|99999|28590|00701|20169|0|1020|Block 1020|S||0|0|+43.0737468|-076.1735563|BK||99999
DHCST|NY|100|00|00|000|00|0212309|1000000US360670001001021|360670001001021|1|2|36|01779796|067|H1|00974132|73000|C5|00979539|99999|99|99999999||||99999|99|99999999|73000|C5|00979539|000100|1|1021|9999|9|99999|99|99999999|999|99999|99|99999999|999999|9|99999|99|99999999|45060|1|532|99999|99999|9|999|99999|Y|N|86302|U|U|24|||||050|||||129|||||000291|A|13290|99999|99999|28590|00701|290899|0|1021|Block 1021|S||0|0|+43.0694258|-076.1729477|BK||99999
DHCST|NY|100|00|00|000|00|0212310|1000000US360670001001022|360670001001022|1|2|36|01779796|067|H1|00974132|73000|C5|00979539|99999|99|99999999||||99999|99|99999999|73000|C5|00979539|000100|1|1022|9999|9|99999|99|99999999|999|99999|99|99999999|999999|9|99999|99|99999999|45060|1|532|99999|99999|9|999|99999|Y|N|86302|U|U|24|||||050|||||129|||||000291|A|13290|99999|99999|28590|00701|72827|0|1022|Block 1022|S||0|0|+43.0711519|-076.1702812|BK||99999
DHCST|NY|100|00|00|000|00|0212311|1000000US360670001001023|360670001001023|1|2|36|01779796|067|H1|00974132|73000|C5|00979539|99999|99|99999999||||99999|99|99999999|73000|C5|00979539|000100|1|1023|9999|9|99999|99|99999999|999|99999|99|99999999|999999|9|99999|99|99999999|45060|1|532|99999|99999|9|999|99999|Y|N|86302|U|U|24|||||050|||||129|||||000291|A|13290|99999|99999|28590|00701|10369|0|1023|Block 1023|S||0|0|+43.0720776|-076.1697468|BK||99999
DHCST|NY|100|00|00|000|00|0212312|1000000US360670001001024|360670001001024|1|2|36|01779796|067|H1|00974132|73000|C5|00979539|99999|99|99999999||||99999|99|99999999|73000|C5|00979539|000100|1|1024|9999|9|99999|99|99999999|999|99999|99|99999999|999999|9|99999|99|99999999|45060|1|532|99999|99999|9|999|99999|Y|N|86302|U|U|24|||||050|||||129|||||000282|A|13208|99999|99999|28590|00701|49656|0|1024|Block 1024|S||0|0|+43.0721090|-076.1683515|BK||99999
DHCST|NY|100|00|00|000|00|0212313|1000000US360670001001025|360670001001025|1|2|36|01779796|067|H1|00974132|73000|C5|00979539|99999|99|99999999||||99999|99|99999999|73000|C5|00979539|000100|1|1025|9999|9|99999|99|99999999|999|99999|99|99999999|999999|9|99999|99|99999999|45060|1|532|99999|99999|9|999|99999|Y|N|86302|U|U|24|||||050|||||129|||||000291|A|13208|99999|99999|28590|00701|20472|0|1025|Block 1025|S||0|0|+43.0709426|-076.1685832|BK||99999
DHCST|NY|100|00|00|000|00|0212314|1000000US360670001001026|360670001001026|1|2|36|01779796|067|H1|00974132|73000|C5|00979539|99999|99|99999999||||99999|99|99999999|73000|C5|00979539|000100|1|1026|9999|9|99999|99|99999999|999|99999|99|99999999|999999|9|99999|99|99999999|45060|1|532|99999|99999|9|999|99999|Y|N|86302|U|U|24|||||050|||||129|||||000291|A|13204|99999|99999|28590|00701|123600|0|1026|Block 1026|S||0|0|+43.0647055|-076.1695069|BK||99999
DHCST|NY|100|00|00|000|00|0212315|1000000US360670001001027|360670001001027|1|2|36|01779796|067|H1|00974132|73000|C5|00979539|99999|99|99999999||||99999|99|99999999|73000|C5|00979539|000100|1|1027|9999|9|99999|99|99999999|999|99999|99|99999999|999999|9|99999|99|99999999|45060|1|532|99999|99999|9|999|99999|Y|N|86302|U|U|24|||||050|||||129|||||000291|A|13204|99999|99999|28590|00701|145509|0|1027|Block 1027|S||0|0|+43.0666989|-076.1672793|BK||99999
DHCST|NY|100|00|00|000|00|0212316|1000000US360670001001028|360670001001028|1|2|36|01779796|067|H1|00974132|73000|C5|00979539|99999|99|99999999||||99999|99|99999999|73000|C5|00979539|000100|1|1028|9999|9|99999|99|99999999|999|99999|99|99999999|999999|9|99999|99|99999999|45060|1|532|99999|99999|9|999|99999|Y|N|86302|U|U|24|||||050|||||129|||||000291|A|13204|99999|99999|28590|00701|0|32734|1028|Block 1028|S||0|0|+43.0635396|-076.1708742|BK||99999
DHCST|NY|100|00|00|000|00|0212317|1000000US360670001001029|360670001001029|1|2|36|01779796|067|H1|00974132|73000|C5|00979539|99999|99|99999999||||99999|99|99999999|73000|C5|00979539|000100|1|1029|9999|9|99999|99|99999999|999|99999|99|99999999|999999|9|99999|99|99999999|45060|1|532|99999|99999|9|999|99999|Y|N|86302|U|U|24|||||050|||||129|||||000291|A|13204|99999|99999|28590|00701|0|29349|1029|Block 1029|S||0|0|+43.0663193|-076.1753250|BK||99999
DHCST|NY|100|00|00|000|00|0212318|1000000US360670001001030|360670001001030|1|2|36|01779796|067|H1|00974132|73000|C5|00979539|99999|99|99999999||||99999|99|99999999|73000|C5|00979539|000100|1|1030|9999|9|99999|99|99999999|999|99999|99|99999999|999999|9|99999|99|99999999|45060|1|532|99999|99999|9|999|99999|Y|N|86302|U|U|24|||||050|||||129|||||000291|A|13204|99999|99999|28590|00701|0|1202636|1030|Block 1030|S||0|0|+43.0689243|-076.1835008|BK||99999
DHCST|NY|100|00|00|000|00|0212319|1000000US360670001001031|360670001001031|1|2|36|01779796|067|H1|00974132|73000|C5|00979539|99999|99|99999999||||99999|99|99999999|73000|C5|00979539|000100|1|1031|9999|9|99999|99|99999999|999|99999|99|99999999|999999|9|99999|99|99999999|45060|1|532|99999|99999|9|999|99999|Y|N|86302|U|U|24|||||050|||||129|||||000291|A|13204|99999|99999|28590|00701|189447|0|1031|Block 1031|S||0|0|+43.0635373|-076.1892603|BK||99999
DHCST|NY|100|00|00|000|00|0212320|1000000US360670001001032|360670001001032|1|2|36|01779796|067|H1|00974132|73000|C5|00979539|99999|99|99999999||||99999|99|99999999|73000|C5|00979539|000100|1|1032|9999|9|99999|99|99999999|999|99999|99|99999999|999999|9|99999|99|99999999|45060|1|532|99999|99999|9|999|99999|Y|N|86302|U|U|24|||||050|||||129|||||000291|A|13204|99999|99999|28590|00701|398741|0|1032|Block 1032|S||0|0|+43.0627828|-076.1800183|BK||99999
DHCST|NY|100|00|00|000|00|0212321|1000000US360670001001033|360670001001033|1|2|36|01779796|067|H1|00974132|73000|C5|00979539|99999|99|99999999||||99999|99|99999999|73000|C5|00979539|000100|1|1033|9999|9|99999|99|99999999|999|99999|99|99999999|999999|9|99999|99|99999999|45060|1|532|99999|99999|9|999|99999|Y|N|86302|U|U|24|||||050|||||129|||||000291|A|13204|99999|99999|28590|00701|69997|0|1033|Block 1033|S||0|0|+43.0610208|-076.1800344|BK||99999
DHCST|NY|100|00|00|000|00|0212322|1000000US360670001001034|360670001001034|1|2|36|01779796|067|H1|00974132|73000|C5|00979539|99999|99|99999999||||99999|99|99999999|73000|C5|00979539|000100|1|1034|9999|9|99999|99|99999999|999|99999|99|99999999|999999|9|99999|99|99999999|45060|1|532|99999|99999|9|999|99999|Y|N|86302|U|U|24|||||050|||||129|||||000291|A|13204|99999|99999|28590|00701|57164|0|1034|Block 1034|S||0|0|+43.0629280|-076.1717516|BK||99999
DHCST|NY|100|00|00|000|00|0212323|1000000US360670001001035|360670001001035|1|2|36|01779796|067|H1|00974132|73000|C5|00979539|99999|99|99999999||||99999|99|99999999|73000|C5|00979539|000100|1|1035|9999|9|99999|99|99999999|999|99999|99|99999999|999999|9|99999|99|99999999|45060|1|532|99999|99999|9|999|99999|Y|N|86302|U|U|24|||||050|||||129|||||000291|A|13204|99999|99999|28590|00701|121742|0|1035|Block 1035|S||0|0|+43.0616303|-076.1734134|BK||99999
DHCST|NY|100|00|00|000|00|0212324|1000000US360670001001036|360670001001036|1|2|36|01779796|067|H1|00974132|73000|C5|00979539|99999|99|99999999||||99999|99|99999999|73000|C5|00979539|000100|1|1036|9999|9|99999|99|99999999|999|99999|99|99999999|999999|9|99999|99|99999999|45060|1|532|99999|99999|9|999|99999|Y|N|86302|U|U|24|||||050|||||129|||||000291|A|13204|99999|99999|28590|00701|162668|0|1036|Block 1036|S||0|0|+43.0596923|-076.1763385|BK||99999
DHCST|NY|100|00|00|000|00|0212325|1000000US360670001001037|360670001001037|1|2|36|01779796|067|H1|00974132|73000|C5|00979539|99999|99|99999999||||99999|99|99999999|73000|C5|00979539|000100|1|1037|9999|9|99999|99|99999999|999|99999|99|99999999|999999|9|99999|99|99999999|45060|1|532|99999|99999|9|999|99999|Y|N|86302|U|U|24|||||050|||||129|||||000291|A|13204|99999|99999|28590|00701|7612|0|1037|Block 1037|S||0|0|+43.0578702|-076.1739948|BK||99999
DHCST|NY|100|00|00|000|00|0212326|1000000US360670001001038|360670001001038|1|2|36|01779796|067|H1|00974132|73000|C5|00979539|99999|99|99999999||||99999|99|99999999|73000|C5|00979539|000100|1|1038|9999|9|99999|99|99999999|999|99999|99|99999999|999999|9|99999|99|99999999|45060|1|532|99999|99999|9|999|99999|Y|N|86302|U|U|24|||||050|||||129|||||000291|A|13204|99999|99999|28590|00701|26128|0|1038|Block 1038|S||39|23|+43.0582189|-076.1727187|BK||99999
DHCST|NY|100|00|00|000|00|0212327|1000000US360670001001039|360670001001039|1|2|36|01779796|067|H1|00974132|73000|C5|00979539|99999|99|99999999||||99999|99|99999999|73000|C5|00979539|000100|1|1039|9999|9|99999|99|99999999|999|99999|99|99999999|999999|9|99999|99|99999999|45060|1|532|99999|99999|9|999|99999|Y|N|86302|U|U|24|||||050|||||129|||||000291|A|13204|99999|99999|28590|00701|35694|0|1039|Block 1039|S||20|5|+43.0595642|-076.1709776|BK||99999
DHCST|NY|100|00|00|000|00|0212328|1000000US360670001001040|360670001001040|1|2|36|01779796|067|H1|00974132|73000|C5|00979539|99999|99|99999999||||99999|99|99999999|73000|C5|00979539|000100|1|1040|9999|9|99999|99|99999999|999|99999|99|99999999|999999|9|99999|99|99999999|45060|1|532|99999|99999|9|999|99999|Y|N|86302|U|U|24|||||050|||||129|||||000291|A|13204|99999|99999|28590|00701|68148|0|1040|Block 1040|S||29|20|+43.0602798|-076.1672487|BK||99999
DHCST|NY|100|00|00|000|00|0212329|1000000US360670001001041|360670001001041|1|2|36|01779796|067|H1|00974132|73000|C5|00979539|99999|99|99999999||||99999|99|99999999|73000|C5|00979539|000100|1|1041|9999|9|99999|99|99999999|999|99999|99|99999999|999999|9|99999|99|99999999|45060|1|532|99999|99999|9|999|99999|Y|N|86302|U|U|24|||||050|||||129|||||000291|A|13204|99999|99999|28590|00701|0|63701|1041|Block 1041|S||0|0|+43.0611732|-076.1656062|BK||99999
DHCST|NY|100|00|00|000|00|0212330|1000000US360670001001042|360670001001042|1|2|36|01779796|067|H1|00974132|73000|C5|00979539|99999|99|99999999||||99999|99|99999999|73000|C5|00979539|000100|1|1042|9999|9|99999|99|99999999|999|99999|99|99999999|999999|9|99999|99|99999999|45060|1|532|99999|99999|9|999|99999|Y|N|86302|U|U|24|||||050|||||129|||||000291|A|13204|99999|99999|28590|00701|103428|0|1042|Block 1042|S||0|0|+43.0630403|-076.1666138|BK||99999
DHCST|NY|100|00|00|000|00|0212331|1000000US360670001001043|360670001001043|1|2|36|01779796|067|H1|00974132|73000|C5|00979539|99999|99|99999999||||99999|99|99999999|73000|C5|00979539|000100|1|1043|9999|9|99999|99|99999999|999|99999|99|99999999|999999|9|99999|99|99999999|45060|1|532|99999|99999|9|999|99999|Y|N|86302|U|U|24|||||050|||||129|||||000291|A|13204|99999|99999|28590|00701|108651|0|1043|Block 1043|S||0|0|+43.0635414|-076.1630010|BK||99999
DHCST|NY|100|00|00|000|00|0212332|1000000US360670001001044|360670001001044|1|2|36|01779796|067|H1|00974132|73000|C5|00979539|99999|99|99999999||||99999|99|99999999|73000|C5|00979539|000100|1|1044|9999|9|99999|99|99999999|999|99999|99|99999999|999999|9|99999|99|99999999|45060|1|532|99999|99999|9|999|99999|Y|N|86302|U|U|24|||||050|||||129|||||000291|A|13204|99999|99999|28590|00701|10375|0|1044|Block 1044|S||0|0|+43.0639437|-076.1608850|BK||99999
DHCST|NY|100|00|00|000|00|0212333|1000000US360670001001045|360670001001045|1|2|36|01779796|067|H1|00974132|73000|C5|00979539|99999|99|99999999||||99999|99|99999999|73000|C5|00979539|000100|1|1045|9999|9|99999|99|99999999|999|99999|99|99999999|999999|9|99999|99|99999999|45060|1|532|99999|99999|9|999|99999|Y|N|86302|U|U|24|||||050|||||129|||||000291|A|13204|99999|99999|28590|00701|16463|0|1045|Block 1045|S||0|0|+43.0650153|-076.1625319|BK||99999
DHCST|NY|100|00|00|000|00|0212334|1000000US360670001001046|360670001001046|1|2|36|01779796|067|H1|00974132|73000|C5|00979539|99999|99|99999999||||99999|99|99999999|73000|C5|00979539|000100|1|1046|9999|9|99999|99|99999999|999|99999|99|99999999|999999|9|99999|99|99999999|45060|1|532|99999|99999|9|999|99999|Y|N|86302|U|U|24|||||050|||||129|||||000291|A|13204|99999|99999|28590|00701|12644|0|1046|Block 1046|S||0|0|+43.0653285|-076.1620563|BK||99999
DHCST|NY|100|00|00|000|00|0212335|1000000US360670001001047|360670001001047|1|2|36|01779796|067|H1|00974132|73000|C5|00979539|99999|99|99999999||||99999|99|99999999|73000|C5|00979539|000100|1|1047|9999|9|99999|99|99999999|999|99999|99|99999999|999999|9|99999|99|99999999|45060|1|532|99999|99999|9|999|99999|Y|N|86302|U|U|24|||||050|||||129|||||000291|A|13204|99999|99999|28590|00701|15901|0|1047|Block 1047|S||0|0|+43.0626117|-076.1584529|BK||99999
DHCST|NY|100|00|00|000|00|0212336|1000000US360670001001048|360670001001048|1|2|36|01779796|067|H1|00974132|73000|C5|00979539|99999|99|99999999||||99999|99|99999999|73000|C5|00979539|000100|1|1048|9999|9|99999|99|99999999|999|99999|99|99999999|999999|9|99999|99|99999999|45060|1|532|99999|99999|9|999|99999|Y|N|86302|U|U|24|||||050|||||129|||||000291|A|13204|99999|99999|28590|00701|14123|0|1048|Block 1048|S||0|0|+43.0631484|-076.1596546|BK||99999
DHCST|NY|100|00|00|000|00|0212337|1000000US360670001001049|360670001001049|1|2|36|01779796|067|H1|00974132|73000|C5|00979539|99999|99|99999999||||99999|99|99999999|73000|C5|00979539|000100|1|1049|9999|9|99999|99|99999999|999|99999|99|99999999|999999|9|99999|99|99999999|45060|1|532|99999|99999|9|999|99999|Y|N|86302|U|U|24|||||050|||||129|||||000291|A|13204|99999|99999|28590|00701|10790|0|1049|Block 1049|S||78|61|+43.0613732|-076.1578309|BK||99999
DHCST|NY|100|00|00|000|00|0212338|1000000US360670001001050|360670001001050|1|2|36|01779796|067|H1|00974132|73000|C5|00979539|99999|99|99999999||||99999|99|99999999|73000|C5|00979539|000100|1|1050|9999|9|99999|99|99999999|999|99999|99|99999999|999999|9|99999|99|99999999|45060|1|532|99999|99999|9|999|99999|Y|N|86302|U|U|24|||||050|||||129|||||000291|A|13204|99999|99999|28590|00701|55085|0|1050|Block 1050|S||4|1|+43.0611916|-076.1595487|BK||99999
DHCST|NY|100|00|00|000|00|0212339|1000000US360670001001051|360670001001051|1|2|36|01779796|067|H1|00974132|73000|C5|00979539|99999|99|99999999||||99999|99|99999999|73000|C5|00979539|000100|1|1051|9999|9|99999|99|99999999|999|99999|99|99999999|999999|9|99999|99|99999999|45060|1|532|99999|99999|9|999|99999|Y|N|86302|U|U|24|||||050|||||129|||||000291|A|13204|99999|99999|28590|00701|30709|0|1051|Block 1051|S||0|0|+43.0599201|-076.1611290|BK||99999
DHCST|NY|100|00|00|000|00|0212340|1000000US360670001001052|360670001001052|1|2|36|01779796|067|H1|00974132|73000|C5|00979539|99999|99|99999999||||99999|99|99999999|73000|C5|00979539|000100|1|1052|9999|9|99999|99|99999999|999|99999|99|99999999|999999|9|99999|99|99999999|45060|1|532|99999|99999|9|999|99999|Y|N|86302|U|U|24|||||050|||||129|||||000291|A|13204|99999|99999|28590|00701|28124|0|1052|Block 1052|S||199|164|+43.0595790|-076.1582551|BK||99999
DHCST|NY|100|00|00|000|00|0212341|1000000US360670001001053|360670001001053|1|2|36|01779796|067|H1|00974132|73000|C5|00979539|99999|99|99999999||||99999|99|99999999|73000|C5|00979539|000100|1|1053|9999|9|99999|99|99999999|999|99999|99|99999999|999999|9|99999|99|99999999|45060|1|532|99999|99999|9|999|99999|Y|N|86302|U|U|24|||||050|||||129|||||000291|A|13204|99999|99999|28590|00701|20807|0|1053|Block 1053|S||51|37|+43.0600687|-076.1565064|BK||99999
DHCST|NY|100|00|00|000|00|0212342|1000000US360670001001054|360670001001054|1|2|36|01779796|067|H1|00974132|73000|C5|00979539|99999|99|99999999||||99999|99|99999999|73000|C5|00979539|000100|1|1054|9999|9|99999|99|99999999|999|99999|99|99999999|999999|9|99999|99|99999999|45060|1|532|99999|99999|9|999|99999|Y|N|86302|U|U|24|||||050|||||129|||||000291|A|13204|99999|99999|28590|00701|22335|0|1054|Block 1054|S||0|0|+43.0563228|-076.1543670|BK||99999
DHCST|NY|100|00|00|000|00|0212343|1000000US360670001001055|360670001001055|1|2|36|01779796|067|H1|00974132|73000|C5|00979539|99999|99|99999999||||99999|99|99999999|73000|C5|00979539|000100|1|1055|9999|9|99999|99|99999999|999|99999|99|99999999|999999|9|99999|99|99999999|45060|1|532|99999|99999|9|999|99999|Y|N|86302|U|U|24|||||050|||||129|||||000291|A|13204|99999|99999|28590|00701|13166|0|1055|Block 1055|S||0|0|+43.0559853|-076.1551323|BK||99999
DHCST|NY|100|00|00|000|00|0212344|1000000US360670001001056|360670001001056|1|2|36|01779796|067|H1|00974132|73000|C5|00979539|99999|99|99999999||||99999|99|99999999|73000|C5|00979539|000100|1|1056|9999|9|99999|99|99999999|999|99999|99|99999999|999999|9|99999|99|99999999|45060|1|532|99999|99999|9|999|99999|Y|N|86302|U|U|24|||||050|||||129|||||000291|A|13204|99999|99999|28590|00701|30192|0|1056|Block 1056|S||0|0|+43.0581716|-076.1551967|BK||99999
DHCST|NY|100|00|00|000|00|0212345|1000000US360670001001057|360670001001057|1|2|36|01779796|067|H1|00974132|73000|C5|00979539|99999|99|99999999||||99999|99|99999999|73000|C5|00979539|000100|1|1057|9999|9|99999|99|99999999|999|99999|99|99999999|999999|9|99999|99|99999999|45060|1|532|99999|99999|9|999|99999|Y|N|86302|U|U|24|||||050|||||129|||||000291|A|13204|99999|99999|28590|00701|103748|0|1057|Block 1057|S||138|104|+43.0574657|-076.1601320|BK||99999
DHCST|NY|100|00|00|000|00|0212346|1000000US360670001001058|360670001001058|1|2|36|01779796|067|H1|00974132|73000|C5|00979539|99999|99|99999999||||99999|99|99999999|73000|C5|00979539|000100|1|1058|9999|9|99999|99|99999999|999|99999|99|99999999|999999|9|99999|99|99999999|45060|1|532|99999|99999|9|999|99999|Y|N|86302|U|U|24|||||050|||||129|||||000291|A|13204|99999|99999|28590|00701|73174|0|1058|Block 1058|S||26|6|+43.0584874|-076.1638994|BK||99999
DHCST|NY|100|00|00|000|00|0212347|1000000US360670001001059|360670001001059|1|2|36|01779796|067|H1|00974132|73000|C5|00979539|99999|99|99999999||||99999|99|99999999|73000|C5|00979539|000100|1|1059|9999|9|99999|99|99999999|999|99999|99|99999999|999999|9|99999|99|99999999|45060|1|532|99999|99999|9|999|99999|Y|N|86302|U|U|24|||||050|||||129|||||000291|A|13204|99999|99999|28590|00701|36553|0|1059|Block 1059|S||0|0|+43.0576147|-076.1672497|BK||99999
DHCST|NY|100|00|00|000|00|0212348|1000000US360670001001060|360670001001060|1|2|36|01779796|067|H1|00974132|73000|C5|00979539|99999|99|99999999||||99999|99|99999999|73000|C5|00979539|000100|1|1060|9999|9|99999|99|99999999|999|99999|99|99999999|999999|9|99999|99|99999999|45060|1|532|99999|99999|9|999|99999|Y|N|86302|U|U|24|||||050|||||129|||||000291|A|13204|99999|99999|28590|00701|73910|0|1060|Block 1060|S||0|0|+43.0589901|-076.1688539|BK||99999
DHCST|NY|100|00|00|000|00|0212349|1000000US360670001001061|360670001001061|1|2|36|01779796|067|H1|00974132|73000|C5|00979539|99999|99|99999999||||99999|99|99999999|73000|C5|00979539|000100|1|1061|9999|9|99999|99|99999999|999|99999|99|99999999|999999|9|99999|99|99999999|45060|1|532|99999|99999|9|999|99999|Y|N|86302|U|U|24|||||050|||||129|||||000291|A|13204|99999|99999|28590|00701|24061|0|1061|Block 1061|S||0|0|+43.0564767|-076.1617636|BK||99999
DHCST|NY|100|00|00|000|00|0212350|1000000US360670001001062|360670001001062|1|2|36|01779796|067|H1|00974132|73000|C5|00979539|99999|99|99999999||||99999|99|99999999|73000|C5|00979539|000100|1|1062|9999|9|99999|99|99999999|999|99999|99|99999999|999999|9|99999|99|99999999|45060|1|532|99999|99999|9|999|99999|Y|N|86302|U|U|24|||||050|||||129|||||000291|A|13204|99999|99999|28590|00701|19824|0|1062|Block 1062|S||0|0|+43.0566623|-076.1631484|BK||99999
DHCST|NY|100|00|00|000|00|0212351|1000000US360670001001063|360670001001063|1|2|36|01779796|067|H1|00974132|73000|C5|00979539|99999|99|99999999||||99999|99|99999999|73000|C5|00979539|000100|1|1063|9999|9|99999|99|99999999|999|99999|99|99999999|999999|9|99999|99|99999999|45060|1|532|99999|99999|9|999|99999|Y|N|86302|U|U|24|||||050|||||129|||||000291|A|13204|99999|99999|28590|00701|30520|0|1063|Block 1063|S||0|0|+43.0549364|-076.1583523|BK||99999
DHCST|NY|100|00|00|000|00|0212352|1000000US360670001001064|360670001001064|1|2|36|01779796|067|H1|00974132|73000|C5|00979539|99999|99|99999999||||99999|99|99999999|73000|C5|00979539|000100|1|1064|9999|9|99999|99|99999999|999|99999|99|99999999|999999|9|99999|99|99999999|45060|1|532|99999|99999|9|999|99999|Y|N|86302|U|U|24|||||050|||||129|||||000291|A|13204|99999|99999|28590|00701|30813|0|1064|Block 1064|S||0|0|+43.0562429|-076.1645621|BK||99999
DHCST|NY|100|00|00|000|00|0212353|1000000US360670001001065|360670001001065|1|2|36|01779796|067|H1|00974132|73000|C5|00979539|99999|99|99999999||||99999|99|99999999|73000|C5|00979539|000100|1|1065|9999|9|99999|99|99999999|999|99999|99|99999999|999999|9|99999|99|99999999|45060|1|532|99999|99999|9|999|99999|Y|N|86302|U|U|24|||||050|||||129|||||000291|A|13204|99999|99999|28590|00701|30479|0|1065|Block 1065|S||42|14|+43.0561095|-076.1670390|BK||99999
DHCST|NY|100|00|00|000|00|0212354|1000000US360670001001066|360670001001066|1|2|36|01779796|067|H1|00974132|73000|C5|00979539|99999|99|99999999||||99999|99|99999999|73000|C5|00979539|000100|1|1066|9999|9|99999|99|99999999|999|99999|99|99999999|999999|9|99999|99|99999999|45060|1|532|99999|99999|9|999|99999|Y|N|86302|U|U|24|||||050|||||129|||||000291|A|13204|99999|99999|28590|00701|12117|0|1066|Block 1066|S||13|21|+43.0565908|-076.1683924|BK||99999
DHCST|NY|100|00|00|000|00|0212355|1000000US360670001001067|360670001001067|1|2|36|01779796|067|H1|00974132|73000|C5|00979539|99999|99|99999999||||99999|99|99999999|73000|C5|00979539|000100|1|1067|9999|9|99999|99|99999999|999|99999|99|99999999|999999|9|99999|99|99999999|45060|1|532|99999|99999|9|999|99999|Y|N|86302|U|U|24|||||050|||||129|||||000291|A|13204|99999|99999|28590|00701|4192|0|1067|Block 1067|S||0|0|+43.0572514|-076.1696770|BK||99999
DHCST|NY|100|00|00|000|00|0212356|1000000US360670001001068|360670001001068|1|2|36|01779796|067|H1|00974132|73000|C5|00979539|99999|99|99999999||||99999|99|99999999|73000|C5|00979539|000100|1|1068|9999|9|99999|99|99999999|999|99999|99|99999999|999999|9|99999|99|99999999|45060|1|532|99999|99999|9|999|99999|Y|N|86302|U|U|24|||||050|||||129|||||000291|A|13204|99999|99999|28590|00701|26174|0|1068|Block 1068|S||0|0|+43.0568117|-076.1720296|BK||99999
DHCST|NY|100|00|00|000|00|0212357|1000000US360670001001069|360670001001069|1|2|36|01779796|067|H1|00974132|73000|C5|00979539|99999|99|99999999||||99999|99|99999999|73000|C5|00979539|000100|1|1069|9999|9|99999|99|99999999|999|99999|99|99999999|999999|9|99999|99|99999999|45060|1|532|99999|99999|9|999|99999|Y|N|86302|U|U|24|||||050|||||129|||||000291|A|13204|99999|99999|28590|00701|88745|0|1069|Block 1069|S||0|0|+43.0577172|-076.1776081|BK||99999
DHCST|NY|100|00|00|000|00|0212358|1000000US360670001001070|360670001001070|1|2|36|01779796|067|H1|00974132|73000|C5|00979539|99999|99|99999999||||99999|99|99999999|73000|C5|00979539|000100|1|1070|9999|9|99999|99|99999999|999|99999|99|99999999|999999|9|99999|99|99999999|45060|1|532|99999|99999|9|999|99999|Y|N|86302|U|U|24|||||050|||||129|||||000291|A|13204|99999|99999|28590|00701|39638|0|1070|Block 1070|S||0|0|+43.0567291|-076.1772830|BK||99999
DHCST|NY|100|00|00|000|00|0212359|1000000US360670001001071|360670001001071|1|2|36|01779796|067|H1|00974132|73000|C5|00979539|99999|99|99999999||||99999|99|99999999|73000|C5|00979539|000100|1|1071|9999|9|99999|99|99999999|999|99999|99|99999999|999999|9|99999|99|99999999|45060|1|532|99999|99999|9|999|99999|Y|N|86302|U|U|24|||||050|||||129|||||000291|A|13204|99999|99999|28590|00701|13637|0|1071|Block 1071|S||0|0|+43.0594526|-076.1852102|BK||99999
DHCST|NY|100|00|00|000|00|0212360|1000000US360670001001072|360670001001072|1|2|36|01779796|067|H1|00974132|73000|C5|00979539|99999|99|99999999||||99999|99|99999999|73000|C5|00979539|000100|1|1072|9999|9|99999|99|99999999|999|99999|99|99999999|999999|9|99999|99|99999999|45060|1|532|99999|99999|9|999|99999|Y|N|86302|U|U|24|||||050|||||129|||||000291|A|13204|99999|99999|28590|00701|19486|0|1072|Block 1072|S||0|0|+43.0632990|-076.1926503|BK||99999
DHCST|NY|100|00|00|000|00|0212361|1000000US360670001001073|360670001001073|1|2|36|01779796|067|H1|00974132|73000|C5|00979539|99999|99|99999999||||99999|99|99999999|73000|C5|00979539|000100|1|1073|9999|9|99999|99|99999999|999|99999|99|99999999|999999|9|99999|99|99999999|45060|1|532|99999|99999|9|999|99999|Y|N|86302|U|U|24|||||050|||||129|||||000331|A|13204|99999|99999|28590|00701|123782|0|1073|Block 1073|S||0|0|+43.0629131|-076.1941923|BK||99999
DHCST|NY|100|00|00|000|00|0212362|1000000US360670001001074|360670001001074|1|2|36|01779796|067|H1|00974132|73000|C5|00979539|99999|99|99999999||||99999|99|99999999|73000|C5|00979539|000100|1|1074|9999|9|99999|99|99999999|999|99999|99|99999999|999999|9|99999|99|99999999|45060|1|532|99999|99999|9|999|99999|Y|N|86302|U|U|24|||||050|||||129|||||000331|A|13204|99999|99999|28590|00701|70535|0|1074|Block 1074|S||0|0|+43.0605669|-076.1917332|BK||99999
DHCST|NY|100|00|00|000|00|0212363|1000000US360670001001075|360670001001075|1|2|36|01779796|067|H1|00974132|73000|C5|00979539|99999|99|99999999||||99999|99|99999999|73000|C5|00979539|000100|1|1075|9999|9|99999|99|99999999|999|99999|99|99999999|999999|9|99999|99|99999999|45060|1|532|99999|99999|9|999|99999|Y|N|86302|U|U|24|||||050|||||129|||||000331|A|13204|99999|99999|28590|00701|169716|0|1075|Block 1075|S||0|0|+43.0583236|-076.1863874|BK||99999
DHCST|NY|100|00|00|000|00|0212364|1000000US360670001001076|360670001001076|1|2|36|01779796|067|H1|00974132|73000|C5|00979539|99999|99|99999999||||99999|99|99999999|73000|C5|00979539|000100|1|1076|9999|9|99999|99|99999999|999|99999|99|99999999|999999|9|99999|99|99999999|45060|1|532|99999|99999|9|999|99999|Y|N|86302|U|U|24|||||053|||||129|||||000290|A|13204|99999|99999|28590|00701|7239|0|1076|Block 1076|S||0|0|+43.0584620|-076.1833582|BK||99999
DHCST|NY|100|00|00|000|00|0212365|1000000US360670001001077|360670001001077|1|2|36|01779796|067|H1|00974132|73000|C5|00979539|99999|99|99999999||||99999|99|99999999|73000|C5|00979539|000100|1|1077|9999|9|99999|99|99999999|999|99999|99|99999999|999999|9|99999|99|99999999|45060|1|532|99999|99999|9|999|99999|Y|N|86302|U|U|24|||||050|||||129|||||000291|A|13204|99999|99999|28590|00701|4626|0|1077|Block 1077|S||0|0|+43.0555286|-076.1645066|BK||99999
DHCST|NY|100|00|00|000|00|0212366|1000000US360670001001078|360670001001078|1|2|36|01779796|067|H1|00974132|73000|C5|00979539|99999|99|99999999||||99999|99|99999999|73000|C5|00979539|000100|1|1078|9999|9|99999|99|99999999|999|99999|99|99999999|999999|9|99999|99|99999999|45060|1|532|99999|99999|9|999|99999|Y|N|86302|U|U|24|||||050|||||129|||||000291|A|13204|99999|99999|28590|00701|6167|0|1078|Block 1078|S||0|0|+43.0558504|-076.1681068|BK||99999
DHCST|NY|100|00|00|000|00|0212367|1000000US360670001001079|360670001001079|1|2|36|01779796|067|H1|00974132|73000|C5|00979539|99999|99|99999999||||99999|99|99999999|73000|C5|00979539|000100|1|1079|9999|9|99999|99|99999999|999|99999|99|99999999|999999|9|99999|99|99999999|45060|1|532|99999|99999|9|999|99999|Y|N|86302|U|U|24|||||050|||||129|||||000291|A|13204|99999|99999|28590|00701|4751|0|1079|Block 1079|S||0|0|+43.0559736|-076.1721733|BK||99999
DHCST|NY|100|00|00|000|00|0212368|1000000US360670001001080|360670001001080|1|2|36|01779796|067|H1|00974132|73000|C5|00979539|99999|99|99999999||||99999|99|99999999|73000|C5|00979539|000100|1|1080|9999|9|99999|99|99999999|999|99999|99|99999999|999999|9|99999|99|99999999|45060|1|532|99999|99999|9|999|99999|Y|N|86302|U|U|24|||||050|||||129|||||000291|A|13204|99999|99999|28590|00701|9218|0|1080|Block 1080|S||0|0|+43.0562038|-076.1718822|BK||99999
DHCST|NY|100|00|00|000|00|0212369|1000000US360670001001081|360670001001081|1|2|36|01779796|067|H1|00974132|73000|C5|00979539|99999|99|99999999||||99999|99|99999999|73000|C5|00979539|000100|1|1081|9999|9|99999|99|99999999|999|99999|99|99999999|999999|9|99999|99|99999999|45060|1|532|99999|99999|9|999|99999|Y|N|86302|U|U|24|||||050|||||129|||||000291|A|13204|99999|99999|28590|00701|1486|0|1081|Block 1081|S||0|0|+43.0555950|-076.1541240|BK||99999
DHCST|NY|100|00|00|000|00|0212370|1000000US360670001001082|360670001001082|1|2|36|01779796|067|H1|00974132|73000|C5|00979539|99999|99|99999999||||99999|99|99999999|73000|C5|00979539|000100|1|1082|9999|9|99999|99|99999999|999|99999|99|99999999|999999|9|99999|99|99999999|45060|1|532|99999|99999|9|999|99999|Y|N|86302|U|U|24|||||050|||||129|||||000291|A|13204|99999|99999|28590|00701|58095|0|1082|Block 1082|S||205|195|+43.0578508|-076.1569596|BK||99999
DHCST|NY|100|00|00|000|00|0212371|1000000US360670001001083|360670001001083|1|2|36|01779796|067|H1|00974132|73000|C5|00979539|99999|99|99999999||||99999|99|99999999|73000|C5|00979539|000100|1|1083|9999|9|99999|99|99999999|999|99999|99|99999999|999999|9|99999|99|99999999|45060|1|532|99999|99999|9|999|99999|Y|N|86302|U|U|24|||||050|||||129|||||000291|A|13204|99999|99999|28590|00701|53067|0|1083|Block 1083|S||110|71|+43.0557056|-076.1572967|BK||99999
DHCST|NY|100|00|00|000|00|0212372|1000000US360670001001084|360670001001084|1|2|36|01779796|067|H1|00974132|73000|C5|00979539|99999|99|99999999||||99999|99|99999999|73000|C5|00979539|000100|1|1084|9999|9|99999|99|99999999|999|99999|99|99999999|999999|9|99999|99|99999999|45060|1|532|99999|99999|9|999|99999|Y|N|86302|U|U|24|||||050|||||129|||||000291|A|13204|99999|99999|28590|00701|17693|0|1084|Block 1084|S||34|25|+43.0578398|-076.1712865|BK||99999
DHCST|NY|100|00|00|000|00|0212373|1000000US360670001001085|360670001001085|1|2|36|01779796|067|H1|00974132|73000|C5|00979539|99999|99|99999999||||99999|99|99999999|73000|C5|00979539|000100|1|1085|9999|9|99999|99|99999999|999|99999|99|99999999|999999|9|99999|99|99999999|45060|1|532|99999|99999|9|999|99999|Y|N|86302|U|U|24|||||050|||||129|||||000338|A|13204|99999|99999|28590|00701|1044|0|1085|Block 1085|S||0|0|+43.0542399|-076.1551696|BK||99999
DHCST|NY|100|00|00|000|00|0212374|1000000US360670001001086|360670001001086|1|2|36|01779796|067|H1|00974132|73000|C5|00979539|99999|99|99999999||||99999|99|99999999|73000|C5|00979539|000100|1|1086|9999|9|99999|99|99999999|999|99999|99|99999999|999999|9|99999|99|99999999|45060|1|532|99999|99999|9|999|99999|Y|N|86302|U|U|24|||||050|||||129|||||000291|A|13204|99999|99999|28590|00701|11264|0|1086|Block 1086|S||0|0|+43.0547262|-076.1590841|BK||99999
DHCST|NY|100|00|00|000|00|0212375|1000000US360670002001000|360670002001000|1|2|36|01779796|067|H1|00974132|73000|C5|00979539|99999|99|99999999||||99999|99|99999999|73000|C5|00979539|000200|1|1000|9999|9|99999|99|99999999|999|99999|99|99999999|999999|9|99999|99|99999999|45060|1|532|99999|99999|9|999|99999|Y|N|86302|U|U|24|||||053|||||129|||||000280|A|13208|99999|99999|28590|00701|28769|0|1000|Block 1000|S||31|6|+43.0815467|-076.1574182|BK||99999
DHCST|NY|100|00|00|000|00|0212376|1000000US360670002001001|360670002001001|1|2|36|01779796|067|H1|00974132|73000|C5|00979539|99999|99|99999999||||99999|99|99999999|73000|C5|00979539|000200|1|1001|9999|9|99999|99|99999999|999|99999|99|99999999|999999|9|99999|99|99999999|45060|1|532|99999|99999|9|999|99999|Y|N|86302|U|U|24|||||053|||||129|||||000280|A|13208|99999|99999|28590|00701|26558|0|1001|Block 1001|S||0|0|+43.0801000|-076.1585506|BK||99999
DHCST|NY|100|00|00|000|00|0212377|1000000US360670002001002|360670002001002|1|2|36|01779796|067|H1|00974132|73000|C5|00979539|99999|99|99999999||||99999|99|99999999|73000|C5|00979539|000200|1|1002|9999|9|99999|99|99999999|999|99999|99|99999999|999999|9|99999|99|99999999|45060|1|532|99999|99999|9|999|99999|Y|N|86302|U|U|24|||||053|||||129|||||000280|A|13208|99999|99999|28590|00701|12667|0|1002|Block 1002|S||54|22|+43.0797280|-076.1572478|BK||99999
DHCST|NY|100|00|00|000|00|0212378|1000000US360670002001003|360670002001003|1|2|36|01779796|067|H1|00974132|73000|C5|00979539|99999|99|99999999||||99999|99|99999999|73000|C5|00979539|000200|1|1003|9999|9|99999|99|99999999|999|99999|99|99999999|999999|9|99999|99|99999999|45060|1|532|99999|99999|9|999|99999|Y|N|86302|U|U|24|||||053|||||129|||||000280|A|13208|99999|99999|28590|00701|19130|0|1003|Block 1003|S||62|39|+43.0807679|-076.1559800|BK||99999
DHCST|NY|100|00|00|000|00|0212379|1000000US360670002001004|360670002001004|1|2|36|01779796|067|H1|00974132|73000|C5|00979539|99999|99|99999999||||99999|99|99999999|73000|C5|00979539|000200|1|1004|9999|9|99999|99|99999999|999|99999|99|99999999|999999|9|99999|99|99999999|45060|1|532|99999|99999|9|999|99999|Y|N|86302|U|U|24|||||053|||||129|||||000280|A|13208|99999|99999|28590|00701|16696|0|1004|Block 1004|S||0|0|+43.0788934|-076.1594755|BK||99999
DHCST|NY|100|00|00|000|00|0212380|1000000US360670002001005|360670002001005|1|2|36|01779796|067|H1|00974132|73000|C5|00979539|99999|99|99999999||||99999|99|99999999|73000|C5|00979539|000200|1|1005|9999|9|99999|99|99999999|999|99999|99|99999999|999999|9|99999|99|99999999|45060|1|532|99999|99999|9|999|99999|Y|N|86302|U|U|24|||||053|||||129|||||000280|A|13208|99999|99999|28590|00701|21286|0|1005|Block 1005|S||52|21|+43.0778202|-076.1602723|BK||99999
DHCST|NY|100|00|00|000|00|0212381|1000000US360670002001006|360670002001006|1|2|36|01779796|067|H1|00974132|73000|C5|00979539|99999|99|99999999||||99999|99|99999999|73000|C5|00979539|000200|1|1006|9999|9|99999|99|99999999|999|99999|99|99999999|999999|9|99999|99|99999999|45060|1|532|99999|99999|9|999|99999|Y|N|86302|U|U|24|||||053|||||129|||||000280|A|13208|99999|99999|28590|00701|10918|0|1006|Block 1006|S||27|18|+43.0775028|-076.1585116|BK||99999
DHCST|NY|100|00|00|000|00|0212382|1000000US360670002001007|360670002001007|1|2|36|01779796|067|H1|00974132|73000|C5|00979539|99999|99|99999999||||99999|99|99999999|73000|C5|00979539|000200|1|1007|9999|9|99999|99|99999999|999|99999|99|99999999|999999|9|99999|99|99999999|45060|1|532|99999|99999|9|999|99999|Y|N|86302|U|U|24|||||053|||||129|||||000280|A|13208|99999|99999|28590|00701|22489|0|1007|Block 1007|S||0|0|+43.0784052|-076.1578303|BK||99999
DHCST|NY|100|00|00|000|00|0212383|1000000US360670002001008|360670002001008|1|2|36|01779796|067|H1|00974132|73000|C5|00979539|99999|99|99999999||||99999|99|99999999|73000|C5|00979539|000200|1|1008|9999|9|99999|99|99999999|999|99999|99|99999999|999999|9|99999|99|99999999|45060|1|532|99999|99999|9|999|99999|Y|N|86302|U|U|24|||||053|||||129|||||000280|A|13208|99999|99999|28590|00701|8966|0|1008|Block 1008|S||30|12|+43.0794394|-076.1564782|BK||99999
DHCST|NY|100|00|00|000|00|0212384|1000000US360670002001009|360670002001009|1|2|36|01779796|067|H1|00974132|73000|C5|00979539|99999|99|99999999||||99999|99|99999999|73000|C5|00979539|000200|1|1009|9999|9|99999|99|99999999|999|99999|99|99999999|999999|9|99999|99|99999999|45060|1|532|99999|99999|9|999|99999|Y|N|86302|U|U|24|||||053|||||129|||||000280|A|13208|99999|99999|28590|00701|19422|0|1009|Block 1009|S||46|23|+43.0798707|-076.1550664|BK||99999
DHCST|NY|100|00|00|000|00|0212385|1000000US360670002001010|360670002001010|1|2|36|01779796|067|H1|00974132|73000|C5|00979539|99999|99|99999999||||99999|99|99999999|73000|C5|00979539|000200|1|1010|9999|9|99999|99|99999999|999|99999|99|99999999|999999|9|99999|99|99999999|45060|1|532|99999|99999|9|999|99999|Y|N|86302|U|U|24|||||053|||||129|||||000280|A|13208|99999|99999|28590|00701|44969|0|1010|Block 1010|S||90|42|+43.0788362|-076.1541187|BK||99999
DHCST|NY|100|00|00|000|00|0212386|1000000US360670002001011|360670002001011|1|2|36|01779796|067|H1|00974132|73000|C5|00979539|99999|99|99999999||||99999|99|99999999|73000|C5|00979539|000200|1|1011|9999|9|99999|99|99999999|999|99999|99|99999999|999999|9|99999|99|99999999|45060|1|532|99999|99999|9|999|99999|Y|N|86302|U|U|24|||||053|||||129|||||000280|A|13208|99999|99999|28590|00701|4983|0|1011|Block 1011|S||17|5|+43.0783330|-076.1544050|BK||99999
DHCST|NY|100|00|00|000|00|0212387|1000000US360670002001012|360670002001012|1|2|36|01779796|067|H1|00974132|73000|C5|00979539|99999|99|99999999||||99999|99|99999999|73000|C5|00979539|000200|1|1012|9999|9|99999|99|99999999|999|99999|99|99999999|999999|9|99999|99|99999999|45060|1|532|99999|99999|9|999|99999|Y|N|86302|U|U|24|||||053|||||129|||||000283|A|13208|99999|99999|28590|00701|19604|0|1012|Block 1012|S||87|21|+43.0780566|-076.1523160|BK||99999
DHCST|NY|100|00|00|000|00|0212388|1000000US360670002001013|360670002001013|1|2|36|01779796|067|H1|00974132|73000|C5|00979539|99999|99|99999999||||99999|99|99999999|73000|C5|00979539|000200|1|1013|9999|9|99999|99|99999999|999|99999|99|99999999|999999|9|99999|99|99999999|45060|1|532|99999|99999|9|999|99999|Y|N|86302|U|U|24|||||053|||||129|||||000283|A|13208|99999|99999|28590|00701|14256|0|1013|Block 1013|S||59|15|+43.0775187|-076.1512628|BK||99999
DHCST|NY|100|00|00|000|00|0212389|1000000US360670002001014|360670002001014|1|2|36|01779796|067|H1|00974132|73000|C5|00979539|99999|99|99999999||||99999|99|99999999|73000|C5|00979539|000200|1|1014|9999|9|99999|99|99999999|999|99999|99|99999999|999999|9|99999|99|99999999|45060|1|532|99999|99999|9|999|99999|Y|N|86302|U|U|24|||||053|||||129|||||000283|A|13208|99999|99999|28590|00701|14318|0|1014|Block 1014|S||39|17|+43.0769393|-076.1502481|BK||99999
DHCST|NY|100|00|00|000|00|0212390|1000000US360670002001015|360670002001015|1|2|36|01779796|067|H1|00974132|73000|C5|00979539|99999|99|99999999||||99999|99|99999999|73000|C5|00979539|000200|1|1015|9999|9|99999|99|99999999|999|99999|99|99999999|999999|9|99999|99|99999999|45060|1|532|99999|99999|9|999|99999|Y|N|86302|U|U|24|||||053|||||129|||||000283|A|13208|99999|99999|28590|00701|25673|0|1015|Block 1015|S||92|45|+43.0766345|-076.1523167|BK||99999
DHCST|NY|100|00|00|000|00|0212391|1000000US360670002001016|360670002001016|1|2|36|01779796|067|H1|00974132|73000|C5|00979539|99999|99|99999999||||99999|99|99999999|73000|C5|00979539|000200|1|1016|9999|9|99999|99|99999999|999|99999|99|99999999|999999|9|99999|99|99999999|45060|1|532|99999|99999|9|999|99999|Y|N|86302|U|U|24|||||053|||||129|||||000280|A|13208|99999|99999|28590|00701|27270|0|1016|Block 1016|S||112|63|+43.0777181|-076.1553122|BK||99999
DHCST|NY|100|00|00|000|00|0212392|1000000US360670002001017|360670002001017|1|2|36|01779796|067|H1|00974132|73000|C5|00979539|99999|99|99999999||||99999|99|99999999|73000|C5|00979539|000200|1|1017|9999|9|99999|99|99999999|999|99999|99|99999999|999999|9|99999|99|99999999|45060|1|532|99999|99999|9|999|99999|Y|N|86302|U|U|24|||||053|||||129|||||000280|A|13208|99999|99999|28590|00701|23384|0|1017|Block 1017|S||151|53|+43.0768879|-076.1571742|BK||99999
DHCST|NY|100|00|00|000|00|0212393|1000000US360670002001018|360670002001018|1|2|36|01779796|067|H1|00974132|73000|C5|00979539|99999|99|99999999||||99999|99|99999999|73000|C5|00979539|000200|1|1018|9999|9|99999|99|99999999|999|99999|99|99999999|999999|9|99999|99|99999999|45060|1|532|99999|99999|9|999|99999|Y|N|86302|U|U|24|||||053|||||129|||||000280|A|13208|99999|99999|28590|00701|11136|0|1018|Block 1018|S||51|17|+43.0769064|-076.1589593|BK||99999
DHCST|NY|100|00|00|000|00|0212394|1000000US360670002001019|360670002001019|1|2|36|01779796|067|H1|00974132|73000|C5|00979539|99999|99|99999999||||99999|99|99999999|73000|C5|00979539|000200|1|1019|9999|9|99999|99|99999999|999|99999|99|99999999|999999|9|99999|99|99999999|45060|1|532|99999|99999|9|999|99999|Y|N|86302|U|U|24|||||053|||||129|||||000280|A|13208|99999|99999|28590|00701|22316|0|1019|Block 1019|S||67|37|+43.0759975|-076.1596330|BK||99999
DHCST|NY|100|00|00|000|00|0212395|1000000US360670002001020|360670002001020|1|2|36|01779796|067|H1|00974132|73000|C5|00979539|99999|99|99999999||||99999|99|99999999|73000|C5|00979539|000200|1|1020|9999|9|99999|99|99999999|999|99999|99|99999999|999999|9|99999|99|99999999|45060|1|532|99999|99999|9|999|99999|Y|N|86302|U|U|24|||||053|||||129|||||000280|A|13208|99999|99999|28590|00701|21402|0|1020|Block 1020|S||42|23|+43.0766157|-076.1611724|BK||99999
DHCST|NY|100|00|00|000|00|0212396|1000000US360670002001021|360670002001021|1|2|36|01779796|067|H1|00974132|73000|C5|00979539|99999|99|99999999||||99999|99|99999999|73000|C5|00979539|000200|1|1021|9999|9|99999|99|99999999|999|99999|99|99999999|999999|9|99999|99|99999999|45060|1|532|99999|99999|9|999|99999|Y|N|86302|U|U|24|||||053|||||129|||||000280|A|13208|99999|99999|28590|00701|21238|0|1021|Block 1021|S||45|26|+43.0754142|-076.1620661|BK||99999
DHCST|NY|100|00|00|000|00|0212397|1000000US360670002001022|360670002001022|1|2|36|01779796|067|H1|00974132|73000|C5|00979539|99999|99|99999999||||99999|99|99999999|73000|C5|00979539|000200|1|1022|9999|9|99999|99|99999999|999|99999|99|99999999|999999|9|99999|99|99999999|45060|1|532|99999|99999|9|999|99999|Y|N|86302|U|U|24|||||053|||||129|||||000280|A|13208|99999|99999|28590|00701|22188|0|1022|Block 1022|S||80|41|+43.0747911|-076.1605327|BK||99999
DHCST|NY|100|00|00|000|00|0212398|1000000US360670002001023|360670002001023|1|2|36|01779796|067|H1|00974132|73000|C5|00979539|99999|99|99999999||||99999|99|99999999|73000|C5|00979539|000200|1|1023|9999|9|99999|99|99999999|999|99999|99|99999999|999999|9|99999|99|99999999|45060|1|532|99999|99999|9|999|99999|Y|N|86302|U|U|24|||||053|||||129|||||000280|A|13208|99999|99999|28590|00701|21930|0|1023|Block 1023|S||80|34|+43.0741587|-076.1589617|BK||99999
DHCST|NY|100|00|00|000|00|0212399|1000000US360670002001024|360670002001024|1|2|36|01779796|067|H1|00974132|73000|C5|00979539|99999|99|99999999||||99999|99|99999999|73000|C5|00979539|000200|1|1024|9999|9|99999|99|99999999|999|99999|99|99999999|999999|9|99999|99|99999999|45060|1|532|99999|99999|9|999|99999|Y|N|86302|U|U|24|||||053|||||129|||||000280|A|13208|99999|99999|28590|00701|22666|0|1024|Block 1024|S||0|0|+43.0753642|-076.1580643|BK||99999
DHCST|NY|100|00|00|000|00|0212400|1000000US360670002001025|360670002001025|1|2|36|01779796|067|H1|00974132|73000|C5|00979539|99999|99|99999999||||99999|99|99999999|73000|C5|00979539|000200|1|1025|9999|9|99999|99|99999999|999|99999|99|99999999|999999|9|99999|99|99999999|45060|1|532|99999|99999|9|999|99999|Y|N|86302|U|U|24|||||053|||||129|||||000280|A|13208|99999|99999|28590|00701|18547|0|1025|Block 1025|S||50|28|+43.0764558|-076.1561097|BK||99999
DHCST|NY|100|00|00|000|00|0212401|1000000US360670002001026|360670002001026|1|2|36|01779796|067|H1|00974132|73000|C5|00979539|99999|99|99999999||||99999|99|99999999|73000|C5|00979539|000200|1|1026|9999|9|99999|99|99999999|999|99999|99|99999999|999999|9|99999|99|99999999|45060|1|532|99999|99999|9|999|99999|Y|N|86302|U|U|24|||||053|||||129|||||000280|A|13208|99999|99999|28590|00701|18718|0|1026|Block 1026|S||85|36|+43.0760815|-076.1551591|BK||99999
DHCST|NY|100|00|00|000|00|0212402|1000000US360670002001027|360670002001027|1|2|36|01779796|067|H1|00974132|73000|C5|00979539|99999|99|99999999||||99999|99|99999999|73000|C5|00979539|000200|1|1027|9999|9|99999|99|99999999|999|99999|99|99999999|999999|9|99999|99|99999999|45060|1|532|99999|99999|9|999|99999|Y|N|86302|U|U|24|||||053|||||129|||||000283|A|13208|99999|99999|28590|00701|18758|0|1027|Block 1027|S||86|29|+43.0760027|-076.1532155|BK||99999
DHCST|NY|100|00|00|000|00|0212403|1000000US360670002001028|360670002001028|1|2|36|01779796|067|H1|00974132|73000|C5|00979539|99999|99|99999999||||99999|99|99999999|73000|C5|00979539|000200|1|1028|9999|9|99999|99|99999999|999|99999|99|99999999|999999|9|99999|99|99999999|45060|1|532|99999|99999|9|999|99999|Y|N|86302|U|U|24|||||053|||||129|||||000283|A|13208|99999|99999|28590|00701|15727|0|1028|Block 1028|S||59|23|+43.0753517|-076.1541583|BK||99999
DHCST|NY|100|00|00|000|00|0212404|1000000US360670002001029|360670002001029|1|2|36|01779796|067|H1|00974132|73000|C5|00979539|99999|99|99999999||||99999|99|99999999|73000|C5|00979539|000200|1|1029|9999|9|99999|99|99999999|999|99999|99|99999999|999999|9|99999|99|99999999|45060|1|532|99999|99999|9|999|99999|Y|N|86302|U|U|24|||||053|||||129|||||000283|A|13208|99999|99999|28590|00701|3207|0|1029|Block 1029|S||0|0|+43.0747327|-076.1542052|BK||99999
DHCST|NY|100|00|00|000|00|0212405|1000000US360670002001030|360670002001030|1|2|36|01779796|067|H1|00974132|73000|C5|00979539|99999|99|99999999||||99999|99|99999999|73000|C5|00979539|000200|1|1030|9999|9|99999|99|99999999|999|99999|99|99999999|999999|9|99999|99|99999999|45060|1|532|99999|99999|9|999|99999|Y|N|86302|U|U|24|||||053|||||129|||||000283|A|13208|99999|99999|28590|00701|22240|0|1030|Block 1030|S||55|34|+43.0741197|-076.1549698|BK||99999
DHCST|NY|100|00|00|000|00|0212406|1000000US360670002001031|360670002001031|1|2|36|01779796|067|H1|00974132|73000|C5|00979539|99999|99|99999999||||99999|99|99999999|73000|C5|00979539|000200|1|1031|9999|9|99999|99|99999999|999|99999|99|99999999|999999|9|99999|99|99999999|45060|1|532|99999|99999|9|999|99999|Y|N|86302|U|U|24|||||053|||||129|||||000280|A|13208|99999|99999|28590|00701|22051|0|1031|Block 1031|S||91|39|+43.0747394|-076.1565158|BK||99999
DHCST|NY|100|00|00|000|00|0212407|1000000US360670002001032|360670002001032|1|2|36|01779796|067|H1|00974132|73000|C5|00979539|99999|99|99999999||||99999|99|99999999|73000|C5|00979539|000200|1|1032|9999|9|99999|99|99999999|999|99999|99|99999999|999999|9|99999|99|99999999|45060|1|532|99999|99999|9|999|99999|Y|N|86302|U|U|24|||||053|||||129|||||000280|A|13208|99999|99999|28590|00701|21185|0|1032|Block 1032|S||116|36|+43.0735342|-076.1574123|BK||99999
DHCST|NY|100|00|00|000|00|0212408|1000000US360670002001033|360670002001033|1|2|36|01779796|067|H1|00974132|73000|C5|00979539|99999|99|99999999||||99999|99|99999999|73000|C5|00979539|000200|1|1033|9999|9|99999|99|99999999|999|99999|99|99999999|999999|9|99999|99|99999999|45060|1|532|99999|99999|9|999|99999|Y|N|86302|U|U|24|||||053|||||129|||||000283|A|13208|99999|99999|28590|00701|22029|0|1033|Block 1033|S||65|38|+43.0729194|-076.1558615|BK||99999
DHCST|NY|100|00|00|000|00|0212409|1000000US360670002002000|360670002002000|1|2|36|01779796|067|H1|00974132|73000|C5|00979539|99999|99|99999999||||99999|99|99999999|73000|C5|00979539|000200|2|2000|9999|9|99999|99|99999999|999|99999|99|99999999|999999|9|99999|99|99999999|45060|1|532|99999|99999|9|999|99999|Y|N|86302|U|U|24|||||053|||||129|||||000283|A|13208|99999|99999|28590|00701|22426|0|2000|Block 2000|S||98|66|+43.0717149|-076.1567598|BK||99999
DHCST|NY|100|00|00|000|00|0212410|1000000US360670002002001|360670002002001|1|2|36|01779796|067|H1|00974132|73000|C5|00979539|99999|99|99999999||||99999|99|99999999|73000|C5|00979539|000200|2|2001|9999|9|99999|99|99999999|999|99999|99|99999999|999999|9|99999|99|99999999|45060|1|532|99999|99999|9|999|99999|Y|N|86302|U|U|24|||||053|||||129|||||000280|A|13208|99999|99999|28590|00701|21828|0|2001|Block 2001|S||81|44|+43.0723343|-076.1583078|BK||99999
DHCST|NY|100|00|00|000|00|0212411|1000000US360670002002002|360670002002002|1|2|36|01779796|067|H1|00974132|73000|C5|00979539|99999|99|99999999||||99999|99|99999999|73000|C5|00979539|000200|2|2002|9999|9|99999|99|99999999|999|99999|99|99999999|999999|9|99999|99|99999999|45060|1|532|99999|99999|9|999|99999|Y|N|86302|U|U|24|||||053|||||129|||||000280|A|13208|99999|99999|28590|00701|22316|0|2002|Block 2002|S||136|61|+43.0729579|-076.1598505|BK||99999
DHCST|NY|100|00|00|000|00|0212412|1000000US360670002002003|360670002002003|1|2|36|01779796|067|H1|00974132|73000|C5|00979539|99999|99|99999999||||99999|99|99999999|73000|C5|00979539|000200|2|2003|9999|9|99999|99|99999999|999|99999|99|99999999|999999|9|99999|99|99999999|45060|1|532|99999|99999|9|999|99999|Y|N|86302|U|U|24|||||053|||||129|||||000280|A|13208|99999|99999|28590|00701|22049|0|2003|Block 2003|S||145|55|+43.0735950|-076.1614181|BK||99999
DHCST|NY|100|00|00|000|00|0212413|1000000US360670002002004|360670002002004|1|2|36|01779796|067|H1|00974132|73000|C5|00979539|99999|99|99999999||||99999|99|99999999|73000|C5|00979539|000200|2|2004|9999|9|99999|99|99999999|999|99999|99|99999999|999999|9|99999|99|99999999|45060|1|532|99999|99999|9|999|99999|Y|N|86302|U|U|24|||||053|||||129|||||000280|A|13208|99999|99999|28590|00701|21207|0|2004|Block 2004|S||92|30|+43.0742194|-076.1629638|BK||99999
DHCST|NY|100|00|00|000|00|0212414|1000000US360670002002005|360670002002005|1|2|36|01779796|067|H1|00974132|73000|C5|00979539|99999|99|99999999||||99999|99|99999999|73000|C5|00979539|000200|2|2005|9999|9|99999|99|99999999|999|99999|99|99999999|999999|9|99999|99|99999999|45060|1|532|99999|99999|9|999|99999|Y|N|86302|U|U|24|||||053|||||129|||||000280|A|13208|99999|99999|28590|00701|20475|0|2005|Block 2005|S||40|24|+43.0730398|-076.1638354|BK||99999
DHCST|NY|100|00|00|000|00|0212415|1000000US360670002002006|360670002002006|1|2|36|01779796|067|H1|00974132|73000|C5|00979539|99999|99|99999999||||99999|99|99999999|73000|C5|00979539|000200|2|2006|9999|9|99999|99|99999999|999|99999|99|99999999|999999|9|99999|99|99999999|45060|1|532|99999|99999|9|999|99999|Y|N|86302|U|U|24|||||053|||||129|||||000283|A|13208|99999|99999|28590|00701|21305|0|2006|Block 2006|S||84|25|+43.0705352|-076.1576398|BK||99999
DHCST|NY|100|00|00|000|00|0212416|1000000US360670002002007|360670002002007|1|2|36|01779796|067|H1|00974132|73000|C5|00979539|99999|99|99999999||||99999|99|99999999|73000|C5|00979539|000200|2|2007|9999|9|99999|99|99999999|999|99999|99|99999999|999999|9|99999|99|99999999|45060|1|532|99999|99999|9|999|99999|Y|N|86302|U|U|24|||||053|||||129|||||000280|A|13208|99999|99999|28590|00701|20383|0|2007|Block 2007|S||129|51|+43.0711556|-076.1591921|BK||99999
DHCST|NY|100|00|00|000|00|0212417|1000000US360670002002008|360670002002008|1|2|36|01779796|067|H1|00974132|73000|C5|00979539|99999|99|99999999||||99999|99|99999999|73000|C5|00979539|000200|2|2008|9999|9|99999|99|99999999|999|99999|99|99999999|999999|9|99999|99|99999999|45060|1|532|99999|99999|9|999|99999|Y|N|86302|U|U|24|||||053|||||129|||||000280|A|13208|99999|99999|28590|00701|21167|0|2008|Block 2008|S||139|74|+43.0717818|-076.1607349|BK||99999
DHCST|NY|100|00|00|000|00|0212418|1000000US360670002002009|360670002002009|1|2|36|01779796|067|H1|00974132|73000|C5|00979539|99999|99|99999999||||99999|99|99999999|73000|C5|00979539|000200|2|2009|9999|9|99999|99|99999999|999|99999|99|99999999|999999|9|99999|99|99999999|45060|1|532|99999|99999|9|999|99999|Y|N|86302|U|U|24|||||053|||||129|||||000280|A|13208|99999|99999|28590|00701|21412|0|2009|Block 2009|S||79|35|+43.0724225|-076.1622966|BK||99999
DHCST|NY|100|00|00|000|00|0212419|1000000US360670002002010|360670002002010|1|2|36|01779796|067|H1|00974132|73000|C5|00979539|99999|99|99999999||||99999|99|99999999|73000|C5|00979539|000200|2|2010|9999|9|99999|99|99999999|999|99999|99|99999999|999999|9|99999|99|99999999|45060|1|532|99999|99999|9|999|99999|Y|N|86302|U|U|24|||||050|||||129|||||000282|A|13208|99999|99999|28590|00701|21002|0|2010|Block 2010|S||23|9|+43.0718840|-076.1647229|BK||99999
DHCST|NY|100|00|00|000|00|0212420|1000000US360670002002011|360670002002011|1|2|36|01779796|067|H1|00974132|73000|C5|00979539|99999|99|99999999||||99999|99|99999999|73000|C5|00979539|000200|2|2011|9999|9|99999|99|99999999|999|99999|99|99999999|999999|9|99999|99|99999999|45060|1|532|99999|99999|9|999|99999|Y|N|86302|U|U|24|||||050|||||129|||||000282|A|13208|99999|99999|28590|00701|11432|0|2011|Block 2011|S||39|14|+43.0713893|-076.1635438|BK||99999
DHCST|NY|100|00|00|000|00|0212421|1000000US360670002002012|360670002002012|1|2|36|01779796|067|H1|00974132|73000|C5|00979539|99999|99|99999999||||99999|99|99999999|73000|C5|00979539|000200|2|2012|9999|9|99999|99|99999999|999|99999|99|99999999|999999|9|99999|99|99999999|45060|1|532|99999|99999|9|999|99999|Y|N|86302|U|U|24|||||050|||||129|||||000282|A|13208|99999|99999|28590|00701|6249|0|2012|Block 2012|S||25|15|+43.0713520|-076.1625901|BK||99999
DHCST|NY|100|00|00|000|00|0212422|1000000US360670002002013|360670002002013|1|2|36|01779796|067|H1|00974132|73000|C5|00979539|99999|99|99999999||||99999|99|99999999|73000|C5|00979539|000200|2|2013|9999|9|99999|99|99999999|999|99999|99|99999999|999999|9|99999|99|99999999|45060|1|532|99999|99999|9|999|99999|Y|N|86302|U|U|24|||||050|||||129|||||000282|A|13208|99999|99999|28590|00701|6026|0|2013|Block 2013|S||42|17|+43.0710351|-076.1618088|BK||99999
DHCST|NY|100|00|00|000|00|0212423|1000000US360670002002014|360670002002014|1|2|36|01779796|067|H1|00974132|73000|C5|00979539|99999|99|99999999||||99999|99|99999999|73000|C5|00979539|000200|2|2014|9999|9|99999|99|99999999|999|99999|99|99999999|999999|9|99999|99|99999999|45060|1|532|99999|99999|9|999|99999|Y|N|86302|U|U|24|||||050|||||129|||||000282|A|13208|99999|99999|28590|00701|11332|0|2014|Block 2014|S||62|43|+43.0704728|-076.1612410|BK||99999
DHCST|NY|100|00|00|000|00|0212424|1000000US360670002002015|360670002002015|1|2|36|01779796|067|H1|00974132|73000|C5|00979539|99999|99|99999999||||99999|99|99999999|73000|C5|00979539|000200|2|2015|9999|9|99999|99|99999999|999|99999|99|99999999|999999|9|99999|99|99999999|45060|1|532|99999|99999|9|999|99999|Y|N|86302|U|U|24|||||050|||||129|||||000282|A|13208|99999|99999|28590|00701|20709|0|2015|Block 2015|S||154|49|+43.0700112|-076.1600449|BK||99999
DHCST|NY|100|00|00|000|00|0212425|1000000US360670002002016|360670002002016|1|2|36|01779796|067|H1|00974132|73000|C5|00979539|99999|99|99999999||||99999|99|99999999|73000|C5|00979539|000200|2|2016|9999|9|99999|99|99999999|999|99999|99|99999999|999999|9|99999|99|99999999|45060|1|532|99999|99999|9|999|99999|Y|N|86302|U|U|24|||||053|||||129|||||000283|A|13208|99999|99999|28590|00701|21220|0|2016|Block 2016|S||53|28|+43.0693851|-076.1584954|BK||99999
DHCST|NY|100|00|00|000|00|0212426|1000000US360670002002017|360670002002017|1|2|36|01779796|067|H1|00974132|73000|C5|00979539|99999|99|99999999||||99999|99|99999999|73000|C5|00979539|000200|2|2017|9999|9|99999|99|99999999|999|99999|99|99999999|999999|9|99999|99|99999999|45060|1|532|99999|99999|9|999|99999|Y|N|86302|U|U|24|||||050|||||129|||||000287|A|13208|99999|99999|28590|00701|11027|0|2017|Block 2017|S||52|43|+43.0685133|-076.1591442|BK||99999
DHCST|NY|100|00|00|000|00|0212427|1000000US360670002002018|360670002002018|1|2|36|01779796|067|H1|00974132|73000|C5|00979539|99999|99|99999999||||99999|99|99999999|73000|C5|00979539|000200|2|2018|9999|9|99999|99|99999999|999|99999|99|99999999|999999|9|99999|99|99999999|45060|1|532|99999|99999|9|999|99999|Y|N|86302|U|U|24|||||050|||||129|||||000282|A|13208|99999|99999|28590|00701|20741|0|2018|Block 2018|S||105|32|+43.0688602|-076.1609047|BK||99999
DHCST|NY|100|00|00|000|00|0212428|1000000US360670002002019|360670002002019|1|2|36|01779796|067|H1|00974132|73000|C5|00979539|99999|99|99999999||||99999|99|99999999|73000|C5|00979539|000200|2|2019|9999|9|99999|99|99999999|999|99999|99|99999999|999999|9|99999|99|99999999|45060|1|532|99999|99999|9|999|99999|Y|N|86302|U|U|24|||||050|||||129|||||000282|A|13208|99999|99999|28590|00701|17568|0|2019|Block 2019|S||80|28|+43.0693722|-076.1624155|BK||99999
DHCST|NY|100|00|00|000|00|0212429|1000000US360670002002020|360670002002020|1|2|36|01779796|067|H1|00974132|73000|C5|00979539|99999|99|99999999||||99999|99|99999999|73000|C5|00979539|000200|2|2020|9999|9|99999|99|99999999|999|99999|99|99999999|999999|9|99999|99|99999999|45060|1|532|99999|99999|9|999|99999|Y|N|86302|U|U|24|||||050|||||129|||||000282|A|13208|99999|99999|28590|00701|15046|0|2020|Block 2020|S||0|0|+43.0703714|-076.1627993|BK||99999
DHCST|NY|100|00|00|000|00|0212430|1000000US360670002002021|360670002002021|1|2|36|01779796|067|H1|00974132|73000|C5|00979539|99999|99|99999999||||99999|99|99999999|73000|C5|00979539|000200|2|2021|9999|9|99999|99|99999999|999|99999|99|99999999|999999|9|99999|99|99999999|45060|1|532|99999|99999|9|999|99999|Y|N|86302|U|U|24|||||050|||||129|||||000282|A|13208|99999|99999|28590|00701|17434|0|2021|Block 2021|S||30|12|+43.0700778|-076.1641787|BK||99999
DHCST|NY|100|00|00|000|00|0212431|1000000US360670002002022|360670002002022|1|2|36|01779796|067|H1|00974132|73000|C5|00979539|99999|99|99999999||||99999|99|99999999|73000|C5|00979539|000200|2|2022|9999|9|99999|99|99999999|999|99999|99|99999999|999999|9|99999|99|99999999|45060|1|532|99999|99999|9|999|99999|Y|N|86302|U|U|24|||||050|||||129|||||000282|A|13208|99999|99999|28590|00701|15507|0|2022|Block 2022|S||15|2|+43.0706581|-076.1653778|BK||99999
DHCST|NY|100|00|00|000|00|0212432|1000000US360670002002023|360670002002023|1|2|36|01779796|067|H1|00974132|73000|C5|00979539|99999|99|99999999||||99999|99|99999999|73000|C5|00979539|000200|2|2023|9999|9|99999|99|99999999|999|99999|99|99999999|999999|9|99999|99|99999999|45060|1|532|99999|99999|9|999|99999|Y|N|86302|U|U|24|||||050|||||129|||||000282|A|13208|99999|99999|28590|00701|8423|0|2023|Block 2023|S||0|0|+43.0709808|-076.1662811|BK||99999
DHCST|NY|100|00|00|000|00|0212433|1000000US360670002002024|360670002002024|1|2|36|01779796|067|H1|00974132|73000|C5|00979539|99999|99|99999999||||99999|99|99999999|73000|C5|00979539|000200|2|2024|9999|9|99999|99|99999999|999|99999|99|99999999|999999|9|99999|99|99999999|45060|1|532|99999|99999|9|999|99999|Y|N|86302|U|U|24|||||050|||||129|||||000282|A|13208|99999|99999|28590|00701|10321|0|2024|Block 2024|S||18|4|+43.0679369|-076.1595763|BK||99999
DHCST|NY|100|00|00|000|00|0212434|1000000US360670003001000|360670003001000|1|2|36|01779796|067|H1|00974132|73000|C5|00979539|99999|99|99999999||||99999|99|99999999|73000|C5|00979539|000300|1|1000|9999|9|99999|99|99999999|999|99999|99|99999999|999999|9|99999|99|99999999|45060|1|532|99999|99999|9|999|99999|Y|N|86302|U|U|24|||||053|||||129|||||000279|A|13208|99999|99999|28590|00701|25551|0|1000|Block 1000|S||33|20|+43.0813689|-076.1416813|BK||99999
DHCST|NY|100|00|00|000|00|0212435|1000000US360670003001001|360670003001001|1|2|36|01779796|067|H1|00974132|73000|C5|00979539|99999|99|99999999||||99999|99|99999999|73000|C5|00979539|000300|1|1001|9999|9|99999|99|99999999|999|99999|99|99999999|999999|9|99999|99|99999999|45060|1|532|99999|99999|9|999|99999|Y|N|86302|U|U|24|||||053|||||129|||||000279|A|13208|99999|99999|28590|00701|11127|0|1001|Block 1001|S||40|19|+43.0824093|-076.1438473|BK||99999
DHCST|NY|100|00|00|000|00|0212436|1000000US360670003001002|360670003001002|1|2|36|01779796|067|H1|00974132|73000|C5|00979539|99999|99|99999999||||99999|99|99999999|73000|C5|00979539|000300|1|1002|9999|9|99999|99|99999999|999|99999|99|99999999|999999|9|99999|99|99999999|45060|1|532|99999|99999|9|999|99999|Y|N|86302|U|U|24|||||053|||||129|||||000279|A|13208|99999|99999|28590|00701|10499|0|1002|Block 1002|S||56|18|+43.0824886|-076.1451398|BK||99999
DHCST|NY|100|00|00|000|00|0212437|1000000US360670003001003|360670003001003|1|2|36|01779796|067|H1|00974132|73000|C5|00979539|99999|99|99999999||||99999|99|99999999|73000|C5|00979539|000300|1|1003|9999|9|99999|99|99999999|999|99999|99|99999999|999999|9|99999|99|99999999|45060|1|532|99999|99999|9|999|99999|Y|N|86302|U|U|24|||||053|||||129|||||000279|A|13208|99999|99999|28590|00701|13687|0|1003|Block 1003|S||53|24|+43.0805997|-076.1441275|BK||99999
DHCST|NY|100|00|00|000|00|0212438|1000000US360670003001004|360670003001004|1|2|36|01779796|067|H1|00974132|73000|C5|00979539|99999|99|99999999||||99999|99|99999999|73000|C5|00979539|000300|1|1004|9999|9|99999|99|99999999|999|99999|99|99999999|999999|9|99999|99|99999999|45060|1|532|99999|99999|9|999|99999|Y|N|86302|U|U|24|||||053|||||129|||||000279|A|13208|99999|99999|28590|00701|15305|0|1004|Block 1004|S||52|38|+43.0816571|-076.1441245|BK||99999
DHCST|NY|100|00|00|000|00|0212439|1000000US360670003001005|360670003001005|1|2|36|01779796|067|H1|00974132|73000|C5|00979539|99999|99|99999999||||99999|99|99999999|73000|C5|00979539|000300|1|1005|9999|9|99999|99|99999999|999|99999|99|99999999|999999|9|99999|99|99999999|45060|1|532|99999|99999|9|999|99999|Y|N|86302|U|U|24|||||053|||||129|||||000279|A|13208|99999|99999|28590|00701|12965|0|1005|Block 1005|S||65|25|+43.0816867|-076.1456942|BK||99999
DHCST|NY|100|00|00|000|00|0212440|1000000US360670003001006|360670003001006|1|2|36|01779796|067|H1|00974132|73000|C5|00979539|99999|99|99999999||||99999|99|99999999|73000|C5|00979539|000300|1|1006|9999|9|99999|99|99999999|999|99999|99|99999999|999999|9|99999|99|99999999|45060|1|532|99999|99999|9|999|99999|Y|N|86302|U|U|24|||||053|||||129|||||000279|A|13208|99999|99999|28590|00701|15002|0|1006|Block 1006|S||54|27|+43.0811605|-076.1463856|BK||99999
DHCST|NY|100|00|00|000|00|0212441|1000000US360670003001007|360670003001007|1|2|36|01779796|067|H1|00974132|73000|C5|00979539|99999|99|99999999||||99999|99|99999999|73000|C5|00979539|000300|1|1007|9999|9|99999|99|99999999|999|99999|99|99999999|999999|9|99999|99|99999999|45060|1|532|99999|99999|9|999|99999|Y|N|86302|U|U|24|||||053|||||129|||||000279|A|13208|99999|99999|28590|00701|14449|0|1007|Block 1007|S||62|23|+43.0801100|-076.1448710|BK||99999
DHCST|NY|100|00|00|000|00|0212442|1000000US360670003001008|360670003001008|1|2|36|01779796|067|H1|00974132|73000|C5|00979539|99999|99|99999999||||99999|99|99999999|73000|C5|00979539|000300|1|1008|9999|9|99999|99|99999999|999|99999|99|99999999|999999|9|99999|99|99999999|45060|1|532|99999|99999|9|999|99999|Y|N|86302|U|U|24|||||053|||||129|||||000279|A|13208|99999|99999|28590|00701|47643|0|1008|Block 1008|S||68|25|+43.0799366|-076.1467199|BK||99999
DHCST|NY|100|00|00|000|00|0212443|1000000US360670003001009|360670003001009|1|2|36|01779796|067|H1|00974132|73000|C5|00979539|99999|99|99999999||||99999|99|99999999|73000|C5|00979539|000300|1|1009|9999|9|99999|99|99999999|999|99999|99|99999999|999999|9|99999|99|99999999|45060|1|532|99999|99999|9|999|99999|Y|N|86302|U|U|24|||||053|||||129|||||000283|A|13208|99999|99999|28590|00701|30951|0|1009|Block 1009|S||91|38|+43.0791720|-076.1478952|BK||99999
DHCST|NY|100|00|00|000|00|0212444|1000000US360670003001010|360670003001010|1|2|36|01779796|067|H1|00974132|73000|C5|00979539|99999|99|99999999||||99999|99|99999999|73000|C5|00979539|000300|1|1010|9999|9|99999|99|99999999|999|99999|99|99999999|999999|9|99999|99|99999999|45060|1|532|99999|99999|9|999|99999|Y|N|86302|U|U|24|||||053|||||129|||||000283|A|13208|99999|99999|28590|00701|25513|0|1010|Block 1010|S||88|48|+43.0785706|-076.1487837|BK||99999
DHCST|NY|100|00|00|000|00|0212445|1000000US360670003001011|360670003001011|1|2|36|01779796|067|H1|00974132|73000|C5|00979539|99999|99|99999999||||99999|99|99999999|73000|C5|00979539|000300|1|1011|9999|9|99999|99|99999999|999|99999|99|99999999|999999|9|99999|99|99999999|45060|1|532|99999|99999|9|999|99999|Y|N|86302|U|U|24|||||053|||||129|||||000283|A|13208|99999|99999|28590|00701|27928|0|1011|Block 1011|S||109|50|+43.0779739|-076.1496997|BK||99999
DHCST|NY|100|00|00|000|00|0212446|1000000US360670003002000|360670003002000|1|2|36|01779796|067|H1|00974132|73000|C5|00979539|99999|99|99999999||||99999|99|99999999|73000|C5|00979539|000300|2|2000|9999|9|99999|99|99999999|999|99999|99|99999999|999999|9|99999|99|99999999|45060|1|532|99999|99999|9|999|99999|Y|N|86302|U|U|24|||||053|||||129|||||000279|A|13208|99999|99999|28590|00701|4649|0|2000|Block 2000|S||0|0|+43.0842423|-076.1475421|BK||99999
DHCST|NY|100|00|00|000|00|0212447|1000000US360670003002001|360670003002001|1|2|36|01779796|067|H1|00974132|73000|C5|00979539|99999|99|99999999||||99999|99|99999999|73000|C5|00979539|000300|2|2001|9999|9|99999|99|99999999|999|99999|99|99999999|999999|9|99999|99|99999999|45060|1|532|99999|99999|9|999|99999|Y|N|86302|U|U|24|||||053|||||129|||||000279|A|13208|99999|99999|28590|00701|61730|0|2001|Block 2001|S||59|20|+43.0822177|-076.1483177|BK||99999
DHCST|NY|100|00|00|000|00|0212448|1000000US360670003002002|360670003002002|1|2|36|01779796|067|H1|00974132|73000|C5|00979539|99999|99|99999999||||99999|99|99999999|73000|C5|00979539|000300|2|2002|9999|9|99999|99|99999999|999|99999|99|99999999|999999|9|99999|99|99999999|45060|1|532|99999|99999|9|999|99999|Y|N|86302|U|U|24|||||053|||||129|||||000279|A|13208|99999|99999|28590|00701|104736|0|2002|Block 2002|S||204|137|+43.0824276|-076.1517448|BK||99999
DHCST|NY|100|00|00|000|00|0212449|1000000US360670003002003|360670003002003|1|2|36|01779796|067|H1|00974132|73000|C5|00979539|99999|99|99999999||||99999|99|99999999|73000|C5|00979539|000300|2|2003|9999|9|99999|99|99999999|999|99999|99|99999999|999999|9|99999|99|99999999|45060|1|532|99999|99999|9|999|99999|Y|N|86302|U|U|24|||||053|||||129|||||000283|A|13208|99999|99999|28590|00701|33945|0|2003|Block 2003|S||120|46|+43.0802444|-076.1510274|BK||99999
DHCST|NY|100|00|00|000|00|0212450|1000000US360670003002004|360670003002004|1|2|36|01779796|067|H1|00974132|73000|C5|00979539|99999|99|99999999||||99999|99|99999999|73000|C5|00979539|000300|2|2004|9999|9|99999|99|99999999|999|99999|99|99999999|999999|9|99999|99|99999999|45060|1|532|99999|99999|9|999|99999|Y|N|86302|U|U|24|||||053|||||129|||||000279|A|13208|99999|99999|28590|00701|22954|0|2004|Block 2004|S||88|36|+43.0810058|-076.1499836|BK||99999
DHCST|NY|100|00|00|000|00|0212451|1000000US360670003002005|360670003002005|1|2|36|01779796|067|H1|00974132|73000|C5|00979539|99999|99|99999999||||99999|99|99999999|73000|C5|00979539|000300|2|2005|9999|9|99999|99|99999999|999|99999|99|99999999|999999|9|99999|99|99999999|45060|1|532|99999|99999|9|999|99999|Y|N|86302|U|U|24|||||053|||||129|||||000279|A|13208|99999|99999|28590|00701|10148|0|2005|Block 2005|S||35|15|+43.0838970|-076.1459960|BK||99999
DHCST|NY|100|00|00|000|00|0212452|1000000US360670003002006|360670003002006|1|2|36|01779796|067|H1|00974132|73000|C5|00979539|99999|99|99999999||||99999|99|99999999|73000|C5|00979539|000300|2|2006|9999|9|99999|99|99999999|999|99999|99|99999999|999999|9|99999|99|99999999|45060|1|532|99999|99999|9|999|99999|Y|N|86302|U|U|24|||||053|||||129|||||000279|A|13208|99999|99999|28590|00701|21212|0|2006|Block 2006|S||66|30|+43.0833255|-076.1464517|BK||99999
DHCST|NY|100|00|00|000|00|0212453|1000000US360670003002007|360670003002007|1|2|36|01779796|067|H1|00974132|73000|C5|00979539|99999|99|99999999||||99999|99|99999999|73000|C5|00979539|000300|2|2007|9999|9|99999|99|99999999|999|99999|99|99999999|999999|9|99999|99|99999999|45060|1|532|99999|99999|9|999|99999|Y|N|86302|U|U|24|||||053|||||129|||||000283|A|13208|99999|99999|28590|00701|23685|0|2007|Block 2007|S||180|64|+43.0795240|-076.1520622|BK||99999
DHCST|NY|100|00|00|000|00|0212454|1000000US360670003002008|360670003002008|1|2|36|01779796|067|H1|00974132|73000|C5|00979539|99999|99|99999999||||99999|99|99999999|73000|C5|00979539|000300|2|2008|9999|9|99999|99|99999999|999|99999|99|99999999|999999|9|99999|99|99999999|45060|1|532|99999|99999|9|999|99999|Y|N|86302|U|U|24|||||053|||||129|||||000279|A|13208|99999|99999|28590|00701|8116|0|2008|Block 2008|S||42|17|+43.0806285|-076.1540011|BK||99999
DHCST|NY|100|00|00|000|00|0212455|1000000US360670004001000|360670004001000|1|2|36|01779796|067|H1|00974132|73000|C5|00979539|99999|99|99999999||||99999|99|99999999|73000|C5|00979539|000400|1|1000|9999|9|99999|99|99999999|999|99999|99|99999999|999999|9|99999|99|99999999|45060|1|532|99999|99999|9|999|99999|Y|N|86302|U|U|24|||||053|||||129|||||000306|A|13208|99999|99999|28590|00701|455389|0|1000|Block 1000|S||91|47|+43.0759973|-076.1297307|BK||99999
DHCST|NY|100|00|00|000|00|0212456|1000000US360670004001001|360670004001001|1|2|36|01779796|067|H1|00974132|73000|C5|00979539|99999|99|99999999||||99999|99|99999999|73000|C5|00979539|000400|1|1001|9999|9|99999|99|99999999|999|99999|99|99999999|999999|9|99999|99|99999999|45060|1|532|99999|99999|9|999|99999|Y|N|86302|U|U|24|||||050|||||129|||||000296|A|13208|99999|99999|28590|00701|13780|0|1001|Block 1001|S||38|20|+43.0779577|-076.1340417|BK||99999
DHCST|NY|100|00|00|000|00|0212457|1000000US360670004001002|360670004001002|1|2|36|01779796|067|H1|00974132|73000|C5|00979539|99999|99|99999999||||99999|99|99999999|73000|C5|00979539|000400|1|1002|9999|9|99999|99|99999999|999|99999|99|99999999|999999|9|99999|99|99999999|45060|1|532|99999|99999|9|999|99999|Y|N|86302|U|U|24|||||050|||||129|||||000296|A|13208|99999|99999|28590|00701|13460|0|1002|Block 1002|S||44|21|+43.0743272|-076.1337393|BK||99999
DHCST|NY|100|00|00|000|00|0212458|1000000US360670004001003|360670004001003|1|2|36|01779796|067|H1|00974132|73000|C5|00979539|99999|99|99999999||||99999|99|99999999|73000|C5|00979539|000400|1|1003|9999|9|99999|99|99999999|999|99999|99|99999999|999999|9|99999|99|99999999|45060|1|532|99999|99999|9|999|99999|Y|N|86302|U|U|24|||||050|||||129|||||000296|A|13208|99999|99999|28590|00701|14064|0|1003|Block 1003|S||49|21|+43.0761384|-076.1338938|BK||99999
DHCST|NY|100|00|00|000|00|0212459|1000000US360670004001004|360670004001004|1|2|36|01779796|067|H1|00974132|73000|C5|00979539|99999|99|99999999||||99999|99|99999999|73000|C5|00979539|000400|1|1004|9999|9|99999|99|99999999|999|99999|99|99999999|999999|9|99999|99|99999999|45060|1|532|99999|99999|9|999|99999|Y|N|86302|U|U|24|||||053|||||129|||||000298|A|13208|99999|99999|28590|00701|2620|0|1004|Block 1004|S||11|3|+43.0789611|-076.1350522|BK||99999
DHCST|NY|100|00|00|000|00|0212460|1000000US360670004001005|360670004001005|1|2|36|01779796|067|H1|00974132|73000|C5|00979539|99999|99|99999999||||99999|99|99999999|73000|C5|00979539|000400|1|1005|9999|9|99999|99|99999999|999|99999|99|99999999|999999|9|99999|99|99999999|45060|1|532|99999|99999|9|999|99999|Y|N|86302|U|U|24|||||053|||||129|||||000298|A|13208|99999|99999|28590|00701|25875|0|1005|Block 1005|S||71|32|+43.0777586|-076.1359936|BK||99999
DHCST|NY|100|00|00|000|00|0212461|1000000US360670004001006|360670004001006|1|2|36|01779796|067|H1|00974132|73000|C5|00979539|99999|99|99999999||||99999|99|99999999|73000|C5|00979539|000400|1|1006|9999|9|99999|99|99999999|999|99999|99|99999999|999999|9|99999|99|99999999|45060|1|532|99999|99999|9|999|99999|Y|N|86302|U|U|24|||||053|||||129|||||000294|A|13208|99999|99999|28590|00701|21018|0|1006|Block 1006|S||74|36|+43.0791526|-076.1377284|BK||99999
DHCST|NY|100|00|00|000|00|0212462|1000000US360670004001007|360670004001007|1|2|36|01779796|067|H1|00974132|73000|C5|00979539|99999|99|99999999||||99999|99|99999999|73000|C5|00979539|000400|1|1007|9999|9|99999|99|99999999|999|99999|99|99999999|999999|9|99999|99|99999999|45060|1|532|99999|99999|9|999|99999|Y|N|86302|U|U|24|||||053|||||129|||||000294|A|13208|99999|99999|28590|00701|6089|0|1007|Block 1007|S||29|8|+43.0796326|-076.1370559|BK||99999
DHCST|NY|100|00|00|000|00|0212463|1000000US360670004001008|360670004001008|1|2|36|01779796|067|H1|00974132|73000|C5|00979539|99999|99|99999999||||99999|99|99999999|73000|C5|00979539|000400|1|1008|9999|9|99999|99|99999999|999|99999|99|99999999|999999|9|99999|99|99999999|45060|1|532|99999|99999|9|999|99999|Y|N|86302|U|U|24|||||053|||||129|||||000294|A|13208|99999|99999|28590|00701|19003|0|1008|Block 1008|S||67|38|+43.0806763|-076.1398683|BK||99999
DHCST|NY|100|00|00|000|00|0212464|1000000US360670004001009|360670004001009|1|2|36|01779796|067|H1|00974132|73000|C5|00979539|99999|99|99999999||||99999|99|99999999|73000|C5|00979539|000400|1|1009|9999|9|99999|99|99999999|999|99999|99|99999999|999999|9|99999|99|99999999|45060|1|532|99999|99999|9|999|99999|Y|N|86302|U|U|24|||||053|||||129|||||000294|A|13208|99999|99999|28590|00701|13804|0|1009|Block 1009|S||58|24|+43.0816122|-076.1393754|BK||99999
DHCST|NY|100|00|00|000|00|0212465|1000000US360670004001010|360670004001010|1|2|36|01779796|067|H1|00974132|73000|C5|00979539|99999|99|99999999||||99999|99|99999999|73000|C5|00979539|000400|1|1010|9999|9|99999|99|99999999|999|99999|99|99999999|999999|9|99999|99|99999999|45060|1|532|99999|99999|9|999|99999|Y|N|86302|U|U|24|||||053|||||129|||||000294|A|13208|99999|99999|28590|00701|10606|0|1010|Block 1010|S||40|17|+43.0808887|-076.1385213|BK||99999
DHCST|NY|100|00|00|000|00|0212466|1000000US360670004001011|360670004001011|1|2|36|01779796|067|H1|00974132|73000|C5|00979539|99999|99|99999999||||99999|99|99999999|73000|C5|00979539|000400|1|1011|9999|9|99999|99|99999999|999|99999|99|99999999|999999|9|99999|99|99999999|45060|1|532|99999|99999|9|999|99999|Y|N|86302|U|U|24|||||053|||||129|||||000294|A|13208|99999|99999|28590|00701|7952|0|1011|Block 1011|S||30|14|+43.0802581|-076.1377323|BK||99999
DHCST|NY|100|00|00|000|00|0212467|1000000US360670004001012|360670004001012|1|2|36|01779796|067|H1|00974132|73000|C5|00979539|99999|99|99999999||||99999|99|99999999|73000|C5|00979539|000400|1|1012|9999|9|99999|99|99999999|999|99999|99|99999999|999999|9|99999|99|99999999|45060|1|532|99999|99999|9|999|99999|Y|N|86302|U|U|24|||||050|||||129|||||000296|A|13208|99999|99999|28590|00701|60277|0|1012|Block 1012|S||172|97|+43.0754873|-076.1347117|BK||99999
DHCST|NY|100|00|00|000|00|0212468|1000000US360670004001013|360670004001013|1|2|36|01779796|067|H1|00974132|73000|C5|00979539|99999|99|99999999||||99999|99|99999999|73000|C5|00979539|000400|1|1013|9999|9|99999|99|99999999|999|99999|99|99999999|999999|9|99999|99|99999999|45060|1|532|99999|99999|9|999|99999|Y|N|86302|U|U|24|||||050|||||129|||||000296|A|13208|99999|99999|28590|00701|17705|0|1013|Block 1013|S||48|20|+43.0756162|-076.1358329|BK||99999
DHCST|NY|100|00|00|000|00|0212469|1000000US360670004001014|360670004001014|1|2|36|01779796|067|H1|00974132|73000|C5|00979539|99999|99|99999999||||99999|99|99999999|73000|C5|00979539|000400|1|1014|9999|9|99999|99|99999999|999|99999|99|99999999|999999|9|99999|99|99999999|45060|1|532|99999|99999|9|999|99999|Y|N|86302|U|U|24|||||050|||||129|||||000296|A|13208|99999|99999|28590|00701|24950|0|1014|Block 1014|S||106|34|+43.0736031|-076.1356907|BK||99999
DHCST|NY|100|00|00|000|00|0212470|1000000US360670004001015|360670004001015|1|2|36|01779796|067|H1|00974132|73000|C5|00979539|99999|99|99999999||||99999|99|99999999|73000|C5|00979539|000400|1|1015|9999|9|99999|99|99999999|999|99999|99|99999999|999999|9|99999|99|99999999|45060|1|532|99999|99999|9|999|99999|Y|N|86302|U|U|24|||||050|||||129|||||000296|A|13208|99999|99999|28590|00701|19289|0|1015|Block 1015|S||70|35|+43.0774970|-076.1379897|BK||99999
DHCST|NY|100|00|00|000|00|0212471|1000000US360670004001016|360670004001016|1|2|36|01779796|067|H1|00974132|73000|C5|00979539|99999|99|99999999||||99999|99|99999999|73000|C5|00979539|000400|1|1016|9999|9|99999|99|99999999|999|99999|99|99999999|999999|9|99999|99|99999999|45060|1|532|99999|99999|9|999|99999|Y|N|86302|U|U|24|||||053|||||129|||||000294|A|13208|99999|99999|28590|00701|20194|0|1016|Block 1016|S||56|37|+43.0786677|-076.1384253|BK||99999
DHCST|NY|100|00|00|000|00|0212472|1000000US360670004001017|360670004001017|1|2|36|01779796|067|H1|00974132|73000|C5|00979539|99999|99|99999999||||99999|99|99999999|73000|C5|00979539|000400|1|1017|9999|9|99999|99|99999999|999|99999|99|99999999|999999|9|99999|99|99999999|45060|1|532|99999|99999|9|999|99999|Y|N|86302|U|U|24|||||053|||||129|||||000294|A|13208|99999|99999|28590|00701|20071|0|1017|Block 1017|S||112|44|+43.0801795|-076.1406259|BK||99999
DHCST|NY|100|00|00|000|00|0212473|1000000US360670004001018|360670004001018|1|2|36|01779796|067|H1|00974132|73000|C5|00979539|99999|99|99999999||||99999|99|99999999|73000|C5|00979539|000400|1|1018|9999|9|99999|99|99999999|999|99999|99|99999999|999999|9|99999|99|99999999|45060|1|532|99999|99999|9|999|99999|Y|N|86302|U|U|24|||||053|||||129|||||000294|A|13208|99999|99999|28590|00701|21659|0|1018|Block 1018|S||86|40|+43.0796833|-076.1414004|BK||99999
DHCST|NY|100|00|00|000|00|0212474|1000000US360670004001019|360670004001019|1|2|36|01779796|067|H1|00974132|73000|C5|00979539|99999|99|99999999||||99999|99|99999999|73000|C5|00979539|000400|1|1019|9999|9|99999|99|99999999|999|99999|99|99999999|999999|9|99999|99|99999999|45060|1|532|99999|99999|9|999|99999|Y|N|86302|U|U|24|||||053|||||129|||||000294|A|13208|99999|99999|28590|00701|24610|0|1019|Block 1019|S||104|54|+43.0791482|-076.1421947|BK||99999
DHCST|NY|100|00|00|000|00|0212475|1000000US360670004001020|360670004001020|1|2|36|01779796|067|H1|00974132|73000|C5|00979539|99999|99|99999999||||99999|99|99999999|73000|C5|00979539|000400|1|1020|9999|9|99999|99|99999999|999|99999|99|99999999|999999|9|99999|99|99999999|45060|1|532|99999|99999|9|999|99999|Y|N|86302|U|U|24|||||053|||||129|||||000294|A|13208|99999|99999|28590|00701|24213|0|1020|Block 1020|S||139|58|+43.0786289|-076.1430139|BK||99999
DHCST|NY|100|00|00|000|00|0212476|1000000US360670004001021|360670004001021|1|2|36|01779796|067|H1|00974132|73000|C5|00979539|99999|99|99999999||||99999|99|99999999|73000|C5|00979539|000400|1|1021|9999|9|99999|99|99999999|999|99999|99|99999999|999999|9|99999|99|99999999|45060|1|532|99999|99999|9|999|99999|Y|N|86302|U|U|24|||||053|||||129|||||000294|A|13208|99999|99999|28590|00701|25628|0|1021|Block 1021|S||107|42|+43.0781153|-076.1437985|BK||99999
DHCST|NY|100|00|00|000|00|0212477|1000000US360670004001022|360670004001022|1|2|36|01779796|067|H1|00974132|73000|C5|00979539|99999|99|99999999||||99999|99|99999999|73000|C5|00979539|000400|1|1022|9999|9|99999|99|99999999|999|99999|99|99999999|999999|9|99999|99|99999999|45060|1|532|99999|99999|9|999|99999|Y|N|86302|U|U|24|||||050|||||129|||||000296|A|13208|99999|99999|28590|00701|25145|0|1022|Block 1022|S||120|63|+43.0769796|-076.1410423|BK||99999
DHCST|NY|100|00|00|000|00|0212478|1000000US360670004001023|360670004001023|1|2|36|01779796|067|H1|00974132|73000|C5|00979539|99999|99|99999999||||99999|99|99999999|73000|C5|00979539|000400|1|1023|9999|9|99999|99|99999999|999|99999|99|99999999|999999|9|99999|99|99999999|45060|1|532|99999|99999|9|999|99999|Y|N|86302|U|U|24|||||053|||||129|||||000294|A|13208|99999|99999|28590|00701|16315|0|1023|Block 1023|S||87|29|+43.0778351|-076.1406689|BK||99999
DHCST|NY|100|00|00|000|00|0212479|1000000US360670004001024|360670004001024|1|2|36|01779796|067|H1|00974132|73000|C5|00979539|99999|99|99999999||||99999|99|99999999|73000|C5|00979539|000400|1|1024|9999|9|99999|99|99999999|999|99999|99|99999999|999999|9|99999|99|99999999|45060|1|532|99999|99999|9|999|99999|Y|N|86302|U|U|24|||||050|||||129|||||000296|A|13208|99999|99999|28590|00701|14350|0|1024|Block 1024|S||70|24|+43.0783701|-076.1394608|BK||99999
DHCST|NY|100|00|00|000|00|0212480|1000000US360670004002000|360670004002000|1|2|36|01779796|067|H1|00974132|73000|C5|00979539|99999|99|99999999||||99999|99|99999999|73000|C5|00979539|000400|2|2000|9999|9|99999|99|99999999|999|99999|99|99999999|999999|9|99999|99|99999999|45060|1|532|99999|99999|9|999|99999|Y|N|86302|U|U|24|||||050|||||129|||||000296|A|13208|99999|99999|28590|00701|20464|0|2000|Block 2000|S||87|34|+43.0735454|-076.1367688|BK||99999
DHCST|NY|100|00|00|000|00|0212481|1000000US360670004002001|360670004002001|1|2|36|01779796|067|H1|00974132|73000|C5|00979539|99999|99|99999999||||99999|99|99999999|73000|C5|00979539|000400|2|2001|9999|9|99999|99|99999999|999|99999|99|99999999|999999|9|99999|99|99999999|45060|1|532|99999|99999|9|999|99999|Y|N|86302|U|U|24|||||050|||||129|||||000296|A|13208|99999|99999|28590|00701|18575|0|2001|Block 2001|S||87|39|+43.0734993|-076.1376985|BK||99999
DHCST|NY|100|00|00|000|00|0212482|1000000US360670004002002|360670004002002|1|2|36|01779796|067|H1|00974132|73000|C5|00979539|99999|99|99999999||||99999|99|99999999|73000|C5|00979539|000400|2|2002|9999|9|99999|99|99999999|999|99999|99|99999999|999999|9|99999|99|99999999|45060|1|532|99999|99999|9|999|99999|Y|N|86302|U|U|24|||||050|||||129|||||000296|A|13208|99999|99999|28590|00701|20332|0|2002|Block 2002|S||108|41|+43.0734563|-076.1386259|BK||99999
DHCST|NY|100|00|00|000|00|0212483|1000000US360670004002003|360670004002003|1|2|36|01779796|067|H1|00974132|73000|C5|00979539|99999|99|99999999||||99999|99|99999999|73000|C5|00979539|000400|2|2003|9999|9|99999|99|99999999|999|99999|99|99999999|999999|9|99999|99|99999999|45060|1|532|99999|99999|9|999|99999|Y|N|86302|U|U|24|||||050|||||129|||||000296|A|13208|99999|99999|28590|00701|35570|0|2003|Block 2003|S||127|61|+43.0737541|-076.1405588|BK||99999
DHCST|NY|100|00|00|000|00|0212484|1000000US360670004002004|360670004002004|1|2|36|01779796|067|H1|00974132|73000|C5|00979539|99999|99|99999999||||99999|99|99999999|73000|C5|00979539|000400|2|2004|9999|9|99999|99|99999999|999|99999|99|99999999|999999|9|99999|99|99999999|45060|1|532|99999|99999|9|999|99999|Y|N|86302|U|U|24|||||050|||||129|||||000296|A|13208|99999|99999|28590|00701|25660|0|2004|Block 2004|S||112|42|+43.0734931|-076.1418819|BK||99999
DHCST|NY|100|00|00|000|00|0212485|1000000US360670004002005|360670004002005|1|2|36|01779796|067|H1|00974132|73000|C5|00979539|99999|99|99999999||||99999|99|99999999|73000|C5|00979539|000400|2|2005|9999|9|99999|99|99999999|999|99999|99|99999999|999999|9|99999|99|99999999|45060|1|532|99999|99999|9|999|99999|Y|N|86302|U|U|24|||||053|||||129|||||000294|A|13208|99999|99999|28590|00701|31234|0|2005|Block 2005|S||117|57|+43.0734262|-076.1442612|BK||99999
DHCST|NY|100|00|00|000|00|0212486|1000000US360670004002006|360670004002006|1|2|36|01779796|067|H1|00974132|73000|C5|00979539|99999|99|99999999||||99999|99|99999999|73000|C5|00979539|000400|2|2006|9999|9|99999|99|99999999|999|99999|99|99999999|999999|9|99999|99|99999999|45060|1|532|99999|99999|9|999|99999|Y|N|86302|U|U|24|||||053|||||129|||||000281|A|13208|99999|99999|28590|00701|74712|0|2006|Block 2006|S||68|27|+43.0746808|-076.1473961|BK||99999
DHCST|NY|100|00|00|000|00|0212487|1000000US360670004002007|360670004002007|1|2|36|01779796|067|H1|00974132|73000|C5|00979539|99999|99|99999999||||99999|99|99999999|73000|C5|00979539|000400|2|2007|9999|9|99999|99|99999999|999|99999|99|99999999|999999|9|99999|99|99999999|45060|1|532|99999|99999|9|999|99999|Y|N|86302|U|U|24|||||053|||||129|||||000286|A|13208|99999|99999|28590|00701|22201|0|2007|Block 2007|S||71|41|+43.0761822|-076.1491146|BK||99999
DHCST|NY|100|00|00|000|00|0212488|1000000US360670004002008|360670004002008|1|2|36|01779796|067|H1|00974132|73000|C5|00979539|99999|99|99999999||||99999|99|99999999|73000|C5|00979539|000400|2|2008|9999|9|99999|99|99999999|999|99999|99|99999999|999999|9|99999|99|99999999|45060|1|532|99999|99999|9|999|99999|Y|N|86302|U|U|24|||||053|||||129|||||000286|A|13208|99999|99999|28590|00701|50679|0|2008|Block 2008|S||32|5|+43.0750480|-076.1509883|BK||99999
DHCST|NY|100|00|00|000|00|0212489|1000000US360670004002009|360670004002009|1|2|36|01779796|067|H1|00974132|73000|C5|00979539|99999|99|99999999||||99999|99|99999999|73000|C5|00979539|000400|2|2009|9999|9|99999|99|99999999|999|99999|99|99999999|999999|9|99999|99|99999999|45060|1|532|99999|99999|9|999|99999|Y|N|86302|U|U|24|||||050|||||129|||||000296|A|13208|99999|99999|28590|00701|18571|0|2009|Block 2009|S||78|32|+43.0732008|-076.1396329|BK||99999
DHCST|NY|100|00|00|000|00|0212490|1000000US360670004003000|360670004003000|1|2|36|01779796|067|H1|00974132|73000|C5|00979539|99999|99|99999999||||99999|99|99999999|73000|C5|00979539|000400|3|3000|9999|9|99999|99|99999999|999|99999|99|99999999|999999|9|99999|99|99999999|45060|1|532|99999|99999|9|999|99999|Y|N|86302|U|U|24|||||050|||||129|||||000296|A|13208|99999|99999|28590|00701|18493|0|3000|Block 3000|S||47|25|+43.0764780|-076.1371960|BK||99999
DHCST|NY|100|00|00|000|00|0212491|1000000US360670004003001|360670004003001|1|2|36|01779796|067|H1|00974132|73000|C5|00979539|99999|99|99999999||||99999|99|99999999|73000|C5|00979539|000400|3|3001|9999|9|99999|99|99999999|999|99999|99|99999999|999999|9|99999|99|99999999|45060|1|532|99999|99999|9|999|99999|Y|N|86302|U|U|24|||||050|||||129|||||000296|A|13208|99999|99999|28590|00701|17733|0|3001|Block 3001|S||56|22|+43.0764038|-076.1386422|BK||99999
DHCST|NY|100|00|00|000|00|0212492|1000000US360670004003002|360670004003002|1|2|36|01779796|067|H1|00974132|73000|C5|00979539|99999|99|99999999||||99999|99|99999999|73000|C5|00979539|000400|3|3002|9999|9|99999|99|99999999|999|99999|99|99999999|999999|9|99999|99|99999999|45060|1|532|99999|99999|9|999|99999|Y|N|86302|U|U|24|||||050|||||129|||||000296|A|13208|99999|99999|28590|00701|25475|0|3002|Block 3002|S||127|52|+43.0761444|-076.1410044|BK||99999
DHCST|NY|100|00|00|000|00|0212493|1000000US360670004003003|360670004003003|1|2|36|01779796|067|H1|00974132|73000|C5|00979539|99999|99|99999999||||99999|99|99999999|73000|C5|00979539|000400|3|3003|9999|9|99999|99|99999999|999|99999|99|99999999|999999|9|99999|99|99999999|45060|1|532|99999|99999|9|999|99999|Y|N|86302|U|U|24|||||053|||||129|||||000294|A|13208|99999|99999|28590|00701|10388|0|3003|Block 3003|S||42|21|+43.0760617|-076.1431111|BK||99999
DHCST|NY|100|00|00|000|00|0212494|1000000US360670004003004|360670004003004|1|2|36|01779796|067|H1|00974132|73000|C5|00979539|99999|99|99999999||||99999|99|99999999|73000|C5|00979539|000400|3|3004|9999|9|99999|99|99999999|999|99999|99|99999999|999999|9|99999|99|99999999|45060|1|532|99999|99999|9|999|99999|Y|N|86302|U|U|24|||||053|||||129|||||000294|A|13208|99999|99999|28590|00701|54560|0|3004|Block 3004|S||213|92|+43.0763427|-076.1449524|BK||99999
DHCST|NY|100|00|00|000|00|0212495|1000000US360670004003005|360670004003005|1|2|36|01779796|067|H1|00974132|73000|C5|00979539|99999|99|99999999||||99999|99|99999999|73000|C5|00979539|000400|3|3005|9999|9|99999|99|99999999|999|99999|99|99999999|999999|9|99999|99|99999999|45060|1|532|99999|99999|9|999|99999|Y|N|86302|U|U|24|||||053|||||129|||||000294|A|13208|99999|99999|28590|00701|32163|0|3005|Block 3005|S||140|60|+43.0775515|-076.1446714|BK||99999
DHCST|NY|100|00|00|000|00|0212496|1000000US360670004003006|360670004003006|1|2|36|01779796|067|H1|00974132|73000|C5|00979539|99999|99|99999999||||99999|99|99999999|73000|C5|00979539|000400|3|3006|9999|9|99999|99|99999999|999|99999|99|99999999|999999|9|99999|99|99999999|45060|1|532|99999|99999|9|999|99999|Y|N|86302|U|U|24|||||050|||||129|||||000296|A|13208|99999|99999|28590|00701|25838|0|3006|Block 3006|S||99|40|+43.0752983|-076.1409339|BK||99999
DHCST|NY|100|00|00|000|00|0212497|1000000US360670004003007|360670004003007|1|2|36|01779796|067|H1|00974132|73000|C5|00979539|99999|99|99999999||||99999|99|99999999|73000|C5|00979539|000400|3|3007|9999|9|99999|99|99999999|999|99999|99|99999999|999999|9|99999|99|99999999|45060|1|532|99999|99999|9|999|99999|Y|N|86302|U|U|24|||||050|||||129|||||000296|A|13208|99999|99999|28590|00701|28478|0|3007|Block 3007|S||0|0|+43.0752056|-076.1378174|BK||99999
DHCST|NY|100|00|00|000|00|0212498|1000000US360670004003008|360670004003008|1|2|36|01779796|067|H1|00974132|73000|C5|00979539|99999|99|99999999||||99999|99|99999999|73000|C5|00979539|000400|3|3008|9999|9|99999|99|99999999|999|99999|99|99999999|999999|9|99999|99|99999999|45060|1|532|99999|99999|9|999|99999|Y|N|86302|U|U|24|||||053|||||129|||||000294|A|13208|99999|99999|28590|00701|60767|0|3008|Block 3008|S||230|104|+43.0754565|-076.1454536|BK||99999
DHCST|NY|100|00|00|000|00|0212499|1000000US360670005011000|360670005011000|1|2|36|01779796|067|H1|00974132|73000|C5|00979539|99999|99|99999999||||99999|99|99999999|73000|C5|00979539|000501|1|1000|9999|9|99999|99|99999999|999|99999|99|99999999|999999|9|99999|99|99999999|45060|1|532|99999|99999|9|999|99999|Y|N|86302|U|U|24|||||050|||||129|||||000291|A|13208|99999|99999|28590|00701|22078|0|1000|Block 1000|S||187|75|+43.0649859|-076.1541080|BK||99999
DHCST|NY|100|00|00|000|00|0212500|1000000US360670005011001|360670005011001|1|2|36|01779796|067|H1|00974132|73000|C5|00979539|99999|99|99999999||||99999|99|99999999|73000|C5|00979539|000501|1|1001|9999|9|99999|99|99999999|999|99999|99|99999999|999999|9|99999|99|99999999|45060|1|532|99999|99999|9|999|99999|Y|N|86302|U|U|24|||||050|||||129|||||000291|A|13208|99999|99999|28590|00701|7624|0|1001|Block 1001|S||0|0|+43.0651830|-076.1559054|BK||99999
DHCST|NY|100|00|00|000|00|0212501|1000000US360670005011002|360670005011002|1|2|36|01779796|067|H1|00974132|73000|C5|00979539|99999|99|99999999||||99999|99|99999999|73000|C5|00979539|000501|1|1002|9999|9|99999|99|99999999|999|99999|99|99999999|999999|9|99999|99|99999999|45060|1|532|99999|99999|9|999|99999|Y|N|86302|U|U|24|||||050|||||129|||||000291|A|13208|99999|99999|28590|00701|18217|0|1002|Block 1002|S||25|27|+43.0658416|-076.1568143|BK||99999
DHCST|NY|100|00|00|000|00|0212502|1000000US360670005011003|360670005011003|1|2|36|01779796|067|H1|00974132|73000|C5|00979539|99999|99|99999999||||99999|99|99999999|73000|C5|00979539|000501|1|1003|9999|9|99999|99|99999999|999|99999|99|99999999|999999|9|99999|99|99999999|45060|1|532|99999|99999|9|999|99999|Y|N|86302|U|U|24|||||050|||||129|||||000291|A|13208|99999|99999|28590|00701|6597|0|1003|Block 1003|S||0|0|+43.0667107|-076.1580920|BK||99999
DHCST|NY|100|00|00|000|00|0212503|1000000US360670005011004|360670005011004|1|2|36|01779796|067|H1|00974132|73000|C5|00979539|99999|99|99999999||||99999|99|99999999|73000|C5|00979539|000501|1|1004|9999|9|99999|99|99999999|999|99999|99|99999999|999999|9|99999|99|99999999|45060|1|532|99999|99999|9|999|99999|Y|N|86302|U|U|24|||||050|||||129|||||000291|A|13208|99999|99999|28590|00701|15592|0|1004|Block 1004|S||18|4|+43.0663369|-076.1588255|BK||99999
DHCST|NY|100|00|00|000|00|0212504|1000000US360670005011005|360670005011005|1|2|36|01779796|067|H1|00974132|73000|C5|00979539|99999|99|99999999||||99999|99|99999999|73000|C5|00979539|000501|1|1005|9999|9|99999|99|99999999|999|99999|99|99999999|999999|9|99999|99|99999999|45060|1|532|99999|99999|9|999|99999|Y|N|86302|U|U|24|||||050|||||129|||||000291|A|13208|99999|99999|28590|00701|16161|0|1005|Block 1005|S||109|53|+43.0670122|-076.1600317|BK||99999
DHCST|NY|100|00|00|000|00|0212505|1000000US360670005011006|360670005011006|1|2|36|01779796|067|H1|00974132|73000|C5|00979539|99999|99|99999999||||99999|99|99999999|73000|C5|00979539|000501|1|1006|9999|9|99999|99|99999999|999|99999|99|99999999|999999|9|99999|99|99999999|45060|1|532|99999|99999|9|999|99999|Y|N|86302|U|U|24|||||050|||||129|||||000291|A|13208|99999|99999|28590|00701|4963|0|1006|Block 1006|S||42|13|+43.0673279|-076.1608123|BK||99999
DHCST|NY|100|00|00|000|00|0212506|1000000US360670005011007|360670005011007|1|2|36|01779796|067|H1|00974132|73000|C5|00979539|99999|99|99999999||||99999|99|99999999|73000|C5|00979539|000501|1|1007|9999|9|99999|99|99999999|999|99999|99|99999999|999999|9|99999|99|99999999|45060|1|532|99999|99999|9|999|99999|Y|N|86302|U|U|24|||||050|||||129|||||000291|A|13208|99999|99999|28590|00701|20695|0|1007|Block 1007|S||34|13|+43.0677087|-076.1617631|BK||99999
DHCST|NY|100|00|00|000|00|0212507|1000000US360670005011008|360670005011008|1|2|36|01779796|067|H1|00974132|73000|C5|00979539|99999|99|99999999||||99999|99|99999999|73000|C5|00979539|000501|1|1008|9999|9|99999|99|99999999|999|99999|99|99999999|999999|9|99999|99|99999999|45060|1|532|99999|99999|9|999|99999|Y|N|86302|U|U|24|||||050|||||129|||||000291|A|13208|99999|99999|28590|00701|21153|0|1008|Block 1008|S||39|19|+43.0683287|-076.1633109|BK||99999
DHCST|NY|100|00|00|000|00|0212508|1000000US360670005011009|360670005011009|1|2|36|01779796|067|H1|00974132|73000|C5|00979539|99999|99|99999999||||99999|99|99999999|73000|C5|00979539|000501|1|1009|9999|9|99999|99|99999999|999|99999|99|99999999|999999|9|99999|99|99999999|45060|1|532|99999|99999|9|999|99999|Y|N|86302|U|U|24|||||050|||||129|||||000291|A|13208|99999|99999|28590|00701|21198|0|1009|Block 1009|S||55|27|+43.0689627|-076.1648772|BK||99999
DHCST|NY|100|00|00|000|00|0212509|1000000US360670005011010|360670005011010|1|2|36|01779796|067|H1|00974132|73000|C5|00979539|99999|99|99999999||||99999|99|99999999|73000|C5|00979539|000501|1|1010|9999|9|99999|99|99999999|999|99999|99|99999999|999999|9|99999|99|99999999|45060|1|532|99999|99999|9|999|99999|Y|N|86302|U|U|24|||||050|||||129|||||000291|A|13208|99999|99999|28590|00701|16230|0|1010|Block 1010|S||0|0|+43.0696241|-076.1662466|BK||99999
DHCST|NY|100|00|00|000|00|0212510|1000000US360670005011011|360670005011011|1|2|36|01779796|067|H1|00974132|73000|C5|00979539|99999|99|99999999||||99999|99|99999999|73000|C5|00979539|000501|1|1011|9999|9|99999|99|99999999|999|99999|99|99999999|999999|9|99999|99|99999999|45060|1|532|99999|99999|9|999|99999|Y|N|86302|U|U|24|||||050|||||129|||||000291|A|13208|99999|99999|28590|00701|3490|0|1011|Block 1011|S||0|0|+43.0701412|-076.1672032|BK||99999
DHCST|NY|100|00|00|000|00|0212511|1000000US360670005011012|360670005011012|1|2|36|01779796|067|H1|00974132|73000|C5|00979539|99999|99|99999999||||99999|99|99999999|73000|C5|00979539|000501|1|1012|9999|9|99999|99|99999999|999|99999|99|99999999|999999|9|99999|99|99999999|45060|1|532|99999|99999|9|999|99999|Y|N|86302|U|U|24|||||050|||||129|||||000291|A|13208|99999|99999|28590|00701|33728|0|1012|Block 1012|S||0|0|+43.0681258|-076.1658248|BK||99999
DHCST|NY|100|00|00|000|00|0212512|1000000US360670005011013|360670005011013|1|2|36|01779796|067|H1|00974132|73000|C5|00979539|99999|99|99999999||||99999|99|99999999|73000|C5|00979539|000501|1|1013|9999|9|99999|99|99999999|999|99999|99|99999999|999999|9|99999|99|99999999|45060|1|532|99999|99999|9|999|99999|Y|N|86302|U|U|24|||||050|||||129|||||000291|A|13208|99999|99999|28590|00701|12844|0|1013|Block 1013|S||0|0|+43.0659259|-076.1620758|BK||99999
DHCST|NY|100|00|00|000|00|0212513|1000000US360670005011014|360670005011014|1|2|36|01779796|067|H1|00974132|73000|C5|00979539|99999|99|99999999||||99999|99|99999999|73000|C5|00979539|000501|1|1014|9999|9|99999|99|99999999|999|99999|99|99999999|999999|9|99999|99|99999999|45060|1|532|99999|99999|9|999|99999|Y|N|86302|U|U|24|||||050|||||129|||||000291|A|13208|99999|99999|28590|00701|12370|0|1014|Block 1014|S||54|28|+43.0667868|-076.1624440|BK||99999
DHCST|NY|100|00|00|000|00|0212514|1000000US360670005011015|360670005011015|1|2|36|01779796|067|H1|00974132|73000|C5|00979539|99999|99|99999999||||99999|99|99999999|73000|C5|00979539|000501|1|1015|9999|9|99999|99|99999999|999|99999|99|99999999|999999|9|99999|99|99999999|45060|1|532|99999|99999|9|999|99999|Y|N|86302|U|U|24|||||050|||||129|||||000291|A|13208|99999|99999|28590|00701|12313|0|1015|Block 1015|S||0|0|+43.0676446|-076.1641760|BK||99999
DHCST|NY|100|00|00|000|00|0212515|1000000US360670005011016|360670005011016|1|2|36|01779796|067|H1|00974132|73000|C5|00979539|99999|99|99999999||||99999|99|99999999|73000|C5|00979539|000501|1|1016|9999|9|99999|99|99999999|999|99999|99|99999999|999999|9|99999|99|99999999|45060|1|532|99999|99999|9|999|99999|Y|N|86302|U|U|24|||||050|||||129|||||000291|A|13208|99999|99999|28590|00701|13444|0|1016|Block 1016|S||73|38|+43.0654471|-076.1594360|BK||99999
DHCST|NY|100|00|00|000|00|0212516|1000000US360670005011017|360670005011017|1|2|36|01779796|067|H1|00974132|73000|C5|00979539|99999|99|99999999||||99999|99|99999999|73000|C5|00979539|000501|1|1017|9999|9|99999|99|99999999|999|99999|99|99999999|999999|9|99999|99|99999999|45060|1|532|99999|99999|9|999|99999|Y|N|86302|U|U|24|||||050|||||129|||||000291|A|13208|99999|99999|28590|00701|14004|0|1017|Block 1017|S||72|33|+43.0661348|-076.1609223|BK||99999
DHCST|NY|100|00|00|000|00|0212517|1000000US360670005011018|360670005011018|1|2|36|01779796|067|H1|00974132|73000|C5|00979539|99999|99|99999999||||99999|99|99999999|73000|C5|00979539|000501|1|1018|9999|9|99999|99|99999999|999|99999|99|99999999|999999|9|99999|99|99999999|45060|1|532|99999|99999|9|999|99999|Y|N|86302|U|U|24|||||050|||||129|||||000291|A|13208|99999|99999|28590|00701|2835|0|1018|Block 1018|S||0|0|+43.0646800|-076.1583843|BK||99999
DHCST|NY|100|00|00|000|00|0212518|1000000US360670005011019|360670005011019|1|2|36|01779796|067|H1|00974132|73000|C5|00979539|99999|99|99999999||||99999|99|99999999|73000|C5|00979539|000501|1|1019|9999|9|99999|99|99999999|999|99999|99|99999999|999999|9|99999|99|99999999|45060|1|532|99999|99999|9|999|99999|Y|N|86302|U|U|24|||||050|||||129|||||000291|A|13208|99999|99999|28590|00701|14713|0|1019|Block 1019|S||90|35|+43.0647633|-076.1575883|BK||99999
DHCST|NY|100|00|00|000|00|0212519|1000000US360670005011020|360670005011020|1|2|36|01779796|067|H1|00974132|73000|C5|00979539|99999|99|99999999||||99999|99|99999999|73000|C5|00979539|000501|1|1020|9999|9|99999|99|99999999|999|99999|99|99999999|999999|9|99999|99|99999999|45060|1|532|99999|99999|9|999|99999|Y|N|86302|U|U|24|||||050|||||129|||||000291|A|13208|99999|99999|28590|00701|4070|0|1020|Block 1020|S||24|3|+43.0655360|-076.1576363|BK||99999
DHCST|NY|100|00|00|000|00|0212520|1000000US360670005011021|360670005011021|1|2|36|01779796|067|H1|00974132|73000|C5|00979539|99999|99|99999999||||99999|99|99999999|73000|C5|00979539|000501|1|1021|9999|9|99999|99|99999999|999|99999|99|99999999|999999|9|99999|99|99999999|45060|1|532|99999|99999|9|999|99999|Y|N|86302|U|U|24|||||050|||||129|||||000291|A|13208|99999|99999|28590|00701|11141|0|1021|Block 1021|S||100|36|+43.0637867|-076.1579630|BK||99999
DHCST|NY|100|00|00|000|00|0212521|1000000US360670005011022|360670005011022|1|2|36|01779796|067|H1|00974132|73000|C5|00979539|99999|99|99999999||||99999|99|99999999|73000|C5|00979539|000501|1|1022|9999|9|99999|99|99999999|999|99999|99|99999999|999999|9|99999|99|99999999|45060|1|532|99999|99999|9|999|99999|Y|N|86302|U|U|24|||||050|||||129|||||000291|A|13208|99999|99999|28590|00701|30007|0|1022|Block 1022|S||0|0|+43.0632961|-076.1582351|BK||99999
DHCST|NY|100|00|00|000|00|0212522|1000000US360670005011023|360670005011023|1|2|36|01779796|067|H1|00974132|73000|C5|00979539|99999|99|99999999||||99999|99|99999999|73000|C5|00979539|000501|1|1023|9999|9|99999|99|99999999|999|99999|99|99999999|999999|9|99999|99|99999999|45060|1|532|99999|99999|9|999|99999|Y|N|86302|U|U|24|||||050|||||129|||||000291|A|13208|99999|99999|28590|00701|11204|0|1023|Block 1023|S||42|16|+43.0625349|-076.1568593|BK||99999
DHCST|NY|100|00|00|000|00|0212523|1000000US360670005011024|360670005011024|1|2|36|01779796|067|H1|00974132|73000|C5|00979539|99999|99|99999999||||99999|99|99999999|73000|C5|00979539|000501|1|1024|9999|9|99999|99|99999999|999|99999|99|99999999|999999|9|99999|99|99999999|45060|1|532|99999|99999|9|999|99999|Y|N|86302|U|U|24|||||050|||||129|||||000291|A|13208|99999|99999|28590|00701|8323|0|1024|Block 1024|S||0|0|+43.0644670|-076.1598990|BK||99999
DHCST|NY|100|00|00|000|00|0212524|1000000US360670005011025|360670005011025|1|2|36|01779796|067|H1|00974132|73000|C5|00979539|99999|99|99999999||||99999|99|99999999|73000|C5|00979539|000501|1|1025|9999|9|99999|99|99999999|999|99999|99|99999999|999999|9|99999|99|99999999|45060|1|532|99999|99999|9|999|99999|Y|N|86302|U|U|24|||||050|||||129|||||000291|A|13208|99999|99999|28590|00701|4937|0|1025|Block 1025|S||0|0|+43.0656196|-076.1620700|BK||99999
DHCST|NY|100|00|00|000|00|0212525|1000000US360670005011026|360670005011026|1|2|36|01779796|067|H1|00974132|73000|C5|00979539|99999|99|99999999||||99999|99|99999999|73000|C5|00979539|000501|1|1026|9999|9|99999|99|99999999|999|99999|99|99999999|999999|9|99999|99|99999999|45060|1|532|99999|99999|9|999|99999|Y|N|86302|U|U|24|||||050|||||129|||||000291|A|13208|99999|99999|28590|00701|8572|0|1026|Block 1026|S||0|0|+43.0678146|-076.1661426|BK||99999
DHCST|NY|100|00|00|000|00|0212526|1000000US360670005011027|360670005011027|1|2|36|01779796|067|H1|00974132|73000|C5|00979539|99999|99|99999999||||99999|99|99999999|73000|C5|00979539|000501|1|1027|9999|9|99999|99|99999999|999|99999|99|99999999|999999|9|99999|99|99999999|45060|1|532|99999|99999|9|999|99999|Y|N|86302|U|U|24|||||050|||||129|||||000291|A|13208|99999|99999|28590|00701|17403|0|1027|Block 1027|S||175|73|+43.0642410|-076.1542742|BK||99999
DHCST|NY|100|00|00|000|00|0212527|1000000US360670005011028|360670005011028|1|2|36|01779796|067|H1|00974132|73000|C5|00979539|99999|99|99999999||||99999|99|99999999|73000|C5|00979539|000501|1|1028|9999|9|99999|99|99999999|999|99999|99|99999999|999999|9|99999|99|99999999|45060|1|532|99999|99999|9|999|99999|Y|N|86302|U|U|24|||||050|||||129|||||000291|A|13208|99999|99999|28590|00701|14696|0|1028|Block 1028|S||78|37|+43.0637187|-076.1550000|BK||99999
DHCST|NY|100|00|00|000|00|0212528|1000000US360670005011029|360670005011029|1|2|36|01779796|067|H1|00974132|73000|C5|00979539|99999|99|99999999||||99999|99|99999999|73000|C5|00979539|000501|1|1029|9999|9|99999|99|99999999|999|99999|99|99999999|999999|9|99999|99|99999999|45060|1|532|99999|99999|9|999|99999|Y|N|86302|U|U|24|||||050|||||129|||||000291|A|13208|99999|99999|28590|00701|2883|0|1029|Block 1029|S||0|0|+43.0645366|-076.1561210|BK||99999
DHCST|NY|100|00|00|000|00|0212529|1000000US360670005011030|360670005011030|1|2|36|01779796|067|H1|00974132|73000|C5|00979539|99999|99|99999999||||99999|99|99999999|73000|C5|00979539|000501|1|1030|9999|9|99999|99|99999999|999|99999|99|99999999|999999|9|99999|99|99999999|45060|1|532|99999|99999|9|999|99999|Y|N|86302|U|U|24|||||050|||||129|||||000291|A|13208|99999|99999|28590|00701|6167|0|1030|Block 1030|S||0|0|+43.0641655|-076.1567589|BK||99999
DHCST|NY|100|00|00|000|00|0212530|1000000US360670005011031|360670005011031|1|2|36|01779796|067|H1|00974132|73000|C5|00979539|99999|99|99999999||||99999|99|99999999|73000|C5|00979539|000501|1|1031|9999|9|99999|99|99999999|999|99999|99|99999999|999999|9|99999|99|99999999|45060|1|532|99999|99999|9|999|99999|Y|N|86302|U|U|24|||||050|||||129|||||000291|A|13208|99999|99999|28590|00701|18708|0|1031|Block 1031|S||93|41|+43.0632927|-076.1561907|BK||99999
DHCST|NY|100|00|00|000|00|0212531|1000000US360670005011032|360670005011032|1|2|36|01779796|067|H1|00974132|73000|C5|00979539|99999|99|99999999||||99999|99|99999999|73000|C5|00979539|000501|1|1032|9999|9|99999|99|99999999|999|99999|99|99999999|999999|9|99999|99|99999999|45060|1|532|99999|99999|9|999|99999|Y|N|86302|U|U|24|||||050|||||129|||||000291|A|13208|99999|99999|28590|00701|2107|0|1032|Block 1032|S||0|0|+43.0655266|-076.1586174|BK||99999
DHCST|NY|100|00|00|000|00|0212532|1000000US360670005012000|360670005012000|1|2|36|01779796|067|H1|00974132|73000|C5|00979539|99999|99|99999999||||99999|99|99999999|73000|C5|00979539|000501|2|2000|9999|9|99999|99|99999999|999|99999|99|99999999|999999|9|99999|99|99999999|45060|1|532|99999|99999|9|999|99999|Y|N|86302|U|U|24|||||050|||||129|||||000292|A|13208|99999|99999|28590|00701|6630|0|2000|Block 2000|S||80|21|+43.0628167|-076.1529190|BK||99999
DHCST|NY|100|00|00|000|00|0212533|1000000US360670005012001|360670005012001|1|2|36|01779796|067|H1|00974132|73000|C5|00979539|99999|99|99999999||||99999|99|99999999|73000|C5|00979539|000501|2|2001|9999|9|99999|99|99999999|999|99999|99|99999999|999999|9|99999|99|99999999|45060|1|532|99999|99999|9|999|99999|Y|N|86302|U|U|24|||||050|||||129|||||000291|A|13208|99999|99999|28590|00701|18502|0|2001|Block 2001|S||89|46|+43.0626187|-076.1539525|BK||99999
DHCST|NY|100|00|00|000|00|0212534|1000000US360670005012002|360670005012002|1|2|36|01779796|067|H1|00974132|73000|C5|00979539|99999|99|99999999||||99999|99|99999999|73000|C5|00979539|000501|2|2002|9999|9|99999|99|99999999|999|99999|99|99999999|999999|9|99999|99|99999999|45060|1|532|99999|99999|9|999|99999|Y|N|86302|U|U|24|||||050|||||129|||||000291|A|13208|99999|99999|28590|00701|19038|0|2002|Block 2002|S||108|68|+43.0620792|-076.1552213|BK||99999
DHCST|NY|100|00|00|000|00|0212535|1000000US360670005012003|360670005012003|1|2|36|01779796|067|H1|00974132|73000|C5|00979539|99999|99|99999999||||99999|99|99999999|73000|C5|00979539|000501|2|2003|9999|9|99999|99|99999999|999|99999|99|99999999|999999|9|99999|99|99999999|45060|1|532|99999|99999|9|999|99999|Y|N|86302|U|U|24|||||050|||||129|||||000292|A|13208|99999|99999|28590|00701|9524|0|2003|Block 2003|S||51|29|+43.0612612|-076.1532820|BK||99999
DHCST|NY|100|00|00|000|00|0212536|1000000US360670005012004|360670005012004|1|2|36|01779796|067|H1|00974132|73000|C5|00979539|99999|99|99999999||||99999|99|99999999|73000|C5|00979539|000501|2|2004|9999|9|99999|99|99999999|999|99999|99|99999999|999999|9|99999|99|99999999|45060|1|532|99999|99999|9|999|99999|Y|N|86302|U|U|24|||||050|||||129|||||000292|A|13208|99999|99999|28590|00701|8774|0|2004|Block 2004|S||80|22|+43.0615148|-076.1526589|BK||99999
DHCST|NY|100|00|00|000|00|0212537|1000000US360670005012005|360670005012005|1|2|36|01779796|067|H1|00974132|73000|C5|00979539|99999|99|99999999||||99999|99|99999999|73000|C5|00979539|000501|2|2005|9999|9|99999|99|99999999|999|99999|99|99999999|999999|9|99999|99|99999999|45060|1|532|99999|99999|9|999|99999|Y|N|86302|U|U|24|||||050|||||129|||||000292|A|13208|99999|99999|28590|00701|16408|0|2005|Block 2005|S||94|57|+43.0618501|-076.1517844|BK||99999
DHCST|NY|100|00|00|000|00|0212538|1000000US360670005012006|360670005012006|1|2|36|01779796|067|H1|00974132|73000|C5|00979539|99999|99|99999999||||99999|99|99999999|73000|C5|00979539|000501|2|2006|9999|9|99999|99|99999999|999|99999|99|99999999|999999|9|99999|99|99999999|45060|1|532|99999|99999|9|999|99999|Y|N|86302|U|U|24|||||050|||||129|||||000292|A|13208|99999|99999|28590|00701|1311|0|2006|Block 2006|S||6|1|+43.0617840|-076.1507237|BK||99999
DHCST|NY|100|00|00|000|00|0212539|1000000US360670005012007|360670005012007|1|2|36|01779796|067|H1|00974132|73000|C5|00979539|99999|99|99999999||||99999|99|99999999|73000|C5|00979539|000501|2|2007|9999|9|99999|99|99999999|999|99999|99|99999999|999999|9|99999|99|99999999|45060|1|532|99999|99999|9|999|99999|Y|N|86302|U|U|24|||||050|||||129|||||000292|A|13208|99999|99999|28590|00701|10999|0|2007|Block 2007|S||96|37|+43.0609976|-076.1497621|BK||99999
DHCST|NY|100|00|00|000|00|0212540|1000000US360670005012008|360670005012008|1|2|36|01779796|067|H1|00974132|73000|C5|00979539|99999|99|99999999||||99999|99|99999999|73000|C5|00979539|000501|2|2008|9999|9|99999|99|99999999|999|99999|99|99999999|999999|9|99999|99|99999999|45060|1|532|99999|99999|9|999|99999|Y|N|86302|U|U|24|||||050|||||129|||||000292|A|13208|99999|99999|28590|00701|16825|0|2008|Block 2008|S||82|30|+43.0606768|-076.1508241|BK||99999
DHCST|NY|100|00|00|000|00|0212541|1000000US360670005012009|360670005012009|1|2|36|01779796|067|H1|00974132|73000|C5|00979539|99999|99|99999999||||99999|99|99999999|73000|C5|00979539|000501|2|2009|9999|9|99999|99|99999999|999|99999|99|99999999|999999|9|99999|99|99999999|45060|1|532|99999|99999|9|999|99999|Y|N|86302|U|U|24|||||050|||||129|||||000292|A|13208|99999|99999|28590|00701|18105|0|2009|Block 2009|S||80|56|+43.0601643|-076.1520174|BK||99999
DHCST|NY|100|00|00|000|00|0212542|1000000US360670005012010|360670005012010|1|2|36|01779796|067|H1|00974132|73000|C5|00979539|99999|99|99999999||||99999|99|99999999|73000|C5|00979539|000501|2|2010|9999|9|99999|99|99999999|999|99999|99|99999999|999999|9|99999|99|99999999|45060|1|532|99999|99999|9|999|99999|Y|N|86302|U|U|24|||||050|||||129|||||000292|A|13208|99999|99999|28590|00701|18356|0|2010|Block 2010|S||50|33|+43.0596399|-076.1532603|BK||99999
DHCST|NY|100|00|00|000|00|0212543|1000000US360670005012011|360670005012011|1|2|36|01779796|067|H1|00974132|73000|C5|00979539|99999|99|99999999||||99999|99|99999999|73000|C5|00979539|000501|2|2011|9999|9|99999|99|99999999|999|99999|99|99999999|999999|9|99999|99|99999999|45060|1|532|99999|99999|9|999|99999|Y|N|86302|U|U|24|||||050|||||129|||||000292|A|13208|99999|99999|28590|00701|9547|0|2011|Block 2011|S||44|29|+43.0609878|-076.1539241|BK||99999
DHCST|NY|100|00|00|000|00|0212544|1000000US360670005012012|360670005012012|1|2|36|01779796|067|H1|00974132|73000|C5|00979539|99999|99|99999999||||99999|99|99999999|73000|C5|00979539|000501|2|2012|9999|9|99999|99|99999999|999|99999|99|99999999|999999|9|99999|99|99999999|45060|1|532|99999|99999|9|999|99999|Y|N|86302|U|U|24|||||050|||||129|||||000292|A|13208|99999|99999|28590|00701|9199|0|2012|Block 2012|S||32|17|+43.0607291|-076.1545643|BK||99999
DHCST|NY|100|00|00|000|00|0212545|1000000US360670005012013|360670005012013|1|2|36|01779796|067|H1|00974132|73000|C5|00979539|99999|99|99999999||||99999|99|99999999|73000|C5|00979539|000501|2|2013|9999|9|99999|99|99999999|999|99999|99|99999999|999999|9|99999|99|99999999|45060|1|532|99999|99999|9|999|99999|Y|N|86302|U|U|24|||||050|||||129|||||000292|A|13208|99999|99999|28590|00701|34020|0|2013|Block 2013|S||11|1|+43.0589790|-076.1541284|BK||99999
DHCST|NY|100|00|00|000|00|0212546|1000000US360670005012014|360670005012014|1|2|36|01779796|067|H1|00974132|73000|C5|00979539|99999|99|99999999||||99999|99|99999999|73000|C5|00979539|000501|2|2014|9999|9|99999|99|99999999|999|99999|99|99999999|999999|9|99999|99|99999999|45060|1|532|99999|99999|9|999|99999|Y|N|86302|U|U|24|||||050|||||129|||||000291|A|13208|99999|99999|28590|00701|8661|0|2014|Block 2014|S||0|0|+43.0566569|-076.1536428|BK||99999
DHCST|NY|100|00|00|000|00|0212547|1000000US360670005012015|360670005012015|1|2|36|01779796|067|H1|00974132|73000|C5|00979539|99999|99|99999999||||99999|99|99999999|73000|C5|00979539|000501|2|2015|9999|9|99999|99|99999999|999|99999|99|99999999|999999|9|99999|99|99999999|45060|1|532|99999|99999|9|999|99999|Y|N|86302|U|U|24|||||050|||||129|||||000292|A|13208|99999|99999|28590|00701|1388|0|2015|Block 2015|S||0|0|+43.0570777|-076.1530734|BK||99999
DHCST|NY|100|00|00|000|00|0212548|1000000US360670005012016|360670005012016|1|2|36|01779796|067|H1|00974132|73000|C5|00979539|99999|99|99999999||||99999|99|99999999|73000|C5|00979539|000501|2|2016|9999|9|99999|99|99999999|999|99999|99|99999999|999999|9|99999|99|99999999|45060|1|532|99999|99999|9|999|99999|Y|N|86302|U|U|24|||||050|||||129|||||000293|A|13208|99999|99999|28590|00701|8785|0|2016|Block 2016|S||29|14|+43.0595827|-076.1495533|BK||99999
DHCST|NY|100|00|00|000|00|0212549|1000000US360670005012017|360670005012017|1|2|36|01779796|067|H1|00974132|73000|C5|00979539|99999|99|99999999||||99999|99|99999999|73000|C5|00979539|000501|2|2017|9999|9|99999|99|99999999|999|99999|99|99999999|999999|9|99999|99|99999999|45060|1|532|99999|99999|9|999|99999|Y|N|86302|U|U|24|||||050|||||129|||||000293|A|13208|99999|99999|28590|00701|21653|0|2017|Block 2017|S||59|45|+43.0599835|-076.1484815|BK||99999
DHCST|NY|100|00|00|000|00|0212550|1000000US360670005012018|360670005012018|1|2|36|01779796|067|H1|00974132|73000|C5|00979539|99999|99|99999999||||99999|99|99999999|73000|C5|00979539|000501|2|2018|9999|9|99999|99|99999999|999|99999|99|99999999|999999|9|99999|99|99999999|45060|1|532|99999|99999|9|999|99999|Y|N|86302|U|U|24|||||050|||||129|||||000293|A|13208|99999|99999|28590|00701|18027|0|2018|Block 2018|S||84|49|+43.0589511|-076.1510470|BK||99999
DHCST|NY|100|00|00|000|00|0212551|1000000US360670005012019|360670005012019|1|2|36|01779796|067|H1|00974132|73000|C5|00979539|99999|99|99999999||||99999|99|99999999|73000|C5|00979539|000501|2|2019|9999|9|99999|99|99999999|999|99999|99|99999999|999999|9|99999|99|99999999|45060|1|532|99999|99999|9|999|99999|Y|N|86302|U|U|24|||||050|||||129|||||000293|A|13208|99999|99999|28590|00701|8756|0|2019|Block 2019|S||45|31|+43.0593340|-076.1501448|BK||99999
DHCST|NY|100|00|00|000|00|0212552|1000000US360670005012020|360670005012020|1|2|36|01779796|067|H1|00974132|73000|C5|00979539|99999|99|99999999||||99999|99|99999999|73000|C5|00979539|000501|2|2020|9999|9|99999|99|99999999|999|99999|99|99999999|999999|9|99999|99|99999999|45060|1|532|99999|99999|9|999|99999|Y|N|86302|U|U|24|||||050|||||129|||||000292|A|13208|99999|99999|28590|00701|5711|0|2020|Block 2020|S||10|3|+43.0583100|-076.1517364|BK||99999
DHCST|NY|100|00|00|000|00|0212553|1000000US360670005012021|360670005012021|1|2|36|01779796|067|H1|00974132|73000|C5|00979539|99999|99|99999999||||99999|99|99999999|73000|C5|00979539|000501|2|2021|9999|9|99999|99|99999999|999|99999|99|99999999|999999|9|99999|99|99999999|45060|1|532|99999|99999|9|999|99999|Y|N|86302|U|U|24|||||050|||||129|||||000292|A|13208|99999|99999|28590|00701|13502|0|2021|Block 2021|S||31|31|+43.0584517|-076.1525314|BK||99999
DHCST|NY|100|00|00|000|00|0212554|1000000US360670006001000|360670006001000|1|2|36|01779796|067|H1|00974132|73000|C5|00979539|99999|99|99999999||||99999|99|99999999|73000|C5|00979539|000600|1|1000|9999|9|99999|99|99999999|999|99999|99|99999999|999999|9|99999|99|99999999|45060|1|532|99999|99999|9|999|99999|Y|N|86302|U|U|24|||||053|||||129|||||000281|A|13208|99999|99999|28590|00701|101123|0|1000|Block 1000|S||500|291|+43.0716727|-076.1486885|BK||99999
DHCST|NY|100|00|00|000|00|0212555|1000000US360670006001001|360670006001001|1|2|36|01779796|067|H1|00974132|73000|C5|00979539|99999|99|99999999||||99999|99|99999999|73000|C5|00979539|000600|1|1001|9999|9|99999|99|99999999|999|99999|99|99999999|999999|9|99999|99|99999999|45060|1|532|99999|99999|9|999|99999|Y|N|86302|U|U|24|||||053|||||129|||||000281|A|13208|99999|99999|28590|00701|39854|0|1001|Block 1001|S||248|108|+43.0721780|-076.1504920|BK||99999
DHCST|NY|100|00|00|000|00|0212556|1000000US360670006001002|360670006001002|1|2|36|01779796|067|H1|00974132|73000|C5|00979539|99999|99|99999999||||99999|99|99999999|73000|C5|00979539|000600|1|1002|9999|9|99999|99|99999999|999|99999|99|99999999|999999|9|99999|99|99999999|45060|1|532|99999|99999|9|999|99999|Y|N|86302|U|U|24|||||053|||||129|||||000286|A|13208|99999|99999|28590|00701|37874|0|1002|Block 1002|S||188|94|+43.0731904|-076.1514295|BK||99999
DHCST|NY|100|00|00|000|00|0212557|1000000US360670006001003|360670006001003|1|2|36|01779796|067|H1|00974132|73000|C5|00979539|99999|99|99999999||||99999|99|99999999|73000|C5|00979539|000600|1|1003|9999|9|99999|99|99999999|999|99999|99|99999999|999999|9|99999|99|99999999|45060|1|532|99999|99999|9|999|99999|Y|N|86302|U|U|24|||||053|||||129|||||000286|A|13208|99999|99999|28590|00701|13326|0|1003|Block 1003|S||80|24|+43.0741734|-076.1527697|BK||99999
DHCST|NY|100|00|00|000|00|0212558|1000000US360670006001004|360670006001004|1|2|36|01779796|067|H1|00974132|73000|C5|00979539|99999|99|99999999||||99999|99|99999999|73000|C5|00979539|000600|1|1004|9999|9|99999|99|99999999|999|99999|99|99999999|999999|9|99999|99|99999999|45060|1|532|99999|99999|9|999|99999|Y|N|86302|U|U|24|||||053|||||129|||||000286|A|13208|99999|99999|28590|00701|18699|0|1004|Block 1004|S||52|15|+43.0733578|-076.1534562|BK||99999
DHCST|NY|100|00|00|000|00|0212559|1000000US360670006001005|360670006001005|1|2|36|01779796|067|H1|00974132|73000|C5|00979539|99999|99|99999999||||99999|99|99999999|73000|C5|00979539|000600|1|1005|9999|9|99999|99|99999999|999|99999|99|99999999|999999|9|99999|99|99999999|45060|1|532|99999|99999|9|999|99999|Y|N|86302|U|U|24|||||053|||||129|||||000286|A|13208|99999|99999|28590|00701|22879|0|1005|Block 1005|S||129|68|+43.0722753|-076.1542587|BK||99999
DHCST|NY|100|00|00|000|00|0212560|1000000US360670006001006|360670006001006|1|2|36|01779796|067|H1|00974132|73000|C5|00979539|99999|99|99999999||||99999|99|99999999|73000|C5|00979539|000600|1|1006|9999|9|99999|99|99999999|999|99999|99|99999999|999999|9|99999|99|99999999|45060|1|532|99999|99999|9|999|99999|Y|N|86302|U|U|24|||||053|||||129|||||000286|A|13208|99999|99999|28590|00701|22858|0|1006|Block 1006|S||120|66|+43.0716154|-076.1526234|BK||99999
DHCST|NY|100|00|00|000|00|0212561|1000000US360670006002000|360670006002000|1|2|36|01779796|067|H1|00974132|73000|C5|00979539|99999|99|99999999||||99999|99|99999999|73000|C5|00979539|000600|2|2000|9999|9|99999|99|99999999|999|99999|99|99999999|999999|9|99999|99|99999999|45060|1|532|99999|99999|9|999|99999|Y|N|86302|U|U|24|||||050|||||129|||||000289|A|13208|99999|99999|28590|00701|23185|0|2000|Block 2000|S||151|59|+43.0697223|-076.1508149|BK||99999
DHCST|NY|100|00|00|000|00|0212562|1000000US360670006002001|360670006002001|1|2|36|01779796|067|H1|00974132|73000|C5|00979539|99999|99|99999999||||99999|99|99999999|73000|C5|00979539|000600|2|2001|9999|9|99999|99|99999999|999|99999|99|99999999|999999|9|99999|99|99999999|45060|1|532|99999|99999|9|999|99999|Y|N|86302|U|U|24|||||050|||||129|||||000285|A|13208|99999|99999|28590|00701|23082|0|2001|Block 2001|S||139|51|+43.0704212|-076.1535135|BK||99999
DHCST|NY|100|00|00|000|00|0212563|1000000US360670006002002|360670006002002|1|2|36|01779796|067|H1|00974132|73000|C5|00979539|99999|99|99999999||||99999|99|99999999|73000|C5|00979539|000600|2|2002|9999|9|99999|99|99999999|999|99999|99|99999999|999999|9|99999|99|99999999|45060|1|532|99999|99999|9|999|99999|Y|N|86302|U|U|24|||||053|||||129|||||000286|A|13208|99999|99999|28590|00701|23221|0|2002|Block 2002|S||132|57|+43.0710787|-076.1551518|BK||99999
DHCST|NY|100|00|00|000|00|0212564|1000000US360670006002003|360670006002003|1|2|36|01779796|067|H1|00974132|73000|C5|00979539|99999|99|99999999||||99999|99|99999999|73000|C5|00979539|000600|2|2003|9999|9|99999|99|99999999|999|99999|99|99999999|999999|9|99999|99|99999999|45060|1|532|99999|99999|9|999|99999|Y|N|86302|U|U|24|||||053|||||129|||||000288|A|13208|99999|99999|28590|00701|22312|0|2003|Block 2003|S||148|65|+43.0698928|-076.1560301|BK||99999
DHCST|NY|100|00|00|000|00|0212565|1000000US360670006002004|360670006002004|1|2|36|01779796|067|H1|00974132|73000|C5|00979539|99999|99|99999999||||99999|99|99999999|73000|C5|00979539|000600|2|2004|9999|9|99999|99|99999999|999|99999|99|99999999|999999|9|99999|99|99999999|45060|1|532|99999|99999|9|999|99999|Y|N|86302|U|U|24|||||050|||||129|||||000284|A|13208|99999|99999|28590|00701|22330|0|2004|Block 2004|S||104|36|+43.0692429|-076.1543904|BK||99999
DHCST|NY|100|00|00|000|00|0212566|1000000US360670006002005|360670006002005|1|2|36|01779796|067|H1|00974132|73000|C5|00979539|99999|99|99999999||||99999|99|99999999|73000|C5|00979539|000600|2|2005|9999|9|99999|99|99999999|999|99999|99|99999999|999999|9|99999|99|99999999|45060|1|532|99999|99999|9|999|99999|Y|N|86302|U|U|24|||||050|||||129|||||000284|A|13208|99999|99999|28590|00701|12543|0|2005|Block 2005|S||89|36|+43.0687270|-076.1531131|BK||99999
DHCST|NY|100|00|00|000|00|0212567|1000000US360670006002006|360670006002006|1|2|36|01779796|067|H1|00974132|73000|C5|00979539|99999|99|99999999||||99999|99|99999999|73000|C5|00979539|000600|2|2006|9999|9|99999|99|99999999|999|99999|99|99999999|999999|9|99999|99|99999999|45060|1|532|99999|99999|9|999|99999|Y|N|86302|U|U|24|||||050|||||129|||||000289|A|13208|99999|99999|28590|00701|23340|0|2006|Block 2006|S||182|66|+43.0691249|-076.1512645|BK||99999
DHCST|NY|100|00|00|000|00|0212568|1000000US360670006002007|360670006002007|1|2|36|01779796|067|H1|00974132|73000|C5|00979539|99999|99|99999999||||99999|99|99999999|73000|C5|00979539|000600|2|2007|9999|9|99999|99|99999999|999|99999|99|99999999|999999|9|99999|99|99999999|45060|1|532|99999|99999|9|999|99999|Y|N|86302|U|U|24|||||050|||||129|||||000284|A|13208|99999|99999|28590|00701|32429|0|2007|Block 2007|S||254|74|+43.0680628|-076.1514565|BK||99999
DHCST|NY|100|00|00|000|00|0212569|1000000US360670006003000|360670006003000|1|2|36|01779796|067|H1|00974132|73000|C5|00979539|99999|99|99999999||||99999|99|99999999|73000|C5|00979539|000600|3|3000|9999|9|99999|99|99999999|999|99999|99|99999999|999999|9|99999|99|99999999|45060|1|532|99999|99999|9|999|99999|Y|N|86302|U|U|24|||||050|||||129|||||000284|A|13208|99999|99999|28590|00701|43637|0|3000|Block 3000|S||193|81|+43.0671155|-076.1527682|BK||99999
DHCST|NY|100|00|00|000|00|0212570|1000000US360670006003001|360670006003001|1|2|36|01779796|067|H1|00974132|73000|C5|00979539|99999|99|99999999||||99999|99|99999999|73000|C5|00979539|000600|3|3001|9999|9|99999|99|99999999|999|99999|99|99999999|999999|9|99999|99|99999999|45060|1|532|99999|99999|9|999|99999|Y|N|86302|U|U|24|||||050|||||129|||||000284|A|13208|99999|99999|28590|00701|22057|0|3001|Block 3001|S||180|66|+43.0680871|-076.1552558|BK||99999
DHCST|NY|100|00|00|000|00|0212571|1000000US360670006003002|360670006003002|1|2|36|01779796|067|H1|00974132|73000|C5|00979539|99999|99|99999999||||99999|99|99999999|73000|C5|00979539|000600|3|3002|9999|9|99999|99|99999999|999|99999|99|99999999|999999|9|99999|99|99999999|45060|1|532|99999|99999|9|999|99999|Y|N|86302|U|U|24|||||050|||||129|||||000284|A|13208|99999|99999|28590|00701|22152|0|3002|Block 3002|S||34|14|+43.0687393|-076.1568909|BK||99999
DHCST|NY|100|00|00|000|00|0212572|1000000US360670006003003|360670006003003|1|2|36|01779796|067|H1|00974132|73000|C5|00979539|99999|99|99999999||||99999|99|99999999|73000|C5|00979539|000600|3|3003|9999|9|99999|99|99999999|999|99999|99|99999999|999999|9|99999|99|99999999|45060|1|532|99999|99999|9|999|99999|Y|N|86302|U|U|24|||||050|||||129|||||000284|A|13208|99999|99999|28590|00701|21917|0|3003|Block 3003|S||174|109|+43.0675948|-076.1577514|BK||99999
DHCST|NY|100|00|00|000|00|0212573|1000000US360670006003004|360670006003004|1|2|36|01779796|067|H1|00974132|73000|C5|00979539|99999|99|99999999||||99999|99|99999999|73000|C5|00979539|000600|3|3004|9999|9|99999|99|99999999|999|99999|99|99999999|999999|9|99999|99|99999999|45060|1|532|99999|99999|9|999|99999|Y|N|86302|U|U|24|||||050|||||129|||||000284|A|13208|99999|99999|28590|00701|22103|0|3004|Block 3004|S||160|59|+43.0669379|-076.1561110|BK||99999
DHCST|NY|100|00|00|000|00|0212574|1000000US360670006003005|360670006003005|1|2|36|01779796|067|H1|00974132|73000|C5|00979539|99999|99|99999999||||99999|99|99999999|73000|C5|00979539|000600|3|3005|9999|9|99999|99|99999999|999|99999|99|99999999|999999|9|99999|99|99999999|45060|1|532|99999|99999|9|999|99999|Y|N|86302|U|U|24|||||050|||||129|||||000284|A|13208|99999|99999|28590|00701|23106|0|3005|Block 3005|S||202|84|+43.0662522|-076.1533851|BK||99999
DHCST|NY|100|00|00|000|00|0212575|1000000US360670006003006|360670006003006|1|2|36|01779796|067|H1|00974132|73000|C5|00979539|99999|99|99999999||||99999|99|99999999|73000|C5|00979539|000600|3|3006|9999|9|99999|99|99999999|999|99999|99|99999999|999999|9|99999|99|99999999|45060|1|532|99999|99999|9|999|99999|Y|N|86302|U|U|24|||||050|||||129|||||000284|A|13208|99999|99999|28590|00701|23000|0|3006|Block 3006|S||205|77|+43.0656677|-076.1538451|BK||99999
DHCST|NY|100|00|00|000|00|0212576|1000000US360670007001000|360670007001000|1|2|36|01779796|067|H1|00974132|73000|C5|00979539|99999|99|99999999||||99999|99|99999999|73000|C5|00979539|000700|1|1000|9999|9|99999|99|99999999|999|99999|99|99999999|999999|9|99999|99|99999999|45060|1|532|99999|99999|9|999|99999|Y|N|86302|U|U|24|||||053|||||129|||||000294|A|13208|99999|99999|28590|00701|13827|0|1000|Block 1000|S||59|30|+43.0719130|-076.1433317|BK||99999
DHCST|NY|100|00|00|000|00|0212577|1000000US360670007001001|360670007001001|1|2|36|01779796|067|H1|00974132|73000|C5|00979539|99999|99|99999999||||99999|99|99999999|73000|C5|00979539|000700|1|1001|9999|9|99999|99|99999999|999|99999|99|99999999|999999|9|99999|99|99999999|45060|1|532|99999|99999|9|999|99999|Y|N|86302|U|U|24|||||053|||||129|||||000294|A|13208|99999|99999|28590|00701|11532|0|1001|Block 1001|S||74|21|+43.0722837|-076.1442568|BK||99999
DHCST|NY|100|00|00|000|00|0212578|1000000US360670007001002|360670007001002|1|2|36|01779796|067|H1|00974132|73000|C5|00979539|99999|99|99999999||||99999|99|99999999|73000|C5|00979539|000700|1|1002|9999|9|99999|99|99999999|999|99999|99|99999999|999999|9|99999|99|99999999|45060|1|532|99999|99999|9|999|99999|Y|N|86302|U|U|24|||||053|||||129|||||000294|A|13208|99999|99999|28590|00701|15607|0|1002|Block 1002|S||76|30|+43.0726430|-076.1454813|BK||99999
DHCST|NY|100|00|00|000|00|0212579|1000000US360670007001003|360670007001003|1|2|36|01779796|067|H1|00974132|73000|C5|00979539|99999|99|99999999||||99999|99|99999999|73000|C5|00979539|000700|1|1003|9999|9|99999|99|99999999|999|99999|99|99999999|999999|9|99999|99|99999999|45060|1|532|99999|99999|9|999|99999|Y|N|86302|U|U|24|||||050|||||129|||||000297|A|13208|99999|99999|28590|00701|12429|0|1003|Block 1003|S||60|20|+43.0718412|-076.1461040|BK||99999
DHCST|NY|100|00|00|000|00|0212580|1000000US360670007001004|360670007001004|1|2|36|01779796|067|H1|00974132|73000|C5|00979539|99999|99|99999999||||99999|99|99999999|73000|C5|00979539|000700|1|1004|9999|9|99999|99|99999999|999|99999|99|99999999|999999|9|99999|99|99999999|45060|1|532|99999|99999|9|999|99999|Y|N|86302|U|U|24|||||050|||||129|||||000297|A|13208|99999|99999|28590|00701|23535|0|1004|Block 1004|S||181|59|+43.0705710|-076.1455349|BK||99999
DHCST|NY|100|00|00|000|00|0212581|1000000US360670007001005|360670007001005|1|2|36|01779796|067|H1|00974132|73000|C5|00979539|99999|99|99999999||||99999|99|99999999|73000|C5|00979539|000700|1|1005|9999|9|99999|99|99999999|999|99999|99|99999999|999999|9|99999|99|99999999|45060|1|532|99999|99999|9|999|99999|Y|N|86302|U|U|24|||||050|||||129|||||000297|A|13208|99999|99999|28590|00701|29057|0|1005|Block 1005|S||198|75|+43.0702507|-076.1444943|BK||99999
DHCST|NY|100|00|00|000|00|0212582|1000000US360670007001006|360670007001006|1|2|36|01779796|067|H1|00974132|73000|C5|00979539|99999|99|99999999||||99999|99|99999999|73000|C5|00979539|000700|1|1006|9999|9|99999|99|99999999|999|99999|99|99999999|999999|9|99999|99|99999999|45060|1|532|99999|99999|9|999|99999|Y|N|86302|U|U|24|||||050|||||129|||||000297|A|13208|99999|99999|28590|00701|20658|0|1006|Block 1006|S||217|87|+43.0692801|-076.1439053|BK||99999
DHCST|NY|100|00|00|000|00|0212583|1000000US360670007001007|360670007001007|1|2|36|01779796|067|H1|00974132|73000|C5|00979539|99999|99|99999999||||99999|99|99999999|73000|C5|00979539|000700|1|1007|9999|9|99999|99|99999999|999|99999|99|99999999|999999|9|99999|99|99999999|45060|1|532|99999|99999|9|999|99999|Y|N|86302|U|U|24|||||050|||||129|||||000297|A|13208|99999|99999|28590|00701|10959|0|1007|Block 1007|S||60|20|+43.0702020|-076.1473476|BK||99999
DHCST|NY|100|00|00|000|00|0212584|1000000US360670007001008|360670007001008|1|2|36|01779796|067|H1|00974132|73000|C5|00979539|99999|99|99999999||||99999|99|99999999|73000|C5|00979539|000700|1|1008|9999|9|99999|99|99999999|999|99999|99|99999999|999999|9|99999|99|99999999|45060|1|532|99999|99999|9|999|99999|Y|N|86302|U|U|24|||||050|||||129|||||000297|A|13208|99999|99999|28590|00701|16863|0|1008|Block 1008|S||69|25|+43.0709995|-076.1467412|BK||99999
DHCST|NY|100|00|00|000|00|0212585|1000000US360670007002000|360670007002000|1|2|36|01779796|067|H1|00974132|73000|C5|00979539|99999|99|99999999||||99999|99|99999999|73000|C5|00979539|000700|2|2000|9999|9|99999|99|99999999|999|99999|99|99999999|999999|9|99999|99|99999999|45060|1|532|99999|99999|9|999|99999|Y|N|86302|U|U|24|||||050|||||129|||||000295|A|13208|99999|99999|28590|00701|11227|0|2000|Block 2000|S||67|29|+43.0678410|-076.1439156|BK||99999
DHCST|NY|100|00|00|000|00|0212586|1000000US360670007002001|360670007002001|1|2|36|01779796|067|H1|00974132|73000|C5|00979539|99999|99|99999999||||99999|99|99999999|73000|C5|00979539|000700|2|2001|9999|9|99999|99|99999999|999|99999|99|99999999|999999|9|99999|99|99999999|45060|1|532|99999|99999|9|999|99999|Y|N|86302|U|U|24|||||050|||||129|||||000297|A|13208|99999|99999|28590|00701|16648|0|2001|Block 2001|S||117|39|+43.0684766|-076.1453424|BK||99999
DHCST|NY|100|00|00|000|00|0212587|1000000US360670007002002|360670007002002|1|2|36|01779796|067|H1|00974132|73000|C5|00979539|99999|99|99999999||||99999|99|99999999|73000|C5|00979539|000700|2|2002|9999|9|99999|99|99999999|999|99999|99|99999999|999999|9|99999|99|99999999|45060|1|532|99999|99999|9|999|99999|Y|N|86302|U|U|24|||||050|||||129|||||000295|A|13208|99999|99999|28590|00701|7844|0|2002|Block 2002|S||68|22|+43.0690351|-076.1466809|BK||99999
DHCST|NY|100|00|00|000|00|0212588|1000000US360670007002003|360670007002003|1|2|36|01779796|067|H1|00974132|73000|C5|00979539|99999|99|99999999||||99999|99|99999999|73000|C5|00979539|000700|2|2003|9999|9|99999|99|99999999|999|99999|99|99999999|999999|9|99999|99|99999999|45060|1|532|99999|99999|9|999|99999|Y|N|86302|U|U|24|||||050|||||129|||||000295|A|13208|99999|99999|28590|00701|14838|0|2003|Block 2003|S||80|52|+43.0694683|-076.1478869|BK||99999
DHCST|NY|100|00|00|000|00|0212589|1000000US360670007002004|360670007002004|1|2|36|01779796|067|H1|00974132|73000|C5|00979539|99999|99|99999999||||99999|99|99999999|73000|C5|00979539|000700|2|2004|9999|9|99999|99|99999999|999|99999|99|99999999|999999|9|99999|99|99999999|45060|1|532|99999|99999|9|999|99999|Y|N|86302|U|U|24|||||050|||||129|||||000295|A|13208|99999|99999|28590|00701|7235|0|2004|Block 2004|S||38|24|+43.0684120|-076.1478502|BK||99999
DHCST|NY|100|00|00|000|00|0212590|1000000US360670007002005|360670007002005|1|2|36|01779796|067|H1|00974132|73000|C5|00979539|99999|99|99999999||||99999|99|99999999|73000|C5|00979539|000700|2|2005|9999|9|99999|99|99999999|999|99999|99|99999999|999999|9|99999|99|99999999|45060|1|532|99999|99999|9|999|99999|Y|N|86302|U|U|24|||||050|||||129|||||000295|A|13208|99999|99999|28590|00701|8504|0|2005|Block 2005|S||46|20|+43.0687878|-076.1487441|BK||99999
DHCST|NY|100|00|00|000|00|0212591|1000000US360670007002006|360670007002006|1|2|36|01779796|067|H1|00974132|73000|C5|00979539|99999|99|99999999||||99999|99|99999999|73000|C5|00979539|000700|2|2006|9999|9|99999|99|99999999|999|99999|99|99999999|999999|9|99999|99|99999999|45060|1|532|99999|99999|9|999|99999|Y|N|86302|U|U|24|||||050|||||129|||||000295|A|13208|99999|99999|28590|00701|9394|0|2006|Block 2006|S||68|20|+43.0680011|-076.1493153|BK||99999
DHCST|NY|100|00|00|000|00|0212592|1000000US360670007002007|360670007002007|1|2|36|01779796|067|H1|00974132|73000|C5|00979539|99999|99|99999999||||99999|99|99999999|73000|C5|00979539|000700|2|2007|9999|9|99999|99|99999999|999|99999|99|99999999|999999|9|99999|99|99999999|45060|1|532|99999|99999|9|999|99999|Y|N|86302|U|U|24|||||050|||||129|||||000295|A|13208|99999|99999|28590|00701|8306|0|2007|Block 2007|S||66|14|+43.0676274|-076.1484027|BK||99999
DHCST|NY|100|00|00|000|00|0212593|1000000US360670007002008|360670007002008|1|2|36|01779796|067|H1|00974132|73000|C5|00979539|99999|99|99999999||||99999|99|99999999|73000|C5|00979539|000700|2|2008|9999|9|99999|99|99999999|999|99999|99|99999999|999999|9|99999|99|99999999|45060|1|532|99999|99999|9|999|99999|Y|N|86302|U|U|24|||||050|||||129|||||000295|A|13208|99999|99999|28590|00701|24641|0|2008|Block 2008|S||78|37|+43.0669420|-076.1467382|BK||99999
DHCST|NY|100|00|00|000|00|0212594|1000000US360670007002009|360670007002009|1|2|36|01779796|067|H1|00974132|73000|C5|00979539|99999|99|99999999||||99999|99|99999999|73000|C5|00979539|000700|2|2009|9999|9|99999|99|99999999|999|99999|99|99999999|999999|9|99999|99|99999999|45060|1|532|99999|99999|9|999|99999|Y|N|86302|U|U|24|||||050|||||129|||||000295|A|13208|99999|99999|28590|00701|24147|0|2009|Block 2009|S||124|39|+43.0677915|-076.1461752|BK||99999
DHCST|NY|100|00|00|000|00|0212595|1000000US360670007002010|360670007002010|1|2|36|01779796|067|H1|00974132|73000|C5|00979539|99999|99|99999999||||99999|99|99999999|73000|C5|00979539|000700|2|2010|9999|9|99999|99|99999999|999|99999|99|99999999|999999|9|99999|99|99999999|45060|1|532|99999|99999|9|999|99999|Y|N|86302|U|U|24|||||050|||||129|||||000295|A|13208|99999|99999|28590|00701|35260|0|2010|Block 2010|S||146|64|+43.0663536|-076.1442999|BK||99999
DHCST|NY|100|00|00|000|00|0212596|1000000US360670008001000|360670008001000|1|2|36|01779796|067|H1|00974132|73000|C5|00979539|99999|99|99999999||||99999|99|99999999|73000|C5|00979539|000800|1|1000|9999|9|99999|99|99999999|999|99999|99|99999999|999999|9|99999|99|99999999|45060|1|532|99999|99999|9|999|99999|Y|N|86302|U|U|24|||||050|||||129|||||000301|A|13208|99999|99999|28590|00701|4331|0|1000|Block 1000|S||28|11|+43.0722532|-076.1350110|BK||99999
DHCST|NY|100|00|00|000|00|0212597|1000000US360670008001001|360670008001001|1|2|36|01779796|067|H1|00974132|73000|C5|00979539|99999|99|99999999||||99999|99|99999999|73000|C5|00979539|000800|1|1001|9999|9|99999|99|99999999|999|99999|99|99999999|999999|9|99999|99|99999999|45060|1|532|99999|99999|9|999|99999|Y|N|86302|U|U|24|||||050|||||129|||||000301|A|13208|99999|99999|28590|00701|3832|0|1001|Block 1001|S||20|7|+43.0722213|-076.1361583|BK||99999
DHCST|NY|100|00|00|000|00|0212598|1000000US360670008001002|360670008001002|1|2|36|01779796|067|H1|00974132|73000|C5|00979539|99999|99|99999999||||99999|99|99999999|73000|C5|00979539|000800|1|1002|9999|9|99999|99|99999999|999|99999|99|99999999|999999|9|99999|99|99999999|45060|1|532|99999|99999|9|999|99999|Y|N|86302|U|U|24|||||050|||||129|||||000301|A|13208|99999|99999|28590|00701|4729|0|1002|Block 1002|S||24|12|+43.0721443|-076.1372766|BK||99999
DHCST|NY|100|00|00|000|00|0212599|1000000US360670008001003|360670008001003|1|2|36|01779796|067|H1|00974132|73000|C5|00979539|99999|99|99999999||||99999|99|99999999|73000|C5|00979539|000800|1|1003|9999|9|99999|99|99999999|999|99999|99|99999999|999999|9|99999|99|99999999|45060|1|532|99999|99999|9|999|99999|Y|N|86302|U|U|24|||||050|||||129|||||000301|A|13208|99999|99999|28590|00701|4588|0|1003|Block 1003|S||20|9|+43.0720872|-076.1384677|BK||99999
DHCST|NY|100|00|00|000|00|0212600|1000000US360670008001004|360670008001004|1|2|36|01779796|067|H1|00974132|73000|C5|00979539|99999|99|99999999||||99999|99|99999999|73000|C5|00979539|000800|1|1004|9999|9|99999|99|99999999|999|99999|99|99999999|999999|9|99999|99|99999999|45060|1|532|99999|99999|9|999|99999|Y|N|86302|U|U|24|||||050|||||129|||||000301|A|13208|99999|99999|28590|00701|9566|0|1004|Block 1004|S||56|26|+43.0720128|-076.1404840|BK||99999
DHCST|NY|100|00|00|000|00|0212601|1000000US360670008001005|360670008001005|1|2|36|01779796|067|H1|00974132|73000|C5|00979539|99999|99|99999999||||99999|99|99999999|73000|C5|00979539|000800|1|1005|9999|9|99999|99|99999999|999|99999|99|99999999|999999|9|99999|99|99999999|45060|1|532|99999|99999|9|999|99999|Y|N|86302|U|U|24|||||050|||||129|||||000301|A|13208|99999|99999|28590|00701|6486|0|1005|Block 1005|S||32|9|+43.0715676|-076.1425757|BK||99999
DHCST|NY|100|00|00|000|00|0212602|1000000US360670008001006|360670008001006|1|2|36|01779796|067|H1|00974132|73000|C5|00979539|99999|99|99999999||||99999|99|99999999|73000|C5|00979539|000800|1|1006|9999|9|99999|99|99999999|999|99999|99|99999999|999999|9|99999|99|99999999|45060|1|532|99999|99999|9|999|99999|Y|N|86302|U|U|24|||||050|||||129|||||000301|A|13203|99999|99999|28590|00701|4643|0|1006|Block 1006|S||28|8|+43.0713683|-076.1421704|BK||99999
DHCST|NY|100|00|00|000|00|0212603|1000000US360670008001007|360670008001007|1|2|36|01779796|067|H1|00974132|73000|C5|00979539|99999|99|99999999||||99999|99|99999999|73000|C5|00979539|000800|1|1007|9999|9|99999|99|99999999|999|99999|99|99999999|999999|9|99999|99|99999999|45060|1|532|99999|99999|9|999|99999|Y|N|86302|U|U|24|||||050|||||129|||||000296|A|13208|99999|99999|28590|00701|1292|0|1007|Block 1007|S||0|0|+43.0722325|-076.1424342|BK||99999
DHCST|NY|100|00|00|000|00|0212604|1000000US360670008001008|360670008001008|1|2|36|01779796|067|H1|00974132|73000|C5|00979539|99999|99|99999999||||99999|99|99999999|73000|C5|00979539|000800|1|1008|9999|9|99999|99|99999999|999|99999|99|99999999|999999|9|99999|99|99999999|45060|1|532|99999|99999|9|999|99999|Y|N|86302|U|U|24|||||050|||||129|||||000301|A|13203|99999|99999|28590|00701|11627|0|1008|Block 1008|S||87|21|+43.0716028|-076.1404248|BK||99999
DHCST|NY|100|00|00|000|00|0212605|1000000US360670008001009|360670008001009|1|2|36|01779796|067|H1|00974132|73000|C5|00979539|99999|99|99999999||||99999|99|99999999|73000|C5|00979539|000800|1|1009|9999|9|99999|99|99999999|999|99999|99|99999999|999999|9|99999|99|99999999|45060|1|532|99999|99999|9|999|99999|Y|N|86302|U|U|24|||||050|||||129|||||000301|A|13203|99999|99999|28590|00701|9009|0|1009|Block 1009|S||36|18|+43.0714452|-076.1384212|BK||99999
DHCST|NY|100|00|00|000|00|0212606|1000000US360670008001010|360670008001010|1|2|36|01779796|067|H1|00974132|73000|C5|00979539|99999|99|99999999||||99999|99|99999999|73000|C5|00979539|000800|1|1010|9999|9|99999|99|99999999|999|99999|99|99999999|999999|9|99999|99|99999999|45060|1|532|99999|99999|9|999|99999|Y|N|86302|U|U|24|||||050|||||129|||||000301|A|13203|99999|99999|28590|00701|9320|0|1010|Block 1010|S||33|23|+43.0715028|-076.1372371|BK||99999
DHCST|NY|100|00|00|000|00|0212607|1000000US360670008001011|360670008001011|1|2|36|01779796|067|H1|00974132|73000|C5|00979539|99999|99|99999999||||99999|99|99999999|73000|C5|00979539|000800|1|1011|9999|9|99999|99|99999999|999|99999|99|99999999|999999|9|99999|99|99999999|45060|1|532|99999|99999|9|999|99999|Y|N|86302|U|U|24|||||050|||||129|||||000301|A|13203|99999|99999|28590|00701|9094|0|1011|Block 1011|S||26|19|+43.0715894|-076.1360630|BK||99999
DHCST|NY|100|00|00|000|00|0212608|1000000US360670008001012|360670008001012|1|2|36|01779796|067|H1|00974132|73000|C5|00979539|99999|99|99999999||||99999|99|99999999|73000|C5|00979539|000800|1|1012|9999|9|99999|99|99999999|999|99999|99|99999999|999999|9|99999|99|99999999|45060|1|532|99999|99999|9|999|99999|Y|N|86302|U|U|24|||||050|||||129|||||000301|A|13203|99999|99999|28590|00701|8397|0|1012|Block 1012|S||50|17|+43.0716179|-076.1349692|BK||99999
DHCST|NY|100|00|00|000|00|0212609|1000000US360670008001013|360670008001013|1|2|36|01779796|067|H1|00974132|73000|C5|00979539|99999|99|99999999||||99999|99|99999999|73000|C5|00979539|000800|1|1013|9999|9|99999|99|99999999|999|99999|99|99999999|999999|9|99999|99|99999999|45060|1|532|99999|99999|9|999|99999|Y|N|86302|U|U|24|||||050|||||129|||||000302|A|13203|99999|99999|28590|00701|17802|0|1013|Block 1013|S||65|28|+43.0703121|-076.1348847|BK||99999
DHCST|NY|100|00|00|000|00|0212610|1000000US360670008001014|360670008001014|1|2|36|01779796|067|H1|00974132|73000|C5|00979539|99999|99|99999999||||99999|99|99999999|73000|C5|00979539|000800|1|1014|9999|9|99999|99|99999999|999|99999|99|99999999|999999|9|99999|99|99999999|45060|1|532|99999|99999|9|999|99999|Y|N|86302|U|U|24|||||050|||||129|||||000301|A|13203|99999|99999|28590|00701|17804|0|1014|Block 1014|S||90|38|+43.0702539|-076.1359912|BK||99999
DHCST|NY|100|00|00|000|00|0212611|1000000US360670008001015|360670008001015|1|2|36|01779796|067|H1|00974132|73000|C5|00979539|99999|99|99999999||||99999|99|99999999|73000|C5|00979539|000800|1|1015|9999|9|99999|99|99999999|999|99999|99|99999999|999999|9|99999|99|99999999|45060|1|532|99999|99999|9|999|99999|Y|N|86302|U|U|24|||||050|||||129|||||000301|A|13203|99999|99999|28590|00701|19122|0|1015|Block 1015|S||94|40|+43.0702018|-076.1371470|BK||99999
DHCST|NY|100|00|00|000|00|0212612|1000000US360670008001016|360670008001016|1|2|36|01779796|067|H1|00974132|73000|C5|00979539|99999|99|99999999||||99999|99|99999999|73000|C5|00979539|000800|1|1016|9999|9|99999|99|99999999|999|99999|99|99999999|999999|9|99999|99|99999999|45060|1|532|99999|99999|9|999|99999|Y|N|86302|U|U|24|||||050|||||129|||||000301|A|13203|99999|99999|28590|00701|18462|0|1016|Block 1016|S||84|37|+43.0701449|-076.1383316|BK||99999
DHCST|NY|100|00|00|000|00|0212613|1000000US360670008001017|360670008001017|1|2|36|01779796|067|H1|00974132|73000|C5|00979539|99999|99|99999999||||99999|99|99999999|73000|C5|00979539|000800|1|1017|9999|9|99999|99|99999999|999|99999|99|99999999|999999|9|99999|99|99999999|45060|1|532|99999|99999|9|999|99999|Y|N|86302|U|U|24|||||050|||||129|||||000301|A|13203|99999|99999|28590|00701|20914|0|1017|Block 1017|S||83|44|+43.0709829|-076.1404488|BK||99999
DHCST|NY|100|00|00|000|00|0212614|1000000US360670008001018|360670008001018|1|2|36|01779796|067|H1|00974132|73000|C5|00979539|99999|99|99999999||||99999|99|99999999|73000|C5|00979539|000800|1|1018|9999|9|99999|99|99999999|999|99999|99|99999999|999999|9|99999|99|99999999|45060|1|532|99999|99999|9|999|99999|Y|N|86302|U|U|24|||||050|||||129|||||000301|A|13208|99999|99999|28590|00701|7549|0|1018|Block 1018|S||52|16|+43.0702577|-076.1429224|BK||99999
DHCST|NY|100|00|00|000|00|0212615|1000000US360670008001019|360670008001019|1|2|36|01779796|067|H1|00974132|73000|C5|00979539|99999|99|99999999||||99999|99|99999999|73000|C5|00979539|000800|1|1019|9999|9|99999|99|99999999|999|99999|99|99999999|999999|9|99999|99|99999999|45060|1|532|99999|99999|9|999|99999|Y|N|86302|U|U|24|||||050|||||129|||||000301|A|13203|99999|99999|28590|00701|7779|0|1019|Block 1019|S||34|11|+43.0702385|-076.1422813|BK||99999
DHCST|NY|100|00|00|000|00|0212616|1000000US360670008001020|360670008001020|1|2|36|01779796|067|H1|00974132|73000|C5|00979539|99999|99|99999999||||99999|99|99999999|73000|C5|00979539|000800|1|1020|9999|9|99999|99|99999999|999|99999|99|99999999|999999|9|99999|99|99999999|45060|1|532|99999|99999|9|999|99999|Y|N|86302|U|U|24|||||050|||||129|||||000301|A|13203|99999|99999|28590|00701|28634|0|1020|Block 1020|S||76|36|+43.0700375|-076.1401822|BK||99999
DHCST|NY|100|00|00|000|00|0212617|1000000US360670008001021|360670008001021|1|2|36|01779796|067|H1|00974132|73000|C5|00979539|99999|99|99999999||||99999|99|99999999|73000|C5|00979539|000800|1|1021|9999|9|99999|99|99999999|999|99999|99|99999999|999999|9|99999|99|99999999|45060|1|532|99999|99999|9|999|99999|Y|N|86302|U|U|24|||||050|||||129|||||000301|A|13203|99999|99999|28590|00701|31732|0|1021|Block 1021|S||68|26|+43.0680438|-076.1375133|BK||99999
DHCST|NY|100|00|00|000|00|0212618|1000000US360670008001022|360670008001022|1|2|36|01779796|067|H1|00974132|73000|C5|00979539|99999|99|99999999||||99999|99|99999999|73000|C5|00979539|000800|1|1022|9999|9|99999|99|99999999|999|99999|99|99999999|999999|9|99999|99|99999999|45060|1|532|99999|99999|9|999|99999|Y|N|86302|U|U|24|||||050|||||129|||||000302|A|13203|99999|99999|28590|00701|9781|0|1022|Block 1022|S||60|20|+43.0688771|-076.1370558|BK||99999
DHCST|NY|100|00|00|000|00|0212619|1000000US360670008001023|360670008001023|1|2|36|01779796|067|H1|00974132|73000|C5|00979539|99999|99|99999999||||99999|99|99999999|73000|C5|00979539|000800|1|1023|9999|9|99999|99|99999999|999|99999|99|99999999|999999|9|99999|99|99999999|45060|1|532|99999|99999|9|999|99999|Y|N|86302|U|U|24|||||050|||||129|||||000302|A|13203|99999|99999|28590|00701|8956|0|1023|Block 1023|S||50|24|+43.0689212|-076.1359018|BK||99999
DHCST|NY|100|00|00|000|00|0212620|1000000US360670008001024|360670008001024|1|2|36|01779796|067|H1|00974132|73000|C5|00979539|99999|99|99999999||||99999|99|99999999|73000|C5|00979539|000800|1|1024|9999|9|99999|99|99999999|999|99999|99|99999999|999999|9|99999|99|99999999|45060|1|532|99999|99999|9|999|99999|Y|N|86302|U|U|24|||||050|||||129|||||000302|A|13203|99999|99999|28590|00701|9029|0|1024|Block 1024|S||51|20|+43.0689769|-076.1347975|BK||99999
DHCST|NY|100|00|00|000|00|0212621|1000000US360670008001025|360670008001025|1|2|36|01779796|067|H1|00974132|73000|C5|00979539|99999|99|99999999||||99999|99|99999999|73000|C5|00979539|000800|1|1025|9999|9|99999|99|99999999|999|99999|99|99999999|999999|9|99999|99|99999999|45060|1|532|99999|99999|9|999|99999|Y|N|86302|U|U|24|||||050|||||129|||||000302|A|13203|99999|99999|28590|00701|15861|0|1025|Block 1025|S||83|36|+43.0677371|-076.1347127|BK||99999
DHCST|NY|100|00|00|000|00|0212622|1000000US360670008001026|360670008001026|1|2|36|01779796|067|H1|00974132|73000|C5|00979539|99999|99|99999999||||99999|99|99999999|73000|C5|00979539|000800|1|1026|9999|9|99999|99|99999999|999|99999|99|99999999|999999|9|99999|99|99999999|45060|1|532|99999|99999|9|999|99999|Y|N|86302|U|U|24|||||050|||||129|||||000302|A|13203|99999|99999|28590|00701|15790|0|1026|Block 1026|S||93|32|+43.0676845|-076.1358198|BK||99999
DHCST|NY|100|00|00|000|00|0212623|1000000US360670008002000|360670008002000|1|2|36|01779796|067|H1|00974132|73000|C5|00979539|99999|99|99999999||||99999|99|99999999|73000|C5|00979539|000800|2|2000|9999|9|99999|99|99999999|999|99999|99|99999999|999999|9|99999|99|99999999|45060|1|532|99999|99999|9|999|99999|Y|N|86302|U|U|24|||||050|||||129|||||000301|A|13203|99999|99999|28590|00701|63457|0|2000|Block 2000|S||0|0|+43.0683125|-076.1397801|BK||99999
DHCST|NY|100|00|00|000|00|0212624|1000000US360670008002001|360670008002001|1|2|36|01779796|067|H1|00974132|73000|C5|00979539|99999|99|99999999||||99999|99|99999999|73000|C5|00979539|000800|2|2001|9999|9|99999|99|99999999|999|99999|99|99999999|999999|9|99999|99|99999999|45060|1|532|99999|99999|9|999|99999|Y|N|86302|U|U|24|||||050|||||129|||||000301|A|13203|99999|99999|28590|00701|71751|0|2001|Block 2001|S||157|50|+43.0663899|-076.1395228|BK||99999
DHCST|NY|100|00|00|000|00|0212625|1000000US360670008002002|360670008002002|1|2|36|01779796|067|H1|00974132|73000|C5|00979539|99999|99|99999999||||99999|99|99999999|73000|C5|00979539|000800|2|2002|9999|9|99999|99|99999999|999|99999|99|99999999|999999|9|99999|99|99999999|45060|1|532|99999|99999|9|999|99999|Y|N|86302|U|U|24|||||050|||||129|||||000301|A|13208|99999|99999|28590|00701|13078|0|2002|Block 2002|S||124|57|+43.0690493|-076.1426552|BK||99999
DHCST|NY|100|00|00|000|00|0212626|1000000US360670008002003|360670008002003|1|2|36|01779796|067|H1|00974132|73000|C5|00979539|99999|99|99999999||||99999|99|99999999|73000|C5|00979539|000800|2|2003|9999|9|99999|99|99999999|999|99999|99|99999999|999999|9|99999|99|99999999|45060|1|532|99999|99999|9|999|99999|Y|N|86302|U|U|24|||||050|||||129|||||000301|A|13208|99999|99999|28590|00701|12267|0|2003|Block 2003|S||95|35|+43.0674864|-076.1429807|BK||99999
DHCST|NY|100|00|00|000|00|0212627|1000000US360670008002004|360670008002004|1|2|36|01779796|067|H1|00974132|73000|C5|00979539|99999|99|99999999||||99999|99|99999999|73000|C5|00979539|000800|2|2004|9999|9|99999|99|99999999|999|99999|99|99999999|999999|9|99999|99|99999999|45060|1|532|99999|99999|9|999|99999|Y|N|86302|U|U|24|||||050|||||129|||||000301|A|13203|99999|99999|28590|00701|16855|0|2004|Block 2004|S||108|41|+43.0674404|-076.1422379|BK||99999
DHCST|NY|100|00|00|000|00|0212628|1000000US360670008002005|360670008002005|1|2|36|01779796|067|H1|00974132|73000|C5|00979539|99999|99|99999999||||99999|99|99999999|73000|C5|00979539|000800|2|2005|9999|9|99999|99|99999999|999|99999|99|99999999|999999|9|99999|99|99999999|45060|1|532|99999|99999|9|999|99999|Y|N|86302|U|U|24|||||050|||||129|||||000301|A|13203|99999|99999|28590|00701|29818|0|2005|Block 2005|S||123|42|+43.0656081|-076.1368702|BK||99999
DHCST|NY|100|00|00|000|00|0212629|1000000US360670008002006|360670008002006|1|2|36|01779796|067|H1|00974132|73000|C5|00979539|99999|99|99999999||||99999|99|99999999|73000|C5|00979539|000800|2|2006|9999|9|99999|99|99999999|999|99999|99|99999999|999999|9|99999|99|99999999|45060|1|532|99999|99999|9|999|99999|Y|N|86302|U|U|24|||||050|||||129|||||000302|A|13203|99999|99999|28590|00701|12787|0|2006|Block 2006|S||45|30|+43.0662585|-076.1357258|BK||99999
DHCST|NY|100|00|00|000|00|0212630|1000000US360670008002007|360670008002007|1|2|36|01779796|067|H1|00974132|73000|C5|00979539|99999|99|99999999||||99999|99|99999999|73000|C5|00979539|000800|2|2007|9999|9|99999|99|99999999|999|99999|99|99999999|999999|9|99999|99|99999999|45060|1|532|99999|99999|9|999|99999|Y|N|86302|U|U|24|||||050|||||129|||||000302|A|13203|99999|99999|28590|00701|12783|0|2007|Block 2007|S||60|29|+43.0663095|-076.1346226|BK||99999
DHCST|NY|100|00|00|000|00|0212631|1000000US360670008002008|360670008002008|1|2|36|01779796|067|H1|00974132|73000|C5|00979539|99999|99|99999999||||99999|99|99999999|73000|C5|00979539|000800|2|2008|9999|9|99999|99|99999999|999|99999|99|99999999|999999|9|99999|99|99999999|45060|1|532|99999|99999|9|999|99999|Y|N|86302|U|U|24|||||050|||||129|||||000304|A|13203|99999|99999|28590|00701|12889|0|2008|Block 2008|S||72|29|+43.0650351|-076.1345374|BK||99999
DHCST|NY|100|00|00|000|00|0212632|1000000US360670008002009|360670008002009|1|2|36|01779796|067|H1|00974132|73000|C5|00979539|99999|99|99999999||||99999|99|99999999|73000|C5|00979539|000800|2|2009|9999|9|99999|99|99999999|999|99999|99|99999999|999999|9|99999|99|99999999|45060|1|532|99999|99999|9|999|99999|Y|N|86302|U|U|24|||||050|||||129|||||000304|A|13203|99999|99999|28590|00701|12745|0|2009|Block 2009|S||67|42|+43.0649812|-076.1356419|BK||99999
DHCST|NY|100|00|00|000|00|0212633|1000000US360670008002010|360670008002010|1|2|36|01779796|067|H1|00974132|73000|C5|00979539|99999|99|99999999||||99999|99|99999999|73000|C5|00979539|000800|2|2010|9999|9|99999|99|99999999|999|99999|99|99999999|999999|9|99999|99|99999999|45060|1|532|99999|99999|9|999|99999|Y|N|86302|U|U|24|||||050|||||129|||||000300|A|13203|99999|99999|28590|00701|18484|0|2010|Block 2010|S||112|47|+43.0641121|-076.1390800|BK||99999
DHCST|NY|100|00|00|000|00|0212634|1000000US360670008002011|360670008002011|1|2|36|01779796|067|H1|00974132|73000|C5|00979539|99999|99|99999999||||99999|99|99999999|73000|C5|00979539|000800|2|2011|9999|9|99999|99|99999999|999|99999|99|99999999|999999|9|99999|99|99999999|45060|1|532|99999|99999|9|999|99999|Y|N|86302|U|U|24|||||050|||||129|||||000300|A|13203|99999|99999|28590|00701|21183|0|2011|Block 2011|S||106|55|+43.0653344|-076.1401528|BK||99999
DHCST|NY|100|00|00|000|00|0212635|1000000US360670008002012|360670008002012|1|2|36|01779796|067|H1|00974132|73000|C5|00979539|99999|99|99999999||||99999|99|99999999|73000|C5|00979539|000800|2|2012|9999|9|99999|99|99999999|999|99999|99|99999999|999999|9|99999|99|99999999|45060|1|532|99999|99999|9|999|99999|Y|N|86302|U|U|24|||||050|||||129|||||000300|A|13203|99999|99999|28590|00701|21887|0|2012|Block 2012|S||155|56|+43.0652916|-076.1411292|BK||99999
DHCST|NY|100|00|00|000|00|0212636|1000000US360670008002013|360670008002013|1|2|36|01779796|067|H1|00974132|73000|C5|00979539|99999|99|99999999||||99999|99|99999999|73000|C5|00979539|000800|2|2013|9999|9|99999|99|99999999|999|99999|99|99999999|999999|9|99999|99|99999999|45060|1|532|99999|99999|9|999|99999|Y|N|86302|U|U|24|||||050|||||129|||||000300|A|13203|99999|99999|28590|00701|22216|0|2013|Block 2013|S||192|68|+43.0651803|-076.1421506|BK||99999
DHCST|NY|100|00|00|000|00|0212637|1000000US360670008002014|360670008002014|1|2|36|01779796|067|H1|00974132|73000|C5|00979539|99999|99|99999999||||99999|99|99999999|73000|C5|00979539|000800|2|2014|9999|9|99999|99|99999999|999|99999|99|99999999|999999|9|99999|99|99999999|45060|1|532|99999|99999|9|999|99999|Y|N|86302|U|U|24|||||050|||||129|||||000300|A|13208|99999|99999|28590|00701|15523|0|2014|Block 2014|S||74|39|+43.0652240|-076.1429572|BK||99999
DHCST|NY|100|00|00|000|00|0212638|1000000US360670009001000|360670009001000|1|2|36|01779796|067|H1|00974132|73000|C5|00979539|99999|99|99999999||||99999|99|99999999|73000|C5|00979539|000900|1|1000|9999|9|99999|99|99999999|999|99999|99|99999999|999999|9|99999|99|99999999|45060|1|532|99999|99999|9|999|99999|Y|N|86302|U|U|24|||||053|||||129|||||000306|A|13206|99999|99999|28590|00701|32260|0|1000|Block 1000|S||113|50|+43.0709122|-076.1214233|BK||99999
DHCST|NY|100|00|00|000|00|0212639|1000000US360670009001001|360670009001001|1|2|36|01779796|067|H1|00974132|73000|C5|00979539|99999|99|99999999||||99999|99|99999999|73000|C5|00979539|000900|1|1001|9999|9|99999|99|99999999|999|99999|99|99999999|999999|9|99999|99|99999999|45060|1|532|99999|99999|9|999|99999|Y|N|86302|U|U|24|||||053|||||129|||||000306|A|13206|99999|99999|28590|00701|22052|0|1001|Block 1001|S||97|45|+43.0700336|-076.1217082|BK||99999
DHCST|NY|100|00|00|000|00|0212640|1000000US360670009001002|360670009001002|1|2|36|01779796|067|H1|00974132|73000|C5|00979539|99999|99|99999999||||99999|99|99999999|73000|C5|00979539|000900|1|1002|9999|9|99999|99|99999999|999|99999|99|99999999|999999|9|99999|99|99999999|45060|1|532|99999|99999|9|999|99999|Y|N|86302|U|U|24|||||053|||||129|||||000306|A|13206|99999|99999|28590|00701|41982|0|1002|Block 1002|S||131|77|+43.0692376|-076.1178291|BK||99999
DHCST|NY|100|00|00|000|00|0212641|1000000US360670009001003|360670009001003|1|2|36|01779796|067|H1|00974132|73000|C5|00979539|99999|99|99999999||||99999|99|99999999|73000|C5|00979539|000900|1|1003|9999|9|99999|99|99999999|999|99999|99|99999999|999999|9|99999|99|99999999|45060|1|532|99999|99999|9|999|99999|Y|N|86302|U|U|24|||||053|||||129|||||000306|A|13206|99999|99999|28590|00701|33083|0|1003|Block 1003|S||131|65|+43.0685310|-076.1187415|BK||99999
DHCST|NY|100|00|00|000|00|0212642|1000000US360670009001004|360670009001004|1|2|36|01779796|067|H1|00974132|73000|C5|00979539|99999|99|99999999||||99999|99|99999999|73000|C5|00979539|000900|1|1004|9999|9|99999|99|99999999|999|99999|99|99999999|999999|9|99999|99|99999999|45060|1|532|99999|99999|9|999|99999|Y|N|86302|U|U|24|||||053|||||129|||||000306|A|13206|99999|99999|28590|00701|46385|0|1004|Block 1004|S||236|105|+43.0684320|-076.1206232|BK||99999
DHCST|NY|100|00|00|000|00|0212643|1000000US360670009001005|360670009001005|1|2|36|01779796|067|H1|00974132|73000|C5|00979539|99999|99|99999999||||99999|99|99999999|73000|C5|00979539|000900|1|1005|9999|9|99999|99|99999999|999|99999|99|99999999|999999|9|99999|99|99999999|45060|1|532|99999|99999|9|999|99999|Y|N|86302|U|U|24|||||053|||||129|||||000306|A|13206|99999|99999|28590|00701|35201|0|1005|Block 1005|S||145|70|+43.0675754|-076.1210630|BK||99999
DHCST|NY|100|00|00|000|00|0212644|1000000US360670009001006|360670009001006|1|2|36|01779796|067|H1|00974132|73000|C5|00979539|99999|99|99999999||||99999|99|99999999|73000|C5|00979539|000900|1|1006|9999|9|99999|99|99999999|999|99999|99|99999999|999999|9|99999|99|99999999|45060|1|532|99999|99999|9|999|99999|Y|N|86302|U|U|24|||||053|||||129|||||000306|A|13206|99999|99999|28590|00701|38430|0|1006|Block 1006|S||94|44|+43.0664851|-076.1218602|BK||99999
DHCST|NY|100|00|00|000|00|0212645|1000000US360670009001007|360670009001007|1|2|36|01779796|067|H1|00974132|73000|C5|00979539|99999|99|99999999||||99999|99|99999999|73000|C5|00979539|000900|1|1007|9999|9|99999|99|99999999|999|99999|99|99999999|999999|9|99999|99|99999999|45060|1|532|99999|99999|9|999|99999|Y|N|86302|U|U|24|||||053|||||129|||||000306|A|13206|99999|99999|28590|00701|1699|0|1007|Block 1007|S||0|0|+43.0685563|-076.1153279|BK||99999
DHCST|NY|100|00|00|000|00|0212646|1000000US360670009002000|360670009002000|1|2|36|01779796|067|H1|00974132|73000|C5|00979539|99999|99|99999999||||99999|99|99999999|73000|C5|00979539|000900|2|2000|9999|9|99999|99|99999999|999|99999|99|99999999|999999|9|99999|99|99999999|45060|1|532|99999|99999|9|999|99999|Y|N|86302|U|U|24|||||050|||||129|||||000306|A|13203|99999|99999|28590|00701|19406|0|2000|Block 2000|S||51|20|+43.0662272|-076.1233895|BK||99999
DHCST|NY|100|00|00|000|00|0212647|1000000US360670009002001|360670009002001|1|2|36|01779796|067|H1|00974132|73000|C5|00979539|99999|99|99999999||||99999|99|99999999|73000|C5|00979539|000900|2|2001|9999|9|99999|99|99999999|999|99999|99|99999999|999999|9|99999|99|99999999|45060|1|532|99999|99999|9|999|99999|Y|N|86302|U|U|24|||||050|||||129|||||000306|A|13206|99999|99999|28590|00701|8880|0|2001|Block 2001|S||37|13|+43.0665750|-076.1230355|BK||99999
DHCST|NY|100|00|00|000|00|0212648|1000000US360670009002002|360670009002002|1|2|36|01779796|067|H1|00974132|73000|C5|00979539|99999|99|99999999||||99999|99|99999999|73000|C5|00979539|000900|2|2002|9999|9|99999|99|99999999|999|99999|99|99999999|999999|9|99999|99|99999999|45060|1|532|99999|99999|9|999|99999|Y|N|86302|U|U|24|||||050|||||129|||||000303|A|13203|99999|99999|28590|00701|36791|0|2002|Block 2002|S||86|36|+43.0669797|-076.1254518|BK||99999
DHCST|NY|100|00|00|000|00|0212649|1000000US360670009002003|360670009002003|1|2|36|01779796|067|H1|00974132|73000|C5|00979539|99999|99|99999999||||99999|99|99999999|73000|C5|00979539|000900|2|2003|9999|9|99999|99|99999999|999|99999|99|99999999|999999|9|99999|99|99999999|45060|1|532|99999|99999|9|999|99999|Y|N|86302|U|U|24|||||050|||||129|||||000305|A|13203|99999|99999|28590|00701|75953|0|2003|Block 2003|S||122|71|+43.0646637|-076.1279371|BK||99999
DHCST|NY|100|00|00|000|00|0212650|1000000US360670009002004|360670009002004|1|2|36|01779796|067|H1|00974132|73000|C5|00979539|99999|99|99999999||||99999|99|99999999|73000|C5|00979539|000900|2|2004|9999|9|99999|99|99999999|999|99999|99|99999999|999999|9|99999|99|99999999|45060|1|532|99999|99999|9|999|99999|Y|N|86302|U|U|24|||||050|||||129|||||000303|A|13203|99999|99999|28590|00701|11365|0|2004|Block 2004|S||33|12|+43.0678371|-076.1278257|BK||99999
DHCST|NY|100|00|00|000|00|0212651|1000000US360670009002005|360670009002005|1|2|36|01779796|067|H1|00974132|73000|C5|00979539|99999|99|99999999||||99999|99|99999999|73000|C5|00979539|000900|2|2005|9999|9|99999|99|99999999|999|99999|99|99999999|999999|9|99999|99|99999999|45060|1|532|99999|99999|9|999|99999|Y|N|86302|U|U|24|||||050|||||129|||||000303|A|13203|99999|99999|28590|00701|10583|0|2005|Block 2005|S||26|8|+43.0678078|-076.1290537|BK||99999
DHCST|NY|100|00|00|000|00|0212652|1000000US360670009002006|360670009002006|1|2|36|01779796|067|H1|00974132|73000|C5|00979539|99999|99|99999999||||99999|99|99999999|73000|C5|00979539|000900|2|2006|9999|9|99999|99|99999999|999|99999|99|99999999|999999|9|99999|99|99999999|45060|1|532|99999|99999|9|999|99999|Y|N|86302|U|U|24|||||050|||||129|||||000302|A|13203|99999|99999|28590|00701|51183|0|2006|Block 2006|S||91|48|+43.0686376|-076.1312994|BK||99999
DHCST|NY|100|00|00|000|00|0212653|1000000US360670009002007|360670009002007|1|2|36|01779796|067|H1|00974132|73000|C5|00979539|99999|99|99999999||||99999|99|99999999|73000|C5|00979539|000900|2|2007|9999|9|99999|99|99999999|999|99999|99|99999999|999999|9|99999|99|99999999|45060|1|532|99999|99999|9|999|99999|Y|N|86302|U|U|24|||||050|||||129|||||000302|A|13203|99999|99999|28590|00701|27279|0|2007|Block 2007|S||81|30|+43.0682506|-076.1335736|BK||99999
DHCST|NY|100|00|00|000|00|0212654|1000000US360670009002008|360670009002008|1|2|36|01779796|067|H1|00974132|73000|C5|00979539|99999|99|99999999||||99999|99|99999999|73000|C5|00979539|000900|2|2008|9999|9|99999|99|99999999|999|99999|99|99999999|999999|9|99999|99|99999999|45060|1|532|99999|99999|9|999|99999|Y|N|86302|U|U|24|||||050|||||129|||||000305|A|13203|99999|99999|28590|00701|2127|0|2008|Block 2008|S||0|0|+43.0627145|-076.1291497|BK||99999
DHCST|NY|100|00|00|000|00|0212655|1000000US360670009002009|360670009002009|1|2|36|01779796|067|H1|00974132|73000|C5|00979539|99999|99|99999999||||99999|99|99999999|73000|C5|00979539|000900|2|2009|9999|9|99999|99|99999999|999|99999|99|99999999|999999|9|99999|99|99999999|45060|1|532|99999|99999|9|999|99999|Y|N|86302|U|U|24|||||050|||||129|||||000304|A|13203|99999|99999|28590|00701|50657|0|2009|Block 2009|S||100|31|+43.0653683|-076.1293436|BK||99999
DHCST|NY|100|00|00|000|00|0212656|1000000US360670009002010|360670009002010|1|2|36|01779796|067|H1|00974132|73000|C5|00979539|99999|99|99999999||||99999|99|99999999|73000|C5|00979539|000900|2|2010|9999|9|99999|99|99999999|999|99999|99|99999999|999999|9|99999|99|99999999|45060|1|532|99999|99999|9|999|99999|Y|N|86302|U|U|24|||||050|||||129|||||000304|A|13203|99999|99999|28590|00701|34758|0|2010|Block 2010|S||48|19|+43.0663719|-076.1306262|BK||99999
DHCST|NY|100|00|00|000|00|0212657|1000000US360670009002011|360670009002011|1|2|36|01779796|067|H1|00974132|73000|C5|00979539|99999|99|99999999||||99999|99|99999999|73000|C5|00979539|000900|2|2011|9999|9|99999|99|99999999|999|99999|99|99999999|999999|9|99999|99|99999999|45060|1|532|99999|99999|9|999|99999|Y|N|86302|U|U|24|||||050|||||129|||||000304|A|13203|99999|99999|28590|00701|25104|0|2011|Block 2011|S||38|17|+43.0668770|-076.1320135|BK||99999
DHCST|NY|100|00|00|000|00|0212658|1000000US360670009002012|360670009002012|1|2|36|01779796|067|H1|00974132|73000|C5|00979539|99999|99|99999999||||99999|99|99999999|73000|C5|00979539|000900|2|2012|9999|9|99999|99|99999999|999|99999|99|99999999|999999|9|99999|99|99999999|45060|1|532|99999|99999|9|999|99999|Y|N|86302|U|U|24|||||050|||||129|||||000304|A|13203|99999|99999|28590|00701|3716|0|2012|Block 2012|S||0|0|+43.0668949|-076.1329940|BK||99999
DHCST|NY|100|00|00|000|00|0212659|1000000US360670009002013|360670009002013|1|2|36|01779796|067|H1|00974132|73000|C5|00979539|99999|99|99999999||||99999|99|99999999|73000|C5|00979539|000900|2|2013|9999|9|99999|99|99999999|999|99999|99|99999999|999999|9|99999|99|99999999|45060|1|532|99999|99999|9|999|99999|Y|N|86302|U|U|24|||||050|||||129|||||000304|A|13203|99999|99999|28590|00701|40712|0|2013|Block 2013|S||55|22|+43.0620108|-076.1305094|BK||99999
DHCST|NY|100|00|00|000|00|0212660|1000000US360670009002014|360670009002014|1|2|36|01779796|067|H1|00974132|73000|C5|00979539|99999|99|99999999||||99999|99|99999999|73000|C5|00979539|000900|2|2014|9999|9|99999|99|99999999|999|99999|99|99999999|999999|9|99999|99|99999999|45060|1|532|99999|99999|9|999|99999|Y|N|86302|U|U|24|||||050|||||129|||||000304|A|13203|99999|99999|28590|00701|66003|0|2014|Block 2014|S||92|39|+43.0634747|-076.1319627|BK||99999
DHCST|NY|100|00|00|000|00|0212661|1000000US360670009002015|360670009002015|1|2|36|01779796|067|H1|00974132|73000|C5|00979539|99999|99|99999999||||99999|99|99999999|73000|C5|00979539|000900|2|2015|9999|9|99999|99|99999999|999|99999|99|99999999|999999|9|99999|99|99999999|45060|1|532|99999|99999|9|999|99999|Y|N|86302|U|U|24|||||050|||||129|||||000304|A|13203|99999|99999|28590|00701|47161|0|2015|Block 2015|S||64|29|+43.0654400|-076.1327959|BK||99999
DHCST|NY|100|00|00|000|00|0212662|1000000US360670009002016|360670009002016|1|2|36|01779796|067|H1|00974132|73000|C5|00979539|99999|99|99999999||||99999|99|99999999|73000|C5|00979539|000900|2|2016|9999|9|99999|99|99999999|999|99999|99|99999999|999999|9|99999|99|99999999|45060|1|532|99999|99999|9|999|99999|Y|N|86302|U|U|24|||||050|||||129|||||000304|A|13203|99999|99999|28590|00701|1976|0|2016|Block 2016|S||0|0|+43.0652070|-076.1310657|BK||99999
DHCST|NY|100|00|00|000|00|0212663|1000000US360670009002017|360670009002017|1|2|36|01779796|067|H1|00974132|73000|C5|00979539|99999|99|99999999||||99999|99|99999999|73000|C5|00979539|000900|2|2017|9999|9|99999|99|99999999|999|99999|99|99999999|999999|9|99999|99|99999999|45060|1|532|99999|99999|9|999|99999|Y|N|86302|U|U|24|||||050|||||129|||||000303|A|13203|99999|99999|28590|00701|79024|0|2017|Block 2017|S||91|41|+43.0650220|-076.1254705|BK||99999
DHCST|NY|100|00|00|000|00|0212664|1000000US360670009003000|360670009003000|1|2|36|01779796|067|H1|00974132|73000|C5|00979539|99999|99|99999999||||99999|99|99999999|73000|C5|00979539|000900|3|3000|9999|9|99999|99|99999999|999|99999|99|99999999|999999|9|99999|99|99999999|45060|1|532|99999|99999|9|999|99999|Y|N|86302|U|U|24|||||053|||||129|||||000306|A|13203|99999|99999|28590|00701|17321|0|3000|Block 3000|S||59|19|+43.0725032|-076.1251495|BK||99999
DHCST|NY|100|00|00|000|00|0212665|1000000US360670009003001|360670009003001|1|2|36|01779796|067|H1|00974132|73000|C5|00979539|99999|99|99999999||||99999|99|99999999|73000|C5|00979539|000900|3|3001|9999|9|99999|99|99999999|999|99999|99|99999999|999999|9|99999|99|99999999|45060|1|532|99999|99999|9|999|99999|Y|N|86302|U|U|24|||||050|||||129|||||000303|A|13203|99999|99999|28590|00701|12916|0|3001|Block 3001|S||22|14|+43.0722269|-076.1269582|BK||99999
DHCST|NY|100|00|00|000|00|0212666|1000000US360670009003002|360670009003002|1|2|36|01779796|067|H1|00974132|73000|C5|00979539|99999|99|99999999||||99999|99|99999999|73000|C5|00979539|000900|3|3002|9999|9|99999|99|99999999|999|99999|99|99999999|999999|9|99999|99|99999999|45060|1|532|99999|99999|9|999|99999|Y|N|86302|U|U|24|||||050|||||129|||||000303|A|13203|99999|99999|28590|00701|14524|0|3002|Block 3002|S||43|27|+43.0721643|-076.1281448|BK||99999
DHCST|NY|100|00|00|000|00|0212667|1000000US360670009003003|360670009003003|1|2|36|01779796|067|H1|00974132|73000|C5|00979539|99999|99|99999999||||99999|99|99999999|73000|C5|00979539|000900|3|3003|9999|9|99999|99|99999999|999|99999|99|99999999|999999|9|99999|99|99999999|45060|1|532|99999|99999|9|999|99999|Y|N|86302|U|U|24|||||050|||||129|||||000303|A|13203|99999|99999|28590|00701|14177|0|3003|Block 3003|S||34|14|+43.0721054|-076.1293866|BK||99999
DHCST|NY|100|00|00|000|00|0212668|1000000US360670009003004|360670009003004|1|2|36|01779796|067|H1|00974132|73000|C5|00979539|99999|99|99999999||||99999|99|99999999|73000|C5|00979539|000900|3|3004|9999|9|99999|99|99999999|999|99999|99|99999999|999999|9|99999|99|99999999|45060|1|532|99999|99999|9|999|99999|Y|N|86302|U|U|24|||||050|||||129|||||000302|A|13203|99999|99999|28590|00701|13842|0|3004|Block 3004|S||46|21|+43.0720476|-076.1305990|BK||99999
DHCST|NY|100|00|00|000|00|0212669|1000000US360670009003005|360670009003005|1|2|36|01779796|067|H1|00974132|73000|C5|00979539|99999|99|99999999||||99999|99|99999999|73000|C5|00979539|000900|3|3005|9999|9|99999|99|99999999|999|99999|99|99999999|999999|9|99999|99|99999999|45060|1|532|99999|99999|9|999|99999|Y|N|86302|U|U|24|||||050|||||129|||||000302|A|13203|99999|99999|28590|00701|57328|0|3005|Block 3005|S||143|73|+43.0713824|-076.1331326|BK||99999
DHCST|NY|100|00|00|000|00|0212670|1000000US360670009003006|360670009003006|1|2|36|01779796|067|H1|00974132|73000|C5|00979539|99999|99|99999999||||99999|99|99999999|73000|C5|00979539|000900|3|3006|9999|9|99999|99|99999999|999|99999|99|99999999|999999|9|99999|99|99999999|45060|1|532|99999|99999|9|999|99999|Y|N|86302|U|U|24|||||050|||||129|||||000303|A|13203|99999|99999|28590|00701|36239|0|3006|Block 3006|S||104|54|+43.0699355|-076.1279804|BK||99999
DHCST|NY|100|00|00|000|00|0212671|1000000US360670009003007|360670009003007|1|2|36|01779796|067|H1|00974132|73000|C5|00979539|99999|99|99999999||||99999|99|99999999|73000|C5|00979539|000900|3|3007|9999|9|99999|99|99999999|999|99999|99|99999999|999999|9|99999|99|99999999|45060|1|532|99999|99999|9|999|99999|Y|N|86302|U|U|24|||||050|||||129|||||000303|A|13203|99999|99999|28590|00701|46883|0|3007|Block 3007|S||81|35|+43.0693293|-076.1266675|BK||99999
DHCST|NY|100|00|00|000|00|0212672|1000000US360670009003008|360670009003008|1|2|36|01779796|067|H1|00974132|73000|C5|00979539|99999|99|99999999||||99999|99|99999999|73000|C5|00979539|000900|3|3008|9999|9|99999|99|99999999|999|99999|99|99999999|999999|9|99999|99|99999999|45060|1|532|99999|99999|9|999|99999|Y|N|86302|U|U|24|||||053|||||129|||||000306|A|13203|99999|99999|28590|00701|25594|0|3008|Block 3008|S||81|48|+43.0717304|-076.1247405|BK||99999
DHCST|NY|100|00|00|000|00|0212673|1000000US360670009003009|360670009003009|1|2|36|01779796|067|H1|00974132|73000|C5|00979539|99999|99|99999999||||99999|99|99999999|73000|C5|00979539|000900|3|3009|9999|9|99999|99|99999999|999|99999|99|99999999|999999|9|99999|99|99999999|45060|1|532|99999|99999|9|999|99999|Y|N|86302|U|U|24|||||053|||||129|||||000306|A|13203|99999|99999|28590|00701|17554|0|3009|Block 3009|S||63|19|+43.0702833|-076.1257732|BK||99999
DHCST|NY|100|00|00|000|00|0212674|1000000US360670009003010|360670009003010|1|2|36|01779796|067|H1|00974132|73000|C5|00979539|99999|99|99999999||||99999|99|99999999|73000|C5|00979539|000900|3|3010|9999|9|99999|99|99999999|999|99999|99|99999999|999999|9|99999|99|99999999|45060|1|532|99999|99999|9|999|99999|Y|N|86302|U|U|24|||||053|||||129|||||000306|A|13203|99999|99999|28590|00701|39714|0|3010|Block 3010|S||237|191|+43.0703454|-076.1241489|BK||99999
DHCST|NY|100|00|00|000|00|0212675|1000000US360670009003011|360670009003011|1|2|36|01779796|067|H1|00974132|73000|C5|00979539|99999|99|99999999||||99999|99|99999999|73000|C5|00979539|000900|3|3011|9999|9|99999|99|99999999|999|99999|99|99999999|999999|9|99999|99|99999999|45060|1|532|99999|99999|9|999|99999|Y|N|86302|U|U|24|||||050|||||129|||||000303|A|13203|99999|99999|28590|00701|33168|0|3011|Block 3011|S||34|18|+43.0685716|-076.1241149|BK||99999
DHCST|NY|100|00|00|000|00|0212676|1000000US360670009003012|360670009003012|1|2|36|01779796|067|H1|00974132|73000|C5|00979539|99999|99|99999999||||99999|99|99999999|73000|C5|00979539|000900|3|3012|9999|9|99999|99|99999999|999|99999|99|99999999|999999|9|99999|99|99999999|45060|1|532|99999|99999|9|999|99999|Y|N|86302|U|U|24|||||050|||||129|||||000303|A|13203|99999|99999|28590|00701|9150|0|3012|Block 3012|S||15|8|+43.0687889|-076.1256569|BK||99999
DHCST|NY|100|00|00|000|00|0212677|1000000US360670009003013|360670009003013|1|2|36|01779796|067|H1|00974132|73000|C5|00979539|99999|99|99999999||||99999|99|99999999|73000|C5|00979539|000900|3|3013|9999|9|99999|99|99999999|999|99999|99|99999999|999999|9|99999|99|99999999|45060|1|532|99999|99999|9|999|99999|Y|N|86302|U|U|24|||||050|||||129|||||000303|A|13203|99999|99999|28590|00701|35611|0|3013|Block 3013|S||88|43|+43.0698705|-076.1292200|BK||99999
DHCST|NY|100|00|00|000|00|0212678|1000000US360670009003014|360670009003014|1|2|36|01779796|067|H1|00974132|73000|C5|00979539|99999|99|99999999||||99999|99|99999999|73000|C5|00979539|000900|3|3014|9999|9|99999|99|99999999|999|99999|99|99999999|999999|9|99999|99|99999999|45060|1|532|99999|99999|9|999|99999|Y|N|86302|U|U|24|||||050|||||129|||||000302|A|13203|99999|99999|28590|00701|36742|0|3014|Block 3014|S||72|39|+43.0702455|-076.1311978|BK||99999
DHCST|NY|100|00|00|000|00|0212679|1000000US360670009003015|360670009003015|1|2|36|01779796|067|H1|00974132|73000|C5|00979539|99999|99|99999999||||99999|99|99999999|73000|C5|00979539|000900|3|3015|9999|9|99999|99|99999999|999|99999|99|99999999|999999|9|99999|99|99999999|45060|1|532|99999|99999|9|999|99999|Y|N|86302|U|U|24|||||050|||||129|||||000302|A|13203|99999|99999|28590|00701|17255|0|3015|Block 3015|S||36|18|+43.0708655|-076.1321310|BK||99999
DHCST|NY|100|00|00|000|00|0212680|1000000US360670010001000|360670010001000|1|2|36|01779796|067|H1|00974132|73000|C5|00979539|99999|99|99999999||||99999|99|99999999|73000|C5|00979539|001000|1|1000|9999|9|99999|99|99999999|999|99999|99|99999999|999999|9|99999|99|99999999|45060|1|532|99999|99999|9|999|99999|Y|N|86302|U|U|24|||||053|||||129|||||000308|A|13206|99999|99999|28590|00701|184707|0|1000|Block 1000|S||169|106|+43.0739496|-076.1026058|BK||99999
DHCST|NY|100|00|00|000|00|0212681|1000000US360670010001001|360670010001001|1|2|36|01779796|067|H1|00974132|73000|C5|00979539|99999|99|99999999||||99999|99|99999999|73000|C5|00979539|001000|1|1001|9999|9|99999|99|99999999|999|99999|99|99999999|999999|9|99999|99|99999999|45060|1|532|99999|99999|9|999|99999|Y|N|86302|U|U|24|||||053|||||129|||||000308|A|13206|99999|99999|28590|00701|32086|0|1001|Block 1001|S||102|49|+43.0722653|-076.1049202|BK||99999
DHCST|NY|100|00|00|000|00|0212682|1000000US360670010001002|360670010001002|1|2|36|01779796|067|H1|00974132|73000|C5|00979539|99999|99|99999999||||99999|99|99999999|73000|C5|00979539|001000|1|1002|9999|9|99999|99|99999999|999|99999|99|99999999|999999|9|99999|99|99999999|45060|1|532|99999|99999|9|999|99999|Y|N|86302|U|U|24|||||053|||||129|||||000308|A|13206|99999|99999|28590|00701|32261|0|1002|Block 1002|S||86|48|+43.0723285|-076.1036719|BK||99999
DHCST|NY|100|00|00|000|00|0212683|1000000US360670010001003|360670010001003|1|2|36|01779796|067|H1|00974132|73000|C5|00979539|99999|99|99999999||||99999|99|99999999|73000|C5|00979539|001000|1|1003|9999|9|99999|99|99999999|999|99999|99|99999999|999999|9|99999|99|99999999|45060|1|532|99999|99999|9|999|99999|Y|N|86302|U|U|24|||||053|||||129|||||000315|A|13206|99999|99999|28590|00701|46247|0|1003|Block 1003|S||179|124|+43.0699807|-076.1028407|BK||99999
DHCST|NY|100|00|00|000|00|0212684|1000000US360670010001004|360670010001004|1|2|36|01779796|067|H1|00974132|73000|C5|00979539|99999|99|99999999||||99999|99|99999999|73000|C5|00979539|001000|1|1004|9999|9|99999|99|99999999|999|99999|99|99999999|999999|9|99999|99|99999999|45060|1|532|99999|99999|9|999|99999|Y|N|86302|U|U|24|||||053|||||129|||||000315|A|13206|99999|99999|28590|00701|26305|0|1004|Block 1004|S||79|54|+43.0700806|-076.1007794|BK||99999
DHCST|NY|100|00|00|000|00|0212685|1000000US360670010001005|360670010001005|1|2|36|01779796|067|H1|00974132|73000|C5|00979539|99999|99|99999999||||99999|99|99999999|73000|C5|00979539|001000|1|1005|9999|9|99999|99|99999999|999|99999|99|99999999|999999|9|99999|99|99999999|45060|1|532|99999|99999|9|999|99999|Y|N|86302|U|U|24|||||053|||||129|||||000317|A|13206|99999|99999|28590|00701|17526|0|1005|Block 1005|S||56|30|+43.0698930|-076.0993946|BK||99999
DHCST|NY|100|00|00|000|00|0212686|1000000US360670010001006|360670010001006|1|2|36|01779796|067|H1|00974132|73000|C5|00979539|99999|99|99999999||||99999|99|99999999|73000|C5|00979539|001000|1|1006|9999|9|99999|99|99999999|999|99999|99|99999999|999999|9|99999|99|99999999|45060|1|532|99999|99999|9|999|99999|Y|N|86302|U|U|24|||||053|||||129|||||000317|A|13206|99999|99999|28590|00701|12597|0|1006|Block 1006|S||0|0|+43.0697570|-076.0979208|BK||99999
DHCST|NY|100|00|00|000|00|0212687|1000000US360670010001007|360670010001007|1|2|36|01779796|067|H1|00974132|73000|C5|00979539|99999|99|99999999||||99999|99|99999999|73000|C5|00979539|001000|1|1007|9999|9|99999|99|99999999|999|99999|99|99999999|999999|9|99999|99|99999999|45060|1|532|99999|99999|9|999|99999|Y|N|86302|U|U|24|||||053|||||129|||||000317|A|13206|99999|99999|28590|00701|6561|0|1007|Block 1007|S||0|0|+43.0698066|-076.0968959|BK||99999
DHCST|NY|100|00|00|000|00|0212688|1000000US360670010001008|360670010001008|1|2|36|01779796|067|H1|00974132|73000|C5|00979539|99999|99|99999999||||99999|99|99999999|73000|C5|00979539|001000|1|1008|9999|9|99999|99|99999999|999|99999|99|99999999|999999|9|99999|99|99999999|45060|1|532|99999|99999|9|999|99999|Y|N|86302|U|U|24|||||053|||||129|||||000315|A|13206|99999|99999|28590|00701|21588|0|1008|Block 1008|S||92|36|+43.0698903|-076.1047807|BK||99999
DHCST|NY|100|00|00|000|00|0212689|1000000US360670010002000|360670010002000|1|2|36|01779796|067|H1|00974132|73000|C5|00979539|99999|99|99999999||||99999|99|99999999|73000|C5|00979539|001000|2|2000|9999|9|99999|99|99999999|999|99999|99|99999999|999999|9|99999|99|99999999|45060|1|532|99999|99999|9|999|99999|Y|N|86302|U|U|24|||||053|||||129|||||000308|A|13206|99999|99999|28590|00701|28576|0|2000|Block 2000|S||117|71|+43.0722103|-076.1060927|BK||99999
DHCST|NY|100|00|00|000|00|0212690|1000000US360670010002001|360670010002001|1|2|36|01779796|067|H1|00974132|73000|C5|00979539|99999|99|99999999||||99999|99|99999999|73000|C5|00979539|001000|2|2001|9999|9|99999|99|99999999|999|99999|99|99999999|999999|9|99999|99|99999999|45060|1|532|99999|99999|9|999|99999|Y|N|86302|U|U|24|||||053|||||129|||||000308|A|13206|99999|99999|28590|00701|25930|0|2001|Block 2001|S||107|60|+43.0721618|-076.1071436|BK||99999
DHCST|NY|100|00|00|000|00|0212691|1000000US360670010002002|360670010002002|1|2|36|01779796|067|H1|00974132|73000|C5|00979539|99999|99|99999999||||99999|99|99999999|73000|C5|00979539|001000|2|2002|9999|9|99999|99|99999999|999|99999|99|99999999|999999|9|99999|99|99999999|45060|1|532|99999|99999|9|999|99999|Y|N|86302|U|U|24|||||053|||||129|||||000308|A|13206|99999|99999|28590|00701|26143|0|2002|Block 2002|S||113|51|+43.0721167|-076.1081477|BK||99999
DHCST|NY|100|00|00|000|00|0212692|1000000US360670010002003|360670010002003|1|2|36|01779796|067|H1|00974132|73000|C5|00979539|99999|99|99999999||||99999|99|99999999|73000|C5|00979539|001000|2|2003|9999|9|99999|99|99999999|999|99999|99|99999999|999999|9|99999|99|99999999|45060|1|532|99999|99999|9|999|99999|Y|N|86302|U|U|24|||||053|||||129|||||000308|A|13206|99999|99999|28590|00701|28601|0|2003|Block 2003|S||100|52|+43.0720904|-076.1092082|BK||99999
DHCST|NY|100|00|00|000|00|0212693|1000000US360670010002004|360670010002004|1|2|36|01779796|067|H1|00974132|73000|C5|00979539|99999|99|99999999||||99999|99|99999999|73000|C5|00979539|001000|2|2004|9999|9|99999|99|99999999|999|99999|99|99999999|999999|9|99999|99|99999999|45060|1|532|99999|99999|9|999|99999|Y|N|86302|U|U|24|||||053|||||129|||||000307|A|13206|99999|99999|28590|00701|26549|0|2004|Block 2004|S||102|49|+43.0720314|-076.1102763|BK||99999
DHCST|NY|100|00|00|000|00|0212694|1000000US360670010002005|360670010002005|1|2|36|01779796|067|H1|00974132|73000|C5|00979539|99999|99|99999999||||99999|99|99999999|73000|C5|00979539|001000|2|2005|9999|9|99999|99|99999999|999|99999|99|99999999|999999|9|99999|99|99999999|45060|1|532|99999|99999|9|999|99999|Y|N|86302|U|U|24|||||053|||||129|||||000307|A|13206|99999|99999|28590|00701|17275|0|2005|Block 2005|S||59|23|+43.0719972|-076.1111259|BK||99999
DHCST|NY|100|00|00|000|00|0212695|1000000US360670010002006|360670010002006|1|2|36|01779796|067|H1|00974132|73000|C5|00979539|99999|99|99999999||||99999|99|99999999|73000|C5|00979539|001000|2|2006|9999|9|99999|99|99999999|999|99999|99|99999999|999999|9|99999|99|99999999|45060|1|532|99999|99999|9|999|99999|Y|N|86302|U|U|24|||||053|||||129|||||000314|A|13206|99999|99999|28590|00701|26217|0|2006|Block 2006|S||125|74|+43.0695123|-076.1093386|BK||99999
DHCST|NY|100|00|00|000|00|0212696|1000000US360670010002007|360670010002007|1|2|36|01779796|067|H1|00974132|73000|C5|00979539|99999|99|99999999||||99999|99|99999999|73000|C5|00979539|001000|2|2007|9999|9|99999|99|99999999|999|99999|99|99999999|999999|9|99999|99|99999999|45060|1|532|99999|99999|9|999|99999|Y|N|86302|U|U|24|||||053|||||129|||||000314|A|13206|99999|99999|28590|00701|17567|0|2007|Block 2007|S||99|40|+43.0697309|-076.1080169|BK||99999
DHCST|NY|100|00|00|000|00|0212697|1000000US360670010002008|360670010002008|1|2|36|01779796|067|H1|00974132|73000|C5|00979539|99999|99|99999999||||99999|99|99999999|73000|C5|00979539|001000|2|2008|9999|9|99999|99|99999999|999|99999|99|99999999|999999|9|99999|99|99999999|45060|1|532|99999|99999|9|999|99999|Y|N|86302|U|U|24|||||053|||||129|||||000314|A|13206|99999|99999|28590|00701|17727|0|2008|Block 2008|S||70|28|+43.0697651|-076.1070059|BK||99999
DHCST|NY|100|00|00|000|00|0212698|1000000US360670010002009|360670010002009|1|2|36|01779796|067|H1|00974132|73000|C5|00979539|99999|99|99999999||||99999|99|99999999|73000|C5|00979539|001000|2|2009|9999|9|99999|99|99999999|999|99999|99|99999999|999999|9|99999|99|99999999|45060|1|532|99999|99999|9|999|99999|Y|N|86302|U|U|24|||||053|||||129|||||000314|A|13206|99999|99999|28590|00701|19105|0|2009|Block 2009|S||73|42|+43.0698191|-076.1059476|BK||99999
DHCST|NY|100|00|00|000|00|0212699|1000000US360670010002010|360670010002010|1|2|36|01779796|067|H1|00974132|73000|C5|00979539|99999|99|99999999||||99999|99|99999999|73000|C5|00979539|001000|2|2010|9999|9|99999|99|99999999|999|99999|99|99999999|999999|9|99999|99|99999999|45060|1|532|99999|99999|9|999|99999|Y|N|86302|U|U|24|||||053|||||129|||||000314|A|13206|99999|99999|28590|00701|10270|0|2010|Block 2010|S||41|25|+43.0700524|-076.1101179|BK||99999
DHCST|NY|100|00|00|000|00|0212700|1000000US360670010002011|360670010002011|1|2|36|01779796|067|H1|00974132|73000|C5|00979539|99999|99|99999999||||99999|99|99999999|73000|C5|00979539|001000|2|2011|9999|9|99999|99|99999999|999|99999|99|99999999|999999|9|99999|99|99999999|45060|1|532|99999|99999|9|999|99999|Y|N|86302|U|U|24|||||053|||||129|||||000307|A|13206|99999|99999|28590|00701|21974|0|2011|Block 2011|S||88|45|+43.0694446|-076.1112660|BK||99999
DHCST|NY|100|00|00|000|00|0212701|1000000US360670010002012|360670010002012|1|2|36|01779796|067|H1|00974132|73000|C5|00979539|99999|99|99999999||||99999|99|99999999|73000|C5|00979539|001000|2|2012|9999|9|99999|99|99999999|999|99999|99|99999999|999999|9|99999|99|99999999|45060|1|532|99999|99999|9|999|99999|Y|N|86302|U|U|24|||||053|||||129|||||000307|A|13206|99999|99999|28590|00701|11253|0|2012|Block 2012|S||46|24|+43.0708324|-076.1117097|BK||99999
DHCST|NY|100|00|00|000|00|0212702|1000000US360670010002013|360670010002013|1|2|36|01779796|067|H1|00974132|73000|C5|00979539|99999|99|99999999||||99999|99|99999999|73000|C5|00979539|001000|2|2013|9999|9|99999|99|99999999|999|99999|99|99999999|999999|9|99999|99|99999999|45060|1|532|99999|99999|9|999|99999|Y|N|86302|U|U|24|||||053|||||129|||||000307|A|13206|99999|99999|28590|00701|11327|0|2013|Block 2013|S||62|25|+43.0708033|-076.1124074|BK||99999
DHCST|NY|100|00|00|000|00|0212703|1000000US360670010002014|360670010002014|1|2|36|01779796|067|H1|00974132|73000|C5|00979539|99999|99|99999999||||99999|99|99999999|73000|C5|00979539|001000|2|2014|9999|9|99999|99|99999999|999|99999|99|99999999|999999|9|99999|99|99999999|45060|1|532|99999|99999|9|999|99999|Y|N|86302|U|U|24|||||053|||||129|||||000307|A|13206|99999|99999|28590|00701|16730|0|2014|Block 2014|S||57|32|+43.0692094|-076.1127586|BK||99999
DHCST|NY|100|00|00|000|00|0212704|1000000US360670010003000|360670010003000|1|2|36|01779796|067|H1|00974132|73000|C5|00979539|99999|99|99999999||||99999|99|99999999|73000|C5|00979539|001000|3|3000|9999|9|99999|99|99999999|999|99999|99|99999999|999999|9|99999|99|99999999|45060|1|532|99999|99999|9|999|99999|Y|N|86302|U|U|24|||||053|||||129|||||000308|A|13206|99999|99999|28590|00701|25328|0|3000|Block 3000|S||115|68|+43.0749100|-076.1062504|BK||99999
DHCST|NY|100|00|00|000|00|0212705|1000000US360670010003001|360670010003001|1|2|36|01779796|067|H1|00974132|73000|C5|00979539|99999|99|99999999||||99999|99|99999999|73000|C5|00979539|001000|3|3001|9999|9|99999|99|99999999|999|99999|99|99999999|999999|9|99999|99|99999999|45060|1|532|99999|99999|9|999|99999|Y|N|86302|U|U|24|||||053|||||129|||||000308|A|13206|99999|99999|28590|00701|23258|0|3001|Block 3001|S||77|32|+43.0748590|-076.1073018|BK||99999
DHCST|NY|100|00|00|000|00|0212706|1000000US360670010003002|360670010003002|1|2|36|01779796|067|H1|00974132|73000|C5|00979539|99999|99|99999999||||99999|99|99999999|73000|C5|00979539|001000|3|3002|9999|9|99999|99|99999999|999|99999|99|99999999|999999|9|99999|99|99999999|45060|1|532|99999|99999|9|999|99999|Y|N|86302|U|U|24|||||053|||||129|||||000308|A|13206|99999|99999|28590|00701|23040|0|3002|Block 3002|S||69|38|+43.0748122|-076.1083100|BK||99999
DHCST|NY|100|00|00|000|00|0212707|1000000US360670010003003|360670010003003|1|2|36|01779796|067|H1|00974132|73000|C5|00979539|99999|99|99999999||||99999|99|99999999|73000|C5|00979539|001000|3|3003|9999|9|99999|99|99999999|999|99999|99|99999999|999999|9|99999|99|99999999|45060|1|532|99999|99999|9|999|99999|Y|N|86302|U|U|24|||||053|||||129|||||000308|A|13206|99999|99999|28590|00701|26454|0|3003|Block 3003|S||73|33|+43.0747601|-076.1093916|BK||99999
DHCST|NY|100|00|00|000|00|0212708|1000000US360670010003004|360670010003004|1|2|36|01779796|067|H1|00974132|73000|C5|00979539|99999|99|99999999||||99999|99|99999999|73000|C5|00979539|001000|3|3004|9999|9|99999|99|99999999|999|99999|99|99999999|999999|9|99999|99|99999999|45060|1|532|99999|99999|9|999|99999|Y|N|86302|U|U|24|||||053|||||129|||||000308|A|13206|99999|99999|28590|00701|23620|0|3004|Block 3004|S||46|28|+43.0747127|-076.1104899|BK||99999
DHCST|NY|100|00|00|000|00|0212709|1000000US360670010003005|360670010003005|1|2|36|01779796|067|H1|00974132|73000|C5|00979539|99999|99|99999999||||99999|99|99999999|73000|C5|00979539|001000|3|3005|9999|9|99999|99|99999999|999|99999|99|99999999|999999|9|99999|99|99999999|45060|1|532|99999|99999|9|999|99999|Y|N|86302|U|U|24|||||053|||||129|||||000308|A|13206|99999|99999|28590|00701|16177|0|3005|Block 3005|S||80|46|+43.0746490|-076.1113638|BK||99999
DHCST|NY|100|00|00|000|00|0212710|1000000US360670010003006|360670010003006|1|2|36|01779796|067|H1|00974132|73000|C5|00979539|99999|99|99999999||||99999|99|99999999|73000|C5|00979539|001000|3|3006|9999|9|99999|99|99999999|999|99999|99|99999999|999999|9|99999|99|99999999|45060|1|532|99999|99999|9|999|99999|Y|N|86302|U|U|24|||||053|||||129|||||000308|A|13206|99999|99999|28590|00701|61269|0|3006|Block 3006|S||335|134|+43.0747212|-076.1132371|BK||99999
DHCST|NY|100|00|00|000|00|0212711|1000000US360670010003007|360670010003007|1|2|36|01779796|067|H1|00974132|73000|C5|00979539|99999|99|99999999||||99999|99|99999999|73000|C5|00979539|001000|3|3007|9999|9|99999|99|99999999|999|99999|99|99999999|999999|9|99999|99|99999999|45060|1|532|99999|99999|9|999|99999|Y|N|86302|U|U|24|||||053|||||129|||||000308|A|13206|99999|99999|28590|00701|1019|0|3007|Block 3007|S||0|0|+43.0756671|-076.1152007|BK||99999
DHCST|NY|100|00|00|000|00|0212712|1000000US360670010003008|360670010003008|1|2|36|01779796|067|H1|00974132|73000|C5|00979539|99999|99|99999999||||99999|99|99999999|73000|C5|00979539|001000|3|3008|9999|9|99999|99|99999999|999|99999|99|99999999|999999|9|99999|99|99999999|45060|1|532|99999|99999|9|999|99999|Y|N|86302|U|U|24|||||053|||||129|||||000308|A|13206|99999|99999|28590|00701|7848|0|3008|Block 3008|S||25|7|+43.0746263|-076.1151092|BK||99999
DHCST|NY|100|00|00|000|00|0212713|1000000US360670010003009|360670010003009|1|2|36|01779796|067|H1|00974132|73000|C5|00979539|99999|99|99999999||||99999|99|99999999|73000|C5|00979539|001000|3|3009|9999|9|99999|99|99999999|999|99999|99|99999999|999999|9|99999|99|99999999|45060|1|532|99999|99999|9|999|99999|Y|N|86302|U|U|24|||||053|||||129|||||000307|A|13206|99999|99999|28590|00701|11600|0|3009|Block 3009|S||67|29|+43.0725820|-076.1125739|BK||99999
DHCST|NY|100|00|00|000|00|0212714|1000000US360670010003010|360670010003010|1|2|36|01779796|067|H1|00974132|73000|C5|00979539|99999|99|99999999||||99999|99|99999999|73000|C5|00979539|001000|3|3010|9999|9|99999|99|99999999|999|99999|99|99999999|999999|9|99999|99|99999999|45060|1|532|99999|99999|9|999|99999|Y|N|86302|U|U|24|||||053|||||129|||||000308|A|13206|99999|99999|28590|00701|6257|0|3010|Block 3010|S||31|10|+43.0733744|-076.1134362|BK||99999
DHCST|NY|100|00|00|000|00|0212715|1000000US360670010003011|360670010003011|1|2|36|01779796|067|H1|00974132|73000|C5|00979539|99999|99|99999999||||99999|99|99999999|73000|C5|00979539|001000|3|3011|9999|9|99999|99|99999999|999|99999|99|99999999|999999|9|99999|99|99999999|45060|1|532|99999|99999|9|999|99999|Y|N|86302|U|U|24|||||053|||||129|||||000308|A|13206|99999|99999|28590|00701|7106|0|3011|Block 3011|S||39|6|+43.0733434|-076.1142986|BK||99999
DHCST|NY|100|00|00|000|00|0212716|1000000US360670010003012|360670010003012|1|2|36|01779796|067|H1|00974132|73000|C5|00979539|99999|99|99999999||||99999|99|99999999|73000|C5|00979539|001000|3|3012|9999|9|99999|99|99999999|999|99999|99|99999999|999999|9|99999|99|99999999|45060|1|532|99999|99999|9|999|99999|Y|N|86302|U|U|24|||||053|||||129|||||000307|A|13206|99999|99999|28590|00701|11293|0|3012|Block 3012|S||50|23|+43.0726163|-076.1118687|BK||99999
DHCST|NY|100|00|00|000|00|0212717|1000000US360670010003013|360670010003013|1|2|36|01779796|067|H1|00974132|73000|C5|00979539|99999|99|99999999||||99999|99|99999999|73000|C5|00979539|001000|3|3013|9999|9|99999|99|99999999|999|99999|99|99999999|999999|9|99999|99|99999999|45060|1|532|99999|99999|9|999|99999|Y|N|86302|U|U|24|||||053|||||129|||||000307|A|13206|99999|99999|28590|00701|23354|0|3013|Block 3013|S||115|55|+43.0714075|-076.1132370|BK||99999
DHCST|NY|100|00|00|000|00|0212718|1000000US360670010004000|360670010004000|1|2|36|01779796|067|H1|00974132|73000|C5|00979539|99999|99|99999999||||99999|99|99999999|73000|C5|00979539|001000|4|4000|9999|9|99999|99|99999999|999|99999|99|99999999|999999|9|99999|99|99999999|45060|1|532|99999|99999|9|999|99999|Y|N|86302|U|U|24|||||053|||||129|||||000307|A|13206|99999|99999|28590|00701|158183|0|4000|Block 4000|S||414|328|+43.0726868|-076.1159190|BK||99999
DHCST|NY|100|00|00|000|00|0212719|1000000US360670010004001|360670010004001|1|2|36|01779796|067|H1|00974132|73000|C5|00979539|99999|99|99999999||||99999|99|99999999|73000|C5|00979539|001000|4|4001|9999|9|99999|99|99999999|999|99999|99|99999999|999999|9|99999|99|99999999|45060|1|532|99999|99999|9|999|99999|Y|N|86302|U|U|24|||||053|||||129|||||000307|A|13206|99999|99999|28590|00701|24540|0|4001|Block 4001|S||155|113|+43.0714049|-076.1174528|BK||99999
DHCST|NY|100|00|00|000|00|0212720|1000000US360670010004002|360670010004002|1|2|36|01779796|067|H1|00974132|73000|C5|00979539|99999|99|99999999||||99999|99|99999999|73000|C5|00979539|001000|4|4002|9999|9|99999|99|99999999|999|99999|99|99999999|999999|9|99999|99|99999999|45060|1|532|99999|99999|9|999|99999|Y|N|86302|U|U|24|||||053|||||129|||||000307|A|13206|99999|99999|28590|00701|34019|0|4002|Block 4002|S||156|121|+43.0714128|-076.1192024|BK||99999
DHCST|NY|100|00|00|000|00|0212722|1000000US360670010004004|360670010004004|1|2|36|01779796|067|H1|00974132|73000|C5|00979539|99999|99|99999999||||99999|99|99999999|73000|C5|00979539|001000|4|4004|9999|9|99999|99|99999999|999|99999|99|99999999|999999|9|99999|99|99999999|45060|1|532|99999|99999|9|999|99999|Y|N|86302|U|U|24|||||053|||||129|||||000307|A|13206|99999|99999|28590|00701|5528|0|4004|Block 4004|S||0|0|+43.0727018|-076.1237159|BK||99999
DHCST|NY|100|00|00|000|00|0212723|1000000US360670010004005|360670010004005|1|2|36|01779796|067|H1|00974132|73000|C5|00979539|99999|99|99999999||||99999|99|99999999|73000|C5|00979539|001000|4|4005|9999|9|99999|99|99999999|999|99999|99|99999999|999999|9|99999|99|99999999|45060|1|532|99999|99999|9|999|99999|Y|N|86302|U|U|24|||||053|||||129|||||000307|A|13206|99999|99999|28590|00701|16821|0|4005|Block 4005|S||19|3|+43.0690535|-076.1141863|BK||99999
DHCST|NY|100|00|00|000|00|0212724|1000000US360670010004006|360670010004006|1|2|36|01779796|067|H1|00974132|73000|C5|00979539|99999|99|99999999||||99999|99|99999999|73000|C5|00979539|001000|4|4006|9999|9|99999|99|99999999|999|99999|99|99999999|999999|9|99999|99|99999999|45060|1|532|99999|99999|9|999|99999|Y|N|86302|U|U|24|||||053|||||129|||||000307|A|13206|99999|99999|28590|00701|31448|0|4006|Block 4006|S||125|82|+43.0697710|-076.1164903|BK||99999
DHCST|NY|100|00|00|000|00|0212725|1000000US360670014001000|360670014001000|1|2|36|01779796|067|H1|00974132|73000|C5|00979539|99999|99|99999999||||99999|99|99999999|73000|C5|00979539|001400|1|1000|9999|9|99999|99|99999999|999|99999|99|99999999|999999|9|99999|99|99999999|45060|1|532|99999|99999|9|999|99999|Y|N|86302|U|U|24|||||050|||||129|||||000295|A|13208|99999|99999|28590|00701|24442|0|1000|Block 1000|S||143|65|+43.0650728|-076.1447102|BK||99999
DHCST|NY|100|00|00|000|00|0212726|1000000US360670014001001|360670014001001|1|2|36|01779796|067|H1|00974132|73000|C5|00979539|99999|99|99999999||||99999|99|99999999|73000|C5|00979539|001400|1|1001|9999|9|99999|99|99999999|999|99999|99|99999999|999999|9|99999|99|99999999|45060|1|532|99999|99999|9|999|99999|Y|N|86302|U|U|24|||||050|||||129|||||000295|A|13208|99999|99999|28590|00701|30944|0|1001|Block 1001|S||236|81|+43.0642299|-076.1456159|BK||99999
DHCST|NY|100|00|00|000|00|0212727|1000000US360670014001002|360670014001002|1|2|36|01779796|067|H1|00974132|73000|C5|00979539|99999|99|99999999||||99999|99|99999999|73000|C5|00979539|001400|1|1002|9999|9|99999|99|99999999|999|99999|99|99999999|999999|9|99999|99|99999999|45060|1|532|99999|99999|9|999|99999|Y|N|86302|U|U|24|||||050|||||129|||||000295|A|13208|99999|99999|28590|00701|11144|0|1002|Block 1002|S||64|22|+43.0635643|-076.1440489|BK||99999
DHCST|NY|100|00|00|000|00|0212728|1000000US360670014001003|360670014001003|1|2|36|01779796|067|H1|00974132|73000|C5|00979539|99999|99|99999999||||99999|99|99999999|73000|C5|00979539|001400|1|1003|9999|9|99999|99|99999999|999|99999|99|99999999|999999|9|99999|99|99999999|45060|1|532|99999|99999|9|999|99999|Y|N|86302|U|U|24|||||050|||||129|||||000293|A|13208|99999|99999|28590|00701|44195|0|1003|Block 1003|S||185|62|+43.0629076|-076.1460619|BK||99999
DHCST|NY|100|00|00|000|00|0212729|1000000US360670014001004|360670014001004|1|2|36|01779796|067|H1|00974132|73000|C5|00979539|99999|99|99999999||||99999|99|99999999|73000|C5|00979539|001400|1|1004|9999|9|99999|99|99999999|999|99999|99|99999999|999999|9|99999|99|99999999|45060|1|532|99999|99999|9|999|99999|Y|N|86302|U|U|24|||||050|||||129|||||000293|A|13208|99999|99999|28590|00701|18569|0|1004|Block 1004|S||191|74|+43.0618778|-076.1483131|BK||99999
DHCST|NY|100|00|00|000|00|0212730|1000000US360670014001005|360670014001005|1|2|36|01779796|067|H1|00974132|73000|C5|00979539|99999|99|99999999||||99999|99|99999999|73000|C5|00979539|001400|1|1005|9999|9|99999|99|99999999|999|99999|99|99999999|999999|9|99999|99|99999999|45060|1|532|99999|99999|9|999|99999|Y|N|86302|U|U|24|||||050|||||129|||||000293|A|13208|99999|99999|28590|00701|16791|0|1005|Block 1005|S||135|37|+43.0618279|-076.1462845|BK||99999
DHCST|NY|100|00|00|000|00|0212731|1000000US360670014001006|360670014001006|1|2|36|01779796|067|H1|00974132|73000|C5|00979539|99999|99|99999999||||99999|99|99999999|73000|C5|00979539|001400|1|1006|9999|9|99999|99|99999999|999|99999|99|99999999|999999|9|99999|99|99999999|45060|1|532|99999|99999|9|999|99999|Y|N|86302|U|U|24|||||050|||||129|||||000293|A|13208|99999|99999|28590|00701|17061|0|1006|Block 1006|S||190|63|+43.0612038|-076.1467437|BK||99999
DHCST|NY|100|00|00|000|00|0212732|1000000US360670014001007|360670014001007|1|2|36|01779796|067|H1|00974132|73000|C5|00979539|99999|99|99999999||||99999|99|99999999|73000|C5|00979539|001400|1|1007|9999|9|99999|99|99999999|999|99999|99|99999999|999999|9|99999|99|99999999|45060|1|532|99999|99999|9|999|99999|Y|N|86302|U|U|24|||||050|||||129|||||000293|A|13208|99999|99999|28590|00701|17194|0|1007|Block 1007|S||117|50|+43.0605820|-076.1472890|BK||99999
DHCST|NY|100|00|00|000|00|0212733|1000000US360670014002000|360670014002000|1|2|36|01779796|067|H1|00974132|73000|C5|00979539|99999|99|99999999||||99999|99|99999999|73000|C5|00979539|001400|2|2000|9999|9|99999|99|99999999|999|99999|99|99999999|999999|9|99999|99|99999999|45060|1|532|99999|99999|9|999|99999|Y|N|86302|U|U|24|||||050|||||129|||||000293|A|13208|99999|99999|28590|00701|31510|0|2000|Block 2000|S||261|100|+43.0628759|-076.1487400|BK||99999
DHCST|NY|100|00|00|000|00|0212734|1000000US360670014002001|360670014002001|1|2|36|01779796|067|H1|00974132|73000|C5|00979539|99999|99|99999999||||99999|99|99999999|73000|C5|00979539|001400|2|2001|9999|9|99999|99|99999999|999|99999|99|99999999|999999|9|99999|99|99999999|45060|1|532|99999|99999|9|999|99999|Y|N|86302|U|U|24|||||050|||||129|||||000293|A|13208|99999|99999|28590|00701|30646|0|2001|Block 2001|S||281|105|+43.0632924|-076.1496282|BK||99999
DHCST|NY|100|00|00|000|00|0212735|1000000US360670014002002|360670014002002|1|2|36|01779796|067|H1|00974132|73000|C5|00979539|99999|99|99999999||||99999|99|99999999|73000|C5|00979539|001400|2|2002|9999|9|99999|99|99999999|999|99999|99|99999999|999999|9|99999|99|99999999|45060|1|532|99999|99999|9|999|99999|Y|N|86302|U|U|24|||||050|||||129|||||000293|A|13208|99999|99999|28590|00701|53365|0|2002|Block 2002|S||389|197|+43.0644834|-076.1509600|BK||99999
DHCST|NY|100|00|00|000|00|0212736|1000000US360670014002003|360670014002003|1|2|36|01779796|067|H1|00974132|73000|C5|00979539|99999|99|99999999||||99999|99|99999999|73000|C5|00979539|001400|2|2003|9999|9|99999|99|99999999|999|99999|99|99999999|999999|9|99999|99|99999999|45060|1|532|99999|99999|9|999|99999|Y|N|86302|U|U|24|||||050|||||129|||||000293|A|13208|99999|99999|28590|00701|24337|0|2003|Block 2003|S||213|86|+43.0631229|-076.1518899|BK||99999
DHCST|NY|100|00|00|000|00|0212737|1000000US360670014003000|360670014003000|1|2|36|01779796|067|H1|00974132|73000|C5|00979539|99999|99|99999999||||99999|99|99999999|73000|C5|00979539|001400|3|3000|9999|9|99999|99|99999999|999|99999|99|99999999|999999|9|99999|99|99999999|45060|1|532|99999|99999|9|999|99999|Y|N|86302|U|U|24|||||050|||||129|||||000295|A|13208|99999|99999|28590|00701|8074|0|3000|Block 3000|S||79|25|+43.0658227|-076.1465328|BK||99999
DHCST|NY|100|00|00|000|00|0212738|1000000US360670014003001|360670014003001|1|2|36|01779796|067|H1|00974132|73000|C5|00979539|99999|99|99999999||||99999|99|99999999|73000|C5|00979539|001400|3|3001|9999|9|99999|99|99999999|999|99999|99|99999999|999999|9|99999|99|99999999|45060|1|532|99999|99999|9|999|99999|Y|N|86302|U|U|24|||||050|||||129|||||000295|A|13208|99999|99999|28590|00701|13982|0|3001|Block 3001|S||110|35|+43.0663279|-076.1477780|BK||99999
DHCST|NY|100|00|00|000|00|0212739|1000000US360670014003002|360670014003002|1|2|36|01779796|067|H1|00974132|73000|C5|00979539|99999|99|99999999||||99999|99|99999999|73000|C5|00979539|001400|3|3002|9999|9|99999|99|99999999|999|99999|99|99999999|999999|9|99999|99|99999999|45060|1|532|99999|99999|9|999|99999|Y|N|86302|U|U|24|||||050|||||129|||||000295|A|13208|99999|99999|28590|00701|7779|0|3002|Block 3002|S||77|23|+43.0668282|-076.1489914|BK||99999
DHCST|NY|100|00|00|000|00|0212740|1000000US360670014003003|360670014003003|1|2|36|01779796|067|H1|00974132|73000|C5|00979539|99999|99|99999999||||99999|99|99999999|73000|C5|00979539|001400|3|3003|9999|9|99999|99|99999999|999|99999|99|99999999|999999|9|99999|99|99999999|45060|1|532|99999|99999|9|999|99999|Y|N|86302|U|U|24|||||050|||||129|||||000295|A|13208|99999|99999|28590|00701|8902|0|3003|Block 3003|S||120|27|+43.0671990|-076.1499044|BK||99999
DHCST|NY|100|00|00|000|00|0212741|1000000US360670014003004|360670014003004|1|2|36|01779796|067|H1|00974132|73000|C5|00979539|99999|99|99999999||||99999|99|99999999|73000|C5|00979539|001400|3|3004|9999|9|99999|99|99999999|999|99999|99|99999999|999999|9|99999|99|99999999|45060|1|532|99999|99999|9|999|99999|Y|N|86302|U|U|24|||||050|||||129|||||000295|A|13208|99999|99999|28590|00701|25672|0|3004|Block 3004|S||171|66|+43.0661019|-076.1499298|BK||99999
DHCST|NY|100|00|00|000|00|0212742|1000000US360670014003005|360670014003005|1|2|36|01779796|067|H1|00974132|73000|C5|00979539|99999|99|99999999||||99999|99|99999999|73000|C5|00979539|001400|3|3005|9999|9|99999|99|99999999|999|99999|99|99999999|999999|9|99999|99|99999999|45060|1|532|99999|99999|9|999|99999|Y|N|86302|U|U|24|||||050|||||129|||||000295|A|13208|99999|99999|28590|00701|6839|0|3005|Block 3005|S||80|36|+43.0653834|-076.1495856|BK||99999
DHCST|NY|100|00|00|000|00|0212743|1000000US360670014003006|360670014003006|1|2|36|01779796|067|H1|00974132|73000|C5|00979539|99999|99|99999999||||99999|99|99999999|73000|C5|00979539|001400|3|3006|9999|9|99999|99|99999999|999|99999|99|99999999|999999|9|99999|99|99999999|45060|1|532|99999|99999|9|999|99999|Y|N|86302|U|U|24|||||050|||||129|||||000295|A|13208|99999|99999|28590|00701|12159|0|3006|Block 3006|S||92|32|+43.0652650|-076.1481584|BK||99999
DHCST|NY|100|00|00|000|00|0212744|1000000US360670014003007|360670014003007|1|2|36|01779796|067|H1|00974132|73000|C5|00979539|99999|99|99999999||||99999|99|99999999|73000|C5|00979539|001400|3|3007|9999|9|99999|99|99999999|999|99999|99|99999999|999999|9|99999|99|99999999|45060|1|532|99999|99999|9|999|99999|Y|N|86302|U|U|24|||||050|||||129|||||000295|A|13208|99999|99999|28590|00701|12076|0|3007|Block 3007|S||91|38|+43.0648919|-076.1472410|BK||99999
DHCST|NY|100|00|00|000|00|0212745|1000000US360670015001000|360670015001000|1|2|36|01779796|067|H1|00974132|73000|C5|00979539|99999|99|99999999||||99999|99|99999999|73000|C5|00979539|001500|1|1000|9999|9|99999|99|99999999|999|99999|99|99999999|999999|9|99999|99|99999999|45060|1|532|99999|99999|9|999|99999|Y|N|86302|U|U|24|||||050|||||129|||||000304|A|13203|99999|99999|28590|00701|10896|0|1000|Block 1000|S||81|29|+43.0638514|-076.1344486|BK||99999
DHCST|NY|100|00|00|000|00|0212746|1000000US360670015001001|360670015001001|1|2|36|01779796|067|H1|00974132|73000|C5|00979539|99999|99|99999999||||99999|99|99999999|73000|C5|00979539|001500|1|1001|9999|9|99999|99|99999999|999|99999|99|99999999|999999|9|99999|99|99999999|45060|1|532|99999|99999|9|999|99999|Y|N|86302|U|U|24|||||050|||||129|||||000304|A|13203|99999|99999|28590|00701|10903|0|1001|Block 1001|S||65|29|+43.0638041|-076.1355595|BK||99999
DHCST|NY|100|00|00|000|00|0212747|1000000US360670015001002|360670015001002|1|2|36|01779796|067|H1|00974132|73000|C5|00979539|99999|99|99999999||||99999|99|99999999|73000|C5|00979539|001500|1|1002|9999|9|99999|99|99999999|999|99999|99|99999999|999999|9|99999|99|99999999|45060|1|532|99999|99999|9|999|99999|Y|N|86302|U|U|24|||||050|||||129|||||000304|A|13203|99999|99999|28590|00701|12028|0|1002|Block 1002|S||54|24|+43.0637517|-076.1367247|BK||99999
DHCST|NY|100|00|00|000|00|0212748|1000000US360670015001003|360670015001003|1|2|36|01779796|067|H1|00974132|73000|C5|00979539|99999|99|99999999||||99999|99|99999999|73000|C5|00979539|001500|1|1003|9999|9|99999|99|99999999|999|99999|99|99999999|999999|9|99999|99|99999999|45060|1|532|99999|99999|9|999|99999|Y|N|86302|U|U|24|||||050|||||129|||||000300|A|13203|99999|99999|28590|00701|12065|0|1003|Block 1003|S||60|27|+43.0637023|-076.1379388|BK||99999
DHCST|NY|100|00|00|000|00|0212749|1000000US360670015001004|360670015001004|1|2|36|01779796|067|H1|00974132|73000|C5|00979539|99999|99|99999999||||99999|99|99999999|73000|C5|00979539|001500|1|1004|9999|9|99999|99|99999999|999|99999|99|99999999|999999|9|99999|99|99999999|45060|1|532|99999|99999|9|999|99999|Y|N|86302|U|U|24|||||050|||||129|||||000300|A|13203|99999|99999|28590|00701|43227|0|1004|Block 1004|S||225|105|+43.0626692|-076.1387419|BK||99999
DHCST|NY|100|00|00|000|00|0212750|1000000US360670015001005|360670015001005|1|2|36|01779796|067|H1|00974132|73000|C5|00979539|99999|99|99999999||||99999|99|99999999|73000|C5|00979539|001500|1|1005|9999|9|99999|99|99999999|999|99999|99|99999999|999999|9|99999|99|99999999|45060|1|532|99999|99999|9|999|99999|Y|N|86302|U|U|24|||||050|||||129|||||000304|A|13203|99999|99999|28590|00701|48005|0|1005|Block 1005|S||176|77|+43.0623113|-076.1347320|BK||99999
DHCST|NY|100|00|00|000|00|0212751|1000000US360670015001006|360670015001006|1|2|36|01779796|067|H1|00974132|73000|C5|00979539|99999|99|99999999||||99999|99|99999999|73000|C5|00979539|001500|1|1006|9999|9|99999|99|99999999|999|99999|99|99999999|999999|9|99999|99|99999999|45060|1|532|99999|99999|9|999|99999|Y|N|86302|U|U|24|||||050|||||129|||||000300|A|13203|99999|99999|28590|00701|30804|0|1006|Block 1006|S||99|40|+43.0608636|-076.1371741|BK||99999
DHCST|NY|100|00|00|000|00|0212752|1000000US360670015001007|360670015001007|1|2|36|01779796|067|H1|00974132|73000|C5|00979539|99999|99|99999999||||99999|99|99999999|73000|C5|00979539|001500|1|1007|9999|9|99999|99|99999999|999|99999|99|99999999|999999|9|99999|99|99999999|45060|1|532|99999|99999|9|999|99999|Y|N|86302|U|U|24|||||050|||||129|||||000300|A|13203|99999|99999|28590|00701|21186|0|1007|Block 1007|S||102|48|+43.0616534|-076.1377758|BK||99999
DHCST|NY|100|00|00|000|00|0212753|1000000US360670015001008|360670015001008|1|2|36|01779796|067|H1|00974132|73000|C5|00979539|99999|99|99999999||||99999|99|99999999|73000|C5|00979539|001500|1|1008|9999|9|99999|99|99999999|999|99999|99|99999999|999999|9|99999|99|99999999|45060|1|532|99999|99999|9|999|99999|Y|N|86302|U|U|24|||||050|||||129|||||000300|A|13203|99999|99999|28590|00701|22201|0|1008|Block 1008|S||112|66|+43.0618069|-076.1398461|BK||99999
DHCST|NY|100|00|00|000|00|0212754|1000000US360670015001009|360670015001009|1|2|36|01779796|067|H1|00974132|73000|C5|00979539|99999|99|99999999||||99999|99|99999999|73000|C5|00979539|001500|1|1009|9999|9|99999|99|99999999|999|99999|99|99999999|999999|9|99999|99|99999999|45060|1|532|99999|99999|9|999|99999|Y|N|86302|U|U|24|||||050|||||129|||||000323|A|13203|99999|99999|28590|00701|7814|0|1009|Block 1009|S||77|32|+43.0610152|-076.1406805|BK||99999
DHCST|NY|100|00|00|000|00|0212755|1000000US360670015001010|360670015001010|1|2|36|01779796|067|H1|00974132|73000|C5|00979539|99999|99|99999999||||99999|99|99999999|73000|C5|00979539|001500|1|1010|9999|9|99999|99|99999999|999|99999|99|99999999|999999|9|99999|99|99999999|45060|1|532|99999|99999|9|999|99999|Y|N|86302|U|U|24|||||050|||||129|||||000323|A|13203|99999|99999|28590|00701|17268|0|1010|Block 1010|S||101|45|+43.0605266|-076.1401379|BK||99999
DHCST|NY|100|00|00|000|00|0212756|1000000US360670015001011|360670015001011|1|2|36|01779796|067|H1|00974132|73000|C5|00979539|99999|99|99999999||||99999|99|99999999|73000|C5|00979539|001500|1|1011|9999|9|99999|99|99999999|999|99999|99|99999999|999999|9|99999|99|99999999|45060|1|532|99999|99999|9|999|99999|Y|N|86302|U|U|24|||||050|||||129|||||000323|A|13203|99999|99999|28590|00701|26622|0|1011|Block 1011|S||117|58|+43.0597176|-076.1394289|BK||99999
DHCST|NY|100|00|00|000|00|0212757|1000000US360670015001012|360670015001012|1|2|36|01779796|067|H1|00974132|73000|C5|00979539|99999|99|99999999||||99999|99|99999999|73000|C5|00979539|001500|1|1012|9999|9|99999|99|99999999|999|99999|99|99999999|999999|9|99999|99|99999999|45060|1|532|99999|99999|9|999|99999|Y|N|86302|U|U|24|||||050|||||129|||||000323|A|13203|99999|99999|28590|00701|57659|0|1012|Block 1012|S||0|0|+43.0582472|-076.1414784|BK||99999
DHCST|NY|100|00|00|000|00|0212758|1000000US360670015001013|360670015001013|1|2|36|01779796|067|H1|00974132|73000|C5|00979539|99999|99|99999999||||99999|99|99999999|73000|C5|00979539|001500|1|1013|9999|9|99999|99|99999999|999|99999|99|99999999|999999|9|99999|99|99999999|45060|1|532|99999|99999|9|999|99999|Y|N|86302|U|U|24|||||050|||||129|||||000323|A|13203|99999|99999|28590|00701|4545|0|1013|Block 1013|S||0|0|+43.0599040|-076.1414935|BK||99999
DHCST|NY|100|00|00|000|00|0212759|1000000US360670015001014|360670015001014|1|2|36|01779796|067|H1|00974132|73000|C5|00979539|99999|99|99999999||||99999|99|99999999|73000|C5|00979539|001500|1|1014|9999|9|99999|99|99999999|999|99999|99|99999999|999999|9|99999|99|99999999|45060|1|532|99999|99999|9|999|99999|Y|N|86302|U|U|24|||||050|||||129|||||000323|A|13203|99999|99999|28590|00701|13639|0|1014|Block 1014|S||105|40|+43.0600120|-076.1426973|BK||99999
DHCST|NY|100|00|00|000|00|0212760|1000000US360670015001015|360670015001015|1|2|36|01779796|067|H1|00974132|73000|C5|00979539|99999|99|99999999||||99999|99|99999999|73000|C5|00979539|001500|1|1015|9999|9|99999|99|99999999|999|99999|99|99999999|999999|9|99999|99|99999999|45060|1|532|99999|99999|9|999|99999|Y|N|86302|U|U|24|||||050|||||129|||||000323|A|13203|99999|99999|28590|00701|7802|0|1015|Block 1015|S||52|19|+43.0594200|-076.1422095|BK||99999
DHCST|NY|100|00|00|000|00|0212761|1000000US360670015001016|360670015001016|1|2|36|01779796|067|H1|00974132|73000|C5|00979539|99999|99|99999999||||99999|99|99999999|73000|C5|00979539|001500|1|1016|9999|9|99999|99|99999999|999|99999|99|99999999|999999|9|99999|99|99999999|45060|1|532|99999|99999|9|999|99999|Y|N|86302|U|U|24|||||050|||||129|||||000323|A|13203|99999|99999|28590|00701|10328|0|1016|Block 1016|S||68|31|+43.0588351|-076.1435678|BK||99999
DHCST|NY|100|00|00|000|00|0212762|1000000US360670015002000|360670015002000|1|2|36|01779796|067|H1|00974132|73000|C5|00979539|99999|99|99999999||||99999|99|99999999|73000|C5|00979539|001500|2|2000|9999|9|99999|99|99999999|999|99999|99|99999999|999999|9|99999|99|99999999|45060|1|532|99999|99999|9|999|99999|Y|N|86302|U|U|24|||||050|||||129|||||000300|A|13203|99999|99999|28590|00701|9457|0|2000|Block 2000|S||98|30|+43.0635839|-076.1400267|BK||99999
DHCST|NY|100|00|00|000|00|0212763|1000000US360670015002001|360670015002001|1|2|36|01779796|067|H1|00974132|73000|C5|00979539|99999|99|99999999||||99999|99|99999999|73000|C5|00979539|001500|2|2001|9999|9|99999|99|99999999|999|99999|99|99999999|999999|9|99999|99|99999999|45060|1|532|99999|99999|9|999|99999|Y|N|86302|U|U|24|||||050|||||129|||||000300|A|13203|99999|99999|28590|00701|9617|0|2001|Block 2001|S||120|28|+43.0635419|-076.1410107|BK||99999
DHCST|NY|100|00|00|000|00|0212764|1000000US360670015002002|360670015002002|1|2|36|01779796|067|H1|00974132|73000|C5|00979539|99999|99|99999999||||99999|99|99999999|73000|C5|00979539|001500|2|2002|9999|9|99999|99|99999999|999|99999|99|99999999|999999|9|99999|99|99999999|45060|1|532|99999|99999|9|999|99999|Y|N|86302|U|U|24|||||050|||||129|||||000300|A|13203|99999|99999|28590|00701|15386|0|2002|Block 2002|S||123|39|+43.0634431|-076.1423202|BK||99999
DHCST|NY|100|00|00|000|00|0212765|1000000US360670015002003|360670015002003|1|2|36|01779796|067|H1|00974132|73000|C5|00979539|99999|99|99999999||||99999|99|99999999|73000|C5|00979539|001500|2|2003|9999|9|99999|99|99999999|999|99999|99|99999999|999999|9|99999|99|99999999|45060|1|532|99999|99999|9|999|99999|Y|N|86302|U|U|24|||||050|||||129|||||000300|A|13208|99999|99999|28590|00701|4842|0|2003|Block 2003|S||31|8|+43.0634275|-076.1433490|BK||99999
DHCST|NY|100|00|00|000|00|0212766|1000000US360670015002004|360670015002004|1|2|36|01779796|067|H1|00974132|73000|C5|00979539|99999|99|99999999||||99999|99|99999999|73000|C5|00979539|001500|2|2004|9999|9|99999|99|99999999|999|99999|99|99999999|999999|9|99999|99|99999999|45060|1|532|99999|99999|9|999|99999|Y|N|86302|U|U|24|||||050|||||129|||||000300|A|13203|99999|99999|28590|00701|24972|0|2004|Block 2004|S||171|55|+43.0624048|-076.1428061|BK||99999
DHCST|NY|100|00|00|000|00|0212767|1000000US360670015002005|360670015002005|1|2|36|01779796|067|H1|00974132|73000|C5|00979539|99999|99|99999999||||99999|99|99999999|73000|C5|00979539|001500|2|2005|9999|9|99999|99|99999999|999|99999|99|99999999|999999|9|99999|99|99999999|45060|1|532|99999|99999|9|999|99999|Y|N|86302|U|U|24|||||050|||||129|||||000300|A|13203|99999|99999|28590|00701|7435|0|2005|Block 2005|S||56|24|+43.0616703|-076.1418637|BK||99999
DHCST|NY|100|00|00|000|00|0212768|1000000US360670015002006|360670015002006|1|2|36|01779796|067|H1|00974132|73000|C5|00979539|99999|99|99999999||||99999|99|99999999|73000|C5|00979539|001500|2|2006|9999|9|99999|99|99999999|999|99999|99|99999999|999999|9|99999|99|99999999|45060|1|532|99999|99999|9|999|99999|Y|N|86302|U|U|24|||||050|||||129|||||000323|A|13203|99999|99999|28590|00701|8249|0|2006|Block 2006|S||84|23|+43.0608552|-076.1418745|BK||99999
DHCST|NY|100|00|00|000|00|0212769|1000000US360670015002007|360670015002007|1|2|36|01779796|067|H1|00974132|73000|C5|00979539|99999|99|99999999||||99999|99|99999999|73000|C5|00979539|001500|2|2007|9999|9|99999|99|99999999|999|99999|99|99999999|999999|9|99999|99|99999999|45060|1|532|99999|99999|9|999|99999|Y|N|86302|U|U|24|||||050|||||129|||||000323|A|13203|99999|99999|28590|00701|16257|0|2007|Block 2007|S||157|48|+43.0615545|-076.1435622|BK||99999
DHCST|NY|100|00|00|000|00|0212770|1000000US360670015002008|360670015002008|1|2|36|01779796|067|H1|00974132|73000|C5|00979539|99999|99|99999999||||99999|99|99999999|73000|C5|00979539|001500|2|2008|9999|9|99999|99|99999999|999|99999|99|99999999|999999|9|99999|99|99999999|45060|1|532|99999|99999|9|999|99999|Y|N|86302|U|U|24|||||050|||||129|||||000323|A|13203|99999|99999|28590|00701|13132|0|2008|Block 2008|S||158|55|+43.0603524|-076.1447203|BK||99999
DHCST|NY|100|00|00|000|00|0212771|1000000US360670015002009|360670015002009|1|2|36|01779796|067|H1|00974132|73000|C5|00979539|99999|99|99999999||||99999|99|99999999|73000|C5|00979539|001500|2|2009|9999|9|99999|99|99999999|999|99999|99|99999999|999999|9|99999|99|99999999|45060|1|532|99999|99999|9|999|99999|Y|N|86302|U|U|24|||||050|||||129|||||000323|A|13208|99999|99999|28590|00701|18268|0|2009|Block 2009|S||66|30|+43.0603391|-076.1455421|BK||99999
DHCST|NY|100|00|00|000|00|0212772|1000000US360670015002010|360670015002010|1|2|36|01779796|067|H1|00974132|73000|C5|00979539|99999|99|99999999||||99999|99|99999999|73000|C5|00979539|001500|2|2010|9999|9|99999|99|99999999|999|99999|99|99999999|999999|9|99999|99|99999999|45060|1|532|99999|99999|9|999|99999|Y|N|86302|U|U|24|||||050|||||129|||||000323|A|13203|99999|99999|28590|00701|27382|0|2010|Block 2010|S||223|73|+43.0598775|-076.1440529|BK||99999
DHCST|NY|100|00|00|000|00|0212773|1000000US360670016001000|360670016001000|1|2|36|01779796|067|H1|00974132|73000|C5|00979539|99999|99|99999999||||99999|99|99999999|73000|C5|00979539|001600|1|1000|9999|9|99999|99|99999999|999|99999|99|99999999|999999|9|99999|99|99999999|45060|1|532|99999|99999|9|999|99999|Y|N|86302|U|U|24|||||050|||||129|||||000304|A|13203|99999|99999|28590|00701|64521|0|1000|Block 1000|S||218|191|+43.0607464|-076.1336463|BK||99999
DHCST|NY|100|00|00|000|00|0212774|1000000US360670016001001|360670016001001|1|2|36|01779796|067|H1|00974132|73000|C5|00979539|99999|99|99999999||||99999|99|99999999|73000|C5|00979539|001600|1|1001|9999|9|99999|99|99999999|999|99999|99|99999999|999999|9|99999|99|99999999|45060|1|532|99999|99999|9|999|99999|Y|N|86302|U|U|24|||||050|||||129|||||000324|A|13203|99999|99999|28590|00701|82358|0|1001|Block 1001|S||531|380|+43.0589611|-076.1372859|BK||99999
DHCST|NY|100|00|00|000|00|0212775|1000000US360670016001002|360670016001002|1|2|36|01779796|067|H1|00974132|73000|C5|00979539|99999|99|99999999||||99999|99|99999999|73000|C5|00979539|001600|1|1002|9999|9|99999|99|99999999|999|99999|99|99999999|999999|9|99999|99|99999999|45060|1|532|99999|99999|9|999|99999|Y|N|86302|U|U|24|||||050|||||129|||||000323|A|13203|99999|99999|28590|00701|20163|0|1002|Block 1002|S||0|0|+43.0571182|-076.1399848|BK||99999
DHCST|NY|100|00|00|000|00|0212776|1000000US360670016001003|360670016001003|1|2|36|01779796|067|H1|00974132|73000|C5|00979539|99999|99|99999999||||99999|99|99999999|73000|C5|00979539|001600|1|1003|9999|9|99999|99|99999999|999|99999|99|99999999|999999|9|99999|99|99999999|45060|1|532|99999|99999|9|999|99999|Y|N|86302|U|U|24|||||053|||||129|||||000325|A|13203|99999|99999|28590|00701|109395|0|1003|Block 1003|S||622|207|+43.0570928|-076.1366178|BK||99999
DHCST|NY|100|00|00|000|00|0212777|1000000US360670016001004|360670016001004|1|2|36|01779796|067|H1|00974132|73000|C5|00979539|99999|99|99999999||||99999|99|99999999|73000|C5|00979539|001600|1|1004|9999|9|99999|99|99999999|999|99999|99|99999999|999999|9|99999|99|99999999|45060|1|532|99999|99999|9|999|99999|Y|N|86302|U|U|24|||||053|||||129|||||000325|A|13203|99999|99999|28590|00701|88687|0|1004|Block 1004|S||385|146|+43.0592568|-076.1318463|BK||99999
DHCST|NY|100|00|00|000|00|0212778|1000000US360670016002000|360670016002000|1|2|36|01779796|067|H1|00974132|73000|C5|00979539|99999|99|99999999||||99999|99|99999999|73000|C5|00979539|001600|2|2000|9999|9|99999|99|99999999|999|99999|99|99999999|999999|9|99999|99|99999999|45060|1|532|99999|99999|9|999|99999|Y|N|86302|U|U|24|||||050|||||129|||||000323|A|13203|99999|99999|28590|00701|25993|0|2000|Block 2000|S||398|368|+43.0560038|-076.1421816|BK||99999
DHCST|NY|100|00|00|000|00|0212779|1000000US360670016002001|360670016002001|1|2|36|01779796|067|H1|00974132|73000|C5|00979539|99999|99|99999999||||99999|99|99999999|73000|C5|00979539|001600|2|2001|9999|9|99999|99|99999999|999|99999|99|99999999|999999|9|99999|99|99999999|45060|1|532|99999|99999|9|999|99999|Y|N|86302|U|U|24|||||050|||||129|||||000323|A|13203|99999|99999|28590|00701|14989|0|2001|Block 2001|S||67|51|+43.0550519|-076.1441634|BK||99999
DHCST|NY|100|00|00|000|00|0212780|1000000US360670016002002|360670016002002|1|2|36|01779796|067|H1|00974132|73000|C5|00979539|99999|99|99999999||||99999|99|99999999|73000|C5|00979539|001600|2|2002|9999|9|99999|99|99999999|999|99999|99|99999999|999999|9|99999|99|99999999|45060|1|532|99999|99999|9|999|99999|Y|N|86302|U|U|24|||||053|||||129|||||000321|A|13203|99999|99999|28590|00701|22864|0|2002|Block 2002|S||244|177|+43.0540065|-076.1432376|BK||99999
DHCST|NY|100|00|00|000|00|0212781|1000000US360670016002003|360670016002003|1|2|36|01779796|067|H1|00974132|73000|C5|00979539|99999|99|99999999||||99999|99|99999999|73000|C5|00979539|001600|2|2003|9999|9|99999|99|99999999|999|99999|99|99999999|999999|9|99999|99|99999999|45060|1|532|99999|99999|9|999|99999|Y|N|86302|U|U|24|||||053|||||129|||||000321|A|13203|99999|99999|28590|00701|30607|0|2003|Block 2003|S||385|308|+43.0552928|-076.1413034|BK||99999
DHCST|NY|100|00|00|000|00|0212782|1000000US360670016002004|360670016002004|1|2|36|01779796|067|H1|00974132|73000|C5|00979539|99999|99|99999999||||99999|99|99999999|73000|C5|00979539|001600|2|2004|9999|9|99999|99|99999999|999|99999|99|99999999|999999|9|99999|99|99999999|45060|1|532|99999|99999|9|999|99999|Y|N|86302|U|U|24|||||053|||||129|||||000321|A|13203|99999|99999|28590|00701|15913|0|2004|Block 2004|S||132|93|+43.0550369|-076.1395418|BK||99999
DHCST|NY|100|00|00|000|00|0212783|1000000US360670016002005|360670016002005|1|2|36|01779796|067|H1|00974132|73000|C5|00979539|99999|99|99999999||||99999|99|99999999|73000|C5|00979539|001600|2|2005|9999|9|99999|99|99999999|999|99999|99|99999999|999999|9|99999|99|99999999|45060|1|532|99999|99999|9|999|99999|Y|N|86302|U|U|24|||||053|||||129|||||000321|A|13203|99999|99999|28590|00701|18030|0|2005|Block 2005|S||105|50|+43.0542005|-076.1412632|BK||99999
DHCST|NY|100|00|00|000|00|0212784|1000000US360670016002006|360670016002006|1|2|36|01779796|067|H1|00974132|73000|C5|00979539|99999|99|99999999||||99999|99|99999999|73000|C5|00979539|001600|2|2006|9999|9|99999|99|99999999|999|99999|99|99999999|999999|9|99999|99|99999999|45060|1|532|99999|99999|9|999|99999|Y|N|86302|U|U|24|||||053|||||129|||||000321|A|13203|99999|99999|28590|00701|16789|0|2006|Block 2006|S||62|23|+43.0527840|-076.1429349|BK||99999
DHCST|NY|100|00|00|000|00|0212785|1000000US360670016002007|360670016002007|1|2|36|01779796|067|H1|00974132|73000|C5|00979539|99999|99|99999999||||99999|99|99999999|73000|C5|00979539|001600|2|2007|9999|9|99999|99|99999999|999|99999|99|99999999|999999|9|99999|99|99999999|45060|1|532|99999|99999|9|999|99999|Y|N|86302|U|U|24|||||053|||||129|||||000321|A|13203|99999|99999|28590|00701|16558|0|2007|Block 2007|S||62|52|+43.0528071|-076.1446525|BK||99999
DHCST|NY|100|00|00|000|00|0212786|1000000US360670016002008|360670016002008|1|2|36|01779796|067|H1|00974132|73000|C5|00979539|99999|99|99999999||||99999|99|99999999|73000|C5|00979539|001600|2|2008|9999|9|99999|99|99999999|999|99999|99|99999999|999999|9|99999|99|99999999|45060|1|532|99999|99999|9|999|99999|Y|N|86302|U|U|24|||||053|||||129|||||000321|A|13203|99999|99999|28590|00701|11045|0|2008|Block 2008|S||0|0|+43.0536759|-076.1448125|BK||99999
DHCST|NY|100|00|00|000|00|0212787|1000000US360670016002009|360670016002009|1|2|36|01779796|067|H1|00974132|73000|C5|00979539|99999|99|99999999||||99999|99|99999999|73000|C5|00979539|001600|2|2009|9999|9|99999|99|99999999|999|99999|99|99999999|999999|9|99999|99|99999999|45060|1|532|99999|99999|9|999|99999|Y|N|86302|U|U|24|||||053|||||129|||||000321|A|13203|99999|99999|28590|00701|1210|0|2009|Block 2009|S||9|1|+43.0527418|-076.1455341|BK||99999
DHCST|NY|100|00|00|000|00|0212788|1000000US360670016002010|360670016002010|1|2|36|01779796|067|H1|00974132|73000|C5|00979539|99999|99|99999999||||99999|99|99999999|73000|C5|00979539|001600|2|2010|9999|9|99999|99|99999999|999|99999|99|99999999|999999|9|99999|99|99999999|45060|1|532|99999|99999|9|999|99999|Y|N|86302|U|U|24|||||053|||||129|||||000321|A|13203|99999|99999|28590|00701|11071|0|2010|Block 2010|S||26|4|+43.0519215|-076.1447120|BK||99999
DHCST|NY|100|00|00|000|00|0212789|1000000US360670016002011|360670016002011|1|2|36|01779796|067|H1|00974132|73000|C5|00979539|99999|99|99999999||||99999|99|99999999|73000|C5|00979539|001600|2|2011|9999|9|99999|99|99999999|999|99999|99|99999999|999999|9|99999|99|99999999|45060|1|532|99999|99999|9|999|99999|Y|N|86302|U|U|24|||||053|||||129|||||000321|A|13203|99999|99999|28590|00701|9134|0|2011|Block 2011|S||24|13|+43.0519543|-076.1429987|BK||99999
DHCST|NY|100|00|00|000|00|0212790|1000000US360670016002012|360670016002012|1|2|36|01779796|067|H1|00974132|73000|C5|00979539|99999|99|99999999||||99999|99|99999999|73000|C5|00979539|001600|2|2012|9999|9|99999|99|99999999|999|99999|99|99999999|999999|9|99999|99|99999999|45060|1|532|99999|99999|9|999|99999|Y|N|86302|U|U|24|||||053|||||129|||||000321|A|13203|99999|99999|28590|00701|4174|0|2012|Block 2012|S||0|0|+43.0515292|-076.1429684|BK||99999
DHCST|NY|100|00|00|000|00|0212791|1000000US360670016002013|360670016002013|1|2|36|01779796|067|H1|00974132|73000|C5|00979539|99999|99|99999999||||99999|99|99999999|73000|C5|00979539|001600|2|2013|9999|9|99999|99|99999999|999|99999|99|99999999|999999|9|99999|99|99999999|45060|1|532|99999|99999|9|999|99999|Y|N|86302|U|U|24|||||053|||||129|||||000321|A|13203|99999|99999|28590|00701|5393|0|2013|Block 2013|S||0|0|+43.0514055|-076.1447897|BK||99999
DHCST|NY|100|00|00|000|00|0212792|1000000US360670017011000|360670017011000|1|2|36|01779796|067|H1|00974132|73000|C5|00979539|99999|99|99999999||||99999|99|99999999|73000|C5|00979539|001701|1|1000|9999|9|99999|99|99999999|999|99999|99|99999999|999999|9|99999|99|99999999|45060|1|532|99999|99999|9|999|99999|Y|N|86302|U|U|24|||||053|||||129|||||000309|A|13203|99999|99999|28590|00701|42882|0|1000|Block 1000|S||89|44|+43.0633629|-076.1242636|BK||99999
DHCST|NY|100|00|00|000|00|0212793|1000000US360670017011001|360670017011001|1|2|36|01779796|067|H1|00974132|73000|C5|00979539|99999|99|99999999||||99999|99|99999999|73000|C5|00979539|001701|1|1001|9999|9|99999|99|99999999|999|99999|99|99999999|999999|9|99999|99|99999999|45060|1|532|99999|99999|9|999|99999|Y|N|86302|U|U|24|||||053|||||129|||||000309|A|13206|99999|99999|28590|00701|8828|0|1001|Block 1001|S||51|17|+43.0635818|-076.1230014|BK||99999
DHCST|NY|100|00|00|000|00|0212794|1000000US360670017011002|360670017011002|1|2|36|01779796|067|H1|00974132|73000|C5|00979539|99999|99|99999999||||99999|99|99999999|73000|C5|00979539|001701|1|1002|9999|9|99999|99|99999999|999|99999|99|99999999|999999|9|99999|99|99999999|45060|1|532|99999|99999|9|999|99999|Y|N|86302|U|U|24|||||053|||||129|||||000309|A|13206|99999|99999|28590|00701|10481|0|1002|Block 1002|S||33|24|+43.0618779|-076.1227580|BK||99999
DHCST|NY|100|00|00|000|00|0212795|1000000US360670017011003|360670017011003|1|2|36|01779796|067|H1|00974132|73000|C5|00979539|99999|99|99999999||||99999|99|99999999|73000|C5|00979539|001701|1|1003|9999|9|99999|99|99999999|999|99999|99|99999999|999999|9|99999|99|99999999|45060|1|532|99999|99999|9|999|99999|Y|N|86302|U|U|24|||||053|||||129|||||000309|A|13203|99999|99999|28590|00701|19615|0|1003|Block 1003|S||42|19|+43.0617501|-076.1237071|BK||99999
DHCST|NY|100|00|00|000|00|0212796|1000000US360670017011004|360670017011004|1|2|36|01779796|067|H1|00974132|73000|C5|00979539|99999|99|99999999||||99999|99|99999999|73000|C5|00979539|001701|1|1004|9999|9|99999|99|99999999|999|99999|99|99999999|999999|9|99999|99|99999999|45060|1|532|99999|99999|9|999|99999|Y|N|86302|U|U|24|||||053|||||129|||||000325|A|13203|99999|99999|28590|00701|16614|0|1004|Block 1004|S||73|35|+43.0611636|-076.1252456|BK||99999
DHCST|NY|100|00|00|000|00|0212797|1000000US360670017011005|360670017011005|1|2|36|01779796|067|H1|00974132|73000|C5|00979539|99999|99|99999999||||99999|99|99999999|73000|C5|00979539|001701|1|1005|9999|9|99999|99|99999999|999|99999|99|99999999|999999|9|99999|99|99999999|45060|1|532|99999|99999|9|999|99999|Y|N|86302|U|U|24|||||053|||||129|||||000325|A|13203|99999|99999|28590|00701|13655|0|1005|Block 1005|S||64|40|+43.0617518|-076.1260131|BK||99999
DHCST|NY|100|00|00|000|00|0212798|1000000US360670017011006|360670017011006|1|2|36|01779796|067|H1|00974132|73000|C5|00979539|99999|99|99999999||||99999|99|99999999|73000|C5|00979539|001701|1|1006|9999|9|99999|99|99999999|999|99999|99|99999999|999999|9|99999|99|99999999|45060|1|532|99999|99999|9|999|99999|Y|N|86302|U|U|24|||||053|||||129|||||000325|A|13203|99999|99999|28590|00701|21594|0|1006|Block 1006|S||51|25|+43.0624464|-076.1266534|BK||99999
DHCST|NY|100|00|00|000|00|0212799|1000000US360670017011007|360670017011007|1|2|36|01779796|067|H1|00974132|73000|C5|00979539|99999|99|99999999||||99999|99|99999999|73000|C5|00979539|001701|1|1007|9999|9|99999|99|99999999|999|99999|99|99999999|999999|9|99999|99|99999999|45060|1|532|99999|99999|9|999|99999|Y|N|86302|U|U|24|||||053|||||129|||||000325|A|13203|99999|99999|28590|00701|28530|0|1007|Block 1007|S||74|30|+43.0613483|-076.1288812|BK||99999
DHCST|NY|100|00|00|000|00|0212800|1000000US360670017011008|360670017011008|1|2|36|01779796|067|H1|00974132|73000|C5|00979539|99999|99|99999999||||99999|99|99999999|73000|C5|00979539|001701|1|1008|9999|9|99999|99|99999999|999|99999|99|99999999|999999|9|99999|99|99999999|45060|1|532|99999|99999|9|999|99999|Y|N|86302|U|U|24|||||053|||||129|||||000325|A|13203|99999|99999|28590|00701|17888|0|1008|Block 1008|S||81|39|+43.0606484|-076.1282556|BK||99999
DHCST|NY|100|00|00|000|00|0212801|1000000US360670017011009|360670017011009|1|2|36|01779796|067|H1|00974132|73000|C5|00979539|99999|99|99999999||||99999|99|99999999|73000|C5|00979539|001701|1|1009|9999|9|99999|99|99999999|999|99999|99|99999999|999999|9|99999|99|99999999|45060|1|532|99999|99999|9|999|99999|Y|N|86302|U|U|24|||||053|||||129|||||000325|A|13203|99999|99999|28590|00701|18462|0|1009|Block 1009|S||63|30|+43.0603202|-076.1270257|BK||99999
DHCST|NY|100|00|00|000|00|0212802|1000000US360670017011010|360670017011010|1|2|36|01779796|067|H1|00974132|73000|C5|00979539|99999|99|99999999||||99999|99|99999999|73000|C5|00979539|001701|1|1010|9999|9|99999|99|99999999|999|99999|99|99999999|999999|9|99999|99|99999999|45060|1|532|99999|99999|9|999|99999|Y|N|86302|U|U|24|||||053|||||129|||||000325|A|13203|99999|99999|28590|00701|15304|0|1010|Block 1010|S||68|33|+43.0594937|-076.1264986|BK||99999
DHCST|NY|100|00|00|000|00|0212803|1000000US360670017011011|360670017011011|1|2|36|01779796|067|H1|00974132|73000|C5|00979539|99999|99|99999999||||99999|99|99999999|73000|C5|00979539|001701|1|1011|9999|9|99999|99|99999999|999|99999|99|99999999|999999|9|99999|99|99999999|45060|1|532|99999|99999|9|999|99999|Y|N|86302|U|U|24|||||053|||||129|||||000310|A|13203|99999|99999|28590|00701|16796|0|1011|Block 1011|S||52|36|+43.0597745|-076.1251799|BK||99999
DHCST|NY|100|00|00|000|00|0212804|1000000US360670017011012|360670017011012|1|2|36|01779796|067|H1|00974132|73000|C5|00979539|99999|99|99999999||||99999|99|99999999|73000|C5|00979539|001701|1|1012|9999|9|99999|99|99999999|999|99999|99|99999999|999999|9|99999|99|99999999|45060|1|532|99999|99999|9|999|99999|Y|N|86302|U|U|24|||||053|||||129|||||000310|A|13203|99999|99999|28590|00701|15113|0|1012|Block 1012|S||60|31|+43.0604380|-076.1238842|BK||99999
DHCST|NY|100|00|00|000|00|0212805|1000000US360670017011013|360670017011013|1|2|36|01779796|067|H1|00974132|73000|C5|00979539|99999|99|99999999||||99999|99|99999999|73000|C5|00979539|001701|1|1013|9999|9|99999|99|99999999|999|99999|99|99999999|999999|9|99999|99|99999999|45060|1|532|99999|99999|9|999|99999|Y|N|86302|U|U|24|||||053|||||129|||||000310|A|13206|99999|99999|28590|00701|5224|0|1013|Block 1013|S||28|8|+43.0604886|-076.1226740|BK||99999
DHCST|NY|100|00|00|000|00|0212806|1000000US360670017011014|360670017011014|1|2|36|01779796|067|H1|00974132|73000|C5|00979539|99999|99|99999999||||99999|99|99999999|73000|C5|00979539|001701|1|1014|9999|9|99999|99|99999999|999|99999|99|99999999|999999|9|99999|99|99999999|45060|1|532|99999|99999|9|999|99999|Y|N|86302|U|U|24|||||053|||||129|||||000310|A|13203|99999|99999|28590|00701|18110|0|1014|Block 1014|S||80|28|+43.0595404|-076.1234114|BK||99999
DHCST|NY|100|00|00|000|00|0212807|1000000US360670017011015|360670017011015|1|2|36|01779796|067|H1|00974132|73000|C5|00979539|99999|99|99999999||||99999|99|99999999|73000|C5|00979539|001701|1|1015|9999|9|99999|99|99999999|999|99999|99|99999999|999999|9|99999|99|99999999|45060|1|532|99999|99999|9|999|99999|Y|N|86302|U|U|24|||||053|||||129|||||000310|A|13203|99999|99999|28590|00701|18305|0|1015|Block 1015|S||74|38|+43.0586379|-076.1233371|BK||99999
DHCST|NY|100|00|00|000|00|0212808|1000000US360670017011016|360670017011016|1|2|36|01779796|067|H1|00974132|73000|C5|00979539|99999|99|99999999||||99999|99|99999999|73000|C5|00979539|001701|1|1016|9999|9|99999|99|99999999|999|99999|99|99999999|999999|9|99999|99|99999999|45060|1|532|99999|99999|9|999|99999|Y|N|86302|U|U|24|||||053|||||129|||||000310|A|13203|99999|99999|28590|00701|10188|0|1016|Block 1016|S||51|18|+43.0585595|-076.1250792|BK||99999
DHCST|NY|100|00|00|000|00|0212809|1000000US360670017011017|360670017011017|1|2|36|01779796|067|H1|00974132|73000|C5|00979539|99999|99|99999999||||99999|99|99999999|73000|C5|00979539|001701|1|1017|9999|9|99999|99|99999999|999|99999|99|99999999|999999|9|99999|99|99999999|45060|1|532|99999|99999|9|999|99999|Y|N|86302|U|U|24|||||053|||||129|||||000325|A|13203|99999|99999|28590|00701|34635|0|1017|Block 1017|S||175|83|+43.0588953|-076.1274948|BK||99999
DHCST|NY|100|00|00|000|00|0212810|1000000US360670017012000|360670017012000|1|2|36|01779796|067|H1|00974132|73000|C5|00979539|99999|99|99999999||||99999|99|99999999|73000|C5|00979539|001701|2|2000|9999|9|99999|99|99999999|999|99999|99|99999999|999999|9|99999|99|99999999|45060|1|532|99999|99999|9|999|99999|Y|N|86302|U|U|24|||||053|||||129|||||000310|A|13206|99999|99999|28590|00701|7881|0|2000|Block 2000|S||35|22|+43.0575228|-076.1224602|BK||99999
DHCST|NY|100|00|00|000|00|0212811|1000000US360670017012001|360670017012001|1|2|36|01779796|067|H1|00974132|73000|C5|00979539|99999|99|99999999||||99999|99|99999999|73000|C5|00979539|001701|2|2001|9999|9|99999|99|99999999|999|99999|99|99999999|999999|9|99999|99|99999999|45060|1|532|99999|99999|9|999|99999|Y|N|86302|U|U|24|||||053|||||129|||||000310|A|13203|99999|99999|28590|00701|9578|0|2001|Block 2001|S||53|21|+43.0574912|-076.1231509|BK||99999
DHCST|NY|100|00|00|000|00|0212812|1000000US360670017012002|360670017012002|1|2|36|01779796|067|H1|00974132|73000|C5|00979539|99999|99|99999999||||99999|99|99999999|73000|C5|00979539|001701|2|2002|9999|9|99999|99|99999999|999|99999|99|99999999|999999|9|99999|99|99999999|45060|1|532|99999|99999|9|999|99999|Y|N|86302|U|U|24|||||053|||||129|||||000310|A|13203|99999|99999|28590|00701|20327|0|2002|Block 2002|S||123|41|+43.0574392|-076.1243290|BK||99999
DHCST|NY|100|00|00|000|00|0212813|1000000US360670017012003|360670017012003|1|2|36|01779796|067|H1|00974132|73000|C5|00979539|99999|99|99999999||||99999|99|99999999|73000|C5|00979539|001701|2|2003|9999|9|99999|99|99999999|999|99999|99|99999999|999999|9|99999|99|99999999|45060|1|532|99999|99999|9|999|99999|Y|N|86302|U|U|24|||||053|||||129|||||000325|A|13203|99999|99999|28590|00701|61407|0|2003|Block 2003|S||0|0|+43.0560733|-076.1279430|BK||99999
DHCST|NY|100|00|00|000|00|0212814|1000000US360670017012004|360670017012004|1|2|36|01779796|067|H1|00974132|73000|C5|00979539|99999|99|99999999||||99999|99|99999999|73000|C5|00979539|001701|2|2004|9999|9|99999|99|99999999|999|99999|99|99999999|999999|9|99999|99|99999999|45060|1|532|99999|99999|9|999|99999|Y|N|86302|U|U|24|||||053|||||129|||||000325|A|13203|99999|99999|28590|00701|58334|0|2004|Block 2004|S||88|32|+43.0579641|-076.1283696|BK||99999
DHCST|NY|100|00|00|000|00|0212815|1000000US360670017012005|360670017012005|1|2|36|01779796|067|H1|00974132|73000|C5|00979539|99999|99|99999999||||99999|99|99999999|73000|C5|00979539|001701|2|2005|9999|9|99999|99|99999999|999|99999|99|99999999|999999|9|99999|99|99999999|45060|1|532|99999|99999|9|999|99999|Y|N|86302|U|U|24|||||053|||||129|||||000322|A|13203|99999|99999|28590|00701|34976|0|2005|Block 2005|S||172|62|+43.0566385|-076.1296752|BK||99999
DHCST|NY|100|00|00|000|00|0212816|1000000US360670017012006|360670017012006|1|2|36|01779796|067|H1|00974132|73000|C5|00979539|99999|99|99999999||||99999|99|99999999|73000|C5|00979539|001701|2|2006|9999|9|99999|99|99999999|999|99999|99|99999999|999999|9|99999|99|99999999|45060|1|532|99999|99999|9|999|99999|Y|N|86302|U|U|24|||||053|||||129|||||000322|A|13203|99999|99999|28590|00701|43177|0|2006|Block 2006|S||233|120|+43.0538013|-076.1294708|BK||99999
DHCST|NY|100|00|00|000|00|0212817|1000000US360670017012007|360670017012007|1|2|36|01779796|067|H1|00974132|73000|C5|00979539|99999|99|99999999||||99999|99|99999999|73000|C5|00979539|001701|2|2007|9999|9|99999|99|99999999|999|99999|99|99999999|999999|9|99999|99|99999999|45060|1|532|99999|99999|9|999|99999|Y|N|86302|U|U|24|||||053|||||129|||||000322|A|13203|99999|99999|28590|00701|27772|0|2007|Block 2007|S||173|84|+43.0539993|-076.1281774|BK||99999
DHCST|NY|100|00|00|000|00|0212818|1000000US360670017012008|360670017012008|1|2|36|01779796|067|H1|00974132|73000|C5|00979539|99999|99|99999999||||99999|99|99999999|73000|C5|00979539|001701|2|2008|9999|9|99999|99|99999999|999|99999|99|99999999|999999|9|99999|99|99999999|45060|1|532|99999|99999|9|999|99999|Y|N|86302|U|U|24|||||053|||||129|||||000322|A|13203|99999|99999|28590|00701|19142|0|2008|Block 2008|S||37|24|+43.0541580|-076.1272425|BK||99999
DHCST|NY|100|00|00|000|00|0212819|1000000US360670017012009|360670017012009|1|2|36|01779796|067|H1|00974132|73000|C5|00979539|99999|99|99999999||||99999|99|99999999|73000|C5|00979539|001701|2|2009|9999|9|99999|99|99999999|999|99999|99|99999999|999999|9|99999|99|99999999|45060|1|532|99999|99999|9|999|99999|Y|N|86302|U|U|24|||||053|||||129|||||000322|A|13203|99999|99999|28590|00701|26482|0|2009|Block 2009|S||48|23|+43.0542993|-076.1262457|BK||99999
DHCST|NY|100|00|00|000|00|0212820|1000000US360670017012010|360670017012010|1|2|36|01779796|067|H1|00974132|73000|C5|00979539|99999|99|99999999||||99999|99|99999999|73000|C5|00979539|001701|2|2010|9999|9|99999|99|99999999|999|99999|99|99999999|999999|9|99999|99|99999999|45060|1|532|99999|99999|9|999|99999|Y|N|86302|U|U|24|||||053|||||129|||||000322|A|13203|99999|99999|28590|00701|19735|0|2010|Block 2010|S||29|13|+43.0544704|-076.1251331|BK||99999
DHCST|NY|100|00|00|000|00|0212821|1000000US360670017012011|360670017012011|1|2|36|01779796|067|H1|00974132|73000|C5|00979539|99999|99|99999999||||99999|99|99999999|73000|C5|00979539|001701|2|2011|9999|9|99999|99|99999999|999|99999|99|99999999|999999|9|99999|99|99999999|45060|1|532|99999|99999|9|999|99999|Y|N|86302|U|U|24|||||053|||||129|||||000322|A|13203|99999|99999|28590|00701|21785|0|2011|Block 2011|S||51|32|+43.0546544|-076.1240002|BK||99999
DHCST|NY|100|00|00|000|00|0212822|1000000US360670017012012|360670017012012|1|2|36|01779796|067|H1|00974132|73000|C5|00979539|99999|99|99999999||||99999|99|99999999|73000|C5|00979539|001701|2|2012|9999|9|99999|99|99999999|999|99999|99|99999999|999999|9|99999|99|99999999|45060|1|532|99999|99999|9|999|99999|Y|N|86302|U|U|24|||||053|||||129|||||000310|A|13203|99999|99999|28590|00701|15445|0|2012|Block 2012|S||53|30|+43.0561898|-076.1241932|BK||99999
DHCST|NY|100|00|00|000|00|0212823|1000000US360670017012013|360670017012013|1|2|36|01779796|067|H1|00974132|73000|C5|00979539|99999|99|99999999||||99999|99|99999999|73000|C5|00979539|001701|2|2013|9999|9|99999|99|99999999|999|99999|99|99999999|999999|9|99999|99|99999999|45060|1|532|99999|99999|9|999|99999|Y|N|86302|U|U|24|||||053|||||129|||||000310|A|13203|99999|99999|28590|00701|10084|0|2013|Block 2013|S||37|14|+43.0563212|-076.1229189|BK||99999
DHCST|NY|100|00|00|000|00|0212824|1000000US360670017012014|360670017012014|1|2|36|01779796|067|H1|00974132|73000|C5|00979539|99999|99|99999999||||99999|99|99999999|73000|C5|00979539|001701|2|2014|9999|9|99999|99|99999999|999|99999|99|99999999|999999|9|99999|99|99999999|45060|1|532|99999|99999|9|999|99999|Y|N|86302|U|U|24|||||053|||||129|||||000310|A|13206|99999|99999|28590|00701|4471|0|2014|Block 2014|S||20|13|+43.0560268|-076.1223950|BK||99999
DHCST|NY|100|00|00|000|00|0212825|1000000US360670017012015|360670017012015|1|2|36|01779796|067|H1|00974132|73000|C5|00979539|99999|99|99999999||||99999|99|99999999|73000|C5|00979539|001701|2|2015|9999|9|99999|99|99999999|999|99999|99|99999999|999999|9|99999|99|99999999|45060|1|532|99999|99999|9|999|99999|Y|N|86302|U|U|24|||||053|||||129|||||000322|A|13203|99999|99999|28590|00701|19646|0|2015|Block 2015|S||47|35|+43.0548569|-076.1226904|BK||99999
DHCST|NY|100|00|00|000|00|0212826|1000000US360670017012016|360670017012016|1|2|36|01779796|067|H1|00974132|73000|C5|00979539|99999|99|99999999||||99999|99|99999999|73000|C5|00979539|001701|2|2016|9999|9|99999|99|99999999|999|99999|99|99999999|999999|9|99999|99|99999999|45060|1|532|99999|99999|9|999|99999|Y|N|86302|U|U|24|||||053|||||129|||||000322|A|13203|99999|99999|28590|00701|46114|0|2016|Block 2016|S||37|21|+43.0530256|-076.1247908|BK||99999
DHCST|NY|100|00|00|000|00|0212827|1000000US360670017012017|360670017012017|1|2|36|01779796|067|H1|00974132|73000|C5|00979539|99999|99|99999999||||99999|99|99999999|73000|C5|00979539|001701|2|2017|9999|9|99999|99|99999999|999|99999|99|99999999|999999|9|99999|99|99999999|45060|1|532|99999|99999|9|999|99999|Y|N|86302|U|U|24|||||053|||||129|||||000322|A|13203|99999|99999|28590|00701|26087|0|2017|Block 2017|S||15|1|+43.0519684|-076.1295425|BK||99999
DHCST|NY|100|00|00|000|00|0212828|1000000US360670017012018|360670017012018|1|2|36|01779796|067|H1|00974132|73000|C5|00979539|99999|99|99999999||||99999|99|99999999|73000|C5|00979539|001701|2|2018|9999|9|99999|99|99999999|999|99999|99|99999999|999999|9|99999|99|99999999|45060|1|532|99999|99999|9|999|99999|Y|N|86302|U|U|24|||||053|||||129|||||000322|A|13203|99999|99999|28590|00701|4272|0|2018|Block 2018|S||0|0|+43.0515518|-076.1294961|BK||99999
DHCST|NY|100|00|00|000|00|0212829|1000000US360670017012019|360670017012019|1|2|36|01779796|067|H1|00974132|73000|C5|00979539|99999|99|99999999||||99999|99|99999999|73000|C5|00979539|001701|2|2019|9999|9|99999|99|99999999|999|99999|99|99999999|999999|9|99999|99|99999999|45060|1|532|99999|99999|9|999|99999|Y|N|86302|U|U|24|||||053|||||129|||||000322|A|13203|99999|99999|28590|00701|7061|0|2019|Block 2019|S||0|0|+43.0525084|-076.1247839|BK||99999
DHCST|NY|100|00|00|000|00|0212830|1000000US360670017021000|360670017021000|1|2|36|01779796|067|H1|00974132|73000|C5|00979539|99999|99|99999999||||99999|99|99999999|73000|C5|00979539|001702|1|1000|9999|9|99999|99|99999999|999|99999|99|99999999|999999|9|99999|99|99999999|45060|1|532|99999|99999|9|999|99999|Y|N|86302|U|U|24|||||053|||||129|||||000312|A|13206|99999|99999|28590|00701|87022|0|1000|Block 1000|S||213|111|+43.0650032|-076.1144791|BK||99999
DHCST|NY|100|00|00|000|00|0212831|1000000US360670017021001|360670017021001|1|2|36|01779796|067|H1|00974132|73000|C5|00979539|99999|99|99999999||||99999|99|99999999|73000|C5|00979539|001702|1|1001|9999|9|99999|99|99999999|999|99999|99|99999999|999999|9|99999|99|99999999|45060|1|532|99999|99999|9|999|99999|Y|N|86302|U|U|24|||||053|||||129|||||000311|A|13206|99999|99999|28590|00701|39513|0|1001|Block 1001|S||150|66|+43.0663520|-076.1161907|BK||99999
DHCST|NY|100|00|00|000|00|0212832|1000000US360670017021002|360670017021002|1|2|36|01779796|067|H1|00974132|73000|C5|00979539|99999|99|99999999||||99999|99|99999999|73000|C5|00979539|001702|1|1002|9999|9|99999|99|99999999|999|99999|99|99999999|999999|9|99999|99|99999999|45060|1|532|99999|99999|9|999|99999|Y|N|86302|U|U|24|||||053|||||129|||||000311|A|13206|99999|99999|28590|00701|27531|0|1002|Block 1002|S||127|51|+43.0660936|-076.1172907|BK||99999
DHCST|NY|100|00|00|000|00|0212833|1000000US360670017021003|360670017021003|1|2|36|01779796|067|H1|00974132|73000|C5|00979539|99999|99|99999999||||99999|99|99999999|73000|C5|00979539|001702|1|1003|9999|9|99999|99|99999999|999|99999|99|99999999|999999|9|99999|99|99999999|45060|1|532|99999|99999|9|999|99999|Y|N|86302|U|U|24|||||053|||||129|||||000311|A|13206|99999|99999|28590|00701|24209|0|1003|Block 1003|S||115|60|+43.0658267|-076.1183056|BK||99999
DHCST|NY|100|00|00|000|00|0212834|1000000US360670017021004|360670017021004|1|2|36|01779796|067|H1|00974132|73000|C5|00979539|99999|99|99999999||||99999|99|99999999|73000|C5|00979539|001702|1|1004|9999|9|99999|99|99999999|999|99999|99|99999999|999999|9|99999|99|99999999|45060|1|532|99999|99999|9|999|99999|Y|N|86302|U|U|24|||||053|||||129|||||000311|A|13206|99999|99999|28590|00701|40891|0|1004|Block 1004|S||113|69|+43.0653883|-076.1198958|BK||99999
DHCST|NY|100|00|00|000|00|0212835|1000000US360670017021005|360670017021005|1|2|36|01779796|067|H1|00974132|73000|C5|00979539|99999|99|99999999||||99999|99|99999999|73000|C5|00979539|001702|1|1005|9999|9|99999|99|99999999|999|99999|99|99999999|999999|9|99999|99|99999999|45060|1|532|99999|99999|9|999|99999|Y|N|86302|U|U|24|||||053|||||129|||||000311|A|13206|99999|99999|28590|00701|15444|0|1005|Block 1005|S||45|24|+43.0647687|-076.1217764|BK||99999
DHCST|NY|100|00|00|000|00|0212836|1000000US360670017021006|360670017021006|1|2|36|01779796|067|H1|00974132|73000|C5|00979539|99999|99|99999999||||99999|99|99999999|73000|C5|00979539|001702|1|1006|9999|9|99999|99|99999999|999|99999|99|99999999|999999|9|99999|99|99999999|45060|1|532|99999|99999|9|999|99999|Y|N|86302|U|U|24|||||053|||||129|||||000312|A|13206|99999|99999|28590|00701|9702|0|1006|Block 1006|S||0|0|+43.0661310|-076.1154332|BK||99999
DHCST|NY|100|00|00|000|00|0212837|1000000US360670017021007|360670017021007|1|2|36|01779796|067|H1|00974132|73000|C5|00979539|99999|99|99999999||||99999|99|99999999|73000|C5|00979539|001702|1|1007|9999|9|99999|99|99999999|999|99999|99|99999999|999999|9|99999|99|99999999|45060|1|532|99999|99999|9|999|99999|Y|N|86302|U|U|24|||||053|||||129|||||000311|A|13206|99999|99999|28590|00701|1228|0|1007|Block 1007|S||0|0|+43.0644921|-076.1181942|BK||99999
DHCST|NY|100|00|00|000|00|0212838|1000000US360670017021008|360670017021008|1|2|36|01779796|067|H1|00974132|73000|C5|00979539|99999|99|99999999||||99999|99|99999999|73000|C5|00979539|001702|1|1008|9999|9|99999|99|99999999|999|99999|99|99999999|999999|9|99999|99|99999999|45060|1|532|99999|99999|9|999|99999|Y|N|86302|U|U|24|||||053|||||129|||||000311|A|13206|99999|99999|28590|00701|1348|0|1008|Block 1008|S||0|0|+43.0645343|-076.1171672|BK||99999
DHCST|NY|100|00|00|000|00|0212839|1000000US360670017022000|360670017022000|1|2|36|01779796|067|H1|00974132|73000|C5|00979539|99999|99|99999999||||99999|99|99999999|73000|C5|00979539|001702|2|2000|9999|9|99999|99|99999999|999|99999|99|99999999|999999|9|99999|99|99999999|45060|1|532|99999|99999|9|999|99999|Y|N|86302|U|U|24|||||053|||||129|||||000312|A|13206|99999|99999|28590|00701|6649|0|2000|Block 2000|S||0|0|+43.0635687|-076.1152119|BK||99999
DHCST|NY|100|00|00|000|00|0212840|1000000US360670017022001|360670017022001|1|2|36|01779796|067|H1|00974132|73000|C5|00979539|99999|99|99999999||||99999|99|99999999|73000|C5|00979539|001702|2|2001|9999|9|99999|99|99999999|999|99999|99|99999999|999999|9|99999|99|99999999|45060|1|532|99999|99999|9|999|99999|Y|N|86302|U|U|24|||||053|||||129|||||000309|A|13206|99999|99999|28590|00701|287338|0|2001|Block 2001|S||449|198|+43.0614013|-076.1169437|BK||99999
DHCST|NY|100|00|00|000|00|0212841|1000000US360670017022002|360670017022002|1|2|36|01779796|067|H1|00974132|73000|C5|00979539|99999|99|99999999||||99999|99|99999999|73000|C5|00979539|001702|2|2002|9999|9|99999|99|99999999|999|99999|99|99999999|999999|9|99999|99|99999999|45060|1|532|99999|99999|9|999|99999|Y|N|86302|U|U|24|||||053|||||129|||||000309|A|13206|99999|99999|28590|00701|16966|0|2002|Block 2002|S||89|38|+43.0639248|-076.1213851|BK||99999
DHCST|NY|100|00|00|000|00|0212842|1000000US360670017022003|360670017022003|1|2|36|01779796|067|H1|00974132|73000|C5|00979539|99999|99|99999999||||99999|99|99999999|73000|C5|00979539|001702|2|2003|9999|9|99999|99|99999999|999|99999|99|99999999|999999|9|99999|99|99999999|45060|1|532|99999|99999|9|999|99999|Y|N|86302|U|U|24|||||053|||||129|||||000309|A|13206|99999|99999|28590|00701|16933|0|2003|Block 2003|S||122|48|+43.0631599|-076.1213247|BK||99999
DHCST|NY|100|00|00|000|00|0212843|1000000US360670017022004|360670017022004|1|2|36|01779796|067|H1|00974132|73000|C5|00979539|99999|99|99999999||||99999|99|99999999|73000|C5|00979539|001702|2|2004|9999|9|99999|99|99999999|999|99999|99|99999999|999999|9|99999|99|99999999|45060|1|532|99999|99999|9|999|99999|Y|N|86302|U|U|24|||||053|||||129|||||000309|A|13206|99999|99999|28590|00701|17086|0|2004|Block 2004|S||52|43|+43.0623903|-076.1212833|BK||99999
DHCST|NY|100|00|00|000|00|0212844|1000000US360670017022005|360670017022005|1|2|36|01779796|067|H1|00974132|73000|C5|00979539|99999|99|99999999||||99999|99|99999999|73000|C5|00979539|001702|2|2005|9999|9|99999|99|99999999|999|99999|99|99999999|999999|9|99999|99|99999999|45060|1|532|99999|99999|9|999|99999|Y|N|86302|U|U|24|||||053|||||129|||||000309|A|13206|99999|99999|28590|00701|16922|0|2005|Block 2005|S||100|37|+43.0616184|-076.1212264|BK||99999
DHCST|NY|100|00|00|000|00|0212845|1000000US360670017022006|360670017022006|1|2|36|01779796|067|H1|00974132|73000|C5|00979539|99999|99|99999999||||99999|99|99999999|73000|C5|00979539|001702|2|2006|9999|9|99999|99|99999999|999|99999|99|99999999|999999|9|99999|99|99999999|45060|1|532|99999|99999|9|999|99999|Y|N|86302|U|U|24|||||053|||||129|||||000309|A|13206|99999|99999|28590|00701|15786|0|2006|Block 2006|S||106|61|+43.0591331|-076.1191093|BK||99999
DHCST|NY|100|00|00|000|00|0212846|1000000US360670017022007|360670017022007|1|2|36|01779796|067|H1|00974132|73000|C5|00979539|99999|99|99999999||||99999|99|99999999|73000|C5|00979539|001702|2|2007|9999|9|99999|99|99999999|999|99999|99|99999999|999999|9|99999|99|99999999|45060|1|532|99999|99999|9|999|99999|Y|N|86302|U|U|24|||||053|||||129|||||000309|A|13206|99999|99999|28590|00701|14153|0|2007|Block 2007|S||41|14|+43.0590965|-076.1204221|BK||99999
DHCST|NY|100|00|00|000|00|0212847|1000000US360670017022008|360670017022008|1|2|36|01779796|067|H1|00974132|73000|C5|00979539|99999|99|99999999||||99999|99|99999999|73000|C5|00979539|001702|2|2008|9999|9|99999|99|99999999|999|99999|99|99999999|999999|9|99999|99|99999999|45060|1|532|99999|99999|9|999|99999|Y|N|86302|U|U|24|||||053|||||129|||||000309|A|13206|99999|99999|28590|00701|17211|0|2008|Block 2008|S||79|29|+43.0604909|-076.1205207|BK||99999
DHCST|NY|100|00|00|000|00|0212848|1000000US360670017022009|360670017022009|1|2|36|01779796|067|H1|00974132|73000|C5|00979539|99999|99|99999999||||99999|99|99999999|73000|C5|00979539|001702|2|2009|9999|9|99999|99|99999999|999|99999|99|99999999|999999|9|99999|99|99999999|45060|1|532|99999|99999|9|999|99999|Y|N|86302|U|U|24|||||053|||||129|||||000309|A|13206|99999|99999|28590|00701|16835|0|2009|Block 2009|S||86|26|+43.0604514|-076.1217481|BK||99999
DHCST|NY|100|00|00|000|00|0212849|1000000US360670017022010|360670017022010|1|2|36|01779796|067|H1|00974132|73000|C5|00979539|99999|99|99999999||||99999|99|99999999|73000|C5|00979539|001702|2|2010|9999|9|99999|99|99999999|999|99999|99|99999999|999999|9|99999|99|99999999|45060|1|532|99999|99999|9|999|99999|Y|N|86302|U|U|24|||||053|||||129|||||000309|A|13206|99999|99999|28590|00701|14095|0|2010|Block 2010|S||53|37|+43.0590511|-076.1216477|BK||99999
DHCST|NY|100|00|00|000|00|0212850|1000000US360670017022011|360670017022011|1|2|36|01779796|067|H1|00974132|73000|C5|00979539|99999|99|99999999||||99999|99|99999999|73000|C5|00979539|001702|2|2011|9999|9|99999|99|99999999|999|99999|99|99999999|999999|9|99999|99|99999999|45060|1|532|99999|99999|9|999|99999|Y|N|86302|U|U|24|||||053|||||129|||||000310|A|13206|99999|99999|28590|00701|164572|0|2011|Block 2011|S||199|86|+43.0575188|-076.1176808|BK||99999
DHCST|NY|100|00|00|000|00|0212851|1000000US360670017022012|360670017022012|1|2|36|01779796|067|H1|00974132|73000|C5|00979539|99999|99|99999999||||99999|99|99999999|73000|C5|00979539|001702|2|2012|9999|9|99999|99|99999999|999|99999|99|99999999|999999|9|99999|99|99999999|45060|1|532|99999|99999|9|999|99999|Y|N|86302|U|U|24|||||053|||||129|||||000310|A|13206|99999|99999|28590|00701|16566|0|2012|Block 2012|S||80|35|+43.0564058|-076.1159242|BK||99999
DHCST|NY|100|00|00|000|00|0212852|1000000US360670017022013|360670017022013|1|2|36|01779796|067|H1|00974132|73000|C5|00979539|99999|99|99999999||||99999|99|99999999|73000|C5|00979539|001702|2|2013|9999|9|99999|99|99999999|999|99999|99|99999999|999999|9|99999|99|99999999|45060|1|532|99999|99999|9|999|99999|Y|N|86302|U|U|24|||||053|||||129|||||000310|A|13206|99999|99999|28590|00701|26630|0|2013|Block 2013|S||88|52|+43.0558704|-076.1182572|BK||99999
DHCST|NY|100|00|00|000|00|0212853|1000000US360670017022014|360670017022014|1|2|36|01779796|067|H1|00974132|73000|C5|00979539|99999|99|99999999||||99999|99|99999999|73000|C5|00979539|001702|2|2014|9999|9|99999|99|99999999|999|99999|99|99999999|999999|9|99999|99|99999999|45060|1|532|99999|99999|9|999|99999|Y|N|86302|U|U|24|||||053|||||129|||||000310|A|13206|99999|99999|28590|00701|16868|0|2014|Block 2014|S||113|47|+43.0560139|-076.1207551|BK||99999
DHCST|NY|100|00|00|000|00|0212854|1000000US360670017022015|360670017022015|1|2|36|01779796|067|H1|00974132|73000|C5|00979539|99999|99|99999999||||99999|99|99999999|73000|C5|00979539|001702|2|2015|9999|9|99999|99|99999999|999|99999|99|99999999|999999|9|99999|99|99999999|45060|1|532|99999|99999|9|999|99999|Y|N|86302|U|U|24|||||053|||||129|||||000310|A|13206|99999|99999|28590|00701|24648|0|2015|Block 2015|S||101|38|+43.0551143|-076.1208231|BK||99999
DHCST|NY|100|00|00|000|00|0212855|1000000US360670017022016|360670017022016|1|2|36|01779796|067|H1|00974132|73000|C5|00979539|99999|99|99999999||||99999|99|99999999|73000|C5|00979539|001702|2|2016|9999|9|99999|99|99999999|999|99999|99|99999999|999999|9|99999|99|99999999|45060|1|532|99999|99999|9|999|99999|Y|N|86302|U|U|24|||||053|||||129|||||000310|A|13206|99999|99999|28590|00701|27841|0|2016|Block 2016|S||10|4|+43.0542708|-076.1198507|BK||99999
DHCST|NY|100|00|00|000|00|0212856|1000000US360670017022017|360670017022017|1|2|36|01779796|067|H1|00974132|73000|C5|00979539|99999|99|99999999||||99999|99|99999999|73000|C5|00979539|001702|2|2017|9999|9|99999|99|99999999|999|99999|99|99999999|999999|9|99999|99|99999999|45060|1|532|99999|99999|9|999|99999|Y|N|86302|U|U|24|||||053|||||129|||||000310|A|13206|99999|99999|28590|00701|27185|0|2017|Block 2017|S||41|13|+43.0551056|-076.1173898|BK||99999
DHCST|NY|100|00|00|000|00|0212857|1000000US360670017022018|360670017022018|1|2|36|01779796|067|H1|00974132|73000|C5|00979539|99999|99|99999999||||99999|99|99999999|73000|C5|00979539|001702|2|2018|9999|9|99999|99|99999999|999|99999|99|99999999|999999|9|99999|99|99999999|45060|1|532|99999|99999|9|999|99999|Y|N|86302|U|U|24|||||053|||||129|||||000310|A|13206|99999|99999|28590|00701|7227|0|2018|Block 2018|S||0|0|+43.0541091|-076.1187298|BK||99999
DHCST|NY|100|00|00|000|00|0212858|1000000US360670018001000|360670018001000|1|2|36|01779796|067|H1|00974132|73000|C5|00979539|99999|99|99999999||||99999|99|99999999|73000|C5|00979539|001800|1|1000|9999|9|99999|99|99999999|999|99999|99|99999999|999999|9|99999|99|99999999|45060|1|532|99999|99999|9|999|99999|Y|N|86302|U|U|24|||||053|||||129|||||000314|A|13206|99999|99999|28590|00701|26966|0|1000|Block 1000|S||143|103|+43.0675563|-076.1068377|BK||99999
DHCST|NY|100|00|00|000|00|0212859|1000000US360670018001001|360670018001001|1|2|36|01779796|067|H1|00974132|73000|C5|00979539|99999|99|99999999||||99999|99|99999999|73000|C5|00979539|001800|1|1001|9999|9|99999|99|99999999|999|99999|99|99999999|999999|9|99999|99|99999999|45060|1|532|99999|99999|9|999|99999|Y|N|86302|U|U|24|||||053|||||129|||||000314|A|13206|99999|99999|28590|00701|28740|0|1001|Block 1001|S||138|82|+43.0675245|-076.1080744|BK||99999
DHCST|NY|100|00|00|000|00|0212860|1000000US360670018001002|360670018001002|1|2|36|01779796|067|H1|00974132|73000|C5|00979539|99999|99|99999999||||99999|99|99999999|73000|C5|00979539|001800|1|1002|9999|9|99999|99|99999999|999|99999|99|99999999|999999|9|99999|99|99999999|45060|1|532|99999|99999|9|999|99999|Y|N|86302|U|U|24|||||053|||||129|||||000314|A|13206|99999|99999|28590|00701|28091|0|1002|Block 1002|S||133|91|+43.0674484|-076.1093279|BK||99999
DHCST|NY|100|00|00|000|00|0212861|1000000US360670018001003|360670018001003|1|2|36|01779796|067|H1|00974132|73000|C5|00979539|99999|99|99999999||||99999|99|99999999|73000|C5|00979539|001800|1|1003|9999|9|99999|99|99999999|999|99999|99|99999999|999999|9|99999|99|99999999|45060|1|532|99999|99999|9|999|99999|Y|N|86302|U|U|24|||||053|||||129|||||000312|A|13206|99999|99999|28590|00701|27809|0|1003|Block 1003|S||123|68|+43.0673932|-076.1105659|BK||99999
DHCST|NY|100|00|00|000|00|0212862|1000000US360670018001004|360670018001004|1|2|36|01779796|067|H1|00974132|73000|C5|00979539|99999|99|99999999||||99999|99|99999999|73000|C5|00979539|001800|1|1004|9999|9|99999|99|99999999|999|99999|99|99999999|999999|9|99999|99|99999999|45060|1|532|99999|99999|9|999|99999|Y|N|86302|U|U|24|||||053|||||129|||||000312|A|13206|99999|99999|28590|00701|2802|0|1004|Block 1004|S||0|0|+43.0673628|-076.1112447|BK||99999
DHCST|NY|100|00|00|000|00|0212863|1000000US360670018001005|360670018001005|1|2|36|01779796|067|H1|00974132|73000|C5|00979539|99999|99|99999999||||99999|99|99999999|73000|C5|00979539|001800|1|1005|9999|9|99999|99|99999999|999|99999|99|99999999|999999|9|99999|99|99999999|45060|1|532|99999|99999|9|999|99999|Y|N|86302|U|U|24|||||053|||||129|||||000312|A|13206|99999|99999|28590|00701|29637|0|1005|Block 1005|S||90|42|+43.0673312|-076.1119634|BK||99999
DHCST|NY|100|00|00|000|00|0212864|1000000US360670018001006|360670018001006|1|2|36|01779796|067|H1|00974132|73000|C5|00979539|99999|99|99999999||||99999|99|99999999|73000|C5|00979539|001800|1|1006|9999|9|99999|99|99999999|999|99999|99|99999999|999999|9|99999|99|99999999|45060|1|532|99999|99999|9|999|99999|Y|N|86302|U|U|24|||||053|||||129|||||000312|A|13206|99999|99999|28590|00701|30984|0|1006|Block 1006|S||59|31|+43.0672664|-076.1133063|BK||99999
DHCST|NY|100|00|00|000|00|0212865|1000000US360670018002000|360670018002000|1|2|36|01779796|067|H1|00974132|73000|C5|00979539|99999|99|99999999||||99999|99|99999999|73000|C5|00979539|001800|2|2000|9999|9|99999|99|99999999|999|99999|99|99999999|999999|9|99999|99|99999999|45060|1|532|99999|99999|9|999|99999|Y|N|86302|U|U|24|||||053|||||129|||||000314|A|13206|99999|99999|28590|00701|25755|0|2000|Block 2000|S||70|39|+43.0651925|-076.1066448|BK||99999
DHCST|NY|100|00|00|000|00|0212866|1000000US360670018002001|360670018002001|1|2|36|01779796|067|H1|00974132|73000|C5|00979539|99999|99|99999999||||99999|99|99999999|73000|C5|00979539|001800|2|2001|9999|9|99999|99|99999999|999|99999|99|99999999|999999|9|99999|99|99999999|45060|1|532|99999|99999|9|999|99999|Y|N|86302|U|U|24|||||053|||||129|||||000314|A|13206|99999|99999|28590|00701|25185|0|2001|Block 2001|S||77|42|+43.0651308|-076.1078772|BK||99999
DHCST|NY|100|00|00|000|00|0212867|1000000US360670018002002|360670018002002|1|2|36|01779796|067|H1|00974132|73000|C5|00979539|99999|99|99999999||||99999|99|99999999|73000|C5|00979539|001800|2|2002|9999|9|99999|99|99999999|999|99999|99|99999999|999999|9|99999|99|99999999|45060|1|532|99999|99999|9|999|99999|Y|N|86302|U|U|24|||||053|||||129|||||000314|A|13206|99999|99999|28590|00701|25451|0|2002|Block 2002|S||130|50|+43.0650780|-076.1091100|BK||99999
DHCST|NY|100|00|00|000|00|0212868|1000000US360670018002003|360670018002003|1|2|36|01779796|067|H1|00974132|73000|C5|00979539|99999|99|99999999||||99999|99|99999999|73000|C5|00979539|001800|2|2003|9999|9|99999|99|99999999|999|99999|99|99999999|999999|9|99999|99|99999999|45060|1|532|99999|99999|9|999|99999|Y|N|86302|U|U|24|||||053|||||129|||||000312|A|13206|99999|99999|28590|00701|25576|0|2003|Block 2003|S||103|65|+43.0650183|-076.1103478|BK||99999
DHCST|NY|100|00|00|000|00|0212869|1000000US360670018002004|360670018002004|1|2|36|01779796|067|H1|00974132|73000|C5|00979539|99999|99|99999999||||99999|99|99999999|73000|C5|00979539|001800|2|2004|9999|9|99999|99|99999999|999|99999|99|99999999|999999|9|99999|99|99999999|45060|1|532|99999|99999|9|999|99999|Y|N|86302|U|U|24|||||053|||||129|||||000312|A|13206|99999|99999|28590|00701|2537|0|2004|Block 2004|S||0|0|+43.0649895|-076.1110288|BK||99999
DHCST|NY|100|00|00|000|00|0212870|1000000US360670018002005|360670018002005|1|2|36|01779796|067|H1|00974132|73000|C5|00979539|99999|99|99999999||||99999|99|99999999|73000|C5|00979539|001800|2|2005|9999|9|99999|99|99999999|999|99999|99|99999999|999999|9|99999|99|99999999|45060|1|532|99999|99999|9|999|99999|Y|N|86302|U|U|24|||||053|||||129|||||000312|A|13206|99999|99999|28590|00701|27117|0|2005|Block 2005|S||129|49|+43.0649527|-076.1117479|BK||99999
DHCST|NY|100|00|00|000|00|0212871|1000000US360670018002006|360670018002006|1|2|36|01779796|067|H1|00974132|73000|C5|00979539|99999|99|99999999||||99999|99|99999999|73000|C5|00979539|001800|2|2006|9999|9|99999|99|99999999|999|99999|99|99999999|999999|9|99999|99|99999999|45060|1|532|99999|99999|9|999|99999|Y|N|86302|U|U|24|||||053|||||129|||||000312|A|13206|99999|99999|28590|00701|28040|0|2006|Block 2006|S||89|50|+43.0648965|-076.1130902|BK||99999
DHCST|NY|100|00|00|000|00|0212872|1000000US360670018003000|360670018003000|1|2|36|01779796|067|H1|00974132|73000|C5|00979539|99999|99|99999999||||99999|99|99999999|73000|C5|00979539|001800|3|3000|9999|9|99999|99|99999999|999|99999|99|99999999|999999|9|99999|99|99999999|45060|1|532|99999|99999|9|999|99999|Y|N|86302|U|U|24|||||053|||||129|||||000318|A|13206|99999|99999|28590|00701|25275|0|3000|Block 3000|S||109|42|+43.0629316|-076.1064436|BK||99999
DHCST|NY|100|00|00|000|00|0212873|1000000US360670018003001|360670018003001|1|2|36|01779796|067|H1|00974132|73000|C5|00979539|99999|99|99999999||||99999|99|99999999|73000|C5|00979539|001800|3|3001|9999|9|99999|99|99999999|999|99999|99|99999999|999999|9|99999|99|99999999|45060|1|532|99999|99999|9|999|99999|Y|N|86302|U|U|24|||||053|||||129|||||000318|A|13206|99999|99999|28590|00701|25178|0|3001|Block 3001|S||107|46|+43.0628714|-076.1076774|BK||99999
DHCST|NY|100|00|00|000|00|0212874|1000000US360670018003002|360670018003002|1|2|36|01779796|067|H1|00974132|73000|C5|00979539|99999|99|99999999||||99999|99|99999999|73000|C5|00979539|001800|3|3002|9999|9|99999|99|99999999|999|99999|99|99999999|999999|9|99999|99|99999999|45060|1|532|99999|99999|9|999|99999|Y|N|86302|U|U|24|||||053|||||129|||||000318|A|13206|99999|99999|28590|00701|25138|0|3002|Block 3002|S||115|58|+43.0628187|-076.1089058|BK||99999
DHCST|NY|100|00|00|000|00|0212875|1000000US360670018003003|360670018003003|1|2|36|01779796|067|H1|00974132|73000|C5|00979539|99999|99|99999999||||99999|99|99999999|73000|C5|00979539|001800|3|3003|9999|9|99999|99|99999999|999|99999|99|99999999|999999|9|99999|99|99999999|45060|1|532|99999|99999|9|999|99999|Y|N|86302|U|U|24|||||053|||||129|||||000310|A|13206|99999|99999|28590|00701|25598|0|3003|Block 3003|S||108|46|+43.0627500|-076.1101429|BK||99999
DHCST|NY|100|00|00|000|00|0212876|1000000US360670018003004|360670018003004|1|2|36|01779796|067|H1|00974132|73000|C5|00979539|99999|99|99999999||||99999|99|99999999|73000|C5|00979539|001800|3|3004|9999|9|99999|99|99999999|999|99999|99|99999999|999999|9|99999|99|99999999|45060|1|532|99999|99999|9|999|99999|Y|N|86302|U|U|24|||||053|||||129|||||000310|A|13206|99999|99999|28590|00701|2593|0|3004|Block 3004|S||0|0|+43.0627113|-076.1108277|BK||99999
DHCST|NY|100|00|00|000|00|0212877|1000000US360670018003005|360670018003005|1|2|36|01779796|067|H1|00974132|73000|C5|00979539|99999|99|99999999||||99999|99|99999999|73000|C5|00979539|001800|3|3005|9999|9|99999|99|99999999|999|99999|99|99999999|999999|9|99999|99|99999999|45060|1|532|99999|99999|9|999|99999|Y|N|86302|U|U|24|||||053|||||129|||||000310|A|13206|99999|99999|28590|00701|27113|0|3005|Block 3005|S||107|44|+43.0626841|-076.1115486|BK||99999
DHCST|NY|100|00|00|000|00|0212878|1000000US360670018003006|360670018003006|1|2|36|01779796|067|H1|00974132|73000|C5|00979539|99999|99|99999999||||99999|99|99999999|73000|C5|00979539|001800|3|3006|9999|9|99999|99|99999999|999|99999|99|99999999|999999|9|99999|99|99999999|45060|1|532|99999|99999|9|999|99999|Y|N|86302|U|U|24|||||053|||||129|||||000312|A|13206|99999|99999|28590|00701|28326|0|3006|Block 3006|S||76|39|+43.0626263|-076.1128899|BK||99999
DHCST|NY|100|00|00|000|00|0212879|1000000US360670018003007|360670018003007|1|2|36|01779796|067|H1|00974132|73000|C5|00979539|99999|99|99999999||||99999|99|99999999|73000|C5|00979539|001800|3|3007|9999|9|99999|99|99999999|999|99999|99|99999999|999999|9|99999|99|99999999|45060|1|532|99999|99999|9|999|99999|Y|N|86302|U|U|24|||||053|||||129|||||000310|A|13206|99999|99999|28590|00701|33581|0|3007|Block 3007|S||106|38|+43.0601303|-076.1126671|BK||99999
DHCST|NY|100|00|00|000|00|0212880|1000000US360670018003008|360670018003008|1|2|36|01779796|067|H1|00974132|73000|C5|00979539|99999|99|99999999||||99999|99|99999999|73000|C5|00979539|001800|3|3008|9999|9|99999|99|99999999|999|99999|99|99999999|999999|9|99999|99|99999999|45060|1|532|99999|99999|9|999|99999|Y|N|86302|U|U|24|||||053|||||129|||||000310|A|13206|99999|99999|28590|00701|107429|0|3008|Block 3008|S||220|116|+43.0593804|-076.1105848|BK||99999
DHCST|NY|100|00|00|000|00|0212881|1000000US360670018003009|360670018003009|1|2|36|01779796|067|H1|00974132|73000|C5|00979539|99999|99|99999999||||99999|99|99999999|73000|C5|00979539|001800|3|3009|9999|9|99999|99|99999999|999|99999|99|99999999|999999|9|99999|99|99999999|45060|1|532|99999|99999|9|999|99999|Y|N|86302|U|U|24|||||053|||||129|||||000310|A|13206|99999|99999|28590|00701|29018|0|3009|Block 3009|S||100|48|+43.0603903|-076.1087018|BK||99999
DHCST|NY|100|00|00|000|00|0212882|1000000US360670018003010|360670018003010|1|2|36|01779796|067|H1|00974132|73000|C5|00979539|99999|99|99999999||||99999|99|99999999|73000|C5|00979539|001800|3|3010|9999|9|99999|99|99999999|999|99999|99|99999999|999999|9|99999|99|99999999|45060|1|532|99999|99999|9|999|99999|Y|N|86302|U|U|24|||||053|||||129|||||000310|A|13206|99999|99999|28590|00701|27059|0|3010|Block 3010|S||91|32|+43.0605543|-076.1074699|BK||99999
DHCST|NY|100|00|00|000|00|0212883|1000000US360670018003011|360670018003011|1|2|36|01779796|067|H1|00974132|73000|C5|00979539|99999|99|99999999||||99999|99|99999999|73000|C5|00979539|001800|3|3011|9999|9|99999|99|99999999|999|99999|99|99999999|999999|9|99999|99|99999999|45060|1|532|99999|99999|9|999|99999|Y|N|86302|U|U|24|||||053|||||129|||||000310|A|13206|99999|99999|28590|00701|23839|0|3011|Block 3011|S||103|38|+43.0607308|-076.1062435|BK||99999
DHCST|NY|100|00|00|000|00|0212884|1000000US360670018003012|360670018003012|1|2|36|01779796|067|H1|00974132|73000|C5|00979539|99999|99|99999999||||99999|99|99999999|73000|C5|00979539|001800|3|3012|9999|9|99999|99|99999999|999|99999|99|99999999|999999|9|99999|99|99999999|45060|1|532|99999|99999|9|999|99999|Y|N|86302|U|U|24|||||053|||||129|||||000310|A|13206|99999|99999|28590|00701|17259|0|3012|Block 3012|S||47|25|+43.0588745|-076.1060660|BK||99999
DHCST|NY|100|00|00|000|00|0212885|1000000US360670018003013|360670018003013|1|2|36|01779796|067|H1|00974132|73000|C5|00979539|99999|99|99999999||||99999|99|99999999|73000|C5|00979539|001800|3|3013|9999|9|99999|99|99999999|999|99999|99|99999999|999999|9|99999|99|99999999|45060|1|532|99999|99999|9|999|99999|Y|N|86302|U|U|24|||||053|||||129|||||000310|A|13206|99999|99999|28590|00701|17561|0|3013|Block 3013|S||36|23|+43.0586058|-076.1072806|BK||99999
DHCST|NY|100|00|00|000|00|0212886|1000000US360670018003014|360670018003014|1|2|36|01779796|067|H1|00974132|73000|C5|00979539|99999|99|99999999||||99999|99|99999999|73000|C5|00979539|001800|3|3014|9999|9|99999|99|99999999|999|99999|99|99999999|999999|9|99999|99|99999999|45060|1|532|99999|99999|9|999|99999|Y|N|86302|U|U|24|||||053|||||129|||||000310|A|13206|99999|99999|28590|00701|17312|0|3014|Block 3014|S||30|26|+43.0583247|-076.1084997|BK||99999
DHCST|NY|100|00|00|000|00|0212887|1000000US360670018003015|360670018003015|1|2|36|01779796|067|H1|00974132|73000|C5|00979539|99999|99|99999999||||99999|99|99999999|73000|C5|00979539|001800|3|3015|9999|9|99999|99|99999999|999|99999|99|99999999|999999|9|99999|99|99999999|45060|1|532|99999|99999|9|999|99999|Y|N|86302|U|U|24|||||053|||||129|||||000310|A|13206|99999|99999|28590|00701|91662|0|3015|Block 3015|S||6|1|+43.0566531|-076.1106904|BK||99999
DHCST|NY|100|00|00|000|00|0212888|1000000US360670018003016|360670018003016|1|2|36|01779796|067|H1|00974132|73000|C5|00979539|99999|99|99999999||||99999|99|99999999|73000|C5|00979539|001800|3|3016|9999|9|99999|99|99999999|999|99999|99|99999999|999999|9|99999|99|99999999|45060|1|532|99999|99999|9|999|99999|Y|N|86302|U|U|24|||||053|||||129|||||000310|A|13206|99999|99999|28590|00701|14134|0|3016|Block 3016|S||0|0|+43.0563793|-076.1097349|BK||99999
DHCST|NY|100|00|00|000|00|0212889|1000000US360670018003017|360670018003017|1|2|36|01779796|067|H1|00974132|73000|C5|00979539|99999|99|99999999||||99999|99|99999999|73000|C5|00979539|001800|3|3017|9999|9|99999|99|99999999|999|99999|99|99999999|999999|9|99999|99|99999999|45060|1|532|99999|99999|9|999|99999|Y|N|86302|U|U|24|||||053|||||129|||||000310|A|13206|99999|99999|28590|00701|24314|0|3017|Block 3017|S||68|37|+43.0577920|-076.1124629|BK||99999
DHCST|NY|100|00|00|000|00|0212890|1000000US360670019001000|360670019001000|1|2|36|01779796|067|H1|00974132|73000|C5|00979539|99999|99|99999999||||99999|99|99999999|73000|C5|00979539|001900|1|1000|9999|9|99999|99|99999999|999|99999|99|99999999|999999|9|99999|99|99999999|45060|1|532|99999|99999|9|999|99999|Y|N|86302|U|U|24|||||053|||||129|||||000317|A|13206|99999|99999|28590|00701|15011|0|1000|Block 1000|S||34|16|+43.0675944|-076.0911144|BK||99999
DHCST|NY|100|00|00|000|00|0212891|1000000US360670019001001|360670019001001|1|2|36|01779796|067|H1|00974132|73000|C5|00979539|99999|99|99999999||||99999|99|99999999|73000|C5|00979539|001900|1|1001|9999|9|99999|99|99999999|999|99999|99|99999999|999999|9|99999|99|99999999|45060|1|532|99999|99999|9|999|99999|Y|N|86302|U|U|24|||||053|||||129|||||000317|A|13206|99999|99999|28590|00701|12179|0|1001|Block 1001|S||56|17|+43.0675538|-076.0925023|BK||99999
DHCST|NY|100|00|00|000|00|0212892|1000000US360670019001002|360670019001002|1|2|36|01779796|067|H1|00974132|73000|C5|00979539|99999|99|99999999||||99999|99|99999999|73000|C5|00979539|001900|1|1002|9999|9|99999|99|99999999|999|99999|99|99999999|999999|9|99999|99|99999999|45060|1|532|99999|99999|9|999|99999|Y|N|86302|U|U|24|||||053|||||129|||||000319|A|13206|99999|99999|28590|00701|25134|0|1002|Block 1002|S||67|36|+43.0658827|-076.0923736|BK||99999
DHCST|NY|100|00|00|000|00|0212893|1000000US360670019001003|360670019001003|1|2|36|01779796|067|H1|00974132|73000|C5|00979539|99999|99|99999999||||99999|99|99999999|73000|C5|00979539|001900|1|1003|9999|9|99999|99|99999999|999|99999|99|99999999|999999|9|99999|99|99999999|45060|1|532|99999|99999|9|999|99999|Y|N|86302|U|U|24|||||053|||||129|||||000319|A|13206|99999|99999|28590|00701|25606|0|1003|Block 1003|S||62|36|+43.0659313|-076.0911375|BK||99999
DHCST|NY|100|00|00|000|00|0212894|1000000US360670019001004|360670019001004|1|2|36|01779796|067|H1|00974132|73000|C5|00979539|99999|99|99999999||||99999|99|99999999|73000|C5|00979539|001900|1|1004|9999|9|99999|99|99999999|999|99999|99|99999999|999999|9|99999|99|99999999|45060|1|532|99999|99999|9|999|99999|Y|N|86302|U|U|24|||||053|||||129|||||000319|A|13206|99999|99999|28590|00701|40301|0|1004|Block 1004|S||63|35|+43.0651167|-076.0893196|BK||99999
DHCST|NY|100|00|00|000|00|0212895|1000000US360670019001005|360670019001005|1|2|36|01779796|067|H1|00974132|73000|C5|00979539|99999|99|99999999||||99999|99|99999999|73000|C5|00979539|001900|1|1005|9999|9|99999|99|99999999|999|99999|99|99999999|999999|9|99999|99|99999999|45060|1|532|99999|99999|9|999|99999|Y|N|86302|U|U|24|||||053|||||129|||||000319|A|13206|99999|99999|28590|00701|16858|0|1005|Block 1005|S||56|20|+43.0641015|-076.0897567|BK||99999
DHCST|NY|100|00|00|000|00|0212896|1000000US360670019001006|360670019001006|1|2|36|01779796|067|H1|00974132|73000|C5|00979539|99999|99|99999999||||99999|99|99999999|73000|C5|00979539|001900|1|1006|9999|9|99999|99|99999999|999|99999|99|99999999|999999|9|99999|99|99999999|45060|1|532|99999|99999|9|999|99999|Y|N|86302|U|U|24|||||053|||||129|||||000319|A|13206|99999|99999|28590|00701|18999|0|1006|Block 1006|S||31|22|+43.0639563|-076.0909891|BK||99999
DHCST|NY|100|00|00|000|00|0212897|1000000US360670019001007|360670019001007|1|2|36|01779796|067|H1|00974132|73000|C5|00979539|99999|99|99999999||||99999|99|99999999|73000|C5|00979539|001900|1|1007|9999|9|99999|99|99999999|999|99999|99|99999999|999999|9|99999|99|99999999|45060|1|532|99999|99999|9|999|99999|Y|N|86302|U|U|24|||||053|||||129|||||000319|A|13206|99999|99999|28590|00701|21349|0|1007|Block 1007|S||47|28|+43.0637944|-076.0922146|BK||99999
DHCST|NY|100|00|00|000|00|0212898|1000000US360670019001008|360670019001008|1|2|36|01779796|067|H1|00974132|73000|C5|00979539|99999|99|99999999||||99999|99|99999999|73000|C5|00979539|001900|1|1008|9999|9|99999|99|99999999|999|99999|99|99999999|999999|9|99999|99|99999999|45060|1|532|99999|99999|9|999|99999|Y|N|86302|U|U|24|||||053|||||129|||||000310|A|13206|99999|99999|28590|00701|20117|0|1008|Block 1008|S||64|40|+43.0619525|-076.0920587|BK||99999
DHCST|NY|100|00|00|000|00|0212899|1000000US360670019001009|360670019001009|1|2|36|01779796|067|H1|00974132|73000|C5|00979539|99999|99|99999999||||99999|99|99999999|73000|C5|00979539|001900|1|1009|9999|9|99999|99|99999999|999|99999|99|99999999|999999|9|99999|99|99999999|45060|1|532|99999|99999|9|999|99999|Y|N|86302|U|U|24|||||053|||||129|||||000310|A|13206|99999|99999|28590|00701|21253|0|1009|Block 1009|S||89|55|+43.0621547|-076.0908395|BK||99999
DHCST|NY|100|00|00|000|00|0212900|1000000US360670019001010|360670019001010|1|2|36|01779796|067|H1|00974132|73000|C5|00979539|99999|99|99999999||||99999|99|99999999|73000|C5|00979539|001900|1|1010|9999|9|99999|99|99999999|999|99999|99|99999999|999999|9|99999|99|99999999|45060|1|532|99999|99999|9|999|99999|Y|N|86302|U|U|24|||||053|||||129|||||000310|A|13206|99999|99999|28590|00701|60186|0|1010|Block 1010|S||63|27|+43.0624495|-076.0885209|BK||99999
DHCST|NY|100|00|00|000|00|0212901|1000000US360670019002000|360670019002000|1|2|36|01779796|067|H1|00974132|73000|C5|00979539|99999|99|99999999||||99999|99|99999999|73000|C5|00979539|001900|2|2000|9999|9|99999|99|99999999|999|99999|99|99999999|999999|9|99999|99|99999999|45060|1|532|99999|99999|9|999|99999|Y|N|86302|U|U|24|||||053|||||129|||||000310|A|13206|99999|99999|28590|00701|183480|0|2000|Block 2000|S||36|18|+43.0600391|-076.0939287|BK||99999
DHCST|NY|100|00|00|000|00|0212902|1000000US360670019002001|360670019002001|1|2|36|01779796|067|H1|00974132|73000|C5|00979539|99999|99|99999999||||99999|99|99999999|73000|C5|00979539|001900|2|2001|9999|9|99999|99|99999999|999|99999|99|99999999|999999|9|99999|99|99999999|45060|1|532|99999|99999|9|999|99999|Y|N|86302|U|U|24|||||053|||||129|||||000310|A|13206|99999|99999|28590|00701|15869|0|2001|Block 2001|S||54|32|+43.0602708|-076.0999506|BK||99999
DHCST|NY|100|00|00|000|00|0212903|1000000US360670019002002|360670019002002|1|2|36|01779796|067|H1|00974132|73000|C5|00979539|99999|99|99999999||||99999|99|99999999|73000|C5|00979539|001900|2|2002|9999|9|99999|99|99999999|999|99999|99|99999999|999999|9|99999|99|99999999|45060|1|532|99999|99999|9|999|99999|Y|N|86302|U|U|24|||||053|||||129|||||000310|A|13206|99999|99999|28590|00701|15759|0|2002|Block 2002|S||66|43|+43.0605287|-076.0988265|BK||99999
DHCST|NY|100|00|00|000|00|0212904|1000000US360670019002003|360670019002003|1|2|36|01779796|067|H1|00974132|73000|C5|00979539|99999|99|99999999||||99999|99|99999999|73000|C5|00979539|001900|2|2003|9999|9|99999|99|99999999|999|99999|99|99999999|999999|9|99999|99|99999999|45060|1|532|99999|99999|9|999|99999|Y|N|86302|U|U|24|||||053|||||129|||||000318|A|13206|99999|99999|28590|00701|5028|0|2003|Block 2003|S||0|0|+43.0591875|-076.1027469|BK||99999
DHCST|NY|100|00|00|000|00|0212905|1000000US360670019002004|360670019002004|1|2|36|01779796|067|H1|00974132|73000|C5|00979539|99999|99|99999999||||99999|99|99999999|73000|C5|00979539|001900|2|2004|9999|9|99999|99|99999999|999|99999|99|99999999|999999|9|99999|99|99999999|45060|1|532|99999|99999|9|999|99999|Y|N|86302|U|U|24|||||053|||||129|||||000319|A|13206|99999|99999|28590|00701|17394|0|2004|Block 2004|S||65|49|+43.0608018|-076.0976538|BK||99999
DHCST|NY|100|00|00|000|00|0212906|1000000US360670019002005|360670019002005|1|2|36|01779796|067|H1|00974132|73000|C5|00979539|99999|99|99999999||||99999|99|99999999|73000|C5|00979539|001900|2|2005|9999|9|99999|99|99999999|999|99999|99|99999999|999999|9|99999|99|99999999|45060|1|532|99999|99999|9|999|99999|Y|N|86302|U|U|24|||||053|||||129|||||000318|A|13206|99999|99999|28590|00701|19402|0|2005|Block 2005|S||40|28|+43.0597251|-076.1020362|BK||99999
DHCST|NY|100|00|00|000|00|0212907|1000000US360670019002006|360670019002006|1|2|36|01779796|067|H1|00974132|73000|C5|00979539|99999|99|99999999||||99999|99|99999999|73000|C5|00979539|001900|2|2006|9999|9|99999|99|99999999|999|99999|99|99999999|999999|9|99999|99|99999999|45060|1|532|99999|99999|9|999|99999|Y|N|86302|U|U|24|||||053|||||129|||||000310|A|13206|99999|99999|28590|00701|12025|0|2006|Block 2006|S||27|19|+43.0617743|-076.0930647|BK||99999
DHCST|NY|100|00|00|000|00|0212908|1000000US360670019002007|360670019002007|1|2|36|01779796|067|H1|00974132|73000|C5|00979539|99999|99|99999999||||99999|99|99999999|73000|C5|00979539|001900|2|2007|9999|9|99999|99|99999999|999|99999|99|99999999|999999|9|99999|99|99999999|45060|1|532|99999|99999|9|999|99999|Y|N|86302|U|U|24|||||053|||||129|||||000310|A|13206|99999|99999|28590|00701|17030|0|2007|Block 2007|S||75|38|+43.0616019|-076.0940427|BK||99999
DHCST|NY|100|00|00|000|00|0212909|1000000US360670019002008|360670019002008|1|2|36|01779796|067|H1|00974132|73000|C5|00979539|99999|99|99999999||||99999|99|99999999|73000|C5|00979539|001900|2|2008|9999|9|99999|99|99999999|999|99999|99|99999999|999999|9|99999|99|99999999|45060|1|532|99999|99999|9|999|99999|Y|N|86302|U|U|24|||||053|||||129|||||000310|A|13206|99999|99999|28590|00701|16918|0|2008|Block 2008|S||38|20|+43.0613548|-076.0952301|BK||99999
DHCST|NY|100|00|00|000|00|0212910|1000000US360670019002009|360670019002009|1|2|36|01779796|067|H1|00974132|73000|C5|00979539|99999|99|99999999||||99999|99|99999999|73000|C5|00979539|001900|2|2009|9999|9|99999|99|99999999|999|99999|99|99999999|999999|9|99999|99|99999999|45060|1|532|99999|99999|9|999|99999|Y|N|86302|U|U|24|||||053|||||129|||||000310|A|13206|99999|99999|28590|00701|17169|0|2009|Block 2009|S||57|44|+43.0610788|-076.0964326|BK||99999
DHCST|NY|100|00|00|000|00|0212911|1000000US360670019002010|360670019002010|1|2|36|01779796|067|H1|00974132|73000|C5|00979539|99999|99|99999999||||99999|99|99999999|73000|C5|00979539|001900|2|2010|9999|9|99999|99|99999999|999|99999|99|99999999|999999|9|99999|99|99999999|45060|1|532|99999|99999|9|999|99999|Y|N|86302|U|U|24|||||053|||||129|||||000310|A|13206|99999|99999|28590|00701|74296|0|2010|Block 2010|S||0|0|+43.0597124|-076.0865075|BK||99999
DHCST|NY|100|00|00|000|00|0212912|1000000US360670019002011|360670019002011|1|2|36|01779796|067|H1|00974132|73000|C5|00979539|99999|99|99999999||||99999|99|99999999|73000|C5|00979539|001900|2|2011|9999|9|99999|99|99999999|999|99999|99|99999999|999999|9|99999|99|99999999|45060|1|532|99999|99999|9|999|99999|Y|N|86302|U|U|24|||||053|||||129|||||000310|A|13206|99999|99999|28590|00701|10148|0|2011|Block 2011|S||0|0|+43.0588445|-076.0867926|BK||99999
DHCST|NY|100|00|00|000|00|0212913|1000000US360670019002012|360670019002012|1|2|36|01779796|067|H1|00974132|73000|C5|00979539|99999|99|99999999||||99999|99|99999999|73000|C5|00979539|001900|2|2012|9999|9|99999|99|99999999|999|99999|99|99999999|999999|9|99999|99|99999999|45060|1|532|99999|99999|9|999|99999|Y|N|86302|U|U|24|||||053|||||129|||||000310|A|13206|99999|99999|28590|00701|20934|0|2012|Block 2012|S||0|0|+43.0595339|-076.0924121|BK||99999
DHCST|NY|100|00|00|000|00|0212914|1000000US360670019002013|360670019002013|1|2|36|01779796|067|H1|00974132|73000|C5|00979539|99999|99|99999999||||99999|99|99999999|73000|C5|00979539|001900|2|2013|9999|9|99999|99|99999999|999|99999|99|99999999|999999|9|99999|99|99999999|45060|1|532|99999|99999|9|999|99999|Y|N|86302|U|U|24|||||053|||||129|||||000310|A|13206|99999|99999|28590|00701|15956|0|2013|Block 2013|S||26|11|+43.0594166|-076.1036991|BK||99999
DHCST|NY|100|00|00|000|00|0212915|1000000US360670019002014|360670019002014|1|2|36|01779796|067|H1|00974132|73000|C5|00979539|99999|99|99999999||||99999|99|99999999|73000|C5|00979539|001900|2|2014|9999|9|99999|99|99999999|999|99999|99|99999999|999999|9|99999|99|99999999|45060|1|532|99999|99999|9|999|99999|Y|N|86302|U|U|24|||||053|||||129|||||000318|A|13206|99999|99999|28590|00701|18005|0|2014|Block 2014|S||47|28|+43.0610553|-076.1038465|BK||99999
DHCST|NY|100|00|00|000|00|0212916|1000000US360670019002015|360670019002015|1|2|36|01779796|067|H1|00974132|73000|C5|00979539|99999|99|99999999||||99999|99|99999999|73000|C5|00979539|001900|2|2015|9999|9|99999|99|99999999|999|99999|99|99999999|999999|9|99999|99|99999999|45060|1|532|99999|99999|9|999|99999|Y|N|86302|U|U|24|||||053|||||129|||||000318|A|13206|99999|99999|28590|00701|17677|0|2015|Block 2015|S||59|25|+43.0612207|-076.1026370|BK||99999
DHCST|NY|100|00|00|000|00|0212917|1000000US360670019002016|360670019002016|1|2|36|01779796|067|H1|00974132|73000|C5|00979539|99999|99|99999999||||99999|99|99999999|73000|C5|00979539|001900|2|2016|9999|9|99999|99|99999999|999|99999|99|99999999|999999|9|99999|99|99999999|45060|1|532|99999|99999|9|999|99999|Y|N|86302|U|U|24|||||053|||||129|||||000318|A|13206|99999|99999|28590|00701|1403|0|2016|Block 2016|S||0|0|+43.0603988|-076.1020644|BK||99999
DHCST|NY|100|00|00|000|00|0212918|1000000US360670019002017|360670019002017|1|2|36|01779796|067|H1|00974132|73000|C5|00979539|99999|99|99999999||||99999|99|99999999|73000|C5|00979539|001900|2|2017|9999|9|99999|99|99999999|999|99999|99|99999999|999999|9|99999|99|99999999|45060|1|532|99999|99999|9|999|99999|Y|N|86302|U|U|24|||||053|||||129|||||000318|A|13206|99999|99999|28590|00701|11385|0|2017|Block 2017|S||30|10|+43.0602556|-076.1010608|BK||99999
DHCST|NY|100|00|00|000|00|0212919|1000000US360670019002018|360670019002018|1|2|36|01779796|067|H1|00974132|73000|C5|00979539|99999|99|99999999||||99999|99|99999999|73000|C5|00979539|001900|2|2018|9999|9|99999|99|99999999|999|99999|99|99999999|999999|9|99999|99|99999999|45060|1|532|99999|99999|9|999|99999|Y|N|86302|U|U|24|||||053|||||129|||||000310|A|13206|99999|99999|28590|00701|17467|0|2018|Block 2018|S||67|27|+43.0591496|-076.1048583|BK||99999
DHCST|NY|100|00|00|000|00|0212920|1000000US360670019002019|360670019002019|1|2|36|01779796|067|H1|00974132|73000|C5|00979539|99999|99|99999999||||99999|99|99999999|73000|C5|00979539|001900|2|2019|9999|9|99999|99|99999999|999|99999|99|99999999|999999|9|99999|99|99999999|45060|1|532|99999|99999|9|999|99999|Y|N|86302|U|U|24|||||053|||||129|||||000318|A|13206|99999|99999|28590|00701|21641|0|2019|Block 2019|S||69|27|+43.0608950|-076.1050294|BK||99999
DHCST|NY|100|00|00|000|00|0212921|1000000US360670019003000|360670019003000|1|2|36|01779796|067|H1|00974132|73000|C5|00979539|99999|99|99999999||||99999|99|99999999|73000|C5|00979539|001900|3|3000|9999|9|99999|99|99999999|999|99999|99|99999999|999999|9|99999|99|99999999|45060|1|532|99999|99999|9|999|99999|Y|N|86302|U|U|24|||||053|||||129|||||000319|A|13206|99999|99999|28590|00701|24073|0|3000|Block 3000|S||82|34|+43.0636229|-076.0934440|BK||99999
DHCST|NY|100|00|00|000|00|0212922|1000000US360670019003001|360670019003001|1|2|36|01779796|067|H1|00974132|73000|C5|00979539|99999|99|99999999||||99999|99|99999999|73000|C5|00979539|001900|3|3001|9999|9|99999|99|99999999|999|99999|99|99999999|999999|9|99999|99|99999999|45060|1|532|99999|99999|9|999|99999|Y|N|86302|U|U|24|||||053|||||129|||||000319|A|13206|99999|99999|28590|00701|21749|0|3001|Block 3001|S||64|33|+43.0634098|-076.0945779|BK||99999
DHCST|NY|100|00|00|000|00|0212923|1000000US360670019003002|360670019003002|1|2|36|01779796|067|H1|00974132|73000|C5|00979539|99999|99|99999999||||99999|99|99999999|73000|C5|00979539|001900|3|3002|9999|9|99999|99|99999999|999|99999|99|99999999|999999|9|99999|99|99999999|45060|1|532|99999|99999|9|999|99999|Y|N|86302|U|U|24|||||053|||||129|||||000319|A|13206|99999|99999|28590|00701|18287|0|3002|Block 3002|S||59|28|+43.0632411|-076.0956764|BK||99999
DHCST|NY|100|00|00|000|00|0212924|1000000US360670019003003|360670019003003|1|2|36|01779796|067|H1|00974132|73000|C5|00979539|99999|99|99999999||||99999|99|99999999|73000|C5|00979539|001900|3|3003|9999|9|99999|99|99999999|999|99999|99|99999999|999999|9|99999|99|99999999|45060|1|532|99999|99999|9|999|99999|Y|N|86302|U|U|24|||||053|||||129|||||000319|A|13206|99999|99999|28590|00701|18445|0|3003|Block 3003|S||53|30|+43.0631998|-076.0967598|BK||99999
DHCST|NY|100|00|00|000|00|0212925|1000000US360670019003004|360670019003004|1|2|36|01779796|067|H1|00974132|73000|C5|00979539|99999|99|99999999||||99999|99|99999999|73000|C5|00979539|001900|3|3004|9999|9|99999|99|99999999|999|99999|99|99999999|999999|9|99999|99|99999999|45060|1|532|99999|99999|9|999|99999|Y|N|86302|U|U|24|||||053|||||129|||||000319|A|13206|99999|99999|28590|00701|20380|0|3004|Block 3004|S||67|31|+43.0631657|-076.0979072|BK||99999
DHCST|NY|100|00|00|000|00|0212926|1000000US360670019003005|360670019003005|1|2|36|01779796|067|H1|00974132|73000|C5|00979539|99999|99|99999999||||99999|99|99999999|73000|C5|00979539|001900|3|3005|9999|9|99999|99|99999999|999|99999|99|99999999|999999|9|99999|99|99999999|45060|1|532|99999|99999|9|999|99999|Y|N|86302|U|U|24|||||053|||||129|||||000318|A|13206|99999|99999|28590|00701|15128|0|3005|Block 3005|S||55|23|+43.0629284|-076.0989812|BK||99999
DHCST|NY|100|00|00|000|00|0212927|1000000US360670019003006|360670019003006|1|2|36|01779796|067|H1|00974132|73000|C5|00979539|99999|99|99999999||||99999|99|99999999|73000|C5|00979539|001900|3|3006|9999|9|99999|99|99999999|999|99999|99|99999999|999999|9|99999|99|99999999|45060|1|532|99999|99999|9|999|99999|Y|N|86302|U|U|24|||||053|||||129|||||000318|A|13206|99999|99999|28590|00701|29929|0|3006|Block 3006|S||101|40|+43.0633915|-076.1000054|BK||99999
DHCST|NY|100|00|00|000|00|0212928|1000000US360670019003007|360670019003007|1|2|36|01779796|067|H1|00974132|73000|C5|00979539|99999|99|99999999||||99999|99|99999999|73000|C5|00979539|001900|3|3007|9999|9|99999|99|99999999|999|99999|99|99999999|999999|9|99999|99|99999999|45060|1|532|99999|99999|9|999|99999|Y|N|86302|U|U|24|||||053|||||129|||||000318|A|13206|99999|99999|28590|00701|18161|0|3007|Block 3007|S||59|31|+43.0638979|-076.1021398|BK||99999
DHCST|NY|100|00|00|000|00|0212929|1000000US360670019003008|360670019003008|1|2|36|01779796|067|H1|00974132|73000|C5|00979539|99999|99|99999999||||99999|99|99999999|73000|C5|00979539|001900|3|3008|9999|9|99999|99|99999999|999|99999|99|99999999|999999|9|99999|99|99999999|45060|1|532|99999|99999|9|999|99999|Y|N|86302|U|U|24|||||053|||||129|||||000318|A|13206|99999|99999|28590|00701|24158|0|3008|Block 3008|S||96|44|+43.0630515|-076.1040033|BK||99999
DHCST|NY|100|00|00|000|00|0212930|1000000US360670019003009|360670019003009|1|2|36|01779796|067|H1|00974132|73000|C5|00979539|99999|99|99999999||||99999|99|99999999|73000|C5|00979539|001900|3|3009|9999|9|99999|99|99999999|999|99999|99|99999999|999999|9|99999|99|99999999|45060|1|532|99999|99999|9|999|99999|Y|N|86302|U|U|24|||||053|||||129|||||000318|A|13206|99999|99999|28590|00701|25392|0|3009|Block 3009|S||87|46|+43.0629933|-076.1052075|BK||99999
DHCST|NY|100|00|00|000|00|0212931|1000000US360670019003010|360670019003010|1|2|36|01779796|067|H1|00974132|73000|C5|00979539|99999|99|99999999||||99999|99|99999999|73000|C5|00979539|001900|3|3010|9999|9|99999|99|99999999|999|99999|99|99999999|999999|9|99999|99|99999999|45060|1|532|99999|99999|9|999|99999|Y|N|86302|U|U|24|||||053|||||129|||||000319|A|13206|99999|99999|28590|00701|2024|0|3010|Block 3010|S||0|0|+43.0621986|-076.0954964|BK||99999
DHCST|NY|100|00|00|000|00|0212932|1000000US360670019003011|360670019003011|1|2|36|01779796|067|H1|00974132|73000|C5|00979539|99999|99|99999999||||99999|99|99999999|73000|C5|00979539|001900|3|3011|9999|9|99999|99|99999999|999|99999|99|99999999|999999|9|99999|99|99999999|45060|1|532|99999|99999|9|999|99999|Y|N|86302|U|U|24|||||053|||||129|||||000319|A|13206|99999|99999|28590|00701|4683|0|3011|Block 3011|S||33|19|+43.0620484|-076.0965930|BK||99999
DHCST|NY|100|00|00|000|00|0212933|1000000US360670019003012|360670019003012|1|2|36|01779796|067|H1|00974132|73000|C5|00979539|99999|99|99999999||||99999|99|99999999|73000|C5|00979539|001900|3|3012|9999|9|99999|99|99999999|999|99999|99|99999999|999999|9|99999|99|99999999|45060|1|532|99999|99999|9|999|99999|Y|N|86302|U|U|24|||||053|||||129|||||000319|A|13206|99999|99999|28590|00701|7449|0|3012|Block 3012|S||14|8|+43.0618851|-076.0977971|BK||99999
DHCST|NY|100|00|00|000|00|0212934|1000000US360670019003013|360670019003013|1|2|36|01779796|067|H1|00974132|73000|C5|00979539|99999|99|99999999||||99999|99|99999999|73000|C5|00979539|001900|3|3013|9999|9|99999|99|99999999|999|99999|99|99999999|999999|9|99999|99|99999999|45060|1|532|99999|99999|9|999|99999|Y|N|86302|U|U|24|||||053|||||129|||||000318|A|13206|99999|99999|28590|00701|8755|0|3013|Block 3013|S||25|17|+43.0617235|-076.0989538|BK||99999
DHCST|NY|100|00|00|000|00|0212935|1000000US360670019003014|360670019003014|1|2|36|01779796|067|H1|00974132|73000|C5|00979539|99999|99|99999999||||99999|99|99999999|73000|C5|00979539|001900|3|3014|9999|9|99999|99|99999999|999|99999|99|99999999|999999|9|99999|99|99999999|45060|1|532|99999|99999|9|999|99999|Y|N|86302|U|U|24|||||053|||||129|||||000318|A|13206|99999|99999|28590|00701|11223|0|3014|Block 3014|S||28|15|+43.0615644|-076.1000750|BK||99999
DHCST|NY|100|00|00|000|00|0212936|1000000US360670019003015|360670019003015|1|2|36|01779796|067|H1|00974132|73000|C5|00979539|99999|99|99999999||||99999|99|99999999|73000|C5|00979539|001900|3|3015|9999|9|99999|99|99999999|999|99999|99|99999999|999999|9|99999|99|99999999|45060|1|532|99999|99999|9|999|99999|Y|N|86302|U|U|24|||||053|||||129|||||000318|A|13206|99999|99999|28590|00701|15946|0|3015|Block 3015|S||36|16|+43.0613882|-076.1013264|BK||99999
DHCST|NY|100|00|00|000|00|0212937|1000000US360670019003016|360670019003016|1|2|36|01779796|067|H1|00974132|73000|C5|00979539|99999|99|99999999||||99999|99|99999999|73000|C5|00979539|001900|3|3016|9999|9|99999|99|99999999|999|99999|99|99999999|999999|9|99999|99|99999999|45060|1|532|99999|99999|9|999|99999|Y|N|86302|U|U|24|||||053|||||129|||||000318|A|13206|99999|99999|28590|00701|36616|0|3016|Block 3016|S||50|49|+43.0627641|-076.1020591|BK||99999
DHCST|NY|100|00|00|000|00|0212938|1000000US360670019004000|360670019004000|1|2|36|01779796|067|H1|00974132|73000|C5|00979539|99999|99|99999999||||99999|99|99999999|73000|C5|00979539|001900|4|4000|9999|9|99999|99|99999999|999|99999|99|99999999|999999|9|99999|99|99999999|45060|1|532|99999|99999|9|999|99999|Y|N|86302|U|U|24|||||053|||||129|||||000319|A|13206|99999|99999|28590|00701|25724|0|4000|Block 4000|S||69|35|+43.0658233|-076.0936115|BK||99999
DHCST|NY|100|00|00|000|00|0212939|1000000US360670019004001|360670019004001|1|2|36|01779796|067|H1|00974132|73000|C5|00979539|99999|99|99999999||||99999|99|99999999|73000|C5|00979539|001900|4|4001|9999|9|99999|99|99999999|999|99999|99|99999999|999999|9|99999|99|99999999|45060|1|532|99999|99999|9|999|99999|Y|N|86302|U|U|24|||||053|||||129|||||000317|A|13206|99999|99999|28590|00701|21310|0|4001|Block 4001|S||59|35|+43.0661717|-076.0957477|BK||99999
DHCST|NY|100|00|00|000|00|0212940|1000000US360670019004002|360670019004002|1|2|36|01779796|067|H1|00974132|73000|C5|00979539|99999|99|99999999||||99999|99|99999999|73000|C5|00979539|001900|4|4002|9999|9|99999|99|99999999|999|99999|99|99999999|999999|9|99999|99|99999999|45060|1|532|99999|99999|9|999|99999|Y|N|86302|U|U|24|||||053|||||129|||||000317|A|13206|99999|99999|28590|00701|18792|0|4002|Block 4002|S||54|28|+43.0660424|-076.0985159|BK||99999
DHCST|NY|100|00|00|000|00|0212941|1000000US360670019004003|360670019004003|1|2|36|01779796|067|H1|00974132|73000|C5|00979539|99999|99|99999999||||99999|99|99999999|73000|C5|00979539|001900|4|4003|9999|9|99999|99|99999999|999|99999|99|99999999|999999|9|99999|99|99999999|45060|1|532|99999|99999|9|999|99999|Y|N|86302|U|U|24|||||053|||||129|||||000315|A|13206|99999|99999|28590|00701|26476|0|4003|Block 4003|S||77|35|+43.0655069|-076.1003059|BK||99999
DHCST|NY|100|00|00|000|00|0212942|1000000US360670019004004|360670019004004|1|2|36|01779796|067|H1|00974132|73000|C5|00979539|99999|99|99999999||||99999|99|99999999|73000|C5|00979539|001900|4|4004|9999|9|99999|99|99999999|999|99999|99|99999999|999999|9|99999|99|99999999|45060|1|532|99999|99999|9|999|99999|Y|N|86302|U|U|24|||||053|||||129|||||000315|A|13206|99999|99999|28590|00701|26313|0|4004|Block 4004|S||47|30|+43.0653950|-076.1016031|BK||99999
DHCST|NY|100|00|00|000|00|0212943|1000000US360670019004005|360670019004005|1|2|36|01779796|067|H1|00974132|73000|C5|00979539|99999|99|99999999||||99999|99|99999999|73000|C5|00979539|001900|4|4005|9999|9|99999|99|99999999|999|99999|99|99999999|999999|9|99999|99|99999999|45060|1|532|99999|99999|9|999|99999|Y|N|86302|U|U|24|||||053|||||129|||||000315|A|13206|99999|99999|28590|00701|26819|0|4005|Block 4005|S||87|36|+43.0653620|-076.1029324|BK||99999
DHCST|NY|100|00|00|000|00|0212944|1000000US360670019004006|360670019004006|1|2|36|01779796|067|H1|00974132|73000|C5|00979539|99999|99|99999999||||99999|99|99999999|73000|C5|00979539|001900|4|4006|9999|9|99999|99|99999999|999|99999|99|99999999|999999|9|99999|99|99999999|45060|1|532|99999|99999|9|999|99999|Y|N|86302|U|U|24|||||053|||||129|||||000315|A|13206|99999|99999|28590|00701|24817|0|4006|Block 4006|S||93|51|+43.0653220|-076.1041884|BK||99999
DHCST|NY|100|00|00|000|00|0212945|1000000US360670019004007|360670019004007|1|2|36|01779796|067|H1|00974132|73000|C5|00979539|99999|99|99999999||||99999|99|99999999|73000|C5|00979539|001900|4|4007|9999|9|99999|99|99999999|999|99999|99|99999999|999999|9|99999|99|99999999|45060|1|532|99999|99999|9|999|99999|Y|N|86302|U|U|24|||||053|||||129|||||000314|A|13206|99999|99999|28590|00701|25506|0|4007|Block 4007|S||61|38|+43.0652603|-076.1054075|BK||99999
DHCST|NY|100|00|00|000|00|0212946|1000000US360670019004008|360670019004008|1|2|36|01779796|067|H1|00974132|73000|C5|00979539|99999|99|99999999||||99999|99|99999999|73000|C5|00979539|001900|4|4008|9999|9|99999|99|99999999|999|99999|99|99999999|999999|9|99999|99|99999999|45060|1|532|99999|99999|9|999|99999|Y|N|86302|U|U|24|||||053|||||129|||||000317|A|13206|99999|99999|28590|00701|22497|0|4008|Block 4008|S||78|35|+43.0653241|-076.0954695|BK||99999
DHCST|NY|100|00|00|000|00|0212947|1000000US360670019004009|360670019004009|1|2|36|01779796|067|H1|00974132|73000|C5|00979539|99999|99|99999999||||99999|99|99999999|73000|C5|00979539|001900|4|4009|9999|9|99999|99|99999999|999|99999|99|99999999|999999|9|99999|99|99999999|45060|1|532|99999|99999|9|999|99999|Y|N|86302|U|U|24|||||053|||||129|||||000317|A|13206|99999|99999|28590|00701|20539|0|4009|Block 4009|S||72|32|+43.0652332|-076.0983776|BK||99999
DHCST|NY|100|00|00|000|00|0212948|1000000US360670019004010|360670019004010|1|2|36|01779796|067|H1|00974132|73000|C5|00979539|99999|99|99999999||||99999|99|99999999|73000|C5|00979539|001900|4|4010|9999|9|99999|99|99999999|999|99999|99|99999999|999999|9|99999|99|99999999|45060|1|532|99999|99999|9|999|99999|Y|N|86302|U|U|24|||||053|||||129|||||000319|A|13206|99999|99999|28590|00701|15092|0|4010|Block 4010|S||67|26|+43.0644785|-076.0979457|BK||99999
DHCST|NY|100|00|00|000|00|0212949|1000000US360670019004011|360670019004011|1|2|36|01779796|067|H1|00974132|73000|C5|00979539|99999|99|99999999||||99999|99|99999999|73000|C5|00979539|001900|4|4011|9999|9|99999|99|99999999|999|99999|99|99999999|999999|9|99999|99|99999999|45060|1|532|99999|99999|9|999|99999|Y|N|86302|U|U|24|||||053|||||129|||||000319|A|13206|99999|99999|28590|00701|14678|0|4011|Block 4011|S||46|25|+43.0645742|-076.0958620|BK||99999
DHCST|NY|100|00|00|000|00|0212950|1000000US360670019005000|360670019005000|1|2|36|01779796|067|H1|00974132|73000|C5|00979539|99999|99|99999999||||99999|99|99999999|73000|C5|00979539|001900|5|5000|9999|9|99999|99|99999999|999|99999|99|99999999|999999|9|99999|99|99999999|45060|1|532|99999|99999|9|999|99999|Y|N|86302|U|U|24|||||053|||||129|||||000317|A|13206|99999|99999|28590|00701|36092|0|5000|Block 5000|S||74|32|+43.0684315|-076.0950349|BK||99999
DHCST|NY|100|00|00|000|00|0212951|1000000US360670019005001|360670019005001|1|2|36|01779796|067|H1|00974132|73000|C5|00979539|99999|99|99999999||||99999|99|99999999|73000|C5|00979539|001900|5|5001|9999|9|99999|99|99999999|999|99999|99|99999999|999999|9|99999|99|99999999|45060|1|532|99999|99999|9|999|99999|Y|N|86302|U|U|24|||||053|||||129|||||000317|A|13206|99999|99999|28590|00701|48879|0|5001|Block 5001|S||76|46|+43.0682876|-076.0974439|BK||99999
DHCST|NY|100|00|00|000|00|0212952|1000000US360670019005002|360670019005002|1|2|36|01779796|067|H1|00974132|73000|C5|00979539|99999|99|99999999||||99999|99|99999999|73000|C5|00979539|001900|5|5002|9999|9|99999|99|99999999|999|99999|99|99999999|999999|9|99999|99|99999999|45060|1|532|99999|99999|9|999|99999|Y|N|86302|U|U|24|||||053|||||129|||||000317|A|13206|99999|99999|28590|00701|20707|0|5002|Block 5002|S||42|21|+43.0681988|-076.0994152|BK||99999
DHCST|NY|100|00|00|000|00|0212953|1000000US360670019005003|360670019005003|1|2|36|01779796|067|H1|00974132|73000|C5|00979539|99999|99|99999999||||99999|99|99999999|73000|C5|00979539|001900|5|5003|9999|9|99999|99|99999999|999|99999|99|99999999|999999|9|99999|99|99999999|45060|1|532|99999|99999|9|999|99999|Y|N|86302|U|U|24|||||053|||||129|||||000315|A|13206|99999|99999|28590|00701|24963|0|5003|Block 5003|S||62|31|+43.0679205|-076.1005789|BK||99999
DHCST|NY|100|00|00|000|00|0212954|1000000US360670019005004|360670019005004|1|2|36|01779796|067|H1|00974132|73000|C5|00979539|99999|99|99999999||||99999|99|99999999|73000|C5|00979539|001900|5|5004|9999|9|99999|99|99999999|999|99999|99|99999999|999999|9|99999|99|99999999|45060|1|532|99999|99999|9|999|99999|Y|N|86302|U|U|24|||||053|||||129|||||000315|A|13206|99999|99999|28590|00701|30604|0|5004|Block 5004|S||65|35|+43.0677733|-076.1017930|BK||99999
DHCST|NY|100|00|00|000|00|0212955|1000000US360670019005005|360670019005005|1|2|36|01779796|067|H1|00974132|73000|C5|00979539|99999|99|99999999||||99999|99|99999999|73000|C5|00979539|001900|5|5005|9999|9|99999|99|99999999|999|99999|99|99999999|999999|9|99999|99|99999999|45060|1|532|99999|99999|9|999|99999|Y|N|86302|U|U|24|||||053|||||129|||||000315|A|13206|99999|99999|28590|00701|30191|0|5005|Block 5005|S||85|42|+43.0677398|-076.1031100|BK||99999
DHCST|NY|100|00|00|000|00|0212956|1000000US360670019005006|360670019005006|1|2|36|01779796|067|H1|00974132|73000|C5|00979539|99999|99|99999999||||99999|99|99999999|73000|C5|00979539|001900|5|5006|9999|9|99999|99|99999999|999|99999|99|99999999|999999|9|99999|99|99999999|45060|1|532|99999|99999|9|999|99999|Y|N|86302|U|U|24|||||053|||||129|||||000315|A|13206|99999|99999|28590|00701|28170|0|5006|Block 5006|S||91|35|+43.0677111|-076.1044036|BK||99999
DHCST|NY|100|00|00|000|00|0212957|1000000US360670019005007|360670019005007|1|2|36|01779796|067|H1|00974132|73000|C5|00979539|99999|99|99999999||||99999|99|99999999|73000|C5|00979539|001900|5|5007|9999|9|99999|99|99999999|999|99999|99|99999999|999999|9|99999|99|99999999|45060|1|532|99999|99999|9|999|99999|Y|N|86302|U|U|24|||||053|||||129|||||000314|A|13206|99999|99999|28590|00701|27294|0|5007|Block 5007|S||85|45|+43.0676185|-076.1056308|BK||99999
DHCST|NY|100|00|00|000|00|0212958|1000000US360670019005008|360670019005008|1|2|36|01779796|067|H1|00974132|73000|C5|00979539|99999|99|99999999||||99999|99|99999999|73000|C5|00979539|001900|5|5008|9999|9|99999|99|99999999|999|99999|99|99999999|999999|9|99999|99|99999999|45060|1|532|99999|99999|9|999|99999|Y|N|86302|U|U|24|||||053|||||129|||||000317|A|13206|99999|99999|28590|00701|17463|0|5008|Block 5008|S||53|24|+43.0669475|-076.0973319|BK||99999
DHCST|NY|100|00|00|000|00|0212959|1000000US360670019005009|360670019005009|1|2|36|01779796|067|H1|00974132|73000|C5|00979539|99999|99|99999999||||99999|99|99999999|73000|C5|00979539|001900|5|5009|9999|9|99999|99|99999999|999|99999|99|99999999|999999|9|99999|99|99999999|45060|1|532|99999|99999|9|999|99999|Y|N|86302|U|U|24|||||053|||||129|||||000317|A|13206|99999|99999|28590|00701|12303|0|5009|Block 5009|S||32|15|+43.0669462|-076.0953160|BK||99999
DHCST|NY|100|00|00|000|00|0212960|1000000US360670019005010|360670019005010|1|2|36|01779796|067|H1|00974132|73000|C5|00979539|99999|99|99999999||||99999|99|99999999|73000|C5|00979539|001900|5|5010|9999|9|99999|99|99999999|999|99999|99|99999999|999999|9|99999|99|99999999|45060|1|532|99999|99999|9|999|99999|Y|N|86302|U|U|24|||||053|||||129|||||000317|A|13206|99999|99999|28590|00701|1512|0|5010|Block 5010|S||0|0|+43.0673263|-076.0945553|BK||99999
DHCST|NY|100|00|00|000|00|0212961|1000000US360670019005011|360670019005011|1|2|36|01779796|067|H1|00974132|73000|C5|00979539|99999|99|99999999||||99999|99|99999999|73000|C5|00979539|001900|5|5011|9999|9|99999|99|99999999|999|99999|99|99999999|999999|9|99999|99|99999999|45060|1|532|99999|99999|9|999|99999|Y|N|86302|U|U|24|||||053|||||129|||||000317|A|13206|99999|99999|28590|00701|10703|0|5011|Block 5011|S||28|13|+43.0674567|-076.0936725|BK||99999
DHCST|NY|100|00|00|000|00|0212962|1000000US360670019005012|360670019005012|1|2|36|01779796|067|H1|00974132|73000|C5|00979539|99999|99|99999999||||99999|99|99999999|73000|C5|00979539|001900|5|5012|9999|9|99999|99|99999999|999|99999|99|99999999|999999|9|99999|99|99999999|45060|1|532|99999|99999|9|999|99999|Y|N|86302|U|U|24|||||053|||||129|||||000317|A|13206|99999|99999|28590|00701|10323|0|5012|Block 5012|S||24|8|+43.0667869|-076.0991749|BK||99999
DHCST|NY|100|00|00|000|00|0212963|1000000US360670020001000|360670020001000|1|2|36|01779796|067|H1|00974132|73000|C5|00979539|99999|99|99999999||||99999|99|99999999|73000|C5|00979539|002000|1|1000|9999|9|99999|99|99999999|999|99999|99|99999999|999999|9|99999|99|99999999|45060|1|532|99999|99999|9|999|99999|Y|N|86302|U|U|24|||||053|||||129|||||000329|A|13204|99999|99999|28590|00701|148002|0|1000|Block 1000|S||29|9|+43.0606583|-076.1945040|BK||99999
DHCST|NY|100|00|00|000|00|0212964|1000000US360670020001001|360670020001001|1|2|36|01779796|067|H1|00974132|73000|C5|00979539|99999|99|99999999||||99999|99|99999999|73000|C5|00979539|002000|1|1001|9999|9|99999|99|99999999|999|99999|99|99999999|999999|9|99999|99|99999999|45060|1|532|99999|99999|9|999|99999|Y|N|86302|U|U|24|||||053|||||129|||||000329|A|13204|99999|99999|28590|00701|14028|0|1001|Block 1001|S||82|40|+43.0604950|-076.1973222|BK||99999
DHCST|NY|100|00|00|000|00|0212965|1000000US360670020001002|360670020001002|1|2|36|01779796|067|H1|00974132|73000|C5|00979539|99999|99|99999999||||99999|99|99999999|73000|C5|00979539|002000|1|1002|9999|9|99999|99|99999999|999|99999|99|99999999|999999|9|99999|99|99999999|45060|1|532|99999|99999|9|999|99999|Y|N|86302|U|U|24|||||053|||||129|||||000329|A|13204|99999|99999|28590|00701|2981|0|1002|Block 1002|S||0|0|+43.0633771|-076.1998447|BK||99999
DHCST|NY|100|00|00|000|00|0212966|1000000US360670020001003|360670020001003|1|2|36|01779796|067|H1|00974132|73000|C5|00979539|99999|99|99999999||||99999|99|99999999|73000|C5|00979539|002000|1|1003|9999|9|99999|99|99999999|999|99999|99|99999999|999999|9|99999|99|99999999|45060|1|532|99999|99999|9|999|99999|Y|N|86302|U|U|24|||||053|||||129|||||000329|A|13204|99999|99999|28590|00701|1124|0|1003|Block 1003|S||0|0|+43.0629167|-076.1996712|BK||99999
DHCST|NY|100|00|00|000|00|0212967|1000000US360670020001004|360670020001004|1|2|36|01779796|067|H1|00974132|73000|C5|00979539|99999|99|99999999||||99999|99|99999999|73000|C5|00979539|002000|1|1004|9999|9|99999|99|99999999|999|99999|99|99999999|999999|9|99999|99|99999999|45060|1|532|99999|99999|9|999|99999|Y|N|86302|U|U|24|||||053|||||129|||||000329|A|13204|99999|99999|28590|00701|45785|0|1004|Block 1004|S||0|0|+43.0539546|-076.1846039|BK||99999
DHCST|NY|100|00|00|000|00|0212968|1000000US360670020001005|360670020001005|1|2|36|01779796|067|H1|00974132|73000|C5|00979539|99999|99|99999999||||99999|99|99999999|73000|C5|00979539|002000|1|1005|9999|9|99999|99|99999999|999|99999|99|99999999|999999|9|99999|99|99999999|45060|1|532|99999|99999|9|999|99999|Y|N|86302|U|U|24|||||053|||||129|||||000329|A|13204|99999|99999|28590|00701|15493|0|1005|Block 1005|S||25|4|+43.0527913|-076.1847826|BK||99999
DHCST|NY|100|00|00|000|00|0212969|1000000US360670020001006|360670020001006|1|2|36|01779796|067|H1|00974132|73000|C5|00979539|99999|99|99999999||||99999|99|99999999|73000|C5|00979539|002000|1|1006|9999|9|99999|99|99999999|999|99999|99|99999999|999999|9|99999|99|99999999|45060|1|532|99999|99999|9|999|99999|Y|N|86302|U|U|24|||||053|||||129|||||000329|A|13204|99999|99999|28590|00701|112551|0|1006|Block 1006|S||58|29|+43.0564755|-076.1890275|BK||99999
DHCST|NY|100|00|00|000|00|0212970|1000000US360670020001007|360670020001007|1|2|36|01779796|067|H1|00974132|73000|C5|00979539|99999|99|99999999||||99999|99|99999999|73000|C5|00979539|002000|1|1007|9999|9|99999|99|99999999|999|99999|99|99999999|999999|9|99999|99|99999999|45060|1|532|99999|99999|9|999|99999|Y|N|86302|U|U|24|||||053|||||129|||||000329|A|13204|99999|99999|28590|00701|59000|0|1007|Block 1007|S||202|97|+43.0569098|-076.1915912|BK||99999
DHCST|NY|100|00|00|000|00|0212971|1000000US360670020001008|360670020001008|1|2|36|01779796|067|H1|00974132|73000|C5|00979539|99999|99|99999999||||99999|99|99999999|73000|C5|00979539|002000|1|1008|9999|9|99999|99|99999999|999|99999|99|99999999|999999|9|99999|99|99999999|45060|1|532|99999|99999|9|999|99999|Y|N|86302|U|U|24|||||053|||||129|||||000329|A|13204|99999|99999|28590|00701|28070|0|1008|Block 1008|S||49|22|+43.0588689|-076.1952360|BK||99999
DHCST|NY|100|00|00|000|00|0212972|1000000US360670020001009|360670020001009|1|2|36|01779796|067|H1|00974132|73000|C5|00979539|99999|99|99999999||||99999|99|99999999|73000|C5|00979539|002000|1|1009|9999|9|99999|99|99999999|999|99999|99|99999999|999999|9|99999|99|99999999|45060|1|532|99999|99999|9|999|99999|Y|N|86302|U|U|24|||||053|||||129|||||000329|A|13204|99999|99999|28590|00701|15765|0|1009|Block 1009|S||59|52|+43.0550253|-076.1876996|BK||99999
DHCST|NY|100|00|00|000|00|0212973|1000000US360670020001010|360670020001010|1|2|36|01779796|067|H1|00974132|73000|C5|00979539|99999|99|99999999||||99999|99|99999999|73000|C5|00979539|002000|1|1010|9999|9|99999|99|99999999|999|99999|99|99999999|999999|9|99999|99|99999999|45060|1|532|99999|99999|9|999|99999|Y|N|86302|U|U|24|||||053|||||129|||||000329|A|13204|99999|99999|28590|00701|3566|0|1010|Block 1010|S||18|10|+43.0555144|-076.1893329|BK||99999
DHCST|NY|100|00|00|000|00|0212974|1000000US360670020001011|360670020001011|1|2|36|01779796|067|H1|00974132|73000|C5|00979539|99999|99|99999999||||99999|99|99999999|73000|C5|00979539|002000|1|1011|9999|9|99999|99|99999999|999|99999|99|99999999|999999|9|99999|99|99999999|45060|1|532|99999|99999|9|999|99999|Y|N|86302|U|U|24|||||053|||||129|||||000329|A|13204|99999|99999|28590|00701|15727|0|1011|Block 1011|S||61|30|+43.0551003|-076.1897497|BK||99999
DHCST|NY|100|00|00|000|00|0212975|1000000US360670020001012|360670020001012|1|2|36|01779796|067|H1|00974132|73000|C5|00979539|99999|99|99999999||||99999|99|99999999|73000|C5|00979539|002000|1|1012|9999|9|99999|99|99999999|999|99999|99|99999999|999999|9|99999|99|99999999|45060|1|532|99999|99999|9|999|99999|Y|N|86302|U|U|24|||||053|||||129|||||000329|A|13204|99999|99999|28590|00701|16075|0|1012|Block 1012|S||63|33|+43.0547673|-076.1907394|BK||99999
DHCST|NY|100|00|00|000|00|0212976|1000000US360670020001013|360670020001013|1|2|36|01779796|067|H1|00974132|73000|C5|00979539|99999|99|99999999||||99999|99|99999999|73000|C5|00979539|002000|1|1013|9999|9|99999|99|99999999|999|99999|99|99999999|999999|9|99999|99|99999999|45060|1|532|99999|99999|9|999|99999|Y|N|86302|U|U|24|||||053|||||129|||||000329|A|13204|99999|99999|28590|00701|32113|0|1013|Block 1013|S||38|18|+43.0542222|-076.1921825|BK||99999
DHCST|NY|100|00|00|000|00|0212977|1000000US360670020001014|360670020001014|1|2|36|01779796|067|H1|00974132|73000|C5|00979539|99999|99|99999999||||99999|99|99999999|73000|C5|00979539|002000|1|1014|9999|9|99999|99|99999999|999|99999|99|99999999|999999|9|99999|99|99999999|45060|1|532|99999|99999|9|999|99999|Y|N|86302|U|U|24|||||053|||||129|||||000329|A|13204|99999|99999|28590|00701|33063|0|1014|Block 1014|S||130|75|+43.0556866|-076.1932387|BK||99999
DHCST|NY|100|00|00|000|00|0212978|1000000US360670020001015|360670020001015|1|2|36|01779796|067|H1|00974132|73000|C5|00979539|99999|99|99999999||||99999|99|99999999|73000|C5|00979539|002000|1|1015|9999|9|99999|99|99999999|999|99999|99|99999999|999999|9|99999|99|99999999|45060|1|532|99999|99999|9|999|99999|Y|N|86302|U|U|24|||||053|||||129|||||000329|A|13204|99999|99999|28590|00701|10819|0|1015|Block 1015|S||41|21|+43.0573771|-076.1936109|BK||99999
DHCST|NY|100|00|00|000|00|0212979|1000000US360670020001016|360670020001016|1|2|36|01779796|067|H1|00974132|73000|C5|00979539|99999|99|99999999||||99999|99|99999999|73000|C5|00979539|002000|1|1016|9999|9|99999|99|99999999|999|99999|99|99999999|999999|9|99999|99|99999999|45060|1|532|99999|99999|9|999|99999|Y|N|86302|U|U|24|||||053|||||129|||||000329|A|13204|99999|99999|28590|00701|13448|0|1016|Block 1016|S||25|6|+43.0581643|-076.1955459|BK||99999
DHCST|NY|100|00|00|000|00|0212980|1000000US360670020001017|360670020001017|1|2|36|01779796|067|H1|00974132|73000|C5|00979539|99999|99|99999999||||99999|99|99999999|73000|C5|00979539|002000|1|1017|9999|9|99999|99|99999999|999|99999|99|99999999|999999|9|99999|99|99999999|45060|1|532|99999|99999|9|999|99999|Y|N|86302|U|U|24|||||053|||||129|||||000329|A|13204|99999|99999|28590|00701|22441|0|1017|Block 1017|S||76|42|+43.0570175|-076.1946141|BK||99999
DHCST|NY|100|00|00|000|00|0212981|1000000US360670020001018|360670020001018|1|2|36|01779796|067|H1|00974132|73000|C5|00979539|99999|99|99999999||||99999|99|99999999|73000|C5|00979539|002000|1|1018|9999|9|99999|99|99999999|999|99999|99|99999999|999999|9|99999|99|99999999|45060|1|532|99999|99999|9|999|99999|Y|N|86302|U|U|24|||||053|||||129|||||000329|A|13204|99999|99999|28590|00701|2416|0|1018|Block 1018|S||0|0|+43.0538329|-076.1932167|BK||99999
DHCST|NY|100|00|00|000|00|0212982|1000000US360670020001019|360670020001019|1|2|36|01779796|067|H1|00974132|73000|C5|00979539|99999|99|99999999||||99999|99|99999999|73000|C5|00979539|002000|1|1019|9999|9|99999|99|99999999|999|99999|99|99999999|999999|9|99999|99|99999999|45060|1|532|99999|99999|9|999|99999|Y|N|86302|U|U|24|||||053|||||129|||||000329|A|13204|99999|99999|28590|00701|1174|0|1019|Block 1019|S||0|0|+43.0549351|-076.1939912|BK||99999
DHCST|NY|100|00|00|000|00|0212983|1000000US360670020001020|360670020001020|1|2|36|01779796|067|H1|00974132|73000|C5|00979539|99999|99|99999999||||99999|99|99999999|73000|C5|00979539|002000|1|1020|9999|9|99999|99|99999999|999|99999|99|99999999|999999|9|99999|99|99999999|45060|1|532|99999|99999|9|999|99999|Y|N|86302|U|U|24|||||053|||||129|||||000329|A|13204|99999|99999|28590|00701|12799|0|1020|Block 1020|S||20|13|+43.0541315|-076.1859808|BK||99999
DHCST|NY|100|00|00|000|00|0212984|1000000US360670020001021|360670020001021|1|2|36|01779796|067|H1|00974132|73000|C5|00979539|99999|99|99999999||||99999|99|99999999|73000|C5|00979539|002000|1|1021|9999|9|99999|99|99999999|999|99999|99|99999999|999999|9|99999|99|99999999|45060|1|532|99999|99999|9|999|99999|Y|N|86302|U|U|24|||||053|||||129|||||000329|A|13204|99999|99999|28590|00701|20898|0|1021|Block 1021|S||24|1|+43.0537040|-076.1873816|BK||99999
DHCST|NY|100|00|00|000|00|0212985|1000000US360670020001022|360670020001022|1|2|36|01779796|067|H1|00974132|73000|C5|00979539|99999|99|99999999||||99999|99|99999999|73000|C5|00979539|002000|1|1022|9999|9|99999|99|99999999|999|99999|99|99999999|999999|9|99999|99|99999999|45060|1|532|99999|99999|9|999|99999|Y|N|86302|U|U|24|||||053|||||129|||||000329|A|13204|99999|99999|28590|00701|3654|0|1022|Block 1022|S||27|12|+43.0532730|-076.1865882|BK||99999
DHCST|NY|100|00|00|000|00|0212986|1000000US360670020001023|360670020001023|1|2|36|01779796|067|H1|00974132|73000|C5|00979539|99999|99|99999999||||99999|99|99999999|73000|C5|00979539|002000|1|1023|9999|9|99999|99|99999999|999|99999|99|99999999|999999|9|99999|99|99999999|45060|1|532|99999|99999|9|999|99999|Y|N|86302|U|U|24|||||053|||||129|||||000329|A|13204|99999|99999|28590|00701|4208|0|1023|Block 1023|S||8|1|+43.0537321|-076.1864073|BK||99999
DHCST|NY|100|00|00|000|00|0212987|1000000US360670020001024|360670020001024|1|2|36|01779796|067|H1|00974132|73000|C5|00979539|99999|99|99999999||||99999|99|99999999|73000|C5|00979539|002000|1|1024|9999|9|99999|99|99999999|999|99999|99|99999999|999999|9|99999|99|99999999|45060|1|532|99999|99999|9|999|99999|Y|N|86302|U|U|24|||||053|||||129|||||000329|A|13204|99999|99999|28590|00701|10656|0|1024|Block 1024|S||8|1|+43.0526846|-076.1861605|BK||99999
DHCST|NY|100|00|00|000|00|0212988|1000000US360670020002000|360670020002000|1|2|36|01779796|067|H1|00974132|73000|C5|00979539|99999|99|99999999||||99999|99|99999999|73000|C5|00979539|002000|2|2000|9999|9|99999|99|99999999|999|99999|99|99999999|999999|9|99999|99|99999999|45060|1|532|99999|99999|9|999|99999|Y|N|86302|U|U|24|||||053|||||129|||||000329|A|13204|99999|99999|28590|00701|2957|0|2000|Block 2000|S||0|0|+43.0591940|-076.1972753|BK||99999
DHCST|NY|100|00|00|000|00|0212989|1000000US360670020002001|360670020002001|1|2|36|01779796|067|H1|00974132|73000|C5|00979539|99999|99|99999999||||99999|99|99999999|73000|C5|00979539|002000|2|2001|9999|9|99999|99|99999999|999|99999|99|99999999|999999|9|99999|99|99999999|45060|1|532|99999|99999|9|999|99999|Y|N|86302|U|U|24|||||053|||||129|||||000329|A|13204|99999|99999|28590|00701|9304|0|2001|Block 2001|S||0|0|+43.0595981|-076.1987522|BK||99999
DHCST|NY|100|00|00|000|00|0212990|1000000US360670020002002|360670020002002|1|2|36|01779796|067|H1|00974132|73000|C5|00979539|99999|99|99999999||||99999|99|99999999|73000|C5|00979539|002000|2|2002|9999|9|99999|99|99999999|999|99999|99|99999999|999999|9|99999|99|99999999|45060|1|532|99999|99999|9|999|99999|Y|N|86302|U|U|24|||||053|||||129|||||000329|A|13204|99999|99999|28590|00701|37815|0|2002|Block 2002|S||206|90|+43.0576476|-076.1992122|BK||99999
DHCST|NY|100|00|00|000|00|0212991|1000000US360670020002003|360670020002003|1|2|36|01779796|067|H1|00974132|73000|C5|00979539|99999|99|99999999||||99999|99|99999999|73000|C5|00979539|002000|2|2003|9999|9|99999|99|99999999|999|99999|99|99999999|999999|9|99999|99|99999999|45060|1|532|99999|99999|9|999|99999|Y|N|86302|U|U|24|||||053|||||129|||||000329|A|13204|99999|99999|28590|00701|12489|0|2003|Block 2003|S||74|39|+43.0588213|-076.1985805|BK||99999
DHCST|NY|100|00|00|000|00|0212992|1000000US360670020002004|360670020002004|1|2|36|01779796|067|H1|00974132|73000|C5|00979539|99999|99|99999999||||99999|99|99999999|73000|C5|00979539|002000|2|2004|9999|9|99999|99|99999999|999|99999|99|99999999|999999|9|99999|99|99999999|45060|1|532|99999|99999|9|999|99999|Y|N|86302|U|U|24|||||053|||||129|||||000329|A|13204|99999|99999|28590|00701|14492|0|2004|Block 2004|S||51|31|+43.0583704|-076.1972369|BK||99999
DHCST|NY|100|00|00|000|00|0212993|1000000US360670020002005|360670020002005|1|2|36|01779796|067|H1|00974132|73000|C5|00979539|99999|99|99999999||||99999|99|99999999|73000|C5|00979539|002000|2|2005|9999|9|99999|99|99999999|999|99999|99|99999999|999999|9|99999|99|99999999|45060|1|532|99999|99999|9|999|99999|Y|N|86302|U|U|24|||||053|||||129|||||000329|A|13204|99999|99999|28590|00701|20066|0|2005|Block 2005|S||106|50|+43.0575492|-076.1973378|BK||99999
DHCST|NY|100|00|00|000|00|0212994|1000000US360670020002006|360670020002006|1|2|36|01779796|067|H1|00974132|73000|C5|00979539|99999|99|99999999||||99999|99|99999999|73000|C5|00979539|002000|2|2006|9999|9|99999|99|99999999|999|99999|99|99999999|999999|9|99999|99|99999999|45060|1|532|99999|99999|9|999|99999|Y|N|86302|U|U|24|||||053|||||129|||||000329|A|13204|99999|99999|28590|00701|33761|0|2006|Block 2006|S||142|77|+43.0563759|-076.1962769|BK||99999
DHCST|NY|100|00|00|000|00|0212995|1000000US360670020002007|360670020002007|1|2|36|01779796|067|H1|00974132|73000|C5|00979539|99999|99|99999999||||99999|99|99999999|73000|C5|00979539|002000|2|2007|9999|9|99999|99|99999999|999|99999|99|99999999|999999|9|99999|99|99999999|45060|1|532|99999|99999|9|999|99999|Y|N|86302|U|U|24|||||053|||||129|||||000329|A|13204|99999|99999|28590|00701|64750|0|2007|Block 2007|S||203|120|+43.0541851|-076.1947602|BK||99999
DHCST|NY|100|00|00|000|00|0212996|1000000US360670020002008|360670020002008|1|2|36|01779796|067|H1|00974132|73000|C5|00979539|99999|99|99999999||||99999|99|99999999|73000|C5|00979539|002000|2|2008|9999|9|99999|99|99999999|999|99999|99|99999999|999999|9|99999|99|99999999|45060|1|532|99999|99999|9|999|99999|Y|N|86302|U|U|24|||||053|||||129|||||000329|A|13204|99999|99999|28590|00701|6116|0|2008|Block 2008|S||30|10|+43.0547834|-076.1969860|BK||99999
DHCST|NY|100|00|00|000|00|0212997|1000000US360670020002009|360670020002009|1|2|36|01779796|067|H1|00974132|73000|C5|00979539|99999|99|99999999||||99999|99|99999999|73000|C5|00979539|002000|2|2009|9999|9|99999|99|99999999|999|99999|99|99999999|999999|9|99999|99|99999999|45060|1|532|99999|99999|9|999|99999|Y|N|86302|U|U|24|||||053|||||129|||||000329|A|13204|99999|99999|28590|00701|38965|0|2009|Block 2009|S||82|45|+43.0555428|-076.1984063|BK||99999
DHCST|NY|100|00|00|000|00|0212998|1000000US360670020002010|360670020002010|1|2|36|01779796|067|H1|00974132|73000|C5|00979539|99999|99|99999999||||99999|99|99999999|73000|C5|00979539|002000|2|2010|9999|9|99999|99|99999999|999|99999|99|99999999|999999|9|99999|99|99999999|45060|1|532|99999|99999|9|999|99999|Y|N|86302|U|U|24|||||053|||||129|||||000329|A|13204|99999|99999|28590|00701|6988|0|2010|Block 2010|S||19|12|+43.0544188|-076.1979576|BK||99999
DHCST|NY|100|00|00|000|00|0212999|1000000US360670020002011|360670020002011|1|2|36|01779796|067|H1|00974132|73000|C5|00979539|99999|99|99999999||||99999|99|99999999|73000|C5|00979539|002000|2|2011|9999|9|99999|99|99999999|999|99999|99|99999999|999999|9|99999|99|99999999|45060|1|532|99999|99999|9|999|99999|Y|N|86302|U|U|24|||||053|||||129|||||000329|A|13204|99999|99999|28590|00701|12280|0|2011|Block 2011|S||86|27|+43.0527893|-076.1955926|BK||99999
DHCST|NY|100|00|00|000|00|0213000|1000000US360670020002012|360670020002012|1|2|36|01779796|067|H1|00974132|73000|C5|00979539|99999|99|99999999||||99999|99|99999999|73000|C5|00979539|002000|2|2012|9999|9|99999|99|99999999|999|99999|99|99999999|999999|9|99999|99|99999999|45060|1|532|99999|99999|9|999|99999|Y|N|86302|U|U|24|||||053|||||129|||||000329|A|13204|99999|99999|28590|00701|11900|0|2012|Block 2012|S||59|23|+43.0539250|-076.1963946|BK||99999
DHCST|NY|100|00|00|000|00|0213001|1000000US360670020002013|360670020002013|1|2|36|01779796|067|H1|00974132|73000|C5|00979539|99999|99|99999999||||99999|99|99999999|73000|C5|00979539|002000|2|2013|9999|9|99999|99|99999999|999|99999|99|99999999|999999|9|99999|99|99999999|45060|1|532|99999|99999|9|999|99999|Y|N|86302|U|U|24|||||053|||||129|||||000329|A|13204|99999|99999|28590|00701|12852|0|2013|Block 2013|S||54|22|+43.0535632|-076.1973604|BK||99999
DHCST|NY|100|00|00|000|00|0213002|1000000US360670020002014|360670020002014|1|2|36|01779796|067|H1|00974132|73000|C5|00979539|99999|99|99999999||||99999|99|99999999|73000|C5|00979539|002000|2|2014|9999|9|99999|99|99999999|999|99999|99|99999999|999999|9|99999|99|99999999|45060|1|532|99999|99999|9|999|99999|Y|N|86302|U|U|24|||||053|||||129|||||000329|A|13204|99999|99999|28590|00701|4566|0|2014|Block 2014|S||16|3|+43.0536112|-076.1981802|BK||99999
DHCST|NY|100|00|00|000|00|0213003|1000000US360670021011000|360670021011000|1|2|36|01779796|067|H1|00974132|73000|C5|00979539|99999|99|99999999||||99999|99|99999999|73000|C5|00979539|002101|1|1000|9999|9|99999|99|99999999|999|99999|99|99999999|999999|9|99999|99|99999999|45060|1|532|99999|99999|9|999|99999|Y|N|86302|U|U|24|||||050|||||129|||||000291|A|13204|99999|99999|28590|00701|8490|0|1000|Block 1000|S||0|0|+43.0557419|-076.1720569|BK||99999
DHCST|NY|100|00|00|000|00|0213004|1000000US360670021011001|360670021011001|1|2|36|01779796|067|H1|00974132|73000|C5|00979539|99999|99|99999999||||99999|99|99999999|73000|C5|00979539|002101|1|1001|9999|9|99999|99|99999999|999|99999|99|99999999|999999|9|99999|99|99999999|45060|1|532|99999|99999|9|999|99999|Y|N|86302|U|U|24|||||053|||||129|||||000290|A|13204|99999|99999|28590|00701|229858|0|1001|Block 1001|S||100|66|+43.0552675|-076.1789592|BK||99999
DHCST|NY|100|00|00|000|00|0213005|1000000US360670021011002|360670021011002|1|2|36|01779796|067|H1|00974132|73000|C5|00979539|99999|99|99999999||||99999|99|99999999|73000|C5|00979539|002101|1|1002|9999|9|99999|99|99999999|999|99999|99|99999999|999999|9|99999|99|99999999|45060|1|532|99999|99999|9|999|99999|Y|N|86302|U|U|24|||||053|||||129|||||000290|A|13204|99999|99999|28590|00701|19989|0|1002|Block 1002|S||80|35|+43.0541865|-076.1746772|BK||99999
DHCST|NY|100|00|00|000|00|0213006|1000000US360670021011003|360670021011003|1|2|36|01779796|067|H1|00974132|73000|C5|00979539|99999|99|99999999||||99999|99|99999999|73000|C5|00979539|002101|1|1003|9999|9|99999|99|99999999|999|99999|99|99999999|999999|9|99999|99|99999999|45060|1|532|99999|99999|9|999|99999|Y|N|86302|U|U|24|||||050|||||129|||||000291|A|13204|99999|99999|28590|00701|9349|0|1003|Block 1003|S||0|0|+43.0563622|-076.1782949|BK||99999
DHCST|NY|100|00|00|000|00|0213007|1000000US360670021011004|360670021011004|1|2|36|01779796|067|H1|00974132|73000|C5|00979539|99999|99|99999999||||99999|99|99999999|73000|C5|00979539|002101|1|1004|9999|9|99999|99|99999999|999|99999|99|99999999|999999|9|99999|99|99999999|45060|1|532|99999|99999|9|999|99999|Y|N|86302|U|U|24|||||053|||||129|||||000290|A|13204|99999|99999|28590|00701|74699|0|1004|Block 1004|S||12|54|+43.0542962|-076.1826227|BK||99999
DHCST|NY|100|00|00|000|00|0213008|1000000US360670021011005|360670021011005|1|2|36|01779796|067|H1|00974132|73000|C5|00979539|99999|99|99999999||||99999|99|99999999|73000|C5|00979539|002101|1|1005|9999|9|99999|99|99999999|999|99999|99|99999999|999999|9|99999|99|99999999|45060|1|532|99999|99999|9|999|99999|Y|N|86302|U|U|24|||||053|||||129|||||000290|A|13204|99999|99999|28590|00701|14165|0|1005|Block 1005|S||0|0|+43.0538089|-076.1835370|BK||99999
DHCST|NY|100|00|00|000|00|0213009|1000000US360670021011006|360670021011006|1|2|36|01779796|067|H1|00974132|73000|C5|00979539|99999|99|99999999||||99999|99|99999999|73000|C5|00979539|002101|1|1006|9999|9|99999|99|99999999|999|99999|99|99999999|999999|9|99999|99|99999999|45060|1|532|99999|99999|9|999|99999|Y|N|86302|U|U|24|||||053|||||129|||||000290|A|13204|99999|99999|28590|00701|19953|0|1006|Block 1006|S||52|25|+43.0552540|-076.1720673|BK||99999
DHCST|NY|100|00|00|000|00|0213010|1000000US360670021011007|360670021011007|1|2|36|01779796|067|H1|00974132|73000|C5|00979539|99999|99|99999999||||99999|99|99999999|73000|C5|00979539|002101|1|1007|9999|9|99999|99|99999999|999|99999|99|99999999|999999|9|99999|99|99999999|45060|1|532|99999|99999|9|999|99999|Y|N|86302|U|U|24|||||053|||||129|||||000290|A|13204|99999|99999|28590|00701|35102|0|1007|Block 1007|S||92|52|+43.0543066|-076.1721136|BK||99999
DHCST|NY|100|00|00|000|00|0213011|1000000US360670021011008|360670021011008|1|2|36|01779796|067|H1|00974132|73000|C5|00979539|99999|99|99999999||||99999|99|99999999|73000|C5|00979539|002101|1|1008|9999|9|99999|99|99999999|999|99999|99|99999999|999999|9|99999|99|99999999|45060|1|532|99999|99999|9|999|99999|Y|N|86302|U|U|24|||||053|||||129|||||000290|A|13204|99999|99999|28590|00701|49030|0|1008|Block 1008|S||103|39|+43.0528582|-076.1721865|BK||99999
DHCST|NY|100|00|00|000|00|0213012|1000000US360670021011009|360670021011009|1|2|36|01779796|067|H1|00974132|73000|C5|00979539|99999|99|99999999||||99999|99|99999999|73000|C5|00979539|002101|1|1009|9999|9|99999|99|99999999|999|99999|99|99999999|999999|9|99999|99|99999999|45060|1|532|99999|99999|9|999|99999|Y|N|86302|U|U|24|||||053|||||129|||||000290|A|13204|99999|99999|28590|00701|34496|0|1009|Block 1009|S||93|43|+43.0528331|-076.1750992|BK||99999
DHCST|NY|100|00|00|000|00|0213013|1000000US360670021011010|360670021011010|1|2|36|01779796|067|H1|00974132|73000|C5|00979539|99999|99|99999999||||99999|99|99999999|73000|C5|00979539|002101|1|1010|9999|9|99999|99|99999999|999|99999|99|99999999|999999|9|99999|99|99999999|45060|1|532|99999|99999|9|999|99999|Y|N|86302|U|U|24|||||053|||||129|||||000290|A|13204|99999|99999|28590|00701|16644|0|1010|Block 1010|S||69|49|+43.0525887|-076.1778223|BK||99999
DHCST|NY|100|00|00|000|00|0213014|1000000US360670021011011|360670021011011|1|2|36|01779796|067|H1|00974132|73000|C5|00979539|99999|99|99999999||||99999|99|99999999|73000|C5|00979539|002101|1|1011|9999|9|99999|99|99999999|999|99999|99|99999999|999999|9|99999|99|99999999|45060|1|532|99999|99999|9|999|99999|Y|N|86302|U|U|24|||||053|||||129|||||000290|A|13204|99999|99999|28590|00701|17095|0|1011|Block 1011|S||46|28|+43.0531733|-076.1798654|BK||99999
DHCST|NY|100|00|00|000|00|0213015|1000000US360670021012000|360670021012000|1|2|36|01779796|067|H1|00974132|73000|C5|00979539|99999|99|99999999||||99999|99|99999999|73000|C5|00979539|002101|2|2000|9999|9|99999|99|99999999|999|99999|99|99999999|999999|9|99999|99|99999999|45060|1|532|99999|99999|9|999|99999|Y|N|86302|U|U|24|||||050|||||129|||||000291|A|13204|99999|99999|28590|00701|14388|0|2000|Block 2000|S||0|0|+43.0537606|-076.1573717|BK||99999
DHCST|NY|100|00|00|000|00|0213016|1000000US360670021012001|360670021012001|1|2|36|01779796|067|H1|00974132|73000|C5|00979539|99999|99|99999999||||99999|99|99999999|73000|C5|00979539|002101|2|2001|9999|9|99999|99|99999999|999|99999|99|99999999|999999|9|99999|99|99999999|45060|1|532|99999|99999|9|999|99999|Y|N|86302|U|U|24|||||053|||||129|||||000290|A|13204|99999|99999|28590|00701|31608|0|2001|Block 2001|S||10|1|+43.0542572|-076.1598550|BK||99999
DHCST|NY|100|00|00|000|00|0213017|1000000US360670021012002|360670021012002|1|2|36|01779796|067|H1|00974132|73000|C5|00979539|99999|99|99999999||||99999|99|99999999|73000|C5|00979539|002101|2|2002|9999|9|99999|99|99999999|999|99999|99|99999999|999999|9|99999|99|99999999|45060|1|532|99999|99999|9|999|99999|Y|N|86302|U|U|24|||||053|||||129|||||000290|A|13204|99999|99999|28590|00701|17372|0|2002|Block 2002|S||35|15|+43.0551269|-076.1645990|BK||99999
DHCST|NY|100|00|00|000|00|0213018|1000000US360670021012003|360670021012003|1|2|36|01779796|067|H1|00974132|73000|C5|00979539|99999|99|99999999||||99999|99|99999999|73000|C5|00979539|002101|2|2003|9999|9|99999|99|99999999|999|99999|99|99999999|999999|9|99999|99|99999999|45060|1|532|99999|99999|9|999|99999|Y|N|86302|U|U|24|||||050|||||129|||||000291|A|13204|99999|99999|28590|00701|19183|0|2003|Block 2003|S||0|0|+43.0551088|-076.1670903|BK||99999
DHCST|NY|100|00|00|000|00|0213019|1000000US360670021012004|360670021012004|1|2|36|01779796|067|H1|00974132|73000|C5|00979539|99999|99|99999999||||99999|99|99999999|73000|C5|00979539|002101|2|2004|9999|9|99999|99|99999999|999|99999|99|99999999|999999|9|99999|99|99999999|45060|1|532|99999|99999|9|999|99999|Y|N|86302|U|U|24|||||050|||||129|||||000291|A|13204|99999|99999|28590|00701|15081|0|2004|Block 2004|S||0|0|+43.0516986|-076.1582272|BK||99999
DHCST|NY|100|00|00|000|00|0213020|1000000US360670021012005|360670021012005|1|2|36|01779796|067|H1|00974132|73000|C5|00979539|99999|99|99999999||||99999|99|99999999|73000|C5|00979539|002101|2|2005|9999|9|99999|99|99999999|999|99999|99|99999999|999999|9|99999|99|99999999|45060|1|532|99999|99999|9|999|99999|Y|N|86302|U|U|24|||||050|||||129|||||000291|A|13204|99999|99999|28590|00701|5504|0|2005|Block 2005|S||0|0|+43.0520152|-076.1586129|BK||99999
DHCST|NY|100|00|00|000|00|0213021|1000000US360670021012006|360670021012006|1|2|36|01779796|067|H1|00974132|73000|C5|00979539|99999|99|99999999||||99999|99|99999999|73000|C5|00979539|002101|2|2006|9999|9|99999|99|99999999|999|99999|99|99999999|999999|9|99999|99|99999999|45060|1|532|99999|99999|9|999|99999|Y|N|86302|U|U|24|||||053|||||129|||||000290|A|13204|99999|99999|28590|00701|18592|0|2006|Block 2006|S||0|0|+43.0526816|-076.1593866|BK||99999
DHCST|NY|100|00|00|000|00|0213022|1000000US360670021012007|360670021012007|1|2|36|01779796|067|H1|00974132|73000|C5|00979539|99999|99|99999999||||99999|99|99999999|73000|C5|00979539|002101|2|2007|9999|9|99999|99|99999999|999|99999|99|99999999|999999|9|99999|99|99999999|45060|1|532|99999|99999|9|999|99999|Y|N|86302|U|U|24|||||053|||||129|||||000290|A|13204|99999|99999|28590|00701|38511|0|2007|Block 2007|S||49|44|+43.0527110|-076.1616199|BK||99999
DHCST|NY|100|00|00|000|00|0213023|1000000US360670021012008|360670021012008|1|2|36|01779796|067|H1|00974132|73000|C5|00979539|99999|99|99999999||||99999|99|99999999|73000|C5|00979539|002101|2|2008|9999|9|99999|99|99999999|999|99999|99|99999999|999999|9|99999|99|99999999|45060|1|532|99999|99999|9|999|99999|Y|N|86302|U|U|24|||||053|||||129|||||000290|A|13204|99999|99999|28590|00701|35889|0|2008|Block 2008|S||11|1|+43.0540767|-076.1615109|BK||99999
DHCST|NY|100|00|00|000|00|0213024|1000000US360670021012009|360670021012009|1|2|36|01779796|067|H1|00974132|73000|C5|00979539|99999|99|99999999||||99999|99|99999999|73000|C5|00979539|002101|2|2009|9999|9|99999|99|99999999|999|99999|99|99999999|999999|9|99999|99|99999999|45060|1|532|99999|99999|9|999|99999|Y|N|86302|U|U|24|||||053|||||129|||||000290|A|13204|99999|99999|28590|00701|35445|0|2009|Block 2009|S||23|5|+43.0541463|-076.1645329|BK||99999
DHCST|NY|100|00|00|000|00|0213025|1000000US360670021012010|360670021012010|1|2|36|01779796|067|H1|00974132|73000|C5|00979539|99999|99|99999999||||99999|99|99999999|73000|C5|00979539|002101|2|2010|9999|9|99999|99|99999999|999|99999|99|99999999|999999|9|99999|99|99999999|45060|1|532|99999|99999|9|999|99999|Y|N|86302|U|U|24|||||053|||||129|||||000290|A|13204|99999|99999|28590|00701|20647|0|2010|Block 2010|S||15|14|+43.0542282|-076.1668635|BK||99999
DHCST|NY|100|00|00|000|00|0213026|1000000US360670021012011|360670021012011|1|2|36|01779796|067|H1|00974132|73000|C5|00979539|99999|99|99999999||||99999|99|99999999|73000|C5|00979539|002101|2|2011|9999|9|99999|99|99999999|999|99999|99|99999999|999999|9|99999|99|99999999|45060|1|532|99999|99999|9|999|99999|Y|N|86302|U|U|24|||||053|||||129|||||000290|A|13204|99999|99999|28590|00701|32338|0|2011|Block 2011|S||33|10|+43.0542404|-076.1690921|BK||99999
DHCST|NY|100|00|00|000|00|0213027|1000000US360670021012012|360670021012012|1|2|36|01779796|067|H1|00974132|73000|C5|00979539|99999|99|99999999||||99999|99|99999999|73000|C5|00979539|002101|2|2012|9999|9|99999|99|99999999|999|99999|99|99999999|999999|9|99999|99|99999999|45060|1|532|99999|99999|9|999|99999|Y|N|86302|U|U|24|||||053|||||129|||||000290|A|13204|99999|99999|28590|00701|16911|0|2012|Block 2012|S||38|17|+43.0552066|-076.1690303|BK||99999
DHCST|NY|100|00|00|000|00|0213028|1000000US360670021012013|360670021012013|1|2|36|01779796|067|H1|00974132|73000|C5|00979539|99999|99|99999999||||99999|99|99999999|73000|C5|00979539|002101|2|2013|9999|9|99999|99|99999999|999|99999|99|99999999|999999|9|99999|99|99999999|45060|1|532|99999|99999|9|999|99999|Y|N|86302|U|U|24|||||053|||||129|||||000290|A|13204|99999|99999|28590|00701|4182|0|2013|Block 2013|S||0|0|+43.0519201|-076.1631296|BK||99999
DHCST|NY|100|00|00|000|00|0213029|1000000US360670021012014|360670021012014|1|2|36|01779796|067|H1|00974132|73000|C5|00979539|99999|99|99999999||||99999|99|99999999|73000|C5|00979539|002101|2|2014|9999|9|99999|99|99999999|999|99999|99|99999999|999999|9|99999|99|99999999|45060|1|532|99999|99999|9|999|99999|Y|N|86302|U|U|24|||||053|||||129|||||000290|A|13204|99999|99999|28590|00701|39151|0|2014|Block 2014|S||90|54|+43.0527743|-076.1645843|BK||99999
DHCST|NY|100|00|00|000|00|0213030|1000000US360670021012015|360670021012015|1|2|36|01779796|067|H1|00974132|73000|C5|00979539|99999|99|99999999||||99999|99|99999999|73000|C5|00979539|002101|2|2015|9999|9|99999|99|99999999|999|99999|99|99999999|999999|9|99999|99|99999999|45060|1|532|99999|99999|9|999|99999|Y|N|86302|U|U|24|||||053|||||129|||||000290|A|13204|99999|99999|28590|00701|58864|0|2015|Block 2015|S||82|44|+43.0528616|-076.1683434|BK||99999
DHCST|NY|100|00|00|000|00|0213031|1000000US360670021012016|360670021012016|1|2|36|01779796|067|H1|00974132|73000|C5|00979539|99999|99|99999999||||99999|99|99999999|73000|C5|00979539|002101|2|2016|9999|9|99999|99|99999999|999|99999|99|99999999|999999|9|99999|99|99999999|45060|1|532|99999|99999|9|999|99999|Y|N|86302|U|U|24|||||053|||||129|||||000290|A|13204|99999|99999|28590|00701|8355|0|2016|Block 2016|S||0|0|+43.0520359|-076.1683873|BK||99999
DHCST|NY|100|00|00|000|00|0213032|1000000US360670021012017|360670021012017|1|2|36|01779796|067|H1|00974132|73000|C5|00979539|99999|99|99999999||||99999|99|99999999|73000|C5|00979539|002101|2|2017|9999|9|99999|99|99999999|999|99999|99|99999999|999999|9|99999|99|99999999|45060|1|532|99999|99999|9|999|99999|Y|N|86302|U|U|24|||||053|||||129|||||000290|A|13204|99999|99999|28590|00701|15305|0|2017|Block 2017|S||20|7|+43.0513973|-076.1597446|BK||99999
DHCST|NY|100|00|00|000|00|0213033|1000000US360670021012018|360670021012018|1|2|36|01779796|067|H1|00974132|73000|C5|00979539|99999|99|99999999||||99999|99|99999999|73000|C5|00979539|002101|2|2018|9999|9|99999|99|99999999|999|99999|99|99999999|999999|9|99999|99|99999999|45060|1|532|99999|99999|9|999|99999|Y|N|86302|U|U|24|||||053|||||129|||||000290|A|13204|99999|99999|28590|00701|16666|0|2018|Block 2018|S||0|0|+43.0513874|-076.1611762|BK||99999
DHCST|NY|100|00|00|000|00|0213034|1000000US360670021012019|360670021012019|1|2|36|01779796|067|H1|00974132|73000|C5|00979539|99999|99|99999999||||99999|99|99999999|73000|C5|00979539|002101|2|2019|9999|9|99999|99|99999999|999|99999|99|99999999|999999|9|99999|99|99999999|45060|1|532|99999|99999|9|999|99999|Y|N|86302|U|U|24|||||053|||||129|||||000290|A|13204|99999|99999|28590|00701|20761|0|2019|Block 2019|S||0|0|+43.0513310|-076.1631415|BK||99999
DHCST|NY|100|00|00|000|00|0213035|1000000US360670021012020|360670021012020|1|2|36|01779796|067|H1|00974132|73000|C5|00979539|99999|99|99999999||||99999|99|99999999|73000|C5|00979539|002101|2|2020|9999|9|99999|99|99999999|999|99999|99|99999999|999999|9|99999|99|99999999|45060|1|532|99999|99999|9|999|99999|Y|N|86302|U|U|24|||||053|||||129|||||000290|A|13204|99999|99999|28590|00701|16289|0|2020|Block 2020|S||86|53|+43.0513769|-076.1652315|BK||99999
DHCST|NY|100|00|00|000|00|0213036|1000000US360670021012021|360670021012021|1|2|36|01779796|067|H1|00974132|73000|C5|00979539|99999|99|99999999||||99999|99|99999999|73000|C5|00979539|002101|2|2021|9999|9|99999|99|99999999|999|99999|99|99999999|999999|9|99999|99|99999999|45060|1|532|99999|99999|9|999|99999|Y|N|86302|U|U|24|||||053|||||129|||||000290|A|13204|99999|99999|28590|00701|3401|0|2021|Block 2021|S||0|0|+43.0519674|-076.1652090|BK||99999
DHCST|NY|100|00|00|000|00|0213037|1000000US360670021012022|360670021012022|1|2|36|01779796|067|H1|00974132|73000|C5|00979539|99999|99|99999999||||99999|99|99999999|73000|C5|00979539|002101|2|2022|9999|9|99999|99|99999999|999|99999|99|99999999|999999|9|99999|99|99999999|45060|1|532|99999|99999|9|999|99999|Y|N|86302|U|U|24|||||053|||||129|||||000290|A|13204|99999|99999|28590|00701|35163|0|2022|Block 2022|S||135|92|+43.0502112|-076.1648542|BK||99999
DHCST|NY|100|00|00|000|00|0213038|1000000US360670021012023|360670021012023|1|2|36|01779796|067|H1|00974132|73000|C5|00979539|99999|99|99999999||||99999|99|99999999|73000|C5|00979539|002101|2|2023|9999|9|99999|99|99999999|999|99999|99|99999999|999999|9|99999|99|99999999|45060|1|532|99999|99999|9|999|99999|Y|N|86302|U|U|24|||||053|||||129|||||000290|A|13204|99999|99999|28590|00701|7633|0|2023|Block 2023|S||0|0|+43.0504615|-076.1626339|BK||99999
DHCST|NY|100|00|00|000|00|0213039|1000000US360670021012024|360670021012024|1|2|36|01779796|067|H1|00974132|73000|C5|00979539|99999|99|99999999||||99999|99|99999999|73000|C5|00979539|002101|2|2024|9999|9|99999|99|99999999|999|99999|99|99999999|999999|9|99999|99|99999999|45060|1|532|99999|99999|9|999|99999|Y|N|86302|U|U|24|||||053|||||129|||||000290|A|13204|99999|99999|28590|00701|4993|0|2024|Block 2024|S||0|0|+43.0506020|-076.1613830|BK||99999
DHCST|NY|100|00|00|000|00|0213040|1000000US360670021012025|360670021012025|1|2|36|01779796|067|H1|00974132|73000|C5|00979539|99999|99|99999999||||99999|99|99999999|73000|C5|00979539|002101|2|2025|9999|9|99999|99|99999999|999|99999|99|99999999|999999|9|99999|99|99999999|45060|1|532|99999|99999|9|999|99999|Y|N|86302|U|U|24|||||053|||||129|||||000290|A|13204|99999|99999|28590|00701|13326|0|2025|Block 2025|S||62|33|+43.0500102|-076.1618664|BK||99999
DHCST|NY|100|00|00|000|00|0213041|1000000US360670021012026|360670021012026|1|2|36|01779796|067|H1|00974132|73000|C5|00979539|99999|99|99999999||||99999|99|99999999|73000|C5|00979539|002101|2|2026|9999|9|99999|99|99999999|999|99999|99|99999999|999999|9|99999|99|99999999|45060|1|532|99999|99999|9|999|99999|Y|N|86302|U|U|24|||||053|||||129|||||000290|A|13204|99999|99999|28590|00701|9644|0|2026|Block 2026|S||0|0|+43.0507052|-076.1595808|BK||99999
DHCST|NY|100|00|00|000|00|0213042|1000000US360670021012027|360670021012027|1|2|36|01779796|067|H1|00974132|73000|C5|00979539|99999|99|99999999||||99999|99|99999999|73000|C5|00979539|002101|2|2027|9999|9|99999|99|99999999|999|99999|99|99999999|999999|9|99999|99|99999999|45060|1|532|99999|99999|9|999|99999|Y|N|86302|U|U|24|||||053|||||129|||||000290|A|13204|99999|99999|28590|00701|39684|0|2027|Block 2027|S||190|107|+43.0514452|-076.1683896|BK||99999
DHCST|NY|100|00|00|000|00|0213043|1000000US360670021012028|360670021012028|1|2|36|01779796|067|H1|00974132|73000|C5|00979539|99999|99|99999999||||99999|99|99999999|73000|C5|00979539|002101|2|2028|9999|9|99999|99|99999999|999|99999|99|99999999|999999|9|99999|99|99999999|45060|1|532|99999|99999|9|999|99999|Y|N|86302|U|U|24|||||053|||||129|||||000290|A|13204|99999|99999|28590|00701|36824|0|2028|Block 2028|S||171|90|+43.0505058|-076.1684388|BK||99999
DHCST|NY|100|00|00|000|00|0213044|1000000US360670021012029|360670021012029|1|2|36|01779796|067|H1|00974132|73000|C5|00979539|99999|99|99999999||||99999|99|99999999|73000|C5|00979539|002101|2|2029|9999|9|99999|99|99999999|999|99999|99|99999999|999999|9|99999|99|99999999|45060|1|532|99999|99999|9|999|99999|Y|N|86302|U|U|24|||||053|||||129|||||000290|A|13204|99999|99999|28590|00701|54646|0|2029|Block 2029|S||47|20|+43.0493265|-076.1688756|BK||99999
DHCST|NY|100|00|00|000|00|0213045|1000000US360670021012030|360670021012030|1|2|36|01779796|067|H1|00974132|73000|C5|00979539|99999|99|99999999||||99999|99|99999999|73000|C5|00979539|002101|2|2030|9999|9|99999|99|99999999|999|99999|99|99999999|999999|9|99999|99|99999999|45060|1|532|99999|99999|9|999|99999|Y|N|86302|U|U|24|||||053|||||129|||||000290|A|13204|99999|99999|28590|00701|17829|0|2030|Block 2030|S||0|0|+43.0486292|-076.1679745|BK||99999
DHCST|NY|100|00|00|000|00|0213046|1000000US360670021012031|360670021012031|1|2|36|01779796|067|H1|00974132|73000|C5|00979539|99999|99|99999999||||99999|99|99999999|73000|C5|00979539|002101|2|2031|9999|9|99999|99|99999999|999|99999|99|99999999|999999|9|99999|99|99999999|45060|1|532|99999|99999|9|999|99999|Y|N|86302|U|U|24|||||053|||||129|||||000290|A|13204|99999|99999|28590|00701|14457|0|2031|Block 2031|S||0|0|+43.0493249|-076.1647088|BK||99999
DHCST|NY|100|00|00|000|00|0213047|1000000US360670021013000|360670021013000|1|2|36|01779796|067|H1|00974132|73000|C5|00979539|99999|99|99999999||||99999|99|99999999|73000|C5|00979539|002101|3|3000|9999|9|99999|99|99999999|999|99999|99|99999999|999999|9|99999|99|99999999|45060|1|532|99999|99999|9|999|99999|Y|N|86302|U|U|24|||||053|||||129|||||000290|A|13204|99999|99999|28590|00701|38112|0|3000|Block 3000|S||190|75|+43.0510900|-076.1718190|BK||99999
DHCST|NY|100|00|00|000|00|0213048|1000000US360670021013001|360670021013001|1|2|36|01779796|067|H1|00974132|73000|C5|00979539|99999|99|99999999||||99999|99|99999999|73000|C5|00979539|002101|3|3001|9999|9|99999|99|99999999|999|99999|99|99999999|999999|9|99999|99|99999999|45060|1|532|99999|99999|9|999|99999|Y|N|86302|U|U|24|||||053|||||129|||||000290|A|13204|99999|99999|28590|00701|56433|0|3001|Block 3001|S||115|51|+43.0511770|-076.1746623|BK||99999
DHCST|NY|100|00|00|000|00|0213049|1000000US360670021013002|360670021013002|1|2|36|01779796|067|H1|00974132|73000|C5|00979539|99999|99|99999999||||99999|99|99999999|73000|C5|00979539|002101|3|3002|9999|9|99999|99|99999999|999|99999|99|99999999|999999|9|99999|99|99999999|45060|1|532|99999|99999|9|999|99999|Y|N|86302|U|U|24|||||053|||||129|||||000290|A|13204|99999|99999|28590|00701|125034|0|3002|Block 3002|S||321|153|+43.0491873|-076.1734653|BK||99999
DHCST|NY|100|00|00|000|00|0213050|1000000US360670021013003|360670021013003|1|2|36|01779796|067|H1|00974132|73000|C5|00979539|99999|99|99999999||||99999|99|99999999|73000|C5|00979539|002101|3|3003|9999|9|99999|99|99999999|999|99999|99|99999999|999999|9|99999|99|99999999|45060|1|532|99999|99999|9|999|99999|Y|N|86302|U|U|24|||||053|||||129|||||000290|A|13204|99999|99999|28590|00701|32070|0|3003|Block 3003|S||129|72|+43.0517564|-076.1779996|BK||99999
DHCST|NY|100|00|00|000|00|0213051|1000000US360670021013004|360670021013004|1|2|36|01779796|067|H1|00974132|73000|C5|00979539|99999|99|99999999||||99999|99|99999999|73000|C5|00979539|002101|3|3004|9999|9|99999|99|99999999|999|99999|99|99999999|999999|9|99999|99|99999999|45060|1|532|99999|99999|9|999|99999|Y|N|86302|U|U|24|||||053|||||129|||||000290|A|13204|99999|99999|28590|00701|17845|0|3004|Block 3004|S||156|60|+43.0508168|-076.1774726|BK||99999
DHCST|NY|100|00|00|000|00|0213052|1000000US360670021013005|360670021013005|1|2|36|01779796|067|H1|00974132|73000|C5|00979539|99999|99|99999999||||99999|99|99999999|73000|C5|00979539|002101|3|3005|9999|9|99999|99|99999999|999|99999|99|99999999|999999|9|99999|99|99999999|45060|1|532|99999|99999|9|999|99999|Y|N|86302|U|U|24|||||053|||||129|||||000290|A|13204|99999|99999|28590|00701|20799|0|3005|Block 3005|S||134|63|+43.0498578|-076.1755494|BK||99999
DHCST|NY|100|00|00|000|00|0213053|1000000US360670021013006|360670021013006|1|2|36|01779796|067|H1|00974132|73000|C5|00979539|99999|99|99999999||||99999|99|99999999|73000|C5|00979539|002101|3|3006|9999|9|99999|99|99999999|999|99999|99|99999999|999999|9|99999|99|99999999|45060|1|532|99999|99999|9|999|99999|Y|N|86302|U|U|24|||||053|||||129|||||000290|A|13204|99999|99999|28590|00701|28478|0|3006|Block 3006|S||0|0|+43.0498906|-076.1785239|BK||99999
DHCST|NY|100|00|00|000|00|0213054|1000000US360670023001000|360670023001000|1|2|36|01779796|067|H1|00974132|73000|C5|00979539|99999|99|99999999||||99999|99|99999999|73000|C5|00979539|002300|1|1000|9999|9|99999|99|99999999|999|99999|99|99999999|999999|9|99999|99|99999999|45060|1|532|99999|99999|9|999|99999|Y|N|86302|U|U|24|||||050|||||129|||||000337|A|13208|99999|99999|28590|00701|14073|0|1000|Block 1000|S||10|6|+43.0591204|-076.1476391|BK||99999
DHCST|NY|100|00|00|000|00|0213055|1000000US360670023001001|360670023001001|1|2|36|01779796|067|H1|00974132|73000|C5|00979539|99999|99|99999999||||99999|99|99999999|73000|C5|00979539|002300|1|1001|9999|9|99999|99|99999999|999|99999|99|99999999|999999|9|99999|99|99999999|45060|1|532|99999|99999|9|999|99999|Y|N|86302|U|U|24|||||050|||||129|||||000337|A|13203|99999|99999|28590|00701|5590|0|1001|Block 1001|S||78|22|+43.0591653|-076.1461092|BK||99999
DHCST|NY|100|00|00|000|00|0213056|1000000US360670023001002|360670023001002|1|2|36|01779796|067|H1|00974132|73000|C5|00979539|99999|99|99999999||||99999|99|99999999|73000|C5|00979539|002300|1|1002|9999|9|99999|99|99999999|999|99999|99|99999999|999999|9|99999|99|99999999|45060|1|532|99999|99999|9|999|99999|Y|N|86302|U|U|24|||||050|||||129|||||000337|A|13203|99999|99999|28590|00701|32413|0|1002|Block 1002|S||310|126|+43.0578057|-076.1444162|BK||99999
DHCST|NY|100|00|00|000|00|0213057|1000000US360670023001003|360670023001003|1|2|36|01779796|067|H1|00974132|73000|C5|00979539|99999|99|99999999||||99999|99|99999999|73000|C5|00979539|002300|1|1003|9999|9|99999|99|99999999|999|99999|99|99999999|999999|9|99999|99|99999999|45060|1|532|99999|99999|9|999|99999|Y|N|86302|U|U|24|||||050|||||129|||||000337|A|13203|99999|99999|28590|00701|37281|0|1003|Block 1003|S||164|92|+43.0572765|-076.1459364|BK||99999
DHCST|NY|100|00|00|000|00|0213058|1000000US360670023001004|360670023001004|1|2|36|01779796|067|H1|00974132|73000|C5|00979539|99999|99|99999999||||99999|99|99999999|73000|C5|00979539|002300|1|1004|9999|9|99999|99|99999999|999|99999|99|99999999|999999|9|99999|99|99999999|45060|1|532|99999|99999|9|999|99999|Y|N|86302|U|U|24|||||050|||||129|||||000337|A|13203|99999|99999|28590|00701|11932|0|1004|Block 1004|S||68|24|+43.0586025|-076.1470635|BK||99999
DHCST|NY|100|00|00|000|00|0213059|1000000US360670023001005|360670023001005|1|2|36|01779796|067|H1|00974132|73000|C5|00979539|99999|99|99999999||||99999|99|99999999|73000|C5|00979539|002300|1|1005|9999|9|99999|99|99999999|999|99999|99|99999999|999999|9|99999|99|99999999|45060|1|532|99999|99999|9|999|99999|Y|N|86302|U|U|24|||||050|||||129|||||000337|A|13203|99999|99999|28590|00701|18029|0|1005|Block 1005|S||33|27|+43.0582448|-076.1488584|BK||99999
DHCST|NY|100|00|00|000|00|0213060|1000000US360670023001006|360670023001006|1|2|36|01779796|067|H1|00974132|73000|C5|00979539|99999|99|99999999||||99999|99|99999999|73000|C5|00979539|002300|1|1006|9999|9|99999|99|99999999|999|99999|99|99999999|999999|9|99999|99|99999999|45060|1|532|99999|99999|9|999|99999|Y|N|86302|U|U|24|||||050|||||129|||||000337|A|13203|99999|99999|28590|00701|16803|0|1006|Block 1006|S||104|41|+43.0570407|-076.1479367|BK||99999
DHCST|NY|100|00|00|000|00|0213061|1000000US360670023001007|360670023001007|1|2|36|01779796|067|H1|00974132|73000|C5|00979539|99999|99|99999999||||99999|99|99999999|73000|C5|00979539|002300|1|1007|9999|9|99999|99|99999999|999|99999|99|99999999|999999|9|99999|99|99999999|45060|1|532|99999|99999|9|999|99999|Y|N|86302|U|U|24|||||050|||||129|||||000337|A|13203|99999|99999|28590|00701|4421|0|1007|Block 1007|S||0|0|+43.0573582|-076.1471922|BK||99999
DHCST|NY|100|00|00|000|00|0213062|1000000US360670023001008|360670023001008|1|2|36|01779796|067|H1|00974132|73000|C5|00979539|99999|99|99999999||||99999|99|99999999|73000|C5|00979539|002300|1|1008|9999|9|99999|99|99999999|999|99999|99|99999999|999999|9|99999|99|99999999|45060|1|532|99999|99999|9|999|99999|Y|N|86302|U|U|24|||||050|||||129|||||000337|A|13203|99999|99999|28590|00701|17502|0|1008|Block 1008|S||81|44|+43.0560252|-076.1469468|BK||99999
DHCST|NY|100|00|00|000|00|0213063|1000000US360670023002000|360670023002000|1|2|36|01779796|067|H1|00974132|73000|C5|00979539|99999|99|99999999||||99999|99|99999999|73000|C5|00979539|002300|2|2000|9999|9|99999|99|99999999|999|99999|99|99999999|999999|9|99999|99|99999999|45060|1|532|99999|99999|9|999|99999|Y|N|86302|U|U|24|||||050|||||129|||||000337|A|13203|99999|99999|28590|00701|20328|0|2000|Block 2000|S||150|141|+43.0567045|-076.1430408|BK||99999
DHCST|NY|100|00|00|000|00|0213064|1000000US360670023002001|360670023002001|1|2|36|01779796|067|H1|00974132|73000|C5|00979539|99999|99|99999999||||99999|99|99999999|73000|C5|00979539|002300|2|2001|9999|9|99999|99|99999999|999|99999|99|99999999|999999|9|99999|99|99999999|45060|1|532|99999|99999|9|999|99999|Y|N|86302|U|U|24|||||050|||||129|||||000337|A|13203|99999|99999|28590|00701|14248|0|2001|Block 2001|S||89|74|+43.0558581|-076.1448012|BK||99999
DHCST|NY|100|00|00|000|00|0213065|1000000US360670023002002|360670023002002|1|2|36|01779796|067|H1|00974132|73000|C5|00979539|99999|99|99999999||||99999|99|99999999|73000|C5|00979539|002300|2|2002|9999|9|99999|99|99999999|999|99999|99|99999999|999999|9|99999|99|99999999|45060|1|532|99999|99999|9|999|99999|Y|N|86302|U|U|24|||||050|||||129|||||000337|A|13203|99999|99999|28590|00701|14160|0|2002|Block 2002|S||33|24|+43.0551503|-076.1462429|BK||99999
DHCST|NY|100|00|00|000|00|0213066|1000000US360670023002003|360670023002003|1|2|36|01779796|067|H1|00974132|73000|C5|00979539|99999|99|99999999||||99999|99|99999999|73000|C5|00979539|002300|2|2003|9999|9|99999|99|99999999|999|99999|99|99999999|999999|9|99999|99|99999999|45060|1|532|99999|99999|9|999|99999|Y|N|86302|U|U|24|||||050|||||129|||||000337|A|13203|99999|99999|28590|00701|11294|0|2003|Block 2003|S||0|0|+43.0545188|-076.1475251|BK||99999
DHCST|NY|100|00|00|000|00|0213067|1000000US360670023002004|360670023002004|1|2|36|01779796|067|H1|00974132|73000|C5|00979539|99999|99|99999999||||99999|99|99999999|73000|C5|00979539|002300|2|2004|9999|9|99999|99|99999999|999|99999|99|99999999|999999|9|99999|99|99999999|45060|1|532|99999|99999|9|999|99999|Y|N|86302|U|U|24|||||050|||||129|||||000337|A|13203|99999|99999|28590|00701|15054|0|2004|Block 2004|S||32|0|+43.0554313|-076.1482631|BK||99999
DHCST|NY|100|00|00|000|00|0213068|1000000US360670023002005|360670023002005|1|2|36|01779796|067|H1|00974132|73000|C5|00979539|99999|99|99999999||||99999|99|99999999|73000|C5|00979539|002300|2|2005|9999|9|99999|99|99999999|999|99999|99|99999999|999999|9|99999|99|99999999|45060|1|532|99999|99999|9|999|99999|Y|N|86302|U|U|24|||||050|||||129|||||000337|A|13203|99999|99999|28590|00701|52265|0|2005|Block 2005|S||0|0|+43.0558009|-076.1496791|BK||99999
DHCST|NY|100|00|00|000|00|0213069|1000000US360670023002006|360670023002006|1|2|36|01779796|067|H1|00974132|73000|C5|00979539|99999|99|99999999||||99999|99|99999999|73000|C5|00979539|002300|2|2006|9999|9|99999|99|99999999|999|99999|99|99999999|999999|9|99999|99|99999999|45060|1|532|99999|99999|9|999|99999|Y|N|86302|U|U|24|||||050|||||129|||||000337|A|13208|99999|99999|28590|00701|17948|0|2006|Block 2006|S||23|1|+43.0577248|-076.1500750|BK||99999
DHCST|NY|100|00|00|000|00|0213070|1000000US360670023002007|360670023002007|1|2|36|01779796|067|H1|00974132|73000|C5|00979539|99999|99|99999999||||99999|99|99999999|73000|C5|00979539|002300|2|2007|9999|9|99999|99|99999999|999|99999|99|99999999|999999|9|99999|99|99999999|45060|1|532|99999|99999|9|999|99999|Y|N|86302|U|U|24|||||050|||||129|||||000337|A|13203|99999|99999|28590|00701|17654|0|2007|Block 2007|S||15|13|+43.0571796|-076.1512614|BK||99999
DHCST|NY|100|00|00|000|00|0213071|1000000US360670023002008|360670023002008|1|2|36|01779796|067|H1|00974132|73000|C5|00979539|99999|99|99999999||||99999|99|99999999|73000|C5|00979539|002300|2|2008|9999|9|99999|99|99999999|999|99999|99|99999999|999999|9|99999|99|99999999|45060|1|532|99999|99999|9|999|99999|Y|N|86302|U|U|24|||||050|||||129|||||000337|A|13203|99999|99999|28590|00701|1398|0|2008|Block 2008|S||0|0|+43.0573960|-076.1521892|BK||99999
DHCST|NY|100|00|00|000|00|0213072|1000000US360670023002009|360670023002009|1|2|36|01779796|067|H1|00974132|73000|C5|00979539|99999|99|99999999||||99999|99|99999999|73000|C5|00979539|002300|2|2009|9999|9|99999|99|99999999|999|99999|99|99999999|999999|9|99999|99|99999999|45060|1|532|99999|99999|9|999|99999|Y|N|86302|U|U|24|||||050|||||129|||||000337|A|13203|99999|99999|28590|00701|6743|0|2009|Block 2009|S||16|16|+43.0567661|-076.1523897|BK||99999
DHCST|NY|100|00|00|000|00|0213073|1000000US360670023002010|360670023002010|1|2|36|01779796|067|H1|00974132|73000|C5|00979539|99999|99|99999999||||99999|99|99999999|73000|C5|00979539|002300|2|2010|9999|9|99999|99|99999999|999|99999|99|99999999|999999|9|99999|99|99999999|45060|1|532|99999|99999|9|999|99999|Y|N|86302|U|U|24|||||050|||||129|||||000337|A|13203|99999|99999|28590|00701|16224|0|2010|Block 2010|S||34|19|+43.0558899|-076.1527207|BK||99999
DHCST|NY|100|00|00|000|00|0213074|1000000US360670023002011|360670023002011|1|2|36|01779796|067|H1|00974132|73000|C5|00979539|99999|99|99999999||||99999|99|99999999|73000|C5|00979539|002300|2|2011|9999|9|99999|99|99999999|999|99999|99|99999999|999999|9|99999|99|99999999|45060|1|532|99999|99999|9|999|99999|Y|N|86302|U|U|24|||||050|||||129|||||000337|A|13202|99999|99999|28590|00701|3287|0|2011|Block 2011|S||0|0|+43.0554012|-076.1529567|BK||99999
DHCST|NY|100|00|00|000|00|0213075|1000000US360670023002012|360670023002012|1|2|36|01779796|067|H1|00974132|73000|C5|00979539|99999|99|99999999||||99999|99|99999999|73000|C5|00979539|002300|2|2012|9999|9|99999|99|99999999|999|99999|99|99999999|999999|9|99999|99|99999999|45060|1|532|99999|99999|9|999|99999|Y|N|86302|U|U|24|||||050|||||129|||||000291|A|13202|99999|99999|28590|00701|25089|0|2012|Block 2012|S||0|0|+43.0548657|-076.1534105|BK||99999
DHCST|NY|100|00|00|000|00|0213076|1000000US360670023002013|360670023002013|1|2|36|01779796|067|H1|00974132|73000|C5|00979539|99999|99|99999999||||99999|99|99999999|73000|C5|00979539|002300|2|2013|9999|9|99999|99|99999999|999|99999|99|99999999|999999|9|99999|99|99999999|45060|1|532|99999|99999|9|999|99999|Y|N|86302|U|U|24|||||050|||||129|||||000291|A|13202|99999|99999|28590|00701|2886|0|2013|Block 2013|S||0|0|+43.0543688|-076.1542487|BK||99999
DHCST|NY|100|00|00|000|00|0213077|1000000US360670023002014|360670023002014|1|2|36|01779796|067|H1|00974132|73000|C5|00979539|99999|99|99999999||||99999|99|99999999|73000|C5|00979539|002300|2|2014|9999|9|99999|99|99999999|999|99999|99|99999999|999999|9|99999|99|99999999|45060|1|532|99999|99999|9|999|99999|Y|N|86302|U|U|24|||||050|||||129|||||000338|A|13202|99999|99999|28590|00701|2101|0|2014|Block 2014|S||0|0|+43.0541389|-076.1541291|BK||99999
DHCST|NY|100|00|00|000|00|0213078|1000000US360670023002015|360670023002015|1|2|36|01779796|067|H1|00974132|73000|C5|00979539|99999|99|99999999||||99999|99|99999999|73000|C5|00979539|002300|2|2015|9999|9|99999|99|99999999|999|99999|99|99999999|999999|9|99999|99|99999999|45060|1|532|99999|99999|9|999|99999|Y|N|86302|U|U|24|||||050|||||129|||||000338|A|13202|99999|99999|28590|00701|3054|0|2015|Block 2015|S||0|0|+43.0538444|-076.1527135|BK||99999
DHCST|NY|100|00|00|000|00|0213079|1000000US360670023002016|360670023002016|1|2|36|01779796|067|H1|00974132|73000|C5|00979539|99999|99|99999999||||99999|99|99999999|73000|C5|00979539|002300|2|2016|9999|9|99999|99|99999999|999|99999|99|99999999|999999|9|99999|99|99999999|45060|1|532|99999|99999|9|999|99999|Y|N|86302|U|U|24|||||050|||||129|||||000338|A|13202|99999|99999|28590|00701|5800|0|2016|Block 2016|S||0|0|+43.0531533|-076.1514247|BK||99999
DHCST|NY|100|00|00|000|00|0213080|1000000US360670023002017|360670023002017|1|2|36|01779796|067|H1|00974132|73000|C5|00979539|99999|99|99999999||||99999|99|99999999|73000|C5|00979539|002300|2|2017|9999|9|99999|99|99999999|999|99999|99|99999999|999999|9|99999|99|99999999|45060|1|532|99999|99999|9|999|99999|Y|N|86302|U|U|24|||||050|||||129|||||000291|A|13202|99999|99999|28590|00701|1520|0|2017|Block 2017|S||0|0|+43.0538927|-076.1518932|BK||99999
DHCST|NY|100|00|00|000|00|0213081|1000000US360670023002018|360670023002018|1|2|36|01779796|067|H1|00974132|73000|C5|00979539|99999|99|99999999||||99999|99|99999999|73000|C5|00979539|002300|2|2018|9999|9|99999|99|99999999|999|99999|99|99999999|999999|9|99999|99|99999999|45060|1|532|99999|99999|9|999|99999|Y|N|86302|U|U|24|||||050|||||129|||||000337|A|13203|99999|99999|28590|00701|1200|0|2018|Block 2018|S||0|0|+43.0539355|-076.1517085|BK||99999
DHCST|NY|100|00|00|000|00|0213082|1000000US360670023002019|360670023002019|1|2|36|01779796|067|H1|00974132|73000|C5|00979539|99999|99|99999999||||99999|99|99999999|73000|C5|00979539|002300|2|2019|9999|9|99999|99|99999999|999|99999|99|99999999|999999|9|99999|99|99999999|45060|1|532|99999|99999|9|999|99999|Y|N|86302|U|U|24|||||050|||||129|||||000337|A|13203|99999|99999|28590|00701|19902|0|2019|Block 2019|S||20|0|+43.0541205|-076.1511966|BK||99999
DHCST|NY|100|00|00|000|00|0213083|1000000US360670023002020|360670023002020|1|2|36|01779796|067|H1|00974132|73000|C5|00979539|99999|99|99999999||||99999|99|99999999|73000|C5|00979539|002300|2|2020|9999|9|99999|99|99999999|999|99999|99|99999999|999999|9|99999|99|99999999|45060|1|532|99999|99999|9|999|99999|Y|N|86302|U|U|24|||||050|||||129|||||000337|A|13203|99999|99999|28590|00701|11455|0|2020|Block 2020|S||33|38|+43.0555612|-076.1514122|BK||99999
DHCST|NY|100|00|00|000|00|0213084|1000000US360670023002021|360670023002021|1|2|36|01779796|067|H1|00974132|73000|C5|00979539|99999|99|99999999||||99999|99|99999999|73000|C5|00979539|002300|2|2021|9999|9|99999|99|99999999|999|99999|99|99999999|999999|9|99999|99|99999999|45060|1|532|99999|99999|9|999|99999|Y|N|86302|U|U|24|||||050|||||129|||||000337|A|13203|99999|99999|28590|00701|2613|0|2021|Block 2021|S||21|3|+43.0564727|-076.1518643|BK||99999
DHCST|NY|100|00|00|000|00|0213085|1000000US360670023002022|360670023002022|1|2|36|01779796|067|H1|00974132|73000|C5|00979539|99999|99|99999999||||99999|99|99999999|73000|C5|00979539|002300|2|2022|9999|9|99999|99|99999999|999|99999|99|99999999|999999|9|99999|99|99999999|45060|1|532|99999|99999|9|999|99999|Y|N|86302|U|U|24|||||050|||||129|||||000337|A|13203|99999|99999|28590|00701|7487|0|2022|Block 2022|S||0|0|+43.0526861|-076.1491146|BK||99999
DHCST|NY|100|00|00|000|00|0213086|1000000US360670023002023|360670023002023|1|2|36|01779796|067|H1|00974132|73000|C5|00979539|99999|99|99999999||||99999|99|99999999|73000|C5|00979539|002300|2|2023|9999|9|99999|99|99999999|999|99999|99|99999999|999999|9|99999|99|99999999|45060|1|532|99999|99999|9|999|99999|Y|N|86302|U|U|24|||||050|||||129|||||000337|A|13203|99999|99999|28590|00701|9063|0|2023|Block 2023|S||70|62|+43.0535124|-076.1497860|BK||99999
DHCST|NY|100|00|00|000|00|0213087|1000000US360670023002024|360670023002024|1|2|36|01779796|067|H1|00974132|73000|C5|00979539|99999|99|99999999||||99999|99|99999999|73000|C5|00979539|002300|2|2024|9999|9|99999|99|99999999|999|99999|99|99999999|999999|9|99999|99|99999999|45060|1|532|99999|99999|9|999|99999|Y|N|86302|U|U|24|||||050|||||129|||||000337|A|13203|99999|99999|28590|00701|8342|0|2024|Block 2024|S||37|22|+43.0544711|-076.1505133|BK||99999
DHCST|NY|100|00|00|000|00|0213088|1000000US360670023002025|360670023002025|1|2|36|01779796|067|H1|00974132|73000|C5|00979539|99999|99|99999999||||99999|99|99999999|73000|C5|00979539|002300|2|2025|9999|9|99999|99|99999999|999|99999|99|99999999|999999|9|99999|99|99999999|45060|1|532|99999|99999|9|999|99999|Y|N|86302|U|U|24|||||050|||||129|||||000337|A|13203|99999|99999|28590|00701|5321|0|2025|Block 2025|S||0|0|+43.0523274|-076.1496580|BK||99999
DHCST|NY|100|00|00|000|00|0213089|1000000US360670023002026|360670023002026|1|2|36|01779796|067|H1|00974132|73000|C5|00979539|99999|99|99999999||||99999|99|99999999|73000|C5|00979539|002300|2|2026|9999|9|99999|99|99999999|999|99999|99|99999999|999999|9|99999|99|99999999|45060|1|532|99999|99999|9|999|99999|Y|N|86302|U|U|24|||||050|||||129|||||000337|A|13203|99999|99999|28590|00701|2779|0|2026|Block 2026|S||0|0|+43.0529088|-076.1505650|BK||99999
DHCST|NY|100|00|00|000|00|0213090|1000000US360670023002027|360670023002027|1|2|36|01779796|067|H1|00974132|73000|C5|00979539|99999|99|99999999||||99999|99|99999999|73000|C5|00979539|002300|2|2027|9999|9|99999|99|99999999|999|99999|99|99999999|999999|9|99999|99|99999999|45060|1|532|99999|99999|9|999|99999|Y|N|86302|U|U|24|||||050|||||129|||||000337|A|13203|99999|99999|28590|00701|1499|0|2027|Block 2027|S||0|0|+43.0529837|-076.1509356|BK||99999
DHCST|NY|100|00|00|000|00|0213091|1000000US360670023002028|360670023002028|1|2|36|01779796|067|H1|00974132|73000|C5|00979539|99999|99|99999999||||99999|99|99999999|73000|C5|00979539|002300|2|2028|9999|9|99999|99|99999999|999|99999|99|99999999|999999|9|99999|99|99999999|45060|1|532|99999|99999|9|999|99999|Y|N|86302|U|U|24|||||050|||||129|||||000337|A|13203|99999|99999|28590|00701|1316|0|2028|Block 2028|S||0|0|+43.0521749|-076.1499946|BK||99999
DHCST|NY|100|00|00|000|00|0213092|1000000US360670023002029|360670023002029|1|2|36|01779796|067|H1|00974132|73000|C5|00979539|99999|99|99999999||||99999|99|99999999|73000|C5|00979539|002300|2|2029|9999|9|99999|99|99999999|999|99999|99|99999999|999999|9|99999|99|99999999|45060|1|532|99999|99999|9|999|99999|Y|N|86302|U|U|24|||||050|||||129|||||000338|A|13202|99999|99999|28590|00701|2820|0|2029|Block 2029|S||0|0|+43.0520621|-076.1501769|BK||99999
DHCST|NY|100|00|00|000|00|0213093|1000000US360670023002030|360670023002030|1|2|36|01779796|067|H1|00974132|73000|C5|00979539|99999|99|99999999||||99999|99|99999999|73000|C5|00979539|002300|2|2030|9999|9|99999|99|99999999|999|99999|99|99999999|999999|9|99999|99|99999999|45060|1|532|99999|99999|9|999|99999|Y|N|86302|U|U|24|||||050|||||129|||||000338|A|13202|99999|99999|28590|00701|7130|0|2030|Block 2030|S||0|0|+43.0514066|-076.1485141|BK||99999
DHCST|NY|100|00|00|000|00|0213094|1000000US360670023002031|360670023002031|1|2|36|01779796|067|H1|00974132|73000|C5|00979539|99999|99|99999999||||99999|99|99999999|73000|C5|00979539|002300|2|2031|9999|9|99999|99|99999999|999|99999|99|99999999|999999|9|99999|99|99999999|45060|1|532|99999|99999|9|999|99999|Y|N|86302|U|U|24|||||050|||||129|||||000337|A|13203|99999|99999|28590|00701|1928|0|2031|Block 2031|S||0|0|+43.0516243|-076.1485100|BK||99999
DHCST|NY|100|00|00|000|00|0213095|1000000US360670023002032|360670023002032|1|2|36|01779796|067|H1|00974132|73000|C5|00979539|99999|99|99999999||||99999|99|99999999|73000|C5|00979539|002300|2|2032|9999|9|99999|99|99999999|999|99999|99|99999999|999999|9|99999|99|99999999|45060|1|532|99999|99999|9|999|99999|Y|N|86302|U|U|24|||||050|||||129|||||000337|A|13203|99999|99999|28590|00701|4502|0|2032|Block 2032|S||0|0|+43.0518627|-076.1485688|BK||99999
DHCST|NY|100|00|00|000|00|0213096|1000000US360670023002033|360670023002033|1|2|36|01779796|067|H1|00974132|73000|C5|00979539|99999|99|99999999||||99999|99|99999999|73000|C5|00979539|002300|2|2033|9999|9|99999|99|99999999|999|99999|99|99999999|999999|9|99999|99|99999999|45060|1|532|99999|99999|9|999|99999|Y|N|86302|U|U|24|||||050|||||129|||||000337|A|13203|99999|99999|28590|00701|1137|0|2033|Block 2033|S||0|0|+43.0521835|-076.1484492|BK||99999
DHCST|NY|100|00|00|000|00|0213097|1000000US360670023002034|360670023002034|1|2|36|01779796|067|H1|00974132|73000|C5|00979539|99999|99|99999999||||99999|99|99999999|73000|C5|00979539|002300|2|2034|9999|9|99999|99|99999999|999|99999|99|99999999|999999|9|99999|99|99999999|45060|1|532|99999|99999|9|999|99999|Y|N|86302|U|U|24|||||050|||||129|||||000337|A|13203|99999|99999|28590|00701|643|0|2034|Block 2034|S||0|0|+43.0521318|-076.1481449|BK||99999
DHCST|NY|100|00|00|000|00|0213098|1000000US360670023002035|360670023002035|1|2|36|01779796|067|H1|00974132|73000|C5|00979539|99999|99|99999999||||99999|99|99999999|73000|C5|00979539|002300|2|2035|9999|9|99999|99|99999999|999|99999|99|99999999|999999|9|99999|99|99999999|45060|1|532|99999|99999|9|999|99999|Y|N|86302|U|U|24|||||053|||||129|||||000339|A|13203|99999|99999|28590|00701|19023|0|2035|Block 2035|S||146|205|+43.0527413|-076.1466307|BK||99999
DHCST|NY|100|00|00|000|00|0213099|1000000US360670023002036|360670023002036|1|2|36|01779796|067|H1|00974132|73000|C5|00979539|99999|99|99999999||||99999|99|99999999|73000|C5|00979539|002300|2|2036|9999|9|99999|99|99999999|999|99999|99|99999999|999999|9|99999|99|99999999|45060|1|532|99999|99999|9|999|99999|Y|N|86302|U|U|24|||||050|||||129|||||000337|A|13203|99999|99999|28590|00701|24776|0|2036|Block 2036|S||56|61|+43.0534082|-076.1475034|BK||99999
DHCST|NY|100|00|00|000|00|0213100|1000000US360670023002037|360670023002037|1|2|36|01779796|067|H1|00974132|73000|C5|00979539|99999|99|99999999||||99999|99|99999999|73000|C5|00979539|002300|2|2037|9999|9|99999|99|99999999|999|99999|99|99999999|999999|9|99999|99|99999999|45060|1|532|99999|99999|9|999|99999|Y|N|86302|U|U|24|||||050|||||129|||||000337|A|13203|99999|99999|28590|00701|14826|0|2037|Block 2037|S||12|14|+43.0543487|-076.1455945|BK||99999
DHCST|NY|100|00|00|000|00|0213101|1000000US360670023002038|360670023002038|1|2|36|01779796|067|H1|00974132|73000|C5|00979539|99999|99|99999999||||99999|99|99999999|73000|C5|00979539|002300|2|2038|9999|9|99999|99|99999999|999|99999|99|99999999|999999|9|99999|99|99999999|45060|1|532|99999|99999|9|999|99999|Y|N|86302|U|U|24|||||053|||||129|||||000321|A|13203|99999|99999|28590|00701|2719|0|2038|Block 2038|S||0|0|+43.0513661|-076.1464621|BK||99999
DHCST|NY|100|00|00|000|00|0213102|1000000US360670023002039|360670023002039|1|2|36|01779796|067|H1|00974132|73000|C5|00979539|99999|99|99999999||||99999|99|99999999|73000|C5|00979539|002300|2|2039|9999|9|99999|99|99999999|999|99999|99|99999999|999999|9|99999|99|99999999|45060|1|532|99999|99999|9|999|99999|Y|N|86302|U|U|24|||||053|||||129|||||000321|A|13203|99999|99999|28590|00701|4708|0|2039|Block 2039|S||0|0|+43.0515984|-076.1467340|BK||99999
DHCST|NY|100|00|00|000|00|0213103|1000000US360670023002040|360670023002040|1|2|36|01779796|067|H1|00974132|73000|C5|00979539|99999|99|99999999||||99999|99|99999999|73000|C5|00979539|002300|2|2040|9999|9|99999|99|99999999|999|99999|99|99999999|999999|9|99999|99|99999999|45060|1|532|99999|99999|9|999|99999|Y|N|86302|U|U|24|||||053|||||129|||||000321|A|13203|99999|99999|28590|00701|6624|0|2040|Block 2040|S||19|5|+43.0519798|-076.1471077|BK||99999
DHCST|NY|100|00|00|000|00|0213104|1000000US360670023002041|360670023002041|1|2|36|01779796|067|H1|00974132|73000|C5|00979539|99999|99|99999999||||99999|99|99999999|73000|C5|00979539|002300|2|2041|9999|9|99999|99|99999999|999|99999|99|99999999|999999|9|99999|99|99999999|45060|1|532|99999|99999|9|999|99999|Y|N|86302|U|U|24|||||053|||||129|||||000321|A|13203|99999|99999|28590|00701|5537|0|2041|Block 2041|S||11|2|+43.0520291|-076.1462091|BK||99999
DHCST|NY|100|00|00|000|00|0213105|1000000US360670023002042|360670023002042|1|2|36|01779796|067|H1|00974132|73000|C5|00979539|99999|99|99999999||||99999|99|99999999|73000|C5|00979539|002300|2|2042|9999|9|99999|99|99999999|999|99999|99|99999999|999999|9|99999|99|99999999|45060|1|532|99999|99999|9|999|99999|Y|N|86302|U|U|24|||||053|||||129|||||000336|A|13202|99999|99999|28590|00701|3071|0|2042|Block 2042|S||0|0|+43.0512145|-076.1467627|BK||99999
DHCST|NY|100|00|00|000|00|0213106|1000000US360670023002043|360670023002043|1|2|36|01779796|067|H1|00974132|73000|C5|00979539|99999|99|99999999||||99999|99|99999999|73000|C5|00979539|002300|2|2043|9999|9|99999|99|99999999|999|99999|99|99999999|999999|9|99999|99|99999999|45060|1|532|99999|99999|9|999|99999|Y|N|86302|U|U|24|||||050|||||129|||||000337|A|13203|99999|99999|28590|00701|12414|0|2043|Block 2043|S||0|0|+43.0539318|-076.1487200|BK||99999
DHCST|NY|100|00|00|000|00|0213107|1000000US360670023002044|360670023002044|1|2|36|01779796|067|H1|00974132|73000|C5|00979539|99999|99|99999999||||99999|99|99999999|73000|C5|00979539|002300|2|2044|9999|9|99999|99|99999999|999|99999|99|99999999|999999|9|99999|99|99999999|45060|1|532|99999|99999|9|999|99999|Y|N|86302|U|U|24|||||050|||||129|||||000337|A|13203|99999|99999|28590|00701|690|0|2044|Block 2044|S||0|0|+43.0517408|-076.1478457|BK||99999
DHCST|NY|100|00|00|000|00|0213108|1000000US360670024001000|360670024001000|1|2|36|01779796|067|H1|00974132|73000|C5|00979539|99999|99|99999999||||99999|99|99999999|73000|C5|00979539|002400|1|1000|9999|9|99999|99|99999999|999|99999|99|99999999|999999|9|99999|99|99999999|45060|1|532|99999|99999|9|999|99999|Y|N|86302|U|U|24|||||053|||||129|||||000322|A|13203|99999|99999|28590|00701|54729|0|1000|Block 1000|S||261|118|+43.0567238|-076.1317079|BK||99999
DHCST|NY|100|00|00|000|00|0213109|1000000US360670024001001|360670024001001|1|2|36|01779796|067|H1|00974132|73000|C5|00979539|99999|99|99999999||||99999|99|99999999|73000|C5|00979539|002400|1|1001|9999|9|99999|99|99999999|999|99999|99|99999999|999999|9|99999|99|99999999|45060|1|532|99999|99999|9|999|99999|Y|N|86302|U|U|24|||||053|||||129|||||000322|A|13203|99999|99999|28590|00701|84434|0|1001|Block 1001|S||270|136|+43.0536809|-076.1316631|BK||99999
DHCST|NY|100|00|00|000|00|0213110|1000000US360670024001002|360670024001002|1|2|36|01779796|067|H1|00974132|73000|C5|00979539|99999|99|99999999||||99999|99|99999999|73000|C5|00979539|002400|1|1002|9999|9|99999|99|99999999|999|99999|99|99999999|999999|9|99999|99|99999999|45060|1|532|99999|99999|9|999|99999|Y|N|86302|U|U|24|||||053|||||129|||||000322|A|13203|99999|99999|28590|00701|13557|0|1002|Block 1002|S||94|58|+43.0558231|-076.1326960|BK||99999
DHCST|NY|100|00|00|000|00|0213111|1000000US360670024001003|360670024001003|1|2|36|01779796|067|H1|00974132|73000|C5|00979539|99999|99|99999999||||99999|99|99999999|73000|C5|00979539|002400|1|1003|9999|9|99999|99|99999999|999|99999|99|99999999|999999|9|99999|99|99999999|45060|1|532|99999|99999|9|999|99999|Y|N|86302|U|U|24|||||053|||||129|||||000322|A|13203|99999|99999|28590|00701|23229|0|1003|Block 1003|S||27|12|+43.0518349|-076.1342082|BK||99999
DHCST|NY|100|00|00|000|00|0213112|1000000US360670024001004|360670024001004|1|2|36|01779796|067|H1|00974132|73000|C5|00979539|99999|99|99999999||||99999|99|99999999|73000|C5|00979539|002400|1|1004|9999|9|99999|99|99999999|999|99999|99|99999999|999999|9|99999|99|99999999|45060|1|532|99999|99999|9|999|99999|Y|N|86302|U|U|24|||||053|||||129|||||000322|A|13203|99999|99999|28590|00701|27015|0|1004|Block 1004|S||75|31|+43.0526304|-076.1349770|BK||99999
DHCST|NY|100|00|00|000|00|0213113|1000000US360670024001005|360670024001005|1|2|36|01779796|067|H1|00974132|73000|C5|00979539|99999|99|99999999||||99999|99|99999999|73000|C5|00979539|002400|1|1005|9999|9|99999|99|99999999|999|99999|99|99999999|999999|9|99999|99|99999999|45060|1|532|99999|99999|9|999|99999|Y|N|86302|U|U|24|||||053|||||129|||||000322|A|13203|99999|99999|28590|00701|19847|0|1005|Block 1005|S||46|26|+43.0535453|-076.1337100|BK||99999
DHCST|NY|100|00|00|000|00|0213114|1000000US360670024001006|360670024001006|1|2|36|01779796|067|H1|00974132|73000|C5|00979539|99999|99|99999999||||99999|99|99999999|73000|C5|00979539|002400|1|1006|9999|9|99999|99|99999999|999|99999|99|99999999|999999|9|99999|99|99999999|45060|1|532|99999|99999|9|999|99999|Y|N|86302|U|U|24|||||053|||||129|||||000322|A|13203|99999|99999|28590|00701|6254|0|1006|Block 1006|S||0|0|+43.0514860|-076.1340762|BK||99999
DHCST|NY|100|00|00|000|00|0213115|1000000US360670024001007|360670024001007|1|2|36|01779796|067|H1|00974132|73000|C5|00979539|99999|99|99999999||||99999|99|99999999|73000|C5|00979539|002400|1|1007|9999|9|99999|99|99999999|999|99999|99|99999999|999999|9|99999|99|99999999|45060|1|532|99999|99999|9|999|99999|Y|N|86302|U|U|24|||||053|||||128|||||000327|A|13203|99999|99999|28590|00701|12788|0|1007|Block 1007|S||0|0|+43.0515967|-076.1393670|BK||99999
DHCST|NY|100|00|00|000|00|0213116|1000000US360670024001008|360670024001008|1|2|36|01779796|067|H1|00974132|73000|C5|00979539|99999|99|99999999||||99999|99|99999999|73000|C5|00979539|002400|1|1008|9999|9|99999|99|99999999|999|99999|99|99999999|999999|9|99999|99|99999999|45060|1|532|99999|99999|9|999|99999|Y|N|86302|U|U|24|||||053|||||129|||||000321|A|13203|99999|99999|28590|00701|24502|0|1008|Block 1008|S||0|0|+43.0519577|-076.1392289|BK||99999
DHCST|NY|100|00|00|000|00|0213117|1000000US360670024001009|360670024001009|1|2|36|01779796|067|H1|00974132|73000|C5|00979539|99999|99|99999999||||99999|99|99999999|73000|C5|00979539|002400|1|1009|9999|9|99999|99|99999999|999|99999|99|99999999|999999|9|99999|99|99999999|45060|1|532|99999|99999|9|999|99999|Y|N|86302|U|U|24|||||053|||||129|||||000321|A|13203|99999|99999|28590|00701|26524|0|1009|Block 1009|S||110|61|+43.0527191|-076.1377712|BK||99999
DHCST|NY|100|00|00|000|00|0213118|1000000US360670024001010|360670024001010|1|2|36|01779796|067|H1|00974132|73000|C5|00979539|99999|99|99999999||||99999|99|99999999|73000|C5|00979539|002400|1|1010|9999|9|99999|99|99999999|999|99999|99|99999999|999999|9|99999|99|99999999|45060|1|532|99999|99999|9|999|99999|Y|N|86302|U|U|24|||||053|||||129|||||000321|A|13203|99999|99999|28590|00701|28942|0|1010|Block 1010|S||131|69|+43.0527554|-076.1405901|BK||99999
DHCST|NY|100|00|00|000|00|0213119|1000000US360670024001011|360670024001011|1|2|36|01779796|067|H1|00974132|73000|C5|00979539|99999|99|99999999||||99999|99|99999999|73000|C5|00979539|002400|1|1011|9999|9|99999|99|99999999|999|99999|99|99999999|999999|9|99999|99|99999999|45060|1|532|99999|99999|9|999|99999|Y|N|86302|U|U|24|||||053|||||129|||||000321|A|13203|99999|99999|28590|00701|12873|0|1011|Block 1011|S||97|53|+43.0536233|-076.1403709|BK||99999
DHCST|NY|100|00|00|000|00|0213120|1000000US360670024002000|360670024002000|1|2|36|01779796|067|H1|00974132|73000|C5|00979539|99999|99|99999999||||99999|99|99999999|73000|C5|00979539|002400|2|2000|9999|9|99999|99|99999999|999|99999|99|99999999|999999|9|99999|99|99999999|45060|1|532|99999|99999|9|999|99999|Y|N|86302|U|U|24|||||053|||||129|||||000321|A|13203|99999|99999|28590|00701|33212|0|2000|Block 2000|S||164|86|+43.0561983|-076.1348197|BK||99999
DHCST|NY|100|00|00|000|00|0213121|1000000US360670024002001|360670024002001|1|2|36|01779796|067|H1|00974132|73000|C5|00979539|99999|99|99999999||||99999|99|99999999|73000|C5|00979539|002400|2|2001|9999|9|99999|99|99999999|999|99999|99|99999999|999999|9|99999|99|99999999|45060|1|532|99999|99999|9|999|99999|Y|N|86302|U|U|24|||||053|||||129|||||000321|A|13203|99999|99999|28590|00701|16161|0|2001|Block 2001|S||81|63|+43.0551813|-076.1369371|BK||99999
DHCST|NY|100|00|00|000|00|0213122|1000000US360670024002002|360670024002002|1|2|36|01779796|067|H1|00974132|73000|C5|00979539|99999|99|99999999||||99999|99|99999999|73000|C5|00979539|002400|2|2002|9999|9|99999|99|99999999|999|99999|99|99999999|999999|9|99999|99|99999999|45060|1|532|99999|99999|9|999|99999|Y|N|86302|U|U|24|||||053|||||129|||||000322|A|13203|99999|99999|28590|00701|18883|0|2002|Block 2002|S||91|62|+43.0542046|-076.1354725|BK||99999
DHCST|NY|100|00|00|000|00|0213123|1000000US360670024002003|360670024002003|1|2|36|01779796|067|H1|00974132|73000|C5|00979539|99999|99|99999999||||99999|99|99999999|73000|C5|00979539|002400|2|2003|9999|9|99999|99|99999999|999|99999|99|99999999|999999|9|99999|99|99999999|45060|1|532|99999|99999|9|999|99999|Y|N|86302|U|U|24|||||053|||||129|||||000322|A|13203|99999|99999|28590|00701|26639|0|2003|Block 2003|S||123|64|+43.0550853|-076.1342743|BK||99999
DHCST|NY|100|00|00|000|00|0213124|1000000US360670024002004|360670024002004|1|2|36|01779796|067|H1|00974132|73000|C5|00979539|99999|99|99999999||||99999|99|99999999|73000|C5|00979539|002400|2|2004|9999|9|99999|99|99999999|999|99999|99|99999999|999999|9|99999|99|99999999|45060|1|532|99999|99999|9|999|99999|Y|N|86302|U|U|24|||||053|||||129|||||000322|A|13203|99999|99999|28590|00701|7348|0|2004|Block 2004|S||46|8|+43.0535446|-076.1358216|BK||99999
DHCST|NY|100|00|00|000|00|0213125|1000000US360670024002005|360670024002005|1|2|36|01779796|067|H1|00974132|73000|C5|00979539|99999|99|99999999||||99999|99|99999999|73000|C5|00979539|002400|2|2005|9999|9|99999|99|99999999|999|99999|99|99999999|999999|9|99999|99|99999999|45060|1|532|99999|99999|9|999|99999|Y|N|86302|U|U|24|||||053|||||129|||||000321|A|13203|99999|99999|28590|00701|18985|0|2005|Block 2005|S||85|40|+43.0537073|-076.1374285|BK||99999
DHCST|NY|100|00|00|000|00|0213126|1000000US360670024002006|360670024002006|1|2|36|01779796|067|H1|00974132|73000|C5|00979539|99999|99|99999999||||99999|99|99999999|73000|C5|00979539|002400|2|2006|9999|9|99999|99|99999999|999|99999|99|99999999|999999|9|99999|99|99999999|45060|1|532|99999|99999|9|999|99999|Y|N|86302|U|U|24|||||053|||||129|||||000321|A|13203|99999|99999|28590|00701|23807|0|2006|Block 2006|S||136|80|+43.0543103|-076.1385731|BK||99999
DHCST|NY|100|00|00|000|00|0213127|1000000US360670027001000|360670027001000|1|2|36|01779796|067|H1|00974132|73000|C5|00979539|99999|99|99999999||||99999|99|99999999|73000|C5|00979539|002700|1|1000|9999|9|99999|99|99999999|999|99999|99|99999999|999999|9|99999|99|99999999|45060|1|532|99999|99999|9|999|99999|Y|N|86302|U|U|24|||||053|||||129|||||000330|A|13204|99999|99999|28590|00701|24169|0|1000|Block 1000|S||100|54|+43.0537862|-076.1892910|BK||99999
DHCST|NY|100|00|00|000|00|0213128|1000000US360670027001001|360670027001001|1|2|36|01779796|067|H1|00974132|73000|C5|00979539|99999|99|99999999||||99999|99|99999999|73000|C5|00979539|002700|1|1001|9999|9|99999|99|99999999|999|99999|99|99999999|999999|9|99999|99|99999999|45060|1|532|99999|99999|9|999|99999|Y|N|86302|U|U|24|||||053|||||129|||||000330|A|13204|99999|99999|28590|00701|21939|0|1001|Block 1001|S||61|39|+43.0529960|-076.1913635|BK||99999
DHCST|NY|100|00|00|000|00|0213129|1000000US360670027001002|360670027001002|1|2|36|01779796|067|H1|00974132|73000|C5|00979539|99999|99|99999999||||99999|99|99999999|73000|C5|00979539|002700|1|1002|9999|9|99999|99|99999999|999|99999|99|99999999|999999|9|99999|99|99999999|45060|1|532|99999|99999|9|999|99999|Y|N|86302|U|U|24|||||053|||||129|||||000330|A|13204|99999|99999|28590|00701|22367|0|1002|Block 1002|S||82|45|+43.0522425|-076.1933579|BK||99999
DHCST|NY|100|00|00|000|00|0213130|1000000US360670027001003|360670027001003|1|2|36|01779796|067|H1|00974132|73000|C5|00979539|99999|99|99999999||||99999|99|99999999|73000|C5|00979539|002700|1|1003|9999|9|99999|99|99999999|999|99999|99|99999999|999999|9|99999|99|99999999|45060|1|532|99999|99999|9|999|99999|Y|N|86302|U|U|24|||||053|||||129|||||000330|A|13204|99999|99999|28590|00701|66703|0|1003|Block 1003|S||144|92|+43.0513132|-076.1955003|BK||99999
DHCST|NY|100|00|00|000|00|0213131|1000000US360670027001004|360670027001004|1|2|36|01779796|067|H1|00974132|73000|C5|00979539|99999|99|99999999||||99999|99|99999999|73000|C5|00979539|002700|1|1004|9999|9|99999|99|99999999|999|99999|99|99999999|999999|9|99999|99|99999999|45060|1|532|99999|99999|9|999|99999|Y|N|86302|U|U|24|||||053|||||129|||||000330|A|13204|99999|99999|28590|00701|22368|0|1004|Block 1004|S||135|88|+43.0512630|-076.1926692|BK||99999
DHCST|NY|100|00|00|000|00|0213132|1000000US360670027001005|360670027001005|1|2|36|01779796|067|H1|00974132|73000|C5|00979539|99999|99|99999999||||99999|99|99999999|73000|C5|00979539|002700|1|1005|9999|9|99999|99|99999999|999|99999|99|99999999|999999|9|99999|99|99999999|45060|1|532|99999|99999|9|999|99999|Y|N|86302|U|U|24|||||053|||||129|||||000330|A|13204|99999|99999|28590|00701|22478|0|1005|Block 1005|S||71|57|+43.0520227|-076.1906816|BK||99999
DHCST|NY|100|00|00|000|00|0213133|1000000US360670027001006|360670027001006|1|2|36|01779796|067|H1|00974132|73000|C5|00979539|99999|99|99999999||||99999|99|99999999|73000|C5|00979539|002700|1|1006|9999|9|99999|99|99999999|999|99999|99|99999999|999999|9|99999|99|99999999|45060|1|532|99999|99999|9|999|99999|Y|N|86302|U|U|24|||||053|||||129|||||000330|A|13204|99999|99999|28590|00701|21237|0|1006|Block 1006|S||67|44|+43.0528006|-076.1887401|BK||99999
DHCST|NY|100|00|00|000|00|0213134|1000000US360670027002000|360670027002000|1|2|36|01779796|067|H1|00974132|73000|C5|00979539|99999|99|99999999||||99999|99|99999999|73000|C5|00979539|002700|2|2000|9999|9|99999|99|99999999|999|99999|99|99999999|999999|9|99999|99|99999999|45060|1|532|99999|99999|9|999|99999|Y|N|86302|U|U|24|||||053|||||129|||||000330|A|13204|99999|99999|28590|00701|23957|0|2000|Block 2000|S||88|44|+43.0518170|-076.1879001|BK||99999
DHCST|NY|100|00|00|000|00|0213135|1000000US360670027002001|360670027002001|1|2|36|01779796|067|H1|00974132|73000|C5|00979539|99999|99|99999999||||99999|99|99999999|73000|C5|00979539|002700|2|2001|9999|9|99999|99|99999999|999|99999|99|99999999|999999|9|99999|99|99999999|45060|1|532|99999|99999|9|999|99999|Y|N|86302|U|U|24|||||053|||||129|||||000330|A|13204|99999|99999|28590|00701|3567|0|2001|Block 2001|S||0|0|+43.0513568|-076.1891546|BK||99999
DHCST|NY|100|00|00|000|00|0213136|1000000US360670027002002|360670027002002|1|2|36|01779796|067|H1|00974132|73000|C5|00979539|99999|99|99999999||||99999|99|99999999|73000|C5|00979539|002700|2|2002|9999|9|99999|99|99999999|999|99999|99|99999999|999999|9|99999|99|99999999|45060|1|532|99999|99999|9|999|99999|Y|N|86302|U|U|24|||||053|||||129|||||000330|A|13204|99999|99999|28590|00701|18553|0|2002|Block 2002|S||79|39|+43.0509846|-076.1901521|BK||99999
DHCST|NY|100|00|00|000|00|0213137|1000000US360670027002003|360670027002003|1|2|36|01779796|067|H1|00974132|73000|C5|00979539|99999|99|99999999||||99999|99|99999999|73000|C5|00979539|002700|2|2003|9999|9|99999|99|99999999|999|99999|99|99999999|999999|9|99999|99|99999999|45060|1|532|99999|99999|9|999|99999|Y|N|86302|U|U|24|||||053|||||129|||||000330|A|13204|99999|99999|28590|00701|22337|0|2003|Block 2003|S||64|30|+43.0502873|-076.1919795|BK||99999
DHCST|NY|100|00|00|000|00|0213138|1000000US360670027002004|360670027002004|1|2|36|01779796|067|H1|00974132|73000|C5|00979539|99999|99|99999999||||99999|99|99999999|73000|C5|00979539|002700|2|2004|9999|9|99999|99|99999999|999|99999|99|99999999|999999|9|99999|99|99999999|45060|1|532|99999|99999|9|999|99999|Y|N|86302|U|U|24|||||053|||||129|||||000330|A|13204|99999|99999|28590|00701|21946|0|2004|Block 2004|S||104|54|+43.0495347|-076.1939674|BK||99999
DHCST|NY|100|00|00|000|00|0213139|1000000US360670027002005|360670027002005|1|2|36|01779796|067|H1|00974132|73000|C5|00979539|99999|99|99999999||||99999|99|99999999|73000|C5|00979539|002700|2|2005|9999|9|99999|99|99999999|999|99999|99|99999999|999999|9|99999|99|99999999|45060|1|532|99999|99999|9|999|99999|Y|N|86302|U|U|24|||||053|||||129|||||000330|A|13204|99999|99999|28590|00701|5700|0|2005|Block 2005|S||11|3|+43.0489634|-076.1951956|BK||99999
DHCST|NY|100|00|00|000|00|0213140|1000000US360670027002006|360670027002006|1|2|36|01779796|067|H1|00974132|73000|C5|00979539|99999|99|99999999||||99999|99|99999999|73000|C5|00979539|002700|2|2006|9999|9|99999|99|99999999|999|99999|99|99999999|999999|9|99999|99|99999999|45060|1|532|99999|99999|9|999|99999|Y|N|86302|U|U|24|||||053|||||129|||||000330|A|13204|99999|99999|28590|00701|22059|0|2006|Block 2006|S||85|47|+43.0493155|-076.1913001|BK||99999
DHCST|NY|100|00|00|000|00|0213141|1000000US360670027002007|360670027002007|1|2|36|01779796|067|H1|00974132|73000|C5|00979539|99999|99|99999999||||99999|99|99999999|73000|C5|00979539|002700|2|2007|9999|9|99999|99|99999999|999|99999|99|99999999|999999|9|99999|99|99999999|45060|1|532|99999|99999|9|999|99999|Y|N|86302|U|U|24|||||053|||||129|||||000330|A|13204|99999|99999|28590|00701|22321|0|2007|Block 2007|S||73|45|+43.0500715|-076.1893045|BK||99999
DHCST|NY|100|00|00|000|00|0213142|1000000US360670027002008|360670027002008|1|2|36|01779796|067|H1|00974132|73000|C5|00979539|99999|99|99999999||||99999|99|99999999|73000|C5|00979539|002700|2|2008|9999|9|99999|99|99999999|999|99999|99|99999999|999999|9|99999|99|99999999|45060|1|532|99999|99999|9|999|99999|Y|N|86302|U|U|24|||||053|||||129|||||000330|A|13204|99999|99999|28590|00701|25529|0|2008|Block 2008|S||74|34|+43.0508774|-076.1871858|BK||99999
DHCST|NY|100|00|00|000|00|0213143|1000000US360670027002009|360670027002009|1|2|36|01779796|067|H1|00974132|73000|C5|00979539|99999|99|99999999||||99999|99|99999999|73000|C5|00979539|002700|2|2009|9999|9|99999|99|99999999|999|99999|99|99999999|999999|9|99999|99|99999999|45060|1|532|99999|99999|9|999|99999|Y|N|86302|U|U|24|||||053|||||129|||||000330|A|13204|99999|99999|28590|00701|24926|0|2009|Block 2009|S||47|23|+43.0498887|-076.1865002|BK||99999
DHCST|NY|100|00|00|000|00|0213144|1000000US360670027002010|360670027002010|1|2|36|01779796|067|H1|00974132|73000|C5|00979539|99999|99|99999999||||99999|99|99999999|73000|C5|00979539|002700|2|2010|9999|9|99999|99|99999999|999|99999|99|99999999|999999|9|99999|99|99999999|45060|1|532|99999|99999|9|999|99999|Y|N|86302|U|U|24|||||053|||||129|||||000330|A|13204|99999|99999|28590|00701|30726|0|2010|Block 2010|S||79|51|+43.0487927|-076.1857454|BK||99999
DHCST|NY|100|00|00|000|00|0213145|1000000US360670027002011|360670027002011|1|2|36|01779796|067|H1|00974132|73000|C5|00979539|99999|99|99999999||||99999|99|99999999|73000|C5|00979539|002700|2|2011|9999|9|99999|99|99999999|999|99999|99|99999999|999999|9|99999|99|99999999|45060|1|532|99999|99999|9|999|99999|Y|N|86302|U|U|24|||||053|||||129|||||000330|A|13204|99999|99999|28590|00701|27779|0|2011|Block 2011|S||95|40|+43.0480008|-076.1878481|BK||99999
DHCST|NY|100|00|00|000|00|0213146|1000000US360670027002012|360670027002012|1|2|36|01779796|067|H1|00974132|73000|C5|00979539|99999|99|99999999||||99999|99|99999999|73000|C5|00979539|002700|2|2012|9999|9|99999|99|99999999|999|99999|99|99999999|999999|9|99999|99|99999999|45060|1|532|99999|99999|9|999|99999|Y|N|86302|U|U|24|||||053|||||129|||||000330|A|13204|99999|99999|28590|00701|22301|0|2012|Block 2012|S||47|35|+43.0490948|-076.1886232|BK||99999
DHCST|NY|100|00|00|000|00|0213147|1000000US360670027002013|360670027002013|1|2|36|01779796|067|H1|00974132|73000|C5|00979539|99999|99|99999999||||99999|99|99999999|73000|C5|00979539|002700|2|2013|9999|9|99999|99|99999999|999|99999|99|99999999|999999|9|99999|99|99999999|45060|1|532|99999|99999|9|999|99999|Y|N|86302|U|U|24|||||053|||||129|||||000330|A|13204|99999|99999|28590|00701|22393|0|2013|Block 2013|S||54|34|+43.0483406|-076.1906161|BK||99999
DHCST|NY|100|00|00|000|00|0213148|1000000US360670027002014|360670027002014|1|2|36|01779796|067|H1|00974132|73000|C5|00979539|99999|99|99999999||||99999|99|99999999|73000|C5|00979539|002700|2|2014|9999|9|99999|99|99999999|999|99999|99|99999999|999999|9|99999|99|99999999|45060|1|532|99999|99999|9|999|99999|Y|N|86302|U|U|24|||||053|||||129|||||000330|A|13204|99999|99999|28590|00701|22163|0|2014|Block 2014|S||58|27|+43.0475800|-076.1925984|BK||99999
DHCST|NY|100|00|00|000|00|0213149|1000000US360670027002015|360670027002015|1|2|36|01779796|067|H1|00974132|73000|C5|00979539|99999|99|99999999||||99999|99|99999999|73000|C5|00979539|002700|2|2015|9999|9|99999|99|99999999|999|99999|99|99999999|999999|9|99999|99|99999999|45060|1|532|99999|99999|9|999|99999|Y|N|86302|U|U|24|||||053|||||129|||||000330|A|13204|99999|99999|28590|00701|22246|0|2015|Block 2015|S||56|35|+43.0485602|-076.1932828|BK||99999
DHCST|NY|100|00|00|000|00|0213150|1000000US360670027002016|360670027002016|1|2|36|01779796|067|H1|00974132|73000|C5|00979539|99999|99|99999999||||99999|99|99999999|73000|C5|00979539|002700|2|2016|9999|9|99999|99|99999999|999|99999|99|99999999|999999|9|99999|99|99999999|45060|1|532|99999|99999|9|999|99999|Y|N|86302|U|U|24|||||053|||||129|||||000330|A|13204|99999|99999|28590|00701|27684|0|2016|Block 2016|S||62|44|+43.0464850|-076.1918242|BK||99999
DHCST|NY|100|00|00|000|00|0213151|1000000US360670027002017|360670027002017|1|2|36|01779796|067|H1|00974132|73000|C5|00979539|99999|99|99999999||||99999|99|99999999|73000|C5|00979539|002700|2|2017|9999|9|99999|99|99999999|999|99999|99|99999999|999999|9|99999|99|99999999|45060|1|532|99999|99999|9|999|99999|Y|N|86302|U|U|24|||||053|||||129|||||000330|A|13204|99999|99999|28590|00701|27863|0|2017|Block 2017|S||83|46|+43.0472421|-076.1898380|BK||99999
DHCST|NY|100|00|00|000|00|0213152|1000000US360670029011000|360670029011000|1|2|36|01779796|067|H1|00974132|73000|C5|00979539|99999|99|99999999||||99999|99|99999999|73000|C5|00979539|002901|1|1000|9999|9|99999|99|99999999|999|99999|99|99999999|999999|9|99999|99|99999999|45060|1|532|99999|99999|9|999|99999|Y|N|86302|U|U|24|||||053|||||129|||||000333|A|13204|99999|99999|28590|00701|30844|0|1000|Block 1000|S||194|96|+43.0469653|-076.1832915|BK||99999
DHCST|NY|100|00|00|000|00|0213153|1000000US360670029011001|360670029011001|1|2|36|01779796|067|H1|00974132|73000|C5|00979539|99999|99|99999999||||99999|99|99999999|73000|C5|00979539|002901|1|1001|9999|9|99999|99|99999999|999|99999|99|99999999|999999|9|99999|99|99999999|45060|1|532|99999|99999|9|999|99999|Y|N|86302|U|U|24|||||053|||||129|||||000333|A|13204|99999|99999|28590|00701|30567|0|1001|Block 1001|S||79|63|+43.0475743|-076.1848965|BK||99999
DHCST|NY|100|00|00|000|00|0213154|1000000US360670029011002|360670029011002|1|2|36|01779796|067|H1|00974132|73000|C5|00979539|99999|99|99999999||||99999|99|99999999|73000|C5|00979539|002901|1|1002|9999|9|99999|99|99999999|999|99999|99|99999999|999999|9|99999|99|99999999|45060|1|532|99999|99999|9|999|99999|Y|N|86302|U|U|24|||||053|||||129|||||000335|A|13204|99999|99999|28590|00701|27776|0|1002|Block 1002|S||76|43|+43.0467838|-076.1869861|BK||99999
DHCST|NY|100|00|00|000|00|0213155|1000000US360670029011003|360670029011003|1|2|36|01779796|067|H1|00974132|73000|C5|00979539|99999|99|99999999||||99999|99|99999999|73000|C5|00979539|002901|1|1003|9999|9|99999|99|99999999|999|99999|99|99999999|999999|9|99999|99|99999999|45060|1|532|99999|99999|9|999|99999|Y|N|86302|U|U|24|||||053|||||129|||||000335|A|13204|99999|99999|28590|00701|14055|0|1003|Block 1003|S||55|28|+43.0462145|-076.1884825|BK||99999
DHCST|NY|100|00|00|000|00|0213156|1000000US360670029011004|360670029011004|1|2|36|01779796|067|H1|00974132|73000|C5|00979539|99999|99|99999999||||99999|99|99999999|73000|C5|00979539|002901|1|1004|9999|9|99999|99|99999999|999|99999|99|99999999|999999|9|99999|99|99999999|45060|1|532|99999|99999|9|999|99999|Y|N|86302|U|U|24|||||053|||||129|||||000335|A|13204|99999|99999|28590|00701|13838|0|1004|Block 1004|S||59|27|+43.0458344|-076.1894798|BK||99999
DHCST|NY|100|00|00|000|00|0213157|1000000US360670029011005|360670029011005|1|2|36|01779796|067|H1|00974132|73000|C5|00979539|99999|99|99999999||||99999|99|99999999|73000|C5|00979539|002901|1|1005|9999|9|99999|99|99999999|999|99999|99|99999999|999999|9|99999|99|99999999|45060|1|532|99999|99999|9|999|99999|Y|N|86302|U|U|24|||||053|||||129|||||000335|A|13204|99999|99999|28590|00701|13834|0|1005|Block 1005|S||49|29|+43.0454612|-076.1904757|BK||99999
DHCST|NY|100|00|00|000|00|0213158|1000000US360670029011006|360670029011006|1|2|36|01779796|067|H1|00974132|73000|C5|00979539|99999|99|99999999||||99999|99|99999999|73000|C5|00979539|002901|1|1006|9999|9|99999|99|99999999|999|99999|99|99999999|999999|9|99999|99|99999999|45060|1|532|99999|99999|9|999|99999|Y|N|86302|U|U|24|||||053|||||129|||||000335|A|13204|99999|99999|28590|00701|113687|0|1006|Block 1006|S||34|13|+43.0446655|-076.1922220|BK||99999
DHCST|NY|100|00|00|000|00|0213159|1000000US360670029011007|360670029011007|1|2|36|01779796|067|H1|00974132|73000|C5|00979539|99999|99|99999999||||99999|99|99999999|73000|C5|00979539|002901|1|1007|9999|9|99999|99|99999999|999|99999|99|99999999|999999|9|99999|99|99999999|45060|1|532|99999|99999|9|999|99999|Y|N|86302|U|U|24|||||053|||||129|||||000335|A|13204|99999|99999|28590|00701|13709|0|1007|Block 1007|S||43|19|+43.0450823|-076.1914648|BK||99999
DHCST|NY|100|00|00|000|00|0213160|1000000US360670029011008|360670029011008|1|2|36|01779796|067|H1|00974132|73000|C5|00979539|99999|99|99999999||||99999|99|99999999|73000|C5|00979539|002901|1|1008|9999|9|99999|99|99999999|999|99999|99|99999999|999999|9|99999|99|99999999|45060|1|532|99999|99999|9|999|99999|Y|N|86302|U|U|24|||||053|||||129|||||000335|A|13204|99999|99999|28590|00701|34655|0|1008|Block 1008|S||180|96|+43.0454272|-076.1873092|BK||99999
DHCST|NY|100|00|00|000|00|0213161|1000000US360670029011009|360670029011009|1|2|36|01779796|067|H1|00974132|73000|C5|00979539|99999|99|99999999||||99999|99|99999999|73000|C5|00979539|002901|1|1009|9999|9|99999|99|99999999|999|99999|99|99999999|999999|9|99999|99|99999999|45060|1|532|99999|99999|9|999|99999|Y|N|86302|U|U|24|||||053|||||129|||||000333|A|13204|99999|99999|28590|00701|38173|0|1009|Block 1009|S||209|110|+43.0460461|-076.1833526|BK||99999
DHCST|NY|100|00|00|000|00|0213162|1000000US360670029011010|360670029011010|1|2|36|01779796|067|H1|00974132|73000|C5|00979539|99999|99|99999999||||99999|99|99999999|73000|C5|00979539|002901|1|1010|9999|9|99999|99|99999999|999|99999|99|99999999|999999|9|99999|99|99999999|45060|1|532|99999|99999|9|999|99999|Y|N|86302|U|U|24|||||053|||||129|||||000333|A|13204|99999|99999|28590|00701|37327|0|1010|Block 1010|S||188|102|+43.0454219|-076.1827323|BK||99999
DHCST|NY|100|00|00|000|00|0213163|1000000US360670029011011|360670029011011|1|2|36|01779796|067|H1|00974132|73000|C5|00979539|99999|99|99999999||||99999|99|99999999|73000|C5|00979539|002901|1|1011|9999|9|99999|99|99999999|999|99999|99|99999999|999999|9|99999|99|99999999|45060|1|532|99999|99999|9|999|99999|Y|N|86302|U|U|24|||||053|||||129|||||000333|A|13204|99999|99999|28590|00701|38730|0|1011|Block 1011|S||140|80|+43.0446706|-076.1821845|BK||99999
DHCST|NY|100|00|00|000|00|0213164|1000000US360670029011012|360670029011012|1|2|36|01779796|067|H1|00974132|73000|C5|00979539|99999|99|99999999||||99999|99|99999999|73000|C5|00979539|002901|1|1012|9999|9|99999|99|99999999|999|99999|99|99999999|999999|9|99999|99|99999999|45060|1|532|99999|99999|9|999|99999|Y|N|86302|U|U|24|||||053|||||129|||||000335|A|13204|99999|99999|28590|00701|34351|0|1012|Block 1012|S||112|55|+43.0432001|-076.1859914|BK||99999
DHCST|NY|100|00|00|000|00|0213165|1000000US360670029011013|360670029011013|1|2|36|01779796|067|H1|00974132|73000|C5|00979539|99999|99|99999999||||99999|99|99999999|73000|C5|00979539|002901|1|1013|9999|9|99999|99|99999999|999|99999|99|99999999|999999|9|99999|99|99999999|45060|1|532|99999|99999|9|999|99999|Y|N|86302|U|U|24|||||053|||||129|||||000335|A|13204|99999|99999|28590|00701|36969|0|1013|Block 1013|S||149|82|+43.0436637|-076.1872955|BK||99999
DHCST|NY|100|00|00|000|00|0213166|1000000US360670029011014|360670029011014|1|2|36|01779796|067|H1|00974132|73000|C5|00979539|99999|99|99999999||||99999|99|99999999|73000|C5|00979539|002901|1|1014|9999|9|99999|99|99999999|999|99999|99|99999999|999999|9|99999|99|99999999|45060|1|532|99999|99999|9|999|99999|Y|N|86302|U|U|24|||||053|||||129|||||000335|A|13204|99999|99999|28590|00701|29491|0|1014|Block 1014|S||128|66|+43.0444224|-076.1876673|BK||99999
DHCST|NY|100|00|00|000|00|0213167|1000000US360670029012000|360670029012000|1|2|36|01779796|067|H1|00974132|73000|C5|00979539|99999|99|99999999||||99999|99|99999999|73000|C5|00979539|002901|2|2000|9999|9|99999|99|99999999|999|99999|99|99999999|999999|9|99999|99|99999999|45060|1|532|99999|99999|9|999|99999|Y|N|86302|U|U|24|||||053|||||129|||||000333|A|13204|99999|99999|28590|00701|27806|0|2000|Block 2000|S||0|0|+43.0476306|-076.1723387|BK||99999
DHCST|NY|100|00|00|000|00|0213168|1000000US360670029012001|360670029012001|1|2|36|01779796|067|H1|00974132|73000|C5|00979539|99999|99|99999999||||99999|99|99999999|73000|C5|00979539|002901|2|2001|9999|9|99999|99|99999999|999|99999|99|99999999|999999|9|99999|99|99999999|45060|1|532|99999|99999|9|999|99999|Y|N|86302|U|U|24|||||053|||||129|||||000333|A|13204|99999|99999|28590|00701|117409|0|2001|Block 2001|S||23|1|+43.0487631|-076.1775189|BK||99999
DHCST|NY|100|00|00|000|00|0213169|1000000US360670029012002|360670029012002|1|2|36|01779796|067|H1|00974132|73000|C5|00979539|99999|99|99999999||||99999|99|99999999|73000|C5|00979539|002901|2|2002|9999|9|99999|99|99999999|999|99999|99|99999999|999999|9|99999|99|99999999|45060|1|532|99999|99999|9|999|99999|Y|N|86302|U|U|24|||||053|||||129|||||000333|A|13204|99999|99999|28590|00701|16151|0|2002|Block 2002|S||0|0|+43.0485862|-076.1793935|BK||99999
DHCST|NY|100|00|00|000|00|0213170|1000000US360670029012003|360670029012003|1|2|36|01779796|067|H1|00974132|73000|C5|00979539|99999|99|99999999||||99999|99|99999999|73000|C5|00979539|002901|2|2003|9999|9|99999|99|99999999|999|99999|99|99999999|999999|9|99999|99|99999999|45060|1|532|99999|99999|9|999|99999|Y|N|86302|U|U|24|||||053|||||129|||||000330|A|13204|99999|99999|28590|00701|3957|0|2003|Block 2003|S||0|0|+43.0503255|-076.1819625|BK||99999
DHCST|NY|100|00|00|000|00|0213171|1000000US360670029012004|360670029012004|1|2|36|01779796|067|H1|00974132|73000|C5|00979539|99999|99|99999999||||99999|99|99999999|73000|C5|00979539|002901|2|2004|9999|9|99999|99|99999999|999|99999|99|99999999|999999|9|99999|99|99999999|45060|1|532|99999|99999|9|999|99999|Y|N|86302|U|U|24|||||053|||||129|||||000329|A|13204|99999|99999|28590|00701|1726|0|2004|Block 2004|S||0|0|+43.0519696|-076.1829738|BK||99999
DHCST|NY|100|00|00|000|00|0213172|1000000US360670029012005|360670029012005|1|2|36|01779796|067|H1|00974132|73000|C5|00979539|99999|99|99999999||||99999|99|99999999|73000|C5|00979539|002901|2|2005|9999|9|99999|99|99999999|999|99999|99|99999999|999999|9|99999|99|99999999|45060|1|532|99999|99999|9|999|99999|Y|N|86302|U|U|24|||||053|||||129|||||000329|A|13204|99999|99999|28590|00701|8969|0|2005|Block 2005|S||0|0|+43.0518485|-076.1841494|BK||99999
DHCST|NY|100|00|00|000|00|0213173|1000000US360670029012006|360670029012006|1|2|36|01779796|067|H1|00974132|73000|C5|00979539|99999|99|99999999||||99999|99|99999999|73000|C5|00979539|002901|2|2006|9999|9|99999|99|99999999|999|99999|99|99999999|999999|9|99999|99|99999999|45060|1|532|99999|99999|9|999|99999|Y|N|86302|U|U|24|||||053|||||129|||||000329|A|13204|99999|99999|28590|00701|18489|0|2006|Block 2006|S||54|31|+43.0516540|-076.1855379|BK||99999
DHCST|NY|100|00|00|000|00|0213174|1000000US360670029012007|360670029012007|1|2|36|01779796|067|H1|00974132|73000|C5|00979539|99999|99|99999999||||99999|99|99999999|73000|C5|00979539|002901|2|2007|9999|9|99999|99|99999999|999|99999|99|99999999|999999|9|99999|99|99999999|45060|1|532|99999|99999|9|999|99999|Y|N|86302|U|U|24|||||053|||||129|||||000330|A|13204|99999|99999|28590|00701|14799|0|2007|Block 2007|S||47|29|+43.0505696|-076.1847186|BK||99999
DHCST|NY|100|00|00|000|00|0213175|1000000US360670029012008|360670029012008|1|2|36|01779796|067|H1|00974132|73000|C5|00979539|99999|99|99999999||||99999|99|99999999|73000|C5|00979539|002901|2|2008|9999|9|99999|99|99999999|999|99999|99|99999999|999999|9|99999|99|99999999|45060|1|532|99999|99999|9|999|99999|Y|N|86302|U|U|24|||||053|||||129|||||000330|A|13204|99999|99999|28590|00701|14523|0|2008|Block 2008|S||39|22|+43.0510638|-076.1833934|BK||99999
DHCST|NY|100|00|00|000|00|0213176|1000000US360670029012009|360670029012009|1|2|36|01779796|067|H1|00974132|73000|C5|00979539|99999|99|99999999||||99999|99|99999999|73000|C5|00979539|002901|2|2009|9999|9|99999|99|99999999|999|99999|99|99999999|999999|9|99999|99|99999999|45060|1|532|99999|99999|9|999|99999|Y|N|86302|U|U|24|||||053|||||129|||||000330|A|13204|99999|99999|28590|00701|17566|0|2009|Block 2009|S||35|17|+43.0499344|-076.1826201|BK||99999
DHCST|NY|100|00|00|000|00|0213177|1000000US360670029012010|360670029012010|1|2|36|01779796|067|H1|00974132|73000|C5|00979539|99999|99|99999999||||99999|99|99999999|73000|C5|00979539|002901|2|2010|9999|9|99999|99|99999999|999|99999|99|99999999|999999|9|99999|99|99999999|45060|1|532|99999|99999|9|999|99999|Y|N|86302|U|U|24|||||053|||||129|||||000330|A|13204|99999|99999|28590|00701|19083|0|2010|Block 2010|S||66|28|+43.0494684|-076.1839572|BK||99999
DHCST|NY|100|00|00|000|00|0213178|1000000US360670029012011|360670029012011|1|2|36|01779796|067|H1|00974132|73000|C5|00979539|99999|99|99999999||||99999|99|99999999|73000|C5|00979539|002901|2|2011|9999|9|99999|99|99999999|999|99999|99|99999999|999999|9|99999|99|99999999|45060|1|532|99999|99999|9|999|99999|Y|N|86302|U|U|24|||||053|||||129|||||000333|A|13204|99999|99999|28590|00701|19264|0|2011|Block 2011|S||50|38|+43.0482494|-076.1831081|BK||99999
DHCST|NY|100|00|00|000|00|0213179|1000000US360670029012012|360670029012012|1|2|36|01779796|067|H1|00974132|73000|C5|00979539|99999|99|99999999||||99999|99|99999999|73000|C5|00979539|002901|2|2012|9999|9|99999|99|99999999|999|99999|99|99999999|999999|9|99999|99|99999999|45060|1|532|99999|99999|9|999|99999|Y|N|86302|U|U|24|||||053|||||129|||||000333|A|13204|99999|99999|28590|00701|23471|0|2012|Block 2012|S||82|60|+43.0488070|-076.1815568|BK||99999
DHCST|NY|100|00|00|000|00|0213180|1000000US360670029012013|360670029012013|1|2|36|01779796|067|H1|00974132|73000|C5|00979539|99999|99|99999999||||99999|99|99999999|73000|C5|00979539|002901|2|2013|9999|9|99999|99|99999999|999|99999|99|99999999|999999|9|99999|99|99999999|45060|1|532|99999|99999|9|999|99999|Y|N|86302|U|U|24|||||053|||||129|||||000333|A|13204|99999|99999|28590|00701|13165|0|2013|Block 2013|S||47|15|+43.0479773|-076.1805836|BK||99999
DHCST|NY|100|00|00|000|00|0213181|1000000US360670029012014|360670029012014|1|2|36|01779796|067|H1|00974132|73000|C5|00979539|99999|99|99999999||||99999|99|99999999|73000|C5|00979539|002901|2|2014|9999|9|99999|99|99999999|999|99999|99|99999999|999999|9|99999|99|99999999|45060|1|532|99999|99999|9|999|99999|Y|N|86302|U|U|24|||||053|||||129|||||000333|A|13204|99999|99999|28590|00701|45557|0|2014|Block 2014|S||158|82|+43.0461764|-076.1770526|BK||99999
DHCST|NY|100|00|00|000|00|0213182|1000000US360670029012015|360670029012015|1|2|36|01779796|067|H1|00974132|73000|C5|00979539|99999|99|99999999||||99999|99|99999999|73000|C5|00979539|002901|2|2015|9999|9|99999|99|99999999|999|99999|99|99999999|999999|9|99999|99|99999999|45060|1|532|99999|99999|9|999|99999|Y|N|86302|U|U|24|||||053|||||129|||||000333|A|13204|99999|99999|28590|00701|13904|0|2015|Block 2015|S||83|47|+43.0473185|-076.1800112|BK||99999
DHCST|NY|100|00|00|000|00|0213183|1000000US360670029012016|360670029012016|1|2|36|01779796|067|H1|00974132|73000|C5|00979539|99999|99|99999999||||99999|99|99999999|73000|C5|00979539|002901|2|2016|9999|9|99999|99|99999999|999|99999|99|99999999|999999|9|99999|99|99999999|45060|1|532|99999|99999|9|999|99999|Y|N|86302|U|U|24|||||053|||||129|||||000333|A|13204|99999|99999|28590|00701|15412|0|2016|Block 2016|S||51|28|+43.0466505|-076.1794579|BK||99999
DHCST|NY|100|00|00|000|00|0213184|1000000US360670029012017|360670029012017|1|2|36|01779796|067|H1|00974132|73000|C5|00979539|99999|99|99999999||||99999|99|99999999|73000|C5|00979539|002901|2|2017|9999|9|99999|99|99999999|999|99999|99|99999999|999999|9|99999|99|99999999|45060|1|532|99999|99999|9|999|99999|Y|N|86302|U|U|24|||||053|||||129|||||000333|A|13204|99999|99999|28590|00701|16259|0|2017|Block 2017|S||88|54|+43.0460129|-076.1787305|BK||99999
DHCST|NY|100|00|00|000|00|0213185|1000000US360670029012018|360670029012018|1|2|36|01779796|067|H1|00974132|73000|C5|00979539|99999|99|99999999||||99999|99|99999999|73000|C5|00979539|002901|2|2018|9999|9|99999|99|99999999|999|99999|99|99999999|999999|9|99999|99|99999999|45060|1|532|99999|99999|9|999|99999|Y|N|86302|U|U|24|||||053|||||129|||||000333|A|13204|99999|99999|28590|00701|683050|0|2018|Block 2018|S||0|0|+43.0413334|-076.1809435|BK||99999
DHCST|NY|100|00|00|000|00|0213186|1000000US360670029012019|360670029012019|1|2|36|01779796|067|H1|00974132|73000|C5|00979539|99999|99|99999999||||99999|99|99999999|73000|C5|00979539|002901|2|2019|9999|9|99999|99|99999999|999|99999|99|99999999|999999|9|99999|99|99999999|45060|1|532|99999|99999|9|999|99999|Y|N|86302|U|U|24|||||053|||||129|||||000333|A|13204|99999|99999|28590|00701|12415|0|2019|Block 2019|S||31|22|+43.0436391|-076.1746378|BK||99999
DHCST|NY|100|00|00|000|00|0213187|1000000US360670029012020|360670029012020|1|2|36|01779796|067|H1|00974132|73000|C5|00979539|99999|99|99999999||||99999|99|99999999|73000|C5|00979539|002901|2|2020|9999|9|99999|99|99999999|999|99999|99|99999999|999999|9|99999|99|99999999|45060|1|532|99999|99999|9|999|99999|Y|N|86302|U|U|24|||||053|||||129|||||000333|A|13204|99999|99999|28590|00701|22525|0|2020|Block 2020|S||25|21|+43.0461750|-076.1758593|BK||99999
DHCST|NY|100|00|00|000|00|0213188|1000000US360670029012021|360670029012021|1|2|36|01779796|067|H1|00974132|73000|C5|00979539|99999|99|99999999||||99999|99|99999999|73000|C5|00979539|002901|2|2021|9999|9|99999|99|99999999|999|99999|99|99999999|999999|9|99999|99|99999999|45060|1|532|99999|99999|9|999|99999|Y|N|86302|U|U|24|||||053|||||129|||||000333|A|13204|99999|99999|28590|00701|14844|0|2021|Block 2021|S||0|0|+43.0467103|-076.1742056|BK||99999
DHCST|NY|100|00|00|000|00|0213189|1000000US360670029012022|360670029012022|1|2|36|01779796|067|H1|00974132|73000|C5|00979539|99999|99|99999999||||99999|99|99999999|73000|C5|00979539|002901|2|2022|9999|9|99999|99|99999999|999|99999|99|99999999|999999|9|99999|99|99999999|45060|1|532|99999|99999|9|999|99999|Y|N|86302|U|U|24|||||053|||||129|||||000333|A|13204|99999|99999|28590|00701|67444|0|2022|Block 2022|S||47|38|+43.0454087|-076.1730957|BK||99999
DHCST|NY|100|00|00|000|00|0213190|1000000US360670029012023|360670029012023|1|2|36|01779796|067|H1|00974132|73000|C5|00979539|99999|99|99999999||||99999|99|99999999|73000|C5|00979539|002901|2|2023|9999|9|99999|99|99999999|999|99999|99|99999999|999999|9|99999|99|99999999|45060|1|532|99999|99999|9|999|99999|Y|N|86302|U|U|24|||||053|||||129|||||000333|A|13204|99999|99999|28590|00701|66736|0|2023|Block 2023|S||7|2|+43.0432141|-076.1727240|BK||99999
DHCST|NY|100|00|00|000|00|0213191|1000000US360670029012024|360670029012024|1|2|36|01779796|067|H1|00974132|73000|C5|00979539|99999|99|99999999||||99999|99|99999999|73000|C5|00979539|002901|2|2024|9999|9|99999|99|99999999|999|99999|99|99999999|999999|9|99999|99|99999999|45060|1|532|99999|99999|9|999|99999|Y|N|86302|U|U|24|||||053|||||129|||||000335|A|13204|99999|99999|28590|00701|21499|0|2024|Block 2024|S||0|0|+43.0418458|-076.1872866|BK||99999
DHCST|NY|100|00|00|000|00|0213192|1000000US360670029012025|360670029012025|1|2|36|01779796|067|H1|00974132|73000|C5|00979539|99999|99|99999999||||99999|99|99999999|73000|C5|00979539|002901|2|2025|9999|9|99999|99|99999999|999|99999|99|99999999|999999|9|99999|99|99999999|45060|1|532|99999|99999|9|999|99999|Y|N|86302|U|U|24|||||053|||||129|||||000333|A|13204|99999|99999|28590|00701|75865|0|2025|Block 2025|S||0|0|+43.0387324|-076.1884006|BK||99999
DHCST|NY|100|00|00|000|00|0213193|1000000US360670029012026|360670029012026|1|2|36|01779796|067|H1|00974132|73000|C5|00979539|99999|99|99999999||||99999|99|99999999|73000|C5|00979539|002901|2|2026|9999|9|99999|99|99999999|999|99999|99|99999999|999999|9|99999|99|99999999|45060|1|532|99999|99999|9|999|99999|Y|N|86302|U|U|24|||||053|||||129|||||000333|A|13204|99999|99999|28590|00701|4909|0|2026|Block 2026|S||0|0|+43.0368288|-076.1883863|BK||99999
DHCST|NY|100|00|00|000|00|0213194|1000000US360670030001000|360670030001000|1|2|36|01779796|067|H1|00974132|73000|C5|00979539|99999|99|99999999||||99999|99|99999999|73000|C5|00979539|003000|1|1000|9999|9|99999|99|99999999|999|99999|99|99999999|999999|9|99999|99|99999999|45060|1|532|99999|99999|9|999|99999|Y|N|86302|U|U|24|||||050|||||129|||||000349|A|13202|99999|99999|28590|00701|4745|0|1000|Block 1000|S||0|0|+43.0503632|-076.1582396|BK||99999
DHCST|NY|100|00|00|000|00|0213195|1000000US360670030001001|360670030001001|1|2|36|01779796|067|H1|00974132|73000|C5|00979539|99999|99|99999999||||99999|99|99999999|73000|C5|00979539|003000|1|1001|9999|9|99999|99|99999999|999|99999|99|99999999|999999|9|99999|99|99999999|45060|1|532|99999|99999|9|999|99999|Y|N|86302|U|U|24|||||050|||||129|||||000349|A|13202|99999|99999|28590|00701|7907|0|1001|Block 1001|S||0|0|+43.0498446|-076.1581032|BK||99999
DHCST|NY|100|00|00|000|00|0213196|1000000US360670030001002|360670030001002|1|2|36|01779796|067|H1|00974132|73000|C5|00979539|99999|99|99999999||||99999|99|99999999|73000|C5|00979539|003000|1|1002|9999|9|99999|99|99999999|999|99999|99|99999999|999999|9|99999|99|99999999|45060|1|532|99999|99999|9|999|99999|Y|N|86302|U|U|24|||||050|||||129|||||000349|A|13202|99999|99999|28590|00701|6266|0|1002|Block 1002|S||0|0|+43.0493332|-076.1587497|BK||99999
DHCST|NY|100|00|00|000|00|0213197|1000000US360670030001003|360670030001003|1|2|36|01779796|067|H1|00974132|73000|C5|00979539|99999|99|99999999||||99999|99|99999999|73000|C5|00979539|003000|1|1003|9999|9|99999|99|99999999|999|99999|99|99999999|999999|9|99999|99|99999999|45060|1|532|99999|99999|9|999|99999|Y|N|86302|U|U|24|||||053|||||129|||||000333|A|13204|99999|99999|28590|00701|148525|0|1003|Block 1003|S||21|2|+43.0483891|-076.1647900|BK||99999
DHCST|NY|100|00|00|000|00|0213198|1000000US360670030001004|360670030001004|1|2|36|01779796|067|H1|00974132|73000|C5|00979539|99999|99|99999999||||99999|99|99999999|73000|C5|00979539|003000|1|1004|9999|9|99999|99|99999999|999|99999|99|99999999|999999|9|99999|99|99999999|45060|1|532|99999|99999|9|999|99999|Y|N|86302|U|U|24|||||053|||||129|||||000347|A|13204|99999|99999|28590|00701|16775|0|1004|Block 1004|S||29|12|+43.0480276|-076.1597303|BK||99999
DHCST|NY|100|00|00|000|00|0213199|1000000US360670030001005|360670030001005|1|2|36|01779796|067|H1|00974132|73000|C5|00979539|99999|99|99999999||||99999|99|99999999|73000|C5|00979539|003000|1|1005|9999|9|99999|99|99999999|999|99999|99|99999999|999999|9|99999|99|99999999|45060|1|532|99999|99999|9|999|99999|Y|N|86302|U|U|24|||||053|||||129|||||000347|A|13202|99999|99999|28590|00701|11108|0|1005|Block 1005|S||0|0|+43.0477275|-076.1587208|BK||99999
DHCST|NY|100|00|00|000|00|0213200|1000000US360670030001006|360670030001006|1|2|36|01779796|067|H1|00974132|73000|C5|00979539|99999|99|99999999||||99999|99|99999999|73000|C5|00979539|003000|1|1006|9999|9|99999|99|99999999|999|99999|99|99999999|999999|9|99999|99|99999999|45060|1|532|99999|99999|9|999|99999|Y|N|86302|U|U|24|||||053|||||129|||||000347|A|13202|99999|99999|28590|00701|9081|0|1006|Block 1006|S||0|0|+43.0478967|-076.1575127|BK||99999
DHCST|NY|100|00|00|000|00|0213201|1000000US360670030001007|360670030001007|1|2|36|01779796|067|H1|00974132|73000|C5|00979539|99999|99|99999999||||99999|99|99999999|73000|C5|00979539|003000|1|1007|9999|9|99999|99|99999999|999|99999|99|99999999|999999|9|99999|99|99999999|45060|1|532|99999|99999|9|999|99999|Y|N|86302|U|U|24|||||053|||||129|||||000347|A|13202|99999|99999|28590|00701|4275|0|1007|Block 1007|S||0|0|+43.0483406|-076.1573784|BK||99999
DHCST|NY|100|00|00|000|00|0213202|1000000US360670030001008|360670030001008|1|2|36|01779796|067|H1|00974132|73000|C5|00979539|99999|99|99999999||||99999|99|99999999|73000|C5|00979539|003000|1|1008|9999|9|99999|99|99999999|999|99999|99|99999999|999999|9|99999|99|99999999|45060|1|532|99999|99999|9|999|99999|Y|N|86302|U|U|24|||||050|||||129|||||000349|A|13202|99999|99999|28590|00701|8194|0|1008|Block 1008|S||0|0|+43.0491544|-076.1578224|BK||99999
DHCST|NY|100|00|00|000|00|0213203|1000000US360670030001009|360670030001009|1|2|36|01779796|067|H1|00974132|73000|C5|00979539|99999|99|99999999||||99999|99|99999999|73000|C5|00979539|003000|1|1009|9999|9|99999|99|99999999|999|99999|99|99999999|999999|9|99999|99|99999999|45060|1|532|99999|99999|9|999|99999|Y|N|86302|U|U|24|||||053|||||129|||||000347|A|13202|99999|99999|28590|00701|2517|0|1009|Block 1009|S||0|0|+43.0440960|-076.1582130|BK||99999
DHCST|NY|100|00|00|000|00|0213204|1000000US360670030001010|360670030001010|1|2|36|01779796|067|H1|00974132|73000|C5|00979539|99999|99|99999999||||99999|99|99999999|73000|C5|00979539|003000|1|1010|9999|9|99999|99|99999999|999|99999|99|99999999|999999|9|99999|99|99999999|45060|1|532|99999|99999|9|999|99999|Y|N|86302|U|U|24|||||053|||||129|||||000347|A|13202|99999|99999|28590|00701|12507|0|1010|Block 1010|S||22|9|+43.0443741|-076.1574401|BK||99999
DHCST|NY|100|00|00|000|00|0213205|1000000US360670030001011|360670030001011|1|2|36|01779796|067|H1|00974132|73000|C5|00979539|99999|99|99999999||||99999|99|99999999|73000|C5|00979539|003000|1|1011|9999|9|99999|99|99999999|999|99999|99|99999999|999999|9|99999|99|99999999|45060|1|532|99999|99999|9|999|99999|Y|N|86302|U|U|24|||||053|||||129|||||000347|A|13202|99999|99999|28590|00701|56701|0|1011|Block 1011|S||150|1|+43.0458201|-076.1571890|BK||99999
DHCST|NY|100|00|00|000|00|0213206|1000000US360670030001012|360670030001012|1|2|36|01779796|067|H1|00974132|73000|C5|00979539|99999|99|99999999||||99999|99|99999999|73000|C5|00979539|003000|1|1012|9999|9|99999|99|99999999|999|99999|99|99999999|999999|9|99999|99|99999999|45060|1|532|99999|99999|9|999|99999|Y|N|86302|U|U|24|||||053|||||129|||||000347|A|13202|99999|99999|28590|00701|15203|0|1012|Block 1012|S||198|1|+43.0439650|-076.1552220|BK||99999
DHCST|NY|100|00|00|000|00|0213207|1000000US360670030001013|360670030001013|1|2|36|01779796|067|H1|00974132|73000|C5|00979539|99999|99|99999999||||99999|99|99999999|73000|C5|00979539|003000|1|1013|9999|9|99999|99|99999999|999|99999|99|99999999|999999|9|99999|99|99999999|45060|1|532|99999|99999|9|999|99999|Y|N|86302|U|U|24|||||053|||||129|||||000347|A|13202|99999|99999|28590|00701|7500|0|1013|Block 1013|S||13|5|+43.0437357|-076.1570197|BK||99999
DHCST|NY|100|00|00|000|00|0213208|1000000US360670030001014|360670030001014|1|2|36|01779796|067|H1|00974132|73000|C5|00979539|99999|99|99999999||||99999|99|99999999|73000|C5|00979539|003000|1|1014|9999|9|99999|99|99999999|999|99999|99|99999999|999999|9|99999|99|99999999|45060|1|532|99999|99999|9|999|99999|Y|N|86302|U|U|24|||||053|||||129|||||000347|A|13204|99999|99999|28590|00701|22840|0|1014|Block 1014|S||29|12|+43.0465996|-076.1594230|BK||99999
DHCST|NY|100|00|00|000|00|0213209|1000000US360670030001015|360670030001015|1|2|36|01779796|067|H1|00974132|73000|C5|00979539|99999|99|99999999||||99999|99|99999999|73000|C5|00979539|003000|1|1015|9999|9|99999|99|99999999|999|99999|99|99999999|999999|9|99999|99|99999999|45060|1|532|99999|99999|9|999|99999|Y|N|86302|U|U|24|||||053|||||129|||||000347|A|13204|99999|99999|28590|00701|14307|0|1015|Block 1015|S||63|33|+43.0466600|-076.1609582|BK||99999
DHCST|NY|100|00|00|000|00|0213210|1000000US360670030001016|360670030001016|1|2|36|01779796|067|H1|00974132|73000|C5|00979539|99999|99|99999999||||99999|99|99999999|73000|C5|00979539|003000|1|1016|9999|9|99999|99|99999999|999|99999|99|99999999|999999|9|99999|99|99999999|45060|1|532|99999|99999|9|999|99999|Y|N|86302|U|U|24|||||053|||||129|||||000347|A|13204|99999|99999|28590|00701|14353|0|1016|Block 1016|S||14|1|+43.0476026|-076.1613801|BK||99999
DHCST|NY|100|00|00|000|00|0213211|1000000US360670030001017|360670030001017|1|2|36|01779796|067|H1|00974132|73000|C5|00979539|99999|99|99999999||||99999|99|99999999|73000|C5|00979539|003000|1|1017|9999|9|99999|99|99999999|999|99999|99|99999999|999999|9|99999|99|99999999|45060|1|532|99999|99999|9|999|99999|Y|N|86302|U|U|24|||||053|||||129|||||000333|A|13204|99999|99999|28590|00701|43326|0|1017|Block 1017|S||14|3|+43.0471870|-076.1663156|BK||99999
DHCST|NY|100|00|00|000|00|0213212|1000000US360670030001018|360670030001018|1|2|36|01779796|067|H1|00974132|73000|C5|00979539|99999|99|99999999||||99999|99|99999999|73000|C5|00979539|003000|1|1018|9999|9|99999|99|99999999|999|99999|99|99999999|999999|9|99999|99|99999999|45060|1|532|99999|99999|9|999|99999|Y|N|86302|U|U|24|||||053|||||129|||||000333|A|13204|99999|99999|28590|00701|15990|0|1018|Block 1018|S||12|3|+43.0468265|-076.1646072|BK||99999
DHCST|NY|100|00|00|000|00|0213213|1000000US360670030001019|360670030001019|1|2|36|01779796|067|H1|00974132|73000|C5|00979539|99999|99|99999999||||99999|99|99999999|73000|C5|00979539|003000|1|1019|9999|9|99999|99|99999999|999|99999|99|99999999|999999|9|99999|99|99999999|45060|1|532|99999|99999|9|999|99999|Y|N|86302|U|U|24|||||053|||||129|||||000347|A|13204|99999|99999|28590|00701|15686|0|1019|Block 1019|S||18|4|+43.0472253|-076.1629607|BK||99999
DHCST|NY|100|00|00|000|00|0213214|1000000US360670030001020|360670030001020|1|2|36|01779796|067|H1|00974132|73000|C5|00979539|99999|99|99999999||||99999|99|99999999|73000|C5|00979539|003000|1|1020|9999|9|99999|99|99999999|999|99999|99|99999999|999999|9|99999|99|99999999|45060|1|532|99999|99999|9|999|99999|Y|N|86302|U|U|24|||||053|||||129|||||000333|A|13204|99999|99999|28590|00701|15714|0|1020|Block 1020|S||27|11|+43.0464245|-076.1662560|BK||99999
DHCST|NY|100|00|00|000|00|0213215|1000000US360670030001021|360670030001021|1|2|36|01779796|067|H1|00974132|73000|C5|00979539|99999|99|99999999||||99999|99|99999999|73000|C5|00979539|003000|1|1021|9999|9|99999|99|99999999|999|99999|99|99999999|999999|9|99999|99|99999999|45060|1|532|99999|99999|9|999|99999|Y|N|86302|U|U|24|||||053|||||128|||||000332|A|13204|99999|99999|28590|00701|15601|0|1021|Block 1021|S||58|24|+43.0462762|-076.1625331|BK||99999
DHCST|NY|100|00|00|000|00|0213216|1000000US360670030001022|360670030001022|1|2|36|01779796|067|H1|00974132|73000|C5|00979539|99999|99|99999999||||99999|99|99999999|73000|C5|00979539|003000|1|1022|9999|9|99999|99|99999999|999|99999|99|99999999|999999|9|99999|99|99999999|45060|1|532|99999|99999|9|999|99999|Y|N|86302|U|U|24|||||053|||||128|||||000332|A|13204|99999|99999|28590|00701|30004|0|1022|Block 1022|S||309|128|+43.0455105|-076.1613600|BK||99999
DHCST|NY|100|00|00|000|00|0213217|1000000US360670030001023|360670030001023|1|2|36|01779796|067|H1|00974132|73000|C5|00979539|99999|99|99999999||||99999|99|99999999|73000|C5|00979539|003000|1|1023|9999|9|99999|99|99999999|999|99999|99|99999999|999999|9|99999|99|99999999|45060|1|532|99999|99999|9|999|99999|Y|N|86302|U|U|24|||||053|||||128|||||000332|A|13204|99999|99999|28590|00701|15787|0|1023|Block 1023|S||0|0|+43.0449240|-076.1637599|BK||99999
DHCST|NY|100|00|00|000|00|0213218|1000000US360670030001024|360670030001024|1|2|36|01779796|067|H1|00974132|73000|C5|00979539|99999|99|99999999||||99999|99|99999999|73000|C5|00979539|003000|1|1024|9999|9|99999|99|99999999|999|99999|99|99999999|999999|9|99999|99|99999999|45060|1|532|99999|99999|9|999|99999|Y|N|86302|U|U|24|||||053|||||128|||||000332|A|13204|99999|99999|28590|00701|15757|0|1024|Block 1024|S||29|20|+43.0458713|-076.1641828|BK||99999
DHCST|NY|100|00|00|000|00|0213219|1000000US360670030001025|360670030001025|1|2|36|01779796|067|H1|00974132|73000|C5|00979539|99999|99|99999999||||99999|99|99999999|73000|C5|00979539|003000|1|1025|9999|9|99999|99|99999999|999|99999|99|99999999|999999|9|99999|99|99999999|45060|1|532|99999|99999|9|999|99999|Y|N|86302|U|U|24|||||053|||||129|||||000333|A|13204|99999|99999|28590|00701|15570|0|1025|Block 1025|S||76|31|+43.0454728|-076.1658295|BK||99999
DHCST|NY|100|00|00|000|00|0213220|1000000US360670030001026|360670030001026|1|2|36|01779796|067|H1|00974132|73000|C5|00979539|99999|99|99999999||||99999|99|99999999|73000|C5|00979539|003000|1|1026|9999|9|99999|99|99999999|999|99999|99|99999999|999999|9|99999|99|99999999|45060|1|532|99999|99999|9|999|99999|Y|N|86302|U|U|24|||||053|||||128|||||000334|A|13204|99999|99999|28590|00701|15665|0|1026|Block 1026|S||50|27|+43.0450732|-076.1674674|BK||99999
DHCST|NY|100|00|00|000|00|0213221|1000000US360670030001027|360670030001027|1|2|36|01779796|067|H1|00974132|73000|C5|00979539|99999|99|99999999||||99999|99|99999999|73000|C5|00979539|003000|1|1027|9999|9|99999|99|99999999|999|99999|99|99999999|999999|9|99999|99|99999999|45060|1|532|99999|99999|9|999|99999|Y|N|86302|U|U|24|||||053|||||128|||||000334|A|13204|99999|99999|28590|00701|37427|0|1027|Block 1027|S||0|0|+43.0457356|-076.1690261|BK||99999
DHCST|NY|100|00|00|000|00|0213222|1000000US360670030001028|360670030001028|1|2|36|01779796|067|H1|00974132|73000|C5|00979539|99999|99|99999999||||99999|99|99999999|73000|C5|00979539|003000|1|1028|9999|9|99999|99|99999999|999|99999|99|99999999|999999|9|99999|99|99999999|45060|1|532|99999|99999|9|999|99999|Y|N|86302|U|U|24|||||053|||||128|||||000334|A|13204|99999|99999|28590|00701|26190|0|1028|Block 1028|S||50|20|+43.0445198|-076.1696659|BK||99999
DHCST|NY|100|00|00|000|00|0213223|1000000US360670030001029|360670030001029|1|2|36|01779796|067|H1|00974132|73000|C5|00979539|99999|99|99999999||||99999|99|99999999|73000|C5|00979539|003000|1|1029|9999|9|99999|99|99999999|999|99999|99|99999999|999999|9|99999|99|99999999|45060|1|532|99999|99999|9|999|99999|Y|N|86302|U|U|24|||||053|||||128|||||000334|A|13204|99999|99999|28590|00701|15488|0|1029|Block 1029|S||0|0|+43.0445225|-076.1654004|BK||99999
DHCST|NY|100|00|00|000|00|0213224|1000000US360670030001030|360670030001030|1|2|36|01779796|067|H1|00974132|73000|C5|00979539|99999|99|99999999||||99999|99|99999999|73000|C5|00979539|003000|1|1030|9999|9|99999|99|99999999|999|99999|99|99999999|999999|9|99999|99|99999999|45060|1|532|99999|99999|9|999|99999|Y|N|86302|U|U|24|||||053|||||128|||||000334|A|13204|99999|99999|28590|00701|15419|0|1030|Block 1030|S||65|32|+43.0441399|-076.1670287|BK||99999
DHCST|NY|100|00|00|000|00|0213225|1000000US360670030002000|360670030002000|1|2|36|01779796|067|H1|00974132|73000|C5|00979539|99999|99|99999999||||99999|99|99999999|73000|C5|00979539|003000|2|2000|9999|9|99999|99|99999999|999|99999|99|99999999|999999|9|99999|99|99999999|45060|1|532|99999|99999|9|999|99999|Y|N|86302|U|U|24|||||053|||||129|||||000347|A|13204|99999|99999|28590|00701|2867|0|2000|Block 2000|S||0|0|+43.0453696|-076.1590574|BK||99999
DHCST|NY|100|00|00|000|00|0213226|1000000US360670030002001|360670030002001|1|2|36|01779796|067|H1|00974132|73000|C5|00979539|99999|99|99999999||||99999|99|99999999|73000|C5|00979539|003000|2|2001|9999|9|99999|99|99999999|999|99999|99|99999999|999999|9|99999|99|99999999|45060|1|532|99999|99999|9|999|99999|Y|N|86302|U|U|24|||||053|||||129|||||000347|A|13204|99999|99999|28590|00701|4626|0|2001|Block 2001|S||0|0|+43.0449178|-076.1589069|BK||99999
DHCST|NY|100|00|00|000|00|0213227|1000000US360670030002002|360670030002002|1|2|36|01779796|067|H1|00974132|73000|C5|00979539|99999|99|99999999||||99999|99|99999999|73000|C5|00979539|003000|2|2002|9999|9|99999|99|99999999|999|99999|99|99999999|999999|9|99999|99|99999999|45060|1|532|99999|99999|9|999|99999|Y|N|86302|U|U|24|||||053|||||128|||||000332|A|13204|99999|99999|28590|00701|28260|0|2002|Block 2002|S||310|203|+43.0445894|-076.1609370|BK||99999
DHCST|NY|100|00|00|000|00|0213228|1000000US360670030002003|360670030002003|1|2|36|01779796|067|H1|00974132|73000|C5|00979539|99999|99|99999999||||99999|99|99999999|73000|C5|00979539|003000|2|2003|9999|9|99999|99|99999999|999|99999|99|99999999|999999|9|99999|99|99999999|45060|1|532|99999|99999|9|999|99999|Y|N|86302|U|U|24|||||053|||||128|||||000332|A|13204|99999|99999|28590|00701|11252|0|2003|Block 2003|S||42|22|+43.0441216|-076.1633197|BK||99999
DHCST|NY|100|00|00|000|00|0213229|1000000US360670030002004|360670030002004|1|2|36|01779796|067|H1|00974132|73000|C5|00979539|99999|99|99999999||||99999|99|99999999|73000|C5|00979539|003000|2|2004|9999|9|99999|99|99999999|999|99999|99|99999999|999999|9|99999|99|99999999|45060|1|532|99999|99999|9|999|99999|Y|N|86302|U|U|24|||||053|||||128|||||000334|A|13204|99999|99999|28590|00701|25293|0|2004|Block 2004|S||93|38|+43.0435023|-076.1656753|BK||99999
DHCST|NY|100|00|00|000|00|0213230|1000000US360670030002005|360670030002005|1|2|36|01779796|067|H1|00974132|73000|C5|00979539|99999|99|99999999||||99999|99|99999999|73000|C5|00979539|003000|2|2005|9999|9|99999|99|99999999|999|99999|99|99999999|999999|9|99999|99|99999999|45060|1|532|99999|99999|9|999|99999|Y|N|86302|U|U|24|||||053|||||128|||||000334|A|13204|99999|99999|28590|00701|34589|0|2005|Block 2005|S||98|43|+43.0434838|-076.1693071|BK||99999
DHCST|NY|100|00|00|000|00|0213231|1000000US360670030002006|360670030002006|1|2|36|01779796|067|H1|00974132|73000|C5|00979539|99999|99|99999999||||99999|99|99999999|73000|C5|00979539|003000|2|2006|9999|9|99999|99|99999999|999|99999|99|99999999|999999|9|99999|99|99999999|45060|1|532|99999|99999|9|999|99999|Y|N|86302|U|U|24|||||053|||||128|||||000332|A|13204|99999|99999|28590|00701|14068|0|2006|Block 2006|S||261|148|+43.0438667|-076.1597076|BK||99999
DHCST|NY|100|00|00|000|00|0213232|1000000US360670030002007|360670030002007|1|2|36|01779796|067|H1|00974132|73000|C5|00979539|99999|99|99999999||||99999|99|99999999|73000|C5|00979539|003000|2|2007|9999|9|99999|99|99999999|999|99999|99|99999999|999999|9|99999|99|99999999|45060|1|532|99999|99999|9|999|99999|Y|N|86302|U|U|24|||||053|||||129|||||000347|A|13204|99999|99999|28590|00701|7246|0|2007|Block 2007|S||20|1|+43.0440452|-076.1586429|BK||99999
DHCST|NY|100|00|00|000|00|0213233|1000000US360670030002008|360670030002008|1|2|36|01779796|067|H1|00974132|73000|C5|00979539|99999|99|99999999||||99999|99|99999999|73000|C5|00979539|003000|2|2008|9999|9|99999|99|99999999|999|99999|99|99999999|999999|9|99999|99|99999999|45060|1|532|99999|99999|9|999|99999|Y|N|86302|U|U|24|||||053|||||128|||||000332|A|13204|99999|99999|28590|00701|20094|0|2008|Block 2008|S||66|21|+43.0435714|-076.1621849|BK||99999
DHCST|NY|100|00|00|000|00|0213234|1000000US360670032001000|360670032001000|1|2|36|01779796|067|H1|00974132|73000|C5|00979539|99999|99|99999999||||99999|99|99999999|73000|C5|00979539|003200|1|1000|9999|9|99999|99|99999999|999|99999|99|99999999|999999|9|99999|99|99999999|45060|1|532|99999|99999|9|999|99999|Y|N|86302|U|U|24|||||050|||||129|||||000338|A|13202|99999|99999|28590|00701|4999|0|1000|Block 1000|S||0|0|+43.0535553|-076.1529181|BK||99999
DHCST|NY|100|00|00|000|00|0213235|1000000US360670032001001|360670032001001|1|2|36|01779796|067|H1|00974132|73000|C5|00979539|99999|99|99999999||||99999|99|99999999|73000|C5|00979539|003200|1|1001|9999|9|99999|99|99999999|999|99999|99|99999999|999999|9|99999|99|99999999|45060|1|532|99999|99999|9|999|99999|Y|N|86302|U|U|24|||||050|||||129|||||000338|A|13202|99999|99999|28590|00701|8900|0|1001|Block 1001|S||36|27|+43.0536995|-076.1541631|BK||99999
DHCST|NY|100|00|00|000|00|0213236|1000000US360670032001002|360670032001002|1|2|36|01779796|067|H1|00974132|73000|C5|00979539|99999|99|99999999||||99999|99|99999999|73000|C5|00979539|003200|1|1002|9999|9|99999|99|99999999|999|99999|99|99999999|999999|9|99999|99|99999999|45060|1|532|99999|99999|9|999|99999|Y|N|86302|U|U|24|||||050|||||129|||||000338|A|13202|99999|99999|28590|00701|5951|0|1002|Block 1002|S||0|0|+43.0536918|-076.1552842|BK||99999
DHCST|NY|100|00|00|000|00|0213237|1000000US360670032001003|360670032001003|1|2|36|01779796|067|H1|00974132|73000|C5|00979539|99999|99|99999999||||99999|99|99999999|73000|C5|00979539|003200|1|1003|9999|9|99999|99|99999999|999|99999|99|99999999|999999|9|99999|99|99999999|45060|1|532|99999|99999|9|999|99999|Y|N|86302|U|U|24|||||050|||||129|||||000291|A|13202|99999|99999|28590|00701|11985|0|1003|Block 1003|S||0|0|+43.0534879|-076.1564108|BK||99999
DHCST|NY|100|00|00|000|00|0213238|1000000US360670032001004|360670032001004|1|2|36|01779796|067|H1|00974132|73000|C5|00979539|99999|99|99999999||||99999|99|99999999|73000|C5|00979539|003200|1|1004|9999|9|99999|99|99999999|999|99999|99|99999999|999999|9|99999|99|99999999|45060|1|532|99999|99999|9|999|99999|Y|N|86302|U|U|24|||||050|||||129|||||000338|A|13202|99999|99999|28590|00701|7303|0|1004|Block 1004|S||5|1|+43.0527484|-076.1516823|BK||99999
DHCST|NY|100|00|00|000|00|0213239|1000000US360670032001005|360670032001005|1|2|36|01779796|067|H1|00974132|73000|C5|00979539|99999|99|99999999||||99999|99|99999999|73000|C5|00979539|003200|1|1005|9999|9|99999|99|99999999|999|99999|99|99999999|999999|9|99999|99|99999999|45060|1|532|99999|99999|9|999|99999|Y|N|86302|U|U|24|||||050|||||129|||||000338|A|13202|99999|99999|28590|00701|24491|0|1005|Block 1005|S||8|1|+43.0522947|-076.1528198|BK||99999
DHCST|NY|100|00|00|000|00|0213240|1000000US360670032001006|360670032001006|1|2|36|01779796|067|H1|00974132|73000|C5|00979539|99999|99|99999999||||99999|99|99999999|73000|C5|00979539|003200|1|1006|9999|9|99999|99|99999999|999|99999|99|99999999|999999|9|99999|99|99999999|45060|1|532|99999|99999|9|999|99999|Y|N|86302|U|U|24|||||050|||||129|||||000338|A|13202|99999|99999|28590|00701|12010|0|1006|Block 1006|S||53|56|+43.0528655|-076.1541644|BK||99999
DHCST|NY|100|00|00|000|00|0213241|1000000US360670032001007|360670032001007|1|2|36|01779796|067|H1|00974132|73000|C5|00979539|99999|99|99999999||||99999|99|99999999|73000|C5|00979539|003200|1|1007|9999|9|99999|99|99999999|999|99999|99|99999999|999999|9|99999|99|99999999|45060|1|532|99999|99999|9|999|99999|Y|N|86302|U|U|24|||||050|||||129|||||000291|A|13202|99999|99999|28590|00701|13393|0|1007|Block 1007|S||0|0|+43.0528865|-076.1556320|BK||99999
DHCST|NY|100|00|00|000|00|0213242|1000000US360670032001008|360670032001008|1|2|36|01779796|067|H1|00974132|73000|C5|00979539|99999|99|99999999||||99999|99|99999999|73000|C5|00979539|003200|1|1008|9999|9|99999|99|99999999|999|99999|99|99999999|999999|9|99999|99|99999999|45060|1|532|99999|99999|9|999|99999|Y|N|86302|U|U|24|||||050|||||129|||||000291|A|13202|99999|99999|28590|00701|41621|0|1008|Block 1008|S||0|0|+43.0517660|-076.1567896|BK||99999
DHCST|NY|100|00|00|000|00|0213243|1000000US360670032001009|360670032001009|1|2|36|01779796|067|H1|00974132|73000|C5|00979539|99999|99|99999999||||99999|99|99999999|73000|C5|00979539|003200|1|1009|9999|9|99999|99|99999999|999|99999|99|99999999|999999|9|99999|99|99999999|45060|1|532|99999|99999|9|999|99999|Y|N|86302|U|U|24|||||050|||||129|||||000291|A|13202|99999|99999|28590|00701|2441|0|1009|Block 1009|S||0|0|+43.0522481|-076.1553405|BK||99999
DHCST|NY|100|00|00|000|00|0213244|1000000US360670032001010|360670032001010|1|2|36|01779796|067|H1|00974132|73000|C5|00979539|99999|99|99999999||||99999|99|99999999|73000|C5|00979539|003200|1|1010|9999|9|99999|99|99999999|999|99999|99|99999999|999999|9|99999|99|99999999|45060|1|532|99999|99999|9|999|99999|Y|N|86302|U|U|24|||||050|||||129|||||000338|A|13202|99999|99999|28590|00701|10616|0|1010|Block 1010|S||55|47|+43.0519799|-076.1541411|BK||99999
DHCST|NY|100|00|00|000|00|0213245|1000000US360670032001011|360670032001011|1|2|36|01779796|067|H1|00974132|73000|C5|00979539|99999|99|99999999||||99999|99|99999999|73000|C5|00979539|003200|1|1011|9999|9|99999|99|99999999|999|99999|99|99999999|999999|9|99999|99|99999999|45060|1|532|99999|99999|9|999|99999|Y|N|86302|U|U|24|||||050|||||129|||||000338|A|13202|99999|99999|28590|00701|12379|0|1011|Block 1011|S||0|0|+43.0512925|-076.1545645|BK||99999
DHCST|NY|100|00|00|000|00|0213246|1000000US360670032001012|360670032001012|1|2|36|01779796|067|H1|00974132|73000|C5|00979539|99999|99|99999999||||99999|99|99999999|73000|C5|00979539|003200|1|1012|9999|9|99999|99|99999999|999|99999|99|99999999|999999|9|99999|99|99999999|45060|1|532|99999|99999|9|999|99999|Y|N|86302|U|U|24|||||050|||||129|||||000338|A|13202|99999|99999|28590|00701|13178|0|1012|Block 1012|S||0|0|+43.0517883|-076.1514985|BK||99999
DHCST|NY|100|00|00|000|00|0213247|1000000US360670032001013|360670032001013|1|2|36|01779796|067|H1|00974132|73000|C5|00979539|99999|99|99999999||||99999|99|99999999|73000|C5|00979539|003200|1|1013|9999|9|99999|99|99999999|999|99999|99|99999999|999999|9|99999|99|99999999|45060|1|532|99999|99999|9|999|99999|Y|N|86302|U|U|24|||||050|||||129|||||000338|A|13202|99999|99999|28590|00701|5072|0|1013|Block 1013|S||0|0|+43.0518284|-076.1505339|BK||99999
DHCST|NY|100|00|00|000|00|0213248|1000000US360670032001014|360670032001014|1|2|36|01779796|067|H1|00974132|73000|C5|00979539|99999|99|99999999||||99999|99|99999999|73000|C5|00979539|003200|1|1014|9999|9|99999|99|99999999|999|99999|99|99999999|999999|9|99999|99|99999999|45060|1|532|99999|99999|9|999|99999|Y|N|86302|U|U|24|||||050|||||129|||||000338|A|13202|99999|99999|28590|00701|5452|0|1014|Block 1014|S||0|0|+43.0511429|-076.1501647|BK||99999
DHCST|NY|100|00|00|000|00|0213249|1000000US360670032001015|360670032001015|1|2|36|01779796|067|H1|00974132|73000|C5|00979539|99999|99|99999999||||99999|99|99999999|73000|C5|00979539|003200|1|1015|9999|9|99999|99|99999999|999|99999|99|99999999|999999|9|99999|99|99999999|45060|1|532|99999|99999|9|999|99999|Y|N|86302|U|U|24|||||050|||||129|||||000338|A|13202|99999|99999|28590|00701|4745|0|1015|Block 1015|S||37|20|+43.0510794|-076.1514610|BK||99999
DHCST|NY|100|00|00|000|00|0213250|1000000US360670032001016|360670032001016|1|2|36|01779796|067|H1|00974132|73000|C5|00979539|99999|99|99999999||||99999|99|99999999|73000|C5|00979539|003200|1|1016|9999|9|99999|99|99999999|999|99999|99|99999999|999999|9|99999|99|99999999|45060|1|532|99999|99999|9|999|99999|Y|N|86302|U|U|24|||||050|||||129|||||000338|A|13202|99999|99999|28590|00701|4557|0|1016|Block 1016|S||0|0|+43.0510906|-076.1528534|BK||99999
DHCST|NY|100|00|00|000|00|0213251|1000000US360670032001017|360670032001017|1|2|36|01779796|067|H1|00974132|73000|C5|00979539|99999|99|99999999||||99999|99|99999999|73000|C5|00979539|003200|1|1017|9999|9|99999|99|99999999|999|99999|99|99999999|999999|9|99999|99|99999999|45060|1|532|99999|99999|9|999|99999|Y|N|86302|U|U|24|||||050|||||129|||||000338|A|13202|99999|99999|28590|00701|4447|0|1017|Block 1017|S||0|0|+43.0507232|-076.1528572|BK||99999
DHCST|NY|100|00|00|000|00|0213252|1000000US360670032001018|360670032001018|1|2|36|01779796|067|H1|00974132|73000|C5|00979539|99999|99|99999999||||99999|99|99999999|73000|C5|00979539|003200|1|1018|9999|9|99999|99|99999999|999|99999|99|99999999|999999|9|99999|99|99999999|45060|1|532|99999|99999|9|999|99999|Y|N|86302|U|U|24|||||050|||||129|||||000338|A|13202|99999|99999|28590|00701|6303|0|1018|Block 1018|S||66|44|+43.0507357|-076.1545118|BK||99999
DHCST|NY|100|00|00|000|00|0213253|1000000US360670032001019|360670032001019|1|2|36|01779796|067|H1|00974132|73000|C5|00979539|99999|99|99999999||||99999|99|99999999|73000|C5|00979539|003200|1|1019|9999|9|99999|99|99999999|999|99999|99|99999999|999999|9|99999|99|99999999|45060|1|532|99999|99999|9|999|99999|Y|N|86302|U|U|24|||||050|||||129|||||000338|A|13202|99999|99999|28590|00701|23718|0|1019|Block 1019|S||103|76|+43.0502537|-076.1564973|BK||99999
DHCST|NY|100|00|00|000|00|0213254|1000000US360670032001020|360670032001020|1|2|36|01779796|067|H1|00974132|73000|C5|00979539|99999|99|99999999||||99999|99|99999999|73000|C5|00979539|003200|1|1020|9999|9|99999|99|99999999|999|99999|99|99999999|999999|9|99999|99|99999999|45060|1|532|99999|99999|9|999|99999|Y|N|86302|U|U|24|||||050|||||129|||||000338|A|13202|99999|99999|28590|00701|16698|0|1020|Block 1020|S||0|0|+43.0500841|-076.1545274|BK||99999
DHCST|NY|100|00|00|000|00|0213255|1000000US360670032001021|360670032001021|1|2|36|01779796|067|H1|00974132|73000|C5|00979539|99999|99|99999999||||99999|99|99999999|73000|C5|00979539|003200|1|1021|9999|9|99999|99|99999999|999|99999|99|99999999|999999|9|99999|99|99999999|45060|1|532|99999|99999|9|999|99999|Y|N|86302|U|U|24|||||050|||||129|||||000338|A|13202|99999|99999|28590|00701|11615|0|1021|Block 1021|S||0|0|+43.0500687|-076.1528694|BK||99999
DHCST|NY|100|00|00|000|00|0213256|1000000US360670032001022|360670032001022|1|2|36|01779796|067|H1|00974132|73000|C5|00979539|99999|99|99999999||||99999|99|99999999|73000|C5|00979539|003200|1|1022|9999|9|99999|99|99999999|999|99999|99|99999999|999999|9|99999|99|99999999|45060|1|532|99999|99999|9|999|99999|Y|N|86302|U|U|24|||||050|||||129|||||000338|A|13202|99999|99999|28590|00701|11325|0|1022|Block 1022|S||29|16|+43.0500084|-076.1515148|BK||99999
DHCST|NY|100|00|00|000|00|0213257|1000000US360670032001023|360670032001023|1|2|36|01779796|067|H1|00974132|73000|C5|00979539|99999|99|99999999||||99999|99|99999999|73000|C5|00979539|003200|1|1023|9999|9|99999|99|99999999|999|99999|99|99999999|999999|9|99999|99|99999999|45060|1|532|99999|99999|9|999|99999|Y|N|86302|U|U|24|||||050|||||129|||||000338|A|13202|99999|99999|28590|00701|1034|0|1023|Block 1023|S||0|0|+43.0504150|-076.1510283|BK||99999
DHCST|NY|100|00|00|000|00|0213258|1000000US360670032001024|360670032001024|1|2|36|01779796|067|H1|00974132|73000|C5|00979539|99999|99|99999999||||99999|99|99999999|73000|C5|00979539|003200|1|1024|9999|9|99999|99|99999999|999|99999|99|99999999|999999|9|99999|99|99999999|45060|1|532|99999|99999|9|999|99999|Y|N|86302|U|U|24|||||050|||||129|||||000338|A|13202|99999|99999|28590|00701|4811|0|1024|Block 1024|S||25|30|+43.0507069|-076.1514652|BK||99999
DHCST|NY|100|00|00|000|00|0213259|1000000US360670032001025|360670032001025|1|2|36|01779796|067|H1|00974132|73000|C5|00979539|99999|99|99999999||||99999|99|99999999|73000|C5|00979539|003200|1|1025|9999|9|99999|99|99999999|999|99999|99|99999999|999999|9|99999|99|99999999|45060|1|532|99999|99999|9|999|99999|Y|N|86302|U|U|24|||||050|||||129|||||000338|A|13202|99999|99999|28590|00701|5084|0|1025|Block 1025|S||39|21|+43.0506952|-076.1500303|BK||99999
DHCST|NY|100|00|00|000|00|0213260|1000000US360670032001026|360670032001026|1|2|36|01779796|067|H1|00974132|73000|C5|00979539|99999|99|99999999||||99999|99|99999999|73000|C5|00979539|003200|1|1026|9999|9|99999|99|99999999|999|99999|99|99999999|999999|9|99999|99|99999999|45060|1|532|99999|99999|9|999|99999|Y|N|86302|U|U|24|||||050|||||129|||||000338|A|13202|99999|99999|28590|00701|8209|0|1026|Block 1026|S||95|73|+43.0501563|-076.1499075|BK||99999
DHCST|NY|100|00|00|000|00|0213261|1000000US360670032001027|360670032001027|1|2|36|01779796|067|H1|00974132|73000|C5|00979539|99999|99|99999999||||99999|99|99999999|73000|C5|00979539|003200|1|1027|9999|9|99999|99|99999999|999|99999|99|99999999|999999|9|99999|99|99999999|45060|1|532|99999|99999|9|999|99999|Y|N|86302|U|U|24|||||053|||||129|||||000336|A|13202|99999|99999|28590|00701|4371|0|1027|Block 1027|S||0|0|+43.0497660|-076.1502686|BK||99999
DHCST|NY|100|00|00|000|00|0213262|1000000US360670032001028|360670032001028|1|2|36|01779796|067|H1|00974132|73000|C5|00979539|99999|99|99999999||||99999|99|99999999|73000|C5|00979539|003200|1|1028|9999|9|99999|99|99999999|999|99999|99|99999999|999999|9|99999|99|99999999|45060|1|532|99999|99999|9|999|99999|Y|N|86302|U|U|24|||||050|||||129|||||000338|A|13202|99999|99999|28590|00701|5654|0|1028|Block 1028|S||87|67|+43.0491162|-076.1511052|BK||99999
DHCST|NY|100|00|00|000|00|0213263|1000000US360670032001029|360670032001029|1|2|36|01779796|067|H1|00974132|73000|C5|00979539|99999|99|99999999||||99999|99|99999999|73000|C5|00979539|003200|1|1029|9999|9|99999|99|99999999|999|99999|99|99999999|999999|9|99999|99|99999999|45060|1|532|99999|99999|9|999|99999|Y|N|86302|U|U|24|||||050|||||129|||||000338|A|13202|99999|99999|28590|00701|6123|0|1029|Block 1029|S||19|13|+43.0491309|-076.1518338|BK||99999
DHCST|NY|100|00|00|000|00|0213264|1000000US360670032001030|360670032001030|1|2|36|01779796|067|H1|00974132|73000|C5|00979539|99999|99|99999999||||99999|99|99999999|73000|C5|00979539|003200|1|1030|9999|9|99999|99|99999999|999|99999|99|99999999|999999|9|99999|99|99999999|45060|1|532|99999|99999|9|999|99999|Y|N|86302|U|U|24|||||050|||||129|||||000338|A|13202|99999|99999|28590|00701|11115|0|1030|Block 1030|S||0|0|+43.0491415|-076.1528869|BK||99999
DHCST|NY|100|00|00|000|00|0213265|1000000US360670032001031|360670032001031|1|2|36|01779796|067|H1|00974132|73000|C5|00979539|99999|99|99999999||||99999|99|99999999|73000|C5|00979539|003200|1|1031|9999|9|99999|99|99999999|999|99999|99|99999999|999999|9|99999|99|99999999|45060|1|532|99999|99999|9|999|99999|Y|N|86302|U|U|24|||||050|||||129|||||000338|A|13202|99999|99999|28590|00701|16267|0|1031|Block 1031|S||0|0|+43.0491550|-076.1545442|BK||99999
DHCST|NY|100|00|00|000|00|0213266|1000000US360670032001032|360670032001032|1|2|36|01779796|067|H1|00974132|73000|C5|00979539|99999|99|99999999||||99999|99|99999999|73000|C5|00979539|003200|1|1032|9999|9|99999|99|99999999|999|99999|99|99999999|999999|9|99999|99|99999999|45060|1|532|99999|99999|9|999|99999|Y|N|86302|U|U|24|||||050|||||129|||||000338|A|13202|99999|99999|28590|00701|13841|0|1032|Block 1032|S||0|0|+43.0491603|-076.1563758|BK||99999
DHCST|NY|100|00|00|000|00|0213267|1000000US360670032001033|360670032001033|1|2|36|01779796|067|H1|00974132|73000|C5|00979539|99999|99|99999999||||99999|99|99999999|73000|C5|00979539|003200|1|1033|9999|9|99999|99|99999999|999|99999|99|99999999|999999|9|99999|99|99999999|45060|1|532|99999|99999|9|999|99999|Y|N|86302|U|U|24|||||053|||||129|||||000336|A|13202|99999|99999|28590|00701|10105|0|1033|Block 1033|S||33|28|+43.0483570|-076.1562937|BK||99999
DHCST|NY|100|00|00|000|00|0213268|1000000US360670032001034|360670032001034|1|2|36|01779796|067|H1|00974132|73000|C5|00979539|99999|99|99999999||||99999|99|99999999|73000|C5|00979539|003200|1|1034|9999|9|99999|99|99999999|999|99999|99|99999999|999999|9|99999|99|99999999|45060|1|532|99999|99999|9|999|99999|Y|N|86302|U|U|24|||||053|||||129|||||000336|A|13202|99999|99999|28590|00701|12954|0|1034|Block 1034|S||65|69|+43.0483313|-076.1545474|BK||99999
DHCST|NY|100|00|00|000|00|0213269|1000000US360670032001035|360670032001035|1|2|36|01779796|067|H1|00974132|73000|C5|00979539|99999|99|99999999||||99999|99|99999999|73000|C5|00979539|003200|1|1035|9999|9|99999|99|99999999|999|99999|99|99999999|999999|9|99999|99|99999999|45060|1|532|99999|99999|9|999|99999|Y|N|86302|U|U|24|||||053|||||129|||||000336|A|13202|99999|99999|28590|00701|19997|0|1035|Block 1035|S||164|155|+43.0478673|-076.1528952|BK||99999
DHCST|NY|100|00|00|000|00|0213270|1000000US360670032001036|360670032001036|1|2|36|01779796|067|H1|00974132|73000|C5|00979539|99999|99|99999999||||99999|99|99999999|73000|C5|00979539|003200|1|1036|9999|9|99999|99|99999999|999|99999|99|99999999|999999|9|99999|99|99999999|45060|1|532|99999|99999|9|999|99999|Y|N|86302|U|U|24|||||053|||||129|||||000336|A|13202|99999|99999|28590|00701|11326|0|1036|Block 1036|S||54|34|+43.0478513|-076.1518439|BK||99999
DHCST|NY|100|00|00|000|00|0213271|1000000US360670032001037|360670032001037|1|2|36|01779796|067|H1|00974132|73000|C5|00979539|99999|99|99999999||||99999|99|99999999|73000|C5|00979539|003200|1|1037|9999|9|99999|99|99999999|999|99999|99|99999999|999999|9|99999|99|99999999|45060|1|532|99999|99999|9|999|99999|Y|N|86302|U|U|24|||||053|||||129|||||000336|A|13202|99999|99999|28590|00701|10185|0|1037|Block 1037|S||121|89|+43.0478631|-076.1511222|BK||99999
DHCST|NY|100|00|00|000|00|0213272|1000000US360670032001038|360670032001038|1|2|36|01779796|067|H1|00974132|73000|C5|00979539|99999|99|99999999||||99999|99|99999999|73000|C5|00979539|003200|1|1038|9999|9|99999|99|99999999|999|99999|99|99999999|999999|9|99999|99|99999999|45060|1|532|99999|99999|9|999|99999|Y|N|86302|U|U|24|||||053|||||129|||||000336|A|13202|99999|99999|28590|00701|22192|0|1038|Block 1038|S||205|202|+43.0478380|-076.1500308|BK||99999
DHCST|NY|100|00|00|000|00|0213273|1000000US360670032001039|360670032001039|1|2|36|01779796|067|H1|00974132|73000|C5|00979539|99999|99|99999999||||99999|99|99999999|73000|C5|00979539|003200|1|1039|9999|9|99999|99|99999999|999|99999|99|99999999|999999|9|99999|99|99999999|45060|1|532|99999|99999|9|999|99999|Y|N|86302|U|U|24|||||053|||||129|||||000336|A|13202|99999|99999|28590|00701|11621|0|1039|Block 1039|S||0|0|+43.0490974|-076.1500227|BK||99999
DHCST|NY|100|00|00|000|00|0213274|1000000US360670032001040|360670032001040|1|2|36|01779796|067|H1|00974132|73000|C5|00979539|99999|99|99999999||||99999|99|99999999|73000|C5|00979539|003200|1|1040|9999|9|99999|99|99999999|999|99999|99|99999999|999999|9|99999|99|99999999|45060|1|532|99999|99999|9|999|99999|Y|N|86302|U|U|24|||||053|||||129|||||000336|A|13202|99999|99999|28590|00701|8013|0|1040|Block 1040|S||31|23|+43.0476250|-076.1562459|BK||99999
DHCST|NY|100|00|00|000|00|0213275|1000000US360670032001041|360670032001041|1|2|36|01779796|067|H1|00974132|73000|C5|00979539|99999|99|99999999||||99999|99|99999999|73000|C5|00979539|003200|1|1041|9999|9|99999|99|99999999|999|99999|99|99999999|999999|9|99999|99|99999999|45060|1|532|99999|99999|9|999|99999|Y|N|86302|U|U|24|||||053|||||129|||||000336|A|13202|99999|99999|28590|00701|10945|0|1041|Block 1041|S||66|58|+43.0476310|-076.1543985|BK||99999
DHCST|NY|100|00|00|000|00|0213276|1000000US360670032001042|360670032001042|1|2|36|01779796|067|H1|00974132|73000|C5|00979539|99999|99|99999999||||99999|99|99999999|73000|C5|00979539|003200|1|1042|9999|9|99999|99|99999999|999|99999|99|99999999|999999|9|99999|99|99999999|45060|1|532|99999|99999|9|999|99999|Y|N|86302|U|U|24|||||053|||||129|||||000336|A|13202|99999|99999|28590|00701|36707|0|1042|Block 1042|S||32|40|+43.0455194|-076.1529287|BK||99999
DHCST|NY|100|00|00|000|00|0213277|1000000US360670032001043|360670032001043|1|2|36|01779796|067|H1|00974132|73000|C5|00979539|99999|99|99999999||||99999|99|99999999|73000|C5|00979539|003200|1|1043|9999|9|99999|99|99999999|999|99999|99|99999999|999999|9|99999|99|99999999|45060|1|532|99999|99999|9|999|99999|Y|N|86302|U|U|24|||||053|||||129|||||000336|A|13202|99999|99999|28590|00701|27307|0|1043|Block 1043|S||111|102|+43.0459628|-076.1515891|BK||99999
DHCST|NY|100|00|00|000|00|0213278|1000000US360670032001044|360670032001044|1|2|36|01779796|067|H1|00974132|73000|C5|00979539|99999|99|99999999||||99999|99|99999999|73000|C5|00979539|003200|1|1044|9999|9|99999|99|99999999|999|99999|99|99999999|999999|9|99999|99|99999999|45060|1|532|99999|99999|9|999|99999|Y|N|86302|U|U|24|||||053|||||129|||||000336|A|13202|99999|99999|28590|00701|15049|0|1044|Block 1044|S||40|7|+43.0465353|-076.1500432|BK||99999
DHCST|NY|100|00|00|000|00|0213279|1000000US360670032001045|360670032001045|1|2|36|01779796|067|H1|00974132|73000|C5|00979539|99999|99|99999999||||99999|99|99999999|73000|C5|00979539|003200|1|1045|9999|9|99999|99|99999999|999|99999|99|99999999|999999|9|99999|99|99999999|45060|1|532|99999|99999|9|999|99999|Y|N|86302|U|U|24|||||053|||||129|||||000336|A|13202|99999|99999|28590|00701|13044|0|1045|Block 1045|S||0|0|+43.0459258|-076.1495235|BK||99999
DHCST|NY|100|00|00|000|00|0213280|1000000US360670032001046|360670032001046|1|2|36|01779796|067|H1|00974132|73000|C5|00979539|99999|99|99999999||||99999|99|99999999|73000|C5|00979539|003200|1|1046|9999|9|99999|99|99999999|999|99999|99|99999999|999999|9|99999|99|99999999|45060|1|532|99999|99999|9|999|99999|Y|N|86302|U|U|24|||||053|||||129|||||000336|A|13202|99999|99999|28590|00701|21534|0|1046|Block 1046|S||0|0|+43.0448824|-076.1498303|BK||99999
DHCST|NY|100|00|00|000|00|0213281|1000000US360670032001047|360670032001047|1|2|36|01779796|067|H1|00974132|73000|C5|00979539|99999|99|99999999||||99999|99|99999999|73000|C5|00979539|003200|1|1047|9999|9|99999|99|99999999|999|99999|99|99999999|999999|9|99999|99|99999999|45060|1|532|99999|99999|9|999|99999|Y|N|86302|U|U|24|||||053|||||129|||||000336|A|13202|99999|99999|28590|00701|7842|0|1047|Block 1047|S||0|0|+43.0447074|-076.1513310|BK||99999
DHCST|NY|100|00|00|000|00|0213282|1000000US360670032001048|360670032001048|1|2|36|01779796|067|H1|00974132|73000|C5|00979539|99999|99|99999999||||99999|99|99999999|73000|C5|00979539|003200|1|1048|9999|9|99999|99|99999999|999|99999|99|99999999|999999|9|99999|99|99999999|45060|1|532|99999|99999|9|999|99999|Y|N|86302|U|U|24|||||053|||||129|||||000336|A|13202|99999|99999|28590|00701|4332|0|1048|Block 1048|S||0|0|+43.0440284|-076.1537459|BK||99999
DHCST|NY|100|00|00|000|00|0213283|1000000US360670032001049|360670032001049|1|2|36|01779796|067|H1|00974132|73000|C5|00979539|99999|99|99999999||||99999|99|99999999|73000|C5|00979539|003200|1|1049|9999|9|99999|99|99999999|999|99999|99|99999999|999999|9|99999|99|99999999|45060|1|532|99999|99999|9|999|99999|Y|N|86302|U|U|24|||||053|||||129|||||000336|A|13202|99999|99999|28590|00701|31997|0|1049|Block 1049|S||0|0|+43.0457276|-076.1556634|BK||99999
DHCST|NY|100|00|00|000|00|0213284|1000000US360670032001050|360670032001050|1|2|36|01779796|067|H1|00974132|73000|C5|00979539|99999|99|99999999||||99999|99|99999999|73000|C5|00979539|003200|1|1050|9999|9|99999|99|99999999|999|99999|99|99999999|999999|9|99999|99|99999999|45060|1|532|99999|99999|9|999|99999|Y|N|86302|U|U|24|||||053|||||129|||||000336|A|13202|99999|99999|28590|00701|27451|0|1050|Block 1050|S||345|323|+43.0461169|-076.1545056|BK||99999
DHCST|NY|100|00|00|000|00|0213285|1000000US360670032001051|360670032001051|1|2|36|01779796|067|H1|00974132|73000|C5|00979539|99999|99|99999999||||99999|99|99999999|73000|C5|00979539|003200|1|1051|9999|9|99999|99|99999999|999|99999|99|99999999|999999|9|99999|99|99999999|45060|1|532|99999|99999|9|999|99999|Y|N|86302|U|U|24|||||053|||||129|||||000336|A|13202|99999|99999|28590|00701|13540|0|1051|Block 1051|S||0|0|+43.0470864|-076.1551516|BK||99999
DHCST|NY|100|00|00|000|00|0213286|1000000US360670032001052|360670032001052|1|2|36|01779796|067|H1|00974132|73000|C5|00979539|99999|99|99999999||||99999|99|99999999|73000|C5|00979539|003200|1|1052|9999|9|99999|99|99999999|999|99999|99|99999999|999999|9|99999|99|99999999|45060|1|532|99999|99999|9|999|99999|Y|N|86302|U|U|24|||||053|||||129|||||000336|A|13202|99999|99999|28590|00701|1522|0|1052|Block 1052|S||0|0|+43.0434977|-076.1536642|BK||99999
DHCST|NY|100|00|00|000|00|0213287|1000000US360670032001053|360670032001053|1|2|36|01779796|067|H1|00974132|73000|C5|00979539|99999|99|99999999||||99999|99|99999999|73000|C5|00979539|003200|1|1053|9999|9|99999|99|99999999|999|99999|99|99999999|999999|9|99999|99|99999999|45060|1|532|99999|99999|9|999|99999|Y|N|86302|U|U|24|||||053|||||129|||||000341|A|13202|99999|99999|28590|00701|8851|0|1053|Block 1053|S||0|0|+43.0428629|-076.1534459|BK||99999
DHCST|NY|100|00|00|000|00|0213288|1000000US360670032001054|360670032001054|1|2|36|01779796|067|H1|00974132|73000|C5|00979539|99999|99|99999999||||99999|99|99999999|73000|C5|00979539|003200|1|1054|9999|9|99999|99|99999999|999|99999|99|99999999|999999|9|99999|99|99999999|45060|1|532|99999|99999|9|999|99999|Y|N|86302|U|U|24|||||053|||||129|||||000341|A|13202|99999|99999|28590|00701|16477|0|1054|Block 1054|S||45|48|+43.0433312|-076.1524250|BK||99999
DHCST|NY|100|00|00|000|00|0213289|1000000US360670032001055|360670032001055|1|2|36|01779796|067|H1|00974132|73000|C5|00979539|99999|99|99999999||||99999|99|99999999|73000|C5|00979539|003200|1|1055|9999|9|99999|99|99999999|999|99999|99|99999999|999999|9|99999|99|99999999|45060|1|532|99999|99999|9|999|99999|Y|N|86302|U|U|24|||||053|||||129|||||000341|A|13202|99999|99999|28590|00701|14384|0|1055|Block 1055|S||0|0|+43.0436326|-076.1513950|BK||99999
DHCST|NY|100|00|00|000|00|0213290|1000000US360670032001056|360670032001056|1|2|36|01779796|067|H1|00974132|73000|C5|00979539|99999|99|99999999||||99999|99|99999999|73000|C5|00979539|003200|1|1056|9999|9|99999|99|99999999|999|99999|99|99999999|999999|9|99999|99|99999999|45060|1|532|99999|99999|9|999|99999|Y|N|86302|U|U|24|||||053|||||128|||||000340|A|13202|99999|99999|28590|00701|9991|0|1056|Block 1056|S||0|0|+43.0435324|-076.1505006|BK||99999
DHCST|NY|100|00|00|000|00|0213291|1000000US360670032001057|360670032001057|1|2|36|01779796|067|H1|00974132|73000|C5|00979539|99999|99|99999999||||99999|99|99999999|73000|C5|00979539|003200|1|1057|9999|9|99999|99|99999999|999|99999|99|99999999|999999|9|99999|99|99999999|45060|1|532|99999|99999|9|999|99999|Y|N|86302|U|U|24|||||053|||||128|||||000340|A|13202|99999|99999|28590|00701|17841|0|1057|Block 1057|S||0|0|+43.0435198|-076.1494956|BK||99999
DHCST|NY|100|00|00|000|00|0213292|1000000US360670032002000|360670032002000|1|2|36|01779796|067|H1|00974132|73000|C5|00979539|99999|99|99999999||||99999|99|99999999|73000|C5|00979539|003200|2|2000|9999|9|99999|99|99999999|999|99999|99|99999999|999999|9|99999|99|99999999|45060|1|532|99999|99999|9|999|99999|Y|N|86302|U|U|24|||||053|||||129|||||000336|A|13202|99999|99999|28590|00701|4947|0|2000|Block 2000|S||0|0|+43.0509706|-076.1462823|BK||99999
DHCST|NY|100|00|00|000|00|0213293|1000000US360670032002001|360670032002001|1|2|36|01779796|067|H1|00974132|73000|C5|00979539|99999|99|99999999||||99999|99|99999999|73000|C5|00979539|003200|2|2001|9999|9|99999|99|99999999|999|99999|99|99999999|999999|9|99999|99|99999999|45060|1|532|99999|99999|9|999|99999|Y|N|86302|U|U|24|||||050|||||129|||||000338|A|13202|99999|99999|28590|00701|8292|0|2001|Block 2001|S||0|0|+43.0511394|-076.1488526|BK||99999
DHCST|NY|100|00|00|000|00|0213294|1000000US360670032002002|360670032002002|1|2|36|01779796|067|H1|00974132|73000|C5|00979539|99999|99|99999999||||99999|99|99999999|73000|C5|00979539|003200|2|2002|9999|9|99999|99|99999999|999|99999|99|99999999|999999|9|99999|99|99999999|45060|1|532|99999|99999|9|999|99999|Y|N|86302|U|U|24|||||053|||||129|||||000336|A|13202|99999|99999|28590|00701|7159|0|2002|Block 2002|S||13|5|+43.0506589|-076.1483474|BK||99999
DHCST|NY|100|00|00|000|00|0213295|1000000US360670032002003|360670032002003|1|2|36|01779796|067|H1|00974132|73000|C5|00979539|99999|99|99999999||||99999|99|99999999|73000|C5|00979539|003200|2|2003|9999|9|99999|99|99999999|999|99999|99|99999999|999999|9|99999|99|99999999|45060|1|532|99999|99999|9|999|99999|Y|N|86302|U|U|24|||||053|||||129|||||000336|A|13202|99999|99999|28590|00701|5829|0|2003|Block 2003|S||0|0|+43.0505948|-076.1465036|BK||99999
DHCST|NY|100|00|00|000|00|0213296|1000000US360670032002004|360670032002004|1|2|36|01779796|067|H1|00974132|73000|C5|00979539|99999|99|99999999||||99999|99|99999999|73000|C5|00979539|003200|2|2004|9999|9|99999|99|99999999|999|99999|99|99999999|999999|9|99999|99|99999999|45060|1|532|99999|99999|9|999|99999|Y|N|86302|U|U|24|||||053|||||129|||||000336|A|13202|99999|99999|28590|00701|3800|0|2004|Block 2004|S||0|0|+43.0505585|-076.1450285|BK||99999
DHCST|NY|100|00|00|000|00|0213297|1000000US360670032002005|360670032002005|1|2|36|01779796|067|H1|00974132|73000|C5|00979539|99999|99|99999999||||99999|99|99999999|73000|C5|00979539|003200|2|2005|9999|9|99999|99|99999999|999|99999|99|99999999|999999|9|99999|99|99999999|45060|1|532|99999|99999|9|999|99999|Y|N|86302|U|U|24|||||053|||||129|||||000336|A|13202|99999|99999|28590|00701|4036|0|2005|Block 2005|S||0|0|+43.0500087|-076.1490770|BK||99999
DHCST|NY|100|00|00|000|00|0213298|1000000US360670032002006|360670032002006|1|2|36|01779796|067|H1|00974132|73000|C5|00979539|99999|99|99999999||||99999|99|99999999|73000|C5|00979539|003200|2|2006|9999|9|99999|99|99999999|999|99999|99|99999999|999999|9|99999|99|99999999|45060|1|532|99999|99999|9|999|99999|Y|N|86302|U|U|24|||||053|||||129|||||000336|A|13202|99999|99999|28590|00701|12287|0|2006|Block 2006|S||0|0|+43.0499821|-076.1481162|BK||99999
DHCST|NY|100|00|00|000|00|0213299|1000000US360670032002007|360670032002007|1|2|36|01779796|067|H1|00974132|73000|C5|00979539|99999|99|99999999||||99999|99|99999999|73000|C5|00979539|003200|2|2007|9999|9|99999|99|99999999|999|99999|99|99999999|999999|9|99999|99|99999999|45060|1|532|99999|99999|9|999|99999|Y|N|86302|U|U|24|||||053|||||129|||||000336|A|13202|99999|99999|28590|00701|14355|0|2007|Block 2007|S||4|1|+43.0499594|-076.1465105|BK||99999
DHCST|NY|100|00|00|000|00|0213300|1000000US360670032002008|360670032002008|1|2|36|01779796|067|H1|00974132|73000|C5|00979539|99999|99|99999999||||99999|99|99999999|73000|C5|00979539|003200|2|2008|9999|9|99999|99|99999999|999|99999|99|99999999|999999|9|99999|99|99999999|45060|1|532|99999|99999|9|999|99999|Y|N|86302|U|U|24|||||053|||||129|||||000336|A|13202|99999|99999|28590|00701|13895|0|2008|Block 2008|S||0|0|+43.0499292|-076.1447706|BK||99999
DHCST|NY|100|00|00|000|00|0213301|1000000US360670032002009|360670032002009|1|2|36|01779796|067|H1|00974132|73000|C5|00979539|99999|99|99999999||||99999|99|99999999|73000|C5|00979539|003200|2|2009|9999|9|99999|99|99999999|999|99999|99|99999999|999999|9|99999|99|99999999|45060|1|532|99999|99999|9|999|99999|Y|N|86302|U|U|24|||||053|||||129|||||000336|A|13202|99999|99999|28590|00701|1710|0|2009|Block 2009|S||0|0|+43.0496873|-076.1436627|BK||99999
DHCST|NY|100|00|00|000|00|0213302|1000000US360670032002010|360670032002010|1|2|36|01779796|067|H1|00974132|73000|C5|00979539|99999|99|99999999||||99999|99|99999999|73000|C5|00979539|003200|2|2010|9999|9|99999|99|99999999|999|99999|99|99999999|999999|9|99999|99|99999999|45060|1|532|99999|99999|9|999|99999|Y|N|86302|U|U|24|||||053|||||129|||||000336|A|13202|99999|99999|28590|00701|7189|0|2010|Block 2010|S||0|0|+43.0489790|-076.1434357|BK||99999
DHCST|NY|100|00|00|000|00|0213303|1000000US360670032002011|360670032002011|1|2|36|01779796|067|H1|00974132|73000|C5|00979539|99999|99|99999999||||99999|99|99999999|73000|C5|00979539|003200|2|2011|9999|9|99999|99|99999999|999|99999|99|99999999|999999|9|99999|99|99999999|45060|1|532|99999|99999|9|999|99999|Y|N|86302|U|U|24|||||053|||||129|||||000336|A|13202|99999|99999|28590|00701|14573|0|2011|Block 2011|S||0|0|+43.0490380|-076.1447644|BK||99999
DHCST|NY|100|00|00|000|00|0213304|1000000US360670032002012|360670032002012|1|2|36|01779796|067|H1|00974132|73000|C5|00979539|99999|99|99999999||||99999|99|99999999|73000|C5|00979539|003200|2|2012|9999|9|99999|99|99999999|999|99999|99|99999999|999999|9|99999|99|99999999|45060|1|532|99999|99999|9|999|99999|Y|N|86302|U|U|24|||||053|||||129|||||000336|A|13202|99999|99999|28590|00701|14336|0|2012|Block 2012|S||0|0|+43.0490543|-076.1465208|BK||99999
DHCST|NY|100|00|00|000|00|0213305|1000000US360670032002013|360670032002013|1|2|36|01779796|067|H1|00974132|73000|C5|00979539|99999|99|99999999||||99999|99|99999999|73000|C5|00979539|003200|2|2013|9999|9|99999|99|99999999|999|99999|99|99999999|999999|9|99999|99|99999999|45060|1|532|99999|99999|9|999|99999|Y|N|86302|U|U|24|||||053|||||129|||||000336|A|13202|99999|99999|28590|00701|15136|0|2013|Block 2013|S||5|35|+43.0490794|-076.1483439|BK||99999
DHCST|NY|100|00|00|000|00|0213306|1000000US360670032002014|360670032002014|1|2|36|01779796|067|H1|00974132|73000|C5|00979539|99999|99|99999999||||99999|99|99999999|73000|C5|00979539|003200|2|2014|9999|9|99999|99|99999999|999|99999|99|99999999|999999|9|99999|99|99999999|45060|1|532|99999|99999|9|999|99999|Y|N|86302|U|U|24|||||053|||||128|||||000386|A|13202|99999|99999|28590|00701|12001|0|2014|Block 2014|S||0|0|+43.0479947|-076.1433030|BK||99999
DHCST|NY|100|00|00|000|00|0213307|1000000US360670032002015|360670032002015|1|2|36|01779796|067|H1|00974132|73000|C5|00979539|99999|99|99999999||||99999|99|99999999|73000|C5|00979539|003200|2|2015|9999|9|99999|99|99999999|999|99999|99|99999999|999999|9|99999|99|99999999|45060|1|532|99999|99999|9|999|99999|Y|N|86302|U|U|24|||||053|||||128|||||000386|A|13202|99999|99999|28590|00701|13130|0|2015|Block 2015|S||9|1|+43.0481510|-076.1446837|BK||99999
DHCST|NY|100|00|00|000|00|0213308|1000000US360670032002016|360670032002016|1|2|36|01779796|067|H1|00974132|73000|C5|00979539|99999|99|99999999||||99999|99|99999999|73000|C5|00979539|003200|2|2016|9999|9|99999|99|99999999|999|99999|99|99999999|999999|9|99999|99|99999999|45060|1|532|99999|99999|9|999|99999|Y|N|86302|U|U|24|||||053|||||128|||||000386|A|13202|99999|99999|28590|00701|8691|0|2016|Block 2016|S||0|0|+43.0483325|-076.1465615|BK||99999
DHCST|NY|100|00|00|000|00|0213309|1000000US360670032002017|360670032002017|1|2|36|01779796|067|H1|00974132|73000|C5|00979539|99999|99|99999999||||99999|99|99999999|73000|C5|00979539|003200|2|2017|9999|9|99999|99|99999999|999|99999|99|99999999|999999|9|99999|99|99999999|45060|1|532|99999|99999|9|999|99999|Y|N|86302|U|U|24|||||053|||||129|||||000336|A|13202|99999|99999|28590|00701|5723|0|2017|Block 2017|S||0|0|+43.0482098|-076.1478209|BK||99999
DHCST|NY|100|00|00|000|00|0213310|1000000US360670032002018|360670032002018|1|2|36|01779796|067|H1|00974132|73000|C5|00979539|99999|99|99999999||||99999|99|99999999|73000|C5|00979539|003200|2|2018|9999|9|99999|99|99999999|999|99999|99|99999999|999999|9|99999|99|99999999|45060|1|532|99999|99999|9|999|99999|Y|N|86302|U|U|24|||||053|||||129|||||000336|A|13202|99999|99999|28590|00701|15628|0|2018|Block 2018|S||38|10|+43.0478688|-076.1487305|BK||99999
DHCST|NY|100|00|00|000|00|0213311|1000000US360670032002019|360670032002019|1|2|36|01779796|067|H1|00974132|73000|C5|00979539|99999|99|99999999||||99999|99|99999999|73000|C5|00979539|003200|2|2019|9999|9|99999|99|99999999|999|99999|99|99999999|999999|9|99999|99|99999999|45060|1|532|99999|99999|9|999|99999|Y|N|86302|U|U|24|||||053|||||128|||||000386|A|13202|99999|99999|28590|00701|5454|0|2019|Block 2019|S||0|0|+43.0473235|-076.1478952|BK||99999
DHCST|NY|100|00|00|000|00|0213312|1000000US360670032002020|360670032002020|1|2|36|01779796|067|H1|00974132|73000|C5|00979539|99999|99|99999999||||99999|99|99999999|73000|C5|00979539|003200|2|2020|9999|9|99999|99|99999999|999|99999|99|99999999|999999|9|99999|99|99999999|45060|1|532|99999|99999|9|999|99999|Y|N|86302|U|U|24|||||053|||||128|||||000386|A|13202|99999|99999|28590|00701|8861|0|2020|Block 2020|S||0|0|+43.0477882|-076.1465508|BK||99999
DHCST|NY|100|00|00|000|00|0213313|1000000US360670032002021|360670032002021|1|2|36|01779796|067|H1|00974132|73000|C5|00979539|99999|99|99999999||||99999|99|99999999|73000|C5|00979539|003200|2|2021|9999|9|99999|99|99999999|999|99999|99|99999999|999999|9|99999|99|99999999|45060|1|532|99999|99999|9|999|99999|Y|N|86302|U|U|24|||||053|||||128|||||000386|A|13202|99999|99999|28590|00701|64607|0|2021|Block 2021|S||323|2|+43.0458517|-076.1463907|BK||99999
DHCST|NY|100|00|00|000|00|0213314|1000000US360670032002022|360670032002022|1|2|36|01779796|067|H1|00974132|73000|C5|00979539|99999|99|99999999||||99999|99|99999999|73000|C5|00979539|003200|2|2022|9999|9|99999|99|99999999|999|99999|99|99999999|999999|9|99999|99|99999999|45060|1|532|99999|99999|9|999|99999|Y|N|86302|U|U|24|||||053|||||128|||||000386|A|13202|99999|99999|28590|00701|4450|0|2022|Block 2022|S||0|0|+43.0452205|-076.1452170|BK||99999
DHCST|NY|100|00|00|000|00|0213315|1000000US360670032002023|360670032002023|1|2|36|01779796|067|H1|00974132|73000|C5|00979539|99999|99|99999999||||99999|99|99999999|73000|C5|00979539|003200|2|2023|9999|9|99999|99|99999999|999|99999|99|99999999|999999|9|99999|99|99999999|45060|1|532|99999|99999|9|999|99999|Y|N|86302|U|U|24|||||053|||||128|||||000386|A|13202|99999|99999|28590|00701|77240|0|2023|Block 2023|S||867|743|+43.0460006|-076.1439422|BK||99999
DHCST|NY|100|00|00|000|00|0213316|1000000US360670032002024|360670032002024|1|2|36|01779796|067|H1|00974132|73000|C5|00979539|99999|99|99999999||||99999|99|99999999|73000|C5|00979539|003200|2|2024|9999|9|99999|99|99999999|999|99999|99|99999999|999999|9|99999|99|99999999|45060|1|532|99999|99999|9|999|99999|Y|N|86302|U|U|24|||||053|||||128|||||000386|A|13202|99999|99999|28590|00701|40077|0|2024|Block 2024|S||237|24|+43.0434852|-076.1439563|BK||99999
DHCST|NY|100|00|00|000|00|0213317|1000000US360670032002025|360670032002025|1|2|36|01779796|067|H1|00974132|73000|C5|00979539|99999|99|99999999||||99999|99|99999999|73000|C5|00979539|003200|2|2025|9999|9|99999|99|99999999|999|99999|99|99999999|999999|9|99999|99|99999999|45060|1|532|99999|99999|9|999|99999|Y|N|86302|U|U|24|||||053|||||128|||||000386|A|13202|99999|99999|28590|00701|1503|0|2025|Block 2025|S||0|0|+43.0436274|-076.1453908|BK||99999
DHCST|NY|100|00|00|000|00|0213318|1000000US360670032002026|360670032002026|1|2|36|01779796|067|H1|00974132|73000|C5|00979539|99999|99|99999999||||99999|99|99999999|73000|C5|00979539|003200|2|2026|9999|9|99999|99|99999999|999|99999|99|99999999|999999|9|99999|99|99999999|45060|1|532|99999|99999|9|999|99999|Y|N|86302|U|U|24|||||053|||||128|||||000386|A|13202|99999|99999|28590|00701|28407|0|2026|Block 2026|S||0|0|+43.0435538|-076.1465042|BK||99999
DHCST|NY|100|00|00|000|00|0213319|1000000US360670032002027|360670032002027|1|2|36|01779796|067|H1|00974132|73000|C5|00979539|99999|99|99999999||||99999|99|99999999|73000|C5|00979539|003200|2|2027|9999|9|99999|99|99999999|999|99999|99|99999999|999999|9|99999|99|99999999|45060|1|532|99999|99999|9|999|99999|Y|N|86302|U|U|24|||||053|||||128|||||000386|A|13202|99999|99999|28590|00701|18342|0|2027|Block 2027|S||0|0|+43.0435135|-076.1481889|BK||99999
DHCST|NY|100|00|00|000|00|0213320|1000000US360670032002028|360670032002028|1|2|36|01779796|067|H1|00974132|73000|C5|00979539|99999|99|99999999||||99999|99|99999999|73000|C5|00979539|003200|2|2028|9999|9|99999|99|99999999|999|99999|99|99999999|999999|9|99999|99|99999999|45060|1|532|99999|99999|9|999|99999|Y|N|86302|U|U|24|||||053|||||128|||||000386|A|13202|99999|99999|28590|00701|14298|0|2028|Block 2028|S||0|0|+43.0448799|-076.1481749|BK||99999
DHCST|NY|100|00|00|000|00|0213321|1000000US360670032002029|360670032002029|1|2|36|01779796|067|H1|00974132|73000|C5|00979539|99999|99|99999999||||99999|99|99999999|73000|C5|00979539|003200|2|2029|9999|9|99999|99|99999999|999|99999|99|99999999|999999|9|99999|99|99999999|45060|1|532|99999|99999|9|999|99999|Y|N|86302|U|U|24|||||053|||||128|||||000386|A|13202|99999|99999|28590|00701|18057|0|2029|Block 2029|S||0|0|+43.0462429|-076.1481496|BK||99999
DHCST|NY|100|00|00|000|00|0213322|1000000US360670032002030|360670032002030|1|2|36|01779796|067|H1|00974132|73000|C5|00979539|99999|99|99999999||||99999|99|99999999|73000|C5|00979539|003200|2|2030|9999|9|99999|99|99999999|999|99999|99|99999999|999999|9|99999|99|99999999|45060|1|532|99999|99999|9|999|99999|Y|N|86302|U|U|24|||||053|||||129|||||000336|A|13202|99999|99999|28590|00701|1786|0|2030|Block 2030|S||0|0|+43.0508085|-076.1459416|BK||99999
DHCST|NY|100|00|00|000|00|0213323|1000000US360670034001000|360670034001000|1|2|36|01779796|067|H1|00974132|73000|C5|00979539|99999|99|99999999||||99999|99|99999999|73000|C5|00979539|003400|1|1000|9999|9|99999|99|99999999|999|99999|99|99999999|999999|9|99999|99|99999999|45060|1|532|99999|99999|9|999|99999|Y|N|86302|U|U|24|||||053|||||128|||||000399|A|13210|99999|99999|28590|00701|24306|0|1000|Block 1000|S||157|90|+43.0463165|-076.1264045|BK||99999
DHCST|NY|100|00|00|000|00|0213324|1000000US360670034001001|360670034001001|1|2|36|01779796|067|H1|00974132|73000|C5|00979539|99999|99|99999999||||99999|99|99999999|73000|C5|00979539|003400|1|1001|9999|9|99999|99|99999999|999|99999|99|99999999|999999|9|99999|99|99999999|45060|1|532|99999|99999|9|999|99999|Y|N|86302|U|U|24|||||053|||||129|||||000390|A|13210|99999|99999|28590|00701|22174|0|1001|Block 1001|S||124|89|+43.0465854|-076.1290395|BK||99999
DHCST|NY|100|00|00|000|00|0213325|1000000US360670034001002|360670034001002|1|2|36|01779796|067|H1|00974132|73000|C5|00979539|99999|99|99999999||||99999|99|99999999|73000|C5|00979539|003400|1|1002|9999|9|99999|99|99999999|999|99999|99|99999999|999999|9|99999|99|99999999|45060|1|532|99999|99999|9|999|99999|Y|N|86302|U|U|24|||||053|||||129|||||000390|A|13210|99999|99999|28590|00701|20774|0|1002|Block 1002|S||194|126|+43.0460947|-076.1314177|BK||99999
DHCST|NY|100|00|00|000|00|0213326|1000000US360670034001003|360670034001003|1|2|36|01779796|067|H1|00974132|73000|C5|00979539|99999|99|99999999||||99999|99|99999999|73000|C5|00979539|003400|1|1003|9999|9|99999|99|99999999|999|99999|99|99999999|999999|9|99999|99|99999999|45060|1|532|99999|99999|9|999|99999|Y|N|86302|U|U|24|||||053|||||129|||||000390|A|13210|99999|99999|28590|00701|31855|0|1003|Block 1003|S||184|155|+43.0461098|-076.1332267|BK||99999
DHCST|NY|100|00|00|000|00|0213327|1000000US360670034001004|360670034001004|1|2|36|01779796|067|H1|00974132|73000|C5|00979539|99999|99|99999999||||99999|99|99999999|73000|C5|00979539|003400|1|1004|9999|9|99999|99|99999999|999|99999|99|99999999|999999|9|99999|99|99999999|45060|1|532|99999|99999|9|999|99999|Y|N|86302|U|U|24|||||053|||||129|||||000377|A|13210|99999|99999|28590|00701|30512|0|1004|Block 1004|S||133|57|+43.0461078|-076.1354496|BK||99999
DHCST|NY|100|00|00|000|00|0213328|1000000US360670034001005|360670034001005|1|2|36|01779796|067|H1|00974132|73000|C5|00979539|99999|99|99999999||||99999|99|99999999|73000|C5|00979539|003400|1|1005|9999|9|99999|99|99999999|999|99999|99|99999999|999999|9|99999|99|99999999|45060|1|532|99999|99999|9|999|99999|Y|N|86302|U|U|24|||||053|||||129|||||000377|A|13210|99999|99999|28590|00701|16698|0|1005|Block 1005|S||27|3|+43.0461417|-076.1371670|BK||99999
DHCST|NY|100|00|00|000|00|0213329|1000000US360670034001006|360670034001006|1|2|36|01779796|067|H1|00974132|73000|C5|00979539|99999|99|99999999||||99999|99|99999999|73000|C5|00979539|003400|1|1006|9999|9|99999|99|99999999|999|99999|99|99999999|999999|9|99999|99|99999999|45060|1|532|99999|99999|9|999|99999|Y|N|86302|U|U|24|||||053|||||129|||||000390|A|13210|99999|99999|28590|00701|14714|0|1006|Block 1006|S||113|55|+43.0457926|-076.1298721|BK||99999
DHCST|NY|100|00|00|000|00|0213330|1000000US360670034001007|360670034001007|1|2|36|01779796|067|H1|00974132|73000|C5|00979539|99999|99|99999999||||99999|99|99999999|73000|C5|00979539|003400|1|1007|9999|9|99999|99|99999999|999|99999|99|99999999|999999|9|99999|99|99999999|45060|1|532|99999|99999|9|999|99999|Y|N|86302|U|U|24|||||053|||||129|||||000390|A|13210|99999|99999|28590|00701|15884|0|1007|Block 1007|S||44|44|+43.0457239|-076.1279327|BK||99999
DHCST|NY|100|00|00|000|00|0213331|1000000US360670034002000|360670034002000|1|2|36|01779796|067|H1|00974132|73000|C5|00979539|99999|99|99999999||||99999|99|99999999|73000|C5|00979539|003400|2|2000|9999|9|99999|99|99999999|999|99999|99|99999999|999999|9|99999|99|99999999|45060|1|532|99999|99999|9|999|99999|Y|N|86302|U|U|24|||||053|||||128|||||000327|A|13210|99999|99999|28590|00701|13858|0|2000|Block 2000|S||0|0|+43.0512803|-076.1291574|BK||99999
DHCST|NY|100|00|00|000|00|0213332|1000000US360670034002001|360670034002001|1|2|36|01779796|067|H1|00974132|73000|C5|00979539|99999|99|99999999||||99999|99|99999999|73000|C5|00979539|003400|2|2001|9999|9|99999|99|99999999|999|99999|99|99999999|999999|9|99999|99|99999999|45060|1|532|99999|99999|9|999|99999|Y|N|86302|U|U|24|||||053|||||128|||||000327|A|13210|99999|99999|28590|00701|15471|0|2001|Block 2001|S||0|0|+43.0512553|-076.1335556|BK||99999
DHCST|NY|100|00|00|000|00|0213333|1000000US360670034002002|360670034002002|1|2|36|01779796|067|H1|00974132|73000|C5|00979539|99999|99|99999999||||99999|99|99999999|73000|C5|00979539|003400|2|2002|9999|9|99999|99|99999999|999|99999|99|99999999|999999|9|99999|99|99999999|45060|1|532|99999|99999|9|999|99999|Y|N|86302|U|U|24|||||053|||||128|||||000327|A|13210|99999|99999|28590|00701|36635|0|2002|Block 2002|S||0|0|+43.0511127|-076.1392417|BK||99999
DHCST|NY|100|00|00|000|00|0213334|1000000US360670034002003|360670034002003|1|2|36|01779796|067|H1|00974132|73000|C5|00979539|99999|99|99999999||||99999|99|99999999|73000|C5|00979539|003400|2|2003|9999|9|99999|99|99999999|999|99999|99|99999999|999999|9|99999|99|99999999|45060|1|532|99999|99999|9|999|99999|Y|N|86302|U|U|24|||||053|||||129|||||000336|A|13210|99999|99999|28590|00701|8934|0|2003|Block 2003|S||0|0|+43.0511121|-076.1429298|BK||99999
DHCST|NY|100|00|00|000|00|0213335|1000000US360670034002004|360670034002004|1|2|36|01779796|067|H1|00974132|73000|C5|00979539|99999|99|99999999||||99999|99|99999999|73000|C5|00979539|003400|2|2004|9999|9|99999|99|99999999|999|99999|99|99999999|999999|9|99999|99|99999999|45060|1|532|99999|99999|9|999|99999|Y|N|86302|U|U|24|||||053|||||129|||||000336|A|13210|99999|99999|28590|00701|3018|0|2004|Block 2004|S||0|0|+43.0510994|-076.1442515|BK||99999
DHCST|NY|100|00|00|000|00|0213336|1000000US360670034002005|360670034002005|1|2|36|01779796|067|H1|00974132|73000|C5|00979539|99999|99|99999999||||99999|99|99999999|73000|C5|00979539|003400|2|2005|9999|9|99999|99|99999999|999|99999|99|99999999|999999|9|99999|99|99999999|45060|1|532|99999|99999|9|999|99999|Y|N|86302|U|U|24|||||053|||||129|||||000336|A|13210|99999|99999|28590|00701|2334|0|2005|Block 2005|S||0|0|+43.0510199|-076.1449354|BK||99999
DHCST|NY|100|00|00|000|00|0213337|1000000US360670034002006|360670034002006|1|2|36|01779796|067|H1|00974132|73000|C5|00979539|99999|99|99999999||||99999|99|99999999|73000|C5|00979539|003400|2|2006|9999|9|99999|99|99999999|999|99999|99|99999999|999999|9|99999|99|99999999|45060|1|532|99999|99999|9|999|99999|Y|N|86302|U|U|24|||||053|||||129|||||000336|A|13210|99999|99999|28590|00701|635|0|2006|Block 2006|S||0|0|+43.0508023|-076.1444886|BK||99999
DHCST|NY|100|00|00|000|00|0213338|1000000US360670034002007|360670034002007|1|2|36|01779796|067|H1|00974132|73000|C5|00979539|99999|99|99999999||||99999|99|99999999|73000|C5|00979539|003400|2|2007|9999|9|99999|99|99999999|999|99999|99|99999999|999999|9|99999|99|99999999|45060|1|532|99999|99999|9|999|99999|Y|N|86302|U|U|24|||||053|||||129|||||000336|A|13210|99999|99999|28590|00701|1542|0|2007|Block 2007|S||0|0|+43.0507881|-076.1431534|BK||99999
DHCST|NY|100|00|00|000|00|0213339|1000000US360670034002008|360670034002008|1|2|36|01779796|067|H1|00974132|73000|C5|00979539|99999|99|99999999||||99999|99|99999999|73000|C5|00979539|003400|2|2008|9999|9|99999|99|99999999|999|99999|99|99999999|999999|9|99999|99|99999999|45060|1|532|99999|99999|9|999|99999|Y|N|86302|U|U|24|||||053|||||128|||||000387|A|13210|99999|99999|28590|00701|1343|0|2008|Block 2008|S||0|0|+43.0507581|-076.1411651|BK||99999
DHCST|NY|100|00|00|000|00|0213340|1000000US360670034002009|360670034002009|1|2|36|01779796|067|H1|00974132|73000|C5|00979539|99999|99|99999999||||99999|99|99999999|73000|C5|00979539|003400|2|2009|9999|9|99999|99|99999999|999|99999|99|99999999|999999|9|99999|99|99999999|45060|1|532|99999|99999|9|999|99999|Y|N|86302|U|U|24|||||053|||||128|||||000387|A|13210|99999|99999|28590|00701|7737|0|2009|Block 2009|S||0|0|+43.0505309|-076.1409935|BK||99999
DHCST|NY|100|00|00|000|00|0213341|1000000US360670034002010|360670034002010|1|2|36|01779796|067|H1|00974132|73000|C5|00979539|99999|99|99999999||||99999|99|99999999|73000|C5|00979539|003400|2|2010|9999|9|99999|99|99999999|999|99999|99|99999999|999999|9|99999|99|99999999|45060|1|532|99999|99999|9|999|99999|Y|N|86302|U|U|24|||||053|||||128|||||000387|A|13210|99999|99999|28590|00701|13415|0|2010|Block 2010|S||0|0|+43.0505178|-076.1381858|BK||99999
DHCST|NY|100|00|00|000|00|0213342|1000000US360670034002011|360670034002011|1|2|36|01779796|067|H1|00974132|73000|C5|00979539|99999|99|99999999||||99999|99|99999999|73000|C5|00979539|003400|2|2011|9999|9|99999|99|99999999|999|99999|99|99999999|999999|9|99999|99|99999999|45060|1|532|99999|99999|9|999|99999|Y|N|86302|U|U|24|||||053|||||128|||||000387|A|13210|99999|99999|28590|00701|8539|0|2011|Block 2011|S||0|0|+43.0504769|-076.1353567|BK||99999
DHCST|NY|100|00|00|000|00|0213343|1000000US360670034002012|360670034002012|1|2|36|01779796|067|H1|00974132|73000|C5|00979539|99999|99|99999999||||99999|99|99999999|73000|C5|00979539|003400|2|2012|9999|9|99999|99|99999999|999|99999|99|99999999|999999|9|99999|99|99999999|45060|1|532|99999|99999|9|999|99999|Y|N|86302|U|U|24|||||053|||||128|||||000327|A|13210|99999|99999|28590|00701|8976|0|2012|Block 2012|S||0|0|+43.0509121|-076.1353446|BK||99999
DHCST|NY|100|00|00|000|00|0213344|1000000US360670034002013|360670034002013|1|2|36|01779796|067|H1|00974132|73000|C5|00979539|99999|99|99999999||||99999|99|99999999|73000|C5|00979539|003400|2|2013|9999|9|99999|99|99999999|999|99999|99|99999999|999999|9|99999|99|99999999|45060|1|532|99999|99999|9|999|99999|Y|N|86302|U|U|24|||||053|||||128|||||000327|A|13210|99999|99999|28590|00701|8766|0|2013|Block 2013|S||0|0|+43.0508743|-076.1331273|BK||99999
DHCST|NY|100|00|00|000|00|0213345|1000000US360670034002014|360670034002014|1|2|36|01779796|067|H1|00974132|73000|C5|00979539|99999|99|99999999||||99999|99|99999999|73000|C5|00979539|003400|2|2014|9999|9|99999|99|99999999|999|99999|99|99999999|999999|9|99999|99|99999999|45060|1|532|99999|99999|9|999|99999|Y|N|86302|U|U|24|||||053|||||128|||||000327|A|13210|99999|99999|28590|00701|5546|0|2014|Block 2014|S||17|3|+43.0508436|-076.1313138|BK||99999
DHCST|NY|100|00|00|000|00|0213346|1000000US360670034002015|360670034002015|1|2|36|01779796|067|H1|00974132|73000|C5|00979539|99999|99|99999999||||99999|99|99999999|73000|C5|00979539|003400|2|2015|9999|9|99999|99|99999999|999|99999|99|99999999|999999|9|99999|99|99999999|45060|1|532|99999|99999|9|999|99999|Y|N|86302|U|U|24|||||053|||||128|||||000327|A|13210|99999|99999|28590|00701|13286|0|2015|Block 2015|S||0|0|+43.0507952|-076.1290180|BK||99999
DHCST|NY|100|00|00|000|00|0213347|1000000US360670034002016|360670034002016|1|2|36|01779796|067|H1|00974132|73000|C5|00979539|99999|99|99999999||||99999|99|99999999|73000|C5|00979539|003400|2|2016|9999|9|99999|99|99999999|999|99999|99|99999999|999999|9|99999|99|99999999|45060|1|532|99999|99999|9|999|99999|Y|N|86302|U|U|24|||||053|||||128|||||000400|A|13210|99999|99999|28590|00701|8566|0|2016|Block 2016|S||0|0|+43.0504130|-076.1308835|BK||99999
DHCST|NY|100|00|00|000|00|0213348|1000000US360670034002017|360670034002017|1|2|36|01779796|067|H1|00974132|73000|C5|00979539|99999|99|99999999||||99999|99|99999999|73000|C5|00979539|003400|2|2017|9999|9|99999|99|99999999|999|99999|99|99999999|999999|9|99999|99|99999999|45060|1|532|99999|99999|9|999|99999|Y|N|86302|U|U|24|||||053|||||128|||||000387|A|13210|99999|99999|28590|00701|8409|0|2017|Block 2017|S||0|0|+43.0504460|-076.1331347|BK||99999
DHCST|NY|100|00|00|000|00|0213349|1000000US360670034002018|360670034002018|1|2|36|01779796|067|H1|00974132|73000|C5|00979539|99999|99|99999999||||99999|99|99999999|73000|C5|00979539|003400|2|2018|9999|9|99999|99|99999999|999|99999|99|99999999|999999|9|99999|99|99999999|45060|1|532|99999|99999|9|999|99999|Y|N|86302|U|U|24|||||053|||||128|||||000387|A|13210|99999|99999|28590|00701|17893|0|2018|Block 2018|S||0|0|+43.0497905|-076.1331485|BK||99999
DHCST|NY|100|00|00|000|00|0213350|1000000US360670034002019|360670034002019|1|2|36|01779796|067|H1|00974132|73000|C5|00979539|99999|99|99999999||||99999|99|99999999|73000|C5|00979539|003400|2|2019|9999|9|99999|99|99999999|999|99999|99|99999999|999999|9|99999|99|99999999|45060|1|532|99999|99999|9|999|99999|Y|N|86302|U|U|24|||||053|||||128|||||000400|A|13210|99999|99999|28590|00701|18525|0|2019|Block 2019|S||0|0|+43.0497614|-076.1308942|BK||99999
DHCST|NY|100|00|00|000|00|0213351|1000000US360670034002020|360670034002020|1|2|36|01779796|067|H1|00974132|73000|C5|00979539|99999|99|99999999||||99999|99|99999999|73000|C5|00979539|003400|2|2020|9999|9|99999|99|99999999|999|99999|99|99999999|999999|9|99999|99|99999999|45060|1|532|99999|99999|9|999|99999|Y|N|86302|U|U|24|||||053|||||128|||||000400|A|13210|99999|99999|28590|00701|34117|0|2020|Block 2020|S||0|0|+43.0492795|-076.1287004|BK||99999
DHCST|NY|100|00|00|000|00|0213352|1000000US360670034002021|360670034002021|1|2|36|01779796|067|H1|00974132|73000|C5|00979539|99999|99|99999999||||99999|99|99999999|73000|C5|00979539|003400|2|2021|9999|9|99999|99|99999999|999|99999|99|99999999|999999|9|99999|99|99999999|45060|1|532|99999|99999|9|999|99999|Y|N|86302|U|U|24|||||053|||||128|||||000400|A|13210|99999|99999|28590|00701|6816|0|2021|Block 2021|S||0|0|+43.0503570|-076.1287564|BK||99999
DHCST|NY|100|00|00|000|00|0213353|1000000US360670034002022|360670034002022|1|2|36|01779796|067|H1|00974132|73000|C5|00979539|99999|99|99999999||||99999|99|99999999|73000|C5|00979539|003400|2|2022|9999|9|99999|99|99999999|999|99999|99|99999999|999999|9|99999|99|99999999|45060|1|532|99999|99999|9|999|99999|Y|N|86302|U|U|24|||||053|||||128|||||000387|A|13210|99999|99999|28590|00701|18072|0|2022|Block 2022|S||30|10|+43.0488931|-076.1331672|BK||99999
DHCST|NY|100|00|00|000|00|0213354|1000000US360670034002023|360670034002023|1|2|36|01779796|067|H1|00974132|73000|C5|00979539|99999|99|99999999||||99999|99|99999999|73000|C5|00979539|003400|2|2023|9999|9|99999|99|99999999|999|99999|99|99999999|999999|9|99999|99|99999999|45060|1|532|99999|99999|9|999|99999|Y|N|86302|U|U|24|||||053|||||128|||||000387|A|13210|99999|99999|28590|00701|36196|0|2023|Block 2023|S||44|29|+43.0493650|-076.1353781|BK||99999
DHCST|NY|100|00|00|000|00|0213355|1000000US360670034002024|360670034002024|1|2|36|01779796|067|H1|00974132|73000|C5|00979539|99999|99|99999999||||99999|99|99999999|73000|C5|00979539|003400|2|2024|9999|9|99999|99|99999999|999|99999|99|99999999|999999|9|99999|99|99999999|45060|1|532|99999|99999|9|999|99999|Y|N|86302|U|U|24|||||053|||||128|||||000387|A|13210|99999|99999|28590|00701|56007|0|2024|Block 2024|S||0|0|+43.0493985|-076.1382019|BK||99999
DHCST|NY|100|00|00|000|00|0213356|1000000US360670034002025|360670034002025|1|2|36|01779796|067|H1|00974132|73000|C5|00979539|99999|99|99999999||||99999|99|99999999|73000|C5|00979539|003400|2|2025|9999|9|99999|99|99999999|999|99999|99|99999999|999999|9|99999|99|99999999|45060|1|532|99999|99999|9|999|99999|Y|N|86302|U|U|24|||||053|||||129|||||000336|A|13210|99999|99999|28590|00701|18028|0|2025|Block 2025|S||0|0|+43.0498908|-076.1410127|BK||99999
DHCST|NY|100|00|00|000|00|0213357|1000000US360670034002026|360670034002026|1|2|36|01779796|067|H1|00974132|73000|C5|00979539|99999|99|99999999||||99999|99|99999999|73000|C5|00979539|003400|2|2026|9999|9|99999|99|99999999|999|99999|99|99999999|999999|9|99999|99|99999999|45060|1|532|99999|99999|9|999|99999|Y|N|86302|U|U|24|||||053|||||129|||||000336|A|13210|99999|99999|28590|00701|7500|0|2026|Block 2026|S||0|0|+43.0499720|-076.1426200|BK||99999
DHCST|NY|100|00|00|000|00|0213358|1000000US360670034002027|360670034002027|1|2|36|01779796|067|H1|00974132|73000|C5|00979539|99999|99|99999999||||99999|99|99999999|73000|C5|00979539|003400|2|2027|9999|9|99999|99|99999999|999|99999|99|99999999|999999|9|99999|99|99999999|45060|1|532|99999|99999|9|999|99999|Y|N|86302|U|U|24|||||053|||||129|||||000336|A|13210|99999|99999|28590|00701|5680|0|2027|Block 2027|S||0|0|+43.0505628|-076.1429494|BK||99999
DHCST|NY|100|00|00|000|00|0213359|1000000US360670034002028|360670034002028|1|2|36|01779796|067|H1|00974132|73000|C5|00979539|99999|99|99999999||||99999|99|99999999|73000|C5|00979539|003400|2|2028|9999|9|99999|99|99999999|999|99999|99|99999999|999999|9|99999|99|99999999|45060|1|532|99999|99999|9|999|99999|Y|N|86302|U|U|24|||||053|||||129|||||000336|A|13210|99999|99999|28590|00701|1964|0|2028|Block 2028|S||0|0|+43.0505885|-076.1441974|BK||99999
DHCST|NY|100|00|00|000|00|0213360|1000000US360670034002029|360670034002029|1|2|36|01779796|067|H1|00974132|73000|C5|00979539|99999|99|99999999||||99999|99|99999999|73000|C5|00979539|003400|2|2029|9999|9|99999|99|99999999|999|99999|99|99999999|999999|9|99999|99|99999999|45060|1|532|99999|99999|9|999|99999|Y|N|86302|U|U|24|||||053|||||129|||||000336|A|13210|99999|99999|28590|00701|5581|0|2029|Block 2029|S||0|0|+43.0499849|-076.1434275|BK||99999
DHCST|NY|100|00|00|000|00|0213361|1000000US360670034002030|360670034002030|1|2|36|01779796|067|H1|00974132|73000|C5|00979539|99999|99|99999999||||99999|99|99999999|73000|C5|00979539|003400|2|2030|9999|9|99999|99|99999999|999|99999|99|99999999|999999|9|99999|99|99999999|45060|1|532|99999|99999|9|999|99999|Y|N|86302|U|U|24|||||053|||||129|||||000336|A|13210|99999|99999|28590|00701|3685|0|2030|Block 2030|S||0|0|+43.0490418|-076.1428019|BK||99999
DHCST|NY|100|00|00|000|00|0213362|1000000US360670034002031|360670034002031|1|2|36|01779796|067|H1|00974132|73000|C5|00979539|99999|99|99999999||||99999|99|99999999|73000|C5|00979539|003400|2|2031|9999|9|99999|99|99999999|999|99999|99|99999999|999999|9|99999|99|99999999|45060|1|532|99999|99999|9|999|99999|Y|N|86302|U|U|24|||||053|||||129|||||000336|A|13210|99999|99999|28590|00701|3480|0|2031|Block 2031|S||0|0|+43.0490659|-076.1423678|BK||99999
DHCST|NY|100|00|00|000|00|0213363|1000000US360670034002032|360670034002032|1|2|36|01779796|067|H1|00974132|73000|C5|00979539|99999|99|99999999||||99999|99|99999999|73000|C5|00979539|003400|2|2032|9999|9|99999|99|99999999|999|99999|99|99999999|999999|9|99999|99|99999999|45060|1|532|99999|99999|9|999|99999|Y|N|86302|U|U|24|||||053|||||129|||||000336|A|13210|99999|99999|28590|00701|18487|0|2032|Block 2032|S||24|3|+43.0489863|-076.1410342|BK||99999
DHCST|NY|100|00|00|000|00|0213364|1000000US360670034002033|360670034002033|1|2|36|01779796|067|H1|00974132|73000|C5|00979539|99999|99|99999999||||99999|99|99999999|73000|C5|00979539|003400|2|2033|9999|9|99999|99|99999999|999|99999|99|99999999|999999|9|99999|99|99999999|45060|1|532|99999|99999|9|999|99999|Y|N|86302|U|U|24|||||053|||||128|||||000387|A|13210|99999|99999|28590|00701|23139|0|2033|Block 2033|S||59|42|+43.0479473|-076.1410523|BK||99999
DHCST|NY|100|00|00|000|00|0213365|1000000US360670034002034|360670034002034|1|2|36|01779796|067|H1|00974132|73000|C5|00979539|99999|99|99999999||||99999|99|99999999|73000|C5|00979539|003400|2|2034|9999|9|99999|99|99999999|999|99999|99|99999999|999999|9|99999|99|99999999|45060|1|532|99999|99999|9|999|99999|Y|N|86302|U|U|24|||||053|||||128|||||000386|A|13210|99999|99999|28590|00701|1941|0|2034|Block 2034|S||0|0|+43.0481266|-076.1423387|BK||99999
DHCST|NY|100|00|00|000|00|0213366|1000000US360670034002035|360670034002035|1|2|36|01779796|067|H1|00974132|73000|C5|00979539|99999|99|99999999||||99999|99|99999999|73000|C5|00979539|003400|2|2035|9999|9|99999|99|99999999|999|99999|99|99999999|999999|9|99999|99|99999999|45060|1|532|99999|99999|9|999|99999|Y|N|86302|U|U|24|||||053|||||128|||||000386|A|13210|99999|99999|28590|00701|2595|0|2035|Block 2035|S||0|0|+43.0480487|-076.1425878|BK||99999
DHCST|NY|100|00|00|000|00|0213367|1000000US360670034002036|360670034002036|1|2|36|01779796|067|H1|00974132|73000|C5|00979539|99999|99|99999999||||99999|99|99999999|73000|C5|00979539|003400|2|2036|9999|9|99999|99|99999999|999|99999|99|99999999|999999|9|99999|99|99999999|45060|1|532|99999|99999|9|999|99999|Y|N|86302|U|U|24|||||053|||||128|||||000387|A|13210|99999|99999|28590|00701|17015|0|2036|Block 2036|S||759|421|+43.0477008|-076.1371271|BK||99999
DHCST|NY|100|00|00|000|00|0213368|1000000US360670034002037|360670034002037|1|2|36|01779796|067|H1|00974132|73000|C5|00979539|99999|99|99999999||||99999|99|99999999|73000|C5|00979539|003400|2|2037|9999|9|99999|99|99999999|999|99999|99|99999999|999999|9|99999|99|99999999|45060|1|532|99999|99999|9|999|99999|Y|N|86302|U|U|24|||||053|||||128|||||000387|A|13210|99999|99999|28590|00701|32296|0|2037|Block 2037|S||205|154|+43.0476670|-076.1354246|BK||99999
DHCST|NY|100|00|00|000|00|0213369|1000000US360670034002038|360670034002038|1|2|36|01779796|067|H1|00974132|73000|C5|00979539|99999|99|99999999||||99999|99|99999999|73000|C5|00979539|003400|2|2038|9999|9|99999|99|99999999|999|99999|99|99999999|999999|9|99999|99|99999999|45060|1|532|99999|99999|9|999|99999|Y|N|86302|U|U|24|||||053|||||128|||||000387|A|13210|99999|99999|28590|00701|14946|0|2038|Block 2038|S||56|15|+43.0480706|-076.1331827|BK||99999
DHCST|NY|100|00|00|000|00|0213370|1000000US360670034002039|360670034002039|1|2|36|01779796|067|H1|00974132|73000|C5|00979539|99999|99|99999999||||99999|99|99999999|73000|C5|00979539|003400|2|2039|9999|9|99999|99|99999999|999|99999|99|99999999|999999|9|99999|99|99999999|45060|1|532|99999|99999|9|999|99999|Y|N|86302|U|U|24|||||053|||||128|||||000387|A|13210|99999|99999|28590|00701|15235|0|2039|Block 2039|S||88|34|+43.0480467|-076.1309262|BK||99999
DHCST|NY|100|00|00|000|00|0213371|1000000US360670034002040|360670034002040|1|2|36|01779796|067|H1|00974132|73000|C5|00979539|99999|99|99999999||||99999|99|99999999|73000|C5|00979539|003400|2|2040|9999|9|99999|99|99999999|999|99999|99|99999999|999999|9|99999|99|99999999|45060|1|532|99999|99999|9|999|99999|Y|N|86302|U|U|24|||||053|||||128|||||000400|A|13210|99999|99999|28590|00701|18791|0|2040|Block 2040|S||0|0|+43.0488651|-076.1309090|BK||99999
DHCST|NY|100|00|00|000|00|0213372|1000000US360670034002041|360670034002041|1|2|36|01779796|067|H1|00974132|73000|C5|00979539|99999|99|99999999||||99999|99|99999999|73000|C5|00979539|003400|2|2041|9999|9|99999|99|99999999|999|99999|99|99999999|999999|9|99999|99|99999999|45060|1|532|99999|99999|9|999|99999|Y|N|86302|U|U|24|||||053|||||128|||||000386|A|13210|99999|99999|28590|00701|1183|0|2041|Block 2041|S||0|0|+43.0477693|-076.1422518|BK||99999
DHCST|NY|100|00|00|000|00|0213373|1000000US360670034002042|360670034002042|1|2|36|01779796|067|H1|00974132|73000|C5|00979539|99999|99|99999999||||99999|99|99999999|73000|C5|00979539|003400|2|2042|9999|9|99999|99|99999999|999|99999|99|99999999|999999|9|99999|99|99999999|45060|1|532|99999|99999|9|999|99999|Y|N|86302|U|U|24|||||053|||||128|||||000387|A|13210|99999|99999|28590|00701|10651|0|2042|Block 2042|S||31|9|+43.0473428|-076.1387701|BK||99999
DHCST|NY|100|00|00|000|00|0213374|1000000US360670034002043|360670034002043|1|2|36|01779796|067|H1|00974132|73000|C5|00979539|99999|99|99999999||||99999|99|99999999|73000|C5|00979539|003400|2|2043|9999|9|99999|99|99999999|999|99999|99|99999999|999999|9|99999|99|99999999|45060|1|532|99999|99999|9|999|99999|Y|N|86302|U|U|24|||||053|||||128|||||000387|A|13210|99999|99999|28590|00701|17834|0|2043|Block 2043|S||0|0|+43.0480557|-076.1388335|BK||99999
DHCST|NY|100|00|00|000|00|0213375|1000000US360670034002044|360670034002044|1|2|36|01779796|067|H1|00974132|73000|C5|00979539|99999|99|99999999||||99999|99|99999999|73000|C5|00979539|003400|2|2044|9999|9|99999|99|99999999|999|99999|99|99999999|999999|9|99999|99|99999999|45060|1|532|99999|99999|9|999|99999|Y|N|86302|U|U|24|||||053|||||128|||||000400|A|13210|99999|99999|28590|00701|16211|0|2044|Block 2044|S||75|33|+43.0487851|-076.1266027|BK||99999
DHCST|NY|100|00|00|000|00|0213376|1000000US360670034002045|360670034002045|1|2|36|01779796|067|H1|00974132|73000|C5|00979539|99999|99|99999999||||99999|99|99999999|73000|C5|00979539|003400|2|2045|9999|9|99999|99|99999999|999|99999|99|99999999|999999|9|99999|99|99999999|45060|1|532|99999|99999|9|999|99999|Y|N|86302|U|U|24|||||053|||||128|||||000400|A|13210|99999|99999|28590|00701|25559|0|2045|Block 2045|S||114|109|+43.0476835|-076.1266461|BK||99999
DHCST|NY|100|00|00|000|00|0213377|1000000US360670034002046|360670034002046|1|2|36|01779796|067|H1|00974132|73000|C5|00979539|99999|99|99999999||||99999|99|99999999|73000|C5|00979539|003400|2|2046|9999|9|99999|99|99999999|999|99999|99|99999999|999999|9|99999|99|99999999|45060|1|532|99999|99999|9|999|99999|Y|N|86302|U|U|24|||||053|||||128|||||000400|A|13210|99999|99999|28590|00701|26672|0|2046|Block 2046|S||74|35|+43.0476815|-076.1287474|BK||99999
DHCST|NY|100|00|00|000|00|0213378|1000000US360670034002047|360670034002047|1|2|36|01779796|067|H1|00974132|73000|C5|00979539|99999|99|99999999||||99999|99|99999999|73000|C5|00979539|003400|2|2047|9999|9|99999|99|99999999|999|99999|99|99999999|999999|9|99999|99|99999999|45060|1|532|99999|99999|9|999|99999|Y|N|86302|U|U|24|||||053|||||129|||||000390|A|13210|99999|99999|28590|00701|15364|0|2047|Block 2047|S||67|58|+43.0473092|-076.1309612|BK||99999
DHCST|NY|100|00|00|000|00|0213379|1000000US360670034002048|360670034002048|1|2|36|01779796|067|H1|00974132|73000|C5|00979539|99999|99|99999999||||99999|99|99999999|73000|C5|00979539|003400|2|2048|9999|9|99999|99|99999999|999|99999|99|99999999|999999|9|99999|99|99999999|45060|1|532|99999|99999|9|999|99999|Y|N|86302|U|U|24|||||053|||||129|||||000390|A|13210|99999|99999|28590|00701|16080|0|2048|Block 2048|S||54|31|+43.0473000|-076.1332188|BK||99999
DHCST|NY|100|00|00|000|00|0213380|1000000US360670035001000|360670035001000|1|2|36|01779796|067|H1|00974132|73000|C5|00979539|99999|99|99999999||||99999|99|99999999|73000|C5|00979539|003500|1|1000|9999|9|99999|99|99999999|999|99999|99|99999999|999999|9|99999|99|99999999|45060|1|532|99999|99999|9|999|99999|Y|N|86302|U|U|24|||||053|||||128|||||000398|A|13210|99999|99999|28590|00701|38764|0|1000|Block 1000|S||145|94|+43.0462937|-076.1157304|BK||99999
DHCST|NY|100|00|00|000|00|0213381|1000000US360670035001001|360670035001001|1|2|36|01779796|067|H1|00974132|73000|C5|00979539|99999|99|99999999||||99999|99|99999999|73000|C5|00979539|003500|1|1001|9999|9|99999|99|99999999|999|99999|99|99999999|999999|9|99999|99|99999999|45060|1|532|99999|99999|9|999|99999|Y|N|86302|U|U|24|||||053|||||128|||||000398|A|13210|99999|99999|28590|00701|40908|0|1001|Block 1001|S||233|127|+43.0463445|-076.1183518|BK||99999
DHCST|NY|100|00|00|000|00|0213382|1000000US360670035001002|360670035001002|1|2|36|01779796|067|H1|00974132|73000|C5|00979539|99999|99|99999999||||99999|99|99999999|73000|C5|00979539|003500|1|1002|9999|9|99999|99|99999999|999|99999|99|99999999|999999|9|99999|99|99999999|45060|1|532|99999|99999|9|999|99999|Y|N|86302|U|U|24|||||053|||||128|||||000400|A|13210|99999|99999|28590|00701|20830|0|1002|Block 1002|S||125|76|+43.0463985|-076.1205325|BK||99999
DHCST|NY|100|00|00|000|00|0213383|1000000US360670035001003|360670035001003|1|2|36|01779796|067|H1|00974132|73000|C5|00979539|99999|99|99999999||||99999|99|99999999|73000|C5|00979539|003500|1|1003|9999|9|99999|99|99999999|999|99999|99|99999999|999999|9|99999|99|99999999|45060|1|532|99999|99999|9|999|99999|Y|N|86302|U|U|24|||||053|||||128|||||000400|A|13210|99999|99999|28590|00701|12331|0|1003|Block 1003|S||0|0|+43.0467686|-076.1223335|BK||99999
DHCST|NY|100|00|00|000|00|0213384|1000000US360670035001004|360670035001004|1|2|36|01779796|067|H1|00974132|73000|C5|00979539|99999|99|99999999||||99999|99|99999999|73000|C5|00979539|003500|1|1004|9999|9|99999|99|99999999|999|99999|99|99999999|999999|9|99999|99|99999999|45060|1|532|99999|99999|9|999|99999|Y|N|86302|U|U|24|||||053|||||128|||||000398|A|13210|99999|99999|28590|00701|38266|0|1004|Block 1004|S||123|41|+43.0435330|-076.1150166|BK||99999
DHCST|NY|100|00|00|000|00|0213385|1000000US360670035001005|360670035001005|1|2|36|01779796|067|H1|00974132|73000|C5|00979539|99999|99|99999999||||99999|99|99999999|73000|C5|00979539|003500|1|1005|9999|9|99999|99|99999999|999|99999|99|99999999|999999|9|99999|99|99999999|45060|1|532|99999|99999|9|999|99999|Y|N|86302|U|U|24|||||053|||||128|||||000398|A|13210|99999|99999|28590|00701|39546|0|1005|Block 1005|S||142|58|+43.0435592|-076.1161743|BK||99999
DHCST|NY|100|00|00|000|00|0213386|1000000US360670035001006|360670035001006|1|2|36|01779796|067|H1|00974132|73000|C5|00979539|99999|99|99999999||||99999|99|99999999|73000|C5|00979539|003500|1|1006|9999|9|99999|99|99999999|999|99999|99|99999999|999999|9|99999|99|99999999|45060|1|532|99999|99999|9|999|99999|Y|N|86302|U|U|24|||||053|||||128|||||000398|A|13210|99999|99999|28590|00701|43235|0|1006|Block 1006|S||117|56|+43.0435814|-076.1173548|BK||99999
DHCST|NY|100|00|00|000|00|0213387|1000000US360670035001007|360670035001007|1|2|36|01779796|067|H1|00974132|73000|C5|00979539|99999|99|99999999||||99999|99|99999999|73000|C5|00979539|003500|1|1007|9999|9|99999|99|99999999|999|99999|99|99999999|999999|9|99999|99|99999999|45060|1|532|99999|99999|9|999|99999|Y|N|86302|U|U|24|||||053|||||128|||||000398|A|13210|99999|99999|28590|00701|56385|0|1007|Block 1007|S||161|83|+43.0435392|-076.1187387|BK||99999
DHCST|NY|100|00|00|000|00|0213388|1000000US360670035001008|360670035001008|1|2|36|01779796|067|H1|00974132|73000|C5|00979539|99999|99|99999999||||99999|99|99999999|73000|C5|00979539|003500|1|1008|9999|9|99999|99|99999999|999|99999|99|99999999|999999|9|99999|99|99999999|45060|1|532|99999|99999|9|999|99999|Y|N|86302|U|U|24|||||053|||||128|||||000399|A|13210|99999|99999|28590|00701|22141|0|1008|Block 1008|S||126|61|+43.0448678|-076.1203870|BK||99999
DHCST|NY|100|00|00|000|00|0213389|1000000US360670035001009|360670035001009|1|2|36|01779796|067|H1|00974132|73000|C5|00979539|99999|99|99999999||||99999|99|99999999|73000|C5|00979539|003500|1|1009|9999|9|99999|99|99999999|999|99999|99|99999999|999999|9|99999|99|99999999|45060|1|532|99999|99999|9|999|99999|Y|N|86302|U|U|24|||||053|||||128|||||000399|A|13210|99999|99999|28590|00701|26740|0|1009|Block 1009|S||67|39|+43.0450931|-076.1217557|BK||99999
DHCST|NY|100|00|00|000|00|0213390|1000000US360670035001010|360670035001010|1|2|36|01779796|067|H1|00974132|73000|C5|00979539|99999|99|99999999||||99999|99|99999999|73000|C5|00979539|003500|1|1010|9999|9|99999|99|99999999|999|99999|99|99999999|999999|9|99999|99|99999999|45060|1|532|99999|99999|9|999|99999|Y|N|86302|U|U|24|||||053|||||128|||||000399|A|13210|99999|99999|28590|00701|22560|0|1010|Block 1010|S||109|28|+43.0465087|-076.1240917|BK||99999
DHCST|NY|100|00|00|000|00|0213391|1000000US360670035001011|360670035001011|1|2|36|01779796|067|H1|00974132|73000|C5|00979539|99999|99|99999999||||99999|99|99999999|73000|C5|00979539|003500|1|1011|9999|9|99999|99|99999999|999|99999|99|99999999|999999|9|99999|99|99999999|45060|1|532|99999|99999|9|999|99999|Y|N|86302|U|U|24|||||053|||||128|||||000399|A|13210|99999|99999|28590|00701|18446|0|1011|Block 1011|S||107|37|+43.0457531|-076.1241240|BK||99999
DHCST|NY|100|00|00|000|00|0213392|1000000US360670035002000|360670035002000|1|2|36|01779796|067|H1|00974132|73000|C5|00979539|99999|99|99999999||||99999|99|99999999|73000|C5|00979539|003500|2|2000|9999|9|99999|99|99999999|999|99999|99|99999999|999999|9|99999|99|99999999|45060|1|532|99999|99999|9|999|99999|Y|N|86302|U|U|24|||||053|||||129|||||000310|A|13210|99999|99999|28590|00701|168480|0|2000|Block 2000|S||0|0|+43.0525780|-076.1185628|BK||99999
DHCST|NY|100|00|00|000|00|0213393|1000000US360670035002001|360670035002001|1|2|36|01779796|067|H1|00974132|73000|C5|00979539|99999|99|99999999||||99999|99|99999999|73000|C5|00979539|003500|2|2001|9999|9|99999|99|99999999|999|99999|99|99999999|999999|9|99999|99|99999999|45060|1|532|99999|99999|9|999|99999|Y|N|86302|U|U|24|||||053|||||128|||||000327|A|13210|99999|99999|28590|00701|102922|0|2001|Block 2001|S||0|0|+43.0507324|-076.1239832|BK||99999
DHCST|NY|100|00|00|000|00|0213394|1000000US360670035002002|360670035002002|1|2|36|01779796|067|H1|00974132|73000|C5|00979539|99999|99|99999999||||99999|99|99999999|73000|C5|00979539|003500|2|2002|9999|9|99999|99|99999999|999|99999|99|99999999|999999|9|99999|99|99999999|45060|1|532|99999|99999|9|999|99999|Y|N|86302|U|U|24|||||053|||||128|||||000327|A|13210|99999|99999|28590|00701|41103|0|2002|Block 2002|S||0|0|+43.0520986|-076.1245944|BK||99999
DHCST|NY|100|00|00|000|00|0213395|1000000US360670035002003|360670035002003|1|2|36|01779796|067|H1|00974132|73000|C5|00979539|99999|99|99999999||||99999|99|99999999|73000|C5|00979539|003500|2|2003|9999|9|99999|99|99999999|999|99999|99|99999999|999999|9|99999|99|99999999|45060|1|532|99999|99999|9|999|99999|Y|N|86302|U|U|24|||||053|||||129|||||000310|A|13210|99999|99999|28590|00701|25684|0|2003|Block 2003|S||9|1|+43.0504113|-076.1205090|BK||99999
DHCST|NY|100|00|00|000|00|0213396|1000000US360670035002004|360670035002004|1|2|36|01779796|067|H1|00974132|73000|C5|00979539|99999|99|99999999||||99999|99|99999999|73000|C5|00979539|003500|2|2004|9999|9|99999|99|99999999|999|99999|99|99999999|999999|9|99999|99|99999999|45060|1|532|99999|99999|9|999|99999|Y|N|86302|U|U|24|||||053|||||128|||||000400|A|13210|99999|99999|28590|00701|8097|0|2004|Block 2004|S||0|0|+43.0497138|-076.1202172|BK||99999
DHCST|NY|100|00|00|000|00|0213397|1000000US360670035002005|360670035002005|1|2|36|01779796|067|H1|00974132|73000|C5|00979539|99999|99|99999999||||99999|99|99999999|73000|C5|00979539|003500|2|2005|9999|9|99999|99|99999999|999|99999|99|99999999|999999|9|99999|99|99999999|45060|1|532|99999|99999|9|999|99999|Y|N|86302|U|U|24|||||053|||||128|||||000316|A|13210|99999|99999|28590|00701|9478|0|2005|Block 2005|S||0|0|+43.0504606|-076.1176043|BK||99999
DHCST|NY|100|00|00|000|00|0213398|1000000US360670035002006|360670035002006|1|2|36|01779796|067|H1|00974132|73000|C5|00979539|99999|99|99999999||||99999|99|99999999|73000|C5|00979539|003500|2|2006|9999|9|99999|99|99999999|999|99999|99|99999999|999999|9|99999|99|99999999|45060|1|532|99999|99999|9|999|99999|Y|N|86302|U|U|24|||||053|||||128|||||000400|A|13210|99999|99999|28590|00701|92679|0|2006|Block 2006|S||390|200|+43.0493047|-076.1170346|BK||99999
DHCST|NY|100|00|00|000|00|0213399|1000000US360670035002007|360670035002007|1|2|36|01779796|067|H1|00974132|73000|C5|00979539|99999|99|99999999||||99999|99|99999999|73000|C5|00979539|003500|2|2007|9999|9|99999|99|99999999|999|99999|99|99999999|999999|9|99999|99|99999999|45060|1|532|99999|99999|9|999|99999|Y|N|86302|U|U|24|||||053|||||128|||||000316|A|13210|99999|99999|28590|00701|3301|0|2007|Block 2007|S||0|0|+43.0510315|-076.1156064|BK||99999
DHCST|NY|100|00|00|000|00|0213400|1000000US360670035002008|360670035002008|1|2|36|01779796|067|H1|00974132|73000|C5|00979539|99999|99|99999999||||99999|99|99999999|73000|C5|00979539|003500|2|2008|9999|9|99999|99|99999999|999|99999|99|99999999|999999|9|99999|99|99999999|45060|1|532|99999|99999|9|999|99999|Y|N|86302|U|U|24|||||053|||||128|||||000316|A|13210|99999|99999|28590|00701|19211|0|2008|Block 2008|S||32|5|+43.0513195|-076.1165196|BK||99999
DHCST|NY|100|00|00|000|00|0213401|1000000US360670035002009|360670035002009|1|2|36|01779796|067|H1|00974132|73000|C5|00979539|99999|99|99999999||||99999|99|99999999|73000|C5|00979539|003500|2|2009|9999|9|99999|99|99999999|999|99999|99|99999999|999999|9|99999|99|99999999|45060|1|532|99999|99999|9|999|99999|Y|N|86302|U|U|24|||||053|||||128|||||000400|A|13210|99999|99999|28590|00701|13167|0|2009|Block 2009|S||0|0|+43.0491578|-076.1204099|BK||99999
DHCST|NY|100|00|00|000|00|0213402|1000000US360670035002010|360670035002010|1|2|36|01779796|067|H1|00974132|73000|C5|00979539|99999|99|99999999||||99999|99|99999999|73000|C5|00979539|003500|2|2010|9999|9|99999|99|99999999|999|99999|99|99999999|999999|9|99999|99|99999999|45060|1|532|99999|99999|9|999|99999|Y|N|86302|U|U|24|||||053|||||128|||||000400|A|13210|99999|99999|28590|00701|11338|0|2010|Block 2010|S||0|0|+43.0489455|-076.1223537|BK||99999
DHCST|NY|100|00|00|000|00|0213403|1000000US360670035002011|360670035002011|1|2|36|01779796|067|H1|00974132|73000|C5|00979539|99999|99|99999999||||99999|99|99999999|73000|C5|00979539|003500|2|2011|9999|9|99999|99|99999999|999|99999|99|99999999|999999|9|99999|99|99999999|45060|1|532|99999|99999|9|999|99999|Y|N|86302|U|U|24|||||053|||||128|||||000400|A|13210|99999|99999|28590|00701|27745|0|2011|Block 2011|S||12|3|+43.0494958|-076.1258082|BK||99999
DHCST|NY|100|00|00|000|00|0213404|1000000US360670035002012|360670035002012|1|2|36|01779796|067|H1|00974132|73000|C5|00979539|99999|99|99999999||||99999|99|99999999|73000|C5|00979539|003500|2|2012|9999|9|99999|99|99999999|999|99999|99|99999999|999999|9|99999|99|99999999|45060|1|532|99999|99999|9|999|99999|Y|N|86302|U|U|24|||||053|||||128|||||000400|A|13210|99999|99999|28590|00701|1434|0|2012|Block 2012|S||0|0|+43.0502452|-076.1272198|BK||99999
DHCST|NY|100|00|00|000|00|0213405|1000000US360670035002013|360670035002013|1|2|36|01779796|067|H1|00974132|73000|C5|00979539|99999|99|99999999||||99999|99|99999999|73000|C5|00979539|003500|2|2013|9999|9|99999|99|99999999|999|99999|99|99999999|999999|9|99999|99|99999999|45060|1|532|99999|99999|9|999|99999|Y|N|86302|U|U|24|||||053|||||128|||||000400|A|13210|99999|99999|28590|00701|6626|0|2013|Block 2013|S||28|11|+43.0484868|-076.1225418|BK||99999
DHCST|NY|100|00|00|000|00|0213406|1000000US360670035002014|360670035002014|1|2|36|01779796|067|H1|00974132|73000|C5|00979539|99999|99|99999999||||99999|99|99999999|73000|C5|00979539|003500|2|2014|9999|9|99999|99|99999999|999|99999|99|99999999|999999|9|99999|99|99999999|45060|1|532|99999|99999|9|999|99999|Y|N|86302|U|U|24|||||053|||||128|||||000400|A|13210|99999|99999|28590|00701|11939|0|2014|Block 2014|S||45|14|+43.0486541|-076.1246302|BK||99999
DHCST|NY|100|00|00|000|00|0213407|1000000US360670035002015|360670035002015|1|2|36|01779796|067|H1|00974132|73000|C5|00979539|99999|99|99999999||||99999|99|99999999|73000|C5|00979539|003500|2|2015|9999|9|99999|99|99999999|999|99999|99|99999999|999999|9|99999|99|99999999|45060|1|532|99999|99999|9|999|99999|Y|N|86302|U|U|24|||||053|||||128|||||000400|A|13210|99999|99999|28590|00701|24270|0|2015|Block 2015|S||163|44|+43.0476936|-076.1245468|BK||99999
DHCST|NY|100|00|00|000|00|0213408|1000000US360670035002016|360670035002016|1|2|36|01779796|067|H1|00974132|73000|C5|00979539|99999|99|99999999||||99999|99|99999999|73000|C5|00979539|003500|2|2016|9999|9|99999|99|99999999|999|99999|99|99999999|999999|9|99999|99|99999999|45060|1|532|99999|99999|9|999|99999|Y|N|86302|U|U|24|||||053|||||128|||||000400|A|13210|99999|99999|28590|00701|22977|0|2016|Block 2016|S||98|51|+43.0477010|-076.1224356|BK||99999
DHCST|NY|100|00|00|000|00|0213409|1000000US360670035002017|360670035002017|1|2|36|01779796|067|H1|00974132|73000|C5|00979539|99999|99|99999999||||99999|99|99999999|73000|C5|00979539|003500|2|2017|9999|9|99999|99|99999999|999|99999|99|99999999|999999|9|99999|99|99999999|45060|1|532|99999|99999|9|999|99999|Y|N|86302|U|U|24|||||053|||||128|||||000400|A|13210|99999|99999|28590|00701|15799|0|2017|Block 2017|S||85|35|+43.0476894|-076.1206332|BK||99999
DHCST|NY|100|00|00|000|00|0213410|1000000US360670035002018|360670035002018|1|2|36|01779796|067|H1|00974132|73000|C5|00979539|99999|99|99999999||||99999|99|99999999|73000|C5|00979539|003500|2|2018|9999|9|99999|99|99999999|999|99999|99|99999999|999999|9|99999|99|99999999|45060|1|532|99999|99999|9|999|99999|Y|N|86302|U|U|24|||||053|||||128|||||000400|A|13210|99999|99999|28590|00701|4511|0|2018|Block 2018|S||12|5|+43.0484771|-076.1205430|BK||99999
DHCST|NY|100|00|00|000|00|0213411|1000000US360670035002019|360670035002019|1|2|36|01779796|067|H1|00974132|73000|C5|00979539|99999|99|99999999||||99999|99|99999999|73000|C5|00979539|003500|2|2019|9999|9|99999|99|99999999|999|99999|99|99999999|999999|9|99999|99|99999999|45060|1|532|99999|99999|9|999|99999|Y|N|86302|U|U|24|||||053|||||128|||||000327|A|13210|99999|99999|28590|00701|4804|0|2019|Block 2019|S||0|0|+43.0493309|-076.1220224|BK||99999
DHCST|NY|100|00|00|000|00|0213412|1000000US360670035002020|360670035002020|1|2|36|01779796|067|H1|00974132|73000|C5|00979539|99999|99|99999999||||99999|99|99999999|73000|C5|00979539|003500|2|2020|9999|9|99999|99|99999999|999|99999|99|99999999|999999|9|99999|99|99999999|45060|1|532|99999|99999|9|999|99999|Y|N|86302|U|U|24|||||053|||||128|||||000400|A|13210|99999|99999|28590|00701|21999|0|2020|Block 2020|S||54|19|+43.0477102|-076.1159029|BK||99999
DHCST|NY|100|00|00|000|00|0213413|1000000US360670035002021|360670035002021|1|2|36|01779796|067|H1|00974132|73000|C5|00979539|99999|99|99999999||||99999|99|99999999|73000|C5|00979539|003500|2|2021|9999|9|99999|99|99999999|999|99999|99|99999999|999999|9|99999|99|99999999|45060|1|532|99999|99999|9|999|99999|Y|N|86302|U|U|24|||||053|||||128|||||000400|A|13210|99999|99999|28590|00701|28186|0|2021|Block 2021|S||69|29|+43.0477045|-076.1184923|BK||99999
DHCST|NY|100|00|00|000|00|0213414|1000000US360670036011000|360670036011000|1|2|36|01779796|067|H1|00974132|73000|C5|00979539|99999|99|99999999||||99999|99|99999999|73000|C5|00979539|003601|1|1000|9999|9|99999|99|99999999|999|99999|99|99999999|999999|9|99999|99|99999999|45060|1|532|99999|99999|9|999|99999|Y|N|86302|U|U|24|||||053|||||129|||||000310|A|13224|99999|99999|28590|00701|161262|0|1000|Block 1000|S||0|0|+43.0557289|-076.1086388|BK||99999
DHCST|NY|100|00|00|000|00|0213415|1000000US360670036011001|360670036011001|1|2|36|01779796|067|H1|00974132|73000|C5|00979539|99999|99|99999999||||99999|99|99999999|73000|C5|00979539|003601|1|1001|9999|9|99999|99|99999999|999|99999|99|99999999|999999|9|99999|99|99999999|45060|1|532|99999|99999|9|999|99999|Y|N|86302|U|U|24|||||053|||||128|||||000316|A|13224|99999|99999|28590|00701|201496|0|1001|Block 1001|S||19|0|+43.0537008|-076.1103190|BK||99999
DHCST|NY|100|00|00|000|00|0213416|1000000US360670036011002|360670036011002|1|2|36|01779796|067|H1|00974132|73000|C5|00979539|99999|99|99999999||||99999|99|99999999|73000|C5|00979539|003601|1|1002|9999|9|99999|99|99999999|999|99999|99|99999999|999999|9|99999|99|99999999|45060|1|532|99999|99999|9|999|99999|Y|N|86302|U|U|24|||||053|||||128|||||000316|A|13224|99999|99999|28590|00701|11697|0|1002|Block 1002|S||0|0|+43.0533971|-076.1063174|BK||99999
DHCST|NY|100|00|00|000|00|0213417|1000000US360670036011003|360670036011003|1|2|36|01779796|067|H1|00974132|73000|C5|00979539|99999|99|99999999||||99999|99|99999999|73000|C5|00979539|003601|1|1003|9999|9|99999|99|99999999|999|99999|99|99999999|999999|9|99999|99|99999999|45060|1|532|99999|99999|9|999|99999|Y|N|86302|U|U|24|||||053|||||128|||||000316|A|13224|99999|99999|28590|00701|9080|0|1003|Block 1003|S||0|0|+43.0526143|-076.1107311|BK||99999
DHCST|NY|100|00|00|000|00|0213418|1000000US360670036011004|360670036011004|1|2|36|01779796|067|H1|00974132|73000|C5|00979539|99999|99|99999999||||99999|99|99999999|73000|C5|00979539|003601|1|1004|9999|9|99999|99|99999999|999|99999|99|99999999|999999|9|99999|99|99999999|45060|1|532|99999|99999|9|999|99999|Y|N|86302|U|U|24|||||053|||||128|||||000316|A|13224|99999|99999|28590|00701|6922|0|1004|Block 1004|S||0|0|+43.0515379|-076.1138589|BK||99999
DHCST|NY|100|00|00|000|00|0213419|1000000US360670036011005|360670036011005|1|2|36|01779796|067|H1|00974132|73000|C5|00979539|99999|99|99999999||||99999|99|99999999|73000|C5|00979539|003601|1|1005|9999|9|99999|99|99999999|999|99999|99|99999999|999999|9|99999|99|99999999|45060|1|532|99999|99999|9|999|99999|Y|N|86302|U|U|24|||||053|||||128|||||000405|A|13224|99999|99999|28590|00701|25128|0|1005|Block 1005|S||0|0|+43.0509693|-076.1134082|BK||99999
DHCST|NY|100|00|00|000|00|0213420|1000000US360670036011006|360670036011006|1|2|36|01779796|067|H1|00974132|73000|C5|00979539|99999|99|99999999||||99999|99|99999999|73000|C5|00979539|003601|1|1006|9999|9|99999|99|99999999|999|99999|99|99999999|999999|9|99999|99|99999999|45060|1|532|99999|99999|9|999|99999|Y|N|86302|U|U|24|||||053|||||128|||||000405|A|13224|99999|99999|28590|00701|65280|0|1006|Block 1006|S||49|23|+43.0516477|-076.1102367|BK||99999
DHCST|NY|100|00|00|000|00|0213421|1000000US360670036011007|360670036011007|1|2|36|01779796|067|H1|00974132|73000|C5|00979539|99999|99|99999999||||99999|99|99999999|73000|C5|00979539|003601|1|1007|9999|9|99999|99|99999999|999|99999|99|99999999|999999|9|99999|99|99999999|45060|1|532|99999|99999|9|999|99999|Y|N|86302|U|U|24|||||053|||||128|||||000402|A|13224|99999|99999|28590|00701|160879|0|1007|Block 1007|S||186|112|+43.0513125|-076.1061588|BK||99999
DHCST|NY|100|00|00|000|00|0213422|1000000US360670036011008|360670036011008|1|2|36|01779796|067|H1|00974132|73000|C5|00979539|99999|99|99999999||||99999|99|99999999|73000|C5|00979539|003601|1|1008|9999|9|99999|99|99999999|999|99999|99|99999999|999999|9|99999|99|99999999|45060|1|532|99999|99999|9|999|99999|Y|N|86302|U|U|24|||||053|||||128|||||000405|A|13224|99999|99999|28590|00701|24910|0|1008|Block 1008|S||68|29|+43.0494805|-076.1100798|BK||99999
DHCST|NY|100|00|00|000|00|0213423|1000000US360670036011009|360670036011009|1|2|36|01779796|067|H1|00974132|73000|C5|00979539|99999|99|99999999||||99999|99|99999999|73000|C5|00979539|003601|1|1009|9999|9|99999|99|99999999|999|99999|99|99999999|999999|9|99999|99|99999999|45060|1|532|99999|99999|9|999|99999|Y|N|86302|U|U|24|||||053|||||128|||||000405|A|13224|99999|99999|28590|00701|22124|0|1009|Block 1009|S||114|34|+43.0494378|-076.1111939|BK||99999
DHCST|NY|100|00|00|000|00|0213424|1000000US360670036011010|360670036011010|1|2|36|01779796|067|H1|00974132|73000|C5|00979539|99999|99|99999999||||99999|99|99999999|73000|C5|00979539|003601|1|1010|9999|9|99999|99|99999999|999|99999|99|99999999|999999|9|99999|99|99999999|45060|1|532|99999|99999|9|999|99999|Y|N|86302|U|U|24|||||053|||||128|||||000405|A|13224|99999|99999|28590|00701|22126|0|1010|Block 1010|S||80|52|+43.0493760|-076.1122382|BK||99999
DHCST|NY|100|00|00|000|00|0213425|1000000US360670036011011|360670036011011|1|2|36|01779796|067|H1|00974132|73000|C5|00979539|99999|99|99999999||||99999|99|99999999|73000|C5|00979539|003601|1|1011|9999|9|99999|99|99999999|999|99999|99|99999999|999999|9|99999|99|99999999|45060|1|532|99999|99999|9|999|99999|Y|N|86302|U|U|24|||||053|||||128|||||000405|A|13224|99999|99999|28590|00701|43066|0|1011|Block 1011|S||375|195|+43.0493268|-076.1138009|BK||99999
DHCST|NY|100|00|00|000|00|0213426|1000000US360670036011012|360670036011012|1|2|36|01779796|067|H1|00974132|73000|C5|00979539|99999|99|99999999||||99999|99|99999999|73000|C5|00979539|003601|1|1012|9999|9|99999|99|99999999|999|99999|99|99999999|999999|9|99999|99|99999999|45060|1|532|99999|99999|9|999|99999|Y|N|86302|U|U|24|||||053|||||128|||||000405|A|13224|99999|99999|28590|00701|24686|0|1012|Block 1012|S||79|32|+43.0495426|-076.1089046|BK||99999
DHCST|NY|100|00|00|000|00|0213427|1000000US360670036011013|360670036011013|1|2|36|01779796|067|H1|00974132|73000|C5|00979539|99999|99|99999999||||99999|99|99999999|73000|C5|00979539|003601|1|1013|9999|9|99999|99|99999999|999|99999|99|99999999|999999|9|99999|99|99999999|45060|1|532|99999|99999|9|999|99999|Y|N|86302|U|U|24|||||053|||||128|||||000402|A|13224|99999|99999|28590|00701|36245|0|1013|Block 1013|S||83|37|+43.0489276|-076.1059893|BK||99999
DHCST|NY|100|00|00|000|00|0213428|1000000US360670036012000|360670036012000|1|2|36|01779796|067|H1|00974132|73000|C5|00979539|99999|99|99999999||||99999|99|99999999|73000|C5|00979539|003601|2|2000|9999|9|99999|99|99999999|999|99999|99|99999999|999999|9|99999|99|99999999|45060|1|532|99999|99999|9|999|99999|Y|N|86302|U|U|24|||||053|||||128|||||000402|A|13224|99999|99999|28590|00701|10604|0|2000|Block 2000|S||45|13|+43.0481195|-076.1043041|BK||99999
DHCST|NY|100|00|00|000|00|0213429|1000000US360670036012001|360670036012001|1|2|36|01779796|067|H1|00974132|73000|C5|00979539|99999|99|99999999||||99999|99|99999999|73000|C5|00979539|003601|2|2001|9999|9|99999|99|99999999|999|99999|99|99999999|999999|9|99999|99|99999999|45060|1|532|99999|99999|9|999|99999|Y|N|86302|U|U|24|||||053|||||128|||||000402|A|13224|99999|99999|28590|00701|25678|0|2001|Block 2001|S||120|41|+43.0480199|-076.1065867|BK||99999
DHCST|NY|100|00|00|000|00|0213430|1000000US360670036012002|360670036012002|1|2|36|01779796|067|H1|00974132|73000|C5|00979539|99999|99|99999999||||99999|99|99999999|73000|C5|00979539|003601|2|2002|9999|9|99999|99|99999999|999|99999|99|99999999|999999|9|99999|99|99999999|45060|1|532|99999|99999|9|999|99999|Y|N|86302|U|U|24|||||053|||||128|||||000401|A|13224|99999|99999|28590|00701|31208|0|2002|Block 2002|S||146|69|+43.0469116|-076.1086689|BK||99999
DHCST|NY|100|00|00|000|00|0213431|1000000US360670036012003|360670036012003|1|2|36|01779796|067|H1|00974132|73000|C5|00979539|99999|99|99999999||||99999|99|99999999|73000|C5|00979539|003601|2|2003|9999|9|99999|99|99999999|999|99999|99|99999999|999999|9|99999|99|99999999|45060|1|532|99999|99999|9|999|99999|Y|N|86302|U|U|24|||||053|||||128|||||000401|A|13224|99999|99999|28590|00701|32856|0|2003|Block 2003|S||151|57|+43.0467897|-076.1098346|BK||99999
DHCST|NY|100|00|00|000|00|0213432|1000000US360670036012004|360670036012004|1|2|36|01779796|067|H1|00974132|73000|C5|00979539|99999|99|99999999||||99999|99|99999999|73000|C5|00979539|003601|2|2004|9999|9|99999|99|99999999|999|99999|99|99999999|999999|9|99999|99|99999999|45060|1|532|99999|99999|9|999|99999|Y|N|86302|U|U|24|||||053|||||128|||||000401|A|13224|99999|99999|28590|00701|30453|0|2004|Block 2004|S||107|44|+43.0466630|-076.1109395|BK||99999
DHCST|NY|100|00|00|000|00|0213433|1000000US360670036012005|360670036012005|1|2|36|01779796|067|H1|00974132|73000|C5|00979539|99999|99|99999999||||99999|99|99999999|73000|C5|00979539|003601|2|2005|9999|9|99999|99|99999999|999|99999|99|99999999|999999|9|99999|99|99999999|45060|1|532|99999|99999|9|999|99999|Y|N|86302|U|U|24|||||053|||||128|||||000401|A|13224|99999|99999|28590|00701|31397|0|2005|Block 2005|S||122|56|+43.0465725|-076.1119813|BK||99999
DHCST|NY|100|00|00|000|00|0213434|1000000US360670036012006|360670036012006|1|2|36|01779796|067|H1|00974132|73000|C5|00979539|99999|99|99999999||||99999|99|99999999|73000|C5|00979539|003601|2|2006|9999|9|99999|99|99999999|999|99999|99|99999999|999999|9|99999|99|99999999|45060|1|532|99999|99999|9|999|99999|Y|N|86302|U|U|24|||||053|||||128|||||000405|A|13224|99999|99999|28590|00701|19738|0|2006|Block 2006|S||72|35|+43.0466527|-076.1129133|BK||99999
DHCST|NY|100|00|00|000|00|0213435|1000000US360670036012007|360670036012007|1|2|36|01779796|067|H1|00974132|73000|C5|00979539|99999|99|99999999||||99999|99|99999999|73000|C5|00979539|003601|2|2007|9999|9|99999|99|99999999|999|99999|99|99999999|999999|9|99999|99|99999999|45060|1|532|99999|99999|9|999|99999|Y|N|86302|U|U|24|||||053|||||128|||||000405|A|13210|99999|99999|28590|00701|10710|0|2007|Block 2007|S||48|23|+43.0464535|-076.1132312|BK||99999
DHCST|NY|100|00|00|000|00|0213436|1000000US360670036012008|360670036012008|1|2|36|01779796|067|H1|00974132|73000|C5|00979539|99999|99|99999999||||99999|99|99999999|73000|C5|00979539|003601|2|2008|9999|9|99999|99|99999999|999|99999|99|99999999|999999|9|99999|99|99999999|45060|1|532|99999|99999|9|999|99999|Y|N|86302|U|U|24|||||053|||||128|||||000405|A|13210|99999|99999|28590|00701|9241|0|2008|Block 2008|S||29|8|+43.0477142|-076.1141858|BK||99999
DHCST|NY|100|00|00|000|00|0213437|1000000US360670036012009|360670036012009|1|2|36|01779796|067|H1|00974132|73000|C5|00979539|99999|99|99999999||||99999|99|99999999|73000|C5|00979539|003601|2|2009|9999|9|99999|99|99999999|999|99999|99|99999999|999999|9|99999|99|99999999|45060|1|532|99999|99999|9|999|99999|Y|N|86302|U|U|24|||||053|||||128|||||000405|A|13210|99999|99999|28590|00701|19738|0|2009|Block 2009|S||136|61|+43.0461871|-076.1140353|BK||99999
DHCST|NY|100|00|00|000|00|0213438|1000000US360670036012010|360670036012010|1|2|36|01779796|067|H1|00974132|73000|C5|00979539|99999|99|99999999||||99999|99|99999999|73000|C5|00979539|003601|2|2010|9999|9|99999|99|99999999|999|99999|99|99999999|999999|9|99999|99|99999999|45060|1|532|99999|99999|9|999|99999|Y|N|86302|U|U|24|||||053|||||128|||||000402|A|13224|99999|99999|28590|00701|18821|0|2010|Block 2010|S||44|19|+43.0469182|-076.1042076|BK||99999
DHCST|NY|100|00|00|000|00|0213439|1000000US360670036012011|360670036012011|1|2|36|01779796|067|H1|00974132|73000|C5|00979539|99999|99|99999999||||99999|99|99999999|73000|C5|00979539|003601|2|2011|9999|9|99999|99|99999999|999|99999|99|99999999|999999|9|99999|99|99999999|45060|1|532|99999|99999|9|999|99999|Y|N|86302|U|U|24|||||053|||||128|||||000402|A|13224|99999|99999|28590|00701|26424|0|2011|Block 2011|S||114|47|+43.0471213|-076.1064987|BK||99999
DHCST|NY|100|00|00|000|00|0213440|1000000US360670036012012|360670036012012|1|2|36|01779796|067|H1|00974132|73000|C5|00979539|99999|99|99999999||||99999|99|99999999|73000|C5|00979539|003601|2|2012|9999|9|99999|99|99999999|999|99999|99|99999999|999999|9|99999|99|99999999|45060|1|532|99999|99999|9|999|99999|Y|N|86302|U|U|24|||||053|||||128|||||000402|A|13224|99999|99999|28590|00701|25470|0|2012|Block 2012|S||125|50|+43.0462167|-076.1065169|BK||99999
DHCST|NY|100|00|00|000|00|0213441|1000000US360670036021000|360670036021000|1|2|36|01779796|067|H1|00974132|73000|C5|00979539|99999|99|99999999||||99999|99|99999999|73000|C5|00979539|003602|1|1000|9999|9|99999|99|99999999|999|99999|99|99999999|999999|9|99999|99|99999999|45060|1|532|99999|99999|9|999|99999|Y|N|86302|U|U|24|||||053|||||129|||||000310|A|13224|99999|99999|28590|00701|480355|0|1000|Block 1000|S||11|1|+43.0564009|-076.0925012|BK||99999
DHCST|NY|100|00|00|000|00|0213442|1000000US360670036021001|360670036021001|1|2|36|01779796|067|H1|00974132|73000|C5|00979539|99999|99|99999999||||99999|99|99999999|73000|C5|00979539|003602|1|1001|9999|9|99999|99|99999999|999|99999|99|99999999|999999|9|99999|99|99999999|45060|1|532|99999|99999|9|999|99999|Y|N|86302|U|U|24|||||053|||||129|||||000310|A|13224|99999|99999|28590|00701|247773|0|1001|Block 1001|S||0|0|+43.0577663|-076.0977667|BK||99999
DHCST|NY|100|00|00|000|00|0213443|1000000US360670036021002|360670036021002|1|2|36|01779796|067|H1|00974132|73000|C5|00979539|99999|99|99999999||||99999|99|99999999|73000|C5|00979539|003602|1|1002|9999|9|99999|99|99999999|999|99999|99|99999999|999999|9|99999|99|99999999|45060|1|532|99999|99999|9|999|99999|Y|N|86302|U|U|24|||||053|||||129|||||000310|A|13224|99999|99999|28590|00701|16273|0|1002|Block 1002|S||0|0|+43.0553563|-076.0875764|BK||99999
DHCST|NY|100|00|00|000|00|0213444|1000000US360670036021003|360670036021003|1|2|36|01779796|067|H1|00974132|73000|C5|00979539|99999|99|99999999||||99999|99|99999999|73000|C5|00979539|003602|1|1003|9999|9|99999|99|99999999|999|99999|99|99999999|999999|9|99999|99|99999999|45060|1|532|99999|99999|9|999|99999|Y|N|86302|U|U|24|||||053|||||129|||||000310|A|13224|99999|99999|28590|00701|18398|0|1003|Block 1003|S||0|0|+43.0551595|-076.0847099|BK||99999
DHCST|NY|100|00|00|000|00|0213445|1000000US360670036021004|360670036021004|1|2|36|01779796|067|H1|00974132|73000|C5|00979539|99999|99|99999999||||99999|99|99999999|73000|C5|00979539|003602|1|1004|9999|9|99999|99|99999999|999|99999|99|99999999|999999|9|99999|99|99999999|45060|1|532|99999|99999|9|999|99999|Y|N|86302|U|U|24|||||053|||||128|||||000404|A|13224|99999|99999|28590|00701|40203|0|1004|Block 1004|S||0|0|+43.0548568|-076.0887613|BK||99999
DHCST|NY|100|00|00|000|00|0213446|1000000US360670036021005|360670036021005|1|2|36|01779796|067|H1|00974132|73000|C5|00979539|99999|99|99999999||||99999|99|99999999|73000|C5|00979539|003602|1|1005|9999|9|99999|99|99999999|999|99999|99|99999999|999999|9|99999|99|99999999|45060|1|532|99999|99999|9|999|99999|Y|N|86302|U|U|24|||||053|||||129|||||000412|A|13224|99999|99999|28590|00701|35969|0|1005|Block 1005|S||60|53|+43.0542608|-076.0924638|BK||99999
DHCST|NY|100|00|00|000|00|0213447|1000000US360670036021006|360670036021006|1|2|36|01779796|067|H1|00974132|73000|C5|00979539|99999|99|99999999||||99999|99|99999999|73000|C5|00979539|003602|1|1006|9999|9|99999|99|99999999|999|99999|99|99999999|999999|9|99999|99|99999999|45060|1|532|99999|99999|9|999|99999|Y|N|86302|U|U|24|||||053|||||129|||||000310|A|13224|99999|99999|28590|00701|35305|0|1006|Block 1006|S||0|0|+43.0544299|-076.0974704|BK||99999
DHCST|NY|100|00|00|000|00|0213448|1000000US360670036021007|360670036021007|1|2|36|01779796|067|H1|00974132|73000|C5|00979539|99999|99|99999999||||99999|99|99999999|73000|C5|00979539|003602|1|1007|9999|9|99999|99|99999999|999|99999|99|99999999|999999|9|99999|99|99999999|45060|1|532|99999|99999|9|999|99999|Y|N|86302|U|U|24|||||053|||||128|||||000404|A|13224|99999|99999|28590|00701|256624|0|1007|Block 1007|S||483|228|+43.0526243|-076.0988793|BK||99999
DHCST|NY|100|00|00|000|00|0213449|1000000US360670036021008|360670036021008|1|2|36|01779796|067|H1|00974132|73000|C5|00979539|99999|99|99999999||||99999|99|99999999|73000|C5|00979539|003602|1|1008|9999|9|99999|99|99999999|999|99999|99|99999999|999999|9|99999|99|99999999|45060|1|532|99999|99999|9|999|99999|Y|N|86302|U|U|24|||||053|||||128|||||000404|A|13224|99999|99999|28590|00701|1017|0|1008|Block 1008|S||0|0|+43.0513931|-076.0952178|BK||99999
DHCST|NY|100|00|00|000|00|0213450|1000000US360670036021009|360670036021009|1|2|36|01779796|067|H1|00974132|73000|C5|00979539|99999|99|99999999||||99999|99|99999999|73000|C5|00979539|003602|1|1009|9999|9|99999|99|99999999|999|99999|99|99999999|999999|9|99999|99|99999999|45060|1|532|99999|99999|9|999|99999|Y|N|86302|U|U|24|||||053|||||128|||||000404|A|13224|99999|99999|28590|00701|26215|0|1009|Block 1009|S||181|123|+43.0532511|-076.0924066|BK||99999
DHCST|NY|100|00|00|000|00|0213451|1000000US360670036021010|360670036021010|1|2|36|01779796|067|H1|00974132|73000|C5|00979539|99999|99|99999999||||99999|99|99999999|73000|C5|00979539|003602|1|1010|9999|9|99999|99|99999999|999|99999|99|99999999|999999|9|99999|99|99999999|45060|1|532|99999|99999|9|999|99999|Y|N|86302|U|U|24|||||053|||||128|||||000404|A|13224|99999|99999|28590|00701|8266|0|1010|Block 1010|S||52|35|+43.0533749|-076.0901808|BK||99999
DHCST|NY|100|00|00|000|00|0213452|1000000US360670036021011|360670036021011|1|2|36|01779796|067|H1|00974132|73000|C5|00979539|99999|99|99999999||||99999|99|99999999|73000|C5|00979539|003602|1|1011|9999|9|99999|99|99999999|999|99999|99|99999999|999999|9|99999|99|99999999|45060|1|532|99999|99999|9|999|99999|Y|N|86302|U|U|24|||||053|||||128|||||000404|A|13224|99999|99999|28590|00701|14404|0|1011|Block 1011|S||58|20|+43.0521862|-076.0901229|BK||99999
DHCST|NY|100|00|00|000|00|0213453|1000000US360670036021012|360670036021012|1|2|36|01779796|067|H1|00974132|73000|C5|00979539|99999|99|99999999||||99999|99|99999999|73000|C5|00979539|003602|1|1012|9999|9|99999|99|99999999|999|99999|99|99999999|999999|9|99999|99|99999999|45060|1|532|99999|99999|9|999|99999|Y|N|86302|U|U|24|||||053|||||128|||||000404|A|13224|99999|99999|28590|00701|26081|0|1012|Block 1012|S||80|31|+43.0524023|-076.0923339|BK||99999
DHCST|NY|100|00|00|000|00|0213454|1000000US360670036021013|360670036021013|1|2|36|01779796|067|H1|00974132|73000|C5|00979539|99999|99|99999999||||99999|99|99999999|73000|C5|00979539|003602|1|1013|9999|9|99999|99|99999999|999|99999|99|99999999|999999|9|99999|99|99999999|45060|1|532|99999|99999|9|999|99999|Y|N|86302|U|U|24|||||053|||||128|||||000404|A|13224|99999|99999|28590|00701|8772|0|1013|Block 1013|S||22|6|+43.0522686|-076.0946016|BK||99999
DHCST|NY|100|00|00|000|00|0213455|1000000US360670036021014|360670036021014|1|2|36|01779796|067|H1|00974132|73000|C5|00979539|99999|99|99999999||||99999|99|99999999|73000|C5|00979539|003602|1|1014|9999|9|99999|99|99999999|999|99999|99|99999999|999999|9|99999|99|99999999|45060|1|532|99999|99999|9|999|99999|Y|N|86302|U|U|24|||||053|||||128|||||000404|A|13224|99999|99999|28590|00701|9135|0|1014|Block 1014|S||29|10|+43.0514386|-076.0945587|BK||99999
DHCST|NY|100|00|00|000|00|0213456|1000000US360670036021015|360670036021015|1|2|36|01779796|067|H1|00974132|73000|C5|00979539|99999|99|99999999||||99999|99|99999999|73000|C5|00979539|003602|1|1015|9999|9|99999|99|99999999|999|99999|99|99999999|999999|9|99999|99|99999999|45060|1|532|99999|99999|9|999|99999|Y|N|86302|U|U|24|||||053|||||128|||||000404|A|13224|99999|99999|28590|00701|26053|0|1015|Block 1015|S||62|28|+43.0515558|-076.0922638|BK||99999
DHCST|NY|100|00|00|000|00|0213457|1000000US360670036021016|360670036021016|1|2|36|01779796|067|H1|00974132|73000|C5|00979539|99999|99|99999999||||99999|99|99999999|73000|C5|00979539|003602|1|1016|9999|9|99999|99|99999999|999|99999|99|99999999|999999|9|99999|99|99999999|45060|1|532|99999|99999|9|999|99999|Y|N|86302|U|U|24|||||053|||||128|||||000408|A|13224|99999|99999|28590|00701|23687|0|1016|Block 1016|S||82|30|+43.0509795|-076.1022255|BK||99999
DHCST|NY|100|00|00|000|00|0213458|1000000US360670036021017|360670036021017|1|2|36|01779796|067|H1|00974132|73000|C5|00979539|99999|99|99999999||||99999|99|99999999|73000|C5|00979539|003602|1|1017|9999|9|99999|99|99999999|999|99999|99|99999999|999999|9|99999|99|99999999|45060|1|532|99999|99999|9|999|99999|Y|N|86302|U|U|24|||||053|||||128|||||000404|A|13224|99999|99999|28590|00701|2055|0|1017|Block 1017|S||15|1|+43.0514920|-076.0897423|BK||99999
DHCST|NY|100|00|00|000|00|0213459|1000000US360670036022000|360670036022000|1|2|36|01779796|067|H1|00974132|73000|C5|00979539|99999|99|99999999||||99999|99|99999999|73000|C5|00979539|003602|2|2000|9999|9|99999|99|99999999|999|99999|99|99999999|999999|9|99999|99|99999999|45060|1|532|99999|99999|9|999|99999|Y|N|86302|U|U|24|||||053|||||128|||||000404|A|13224|99999|99999|28590|00701|33897|0|2000|Block 2000|S||31|19|+43.0504060|-076.0925231|BK||99999
DHCST|NY|100|00|00|000|00|0213460|1000000US360670036022001|360670036022001|1|2|36|01779796|067|H1|00974132|73000|C5|00979539|99999|99|99999999||||99999|99|99999999|73000|C5|00979539|003602|2|2001|9999|9|99999|99|99999999|999|99999|99|99999999|999999|9|99999|99|99999999|45060|1|532|99999|99999|9|999|99999|Y|N|86302|U|U|24|||||053|||||128|||||000404|A|13224|99999|99999|28590|00701|18761|0|2001|Block 2001|S||34|18|+43.0502393|-076.0943900|BK||99999
DHCST|NY|100|00|00|000|00|0213461|1000000US360670036022002|360670036022002|1|2|36|01779796|067|H1|00974132|73000|C5|00979539|99999|99|99999999||||99999|99|99999999|73000|C5|00979539|003602|2|2002|9999|9|99999|99|99999999|999|99999|99|99999999|999999|9|99999|99|99999999|45060|1|532|99999|99999|9|999|99999|Y|N|86302|U|U|24|||||053|||||128|||||000404|A|13224|99999|99999|28590|00701|2070|0|2002|Block 2002|S||0|0|+43.0501605|-076.0951135|BK||99999
DHCST|NY|100|00|00|000|00|0213462|1000000US360670036022003|360670036022003|1|2|36|01779796|067|H1|00974132|73000|C5|00979539|99999|99|99999999||||99999|99|99999999|73000|C5|00979539|003602|2|2003|9999|9|99999|99|99999999|999|99999|99|99999999|999999|9|99999|99|99999999|45060|1|532|99999|99999|9|999|99999|Y|N|86302|U|U|24|||||053|||||128|||||000404|A|13224|99999|99999|28590|00701|18340|0|2003|Block 2003|S||38|17|+43.0501294|-076.0958106|BK||99999
DHCST|NY|100|00|00|000|00|0213463|1000000US360670036022004|360670036022004|1|2|36|01779796|067|H1|00974132|73000|C5|00979539|99999|99|99999999||||99999|99|99999999|73000|C5|00979539|003602|2|2004|9999|9|99999|99|99999999|999|99999|99|99999999|999999|9|99999|99|99999999|45060|1|532|99999|99999|9|999|99999|Y|N|86302|U|U|24|||||053|||||128|||||000408|A|13224|99999|99999|28590|00701|18558|0|2004|Block 2004|S||36|18|+43.0500602|-076.0970692|BK||99999
DHCST|NY|100|00|00|000|00|0213464|1000000US360670036022005|360670036022005|1|2|36|01779796|067|H1|00974132|73000|C5|00979539|99999|99|99999999||||99999|99|99999999|73000|C5|00979539|003602|2|2005|9999|9|99999|99|99999999|999|99999|99|99999999|999999|9|99999|99|99999999|45060|1|532|99999|99999|9|999|99999|Y|N|86302|U|U|24|||||053|||||128|||||000408|A|13224|99999|99999|28590|00701|18590|0|2005|Block 2005|S||55|20|+43.0503587|-076.0990157|BK||99999
DHCST|NY|100|00|00|000|00|0213465|1000000US360670036022006|360670036022006|1|2|36|01779796|067|H1|00974132|73000|C5|00979539|99999|99|99999999||||99999|99|99999999|73000|C5|00979539|003602|2|2006|9999|9|99999|99|99999999|999|99999|99|99999999|999999|9|99999|99|99999999|45060|1|532|99999|99999|9|999|99999|Y|N|86302|U|U|24|||||053|||||128|||||000408|A|13224|99999|99999|28590|00701|25110|0|2006|Block 2006|S||77|32|+43.0502030|-076.1020383|BK||99999
DHCST|NY|100|00|00|000|00|0213466|1000000US360670036022007|360670036022007|1|2|36|01779796|067|H1|00974132|73000|C5|00979539|99999|99|99999999||||99999|99|99999999|73000|C5|00979539|003602|2|2007|9999|9|99999|99|99999999|999|99999|99|99999999|999999|9|99999|99|99999999|45060|1|532|99999|99999|9|999|99999|Y|N|86302|U|U|24|||||053|||||128|||||000408|A|13224|99999|99999|28590|00701|25434|0|2007|Block 2007|S||90|35|+43.0494098|-076.1019855|BK||99999
DHCST|NY|100|00|00|000|00|0213467|1000000US360670036022008|360670036022008|1|2|36|01779796|067|H1|00974132|73000|C5|00979539|99999|99|99999999||||99999|99|99999999|73000|C5|00979539|003602|2|2008|9999|9|99999|99|99999999|999|99999|99|99999999|999999|9|99999|99|99999999|45060|1|532|99999|99999|9|999|99999|Y|N|86302|U|U|24|||||053|||||128|||||000408|A|13224|99999|99999|28590|00701|18501|0|2008|Block 2008|S||68|24|+43.0495597|-076.0989478|BK||99999
DHCST|NY|100|00|00|000|00|0213468|1000000US360670036022009|360670036022009|1|2|36|01779796|067|H1|00974132|73000|C5|00979539|99999|99|99999999||||99999|99|99999999|73000|C5|00979539|003602|2|2009|9999|9|99999|99|99999999|999|99999|99|99999999|999999|9|99999|99|99999999|45060|1|532|99999|99999|9|999|99999|Y|N|86302|U|U|24|||||053|||||128|||||000408|A|13224|99999|99999|28590|00701|18470|0|2009|Block 2009|S||33|23|+43.0487637|-076.0988792|BK||99999
DHCST|NY|100|00|00|000|00|0213469|1000000US360670036022010|360670036022010|1|2|36|01779796|067|H1|00974132|73000|C5|00979539|99999|99|99999999||||99999|99|99999999|73000|C5|00979539|003602|2|2010|9999|9|99999|99|99999999|999|99999|99|99999999|999999|9|99999|99|99999999|45060|1|532|99999|99999|9|999|99999|Y|N|86302|U|U|24|||||053|||||128|||||000408|A|13224|99999|99999|28590|00701|22185|0|2010|Block 2010|S||43|21|+43.0482878|-076.0969261|BK||99999
DHCST|NY|100|00|00|000|00|0213470|1000000US360670036022011|360670036022011|1|2|36|01779796|067|H1|00974132|73000|C5|00979539|99999|99|99999999||||99999|99|99999999|73000|C5|00979539|003602|2|2011|9999|9|99999|99|99999999|999|99999|99|99999999|999999|9|99999|99|99999999|45060|1|532|99999|99999|9|999|99999|Y|N|86302|U|U|24|||||053|||||128|||||000404|A|13224|99999|99999|28590|00701|20728|0|2011|Block 2011|S||47|20|+43.0484173|-076.0956712|BK||99999
DHCST|NY|100|00|00|000|00|0213471|1000000US360670036022012|360670036022012|1|2|36|01779796|067|H1|00974132|73000|C5|00979539|99999|99|99999999||||99999|99|99999999|73000|C5|00979539|003602|2|2012|9999|9|99999|99|99999999|999|99999|99|99999999|999999|9|99999|99|99999999|45060|1|532|99999|99999|9|999|99999|Y|N|86302|U|U|24|||||053|||||128|||||000404|A|13224|99999|99999|28590|00701|24814|0|2012|Block 2012|S||51|10|+43.0486217|-076.0942448|BK||99999
DHCST|NY|100|00|00|000|00|0213472|1000000US360670036022013|360670036022013|1|2|36|01779796|067|H1|00974132|73000|C5|00979539|99999|99|99999999||||99999|99|99999999|73000|C5|00979539|003602|2|2013|9999|9|99999|99|99999999|999|99999|99|99999999|999999|9|99999|99|99999999|45060|1|532|99999|99999|9|999|99999|Y|N|86302|U|U|24|||||053|||||128|||||000404|A|13224|99999|99999|28590|00701|1542|0|2013|Block 2013|S||0|0|+43.0494062|-076.0929994|BK||99999
DHCST|NY|100|00|00|000|00|0213473|1000000US360670036022014|360670036022014|1|2|36|01779796|067|H1|00974132|73000|C5|00979539|99999|99|99999999||||99999|99|99999999|73000|C5|00979539|003602|2|2014|9999|9|99999|99|99999999|999|99999|99|99999999|999999|9|99999|99|99999999|45060|1|532|99999|99999|9|999|99999|Y|N|86302|U|U|24|||||053|||||128|||||000404|A|13214|99999|99999|28590|00701|4777|0|2014|Block 2014|S||59|0|+43.0489233|-076.0931299|BK||99999
DHCST|NY|100|00|00|000|00|0213474|1000000US360670036022015|360670036022015|1|2|36|01779796|067|H1|00974132|73000|C5|00979539|99999|99|99999999||||99999|99|99999999|73000|C5|00979539|003602|2|2015|9999|9|99999|99|99999999|999|99999|99|99999999|999999|9|99999|99|99999999|45060|1|532|99999|99999|9|999|99999|Y|N|86302|U|U|24|||||053|||||128|||||000408|A|13224|99999|99999|28590|00701|25291|0|2015|Block 2015|S||73|40|+43.0486140|-076.1019104|BK||99999
DHCST|NY|100|00|00|000|00|0213475|1000000US360670036022016|360670036022016|1|2|36|01779796|067|H1|00974132|73000|C5|00979539|99999|99|99999999||||99999|99|99999999|73000|C5|00979539|003602|2|2016|9999|9|99999|99|99999999|999|99999|99|99999999|999999|9|99999|99|99999999|45060|1|532|99999|99999|9|999|99999|Y|N|86302|U|U|24|||||053|||||128|||||000408|A|13224|99999|99999|28590|00701|25267|0|2016|Block 2016|S||82|40|+43.0478209|-076.1018426|BK||99999
DHCST|NY|100|00|00|000|00|0213476|1000000US360670036022017|360670036022017|1|2|36|01779796|067|H1|00974132|73000|C5|00979539|99999|99|99999999||||99999|99|99999999|73000|C5|00979539|003602|2|2017|9999|9|99999|99|99999999|999|99999|99|99999999|999999|9|99999|99|99999999|45060|1|532|99999|99999|9|999|99999|Y|N|86302|U|U|24|||||053|||||128|||||000408|A|13224|99999|99999|28590|00701|18309|0|2017|Block 2017|S||50|22|+43.0479730|-076.0988093|BK||99999
DHCST|NY|100|00|00|000|00|0213477|1000000US360670036022018|360670036022018|1|2|36|01779796|067|H1|00974132|73000|C5|00979539|99999|99|99999999||||99999|99|99999999|73000|C5|00979539|003602|2|2018|9999|9|99999|99|99999999|999|99999|99|99999999|999999|9|99999|99|99999999|45060|1|532|99999|99999|9|999|99999|Y|N|86302|U|U|24|||||053|||||128|||||000408|A|13224|99999|99999|28590|00701|13202|0|2018|Block 2018|S||45|12|+43.0472863|-076.0988361|BK||99999
DHCST|NY|100|00|00|000|00|0213478|1000000US360670036022019|360670036022019|1|2|36|01779796|067|H1|00974132|73000|C5|00979539|99999|99|99999999||||99999|99|99999999|73000|C5|00979539|003602|2|2019|9999|9|99999|99|99999999|999|99999|99|99999999|999999|9|99999|99|99999999|45060|1|532|99999|99999|9|999|99999|Y|N|86302|U|U|24|||||053|||||128|||||000408|A|13224|99999|99999|28590|00701|28467|0|2019|Block 2019|S||85|38|+43.0469670|-076.1018796|BK||99999
DHCST|NY|100|00|00|000|00|0213479|1000000US360670038001000|360670038001000|1|2|36|01779796|067|H1|00974132|73000|C5|00979539|99999|99|99999999||||99999|99|99999999|73000|C5|00979539|003800|1|1000|9999|9|99999|99|99999999|999|99999|99|99999999|999999|9|99999|99|99999999|45060|1|532|99999|99999|9|999|99999|Y|N|86302|U|U|24|||||053|||||128|||||000334|A|13204|99999|99999|28590|00701|26555|0|1000|Block 1000|S||33|6|+43.0408283|-076.1730588|BK||99999
DHCST|NY|100|00|00|000|00|0213480|1000000US360670038001001|360670038001001|1|2|36|01779796|067|H1|00974132|73000|C5|00979539|99999|99|99999999||||99999|99|99999999|73000|C5|00979539|003800|1|1001|9999|9|99999|99|99999999|999|99999|99|99999999|999999|9|99999|99|99999999|45060|1|532|99999|99999|9|999|99999|Y|N|86302|U|U|24|||||053|||||128|||||000334|A|13204|99999|99999|28590|00701|5857|0|1001|Block 1001|S||14|4|+43.0411809|-076.1736326|BK||99999
DHCST|NY|100|00|00|000|00|0213481|1000000US360670038001002|360670038001002|1|2|36|01779796|067|H1|00974132|73000|C5|00979539|99999|99|99999999||||99999|99|99999999|73000|C5|00979539|003800|1|1002|9999|9|99999|99|99999999|999|99999|99|99999999|999999|9|99999|99|99999999|45060|1|532|99999|99999|9|999|99999|Y|N|86302|U|U|24|||||053|||||128|||||000334|A|13204|99999|99999|28590|00701|10102|0|1002|Block 1002|S||41|10|+43.0398834|-076.1728570|BK||99999
DHCST|NY|100|00|00|000|00|0213482|1000000US360670038001003|360670038001003|1|2|36|01779796|067|H1|00974132|73000|C5|00979539|99999|99|99999999||||99999|99|99999999|73000|C5|00979539|003800|1|1003|9999|9|99999|99|99999999|999|99999|99|99999999|999999|9|99999|99|99999999|45060|1|532|99999|99999|9|999|99999|Y|N|86302|U|U|24|||||053|||||128|||||000334|A|13204|99999|99999|28590|00701|23428|0|1003|Block 1003|S||42|23|+43.0384833|-076.1741198|BK||99999
DHCST|NY|100|00|00|000|00|0213483|1000000US360670038001004|360670038001004|1|2|36|01779796|067|H1|00974132|73000|C5|00979539|99999|99|99999999||||99999|99|99999999|73000|C5|00979539|003800|1|1004|9999|9|99999|99|99999999|999|99999|99|99999999|999999|9|99999|99|99999999|45060|1|532|99999|99999|9|999|99999|Y|N|86302|U|U|24|||||053|||||128|||||000334|A|13204|99999|99999|28590|00701|11416|0|1004|Block 1004|S||54|17|+43.0391172|-076.1745588|BK||99999
DHCST|NY|100|00|00|000|00|0213484|1000000US360670038001005|360670038001005|1|2|36|01779796|067|H1|00974132|73000|C5|00979539|99999|99|99999999||||99999|99|99999999|73000|C5|00979539|003800|1|1005|9999|9|99999|99|99999999|999|99999|99|99999999|999999|9|99999|99|99999999|45060|1|532|99999|99999|9|999|99999|Y|N|86302|U|U|24|||||053|||||129|||||000359|A|13204|99999|99999|28590|00701|17193|0|1005|Block 1005|S||90|32|+43.0384501|-076.1763955|BK||99999
DHCST|NY|100|00|00|000|00|0213485|1000000US360670038001006|360670038001006|1|2|36|01779796|067|H1|00974132|73000|C5|00979539|99999|99|99999999||||99999|99|99999999|73000|C5|00979539|003800|1|1006|9999|9|99999|99|99999999|999|99999|99|99999999|999999|9|99999|99|99999999|45060|1|532|99999|99999|9|999|99999|Y|N|86302|U|U|24|||||053|||||128|||||000350|A|13204|99999|99999|28590|00701|23870|0|1006|Block 1006|S||94|45|+43.0374647|-076.1777681|BK||99999
DHCST|NY|100|00|00|000|00|0213486|1000000US360670038001007|360670038001007|1|2|36|01779796|067|H1|00974132|73000|C5|00979539|99999|99|99999999||||99999|99|99999999|73000|C5|00979539|003800|1|1007|9999|9|99999|99|99999999|999|99999|99|99999999|999999|9|99999|99|99999999|45060|1|532|99999|99999|9|999|99999|Y|N|86302|U|U|24|||||053|||||128|||||000350|A|13204|99999|99999|28590|00701|6314|0|1007|Block 1007|S||19|3|+43.0384425|-076.1781708|BK||99999
DHCST|NY|100|00|00|000|00|0213487|1000000US360670038001008|360670038001008|1|2|36|01779796|067|H1|00974132|73000|C5|00979539|99999|99|99999999||||99999|99|99999999|73000|C5|00979539|003800|1|1008|9999|9|99999|99|99999999|999|99999|99|99999999|999999|9|99999|99|99999999|45060|1|532|99999|99999|9|999|99999|Y|N|86302|U|U|24|||||053|||||129|||||000351|A|13204|99999|99999|28590|00701|14197|0|1008|Block 1008|S||44|19|+43.0379014|-076.1793108|BK||99999
DHCST|NY|100|00|00|000|00|0213488|1000000US360670038001009|360670038001009|1|2|36|01779796|067|H1|00974132|73000|C5|00979539|99999|99|99999999||||99999|99|99999999|73000|C5|00979539|003800|1|1009|9999|9|99999|99|99999999|999|99999|99|99999999|999999|9|99999|99|99999999|45060|1|532|99999|99999|9|999|99999|Y|N|86302|U|U|24|||||053|||||129|||||000351|A|13204|99999|99999|28590|00701|23311|0|1009|Block 1009|S||92|37|+43.0374350|-076.1803562|BK||99999
DHCST|NY|100|00|00|000|00|0213489|1000000US360670038001010|360670038001010|1|2|36|01779796|067|H1|00974132|73000|C5|00979539|99999|99|99999999||||99999|99|99999999|73000|C5|00979539|003800|1|1010|9999|9|99999|99|99999999|999|99999|99|99999999|999999|9|99999|99|99999999|45060|1|532|99999|99999|9|999|99999|Y|N|86302|U|U|24|||||053|||||129|||||000351|A|13204|99999|99999|28590|00701|86359|0|1010|Block 1010|S||77|32|+43.0369436|-076.1839248|BK||99999
DHCST|NY|100|00|00|000|00|0213490|1000000US360670038001011|360670038001011|1|2|36|01779796|067|H1|00974132|73000|C5|00979539|99999|99|99999999||||99999|99|99999999|73000|C5|00979539|003800|1|1011|9999|9|99999|99|99999999|999|99999|99|99999999|999999|9|99999|99|99999999|45060|1|532|99999|99999|9|999|99999|Y|N|86302|U|U|24|||||053|||||129|||||000351|A|13204|99999|99999|28590|00701|44007|0|1011|Block 1011|S||0|0|+43.0358602|-076.1838953|BK||99999
DHCST|NY|100|00|00|000|00|0213491|1000000US360670038001012|360670038001012|1|2|36|01779796|067|H1|00974132|73000|C5|00979539|99999|99|99999999||||99999|99|99999999|73000|C5|00979539|003800|1|1012|9999|9|99999|99|99999999|999|99999|99|99999999|999999|9|99999|99|99999999|45060|1|532|99999|99999|9|999|99999|Y|N|86302|U|U|24|||||053|||||129|||||000351|A|13204|99999|99999|28590|00701|7750|0|1012|Block 1012|S||34|11|+43.0360084|-076.1802556|BK||99999
DHCST|NY|100|00|00|000|00|0213492|1000000US360670038001013|360670038001013|1|2|36|01779796|067|H1|00974132|73000|C5|00979539|99999|99|99999999||||99999|99|99999999|73000|C5|00979539|003800|1|1013|9999|9|99999|99|99999999|999|99999|99|99999999|999999|9|99999|99|99999999|45060|1|532|99999|99999|9|999|99999|Y|N|86302|U|U|24|||||053|||||129|||||000351|A|13204|99999|99999|28590|00701|7805|0|1013|Block 1013|S||44|24|+43.0360649|-076.1790551|BK||99999
DHCST|NY|100|00|00|000|00|0213493|1000000US360670038001014|360670038001014|1|2|36|01779796|067|H1|00974132|73000|C5|00979539|99999|99|99999999||||99999|99|99999999|73000|C5|00979539|003800|1|1014|9999|9|99999|99|99999999|999|99999|99|99999999|999999|9|99999|99|99999999|45060|1|532|99999|99999|9|999|99999|Y|N|86302|U|U|24|||||053|||||129|||||000351|A|13204|99999|99999|28590|00701|10432|0|1014|Block 1014|S||58|16|+43.0370698|-076.1789498|BK||99999
DHCST|NY|100|00|00|000|00|0213494|1000000US360670038001015|360670038001015|1|2|36|01779796|067|H1|00974132|73000|C5|00979539|99999|99|99999999||||99999|99|99999999|73000|C5|00979539|003800|1|1015|9999|9|99999|99|99999999|999|99999|99|99999999|999999|9|99999|99|99999999|45060|1|532|99999|99999|9|999|99999|Y|N|86302|U|U|24|||||053|||||128|||||000350|A|13204|99999|99999|28590|00701|9154|0|1015|Block 1015|S||59|22|+43.0361277|-076.1777556|BK||99999
DHCST|NY|100|00|00|000|00|0213495|1000000US360670038001016|360670038001016|1|2|36|01779796|067|H1|00974132|73000|C5|00979539|99999|99|99999999||||99999|99|99999999|73000|C5|00979539|003800|1|1016|9999|9|99999|99|99999999|999|99999|99|99999999|999999|9|99999|99|99999999|45060|1|532|99999|99999|9|999|99999|Y|N|86302|U|U|24|||||053|||||128|||||000350|A|13204|99999|99999|28590|00701|20878|0|1016|Block 1016|S||112|46|+43.0362444|-076.1754488|BK||99999
DHCST|NY|100|00|00|000|00|0213496|1000000US360670038001017|360670038001017|1|2|36|01779796|067|H1|00974132|73000|C5|00979539|99999|99|99999999||||99999|99|99999999|73000|C5|00979539|003800|1|1017|9999|9|99999|99|99999999|999|99999|99|99999999|999999|9|99999|99|99999999|45060|1|532|99999|99999|9|999|99999|Y|N|86302|U|U|24|||||053|||||128|||||000350|A|13204|99999|99999|28590|00701|43258|0|1017|Block 1017|S||179|77|+43.0372712|-076.1752763|BK||99999
DHCST|NY|100|00|00|000|00|0213497|1000000US360670038001018|360670038001018|1|2|36|01779796|067|H1|00974132|73000|C5|00979539|99999|99|99999999||||99999|99|99999999|73000|C5|00979539|003800|1|1018|9999|9|99999|99|99999999|999|99999|99|99999999|999999|9|99999|99|99999999|45060|1|532|99999|99999|9|999|99999|Y|N|86302|U|U|24|||||053|||||129|||||000334|A|13204|99999|99999|28590|00701|3977|0|1018|Block 1018|S||31|13|+43.0412795|-076.1739752|BK||99999
DHCST|NY|100|00|00|000|00|0213498|1000000US360670038002000|360670038002000|1|2|36|01779796|067|H1|00974132|73000|C5|00979539|99999|99|99999999||||99999|99|99999999|73000|C5|00979539|003800|2|2000|9999|9|99999|99|99999999|999|99999|99|99999999|999999|9|99999|99|99999999|45060|1|532|99999|99999|9|999|99999|Y|N|86302|U|U|24|||||053|||||128|||||000350|A|13204|99999|99999|28590|00701|24855|0|2000|Block 2000|S||124|43|+43.0354263|-076.1756852|BK||99999
DHCST|NY|100|00|00|000|00|0213499|1000000US360670038002001|360670038002001|1|2|36|01779796|067|H1|00974132|73000|C5|00979539|99999|99|99999999||||99999|99|99999999|73000|C5|00979539|003800|2|2001|9999|9|99999|99|99999999|999|99999|99|99999999|999999|9|99999|99|99999999|45060|1|532|99999|99999|9|999|99999|Y|N|86302|U|U|24|||||053|||||128|||||000350|A|13204|99999|99999|28590|00701|20972|0|2001|Block 2001|S||138|50|+43.0347994|-076.1777656|BK||99999
DHCST|NY|100|00|00|000|00|0213500|1000000US360670038002002|360670038002002|1|2|36|01779796|067|H1|00974132|73000|C5|00979539|99999|99|99999999||||99999|99|99999999|73000|C5|00979539|003800|2|2002|9999|9|99999|99|99999999|999|99999|99|99999999|999999|9|99999|99|99999999|45060|1|532|99999|99999|9|999|99999|Y|N|86302|U|U|24|||||053|||||129|||||000351|A|13204|99999|99999|28590|00701|20748|0|2002|Block 2002|S||137|42|+43.0347534|-076.1789631|BK||99999
DHCST|NY|100|00|00|000|00|0213501|1000000US360670038002003|360670038002003|1|2|36|01779796|067|H1|00974132|73000|C5|00979539|99999|99|99999999||||99999|99|99999999|73000|C5|00979539|003800|2|2003|9999|9|99999|99|99999999|999|99999|99|99999999|999999|9|99999|99|99999999|45060|1|532|99999|99999|9|999|99999|Y|N|86302|U|U|24|||||053|||||129|||||000351|A|13204|99999|99999|28590|00701|139650|0|2003|Block 2003|S||231|159|+43.0345746|-076.1836257|BK||99999
DHCST|NY|100|00|00|000|00|0213502|1000000US360670038002004|360670038002004|1|2|36|01779796|067|H1|00974132|73000|C5|00979539|99999|99|99999999||||99999|99|99999999|73000|C5|00979539|003800|2|2004|9999|9|99999|99|99999999|999|99999|99|99999999|999999|9|99999|99|99999999|45060|1|532|99999|99999|9|999|99999|Y|N|86302|U|U|24|||||053|||||128|||||000350|A|13204|99999|99999|28590|00701|24542|0|2004|Block 2004|S||97|36|+43.0344472|-076.1758371|BK||99999
DHCST|NY|100|00|00|000|00|0213503|1000000US360670038002005|360670038002005|1|2|36|01779796|067|H1|00974132|73000|C5|00979539|99999|99|99999999||||99999|99|99999999|73000|C5|00979539|003800|2|2005|9999|9|99999|99|99999999|999|99999|99|99999999|999999|9|99999|99|99999999|45060|1|532|99999|99999|9|999|99999|Y|N|86302|U|U|24|||||053|||||128|||||000354|A|13204|99999|99999|28590|00701|20358|0|2005|Block 2005|S||92|33|+43.0333772|-076.1760198|BK||99999
DHCST|NY|100|00|00|000|00|0213504|1000000US360670038002006|360670038002006|1|2|36|01779796|067|H1|00974132|73000|C5|00979539|99999|99|99999999||||99999|99|99999999|73000|C5|00979539|003800|2|2006|9999|9|99999|99|99999999|999|99999|99|99999999|999999|9|99999|99|99999999|45060|1|532|99999|99999|9|999|99999|Y|N|86302|U|U|24|||||053|||||129|||||000351|A|13204|99999|99999|28590|00701|23366|0|2006|Block 2006|S||103|45|+43.0332742|-076.1782483|BK||99999
DHCST|NY|100|00|00|000|00|0213505|1000000US360670038002007|360670038002007|1|2|36|01779796|067|H1|00974132|73000|C5|00979539|99999|99|99999999||||99999|99|99999999|73000|C5|00979539|003800|2|2007|9999|9|99999|99|99999999|999|99999|99|99999999|999999|9|99999|99|99999999|45060|1|532|99999|99999|9|999|99999|Y|N|86302|U|U|24|||||053|||||129|||||000351|A|13204|99999|99999|28590|00701|30487|0|2007|Block 2007|S||146|58|+43.0331754|-076.1809860|BK||99999
DHCST|NY|100|00|00|000|00|0213506|1000000US360670038002008|360670038002008|1|2|36|01779796|067|H1|00974132|73000|C5|00979539|99999|99|99999999||||99999|99|99999999|73000|C5|00979539|003800|2|2008|9999|9|99999|99|99999999|999|99999|99|99999999|999999|9|99999|99|99999999|45060|1|532|99999|99999|9|999|99999|Y|N|86302|U|U|24|||||053|||||129|||||000351|A|13204|99999|99999|28590|00701|47756|0|2008|Block 2008|S||192|90|+43.0330107|-076.1849320|BK||99999
DHCST|NY|100|00|00|000|00|0213507|1000000US360670039001000|360670039001000|1|2|36|01779796|067|H1|00974132|73000|C5|00979539|99999|99|99999999||||99999|99|99999999|73000|C5|00979539|003900|1|1000|9999|9|99999|99|99999999|999|99999|99|99999999|999999|9|99999|99|99999999|45060|1|532|99999|99999|9|999|99999|Y|N|86302|U|U|24|||||053|||||128|||||000342|A|13204|99999|99999|28590|00701|10472|0|1000|Block 1000|S||56|13|+43.0398912|-076.1666692|BK||99999
DHCST|NY|100|00|00|000|00|0213508|1000000US360670039001001|360670039001001|1|2|36|01779796|067|H1|00974132|73000|C5|00979539|99999|99|99999999||||99999|99|99999999|73000|C5|00979539|003900|1|1001|9999|9|99999|99|99999999|999|99999|99|99999999|999999|9|99999|99|99999999|45060|1|532|99999|99999|9|999|99999|Y|N|86302|U|U|24|||||053|||||128|||||000342|A|13204|99999|99999|28590|00701|20532|0|1001|Block 1001|S||74|34|+43.0397261|-076.1685970|BK||99999
DHCST|NY|100|00|00|000|00|0213509|1000000US360670039001002|360670039001002|1|2|36|01779796|067|H1|00974132|73000|C5|00979539|99999|99|99999999||||99999|99|99999999|73000|C5|00979539|003900|1|1002|9999|9|99999|99|99999999|999|99999|99|99999999|999999|9|99999|99|99999999|45060|1|532|99999|99999|9|999|99999|Y|N|86302|U|U|24|||||053|||||128|||||000342|A|13204|99999|99999|28590|00701|22332|0|1002|Block 1002|S||55|23|+43.0395953|-076.1712122|BK||99999
DHCST|NY|100|00|00|000|00|0213510|1000000US360670039001003|360670039001003|1|2|36|01779796|067|H1|00974132|73000|C5|00979539|99999|99|99999999||||99999|99|99999999|73000|C5|00979539|003900|1|1003|9999|9|99999|99|99999999|999|99999|99|99999999|999999|9|99999|99|99999999|45060|1|532|99999|99999|9|999|99999|Y|N|86302|U|U|24|||||053|||||128|||||000342|A|13204|99999|99999|28590|00701|29888|0|1003|Block 1003|S||149|45|+43.0384601|-076.1703572|BK||99999
DHCST|NY|100|00|00|000|00|0213511|1000000US360670039001004|360670039001004|1|2|36|01779796|067|H1|00974132|73000|C5|00979539|99999|99|99999999||||99999|99|99999999|73000|C5|00979539|003900|1|1004|9999|9|99999|99|99999999|999|99999|99|99999999|999999|9|99999|99|99999999|45060|1|532|99999|99999|9|999|99999|Y|N|86302|U|U|24|||||053|||||128|||||000342|A|13204|99999|99999|28590|00701|19737|0|1004|Block 1004|S||71|25|+43.0388382|-076.1685047|BK||99999
DHCST|NY|100|00|00|000|00|0213512|1000000US360670039001005|360670039001005|1|2|36|01779796|067|H1|00974132|73000|C5|00979539|99999|99|99999999||||99999|99|99999999|73000|C5|00979539|003900|1|1005|9999|9|99999|99|99999999|999|99999|99|99999999|999999|9|99999|99|99999999|45060|1|532|99999|99999|9|999|99999|Y|N|86302|U|U|24|||||053|||||128|||||000342|A|13204|99999|99999|28590|00701|26392|0|1005|Block 1005|S||75|34|+43.0379793|-076.1677413|BK||99999
DHCST|NY|100|00|00|000|00|0213513|1000000US360670039001006|360670039001006|1|2|36|01779796|067|H1|00974132|73000|C5|00979539|99999|99|99999999||||99999|99|99999999|73000|C5|00979539|003900|1|1006|9999|9|99999|99|99999999|999|99999|99|99999999|999999|9|99999|99|99999999|45060|1|532|99999|99999|9|999|99999|Y|N|86302|U|U|24|||||053|||||128|||||000344|A|13204|99999|99999|28590|00701|23619|0|1006|Block 1006|S||93|39|+43.0374352|-076.1667421|BK||99999
DHCST|NY|100|00|00|000|00|0213514|1000000US360670039001007|360670039001007|1|2|36|01779796|067|H1|00974132|73000|C5|00979539|99999|99|99999999||||99999|99|99999999|73000|C5|00979539|003900|1|1007|9999|9|99999|99|99999999|999|99999|99|99999999|999999|9|99999|99|99999999|45060|1|532|99999|99999|9|999|99999|Y|N|86302|U|U|24|||||053|||||128|||||000344|A|13204|99999|99999|28590|00701|20343|0|1007|Block 1007|S||74|33|+43.0369010|-076.1657272|BK||99999
DHCST|NY|100|00|00|000|00|0213515|1000000US360670039001008|360670039001008|1|2|36|01779796|067|H1|00974132|73000|C5|00979539|99999|99|99999999||||99999|99|99999999|73000|C5|00979539|003900|1|1008|9999|9|99999|99|99999999|999|99999|99|99999999|999999|9|99999|99|99999999|45060|1|532|99999|99999|9|999|99999|Y|N|86302|U|U|24|||||053|||||128|||||000344|A|13204|99999|99999|28590|00701|35020|0|1008|Block 1008|S||94|46|+43.0359102|-076.1670145|BK||99999
DHCST|NY|100|00|00|000|00|0213516|1000000US360670039001009|360670039001009|1|2|36|01779796|067|H1|00974132|73000|C5|00979539|99999|99|99999999||||99999|99|99999999|73000|C5|00979539|003900|1|1009|9999|9|99999|99|99999999|999|99999|99|99999999|999999|9|99999|99|99999999|45060|1|532|99999|99999|9|999|99999|Y|N|86302|U|U|24|||||053|||||128|||||000342|A|13204|99999|99999|28590|00701|39923|0|1009|Block 1009|S||129|52|+43.0376359|-076.1709375|BK||99999
DHCST|NY|100|00|00|000|00|0213517|1000000US360670039001010|360670039001010|1|2|36|01779796|067|H1|00974132|73000|C5|00979539|99999|99|99999999||||99999|99|99999999|73000|C5|00979539|003900|1|1010|9999|9|99999|99|99999999|999|99999|99|99999999|999999|9|99999|99|99999999|45060|1|532|99999|99999|9|999|99999|Y|N|86302|U|U|24|||||053|||||128|||||000354|A|13204|99999|99999|28590|00701|37434|0|1010|Block 1010|S||167|52|+43.0367696|-076.1714003|BK||99999
DHCST|NY|100|00|00|000|00|0213518|1000000US360670039002000|360670039002000|1|2|36|01779796|067|H1|00974132|73000|C5|00979539|99999|99|99999999||||99999|99|99999999|73000|C5|00979539|003900|2|2000|9999|9|99999|99|99999999|999|99999|99|99999999|999999|9|99999|99|99999999|45060|1|532|99999|99999|9|999|99999|Y|N|86302|U|U|24|||||053|||||128|||||000344|A|13204|99999|99999|28590|00701|30437|0|2000|Block 2000|S||115|82|+43.0341437|-076.1654990|BK||99999
DHCST|NY|100|00|00|000|00|0213519|1000000US360670039002001|360670039002001|1|2|36|01779796|067|H1|00974132|73000|C5|00979539|99999|99|99999999||||99999|99|99999999|73000|C5|00979539|003900|2|2001|9999|9|99999|99|99999999|999|99999|99|99999999|999999|9|99999|99|99999999|45060|1|532|99999|99999|9|999|99999|Y|N|86302|U|U|24|||||053|||||128|||||000344|A|13204|99999|99999|28590|00701|28757|0|2001|Block 2001|S||59|32|+43.0352490|-076.1679281|BK||99999
DHCST|NY|100|00|00|000|00|0213520|1000000US360670039002002|360670039002002|1|2|36|01779796|067|H1|00974132|73000|C5|00979539|99999|99|99999999||||99999|99|99999999|73000|C5|00979539|003900|2|2002|9999|9|99999|99|99999999|999|99999|99|99999999|999999|9|99999|99|99999999|45060|1|532|99999|99999|9|999|99999|Y|N|86302|U|U|24|||||053|||||128|||||000344|A|13204|99999|99999|28590|00701|1914|0|2002|Block 2002|S||0|0|+43.0351844|-076.1695619|BK||99999
DHCST|NY|100|00|00|000|00|0213521|1000000US360670039002003|360670039002003|1|2|36|01779796|067|H1|00974132|73000|C5|00979539|99999|99|99999999||||99999|99|99999999|73000|C5|00979539|003900|2|2003|9999|9|99999|99|99999999|999|99999|99|99999999|999999|9|99999|99|99999999|45060|1|532|99999|99999|9|999|99999|Y|N|86302|U|U|24|||||053|||||128|||||000354|A|13204|99999|99999|28590|00701|18322|0|2003|Block 2003|S||106|39|+43.0356058|-076.1711610|BK||99999
DHCST|NY|100|00|00|000|00|0213522|1000000US360670039002004|360670039002004|1|2|36|01779796|067|H1|00974132|73000|C5|00979539|99999|99|99999999||||99999|99|99999999|73000|C5|00979539|003900|2|2004|9999|9|99999|99|99999999|999|99999|99|99999999|999999|9|99999|99|99999999|45060|1|532|99999|99999|9|999|99999|Y|N|86302|U|U|24|||||053|||||128|||||000354|A|13204|99999|99999|28590|00701|17832|0|2004|Block 2004|S||47|29|+43.0363457|-076.1729639|BK||99999
DHCST|NY|100|00|00|000|00|0213523|1000000US360670039002005|360670039002005|1|2|36|01779796|067|H1|00974132|73000|C5|00979539|99999|99|99999999||||99999|99|99999999|73000|C5|00979539|003900|2|2005|9999|9|99999|99|99999999|999|99999|99|99999999|999999|9|99999|99|99999999|45060|1|532|99999|99999|9|999|99999|Y|N|86302|U|U|24|||||053|||||128|||||000350|A|13204|99999|99999|28590|00701|14594|0|2005|Block 2005|S||60|21|+43.0353710|-076.1732292|BK||99999
DHCST|NY|100|00|00|000|00|0213524|1000000US360670039002006|360670039002006|1|2|36|01779796|067|H1|00974132|73000|C5|00979539|99999|99|99999999||||99999|99|99999999|73000|C5|00979539|003900|2|2006|9999|9|99999|99|99999999|999|99999|99|99999999|999999|9|99999|99|99999999|45060|1|532|99999|99999|9|999|99999|Y|N|86302|U|U|24|||||053|||||128|||||000354|A|13204|99999|99999|28590|00701|2955|0|2006|Block 2006|S||0|0|+43.0351653|-076.1719194|BK||99999
DHCST|NY|100|00|00|000|00|0213525|1000000US360670039002007|360670039002007|1|2|36|01779796|067|H1|00974132|73000|C5|00979539|99999|99|99999999||||99999|99|99999999|73000|C5|00979539|003900|2|2007|9999|9|99999|99|99999999|999|99999|99|99999999|999999|9|99999|99|99999999|45060|1|532|99999|99999|9|999|99999|Y|N|86302|U|U|24|||||053|||||128|||||000354|A|13204|99999|99999|28590|00701|20459|0|2007|Block 2007|S||43|33|+43.0345280|-076.1712069|BK||99999
DHCST|NY|100|00|00|000|00|0213526|1000000US360670039002008|360670039002008|1|2|36|01779796|067|H1|00974132|73000|C5|00979539|99999|99|99999999||||99999|99|99999999|73000|C5|00979539|003900|2|2008|9999|9|99999|99|99999999|999|99999|99|99999999|999999|9|99999|99|99999999|45060|1|532|99999|99999|9|999|99999|Y|N|86302|U|U|24|||||053|||||128|||||000344|A|13204|99999|99999|28590|00701|17878|0|2008|Block 2008|S||60|29|+43.0345571|-076.1688563|BK||99999
DHCST|NY|100|00|00|000|00|0213527|1000000US360670039002009|360670039002009|1|2|36|01779796|067|H1|00974132|73000|C5|00979539|99999|99|99999999||||99999|99|99999999|73000|C5|00979539|003900|2|2009|9999|9|99999|99|99999999|999|99999|99|99999999|999999|9|99999|99|99999999|45060|1|532|99999|99999|9|999|99999|Y|N|86302|U|U|24|||||053|||||128|||||000344|A|13204|99999|99999|28590|00701|35206|0|2009|Block 2009|S||116|48|+43.0336872|-076.1681451|BK||99999
DHCST|NY|100|00|00|000|00|0213528|1000000US360670039002010|360670039002010|1|2|36|01779796|067|H1|00974132|73000|C5|00979539|99999|99|99999999||||99999|99|99999999|73000|C5|00979539|003900|2|2010|9999|9|99999|99|99999999|999|99999|99|99999999|999999|9|99999|99|99999999|45060|1|532|99999|99999|9|999|99999|Y|N|86302|U|U|24|||||053|||||128|||||000354|A|13204|99999|99999|28590|00701|26546|0|2010|Block 2010|S||168|70|+43.0335144|-076.1712624|BK||99999
DHCST|NY|100|00|00|000|00|0213529|1000000US360670039002011|360670039002011|1|2|36|01779796|067|H1|00974132|73000|C5|00979539|99999|99|99999999||||99999|99|99999999|73000|C5|00979539|003900|2|2011|9999|9|99999|99|99999999|999|99999|99|99999999|999999|9|99999|99|99999999|45060|1|532|99999|99999|9|999|99999|Y|N|86302|U|U|24|||||053|||||128|||||000354|A|13204|99999|99999|28590|00701|23512|0|2011|Block 2011|S||104|32|+43.0334241|-076.1738018|BK||99999
DHCST|NY|100|00|00|000|00|0213530|1000000US360670039002012|360670039002012|1|2|36|01779796|067|H1|00974132|73000|C5|00979539|99999|99|99999999||||99999|99|99999999|73000|C5|00979539|003900|2|2012|9999|9|99999|99|99999999|999|99999|99|99999999|999999|9|99999|99|99999999|45060|1|532|99999|99999|9|999|99999|Y|N|86302|U|U|24|||||053|||||128|||||000354|A|13204|99999|99999|28590|00701|18975|0|2012|Block 2012|S||72|31|+43.0344722|-076.1735779|BK||99999
DHCST|NY|100|00|00|000|00|0213531|1000000US360670039003000|360670039003000|1|2|36|01779796|067|H1|00974132|73000|C5|00979539|99999|99|99999999||||99999|99|99999999|73000|C5|00979539|003900|3|3000|9999|9|99999|99|99999999|999|99999|99|99999999|999999|9|99999|99|99999999|45060|1|532|99999|99999|9|999|99999|Y|N|86302|U|U|24|||||053|||||128|||||000345|A|13204|99999|99999|28590|00701|54559|0|3000|Block 3000|S||92|49|+43.0379400|-076.1581383|BK||99999
DHCST|NY|100|00|00|000|00|0213532|1000000US360670039003001|360670039003001|1|2|36|01779796|067|H1|00974132|73000|C5|00979539|99999|99|99999999||||99999|99|99999999|73000|C5|00979539|003900|3|3001|9999|9|99999|99|99999999|999|99999|99|99999999|999999|9|99999|99|99999999|45060|1|532|99999|99999|9|999|99999|Y|N|86302|U|U|24|||||053|||||128|||||000345|A|13204|99999|99999|28590|00701|38233|0|3001|Block 3001|S||137|103|+43.0377139|-076.1602155|BK||99999
DHCST|NY|100|00|00|000|00|0213533|1000000US360670039003002|360670039003002|1|2|36|01779796|067|H1|00974132|73000|C5|00979539|99999|99|99999999||||99999|99|99999999|73000|C5|00979539|003900|3|3002|9999|9|99999|99|99999999|999|99999|99|99999999|999999|9|99999|99|99999999|45060|1|532|99999|99999|9|999|99999|Y|N|86302|U|U|24|||||053|||||128|||||000345|A|13204|99999|99999|28590|00701|48866|0|3002|Block 3002|S||212|173|+43.0386102|-076.1613168|BK||99999
DHCST|NY|100|00|00|000|00|0213534|1000000US360670039003003|360670039003003|1|2|36|01779796|067|H1|00974132|73000|C5|00979539|99999|99|99999999||||99999|99|99999999|73000|C5|00979539|003900|3|3003|9999|9|99999|99|99999999|999|99999|99|99999999|999999|9|99999|99|99999999|45060|1|532|99999|99999|9|999|99999|Y|N|86302|U|U|24|||||053|||||128|||||000344|A|13204|99999|99999|28590|00701|19483|0|3003|Block 3003|S||51|35|+43.0398639|-076.1617007|BK||99999
DHCST|NY|100|00|00|000|00|0213535|1000000US360670039003004|360670039003004|1|2|36|01779796|067|H1|00974132|73000|C5|00979539|99999|99|99999999||||99999|99|99999999|73000|C5|00979539|003900|3|3004|9999|9|99999|99|99999999|999|99999|99|99999999|999999|9|99999|99|99999999|45060|1|532|99999|99999|9|999|99999|Y|N|86302|U|U|24|||||053|||||128|||||000344|A|13204|99999|99999|28590|00701|9141|0|3004|Block 3004|S||35|12|+43.0401464|-076.1628952|BK||99999
DHCST|NY|100|00|00|000|00|0213536|1000000US360670039003005|360670039003005|1|2|36|01779796|067|H1|00974132|73000|C5|00979539|99999|99|99999999||||99999|99|99999999|73000|C5|00979539|003900|3|3005|9999|9|99999|99|99999999|999|99999|99|99999999|999999|9|99999|99|99999999|45060|1|532|99999|99999|9|999|99999|Y|N|86302|U|U|24|||||053|||||128|||||000342|A|13204|99999|99999|28590|00701|24491|0|3005|Block 3005|S||83|32|+43.0395746|-076.1655105|BK||99999
DHCST|NY|100|00|00|000|00|0213537|1000000US360670039003006|360670039003006|1|2|36|01779796|067|H1|00974132|73000|C5|00979539|99999|99|99999999||||99999|99|99999999|73000|C5|00979539|003900|3|3006|9999|9|99999|99|99999999|999|99999|99|99999999|999999|9|99999|99|99999999|45060|1|532|99999|99999|9|999|99999|Y|N|86302|U|U|24|||||053|||||128|||||000344|A|13204|99999|99999|28590|00701|26796|0|3006|Block 3006|S||90|38|+43.0390331|-076.1645637|BK||99999
DHCST|NY|100|00|00|000|00|0213538|1000000US360670039003007|360670039003007|1|2|36|01779796|067|H1|00974132|73000|C5|00979539|99999|99|99999999||||99999|99|99999999|73000|C5|00979539|003900|3|3007|9999|9|99999|99|99999999|999|99999|99|99999999|999999|9|99999|99|99999999|45060|1|532|99999|99999|9|999|99999|Y|N|86302|U|U|24|||||053|||||128|||||000344|A|13204|99999|99999|28590|00701|26928|0|3007|Block 3007|S||78|44|+43.0383931|-076.1636907|BK||99999
DHCST|NY|100|00|00|000|00|0213539|1000000US360670039003008|360670039003008|1|2|36|01779796|067|H1|00974132|73000|C5|00979539|99999|99|99999999||||99999|99|99999999|73000|C5|00979539|003900|3|3008|9999|9|99999|99|99999999|999|99999|99|99999999|999999|9|99999|99|99999999|45060|1|532|99999|99999|9|999|99999|Y|N|86302|U|U|24|||||053|||||128|||||000344|A|13204|99999|99999|28590|00701|38757|0|3008|Block 3008|S||116|73|+43.0366154|-076.1640473|BK||99999
DHCST|NY|100|00|00|000|00|0213540|1000000US360670039003009|360670039003009|1|2|36|01779796|067|H1|00974132|73000|C5|00979539|99999|99|99999999||||99999|99|99999999|73000|C5|00979539|003900|3|3009|9999|9|99999|99|99999999|999|99999|99|99999999|999999|9|99999|99|99999999|45060|1|532|99999|99999|9|999|99999|Y|N|86302|U|U|24|||||053|||||128|||||000344|A|13204|99999|99999|28590|00701|19744|0|3009|Block 3009|S||75|34|+43.0361107|-076.1626711|BK||99999
DHCST|NY|100|00|00|000|00|0213541|1000000US360670039003010|360670039003010|1|2|36|01779796|067|H1|00974132|73000|C5|00979539|99999|99|99999999||||99999|99|99999999|73000|C5|00979539|003900|3|3010|9999|9|99999|99|99999999|999|99999|99|99999999|999999|9|99999|99|99999999|45060|1|532|99999|99999|9|999|99999|Y|N|86302|U|U|24|||||053|||||128|||||000345|A|13204|99999|99999|28590|00701|22649|0|3010|Block 3010|S||76|33|+43.0364531|-076.1603114|BK||99999
DHCST|NY|100|00|00|000|00|0213542|1000000US360670039003011|360670039003011|1|2|36|01779796|067|H1|00974132|73000|C5|00979539|99999|99|99999999||||99999|99|99999999|73000|C5|00979539|003900|3|3011|9999|9|99999|99|99999999|999|99999|99|99999999|999999|9|99999|99|99999999|45060|1|532|99999|99999|9|999|99999|Y|N|86302|U|U|24|||||053|||||128|||||000345|A|13204|99999|99999|28590|00701|28939|0|3011|Block 3011|S||77|39|+43.0376139|-076.1566515|BK||99999
DHCST|NY|100|00|00|000|00|0213543|1000000US360670039003012|360670039003012|1|2|36|01779796|067|H1|00974132|73000|C5|00979539|99999|99|99999999||||99999|99|99999999|73000|C5|00979539|003900|3|3012|9999|9|99999|99|99999999|999|99999|99|99999999|999999|9|99999|99|99999999|45060|1|532|99999|99999|9|999|99999|Y|N|86302|U|U|24|||||053|||||128|||||000345|A|13202|99999|99999|28590|00701|20572|0|3012|Block 3012|S||83|27|+43.0373241|-076.1554051|BK||99999
DHCST|NY|100|00|00|000|00|0213544|1000000US360670040001000|360670040001000|1|2|36|01779796|067|H1|00974132|73000|C5|00979539|99999|99|99999999||||99999|99|99999999|73000|C5|00979539|004000|1|1000|9999|9|99999|99|99999999|999|99999|99|99999999|999999|9|99999|99|99999999|45060|1|532|99999|99999|9|999|99999|Y|N|86302|U|U|24|||||053|||||129|||||000347|A|13202|99999|99999|28590|00701|16883|0|1000|Block 1000|S||9|4|+43.0431615|-076.1550411|BK||99999
DHCST|NY|100|00|00|000|00|0213545|1000000US360670040001001|360670040001001|1|2|36|01779796|067|H1|00974132|73000|C5|00979539|99999|99|99999999||||99999|99|99999999|73000|C5|00979539|004000|1|1001|9999|9|99999|99|99999999|999|99999|99|99999999|999999|9|99999|99|99999999|45060|1|532|99999|99999|9|999|99999|Y|N|86302|U|U|24|||||053|||||129|||||000347|A|13202|99999|99999|28590|00701|14727|0|1001|Block 1001|S||33|18|+43.0430529|-076.1569813|BK||99999
DHCST|NY|100|00|00|000|00|0213546|1000000US360670040001002|360670040001002|1|2|36|01779796|067|H1|00974132|73000|C5|00979539|99999|99|99999999||||99999|99|99999999|73000|C5|00979539|004000|1|1002|9999|9|99999|99|99999999|999|99999|99|99999999|999999|9|99999|99|99999999|45060|1|532|99999|99999|9|999|99999|Y|N|86302|U|U|24|||||053|||||129|||||000347|A|13202|99999|99999|28590|00701|1789|0|1002|Block 1002|S||0|0|+43.0430028|-076.1579893|BK||99999
DHCST|NY|100|00|00|000|00|0213547|1000000US360670040001003|360670040001003|1|2|36|01779796|067|H1|00974132|73000|C5|00979539|99999|99|99999999||||99999|99|99999999|73000|C5|00979539|004000|1|1003|9999|9|99999|99|99999999|999|99999|99|99999999|999999|9|99999|99|99999999|45060|1|532|99999|99999|9|999|99999|Y|N|86302|U|U|24|||||053|||||129|||||000347|A|13204|99999|99999|28590|00701|19330|0|1003|Block 1003|S||31|10|+43.0429373|-076.1592585|BK||99999
DHCST|NY|100|00|00|000|00|0213548|1000000US360670040001004|360670040001004|1|2|36|01779796|067|H1|00974132|73000|C5|00979539|99999|99|99999999||||99999|99|99999999|73000|C5|00979539|004000|1|1004|9999|9|99999|99|99999999|999|99999|99|99999999|999999|9|99999|99|99999999|45060|1|532|99999|99999|9|999|99999|Y|N|86302|U|U|24|||||053|||||128|||||000344|A|13204|99999|99999|28590|00701|29652|0|1004|Block 1004|S||124|45|+43.0428005|-076.1622167|BK||99999
DHCST|NY|100|00|00|000|00|0213549|1000000US360670040001005|360670040001005|1|2|36|01779796|067|H1|00974132|73000|C5|00979539|99999|99|99999999||||99999|99|99999999|73000|C5|00979539|004000|1|1005|9999|9|99999|99|99999999|999|99999|99|99999999|999999|9|99999|99|99999999|45060|1|532|99999|99999|9|999|99999|Y|N|86302|U|U|24|||||053|||||128|||||000334|A|13204|99999|99999|28590|00701|61465|0|1005|Block 1005|S||233|105|+43.0425359|-076.1677377|BK||99999
DHCST|NY|100|00|00|000|00|0213550|1000000US360670040001006|360670040001006|1|2|36|01779796|067|H1|00974132|73000|C5|00979539|99999|99|99999999||||99999|99|99999999|73000|C5|00979539|004000|1|1006|9999|9|99999|99|99999999|999|99999|99|99999999|999999|9|99999|99|99999999|45060|1|532|99999|99999|9|999|99999|Y|N|86302|U|U|24|||||053|||||128|||||000334|A|13204|99999|99999|28590|00701|64256|0|1006|Block 1006|S||171|75|+43.0416229|-076.1678913|BK||99999
DHCST|NY|100|00|00|000|00|0213551|1000000US360670040001007|360670040001007|1|2|36|01779796|067|H1|00974132|73000|C5|00979539|99999|99|99999999||||99999|99|99999999|73000|C5|00979539|004000|1|1007|9999|9|99999|99|99999999|999|99999|99|99999999|999999|9|99999|99|99999999|45060|1|532|99999|99999|9|999|99999|Y|N|86302|U|U|24|||||053|||||128|||||000344|A|13204|99999|99999|28590|00701|29417|0|1007|Block 1007|S||104|45|+43.0418969|-076.1621422|BK||99999
DHCST|NY|100|00|00|000|00|0213552|1000000US360670040001008|360670040001008|1|2|36|01779796|067|H1|00974132|73000|C5|00979539|99999|99|99999999||||99999|99|99999999|73000|C5|00979539|004000|1|1008|9999|9|99999|99|99999999|999|99999|99|99999999|999999|9|99999|99|99999999|45060|1|532|99999|99999|9|999|99999|Y|N|86302|U|U|24|||||053|||||129|||||000347|A|13204|99999|99999|28590|00701|20837|0|1008|Block 1008|S||29|6|+43.0420284|-076.1590573|BK||99999
DHCST|NY|100|00|00|000|00|0213553|1000000US360670040001009|360670040001009|1|2|36|01779796|067|H1|00974132|73000|C5|00979539|99999|99|99999999||||99999|99|99999999|73000|C5|00979539|004000|1|1009|9999|9|99999|99|99999999|999|99999|99|99999999|999999|9|99999|99|99999999|45060|1|532|99999|99999|9|999|99999|Y|N|86302|U|U|24|||||053|||||129|||||000347|A|13202|99999|99999|28590|00701|1747|0|1009|Block 1009|S||0|0|+43.0422512|-076.1577314|BK||99999
DHCST|NY|100|00|00|000|00|0213554|1000000US360670040001010|360670040001010|1|2|36|01779796|067|H1|00974132|73000|C5|00979539|99999|99|99999999||||99999|99|99999999|73000|C5|00979539|004000|1|1010|9999|9|99999|99|99999999|999|99999|99|99999999|999999|9|99999|99|99999999|45060|1|532|99999|99999|9|999|99999|Y|N|86302|U|U|24|||||053|||||128|||||000346|A|13202|99999|99999|28590|00701|27793|0|1010|Block 1010|S||55|58|+43.0419697|-076.1564888|BK||99999
DHCST|NY|100|00|00|000|00|0213555|1000000US360670040001011|360670040001011|1|2|36|01779796|067|H1|00974132|73000|C5|00979539|99999|99|99999999||||99999|99|99999999|73000|C5|00979539|004000|1|1011|9999|9|99999|99|99999999|999|99999|99|99999999|999999|9|99999|99|99999999|45060|1|532|99999|99999|9|999|99999|Y|N|86302|U|U|24|||||053|||||129|||||000341|A|13202|99999|99999|28590|00701|2170|0|1011|Block 1011|S||0|0|+43.0427518|-076.1541975|BK||99999
DHCST|NY|100|00|00|000|00|0213556|1000000US360670040001012|360670040001012|1|2|36|01779796|067|H1|00974132|73000|C5|00979539|99999|99|99999999||||99999|99|99999999|73000|C5|00979539|004000|1|1012|9999|9|99999|99|99999999|999|99999|99|99999999|999999|9|99999|99|99999999|45060|1|532|99999|99999|9|999|99999|Y|N|86302|U|U|24|||||053|||||129|||||000343|A|13202|99999|99999|28590|00701|22885|0|1012|Block 1012|S||50|30|+43.0412733|-076.1555730|BK||99999
DHCST|NY|100|00|00|000|00|0213557|1000000US360670040001013|360670040001013|1|2|36|01779796|067|H1|00974132|73000|C5|00979539|99999|99|99999999||||99999|99|99999999|73000|C5|00979539|004000|1|1013|9999|9|99999|99|99999999|999|99999|99|99999999|999999|9|99999|99|99999999|45060|1|532|99999|99999|9|999|99999|Y|N|86302|U|U|24|||||053|||||129|||||000348|A|13202|99999|99999|28590|00701|12426|0|1013|Block 1013|S||18|2|+43.0401678|-076.1564578|BK||99999
DHCST|NY|100|00|00|000|00|0213558|1000000US360670040001014|360670040001014|1|2|36|01779796|067|H1|00974132|73000|C5|00979539|99999|99|99999999||||99999|99|99999999|73000|C5|00979539|004000|1|1014|9999|9|99999|99|99999999|999|99999|99|99999999|999999|9|99999|99|99999999|45060|1|532|99999|99999|9|999|99999|Y|N|86302|U|U|24|||||053|||||128|||||000345|A|13202|99999|99999|28590|00701|18726|0|1014|Block 1014|S||90|48|+43.0409524|-076.1581685|BK||99999
DHCST|NY|100|00|00|000|00|0213559|1000000US360670040001015|360670040001015|1|2|36|01779796|067|H1|00974132|73000|C5|00979539|99999|99|99999999||||99999|99|99999999|73000|C5|00979539|004000|1|1015|9999|9|99999|99|99999999|999|99999|99|99999999|999999|9|99999|99|99999999|45060|1|532|99999|99999|9|999|99999|Y|N|86302|U|U|24|||||053|||||128|||||000345|A|13204|99999|99999|28590|00701|38893|0|1015|Block 1015|S||80|22|+43.0406213|-076.1598177|BK||99999
DHCST|NY|100|00|00|000|00|0213560|1000000US360670040001016|360670040001016|1|2|36|01779796|067|H1|00974132|73000|C5|00979539|99999|99|99999999||||99999|99|99999999|73000|C5|00979539|004000|1|1016|9999|9|99999|99|99999999|999|99999|99|99999999|999999|9|99999|99|99999999|45060|1|532|99999|99999|9|999|99999|Y|N|86302|U|U|24|||||053|||||128|||||000344|A|13204|99999|99999|28590|00701|20708|0|1016|Block 1016|S||61|24|+43.0409408|-076.1626718|BK||99999
DHCST|NY|100|00|00|000|00|0213561|1000000US360670040001017|360670040001017|1|2|36|01779796|067|H1|00974132|73000|C5|00979539|99999|99|99999999||||99999|99|99999999|73000|C5|00979539|004000|1|1017|9999|9|99999|99|99999999|999|99999|99|99999999|999999|9|99999|99|99999999|45060|1|532|99999|99999|9|999|99999|Y|N|86302|U|U|24|||||053|||||128|||||000342|A|13204|99999|99999|28590|00701|72873|0|1017|Block 1017|S||199|113|+43.0406837|-076.1680245|BK||99999
DHCST|NY|100|00|00|000|00|0213562|1000000US360670040001018|360670040001018|1|2|36|01779796|067|H1|00974132|73000|C5|00979539|99999|99|99999999||||99999|99|99999999|73000|C5|00979539|004000|1|1018|9999|9|99999|99|99999999|999|99999|99|99999999|999999|9|99999|99|99999999|45060|1|532|99999|99999|9|999|99999|Y|N|86302|U|U|24|||||053|||||128|||||000345|A|13202|99999|99999|28590|00701|11972|0|1018|Block 1018|S||54|13|+43.0389522|-076.1558262|BK||99999
DHCST|NY|100|00|00|000|00|0213563|1000000US360670040001019|360670040001019|1|2|36|01779796|067|H1|00974132|73000|C5|00979539|99999|99|99999999||||99999|99|99999999|73000|C5|00979539|004000|1|1019|9999|9|99999|99|99999999|999|99999|99|99999999|999999|9|99999|99|99999999|45060|1|532|99999|99999|9|999|99999|Y|N|86302|U|U|24|||||053|||||129|||||000348|A|13202|99999|99999|28590|00701|13087|0|1019|Block 1019|S||0|0|+43.0396956|-076.1571277|BK||99999
DHCST|NY|100|00|00|000|00|0213564|1000000US360670042001000|360670042001000|1|2|36|01779796|067|H1|00974132|73000|C5|00979539|99999|99|99999999||||99999|99|99999999|73000|C5|00979539|004200|1|1000|9999|9|99999|99|99999999|999|99999|99|99999999|999999|9|99999|99|99999999|45060|1|532|99999|99999|9|999|99999|Y|N|86302|U|U|24|||||053|||||128|||||000340|A|13202|99999|99999|28590|00701|22527|0|1000|Block 1000|S||193|105|+43.0412918|-076.1431484|BK||99999
DHCST|NY|100|00|00|000|00|0213565|1000000US360670042001001|360670042001001|1|2|36|01779796|067|H1|00974132|73000|C5|00979539|99999|99|99999999||||99999|99|99999999|73000|C5|00979539|004200|1|1001|9999|9|99999|99|99999999|999|99999|99|99999999|999999|9|99999|99|99999999|45060|1|532|99999|99999|9|999|99999|Y|N|86302|U|U|24|||||053|||||128|||||000340|A|13202|99999|99999|28590|00701|8714|0|1001|Block 1001|S||96|49|+43.0421838|-076.1435524|BK||99999
DHCST|NY|100|00|00|000|00|0213566|1000000US360670042001002|360670042001002|1|2|36|01779796|067|H1|00974132|73000|C5|00979539|99999|99|99999999||||99999|99|99999999|73000|C5|00979539|004200|1|1002|9999|9|99999|99|99999999|999|99999|99|99999999|999999|9|99999|99|99999999|45060|1|532|99999|99999|9|999|99999|Y|N|86302|U|U|24|||||053|||||128|||||000340|A|13202|99999|99999|28590|00701|8702|0|1002|Block 1002|S||79|46|+43.0421923|-076.1444286|BK||99999
DHCST|NY|100|00|00|000|00|0213567|1000000US360670042001003|360670042001003|1|2|36|01779796|067|H1|00974132|73000|C5|00979539|99999|99|99999999||||99999|99|99999999|73000|C5|00979539|004200|1|1003|9999|9|99999|99|99999999|999|99999|99|99999999|999999|9|99999|99|99999999|45060|1|532|99999|99999|9|999|99999|Y|N|86302|U|U|24|||||053|||||128|||||000340|A|13202|99999|99999|28590|00701|33480|0|1003|Block 1003|S||347|196|+43.0408135|-076.1450824|BK||99999
DHCST|NY|100|00|00|000|00|0213568|1000000US360670042001004|360670042001004|1|2|36|01779796|067|H1|00974132|73000|C5|00979539|99999|99|99999999||||99999|99|99999999|73000|C5|00979539|004200|1|1004|9999|9|99999|99|99999999|999|99999|99|99999999|999999|9|99999|99|99999999|45060|1|532|99999|99999|9|999|99999|Y|N|86302|U|U|24|||||053|||||128|||||000340|A|13202|99999|99999|28590|00701|10291|0|1004|Block 1004|S||117|59|+43.0409890|-076.1444259|BK||99999
DHCST|NY|100|00|00|000|00|0213569|1000000US360670042001005|360670042001005|1|2|36|01779796|067|H1|00974132|73000|C5|00979539|99999|99|99999999||||99999|99|99999999|73000|C5|00979539|004200|1|1005|9999|9|99999|99|99999999|999|99999|99|99999999|999999|9|99999|99|99999999|45060|1|532|99999|99999|9|999|99999|Y|N|86302|U|U|24|||||053|||||128|||||000340|A|13202|99999|99999|28590|00701|12745|0|1005|Block 1005|S||0|0|+43.0399225|-076.1431508|BK||99999
DHCST|NY|100|00|00|000|00|0213570|1000000US360670042001006|360670042001006|1|2|36|01779796|067|H1|00974132|73000|C5|00979539|99999|99|99999999||||99999|99|99999999|73000|C5|00979539|004200|1|1006|9999|9|99999|99|99999999|999|99999|99|99999999|999999|9|99999|99|99999999|45060|1|532|99999|99999|9|999|99999|Y|N|86302|U|U|24|||||053|||||129|||||000377|A|13202|99999|99999|28590|00701|15324|0|1006|Block 1006|S||0|0|+43.0389558|-076.1430282|BK||99999
DHCST|NY|100|00|00|000|00|0213571|1000000US360670042001007|360670042001007|1|2|36|01779796|067|H1|00974132|73000|C5|00979539|99999|99|99999999||||99999|99|99999999|73000|C5|00979539|004200|1|1007|9999|9|99999|99|99999999|999|99999|99|99999999|999999|9|99999|99|99999999|45060|1|532|99999|99999|9|999|99999|Y|N|86302|U|U|24|||||053|||||128|||||000414|A|13202|99999|99999|28590|00701|16827|0|1007|Block 1007|S||0|0|+43.0388779|-076.1447145|BK||99999
DHCST|NY|100|00|00|000|00|0213572|1000000US360670042002000|360670042002000|1|2|36|01779796|067|H1|00974132|73000|C5|00979539|99999|99|99999999||||99999|99|99999999|73000|C5|00979539|004200|2|2000|9999|9|99999|99|99999999|999|99999|99|99999999|999999|9|99999|99|99999999|45060|1|532|99999|99999|9|999|99999|Y|N|86302|U|U|24|||||053|||||128|||||000340|A|13202|99999|99999|28590|00701|56413|0|2000|Block 2000|S||257|75|+43.0410370|-076.1466250|BK||99999
DHCST|NY|100|00|00|000|00|0213573|1000000US360670042002001|360670042002001|1|2|36|01779796|067|H1|00974132|73000|C5|00979539|99999|99|99999999||||99999|99|99999999|73000|C5|00979539|004200|2|2001|9999|9|99999|99|99999999|999|99999|99|99999999|999999|9|99999|99|99999999|45060|1|532|99999|99999|9|999|99999|Y|N|86302|U|U|24|||||053|||||128|||||000340|A|13202|99999|99999|28590|00701|32521|0|2001|Block 2001|S||0|0|+43.0415449|-076.1484284|BK||99999
DHCST|NY|100|00|00|000|00|0213574|1000000US360670042002002|360670042002002|1|2|36|01779796|067|H1|00974132|73000|C5|00979539|99999|99|99999999||||99999|99|99999999|73000|C5|00979539|004200|2|2002|9999|9|99999|99|99999999|999|99999|99|99999999|999999|9|99999|99|99999999|45060|1|532|99999|99999|9|999|99999|Y|N|86302|U|U|24|||||053|||||128|||||000340|A|13202|99999|99999|28590|00701|33928|0|2002|Block 2002|S||45|8|+43.0417580|-076.1500126|BK||99999
DHCST|NY|100|00|00|000|00|0213575|1000000US360670042002003|360670042002003|1|2|36|01779796|067|H1|00974132|73000|C5|00979539|99999|99|99999999||||99999|99|99999999|73000|C5|00979539|004200|2|2003|9999|9|99999|99|99999999|999|99999|99|99999999|999999|9|99999|99|99999999|45060|1|532|99999|99999|9|999|99999|Y|N|86302|U|U|24|||||053|||||129|||||000341|A|13202|99999|99999|28590|00701|4379|0|2003|Block 2003|S||0|0|+43.0423080|-076.1511148|BK||99999
DHCST|NY|100|00|00|000|00|0213576|1000000US360670042002004|360670042002004|1|2|36|01779796|067|H1|00974132|73000|C5|00979539|99999|99|99999999||||99999|99|99999999|73000|C5|00979539|004200|2|2004|9999|9|99999|99|99999999|999|99999|99|99999999|999999|9|99999|99|99999999|45060|1|532|99999|99999|9|999|99999|Y|N|86302|U|U|24|||||053|||||129|||||000341|A|13202|99999|99999|28590|00701|25527|0|2004|Block 2004|S||0|0|+43.0416091|-076.1517450|BK||99999
DHCST|NY|100|00|00|000|00|0213577|1000000US360670042002005|360670042002005|1|2|36|01779796|067|H1|00974132|73000|C5|00979539|99999|99|99999999||||99999|99|99999999|73000|C5|00979539|004200|2|2005|9999|9|99999|99|99999999|999|99999|99|99999999|999999|9|99999|99|99999999|45060|1|532|99999|99999|9|999|99999|Y|N|86302|U|U|24|||||053|||||129|||||000341|A|13202|99999|99999|28590|00701|24621|0|2005|Block 2005|S||0|0|+43.0413493|-076.1529709|BK||99999
DHCST|NY|100|00|00|000|00|0213578|1000000US360670042002006|360670042002006|1|2|36|01779796|067|H1|00974132|73000|C5|00979539|99999|99|99999999||||99999|99|99999999|73000|C5|00979539|004200|2|2006|9999|9|99999|99|99999999|999|99999|99|99999999|999999|9|99999|99|99999999|45060|1|532|99999|99999|9|999|99999|Y|N|86302|U|U|24|||||053|||||129|||||000343|A|13202|99999|99999|28590|00701|11103|0|2006|Block 2006|S||0|0|+43.0413656|-076.1542302|BK||99999
DHCST|NY|100|00|00|000|00|0213579|1000000US360670042002007|360670042002007|1|2|36|01779796|067|H1|00974132|73000|C5|00979539|99999|99|99999999||||99999|99|99999999|73000|C5|00979539|004200|2|2007|9999|9|99999|99|99999999|999|99999|99|99999999|999999|9|99999|99|99999999|45060|1|532|99999|99999|9|999|99999|Y|N|86302|U|U|24|||||053|||||129|||||000343|A|13202|99999|99999|28590|00701|23280|0|2007|Block 2007|S||0|0|+43.0405959|-076.1544400|BK||99999
DHCST|NY|100|00|00|000|00|0213580|1000000US360670042002008|360670042002008|1|2|36|01779796|067|H1|00974132|73000|C5|00979539|99999|99|99999999||||99999|99|99999999|73000|C5|00979539|004200|2|2008|9999|9|99999|99|99999999|999|99999|99|99999999|999999|9|99999|99|99999999|45060|1|532|99999|99999|9|999|99999|Y|N|86302|U|U|24|||||053|||||128|||||000340|A|13202|99999|99999|28590|00701|15744|0|2008|Block 2008|S||0|0|+43.0399326|-076.1481747|BK||99999
DHCST|NY|100|00|00|000|00|0213581|1000000US360670042002009|360670042002009|1|2|36|01779796|067|H1|00974132|73000|C5|00979539|99999|99|99999999||||99999|99|99999999|73000|C5|00979539|004200|2|2009|9999|9|99999|99|99999999|999|99999|99|99999999|999999|9|99999|99|99999999|45060|1|532|99999|99999|9|999|99999|Y|N|86302|U|U|24|||||053|||||128|||||000414|A|13202|99999|99999|28590|00701|17595|0|2009|Block 2009|S||0|0|+43.0399177|-076.1495876|BK||99999
DHCST|NY|100|00|00|000|00|0213582|1000000US360670042002010|360670042002010|1|2|36|01779796|067|H1|00974132|73000|C5|00979539|99999|99|99999999||||99999|99|99999999|73000|C5|00979539|004200|2|2010|9999|9|99999|99|99999999|999|99999|99|99999999|999999|9|99999|99|99999999|45060|1|532|99999|99999|9|999|99999|Y|N|86302|U|U|24|||||053|||||128|||||000414|A|13202|99999|99999|28590|00701|18478|0|2010|Block 2010|S||0|0|+43.0398184|-076.1510939|BK||99999
DHCST|NY|100|00|00|000|00|0213583|1000000US360670042002011|360670042002011|1|2|36|01779796|067|H1|00974132|73000|C5|00979539|99999|99|99999999||||99999|99|99999999|73000|C5|00979539|004200|2|2011|9999|9|99999|99|99999999|999|99999|99|99999999|999999|9|99999|99|99999999|45060|1|532|99999|99999|9|999|99999|Y|N|86302|U|U|24|||||053|||||128|||||000414|A|13202|99999|99999|28590|00701|15379|0|2011|Block 2011|S||0|0|+43.0395984|-076.1523124|BK||99999
DHCST|NY|100|00|00|000|00|0213584|1000000US360670042002012|360670042002012|1|2|36|01779796|067|H1|00974132|73000|C5|00979539|99999|99|99999999||||99999|99|99999999|73000|C5|00979539|004200|2|2012|9999|9|99999|99|99999999|999|99999|99|99999999|999999|9|99999|99|99999999|45060|1|532|99999|99999|9|999|99999|Y|N|86302|U|U|24|||||053|||||128|||||000414|A|13202|99999|99999|28590|00701|27404|0|2012|Block 2012|S||0|0|+43.0378991|-076.1506872|BK||99999
DHCST|NY|100|00|00|000|00|0213585|1000000US360670042002013|360670042002013|1|2|36|01779796|067|H1|00974132|73000|C5|00979539|99999|99|99999999||||99999|99|99999999|73000|C5|00979539|004200|2|2013|9999|9|99999|99|99999999|999|99999|99|99999999|999999|9|99999|99|99999999|45060|1|532|99999|99999|9|999|99999|Y|N|86302|U|U|24|||||053|||||128|||||000414|A|13202|99999|99999|28590|00701|13945|0|2013|Block 2013|S||0|0|+43.0387432|-076.1494379|BK||99999
DHCST|NY|100|00|00|000|00|0213586|1000000US360670042002014|360670042002014|1|2|36|01779796|067|H1|00974132|73000|C5|00979539|99999|99|99999999||||99999|99|99999999|73000|C5|00979539|004200|2|2014|9999|9|99999|99|99999999|999|99999|99|99999999|999999|9|99999|99|99999999|45060|1|532|99999|99999|9|999|99999|Y|N|86302|U|U|24|||||053|||||128|||||000414|A|13202|99999|99999|28590|00701|12980|0|2014|Block 2014|S||0|0|+43.0387375|-076.1480774|BK||99999
DHCST|NY|100|00|00|000|00|0213587|1000000US360670042002015|360670042002015|1|2|36|01779796|067|H1|00974132|73000|C5|00979539|99999|99|99999999||||99999|99|99999999|73000|C5|00979539|004200|2|2015|9999|9|99999|99|99999999|999|99999|99|99999999|999999|9|99999|99|99999999|45060|1|532|99999|99999|9|999|99999|Y|N|86302|U|U|24|||||053|||||128|||||000414|A|13202|99999|99999|28590|00701|17669|0|2015|Block 2015|S||0|0|+43.0388048|-076.1465014|BK||99999
DHCST|NY|100|00|00|000|00|0213588|1000000US360670042002016|360670042002016|1|2|36|01779796|067|H1|00974132|73000|C5|00979539|99999|99|99999999||||99999|99|99999999|73000|C5|00979539|004200|2|2016|9999|9|99999|99|99999999|999|99999|99|99999999|999999|9|99999|99|99999999|45060|1|532|99999|99999|9|999|99999|Y|N|86302|U|U|24|||||053|||||128|||||000414|A|13202|99999|99999|28590|00701|43755|0|2016|Block 2016|S||493|269|+43.0368990|-076.1463828|BK||99999
DHCST|NY|100|00|00|000|00|0213589|1000000US360670042002017|360670042002017|1|2|36|01779796|067|H1|00974132|73000|C5|00979539|99999|99|99999999||||99999|99|99999999|73000|C5|00979539|004200|2|2017|9999|9|99999|99|99999999|999|99999|99|99999999|999999|9|99999|99|99999999|45060|1|532|99999|99999|9|999|99999|Y|N|86302|U|U|24|||||053|||||128|||||000414|A|13202|99999|99999|28590|00701|14833|0|2017|Block 2017|S||131|62|+43.0378986|-076.1446685|BK||99999
DHCST|NY|100|00|00|000|00|0213590|1000000US360670042002018|360670042002018|1|2|36|01779796|067|H1|00974132|73000|C5|00979539|99999|99|99999999||||99999|99|99999999|73000|C5|00979539|004200|2|2018|9999|9|99999|99|99999999|999|99999|99|99999999|999999|9|99999|99|99999999|45060|1|532|99999|99999|9|999|99999|Y|N|86302|U|U|24|||||053|||||129|||||000377|A|13202|99999|99999|28590|00701|13746|0|2018|Block 2018|S||0|0|+43.0379616|-076.1429419|BK||99999
DHCST|NY|100|00|00|000|00|0213591|1000000US360670042002019|360670042002019|1|2|36|01779796|067|H1|00974132|73000|C5|00979539|99999|99|99999999||||99999|99|99999999|73000|C5|00979539|004200|2|2019|9999|9|99999|99|99999999|999|99999|99|99999999|999999|9|99999|99|99999999|45060|1|532|99999|99999|9|999|99999|Y|N|86302|U|U|24|||||053|||||128|||||000414|A|13202|99999|99999|28590|00701|19044|0|2019|Block 2019|S||25|6|+43.0366673|-076.1430691|BK||99999
DHCST|NY|100|00|00|000|00|0213592|1000000US360670042002020|360670042002020|1|2|36|01779796|067|H1|00974132|73000|C5|00979539|99999|99|99999999||||99999|99|99999999|73000|C5|00979539|004200|2|2020|9999|9|99999|99|99999999|999|99999|99|99999999|999999|9|99999|99|99999999|45060|1|532|99999|99999|9|999|99999|Y|N|86302|U|U|24|||||053|||||128|||||000414|A|13202|99999|99999|28590|00701|13112|0|2020|Block 2020|S||37|8|+43.0370542|-076.1446007|BK||99999
DHCST|NY|100|00|00|000|00|0213593|1000000US360670042002021|360670042002021|1|2|36|01779796|067|H1|00974132|73000|C5|00979539|99999|99|99999999||||99999|99|99999999|73000|C5|00979539|004200|2|2021|9999|9|99999|99|99999999|999|99999|99|99999999|999999|9|99999|99|99999999|45060|1|532|99999|99999|9|999|99999|Y|N|86302|U|U|24|||||053|||||128|||||000414|A|13202|99999|99999|28590|00701|17418|0|2021|Block 2021|S||59|23|+43.0361328|-076.1445220|BK||99999
DHCST|NY|100|00|00|000|00|0213594|1000000US360670042002022|360670042002022|1|2|36|01779796|067|H1|00974132|73000|C5|00979539|99999|99|99999999||||99999|99|99999999|73000|C5|00979539|004200|2|2022|9999|9|99999|99|99999999|999|99999|99|99999999|999999|9|99999|99|99999999|45060|1|532|99999|99999|9|999|99999|Y|N|86302|U|U|24|||||053|||||128|||||000414|A|13202|99999|99999|28590|00701|22611|0|2022|Block 2022|S||0|0|+43.0393675|-076.1538266|BK||99999
DHCST|NY|100|00|00|000|00|0213595|1000000US360670042002023|360670042002023|1|2|36|01779796|067|H1|00974132|73000|C5|00979539|99999|99|99999999||||99999|99|99999999|73000|C5|00979539|004200|2|2023|9999|9|99999|99|99999999|999|99999|99|99999999|999999|9|99999|99|99999999|45060|1|532|99999|99999|9|999|99999|Y|N|86302|U|U|24|||||053|||||128|||||000414|A|13202|99999|99999|28590|00701|5600|0|2023|Block 2023|S||0|0|+43.0389436|-076.1549061|BK||99999
DHCST|NY|100|00|00|000|00|0213596|1000000US360670042002024|360670042002024|1|2|36|01779796|067|H1|00974132|73000|C5|00979539|99999|99|99999999||||99999|99|99999999|73000|C5|00979539|004200|2|2024|9999|9|99999|99|99999999|999|99999|99|99999999|999999|9|99999|99|99999999|45060|1|532|99999|99999|9|999|99999|Y|N|86302|U|U|24|||||053|||||128|||||000414|A|13202|99999|99999|28590|00701|35704|0|2024|Block 2024|S||20|2|+43.0374369|-076.1539410|BK||99999
DHCST|NY|100|00|00|000|00|0213597|1000000US360670042002025|360670042002025|1|2|36|01779796|067|H1|00974132|73000|C5|00979539|99999|99|99999999||||99999|99|99999999|73000|C5|00979539|004200|2|2025|9999|9|99999|99|99999999|999|99999|99|99999999|999999|9|99999|99|99999999|45060|1|532|99999|99999|9|999|99999|Y|N|86302|U|U|24|||||053|||||128|||||000414|A|13202|99999|99999|28590|00701|6349|0|2025|Block 2025|S||16|8|+43.0384057|-076.1532576|BK||99999
DHCST|NY|100|00|00|000|00|0213598|1000000US360670042002026|360670042002026|1|2|36|01779796|067|H1|00974132|73000|C5|00979539|99999|99|99999999||||99999|99|99999999|73000|C5|00979539|004200|2|2026|9999|9|99999|99|99999999|999|99999|99|99999999|999999|9|99999|99|99999999|45060|1|532|99999|99999|9|999|99999|Y|N|86302|U|U|24|||||053|||||128|||||000414|A|13202|99999|99999|28590|00701|35430|0|2026|Block 2026|S||64|2|+43.0376024|-076.1520280|BK||99999
DHCST|NY|100|00|00|000|00|0213599|1000000US360670042002027|360670042002027|1|2|36|01779796|067|H1|00974132|73000|C5|00979539|99999|99|99999999||||99999|99|99999999|73000|C5|00979539|004200|2|2027|9999|9|99999|99|99999999|999|99999|99|99999999|999999|9|99999|99|99999999|45060|1|532|99999|99999|9|999|99999|Y|N|86302|U|U|24|||||053|||||128|||||000414|A|13202|99999|99999|28590|00701|73816|0|2027|Block 2027|S||0|0|+43.0352564|-076.1529840|BK||99999
DHCST|NY|100|00|00|000|00|0213600|1000000US360670042002028|360670042002028|1|2|36|01779796|067|H1|00974132|73000|C5|00979539|99999|99|99999999||||99999|99|99999999|73000|C5|00979539|004200|2|2028|9999|9|99999|99|99999999|999|99999|99|99999999|999999|9|99999|99|99999999|45060|1|532|99999|99999|9|999|99999|Y|N|86302|U|U|24|||||053|||||128|||||000414|A|13202|99999|99999|28590|00701|17284|0|2028|Block 2028|S||36|10|+43.0336062|-076.1534820|BK||99999
DHCST|NY|100|00|00|000|00|0213601|1000000US360670042002029|360670042002029|1|2|36|01779796|067|H1|00974132|73000|C5|00979539|99999|99|99999999||||99999|99|99999999|73000|C5|00979539|004200|2|2029|9999|9|99999|99|99999999|999|99999|99|99999999|999999|9|99999|99|99999999|45060|1|532|99999|99999|9|999|99999|Y|N|86302|U|U|24|||||053|||||128|||||000414|A|13202|99999|99999|28590|00701|20333|0|2029|Block 2029|S||117|38|+43.0326511|-076.1535346|BK||99999
DHCST|NY|100|00|00|000|00|0213602|1000000US360670042002030|360670042002030|1|2|36|01779796|067|H1|00974132|73000|C5|00979539|99999|99|99999999||||99999|99|99999999|73000|C5|00979539|004200|2|2030|9999|9|99999|99|99999999|999|99999|99|99999999|999999|9|99999|99|99999999|45060|1|532|99999|99999|9|999|99999|Y|N|86302|U|U|24|||||053|||||128|||||000415|A|13202|99999|99999|28590|00701|1632|0|2030|Block 2030|S||0|0|+43.0317184|-076.1536225|BK||99999
DHCST|NY|100|00|00|000|00|0213603|1000000US360670042002031|360670042002031|1|2|36|01779796|067|H1|00974132|73000|C5|00979539|99999|99|99999999||||99999|99|99999999|73000|C5|00979539|004200|2|2031|9999|9|99999|99|99999999|999|99999|99|99999999|999999|9|99999|99|99999999|45060|1|532|99999|99999|9|999|99999|Y|N|86302|U|U|24|||||053|||||128|||||000414|A|13202|99999|99999|28590|00701|18258|0|2031|Block 2031|S||18|1|+43.0372280|-076.1491629|BK||99999
DHCST|NY|100|00|00|000|00|0213604|1000000US360670042002032|360670042002032|1|2|36|01779796|067|H1|00974132|73000|C5|00979539|99999|99|99999999||||99999|99|99999999|73000|C5|00979539|004200|2|2032|9999|9|99999|99|99999999|999|99999|99|99999999|999999|9|99999|99|99999999|45060|1|532|99999|99999|9|999|99999|Y|N|86302|U|U|24|||||053|||||128|||||000414|A|13202|99999|99999|28590|00701|33077|0|2032|Block 2032|S||76|23|+43.0368361|-076.1479331|BK||99999
DHCST|NY|100|00|00|000|00|0213605|1000000US360670042002033|360670042002033|1|2|36|01779796|067|H1|00974132|73000|C5|00979539|99999|99|99999999||||99999|99|99999999|73000|C5|00979539|004200|2|2033|9999|9|99999|99|99999999|999|99999|99|99999999|999999|9|99999|99|99999999|45060|1|532|99999|99999|9|999|99999|Y|N|86302|U|U|24|||||053|||||128|||||000414|A|13202|99999|99999|28590|00701|7509|0|2033|Block 2033|S||0|0|+43.0358445|-076.1490284|BK||99999
DHCST|NY|100|00|00|000|00|0213606|1000000US360670042002034|360670042002034|1|2|36|01779796|067|H1|00974132|73000|C5|00979539|99999|99|99999999||||99999|99|99999999|73000|C5|00979539|004200|2|2034|9999|9|99999|99|99999999|999|99999|99|99999999|999999|9|99999|99|99999999|45060|1|532|99999|99999|9|999|99999|Y|N|86302|U|U|24|||||053|||||128|||||000414|A|13202|99999|99999|28590|00701|7929|0|2034|Block 2034|S||0|0|+43.0369016|-076.1500164|BK||99999
DHCST|NY|100|00|00|000|00|0213607|1000000US360670043011000|360670043011000|1|2|36|01779796|067|H1|00974132|73000|C5|00979539|99999|99|99999999||||99999|99|99999999|73000|C5|00979539|004301|1|1000|9999|9|99999|99|99999999|999|99999|99|99999999|999999|9|99999|99|99999999|45060|1|532|99999|99999|9|999|99999|Y|N|86302|U|U|24|||||053|||||129|||||000377|A|13210|99999|99999|28590|00701|23380|0|1000|Block 1000|S||6|1|+43.0416106|-076.1372536|BK||99999
DHCST|NY|100|00|00|000|00|0213608|1000000US360670043011001|360670043011001|1|2|36|01779796|067|H1|00974132|73000|C5|00979539|99999|99|99999999||||99999|99|99999999|73000|C5|00979539|004301|1|1001|9999|9|99999|99|99999999|999|99999|99|99999999|999999|9|99999|99|99999999|45060|1|532|99999|99999|9|999|99999|Y|N|86302|U|U|24|||||053|||||129|||||000377|A|13210|99999|99999|28590|00701|126529|0|1001|Block 1001|S||32|0|+43.0406190|-076.1395335|BK||99999
DHCST|NY|100|00|00|000|00|0213609|1000000US360670043011002|360670043011002|1|2|36|01779796|067|H1|00974132|73000|C5|00979539|99999|99|99999999||||99999|99|99999999|73000|C5|00979539|004301|1|1002|9999|9|99999|99|99999999|999|99999|99|99999999|999999|9|99999|99|99999999|45060|1|532|99999|99999|9|999|99999|Y|N|86302|U|U|24|||||053|||||128|||||000340|A|13210|99999|99999|28590|00701|12877|0|1002|Block 1002|S||95|52|+43.0400131|-076.1414692|BK||99999
DHCST|NY|100|00|00|000|00|0213610|1000000US360670043011003|360670043011003|1|2|36|01779796|067|H1|00974132|73000|C5|00979539|99999|99|99999999||||99999|99|99999999|73000|C5|00979539|004301|1|1003|9999|9|99999|99|99999999|999|99999|99|99999999|999999|9|99999|99|99999999|45060|1|532|99999|99999|9|999|99999|Y|N|86302|U|U|24|||||053|||||129|||||000377|A|13210|99999|99999|28590|00701|9217|0|1003|Block 1003|S||0|0|+43.0389947|-076.1415868|BK||99999
DHCST|NY|100|00|00|000|00|0213611|1000000US360670043011004|360670043011004|1|2|36|01779796|067|H1|00974132|73000|C5|00979539|99999|99|99999999||||99999|99|99999999|73000|C5|00979539|004301|1|1004|9999|9|99999|99|99999999|999|99999|99|99999999|999999|9|99999|99|99999999|45060|1|532|99999|99999|9|999|99999|Y|N|86302|U|U|24|||||053|||||128|||||000340|A|13210|99999|99999|28590|00701|22330|0|1004|Block 1004|S||192|92|+43.0410460|-076.1413524|BK||99999
DHCST|NY|100|00|00|000|00|0213612|1000000US360670043011005|360670043011005|1|2|36|01779796|067|H1|00974132|73000|C5|00979539|99999|99|99999999||||99999|99|99999999|73000|C5|00979539|004301|1|1005|9999|9|99999|99|99999999|999|99999|99|99999999|999999|9|99999|99|99999999|45060|1|532|99999|99999|9|999|99999|Y|N|86302|U|U|24|||||053|||||129|||||000377|A|13210|99999|99999|28590|00701|585|0|1005|Block 1005|S||0|0|+43.0421703|-076.1424567|BK||99999
DHCST|NY|100|00|00|000|00|0213613|1000000US360670043011006|360670043011006|1|2|36|01779796|067|H1|00974132|73000|C5|00979539|99999|99|99999999||||99999|99|99999999|73000|C5|00979539|004301|1|1006|9999|9|99999|99|99999999|999|99999|99|99999999|999999|9|99999|99|99999999|45060|1|532|99999|99999|9|999|99999|Y|N|86302|U|U|24|||||053|||||128|||||000340|A|13210|99999|99999|28590|00701|2681|0|1006|Block 1006|S||0|0|+43.0408897|-076.1424184|BK||99999
DHCST|NY|100|00|00|000|00|0213614|1000000US360670043011007|360670043011007|1|2|36|01779796|067|H1|00974132|73000|C5|00979539|99999|99|99999999||||99999|99|99999999|73000|C5|00979539|004301|1|1007|9999|9|99999|99|99999999|999|99999|99|99999999|999999|9|99999|99|99999999|45060|1|532|99999|99999|9|999|99999|Y|N|86302|U|U|24|||||053|||||129|||||000377|A|13210|99999|99999|28590|00701|1213|0|1007|Block 1007|S||121|108|+43.0389739|-076.1421464|BK||99999
DHCST|NY|100|00|00|000|00|0213615|1000000US360670043011008|360670043011008|1|2|36|01779796|067|H1|00974132|73000|C5|00979539|99999|99|99999999||||99999|99|99999999|73000|C5|00979539|004301|1|1008|9999|9|99999|99|99999999|999|99999|99|99999999|999999|9|99999|99|99999999|45060|1|532|99999|99999|9|999|99999|Y|N|86302|U|U|24|||||053|||||129|||||000377|A|13210|99999|99999|28590|00701|5603|0|1008|Block 1008|S||0|0|+43.0364539|-076.1424674|BK||99999
DHCST|NY|100|00|00|000|00|0213616|1000000US360670043011009|360670043011009|1|2|36|01779796|067|H1|00974132|73000|C5|00979539|99999|99|99999999||||99999|99|99999999|73000|C5|00979539|004301|1|1009|9999|9|99999|99|99999999|999|99999|99|99999999|999999|9|99999|99|99999999|45060|1|532|99999|99999|9|999|99999|Y|N|86302|U|U|24|||||053|||||129|||||000377|A|13210|99999|99999|28590|00701|5173|0|1009|Block 1009|S||0|0|+43.0380567|-076.1416807|BK||99999
DHCST|NY|100|00|00|000|00|0213617|1000000US360670043011010|360670043011010|1|2|36|01779796|067|H1|00974132|73000|C5|00979539|99999|99|99999999||||99999|99|99999999|73000|C5|00979539|004301|1|1010|9999|9|99999|99|99999999|999|99999|99|99999999|999999|9|99999|99|99999999|45060|1|532|99999|99999|9|999|99999|Y|N|86302|U|U|24|||||053|||||129|||||000377|A|13210|99999|99999|28590|00701|20717|0|1010|Block 1010|S||879|181|+43.0382743|-076.1405447|BK||99999
DHCST|NY|100|00|00|000|00|0213618|1000000US360670043011011|360670043011011|1|2|36|01779796|067|H1|00974132|73000|C5|00979539|99999|99|99999999||||99999|99|99999999|73000|C5|00979539|004301|1|1011|9999|9|99999|99|99999999|999|99999|99|99999999|999999|9|99999|99|99999999|45060|1|532|99999|99999|9|999|99999|Y|N|86302|U|U|24|||||053|||||129|||||000377|A|13210|99999|99999|28590|00701|11606|0|1011|Block 1011|S||0|0|+43.0358064|-076.1422990|BK||99999
DHCST|NY|100|00|00|000|00|0213619|1000000US360670043011012|360670043011012|1|2|36|01779796|067|H1|00974132|73000|C5|00979539|99999|99|99999999||||99999|99|99999999|73000|C5|00979539|004301|1|1012|9999|9|99999|99|99999999|999|99999|99|99999999|999999|9|99999|99|99999999|45060|1|532|99999|99999|9|999|99999|Y|N|86302|U|U|24|||||053|||||129|||||000377|A|13210|99999|99999|28590|00701|4187|0|1012|Block 1012|S||0|0|+43.0371094|-076.1418032|BK||99999
DHCST|NY|100|00|00|000|00|0213620|1000000US360670043011013|360670043011013|1|2|36|01779796|067|H1|00974132|73000|C5|00979539|99999|99|99999999||||99999|99|99999999|73000|C5|00979539|004301|1|1013|9999|9|99999|99|99999999|999|99999|99|99999999|999999|9|99999|99|99999999|45060|1|532|99999|99999|9|999|99999|Y|N|86302|U|U|24|||||053|||||129|||||000377|A|13210|99999|99999|28590|00701|1705|0|1013|Block 1013|S||0|0|+43.0366563|-076.1416208|BK||99999
DHCST|NY|100|00|00|000|00|0213621|1000000US360670043011014|360670043011014|1|2|36|01779796|067|H1|00974132|73000|C5|00979539|99999|99|99999999||||99999|99|99999999|73000|C5|00979539|004301|1|1014|9999|9|99999|99|99999999|999|99999|99|99999999|999999|9|99999|99|99999999|45060|1|532|99999|99999|9|999|99999|Y|N|86302|U|U|24|||||053|||||129|||||000377|A|13210|99999|99999|28590|00701|14601|0|1014|Block 1014|S||552|112|+43.0365653|-076.1411096|BK||99999
DHCST|NY|100|00|00|000|00|0213622|1000000US360670043011015|360670043011015|1|2|36|01779796|067|H1|00974132|73000|C5|00979539|99999|99|99999999||||99999|99|99999999|73000|C5|00979539|004301|1|1015|9999|9|99999|99|99999999|999|99999|99|99999999|999999|9|99999|99|99999999|45060|1|532|99999|99999|9|999|99999|Y|N|86302|U|U|24|||||053|||||129|||||000377|A|13210|99999|99999|28590|00701|19892|0|1015|Block 1015|S||0|0|+43.0366826|-076.1400363|BK||99999
DHCST|NY|100|00|00|000|00|0213623|1000000US360670043011016|360670043011016|1|2|36|01779796|067|H1|00974132|73000|C5|00979539|99999|99|99999999||||99999|99|99999999|73000|C5|00979539|004301|1|1016|9999|9|99999|99|99999999|999|99999|99|99999999|999999|9|99999|99|99999999|45060|1|532|99999|99999|9|999|99999|Y|N|86302|U|U|24|||||053|||||129|||||000377|A|13244|99999|99999|28590|00701|19798|0|1016|Block 1016|S||17|1|+43.0367359|-076.1388015|BK||99999
DHCST|NY|100|00|00|000|00|0213624|1000000US360670043011017|360670043011017|1|2|36|01779796|067|H1|00974132|73000|C5|00979539|99999|99|99999999||||99999|99|99999999|73000|C5|00979539|004301|1|1017|9999|9|99999|99|99999999|999|99999|99|99999999|999999|9|99999|99|99999999|45060|1|532|99999|99999|9|999|99999|Y|N|86302|U|U|24|||||053|||||129|||||000377|A|13210|99999|99999|28590|00701|10313|0|1017|Block 1017|S||17|1|+43.0353391|-076.1399227|BK||99999
DHCST|NY|100|00|00|000|00|0213625|1000000US360670043011018|360670043011018|1|2|36|01779796|067|H1|00974132|73000|C5|00979539|99999|99|99999999||||99999|99|99999999|73000|C5|00979539|004301|1|1018|9999|9|99999|99|99999999|999|99999|99|99999999|999999|9|99999|99|99999999|45060|1|532|99999|99999|9|999|99999|Y|N|86302|U|U|24|||||053|||||129|||||000377|A|13210|99999|99999|28590|00701|10760|0|1018|Block 1018|S||0|0|+43.0352680|-076.1411902|BK||99999
DHCST|NY|100|00|00|000|00|0213626|1000000US360670043011019|360670043011019|1|2|36|01779796|067|H1|00974132|73000|C5|00979539|99999|99|99999999||||99999|99|99999999|73000|C5|00979539|004301|1|1019|9999|9|99999|99|99999999|999|99999|99|99999999|999999|9|99999|99|99999999|45060|1|532|99999|99999|9|999|99999|Y|N|86302|U|U|24|||||053|||||129|||||000377|A|13210|99999|99999|28590|00701|22791|0|1019|Block 1019|S||0|0|+43.0343805|-076.1406118|BK||99999
DHCST|NY|100|00|00|000|00|0213627|1000000US360670043011020|360670043011020|1|2|36|01779796|067|H1|00974132|73000|C5|00979539|99999|99|99999999||||99999|99|99999999|73000|C5|00979539|004301|1|1020|9999|9|99999|99|99999999|999|99999|99|99999999|999999|9|99999|99|99999999|45060|1|532|99999|99999|9|999|99999|Y|N|86302|U|U|24|||||053|||||129|||||000377|A|13210|99999|99999|28590|00701|13106|0|1020|Block 1020|S||0|0|+43.0399631|-076.1372783|BK||99999
DHCST|NY|100|00|00|000|00|0213628|1000000US360670043021000|360670043021000|1|2|36|01779796|067|H1|00974132|73000|C5|00979539|99999|99|99999999||||99999|99|99999999|73000|C5|00979539|004302|1|1000|9999|9|99999|99|99999999|999|99999|99|99999999|999999|9|99999|99|99999999|45060|1|532|99999|99999|9|999|99999|Y|N|86302|U|U|24|||||053|||||129|||||000390|A|13210|99999|99999|28590|00701|22460|0|1000|Block 1000|S||214|131|+43.0433746|-076.1296355|BK||99999
DHCST|NY|100|00|00|000|00|0213629|1000000US360670043021001|360670043021001|1|2|36|01779796|067|H1|00974132|73000|C5|00979539|99999|99|99999999||||99999|99|99999999|73000|C5|00979539|004302|1|1001|9999|9|99999|99|99999999|999|99999|99|99999999|999999|9|99999|99|99999999|45060|1|532|99999|99999|9|999|99999|Y|N|86302|U|U|24|||||053|||||129|||||000390|A|13210|99999|99999|28590|00701|23977|0|1001|Block 1001|S||76|1|+43.0433678|-076.1313151|BK||99999
DHCST|NY|100|00|00|000|00|0213630|1000000US360670043021002|360670043021002|1|2|36|01779796|067|H1|00974132|73000|C5|00979539|99999|99|99999999||||99999|99|99999999|73000|C5|00979539|004302|1|1002|9999|9|99999|99|99999999|999|99999|99|99999999|999999|9|99999|99|99999999|45060|1|532|99999|99999|9|999|99999|Y|N|86302|U|U|24|||||053|||||129|||||000390|A|13210|99999|99999|28590|00701|8620|0|1002|Block 1002|S||0|0|+43.0433905|-076.1324909|BK||99999
DHCST|NY|100|00|00|000|00|0213631|1000000US360670043021003|360670043021003|1|2|36|01779796|067|H1|00974132|73000|C5|00979539|99999|99|99999999||||99999|99|99999999|73000|C5|00979539|004302|1|1003|9999|9|99999|99|99999999|999|99999|99|99999999|999999|9|99999|99|99999999|45060|1|532|99999|99999|9|999|99999|Y|N|86302|U|U|24|||||053|||||129|||||000390|A|13210|99999|99999|28590|00701|22158|0|1003|Block 1003|S||23|0|+43.0433989|-076.1336006|BK||99999
DHCST|NY|100|00|00|000|00|0213632|1000000US360670043021004|360670043021004|1|2|36|01779796|067|H1|00974132|73000|C5|00979539|99999|99|99999999||||99999|99|99999999|73000|C5|00979539|004302|1|1004|9999|9|99999|99|99999999|999|99999|99|99999999|999999|9|99999|99|99999999|45060|1|532|99999|99999|9|999|99999|Y|N|86302|U|U|24|||||053|||||129|||||000377|A|13210|99999|99999|28590|00701|30499|0|1004|Block 1004|S||153|149|+43.0434226|-076.1355019|BK||99999
DHCST|NY|100|00|00|000|00|0213633|1000000US360670043021005|360670043021005|1|2|36|01779796|067|H1|00974132|73000|C5|00979539|99999|99|99999999||||99999|99|99999999|73000|C5|00979539|004302|1|1005|9999|9|99999|99|99999999|999|99999|99|99999999|999999|9|99999|99|99999999|45060|1|532|99999|99999|9|999|99999|Y|N|86302|U|U|24|||||053|||||129|||||000377|A|13210|99999|99999|28590|00701|17018|0|1005|Block 1005|S||171|92|+43.0434436|-076.1372192|BK||99999
DHCST|NY|100|00|00|000|00|0213634|1000000US360670043021006|360670043021006|1|2|36|01779796|067|H1|00974132|73000|C5|00979539|99999|99|99999999||||99999|99|99999999|73000|C5|00979539|004302|1|1006|9999|9|99999|99|99999999|999|99999|99|99999999|999999|9|99999|99|99999999|45060|1|532|99999|99999|9|999|99999|Y|N|86302|U|U|24|||||053|||||129|||||000377|A|13210|99999|99999|28590|00701|19451|0|1006|Block 1006|S||0|0|+43.0434498|-076.1385260|BK||99999
DHCST|NY|100|00|00|000|00|0213635|1000000US360670043021007|360670043021007|1|2|36|01779796|067|H1|00974132|73000|C5|00979539|99999|99|99999999||||99999|99|99999999|73000|C5|00979539|004302|1|1007|9999|9|99999|99|99999999|999|99999|99|99999999|999999|9|99999|99|99999999|45060|1|532|99999|99999|9|999|99999|Y|N|86302|U|U|24|||||053|||||129|||||000377|A|13210|99999|99999|28590|00701|18493|0|1007|Block 1007|S||0|0|+43.0434645|-076.1398708|BK||99999
DHCST|NY|100|00|00|000|00|0213636|1000000US360670043021008|360670043021008|1|2|36|01779796|067|H1|00974132|73000|C5|00979539|99999|99|99999999||||99999|99|99999999|73000|C5|00979539|004302|1|1008|9999|9|99999|99|99999999|999|99999|99|99999999|999999|9|99999|99|99999999|45060|1|532|99999|99999|9|999|99999|Y|N|86302|U|U|24|||||053|||||129|||||000377|A|13210|99999|99999|28590|00701|25748|0|1008|Block 1008|S||0|0|+43.0435146|-076.1413899|BK||99999
DHCST|NY|100|00|00|000|00|0213637|1000000US360670043021009|360670043021009|1|2|36|01779796|067|H1|00974132|73000|C5|00979539|99999|99|99999999||||99999|99|99999999|73000|C5|00979539|004302|1|1009|9999|9|99999|99|99999999|999|99999|99|99999999|999999|9|99999|99|99999999|45060|1|532|99999|99999|9|999|99999|Y|N|86302|U|U|24|||||053|||||129|||||000377|A|13210|99999|99999|28590|00701|2848|0|1009|Block 1009|S||0|0|+43.0435786|-076.1423431|BK||99999
DHCST|NY|100|00|00|000|00|0213638|1000000US360670043021010|360670043021010|1|2|36|01779796|067|H1|00974132|73000|C5|00979539|99999|99|99999999||||99999|99|99999999|73000|C5|00979539|004302|1|1010|9999|9|99999|99|99999999|999|99999|99|99999999|999999|9|99999|99|99999999|45060|1|532|99999|99999|9|999|99999|Y|N|86302|U|U|24|||||053|||||129|||||000377|A|13210|99999|99999|28590|00701|876|0|1010|Block 1010|S||0|0|+43.0435206|-076.1424669|BK||99999
DHCST|NY|100|00|00|000|00|0213639|1000000US360670043021011|360670043021011|1|2|36|01779796|067|H1|00974132|73000|C5|00979539|99999|99|99999999||||99999|99|99999999|73000|C5|00979539|004302|1|1011|9999|9|99999|99|99999999|999|99999|99|99999999|999999|9|99999|99|99999999|45060|1|532|99999|99999|9|999|99999|Y|N|86302|U|U|24|||||053|||||128|||||000386|A|13210|99999|99999|28590|00701|924|0|1011|Block 1011|S||0|0|+43.0435751|-076.1425270|BK||99999
DHCST|NY|100|00|00|000|00|0213640|1000000US360670043022000|360670043022000|1|2|36|01779796|067|H1|00974132|73000|C5|00979539|99999|99|99999999||||99999|99|99999999|73000|C5|00979539|004302|2|2000|9999|9|99999|99|99999999|999|99999|99|99999999|999999|9|99999|99|99999999|45060|1|532|99999|99999|9|999|99999|Y|N|86302|U|U|24|||||053|||||129|||||000390|A|13210|99999|99999|28590|00701|15635|0|2000|Block 2000|S||298|68|+43.0420826|-076.1295150|BK||99999
DHCST|NY|100|00|00|000|00|0213641|1000000US360670043022001|360670043022001|1|2|36|01779796|067|H1|00974132|73000|C5|00979539|99999|99|99999999||||99999|99|99999999|73000|C5|00979539|004302|2|2001|9999|9|99999|99|99999999|999|99999|99|99999999|999999|9|99999|99|99999999|45060|1|532|99999|99999|9|999|99999|Y|N|86302|U|U|24|||||053|||||129|||||000390|A|13244|99999|99999|28590|00701|13406|0|2001|Block 2001|S||412|6|+43.0420174|-076.1310828|BK||99999
DHCST|NY|100|00|00|000|00|0213642|1000000US360670043022002|360670043022002|1|2|36|01779796|067|H1|00974132|73000|C5|00979539|99999|99|99999999||||99999|99|99999999|73000|C5|00979539|004302|2|2002|9999|9|99999|99|99999999|999|99999|99|99999999|999999|9|99999|99|99999999|45060|1|532|99999|99999|9|999|99999|Y|N|86302|U|U|24|||||053|||||129|||||000390|A|13210|99999|99999|28590|00701|4474|0|2002|Block 2002|S||43|1|+43.0422933|-076.1318266|BK||99999
DHCST|NY|100|00|00|000|00|0213643|1000000US360670043022003|360670043022003|1|2|36|01779796|067|H1|00974132|73000|C5|00979539|99999|99|99999999||||99999|99|99999999|73000|C5|00979539|004302|2|2003|9999|9|99999|99|99999999|999|99999|99|99999999|999999|9|99999|99|99999999|45060|1|532|99999|99999|9|999|99999|Y|N|86302|U|U|24|||||053|||||129|||||000390|A|13210|99999|99999|28590|00701|5809|0|2003|Block 2003|S||0|0|+43.0421005|-076.1325205|BK||99999
DHCST|NY|100|00|00|000|00|0213644|1000000US360670043022004|360670043022004|1|2|36|01779796|067|H1|00974132|73000|C5|00979539|99999|99|99999999||||99999|99|99999999|73000|C5|00979539|004302|2|2004|9999|9|99999|99|99999999|999|99999|99|99999999|999999|9|99999|99|99999999|45060|1|532|99999|99999|9|999|99999|Y|N|86302|U|U|24|||||053|||||129|||||000390|A|13210|99999|99999|28590|00701|15125|0|2004|Block 2004|S||69|0|+43.0421114|-076.1336290|BK||99999
DHCST|NY|100|00|00|000|00|0213645|1000000US360670043022005|360670043022005|1|2|36|01779796|067|H1|00974132|73000|C5|00979539|99999|99|99999999||||99999|99|99999999|73000|C5|00979539|004302|2|2005|9999|9|99999|99|99999999|999|99999|99|99999999|999999|9|99999|99|99999999|45060|1|532|99999|99999|9|999|99999|Y|N|86302|U|U|24|||||053|||||129|||||000390|A|13210|99999|99999|28590|00701|21271|0|2005|Block 2005|S||29|25|+43.0421268|-076.1355384|BK||99999
DHCST|NY|100|00|00|000|00|0213646|1000000US360670043022006|360670043022006|1|2|36|01779796|067|H1|00974132|73000|C5|00979539|99999|99|99999999||||99999|99|99999999|73000|C5|00979539|004302|2|2006|9999|9|99999|99|99999999|999|99999|99|99999999|999999|9|99999|99|99999999|45060|1|532|99999|99999|9|999|99999|Y|N|86302|U|U|24|||||053|||||129|||||000390|A|13244|99999|99999|28590|00701|21612|0|2006|Block 2006|S||18|2|+43.0410545|-076.1355605|BK||99999
DHCST|NY|100|00|00|000|00|0213647|1000000US360670043022007|360670043022007|1|2|36|01779796|067|H1|00974132|73000|C5|00979539|99999|99|99999999||||99999|99|99999999|73000|C5|00979539|004302|2|2007|9999|9|99999|99|99999999|999|99999|99|99999999|999999|9|99999|99|99999999|45060|1|532|99999|99999|9|999|99999|Y|N|86302|U|U|24|||||053|||||129|||||000390|A|13210|99999|99999|28590|00701|15716|0|2007|Block 2007|S||93|1|+43.0410473|-076.1336576|BK||99999
DHCST|NY|100|00|00|000|00|0213648|1000000US360670043022008|360670043022008|1|2|36|01779796|067|H1|00974132|73000|C5|00979539|99999|99|99999999||||99999|99|99999999|73000|C5|00979539|004302|2|2008|9999|9|99999|99|99999999|999|99999|99|99999999|999999|9|99999|99|99999999|45060|1|532|99999|99999|9|999|99999|Y|N|86302|U|U|24|||||053|||||129|||||000390|A|13210|99999|99999|28590|00701|6041|0|2008|Block 2008|S||0|0|+43.0410406|-076.1325473|BK||99999
DHCST|NY|100|00|00|000|00|0213649|1000000US360670043022009|360670043022009|1|2|36|01779796|067|H1|00974132|73000|C5|00979539|99999|99|99999999||||99999|99|99999999|73000|C5|00979539|004302|2|2009|9999|9|99999|99|99999999|999|99999|99|99999999|999999|9|99999|99|99999999|45060|1|532|99999|99999|9|999|99999|Y|N|86302|U|U|24|||||053|||||129|||||000390|A|13210|99999|99999|28590|00701|4579|0|2009|Block 2009|S||108|59|+43.0412751|-076.1318079|BK||99999
DHCST|NY|100|00|00|000|00|0213650|1000000US360670043022010|360670043022010|1|2|36|01779796|067|H1|00974132|73000|C5|00979539|99999|99|99999999||||99999|99|99999999|73000|C5|00979539|004302|2|2010|9999|9|99999|99|99999999|999|99999|99|99999999|999999|9|99999|99|99999999|45060|1|532|99999|99999|9|999|99999|Y|N|86302|U|U|24|||||053|||||129|||||000390|A|13244|99999|99999|28590|00701|15030|0|2010|Block 2010|S||259|2|+43.0409440|-076.1310562|BK||99999
DHCST|NY|100|00|00|000|00|0213651|1000000US360670043022011|360670043022011|1|2|36|01779796|067|H1|00974132|73000|C5|00979539|99999|99|99999999||||99999|99|99999999|73000|C5|00979539|004302|2|2011|9999|9|99999|99|99999999|999|99999|99|99999999|999999|9|99999|99|99999999|45060|1|532|99999|99999|9|999|99999|Y|N|86302|U|U|24|||||053|||||129|||||000390|A|13244|99999|99999|28590|00701|15893|0|2011|Block 2011|S||269|7|+43.0410118|-076.1294168|BK||99999
DHCST|NY|100|00|00|000|00|0213652|1000000US360670043022012|360670043022012|1|2|36|01779796|067|H1|00974132|73000|C5|00979539|99999|99|99999999||||99999|99|99999999|73000|C5|00979539|004302|2|2012|9999|9|99999|99|99999999|999|99999|99|99999999|999999|9|99999|99|99999999|45060|1|532|99999|99999|9|999|99999|Y|N|86302|U|U|24|||||053|||||129|||||000390|A|13244|99999|99999|28590|00701|16429|0|2012|Block 2012|S||684|3|+43.0399088|-076.1293172|BK||99999
DHCST|NY|100|00|00|000|00|0213653|1000000US360670043022013|360670043022013|1|2|36|01779796|067|H1|00974132|73000|C5|00979539|99999|99|99999999||||99999|99|99999999|73000|C5|00979539|004302|2|2013|9999|9|99999|99|99999999|999|99999|99|99999999|999999|9|99999|99|99999999|45060|1|532|99999|99999|9|999|99999|Y|N|86302|U|U|24|||||053|||||129|||||000390|A|13244|99999|99999|28590|00701|44300|0|2013|Block 2013|S||487|6|+43.0399325|-076.1323022|BK||99999
DHCST|NY|100|00|00|000|00|0213654|1000000US360670043022014|360670043022014|1|2|36|01779796|067|H1|00974132|73000|C5|00979539|99999|99|99999999||||99999|99|99999999|73000|C5|00979539|004302|2|2014|9999|9|99999|99|99999999|999|99999|99|99999999|999999|9|99999|99|99999999|45060|1|532|99999|99999|9|999|99999|Y|N|86302|U|U|24|||||053|||||129|||||000390|A|13244|99999|99999|28590|00701|21497|0|2014|Block 2014|S||0|0|+43.0399631|-076.1355555|BK||99999
DHCST|NY|100|00|00|000|00|0213655|1000000US360670043023000|360670043023000|1|2|36|01779796|067|H1|00974132|73000|C5|00979539|99999|99|99999999||||99999|99|99999999|73000|C5|00979539|004302|3|3000|9999|9|99999|99|99999999|999|99999|99|99999999|999999|9|99999|99|99999999|45060|1|532|99999|99999|9|999|99999|Y|N|86302|U|U|24|||||053|||||129|||||000390|A|13210|99999|99999|28590|00701|16977|0|3000|Block 3000|S||170|89|+43.0447158|-076.1297664|BK||99999
DHCST|NY|100|00|00|000|00|0213656|1000000US360670043023001|360670043023001|1|2|36|01779796|067|H1|00974132|73000|C5|00979539|99999|99|99999999||||99999|99|99999999|73000|C5|00979539|004302|3|3001|9999|9|99999|99|99999999|999|99999|99|99999999|999999|9|99999|99|99999999|45060|1|532|99999|99999|9|999|99999|Y|N|86302|U|U|24|||||053|||||129|||||000390|A|13210|99999|99999|28590|00701|16405|0|3001|Block 3001|S||188|63|+43.0447146|-076.1313646|BK||99999
DHCST|NY|100|00|00|000|00|0213657|1000000US360670043023002|360670043023002|1|2|36|01779796|067|H1|00974132|73000|C5|00979539|99999|99|99999999||||99999|99|99999999|73000|C5|00979539|004302|3|3002|9999|9|99999|99|99999999|999|99999|99|99999999|999999|9|99999|99|99999999|45060|1|532|99999|99999|9|999|99999|Y|N|86302|U|U|24|||||053|||||129|||||000390|A|13210|99999|99999|28590|00701|23240|0|3002|Block 3002|S||268|143|+43.0447393|-076.1332643|BK||99999
DHCST|NY|100|00|00|000|00|0213658|1000000US360670043023003|360670043023003|1|2|36|01779796|067|H1|00974132|73000|C5|00979539|99999|99|99999999||||99999|99|99999999|73000|C5|00979539|004302|3|3003|9999|9|99999|99|99999999|999|99999|99|99999999|999999|9|99999|99|99999999|45060|1|532|99999|99999|9|999|99999|Y|N|86302|U|U|24|||||053|||||129|||||000377|A|13210|99999|99999|28590|00701|23250|0|3003|Block 3003|S||224|200|+43.0447679|-076.1354786|BK||99999
DHCST|NY|100|00|00|000|00|0213659|1000000US360670043023004|360670043023004|1|2|36|01779796|067|H1|00974132|73000|C5|00979539|99999|99|99999999||||99999|99|99999999|73000|C5|00979539|004302|3|3004|9999|9|99999|99|99999999|999|99999|99|99999999|999999|9|99999|99|99999999|45060|1|532|99999|99999|9|999|99999|Y|N|86302|U|U|24|||||053|||||129|||||000377|A|13210|99999|99999|28590|00701|12697|0|3004|Block 3004|S||0|0|+43.0447858|-076.1371889|BK||99999
DHCST|NY|100|00|00|000|00|0213660|1000000US360670043023005|360670043023005|1|2|36|01779796|067|H1|00974132|73000|C5|00979539|99999|99|99999999||||99999|99|99999999|73000|C5|00979539|004302|3|3005|9999|9|99999|99|99999999|999|99999|99|99999999|999999|9|99999|99|99999999|45060|1|532|99999|99999|9|999|99999|Y|N|86302|U|U|24|||||053|||||129|||||000377|A|13210|99999|99999|28590|00701|44442|0|3005|Block 3005|S||0|0|+43.0448296|-076.1399589|BK||99999
DHCST|NY|100|00|00|000|00|0213661|1000000US360670043023006|360670043023006|1|2|36|01779796|067|H1|00974132|73000|C5|00979539|99999|99|99999999||||99999|99|99999999|73000|C5|00979539|004302|3|3006|9999|9|99999|99|99999999|999|99999|99|99999999|999999|9|99999|99|99999999|45060|1|532|99999|99999|9|999|99999|Y|N|86302|U|U|24|||||053|||||129|||||000377|A|13210|99999|99999|28590|00701|2695|0|3006|Block 3006|S||0|0|+43.0448999|-076.1423616|BK||99999
DHCST|NY|100|00|00|000|00|0213662|1000000US360670043023007|360670043023007|1|2|36|01779796|067|H1|00974132|73000|C5|00979539|99999|99|99999999||||99999|99|99999999|73000|C5|00979539|004302|3|3007|9999|9|99999|99|99999999|999|99999|99|99999999|999999|9|99999|99|99999999|45060|1|532|99999|99999|9|999|99999|Y|N|86302|U|U|24|||||053|||||128|||||000386|A|13210|99999|99999|28590|00701|5013|0|3007|Block 3007|S||0|0|+43.0464419|-076.1423431|BK||99999
DHCST|NY|100|00|00|000|00|0213663|1000000US360670043023008|360670043023008|1|2|36|01779796|067|H1|00974132|73000|C5|00979539|99999|99|99999999||||99999|99|99999999|73000|C5|00979539|004302|3|3008|9999|9|99999|99|99999999|999|99999|99|99999999|999999|9|99999|99|99999999|45060|1|532|99999|99999|9|999|99999|Y|N|86302|U|U|24|||||053|||||128|||||000387|A|13210|99999|99999|28590|00701|8243|0|3008|Block 3008|S||0|0|+43.0471626|-076.1410860|BK||99999
DHCST|NY|100|00|00|000|00|0213664|1000000US360670043023009|360670043023009|1|2|36|01779796|067|H1|00974132|73000|C5|00979539|99999|99|99999999||||99999|99|99999999|73000|C5|00979539|004302|3|3009|9999|9|99999|99|99999999|999|99999|99|99999999|999999|9|99999|99|99999999|45060|1|532|99999|99999|9|999|99999|Y|N|86302|U|U|24|||||053|||||128|||||000387|A|13210|99999|99999|28590|00701|1596|0|3009|Block 3009|S||0|0|+43.0470882|-076.1396198|BK||99999
DHCST|NY|100|00|00|000|00|0213665|1000000US360670043023010|360670043023010|1|2|36|01779796|067|H1|00974132|73000|C5|00979539|99999|99|99999999||||99999|99|99999999|73000|C5|00979539|004302|3|3010|9999|9|99999|99|99999999|999|99999|99|99999999|999999|9|99999|99|99999999|45060|1|532|99999|99999|9|999|99999|Y|N|86302|U|U|24|||||053|||||128|||||000387|A|13210|99999|99999|28590|00701|33090|0|3010|Block 3010|S||0|0|+43.0465735|-076.1399230|BK||99999
DHCST|NY|100|00|00|000|00|0213666|1000000US360670043023011|360670043023011|1|2|36|01779796|067|H1|00974132|73000|C5|00979539|99999|99|99999999||||99999|99|99999999|73000|C5|00979539|004302|3|3011|9999|9|99999|99|99999999|999|99999|99|99999999|999999|9|99999|99|99999999|45060|1|532|99999|99999|9|999|99999|Y|N|86302|U|U|24|||||053|||||128|||||000387|A|13210|99999|99999|28590|00701|31235|0|3011|Block 3011|S||0|0|+43.0457741|-076.1399949|BK||99999
DHCST|NY|100|00|00|000|00|0213667|1000000US360670043023012|360670043023012|1|2|36|01779796|067|H1|00974132|73000|C5|00979539|99999|99|99999999||||99999|99|99999999|73000|C5|00979539|004302|3|3012|9999|9|99999|99|99999999|999|99999|99|99999999|999999|9|99999|99|99999999|45060|1|532|99999|99999|9|999|99999|Y|N|86302|U|U|24|||||053|||||128|||||000386|A|13210|99999|99999|28590|00701|2732|0|3012|Block 3012|S||0|0|+43.0460796|-076.1425352|BK||99999
DHCST|NY|100|00|00|000|00|0213668|1000000US360670043024000|360670043024000|1|2|36|01779796|067|H1|00974132|73000|C5|00979539|99999|99|99999999||||99999|99|99999999|73000|C5|00979539|004302|4|4000|9999|9|99999|99|99999999|999|99999|99|99999999|999999|9|99999|99|99999999|45060|1|532|99999|99999|9|999|99999|Y|N|86302|U|U|24|||||053|||||129|||||000390|A|13210|99999|99999|28590|00701|31868|0|4000|Block 4000|S||216|4|+43.0382647|-076.1292075|BK||99999
DHCST|NY|100|00|00|000|00|0213669|1000000US360670043024001|360670043024001|1|2|36|01779796|067|H1|00974132|73000|C5|00979539|99999|99|99999999||||99999|99|99999999|73000|C5|00979539|004302|4|4001|9999|9|99999|99|99999999|999|99999|99|99999999|999999|9|99999|99|99999999|45060|1|532|99999|99999|9|999|99999|Y|N|86302|U|U|24|||||053|||||129|||||000390|A|13210|99999|99999|28590|00701|43670|0|4001|Block 4001|S||118|1|+43.0377943|-076.1307219|BK||99999
DHCST|NY|100|00|00|000|00|0213670|1000000US360670043024002|360670043024002|1|2|36|01779796|067|H1|00974132|73000|C5|00979539|99999|99|99999999||||99999|99|99999999|73000|C5|00979539|004302|4|4002|9999|9|99999|99|99999999|999|99999|99|99999999|999999|9|99999|99|99999999|45060|1|532|99999|99999|9|999|99999|Y|N|86302|U|U|24|||||053|||||129|||||000377|A|13244|99999|99999|28590|00701|216535|0|4002|Block 4002|S||9|4|+43.0375751|-076.1350175|BK||99999
DHCST|NY|100|00|00|000|00|0213671|1000000US360670043024003|360670043024003|1|2|36|01779796|067|H1|00974132|73000|C5|00979539|99999|99|99999999||||99999|99|99999999|73000|C5|00979539|004302|4|4003|9999|9|99999|99|99999999|999|99999|99|99999999|999999|9|99999|99|99999999|45060|1|532|99999|99999|9|999|99999|Y|N|86302|U|U|24|||||053|||||129|||||000377|A|13244|99999|99999|28590|00701|113787|0|4003|Block 4003|S||1090|3|+43.0347314|-076.1315501|BK||99999
DHCST|NY|100|00|00|000|00|0213672|1000000US360670043024004|360670043024004|1|2|36|01779796|067|H1|00974132|73000|C5|00979539|99999|99|99999999||||99999|99|99999999|73000|C5|00979539|004302|4|4004|9999|9|99999|99|99999999|999|99999|99|99999999|999999|9|99999|99|99999999|45060|1|532|99999|99999|9|999|99999|Y|N|86302|U|U|24|||||053|||||129|||||000377|A|13210|99999|99999|28590|00701|66691|0|4004|Block 4004|S||505|6|+43.0343584|-076.1361379|BK||99999
DHCST|NY|100|00|00|000|00|0213673|1000000US360670043024005|360670043024005|1|2|36|01779796|067|H1|00974132|73000|C5|00979539|99999|99|99999999||||99999|99|99999999|73000|C5|00979539|004302|4|4005|9999|9|99999|99|99999999|999|99999|99|99999999|999999|9|99999|99|99999999|45060|1|532|99999|99999|9|999|99999|Y|N|86302|U|U|24|||||053|||||129|||||000377|A|13210|99999|99999|28590|00701|21372|0|4005|Block 4005|S||11|1|+43.0342351|-076.1377676|BK||99999
DHCST|NY|100|00|00|000|00|0213674|1000000US360670043024006|360670043024006|1|2|36|01779796|067|H1|00974132|73000|C5|00979539|99999|99|99999999||||99999|99|99999999|73000|C5|00979539|004302|4|4006|9999|9|99999|99|99999999|999|99999|99|99999999|999999|9|99999|99|99999999|45060|1|532|99999|99999|9|999|99999|Y|N|86302|U|U|24|||||053|||||129|||||000390|A|13244|99999|99999|28590|00701|13027|0|4006|Block 4006|S||415|0|+43.0367746|-076.1289597|BK||99999
DHCST|NY|100|00|00|000|00|0213675|1000000US360670043024007|360670043024007|1|2|36|01779796|067|H1|00974132|73000|C5|00979539|99999|99|99999999||||99999|99|99999999|73000|C5|00979539|004302|4|4007|9999|9|99999|99|99999999|999|99999|99|99999999|999999|9|99999|99|99999999|45060|1|532|99999|99999|9|999|99999|Y|N|86302|U|U|24|||||053|||||129|||||000377|A|13210|99999|99999|28590|00701|8270|0|4007|Block 4007|S||0|0|+43.0343174|-076.1424151|BK||99999
DHCST|NY|100|00|00|000|00|0213676|1000000US360670043024008|360670043024008|1|2|36|01779796|067|H1|00974132|73000|C5|00979539|99999|99|99999999||||99999|99|99999999|73000|C5|00979539|004302|4|4008|9999|9|99999|99|99999999|999|99999|99|99999999|999999|9|99999|99|99999999|45060|1|532|99999|99999|9|999|99999|Y|N|86302|U|U|24|||||053|||||129|||||000377|A|13210|99999|99999|28590|00701|4028|0|4008|Block 4008|S||0|0|+43.0348295|-076.1419957|BK||99999
DHCST|NY|100|00|00|000|00|0213677|1000000US360670043024009|360670043024009|1|2|36|01779796|067|H1|00974132|73000|C5|00979539|99999|99|99999999||||99999|99|99999999|73000|C5|00979539|004302|4|4009|9999|9|99999|99|99999999|999|99999|99|99999999|999999|9|99999|99|99999999|45060|1|532|99999|99999|9|999|99999|Y|N|86302|U|U|24|||||053|||||129|||||000377|A|13210|99999|99999|28590|00701|1811|0|4009|Block 4009|S||0|0|+43.0338947|-076.1428707|BK||99999
DHCST|NY|100|00|00|000|00|0213678|1000000US360670043024010|360670043024010|1|2|36|01779796|067|H1|00974132|73000|C5|00979539|99999|99|99999999||||99999|99|99999999|73000|C5|00979539|004302|4|4010|9999|9|99999|99|99999999|999|99999|99|99999999|999999|9|99999|99|99999999|45060|1|532|99999|99999|9|999|99999|Y|N|86302|U|U|24|||||053|||||129|||||000377|A|13244|99999|99999|28590|00701|24916|0|4010|Block 4010|S||986|2|+43.0350918|-076.1382974|BK||99999
DHCST|NY|100|00|00|000|00|0213679|1000000US360670044011000|360670044011000|1|2|36|01779796|067|H1|00974132|73000|C5|00979539|99999|99|99999999||||99999|99|99999999|73000|C5|00979539|004401|1|1000|9999|9|99999|99|99999999|999|99999|99|99999999|999999|9|99999|99|99999999|45060|1|532|99999|99999|9|999|99999|Y|N|86302|U|U|24|||||053|||||128|||||000396|A|13210|99999|99999|28590|00701|55926|0|1000|Block 1000|S||219|83|+43.0344752|-076.1193801|BK||99999
DHCST|NY|100|00|00|000|00|0213680|1000000US360670044011001|360670044011001|1|2|36|01779796|067|H1|00974132|73000|C5|00979539|99999|99|99999999||||99999|99|99999999|73000|C5|00979539|004401|1|1001|9999|9|99999|99|99999999|999|99999|99|99999999|999999|9|99999|99|99999999|45060|1|532|99999|99999|9|999|99999|Y|N|86302|U|U|24|||||053|||||129|||||000391|A|13210|99999|99999|28590|00701|108543|0|1001|Block 1001|S||244|113|+43.0344937|-076.1212917|BK||99999
DHCST|NY|100|00|00|000|00|0213681|1000000US360670044011002|360670044011002|1|2|36|01779796|067|H1|00974132|73000|C5|00979539|99999|99|99999999||||99999|99|99999999|73000|C5|00979539|004401|1|1002|9999|9|99999|99|99999999|999|99999|99|99999999|999999|9|99999|99|99999999|45060|1|532|99999|99999|9|999|99999|Y|N|86302|U|U|24|||||053|||||129|||||000391|A|13210|99999|99999|28590|00701|16415|0|1002|Block 1002|S||72|29|+43.0328410|-076.1221907|BK||99999
DHCST|NY|100|00|00|000|00|0213682|1000000US360670044011003|360670044011003|1|2|36|01779796|067|H1|00974132|73000|C5|00979539|99999|99|99999999||||99999|99|99999999|73000|C5|00979539|004401|1|1003|9999|9|99999|99|99999999|999|99999|99|99999999|999999|9|99999|99|99999999|45060|1|532|99999|99999|9|999|99999|Y|N|86302|U|U|24|||||053|||||129|||||000391|A|13210|99999|99999|28590|00701|21278|0|1003|Block 1003|S||75|33|+43.0311685|-076.1206083|BK||99999
DHCST|NY|100|00|00|000|00|0213683|1000000US360670044011004|360670044011004|1|2|36|01779796|067|H1|00974132|73000|C5|00979539|99999|99|99999999||||99999|99|99999999|73000|C5|00979539|004401|1|1004|9999|9|99999|99|99999999|999|99999|99|99999999|999999|9|99999|99|99999999|45060|1|532|99999|99999|9|999|99999|Y|N|86302|U|U|24|||||053|||||129|||||000391|A|13210|99999|99999|28590|00701|24423|0|1004|Block 1004|S||92|45|+43.0312053|-076.1219585|BK||99999
DHCST|NY|100|00|00|000|00|0213684|1000000US360670044011005|360670044011005|1|2|36|01779796|067|H1|00974132|73000|C5|00979539|99999|99|99999999||||99999|99|99999999|73000|C5|00979539|004401|1|1005|9999|9|99999|99|99999999|999|99999|99|99999999|999999|9|99999|99|99999999|45060|1|532|99999|99999|9|999|99999|Y|N|86302|U|U|24|||||053|||||128|||||000396|A|13210|99999|99999|28590|00701|17714|0|1005|Block 1005|S||58|26|+43.0310867|-076.1191236|BK||99999
DHCST|NY|100|00|00|000|00|0213685|1000000US360670044012000|360670044012000|1|2|36|01779796|067|H1|00974132|73000|C5|00979539|99999|99|99999999||||99999|99|99999999|73000|C5|00979539|004401|2|2000|9999|9|99999|99|99999999|999|99999|99|99999999|999999|9|99999|99|99999999|45060|1|532|99999|99999|9|999|99999|Y|N|86302|U|U|24|||||053|||||129|||||000390|A|13210|99999|99999|28590|00701|25787|0|2000|Block 2000|S||164|70|+43.0354088|-076.1236691|BK||99999
DHCST|NY|100|00|00|000|00|0213686|1000000US360670044012001|360670044012001|1|2|36|01779796|067|H1|00974132|73000|C5|00979539|99999|99|99999999||||99999|99|99999999|73000|C5|00979539|004401|2|2001|9999|9|99999|99|99999999|999|99999|99|99999999|999999|9|99999|99|99999999|45060|1|532|99999|99999|9|999|99999|Y|N|86302|U|U|24|||||053|||||129|||||000390|A|13210|99999|99999|28590|00701|26682|0|2001|Block 2001|S||178|72|+43.0353411|-076.1249187|BK||99999
DHCST|NY|100|00|00|000|00|0213687|1000000US360670044012002|360670044012002|1|2|36|01779796|067|H1|00974132|73000|C5|00979539|99999|99|99999999||||99999|99|99999999|73000|C5|00979539|004401|2|2002|9999|9|99999|99|99999999|999|99999|99|99999999|999999|9|99999|99|99999999|45060|1|532|99999|99999|9|999|99999|Y|N|86302|U|U|24|||||053|||||129|||||000390|A|13210|99999|99999|28590|00701|26374|0|2002|Block 2002|S||145|50|+43.0352860|-076.1261841|BK||99999
DHCST|NY|100|00|00|000|00|0213688|1000000US360670044012003|360670044012003|1|2|36|01779796|067|H1|00974132|73000|C5|00979539|99999|99|99999999||||99999|99|99999999|73000|C5|00979539|004401|2|2003|9999|9|99999|99|99999999|999|99999|99|99999999|999999|9|99999|99|99999999|45060|1|532|99999|99999|9|999|99999|Y|N|86302|U|U|24|||||053|||||129|||||000390|A|13210|99999|99999|28590|00701|26463|0|2003|Block 2003|S||164|57|+43.0352186|-076.1274418|BK||99999
DHCST|NY|100|00|00|000|00|0213689|1000000US360670044012004|360670044012004|1|2|36|01779796|067|H1|00974132|73000|C5|00979539|99999|99|99999999||||99999|99|99999999|73000|C5|00979539|004401|2|2004|9999|9|99999|99|99999999|999|99999|99|99999999|999999|9|99999|99|99999999|45060|1|532|99999|99999|9|999|99999|Y|N|86302|U|U|24|||||053|||||129|||||000390|A|13210|99999|99999|28590|00701|34092|0|2004|Block 2004|S||188|78|+43.0351592|-076.1288821|BK||99999
DHCST|NY|100|00|00|000|00|0213690|1000000US360670044012005|360670044012005|1|2|36|01779796|067|H1|00974132|73000|C5|00979539|99999|99|99999999||||99999|99|99999999|73000|C5|00979539|004401|2|2005|9999|9|99999|99|99999999|999|99999|99|99999999|999999|9|99999|99|99999999|45060|1|532|99999|99999|9|999|99999|Y|N|86302|U|U|24|||||053|||||129|||||000391|A|13210|99999|99999|28590|00701|45997|0|2005|Block 2005|S||100|39|+43.0323430|-076.1286928|BK||99999
DHCST|NY|100|00|00|000|00|0213691|1000000US360670044012006|360670044012006|1|2|36|01779796|067|H1|00974132|73000|C5|00979539|99999|99|99999999||||99999|99|99999999|73000|C5|00979539|004401|2|2006|9999|9|99999|99|99999999|999|99999|99|99999999|999999|9|99999|99|99999999|45060|1|532|99999|99999|9|999|99999|Y|N|86302|U|U|24|||||053|||||129|||||000390|A|13210|99999|99999|28590|00701|19509|0|2006|Block 2006|S||61|23|+43.0336699|-076.1267183|BK||99999
DHCST|NY|100|00|00|000|00|0213692|1000000US360670044012007|360670044012007|1|2|36|01779796|067|H1|00974132|73000|C5|00979539|99999|99|99999999||||99999|99|99999999|73000|C5|00979539|004401|2|2007|9999|9|99999|99|99999999|999|99999|99|99999999|999999|9|99999|99|99999999|45060|1|532|99999|99999|9|999|99999|Y|N|86302|U|U|24|||||053|||||129|||||000390|A|13210|99999|99999|28590|00701|41038|0|2007|Block 2007|S||134|58|+43.0330079|-076.1253435|BK||99999
DHCST|NY|100|00|00|000|00|0213693|1000000US360670044012008|360670044012008|1|2|36|01779796|067|H1|00974132|73000|C5|00979539|99999|99|99999999||||99999|99|99999999|73000|C5|00979539|004401|2|2008|9999|9|99999|99|99999999|999|99999|99|99999999|999999|9|99999|99|99999999|45060|1|532|99999|99999|9|999|99999|Y|N|86302|U|U|24|||||053|||||129|||||000390|A|13210|99999|99999|28590|00701|23965|0|2008|Block 2008|S||135|67|+43.0331777|-076.1234645|BK||99999
DHCST|NY|100|00|00|000|00|0213694|1000000US360670044012009|360670044012009|1|2|36|01779796|067|H1|00974132|73000|C5|00979539|99999|99|99999999||||99999|99|99999999|73000|C5|00979539|004401|2|2009|9999|9|99999|99|99999999|999|99999|99|99999999|999999|9|99999|99|99999999|45060|1|532|99999|99999|9|999|99999|Y|N|86302|U|U|24|||||053|||||129|||||000391|A|13210|99999|99999|28590|00701|21677|0|2009|Block 2009|S||98|46|+43.0311405|-076.1232730|BK||99999
DHCST|NY|100|00|00|000|00|0213695|1000000US360670044012010|360670044012010|1|2|36|01779796|067|H1|00974132|73000|C5|00979539|99999|99|99999999||||99999|99|99999999|73000|C5|00979539|004401|2|2010|9999|9|99999|99|99999999|999|99999|99|99999999|999999|9|99999|99|99999999|45060|1|532|99999|99999|9|999|99999|Y|N|86302|U|U|24|||||053|||||129|||||000391|A|13210|99999|99999|28590|00701|20887|0|2010|Block 2010|S||53|21|+43.0311610|-076.1244986|BK||99999
DHCST|NY|100|00|00|000|00|0213696|1000000US360670044012011|360670044012011|1|2|36|01779796|067|H1|00974132|73000|C5|00979539|99999|99|99999999||||99999|99|99999999|73000|C5|00979539|004401|2|2011|9999|9|99999|99|99999999|999|99999|99|99999999|999999|9|99999|99|99999999|45060|1|532|99999|99999|9|999|99999|Y|N|86302|U|U|24|||||053|||||129|||||000391|A|13210|99999|99999|28590|00701|23025|0|2011|Block 2011|S||27|13|+43.0314140|-076.1258600|BK||99999
DHCST|NY|100|00|00|000|00|0213697|1000000US360670044012012|360670044012012|1|2|36|01779796|067|H1|00974132|73000|C5|00979539|99999|99|99999999||||99999|99|99999999|73000|C5|00979539|004401|2|2012|9999|9|99999|99|99999999|999|99999|99|99999999|999999|9|99999|99|99999999|45060|1|532|99999|99999|9|999|99999|Y|N|86302|U|U|24|||||053|||||129|||||000391|A|13210|99999|99999|28590|00701|45206|0|2012|Block 2012|S||88|36|+43.0310567|-076.1272491|BK||99999
DHCST|NY|100|00|00|000|00|0213698|1000000US360670044012013|360670044012013|1|2|36|01779796|067|H1|00974132|73000|C5|00979539|99999|99|99999999||||99999|99|99999999|73000|C5|00979539|004401|2|2013|9999|9|99999|99|99999999|999|99999|99|99999999|999999|9|99999|99|99999999|45060|1|532|99999|99999|9|999|99999|Y|N|86302|U|U|24|||||053|||||129|||||000390|A|13210|99999|99999|28590|00701|1615|0|2013|Block 2013|S||0|0|+43.0325773|-076.1271393|BK||99999
DHCST|NY|100|00|00|000|00|0213699|1000000US360670044013000|360670044013000|1|2|36|01779796|067|H1|00974132|73000|C5|00979539|99999|99|99999999||||99999|99|99999999|73000|C5|00979539|004401|3|3000|9999|9|99999|99|99999999|999|99999|99|99999999|999999|9|99999|99|99999999|45060|1|532|99999|99999|9|999|99999|Y|N|86302|U|U|24|||||053|||||128|||||000396|A|13210|99999|99999|28590|00701|23681|0|3000|Block 3000|S||84|33|+43.0359682|-076.1132852|BK||99999
DHCST|NY|100|00|00|000|00|0213700|1000000US360670044013001|360670044013001|1|2|36|01779796|067|H1|00974132|73000|C5|00979539|99999|99|99999999||||99999|99|99999999|73000|C5|00979539|004401|3|3001|9999|9|99999|99|99999999|999|99999|99|99999999|999999|9|99999|99|99999999|45060|1|532|99999|99999|9|999|99999|Y|N|86302|U|U|24|||||053|||||128|||||000396|A|13210|99999|99999|28590|00701|23843|0|3001|Block 3001|S||102|40|+43.0359158|-076.1144643|BK||99999
DHCST|NY|100|00|00|000|00|0213701|1000000US360670044013002|360670044013002|1|2|36|01779796|067|H1|00974132|73000|C5|00979539|99999|99|99999999||||99999|99|99999999|73000|C5|00979539|004401|3|3002|9999|9|99999|99|99999999|999|99999|99|99999999|999999|9|99999|99|99999999|45060|1|532|99999|99999|9|999|99999|Y|N|86302|U|U|24|||||053|||||128|||||000397|A|13210|99999|99999|28590|00701|12762|0|3002|Block 3002|S||46|24|+43.0364687|-076.1157532|BK||99999
DHCST|NY|100|00|00|000|00|0213702|1000000US360670044013003|360670044013003|1|2|36|01779796|067|H1|00974132|73000|C5|00979539|99999|99|99999999||||99999|99|99999999|73000|C5|00979539|004401|3|3003|9999|9|99999|99|99999999|999|99999|99|99999999|999999|9|99999|99|99999999|45060|1|532|99999|99999|9|999|99999|Y|N|86302|U|U|24|||||053|||||128|||||000397|A|13210|99999|99999|28590|00701|17962|0|3003|Block 3003|S||64|35|+43.0361253|-076.1168013|BK||99999
DHCST|NY|100|00|00|000|00|0213703|1000000US360670044013004|360670044013004|1|2|36|01779796|067|H1|00974132|73000|C5|00979539|99999|99|99999999||||99999|99|99999999|73000|C5|00979539|004401|3|3004|9999|9|99999|99|99999999|999|99999|99|99999999|999999|9|99999|99|99999999|45060|1|532|99999|99999|9|999|99999|Y|N|86302|U|U|24|||||053|||||128|||||000397|A|13210|99999|99999|28590|00701|14617|0|3004|Block 3004|S||46|24|+43.0361812|-076.1182668|BK||99999
DHCST|NY|100|00|00|000|00|0213704|1000000US360670044013005|360670044013005|1|2|36|01779796|067|H1|00974132|73000|C5|00979539|99999|99|99999999||||99999|99|99999999|73000|C5|00979539|004401|3|3005|9999|9|99999|99|99999999|999|99999|99|99999999|999999|9|99999|99|99999999|45060|1|532|99999|99999|9|999|99999|Y|N|86302|U|U|24|||||053|||||128|||||000396|A|13210|99999|99999|28590|00701|21458|0|3005|Block 3005|S||90|41|+43.0345644|-076.1181294|BK||99999
DHCST|NY|100|00|00|000|00|0213705|1000000US360670044013006|360670044013006|1|2|36|01779796|067|H1|00974132|73000|C5|00979539|99999|99|99999999||||99999|99|99999999|73000|C5|00979539|004401|3|3006|9999|9|99999|99|99999999|999|99999|99|99999999|999999|9|99999|99|99999999|45060|1|532|99999|99999|9|999|99999|Y|N|86302|U|U|24|||||053|||||128|||||000396|A|13210|99999|99999|28590|00701|21706|0|3006|Block 3006|S||79|49|+43.0346254|-076.1168955|BK||99999
DHCST|NY|100|00|00|000|00|0213706|1000000US360670044013007|360670044013007|1|2|36|01779796|067|H1|00974132|73000|C5|00979539|99999|99|99999999||||99999|99|99999999|73000|C5|00979539|004401|3|3007|9999|9|99999|99|99999999|999|99999|99|99999999|999999|9|99999|99|99999999|45060|1|532|99999|99999|9|999|99999|Y|N|86302|U|U|24|||||053|||||128|||||000396|A|13210|99999|99999|28590|00701|35589|0|3007|Block 3007|S||123|82|+43.0341242|-076.1155811|BK||99999
DHCST|NY|100|00|00|000|00|0213707|1000000US360670044013008|360670044013008|1|2|36|01779796|067|H1|00974132|73000|C5|00979539|99999|99|99999999||||99999|99|99999999|73000|C5|00979539|004401|3|3008|9999|9|99999|99|99999999|999|99999|99|99999999|999999|9|99999|99|99999999|45060|1|532|99999|99999|9|999|99999|Y|N|86302|U|U|24|||||053|||||128|||||000396|A|13210|99999|99999|28590|00701|23127|0|3008|Block 3008|S||75|40|+43.0337352|-076.1143080|BK||99999
DHCST|NY|100|00|00|000|00|0213708|1000000US360670044013009|360670044013009|1|2|36|01779796|067|H1|00974132|73000|C5|00979539|99999|99|99999999||||99999|99|99999999|73000|C5|00979539|004401|3|3009|9999|9|99999|99|99999999|999|99999|99|99999999|999999|9|99999|99|99999999|45060|1|532|99999|99999|9|999|99999|Y|N|86302|U|U|24|||||053|||||128|||||000396|A|13210|99999|99999|28590|00701|22657|0|3009|Block 3009|S||70|31|+43.0337826|-076.1131351|BK||99999
DHCST|NY|100|00|00|000|00|0213709|1000000US360670044013010|360670044013010|1|2|36|01779796|067|H1|00974132|73000|C5|00979539|99999|99|99999999||||99999|99|99999999|73000|C5|00979539|004401|3|3010|9999|9|99999|99|99999999|999|99999|99|99999999|999999|9|99999|99|99999999|45060|1|532|99999|99999|9|999|99999|Y|N|86302|U|U|24|||||053|||||128|||||000396|A|13210|99999|99999|28590|00701|6136|0|3010|Block 3010|S||16|6|+43.0322800|-076.1131968|BK||99999
DHCST|NY|100|00|00|000|00|0213710|1000000US360670044013011|360670044013011|1|2|36|01779796|067|H1|00974132|73000|C5|00979539|99999|99|99999999||||99999|99|99999999|73000|C5|00979539|004401|3|3011|9999|9|99999|99|99999999|999|99999|99|99999999|999999|9|99999|99|99999999|45060|1|532|99999|99999|9|999|99999|Y|N|86302|U|U|24|||||053|||||128|||||000403|A|13210|99999|99999|28590|00701|4562|0|3011|Block 3011|S||0|0|+43.0325051|-076.1123411|BK||99999
DHCST|NY|100|00|00|000|00|0213711|1000000US360670044013012|360670044013012|1|2|36|01779796|067|H1|00974132|73000|C5|00979539|99999|99|99999999||||99999|99|99999999|73000|C5|00979539|004401|3|3012|9999|9|99999|99|99999999|999|99999|99|99999999|999999|9|99999|99|99999999|45060|1|532|99999|99999|9|999|99999|Y|N|86302|U|U|24|||||053|||||128|||||000403|A|13210|99999|99999|28590|00701|1373|0|3012|Block 3012|S||0|0|+43.0322187|-076.1121033|BK||99999
DHCST|NY|100|00|00|000|00|0213712|1000000US360670044013013|360670044013013|1|2|36|01779796|067|H1|00974132|73000|C5|00979539|99999|99|99999999||||99999|99|99999999|73000|C5|00979539|004401|3|3013|9999|9|99999|99|99999999|999|99999|99|99999999|999999|9|99999|99|99999999|45060|1|532|99999|99999|9|999|99999|Y|N|86302|U|U|24|||||053|||||128|||||000403|A|13210|99999|99999|28590|00701|4128|0|3013|Block 3013|S||7|1|+43.0317170|-076.1119737|BK||99999
DHCST|NY|100|00|00|000|00|0213713|1000000US360670044013014|360670044013014|1|2|36|01779796|067|H1|00974132|73000|C5|00979539|99999|99|99999999||||99999|99|99999999|73000|C5|00979539|004401|3|3014|9999|9|99999|99|99999999|999|99999|99|99999999|999999|9|99999|99|99999999|45060|1|532|99999|99999|9|999|99999|Y|N|86302|U|U|24|||||053|||||129|||||000395|A|13210|99999|99999|28590|00701|16166|0|3014|Block 3014|S||21|12|+43.0312106|-076.1127179|BK||99999
DHCST|NY|100|00|00|000|00|0213714|1000000US360670044013015|360670044013015|1|2|36|01779796|067|H1|00974132|73000|C5|00979539|99999|99|99999999||||99999|99|99999999|73000|C5|00979539|004401|3|3015|9999|9|99999|99|99999999|999|99999|99|99999999|999999|9|99999|99|99999999|45060|1|532|99999|99999|9|999|99999|Y|N|86302|U|U|24|||||053|||||128|||||000396|A|13210|99999|99999|28590|00701|1510|0|3015|Block 3015|S||0|0|+43.0318650|-076.1130392|BK||99999
DHCST|NY|100|00|00|000|00|0213715|1000000US360670044013016|360670044013016|1|2|36|01779796|067|H1|00974132|73000|C5|00979539|99999|99|99999999||||99999|99|99999999|73000|C5|00979539|004401|3|3016|9999|9|99999|99|99999999|999|99999|99|99999999|999999|9|99999|99|99999999|45060|1|532|99999|99999|9|999|99999|Y|N|86302|U|U|24|||||053|||||128|||||000396|A|13210|99999|99999|28590|00701|1691|0|3016|Block 3016|S||0|0|+43.0315154|-076.1141545|BK||99999
DHCST|NY|100|00|00|000|00|0213716|1000000US360670044013017|360670044013017|1|2|36|01779796|067|H1|00974132|73000|C5|00979539|99999|99|99999999||||99999|99|99999999|73000|C5|00979539|004401|3|3017|9999|9|99999|99|99999999|999|99999|99|99999999|999999|9|99999|99|99999999|45060|1|532|99999|99999|9|999|99999|Y|N|86302|U|U|24|||||053|||||128|||||000396|A|13210|99999|99999|28590|00701|11408|0|3017|Block 3017|S||34|11|+43.0321210|-076.1142219|BK||99999
DHCST|NY|100|00|00|000|00|0213717|1000000US360670044013018|360670044013018|1|2|36|01779796|067|H1|00974132|73000|C5|00979539|99999|99|99999999||||99999|99|99999999|73000|C5|00979539|004401|3|3018|9999|9|99999|99|99999999|999|99999|99|99999999|999999|9|99999|99|99999999|45060|1|532|99999|99999|9|999|99999|Y|N|86302|U|U|24|||||053|||||128|||||000396|A|13210|99999|99999|28590|00701|16727|0|3018|Block 3018|S||41|16|+43.0318764|-076.1154432|BK||99999
DHCST|NY|100|00|00|000|00|0213718|1000000US360670044013019|360670044013019|1|2|36|01779796|067|H1|00974132|73000|C5|00979539|99999|99|99999999||||99999|99|99999999|73000|C5|00979539|004401|3|3019|9999|9|99999|99|99999999|999|99999|99|99999999|999999|9|99999|99|99999999|45060|1|532|99999|99999|9|999|99999|Y|N|86302|U|U|24|||||053|||||128|||||000396|A|13210|99999|99999|28590|00701|18830|0|3019|Block 3019|S||91|45|+43.0328141|-076.1167397|BK||99999
DHCST|NY|100|00|00|000|00|0213719|1000000US360670044013020|360670044013020|1|2|36|01779796|067|H1|00974132|73000|C5|00979539|99999|99|99999999||||99999|99|99999999|73000|C5|00979539|004401|3|3020|9999|9|99999|99|99999999|999|99999|99|99999999|999999|9|99999|99|99999999|45060|1|532|99999|99999|9|999|99999|Y|N|86302|U|U|24|||||053|||||128|||||000396|A|13210|99999|99999|28590|00701|18874|0|3020|Block 3020|S||98|41|+43.0327591|-076.1179650|BK||99999
DHCST|NY|100|00|00|000|00|0213720|1000000US360670044013021|360670044013021|1|2|36|01779796|067|H1|00974132|73000|C5|00979539|99999|99|99999999||||99999|99|99999999|73000|C5|00979539|004401|3|3021|9999|9|99999|99|99999999|999|99999|99|99999999|999999|9|99999|99|99999999|45060|1|532|99999|99999|9|999|99999|Y|N|86302|U|U|24|||||053|||||128|||||000396|A|13210|99999|99999|28590|00701|16281|0|3021|Block 3021|S||54|27|+43.0311775|-076.1178373|BK||99999
DHCST|NY|100|00|00|000|00|0213721|1000000US360670044013022|360670044013022|1|2|36|01779796|067|H1|00974132|73000|C5|00979539|99999|99|99999999||||99999|99|99999999|73000|C5|00979539|004401|3|3022|9999|9|99999|99|99999999|999|99999|99|99999999|999999|9|99999|99|99999999|45060|1|532|99999|99999|9|999|99999|Y|N|86302|U|U|24|||||053|||||128|||||000396|A|13210|99999|99999|28590|00701|16581|0|3022|Block 3022|S||44|26|+43.0312352|-076.1166030|BK||99999
DHCST|NY|100|00|00|000|00|0213722|1000000US360670044013023|360670044013023|1|2|36|01779796|067|H1|00974132|73000|C5|00979539|99999|99|99999999||||99999|99|99999999|73000|C5|00979539|004401|3|3023|9999|9|99999|99|99999999|999|99999|99|99999999|999999|9|99999|99|99999999|45060|1|532|99999|99999|9|999|99999|Y|N|86302|U|U|24|||||053|||||128|||||000396|A|13210|99999|99999|28590|00701|2321|0|3023|Block 3023|S||0|0|+43.0309903|-076.1154267|BK||99999
DHCST|NY|100|00|00|000|00|0213723|1000000US360670044013024|360670044013024|1|2|36|01779796|067|H1|00974132|73000|C5|00979539|99999|99|99999999||||99999|99|99999999|73000|C5|00979539|004401|3|3024|9999|9|99999|99|99999999|999|99999|99|99999999|999999|9|99999|99|99999999|45060|1|532|99999|99999|9|999|99999|Y|N|86302|U|U|24|||||053|||||128|||||000396|A|13210|99999|99999|28590|00701|4300|0|3024|Block 3024|S||18|3|+43.0308284|-076.1151292|BK||99999
DHCST|NY|100|00|00|000|00|0213724|1000000US360670044013025|360670044013025|1|2|36|01779796|067|H1|00974132|73000|C5|00979539|99999|99|99999999||||99999|99|99999999|73000|C5|00979539|004401|3|3025|9999|9|99999|99|99999999|999|99999|99|99999999|999999|9|99999|99|99999999|45060|1|532|99999|99999|9|999|99999|Y|N|86302|U|U|24|||||053|||||128|||||000396|A|13210|99999|99999|28590|00701|8845|0|3025|Block 3025|S||10|6|+43.0310331|-076.1140879|BK||99999
DHCST|NY|100|00|00|000|00|0213725|1000000US360670045001000|360670045001000|1|2|36|01779796|067|H1|00974132|73000|C5|00979539|99999|99|99999999||||99999|99|99999999|73000|C5|00979539|004500|1|1000|9999|9|99999|99|99999999|999|99999|99|99999999|999999|9|99999|99|99999999|45060|1|532|99999|99999|9|999|99999|Y|N|86302|U|U|24|||||053|||||128|||||000403|A|13210|99999|99999|28590|00701|50516|0|1000|Block 1000|S||150|82|+43.0393588|-076.1147012|BK||99999
DHCST|NY|100|00|00|000|00|0213726|1000000US360670045001001|360670045001001|1|2|36|01779796|067|H1|00974132|73000|C5|00979539|99999|99|99999999||||99999|99|99999999|73000|C5|00979539|004500|1|1001|9999|9|99999|99|99999999|999|99999|99|99999999|999999|9|99999|99|99999999|45060|1|532|99999|99999|9|999|99999|Y|N|86302|U|U|24|||||053|||||128|||||000397|A|13210|99999|99999|28590|00701|27102|0|1001|Block 1001|S||89|50|+43.0403570|-076.1159367|BK||99999
DHCST|NY|100|00|00|000|00|0213727|1000000US360670045001002|360670045001002|1|2|36|01779796|067|H1|00974132|73000|C5|00979539|99999|99|99999999||||99999|99|99999999|73000|C5|00979539|004500|1|1002|9999|9|99999|99|99999999|999|99999|99|99999999|999999|9|99999|99|99999999|45060|1|532|99999|99999|9|999|99999|Y|N|86302|U|U|24|||||053|||||128|||||000397|A|13210|99999|99999|28590|00701|21557|0|1002|Block 1002|S||105|41|+43.0411347|-076.1179391|BK||99999
DHCST|NY|100|00|00|000|00|0213728|1000000US360670045001003|360670045001003|1|2|36|01779796|067|H1|00974132|73000|C5|00979539|99999|99|99999999||||99999|99|99999999|73000|C5|00979539|004500|1|1003|9999|9|99999|99|99999999|999|99999|99|99999999|999999|9|99999|99|99999999|45060|1|532|99999|99999|9|999|99999|Y|N|86302|U|U|24|||||053|||||128|||||000397|A|13210|99999|99999|28590|00701|21292|0|1003|Block 1003|S||79|38|+43.0402689|-076.1178664|BK||99999
DHCST|NY|100|00|00|000|00|0213729|1000000US360670045001004|360670045001004|1|2|36|01779796|067|H1|00974132|73000|C5|00979539|99999|99|99999999||||99999|99|99999999|73000|C5|00979539|004500|1|1004|9999|9|99999|99|99999999|999|99999|99|99999999|999999|9|99999|99|99999999|45060|1|532|99999|99999|9|999|99999|Y|N|86302|U|U|24|||||053|||||128|||||000397|A|13210|99999|99999|28590|00701|21225|0|1004|Block 1004|S||70|27|+43.0394064|-076.1178024|BK||99999
DHCST|NY|100|00|00|000|00|0213730|1000000US360670045001005|360670045001005|1|2|36|01779796|067|H1|00974132|73000|C5|00979539|99999|99|99999999||||99999|99|99999999|73000|C5|00979539|004500|1|1005|9999|9|99999|99|99999999|999|99999|99|99999999|999999|9|99999|99|99999999|45060|1|532|99999|99999|9|999|99999|Y|N|86302|U|U|24|||||053|||||128|||||000397|A|13210|99999|99999|28590|00701|25963|0|1005|Block 1005|S||74|31|+43.0377512|-076.1182940|BK||99999
DHCST|NY|100|00|00|000|00|0213731|1000000US360670045001006|360670045001006|1|2|36|01779796|067|H1|00974132|73000|C5|00979539|99999|99|99999999||||99999|99|99999999|73000|C5|00979539|004500|1|1006|9999|9|99999|99|99999999|999|99999|99|99999999|999999|9|99999|99|99999999|45060|1|532|99999|99999|9|999|99999|Y|N|86302|U|U|24|||||053|||||128|||||000397|A|13210|99999|99999|28590|00701|25291|0|1006|Block 1006|S||122|48|+43.0381032|-076.1170600|BK||99999
DHCST|NY|100|00|00|000|00|0213732|1000000US360670045001007|360670045001007|1|2|36|01779796|067|H1|00974132|73000|C5|00979539|99999|99|99999999||||99999|99|99999999|73000|C5|00979539|004500|1|1007|9999|9|99999|99|99999999|999|99999|99|99999999|999999|9|99999|99|99999999|45060|1|532|99999|99999|9|999|99999|Y|N|86302|U|U|24|||||053|||||128|||||000403|A|13210|99999|99999|28590|00701|21611|0|1007|Block 1007|S||90|43|+43.0380077|-076.1157759|BK||99999
DHCST|NY|100|00|00|000|00|0213733|1000000US360670045002000|360670045002000|1|2|36|01779796|067|H1|00974132|73000|C5|00979539|99999|99|99999999||||99999|99|99999999|73000|C5|00979539|004500|2|2000|9999|9|99999|99|99999999|999|99999|99|99999999|999999|9|99999|99|99999999|45060|1|532|99999|99999|9|999|99999|Y|N|86302|U|U|24|||||053|||||129|||||000390|A|13210|99999|99999|28590|00701|21877|0|2000|Block 2000|S||158|74|+43.0376531|-076.1196927|BK||99999
DHCST|NY|100|00|00|000|00|0213734|1000000US360670045002001|360670045002001|1|2|36|01779796|067|H1|00974132|73000|C5|00979539|99999|99|99999999||||99999|99|99999999|73000|C5|00979539|004500|2|2001|9999|9|99999|99|99999999|999|99999|99|99999999|999999|9|99999|99|99999999|45060|1|532|99999|99999|9|999|99999|Y|N|86302|U|U|24|||||053|||||129|||||000390|A|13210|99999|99999|28590|00701|22389|0|2001|Block 2001|S||131|55|+43.0379946|-076.1218469|BK||99999
DHCST|NY|100|00|00|000|00|0213735|1000000US360670045002002|360670045002002|1|2|36|01779796|067|H1|00974132|73000|C5|00979539|99999|99|99999999||||99999|99|99999999|73000|C5|00979539|004500|2|2002|9999|9|99999|99|99999999|999|99999|99|99999999|999999|9|99999|99|99999999|45060|1|532|99999|99999|9|999|99999|Y|N|86302|U|U|24|||||053|||||129|||||000390|A|13210|99999|99999|28590|00701|19516|0|2002|Block 2002|S||102|50|+43.0374411|-076.1238606|BK||99999
DHCST|NY|100|00|00|000|00|0213736|1000000US360670045002003|360670045002003|1|2|36|01779796|067|H1|00974132|73000|C5|00979539|99999|99|99999999||||99999|99|99999999|73000|C5|00979539|004500|2|2003|9999|9|99999|99|99999999|999|99999|99|99999999|999999|9|99999|99|99999999|45060|1|532|99999|99999|9|999|99999|Y|N|86302|U|U|24|||||053|||||129|||||000390|A|13210|99999|99999|28590|00701|18835|0|2003|Block 2003|S||87|31|+43.0373148|-076.1251010|BK||99999
DHCST|NY|100|00|00|000|00|0213737|1000000US360670045002004|360670045002004|1|2|36|01779796|067|H1|00974132|73000|C5|00979539|99999|99|99999999||||99999|99|99999999|73000|C5|00979539|004500|2|2004|9999|9|99999|99|99999999|999|99999|99|99999999|999999|9|99999|99|99999999|45060|1|532|99999|99999|9|999|99999|Y|N|86302|U|U|24|||||053|||||129|||||000390|A|13210|99999|99999|28590|00701|18830|0|2004|Block 2004|S||145|58|+43.0372531|-076.1263714|BK||99999
DHCST|NY|100|00|00|000|00|0213738|1000000US360670045002005|360670045002005|1|2|36|01779796|067|H1|00974132|73000|C5|00979539|99999|99|99999999||||99999|99|99999999|73000|C5|00979539|004500|2|2005|9999|9|99999|99|99999999|999|99999|99|99999999|999999|9|99999|99|99999999|45060|1|532|99999|99999|9|999|99999|Y|N|86302|U|U|24|||||053|||||129|||||000390|A|13210|99999|99999|28590|00701|18405|0|2005|Block 2005|S||121|43|+43.0371858|-076.1276284|BK||99999
DHCST|NY|100|00|00|000|00|0213739|1000000US360670045002006|360670045002006|1|2|36|01779796|067|H1|00974132|73000|C5|00979539|99999|99|99999999||||99999|99|99999999|73000|C5|00979539|004500|2|2006|9999|9|99999|99|99999999|999|99999|99|99999999|999999|9|99999|99|99999999|45060|1|532|99999|99999|9|999|99999|Y|N|86302|U|U|24|||||053|||||129|||||000390|A|13210|99999|99999|28590|00701|23504|0|2006|Block 2006|S||146|71|+43.0371167|-076.1217723|BK||99999
DHCST|NY|100|00|00|000|00|0213740|1000000US360670045003000|360670045003000|1|2|36|01779796|067|H1|00974132|73000|C5|00979539|99999|99|99999999||||99999|99|99999999|73000|C5|00979539|004500|3|3000|9999|9|99999|99|99999999|999|99999|99|99999999|999999|9|99999|99|99999999|45060|1|532|99999|99999|9|999|99999|Y|N|86302|U|U|24|||||053|||||128|||||000399|A|13210|99999|99999|28590|00701|29893|0|3000|Block 3000|S||98|55|+43.0441252|-076.1227782|BK||99999
DHCST|NY|100|00|00|000|00|0213741|1000000US360670045003001|360670045003001|1|2|36|01779796|067|H1|00974132|73000|C5|00979539|99999|99|99999999||||99999|99|99999999|73000|C5|00979539|004500|3|3001|9999|9|99999|99|99999999|999|99999|99|99999999|999999|9|99999|99|99999999|45060|1|532|99999|99999|9|999|99999|Y|N|86302|U|U|24|||||053|||||128|||||000399|A|13210|99999|99999|28590|00701|16421|0|3001|Block 3001|S||72|42|+43.0447737|-076.1242194|BK||99999
DHCST|NY|100|00|00|000|00|0213742|1000000US360670045003002|360670045003002|1|2|36|01779796|067|H1|00974132|73000|C5|00979539|99999|99|99999999||||99999|99|99999999|73000|C5|00979539|004500|3|3002|9999|9|99999|99|99999999|999|99999|99|99999999|999999|9|99999|99|99999999|45060|1|532|99999|99999|9|999|99999|Y|N|86302|U|U|24|||||053|||||129|||||000390|A|13210|99999|99999|28590|00701|47967|0|3002|Block 3002|S||0|0|+43.0445298|-076.1261021|BK||99999
DHCST|NY|100|00|00|000|00|0213743|1000000US360670045003003|360670045003003|1|2|36|01779796|067|H1|00974132|73000|C5|00979539|99999|99|99999999||||99999|99|99999999|73000|C5|00979539|004500|3|3003|9999|9|99999|99|99999999|999|99999|99|99999999|999999|9|99999|99|99999999|45060|1|532|99999|99999|9|999|99999|Y|N|86302|U|U|24|||||053|||||128|||||000399|A|13210|99999|99999|28590|00701|27189|0|3003|Block 3003|S||121|53|+43.0416925|-076.1220444|BK||99999
DHCST|NY|100|00|00|000|00|0213744|1000000US360670045003004|360670045003004|1|2|36|01779796|067|H1|00974132|73000|C5|00979539|99999|99|99999999||||99999|99|99999999|73000|C5|00979539|004500|3|3004|9999|9|99999|99|99999999|999|99999|99|99999999|999999|9|99999|99|99999999|45060|1|532|99999|99999|9|999|99999|Y|N|86302|U|U|24|||||053|||||128|||||000399|A|13210|99999|99999|28590|00701|21419|0|3004|Block 3004|S||59|34|+43.0429399|-076.1213030|BK||99999
DHCST|NY|100|00|00|000|00|0213745|1000000US360670045003005|360670045003005|1|2|36|01779796|067|H1|00974132|73000|C5|00979539|99999|99|99999999||||99999|99|99999999|73000|C5|00979539|004500|3|3005|9999|9|99999|99|99999999|999|99999|99|99999999|999999|9|99999|99|99999999|45060|1|532|99999|99999|9|999|99999|Y|N|86302|U|U|24|||||053|||||128|||||000399|A|13210|99999|99999|28590|00701|23574|0|3005|Block 3005|S||147|66|+43.0429549|-076.1200994|BK||99999
DHCST|NY|100|00|00|000|00|0213746|1000000US360670045003006|360670045003006|1|2|36|01779796|067|H1|00974132|73000|C5|00979539|99999|99|99999999||||99999|99|99999999|73000|C5|00979539|004500|3|3006|9999|9|99999|99|99999999|999|99999|99|99999999|999999|9|99999|99|99999999|45060|1|532|99999|99999|9|999|99999|Y|N|86302|U|U|24|||||053|||||128|||||000397|A|13210|99999|99999|28590|00701|16520|0|3006|Block 3006|S||63|28|+43.0412382|-076.1199149|BK||99999
DHCST|NY|100|00|00|000|00|0213747|1000000US360670045003007|360670045003007|1|2|36|01779796|067|H1|00974132|73000|C5|00979539|99999|99|99999999||||99999|99|99999999|73000|C5|00979539|004500|3|3007|9999|9|99999|99|99999999|999|99999|99|99999999|999999|9|99999|99|99999999|45060|1|532|99999|99999|9|999|99999|Y|N|86302|U|U|24|||||053|||||129|||||000390|A|13210|99999|99999|28590|00701|102834|0|3007|Block 3007|S||0|0|+43.0423059|-076.1276434|BK||99999
DHCST|NY|100|00|00|000|00|0213748|1000000US360670045003008|360670045003008|1|2|36|01779796|067|H1|00974132|73000|C5|00979539|99999|99|99999999||||99999|99|99999999|73000|C5|00979539|004500|3|3008|9999|9|99999|99|99999999|999|99999|99|99999999|999999|9|99999|99|99999999|45060|1|532|99999|99999|9|999|99999|Y|N|86302|U|U|24|||||053|||||129|||||000390|A|13210|99999|99999|28590|00701|68483|0|3008|Block 3008|S||0|0|+43.0414089|-076.1257575|BK||99999
DHCST|NY|100|00|00|000|00|0213749|1000000US360670045003009|360670045003009|1|2|36|01779796|067|H1|00974132|73000|C5|00979539|99999|99|99999999||||99999|99|99999999|73000|C5|00979539|004500|3|3009|9999|9|99999|99|99999999|999|99999|99|99999999|999999|9|99999|99|99999999|45060|1|532|99999|99999|9|999|99999|Y|N|86302|U|U|24|||||053|||||129|||||000390|A|13210|99999|99999|28590|00701|4480|0|3009|Block 3009|S||0|0|+43.0431536|-076.1234836|BK||99999
DHCST|NY|100|00|00|000|00|0213750|1000000US360670045003010|360670045003010|1|2|36|01779796|067|H1|00974132|73000|C5|00979539|99999|99|99999999||||99999|99|99999999|73000|C5|00979539|004500|3|3010|9999|9|99999|99|99999999|999|99999|99|99999999|999999|9|99999|99|99999999|45060|1|532|99999|99999|9|999|99999|Y|N|86302|U|U|24|||||053|||||128|||||000399|A|13210|99999|99999|28590|00701|6932|0|3010|Block 3010|S||38|12|+43.0426438|-076.1231736|BK||99999
DHCST|NY|100|00|00|000|00|0213751|1000000US360670045003011|360670045003011|1|2|36|01779796|067|H1|00974132|73000|C5|00979539|99999|99|99999999||||99999|99|99999999|73000|C5|00979539|004500|3|3011|9999|9|99999|99|99999999|999|99999|99|99999999|999999|9|99999|99|99999999|45060|1|532|99999|99999|9|999|99999|Y|N|86302|U|U|24|||||053|||||128|||||000399|A|13210|99999|99999|28590|00701|8907|0|3011|Block 3011|S||41|19|+43.0415446|-076.1232171|BK||99999
DHCST|NY|100|00|00|000|00|0213752|1000000US360670045003012|360670045003012|1|2|36|01779796|067|H1|00974132|73000|C5|00979539|99999|99|99999999||||99999|99|99999999|73000|C5|00979539|004500|3|3012|9999|9|99999|99|99999999|999|99999|99|99999999|999999|9|99999|99|99999999|45060|1|532|99999|99999|9|999|99999|Y|N|86302|U|U|24|||||053|||||129|||||000390|A|13210|99999|99999|28590|00701|72263|0|3012|Block 3012|S||0|0|+43.0403837|-076.1240179|BK||99999
DHCST|NY|100|00|00|000|00|0213753|1000000US360670045003013|360670045003013|1|2|36|01779796|067|H1|00974132|73000|C5|00979539|99999|99|99999999||||99999|99|99999999|73000|C5|00979539|004500|3|3013|9999|9|99999|99|99999999|999|99999|99|99999999|999999|9|99999|99|99999999|45060|1|532|99999|99999|9|999|99999|Y|N|86302|U|U|24|||||053|||||129|||||000413|A|13210|99999|99999|28590|00701|28687|0|3013|Block 3013|S||137|49|+43.0389143|-076.1220425|BK||99999
DHCST|NY|100|00|00|000|00|0213754|1000000US360670045003014|360670045003014|1|2|36|01779796|067|H1|00974132|73000|C5|00979539|99999|99|99999999||||99999|99|99999999|73000|C5|00979539|004500|3|3014|9999|9|99999|99|99999999|999|99999|99|99999999|999999|9|99999|99|99999999|45060|1|532|99999|99999|9|999|99999|Y|N|86302|U|U|24|||||053|||||128|||||000397|A|13210|99999|99999|28590|00701|15193|0|3014|Block 3014|S||61|41|+43.0405425|-076.1209647|BK||99999
DHCST|NY|100|00|00|000|00|0213755|1000000US360670045003015|360670045003015|1|2|36|01779796|067|H1|00974132|73000|C5|00979539|99999|99|99999999||||99999|99|99999999|73000|C5|00979539|004500|3|3015|9999|9|99999|99|99999999|999|99999|99|99999999|999999|9|99999|99|99999999|45060|1|532|99999|99999|9|999|99999|Y|N|86302|U|U|24|||||053|||||128|||||000397|A|13210|99999|99999|28590|00701|17861|0|3015|Block 3015|S||112|62|+43.0397467|-076.1203701|BK||99999
DHCST|NY|100|00|00|000|00|0213756|1000000US360670045003016|360670045003016|1|2|36|01779796|067|H1|00974132|73000|C5|00979539|99999|99|99999999||||99999|99|99999999|73000|C5|00979539|004500|3|3016|9999|9|99999|99|99999999|999|99999|99|99999999|999999|9|99999|99|99999999|45060|1|532|99999|99999|9|999|99999|Y|N|86302|U|U|24|||||053|||||128|||||000397|A|13210|99999|99999|28590|00701|15713|0|3016|Block 3016|S||92|42|+43.0389289|-076.1201290|BK||99999
DHCST|NY|100|00|00|000|00|0213757|1000000US360670045003017|360670045003017|1|2|36|01779796|067|H1|00974132|73000|C5|00979539|99999|99|99999999||||99999|99|99999999|73000|C5|00979539|004500|3|3017|9999|9|99999|99|99999999|999|99999|99|99999999|999999|9|99999|99|99999999|45060|1|532|99999|99999|9|999|99999|Y|N|86302|U|U|24|||||053|||||129|||||000390|A|13210|99999|99999|28590|00701|40517|0|3017|Block 3017|S||85|22|+43.0387053|-076.1264219|BK||99999
DHCST|NY|100|00|00|000|00|0213758|1000000US360670046001000|360670046001000|1|2|36|01779796|067|H1|00974132|73000|C5|00979539|99999|99|99999999||||99999|99|99999999|73000|C5|00979539|004600|1|1000|9999|9|99999|99|99999999|999|99999|99|99999999|999999|9|99999|99|99999999|45060|1|532|99999|99999|9|999|99999|Y|N|86302|U|U|24|||||053|||||128|||||000410|A|13214|99999|99999|28590|00701|61525|0|1000|Block 1000|S||73|4|+43.0497918|-076.0915963|BK||99999
DHCST|NY|100|00|00|000|00|0213759|1000000US360670046001001|360670046001001|1|2|36|01779796|067|H1|00974132|73000|C5|00979539|99999|99|99999999||||99999|99|99999999|73000|C5|00979539|004600|1|1001|9999|9|99999|99|99999999|999|99999|99|99999999|999999|9|99999|99|99999999|45060|1|532|99999|99999|9|999|99999|Y|N|86302|U|U|24|||||053|||||128|||||000410|A|13214|99999|99999|28590|00701|15281|0|1001|Block 1001|S||24|13|+43.0472698|-076.0926207|BK||99999
DHCST|NY|100|00|00|000|00|0213760|1000000US360670046001002|360670046001002|1|2|36|01779796|067|H1|00974132|73000|C5|00979539|99999|99|99999999||||99999|99|99999999|73000|C5|00979539|004600|1|1002|9999|9|99999|99|99999999|999|99999|99|99999999|999999|9|99999|99|99999999|45060|1|532|99999|99999|9|999|99999|Y|N|86302|U|U|24|||||053|||||128|||||000410|A|13214|99999|99999|28590|00701|43586|0|1002|Block 1002|S||430|2|+43.0463557|-076.0907139|BK||99999
DHCST|NY|100|00|00|000|00|0213761|1000000US360670046001003|360670046001003|1|2|36|01779796|067|H1|00974132|73000|C5|00979539|99999|99|99999999||||99999|99|99999999|73000|C5|00979539|004600|1|1003|9999|9|99999|99|99999999|999|99999|99|99999999|999999|9|99999|99|99999999|45060|1|532|99999|99999|9|999|99999|Y|N|86302|U|U|24|||||053|||||128|||||000410|A|13214|99999|99999|28590|00701|18265|0|1003|Block 1003|S||25|14|+43.0462007|-076.0894319|BK||99999
DHCST|NY|100|00|00|000|00|0213762|1000000US360670046001004|360670046001004|1|2|36|01779796|067|H1|00974132|73000|C5|00979539|99999|99|99999999||||99999|99|99999999|73000|C5|00979539|004600|1|1004|9999|9|99999|99|99999999|999|99999|99|99999999|999999|9|99999|99|99999999|45060|1|532|99999|99999|9|999|99999|Y|N|86302|U|U|24|||||053|||||128|||||000410|A|13214|99999|99999|28590|00701|31318|0|1004|Block 1004|S||71|30|+43.0461204|-076.0875725|BK||99999
DHCST|NY|100|00|00|000|00|0213763|1000000US360670046001005|360670046001005|1|2|36|01779796|067|H1|00974132|73000|C5|00979539|99999|99|99999999||||99999|99|99999999|73000|C5|00979539|004600|1|1005|9999|9|99999|99|99999999|999|99999|99|99999999|999999|9|99999|99|99999999|45060|1|532|99999|99999|9|999|99999|Y|N|86302|U|U|24|||||053|||||128|||||000410|A|13214|99999|99999|28590|00701|2945|0|1005|Block 1005|S||0|0|+43.0454218|-076.0877083|BK||99999
DHCST|NY|100|00|00|000|00|0213764|1000000US360670046001006|360670046001006|1|2|36|01779796|067|H1|00974132|73000|C5|00979539|99999|99|99999999||||99999|99|99999999|73000|C5|00979539|004600|1|1006|9999|9|99999|99|99999999|999|99999|99|99999999|999999|9|99999|99|99999999|45060|1|532|99999|99999|9|999|99999|Y|N|86302|U|U|24|||||053|||||128|||||000410|A|13214|99999|99999|28590|00701|24649|0|1006|Block 1006|S||27|21|+43.0451367|-076.0884124|BK||99999
DHCST|NY|100|00|00|000|00|0213765|1000000US360670046001007|360670046001007|1|2|36|01779796|067|H1|00974132|73000|C5|00979539|99999|99|99999999||||99999|99|99999999|73000|C5|00979539|004600|1|1007|9999|9|99999|99|99999999|999|99999|99|99999999|999999|9|99999|99|99999999|45060|1|532|99999|99999|9|999|99999|Y|N|86302|U|U|24|||||053|||||128|||||000410|A|13214|99999|99999|28590|00701|24972|0|1007|Block 1007|S||41|23|+43.0441552|-076.0861379|BK||99999
DHCST|NY|100|00|00|000|00|0213766|1000000US360670046001008|360670046001008|1|2|36|01779796|067|H1|00974132|73000|C5|00979539|99999|99|99999999||||99999|99|99999999|73000|C5|00979539|004600|1|1008|9999|9|99999|99|99999999|999|99999|99|99999999|999999|9|99999|99|99999999|45060|1|532|99999|99999|9|999|99999|Y|N|86302|U|U|24|||||053|||||128|||||000410|A|13214|99999|99999|28590|00701|29958|0|1008|Block 1008|S||56|26|+43.0446747|-076.0849029|BK||99999
DHCST|NY|100|00|00|000|00|0213767|1000000US360670046001009|360670046001009|1|2|36|01779796|067|H1|00974132|73000|C5|00979539|99999|99|99999999||||99999|99|99999999|73000|C5|00979539|004600|1|1009|9999|9|99999|99|99999999|999|99999|99|99999999|999999|9|99999|99|99999999|45060|1|532|99999|99999|9|999|99999|Y|N|86302|U|U|24|||||053|||||128|||||000410|A|13214|99999|99999|28590|00701|3556|0|1009|Block 1009|S||8|2|+43.0453015|-076.0846703|BK||99999
DHCST|NY|100|00|00|000|00|0213768|1000000US360670046001010|360670046001010|1|2|36|01779796|067|H1|00974132|73000|C5|00979539|99999|99|99999999||||99999|99|99999999|73000|C5|00979539|004600|1|1010|9999|9|99999|99|99999999|999|99999|99|99999999|999999|9|99999|99|99999999|45060|1|532|99999|99999|9|999|99999|Y|N|86302|U|U|24|||||053|||||128|||||000410|A|13214|99999|99999|28590|00701|10956|0|1010|Block 1010|S||13|9|+43.0445755|-076.0832385|BK||99999
DHCST|NY|100|00|00|000|00|0213769|1000000US360670046001011|360670046001011|1|2|36|01779796|067|H1|00974132|73000|C5|00979539|99999|99|99999999||||99999|99|99999999|73000|C5|00979539|004600|1|1011|9999|9|99999|99|99999999|999|99999|99|99999999|999999|9|99999|99|99999999|45060|1|532|99999|99999|9|999|99999|Y|N|86302|U|U|24|||||053|||||128|||||000410|A|13214|99999|99999|28590|00701|15442|0|1011|Block 1011|S||44|14|+43.0426895|-076.0822517|BK||99999
DHCST|NY|100|00|00|000|00|0213770|1000000US360670046001012|360670046001012|1|2|36|01779796|067|H1|00974132|73000|C5|00979539|99999|99|99999999||||99999|99|99999999|73000|C5|00979539|004600|1|1012|9999|9|99999|99|99999999|999|99999|99|99999999|999999|9|99999|99|99999999|45060|1|532|99999|99999|9|999|99999|Y|N|86302|U|U|24|||||053|||||128|||||000410|A|13214|99999|99999|28590|00701|25031|0|1012|Block 1012|S||47|20|+43.0428097|-076.0831838|BK||99999
DHCST|NY|100|00|00|000|00|0213771|1000000US360670046001013|360670046001013|1|2|36|01779796|067|H1|00974132|73000|C5|00979539|99999|99|99999999||||99999|99|99999999|73000|C5|00979539|004600|1|1013|9999|9|99999|99|99999999|999|99999|99|99999999|999999|9|99999|99|99999999|45060|1|532|99999|99999|9|999|99999|Y|N|86302|U|U|24|||||053|||||128|||||000410|A|13214|99999|99999|28590|00701|23945|0|1013|Block 1013|S||35|21|+43.0425519|-076.0844139|BK||99999
DHCST|NY|100|00|00|000|00|0213772|1000000US360670046001014|360670046001014|1|2|36|01779796|067|H1|00974132|73000|C5|00979539|99999|99|99999999||||99999|99|99999999|73000|C5|00979539|004600|1|1014|9999|9|99999|99|99999999|999|99999|99|99999999|999999|9|99999|99|99999999|45060|1|532|99999|99999|9|999|99999|Y|N|86302|U|U|24|||||053|||||128|||||000410|A|13214|99999|99999|28590|00701|1342|0|1014|Block 1014|S||0|0|+43.0420067|-076.0848733|BK||99999
DHCST|NY|100|00|00|000|00|0213773|1000000US360670046001015|360670046001015|1|2|36|01779796|067|H1|00974132|73000|C5|00979539|99999|99|99999999||||99999|99|99999999|73000|C5|00979539|004600|1|1015|9999|9|99999|99|99999999|999|99999|99|99999999|999999|9|99999|99|99999999|45060|1|532|99999|99999|9|999|99999|Y|N|86302|U|U|24|||||053|||||128|||||000410|A|13214|99999|99999|28590|00701|1599|0|1015|Block 1015|S||0|0|+43.0430341|-076.0853833|BK||99999
DHCST|NY|100|00|00|000|00|0213774|1000000US360670046001016|360670046001016|1|2|36|01779796|067|H1|00974132|73000|C5|00979539|99999|99|99999999||||99999|99|99999999|73000|C5|00979539|004600|1|1016|9999|9|99999|99|99999999|999|99999|99|99999999|999999|9|99999|99|99999999|45060|1|532|99999|99999|9|999|99999|Y|N|86302|U|U|24|||||053|||||128|||||000410|A|13214|99999|99999|28590|00701|24678|0|1016|Block 1016|S||51|26|+43.0433958|-076.0870156|BK||99999
DHCST|NY|100|00|00|000|00|0213775|1000000US360670046001017|360670046001017|1|2|36|01779796|067|H1|00974132|73000|C5|00979539|99999|99|99999999||||99999|99|99999999|73000|C5|00979539|004600|1|1017|9999|9|99999|99|99999999|999|99999|99|99999999|999999|9|99999|99|99999999|45060|1|532|99999|99999|9|999|99999|Y|N|86302|U|U|24|||||053|||||128|||||000410|A|13214|99999|99999|28590|00701|31443|0|1017|Block 1017|S||68|31|+43.0424635|-076.0868461|BK||99999
DHCST|NY|100|00|00|000|00|0213776|1000000US360670046001018|360670046001018|1|2|36|01779796|067|H1|00974132|73000|C5|00979539|99999|99|99999999||||99999|99|99999999|73000|C5|00979539|004600|1|1018|9999|9|99999|99|99999999|999|99999|99|99999999|999999|9|99999|99|99999999|45060|1|532|99999|99999|9|999|99999|Y|N|86302|U|U|24|||||053|||||128|||||000407|A|13214|99999|99999|28590|00701|29034|0|1018|Block 1018|S||16|6|+43.0402704|-076.0810995|BK||99999
DHCST|NY|100|00|00|000|00|0213777|1000000US360670046001019|360670046001019|1|2|36|01779796|067|H1|00974132|73000|C5|00979539|99999|99|99999999||||99999|99|99999999|73000|C5|00979539|004600|1|1019|9999|9|99999|99|99999999|999|99999|99|99999999|999999|9|99999|99|99999999|45060|1|532|99999|99999|9|999|99999|Y|N|86302|U|U|24|||||053|||||128|||||000407|A|13214|99999|99999|28590|00701|13040|0|1019|Block 1019|S||21|6|+43.0411487|-076.0832029|BK||99999
DHCST|NY|100|00|00|000|00|0213778|1000000US360670046001020|360670046001020|1|2|36|01779796|067|H1|00974132|73000|C5|00979539|99999|99|99999999||||99999|99|99999999|73000|C5|00979539|004600|1|1020|9999|9|99999|99|99999999|999|99999|99|99999999|999999|9|99999|99|99999999|45060|1|532|99999|99999|9|999|99999|Y|N|86302|U|U|24|||||053|||||128|||||000407|A|13214|99999|99999|28590|00701|1604|0|1020|Block 1020|S||0|0|+43.0412960|-076.0845717|BK||99999
DHCST|NY|100|00|00|000|00|0213779|1000000US360670046001021|360670046001021|1|2|36|01779796|067|H1|00974132|73000|C5|00979539|99999|99|99999999||||99999|99|99999999|73000|C5|00979539|004600|1|1021|9999|9|99999|99|99999999|999|99999|99|99999999|999999|9|99999|99|99999999|45060|1|532|99999|99999|9|999|99999|Y|N|86302|U|U|24|||||053|||||128|||||000407|A|13214|99999|99999|28590|00701|12818|0|1021|Block 1021|S||0|0|+43.0418756|-076.0869386|BK||99999
DHCST|NY|100|00|00|000|00|0213780|1000000US360670046001022|360670046001022|1|2|36|01779796|067|H1|00974132|73000|C5|00979539|99999|99|99999999||||99999|99|99999999|73000|C5|00979539|004600|1|1022|9999|9|99999|99|99999999|999|99999|99|99999999|999999|9|99999|99|99999999|45060|1|532|99999|99999|9|999|99999|Y|N|86302|U|U|24|||||053|||||128|||||000410|A|13214|99999|99999|28590|00701|18813|0|1022|Block 1022|S||37|16|+43.0462615|-076.0925808|BK||99999
DHCST|NY|100|00|00|000|00|0213781|1000000US360670046001023|360670046001023|1|2|36|01779796|067|H1|00974132|73000|C5|00979539|99999|99|99999999||||99999|99|99999999|73000|C5|00979539|004600|1|1023|9999|9|99999|99|99999999|999|99999|99|99999999|999999|9|99999|99|99999999|45060|1|532|99999|99999|9|999|99999|Y|N|86302|U|U|24|||||053|||||128|||||000407|A|13214|99999|99999|28590|00701|128523|0|1023|Block 1023|S||177|53|+43.0388909|-076.0763338|BK||99999
DHCST|NY|100|00|00|000|00|0213782|1000000US360670046002000|360670046002000|1|2|36|01779796|067|H1|00974132|73000|C5|00979539|99999|99|99999999||||99999|99|99999999|73000|C5|00979539|004600|2|2000|9999|9|99999|99|99999999|999|99999|99|99999999|999999|9|99999|99|99999999|45060|1|532|99999|99999|9|999|99999|Y|N|86302|U|U|24|||||053|||||128|||||000407|A|13214|99999|99999|28590|00701|50771|0|2000|Block 2000|S||22|7|+43.0387862|-076.0806117|BK||99999
DHCST|NY|100|00|00|000|00|0213783|1000000US360670046002001|360670046002001|1|2|36|01779796|067|H1|00974132|73000|C5|00979539|99999|99|99999999||||99999|99|99999999|73000|C5|00979539|004600|2|2001|9999|9|99999|99|99999999|999|99999|99|99999999|999999|9|99999|99|99999999|45060|1|532|99999|99999|9|999|99999|Y|N|86302|U|U|24|||||053|||||128|||||000407|A|13214|99999|99999|28590|00701|40612|0|2001|Block 2001|S||44|19|+43.0399559|-076.0843439|BK||99999
DHCST|NY|100|00|00|000|00|0213784|1000000US360670046002002|360670046002002|1|2|36|01779796|067|H1|00974132|73000|C5|00979539|99999|99|99999999||||99999|99|99999999|73000|C5|00979539|004600|2|2002|9999|9|99999|99|99999999|999|99999|99|99999999|999999|9|99999|99|99999999|45060|1|532|99999|99999|9|999|99999|Y|N|86302|U|U|24|||||053|||||128|||||000407|A|13214|99999|99999|28590|00701|83553|0|2002|Block 2002|S||80|44|+43.0411783|-076.0892563|BK||99999
DHCST|NY|100|00|00|000|00|0213785|1000000US360670046002003|360670046002003|1|2|36|01779796|067|H1|00974132|73000|C5|00979539|99999|99|99999999||||99999|99|99999999|73000|C5|00979539|004600|2|2003|9999|9|99999|99|99999999|999|99999|99|99999999|999999|9|99999|99|99999999|45060|1|532|99999|99999|9|999|99999|Y|N|86302|U|U|24|||||053|||||128|||||000407|A|13214|99999|99999|28590|00701|22488|0|2003|Block 2003|S||38|15|+43.0420350|-076.0917507|BK||99999
DHCST|NY|100|00|00|000|00|0213786|1000000US360670046002004|360670046002004|1|2|36|01779796|067|H1|00974132|73000|C5|00979539|99999|99|99999999||||99999|99|99999999|73000|C5|00979539|004600|2|2004|9999|9|99999|99|99999999|999|99999|99|99999999|999999|9|99999|99|99999999|45060|1|532|99999|99999|9|999|99999|Y|N|86302|U|U|24|||||053|||||128|||||000407|A|13214|99999|99999|28590|00701|4455|0|2004|Block 2004|S||0|0|+43.0426491|-076.0926085|BK||99999
DHCST|NY|100|00|00|000|00|0213787|1000000US360670046002005|360670046002005|1|2|36|01779796|067|H1|00974132|73000|C5|00979539|99999|99|99999999||||99999|99|99999999|73000|C5|00979539|004600|2|2005|9999|9|99999|99|99999999|999|99999|99|99999999|999999|9|99999|99|99999999|45060|1|532|99999|99999|9|999|99999|Y|N|86302|U|U|24|||||053|||||128|||||000409|A|13224|99999|99999|28590|00701|26580|0|2005|Block 2005|S||20|13|+43.0425393|-076.0978386|BK||99999
DHCST|NY|100|00|00|000|00|0213788|1000000US360670046002006|360670046002006|1|2|36|01779796|067|H1|00974132|73000|C5|00979539|99999|99|99999999||||99999|99|99999999|73000|C5|00979539|004600|2|2006|9999|9|99999|99|99999999|999|99999|99|99999999|999999|9|99999|99|99999999|45060|1|532|99999|99999|9|999|99999|Y|N|86302|U|U|24|||||053|||||128|||||000409|A|13224|99999|99999|28590|00701|246132|0|2006|Block 2006|S||45|20|+43.0401951|-076.0975108|BK||99999
DHCST|NY|100|00|00|000|00|0213789|1000000US360670046002007|360670046002007|1|2|36|01779796|067|H1|00974132|73000|C5|00979539|99999|99|99999999||||99999|99|99999999|73000|C5|00979539|004600|2|2007|9999|9|99999|99|99999999|999|99999|99|99999999|999999|9|99999|99|99999999|45060|1|532|99999|99999|9|999|99999|Y|N|86302|U|U|24|||||053|||||128|||||000409|A|13224|99999|99999|28590|00701|3039|0|2007|Block 2007|S||0|0|+43.0417531|-076.1005445|BK||99999
DHCST|NY|100|00|00|000|00|0213790|1000000US360670046002008|360670046002008|1|2|36|01779796|067|H1|00974132|73000|C5|00979539|99999|99|99999999||||99999|99|99999999|73000|C5|00979539|004600|2|2008|9999|9|99999|99|99999999|999|99999|99|99999999|999999|9|99999|99|99999999|45060|1|532|99999|99999|9|999|99999|Y|N|86302|U|U|24|||||053|||||128|||||000407|A|13214|99999|99999|28590|00701|43111|0|2008|Block 2008|S||49|16|+43.0411043|-076.0935182|BK||99999
DHCST|NY|100|00|00|000|00|0213791|1000000US360670046002009|360670046002009|1|2|36|01779796|067|H1|00974132|73000|C5|00979539|99999|99|99999999||||99999|99|99999999|73000|C5|00979539|004600|2|2009|9999|9|99999|99|99999999|999|99999|99|99999999|999999|9|99999|99|99999999|45060|1|532|99999|99999|9|999|99999|Y|N|86302|U|U|24|||||053|||||128|||||000409|A|13224|99999|99999|28590|00701|309570|0|2009|Block 2009|S||166|83|+43.0350003|-076.0983762|BK||99999
DHCST|NY|100|00|00|000|00|0213792|1000000US360670046002010|360670046002010|1|2|36|01779796|067|H1|00974132|73000|C5|00979539|99999|99|99999999||||99999|99|99999999|73000|C5|00979539|004600|2|2010|9999|9|99999|99|99999999|999|99999|99|99999999|999999|9|99999|99|99999999|45060|1|532|99999|99999|9|999|99999|Y|N|86302|U|U|24|||||053|||||128|||||000409|A|13224|99999|99999|28590|00701|55880|0|2010|Block 2010|S||54|21|+43.0360208|-076.0994744|BK||99999
DHCST|NY|100|00|00|000|00|0213793|1000000US360670046002011|360670046002011|1|2|36|01779796|067|H1|00974132|73000|C5|00979539|99999|99|99999999||||99999|99|99999999|73000|C5|00979539|004600|2|2011|9999|9|99999|99|99999999|999|99999|99|99999999|999999|9|99999|99|99999999|45060|1|532|99999|99999|9|999|99999|Y|N|86302|U|U|24|||||053|||||128|||||000409|A|13224|99999|99999|28590|00701|28448|0|2011|Block 2011|S||47|19|+43.0372028|-076.0961506|BK||99999
DHCST|NY|100|00|00|000|00|0213794|1000000US360670046002012|360670046002012|1|2|36|01779796|067|H1|00974132|73000|C5|00979539|99999|99|99999999||||99999|99|99999999|73000|C5|00979539|004600|2|2012|9999|9|99999|99|99999999|999|99999|99|99999999|999999|9|99999|99|99999999|45060|1|532|99999|99999|9|999|99999|Y|N|86302|U|U|24|||||053|||||128|||||000409|A|13224|99999|99999|28590|00701|38466|0|2012|Block 2012|S||39|16|+43.0380731|-076.0945566|BK||99999
DHCST|NY|100|00|00|000|00|0213795|1000000US360670046002013|360670046002013|1|2|36|01779796|067|H1|00974132|73000|C5|00979539|99999|99|99999999||||99999|99|99999999|73000|C5|00979539|004600|2|2013|9999|9|99999|99|99999999|999|99999|99|99999999|999999|9|99999|99|99999999|45060|1|532|99999|99999|9|999|99999|Y|N|86302|U|U|24|||||053|||||128|||||000407|A|13214|99999|99999|28590|00701|32234|0|2013|Block 2013|S||55|25|+43.0388219|-076.0918059|BK||99999
DHCST|NY|100|00|00|000|00|0213796|1000000US360670046002014|360670046002014|1|2|36|01779796|067|H1|00974132|73000|C5|00979539|99999|99|99999999||||99999|99|99999999|73000|C5|00979539|004600|2|2014|9999|9|99999|99|99999999|999|99999|99|99999999|999999|9|99999|99|99999999|45060|1|532|99999|99999|9|999|99999|Y|N|86302|U|U|24|||||053|||||128|||||000407|A|13214|99999|99999|28590|00701|35630|0|2014|Block 2014|S||52|27|+43.0398470|-076.0911816|BK||99999
DHCST|NY|100|00|00|000|00|0213797|1000000US360670046002015|360670046002015|1|2|36|01779796|067|H1|00974132|73000|C5|00979539|99999|99|99999999||||99999|99|99999999|73000|C5|00979539|004600|2|2015|9999|9|99999|99|99999999|999|99999|99|99999999|999999|9|99999|99|99999999|45060|1|532|99999|99999|9|999|99999|Y|N|86302|U|U|24|||||053|||||128|||||000407|A|13214|99999|99999|28590|00701|46495|0|2015|Block 2015|S||60|33|+43.0397095|-076.0865139|BK||99999
DHCST|NY|100|00|00|000|00|0213798|1000000US360670046002016|360670046002016|1|2|36|01779796|067|H1|00974132|73000|C5|00979539|99999|99|99999999||||99999|99|99999999|73000|C5|00979539|004600|2|2016|9999|9|99999|99|99999999|999|99999|99|99999999|999999|9|99999|99|99999999|45060|1|532|99999|99999|9|999|99999|Y|N|86302|U|U|24|||||053|||||128|||||000407|A|13214|99999|99999|28590|00701|39957|0|2016|Block 2016|S||57|27|+43.0389497|-076.0880125|BK||99999
DHCST|NY|100|00|00|000|00|0213799|1000000US360670046002017|360670046002017|1|2|36|01779796|067|H1|00974132|73000|C5|00979539|99999|99|99999999||||99999|99|99999999|73000|C5|00979539|004600|2|2017|9999|9|99999|99|99999999|999|99999|99|99999999|999999|9|99999|99|99999999|45060|1|532|99999|99999|9|999|99999|Y|N|86302|U|U|24|||||053|||||128|||||000407|A|13214|99999|99999|28590|00701|144731|0|2017|Block 2017|S||89|44|+43.0376480|-076.0865242|BK||99999
DHCST|NY|100|00|00|000|00|0213800|1000000US360670046002018|360670046002018|1|2|36|01779796|067|H1|00974132|73000|C5|00979539|99999|99|99999999||||99999|99|99999999|73000|C5|00979539|004600|2|2018|9999|9|99999|99|99999999|999|99999|99|99999999|999999|9|99999|99|99999999|45060|1|532|99999|99999|9|999|99999|Y|N|86302|U|U|24|||||053|||||128|||||000407|A|13214|99999|99999|28590|00701|39801|0|2018|Block 2018|S||31|12|+43.0383691|-076.0816295|BK||99999
DHCST|NY|100|00|00|000|00|0213801|1000000US360670046002019|360670046002019|1|2|36|01779796|067|H1|00974132|73000|C5|00979539|99999|99|99999999||||99999|99|99999999|73000|C5|00979539|004600|2|2019|9999|9|99999|99|99999999|999|99999|99|99999999|999999|9|99999|99|99999999|45060|1|532|99999|99999|9|999|99999|Y|N|86302|U|U|24|||||053|||||128|||||000407|A|13214|99999|99999|28590|00701|2385|0|2019|Block 2019|S||0|0|+43.0411932|-076.0856059|BK||99999
DHCST|NY|100|00|00|000|00|0213802|1000000US360670046002020|360670046002020|1|2|36|01779796|067|H1|00974132|73000|C5|00979539|99999|99|99999999||||99999|99|99999999|73000|C5|00979539|004600|2|2020|9999|9|99999|99|99999999|999|99999|99|99999999|999999|9|99999|99|99999999|45060|1|532|99999|99999|9|999|99999|Y|N|86302|U|U|24|||||053|||||128|||||000407|A|13214|99999|99999|28590|00701|11380|0|2020|Block 2020|S||19|10|+43.0370900|-076.0784900|BK||99999
DHCST|NY|100|00|00|000|00|0213803|1000000US360670046003000|360670046003000|1|2|36|01779796|067|H1|00974132|73000|C5|00979539|99999|99|99999999||||99999|99|99999999|73000|C5|00979539|004600|3|3000|9999|9|99999|99|99999999|999|99999|99|99999999|999999|9|99999|99|99999999|45060|1|532|99999|99999|9|999|99999|Y|N|86302|U|U|24|||||053|||||128|||||000409|A|13224|99999|99999|28590|00701|1619|0|3000|Block 3000|S||0|0|+43.0416141|-076.1014535|BK||99999
DHCST|NY|100|00|00|000|00|0213804|1000000US360670046003001|360670046003001|1|2|36|01779796|067|H1|00974132|73000|C5|00979539|99999|99|99999999||||99999|99|99999999|73000|C5|00979539|004600|3|3001|9999|9|99999|99|99999999|999|99999|99|99999999|999999|9|99999|99|99999999|45060|1|532|99999|99999|9|999|99999|Y|N|86302|U|U|24|||||053|||||128|||||000409|A|13224|99999|99999|28590|00701|1525|0|3001|Block 3001|S||0|0|+43.0414251|-076.1027609|BK||99999
DHCST|NY|100|00|00|000|00|0213805|1000000US360670046003002|360670046003002|1|2|36|01779796|067|H1|00974132|73000|C5|00979539|99999|99|99999999||||99999|99|99999999|73000|C5|00979539|004600|3|3002|9999|9|99999|99|99999999|999|99999|99|99999999|999999|9|99999|99|99999999|45060|1|532|99999|99999|9|999|99999|Y|N|86302|U|U|24|||||053|||||128|||||000409|A|13224|99999|99999|28590|00701|1764|0|3002|Block 3002|S||0|0|+43.0411896|-076.1041170|BK||99999
DHCST|NY|100|00|00|000|00|0213806|1000000US360670046003003|360670046003003|1|2|36|01779796|067|H1|00974132|73000|C5|00979539|99999|99|99999999||||99999|99|99999999|73000|C5|00979539|004600|3|3003|9999|9|99999|99|99999999|999|99999|99|99999999|999999|9|99999|99|99999999|45060|1|532|99999|99999|9|999|99999|Y|N|86302|U|U|24|||||053|||||128|||||000409|A|13224|99999|99999|28590|00701|2021|0|3003|Block 3003|S||0|0|+43.0407658|-076.1056333|BK||99999
DHCST|NY|100|00|00|000|00|0213807|1000000US360670046003004|360670046003004|1|2|36|01779796|067|H1|00974132|73000|C5|00979539|99999|99|99999999||||99999|99|99999999|73000|C5|00979539|004600|3|3004|9999|9|99999|99|99999999|999|99999|99|99999999|999999|9|99999|99|99999999|45060|1|532|99999|99999|9|999|99999|Y|N|86302|U|U|24|||||053|||||128|||||000409|A|13224|99999|99999|28590|00701|36147|0|3004|Block 3004|S||32|17|+43.0395708|-076.1047955|BK||99999
DHCST|NY|100|00|00|000|00|0213808|1000000US360670046003005|360670046003005|1|2|36|01779796|067|H1|00974132|73000|C5|00979539|99999|99|99999999||||99999|99|99999999|73000|C5|00979539|004600|3|3005|9999|9|99999|99|99999999|999|99999|99|99999999|999999|9|99999|99|99999999|45060|1|532|99999|99999|9|999|99999|Y|N|86302|U|U|24|||||053|||||128|||||000409|A|13224|99999|99999|28590|00701|22335|0|3005|Block 3005|S||37|15|+43.0402405|-076.1037743|BK||99999
DHCST|NY|100|00|00|000|00|0213809|1000000US360670046003006|360670046003006|1|2|36|01779796|067|H1|00974132|73000|C5|00979539|99999|99|99999999||||99999|99|99999999|73000|C5|00979539|004600|3|3006|9999|9|99999|99|99999999|999|99999|99|99999999|999999|9|99999|99|99999999|45060|1|532|99999|99999|9|999|99999|Y|N|86302|U|U|24|||||053|||||128|||||000409|A|13224|99999|99999|28590|00701|32995|0|3006|Block 3006|S||54|27|+43.0399304|-076.1024875|BK||99999
DHCST|NY|100|00|00|000|00|0213810|1000000US360670046003007|360670046003007|1|2|36|01779796|067|H1|00974132|73000|C5|00979539|99999|99|99999999||||99999|99|99999999|73000|C5|00979539|004600|3|3007|9999|9|99999|99|99999999|999|99999|99|99999999|999999|9|99999|99|99999999|45060|1|532|99999|99999|9|999|99999|Y|N|86302|U|U|24|||||053|||||128|||||000409|A|13224|99999|99999|28590|00701|22056|0|3007|Block 3007|S||28|18|+43.0406156|-076.1012977|BK||99999
DHCST|NY|100|00|00|000|00|0213811|1000000US360670046003008|360670046003008|1|2|36|01779796|067|H1|00974132|73000|C5|00979539|99999|99|99999999||||99999|99|99999999|73000|C5|00979539|004600|3|3008|9999|9|99999|99|99999999|999|99999|99|99999999|999999|9|99999|99|99999999|45060|1|532|99999|99999|9|999|99999|Y|N|86302|U|U|24|||||053|||||128|||||000409|A|13224|99999|99999|28590|00701|23171|0|3008|Block 3008|S||38|14|+43.0386494|-076.1011499|BK||99999
DHCST|NY|100|00|00|000|00|0213812|1000000US360670046003009|360670046003009|1|2|36|01779796|067|H1|00974132|73000|C5|00979539|99999|99|99999999||||99999|99|99999999|73000|C5|00979539|004600|3|3009|9999|9|99999|99|99999999|999|99999|99|99999999|999999|9|99999|99|99999999|45060|1|532|99999|99999|9|999|99999|Y|N|86302|U|U|24|||||053|||||128|||||000409|A|13224|99999|99999|28590|00701|32531|0|3009|Block 3009|S||38|14|+43.0376903|-076.1024729|BK||99999
DHCST|NY|100|00|00|000|00|0213813|1000000US360670046003010|360670046003010|1|2|36|01779796|067|H1|00974132|73000|C5|00979539|99999|99|99999999||||99999|99|99999999|73000|C5|00979539|004600|3|3010|9999|9|99999|99|99999999|999|99999|99|99999999|999999|9|99999|99|99999999|45060|1|532|99999|99999|9|999|99999|Y|N|86302|U|U|24|||||053|||||128|||||000409|A|13224|99999|99999|28590|00701|56085|0|3010|Block 3010|S||61|27|+43.0376380|-076.1045703|BK||99999
DHCST|NY|100|00|00|000|00|0213814|1000000US360670046003011|360670046003011|1|2|36|01779796|067|H1|00974132|73000|C5|00979539|99999|99|99999999||||99999|99|99999999|73000|C5|00979539|004600|3|3011|9999|9|99999|99|99999999|999|99999|99|99999999|999999|9|99999|99|99999999|45060|1|532|99999|99999|9|999|99999|Y|N|86302|U|U|24|||||053|||||128|||||000403|A|13224|99999|99999|28590|00701|67912|0|3011|Block 3011|S||108|52|+43.0373800|-076.1065037|BK||99999
DHCST|NY|100|00|00|000|00|0213815|1000000US360670046003012|360670046003012|1|2|36|01779796|067|H1|00974132|73000|C5|00979539|99999|99|99999999||||99999|99|99999999|73000|C5|00979539|004600|3|3012|9999|9|99999|99|99999999|999|99999|99|99999999|999999|9|99999|99|99999999|45060|1|532|99999|99999|9|999|99999|Y|N|86302|U|U|24|||||053|||||128|||||000403|A|13224|99999|99999|28590|00701|2849|0|3012|Block 3012|S||0|0|+43.0398812|-076.1073018|BK||99999
DHCST|NY|100|00|00|000|00|0213816|1000000US360670046003013|360670046003013|1|2|36|01779796|067|H1|00974132|73000|C5|00979539|99999|99|99999999||||99999|99|99999999|73000|C5|00979539|004600|3|3013|9999|9|99999|99|99999999|999|99999|99|99999999|999999|9|99999|99|99999999|45060|1|532|99999|99999|9|999|99999|Y|N|86302|U|U|24|||||053|||||128|||||000403|A|13224|99999|99999|28590|00701|1684|0|3013|Block 3013|S||0|0|+43.0387380|-076.1084156|BK||99999
DHCST|NY|100|00|00|000|00|0213817|1000000US360670046003014|360670046003014|1|2|36|01779796|067|H1|00974132|73000|C5|00979539|99999|99|99999999||||99999|99|99999999|73000|C5|00979539|004600|3|3014|9999|9|99999|99|99999999|999|99999|99|99999999|999999|9|99999|99|99999999|45060|1|532|99999|99999|9|999|99999|Y|N|86302|U|U|24|||||053|||||128|||||000409|A|13224|99999|99999|28590|00701|29030|0|3014|Block 3014|S||43|22|+43.0361954|-076.1048509|BK||99999
DHCST|NY|100|00|00|000|00|0213818|1000000US360670046003015|360670046003015|1|2|36|01779796|067|H1|00974132|73000|C5|00979539|99999|99|99999999||||99999|99|99999999|73000|C5|00979539|004600|3|3015|9999|9|99999|99|99999999|999|99999|99|99999999|999999|9|99999|99|99999999|45060|1|532|99999|99999|9|999|99999|Y|N|86302|U|U|24|||||053|||||128|||||000403|A|13224|99999|99999|28590|00701|30830|0|3015|Block 3015|S||90|34|+43.0373646|-076.1078176|BK||99999
DHCST|NY|100|00|00|000|00|0213819|1000000US360670046003016|360670046003016|1|2|36|01779796|067|H1|00974132|73000|C5|00979539|99999|99|99999999||||99999|99|99999999|73000|C5|00979539|004600|3|3016|9999|9|99999|99|99999999|999|99999|99|99999999|999999|9|99999|99|99999999|45060|1|532|99999|99999|9|999|99999|Y|N|86302|U|U|24|||||053|||||128|||||000403|A|13224|99999|99999|28590|00701|20851|0|3016|Block 3016|S||51|18|+43.0368775|-076.1090753|BK||99999
DHCST|NY|100|00|00|000|00|0213820|1000000US360670046003017|360670046003017|1|2|36|01779796|067|H1|00974132|73000|C5|00979539|99999|99|99999999||||99999|99|99999999|73000|C5|00979539|004600|3|3017|9999|9|99999|99|99999999|999|99999|99|99999999|999999|9|99999|99|99999999|45060|1|532|99999|99999|9|999|99999|Y|N|86302|U|U|24|||||053|||||128|||||000403|A|13224|99999|99999|28590|00701|1151|0|3017|Block 3017|S||0|0|+43.0379708|-076.1090052|BK||99999
DHCST|NY|100|00|00|000|00|0213821|1000000US360670046003018|360670046003018|1|2|36|01779796|067|H1|00974132|73000|C5|00979539|99999|99|99999999||||99999|99|99999999|73000|C5|00979539|004600|3|3018|9999|9|99999|99|99999999|999|99999|99|99999999|999999|9|99999|99|99999999|45060|1|532|99999|99999|9|999|99999|Y|N|86302|U|U|24|||||053|||||128|||||000403|A|13224|99999|99999|28590|00701|2175|0|3018|Block 3018|S||0|0|+43.0370402|-076.1097183|BK||99999
DHCST|NY|100|00|00|000|00|0213822|1000000US360670046003019|360670046003019|1|2|36|01779796|067|H1|00974132|73000|C5|00979539|99999|99|99999999||||99999|99|99999999|73000|C5|00979539|004600|3|3019|9999|9|99999|99|99999999|999|99999|99|99999999|999999|9|99999|99|99999999|45060|1|532|99999|99999|9|999|99999|Y|N|86302|U|U|24|||||053|||||128|||||000403|A|13224|99999|99999|28590|00701|2922|0|3019|Block 3019|S||0|0|+43.0356446|-076.1107712|BK||99999
DHCST|NY|100|00|00|000|00|0213823|1000000US360670046003020|360670046003020|1|2|36|01779796|067|H1|00974132|73000|C5|00979539|99999|99|99999999||||99999|99|99999999|73000|C5|00979539|004600|3|3020|9999|9|99999|99|99999999|999|99999|99|99999999|999999|9|99999|99|99999999|45060|1|532|99999|99999|9|999|99999|Y|N|86302|U|U|24|||||053|||||128|||||000403|A|13224|99999|99999|28590|00701|26850|0|3020|Block 3020|S||39|14|+43.0361586|-076.1114501|BK||99999
DHCST|NY|100|00|00|000|00|0213824|1000000US360670046003021|360670046003021|1|2|36|01779796|067|H1|00974132|73000|C5|00979539|99999|99|99999999||||99999|99|99999999|73000|C5|00979539|004600|3|3021|9999|9|99999|99|99999999|999|99999|99|99999999|999999|9|99999|99|99999999|45060|1|532|99999|99999|9|999|99999|Y|N|86302|U|U|24|||||053|||||128|||||000403|A|13210|99999|99999|28590|00701|11090|0|3021|Block 3021|S||41|15|+43.0359161|-076.1124073|BK||99999
DHCST|NY|100|00|00|000|00|0213825|1000000US360670046003022|360670046003022|1|2|36|01779796|067|H1|00974132|73000|C5|00979539|99999|99|99999999||||99999|99|99999999|73000|C5|00979539|004600|3|3022|9999|9|99999|99|99999999|999|99999|99|99999999|999999|9|99999|99|99999999|45060|1|532|99999|99999|9|999|99999|Y|N|86302|U|U|24|||||053|||||128|||||000403|A|13210|99999|99999|28590|00701|12114|0|3022|Block 3022|S||31|13|+43.0337989|-076.1122427|BK||99999
DHCST|NY|100|00|00|000|00|0213826|1000000US360670046003023|360670046003023|1|2|36|01779796|067|H1|00974132|73000|C5|00979539|99999|99|99999999||||99999|99|99999999|73000|C5|00979539|004600|3|3023|9999|9|99999|99|99999999|999|99999|99|99999999|999999|9|99999|99|99999999|45060|1|532|99999|99999|9|999|99999|Y|N|86302|U|U|24|||||053|||||128|||||000403|A|13224|99999|99999|28590|00701|11239|0|3023|Block 3023|S||27|9|+43.0339210|-076.1116450|BK||99999
DHCST|NY|100|00|00|000|00|0213827|1000000US360670046003024|360670046003024|1|2|36|01779796|067|H1|00974132|73000|C5|00979539|99999|99|99999999||||99999|99|99999999|73000|C5|00979539|004600|3|3024|9999|9|99999|99|99999999|999|99999|99|99999999|999999|9|99999|99|99999999|45060|1|532|99999|99999|9|999|99999|Y|N|86302|U|U|24|||||053|||||128|||||000403|A|13224|99999|99999|28590|00701|4164|0|3024|Block 3024|S||0|0|+43.0343033|-076.1112700|BK||99999
DHCST|NY|100|00|00|000|00|0213828|1000000US360670046003025|360670046003025|1|2|36|01779796|067|H1|00974132|73000|C5|00979539|99999|99|99999999||||99999|99|99999999|73000|C5|00979539|004600|3|3025|9999|9|99999|99|99999999|999|99999|99|99999999|999999|9|99999|99|99999999|45060|1|532|99999|99999|9|999|99999|Y|N|86302|U|U|24|||||053|||||128|||||000403|A|13224|99999|99999|28590|00701|31411|0|3025|Block 3025|S||57|24|+43.0333902|-076.1105818|BK||99999
DHCST|NY|100|00|00|000|00|0213829|1000000US360670046003026|360670046003026|1|2|36|01779796|067|H1|00974132|73000|C5|00979539|99999|99|99999999||||99999|99|99999999|73000|C5|00979539|004600|3|3026|9999|9|99999|99|99999999|999|99999|99|99999999|999999|9|99999|99|99999999|45060|1|532|99999|99999|9|999|99999|Y|N|86302|U|U|24|||||053|||||128|||||000403|A|13224|99999|99999|28590|00701|16454|0|3026|Block 3026|S||43|14|+43.0354188|-076.1101507|BK||99999
DHCST|NY|100|00|00|000|00|0213830|1000000US360670046003027|360670046003027|1|2|36|01779796|067|H1|00974132|73000|C5|00979539|99999|99|99999999||||99999|99|99999999|73000|C5|00979539|004600|3|3027|9999|9|99999|99|99999999|999|99999|99|99999999|999999|9|99999|99|99999999|45060|1|532|99999|99999|9|999|99999|Y|N|86302|U|U|24|||||053|||||128|||||000403|A|13224|99999|99999|28590|00701|96846|0|3027|Block 3027|S||142|73|+43.0332430|-076.1083538|BK||99999
DHCST|NY|100|00|00|000|00|0213831|1000000US360670046003028|360670046003028|1|2|36|01779796|067|H1|00974132|73000|C5|00979539|99999|99|99999999||||99999|99|99999999|73000|C5|00979539|004600|3|3028|9999|9|99999|99|99999999|999|99999|99|99999999|999999|9|99999|99|99999999|45060|1|532|99999|99999|9|999|99999|Y|N|86302|U|U|24|||||053|||||128|||||000403|A|13224|99999|99999|28590|00701|21943|0|3028|Block 3028|S||33|18|+43.0355195|-076.1079101|BK||99999
DHCST|NY|100|00|00|000|00|0213832|1000000US360670046003029|360670046003029|1|2|36|01779796|067|H1|00974132|73000|C5|00979539|99999|99|99999999||||99999|99|99999999|73000|C5|00979539|004600|3|3029|9999|9|99999|99|99999999|999|99999|99|99999999|999999|9|99999|99|99999999|45060|1|532|99999|99999|9|999|99999|Y|N|86302|U|U|24|||||053|||||128|||||000403|A|13224|99999|99999|28590|00701|46999|0|3029|Block 3029|S||50|32|+43.0338476|-076.1052072|BK||99999
DHCST|NY|100|00|00|000|00|0213833|1000000US360670046003030|360670046003030|1|2|36|01779796|067|H1|00974132|73000|C5|00979539|99999|99|99999999||||99999|99|99999999|73000|C5|00979539|004600|3|3030|9999|9|99999|99|99999999|999|99999|99|99999999|999999|9|99999|99|99999999|45060|1|532|99999|99999|9|999|99999|Y|N|86302|U|U|24|||||053|||||128|||||000403|A|13224|99999|99999|28590|00701|15955|0|3030|Block 3030|S||43|15|+43.0301991|-076.1088061|BK||99999
DHCST|NY|100|00|00|000|00|0213834|1000000US360670046003031|360670046003031|1|2|36|01779796|067|H1|00974132|73000|C5|00979539|99999|99|99999999||||99999|99|99999999|73000|C5|00979539|004600|3|3031|9999|9|99999|99|99999999|999|99999|99|99999999|999999|9|99999|99|99999999|45060|1|532|99999|99999|9|999|99999|Y|N|86302|U|U|24|||||053|||||128|||||000403|A|13224|99999|99999|28590|00701|17993|0|3031|Block 3031|S||22|10|+43.0315101|-076.1094053|BK||99999
DHCST|NY|100|00|00|000|00|0213835|1000000US360670046003032|360670046003032|1|2|36|01779796|067|H1|00974132|73000|C5|00979539|99999|99|99999999||||99999|99|99999999|73000|C5|00979539|004600|3|3032|9999|9|99999|99|99999999|999|99999|99|99999999|999999|9|99999|99|99999999|45060|1|532|99999|99999|9|999|99999|Y|N|86302|U|U|24|||||053|||||128|||||000403|A|13224|99999|99999|28590|00701|16609|0|3032|Block 3032|S||36|14|+43.0316121|-076.1111281|BK||99999
DHCST|NY|100|00|00|000|00|0213836|1000000US360670046003033|360670046003033|1|2|36|01779796|067|H1|00974132|73000|C5|00979539|99999|99|99999999||||99999|99|99999999|73000|C5|00979539|004600|3|3033|9999|9|99999|99|99999999|999|99999|99|99999999|999999|9|99999|99|99999999|45060|1|532|99999|99999|9|999|99999|Y|N|86302|U|U|24|||||053|||||128|||||000403|A|13224|99999|99999|28590|00701|16297|0|3033|Block 3033|S||37|14|+43.0300608|-076.1110328|BK||99999
DHCST|NY|100|00|00|000|00|0213837|1000000US360670046003034|360670046003034|1|2|36|01779796|067|H1|00974132|73000|C5|00979539|99999|99|99999999||||99999|99|99999999|73000|C5|00979539|004600|3|3034|9999|9|99999|99|99999999|999|99999|99|99999999|999999|9|99999|99|99999999|45060|1|532|99999|99999|9|999|99999|Y|N|86302|U|U|24|||||053|||||128|||||000403|A|13224|99999|99999|28590|00701|17702|0|3034|Block 3034|S||28|16|+43.0302278|-076.1099254|BK||99999
DHCST|NY|100|00|00|000|00|0213838|1000000US360670046003035|360670046003035|1|2|36|01779796|067|H1|00974132|73000|C5|00979539|99999|99|99999999||||99999|99|99999999|73000|C5|00979539|004600|3|3035|9999|9|99999|99|99999999|999|99999|99|99999999|999999|9|99999|99|99999999|45060|1|532|99999|99999|9|999|99999|Y|N|86302|U|U|24|||||053|||||128|||||000403|A|13224|99999|99999|28590|00701|2352|0|3035|Block 3035|S||0|0|+43.0368024|-076.1103754|BK||99999
DHCST|NY|100|00|00|000|00|0213839|1000000US360670046004000|360670046004000|1|2|36|01779796|067|H1|00974132|73000|C5|00979539|99999|99|99999999||||99999|99|99999999|73000|C5|00979539|004600|4|4000|9999|9|99999|99|99999999|999|99999|99|99999999|999999|9|99999|99|99999999|45060|1|532|99999|99999|9|999|99999|Y|N|86302|U|U|24|||||053|||||128|||||000409|A|13224|99999|99999|28590|00701|35039|0|4000|Block 4000|S||85|59|+43.0418964|-076.1031626|BK||99999
DHCST|NY|100|00|00|000|00|0213840|1000000US360670046004001|360670046004001|1|2|36|01779796|067|H1|00974132|73000|C5|00979539|99999|99|99999999||||99999|99|99999999|73000|C5|00979539|004600|4|4001|9999|9|99999|99|99999999|999|99999|99|99999999|999999|9|99999|99|99999999|45060|1|532|99999|99999|9|999|99999|Y|N|86302|U|U|24|||||053|||||128|||||000403|A|13224|99999|99999|28590|00701|27755|0|4001|Block 4001|S||35|15|+43.0417792|-076.1059898|BK||99999
DHCST|NY|100|00|00|000|00|0213841|1000000US360670046004002|360670046004002|1|2|36|01779796|067|H1|00974132|73000|C5|00979539|99999|99|99999999||||99999|99|99999999|73000|C5|00979539|004600|4|4002|9999|9|99999|99|99999999|999|99999|99|99999999|999999|9|99999|99|99999999|45060|1|532|99999|99999|9|999|99999|Y|N|86302|U|U|24|||||053|||||128|||||000403|A|13224|99999|99999|28590|00701|29380|0|4002|Block 4002|S||32|17|+43.0425238|-076.1079277|BK||99999
DHCST|NY|100|00|00|000|00|0213842|1000000US360670046004003|360670046004003|1|2|36|01779796|067|H1|00974132|73000|C5|00979539|99999|99|99999999||||99999|99|99999999|73000|C5|00979539|004600|4|4003|9999|9|99999|99|99999999|999|99999|99|99999999|999999|9|99999|99|99999999|45060|1|532|99999|99999|9|999|99999|Y|N|86302|U|U|24|||||053|||||128|||||000401|A|13224|99999|99999|28590|00701|37127|0|4003|Block 4003|S||59|22|+43.0434973|-076.1103294|BK||99999
DHCST|NY|100|00|00|000|00|0213843|1000000US360670046004004|360670046004004|1|2|36|01779796|067|H1|00974132|73000|C5|00979539|99999|99|99999999||||99999|99|99999999|73000|C5|00979539|004600|4|4004|9999|9|99999|99|99999999|999|99999|99|99999999|999999|9|99999|99|99999999|45060|1|532|99999|99999|9|999|99999|Y|N|86302|U|U|24|||||053|||||128|||||000401|A|13224|99999|99999|28590|00701|2056|0|4004|Block 4004|S||0|0|+43.0437783|-076.1118921|BK||99999
DHCST|NY|100|00|00|000|00|0213844|1000000US360670046004005|360670046004005|1|2|36|01779796|067|H1|00974132|73000|C5|00979539|99999|99|99999999||||99999|99|99999999|73000|C5|00979539|004600|4|4005|9999|9|99999|99|99999999|999|99999|99|99999999|999999|9|99999|99|99999999|45060|1|532|99999|99999|9|999|99999|Y|N|86302|U|U|24|||||053|||||128|||||000401|A|13224|99999|99999|28590|00701|56256|0|4005|Block 4005|S||83|51|+43.0411782|-076.1120842|BK||99999
DHCST|NY|100|00|00|000|00|0213845|1000000US360670046004006|360670046004006|1|2|36|01779796|067|H1|00974132|73000|C5|00979539|99999|99|99999999||||99999|99|99999999|73000|C5|00979539|004600|4|4006|9999|9|99999|99|99999999|999|99999|99|99999999|999999|9|99999|99|99999999|45060|1|532|99999|99999|9|999|99999|Y|N|86302|U|U|24|||||053|||||128|||||000401|A|13210|99999|99999|28590|00701|69530|0|4006|Block 4006|S||181|91|+43.0427330|-076.1134975|BK||99999
DHCST|NY|100|00|00|000|00|0213846|1000000US360670046004007|360670046004007|1|2|36|01779796|067|H1|00974132|73000|C5|00979539|99999|99|99999999||||99999|99|99999999|73000|C5|00979539|004600|4|4007|9999|9|99999|99|99999999|999|99999|99|99999999|999999|9|99999|99|99999999|45060|1|532|99999|99999|9|999|99999|Y|N|86302|U|U|24|||||053|||||128|||||000403|A|13210|99999|99999|28590|00701|34467|0|4007|Block 4007|S||50|24|+43.0389210|-076.1135788|BK||99999
DHCST|NY|100|00|00|000|00|0213847|1000000US360670046004008|360670046004008|1|2|36|01779796|067|H1|00974132|73000|C5|00979539|99999|99|99999999||||99999|99|99999999|73000|C5|00979539|004600|4|4008|9999|9|99999|99|99999999|999|99999|99|99999999|999999|9|99999|99|99999999|45060|1|532|99999|99999|9|999|99999|Y|N|86302|U|U|24|||||053|||||128|||||000403|A|13224|99999|99999|28590|00701|27530|0|4008|Block 4008|S||36|16|+43.0380775|-076.1122680|BK||99999
DHCST|NY|100|00|00|000|00|0213848|1000000US360670046004009|360670046004009|1|2|36|01779796|067|H1|00974132|73000|C5|00979539|99999|99|99999999||||99999|99|99999999|73000|C5|00979539|004600|4|4009|9999|9|99999|99|99999999|999|99999|99|99999999|999999|9|99999|99|99999999|45060|1|532|99999|99999|9|999|99999|Y|N|86302|U|U|24|||||053|||||128|||||000403|A|13224|99999|99999|28590|00701|19287|0|4009|Block 4009|S||38|20|+43.0376754|-076.1104700|BK||99999
DHCST|NY|100|00|00|000|00|0213849|1000000US360670046004010|360670046004010|1|2|36|01779796|067|H1|00974132|73000|C5|00979539|99999|99|99999999||||99999|99|99999999|73000|C5|00979539|004600|4|4010|9999|9|99999|99|99999999|999|99999|99|99999999|999999|9|99999|99|99999999|45060|1|532|99999|99999|9|999|99999|Y|N|86302|U|U|24|||||053|||||128|||||000403|A|13224|99999|99999|28590|00701|13885|0|4010|Block 4010|S||48|15|+43.0385107|-076.1096537|BK||99999
DHCST|NY|100|00|00|000|00|0213850|1000000US360670046004011|360670046004011|1|2|36|01779796|067|H1|00974132|73000|C5|00979539|99999|99|99999999||||99999|99|99999999|73000|C5|00979539|004600|4|4011|9999|9|99999|99|99999999|999|99999|99|99999999|999999|9|99999|99|99999999|45060|1|532|99999|99999|9|999|99999|Y|N|86302|U|U|24|||||053|||||128|||||000401|A|13224|99999|99999|28590|00701|35135|0|4011|Block 4011|S||66|23|+43.0404556|-076.1109896|BK||99999
DHCST|NY|100|00|00|000|00|0213851|1000000US360670046004012|360670046004012|1|2|36|01779796|067|H1|00974132|73000|C5|00979539|99999|99|99999999||||99999|99|99999999|73000|C5|00979539|004600|4|4012|9999|9|99999|99|99999999|999|99999|99|99999999|999999|9|99999|99|99999999|45060|1|532|99999|99999|9|999|99999|Y|N|86302|U|U|24|||||053|||||128|||||000401|A|13224|99999|99999|28590|00701|25217|0|4012|Block 4012|S||44|19|+43.0422540|-076.1108268|BK||99999
DHCST|NY|100|00|00|000|00|0213852|1000000US360670046004013|360670046004013|1|2|36|01779796|067|H1|00974132|73000|C5|00979539|99999|99|99999999||||99999|99|99999999|73000|C5|00979539|004600|4|4013|9999|9|99999|99|99999999|999|99999|99|99999999|999999|9|99999|99|99999999|45060|1|532|99999|99999|9|999|99999|Y|N|86302|U|U|24|||||053|||||128|||||000401|A|13224|99999|99999|28590|00701|2331|0|4013|Block 4013|S||0|0|+43.0423974|-076.1096326|BK||99999
DHCST|NY|100|00|00|000|00|0213853|1000000US360670046004014|360670046004014|1|2|36|01779796|067|H1|00974132|73000|C5|00979539|99999|99|99999999||||99999|99|99999999|73000|C5|00979539|004600|4|4014|9999|9|99999|99|99999999|999|99999|99|99999999|999999|9|99999|99|99999999|45060|1|532|99999|99999|9|999|99999|Y|N|86302|U|U|24|||||053|||||128|||||000403|A|13224|99999|99999|28590|00701|19512|0|4014|Block 4014|S||37|16|+43.0409029|-076.1072808|BK||99999
DHCST|NY|100|00|00|000|00|0213854|1000000US360670046004015|360670046004015|1|2|36|01779796|067|H1|00974132|73000|C5|00979539|99999|99|99999999||||99999|99|99999999|73000|C5|00979539|004600|4|4015|9999|9|99999|99|99999999|999|99999|99|99999999|999999|9|99999|99|99999999|45060|1|532|99999|99999|9|999|99999|Y|N|86302|U|U|24|||||053|||||128|||||000403|A|13224|99999|99999|28590|00701|31506|0|4015|Block 4015|S||70|32|+43.0408694|-076.1086172|BK||99999
DHCST|NY|100|00|00|000|00|0213855|1000000US360670046004016|360670046004016|1|2|36|01779796|067|H1|00974132|73000|C5|00979539|99999|99|99999999||||99999|99|99999999|73000|C5|00979539|004600|4|4016|9999|9|99999|99|99999999|999|99999|99|99999999|999999|9|99999|99|99999999|45060|1|532|99999|99999|9|999|99999|Y|N|86302|U|U|24|||||053|||||128|||||000403|A|13224|99999|99999|28590|00701|29848|0|4016|Block 4016|S||73|37|+43.0400245|-076.1094275|BK||99999
DHCST|NY|100|00|00|000|00|0213856|1000000US360670046005000|360670046005000|1|2|36|01779796|067|H1|00974132|73000|C5|00979539|99999|99|99999999||||99999|99|99999999|73000|C5|00979539|004600|5|5000|9999|9|99999|99|99999999|999|99999|99|99999999|999999|9|99999|99|99999999|45060|1|532|99999|99999|9|999|99999|Y|N|86302|U|U|24|||||053|||||128|||||000411|A|13214|99999|99999|28590|00701|157770|0|5000|Block 5000|S||186|89|+43.0441889|-076.0922688|BK||99999
DHCST|NY|100|00|00|000|00|0213857|1000000US360670046005001|360670046005001|1|2|36|01779796|067|H1|00974132|73000|C5|00979539|99999|99|99999999||||99999|99|99999999|73000|C5|00979539|004600|5|5001|9999|9|99999|99|99999999|999|99999|99|99999999|999999|9|99999|99|99999999|45060|1|532|99999|99999|9|999|99999|Y|N|86302|U|U|24|||||053|||||128|||||000411|A|13224|99999|99999|28590|00701|378149|0|5001|Block 5001|S||403|220|+43.0446687|-076.1000546|BK||99999
DHCST|NY|100|00|00|000|00|0213858|1000000US360670046005002|360670046005002|1|2|36|01779796|067|H1|00974132|73000|C5|00979539|99999|99|99999999||||99999|99|99999999|73000|C5|00979539|004600|5|5002|9999|9|99999|99|99999999|999|99999|99|99999999|999999|9|99999|99|99999999|45060|1|532|99999|99999|9|999|99999|Y|N|86302|U|U|24|||||053|||||128|||||000411|A|13224|99999|99999|28590|00701|37372|0|5002|Block 5002|S||0|0|+43.0462208|-076.0986117|BK||99999
DHCST|NY|100|00|00|000|00|0213859|1000000US360670046005003|360670046005003|1|2|36|01779796|067|H1|00974132|73000|C5|00979539|99999|99|99999999||||99999|99|99999999|73000|C5|00979539|004600|5|5003|9999|9|99999|99|99999999|999|99999|99|99999999|999999|9|99999|99|99999999|45060|1|532|99999|99999|9|999|99999|Y|N|86302|U|U|24|||||053|||||128|||||000402|A|13224|99999|99999|28590|00701|40826|0|5003|Block 5003|S||78|32|+43.0442690|-076.1064208|BK||99999
DHCST|NY|100|00|00|000|00|0213860|1000000US360670046005004|360670046005004|1|2|36|01779796|067|H1|00974132|73000|C5|00979539|99999|99|99999999||||99999|99|99999999|73000|C5|00979539|004600|5|5004|9999|9|99999|99|99999999|999|99999|99|99999999|999999|9|99999|99|99999999|45060|1|532|99999|99999|9|999|99999|Y|N|86302|U|U|24|||||053|||||128|||||000401|A|13224|99999|99999|28590|00701|15451|0|5004|Block 5004|S||40|14|+43.0450621|-076.1081075|BK||99999
DHCST|NY|100|00|00|000|00|0213861|1000000US360670046005005|360670046005005|1|2|36|01779796|067|H1|00974132|73000|C5|00979539|99999|99|99999999||||99999|99|99999999|73000|C5|00979539|004600|5|5005|9999|9|99999|99|99999999|999|99999|99|99999999|999999|9|99999|99|99999999|45060|1|532|99999|99999|9|999|99999|Y|N|86302|U|U|24|||||053|||||128|||||000401|A|13224|99999|99999|28590|00701|29812|0|5005|Block 5005|S||41|20|+43.0445200|-076.1098475|BK||99999
DHCST|NY|100|00|00|000|00|0213862|1000000US360670046005006|360670046005006|1|2|36|01779796|067|H1|00974132|73000|C5|00979539|99999|99|99999999||||99999|99|99999999|73000|C5|00979539|004600|5|5006|9999|9|99999|99|99999999|999|99999|99|99999999|999999|9|99999|99|99999999|45060|1|532|99999|99999|9|999|99999|Y|N|86302|U|U|24|||||053|||||128|||||000401|A|13224|99999|99999|28590|00701|13174|0|5006|Block 5006|S||25|12|+43.0439720|-076.1077784|BK||99999
DHCST|NY|100|00|00|000|00|0213863|1000000US360670046005007|360670046005007|1|2|36|01779796|067|H1|00974132|73000|C5|00979539|99999|99|99999999||||99999|99|99999999|73000|C5|00979539|004600|5|5007|9999|9|99999|99|99999999|999|99999|99|99999999|999999|9|99999|99|99999999|45060|1|532|99999|99999|9|999|99999|Y|N|86302|U|U|24|||||053|||||128|||||000407|A|13214|99999|99999|28590|00701|4099|0|5007|Block 5007|S||0|0|+43.0426699|-076.0910285|BK||99999
DHCST|NY|100|00|00|000|00|0213864|1000000US360670046005008|360670046005008|1|2|36|01779796|067|H1|00974132|73000|C5|00979539|99999|99|99999999||||99999|99|99999999|73000|C5|00979539|004600|5|5008|9999|9|99999|99|99999999|999|99999|99|99999999|999999|9|99999|99|99999999|45060|1|532|99999|99999|9|999|99999|Y|N|86302|U|U|24|||||053|||||128|||||000407|A|13214|99999|99999|28590|00701|4377|0|5008|Block 5008|S||0|0|+43.0424585|-076.0895984|BK||99999
DHCST|NY|100|00|00|000|00|0213865|1000000US360670048001000|360670048001000|1|2|36|01779796|067|H1|00974132|73000|C5|00979539|99999|99|99999999||||99999|99|99999999|73000|C5|00979539|004800|1|1000|9999|9|99999|99|99999999|999|99999|99|99999999|999999|9|99999|99|99999999|45060|1|532|99999|99999|9|999|99999|Y|N|86302|U|U|24|||||053|||||129|||||000352|A|13204|99999|99999|28590|00701|4021|0|1000|Block 1000|S||16|6|+43.0323316|-076.1835262|BK||99999
DHCST|NY|100|00|00|000|00|0213866|1000000US360670048001001|360670048001001|1|2|36|01779796|067|H1|00974132|73000|C5|00979539|99999|99|99999999||||99999|99|99999999|73000|C5|00979539|004800|1|1001|9999|9|99999|99|99999999|999|99999|99|99999999|999999|9|99999|99|99999999|45060|1|532|99999|99999|9|999|99999|Y|N|86302|U|U|24|||||053|||||129|||||000352|A|13204|99999|99999|28590|00701|4632|0|1001|Block 1001|S||22|11|+43.0322914|-076.1846803|BK||99999
DHCST|NY|100|00|00|000|00|0213867|1000000US360670048001002|360670048001002|1|2|36|01779796|067|H1|00974132|73000|C5|00979539|99999|99|99999999||||99999|99|99999999|73000|C5|00979539|004800|1|1002|9999|9|99999|99|99999999|999|99999|99|99999999|999999|9|99999|99|99999999|45060|1|532|99999|99999|9|999|99999|Y|N|86302|U|U|24|||||053|||||129|||||000352|A|13204|99999|99999|28590|00701|5991|0|1002|Block 1002|S||13|8|+43.0321022|-076.1860600|BK||99999
DHCST|NY|100|00|00|000|00|0213868|1000000US360670048001003|360670048001003|1|2|36|01779796|067|H1|00974132|73000|C5|00979539|99999|99|99999999||||99999|99|99999999|73000|C5|00979539|004800|1|1003|9999|9|99999|99|99999999|999|99999|99|99999999|999999|9|99999|99|99999999|45060|1|532|99999|99999|9|999|99999|Y|N|86302|U|U|24|||||053|||||129|||||000352|A|13207|99999|99999|28590|00701|15790|0|1003|Block 1003|S||42|19|+43.0313714|-076.1846216|BK||99999
DHCST|NY|100|00|00|000|00|0213869|1000000US360670048001004|360670048001004|1|2|36|01779796|067|H1|00974132|73000|C5|00979539|99999|99|99999999||||99999|99|99999999|73000|C5|00979539|004800|1|1004|9999|9|99999|99|99999999|999|99999|99|99999999|999999|9|99999|99|99999999|45060|1|532|99999|99999|9|999|99999|Y|N|86302|U|U|24|||||053|||||129|||||000352|A|13207|99999|99999|28590|00701|14107|0|1004|Block 1004|S||31|20|+43.0314032|-076.1834751|BK||99999
DHCST|NY|100|00|00|000|00|0213870|1000000US360670048001005|360670048001005|1|2|36|01779796|067|H1|00974132|73000|C5|00979539|99999|99|99999999||||99999|99|99999999|73000|C5|00979539|004800|1|1005|9999|9|99999|99|99999999|999|99999|99|99999999|999999|9|99999|99|99999999|45060|1|532|99999|99999|9|999|99999|Y|N|86302|U|U|24|||||053|||||129|||||000352|A|13207|99999|99999|28590|00701|39990|0|1005|Block 1005|S||86|49|+43.0306076|-076.1849247|BK||99999
DHCST|NY|100|00|00|000|00|0213871|1000000US360670048001006|360670048001006|1|2|36|01779796|067|H1|00974132|73000|C5|00979539|99999|99|99999999||||99999|99|99999999|73000|C5|00979539|004800|1|1006|9999|9|99999|99|99999999|999|99999|99|99999999|999999|9|99999|99|99999999|45060|1|532|99999|99999|9|999|99999|Y|N|86302|U|U|24|||||053|||||129|||||000356|A|13207|99999|99999|28590|00701|73226|0|1006|Block 1006|S||111|63|+43.0289114|-076.1871895|BK||99999
DHCST|NY|100|00|00|000|00|0213872|1000000US360670048001007|360670048001007|1|2|36|01779796|067|H1|00974132|73000|C5|00979539|99999|99|99999999||||99999|99|99999999|73000|C5|00979539|004800|1|1007|9999|9|99999|99|99999999|999|99999|99|99999999|999999|9|99999|99|99999999|45060|1|532|99999|99999|9|999|99999|Y|N|86302|U|U|24|||||053|||||129|||||000356|A|13207|99999|99999|28590|00701|12936|0|1007|Block 1007|S||21|9|+43.0302225|-076.1866236|BK||99999
DHCST|NY|100|00|00|000|00|0213873|1000000US360670048001008|360670048001008|1|2|36|01779796|067|H1|00974132|73000|C5|00979539|99999|99|99999999||||99999|99|99999999|73000|C5|00979539|004800|1|1008|9999|9|99999|99|99999999|999|99999|99|99999999|999999|9|99999|99|99999999|45060|1|532|99999|99999|9|999|99999|Y|N|86302|U|U|24|||||053|||||129|||||000356|A|13219|99999|99999|28590|00701|8258|0|1008|Block 1008|S||26|4|+43.0314056|-076.1875780|BK||99999
DHCST|NY|100|00|00|000|00|0213874|1000000US360670048001009|360670048001009|1|2|36|01779796|067|H1|00974132|73000|C5|00979539|99999|99|99999999||||99999|99|99999999|73000|C5|00979539|004800|1|1009|9999|9|99999|99|99999999|999|99999|99|99999999|999999|9|99999|99|99999999|45060|1|532|99999|99999|9|999|99999|Y|N|86302|U|U|24|||||053|||||129|||||000353|A|13207|99999|99999|28590|00701|19336|0|1009|Block 1009|S||40|27|+43.0285428|-076.1841014|BK||99999
DHCST|NY|100|00|00|000|00|0213875|1000000US360670048001010|360670048001010|1|2|36|01779796|067|H1|00974132|73000|C5|00979539|99999|99|99999999||||99999|99|99999999|73000|C5|00979539|004800|1|1010|9999|9|99999|99|99999999|999|99999|99|99999999|999999|9|99999|99|99999999|45060|1|532|99999|99999|9|999|99999|Y|N|86302|U|U|24|||||053|||||129|||||000353|A|13207|99999|99999|28590|00701|21333|0|1010|Block 1010|S||38|23|+43.0293459|-076.1842279|BK||99999
DHCST|NY|100|00|00|000|00|0213876|1000000US360670048001011|360670048001011|1|2|36|01779796|067|H1|00974132|73000|C5|00979539|99999|99|99999999||||99999|99|99999999|73000|C5|00979539|004800|1|1011|9999|9|99999|99|99999999|999|99999|99|99999999|999999|9|99999|99|99999999|45060|1|532|99999|99999|9|999|99999|Y|N|86302|U|U|24|||||053|||||129|||||000356|A|13207|99999|99999|28590|00701|25388|0|1011|Block 1011|S||45|24|+43.0271651|-076.1860172|BK||99999
DHCST|NY|100|00|00|000|00|0213877|1000000US360670048001012|360670048001012|1|2|36|01779796|067|H1|00974132|73000|C5|00979539|99999|99|99999999||||99999|99|99999999|73000|C5|00979539|004800|1|1012|9999|9|99999|99|99999999|999|99999|99|99999999|999999|9|99999|99|99999999|45060|1|532|99999|99999|9|999|99999|Y|N|86302|U|U|24|||||053|||||129|||||000353|A|13207|99999|99999|28590|00701|18458|0|1012|Block 1012|S||49|23|+43.0277817|-076.1840571|BK||99999
DHCST|NY|100|00|00|000|00|0213878|1000000US360670048001013|360670048001013|1|2|36|01779796|067|H1|00974132|73000|C5|00979539|99999|99|99999999||||99999|99|99999999|73000|C5|00979539|004800|1|1013|9999|9|99999|99|99999999|999|99999|99|99999999|999999|9|99999|99|99999999|45060|1|532|99999|99999|9|999|99999|Y|N|86302|U|U|24|||||053|||||129|||||000353|A|13207|99999|99999|28590|00701|15699|0|1013|Block 1013|S||37|15|+43.0268118|-076.1833149|BK||99999
DHCST|NY|100|00|00|000|00|0213879|1000000US360670048001014|360670048001014|1|2|36|01779796|067|H1|00974132|73000|C5|00979539|99999|99|99999999||||99999|99|99999999|73000|C5|00979539|004800|1|1014|9999|9|99999|99|99999999|999|99999|99|99999999|999999|9|99999|99|99999999|45060|1|532|99999|99999|9|999|99999|Y|N|86302|U|U|24|||||053|||||129|||||000353|A|13207|99999|99999|28590|00701|36429|0|1014|Block 1014|S||61|33|+43.0261444|-076.1840456|BK||99999
DHCST|NY|100|00|00|000|00|0213880|1000000US360670048002000|360670048002000|1|2|36|01779796|067|H1|00974132|73000|C5|00979539|99999|99|99999999||||99999|99|99999999|73000|C5|00979539|004800|2|2000|9999|9|99999|99|99999999|999|99999|99|99999999|999999|9|99999|99|99999999|45060|1|532|99999|99999|9|999|99999|Y|N|86302|U|U|24|||||053|||||129|||||000356|A|13219|99999|99999|28590|00701|19223|0|2000|Block 2000|S||0|0|+43.0350324|-076.1882956|BK||99999
DHCST|NY|100|00|00|000|00|0213881|1000000US360670048002001|360670048002001|1|2|36|01779796|067|H1|00974132|73000|C5|00979539|99999|99|99999999||||99999|99|99999999|73000|C5|00979539|004800|2|2001|9999|9|99999|99|99999999|999|99999|99|99999999|999999|9|99999|99|99999999|45060|1|532|99999|99999|9|999|99999|Y|N|86302|U|U|24|||||053|||||129|||||000356|A|13219|99999|99999|28590|00701|158455|0|2001|Block 2001|S||114|72|+43.0311628|-076.1917989|BK||99999
DHCST|NY|100|00|00|000|00|0213882|1000000US360670048002002|360670048002002|1|2|36|01779796|067|H1|00974132|73000|C5|00979539|99999|99|99999999||||99999|99|99999999|73000|C5|00979539|004800|2|2002|9999|9|99999|99|99999999|999|99999|99|99999999|999999|9|99999|99|99999999|45060|1|532|99999|99999|9|999|99999|Y|N|86302|U|U|24|||||053|||||129|||||000356|A|13219|99999|99999|28590|00701|21856|0|2002|Block 2002|S||21|13|+43.0293465|-076.1944656|BK||99999
DHCST|NY|100|00|00|000|00|0213883|1000000US360670048002003|360670048002003|1|2|36|01779796|067|H1|00974132|73000|C5|00979539|99999|99|99999999||||99999|99|99999999|73000|C5|00979539|004800|2|2003|9999|9|99999|99|99999999|999|99999|99|99999999|999999|9|99999|99|99999999|45060|1|532|99999|99999|9|999|99999|Y|N|86302|U|U|24|||||053|||||129|||||000356|A|13207|99999|99999|28590|00701|37005|0|2003|Block 2003|S||64|36|+43.0290163|-076.1887262|BK||99999
DHCST|NY|100|00|00|000|00|0213884|1000000US360670048002004|360670048002004|1|2|36|01779796|067|H1|00974132|73000|C5|00979539|99999|99|99999999||||99999|99|99999999|73000|C5|00979539|004800|2|2004|9999|9|99999|99|99999999|999|99999|99|99999999|999999|9|99999|99|99999999|45060|1|532|99999|99999|9|999|99999|Y|N|86302|U|U|24|||||053|||||129|||||000356|A|13207|99999|99999|28590|00701|29313|0|2004|Block 2004|S||68|26|+43.0290365|-076.1897515|BK||99999
DHCST|NY|100|00|00|000|00|0213885|1000000US360670048002005|360670048002005|1|2|36|01779796|067|H1|00974132|73000|C5|00979539|99999|99|99999999||||99999|99|99999999|73000|C5|00979539|004800|2|2005|9999|9|99999|99|99999999|999|99999|99|99999999|999999|9|99999|99|99999999|45060|1|532|99999|99999|9|999|99999|Y|N|86302|U|U|24|||||053|||||129|||||000356|A|13219|99999|99999|28590|00701|9560|0|2005|Block 2005|S||16|5|+43.0294980|-076.1914554|BK||99999
DHCST|NY|100|00|00|000|00|0213886|1000000US360670048002006|360670048002006|1|2|36|01779796|067|H1|00974132|73000|C5|00979539|99999|99|99999999||||99999|99|99999999|73000|C5|00979539|004800|2|2006|9999|9|99999|99|99999999|999|99999|99|99999999|999999|9|99999|99|99999999|45060|1|532|99999|99999|9|999|99999|Y|N|86302|U|U|24|||||053|||||129|||||000356|A|13207|99999|99999|28590|00701|14504|0|2006|Block 2006|S||21|10|+43.0288318|-076.1908509|BK||99999
DHCST|NY|100|00|00|000|00|0213887|1000000US360670048002007|360670048002007|1|2|36|01779796|067|H1|00974132|73000|C5|00979539|99999|99|99999999||||99999|99|99999999|73000|C5|00979539|004800|2|2007|9999|9|99999|99|99999999|999|99999|99|99999999|999999|9|99999|99|99999999|45060|1|532|99999|99999|9|999|99999|Y|N|86302|U|U|24|||||053|||||129|||||000356|A|13215|99999|99999|28590|00701|192366|0|2007|Block 2007|S||37|17|+43.0259484|-076.1922425|BK||99999
DHCST|NY|100|00|00|000|00|0213888|1000000US360670048002008|360670048002008|1|2|36|01779796|067|H1|00974132|73000|C5|00979539|99999|99|99999999||||99999|99|99999999|73000|C5|00979539|004800|2|2008|9999|9|99999|99|99999999|999|99999|99|99999999|999999|9|99999|99|99999999|45060|1|532|99999|99999|9|999|99999|Y|N|86302|U|U|24|||||053|||||129|||||000356|A|13215|99999|99999|28590|00701|35099|0|2008|Block 2008|S||32|18|+43.0259202|-076.1950361|BK||99999
DHCST|NY|100|00|00|000|00|0213889|1000000US360670048002009|360670048002009|1|2|36|01779796|067|H1|00974132|73000|C5|00979539|99999|99|99999999||||99999|99|99999999|73000|C5|00979539|004800|2|2009|9999|9|99999|99|99999999|999|99999|99|99999999|999999|9|99999|99|99999999|45060|1|532|99999|99999|9|999|99999|Y|N|86302|U|U|24|||||053|||||129|||||000356|A|13215|99999|99999|28590|00701|45608|0|2009|Block 2009|S||62|26|+43.0276714|-076.1945832|BK||99999
DHCST|NY|100|00|00|000|00|0213890|1000000US360670048002010|360670048002010|1|2|36|01779796|067|H1|00974132|73000|C5|00979539|99999|99|99999999||||99999|99|99999999|73000|C5|00979539|004800|2|2010|9999|9|99999|99|99999999|999|99999|99|99999999|999999|9|99999|99|99999999|45060|1|532|99999|99999|9|999|99999|Y|N|86302|U|U|24|||||053|||||129|||||000356|A|13215|99999|99999|28590|00701|77377|0|2010|Block 2010|S||54|30|+43.0242603|-076.1981239|BK||99999
DHCST|NY|100|00|00|000|00|0213891|1000000US360670048002011|360670048002011|1|2|36|01779796|067|H1|00974132|73000|C5|00979539|99999|99|99999999||||99999|99|99999999|73000|C5|00979539|004800|2|2011|9999|9|99999|99|99999999|999|99999|99|99999999|999999|9|99999|99|99999999|45060|1|532|99999|99999|9|999|99999|Y|N|86302|U|U|24|||||053|||||129|||||000356|A|13215|99999|99999|28590|00701|84395|0|2011|Block 2011|S||72|38|+43.0275093|-076.1975490|BK||99999
DHCST|NY|100|00|00|000|00|0213892|1000000US360670048002012|360670048002012|1|2|36|01779796|067|H1|00974132|73000|C5|00979539|99999|99|99999999||||99999|99|99999999|73000|C5|00979539|004800|2|2012|9999|9|99999|99|99999999|999|99999|99|99999999|999999|9|99999|99|99999999|45060|1|532|99999|99999|9|999|99999|Y|N|86302|U|U|24|||||053|||||129|||||000356|A|13215|99999|99999|28590|00701|39160|0|2012|Block 2012|S||51|25|+43.0256543|-076.1998532|BK||99999
DHCST|NY|100|00|00|000|00|0213893|1000000US360670048002013|360670048002013|1|2|36|01779796|067|H1|00974132|73000|C5|00979539|99999|99|99999999||||99999|99|99999999|73000|C5|00979539|004800|2|2013|9999|9|99999|99|99999999|999|99999|99|99999999|999999|9|99999|99|99999999|45060|1|532|99999|99999|9|999|99999|Y|N|86302|U|U|24|||||053|||||129|||||000356|A|13215|99999|99999|28590|00701|34506|0|2013|Block 2013|S||44|25|+43.0253041|-076.2021246|BK||99999
DHCST|NY|100|00|00|000|00|0213894|1000000US360670048002014|360670048002014|1|2|36|01779796|067|H1|00974132|73000|C5|00979539|99999|99|99999999||||99999|99|99999999|73000|C5|00979539|004800|2|2014|9999|9|99999|99|99999999|999|99999|99|99999999|999999|9|99999|99|99999999|45060|1|532|99999|99999|9|999|99999|Y|N|86302|U|U|24|||||053|||||129|||||000356|A|13215|99999|99999|28590|00701|18078|0|2014|Block 2014|S||17|10|+43.0253960|-076.2031728|BK||99999
DHCST|NY|100|00|00|000|00|0213895|1000000US360670048002015|360670048002015|1|2|36|01779796|067|H1|00974132|73000|C5|00979539|99999|99|99999999||||99999|99|99999999|73000|C5|00979539|004800|2|2015|9999|9|99999|99|99999999|999|99999|99|99999999|999999|9|99999|99|99999999|45060|1|532|99999|99999|9|999|99999|Y|N|86302|U|U|24|||||053|||||129|||||000356|A|13215|99999|99999|28590|00701|31082|0|2015|Block 2015|S||27|10|+43.0233799|-076.2019158|BK||99999
DHCST|NY|100|00|00|000|00|0213896|1000000US360670048002016|360670048002016|1|2|36|01779796|067|H1|00974132|73000|C5|00979539|99999|99|99999999||||99999|99|99999999|73000|C5|00979539|004800|2|2016|9999|9|99999|99|99999999|999|99999|99|99999999|999999|9|99999|99|99999999|45060|1|532|99999|99999|9|999|99999|Y|N|86302|U|U|24|||||053|||||129|||||000356|A|13215|99999|99999|28590|00701|12551|0|2016|Block 2016|S||13|4|+43.0232201|-076.1991327|BK||99999
DHCST|NY|100|00|00|000|00|0213897|1000000US360670049001000|360670049001000|1|2|36|01779796|067|H1|00974132|73000|C5|00979539|99999|99|99999999||||99999|99|99999999|73000|C5|00979539|004900|1|1000|9999|9|99999|99|99999999|999|99999|99|99999999|999999|9|99999|99|99999999|45060|1|532|99999|99999|9|999|99999|Y|N|86302|U|U|24|||||053|||||128|||||000354|A|13207|99999|99999|28590|00701|10307|0|1000|Block 1000|S||49|23|+43.0322301|-076.1760726|BK||99999
DHCST|NY|100|00|00|000|00|0213898|1000000US360670049001001|360670049001001|1|2|36|01779796|067|H1|00974132|73000|C5|00979539|99999|99|99999999||||99999|99|99999999|73000|C5|00979539|004900|1|1001|9999|9|99999|99|99999999|999|99999|99|99999999|999999|9|99999|99|99999999|45060|1|532|99999|99999|9|999|99999|Y|N|86302|U|U|24|||||053|||||128|||||000354|A|13204|99999|99999|28590|00701|4334|0|1001|Block 1001|S||25|7|+43.0325711|-076.1763964|BK||99999
DHCST|NY|100|00|00|000|00|0213899|1000000US360670049001002|360670049001002|1|2|36|01779796|067|H1|00974132|73000|C5|00979539|99999|99|99999999||||99999|99|99999999|73000|C5|00979539|004900|1|1002|9999|9|99999|99|99999999|999|99999|99|99999999|999999|9|99999|99|99999999|45060|1|532|99999|99999|9|999|99999|Y|N|86302|U|U|24|||||053|||||128|||||000357|A|13204|99999|99999|28590|00701|5300|0|1002|Block 1002|S||45|9|+43.0325359|-076.1776652|BK||99999
DHCST|NY|100|00|00|000|00|0213900|1000000US360670049001003|360670049001003|1|2|36|01779796|067|H1|00974132|73000|C5|00979539|99999|99|99999999||||99999|99|99999999|73000|C5|00979539|004900|1|1003|9999|9|99999|99|99999999|999|99999|99|99999999|999999|9|99999|99|99999999|45060|1|532|99999|99999|9|999|99999|Y|N|86302|U|U|24|||||053|||||129|||||000352|A|13204|99999|99999|28590|00701|5189|0|1003|Block 1003|S||23|8|+43.0324554|-076.1790825|BK||99999
DHCST|NY|100|00|00|000|00|0213901|1000000US360670049001004|360670049001004|1|2|36|01779796|067|H1|00974132|73000|C5|00979539|99999|99|99999999||||99999|99|99999999|73000|C5|00979539|004900|1|1004|9999|9|99999|99|99999999|999|99999|99|99999999|999999|9|99999|99|99999999|45060|1|532|99999|99999|9|999|99999|Y|N|86302|U|U|24|||||053|||||129|||||000352|A|13204|99999|99999|28590|00701|3821|0|1004|Block 1004|S||34|7|+43.0324641|-076.1801610|BK||99999
DHCST|NY|100|00|00|000|00|0213902|1000000US360670049001005|360670049001005|1|2|36|01779796|067|H1|00974132|73000|C5|00979539|99999|99|99999999||||99999|99|99999999|73000|C5|00979539|004900|1|1005|9999|9|99999|99|99999999|999|99999|99|99999999|999999|9|99999|99|99999999|45060|1|532|99999|99999|9|999|99999|Y|N|86302|U|U|24|||||053|||||129|||||000352|A|13204|99999|99999|28590|00701|3975|0|1005|Block 1005|S||36|6|+43.0324036|-076.1812507|BK||99999
DHCST|NY|100|00|00|000|00|0213903|1000000US360670049001006|360670049001006|1|2|36|01779796|067|H1|00974132|73000|C5|00979539|99999|99|99999999||||99999|99|99999999|73000|C5|00979539|004900|1|1006|9999|9|99999|99|99999999|999|99999|99|99999999|999999|9|99999|99|99999999|45060|1|532|99999|99999|9|999|99999|Y|N|86302|U|U|24|||||053|||||129|||||000352|A|13204|99999|99999|28590|00701|4882|0|1006|Block 1006|S||26|11|+43.0323668|-076.1823616|BK||99999
DHCST|NY|100|00|00|000|00|0213904|1000000US360670049001007|360670049001007|1|2|36|01779796|067|H1|00974132|73000|C5|00979539|99999|99|99999999||||99999|99|99999999|73000|C5|00979539|004900|1|1007|9999|9|99999|99|99999999|999|99999|99|99999999|999999|9|99999|99|99999999|45060|1|532|99999|99999|9|999|99999|Y|N|86302|U|U|24|||||053|||||129|||||000352|A|13207|99999|99999|28590|00701|26599|0|1007|Block 1007|S||117|44|+43.0309842|-076.1822802|BK||99999
DHCST|NY|100|00|00|000|00|0213905|1000000US360670049001008|360670049001008|1|2|36|01779796|067|H1|00974132|73000|C5|00979539|99999|99|99999999||||99999|99|99999999|73000|C5|00979539|004900|1|1008|9999|9|99999|99|99999999|999|99999|99|99999999|999999|9|99999|99|99999999|45060|1|532|99999|99999|9|999|99999|Y|N|86302|U|U|24|||||053|||||129|||||000352|A|13207|99999|99999|28590|00701|21135|0|1008|Block 1008|S||96|40|+43.0310229|-076.1811489|BK||99999
DHCST|NY|100|00|00|000|00|0213906|1000000US360670049001009|360670049001009|1|2|36|01779796|067|H1|00974132|73000|C5|00979539|99999|99|99999999||||99999|99|99999999|73000|C5|00979539|004900|1|1009|9999|9|99999|99|99999999|999|99999|99|99999999|999999|9|99999|99|99999999|45060|1|532|99999|99999|9|999|99999|Y|N|86302|U|U|24|||||053|||||129|||||000352|A|13207|99999|99999|28590|00701|23657|0|1009|Block 1009|S||97|45|+43.0310854|-076.1801117|BK||99999
DHCST|NY|100|00|00|000|00|0213907|1000000US360670049001010|360670049001010|1|2|36|01779796|067|H1|00974132|73000|C5|00979539|99999|99|99999999||||99999|99|99999999|73000|C5|00979539|004900|1|1010|9999|9|99999|99|99999999|999|99999|99|99999999|999999|9|99999|99|99999999|45060|1|532|99999|99999|9|999|99999|Y|N|86302|U|U|24|||||053|||||129|||||000352|A|13207|99999|99999|28590|00701|5391|0|1010|Block 1010|S||21|11|+43.0319894|-076.1789677|BK||99999
DHCST|NY|100|00|00|000|00|0213908|1000000US360670049001011|360670049001011|1|2|36|01779796|067|H1|00974132|73000|C5|00979539|99999|99|99999999||||99999|99|99999999|73000|C5|00979539|004900|1|1011|9999|9|99999|99|99999999|999|99999|99|99999999|999999|9|99999|99|99999999|45060|1|532|99999|99999|9|999|99999|Y|N|86302|U|U|24|||||053|||||128|||||000357|A|13207|99999|99999|28590|00701|7187|0|1011|Block 1011|S||25|11|+43.0320639|-076.1777372|BK||99999
DHCST|NY|100|00|00|000|00|0213909|1000000US360670049001012|360670049001012|1|2|36|01779796|067|H1|00974132|73000|C5|00979539|99999|99|99999999||||99999|99|99999999|73000|C5|00979539|004900|1|1012|9999|9|99999|99|99999999|999|99999|99|99999999|999999|9|99999|99|99999999|45060|1|532|99999|99999|9|999|99999|Y|N|86302|U|U|24|||||053|||||129|||||000352|A|13207|99999|99999|28590|00701|11783|0|1012|Block 1012|S||55|24|+43.0313277|-076.1776438|BK||99999
DHCST|NY|100|00|00|000|00|0213910|1000000US360670049001013|360670049001013|1|2|36|01779796|067|H1|00974132|73000|C5|00979539|99999|99|99999999||||99999|99|99999999|73000|C5|00979539|004900|1|1013|9999|9|99999|99|99999999|999|99999|99|99999999|999999|9|99999|99|99999999|45060|1|532|99999|99999|9|999|99999|Y|N|86302|U|U|24|||||053|||||129|||||000352|A|13207|99999|99999|28590|00701|13043|0|1013|Block 1013|S||94|31|+43.0313867|-076.1761209|BK||99999
DHCST|NY|100|00|00|000|00|0213911|1000000US360670049001014|360670049001014|1|2|36|01779796|067|H1|00974132|73000|C5|00979539|99999|99|99999999||||99999|99|99999999|73000|C5|00979539|004900|1|1014|9999|9|99999|99|99999999|999|99999|99|99999999|999999|9|99999|99|99999999|45060|1|532|99999|99999|9|999|99999|Y|N|86302|U|U|24|||||053|||||129|||||000352|A|13207|99999|99999|28590|00701|13159|0|1014|Block 1014|S||77|24|+43.0304869|-076.1760523|BK||99999
DHCST|NY|100|00|00|000|00|0213912|1000000US360670049001015|360670049001015|1|2|36|01779796|067|H1|00974132|73000|C5|00979539|99999|99|99999999||||99999|99|99999999|73000|C5|00979539|004900|1|1015|9999|9|99999|99|99999999|999|99999|99|99999999|999999|9|99999|99|99999999|45060|1|532|99999|99999|9|999|99999|Y|N|86302|U|U|24|||||053|||||129|||||000352|A|13207|99999|99999|28590|00701|11700|0|1015|Block 1015|S||44|18|+43.0304326|-076.1775794|BK||99999
DHCST|NY|100|00|00|000|00|0213913|1000000US360670049001016|360670049001016|1|2|36|01779796|067|H1|00974132|73000|C5|00979539|99999|99|99999999||||99999|99|99999999|73000|C5|00979539|004900|1|1016|9999|9|99999|99|99999999|999|99999|99|99999999|999999|9|99999|99|99999999|45060|1|532|99999|99999|9|999|99999|Y|N|86302|U|U|24|||||053|||||129|||||000352|A|13207|99999|99999|28590|00701|19776|0|1016|Block 1016|S||90|37|+43.0308351|-076.1789371|BK||99999
DHCST|NY|100|00|00|000|00|0213914|1000000US360670049002000|360670049002000|1|2|36|01779796|067|H1|00974132|73000|C5|00979539|99999|99|99999999||||99999|99|99999999|73000|C5|00979539|004900|2|2000|9999|9|99999|99|99999999|999|99999|99|99999999|999999|9|99999|99|99999999|45060|1|532|99999|99999|9|999|99999|Y|N|86302|U|U|24|||||053|||||129|||||000353|A|13207|99999|99999|28590|00701|229572|57084|2000|Block 2000|S||125|62|+43.0261098|-076.1769245|BK||99999
DHCST|NY|100|00|00|000|00|0213915|1000000US360670049002001|360670049002001|1|2|36|01779796|067|H1|00974132|73000|C5|00979539|99999|99|99999999||||99999|99|99999999|73000|C5|00979539|004900|2|2001|9999|9|99999|99|99999999|999|99999|99|99999999|999999|9|99999|99|99999999|45060|1|532|99999|99999|9|999|99999|Y|N|86302|U|U|24|||||053|||||129|||||000353|A|13207|99999|99999|28590|00701|22638|0|2001|Block 2001|S||39|16|+43.0285850|-076.1799178|BK||99999
DHCST|NY|100|00|00|000|00|0213916|1000000US360670049002002|360670049002002|1|2|36|01779796|067|H1|00974132|73000|C5|00979539|99999|99|99999999||||99999|99|99999999|73000|C5|00979539|004900|2|2002|9999|9|99999|99|99999999|999|99999|99|99999999|999999|9|99999|99|99999999|45060|1|532|99999|99999|9|999|99999|Y|N|86302|U|U|24|||||053|||||129|||||000353|A|13207|99999|99999|28590|00701|27354|0|2002|Block 2002|S||82|47|+43.0283597|-076.1807965|BK||99999
DHCST|NY|100|00|00|000|00|0213917|1000000US360670049002003|360670049002003|1|2|36|01779796|067|H1|00974132|73000|C5|00979539|99999|99|99999999||||99999|99|99999999|73000|C5|00979539|004900|2|2003|9999|9|99999|99|99999999|999|99999|99|99999999|999999|9|99999|99|99999999|45060|1|532|99999|99999|9|999|99999|Y|N|86302|U|U|24|||||053|||||129|||||000353|A|13207|99999|99999|28590|00701|67359|0|2003|Block 2003|S||82|45|+43.0272357|-076.1818387|BK||99999
DHCST|NY|100|00|00|000|00|0213918|1000000US360670049002004|360670049002004|1|2|36|01779796|067|H1|00974132|73000|C5|00979539|99999|99|99999999||||99999|99|99999999|73000|C5|00979539|004900|2|2004|9999|9|99999|99|99999999|999|99999|99|99999999|999999|9|99999|99|99999999|45060|1|532|99999|99999|9|999|99999|Y|N|86302|U|U|24|||||053|||||129|||||000353|A|13207|99999|99999|28590|00701|12017|0|2004|Block 2004|S||23|10|+43.0219389|-076.1762151|BK||99999
DHCST|NY|100|00|00|000|00|0213919|1000000US360670049002005|360670049002005|1|2|36|01779796|067|H1|00974132|73000|C5|00979539|99999|99|99999999||||99999|99|99999999|73000|C5|00979539|004900|2|2005|9999|9|99999|99|99999999|999|99999|99|99999999|999999|9|99999|99|99999999|45060|1|532|99999|99999|9|999|99999|Y|N|86302|U|U|24|||||053|||||129|||||000353|A|13207|99999|99999|28590|00701|39735|0|2005|Block 2005|S||69|27|+43.0208111|-076.1764555|BK||99999
DHCST|NY|100|00|00|000|00|0213920|1000000US360670049002006|360670049002006|1|2|36|01779796|067|H1|00974132|73000|C5|00979539|99999|99|99999999||||99999|99|99999999|73000|C5|00979539|004900|2|2006|9999|9|99999|99|99999999|999|99999|99|99999999|999999|9|99999|99|99999999|45060|1|532|99999|99999|9|999|99999|Y|N|86302|U|U|24|||||053|||||129|||||000367|A|13207|99999|99999|28590|00701|20012|0|2006|Block 2006|S||54|24|+43.0205340|-076.1747426|BK||99999
DHCST|NY|100|00|00|000|00|0213921|1000000US360670049002007|360670049002007|1|2|36|01779796|067|H1|00974132|73000|C5|00979539|99999|99|99999999||||99999|99|99999999|73000|C5|00979539|004900|2|2007|9999|9|99999|99|99999999|999|99999|99|99999999|999999|9|99999|99|99999999|45060|1|532|99999|99999|9|999|99999|Y|N|86302|U|U|24|||||053|||||129|||||000353|A|13207|99999|99999|28590|00701|52699|0|2007|Block 2007|S||59|25|+43.0245158|-076.1791277|BK||99999
DHCST|NY|100|00|00|000|00|0213922|1000000US360670049002008|360670049002008|1|2|36|01779796|067|H1|00974132|73000|C5|00979539|99999|99|99999999||||99999|99|99999999|73000|C5|00979539|004900|2|2008|9999|9|99999|99|99999999|999|99999|99|99999999|999999|9|99999|99|99999999|45060|1|532|99999|99999|9|999|99999|Y|N|86302|U|U|24|||||053|||||129|||||000353|A|13207|99999|99999|28590|00701|140144|0|2008|Block 2008|S||53|21|+43.0222137|-076.1795261|BK||99999
DHCST|NY|100|00|00|000|00|0213923|1000000US360670049002009|360670049002009|1|2|36|01779796|067|H1|00974132|73000|C5|00979539|99999|99|99999999||||99999|99|99999999|73000|C5|00979539|004900|2|2009|9999|9|99999|99|99999999|999|99999|99|99999999|999999|9|99999|99|99999999|45060|1|532|99999|99999|9|999|99999|Y|N|86302|U|U|24|||||053|||||129|||||000353|A|13207|99999|99999|28590|00701|4915|0|2009|Block 2009|S||0|0|+43.0254221|-076.1847359|BK||99999
DHCST|NY|100|00|00|000|00|0213924|1000000US360670049002010|360670049002010|1|2|36|01779796|067|H1|00974132|73000|C5|00979539|99999|99|99999999||||99999|99|99999999|73000|C5|00979539|004900|2|2010|9999|9|99999|99|99999999|999|99999|99|99999999|999999|9|99999|99|99999999|45060|1|532|99999|99999|9|999|99999|Y|N|86302|U|U|24|||||053|||||129|||||000353|A|13215|99999|99999|28590|00701|2496|0|2010|Block 2010|S||9|3|+43.0187439|-076.1770358|BK||99999
DHCST|NY|100|00|00|000|00|0213925|1000000US360670049002011|360670049002011|1|2|36|01779796|067|H1|00974132|73000|C5|00979539|99999|99|99999999||||99999|99|99999999|73000|C5|00979539|004900|2|2011|9999|9|99999|99|99999999|999|99999|99|99999999|999999|9|99999|99|99999999|45060|1|532|99999|99999|9|999|99999|Y|N|86302|U|U|24|||||053|||||129|||||000353|A|13215|99999|99999|28590|00701|3293|0|2011|Block 2011|S||5|1|+43.0191883|-076.1759012|BK||99999
DHCST|NY|100|00|00|000|00|0213926|1000000US360670050001000|360670050001000|1|2|36|01779796|067|H1|00974132|73000|C5|00979539|99999|99|99999999||||99999|99|99999999|73000|C5|00979539|005000|1|1000|9999|9|99999|99|99999999|999|99999|99|99999999|999999|9|99999|99|99999999|45060|1|532|99999|99999|9|999|99999|Y|N|86302|U|U|24|||||053|||||128|||||000363|A|13207|99999|99999|28590|00701|67032|0|1000|Block 1000|S||99|35|+43.0307623|-076.1653234|BK||99999
DHCST|NY|100|00|00|000|00|0213927|1000000US360670050001001|360670050001001|1|2|36|01779796|067|H1|00974132|73000|C5|00979539|99999|99|99999999||||99999|99|99999999|73000|C5|00979539|005000|1|1001|9999|9|99999|99|99999999|999|99999|99|99999999|999999|9|99999|99|99999999|45060|1|532|99999|99999|9|999|99999|Y|N|86302|U|U|24|||||053|||||128|||||000362|A|13207|99999|99999|28590|00701|27444|0|1001|Block 1001|S||46|18|+43.0322211|-076.1675798|BK||99999
DHCST|NY|100|00|00|000|00|0213928|1000000US360670050001002|360670050001002|1|2|36|01779796|067|H1|00974132|73000|C5|00979539|99999|99|99999999||||99999|99|99999999|73000|C5|00979539|005000|1|1002|9999|9|99999|99|99999999|999|99999|99|99999999|999999|9|99999|99|99999999|45060|1|532|99999|99999|9|999|99999|Y|N|86302|U|U|24|||||053|||||128|||||000362|A|13204|99999|99999|28590|00701|9881|0|1002|Block 1002|S||29|7|+43.0326177|-076.1680993|BK||99999
DHCST|NY|100|00|00|000|00|0213929|1000000US360670050001003|360670050001003|1|2|36|01779796|067|H1|00974132|73000|C5|00979539|99999|99|99999999||||99999|99|99999999|73000|C5|00979539|005000|1|1003|9999|9|99999|99|99999999|999|99999|99|99999999|999999|9|99999|99|99999999|45060|1|532|99999|99999|9|999|99999|Y|N|86302|U|U|24|||||053|||||128|||||000362|A|13204|99999|99999|28590|00701|3569|0|1003|Block 1003|S||0|0|+43.0330008|-076.1682740|BK||99999
DHCST|NY|100|00|00|000|00|0213930|1000000US360670050001004|360670050001004|1|2|36|01779796|067|H1|00974132|73000|C5|00979539|99999|99|99999999||||99999|99|99999999|73000|C5|00979539|005000|1|1004|9999|9|99999|99|99999999|999|99999|99|99999999|999999|9|99999|99|99999999|45060|1|532|99999|99999|9|999|99999|Y|N|86302|U|U|24|||||053|||||129|||||000355|A|13207|99999|99999|28590|00701|31658|0|1004|Block 1004|S||118|50|+43.0316434|-076.1699146|BK||99999
DHCST|NY|100|00|00|000|00|0213931|1000000US360670050001005|360670050001005|1|2|36|01779796|067|H1|00974132|73000|C5|00979539|99999|99|99999999||||99999|99|99999999|73000|C5|00979539|005000|1|1005|9999|9|99999|99|99999999|999|99999|99|99999999|999999|9|99999|99|99999999|45060|1|532|99999|99999|9|999|99999|Y|N|86302|U|U|24|||||053|||||129|||||000355|A|13207|99999|99999|28590|00701|18902|0|1005|Block 1005|S||1|0|+43.0322586|-076.1713155|BK||99999
DHCST|NY|100|00|00|000|00|0213932|1000000US360670050001006|360670050001006|1|2|36|01779796|067|H1|00974132|73000|C5|00979539|99999|99|99999999||||99999|99|99999999|73000|C5|00979539|005000|1|1006|9999|9|99999|99|99999999|999|99999|99|99999999|999999|9|99999|99|99999999|45060|1|532|99999|99999|9|999|99999|Y|N|86302|U|U|24|||||053|||||128|||||000354|A|13207|99999|99999|28590|00701|13888|0|1006|Block 1006|S||41|14|+43.0322687|-076.1729520|BK||99999
DHCST|NY|100|00|00|000|00|0213933|1000000US360670050001007|360670050001007|1|2|36|01779796|067|H1|00974132|73000|C5|00979539|99999|99|99999999||||99999|99|99999999|73000|C5|00979539|005000|1|1007|9999|9|99999|99|99999999|999|99999|99|99999999|999999|9|99999|99|99999999|45060|1|532|99999|99999|9|999|99999|Y|N|86302|U|U|24|||||053|||||128|||||000354|A|13204|99999|99999|28590|00701|5753|0|1007|Block 1007|S||32|17|+43.0326478|-076.1731996|BK||99999
DHCST|NY|100|00|00|000|00|0213934|1000000US360670050001008|360670050001008|1|2|36|01779796|067|H1|00974132|73000|C5|00979539|99999|99|99999999||||99999|99|99999999|73000|C5|00979539|005000|1|1008|9999|9|99999|99|99999999|999|99999|99|99999999|999999|9|99999|99|99999999|45060|1|532|99999|99999|9|999|99999|Y|N|86302|U|U|24|||||053|||||128|||||000354|A|13207|99999|99999|28590|00701|7545|0|1008|Block 1008|S||42|23|+43.0322461|-076.1746645|BK||99999
DHCST|NY|100|00|00|000|00|0213935|1000000US360670050001009|360670050001009|1|2|36|01779796|067|H1|00974132|73000|C5|00979539|99999|99|99999999||||99999|99|99999999|73000|C5|00979539|005000|1|1009|9999|9|99999|99|99999999|999|99999|99|99999999|999999|9|99999|99|99999999|45060|1|532|99999|99999|9|999|99999|Y|N|86302|U|U|24|||||053|||||128|||||000354|A|13204|99999|99999|28590|00701|3233|0|1009|Block 1009|S||21|7|+43.0326183|-076.1748476|BK||99999
DHCST|NY|100|00|00|000|00|0213936|1000000US360670050001010|360670050001010|1|2|36|01779796|067|H1|00974132|73000|C5|00979539|99999|99|99999999||||99999|99|99999999|73000|C5|00979539|005000|1|1010|9999|9|99999|99|99999999|999|99999|99|99999999|999999|9|99999|99|99999999|45060|1|532|99999|99999|9|999|99999|Y|N|86302|U|U|24|||||053|||||129|||||000358|A|13207|99999|99999|28590|00701|10253|0|1010|Block 1010|S||0|0|+43.0314444|-076.1746893|BK||99999
DHCST|NY|100|00|00|000|00|0213937|1000000US360670050001011|360670050001011|1|2|36|01779796|067|H1|00974132|73000|C5|00979539|99999|99|99999999||||99999|99|99999999|73000|C5|00979539|005000|1|1011|9999|9|99999|99|99999999|999|99999|99|99999999|999999|9|99999|99|99999999|45060|1|532|99999|99999|9|999|99999|Y|N|86302|U|U|24|||||053|||||129|||||000355|A|13207|99999|99999|28590|00701|32143|0|1011|Block 1011|S||16|2|+43.0309996|-076.1730224|BK||99999
DHCST|NY|100|00|00|000|00|0213938|1000000US360670050001012|360670050001012|1|2|36|01779796|067|H1|00974132|73000|C5|00979539|99999|99|99999999||||99999|99|99999999|73000|C5|00979539|005000|1|1012|9999|9|99999|99|99999999|999|99999|99|99999999|999999|9|99999|99|99999999|45060|1|532|99999|99999|9|999|99999|Y|N|86302|U|U|24|||||053|||||129|||||000355|A|13207|99999|99999|28590|00701|17395|0|1012|Block 1012|S||82|37|+43.0308797|-076.1712198|BK||99999
DHCST|NY|100|00|00|000|00|0213939|1000000US360670050001013|360670050001013|1|2|36|01779796|067|H1|00974132|73000|C5|00979539|99999|99|99999999||||99999|99|99999999|73000|C5|00979539|005000|1|1013|9999|9|99999|99|99999999|999|99999|99|99999999|999999|9|99999|99|99999999|45060|1|532|99999|99999|9|999|99999|Y|N|86302|U|U|24|||||053|||||129|||||000364|A|13207|99999|99999|28590|00701|13341|0|1013|Block 1013|S||89|61|+43.0297031|-076.1711343|BK||99999
DHCST|NY|100|00|00|000|00|0213940|1000000US360670050001014|360670050001014|1|2|36|01779796|067|H1|00974132|73000|C5|00979539|99999|99|99999999||||99999|99|99999999|73000|C5|00979539|005000|1|1014|9999|9|99999|99|99999999|999|99999|99|99999999|999999|9|99999|99|99999999|45060|1|532|99999|99999|9|999|99999|Y|N|86302|U|U|24|||||053|||||129|||||000364|A|13207|99999|99999|28590|00701|18978|0|1014|Block 1014|S||65|38|+43.0296388|-076.1728887|BK||99999
DHCST|NY|100|00|00|000|00|0213941|1000000US360670050001015|360670050001015|1|2|36|01779796|067|H1|00974132|73000|C5|00979539|99999|99|99999999||||99999|99|99999999|73000|C5|00979539|005000|1|1015|9999|9|99999|99|99999999|999|99999|99|99999999|999999|9|99999|99|99999999|45060|1|532|99999|99999|9|999|99999|Y|N|86302|U|U|24|||||053|||||129|||||000353|A|13207|99999|99999|28590|00701|11662|0|1015|Block 1015|S||56|23|+43.0295781|-076.1745490|BK||99999
DHCST|NY|100|00|00|000|00|0213942|1000000US360670050001016|360670050001016|1|2|36|01779796|067|H1|00974132|73000|C5|00979539|99999|99|99999999||||99999|99|99999999|73000|C5|00979539|005000|1|1016|9999|9|99999|99|99999999|999|99999|99|99999999|999999|9|99999|99|99999999|45060|1|532|99999|99999|9|999|99999|Y|N|86302|U|U|24|||||053|||||129|||||000358|A|13207|99999|99999|28590|00701|10285|0|1016|Block 1016|S||5|0|+43.0305414|-076.1746264|BK||99999
DHCST|NY|100|00|00|000|00|0213943|1000000US360670050001017|360670050001017|1|2|36|01779796|067|H1|00974132|73000|C5|00979539|99999|99|99999999||||99999|99|99999999|73000|C5|00979539|005000|1|1017|9999|9|99999|99|99999999|999|99999|99|99999999|999999|9|99999|99|99999999|45060|1|532|99999|99999|9|999|99999|Y|N|86302|U|U|24|||||053|||||129|||||000364|A|13207|99999|99999|28590|00701|26718|0|1017|Block 1017|S||101|45|+43.0290957|-076.1697335|BK||99999
DHCST|NY|100|00|00|000|00|0213944|1000000US360670050001018|360670050001018|1|2|36|01779796|067|H1|00974132|73000|C5|00979539|99999|99|99999999||||99999|99|99999999|73000|C5|00979539|005000|1|1018|9999|9|99999|99|99999999|999|99999|99|99999999|999999|9|99999|99|99999999|45060|1|532|99999|99999|9|999|99999|Y|N|86302|U|U|24|||||053|||||129|||||000364|A|13207|99999|99999|28590|00701|32325|0|1018|Block 1018|S||80|33|+43.0291044|-076.1683510|BK||99999
DHCST|NY|100|00|00|000|00|0213945|1000000US360670050001019|360670050001019|1|2|36|01779796|067|H1|00974132|73000|C5|00979539|99999|99|99999999||||99999|99|99999999|73000|C5|00979539|005000|1|1019|9999|9|99999|99|99999999|999|99999|99|99999999|999999|9|99999|99|99999999|45060|1|532|99999|99999|9|999|99999|Y|N|86302|U|U|24|||||053|||||129|||||000364|A|13207|99999|99999|28590|00701|37474|0|1019|Block 1019|S||54|26|+43.0310007|-076.1676796|BK||99999
DHCST|NY|100|00|00|000|00|0213946|1000000US360670050001020|360670050001020|1|2|36|01779796|067|H1|00974132|73000|C5|00979539|99999|99|99999999||||99999|99|99999999|73000|C5|00979539|005000|1|1020|9999|9|99999|99|99999999|999|99999|99|99999999|999999|9|99999|99|99999999|45060|1|532|99999|99999|9|999|99999|Y|N|86302|U|U|24|||||053|||||129|||||000364|A|13207|99999|99999|28590|00701|35780|0|1020|Block 1020|S||82|30|+43.0291711|-076.1668144|BK||99999
DHCST|NY|100|00|00|000|00|0213947|1000000US360670050001021|360670050001021|1|2|36|01779796|067|H1|00974132|73000|C5|00979539|99999|99|99999999||||99999|99|99999999|73000|C5|00979539|005000|1|1021|9999|9|99999|99|99999999|999|99999|99|99999999|999999|9|99999|99|99999999|45060|1|532|99999|99999|9|999|99999|Y|N|86302|U|U|24|||||053|||||129|||||000364|A|13207|99999|99999|28590|00701|21335|0|1021|Block 1021|S||0|0|+43.0276385|-076.1671709|BK||99999
DHCST|NY|100|00|00|000|00|0213948|1000000US360670050001022|360670050001022|1|2|36|01779796|067|H1|00974132|73000|C5|00979539|99999|99|99999999||||99999|99|99999999|73000|C5|00979539|005000|1|1022|9999|9|99999|99|99999999|999|99999|99|99999999|999999|9|99999|99|99999999|45060|1|532|99999|99999|9|999|99999|Y|N|86302|U|U|24|||||053|||||128|||||000363|A|13207|99999|99999|28590|00701|2346|0|1022|Block 1022|S||0|0|+43.0279608|-076.1651773|BK||99999
DHCST|NY|100|00|00|000|00|0213949|1000000US360670050001023|360670050001023|1|2|36|01779796|067|H1|00974132|73000|C5|00979539|99999|99|99999999||||99999|99|99999999|73000|C5|00979539|005000|1|1023|9999|9|99999|99|99999999|999|99999|99|99999999|999999|9|99999|99|99999999|45060|1|532|99999|99999|9|999|99999|Y|N|86302|U|U|24|||||053|||||129|||||000364|A|13207|99999|99999|28590|00701|24694|0|1023|Block 1023|S||0|0|+43.0267755|-076.1653236|BK||99999
DHCST|NY|100|00|00|000|00|0213950|1000000US360670050001024|360670050001024|1|2|36|01779796|067|H1|00974132|73000|C5|00979539|99999|99|99999999||||99999|99|99999999|73000|C5|00979539|005000|1|1024|9999|9|99999|99|99999999|999|99999|99|99999999|999999|9|99999|99|99999999|45060|1|532|99999|99999|9|999|99999|Y|N|86302|U|U|24|||||053|||||129|||||000364|A|13207|99999|99999|28590|00701|99913|45948|1024|Block 1024|S||0|0|+43.0272963|-076.1689815|BK||99999
DHCST|NY|100|00|00|000|00|0213951|1000000US360670050001025|360670050001025|1|2|36|01779796|067|H1|00974132|73000|C5|00979539|99999|99|99999999||||99999|99|99999999|73000|C5|00979539|005000|1|1025|9999|9|99999|99|99999999|999|99999|99|99999999|999999|9|99999|99|99999999|45060|1|532|99999|99999|9|999|99999|Y|N|86302|U|U|24|||||053|||||129|||||000364|A|13207|99999|99999|28590|00701|18762|0|1025|Block 1025|S||26|10|+43.0275034|-076.1703133|BK||99999
DHCST|NY|100|00|00|000|00|0213952|1000000US360670050001026|360670050001026|1|2|36|01779796|067|H1|00974132|73000|C5|00979539|99999|99|99999999||||99999|99|99999999|73000|C5|00979539|005000|1|1026|9999|9|99999|99|99999999|999|99999|99|99999999|999999|9|99999|99|99999999|45060|1|532|99999|99999|9|999|99999|Y|N|86302|U|U|24|||||053|||||129|||||000364|A|13207|99999|99999|28590|00701|16804|0|1026|Block 1026|S||66|31|+43.0285550|-076.1710491|BK||99999
DHCST|NY|100|00|00|000|00|0213953|1000000US360670050001027|360670050001027|1|2|36|01779796|067|H1|00974132|73000|C5|00979539|99999|99|99999999||||99999|99|99999999|73000|C5|00979539|005000|1|1027|9999|9|99999|99|99999999|999|99999|99|99999999|999999|9|99999|99|99999999|45060|1|532|99999|99999|9|999|99999|Y|N|86302|U|U|24|||||053|||||129|||||000364|A|13207|99999|99999|28590|00701|23182|0|1027|Block 1027|S||69|37|+43.0285084|-076.1727960|BK||99999
DHCST|NY|100|00|00|000|00|0213954|1000000US360670050001028|360670050001028|1|2|36|01779796|067|H1|00974132|73000|C5|00979539|99999|99|99999999||||99999|99|99999999|73000|C5|00979539|005000|1|1028|9999|9|99999|99|99999999|999|99999|99|99999999|999999|9|99999|99|99999999|45060|1|532|99999|99999|9|999|99999|Y|N|86302|U|U|24|||||053|||||129|||||000353|A|13207|99999|99999|28590|00701|14186|0|1028|Block 1028|S||44|20|+43.0284527|-076.1744595|BK||99999
DHCST|NY|100|00|00|000|00|0213955|1000000US360670050001029|360670050001029|1|2|36|01779796|067|H1|00974132|73000|C5|00979539|99999|99|99999999||||99999|99|99999999|73000|C5|00979539|005000|1|1029|9999|9|99999|99|99999999|999|99999|99|99999999|999999|9|99999|99|99999999|45060|1|532|99999|99999|9|999|99999|Y|N|86302|U|U|24|||||053|||||129|||||000364|A|13207|99999|99999|28590|00701|11903|0|1029|Block 1029|S||35|18|+43.0232854|-076.1663801|BK||99999
DHCST|NY|100|00|00|000|00|0213956|1000000US360670050001030|360670050001030|1|2|36|01779796|067|H1|00974132|73000|C5|00979539|99999|99|99999999||||99999|99|99999999|73000|C5|00979539|005000|1|1030|9999|9|99999|99|99999999|999|99999|99|99999999|999999|9|99999|99|99999999|45060|1|532|99999|99999|9|999|99999|Y|N|86302|U|U|24|||||053|||||129|||||000364|A|13207|99999|99999|28590|00701|19405|0|1030|Block 1030|S||38|15|+43.0231759|-076.1684346|BK||99999
DHCST|NY|100|00|00|000|00|0213957|1000000US360670050002000|360670050002000|1|2|36|01779796|067|H1|00974132|73000|C5|00979539|99999|99|99999999||||99999|99|99999999|73000|C5|00979539|005000|2|2000|9999|9|99999|99|99999999|999|99999|99|99999999|999999|9|99999|99|99999999|45060|1|532|99999|99999|9|999|99999|Y|N|86302|U|U|24|||||053|||||129|||||000364|A|13207|99999|99999|28590|00701|67156|0|2000|Block 2000|S||121|50|+43.0250529|-076.1706221|BK||99999
DHCST|NY|100|00|00|000|00|0213958|1000000US360670050002001|360670050002001|1|2|36|01779796|067|H1|00974132|73000|C5|00979539|99999|99|99999999||||99999|99|99999999|73000|C5|00979539|005000|2|2001|9999|9|99999|99|99999999|999|99999|99|99999999|999999|9|99999|99|99999999|45060|1|532|99999|99999|9|999|99999|Y|N|86302|U|U|24|||||053|||||129|||||000364|A|13207|99999|99999|28590|00701|45770|0|2001|Block 2001|S||103|34|+43.0246559|-076.1716527|BK||99999
DHCST|NY|100|00|00|000|00|0213959|1000000US360670050002002|360670050002002|1|2|36|01779796|067|H1|00974132|73000|C5|00979539|99999|99|99999999||||99999|99|99999999|73000|C5|00979539|005000|2|2002|9999|9|99999|99|99999999|999|99999|99|99999999|999999|9|99999|99|99999999|45060|1|532|99999|99999|9|999|99999|Y|N|86302|U|U|24|||||053|||||129|||||000364|A|13207|99999|99999|28590|00701|18670|0|2002|Block 2002|S||70|28|+43.0268031|-076.1732420|BK||99999
DHCST|NY|100|00|00|000|00|0213960|1000000US360670050002003|360670050002003|1|2|36|01779796|067|H1|00974132|73000|C5|00979539|99999|99|99999999||||99999|99|99999999|73000|C5|00979539|005000|2|2003|9999|9|99999|99|99999999|999|99999|99|99999999|999999|9|99999|99|99999999|45060|1|532|99999|99999|9|999|99999|Y|N|86302|U|U|24|||||053|||||129|||||000364|A|13207|99999|99999|28590|00701|24995|0|2003|Block 2003|S||93|46|+43.0267415|-076.1743281|BK||99999
DHCST|NY|100|00|00|000|00|0213961|1000000US360670050002004|360670050002004|1|2|36|01779796|067|H1|00974132|73000|C5|00979539|99999|99|99999999||||99999|99|99999999|73000|C5|00979539|005000|2|2004|9999|9|99999|99|99999999|999|99999|99|99999999|999999|9|99999|99|99999999|45060|1|532|99999|99999|9|999|99999|Y|N|86302|U|U|24|||||053|||||129|||||000364|A|13207|99999|99999|28590|00701|45624|0|2004|Block 2004|S||93|50|+43.0235924|-076.1740628|BK||99999
DHCST|NY|100|00|00|000|00|0213962|1000000US360670050002005|360670050002005|1|2|36|01779796|067|H1|00974132|73000|C5|00979539|99999|99|99999999||||99999|99|99999999|73000|C5|00979539|005000|2|2005|9999|9|99999|99|99999999|999|99999|99|99999999|999999|9|99999|99|99999999|45060|1|532|99999|99999|9|999|99999|Y|N|86302|U|U|24|||||053|||||129|||||000364|A|13207|99999|99999|28590|00701|20581|0|2005|Block 2005|S||47|16|+43.0239580|-076.1731414|BK||99999
DHCST|NY|100|00|00|000|00|0213963|1000000US360670050002006|360670050002006|1|2|36|01779796|067|H1|00974132|73000|C5|00979539|99999|99|99999999||||99999|99|99999999|73000|C5|00979539|005000|2|2006|9999|9|99999|99|99999999|999|99999|99|99999999|999999|9|99999|99|99999999|45060|1|532|99999|99999|9|999|99999|Y|N|86302|U|U|24|||||053|||||129|||||000364|A|13207|99999|99999|28590|00701|16954|0|2006|Block 2006|S||53|16|+43.0247082|-076.1725466|BK||99999
DHCST|NY|100|00|00|000|00|0213964|1000000US360670050002007|360670050002007|1|2|36|01779796|067|H1|00974132|73000|C5|00979539|99999|99|99999999||||99999|99|99999999|73000|C5|00979539|005000|2|2007|9999|9|99999|99|99999999|999|99999|99|99999999|999999|9|99999|99|99999999|45060|1|532|99999|99999|9|999|99999|Y|N|86302|U|U|24|||||053|||||129|||||000367|A|13207|99999|99999|28590|00701|19305|0|2007|Block 2007|S||52|20|+43.0218777|-076.1699822|BK||99999
DHCST|NY|100|00|00|000|00|0213965|1000000US360670050002008|360670050002008|1|2|36|01779796|067|H1|00974132|73000|C5|00979539|99999|99|99999999||||99999|99|99999999|73000|C5|00979539|005000|2|2008|9999|9|99999|99|99999999|999|99999|99|99999999|999999|9|99999|99|99999999|45060|1|532|99999|99999|9|999|99999|Y|N|86302|U|U|24|||||053|||||129|||||000367|A|13207|99999|99999|28590|00701|15916|0|2008|Block 2008|S||57|18|+43.0219198|-076.1686621|BK||99999
DHCST|NY|100|00|00|000|00|0213966|1000000US360670050002009|360670050002009|1|2|36|01779796|067|H1|00974132|73000|C5|00979539|99999|99|99999999||||99999|99|99999999|73000|C5|00979539|005000|2|2009|9999|9|99999|99|99999999|999|99999|99|99999999|999999|9|99999|99|99999999|45060|1|532|99999|99999|9|999|99999|Y|N|86302|U|U|24|||||053|||||129|||||000367|A|13207|99999|99999|28590|00701|16132|0|2009|Block 2009|S||56|29|+43.0219711|-076.1674471|BK||99999
DHCST|NY|100|00|00|000|00|0213967|1000000US360670050002010|360670050002010|1|2|36|01779796|067|H1|00974132|73000|C5|00979539|99999|99|99999999||||99999|99|99999999|73000|C5|00979539|005000|2|2010|9999|9|99999|99|99999999|999|99999|99|99999999|999999|9|99999|99|99999999|45060|1|532|99999|99999|9|999|99999|Y|N|86302|U|U|24|||||053|||||129|||||000367|A|13207|99999|99999|28590|00701|15989|0|2010|Block 2010|S||60|26|+43.0220221|-076.1662234|BK||99999
DHCST|NY|100|00|00|000|00|0213968|1000000US360670050002011|360670050002011|1|2|36|01779796|067|H1|00974132|73000|C5|00979539|99999|99|99999999||||99999|99|99999999|73000|C5|00979539|005000|2|2011|9999|9|99999|99|99999999|999|99999|99|99999999|999999|9|99999|99|99999999|45060|1|532|99999|99999|9|999|99999|Y|N|86302|U|U|24|||||053|||||129|||||000367|A|13207|99999|99999|28590|00701|15656|0|2011|Block 2011|S||48|28|+43.0205969|-076.1661101|BK||99999
DHCST|NY|100|00|00|000|00|0213969|1000000US360670050002012|360670050002012|1|2|36|01779796|067|H1|00974132|73000|C5|00979539|99999|99|99999999||||99999|99|99999999|73000|C5|00979539|005000|2|2012|9999|9|99999|99|99999999|999|99999|99|99999999|999999|9|99999|99|99999999|45060|1|532|99999|99999|9|999|99999|Y|N|86302|U|U|24|||||053|||||129|||||000367|A|13207|99999|99999|28590|00701|15065|0|2012|Block 2012|S||61|24|+43.0205719|-076.1673486|BK||99999
DHCST|NY|100|00|00|000|00|0213970|1000000US360670050002013|360670050002013|1|2|36|01779796|067|H1|00974132|73000|C5|00979539|99999|99|99999999||||99999|99|99999999|73000|C5|00979539|005000|2|2013|9999|9|99999|99|99999999|999|99999|99|99999999|999999|9|99999|99|99999999|45060|1|532|99999|99999|9|999|99999|Y|N|86302|U|U|24|||||053|||||129|||||000367|A|13207|99999|99999|28590|00701|15194|0|2013|Block 2013|S||46|21|+43.0204958|-076.1685625|BK||99999
DHCST|NY|100|00|00|000|00|0213971|1000000US360670050002014|360670050002014|1|2|36|01779796|067|H1|00974132|73000|C5|00979539|99999|99|99999999||||99999|99|99999999|73000|C5|00979539|005000|2|2014|9999|9|99999|99|99999999|999|99999|99|99999999|999999|9|99999|99|99999999|45060|1|532|99999|99999|9|999|99999|Y|N|86302|U|U|24|||||053|||||129|||||000367|A|13207|99999|99999|28590|00701|18731|0|2014|Block 2014|S||64|22|+43.0204183|-076.1698826|BK||99999
DHCST|NY|100|00|00|000|00|0213972|1000000US360670050002015|360670050002015|1|2|36|01779796|067|H1|00974132|73000|C5|00979539|99999|99|99999999||||99999|99|99999999|73000|C5|00979539|005000|2|2015|9999|9|99999|99|99999999|999|99999|99|99999999|999999|9|99999|99|99999999|45060|1|532|99999|99999|9|999|99999|Y|N|86302|U|U|24|||||053|||||129|||||000367|A|13207|99999|99999|28590|00701|14694|0|2015|Block 2015|S||48|20|+43.0202763|-076.1711637|BK||99999
DHCST|NY|100|00|00|000|00|0213973|1000000US360670050002016|360670050002016|1|2|36|01779796|067|H1|00974132|73000|C5|00979539|99999|99|99999999||||99999|99|99999999|73000|C5|00979539|005000|2|2016|9999|9|99999|99|99999999|999|99999|99|99999999|999999|9|99999|99|99999999|45060|1|532|99999|99999|9|999|99999|Y|N|86302|U|U|24|||||053|||||129|||||000367|A|13207|99999|99999|28590|00701|20010|0|2016|Block 2016|S||68|24|+43.0215422|-076.1714556|BK||99999
DHCST|NY|100|00|00|000|00|0213974|1000000US360670050002017|360670050002017|1|2|36|01779796|067|H1|00974132|73000|C5|00979539|99999|99|99999999||||99999|99|99999999|73000|C5|00979539|005000|2|2017|9999|9|99999|99|99999999|999|99999|99|99999999|999999|9|99999|99|99999999|45060|1|532|99999|99999|9|999|99999|Y|N|86302|U|U|24|||||053|||||129|||||000367|A|13207|99999|99999|28590|00701|20721|0|2017|Block 2017|S||49|18|+43.0221570|-076.1723834|BK||99999
DHCST|NY|100|00|00|000|00|0213975|1000000US360670050002018|360670050002018|1|2|36|01779796|067|H1|00974132|73000|C5|00979539|99999|99|99999999||||99999|99|99999999|73000|C5|00979539|005000|2|2018|9999|9|99999|99|99999999|999|99999|99|99999999|999999|9|99999|99|99999999|45060|1|532|99999|99999|9|999|99999|Y|N|86302|U|U|24|||||053|||||129|||||000367|A|13207|99999|99999|28590|00701|20261|0|2018|Block 2018|S||61|22|+43.0207023|-076.1735479|BK||99999
DHCST|NY|100|00|00|000|00|0213976|1000000US360670050002019|360670050002019|1|2|36|01779796|067|H1|00974132|73000|C5|00979539|99999|99|99999999||||99999|99|99999999|73000|C5|00979539|005000|2|2019|9999|9|99999|99|99999999|999|99999|99|99999999|999999|9|99999|99|99999999|45060|1|532|99999|99999|9|999|99999|Y|N|86302|U|U|24|||||053|||||129|||||000367|A|13207|99999|99999|28590|00701|15026|0|2019|Block 2019|S||30|17|+43.0200880|-076.1724974|BK||99999
DHCST|NY|100|00|00|000|00|0213977|1000000US360670050002020|360670050002020|1|2|36|01779796|067|H1|00974132|73000|C5|00979539|99999|99|99999999||||99999|99|99999999|73000|C5|00979539|005000|2|2020|9999|9|99999|99|99999999|999|99999|99|99999999|999999|9|99999|99|99999999|45060|1|532|99999|99999|9|999|99999|Y|N|86302|U|U|24|||||053|||||129|||||000367|A|13207|99999|99999|28590|00701|1354|0|2020|Block 2020|S||0|0|+43.0195466|-076.1735735|BK||99999
DHCST|NY|100|00|00|000|00|0213978|1000000US360670051001000|360670051001000|1|2|36|01779796|067|H1|00974132|73000|C5|00979539|99999|99|99999999||||99999|99|99999999|73000|C5|00979539|005100|1|1000|9999|9|99999|99|99999999|999|99999|99|99999999|999999|9|99999|99|99999999|45060|1|532|99999|99999|9|999|99999|Y|N|86302|U|U|24|||||053|||||128|||||000360|A|13207|99999|99999|28590|00701|16463|0|1000|Block 1000|S||48|16|+43.0296988|-076.1626803|BK||99999
DHCST|NY|100|00|00|000|00|0213979|1000000US360670051001001|360670051001001|1|2|36|01779796|067|H1|00974132|73000|C5|00979539|99999|99|99999999||||99999|99|99999999|73000|C5|00979539|005100|1|1001|9999|9|99999|99|99999999|999|99999|99|99999999|999999|9|99999|99|99999999|45060|1|532|99999|99999|9|999|99999|Y|N|86302|U|U|24|||||053|||||128|||||000363|A|13207|99999|99999|28590|00701|64377|0|1001|Block 1001|S||0|0|+43.0288695|-076.1626468|BK||99999
DHCST|NY|100|00|00|000|00|0213980|1000000US360670051001002|360670051001002|1|2|36|01779796|067|H1|00974132|73000|C5|00979539|99999|99|99999999||||99999|99|99999999|73000|C5|00979539|005100|1|1002|9999|9|99999|99|99999999|999|99999|99|99999999|999999|9|99999|99|99999999|45060|1|532|99999|99999|9|999|99999|Y|N|86302|U|U|24|||||053|||||128|||||000363|A|13207|99999|99999|28590|00701|32499|0|1002|Block 1002|S||0|0|+43.0256595|-076.1565997|BK||99999
DHCST|NY|100|00|00|000|00|0213981|1000000US360670051001003|360670051001003|1|2|36|01779796|067|H1|00974132|73000|C5|00979539|99999|99|99999999||||99999|99|99999999|73000|C5|00979539|005100|1|1003|9999|9|99999|99|99999999|999|99999|99|99999999|999999|9|99999|99|99999999|45060|1|532|99999|99999|9|999|99999|Y|N|86302|U|U|24|||||053|||||128|||||000363|A|13207|99999|99999|28590|00701|38016|0|1003|Block 1003|S||292|161|+43.0263610|-076.1605099|BK||99999
DHCST|NY|100|00|00|000|00|0213982|1000000US360670051001004|360670051001004|1|2|36|01779796|067|H1|00974132|73000|C5|00979539|99999|99|99999999||||99999|99|99999999|73000|C5|00979539|005100|1|1004|9999|9|99999|99|99999999|999|99999|99|99999999|999999|9|99999|99|99999999|45060|1|532|99999|99999|9|999|99999|Y|N|86302|U|U|24|||||053|||||128|||||000363|A|13207|99999|99999|28590|00701|25407|0|1004|Block 1004|S||66|25|+43.0253073|-076.1572404|BK||99999
DHCST|NY|100|00|00|000|00|0213983|1000000US360670051001005|360670051001005|1|2|36|01779796|067|H1|00974132|73000|C5|00979539|99999|99|99999999||||99999|99|99999999|73000|C5|00979539|005100|1|1005|9999|9|99999|99|99999999|999|99999|99|99999999|999999|9|99999|99|99999999|45060|1|532|99999|99999|9|999|99999|Y|N|86302|U|U|24|||||053|||||128|||||000363|A|13207|99999|99999|28590|00701|29138|0|1005|Block 1005|S||72|28|+43.0247110|-076.1581962|BK||99999
DHCST|NY|100|00|00|000|00|0213984|1000000US360670051001006|360670051001006|1|2|36|01779796|067|H1|00974132|73000|C5|00979539|99999|99|99999999||||99999|99|99999999|73000|C5|00979539|005100|1|1006|9999|9|99999|99|99999999|999|99999|99|99999999|999999|9|99999|99|99999999|45060|1|532|99999|99999|9|999|99999|Y|N|86302|U|U|24|||||053|||||128|||||000363|A|13207|99999|99999|28590|00701|11956|0|1006|Block 1006|S||61|30|+43.0254086|-076.1596366|BK||99999
DHCST|NY|100|00|00|000|00|0213985|1000000US360670051001007|360670051001007|1|2|36|01779796|067|H1|00974132|73000|C5|00979539|99999|99|99999999||||99999|99|99999999|73000|C5|00979539|005100|1|1007|9999|9|99999|99|99999999|999|99999|99|99999999|999999|9|99999|99|99999999|45060|1|532|99999|99999|9|999|99999|Y|N|86302|U|U|24|||||053|||||128|||||000365|A|13207|99999|99999|28590|00701|29135|0|1007|Block 1007|S||147|55|+43.0235733|-076.1574214|BK||99999
DHCST|NY|100|00|00|000|00|0213986|1000000US360670051001008|360670051001008|1|2|36|01779796|067|H1|00974132|73000|C5|00979539|99999|99|99999999||||99999|99|99999999|73000|C5|00979539|005100|1|1008|9999|9|99999|99|99999999|999|99999|99|99999999|999999|9|99999|99|99999999|45060|1|532|99999|99999|9|999|99999|Y|N|86302|U|U|24|||||053|||||128|||||000363|A|13207|99999|99999|28590|00701|5186|0|1008|Block 1008|S||0|0|+43.0237713|-076.1553302|BK||99999
DHCST|NY|100|00|00|000|00|0213987|1000000US360670051002000|360670051002000|1|2|36|01779796|067|H1|00974132|73000|C5|00979539|99999|99|99999999||||99999|99|99999999|73000|C5|00979539|005100|2|2000|9999|9|99999|99|99999999|999|99999|99|99999999|999999|9|99999|99|99999999|45060|1|532|99999|99999|9|999|99999|Y|N|86302|U|U|24|||||053|||||128|||||000365|A|13207|99999|99999|28590|00701|6231|0|2000|Block 2000|S||0|0|+43.0221427|-076.1551230|BK||99999
DHCST|NY|100|00|00|000|00|0213988|1000000US360670051002001|360670051002001|1|2|36|01779796|067|H1|00974132|73000|C5|00979539|99999|99|99999999||||99999|99|99999999|73000|C5|00979539|005100|2|2001|9999|9|99999|99|99999999|999|99999|99|99999999|999999|9|99999|99|99999999|45060|1|532|99999|99999|9|999|99999|Y|N|86302|U|U|24|||||053|||||128|||||000365|A|13207|99999|99999|28590|00701|7709|0|2001|Block 2001|S||0|0|+43.0221160|-076.1554664|BK||99999
DHCST|NY|100|00|00|000|00|0213989|1000000US360670051002002|360670051002002|1|2|36|01779796|067|H1|00974132|73000|C5|00979539|99999|99|99999999||||99999|99|99999999|73000|C5|00979539|005100|2|2002|9999|9|99999|99|99999999|999|99999|99|99999999|999999|9|99999|99|99999999|45060|1|532|99999|99999|9|999|99999|Y|N|86302|U|U|24|||||053|||||128|||||000365|A|13207|99999|99999|28590|00701|25126|0|2002|Block 2002|S||97|37|+43.0220483|-076.1562959|BK||99999
DHCST|NY|100|00|00|000|00|0213990|1000000US360670051002003|360670051002003|1|2|36|01779796|067|H1|00974132|73000|C5|00979539|99999|99|99999999||||99999|99|99999999|73000|C5|00979539|005100|2|2003|9999|9|99999|99|99999999|999|99999|99|99999999|999999|9|99999|99|99999999|45060|1|532|99999|99999|9|999|99999|Y|N|86302|U|U|24|||||053|||||128|||||000365|A|13207|99999|99999|28590|00701|23857|0|2003|Block 2003|S||87|52|+43.0220145|-076.1575012|BK||99999
DHCST|NY|100|00|00|000|00|0213991|1000000US360670051002004|360670051002004|1|2|36|01779796|067|H1|00974132|73000|C5|00979539|99999|99|99999999||||99999|99|99999999|73000|C5|00979539|005100|2|2004|9999|9|99999|99|99999999|999|99999|99|99999999|999999|9|99999|99|99999999|45060|1|532|99999|99999|9|999|99999|Y|N|86302|U|U|24|||||053|||||128|||||000365|A|13207|99999|99999|28590|00701|24876|0|2004|Block 2004|S||55|32|+43.0219802|-076.1586927|BK||99999
DHCST|NY|100|00|00|000|00|0213992|1000000US360670051002005|360670051002005|1|2|36|01779796|067|H1|00974132|73000|C5|00979539|99999|99|99999999||||99999|99|99999999|73000|C5|00979539|005100|2|2005|9999|9|99999|99|99999999|999|99999|99|99999999|999999|9|99999|99|99999999|45060|1|532|99999|99999|9|999|99999|Y|N|86302|U|U|24|||||053|||||128|||||000365|A|13207|99999|99999|28590|00701|32348|0|2005|Block 2005|S||79|31|+43.0204314|-076.1576991|BK||99999
DHCST|NY|100|00|00|000|00|0213993|1000000US360670051002006|360670051002006|1|2|36|01779796|067|H1|00974132|73000|C5|00979539|99999|99|99999999||||99999|99|99999999|73000|C5|00979539|005100|2|2006|9999|9|99999|99|99999999|999|99999|99|99999999|999999|9|99999|99|99999999|45060|1|532|99999|99999|9|999|99999|Y|N|86302|U|U|24|||||053|||||128|||||000365|A|13207|99999|99999|28590|00701|12167|0|2006|Block 2006|S||0|0|+43.0199776|-076.1552224|BK||99999
DHCST|NY|100|00|00|000|00|0213994|1000000US360670051002007|360670051002007|1|2|36|01779796|067|H1|00974132|73000|C5|00979539|99999|99|99999999||||99999|99|99999999|73000|C5|00979539|005100|2|2007|9999|9|99999|99|99999999|999|99999|99|99999999|999999|9|99999|99|99999999|45060|1|532|99999|99999|9|999|99999|Y|N|86302|U|U|24|||||053|||||128|||||000365|A|13207|99999|99999|28590|00701|4029|0|2007|Block 2007|S||0|0|+43.0201661|-076.1547536|BK||99999
DHCST|NY|100|00|00|000|00|0213995|1000000US360670051002008|360670051002008|1|2|36|01779796|067|H1|00974132|73000|C5|00979539|99999|99|99999999||||99999|99|99999999|73000|C5|00979539|005100|2|2008|9999|9|99999|99|99999999|999|99999|99|99999999|999999|9|99999|99|99999999|45060|1|532|99999|99999|9|999|99999|Y|N|86302|U|U|24|||||053|||||128|||||000365|A|13207|99999|99999|28590|00701|19044|0|2008|Block 2008|S||69|27|+43.0195695|-076.1567991|BK||99999
DHCST|NY|100|00|00|000|00|0213996|1000000US360670051002009|360670051002009|1|2|36|01779796|067|H1|00974132|73000|C5|00979539|99999|99|99999999||||99999|99|99999999|73000|C5|00979539|005100|2|2009|9999|9|99999|99|99999999|999|99999|99|99999999|999999|9|99999|99|99999999|45060|1|532|99999|99999|9|999|99999|Y|N|86302|U|U|24|||||053|||||128|||||000365|A|13207|99999|99999|28590|00701|21441|0|2009|Block 2009|S||74|21|+43.0194984|-076.1592171|BK||99999
DHCST|NY|100|00|00|000|00|0213997|1000000US360670051002010|360670051002010|1|2|36|01779796|067|H1|00974132|73000|C5|00979539|99999|99|99999999||||99999|99|99999999|73000|C5|00979539|005100|2|2010|9999|9|99999|99|99999999|999|99999|99|99999999|999999|9|99999|99|99999999|45060|1|532|99999|99999|9|999|99999|Y|N|86302|U|U|24|||||053|||||128|||||000365|A|13207|99999|99999|28590|00701|16498|0|2010|Block 2010|S||7|1|+43.0200705|-076.1607820|BK||99999
DHCST|NY|100|00|00|000|00|0213998|1000000US360670051002011|360670051002011|1|2|36|01779796|067|H1|00974132|73000|C5|00979539|99999|99|99999999||||99999|99|99999999|73000|C5|00979539|005100|2|2011|9999|9|99999|99|99999999|999|99999|99|99999999|999999|9|99999|99|99999999|45060|1|532|99999|99999|9|999|99999|Y|N|86302|U|U|24|||||053|||||128|||||000366|A|13207|99999|99999|28590|00701|9139|0|2011|Block 2011|S||35|16|+43.0199825|-076.1621700|BK||99999
DHCST|NY|100|00|00|000|00|0213999|1000000US360670051002012|360670051002012|1|2|36|01779796|067|H1|00974132|73000|C5|00979539|99999|99|99999999||||99999|99|99999999|73000|C5|00979539|005100|2|2012|9999|9|99999|99|99999999|999|99999|99|99999999|999999|9|99999|99|99999999|45060|1|532|99999|99999|9|999|99999|Y|N|86302|U|U|24|||||053|||||128|||||000366|A|13207|99999|99999|28590|00701|20955|0|2012|Block 2012|S||64|31|+43.0201598|-076.1640316|BK||99999
DHCST|NY|100|00|00|000|00|0214000|1000000US360670051002013|360670051002013|1|2|36|01779796|067|H1|00974132|73000|C5|00979539|99999|99|99999999||||99999|99|99999999|73000|C5|00979539|005100|2|2013|9999|9|99999|99|99999999|999|99999|99|99999999|999999|9|99999|99|99999999|45060|1|532|99999|99999|9|999|99999|Y|N|86302|U|U|24|||||053|||||128|||||000366|A|13207|99999|99999|28590|00701|19224|0|2013|Block 2013|S||95|37|+43.0209398|-076.1640539|BK||99999
DHCST|NY|100|00|00|000|00|0214001|1000000US360670051002014|360670051002014|1|2|36|01779796|067|H1|00974132|73000|C5|00979539|99999|99|99999999||||99999|99|99999999|73000|C5|00979539|005100|2|2014|9999|9|99999|99|99999999|999|99999|99|99999999|999999|9|99999|99|99999999|45060|1|532|99999|99999|9|999|99999|Y|N|86302|U|U|24|||||053|||||128|||||000366|A|13207|99999|99999|28590|00701|19847|0|2014|Block 2014|S||76|33|+43.0216852|-076.1640836|BK||99999
DHCST|NY|100|00|00|000|00|0214002|1000000US360670051002015|360670051002015|1|2|36|01779796|067|H1|00974132|73000|C5|00979539|99999|99|99999999||||99999|99|99999999|73000|C5|00979539|005100|2|2015|9999|9|99999|99|99999999|999|99999|99|99999999|999999|9|99999|99|99999999|45060|1|532|99999|99999|9|999|99999|Y|N|86302|U|U|24|||||053|||||128|||||000366|A|13207|99999|99999|28590|00701|23137|0|2015|Block 2015|S||79|35|+43.0224904|-076.1641520|BK||99999
DHCST|NY|100|00|00|000|00|0214003|1000000US360670051003000|360670051003000|1|2|36|01779796|067|H1|00974132|73000|C5|00979539|99999|99|99999999||||99999|99|99999999|73000|C5|00979539|005100|3|3000|9999|9|99999|99|99999999|999|99999|99|99999999|999999|9|99999|99|99999999|45060|1|532|99999|99999|9|999|99999|Y|N|86302|U|U|24|||||053|||||128|||||000363|A|13207|99999|99999|28590|00701|75464|0|3000|Block 3000|S||109|53|+43.0267173|-076.1635986|BK||99999
DHCST|NY|100|00|00|000|00|0214004|1000000US360670051003001|360670051003001|1|2|36|01779796|067|H1|00974132|73000|C5|00979539|99999|99|99999999||||99999|99|99999999|73000|C5|00979539|005100|3|3001|9999|9|99999|99|99999999|999|99999|99|99999999|999999|9|99999|99|99999999|45060|1|532|99999|99999|9|999|99999|Y|N|86302|U|U|24|||||053|||||128|||||000363|A|13207|99999|99999|28590|00701|38343|0|3001|Block 3001|S||164|61|+43.0247918|-076.1624429|BK||99999
DHCST|NY|100|00|00|000|00|0214005|1000000US360670051003002|360670051003002|1|2|36|01779796|067|H1|00974132|73000|C5|00979539|99999|99|99999999||||99999|99|99999999|73000|C5|00979539|005100|3|3002|9999|9|99999|99|99999999|999|99999|99|99999999|999999|9|99999|99|99999999|45060|1|532|99999|99999|9|999|99999|Y|N|86302|U|U|24|||||053|||||128|||||000363|A|13207|99999|99999|28590|00701|28358|0|3002|Block 3002|S||102|42|+43.0235135|-076.1640969|BK||99999
DHCST|NY|100|00|00|000|00|0214006|1000000US360670051003003|360670051003003|1|2|36|01779796|067|H1|00974132|73000|C5|00979539|99999|99|99999999||||99999|99|99999999|73000|C5|00979539|005100|3|3003|9999|9|99999|99|99999999|999|99999|99|99999999|999999|9|99999|99|99999999|45060|1|532|99999|99999|9|999|99999|Y|N|86302|U|U|24|||||053|||||128|||||000363|A|13207|99999|99999|28590|00701|45085|0|3003|Block 3003|S||146|58|+43.0237952|-076.1610615|BK||99999
DHCST|NY|100|00|00|000|00|0214007|1000000US360670051003004|360670051003004|1|2|36|01779796|067|H1|00974132|73000|C5|00979539|99999|99|99999999||||99999|99|99999999|73000|C5|00979539|005100|3|3004|9999|9|99999|99|99999999|999|99999|99|99999999|999999|9|99999|99|99999999|45060|1|532|99999|99999|9|999|99999|Y|N|86302|U|U|24|||||053|||||128|||||000366|A|13207|99999|99999|28590|00701|22609|0|3004|Block 3004|S||96|41|+43.0217345|-076.1621678|BK||99999
DHCST|NY|100|00|00|000|00|0214008|1000000US360670051003005|360670051003005|1|2|36|01779796|067|H1|00974132|73000|C5|00979539|99999|99|99999999||||99999|99|99999999|73000|C5|00979539|005100|3|3005|9999|9|99999|99|99999999|999|99999|99|99999999|999999|9|99999|99|99999999|45060|1|532|99999|99999|9|999|99999|Y|N|86302|U|U|24|||||053|||||128|||||000365|A|13207|99999|99999|28590|00701|25163|0|3005|Block 3005|S||98|40|+43.0218651|-076.1611326|BK||99999
DHCST|NY|100|00|00|000|00|0214009|1000000US360670051003006|360670051003006|1|2|36|01779796|067|H1|00974132|73000|C5|00979539|99999|99|99999999||||99999|99|99999999|73000|C5|00979539|005100|3|3006|9999|9|99999|99|99999999|999|99999|99|99999999|999999|9|99999|99|99999999|45060|1|532|99999|99999|9|999|99999|Y|N|86302|U|U|24|||||053|||||128|||||000365|A|13207|99999|99999|28590|00701|16070|0|3006|Block 3006|S||37|14|+43.0224929|-076.1599243|BK||99999
DHCST|NY|100|00|00|000|00|0214010|1000000US360670051003007|360670051003007|1|2|36|01779796|067|H1|00974132|73000|C5|00979539|99999|99|99999999||||99999|99|99999999|73000|C5|00979539|005100|3|3007|9999|9|99999|99|99999999|999|99999|99|99999999|999999|9|99999|99|99999999|45060|1|532|99999|99999|9|999|99999|Y|N|86302|U|U|24|||||053|||||128|||||000365|A|13207|99999|99999|28590|00701|13047|0|3007|Block 3007|S||32|9|+43.0212375|-076.1599883|BK||99999
DHCST|NY|100|00|00|000|00|0214011|1000000US360670052001000|360670052001000|1|2|36|01779796|067|H1|00974132|73000|C5|00979539|99999|99|99999999||||99999|99|99999999|73000|C5|00979539|005200|1|1000|9999|9|99999|99|99999999|999|99999|99|99999999|999999|9|99999|99|99999999|45060|1|532|99999|99999|9|999|99999|Y|N|86302|U|U|24|||||053|||||128|||||000361|A|13202|99999|99999|28590|00701|24055|0|1000|Block 1000|S||79|41|+43.0351934|-076.1552288|BK||99999
DHCST|NY|100|00|00|000|00|0214012|1000000US360670052001001|360670052001001|1|2|36|01779796|067|H1|00974132|73000|C5|00979539|99999|99|99999999||||99999|99|99999999|73000|C5|00979539|005200|1|1001|9999|9|99999|99|99999999|999|99999|99|99999999|999999|9|99999|99|99999999|45060|1|532|99999|99999|9|999|99999|Y|N|86302|U|U|24|||||053|||||128|||||000361|A|13204|99999|99999|28590|00701|17946|0|1001|Block 1001|S||75|28|+43.0350456|-076.1566093|BK||99999
DHCST|NY|100|00|00|000|00|0214013|1000000US360670052001002|360670052001002|1|2|36|01779796|067|H1|00974132|73000|C5|00979539|99999|99|99999999||||99999|99|99999999|73000|C5|00979539|005200|1|1002|9999|9|99999|99|99999999|999|99999|99|99999999|999999|9|99999|99|99999999|45060|1|532|99999|99999|9|999|99999|Y|N|86302|U|U|24|||||053|||||128|||||000361|A|13204|99999|99999|28590|00701|30408|0|1002|Block 1002|S||35|15|+43.0353422|-076.1579664|BK||99999
DHCST|NY|100|00|00|000|00|0214014|1000000US360670052001003|360670052001003|1|2|36|01779796|067|H1|00974132|73000|C5|00979539|99999|99|99999999||||99999|99|99999999|73000|C5|00979539|005200|1|1003|9999|9|99999|99|99999999|999|99999|99|99999999|999999|9|99999|99|99999999|45060|1|532|99999|99999|9|999|99999|Y|N|86302|U|U|24|||||053|||||128|||||000360|A|13204|99999|99999|28590|00701|29436|0|1003|Block 1003|S||63|29|+43.0347728|-076.1594928|BK||99999
DHCST|NY|100|00|00|000|00|0214015|1000000US360670052001004|360670052001004|1|2|36|01779796|067|H1|00974132|73000|C5|00979539|99999|99|99999999||||99999|99|99999999|73000|C5|00979539|005200|1|1004|9999|9|99999|99|99999999|999|99999|99|99999999|999999|9|99999|99|99999999|45060|1|532|99999|99999|9|999|99999|Y|N|86302|U|U|24|||||053|||||128|||||000360|A|13204|99999|99999|28590|00701|27718|0|1004|Block 1004|S||94|46|+43.0346806|-076.1607099|BK||99999
DHCST|NY|100|00|00|000|00|0214016|1000000US360670052001005|360670052001005|1|2|36|01779796|067|H1|00974132|73000|C5|00979539|99999|99|99999999||||99999|99|99999999|73000|C5|00979539|005200|1|1005|9999|9|99999|99|99999999|999|99999|99|99999999|999999|9|99999|99|99999999|45060|1|532|99999|99999|9|999|99999|Y|N|86302|U|U|24|||||053|||||128|||||000360|A|13204|99999|99999|28590|00701|25150|0|1005|Block 1005|S||87|41|+43.0345387|-076.1618914|BK||99999
DHCST|NY|100|00|00|000|00|0214017|1000000US360670052001006|360670052001006|1|2|36|01779796|067|H1|00974132|73000|C5|00979539|99999|99|99999999||||99999|99|99999999|73000|C5|00979539|005200|1|1006|9999|9|99999|99|99999999|999|99999|99|99999999|999999|9|99999|99|99999999|45060|1|532|99999|99999|9|999|99999|Y|N|86302|U|U|24|||||053|||||128|||||000360|A|13204|99999|99999|28590|00701|23280|0|1006|Block 1006|S||75|30|+43.0344067|-076.1630318|BK||99999
DHCST|NY|100|00|00|000|00|0214018|1000000US360670052001007|360670052001007|1|2|36|01779796|067|H1|00974132|73000|C5|00979539|99999|99|99999999||||99999|99|99999999|73000|C5|00979539|005200|1|1007|9999|9|99999|99|99999999|999|99999|99|99999999|999999|9|99999|99|99999999|45060|1|532|99999|99999|9|999|99999|Y|N|86302|U|U|24|||||053|||||128|||||000360|A|13204|99999|99999|28590|00701|20446|0|1007|Block 1007|S||60|34|+43.0342287|-076.1641268|BK||99999
DHCST|NY|100|00|00|000|00|0214019|1000000US360670052001008|360670052001008|1|2|36|01779796|067|H1|00974132|73000|C5|00979539|99999|99|99999999||||99999|99|99999999|73000|C5|00979539|005200|1|1008|9999|9|99999|99|99999999|999|99999|99|99999999|999999|9|99999|99|99999999|45060|1|532|99999|99999|9|999|99999|Y|N|86302|U|U|24|||||053|||||128|||||000360|A|13207|99999|99999|28590|00701|15695|0|1008|Block 1008|S||55|24|+43.0323736|-076.1641431|BK||99999
DHCST|NY|100|00|00|000|00|0214020|1000000US360670052001009|360670052001009|1|2|36|01779796|067|H1|00974132|73000|C5|00979539|99999|99|99999999||||99999|99|99999999|73000|C5|00979539|005200|1|1009|9999|9|99999|99|99999999|999|99999|99|99999999|999999|9|99999|99|99999999|45060|1|532|99999|99999|9|999|99999|Y|N|86302|U|U|24|||||053|||||128|||||000360|A|13204|99999|99999|28590|00701|1724|0|1009|Block 1009|S||38|5|+43.0331006|-076.1638511|BK||99999
DHCST|NY|100|00|00|000|00|0214021|1000000US360670052001010|360670052001010|1|2|36|01779796|067|H1|00974132|73000|C5|00979539|99999|99|99999999||||99999|99|99999999|73000|C5|00979539|005200|1|1010|9999|9|99999|99|99999999|999|99999|99|99999999|999999|9|99999|99|99999999|45060|1|532|99999|99999|9|999|99999|Y|N|86302|U|U|24|||||053|||||128|||||000360|A|13207|99999|99999|28590|00701|16788|0|1010|Block 1010|S||72|28|+43.0324918|-076.1629384|BK||99999
DHCST|NY|100|00|00|000|00|0214022|1000000US360670052001011|360670052001011|1|2|36|01779796|067|H1|00974132|73000|C5|00979539|99999|99|99999999||||99999|99|99999999|73000|C5|00979539|005200|1|1011|9999|9|99999|99|99999999|999|99999|99|99999999|999999|9|99999|99|99999999|45060|1|532|99999|99999|9|999|99999|Y|N|86302|U|U|24|||||053|||||128|||||000360|A|13204|99999|99999|28590|00701|3582|0|1011|Block 1011|S||13|7|+43.0331705|-076.1618101|BK||99999
DHCST|NY|100|00|00|000|00|0214023|1000000US360670052001012|360670052001012|1|2|36|01779796|067|H1|00974132|73000|C5|00979539|99999|99|99999999||||99999|99|99999999|73000|C5|00979539|005200|1|1012|9999|9|99999|99|99999999|999|99999|99|99999999|999999|9|99999|99|99999999|45060|1|532|99999|99999|9|999|99999|Y|N|86302|U|U|24|||||053|||||128|||||000360|A|13207|99999|99999|28590|00701|17416|0|1012|Block 1012|S||14|8|+43.0325842|-076.1606134|BK||99999
DHCST|NY|100|00|00|000|00|0214024|1000000US360670052001013|360670052001013|1|2|36|01779796|067|H1|00974132|73000|C5|00979539|99999|99|99999999||||99999|99|99999999|73000|C5|00979539|005200|1|1013|9999|9|99999|99|99999999|999|99999|99|99999999|999999|9|99999|99|99999999|45060|1|532|99999|99999|9|999|99999|Y|N|86302|U|U|24|||||053|||||128|||||000360|A|13204|99999|99999|28590|00701|2215|0|1013|Block 1013|S||41|9|+43.0333361|-076.1595122|BK||99999
DHCST|NY|100|00|00|000|00|0214025|1000000US360670052001014|360670052001014|1|2|36|01779796|067|H1|00974132|73000|C5|00979539|99999|99|99999999||||99999|99|99999999|73000|C5|00979539|005200|1|1014|9999|9|99999|99|99999999|999|99999|99|99999999|999999|9|99999|99|99999999|45060|1|532|99999|99999|9|999|99999|Y|N|86302|U|U|24|||||053|||||128|||||000360|A|13207|99999|99999|28590|00701|19500|0|1014|Block 1014|S||41|25|+43.0308649|-076.1605640|BK||99999
DHCST|NY|100|00|00|000|00|0214026|1000000US360670052001015|360670052001015|1|2|36|01779796|067|H1|00974132|73000|C5|00979539|99999|99|99999999||||99999|99|99999999|73000|C5|00979539|005200|1|1015|9999|9|99999|99|99999999|999|99999|99|99999999|999999|9|99999|99|99999999|45060|1|532|99999|99999|9|999|99999|Y|N|86302|U|U|24|||||053|||||128|||||000360|A|13207|99999|99999|28590|00701|14136|0|1015|Block 1015|S||36|21|+43.0311769|-076.1593932|BK||99999
DHCST|NY|100|00|00|000|00|0214027|1000000US360670052001016|360670052001016|1|2|36|01779796|067|H1|00974132|73000|C5|00979539|99999|99|99999999||||99999|99|99999999|73000|C5|00979539|005200|1|1016|9999|9|99999|99|99999999|999|99999|99|99999999|999999|9|99999|99|99999999|45060|1|532|99999|99999|9|999|99999|Y|N|86302|U|U|24|||||053|||||128|||||000361|A|13207|99999|99999|28590|00701|26475|0|1016|Block 1016|S||34|10|+43.0322922|-076.1582000|BK||99999
DHCST|NY|100|00|00|000|00|0214028|1000000US360670052001017|360670052001017|1|2|36|01779796|067|H1|00974132|73000|C5|00979539|99999|99|99999999||||99999|99|99999999|73000|C5|00979539|005200|1|1017|9999|9|99999|99|99999999|999|99999|99|99999999|999999|9|99999|99|99999999|45060|1|532|99999|99999|9|999|99999|Y|N|86302|U|U|24|||||053|||||128|||||000361|A|13204|99999|99999|28590|00701|16436|0|1017|Block 1017|S||54|18|+43.0339842|-076.1578918|BK||99999
DHCST|NY|100|00|00|000|00|0214029|1000000US360670052001018|360670052001018|1|2|36|01779796|067|H1|00974132|73000|C5|00979539|99999|99|99999999||||99999|99|99999999|73000|C5|00979539|005200|1|1018|9999|9|99999|99|99999999|999|99999|99|99999999|999999|9|99999|99|99999999|45060|1|532|99999|99999|9|999|99999|Y|N|86302|U|U|24|||||053|||||128|||||000361|A|13207|99999|99999|28590|00701|21390|0|1018|Block 1018|S||36|15|+43.0325775|-076.1570005|BK||99999
DHCST|NY|100|00|00|000|00|0214030|1000000US360670052001019|360670052001019|1|2|36|01779796|067|H1|00974132|73000|C5|00979539|99999|99|99999999||||99999|99|99999999|73000|C5|00979539|005200|1|1019|9999|9|99999|99|99999999|999|99999|99|99999999|999999|9|99999|99|99999999|45060|1|532|99999|99999|9|999|99999|Y|N|86302|U|U|24|||||053|||||128|||||000361|A|13207|99999|99999|28590|00701|16623|0|1019|Block 1019|S||23|4|+43.0327729|-076.1558487|BK||99999
DHCST|NY|100|00|00|000|00|0214031|1000000US360670052001020|360670052001020|1|2|36|01779796|067|H1|00974132|73000|C5|00979539|99999|99|99999999||||99999|99|99999999|73000|C5|00979539|005200|1|1020|9999|9|99999|99|99999999|999|99999|99|99999999|999999|9|99999|99|99999999|45060|1|532|99999|99999|9|999|99999|Y|N|86302|U|U|24|||||053|||||128|||||000361|A|13202|99999|99999|28590|00701|12595|0|1020|Block 1020|S||32|13|+43.0348057|-076.1560457|BK||99999
DHCST|NY|100|00|00|000|00|0214032|1000000US360670052001021|360670052001021|1|2|36|01779796|067|H1|00974132|73000|C5|00979539|99999|99|99999999||||99999|99|99999999|73000|C5|00979539|005200|1|1021|9999|9|99999|99|99999999|999|99999|99|99999999|999999|9|99999|99|99999999|45060|1|532|99999|99999|9|999|99999|Y|N|86302|U|U|24|||||053|||||128|||||000361|A|13202|99999|99999|28590|00701|4673|0|1021|Block 1021|S||0|0|+43.0336111|-076.1551214|BK||99999
DHCST|NY|100|00|00|000|00|0214033|1000000US360670052001022|360670052001022|1|2|36|01779796|067|H1|00974132|73000|C5|00979539|99999|99|99999999||||99999|99|99999999|73000|C5|00979539|005200|1|1022|9999|9|99999|99|99999999|999|99999|99|99999999|999999|9|99999|99|99999999|45060|1|532|99999|99999|9|999|99999|Y|N|86302|U|U|24|||||053|||||128|||||000360|A|13207|99999|99999|28590|00701|15642|0|1022|Block 1022|S||39|14|+43.0325370|-076.1593987|BK||99999
DHCST|NY|100|00|00|000|00|0214034|1000000US360670052001023|360670052001023|1|2|36|01779796|067|H1|00974132|73000|C5|00979539|99999|99|99999999||||99999|99|99999999|73000|C5|00979539|005200|1|1023|9999|9|99999|99|99999999|999|99999|99|99999999|999999|9|99999|99|99999999|45060|1|532|99999|99999|9|999|99999|Y|N|86302|U|U|24|||||053|||||128|||||000360|A|13207|99999|99999|28590|00701|17006|0|1023|Block 1023|S||87|27|+43.0308070|-076.1640037|BK||99999
DHCST|NY|100|00|00|000|00|0214035|1000000US360670052001024|360670052001024|1|2|36|01779796|067|H1|00974132|73000|C5|00979539|99999|99|99999999||||99999|99|99999999|73000|C5|00979539|005200|1|1024|9999|9|99999|99|99999999|999|99999|99|99999999|999999|9|99999|99|99999999|45060|1|532|99999|99999|9|999|99999|Y|N|86302|U|U|24|||||053|||||128|||||000360|A|13207|99999|99999|28590|00701|17846|0|1024|Block 1024|S||68|29|+43.0308360|-076.1628769|BK||99999
DHCST|NY|100|00|00|000|00|0214036|1000000US360670052001025|360670052001025|1|2|36|01779796|067|H1|00974132|73000|C5|00979539|99999|99|99999999||||99999|99|99999999|73000|C5|00979539|005200|1|1025|9999|9|99999|99|99999999|999|99999|99|99999999|999999|9|99999|99|99999999|45060|1|532|99999|99999|9|999|99999|Y|N|86302|U|U|24|||||053|||||128|||||000360|A|13207|99999|99999|28590|00701|17816|0|1025|Block 1025|S||79|25|+43.0308829|-076.1617236|BK||99999
DHCST|NY|100|00|00|000|00|0214037|1000000US360670052001026|360670052001026|1|2|36|01779796|067|H1|00974132|73000|C5|00979539|99999|99|99999999||||99999|99|99999999|73000|C5|00979539|005200|1|1026|9999|9|99999|99|99999999|999|99999|99|99999999|999999|9|99999|99|99999999|45060|1|532|99999|99999|9|999|99999|Y|N|86302|U|U|24|||||053|||||128|||||000360|A|13207|99999|99999|28590|00701|13327|0|1026|Block 1026|S||38|17|+43.0323672|-076.1617754|BK||99999
DHCST|NY|100|00|00|000|00|0214038|1000000US360670052002000|360670052002000|1|2|36|01779796|067|H1|00974132|73000|C5|00979539|99999|99|99999999||||99999|99|99999999|73000|C5|00979539|005200|2|2000|9999|9|99999|99|99999999|999|99999|99|99999999|999999|9|99999|99|99999999|45060|1|532|99999|99999|9|999|99999|Y|N|86302|U|U|24|||||053|||||128|||||000361|A|13205|99999|99999|28590|00701|32192|0|2000|Block 2000|S||0|0|+43.0317136|-076.1559383|BK||99999
DHCST|NY|100|00|00|000|00|0214039|1000000US360670052002001|360670052002001|1|2|36|01779796|067|H1|00974132|73000|C5|00979539|99999|99|99999999||||99999|99|99999999|73000|C5|00979539|005200|2|2001|9999|9|99999|99|99999999|999|99999|99|99999999|999999|9|99999|99|99999999|45060|1|532|99999|99999|9|999|99999|Y|N|86302|U|U|24|||||053|||||128|||||000361|A|13205|99999|99999|28590|00701|17791|0|2001|Block 2001|S||65|29|+43.0309755|-076.1552278|BK||99999
DHCST|NY|100|00|00|000|00|0214040|1000000US360670052002002|360670052002002|1|2|36|01779796|067|H1|00974132|73000|C5|00979539|99999|99|99999999||||99999|99|99999999|73000|C5|00979539|005200|2|2002|9999|9|99999|99|99999999|999|99999|99|99999999|999999|9|99999|99|99999999|45060|1|532|99999|99999|9|999|99999|Y|N|86302|U|U|24|||||053|||||128|||||000361|A|13205|99999|99999|28590|00701|12430|0|2002|Block 2002|S||44|17|+43.0305925|-076.1544368|BK||99999
DHCST|NY|100|00|00|000|00|0214041|1000000US360670052002003|360670052002003|1|2|36|01779796|067|H1|00974132|73000|C5|00979539|99999|99|99999999||||99999|99|99999999|73000|C5|00979539|005200|2|2003|9999|9|99999|99|99999999|999|99999|99|99999999|999999|9|99999|99|99999999|45060|1|532|99999|99999|9|999|99999|Y|N|86302|U|U|24|||||053|||||128|||||000361|A|13205|99999|99999|28590|00701|51239|0|2003|Block 2003|S||172|77|+43.0293095|-076.1553017|BK||99999
DHCST|NY|100|00|00|000|00|0214042|1000000US360670052002004|360670052002004|1|2|36|01779796|067|H1|00974132|73000|C5|00979539|99999|99|99999999||||99999|99|99999999|73000|C5|00979539|005200|2|2004|9999|9|99999|99|99999999|999|99999|99|99999999|999999|9|99999|99|99999999|45060|1|532|99999|99999|9|999|99999|Y|N|86302|U|U|24|||||053|||||128|||||000361|A|13205|99999|99999|28590|00701|14708|0|2004|Block 2004|S||63|24|+43.0303007|-076.1566875|BK||99999
DHCST|NY|100|00|00|000|00|0214043|1000000US360670052002005|360670052002005|1|2|36|01779796|067|H1|00974132|73000|C5|00979539|99999|99|99999999||||99999|99|99999999|73000|C5|00979539|005200|2|2005|9999|9|99999|99|99999999|999|99999|99|99999999|999999|9|99999|99|99999999|45060|1|532|99999|99999|9|999|99999|Y|N|86302|U|U|24|||||053|||||128|||||000361|A|13205|99999|99999|28590|00701|11584|0|2005|Block 2005|S||45|16|+43.0298512|-076.1574986|BK||99999
DHCST|NY|100|00|00|000|00|0214044|1000000US360670052002006|360670052002006|1|2|36|01779796|067|H1|00974132|73000|C5|00979539|99999|99|99999999||||99999|99|99999999|73000|C5|00979539|005200|2|2006|9999|9|99999|99|99999999|999|99999|99|99999999|999999|9|99999|99|99999999|45060|1|532|99999|99999|9|999|99999|Y|N|86302|U|U|24|||||053|||||128|||||000361|A|13207|99999|99999|28590|00701|8894|0|2006|Block 2006|S||38|13|+43.0296572|-076.1580502|BK||99999
DHCST|NY|100|00|00|000|00|0214045|1000000US360670052002007|360670052002007|1|2|36|01779796|067|H1|00974132|73000|C5|00979539|99999|99|99999999||||99999|99|99999999|73000|C5|00979539|005200|2|2007|9999|9|99999|99|99999999|999|99999|99|99999999|999999|9|99999|99|99999999|45060|1|532|99999|99999|9|999|99999|Y|N|86302|U|U|24|||||053|||||128|||||000360|A|13207|99999|99999|28590|00701|19229|0|2007|Block 2007|S||79|35|+43.0294276|-076.1588535|BK||99999
DHCST|NY|100|00|00|000|00|0214046|1000000US360670052002008|360670052002008|1|2|36|01779796|067|H1|00974132|73000|C5|00979539|99999|99|99999999||||99999|99|99999999|73000|C5|00979539|005200|2|2008|9999|9|99999|99|99999999|999|99999|99|99999999|999999|9|99999|99|99999999|45060|1|532|99999|99999|9|999|99999|Y|N|86302|U|U|24|||||053|||||128|||||000360|A|13207|99999|99999|28590|00701|12361|0|2008|Block 2008|S||0|0|+43.0298720|-076.1598920|BK||99999
DHCST|NY|100|00|00|000|00|0214047|1000000US360670052002009|360670052002009|1|2|36|01779796|067|H1|00974132|73000|C5|00979539|99999|99|99999999||||99999|99|99999999|73000|C5|00979539|005200|2|2009|9999|9|99999|99|99999999|999|99999|99|99999999|999999|9|99999|99|99999999|45060|1|532|99999|99999|9|999|99999|Y|N|86302|U|U|24|||||053|||||128|||||000360|A|13207|99999|99999|28590|00701|14720|0|2009|Block 2009|S||23|12|+43.0289880|-076.1604488|BK||99999
DHCST|NY|100|00|00|000|00|0214048|1000000US360670052002010|360670052002010|1|2|36|01779796|067|H1|00974132|73000|C5|00979539|99999|99|99999999||||99999|99|99999999|73000|C5|00979539|005200|2|2010|9999|9|99999|99|99999999|999|99999|99|99999999|999999|9|99999|99|99999999|45060|1|532|99999|99999|9|999|99999|Y|N|86302|U|U|24|||||053|||||128|||||000360|A|13207|99999|99999|28590|00701|7308|0|2010|Block 2010|S||19|3|+43.0283261|-076.1586735|BK||99999
DHCST|NY|100|00|00|000|00|0214049|1000000US360670052002011|360670052002011|1|2|36|01779796|067|H1|00974132|73000|C5|00979539|99999|99|99999999||||99999|99|99999999|73000|C5|00979539|005200|2|2011|9999|9|99999|99|99999999|999|99999|99|99999999|999999|9|99999|99|99999999|45060|1|532|99999|99999|9|999|99999|Y|N|86302|U|U|24|||||053|||||128|||||000363|A|13207|99999|99999|28590|00701|21347|0|2011|Block 2011|S||14|13|+43.0281335|-076.1601592|BK||99999
DHCST|NY|100|00|00|000|00|0214050|1000000US360670053001000|360670053001000|1|2|36|01779796|067|H1|00974132|73000|C5|00979539|99999|99|99999999||||99999|99|99999999|73000|C5|00979539|005300|1|1000|9999|9|99999|99|99999999|999|99999|99|99999999|999999|9|99999|99|99999999|45060|1|532|99999|99999|9|999|99999|Y|N|86302|U|U|24|||||053|||||128|||||000415|A|13205|99999|99999|28590|00701|20031|0|1000|Block 1000|S||59|20|+43.0304920|-076.1435220|BK||99999
DHCST|NY|100|00|00|000|00|0214051|1000000US360670053001001|360670053001001|1|2|36|01779796|067|H1|00974132|73000|C5|00979539|99999|99|99999999||||99999|99|99999999|73000|C5|00979539|005300|1|1001|9999|9|99999|99|99999999|999|99999|99|99999999|999999|9|99999|99|99999999|45060|1|532|99999|99999|9|999|99999|Y|N|86302|U|U|24|||||053|||||128|||||000415|A|13205|99999|99999|28590|00701|15937|0|1001|Block 1001|S||61|21|+43.0304570|-076.1448773|BK||99999
DHCST|NY|100|00|00|000|00|0214052|1000000US360670053001002|360670053001002|1|2|36|01779796|067|H1|00974132|73000|C5|00979539|99999|99|99999999||||99999|99|99999999|73000|C5|00979539|005300|1|1002|9999|9|99999|99|99999999|999|99999|99|99999999|999999|9|99999|99|99999999|45060|1|532|99999|99999|9|999|99999|Y|N|86302|U|U|24|||||053|||||128|||||000415|A|13205|99999|99999|28590|00701|51356|0|1002|Block 1002|S||153|57|+43.0294221|-076.1460531|BK||99999
DHCST|NY|100|00|00|000|00|0214053|1000000US360670053001003|360670053001003|1|2|36|01779796|067|H1|00974132|73000|C5|00979539|99999|99|99999999||||99999|99|99999999|73000|C5|00979539|005300|1|1003|9999|9|99999|99|99999999|999|99999|99|99999999|999999|9|99999|99|99999999|45060|1|532|99999|99999|9|999|99999|Y|N|86302|U|U|24|||||053|||||128|||||000415|A|13205|99999|99999|28590|00701|21505|0|1003|Block 1003|S||65|28|+43.0298825|-076.1484935|BK||99999
DHCST|NY|100|00|00|000|00|0214054|1000000US360670053001004|360670053001004|1|2|36|01779796|067|H1|00974132|73000|C5|00979539|99999|99|99999999||||99999|99|99999999|73000|C5|00979539|005300|1|1004|9999|9|99999|99|99999999|999|99999|99|99999999|999999|9|99999|99|99999999|45060|1|532|99999|99999|9|999|99999|Y|N|86302|U|U|24|||||053|||||128|||||000415|A|13205|99999|99999|28590|00701|32324|0|1004|Block 1004|S||86|45|+43.0292191|-076.1510693|BK||99999
DHCST|NY|100|00|00|000|00|0214055|1000000US360670053001005|360670053001005|1|2|36|01779796|067|H1|00974132|73000|C5|00979539|99999|99|99999999||||99999|99|99999999|73000|C5|00979539|005300|1|1005|9999|9|99999|99|99999999|999|99999|99|99999999|999999|9|99999|99|99999999|45060|1|532|99999|99999|9|999|99999|Y|N|86302|U|U|24|||||053|||||128|||||000415|A|13205|99999|99999|28590|00701|28604|0|1005|Block 1005|S||103|49|+43.0282531|-076.1506455|BK||99999
DHCST|NY|100|00|00|000|00|0214056|1000000US360670053001006|360670053001006|1|2|36|01779796|067|H1|00974132|73000|C5|00979539|99999|99|99999999||||99999|99|99999999|73000|C5|00979539|005300|1|1006|9999|9|99999|99|99999999|999|99999|99|99999999|999999|9|99999|99|99999999|45060|1|532|99999|99999|9|999|99999|Y|N|86302|U|U|24|||||053|||||128|||||000415|A|13205|99999|99999|28590|00701|18544|0|1006|Block 1006|S||54|27|+43.0289218|-076.1480391|BK||99999
DHCST|NY|100|00|00|000|00|0214057|1000000US360670053001007|360670053001007|1|2|36|01779796|067|H1|00974132|73000|C5|00979539|99999|99|99999999||||99999|99|99999999|73000|C5|00979539|005300|1|1007|9999|9|99999|99|99999999|999|99999|99|99999999|999999|9|99999|99|99999999|45060|1|532|99999|99999|9|999|99999|Y|N|86302|U|U|24|||||053|||||128|||||000415|A|13205|99999|99999|28590|00701|16931|0|1007|Block 1007|S||24|10|+43.0290067|-076.1442038|BK||99999
DHCST|NY|100|00|00|000|00|0214058|1000000US360670053001008|360670053001008|1|2|36|01779796|067|H1|00974132|73000|C5|00979539|99999|99|99999999||||99999|99|99999999|73000|C5|00979539|005300|1|1008|9999|9|99999|99|99999999|999|99999|99|99999999|999999|9|99999|99|99999999|45060|1|532|99999|99999|9|999|99999|Y|N|86302|U|U|24|||||053|||||128|||||000415|A|13205|99999|99999|28590|00701|18117|0|1008|Block 1008|S||51|22|+43.0290936|-076.1429428|BK||99999
DHCST|NY|100|00|00|000|00|0214059|1000000US360670053002000|360670053002000|1|2|36|01779796|067|H1|00974132|73000|C5|00979539|99999|99|99999999||||99999|99|99999999|73000|C5|00979539|005300|2|2000|9999|9|99999|99|99999999|999|99999|99|99999999|999999|9|99999|99|99999999|45060|1|532|99999|99999|9|999|99999|Y|N|86302|U|U|24|||||053|||||128|||||000414|A|13202|99999|99999|28590|00701|15479|0|2000|Block 2000|S||0|0|+43.0350515|-076.1435956|BK||99999
DHCST|NY|100|00|00|000|00|0214060|1000000US360670053002001|360670053002001|1|2|36|01779796|067|H1|00974132|73000|C5|00979539|99999|99|99999999||||99999|99|99999999|73000|C5|00979539|005300|2|2001|9999|9|99999|99|99999999|999|99999|99|99999999|999999|9|99999|99|99999999|45060|1|532|99999|99999|9|999|99999|Y|N|86302|U|U|24|||||053|||||128|||||000414|A|13202|99999|99999|28590|00701|15649|0|2001|Block 2001|S||0|0|+43.0347830|-076.1447739|BK||99999
DHCST|NY|100|00|00|000|00|0214061|1000000US360670053002002|360670053002002|1|2|36|01779796|067|H1|00974132|73000|C5|00979539|99999|99|99999999||||99999|99|99999999|73000|C5|00979539|005300|2|2002|9999|9|99999|99|99999999|999|99999|99|99999999|999999|9|99999|99|99999999|45060|1|532|99999|99999|9|999|99999|Y|N|86302|U|U|24|||||053|||||128|||||000414|A|13202|99999|99999|28590|00701|29652|0|2002|Block 2002|S||381|88|+43.0346087|-076.1462284|BK||99999
DHCST|NY|100|00|00|000|00|0214062|1000000US360670053002003|360670053002003|1|2|36|01779796|067|H1|00974132|73000|C5|00979539|99999|99|99999999||||99999|99|99999999|73000|C5|00979539|005300|2|2003|9999|9|99999|99|99999999|999|99999|99|99999999|999999|9|99999|99|99999999|45060|1|532|99999|99999|9|999|99999|Y|N|86302|U|U|24|||||053|||||128|||||000414|A|13202|99999|99999|28590|00701|43972|0|2003|Block 2003|S||0|0|+43.0343737|-076.1481967|BK||99999
DHCST|NY|100|00|00|000|00|0214063|1000000US360670053002004|360670053002004|1|2|36|01779796|067|H1|00974132|73000|C5|00979539|99999|99|99999999||||99999|99|99999999|73000|C5|00979539|005300|2|2004|9999|9|99999|99|99999999|999|99999|99|99999999|999999|9|99999|99|99999999|45060|1|532|99999|99999|9|999|99999|Y|N|86302|U|U|24|||||053|||||128|||||000414|A|13205|99999|99999|28590|00701|64141|0|2004|Block 2004|S||54|44|+43.0344345|-076.1503240|BK||99999
DHCST|NY|100|00|00|000|00|0214064|1000000US360670053002005|360670053002005|1|2|36|01779796|067|H1|00974132|73000|C5|00979539|99999|99|99999999||||99999|99|99999999|73000|C5|00979539|005300|2|2005|9999|9|99999|99|99999999|999|99999|99|99999999|999999|9|99999|99|99999999|45060|1|532|99999|99999|9|999|99999|Y|N|86302|U|U|24|||||053|||||128|||||000415|A|13205|99999|99999|28590|00701|47064|0|2005|Block 2005|S||281|71|+43.0320183|-076.1473147|BK||99999
DHCST|NY|100|00|00|000|00|0214065|1000000US360670053002006|360670053002006|1|2|36|01779796|067|H1|00974132|73000|C5|00979539|99999|99|99999999||||99999|99|99999999|73000|C5|00979539|005300|2|2006|9999|9|99999|99|99999999|999|99999|99|99999999|999999|9|99999|99|99999999|45060|1|532|99999|99999|9|999|99999|Y|N|86302|U|U|24|||||053|||||128|||||000415|A|13205|99999|99999|28590|00701|42331|0|2006|Block 2006|S||62|33|+43.0324615|-076.1455325|BK||99999
DHCST|NY|100|00|00|000|00|0214066|1000000US360670053002007|360670053002007|1|2|36|01779796|067|H1|00974132|73000|C5|00979539|99999|99|99999999||||99999|99|99999999|73000|C5|00979539|005300|2|2007|9999|9|99999|99|99999999|999|99999|99|99999999|999999|9|99999|99|99999999|45060|1|532|99999|99999|9|999|99999|Y|N|86302|U|U|24|||||053|||||128|||||000415|A|13205|99999|99999|28590|00701|33194|0|2007|Block 2007|S||33|18|+43.0328468|-076.1440163|BK||99999
DHCST|NY|100|00|00|000|00|0214067|1000000US360670053002008|360670053002008|1|2|36|01779796|067|H1|00974132|73000|C5|00979539|99999|99|99999999||||99999|99|99999999|73000|C5|00979539|005300|2|2008|9999|9|99999|99|99999999|999|99999|99|99999999|999999|9|99999|99|99999999|45060|1|532|99999|99999|9|999|99999|Y|N|86302|U|U|24|||||053|||||128|||||000415|A|13205|99999|99999|28590|00701|36438|0|2008|Block 2008|S||60|16|+43.0320695|-076.1427985|BK||99999
DHCST|NY|100|00|00|000|00|0214068|1000000US360670053002009|360670053002009|1|2|36|01779796|067|H1|00974132|73000|C5|00979539|99999|99|99999999||||99999|99|99999999|73000|C5|00979539|005300|2|2009|9999|9|99999|99|99999999|999|99999|99|99999999|999999|9|99999|99|99999999|45060|1|532|99999|99999|9|999|99999|Y|N|86302|U|U|24|||||053|||||128|||||000415|A|13205|99999|99999|28590|00701|62062|0|2009|Block 2009|S||203|53|+43.0317782|-076.1510637|BK||99999
DHCST|NY|100|00|00|000|00|0214069|1000000US360670053002010|360670053002010|1|2|36|01779796|067|H1|00974132|73000|C5|00979539|99999|99|99999999||||99999|99|99999999|73000|C5|00979539|005300|2|2010|9999|9|99999|99|99999999|999|99999|99|99999999|999999|9|99999|99|99999999|45060|1|532|99999|99999|9|999|99999|Y|N|86302|U|U|24|||||053|||||128|||||000414|A|13205|99999|99999|28590|00701|10099|0|2010|Block 2010|S||22|7|+43.0325285|-076.1518566|BK||99999
DHCST|NY|100|00|00|000|00|0214070|1000000US360670053002011|360670053002011|1|2|36|01779796|067|H1|00974132|73000|C5|00979539|99999|99|99999999||||99999|99|99999999|73000|C5|00979539|005300|2|2011|9999|9|99999|99|99999999|999|99999|99|99999999|999999|9|99999|99|99999999|45060|1|532|99999|99999|9|999|99999|Y|N|86302|U|U|24|||||053|||||128|||||000415|A|13205|99999|99999|28590|00701|60778|0|2011|Block 2011|S||105|43|+43.0305843|-076.1505557|BK||99999
DHCST|NY|100|00|00|000|00|0214071|1000000US360670053002012|360670053002012|1|2|36|01779796|067|H1|00974132|73000|C5|00979539|99999|99|99999999||||99999|99|99999999|73000|C5|00979539|005300|2|2012|9999|9|99999|99|99999999|999|99999|99|99999999|999999|9|99999|99|99999999|45060|1|532|99999|99999|9|999|99999|Y|N|86302|U|U|24|||||053|||||128|||||000414|A|13202|99999|99999|28590|00701|11409|0|2012|Block 2012|S||9|12|+43.0332479|-076.1517518|BK||99999
DHCST|NY|100|00|00|000|00|0214072|1000000US360670054001000|360670054001000|1|2|36|01779796|067|H1|00974132|73000|C5|00979539|99999|99|99999999||||99999|99|99999999|73000|C5|00979539|005400|1|1000|9999|9|99999|99|99999999|999|99999|99|99999999|999999|9|99999|99|99999999|45060|1|532|99999|99999|9|999|99999|Y|N|86302|U|U|24|||||053|||||128|||||000420|A|13205|99999|99999|28590|00701|37365|0|1000|Block 1000|S||80|44|+43.0278286|-076.1414344|BK||99999
DHCST|NY|100|00|00|000|00|0214073|1000000US360670054001001|360670054001001|1|2|36|01779796|067|H1|00974132|73000|C5|00979539|99999|99|99999999||||99999|99|99999999|73000|C5|00979539|005400|1|1001|9999|9|99999|99|99999999|999|99999|99|99999999|999999|9|99999|99|99999999|45060|1|532|99999|99999|9|999|99999|Y|N|86302|U|U|24|||||053|||||128|||||000420|A|13205|99999|99999|28590|00701|15418|0|1001|Block 1001|S||76|23|+43.0275357|-076.1425103|BK||99999
DHCST|NY|100|00|00|000|00|0214074|1000000US360670054001002|360670054001002|1|2|36|01779796|067|H1|00974132|73000|C5|00979539|99999|99|99999999||||99999|99|99999999|73000|C5|00979539|005400|1|1002|9999|9|99999|99|99999999|999|99999|99|99999999|999999|9|99999|99|99999999|45060|1|532|99999|99999|9|999|99999|Y|N|86302|U|U|24|||||053|||||128|||||000420|A|13205|99999|99999|28590|00701|15739|0|1002|Block 1002|S||55|33|+43.0274651|-076.1435564|BK||99999
DHCST|NY|100|00|00|000|00|0214075|1000000US360670054001003|360670054001003|1|2|36|01779796|067|H1|00974132|73000|C5|00979539|99999|99|99999999||||99999|99|99999999|73000|C5|00979539|005400|1|1003|9999|9|99999|99|99999999|999|99999|99|99999999|999999|9|99999|99|99999999|45060|1|532|99999|99999|9|999|99999|Y|N|86302|U|U|24|||||053|||||128|||||000420|A|13205|99999|99999|28590|00701|15563|0|1003|Block 1003|S||38|18|+43.0276483|-076.1453001|BK||99999
DHCST|NY|100|00|00|000|00|0214076|1000000US360670054001004|360670054001004|1|2|36|01779796|067|H1|00974132|73000|C5|00979539|99999|99|99999999||||99999|99|99999999|73000|C5|00979539|005400|1|1004|9999|9|99999|99|99999999|999|99999|99|99999999|999999|9|99999|99|99999999|45060|1|532|99999|99999|9|999|99999|Y|N|86302|U|U|24|||||053|||||128|||||000417|A|13205|99999|99999|28590|00701|17921|0|1004|Block 1004|S||90|37|+43.0280490|-076.1476237|BK||99999
DHCST|NY|100|00|00|000|00|0214077|1000000US360670054001005|360670054001005|1|2|36|01779796|067|H1|00974132|73000|C5|00979539|99999|99|99999999||||99999|99|99999999|73000|C5|00979539|005400|1|1005|9999|9|99999|99|99999999|999|99999|99|99999999|999999|9|99999|99|99999999|45060|1|532|99999|99999|9|999|99999|Y|N|86302|U|U|24|||||053|||||128|||||000417|A|13205|99999|99999|28590|00701|28108|0|1005|Block 1005|S||111|43|+43.0273701|-076.1502736|BK||99999
DHCST|NY|100|00|00|000|00|0214078|1000000US360670054001006|360670054001006|1|2|36|01779796|067|H1|00974132|73000|C5|00979539|99999|99|99999999||||99999|99|99999999|73000|C5|00979539|005400|1|1006|9999|9|99999|99|99999999|999|99999|99|99999999|999999|9|99999|99|99999999|45060|1|532|99999|99999|9|999|99999|Y|N|86302|U|U|24|||||053|||||128|||||000417|A|13205|99999|99999|28590|00701|28915|0|1006|Block 1006|S||114|43|+43.0265030|-076.1499080|BK||99999
DHCST|NY|100|00|00|000|00|0214079|1000000US360670054001007|360670054001007|1|2|36|01779796|067|H1|00974132|73000|C5|00979539|99999|99|99999999||||99999|99|99999999|73000|C5|00979539|005400|1|1007|9999|9|99999|99|99999999|999|99999|99|99999999|999999|9|99999|99|99999999|45060|1|532|99999|99999|9|999|99999|Y|N|86302|U|U|24|||||053|||||128|||||000417|A|13205|99999|99999|28590|00701|17949|0|1007|Block 1007|S||55|36|+43.0271898|-076.1472183|BK||99999
DHCST|NY|100|00|00|000|00|0214080|1000000US360670054001008|360670054001008|1|2|36|01779796|067|H1|00974132|73000|C5|00979539|99999|99|99999999||||99999|99|99999999|73000|C5|00979539|005400|1|1008|9999|9|99999|99|99999999|999|99999|99|99999999|999999|9|99999|99|99999999|45060|1|532|99999|99999|9|999|99999|Y|N|86302|U|U|24|||||053|||||128|||||000417|A|13205|99999|99999|28590|00701|32256|0|1008|Block 1008|S||191|90|+43.0261341|-076.1477461|BK||99999
DHCST|NY|100|00|00|000|00|0214081|1000000US360670054001009|360670054001009|1|2|36|01779796|067|H1|00974132|73000|C5|00979539|99999|99|99999999||||99999|99|99999999|73000|C5|00979539|005400|1|1009|9999|9|99999|99|99999999|999|99999|99|99999999|999999|9|99999|99|99999999|45060|1|532|99999|99999|9|999|99999|Y|N|86302|U|U|24|||||053|||||128|||||000420|A|13205|99999|99999|28590|00701|13121|0|1009|Block 1009|S||63|19|+43.0264307|-076.1451927|BK||99999
DHCST|NY|100|00|00|000|00|0214082|1000000US360670054001010|360670054001010|1|2|36|01779796|067|H1|00974132|73000|C5|00979539|99999|99|99999999||||99999|99|99999999|73000|C5|00979539|005400|1|1010|9999|9|99999|99|99999999|999|99999|99|99999999|999999|9|99999|99|99999999|45060|1|532|99999|99999|9|999|99999|Y|N|86302|U|U|24|||||053|||||128|||||000420|A|13205|99999|99999|28590|00701|14944|0|1010|Block 1010|S||39|20|+43.0265911|-076.1442060|BK||99999
DHCST|NY|100|00|00|000|00|0214083|1000000US360670054001011|360670054001011|1|2|36|01779796|067|H1|00974132|73000|C5|00979539|99999|99|99999999||||99999|99|99999999|73000|C5|00979539|005400|1|1011|9999|9|99999|99|99999999|999|99999|99|99999999|999999|9|99999|99|99999999|45060|1|532|99999|99999|9|999|99999|Y|N|86302|U|U|24|||||053|||||128|||||000420|A|13205|99999|99999|28590|00701|11303|0|1011|Block 1011|S||48|13|+43.0263269|-076.1426322|BK||99999
DHCST|NY|100|00|00|000|00|0214084|1000000US360670054001012|360670054001012|1|2|36|01779796|067|H1|00974132|73000|C5|00979539|99999|99|99999999||||99999|99|99999999|73000|C5|00979539|005400|1|1012|9999|9|99999|99|99999999|999|99999|99|99999999|999999|9|99999|99|99999999|45060|1|532|99999|99999|9|999|99999|Y|N|86302|U|U|24|||||053|||||128|||||000417|A|13205|99999|99999|28590|00701|28764|0|1012|Block 1012|S||137|41|+43.0253614|-076.1475378|BK||99999
DHCST|NY|100|00|00|000|00|0214085|1000000US360670054001013|360670054001013|1|2|36|01779796|067|H1|00974132|73000|C5|00979539|99999|99|99999999||||99999|99|99999999|73000|C5|00979539|005400|1|1013|9999|9|99999|99|99999999|999|99999|99|99999999|999999|9|99999|99|99999999|45060|1|532|99999|99999|9|999|99999|Y|N|86302|U|U|24|||||053|||||128|||||000417|A|13205|99999|99999|28590|00701|20697|0|1013|Block 1013|S||54|25|+43.0250795|-076.1504049|BK||99999
DHCST|NY|100|00|00|000|00|0214086|1000000US360670054002000|360670054002000|1|2|36|01779796|067|H1|00974132|73000|C5|00979539|99999|99|99999999||||99999|99|99999999|73000|C5|00979539|005400|2|2000|9999|9|99999|99|99999999|999|99999|99|99999999|999999|9|99999|99|99999999|45060|1|532|99999|99999|9|999|99999|Y|N|86302|U|U|24|||||053|||||128|||||000420|A|13205|99999|99999|28590|00701|56255|0|2000|Block 2000|S||124|67|+43.0239079|-076.1412816|BK||99999
DHCST|NY|100|00|00|000|00|0214087|1000000US360670054002001|360670054002001|1|2|36|01779796|067|H1|00974132|73000|C5|00979539|99999|99|99999999||||99999|99|99999999|73000|C5|00979539|005400|2|2001|9999|9|99999|99|99999999|999|99999|99|99999999|999999|9|99999|99|99999999|45060|1|532|99999|99999|9|999|99999|Y|N|86302|U|U|24|||||053|||||128|||||000420|A|13205|99999|99999|28590|00701|7095|0|2001|Block 2001|S||46|13|+43.0256188|-076.1408391|BK||99999
DHCST|NY|100|00|00|000|00|0214088|1000000US360670054002002|360670054002002|1|2|36|01779796|067|H1|00974132|73000|C5|00979539|99999|99|99999999||||99999|99|99999999|73000|C5|00979539|005400|2|2002|9999|9|99999|99|99999999|999|99999|99|99999999|999999|9|99999|99|99999999|45060|1|532|99999|99999|9|999|99999|Y|N|86302|U|U|24|||||053|||||128|||||000420|A|13205|99999|99999|28590|00701|16768|0|2002|Block 2002|S||84|31|+43.0255570|-076.1421479|BK||99999
DHCST|NY|100|00|00|000|00|0214089|1000000US360670054002003|360670054002003|1|2|36|01779796|067|H1|00974132|73000|C5|00979539|99999|99|99999999||||99999|99|99999999|73000|C5|00979539|005400|2|2003|9999|9|99999|99|99999999|999|99999|99|99999999|999999|9|99999|99|99999999|45060|1|532|99999|99999|9|999|99999|Y|N|86302|U|U|24|||||053|||||128|||||000420|A|13205|99999|99999|28590|00701|15863|0|2003|Block 2003|S||32|20|+43.0253640|-076.1441249|BK||99999
DHCST|NY|100|00|00|000|00|0214090|1000000US360670054002004|360670054002004|1|2|36|01779796|067|H1|00974132|73000|C5|00979539|99999|99|99999999||||99999|99|99999999|73000|C5|00979539|005400|2|2004|9999|9|99999|99|99999999|999|99999|99|99999999|999999|9|99999|99|99999999|45060|1|532|99999|99999|9|999|99999|Y|N|86302|U|U|24|||||053|||||129|||||000377|A|13205|99999|99999|28590|00701|11139|0|2004|Block 2004|S||0|0|+43.0216312|-076.1406955|BK||99999
DHCST|NY|100|00|00|000|00|0214091|1000000US360670054002005|360670054002005|1|2|36|01779796|067|H1|00974132|73000|C5|00979539|99999|99|99999999||||99999|99|99999999|73000|C5|00979539|005400|2|2005|9999|9|99999|99|99999999|999|99999|99|99999999|999999|9|99999|99|99999999|45060|1|532|99999|99999|9|999|99999|Y|N|86302|U|U|24|||||053|||||128|||||000420|A|13205|99999|99999|28590|00701|16541|0|2005|Block 2005|S||60|31|+43.0210113|-076.1420363|BK||99999
DHCST|NY|100|00|00|000|00|0214092|1000000US360670054002006|360670054002006|1|2|36|01779796|067|H1|00974132|73000|C5|00979539|99999|99|99999999||||99999|99|99999999|73000|C5|00979539|005400|2|2006|9999|9|99999|99|99999999|999|99999|99|99999999|999999|9|99999|99|99999999|45060|1|532|99999|99999|9|999|99999|Y|N|86302|U|U|24|||||053|||||128|||||000417|A|13205|99999|99999|28590|00701|27135|0|2006|Block 2006|S||0|0|+43.0214642|-076.1441917|BK||99999
DHCST|NY|100|00|00|000|00|0214093|1000000US360670054002007|360670054002007|1|2|36|01779796|067|H1|00974132|73000|C5|00979539|99999|99|99999999||||99999|99|99999999|73000|C5|00979539|005400|2|2007|9999|9|99999|99|99999999|999|99999|99|99999999|999999|9|99999|99|99999999|45060|1|532|99999|99999|9|999|99999|Y|N|86302|U|U|24|||||053|||||128|||||000417|A|13205|99999|99999|28590|00701|35458|0|2007|Block 2007|S||54|21|+43.0238512|-076.1451402|BK||99999
DHCST|NY|100|00|00|000|00|0214094|1000000US360670054002008|360670054002008|1|2|36|01779796|067|H1|00974132|73000|C5|00979539|99999|99|99999999||||99999|99|99999999|73000|C5|00979539|005400|2|2008|9999|9|99999|99|99999999|999|99999|99|99999999|999999|9|99999|99|99999999|45060|1|532|99999|99999|9|999|99999|Y|N|86302|U|U|24|||||053|||||128|||||000417|A|13205|99999|99999|28590|00701|33858|0|2008|Block 2008|S||97|46|+43.0237300|-076.1464236|BK||99999
DHCST|NY|100|00|00|000|00|0214095|1000000US360670054002009|360670054002009|1|2|36|01779796|067|H1|00974132|73000|C5|00979539|99999|99|99999999||||99999|99|99999999|73000|C5|00979539|005400|2|2009|9999|9|99999|99|99999999|999|99999|99|99999999|999999|9|99999|99|99999999|45060|1|532|99999|99999|9|999|99999|Y|N|86302|U|U|24|||||053|||||128|||||000417|A|13205|99999|99999|28590|00701|32217|0|2009|Block 2009|S||81|36|+43.0240740|-076.1489966|BK||99999
DHCST|NY|100|00|00|000|00|0214096|1000000US360670054002010|360670054002010|1|2|36|01779796|067|H1|00974132|73000|C5|00979539|99999|99|99999999||||99999|99|99999999|73000|C5|00979539|005400|2|2010|9999|9|99999|99|99999999|999|99999|99|99999999|999999|9|99999|99|99999999|45060|1|532|99999|99999|9|999|99999|Y|N|86302|U|U|24|||||053|||||128|||||000417|A|13205|99999|99999|28590|00701|26762|0|2010|Block 2010|S||138|63|+43.0231614|-076.1486703|BK||99999
DHCST|NY|100|00|00|000|00|0214097|1000000US360670054002011|360670054002011|1|2|36|01779796|067|H1|00974132|73000|C5|00979539|99999|99|99999999||||99999|99|99999999|73000|C5|00979539|005400|2|2011|9999|9|99999|99|99999999|999|99999|99|99999999|999999|9|99999|99|99999999|45060|1|532|99999|99999|9|999|99999|Y|N|86302|U|U|24|||||053|||||128|||||000417|A|13205|99999|99999|28590|00701|21617|0|2011|Block 2011|S||116|46|+43.0224371|-076.1483047|BK||99999
DHCST|NY|100|00|00|000|00|0214098|1000000US360670054002012|360670054002012|1|2|36|01779796|067|H1|00974132|73000|C5|00979539|99999|99|99999999||||99999|99|99999999|73000|C5|00979539|005400|2|2012|9999|9|99999|99|99999999|999|99999|99|99999999|999999|9|99999|99|99999999|45060|1|532|99999|99999|9|999|99999|Y|N|86302|U|U|24|||||053|||||128|||||000417|A|13205|99999|99999|28590|00701|28900|0|2012|Block 2012|S||120|48|+43.0216153|-076.1481395|BK||99999
DHCST|NY|100|00|00|000|00|0214099|1000000US360670054002013|360670054002013|1|2|36|01779796|067|H1|00974132|73000|C5|00979539|99999|99|99999999||||99999|99|99999999|73000|C5|00979539|005400|2|2013|9999|9|99999|99|99999999|999|99999|99|99999999|999999|9|99999|99|99999999|45060|1|532|99999|99999|9|999|99999|Y|N|86302|U|U|24|||||053|||||128|||||000417|A|13205|99999|99999|28590|00701|25311|0|2013|Block 2013|S||61|35|+43.0213656|-076.1457156|BK||99999
DHCST|NY|100|00|00|000|00|0214100|1000000US360670054002014|360670054002014|1|2|36|01779796|067|H1|00974132|73000|C5|00979539|99999|99|99999999||||99999|99|99999999|73000|C5|00979539|005400|2|2014|9999|9|99999|99|99999999|999|99999|99|99999999|999999|9|99999|99|99999999|45060|1|532|99999|99999|9|999|99999|Y|N|86302|U|U|24|||||053|||||128|||||000417|A|13205|99999|99999|28590|00701|28039|0|2014|Block 2014|S||70|41|+43.0206613|-076.1478942|BK||99999
DHCST|NY|100|00|00|000|00|0214101|1000000US360670054002015|360670054002015|1|2|36|01779796|067|H1|00974132|73000|C5|00979539|99999|99|99999999||||99999|99|99999999|73000|C5|00979539|005400|2|2015|9999|9|99999|99|99999999|999|99999|99|99999999|999999|9|99999|99|99999999|45060|1|532|99999|99999|9|999|99999|Y|N|86302|U|U|24|||||053|||||128|||||000420|A|13205|99999|99999|28590|00701|16851|0|2015|Block 2015|S||32|15|+43.0227853|-076.1429251|BK||99999
DHCST|NY|100|00|00|000|00|0214102|1000000US360670054002016|360670054002016|1|2|36|01779796|067|H1|00974132|73000|C5|00979539|99999|99|99999999||||99999|99|99999999|73000|C5|00979539|005400|2|2016|9999|9|99999|99|99999999|999|99999|99|99999999|999999|9|99999|99|99999999|45060|1|532|99999|99999|9|999|99999|Y|N|86302|U|U|24|||||053|||||128|||||000420|A|13205|99999|99999|28590|00701|15760|0|2016|Block 2016|S||51|22|+43.0236361|-076.1433270|BK||99999
DHCST|NY|100|00|00|000|00|0214103|1000000US360670054002017|360670054002017|1|2|36|01779796|067|H1|00974132|73000|C5|00979539|99999|99|99999999||||99999|99|99999999|73000|C5|00979539|005400|2|2017|9999|9|99999|99|99999999|999|99999|99|99999999|999999|9|99999|99|99999999|45060|1|532|99999|99999|9|999|99999|Y|N|86302|U|U|24|||||053|||||128|||||000420|A|13205|99999|99999|28590|00701|17095|0|2017|Block 2017|S||44|25|+43.0244967|-076.1437198|BK||99999
DHCST|NY|100|00|00|000|00|0214104|1000000US360670054002018|360670054002018|1|2|36|01779796|067|H1|00974132|73000|C5|00979539|99999|99|99999999||||99999|99|99999999|73000|C5|00979539|005400|2|2018|9999|9|99999|99|99999999|999|99999|99|99999999|999999|9|99999|99|99999999|45060|1|532|99999|99999|9|999|99999|Y|N|86302|U|U|24|||||053|||||128|||||000420|A|13205|99999|99999|28590|00701|16999|0|2018|Block 2018|S||42|17|+43.0218992|-076.1424985|BK||99999
DHCST|NY|100|00|00|000|00|0214105|1000000US360670055001000|360670055001000|1|2|36|01779796|067|H1|00974132|73000|C5|00979539|99999|99|99999999||||99999|99|99999999|73000|C5|00979539|005500|1|1000|9999|9|99999|99|99999999|999|99999|99|99999999|999999|9|99999|99|99999999|45060|1|532|99999|99999|9|999|99999|Y|N|86302|U|U|24|||||053|||||129|||||000377|A|13210|99999|99999|28590|00701|797235|0|1000|Block 1000|S||322|212|+43.0297325|-076.1348815|BK||99999
DHCST|NY|100|00|00|000|00|0214106|1000000US360670055001001|360670055001001|1|2|36|01779796|067|H1|00974132|73000|C5|00979539|99999|99|99999999||||99999|99|99999999|73000|C5|00979539|005500|1|1001|9999|9|99999|99|99999999|999|99999|99|99999999|999999|9|99999|99|99999999|45060|1|532|99999|99999|9|999|99999|Y|N|86302|U|U|24|||||053|||||129|||||000377|A|13210|99999|99999|28590|00701|11792|0|1001|Block 1001|S||24|14|+43.0245393|-076.1314216|BK||99999
DHCST|NY|100|00|00|000|00|0214107|1000000US360670055001002|360670055001002|1|2|36|01779796|067|H1|00974132|73000|C5|00979539|99999|99|99999999||||99999|99|99999999|73000|C5|00979539|005500|1|1002|9999|9|99999|99|99999999|999|99999|99|99999999|999999|9|99999|99|99999999|45060|1|532|99999|99999|9|999|99999|Y|N|86302|U|U|24|||||053|||||129|||||000377|A|13210|99999|99999|28590|00701|13470|0|1002|Block 1002|S||83|31|+43.0258428|-076.1318051|BK||99999
DHCST|NY|100|00|00|000|00|0214108|1000000US360670055001003|360670055001003|1|2|36|01779796|067|H1|00974132|73000|C5|00979539|99999|99|99999999||||99999|99|99999999|73000|C5|00979539|005500|1|1003|9999|9|99999|99|99999999|999|99999|99|99999999|999999|9|99999|99|99999999|45060|1|532|99999|99999|9|999|99999|Y|N|86302|U|U|24|||||053|||||129|||||000377|A|13210|99999|99999|28590|00701|12172|0|1003|Block 1003|S||27|18|+43.0260589|-076.1328137|BK||99999
DHCST|NY|100|00|00|000|00|0214109|1000000US360670055001004|360670055001004|1|2|36|01779796|067|H1|00974132|73000|C5|00979539|99999|99|99999999||||99999|99|99999999|73000|C5|00979539|005500|1|1004|9999|9|99999|99|99999999|999|99999|99|99999999|999999|9|99999|99|99999999|45060|1|532|99999|99999|9|999|99999|Y|N|86302|U|U|24|||||053|||||129|||||000377|A|13210|99999|99999|28590|00701|31034|0|1004|Block 1004|S||0|0|+43.0297552|-076.1410806|BK||99999
DHCST|NY|100|00|00|000|00|0214110|1000000US360670055001005|360670055001005|1|2|36|01779796|067|H1|00974132|73000|C5|00979539|99999|99|99999999||||99999|99|99999999|73000|C5|00979539|005500|1|1005|9999|9|99999|99|99999999|999|99999|99|99999999|999999|9|99999|99|99999999|45060|1|532|99999|99999|9|999|99999|Y|N|86302|U|U|24|||||053|||||129|||||000377|A|13210|99999|99999|28590|00701|12575|0|1005|Block 1005|S||0|0|+43.0298664|-076.1414683|BK||99999
DHCST|NY|100|00|00|000|00|0214111|1000000US360670055001006|360670055001006|1|2|36|01779796|067|H1|00974132|73000|C5|00979539|99999|99|99999999||||99999|99|99999999|73000|C5|00979539|005500|1|1006|9999|9|99999|99|99999999|999|99999|99|99999999|999999|9|99999|99|99999999|45060|1|532|99999|99999|9|999|99999|Y|N|86302|U|U|24|||||053|||||129|||||000377|A|13210|99999|99999|28590|00701|42443|0|1006|Block 1006|S||39|18|+43.0228343|-076.1294545|BK||99999
DHCST|NY|100|00|00|000|00|0214112|1000000US360670055001007|360670055001007|1|2|36|01779796|067|H1|00974132|73000|C5|00979539|99999|99|99999999||||99999|99|99999999|73000|C5|00979539|005500|1|1007|9999|9|99999|99|99999999|999|99999|99|99999999|999999|9|99999|99|99999999|45060|1|532|99999|99999|9|999|99999|Y|N|86302|U|U|24|||||053|||||129|||||000377|A|13210|99999|99999|28590|00701|22333|0|1007|Block 1007|S||87|33|+43.0227599|-076.1307156|BK||99999
DHCST|NY|100|00|00|000|00|0214113|1000000US360670055001008|360670055001008|1|2|36|01779796|067|H1|00974132|73000|C5|00979539|99999|99|99999999||||99999|99|99999999|73000|C5|00979539|005500|1|1008|9999|9|99999|99|99999999|999|99999|99|99999999|999999|9|99999|99|99999999|45060|1|532|99999|99999|9|999|99999|Y|N|86302|U|U|24|||||053|||||129|||||000377|A|13210|99999|99999|28590|00701|22753|0|1008|Block 1008|S||102|40|+43.0227793|-076.1316231|BK||99999
DHCST|NY|100|00|00|000|00|0214114|1000000US360670055001009|360670055001009|1|2|36|01779796|067|H1|00974132|73000|C5|00979539|99999|99|99999999||||99999|99|99999999|73000|C5|00979539|005500|1|1009|9999|9|99999|99|99999999|999|99999|99|99999999|999999|9|99999|99|99999999|45060|1|532|99999|99999|9|999|99999|Y|N|86302|U|U|24|||||053|||||129|||||000377|A|13210|99999|99999|28590|00701|102031|0|1009|Block 1009|S||95|51|+43.0239438|-076.1336094|BK||99999
DHCST|NY|100|00|00|000|00|0214115|1000000US360670055002000|360670055002000|1|2|36|01779796|067|H1|00974132|73000|C5|00979539|99999|99|99999999||||99999|99|99999999|73000|C5|00979539|005500|2|2000|9999|9|99999|99|99999999|999|99999|99|99999999|999999|9|99999|99|99999999|45060|1|532|99999|99999|9|999|99999|Y|N|86302|U|U|24|||||053|||||129|||||000377|A|13210|99999|99999|28590|00701|88227|0|2000|Block 2000|S||420|270|+43.0235439|-076.1356795|BK||99999
DHCST|NY|100|00|00|000|00|0214116|1000000US360670055002001|360670055002001|1|2|36|01779796|067|H1|00974132|73000|C5|00979539|99999|99|99999999||||99999|99|99999999|73000|C5|00979539|005500|2|2001|9999|9|99999|99|99999999|999|99999|99|99999999|999999|9|99999|99|99999999|45060|1|532|99999|99999|9|999|99999|Y|N|86302|U|U|24|||||053|||||129|||||000377|A|13210|99999|99999|28590|00701|281227|0|2001|Block 2001|S||1071|516|+43.0210470|-076.1370830|BK||99999
DHCST|NY|100|00|00|000|00|0214117|1000000US360670055002002|360670055002002|1|2|36|01779796|067|H1|00974132|73000|C5|00979539|99999|99|99999999||||99999|99|99999999|73000|C5|00979539|005500|2|2002|9999|9|99999|99|99999999|999|99999|99|99999999|999999|9|99999|99|99999999|45060|1|532|99999|99999|9|999|99999|Y|N|86302|U|U|24|||||053|||||129|||||000377|A|13210|99999|99999|28590|00701|1094|0|2002|Block 2002|S||16|1|+43.0215520|-076.1358055|BK||99999
DHCST|NY|100|00|00|000|00|0214118|1000000US360670055002003|360670055002003|1|2|36|01779796|067|H1|00974132|73000|C5|00979539|99999|99|99999999||||99999|99|99999999|73000|C5|00979539|005500|2|2003|9999|9|99999|99|99999999|999|99999|99|99999999|999999|9|99999|99|99999999|45060|1|532|99999|99999|9|999|99999|Y|N|86302|U|U|24|||||053|||||129|||||000377|A|13210|99999|99999|28590|00701|30368|0|2003|Block 2003|S||115|51|+43.0247595|-076.1375580|BK||99999
DHCST|NY|100|00|00|000|00|0214119|1000000US360670055002004|360670055002004|1|2|36|01779796|067|H1|00974132|73000|C5|00979539|99999|99|99999999||||99999|99|99999999|73000|C5|00979539|005500|2|2004|9999|9|99999|99|99999999|999|99999|99|99999999|999999|9|99999|99|99999999|45060|1|532|99999|99999|9|999|99999|Y|N|86302|U|U|24|||||053|||||129|||||000377|A|13210|99999|99999|28590|00701|5456|0|2004|Block 2004|S||39|8|+43.0228680|-076.1373992|BK||99999
DHCST|NY|100|00|00|000|00|0214120|1000000US360670055002005|360670055002005|1|2|36|01779796|067|H1|00974132|73000|C5|00979539|99999|99|99999999||||99999|99|99999999|73000|C5|00979539|005500|2|2005|9999|9|99999|99|99999999|999|99999|99|99999999|999999|9|99999|99|99999999|45060|1|532|99999|99999|9|999|99999|Y|N|86302|U|U|24|||||053|||||129|||||000377|A|13210|99999|99999|28590|00701|67574|0|2005|Block 2005|S||82|46|+43.0196458|-076.1293868|BK||99999
DHCST|NY|100|00|00|000|00|0214121|1000000US360670055002006|360670055002006|1|2|36|01779796|067|H1|00974132|73000|C5|00979539|99999|99|99999999||||99999|99|99999999|73000|C5|00979539|005500|2|2006|9999|9|99999|99|99999999|999|99999|99|99999999|999999|9|99999|99|99999999|45060|1|532|99999|99999|9|999|99999|Y|N|86302|U|U|24|||||053|||||129|||||000377|A|13210|99999|99999|28590|00701|7689|0|2006|Block 2006|S||15|5|+43.0203230|-076.1302004|BK||99999
DHCST|NY|100|00|00|000|00|0214122|1000000US360670055002007|360670055002007|1|2|36|01779796|067|H1|00974132|73000|C5|00979539|99999|99|99999999||||99999|99|99999999|73000|C5|00979539|005500|2|2007|9999|9|99999|99|99999999|999|99999|99|99999999|999999|9|99999|99|99999999|45060|1|532|99999|99999|9|999|99999|Y|N|86302|U|U|24|||||053|||||129|||||000377|A|13210|99999|99999|28590|00701|31298|0|2007|Block 2007|S||49|28|+43.0197512|-076.1324133|BK||99999
DHCST|NY|100|00|00|000|00|0214123|1000000US360670055002008|360670055002008|1|2|36|01779796|067|H1|00974132|73000|C5|00979539|99999|99|99999999||||99999|99|99999999|73000|C5|00979539|005500|2|2008|9999|9|99999|99|99999999|999|99999|99|99999999|999999|9|99999|99|99999999|45060|1|532|99999|99999|9|999|99999|Y|N|86302|U|U|24|||||053|||||129|||||000377|A|13210|99999|99999|28590|00701|17360|0|2008|Block 2008|S||48|15|+43.0187295|-076.1293846|BK||99999
DHCST|NY|100|00|00|000|00|0214124|1000000US360670055002009|360670055002009|1|2|36|01779796|067|H1|00974132|73000|C5|00979539|99999|99|99999999||||99999|99|99999999|73000|C5|00979539|005500|2|2009|9999|9|99999|99|99999999|999|99999|99|99999999|999999|9|99999|99|99999999|45060|1|532|99999|99999|9|999|99999|Y|N|86302|U|U|24|||||053|||||129|||||000377|A|13210|99999|99999|28590|00701|25613|0|2009|Block 2009|S||55|19|+43.0174246|-076.1287588|BK||99999
DHCST|NY|100|00|00|000|00|0214125|1000000US360670055002010|360670055002010|1|2|36|01779796|067|H1|00974132|73000|C5|00979539|99999|99|99999999||||99999|99|99999999|73000|C5|00979539|005500|2|2010|9999|9|99999|99|99999999|999|99999|99|99999999|999999|9|99999|99|99999999|45060|1|532|99999|99999|9|999|99999|Y|N|86302|U|U|24|||||053|||||129|||||000377|A|13210|99999|99999|28590|00701|22770|0|2010|Block 2010|S||0|0|+43.0231820|-076.1399647|BK||99999
DHCST|NY|100|00|00|000|00|0214126|1000000US360670055002011|360670055002011|1|2|36|01779796|067|H1|00974132|73000|C5|00979539|99999|99|99999999||||99999|99|99999999|73000|C5|00979539|005500|2|2011|9999|9|99999|99|99999999|999|99999|99|99999999|999999|9|99999|99|99999999|45060|1|532|99999|99999|9|999|99999|Y|N|86302|U|U|24|||||053|||||129|||||000377|A|13210|99999|99999|28590|00701|11123|0|2011|Block 2011|S||0|0|+43.0232232|-076.1402512|BK||99999
DHCST|NY|100|00|00|000|00|0214127|1000000US360670055003000|360670055003000|1|2|36|01779796|067|H1|00974132|73000|C5|00979539|99999|99|99999999||||99999|99|99999999|73000|C5|00979539|005500|3|3000|9999|9|99999|99|99999999|999|99999|99|99999999|999999|9|99999|99|99999999|45060|1|532|99999|99999|9|999|99999|Y|N|86302|U|U|24|||||053|||||129|||||000377|A|13210|99999|99999|28590|00701|442702|0|3000|Block 3000|S||1066|743|+43.0145504|-076.1307914|BK||99999
DHCST|NY|100|00|00|000|00|0214128|1000000US360670055003001|360670055003001|1|2|36|01779796|067|H1|00974132|73000|C5|00979539|99999|99|99999999||||99999|99|99999999|73000|C5|00979539|005500|3|3001|9999|9|99999|99|99999999|999|99999|99|99999999|999999|9|99999|99|99999999|45060|1|532|99999|99999|9|999|99999|Y|N|86302|U|U|24|||||053|||||129|||||000377|A|13210|99999|99999|28590|00701|23459|0|3001|Block 3001|S||50|17|+43.0144460|-076.1276770|BK||99999
DHCST|NY|100|00|00|000|00|0214129|1000000US360670055003002|360670055003002|1|2|36|01779796|067|H1|00974132|73000|C5|00979539|99999|99|99999999||||99999|99|99999999|73000|C5|00979539|005500|3|3002|9999|9|99999|99|99999999|999|99999|99|99999999|999999|9|99999|99|99999999|45060|1|532|99999|99999|9|999|99999|Y|N|86302|U|U|24|||||053|||||129|||||000377|A|13210|99999|99999|28590|00701|78132|0|3002|Block 3002|S||296|159|+43.0163045|-076.1357093|BK||99999
DHCST|NY|100|00|00|000|00|0214130|1000000US360670055003003|360670055003003|1|2|36|01779796|067|H1|00974132|73000|C5|00979539|99999|99|99999999||||99999|99|99999999|73000|C5|00979539|005500|3|3003|9999|9|99999|99|99999999|999|99999|99|99999999|999999|9|99999|99|99999999|45060|1|532|99999|99999|9|999|99999|Y|N|86302|U|U|24|||||053|||||129|||||000377|A|13210|99999|99999|28590|00701|149560|0|3003|Block 3003|S||64|24|+43.0144077|-076.1367710|BK||99999
DHCST|NY|100|00|00|000|00|0214131|1000000US360670055003004|360670055003004|1|2|36|01779796|067|H1|00974132|73000|C5|00979539|99999|99|99999999||||99999|99|99999999|73000|C5|00979539|005500|3|3004|9999|9|99999|99|99999999|999|99999|99|99999999|999999|9|99999|99|99999999|45060|1|532|99999|99999|9|999|99999|Y|N|86302|U|U|24|||||053|||||129|||||000375|A|13205|99999|99999|28590|00701|105665|0|3004|Block 3004|S||555|1|+43.0159824|-076.1394181|BK||99999
DHCST|NY|100|00|00|000|00|0214132|1000000US360670055003005|360670055003005|1|2|36|01779796|067|H1|00974132|73000|C5|00979539|99999|99|99999999||||99999|99|99999999|73000|C5|00979539|005500|3|3005|9999|9|99999|99|99999999|999|99999|99|99999999|999999|9|99999|99|99999999|45060|1|532|99999|99999|9|999|99999|Y|N|86302|U|U|24|||||053|||||129|||||000375|A|13205|99999|99999|28590|00701|21382|0|3005|Block 3005|S||0|0|+43.0180792|-076.1402307|BK||99999
DHCST|NY|100|00|00|000|00|0214133|1000000US360670055003006|360670055003006|1|2|36|01779796|067|H1|00974132|73000|C5|00979539|99999|99|99999999||||99999|99|99999999|73000|C5|00979539|005500|3|3006|9999|9|99999|99|99999999|999|99999|99|99999999|999999|9|99999|99|99999999|45060|1|532|99999|99999|9|999|99999|Y|N|86302|U|U|24|||||053|||||129|||||000385|A|13205|99999|99999|28590|00701|30131|0|3006|Block 3006|S||0|0|+43.0089385|-076.1288845|BK||99999
DHCST|NY|100|00|00|000|00|0214134|1000000US360670055003007|360670055003007|1|2|36|01779796|067|H1|00974132|73000|C5|00979539|99999|99|99999999||||99999|99|99999999|73000|C5|00979539|005500|3|3007|9999|9|99999|99|99999999|999|99999|99|99999999|999999|9|99999|99|99999999|45060|1|532|99999|99999|9|999|99999|Y|N|86302|U|U|24|||||053|||||129|||||000377|A|13210|99999|99999|28590|00701|201040|0|3007|Block 3007|S||0|0|+43.0100671|-076.1275612|BK||99999
DHCST|NY|100|00|00|000|00|0214135|1000000US360670055003008|360670055003008|1|2|36|01779796|067|H1|00974132|73000|C5|00979539|99999|99|99999999||||99999|99|99999999|73000|C5|00979539|005500|3|3008|9999|9|99999|99|99999999|999|99999|99|99999999|999999|9|99999|99|99999999|45060|1|532|99999|99999|9|999|99999|Y|N|86302|U|U|24|||||053|||||129|||||000377|A|13210|99999|99999|28590|00701|24463|0|3008|Block 3008|S||34|3|+43.0119122|-076.1334197|BK||99999
DHCST|NY|100|00|00|000|00|0214136|1000000US360670056011000|360670056011000|1|2|36|01779796|067|H1|00974132|73000|C5|00979539|99999|99|99999999||||99999|99|99999999|73000|C5|00979539|005601|1|1000|9999|9|99999|99|99999999|999|99999|99|99999999|999999|9|99999|99|99999999|45060|1|532|99999|99999|9|999|99999|Y|N|86302|U|U|24|||||053|||||129|||||000419|A|13210|99999|99999|28590|00701|14106|0|1000|Block 1000|S||28|14|+43.0300040|-076.1121870|BK||99999
DHCST|NY|100|00|00|000|00|0214137|1000000US360670056011001|360670056011001|1|2|36|01779796|067|H1|00974132|73000|C5|00979539|99999|99|99999999||||99999|99|99999999|73000|C5|00979539|005601|1|1001|9999|9|99999|99|99999999|999|99999|99|99999999|999999|9|99999|99|99999999|45060|1|532|99999|99999|9|999|99999|Y|N|86302|U|U|24|||||053|||||129|||||000419|A|13210|99999|99999|28590|00701|13959|0|1001|Block 1001|S||26|14|+43.0299448|-076.1132796|BK||99999
DHCST|NY|100|00|00|000|00|0214138|1000000US360670056011002|360670056011002|1|2|36|01779796|067|H1|00974132|73000|C5|00979539|99999|99|99999999||||99999|99|99999999|73000|C5|00979539|005601|1|1002|9999|9|99999|99|99999999|999|99999|99|99999999|999999|9|99999|99|99999999|45060|1|532|99999|99999|9|999|99999|Y|N|86302|U|U|24|||||053|||||129|||||000419|A|13210|99999|99999|28590|00701|21500|0|1002|Block 1002|S||46|18|+43.0282343|-076.1120325|BK||99999
DHCST|NY|100|00|00|000|00|0214139|1000000US360670056011003|360670056011003|1|2|36|01779796|067|H1|00974132|73000|C5|00979539|99999|99|99999999||||99999|99|99999999|73000|C5|00979539|005601|1|1003|9999|9|99999|99|99999999|999|99999|99|99999999|999999|9|99999|99|99999999|45060|1|532|99999|99999|9|999|99999|Y|N|86302|U|U|24|||||053|||||129|||||000419|A|13210|99999|99999|28590|00701|20909|0|1003|Block 1003|S||48|24|+43.0281612|-076.1131220|BK||99999
DHCST|NY|100|00|00|000|00|0214140|1000000US360670056011004|360670056011004|1|2|36|01779796|067|H1|00974132|73000|C5|00979539|99999|99|99999999||||99999|99|99999999|73000|C5|00979539|005601|1|1004|9999|9|99999|99|99999999|999|99999|99|99999999|999999|9|99999|99|99999999|45060|1|532|99999|99999|9|999|99999|Y|N|86302|U|U|24|||||053|||||129|||||000419|A|13210|99999|99999|28590|00701|356311|7491|1004|Block 1004|S||121|58|+43.0252223|-076.1163474|BK||99999
DHCST|NY|100|00|00|000|00|0214141|1000000US360670056011005|360670056011005|1|2|36|01779796|067|H1|00974132|73000|C5|00979539|99999|99|99999999||||99999|99|99999999|73000|C5|00979539|005601|1|1005|9999|9|99999|99|99999999|999|99999|99|99999999|999999|9|99999|99|99999999|45060|1|532|99999|99999|9|999|99999|Y|N|86302|U|U|24|||||053|||||129|||||000419|A|13210|99999|99999|28590|00701|8713|0|1005|Block 1005|S||0|0|+43.0283121|-076.1165480|BK||99999
DHCST|NY|100|00|00|000|00|0214142|1000000US360670056011006|360670056011006|1|2|36|01779796|067|H1|00974132|73000|C5|00979539|99999|99|99999999||||99999|99|99999999|73000|C5|00979539|005601|1|1006|9999|9|99999|99|99999999|999|99999|99|99999999|999999|9|99999|99|99999999|45060|1|532|99999|99999|9|999|99999|Y|N|86302|U|U|24|||||053|||||129|||||000419|A|13210|99999|99999|28590|00701|4355|0|1006|Block 1006|S||0|0|+43.0258410|-076.1194595|BK||99999
DHCST|NY|100|00|00|000|00|0214143|1000000US360670056011007|360670056011007|1|2|36|01779796|067|H1|00974132|73000|C5|00979539|99999|99|99999999||||99999|99|99999999|73000|C5|00979539|005601|1|1007|9999|9|99999|99|99999999|999|99999|99|99999999|999999|9|99999|99|99999999|45060|1|532|99999|99999|9|999|99999|Y|N|86302|U|U|24|||||053|||||129|||||000422|A|13210|99999|99999|28590|00701|20882|0|1007|Block 1007|S||41|26|+43.0270974|-076.1188187|BK||99999
DHCST|NY|100|00|00|000|00|0214144|1000000US360670056011008|360670056011008|1|2|36|01779796|067|H1|00974132|73000|C5|00979539|99999|99|99999999||||99999|99|99999999|73000|C5|00979539|005601|1|1008|9999|9|99999|99|99999999|999|99999|99|99999999|999999|9|99999|99|99999999|45060|1|532|99999|99999|9|999|99999|Y|N|86302|U|U|24|||||053|||||129|||||000422|A|13210|99999|99999|28590|00701|30824|0|1008|Block 1008|S||95|53|+43.0291597|-076.1189677|BK||99999
DHCST|NY|100|00|00|000|00|0214145|1000000US360670056011009|360670056011009|1|2|36|01779796|067|H1|00974132|73000|C5|00979539|99999|99|99999999||||99999|99|99999999|73000|C5|00979539|005601|1|1009|9999|9|99999|99|99999999|999|99999|99|99999999|999999|9|99999|99|99999999|45060|1|532|99999|99999|9|999|99999|Y|N|86302|U|U|24|||||053|||||129|||||000422|A|13210|99999|99999|28590|00701|28989|0|1009|Block 1009|S||95|45|+43.0291173|-076.1203130|BK||99999
DHCST|NY|100|00|00|000|00|0214146|1000000US360670056011010|360670056011010|1|2|36|01779796|067|H1|00974132|73000|C5|00979539|99999|99|99999999||||99999|99|99999999|73000|C5|00979539|005601|1|1010|9999|9|99999|99|99999999|999|99999|99|99999999|999999|9|99999|99|99999999|45060|1|532|99999|99999|9|999|99999|Y|N|86302|U|U|24|||||053|||||129|||||000422|A|13210|99999|99999|28590|00701|27418|0|1010|Block 1010|S||97|47|+43.0290047|-076.1215730|BK||99999
DHCST|NY|100|00|00|000|00|0214147|1000000US360670056011011|360670056011011|1|2|36|01779796|067|H1|00974132|73000|C5|00979539|99999|99|99999999||||99999|99|99999999|73000|C5|00979539|005601|1|1011|9999|9|99999|99|99999999|999|99999|99|99999999|999999|9|99999|99|99999999|45060|1|532|99999|99999|9|999|99999|Y|N|86302|U|U|24|||||053|||||129|||||000422|A|13210|99999|99999|28590|00701|237721|0|1011|Block 1011|S||54|25|+43.0280148|-076.1253592|BK||99999
DHCST|NY|100|00|00|000|00|0214148|1000000US360670056011012|360670056011012|1|2|36|01779796|067|H1|00974132|73000|C5|00979539|99999|99|99999999||||99999|99|99999999|73000|C5|00979539|005601|1|1012|9999|9|99999|99|99999999|999|99999|99|99999999|999999|9|99999|99|99999999|45060|1|532|99999|99999|9|999|99999|Y|N|86302|U|U|24|||||053|||||129|||||000422|A|13210|99999|99999|28590|00701|4738|0|1012|Block 1012|S||0|0|+43.0272806|-076.1226091|BK||99999
DHCST|NY|100|00|00|000|00|0214149|1000000US360670056011013|360670056011013|1|2|36|01779796|067|H1|00974132|73000|C5|00979539|99999|99|99999999||||99999|99|99999999|73000|C5|00979539|005601|1|1013|9999|9|99999|99|99999999|999|99999|99|99999999|999999|9|99999|99|99999999|45060|1|532|99999|99999|9|999|99999|Y|N|86302|U|U|24|||||053|||||129|||||000422|A|13210|99999|99999|28590|00701|10274|0|1013|Block 1013|S||28|12|+43.0280091|-076.1226693|BK||99999
DHCST|NY|100|00|00|000|00|0214150|1000000US360670056011014|360670056011014|1|2|36|01779796|067|H1|00974132|73000|C5|00979539|99999|99|99999999||||99999|99|99999999|73000|C5|00979539|005601|1|1014|9999|9|99999|99|99999999|999|99999|99|99999999|999999|9|99999|99|99999999|45060|1|532|99999|99999|9|999|99999|Y|N|86302|U|U|24|||||053|||||129|||||000422|A|13210|99999|99999|28590|00701|31527|0|1014|Block 1014|S||37|22|+43.0233022|-076.1210584|BK||99999
DHCST|NY|100|00|00|000|00|0214151|1000000US360670056011015|360670056011015|1|2|36|01779796|067|H1|00974132|73000|C5|00979539|99999|99|99999999||||99999|99|99999999|73000|C5|00979539|005601|1|1015|9999|9|99999|99|99999999|999|99999|99|99999999|999999|9|99999|99|99999999|45060|1|532|99999|99999|9|999|99999|Y|N|86302|U|U|24|||||053|||||129|||||000422|A|13244|99999|99999|28590|00701|143611|0|1015|Block 1015|S||0|0|+43.0241177|-076.1241230|BK||99999
DHCST|NY|100|00|00|000|00|0214152|1000000US360670056011016|360670056011016|1|2|36|01779796|067|H1|00974132|73000|C5|00979539|99999|99|99999999||||99999|99|99999999|73000|C5|00979539|005601|1|1016|9999|9|99999|99|99999999|999|99999|99|99999999|999999|9|99999|99|99999999|45060|1|532|99999|99999|9|999|99999|Y|N|86302|U|U|24|||||053|||||129|||||000422|A|13244|99999|99999|28590|00701|22159|0|1016|Block 1016|S||0|0|+43.0261167|-076.1283899|BK||99999
DHCST|NY|100|00|00|000|00|0214153|1000000US360670056011017|360670056011017|1|2|36|01779796|067|H1|00974132|73000|C5|00979539|99999|99|99999999||||99999|99|99999999|73000|C5|00979539|005601|1|1017|9999|9|99999|99|99999999|999|99999|99|99999999|999999|9|99999|99|99999999|45060|1|532|99999|99999|9|999|99999|Y|N|86302|U|U|24|||||053|||||129|||||000422|A|13244|99999|99999|28590|00701|39041|0|1017|Block 1017|S||0|0|+43.0244847|-076.1268148|BK||99999
DHCST|NY|100|00|00|000|00|0214154|1000000US360670056011018|360670056011018|1|2|36|01779796|067|H1|00974132|73000|C5|00979539|99999|99|99999999||||99999|99|99999999|73000|C5|00979539|005601|1|1018|9999|9|99999|99|99999999|999|99999|99|99999999|999999|9|99999|99|99999999|45060|1|532|99999|99999|9|999|99999|Y|N|86302|U|U|24|||||053|||||129|||||000422|A|13210|99999|99999|28590|00701|34130|0|1018|Block 1018|S||65|40|+43.0263094|-076.1213204|BK||99999
DHCST|NY|100|00|00|000|00|0214155|1000000US360670056011019|360670056011019|1|2|36|01779796|067|H1|00974132|73000|C5|00979539|99999|99|99999999||||99999|99|99999999|73000|C5|00979539|005601|1|1019|9999|9|99999|99|99999999|999|99999|99|99999999|999999|9|99999|99|99999999|45060|1|532|99999|99999|9|999|99999|Y|N|86302|U|U|24|||||053|||||129|||||000422|A|13210|99999|99999|28590|00701|24985|0|1019|Block 1019|S||64|26|+43.0267798|-076.1201237|BK||99999
DHCST|NY|100|00|00|000|00|0214156|1000000US360670056011020|360670056011020|1|2|36|01779796|067|H1|00974132|73000|C5|00979539|99999|99|99999999||||99999|99|99999999|73000|C5|00979539|005601|1|1020|9999|9|99999|99|99999999|999|99999|99|99999999|999999|9|99999|99|99999999|45060|1|532|99999|99999|9|999|99999|Y|N|86302|U|U|24|||||053|||||129|||||000422|A|13244|99999|99999|28590|00701|5695|0|1020|Block 1020|S||0|0|+43.0224251|-076.1250105|BK||99999
DHCST|NY|100|00|00|000|00|0214157|1000000US360670056011021|360670056011021|1|2|36|01779796|067|H1|00974132|73000|C5|00979539|99999|99|99999999||||99999|99|99999999|73000|C5|00979539|005601|1|1021|9999|9|99999|99|99999999|999|99999|99|99999999|999999|9|99999|99|99999999|45060|1|532|99999|99999|9|999|99999|Y|N|86302|U|U|24|||||053|||||129|||||000377|A|13210|99999|99999|28590|00701|181429|0|1021|Block 1021|S||123|64|+43.0204040|-076.1270553|BK||99999
DHCST|NY|100|00|00|000|00|0214158|1000000US360670056011022|360670056011022|1|2|36|01779796|067|H1|00974132|73000|C5|00979539|99999|99|99999999||||99999|99|99999999|73000|C5|00979539|005601|1|1022|9999|9|99999|99|99999999|999|99999|99|99999999|999999|9|99999|99|99999999|45060|1|532|99999|99999|9|999|99999|Y|N|86302|U|U|24|||||053|||||129|||||000377|A|13210|99999|99999|28590|00701|26251|0|1022|Block 1022|S||78|28|+43.0203622|-076.1277089|BK||99999
DHCST|NY|100|00|00|000|00|0214159|1000000US360670056011023|360670056011023|1|2|36|01779796|067|H1|00974132|73000|C5|00979539|99999|99|99999999||||99999|99|99999999|73000|C5|00979539|005601|1|1023|9999|9|99999|99|99999999|999|99999|99|99999999|999999|9|99999|99|99999999|45060|1|532|99999|99999|9|999|99999|Y|N|86302|U|U|24|||||053|||||129|||||000377|A|13210|99999|99999|28590|00701|4907|0|1023|Block 1023|S||17|3|+43.0218476|-076.1280780|BK||99999
DHCST|NY|100|00|00|000|00|0214160|1000000US360670056011024|360670056011024|1|2|36|01779796|067|H1|00974132|73000|C5|00979539|99999|99|99999999||||99999|99|99999999|73000|C5|00979539|005601|1|1024|9999|9|99999|99|99999999|999|99999|99|99999999|999999|9|99999|99|99999999|45060|1|532|99999|99999|9|999|99999|Y|N|86302|U|U|24|||||053|||||129|||||000377|A|13210|99999|99999|28590|00701|21490|0|1024|Block 1024|S||36|17|+43.0182594|-076.1251220|BK||99999
DHCST|NY|100|00|00|000|00|0214161|1000000US360670056011025|360670056011025|1|2|36|01779796|067|H1|00974132|73000|C5|00979539|99999|99|99999999||||99999|99|99999999|73000|C5|00979539|005601|1|1025|9999|9|99999|99|99999999|999|99999|99|99999999|999999|9|99999|99|99999999|45060|1|532|99999|99999|9|999|99999|Y|N|86302|U|U|24|||||053|||||129|||||000377|A|13210|99999|99999|28590|00701|28176|0|1025|Block 1025|S||52|24|+43.0145837|-076.1252453|BK||99999
DHCST|NY|100|00|00|000|00|0214162|1000000US360670056011026|360670056011026|1|2|36|01779796|067|H1|00974132|73000|C5|00979539|99999|99|99999999||||99999|99|99999999|73000|C5|00979539|005601|1|1026|9999|9|99999|99|99999999|999|99999|99|99999999|999999|9|99999|99|99999999|45060|1|532|99999|99999|9|999|99999|Y|N|86302|U|U|24|||||053|||||129|||||000377|A|13210|99999|99999|28590|00701|16087|0|1026|Block 1026|S||21|14|+43.0163968|-076.1249516|BK||99999
DHCST|NY|100|00|00|000|00|0214163|1000000US360670056011027|360670056011027|1|2|36|01779796|067|H1|00974132|73000|C5|00979539|99999|99|99999999||||99999|99|99999999|73000|C5|00979539|005601|1|1027|9999|9|99999|99|99999999|999|99999|99|99999999|999999|9|99999|99|99999999|45060|1|532|99999|99999|9|999|99999|Y|N|86302|U|U|24|||||053|||||129|||||000377|A|13210|99999|99999|28590|00701|23194|0|1027|Block 1027|S||47|18|+43.0182028|-076.1262770|BK||99999
DHCST|NY|100|00|00|000|00|0214164|1000000US360670056011028|360670056011028|1|2|36|01779796|067|H1|00974132|73000|C5|00979539|99999|99|99999999||||99999|99|99999999|73000|C5|00979539|005601|1|1028|9999|9|99999|99|99999999|999|99999|99|99999999|999999|9|99999|99|99999999|45060|1|532|99999|99999|9|999|99999|Y|N|86302|U|U|24|||||053|||||129|||||000422|A|13244|99999|99999|28590|00701|14465|0|1028|Block 1028|S||0|0|+43.0239810|-076.1278917|BK||99999
DHCST|NY|100|00|00|000|00|0214165|1000000US360670056011029|360670056011029|1|2|36|01779796|067|H1|00974132|73000|C5|00979539|99999|99|99999999||||99999|99|99999999|73000|C5|00979539|005601|1|1029|9999|9|99999|99|99999999|999|99999|99|99999999|999999|9|99999|99|99999999|45060|1|532|99999|99999|9|999|99999|Y|N|86302|U|U|24|||||053|||||129|||||000422|A|13210|99999|99999|28590|00701|59579|0|1029|Block 1029|S||0|0|+43.0288209|-076.1173195|BK||99999
DHCST|NY|100|00|00|000|00|0214166|1000000US360670056011030|360670056011030|1|2|36|01779796|067|H1|00974132|73000|C5|00979539|99999|99|99999999||||99999|99|99999999|73000|C5|00979539|005601|1|1030|9999|9|99999|99|99999999|999|99999|99|99999999|999999|9|99999|99|99999999|45060|1|532|99999|99999|9|999|99999|Y|N|86302|U|U|24|||||053|||||129|||||000419|A|13210|99999|99999|28590|00701|14163|0|1030|Block 1030|S||34|13|+43.0230897|-076.1127054|BK||99999
DHCST|NY|100|00|00|000|00|0214167|1000000US360670056011031|360670056011031|1|2|36|01779796|067|H1|00974132|73000|C5|00979539|99999|99|99999999||||99999|99|99999999|73000|C5|00979539|005601|1|1031|9999|9|99999|99|99999999|999|99999|99|99999999|999999|9|99999|99|99999999|45060|1|532|99999|99999|9|999|99999|Y|N|86302|U|U|24|||||053|||||129|||||000419|A|13210|99999|99999|28590|00701|19306|0|1031|Block 1031|S||26|18|+43.0247829|-076.1127847|BK||99999
DHCST|NY|100|00|00|000|00|0214168|1000000US360670056011032|360670056011032|1|2|36|01779796|067|H1|00974132|73000|C5|00979539|99999|99|99999999||||99999|99|99999999|73000|C5|00979539|005601|1|1032|9999|9|99999|99|99999999|999|99999|99|99999999|999999|9|99999|99|99999999|45060|1|532|99999|99999|9|999|99999|Y|N|86302|U|U|24|||||053|||||129|||||000419|A|13210|99999|99999|28590|00701|12757|0|1032|Block 1032|S||0|0|+43.0264364|-076.1129644|BK||99999
DHCST|NY|100|00|00|000|00|0214169|1000000US360670056011033|360670056011033|1|2|36|01779796|067|H1|00974132|73000|C5|00979539|99999|99|99999999||||99999|99|99999999|73000|C5|00979539|005601|1|1033|9999|9|99999|99|99999999|999|99999|99|99999999|999999|9|99999|99|99999999|45060|1|532|99999|99999|9|999|99999|Y|N|86302|U|U|24|||||053|||||129|||||000419|A|13210|99999|99999|28590|00701|13317|0|1033|Block 1033|S||31|16|+43.0265090|-076.1118759|BK||99999
DHCST|NY|100|00|00|000|00|0214170|1000000US360670056011034|360670056011034|1|2|36|01779796|067|H1|00974132|73000|C5|00979539|99999|99|99999999||||99999|99|99999999|73000|C5|00979539|005601|1|1034|9999|9|99999|99|99999999|999|99999|99|99999999|999999|9|99999|99|99999999|45060|1|532|99999|99999|9|999|99999|Y|N|86302|U|U|24|||||053|||||129|||||000419|A|13210|99999|99999|28590|00701|24934|0|1034|Block 1034|S||58|25|+43.0245910|-076.1116926|BK||99999
DHCST|NY|100|00|00|000|00|0214171|1000000US360670056011035|360670056011035|1|2|36|01779796|067|H1|00974132|73000|C5|00979539|99999|99|99999999||||99999|99|99999999|73000|C5|00979539|005601|1|1035|9999|9|99999|99|99999999|999|99999|99|99999999|999999|9|99999|99|99999999|45060|1|532|99999|99999|9|999|99999|Y|N|86302|U|U|24|||||053|||||129|||||000419|A|13210|99999|99999|28590|00701|9130|0|1035|Block 1035|S||16|5|+43.0228856|-076.1116041|BK||99999
DHCST|NY|100|00|00|000|00|0214172|1000000US360670056011036|360670056011036|1|2|36|01779796|067|H1|00974132|73000|C5|00979539|99999|99|99999999||||99999|99|99999999|73000|C5|00979539|005601|1|1036|9999|9|99999|99|99999999|999|99999|99|99999999|999999|9|99999|99|99999999|45060|1|532|99999|99999|9|999|99999|Y|N|86302|U|U|24|||||053|||||129|||||000422|A|13210|99999|99999|28590|00701|1547|0|1036|Block 1036|S||0|0|+43.0247460|-076.1211893|BK||99999
DHCST|NY|100|00|00|000|00|0214173|1000000US360670056011037|360670056011037|1|2|36|01779796|067|H1|00974132|73000|C5|00979539|99999|99|99999999||||99999|99|99999999|73000|C5|00979539|005601|1|1037|9999|9|99999|99|99999999|999|99999|99|99999999|999999|9|99999|99|99999999|45060|1|532|99999|99999|9|999|99999|Y|N|86302|U|U|24|||||053|||||129|||||000377|A|13210|99999|99999|28590|00701|16643|0|1037|Block 1037|S||34|17|+43.0150989|-076.1264041|BK||99999
DHCST|NY|100|00|00|000|00|0214174|1000000US360670056011038|360670056011038|1|2|36|01779796|067|H1|00974132|73000|C5|00979539|99999|99|99999999||||99999|99|99999999|73000|C5|00979539|005601|1|1038|9999|9|99999|99|99999999|999|99999|99|99999999|999999|9|99999|99|99999999|45060|1|532|99999|99999|9|999|99999|Y|N|86302|U|U|24|||||053|||||129|||||000377|A|13210|99999|99999|28590|00701|42361|0|1038|Block 1038|S||82|40|+43.0173545|-076.1274291|BK||99999
DHCST|NY|100|00|00|000|00|0214175|1000000US360670056011039|360670056011039|1|2|36|01779796|067|H1|00974132|73000|C5|00979539|99999|99|99999999||||99999|99|99999999|73000|C5|00979539|005601|1|1039|9999|9|99999|99|99999999|999|99999|99|99999999|999999|9|99999|99|99999999|45060|1|532|99999|99999|9|999|99999|Y|N|86302|U|U|24|||||053|||||129|||||000377|A|13210|99999|99999|28590|00701|17208|0|1039|Block 1039|S||39|15|+43.0163461|-076.1261049|BK||99999
DHCST|NY|100|00|00|000|00|0214176|1000000US360670056021000|360670056021000|1|2|36|01779796|067|H1|00974132|73000|C5|00979539|99999|99|99999999||||99999|99|99999999|73000|C5|00979539|005602|1|1000|9999|9|99999|99|99999999|999|99999|99|99999999|999999|9|99999|99|99999999|45060|1|532|99999|99999|9|999|99999|Y|N|86302|U|U|24|||||053|||||129|||||000377|A|13210|99999|99999|28590|00701|226889|0|1000|Block 1000|S||572|64|+43.0185585|-076.1123035|BK||99999
DHCST|NY|100|00|00|000|00|0214177|1000000US360670056021001|360670056021001|1|2|36|01779796|067|H1|00974132|73000|C5|00979539|99999|99|99999999||||99999|99|99999999|73000|C5|00979539|005602|1|1001|9999|9|99999|99|99999999|999|99999|99|99999999|999999|9|99999|99|99999999|45060|1|532|99999|99999|9|999|99999|Y|N|86302|U|U|24|||||053|||||129|||||000377|A|13210|99999|99999|28590|00701|8500|0|1001|Block 1001|S||15|9|+43.0217966|-076.1184633|BK||99999
DHCST|NY|100|00|00|000|00|0214178|1000000US360670056021002|360670056021002|1|2|36|01779796|067|H1|00974132|73000|C5|00979539|99999|99|99999999||||99999|99|99999999|73000|C5|00979539|005602|1|1002|9999|9|99999|99|99999999|999|99999|99|99999999|999999|9|99999|99|99999999|45060|1|532|99999|99999|9|999|99999|Y|N|86302|U|U|24|||||053|||||129|||||000377|A|13244|99999|99999|28590|00701|14958|0|1002|Block 1002|S||0|0|+43.0216613|-076.1204530|BK||99999
DHCST|NY|100|00|00|000|00|0214179|1000000US360670056021003|360670056021003|1|2|36|01779796|067|H1|00974132|73000|C5|00979539|99999|99|99999999||||99999|99|99999999|73000|C5|00979539|005602|1|1003|9999|9|99999|99|99999999|999|99999|99|99999999|999999|9|99999|99|99999999|45060|1|532|99999|99999|9|999|99999|Y|N|86302|U|U|24|||||053|||||129|||||000377|A|13244|99999|99999|28590|00701|130417|0|1003|Block 1003|S||274|13|+43.0163557|-076.1220967|BK||99999
DHCST|NY|100|00|00|000|00|0214180|1000000US360670056021004|360670056021004|1|2|36|01779796|067|H1|00974132|73000|C5|00979539|99999|99|99999999||||99999|99|99999999|73000|C5|00979539|005602|1|1004|9999|9|99999|99|99999999|999|99999|99|99999999|999999|9|99999|99|99999999|45060|1|532|99999|99999|9|999|99999|Y|N|86302|U|U|24|||||053|||||129|||||000377|A|13244|99999|99999|28590|00701|25807|0|1004|Block 1004|S||52|1|+43.0154627|-076.1199141|BK||99999
DHCST|NY|100|00|00|000|00|0214181|1000000US360670056021005|360670056021005|1|2|36|01779796|067|H1|00974132|73000|C5|00979539|99999|99|99999999||||99999|99|99999999|73000|C5|00979539|005602|1|1005|9999|9|99999|99|99999999|999|99999|99|99999999|999999|9|99999|99|99999999|45060|1|532|99999|99999|9|999|99999|Y|N|86302|U|U|24|||||053|||||129|||||000377|A|13244|99999|99999|28590|00701|5902|0|1005|Block 1005|S||0|0|+43.0197430|-076.1233589|BK||99999
DHCST|NY|100|00|00|000|00|0214182|1000000US360670056021006|360670056021006|1|2|36|01779796|067|H1|00974132|73000|C5|00979539|99999|99|99999999||||99999|99|99999999|73000|C5|00979539|005602|1|1006|9999|9|99999|99|99999999|999|99999|99|99999999|999999|9|99999|99|99999999|45060|1|532|99999|99999|9|999|99999|Y|N|86302|U|U|24|||||053|||||129|||||000377|A|13244|99999|99999|28590|00701|7961|0|1006|Block 1006|S||63|2|+43.0154372|-076.1213972|BK||99999
DHCST|NY|100|00|00|000|00|0214183|1000000US360670056021007|360670056021007|1|2|36|01779796|067|H1|00974132|73000|C5|00979539|99999|99|99999999||||99999|99|99999999|73000|C5|00979539|005602|1|1007|9999|9|99999|99|99999999|999|99999|99|99999999|999999|9|99999|99|99999999|45060|1|532|99999|99999|9|999|99999|Y|N|86302|U|U|24|||||053|||||129|||||000377|A|13244|99999|99999|28590|00701|27066|0|1007|Block 1007|S||50|0|+43.0178197|-076.1211578|BK||99999
DHCST|NY|100|00|00|000|00|0214184|1000000US360670056021008|360670056021008|1|2|36|01779796|067|H1|00974132|73000|C5|00979539|99999|99|99999999||||99999|99|99999999|73000|C5|00979539|005602|1|1008|9999|9|99999|99|99999999|999|99999|99|99999999|999999|9|99999|99|99999999|45060|1|532|99999|99999|9|999|99999|Y|N|86302|U|U|24|||||053|||||129|||||000377|A|13244|99999|99999|28590|00701|7202|0|1008|Block 1008|S||39|1|+43.0143042|-076.1202591|BK||99999
DHCST|NY|100|00|00|000|00|0214185|1000000US360670056021009|360670056021009|1|2|36|01779796|067|H1|00974132|73000|C5|00979539|99999|99|99999999||||99999|99|99999999|73000|C5|00979539|005602|1|1009|9999|9|99999|99|99999999|999|99999|99|99999999|999999|9|99999|99|99999999|45060|1|532|99999|99999|9|999|99999|Y|N|86302|U|U|24|||||053|||||129|||||000377|A|13244|99999|99999|28590|00701|220001|0|1009|Block 1009|S||342|19|+43.0169615|-076.1151793|BK||99999
DHCST|NY|100|00|00|000|00|0214186|1000000US360670056021010|360670056021010|1|2|36|01779796|067|H1|00974132|73000|C5|00979539|99999|99|99999999||||99999|99|99999999|73000|C5|00979539|005602|1|1010|9999|9|99999|99|99999999|999|99999|99|99999999|999999|9|99999|99|99999999|45060|1|532|99999|99999|9|999|99999|Y|N|86302|U|U|24|||||053|||||129|||||000377|A|13244|99999|99999|28590|00701|2889|0|1010|Block 1010|S||0|0|+43.0193640|-076.1158531|BK||99999
DHCST|NY|100|00|00|000|00|0214187|1000000US360670056021011|360670056021011|1|2|36|01779796|067|H1|00974132|73000|C5|00979539|99999|99|99999999||||99999|99|99999999|73000|C5|00979539|005602|1|1011|9999|9|99999|99|99999999|999|99999|99|99999999|999999|9|99999|99|99999999|45060|1|532|99999|99999|9|999|99999|Y|N|86302|U|U|24|||||053|||||129|||||000377|A|13244|99999|99999|28590|00701|18004|0|1011|Block 1011|S||125|1|+43.0183297|-076.1154487|BK||99999
DHCST|NY|100|00|00|000|00|0214188|1000000US360670056021012|360670056021012|1|2|36|01779796|067|H1|00974132|73000|C5|00979539|99999|99|99999999||||99999|99|99999999|73000|C5|00979539|005602|1|1012|9999|9|99999|99|99999999|999|99999|99|99999999|999999|9|99999|99|99999999|45060|1|532|99999|99999|9|999|99999|Y|N|86302|U|U|24|||||053|||||129|||||000377|A|13244|99999|99999|28590|00701|17696|0|1012|Block 1012|S||117|0|+43.0204103|-076.1158882|BK||99999
DHCST|NY|100|00|00|000|00|0214189|1000000US360670056021013|360670056021013|1|2|36|01779796|067|H1|00974132|73000|C5|00979539|99999|99|99999999||||99999|99|99999999|73000|C5|00979539|005602|1|1013|9999|9|99999|99|99999999|999|99999|99|99999999|999999|9|99999|99|99999999|45060|1|532|99999|99999|9|999|99999|Y|N|86302|U|U|24|||||053|||||129|||||000377|A|13244|99999|99999|28590|00701|54943|0|1013|Block 1013|S||160|16|+43.0199797|-076.1174360|BK||99999
DHCST|NY|100|00|00|000|00|0214190|1000000US360670056021014|360670056021014|1|2|36|01779796|067|H1|00974132|73000|C5|00979539|99999|99|99999999||||99999|99|99999999|73000|C5|00979539|005602|1|1014|9999|9|99999|99|99999999|999|99999|99|99999999|999999|9|99999|99|99999999|45060|1|532|99999|99999|9|999|99999|Y|N|86302|U|U|24|||||053|||||129|||||000377|A|13244|99999|99999|28590|00701|95974|0|1014|Block 1014|S||627|19|+43.0204136|-076.1211183|BK||99999
DHCST|NY|100|00|00|000|00|0214191|1000000US360670056021015|360670056021015|1|2|36|01779796|067|H1|00974132|73000|C5|00979539|99999|99|99999999||||99999|99|99999999|73000|C5|00979539|005602|1|1015|9999|9|99999|99|99999999|999|99999|99|99999999|999999|9|99999|99|99999999|45060|1|532|99999|99999|9|999|99999|Y|N|86302|U|U|24|||||053|||||129|||||000377|A|13244|99999|99999|28590|00701|51015|0|1015|Block 1015|S||280|10|+43.0187143|-076.1199510|BK||99999
DHCST|NY|100|00|00|000|00|0214192|1000000US360670056021016|360670056021016|1|2|36|01779796|067|H1|00974132|73000|C5|00979539|99999|99|99999999||||99999|99|99999999|73000|C5|00979539|005602|1|1016|9999|9|99999|99|99999999|999|99999|99|99999999|999999|9|99999|99|99999999|45060|1|532|99999|99999|9|999|99999|Y|N|86302|U|U|24|||||053|||||129|||||000377|A|13244|99999|99999|28590|00701|74352|0|1016|Block 1016|S||153|0|+43.0169091|-076.1183029|BK||99999
DHCST|NY|100|00|00|000|00|0214193|1000000US360670057001000|360670057001000|1|2|36|01779796|067|H1|00974132|73000|C5|00979539|99999|99|99999999||||99999|99|99999999|73000|C5|00979539|005700|1|1000|9999|9|99999|99|99999999|999|99999|99|99999999|999999|9|99999|99|99999999|45060|1|532|99999|99999|9|999|99999|Y|N|86302|U|U|24|||||053|||||128|||||000366|A|13207|99999|99999|28590|00701|8012|0|1000|Block 1000|S||38|13|+43.0188952|-076.1622560|BK||99999
DHCST|NY|100|00|00|000|00|0214194|1000000US360670057001001|360670057001001|1|2|36|01779796|067|H1|00974132|73000|C5|00979539|99999|99|99999999||||99999|99|99999999|73000|C5|00979539|005700|1|1001|9999|9|99999|99|99999999|999|99999|99|99999999|999999|9|99999|99|99999999|45060|1|532|99999|99999|9|999|99999|Y|N|86302|U|U|24|||||053|||||129|||||000368|A|13207|99999|99999|28590|00701|370708|0|1001|Block 1001|S||332|158|+43.0178959|-076.1692671|BK||99999
DHCST|NY|100|00|00|000|00|0214195|1000000US360670057001002|360670057001002|1|2|36|01779796|067|H1|00974132|73000|C5|00979539|99999|99|99999999||||99999|99|99999999|73000|C5|00979539|005700|1|1002|9999|9|99999|99|99999999|999|99999|99|99999999|999999|9|99999|99|99999999|45060|1|532|99999|99999|9|999|99999|Y|N|86302|U|U|24|||||053|||||129|||||000368|A|13207|99999|99999|28590|00701|14268|0|1002|Block 1002|S||58|23|+43.0153451|-076.1660136|BK||99999
DHCST|NY|100|00|00|000|00|0214196|1000000US360670057001003|360670057001003|1|2|36|01779796|067|H1|00974132|73000|C5|00979539|99999|99|99999999||||99999|99|99999999|73000|C5|00979539|005700|1|1003|9999|9|99999|99|99999999|999|99999|99|99999999|999999|9|99999|99|99999999|45060|1|532|99999|99999|9|999|99999|Y|N|86302|U|U|24|||||053|||||129|||||000368|A|13207|99999|99999|28590|00701|8265|0|1003|Block 1003|S||34|9|+43.0164373|-076.1659822|BK||99999
DHCST|NY|100|00|00|000|00|0214197|1000000US360670057001004|360670057001004|1|2|36|01779796|067|H1|00974132|73000|C5|00979539|99999|99|99999999||||99999|99|99999999|73000|C5|00979539|005700|1|1004|9999|9|99999|99|99999999|999|99999|99|99999999|999999|9|99999|99|99999999|45060|1|532|99999|99999|9|999|99999|Y|N|86302|U|U|24|||||053|||||129|||||000368|A|13207|99999|99999|28590|00701|14053|0|1004|Block 1004|S||37|17|+43.0152848|-076.1672150|BK||99999
DHCST|NY|100|00|00|000|00|0214198|1000000US360670057001005|360670057001005|1|2|36|01779796|067|H1|00974132|73000|C5|00979539|99999|99|99999999||||99999|99|99999999|73000|C5|00979539|005700|1|1005|9999|9|99999|99|99999999|999|99999|99|99999999|999999|9|99999|99|99999999|45060|1|532|99999|99999|9|999|99999|Y|N|86302|U|U|24|||||053|||||129|||||000368|A|13207|99999|99999|28590|00701|14199|0|1005|Block 1005|S||32|12|+43.0152185|-076.1684099|BK||99999
DHCST|NY|100|00|00|000|00|0214199|1000000US360670057001006|360670057001006|1|2|36|01779796|067|H1|00974132|73000|C5|00979539|99999|99|99999999||||99999|99|99999999|73000|C5|00979539|005700|1|1006|9999|9|99999|99|99999999|999|99999|99|99999999|999999|9|99999|99|99999999|45060|1|532|99999|99999|9|999|99999|Y|N|86302|U|U|24|||||053|||||129|||||000368|A|13207|99999|99999|28590|00701|38814|0|1006|Block 1006|S||100|43|+43.0142286|-076.1676207|BK||99999
DHCST|NY|100|00|00|000|00|0214200|1000000US360670057001007|360670057001007|1|2|36|01779796|067|H1|00974132|73000|C5|00979539|99999|99|99999999||||99999|99|99999999|73000|C5|00979539|005700|1|1007|9999|9|99999|99|99999999|999|99999|99|99999999|999999|9|99999|99|99999999|45060|1|532|99999|99999|9|999|99999|Y|N|86302|U|U|24|||||053|||||129|||||000368|A|13207|99999|99999|28590|00701|20407|0|1007|Block 1007|S||54|24|+43.0120610|-076.1704066|BK||99999
DHCST|NY|100|00|00|000|00|0214201|1000000US360670057001008|360670057001008|1|2|36|01779796|067|H1|00974132|73000|C5|00979539|99999|99|99999999||||99999|99|99999999|73000|C5|00979539|005700|1|1008|9999|9|99999|99|99999999|999|99999|99|99999999|999999|9|99999|99|99999999|45060|1|532|99999|99999|9|999|99999|Y|N|86302|U|U|24|||||053|||||129|||||000368|A|13207|99999|99999|28590|00701|93351|0|1008|Block 1008|S||119|59|+43.0125569|-076.1683622|BK||99999
DHCST|NY|100|00|00|000|00|0214202|1000000US360670057002000|360670057002000|1|2|36|01779796|067|H1|00974132|73000|C5|00979539|99999|99|99999999||||99999|99|99999999|73000|C5|00979539|005700|2|2000|9999|9|99999|99|99999999|999|99999|99|99999999|999999|9|99999|99|99999999|45060|1|532|99999|99999|9|999|99999|Y|N|86302|U|U|24|||||053|||||128|||||000365|A|13207|99999|99999|28590|00701|7565|0|2000|Block 2000|S||0|0|+43.0178613|-076.1554979|BK||99999
DHCST|NY|100|00|00|000|00|0214203|1000000US360670057002001|360670057002001|1|2|36|01779796|067|H1|00974132|73000|C5|00979539|99999|99|99999999||||99999|99|99999999|73000|C5|00979539|005700|2|2001|9999|9|99999|99|99999999|999|99999|99|99999999|999999|9|99999|99|99999999|45060|1|532|99999|99999|9|999|99999|Y|N|86302|U|U|24|||||053|||||128|||||000365|A|13207|99999|99999|28590|00701|10522|0|2001|Block 2001|S||0|0|+43.0187078|-076.1549857|BK||99999
DHCST|NY|100|00|00|000|00|0214204|1000000US360670057002002|360670057002002|1|2|36|01779796|067|H1|00974132|73000|C5|00979539|99999|99|99999999||||99999|99|99999999|73000|C5|00979539|005700|2|2002|9999|9|99999|99|99999999|999|99999|99|99999999|999999|9|99999|99|99999999|45060|1|532|99999|99999|9|999|99999|Y|N|86302|U|U|24|||||053|||||128|||||000365|A|13207|99999|99999|28590|00701|40831|0|2002|Block 2002|S||94|43|+43.0177746|-076.1582257|BK||99999
DHCST|NY|100|00|00|000|00|0214205|1000000US360670057002003|360670057002003|1|2|36|01779796|067|H1|00974132|73000|C5|00979539|99999|99|99999999||||99999|99|99999999|73000|C5|00979539|005700|2|2003|9999|9|99999|99|99999999|999|99999|99|99999999|999999|9|99999|99|99999999|45060|1|532|99999|99999|9|999|99999|Y|N|86302|U|U|24|||||053|||||128|||||000365|A|13207|99999|99999|28590|00701|26497|0|2003|Block 2003|S||64|27|+43.0185775|-076.1595839|BK||99999
DHCST|NY|100|00|00|000|00|0214206|1000000US360670057002004|360670057002004|1|2|36|01779796|067|H1|00974132|73000|C5|00979539|99999|99|99999999||||99999|99|99999999|73000|C5|00979539|005700|2|2004|9999|9|99999|99|99999999|999|99999|99|99999999|999999|9|99999|99|99999999|45060|1|532|99999|99999|9|999|99999|Y|N|86302|U|U|24|||||053|||||128|||||000365|A|13207|99999|99999|28590|00701|7122|0|2004|Block 2004|S||25|6|+43.0191650|-076.1613601|BK||99999
DHCST|NY|100|00|00|000|00|0214207|1000000US360670057002005|360670057002005|1|2|36|01779796|067|H1|00974132|73000|C5|00979539|99999|99|99999999||||99999|99|99999999|73000|C5|00979539|005700|2|2005|9999|9|99999|99|99999999|999|99999|99|99999999|999999|9|99999|99|99999999|45060|1|532|99999|99999|9|999|99999|Y|N|86302|U|U|24|||||053|||||128|||||000366|A|13207|99999|99999|28590|00701|31354|0|2005|Block 2005|S||115|53|+43.0176087|-076.1633049|BK||99999
DHCST|NY|100|00|00|000|00|0214208|1000000US360670057002006|360670057002006|1|2|36|01779796|067|H1|00974132|73000|C5|00979539|99999|99|99999999||||99999|99|99999999|73000|C5|00979539|005700|2|2006|9999|9|99999|99|99999999|999|99999|99|99999999|999999|9|99999|99|99999999|45060|1|532|99999|99999|9|999|99999|Y|N|86302|U|U|24|||||053|||||128|||||000366|A|13207|99999|99999|28590|00701|72619|0|2006|Block 2006|S||75|32|+43.0159889|-076.1610432|BK||99999
DHCST|NY|100|00|00|000|00|0214209|1000000US360670057002007|360670057002007|1|2|36|01779796|067|H1|00974132|73000|C5|00979539|99999|99|99999999||||99999|99|99999999|73000|C5|00979539|005700|2|2007|9999|9|99999|99|99999999|999|99999|99|99999999|999999|9|99999|99|99999999|45060|1|532|99999|99999|9|999|99999|Y|N|86302|U|U|24|||||053|||||128|||||000365|A|13207|99999|99999|28590|00701|29044|0|2007|Block 2007|S||63|30|+43.0168338|-076.1587084|BK||99999
DHCST|NY|100|00|00|000|00|0214210|1000000US360670057002008|360670057002008|1|2|36|01779796|067|H1|00974132|73000|C5|00979539|99999|99|99999999||||99999|99|99999999|73000|C5|00979539|005700|2|2008|9999|9|99999|99|99999999|999|99999|99|99999999|999999|9|99999|99|99999999|45060|1|532|99999|99999|9|999|99999|Y|N|86302|U|U|24|||||053|||||128|||||000365|A|13207|99999|99999|28590|00701|20931|0|2008|Block 2008|S||18|4|+43.0158933|-076.1585328|BK||99999
DHCST|NY|100|00|00|000|00|0214211|1000000US360670057002009|360670057002009|1|2|36|01779796|067|H1|00974132|73000|C5|00979539|99999|99|99999999||||99999|99|99999999|73000|C5|00979539|005700|2|2009|9999|9|99999|99|99999999|999|99999|99|99999999|999999|9|99999|99|99999999|45060|1|532|99999|99999|9|999|99999|Y|N|86302|U|U|24|||||053|||||128|||||000365|A|13207|99999|99999|28590|00701|12940|0|2009|Block 2009|S||0|0|+43.0159218|-076.1570362|BK||99999
DHCST|NY|100|00|00|000|00|0214212|1000000US360670057002010|360670057002010|1|2|36|01779796|067|H1|00974132|73000|C5|00979539|99999|99|99999999||||99999|99|99999999|73000|C5|00979539|005700|2|2010|9999|9|99999|99|99999999|999|99999|99|99999999|999999|9|99999|99|99999999|45060|1|532|99999|99999|9|999|99999|Y|N|86302|U|U|24|||||053|||||128|||||000365|A|13207|99999|99999|28590|00701|109567|0|2010|Block 2010|S||143|71|+43.0119341|-076.1549605|BK||99999
DHCST|NY|100|00|00|000|00|0214213|1000000US360670057002011|360670057002011|1|2|36|01779796|067|H1|00974132|73000|C5|00979539|99999|99|99999999||||99999|99|99999999|73000|C5|00979539|005700|2|2011|9999|9|99999|99|99999999|999|99999|99|99999999|999999|9|99999|99|99999999|45060|1|532|99999|99999|9|999|99999|Y|N|86302|U|U|24|||||053|||||128|||||000365|A|13207|99999|99999|28590|00701|40093|0|2011|Block 2011|S||63|26|+43.0139078|-076.1571652|BK||99999
DHCST|NY|100|00|00|000|00|0214214|1000000US360670057002012|360670057002012|1|2|36|01779796|067|H1|00974132|73000|C5|00979539|99999|99|99999999||||99999|99|99999999|73000|C5|00979539|005700|2|2012|9999|9|99999|99|99999999|999|99999|99|99999999|999999|9|99999|99|99999999|45060|1|532|99999|99999|9|999|99999|Y|N|86302|U|U|24|||||053|||||128|||||000365|A|13207|99999|99999|28590|00701|17735|0|2012|Block 2012|S||72|24|+43.0150256|-076.1582812|BK||99999
DHCST|NY|100|00|00|000|00|0214215|1000000US360670057002013|360670057002013|1|2|36|01779796|067|H1|00974132|73000|C5|00979539|99999|99|99999999||||99999|99|99999999|73000|C5|00979539|005700|2|2013|9999|9|99999|99|99999999|999|99999|99|99999999|999999|9|99999|99|99999999|45060|1|532|99999|99999|9|999|99999|Y|N|86302|U|U|24|||||053|||||129|||||000369|A|13207|99999|99999|28590|00701|20892|0|2013|Block 2013|S||75|29|+43.0121786|-076.1592510|BK||99999
DHCST|NY|100|00|00|000|00|0214216|1000000US360670057002014|360670057002014|1|2|36|01779796|067|H1|00974132|73000|C5|00979539|99999|99|99999999||||99999|99|99999999|73000|C5|00979539|005700|2|2014|9999|9|99999|99|99999999|999|99999|99|99999999|999999|9|99999|99|99999999|45060|1|532|99999|99999|9|999|99999|Y|N|86302|U|U|24|||||053|||||129|||||000369|A|13207|99999|99999|28590|00701|252097|0|2014|Block 2014|S||71|35|+43.0129415|-076.1631269|BK||99999
DHCST|NY|100|00|00|000|00|0214217|1000000US360670057002015|360670057002015|1|2|36|01779796|067|H1|00974132|73000|C5|00979539|99999|99|99999999||||99999|99|99999999|73000|C5|00979539|005700|2|2015|9999|9|99999|99|99999999|999|99999|99|99999999|999999|9|99999|99|99999999|45060|1|532|99999|99999|9|999|99999|Y|N|86302|U|U|24|||||053|||||128|||||000366|A|13207|99999|99999|28590|00701|17071|0|2015|Block 2015|S||56|16|+43.0154957|-076.1646444|BK||99999
DHCST|NY|100|00|00|000|00|0214218|1000000US360670057002016|360670057002016|1|2|36|01779796|067|H1|00974132|73000|C5|00979539|99999|99|99999999||||99999|99|99999999|73000|C5|00979539|005700|2|2016|9999|9|99999|99|99999999|999|99999|99|99999999|999999|9|99999|99|99999999|45060|1|532|99999|99999|9|999|99999|Y|N|86302|U|U|24|||||053|||||128|||||000366|A|13207|99999|99999|28590|00701|20319|0|2016|Block 2016|S||61|25|+43.0165410|-076.1641871|BK||99999
DHCST|NY|100|00|00|000|00|0214219|1000000US360670057002017|360670057002017|1|2|36|01779796|067|H1|00974132|73000|C5|00979539|99999|99|99999999||||99999|99|99999999|73000|C5|00979539|005700|2|2017|9999|9|99999|99|99999999|999|99999|99|99999999|999999|9|99999|99|99999999|45060|1|532|99999|99999|9|999|99999|Y|N|86302|U|U|24|||||053|||||128|||||000365|A|13207|99999|99999|28590|00701|18613|0|2017|Block 2017|S||66|24|+43.0187083|-076.1567159|BK||99999
DHCST|NY|100|00|00|000|00|0214220|1000000US360670057002018|360670057002018|1|2|36|01779796|067|H1|00974132|73000|C5|00979539|99999|99|99999999||||99999|99|99999999|73000|C5|00979539|005700|2|2018|9999|9|99999|99|99999999|999|99999|99|99999999|999999|9|99999|99|99999999|45060|1|532|99999|99999|9|999|99999|Y|N|86302|U|U|24|||||053|||||129|||||000369|A|13207|99999|99999|28590|00701|27375|0|2018|Block 2018|S||76|33|+43.0112515|-076.1589399|BK||99999
DHCST|NY|100|00|00|000|00|0214221|1000000US360670058001000|360670058001000|1|2|36|01779796|067|H1|00974132|73000|C5|00979539|99999|99|99999999||||99999|99|99999999|73000|C5|00979539|005800|1|1000|9999|9|99999|99|99999999|999|99999|99|99999999|999999|9|99999|99|99999999|45060|1|532|99999|99999|9|999|99999|Y|N|86302|U|U|24|||||053|||||128|||||000416|A|13205|99999|99999|28590|00701|50631|0|1000|Block 1000|S||153|82|+43.0282250|-076.1550921|BK||99999
DHCST|NY|100|00|00|000|00|0214222|1000000US360670058001001|360670058001001|1|2|36|01779796|067|H1|00974132|73000|C5|00979539|99999|99|99999999||||99999|99|99999999|73000|C5|00979539|005800|1|1001|9999|9|99999|99|99999999|999|99999|99|99999999|999999|9|99999|99|99999999|45060|1|532|99999|99999|9|999|99999|Y|N|86302|U|U|24|||||053|||||128|||||000416|A|13205|99999|99999|28590|00701|94683|0|1001|Block 1001|S||118|40|+43.0260055|-076.1540419|BK||99999
DHCST|NY|100|00|00|000|00|0214223|1000000US360670058001002|360670058001002|1|2|36|01779796|067|H1|00974132|73000|C5|00979539|99999|99|99999999||||99999|99|99999999|73000|C5|00979539|005800|1|1002|9999|9|99999|99|99999999|999|99999|99|99999999|999999|9|99999|99|99999999|45060|1|532|99999|99999|9|999|99999|Y|N|86302|U|U|24|||||053|||||128|||||000416|A|13205|99999|99999|28590|00701|9641|0|1002|Block 1002|S||16|3|+43.0268251|-076.1524488|BK||99999
DHCST|NY|100|00|00|000|00|0214224|1000000US360670058001003|360670058001003|1|2|36|01779796|067|H1|00974132|73000|C5|00979539|99999|99|99999999||||99999|99|99999999|73000|C5|00979539|005800|1|1003|9999|9|99999|99|99999999|999|99999|99|99999999|999999|9|99999|99|99999999|45060|1|532|99999|99999|9|999|99999|Y|N|86302|U|U|24|||||053|||||128|||||000416|A|13205|99999|99999|28590|00701|8713|0|1003|Block 1003|S||38|17|+43.0243903|-076.1531557|BK||99999
DHCST|NY|100|00|00|000|00|0214225|1000000US360670058001004|360670058001004|1|2|36|01779796|067|H1|00974132|73000|C5|00979539|99999|99|99999999||||99999|99|99999999|73000|C5|00979539|005800|1|1004|9999|9|99999|99|99999999|999|99999|99|99999999|999999|9|99999|99|99999999|45060|1|532|99999|99999|9|999|99999|Y|N|86302|U|U|24|||||053|||||128|||||000416|A|13205|99999|99999|28590|00701|10597|0|1004|Block 1004|S||30|12|+43.0277066|-076.1528235|BK||99999
DHCST|NY|100|00|00|000|00|0214226|1000000US360670058001005|360670058001005|1|2|36|01779796|067|H1|00974132|73000|C5|00979539|99999|99|99999999||||99999|99|99999999|73000|C5|00979539|005800|1|1005|9999|9|99999|99|99999999|999|99999|99|99999999|999999|9|99999|99|99999999|45060|1|532|99999|99999|9|999|99999|Y|N|86302|U|U|24|||||053|||||128|||||000416|A|13205|99999|99999|28590|00701|22600|0|1005|Block 1005|S||54|28|+43.0246340|-076.1519699|BK||99999
DHCST|NY|100|00|00|000|00|0214227|1000000US360670058001006|360670058001006|1|2|36|01779796|067|H1|00974132|73000|C5|00979539|99999|99|99999999||||99999|99|99999999|73000|C5|00979539|005800|1|1006|9999|9|99999|99|99999999|999|99999|99|99999999|999999|9|99999|99|99999999|45060|1|532|99999|99999|9|999|99999|Y|N|86302|U|U|24|||||053|||||128|||||000416|A|13205|99999|99999|28590|00701|35296|0|1006|Block 1006|S||86|56|+43.0228826|-076.1512410|BK||99999
DHCST|NY|100|00|00|000|00|0214228|1000000US360670058001007|360670058001007|1|2|36|01779796|067|H1|00974132|73000|C5|00979539|99999|99|99999999||||99999|99|99999999|73000|C5|00979539|005800|1|1007|9999|9|99999|99|99999999|999|99999|99|99999999|999999|9|99999|99|99999999|45060|1|532|99999|99999|9|999|99999|Y|N|86302|U|U|24|||||053|||||128|||||000416|A|13205|99999|99999|28590|00701|51551|0|1007|Block 1007|S||138|83|+43.0216974|-076.1524017|BK||99999
DHCST|NY|100|00|00|000|00|0214229|1000000US360670058001008|360670058001008|1|2|36|01779796|067|H1|00974132|73000|C5|00979539|99999|99|99999999||||99999|99|99999999|73000|C5|00979539|005800|1|1008|9999|9|99999|99|99999999|999|99999|99|99999999|999999|9|99999|99|99999999|45060|1|532|99999|99999|9|999|99999|Y|N|86302|U|U|24|||||053|||||128|||||000416|A|13205|99999|99999|28590|00701|15413|0|1008|Block 1008|S||40|24|+43.0212951|-076.1506280|BK||99999
DHCST|NY|100|00|00|000|00|0214230|1000000US360670058001009|360670058001009|1|2|36|01779796|067|H1|00974132|73000|C5|00979539|99999|99|99999999||||99999|99|99999999|73000|C5|00979539|005800|1|1009|9999|9|99999|99|99999999|999|99999|99|99999999|999999|9|99999|99|99999999|45060|1|532|99999|99999|9|999|99999|Y|N|86302|U|U|24|||||053|||||128|||||000416|A|13205|99999|99999|28590|00701|14112|0|1009|Block 1009|S||66|22|+43.0203714|-076.1502693|BK||99999
DHCST|NY|100|00|00|000|00|0214231|1000000US360670058001010|360670058001010|1|2|36|01779796|067|H1|00974132|73000|C5|00979539|99999|99|99999999||||99999|99|99999999|73000|C5|00979539|005800|1|1010|9999|9|99999|99|99999999|999|99999|99|99999999|999999|9|99999|99|99999999|45060|1|532|99999|99999|9|999|99999|Y|N|86302|U|U|24|||||053|||||128|||||000416|A|13205|99999|99999|28590|00701|24505|0|1010|Block 1010|S||0|0|+43.0259694|-076.1560029|BK||99999
DHCST|NY|100|00|00|000|00|0214232|1000000US360670058002000|360670058002000|1|2|36|01779796|067|H1|00974132|73000|C5|00979539|99999|99|99999999||||99999|99|99999999|73000|C5|00979539|005800|2|2000|9999|9|99999|99|99999999|999|99999|99|99999999|999999|9|99999|99|99999999|45060|1|532|99999|99999|9|999|99999|Y|N|86302|U|U|24|||||053|||||128|||||000416|A|13205|99999|99999|28590|00701|10259|0|2000|Block 2000|S||41|16|+43.0227877|-076.1541474|BK||99999
DHCST|NY|100|00|00|000|00|0214233|1000000US360670058002001|360670058002001|1|2|36|01779796|067|H1|00974132|73000|C5|00979539|99999|99|99999999||||99999|99|99999999|73000|C5|00979539|005800|2|2001|9999|9|99999|99|99999999|999|99999|99|99999999|999999|9|99999|99|99999999|45060|1|532|99999|99999|9|999|99999|Y|N|86302|U|U|24|||||053|||||128|||||000416|A|13205|99999|99999|28590|00701|3932|0|2001|Block 2001|S||0|0|+43.0215358|-076.1550440|BK||99999
DHCST|NY|100|00|00|000|00|0214234|1000000US360670058002002|360670058002002|1|2|36|01779796|067|H1|00974132|73000|C5|00979539|99999|99|99999999||||99999|99|99999999|73000|C5|00979539|005800|2|2002|9999|9|99999|99|99999999|999|99999|99|99999999|999999|9|99999|99|99999999|45060|1|532|99999|99999|9|999|99999|Y|N|86302|U|U|24|||||053|||||128|||||000416|A|13205|99999|99999|28590|00701|21566|0|2002|Block 2002|S||29|17|+43.0216387|-076.1539997|BK||99999
DHCST|NY|100|00|00|000|00|0214235|1000000US360670058002003|360670058002003|1|2|36|01779796|067|H1|00974132|73000|C5|00979539|99999|99|99999999||||99999|99|99999999|73000|C5|00979539|005800|2|2003|9999|9|99999|99|99999999|999|99999|99|99999999|999999|9|99999|99|99999999|45060|1|532|99999|99999|9|999|99999|Y|N|86302|U|U|24|||||053|||||128|||||000416|A|13205|99999|99999|28590|00701|24090|0|2003|Block 2003|S||107|45|+43.0202745|-076.1535613|BK||99999
DHCST|NY|100|00|00|000|00|0214236|1000000US360670058002004|360670058002004|1|2|36|01779796|067|H1|00974132|73000|C5|00979539|99999|99|99999999||||99999|99|99999999|73000|C5|00979539|005800|2|2004|9999|9|99999|99|99999999|999|99999|99|99999999|999999|9|99999|99|99999999|45060|1|532|99999|99999|9|999|99999|Y|N|86302|U|U|24|||||053|||||128|||||000416|A|13205|99999|99999|28590|00701|2758|0|2004|Block 2004|S||0|0|+43.0201599|-076.1545193|BK||99999
DHCST|NY|100|00|00|000|00|0214237|1000000US360670058002005|360670058002005|1|2|36|01779796|067|H1|00974132|73000|C5|00979539|99999|99|99999999||||99999|99|99999999|73000|C5|00979539|005800|2|2005|9999|9|99999|99|99999999|999|99999|99|99999999|999999|9|99999|99|99999999|45060|1|532|99999|99999|9|999|99999|Y|N|86302|U|U|24|||||053|||||128|||||000370|A|13205|99999|99999|28590|00701|12230|0|2005|Block 2005|S||11|9|+43.0173194|-076.1557344|BK||99999
DHCST|NY|100|00|00|000|00|0214238|1000000US360670058002006|360670058002006|1|2|36|01779796|067|H1|00974132|73000|C5|00979539|99999|99|99999999||||99999|99|99999999|73000|C5|00979539|005800|2|2006|9999|9|99999|99|99999999|999|99999|99|99999999|999999|9|99999|99|99999999|45060|1|532|99999|99999|9|999|99999|Y|N|86302|U|U|24|||||053|||||128|||||000370|A|13205|99999|99999|28590|00701|10333|0|2006|Block 2006|S||36|8|+43.0172302|-076.1550304|BK||99999
DHCST|NY|100|00|00|000|00|0214239|1000000US360670058002007|360670058002007|1|2|36|01779796|067|H1|00974132|73000|C5|00979539|99999|99|99999999||||99999|99|99999999|73000|C5|00979539|005800|2|2007|9999|9|99999|99|99999999|999|99999|99|99999999|999999|9|99999|99|99999999|45060|1|532|99999|99999|9|999|99999|Y|N|86302|U|U|24|||||053|||||128|||||000416|A|13205|99999|99999|28590|00701|47474|0|2007|Block 2007|S||10|2|+43.0192299|-076.1515280|BK||99999
DHCST|NY|100|00|00|000|00|0214240|1000000US360670058002008|360670058002008|1|2|36|01779796|067|H1|00974132|73000|C5|00979539|99999|99|99999999||||99999|99|99999999|73000|C5|00979539|005800|2|2008|9999|9|99999|99|99999999|999|99999|99|99999999|999999|9|99999|99|99999999|45060|1|532|99999|99999|9|999|99999|Y|N|86302|U|U|24|||||053|||||128|||||000370|A|13205|99999|99999|28590|00701|23796|0|2008|Block 2008|S||48|24|+43.0154942|-076.1557627|BK||99999
DHCST|NY|100|00|00|000|00|0214241|1000000US360670058002009|360670058002009|1|2|36|01779796|067|H1|00974132|73000|C5|00979539|99999|99|99999999||||99999|99|99999999|73000|C5|00979539|005800|2|2009|9999|9|99999|99|99999999|999|99999|99|99999999|999999|9|99999|99|99999999|45060|1|532|99999|99999|9|999|99999|Y|N|86302|U|U|24|||||053|||||128|||||000370|A|13205|99999|99999|28590|00701|12478|0|2009|Block 2009|S||0|0|+43.0160996|-076.1566654|BK||99999
DHCST|NY|100|00|00|000|00|0214242|1000000US360670058002010|360670058002010|1|2|36|01779796|067|H1|00974132|73000|C5|00979539|99999|99|99999999||||99999|99|99999999|73000|C5|00979539|005800|2|2010|9999|9|99999|99|99999999|999|99999|99|99999999|999999|9|99999|99|99999999|45060|1|532|99999|99999|9|999|99999|Y|N|86302|U|U|24|||||053|||||128|||||000370|A|13205|99999|99999|28590|00701|30111|0|2010|Block 2010|S||101|42|+43.0151287|-076.1546506|BK||99999
DHCST|NY|100|00|00|000|00|0214243|1000000US360670058002011|360670058002011|1|2|36|01779796|067|H1|00974132|73000|C5|00979539|99999|99|99999999||||99999|99|99999999|73000|C5|00979539|005800|2|2011|9999|9|99999|99|99999999|999|99999|99|99999999|999999|9|99999|99|99999999|45060|1|532|99999|99999|9|999|99999|Y|N|86302|U|U|24|||||053|||||128|||||000370|A|13205|99999|99999|28590|00701|26097|0|2011|Block 2011|S||56|17|+43.0176189|-076.1536231|BK||99999
DHCST|NY|100|00|00|000|00|0214244|1000000US360670058002012|360670058002012|1|2|36|01779796|067|H1|00974132|73000|C5|00979539|99999|99|99999999||||99999|99|99999999|73000|C5|00979539|005800|2|2012|9999|9|99999|99|99999999|999|99999|99|99999999|999999|9|99999|99|99999999|45060|1|532|99999|99999|9|999|99999|Y|N|86302|U|U|24|||||053|||||128|||||000370|A|13205|99999|99999|28590|00701|62913|0|2012|Block 2012|S||171|79|+43.0179489|-076.1506560|BK||99999
DHCST|NY|100|00|00|000|00|0214245|1000000US360670058003000|360670058003000|1|2|36|01779796|067|H1|00974132|73000|C5|00979539|99999|99|99999999||||99999|99|99999999|73000|C5|00979539|005800|3|3000|9999|9|99999|99|99999999|999|99999|99|99999999|999999|9|99999|99|99999999|45060|1|532|99999|99999|9|999|99999|Y|N|86302|U|U|24|||||053|||||128|||||000370|A|13205|99999|99999|28590|00701|117502|0|3000|Block 3000|S||312|154|+43.0155160|-076.1500694|BK||99999
DHCST|NY|100|00|00|000|00|0214246|1000000US360670058003001|360670058003001|1|2|36|01779796|067|H1|00974132|73000|C5|00979539|99999|99|99999999||||99999|99|99999999|73000|C5|00979539|005800|3|3001|9999|9|99999|99|99999999|999|99999|99|99999999|999999|9|99999|99|99999999|45060|1|532|99999|99999|9|999|99999|Y|N|86302|U|U|24|||||053|||||128|||||000370|A|13205|99999|99999|28590|00701|33177|0|3001|Block 3001|S||149|67|+43.0153493|-076.1526381|BK||99999
DHCST|NY|100|00|00|000|00|0214247|1000000US360670058003002|360670058003002|1|2|36|01779796|067|H1|00974132|73000|C5|00979539|99999|99|99999999||||99999|99|99999999|73000|C5|00979539|005800|3|3002|9999|9|99999|99|99999999|999|99999|99|99999999|999999|9|99999|99|99999999|45060|1|532|99999|99999|9|999|99999|Y|N|86302|U|U|24|||||053|||||128|||||000370|A|13205|99999|99999|28590|00701|25833|0|3002|Block 3002|S||127|49|+43.0152877|-076.1536863|BK||99999
DHCST|NY|100|00|00|000|00|0214248|1000000US360670058003003|360670058003003|1|2|36|01779796|067|H1|00974132|73000|C5|00979539|99999|99|99999999||||99999|99|99999999|73000|C5|00979539|005800|3|3003|9999|9|99999|99|99999999|999|99999|99|99999999|999999|9|99999|99|99999999|45060|1|532|99999|99999|9|999|99999|Y|N|86302|U|U|24|||||053|||||128|||||000370|A|13205|99999|99999|28590|00701|57126|0|3003|Block 3003|S||184|66|+43.0133308|-076.1509376|BK||99999
DHCST|NY|100|00|00|000|00|0214249|1000000US360670058003004|360670058003004|1|2|36|01779796|067|H1|00974132|73000|C5|00979539|99999|99|99999999||||99999|99|99999999|73000|C5|00979539|005800|3|3004|9999|9|99999|99|99999999|999|99999|99|99999999|999999|9|99999|99|99999999|45060|1|532|99999|99999|9|999|99999|Y|N|86302|U|U|24|||||053|||||128|||||000370|A|13205|99999|99999|28590|00701|1265|0|3004|Block 3004|S||0|0|+43.0128646|-076.1537665|BK||99999
DHCST|NY|100|00|00|000|00|0214250|1000000US360670059001000|360670059001000|1|2|36|01779796|067|H1|00974132|73000|C5|00979539|99999|99|99999999||||99999|99|99999999|73000|C5|00979539|005900|1|1000|9999|9|99999|99|99999999|999|99999|99|99999999|999999|9|99999|99|99999999|45060|1|532|99999|99999|9|999|99999|Y|N|86302|U|U|24|||||053|||||129|||||000375|A|13205|99999|99999|28590|00701|15418|0|1000|Block 1000|S||0|0|+43.0184837|-076.1405859|BK||99999
DHCST|NY|100|00|00|000|00|0214251|1000000US360670059001001|360670059001001|1|2|36|01779796|067|H1|00974132|73000|C5|00979539|99999|99|99999999||||99999|99|99999999|73000|C5|00979539|005900|1|1001|9999|9|99999|99|99999999|999|99999|99|99999999|999999|9|99999|99|99999999|45060|1|532|99999|99999|9|999|99999|Y|N|86302|U|U|24|||||053|||||128|||||000374|A|13205|99999|99999|28590|00701|13227|0|1001|Block 1001|S||56|30|+43.0201594|-076.1419607|BK||99999
DHCST|NY|100|00|00|000|00|0214252|1000000US360670059001002|360670059001002|1|2|36|01779796|067|H1|00974132|73000|C5|00979539|99999|99|99999999||||99999|99|99999999|73000|C5|00979539|005900|1|1002|9999|9|99999|99|99999999|999|99999|99|99999999|999999|9|99999|99|99999999|45060|1|532|99999|99999|9|999|99999|Y|N|86302|U|U|24|||||053|||||128|||||000374|A|13205|99999|99999|28590|00701|33229|0|1002|Block 1002|S||58|33|+43.0199812|-076.1444338|BK||99999
DHCST|NY|100|00|00|000|00|0214253|1000000US360670059001003|360670059001003|1|2|36|01779796|067|H1|00974132|73000|C5|00979539|99999|99|99999999||||99999|99|99999999|73000|C5|00979539|005900|1|1003|9999|9|99999|99|99999999|999|99999|99|99999999|999999|9|99999|99|99999999|45060|1|532|99999|99999|9|999|99999|Y|N|86302|U|U|24|||||053|||||128|||||000374|A|13205|99999|99999|28590|00701|28652|0|1003|Block 1003|S||114|62|+43.0196627|-076.1476154|BK||99999
DHCST|NY|100|00|00|000|00|0214254|1000000US360670059001004|360670059001004|1|2|36|01779796|067|H1|00974132|73000|C5|00979539|99999|99|99999999||||99999|99|99999999|73000|C5|00979539|005900|1|1004|9999|9|99999|99|99999999|999|99999|99|99999999|999999|9|99999|99|99999999|45060|1|532|99999|99999|9|999|99999|Y|N|86302|U|U|24|||||053|||||128|||||000374|A|13205|99999|99999|28590|00701|21704|0|1004|Block 1004|S||103|28|+43.0187135|-076.1473578|BK||99999
DHCST|NY|100|00|00|000|00|0214255|1000000US360670059001005|360670059001005|1|2|36|01779796|067|H1|00974132|73000|C5|00979539|99999|99|99999999||||99999|99|99999999|73000|C5|00979539|005900|1|1005|9999|9|99999|99|99999999|999|99999|99|99999999|999999|9|99999|99|99999999|45060|1|532|99999|99999|9|999|99999|Y|N|86302|U|U|24|||||053|||||128|||||000374|A|13205|99999|99999|28590|00701|29483|0|1005|Block 1005|S||75|34|+43.0190364|-076.1441312|BK||99999
DHCST|NY|100|00|00|000|00|0214256|1000000US360670059001006|360670059001006|1|2|36|01779796|067|H1|00974132|73000|C5|00979539|99999|99|99999999||||99999|99|99999999|73000|C5|00979539|005900|1|1006|9999|9|99999|99|99999999|999|99999|99|99999999|999999|9|99999|99|99999999|45060|1|532|99999|99999|9|999|99999|Y|N|86302|U|U|24|||||053|||||128|||||000374|A|13205|99999|99999|28590|00701|23748|0|1006|Block 1006|S||66|43|+43.0186720|-076.1414332|BK||99999
DHCST|NY|100|00|00|000|00|0214257|1000000US360670059001007|360670059001007|1|2|36|01779796|067|H1|00974132|73000|C5|00979539|99999|99|99999999||||99999|99|99999999|73000|C5|00979539|005900|1|1007|9999|9|99999|99|99999999|999|99999|99|99999999|999999|9|99999|99|99999999|45060|1|532|99999|99999|9|999|99999|Y|N|86302|U|U|24|||||053|||||128|||||000374|A|13205|99999|99999|28590|00701|19256|0|1007|Block 1007|S||62|28|+43.0178919|-076.1471237|BK||99999
DHCST|NY|100|00|00|000|00|0214258|1000000US360670059001008|360670059001008|1|2|36|01779796|067|H1|00974132|73000|C5|00979539|99999|99|99999999||||99999|99|99999999|73000|C5|00979539|005900|1|1008|9999|9|99999|99|99999999|999|99999|99|99999999|999999|9|99999|99|99999999|45060|1|532|99999|99999|9|999|99999|Y|N|86302|U|U|24|||||053|||||128|||||000374|A|13205|99999|99999|28590|00701|29087|0|1008|Block 1008|S||116|45|+43.0182148|-076.1438681|BK||99999
DHCST|NY|100|00|00|000|00|0214259|1000000US360670059001009|360670059001009|1|2|36|01779796|067|H1|00974132|73000|C5|00979539|99999|99|99999999||||99999|99|99999999|73000|C5|00979539|005900|1|1009|9999|9|99999|99|99999999|999|99999|99|99999999|999999|9|99999|99|99999999|45060|1|532|99999|99999|9|999|99999|Y|N|86302|U|U|24|||||053|||||128|||||000374|A|13205|99999|99999|28590|00701|23199|0|1009|Block 1009|S||66|28|+43.0170944|-076.1467503|BK||99999
DHCST|NY|100|00|00|000|00|0214260|1000000US360670059001010|360670059001010|1|2|36|01779796|067|H1|00974132|73000|C5|00979539|99999|99|99999999||||99999|99|99999999|73000|C5|00979539|005900|1|1010|9999|9|99999|99|99999999|999|99999|99|99999999|999999|9|99999|99|99999999|45060|1|532|99999|99999|9|999|99999|Y|N|86302|U|U|24|||||053|||||128|||||000374|A|13205|99999|99999|28590|00701|27707|0|1010|Block 1010|S||44|8|+43.0174363|-076.1433708|BK||99999
DHCST|NY|100|00|00|000|00|0214261|1000000US360670059002000|360670059002000|1|2|36|01779796|067|H1|00974132|73000|C5|00979539|99999|99|99999999||||99999|99|99999999|73000|C5|00979539|005900|2|2000|9999|9|99999|99|99999999|999|99999|99|99999999|999999|9|99999|99|99999999|45060|1|532|99999|99999|9|999|99999|Y|N|86302|U|U|24|||||053|||||128|||||000374|A|13205|99999|99999|28590|00701|5275|0|2000|Block 2000|S||15|3|+43.0170249|-076.1409588|BK||99999
DHCST|NY|100|00|00|000|00|0214262|1000000US360670059002001|360670059002001|1|2|36|01779796|067|H1|00974132|73000|C5|00979539|99999|99|99999999||||99999|99|99999999|73000|C5|00979539|005900|2|2001|9999|9|99999|99|99999999|999|99999|99|99999999|999999|9|99999|99|99999999|45060|1|532|99999|99999|9|999|99999|Y|N|86302|U|U|24|||||053|||||128|||||000374|A|13205|99999|99999|28590|00701|32152|0|2001|Block 2001|S||109|45|+43.0165834|-076.1431323|BK||99999
DHCST|NY|100|00|00|000|00|0214263|1000000US360670059002002|360670059002002|1|2|36|01779796|067|H1|00974132|73000|C5|00979539|99999|99|99999999||||99999|99|99999999|73000|C5|00979539|005900|2|2002|9999|9|99999|99|99999999|999|99999|99|99999999|999999|9|99999|99|99999999|45060|1|532|99999|99999|9|999|99999|Y|N|86302|U|U|24|||||053|||||128|||||000374|A|13205|99999|99999|28590|00701|27592|0|2002|Block 2002|S||101|39|+43.0161785|-076.1466003|BK||99999
DHCST|NY|100|00|00|000|00|0214264|1000000US360670059002003|360670059002003|1|2|36|01779796|067|H1|00974132|73000|C5|00979539|99999|99|99999999||||99999|99|99999999|73000|C5|00979539|005900|2|2003|9999|9|99999|99|99999999|999|99999|99|99999999|999999|9|99999|99|99999999|45060|1|532|99999|99999|9|999|99999|Y|N|86302|U|U|24|||||053|||||128|||||000374|A|13205|99999|99999|28590|00701|44439|0|2003|Block 2003|S||218|92|+43.0148468|-076.1465725|BK||99999
DHCST|NY|100|00|00|000|00|0214265|1000000US360670059002004|360670059002004|1|2|36|01779796|067|H1|00974132|73000|C5|00979539|99999|99|99999999||||99999|99|99999999|73000|C5|00979539|005900|2|2004|9999|9|99999|99|99999999|999|99999|99|99999999|999999|9|99999|99|99999999|45060|1|532|99999|99999|9|999|99999|Y|N|86302|U|U|24|||||053|||||128|||||000374|A|13205|99999|99999|28590|00701|67274|0|2004|Block 2004|S||238|100|+43.0151964|-076.1431353|BK||99999
DHCST|NY|100|00|00|000|00|0214266|1000000US360670059002005|360670059002005|1|2|36|01779796|067|H1|00974132|73000|C5|00979539|99999|99|99999999||||99999|99|99999999|73000|C5|00979539|005900|2|2005|9999|9|99999|99|99999999|999|99999|99|99999999|999999|9|99999|99|99999999|45060|1|532|99999|99999|9|999|99999|Y|N|86302|U|U|24|||||053|||||128|||||000374|A|13205|99999|99999|28590|00701|53117|0|2005|Block 2005|S||228|83|+43.0136855|-076.1447046|BK||99999
DHCST|NY|100|00|00|000|00|0214267|1000000US360670060001000|360670060001000|1|2|36|01779796|067|H1|00974132|73000|C5|00979539|99999|99|99999999||||99999|99|99999999|73000|C5|00979539|006000|1|1000|9999|9|99999|99|99999999|999|99999|99|99999999|999999|9|99999|99|99999999|45060|1|532|99999|99999|9|999|99999|Y|N|86302|U|U|24|||||053|||||128|||||000370|A|13205|99999|99999|28590|00701|53049|0|1000|Block 1000|S||67|34|+43.0121653|-076.1502697|BK||99999
DHCST|NY|100|00|00|000|00|0214268|1000000US360670060001001|360670060001001|1|2|36|01779796|067|H1|00974132|73000|C5|00979539|99999|99|99999999||||99999|99|99999999|73000|C5|00979539|006000|1|1001|9999|9|99999|99|99999999|999|99999|99|99999999|999999|9|99999|99|99999999|45060|1|532|99999|99999|9|999|99999|Y|N|86302|U|U|24|||||053|||||128|||||000370|A|13205|99999|99999|28590|00701|6829|0|1001|Block 1001|S||0|0|+43.0115394|-076.1515082|BK||99999
DHCST|NY|100|00|00|000|00|0214269|1000000US360670060001002|360670060001002|1|2|36|01779796|067|H1|00974132|73000|C5|00979539|99999|99|99999999||||99999|99|99999999|73000|C5|00979539|006000|1|1002|9999|9|99999|99|99999999|999|99999|99|99999999|999999|9|99999|99|99999999|45060|1|532|99999|99999|9|999|99999|Y|N|86302|U|U|24|||||053|||||128|||||000383|A|13205|99999|99999|28590|00701|154444|0|1002|Block 1002|S||67|32|+43.0057977|-076.1482128|BK||99999
DHCST|NY|100|00|00|000|00|0214270|1000000US360670060001003|360670060001003|1|2|36|01779796|067|H1|00974132|73000|C5|00979539|99999|99|99999999||||99999|99|99999999|73000|C5|00979539|006000|1|1003|9999|9|99999|99|99999999|999|99999|99|99999999|999999|9|99999|99|99999999|45060|1|532|99999|99999|9|999|99999|Y|N|86302|U|U|24|||||053|||||128|||||000370|A|13205|99999|99999|28590|00701|13822|0|1003|Block 1003|S||59|21|+43.0112073|-076.1482859|BK||99999
DHCST|NY|100|00|00|000|00|0214271|1000000US360670060001004|360670060001004|1|2|36|01779796|067|H1|00974132|73000|C5|00979539|99999|99|99999999||||99999|99|99999999|73000|C5|00979539|006000|1|1004|9999|9|99999|99|99999999|999|99999|99|99999999|999999|9|99999|99|99999999|45060|1|532|99999|99999|9|999|99999|Y|N|86302|U|U|24|||||053|||||128|||||000370|A|13205|99999|99999|28590|00701|11690|0|1004|Block 1004|S||19|17|+43.0111712|-076.1492832|BK||99999
DHCST|NY|100|00|00|000|00|0214272|1000000US360670060001005|360670060001005|1|2|36|01779796|067|H1|00974132|73000|C5|00979539|99999|99|99999999||||99999|99|99999999|73000|C5|00979539|006000|1|1005|9999|9|99999|99|99999999|999|99999|99|99999999|999999|9|99999|99|99999999|45060|1|532|99999|99999|9|999|99999|Y|N|86302|U|U|24|||||053|||||128|||||000372|A|13207|99999|99999|28590|00701|239519|0|1005|Block 1005|S||186|84|+43.0060034|-076.1511860|BK||99999
DHCST|NY|100|00|00|000|00|0214273|1000000US360670060001006|360670060001006|1|2|36|01779796|067|H1|00974132|73000|C5|00979539|99999|99|99999999||||99999|99|99999999|73000|C5|00979539|006000|1|1006|9999|9|99999|99|99999999|999|99999|99|99999999|999999|9|99999|99|99999999|45060|1|532|99999|99999|9|999|99999|Y|N|86302|U|U|24|||||053|||||128|||||000372|A|13207|99999|99999|28590|00701|14464|0|1006|Block 1006|S||56|24|+43.0092966|-076.1517585|BK||99999
DHCST|NY|100|00|00|000|00|0214274|1000000US360670060001007|360670060001007|1|2|36|01779796|067|H1|00974132|73000|C5|00979539|99999|99|99999999||||99999|99|99999999|73000|C5|00979539|006000|1|1007|9999|9|99999|99|99999999|999|99999|99|99999999|999999|9|99999|99|99999999|45060|1|532|99999|99999|9|999|99999|Y|N|86302|U|U|24|||||053|||||128|||||000372|A|13207|99999|99999|28590|00701|14601|0|1007|Block 1007|S||52|25|+43.0089897|-076.1535783|BK||99999
DHCST|NY|100|00|00|000|00|0214275|1000000US360670060001008|360670060001008|1|2|36|01779796|067|H1|00974132|73000|C5|00979539|99999|99|99999999||||99999|99|99999999|73000|C5|00979539|006000|1|1008|9999|9|99999|99|99999999|999|99999|99|99999999|999999|9|99999|99|99999999|45060|1|532|99999|99999|9|999|99999|Y|N|86302|U|U|24|||||053|||||128|||||000372|A|13207|99999|99999|28590|00701|14710|0|1008|Block 1008|S||67|26|+43.0091425|-076.1526687|BK||99999
DHCST|NY|100|00|00|000|00|0214276|1000000US360670060001009|360670060001009|1|2|36|01779796|067|H1|00974132|73000|C5|00979539|99999|99|99999999||||99999|99|99999999|73000|C5|00979539|006000|1|1009|9999|9|99999|99|99999999|999|99999|99|99999999|999999|9|99999|99|99999999|45060|1|532|99999|99999|9|999|99999|Y|N|86302|U|U|24|||||053|||||128|||||000372|A|13207|99999|99999|28590|00701|14772|0|1009|Block 1009|S||51|22|+43.0094398|-076.1508451|BK||99999
DHCST|NY|100|00|00|000|00|0214277|1000000US360670060001010|360670060001010|1|2|36|01779796|067|H1|00974132|73000|C5|00979539|99999|99|99999999||||99999|99|99999999|73000|C5|00979539|006000|1|1010|9999|9|99999|99|99999999|999|99999|99|99999999|999999|9|99999|99|99999999|45060|1|532|99999|99999|9|999|99999|Y|N|86302|U|U|24|||||053|||||128|||||000372|A|13207|99999|99999|28590|00701|9927|0|1010|Block 1010|S||32|12|+43.0104063|-076.1540320|BK||99999
DHCST|NY|100|00|00|000|00|0214278|1000000US360670060001011|360670060001011|1|2|36|01779796|067|H1|00974132|73000|C5|00979539|99999|99|99999999||||99999|99|99999999|73000|C5|00979539|006000|1|1011|9999|9|99999|99|99999999|999|99999|99|99999999|999999|9|99999|99|99999999|45060|1|532|99999|99999|9|999|99999|Y|N|86302|U|U|24|||||053|||||128|||||000372|A|13207|99999|99999|28590|00701|7352|0|1011|Block 1011|S||15|9|+43.0104077|-076.1530749|BK||99999
DHCST|NY|100|00|00|000|00|0214279|1000000US360670060001012|360670060001012|1|2|36|01779796|067|H1|00974132|73000|C5|00979539|99999|99|99999999||||99999|99|99999999|73000|C5|00979539|006000|1|1012|9999|9|99999|99|99999999|999|99999|99|99999999|999999|9|99999|99|99999999|45060|1|532|99999|99999|9|999|99999|Y|N|86302|U|U|24|||||053|||||128|||||000372|A|13207|99999|99999|28590|00701|4972|0|1012|Block 1012|S||16|6|+43.0104118|-076.1520974|BK||99999
DHCST|NY|100|00|00|000|00|0214280|1000000US360670060001013|360670060001013|1|2|36|01779796|067|H1|00974132|73000|C5|00979539|99999|99|99999999||||99999|99|99999999|73000|C5|00979539|006000|1|1013|9999|9|99999|99|99999999|999|99999|99|99999999|999999|9|99999|99|99999999|45060|1|532|99999|99999|9|999|99999|Y|N|86302|U|U|24|||||053|||||128|||||000372|A|13207|99999|99999|28590|00701|1849|0|1013|Block 1013|S||0|0|+43.0104028|-076.1511884|BK||99999
DHCST|NY|100|00|00|000|00|0214281|1000000US360670060002000|360670060002000|1|2|36|01779796|067|H1|00974132|73000|C5|00979539|99999|99|99999999||||99999|99|99999999|73000|C5|00979539|006000|2|2000|9999|9|99999|99|99999999|999|99999|99|99999999|999999|9|99999|99|99999999|45060|1|532|99999|99999|9|999|99999|Y|N|86302|U|U|24|||||053|||||129|||||000373|A|13207|99999|99999|28590|00701|550208|0|2000|Block 2000|S||205|96|+42.9923018|-076.1504785|BK||99999
DHCST|NY|100|00|00|000|00|0214282|1000000US360670060002001|360670060002001|1|2|36|01779796|067|H1|00974132|73000|C5|00979539|99999|99|99999999||||99999|99|99999999|73000|C5|00979539|006000|2|2001|9999|9|99999|99|99999999|999|99999|99|99999999|999999|9|99999|99|99999999|45060|1|532|99999|99999|9|999|99999|Y|N|86302|U|U|24|||||053|||||129|||||000373|A|13207|99999|99999|28590|00701|16727|0|2001|Block 2001|S||42|17|+42.9970728|-076.1522177|BK||99999
DHCST|NY|100|00|00|000|00|0214283|1000000US360670060002002|360670060002002|1|2|36|01779796|067|H1|00974132|73000|C5|00979539|99999|99|99999999||||99999|99|99999999|73000|C5|00979539|006000|2|2002|9999|9|99999|99|99999999|999|99999|99|99999999|999999|9|99999|99|99999999|45060|1|532|99999|99999|9|999|99999|Y|N|86302|U|U|24|||||053|||||129|||||000373|A|13207|99999|99999|28590|00701|20550|0|2002|Block 2002|S||47|22|+42.9968886|-076.1510735|BK||99999
DHCST|NY|100|00|00|000|00|0214284|1000000US360670060002003|360670060002003|1|2|36|01779796|067|H1|00974132|73000|C5|00979539|99999|99|99999999||||99999|99|99999999|73000|C5|00979539|006000|2|2003|9999|9|99999|99|99999999|999|99999|99|99999999|999999|9|99999|99|99999999|45060|1|532|99999|99999|9|999|99999|Y|N|86302|U|U|24|||||053|||||129|||||000373|A|13207|99999|99999|28590|00701|29268|0|2003|Block 2003|S||62|33|+42.9962188|-076.1502780|BK||99999
DHCST|NY|100|00|00|000|00|0214285|1000000US360670060002004|360670060002004|1|2|36|01779796|067|H1|00974132|73000|C5|00979539|99999|99|99999999||||99999|99|99999999|73000|C5|00979539|006000|2|2004|9999|9|99999|99|99999999|999|99999|99|99999999|999999|9|99999|99|99999999|45060|1|532|99999|99999|9|999|99999|Y|N|86302|U|U|24|||||053|||||129|||||000373|A|13207|99999|99999|28590|00701|13983|0|2004|Block 2004|S||39|14|+42.9943792|-076.1507472|BK||99999
DHCST|NY|100|00|00|000|00|0214286|1000000US360670060002005|360670060002005|1|2|36|01779796|067|H1|00974132|73000|C5|00979539|99999|99|99999999||||99999|99|99999999|73000|C5|00979539|006000|2|2005|9999|9|99999|99|99999999|999|99999|99|99999999|999999|9|99999|99|99999999|45060|1|532|99999|99999|9|999|99999|Y|N|86302|U|U|24|||||053|||||129|||||000373|A|13207|99999|99999|28590|00701|20317|0|2005|Block 2005|S||55|21|+42.9928873|-076.1518537|BK||99999
DHCST|NY|100|00|00|000|00|0214287|1000000US360670060002006|360670060002006|1|2|36|01779796|067|H1|00974132|73000|C5|00979539|99999|99|99999999||||99999|99|99999999|73000|C5|00979539|006000|2|2006|9999|9|99999|99|99999999|999|99999|99|99999999|999999|9|99999|99|99999999|45060|1|532|99999|99999|9|999|99999|Y|N|99999|9|R|24|||||053|||||129|||||000373|A|13207|99999|99999|28590|00701|32280|0|2006|Block 2006|S||13|1|+42.9848458|-076.1537175|BK||99999
DHCST|NY|100|00|00|000|00|0214288|1000000US360670060002007|360670060002007|1|2|36|01779796|067|H1|00974132|73000|C5|00979539|99999|99|99999999||||99999|99|99999999|73000|C5|00979539|006000|2|2007|9999|9|99999|99|99999999|999|99999|99|99999999|999999|9|99999|99|99999999|45060|1|532|99999|99999|9|999|99999|Y|N|86302|U|U|24|||||053|||||129|||||000371|A|13207|99999|99999|28590|00701|1675417|18431|2007|Block 2007|S||186|82|+42.9935593|-076.1596512|BK||99999
DHCST|NY|100|00|00|000|00|0214289|1000000US360670060002008|360670060002008|1|2|36|01779796|067|H1|00974132|73000|C5|00979539|99999|99|99999999||||99999|99|99999999|73000|C5|00979539|006000|2|2008|9999|9|99999|99|99999999|999|99999|99|99999999|999999|9|99999|99|99999999|45060|1|532|99999|99999|9|999|99999|Y|N|86302|U|U|24|||||053|||||129|||||000373|A|13207|99999|99999|28590|00701|26150|0|2008|Block 2008|S||55|28|+42.9950657|-076.1520460|BK||99999
DHCST|NY|100|00|00|000|00|0214290|1000000US360670060002009|360670060002009|1|2|36|01779796|067|H1|00974132|73000|C5|00979539|99999|99|99999999||||99999|99|99999999|73000|C5|00979539|006000|2|2009|9999|9|99999|99|99999999|999|99999|99|99999999|999999|9|99999|99|99999999|45060|1|532|99999|99999|9|999|99999|Y|N|86302|U|U|24|||||053|||||129|||||000373|A|13207|99999|99999|28590|00701|1771|0|2009|Block 2009|S||0|0|+42.9849085|-076.1501596|BK||99999
DHCST|NY|100|00|00|000|00|0214291|1000000US360670060003000|360670060003000|1|2|36|01779796|067|H1|00974132|73000|C5|00979539|99999|99|99999999||||99999|99|99999999|73000|C5|00979539|006000|3|3000|9999|9|99999|99|99999999|999|99999|99|99999999|999999|9|99999|99|99999999|45060|1|532|99999|99999|9|999|99999|Y|N|86302|U|U|24|||||053|||||128|||||000372|A|13207|99999|99999|28590|00701|12219|0|3000|Block 3000|S||50|15|+43.0103994|-076.1549793|BK||99999
DHCST|NY|100|00|00|000|00|0214292|1000000US360670060003001|360670060003001|1|2|36|01779796|067|H1|00974132|73000|C5|00979539|99999|99|99999999||||99999|99|99999999|73000|C5|00979539|006000|3|3001|9999|9|99999|99|99999999|999|99999|99|99999999|999999|9|99999|99|99999999|45060|1|532|99999|99999|9|999|99999|Y|N|86302|U|U|24|||||053|||||128|||||000372|A|13207|99999|99999|28590|00701|11400|0|3001|Block 3001|S||57|26|+43.0106776|-076.1563352|BK||99999
DHCST|NY|100|00|00|000|00|0214293|1000000US360670060003002|360670060003002|1|2|36|01779796|067|H1|00974132|73000|C5|00979539|99999|99|99999999||||99999|99|99999999|73000|C5|00979539|006000|3|3002|9999|9|99999|99|99999999|999|99999|99|99999999|999999|9|99999|99|99999999|45060|1|532|99999|99999|9|999|99999|Y|N|86302|U|U|24|||||053|||||129|||||000369|A|13207|99999|99999|28590|00701|30368|0|3002|Block 3002|S||69|28|+43.0102753|-076.1586797|BK||99999
DHCST|NY|100|00|00|000|00|0214294|1000000US360670060003003|360670060003003|1|2|36|01779796|067|H1|00974132|73000|C5|00979539|99999|99|99999999||||99999|99|99999999|73000|C5|00979539|006000|3|3003|9999|9|99999|99|99999999|999|99999|99|99999999|999999|9|99999|99|99999999|45060|1|532|99999|99999|9|999|99999|Y|N|86302|U|U|24|||||053|||||128|||||000372|A|13207|99999|99999|28590|00701|10645|0|3003|Block 3003|S||23|19|+43.0090742|-076.1545567|BK||99999
DHCST|NY|100|00|00|000|00|0214295|1000000US360670060003004|360670060003004|1|2|36|01779796|067|H1|00974132|73000|C5|00979539|99999|99|99999999||||99999|99|99999999|73000|C5|00979539|006000|3|3004|9999|9|99999|99|99999999|999|99999|99|99999999|999999|9|99999|99|99999999|45060|1|532|99999|99999|9|999|99999|Y|N|86302|U|U|24|||||053|||||128|||||000372|A|13207|99999|99999|28590|00701|13467|0|3004|Block 3004|S||71|33|+43.0089244|-076.1555978|BK||99999
DHCST|NY|100|00|00|000|00|0214296|1000000US360670060003005|360670060003005|1|2|36|01779796|067|H1|00974132|73000|C5|00979539|99999|99|99999999||||99999|99|99999999|73000|C5|00979539|006000|3|3005|9999|9|99999|99|99999999|999|99999|99|99999999|999999|9|99999|99|99999999|45060|1|532|99999|99999|9|999|99999|Y|N|86302|U|U|24|||||053|||||128|||||000372|A|13207|99999|99999|28590|00701|10122|0|3005|Block 3005|S||30|15|+43.0099005|-076.1559903|BK||99999
DHCST|NY|100|00|00|000|00|0214297|1000000US360670060003006|360670060003006|1|2|36|01779796|067|H1|00974132|73000|C5|00979539|99999|99|99999999||||99999|99|99999999|73000|C5|00979539|006000|3|3006|9999|9|99999|99|99999999|999|99999|99|99999999|999999|9|99999|99|99999999|45060|1|532|99999|99999|9|999|99999|Y|N|86302|U|U|24|||||053|||||129|||||000369|A|13207|99999|99999|28590|00701|28977|0|3006|Block 3006|S||80|32|+43.0093604|-076.1583493|BK||99999
DHCST|NY|100|00|00|000|00|0214298|1000000US360670060003007|360670060003007|1|2|36|01779796|067|H1|00974132|73000|C5|00979539|99999|99|99999999||||99999|99|99999999|73000|C5|00979539|006000|3|3007|9999|9|99999|99|99999999|999|99999|99|99999999|999999|9|99999|99|99999999|45060|1|532|99999|99999|9|999|99999|Y|N|86302|U|U|24|||||053|||||129|||||000369|A|13207|99999|99999|28590|00701|51511|0|3007|Block 3007|S||112|47|+43.0067024|-076.1596959|BK||99999
DHCST|NY|100|00|00|000|00|0214299|1000000US360670060003008|360670060003008|1|2|36|01779796|067|H1|00974132|73000|C5|00979539|99999|99|99999999||||99999|99|99999999|73000|C5|00979539|006000|3|3008|9999|9|99999|99|99999999|999|99999|99|99999999|999999|9|99999|99|99999999|45060|1|532|99999|99999|9|999|99999|Y|N|86302|U|U|24|||||053|||||129|||||000369|A|13207|99999|99999|28590|00701|35405|0|3008|Block 3008|S||62|33|+43.0084159|-076.1578808|BK||99999
DHCST|NY|100|00|00|000|00|0214300|1000000US360670060003009|360670060003009|1|2|36|01779796|067|H1|00974132|73000|C5|00979539|99999|99|99999999||||99999|99|99999999|73000|C5|00979539|006000|3|3009|9999|9|99999|99|99999999|999|99999|99|99999999|999999|9|99999|99|99999999|45060|1|532|99999|99999|9|999|99999|Y|N|86302|U|U|24|||||053|||||129|||||000369|A|13207|99999|99999|28590|00701|18500|0|3009|Block 3009|S||82|46|+43.0075187|-076.1567254|BK||99999
DHCST|NY|100|00|00|000|00|0214301|1000000US360670060003010|360670060003010|1|2|36|01779796|067|H1|00974132|73000|C5|00979539|99999|99|99999999||||99999|99|99999999|73000|C5|00979539|006000|3|3010|9999|9|99999|99|99999999|999|99999|99|99999999|999999|9|99999|99|99999999|45060|1|532|99999|99999|9|999|99999|Y|N|86302|U|U|24|||||053|||||128|||||000372|A|13207|99999|99999|28590|00701|26613|0|3010|Block 3010|S||33|19|+43.0076284|-076.1545767|BK||99999
DHCST|NY|100|00|00|000|00|0214302|1000000US360670060003011|360670060003011|1|2|36|01779796|067|H1|00974132|73000|C5|00979539|99999|99|99999999||||99999|99|99999999|73000|C5|00979539|006000|3|3011|9999|9|99999|99|99999999|999|99999|99|99999999|999999|9|99999|99|99999999|45060|1|532|99999|99999|9|999|99999|Y|N|86302|U|U|24|||||053|||||129|||||000369|A|13207|99999|99999|28590|00701|15391|0|3011|Block 3011|S||46|22|+43.0067222|-076.1562433|BK||99999
DHCST|NY|100|00|00|000|00|0214303|1000000US360670060003012|360670060003012|1|2|36|01779796|067|H1|00974132|73000|C5|00979539|99999|99|99999999||||99999|99|99999999|73000|C5|00979539|006000|3|3012|9999|9|99999|99|99999999|999|99999|99|99999999|999999|9|99999|99|99999999|45060|1|532|99999|99999|9|999|99999|Y|N|86302|U|U|24|||||053|||||129|||||000369|A|13207|99999|99999|28590|00701|7333|0|3012|Block 3012|S||69|23|+43.0064941|-076.1577786|BK||99999
DHCST|NY|100|00|00|000|00|0214304|1000000US360670060003013|360670060003013|1|2|36|01779796|067|H1|00974132|73000|C5|00979539|99999|99|99999999||||99999|99|99999999|73000|C5|00979539|006000|3|3013|9999|9|99999|99|99999999|999|99999|99|99999999|999999|9|99999|99|99999999|45060|1|532|99999|99999|9|999|99999|Y|N|86302|U|U|24|||||053|||||129|||||000369|A|13207|99999|99999|28590|00701|49634|0|3013|Block 3013|S||193|69|+43.0057176|-076.1581306|BK||99999
DHCST|NY|100|00|00|000|00|0214305|1000000US360670060003014|360670060003014|1|2|36|01779796|067|H1|00974132|73000|C5|00979539|99999|99|99999999||||99999|99|99999999|73000|C5|00979539|006000|3|3014|9999|9|99999|99|99999999|999|99999|99|99999999|999999|9|99999|99|99999999|45060|1|532|99999|99999|9|999|99999|Y|N|86302|U|U|24|||||053|||||129|||||000369|A|13207|99999|99999|28590|00701|6481|0|3014|Block 3014|S||69|30|+43.0051144|-076.1571835|BK||99999
DHCST|NY|100|00|00|000|00|0214306|1000000US360670060003015|360670060003015|1|2|36|01779796|067|H1|00974132|73000|C5|00979539|99999|99|99999999||||99999|99|99999999|73000|C5|00979539|006000|3|3015|9999|9|99999|99|99999999|999|99999|99|99999999|999999|9|99999|99|99999999|45060|1|532|99999|99999|9|999|99999|Y|N|86302|U|U|24|||||053|||||129|||||000369|A|13207|99999|99999|28590|00701|15621|0|3015|Block 3015|S||38|21|+43.0059842|-076.1558522|BK||99999
DHCST|NY|100|00|00|000|00|0214307|1000000US360670060003016|360670060003016|1|2|36|01779796|067|H1|00974132|73000|C5|00979539|99999|99|99999999||||99999|99|99999999|73000|C5|00979539|006000|3|3016|9999|9|99999|99|99999999|999|99999|99|99999999|999999|9|99999|99|99999999|45060|1|532|99999|99999|9|999|99999|Y|N|86302|U|U|24|||||053|||||129|||||000369|A|13207|99999|99999|28590|00701|15654|0|3016|Block 3016|S||49|20|+43.0052367|-076.1554622|BK||99999
DHCST|NY|100|00|00|000|00|0214308|1000000US360670060003017|360670060003017|1|2|36|01779796|067|H1|00974132|73000|C5|00979539|99999|99|99999999||||99999|99|99999999|73000|C5|00979539|006000|3|3017|9999|9|99999|99|99999999|999|99999|99|99999999|999999|9|99999|99|99999999|45060|1|532|99999|99999|9|999|99999|Y|N|86302|U|U|24|||||053|||||129|||||000369|A|13207|99999|99999|28590|00701|9645|0|3017|Block 3017|S||44|12|+43.0035924|-076.1581833|BK||99999
DHCST|NY|100|00|00|000|00|0214309|1000000US360670060003018|360670060003018|1|2|36|01779796|067|H1|00974132|73000|C5|00979539|99999|99|99999999||||99999|99|99999999|73000|C5|00979539|006000|3|3018|9999|9|99999|99|99999999|999|99999|99|99999999|999999|9|99999|99|99999999|45060|1|532|99999|99999|9|999|99999|Y|N|86302|U|U|24|||||053|||||129|||||000369|A|13207|99999|99999|28590|00701|20804|0|3018|Block 3018|S||51|22|+43.0041153|-076.1561706|BK||99999
DHCST|NY|100|00|00|000|00|0214310|1000000US360670060003019|360670060003019|1|2|36|01779796|067|H1|00974132|73000|C5|00979539|99999|99|99999999||||99999|99|99999999|73000|C5|00979539|006000|3|3019|9999|9|99999|99|99999999|999|99999|99|99999999|999999|9|99999|99|99999999|45060|1|532|99999|99999|9|999|99999|Y|N|86302|U|U|24|||||053|||||129|||||000369|A|13207|99999|99999|28590|00701|17585|0|3019|Block 3019|S||38|19|+43.0042017|-076.1544366|BK||99999
DHCST|NY|100|00|00|000|00|0214311|1000000US360670060003020|360670060003020|1|2|36|01779796|067|H1|00974132|73000|C5|00979539|99999|99|99999999||||99999|99|99999999|73000|C5|00979539|006000|3|3020|9999|9|99999|99|99999999|999|99999|99|99999999|999999|9|99999|99|99999999|45060|1|532|99999|99999|9|999|99999|Y|N|86302|U|U|24|||||053|||||128|||||000372|A|13207|99999|99999|28590|00701|27388|0|3020|Block 3020|S||73|37|+43.0038632|-076.1522460|BK||99999
DHCST|NY|100|00|00|000|00|0214312|1000000US360670060004000|360670060004000|1|2|36|01779796|067|H1|00974132|73000|C5|00979539|99999|99|99999999||||99999|99|99999999|73000|C5|00979539|006000|4|4000|9999|9|99999|99|99999999|999|99999|99|99999999|999999|9|99999|99|99999999|45060|1|532|99999|99999|9|999|99999|Y|N|86302|U|U|24|||||053|||||128|||||000372|A|13207|99999|99999|28590|00701|34911|0|4000|Block 4000|S||73|40|+43.0026180|-076.1518337|BK||99999
DHCST|NY|100|00|00|000|00|0214313|1000000US360670060004001|360670060004001|1|2|36|01779796|067|H1|00974132|73000|C5|00979539|99999|99|99999999||||99999|99|99999999|73000|C5|00979539|006000|4|4001|9999|9|99999|99|99999999|999|99999|99|99999999|999999|9|99999|99|99999999|45060|1|532|99999|99999|9|999|99999|Y|N|86302|U|U|24|||||053|||||129|||||000369|A|13207|99999|99999|28590|00701|23974|0|4001|Block 4001|S||52|17|+43.0028483|-076.1541734|BK||99999
DHCST|NY|100|00|00|000|00|0214314|1000000US360670060004002|360670060004002|1|2|36|01779796|067|H1|00974132|73000|C5|00979539|99999|99|99999999||||99999|99|99999999|73000|C5|00979539|006000|4|4002|9999|9|99999|99|99999999|999|99999|99|99999999|999999|9|99999|99|99999999|45060|1|532|99999|99999|9|999|99999|Y|N|86302|U|U|24|||||053|||||129|||||000369|A|13207|99999|99999|28590|00701|23643|0|4002|Block 4002|S||84|27|+43.0031164|-076.1564127|BK||99999
DHCST|NY|100|00|00|000|00|0214315|1000000US360670060004003|360670060004003|1|2|36|01779796|067|H1|00974132|73000|C5|00979539|99999|99|99999999||||99999|99|99999999|73000|C5|00979539|006000|4|4003|9999|9|99999|99|99999999|999|99999|99|99999999|999999|9|99999|99|99999999|45060|1|532|99999|99999|9|999|99999|Y|N|86302|U|U|24|||||053|||||129|||||000371|A|13207|99999|99999|28590|00701|87043|0|4003|Block 4003|S||210|106|+43.0011932|-076.1577019|BK||99999
DHCST|NY|100|00|00|000|00|0214316|1000000US360670060004004|360670060004004|1|2|36|01779796|067|H1|00974132|73000|C5|00979539|99999|99|99999999||||99999|99|99999999|73000|C5|00979539|006000|4|4004|9999|9|99999|99|99999999|999|99999|99|99999999|999999|9|99999|99|99999999|45060|1|532|99999|99999|9|999|99999|Y|N|86302|U|U|24|||||053|||||129|||||000371|A|13207|99999|99999|28590|00701|15942|0|4004|Block 4004|S||60|25|+43.0006107|-076.1561544|BK||99999
DHCST|NY|100|00|00|000|00|0214317|1000000US360670060004005|360670060004005|1|2|36|01779796|067|H1|00974132|73000|C5|00979539|99999|99|99999999||||99999|99|99999999|73000|C5|00979539|006000|4|4005|9999|9|99999|99|99999999|999|99999|99|99999999|999999|9|99999|99|99999999|45060|1|532|99999|99999|9|999|99999|Y|N|86302|U|U|24|||||053|||||129|||||000371|A|13207|99999|99999|28590|00701|15761|0|4005|Block 4005|S||59|17|+43.0005432|-076.1573695|BK||99999
DHCST|NY|100|00|00|000|00|0214318|1000000US360670060004006|360670060004006|1|2|36|01779796|067|H1|00974132|73000|C5|00979539|99999|99|99999999||||99999|99|99999999|73000|C5|00979539|006000|4|4006|9999|9|99999|99|99999999|999|99999|99|99999999|999999|9|99999|99|99999999|45060|1|532|99999|99999|9|999|99999|Y|N|86302|U|U|24|||||053|||||129|||||000371|A|13207|99999|99999|28590|00701|80913|0|4006|Block 4006|S||174|99|+43.0002873|-076.1546639|BK||99999
DHCST|NY|100|00|00|000|00|0214319|1000000US360670060004007|360670060004007|1|2|36|01779796|067|H1|00974132|73000|C5|00979539|99999|99|99999999||||99999|99|99999999|73000|C5|00979539|006000|4|4007|9999|9|99999|99|99999999|999|99999|99|99999999|999999|9|99999|99|99999999|45060|1|532|99999|99999|9|999|99999|Y|N|86302|U|U|24|||||053|||||129|||||000373|A|13207|99999|99999|28590|00701|49546|0|4007|Block 4007|S||89|57|+43.0008832|-076.1517562|BK||99999
DHCST|NY|100|00|00|000|00|0214320|1000000US360670060004008|360670060004008|1|2|36|01779796|067|H1|00974132|73000|C5|00979539|99999|99|99999999||||99999|99|99999999|73000|C5|00979539|006000|4|4008|9999|9|99999|99|99999999|999|99999|99|99999999|999999|9|99999|99|99999999|45060|1|532|99999|99999|9|999|99999|Y|N|86302|U|U|24|||||053|||||129|||||000371|A|13207|99999|99999|28590|00701|84809|0|4008|Block 4008|S||136|60|+42.9982727|-076.1563154|BK||99999
DHCST|NY|100|00|00|000|00|0214321|1000000US360670061011000|360670061011000|1|2|36|01779796|067|H1|00974132|73000|C5|00979539|99999|99|99999999||||99999|99|99999999|73000|C5|00979539|006101|1|1000|9999|9|99999|99|99999999|999|99999|99|99999999|999999|9|99999|99|99999999|45060|1|532|99999|99999|9|999|99999|Y|N|86302|U|U|24|||||053|||||129|||||000375|A|13205|99999|99999|28590|00701|7481|0|1000|Block 1000|S||0|0|+43.0156181|-076.1397984|BK||99999
DHCST|NY|100|00|00|000|00|0214322|1000000US360670061011001|360670061011001|1|2|36|01779796|067|H1|00974132|73000|C5|00979539|99999|99|99999999||||99999|99|99999999|73000|C5|00979539|006101|1|1001|9999|9|99999|99|99999999|999|99999|99|99999999|999999|9|99999|99|99999999|45060|1|532|99999|99999|9|999|99999|Y|N|86302|U|U|24|||||053|||||128|||||000376|A|13205|99999|99999|28590|00701|67989|0|1001|Block 1001|S||175|79|+43.0141810|-076.1403233|BK||99999
DHCST|NY|100|00|00|000|00|0214323|1000000US360670061011002|360670061011002|1|2|36|01779796|067|H1|00974132|73000|C5|00979539|99999|99|99999999||||99999|99|99999999|73000|C5|00979539|006101|1|1002|9999|9|99999|99|99999999|999|99999|99|99999999|999999|9|99999|99|99999999|45060|1|532|99999|99999|9|999|99999|Y|N|86302|U|U|24|||||053|||||128|||||000376|A|13205|99999|99999|28590|00701|48375|0|1002|Block 1002|S||173|69|+43.0127730|-076.1448358|BK||99999
DHCST|NY|100|00|00|000|00|0214324|1000000US360670061011003|360670061011003|1|2|36|01779796|067|H1|00974132|73000|C5|00979539|99999|99|99999999||||99999|99|99999999|73000|C5|00979539|006101|1|1003|9999|9|99999|99|99999999|999|99999|99|99999999|999999|9|99999|99|99999999|45060|1|532|99999|99999|9|999|99999|Y|N|86302|U|U|24|||||053|||||129|||||000375|A|13205|99999|99999|28590|00701|59163|0|1003|Block 1003|S||97|46|+43.0099900|-076.1373855|BK||99999
DHCST|NY|100|00|00|000|00|0214325|1000000US360670061011004|360670061011004|1|2|36|01779796|067|H1|00974132|73000|C5|00979539|99999|99|99999999||||99999|99|99999999|73000|C5|00979539|006101|1|1004|9999|9|99999|99|99999999|999|99999|99|99999999|999999|9|99999|99|99999999|45060|1|532|99999|99999|9|999|99999|Y|N|86302|U|U|24|||||053|||||128|||||000376|A|13205|99999|99999|28590|00701|2317|0|1004|Block 1004|S||0|0|+43.0109565|-076.1389973|BK||99999
DHCST|NY|100|00|00|000|00|0214326|1000000US360670061011005|360670061011005|1|2|36|01779796|067|H1|00974132|73000|C5|00979539|99999|99|99999999||||99999|99|99999999|73000|C5|00979539|006101|1|1005|9999|9|99999|99|99999999|999|99999|99|99999999|999999|9|99999|99|99999999|45060|1|532|99999|99999|9|999|99999|Y|N|86302|U|U|24|||||053|||||128|||||000376|A|13205|99999|99999|28590|00701|15628|0|1005|Block 1005|S||44|14|+43.0104204|-076.1389944|BK||99999
DHCST|NY|100|00|00|000|00|0214327|1000000US360670061011006|360670061011006|1|2|36|01779796|067|H1|00974132|73000|C5|00979539|99999|99|99999999||||99999|99|99999999|73000|C5|00979539|006101|1|1006|9999|9|99999|99|99999999|999|99999|99|99999999|999999|9|99999|99|99999999|45060|1|532|99999|99999|9|999|99999|Y|N|86302|U|U|24|||||053|||||128|||||000376|A|13205|99999|99999|28590|00701|15752|0|1006|Block 1006|S||53|17|+43.0114875|-076.1390824|BK||99999
DHCST|NY|100|00|00|000|00|0214328|1000000US360670061011007|360670061011007|1|2|36|01779796|067|H1|00974132|73000|C5|00979539|99999|99|99999999||||99999|99|99999999|73000|C5|00979539|006101|1|1007|9999|9|99999|99|99999999|999|99999|99|99999999|999999|9|99999|99|99999999|45060|1|532|99999|99999|9|999|99999|Y|N|86302|U|U|24|||||053|||||128|||||000376|A|13205|99999|99999|28590|00701|46229|0|1007|Block 1007|S||150|65|+43.0118932|-076.1448580|BK||99999
DHCST|NY|100|00|00|000|00|0214329|1000000US360670061011008|360670061011008|1|2|36|01779796|067|H1|00974132|73000|C5|00979539|99999|99|99999999||||99999|99|99999999|73000|C5|00979539|006101|1|1008|9999|9|99999|99|99999999|999|99999|99|99999999|999999|9|99999|99|99999999|45060|1|532|99999|99999|9|999|99999|Y|N|86302|U|U|24|||||053|||||128|||||000376|A|13205|99999|99999|28590|00701|18236|0|1008|Block 1008|S||37|15|+43.0114085|-076.1410134|BK||99999
DHCST|NY|100|00|00|000|00|0214330|1000000US360670061011009|360670061011009|1|2|36|01779796|067|H1|00974132|73000|C5|00979539|99999|99|99999999||||99999|99|99999999|73000|C5|00979539|006101|1|1009|9999|9|99999|99|99999999|999|99999|99|99999999|999999|9|99999|99|99999999|45060|1|532|99999|99999|9|999|99999|Y|N|86302|U|U|24|||||053|||||128|||||000376|A|13205|99999|99999|28590|00701|44151|0|1009|Block 1009|S||112|57|+43.0110214|-076.1448947|BK||99999
DHCST|NY|100|00|00|000|00|0214331|1000000US360670061011010|360670061011010|1|2|36|01779796|067|H1|00974132|73000|C5|00979539|99999|99|99999999||||99999|99|99999999|73000|C5|00979539|006101|1|1010|9999|9|99999|99|99999999|999|99999|99|99999999|999999|9|99999|99|99999999|45060|1|532|99999|99999|9|999|99999|Y|N|86302|U|U|24|||||053|||||128|||||000376|A|13205|99999|99999|28590|00701|2903|0|1010|Block 1010|S||0|0|+43.0108559|-076.1410804|BK||99999
DHCST|NY|100|00|00|000|00|0214332|1000000US360670061011011|360670061011011|1|2|36|01779796|067|H1|00974132|73000|C5|00979539|99999|99|99999999||||99999|99|99999999|73000|C5|00979539|006101|1|1011|9999|9|99999|99|99999999|999|99999|99|99999999|999999|9|99999|99|99999999|45060|1|532|99999|99999|9|999|99999|Y|N|86302|U|U|24|||||053|||||128|||||000376|A|13205|99999|99999|28590|00701|21013|0|1011|Block 1011|S||57|17|+43.0102861|-076.1410715|BK||99999
DHCST|NY|100|00|00|000|00|0214333|1000000US360670061011012|360670061011012|1|2|36|01779796|067|H1|00974132|73000|C5|00979539|99999|99|99999999||||99999|99|99999999|73000|C5|00979539|006101|1|1012|9999|9|99999|99|99999999|999|99999|99|99999999|999999|9|99999|99|99999999|45060|1|532|99999|99999|9|999|99999|Y|N|86302|U|U|24|||||053|||||129|||||000375|A|13205|99999|99999|28590|00701|84619|0|1012|Block 1012|S||27|15|+43.0082829|-076.1410315|BK||99999
DHCST|NY|100|00|00|000|00|0214334|1000000US360670061011013|360670061011013|1|2|36|01779796|067|H1|00974132|73000|C5|00979539|99999|99|99999999||||99999|99|99999999|73000|C5|00979539|006101|1|1013|9999|9|99999|99|99999999|999|99999|99|99999999|999999|9|99999|99|99999999|45060|1|532|99999|99999|9|999|99999|Y|N|86302|U|U|24|||||053|||||129|||||000375|A|13205|99999|99999|28590|00701|291850|0|1013|Block 1013|S||1305|189|+43.0054765|-076.1370602|BK||99999
DHCST|NY|100|00|00|000|00|0214335|1000000US360670061012000|360670061012000|1|2|36|01779796|067|H1|00974132|73000|C5|00979539|99999|99|99999999||||99999|99|99999999|73000|C5|00979539|006101|2|2000|9999|9|99999|99|99999999|999|99999|99|99999999|999999|9|99999|99|99999999|45060|1|532|99999|99999|9|999|99999|Y|N|86302|U|U|24|||||053|||||129|||||000375|A|13205|99999|99999|28590|00701|13630|0|2000|Block 2000|S||47|21|+43.0067336|-076.1397609|BK||99999
DHCST|NY|100|00|00|000|00|0214336|1000000US360670061012001|360670061012001|1|2|36|01779796|067|H1|00974132|73000|C5|00979539|99999|99|99999999||||99999|99|99999999|73000|C5|00979539|006101|2|2001|9999|9|99999|99|99999999|999|99999|99|99999999|999999|9|99999|99|99999999|45060|1|532|99999|99999|9|999|99999|Y|N|86302|U|U|24|||||053|||||128|||||000381|A|13205|99999|99999|28590|00701|34168|0|2001|Block 2001|S||57|24|+43.0061678|-076.1418815|BK||99999
DHCST|NY|100|00|00|000|00|0214337|1000000US360670061012002|360670061012002|1|2|36|01779796|067|H1|00974132|73000|C5|00979539|99999|99|99999999||||99999|99|99999999|73000|C5|00979539|006101|2|2002|9999|9|99999|99|99999999|999|99999|99|99999999|999999|9|99999|99|99999999|45060|1|532|99999|99999|9|999|99999|Y|N|86302|U|U|24|||||053|||||128|||||000381|A|13205|99999|99999|28590|00701|13938|0|2002|Block 2002|S||42|19|+43.0048339|-076.1424338|BK||99999
DHCST|NY|100|00|00|000|00|0214338|1000000US360670061012003|360670061012003|1|2|36|01779796|067|H1|00974132|73000|C5|00979539|99999|99|99999999||||99999|99|99999999|73000|C5|00979539|006101|2|2003|9999|9|99999|99|99999999|999|99999|99|99999999|999999|9|99999|99|99999999|45060|1|532|99999|99999|9|999|99999|Y|N|86302|U|U|24|||||053|||||128|||||000381|A|13205|99999|99999|28590|00701|15345|0|2003|Block 2003|S||25|16|+43.0049113|-076.1410457|BK||99999
DHCST|NY|100|00|00|000|00|0214339|1000000US360670061012004|360670061012004|1|2|36|01779796|067|H1|00974132|73000|C5|00979539|99999|99|99999999||||99999|99|99999999|73000|C5|00979539|006101|2|2004|9999|9|99999|99|99999999|999|99999|99|99999999|999999|9|99999|99|99999999|45060|1|532|99999|99999|9|999|99999|Y|N|86302|U|U|24|||||053|||||129|||||000375|A|13205|99999|99999|28590|00701|13338|0|2004|Block 2004|S||66|19|+43.0059466|-076.1396322|BK||99999
DHCST|NY|100|00|00|000|00|0214340|1000000US360670061012005|360670061012005|1|2|36|01779796|067|H1|00974132|73000|C5|00979539|99999|99|99999999||||99999|99|99999999|73000|C5|00979539|006101|2|2005|9999|9|99999|99|99999999|999|99999|99|99999999|999999|9|99999|99|99999999|45060|1|532|99999|99999|9|999|99999|Y|N|86302|U|U|24|||||053|||||128|||||000381|A|13205|99999|99999|28590|00701|7353|0|2005|Block 2005|S||22|11|+43.0049392|-076.1399691|BK||99999
DHCST|NY|100|00|00|000|00|0214341|1000000US360670061012006|360670061012006|1|2|36|01779796|067|H1|00974132|73000|C5|00979539|99999|99|99999999||||99999|99|99999999|73000|C5|00979539|006101|2|2006|9999|9|99999|99|99999999|999|99999|99|99999999|999999|9|99999|99|99999999|45060|1|532|99999|99999|9|999|99999|Y|N|86302|U|U|24|||||053|||||128|||||000381|A|13205|99999|99999|28590|00701|10202|0|2006|Block 2006|S||12|9|+43.0049555|-076.1391431|BK||99999
DHCST|NY|100|00|00|000|00|0214342|1000000US360670061012007|360670061012007|1|2|36|01779796|067|H1|00974132|73000|C5|00979539|99999|99|99999999||||99999|99|99999999|73000|C5|00979539|006101|2|2007|9999|9|99999|99|99999999|999|99999|99|99999999|999999|9|99999|99|99999999|45060|1|532|99999|99999|9|999|99999|Y|N|86302|U|U|24|||||053|||||128|||||000381|A|13205|99999|99999|28590|00701|26818|0|2007|Block 2007|S||114|59|+43.0030967|-076.1393677|BK||99999
DHCST|NY|100|00|00|000|00|0214343|1000000US360670061012008|360670061012008|1|2|36|01779796|067|H1|00974132|73000|C5|00979539|99999|99|99999999||||99999|99|99999999|73000|C5|00979539|006101|2|2008|9999|9|99999|99|99999999|999|99999|99|99999999|999999|9|99999|99|99999999|45060|1|532|99999|99999|9|999|99999|Y|N|86302|U|U|24|||||053|||||128|||||000381|A|13205|99999|99999|28590|00701|65273|0|2008|Block 2008|S||310|137|+43.0031080|-076.1414334|BK||99999
DHCST|NY|100|00|00|000|00|0214344|1000000US360670061012009|360670061012009|1|2|36|01779796|067|H1|00974132|73000|C5|00979539|99999|99|99999999||||99999|99|99999999|73000|C5|00979539|006101|2|2009|9999|9|99999|99|99999999|999|99999|99|99999999|999999|9|99999|99|99999999|45060|1|532|99999|99999|9|999|99999|Y|N|86302|U|U|24|||||053|||||128|||||000381|A|13205|99999|99999|28590|00701|27331|0|2009|Block 2009|S||57|18|+43.0012075|-076.1414513|BK||99999
DHCST|NY|100|00|00|000|00|0214345|1000000US360670061012010|360670061012010|1|2|36|01779796|067|H1|00974132|73000|C5|00979539|99999|99|99999999||||99999|99|99999999|73000|C5|00979539|006101|2|2010|9999|9|99999|99|99999999|999|99999|99|99999999|999999|9|99999|99|99999999|45060|1|532|99999|99999|9|999|99999|Y|N|86302|U|U|24|||||053|||||129|||||000375|A|13205|99999|99999|28590|00701|23250|0|2010|Block 2010|S||65|19|+43.0011588|-076.1394652|BK||99999
DHCST|NY|100|00|00|000|00|0214346|1000000US360670061013000|360670061013000|1|2|36|01779796|067|H1|00974132|73000|C5|00979539|99999|99|99999999||||99999|99|99999999|73000|C5|00979539|006101|3|3000|9999|9|99999|99|99999999|999|99999|99|99999999|999999|9|99999|99|99999999|45060|1|532|99999|99999|9|999|99999|Y|N|86302|U|U|24|||||053|||||128|||||000376|A|13205|99999|99999|28590|00701|56204|0|3000|Block 3000|S||114|41|+43.0096395|-076.1444086|BK||99999
DHCST|NY|100|00|00|000|00|0214347|1000000US360670061013001|360670061013001|1|2|36|01779796|067|H1|00974132|73000|C5|00979539|99999|99|99999999||||99999|99|99999999|73000|C5|00979539|006101|3|3001|9999|9|99999|99|99999999|999|99999|99|99999999|999999|9|99999|99|99999999|45060|1|532|99999|99999|9|999|99999|Y|N|86302|U|U|24|||||053|||||128|||||000376|A|13205|99999|99999|28590|00701|10959|0|3001|Block 3001|S||262|140|+43.0099387|-076.1439870|BK||99999
DHCST|NY|100|00|00|000|00|0214348|1000000US360670061013002|360670061013002|1|2|36|01779796|067|H1|00974132|73000|C5|00979539|99999|99|99999999||||99999|99|99999999|73000|C5|00979539|006101|3|3002|9999|9|99999|99|99999999|999|99999|99|99999999|999999|9|99999|99|99999999|45060|1|532|99999|99999|9|999|99999|Y|N|86302|U|U|24|||||053|||||128|||||000381|A|13205|99999|99999|28590|00701|58172|0|3002|Block 3002|S||111|50|+43.0084433|-076.1464088|BK||99999
DHCST|NY|100|00|00|000|00|0214349|1000000US360670061013003|360670061013003|1|2|36|01779796|067|H1|00974132|73000|C5|00979539|99999|99|99999999||||99999|99|99999999|73000|C5|00979539|006101|3|3003|9999|9|99999|99|99999999|999|99999|99|99999999|999999|9|99999|99|99999999|45060|1|532|99999|99999|9|999|99999|Y|N|86302|U|U|24|||||053|||||128|||||000381|A|13205|99999|99999|28590|00701|92153|0|3003|Block 3003|S||279|131|+43.0067148|-076.1451800|BK||99999
DHCST|NY|100|00|00|000|00|0214350|1000000US360670061013004|360670061013004|1|2|36|01779796|067|H1|00974132|73000|C5|00979539|99999|99|99999999||||99999|99|99999999|73000|C5|00979539|006101|3|3004|9999|9|99999|99|99999999|999|99999|99|99999999|999999|9|99999|99|99999999|45060|1|532|99999|99999|9|999|99999|Y|N|86302|U|U|24|||||053|||||128|||||000383|A|13205|99999|99999|28590|00701|33228|0|3004|Block 3004|S||105|39|+43.0039516|-076.1464986|BK||99999
DHCST|NY|100|00|00|000|00|0214351|1000000US360670061013005|360670061013005|1|2|36|01779796|067|H1|00974132|73000|C5|00979539|99999|99|99999999||||99999|99|99999999|73000|C5|00979539|006101|3|3005|9999|9|99999|99|99999999|999|99999|99|99999999|999999|9|99999|99|99999999|45060|1|532|99999|99999|9|999|99999|Y|N|86302|U|U|24|||||053|||||128|||||000383|A|13205|99999|99999|28590|00701|67199|0|3005|Block 3005|S||266|118|+43.0042392|-076.1444607|BK||99999
DHCST|NY|100|00|00|000|00|0214352|1000000US360670061013006|360670061013006|1|2|36|01779796|067|H1|00974132|73000|C5|00979539|99999|99|99999999||||99999|99|99999999|73000|C5|00979539|006101|3|3006|9999|9|99999|99|99999999|999|99999|99|99999999|999999|9|99999|99|99999999|45060|1|532|99999|99999|9|999|99999|Y|N|86302|U|U|24|||||053|||||129|||||000384|A|13205|99999|99999|28590|00701|70157|0|3006|Block 3006|S||267|186|+43.0018870|-076.1446472|BK||99999
DHCST|NY|100|00|00|000|00|0214353|1000000US360670061021000|360670061021000|1|2|36|01779796|067|H1|00974132|73000|C5|00979539|99999|99|99999999||||99999|99|99999999|73000|C5|00979539|006102|1|1000|9999|9|99999|99|99999999|999|99999|99|99999999|999999|9|99999|99|99999999|45060|1|532|99999|99999|9|999|99999|Y|N|86302|U|U|24|||||053|||||129|||||000385|A|13205|99999|99999|28590|00701|142952|0|1000|Block 1000|S||0|0|+43.0077262|-076.1291194|BK||99999
DHCST|NY|100|00|00|000|00|0214354|1000000US360670061021001|360670061021001|1|2|36|01779796|067|H1|00974132|73000|C5|00979539|99999|99|99999999||||99999|99|99999999|73000|C5|00979539|006102|1|1001|9999|9|99999|99|99999999|999|99999|99|99999999|999999|9|99999|99|99999999|45060|1|532|99999|99999|9|999|99999|Y|N|86302|U|U|24|||||053|||||129|||||000385|A|13205|99999|99999|28590|00701|163613|0|1001|Block 1001|S||37|19|+43.0055926|-076.1324690|BK||99999
DHCST|NY|100|00|00|000|00|0214355|1000000US360670061021002|360670061021002|1|2|36|01779796|067|H1|00974132|73000|C5|00979539|99999|99|99999999||||99999|99|99999999|73000|C5|00979539|006102|1|1002|9999|9|99999|99|99999999|999|99999|99|99999999|999999|9|99999|99|99999999|45060|1|532|99999|99999|9|999|99999|Y|N|86302|U|U|24|||||053|||||129|||||000385|A|13205|99999|99999|28590|00701|63668|0|1002|Block 1002|S||0|0|+43.0054459|-076.1342993|BK||99999
DHCST|NY|100|00|00|000|00|0214356|1000000US360670061021003|360670061021003|1|2|36|01779796|067|H1|00974132|73000|C5|00979539|99999|99|99999999||||99999|99|99999999|73000|C5|00979539|006102|1|1003|9999|9|99999|99|99999999|999|99999|99|99999999|999999|9|99999|99|99999999|45060|1|532|99999|99999|9|999|99999|Y|N|86302|U|U|24|||||053|||||129|||||000385|A|13205|99999|99999|28590|00701|231310|0|1003|Block 1003|S||575|547|+43.0041522|-076.1279747|BK||99999
DHCST|NY|100|00|00|000|00|0214357|1000000US360670061021004|360670061021004|1|2|36|01779796|067|H1|00974132|73000|C5|00979539|99999|99|99999999||||99999|99|99999999|73000|C5|00979539|006102|1|1004|9999|9|99999|99|99999999|999|99999|99|99999999|999999|9|99999|99|99999999|45060|1|532|99999|99999|9|999|99999|Y|N|86302|U|U|24|||||053|||||129|||||000385|A|13205|99999|99999|28590|00701|26214|0|1004|Block 1004|S||197|103|+43.0006314|-076.1275048|BK||99999
DHCST|NY|100|00|00|000|00|0214358|1000000US360670061022000|360670061022000|1|2|36|01779796|067|H1|00974132|73000|C5|00979539|99999|99|99999999||||99999|99|99999999|73000|C5|00979539|006102|2|2000|9999|9|99999|99|99999999|999|99999|99|99999999|999999|9|99999|99|99999999|45060|1|532|99999|99999|9|999|99999|Y|N|86302|U|U|24|||||053|||||129|||||000382|A|13205|99999|99999|28590|00701|492643|0|2000|Block 2000|S||52|26|+42.9955747|-076.1323989|BK||99999
DHCST|NY|100|00|00|000|00|0214359|1000000US360670061022001|360670061022001|1|2|36|01779796|067|H1|00974132|73000|C5|00979539|99999|99|99999999||||99999|99|99999999|73000|C5|00979539|006102|2|2001|9999|9|99999|99|99999999|999|99999|99|99999999|999999|9|99999|99|99999999|45060|1|532|99999|99999|9|999|99999|Y|N|86302|U|U|24|||||053|||||129|||||000382|A|13205|99999|99999|28590|00701|85783|0|2001|Block 2001|S||12|1|+42.9954866|-076.1345549|BK||99999
DHCST|NY|100|00|00|000|00|0214360|1000000US360670061022002|360670061022002|1|2|36|01779796|067|H1|00974132|73000|C5|00979539|99999|99|99999999||||99999|99|99999999|73000|C5|00979539|006102|2|2002|9999|9|99999|99|99999999|999|99999|99|99999999|999999|9|99999|99|99999999|45060|1|532|99999|99999|9|999|99999|Y|N|86302|U|U|24|||||053|||||129|||||000382|A|13205|99999|99999|28590|00701|589417|0|2002|Block 2002|S||1111|715|+42.9941738|-076.1280482|BK||99999
DHCST|NY|100|00|00|000|00|0214361|1000000US360670061031000|360670061031000|1|2|36|01779796|067|H1|00974132|73000|C5|00979539|99999|99|99999999||||99999|99|99999999|73000|C5|00979539|006103|1|1000|9999|9|99999|99|99999999|999|99999|99|99999999|999999|9|99999|99|99999999|45060|1|532|99999|99999|9|999|99999|Y|N|86302|U|U|24|||||053|||||129|||||000379|A|13205|99999|99999|28590|00701|236322|0|1000|Block 1000|S||164|90|+42.9967809|-076.1363945|BK||99999
DHCST|NY|100|00|00|000|00|0214362|1000000US360670061031001|360670061031001|1|2|36|01779796|067|H1|00974132|73000|C5|00979539|99999|99|99999999||||99999|99|99999999|73000|C5|00979539|006103|1|1001|9999|9|99999|99|99999999|999|99999|99|99999999|999999|9|99999|99|99999999|45060|1|532|99999|99999|9|999|99999|Y|N|86302|U|U|24|||||053|||||129|||||000379|A|13205|99999|99999|28590|00701|16858|0|1001|Block 1001|S||37|17|+42.9954193|-076.1373282|BK||99999
DHCST|NY|100|00|00|000|00|0214363|1000000US360670061031002|360670061031002|1|2|36|01779796|067|H1|00974132|73000|C5|00979539|99999|99|99999999||||99999|99|99999999|73000|C5|00979539|006103|1|1002|9999|9|99999|99|99999999|999|99999|99|99999999|999999|9|99999|99|99999999|45060|1|532|99999|99999|9|999|99999|Y|N|86302|U|U|24|||||053|||||129|||||000379|A|13205|99999|99999|28590|00701|120976|0|1002|Block 1002|S||185|73|+42.9988972|-076.1408824|BK||99999
DHCST|NY|100|00|00|000|00|0214364|1000000US360670061031003|360670061031003|1|2|36|01779796|067|H1|00974132|73000|C5|00979539|99999|99|99999999||||99999|99|99999999|73000|C5|00979539|006103|1|1003|9999|9|99999|99|99999999|999|99999|99|99999999|999999|9|99999|99|99999999|45060|1|532|99999|99999|9|999|99999|Y|N|86302|U|U|24|||||053|||||129|||||000379|A|13205|99999|99999|28590|00701|75409|0|1003|Block 1003|S||118|60|+42.9969014|-076.1401901|BK||99999
DHCST|NY|100|00|00|000|00|0214365|1000000US360670061031004|360670061031004|1|2|36|01779796|067|H1|00974132|73000|C5|00979539|99999|99|99999999||||99999|99|99999999|73000|C5|00979539|006103|1|1004|9999|9|99999|99|99999999|999|99999|99|99999999|999999|9|99999|99|99999999|45060|1|532|99999|99999|9|999|99999|Y|N|86302|U|U|24|||||053|||||129|||||000379|A|13205|99999|99999|28590|00701|7542|0|1004|Block 1004|S||8|6|+42.9954061|-076.1380661|BK||99999
DHCST|NY|100|00|00|000|00|0214366|1000000US360670061031005|360670061031005|1|2|36|01779796|067|H1|00974132|73000|C5|00979539|99999|99|99999999||||99999|99|99999999|73000|C5|00979539|006103|1|1005|9999|9|99999|99|99999999|999|99999|99|99999999|999999|9|99999|99|99999999|45060|1|532|99999|99999|9|999|99999|Y|N|86302|U|U|24|||||053|||||129|||||000379|A|13205|99999|99999|28590|00701|31239|0|1005|Block 1005|S||49|25|+42.9933871|-076.1381183|BK||99999
DHCST|NY|100|00|00|000|00|0214367|1000000US360670061031006|360670061031006|1|2|36|01779796|067|H1|00974132|73000|C5|00979539|99999|99|99999999||||99999|99|99999999|73000|C5|00979539|006103|1|1006|9999|9|99999|99|99999999|999|99999|99|99999999|999999|9|99999|99|99999999|45060|1|532|99999|99999|9|999|99999|Y|N|86302|U|U|24|||||053|||||129|||||000379|A|13205|99999|99999|28590|00701|11055|0|1006|Block 1006|S||22|12|+42.9948891|-076.1394599|BK||99999
DHCST|NY|100|00|00|000|00|0214368|1000000US360670061031007|360670061031007|1|2|36|01779796|067|H1|00974132|73000|C5|00979539|99999|99|99999999||||99999|99|99999999|73000|C5|00979539|006103|1|1007|9999|9|99999|99|99999999|999|99999|99|99999999|999999|9|99999|99|99999999|45060|1|532|99999|99999|9|999|99999|Y|N|86302|U|U|24|||||053|||||129|||||000379|A|13205|99999|99999|28590|00701|11023|0|1007|Block 1007|S||23|11|+42.9957411|-076.1395316|BK||99999
DHCST|NY|100|00|00|000|00|0214369|1000000US360670061031008|360670061031008|1|2|36|01779796|067|H1|00974132|73000|C5|00979539|99999|99|99999999||||99999|99|99999999|73000|C5|00979539|006103|1|1008|9999|9|99999|99|99999999|999|99999|99|99999999|999999|9|99999|99|99999999|45060|1|532|99999|99999|9|999|99999|Y|N|86302|U|U|24|||||053|||||129|||||000379|A|13205|99999|99999|28590|00701|24864|0|1008|Block 1008|S||68|26|+42.9956469|-076.1418363|BK||99999
DHCST|NY|100|00|00|000|00|0214370|1000000US360670061031009|360670061031009|1|2|36|01779796|067|H1|00974132|73000|C5|00979539|99999|99|99999999||||99999|99|99999999|73000|C5|00979539|006103|1|1009|9999|9|99999|99|99999999|999|99999|99|99999999|999999|9|99999|99|99999999|45060|1|532|99999|99999|9|999|99999|Y|N|86302|U|U|24|||||053|||||129|||||000379|A|13205|99999|99999|28590|00701|26684|0|1009|Block 1009|S||59|28|+42.9947827|-076.1418663|BK||99999
DHCST|NY|100|00|00|000|00|0214371|1000000US360670061031010|360670061031010|1|2|36|01779796|067|H1|00974132|73000|C5|00979539|99999|99|99999999||||99999|99|99999999|73000|C5|00979539|006103|1|1010|9999|9|99999|99|99999999|999|99999|99|99999999|999999|9|99999|99|99999999|45060|1|532|99999|99999|9|999|99999|Y|N|86302|U|U|24|||||053|||||129|||||000379|A|13205|99999|99999|28590|00701|29199|0|1010|Block 1010|S||64|33|+42.9938952|-076.1419046|BK||99999
DHCST|NY|100|00|00|000|00|0214372|1000000US360670061031011|360670061031011|1|2|36|01779796|067|H1|00974132|73000|C5|00979539|99999|99|99999999||||99999|99|99999999|73000|C5|00979539|006103|1|1011|9999|9|99999|99|99999999|999|99999|99|99999999|999999|9|99999|99|99999999|45060|1|532|99999|99999|9|999|99999|Y|N|86302|U|U|24|||||053|||||129|||||000379|A|13205|99999|99999|28590|00701|11866|0|1011|Block 1011|S||49|11|+42.9940034|-076.1393964|BK||99999
DHCST|NY|100|00|00|000|00|0214373|1000000US360670061031012|360670061031012|1|2|36|01779796|067|H1|00974132|73000|C5|00979539|99999|99|99999999||||99999|99|99999999|73000|C5|00979539|006103|1|1012|9999|9|99999|99|99999999|999|99999|99|99999999|999999|9|99999|99|99999999|45060|1|532|99999|99999|9|999|99999|Y|N|86302|U|U|24|||||053|||||129|||||000380|A|13205|99999|99999|28590|00701|13902|0|1012|Block 1012|S||26|10|+42.9930075|-076.1393773|BK||99999
DHCST|NY|100|00|00|000|00|0214374|1000000US360670061031013|360670061031013|1|2|36|01779796|067|H1|00974132|73000|C5|00979539|99999|99|99999999||||99999|99|99999999|73000|C5|00979539|006103|1|1013|9999|9|99999|99|99999999|999|99999|99|99999999|999999|9|99999|99|99999999|45060|1|532|99999|99999|9|999|99999|Y|N|86302|U|U|24|||||053|||||129|||||000380|A|13205|99999|99999|28590|00701|36928|0|1013|Block 1013|S||78|37|+42.9928991|-076.1419467|BK||99999
DHCST|NY|100|00|00|000|00|0214375|1000000US360670061031014|360670061031014|1|2|36|01779796|067|H1|00974132|73000|C5|00979539|99999|99|99999999||||99999|99|99999999|73000|C5|00979539|006103|1|1014|9999|9|99999|99|99999999|999|99999|99|99999999|999999|9|99999|99|99999999|45060|1|532|99999|99999|9|999|99999|Y|N|86302|U|U|24|||||053|||||129|||||000380|A|13205|99999|99999|28590|00701|30253|0|1014|Block 1014|S||77|36|+42.9919222|-076.1420347|BK||99999
DHCST|NY|100|00|00|000|00|0214376|1000000US360670061031015|360670061031015|1|2|36|01779796|067|H1|00974132|73000|C5|00979539|99999|99|99999999||||99999|99|99999999|73000|C5|00979539|006103|1|1015|9999|9|99999|99|99999999|999|99999|99|99999999|999999|9|99999|99|99999999|45060|1|532|99999|99999|9|999|99999|Y|N|86302|U|U|24|||||053|||||129|||||000380|A|13205|99999|99999|28590|00701|10990|0|1015|Block 1015|S||28|12|+42.9920301|-076.1393810|BK||99999
DHCST|NY|100|00|00|000|00|0214377|1000000US360670061031016|360670061031016|1|2|36|01779796|067|H1|00974132|73000|C5|00979539|99999|99|99999999||||99999|99|99999999|73000|C5|00979539|006103|1|1016|9999|9|99999|99|99999999|999|99999|99|99999999|999999|9|99999|99|99999999|45060|1|532|99999|99999|9|999|99999|Y|N|86302|U|U|24|||||053|||||129|||||000380|A|13205|99999|99999|28590|00701|455198|0|1016|Block 1016|S||457|210|+42.9887891|-076.1390121|BK||99999
DHCST|NY|100|00|00|000|00|0214378|1000000US360670061031017|360670061031017|1|2|36|01779796|067|H1|00974132|73000|C5|00979539|99999|99|99999999||||99999|99|99999999|73000|C5|00979539|006103|1|1017|9999|9|99999|99|99999999|999|99999|99|99999999|999999|9|99999|99|99999999|45060|1|532|99999|99999|9|999|99999|Y|N|86302|U|U|24|||||053|||||129|||||000384|A|13205|99999|99999|28590|00701|45793|0|1017|Block 1017|S||61|31|+42.9856668|-076.1398948|BK||99999
DHCST|NY|100|00|00|000|00|0214379|1000000US360670061031018|360670061031018|1|2|36|01779796|067|H1|00974132|73000|C5|00979539|99999|99|99999999||||99999|99|99999999|73000|C5|00979539|006103|1|1018|9999|9|99999|99|99999999|999|99999|99|99999999|999999|9|99999|99|99999999|45060|1|532|99999|99999|9|999|99999|Y|N|86302|U|U|24|||||053|||||129|||||000380|A|13205|99999|99999|28590|00701|33336|0|1018|Block 1018|S||87|39|+42.9886018|-076.1420245|BK||99999
DHCST|NY|100|00|00|000|00|0214380|1000000US360670061031019|360670061031019|1|2|36|01779796|067|H1|00974132|73000|C5|00979539|99999|99|99999999||||99999|99|99999999|73000|C5|00979539|006103|1|1019|9999|9|99999|99|99999999|999|99999|99|99999999|999999|9|99999|99|99999999|45060|1|532|99999|99999|9|999|99999|Y|N|86302|U|U|24|||||053|||||129|||||000384|A|13205|99999|99999|28590|00701|36824|0|1019|Block 1019|S||54|25|+42.9849348|-076.1388898|BK||99999
DHCST|NY|100|00|00|000|00|0214381|1000000US360670061032000|360670061032000|1|2|36|01779796|067|H1|00974132|73000|C5|00979539|99999|99|99999999||||99999|99|99999999|73000|C5|00979539|006103|2|2000|9999|9|99999|99|99999999|999|99999|99|99999999|999999|9|99999|99|99999999|45060|1|532|99999|99999|9|999|99999|Y|N|86302|U|U|24|||||053|||||129|||||000384|A|13205|99999|99999|28590|00701|535963|0|2000|Block 2000|S||519|242|+42.9932875|-076.1462730|BK||99999
DHCST|NY|100|00|00|000|00|0214382|1000000US360670061032001|360670061032001|1|2|36|01779796|067|H1|00974132|73000|C5|00979539|99999|99|99999999||||99999|99|99999999|73000|C5|00979539|006103|2|2001|9999|9|99999|99|99999999|999|99999|99|99999999|999999|9|99999|99|99999999|45060|1|532|99999|99999|9|999|99999|Y|N|86302|U|U|24|||||053|||||129|||||000384|A|13205|99999|99999|28590|00701|15201|0|2001|Block 2001|S||43|22|+42.9939700|-076.1445154|BK||99999
DHCST|NY|100|00|00|000|00|0214383|1000000US360670061032002|360670061032002|1|2|36|01779796|067|H1|00974132|73000|C5|00979539|99999|99|99999999||||99999|99|99999999|73000|C5|00979539|006103|2|2002|9999|9|99999|99|99999999|999|99999|99|99999999|999999|9|99999|99|99999999|45060|1|532|99999|99999|9|999|99999|Y|N|86302|U|U|24|||||053|||||129|||||000384|A|13205|99999|99999|28590|00701|9639|0|2002|Block 2002|S||38|12|+42.9939005|-076.1459064|BK||99999
DHCST|NY|100|00|00|000|00|0214384|1000000US360670061032003|360670061032003|1|2|36|01779796|067|H1|00974132|73000|C5|00979539|99999|99|99999999||||99999|99|99999999|73000|C5|00979539|006103|2|2003|9999|9|99999|99|99999999|999|99999|99|99999999|999999|9|99999|99|99999999|45060|1|532|99999|99999|9|999|99999|Y|N|86302|U|U|24|||||053|||||129|||||000384|A|13205|99999|99999|28590|00701|16257|0|2003|Block 2003|S||40|13|+42.9911709|-076.1461640|BK||99999
DHCST|NY|100|00|00|000|00|0214385|1000000US360670061032004|360670061032004|1|2|36|01779796|067|H1|00974132|73000|C5|00979539|99999|99|99999999||||99999|99|99999999|73000|C5|00979539|006103|2|2004|9999|9|99999|99|99999999|999|99999|99|99999999|999999|9|99999|99|99999999|45060|1|532|99999|99999|9|999|99999|Y|N|86302|U|U|24|||||053|||||129|||||000384|A|13205|99999|99999|28590|00701|85204|0|2004|Block 2004|S||125|45|+42.9887005|-076.1454925|BK||99999
DHCST|NY|100|00|00|000|00|0214386|1000000US360670061032005|360670061032005|1|2|36|01779796|067|H1|00974132|73000|C5|00979539|99999|99|99999999||||99999|99|99999999|73000|C5|00979539|006103|2|2005|9999|9|99999|99|99999999|999|99999|99|99999999|999999|9|99999|99|99999999|45060|1|532|99999|99999|9|999|99999|Y|N|86302|U|U|24|||||053|||||129|||||000384|A|13205|99999|99999|28590|00701|12837|0|2005|Block 2005|S||30|13|+42.9850887|-076.1452542|BK||99999
DHCST|NY|100|00|00|000|00|0214387|1000000US360670061032006|360670061032006|1|2|36|01779796|067|H1|00974132|73000|C5|00979539|99999|99|99999999||||99999|99|99999999|73000|C5|00979539|006103|2|2006|9999|9|99999|99|99999999|999|99999|99|99999999|999999|9|99999|99|99999999|45060|1|532|99999|99999|9|999|99999|Y|N|86302|U|U|24|||||053|||||129|||||000384|A|13205|99999|99999|28590|00701|10238|0|2006|Block 2006|S||24|8|+42.9849789|-076.1482263|BK||99999
DHCST|NY|100|00|00|000|00|0214388|1000000US360670061032007|360670061032007|1|2|36|01779796|067|H1|00974132|73000|C5|00979539|99999|99|99999999||||99999|99|99999999|73000|C5|00979539|006103|2|2007|9999|9|99999|99|99999999|999|99999|99|99999999|999999|9|99999|99|99999999|45060|1|532|99999|99999|9|999|99999|Y|N|86302|U|U|24|||||053|||||129|||||000384|A|13205|99999|99999|28590|00701|1394|0|2007|Block 2007|S||0|0|+42.9849138|-076.1497447|BK||99999
DHCST|NY|100|00|00|000|00|0217241|1000000US360670132001002|360670132001002|1|2|36|01779796|067|H1|00974132|73000|C5|00979539|99999|99|99999999||||99999|99|99999999|73000|C5|00979539|013200|1|1002|9999|9|99999|99|99999999|999|99999|99|99999999|999999|9|99999|99|99999999|45060|1|532|99999|99999|9|999|99999|Y|N|86302|U|U|24|||||053|||||129|||||000335|A|13219|99999|99999|28590|00703|4868|0|1002|Block 1002|S||2|1|+43.0423246|-076.1944514|BK||99999
DHCST|NY|100|00|00|000|00|0217242|1000000US360670132001003|360670132001003|1|2|36|01779796|067|H1|00974132|73000|C5|00979539|99999|99|99999999||||99999|99|99999999|73000|C5|00979539|013200|1|1003|9999|9|99999|99|99999999|999|99999|99|99999999|999999|9|99999|99|99999999|45060|1|532|99999|99999|9|999|99999|Y|N|86302|U|U|24|||||053|||||129|||||000335|A|13219|99999|99999|28590|00703|5482|0|1003|Block 1003|S||0|0|+43.0424220|-076.1911393|BK||99999
DHCST|NY|100|00|00|000|00|0217248|1000000US360670132001009|360670132001009|1|2|36|01779796|067|H1|00974132|73000|C5|00979539|99999|99|99999999||||99999|99|99999999|73000|C5|00979539|013200|1|1009|9999|9|99999|99|99999999|999|99999|99|99999999|999999|9|99999|99|99999999|45060|1|532|99999|99999|9|999|99999|Y|N|86302|U|U|24|||||053|||||129|||||000335|A|13219|99999|99999|28590|00703|1322|0|1009|Block 1009|S||0|0|+43.0419631|-076.1959106|BK||99999
DHCST|NY|100|00|00|000|00|0217249|1000000US360670132001010|360670132001010|1|2|36|01779796|067|H1|00974132|73000|C5|00979539|99999|99|99999999||||99999|99|99999999|73000|C5|00979539|013200|1|1010|9999|9|99999|99|99999999|999|99999|99|99999999|999999|9|99999|99|99999999|45060|1|532|99999|99999|9|999|99999|Y|N|86302|U|U|24|||||053|||||129|||||000335|A|13219|99999|99999|28590|00703|1718|0|1010|Block 1010|S||0|0|+43.0418338|-076.1976804|BK||99999
DHCST|NY|100|00|00|000|00|0217250|1000000US360670132001011|360670132001011|1|2|36|01779796|067|H1|00974132|73000|C5|00979539|99999|99|99999999||||99999|99|99999999|73000|C5|00979539|013200|1|1011|9999|9|99999|99|99999999|999|99999|99|99999999|999999|9|99999|99|99999999|45060|1|532|99999|99999|9|999|99999|Y|N|86302|U|U|24|||||053|||||129|||||000335|A|13219|99999|99999|28590|00703|2547|0|1011|Block 1011|S||0|0|+43.0419061|-076.1978987|BK||99999
DHCST|NY|100|00|00|000|00|0217280|1000000US360670132002001|360670132002001|1|2|36|01779796|067|H1|00974132|73000|C5|00979539|99999|99|99999999||||99999|99|99999999|73000|C5|00979539|013200|2|2001|9999|9|99999|99|99999999|999|99999|99|99999999|999999|9|99999|99|99999999|45060|1|532|99999|99999|9|999|99999|Y|N|86302|U|U|24|||||053|||||129|||||000335|A|13219|99999|99999|28590|00703|152764|49323|2001|Block 2001|S||2|1|+43.0416932|-076.2009884|BK||99999
DHCST|NY|100|00|00|000|00|0217281|1000000US360670132002002|360670132002002|1|2|36|01779796|067|H1|00974132|73000|C5|00979539|99999|99|99999999||||99999|99|99999999|73000|C5|00979539|013200|2|2002|9999|9|99999|99|99999999|999|99999|99|99999999|999999|9|99999|99|99999999|45060|1|532|99999|99999|9|999|99999|Y|N|86302|U|U|24|||||053|||||129|||||000335|A|13219|99999|99999|28590|00703|1201|0|2002|Block 2002|S||0|0|+43.0417320|-076.1999184|BK||99999
DHCST|NY|100|00|00|000|00|0217311|1000000US360670132002032|360670132002032|1|2|36|01779796|067|H1|00974132|73000|C5|00979539|99999|99|99999999||||99999|99|99999999|73000|C5|00979539|013200|2|2032|9999|9|99999|99|99999999|999|99999|99|99999999|999999|9|99999|99|99999999|45060|1|532|99999|99999|9|999|99999|Y|N|86302|U|U|24|||||053|||||129|||||000335|A|13219|99999|99999|28590|00703|1229|0|2032|Block 2032|S||0|0|+43.0416112|-076.2032932|BK||99999
DHCST|NY|100|00|00|000|00|0217312|1000000US360670132002033|360670132002033|1|2|36|01779796|067|H1|00974132|73000|C5|00979539|99999|99|99999999||||99999|99|99999999|73000|C5|00979539|013200|2|2033|9999|9|99999|99|99999999|999|99999|99|99999999|999999|9|99999|99|99999999|45060|1|532|99999|99999|9|999|99999|Y|N|86302|U|U|24|||||053|||||129|||||000335|A|13219|99999|99999|28590|00703|1075|0|2033|Block 2033|S||0|0|+43.0416580|-076.2019444|BK||99999
DHCST|NY|160|00|00|000|00|0384889|1600000US3673000|3673000|1|2|36|01779796||||||||||||||||73000|C5|00979539||||||||||||||||||||||||||Y|N||||||||||||||||||||||||||64903077|1507055|Syracuse|Syracuse city|A||148620|66791|+43.0409981|-076.1435544|25||
