{"type":"FeatureCollection","features":[{"type":"Feature","id":305654,"geometry":{"type":"LineString","coordinates":[[-76.1424719579502,43.0404112024103],[-76.1425025976879,43.0406789904806],[-76.1425352343805,43.0410378346418],[-76.1425489812993,43.041384358636],[-76.1425561489569,43.0417447625493],[-76.1425678575984,43.042589341182]]},"properties":{"OBJECTID":305654,"DateModified":1532367607000,"NYSStreetID":"477438194","LocalID":"13017750","LeftFromPrefixAddressNumber":null,"RightFromPrefixAddressNumber":null,"LeftToPrefixAddressNumber":null,"RightToPrefixAddressNumber":null,"LeftFromAddress":8453,"LeftToAddress":8467,"RightFromAddress":8452,"RightToAddress":8466,"CompleteStreetName":"Interstate 81 Southbound","PreModifier":null,"PreDirectional":null,"PreType":"Interstate","SeparatorElement":null,"StreetName":"81","PostType":null,"PostDirectional":null,"PostModifier":"Southbound","SHIELD":"I","HighwayNumber":"81","NavigationDirection":"S","JURISDICTION":"01","FCC":"A15","ACC":"1","SPEED":65,"OneWay":"TF","FromZlev":1,"ToZlev":1,"FromToDirection":null,"ToFromDirection":"S","FromToCost":-1,"ToFromCost":0.13890593,"LeftStateName":"NY","RightStateName":"NY","LeftCountyName":"Onondaga","RightCountyName":"Onondaga","LeftPostal":"13202","RightPostal":"13210","LeftZipName":"Syracuse","RightZipName":"Syracuse","LeftCityTownName":"Syracuse","RightCityTownName":"Syracuse","LeftPlaceName":null,"RightPlaceName":null,"LeftFIPS":"979539","RightFIPS":"979539","GeometryAccuracy":"T","GeometrySource":"NYSDOP Orthoimagery","NameSource":"County E911","AddressSource":"County E911","Status":"Active","CLDXF_PreDirectional":null,"CLDXF_PostType":null,"CLDXF_PostDirectional":null,"Label":"Interstate 81 Southbound","LeftCountry":"US","RightCountry":"US","LeftParity":"O","RightParity":"E","LeftESN":null,"RightESN":null,"LeftIncorporatedMunicipality":"Syracuse","RightIncorporatedMunicipality":"Syracuse","LeftUnincorporatedMunicipality":null,"RightUnincorporatedMunicipality":null,"LeftNeighborhoodCommunity":null,"RightNeighborhoodCommunity":null,"LeftMSAGCommunityName":"SYR","RightMSAGCommunityName":"SYR","DiscrepancyAgencyID":"13017750","Maintenance":null,"LeftMunicipalityType":"1","RightMunicipalityType":"1","LeftFrom_Text":"8453","LeftTo_Text":"8467","RightFrom_Text":"8452","RightTo_Text":"8466","CR_USERNAME":null,"CR_DATETIME":null,"AT_USERNAME":"rcoryell","AT_DATETIME":1601550861000,"SP_USERNAME":"JLevandowskiII","SP_DATETIME":1564483689000,"USERNAME":null,"Shape__Length":242.12464055612958}},{"type":"Feature","id":305657,"geometry":{"type":"LineString","coordinates":[[-76.1423550718604,43.0404137925155],[-76.1423813152431,43.0406200400445],[-76.1424162615043,43.0409717104517],[-76.1424353965181,43.0413902563662],[-76.142443282828,43.0417537597682],[-76.1424510451704,43.0425173604346],[-76.1424541299851,43.0427186526316]]},"properties":{"OBJECTID":305657,"DateModified":1532367607000,"NYSStreetID":"477438190","LocalID":"13002417","LeftFromPrefixAddressNumber":null,"RightFromPrefixAddressNumber":null,"LeftToPrefixAddressNumber":null,"RightToPrefixAddressNumber":null,"LeftFromAddress":8451,"LeftToAddress":8467,"RightFromAddress":8452,"RightToAddress":8468,"CompleteStreetName":"Interstate 81 Northbound","PreModifier":null,"PreDirectional":null,"PreType":"Interstate","SeparatorElement":null,"StreetName":"81","PostType":null,"PostDirectional":null,"PostModifier":"Northbound","SHIELD":"I","HighwayNumber":"81","NavigationDirection":"N","JURISDICTION":"01","FCC":"A15","ACC":"1","SPEED":65,"OneWay":"FT","FromZlev":1,"ToZlev":1,"FromToDirection":"N","ToFromDirection":null,"FromToCost":0.14699129,"ToFromCost":-1,"LeftStateName":"NY","RightStateName":"NY","LeftCountyName":"Onondaga","RightCountyName":"Onondaga","LeftPostal":"13202","RightPostal":"13210","LeftZipName":"Syracuse","RightZipName":"Syracuse","LeftCityTownName":"Syracuse","RightCityTownName":"Syracuse","LeftPlaceName":null,"RightPlaceName":null,"LeftFIPS":"979539","RightFIPS":"979539","GeometryAccuracy":"T","GeometrySource":"NYSDOP Orthoimagery","NameSource":"County E911","AddressSource":"County E911","Status":"Active","CLDXF_PreDirectional":null,"CLDXF_PostType":null,"CLDXF_PostDirectional":null,"Label":"Interstate 81 Northbound","LeftCountry":"US","RightCountry":"US","LeftParity":"O","RightParity":"E","LeftESN":null,"RightESN":null,"LeftIncorporatedMunicipality":"Syracuse","RightIncorporatedMunicipality":"Syracuse","LeftUnincorporatedMunicipality":null,"RightUnincorporatedMunicipality":null,"LeftNeighborhoodCommunity":null,"RightNeighborhoodCommunity":null,"LeftMSAGCommunityName":"SYR","RightMSAGCommunityName":"SYR","DiscrepancyAgencyID":"13002417","Maintenance":null,"LeftMunicipalityType":"1","RightMunicipalityType":"1","LeftFrom_Text":"8451","LeftTo_Text":"8467","RightFrom_Text":"8452","RightTo_Text":"8468","CR_USERNAME":null,"CR_DATETIME":null,"AT_USERNAME":"JLevandowskiII","AT_DATETIME":1605522080000,"SP_USERNAME":"JLevandowskiII","SP_DATETIME":1564572117000,"USERNAME":null,"Shape__Length":256.2180646493665}},{"type":"Feature","id":305706,"geometry":{"type":"LineString","coordinates":[[-76.145103290504,43.0442875982824],[-76.1441916397295,43.0442798061356]]},"properties":{"OBJECTID":305706,"DateModified":1532367607000,"NYSStreetID":"477741242","LocalID":"12577675","LeftFromPrefixAddressNumber":null,"RightFromPrefixAddressNumber":null,"LeftToPrefixAddressNumber":null,"RightToPrefixAddressNumber":null,"LeftFromAddress":501,"LeftToAddress":539,"RightFromAddress":452,"RightToAddress":538,"CompleteStreetName":"Harrison Street","PreModifier":null,"PreDirectional":null,"PreType":null,"SeparatorElement":null,"StreetName":"Harrison","PostType":"St","PostDirectional":null,"PostModifier":null,"SHIELD":null,"HighwayNumber":null,"NavigationDirection":null,"JURISDICTION":"12","FCC":"A40","ACC":"3","SPEED":25,"OneWay":"TF","FromZlev":0,"ToZlev":0,"FromToDirection":null,"ToFromDirection":null,"FromToCost":-1,"ToFromCost":0.110777,"LeftStateName":"NY","RightStateName":"NY","LeftCountyName":"Onondaga","RightCountyName":"Onondaga","LeftPostal":"13202","RightPostal":"13202","LeftZipName":"Syracuse","RightZipName":"Syracuse","LeftCityTownName":"Syracuse","RightCityTownName":"Syracuse","LeftPlaceName":null,"RightPlaceName":null,"LeftFIPS":"979539","RightFIPS":"979539","GeometryAccuracy":"T","GeometrySource":"NYSDOP Orthoimagery","NameSource":"Tele Atlas","AddressSource":"NYSDP Build","Status":"Active","CLDXF_PreDirectional":null,"CLDXF_PostType":"Street","CLDXF_PostDirectional":null,"Label":"Harrison St","LeftCountry":"US","RightCountry":"US","LeftParity":"O","RightParity":"E","LeftESN":null,"RightESN":null,"LeftIncorporatedMunicipality":"Syracuse","RightIncorporatedMunicipality":"Syracuse","LeftUnincorporatedMunicipality":null,"RightUnincorporatedMunicipality":null,"LeftNeighborhoodCommunity":null,"RightNeighborhoodCommunity":null,"LeftMSAGCommunityName":"SYR","RightMSAGCommunityName":"SYR","DiscrepancyAgencyID":"12577675","Maintenance":null,"LeftMunicipalityType":"1","RightMunicipalityType":"1","LeftFrom_Text":"501","LeftTo_Text":"539","RightFrom_Text":"452","RightTo_Text":"538","CR_USERNAME":null,"CR_DATETIME":null,"AT_USERNAME":"cfargione2","AT_DATETIME":1597662007000,"SP_USERNAME":null,"SP_DATETIME":null,"USERNAME":null,"Shape__Length":74.26673745223253}},{"type":"Feature","id":305707,"geometry":{"type":"LineString","coordinates":[[-76.1441916397295,43.0442798061356],[-76.1441662587295,43.044279591456],[-76.1436052922756,43.04429861653]]},"properties":{"OBJECTID":305707,"DateModified":1555435039000,"NYSStreetID":"800032456","LocalID":"13029805","LeftFromPrefixAddressNumber":null,"RightFromPrefixAddressNumber":null,"LeftToPrefixAddressNumber":null,"RightToPrefixAddressNumber":null,"LeftFromAddress":541,"LeftToAddress":549,"RightFromAddress":540,"RightToAddress":548,"CompleteStreetName":"Harrison Street","PreModifier":null,"PreDirectional":null,"PreType":null,"SeparatorElement":null,"StreetName":"Harrison","PostType":"St","PostDirectional":null,"PostModifier":null,"SHIELD":null,"HighwayNumber":null,"NavigationDirection":null,"JURISDICTION":"12","FCC":"A40","ACC":"3","SPEED":25,"OneWay":"TF","FromZlev":0,"ToZlev":0,"FromToDirection":null,"ToFromDirection":null,"FromToCost":-1,"ToFromCost":0.07131673,"LeftStateName":"NY","RightStateName":"NY","LeftCountyName":"Onondaga","RightCountyName":"Onondaga","LeftPostal":"13202","RightPostal":"13202","LeftZipName":"Syracuse","RightZipName":"Syracuse","LeftCityTownName":"Syracuse","RightCityTownName":"Syracuse","LeftPlaceName":null,"RightPlaceName":null,"LeftFIPS":"979539","RightFIPS":"979539","GeometryAccuracy":"T","GeometrySource":"NYSDOP Orthoimagery","NameSource":"Tele Atlas","AddressSource":"NYSDP Build","Status":"Active","CLDXF_PreDirectional":null,"CLDXF_PostType":"Street","CLDXF_PostDirectional":null,"Label":"Harrison St","LeftCountry":"US","RightCountry":"US","LeftParity":"O","RightParity":"E","LeftESN":null,"RightESN":null,"LeftIncorporatedMunicipality":"Syracuse","RightIncorporatedMunicipality":"Syracuse","LeftUnincorporatedMunicipality":null,"RightUnincorporatedMunicipality":null,"LeftNeighborhoodCommunity":null,"RightNeighborhoodCommunity":null,"LeftMSAGCommunityName":"SYR","RightMSAGCommunityName":"SYR","DiscrepancyAgencyID":"13029805","Maintenance":null,"LeftMunicipalityType":"1","RightMunicipalityType":"1","LeftFrom_Text":"541","LeftTo_Text":"549","RightFrom_Text":"540","RightTo_Text":"548","CR_USERNAME":null,"CR_DATETIME":null,"AT_USERNAME":"JLevandowskiII","AT_DATETIME":1602246085000,"SP_USERNAME":null,"SP_DATETIME":null,"USERNAME":null,"Shape__Length":47.8119297440463}},{"type":"Feature","id":305708,"geometry":{"type":"LineString","coordinates":[[-76.1441916397295,43.0442798061356],[-76.1441911438595,43.0447273720789],[-76.1441934480382,43.0449108059783]]},"properties":{"OBJECTID":305708,"DateModified":1555434879000,"NYSStreetID":"800032454","LocalID":"13029804","LeftFromPrefixAddressNumber":null,"RightFromPrefixAddressNumber":null,"LeftToPrefixAddressNumber":null,"RightToPrefixAddressNumber":null,"LeftFromAddress":null,"LeftToAddress":null,"RightFromAddress":null,"RightToAddress":null,"CompleteStreetName":"Presidential Plaza","PreModifier":null,"PreDirectional":null,"PreType":null,"SeparatorElement":null,"StreetName":"Presidential","PostType":"Plz","PostDirectional":null,"PostModifier":null,"SHIELD":null,"HighwayNumber":null,"NavigationDirection":null,"JURISDICTION":"14","FCC":"A74","ACC":"6","SPEED":5,"OneWay":null,"FromZlev":0,"ToZlev":0,"FromToDirection":null,"ToFromDirection":null,"FromToCost":0.52266291,"ToFromCost":0.52266291,"LeftStateName":"NY","RightStateName":"NY","LeftCountyName":"Onondaga","RightCountyName":"Onondaga","LeftPostal":"13202","RightPostal":"13202","LeftZipName":"Syracuse","RightZipName":"Syracuse","LeftCityTownName":"Syracuse","RightCityTownName":"Syracuse","LeftPlaceName":null,"RightPlaceName":null,"LeftFIPS":"979539","RightFIPS":"979539","GeometryAccuracy":"T","GeometrySource":"NYSDOP Orthoimagery","NameSource":"NAVTEQ","AddressSource":"NAVTEQ","Status":"Active","CLDXF_PreDirectional":null,"CLDXF_PostType":"Plaza","CLDXF_PostDirectional":null,"Label":"Presidential Plz","LeftCountry":"US","RightCountry":"US","LeftParity":null,"RightParity":null,"LeftESN":null,"RightESN":null,"LeftIncorporatedMunicipality":"Syracuse","RightIncorporatedMunicipality":"Syracuse","LeftUnincorporatedMunicipality":null,"RightUnincorporatedMunicipality":null,"LeftNeighborhoodCommunity":null,"RightNeighborhoodCommunity":null,"LeftMSAGCommunityName":"SYR","RightMSAGCommunityName":"SYR","DiscrepancyAgencyID":"13029804","Maintenance":null,"LeftMunicipalityType":"1","RightMunicipalityType":"1","LeftFrom_Text":null,"LeftTo_Text":null,"RightFrom_Text":null,"RightTo_Text":null,"CR_USERNAME":null,"CR_DATETIME":null,"AT_USERNAME":"JLevandowskiII","AT_DATETIME":1646317368000,"SP_USERNAME":null,"SP_DATETIME":null,"USERNAME":null,"Shape__Length":70.0803651044524}},{"type":"Feature","id":305709,"geometry":{"type":"LineString","coordinates":[[-76.1448623174291,43.0427576458607],[-76.1439932854266,43.0427476068775]]},"properties":{"OBJECTID":305709,"DateModified":1532367607000,"NYSStreetID":"477437384","LocalID":"12577670","LeftFromPrefixAddressNumber":null,"RightFromPrefixAddressNumber":null,"LeftToPrefixAddressNumber":null,"RightToPrefixAddressNumber":null,"LeftFromAddress":551,"LeftToAddress":599,"RightFromAddress":526,"RightToAddress":598,"CompleteStreetName":"East Adams Street","PreModifier":null,"PreDirectional":"E","PreType":null,"SeparatorElement":null,"StreetName":"Adams","PostType":"St","PostDirectional":null,"PostModifier":null,"SHIELD":"SH","HighwayNumber":"930C","NavigationDirection":null,"JURISDICTION":"12","FCC":"A30","ACC":"3","SPEED":35,"OneWay":"FT","FromZlev":0,"ToZlev":0,"FromToDirection":null,"ToFromDirection":null,"FromToCost":0.07543343,"ToFromCost":-1,"LeftStateName":"NY","RightStateName":"NY","LeftCountyName":"Onondaga","RightCountyName":"Onondaga","LeftPostal":"13202","RightPostal":"13202","LeftZipName":"Syracuse","RightZipName":"Syracuse","LeftCityTownName":"Syracuse","RightCityTownName":"Syracuse","LeftPlaceName":null,"RightPlaceName":null,"LeftFIPS":"979539","RightFIPS":"979539","GeometryAccuracy":"T","GeometrySource":"NYSDOP Orthoimagery","NameSource":"Tele Atlas","AddressSource":"NYSDP Build","Status":"Active","CLDXF_PreDirectional":"East","CLDXF_PostType":"Street","CLDXF_PostDirectional":null,"Label":"E Adams St","LeftCountry":"US","RightCountry":"US","LeftParity":"O","RightParity":"E","LeftESN":null,"RightESN":null,"LeftIncorporatedMunicipality":"Syracuse","RightIncorporatedMunicipality":"Syracuse","LeftUnincorporatedMunicipality":null,"RightUnincorporatedMunicipality":null,"LeftNeighborhoodCommunity":null,"RightNeighborhoodCommunity":null,"LeftMSAGCommunityName":"SYR","RightMSAGCommunityName":"SYR","DiscrepancyAgencyID":"12577670","Maintenance":null,"LeftMunicipalityType":"1","RightMunicipalityType":"1","LeftFrom_Text":"551","LeftTo_Text":"599","RightFrom_Text":"526","RightTo_Text":"598","CR_USERNAME":null,"CR_DATETIME":null,"AT_USERNAME":"cfargione2","AT_DATETIME":1597662007000,"SP_USERNAME":null,"SP_DATETIME":null,"USERNAME":null,"Shape__Length":70.80057157686689}},{"type":"Feature","id":305711,"geometry":{"type":"LineString","coordinates":[[-76.1439932854266,43.0427476068775],[-76.143994243929,43.0416496298777]]},"properties":{"OBJECTID":305711,"DateModified":1532367607000,"NYSStreetID":"477437782","LocalID":"12577669","LeftFromPrefixAddressNumber":null,"RightFromPrefixAddressNumber":null,"LeftToPrefixAddressNumber":null,"RightToPrefixAddressNumber":null,"LeftFromAddress":801,"LeftToAddress":999,"RightFromAddress":800,"RightToAddress":998,"CompleteStreetName":"South McBride Street","PreModifier":null,"PreDirectional":"S","PreType":null,"SeparatorElement":null,"StreetName":"McBride","PostType":"St","PostDirectional":null,"PostModifier":null,"SHIELD":null,"HighwayNumber":null,"NavigationDirection":null,"JURISDICTION":"12","FCC":"A41","ACC":"5","SPEED":25,"OneWay":null,"FromZlev":0,"ToZlev":0,"FromToDirection":null,"ToFromDirection":null,"FromToCost":0.18189049,"ToFromCost":0.18189049,"LeftStateName":"NY","RightStateName":"NY","LeftCountyName":"Onondaga","RightCountyName":"Onondaga","LeftPostal":"13202","RightPostal":"13202","LeftZipName":"Syracuse","RightZipName":"Syracuse","LeftCityTownName":"Syracuse","RightCityTownName":"Syracuse","LeftPlaceName":null,"RightPlaceName":null,"LeftFIPS":"979539","RightFIPS":"979539","GeometryAccuracy":"T","GeometrySource":"NYSDOP Orthoimagery","NameSource":"Tele Atlas","AddressSource":"NYSDP Build","Status":"Active","CLDXF_PreDirectional":"South","CLDXF_PostType":"Street","CLDXF_PostDirectional":null,"Label":"S McBride St","LeftCountry":"US","RightCountry":"US","LeftParity":"O","RightParity":"E","LeftESN":null,"RightESN":null,"LeftIncorporatedMunicipality":"Syracuse","RightIncorporatedMunicipality":"Syracuse","LeftUnincorporatedMunicipality":null,"RightUnincorporatedMunicipality":null,"LeftNeighborhoodCommunity":null,"RightNeighborhoodCommunity":null,"LeftMSAGCommunityName":"SYR","RightMSAGCommunityName":"SYR","DiscrepancyAgencyID":"12577669","Maintenance":null,"LeftMunicipalityType":"1","RightMunicipalityType":"1","LeftFrom_Text":"801","LeftTo_Text":"999","RightFrom_Text":"800","RightTo_Text":"998","CR_USERNAME":null,"CR_DATETIME":null,"AT_USERNAME":"rcoryell","AT_DATETIME":1615451725000,"SP_USERNAME":null,"SP_DATETIME":null,"USERNAME":null,"Shape__Length":121.94241219680235}},{"type":"Feature","id":305712,"geometry":{"type":"LineString","coordinates":[[-76.1439932854266,43.0427476068775],[-76.1431102513838,43.042730587019]]},"properties":{"OBJECTID":305712,"DateModified":1532367607000,"NYSStreetID":"477437396","LocalID":"12577724","LeftFromPrefixAddressNumber":null,"RightFromPrefixAddressNumber":null,"LeftToPrefixAddressNumber":null,"RightToPrefixAddressNumber":null,"LeftFromAddress":601,"LeftToAddress":625,"RightFromAddress":600,"RightToAddress":624,"CompleteStreetName":"East Adams Street","PreModifier":null,"PreDirectional":"E","PreType":null,"SeparatorElement":null,"StreetName":"Adams","PostType":"St","PostDirectional":null,"PostModifier":null,"SHIELD":"SH","HighwayNumber":"930C","NavigationDirection":null,"JURISDICTION":"12","FCC":"A30","ACC":"3","SPEED":35,"OneWay":"FT","FromZlev":0,"ToZlev":0,"FromToDirection":null,"ToFromDirection":null,"FromToCost":0.07666582,"ToFromCost":-1,"LeftStateName":"NY","RightStateName":"NY","LeftCountyName":"Onondaga","RightCountyName":"Onondaga","LeftPostal":"13202","RightPostal":"13202","LeftZipName":"Syracuse","RightZipName":"Syracuse","LeftCityTownName":"Syracuse","RightCityTownName":"Syracuse","LeftPlaceName":null,"RightPlaceName":null,"LeftFIPS":"979539","RightFIPS":"979539","GeometryAccuracy":"T","GeometrySource":"NYSDOP Orthoimagery","NameSource":"Tele Atlas","AddressSource":"NYSDP Build","Status":"Active","CLDXF_PreDirectional":"East","CLDXF_PostType":"Street","CLDXF_PostDirectional":null,"Label":"E Adams St","LeftCountry":"US","RightCountry":"US","LeftParity":"O","RightParity":"E","LeftESN":null,"RightESN":null,"LeftIncorporatedMunicipality":"Syracuse","RightIncorporatedMunicipality":"Syracuse","LeftUnincorporatedMunicipality":null,"RightUnincorporatedMunicipality":null,"LeftNeighborhoodCommunity":null,"RightNeighborhoodCommunity":null,"LeftMSAGCommunityName":"SYR","RightMSAGCommunityName":"SYR","DiscrepancyAgencyID":"12577724","Maintenance":null,"LeftMunicipalityType":"1","RightMunicipalityType":"1","LeftFrom_Text":"601","LeftTo_Text":"625","RightFrom_Text":"600","RightTo_Text":"624","CR_USERNAME":null,"CR_DATETIME":null,"AT_USERNAME":"cfargione2","AT_DATETIME":1597662007000,"SP_USERNAME":null,"SP_DATETIME":null,"USERNAME":null,"Shape__Length":71.9572412691654}},{"type":"Feature","id":305713,"geometry":{"type":"LineString","coordinates":[[-76.1431102513838,43.042730587019],[-76.1431193180799,43.0416386525164]]},"properties":{"OBJECTID":305713,"DateModified":1532367607000,"NYSStreetID":"477437790","LocalID":"12577722","LeftFromPrefixAddressNumber":null,"RightFromPrefixAddressNumber":null,"LeftToPrefixAddressNumber":null,"RightToPrefixAddressNumber":null,"LeftFromAddress":1,"LeftToAddress":199,"RightFromAddress":2,"RightToAddress":198,"CompleteStreetName":"Tyler Court","PreModifier":null,"PreDirectional":null,"PreType":null,"SeparatorElement":null,"StreetName":"Tyler","PostType":"Ct","PostDirectional":null,"PostModifier":null,"SHIELD":null,"HighwayNumber":null,"NavigationDirection":null,"JURISDICTION":"12","FCC":"A41","ACC":"5","SPEED":25,"OneWay":null,"FromZlev":0,"ToZlev":0,"FromToDirection":null,"ToFromDirection":null,"FromToCost":0.18089281,"ToFromCost":0.18089281,"LeftStateName":"NY","RightStateName":"NY","LeftCountyName":"Onondaga","RightCountyName":"Onondaga","LeftPostal":"13202","RightPostal":"13202","LeftZipName":"Syracuse","RightZipName":"Syracuse","LeftCityTownName":"Syracuse","RightCityTownName":"Syracuse","LeftPlaceName":null,"RightPlaceName":null,"LeftFIPS":"979539","RightFIPS":"979539","GeometryAccuracy":"T","GeometrySource":"NYSDOP Orthoimagery","NameSource":"Tele Atlas","AddressSource":"NYSDP Build","Status":"Active","CLDXF_PreDirectional":null,"CLDXF_PostType":"Court","CLDXF_PostDirectional":null,"Label":"Tyler Ct","LeftCountry":"US","RightCountry":"US","LeftParity":"O","RightParity":"E","LeftESN":null,"RightESN":null,"LeftIncorporatedMunicipality":"Syracuse","RightIncorporatedMunicipality":"Syracuse","LeftUnincorporatedMunicipality":null,"RightUnincorporatedMunicipality":null,"LeftNeighborhoodCommunity":null,"RightNeighborhoodCommunity":null,"LeftMSAGCommunityName":"SYR","RightMSAGCommunityName":"SYR","DiscrepancyAgencyID":"12577722","Maintenance":null,"LeftMunicipalityType":"1","RightMunicipalityType":"1","LeftFrom_Text":"1","LeftTo_Text":"199","RightFrom_Text":"2","RightTo_Text":"198","CR_USERNAME":null,"CR_DATETIME":null,"AT_USERNAME":"cfargione2","AT_DATETIME":1597662008000,"SP_USERNAME":null,"SP_DATETIME":null,"USERNAME":null,"Shape__Length":121.27353051223605}},{"type":"Feature","id":305714,"geometry":{"type":"LineString","coordinates":[[-76.1431102513838,43.042730587019],[-76.1429482617818,43.0427276129421],[-76.1426633422248,43.0427226239768]]},"properties":{"OBJECTID":305714,"DateModified":1532367607000,"NYSStreetID":"477437403","LocalID":"12577725","LeftFromPrefixAddressNumber":null,"RightFromPrefixAddressNumber":null,"LeftToPrefixAddressNumber":null,"RightToPrefixAddressNumber":null,"LeftFromAddress":627,"LeftToAddress":649,"RightFromAddress":626,"RightToAddress":650,"CompleteStreetName":"East Adams Street","PreModifier":null,"PreDirectional":"E","PreType":null,"SeparatorElement":null,"StreetName":"Adams","PostType":"St","PostDirectional":null,"PostModifier":null,"SHIELD":"SH","HighwayNumber":"930C","NavigationDirection":null,"JURISDICTION":"12","FCC":"A30","ACC":"3","SPEED":35,"OneWay":"FT","FromZlev":0,"ToZlev":0,"FromToDirection":null,"ToFromDirection":null,"FromToCost":0.03879907,"ToFromCost":-1,"LeftStateName":"NY","RightStateName":"NY","LeftCountyName":"Onondaga","RightCountyName":"Onondaga","LeftPostal":"13202","RightPostal":"13202","LeftZipName":"Syracuse","RightZipName":"Syracuse","LeftCityTownName":"Syracuse","RightCityTownName":"Syracuse","LeftPlaceName":null,"RightPlaceName":null,"LeftFIPS":"979539","RightFIPS":"979539","GeometryAccuracy":"T","GeometrySource":"NYSDOP Orthoimagery","NameSource":"Tele Atlas","AddressSource":"NYSDP Build","Status":"Active","CLDXF_PreDirectional":"East","CLDXF_PostType":"Street","CLDXF_PostDirectional":null,"Label":"E Adams St","LeftCountry":"US","RightCountry":"US","LeftParity":"O","RightParity":"E","LeftESN":null,"RightESN":null,"LeftIncorporatedMunicipality":"Syracuse","RightIncorporatedMunicipality":"Syracuse","LeftUnincorporatedMunicipality":null,"RightUnincorporatedMunicipality":null,"LeftNeighborhoodCommunity":null,"RightNeighborhoodCommunity":null,"LeftMSAGCommunityName":"SYR","RightMSAGCommunityName":"SYR","DiscrepancyAgencyID":"12577725","Maintenance":null,"LeftMunicipalityType":"1","RightMunicipalityType":"1","LeftFrom_Text":"627","LeftTo_Text":"649","RightFrom_Text":"626","RightTo_Text":"650","CR_USERNAME":null,"CR_DATETIME":null,"AT_USERNAME":"rcoryell","AT_DATETIME":1601551394000,"SP_USERNAME":null,"SP_DATETIME":null,"USERNAME":null,"Shape__Length":36.416200057210865}},{"type":"Feature","id":305715,"geometry":{"type":"LineString","coordinates":[[-76.1426633422248,43.0427226239768],[-76.1426454343097,43.0411558600547],[-76.1426195691177,43.0407689523557],[-76.1425971974739,43.0405696358931],[-76.1425730759118,43.0404083293302]]},"properties":{"OBJECTID":305715,"DateModified":1532367607000,"NYSStreetID":"507665687","LocalID":"13002420","LeftFromPrefixAddressNumber":null,"RightFromPrefixAddressNumber":null,"LeftToPrefixAddressNumber":null,"RightToPrefixAddressNumber":null,"LeftFromAddress":null,"LeftToAddress":null,"RightFromAddress":null,"RightToAddress":null,"CompleteStreetName":"Adams Street to Interstate 81 Southbound","PreModifier":null,"PreDirectional":null,"PreType":null,"SeparatorElement":null,"StreetName":"Adams Street to Interstate 81","PostType":null,"PostDirectional":null,"PostModifier":"Southbound","SHIELD":null,"HighwayNumber":null,"NavigationDirection":null,"JURISDICTION":"01","FCC":"A63","ACC":"3","SPEED":45,"OneWay":"FT","FromZlev":0,"ToZlev":1,"FromToDirection":null,"ToFromDirection":null,"FromToCost":0.21319064,"ToFromCost":-1,"LeftStateName":"NY","RightStateName":"NY","LeftCountyName":"Onondaga","RightCountyName":"Onondaga","LeftPostal":"13210","RightPostal":"13202","LeftZipName":"Syracuse","RightZipName":"Syracuse","LeftCityTownName":"Syracuse","RightCityTownName":"Syracuse","LeftPlaceName":null,"RightPlaceName":null,"LeftFIPS":"979539","RightFIPS":"979539","GeometryAccuracy":"T","GeometrySource":"NYSDOP Orthoimagery","NameSource":"NYSDP Maintenance","AddressSource":"Tele Atlas","Status":"Active","CLDXF_PreDirectional":null,"CLDXF_PostType":null,"CLDXF_PostDirectional":null,"Label":"Adams Street to Interstate 81 Southbound","LeftCountry":"US","RightCountry":"US","LeftParity":null,"RightParity":null,"LeftESN":null,"RightESN":null,"LeftIncorporatedMunicipality":"Syracuse","RightIncorporatedMunicipality":"Syracuse","LeftUnincorporatedMunicipality":null,"RightUnincorporatedMunicipality":null,"LeftNeighborhoodCommunity":null,"RightNeighborhoodCommunity":null,"LeftMSAGCommunityName":"SYR","RightMSAGCommunityName":"SYR","DiscrepancyAgencyID":"13002420","Maintenance":null,"LeftMunicipalityType":"1","RightMunicipalityType":"1","LeftFrom_Text":null,"LeftTo_Text":null,"RightFrom_Text":null,"RightTo_Text":null,"CR_USERNAME":null,"CR_DATETIME":null,"AT_USERNAME":"mtoonkel1","AT_DATETIME":1785151260000,"SP_USERNAME":"JLevandowskiII","SP_DATETIME":1564482962000,"USERNAME":null,"Shape__Length":257.2677932259062}},{"type":"Feature","id":305716,"geometry":{"type":"LineString","coordinates":[[-76.1426633422248,43.0427226239768],[-76.1425678575984,43.042589341182]]},"properties":{"OBJECTID":305716,"DateModified":1532367607000,"NYSStreetID":"507665688","LocalID":"99999999","LeftFromPrefixAddressNumber":null,"RightFromPrefixAddressNumber":null,"LeftToPrefixAddressNumber":null,"RightToPrefixAddressNumber":null,"LeftFromAddress":null,"LeftToAddress":null,"RightFromAddress":null,"RightToAddress":null,"CompleteStreetName":"Almond Street","PreModifier":null,"PreDirectional":null,"PreType":null,"SeparatorElement":null,"StreetName":"Almond","PostType":"St","PostDirectional":null,"PostModifier":null,"SHIELD":null,"HighwayNumber":null,"NavigationDirection":null,"JURISDICTION":"12","FCC":"A45","ACC":"3","SPEED":35,"OneWay":"FT","FromZlev":0,"ToZlev":0,"FromToDirection":null,"ToFromDirection":null,"FromToCost":0.01781587,"ToFromCost":-1,"LeftStateName":"NY","RightStateName":"NY","LeftCountyName":"Onondaga","RightCountyName":"Onondaga","LeftPostal":"13210","RightPostal":"13202","LeftZipName":"Syracuse","RightZipName":"Syracuse","LeftCityTownName":"Syracuse","RightCityTownName":"Syracuse","LeftPlaceName":null,"RightPlaceName":null,"LeftFIPS":"979539","RightFIPS":"979539","GeometryAccuracy":"T","GeometrySource":"NYSDOP Orthoimagery","NameSource":"Tele Atlas","AddressSource":"Tele Atlas","Status":"Active","CLDXF_PreDirectional":null,"CLDXF_PostType":"Street","CLDXF_PostDirectional":null,"Label":"Almond St","LeftCountry":"US","RightCountry":"US","LeftParity":null,"RightParity":null,"LeftESN":null,"RightESN":null,"LeftIncorporatedMunicipality":"Syracuse","RightIncorporatedMunicipality":"Syracuse","LeftUnincorporatedMunicipality":null,"RightUnincorporatedMunicipality":null,"LeftNeighborhoodCommunity":null,"RightNeighborhoodCommunity":null,"LeftMSAGCommunityName":"SYR","RightMSAGCommunityName":"SYR","DiscrepancyAgencyID":"99999999","Maintenance":null,"LeftMunicipalityType":"1","RightMunicipalityType":"1","LeftFrom_Text":null,"LeftTo_Text":null,"RightFrom_Text":null,"RightTo_Text":null,"CR_USERNAME":null,"CR_DATETIME":null,"AT_USERNAME":"rcoryell","AT_DATETIME":1601551374000,"SP_USERNAME":"JLevandowskiII","SP_DATETIME":1564483679000,"USERNAME":null,"Shape__Length":16.721703310639505}},{"type":"Feature","id":305717,"geometry":{"type":"LineString","coordinates":[[-76.1426633422248,43.0427226239768],[-76.1426003424756,43.0427216319612],[-76.1425704986453,43.0427210207325]]},"properties":{"OBJECTID":305717,"DateModified":1532367607000,"NYSStreetID":"506022033","LocalID":"12577726","LeftFromPrefixAddressNumber":null,"RightFromPrefixAddressNumber":null,"LeftToPrefixAddressNumber":null,"RightToPrefixAddressNumber":null,"LeftFromAddress":651,"LeftToAddress":679,"RightFromAddress":652,"RightToAddress":678,"CompleteStreetName":"East Adams Street","PreModifier":null,"PreDirectional":"E","PreType":null,"SeparatorElement":null,"StreetName":"Adams","PostType":"St","PostDirectional":null,"PostModifier":null,"SHIELD":"SH","HighwayNumber":"930C","NavigationDirection":null,"JURISDICTION":"12","FCC":"A30","ACC":"3","SPEED":35,"OneWay":"FT","FromZlev":0,"ToZlev":0,"FromToDirection":null,"ToFromDirection":null,"FromToCost":0.00806029,"ToFromCost":-1,"LeftStateName":"NY","RightStateName":"NY","LeftCountyName":"Onondaga","RightCountyName":"Onondaga","LeftPostal":"13202","RightPostal":"13202","LeftZipName":"Syracuse","RightZipName":"Syracuse","LeftCityTownName":"Syracuse","RightCityTownName":"Syracuse","LeftPlaceName":null,"RightPlaceName":null,"LeftFIPS":"979539","RightFIPS":"979539","GeometryAccuracy":"T","GeometrySource":"NYSDOP Orthoimagery","NameSource":"Tele Atlas","AddressSource":"Tele Atlas","Status":"Active","CLDXF_PreDirectional":"East","CLDXF_PostType":"Street","CLDXF_PostDirectional":null,"Label":"E Adams St","LeftCountry":"US","RightCountry":"US","LeftParity":"O","RightParity":"E","LeftESN":null,"RightESN":null,"LeftIncorporatedMunicipality":"Syracuse","RightIncorporatedMunicipality":"Syracuse","LeftUnincorporatedMunicipality":null,"RightUnincorporatedMunicipality":null,"LeftNeighborhoodCommunity":null,"RightNeighborhoodCommunity":null,"LeftMSAGCommunityName":"SYR","RightMSAGCommunityName":"SYR","DiscrepancyAgencyID":"12577726","Maintenance":null,"LeftMunicipalityType":"1","RightMunicipalityType":"1","LeftFrom_Text":"651","LeftTo_Text":"679","RightFrom_Text":"652","RightTo_Text":"678","CR_USERNAME":null,"CR_DATETIME":null,"AT_USERNAME":"JLevandowskiII","AT_DATETIME":1605275755000,"SP_USERNAME":"JLevandowskiII","SP_DATETIME":1564483910000,"USERNAME":null,"Shape__Length":7.565216842058238}},{"type":"Feature","id":305718,"geometry":{"type":"LineString","coordinates":[[-76.1425761786928,43.0434643182606],[-76.1425838395256,43.0443804540209]]},"properties":{"OBJECTID":305718,"DateModified":1532367607000,"NYSStreetID":"477437271","LocalID":"13017750","LeftFromPrefixAddressNumber":null,"RightFromPrefixAddressNumber":null,"LeftToPrefixAddressNumber":null,"RightToPrefixAddressNumber":null,"LeftFromAddress":8477,"LeftToAddress":8479,"RightFromAddress":8476,"RightToAddress":8478,"CompleteStreetName":"Interstate 81 Southbound","PreModifier":null,"PreDirectional":null,"PreType":"Interstate","SeparatorElement":null,"StreetName":"81","PostType":null,"PostDirectional":null,"PostModifier":"Southbound","SHIELD":"I","HighwayNumber":"81","NavigationDirection":"S","JURISDICTION":"01","FCC":"A15","ACC":"1","SPEED":65,"OneWay":"TF","FromZlev":1,"ToZlev":1,"FromToDirection":null,"ToFromDirection":"S","FromToCost":-1,"ToFromCost":0.05837291,"LeftStateName":"NY","RightStateName":"NY","LeftCountyName":"Onondaga","RightCountyName":"Onondaga","LeftPostal":"13202","RightPostal":"13210","LeftZipName":"Syracuse","RightZipName":"Syracuse","LeftCityTownName":"Syracuse","RightCityTownName":"Syracuse","LeftPlaceName":null,"RightPlaceName":null,"LeftFIPS":"979539","RightFIPS":"979539","GeometryAccuracy":"T","GeometrySource":"NYSDOP Orthoimagery","NameSource":"County E911","AddressSource":"County E911","Status":"Active","CLDXF_PreDirectional":null,"CLDXF_PostType":null,"CLDXF_PostDirectional":null,"Label":"Interstate 81 Southbound","LeftCountry":"US","RightCountry":"US","LeftParity":"O","RightParity":"E","LeftESN":null,"RightESN":null,"LeftIncorporatedMunicipality":"Syracuse","RightIncorporatedMunicipality":"Syracuse","LeftUnincorporatedMunicipality":null,"RightUnincorporatedMunicipality":null,"LeftNeighborhoodCommunity":null,"RightNeighborhoodCommunity":null,"LeftMSAGCommunityName":"SYR","RightMSAGCommunityName":"SYR","DiscrepancyAgencyID":"13017750","Maintenance":null,"LeftMunicipalityType":"1","RightMunicipalityType":"1","LeftFrom_Text":"8477","LeftTo_Text":"8479","RightFrom_Text":"8476","RightTo_Text":"8478","CR_USERNAME":null,"CR_DATETIME":null,"AT_USERNAME":"JLevandowskiII","AT_DATETIME":1602247300000,"SP_USERNAME":"JLevandowskiII","SP_DATETIME":1564485338000,"USERNAME":null,"Shape__Length":101.74884031045939}},{"type":"Feature","id":305719,"geometry":{"type":"LineString","coordinates":[[-76.1425761786928,43.0434643182606],[-76.1426226081183,43.043341154091],[-76.1426490832663,43.0431919755654],[-76.1426636431605,43.0431012950655],[-76.1426673199649,43.0430096604992],[-76.1426662464782,43.042938622361],[-76.1426633422248,43.0427226239768]]},"properties":{"OBJECTID":305719,"DateModified":1532367607000,"NYSStreetID":"506022036","LocalID":"99999999","LeftFromPrefixAddressNumber":null,"RightFromPrefixAddressNumber":null,"LeftToPrefixAddressNumber":null,"RightToPrefixAddressNumber":null,"LeftFromAddress":null,"LeftToAddress":null,"RightFromAddress":null,"RightToAddress":null,"CompleteStreetName":"Almond Street","PreModifier":null,"PreDirectional":null,"PreType":null,"SeparatorElement":null,"StreetName":"Almond","PostType":"St","PostDirectional":null,"PostModifier":null,"SHIELD":null,"HighwayNumber":null,"NavigationDirection":null,"JURISDICTION":"12","FCC":"A45","ACC":"3","SPEED":35,"OneWay":"FT","FromZlev":0,"ToZlev":0,"FromToDirection":null,"ToFromDirection":null,"FromToCost":0.08853978,"ToFromCost":-1,"LeftStateName":"NY","RightStateName":"NY","LeftCountyName":"Onondaga","RightCountyName":"Onondaga","LeftPostal":"13210","RightPostal":"13202","LeftZipName":"Syracuse","RightZipName":"Syracuse","LeftCityTownName":"Syracuse","RightCityTownName":"Syracuse","LeftPlaceName":null,"RightPlaceName":null,"LeftFIPS":"979539","RightFIPS":"979539","GeometryAccuracy":"T","GeometrySource":"NYSDOP Orthoimagery","NameSource":"Tele Atlas","AddressSource":"Tele Atlas","Status":"Active","CLDXF_PreDirectional":null,"CLDXF_PostType":"Street","CLDXF_PostDirectional":null,"Label":"Almond St","LeftCountry":"US","RightCountry":"US","LeftParity":null,"RightParity":null,"LeftESN":null,"RightESN":null,"LeftIncorporatedMunicipality":"Syracuse","RightIncorporatedMunicipality":"Syracuse","LeftUnincorporatedMunicipality":null,"RightUnincorporatedMunicipality":null,"LeftNeighborhoodCommunity":null,"RightNeighborhoodCommunity":null,"LeftMSAGCommunityName":"SYR","RightMSAGCommunityName":"SYR","DiscrepancyAgencyID":"99999999","Maintenance":null,"LeftMunicipalityType":"1","RightMunicipalityType":"1","LeftFrom_Text":null,"LeftTo_Text":null,"RightFrom_Text":null,"RightTo_Text":null,"CR_USERNAME":null,"CR_DATETIME":null,"AT_USERNAME":"JLevandowskiII","AT_DATETIME":1602247233000,"SP_USERNAME":"JLevandowskiII","SP_DATETIME":1564483847000,"USERNAME":null,"Shape__Length":83.10195372206383}},{"type":"Feature","id":305720,"geometry":{"type":"LineString","coordinates":[[-76.1425167713065,43.0435888004751],[-76.1425761786928,43.0434643182606]]},"properties":{"OBJECTID":305720,"DateModified":1532367607000,"NYSStreetID":"477437270","LocalID":"99999999","LeftFromPrefixAddressNumber":null,"RightFromPrefixAddressNumber":null,"LeftToPrefixAddressNumber":null,"RightToPrefixAddressNumber":null,"LeftFromAddress":null,"LeftToAddress":null,"RightFromAddress":null,"RightToAddress":null,"CompleteStreetName":"Almond Street","PreModifier":null,"PreDirectional":null,"PreType":null,"SeparatorElement":null,"StreetName":"Almond","PostType":"St","PostDirectional":null,"PostModifier":null,"SHIELD":null,"HighwayNumber":null,"NavigationDirection":null,"JURISDICTION":"12","FCC":"A60","ACC":"3","SPEED":35,"OneWay":"FT","FromZlev":0,"ToZlev":0,"FromToDirection":null,"ToFromDirection":null,"FromToCost":0.01560611,"ToFromCost":-1,"LeftStateName":"NY","RightStateName":"NY","LeftCountyName":"Onondaga","RightCountyName":"Onondaga","LeftPostal":"13210","RightPostal":"13202","LeftZipName":"Syracuse","RightZipName":"Syracuse","LeftCityTownName":"Syracuse","RightCityTownName":"Syracuse","LeftPlaceName":null,"RightPlaceName":null,"LeftFIPS":"979539","RightFIPS":"979539","GeometryAccuracy":"T","GeometrySource":"NYSDOP Orthoimagery","NameSource":"Tele Atlas","AddressSource":"Tele Atlas","Status":"Active","CLDXF_PreDirectional":null,"CLDXF_PostType":"Street","CLDXF_PostDirectional":null,"Label":"Almond St","LeftCountry":"US","RightCountry":"US","LeftParity":null,"RightParity":null,"LeftESN":null,"RightESN":null,"LeftIncorporatedMunicipality":"Syracuse","RightIncorporatedMunicipality":"Syracuse","LeftUnincorporatedMunicipality":null,"RightUnincorporatedMunicipality":null,"LeftNeighborhoodCommunity":null,"RightNeighborhoodCommunity":null,"LeftMSAGCommunityName":"SYR","RightMSAGCommunityName":"SYR","DiscrepancyAgencyID":"99999999","Maintenance":null,"LeftMunicipalityType":"1","RightMunicipalityType":"1","LeftFrom_Text":null,"LeftTo_Text":null,"RightFrom_Text":null,"RightTo_Text":null,"CR_USERNAME":null,"CR_DATETIME":null,"AT_USERNAME":"JLevandowskiII","AT_DATETIME":1602247226000,"SP_USERNAME":"JLevandowskiII","SP_DATETIME":1564484975000,"USERNAME":null,"Shape__Length":14.647612566897282}},{"type":"Feature","id":305721,"geometry":{"type":"LineString","coordinates":[[-76.1436052922756,43.04429861653],[-76.1431559352075,43.0443571084689],[-76.143018481291,43.0443718268031],[-76.1428444668406,43.0443773743255],[-76.1425838395256,43.0443804540209]]},"properties":{"OBJECTID":305721,"DateModified":1532367607000,"NYSStreetID":"477741240","LocalID":"13002428","LeftFromPrefixAddressNumber":null,"RightFromPrefixAddressNumber":null,"LeftToPrefixAddressNumber":null,"RightToPrefixAddressNumber":null,"LeftFromAddress":551,"LeftToAddress":599,"RightFromAddress":550,"RightToAddress":598,"CompleteStreetName":"Harrison Street","PreModifier":null,"PreDirectional":null,"PreType":null,"SeparatorElement":null,"StreetName":"Harrison","PostType":"St","PostDirectional":null,"PostModifier":null,"SHIELD":null,"HighwayNumber":null,"NavigationDirection":null,"JURISDICTION":"12","FCC":"A40","ACC":"3","SPEED":25,"OneWay":"TF","FromZlev":0,"ToZlev":0,"FromToDirection":null,"ToFromDirection":null,"FromToCost":-1,"ToFromCost":0.12516504,"LeftStateName":"NY","RightStateName":"NY","LeftCountyName":"Onondaga","RightCountyName":"Onondaga","LeftPostal":"13202","RightPostal":"13202","LeftZipName":"Syracuse","RightZipName":"Syracuse","LeftCityTownName":"Syracuse","RightCityTownName":"Syracuse","LeftPlaceName":null,"RightPlaceName":null,"LeftFIPS":"979539","RightFIPS":"979539","GeometryAccuracy":"T","GeometrySource":"NYSDOP Orthoimagery","NameSource":"Tele Atlas","AddressSource":"NYSDP Build","Status":"Active","CLDXF_PreDirectional":null,"CLDXF_PostType":"Street","CLDXF_PostDirectional":null,"Label":"Harrison St","LeftCountry":"US","RightCountry":"US","LeftParity":"O","RightParity":"E","LeftESN":null,"RightESN":null,"LeftIncorporatedMunicipality":"Syracuse","RightIncorporatedMunicipality":"Syracuse","LeftUnincorporatedMunicipality":null,"RightUnincorporatedMunicipality":null,"LeftNeighborhoodCommunity":null,"RightNeighborhoodCommunity":null,"LeftMSAGCommunityName":"SYR","RightMSAGCommunityName":"SYR","DiscrepancyAgencyID":"13002428","Maintenance":null,"LeftMunicipalityType":"1","RightMunicipalityType":"1","LeftFrom_Text":"551","LeftTo_Text":"599","RightFrom_Text":"550","RightTo_Text":"598","CR_USERNAME":null,"CR_DATETIME":null,"AT_USERNAME":"cfargione2","AT_DATETIME":1595586939000,"SP_USERNAME":"JLevandowskiII","SP_DATETIME":1564485347000,"USERNAME":null,"Shape__Length":83.91268569188335}},{"type":"Feature","id":305722,"geometry":{"type":"LineString","coordinates":[[-76.1436052922756,43.04429861653],[-76.1432952971457,43.0443915832022],[-76.14320326205,43.0444336550606],[-76.1430843089367,43.0445005790881],[-76.1429762739473,43.044573607267],[-76.1429113167691,43.044632607738],[-76.1428268580645,43.044732315582],[-76.1427882835078,43.0448236593688],[-76.1427632402743,43.0448925807185],[-76.142754731432,43.0449593742572],[-76.1427580767581,43.0450522624605],[-76.1427453251726,43.0461206134159]]},"properties":{"OBJECTID":305722,"DateModified":1532367607000,"NYSStreetID":"477741241","LocalID":"13017753","LeftFromPrefixAddressNumber":null,"RightFromPrefixAddressNumber":null,"LeftToPrefixAddressNumber":null,"RightToPrefixAddressNumber":null,"LeftFromAddress":null,"LeftToAddress":null,"RightFromAddress":null,"RightToAddress":null,"CompleteStreetName":"Exit Interstate 81 to Harrison Street","PreModifier":"Exit","PreDirectional":null,"PreType":"Interstate","SeparatorElement":null,"StreetName":"81 to Harrison","PostType":"St","PostDirectional":null,"PostModifier":null,"SHIELD":null,"HighwayNumber":null,"NavigationDirection":null,"JURISDICTION":"01","FCC":"A63","ACC":"3","SPEED":45,"OneWay":"TF","FromZlev":0,"ToZlev":1,"FromToDirection":null,"ToFromDirection":null,"FromToCost":-1,"ToFromCost":0.1961655,"LeftStateName":"NY","RightStateName":"NY","LeftCountyName":"Onondaga","RightCountyName":"Onondaga","LeftPostal":"13202","RightPostal":"13210","LeftZipName":"Syracuse","RightZipName":"Syracuse","LeftCityTownName":"Syracuse","RightCityTownName":"Syracuse","LeftPlaceName":null,"RightPlaceName":null,"LeftFIPS":"979539","RightFIPS":"979539","GeometryAccuracy":"T","GeometrySource":"NYSDOP Orthoimagery","NameSource":"NYSDP Maintenance","AddressSource":"Tele Atlas","Status":"Active","CLDXF_PreDirectional":null,"CLDXF_PostType":"Street","CLDXF_PostDirectional":null,"Label":"Exit Interstate 81 to Harrison St","LeftCountry":"US","RightCountry":"US","LeftParity":null,"RightParity":null,"LeftESN":null,"RightESN":null,"LeftIncorporatedMunicipality":"Syracuse","RightIncorporatedMunicipality":"Syracuse","LeftUnincorporatedMunicipality":null,"RightUnincorporatedMunicipality":null,"LeftNeighborhoodCommunity":null,"RightNeighborhoodCommunity":null,"LeftMSAGCommunityName":"SYR","RightMSAGCommunityName":"SYR","DiscrepancyAgencyID":"13017753","Maintenance":null,"LeftMunicipalityType":"1","RightMunicipalityType":"1","LeftFrom_Text":null,"LeftTo_Text":null,"RightFrom_Text":null,"RightTo_Text":null,"CR_USERNAME":null,"CR_DATETIME":null,"AT_USERNAME":"mtoonkel1","AT_DATETIME":1785151593000,"SP_USERNAME":"JLevandowskiII","SP_DATETIME":1564485680000,"USERNAME":null,"Shape__Length":236.72269178446828}},{"type":"Feature","id":305723,"geometry":{"type":"LineString","coordinates":[[-76.1425838395256,43.0443804540209],[-76.1425966225521,43.0454541422041],[-76.1425977167001,43.0458345433682]]},"properties":{"OBJECTID":305723,"DateModified":1532367607000,"NYSStreetID":"477436879","LocalID":"13017750","LeftFromPrefixAddressNumber":null,"RightFromPrefixAddressNumber":null,"LeftToPrefixAddressNumber":null,"RightToPrefixAddressNumber":null,"LeftFromAddress":8481,"LeftToAddress":8485,"RightFromAddress":8480,"RightToAddress":8484,"CompleteStreetName":"Interstate 81 Southbound","PreModifier":null,"PreDirectional":null,"PreType":"Interstate","SeparatorElement":null,"StreetName":"81","PostType":null,"PostDirectional":null,"PostModifier":"Southbound","SHIELD":"I","HighwayNumber":"81","NavigationDirection":"S","JURISDICTION":"01","FCC":"A15","ACC":"1","SPEED":65,"OneWay":"TF","FromZlev":1,"ToZlev":1,"FromToDirection":null,"ToFromDirection":"S","FromToCost":-1,"ToFromCost":0.09265031,"LeftStateName":"NY","RightStateName":"NY","LeftCountyName":"Onondaga","RightCountyName":"Onondaga","LeftPostal":"13202","RightPostal":"13210","LeftZipName":"Syracuse","RightZipName":"Syracuse","LeftCityTownName":"Syracuse","RightCityTownName":"Syracuse","LeftPlaceName":null,"RightPlaceName":null,"LeftFIPS":"979539","RightFIPS":"979539","GeometryAccuracy":"T","GeometrySource":"NYSDOP Orthoimagery","NameSource":"County E911","AddressSource":"County E911","Status":"Active","CLDXF_PreDirectional":null,"CLDXF_PostType":null,"CLDXF_PostDirectional":null,"Label":"Interstate 81 Southbound","LeftCountry":"US","RightCountry":"US","LeftParity":"O","RightParity":"E","LeftESN":null,"RightESN":null,"LeftIncorporatedMunicipality":"Syracuse","RightIncorporatedMunicipality":"Syracuse","LeftUnincorporatedMunicipality":null,"RightUnincorporatedMunicipality":null,"LeftNeighborhoodCommunity":null,"RightNeighborhoodCommunity":null,"LeftMSAGCommunityName":"SYR","RightMSAGCommunityName":"SYR","DiscrepancyAgencyID":"13017750","Maintenance":null,"LeftMunicipalityType":"1","RightMunicipalityType":"1","LeftFrom_Text":"8481","LeftTo_Text":"8485","RightFrom_Text":"8480","RightTo_Text":"8484","CR_USERNAME":null,"CR_DATETIME":null,"AT_USERNAME":"rcoryell","AT_DATETIME":1600167567000,"SP_USERNAME":"JLevandowskiII","SP_DATETIME":1564572250000,"USERNAME":null,"Shape__Length":161.49724758343564}},{"type":"Feature","id":305724,"geometry":{"type":"LineString","coordinates":[[-76.1425838395256,43.0443804540209],[-76.1425263239912,43.0443793622423]]},"properties":{"OBJECTID":305724,"DateModified":1532367607000,"NYSStreetID":"477436882","LocalID":"13002428","LeftFromPrefixAddressNumber":null,"RightFromPrefixAddressNumber":null,"LeftToPrefixAddressNumber":null,"RightToPrefixAddressNumber":null,"LeftFromAddress":null,"LeftToAddress":null,"RightFromAddress":null,"RightToAddress":null,"CompleteStreetName":"Harrison Street","PreModifier":null,"PreDirectional":null,"PreType":null,"SeparatorElement":null,"StreetName":"Harrison","PostType":"St","PostDirectional":null,"PostModifier":null,"SHIELD":null,"HighwayNumber":null,"NavigationDirection":null,"JURISDICTION":"12","FCC":"A40","ACC":"3","SPEED":25,"OneWay":"TF","FromZlev":0,"ToZlev":0,"FromToDirection":null,"ToFromDirection":null,"FromToCost":-1,"ToFromCost":0.00699066,"LeftStateName":"NY","RightStateName":"NY","LeftCountyName":"Onondaga","RightCountyName":"Onondaga","LeftPostal":"13202","RightPostal":"13202","LeftZipName":"Syracuse","RightZipName":"Syracuse","LeftCityTownName":"Syracuse","RightCityTownName":"Syracuse","LeftPlaceName":null,"RightPlaceName":null,"LeftFIPS":"979539","RightFIPS":"979539","GeometryAccuracy":"T","GeometrySource":"NYSDOP Orthoimagery","NameSource":"Tele Atlas","AddressSource":"Tele Atlas","Status":"Active","CLDXF_PreDirectional":null,"CLDXF_PostType":"Street","CLDXF_PostDirectional":null,"Label":"Harrison St","LeftCountry":"US","RightCountry":"US","LeftParity":null,"RightParity":null,"LeftESN":null,"RightESN":null,"LeftIncorporatedMunicipality":"Syracuse","RightIncorporatedMunicipality":"Syracuse","LeftUnincorporatedMunicipality":null,"RightUnincorporatedMunicipality":null,"LeftNeighborhoodCommunity":null,"RightNeighborhoodCommunity":null,"LeftMSAGCommunityName":"SYR","RightMSAGCommunityName":"SYR","DiscrepancyAgencyID":"13002428","Maintenance":null,"LeftMunicipalityType":"1","RightMunicipalityType":"1","LeftFrom_Text":null,"LeftTo_Text":null,"RightFrom_Text":null,"RightTo_Text":null,"CR_USERNAME":null,"CR_DATETIME":null,"AT_USERNAME":"JLevandowskiII","AT_DATETIME":1605518788000,"SP_USERNAME":"JLevandowskiII","SP_DATETIME":1564485382000,"USERNAME":null,"Shape__Length":4.686688214046109}},{"type":"Feature","id":305725,"geometry":{"type":"LineString","coordinates":[[-76.1425263239912,43.0443793622423],[-76.1425167713065,43.0435888004751]]},"properties":{"OBJECTID":305725,"DateModified":1532367607000,"NYSStreetID":"477437241","LocalID":"13017755","LeftFromPrefixAddressNumber":null,"RightFromPrefixAddressNumber":null,"LeftToPrefixAddressNumber":null,"RightToPrefixAddressNumber":null,"LeftFromAddress":null,"LeftToAddress":null,"RightFromAddress":null,"RightToAddress":null,"CompleteStreetName":"Almond Street","PreModifier":null,"PreDirectional":null,"PreType":null,"SeparatorElement":null,"StreetName":"Almond","PostType":"St","PostDirectional":null,"PostModifier":null,"SHIELD":null,"HighwayNumber":null,"NavigationDirection":null,"JURISDICTION":"12","FCC":"A45","ACC":"3","SPEED":25,"OneWay":"FT","FromZlev":0,"ToZlev":0,"FromToDirection":null,"ToFromDirection":null,"FromToCost":0.13096928,"ToFromCost":-1,"LeftStateName":"NY","RightStateName":"NY","LeftCountyName":"Onondaga","RightCountyName":"Onondaga","LeftPostal":"13210","RightPostal":"13202","LeftZipName":"Syracuse","RightZipName":"Syracuse","LeftCityTownName":"Syracuse","RightCityTownName":"Syracuse","LeftPlaceName":null,"RightPlaceName":null,"LeftFIPS":"979539","RightFIPS":"979539","GeometryAccuracy":"T","GeometrySource":"NYSDOP Orthoimagery","NameSource":"Tele Atlas","AddressSource":"Tele Atlas","Status":"Active","CLDXF_PreDirectional":null,"CLDXF_PostType":"Street","CLDXF_PostDirectional":null,"Label":"Almond St","LeftCountry":"US","RightCountry":"US","LeftParity":null,"RightParity":null,"LeftESN":null,"RightESN":null,"LeftIncorporatedMunicipality":"Syracuse","RightIncorporatedMunicipality":"Syracuse","LeftUnincorporatedMunicipality":null,"RightUnincorporatedMunicipality":null,"LeftNeighborhoodCommunity":null,"RightNeighborhoodCommunity":null,"LeftMSAGCommunityName":"SYR","RightMSAGCommunityName":"SYR","DiscrepancyAgencyID":"13017755","Maintenance":null,"LeftMunicipalityType":"1","RightMunicipalityType":"1","LeftFrom_Text":null,"LeftTo_Text":null,"RightFrom_Text":null,"RightTo_Text":null,"CR_USERNAME":null,"CR_DATETIME":null,"AT_USERNAME":"mtoonkel1","AT_DATETIME":1676276908000,"SP_USERNAME":"JLevandowskiII","SP_DATETIME":1564485480000,"USERNAME":null,"Shape__Length":87.80400524258833}},{"type":"Feature","id":305726,"geometry":{"type":"LineString","coordinates":[[-76.1425263239912,43.0443793622423],[-76.1424672166421,43.04438042973]]},"properties":{"OBJECTID":305726,"DateModified":1532367607000,"NYSStreetID":"477436885","LocalID":"12577744","LeftFromPrefixAddressNumber":null,"RightFromPrefixAddressNumber":null,"LeftToPrefixAddressNumber":null,"RightToPrefixAddressNumber":null,"LeftFromAddress":null,"LeftToAddress":null,"RightFromAddress":null,"RightToAddress":null,"CompleteStreetName":"Harrison Street","PreModifier":null,"PreDirectional":null,"PreType":null,"SeparatorElement":null,"StreetName":"Harrison","PostType":"St","PostDirectional":null,"PostModifier":null,"SHIELD":null,"HighwayNumber":null,"NavigationDirection":null,"JURISDICTION":"12","FCC":"A40","ACC":"3","SPEED":25,"OneWay":"TF","FromZlev":0,"ToZlev":0,"FromToDirection":null,"ToFromDirection":null,"FromToCost":-1,"ToFromCost":0.00718403,"LeftStateName":"NY","RightStateName":"NY","LeftCountyName":"Onondaga","RightCountyName":"Onondaga","LeftPostal":"13210","RightPostal":"13210","LeftZipName":"Syracuse","RightZipName":"Syracuse","LeftCityTownName":"Syracuse","RightCityTownName":"Syracuse","LeftPlaceName":null,"RightPlaceName":null,"LeftFIPS":"979539","RightFIPS":"979539","GeometryAccuracy":"T","GeometrySource":"NYSDOP Orthoimagery","NameSource":"Tele Atlas","AddressSource":"Tele Atlas","Status":"Active","CLDXF_PreDirectional":null,"CLDXF_PostType":"Street","CLDXF_PostDirectional":null,"Label":"Harrison St","LeftCountry":"US","RightCountry":"US","LeftParity":null,"RightParity":null,"LeftESN":null,"RightESN":null,"LeftIncorporatedMunicipality":"Syracuse","RightIncorporatedMunicipality":"Syracuse","LeftUnincorporatedMunicipality":null,"RightUnincorporatedMunicipality":null,"LeftNeighborhoodCommunity":null,"RightNeighborhoodCommunity":null,"LeftMSAGCommunityName":"SYR","RightMSAGCommunityName":"SYR","DiscrepancyAgencyID":"12577744","Maintenance":null,"LeftMunicipalityType":"1","RightMunicipalityType":"1","LeftFrom_Text":null,"LeftTo_Text":null,"RightFrom_Text":null,"RightTo_Text":null,"CR_USERNAME":null,"CR_DATETIME":null,"AT_USERNAME":"JLevandowskiII","AT_DATETIME":1605518803000,"SP_USERNAME":"JLevandowskiII","SP_DATETIME":1564485415000,"USERNAME":null,"Shape__Length":4.816245327548376}},{"type":"Feature","id":305727,"geometry":{"type":"LineString","coordinates":[[-76.1424672166421,43.04438042973],[-76.1422312795226,43.0443815871596]]},"properties":{"OBJECTID":305727,"DateModified":1532367607000,"NYSStreetID":"477436888","LocalID":"12577744","LeftFromPrefixAddressNumber":null,"RightFromPrefixAddressNumber":null,"LeftToPrefixAddressNumber":null,"RightToPrefixAddressNumber":null,"LeftFromAddress":null,"LeftToAddress":null,"RightFromAddress":null,"RightToAddress":null,"CompleteStreetName":"Harrison Street","PreModifier":null,"PreDirectional":null,"PreType":null,"SeparatorElement":null,"StreetName":"Harrison","PostType":"St","PostDirectional":null,"PostModifier":null,"SHIELD":null,"HighwayNumber":null,"NavigationDirection":null,"JURISDICTION":"12","FCC":"A40","ACC":"3","SPEED":25,"OneWay":"TF","FromZlev":0,"ToZlev":0,"FromToDirection":null,"ToFromDirection":null,"FromToCost":-1,"ToFromCost":0.02866793,"LeftStateName":"NY","RightStateName":"NY","LeftCountyName":"Onondaga","RightCountyName":"Onondaga","LeftPostal":"13210","RightPostal":"13210","LeftZipName":"Syracuse","RightZipName":"Syracuse","LeftCityTownName":"Syracuse","RightCityTownName":"Syracuse","LeftPlaceName":null,"RightPlaceName":null,"LeftFIPS":"979539","RightFIPS":"979539","GeometryAccuracy":"T","GeometrySource":"NYSDOP Orthoimagery","NameSource":"Tele Atlas","AddressSource":"Tele Atlas","Status":"Active","CLDXF_PreDirectional":null,"CLDXF_PostType":"Street","CLDXF_PostDirectional":null,"Label":"Harrison St","LeftCountry":"US","RightCountry":"US","LeftParity":null,"RightParity":null,"LeftESN":null,"RightESN":null,"LeftIncorporatedMunicipality":"Syracuse","RightIncorporatedMunicipality":"Syracuse","LeftUnincorporatedMunicipality":null,"RightUnincorporatedMunicipality":null,"LeftNeighborhoodCommunity":null,"RightNeighborhoodCommunity":null,"LeftMSAGCommunityName":"SYR","RightMSAGCommunityName":"SYR","DiscrepancyAgencyID":"12577744","Maintenance":null,"LeftMunicipalityType":"1","RightMunicipalityType":"1","LeftFrom_Text":null,"LeftTo_Text":null,"RightFrom_Text":null,"RightTo_Text":null,"CR_USERNAME":null,"CR_DATETIME":null,"AT_USERNAME":"JLevandowskiII","AT_DATETIME":1602247383000,"SP_USERNAME":"JLevandowskiII","SP_DATETIME":1564485440000,"USERNAME":null,"Shape__Length":19.21947265031383}},{"type":"Feature","id":305728,"geometry":{"type":"LineString","coordinates":[[-76.1424672166421,43.04438042973],[-76.1424729272324,43.044915731741],[-76.1424842612763,43.0472634918095]]},"properties":{"OBJECTID":305728,"DateModified":1532367607000,"NYSStreetID":"477436884","LocalID":"13002417","LeftFromPrefixAddressNumber":null,"RightFromPrefixAddressNumber":null,"LeftToPrefixAddressNumber":null,"RightToPrefixAddressNumber":null,"LeftFromAddress":8481,"LeftToAddress":8493,"RightFromAddress":8482,"RightToAddress":8494,"CompleteStreetName":"Interstate 81 Northbound","PreModifier":null,"PreDirectional":null,"PreType":"Interstate","SeparatorElement":null,"StreetName":"81","PostType":null,"PostDirectional":null,"PostModifier":"Northbound","SHIELD":"I","HighwayNumber":"81","NavigationDirection":"N","JURISDICTION":"01","FCC":"A15","ACC":"1","SPEED":65,"OneWay":"FT","FromZlev":1,"ToZlev":1,"FromToDirection":"N","ToFromDirection":null,"FromToCost":0.18369702,"ToFromCost":-1,"LeftStateName":"NY","RightStateName":"NY","LeftCountyName":"Onondaga","RightCountyName":"Onondaga","LeftPostal":"13202","RightPostal":"13210","LeftZipName":"Syracuse","RightZipName":"Syracuse","LeftCityTownName":"Syracuse","RightCityTownName":"Syracuse","LeftPlaceName":null,"RightPlaceName":null,"LeftFIPS":"979539","RightFIPS":"979539","GeometryAccuracy":"T","GeometrySource":"NYSDOP Orthoimagery","NameSource":"County E911","AddressSource":"County E911","Status":"Active","CLDXF_PreDirectional":null,"CLDXF_PostType":null,"CLDXF_PostDirectional":null,"Label":"Interstate 81 Northbound","LeftCountry":"US","RightCountry":"US","LeftParity":"O","RightParity":"E","LeftESN":null,"RightESN":null,"LeftIncorporatedMunicipality":"Syracuse","RightIncorporatedMunicipality":"Syracuse","LeftUnincorporatedMunicipality":null,"RightUnincorporatedMunicipality":null,"LeftNeighborhoodCommunity":null,"RightNeighborhoodCommunity":null,"LeftMSAGCommunityName":"SYR","RightMSAGCommunityName":"SYR","DiscrepancyAgencyID":"13002417","Maintenance":null,"LeftMunicipalityType":"1","RightMunicipalityType":"1","LeftFrom_Text":"8481","LeftTo_Text":"8493","RightFrom_Text":"8482","RightTo_Text":"8494","CR_USERNAME":null,"CR_DATETIME":null,"AT_USERNAME":"rcoryell","AT_DATETIME":1603289526000,"SP_USERNAME":"JLevandowskiII","SP_DATETIME":1564486897000,"USERNAME":null,"Shape__Length":320.199225163924}},{"type":"Feature","id":305729,"geometry":{"type":"LineString","coordinates":[[-76.1422312795226,43.0443815871596],[-76.1422392817152,43.0442305854013]]},"properties":{"OBJECTID":305729,"DateModified":1532367607000,"NYSStreetID":"506021524","LocalID":"99999999","LeftFromPrefixAddressNumber":null,"RightFromPrefixAddressNumber":null,"LeftToPrefixAddressNumber":null,"RightToPrefixAddressNumber":null,"LeftFromAddress":null,"LeftToAddress":null,"RightFromAddress":null,"RightToAddress":null,"CompleteStreetName":"Almond Street","PreModifier":null,"PreDirectional":null,"PreType":null,"SeparatorElement":null,"StreetName":"Almond","PostType":"St","PostDirectional":null,"PostModifier":null,"SHIELD":null,"HighwayNumber":null,"NavigationDirection":null,"JURISDICTION":"12","FCC":"A45","ACC":"3","SPEED":25,"OneWay":"TF","FromZlev":0,"ToZlev":0,"FromToDirection":null,"ToFromDirection":null,"FromToCost":-1,"ToFromCost":0.02503381,"LeftStateName":"NY","RightStateName":"NY","LeftCountyName":"Onondaga","RightCountyName":"Onondaga","LeftPostal":"13210","RightPostal":"13210","LeftZipName":"Syracuse","RightZipName":"Syracuse","LeftCityTownName":"Syracuse","RightCityTownName":"Syracuse","LeftPlaceName":null,"RightPlaceName":null,"LeftFIPS":"979539","RightFIPS":"979539","GeometryAccuracy":"T","GeometrySource":"NYSDOP Orthoimagery","NameSource":"Tele Atlas","AddressSource":"Tele Atlas","Status":"Active","CLDXF_PreDirectional":null,"CLDXF_PostType":"Street","CLDXF_PostDirectional":null,"Label":"Almond St","LeftCountry":"US","RightCountry":"US","LeftParity":null,"RightParity":null,"LeftESN":null,"RightESN":null,"LeftIncorporatedMunicipality":"Syracuse","RightIncorporatedMunicipality":"Syracuse","LeftUnincorporatedMunicipality":null,"RightUnincorporatedMunicipality":null,"LeftNeighborhoodCommunity":null,"RightNeighborhoodCommunity":null,"LeftMSAGCommunityName":"SYR","RightMSAGCommunityName":"SYR","DiscrepancyAgencyID":"99999999","Maintenance":null,"LeftMunicipalityType":"1","RightMunicipalityType":"1","LeftFrom_Text":null,"LeftTo_Text":null,"RightFrom_Text":null,"RightTo_Text":null,"CR_USERNAME":null,"CR_DATETIME":null,"AT_USERNAME":"mtoonkel1","AT_DATETIME":1784894674000,"SP_USERNAME":null,"SP_DATETIME":null,"USERNAME":null,"Shape__Length":16.783065319068086}},{"type":"Feature","id":305730,"geometry":{"type":"LineString","coordinates":[[-76.1422312795226,43.0443815871596],[-76.141379228374,43.0443549702102],[-76.1410135969853,43.0443271715275],[-76.1407636560289,43.0443020271115],[-76.1405278967759,43.044271014119]]},"properties":{"OBJECTID":305730,"DateModified":1532367607000,"NYSStreetID":"506022018","LocalID":"12577749","LeftFromPrefixAddressNumber":null,"RightFromPrefixAddressNumber":null,"LeftToPrefixAddressNumber":null,"RightToPrefixAddressNumber":null,"LeftFromAddress":701,"LeftToAddress":719,"RightFromAddress":null,"RightToAddress":null,"CompleteStreetName":"Harrison Street","PreModifier":null,"PreDirectional":null,"PreType":null,"SeparatorElement":null,"StreetName":"Harrison","PostType":"St","PostDirectional":null,"PostModifier":null,"SHIELD":null,"HighwayNumber":null,"NavigationDirection":null,"JURISDICTION":"12","FCC":"A45","ACC":"5","SPEED":25,"OneWay":"TF","FromZlev":0,"ToZlev":0,"FromToDirection":null,"ToFromDirection":null,"FromToCost":-1,"ToFromCost":0.20804127,"LeftStateName":"NY","RightStateName":"NY","LeftCountyName":"Onondaga","RightCountyName":"Onondaga","LeftPostal":"13210","RightPostal":"13210","LeftZipName":"Syracuse","RightZipName":"Syracuse","LeftCityTownName":"Syracuse","RightCityTownName":"Syracuse","LeftPlaceName":null,"RightPlaceName":null,"LeftFIPS":"979539","RightFIPS":"979539","GeometryAccuracy":"T","GeometrySource":"NYSDOP Orthoimagery","NameSource":"Tele Atlas","AddressSource":"NYSDP Build","Status":"Active","CLDXF_PreDirectional":null,"CLDXF_PostType":"Street","CLDXF_PostDirectional":null,"Label":"Harrison St","LeftCountry":"US","RightCountry":"US","LeftParity":"O","RightParity":null,"LeftESN":null,"RightESN":null,"LeftIncorporatedMunicipality":"Syracuse","RightIncorporatedMunicipality":"Syracuse","LeftUnincorporatedMunicipality":null,"RightUnincorporatedMunicipality":null,"LeftNeighborhoodCommunity":null,"RightNeighborhoodCommunity":null,"LeftMSAGCommunityName":"SYR","RightMSAGCommunityName":"SYR","DiscrepancyAgencyID":"12577749","Maintenance":null,"LeftMunicipalityType":"1","RightMunicipalityType":"1","LeftFrom_Text":"701","LeftTo_Text":"719","RightFrom_Text":null,"RightTo_Text":null,"CR_USERNAME":null,"CR_DATETIME":null,"AT_USERNAME":"mtoonkel1","AT_DATETIME":1676301679000,"SP_USERNAME":null,"SP_DATETIME":null,"USERNAME":null,"Shape__Length":139.47432577321854}},{"type":"Feature","id":305731,"geometry":{"type":"LineString","coordinates":[[-76.1422312795226,43.0443815871596],[-76.1422794175438,43.0445092378002],[-76.1422976686154,43.0446174561704],[-76.1423103375559,43.0447185722483],[-76.1423423157833,43.045118610716],[-76.142341719302,43.0453789295822],[-76.1423730714037,43.0464556923543],[-76.1423731486588,43.047201458956]]},"properties":{"OBJECTID":305731,"DateModified":1532367607000,"NYSStreetID":"508421395","LocalID":"13001893","LeftFromPrefixAddressNumber":null,"RightFromPrefixAddressNumber":null,"LeftToPrefixAddressNumber":null,"RightToPrefixAddressNumber":null,"LeftFromAddress":1,"LeftToAddress":49,"RightFromAddress":2,"RightToAddress":50,"CompleteStreetName":"Harrison Street to Interstate 81 Northbound","PreModifier":null,"PreDirectional":null,"PreType":null,"SeparatorElement":null,"StreetName":"Harrison Street to Interstate 81","PostType":null,"PostDirectional":null,"PostModifier":"Northbound","SHIELD":null,"HighwayNumber":null,"NavigationDirection":null,"JURISDICTION":"01","FCC":"A63","ACC":"3","SPEED":45,"OneWay":"FT","FromZlev":0,"ToZlev":1,"FromToDirection":null,"ToFromDirection":null,"FromToCost":0.26016372,"ToFromCost":-1,"LeftStateName":"NY","RightStateName":"NY","LeftCountyName":"Onondaga","RightCountyName":"Onondaga","LeftPostal":"13202","RightPostal":"13210","LeftZipName":"Syracuse","RightZipName":"Syracuse","LeftCityTownName":"Syracuse","RightCityTownName":"Syracuse","LeftPlaceName":null,"RightPlaceName":null,"LeftFIPS":"979539","RightFIPS":"979539","GeometryAccuracy":"T","GeometrySource":"NYSDOP Orthoimagery","NameSource":"NYSDP Maintenance","AddressSource":"Tele Atlas","Status":"Active","CLDXF_PreDirectional":null,"CLDXF_PostType":null,"CLDXF_PostDirectional":null,"Label":"Harrison Street to Interstate 81 Northbound","LeftCountry":"US","RightCountry":"US","LeftParity":"O","RightParity":"E","LeftESN":null,"RightESN":null,"LeftIncorporatedMunicipality":"Syracuse","RightIncorporatedMunicipality":"Syracuse","LeftUnincorporatedMunicipality":null,"RightUnincorporatedMunicipality":null,"LeftNeighborhoodCommunity":null,"RightNeighborhoodCommunity":null,"LeftMSAGCommunityName":"SYR","RightMSAGCommunityName":"SYR","DiscrepancyAgencyID":"13001893","Maintenance":null,"LeftMunicipalityType":"1","RightMunicipalityType":"1","LeftFrom_Text":"1","LeftTo_Text":"49","RightFrom_Text":"2","RightTo_Text":"50","CR_USERNAME":null,"CR_DATETIME":null,"AT_USERNAME":"mtoonkel1","AT_DATETIME":1785151260000,"SP_USERNAME":"JLevandowskiII","SP_DATETIME":1564572204000,"USERNAME":null,"Shape__Length":313.9526053379576}},{"type":"Feature","id":305732,"geometry":{"type":"LineString","coordinates":[[-76.1422392817152,43.0442305854013],[-76.1419282669975,43.044235580809],[-76.1413753090244,43.0442296610309],[-76.1410013152188,43.0442215944542],[-76.1406724743326,43.0442200188225],[-76.1405278967759,43.044271014119]]},"properties":{"OBJECTID":305732,"DateModified":1532367607000,"NYSStreetID":"506022021","LocalID":"99999999","LeftFromPrefixAddressNumber":null,"RightFromPrefixAddressNumber":null,"LeftToPrefixAddressNumber":null,"RightToPrefixAddressNumber":null,"LeftFromAddress":null,"LeftToAddress":null,"RightFromAddress":700,"RightToAddress":718,"CompleteStreetName":"Harrison Street","PreModifier":null,"PreDirectional":null,"PreType":null,"SeparatorElement":null,"StreetName":"Harrison","PostType":"St","PostDirectional":null,"PostModifier":null,"SHIELD":null,"HighwayNumber":null,"NavigationDirection":null,"JURISDICTION":"12","FCC":"A45","ACC":"5","SPEED":25,"OneWay":"FT","FromZlev":0,"ToZlev":0,"FromToDirection":null,"ToFromDirection":null,"FromToCost":0.20990307,"ToFromCost":-1,"LeftStateName":"NY","RightStateName":"NY","LeftCountyName":"Onondaga","RightCountyName":"Onondaga","LeftPostal":"13210","RightPostal":"13210","LeftZipName":"Syracuse","RightZipName":"Syracuse","LeftCityTownName":"Syracuse","RightCityTownName":"Syracuse","LeftPlaceName":null,"RightPlaceName":null,"LeftFIPS":"979539","RightFIPS":"979539","GeometryAccuracy":"T","GeometrySource":"NYSDOP Orthoimagery","NameSource":"Tele Atlas","AddressSource":"NYSDP Build","Status":"Active","CLDXF_PreDirectional":null,"CLDXF_PostType":"Street","CLDXF_PostDirectional":null,"Label":"Harrison St","LeftCountry":"US","RightCountry":"US","LeftParity":null,"RightParity":"E","LeftESN":null,"RightESN":null,"LeftIncorporatedMunicipality":"Syracuse","RightIncorporatedMunicipality":"Syracuse","LeftUnincorporatedMunicipality":null,"RightUnincorporatedMunicipality":null,"LeftNeighborhoodCommunity":null,"RightNeighborhoodCommunity":null,"LeftMSAGCommunityName":"SYR","RightMSAGCommunityName":"SYR","DiscrepancyAgencyID":"99999999","Maintenance":null,"LeftMunicipalityType":"1","RightMunicipalityType":"1","LeftFrom_Text":null,"LeftTo_Text":null,"RightFrom_Text":"700","RightTo_Text":"718","CR_USERNAME":null,"CR_DATETIME":null,"AT_USERNAME":"mtoonkel1","AT_DATETIME":1676301679000,"SP_USERNAME":null,"SP_DATETIME":null,"USERNAME":null,"Shape__Length":140.72252531259517}},{"type":"Feature","id":305733,"geometry":{"type":"LineString","coordinates":[[-76.1422392817152,43.0442305854013],[-76.1422483061906,43.0436516609135],[-76.1422722939036,43.0427146412377]]},"properties":{"OBJECTID":305733,"DateModified":1532367607000,"NYSStreetID":"506021523","LocalID":"12577739","LeftFromPrefixAddressNumber":null,"RightFromPrefixAddressNumber":null,"LeftToPrefixAddressNumber":null,"RightToPrefixAddressNumber":null,"LeftFromAddress":801,"LeftToAddress":899,"RightFromAddress":null,"RightToAddress":null,"CompleteStreetName":"Almond Street","PreModifier":null,"PreDirectional":null,"PreType":null,"SeparatorElement":null,"StreetName":"Almond","PostType":"St","PostDirectional":null,"PostModifier":null,"SHIELD":null,"HighwayNumber":null,"NavigationDirection":null,"JURISDICTION":"12","FCC":"A45","ACC":"3","SPEED":25,"OneWay":"TF","FromZlev":0,"ToZlev":0,"FromToDirection":null,"ToFromDirection":null,"FromToCost":-1,"ToFromCost":0.2511643,"LeftStateName":"NY","RightStateName":"NY","LeftCountyName":"Onondaga","RightCountyName":"Onondaga","LeftPostal":"13210","RightPostal":"13210","LeftZipName":"Syracuse","RightZipName":"Syracuse","LeftCityTownName":"Syracuse","RightCityTownName":"Syracuse","LeftPlaceName":null,"RightPlaceName":null,"LeftFIPS":"979539","RightFIPS":"979539","GeometryAccuracy":"T","GeometrySource":"NYSDOP Orthoimagery","NameSource":"Tele Atlas","AddressSource":"NYSDP Build","Status":"Active","CLDXF_PreDirectional":null,"CLDXF_PostType":"Street","CLDXF_PostDirectional":null,"Label":"Almond St","LeftCountry":"US","RightCountry":"US","LeftParity":"O","RightParity":null,"LeftESN":null,"RightESN":null,"LeftIncorporatedMunicipality":"Syracuse","RightIncorporatedMunicipality":"Syracuse","LeftUnincorporatedMunicipality":null,"RightUnincorporatedMunicipality":null,"LeftNeighborhoodCommunity":null,"RightNeighborhoodCommunity":null,"LeftMSAGCommunityName":"SYR","RightMSAGCommunityName":"SYR","DiscrepancyAgencyID":"12577739","Maintenance":null,"LeftMunicipalityType":"1","RightMunicipalityType":"1","LeftFrom_Text":"801","LeftTo_Text":"899","RightFrom_Text":null,"RightTo_Text":null,"CR_USERNAME":null,"CR_DATETIME":null,"AT_USERNAME":"mtoonkel1","AT_DATETIME":1785151260000,"SP_USERNAME":null,"SP_DATETIME":null,"USERNAME":null,"Shape__Length":168.3847527929741}},{"type":"Feature","id":305734,"geometry":{"type":"LineString","coordinates":[[-76.1405278967759,43.044271014119],[-76.1400572613137,43.0442586487024],[-76.139221003446,43.044245383204]]},"properties":{"OBJECTID":305734,"DateModified":1532367607000,"NYSStreetID":"506021525","LocalID":"12577761","LeftFromPrefixAddressNumber":null,"RightFromPrefixAddressNumber":null,"LeftToPrefixAddressNumber":null,"RightToPrefixAddressNumber":null,"LeftFromAddress":721,"LeftToAddress":729,"RightFromAddress":720,"RightToAddress":728,"CompleteStreetName":"Harrison Street","PreModifier":null,"PreDirectional":null,"PreType":null,"SeparatorElement":null,"StreetName":"Harrison","PostType":"St","PostDirectional":null,"PostModifier":null,"SHIELD":null,"HighwayNumber":null,"NavigationDirection":null,"JURISDICTION":"12","FCC":"A41","ACC":"5","SPEED":25,"OneWay":null,"FromZlev":0,"ToZlev":0,"FromToDirection":null,"ToFromDirection":null,"FromToCost":0.15885344,"ToFromCost":0.15885344,"LeftStateName":"NY","RightStateName":"NY","LeftCountyName":"Onondaga","RightCountyName":"Onondaga","LeftPostal":"13210","RightPostal":"13210","LeftZipName":"Syracuse","RightZipName":"Syracuse","LeftCityTownName":"Syracuse","RightCityTownName":"Syracuse","LeftPlaceName":null,"RightPlaceName":null,"LeftFIPS":"979539","RightFIPS":"979539","GeometryAccuracy":"T","GeometrySource":"NYSDOP Orthoimagery","NameSource":"Tele Atlas","AddressSource":"Tele Atlas","Status":"Active","CLDXF_PreDirectional":null,"CLDXF_PostType":"Street","CLDXF_PostDirectional":null,"Label":"Harrison St","LeftCountry":"US","RightCountry":"US","LeftParity":"O","RightParity":"E","LeftESN":null,"RightESN":null,"LeftIncorporatedMunicipality":"Syracuse","RightIncorporatedMunicipality":"Syracuse","LeftUnincorporatedMunicipality":null,"RightUnincorporatedMunicipality":null,"LeftNeighborhoodCommunity":null,"RightNeighborhoodCommunity":null,"LeftMSAGCommunityName":"SYR","RightMSAGCommunityName":"SYR","DiscrepancyAgencyID":"12577761","Maintenance":null,"LeftMunicipalityType":"1","RightMunicipalityType":"1","LeftFrom_Text":"721","LeftTo_Text":"729","RightFrom_Text":"720","RightTo_Text":"728","CR_USERNAME":null,"CR_DATETIME":null,"AT_USERNAME":"mtoonkel1","AT_DATETIME":1676301679000,"SP_USERNAME":null,"SP_DATETIME":null,"USERNAME":null,"Shape__Length":106.4980282091717}},{"type":"Feature","id":305735,"geometry":{"type":"LineString","coordinates":[[-76.1405483343469,43.0426936565885],[-76.1405192522879,43.0436155976434],[-76.1405291571122,43.0441985751288],[-76.1405278967759,43.044271014119]]},"properties":{"OBJECTID":305735,"DateModified":1532367607000,"NYSStreetID":"506021526","LocalID":"12577747","LeftFromPrefixAddressNumber":null,"RightFromPrefixAddressNumber":null,"LeftToPrefixAddressNumber":null,"RightToPrefixAddressNumber":null,"LeftFromAddress":100,"LeftToAddress":198,"RightFromAddress":101,"RightToAddress":199,"CompleteStreetName":"Sarah Loguen Street","PreModifier":null,"PreDirectional":null,"PreType":null,"SeparatorElement":null,"StreetName":"Sarah Loguen","PostType":"St","PostDirectional":null,"PostModifier":null,"SHIELD":null,"HighwayNumber":null,"NavigationDirection":null,"JURISDICTION":"12","FCC":"A41","ACC":"5","SPEED":25,"OneWay":null,"FromZlev":0,"ToZlev":0,"FromToDirection":null,"ToFromDirection":null,"FromToCost":0.2613537,"ToFromCost":0.2613537,"LeftStateName":"NY","RightStateName":"NY","LeftCountyName":"Onondaga","RightCountyName":"Onondaga","LeftPostal":"13210","RightPostal":"13210","LeftZipName":"Syracuse","RightZipName":"Syracuse","LeftCityTownName":"Syracuse","RightCityTownName":"Syracuse","LeftPlaceName":null,"RightPlaceName":null,"LeftFIPS":"979539","RightFIPS":"979539","GeometryAccuracy":"T","GeometrySource":"NYSDOP Orthoimagery","NameSource":"County E911","AddressSource":"County E911","Status":"Active","CLDXF_PreDirectional":null,"CLDXF_PostType":"Street","CLDXF_PostDirectional":null,"Label":"Sarah Loguen St","LeftCountry":"US","RightCountry":"US","LeftParity":"E","RightParity":"O","LeftESN":null,"RightESN":null,"LeftIncorporatedMunicipality":"Syracuse","RightIncorporatedMunicipality":"Syracuse","LeftUnincorporatedMunicipality":null,"RightUnincorporatedMunicipality":null,"LeftNeighborhoodCommunity":null,"RightNeighborhoodCommunity":null,"LeftMSAGCommunityName":"SYR","RightMSAGCommunityName":"SYR","DiscrepancyAgencyID":"12577747","Maintenance":null,"LeftMunicipalityType":"1","RightMunicipalityType":"1","LeftFrom_Text":"100","LeftTo_Text":"198","RightFrom_Text":"101","RightTo_Text":"199","CR_USERNAME":null,"CR_DATETIME":null,"AT_USERNAME":"JLevandowskiII","AT_DATETIME":1689318726000,"SP_USERNAME":null,"SP_DATETIME":null,"USERNAME":null,"Shape__Length":175.21586220238945}},{"type":"Feature","id":305736,"geometry":{"type":"LineString","coordinates":[[-76.1405483343469,43.0426936565885],[-76.1404002542588,43.042692610737],[-76.1392492581566,43.0426846253679]]},"properties":{"OBJECTID":305736,"DateModified":1532367607000,"NYSStreetID":"477437436","LocalID":"12577751","LeftFromPrefixAddressNumber":null,"RightFromPrefixAddressNumber":null,"LeftToPrefixAddressNumber":null,"RightToPrefixAddressNumber":null,"LeftFromAddress":751,"LeftToAddress":799,"RightFromAddress":750,"RightToAddress":798,"CompleteStreetName":"East Adams Street","PreModifier":null,"PreDirectional":"E","PreType":null,"SeparatorElement":null,"StreetName":"Adams","PostType":"St","PostDirectional":null,"PostModifier":null,"SHIELD":null,"HighwayNumber":null,"NavigationDirection":null,"JURISDICTION":"12","FCC":"A30","ACC":"4","SPEED":35,"OneWay":"FT","FromZlev":0,"ToZlev":0,"FromToDirection":null,"ToFromDirection":null,"FromToCost":0.11275305,"ToFromCost":-1,"LeftStateName":"NY","RightStateName":"NY","LeftCountyName":"Onondaga","RightCountyName":"Onondaga","LeftPostal":"13210","RightPostal":"13210","LeftZipName":"Syracuse","RightZipName":"Syracuse","LeftCityTownName":"Syracuse","RightCityTownName":"Syracuse","LeftPlaceName":null,"RightPlaceName":null,"LeftFIPS":"979539","RightFIPS":"979539","GeometryAccuracy":"T","GeometrySource":"NYSDOP Orthoimagery","NameSource":"Tele Atlas","AddressSource":"NYSDP Build","Status":"Active","CLDXF_PreDirectional":"East","CLDXF_PostType":"Street","CLDXF_PostDirectional":null,"Label":"E Adams St","LeftCountry":"US","RightCountry":"US","LeftParity":"O","RightParity":"E","LeftESN":null,"RightESN":null,"LeftIncorporatedMunicipality":"Syracuse","RightIncorporatedMunicipality":"Syracuse","LeftUnincorporatedMunicipality":null,"RightUnincorporatedMunicipality":null,"LeftNeighborhoodCommunity":null,"RightNeighborhoodCommunity":null,"LeftMSAGCommunityName":"SYR","RightMSAGCommunityName":"SYR","DiscrepancyAgencyID":"12577751","Maintenance":null,"LeftMunicipalityType":"1","RightMunicipalityType":"1","LeftFrom_Text":"751","LeftTo_Text":"799","RightFrom_Text":"750","RightTo_Text":"798","CR_USERNAME":null,"CR_DATETIME":null,"AT_USERNAME":"cfargione2","AT_DATETIME":1597662009000,"SP_USERNAME":null,"SP_DATETIME":null,"USERNAME":null,"Shape__Length":105.82818531648978}},{"type":"Feature","id":305737,"geometry":{"type":"LineString","coordinates":[[-76.1421532913829,43.0427125876141],[-76.1413503062151,43.0426956557208],[-76.1406972534614,43.042693612601],[-76.1405483343469,43.0426936565885]]},"properties":{"OBJECTID":305737,"DateModified":1532367607000,"NYSStreetID":"507666606","LocalID":"12577738","LeftFromPrefixAddressNumber":null,"RightFromPrefixAddressNumber":null,"LeftToPrefixAddressNumber":null,"RightToPrefixAddressNumber":null,"LeftFromAddress":701,"LeftToAddress":749,"RightFromAddress":700,"RightToAddress":748,"CompleteStreetName":"East Adams Street","PreModifier":null,"PreDirectional":"E","PreType":null,"SeparatorElement":null,"StreetName":"Adams","PostType":"St","PostDirectional":null,"PostModifier":null,"SHIELD":null,"HighwayNumber":null,"NavigationDirection":null,"JURISDICTION":"12","FCC":"A30","ACC":"4","SPEED":35,"OneWay":"FT","FromZlev":0,"ToZlev":0,"FromToDirection":null,"ToFromDirection":null,"FromToCost":0.13932507,"ToFromCost":-1,"LeftStateName":"NY","RightStateName":"NY","LeftCountyName":"Onondaga","RightCountyName":"Onondaga","LeftPostal":"13210","RightPostal":"13210","LeftZipName":"Syracuse","RightZipName":"Syracuse","LeftCityTownName":"Syracuse","RightCityTownName":"Syracuse","LeftPlaceName":null,"RightPlaceName":null,"LeftFIPS":"979539","RightFIPS":"979539","GeometryAccuracy":"T","GeometrySource":"NYSDOP Orthoimagery","NameSource":"Tele Atlas","AddressSource":"NYSDP Build","Status":"Active","CLDXF_PreDirectional":"East","CLDXF_PostType":"Street","CLDXF_PostDirectional":null,"Label":"E Adams St","LeftCountry":"US","RightCountry":"US","LeftParity":"O","RightParity":"E","LeftESN":null,"RightESN":null,"LeftIncorporatedMunicipality":"Syracuse","RightIncorporatedMunicipality":"Syracuse","LeftUnincorporatedMunicipality":null,"RightUnincorporatedMunicipality":null,"LeftNeighborhoodCommunity":null,"RightNeighborhoodCommunity":null,"LeftMSAGCommunityName":"SYR","RightMSAGCommunityName":"SYR","DiscrepancyAgencyID":"12577738","Maintenance":null,"LeftMunicipalityType":"1","RightMunicipalityType":"1","LeftFrom_Text":"701","LeftTo_Text":"749","RightFrom_Text":"700","RightTo_Text":"748","CR_USERNAME":null,"CR_DATETIME":null,"AT_USERNAME":"cfargione2","AT_DATETIME":1597662009000,"SP_USERNAME":null,"SP_DATETIME":null,"USERNAME":null,"Shape__Length":130.76817026833385}},{"type":"Feature","id":305738,"geometry":{"type":"LineString","coordinates":[[-76.1422722939036,43.0427146412377],[-76.1421532913829,43.0427125876141]]},"properties":{"OBJECTID":305738,"DateModified":1532367607000,"NYSStreetID":"507666605","LocalID":"13008622","LeftFromPrefixAddressNumber":null,"RightFromPrefixAddressNumber":null,"LeftToPrefixAddressNumber":null,"RightToPrefixAddressNumber":null,"LeftFromAddress":691,"LeftToAddress":699,"RightFromAddress":690,"RightToAddress":698,"CompleteStreetName":"East Adams Street","PreModifier":null,"PreDirectional":"E","PreType":null,"SeparatorElement":null,"StreetName":"Adams","PostType":"St","PostDirectional":null,"PostModifier":null,"SHIELD":null,"HighwayNumber":null,"NavigationDirection":null,"JURISDICTION":"12","FCC":"A30","ACC":"4","SPEED":35,"OneWay":"FT","FromZlev":0,"ToZlev":0,"FromToDirection":null,"ToFromDirection":null,"FromToCost":0.01033119,"ToFromCost":-1,"LeftStateName":"NY","RightStateName":"NY","LeftCountyName":"Onondaga","RightCountyName":"Onondaga","LeftPostal":"13210","RightPostal":"13210","LeftZipName":"Syracuse","RightZipName":"Syracuse","LeftCityTownName":"Syracuse","RightCityTownName":"Syracuse","LeftPlaceName":null,"RightPlaceName":null,"LeftFIPS":"979539","RightFIPS":"979539","GeometryAccuracy":"T","GeometrySource":"NYSDOP Orthoimagery","NameSource":"Tele Atlas","AddressSource":"NYSDP Build","Status":"Active","CLDXF_PreDirectional":"East","CLDXF_PostType":"Street","CLDXF_PostDirectional":null,"Label":"E Adams St","LeftCountry":"US","RightCountry":"US","LeftParity":"O","RightParity":"E","LeftESN":null,"RightESN":null,"LeftIncorporatedMunicipality":"Syracuse","RightIncorporatedMunicipality":"Syracuse","LeftUnincorporatedMunicipality":null,"RightUnincorporatedMunicipality":null,"LeftNeighborhoodCommunity":null,"RightNeighborhoodCommunity":null,"LeftMSAGCommunityName":"SYR","RightMSAGCommunityName":"SYR","DiscrepancyAgencyID":"13008622","Maintenance":null,"LeftMunicipalityType":"1","RightMunicipalityType":"1","LeftFrom_Text":"691","LeftTo_Text":"699","RightFrom_Text":"690","RightTo_Text":"698","CR_USERNAME":null,"CR_DATETIME":null,"AT_USERNAME":"rcoryell","AT_DATETIME":1601551451000,"SP_USERNAME":null,"SP_DATETIME":null,"USERNAME":null,"Shape__Length":9.696691135519602}},{"type":"Feature","id":305739,"geometry":{"type":"LineString","coordinates":[[-76.1422722939036,43.0427146412377],[-76.1422903105149,43.0420116289302],[-76.1422852862375,43.0416415780622],[-76.1422712590444,43.0412296538076],[-76.1422318544444,43.0406614415244],[-76.1422021705142,43.0404185965203]]},"properties":{"OBJECTID":305739,"DateModified":1532367607000,"NYSStreetID":"477438184","LocalID":"13001884","LeftFromPrefixAddressNumber":null,"RightFromPrefixAddressNumber":null,"LeftToPrefixAddressNumber":null,"RightToPrefixAddressNumber":null,"LeftFromAddress":null,"LeftToAddress":null,"RightFromAddress":null,"RightToAddress":null,"CompleteStreetName":"Exit Interstate 81 Northbound to Adams Street","PreModifier":"Exit ","PreDirectional":null,"PreType":"Interstate","SeparatorElement":null,"StreetName":"81 Northbound to Adams","PostType":"St","PostDirectional":null,"PostModifier":null,"SHIELD":null,"HighwayNumber":null,"NavigationDirection":null,"JURISDICTION":"01","FCC":"A63","ACC":"3","SPEED":45,"OneWay":"TF","FromZlev":0,"ToZlev":1,"FromToDirection":null,"ToFromDirection":null,"FromToCost":-1,"ToFromCost":0.21149431,"LeftStateName":"NY","RightStateName":"NY","LeftCountyName":"Onondaga","RightCountyName":"Onondaga","LeftPostal":"13210","RightPostal":"13202","LeftZipName":"Syracuse","RightZipName":"Syracuse","LeftCityTownName":"Syracuse","RightCityTownName":"Syracuse","LeftPlaceName":null,"RightPlaceName":null,"LeftFIPS":"979539","RightFIPS":"979539","GeometryAccuracy":"T","GeometrySource":"NYSDOP Orthoimagery","NameSource":"NYSDP Maintenance","AddressSource":"Tele Atlas","Status":"Active","CLDXF_PreDirectional":null,"CLDXF_PostType":"Street","CLDXF_PostDirectional":null,"Label":"Exit Interstate 81 Northbound to Adams St","LeftCountry":"US","RightCountry":"US","LeftParity":null,"RightParity":null,"LeftESN":null,"RightESN":null,"LeftIncorporatedMunicipality":"Syracuse","RightIncorporatedMunicipality":"Syracuse","LeftUnincorporatedMunicipality":null,"RightUnincorporatedMunicipality":null,"LeftNeighborhoodCommunity":null,"RightNeighborhoodCommunity":null,"LeftMSAGCommunityName":"SYR","RightMSAGCommunityName":"SYR","DiscrepancyAgencyID":"13001884","Maintenance":null,"LeftMunicipalityType":"1","RightMunicipalityType":"1","LeftFrom_Text":null,"LeftTo_Text":null,"RightFrom_Text":null,"RightTo_Text":null,"CR_USERNAME":null,"CR_DATETIME":null,"AT_USERNAME":"mtoonkel1","AT_DATETIME":1785151511000,"SP_USERNAME":"JLevandowskiII","SP_DATETIME":1564484890000,"USERNAME":null,"Shape__Length":255.22071208198705}},{"type":"Feature","id":305740,"geometry":{"type":"LineString","coordinates":[[-76.1425118269792,43.0427210568416],[-76.1424541299851,43.0427186526316]]},"properties":{"OBJECTID":305740,"DateModified":1532367607000,"NYSStreetID":"477437410","LocalID":"13007069","LeftFromPrefixAddressNumber":null,"RightFromPrefixAddressNumber":null,"LeftToPrefixAddressNumber":null,"RightToPrefixAddressNumber":null,"LeftFromAddress":687,"LeftToAddress":687,"RightFromAddress":686,"RightToAddress":686,"CompleteStreetName":"East Adams Street","PreModifier":null,"PreDirectional":"E","PreType":null,"SeparatorElement":null,"StreetName":"Adams","PostType":"St","PostDirectional":null,"PostModifier":null,"SHIELD":null,"HighwayNumber":null,"NavigationDirection":null,"JURISDICTION":"12","FCC":"A30","ACC":"3","SPEED":35,"OneWay":"FT","FromZlev":0,"ToZlev":0,"FromToDirection":null,"ToFromDirection":null,"FromToCost":0.0050157,"ToFromCost":-1,"LeftStateName":"NY","RightStateName":"NY","LeftCountyName":"Onondaga","RightCountyName":"Onondaga","LeftPostal":"13210","RightPostal":"13202","LeftZipName":"Syracuse","RightZipName":"Syracuse","LeftCityTownName":"Syracuse","RightCityTownName":"Syracuse","LeftPlaceName":null,"RightPlaceName":null,"LeftFIPS":"979539","RightFIPS":"979539","GeometryAccuracy":"T","GeometrySource":"NYSDOP Orthoimagery","NameSource":"Tele Atlas","AddressSource":"Tele Atlas","Status":"Active","CLDXF_PreDirectional":"East","CLDXF_PostType":"Street","CLDXF_PostDirectional":null,"Label":"E Adams St","LeftCountry":"US","RightCountry":"US","LeftParity":"O","RightParity":"E","LeftESN":null,"RightESN":null,"LeftIncorporatedMunicipality":"Syracuse","RightIncorporatedMunicipality":"Syracuse","LeftUnincorporatedMunicipality":null,"RightUnincorporatedMunicipality":null,"LeftNeighborhoodCommunity":null,"RightNeighborhoodCommunity":null,"LeftMSAGCommunityName":"SYR","RightMSAGCommunityName":"SYR","DiscrepancyAgencyID":"13007069","Maintenance":null,"LeftMunicipalityType":"1","RightMunicipalityType":"1","LeftFrom_Text":"687","LeftTo_Text":"687","RightFrom_Text":"686","RightTo_Text":"686","CR_USERNAME":null,"CR_DATETIME":null,"AT_USERNAME":"rcoryell","AT_DATETIME":1601551438000,"SP_USERNAME":"JLevandowskiII","SP_DATETIME":1564483950000,"USERNAME":null,"Shape__Length":4.707606066237709}},{"type":"Feature","id":305741,"geometry":{"type":"LineString","coordinates":[[-76.1425118269792,43.0427210568416],[-76.1425052737691,43.042420205528]]},"properties":{"OBJECTID":305741,"DateModified":1532367607000,"NYSStreetID":"506022043","LocalID":"99999999","LeftFromPrefixAddressNumber":null,"RightFromPrefixAddressNumber":null,"LeftToPrefixAddressNumber":null,"RightToPrefixAddressNumber":null,"LeftFromAddress":null,"LeftToAddress":null,"RightFromAddress":null,"RightToAddress":null,"CompleteStreetName":"Almond Street","PreModifier":null,"PreDirectional":null,"PreType":null,"SeparatorElement":null,"StreetName":"Almond","PostType":"St","PostDirectional":null,"PostModifier":null,"SHIELD":null,"HighwayNumber":null,"NavigationDirection":null,"JURISDICTION":"12","FCC":"A45","ACC":"4","SPEED":25,"OneWay":"TF","FromZlev":0,"ToZlev":0,"FromToDirection":null,"ToFromDirection":null,"FromToCost":-1,"ToFromCost":0.04984526,"LeftStateName":"NY","RightStateName":"NY","LeftCountyName":"Onondaga","RightCountyName":"Onondaga","LeftPostal":"13210","RightPostal":"13202","LeftZipName":"Syracuse","RightZipName":"Syracuse","LeftCityTownName":"Syracuse","RightCityTownName":"Syracuse","LeftPlaceName":null,"RightPlaceName":null,"LeftFIPS":"979539","RightFIPS":"979539","GeometryAccuracy":"T","GeometrySource":"NYSDOP Orthoimagery","NameSource":"Tele Atlas","AddressSource":"Tele Atlas","Status":"Active","CLDXF_PreDirectional":null,"CLDXF_PostType":"Street","CLDXF_PostDirectional":null,"Label":"Almond St","LeftCountry":"US","RightCountry":"US","LeftParity":null,"RightParity":null,"LeftESN":null,"RightESN":null,"LeftIncorporatedMunicipality":"Syracuse","RightIncorporatedMunicipality":"Syracuse","LeftUnincorporatedMunicipality":null,"RightUnincorporatedMunicipality":null,"LeftNeighborhoodCommunity":null,"RightNeighborhoodCommunity":null,"LeftMSAGCommunityName":"SYR","RightMSAGCommunityName":"SYR","DiscrepancyAgencyID":"99999999","Maintenance":null,"LeftMunicipalityType":"1","RightMunicipalityType":"1","LeftFrom_Text":null,"LeftTo_Text":null,"RightFrom_Text":null,"RightTo_Text":null,"CR_USERNAME":null,"CR_DATETIME":null,"AT_USERNAME":"mtoonkel1","AT_DATETIME":1676276908000,"SP_USERNAME":"JLevandowskiII","SP_DATETIME":1564483924000,"USERNAME":null,"Shape__Length":33.417094803155386}},{"type":"Feature","id":305742,"geometry":{"type":"LineString","coordinates":[[-76.1425118269792,43.0427210568416],[-76.1425167713065,43.0435888004751]]},"properties":{"OBJECTID":305742,"DateModified":1532367607000,"NYSStreetID":"477437407","LocalID":"99999999","LeftFromPrefixAddressNumber":null,"RightFromPrefixAddressNumber":null,"LeftToPrefixAddressNumber":null,"RightToPrefixAddressNumber":null,"LeftFromAddress":null,"LeftToAddress":null,"RightFromAddress":null,"RightToAddress":null,"CompleteStreetName":"Almond Street","PreModifier":null,"PreDirectional":null,"PreType":null,"SeparatorElement":null,"StreetName":"Almond","PostType":"St","PostDirectional":null,"PostModifier":null,"SHIELD":null,"HighwayNumber":null,"NavigationDirection":null,"JURISDICTION":"12","FCC":"A45","ACC":"3","SPEED":25,"OneWay":"TF","FromZlev":0,"ToZlev":0,"FromToDirection":null,"ToFromDirection":null,"FromToCost":-1,"ToFromCost":0.14375133,"LeftStateName":"NY","RightStateName":"NY","LeftCountyName":"Onondaga","RightCountyName":"Onondaga","LeftPostal":"13202","RightPostal":"13210","LeftZipName":"Syracuse","RightZipName":"Syracuse","LeftCityTownName":"Syracuse","RightCityTownName":"Syracuse","LeftPlaceName":null,"RightPlaceName":null,"LeftFIPS":"979539","RightFIPS":"979539","GeometryAccuracy":"T","GeometrySource":"NYSDOP Orthoimagery","NameSource":"Tele Atlas","AddressSource":"Tele Atlas","Status":"Active","CLDXF_PreDirectional":null,"CLDXF_PostType":"Street","CLDXF_PostDirectional":null,"Label":"Almond St","LeftCountry":"US","RightCountry":"US","LeftParity":null,"RightParity":null,"LeftESN":null,"RightESN":null,"LeftIncorporatedMunicipality":"Syracuse","RightIncorporatedMunicipality":"Syracuse","LeftUnincorporatedMunicipality":null,"RightUnincorporatedMunicipality":null,"LeftNeighborhoodCommunity":null,"RightNeighborhoodCommunity":null,"LeftMSAGCommunityName":"SYR","RightMSAGCommunityName":"SYR","DiscrepancyAgencyID":"99999999","Maintenance":null,"LeftMunicipalityType":"1","RightMunicipalityType":"1","LeftFrom_Text":null,"LeftTo_Text":null,"RightFrom_Text":null,"RightTo_Text":null,"CR_USERNAME":null,"CR_DATETIME":null,"AT_USERNAME":"mtoonkel1","AT_DATETIME":1676276908000,"SP_USERNAME":"JLevandowskiII","SP_DATETIME":1564483595000,"USERNAME":null,"Shape__Length":96.37327778010845}},{"type":"Feature","id":305743,"geometry":{"type":"LineString","coordinates":[[-76.1424541299851,43.0427186526316],[-76.1422722939036,43.0427146412377]]},"properties":{"OBJECTID":305743,"DateModified":1532367607000,"NYSStreetID":"477437416","LocalID":"13007069","LeftFromPrefixAddressNumber":null,"RightFromPrefixAddressNumber":null,"LeftToPrefixAddressNumber":null,"RightToPrefixAddressNumber":null,"LeftFromAddress":689,"LeftToAddress":689,"RightFromAddress":688,"RightToAddress":688,"CompleteStreetName":"East Adams Street","PreModifier":null,"PreDirectional":"E","PreType":null,"SeparatorElement":null,"StreetName":"Adams","PostType":"St","PostDirectional":null,"PostModifier":null,"SHIELD":null,"HighwayNumber":null,"NavigationDirection":null,"JURISDICTION":"12","FCC":"A30","ACC":"3","SPEED":35,"OneWay":"FT","FromZlev":0,"ToZlev":0,"FromToDirection":null,"ToFromDirection":null,"FromToCost":0.01578883,"ToFromCost":-1,"LeftStateName":"NY","RightStateName":"NY","LeftCountyName":"Onondaga","RightCountyName":"Onondaga","LeftPostal":"13210","RightPostal":"13210","LeftZipName":"Syracuse","RightZipName":"Syracuse","LeftCityTownName":"Syracuse","RightCityTownName":"Syracuse","LeftPlaceName":null,"RightPlaceName":null,"LeftFIPS":"979539","RightFIPS":"979539","GeometryAccuracy":"T","GeometrySource":"NYSDOP Orthoimagery","NameSource":"Tele Atlas","AddressSource":"Tele Atlas","Status":"Active","CLDXF_PreDirectional":"East","CLDXF_PostType":"Street","CLDXF_PostDirectional":null,"Label":"E Adams St","LeftCountry":"US","RightCountry":"US","LeftParity":"O","RightParity":"E","LeftESN":null,"RightESN":null,"LeftIncorporatedMunicipality":"Syracuse","RightIncorporatedMunicipality":"Syracuse","LeftUnincorporatedMunicipality":null,"RightUnincorporatedMunicipality":null,"LeftNeighborhoodCommunity":null,"RightNeighborhoodCommunity":null,"LeftMSAGCommunityName":"SYR","RightMSAGCommunityName":"SYR","DiscrepancyAgencyID":"13007069","Maintenance":null,"LeftMunicipalityType":"1","RightMunicipalityType":"1","LeftFrom_Text":"689","LeftTo_Text":"689","RightFrom_Text":"688","RightTo_Text":"688","CR_USERNAME":null,"CR_DATETIME":null,"AT_USERNAME":"rcoryell","AT_DATETIME":1601551440000,"SP_USERNAME":"JLevandowskiII","SP_DATETIME":1564483966000,"USERNAME":null,"Shape__Length":14.819161516254173}},{"type":"Feature","id":305744,"geometry":{"type":"LineString","coordinates":[[-76.1424541299851,43.0427186526316],[-76.1424630754087,43.0438397901585],[-76.1424672166421,43.04438042973]]},"properties":{"OBJECTID":305744,"DateModified":1532367607000,"NYSStreetID":"477437409","LocalID":"13002417","LeftFromPrefixAddressNumber":null,"RightFromPrefixAddressNumber":null,"LeftToPrefixAddressNumber":null,"RightToPrefixAddressNumber":null,"LeftFromAddress":8469,"LeftToAddress":8479,"RightFromAddress":8470,"RightToAddress":8480,"CompleteStreetName":"Interstate 81 Northbound","PreModifier":null,"PreDirectional":null,"PreType":"Interstate","SeparatorElement":null,"StreetName":"81","PostType":null,"PostDirectional":null,"PostModifier":"Northbound","SHIELD":"I","HighwayNumber":"81","NavigationDirection":"N","JURISDICTION":"01","FCC":"A15","ACC":"1","SPEED":65,"OneWay":"FT","FromZlev":1,"ToZlev":1,"FromToDirection":"N","ToFromDirection":null,"FromToCost":0.1058823,"ToFromCost":-1,"LeftStateName":"NY","RightStateName":"NY","LeftCountyName":"Onondaga","RightCountyName":"Onondaga","LeftPostal":"13202","RightPostal":"13210","LeftZipName":"Syracuse","RightZipName":"Syracuse","LeftCityTownName":"Syracuse","RightCityTownName":"Syracuse","LeftPlaceName":null,"RightPlaceName":null,"LeftFIPS":"979539","RightFIPS":"979539","GeometryAccuracy":"T","GeometrySource":"NYSDOP Orthoimagery","NameSource":"County E911","AddressSource":"County E911","Status":"Active","CLDXF_PreDirectional":null,"CLDXF_PostType":null,"CLDXF_PostDirectional":null,"Label":"Interstate 81 Northbound","LeftCountry":"US","RightCountry":"US","LeftParity":"O","RightParity":"E","LeftESN":null,"RightESN":null,"LeftIncorporatedMunicipality":"Syracuse","RightIncorporatedMunicipality":"Syracuse","LeftUnincorporatedMunicipality":null,"RightUnincorporatedMunicipality":null,"LeftNeighborhoodCommunity":null,"RightNeighborhoodCommunity":null,"LeftMSAGCommunityName":"SYR","RightMSAGCommunityName":"SYR","DiscrepancyAgencyID":"13002417","Maintenance":null,"LeftMunicipalityType":"1","RightMunicipalityType":"1","LeftFrom_Text":"8469","LeftTo_Text":"8479","RightFrom_Text":"8470","RightTo_Text":"8480","CR_USERNAME":null,"CR_DATETIME":null,"AT_USERNAME":"JLevandowskiII","AT_DATETIME":1605522080000,"SP_USERNAME":"JLevandowskiII","SP_DATETIME":1564485432000,"USERNAME":null,"Shape__Length":184.56164115615175}},{"type":"Feature","id":305745,"geometry":{"type":"LineString","coordinates":[[-76.1425678575984,43.042589341182],[-76.1425052737691,43.042420205528]]},"properties":{"OBJECTID":305745,"DateModified":1532367607000,"NYSStreetID":"507665689","LocalID":"99999999","LeftFromPrefixAddressNumber":null,"RightFromPrefixAddressNumber":null,"LeftToPrefixAddressNumber":null,"RightToPrefixAddressNumber":null,"LeftFromAddress":null,"LeftToAddress":null,"RightFromAddress":null,"RightToAddress":null,"CompleteStreetName":"Almond Street","PreModifier":null,"PreDirectional":null,"PreType":null,"SeparatorElement":null,"StreetName":"Almond","PostType":"St","PostDirectional":null,"PostModifier":null,"SHIELD":null,"HighwayNumber":null,"NavigationDirection":null,"JURISDICTION":"12","FCC":"A45","ACC":"4","SPEED":25,"OneWay":"FT","FromZlev":0,"ToZlev":0,"FromToDirection":null,"ToFromDirection":null,"FromToCost":0.02903252,"ToFromCost":-1,"LeftStateName":"NY","RightStateName":"NY","LeftCountyName":"Onondaga","RightCountyName":"Onondaga","LeftPostal":"13210","RightPostal":"13202","LeftZipName":"Syracuse","RightZipName":"Syracuse","LeftCityTownName":"Syracuse","RightCityTownName":"Syracuse","LeftPlaceName":null,"RightPlaceName":null,"LeftFIPS":"979539","RightFIPS":"979539","GeometryAccuracy":"T","GeometrySource":"NYSDOP Orthoimagery","NameSource":"Tele Atlas","AddressSource":"Tele Atlas","Status":"Active","CLDXF_PreDirectional":null,"CLDXF_PostType":"Street","CLDXF_PostDirectional":null,"Label":"Almond St","LeftCountry":"US","RightCountry":"US","LeftParity":null,"RightParity":null,"LeftESN":null,"RightESN":null,"LeftIncorporatedMunicipality":"Syracuse","RightIncorporatedMunicipality":"Syracuse","LeftUnincorporatedMunicipality":null,"RightUnincorporatedMunicipality":null,"LeftNeighborhoodCommunity":null,"RightNeighborhoodCommunity":null,"LeftMSAGCommunityName":"SYR","RightMSAGCommunityName":"SYR","DiscrepancyAgencyID":"99999999","Maintenance":null,"LeftMunicipalityType":"1","RightMunicipalityType":"1","LeftFrom_Text":null,"LeftTo_Text":null,"RightFrom_Text":null,"RightTo_Text":null,"CR_USERNAME":null,"CR_DATETIME":null,"AT_USERNAME":"mtoonkel1","AT_DATETIME":1676276908000,"SP_USERNAME":"JLevandowskiII","SP_DATETIME":1564483706000,"USERNAME":null,"Shape__Length":19.46389730456263}},{"type":"Feature","id":305746,"geometry":{"type":"LineString","coordinates":[[-76.1425678575984,43.042589341182],[-76.1425704986453,43.0427210207325]]},"properties":{"OBJECTID":305746,"DateModified":1532367607000,"NYSStreetID":"506022041","LocalID":"13017750","LeftFromPrefixAddressNumber":null,"RightFromPrefixAddressNumber":null,"LeftToPrefixAddressNumber":null,"RightToPrefixAddressNumber":null,"LeftFromAddress":8469,"LeftToAddress":8469,"RightFromAddress":8468,"RightToAddress":8468,"CompleteStreetName":"Interstate 81 Southbound","PreModifier":null,"PreDirectional":null,"PreType":"Interstate","SeparatorElement":null,"StreetName":"81","PostType":null,"PostDirectional":null,"PostModifier":"Southbound","SHIELD":"I","HighwayNumber":"81","NavigationDirection":"S","JURISDICTION":"01","FCC":"A15","ACC":"1","SPEED":65,"OneWay":"TF","FromZlev":1,"ToZlev":1,"FromToDirection":null,"ToFromDirection":"S","FromToCost":-1,"ToFromCost":0.00839088,"LeftStateName":"NY","RightStateName":"NY","LeftCountyName":"Onondaga","RightCountyName":"Onondaga","LeftPostal":"13202","RightPostal":"13210","LeftZipName":"Syracuse","RightZipName":"Syracuse","LeftCityTownName":"Syracuse","RightCityTownName":"Syracuse","LeftPlaceName":null,"RightPlaceName":null,"LeftFIPS":"979539","RightFIPS":"979539","GeometryAccuracy":"T","GeometrySource":"NYSDOP Orthoimagery","NameSource":"County E911","AddressSource":"County E911","Status":"Active","CLDXF_PreDirectional":null,"CLDXF_PostType":null,"CLDXF_PostDirectional":null,"Label":"Interstate 81 Southbound","LeftCountry":"US","RightCountry":"US","LeftParity":"O","RightParity":"E","LeftESN":null,"RightESN":null,"LeftIncorporatedMunicipality":"Syracuse","RightIncorporatedMunicipality":"Syracuse","LeftUnincorporatedMunicipality":null,"RightUnincorporatedMunicipality":null,"LeftNeighborhoodCommunity":null,"RightNeighborhoodCommunity":null,"LeftMSAGCommunityName":"SYR","RightMSAGCommunityName":"SYR","DiscrepancyAgencyID":"13017750","Maintenance":null,"LeftMunicipalityType":"1","RightMunicipalityType":"1","LeftFrom_Text":"8469","LeftTo_Text":"8469","RightFrom_Text":"8468","RightTo_Text":"8468","CR_USERNAME":null,"CR_DATETIME":null,"AT_USERNAME":"JLevandowskiII","AT_DATETIME":1605523127000,"SP_USERNAME":"JLevandowskiII","SP_DATETIME":1564483670000,"USERNAME":null,"Shape__Length":14.626037843537208}},{"type":"Feature","id":305747,"geometry":{"type":"LineString","coordinates":[[-76.1425704986453,43.0427210207325],[-76.1425118269792,43.0427210568416]]},"properties":{"OBJECTID":305747,"DateModified":1532367607000,"NYSStreetID":"477437408","LocalID":"12577726","LeftFromPrefixAddressNumber":null,"RightFromPrefixAddressNumber":null,"LeftToPrefixAddressNumber":null,"RightToPrefixAddressNumber":null,"LeftFromAddress":681,"LeftToAddress":685,"RightFromAddress":680,"RightToAddress":684,"CompleteStreetName":"East Adams Street","PreModifier":null,"PreDirectional":"E","PreType":null,"SeparatorElement":null,"StreetName":"Adams","PostType":"St","PostDirectional":null,"PostModifier":null,"SHIELD":null,"HighwayNumber":null,"NavigationDirection":null,"JURISDICTION":"12","FCC":"A30","ACC":"3","SPEED":35,"OneWay":"FT","FromZlev":0,"ToZlev":0,"FromToDirection":null,"ToFromDirection":null,"FromToCost":0.00509213,"ToFromCost":-1,"LeftStateName":"NY","RightStateName":"NY","LeftCountyName":"Onondaga","RightCountyName":"Onondaga","LeftPostal":"13210","RightPostal":"13202","LeftZipName":"Syracuse","RightZipName":"Syracuse","LeftCityTownName":"Syracuse","RightCityTownName":"Syracuse","LeftPlaceName":null,"RightPlaceName":null,"LeftFIPS":"979539","RightFIPS":"979539","GeometryAccuracy":"T","GeometrySource":"NYSDOP Orthoimagery","NameSource":"Tele Atlas","AddressSource":"Tele Atlas","Status":"Active","CLDXF_PreDirectional":"East","CLDXF_PostType":"Street","CLDXF_PostDirectional":null,"Label":"E Adams St","LeftCountry":"US","RightCountry":"US","LeftParity":"O","RightParity":"E","LeftESN":null,"RightESN":null,"LeftIncorporatedMunicipality":"Syracuse","RightIncorporatedMunicipality":"Syracuse","LeftUnincorporatedMunicipality":null,"RightUnincorporatedMunicipality":null,"LeftNeighborhoodCommunity":null,"RightNeighborhoodCommunity":null,"LeftMSAGCommunityName":"SYR","RightMSAGCommunityName":"SYR","DiscrepancyAgencyID":"12577726","Maintenance":null,"LeftMunicipalityType":"1","RightMunicipalityType":"1","LeftFrom_Text":"681","LeftTo_Text":"685","RightFrom_Text":"680","RightTo_Text":"684","CR_USERNAME":null,"CR_DATETIME":null,"AT_USERNAME":"rcoryell","AT_DATETIME":1601551417000,"SP_USERNAME":"JLevandowskiII","SP_DATETIME":1564483934000,"USERNAME":null,"Shape__Length":4.779426439075217}},{"type":"Feature","id":305748,"geometry":{"type":"LineString","coordinates":[[-76.1425704986453,43.0427210207325],[-76.1425761786928,43.0434643182606]]},"properties":{"OBJECTID":305748,"DateModified":1532367607000,"NYSStreetID":"477437405","LocalID":"13017750","LeftFromPrefixAddressNumber":null,"RightFromPrefixAddressNumber":null,"LeftToPrefixAddressNumber":null,"RightToPrefixAddressNumber":null,"LeftFromAddress":8471,"LeftToAddress":8475,"RightFromAddress":8470,"RightToAddress":8474,"CompleteStreetName":"Interstate 81 Southbound","PreModifier":null,"PreDirectional":null,"PreType":"Interstate","SeparatorElement":null,"StreetName":"81","PostType":null,"PostDirectional":null,"PostModifier":"Southbound","SHIELD":"I","HighwayNumber":"81","NavigationDirection":"S","JURISDICTION":"01","FCC":"A15","ACC":"1","SPEED":65,"OneWay":"TF","FromZlev":1,"ToZlev":1,"FromToDirection":null,"ToFromDirection":"S","FromToCost":-1,"ToFromCost":0.04736013,"LeftStateName":"NY","RightStateName":"NY","LeftCountyName":"Onondaga","RightCountyName":"Onondaga","LeftPostal":"13202","RightPostal":"13210","LeftZipName":"Syracuse","RightZipName":"Syracuse","LeftCityTownName":"Syracuse","RightCityTownName":"Syracuse","LeftPlaceName":null,"RightPlaceName":null,"LeftFIPS":"979539","RightFIPS":"979539","GeometryAccuracy":"T","GeometrySource":"NYSDOP Orthoimagery","NameSource":"County E911","AddressSource":"County E911","Status":"Active","CLDXF_PreDirectional":null,"CLDXF_PostType":null,"CLDXF_PostDirectional":null,"Label":"Interstate 81 Southbound","LeftCountry":"US","RightCountry":"US","LeftParity":"O","RightParity":"E","LeftESN":null,"RightESN":null,"LeftIncorporatedMunicipality":"Syracuse","RightIncorporatedMunicipality":"Syracuse","LeftUnincorporatedMunicipality":null,"RightUnincorporatedMunicipality":null,"LeftNeighborhoodCommunity":null,"RightNeighborhoodCommunity":null,"LeftMSAGCommunityName":"SYR","RightMSAGCommunityName":"SYR","DiscrepancyAgencyID":"13017750","Maintenance":null,"LeftMunicipalityType":"1","RightMunicipalityType":"1","LeftFrom_Text":"8471","LeftTo_Text":"8475","RightFrom_Text":"8470","RightTo_Text":"8474","CR_USERNAME":null,"CR_DATETIME":null,"AT_USERNAME":"JLevandowskiII","AT_DATETIME":1605523126000,"SP_USERNAME":"JLevandowskiII","SP_DATETIME":1564483574000,"USERNAME":null,"Shape__Length":82.55262963375276}},{"type":"Feature","id":305749,"geometry":{"type":"LineString","coordinates":[[-76.1425052737691,43.042420205528],[-76.1424922958082,43.0416686150617],[-76.1424852808642,43.0412118574914],[-76.1424584814243,43.0408175751244],[-76.1424135252359,43.0404127407162]]},"properties":{"OBJECTID":305749,"DateModified":1532367607000,"NYSStreetID":"506022038","LocalID":"13007066","LeftFromPrefixAddressNumber":null,"RightFromPrefixAddressNumber":null,"LeftToPrefixAddressNumber":null,"RightToPrefixAddressNumber":null,"LeftFromAddress":901,"LeftToAddress":1099,"RightFromAddress":900,"RightToAddress":1098,"CompleteStreetName":"Almond Street","PreModifier":null,"PreDirectional":null,"PreType":null,"SeparatorElement":null,"StreetName":"Almond","PostType":"St","PostDirectional":null,"PostModifier":null,"SHIELD":null,"HighwayNumber":null,"NavigationDirection":null,"JURISDICTION":"12","FCC":"A41","ACC":"4","SPEED":25,"OneWay":null,"FromZlev":0,"ToZlev":0,"FromToDirection":null,"ToFromDirection":null,"FromToCost":0.33287379,"ToFromCost":0.33287379,"LeftStateName":"NY","RightStateName":"NY","LeftCountyName":"Onondaga","RightCountyName":"Onondaga","LeftPostal":"13210","RightPostal":"13202","LeftZipName":"Syracuse","RightZipName":"Syracuse","LeftCityTownName":"Syracuse","RightCityTownName":"Syracuse","LeftPlaceName":null,"RightPlaceName":null,"LeftFIPS":"979539","RightFIPS":"979539","GeometryAccuracy":"T","GeometrySource":"NYSDOP Orthoimagery","NameSource":"Tele Atlas","AddressSource":"NYSDP Build","Status":"Active","CLDXF_PreDirectional":null,"CLDXF_PostType":"Street","CLDXF_PostDirectional":null,"Label":"Almond St","LeftCountry":"US","RightCountry":"US","LeftParity":"O","RightParity":"E","LeftESN":null,"RightESN":null,"LeftIncorporatedMunicipality":"Syracuse","RightIncorporatedMunicipality":"Syracuse","LeftUnincorporatedMunicipality":null,"RightUnincorporatedMunicipality":null,"LeftNeighborhoodCommunity":null,"RightNeighborhoodCommunity":null,"LeftMSAGCommunityName":"SYR","RightMSAGCommunityName":"SYR","DiscrepancyAgencyID":"13007066","Maintenance":null,"LeftMunicipalityType":"1","RightMunicipalityType":"1","LeftFrom_Text":"901","LeftTo_Text":"1099","RightFrom_Text":"900","RightTo_Text":"1098","CR_USERNAME":null,"CR_DATETIME":null,"AT_USERNAME":"mtoonkel1","AT_DATETIME":1676276908000,"SP_USERNAME":"JLevandowskiII","SP_DATETIME":1564483810000,"USERNAME":null,"Shape__Length":223.16409826627785}},{"type":"Feature","id":305750,"geometry":{"type":"LineString","coordinates":[[-76.1431193180799,43.0416386525164],[-76.143994243929,43.0416496298777]]},"properties":{"OBJECTID":305750,"DateModified":1532367607000,"NYSStreetID":"477437791","LocalID":"12577717","LeftFromPrefixAddressNumber":null,"RightFromPrefixAddressNumber":null,"LeftToPrefixAddressNumber":null,"RightToPrefixAddressNumber":null,"LeftFromAddress":null,"LeftToAddress":null,"RightFromAddress":null,"RightToAddress":null,"CompleteStreetName":"Monroe Street","PreModifier":null,"PreDirectional":null,"PreType":null,"SeparatorElement":null,"StreetName":"Monroe","PostType":"St","PostDirectional":null,"PostModifier":null,"SHIELD":null,"HighwayNumber":null,"NavigationDirection":null,"JURISDICTION":"12","FCC":"A41","ACC":"5","SPEED":25,"OneWay":null,"FromZlev":0,"ToZlev":0,"FromToDirection":null,"ToFromDirection":null,"FromToCost":0.10632738,"ToFromCost":0.10632738,"LeftStateName":"NY","RightStateName":"NY","LeftCountyName":"Onondaga","RightCountyName":"Onondaga","LeftPostal":"13202","RightPostal":"13202","LeftZipName":"Syracuse","RightZipName":"Syracuse","LeftCityTownName":"Syracuse","RightCityTownName":"Syracuse","LeftPlaceName":null,"RightPlaceName":null,"LeftFIPS":"979539","RightFIPS":"979539","GeometryAccuracy":"T","GeometrySource":"NYSDOP Orthoimagery","NameSource":"Tele Atlas","AddressSource":"Tele Atlas","Status":"Active","CLDXF_PreDirectional":null,"CLDXF_PostType":"Street","CLDXF_PostDirectional":null,"Label":"Monroe St","LeftCountry":"US","RightCountry":"US","LeftParity":null,"RightParity":null,"LeftESN":null,"RightESN":null,"LeftIncorporatedMunicipality":"Syracuse","RightIncorporatedMunicipality":"Syracuse","LeftUnincorporatedMunicipality":null,"RightUnincorporatedMunicipality":null,"LeftNeighborhoodCommunity":null,"RightNeighborhoodCommunity":null,"LeftMSAGCommunityName":"SYR","RightMSAGCommunityName":"SYR","DiscrepancyAgencyID":"12577717","Maintenance":null,"LeftMunicipalityType":"1","RightMunicipalityType":"1","LeftFrom_Text":null,"LeftTo_Text":null,"RightFrom_Text":null,"RightTo_Text":null,"CR_USERNAME":null,"CR_DATETIME":null,"AT_USERNAME":"cfargione2","AT_DATETIME":1597662009000,"SP_USERNAME":null,"SP_DATETIME":null,"USERNAME":null,"Shape__Length":71.28360609122703}},{"type":"Feature","id":305751,"geometry":{"type":"LineString","coordinates":[[-76.142177595303,43.0416515765208],[-76.1421931523271,43.0416847758036],[-76.1421973276965,43.0417695508559],[-76.1421883750864,43.0418766185517],[-76.1421532913829,43.0427125876141]]},"properties":{"OBJECTID":305751,"DateModified":1532367607000,"NYSStreetID":"507666607","LocalID":"13001883","LeftFromPrefixAddressNumber":null,"RightFromPrefixAddressNumber":null,"LeftToPrefixAddressNumber":null,"RightToPrefixAddressNumber":null,"LeftFromAddress":null,"LeftToAddress":null,"RightFromAddress":null,"RightToAddress":null,"CompleteStreetName":"Monroe Street","PreModifier":null,"PreDirectional":null,"PreType":null,"SeparatorElement":null,"StreetName":"Monroe","PostType":"St","PostDirectional":null,"PostModifier":null,"SHIELD":null,"HighwayNumber":null,"NavigationDirection":null,"JURISDICTION":"12","FCC":"A40","ACC":"5","SPEED":25,"OneWay":"FT","FromZlev":0,"ToZlev":0,"FromToDirection":null,"ToFromDirection":null,"FromToCost":0.17619046,"ToFromCost":-1,"LeftStateName":"NY","RightStateName":"NY","LeftCountyName":"Onondaga","RightCountyName":"Onondaga","LeftPostal":"13202","RightPostal":"13210","LeftZipName":"Syracuse","RightZipName":"Syracuse","LeftCityTownName":"Syracuse","RightCityTownName":"Syracuse","LeftPlaceName":null,"RightPlaceName":null,"LeftFIPS":"979539","RightFIPS":"979539","GeometryAccuracy":"T","GeometrySource":"NYSDOP Orthoimagery","NameSource":"NYSDP Build","AddressSource":"Tele Atlas","Status":"Active","CLDXF_PreDirectional":null,"CLDXF_PostType":"Street","CLDXF_PostDirectional":null,"Label":"Monroe St","LeftCountry":"US","RightCountry":"US","LeftParity":null,"RightParity":null,"LeftESN":null,"RightESN":null,"LeftIncorporatedMunicipality":"Syracuse","RightIncorporatedMunicipality":"Syracuse","LeftUnincorporatedMunicipality":null,"RightUnincorporatedMunicipality":null,"LeftNeighborhoodCommunity":null,"RightNeighborhoodCommunity":null,"LeftMSAGCommunityName":"SYR","RightMSAGCommunityName":"SYR","DiscrepancyAgencyID":"13001883","Maintenance":null,"LeftMunicipalityType":"1","RightMunicipalityType":"1","LeftFrom_Text":null,"LeftTo_Text":null,"RightFrom_Text":null,"RightTo_Text":null,"CR_USERNAME":null,"CR_DATETIME":null,"AT_USERNAME":"mtoonkel1","AT_DATETIME":1676384528000,"SP_USERNAME":"JLevandowskiII","SP_DATETIME":1564480686000,"USERNAME":null,"Shape__Length":118.12105381203922}},{"type":"Feature","id":305752,"geometry":{"type":"LineString","coordinates":[[-76.142177595303,43.0416515765208],[-76.142151963673,43.04163515578],[-76.1421069428059,43.0416251231786],[-76.1416703454081,43.0416232842074]]},"properties":{"OBJECTID":305752,"DateModified":1532367607000,"NYSStreetID":"477437812","LocalID":"12577731","LeftFromPrefixAddressNumber":null,"RightFromPrefixAddressNumber":null,"LeftToPrefixAddressNumber":null,"RightToPrefixAddressNumber":null,"LeftFromAddress":102,"LeftToAddress":124,"RightFromAddress":105,"RightToAddress":125,"CompleteStreetName":"Monroe Street","PreModifier":null,"PreDirectional":null,"PreType":null,"SeparatorElement":null,"StreetName":"Monroe","PostType":"St","PostDirectional":null,"PostModifier":null,"SHIELD":null,"HighwayNumber":null,"NavigationDirection":null,"JURISDICTION":"12","FCC":"A41","ACC":"5","SPEED":25,"OneWay":null,"FromZlev":0,"ToZlev":0,"FromToDirection":null,"ToFromDirection":null,"FromToCost":0.06290418,"ToFromCost":0.06290418,"LeftStateName":"NY","RightStateName":"NY","LeftCountyName":"Onondaga","RightCountyName":"Onondaga","LeftPostal":"13210","RightPostal":"13210","LeftZipName":"Syracuse","RightZipName":"Syracuse","LeftCityTownName":"Syracuse","RightCityTownName":"Syracuse","LeftPlaceName":null,"RightPlaceName":null,"LeftFIPS":"979539","RightFIPS":"979539","GeometryAccuracy":"T","GeometrySource":"NYSDOP Orthoimagery","NameSource":"Tele Atlas","AddressSource":"NYSDP Build","Status":"Active","CLDXF_PreDirectional":null,"CLDXF_PostType":"Street","CLDXF_PostDirectional":null,"Label":"Monroe St","LeftCountry":"US","RightCountry":"US","LeftParity":"E","RightParity":"O","LeftESN":null,"RightESN":null,"LeftIncorporatedMunicipality":"Syracuse","RightIncorporatedMunicipality":"Syracuse","LeftUnincorporatedMunicipality":null,"RightUnincorporatedMunicipality":null,"LeftNeighborhoodCommunity":null,"RightNeighborhoodCommunity":null,"LeftMSAGCommunityName":"SYR","RightMSAGCommunityName":"SYR","DiscrepancyAgencyID":"12577731","Maintenance":null,"LeftMunicipalityType":"1","RightMunicipalityType":"1","LeftFrom_Text":"102","LeftTo_Text":"124","RightFrom_Text":"105","RightTo_Text":"125","CR_USERNAME":null,"CR_DATETIME":null,"AT_USERNAME":"cfargione2","AT_DATETIME":1595586944000,"SP_USERNAME":"JLevandowskiII","SP_DATETIME":1564480796000,"USERNAME":null,"Shape__Length":42.171980481188065}},{"type":"Feature","id":305753,"geometry":{"type":"LineString","coordinates":[[-76.1416703454081,43.0416232842074],[-76.1411342775589,43.0416185728692],[-76.1408943348516,43.0416156525747]]},"properties":{"OBJECTID":305753,"DateModified":1532367607000,"NYSStreetID":"477437818","LocalID":"12577732","LeftFromPrefixAddressNumber":null,"RightFromPrefixAddressNumber":null,"LeftToPrefixAddressNumber":null,"RightToPrefixAddressNumber":null,"LeftFromAddress":126,"LeftToAddress":148,"RightFromAddress":127,"RightToAddress":149,"CompleteStreetName":"Monroe Street","PreModifier":null,"PreDirectional":null,"PreType":null,"SeparatorElement":null,"StreetName":"Monroe","PostType":"St","PostDirectional":null,"PostModifier":null,"SHIELD":null,"HighwayNumber":null,"NavigationDirection":null,"JURISDICTION":"12","FCC":"A41","ACC":"5","SPEED":25,"OneWay":null,"FromZlev":0,"ToZlev":0,"FromToDirection":null,"ToFromDirection":null,"FromToCost":0.09430134,"ToFromCost":0.09430134,"LeftStateName":"NY","RightStateName":"NY","LeftCountyName":"Onondaga","RightCountyName":"Onondaga","LeftPostal":"13210","RightPostal":"13210","LeftZipName":"Syracuse","RightZipName":"Syracuse","LeftCityTownName":"Syracuse","RightCityTownName":"Syracuse","LeftPlaceName":null,"RightPlaceName":null,"LeftFIPS":"979539","RightFIPS":"979539","GeometryAccuracy":"T","GeometrySource":"NYSDOP Orthoimagery","NameSource":"Tele Atlas","AddressSource":"NYSDP Build","Status":"Active","CLDXF_PreDirectional":null,"CLDXF_PostType":"Street","CLDXF_PostDirectional":null,"Label":"Monroe St","LeftCountry":"US","RightCountry":"US","LeftParity":"E","RightParity":"O","LeftESN":null,"RightESN":null,"LeftIncorporatedMunicipality":"Syracuse","RightIncorporatedMunicipality":"Syracuse","LeftUnincorporatedMunicipality":null,"RightUnincorporatedMunicipality":null,"LeftNeighborhoodCommunity":null,"RightNeighborhoodCommunity":null,"LeftMSAGCommunityName":"SYR","RightMSAGCommunityName":"SYR","DiscrepancyAgencyID":"12577732","Maintenance":null,"LeftMunicipalityType":"1","RightMunicipalityType":"1","LeftFrom_Text":"126","LeftTo_Text":"148","RightFrom_Text":"127","RightTo_Text":"149","CR_USERNAME":null,"CR_DATETIME":null,"AT_USERNAME":"cfargione2","AT_DATETIME":1595586944000,"SP_USERNAME":"JLevandowskiII","SP_DATETIME":1564480805000,"USERNAME":null,"Shape__Length":63.221169093146855}},{"type":"Feature","id":305754,"geometry":{"type":"LineString","coordinates":[[-76.1416703454081,43.0416232842074],[-76.1416693913973,43.0415718310702],[-76.1416726936043,43.0415393893756],[-76.1416843222956,43.0415011556482],[-76.1417085525538,43.0414413465874],[-76.1418022603126,43.0412545952974],[-76.1418293103825,43.0412436093304],[-76.1420343319814,43.0412436349356]]},"properties":{"OBJECTID":305754,"DateModified":1532367607000,"NYSStreetID":"477437959","LocalID":"12577730","LeftFromPrefixAddressNumber":null,"RightFromPrefixAddressNumber":null,"LeftToPrefixAddressNumber":null,"RightToPrefixAddressNumber":null,"LeftFromAddress":1,"LeftToAddress":199,"RightFromAddress":100,"RightToAddress":198,"CompleteStreetName":"Light Court","PreModifier":null,"PreDirectional":null,"PreType":null,"SeparatorElement":null,"StreetName":"Light","PostType":"Ct","PostDirectional":null,"PostModifier":null,"SHIELD":null,"HighwayNumber":null,"NavigationDirection":null,"JURISDICTION":"12","FCC":"A41","ACC":"5","SPEED":25,"OneWay":null,"FromZlev":0,"ToZlev":0,"FromToDirection":null,"ToFromDirection":null,"FromToCost":0.09237471,"ToFromCost":0.09237471,"LeftStateName":"NY","RightStateName":"NY","LeftCountyName":"Onondaga","RightCountyName":"Onondaga","LeftPostal":"13210","RightPostal":"13210","LeftZipName":"Syracuse","RightZipName":"Syracuse","LeftCityTownName":"Syracuse","RightCityTownName":"Syracuse","LeftPlaceName":null,"RightPlaceName":null,"LeftFIPS":"979539","RightFIPS":"979539","GeometryAccuracy":"T","GeometrySource":"NYSDOP Orthoimagery","NameSource":"Tele Atlas","AddressSource":"NYSDP Build","Status":"Active","CLDXF_PreDirectional":null,"CLDXF_PostType":"Court","CLDXF_PostDirectional":null,"Label":"Light Ct","LeftCountry":"US","RightCountry":"US","LeftParity":"O","RightParity":"E","LeftESN":null,"RightESN":null,"LeftIncorporatedMunicipality":"Syracuse","RightIncorporatedMunicipality":"Syracuse","LeftUnincorporatedMunicipality":null,"RightUnincorporatedMunicipality":null,"LeftNeighborhoodCommunity":null,"RightNeighborhoodCommunity":null,"LeftMSAGCommunityName":"SYR","RightMSAGCommunityName":"SYR","DiscrepancyAgencyID":"12577730","Maintenance":null,"LeftMunicipalityType":"1","RightMunicipalityType":"1","LeftFrom_Text":"1","LeftTo_Text":"199","RightFrom_Text":"100","RightTo_Text":"198","CR_USERNAME":null,"CR_DATETIME":null,"AT_USERNAME":"JLevandowskiII","AT_DATETIME":1602246603000,"SP_USERNAME":"JLevandowskiII","SP_DATETIME":1564480784000,"USERNAME":null,"Shape__Length":61.929486642673936}},{"type":"Feature","id":305755,"geometry":{"type":"LineString","coordinates":[[-76.1408943348516,43.0416156525747],[-76.1404413503864,43.0416106228135],[-76.1402923513218,43.0415995909524],[-76.140198541155,43.0415656228133]]},"properties":{"OBJECTID":305755,"DateModified":1532367607000,"NYSStreetID":"477437824","LocalID":"12577737","LeftFromPrefixAddressNumber":null,"RightFromPrefixAddressNumber":null,"LeftToPrefixAddressNumber":null,"RightToPrefixAddressNumber":null,"LeftFromAddress":151,"LeftToAddress":199,"RightFromAddress":150,"RightToAddress":198,"CompleteStreetName":"Monroe Street","PreModifier":null,"PreDirectional":null,"PreType":null,"SeparatorElement":null,"StreetName":"Monroe","PostType":"St","PostDirectional":null,"PostModifier":null,"SHIELD":null,"HighwayNumber":null,"NavigationDirection":null,"JURISDICTION":"12","FCC":"A41","ACC":"5","SPEED":25,"OneWay":null,"FromZlev":0,"ToZlev":0,"FromToDirection":null,"ToFromDirection":null,"FromToCost":0.08595712,"ToFromCost":0.08595712,"LeftStateName":"NY","RightStateName":"NY","LeftCountyName":"Onondaga","RightCountyName":"Onondaga","LeftPostal":"13210","RightPostal":"13210","LeftZipName":"Syracuse","RightZipName":"Syracuse","LeftCityTownName":"Syracuse","RightCityTownName":"Syracuse","LeftPlaceName":null,"RightPlaceName":null,"LeftFIPS":"3606773000","RightFIPS":"3606773000","GeometryAccuracy":"T","GeometrySource":"NYSDOP Orthoimagery","NameSource":"Tele Atlas","AddressSource":"NYSDP Build","Status":"Active","CLDXF_PreDirectional":null,"CLDXF_PostType":"Street","CLDXF_PostDirectional":null,"Label":"Monroe St","LeftCountry":"US","RightCountry":"US","LeftParity":"O","RightParity":"E","LeftESN":null,"RightESN":null,"LeftIncorporatedMunicipality":"Syracuse","RightIncorporatedMunicipality":"Syracuse","LeftUnincorporatedMunicipality":null,"RightUnincorporatedMunicipality":null,"LeftNeighborhoodCommunity":null,"RightNeighborhoodCommunity":null,"LeftMSAGCommunityName":"SYR","RightMSAGCommunityName":"SYR","DiscrepancyAgencyID":"12577737","Maintenance":null,"LeftMunicipalityType":"1","RightMunicipalityType":"1","LeftFrom_Text":"151","LeftTo_Text":"199","RightFrom_Text":"150","RightTo_Text":"198","CR_USERNAME":null,"CR_DATETIME":null,"AT_USERNAME":"JLevandowskiII","AT_DATETIME":1602246660000,"SP_USERNAME":"JLevandowskiII","SP_DATETIME":1602246658000,"USERNAME":null,"Shape__Length":57.62708707248677}},{"type":"Feature","id":305756,"geometry":{"type":"LineString","coordinates":[[-76.1408943348516,43.0416156525747],[-76.1409452621417,43.0413826384919],[-76.1410882362057,43.0410686523046]]},"properties":{"OBJECTID":305756,"DateModified":1532367607000,"NYSStreetID":"477437984","LocalID":"12577736","LeftFromPrefixAddressNumber":null,"RightFromPrefixAddressNumber":null,"LeftToPrefixAddressNumber":null,"RightToPrefixAddressNumber":null,"LeftFromAddress":1,"LeftToAddress":199,"RightFromAddress":2,"RightToAddress":198,"CompleteStreetName":"Frisbie Court","PreModifier":null,"PreDirectional":null,"PreType":null,"SeparatorElement":null,"StreetName":"Frisbie","PostType":"Ct","PostDirectional":null,"PostModifier":null,"SHIELD":null,"HighwayNumber":null,"NavigationDirection":null,"JURISDICTION":"12","FCC":"A41","ACC":"5","SPEED":25,"OneWay":null,"FromZlev":0,"ToZlev":0,"FromToDirection":null,"ToFromDirection":null,"FromToCost":0.0939332,"ToFromCost":0.0939332,"LeftStateName":"NY","RightStateName":"NY","LeftCountyName":"Onondaga","RightCountyName":"Onondaga","LeftPostal":"13210","RightPostal":"13210","LeftZipName":"Syracuse","RightZipName":"Syracuse","LeftCityTownName":"Syracuse","RightCityTownName":"Syracuse","LeftPlaceName":null,"RightPlaceName":null,"LeftFIPS":"979539","RightFIPS":"979539","GeometryAccuracy":"T","GeometrySource":"NYSDOP Orthoimagery","NameSource":"Tele Atlas","AddressSource":"NYSDP Build","Status":"Active","CLDXF_PreDirectional":null,"CLDXF_PostType":"Court","CLDXF_PostDirectional":null,"Label":"Frisbie Ct","LeftCountry":"US","RightCountry":"US","LeftParity":"O","RightParity":"E","LeftESN":null,"RightESN":null,"LeftIncorporatedMunicipality":"Syracuse","RightIncorporatedMunicipality":"Syracuse","LeftUnincorporatedMunicipality":null,"RightUnincorporatedMunicipality":null,"LeftNeighborhoodCommunity":null,"RightNeighborhoodCommunity":null,"LeftMSAGCommunityName":"SYR","RightMSAGCommunityName":"SYR","DiscrepancyAgencyID":"12577736","Maintenance":null,"LeftMunicipalityType":"1","RightMunicipalityType":"1","LeftFrom_Text":"1","LeftTo_Text":"199","RightFrom_Text":"2","RightTo_Text":"198","CR_USERNAME":null,"CR_DATETIME":null,"AT_USERNAME":"cfargione2","AT_DATETIME":1597662009000,"SP_USERNAME":null,"SP_DATETIME":null,"USERNAME":null,"Shape__Length":62.974386254885545}},{"type":"Feature","id":305757,"geometry":{"type":"LineString","coordinates":[[-76.140198541155,43.0415656228133],[-76.140165293608,43.0415535811829],[-76.140135248555,43.0415156094246],[-76.1401302817698,43.041439657959],[-76.1401513508565,43.0413575933203],[-76.1403532777593,43.0408325766242],[-76.1404962455351,43.0404915770342]]},"properties":{"OBJECTID":305757,"DateModified":1532367607000,"NYSStreetID":"477438152","LocalID":"12577488","LeftFromPrefixAddressNumber":null,"RightFromPrefixAddressNumber":null,"LeftToPrefixAddressNumber":null,"RightToPrefixAddressNumber":null,"LeftFromAddress":301,"LeftToAddress":335,"RightFromAddress":300,"RightToAddress":334,"CompleteStreetName":"Renwick Avenue","PreModifier":null,"PreDirectional":null,"PreType":null,"SeparatorElement":null,"StreetName":"Renwick","PostType":"Ave","PostDirectional":null,"PostModifier":null,"SHIELD":null,"HighwayNumber":null,"NavigationDirection":null,"JURISDICTION":"12","FCC":"A41","ACC":"5","SPEED":25,"OneWay":null,"FromZlev":0,"ToZlev":0,"FromToDirection":null,"ToFromDirection":null,"FromToCost":0.18767824,"ToFromCost":0.18767824,"LeftStateName":"NY","RightStateName":"NY","LeftCountyName":"Onondaga","RightCountyName":"Onondaga","LeftPostal":"13210","RightPostal":"13210","LeftZipName":"Syracuse","RightZipName":"Syracuse","LeftCityTownName":"Syracuse","RightCityTownName":"Syracuse","LeftPlaceName":null,"RightPlaceName":null,"LeftFIPS":"3606773000","RightFIPS":"3606773000","GeometryAccuracy":"T","GeometrySource":"NYSDOP Orthoimagery","NameSource":"Tele Atlas","AddressSource":"NYSDP Build","Status":"Active","CLDXF_PreDirectional":null,"CLDXF_PostType":"Avenue","CLDXF_PostDirectional":null,"Label":"Renwick Ave","LeftCountry":"US","RightCountry":"US","LeftParity":"O","RightParity":"E","LeftESN":null,"RightESN":null,"LeftIncorporatedMunicipality":"Syracuse","RightIncorporatedMunicipality":"Syracuse","LeftUnincorporatedMunicipality":null,"RightUnincorporatedMunicipality":null,"LeftNeighborhoodCommunity":null,"RightNeighborhoodCommunity":null,"LeftMSAGCommunityName":"SYR","RightMSAGCommunityName":"SYR","DiscrepancyAgencyID":"12577488","Maintenance":null,"LeftMunicipalityType":"1","RightMunicipalityType":"1","LeftFrom_Text":"301","LeftTo_Text":"335","RightFrom_Text":"300","RightTo_Text":"334","CR_USERNAME":null,"CR_DATETIME":null,"AT_USERNAME":"JLevandowskiII","AT_DATETIME":1602246647000,"SP_USERNAME":"JLevandowskiII","SP_DATETIME":1602246645000,"USERNAME":null,"Shape__Length":125.82263014040478}},{"type":"Feature","id":305763,"geometry":{"type":"LineString","coordinates":[[-76.1378648375228,43.0417199630714],[-76.1379833854959,43.0417187839257],[-76.1385095637921,43.0417171255057],[-76.1386725388459,43.0417476690503],[-76.1388216151656,43.04179670335],[-76.1394340452038,43.0418027001779],[-76.1395180781071,43.0417939662384],[-76.139567571686,43.0417796687838],[-76.1396074407149,43.0417309154696],[-76.1396523951067,43.041660445728],[-76.1396699445941,43.0416242782104],[-76.13969030491,43.0415410320433],[-76.1396914628384,43.0413800490841],[-76.1396900084659,43.0412385158538],[-76.1396781480093,43.0411714484236],[-76.1396440488594,43.0411061056678],[-76.1395952002709,43.0410298346133],[-76.1395215456041,43.0409697762615],[-76.1394329214114,43.0409313878902],[-76.1392776062921,43.0408927454105],[-76.1390728299331,43.0408647797087],[-76.1382504303754,43.0408688299598],[-76.137868559243,43.0408897732141]]},"properties":{"OBJECTID":305763,"DateModified":1582897582000,"NYSStreetID":"800043638","LocalID":"13030732","LeftFromPrefixAddressNumber":null,"RightFromPrefixAddressNumber":null,"LeftToPrefixAddressNumber":null,"RightToPrefixAddressNumber":null,"LeftFromAddress":null,"LeftToAddress":null,"RightFromAddress":null,"RightToAddress":null,"CompleteStreetName":"Memorial Drive","PreModifier":null,"PreDirectional":null,"PreType":null,"SeparatorElement":null,"StreetName":"Memorial","PostType":"Dr","PostDirectional":null,"PostModifier":null,"SHIELD":null,"HighwayNumber":null,"NavigationDirection":null,"JURISDICTION":"14","FCC":"A74","ACC":"6","SPEED":5,"OneWay":null,"FromZlev":0,"ToZlev":0,"FromToDirection":null,"ToFromDirection":null,"FromToCost":2.78484806,"ToFromCost":2.78484806,"LeftStateName":"NY","RightStateName":"NY","LeftCountyName":"Onondaga","RightCountyName":"Onondaga","LeftPostal":"13210","RightPostal":"13210","LeftZipName":"Syracuse","RightZipName":"Syracuse","LeftCityTownName":"Syracuse","RightCityTownName":"Syracuse","LeftPlaceName":null,"RightPlaceName":null,"LeftFIPS":"979539","RightFIPS":"979539","GeometryAccuracy":"T","GeometrySource":"NYSDOP Orthoimagery","NameSource":"County E911","AddressSource":"County E911","Status":"Active","CLDXF_PreDirectional":null,"CLDXF_PostType":"Drive","CLDXF_PostDirectional":null,"Label":"Memorial Dr","LeftCountry":"US","RightCountry":"US","LeftParity":null,"RightParity":null,"LeftESN":null,"RightESN":null,"LeftIncorporatedMunicipality":"Syracuse","RightIncorporatedMunicipality":"Syracuse","LeftUnincorporatedMunicipality":null,"RightUnincorporatedMunicipality":null,"LeftNeighborhoodCommunity":null,"RightNeighborhoodCommunity":null,"LeftMSAGCommunityName":"SYR","RightMSAGCommunityName":"SYR","DiscrepancyAgencyID":"13030732","Maintenance":null,"LeftMunicipalityType":"1","RightMunicipalityType":"1","LeftFrom_Text":null,"LeftTo_Text":null,"RightFrom_Text":null,"RightTo_Text":null,"CR_USERNAME":"mtoonkel1","CR_DATETIME":1582879543000,"AT_USERNAME":"JLevandowskiII","AT_DATETIME":1646225495000,"SP_USERNAME":"JLevandowskiII","SP_DATETIME":1616425786000,"USERNAME":null,"Shape__Length":373.4017416387137}},{"type":"Feature","id":305767,"geometry":{"type":"LineString","coordinates":[[-76.1378493460758,43.0426865772303],[-76.1366243099295,43.0426846142068]]},"properties":{"OBJECTID":305767,"DateModified":1532367607000,"NYSStreetID":"477437438","LocalID":"12577755","LeftFromPrefixAddressNumber":null,"RightFromPrefixAddressNumber":null,"LeftToPrefixAddressNumber":null,"RightToPrefixAddressNumber":null,"LeftFromAddress":901,"LeftToAddress":999,"RightFromAddress":900,"RightToAddress":998,"CompleteStreetName":"East Adams Street","PreModifier":null,"PreDirectional":"E","PreType":null,"SeparatorElement":null,"StreetName":"Adams","PostType":"St","PostDirectional":null,"PostModifier":null,"SHIELD":null,"HighwayNumber":null,"NavigationDirection":null,"JURISDICTION":"12","FCC":"A40","ACC":"5","SPEED":25,"OneWay":"FT","FromZlev":0,"ToZlev":0,"FromToDirection":null,"ToFromDirection":null,"FromToCost":0.14885124,"ToFromCost":-1,"LeftStateName":"NY","RightStateName":"NY","LeftCountyName":"Onondaga","RightCountyName":"Onondaga","LeftPostal":"13210","RightPostal":"13210","LeftZipName":"Syracuse","RightZipName":"Syracuse","LeftCityTownName":"Syracuse","RightCityTownName":"Syracuse","LeftPlaceName":null,"RightPlaceName":null,"LeftFIPS":"979539","RightFIPS":"979539","GeometryAccuracy":"T","GeometrySource":"NYSDOP Orthoimagery","NameSource":"Tele Atlas","AddressSource":"NYSDP Build","Status":"Active","CLDXF_PreDirectional":"East","CLDXF_PostType":"Street","CLDXF_PostDirectional":null,"Label":"E Adams St","LeftCountry":"US","RightCountry":"US","LeftParity":"O","RightParity":"E","LeftESN":null,"RightESN":null,"LeftIncorporatedMunicipality":"Syracuse","RightIncorporatedMunicipality":"Syracuse","LeftUnincorporatedMunicipality":null,"RightUnincorporatedMunicipality":null,"LeftNeighborhoodCommunity":null,"RightNeighborhoodCommunity":null,"LeftMSAGCommunityName":"SYR","RightMSAGCommunityName":"SYR","DiscrepancyAgencyID":"12577755","Maintenance":null,"LeftMunicipalityType":"1","RightMunicipalityType":"1","LeftFrom_Text":"901","LeftTo_Text":"999","RightFrom_Text":"900","RightTo_Text":"998","CR_USERNAME":null,"CR_DATETIME":null,"AT_USERNAME":"cfargione2","AT_DATETIME":1597662010000,"SP_USERNAME":null,"SP_DATETIME":null,"USERNAME":null,"Shape__Length":99.79228532606984}},{"type":"Feature","id":305768,"geometry":{"type":"LineString","coordinates":[[-76.1378493460758,43.0426865772303],[-76.1378556136215,43.0421003499681]]},"properties":{"OBJECTID":305768,"DateModified":1532367607000,"NYSStreetID":"600063811","LocalID":"12577750","LeftFromPrefixAddressNumber":null,"RightFromPrefixAddressNumber":null,"LeftToPrefixAddressNumber":null,"RightToPrefixAddressNumber":null,"LeftFromAddress":701,"LeftToAddress":709,"RightFromAddress":700,"RightToAddress":708,"CompleteStreetName":"Irving Avenue","PreModifier":null,"PreDirectional":null,"PreType":null,"SeparatorElement":null,"StreetName":"Irving","PostType":"Ave","PostDirectional":null,"PostModifier":null,"SHIELD":null,"HighwayNumber":null,"NavigationDirection":null,"JURISDICTION":"12","FCC":"A41","ACC":"4","SPEED":35,"OneWay":null,"FromZlev":0,"ToZlev":0,"FromToDirection":null,"ToFromDirection":null,"FromToCost":0.06936934,"ToFromCost":0.06936934,"LeftStateName":"NY","RightStateName":"NY","LeftCountyName":"Onondaga","RightCountyName":"Onondaga","LeftPostal":"13210","RightPostal":"13210","LeftZipName":"Syracuse","RightZipName":"Syracuse","LeftCityTownName":"Syracuse","RightCityTownName":"Syracuse","LeftPlaceName":null,"RightPlaceName":null,"LeftFIPS":"979539","RightFIPS":"979539","GeometryAccuracy":"T","GeometrySource":"NYSDOP Orthoimagery","NameSource":"County E911","AddressSource":"NYSDP Build","Status":"Active","CLDXF_PreDirectional":null,"CLDXF_PostType":"Avenue","CLDXF_PostDirectional":null,"Label":"Irving Ave","LeftCountry":"US","RightCountry":"US","LeftParity":"O","RightParity":"E","LeftESN":null,"RightESN":null,"LeftIncorporatedMunicipality":"Syracuse","RightIncorporatedMunicipality":"Syracuse","LeftUnincorporatedMunicipality":null,"RightUnincorporatedMunicipality":null,"LeftNeighborhoodCommunity":null,"RightNeighborhoodCommunity":null,"LeftMSAGCommunityName":"SYR","RightMSAGCommunityName":"SYR","DiscrepancyAgencyID":"12577750","Maintenance":null,"LeftMunicipalityType":"1","RightMunicipalityType":"1","LeftFrom_Text":"701","LeftTo_Text":"709","RightFrom_Text":"700","RightTo_Text":"708","CR_USERNAME":null,"CR_DATETIME":null,"AT_USERNAME":"JLevandowskiII","AT_DATETIME":1616425949000,"SP_USERNAME":null,"SP_DATETIME":null,"USERNAME":null,"Shape__Length":65.10889608143205}},{"type":"Feature","id":305769,"geometry":{"type":"LineString","coordinates":[[-76.1381225713644,43.0421035118448],[-76.1381162175804,43.0420526795372],[-76.138122838164,43.0420123438988],[-76.1381404298722,43.0419797599686],[-76.1381764478235,43.0419603474749],[-76.1382221190709,43.0419564627433],[-76.138269114435,43.0419683769264],[-76.13830229371,43.0419986183388],[-76.1383077716366,43.0420352767251],[-76.1382928524163,43.0420716429308],[-76.1382569287881,43.0420967816956],[-76.1382103026316,43.042104863652],[-76.1381225713644,43.0421035118448]]},"properties":{"OBJECTID":305769,"DateModified":1532367607000,"NYSStreetID":"600063809","LocalID":"13018655","LeftFromPrefixAddressNumber":null,"RightFromPrefixAddressNumber":null,"LeftToPrefixAddressNumber":null,"RightToPrefixAddressNumber":null,"LeftFromAddress":1,"LeftToAddress":49,"RightFromAddress":null,"RightToAddress":null,"CompleteStreetName":"Childrens Circle","PreModifier":null,"PreDirectional":null,"PreType":null,"SeparatorElement":null,"StreetName":"Childrens","PostType":"Cir","PostDirectional":null,"PostModifier":null,"SHIELD":null,"HighwayNumber":null,"NavigationDirection":null,"JURISDICTION":"14","FCC":"A61","ACC":"6","SPEED":15,"OneWay":null,"FromZlev":0,"ToZlev":0,"FromToDirection":null,"ToFromDirection":null,"FromToCost":0.13233215,"ToFromCost":0.13233215,"LeftStateName":"NY","RightStateName":"NY","LeftCountyName":"Onondaga","RightCountyName":"Onondaga","LeftPostal":"13210","RightPostal":"13210","LeftZipName":"Syracuse","RightZipName":"Syracuse","LeftCityTownName":"Syracuse","RightCityTownName":"Syracuse","LeftPlaceName":null,"RightPlaceName":null,"LeftFIPS":"979539","RightFIPS":"979539","GeometryAccuracy":"T","GeometrySource":"NYSDOP Orthoimagery","NameSource":"NAVTEQ","AddressSource":"NAVTEQ","Status":"Active","CLDXF_PreDirectional":null,"CLDXF_PostType":"Circle","CLDXF_PostDirectional":null,"Label":"Childrens Cir","LeftCountry":"US","RightCountry":"US","LeftParity":"O","RightParity":null,"LeftESN":null,"RightESN":null,"LeftIncorporatedMunicipality":"Syracuse","RightIncorporatedMunicipality":"Syracuse","LeftUnincorporatedMunicipality":null,"RightUnincorporatedMunicipality":null,"LeftNeighborhoodCommunity":null,"RightNeighborhoodCommunity":null,"LeftMSAGCommunityName":"SYR","RightMSAGCommunityName":"SYR","DiscrepancyAgencyID":"13018655","Maintenance":null,"LeftMunicipalityType":"1","RightMunicipalityType":"1","LeftFrom_Text":"1","LeftTo_Text":"49","RightFrom_Text":null,"RightTo_Text":null,"CR_USERNAME":null,"CR_DATETIME":null,"AT_USERNAME":"JLevandowskiII","AT_DATETIME":1605273494000,"SP_USERNAME":null,"SP_DATETIME":null,"USERNAME":null,"Shape__Length":53.23062235951693}},{"type":"Feature","id":305770,"geometry":{"type":"LineString","coordinates":[[-76.1381225713644,43.0421035118448],[-76.1378556136215,43.0421003499681]]},"properties":{"OBJECTID":305770,"DateModified":1532367607000,"NYSStreetID":"600063810","LocalID":"13018655","LeftFromPrefixAddressNumber":null,"RightFromPrefixAddressNumber":null,"LeftToPrefixAddressNumber":null,"RightToPrefixAddressNumber":null,"LeftFromAddress":50,"LeftToAddress":99,"RightFromAddress":null,"RightToAddress":null,"CompleteStreetName":"Childrens Circle","PreModifier":null,"PreDirectional":null,"PreType":null,"SeparatorElement":null,"StreetName":"Childrens","PostType":"Cir","PostDirectional":null,"PostModifier":null,"SHIELD":null,"HighwayNumber":null,"NavigationDirection":null,"JURISDICTION":"14","FCC":"A41","ACC":"6","SPEED":15,"OneWay":null,"FromZlev":0,"ToZlev":0,"FromToDirection":null,"ToFromDirection":null,"FromToCost":0.05406985,"ToFromCost":0.05406985,"LeftStateName":"NY","RightStateName":"NY","LeftCountyName":"Onondaga","RightCountyName":"Onondaga","LeftPostal":"13210","RightPostal":"13210","LeftZipName":"Syracuse","RightZipName":"Syracuse","LeftCityTownName":"Syracuse","RightCityTownName":"Syracuse","LeftPlaceName":null,"RightPlaceName":null,"LeftFIPS":"979539","RightFIPS":"979539","GeometryAccuracy":"T","GeometrySource":"NYSDOP Orthoimagery","NameSource":"NAVTEQ","AddressSource":"NAVTEQ","Status":"Active","CLDXF_PreDirectional":null,"CLDXF_PostType":"Circle","CLDXF_PostDirectional":null,"Label":"Childrens Cir","LeftCountry":"US","RightCountry":"US","LeftParity":"B","RightParity":null,"LeftESN":null,"RightESN":null,"LeftIncorporatedMunicipality":"Syracuse","RightIncorporatedMunicipality":"Syracuse","LeftUnincorporatedMunicipality":null,"RightUnincorporatedMunicipality":null,"LeftNeighborhoodCommunity":null,"RightNeighborhoodCommunity":null,"LeftMSAGCommunityName":"SYR","RightMSAGCommunityName":"SYR","DiscrepancyAgencyID":"13018655","Maintenance":null,"LeftMunicipalityType":"1","RightMunicipalityType":"1","LeftFrom_Text":"50","LeftTo_Text":"99","RightFrom_Text":null,"RightTo_Text":null,"CR_USERNAME":null,"CR_DATETIME":null,"AT_USERNAME":"JLevandowskiII","AT_DATETIME":1602247470000,"SP_USERNAME":null,"SP_DATETIME":null,"USERNAME":null,"Shape__Length":21.749553346297244}},{"type":"Feature","id":305771,"geometry":{"type":"LineString","coordinates":[[-76.1392492581566,43.0426846253679],[-76.1378493460758,43.0426865772303]]},"properties":{"OBJECTID":305771,"DateModified":1532367607000,"NYSStreetID":"477437441","LocalID":"12577753","LeftFromPrefixAddressNumber":null,"RightFromPrefixAddressNumber":null,"LeftToPrefixAddressNumber":null,"RightToPrefixAddressNumber":null,"LeftFromAddress":801,"LeftToAddress":899,"RightFromAddress":800,"RightToAddress":898,"CompleteStreetName":"East Adams Street","PreModifier":null,"PreDirectional":"E","PreType":null,"SeparatorElement":null,"StreetName":"Adams","PostType":"St","PostDirectional":null,"PostModifier":null,"SHIELD":null,"HighwayNumber":null,"NavigationDirection":null,"JURISDICTION":"12","FCC":"A30","ACC":"4","SPEED":35,"OneWay":"FT","FromZlev":0,"ToZlev":0,"FromToDirection":null,"ToFromDirection":null,"FromToCost":0.12149987,"ToFromCost":-1,"LeftStateName":"NY","RightStateName":"NY","LeftCountyName":"Onondaga","RightCountyName":"Onondaga","LeftPostal":"13210","RightPostal":"13210","LeftZipName":"Syracuse","RightZipName":"Syracuse","LeftCityTownName":"Syracuse","RightCityTownName":"Syracuse","LeftPlaceName":null,"RightPlaceName":null,"LeftFIPS":"979539","RightFIPS":"979539","GeometryAccuracy":"T","GeometrySource":"NYSDOP Orthoimagery","NameSource":"Tele Atlas","AddressSource":"NYSDP Build","Status":"Active","CLDXF_PreDirectional":"East","CLDXF_PostType":"Street","CLDXF_PostDirectional":null,"Label":"E Adams St","LeftCountry":"US","RightCountry":"US","LeftParity":"O","RightParity":"E","LeftESN":null,"RightESN":null,"LeftIncorporatedMunicipality":"Syracuse","RightIncorporatedMunicipality":"Syracuse","LeftUnincorporatedMunicipality":null,"RightUnincorporatedMunicipality":null,"LeftNeighborhoodCommunity":null,"RightNeighborhoodCommunity":null,"LeftMSAGCommunityName":"SYR","RightMSAGCommunityName":"SYR","DiscrepancyAgencyID":"12577753","Maintenance":null,"LeftMunicipalityType":"1","RightMunicipalityType":"1","LeftFrom_Text":"801","LeftTo_Text":"899","RightFrom_Text":"800","RightTo_Text":"898","CR_USERNAME":null,"CR_DATETIME":null,"AT_USERNAME":"cfargione2","AT_DATETIME":1597662010000,"SP_USERNAME":null,"SP_DATETIME":null,"USERNAME":null,"Shape__Length":114.03776068667321}},{"type":"Feature","id":305772,"geometry":{"type":"LineString","coordinates":[[-76.139221003446,43.044245383204],[-76.1378182670619,43.044226633849]]},"properties":{"OBJECTID":305772,"DateModified":1532367607000,"NYSStreetID":"477436970","LocalID":"12577762","LeftFromPrefixAddressNumber":null,"RightFromPrefixAddressNumber":null,"LeftToPrefixAddressNumber":null,"RightToPrefixAddressNumber":null,"LeftFromAddress":731,"LeftToAddress":799,"RightFromAddress":730,"RightToAddress":798,"CompleteStreetName":"Harrison Street","PreModifier":null,"PreDirectional":null,"PreType":null,"SeparatorElement":null,"StreetName":"Harrison","PostType":"St","PostDirectional":null,"PostModifier":null,"SHIELD":null,"HighwayNumber":null,"NavigationDirection":null,"JURISDICTION":"12","FCC":"A41","ACC":"5","SPEED":25,"OneWay":null,"FromZlev":0,"ToZlev":0,"FromToDirection":null,"ToFromDirection":null,"FromToCost":0.17046672,"ToFromCost":0.17046672,"LeftStateName":"NY","RightStateName":"NY","LeftCountyName":"Onondaga","RightCountyName":"Onondaga","LeftPostal":"13210","RightPostal":"13210","LeftZipName":"Syracuse","RightZipName":"Syracuse","LeftCityTownName":"Syracuse","RightCityTownName":"Syracuse","LeftPlaceName":null,"RightPlaceName":null,"LeftFIPS":"979539","RightFIPS":"979539","GeometryAccuracy":"T","GeometrySource":"NYSDOP Orthoimagery","NameSource":"Tele Atlas","AddressSource":"NYSDP Build","Status":"Active","CLDXF_PreDirectional":null,"CLDXF_PostType":"Street","CLDXF_PostDirectional":null,"Label":"Harrison St","LeftCountry":"US","RightCountry":"US","LeftParity":"O","RightParity":"E","LeftESN":null,"RightESN":null,"LeftIncorporatedMunicipality":"Syracuse","RightIncorporatedMunicipality":"Syracuse","LeftUnincorporatedMunicipality":null,"RightUnincorporatedMunicipality":null,"LeftNeighborhoodCommunity":null,"RightNeighborhoodCommunity":null,"LeftMSAGCommunityName":"SYR","RightMSAGCommunityName":"SYR","DiscrepancyAgencyID":"12577762","Maintenance":null,"LeftMunicipalityType":"1","RightMunicipalityType":"1","LeftFrom_Text":"731","LeftTo_Text":"799","RightFrom_Text":"730","RightTo_Text":"798","CR_USERNAME":null,"CR_DATETIME":null,"AT_USERNAME":"cfargione2","AT_DATETIME":1597662010000,"SP_USERNAME":null,"SP_DATETIME":null,"USERNAME":null,"Shape__Length":114.2837173735022}},{"type":"Feature","id":305773,"geometry":{"type":"LineString","coordinates":[[-76.139221003446,43.044245383204],[-76.1392142382336,43.0435786198196],[-76.1392492581566,43.0426846253679]]},"properties":{"OBJECTID":305773,"DateModified":1532367607000,"NYSStreetID":"477437435","LocalID":"12577752","LeftFromPrefixAddressNumber":null,"RightFromPrefixAddressNumber":null,"LeftToPrefixAddressNumber":null,"RightToPrefixAddressNumber":null,"LeftFromAddress":1,"LeftToAddress":199,"RightFromAddress":2,"RightToAddress":198,"CompleteStreetName":"Elizabeth Blackwell Street","PreModifier":null,"PreDirectional":null,"PreType":null,"SeparatorElement":null,"StreetName":"Elizabeth Blackwell","PostType":"St","PostDirectional":null,"PostModifier":null,"SHIELD":null,"HighwayNumber":null,"NavigationDirection":null,"JURISDICTION":"12","FCC":"A40","ACC":"5","SPEED":25,"OneWay":"TF","FromZlev":0,"ToZlev":0,"FromToDirection":null,"ToFromDirection":null,"FromToCost":-1,"ToFromCost":0.25861861,"LeftStateName":"NY","RightStateName":"NY","LeftCountyName":"Onondaga","RightCountyName":"Onondaga","LeftPostal":"13210","RightPostal":"13210","LeftZipName":"Syracuse","RightZipName":"Syracuse","LeftCityTownName":"Syracuse","RightCityTownName":"Syracuse","LeftPlaceName":null,"RightPlaceName":null,"LeftFIPS":"979539","RightFIPS":"979539","GeometryAccuracy":"T","GeometrySource":"NYSDOP Orthoimagery","NameSource":"Tele Atlas","AddressSource":"NYSDP Build","Status":"Active","CLDXF_PreDirectional":null,"CLDXF_PostType":"Street","CLDXF_PostDirectional":null,"Label":"Elizabeth Blackwell St","LeftCountry":"US","RightCountry":"US","LeftParity":"O","RightParity":"E","LeftESN":null,"RightESN":null,"LeftIncorporatedMunicipality":"Syracuse","RightIncorporatedMunicipality":"Syracuse","LeftUnincorporatedMunicipality":null,"RightUnincorporatedMunicipality":null,"LeftNeighborhoodCommunity":null,"RightNeighborhoodCommunity":null,"LeftMSAGCommunityName":"SYR","RightMSAGCommunityName":"SYR","DiscrepancyAgencyID":"12577752","Maintenance":null,"LeftMunicipalityType":"1","RightMunicipalityType":"1","LeftFrom_Text":"1","LeftTo_Text":"199","RightFrom_Text":"2","RightTo_Text":"198","CR_USERNAME":null,"CR_DATETIME":null,"AT_USERNAME":"mtoonkel1","AT_DATETIME":1676991588000,"SP_USERNAME":null,"SP_DATETIME":null,"USERNAME":null,"Shape__Length":173.38218203946064}},{"type":"Feature","id":305774,"geometry":{"type":"LineString","coordinates":[[-76.1378182670619,43.044226633849],[-76.1365903437303,43.0442096610133]]},"properties":{"OBJECTID":305774,"DateModified":1532367607000,"NYSStreetID":"477436974","LocalID":"12577765","LeftFromPrefixAddressNumber":null,"RightFromPrefixAddressNumber":null,"LeftToPrefixAddressNumber":null,"RightToPrefixAddressNumber":null,"LeftFromAddress":801,"LeftToAddress":899,"RightFromAddress":800,"RightToAddress":898,"CompleteStreetName":"Harrison Street","PreModifier":null,"PreDirectional":null,"PreType":null,"SeparatorElement":null,"StreetName":"Harrison","PostType":"St","PostDirectional":null,"PostModifier":null,"SHIELD":null,"HighwayNumber":null,"NavigationDirection":null,"JURISDICTION":"12","FCC":"A41","ACC":"5","SPEED":25,"OneWay":null,"FromZlev":0,"ToZlev":0,"FromToDirection":null,"ToFromDirection":null,"FromToCost":0.14922433,"ToFromCost":0.14922433,"LeftStateName":"NY","RightStateName":"NY","LeftCountyName":"Onondaga","RightCountyName":"Onondaga","LeftPostal":"13210","RightPostal":"13210","LeftZipName":"Syracuse","RightZipName":"Syracuse","LeftCityTownName":"Syracuse","RightCityTownName":"Syracuse","LeftPlaceName":null,"RightPlaceName":null,"LeftFIPS":"979539","RightFIPS":"979539","GeometryAccuracy":"T","GeometrySource":"NYSDOP Orthoimagery","NameSource":"Tele Atlas","AddressSource":"NYSDP Build","Status":"Active","CLDXF_PreDirectional":null,"CLDXF_PostType":"Street","CLDXF_PostDirectional":null,"Label":"Harrison St","LeftCountry":"US","RightCountry":"US","LeftParity":"O","RightParity":"E","LeftESN":null,"RightESN":null,"LeftIncorporatedMunicipality":"Syracuse","RightIncorporatedMunicipality":"Syracuse","LeftUnincorporatedMunicipality":null,"RightUnincorporatedMunicipality":null,"LeftNeighborhoodCommunity":null,"RightNeighborhoodCommunity":null,"LeftMSAGCommunityName":"SYR","RightMSAGCommunityName":"SYR","DiscrepancyAgencyID":"12577765","Maintenance":null,"LeftMunicipalityType":"1","RightMunicipalityType":"1","LeftFrom_Text":"801","LeftTo_Text":"899","RightFrom_Text":"800","RightTo_Text":"898","CR_USERNAME":null,"CR_DATETIME":null,"AT_USERNAME":"cfargione2","AT_DATETIME":1597662011000,"SP_USERNAME":null,"SP_DATETIME":null,"USERNAME":null,"Shape__Length":100.04250828865172}},{"type":"Feature","id":305775,"geometry":{"type":"LineString","coordinates":[[-76.1378182670619,43.044226633849],[-76.1378493460758,43.0426865772303]]},"properties":{"OBJECTID":305775,"DateModified":1532367607000,"NYSStreetID":"477437433","LocalID":"12577759","LeftFromPrefixAddressNumber":null,"RightFromPrefixAddressNumber":null,"LeftToPrefixAddressNumber":null,"RightToPrefixAddressNumber":null,"LeftFromAddress":601,"LeftToAddress":699,"RightFromAddress":600,"RightToAddress":698,"CompleteStreetName":"Irving Avenue","PreModifier":null,"PreDirectional":null,"PreType":null,"SeparatorElement":null,"StreetName":"Irving","PostType":"Ave","PostDirectional":null,"PostModifier":null,"SHIELD":null,"HighwayNumber":null,"NavigationDirection":null,"JURISDICTION":"12","FCC":"A31","ACC":"4","SPEED":35,"OneWay":null,"FromZlev":0,"ToZlev":0,"FromToDirection":null,"ToFromDirection":null,"FromToCost":0.18225208,"ToFromCost":0.18225208,"LeftStateName":"NY","RightStateName":"NY","LeftCountyName":"Onondaga","RightCountyName":"Onondaga","LeftPostal":"13210","RightPostal":"13210","LeftZipName":"Syracuse","RightZipName":"Syracuse","LeftCityTownName":"Syracuse","RightCityTownName":"Syracuse","LeftPlaceName":null,"RightPlaceName":null,"LeftFIPS":"979539","RightFIPS":"979539","GeometryAccuracy":"T","GeometrySource":"NYSDOP Orthoimagery","NameSource":"Tele Atlas","AddressSource":"NYSDP Build","Status":"Active","CLDXF_PreDirectional":null,"CLDXF_PostType":"Avenue","CLDXF_PostDirectional":null,"Label":"Irving Ave","LeftCountry":"US","RightCountry":"US","LeftParity":"O","RightParity":"E","LeftESN":null,"RightESN":null,"LeftIncorporatedMunicipality":"Syracuse","RightIncorporatedMunicipality":"Syracuse","LeftUnincorporatedMunicipality":null,"RightUnincorporatedMunicipality":null,"LeftNeighborhoodCommunity":null,"RightNeighborhoodCommunity":null,"LeftMSAGCommunityName":"SYR","RightMSAGCommunityName":"SYR","DiscrepancyAgencyID":"12577759","Maintenance":null,"LeftMunicipalityType":"1","RightMunicipalityType":"1","LeftFrom_Text":"601","LeftTo_Text":"699","RightFrom_Text":"600","RightTo_Text":"698","CR_USERNAME":null,"CR_DATETIME":null,"AT_USERNAME":"cfargione2","AT_DATETIME":1597662010000,"SP_USERNAME":null,"SP_DATETIME":null,"USERNAME":null,"Shape__Length":171.05875334873622}},{"type":"Feature","id":305789,"geometry":{"type":"LineString","coordinates":[[-76.1377762438728,43.0453805787122],[-76.1378182670619,43.044226633849]]},"properties":{"OBJECTID":305789,"DateModified":1532367607000,"NYSStreetID":"477436969","LocalID":"12577763","LeftFromPrefixAddressNumber":null,"RightFromPrefixAddressNumber":null,"LeftToPrefixAddressNumber":null,"RightToPrefixAddressNumber":null,"LeftFromAddress":501,"LeftToAddress":599,"RightFromAddress":500,"RightToAddress":598,"CompleteStreetName":"Irving Avenue","PreModifier":null,"PreDirectional":null,"PreType":null,"SeparatorElement":null,"StreetName":"Irving","PostType":"Ave","PostDirectional":null,"PostModifier":null,"SHIELD":null,"HighwayNumber":null,"NavigationDirection":null,"JURISDICTION":"12","FCC":"A31","ACC":"4","SPEED":35,"OneWay":null,"FromZlev":0,"ToZlev":0,"FromToDirection":null,"ToFromDirection":null,"FromToCost":0.13659297,"ToFromCost":0.13659297,"LeftStateName":"NY","RightStateName":"NY","LeftCountyName":"Onondaga","RightCountyName":"Onondaga","LeftPostal":"13210","RightPostal":"13210","LeftZipName":"Syracuse","RightZipName":"Syracuse","LeftCityTownName":"Syracuse","RightCityTownName":"Syracuse","LeftPlaceName":null,"RightPlaceName":null,"LeftFIPS":"979539","RightFIPS":"979539","GeometryAccuracy":"T","GeometrySource":"NYSDOP Orthoimagery","NameSource":"Tele Atlas","AddressSource":"NYSDP Build","Status":"Active","CLDXF_PreDirectional":null,"CLDXF_PostType":"Avenue","CLDXF_PostDirectional":null,"Label":"Irving Ave","LeftCountry":"US","RightCountry":"US","LeftParity":"O","RightParity":"E","LeftESN":null,"RightESN":null,"LeftIncorporatedMunicipality":"Syracuse","RightIncorporatedMunicipality":"Syracuse","LeftUnincorporatedMunicipality":null,"RightUnincorporatedMunicipality":null,"LeftNeighborhoodCommunity":null,"RightNeighborhoodCommunity":null,"LeftMSAGCommunityName":"SYR","RightMSAGCommunityName":"SYR","DiscrepancyAgencyID":"12577763","Maintenance":null,"LeftMunicipalityType":"1","RightMunicipalityType":"1","LeftFrom_Text":"501","LeftTo_Text":"599","RightFrom_Text":"500","RightTo_Text":"598","CR_USERNAME":null,"CR_DATETIME":null,"AT_USERNAME":"cfargione2","AT_DATETIME":1597662011000,"SP_USERNAME":null,"SP_DATETIME":null,"USERNAME":null,"Shape__Length":128.20384930038765}},{"type":"Feature","id":305823,"geometry":{"type":"LineString","coordinates":[[-76.1425228394262,43.0472853755867],[-76.1425343387602,43.0471825962768],[-76.1425321863968,43.0456629698941]]},"properties":{"OBJECTID":305823,"DateModified":1532367607000,"NYSStreetID":"477436548","LocalID":"13017757","LeftFromPrefixAddressNumber":null,"RightFromPrefixAddressNumber":null,"LeftToPrefixAddressNumber":null,"RightToPrefixAddressNumber":null,"LeftFromAddress":null,"LeftToAddress":null,"RightFromAddress":null,"RightToAddress":null,"CompleteStreetName":"Almond Street","PreModifier":null,"PreDirectional":null,"PreType":null,"SeparatorElement":null,"StreetName":"Almond","PostType":"St","PostDirectional":null,"PostModifier":null,"SHIELD":null,"HighwayNumber":null,"NavigationDirection":null,"JURISDICTION":"12","FCC":"A47","ACC":"3","SPEED":25,"OneWay":"FT","FromZlev":0,"ToZlev":0,"FromToDirection":null,"ToFromDirection":null,"FromToCost":0.26882464,"ToFromCost":-1,"LeftStateName":"NY","RightStateName":"NY","LeftCountyName":"Onondaga","RightCountyName":"Onondaga","LeftPostal":"13210","RightPostal":"13202","LeftZipName":"Syracuse","RightZipName":"Syracuse","LeftCityTownName":"Syracuse","RightCityTownName":"Syracuse","LeftPlaceName":null,"RightPlaceName":null,"LeftFIPS":"979539","RightFIPS":"979539","GeometryAccuracy":"T","GeometrySource":"NYSDOP Orthoimagery","NameSource":"Tele Atlas","AddressSource":"Tele Atlas","Status":"Active","CLDXF_PreDirectional":null,"CLDXF_PostType":"Street","CLDXF_PostDirectional":null,"Label":"Almond St","LeftCountry":"US","RightCountry":"US","LeftParity":null,"RightParity":null,"LeftESN":null,"RightESN":null,"LeftIncorporatedMunicipality":"Syracuse","RightIncorporatedMunicipality":"Syracuse","LeftUnincorporatedMunicipality":null,"RightUnincorporatedMunicipality":null,"LeftNeighborhoodCommunity":null,"RightNeighborhoodCommunity":null,"LeftMSAGCommunityName":"SYR","RightMSAGCommunityName":"SYR","DiscrepancyAgencyID":"13017757","Maintenance":null,"LeftMunicipalityType":"1","RightMunicipalityType":"1","LeftFrom_Text":null,"LeftTo_Text":null,"RightFrom_Text":null,"RightTo_Text":null,"CR_USERNAME":null,"CR_DATETIME":null,"AT_USERNAME":"rcoryell","AT_DATETIME":1600167598000,"SP_USERNAME":"JLevandowskiII","SP_DATETIME":1564658727000,"USERNAME":null,"Shape__Length":180.22448549905812}},{"type":"Feature","id":305852,"geometry":{"type":"LineString","coordinates":[[-76.1422008643638,43.046891113871],[-76.1422053379739,43.046192641142]]},"properties":{"OBJECTID":305852,"DateModified":1532367607000,"NYSStreetID":"477436430","LocalID":"12577775","LeftFromPrefixAddressNumber":null,"RightFromPrefixAddressNumber":null,"LeftToPrefixAddressNumber":null,"RightToPrefixAddressNumber":null,"LeftFromAddress":511,"LeftToAddress":599,"RightFromAddress":null,"RightToAddress":null,"CompleteStreetName":"Almond Street","PreModifier":null,"PreDirectional":null,"PreType":null,"SeparatorElement":null,"StreetName":"Almond","PostType":"St","PostDirectional":null,"PostModifier":null,"SHIELD":null,"HighwayNumber":null,"NavigationDirection":null,"JURISDICTION":"12","FCC":"A45","ACC":"3","SPEED":25,"OneWay":"TF","FromZlev":0,"ToZlev":0,"FromToDirection":null,"ToFromDirection":null,"FromToCost":-1,"ToFromCost":0.11571013,"LeftStateName":"NY","RightStateName":"NY","LeftCountyName":"Onondaga","RightCountyName":"Onondaga","LeftPostal":"13210","RightPostal":"13202","LeftZipName":"Syracuse","RightZipName":"Syracuse","LeftCityTownName":"Syracuse","RightCityTownName":"Syracuse","LeftPlaceName":null,"RightPlaceName":null,"LeftFIPS":"979539","RightFIPS":"979539","GeometryAccuracy":"T","GeometrySource":"NYSDOP Orthoimagery","NameSource":"Tele Atlas","AddressSource":"NYSDP Build","Status":"Active","CLDXF_PreDirectional":null,"CLDXF_PostType":"Street","CLDXF_PostDirectional":null,"Label":"Almond St","LeftCountry":"US","RightCountry":"US","LeftParity":"O","RightParity":null,"LeftESN":null,"RightESN":null,"LeftIncorporatedMunicipality":"Syracuse","RightIncorporatedMunicipality":"Syracuse","LeftUnincorporatedMunicipality":null,"RightUnincorporatedMunicipality":null,"LeftNeighborhoodCommunity":null,"RightNeighborhoodCommunity":null,"LeftMSAGCommunityName":"SYR","RightMSAGCommunityName":"SYR","DiscrepancyAgencyID":"12577775","Maintenance":null,"LeftMunicipalityType":"1","RightMunicipalityType":"1","LeftFrom_Text":"511","LeftTo_Text":"599","RightFrom_Text":null,"RightTo_Text":null,"CR_USERNAME":null,"CR_DATETIME":null,"AT_USERNAME":"cfargione2","AT_DATETIME":1595586959000,"SP_USERNAME":"JLevandowskiII","SP_DATETIME":1564572382000,"USERNAME":null,"Shape__Length":77.57394449181076}},{"type":"Feature","id":305858,"geometry":{"type":"LineString","coordinates":[[-76.1399773166433,43.0461736159989],[-76.1386353315252,43.0461586118662],[-76.1377543303698,43.0461345967118]]},"properties":{"OBJECTID":305858,"DateModified":1556110362000,"NYSStreetID":"477436444","LocalID":"12577805","LeftFromPrefixAddressNumber":null,"RightFromPrefixAddressNumber":null,"LeftToPrefixAddressNumber":null,"RightToPrefixAddressNumber":null,"LeftFromAddress":545,"LeftToAddress":599,"RightFromAddress":546,"RightToAddress":598,"CompleteStreetName":"Cedar Street","PreModifier":null,"PreDirectional":null,"PreType":null,"SeparatorElement":null,"StreetName":"Cedar","PostType":"St","PostDirectional":null,"PostModifier":null,"SHIELD":null,"HighwayNumber":null,"NavigationDirection":null,"JURISDICTION":"12","FCC":"A41","ACC":"5","SPEED":25,"OneWay":null,"FromZlev":0,"ToZlev":0,"FromToDirection":null,"ToFromDirection":null,"FromToCost":0.27018675,"ToFromCost":0.27018675,"LeftStateName":"NY","RightStateName":"NY","LeftCountyName":"Onondaga","RightCountyName":"Onondaga","LeftPostal":"13210","RightPostal":"13210","LeftZipName":"Syracuse","RightZipName":"Syracuse","LeftCityTownName":"Syracuse","RightCityTownName":"Syracuse","LeftPlaceName":null,"RightPlaceName":null,"LeftFIPS":"979539","RightFIPS":"979539","GeometryAccuracy":"T","GeometrySource":"NYSDOP Orthoimagery","NameSource":"Tele Atlas","AddressSource":"NYSDP Build","Status":"Active","CLDXF_PreDirectional":null,"CLDXF_PostType":"Street","CLDXF_PostDirectional":null,"Label":"Cedar St","LeftCountry":"US","RightCountry":"US","LeftParity":"O","RightParity":"E","LeftESN":null,"RightESN":null,"LeftIncorporatedMunicipality":"Syracuse","RightIncorporatedMunicipality":"Syracuse","LeftUnincorporatedMunicipality":null,"RightUnincorporatedMunicipality":null,"LeftNeighborhoodCommunity":null,"RightNeighborhoodCommunity":null,"LeftMSAGCommunityName":"SYR","RightMSAGCommunityName":"SYR","DiscrepancyAgencyID":"12577805","Maintenance":null,"LeftMunicipalityType":"1","RightMunicipalityType":"1","LeftFrom_Text":"545","LeftTo_Text":"599","RightFrom_Text":"546","RightTo_Text":"598","CR_USERNAME":null,"CR_DATETIME":null,"AT_USERNAME":"cfargione2","AT_DATETIME":1597659515000,"SP_USERNAME":null,"SP_DATETIME":null,"USERNAME":null,"Shape__Length":181.13764122058114}},{"type":"Feature","id":305859,"geometry":{"type":"LineString","coordinates":[[-76.1425321863968,43.0456629698941],[-76.1425263239912,43.0443793622423]]},"properties":{"OBJECTID":305859,"DateModified":1532367607000,"NYSStreetID":"477436881","LocalID":"13017758","LeftFromPrefixAddressNumber":null,"RightFromPrefixAddressNumber":null,"LeftToPrefixAddressNumber":null,"RightToPrefixAddressNumber":null,"LeftFromAddress":null,"LeftToAddress":null,"RightFromAddress":null,"RightToAddress":null,"CompleteStreetName":"Almond Street","PreModifier":null,"PreDirectional":null,"PreType":null,"SeparatorElement":null,"StreetName":"Almond","PostType":"St","PostDirectional":null,"PostModifier":null,"SHIELD":null,"HighwayNumber":null,"NavigationDirection":null,"JURISDICTION":"12","FCC":"A45","ACC":"3","SPEED":25,"OneWay":"FT","FromZlev":0,"ToZlev":0,"FromToDirection":null,"ToFromDirection":null,"FromToCost":0.21264314,"ToFromCost":-1,"LeftStateName":"NY","RightStateName":"NY","LeftCountyName":"Onondaga","RightCountyName":"Onondaga","LeftPostal":"13210","RightPostal":"13202","LeftZipName":"Syracuse","RightZipName":"Syracuse","LeftCityTownName":"Syracuse","RightCityTownName":"Syracuse","LeftPlaceName":null,"RightPlaceName":null,"LeftFIPS":"979539","RightFIPS":"979539","GeometryAccuracy":"T","GeometrySource":"NYSDOP Orthoimagery","NameSource":"Tele Atlas","AddressSource":"Tele Atlas","Status":"Active","CLDXF_PreDirectional":null,"CLDXF_PostType":"Street","CLDXF_PostDirectional":null,"Label":"Almond St","LeftCountry":"US","RightCountry":"US","LeftParity":null,"RightParity":null,"LeftESN":null,"RightESN":null,"LeftIncorporatedMunicipality":"Syracuse","RightIncorporatedMunicipality":"Syracuse","LeftUnincorporatedMunicipality":null,"RightUnincorporatedMunicipality":null,"LeftNeighborhoodCommunity":null,"RightNeighborhoodCommunity":null,"LeftMSAGCommunityName":"SYR","RightMSAGCommunityName":"SYR","DiscrepancyAgencyID":"13017758","Maintenance":null,"LeftMunicipalityType":"1","RightMunicipalityType":"1","LeftFrom_Text":null,"LeftTo_Text":null,"RightFrom_Text":null,"RightTo_Text":null,"CR_USERNAME":null,"CR_DATETIME":null,"AT_USERNAME":"mtoonkel1","AT_DATETIME":1676276908000,"SP_USERNAME":"JLevandowskiII","SP_DATETIME":1564658718000,"USERNAME":null,"Shape__Length":142.5595369037192}},{"type":"Feature","id":305860,"geometry":{"type":"LineString","coordinates":[[-76.1422073457085,43.0454075740174],[-76.1377762438728,43.0453805787122]]},"properties":{"OBJECTID":305860,"DateModified":1532367607000,"NYSStreetID":"477436640","LocalID":"12577778","LeftFromPrefixAddressNumber":null,"RightFromPrefixAddressNumber":null,"LeftToPrefixAddressNumber":null,"RightToPrefixAddressNumber":null,"LeftFromAddress":501,"LeftToAddress":699,"RightFromAddress":500,"RightToAddress":620,"CompleteStreetName":"Madison Street","PreModifier":null,"PreDirectional":null,"PreType":null,"SeparatorElement":null,"StreetName":"Madison","PostType":"St","PostDirectional":null,"PostModifier":null,"SHIELD":null,"HighwayNumber":null,"NavigationDirection":null,"JURISDICTION":"12","FCC":"A40","ACC":"5","SPEED":25,"OneWay":"FT","FromZlev":0,"ToZlev":0,"FromToDirection":null,"ToFromDirection":null,"FromToCost":0.53840616,"ToFromCost":-1,"LeftStateName":"NY","RightStateName":"NY","LeftCountyName":"Onondaga","RightCountyName":"Onondaga","LeftPostal":"13210","RightPostal":"13210","LeftZipName":"Syracuse","RightZipName":"Syracuse","LeftCityTownName":"Syracuse","RightCityTownName":"Syracuse","LeftPlaceName":null,"RightPlaceName":null,"LeftFIPS":"979539","RightFIPS":"979539","GeometryAccuracy":"T","GeometrySource":"NYSDOP Orthoimagery","NameSource":"Tele Atlas","AddressSource":"NYSDP Build","Status":"Active","CLDXF_PreDirectional":null,"CLDXF_PostType":"Street","CLDXF_PostDirectional":null,"Label":"Madison St","LeftCountry":"US","RightCountry":"US","LeftParity":"O","RightParity":"E","LeftESN":null,"RightESN":null,"LeftIncorporatedMunicipality":"Syracuse","RightIncorporatedMunicipality":"Syracuse","LeftUnincorporatedMunicipality":null,"RightUnincorporatedMunicipality":null,"LeftNeighborhoodCommunity":null,"RightNeighborhoodCommunity":null,"LeftMSAGCommunityName":"SYR","RightMSAGCommunityName":"SYR","DiscrepancyAgencyID":"12577778","Maintenance":null,"LeftMunicipalityType":"1","RightMunicipalityType":"1","LeftFrom_Text":"501","LeftTo_Text":"699","RightFrom_Text":"500","RightTo_Text":"620","CR_USERNAME":null,"CR_DATETIME":null,"AT_USERNAME":"cfargione2","AT_DATETIME":1597662014000,"SP_USERNAME":null,"SP_DATETIME":null,"USERNAME":null,"Shape__Length":360.95648981586714}},{"type":"Feature","id":305861,"geometry":{"type":"LineString","coordinates":[[-76.1422073457085,43.0454075740174],[-76.1422242349342,43.0446636008524],[-76.1422303282068,43.0444295932276],[-76.1422312795226,43.0443815871596]]},"properties":{"OBJECTID":305861,"DateModified":1532367607000,"NYSStreetID":"509998059","LocalID":"12577770","LeftFromPrefixAddressNumber":null,"RightFromPrefixAddressNumber":null,"LeftToPrefixAddressNumber":null,"RightToPrefixAddressNumber":null,"LeftFromAddress":701,"LeftToAddress":799,"RightFromAddress":null,"RightToAddress":null,"CompleteStreetName":"Almond Street","PreModifier":null,"PreDirectional":null,"PreType":null,"SeparatorElement":null,"StreetName":"Almond","PostType":"St","PostDirectional":null,"PostModifier":null,"SHIELD":null,"HighwayNumber":null,"NavigationDirection":null,"JURISDICTION":"12","FCC":"A45","ACC":"3","SPEED":25,"OneWay":"TF","FromZlev":0,"ToZlev":0,"FromToDirection":null,"ToFromDirection":null,"FromToCost":-1,"ToFromCost":0.16998956,"LeftStateName":"NY","RightStateName":"NY","LeftCountyName":"Onondaga","RightCountyName":"Onondaga","LeftPostal":"13210","RightPostal":"13202","LeftZipName":"Syracuse","RightZipName":"Syracuse","LeftCityTownName":"Syracuse","RightCityTownName":"Syracuse","LeftPlaceName":null,"RightPlaceName":null,"LeftFIPS":"979539","RightFIPS":"979539","GeometryAccuracy":"T","GeometrySource":"NYSDOP Orthoimagery","NameSource":"Tele Atlas","AddressSource":"NYSDP Build","Status":"Active","CLDXF_PreDirectional":null,"CLDXF_PostType":"Street","CLDXF_PostDirectional":null,"Label":"Almond St","LeftCountry":"US","RightCountry":"US","LeftParity":"O","RightParity":null,"LeftESN":null,"RightESN":null,"LeftIncorporatedMunicipality":"Syracuse","RightIncorporatedMunicipality":"Syracuse","LeftUnincorporatedMunicipality":null,"RightUnincorporatedMunicipality":null,"LeftNeighborhoodCommunity":null,"RightNeighborhoodCommunity":null,"LeftMSAGCommunityName":"SYR","RightMSAGCommunityName":"SYR","DiscrepancyAgencyID":"12577770","Maintenance":null,"LeftMunicipalityType":"1","RightMunicipalityType":"1","LeftFrom_Text":"701","LeftTo_Text":"799","RightFrom_Text":null,"RightTo_Text":null,"CR_USERNAME":null,"CR_DATETIME":null,"AT_USERNAME":"rcoryell","AT_DATETIME":1600167637000,"SP_USERNAME":"JLevandowskiII","SP_DATETIME":1564485260000,"USERNAME":null,"Shape__Length":113.96386240866246}},{"type":"Feature","id":305862,"geometry":{"type":"LineString","coordinates":[[-76.1430134686917,43.0448318204033],[-76.1434360963884,43.0448576650945],[-76.1441044034339,43.0448720209172],[-76.1441579726693,43.0448880180018],[-76.1441934480382,43.0449108059783]]},"properties":{"OBJECTID":305862,"DateModified":1532367607000,"NYSStreetID":"800032455","LocalID":"13029803","LeftFromPrefixAddressNumber":null,"RightFromPrefixAddressNumber":null,"LeftToPrefixAddressNumber":null,"RightToPrefixAddressNumber":null,"LeftFromAddress":null,"LeftToAddress":null,"RightFromAddress":null,"RightToAddress":null,"CompleteStreetName":"Presidential Plaza","PreModifier":null,"PreDirectional":null,"PreType":null,"SeparatorElement":null,"StreetName":"Presidential","PostType":"Plz","PostDirectional":null,"PostModifier":null,"SHIELD":null,"HighwayNumber":null,"NavigationDirection":null,"JURISDICTION":"14","FCC":"A74","ACC":"6","SPEED":5,"OneWay":null,"FromZlev":0,"ToZlev":0,"FromToDirection":null,"ToFromDirection":null,"FromToCost":0.72761217,"ToFromCost":0.72761217,"LeftStateName":"NY","RightStateName":"NY","LeftCountyName":"Onondaga","RightCountyName":"Onondaga","LeftPostal":"13202","RightPostal":"13202","LeftZipName":"Syracuse","RightZipName":"Syracuse","LeftCityTownName":"Syracuse","RightCityTownName":"Syracuse","LeftPlaceName":null,"RightPlaceName":null,"LeftFIPS":"979539","RightFIPS":"979539","GeometryAccuracy":"T","GeometrySource":"NYSDOP Orthoimagery","NameSource":"NAVTEQ","AddressSource":"NAVTEQ","Status":"Active","CLDXF_PreDirectional":null,"CLDXF_PostType":"Plaza","CLDXF_PostDirectional":null,"Label":"Presidential Plz","LeftCountry":"US","RightCountry":"US","LeftParity":null,"RightParity":null,"LeftESN":null,"RightESN":null,"LeftIncorporatedMunicipality":"Syracuse","RightIncorporatedMunicipality":"Syracuse","LeftUnincorporatedMunicipality":null,"RightUnincorporatedMunicipality":null,"LeftNeighborhoodCommunity":null,"RightNeighborhoodCommunity":null,"LeftMSAGCommunityName":"SYR","RightMSAGCommunityName":"SYR","DiscrepancyAgencyID":"13029803","Maintenance":null,"LeftMunicipalityType":"1","RightMunicipalityType":"1","LeftFrom_Text":null,"LeftTo_Text":null,"RightFrom_Text":null,"RightTo_Text":null,"CR_USERNAME":null,"CR_DATETIME":null,"AT_USERNAME":"JLevandowskiII","AT_DATETIME":1646317367000,"SP_USERNAME":null,"SP_DATETIME":null,"USERNAME":null,"Shape__Length":97.56062382674276}},{"type":"Feature","id":305863,"geometry":{"type":"LineString","coordinates":[[-76.1425977167001,43.0458345433682],[-76.1425321863968,43.0456629698941]]},"properties":{"OBJECTID":305863,"DateModified":1532367607000,"NYSStreetID":"477436549","LocalID":"13017754","LeftFromPrefixAddressNumber":null,"RightFromPrefixAddressNumber":null,"LeftToPrefixAddressNumber":null,"RightToPrefixAddressNumber":null,"LeftFromAddress":null,"LeftToAddress":null,"RightFromAddress":null,"RightToAddress":null,"CompleteStreetName":"Exit Interstate 81 to Almond Street Southbound","PreModifier":"Exit","PreDirectional":null,"PreType":"Interstate","SeparatorElement":null,"StreetName":"81 to Almond","PostType":"St","PostDirectional":null,"PostModifier":"Southbound","SHIELD":null,"HighwayNumber":null,"NavigationDirection":null,"JURISDICTION":"01","FCC":"A63","ACC":"3","SPEED":45,"OneWay":"FT","FromZlev":0,"ToZlev":0,"FromToDirection":null,"ToFromDirection":null,"FromToCost":0.01639829,"ToFromCost":-1,"LeftStateName":"NY","RightStateName":"NY","LeftCountyName":"Onondaga","RightCountyName":"Onondaga","LeftPostal":"13210","RightPostal":"13202","LeftZipName":"Syracuse","RightZipName":"Syracuse","LeftCityTownName":"Syracuse","RightCityTownName":"Syracuse","LeftPlaceName":null,"RightPlaceName":null,"LeftFIPS":"979539","RightFIPS":"979539","GeometryAccuracy":"F","GeometrySource":"Tele Atlas","NameSource":"Tele Atlas","AddressSource":"Tele Atlas","Status":"Active","CLDXF_PreDirectional":null,"CLDXF_PostType":"Street","CLDXF_PostDirectional":null,"Label":"Exit Interstate 81 to Almond St Southbound","LeftCountry":"US","RightCountry":"US","LeftParity":null,"RightParity":null,"LeftESN":null,"RightESN":null,"LeftIncorporatedMunicipality":"Syracuse","RightIncorporatedMunicipality":"Syracuse","LeftUnincorporatedMunicipality":null,"RightUnincorporatedMunicipality":null,"LeftNeighborhoodCommunity":null,"RightNeighborhoodCommunity":null,"LeftMSAGCommunityName":"SYR","RightMSAGCommunityName":"SYR","DiscrepancyAgencyID":"13017754","Maintenance":null,"LeftMunicipalityType":"1","RightMunicipalityType":"1","LeftFrom_Text":null,"LeftTo_Text":null,"RightFrom_Text":null,"RightTo_Text":null,"CR_USERNAME":null,"CR_DATETIME":null,"AT_USERNAME":"mtoonkel1","AT_DATETIME":1785151562000,"SP_USERNAME":"JLevandowskiII","SP_DATETIME":1564658737000,"USERNAME":null,"Shape__Length":19.788647070313655}},{"type":"Feature","id":305864,"geometry":{"type":"LineString","coordinates":[[-76.1425977167001,43.0458345433682],[-76.1426062902212,43.0467303274537]]},"properties":{"OBJECTID":305864,"DateModified":1532367607000,"NYSStreetID":"508421383","LocalID":"13017750","LeftFromPrefixAddressNumber":null,"RightFromPrefixAddressNumber":null,"LeftToPrefixAddressNumber":null,"RightToPrefixAddressNumber":null,"LeftFromAddress":8487,"LeftToAddress":8493,"RightFromAddress":8486,"RightToAddress":8492,"CompleteStreetName":"Interstate 81 Southbound","PreModifier":null,"PreDirectional":null,"PreType":"Interstate","SeparatorElement":null,"StreetName":"81","PostType":null,"PostDirectional":null,"PostModifier":"Southbound","SHIELD":"I","HighwayNumber":"81","NavigationDirection":"S","JURISDICTION":"01","FCC":"A15","ACC":"1","SPEED":65,"OneWay":"TF","FromZlev":1,"ToZlev":1,"FromToDirection":null,"ToFromDirection":"S","FromToCost":-1,"ToFromCost":0.05707654,"LeftStateName":"NY","RightStateName":"NY","LeftCountyName":"Onondaga","RightCountyName":"Onondaga","LeftPostal":"13202","RightPostal":"13210","LeftZipName":"Syracuse","RightZipName":"Syracuse","LeftCityTownName":"Syracuse","RightCityTownName":"Syracuse","LeftPlaceName":null,"RightPlaceName":null,"LeftFIPS":"979539","RightFIPS":"979539","GeometryAccuracy":"T","GeometrySource":"NYSDOP Orthoimagery","NameSource":"County E911","AddressSource":"County E911","Status":"Active","CLDXF_PreDirectional":null,"CLDXF_PostType":null,"CLDXF_PostDirectional":null,"Label":"Interstate 81 Southbound","LeftCountry":"US","RightCountry":"US","LeftParity":"O","RightParity":"E","LeftESN":null,"RightESN":null,"LeftIncorporatedMunicipality":"Syracuse","RightIncorporatedMunicipality":"Syracuse","LeftUnincorporatedMunicipality":null,"RightUnincorporatedMunicipality":null,"LeftNeighborhoodCommunity":null,"RightNeighborhoodCommunity":null,"LeftMSAGCommunityName":"SYR","RightMSAGCommunityName":"SYR","DiscrepancyAgencyID":"13017750","Maintenance":null,"LeftMunicipalityType":"1","RightMunicipalityType":"1","LeftFrom_Text":"8487","LeftTo_Text":"8493","RightFrom_Text":"8486","RightTo_Text":"8492","CR_USERNAME":null,"CR_DATETIME":null,"AT_USERNAME":"rcoryell","AT_DATETIME":1600700231000,"SP_USERNAME":"JLevandowskiII","SP_DATETIME":1564572287000,"USERNAME":null,"Shape__Length":99.48914174009396}},{"type":"Feature","id":305866,"geometry":{"type":"LineString","coordinates":[[-76.1427453251726,43.0461206134159],[-76.1425977167001,43.0458345433682]]},"properties":{"OBJECTID":305866,"DateModified":1532367607000,"NYSStreetID":"477436512","LocalID":"13017754","LeftFromPrefixAddressNumber":null,"RightFromPrefixAddressNumber":null,"LeftToPrefixAddressNumber":null,"RightToPrefixAddressNumber":null,"LeftFromAddress":null,"LeftToAddress":null,"RightFromAddress":null,"RightToAddress":null,"CompleteStreetName":"Exit Interstate 81 to Almond Street Southbound","PreModifier":"Exit","PreDirectional":null,"PreType":"Interstate","SeparatorElement":null,"StreetName":"81 to Almond","PostType":"St","PostDirectional":null,"PostModifier":"Southbound","SHIELD":null,"HighwayNumber":null,"NavigationDirection":null,"JURISDICTION":"01","FCC":"A63","ACC":"3","SPEED":45,"OneWay":"FT","FromZlev":1,"ToZlev":0,"FromToDirection":null,"ToFromDirection":null,"FromToCost":0.02815023,"ToFromCost":-1,"LeftStateName":"NY","RightStateName":"NY","LeftCountyName":"Onondaga","RightCountyName":"Onondaga","LeftPostal":"13210","RightPostal":"13202","LeftZipName":"Syracuse","RightZipName":"Syracuse","LeftCityTownName":"Syracuse","RightCityTownName":"Syracuse","LeftPlaceName":null,"RightPlaceName":null,"LeftFIPS":"979539","RightFIPS":"979539","GeometryAccuracy":"F","GeometrySource":"Tele Atlas","NameSource":"Tele Atlas","AddressSource":"Tele Atlas","Status":"Active","CLDXF_PreDirectional":null,"CLDXF_PostType":"Street","CLDXF_PostDirectional":null,"Label":"Exit Interstate 81 to Almond St Southbound","LeftCountry":"US","RightCountry":"US","LeftParity":null,"RightParity":null,"LeftESN":null,"RightESN":null,"LeftIncorporatedMunicipality":"Syracuse","RightIncorporatedMunicipality":"Syracuse","LeftUnincorporatedMunicipality":null,"RightUnincorporatedMunicipality":null,"LeftNeighborhoodCommunity":null,"RightNeighborhoodCommunity":null,"LeftMSAGCommunityName":"SYR","RightMSAGCommunityName":"SYR","DiscrepancyAgencyID":"13017754","Maintenance":null,"LeftMunicipalityType":"1","RightMunicipalityType":"1","LeftFrom_Text":null,"LeftTo_Text":null,"RightFrom_Text":null,"RightTo_Text":null,"CR_USERNAME":null,"CR_DATETIME":null,"AT_USERNAME":"mtoonkel1","AT_DATETIME":1785151543000,"SP_USERNAME":"JLevandowskiII","SP_DATETIME":1564572274000,"USERNAME":null,"Shape__Length":33.97026071524654}},{"type":"Feature","id":305867,"geometry":{"type":"LineString","coordinates":[[-76.1422053379739,43.046192641142],[-76.1399773166433,43.0461736159989]]},"properties":{"OBJECTID":305867,"DateModified":1556110362000,"NYSStreetID":"800032777","LocalID":"12577777","LeftFromPrefixAddressNumber":null,"RightFromPrefixAddressNumber":null,"LeftToPrefixAddressNumber":null,"RightToPrefixAddressNumber":null,"LeftFromAddress":501,"LeftToAddress":543,"RightFromAddress":500,"RightToAddress":544,"CompleteStreetName":"Cedar Street","PreModifier":null,"PreDirectional":null,"PreType":null,"SeparatorElement":null,"StreetName":"Cedar","PostType":"St","PostDirectional":null,"PostModifier":null,"SHIELD":null,"HighwayNumber":null,"NavigationDirection":null,"JURISDICTION":"12","FCC":"A41","ACC":"5","SPEED":25,"OneWay":null,"FromZlev":0,"ToZlev":0,"FromToDirection":null,"ToFromDirection":null,"FromToCost":0.27072387,"ToFromCost":0.27072387,"LeftStateName":"NY","RightStateName":"NY","LeftCountyName":"Onondaga","RightCountyName":"Onondaga","LeftPostal":"13210","RightPostal":"13210","LeftZipName":"Syracuse","RightZipName":"Syracuse","LeftCityTownName":"Syracuse","RightCityTownName":"Syracuse","LeftPlaceName":null,"RightPlaceName":null,"LeftFIPS":"979539","RightFIPS":"979539","GeometryAccuracy":"T","GeometrySource":"NYSDOP Orthoimagery","NameSource":"Tele Atlas","AddressSource":"NYSDP Build","Status":"Active","CLDXF_PreDirectional":null,"CLDXF_PostType":"Street","CLDXF_PostDirectional":null,"Label":"Cedar St","LeftCountry":"US","RightCountry":"US","LeftParity":"O","RightParity":"E","LeftESN":null,"RightESN":null,"LeftIncorporatedMunicipality":"Syracuse","RightIncorporatedMunicipality":"Syracuse","LeftUnincorporatedMunicipality":null,"RightUnincorporatedMunicipality":null,"LeftNeighborhoodCommunity":null,"RightNeighborhoodCommunity":null,"LeftMSAGCommunityName":"SYR","RightMSAGCommunityName":"SYR","DiscrepancyAgencyID":"12577777","Maintenance":null,"LeftMunicipalityType":"1","RightMunicipalityType":"1","LeftFrom_Text":"501","LeftTo_Text":"543","RightFrom_Text":"500","RightTo_Text":"544","CR_USERNAME":null,"CR_DATETIME":null,"AT_USERNAME":"cfargione2","AT_DATETIME":1597659515000,"SP_USERNAME":null,"SP_DATETIME":null,"USERNAME":null,"Shape__Length":181.4978311808765}},{"type":"Feature","id":305868,"geometry":{"type":"LineString","coordinates":[[-76.1422053379739,43.046192641142],[-76.1422073457085,43.0454075740174]]},"properties":{"OBJECTID":305868,"DateModified":1532367607000,"NYSStreetID":"477436631","LocalID":"12577772","LeftFromPrefixAddressNumber":null,"RightFromPrefixAddressNumber":null,"LeftToPrefixAddressNumber":null,"RightToPrefixAddressNumber":null,"LeftFromAddress":601,"LeftToAddress":699,"RightFromAddress":null,"RightToAddress":null,"CompleteStreetName":"Almond Street","PreModifier":null,"PreDirectional":null,"PreType":null,"SeparatorElement":null,"StreetName":"Almond","PostType":"St","PostDirectional":null,"PostModifier":null,"SHIELD":null,"HighwayNumber":null,"NavigationDirection":null,"JURISDICTION":"12","FCC":"A45","ACC":"3","SPEED":25,"OneWay":"TF","FromZlev":0,"ToZlev":0,"FromToDirection":null,"ToFromDirection":null,"FromToCost":-1,"ToFromCost":0.13005412,"LeftStateName":"NY","RightStateName":"NY","LeftCountyName":"Onondaga","RightCountyName":"Onondaga","LeftPostal":"13210","RightPostal":"13210","LeftZipName":"Syracuse","RightZipName":"Syracuse","LeftCityTownName":"Syracuse","RightCityTownName":"Syracuse","LeftPlaceName":null,"RightPlaceName":null,"LeftFIPS":"979539","RightFIPS":"979539","GeometryAccuracy":"T","GeometrySource":"NYSDOP Orthoimagery","NameSource":"Tele Atlas","AddressSource":"NYSDP Build","Status":"Active","CLDXF_PreDirectional":null,"CLDXF_PostType":"Street","CLDXF_PostDirectional":null,"Label":"Almond St","LeftCountry":"US","RightCountry":"US","LeftParity":"O","RightParity":null,"LeftESN":null,"RightESN":null,"LeftIncorporatedMunicipality":"Syracuse","RightIncorporatedMunicipality":"Syracuse","LeftUnincorporatedMunicipality":null,"RightUnincorporatedMunicipality":null,"LeftNeighborhoodCommunity":null,"RightNeighborhoodCommunity":null,"LeftMSAGCommunityName":"SYR","RightMSAGCommunityName":"SYR","DiscrepancyAgencyID":"12577772","Maintenance":null,"LeftMunicipalityType":"1","RightMunicipalityType":"1","LeftFrom_Text":"601","LeftTo_Text":"699","RightFrom_Text":null,"RightTo_Text":null,"CR_USERNAME":null,"CR_DATETIME":null,"AT_USERNAME":"rcoryell","AT_DATETIME":1600167627000,"SP_USERNAME":null,"SP_DATETIME":null,"USERNAME":null,"Shape__Length":87.1904921872042}},{"type":"Feature","id":305879,"geometry":{"type":"LineString","coordinates":[[-76.1441934480382,43.0449108059783],[-76.1441994496826,43.0449146629497],[-76.144224595324,43.0449444702729],[-76.1442700608572,43.0449650595925],[-76.1443481738627,43.0449778043268],[-76.1451004293698,43.0449772574581]]},"properties":{"OBJECTID":305879,"DateModified":1555434874000,"NYSStreetID":"600008986","LocalID":"13029802","LeftFromPrefixAddressNumber":null,"RightFromPrefixAddressNumber":null,"LeftToPrefixAddressNumber":null,"RightToPrefixAddressNumber":null,"LeftFromAddress":81,"LeftToAddress":99,"RightFromAddress":80,"RightToAddress":98,"CompleteStreetName":"Presidential Plaza","PreModifier":null,"PreDirectional":null,"PreType":null,"SeparatorElement":null,"StreetName":"Presidential","PostType":"Plz","PostDirectional":null,"PostModifier":null,"SHIELD":null,"HighwayNumber":null,"NavigationDirection":null,"JURISDICTION":"14","FCC":"A74","ACC":"6","SPEED":5,"OneWay":null,"FromZlev":0,"ToZlev":0,"FromToDirection":null,"ToFromDirection":null,"FromToCost":0.57196348,"ToFromCost":0.57196348,"LeftStateName":"NY","RightStateName":"NY","LeftCountyName":"Onondaga","RightCountyName":"Onondaga","LeftPostal":"13202","RightPostal":"13202","LeftZipName":"Syracuse","RightZipName":"Syracuse","LeftCityTownName":"Syracuse","RightCityTownName":"Syracuse","LeftPlaceName":null,"RightPlaceName":null,"LeftFIPS":"979539","RightFIPS":"979539","GeometryAccuracy":"T","GeometrySource":"NYSDOP Orthoimagery","NameSource":"NAVTEQ","AddressSource":"NAVTEQ","Status":"Active","CLDXF_PreDirectional":null,"CLDXF_PostType":"Plaza","CLDXF_PostDirectional":null,"Label":"Presidential Plz","LeftCountry":"US","RightCountry":"US","LeftParity":"O","RightParity":"E","LeftESN":null,"RightESN":null,"LeftIncorporatedMunicipality":"Syracuse","RightIncorporatedMunicipality":"Syracuse","LeftUnincorporatedMunicipality":null,"RightUnincorporatedMunicipality":null,"LeftNeighborhoodCommunity":null,"RightNeighborhoodCommunity":null,"LeftMSAGCommunityName":"SYR","RightMSAGCommunityName":"SYR","DiscrepancyAgencyID":"13029802","Maintenance":null,"LeftMunicipalityType":"1","RightMunicipalityType":"1","LeftFrom_Text":"81","LeftTo_Text":"99","RightFrom_Text":"80","RightTo_Text":"98","CR_USERNAME":null,"CR_DATETIME":null,"AT_USERNAME":"JLevandowskiII","AT_DATETIME":1646317366000,"SP_USERNAME":null,"SP_DATETIME":null,"USERNAME":null,"Shape__Length":76.69081365422662}}]}